img,label
/home/data_science/geo_testing/Classification_root/LC_org/LC/PO/Purchase_Order_By_Opener_154_1.png,0
/home/data_science/geo_testing/Classification_root/LC_org/LC/OTHERS/Insurance_Certificate_21_page_4.png,2
/home/data_science/geo_testing/Classification_root/LC_org/LC/PI/Proforma_Invoice_520_0.png,1
/home/data_science/geo_testing/Classification_root/LC_org/LC/PO/Purchase_Order_517_4.png,0
/home/data_science/geo_testing/Classification_root/LC_org/LC/OTHERS/Packing_List_978_page_7.png,2
/home/data_science/geo_testing/Classification_root/LC_org/LC/OTHERS/Covering_Schedule_123_page_0.png,2
/home/data_science/geo_testing/Classification_root/LC_org/LC/PI/Proforma_Invoice_476_2.png,1
/home/data_science/geo_testing/Classification_root/LC_org/LC/PI/Proforma_Invoice_164_0.png,1
/home/data_science/geo_testing/Classification_root/LC_org/LC/PO/Purchase_Order_By_Opener_377_0.png,0
/home/data_science/geo_testing/Classification_root/LC_org/LC/OTHERS/Bill_Of_Landing_416_page_3.png,2
/home/data_science/geo_testing/Classification_root/LC_org/LC/PO/Purchase_Order_247_0.png,0
/home/data_science/geo_testing/Classification_root/LC_org/LC/PO/Purchase_Order_453_3.png,0
/home/data_science/geo_testing/Classification_root/LC_org/LC/PO/Purchase_Order_By_Opener_68_0.png,0
/home/data_science/geo_testing/Classification_root/LC_org/LC/OTHERS/Covering_Schedule_274_page_0.png,2
/home/data_science/geo_testing/Classification_root/LC_org/LC/OTHERS/Certificate_Of_Origin_623_page_12.png,2
/home/data_science/geo_testing/Classification_root/LC_org/LC/PO/Purchase_Order_By_Opener_560_1.png,0
/home/data_science/geo_testing/Classification_root/LC_org/LC/PO/Purchase_Order_61_0.png,0
/home/data_science/geo_testing/Classification_root/LC_org/LC/OTHERS/Covering_Schedule_38_page_4.png,2
/home/data_science/geo_testing/Classification_root/LC_org/LC/PO/Purchase_Order_408_0.png,0
/home/data_science/geo_testing/Classification_root/LC_org/LC/PI/Proforma_Invoice_451_0.png,1
/home/data_science/geo_testing/Classification_root/LC_org/LC/OTHERS/Covering_Schedule_616_page_0.png,2
/home/data_science/geo_testing/Classification_root/LC_org/LC/PO/Purchase_Order_164_4.png,0
/home/data_science/geo_testing/Classification_root/LC_org/LC/OTHERS/Covering_Schedule_73_page_0.png,2
/home/data_science/geo_testing/Classification_root/LC_org/LC/PI/Proforma_Invoice_272_0.png,1
/home/data_science/geo_testing/Classification_root/LC_org/LC/PI/Proforma_Invoice_201_1.png,1
/home/data_science/geo_testing/Classification_root/LC_org/LC/OTHERS/Packing_List_417_page_1.png,2
/home/data_science/geo_testing/Classification_root/LC_org/LC/OTHERS/Covering_Schedule_708_page_0.png,2
/home/data_science/geo_testing/Classification_root/LC_org/LC/OTHERS/Certificate_Of_Origin_756_page_3.png,2
/home/data_science/geo_testing/Classification_root/LC_org/LC/OTHERS/Packing_List_392_page_302.png,2
/home/data_science/geo_testing/Classification_root/LC_org/LC/OTHERS/Packing_List_568_page_25.png,2
/home/data_science/geo_testing/Classification_root/LC_org/LC/OTHERS/Bill_Of_Landing_383_page_2.png,2
/home/data_science/geo_testing/Classification_root/LC_org/LC/OTHERS/Covering_Schedule_397_page_1.png,2
/home/data_science/geo_testing/Classification_root/LC_org/LC/OTHERS/Insurance_Certificate_31_page_1.png,2
/home/data_science/geo_testing/Classification_root/LC_org/LC/OTHERS/Certificate_Of_Origin_778_page_3.png,2
/home/data_science/geo_testing/Classification_root/LC_org/LC/PO/Purchase_Order_By_Opener_541_0.png,0
/home/data_science/geo_testing/Classification_root/LC_org/LC/OTHERS/Insurance_Certificate_0_page_12.png,2
/home/data_science/geo_testing/Classification_root/LC_org/LC/OTHERS/Certificate_Of_Origin_552_page_1.png,2
/home/data_science/geo_testing/Classification_root/LC_org/LC/OTHERS/Certificate_Of_Origin_122_page_1.png,2
/home/data_science/geo_testing/Classification_root/LC_org/LC/PI/Proforma_Invoice_188_0.png,1
/home/data_science/geo_testing/Classification_root/LC_org/LC/OTHERS/Covering_Schedule_587_page_0.png,2
/home/data_science/geo_testing/Classification_root/LC_org/LC/OTHERS/Covering_Schedule_965_page_2.png,2
/home/data_science/geo_testing/Classification_root/LC_org/LC/PI/Proforma_Invoice_282_0.png,1
/home/data_science/geo_testing/Classification_root/LC_org/LC/OTHERS/Covering_Schedule_499_page_0.png,2
/home/data_science/geo_testing/Classification_root/LC_org/LC/OTHERS/Insurance_Certificate_21_page_3.png,2
/home/data_science/geo_testing/Classification_root/LC_org/LC/OTHERS/Packing_List_392_page_206.png,2
/home/data_science/geo_testing/Classification_root/LC_org/LC/PO/Purchase_Order_By_Opener_24_0.png,0
/home/data_science/geo_testing/Classification_root/LC_org/LC/OTHERS/Packing_List_392_page_258.png,2
/home/data_science/geo_testing/Classification_root/LC_org/LC/OTHERS/Certificate_Of_Origin_294_page_6.png,2
/home/data_science/geo_testing/Classification_root/LC_org/LC/PO/Purchase_Order_274_0.png,0
/home/data_science/geo_testing/Classification_root/LC_org/LC/OTHERS/Packing_List_392_page_209.png,2
/home/data_science/geo_testing/Classification_root/LC_org/LC/OTHERS/Covering_Schedule_8_page_4.png,2
/home/data_science/geo_testing/Classification_root/LC_org/LC/OTHERS/Covering_Schedule_748_page_3.png,2
/home/data_science/geo_testing/Classification_root/LC_org/LC/OTHERS/Bill_Of_Landing_562_page_34.png,2
/home/data_science/geo_testing/Classification_root/LC_org/LC/PO/Purchase_Order_By_Opener_429_0.png,0
/home/data_science/geo_testing/Classification_root/LC_org/LC/OTHERS/Covering_Schedule_62_page_0.png,2
/home/data_science/geo_testing/Classification_root/LC_org/LC/PI/Proforma_Invoice_399_0.png,1
/home/data_science/geo_testing/Classification_root/LC_org/LC/PO/Purchase_Order_By_Opener_508_0.png,0
/home/data_science/geo_testing/Classification_root/LC_org/LC/OTHERS/Covering_Schedule_878_page_0.png,2
/home/data_science/geo_testing/Classification_root/LC_org/LC/OTHERS/Covering_Schedule_254_page_15.png,2
/home/data_science/geo_testing/Classification_root/LC_org/LC/PI/Proforma_Invoice_83_0.png,1
/home/data_science/geo_testing/Classification_root/LC_org/LC/OTHERS/Bill_Of_Landing_711_page_3.png,2
/home/data_science/geo_testing/Classification_root/LC_org/LC/OTHERS/Covering_Schedule_778_page_8.png,2
/home/data_science/geo_testing/Classification_root/LC_org/LC/OTHERS/Insurance_Certificate_1_page_10.png,2
/home/data_science/geo_testing/Classification_root/LC_org/LC/OTHERS/Foreign_Bank_Covering_Schedule_55_page_5.png,2
/home/data_science/geo_testing/Classification_root/LC_org/LC/PO/Purchase_Order_125_1.png,0
/home/data_science/geo_testing/Classification_root/LC_org/LC/PO/Purchase_Order_By_Opener_466_0.png,0
/home/data_science/geo_testing/Classification_root/LC_org/LC/PO/Purchase_Order_By_Opener_401_0.png,0
/home/data_science/geo_testing/Classification_root/LC_org/LC/PO/Purchase_Order_299_0.png,0
/home/data_science/geo_testing/Classification_root/LC_org/LC/OTHERS/Insurance_Certificate_20_page_11.png,2
/home/data_science/geo_testing/Classification_root/LC_org/LC/OTHERS/Bill_Of_Landing_617_page_3.png,2
/home/data_science/geo_testing/Classification_root/LC_org/LC/OTHERS/Covering_Schedule_996_page_0.png,2
/home/data_science/geo_testing/Classification_root/LC_org/LC/OTHERS/Covering_Schedule_297_page_0.png,2
/home/data_science/geo_testing/Classification_root/LC_org/LC/OTHERS/Packing_List_392_page_207.png,2
/home/data_science/geo_testing/Classification_root/LC_org/LC/OTHERS/Covering_Schedule_127_page_5.png,2
/home/data_science/geo_testing/Classification_root/LC_org/LC/OTHERS/Covering_Schedule_584_page_1.png,2
/home/data_science/geo_testing/Classification_root/LC_org/LC/OTHERS/Packing_List_617_page_39.png,2
/home/data_science/geo_testing/Classification_root/LC_org/LC/OTHERS/Covering_Schedule_261_page_3.png,2
/home/data_science/geo_testing/Classification_root/LC_org/LC/OTHERS/Certificate_Of_Origin_191_page_2.png,2
/home/data_science/geo_testing/Classification_root/LC_org/LC/OTHERS/Covering_Schedule_471_page_1.png,2
/home/data_science/geo_testing/Classification_root/LC_org/LC/PO/Purchase_Order_102_0.png,0
/home/data_science/geo_testing/Classification_root/LC_org/LC/OTHERS/Certificate_Of_Origin_314_page_17.png,2
/home/data_science/geo_testing/Classification_root/LC_org/LC/PO/Purchase_Order_342_1.png,0
/home/data_science/geo_testing/Classification_root/LC_org/LC/PO/Purchase_Order_By_Opener_369_0.png,0
/home/data_science/geo_testing/Classification_root/LC_org/LC/PO/Purchase_Order_543_5.png,0
/home/data_science/geo_testing/Classification_root/LC_org/LC/OTHERS/Insurance_Certificate_1_page_26.png,2
/home/data_science/geo_testing/Classification_root/LC_org/LC/OTHERS/Covering_Schedule_531_page_1.png,2
/home/data_science/geo_testing/Classification_root/LC_org/LC/PO/Purchase_Order_298_10.png,0
/home/data_science/geo_testing/Classification_root/LC_org/LC/PI/Proforma_Invoice_154_3.png,1
/home/data_science/geo_testing/Classification_root/LC_org/LC/OTHERS/Covering_Schedule_881_page_0.png,2
/home/data_science/geo_testing/Classification_root/LC_org/LC/OTHERS/Covering_Schedule_54_page_0.png,2
/home/data_science/geo_testing/Classification_root/LC_org/LC/PO/Purchase_Order_By_Opener_536_1.png,0
/home/data_science/geo_testing/Classification_root/LC_org/LC/OTHERS/Packing_List_169_page_3.png,2
/home/data_science/geo_testing/Classification_root/LC_org/LC/OTHERS/Covering_Schedule_677_page_3.png,2
/home/data_science/geo_testing/Classification_root/LC_org/LC/OTHERS/Covering_Schedule_449_page_11.png,2
/home/data_science/geo_testing/Classification_root/LC_org/LC/OTHERS/Covering_Schedule_812_page_4.png,2
/home/data_science/geo_testing/Classification_root/LC_org/LC/PO/Purchase_Order_406_0.png,0
/home/data_science/geo_testing/Classification_root/LC_org/LC/PI/Proforma_Invoice_527_0.png,1
/home/data_science/geo_testing/Classification_root/LC_org/LC/OTHERS/Foreign_Bank_Covering_Schedule_248_page_3.png,2
/home/data_science/geo_testing/Classification_root/LC_org/LC/OTHERS/Covering_Schedule_127_page_1.png,2
/home/data_science/geo_testing/Classification_root/LC_org/LC/OTHERS/Insurance_Certificate_1_page_15.png,2
/home/data_science/geo_testing/Classification_root/LC_org/LC/OTHERS/Bill_Of_Landing_651_page_0.png,2
/home/data_science/geo_testing/Classification_root/LC_org/LC/OTHERS/Covering_Schedule_5_page_10.png,2
/home/data_science/geo_testing/Classification_root/LC_org/LC/PO/Purchase_Order_By_Opener_385_8.png,0
/home/data_science/geo_testing/Classification_root/LC_org/LC/PO/Purchase_Order_77_13.png,0
/home/data_science/geo_testing/Classification_root/LC_org/LC/OTHERS/Certificate_Of_Origin_219_page_1.png,2
/home/data_science/geo_testing/Classification_root/LC_org/LC/OTHERS/Packing_List_595_page_8.png,2
/home/data_science/geo_testing/Classification_root/LC_org/LC/PI/Proforma_Invoice_454_5.png,1
/home/data_science/geo_testing/Classification_root/LC_org/LC/PO/Purchase_Order_By_Opener_189_5.png,0
/home/data_science/geo_testing/Classification_root/LC_org/LC/OTHERS/Bill_Of_Landing_600_page_18.png,2
/home/data_science/geo_testing/Classification_root/LC_org/LC/PO/Purchase_Order_By_Opener_281_1.png,0
/home/data_science/geo_testing/Classification_root/LC_org/LC/OTHERS/Bill_Of_Landing_836_page_10.png,2
/home/data_science/geo_testing/Classification_root/LC_org/LC/OTHERS/Certificate_Of_Origin_580_page_38.png,2
/home/data_science/geo_testing/Classification_root/LC_org/LC/OTHERS/Certificate_Of_Origin_416_page_1.png,2
/home/data_science/geo_testing/Classification_root/LC_org/LC/PO/Purchase_Order_By_Opener_427_0.png,0
/home/data_science/geo_testing/Classification_root/LC_org/LC/OTHERS/Covering_Schedule_23_page_3.png,2
/home/data_science/geo_testing/Classification_root/LC_org/LC/OTHERS/Packing_List_759_page_17.png,2
/home/data_science/geo_testing/Classification_root/LC_org/LC/OTHERS/Covering_Schedule(2013_04_15_15_44_07_2043)_150_page_4.png,2
/home/data_science/geo_testing/Classification_root/LC_org/LC/OTHERS/Covering_Schedule_162_page_2.png,2
/home/data_science/geo_testing/Classification_root/LC_org/LC/OTHERS/Bill_Of_Landing_262_page_5.png,2
/home/data_science/geo_testing/Classification_root/LC_org/LC/OTHERS/Covering_Schedule_586_page_0.png,2
/home/data_science/geo_testing/Classification_root/LC_org/LC/OTHERS/Packing_List_1_page_0.png,2
/home/data_science/geo_testing/Classification_root/LC_org/LC/OTHERS/Covering_Schedule_296_page_0.png,2
/home/data_science/geo_testing/Classification_root/LC_org/LC/PO/Purchase_Order_By_Opener_498_12.png,0
/home/data_science/geo_testing/Classification_root/LC_org/LC/PI/Proforma_Invoice_253_0.png,1
/home/data_science/geo_testing/Classification_root/LC_org/LC/OTHERS/Covering_Schedule_727_page_5.png,2
/home/data_science/geo_testing/Classification_root/LC_org/LC/OTHERS/Covering_Schedule_988_page_0.png,2
/home/data_science/geo_testing/Classification_root/LC_org/LC/OTHERS/Covering_Schedule_868_page_3.png,2
/home/data_science/geo_testing/Classification_root/LC_org/LC/OTHERS/Bill_Of_Landing_591_page_5.png,2
/home/data_science/geo_testing/Classification_root/LC_org/LC/OTHERS/Covering_Schedule_232_page_2.png,2
/home/data_science/geo_testing/Classification_root/LC_org/LC/OTHERS/Packing_List_392_page_212.png,2
/home/data_science/geo_testing/Classification_root/LC_org/LC/PO/Purchase_Order_474_4.png,0
/home/data_science/geo_testing/Classification_root/LC_org/LC/PO/Purchase_Order_By_Opener_141_20.png,0
/home/data_science/geo_testing/Classification_root/LC_org/LC/OTHERS/Packing_List_392_page_140.png,2
/home/data_science/geo_testing/Classification_root/LC_org/LC/OTHERS/Covering_Schedule_378_page_2.png,2
/home/data_science/geo_testing/Classification_root/LC_org/LC/OTHERS/Packing_List_682_page_2.png,2
/home/data_science/geo_testing/Classification_root/LC_org/LC/OTHERS/Covering_Schedule_658_page_2.png,2
/home/data_science/geo_testing/Classification_root/LC_org/LC/OTHERS/Covering_Schedule(2013_04_15_15_44_07_2043)_150_page_2.png,2
/home/data_science/geo_testing/Classification_root/LC_org/LC/OTHERS/Insurance_Certificate_0_page_14.png,2
/home/data_science/geo_testing/Classification_root/LC_org/LC/OTHERS/Certificate_Of_Origin_269_page_22.png,2
/home/data_science/geo_testing/Classification_root/LC_org/LC/PI/Proforma_Invoice_97_1.png,1
/home/data_science/geo_testing/Classification_root/LC_org/LC/OTHERS/Covering_Schedule_97_page_3.png,2
/home/data_science/geo_testing/Classification_root/LC_org/LC/OTHERS/Bill_Of_Landing_587_page_2.png,2
/home/data_science/geo_testing/Classification_root/LC_org/LC/PO/Purchase_Order_87_18.png,0
/home/data_science/geo_testing/Classification_root/LC_org/LC/PO/Purchase_Order_By_Opener_405_0.png,0
/home/data_science/geo_testing/Classification_root/LC_org/LC/PI/Proforma_Invoice_67_1.png,1
/home/data_science/geo_testing/Classification_root/LC_org/LC/PO/Purchase_Order_362_10.png,0
/home/data_science/geo_testing/Classification_root/LC_org/LC/OTHERS/Covering_Schedule_205_page_0.png,2
/home/data_science/geo_testing/Classification_root/LC_org/LC/OTHERS/Covering_Schedule_966_page_26.png,2
/home/data_science/geo_testing/Classification_root/LC_org/LC/OTHERS/Insurance_Certificate_0_page_7.png,2
/home/data_science/geo_testing/Classification_root/LC_org/LC/OTHERS/Bill_Of_Landing_192_page_6.png,2
/home/data_science/geo_testing/Classification_root/LC_org/LC/PO/Purchase_Order_517_1.png,0
/home/data_science/geo_testing/Classification_root/LC_org/LC/OTHERS/Insurance_Certificate_0_page_20.png,2
/home/data_science/geo_testing/Classification_root/LC_org/LC/OTHERS/Certificate_Of_Origin_418_page_4.png,2
/home/data_science/geo_testing/Classification_root/LC_org/LC/OTHERS/Covering_Schedule_503_page_0.png,2
/home/data_science/geo_testing/Classification_root/LC_org/LC/PO/Purchase_Order_564_6.png,0
/home/data_science/geo_testing/Classification_root/LC_org/LC/OTHERS/Covering_Schedule_55_page_0.png,2
/home/data_science/geo_testing/Classification_root/LC_org/LC/PI/Proforma_Invoice_239_1.png,1
/home/data_science/geo_testing/Classification_root/LC_org/LC/PO/Purchase_Order_By_Opener_141_19.png,0
/home/data_science/geo_testing/Classification_root/LC_org/LC/OTHERS/Covering_Schedule_217_page_0.png,2
/home/data_science/geo_testing/Classification_root/LC_org/LC/OTHERS/Certificate_Of_Origin_314_page_15.png,2
/home/data_science/geo_testing/Classification_root/LC_org/LC/PI/Proforma_Invoice_239_2.png,1
/home/data_science/geo_testing/Classification_root/LC_org/LC/PO/Purchase_Order_152_6.png,0
/home/data_science/geo_testing/Classification_root/LC_org/LC/PO/Purchase_Order_298_18.png,0
/home/data_science/geo_testing/Classification_root/LC_org/LC/OTHERS/Covering_Schedule_354_page_0.png,2
/home/data_science/geo_testing/Classification_root/LC_org/LC/PO/Purchase_Order_By_Opener_131_1.png,0
/home/data_science/geo_testing/Classification_root/LC_org/LC/OTHERS/Packing_List_173_page_1.png,2
/home/data_science/geo_testing/Classification_root/LC_org/LC/OTHERS/Bill_Of_Landing_888_page_3.png,2
/home/data_science/geo_testing/Classification_root/LC_org/LC/OTHERS/Covering_Schedule_923_page_5.png,2
/home/data_science/geo_testing/Classification_root/LC_org/LC/PO/Purchase_Order_By_Opener_398_0.png,0
/home/data_science/geo_testing/Classification_root/LC_org/LC/OTHERS/Packing_List_392_page_211.png,2
/home/data_science/geo_testing/Classification_root/LC_org/LC/PO/Purchase_Order_By_Opener_60_0.png,0
/home/data_science/geo_testing/Classification_root/LC_org/LC/OTHERS/Certificate_Of_Origin_351_page_0.png,2
/home/data_science/geo_testing/Classification_root/LC_org/LC/OTHERS/Certificate_Of_Origin_48_page_5.png,2
/home/data_science/geo_testing/Classification_root/LC_org/LC/OTHERS/Insurance_Certificate_21_page_9.png,2
/home/data_science/geo_testing/Classification_root/LC_org/LC/PO/Purchase_Order_By_Opener_361_0.png,0
/home/data_science/geo_testing/Classification_root/LC_org/LC/OTHERS/Certificate_Of_Origin_115_page_23.png,2
/home/data_science/geo_testing/Classification_root/LC_org/LC/OTHERS/Covering_Schedule_523_page_0.png,2
/home/data_science/geo_testing/Classification_root/LC_org/LC/PI/Proforma_Invoice_208_0.png,1
/home/data_science/geo_testing/Classification_root/LC_org/LC/OTHERS/Packing_List_68_page_1.png,2
/home/data_science/geo_testing/Classification_root/LC_org/LC/PO/Purchase_Order_302_1.png,0
/home/data_science/geo_testing/Classification_root/LC_org/LC/OTHERS/Packing_List_416_page_0.png,2
/home/data_science/geo_testing/Classification_root/LC_org/LC/OTHERS/Insurance_Certificate_5_page_4.png,2
/home/data_science/geo_testing/Classification_root/LC_org/LC/PO/Purchase_Order_By_Opener_189_1.png,0
/home/data_science/geo_testing/Classification_root/LC_org/LC/OTHERS/Certificate_Of_Origin_605_page_1.png,2
/home/data_science/geo_testing/Classification_root/LC_org/LC/OTHERS/Certificate_Of_Origin_614_page_1.png,2
/home/data_science/geo_testing/Classification_root/LC_org/LC/OTHERS/Certificate_Of_Origin_640_page_0.png,2
/home/data_science/geo_testing/Classification_root/LC_org/LC/OTHERS/Bill_of_lading_1518_page_1.png,2
/home/data_science/geo_testing/Classification_root/LC_org/LC/PO/Purchase_Order_By_Opener_185_0.png,0
/home/data_science/geo_testing/Classification_root/LC_org/LC/OTHERS/Covering_Schedule_974_page_2.png,2
/home/data_science/geo_testing/Classification_root/LC_org/LC/PI/Proforma_Invoice_42_0.png,1
/home/data_science/geo_testing/Classification_root/LC_org/LC/OTHERS/Covering_Schedule_705_page_0.png,2
/home/data_science/geo_testing/Classification_root/LC_org/LC/OTHERS/Packing_List_392_page_151.png,2
/home/data_science/geo_testing/Classification_root/LC_org/LC/PI/Proforma_Invoice_210_0.png,1
/home/data_science/geo_testing/Classification_root/LC_org/LC/OTHERS/Packing_List(2012_08_23_15_18_45_2495)_222_page_0.png,2
/home/data_science/geo_testing/Classification_root/LC_org/LC/OTHERS/Covering_Schedule_677_page_7.png,2
/home/data_science/geo_testing/Classification_root/LC_org/LC/OTHERS/Packing_List_277_page_1.png,2
/home/data_science/geo_testing/Classification_root/LC_org/LC/PO/Purchase_Order_178_4.png,0
/home/data_science/geo_testing/Classification_root/LC_org/LC/OTHERS/Packing_List_310_page_5.png,2
/home/data_science/geo_testing/Classification_root/LC_org/LC/PO/Purchase_Order_87_26.png,0
/home/data_science/geo_testing/Classification_root/LC_org/LC/OTHERS/Certificate_Of_Origin_435_page_5.png,2
/home/data_science/geo_testing/Classification_root/LC_org/LC/PO/Purchase_Order_298_61.png,0
/home/data_science/geo_testing/Classification_root/LC_org/LC/PO/Purchase_Order_558_0.png,0
/home/data_science/geo_testing/Classification_root/LC_org/LC/OTHERS/Covering_Schedule_289_page_0.png,2
/home/data_science/geo_testing/Classification_root/LC_org/LC/OTHERS/Covering_Schedule_624_page_5.png,2
/home/data_science/geo_testing/Classification_root/LC_org/LC/OTHERS/Packing_List_437_page_1.png,2
/home/data_science/geo_testing/Classification_root/LC_org/LC/PO/Purchase_Order_77_5.png,0
/home/data_science/geo_testing/Classification_root/LC_org/LC/OTHERS/Packing_List_595_page_11.png,2
/home/data_science/geo_testing/Classification_root/LC_org/LC/OTHERS/Certificate_Of_Origin_80_page_4.png,2
/home/data_science/geo_testing/Classification_root/LC_org/LC/OTHERS/Packing_List_595_page_7.png,2
/home/data_science/geo_testing/Classification_root/LC_org/LC/OTHERS/Packing_List_392_page_229.png,2
/home/data_science/geo_testing/Classification_root/LC_org/LC/OTHERS/Insurance_Certificate_1_page_25.png,2
/home/data_science/geo_testing/Classification_root/LC_org/LC/OTHERS/Covering_Schedule_569_page_2.png,2
/home/data_science/geo_testing/Classification_root/LC_org/LC/OTHERS/Covering_Schedule_915_page_0.png,2
/home/data_science/geo_testing/Classification_root/LC_org/LC/PO/Purchase_Order_By_Opener_141_10.png,0
/home/data_science/geo_testing/Classification_root/LC_org/LC/OTHERS/Packing_List_817_page_7.png,2
/home/data_science/geo_testing/Classification_root/LC_org/LC/PI/Proforma_Invoice_102_0.png,1
/home/data_science/geo_testing/Classification_root/LC_org/LC/PO/Purchase_Order_By_Opener_153_1.png,0
/home/data_science/geo_testing/Classification_root/LC_org/LC/OTHERS/Packing_List_775_page_3.png,2
/home/data_science/geo_testing/Classification_root/LC_org/LC/OTHERS/Packing_List_392_page_220.png,2
/home/data_science/geo_testing/Classification_root/LC_org/LC/PO/Purchase_Order_326_19.png,0
/home/data_science/geo_testing/Classification_root/LC_org/LC/OTHERS/Packing_List_392_page_298.png,2
/home/data_science/geo_testing/Classification_root/LC_org/LC/OTHERS/Packing_List_617_page_10.png,2
/home/data_science/geo_testing/Classification_root/LC_org/LC/OTHERS/Covering_Schedule_6_page_1.png,2
/home/data_science/geo_testing/Classification_root/LC_org/LC/OTHERS/Certificate_Of_Origin_269_page_27.png,2
/home/data_science/geo_testing/Classification_root/LC_org/LC/OTHERS/Covering_Schedule_487_page_2.png,2
/home/data_science/geo_testing/Classification_root/LC_org/LC/OTHERS/Covering_Schedule_830_page_3.png,2
/home/data_science/geo_testing/Classification_root/LC_org/LC/OTHERS/Covering_Schedule_678_page_1.png,2
/home/data_science/geo_testing/Classification_root/LC_org/LC/OTHERS/Certificate_Of_Origin_580_page_61.png,2
/home/data_science/geo_testing/Classification_root/LC_org/LC/OTHERS/Certificate_Of_Origin_754_page_1.png,2
/home/data_science/geo_testing/Classification_root/LC_org/LC/OTHERS/Covering_Schedule_939_page_1.png,2
/home/data_science/geo_testing/Classification_root/LC_org/LC/OTHERS/Packing_List_418_page_0.png,2
/home/data_science/geo_testing/Classification_root/LC_org/LC/OTHERS/Covering_Schedule_584_page_0.png,2
/home/data_science/geo_testing/Classification_root/LC_org/LC/OTHERS/Packing_List_720_page_3.png,2
/home/data_science/geo_testing/Classification_root/LC_org/LC/PI/Proforma_Invoice_183_0.png,1
/home/data_science/geo_testing/Classification_root/LC_org/LC/OTHERS/Covering_Schedule_413_page_0.png,2
/home/data_science/geo_testing/Classification_root/LC_org/LC/OTHERS/Covering_Schedule_849_page_7.png,2
/home/data_science/geo_testing/Classification_root/LC_org/LC/OTHERS/Certificate_Of_Origin_269_page_12.png,2
/home/data_science/geo_testing/Classification_root/LC_org/LC/OTHERS/Covering_Schedule_137_page_2.png,2
/home/data_science/geo_testing/Classification_root/LC_org/LC/OTHERS/Covering_Schedule_830_page_0.png,2
/home/data_science/geo_testing/Classification_root/LC_org/LC/PO/Purchase_Order_By_Opener_483_3.png,0
/home/data_science/geo_testing/Classification_root/LC_org/LC/OTHERS/Covering_Schedule_450_page_3.png,2
/home/data_science/geo_testing/Classification_root/LC_org/LC/OTHERS/Covering_Schedule_535_page_0.png,2
/home/data_science/geo_testing/Classification_root/LC_org/LC/OTHERS/Bill_Of_Landing_591_page_4.png,2
/home/data_science/geo_testing/Classification_root/LC_org/LC/OTHERS/Certificate_Of_Origin_314_page_25.png,2
/home/data_science/geo_testing/Classification_root/LC_org/LC/PO/Purchase_Order_By_Opener_465_5.png,0
/home/data_science/geo_testing/Classification_root/LC_org/LC/OTHERS/Covering_Schedule_394_page_6.png,2
/home/data_science/geo_testing/Classification_root/LC_org/LC/OTHERS/Covering_Schedule_139_page_8.png,2
/home/data_science/geo_testing/Classification_root/LC_org/LC/OTHERS/Covering_Schedule_299_page_0.png,2
/home/data_science/geo_testing/Classification_root/LC_org/LC/PO/Purchase_Order_77_7.png,0
/home/data_science/geo_testing/Classification_root/LC_org/LC/OTHERS/Bill_Of_Landing_530_page_5.png,2
/home/data_science/geo_testing/Classification_root/LC_org/LC/PI/Proforma_Invoice_61_0.png,1
/home/data_science/geo_testing/Classification_root/LC_org/LC/OTHERS/Bill_Of_Landing_187_page_7.png,2
/home/data_science/geo_testing/Classification_root/LC_org/LC/PO/Purchase_Order_423_0.png,0
/home/data_science/geo_testing/Classification_root/LC_org/LC/OTHERS/Packing_List_568_page_31.png,2
/home/data_science/geo_testing/Classification_root/LC_org/LC/OTHERS/Covering_Schedule_827_page_5.png,2
/home/data_science/geo_testing/Classification_root/LC_org/LC/OTHERS/Bill_Of_Landing_730_page_6.png,2
/home/data_science/geo_testing/Classification_root/LC_org/LC/OTHERS/Bill_Of_Landing_339_page_1.png,2
/home/data_science/geo_testing/Classification_root/LC_org/LC/PO/Purchase_Order_474_11.png,0
/home/data_science/geo_testing/Classification_root/LC_org/LC/PO/Purchase_Order_228_2.png,0
/home/data_science/geo_testing/Classification_root/LC_org/LC/OTHERS/Packing_List_392_page_204.png,2
/home/data_science/geo_testing/Classification_root/LC_org/LC/OTHERS/Bill_Of_Landing_564_page_7.png,2
/home/data_science/geo_testing/Classification_root/LC_org/LC/PO/Purchase_Order_By_Opener_586_3.png,0
/home/data_science/geo_testing/Classification_root/LC_org/LC/PO/Purchase_Order_By_Opener_498_2.png,0
/home/data_science/geo_testing/Classification_root/LC_org/LC/OTHERS/Packing_List_97_page_1.png,2
/home/data_science/geo_testing/Classification_root/LC_org/LC/PO/Purchase_Order_By_Opener_116_0.png,0
/home/data_science/geo_testing/Classification_root/LC_org/LC/OTHERS/Packing_List_392_page_231.png,2
/home/data_science/geo_testing/Classification_root/LC_org/LC/PI/Proforma_Invoice_590_0.png,1
/home/data_science/geo_testing/Classification_root/LC_org/LC/OTHERS/Covering_Schedule_629_page_0.png,2
/home/data_science/geo_testing/Classification_root/LC_org/LC/OTHERS/Certificate_Of_Origin_180_page_3.png,2
/home/data_science/geo_testing/Classification_root/LC_org/LC/OTHERS/Bill_Of_Landing_827_page_4.png,2
/home/data_science/geo_testing/Classification_root/LC_org/LC/OTHERS/Covering_Schedule_191_page_1.png,2
/home/data_science/geo_testing/Classification_root/LC_org/LC/OTHERS/Covering_Schedule_254_page_1.png,2
/home/data_science/geo_testing/Classification_root/LC_org/LC/OTHERS/Covering_Schedule_253_page_10.png,2
/home/data_science/geo_testing/Classification_root/LC_org/LC/OTHERS/Packing_List_568_page_40.png,2
/home/data_science/geo_testing/Classification_root/LC_org/LC/OTHERS/Certificate_Of_Origin_347_page_14.png,2
/home/data_science/geo_testing/Classification_root/LC_org/LC/PO/Purchase_Order_By_Opener_550_14.png,0
/home/data_science/geo_testing/Classification_root/LC_org/LC/OTHERS/Covering_Schedule_793_page_0.png,2
/home/data_science/geo_testing/Classification_root/LC_org/LC/OTHERS/Certificate_Of_Origin_170_page_1.png,2
/home/data_science/geo_testing/Classification_root/LC_org/LC/PO/Purchase_Order_1_2.png,0
/home/data_science/geo_testing/Classification_root/LC_org/LC/OTHERS/Packing_List_568_page_14.png,2
/home/data_science/geo_testing/Classification_root/LC_org/LC/OTHERS/Bill_of_lading_1600_page_3.png,2
/home/data_science/geo_testing/Classification_root/LC_org/LC/OTHERS/Covering_Schedule_18_page_0.png,2
/home/data_science/geo_testing/Classification_root/LC_org/LC/OTHERS/Covering_Schedule_160_page_1.png,2
/home/data_science/geo_testing/Classification_root/LC_org/LC/OTHERS/Packing_List_392_page_300.png,2
/home/data_science/geo_testing/Classification_root/LC_org/LC/OTHERS/Packing_List_392_page_183.png,2
/home/data_science/geo_testing/Classification_root/LC_org/LC/OTHERS/Packing_List_568_page_27.png,2
/home/data_science/geo_testing/Classification_root/LC_org/LC/OTHERS/Covering_Schedule_829_page_1.png,2
/home/data_science/geo_testing/Classification_root/LC_org/LC/PO/Purchase_Order_By_Opener_450_0.png,0
/home/data_science/geo_testing/Classification_root/LC_org/LC/OTHERS/Bill_Of_Landing_353_page_2.png,2
/home/data_science/geo_testing/Classification_root/LC_org/LC/OTHERS/Covering_Schedule_713_page_2.png,2
/home/data_science/geo_testing/Classification_root/LC_org/LC/OTHERS/Bill_Of_Landing_564_page_10.png,2
/home/data_science/geo_testing/Classification_root/LC_org/LC/OTHERS/Certificate_Of_Origin_815_page_1.png,2
/home/data_science/geo_testing/Classification_root/LC_org/LC/OTHERS/Covering_Schedule_274_page_2.png,2
/home/data_science/geo_testing/Classification_root/LC_org/LC/PO/Purchase_Order_125_2.png,0
/home/data_science/geo_testing/Classification_root/LC_org/LC/PO/Purchase_Order_By_Opener_4_2.png,0
/home/data_science/geo_testing/Classification_root/LC_org/LC/OTHERS/Covering_Schedule_233_page_0.png,2
/home/data_science/geo_testing/Classification_root/LC_org/LC/OTHERS/Covering_Schedule_558_page_2.png,2
/home/data_science/geo_testing/Classification_root/LC_org/LC/PI/Proforma_Invoice_472_0.png,1
/home/data_science/geo_testing/Classification_root/LC_org/LC/PO/Purchase_Order_78_0.png,0
/home/data_science/geo_testing/Classification_root/LC_org/LC/PO/Purchase_Order_By_Opener_424_0.png,0
/home/data_science/geo_testing/Classification_root/LC_org/LC/OTHERS/Packing_List_0_page_2.png,2
/home/data_science/geo_testing/Classification_root/LC_org/LC/OTHERS/Covering_Schedule_57_page_9.png,2
/home/data_science/geo_testing/Classification_root/LC_org/LC/OTHERS/Packing_List_962_page_1.png,2
/home/data_science/geo_testing/Classification_root/LC_org/LC/PO/Purchase_Order_298_45.png,0
/home/data_science/geo_testing/Classification_root/LC_org/LC/OTHERS/Packing_List_392_page_166.png,2
/home/data_science/geo_testing/Classification_root/LC_org/LC/OTHERS/Covering_Schedule_305_page_0.png,2
/home/data_science/geo_testing/Classification_root/LC_org/LC/OTHERS/Covering_Schedule_787_page_0.png,2
/home/data_science/geo_testing/Classification_root/LC_org/LC/PO/Purchase_Order_By_Opener_49_1.png,0
/home/data_science/geo_testing/Classification_root/LC_org/LC/OTHERS/Packing_List_392_page_290.png,2
/home/data_science/geo_testing/Classification_root/LC_org/LC/OTHERS/Packing_List_775_page_2.png,2
/home/data_science/geo_testing/Classification_root/LC_org/LC/OTHERS/Covering_Schedule_899_page_2.png,2
/home/data_science/geo_testing/Classification_root/LC_org/LC/OTHERS/Covering_Schedule_761_page_1.png,2
/home/data_science/geo_testing/Classification_root/LC_org/LC/OTHERS/Covering_Schedule_877_page_1.png,2
/home/data_science/geo_testing/Classification_root/LC_org/LC/OTHERS/Covering_Schedule_989_page_1.png,2
/home/data_science/geo_testing/Classification_root/LC_org/LC/OTHERS/Packing_List_392_page_261.png,2
/home/data_science/geo_testing/Classification_root/LC_org/LC/PO/Purchase_Order_By_Opener_166_0.png,0
/home/data_science/geo_testing/Classification_root/LC_org/LC/PO/Purchase_Order_298_34.png,0
/home/data_science/geo_testing/Classification_root/LC_org/LC/PO/Purchase_Order_417_1.png,0
/home/data_science/geo_testing/Classification_root/LC_org/LC/OTHERS/Bill_Of_Landing_629_page_4.png,2
/home/data_science/geo_testing/Classification_root/LC_org/LC/PO/Purchase_Order_362_31.png,0
/home/data_science/geo_testing/Classification_root/LC_org/LC/PO/Purchase_Order_564_0.png,0
/home/data_science/geo_testing/Classification_root/LC_org/LC/OTHERS/Certificate_Of_Origin_927_page_12.png,2
/home/data_science/geo_testing/Classification_root/LC_org/LC/PO/Purchase_Order_87_0.png,0
/home/data_science/geo_testing/Classification_root/LC_org/LC/PI/Proforma_Invoice_536_0.png,1
/home/data_science/geo_testing/Classification_root/LC_org/LC/PO/Purchase_Order_298_54.png,0
/home/data_science/geo_testing/Classification_root/LC_org/LC/PI/Proforma_Invoice_535_1.png,1
/home/data_science/geo_testing/Classification_root/LC_org/LC/OTHERS/Covering_Schedule_986_page_5.png,2
/home/data_science/geo_testing/Classification_root/LC_org/LC/OTHERS/Covering_Schedule_415_page_2.png,2
/home/data_science/geo_testing/Classification_root/LC_org/LC/OTHERS/Bill_Of_Landing_493_page_1.png,2
/home/data_science/geo_testing/Classification_root/LC_org/LC/OTHERS/Packing_List_617_page_41.png,2
/home/data_science/geo_testing/Classification_root/LC_org/LC/OTHERS/Packing_List(2012_08_23_15_18_15_5781)_221_page_2.png,2
/home/data_science/geo_testing/Classification_root/LC_org/LC/OTHERS/Covering_Schedule_0_page_6.png,2
/home/data_science/geo_testing/Classification_root/LC_org/LC/OTHERS/Certificate_Of_Origin_412_page_1.png,2
/home/data_science/geo_testing/Classification_root/LC_org/LC/OTHERS/Insurance_Certificate_20_page_10.png,2
/home/data_science/geo_testing/Classification_root/LC_org/LC/OTHERS/Bill_Of_Landing_811_page_2.png,2
/home/data_science/geo_testing/Classification_root/LC_org/LC/OTHERS/Packing_List_28_page_1.png,2
/home/data_science/geo_testing/Classification_root/LC_org/LC/OTHERS/Covering_Schedule_778_page_14.png,2
/home/data_science/geo_testing/Classification_root/LC_org/LC/OTHERS/Covering_Schedule_565_page_2.png,2
/home/data_science/geo_testing/Classification_root/LC_org/LC/OTHERS/Covering_Schedule_276_page_0.png,2
/home/data_science/geo_testing/Classification_root/LC_org/LC/PO/Purchase_Order_576_0.png,0
/home/data_science/geo_testing/Classification_root/LC_org/LC/OTHERS/Certificate_Of_Origin_269_page_15.png,2
/home/data_science/geo_testing/Classification_root/LC_org/LC/PO/Purchase_Order_368_0.png,0
/home/data_science/geo_testing/Classification_root/LC_org/LC/PO/Purchase_Order_By_Opener_141_14.png,0
/home/data_science/geo_testing/Classification_root/LC_org/LC/PO/Purchase_Order_298_1.png,0
/home/data_science/geo_testing/Classification_root/LC_org/LC/PO/Purchase_Order_122_0.png,0
/home/data_science/geo_testing/Classification_root/LC_org/LC/PO/Purchase_Order_By_Opener_427_7.png,0
/home/data_science/geo_testing/Classification_root/LC_org/LC/PO/Purchase_Order_564_1.png,0
/home/data_science/geo_testing/Classification_root/LC_org/LC/OTHERS/Packing_List_595_page_19.png,2
/home/data_science/geo_testing/Classification_root/LC_org/LC/PI/Proforma_Invoice_129_0.png,1
/home/data_science/geo_testing/Classification_root/LC_org/LC/PO/Purchase_Order_By_Opener_461_2.png,0
/home/data_science/geo_testing/Classification_root/LC_org/LC/OTHERS/Covering_Schedule_450_page_20.png,2
/home/data_science/geo_testing/Classification_root/LC_org/LC/PI/Proforma_Invoice_478_3.png,1
/home/data_science/geo_testing/Classification_root/LC_org/LC/OTHERS/Foreign_Bank_Covering_Schedule_466_page_1.png,2
/home/data_science/geo_testing/Classification_root/LC_org/LC/OTHERS/Covering_Schedule_766_page_2.png,2
/home/data_science/geo_testing/Classification_root/LC_org/LC/PO/Purchase_Order_87_20.png,0
/home/data_science/geo_testing/Classification_root/LC_org/LC/OTHERS/Covering_Schedule_911_page_1.png,2
/home/data_science/geo_testing/Classification_root/LC_org/LC/PO/Purchase_Order_By_Opener_557_0.png,0
/home/data_science/geo_testing/Classification_root/LC_org/LC/OTHERS/Certificate_Of_Origin_965_page_0.png,2
/home/data_science/geo_testing/Classification_root/LC_org/LC/PO/Purchase_Order_By_Opener_550_1.png,0
/home/data_science/geo_testing/Classification_root/LC_org/LC/OTHERS/Packing_List_392_page_144.png,2
/home/data_science/geo_testing/Classification_root/LC_org/LC/OTHERS/Packing_List_397_page_1.png,2
/home/data_science/geo_testing/Classification_root/LC_org/LC/OTHERS/Covering_Schedule_179_page_0.png,2
/home/data_science/geo_testing/Classification_root/LC_org/LC/OTHERS/Packing_List_392_page_292.png,2
/home/data_science/geo_testing/Classification_root/LC_org/LC/OTHERS/Covering_Schedule_909_page_3.png,2
/home/data_science/geo_testing/Classification_root/LC_org/LC/PO/Purchase_Order_By_Opener_36_1.png,0
/home/data_science/geo_testing/Classification_root/LC_org/LC/OTHERS/Packing_List_962_page_2.png,2
/home/data_science/geo_testing/Classification_root/LC_org/LC/OTHERS/Packing_List_759_page_26.png,2
/home/data_science/geo_testing/Classification_root/LC_org/LC/OTHERS/Covering_Schedule_904_page_2.png,2
/home/data_science/geo_testing/Classification_root/LC_org/LC/OTHERS/Certificate_Of_Origin_580_page_57.png,2
/home/data_science/geo_testing/Classification_root/LC_org/LC/PO/Purchase_Order_534_20.png,0
/home/data_science/geo_testing/Classification_root/LC_org/LC/PO/Purchase_Order_362_9.png,0
/home/data_science/geo_testing/Classification_root/LC_org/LC/OTHERS/Certificate_Of_Origin_243_page_2.png,2
/home/data_science/geo_testing/Classification_root/LC_org/LC/OTHERS/Covering_Schedule_481_page_11.png,2
/home/data_science/geo_testing/Classification_root/LC_org/LC/OTHERS/Covering_Schedule_778_page_5.png,2
/home/data_science/geo_testing/Classification_root/LC_org/LC/PO/Purchase_Order_By_Opener_435_0.png,0
/home/data_science/geo_testing/Classification_root/LC_org/LC/OTHERS/Covering_Schedule_831_page_1.png,2
/home/data_science/geo_testing/Classification_root/LC_org/LC/OTHERS/Covering_Schedule_473_page_0.png,2
/home/data_science/geo_testing/Classification_root/LC_org/LC/PI/Proforma_Invoice_247_0.png,1
/home/data_science/geo_testing/Classification_root/LC_org/LC/OTHERS/Covering_Schedule_741_page_0.png,2
/home/data_science/geo_testing/Classification_root/LC_org/LC/OTHERS/Covering_Schedule_482_page_2.png,2
/home/data_science/geo_testing/Classification_root/LC_org/LC/OTHERS/Packing_List_682_page_1.png,2
/home/data_science/geo_testing/Classification_root/LC_org/LC/PI/Proforma_Invoice_175_0.png,1
/home/data_science/geo_testing/Classification_root/LC_org/LC/OTHERS/Bill_Of_Landing_528_page_2.png,2
/home/data_science/geo_testing/Classification_root/LC_org/LC/OTHERS/Packing_List_568_page_23.png,2
/home/data_science/geo_testing/Classification_root/LC_org/LC/OTHERS/Certificate_Of_Origin_232_page_1.png,2
/home/data_science/geo_testing/Classification_root/LC_org/LC/OTHERS/Certificate_Of_Origin_314_page_4.png,2
/home/data_science/geo_testing/Classification_root/LC_org/LC/OTHERS/Bill_Of_Landing_889_page_1.png,2
/home/data_science/geo_testing/Classification_root/LC_org/LC/PI/Proforma_Invoice_440_0.png,1
/home/data_science/geo_testing/Classification_root/LC_org/LC/OTHERS/Covering_Schedule_177_page_0.png,2
/home/data_science/geo_testing/Classification_root/LC_org/LC/OTHERS/Bill_Of_Landing_826_page_4.png,2
/home/data_science/geo_testing/Classification_root/LC_org/LC/OTHERS/Covering_Schedule_205_page_1.png,2
/home/data_science/geo_testing/Classification_root/LC_org/LC/OTHERS/Certificate_Of_Origin_593_page_6.png,2
/home/data_science/geo_testing/Classification_root/LC_org/LC/OTHERS/Covering_Schedule_311_page_2.png,2
/home/data_science/geo_testing/Classification_root/LC_org/LC/OTHERS/Covering_Schedule_174_page_0.png,2
/home/data_science/geo_testing/Classification_root/LC_org/LC/OTHERS/Bill_Of_Landing_822_page_1.png,2
/home/data_science/geo_testing/Classification_root/LC_org/LC/OTHERS/Covering_Schedule_974_page_0.png,2
/home/data_science/geo_testing/Classification_root/LC_org/LC/OTHERS/Covering_Schedule_925_page_1.png,2
/home/data_science/geo_testing/Classification_root/LC_org/LC/PO/Purchase_Order_By_Opener_156_1.png,0
/home/data_science/geo_testing/Classification_root/LC_org/LC/OTHERS/Bill_Of_Landing_418_page_28.png,2
/home/data_science/geo_testing/Classification_root/LC_org/LC/OTHERS/Packing_List_392_page_235.png,2
/home/data_science/geo_testing/Classification_root/LC_org/LC/PO/Purchase_Order_By_Opener_159_3.png,0
/home/data_science/geo_testing/Classification_root/LC_org/LC/OTHERS/Covering_Schedule_363_page_2.png,2
/home/data_science/geo_testing/Classification_root/LC_org/LC/PO/Purchase_Order_By_Opener_356_0.png,0
/home/data_science/geo_testing/Classification_root/LC_org/LC/OTHERS/Covering_Schedule_779_page_0.png,2
/home/data_science/geo_testing/Classification_root/LC_org/LC/OTHERS/Covering_Schedule_29_page_1.png,2
/home/data_science/geo_testing/Classification_root/LC_org/LC/OTHERS/Covering_Schedule_947_page_0.png,2
/home/data_science/geo_testing/Classification_root/LC_org/LC/OTHERS/Packing_List_392_page_146.png,2
/home/data_science/geo_testing/Classification_root/LC_org/LC/OTHERS/Covering_Schedule_819_page_0.png,2
/home/data_science/geo_testing/Classification_root/LC_org/LC/OTHERS/Bill_Of_Landing_564_page_8.png,2
/home/data_science/geo_testing/Classification_root/LC_org/LC/OTHERS/Packing_List_919_page_4.png,2
/home/data_science/geo_testing/Classification_root/LC_org/LC/OTHERS/Packing_List_595_page_5.png,2
/home/data_science/geo_testing/Classification_root/LC_org/LC/OTHERS/Covering_Schedule_495_page_3.png,2
/home/data_science/geo_testing/Classification_root/LC_org/LC/PO/Purchase_Order_By_Opener_31_1.png,0
/home/data_science/geo_testing/Classification_root/LC_org/LC/OTHERS/Covering_Schedule_189_page_0.png,2
/home/data_science/geo_testing/Classification_root/LC_org/LC/OTHERS/Packing_List_617_page_14.png,2
/home/data_science/geo_testing/Classification_root/LC_org/LC/OTHERS/Bill_Of_Landing_113_page_3.png,2
/home/data_science/geo_testing/Classification_root/LC_org/LC/OTHERS/Covering_Schedule_14_page_0.png,2
/home/data_science/geo_testing/Classification_root/LC_org/LC/PI/Proforma_Invoice_361_0.png,1
/home/data_science/geo_testing/Classification_root/LC_org/LC/OTHERS/Packing_List_617_page_29.png,2
/home/data_science/geo_testing/Classification_root/LC_org/LC/OTHERS/Bill_Of_Landing_700_page_2.png,2
/home/data_science/geo_testing/Classification_root/LC_org/LC/OTHERS/Covering_Schedule_520_page_1.png,2
/home/data_science/geo_testing/Classification_root/LC_org/LC/PO/Purchase_Order_298_19.png,0
/home/data_science/geo_testing/Classification_root/LC_org/LC/OTHERS/Covering_Schedule_555_page_1.png,2
/home/data_science/geo_testing/Classification_root/LC_org/LC/OTHERS/Covering_Schedule_285_page_4.png,2
/home/data_science/geo_testing/Classification_root/LC_org/LC/PO/Purchase_Order_302_5.png,0
/home/data_science/geo_testing/Classification_root/LC_org/LC/OTHERS/Covering_Schedule_747_page_1.png,2
/home/data_science/geo_testing/Classification_root/LC_org/LC/OTHERS/Bill_Of_Landing_291_page_7.png,2
/home/data_science/geo_testing/Classification_root/LC_org/LC/OTHERS/Covering_Schedule_437_page_2.png,2
/home/data_science/geo_testing/Classification_root/LC_org/LC/PI/Proforma_Invoice_96_1.png,1
/home/data_science/geo_testing/Classification_root/LC_org/LC/PO/Purchase_Order_298_52.png,0
/home/data_science/geo_testing/Classification_root/LC_org/LC/OTHERS/Covering_Schedule_951_page_0.png,2
/home/data_science/geo_testing/Classification_root/LC_org/LC/OTHERS/Certificate_Of_Origin_42_page_1.png,2
/home/data_science/geo_testing/Classification_root/LC_org/LC/OTHERS/Covering_Schedule_301_page_4.png,2
/home/data_science/geo_testing/Classification_root/LC_org/LC/OTHERS/Covering_Schedule_672_page_0.png,2
/home/data_science/geo_testing/Classification_root/LC_org/LC/PO/Purchase_Order_564_9.png,0
/home/data_science/geo_testing/Classification_root/LC_org/LC/PI/Proforma_Invoice_239_4.png,1
/home/data_science/geo_testing/Classification_root/LC_org/LC/PO/Purchase_Order_103_0.png,0
/home/data_science/geo_testing/Classification_root/LC_org/LC/PO/Purchase_Order_By_Opener_104_0.png,0
/home/data_science/geo_testing/Classification_root/LC_org/LC/OTHERS/Bill_Of_Landing_148_page_1.png,2
/home/data_science/geo_testing/Classification_root/LC_org/LC/OTHERS/Insurance_Certificate_30_page_1.png,2
/home/data_science/geo_testing/Classification_root/LC_org/LC/OTHERS/Certificate_Of_Origin_580_page_62.png,2
/home/data_science/geo_testing/Classification_root/LC_org/LC/OTHERS/Insurance_Certificate_0_page_8.png,2
/home/data_science/geo_testing/Classification_root/LC_org/LC/PO/Purchase_Order_By_Opener_14_0.png,0
/home/data_science/geo_testing/Classification_root/LC_org/LC/PO/Purchase_Order_By_Opener_451_0.png,0
/home/data_science/geo_testing/Classification_root/LC_org/LC/PI/Proforma_Invoice_154_0.png,1
/home/data_science/geo_testing/Classification_root/LC_org/LC/PO/Purchase_Order_474_0.png,0
/home/data_science/geo_testing/Classification_root/LC_org/LC/OTHERS/Certificate_Of_Origin_191_page_0.png,2
/home/data_science/geo_testing/Classification_root/LC_org/LC/OTHERS/Certificate_Of_Origin_264_page_0.png,2
/home/data_science/geo_testing/Classification_root/LC_org/LC/OTHERS/Certificate_Of_Origin_623_page_20.png,2
/home/data_science/geo_testing/Classification_root/LC_org/LC/OTHERS/Packing_List_737_page_1.png,2
/home/data_science/geo_testing/Classification_root/LC_org/LC/OTHERS/Insurance_Certificate_20_page_9.png,2
/home/data_science/geo_testing/Classification_root/LC_org/LC/OTHERS/Certificate_Of_Origin_204_page_0.png,2
/home/data_science/geo_testing/Classification_root/LC_org/LC/PO/Purchase_Order_By_Opener_498_14.png,0
/home/data_science/geo_testing/Classification_root/LC_org/LC/OTHERS/Covering_Schedule_308_page_6.png,2
/home/data_science/geo_testing/Classification_root/LC_org/LC/OTHERS/Certificate_Of_Origin_927_page_14.png,2
/home/data_science/geo_testing/Classification_root/LC_org/LC/OTHERS/Certificate_Of_Origin_662_page_6.png,2
/home/data_science/geo_testing/Classification_root/LC_org/LC/PI/Proforma_Invoice_313_0.png,1
/home/data_science/geo_testing/Classification_root/LC_org/LC/OTHERS/Certificate_Of_Origin_269_page_28.png,2
/home/data_science/geo_testing/Classification_root/LC_org/LC/PO/Purchase_Order_By_Opener_26_0.png,0
/home/data_science/geo_testing/Classification_root/LC_org/LC/OTHERS/Certificate_Of_Origin_713_page_1.png,2
/home/data_science/geo_testing/Classification_root/LC_org/LC/PI/Proforma_Invoice_182_0.png,1
/home/data_science/geo_testing/Classification_root/LC_org/LC/OTHERS/Covering_Schedule_801_page_0.png,2
/home/data_science/geo_testing/Classification_root/LC_org/LC/PO/Purchase_Order_By_Opener_393_0.png,0
/home/data_science/geo_testing/Classification_root/LC_org/LC/PO/Purchase_Order_By_Opener_175_0.png,0
/home/data_science/geo_testing/Classification_root/LC_org/LC/OTHERS/Covering_Schedule_669_page_5.png,2
/home/data_science/geo_testing/Classification_root/LC_org/LC/OTHERS/Bill_Of_Landing_187_page_5.png,2
/home/data_science/geo_testing/Classification_root/LC_org/LC/OTHERS/Covering_Schedule_744_page_4.png,2
/home/data_science/geo_testing/Classification_root/LC_org/LC/OTHERS/Certificate_Of_Origin_580_page_59.png,2
/home/data_science/geo_testing/Classification_root/LC_org/LC/OTHERS/Covering_Schedule_891_page_1.png,2
/home/data_science/geo_testing/Classification_root/LC_org/LC/OTHERS/Certificate_Of_Origin_580_page_45.png,2
/home/data_science/geo_testing/Classification_root/LC_org/LC/OTHERS/Covering_Schedule_759_page_2.png,2
/home/data_science/geo_testing/Classification_root/LC_org/LC/OTHERS/Covering_Schedule_606_page_6.png,2
/home/data_science/geo_testing/Classification_root/LC_org/LC/OTHERS/Certificate_Of_Origin_927_page_11.png,2
/home/data_science/geo_testing/Classification_root/LC_org/LC/OTHERS/Covering_Schedule_299_page_4.png,2
/home/data_science/geo_testing/Classification_root/LC_org/LC/PO/Purchase_Order_By_Opener_141_27.png,0
/home/data_science/geo_testing/Classification_root/LC_org/LC/OTHERS/Packing_List_401_page_1.png,2
/home/data_science/geo_testing/Classification_root/LC_org/LC/OTHERS/Covering_Schedule_677_page_2.png,2
/home/data_science/geo_testing/Classification_root/LC_org/LC/OTHERS/Packing_List_191_page_2.png,2
/home/data_science/geo_testing/Classification_root/LC_org/LC/PO/Purchase_Order_534_17.png,0
/home/data_science/geo_testing/Classification_root/LC_org/LC/OTHERS/Certificate_Of_Origin_115_page_2.png,2
/home/data_science/geo_testing/Classification_root/LC_org/LC/OTHERS/Bill_Of_Landing_341_page_2.png,2
/home/data_science/geo_testing/Classification_root/LC_org/LC/OTHERS/Bill_of_lading_2040_page_6.png,2
/home/data_science/geo_testing/Classification_root/LC_org/LC/OTHERS/Bill_Of_Landing_531_page_4.png,2
/home/data_science/geo_testing/Classification_root/LC_org/LC/PI/Proforma_Invoice_257_0.png,1
/home/data_science/geo_testing/Classification_root/LC_org/LC/OTHERS/Bill_Of_Landing_776_page_10.png,2
/home/data_science/geo_testing/Classification_root/LC_org/LC/PI/Proforma_Invoice_125_0.png,1
/home/data_science/geo_testing/Classification_root/LC_org/LC/OTHERS/Covering_Schedule_52_page_5.png,2
/home/data_science/geo_testing/Classification_root/LC_org/LC/OTHERS/Covering_Schedule_295_page_1.png,2
/home/data_science/geo_testing/Classification_root/LC_org/LC/PI/Proforma_Invoice_583_0.png,1
/home/data_science/geo_testing/Classification_root/LC_org/LC/OTHERS/Packing_List_595_page_17.png,2
/home/data_science/geo_testing/Classification_root/LC_org/LC/OTHERS/Covering_Schedule_786_page_2.png,2
/home/data_science/geo_testing/Classification_root/LC_org/LC/OTHERS/Covering_Schedule_624_page_4.png,2
/home/data_science/geo_testing/Classification_root/LC_org/LC/PI/Proforma_Invoice_173_3.png,1
/home/data_science/geo_testing/Classification_root/LC_org/LC/OTHERS/Covering_Schedule_623_page_1.png,2
/home/data_science/geo_testing/Classification_root/LC_org/LC/OTHERS/Covering_Schedule_291_page_0.png,2
/home/data_science/geo_testing/Classification_root/LC_org/LC/PI/Proforma_Invoice_97_2.png,1
/home/data_science/geo_testing/Classification_root/LC_org/LC/PI/Proforma_Invoice_417_0.png,1
/home/data_science/geo_testing/Classification_root/LC_org/LC/OTHERS/Packing_List_556_page_8.png,2
/home/data_science/geo_testing/Classification_root/LC_org/LC/OTHERS/Covering_Schedule_285_page_1.png,2
/home/data_science/geo_testing/Classification_root/LC_org/LC/OTHERS/Covering_Schedule_586_page_1.png,2
/home/data_science/geo_testing/Classification_root/LC_org/LC/OTHERS/Bill_Of_Landing_803_page_3.png,2
/home/data_science/geo_testing/Classification_root/LC_org/LC/OTHERS/Covering_Schedule_819_page_2.png,2
/home/data_science/geo_testing/Classification_root/LC_org/LC/OTHERS/Covering_Schedule_153_page_1.png,2
/home/data_science/geo_testing/Classification_root/LC_org/LC/OTHERS/Covering_Schedule_606_page_2.png,2
/home/data_science/geo_testing/Classification_root/LC_org/LC/PO/Purchase_Order_417_0.png,0
/home/data_science/geo_testing/Classification_root/LC_org/LC/OTHERS/Covering_Schedule_694_page_0.png,2
/home/data_science/geo_testing/Classification_root/LC_org/LC/PI/Proforma_Invoice_309_0.png,1
/home/data_science/geo_testing/Classification_root/LC_org/LC/OTHERS/Covering_Schedule_617_page_0.png,2
/home/data_science/geo_testing/Classification_root/LC_org/LC/OTHERS/Covering_Schedule_790_page_2.png,2
/home/data_science/geo_testing/Classification_root/LC_org/LC/OTHERS/Certificate_Of_Origin_411_page_2.png,2
/home/data_science/geo_testing/Classification_root/LC_org/LC/OTHERS/Packing_List_392_page_191.png,2
/home/data_science/geo_testing/Classification_root/LC_org/LC/PO/Purchase_Order_By_Opener(2013_04_16_16_37_11_2117)_39_0.png,0
/home/data_science/geo_testing/Classification_root/LC_org/LC/PO/Purchase_Order_By_Opener_418_2.png,0
/home/data_science/geo_testing/Classification_root/LC_org/LC/PO/Purchase_Order_By_Opener_137_0.png,0
/home/data_science/geo_testing/Classification_root/LC_org/LC/OTHERS/Covering_Schedule_995_page_0.png,2
/home/data_science/geo_testing/Classification_root/LC_org/LC/OTHERS/Packing_List_719_page_5.png,2
/home/data_science/geo_testing/Classification_root/LC_org/LC/OTHERS/Packing_List_392_page_293.png,2
/home/data_science/geo_testing/Classification_root/LC_org/LC/PO/Purchase_Order_87_19.png,0
/home/data_science/geo_testing/Classification_root/LC_org/LC/OTHERS/Covering_Schedule_450_page_22.png,2
/home/data_science/geo_testing/Classification_root/LC_org/LC/PO/Purchase_Order_62_10.png,0
/home/data_science/geo_testing/Classification_root/LC_org/LC/OTHERS/Covering_Schedule_57_page_8.png,2
/home/data_science/geo_testing/Classification_root/LC_org/LC/OTHERS/Covering_Schedule_209_page_1.png,2
/home/data_science/geo_testing/Classification_root/LC_org/LC/PI/Proforma_Invoice_42_1.png,1
/home/data_science/geo_testing/Classification_root/LC_org/LC/OTHERS/Certificate_Of_Origin_580_page_68.png,2
/home/data_science/geo_testing/Classification_root/LC_org/LC/PO/Purchase_Order_By_Opener_449_0.png,0
/home/data_science/geo_testing/Classification_root/LC_org/LC/OTHERS/Covering_Schedule_800_page_1.png,2
/home/data_science/geo_testing/Classification_root/LC_org/LC/OTHERS/Packing_List_298_page_1.png,2
/home/data_science/geo_testing/Classification_root/LC_org/LC/OTHERS/Certificate_Of_Origin_201_page_6.png,2
/home/data_science/geo_testing/Classification_root/LC_org/LC/OTHERS/Certificate_Of_Origin_315_page_3.png,2
/home/data_science/geo_testing/Classification_root/LC_org/LC/OTHERS/Bill_Of_Landing_808_page_5.png,2
/home/data_science/geo_testing/Classification_root/LC_org/LC/OTHERS/Insurance_Certificate_1_page_23.png,2
/home/data_science/geo_testing/Classification_root/LC_org/LC/PO/Purchase_Order_By_Opener_124_0.png,0
/home/data_science/geo_testing/Classification_root/LC_org/LC/OTHERS/Certificate_Of_Origin_580_page_63.png,2
/home/data_science/geo_testing/Classification_root/LC_org/LC/PI/Proforma_Invoice_364_0.png,1
/home/data_science/geo_testing/Classification_root/LC_org/LC/OTHERS/Covering_Schedule_876_page_0.png,2
/home/data_science/geo_testing/Classification_root/LC_org/LC/OTHERS/Certificate_Of_Origin_470_page_42.png,2
/home/data_science/geo_testing/Classification_root/LC_org/LC/OTHERS/Covering_Schedule_20_page_1.png,2
/home/data_science/geo_testing/Classification_root/LC_org/LC/PO/Purchase_Order_By_Opener_367_2.png,0
/home/data_science/geo_testing/Classification_root/LC_org/LC/OTHERS/Covering_Schedule_452_page_3.png,2
/home/data_science/geo_testing/Classification_root/LC_org/LC/OTHERS/Packing_List_392_page_310.png,2
/home/data_science/geo_testing/Classification_root/LC_org/LC/OTHERS/Covering_Schedule_182_page_0.png,2
/home/data_science/geo_testing/Classification_root/LC_org/LC/PO/Purchase_Order_By_Opener_173_0.png,0
/home/data_science/geo_testing/Classification_root/LC_org/LC/PO/Purchase_Order_302_14.png,0
/home/data_science/geo_testing/Classification_root/LC_org/LC/OTHERS/Covering_Schedule_481_page_12.png,2
/home/data_science/geo_testing/Classification_root/LC_org/LC/OTHERS/Covering_Schedule_765_page_0.png,2
/home/data_science/geo_testing/Classification_root/LC_org/LC/OTHERS/Covering_Schedule_806_page_0.png,2
/home/data_science/geo_testing/Classification_root/LC_org/LC/PO/Purchase_Order_130_2.png,0
/home/data_science/geo_testing/Classification_root/LC_org/LC/OTHERS/Packing_List_617_page_4.png,2
/home/data_science/geo_testing/Classification_root/LC_org/LC/OTHERS/Covering_Schedule_607_page_2.png,2
/home/data_science/geo_testing/Classification_root/LC_org/LC/PO/Purchase_Order_199_5.png,0
/home/data_science/geo_testing/Classification_root/LC_org/LC/OTHERS/Packing_List_568_page_9.png,2
/home/data_science/geo_testing/Classification_root/LC_org/LC/OTHERS/Covering_Schedule_33_page_0.png,2
/home/data_science/geo_testing/Classification_root/LC_org/LC/OTHERS/Covering_Schedule_386_page_0.png,2
/home/data_science/geo_testing/Classification_root/LC_org/LC/OTHERS/Covering_Schedule_234_page_5.png,2
/home/data_science/geo_testing/Classification_root/LC_org/LC/OTHERS/Covering_Schedule_926_page_7.png,2
/home/data_science/geo_testing/Classification_root/LC_org/LC/OTHERS/Covering_Schedule_879_page_2.png,2
/home/data_science/geo_testing/Classification_root/LC_org/LC/OTHERS/Covering_Schedule_905_page_0.png,2
/home/data_science/geo_testing/Classification_root/LC_org/LC/OTHERS/Bill_Of_Landing_112_page_8.png,2
/home/data_science/geo_testing/Classification_root/LC_org/LC/OTHERS/Insurance_Certificate_22_page_0.png,2
/home/data_science/geo_testing/Classification_root/LC_org/LC/PO/Purchase_Order_543_3.png,0
/home/data_science/geo_testing/Classification_root/LC_org/LC/PI/Proforma_Invoice_429_0.png,1
/home/data_science/geo_testing/Classification_root/LC_org/LC/OTHERS/Bill_Of_Landing_441_page_1.png,2
/home/data_science/geo_testing/Classification_root/LC_org/LC/OTHERS/Packing_List_22_page_1.png,2
/home/data_science/geo_testing/Classification_root/LC_org/LC/PO/Purchase_Order_77_4.png,0
/home/data_science/geo_testing/Classification_root/LC_org/LC/OTHERS/Covering_Schedule_435_page_0.png,2
/home/data_science/geo_testing/Classification_root/LC_org/LC/PI/Proforma_Invoice_308_0.png,1
/home/data_science/geo_testing/Classification_root/LC_org/LC/OTHERS/Certificate_Of_Origin_761_page_1.png,2
/home/data_science/geo_testing/Classification_root/LC_org/LC/OTHERS/Certificate_Of_Origin_965_page_2.png,2
/home/data_science/geo_testing/Classification_root/LC_org/LC/OTHERS/Covering_Schedule_10_page_13.png,2
/home/data_science/geo_testing/Classification_root/LC_org/LC/OTHERS/Packing_List_568_page_28.png,2
/home/data_science/geo_testing/Classification_root/LC_org/LC/PO/Purchase_Order_164_1.png,0
/home/data_science/geo_testing/Classification_root/LC_org/LC/OTHERS/Packing_List_868_page_4.png,2
/home/data_science/geo_testing/Classification_root/LC_org/LC/OTHERS/Covering_Schedule_267_page_4.png,2
/home/data_science/geo_testing/Classification_root/LC_org/LC/OTHERS/Certificate_Of_Origin_515_page_0.png,2
/home/data_science/geo_testing/Classification_root/LC_org/LC/PI/Proforma_Invoice_479_0.png,1
/home/data_science/geo_testing/Classification_root/LC_org/LC/PI/Proforma_Invoice_428_0.png,1
/home/data_science/geo_testing/Classification_root/LC_org/LC/OTHERS/Packing_List_392_page_218.png,2
/home/data_science/geo_testing/Classification_root/LC_org/LC/OTHERS/Bill_Of_Landing_591_page_1.png,2
/home/data_science/geo_testing/Classification_root/LC_org/LC/OTHERS/Packing_List_392_page_233.png,2
/home/data_science/geo_testing/Classification_root/LC_org/LC/OTHERS/Covering_Schedule_128_page_0.png,2
/home/data_science/geo_testing/Classification_root/LC_org/LC/OTHERS/Insurance_Certificate_20_page_3.png,2
/home/data_science/geo_testing/Classification_root/LC_org/LC/OTHERS/Foreign_Bank_Covering_Schedule_642_page_5.png,2
/home/data_science/geo_testing/Classification_root/LC_org/LC/OTHERS/Covering_Schedule_307_page_2.png,2
/home/data_science/geo_testing/Classification_root/LC_org/LC/PI/Proforma_Invoice_255_9.png,1
/home/data_science/geo_testing/Classification_root/LC_org/LC/OTHERS/Bill_Of_Landing_434_page_3.png,2
/home/data_science/geo_testing/Classification_root/LC_org/LC/PI/Proforma_Invoice_156_3.png,1
/home/data_science/geo_testing/Classification_root/LC_org/LC/OTHERS/Covering_Schedule_162_page_4.png,2
/home/data_science/geo_testing/Classification_root/LC_org/LC/PI/Proforma_Invoice_484_0.png,1
/home/data_science/geo_testing/Classification_root/LC_org/LC/OTHERS/Certificate_Of_Origin_646_page_1.png,2
/home/data_science/geo_testing/Classification_root/LC_org/LC/PO/Purchase_Order_By_Opener_273_0.png,0
/home/data_science/geo_testing/Classification_root/LC_org/LC/OTHERS/Covering_Schedule_738_page_0.png,2
/home/data_science/geo_testing/Classification_root/LC_org/LC/PI/Proforma_Invoice_224_2.png,1
/home/data_science/geo_testing/Classification_root/LC_org/LC/PO/Purchase_Order_By_Opener_171_0.png,0
/home/data_science/geo_testing/Classification_root/LC_org/LC/OTHERS/Certificate_Of_Origin_418_page_3.png,2
/home/data_science/geo_testing/Classification_root/LC_org/LC/PO/Purchase_Order_By_Opener_141_3.png,0
/home/data_science/geo_testing/Classification_root/LC_org/LC/OTHERS/Bill_Of_Landing_210_page_2.png,2
/home/data_science/geo_testing/Classification_root/LC_org/LC/PO/Purchase_Order_By_Opener_151_0.png,0
/home/data_science/geo_testing/Classification_root/LC_org/LC/OTHERS/Covering_Schedule_861_page_0.png,2
/home/data_science/geo_testing/Classification_root/LC_org/LC/OTHERS/Covering_Schedule_8_page_11.png,2
/home/data_science/geo_testing/Classification_root/LC_org/LC/PO/Purchase_Order_298_29.png,0
/home/data_science/geo_testing/Classification_root/LC_org/LC/PO/Purchase_Order_By_Opener_489_0.png,0
/home/data_science/geo_testing/Classification_root/LC_org/LC/OTHERS/Covering_Schedule_878_page_2.png,2
/home/data_science/geo_testing/Classification_root/LC_org/LC/OTHERS/Bill_Of_Landing_729_page_1.png,2
/home/data_science/geo_testing/Classification_root/LC_org/LC/PO/Purchase_Order_By_Opener_498_4.png,0
/home/data_science/geo_testing/Classification_root/LC_org/LC/OTHERS/Covering_Schedule_491_page_0.png,2
/home/data_science/geo_testing/Classification_root/LC_org/LC/OTHERS/Certificate_Of_Origin_896_page_1.png,2
/home/data_science/geo_testing/Classification_root/LC_org/LC/PI/Proforma_Invoice_222_0.png,1
/home/data_science/geo_testing/Classification_root/LC_org/LC/PI/Proforma_Invoice_209_0.png,1
/home/data_science/geo_testing/Classification_root/LC_org/LC/PI/Proforma_Invoice_120_0.png,1
/home/data_science/geo_testing/Classification_root/LC_org/LC/OTHERS/Packing_List_392_page_272.png,2
/home/data_science/geo_testing/Classification_root/LC_org/LC/OTHERS/Certificate_Of_Origin_860_page_2.png,2
/home/data_science/geo_testing/Classification_root/LC_org/LC/OTHERS/Bill_Of_Landing_337_page_0.png,2
/home/data_science/geo_testing/Classification_root/LC_org/LC/OTHERS/Covering_Schedule_819_page_4.png,2
/home/data_science/geo_testing/Classification_root/LC_org/LC/OTHERS/Covering_Schedule_364_page_3.png,2
/home/data_science/geo_testing/Classification_root/LC_org/LC/OTHERS/Covering_Schedule_463_page_20.png,2
/home/data_science/geo_testing/Classification_root/LC_org/LC/OTHERS/Bill_of_lading_1998_page_2.png,2
/home/data_science/geo_testing/Classification_root/LC_org/LC/PI/Proforma_Invoice_204_3.png,1
/home/data_science/geo_testing/Classification_root/LC_org/LC/PI/Proforma_Invoice_580_0.png,1
/home/data_science/geo_testing/Classification_root/LC_org/LC/OTHERS/Covering_Schedule_701_page_3.png,2
/home/data_science/geo_testing/Classification_root/LC_org/LC/PO/Purchase_Order_534_12.png,0
/home/data_science/geo_testing/Classification_root/LC_org/LC/OTHERS/Bill_Of_Landing_888_page_2.png,2
/home/data_science/geo_testing/Classification_root/LC_org/LC/PI/Proforma_Invoice_131_0.png,1
/home/data_science/geo_testing/Classification_root/LC_org/LC/OTHERS/Covering_Schedule_654_page_0.png,2
/home/data_science/geo_testing/Classification_root/LC_org/LC/OTHERS/Packing_List_413_page_0.png,2
/home/data_science/geo_testing/Classification_root/LC_org/LC/OTHERS/Certificate_Of_Origin_164_page_1.png,2
/home/data_science/geo_testing/Classification_root/LC_org/LC/OTHERS/Bill_Of_Landing_714_page_5.png,2
/home/data_science/geo_testing/Classification_root/LC_org/LC/OTHERS/Covering_Schedule_379_page_0.png,2
/home/data_science/geo_testing/Classification_root/LC_org/LC/OTHERS/Bill_Of_Landing_235_page_7.png,2
/home/data_science/geo_testing/Classification_root/LC_org/LC/PO/Purchase_Order_112_0.png,0
/home/data_science/geo_testing/Classification_root/LC_org/LC/OTHERS/Packing_List_69_page_3.png,2
/home/data_science/geo_testing/Classification_root/LC_org/LC/PO/Purchase_Order_302_16.png,0
/home/data_science/geo_testing/Classification_root/LC_org/LC/OTHERS/Covering_Schedule_763_page_0.png,2
/home/data_science/geo_testing/Classification_root/LC_org/LC/OTHERS/Covering_Schedule_788_page_0.png,2
/home/data_science/geo_testing/Classification_root/LC_org/LC/OTHERS/Certificate_Of_Origin_263_page_4.png,2
/home/data_science/geo_testing/Classification_root/LC_org/LC/OTHERS/Bill_Of_Landing_418_page_1.png,2
/home/data_science/geo_testing/Classification_root/LC_org/LC/PO/Purchase_Order_125_6.png,0
/home/data_science/geo_testing/Classification_root/LC_org/LC/OTHERS/Bill_Of_Landing_418_page_2.png,2
/home/data_science/geo_testing/Classification_root/LC_org/LC/OTHERS/Covering_Schedule_66_page_0.png,2
/home/data_science/geo_testing/Classification_root/LC_org/LC/OTHERS/Covering_Schedule_727_page_10.png,2
/home/data_science/geo_testing/Classification_root/LC_org/LC/OTHERS/Covering_Schedule_316_page_0.png,2
/home/data_science/geo_testing/Classification_root/LC_org/LC/OTHERS/Packing_List_0_page_0.png,2
/home/data_science/geo_testing/Classification_root/LC_org/LC/OTHERS/Bill_Of_Landing_600_page_19.png,2
/home/data_science/geo_testing/Classification_root/LC_org/LC/PO/Purchase_Order_298_32.png,0
/home/data_science/geo_testing/Classification_root/LC_org/LC/PO/Purchase_Order_534_9.png,0
/home/data_science/geo_testing/Classification_root/LC_org/LC/OTHERS/Bill_Of_Landing_776_page_11.png,2
/home/data_science/geo_testing/Classification_root/LC_org/LC/OTHERS/Certificate_Of_Origin_191_page_4.png,2
/home/data_science/geo_testing/Classification_root/LC_org/LC/OTHERS/Certificate_Of_Origin_968_page_2.png,2
/home/data_science/geo_testing/Classification_root/LC_org/LC/PO/Purchase_Order_53_0.png,0
/home/data_science/geo_testing/Classification_root/LC_org/LC/PO/Purchase_Order_By_Opener_190_0.png,0
/home/data_science/geo_testing/Classification_root/LC_org/LC/PI/Proforma_Invoice_167_0.png,1
/home/data_science/geo_testing/Classification_root/LC_org/LC/OTHERS/Covering_Schedule_364_page_1.png,2
/home/data_science/geo_testing/Classification_root/LC_org/LC/OTHERS/Covering_Schedule_896_page_0.png,2
/home/data_science/geo_testing/Classification_root/LC_org/LC/OTHERS/Foreign_Bank_Covering_Schedule(2013_01_10_17_32_49_3739)_315_page_0.png,2
/home/data_science/geo_testing/Classification_root/LC_org/LC/OTHERS/Packing_List_342_page_1.png,2
/home/data_science/geo_testing/Classification_root/LC_org/LC/OTHERS/Bill_Of_Landing_564_page_6.png,2
/home/data_science/geo_testing/Classification_root/LC_org/LC/PO/Purchase_Order_By_Opener_546_1.png,0
/home/data_science/geo_testing/Classification_root/LC_org/LC/OTHERS/Certificate_Of_Origin_269_page_7.png,2
/home/data_science/geo_testing/Classification_root/LC_org/LC/PO/Purchase_Order_By_Opener_559_0.png,0
/home/data_science/geo_testing/Classification_root/LC_org/LC/OTHERS/Covering_Schedule_910_page_0.png,2
/home/data_science/geo_testing/Classification_root/LC_org/LC/PO/Purchase_Order_By_Opener_498_3.png,0
/home/data_science/geo_testing/Classification_root/LC_org/LC/OTHERS/Covering_Schedule_959_page_0.png,2
/home/data_science/geo_testing/Classification_root/LC_org/LC/OTHERS/Covering_Schedule_931_page_0.png,2
/home/data_science/geo_testing/Classification_root/LC_org/LC/OTHERS/Covering_Schedule_832_page_0.png,2
/home/data_science/geo_testing/Classification_root/LC_org/LC/PI/Proforma_Invoice_217_0.png,1
/home/data_science/geo_testing/Classification_root/LC_org/LC/OTHERS/Packing_List_805_page_2.png,2
/home/data_science/geo_testing/Classification_root/LC_org/LC/PO/Purchase_Order_298_12.png,0
/home/data_science/geo_testing/Classification_root/LC_org/LC/OTHERS/Covering_Schedule_481_page_8.png,2
/home/data_science/geo_testing/Classification_root/LC_org/LC/OTHERS/Covering_Schedule_239_page_2.png,2
/home/data_science/geo_testing/Classification_root/LC_org/LC/PO/Purchase_Order_298_25.png,0
/home/data_science/geo_testing/Classification_root/LC_org/LC/PI/Proforma_Invoice_167_3.png,1
/home/data_science/geo_testing/Classification_root/LC_org/LC/OTHERS/Covering_Schedule_797_page_0.png,2
/home/data_science/geo_testing/Classification_root/LC_org/LC/PO/Purchase_Order_564_3.png,0
/home/data_science/geo_testing/Classification_root/LC_org/LC/OTHERS/Certificate_Of_Origin_476_page_5.png,2
/home/data_science/geo_testing/Classification_root/LC_org/LC/OTHERS/Covering_Schedule_212_page_0.png,2
/home/data_science/geo_testing/Classification_root/LC_org/LC/OTHERS/Covering_Schedule_825_page_3.png,2
/home/data_science/geo_testing/Classification_root/LC_org/LC/OTHERS/Certificate_Of_Origin_547_page_4.png,2
/home/data_science/geo_testing/Classification_root/LC_org/LC/OTHERS/Covering_Schedule_455_page_0.png,2
/home/data_science/geo_testing/Classification_root/LC_org/LC/PI/Proforma_Invoice_590_2.png,1
/home/data_science/geo_testing/Classification_root/LC_org/LC/PI/Proforma_Invoice_276_0.png,1
/home/data_science/geo_testing/Classification_root/LC_org/LC/OTHERS/Certificate_Of_Origin_766_page_1.png,2
/home/data_science/geo_testing/Classification_root/LC_org/LC/OTHERS/Bill_Of_Landing_837_page_6.png,2
/home/data_science/geo_testing/Classification_root/LC_org/LC/OTHERS/Packing_List_595_page_25.png,2
/home/data_science/geo_testing/Classification_root/LC_org/LC/OTHERS/Covering_Schedule_847_page_0.png,2
/home/data_science/geo_testing/Classification_root/LC_org/LC/OTHERS/Covering_Schedule_253_page_7.png,2
/home/data_science/geo_testing/Classification_root/LC_org/LC/OTHERS/Covering_Schedule_530_page_1.png,2
/home/data_science/geo_testing/Classification_root/LC_org/LC/OTHERS/Packing_List_392_page_242.png,2
/home/data_science/geo_testing/Classification_root/LC_org/LC/OTHERS/Packing_List_392_page_284.png,2
/home/data_science/geo_testing/Classification_root/LC_org/LC/PO/Purchase_Order_534_18.png,0
/home/data_science/geo_testing/Classification_root/LC_org/LC/PO/Purchase_Order_403_8.png,0
/home/data_science/geo_testing/Classification_root/LC_org/LC/OTHERS/Insurance_Certificate_1_page_6.png,2
/home/data_science/geo_testing/Classification_root/LC_org/LC/OTHERS/Covering_Schedule_322_page_8.png,2
/home/data_science/geo_testing/Classification_root/LC_org/LC/OTHERS/Covering_Schedule_621_page_0.png,2
/home/data_science/geo_testing/Classification_root/LC_org/LC/OTHERS/Certificate_Of_Origin_313_page_5.png,2
/home/data_science/geo_testing/Classification_root/LC_org/LC/PI/Proforma_Invoice_186_0.png,1
/home/data_science/geo_testing/Classification_root/LC_org/LC/PO/Purchase_Order_By_Opener_108_0.png,0
/home/data_science/geo_testing/Classification_root/LC_org/LC/PO/Purchase_Order_87_17.png,0
/home/data_science/geo_testing/Classification_root/LC_org/LC/PI/Proforma_Invoice_426_0.png,1
/home/data_science/geo_testing/Classification_root/LC_org/LC/OTHERS/Packing_List_916_page_4.png,2
/home/data_science/geo_testing/Classification_root/LC_org/LC/PO/Purchase_Order_362_8.png,0
/home/data_science/geo_testing/Classification_root/LC_org/LC/OTHERS/Certificate_Of_Origin_872_page_1.png,2
/home/data_science/geo_testing/Classification_root/LC_org/LC/OTHERS/Packing_List_884_page_3.png,2
/home/data_science/geo_testing/Classification_root/LC_org/LC/OTHERS/Bill_Of_Landing_587_page_4.png,2
/home/data_science/geo_testing/Classification_root/LC_org/LC/OTHERS/Bill_Of_Landing_766_page_1.png,2
/home/data_science/geo_testing/Classification_root/LC_org/LC/OTHERS/Bill_Of_Landing_126_page_3.png,2
/home/data_science/geo_testing/Classification_root/LC_org/LC/OTHERS/Covering_Schedule_520_page_3.png,2
/home/data_science/geo_testing/Classification_root/LC_org/LC/PO/Purchase_Order_By_Opener_156_0.png,0
/home/data_science/geo_testing/Classification_root/LC_org/LC/PI/Proforma_Invoice_203_1.png,1
/home/data_science/geo_testing/Classification_root/LC_org/LC/OTHERS/Bill_Of_Landing_299_page_2.png,2
/home/data_science/geo_testing/Classification_root/LC_org/LC/OTHERS/Covering_Schedule_872_page_2.png,2
/home/data_science/geo_testing/Classification_root/LC_org/LC/OTHERS/Bill_Of_Landing_397_page_9.png,2
/home/data_science/geo_testing/Classification_root/LC_org/LC/OTHERS/Certificate_Of_Origin_37_page_4.png,2
/home/data_science/geo_testing/Classification_root/LC_org/LC/PI/Proforma_Invoice_299_0.png,1
/home/data_science/geo_testing/Classification_root/LC_org/LC/OTHERS/Certificate_Of_Origin_581_page_4.png,2
/home/data_science/geo_testing/Classification_root/LC_org/LC/OTHERS/Bill_Of_Landing_388_page_1.png,2
/home/data_science/geo_testing/Classification_root/LC_org/LC/OTHERS/Packing_List_392_page_150.png,2
/home/data_science/geo_testing/Classification_root/LC_org/LC/OTHERS/Covering_Schedule(2013_04_15_15_44_07_2043)_150_page_5.png,2
/home/data_science/geo_testing/Classification_root/LC_org/LC/OTHERS/Packing_List_868_page_9.png,2
/home/data_science/geo_testing/Classification_root/LC_org/LC/OTHERS/Covering_Schedule_165_page_0.png,2
/home/data_science/geo_testing/Classification_root/LC_org/LC/OTHERS/Bill_Of_Landing_714_page_11.png,2
/home/data_science/geo_testing/Classification_root/LC_org/LC/OTHERS/Covering_Schedule_437_page_3.png,2
/home/data_science/geo_testing/Classification_root/LC_org/LC/OTHERS/Covering_Schedule_955_page_0.png,2
/home/data_science/geo_testing/Classification_root/LC_org/LC/OTHERS/Covering_Schedule_237_page_4.png,2
/home/data_science/geo_testing/Classification_root/LC_org/LC/OTHERS/Bill_of_lading_37_page_1.png,2
/home/data_science/geo_testing/Classification_root/LC_org/LC/OTHERS/Covering_Schedule_450_page_9.png,2
/home/data_science/geo_testing/Classification_root/LC_org/LC/OTHERS/Bill_Of_Landing_602_page_5.png,2
/home/data_science/geo_testing/Classification_root/LC_org/LC/PO/Purchase_Order_By_Opener_123_0.png,0
/home/data_science/geo_testing/Classification_root/LC_org/LC/OTHERS/Bill_Of_Landing_839_page_3.png,2
/home/data_science/geo_testing/Classification_root/LC_org/LC/OTHERS/Bill_Of_Landing_602_page_3.png,2
/home/data_science/geo_testing/Classification_root/LC_org/LC/PO/Purchase_Order_By_Opener_357_0.png,0
/home/data_science/geo_testing/Classification_root/LC_org/LC/OTHERS/Covering_Schedule_168_page_2.png,2
/home/data_science/geo_testing/Classification_root/LC_org/LC/PO/Purchase_Order_By_Opener_97_0.png,0
/home/data_science/geo_testing/Classification_root/LC_org/LC/PO/Purchase_Order_534_14.png,0
/home/data_science/geo_testing/Classification_root/LC_org/LC/PO/Purchase_Order_534_3.png,0
/home/data_science/geo_testing/Classification_root/LC_org/LC/OTHERS/Packing_List_165_page_2.png,2
/home/data_science/geo_testing/Classification_root/LC_org/LC/OTHERS/Covering_Schedule_202_page_0.png,2
/home/data_science/geo_testing/Classification_root/LC_org/LC/OTHERS/Covering_Schedule_308_page_1.png,2
/home/data_science/geo_testing/Classification_root/LC_org/LC/PI/Proforma_Invoice_328_0.png,1
/home/data_science/geo_testing/Classification_root/LC_org/LC/OTHERS/Certificate_Of_Origin_547_page_5.png,2
/home/data_science/geo_testing/Classification_root/LC_org/LC/OTHERS/Certificate_Of_Origin_48_page_4.png,2
/home/data_science/geo_testing/Classification_root/LC_org/LC/OTHERS/Covering_Schedule_661_page_0.png,2
/home/data_science/geo_testing/Classification_root/LC_org/LC/PI/Proforma_Invoice_235_0.png,1
/home/data_science/geo_testing/Classification_root/LC_org/LC/PO/Purchase_Order_548_0.png,0
/home/data_science/geo_testing/Classification_root/LC_org/LC/OTHERS/Covering_Schedule_844_page_2.png,2
/home/data_science/geo_testing/Classification_root/LC_org/LC/OTHERS/Certificate_Of_Origin_898_page_4.png,2
/home/data_science/geo_testing/Classification_root/LC_org/LC/OTHERS/Covering_Schedule_895_page_0.png,2
/home/data_science/geo_testing/Classification_root/LC_org/LC/OTHERS/Covering_Schedule_295_page_4.png,2
/home/data_science/geo_testing/Classification_root/LC_org/LC/OTHERS/Covering_Schedule_103_page_1.png,2
/home/data_science/geo_testing/Classification_root/LC_org/LC/OTHERS/Certificate_Of_Origin_947_page_3.png,2
/home/data_science/geo_testing/Classification_root/LC_org/LC/PO/Purchase_Order_0_0.png,0
/home/data_science/geo_testing/Classification_root/LC_org/LC/PO/Purchase_Order_By_Opener_465_3.png,0
/home/data_science/geo_testing/Classification_root/LC_org/LC/OTHERS/Packing_List_719_page_0.png,2
/home/data_science/geo_testing/Classification_root/LC_org/LC/PO/Purchase_Order_By_Opener_505_0.png,0
/home/data_science/geo_testing/Classification_root/LC_org/LC/OTHERS/Packing_List_804_page_2.png,2
/home/data_science/geo_testing/Classification_root/LC_org/LC/OTHERS/Packing_List_168_page_7.png,2
/home/data_science/geo_testing/Classification_root/LC_org/LC/OTHERS/Bill_Of_Landing_826_page_1.png,2
/home/data_science/geo_testing/Classification_root/LC_org/LC/OTHERS/Packing_List_97_page_2.png,2
/home/data_science/geo_testing/Classification_root/LC_org/LC/OTHERS/Covering_Schedule_631_page_0.png,2
/home/data_science/geo_testing/Classification_root/LC_org/LC/OTHERS/Covering_Schedule_913_page_0.png,2
/home/data_science/geo_testing/Classification_root/LC_org/LC/OTHERS/Covering_Schedule_869_page_2.png,2
/home/data_science/geo_testing/Classification_root/LC_org/LC/PO/Purchase_Order_By_Opener_402_0.png,0
/home/data_science/geo_testing/Classification_root/LC_org/LC/OTHERS/Covering_Schedule_106_page_2.png,2
/home/data_science/geo_testing/Classification_root/LC_org/LC/PO/Purchase_Order_By_Opener_141_18.png,0
/home/data_science/geo_testing/Classification_root/LC_org/LC/OTHERS/Covering_Schedule_855_page_5.png,2
/home/data_science/geo_testing/Classification_root/LC_org/LC/OTHERS/Bill_of_lading_543_page_6.png,2
/home/data_science/geo_testing/Classification_root/LC_org/LC/OTHERS/Bill_Of_Landing_358_page_3.png,2
/home/data_science/geo_testing/Classification_root/LC_org/LC/OTHERS/Packing_List_484_page_5.png,2
/home/data_science/geo_testing/Classification_root/LC_org/LC/OTHERS/Covering_Schedule_449_page_9.png,2
/home/data_science/geo_testing/Classification_root/LC_org/LC/OTHERS/Covering_Schedule_611_page_0.png,2
/home/data_science/geo_testing/Classification_root/LC_org/LC/PO/Purchase_Order_By_Opener_471_0.png,0
/home/data_science/geo_testing/Classification_root/LC_org/LC/OTHERS/Certificate_Of_Origin_218_page_1.png,2
/home/data_science/geo_testing/Classification_root/LC_org/LC/PO/Purchase_Order_228_0.png,0
/home/data_science/geo_testing/Classification_root/LC_org/LC/PO/Purchase_Order_By_Opener_555_0.png,0
/home/data_science/geo_testing/Classification_root/LC_org/LC/OTHERS/Certificate_Of_Origin_183_page_3.png,2
/home/data_science/geo_testing/Classification_root/LC_org/LC/PO/Purchase_Order_By_Opener_574_1.png,0
/home/data_science/geo_testing/Classification_root/LC_org/LC/PO/Purchase_Order_By_Opener_20_0.png,0
/home/data_science/geo_testing/Classification_root/LC_org/LC/OTHERS/Covering_Schedule_368_page_0.png,2
/home/data_science/geo_testing/Classification_root/LC_org/LC/PO/Purchase_Order_152_2.png,0
/home/data_science/geo_testing/Classification_root/LC_org/LC/OTHERS/Covering_Schedule_271_page_0.png,2
/home/data_science/geo_testing/Classification_root/LC_org/LC/OTHERS/Covering_Schedule_966_page_8.png,2
/home/data_science/geo_testing/Classification_root/LC_org/LC/OTHERS/Packing_List_392_page_145.png,2
/home/data_science/geo_testing/Classification_root/LC_org/LC/OTHERS/Foreign_Bank_Covering_Schedule_484_page_4.png,2
/home/data_science/geo_testing/Classification_root/LC_org/LC/OTHERS/Packing_List_360_page_11.png,2
/home/data_science/geo_testing/Classification_root/LC_org/LC/PO/Purchase_Order_298_23.png,0
/home/data_science/geo_testing/Classification_root/LC_org/LC/OTHERS/Packing_List_595_page_24.png,2
/home/data_science/geo_testing/Classification_root/LC_org/LC/PI/Proforma_Invoice_261_0.png,1
/home/data_science/geo_testing/Classification_root/LC_org/LC/OTHERS/Certificate_Of_Origin_581_page_2.png,2
/home/data_science/geo_testing/Classification_root/LC_org/LC/OTHERS/Packing_List_759_page_23.png,2
/home/data_science/geo_testing/Classification_root/LC_org/LC/OTHERS/Bill_Of_Landing_684_page_7.png,2
/home/data_science/geo_testing/Classification_root/LC_org/LC/OTHERS/Certificate_Of_Origin_470_page_33.png,2
/home/data_science/geo_testing/Classification_root/LC_org/LC/OTHERS/Foreign_Bank_Covering_Schedule_642_page_4.png,2
/home/data_science/geo_testing/Classification_root/LC_org/LC/OTHERS/Packing_List_595_page_15.png,2
/home/data_science/geo_testing/Classification_root/LC_org/LC/OTHERS/Packing_List_321_page_1.png,2
/home/data_science/geo_testing/Classification_root/LC_org/LC/OTHERS/Covering_Schedule_867_page_0.png,2
/home/data_science/geo_testing/Classification_root/LC_org/LC/OTHERS/Covering_Schedule_391_page_2.png,2
/home/data_science/geo_testing/Classification_root/LC_org/LC/OTHERS/Covering_Schedule_897_page_2.png,2
/home/data_science/geo_testing/Classification_root/LC_org/LC/OTHERS/Foreign_Bank_Covering_Schedule_55_page_3.png,2
/home/data_science/geo_testing/Classification_root/LC_org/LC/OTHERS/Covering_Schedule_341_page_2.png,2
/home/data_science/geo_testing/Classification_root/LC_org/LC/PI/Proforma_Invoice_298_0.png,1
/home/data_science/geo_testing/Classification_root/LC_org/LC/OTHERS/Packing_List_392_page_283.png,2
/home/data_science/geo_testing/Classification_root/LC_org/LC/OTHERS/Covering_Schedule_433_page_4.png,2
/home/data_science/geo_testing/Classification_root/LC_org/LC/PO/Purchase_Order_87_12.png,0
/home/data_science/geo_testing/Classification_root/LC_org/LC/PO/Purchase_Order_298_28.png,0
/home/data_science/geo_testing/Classification_root/LC_org/LC/OTHERS/Packing_List_360_page_10.png,2
/home/data_science/geo_testing/Classification_root/LC_org/LC/PO/Purchase_Order_By_Opener_51_1.png,0
/home/data_science/geo_testing/Classification_root/LC_org/LC/OTHERS/Certificate_Of_Origin_296_page_1.png,2
/home/data_science/geo_testing/Classification_root/LC_org/LC/OTHERS/Certificate_Of_Origin_776_page_2.png,2
/home/data_science/geo_testing/Classification_root/LC_org/LC/PO/Purchase_Order_By_Opener_376_0.png,0
/home/data_science/geo_testing/Classification_root/LC_org/LC/PO/Purchase_Order_308_0.png,0
/home/data_science/geo_testing/Classification_root/LC_org/LC/OTHERS/Covering_Schedule_106_page_1.png,2
/home/data_science/geo_testing/Classification_root/LC_org/LC/PO/Purchase_Order_By_Opener_73_0.png,0
/home/data_science/geo_testing/Classification_root/LC_org/LC/OTHERS/Covering_Schedule_876_page_1.png,2
/home/data_science/geo_testing/Classification_root/LC_org/LC/PI/Proforma_Invoice_476_3.png,1
/home/data_science/geo_testing/Classification_root/LC_org/LC/OTHERS/Bill_of_lading_2013_page_2.png,2
/home/data_science/geo_testing/Classification_root/LC_org/LC/OTHERS/Packing_List_759_page_20.png,2
/home/data_science/geo_testing/Classification_root/LC_org/LC/PI/Proforma_Invoice_181_0.png,1
/home/data_science/geo_testing/Classification_root/LC_org/LC/OTHERS/Packing_List_556_page_7.png,2
/home/data_science/geo_testing/Classification_root/LC_org/LC/OTHERS/Packing_List_747_page_1.png,2
/home/data_science/geo_testing/Classification_root/LC_org/LC/OTHERS/Packing_List_406_page_1.png,2
/home/data_science/geo_testing/Classification_root/LC_org/LC/OTHERS/Covering_Schedule_209_page_2.png,2
/home/data_science/geo_testing/Classification_root/LC_org/LC/OTHERS/Covering_Schedule_858_page_1.png,2
/home/data_science/geo_testing/Classification_root/LC_org/LC/OTHERS/Covering_Schedule_759_page_0.png,2
/home/data_science/geo_testing/Classification_root/LC_org/LC/OTHERS/Certificate_Of_Origin_268_page_0.png,2
/home/data_science/geo_testing/Classification_root/LC_org/LC/OTHERS/Packing_List_360_page_1.png,2
/home/data_science/geo_testing/Classification_root/LC_org/LC/PO/Purchase_Order_By_Opener_159_5.png,0
/home/data_science/geo_testing/Classification_root/LC_org/LC/OTHERS/Covering_Schedule_923_page_0.png,2
/home/data_science/geo_testing/Classification_root/LC_org/LC/OTHERS/Bill_Of_Landing_531_page_2.png,2
/home/data_science/geo_testing/Classification_root/LC_org/LC/OTHERS/Packing_List_817_page_1.png,2
/home/data_science/geo_testing/Classification_root/LC_org/LC/PO/Purchase_Order_497_0.png,0
/home/data_science/geo_testing/Classification_root/LC_org/LC/OTHERS/Certificate_Of_Origin_204_page_5.png,2
/home/data_science/geo_testing/Classification_root/LC_org/LC/OTHERS/Packing_List_484_page_9.png,2
/home/data_science/geo_testing/Classification_root/LC_org/LC/OTHERS/Certificate_Of_Origin_27_page_1.png,2
/home/data_science/geo_testing/Classification_root/LC_org/LC/OTHERS/Covering_Schedule_722_page_0.png,2
/home/data_science/geo_testing/Classification_root/LC_org/LC/PO/Purchase_Order_By_Opener_366_0.png,0
/home/data_science/geo_testing/Classification_root/LC_org/LC/PO/Purchase_Order_298_37.png,0
/home/data_science/geo_testing/Classification_root/LC_org/LC/PO/Purchase_Order_447_6.png,0
/home/data_science/geo_testing/Classification_root/LC_org/LC/PI/Proforma_Invoice_184_0.png,1
/home/data_science/geo_testing/Classification_root/LC_org/LC/PO/Purchase_Order_362_28.png,0
/home/data_science/geo_testing/Classification_root/LC_org/LC/PO/Purchase_Order_By_Opener_45_0.png,0
/home/data_science/geo_testing/Classification_root/LC_org/LC/OTHERS/Certificate_Of_Origin_313_page_2.png,2
/home/data_science/geo_testing/Classification_root/LC_org/LC/OTHERS/Certificate_Of_Origin_314_page_21.png,2
/home/data_science/geo_testing/Classification_root/LC_org/LC/PO/Purchase_Order_By_Opener_358_1.png,0
/home/data_science/geo_testing/Classification_root/LC_org/LC/PO/Purchase_Order_By_Opener_396_0.png,0
/home/data_science/geo_testing/Classification_root/LC_org/LC/PO/Purchase_Order_534_7.png,0
/home/data_science/geo_testing/Classification_root/LC_org/LC/OTHERS/Covering_Schedule_441_page_1.png,2
/home/data_science/geo_testing/Classification_root/LC_org/LC/OTHERS/Packing_List_413_page_1.png,2
/home/data_science/geo_testing/Classification_root/LC_org/LC/PI/Proforma_Invoice_255_1.png,1
/home/data_science/geo_testing/Classification_root/LC_org/LC/OTHERS/Certificate_Of_Origin_201_page_4.png,2
/home/data_science/geo_testing/Classification_root/LC_org/LC/OTHERS/Covering_Schedule_139_page_7.png,2
/home/data_science/geo_testing/Classification_root/LC_org/LC/OTHERS/Packing_List_392_page_271.png,2
/home/data_science/geo_testing/Classification_root/LC_org/LC/OTHERS/Covering_Schedule_341_page_1.png,2
/home/data_science/geo_testing/Classification_root/LC_org/LC/OTHERS/Bill_Of_Landing_779_page_6.png,2
/home/data_science/geo_testing/Classification_root/LC_org/LC/OTHERS/Covering_Schedule_403_page_4.png,2
/home/data_science/geo_testing/Classification_root/LC_org/LC/OTHERS/Bill_Of_Landing_478_page_1.png,2
/home/data_science/geo_testing/Classification_root/LC_org/LC/OTHERS/Covering_Schedule_978_page_4.png,2
/home/data_science/geo_testing/Classification_root/LC_org/LC/PO/Purchase_Order_By_Opener_86_2.png,0
/home/data_science/geo_testing/Classification_root/LC_org/LC/OTHERS/Certificate_Of_Origin_395_page_1.png,2
/home/data_science/geo_testing/Classification_root/LC_org/LC/PO/Purchase_Order_517_13.png,0
/home/data_science/geo_testing/Classification_root/LC_org/LC/OTHERS/Certificate_Of_Origin_515_page_1.png,2
/home/data_science/geo_testing/Classification_root/LC_org/LC/OTHERS/Bill_Of_Landing_702_page_1.png,2
/home/data_science/geo_testing/Classification_root/LC_org/LC/OTHERS/Covering_Schedule_121_page_0.png,2
/home/data_science/geo_testing/Classification_root/LC_org/LC/PO/Purchase_Order_548_4.png,0
/home/data_science/geo_testing/Classification_root/LC_org/LC/OTHERS/Certificate_Of_Origin_580_page_69.png,2
/home/data_science/geo_testing/Classification_root/LC_org/LC/OTHERS/Covering_Schedule_57_page_0.png,2
/home/data_science/geo_testing/Classification_root/LC_org/LC/PI/Proforma_Invoice_464_0.png,1
/home/data_science/geo_testing/Classification_root/LC_org/LC/OTHERS/Packing_List_726_page_1.png,2
/home/data_science/geo_testing/Classification_root/LC_org/LC/OTHERS/Covering_Schedule_683_page_0.png,2
/home/data_science/geo_testing/Classification_root/LC_org/LC/PO/Purchase_Order_72_4.png,0
/home/data_science/geo_testing/Classification_root/LC_org/LC/OTHERS/Covering_Schedule_246_page_1.png,2
/home/data_science/geo_testing/Classification_root/LC_org/LC/OTHERS/Certificate_Of_Origin_115_page_13.png,2
/home/data_science/geo_testing/Classification_root/LC_org/LC/OTHERS/Bill_of_lading_1541_page_10.png,2
/home/data_science/geo_testing/Classification_root/LC_org/LC/OTHERS/Covering_Schedule_962_page_2.png,2
/home/data_science/geo_testing/Classification_root/LC_org/LC/PO/Purchase_Order_298_40.png,0
/home/data_science/geo_testing/Classification_root/LC_org/LC/OTHERS/Packing_List_392_page_241.png,2
/home/data_science/geo_testing/Classification_root/LC_org/LC/PO/Purchase_Order_298_4.png,0
/home/data_science/geo_testing/Classification_root/LC_org/LC/OTHERS/Bill_Of_Landing_812_page_2.png,2
/home/data_science/geo_testing/Classification_root/LC_org/LC/OTHERS/Certificate_Of_Origin_351_page_1.png,2
/home/data_science/geo_testing/Classification_root/LC_org/LC/PO/Purchase_Order_By_Opener_86_3.png,0
/home/data_science/geo_testing/Classification_root/LC_org/LC/PO/Purchase_Order_474_3.png,0
/home/data_science/geo_testing/Classification_root/LC_org/LC/PO/Purchase_Order_362_16.png,0
/home/data_science/geo_testing/Classification_root/LC_org/LC/OTHERS/Covering_Schedule_212_page_2.png,2
/home/data_science/geo_testing/Classification_root/LC_org/LC/PO/Purchase_Order_By_Opener_51_2.png,0
/home/data_science/geo_testing/Classification_root/LC_org/LC/OTHERS/Covering_Schedule_414_page_0.png,2
/home/data_science/geo_testing/Classification_root/LC_org/LC/OTHERS/Covering_Schedule_717_page_1.png,2
/home/data_science/geo_testing/Classification_root/LC_org/LC/PI/Proforma_Invoice_319_1.png,1
/home/data_science/geo_testing/Classification_root/LC_org/LC/OTHERS/Packing_List_513_page_1.png,2
/home/data_science/geo_testing/Classification_root/LC_org/LC/OTHERS/Insurance_Certificate_16_page_1.png,2
/home/data_science/geo_testing/Classification_root/LC_org/LC/PO/Purchase_Order_By_Opener_539_0.png,0
/home/data_science/geo_testing/Classification_root/LC_org/LC/PO/Purchase_Order_By_Opener_498_18.png,0
/home/data_science/geo_testing/Classification_root/LC_org/LC/OTHERS/Covering_Schedule_237_page_3.png,2
/home/data_science/geo_testing/Classification_root/LC_org/LC/OTHERS/Covering_Schedule_616_page_2.png,2
/home/data_science/geo_testing/Classification_root/LC_org/LC/OTHERS/Certificate_Of_Origin_470_page_0.png,2
/home/data_science/geo_testing/Classification_root/LC_org/LC/PO/Purchase_Order_326_9.png,0
/home/data_science/geo_testing/Classification_root/LC_org/LC/OTHERS/Certificate_Of_Origin_435_page_7.png,2
/home/data_science/geo_testing/Classification_root/LC_org/LC/OTHERS/Certificate_Of_Origin_917_page_4.png,2
/home/data_science/geo_testing/Classification_root/LC_org/LC/PI/Proforma_Invoice_532_1.png,1
/home/data_science/geo_testing/Classification_root/LC_org/LC/PO/Purchase_Order_By_Opener_540_4.png,0
/home/data_science/geo_testing/Classification_root/LC_org/LC/PO/Purchase_Order_By_Opener_355_0.png,0
/home/data_science/geo_testing/Classification_root/LC_org/LC/OTHERS/Packing_List_195_page_9.png,2
/home/data_science/geo_testing/Classification_root/LC_org/LC/PO/Purchase_Order_283_0.png,0
/home/data_science/geo_testing/Classification_root/LC_org/LC/OTHERS/Certificate_Of_Origin_347_page_15.png,2
/home/data_science/geo_testing/Classification_root/LC_org/LC/OTHERS/Bill_Of_Landing_852_page_1.png,2
/home/data_science/geo_testing/Classification_root/LC_org/LC/OTHERS/Covering_Schedule_45_page_5.png,2
/home/data_science/geo_testing/Classification_root/LC_org/LC/OTHERS/Certificate_Of_Origin_194_page_3.png,2
/home/data_science/geo_testing/Classification_root/LC_org/LC/OTHERS/Covering_Schedule_373_page_4.png,2
/home/data_science/geo_testing/Classification_root/LC_org/LC/OTHERS/Bill_Of_Landing_652_page_4.png,2
/home/data_science/geo_testing/Classification_root/LC_org/LC/OTHERS/Covering_Schedule_189_page_2.png,2
/home/data_science/geo_testing/Classification_root/LC_org/LC/OTHERS/Covering_Schedule_425_page_1.png,2
/home/data_science/geo_testing/Classification_root/LC_org/LC/OTHERS/Covering_Schedule_395_page_0.png,2
/home/data_science/geo_testing/Classification_root/LC_org/LC/PO/Purchase_Order_534_19.png,0
/home/data_science/geo_testing/Classification_root/LC_org/LC/OTHERS/Bill_Of_Landing_243_page_5.png,2
/home/data_science/geo_testing/Classification_root/LC_org/LC/OTHERS/Covering_Schedule_351_page_0.png,2
/home/data_science/geo_testing/Classification_root/LC_org/LC/OTHERS/Bill_Of_Landing_629_page_3.png,2
/home/data_science/geo_testing/Classification_root/LC_org/LC/OTHERS/Certificate_Of_Origin_580_page_52.png,2
/home/data_science/geo_testing/Classification_root/LC_org/LC/PI/Proforma_Invoice_150_2.png,1
/home/data_science/geo_testing/Classification_root/LC_org/LC/OTHERS/Certificate_Of_Origin_315_page_2.png,2
/home/data_science/geo_testing/Classification_root/LC_org/LC/OTHERS/Bill_Of_Landing_566_page_2.png,2
/home/data_science/geo_testing/Classification_root/LC_org/LC/PO/Purchase_Order_178_6.png,0
/home/data_science/geo_testing/Classification_root/LC_org/LC/OTHERS/Covering_Schedule_451_page_0.png,2
/home/data_science/geo_testing/Classification_root/LC_org/LC/PO/Purchase_Order_By_Opener_501_1.png,0
/home/data_science/geo_testing/Classification_root/LC_org/LC/PO/Purchase_Order_326_16.png,0
/home/data_science/geo_testing/Classification_root/LC_org/LC/PO/Purchase_Order_502_2.png,0
/home/data_science/geo_testing/Classification_root/LC_org/LC/OTHERS/Packing_List_617_page_33.png,2
/home/data_science/geo_testing/Classification_root/LC_org/LC/OTHERS/Covering_Schedule_45_page_4.png,2
/home/data_science/geo_testing/Classification_root/LC_org/LC/PI/Proforma_Invoice_534_0.png,1
/home/data_science/geo_testing/Classification_root/LC_org/LC/OTHERS/Covering_Schedule_659_page_13.png,2
/home/data_science/geo_testing/Classification_root/LC_org/LC/PI/Proforma_Invoice_128_0.png,1
/home/data_science/geo_testing/Classification_root/LC_org/LC/PO/Purchase_Order_220_2.png,0
/home/data_science/geo_testing/Classification_root/LC_org/LC/PO/Purchase_Order_302_11.png,0
/home/data_science/geo_testing/Classification_root/LC_org/LC/OTHERS/Packing_List_556_page_6.png,2
/home/data_science/geo_testing/Classification_root/LC_org/LC/PI/Proforma_Invoice_476_1.png,1
/home/data_science/geo_testing/Classification_root/LC_org/LC/OTHERS/Covering_Schedule_482_page_1.png,2
/home/data_science/geo_testing/Classification_root/LC_org/LC/OTHERS/Insurance_Certificate_0_page_13.png,2
/home/data_science/geo_testing/Classification_root/LC_org/LC/OTHERS/Covering_Schedule_285_page_0.png,2
/home/data_science/geo_testing/Classification_root/LC_org/LC/PO/Purchase_Order_By_Opener_141_13.png,0
/home/data_science/geo_testing/Classification_root/LC_org/LC/OTHERS/Bill_Of_Landing_793_page_1.png,2
/home/data_science/geo_testing/Classification_root/LC_org/LC/OTHERS/Covering_Schedule_903_page_1.png,2
/home/data_science/geo_testing/Classification_root/LC_org/LC/PI/Proforma_Invoice_268_0.png,1
/home/data_science/geo_testing/Classification_root/LC_org/LC/OTHERS/Covering_Schedule_874_page_0.png,2
/home/data_science/geo_testing/Classification_root/LC_org/LC/OTHERS/Packing_List_761_page_4.png,2
/home/data_science/geo_testing/Classification_root/LC_org/LC/PO/Purchase_Order_225_0.png,0
/home/data_science/geo_testing/Classification_root/LC_org/LC/PI/Proforma_Invoice_204_0.png,1
/home/data_science/geo_testing/Classification_root/LC_org/LC/OTHERS/Bill_Of_Landing_736_page_2.png,2
/home/data_science/geo_testing/Classification_root/LC_org/LC/PO/Purchase_Order_By_Opener_141_37.png,0
/home/data_science/geo_testing/Classification_root/LC_org/LC/PO/Purchase_Order_298_55.png,0
/home/data_science/geo_testing/Classification_root/LC_org/LC/OTHERS/Packing_List_568_page_32.png,2
/home/data_science/geo_testing/Classification_root/LC_org/LC/OTHERS/Covering_Schedule_6_page_8.png,2
/home/data_science/geo_testing/Classification_root/LC_org/LC/OTHERS/Certificate_Of_Origin_201_page_3.png,2
/home/data_science/geo_testing/Classification_root/LC_org/LC/OTHERS/Certificate_Of_Origin_361_page_2.png,2
/home/data_science/geo_testing/Classification_root/LC_org/LC/PO/Purchase_Order_403_0.png,0
/home/data_science/geo_testing/Classification_root/LC_org/LC/PO/Purchase_Order_By_Opener_458_0.png,0
/home/data_science/geo_testing/Classification_root/LC_org/LC/PO/Purchase_Order_By_Opener_431_10.png,0
/home/data_science/geo_testing/Classification_root/LC_org/LC/PO/Purchase_Order_By_Opener_42_1.png,0
/home/data_science/geo_testing/Classification_root/LC_org/LC/OTHERS/Certificate_Of_Origin_580_page_30.png,2
/home/data_science/geo_testing/Classification_root/LC_org/LC/OTHERS/Packing_List_257_page_3.png,2
/home/data_science/geo_testing/Classification_root/LC_org/LC/OTHERS/Covering_Schedule_450_page_8.png,2
/home/data_science/geo_testing/Classification_root/LC_org/LC/OTHERS/Bill_Of_Landing_416_page_7.png,2
/home/data_science/geo_testing/Classification_root/LC_org/LC/PI/Proforma_Invoice_243_0.png,1
/home/data_science/geo_testing/Classification_root/LC_org/LC/PO/Purchase_Order_403_11.png,0
/home/data_science/geo_testing/Classification_root/LC_org/LC/OTHERS/Bill_Of_Landing_810_page_0.png,2
/home/data_science/geo_testing/Classification_root/LC_org/LC/OTHERS/Covering_Schedule_136_page_2.png,2
/home/data_science/geo_testing/Classification_root/LC_org/LC/OTHERS/Covering_Schedule_927_page_1.png,2
/home/data_science/geo_testing/Classification_root/LC_org/LC/PI/Proforma_Invoice_425_0.png,1
/home/data_science/geo_testing/Classification_root/LC_org/LC/OTHERS/Bill_Of_Landing_642_page_5.png,2
/home/data_science/geo_testing/Classification_root/LC_org/LC/OTHERS/Covering_Schedule_175_page_0.png,2
/home/data_science/geo_testing/Classification_root/LC_org/LC/OTHERS/Covering_Schedule_731_page_0.png,2
/home/data_science/geo_testing/Classification_root/LC_org/LC/PI/Proforma_Invoice_205_0.png,1
/home/data_science/geo_testing/Classification_root/LC_org/LC/OTHERS/Covering_Schedule_880_page_1.png,2
/home/data_science/geo_testing/Classification_root/LC_org/LC/PO/Purchase_Order_By_Opener_141_11.png,0
/home/data_science/geo_testing/Classification_root/LC_org/LC/PI/Proforma_Invoice_255_4.png,1
/home/data_science/geo_testing/Classification_root/LC_org/LC/OTHERS/Covering_Schedule_52_page_7.png,2
/home/data_science/geo_testing/Classification_root/LC_org/LC/PI/Proforma_Invoice_316_0.png,1
/home/data_science/geo_testing/Classification_root/LC_org/LC/PO/Purchase_Order_152_3.png,0
/home/data_science/geo_testing/Classification_root/LC_org/LC/OTHERS/Covering_Schedule_382_page_0.png,2
/home/data_science/geo_testing/Classification_root/LC_org/LC/OTHERS/Packing_List_900_page_0.png,2
/home/data_science/geo_testing/Classification_root/LC_org/LC/OTHERS/Certificate_Of_Origin_614_page_8.png,2
/home/data_science/geo_testing/Classification_root/LC_org/LC/OTHERS/Packing_List_392_page_186.png,2
/home/data_science/geo_testing/Classification_root/LC_org/LC/OTHERS/Covering_Schedule_7_page_1.png,2
/home/data_science/geo_testing/Classification_root/LC_org/LC/OTHERS/Covering_Schedule_725_page_0.png,2
/home/data_science/geo_testing/Classification_root/LC_org/LC/OTHERS/Bill_Of_Landing_882_page_3.png,2
/home/data_science/geo_testing/Classification_root/LC_org/LC/PO/Purchase_Order_By_Opener_433_4.png,0
/home/data_science/geo_testing/Classification_root/LC_org/LC/OTHERS/Covering_Schedule(2013_04_17_19_41_14_6047)_743_page_0.png,2
/home/data_science/geo_testing/Classification_root/LC_org/LC/PO/Purchase_Order_125_10.png,0
/home/data_science/geo_testing/Classification_root/LC_org/LC/OTHERS/Packing_List_392_page_195.png,2
/home/data_science/geo_testing/Classification_root/LC_org/LC/OTHERS/Covering_Schedule_320_page_0.png,2
/home/data_science/geo_testing/Classification_root/LC_org/LC/PO/Purchase_Order_80_1.png,0
/home/data_science/geo_testing/Classification_root/LC_org/LC/PO/Purchase_Order_By_Opener_410_1.png,0
/home/data_science/geo_testing/Classification_root/LC_org/LC/PI/Proforma_Invoice_474_0.png,1
/home/data_science/geo_testing/Classification_root/LC_org/LC/OTHERS/Covering_Schedule_612_page_1.png,2
/home/data_science/geo_testing/Classification_root/LC_org/LC/OTHERS/Covering_Schedule_991_page_4.png,2
/home/data_science/geo_testing/Classification_root/LC_org/LC/OTHERS/Insurance_Certificate_1_page_11.png,2
/home/data_science/geo_testing/Classification_root/LC_org/LC/OTHERS/Covering_Schedule_1_page_11.png,2
/home/data_science/geo_testing/Classification_root/LC_org/LC/OTHERS/Certificate_Of_Origin_546_page_8.png,2
/home/data_science/geo_testing/Classification_root/LC_org/LC/OTHERS/Foreign_Bank_Covering_Schedule_56_page_3.png,2
/home/data_science/geo_testing/Classification_root/LC_org/LC/OTHERS/Covering_Schedule_847_page_5.png,2
/home/data_science/geo_testing/Classification_root/LC_org/LC/OTHERS/Packing_List_568_page_10.png,2
/home/data_science/geo_testing/Classification_root/LC_org/LC/OTHERS/Covering_Schedule_855_page_2.png,2
/home/data_science/geo_testing/Classification_root/LC_org/LC/OTHERS/Bill_Of_Landing_825_page_3.png,2
/home/data_science/geo_testing/Classification_root/LC_org/LC/PI/Proforma_Invoice_543_0.png,1
/home/data_science/geo_testing/Classification_root/LC_org/LC/OTHERS/Certificate_Of_Origin_314_page_11.png,2
/home/data_science/geo_testing/Classification_root/LC_org/LC/OTHERS/Bill_of_lading_1600_page_2.png,2
/home/data_science/geo_testing/Classification_root/LC_org/LC/OTHERS/Covering_Schedule_15_page_0.png,2
/home/data_science/geo_testing/Classification_root/LC_org/LC/PO/Purchase_Order_565_0.png,0
/home/data_science/geo_testing/Classification_root/LC_org/LC/PO/Purchase_Order_213_0.png,0
/home/data_science/geo_testing/Classification_root/LC_org/LC/OTHERS/Covering_Schedule_990_page_4.png,2
/home/data_science/geo_testing/Classification_root/LC_org/LC/OTHERS/Covering_Schedule(2013_04_15_18_24_59_7489)_737_page_0.png,2
/home/data_science/geo_testing/Classification_root/LC_org/LC/OTHERS/Foreign_Bank_Covering_Schedule_980_page_1.png,2
/home/data_science/geo_testing/Classification_root/LC_org/LC/PI/Proforma_Invoice_239_3.png,1
/home/data_science/geo_testing/Classification_root/LC_org/LC/OTHERS/Packing_List_595_page_31.png,2
/home/data_science/geo_testing/Classification_root/LC_org/LC/OTHERS/Covering_Schedule_904_page_1.png,2
/home/data_science/geo_testing/Classification_root/LC_org/LC/PO/Purchase_Order_534_23.png,0
/home/data_science/geo_testing/Classification_root/LC_org/LC/OTHERS/Certificate_Of_Origin_452_page_4.png,2
/home/data_science/geo_testing/Classification_root/LC_org/LC/PI/Proforma_Invoice_511_0.png,1
/home/data_science/geo_testing/Classification_root/LC_org/LC/PO/Purchase_Order_53_1.png,0
/home/data_science/geo_testing/Classification_root/LC_org/LC/OTHERS/Certificate_Of_Origin_958_page_0.png,2
/home/data_science/geo_testing/Classification_root/LC_org/LC/PO/Purchase_Order_326_18.png,0
/home/data_science/geo_testing/Classification_root/LC_org/LC/OTHERS/Covering_Schedule_207_page_1.png,2
/home/data_science/geo_testing/Classification_root/LC_org/LC/PO/Purchase_Order_By_Opener_385_1.png,0
/home/data_science/geo_testing/Classification_root/LC_org/LC/OTHERS/Covering_Schedule_829_page_0.png,2
/home/data_science/geo_testing/Classification_root/LC_org/LC/OTHERS/Packing_List(2012_08_23_15_18_45_2495)_222_page_1.png,2
/home/data_science/geo_testing/Classification_root/LC_org/LC/OTHERS/Covering_Schedule_281_page_3.png,2
/home/data_science/geo_testing/Classification_root/LC_org/LC/OTHERS/Foreign_Bank_Covering_Schedule_55_page_4.png,2
/home/data_science/geo_testing/Classification_root/LC_org/LC/OTHERS/Packing_List_437_page_6.png,2
/home/data_science/geo_testing/Classification_root/LC_org/LC/PO/Purchase_Order_By_Opener_511_0.png,0
/home/data_science/geo_testing/Classification_root/LC_org/LC/OTHERS/Certificate_Of_Origin_470_page_18.png,2
/home/data_science/geo_testing/Classification_root/LC_org/LC/OTHERS/Packing_List_195_page_10.png,2
/home/data_science/geo_testing/Classification_root/LC_org/LC/PO/Purchase_Order_By_Opener_437_3.png,0
/home/data_science/geo_testing/Classification_root/LC_org/LC/OTHERS/Covering_Schedule_606_page_4.png,2
/home/data_science/geo_testing/Classification_root/LC_org/LC/PO/Purchase_Order_362_11.png,0
/home/data_science/geo_testing/Classification_root/LC_org/LC/PO/Purchase_Order_By_Opener_556_1.png,0
/home/data_science/geo_testing/Classification_root/LC_org/LC/OTHERS/Covering_Schedule_81_page_0.png,2
/home/data_science/geo_testing/Classification_root/LC_org/LC/PO/Purchase_Order_523_0.png,0
/home/data_science/geo_testing/Classification_root/LC_org/LC/PO/Purchase_Order_By_Opener_189_0.png,0
/home/data_science/geo_testing/Classification_root/LC_org/LC/OTHERS/Covering_Schedule_252_page_11.png,2
/home/data_science/geo_testing/Classification_root/LC_org/LC/PI/Proforma_Invoice_103_0.png,1
/home/data_science/geo_testing/Classification_root/LC_org/LC/OTHERS/Certificate_Of_Origin_539_page_4.png,2
/home/data_science/geo_testing/Classification_root/LC_org/LC/OTHERS/Covering_Schedule_966_page_15.png,2
/home/data_science/geo_testing/Classification_root/LC_org/LC/PO/Purchase_Order_By_Opener_367_0.png,0
/home/data_science/geo_testing/Classification_root/LC_org/LC/PO/Purchase_Order_362_24.png,0
/home/data_science/geo_testing/Classification_root/LC_org/LC/OTHERS/Covering_Schedule_132_page_0.png,2
/home/data_science/geo_testing/Classification_root/LC_org/LC/PO/Purchase_Order_199_1.png,0
/home/data_science/geo_testing/Classification_root/LC_org/LC/PO/Purchase_Order_414_7.png,0
/home/data_science/geo_testing/Classification_root/LC_org/LC/PI/Proforma_Invoice_154_2.png,1
/home/data_science/geo_testing/Classification_root/LC_org/LC/PI/Proforma_Invoice_127_1.png,1
/home/data_science/geo_testing/Classification_root/LC_org/LC/OTHERS/Covering_Schedule_528_page_1.png,2
/home/data_science/geo_testing/Classification_root/LC_org/LC/OTHERS/Packing_List_617_page_28.png,2
/home/data_science/geo_testing/Classification_root/LC_org/LC/OTHERS/Certificate_Of_Origin_452_page_3.png,2
/home/data_science/geo_testing/Classification_root/LC_org/LC/OTHERS/Bill_of_lading_1534_page_1.png,2
/home/data_science/geo_testing/Classification_root/LC_org/LC/OTHERS/Certificate_Of_Origin_927_page_0.png,2
/home/data_science/geo_testing/Classification_root/LC_org/LC/OTHERS/Packing_List_310_page_1.png,2
/home/data_science/geo_testing/Classification_root/LC_org/LC/OTHERS/Packing_List_568_page_12.png,2
/home/data_science/geo_testing/Classification_root/LC_org/LC/PO/Purchase_Order_548_2.png,0
/home/data_science/geo_testing/Classification_root/LC_org/LC/OTHERS/Covering_Schedule_991_page_13.png,2
/home/data_science/geo_testing/Classification_root/LC_org/LC/PO/Purchase_Order_326_14.png,0
/home/data_science/geo_testing/Classification_root/LC_org/LC/PO/Purchase_Order_By_Opener_545_1.png,0
/home/data_science/geo_testing/Classification_root/LC_org/LC/OTHERS/Certificate_Of_Origin_350_page_1.png,2
/home/data_science/geo_testing/Classification_root/LC_org/LC/PO/Purchase_Order_517_25.png,0
/home/data_science/geo_testing/Classification_root/LC_org/LC/OTHERS/Bill_Of_Landing_804_page_1.png,2
/home/data_science/geo_testing/Classification_root/LC_org/LC/PI/Proforma_Invoice_352_0.png,1
/home/data_science/geo_testing/Classification_root/LC_org/LC/OTHERS/Covering_Schedule_486_page_4.png,2
/home/data_science/geo_testing/Classification_root/LC_org/LC/PO/Purchase_Order_By_Opener_186_1.png,0
/home/data_science/geo_testing/Classification_root/LC_org/LC/OTHERS/Bill_Of_Landing_416_page_8.png,2
/home/data_science/geo_testing/Classification_root/LC_org/LC/OTHERS/Covering_Schedule_659_page_0.png,2
/home/data_science/geo_testing/Classification_root/LC_org/LC/OTHERS/Bill_Of_Landing_383_page_0.png,2
/home/data_science/geo_testing/Classification_root/LC_org/LC/OTHERS/Packing_List_392_page_245.png,2
/home/data_science/geo_testing/Classification_root/LC_org/LC/OTHERS/Covering_Schedule_675_page_0.png,2
/home/data_science/geo_testing/Classification_root/LC_org/LC/PI/Proforma_Invoice_565_0.png,1
/home/data_science/geo_testing/Classification_root/LC_org/LC/OTHERS/Packing_List_568_page_29.png,2
/home/data_science/geo_testing/Classification_root/LC_org/LC/OTHERS/Bill_Of_Landing_398_page_2.png,2
/home/data_science/geo_testing/Classification_root/LC_org/LC/PI/Proforma_Invoice_204_1.png,1
/home/data_science/geo_testing/Classification_root/LC_org/LC/OTHERS/Packing_List_568_page_19.png,2
/home/data_science/geo_testing/Classification_root/LC_org/LC/OTHERS/Covering_Schedule_864_page_2.png,2
/home/data_science/geo_testing/Classification_root/LC_org/LC/OTHERS/Packing_List_392_page_244.png,2
/home/data_science/geo_testing/Classification_root/LC_org/LC/OTHERS/Covering_Schedule_820_page_0.png,2
/home/data_science/geo_testing/Classification_root/LC_org/LC/PO/Purchase_Order_By_Opener_472_2.png,0
/home/data_science/geo_testing/Classification_root/LC_org/LC/OTHERS/Covering_Schedule_897_page_0.png,2
/home/data_science/geo_testing/Classification_root/LC_org/LC/OTHERS/Insurance_Certificate_6_page_1.png,2
/home/data_science/geo_testing/Classification_root/LC_org/LC/PO/Purchase_Order_164_6.png,0
/home/data_science/geo_testing/Classification_root/LC_org/LC/OTHERS/Packing_List_392_page_129.png,2
/home/data_science/geo_testing/Classification_root/LC_org/LC/PI/Proforma_Invoice_256_0.png,1
/home/data_science/geo_testing/Classification_root/LC_org/LC/PO/Purchase_Order_By_Opener_141_9.png,0
/home/data_science/geo_testing/Classification_root/LC_org/LC/OTHERS/Bill_Of_Landing_811_page_3.png,2
/home/data_science/geo_testing/Classification_root/LC_org/LC/OTHERS/Bill_Of_Landing_824_page_1.png,2
/home/data_science/geo_testing/Classification_root/LC_org/LC/PO/Purchase_Order_By_Opener_141_38.png,0
/home/data_science/geo_testing/Classification_root/LC_org/LC/OTHERS/Certificate_Of_Origin_246_page_1.png,2
/home/data_science/geo_testing/Classification_root/LC_org/LC/PO/Purchase_Order_By_Opener(2013_04_16_16_37_11_2117)_39_1.png,0
/home/data_science/geo_testing/Classification_root/LC_org/LC/OTHERS/Covering_Schedule_778_page_10.png,2
/home/data_science/geo_testing/Classification_root/LC_org/LC/OTHERS/Packing_List_916_page_3.png,2
/home/data_science/geo_testing/Classification_root/LC_org/LC/OTHERS/Certificate_Of_Origin_141_page_3.png,2
/home/data_science/geo_testing/Classification_root/LC_org/LC/PO/Purchase_Order_By_Opener_29_0.png,0
/home/data_science/geo_testing/Classification_root/LC_org/LC/OTHERS/Bill_Of_Landing_299_page_0.png,2
/home/data_science/geo_testing/Classification_root/LC_org/LC/PO/Purchase_Order_By_Opener_18_0.png,0
/home/data_science/geo_testing/Classification_root/LC_org/LC/OTHERS/Covering_Schedule_254_page_3.png,2
/home/data_science/geo_testing/Classification_root/LC_org/LC/OTHERS/Bill_Of_Landing_826_page_2.png,2
/home/data_science/geo_testing/Classification_root/LC_org/LC/PO/Purchase_Order_By_Opener_165_0.png,0
/home/data_science/geo_testing/Classification_root/LC_org/LC/PO/Purchase_Order_302_6.png,0
/home/data_science/geo_testing/Classification_root/LC_org/LC/OTHERS/Certificate_Of_Origin_564_page_0.png,2
/home/data_science/geo_testing/Classification_root/LC_org/LC/OTHERS/Certificate_Of_Origin_115_page_22.png,2
/home/data_science/geo_testing/Classification_root/LC_org/LC/OTHERS/Bill_of_lading_1019_page_1.png,2
/home/data_science/geo_testing/Classification_root/LC_org/LC/OTHERS/Covering_Schedule_883_page_0.png,2
/home/data_science/geo_testing/Classification_root/LC_org/LC/PO/Purchase_Order_130_1.png,0
/home/data_science/geo_testing/Classification_root/LC_org/LC/PI/Proforma_Invoice_42_2.png,1
/home/data_science/geo_testing/Classification_root/LC_org/LC/OTHERS/Certificate_Of_Origin_470_page_44.png,2
/home/data_science/geo_testing/Classification_root/LC_org/LC/PI/Proforma_Invoice_97_0.png,1
/home/data_science/geo_testing/Classification_root/LC_org/LC/PO/Purchase_Order_302_9.png,0
/home/data_science/geo_testing/Classification_root/LC_org/LC/PI/Proforma_Invoice_420_0.png,1
/home/data_science/geo_testing/Classification_root/LC_org/LC/OTHERS/Certificate_Of_Origin_191_page_6.png,2
/home/data_science/geo_testing/Classification_root/LC_org/LC/OTHERS/Covering_Schedule_224_page_0.png,2
/home/data_science/geo_testing/Classification_root/LC_org/LC/OTHERS/Covering_Schedule_611_page_2.png,2
/home/data_science/geo_testing/Classification_root/LC_org/LC/OTHERS/Bill_Of_Landing_730_page_4.png,2
/home/data_science/geo_testing/Classification_root/LC_org/LC/OTHERS/Packing_List_617_page_13.png,2
/home/data_science/geo_testing/Classification_root/LC_org/LC/OTHERS/Covering_Schedule_701_page_1.png,2
/home/data_science/geo_testing/Classification_root/LC_org/LC/OTHERS/Packing_List_392_page_158.png,2
/home/data_science/geo_testing/Classification_root/LC_org/LC/PI/Proforma_Invoice_229_0.png,1
/home/data_science/geo_testing/Classification_root/LC_org/LC/OTHERS/Covering_Schedule_819_page_7.png,2
/home/data_science/geo_testing/Classification_root/LC_org/LC/OTHERS/Certificate_Of_Origin_434_page_3.png,2
/home/data_science/geo_testing/Classification_root/LC_org/LC/PO/Purchase_Order_517_14.png,0
/home/data_science/geo_testing/Classification_root/LC_org/LC/OTHERS/Covering_Schedule_975_page_0.png,2
/home/data_science/geo_testing/Classification_root/LC_org/LC/PO/Purchase_Order_By_Opener_428_2.png,0
/home/data_science/geo_testing/Classification_root/LC_org/LC/OTHERS/Certificate_Of_Origin_947_page_5.png,2
/home/data_science/geo_testing/Classification_root/LC_org/LC/OTHERS/Packing_List_595_page_37.png,2
/home/data_science/geo_testing/Classification_root/LC_org/LC/OTHERS/Bill_Of_Landing_469_page_5.png,2
/home/data_science/geo_testing/Classification_root/LC_org/LC/OTHERS/Packing_List_568_page_7.png,2
/home/data_science/geo_testing/Classification_root/LC_org/LC/PI/Proforma_Invoice_341_1.png,1
/home/data_science/geo_testing/Classification_root/LC_org/LC/PO/Purchase_Order_152_8.png,0
/home/data_science/geo_testing/Classification_root/LC_org/LC/OTHERS/Covering_Schedule_237_page_0.png,2
/home/data_science/geo_testing/Classification_root/LC_org/LC/OTHERS/Covering_Schedule_781_page_11.png,2
/home/data_science/geo_testing/Classification_root/LC_org/LC/OTHERS/Bill_Of_Landing_293_page_1.png,2
/home/data_science/geo_testing/Classification_root/LC_org/LC/OTHERS/Packing_List_369_page_1.png,2
/home/data_science/geo_testing/Classification_root/LC_org/LC/PO/Purchase_Order_By_Opener_172_0.png,0
/home/data_science/geo_testing/Classification_root/LC_org/LC/OTHERS/Packing_List_568_page_2.png,2
/home/data_science/geo_testing/Classification_root/LC_org/LC/OTHERS/Certificate_Of_Origin_314_page_7.png,2
/home/data_science/geo_testing/Classification_root/LC_org/LC/OTHERS/Covering_Schedule_12_page_2.png,2
/home/data_science/geo_testing/Classification_root/LC_org/LC/OTHERS/Bill_Of_Landing_358_page_1.png,2
/home/data_science/geo_testing/Classification_root/LC_org/LC/PI/Proforma_Invoice_96_0.png,1
/home/data_science/geo_testing/Classification_root/LC_org/LC/OTHERS/Covering_Schedule_783_page_0.png,2
/home/data_science/geo_testing/Classification_root/LC_org/LC/OTHERS/Covering_Schedule_565_page_0.png,2
/home/data_science/geo_testing/Classification_root/LC_org/LC/OTHERS/Packing_List_805_page_3.png,2
/home/data_science/geo_testing/Classification_root/LC_org/LC/PI/Proforma_Invoice_166_2.png,1
/home/data_science/geo_testing/Classification_root/LC_org/LC/PO/Purchase_Order_By_Opener_384_2.png,0
/home/data_science/geo_testing/Classification_root/LC_org/LC/OTHERS/Covering_Schedule_923_page_4.png,2
/home/data_science/geo_testing/Classification_root/LC_org/LC/OTHERS/Covering_Schedule_322_page_0.png,2
/home/data_science/geo_testing/Classification_root/LC_org/LC/OTHERS/Covering_Schedule_714_page_2.png,2
/home/data_science/geo_testing/Classification_root/LC_org/LC/OTHERS/Packing_List_318_page_1.png,2
/home/data_science/geo_testing/Classification_root/LC_org/LC/PO/Purchase_Order_By_Opener_550_12.png,0
/home/data_science/geo_testing/Classification_root/LC_org/LC/OTHERS/Certificate_Of_Origin_580_page_48.png,2
/home/data_science/geo_testing/Classification_root/LC_org/LC/OTHERS/Covering_Schedule(2013_04_16_11_41_29_1270)_242_page_0.png,2
/home/data_science/geo_testing/Classification_root/LC_org/LC/OTHERS/Packing_List_437_page_4.png,2
/home/data_science/geo_testing/Classification_root/LC_org/LC/OTHERS/Packing_List_617_page_8.png,2
/home/data_science/geo_testing/Classification_root/LC_org/LC/PO/Purchase_Order_548_5.png,0
/home/data_science/geo_testing/Classification_root/LC_org/LC/PO/Purchase_Order_By_Opener_167_0.png,0
/home/data_science/geo_testing/Classification_root/LC_org/LC/OTHERS/Bill_Of_Landing_684_page_8.png,2
/home/data_science/geo_testing/Classification_root/LC_org/LC/OTHERS/Covering_Schedule_223_page_0.png,2
/home/data_science/geo_testing/Classification_root/LC_org/LC/OTHERS/Certificate_Of_Origin_510_page_1.png,2
/home/data_science/geo_testing/Classification_root/LC_org/LC/OTHERS/Bill_Of_Landing_602_page_6.png,2
/home/data_science/geo_testing/Classification_root/LC_org/LC/OTHERS/Covering_Schedule_903_page_0.png,2
/home/data_science/geo_testing/Classification_root/LC_org/LC/OTHERS/Covering_Schedule_465_page_0.png,2
/home/data_science/geo_testing/Classification_root/LC_org/LC/PI/Proforma_Invoice_123_0.png,1
/home/data_science/geo_testing/Classification_root/LC_org/LC/OTHERS/Certificate_Of_Origin_183_page_6.png,2
/home/data_science/geo_testing/Classification_root/LC_org/LC/PO/Purchase_Order_77_11.png,0
/home/data_science/geo_testing/Classification_root/LC_org/LC/PO/Purchase_Order_474_2.png,0
/home/data_science/geo_testing/Classification_root/LC_org/LC/OTHERS/Certificate_Of_Origin_195_page_7.png,2
/home/data_science/geo_testing/Classification_root/LC_org/LC/OTHERS/Certificate_Of_Origin_802_page_1.png,2
/home/data_science/geo_testing/Classification_root/LC_org/LC/PI/Proforma_Invoice_153_0.png,1
/home/data_science/geo_testing/Classification_root/LC_org/LC/OTHERS/Covering_Schedule_169_page_5.png,2
/home/data_science/geo_testing/Classification_root/LC_org/LC/PO/Purchase_Order_298_50.png,0
/home/data_science/geo_testing/Classification_root/LC_org/LC/OTHERS/Covering_Schedule_526_page_0.png,2
/home/data_science/geo_testing/Classification_root/LC_org/LC/OTHERS/Covering_Schedule_648_page_0.png,2
/home/data_science/geo_testing/Classification_root/LC_org/LC/OTHERS/Bill_Of_Landing_844_page_3.png,2
/home/data_science/geo_testing/Classification_root/LC_org/LC/OTHERS/Packing_List_417_page_2.png,2
/home/data_science/geo_testing/Classification_root/LC_org/LC/OTHERS/Covering_Schedule_858_page_0.png,2
/home/data_science/geo_testing/Classification_root/LC_org/LC/OTHERS/Covering_Schedule_620_page_0.png,2
/home/data_science/geo_testing/Classification_root/LC_org/LC/PO/Purchase_Order_By_Opener_550_9.png,0
/home/data_science/geo_testing/Classification_root/LC_org/LC/OTHERS/Covering_Schedule_153_page_6.png,2
/home/data_science/geo_testing/Classification_root/LC_org/LC/OTHERS/Insurance_Certificate_19_page_1.png,2
/home/data_science/geo_testing/Classification_root/LC_org/LC/OTHERS/Certificate_Of_Origin_339_page_3.png,2
/home/data_science/geo_testing/Classification_root/LC_org/LC/OTHERS/Covering_Schedule_416_page_0.png,2
/home/data_science/geo_testing/Classification_root/LC_org/LC/OTHERS/Packing_List_284_page_1.png,2
/home/data_science/geo_testing/Classification_root/LC_org/LC/OTHERS/Covering_Schedule_482_page_3.png,2
/home/data_science/geo_testing/Classification_root/LC_org/LC/PO/Purchase_Order_534_6.png,0
/home/data_science/geo_testing/Classification_root/LC_org/LC/OTHERS/Covering_Schedule_246_page_0.png,2
/home/data_science/geo_testing/Classification_root/LC_org/LC/OTHERS/Bill_Of_Landing_782_page_0.png,2
/home/data_science/geo_testing/Classification_root/LC_org/LC/OTHERS/Bill_Of_Landing_151_page_2.png,2
/home/data_science/geo_testing/Classification_root/LC_org/LC/OTHERS/Covering_Schedule_234_page_0.png,2
/home/data_science/geo_testing/Classification_root/LC_org/LC/PO/Purchase_Order_126_1.png,0
/home/data_science/geo_testing/Classification_root/LC_org/LC/OTHERS/Insurance_Certificate_21_page_11.png,2
/home/data_science/geo_testing/Classification_root/LC_org/LC/OTHERS/Covering_Schedule_481_page_10.png,2
/home/data_science/geo_testing/Classification_root/LC_org/LC/OTHERS/Insurance_Certificate_0_page_27.png,2
/home/data_science/geo_testing/Classification_root/LC_org/LC/PI/Proforma_Invoice_194_0.png,1
/home/data_science/geo_testing/Classification_root/LC_org/LC/OTHERS/Packing_List_731_page_7.png,2
/home/data_science/geo_testing/Classification_root/LC_org/LC/OTHERS/Certificate_Of_Origin_580_page_66.png,2
/home/data_science/geo_testing/Classification_root/LC_org/LC/OTHERS/Covering_Schedule_169_page_2.png,2
/home/data_science/geo_testing/Classification_root/LC_org/LC/OTHERS/Packing_List_595_page_34.png,2
/home/data_science/geo_testing/Classification_root/LC_org/LC/OTHERS/Covering_Schedule_216_page_3.png,2
/home/data_science/geo_testing/Classification_root/LC_org/LC/PO/Purchase_Order_326_1.png,0
/home/data_science/geo_testing/Classification_root/LC_org/LC/OTHERS/Packing_List_415_page_3.png,2
/home/data_science/geo_testing/Classification_root/LC_org/LC/OTHERS/Certificate_Of_Origin_195_page_5.png,2
/home/data_science/geo_testing/Classification_root/LC_org/LC/PO/Purchase_Order_By_Opener_113_0.png,0
/home/data_science/geo_testing/Classification_root/LC_org/LC/OTHERS/Covering_Schedule_641_page_8.png,2
/home/data_science/geo_testing/Classification_root/LC_org/LC/OTHERS/Certificate_Of_Origin_460_page_2.png,2
/home/data_science/geo_testing/Classification_root/LC_org/LC/PI/Proforma_Invoice_166_0.png,1
/home/data_science/geo_testing/Classification_root/LC_org/LC/OTHERS/Packing_List_817_page_9.png,2
/home/data_science/geo_testing/Classification_root/LC_org/LC/OTHERS/Covering_Schedule_915_page_1.png,2
/home/data_science/geo_testing/Classification_root/LC_org/LC/OTHERS/Bill_Of_Landing_327_page_1.png,2
/home/data_science/geo_testing/Classification_root/LC_org/LC/OTHERS/Bill_Of_Landing_562_page_14.png,2
/home/data_science/geo_testing/Classification_root/LC_org/LC/OTHERS/Packing_List_617_page_22.png,2
/home/data_science/geo_testing/Classification_root/LC_org/LC/OTHERS/Packing_List_640_page_4.png,2
/home/data_science/geo_testing/Classification_root/LC_org/LC/PO/Purchase_Order_By_Opener_551_0.png,0
/home/data_science/geo_testing/Classification_root/LC_org/LC/OTHERS/Covering_Schedule_729_page_0.png,2
/home/data_science/geo_testing/Classification_root/LC_org/LC/OTHERS/Packing_List_392_page_268.png,2
/home/data_science/geo_testing/Classification_root/LC_org/LC/OTHERS/Covering_Schedule_917_page_0.png,2
/home/data_science/geo_testing/Classification_root/LC_org/LC/OTHERS/Covering_Schedule_35_page_0.png,2
/home/data_science/geo_testing/Classification_root/LC_org/LC/OTHERS/Covering_Schedule_107_page_4.png,2
/home/data_science/geo_testing/Classification_root/LC_org/LC/OTHERS/Bill_Of_Landing_808_page_4.png,2
/home/data_science/geo_testing/Classification_root/LC_org/LC/OTHERS/Bill_Of_Landing_808_page_7.png,2
/home/data_science/geo_testing/Classification_root/LC_org/LC/OTHERS/Covering_Schedule_766_page_1.png,2
/home/data_science/geo_testing/Classification_root/LC_org/LC/OTHERS/Covering_Schedule_153_page_0.png,2
/home/data_science/geo_testing/Classification_root/LC_org/LC/OTHERS/Covering_Schedule_543_page_2.png,2
/home/data_science/geo_testing/Classification_root/LC_org/LC/OTHERS/Packing_List_568_page_36.png,2
/home/data_science/geo_testing/Classification_root/LC_org/LC/OTHERS/Covering_Schedule_450_page_16.png,2
/home/data_science/geo_testing/Classification_root/LC_org/LC/OTHERS/Packing_List_568_page_24.png,2
/home/data_science/geo_testing/Classification_root/LC_org/LC/OTHERS/Packing_List_595_page_6.png,2
/home/data_science/geo_testing/Classification_root/LC_org/LC/OTHERS/Covering_Schedule_110_page_0.png,2
/home/data_science/geo_testing/Classification_root/LC_org/LC/OTHERS/Covering_Schedule_742_page_1.png,2
/home/data_science/geo_testing/Classification_root/LC_org/LC/OTHERS/Covering_Schedule_488_page_2.png,2
/home/data_science/geo_testing/Classification_root/LC_org/LC/PO/Purchase_Order_403_2.png,0
/home/data_science/geo_testing/Classification_root/LC_org/LC/OTHERS/Certificate_Of_Origin_619_page_3.png,2
/home/data_science/geo_testing/Classification_root/LC_org/LC/PO/Purchase_Order_411_3.png,0
/home/data_science/geo_testing/Classification_root/LC_org/LC/OTHERS/Bill_Of_Landing_439_page_2.png,2
/home/data_science/geo_testing/Classification_root/LC_org/LC/OTHERS/Certificate_Of_Origin_623_page_14.png,2
/home/data_science/geo_testing/Classification_root/LC_org/LC/OTHERS/Packing_List_617_page_1.png,2
/home/data_science/geo_testing/Classification_root/LC_org/LC/OTHERS/Packing_List_484_page_1.png,2
/home/data_science/geo_testing/Classification_root/LC_org/LC/OTHERS/Covering_Schedule_261_page_0.png,2
/home/data_science/geo_testing/Classification_root/LC_org/LC/PO/Purchase_Order_By_Opener_31_0.png,0
/home/data_science/geo_testing/Classification_root/LC_org/LC/OTHERS/Covering_Schedule_879_page_1.png,2
/home/data_science/geo_testing/Classification_root/LC_org/LC/OTHERS/Bill_Of_Landing_600_page_5.png,2
/home/data_science/geo_testing/Classification_root/LC_org/LC/OTHERS/Covering_Schedule(2013_04_15_18_24_59_7489)_737_page_1.png,2
/home/data_science/geo_testing/Classification_root/LC_org/LC/OTHERS/Packing_List_919_page_2.png,2
/home/data_science/geo_testing/Classification_root/LC_org/LC/OTHERS/Packing_List_165_page_3.png,2
/home/data_science/geo_testing/Classification_root/LC_org/LC/PO/Purchase_Order_446_0.png,0
/home/data_science/geo_testing/Classification_root/LC_org/LC/PO/Purchase_Order_By_Opener_570_1.png,0
/home/data_science/geo_testing/Classification_root/LC_org/LC/OTHERS/Insurance_Certificate_0_page_15.png,2
/home/data_science/geo_testing/Classification_root/LC_org/LC/OTHERS/Covering_Schedule_359_page_0.png,2
/home/data_science/geo_testing/Classification_root/LC_org/LC/OTHERS/Packing_List_392_page_234.png,2
/home/data_science/geo_testing/Classification_root/LC_org/LC/OTHERS/Covering_Schedule_778_page_1.png,2
/home/data_science/geo_testing/Classification_root/LC_org/LC/PO/Purchase_Order_534_15.png,0
/home/data_science/geo_testing/Classification_root/LC_org/LC/OTHERS/Certificate_Of_Origin_178_page_1.png,2
/home/data_science/geo_testing/Classification_root/LC_org/LC/OTHERS/Bill_Of_Landing_353_page_14.png,2
/home/data_science/geo_testing/Classification_root/LC_org/LC/OTHERS/Bill_Of_Landing_452_page_1.png,2
/home/data_science/geo_testing/Classification_root/LC_org/LC/OTHERS/Packing_List_392_page_125.png,2
/home/data_science/geo_testing/Classification_root/LC_org/LC/OTHERS/Certificate_Of_Origin_27_page_3.png,2
/home/data_science/geo_testing/Classification_root/LC_org/LC/OTHERS/Covering_Schedule_602_page_0.png,2
/home/data_science/geo_testing/Classification_root/LC_org/LC/PO/Purchase_Order_528_1.png,0
/home/data_science/geo_testing/Classification_root/LC_org/LC/OTHERS/Bill_Of_Landing_566_page_1.png,2
/home/data_science/geo_testing/Classification_root/LC_org/LC/OTHERS/Covering_Schedule_759_page_1.png,2
/home/data_science/geo_testing/Classification_root/LC_org/LC/PI/Proforma_Invoice_402_0.png,1
/home/data_science/geo_testing/Classification_root/LC_org/LC/OTHERS/Covering_Schedule_228_page_0.png,2
/home/data_science/geo_testing/Classification_root/LC_org/LC/OTHERS/Covering_Schedule_558_page_5.png,2
/home/data_science/geo_testing/Classification_root/LC_org/LC/OTHERS/Foreign_Bank_Covering_Schedule_56_page_4.png,2
/home/data_science/geo_testing/Classification_root/LC_org/LC/PO/Purchase_Order_By_Opener_159_1.png,0
/home/data_science/geo_testing/Classification_root/LC_org/LC/OTHERS/Bill_Of_Landing_418_page_25.png,2
/home/data_science/geo_testing/Classification_root/LC_org/LC/OTHERS/Bill_Of_Landing_820_page_1.png,2
/home/data_science/geo_testing/Classification_root/LC_org/LC/OTHERS/Certificate_Of_Origin_756_page_1.png,2
/home/data_science/geo_testing/Classification_root/LC_org/LC/OTHERS/Certificate_Of_Origin_580_page_67.png,2
/home/data_science/geo_testing/Classification_root/LC_org/LC/OTHERS/Covering_Schedule_12_page_7.png,2
/home/data_science/geo_testing/Classification_root/LC_org/LC/OTHERS/Certificate_Of_Origin_778_page_1.png,2
/home/data_science/geo_testing/Classification_root/LC_org/LC/PO/Purchase_Order_By_Opener_506_1.png,0
/home/data_science/geo_testing/Classification_root/LC_org/LC/PI/Proforma_Invoice_239_5.png,1
/home/data_science/geo_testing/Classification_root/LC_org/LC/OTHERS/Bill_Of_Landing_418_page_27.png,2
/home/data_science/geo_testing/Classification_root/LC_org/LC/PO/Purchase_Order_By_Opener_95_0.png,0
/home/data_science/geo_testing/Classification_root/LC_org/LC/OTHERS/Covering_Schedule_308_page_7.png,2
/home/data_science/geo_testing/Classification_root/LC_org/LC/OTHERS/Covering_Schedule_681_page_0.png,2
/home/data_science/geo_testing/Classification_root/LC_org/LC/OTHERS/Packing_List_868_page_5.png,2
/home/data_science/geo_testing/Classification_root/LC_org/LC/OTHERS/Packing_List_392_page_295.png,2
/home/data_science/geo_testing/Classification_root/LC_org/LC/OTHERS/Packing_List_684_page_1.png,2
/home/data_science/geo_testing/Classification_root/LC_org/LC/PI/Proforma_Invoice_76_1.png,1
/home/data_science/geo_testing/Classification_root/LC_org/LC/OTHERS/Bill_Of_Landing_875_page_0.png,2
/home/data_science/geo_testing/Classification_root/LC_org/LC/OTHERS/Covering_Schedule_827_page_6.png,2
/home/data_science/geo_testing/Classification_root/LC_org/LC/OTHERS/Covering_Schedule(2012_08_24_13_15_51_0364)_109_page_0.png,2
/home/data_science/geo_testing/Classification_root/LC_org/LC/OTHERS/Packing_List_568_page_38.png,2
/home/data_science/geo_testing/Classification_root/LC_org/LC/OTHERS/Covering_Schedule_153_page_9.png,2
/home/data_science/geo_testing/Classification_root/LC_org/LC/OTHERS/Certificate_Of_Origin_644_page_3.png,2
/home/data_science/geo_testing/Classification_root/LC_org/LC/OTHERS/Bill_Of_Landing_862_page_45.png,2
/home/data_science/geo_testing/Classification_root/LC_org/LC/PO/Purchase_Order_By_Opener_41_3.png,0
/home/data_science/geo_testing/Classification_root/LC_org/LC/OTHERS/Covering_Schedule_990_page_0.png,2
/home/data_science/geo_testing/Classification_root/LC_org/LC/OTHERS/Certificate_Of_Origin_313_page_6.png,2
/home/data_science/geo_testing/Classification_root/LC_org/LC/OTHERS/Covering_Schedule_722_page_14.png,2
/home/data_science/geo_testing/Classification_root/LC_org/LC/OTHERS/Covering_Schedule_891_page_2.png,2
/home/data_science/geo_testing/Classification_root/LC_org/LC/OTHERS/Bill_Of_Landing_778_page_0.png,2
/home/data_science/geo_testing/Classification_root/LC_org/LC/OTHERS/Bill_Of_Landing_895_page_0.png,2
/home/data_science/geo_testing/Classification_root/LC_org/LC/OTHERS/Certificate_Of_Origin_470_page_38.png,2
/home/data_science/geo_testing/Classification_root/LC_org/LC/OTHERS/Foreign_Bank_Covering_Schedule_642_page_3.png,2
/home/data_science/geo_testing/Classification_root/LC_org/LC/PO/Purchase_Order_85_6.png,0
/home/data_science/geo_testing/Classification_root/LC_org/LC/OTHERS/Covering_Schedule_207_page_0.png,2
/home/data_science/geo_testing/Classification_root/LC_org/LC/OTHERS/Bill_Of_Landing_128_page_1.png,2
/home/data_science/geo_testing/Classification_root/LC_org/LC/OTHERS/Covering_Schedule_376_page_0.png,2
/home/data_science/geo_testing/Classification_root/LC_org/LC/OTHERS/Covering_Schedule_867_page_3.png,2
/home/data_science/geo_testing/Classification_root/LC_org/LC/PO/Purchase_Order_By_Opener_145_0.png,0
/home/data_science/geo_testing/Classification_root/LC_org/LC/OTHERS/Certificate_Of_Origin_314_page_2.png,2
/home/data_science/geo_testing/Classification_root/LC_org/LC/OTHERS/Covering_Schedule_152_page_0.png,2
/home/data_science/geo_testing/Classification_root/LC_org/LC/PO/Purchase_Order_By_Opener_141_8.png,0
/home/data_science/geo_testing/Classification_root/LC_org/LC/OTHERS/Bill_Of_Landing_599_page_1.png,2
/home/data_science/geo_testing/Classification_root/LC_org/LC/OTHERS/Packing_List_347_page_1.png,2
/home/data_science/geo_testing/Classification_root/LC_org/LC/PI/Proforma_Invoice_146_0.png,1
/home/data_science/geo_testing/Classification_root/LC_org/LC/OTHERS/Covering_Schedule_501_page_1.png,2
/home/data_science/geo_testing/Classification_root/LC_org/LC/OTHERS/Covering_Schedule_449_page_4.png,2
/home/data_science/geo_testing/Classification_root/LC_org/LC/OTHERS/Certificate_Of_Origin_583_page_5.png,2
/home/data_science/geo_testing/Classification_root/LC_org/LC/OTHERS/Covering_Schedule_203_page_0.png,2
/home/data_science/geo_testing/Classification_root/LC_org/LC/OTHERS/Bill_Of_Landing_668_page_1.png,2
/home/data_science/geo_testing/Classification_root/LC_org/LC/PO/Purchase_Order_298_47.png,0
/home/data_science/geo_testing/Classification_root/LC_org/LC/PI/Proforma_Invoice_98_0.png,1
/home/data_science/geo_testing/Classification_root/LC_org/LC/OTHERS/Covering_Schedule_990_page_3.png,2
/home/data_science/geo_testing/Classification_root/LC_org/LC/OTHERS/Bill_Of_Landing_519_page_6.png,2
/home/data_science/geo_testing/Classification_root/LC_org/LC/OTHERS/Bill_Of_Landing_888_page_1.png,2
/home/data_science/geo_testing/Classification_root/LC_org/LC/OTHERS/Certificate_Of_Origin_809_page_1.png,2
/home/data_science/geo_testing/Classification_root/LC_org/LC/OTHERS/Packing_List_392_page_193.png,2
/home/data_science/geo_testing/Classification_root/LC_org/LC/OTHERS/Packing_List_759_page_19.png,2
/home/data_science/geo_testing/Classification_root/LC_org/LC/PO/Purchase_Order_237_0.png,0
/home/data_science/geo_testing/Classification_root/LC_org/LC/OTHERS/Covering_Schedule_942_page_0.png,2
/home/data_science/geo_testing/Classification_root/LC_org/LC/OTHERS/Covering_Schedule_567_page_0.png,2
/home/data_science/geo_testing/Classification_root/LC_org/LC/PO/Purchase_Order_By_Opener_427_8.png,0
/home/data_science/geo_testing/Classification_root/LC_org/LC/PI/Proforma_Invoice_443_0.png,1
/home/data_science/geo_testing/Classification_root/LC_org/LC/OTHERS/Covering_Schedule_768_page_0.png,2
/home/data_science/geo_testing/Classification_root/LC_org/LC/OTHERS/Covering_Schedule_576_page_1.png,2
/home/data_science/geo_testing/Classification_root/LC_org/LC/OTHERS/Covering_Schedule_177_page_3.png,2
/home/data_science/geo_testing/Classification_root/LC_org/LC/OTHERS/Covering_Schedule_254_page_2.png,2
/home/data_science/geo_testing/Classification_root/LC_org/LC/OTHERS/Bill_Of_Landing_375_page_3.png,2
/home/data_science/geo_testing/Classification_root/LC_org/LC/OTHERS/Covering_Schedule_166_page_0.png,2
/home/data_science/geo_testing/Classification_root/LC_org/LC/OTHERS/Packing_List_392_page_169.png,2
/home/data_science/geo_testing/Classification_root/LC_org/LC/OTHERS/Covering_Schedule_181_page_4.png,2
/home/data_science/geo_testing/Classification_root/LC_org/LC/OTHERS/Packing_List_437_page_13.png,2
/home/data_science/geo_testing/Classification_root/LC_org/LC/OTHERS/Packing_List_617_page_30.png,2
/home/data_science/geo_testing/Classification_root/LC_org/LC/OTHERS/Covering_Schedule_479_page_1.png,2
/home/data_science/geo_testing/Classification_root/LC_org/LC/PO/Purchase_Order_By_Opener_459_1.png,0
/home/data_science/geo_testing/Classification_root/LC_org/LC/OTHERS/Packing_List_392_page_221.png,2
/home/data_science/geo_testing/Classification_root/LC_org/LC/PI/Proforma_Invoice_324_0.png,1
/home/data_science/geo_testing/Classification_root/LC_org/LC/OTHERS/Certificate_Of_Origin_269_page_11.png,2
/home/data_science/geo_testing/Classification_root/LC_org/LC/OTHERS/Covering_Schedule_166_page_1.png,2
/home/data_science/geo_testing/Classification_root/LC_org/LC/OTHERS/Packing_List_617_page_32.png,2
/home/data_science/geo_testing/Classification_root/LC_org/LC/PI/Proforma_Invoice_214_0.png,1
/home/data_science/geo_testing/Classification_root/LC_org/LC/OTHERS/Bill_Of_Landing_235_page_1.png,2
/home/data_science/geo_testing/Classification_root/LC_org/LC/OTHERS/Covering_Schedule_394_page_2.png,2
/home/data_science/geo_testing/Classification_root/LC_org/LC/OTHERS/Certificate_Of_Origin_323_page_3.png,2
/home/data_science/geo_testing/Classification_root/LC_org/LC/OTHERS/Bill_Of_Landing_826_page_0.png,2
/home/data_science/geo_testing/Classification_root/LC_org/LC/PO/Purchase_Order_91_0.png,0
/home/data_science/geo_testing/Classification_root/LC_org/LC/OTHERS/Insurance_Certificate_23_page_0.png,2
/home/data_science/geo_testing/Classification_root/LC_org/LC/OTHERS/Covering_Schedule_10_page_11.png,2
/home/data_science/geo_testing/Classification_root/LC_org/LC/OTHERS/Certificate_Of_Origin_340_page_3.png,2
/home/data_science/geo_testing/Classification_root/LC_org/LC/OTHERS/Bill_Of_Landing_146_page_1.png,2
/home/data_science/geo_testing/Classification_root/LC_org/LC/PI/Proforma_Invoice_191_0.png,1
/home/data_science/geo_testing/Classification_root/LC_org/LC/OTHERS/Insurance_Certificate_6_page_4.png,2
/home/data_science/geo_testing/Classification_root/LC_org/LC/OTHERS/Certificate_Of_Origin_249_page_1.png,2
/home/data_science/geo_testing/Classification_root/LC_org/LC/OTHERS/Covering_Schedule_281_page_9.png,2
/home/data_science/geo_testing/Classification_root/LC_org/LC/OTHERS/Packing_List_310_page_3.png,2
/home/data_science/geo_testing/Classification_root/LC_org/LC/PI/Proforma_Invoice_157_0.png,1
/home/data_science/geo_testing/Classification_root/LC_org/LC/OTHERS/Covering_Schedule_952_page_0.png,2
/home/data_science/geo_testing/Classification_root/LC_org/LC/OTHERS/Certificate_Of_Origin_405_page_0.png,2
/home/data_science/geo_testing/Classification_root/LC_org/LC/OTHERS/Certificate_Of_Origin_581_page_5.png,2
/home/data_science/geo_testing/Classification_root/LC_org/LC/PO/Purchase_Order_72_1.png,0
/home/data_science/geo_testing/Classification_root/LC_org/LC/OTHERS/Covering_Schedule_735_page_0.png,2
/home/data_science/geo_testing/Classification_root/LC_org/LC/OTHERS/Insurance_Certificate_31_page_3.png,2
/home/data_science/geo_testing/Classification_root/LC_org/LC/PO/Purchase_Order_By_Opener_580_0.png,0
/home/data_science/geo_testing/Classification_root/LC_org/LC/OTHERS/Covering_Schedule_492_page_0.png,2
/home/data_science/geo_testing/Classification_root/LC_org/LC/OTHERS/Covering_Schedule_260_page_1.png,2
/home/data_science/geo_testing/Classification_root/LC_org/LC/OTHERS/Packing_List_568_page_18.png,2
/home/data_science/geo_testing/Classification_root/LC_org/LC/OTHERS/Certificate_Of_Origin_195_page_3.png,2
/home/data_science/geo_testing/Classification_root/LC_org/LC/PO/Purchase_Order_526_3.png,0
/home/data_science/geo_testing/Classification_root/LC_org/LC/OTHERS/Bill_Of_Landing_520_page_3.png,2
/home/data_science/geo_testing/Classification_root/LC_org/LC/OTHERS/Covering_Schedule_923_page_7.png,2
/home/data_science/geo_testing/Classification_root/LC_org/LC/PO/Purchase_Order_By_Opener_501_0.png,0
/home/data_science/geo_testing/Classification_root/LC_org/LC/OTHERS/Certificate_Of_Origin_319_page_1.png,2
/home/data_science/geo_testing/Classification_root/LC_org/LC/OTHERS/Certificate_Of_Origin_470_page_43.png,2
/home/data_science/geo_testing/Classification_root/LC_org/LC/OTHERS/Covering_Schedule_879_page_4.png,2
/home/data_science/geo_testing/Classification_root/LC_org/LC/PO/Purchase_Order_By_Opener_399_0.png,0
/home/data_science/geo_testing/Classification_root/LC_org/LC/OTHERS/Covering_Schedule_247_page_1.png,2
/home/data_science/geo_testing/Classification_root/LC_org/LC/OTHERS/Certificate_Of_Origin_122_page_3.png,2
/home/data_science/geo_testing/Classification_root/LC_org/LC/OTHERS/Bill_Of_Landing_868_page_3.png,2
/home/data_science/geo_testing/Classification_root/LC_org/LC/OTHERS/Insurance_Certificate_0_page_23.png,2
/home/data_science/geo_testing/Classification_root/LC_org/LC/OTHERS/Covering_Schedule_232_page_0.png,2
/home/data_science/geo_testing/Classification_root/LC_org/LC/PO/Purchase_Order_474_8.png,0
/home/data_science/geo_testing/Classification_root/LC_org/LC/OTHERS/Packing_List_568_page_34.png,2
/home/data_science/geo_testing/Classification_root/LC_org/LC/OTHERS/Foreign_Bank_Covering_Schedule_248_page_2.png,2
/home/data_science/geo_testing/Classification_root/LC_org/LC/OTHERS/Bill_of_lading_1500_page_6.png,2
/home/data_science/geo_testing/Classification_root/LC_org/LC/PO/Purchase_Order_298_6.png,0
/home/data_science/geo_testing/Classification_root/LC_org/LC/OTHERS/Packing_List_617_page_42.png,2
/home/data_science/geo_testing/Classification_root/LC_org/LC/OTHERS/Covering_Schedule_433_page_6.png,2
/home/data_science/geo_testing/Classification_root/LC_org/LC/OTHERS/Insurance_Certificate_0_page_22.png,2
/home/data_science/geo_testing/Classification_root/LC_org/LC/OTHERS/Packing_List_392_page_275.png,2
/home/data_science/geo_testing/Classification_root/LC_org/LC/OTHERS/Bill_Of_Landing_779_page_1.png,2
/home/data_science/geo_testing/Classification_root/LC_org/LC/OTHERS/Packing_List_595_page_22.png,2
/home/data_science/geo_testing/Classification_root/LC_org/LC/OTHERS/Covering_Schedule_408_page_0.png,2
/home/data_science/geo_testing/Classification_root/LC_org/LC/OTHERS/Covering_Schedule_403_page_5.png,2
/home/data_science/geo_testing/Classification_root/LC_org/LC/PO/Purchase_Order_By_Opener_540_3.png,0
/home/data_science/geo_testing/Classification_root/LC_org/LC/PI/Proforma_Invoice_198_3.png,1
/home/data_science/geo_testing/Classification_root/LC_org/LC/PO/Purchase_Order_By_Opener_498_11.png,0
/home/data_science/geo_testing/Classification_root/LC_org/LC/PI/Proforma_Invoice_533_0.png,1
/home/data_science/geo_testing/Classification_root/LC_org/LC/OTHERS/Bill_Of_Landing_826_page_3.png,2
/home/data_science/geo_testing/Classification_root/LC_org/LC/OTHERS/Insurance_Certificate_6_page_3.png,2
/home/data_science/geo_testing/Classification_root/LC_org/LC/PO/Purchase_Order_362_1.png,0
/home/data_science/geo_testing/Classification_root/LC_org/LC/PO/Purchase_Order_447_0.png,0
/home/data_science/geo_testing/Classification_root/LC_org/LC/OTHERS/Covering_Schedule_206_page_0.png,2
/home/data_science/geo_testing/Classification_root/LC_org/LC/OTHERS/Covering_Schedule_998_page_10.png,2
/home/data_science/geo_testing/Classification_root/LC_org/LC/OTHERS/Insurance_Certificate_346_page_0.png,2
/home/data_science/geo_testing/Classification_root/LC_org/LC/OTHERS/Covering_Schedule_366_page_2.png,2
/home/data_science/geo_testing/Classification_root/LC_org/LC/OTHERS/Foreign_Bank_Covering_Schedule_642_page_1.png,2
/home/data_science/geo_testing/Classification_root/LC_org/LC/PO/Purchase_Order_By_Opener_162_0.png,0
/home/data_science/geo_testing/Classification_root/LC_org/LC/OTHERS/Covering_Schedule_762_page_0.png,2
/home/data_science/geo_testing/Classification_root/LC_org/LC/OTHERS/Bill_Of_Landing_564_page_9.png,2
/home/data_science/geo_testing/Classification_root/LC_org/LC/PO/Purchase_Order_564_4.png,0
/home/data_science/geo_testing/Classification_root/LC_org/LC/OTHERS/Bill_Of_Landing_301_page_2.png,2
/home/data_science/geo_testing/Classification_root/LC_org/LC/OTHERS/Covering_Schedule_328_page_0.png,2
/home/data_science/geo_testing/Classification_root/LC_org/LC/OTHERS/Covering_Schedule_524_page_1.png,2
/home/data_science/geo_testing/Classification_root/LC_org/LC/OTHERS/Insurance_Certificate_20_page_4.png,2
/home/data_science/geo_testing/Classification_root/LC_org/LC/PI/Proforma_Invoice_537_0.png,1
/home/data_science/geo_testing/Classification_root/LC_org/LC/PO/Purchase_Order_502_0.png,0
/home/data_science/geo_testing/Classification_root/LC_org/LC/OTHERS/Covering_Schedule_600_page_1.png,2
/home/data_science/geo_testing/Classification_root/LC_org/LC/OTHERS/Covering_Schedule_744_page_5.png,2
/home/data_science/geo_testing/Classification_root/LC_org/LC/OTHERS/Covering_Schedule_9_page_2.png,2
/home/data_science/geo_testing/Classification_root/LC_org/LC/OTHERS/Packing_List_617_page_23.png,2
/home/data_science/geo_testing/Classification_root/LC_org/LC/OTHERS/Covering_Schedule_727_page_9.png,2
/home/data_science/geo_testing/Classification_root/LC_org/LC/PO/Purchase_Order_89_2.png,0
/home/data_science/geo_testing/Classification_root/LC_org/LC/OTHERS/Covering_Schedule_758_page_0.png,2
/home/data_science/geo_testing/Classification_root/LC_org/LC/OTHERS/Covering_Schedule_87_page_3.png,2
/home/data_science/geo_testing/Classification_root/LC_org/LC/PO/Purchase_Order_By_Opener_545_0.png,0
/home/data_science/geo_testing/Classification_root/LC_org/LC/OTHERS/Bill_Of_Landing_582_page_3.png,2
/home/data_science/geo_testing/Classification_root/LC_org/LC/PO/Purchase_Order_By_Opener_388_1.png,0
/home/data_science/geo_testing/Classification_root/LC_org/LC/OTHERS/Packing_List_617_page_27.png,2
/home/data_science/geo_testing/Classification_root/LC_org/LC/OTHERS/Bill_Of_Landing_868_page_1.png,2
/home/data_science/geo_testing/Classification_root/LC_org/LC/OTHERS/Certificate_Of_Origin_154_page_1.png,2
/home/data_science/geo_testing/Classification_root/LC_org/LC/PO/Purchase_Order_By_Opener_553_0.png,0
/home/data_science/geo_testing/Classification_root/LC_org/LC/PI/Proforma_Invoice_571_0.png,1
/home/data_science/geo_testing/Classification_root/LC_org/LC/OTHERS/Packing_List_595_page_20.png,2
/home/data_science/geo_testing/Classification_root/LC_org/LC/OTHERS/Certificate_Of_Origin_612_page_1.png,2
/home/data_science/geo_testing/Classification_root/LC_org/LC/PO/Purchase_Order_By_Opener_42_4.png,0
/home/data_science/geo_testing/Classification_root/LC_org/LC/OTHERS/Covering_Schedule_836_page_0.png,2
/home/data_science/geo_testing/Classification_root/LC_org/LC/OTHERS/Certificate_Of_Origin_314_page_0.png,2
/home/data_science/geo_testing/Classification_root/LC_org/LC/OTHERS/Insurance_Certificate_0_page_16.png,2
/home/data_science/geo_testing/Classification_root/LC_org/LC/PI/Proforma_Invoice_179_0.png,1
/home/data_science/geo_testing/Classification_root/LC_org/LC/OTHERS/Certificate_Of_Origin_898_page_3.png,2
/home/data_science/geo_testing/Classification_root/LC_org/LC/OTHERS/Covering_Schedule_225_page_0.png,2
/home/data_science/geo_testing/Classification_root/LC_org/LC/OTHERS/Covering_Schedule_991_page_18.png,2
/home/data_science/geo_testing/Classification_root/LC_org/LC/PO/Purchase_Order_By_Opener_145_6.png,0
/home/data_science/geo_testing/Classification_root/LC_org/LC/OTHERS/Packing_List_804_page_3.png,2
/home/data_science/geo_testing/Classification_root/LC_org/LC/PI/Proforma_Invoice_267_1.png,1
/home/data_science/geo_testing/Classification_root/LC_org/LC/OTHERS/Bill_Of_Landing_851_page_1.png,2
/home/data_science/geo_testing/Classification_root/LC_org/LC/PO/Purchase_Order_By_Opener_141_22.png,0
/home/data_science/geo_testing/Classification_root/LC_org/LC/OTHERS/Bill_Of_Landing_600_page_20.png,2
/home/data_science/geo_testing/Classification_root/LC_org/LC/OTHERS/Packing_List_392_page_167.png,2
/home/data_science/geo_testing/Classification_root/LC_org/LC/OTHERS/Packing_List_392_page_266.png,2
/home/data_science/geo_testing/Classification_root/LC_org/LC/OTHERS/Certificate_Of_Origin_580_page_50.png,2
/home/data_science/geo_testing/Classification_root/LC_org/LC/OTHERS/Certificate_Of_Origin_619_page_1.png,2
/home/data_science/geo_testing/Classification_root/LC_org/LC/OTHERS/Covering_Schedule_302_page_0.png,2
/home/data_science/geo_testing/Classification_root/LC_org/LC/OTHERS/Covering_Schedule_826_page_3.png,2
/home/data_science/geo_testing/Classification_root/LC_org/LC/OTHERS/Packing_List_446_page_0.png,2
/home/data_science/geo_testing/Classification_root/LC_org/LC/OTHERS/Covering_Schedule(2013_01_10_11_12_07_2650)_348_page_0.png,2
/home/data_science/geo_testing/Classification_root/LC_org/LC/PO/Purchase_Order_298_8.png,0
/home/data_science/geo_testing/Classification_root/LC_org/LC/PO/Purchase_Order_By_Opener_459_0.png,0
/home/data_science/geo_testing/Classification_root/LC_org/LC/OTHERS/Covering_Schedule_869_page_4.png,2
/home/data_science/geo_testing/Classification_root/LC_org/LC/PI/Proforma_Invoice_169_0.png,1
/home/data_science/geo_testing/Classification_root/LC_org/LC/OTHERS/Covering_Schedule_548_page_1.png,2
/home/data_science/geo_testing/Classification_root/LC_org/LC/PO/Purchase_Order_By_Opener_141_33.png,0
/home/data_science/geo_testing/Classification_root/LC_org/LC/OTHERS/Bill_of_lading_1015_page_2.png,2
/home/data_science/geo_testing/Classification_root/LC_org/LC/OTHERS/Packing_List_392_page_304.png,2
/home/data_science/geo_testing/Classification_root/LC_org/LC/OTHERS/Covering_Schedule_401_page_0.png,2
/home/data_science/geo_testing/Classification_root/LC_org/LC/OTHERS/Certificate_Of_Origin_580_page_54.png,2
/home/data_science/geo_testing/Classification_root/LC_org/LC/OTHERS/Bill_Of_Landing_600_page_11.png,2
/home/data_science/geo_testing/Classification_root/LC_org/LC/OTHERS/Packing_List_869_page_5.png,2
/home/data_science/geo_testing/Classification_root/LC_org/LC/OTHERS/Certificate_Of_Origin_623_page_10.png,2
/home/data_science/geo_testing/Classification_root/LC_org/LC/PO/Purchase_Order_By_Opener_187_0.png,0
/home/data_science/geo_testing/Classification_root/LC_org/LC/OTHERS/Packing_List_568_page_1.png,2
/home/data_science/geo_testing/Classification_root/LC_org/LC/PI/Proforma_Invoice_476_0.png,1
/home/data_science/geo_testing/Classification_root/LC_org/LC/OTHERS/Packing_List_804_page_4.png,2
/home/data_science/geo_testing/Classification_root/LC_org/LC/OTHERS/Certificate_Of_Origin_449_page_4.png,2
/home/data_science/geo_testing/Classification_root/LC_org/LC/PO/Purchase_Order_By_Opener_159_2.png,0
/home/data_science/geo_testing/Classification_root/LC_org/LC/OTHERS/Certificate_Of_Origin_115_page_12.png,2
/home/data_science/geo_testing/Classification_root/LC_org/LC/OTHERS/Insurance_Certificate_20_page_5.png,2
/home/data_science/geo_testing/Classification_root/LC_org/LC/OTHERS/Covering_Schedule_696_page_2.png,2
/home/data_science/geo_testing/Classification_root/LC_org/LC/OTHERS/Certificate_Of_Origin_314_page_5.png,2
/home/data_science/geo_testing/Classification_root/LC_org/LC/OTHERS/Certificate_Of_Origin_314_page_14.png,2
/home/data_science/geo_testing/Classification_root/LC_org/LC/PO/Purchase_Order_By_Opener_437_0.png,0
/home/data_science/geo_testing/Classification_root/LC_org/LC/OTHERS/Covering_Schedule_536_page_1.png,2
/home/data_science/geo_testing/Classification_root/LC_org/LC/OTHERS/Covering_Schedule_0_page_8.png,2
/home/data_science/geo_testing/Classification_root/LC_org/LC/OTHERS/Bill_Of_Landing_117_page_5.png,2
/home/data_science/geo_testing/Classification_root/LC_org/LC/OTHERS/Covering_Schedule_868_page_0.png,2
/home/data_science/geo_testing/Classification_root/LC_org/LC/PO/Purchase_Order_By_Opener_427_6.png,0
/home/data_science/geo_testing/Classification_root/LC_org/LC/PI/Proforma_Invoice_139_0.png,1
/home/data_science/geo_testing/Classification_root/LC_org/LC/OTHERS/Certificate_Of_Origin_898_page_6.png,2
/home/data_science/geo_testing/Classification_root/LC_org/LC/PO/Purchase_Order_336_0.png,0
/home/data_science/geo_testing/Classification_root/LC_org/LC/OTHERS/Covering_Schedule_338_page_1.png,2
/home/data_science/geo_testing/Classification_root/LC_org/LC/OTHERS/Bill_Of_Landing_177_page_1.png,2
/home/data_science/geo_testing/Classification_root/LC_org/LC/OTHERS/Bill_Of_Landing_528_page_3.png,2
/home/data_science/geo_testing/Classification_root/LC_org/LC/OTHERS/Packing_List_392_page_243.png,2
/home/data_science/geo_testing/Classification_root/LC_org/LC/PO/Purchase_Order_By_Opener_550_10.png,0
/home/data_science/geo_testing/Classification_root/LC_org/LC/OTHERS/Packing_List_392_page_246.png,2
/home/data_science/geo_testing/Classification_root/LC_org/LC/OTHERS/Covering_Schedule_989_page_0.png,2
/home/data_science/geo_testing/Classification_root/LC_org/LC/OTHERS/Covering_Schedule_965_page_3.png,2
/home/data_science/geo_testing/Classification_root/LC_org/LC/OTHERS/Packing_List_320_page_1.png,2
/home/data_science/geo_testing/Classification_root/LC_org/LC/PO/Purchase_Order_215_1.png,0
/home/data_science/geo_testing/Classification_root/LC_org/LC/OTHERS/Certificate_Of_Origin_339_page_4.png,2
/home/data_science/geo_testing/Classification_root/LC_org/LC/OTHERS/Packing_List_868_page_21.png,2
/home/data_science/geo_testing/Classification_root/LC_org/LC/PI/Proforma_Invoice_224_0.png,1
/home/data_science/geo_testing/Classification_root/LC_org/LC/OTHERS/Covering_Schedule_777_page_0.png,2
/home/data_science/geo_testing/Classification_root/LC_org/LC/OTHERS/Covering_Schedule_661_page_1.png,2
/home/data_science/geo_testing/Classification_root/LC_org/LC/OTHERS/Covering_Schedule_245_page_0.png,2
/home/data_science/geo_testing/Classification_root/LC_org/LC/OTHERS/Bill_Of_Landing_717_page_1.png,2
/home/data_science/geo_testing/Classification_root/LC_org/LC/OTHERS/Covering_Schedule_543_page_0.png,2
/home/data_science/geo_testing/Classification_root/LC_org/LC/OTHERS/Bill_Of_Landing_556_page_1.png,2
/home/data_science/geo_testing/Classification_root/LC_org/LC/OTHERS/Covering_Schedule_679_page_1.png,2
/home/data_science/geo_testing/Classification_root/LC_org/LC/OTHERS/Packing_List_367_page_2.png,2
/home/data_science/geo_testing/Classification_root/LC_org/LC/OTHERS/Covering_Schedule(2013_04_16_11_41_29_1270)_242_page_1.png,2
/home/data_science/geo_testing/Classification_root/LC_org/LC/OTHERS/Bill_Of_Landing_827_page_3.png,2
/home/data_science/geo_testing/Classification_root/LC_org/LC/OTHERS/Covering_Schedule_318_page_0.png,2
/home/data_science/geo_testing/Classification_root/LC_org/LC/OTHERS/Foreign_Bank_Covering_Schedule_248_page_1.png,2
/home/data_science/geo_testing/Classification_root/LC_org/LC/OTHERS/Covering_Schedule_281_page_8.png,2
/home/data_science/geo_testing/Classification_root/LC_org/LC/PI/Proforma_Invoice_167_1.png,1
/home/data_science/geo_testing/Classification_root/LC_org/LC/PO/Purchase_Order_3_0.png,0
/home/data_science/geo_testing/Classification_root/LC_org/LC/OTHERS/Certificate_Of_Origin_896_page_0.png,2
/home/data_science/geo_testing/Classification_root/LC_org/LC/OTHERS/Packing_List_713_page_1.png,2
/home/data_science/geo_testing/Classification_root/LC_org/LC/PI/Proforma_Invoice_58_0.png,1
/home/data_science/geo_testing/Classification_root/LC_org/LC/PO/Purchase_Order_By_Opener_154_0.png,0
/home/data_science/geo_testing/Classification_root/LC_org/LC/OTHERS/Covering_Schedule_281_page_5.png,2
/home/data_science/geo_testing/Classification_root/LC_org/LC/PO/Purchase_Order_By_Opener_498_17.png,0
/home/data_science/geo_testing/Classification_root/LC_org/LC/OTHERS/Packing_List_392_page_133.png,2
/home/data_science/geo_testing/Classification_root/LC_org/LC/OTHERS/Certificate_Of_Origin_977_page_5.png,2
/home/data_science/geo_testing/Classification_root/LC_org/LC/PI/Proforma_Invoice_382_0.png,1
/home/data_science/geo_testing/Classification_root/LC_org/LC/OTHERS/Covering_Schedule_858_page_3.png,2
/home/data_science/geo_testing/Classification_root/LC_org/LC/OTHERS/Covering_Schedule_114_page_1.png,2
/home/data_science/geo_testing/Classification_root/LC_org/LC/OTHERS/Packing_List_617_page_19.png,2
/home/data_science/geo_testing/Classification_root/LC_org/LC/OTHERS/Packing_List_759_page_25.png,2
/home/data_science/geo_testing/Classification_root/LC_org/LC/PO/Purchase_Order_326_5.png,0
/home/data_science/geo_testing/Classification_root/LC_org/LC/OTHERS/Packing_List_617_page_25.png,2
/home/data_science/geo_testing/Classification_root/LC_org/LC/PI/Proforma_Invoice_95_0.png,1
/home/data_science/geo_testing/Classification_root/LC_org/LC/OTHERS/Bill_Of_Landing_153_page_1.png,2
/home/data_science/geo_testing/Classification_root/LC_org/LC/OTHERS/Packing_List_719_page_6.png,2
/home/data_science/geo_testing/Classification_root/LC_org/LC/OTHERS/Covering_Schedule_403_page_6.png,2
/home/data_science/geo_testing/Classification_root/LC_org/LC/OTHERS/Packing_List_0_page_1.png,2
/home/data_science/geo_testing/Classification_root/LC_org/LC/PI/Proforma_Invoice_140_0.png,1
/home/data_science/geo_testing/Classification_root/LC_org/LC/OTHERS/Covering_Schedule_252_page_10.png,2
/home/data_science/geo_testing/Classification_root/LC_org/LC/OTHERS/Covering_Schedule_321_page_0.png,2
/home/data_science/geo_testing/Classification_root/LC_org/LC/PO/Purchase_Order_61_3.png,0
/home/data_science/geo_testing/Classification_root/LC_org/LC/OTHERS/Bill_Of_Landing_492_page_3.png,2
/home/data_science/geo_testing/Classification_root/LC_org/LC/OTHERS/Covering_Schedule_624_page_0.png,2
/home/data_science/geo_testing/Classification_root/LC_org/LC/OTHERS/Certificate_Of_Origin_435_page_3.png,2
/home/data_science/geo_testing/Classification_root/LC_org/LC/PO/Purchase_Order_542_0.png,0
/home/data_science/geo_testing/Classification_root/LC_org/LC/OTHERS/Covering_Schedule_889_page_2.png,2
/home/data_science/geo_testing/Classification_root/LC_org/LC/PO/Purchase_Order_447_5.png,0
/home/data_science/geo_testing/Classification_root/LC_org/LC/OTHERS/Covering_Schedule_856_page_0.png,2
/home/data_science/geo_testing/Classification_root/LC_org/LC/PO/Purchase_Order_326_2.png,0
/home/data_science/geo_testing/Classification_root/LC_org/LC/PO/Purchase_Order_By_Opener_358_3.png,0
/home/data_science/geo_testing/Classification_root/LC_org/LC/PO/Purchase_Order_247_2.png,0
/home/data_science/geo_testing/Classification_root/LC_org/LC/OTHERS/Insurance_Certificate_1_page_20.png,2
/home/data_science/geo_testing/Classification_root/LC_org/LC/OTHERS/Certificate_Of_Origin_115_page_11.png,2
/home/data_science/geo_testing/Classification_root/LC_org/LC/OTHERS/Bill_Of_Landing_652_page_9.png,2
/home/data_science/geo_testing/Classification_root/LC_org/LC/OTHERS/Covering_Schedule_452_page_1.png,2
/home/data_science/geo_testing/Classification_root/LC_org/LC/OTHERS/Foreign_Bank_Covering_Schedule_313_page_7.png,2
/home/data_science/geo_testing/Classification_root/LC_org/LC/PI/Proforma_Invoice_413_1.png,1
/home/data_science/geo_testing/Classification_root/LC_org/LC/PI/Proforma_Invoice_107_0.png,1
/home/data_science/geo_testing/Classification_root/LC_org/LC/OTHERS/Packing_List_696_page_4.png,2
/home/data_science/geo_testing/Classification_root/LC_org/LC/OTHERS/Bill_Of_Landing_617_page_1.png,2
/home/data_science/geo_testing/Classification_root/LC_org/LC/OTHERS/Covering_Schedule_225_page_4.png,2
/home/data_science/geo_testing/Classification_root/LC_org/LC/OTHERS/Covering_Schedule_963_page_4.png,2
/home/data_science/geo_testing/Classification_root/LC_org/LC/OTHERS/Certificate_Of_Origin_614_page_10.png,2
/home/data_science/geo_testing/Classification_root/LC_org/LC/OTHERS/Covering_Schedule_669_page_12.png,2
/home/data_science/geo_testing/Classification_root/LC_org/LC/OTHERS/Covering_Schedule_867_page_1.png,2
/home/data_science/geo_testing/Classification_root/LC_org/LC/OTHERS/Packing_List_293_page_0.png,2
/home/data_science/geo_testing/Classification_root/LC_org/LC/OTHERS/Covering_Schedule_803_page_0.png,2
/home/data_science/geo_testing/Classification_root/LC_org/LC/OTHERS/Packing_List_392_page_282.png,2
/home/data_science/geo_testing/Classification_root/LC_org/LC/OTHERS/Certificate_Of_Origin_351_page_4.png,2
/home/data_science/geo_testing/Classification_root/LC_org/LC/PO/Purchase_Order_By_Opener_179_0.png,0
/home/data_science/geo_testing/Classification_root/LC_org/LC/PO/Purchase_Order_80_2.png,0
/home/data_science/geo_testing/Classification_root/LC_org/LC/PO/Purchase_Order_164_7.png,0
/home/data_science/geo_testing/Classification_root/LC_org/LC/OTHERS/Bill_Of_Landing_112_page_9.png,2
/home/data_science/geo_testing/Classification_root/LC_org/LC/PO/Purchase_Order_286_0.png,0
/home/data_science/geo_testing/Classification_root/LC_org/LC/PO/Purchase_Order_326_10.png,0
/home/data_science/geo_testing/Classification_root/LC_org/LC/PO/Purchase_Order_By_Opener_106_0.png,0
/home/data_science/geo_testing/Classification_root/LC_org/LC/OTHERS/Bill_Of_Landing_192_page_12.png,2
/home/data_science/geo_testing/Classification_root/LC_org/LC/OTHERS/Covering_Schedule_781_page_8.png,2
/home/data_science/geo_testing/Classification_root/LC_org/LC/OTHERS/Covering_Schedule_6_page_7.png,2
/home/data_science/geo_testing/Classification_root/LC_org/LC/OTHERS/Bill_Of_Landing_520_page_2.png,2
/home/data_science/geo_testing/Classification_root/LC_org/LC/OTHERS/Covering_Schedule_383_page_0.png,2
/home/data_science/geo_testing/Classification_root/LC_org/LC/OTHERS/Covering_Schedule_827_page_0.png,2
/home/data_science/geo_testing/Classification_root/LC_org/LC/PI/Proforma_Invoice_415_0.png,1
/home/data_science/geo_testing/Classification_root/LC_org/LC/OTHERS/Bill_Of_Landing_562_page_4.png,2
/home/data_science/geo_testing/Classification_root/LC_org/LC/OTHERS/Covering_Schedule_750_page_0.png,2
/home/data_science/geo_testing/Classification_root/LC_org/LC/OTHERS/Certificate_Of_Origin_444_page_3.png,2
/home/data_science/geo_testing/Classification_root/LC_org/LC/OTHERS/Covering_Schedule_524_page_0.png,2
/home/data_science/geo_testing/Classification_root/LC_org/LC/PO/Purchase_Order_By_Opener_433_1.png,0
/home/data_science/geo_testing/Classification_root/LC_org/LC/PO/Purchase_Order_By_Opener_391_0.png,0
/home/data_science/geo_testing/Classification_root/LC_org/LC/OTHERS/Covering_Schedule_886_page_0.png,2
/home/data_science/geo_testing/Classification_root/LC_org/LC/PI/Proforma_Invoice_576_2.png,1
/home/data_science/geo_testing/Classification_root/LC_org/LC/OTHERS/Covering_Schedule_632_page_0.png,2
/home/data_science/geo_testing/Classification_root/LC_org/LC/PI/Proforma_Invoice_96_3.png,1
/home/data_science/geo_testing/Classification_root/LC_org/LC/PO/Purchase_Order_164_5.png,0
/home/data_science/geo_testing/Classification_root/LC_org/LC/OTHERS/Covering_Schedule_714_page_1.png,2
/home/data_science/geo_testing/Classification_root/LC_org/LC/PI/Proforma_Invoice_267_4.png,1
/home/data_science/geo_testing/Classification_root/LC_org/LC/OTHERS/Packing_List_257_page_1.png,2
/home/data_science/geo_testing/Classification_root/LC_org/LC/OTHERS/Bill_Of_Landing_559_page_1.png,2
/home/data_science/geo_testing/Classification_root/LC_org/LC/PO/Purchase_Order_77_6.png,0
/home/data_science/geo_testing/Classification_root/LC_org/LC/OTHERS/Certificate_Of_Origin_314_page_18.png,2
/home/data_science/geo_testing/Classification_root/LC_org/LC/OTHERS/Bill_Of_Landing_190_page_3.png,2
/home/data_science/geo_testing/Classification_root/LC_org/LC/PO/Purchase_Order_517_8.png,0
/home/data_science/geo_testing/Classification_root/LC_org/LC/OTHERS/Packing_List_617_page_34.png,2
/home/data_science/geo_testing/Classification_root/LC_org/LC/OTHERS/Covering_Schedule_675_page_1.png,2
/home/data_science/geo_testing/Classification_root/LC_org/LC/PO/Purchase_Order_By_Opener_499_1.png,0
/home/data_science/geo_testing/Classification_root/LC_org/LC/OTHERS/Covering_Schedule_678_page_2.png,2
/home/data_science/geo_testing/Classification_root/LC_org/LC/OTHERS/Covering_Schedule_52_page_1.png,2
/home/data_science/geo_testing/Classification_root/LC_org/LC/OTHERS/Packing_List_719_page_2.png,2
/home/data_science/geo_testing/Classification_root/LC_org/LC/OTHERS/Bill_Of_Landing_856_page_7.png,2
/home/data_science/geo_testing/Classification_root/LC_org/LC/OTHERS/Packing_List_478_page_0.png,2
/home/data_science/geo_testing/Classification_root/LC_org/LC/OTHERS/Insurance_Certificate_17_page_1.png,2
/home/data_science/geo_testing/Classification_root/LC_org/LC/OTHERS/Covering_Schedule(2012_08_27_15_30_58_8198)_140_page_0.png,2
/home/data_science/geo_testing/Classification_root/LC_org/LC/OTHERS/Covering_Schedule(2013_04_17_19_41_14_6047)_743_page_1.png,2
/home/data_science/geo_testing/Classification_root/LC_org/LC/OTHERS/Certificate_Of_Origin_917_page_3.png,2
/home/data_science/geo_testing/Classification_root/LC_org/LC/OTHERS/Covering_Schedule_56_page_5.png,2
/home/data_science/geo_testing/Classification_root/LC_org/LC/OTHERS/Packing_List_392_page_255.png,2
/home/data_science/geo_testing/Classification_root/LC_org/LC/OTHERS/Certificate_Of_Origin_891_page_1.png,2
/home/data_science/geo_testing/Classification_root/LC_org/LC/OTHERS/Packing_List_392_page_181.png,2
/home/data_science/geo_testing/Classification_root/LC_org/LC/OTHERS/Covering_Schedule_834_page_0.png,2
/home/data_science/geo_testing/Classification_root/LC_org/LC/PI/Proforma_Invoice_121_0.png,1
/home/data_science/geo_testing/Classification_root/LC_org/LC/OTHERS/Packing_List_112_page_4.png,2
/home/data_science/geo_testing/Classification_root/LC_org/LC/OTHERS/Bill_of_lading_2099_page_2.png,2
/home/data_science/geo_testing/Classification_root/LC_org/LC/OTHERS/Covering_Schedule_8_page_9.png,2
/home/data_science/geo_testing/Classification_root/LC_org/LC/OTHERS/Packing_List_759_page_29.png,2
/home/data_science/geo_testing/Classification_root/LC_org/LC/PO/Purchase_Order_199_3.png,0
/home/data_science/geo_testing/Classification_root/LC_org/LC/OTHERS/Certificate_Of_Origin_580_page_34.png,2
/home/data_science/geo_testing/Classification_root/LC_org/LC/OTHERS/Packing_List_595_page_13.png,2
/home/data_science/geo_testing/Classification_root/LC_org/LC/OTHERS/Certificate_Of_Origin_429_page_1.png,2
/home/data_science/geo_testing/Classification_root/LC_org/LC/PO/Purchase_Order_89_0.png,0
/home/data_science/geo_testing/Classification_root/LC_org/LC/OTHERS/Certificate_Of_Origin_437_page_0.png,2
/home/data_science/geo_testing/Classification_root/LC_org/LC/OTHERS/Covering_Schedule_655_page_5.png,2
/home/data_science/geo_testing/Classification_root/LC_org/LC/OTHERS/Packing_List_392_page_303.png,2
/home/data_science/geo_testing/Classification_root/LC_org/LC/PO/Purchase_Order_By_Opener_141_1.png,0
/home/data_science/geo_testing/Classification_root/LC_org/LC/OTHERS/Foreign_Bank_Covering_Schedule_316_page_0.png,2
/home/data_science/geo_testing/Classification_root/LC_org/LC/OTHERS/Covering_Schedule_607_page_0.png,2
/home/data_science/geo_testing/Classification_root/LC_org/LC/PI/Proforma_Invoice_585_0.png,1
/home/data_science/geo_testing/Classification_root/LC_org/LC/OTHERS/Packing_List_392_page_157.png,2
/home/data_science/geo_testing/Classification_root/LC_org/LC/OTHERS/Packing_List_0_page_3.png,2
/home/data_science/geo_testing/Classification_root/LC_org/LC/PO/Purchase_Order_By_Opener_468_0.png,0
/home/data_science/geo_testing/Classification_root/LC_org/LC/PO/Purchase_Order_120_1.png,0
/home/data_science/geo_testing/Classification_root/LC_org/LC/OTHERS/Covering_Schedule_527_page_0.png,2
/home/data_science/geo_testing/Classification_root/LC_org/LC/OTHERS/Covering_Schedule_25_page_0.png,2
/home/data_science/geo_testing/Classification_root/LC_org/LC/OTHERS/Covering_Schedule_927_page_0.png,2
/home/data_science/geo_testing/Classification_root/LC_org/LC/OTHERS/Certificate_Of_Origin_580_page_51.png,2
/home/data_science/geo_testing/Classification_root/LC_org/LC/OTHERS/Covering_Schedule_370_page_0.png,2
/home/data_science/geo_testing/Classification_root/LC_org/LC/OTHERS/Covering_Schedule_198_page_0.png,2
/home/data_science/geo_testing/Classification_root/LC_org/LC/OTHERS/Covering_Schedule_178_page_8.png,2
/home/data_science/geo_testing/Classification_root/LC_org/LC/PO/Purchase_Order_By_Opener_159_4.png,0
/home/data_science/geo_testing/Classification_root/LC_org/LC/PO/Purchase_Order_By_Opener_463_0.png,0
/home/data_science/geo_testing/Classification_root/LC_org/LC/OTHERS/Certificate_Of_Origin_314_page_23.png,2
/home/data_science/geo_testing/Classification_root/LC_org/LC/OTHERS/Covering_Schedule_713_page_0.png,2
/home/data_science/geo_testing/Classification_root/LC_org/LC/OTHERS/Covering_Schedule_774_page_0.png,2
/home/data_science/geo_testing/Classification_root/LC_org/LC/OTHERS/Covering_Schedule_272_page_4.png,2
/home/data_science/geo_testing/Classification_root/LC_org/LC/OTHERS/Bill_Of_Landing_140_page_1.png,2
/home/data_science/geo_testing/Classification_root/LC_org/LC/PO/Purchase_Order_By_Opener_433_3.png,0
/home/data_science/geo_testing/Classification_root/LC_org/LC/OTHERS/Covering_Schedule_347_page_0.png,2
/home/data_science/geo_testing/Classification_root/LC_org/LC/PO/Purchase_Order_By_Opener_498_15.png,0
/home/data_science/geo_testing/Classification_root/LC_org/LC/PO/Purchase_Order_By_Opener_492_1.png,0
/home/data_science/geo_testing/Classification_root/LC_org/LC/PO/Purchase_Order_By_Opener_383_0.png,0
/home/data_science/geo_testing/Classification_root/LC_org/LC/OTHERS/Covering_Schedule_950_page_0.png,2
/home/data_science/geo_testing/Classification_root/LC_org/LC/PI/Proforma_Invoice_170_0.png,1
/home/data_science/geo_testing/Classification_root/LC_org/LC/OTHERS/Covering_Schedule_881_page_2.png,2
/home/data_science/geo_testing/Classification_root/LC_org/LC/PO/Purchase_Order_By_Opener_507_0.png,0
/home/data_science/geo_testing/Classification_root/LC_org/LC/PI/Proforma_Invoice_100_0.png,1
/home/data_science/geo_testing/Classification_root/LC_org/LC/OTHERS/Certificate_Of_Origin_927_page_4.png,2
/home/data_science/geo_testing/Classification_root/LC_org/LC/OTHERS/Packing_List(2012_08_23_15_18_15_5781)_221_page_3.png,2
/home/data_science/geo_testing/Classification_root/LC_org/LC/OTHERS/Bill_Of_Landing_851_page_3.png,2
/home/data_science/geo_testing/Classification_root/LC_org/LC/PO/Purchase_Order_298_56.png,0
/home/data_science/geo_testing/Classification_root/LC_org/LC/OTHERS/Packing_List_197_page_1.png,2
/home/data_science/geo_testing/Classification_root/LC_org/LC/OTHERS/Bill_Of_Landing_113_page_1.png,2
/home/data_science/geo_testing/Classification_root/LC_org/LC/OTHERS/Covering_Schedule_524_page_4.png,2
/home/data_science/geo_testing/Classification_root/LC_org/LC/OTHERS/Packing_List_759_page_24.png,2
/home/data_science/geo_testing/Classification_root/LC_org/LC/OTHERS/Covering_Schedule_945_page_0.png,2
/home/data_science/geo_testing/Classification_root/LC_org/LC/OTHERS/Covering_Schedule_699_page_1.png,2
/home/data_science/geo_testing/Classification_root/LC_org/LC/PO/Purchase_Order_298_5.png,0
/home/data_science/geo_testing/Classification_root/LC_org/LC/OTHERS/Bill_Of_Landing_599_page_2.png,2
/home/data_science/geo_testing/Classification_root/LC_org/LC/OTHERS/Packing_List_484_page_11.png,2
/home/data_science/geo_testing/Classification_root/LC_org/LC/OTHERS/Bill_Of_Landing_360_page_17.png,2
/home/data_science/geo_testing/Classification_root/LC_org/LC/PO/Purchase_Order_By_Opener_454_0.png,0
/home/data_science/geo_testing/Classification_root/LC_org/LC/OTHERS/Certificate_Of_Origin_580_page_58.png,2
/home/data_science/geo_testing/Classification_root/LC_org/LC/OTHERS/Packing_List_392_page_296.png,2
/home/data_science/geo_testing/Classification_root/LC_org/LC/PI/Proforma_Invoice_550_0.png,1
/home/data_science/geo_testing/Classification_root/LC_org/LC/PO/Purchase_Order_152_1.png,0
/home/data_science/geo_testing/Classification_root/LC_org/LC/PI/Proforma_Invoice_598_0.png,1
/home/data_science/geo_testing/Classification_root/LC_org/LC/OTHERS/Packing_List_617_page_40.png,2
/home/data_science/geo_testing/Classification_root/LC_org/LC/OTHERS/Bill_Of_Landing_869_page_8.png,2
/home/data_science/geo_testing/Classification_root/LC_org/LC/PO/Purchase_Order_497_1.png,0
/home/data_science/geo_testing/Classification_root/LC_org/LC/OTHERS/Bill_Of_Landing_455_page_2.png,2
/home/data_science/geo_testing/Classification_root/LC_org/LC/OTHERS/Covering_Schedule_611_page_3.png,2
/home/data_science/geo_testing/Classification_root/LC_org/LC/OTHERS/Covering_Schedule_146_page_1.png,2
/home/data_science/geo_testing/Classification_root/LC_org/LC/OTHERS/Covering_Schedule_612_page_0.png,2
/home/data_science/geo_testing/Classification_root/LC_org/LC/OTHERS/Packing_List_625_page_1.png,2
/home/data_science/geo_testing/Classification_root/LC_org/LC/OTHERS/Certificate_Of_Origin_154_page_0.png,2
/home/data_science/geo_testing/Classification_root/LC_org/LC/OTHERS/Covering_Schedule_851_page_0.png,2
/home/data_science/geo_testing/Classification_root/LC_org/LC/OTHERS/Packing_List_595_page_38.png,2
/home/data_science/geo_testing/Classification_root/LC_org/LC/OTHERS/Certificate_Of_Origin_917_page_5.png,2
/home/data_science/geo_testing/Classification_root/LC_org/LC/OTHERS/Covering_Schedule_889_page_1.png,2
/home/data_science/geo_testing/Classification_root/LC_org/LC/OTHERS/Certificate_Of_Origin_579_page_0.png,2
/home/data_science/geo_testing/Classification_root/LC_org/LC/OTHERS/Covering_Schedule_281_page_7.png,2
/home/data_science/geo_testing/Classification_root/LC_org/LC/PO/Purchase_Order_503_0.png,0
/home/data_science/geo_testing/Classification_root/LC_org/LC/OTHERS/Covering_Schedule_322_page_6.png,2
/home/data_science/geo_testing/Classification_root/LC_org/LC/PI/Proforma_Invoice_454_7.png,1
/home/data_science/geo_testing/Classification_root/LC_org/LC/PO/Purchase_Order_62_7.png,0
/home/data_science/geo_testing/Classification_root/LC_org/LC/OTHERS/Covering_Schedule_122_page_2.png,2
/home/data_science/geo_testing/Classification_root/LC_org/LC/PI/Proforma_Invoice_587_0.png,1
/home/data_science/geo_testing/Classification_root/LC_org/LC/OTHERS/Covering_Schedule_101_page_2.png,2
/home/data_science/geo_testing/Classification_root/LC_org/LC/OTHERS/Certificate_Of_Origin_820_page_1.png,2
/home/data_science/geo_testing/Classification_root/LC_org/LC/OTHERS/Covering_Schedule_831_page_0.png,2
/home/data_science/geo_testing/Classification_root/LC_org/LC/OTHERS/Covering_Schedule_531_page_0.png,2
/home/data_science/geo_testing/Classification_root/LC_org/LC/OTHERS/Bill_of_lading_2013_page_10.png,2
/home/data_science/geo_testing/Classification_root/LC_org/LC/OTHERS/Covering_Schedule_360_page_2.png,2
/home/data_science/geo_testing/Classification_root/LC_org/LC/OTHERS/Covering_Schedule_727_page_4.png,2
/home/data_science/geo_testing/Classification_root/LC_org/LC/OTHERS/Bill_Of_Landing_516_page_1.png,2
/home/data_science/geo_testing/Classification_root/LC_org/LC/OTHERS/Packing_List_392_page_236.png,2
/home/data_science/geo_testing/Classification_root/LC_org/LC/OTHERS/Packing_List_392_page_232.png,2
/home/data_science/geo_testing/Classification_root/LC_org/LC/PO/Purchase_Order_302_0.png,0
/home/data_science/geo_testing/Classification_root/LC_org/LC/OTHERS/Certificate_Of_Origin_269_page_14.png,2
/home/data_science/geo_testing/Classification_root/LC_org/LC/OTHERS/Bill_Of_Landing_455_page_3.png,2
/home/data_science/geo_testing/Classification_root/LC_org/LC/OTHERS/Bill_Of_Landing_353_page_3.png,2
/home/data_science/geo_testing/Classification_root/LC_org/LC/OTHERS/Certificate_Of_Origin_662_page_5.png,2
/home/data_science/geo_testing/Classification_root/LC_org/LC/PO/Purchase_Order_By_Opener_552_4.png,0
/home/data_science/geo_testing/Classification_root/LC_org/LC/PO/Purchase_Order_By_Opener_504_0.png,0
/home/data_science/geo_testing/Classification_root/LC_org/LC/OTHERS/Covering_Schedule_230_page_0.png,2
/home/data_science/geo_testing/Classification_root/LC_org/LC/OTHERS/Covering_Schedule_655_page_3.png,2
/home/data_science/geo_testing/Classification_root/LC_org/LC/OTHERS/Bill_Of_Landing_607_page_3.png,2
/home/data_science/geo_testing/Classification_root/LC_org/LC/PO/Purchase_Order_220_3.png,0
/home/data_science/geo_testing/Classification_root/LC_org/LC/OTHERS/Covering_Schedule_445_page_0.png,2
/home/data_science/geo_testing/Classification_root/LC_org/LC/OTHERS/Packing_List_595_page_23.png,2
/home/data_science/geo_testing/Classification_root/LC_org/LC/OTHERS/Covering_Schedule_486_page_3.png,2
/home/data_science/geo_testing/Classification_root/LC_org/LC/PO/Purchase_Order_362_17.png,0
/home/data_science/geo_testing/Classification_root/LC_org/LC/OTHERS/Covering_Schedule_168_page_1.png,2
/home/data_science/geo_testing/Classification_root/LC_org/LC/OTHERS/Certificate_Of_Origin_195_page_1.png,2
/home/data_science/geo_testing/Classification_root/LC_org/LC/OTHERS/Bill_of_lading_1998_page_1.png,2
/home/data_science/geo_testing/Classification_root/LC_org/LC/OTHERS/Covering_Schedule_714_page_0.png,2
/home/data_science/geo_testing/Classification_root/LC_org/LC/PO/Purchase_Order_By_Opener_141_40.png,0
/home/data_science/geo_testing/Classification_root/LC_org/LC/OTHERS/Covering_Schedule_835_page_0.png,2
/home/data_science/geo_testing/Classification_root/LC_org/LC/OTHERS/Certificate_Of_Origin_143_page_1.png,2
/home/data_science/geo_testing/Classification_root/LC_org/LC/PI/Proforma_Invoice_454_3.png,1
/home/data_science/geo_testing/Classification_root/LC_org/LC/OTHERS/Covering_Schedule_415_page_3.png,2
/home/data_science/geo_testing/Classification_root/LC_org/LC/PO/Purchase_Order_By_Opener_385_0.png,0
/home/data_science/geo_testing/Classification_root/LC_org/LC/OTHERS/Covering_Schedule_111_page_0.png,2
/home/data_science/geo_testing/Classification_root/LC_org/LC/OTHERS/Bill_Of_Landing_469_page_6.png,2
/home/data_science/geo_testing/Classification_root/LC_org/LC/OTHERS/Certificate_Of_Origin_917_page_0.png,2
/home/data_science/geo_testing/Classification_root/LC_org/LC/OTHERS/Bill_Of_Landing_368_page_1.png,2
/home/data_science/geo_testing/Classification_root/LC_org/LC/PO/Purchase_Order_298_9.png,0
/home/data_science/geo_testing/Classification_root/LC_org/LC/OTHERS/Bill_of_lading_1518_page_2.png,2
/home/data_science/geo_testing/Classification_root/LC_org/LC/OTHERS/Covering_Schedule_12_page_11.png,2
/home/data_science/geo_testing/Classification_root/LC_org/LC/PO/Purchase_Order_By_Opener_4_1.png,0
/home/data_science/geo_testing/Classification_root/LC_org/LC/OTHERS/Covering_Schedule_513_page_0.png,2
/home/data_science/geo_testing/Classification_root/LC_org/LC/OTHERS/Certificate_Of_Origin_885_page_1.png,2
/home/data_science/geo_testing/Classification_root/LC_org/LC/PI/Proforma_Invoice_569_0.png,1
/home/data_science/geo_testing/Classification_root/LC_org/LC/OTHERS/Covering_Schedule_234_page_9.png,2
/home/data_science/geo_testing/Classification_root/LC_org/LC/OTHERS/Covering_Schedule_61_page_0.png,2
/home/data_science/geo_testing/Classification_root/LC_org/LC/PO/Purchase_Order_99_2.png,0
/home/data_science/geo_testing/Classification_root/LC_org/LC/OTHERS/Packing_List_568_page_22.png,2
/home/data_science/geo_testing/Classification_root/LC_org/LC/PO/Purchase_Order_87_16.png,0
/home/data_science/geo_testing/Classification_root/LC_org/LC/OTHERS/Certificate_Of_Origin_242_page_1.png,2
/home/data_science/geo_testing/Classification_root/LC_org/LC/OTHERS/Certificate_Of_Origin_426_page_0.png,2
/home/data_science/geo_testing/Classification_root/LC_org/LC/OTHERS/Covering_Schedule_759_page_3.png,2
/home/data_science/geo_testing/Classification_root/LC_org/LC/OTHERS/Covering_Schedule_77_page_0.png,2
/home/data_science/geo_testing/Classification_root/LC_org/LC/PI/Proforma_Invoice_509_0.png,1
/home/data_science/geo_testing/Classification_root/LC_org/LC/PO/Purchase_Order_By_Opener_499_0.png,0
/home/data_science/geo_testing/Classification_root/LC_org/LC/OTHERS/Covering_Schedule_561_page_0.png,2
/home/data_science/geo_testing/Classification_root/LC_org/LC/OTHERS/Certificate_Of_Origin_757_page_0.png,2
/home/data_science/geo_testing/Classification_root/LC_org/LC/OTHERS/Packing_List_97_page_4.png,2
/home/data_science/geo_testing/Classification_root/LC_org/LC/PI/Proforma_Invoice_579_0.png,1
/home/data_science/geo_testing/Classification_root/LC_org/LC/OTHERS/Bill_Of_Landing_779_page_4.png,2
/home/data_science/geo_testing/Classification_root/LC_org/LC/OTHERS/Covering_Schedule_34_page_0.png,2
/home/data_science/geo_testing/Classification_root/LC_org/LC/OTHERS/Covering_Schedule_818_page_0.png,2
/home/data_science/geo_testing/Classification_root/LC_org/LC/OTHERS/Packing_List_392_page_189.png,2
/home/data_science/geo_testing/Classification_root/LC_org/LC/OTHERS/Packing_List_117_page_1.png,2
/home/data_science/geo_testing/Classification_root/LC_org/LC/OTHERS/Certificate_Of_Origin_294_page_4.png,2
/home/data_science/geo_testing/Classification_root/LC_org/LC/OTHERS/Covering_Schedule_830_page_2.png,2
/home/data_science/geo_testing/Classification_root/LC_org/LC/OTHERS/Covering_Schedule_502_page_0.png,2
/home/data_science/geo_testing/Classification_root/LC_org/LC/OTHERS/Covering_Schedule_216_page_0.png,2
/home/data_science/geo_testing/Classification_root/LC_org/LC/PO/Purchase_Order_362_7.png,0
/home/data_science/geo_testing/Classification_root/LC_org/LC/PO/Purchase_Order_199_0.png,0
/home/data_science/geo_testing/Classification_root/LC_org/LC/OTHERS/Packing_List_615_page_1.png,2
/home/data_science/geo_testing/Classification_root/LC_org/LC/OTHERS/Covering_Schedule_560_page_0.png,2
/home/data_science/geo_testing/Classification_root/LC_org/LC/OTHERS/Covering_Schedule_487_page_3.png,2
/home/data_science/geo_testing/Classification_root/LC_org/LC/OTHERS/Covering_Schedule_127_page_0.png,2
/home/data_science/geo_testing/Classification_root/LC_org/LC/PI/Proforma_Invoice_331_0.png,1
/home/data_science/geo_testing/Classification_root/LC_org/LC/OTHERS/Covering_Schedule_747_page_0.png,2
/home/data_science/geo_testing/Classification_root/LC_org/LC/PI/Proforma_Invoice_594_0.png,1
/home/data_science/geo_testing/Classification_root/LC_org/LC/OTHERS/Covering_Schedule_423_page_0.png,2
/home/data_science/geo_testing/Classification_root/LC_org/LC/OTHERS/Covering_Schedule_381_page_1.png,2
/home/data_science/geo_testing/Classification_root/LC_org/LC/OTHERS/Covering_Schedule_99_page_0.png,2
/home/data_science/geo_testing/Classification_root/LC_org/LC/OTHERS/Covering_Schedule_855_page_6.png,2
/home/data_science/geo_testing/Classification_root/LC_org/LC/OTHERS/Packing_List_617_page_15.png,2
/home/data_science/geo_testing/Classification_root/LC_org/LC/OTHERS/Covering_Schedule_539_page_1.png,2
/home/data_science/geo_testing/Classification_root/LC_org/LC/PI/Proforma_Invoice_467_0.png,1
/home/data_science/geo_testing/Classification_root/LC_org/LC/OTHERS/Covering_Schedule_43_page_0.png,2
/home/data_science/geo_testing/Classification_root/LC_org/LC/PO/Purchase_Order_247_1.png,0
/home/data_science/geo_testing/Classification_root/LC_org/LC/OTHERS/Covering_Schedule_837_page_0.png,2
/home/data_science/geo_testing/Classification_root/LC_org/LC/OTHERS/Packing_List_257_page_11.png,2
/home/data_science/geo_testing/Classification_root/LC_org/LC/PO/Purchase_Order_534_0.png,0
/home/data_science/geo_testing/Classification_root/LC_org/LC/OTHERS/Bill_Of_Landing_717_page_3.png,2
/home/data_science/geo_testing/Classification_root/LC_org/LC/OTHERS/Bill_Of_Landing_397_page_8.png,2
/home/data_science/geo_testing/Classification_root/LC_org/LC/OTHERS/Certificate_Of_Origin_249_page_2.png,2
/home/data_science/geo_testing/Classification_root/LC_org/LC/PI/Proforma_Invoice_297_3.png,1
/home/data_science/geo_testing/Classification_root/LC_org/LC/OTHERS/Packing_List_759_page_30.png,2
/home/data_science/geo_testing/Classification_root/LC_org/LC/OTHERS/Covering_Schedule_1_page_12.png,2
/home/data_science/geo_testing/Classification_root/LC_org/LC/OTHERS/Covering_Schedule(2012_08_28_09_59_58_3664)_459_page_0.png,2
/home/data_science/geo_testing/Classification_root/LC_org/LC/OTHERS/Covering_Schedule_535_page_1.png,2
/home/data_science/geo_testing/Classification_root/LC_org/LC/PO/Purchase_Order_564_7.png,0
/home/data_science/geo_testing/Classification_root/LC_org/LC/OTHERS/Certificate_Of_Origin_424_page_2.png,2
/home/data_science/geo_testing/Classification_root/LC_org/LC/OTHERS/Bill_of_lading_37_page_0.png,2
/home/data_science/geo_testing/Classification_root/LC_org/LC/OTHERS/Bill_Of_Landing_456_page_1.png,2
/home/data_science/geo_testing/Classification_root/LC_org/LC/PI/Proforma_Invoice_353_0.png,1
/home/data_science/geo_testing/Classification_root/LC_org/LC/PO/Purchase_Order_192_0.png,0
/home/data_science/geo_testing/Classification_root/LC_org/LC/PO/Purchase_Order_By_Opener_438_0.png,0
/home/data_science/geo_testing/Classification_root/LC_org/LC/PI/Proforma_Invoice_593_0.png,1
/home/data_science/geo_testing/Classification_root/LC_org/LC/PI/Proforma_Invoice_127_2.png,1
/home/data_science/geo_testing/Classification_root/LC_org/LC/OTHERS/Certificate_Of_Origin_450_page_4.png,2
/home/data_science/geo_testing/Classification_root/LC_org/LC/PO/Purchase_Order_By_Opener_456_0.png,0
/home/data_science/geo_testing/Classification_root/LC_org/LC/OTHERS/Bill_Of_Landing_397_page_10.png,2
/home/data_science/geo_testing/Classification_root/LC_org/LC/PO/Purchase_Order_488_0.png,0
/home/data_science/geo_testing/Classification_root/LC_org/LC/OTHERS/Bill_Of_Landing_600_page_14.png,2
/home/data_science/geo_testing/Classification_root/LC_org/LC/OTHERS/Covering_Schedule_187_page_1.png,2
/home/data_science/geo_testing/Classification_root/LC_org/LC/OTHERS/Packing_List_696_page_2.png,2
/home/data_science/geo_testing/Classification_root/LC_org/LC/OTHERS/Packing_List_595_page_21.png,2
/home/data_science/geo_testing/Classification_root/LC_org/LC/PO/Purchase_Order_77_20.png,0
/home/data_science/geo_testing/Classification_root/LC_org/LC/OTHERS/Certificate_Of_Origin_756_page_5.png,2
/home/data_science/geo_testing/Classification_root/LC_org/LC/OTHERS/Packing_List_484_page_7.png,2
/home/data_science/geo_testing/Classification_root/LC_org/LC/OTHERS/Certificate_Of_Origin_623_page_1.png,2
/home/data_science/geo_testing/Classification_root/LC_org/LC/OTHERS/Certificate_Of_Origin_183_page_5.png,2
/home/data_science/geo_testing/Classification_root/LC_org/LC/OTHERS/Packing_List_437_page_10.png,2
/home/data_science/geo_testing/Classification_root/LC_org/LC/OTHERS/Covering_Schedule(2013_01_09_12_20_10_1135)_332_page_0.png,2
/home/data_science/geo_testing/Classification_root/LC_org/LC/OTHERS/Packing_List_392_page_227.png,2
/home/data_science/geo_testing/Classification_root/LC_org/LC/PO/Purchase_Order_125_7.png,0
/home/data_science/geo_testing/Classification_root/LC_org/LC/OTHERS/Foreign_Bank_Covering_Schedule_313_page_0.png,2
/home/data_science/geo_testing/Classification_root/LC_org/LC/OTHERS/Covering_Schedule_87_page_0.png,2
/home/data_science/geo_testing/Classification_root/LC_org/LC/PO/Purchase_Order_By_Opener_451_2.png,0
/home/data_science/geo_testing/Classification_root/LC_org/LC/OTHERS/Covering_Schedule_630_page_0.png,2
/home/data_science/geo_testing/Classification_root/LC_org/LC/OTHERS/Certificate_Of_Origin_269_page_6.png,2
/home/data_science/geo_testing/Classification_root/LC_org/LC/OTHERS/Covering_Schedule_448_page_0.png,2
/home/data_science/geo_testing/Classification_root/LC_org/LC/OTHERS/Foreign_Bank_Covering_Schedule_248_page_4.png,2
/home/data_science/geo_testing/Classification_root/LC_org/LC/PI/Proforma_Invoice_267_0.png,1
/home/data_science/geo_testing/Classification_root/LC_org/LC/OTHERS/Covering_Schedule_990_page_2.png,2
/home/data_science/geo_testing/Classification_root/LC_org/LC/OTHERS/Certificate_Of_Origin_765_page_0.png,2
/home/data_science/geo_testing/Classification_root/LC_org/LC/PI/Proforma_Invoice_76_0.png,1
/home/data_science/geo_testing/Classification_root/LC_org/LC/OTHERS/Covering_Schedule_807_page_4.png,2
/home/data_science/geo_testing/Classification_root/LC_org/LC/PO/Purchase_Order_By_Opener_469_1.png,0
/home/data_science/geo_testing/Classification_root/LC_org/LC/OTHERS/Bill_Of_Landing_235_page_6.png,2
/home/data_science/geo_testing/Classification_root/LC_org/LC/OTHERS/Covering_Schedule_383_page_2.png,2
/home/data_science/geo_testing/Classification_root/LC_org/LC/OTHERS/Certificate_Of_Origin_269_page_25.png,2
/home/data_science/geo_testing/Classification_root/LC_org/LC/PO/Purchase_Order_77_12.png,0
/home/data_science/geo_testing/Classification_root/LC_org/LC/OTHERS/Covering_Schedule_258_page_0.png,2
/home/data_science/geo_testing/Classification_root/LC_org/LC/PI/Proforma_Invoice_198_1.png,1
/home/data_science/geo_testing/Classification_root/LC_org/LC/OTHERS/Bill_Of_Landing_509_page_1.png,2
/home/data_science/geo_testing/Classification_root/LC_org/LC/OTHERS/Covering_Schedule_897_page_3.png,2
/home/data_science/geo_testing/Classification_root/LC_org/LC/OTHERS/Covering_Schedule_976_page_0.png,2
/home/data_science/geo_testing/Classification_root/LC_org/LC/OTHERS/Packing_List_568_page_6.png,2
/home/data_science/geo_testing/Classification_root/LC_org/LC/PO/Purchase_Order_By_Opener_174_0.png,0
/home/data_science/geo_testing/Classification_root/LC_org/LC/OTHERS/Packing_List_392_page_222.png,2
/home/data_science/geo_testing/Classification_root/LC_org/LC/OTHERS/Bill_Of_Landing_112_page_4.png,2
/home/data_science/geo_testing/Classification_root/LC_org/LC/PO/Purchase_Order_By_Opener_15_1.png,0
/home/data_science/geo_testing/Classification_root/LC_org/LC/OTHERS/Covering_Schedule_744_page_0.png,2
/home/data_science/geo_testing/Classification_root/LC_org/LC/PO/Purchase_Order_By_Opener_141_29.png,0
/home/data_science/geo_testing/Classification_root/LC_org/LC/OTHERS/Bill_Of_Landing_898_page_5.png,2
/home/data_science/geo_testing/Classification_root/LC_org/LC/OTHERS/Covering_Schedule_908_page_0.png,2
/home/data_science/geo_testing/Classification_root/LC_org/LC/OTHERS/Packing_List_759_page_21.png,2
/home/data_science/geo_testing/Classification_root/LC_org/LC/OTHERS/Bill_Of_Landing_434_page_2.png,2
/home/data_science/geo_testing/Classification_root/LC_org/LC/PO/Purchase_Order_By_Opener_483_0.png,0
/home/data_science/geo_testing/Classification_root/LC_org/LC/PO/Purchase_Order_298_27.png,0
/home/data_science/geo_testing/Classification_root/LC_org/LC/PO/Purchase_Order_474_10.png,0
/home/data_science/geo_testing/Classification_root/LC_org/LC/OTHERS/Covering_Schedule_891_page_0.png,2
/home/data_science/geo_testing/Classification_root/LC_org/LC/OTHERS/Certificate_Of_Origin_314_page_16.png,2
/home/data_science/geo_testing/Classification_root/LC_org/LC/PO/Purchase_Order_By_Opener_594_0.png,0
/home/data_science/geo_testing/Classification_root/LC_org/LC/OTHERS/Covering_Schedule_466_page_0.png,2
/home/data_science/geo_testing/Classification_root/LC_org/LC/OTHERS/Bill_Of_Landing_808_page_6.png,2
/home/data_science/geo_testing/Classification_root/LC_org/LC/PO/Purchase_Order_534_2.png,0
/home/data_science/geo_testing/Classification_root/LC_org/LC/PI/Proforma_Invoice_255_5.png,1
/home/data_science/geo_testing/Classification_root/LC_org/LC/PI/Proforma_Invoice_540_1.png,1
/home/data_science/geo_testing/Classification_root/LC_org/LC/PO/Purchase_Order_By_Opener_540_0.png,0
/home/data_science/geo_testing/Classification_root/LC_org/LC/OTHERS/Covering_Schedule_909_page_2.png,2
/home/data_science/geo_testing/Classification_root/LC_org/LC/OTHERS/Covering_Schedule_495_page_0.png,2
/home/data_science/geo_testing/Classification_root/LC_org/LC/PO/Purchase_Order_By_Opener_141_42.png,0
/home/data_science/geo_testing/Classification_root/LC_org/LC/OTHERS/Covering_Schedule_587_page_1.png,2
/home/data_science/geo_testing/Classification_root/LC_org/LC/OTHERS/Packing_List_112_page_3.png,2
/home/data_science/geo_testing/Classification_root/LC_org/LC/OTHERS/Certificate_Of_Origin_19_page_1.png,2
/home/data_science/geo_testing/Classification_root/LC_org/LC/OTHERS/Certificate_Of_Origin_580_page_43.png,2
/home/data_science/geo_testing/Classification_root/LC_org/LC/PO/Purchase_Order_207_0.png,0
/home/data_science/geo_testing/Classification_root/LC_org/LC/PO/Purchase_Order_298_7.png,0
/home/data_science/geo_testing/Classification_root/LC_org/LC/PO/Purchase_Order_By_Opener_586_4.png,0
/home/data_science/geo_testing/Classification_root/LC_org/LC/OTHERS/Certificate_Of_Origin_313_page_0.png,2
/home/data_science/geo_testing/Classification_root/LC_org/LC/PO/Purchase_Order_By_Opener_140_0.png,0
/home/data_science/geo_testing/Classification_root/LC_org/LC/PO/Purchase_Order_By_Opener_96_0.png,0
/home/data_science/geo_testing/Classification_root/LC_org/LC/PO/Purchase_Order_534_13.png,0
/home/data_science/geo_testing/Classification_root/LC_org/LC/OTHERS/Covering_Schedule_306_page_0.png,2
/home/data_science/geo_testing/Classification_root/LC_org/LC/OTHERS/Bill_Of_Landing_710_page_2.png,2
/home/data_science/geo_testing/Classification_root/LC_org/LC/OTHERS/Covering_Schedule_153_page_10.png,2
/home/data_science/geo_testing/Classification_root/LC_org/LC/OTHERS/Packing_List_392_page_289.png,2
/home/data_science/geo_testing/Classification_root/LC_org/LC/OTHERS/Covering_Schedule_857_page_5.png,2
/home/data_science/geo_testing/Classification_root/LC_org/LC/OTHERS/Covering_Schedule_810_page_1.png,2
/home/data_science/geo_testing/Classification_root/LC_org/LC/OTHERS/Foreign_Bank_Covering_Schedule_56_page_1.png,2
/home/data_science/geo_testing/Classification_root/LC_org/LC/OTHERS/Covering_Schedule_118_page_1.png,2
/home/data_science/geo_testing/Classification_root/LC_org/LC/OTHERS/Packing_List_595_page_28.png,2
/home/data_science/geo_testing/Classification_root/LC_org/LC/OTHERS/Certificate_Of_Origin_269_page_13.png,2
/home/data_science/geo_testing/Classification_root/LC_org/LC/PI/Proforma_Invoice_113_0.png,1
/home/data_science/geo_testing/Classification_root/LC_org/LC/OTHERS/Covering_Schedule_198_page_2.png,2
/home/data_science/geo_testing/Classification_root/LC_org/LC/OTHERS/Packing_List_640_page_3.png,2
/home/data_science/geo_testing/Classification_root/LC_org/LC/OTHERS/Bill_Of_Landing_465_page_1.png,2
/home/data_science/geo_testing/Classification_root/LC_org/LC/OTHERS/Covering_Schedule_778_page_13.png,2
/home/data_science/geo_testing/Classification_root/LC_org/LC/PO/Purchase_Order_By_Opener_498_10.png,0
/home/data_science/geo_testing/Classification_root/LC_org/LC/OTHERS/Packing_List_392_page_100.png,2
/home/data_science/geo_testing/Classification_root/LC_org/LC/OTHERS/Covering_Schedule_224_page_2.png,2
/home/data_science/geo_testing/Classification_root/LC_org/LC/OTHERS/Certificate_Of_Origin_581_page_1.png,2
/home/data_science/geo_testing/Classification_root/LC_org/LC/PO/Purchase_Order_By_Opener_123_1.png,0
/home/data_science/geo_testing/Classification_root/LC_org/LC/PO/Purchase_Order_By_Opener_498_8.png,0
/home/data_science/geo_testing/Classification_root/LC_org/LC/OTHERS/Bill_Of_Landing_684_page_0.png,2
/home/data_science/geo_testing/Classification_root/LC_org/LC/OTHERS/Covering_Schedule_826_page_0.png,2
/home/data_science/geo_testing/Classification_root/LC_org/LC/OTHERS/Packing_List_392_page_213.png,2
/home/data_science/geo_testing/Classification_root/LC_org/LC/PI/Proforma_Invoice_307_0.png,1
/home/data_science/geo_testing/Classification_root/LC_org/LC/PO/Purchase_Order_By_Opener_460_0.png,0
/home/data_science/geo_testing/Classification_root/LC_org/LC/OTHERS/Packing_List_640_page_2.png,2
/home/data_science/geo_testing/Classification_root/LC_org/LC/OTHERS/Bill_Of_Landing_528_page_1.png,2
/home/data_science/geo_testing/Classification_root/LC_org/LC/OTHERS/Covering_Schedule_250_page_4.png,2
/home/data_science/geo_testing/Classification_root/LC_org/LC/PO/Purchase_Order_By_Opener_465_0.png,0
/home/data_science/geo_testing/Classification_root/LC_org/LC/OTHERS/Covering_Schedule_26_page_0.png,2
/home/data_science/geo_testing/Classification_root/LC_org/LC/OTHERS/Covering_Schedule_577_page_0.png,2
/home/data_science/geo_testing/Classification_root/LC_org/LC/OTHERS/Covering_Schedule_53_page_1.png,2
/home/data_science/geo_testing/Classification_root/LC_org/LC/OTHERS/Covering_Schedule_1_page_2.png,2
/home/data_science/geo_testing/Classification_root/LC_org/LC/PO/Purchase_Order_By_Opener_124_1.png,0
/home/data_science/geo_testing/Classification_root/LC_org/LC/OTHERS/Packing_List_392_page_291.png,2
/home/data_science/geo_testing/Classification_root/LC_org/LC/PO/Purchase_Order_By_Opener_141_39.png,0
/home/data_science/geo_testing/Classification_root/LC_org/LC/OTHERS/Covering_Schedule_912_page_1.png,2
/home/data_science/geo_testing/Classification_root/LC_org/LC/PO/Purchase_Order_77_0.png,0
/home/data_science/geo_testing/Classification_root/LC_org/LC/OTHERS/Packing_List_617_page_11.png,2
/home/data_science/geo_testing/Classification_root/LC_org/LC/OTHERS/Certificate_Of_Origin_723_page_3.png,2
/home/data_science/geo_testing/Classification_root/LC_org/LC/OTHERS/Covering_Schedule_8_page_1.png,2
/home/data_science/geo_testing/Classification_root/LC_org/LC/PO/Purchase_Order_77_1.png,0
/home/data_science/geo_testing/Classification_root/LC_org/LC/PO/Purchase_Order_By_Opener_498_9.png,0
/home/data_science/geo_testing/Classification_root/LC_org/LC/OTHERS/Covering_Schedule_523_page_2.png,2
/home/data_science/geo_testing/Classification_root/LC_org/LC/OTHERS/Certificate_Of_Origin_361_page_4.png,2
/home/data_science/geo_testing/Classification_root/LC_org/LC/OTHERS/Bill_Of_Landing_655_page_1.png,2
/home/data_science/geo_testing/Classification_root/LC_org/LC/OTHERS/Insurance_Certificate_1_page_9.png,2
/home/data_science/geo_testing/Classification_root/LC_org/LC/PO/Purchase_Order_543_15.png,0
/home/data_science/geo_testing/Classification_root/LC_org/LC/OTHERS/Bill_Of_Landing_875_page_1.png,2
/home/data_science/geo_testing/Classification_root/LC_org/LC/OTHERS/Covering_Schedule_611_page_4.png,2
/home/data_science/geo_testing/Classification_root/LC_org/LC/PO/Purchase_Order_By_Opener_40_0.png,0
/home/data_science/geo_testing/Classification_root/LC_org/LC/OTHERS/Bill_Of_Landing_296_page_1.png,2
/home/data_science/geo_testing/Classification_root/LC_org/LC/OTHERS/Covering_Schedule_358_page_0.png,2
/home/data_science/geo_testing/Classification_root/LC_org/LC/OTHERS/Covering_Schedule_553_page_0.png,2
/home/data_science/geo_testing/Classification_root/LC_org/LC/PO/Purchase_Order_By_Opener_454_1.png,0
/home/data_science/geo_testing/Classification_root/LC_org/LC/OTHERS/Certificate_Of_Origin_313_page_3.png,2
/home/data_science/geo_testing/Classification_root/LC_org/LC/OTHERS/Covering_Schedule_0_page_7.png,2
/home/data_science/geo_testing/Classification_root/LC_org/LC/OTHERS/Insurance_Certificate_6_page_2.png,2
/home/data_science/geo_testing/Classification_root/LC_org/LC/OTHERS/Bill_Of_Landing_286_page_2.png,2
/home/data_science/geo_testing/Classification_root/LC_org/LC/OTHERS/Insurance_Certificate_2_page_1.png,2
/home/data_science/geo_testing/Classification_root/LC_org/LC/PO/Purchase_Order_548_8.png,0
/home/data_science/geo_testing/Classification_root/LC_org/LC/OTHERS/Bill_Of_Landing_368_page_2.png,2
/home/data_science/geo_testing/Classification_root/LC_org/LC/OTHERS/Bill_of_lading_44_page_6.png,2
/home/data_science/geo_testing/Classification_root/LC_org/LC/OTHERS/Covering_Schedule_847_page_6.png,2
/home/data_science/geo_testing/Classification_root/LC_org/LC/PO/Purchase_Order_By_Opener_41_1.png,0
/home/data_science/geo_testing/Classification_root/LC_org/LC/PO/Purchase_Order_526_1.png,0
/home/data_science/geo_testing/Classification_root/LC_org/LC/OTHERS/Certificate_Of_Origin_927_page_13.png,2
/home/data_science/geo_testing/Classification_root/LC_org/LC/PI/Proforma_Invoice_74_0.png,1
/home/data_science/geo_testing/Classification_root/LC_org/LC/OTHERS/Bill_Of_Landing_645_page_3.png,2
/home/data_science/geo_testing/Classification_root/LC_org/LC/OTHERS/Insurance_Certificate_21_page_10.png,2
/home/data_science/geo_testing/Classification_root/LC_org/LC/OTHERS/Covering_Schedule_497_page_3.png,2
/home/data_science/geo_testing/Classification_root/LC_org/LC/PI/Proforma_Invoice_255_3.png,1
/home/data_science/geo_testing/Classification_root/LC_org/LC/PO/Purchase_Order_474_9.png,0
/home/data_science/geo_testing/Classification_root/LC_org/LC/PI/Proforma_Invoice_383_0.png,1
/home/data_science/geo_testing/Classification_root/LC_org/LC/PO/Purchase_Order_87_14.png,0
/home/data_science/geo_testing/Classification_root/LC_org/LC/OTHERS/Certificate_Of_Origin_141_page_5.png,2
/home/data_science/geo_testing/Classification_root/LC_org/LC/OTHERS/Bill_Of_Landing_839_page_1.png,2
/home/data_science/geo_testing/Classification_root/LC_org/LC/OTHERS/Covering_Schedule_655_page_0.png,2
/home/data_science/geo_testing/Classification_root/LC_org/LC/OTHERS/Bill_Of_Landing_562_page_32.png,2
/home/data_science/geo_testing/Classification_root/LC_org/LC/OTHERS/Bill_of_lading_2017_page_2.png,2
/home/data_science/geo_testing/Classification_root/LC_org/LC/PO/Purchase_Order_By_Opener_50_0.png,0
/home/data_science/geo_testing/Classification_root/LC_org/LC/OTHERS/Certificate_Of_Origin_580_page_41.png,2
/home/data_science/geo_testing/Classification_root/LC_org/LC/PI/Proforma_Invoice_225_0.png,1
/home/data_science/geo_testing/Classification_root/LC_org/LC/OTHERS/Covering_Schedule_771_page_0.png,2
/home/data_science/geo_testing/Classification_root/LC_org/LC/OTHERS/Covering_Schedule_849_page_2.png,2
/home/data_science/geo_testing/Classification_root/LC_org/LC/OTHERS/Certificate_Of_Origin_351_page_2.png,2
/home/data_science/geo_testing/Classification_root/LC_org/LC/PO/Purchase_Order_77_17.png,0
/home/data_science/geo_testing/Classification_root/LC_org/LC/OTHERS/Certificate_Of_Origin_191_page_1.png,2
/home/data_science/geo_testing/Classification_root/LC_org/LC/OTHERS/Covering_Schedule_52_page_6.png,2
/home/data_science/geo_testing/Classification_root/LC_org/LC/OTHERS/Packing_List_1_page_1.png,2
/home/data_science/geo_testing/Classification_root/LC_org/LC/OTHERS/Packing_List_392_page_176.png,2
/home/data_science/geo_testing/Classification_root/LC_org/LC/OTHERS/Certificate_Of_Origin_53_page_1.png,2
/home/data_science/geo_testing/Classification_root/LC_org/LC/OTHERS/Packing_List_15_page_1.png,2
/home/data_science/geo_testing/Classification_root/LC_org/LC/OTHERS/Certificate_Of_Origin_347_page_16.png,2
/home/data_science/geo_testing/Classification_root/LC_org/LC/OTHERS/Bill_Of_Landing_210_page_9.png,2
/home/data_science/geo_testing/Classification_root/LC_org/LC/OTHERS/Packing_List_392_page_102.png,2
/home/data_science/geo_testing/Classification_root/LC_org/LC/PO/Purchase_Order_By_Opener_92_0.png,0
/home/data_science/geo_testing/Classification_root/LC_org/LC/OTHERS/Covering_Schedule_83_page_0.png,2
/home/data_science/geo_testing/Classification_root/LC_org/LC/OTHERS/Covering_Schedule_295_page_7.png,2
/home/data_science/geo_testing/Classification_root/LC_org/LC/OTHERS/Covering_Schedule(2013_04_16_11_41_29_1270)_242_page_2.png,2
/home/data_science/geo_testing/Classification_root/LC_org/LC/PI/Proforma_Invoice_204_2.png,1
/home/data_science/geo_testing/Classification_root/LC_org/LC/OTHERS/Covering_Schedule_331_page_0.png,2
/home/data_science/geo_testing/Classification_root/LC_org/LC/OTHERS/Packing_List_499_page_1.png,2
/home/data_science/geo_testing/Classification_root/LC_org/LC/PO/Purchase_Order_By_Opener_498_13.png,0
/home/data_science/geo_testing/Classification_root/LC_org/LC/OTHERS/Bill_Of_Landing_600_page_10.png,2
/home/data_science/geo_testing/Classification_root/LC_org/LC/PO/Purchase_Order_534_24.png,0
/home/data_science/geo_testing/Classification_root/LC_org/LC/OTHERS/Certificate_Of_Origin_115_page_1.png,2
/home/data_science/geo_testing/Classification_root/LC_org/LC/OTHERS/Certificate_Of_Origin_917_page_2.png,2
/home/data_science/geo_testing/Classification_root/LC_org/LC/OTHERS/Bill_Of_Landing_449_page_1.png,2
/home/data_science/geo_testing/Classification_root/LC_org/LC/OTHERS/Covering_Schedule_998_page_9.png,2
/home/data_science/geo_testing/Classification_root/LC_org/LC/OTHERS/Certificate_Of_Origin_124_page_0.png,2
/home/data_science/geo_testing/Classification_root/LC_org/LC/PO/Purchase_Order_342_0.png,0
/home/data_science/geo_testing/Classification_root/LC_org/LC/OTHERS/Covering_Schedule_322_page_11.png,2
/home/data_science/geo_testing/Classification_root/LC_org/LC/OTHERS/Covering_Schedule_504_page_1.png,2
/home/data_science/geo_testing/Classification_root/LC_org/LC/PO/Purchase_Order_By_Opener_153_2.png,0
/home/data_science/geo_testing/Classification_root/LC_org/LC/PO/Purchase_Order_80_0.png,0
/home/data_science/geo_testing/Classification_root/LC_org/LC/OTHERS/Certificate_Of_Origin_108_page_3.png,2
/home/data_science/geo_testing/Classification_root/LC_org/LC/OTHERS/Covering_Schedule_765_page_2.png,2
/home/data_science/geo_testing/Classification_root/LC_org/LC/PI/Proforma_Invoice_354_0.png,1
/home/data_science/geo_testing/Classification_root/LC_org/LC/OTHERS/Covering_Schedule_543_page_3.png,2
/home/data_science/geo_testing/Classification_root/LC_org/LC/OTHERS/Packing_List_392_page_274.png,2
/home/data_science/geo_testing/Classification_root/LC_org/LC/OTHERS/Bill_Of_Landing_717_page_5.png,2
/home/data_science/geo_testing/Classification_root/LC_org/LC/OTHERS/Covering_Schedule_198_page_3.png,2
/home/data_science/geo_testing/Classification_root/LC_org/LC/OTHERS/Covering_Schedule_588_page_0.png,2
/home/data_science/geo_testing/Classification_root/LC_org/LC/OTHERS/Covering_Schedule_548_page_0.png,2
/home/data_science/geo_testing/Classification_root/LC_org/LC/OTHERS/Insurance_Certificate_20_page_6.png,2
/home/data_science/geo_testing/Classification_root/LC_org/LC/OTHERS/Certificate_Of_Origin_115_page_19.png,2
/home/data_science/geo_testing/Classification_root/LC_org/LC/OTHERS/Certificate_Of_Origin_24_page_1.png,2
/home/data_science/geo_testing/Classification_root/LC_org/LC/PO/Purchase_Order_By_Opener_586_1.png,0
/home/data_science/geo_testing/Classification_root/LC_org/LC/OTHERS/Bill_Of_Landing_562_page_8.png,2
/home/data_science/geo_testing/Classification_root/LC_org/LC/OTHERS/Covering_Schedule_239_page_0.png,2
/home/data_science/geo_testing/Classification_root/LC_org/LC/PO/Purchase_Order_407_0.png,0
/home/data_science/geo_testing/Classification_root/LC_org/LC/OTHERS/Bill_Of_Landing_581_page_1.png,2
/home/data_science/geo_testing/Classification_root/LC_org/LC/OTHERS/Packing_List_392_page_202.png,2
/home/data_science/geo_testing/Classification_root/LC_org/LC/OTHERS/Bill_Of_Landing_353_page_1.png,2
/home/data_science/geo_testing/Classification_root/LC_org/LC/OTHERS/Covering_Schedule_394_page_4.png,2
/home/data_science/geo_testing/Classification_root/LC_org/LC/OTHERS/Certificate_Of_Origin_444_page_2.png,2
/home/data_science/geo_testing/Classification_root/LC_org/LC/OTHERS/Packing_List_595_page_32.png,2
/home/data_science/geo_testing/Classification_root/LC_org/LC/OTHERS/Packing_List_392_page_216.png,2
/home/data_science/geo_testing/Classification_root/LC_org/LC/OTHERS/Certificate_Of_Origin_180_page_1.png,2
/home/data_science/geo_testing/Classification_root/LC_org/LC/PO/Purchase_Order_By_Opener_36_5.png,0
/home/data_science/geo_testing/Classification_root/LC_org/LC/OTHERS/Bill_Of_Landing_674_page_0.png,2
/home/data_science/geo_testing/Classification_root/LC_org/LC/PI/Proforma_Invoice_198_0.png,1
/home/data_science/geo_testing/Classification_root/LC_org/LC/OTHERS/Certificate_Of_Origin_515_page_5.png,2
/home/data_science/geo_testing/Classification_root/LC_org/LC/PO/Purchase_Order_By_Opener_42_0.png,0
/home/data_science/geo_testing/Classification_root/LC_org/LC/OTHERS/Insurance_Certificate_18_page_1.png,2
/home/data_science/geo_testing/Classification_root/LC_org/LC/OTHERS/Covering_Schedule_701_page_0.png,2
/home/data_science/geo_testing/Classification_root/LC_org/LC/OTHERS/Bill_Of_Landing_600_page_6.png,2
/home/data_science/geo_testing/Classification_root/LC_org/LC/OTHERS/Certificate_Of_Origin_508_page_0.png,2
/home/data_science/geo_testing/Classification_root/LC_org/LC/PI/Proforma_Invoice_43_0.png,1
/home/data_science/geo_testing/Classification_root/LC_org/LC/OTHERS/Bill_Of_Landing_803_page_1.png,2
/home/data_science/geo_testing/Classification_root/LC_org/LC/PI/Proforma_Invoice_166_1.png,1
/home/data_science/geo_testing/Classification_root/LC_org/LC/OTHERS/Insurance_Certificate_0_page_9.png,2
/home/data_science/geo_testing/Classification_root/LC_org/LC/OTHERS/Bill_Of_Landing_700_page_1.png,2
/home/data_science/geo_testing/Classification_root/LC_org/LC/PI/Proforma_Invoice_539_0.png,1
/home/data_science/geo_testing/Classification_root/LC_org/LC/OTHERS/Bill_Of_Landing_450_page_2.png,2
/home/data_science/geo_testing/Classification_root/LC_org/LC/PO/Purchase_Order_1_3.png,0
/home/data_science/geo_testing/Classification_root/LC_org/LC/OTHERS/Packing_List_392_page_225.png,2
/home/data_science/geo_testing/Classification_root/LC_org/LC/PO/Purchase_Order_298_3.png,0
/home/data_science/geo_testing/Classification_root/LC_org/LC/PI/Proforma_Invoice_156_1.png,1
/home/data_science/geo_testing/Classification_root/LC_org/LC/PI/Proforma_Invoice_77_1.png,1
/home/data_science/geo_testing/Classification_root/LC_org/LC/PO/Purchase_Order_178_1.png,0
/home/data_science/geo_testing/Classification_root/LC_org/LC/PO/Purchase_Order_By_Opener_166_1.png,0
/home/data_science/geo_testing/Classification_root/LC_org/LC/PO/Purchase_Order_By_Opener_367_1.png,0
/home/data_science/geo_testing/Classification_root/LC_org/LC/OTHERS/Covering_Schedule_244_page_1.png,2
/home/data_science/geo_testing/Classification_root/LC_org/LC/OTHERS/Covering_Schedule_849_page_4.png,2
/home/data_science/geo_testing/Classification_root/LC_org/LC/OTHERS/Covering_Schedule_530_page_2.png,2
/home/data_science/geo_testing/Classification_root/LC_org/LC/PO/Purchase_Order_By_Opener_36_4.png,0
/home/data_science/geo_testing/Classification_root/LC_org/LC/OTHERS/Foreign_Bank_Covering_Schedule_313_page_1.png,2
/home/data_science/geo_testing/Classification_root/LC_org/LC/OTHERS/Certificate_Of_Origin_581_page_0.png,2
/home/data_science/geo_testing/Classification_root/LC_org/LC/OTHERS/Certificate_Of_Origin_583_page_4.png,2
/home/data_science/geo_testing/Classification_root/LC_org/LC/OTHERS/Covering_Schedule_514_page_0.png,2
/home/data_science/geo_testing/Classification_root/LC_org/LC/PO/Purchase_Order_By_Opener_159_0.png,0
/home/data_science/geo_testing/Classification_root/LC_org/LC/OTHERS/Packing_List_154_page_0.png,2
/home/data_science/geo_testing/Classification_root/LC_org/LC/OTHERS/Covering_Schedule_404_page_0.png,2
/home/data_science/geo_testing/Classification_root/LC_org/LC/OTHERS/Covering_Schedule_180_page_2.png,2
/home/data_science/geo_testing/Classification_root/LC_org/LC/OTHERS/Packing_List_595_page_14.png,2
/home/data_science/geo_testing/Classification_root/LC_org/LC/OTHERS/Bill_Of_Landing_112_page_5.png,2
/home/data_science/geo_testing/Classification_root/LC_org/LC/OTHERS/Covering_Schedule_898_page_0.png,2
/home/data_science/geo_testing/Classification_root/LC_org/LC/OTHERS/Covering_Schedule_188_page_0.png,2
/home/data_science/geo_testing/Classification_root/LC_org/LC/OTHERS/Covering_Schedule_624_page_3.png,2
/home/data_science/geo_testing/Classification_root/LC_org/LC/OTHERS/Covering_Schedule_436_page_2.png,2
/home/data_science/geo_testing/Classification_root/LC_org/LC/OTHERS/Covering_Schedule_855_page_7.png,2
/home/data_science/geo_testing/Classification_root/LC_org/LC/PO/Purchase_Order_By_Opener_521_0.png,0
/home/data_science/geo_testing/Classification_root/LC_org/LC/PO/Purchase_Order_By_Opener_211_2.png,0
/home/data_science/geo_testing/Classification_root/LC_org/LC/OTHERS/Certificate_Of_Origin_48_page_3.png,2
/home/data_science/geo_testing/Classification_root/LC_org/LC/OTHERS/Packing_List_392_page_165.png,2
/home/data_science/geo_testing/Classification_root/LC_org/LC/OTHERS/Covering_Schedule_930_page_0.png,2
/home/data_science/geo_testing/Classification_root/LC_org/LC/OTHERS/Packing_List_868_page_25.png,2
/home/data_science/geo_testing/Classification_root/LC_org/LC/PO/Purchase_Order_373_0.png,0
/home/data_science/geo_testing/Classification_root/LC_org/LC/OTHERS/Bill_Of_Landing_418_page_29.png,2
/home/data_science/geo_testing/Classification_root/LC_org/LC/OTHERS/Bill_Of_Landing_262_page_3.png,2
/home/data_science/geo_testing/Classification_root/LC_org/LC/PI/Proforma_Invoice_267_2.png,1
/home/data_science/geo_testing/Classification_root/LC_org/LC/PI/Proforma_Invoice_427_1.png,1
/home/data_science/geo_testing/Classification_root/LC_org/LC/OTHERS/Covering_Schedule_775_page_0.png,2
/home/data_science/geo_testing/Classification_root/LC_org/LC/OTHERS/Covering_Schedule_883_page_1.png,2
/home/data_science/geo_testing/Classification_root/LC_org/LC/OTHERS/Packing_List_595_page_2.png,2
/home/data_science/geo_testing/Classification_root/LC_org/LC/OTHERS/Packing_List_554_page_1.png,2
/home/data_science/geo_testing/Classification_root/LC_org/LC/PO/Purchase_Order_By_Opener_570_2.png,0
/home/data_science/geo_testing/Classification_root/LC_org/LC/PI/Proforma_Invoice_192_0.png,1
/home/data_science/geo_testing/Classification_root/LC_org/LC/PI/Proforma_Invoice_262_0.png,1
/home/data_science/geo_testing/Classification_root/LC_org/LC/OTHERS/Covering_Schedule_169_page_6.png,2
/home/data_science/geo_testing/Classification_root/LC_org/LC/PO/Purchase_Order_By_Opener_141_36.png,0
/home/data_science/geo_testing/Classification_root/LC_org/LC/PI/Proforma_Invoice_203_0.png,1
/home/data_science/geo_testing/Classification_root/LC_org/LC/OTHERS/Insurance_Certificate_1_page_21.png,2
/home/data_science/geo_testing/Classification_root/LC_org/LC/OTHERS/Bill_Of_Landing_834_page_1.png,2
/home/data_science/geo_testing/Classification_root/LC_org/LC/OTHERS/Insurance_Certificate_0_page_11.png,2
/home/data_science/geo_testing/Classification_root/LC_org/LC/PO/Purchase_Order_76_0.png,0
/home/data_science/geo_testing/Classification_root/LC_org/LC/OTHERS/Covering_Schedule_385_page_0.png,2
/home/data_science/geo_testing/Classification_root/LC_org/LC/OTHERS/Covering_Schedule_606_page_0.png,2
/home/data_science/geo_testing/Classification_root/LC_org/LC/PO/Purchase_Order_By_Opener_141_32.png,0
/home/data_science/geo_testing/Classification_root/LC_org/LC/OTHERS/Certificate_Of_Origin_776_page_0.png,2
/home/data_science/geo_testing/Classification_root/LC_org/LC/OTHERS/Covering_Schedule_36_page_0.png,2
/home/data_science/geo_testing/Classification_root/LC_org/LC/PO/Purchase_Order_By_Opener_506_0.png,0
/home/data_science/geo_testing/Classification_root/LC_org/LC/OTHERS/Packing_List_392_page_307.png,2
/home/data_science/geo_testing/Classification_root/LC_org/LC/OTHERS/Covering_Schedule_310_page_0.png,2
/home/data_science/geo_testing/Classification_root/LC_org/LC/PO/Purchase_Order_By_Opener_500_0.png,0
/home/data_science/geo_testing/Classification_root/LC_org/LC/OTHERS/Packing_List_868_page_11.png,2
/home/data_science/geo_testing/Classification_root/LC_org/LC/OTHERS/Bill_Of_Landing_711_page_1.png,2
/home/data_science/geo_testing/Classification_root/LC_org/LC/OTHERS/Covering_Schedule_453_page_1.png,2
/home/data_science/geo_testing/Classification_root/LC_org/LC/OTHERS/Covering_Schedule_407_page_0.png,2
/home/data_science/geo_testing/Classification_root/LC_org/LC/PO/Purchase_Order_By_Opener_416_1.png,0
/home/data_science/geo_testing/Classification_root/LC_org/LC/OTHERS/Packing_List_595_page_3.png,2
/home/data_science/geo_testing/Classification_root/LC_org/LC/OTHERS/Bill_Of_Landing_730_page_2.png,2
/home/data_science/geo_testing/Classification_root/LC_org/LC/OTHERS/Covering_Schedule_111_page_2.png,2
/home/data_science/geo_testing/Classification_root/LC_org/LC/OTHERS/Insurance_Certificate_0_page_5.png,2
/home/data_science/geo_testing/Classification_root/LC_org/LC/OTHERS/Covering_Schedule_736_page_3.png,2
/home/data_science/geo_testing/Classification_root/LC_org/LC/PO/Purchase_Order_By_Opener_123_4.png,0
/home/data_science/geo_testing/Classification_root/LC_org/LC/OTHERS/Covering_Schedule_496_page_4.png,2
/home/data_science/geo_testing/Classification_root/LC_org/LC/OTHERS/Packing_List_257_page_5.png,2
/home/data_science/geo_testing/Classification_root/LC_org/LC/PO/Purchase_Order_By_Opener_359_0.png,0
/home/data_science/geo_testing/Classification_root/LC_org/LC/PI/Proforma_Invoice_216_0.png,1
/home/data_science/geo_testing/Classification_root/LC_org/LC/PI/Proforma_Invoice_592_0.png,1
/home/data_science/geo_testing/Classification_root/LC_org/LC/OTHERS/Insurance_Certificate_0_page_24.png,2
/home/data_science/geo_testing/Classification_root/LC_org/LC/OTHERS/Covering_Schedule_295_page_0.png,2
/home/data_science/geo_testing/Classification_root/LC_org/LC/PO/Purchase_Order_62_2.png,0
/home/data_science/geo_testing/Classification_root/LC_org/LC/OTHERS/Packing_List_392_page_228.png,2
/home/data_science/geo_testing/Classification_root/LC_org/LC/OTHERS/Bill_Of_Landing_187_page_9.png,2
/home/data_science/geo_testing/Classification_root/LC_org/LC/OTHERS/Packing_List_595_page_27.png,2
/home/data_science/geo_testing/Classification_root/LC_org/LC/OTHERS/Bill_Of_Landing_556_page_3.png,2
/home/data_science/geo_testing/Classification_root/LC_org/LC/PO/Purchase_Order_By_Opener_520_0.png,0
/home/data_science/geo_testing/Classification_root/LC_org/LC/OTHERS/Covering_Schedule_490_page_0.png,2
/home/data_science/geo_testing/Classification_root/LC_org/LC/OTHERS/Covering_Schedule_355_page_1.png,2
/home/data_science/geo_testing/Classification_root/LC_org/LC/OTHERS/Certificate_Of_Origin_898_page_5.png,2
/home/data_science/geo_testing/Classification_root/LC_org/LC/PI/Proforma_Invoice_112_0.png,1
/home/data_science/geo_testing/Classification_root/LC_org/LC/PO/Purchase_Order_534_10.png,0
/home/data_science/geo_testing/Classification_root/LC_org/LC/OTHERS/Certificate_Of_Origin_906_page_0.png,2
/home/data_science/geo_testing/Classification_root/LC_org/LC/OTHERS/Bill_Of_Landing_510_page_1.png,2
/home/data_science/geo_testing/Classification_root/LC_org/LC/PO/Purchase_Order_77_19.png,0
/home/data_science/geo_testing/Classification_root/LC_org/LC/OTHERS/Certificate_Of_Origin_580_page_60.png,2
/home/data_science/geo_testing/Classification_root/LC_org/LC/OTHERS/Certificate_Of_Origin_644_page_1.png,2
/home/data_science/geo_testing/Classification_root/LC_org/LC/PO/Purchase_Order_By_Opener_545_3.png,0
/home/data_science/geo_testing/Classification_root/LC_org/LC/OTHERS/Covering_Schedule_308_page_4.png,2
/home/data_science/geo_testing/Classification_root/LC_org/LC/OTHERS/Packing_List_568_page_21.png,2
/home/data_science/geo_testing/Classification_root/LC_org/LC/PO/Purchase_Order_By_Opener_115_0.png,0
/home/data_science/geo_testing/Classification_root/LC_org/LC/OTHERS/Certificate_Of_Origin_521_page_4.png,2
/home/data_science/geo_testing/Classification_root/LC_org/LC/OTHERS/Bill_Of_Landing_225_page_4.png,2
/home/data_science/geo_testing/Classification_root/LC_org/LC/OTHERS/Insurance_Certificate_1_page_5.png,2
/home/data_science/geo_testing/Classification_root/LC_org/LC/OTHERS/Covering_Schedule_804_page_0.png,2
/home/data_science/geo_testing/Classification_root/LC_org/LC/OTHERS/Certificate_Of_Origin_927_page_9.png,2
/home/data_science/geo_testing/Classification_root/LC_org/LC/OTHERS/Bill_Of_Landing_871_page_1.png,2
/home/data_science/geo_testing/Classification_root/LC_org/LC/OTHERS/Covering_Schedule_232_page_1.png,2
/home/data_science/geo_testing/Classification_root/LC_org/LC/OTHERS/Covering_Schedule_545_page_0.png,2
/home/data_science/geo_testing/Classification_root/LC_org/LC/OTHERS/Packing_List_169_page_2.png,2
/home/data_science/geo_testing/Classification_root/LC_org/LC/PI/Proforma_Invoice_81_0.png,1
/home/data_science/geo_testing/Classification_root/LC_org/LC/OTHERS/Bill_Of_Landing_600_page_17.png,2
/home/data_science/geo_testing/Classification_root/LC_org/LC/OTHERS/Bill_of_lading_21_page_2.png,2
/home/data_science/geo_testing/Classification_root/LC_org/LC/OTHERS/Bill_of_lading_44_page_10.png,2
/home/data_science/geo_testing/Classification_root/LC_org/LC/OTHERS/Covering_Schedule_140_page_0.png,2
/home/data_science/geo_testing/Classification_root/LC_org/LC/OTHERS/Covering_Schedule_511_page_6.png,2
/home/data_science/geo_testing/Classification_root/LC_org/LC/OTHERS/Packing_List_617_page_17.png,2
/home/data_science/geo_testing/Classification_root/LC_org/LC/PO/Purchase_Order_By_Opener_25_0.png,0
/home/data_science/geo_testing/Classification_root/LC_org/LC/OTHERS/Certificate_Of_Origin_968_page_1.png,2
/home/data_science/geo_testing/Classification_root/LC_org/LC/OTHERS/Certificate_Of_Origin_314_page_10.png,2
/home/data_science/geo_testing/Classification_root/LC_org/LC/PO/Purchase_Order_298_15.png,0
/home/data_science/geo_testing/Classification_root/LC_org/LC/OTHERS/Packing_List_165_page_4.png,2
/home/data_science/geo_testing/Classification_root/LC_org/LC/OTHERS/Covering_Schedule_942_page_2.png,2
/home/data_science/geo_testing/Classification_root/LC_org/LC/PI/Proforma_Invoice_596_0.png,1
/home/data_science/geo_testing/Classification_root/LC_org/LC/PO/Purchase_Order_By_Opener_189_7.png,0
/home/data_science/geo_testing/Classification_root/LC_org/LC/OTHERS/Covering_Schedule_835_page_6.png,2
/home/data_science/geo_testing/Classification_root/LC_org/LC/PO/Purchase_Order_By_Opener_390_0.png,0
/home/data_science/geo_testing/Classification_root/LC_org/LC/OTHERS/Covering_Schedule_925_page_0.png,2
/home/data_science/geo_testing/Classification_root/LC_org/LC/OTHERS/Packing_List_574_page_0.png,2
/home/data_science/geo_testing/Classification_root/LC_org/LC/PI/Proforma_Invoice_277_0.png,1
/home/data_science/geo_testing/Classification_root/LC_org/LC/PO/Purchase_Order_By_Opener_451_1.png,0
/home/data_science/geo_testing/Classification_root/LC_org/LC/OTHERS/Covering_Schedule_528_page_3.png,2
/home/data_science/geo_testing/Classification_root/LC_org/LC/OTHERS/Packing_List_415_page_1.png,2
/home/data_science/geo_testing/Classification_root/LC_org/LC/OTHERS/Covering_Schedule_433_page_7.png,2
/home/data_science/geo_testing/Classification_root/LC_org/LC/PO/Purchase_Order_By_Opener_385_2.png,0
/home/data_science/geo_testing/Classification_root/LC_org/LC/OTHERS/Covering_Schedule_364_page_0.png,2
/home/data_science/geo_testing/Classification_root/LC_org/LC/OTHERS/Certificate_Of_Origin_180_page_5.png,2
/home/data_science/geo_testing/Classification_root/LC_org/LC/PO/Purchase_Order_By_Opener_457_0.png,0
/home/data_science/geo_testing/Classification_root/LC_org/LC/PO/Purchase_Order_517_9.png,0
/home/data_science/geo_testing/Classification_root/LC_org/LC/OTHERS/Bill_Of_Landing_846_page_3.png,2
/home/data_science/geo_testing/Classification_root/LC_org/LC/PO/Purchase_Order_164_2.png,0
/home/data_science/geo_testing/Classification_root/LC_org/LC/OTHERS/Packing_List_414_page_1.png,2
/home/data_science/geo_testing/Classification_root/LC_org/LC/PO/Purchase_Order_420_0.png,0
/home/data_science/geo_testing/Classification_root/LC_org/LC/PO/Purchase_Order_215_3.png,0
/home/data_science/geo_testing/Classification_root/LC_org/LC/OTHERS/Bill_Of_Landing_862_page_25.png,2
/home/data_science/geo_testing/Classification_root/LC_org/LC/OTHERS/Certificate_Of_Origin_714_page_1.png,2
/home/data_science/geo_testing/Classification_root/LC_org/LC/OTHERS/Covering_Schedule_240_page_0.png,2
/home/data_science/geo_testing/Classification_root/LC_org/LC/OTHERS/Covering_Schedule_573_page_0.png,2
/home/data_science/geo_testing/Classification_root/LC_org/LC/OTHERS/Certificate_Of_Origin_112_page_1.png,2
/home/data_science/geo_testing/Classification_root/LC_org/LC/OTHERS/Covering_Schedule_788_page_4.png,2
/home/data_science/geo_testing/Classification_root/LC_org/LC/PO/Purchase_Order_By_Opener_495_0.png,0
/home/data_science/geo_testing/Classification_root/LC_org/LC/PI/Proforma_Invoice_144_0.png,1
/home/data_science/geo_testing/Classification_root/LC_org/LC/OTHERS/Covering_Schedule_805_page_0.png,2
/home/data_science/geo_testing/Classification_root/LC_org/LC/OTHERS/Covering_Schedule_416_page_1.png,2
/home/data_science/geo_testing/Classification_root/LC_org/LC/PI/Proforma_Invoice_167_2.png,1
/home/data_science/geo_testing/Classification_root/LC_org/LC/PO/Purchase_Order_362_22.png,0
/home/data_science/geo_testing/Classification_root/LC_org/LC/PO/Purchase_Order_By_Opener_428_0.png,0
/home/data_science/geo_testing/Classification_root/LC_org/LC/PI/Proforma_Invoice_174_0.png,1
/home/data_science/geo_testing/Classification_root/LC_org/LC/OTHERS/Covering_Schedule_601_page_2.png,2
/home/data_science/geo_testing/Classification_root/LC_org/LC/OTHERS/Bill_Of_Landing_296_page_3.png,2
/home/data_science/geo_testing/Classification_root/LC_org/LC/PO/Purchase_Order_362_4.png,0
/home/data_science/geo_testing/Classification_root/LC_org/LC/OTHERS/Packing_List_392_page_240.png,2
/home/data_science/geo_testing/Classification_root/LC_org/LC/OTHERS/Bill_Of_Landing_482_page_1.png,2
/home/data_science/geo_testing/Classification_root/LC_org/LC/OTHERS/Covering_Schedule_125_page_2.png,2
/home/data_science/geo_testing/Classification_root/LC_org/LC/OTHERS/Covering_Schedule_426_page_8.png,2
/home/data_science/geo_testing/Classification_root/LC_org/LC/OTHERS/Bill_Of_Landing_519_page_7.png,2
/home/data_science/geo_testing/Classification_root/LC_org/LC/OTHERS/Covering_Schedule_731_page_2.png,2
/home/data_science/geo_testing/Classification_root/LC_org/LC/OTHERS/Certificate_Of_Origin_245_page_1.png,2
/home/data_science/geo_testing/Classification_root/LC_org/LC/OTHERS/Covering_Schedule_403_page_8.png,2
/home/data_science/geo_testing/Classification_root/LC_org/LC/OTHERS/Covering_Schedule_10_page_12.png,2
/home/data_science/geo_testing/Classification_root/LC_org/LC/PO/Purchase_Order_298_60.png,0
/home/data_science/geo_testing/Classification_root/LC_org/LC/OTHERS/Bill_Of_Landing_549_page_3.png,2
/home/data_science/geo_testing/Classification_root/LC_org/LC/OTHERS/Packing_List_392_page_139.png,2
/home/data_science/geo_testing/Classification_root/LC_org/LC/OTHERS/Packing_List_112_page_5.png,2
/home/data_science/geo_testing/Classification_root/LC_org/LC/PO/Purchase_Order_By_Opener_44_0.png,0
/home/data_science/geo_testing/Classification_root/LC_org/LC/PO/Purchase_Order_By_Opener_443_1.png,0
/home/data_science/geo_testing/Classification_root/LC_org/LC/OTHERS/Covering_Schedule_949_page_9.png,2
/home/data_science/geo_testing/Classification_root/LC_org/LC/OTHERS/Bill_Of_Landing_864_page_1.png,2
/home/data_science/geo_testing/Classification_root/LC_org/LC/PO/Purchase_Order_By_Opener_81_0.png,0
/home/data_science/geo_testing/Classification_root/LC_org/LC/PI/Proforma_Invoice_480_0.png,1
/home/data_science/geo_testing/Classification_root/LC_org/LC/OTHERS/Covering_Schedule_9_page_7.png,2
/home/data_science/geo_testing/Classification_root/LC_org/LC/PO/Purchase_Order_554_0.png,0
/home/data_science/geo_testing/Classification_root/LC_org/LC/OTHERS/Packing_List_392_page_223.png,2
/home/data_science/geo_testing/Classification_root/LC_org/LC/OTHERS/Certificate_Of_Origin_313_page_8.png,2
/home/data_science/geo_testing/Classification_root/LC_org/LC/PO/Purchase_Order_85_5.png,0
/home/data_science/geo_testing/Classification_root/LC_org/LC/OTHERS/Packing_List_792_page_1.png,2
/home/data_science/geo_testing/Classification_root/LC_org/LC/PO/Purchase_Order_298_30.png,0
/home/data_science/geo_testing/Classification_root/LC_org/LC/PO/Purchase_Order_362_19.png,0
/home/data_science/geo_testing/Classification_root/LC_org/LC/OTHERS/Covering_Schedule_664_page_0.png,2
/home/data_science/geo_testing/Classification_root/LC_org/LC/OTHERS/Bill_Of_Landing_823_page_6.png,2
/home/data_science/geo_testing/Classification_root/LC_org/LC/OTHERS/Bill_Of_Landing_869_page_6.png,2
/home/data_science/geo_testing/Classification_root/LC_org/LC/PO/Purchase_Order_298_33.png,0
/home/data_science/geo_testing/Classification_root/LC_org/LC/OTHERS/Packing_List_320_page_2.png,2
/home/data_science/geo_testing/Classification_root/LC_org/LC/PO/Purchase_Order_By_Opener_28_0.png,0
/home/data_science/geo_testing/Classification_root/LC_org/LC/OTHERS/Covering_Schedule_220_page_0.png,2
/home/data_science/geo_testing/Classification_root/LC_org/LC/OTHERS/Bill_Of_Landing_829_page_1.png,2
/home/data_science/geo_testing/Classification_root/LC_org/LC/OTHERS/Foreign_Bank_Covering_Schedule_314_page_0.png,2
/home/data_science/geo_testing/Classification_root/LC_org/LC/OTHERS/Certificate_Of_Origin_313_page_4.png,2
/home/data_science/geo_testing/Classification_root/LC_org/LC/PI/Proforma_Invoice_478_1.png,1
/home/data_science/geo_testing/Classification_root/LC_org/LC/OTHERS/Covering_Schedule_653_page_1.png,2
/home/data_science/geo_testing/Classification_root/LC_org/LC/OTHERS/Packing_List_759_page_28.png,2
/home/data_science/geo_testing/Classification_root/LC_org/LC/OTHERS/Covering_Schedule_406_page_0.png,2
/home/data_science/geo_testing/Classification_root/LC_org/LC/OTHERS/Bill_Of_Landing_667_page_1.png,2
/home/data_science/geo_testing/Classification_root/LC_org/LC/PO/Purchase_Order_298_17.png,0
/home/data_science/geo_testing/Classification_root/LC_org/LC/OTHERS/Certificate_Of_Origin_593_page_7.png,2
/home/data_science/geo_testing/Classification_root/LC_org/LC/OTHERS/Covering_Schedule_496_page_0.png,2
/home/data_science/geo_testing/Classification_root/LC_org/LC/OTHERS/Covering_Schedule_450_page_12.png,2
/home/data_science/geo_testing/Classification_root/LC_org/LC/OTHERS/Packing_List_392_page_174.png,2
/home/data_science/geo_testing/Classification_root/LC_org/LC/PO/Purchase_Order_By_Opener_498_6.png,0
/home/data_science/geo_testing/Classification_root/LC_org/LC/OTHERS/Certificate_Of_Origin_115_page_10.png,2
/home/data_science/geo_testing/Classification_root/LC_org/LC/PO/Purchase_Order_By_Opener_498_1.png,0
/home/data_science/geo_testing/Classification_root/LC_org/LC/PO/Purchase_Order_298_42.png,0
/home/data_science/geo_testing/Classification_root/LC_org/LC/OTHERS/Covering_Schedule_388_page_2.png,2
/home/data_science/geo_testing/Classification_root/LC_org/LC/OTHERS/Covering_Schedule_611_page_1.png,2
/home/data_science/geo_testing/Classification_root/LC_org/LC/OTHERS/Covering_Schedule_619_page_0.png,2
/home/data_science/geo_testing/Classification_root/LC_org/LC/PO/Purchase_Order_By_Opener_41_0.png,0
/home/data_science/geo_testing/Classification_root/LC_org/LC/PO/Purchase_Order_By_Opener_86_1.png,0
/home/data_science/geo_testing/Classification_root/LC_org/LC/OTHERS/Covering_Schedule_636_page_0.png,2
/home/data_science/geo_testing/Classification_root/LC_org/LC/OTHERS/Bill_Of_Landing_187_page_1.png,2
/home/data_science/geo_testing/Classification_root/LC_org/LC/OTHERS/Bill_Of_Landing_604_page_1.png,2
/home/data_science/geo_testing/Classification_root/LC_org/LC/OTHERS/Covering_Schedule_882_page_0.png,2
/home/data_science/geo_testing/Classification_root/LC_org/LC/OTHERS/Certificate_Of_Origin_541_page_1.png,2
/home/data_science/geo_testing/Classification_root/LC_org/LC/OTHERS/Covering_Schedule_842_page_2.png,2
/home/data_science/geo_testing/Classification_root/LC_org/LC/OTHERS/Packing_List_568_page_13.png,2
/home/data_science/geo_testing/Classification_root/LC_org/LC/PI/Proforma_Invoice_380_0.png,1
/home/data_science/geo_testing/Classification_root/LC_org/LC/OTHERS/Covering_Schedule_281_page_4.png,2
/home/data_science/geo_testing/Classification_root/LC_org/LC/PO/Purchase_Order_By_Opener_141_31.png,0
/home/data_science/geo_testing/Classification_root/LC_org/LC/OTHERS/Certificate_Of_Origin_424_page_3.png,2
/home/data_science/geo_testing/Classification_root/LC_org/LC/PO/Purchase_Order_By_Opener_570_4.png,0
/home/data_science/geo_testing/Classification_root/LC_org/LC/PO/Purchase_Order_By_Opener_372_0.png,0
/home/data_science/geo_testing/Classification_root/LC_org/LC/OTHERS/Packing_List_392_page_161.png,2
/home/data_science/geo_testing/Classification_root/LC_org/LC/OTHERS/Covering_Schedule_784_page_0.png,2
/home/data_science/geo_testing/Classification_root/LC_org/LC/OTHERS/Insurance_Certificate_30_page_3.png,2
/home/data_science/geo_testing/Classification_root/LC_org/LC/OTHERS/Bill_Of_Landing_210_page_4.png,2
/home/data_science/geo_testing/Classification_root/LC_org/LC/OTHERS/Covering_Schedule_162_page_3.png,2
/home/data_science/geo_testing/Classification_root/LC_org/LC/OTHERS/Packing_List_392_page_153.png,2
/home/data_science/geo_testing/Classification_root/LC_org/LC/OTHERS/Covering_Schedule_903_page_5.png,2
/home/data_science/geo_testing/Classification_root/LC_org/LC/OTHERS/Bill_Of_Landing_418_page_9.png,2
/home/data_science/geo_testing/Classification_root/LC_org/LC/OTHERS/Covering_Schedule_904_page_6.png,2
/home/data_science/geo_testing/Classification_root/LC_org/LC/OTHERS/Bill_Of_Landing_714_page_3.png,2
/home/data_science/geo_testing/Classification_root/LC_org/LC/OTHERS/Packing_List_884_page_1.png,2
/home/data_science/geo_testing/Classification_root/LC_org/LC/OTHERS/Packing_List_392_page_269.png,2
/home/data_science/geo_testing/Classification_root/LC_org/LC/PO/Purchase_Order_543_4.png,0
/home/data_science/geo_testing/Classification_root/LC_org/LC/OTHERS/Certificate_Of_Origin_269_page_18.png,2
/home/data_science/geo_testing/Classification_root/LC_org/LC/OTHERS/Packing_List_392_page_265.png,2
/home/data_science/geo_testing/Classification_root/LC_org/LC/OTHERS/Certificate_Of_Origin_931_page_5.png,2
/home/data_science/geo_testing/Classification_root/LC_org/LC/OTHERS/Bill_Of_Landing_112_page_11.png,2
/home/data_science/geo_testing/Classification_root/LC_org/LC/OTHERS/Certificate_Of_Origin_340_page_1.png,2
/home/data_science/geo_testing/Classification_root/LC_org/LC/PO/Purchase_Order_By_Opener_476_0.png,0
/home/data_science/geo_testing/Classification_root/LC_org/LC/PO/Purchase_Order_250_0.png,0
/home/data_science/geo_testing/Classification_root/LC_org/LC/PO/Purchase_Order_125_9.png,0
/home/data_science/geo_testing/Classification_root/LC_org/LC/OTHERS/Packing_List_392_page_164.png,2
/home/data_science/geo_testing/Classification_root/LC_org/LC/OTHERS/Covering_Schedule_13_page_0.png,2
/home/data_science/geo_testing/Classification_root/LC_org/LC/OTHERS/Covering_Schedule_531_page_3.png,2
/home/data_science/geo_testing/Classification_root/LC_org/LC/OTHERS/Covering_Schedule_978_page_0.png,2
/home/data_science/geo_testing/Classification_root/LC_org/LC/OTHERS/Covering_Schedule_717_page_0.png,2
/home/data_science/geo_testing/Classification_root/LC_org/LC/OTHERS/Certificate_Of_Origin_754_page_3.png,2
/home/data_science/geo_testing/Classification_root/LC_org/LC/PO/Purchase_Order_85_0.png,0
/home/data_science/geo_testing/Classification_root/LC_org/LC/OTHERS/Covering_Schedule_781_page_7.png,2
/home/data_science/geo_testing/Classification_root/LC_org/LC/OTHERS/Packing_List_595_page_26.png,2
/home/data_science/geo_testing/Classification_root/LC_org/LC/OTHERS/Covering_Schedule_875_page_1.png,2
/home/data_science/geo_testing/Classification_root/LC_org/LC/PI/Proforma_Invoice_295_0.png,1
/home/data_science/geo_testing/Classification_root/LC_org/LC/OTHERS/Packing_List_392_page_263.png,2
/home/data_science/geo_testing/Classification_root/LC_org/LC/OTHERS/Packing_List_817_page_11.png,2
/home/data_science/geo_testing/Classification_root/LC_org/LC/OTHERS/Certificate_Of_Origin_317_page_3.png,2
/home/data_science/geo_testing/Classification_root/LC_org/LC/OTHERS/Covering_Schedule_742_page_3.png,2
/home/data_science/geo_testing/Classification_root/LC_org/LC/OTHERS/Covering_Schedule_926_page_5.png,2
/home/data_science/geo_testing/Classification_root/LC_org/LC/OTHERS/Covering_Schedule_835_page_4.png,2
/home/data_science/geo_testing/Classification_root/LC_org/LC/PO/Purchase_Order_By_Opener_464_0.png,0
/home/data_science/geo_testing/Classification_root/LC_org/LC/PO/Purchase_Order_326_17.png,0
/home/data_science/geo_testing/Classification_root/LC_org/LC/OTHERS/Covering_Schedule_162_page_6.png,2
/home/data_science/geo_testing/Classification_root/LC_org/LC/PI/Proforma_Invoice_492_0.png,1
/home/data_science/geo_testing/Classification_root/LC_org/LC/OTHERS/Packing_List_568_page_8.png,2
/home/data_science/geo_testing/Classification_root/LC_org/LC/PO/Purchase_Order_22_0.png,0
/home/data_science/geo_testing/Classification_root/LC_org/LC/OTHERS/Covering_Schedule_394_page_0.png,2
/home/data_science/geo_testing/Classification_root/LC_org/LC/PO/Purchase_Order_By_Opener_470_0.png,0
/home/data_science/geo_testing/Classification_root/LC_org/LC/PO/Purchase_Order_By_Opener_552_2.png,0
/home/data_science/geo_testing/Classification_root/LC_org/LC/OTHERS/Covering_Schedule_234_page_8.png,2
/home/data_science/geo_testing/Classification_root/LC_org/LC/OTHERS/Covering_Schedule_583_page_0.png,2
/home/data_science/geo_testing/Classification_root/LC_org/LC/OTHERS/Certificate_Of_Origin_323_page_2.png,2
/home/data_science/geo_testing/Classification_root/LC_org/LC/PO/Purchase_Order_By_Opener_493_0.png,0
/home/data_science/geo_testing/Classification_root/LC_org/LC/PO/Purchase_Order_By_Opener_550_3.png,0
/home/data_science/geo_testing/Classification_root/LC_org/LC/PO/Purchase_Order_362_23.png,0
/home/data_science/geo_testing/Classification_root/LC_org/LC/OTHERS/Covering_Schedule_835_page_1.png,2
/home/data_science/geo_testing/Classification_root/LC_org/LC/PO/Purchase_Order_298_41.png,0
/home/data_science/geo_testing/Classification_root/LC_org/LC/PO/Purchase_Order_298_44.png,0
/home/data_science/geo_testing/Classification_root/LC_org/LC/OTHERS/Bill_Of_Landing_642_page_1.png,2
/home/data_science/geo_testing/Classification_root/LC_org/LC/OTHERS/Packing_List_310_page_2.png,2
/home/data_science/geo_testing/Classification_root/LC_org/LC/PO/Purchase_Order_474_7.png,0
/home/data_science/geo_testing/Classification_root/LC_org/LC/PO/Purchase_Order_By_Opener_74_0.png,0
/home/data_science/geo_testing/Classification_root/LC_org/LC/OTHERS/Certificate_Of_Origin_141_page_1.png,2
/home/data_science/geo_testing/Classification_root/LC_org/LC/OTHERS/Covering_Schedule_19_page_1.png,2
/home/data_science/geo_testing/Classification_root/LC_org/LC/PO/Purchase_Order_414_0.png,0
/home/data_science/geo_testing/Classification_root/LC_org/LC/PO/Purchase_Order_By_Opener_477_0.png,0
/home/data_science/geo_testing/Classification_root/LC_org/LC/PO/Purchase_Order_By_Opener_433_0.png,0
/home/data_science/geo_testing/Classification_root/LC_org/LC/OTHERS/Certificate_Of_Origin_658_page_4.png,2
/home/data_science/geo_testing/Classification_root/LC_org/LC/OTHERS/Packing_List_574_page_1.png,2
/home/data_science/geo_testing/Classification_root/LC_org/LC/PO/Purchase_Order_250_1.png,0
/home/data_science/geo_testing/Classification_root/LC_org/LC/OTHERS/Packing_List(2013_04_18_10_07_30_8549)_327_page_0.png,2
/home/data_science/geo_testing/Classification_root/LC_org/LC/PO/Purchase_Order_By_Opener_483_2.png,0
/home/data_science/geo_testing/Classification_root/LC_org/LC/OTHERS/Insurance_Certificate_20_page_7.png,2
/home/data_science/geo_testing/Classification_root/LC_org/LC/OTHERS/Covering_Schedule_122_page_0.png,2
/home/data_science/geo_testing/Classification_root/LC_org/LC/OTHERS/Bill_Of_Landing_190_page_1.png,2
/home/data_science/geo_testing/Classification_root/LC_org/LC/OTHERS/Bill_Of_Landing_600_page_15.png,2
/home/data_science/geo_testing/Classification_root/LC_org/LC/PI/Proforma_Invoice_575_1.png,1
/home/data_science/geo_testing/Classification_root/LC_org/LC/PI/Proforma_Invoice_69_0.png,1
/home/data_science/geo_testing/Classification_root/LC_org/LC/PO/Purchase_Order_By_Opener_562_1.png,0
/home/data_science/geo_testing/Classification_root/LC_org/LC/OTHERS/Bill_Of_Landing_730_page_5.png,2
/home/data_science/geo_testing/Classification_root/LC_org/LC/OTHERS/Bill_Of_Landing_596_page_1.png,2
/home/data_science/geo_testing/Classification_root/LC_org/LC/OTHERS/Covering_Schedule_665_page_0.png,2
/home/data_science/geo_testing/Classification_root/LC_org/LC/OTHERS/Covering_Schedule_927_page_2.png,2
/home/data_science/geo_testing/Classification_root/LC_org/LC/OTHERS/Covering_Schedule_537_page_3.png,2
/home/data_science/geo_testing/Classification_root/LC_org/LC/PI/Proforma_Invoice_321_0.png,1
/home/data_science/geo_testing/Classification_root/LC_org/LC/OTHERS/Packing_List_392_page_305.png,2
/home/data_science/geo_testing/Classification_root/LC_org/LC/PI/Proforma_Invoice_287_0.png,1
/home/data_science/geo_testing/Classification_root/LC_org/LC/OTHERS/Covering_Schedule_569_page_1.png,2
/home/data_science/geo_testing/Classification_root/LC_org/LC/PO/Purchase_Order_By_Opener_81_1.png,0
/home/data_science/geo_testing/Classification_root/LC_org/LC/OTHERS/Certificate_Of_Origin_580_page_31.png,2
/home/data_science/geo_testing/Classification_root/LC_org/LC/PO/Purchase_Order_77_2.png,0
/home/data_science/geo_testing/Classification_root/LC_org/LC/OTHERS/Covering_Schedule_411_page_0.png,2
/home/data_science/geo_testing/Classification_root/LC_org/LC/OTHERS/Covering_Schedule_677_page_8.png,2
/home/data_science/geo_testing/Classification_root/LC_org/LC/OTHERS/Covering_Schedule_24_page_2.png,2
/home/data_science/geo_testing/Classification_root/LC_org/LC/OTHERS/Covering_Schedule_867_page_2.png,2
/home/data_science/geo_testing/Classification_root/LC_org/LC/PO/Purchase_Order_By_Opener_32_2.png,0
/home/data_science/geo_testing/Classification_root/LC_org/LC/PI/Proforma_Invoice_143_0.png,1
/home/data_science/geo_testing/Classification_root/LC_org/LC/PO/Purchase_Order_By_Opener_498_5.png,0
/home/data_science/geo_testing/Classification_root/LC_org/LC/OTHERS/Certificate_Of_Origin_435_page_1.png,2
/home/data_science/geo_testing/Classification_root/LC_org/LC/OTHERS/Covering_Schedule_363_page_3.png,2
/home/data_science/geo_testing/Classification_root/LC_org/LC/OTHERS/Insurance_Certificate_21_page_7.png,2
/home/data_science/geo_testing/Classification_root/LC_org/LC/OTHERS/Covering_Schedule_189_page_1.png,2
/home/data_science/geo_testing/Classification_root/LC_org/LC/OTHERS/Bill_Of_Landing_579_page_1.png,2
/home/data_science/geo_testing/Classification_root/LC_org/LC/OTHERS/Covering_Schedule_889_page_0.png,2
/home/data_science/geo_testing/Classification_root/LC_org/LC/PO/Purchase_Order_By_Opener_465_2.png,0
/home/data_science/geo_testing/Classification_root/LC_org/LC/PO/Purchase_Order_By_Opener_32_0.png,0
/home/data_science/geo_testing/Classification_root/LC_org/LC/OTHERS/Packing_List_869_page_3.png,2
/home/data_science/geo_testing/Classification_root/LC_org/LC/OTHERS/Covering_Schedule_322_page_9.png,2
/home/data_science/geo_testing/Classification_root/LC_org/LC/PO/Purchase_Order_426_0.png,0
/home/data_science/geo_testing/Classification_root/LC_org/LC/PI/Proforma_Invoice_189_0.png,1
/home/data_science/geo_testing/Classification_root/LC_org/LC/OTHERS/Certificate_Of_Origin_502_page_1.png,2
/home/data_science/geo_testing/Classification_root/LC_org/LC/OTHERS/Covering_Schedule_485_page_6.png,2
/home/data_science/geo_testing/Classification_root/LC_org/LC/PO/Purchase_Order_1_0.png,0
/home/data_science/geo_testing/Classification_root/LC_org/LC/OTHERS/Certificate_Of_Origin_521_page_2.png,2
/home/data_science/geo_testing/Classification_root/LC_org/LC/OTHERS/Covering_Schedule_831_page_4.png,2
/home/data_science/geo_testing/Classification_root/LC_org/LC/OTHERS/Covering_Schedule_819_page_3.png,2
/home/data_science/geo_testing/Classification_root/LC_org/LC/OTHERS/Covering_Schedule_201_page_1.png,2
/home/data_science/geo_testing/Classification_root/LC_org/LC/OTHERS/Bill_Of_Landing_684_page_4.png,2
/home/data_science/geo_testing/Classification_root/LC_org/LC/OTHERS/Covering_Schedule_6_page_6.png,2
/home/data_science/geo_testing/Classification_root/LC_org/LC/PO/Purchase_Order_By_Opener_498_7.png,0
/home/data_science/geo_testing/Classification_root/LC_org/LC/OTHERS/Packing_List_392_page_179.png,2
/home/data_science/geo_testing/Classification_root/LC_org/LC/OTHERS/Covering_Schedule_658_page_3.png,2
/home/data_science/geo_testing/Classification_root/LC_org/LC/PO/Purchase_Order_77_3.png,0
/home/data_science/geo_testing/Classification_root/LC_org/LC/OTHERS/Covering_Schedule_609_page_0.png,2
/home/data_science/geo_testing/Classification_root/LC_org/LC/PO/Purchase_Order_480_2.png,0
/home/data_science/geo_testing/Classification_root/LC_org/LC/OTHERS/Bill_Of_Landing_353_page_12.png,2
/home/data_science/geo_testing/Classification_root/LC_org/LC/OTHERS/Covering_Schedule_720_page_2.png,2
/home/data_science/geo_testing/Classification_root/LC_org/LC/OTHERS/Covering_Schedule_183_page_3.png,2
/home/data_science/geo_testing/Classification_root/LC_org/LC/OTHERS/Certificate_Of_Origin_34_page_1.png,2
/home/data_science/geo_testing/Classification_root/LC_org/LC/OTHERS/Bill_Of_Landing_827_page_0.png,2
/home/data_science/geo_testing/Classification_root/LC_org/LC/OTHERS/Certificate_Of_Origin_314_page_6.png,2
/home/data_science/geo_testing/Classification_root/LC_org/LC/OTHERS/Covering_Schedule_228_page_2.png,2
/home/data_science/geo_testing/Classification_root/LC_org/LC/PO/Purchase_Order_By_Opener_357_1.png,0
/home/data_science/geo_testing/Classification_root/LC_org/LC/OTHERS/Covering_Schedule_177_page_2.png,2
/home/data_science/geo_testing/Classification_root/LC_org/LC/OTHERS/Certificate_Of_Origin_347_page_13.png,2
/home/data_science/geo_testing/Classification_root/LC_org/LC/OTHERS/Certificate_Of_Origin_526_page_0.png,2
/home/data_science/geo_testing/Classification_root/LC_org/LC/OTHERS/Covering_Schedule_329_page_1.png,2
/home/data_science/geo_testing/Classification_root/LC_org/LC/PO/Purchase_Order_62_5.png,0
/home/data_science/geo_testing/Classification_root/LC_org/LC/PO/Purchase_Order_By_Opener_4_0.png,0
/home/data_science/geo_testing/Classification_root/LC_org/LC/OTHERS/Covering_Schedule_849_page_5.png,2
/home/data_science/geo_testing/Classification_root/LC_org/LC/OTHERS/Covering_Schedule_488_page_1.png,2
/home/data_science/geo_testing/Classification_root/LC_org/LC/PI/Proforma_Invoice_199_0.png,1
/home/data_science/geo_testing/Classification_root/LC_org/LC/OTHERS/Covering_Schedule_537_page_1.png,2
/home/data_science/geo_testing/Classification_root/LC_org/LC/OTHERS/Covering_Schedule_363_page_1.png,2
/home/data_science/geo_testing/Classification_root/LC_org/LC/OTHERS/Covering_Schedule_505_page_0.png,2
/home/data_science/geo_testing/Classification_root/LC_org/LC/OTHERS/Covering_Schedule_659_page_15.png,2
/home/data_science/geo_testing/Classification_root/LC_org/LC/OTHERS/Covering_Schedule_7_page_2.png,2
/home/data_science/geo_testing/Classification_root/LC_org/LC/OTHERS/Covering_Schedule_875_page_0.png,2
/home/data_science/geo_testing/Classification_root/LC_org/LC/OTHERS/Bill_Of_Landing_600_page_7.png,2
/home/data_science/geo_testing/Classification_root/LC_org/LC/PO/Purchase_Order_195_0.png,0
/home/data_science/geo_testing/Classification_root/LC_org/LC/OTHERS/Covering_Schedule_903_page_4.png,2
/home/data_science/geo_testing/Classification_root/LC_org/LC/OTHERS/Covering_Schedule_868_page_5.png,2
/home/data_science/geo_testing/Classification_root/LC_org/LC/OTHERS/Covering_Schedule_29_page_0.png,2
/home/data_science/geo_testing/Classification_root/LC_org/LC/OTHERS/Bill_Of_Landing_243_page_3.png,2
/home/data_science/geo_testing/Classification_root/LC_org/LC/OTHERS/Covering_Schedule(2013_04_15_15_44_07_2043)_150_page_3.png,2
/home/data_science/geo_testing/Classification_root/LC_org/LC/OTHERS/Covering_Schedule_776_page_0.png,2
/home/data_science/geo_testing/Classification_root/LC_org/LC/PO/Purchase_Order_By_Opener_507_1.png,0
/home/data_science/geo_testing/Classification_root/LC_org/LC/PO/Purchase_Order_302_10.png,0
/home/data_science/geo_testing/Classification_root/LC_org/LC/OTHERS/Covering_Schedule_884_page_1.png,2
/home/data_science/geo_testing/Classification_root/LC_org/LC/PO/Purchase_Order_By_Opener_161_0.png,0
/home/data_science/geo_testing/Classification_root/LC_org/LC/PO/Purchase_Order_365_0.png,0
/home/data_science/geo_testing/Classification_root/LC_org/LC/OTHERS/Foreign_Bank_Covering_Schedule_55_page_1.png,2
/home/data_science/geo_testing/Classification_root/LC_org/LC/OTHERS/Covering_Schedule_826_page_1.png,2
/home/data_science/geo_testing/Classification_root/LC_org/LC/OTHERS/Packing_List_568_page_20.png,2
/home/data_science/geo_testing/Classification_root/LC_org/LC/PO/Purchase_Order_By_Opener_13_0.png,0
/home/data_science/geo_testing/Classification_root/LC_org/LC/OTHERS/Packing_List_392_page_205.png,2
/home/data_science/geo_testing/Classification_root/LC_org/LC/OTHERS/Insurance_Certificate_455_page_4.png,2
/home/data_science/geo_testing/Classification_root/LC_org/LC/PO/Purchase_Order_453_2.png,0
/home/data_science/geo_testing/Classification_root/LC_org/LC/OTHERS/Covering_Schedule_216_page_2.png,2
/home/data_science/geo_testing/Classification_root/LC_org/LC/OTHERS/Packing_List_198_page_0.png,2
/home/data_science/geo_testing/Classification_root/LC_org/LC/OTHERS/Certificate_Of_Origin_927_page_5.png,2
/home/data_science/geo_testing/Classification_root/LC_org/LC/OTHERS/Certificate_Of_Origin_201_page_5.png,2
/home/data_science/geo_testing/Classification_root/LC_org/LC/OTHERS/Covering_Schedule_986_page_8.png,2
/home/data_science/geo_testing/Classification_root/LC_org/LC/OTHERS/Covering_Schedule_249_page_0.png,2
/home/data_science/geo_testing/Classification_root/LC_org/LC/OTHERS/Bill_Of_Landing_645_page_1.png,2
/home/data_science/geo_testing/Classification_root/LC_org/LC/OTHERS/Certificate_Of_Origin_580_page_55.png,2
/home/data_science/geo_testing/Classification_root/LC_org/LC/OTHERS/Covering_Schedule_712_page_2.png,2
/home/data_science/geo_testing/Classification_root/LC_org/LC/OTHERS/Bill_Of_Landing_442_page_1.png,2
/home/data_science/geo_testing/Classification_root/LC_org/LC/PI/Proforma_Invoice_239_0.png,1
/home/data_science/geo_testing/Classification_root/LC_org/LC/OTHERS/Covering_Schedule_9_page_8.png,2
/home/data_science/geo_testing/Classification_root/LC_org/LC/OTHERS/Covering_Schedule_261_page_2.png,2
/home/data_science/geo_testing/Classification_root/LC_org/LC/OTHERS/Covering_Schedule_911_page_0.png,2
/home/data_science/geo_testing/Classification_root/LC_org/LC/OTHERS/Packing_List_392_page_147.png,2
/home/data_science/geo_testing/Classification_root/LC_org/LC/OTHERS/Certificate_Of_Origin_965_page_1.png,2
/home/data_science/geo_testing/Classification_root/LC_org/LC/PO/Purchase_Order_294_0.png,0
/home/data_science/geo_testing/Classification_root/LC_org/LC/OTHERS/Packing_List_617_page_5.png,2
/home/data_science/geo_testing/Classification_root/LC_org/LC/OTHERS/Bill_Of_Landing_353_page_8.png,2
/home/data_science/geo_testing/Classification_root/LC_org/LC/PI/Proforma_Invoice_381_0.png,1
/home/data_science/geo_testing/Classification_root/LC_org/LC/PI/Proforma_Invoice_559_0.png,1
/home/data_science/geo_testing/Classification_root/LC_org/LC/OTHERS/Certificate_Of_Origin_361_page_6.png,2
/home/data_science/geo_testing/Classification_root/LC_org/LC/OTHERS/Covering_Schedule_547_page_0.png,2
/home/data_science/geo_testing/Classification_root/LC_org/LC/PI/Proforma_Invoice_115_0.png,1
/home/data_science/geo_testing/Classification_root/LC_org/LC/OTHERS/Packing_List_568_page_16.png,2
/home/data_science/geo_testing/Classification_root/LC_org/LC/OTHERS/Packing_List_392_page_121.png,2
/home/data_science/geo_testing/Classification_root/LC_org/LC/OTHERS/Covering_Schedule_889_page_3.png,2
/home/data_science/geo_testing/Classification_root/LC_org/LC/PO/Purchase_Order_By_Opener_550_0.png,0
/home/data_science/geo_testing/Classification_root/LC_org/LC/OTHERS/Bill_Of_Landing_112_page_2.png,2
/home/data_science/geo_testing/Classification_root/LC_org/LC/PI/Proforma_Invoice_220_0.png,1
/home/data_science/geo_testing/Classification_root/LC_org/LC/OTHERS/Packing_List_392_page_170.png,2
/home/data_science/geo_testing/Classification_root/LC_org/LC/OTHERS/Covering_Schedule_267_page_5.png,2
/home/data_science/geo_testing/Classification_root/LC_org/LC/OTHERS/Packing_List_595_page_4.png,2
/home/data_science/geo_testing/Classification_root/LC_org/LC/PO/Purchase_Order_152_7.png,0
/home/data_science/geo_testing/Classification_root/LC_org/LC/PI/Proforma_Invoice_96_2.png,1
/home/data_science/geo_testing/Classification_root/LC_org/LC/OTHERS/Bill_Of_Landing_434_page_1.png,2
/home/data_science/geo_testing/Classification_root/LC_org/LC/PO/Purchase_Order_By_Opener_464_1.png,0
/home/data_science/geo_testing/Classification_root/LC_org/LC/OTHERS/Covering_Schedule_450_page_1.png,2
/home/data_science/geo_testing/Classification_root/LC_org/LC/OTHERS/Packing_List_568_page_11.png,2
/home/data_science/geo_testing/Classification_root/LC_org/LC/PI/Proforma_Invoice_242_0.png,1
/home/data_science/geo_testing/Classification_root/LC_org/LC/OTHERS/Covering_Schedule_879_page_0.png,2
/home/data_science/geo_testing/Classification_root/LC_org/LC/OTHERS/Covering_Schedule_307_page_0.png,2
/home/data_science/geo_testing/Classification_root/LC_org/LC/OTHERS/Bill_Of_Landing_629_page_2.png,2
/home/data_science/geo_testing/Classification_root/LC_org/LC/OTHERS/Bill_Of_Landing_823_page_5.png,2
/home/data_science/geo_testing/Classification_root/LC_org/LC/OTHERS/Certificate_Of_Origin_204_page_2.png,2
/home/data_science/geo_testing/Classification_root/LC_org/LC/OTHERS/Covering_Schedule_190_page_0.png,2
/home/data_science/geo_testing/Classification_root/LC_org/LC/OTHERS/Certificate_Of_Origin_142_page_0.png,2
/home/data_science/geo_testing/Classification_root/LC_org/LC/OTHERS/Covering_Schedule_322_page_1.png,2
/home/data_science/geo_testing/Classification_root/LC_org/LC/PI/Proforma_Invoice_376_0.png,1
/home/data_science/geo_testing/Classification_root/LC_org/LC/PI/Proforma_Invoice_397_0.png,1
/home/data_science/geo_testing/Classification_root/LC_org/LC/OTHERS/Bill_Of_Landing_803_page_4.png,2
/home/data_science/geo_testing/Classification_root/LC_org/LC/OTHERS/Packing_List_719_page_1.png,2
/home/data_science/geo_testing/Classification_root/LC_org/LC/OTHERS/Covering_Schedule_449_page_6.png,2
/home/data_science/geo_testing/Classification_root/LC_org/LC/PO/Purchase_Order_By_Opener_465_1.png,0
/home/data_science/geo_testing/Classification_root/LC_org/LC/OTHERS/Covering_Schedule_438_page_0.png,2
/home/data_science/geo_testing/Classification_root/LC_org/LC/OTHERS/Bill_Of_Landing_151_page_1.png,2
/home/data_science/geo_testing/Classification_root/LC_org/LC/OTHERS/Bill_Of_Landing_569_page_1.png,2
/home/data_science/geo_testing/Classification_root/LC_org/LC/OTHERS/Packing_List_392_page_154.png,2
/home/data_science/geo_testing/Classification_root/LC_org/LC/PO/Purchase_Order_529_1.png,0
/home/data_science/geo_testing/Classification_root/LC_org/LC/PI/Proforma_Invoice_394_0.png,1
/home/data_science/geo_testing/Classification_root/LC_org/LC/OTHERS/Certificate_Of_Origin_115_page_8.png,2
/home/data_science/geo_testing/Classification_root/LC_org/LC/OTHERS/Covering_Schedule_781_page_10.png,2
/home/data_science/geo_testing/Classification_root/LC_org/LC/OTHERS/Covering_Schedule_184_page_3.png,2
/home/data_science/geo_testing/Classification_root/LC_org/LC/PI/Proforma_Invoice_172_0.png,1
/home/data_science/geo_testing/Classification_root/LC_org/LC/PI/Proforma_Invoice_454_0.png,1
/home/data_science/geo_testing/Classification_root/LC_org/LC/PO/Purchase_Order_362_6.png,0
/home/data_science/geo_testing/Classification_root/LC_org/LC/OTHERS/Covering_Schedule_86_page_3.png,2
/home/data_science/geo_testing/Classification_root/LC_org/LC/OTHERS/Covering_Schedule_778_page_3.png,2
/home/data_science/geo_testing/Classification_root/LC_org/LC/OTHERS/Packing_List_392_page_200.png,2
/home/data_science/geo_testing/Classification_root/LC_org/LC/OTHERS/Certificate_Of_Origin_323_page_1.png,2
/home/data_science/geo_testing/Classification_root/LC_org/LC/PI/Proforma_Invoice_259_0.png,1
/home/data_science/geo_testing/Classification_root/LC_org/LC/PO/Purchase_Order_298_53.png,0
/home/data_science/geo_testing/Classification_root/LC_org/LC/PO/Purchase_Order_62_1.png,0
/home/data_science/geo_testing/Classification_root/LC_org/LC/PO/Purchase_Order_By_Opener_384_0.png,0
/home/data_science/geo_testing/Classification_root/LC_org/LC/OTHERS/Bill_Of_Landing_707_page_0.png,2
/home/data_science/geo_testing/Classification_root/LC_org/LC/OTHERS/Packing_List_53_page_1.png,2
/home/data_science/geo_testing/Classification_root/LC_org/LC/OTHERS/Packing_List_617_page_38.png,2
/home/data_science/geo_testing/Classification_root/LC_org/LC/OTHERS/Bill_Of_Landing_381_page_1.png,2
/home/data_science/geo_testing/Classification_root/LC_org/LC/OTHERS/Covering_Schedule_221_page_0.png,2
/home/data_science/geo_testing/Classification_root/LC_org/LC/PO/Purchase_Order_By_Opener_463_1.png,0
/home/data_science/geo_testing/Classification_root/LC_org/LC/OTHERS/Covering_Schedule_906_page_0.png,2
/home/data_science/geo_testing/Classification_root/LC_org/LC/OTHERS/Covering_Schedule_840_page_0.png,2
/home/data_science/geo_testing/Classification_root/LC_org/LC/OTHERS/Packing_List_991_page_1.png,2
/home/data_science/geo_testing/Classification_root/LC_org/LC/OTHERS/Bill_Of_Landing_766_page_3.png,2
/home/data_science/geo_testing/Classification_root/LC_org/LC/OTHERS/Covering_Schedule_887_page_0.png,2
/home/data_science/geo_testing/Classification_root/LC_org/LC/OTHERS/Packing_List_392_page_281.png,2
/home/data_science/geo_testing/Classification_root/LC_org/LC/OTHERS/Covering_Schedule_727_page_3.png,2
/home/data_science/geo_testing/Classification_root/LC_org/LC/OTHERS/Packing_List_392_page_253.png,2
/home/data_science/geo_testing/Classification_root/LC_org/LC/PO/Purchase_Order_87_27.png,0
/home/data_science/geo_testing/Classification_root/LC_org/LC/PO/Purchase_Order_360_0.png,0
/home/data_science/geo_testing/Classification_root/LC_org/LC/OTHERS/Covering_Schedule_659_page_14.png,2
/home/data_science/geo_testing/Classification_root/LC_org/LC/PO/Purchase_Order_565_1.png,0
/home/data_science/geo_testing/Classification_root/LC_org/LC/OTHERS/Covering_Schedule_715_page_1.png,2
/home/data_science/geo_testing/Classification_root/LC_org/LC/OTHERS/Covering_Schedule_200_page_0.png,2
/home/data_science/geo_testing/Classification_root/LC_org/LC/PO/Purchase_Order_362_30.png,0
/home/data_science/geo_testing/Classification_root/LC_org/LC/PO/Purchase_Order_By_Opener_445_0.png,0
/home/data_science/geo_testing/Classification_root/LC_org/LC/OTHERS/Packing_List_617_page_35.png,2
/home/data_science/geo_testing/Classification_root/LC_org/LC/OTHERS/Covering_Schedule_38_page_3.png,2
/home/data_science/geo_testing/Classification_root/LC_org/LC/OTHERS/Covering_Schedule_792_page_0.png,2
/home/data_science/geo_testing/Classification_root/LC_org/LC/PO/Purchase_Order_By_Opener_533_0.png,0
/home/data_science/geo_testing/Classification_root/LC_org/LC/PO/Purchase_Order_By_Opener_177_1.png,0
/home/data_science/geo_testing/Classification_root/LC_org/LC/OTHERS/Packing_List_392_page_160.png,2
/home/data_science/geo_testing/Classification_root/LC_org/LC/OTHERS/Covering_Schedule_247_page_0.png,2
/home/data_science/geo_testing/Classification_root/LC_org/LC/PI/Proforma_Invoice_427_0.png,1
/home/data_science/geo_testing/Classification_root/LC_org/LC/OTHERS/Packing_List_568_page_17.png,2
/home/data_science/geo_testing/Classification_root/LC_org/LC/OTHERS/Covering_Schedule_879_page_5.png,2
/home/data_science/geo_testing/Classification_root/LC_org/LC/OTHERS/Packing_List_857_page_1.png,2
/home/data_science/geo_testing/Classification_root/LC_org/LC/PO/Purchase_Order_By_Opener_33_0.png,0
/home/data_science/geo_testing/Classification_root/LC_org/LC/OTHERS/Covering_Schedule_907_page_0.png,2
/home/data_science/geo_testing/Classification_root/LC_org/LC/PO/Purchase_Order_199_7.png,0
/home/data_science/geo_testing/Classification_root/LC_org/LC/PO/Purchase_Order_By_Opener_575_1.png,0
/home/data_science/geo_testing/Classification_root/LC_org/LC/OTHERS/Packing_List_480_page_4.png,2
/home/data_science/geo_testing/Classification_root/LC_org/LC/OTHERS/Bill_Of_Landing_127_page_1.png,2
/home/data_science/geo_testing/Classification_root/LC_org/LC/PI/Proforma_Invoice_531_0.png,1
/home/data_science/geo_testing/Classification_root/LC_org/LC/PI/Proforma_Invoice_109_0.png,1
/home/data_science/geo_testing/Classification_root/LC_org/LC/PI/Proforma_Invoice_508_0.png,1
/home/data_science/geo_testing/Classification_root/LC_org/LC/OTHERS/Covering_Schedule_258_page_3.png,2
/home/data_science/geo_testing/Classification_root/LC_org/LC/PO/Purchase_Order_94_1.png,0
/home/data_science/geo_testing/Classification_root/LC_org/LC/OTHERS/Packing_List_392_page_149.png,2
/home/data_science/geo_testing/Classification_root/LC_org/LC/OTHERS/Covering_Schedule_193_page_0.png,2
/home/data_science/geo_testing/Classification_root/LC_org/LC/PO/Purchase_Order_152_4.png,0
/home/data_science/geo_testing/Classification_root/LC_org/LC/OTHERS/Covering_Schedule_350_page_0.png,2
/home/data_science/geo_testing/Classification_root/LC_org/LC/PO/Purchase_Order_By_Opener_513_0.png,0
/home/data_science/geo_testing/Classification_root/LC_org/LC/OTHERS/Covering_Schedule_699_page_10.png,2
/home/data_science/geo_testing/Classification_root/LC_org/LC/PO/Purchase_Order_164_3.png,0
/home/data_science/geo_testing/Classification_root/LC_org/LC/OTHERS/Covering_Schedule_396_page_0.png,2
/home/data_science/geo_testing/Classification_root/LC_org/LC/PO/Purchase_Order_326_0.png,0
/home/data_science/geo_testing/Classification_root/LC_org/LC/OTHERS/Covering_Schedule_44_page_0.png,2
/home/data_science/geo_testing/Classification_root/LC_org/LC/OTHERS/Certificate_Of_Origin_917_page_1.png,2
/home/data_science/geo_testing/Classification_root/LC_org/LC/PO/Purchase_Order_53_3.png,0
/home/data_science/geo_testing/Classification_root/LC_org/LC/OTHERS/Packing_List_392_page_106.png,2
/home/data_science/geo_testing/Classification_root/LC_org/LC/OTHERS/Covering_Schedule_869_page_3.png,2
/home/data_science/geo_testing/Classification_root/LC_org/LC/PO/Purchase_Order_By_Opener_36_2.png,0
/home/data_science/geo_testing/Classification_root/LC_org/LC/OTHERS/Covering_Schedule_704_page_1.png,2
/home/data_science/geo_testing/Classification_root/LC_org/LC/PO/Purchase_Order_By_Opener_189_2.png,0
/home/data_science/geo_testing/Classification_root/LC_org/LC/OTHERS/Covering_Schedule_931_page_1.png,2
/home/data_science/geo_testing/Classification_root/LC_org/LC/OTHERS/Covering_Schedule_255_page_0.png,2
/home/data_science/geo_testing/Classification_root/LC_org/LC/OTHERS/Bill_Of_Landing_827_page_1.png,2
/home/data_science/geo_testing/Classification_root/LC_org/LC/PO/Purchase_Order_494_0.png,0
/home/data_science/geo_testing/Classification_root/LC_org/LC/PI/Proforma_Invoice_578_0.png,1
/home/data_science/geo_testing/Classification_root/LC_org/LC/OTHERS/Insurance_Certificate_0_page_6.png,2
/home/data_science/geo_testing/Classification_root/LC_org/LC/PO/Purchase_Order_By_Opener_570_3.png,0
/home/data_science/geo_testing/Classification_root/LC_org/LC/OTHERS/Covering_Schedule_715_page_3.png,2
/home/data_science/geo_testing/Classification_root/LC_org/LC/OTHERS/Covering_Schedule_495_page_2.png,2
/home/data_science/geo_testing/Classification_root/LC_org/LC/OTHERS/Covering_Schedule_904_page_5.png,2
/home/data_science/geo_testing/Classification_root/LC_org/LC/OTHERS/Covering_Schedule_807_page_2.png,2
/home/data_science/geo_testing/Classification_root/LC_org/LC/PO/Purchase_Order_125_0.png,0
/home/data_science/geo_testing/Classification_root/LC_org/LC/OTHERS/Covering_Schedule_486_page_2.png,2
/home/data_science/geo_testing/Classification_root/LC_org/LC/PO/Purchase_Order_By_Opener_357_2.png,0
/home/data_science/geo_testing/Classification_root/LC_org/LC/OTHERS/Packing_List_617_page_7.png,2
/home/data_science/geo_testing/Classification_root/LC_org/LC/OTHERS/Covering_Schedule_2_page_23.png,2
/home/data_science/geo_testing/Classification_root/LC_org/LC/OTHERS/Bill_Of_Landing_813_page_1.png,2
/home/data_science/geo_testing/Classification_root/LC_org/LC/OTHERS/Certificate_Of_Origin_662_page_0.png,2
/home/data_science/geo_testing/Classification_root/LC_org/LC/OTHERS/Covering_Schedule_254_page_0.png,2
/home/data_science/geo_testing/Classification_root/LC_org/LC/OTHERS/Covering_Schedule_340_page_3.png,2
/home/data_science/geo_testing/Classification_root/LC_org/LC/PO/Purchase_Order_By_Opener_141_34.png,0
/home/data_science/geo_testing/Classification_root/LC_org/LC/PO/Purchase_Order_302_3.png,0
/home/data_science/geo_testing/Classification_root/LC_org/LC/OTHERS/Packing_List_759_page_22.png,2
/home/data_science/geo_testing/Classification_root/LC_org/LC/OTHERS/Insurance_Certificate_5_page_2.png,2
/home/data_science/geo_testing/Classification_root/LC_org/LC/OTHERS/Covering_Schedule_420_page_0.png,2
/home/data_science/geo_testing/Classification_root/LC_org/LC/OTHERS/Certificate_Of_Origin_269_page_24.png,2
/home/data_science/geo_testing/Classification_root/LC_org/LC/OTHERS/Covering_Schedule_178_page_0.png,2
/home/data_science/geo_testing/Classification_root/LC_org/LC/OTHERS/Covering_Schedule_275_page_0.png,2
/home/data_science/geo_testing/Classification_root/LC_org/LC/OTHERS/Bill_Of_Landing_846_page_2.png,2
/home/data_science/geo_testing/Classification_root/LC_org/LC/OTHERS/Covering_Schedule_267_page_1.png,2
/home/data_science/geo_testing/Classification_root/LC_org/LC/OTHERS/Certificate_Of_Origin_855_page_1.png,2
/home/data_science/geo_testing/Classification_root/LC_org/LC/PI/Proforma_Invoice_260_0.png,1
/home/data_science/geo_testing/Classification_root/LC_org/LC/PO/Purchase_Order_534_11.png,0
/home/data_science/geo_testing/Classification_root/LC_org/LC/OTHERS/Certificate_Of_Origin_546_page_6.png,2
/home/data_science/geo_testing/Classification_root/LC_org/LC/OTHERS/Bill_Of_Landing_820_page_4.png,2
/home/data_science/geo_testing/Classification_root/LC_org/LC/PO/Purchase_Order_By_Opener_36_7.png,0
/home/data_science/geo_testing/Classification_root/LC_org/LC/OTHERS/Bill_Of_Landing_112_page_6.png,2
/home/data_science/geo_testing/Classification_root/LC_org/LC/PI/Proforma_Invoice_124_0.png,1
/home/data_science/geo_testing/Classification_root/LC_org/LC/OTHERS/Covering_Schedule_453_page_3.png,2
/home/data_science/geo_testing/Classification_root/LC_org/LC/PO/Purchase_Order_By_Opener_482_0.png,0
/home/data_science/geo_testing/Classification_root/LC_org/LC/OTHERS/Covering_Schedule_528_page_0.png,2
/home/data_science/geo_testing/Classification_root/LC_org/LC/PO/Purchase_Order_By_Opener_16_0.png,0
/home/data_science/geo_testing/Classification_root/LC_org/LC/PO/Purchase_Order_79_0.png,0
/home/data_science/geo_testing/Classification_root/LC_org/LC/OTHERS/Packing_List_392_page_182.png,2
/home/data_science/geo_testing/Classification_root/LC_org/LC/OTHERS/Covering_Schedule_24_page_3.png,2
/home/data_science/geo_testing/Classification_root/LC_org/LC/OTHERS/Packing_List_392_page_301.png,2
/home/data_science/geo_testing/Classification_root/LC_org/LC/OTHERS/Covering_Schedule_213_page_0.png,2
/home/data_science/geo_testing/Classification_root/LC_org/LC/PI/Proforma_Invoice_118_0.png,1
/home/data_science/geo_testing/Classification_root/LC_org/LC/OTHERS/Bill_Of_Landing_827_page_2.png,2
/home/data_science/geo_testing/Classification_root/LC_org/LC/PO/Purchase_Order_By_Opener_141_0.png,0
/home/data_science/geo_testing/Classification_root/LC_org/LC/OTHERS/Bill_Of_Landing_324_page_1.png,2
/home/data_science/geo_testing/Classification_root/LC_org/LC/OTHERS/Packing_List_719_page_4.png,2
/home/data_science/geo_testing/Classification_root/LC_org/LC/PI/Proforma_Invoice_581_0.png,1
/home/data_science/geo_testing/Classification_root/LC_org/LC/OTHERS/Bill_Of_Landing_648_page_3.png,2
/home/data_science/geo_testing/Classification_root/LC_org/LC/OTHERS/Covering_Schedule_431_page_0.png,2
/home/data_science/geo_testing/Classification_root/LC_org/LC/OTHERS/Covering_Schedule_272_page_1.png,2
/home/data_science/geo_testing/Classification_root/LC_org/LC/OTHERS/Packing_List_543_page_1.png,2
/home/data_science/geo_testing/Classification_root/LC_org/LC/PO/Purchase_Order_By_Opener_45_1.png,0
/home/data_science/geo_testing/Classification_root/LC_org/LC/OTHERS/Covering_Schedule_253_page_11.png,2
/home/data_science/geo_testing/Classification_root/LC_org/LC/OTHERS/Certificate_Of_Origin_204_page_3.png,2
/home/data_science/geo_testing/Classification_root/LC_org/LC/OTHERS/Covering_Schedule_725_page_2.png,2
/home/data_science/geo_testing/Classification_root/LC_org/LC/OTHERS/Packing_List_392_page_230.png,2
/home/data_science/geo_testing/Classification_root/LC_org/LC/OTHERS/Covering_Schedule_758_page_1.png,2
/home/data_science/geo_testing/Classification_root/LC_org/LC/OTHERS/Covering_Schedule_360_page_5.png,2
/home/data_science/geo_testing/Classification_root/LC_org/LC/OTHERS/Packing_List_617_page_2.png,2
/home/data_science/geo_testing/Classification_root/LC_org/LC/PO/Purchase_Order_By_Opener_392_0.png,0
/home/data_science/geo_testing/Classification_root/LC_org/LC/OTHERS/Covering_Schedule_463_page_21.png,2
/home/data_science/geo_testing/Classification_root/LC_org/LC/OTHERS/Packing_List_323_page_1.png,2
/home/data_science/geo_testing/Classification_root/LC_org/LC/OTHERS/Covering_Schedule_745_page_0.png,2
/home/data_science/geo_testing/Classification_root/LC_org/LC/OTHERS/Covering_Schedule_226_page_0.png,2
/home/data_science/geo_testing/Classification_root/LC_org/LC/PI/Proforma_Invoice_154_1.png,1
/home/data_science/geo_testing/Classification_root/LC_org/LC/OTHERS/Foreign_Bank_Covering_Schedule_313_page_6.png,2
/home/data_science/geo_testing/Classification_root/LC_org/LC/OTHERS/Bill_Of_Landing_556_page_2.png,2
/home/data_science/geo_testing/Classification_root/LC_org/LC/OTHERS/Certificate_Of_Origin_947_page_4.png,2
/home/data_science/geo_testing/Classification_root/LC_org/LC/PO/Purchase_Order_By_Opener_459_4.png,0
/home/data_science/geo_testing/Classification_root/LC_org/LC/OTHERS/Packing_List_68_page_3.png,2
/home/data_science/geo_testing/Classification_root/LC_org/LC/OTHERS/Bill_Of_Landing_353_page_7.png,2
/home/data_science/geo_testing/Classification_root/LC_org/LC/OTHERS/Covering_Schedule_511_page_1.png,2
/home/data_science/geo_testing/Classification_root/LC_org/LC/OTHERS/Certificate_Of_Origin_272_page_3.png,2
/home/data_science/geo_testing/Classification_root/LC_org/LC/PO/Purchase_Order_502_1.png,0
/home/data_science/geo_testing/Classification_root/LC_org/LC/PO/Purchase_Order_By_Opener_196_0.png,0
/home/data_science/geo_testing/Classification_root/LC_org/LC/OTHERS/Packing_List_392_page_148.png,2
/home/data_science/geo_testing/Classification_root/LC_org/LC/OTHERS/Covering_Schedule_634_page_0.png,2
/home/data_science/geo_testing/Classification_root/LC_org/LC/OTHERS/Covering_Schedule_323_page_5.png,2
/home/data_science/geo_testing/Classification_root/LC_org/LC/OTHERS/Covering_Schedule_732_page_0.png,2
/home/data_science/geo_testing/Classification_root/LC_org/LC/OTHERS/Covering_Schedule_742_page_0.png,2
/home/data_science/geo_testing/Classification_root/LC_org/LC/PI/Proforma_Invoice_488_0.png,1
/home/data_science/geo_testing/Classification_root/LC_org/LC/OTHERS/Packing_List_360_page_15.png,2
/home/data_science/geo_testing/Classification_root/LC_org/LC/OTHERS/Certificate_Of_Origin_508_page_1.png,2
/home/data_science/geo_testing/Classification_root/LC_org/LC/OTHERS/Covering_Schedule_767_page_5.png,2
/home/data_science/geo_testing/Classification_root/LC_org/LC/OTHERS/Bill_Of_Landing_825_page_6.png,2
/home/data_science/geo_testing/Classification_root/LC_org/LC/PI/Proforma_Invoice_255_2.png,1
/home/data_science/geo_testing/Classification_root/LC_org/LC/OTHERS/Certificate_Of_Origin_547_page_3.png,2
/home/data_science/geo_testing/Classification_root/LC_org/LC/PO/Purchase_Order_By_Opener_515_1.png,0
/home/data_science/geo_testing/Classification_root/LC_org/LC/PO/Purchase_Order_326_7.png,0
/home/data_science/geo_testing/Classification_root/LC_org/LC/PO/Purchase_Order_362_29.png,0
/home/data_science/geo_testing/Classification_root/LC_org/LC/OTHERS/Covering_Schedule_167_page_0.png,2
/home/data_science/geo_testing/Classification_root/LC_org/LC/OTHERS/Covering_Schedule_878_page_3.png,2
/home/data_science/geo_testing/Classification_root/LC_org/LC/OTHERS/Bill_Of_Landing_862_page_43.png,2
/home/data_science/geo_testing/Classification_root/LC_org/LC/PO/Purchase_Order_152_10.png,0
/home/data_science/geo_testing/Classification_root/LC_org/LC/PO/Purchase_Order_411_1.png,0
/home/data_science/geo_testing/Classification_root/LC_org/LC/PI/Proforma_Invoice_553_0.png,1
/home/data_science/geo_testing/Classification_root/LC_org/LC/OTHERS/Bill_Of_Landing_860_page_3.png,2
/home/data_science/geo_testing/Classification_root/LC_org/LC/OTHERS/Covering_Schedule_281_page_6.png,2
/home/data_science/geo_testing/Classification_root/LC_org/LC/PI/Proforma_Invoice_342_0.png,1
/home/data_science/geo_testing/Classification_root/LC_org/LC/OTHERS/Foreign_Bank_Covering_Schedule_484_page_3.png,2
/home/data_science/geo_testing/Classification_root/LC_org/LC/OTHERS/Covering_Schedule_267_page_9.png,2
/home/data_science/geo_testing/Classification_root/LC_org/LC/OTHERS/Bill_of_lading_1001_page_6.png,2
/home/data_science/geo_testing/Classification_root/LC_org/LC/OTHERS/Covering_Schedule_125_page_6.png,2
/home/data_science/geo_testing/Classification_root/LC_org/LC/PI/Proforma_Invoice_387_0.png,1
/home/data_science/geo_testing/Classification_root/LC_org/LC/PO/Purchase_Order_298_36.png,0
/home/data_science/geo_testing/Classification_root/LC_org/LC/PO/Purchase_Order_By_Opener_481_0.png,0
/home/data_science/geo_testing/Classification_root/LC_org/LC/OTHERS/Packing_List_595_page_40.png,2
/home/data_science/geo_testing/Classification_root/LC_org/LC/OTHERS/Packing_List_568_page_41.png,2
/home/data_science/geo_testing/Classification_root/LC_org/LC/OTHERS/Covering_Schedule_340_page_1.png,2
/home/data_science/geo_testing/Classification_root/LC_org/LC/OTHERS/Certificate_Of_Origin_323_page_0.png,2
/home/data_science/geo_testing/Classification_root/LC_org/LC/OTHERS/Covering_Schedule_67_page_0.png,2
/home/data_science/geo_testing/Classification_root/LC_org/LC/PO/Purchase_Order_By_Opener_586_2.png,0
/home/data_science/geo_testing/Classification_root/LC_org/LC/OTHERS/Covering_Schedule_522_page_0.png,2
/home/data_science/geo_testing/Classification_root/LC_org/LC/OTHERS/Covering_Schedule_800_page_0.png,2
/home/data_science/geo_testing/Classification_root/LC_org/LC/PO/Purchase_Order_534_22.png,0
/home/data_science/geo_testing/Classification_root/LC_org/LC/OTHERS/Covering_Schedule_897_page_4.png,2
/home/data_science/geo_testing/Classification_root/LC_org/LC/OTHERS/Covering_Schedule_372_page_0.png,2
/home/data_science/geo_testing/Classification_root/LC_org/LC/OTHERS/Certificate_Of_Origin_580_page_40.png,2
/home/data_science/geo_testing/Classification_root/LC_org/LC/OTHERS/Bill_Of_Landing_836_page_7.png,2
/home/data_science/geo_testing/Classification_root/LC_org/LC/OTHERS/Foreign_Bank_Covering_Schedule_980_page_2.png,2
/home/data_science/geo_testing/Classification_root/LC_org/LC/OTHERS/Certificate_Of_Origin_314_page_20.png,2
/home/data_science/geo_testing/Classification_root/LC_org/LC/OTHERS/Insurance_Certificate_28_page_1.png,2
/home/data_science/geo_testing/Classification_root/LC_org/LC/OTHERS/Covering_Schedule_722_page_15.png,2
/home/data_science/geo_testing/Classification_root/LC_org/LC/OTHERS/Packing_List_392_page_308.png,2
/home/data_science/geo_testing/Classification_root/LC_org/LC/PO/Purchase_Order_130_0.png,0
/home/data_science/geo_testing/Classification_root/LC_org/LC/PO/Purchase_Order_126_0.png,0
/home/data_science/geo_testing/Classification_root/LC_org/LC/OTHERS/Covering_Schedule_0_page_1.png,2
/home/data_science/geo_testing/Classification_root/LC_org/LC/OTHERS/Certificate_Of_Origin_580_page_56.png,2
/home/data_science/geo_testing/Classification_root/LC_org/LC/OTHERS/Bill_Of_Landing_562_page_39.png,2
/home/data_science/geo_testing/Classification_root/LC_org/LC/OTHERS/Foreign_Bank_Covering_Schedule_56_page_0.png,2
/home/data_science/geo_testing/Classification_root/LC_org/LC/OTHERS/Packing_List_568_page_26.png,2
/home/data_science/geo_testing/Classification_root/LC_org/LC/PO/Purchase_Order_By_Opener_483_4.png,0
/home/data_science/geo_testing/Classification_root/LC_org/LC/PO/Purchase_Order_By_Opener_465_6.png,0
/home/data_science/geo_testing/Classification_root/LC_org/LC/OTHERS/Packing_List_392_page_162.png,2
/home/data_science/geo_testing/Classification_root/LC_org/LC/OTHERS/Covering_Schedule_101_page_3.png,2
/home/data_science/geo_testing/Classification_root/LC_org/LC/OTHERS/Covering_Schedule_267_page_0.png,2
/home/data_science/geo_testing/Classification_root/LC_org/LC/OTHERS/Packing_List_392_page_187.png,2
/home/data_science/geo_testing/Classification_root/LC_org/LC/PI/Proforma_Invoice_584_0.png,1
/home/data_science/geo_testing/Classification_root/LC_org/LC/OTHERS/Covering_Schedule_481_page_0.png,2
/home/data_science/geo_testing/Classification_root/LC_org/LC/OTHERS/Certificate_Of_Origin_476_page_1.png,2
/home/data_science/geo_testing/Classification_root/LC_org/LC/OTHERS/Certificate_Of_Origin_314_page_29.png,2
/home/data_science/geo_testing/Classification_root/LC_org/LC/OTHERS/Covering_Schedule_978_page_3.png,2
/home/data_science/geo_testing/Classification_root/LC_org/LC/PI/Proforma_Invoice_239_6.png,1
/home/data_science/geo_testing/Classification_root/LC_org/LC/OTHERS/Covering_Schedule_923_page_6.png,2
/home/data_science/geo_testing/Classification_root/LC_org/LC/OTHERS/Bill_Of_Landing_444_page_1.png,2
/home/data_science/geo_testing/Classification_root/LC_org/LC/OTHERS/Covering_Schedule_481_page_13.png,2
/home/data_science/geo_testing/Classification_root/LC_org/LC/OTHERS/Certificate_Of_Origin_623_page_3.png,2
/home/data_science/geo_testing/Classification_root/LC_org/LC/OTHERS/Covering_Schedule_810_page_0.png,2
/home/data_science/geo_testing/Classification_root/LC_org/LC/OTHERS/Covering_Schedule_5_page_9.png,2
/home/data_science/geo_testing/Classification_root/LC_org/LC/PO/Purchase_Order_268_0.png,0
/home/data_science/geo_testing/Classification_root/LC_org/LC/OTHERS/Insurance_Certificate_1_page_18.png,2
/home/data_science/geo_testing/Classification_root/LC_org/LC/PO/Purchase_Order_178_0.png,0
/home/data_science/geo_testing/Classification_root/LC_org/LC/OTHERS/Packing_List_392_page_279.png,2
/home/data_science/geo_testing/Classification_root/LC_org/LC/PO/Purchase_Order_By_Opener_12_0.png,0
/home/data_science/geo_testing/Classification_root/LC_org/LC/PO/Purchase_Order_534_5.png,0
/home/data_science/geo_testing/Classification_root/LC_org/LC/OTHERS/Certificate_Of_Origin_450_page_3.png,2
/home/data_science/geo_testing/Classification_root/LC_org/LC/PO/Purchase_Order_By_Opener_34_0.png,0
/home/data_science/geo_testing/Classification_root/LC_org/LC/PO/Purchase_Order_By_Opener_416_2.png,0
/home/data_science/geo_testing/Classification_root/LC_org/LC/OTHERS/Insurance_Certificate_1_page_12.png,2
/home/data_science/geo_testing/Classification_root/LC_org/LC/OTHERS/Insurance_Certificate_1_page_24.png,2
/home/data_science/geo_testing/Classification_root/LC_org/LC/PO/Purchase_Order_94_0.png,0
/home/data_science/geo_testing/Classification_root/LC_org/LC/OTHERS/Bill_Of_Landing_615_page_1.png,2
/home/data_science/geo_testing/Classification_root/LC_org/LC/PI/Proforma_Invoice_88_0.png,1
/home/data_science/geo_testing/Classification_root/LC_org/LC/PO/Purchase_Order_By_Opener_574_0.png,0
/home/data_science/geo_testing/Classification_root/LC_org/LC/PO/Purchase_Order_By_Opener_579_0.png,0
/home/data_science/geo_testing/Classification_root/LC_org/LC/OTHERS/Covering_Schedule_86_page_0.png,2
/home/data_science/geo_testing/Classification_root/LC_org/LC/OTHERS/Certificate_Of_Origin_658_page_3.png,2
/home/data_science/geo_testing/Classification_root/LC_org/LC/PI/Proforma_Invoice_218_0.png,1
/home/data_science/geo_testing/Classification_root/LC_org/LC/OTHERS/Bill_Of_Landing_192_page_4.png,2
/home/data_science/geo_testing/Classification_root/LC_org/LC/PO/Purchase_Order_30_0.png,0
/home/data_science/geo_testing/Classification_root/LC_org/LC/PI/Proforma_Invoice_486_0.png,1
/home/data_science/geo_testing/Classification_root/LC_org/LC/OTHERS/Bill_Of_Landing_221_page_1.png,2
/home/data_science/geo_testing/Classification_root/LC_org/LC/OTHERS/Packing_List_719_page_3.png,2
/home/data_science/geo_testing/Classification_root/LC_org/LC/PO/Purchase_Order_By_Opener_437_2.png,0
/home/data_science/geo_testing/Classification_root/LC_org/LC/OTHERS/Covering_Schedule_107_page_1.png,2
/home/data_science/geo_testing/Classification_root/LC_org/LC/PO/Purchase_Order_303_0.png,0
/home/data_science/geo_testing/Classification_root/LC_org/LC/OTHERS/Covering_Schedule_255_page_1.png,2
/home/data_science/geo_testing/Classification_root/LC_org/LC/PI/Proforma_Invoice_206_0.png,1
/home/data_science/geo_testing/Classification_root/LC_org/LC/OTHERS/Certificate_Of_Origin_314_page_19.png,2
/home/data_science/geo_testing/Classification_root/LC_org/LC/OTHERS/Covering_Schedule_927_page_3.png,2
/home/data_science/geo_testing/Classification_root/LC_org/LC/OTHERS/Covering_Schedule_415_page_0.png,2
/home/data_science/geo_testing/Classification_root/LC_org/LC/PO/Purchase_Order_By_Opener_412_0.png,0
/home/data_science/geo_testing/Classification_root/LC_org/LC/OTHERS/Covering_Schedule_696_page_1.png,2
/home/data_science/geo_testing/Classification_root/LC_org/LC/OTHERS/Packing_List_97_page_3.png,2
/home/data_science/geo_testing/Classification_root/LC_org/LC/OTHERS/Covering_Schedule_579_page_0.png,2
/home/data_science/geo_testing/Classification_root/LC_org/LC/OTHERS/Certificate_Of_Origin_314_page_8.png,2
/home/data_science/geo_testing/Classification_root/LC_org/LC/PI/Proforma_Invoice_577_0.png,1
/home/data_science/geo_testing/Classification_root/LC_org/LC/OTHERS/Bill_Of_Landing_846_page_1.png,2
/home/data_science/geo_testing/Classification_root/LC_org/LC/OTHERS/Covering_Schedule_450_page_7.png,2
/home/data_science/geo_testing/Classification_root/LC_org/LC/OTHERS/Covering_Schedule_172_page_0.png,2
/home/data_science/geo_testing/Classification_root/LC_org/LC/OTHERS/Covering_Schedule_904_page_3.png,2
/home/data_science/geo_testing/Classification_root/LC_org/LC/PO/Purchase_Order_By_Opener_578_2.png,0
/home/data_science/geo_testing/Classification_root/LC_org/LC/OTHERS/Bill_Of_Landing_415_page_1.png,2
/home/data_science/geo_testing/Classification_root/LC_org/LC/OTHERS/Covering_Schedule_356_page_0.png,2
/home/data_science/geo_testing/Classification_root/LC_org/LC/PO/Purchase_Order_298_59.png,0
/home/data_science/geo_testing/Classification_root/LC_org/LC/PO/Purchase_Order_403_10.png,0
/home/data_science/geo_testing/Classification_root/LC_org/LC/OTHERS/Packing_List_198_page_1.png,2
/home/data_science/geo_testing/Classification_root/LC_org/LC/OTHERS/Covering_Schedule_11_page_2.png,2
/home/data_science/geo_testing/Classification_root/LC_org/LC/PI/Proforma_Invoice_197_0.png,1
/home/data_science/geo_testing/Classification_root/LC_org/LC/OTHERS/Covering_Schedule_702_page_0.png,2
/home/data_science/geo_testing/Classification_root/LC_org/LC/OTHERS/Bill_Of_Landing_235_page_2.png,2
/home/data_science/geo_testing/Classification_root/LC_org/LC/OTHERS/Bill_Of_Landing_808_page_2.png,2
/home/data_science/geo_testing/Classification_root/LC_org/LC/OTHERS/Covering_Schedule_92_page_2.png,2
/home/data_science/geo_testing/Classification_root/LC_org/LC/OTHERS/Packing_List_272_page_1.png,2
/home/data_science/geo_testing/Classification_root/LC_org/LC/PI/Proforma_Invoice_166_3.png,1
/home/data_science/geo_testing/Classification_root/LC_org/LC/OTHERS/Covering_Schedule_181_page_0.png,2
/home/data_science/geo_testing/Classification_root/LC_org/LC/OTHERS/Covering_Schedule_926_page_8.png,2
/home/data_science/geo_testing/Classification_root/LC_org/LC/PI/Proforma_Invoice_94_0.png,1
/home/data_science/geo_testing/Classification_root/LC_org/LC/PO/Purchase_Order_447_2.png,0
/home/data_science/geo_testing/Classification_root/LC_org/LC/OTHERS/Certificate_Of_Origin_115_page_7.png,2
/home/data_science/geo_testing/Classification_root/LC_org/LC/OTHERS/Covering_Schedule_473_page_1.png,2
/home/data_science/geo_testing/Classification_root/LC_org/LC/OTHERS/Covering_Schedule_349_page_1.png,2
/home/data_science/geo_testing/Classification_root/LC_org/LC/OTHERS/Insurance_Certificate_1_page_14.png,2
/home/data_science/geo_testing/Classification_root/LC_org/LC/PO/Purchase_Order_By_Opener_157_0.png,0
/home/data_science/geo_testing/Classification_root/LC_org/LC/OTHERS/Covering_Schedule_252_page_7.png,2
/home/data_science/geo_testing/Classification_root/LC_org/LC/OTHERS/Bill_of_lading_21_page_1.png,2
/home/data_science/geo_testing/Classification_root/LC_org/LC/PO/Purchase_Order_543_0.png,0
/home/data_science/geo_testing/Classification_root/LC_org/LC/PO/Purchase_Order_548_1.png,0
/home/data_science/geo_testing/Classification_root/LC_org/LC/OTHERS/Certificate_Of_Origin_896_page_2.png,2
/home/data_science/geo_testing/Classification_root/LC_org/LC/OTHERS/Covering_Schedule_297_page_2.png,2
/home/data_science/geo_testing/Classification_root/LC_org/LC/OTHERS/Covering_Schedule_550_page_0.png,2
/home/data_science/geo_testing/Classification_root/LC_org/LC/OTHERS/Covering_Schedule_517_page_0.png,2
/home/data_science/geo_testing/Classification_root/LC_org/LC/PO/Purchase_Order_408_1.png,0
/home/data_science/geo_testing/Classification_root/LC_org/LC/OTHERS/Covering_Schedule_602_page_2.png,2
/home/data_science/geo_testing/Classification_root/LC_org/LC/OTHERS/Certificate_Of_Origin_931_page_3.png,2
/home/data_science/geo_testing/Classification_root/LC_org/LC/PI/Proforma_Invoice_348_0.png,1
/home/data_science/geo_testing/Classification_root/LC_org/LC/OTHERS/Packing_List_415_page_0.png,2
/home/data_science/geo_testing/Classification_root/LC_org/LC/OTHERS/Bill_Of_Landing_862_page_21.png,2
/home/data_science/geo_testing/Classification_root/LC_org/LC/OTHERS/Insurance_Certificate_1_page_22.png,2
/home/data_science/geo_testing/Classification_root/LC_org/LC/OTHERS/Covering_Schedule_4_page_1.png,2
/home/data_science/geo_testing/Classification_root/LC_org/LC/OTHERS/Foreign_Bank_Covering_Schedule_313_page_5.png,2
/home/data_science/geo_testing/Classification_root/LC_org/LC/PI/Proforma_Invoice_127_0.png,1
/home/data_science/geo_testing/Classification_root/LC_org/LC/PO/Purchase_Order_By_Opener_465_4.png,0
/home/data_science/geo_testing/Classification_root/LC_org/LC/PI/Proforma_Invoice_190_0.png,1
/home/data_science/geo_testing/Classification_root/LC_org/LC/OTHERS/Covering_Schedule_435_page_1.png,2
/home/data_science/geo_testing/Classification_root/LC_org/LC/OTHERS/Covering_Schedule_530_page_0.png,2
/home/data_science/geo_testing/Classification_root/LC_org/LC/OTHERS/Covering_Schedule_331_page_2.png,2
/home/data_science/geo_testing/Classification_root/LC_org/LC/OTHERS/Covering_Schedule_234_page_7.png,2
/home/data_science/geo_testing/Classification_root/LC_org/LC/PI/Proforma_Invoice_365_0.png,1
/home/data_science/geo_testing/Classification_root/LC_org/LC/OTHERS/Covering_Schedule_388_page_0.png,2
/home/data_science/geo_testing/Classification_root/LC_org/LC/PI/Proforma_Invoice_42_4.png,1
/home/data_science/geo_testing/Classification_root/LC_org/LC/PO/Purchase_Order_By_Opener_478_0.png,0
/home/data_science/geo_testing/Classification_root/LC_org/LC/PO/Purchase_Order_232_0.png,0
/home/data_science/geo_testing/Classification_root/LC_org/LC/PO/Purchase_Order_By_Opener_547_0.png,0
/home/data_science/geo_testing/Classification_root/LC_org/LC/PO/Purchase_Order_By_Opener_141_17.png,0
/home/data_science/geo_testing/Classification_root/LC_org/LC/OTHERS/Covering_Schedule_607_page_1.png,2
/home/data_science/geo_testing/Classification_root/LC_org/LC/PO/Purchase_Order_534_4.png,0
/home/data_science/geo_testing/Classification_root/LC_org/LC/OTHERS/Certificate_Of_Origin_269_page_23.png,2
/home/data_science/geo_testing/Classification_root/LC_org/LC/PI/Proforma_Invoice_349_0.png,1
/home/data_science/geo_testing/Classification_root/LC_org/LC/PO/Purchase_Order_517_10.png,0
/home/data_science/geo_testing/Classification_root/LC_org/LC/OTHERS/Certificate_Of_Origin_411_page_1.png,2
/home/data_science/geo_testing/Classification_root/LC_org/LC/OTHERS/Certificate_Of_Origin_294_page_5.png,2
/home/data_science/geo_testing/Classification_root/LC_org/LC/OTHERS/Insurance_Certificate_0_page_26.png,2
/home/data_science/geo_testing/Classification_root/LC_org/LC/OTHERS/Foreign_Bank_Covering_Schedule_642_page_2.png,2
/home/data_science/geo_testing/Classification_root/LC_org/LC/OTHERS/Packing_List_392_page_277.png,2
/home/data_science/geo_testing/Classification_root/LC_org/LC/OTHERS/Covering_Schedule_788_page_3.png,2
/home/data_science/geo_testing/Classification_root/LC_org/LC/OTHERS/Packing_List_696_page_3.png,2
/home/data_science/geo_testing/Classification_root/LC_org/LC/OTHERS/Certificate_Of_Origin_269_page_29.png,2
/home/data_science/geo_testing/Classification_root/LC_org/LC/OTHERS/Covering_Schedule_482_page_9.png,2
/home/data_science/geo_testing/Classification_root/LC_org/LC/OTHERS/Covering_Schedule_575_page_1.png,2
/home/data_science/geo_testing/Classification_root/LC_org/LC/OTHERS/Bill_Of_Landing_888_page_5.png,2
/home/data_science/geo_testing/Classification_root/LC_org/LC/PO/Purchase_Order_By_Opener_460_2.png,0
/home/data_science/geo_testing/Classification_root/LC_org/LC/OTHERS/Certificate_Of_Origin_223_page_1.png,2
/home/data_science/geo_testing/Classification_root/LC_org/LC/PO/Purchase_Order_By_Opener_371_0.png,0
/home/data_science/geo_testing/Classification_root/LC_org/LC/PO/Purchase_Order_362_15.png,0
/home/data_science/geo_testing/Classification_root/LC_org/LC/PI/Proforma_Invoice_550_1.png,1
/home/data_science/geo_testing/Classification_root/LC_org/LC/OTHERS/Bill_Of_Landing_338_page_1.png,2
/home/data_science/geo_testing/Classification_root/LC_org/LC/OTHERS/Packing_List_416_page_1.png,2
/home/data_science/geo_testing/Classification_root/LC_org/LC/OTHERS/Packing_List_22_page_3.png,2
/home/data_science/geo_testing/Classification_root/LC_org/LC/PO/Purchase_Order_By_Opener_571_0.png,0
/home/data_science/geo_testing/Classification_root/LC_org/LC/OTHERS/Packing_List_341_page_1.png,2
/home/data_science/geo_testing/Classification_root/LC_org/LC/PO/Purchase_Order_By_Opener_433_2.png,0
/home/data_science/geo_testing/Classification_root/LC_org/LC/OTHERS/Packing_List_759_page_27.png,2
/home/data_science/geo_testing/Classification_root/LC_org/LC/OTHERS/Certificate_Of_Origin_470_page_40.png,2
/home/data_science/geo_testing/Classification_root/LC_org/LC/OTHERS/Covering_Schedule_301_page_0.png,2
/home/data_science/geo_testing/Classification_root/LC_org/LC/PO/Purchase_Order_326_3.png,0
/home/data_science/geo_testing/Classification_root/LC_org/LC/PO/Purchase_Order_By_Opener_569_0.png,0
/home/data_science/geo_testing/Classification_root/LC_org/LC/OTHERS/Covering_Schedule_957_page_1.png,2
/home/data_science/geo_testing/Classification_root/LC_org/LC/PO/Purchase_Order_111_0.png,0
/home/data_science/geo_testing/Classification_root/LC_org/LC/OTHERS/Bill_Of_Landing_192_page_11.png,2
/home/data_science/geo_testing/Classification_root/LC_org/LC/OTHERS/Packing_List_392_page_297.png,2
/home/data_science/geo_testing/Classification_root/LC_org/LC/PI/Proforma_Invoice_63_0.png,1
/home/data_science/geo_testing/Classification_root/LC_org/LC/OTHERS/Covering_Schedule_606_page_7.png,2
/home/data_science/geo_testing/Classification_root/LC_org/LC/OTHERS/Certificate_Of_Origin_768_page_2.png,2
/home/data_science/geo_testing/Classification_root/LC_org/LC/OTHERS/Packing_List_392_page_159.png,2
/home/data_science/geo_testing/Classification_root/LC_org/LC/PO/Purchase_Order_362_21.png,0
/home/data_science/geo_testing/Classification_root/LC_org/LC/OTHERS/Certificate_Of_Origin_541_page_3.png,2
/home/data_science/geo_testing/Classification_root/LC_org/LC/PO/Purchase_Order_598_0.png,0
/home/data_science/geo_testing/Classification_root/LC_org/LC/PO/Purchase_Order_By_Opener_546_0.png,0
/home/data_science/geo_testing/Classification_root/LC_org/LC/PO/Purchase_Order_By_Opener_483_1.png,0
/home/data_science/geo_testing/Classification_root/LC_org/LC/OTHERS/Packing_List_595_page_33.png,2
/home/data_science/geo_testing/Classification_root/LC_org/LC/PO/Purchase_Order_By_Opener_358_0.png,0
/home/data_science/geo_testing/Classification_root/LC_org/LC/OTHERS/Covering_Schedule_1_page_7.png,2
/home/data_science/geo_testing/Classification_root/LC_org/LC/OTHERS/Certificate_Of_Origin_470_page_36.png,2
/home/data_science/geo_testing/Classification_root/LC_org/LC/PO/Purchase_Order_By_Opener_437_1.png,0
/home/data_science/geo_testing/Classification_root/LC_org/LC/OTHERS/Bill_Of_Landing_360_page_14.png,2
/home/data_science/geo_testing/Classification_root/LC_org/LC/PO/Purchase_Order_287_0.png,0
/home/data_science/geo_testing/Classification_root/LC_org/LC/PO/Purchase_Order_164_0.png,0
/home/data_science/geo_testing/Classification_root/LC_org/LC/OTHERS/Covering_Schedule_641_page_6.png,2
/home/data_science/geo_testing/Classification_root/LC_org/LC/OTHERS/Covering_Schedule(2013_04_16_10_48_09_4036)_780_page_0.png,2
/home/data_science/geo_testing/Classification_root/LC_org/LC/OTHERS/Bill_Of_Landing_882_page_1.png,2
/home/data_science/geo_testing/Classification_root/LC_org/LC/PO/Purchase_Order_525_4.png,0
/home/data_science/geo_testing/Classification_root/LC_org/LC/OTHERS/Covering_Schedule_524_page_2.png,2
/home/data_science/geo_testing/Classification_root/LC_org/LC/OTHERS/Covering_Schedule_373_page_3.png,2
/home/data_science/geo_testing/Classification_root/LC_org/LC/OTHERS/Packing_List_617_page_36.png,2
/home/data_science/geo_testing/Classification_root/LC_org/LC/PO/Purchase_Order_326_4.png,0
/home/data_science/geo_testing/Classification_root/LC_org/LC/PO/Purchase_Order_By_Opener_552_0.png,0
/home/data_science/geo_testing/Classification_root/LC_org/LC/OTHERS/Certificate_Of_Origin_261_page_1.png,2
/home/data_science/geo_testing/Classification_root/LC_org/LC/OTHERS/Packing_List_392_page_190.png,2
/home/data_science/geo_testing/Classification_root/LC_org/LC/OTHERS/Insurance_Certificate_1_page_17.png,2
/home/data_science/geo_testing/Classification_root/LC_org/LC/PO/Purchase_Order_By_Opener_416_5.png,0
/home/data_science/geo_testing/Classification_root/LC_org/LC/OTHERS/Covering_Schedule_308_page_0.png,2
/home/data_science/geo_testing/Classification_root/LC_org/LC/OTHERS/Certificate_Of_Origin_579_page_3.png,2
/home/data_science/geo_testing/Classification_root/LC_org/LC/OTHERS/Certificate_Of_Origin_261_page_3.png,2
/home/data_science/geo_testing/Classification_root/LC_org/LC/PI/Proforma_Invoice_485_0.png,1
/home/data_science/geo_testing/Classification_root/LC_org/LC/OTHERS/Packing_List_595_page_9.png,2
/home/data_science/geo_testing/Classification_root/LC_org/LC/PI/Proforma_Invoice_203_2.png,1
/home/data_science/geo_testing/Classification_root/LC_org/LC/PI/Proforma_Invoice_584_1.png,1
/home/data_science/geo_testing/Classification_root/LC_org/LC/PO/Purchase_Order_125_11.png,0
/home/data_science/geo_testing/Classification_root/LC_org/LC/PO/Purchase_Order_By_Opener_88_0.png,0
/home/data_science/geo_testing/Classification_root/LC_org/LC/OTHERS/Certificate_Of_Origin_323_page_5.png,2
/home/data_science/geo_testing/Classification_root/LC_org/LC/PI/Proforma_Invoice_557_0.png,1
/home/data_science/geo_testing/Classification_root/LC_org/LC/OTHERS/Bill_Of_Landing_562_page_18.png,2
/home/data_science/geo_testing/Classification_root/LC_org/LC/OTHERS/Covering_Schedule_826_page_2.png,2
/home/data_science/geo_testing/Classification_root/LC_org/LC/PO/Purchase_Order_302_12.png,0
/home/data_science/geo_testing/Classification_root/LC_org/LC/OTHERS/Covering_Schedule_678_page_3.png,2
/home/data_science/geo_testing/Classification_root/LC_org/LC/PO/Purchase_Order_306_0.png,0
/home/data_science/geo_testing/Classification_root/LC_org/LC/PI/Proforma_Invoice_213_0.png,1
/home/data_science/geo_testing/Classification_root/LC_org/LC/PI/Proforma_Invoice_42_3.png,1
/home/data_science/geo_testing/Classification_root/LC_org/LC/OTHERS/Covering_Schedule_722_page_1.png,2
/home/data_science/geo_testing/Classification_root/LC_org/LC/OTHERS/Certificate_Of_Origin_115_page_5.png,2
/home/data_science/geo_testing/Classification_root/LC_org/LC/OTHERS/Covering_Schedule_251_page_10.png,2
/home/data_science/geo_testing/Classification_root/LC_org/LC/OTHERS/Covering_Schedule_567_page_3.png,2
/home/data_science/geo_testing/Classification_root/LC_org/LC/OTHERS/Packing_List_595_page_12.png,2
/home/data_science/geo_testing/Classification_root/LC_org/LC/PO/Purchase_Order_298_26.png,0
/home/data_science/geo_testing/Classification_root/LC_org/LC/OTHERS/Covering_Schedule_978_page_1.png,2
/home/data_science/geo_testing/Classification_root/LC_org/LC/OTHERS/Packing_List_775_page_1.png,2
/home/data_science/geo_testing/Classification_root/LC_org/LC/PI/Proforma_Invoice_407_0.png,1
/home/data_science/geo_testing/Classification_root/LC_org/LC/PI/Proforma_Invoice_322_0.png,1
/home/data_science/geo_testing/Classification_root/LC_org/LC/OTHERS/Covering_Schedule_923_page_1.png,2
/home/data_science/geo_testing/Classification_root/LC_org/LC/OTHERS/Bill_Of_Landing_838_page_1.png,2
/home/data_science/geo_testing/Classification_root/LC_org/LC/OTHERS/Bill_Of_Landing_869_page_9.png,2
/home/data_science/geo_testing/Classification_root/LC_org/LC/OTHERS/Covering_Schedule_807_page_3.png,2
/home/data_science/geo_testing/Classification_root/LC_org/LC/PO/Purchase_Order_By_Opener_472_1.png,0
/home/data_science/geo_testing/Classification_root/LC_org/LC/PO/Purchase_Order_By_Opener_492_0.png,0
/home/data_science/geo_testing/Classification_root/LC_org/LC/PO/Purchase_Order_241_0.png,0
/home/data_science/geo_testing/Classification_root/LC_org/LC/OTHERS/Covering_Schedule_686_page_0.png,2
/home/data_science/geo_testing/Classification_root/LC_org/LC/OTHERS/Covering_Schedule_127_page_4.png,2
/home/data_science/geo_testing/Classification_root/LC_org/LC/OTHERS/Covering_Schedule_825_page_1.png,2
/home/data_science/geo_testing/Classification_root/LC_org/LC/OTHERS/Bill_Of_Landing_714_page_1.png,2
/home/data_science/geo_testing/Classification_root/LC_org/LC/PO/Purchase_Order_125_8.png,0
/home/data_science/geo_testing/Classification_root/LC_org/LC/OTHERS/Bill_Of_Landing_759_page_1.png,2
/home/data_science/geo_testing/Classification_root/LC_org/LC/OTHERS/Covering_Schedule_768_page_5.png,2
/home/data_science/geo_testing/Classification_root/LC_org/LC/OTHERS/Bill_Of_Landing_600_page_8.png,2
/home/data_science/geo_testing/Classification_root/LC_org/LC/OTHERS/Certificate_Of_Origin_314_page_12.png,2
/home/data_science/geo_testing/Classification_root/LC_org/LC/PO/Purchase_Order_By_Opener_358_2.png,0
/home/data_science/geo_testing/Classification_root/LC_org/LC/PO/Purchase_Order_526_5.png,0
/home/data_science/geo_testing/Classification_root/LC_org/LC/OTHERS/Bill_Of_Landing_291_page_6.png,2
/home/data_science/geo_testing/Classification_root/LC_org/LC/OTHERS/Certificate_Of_Origin_580_page_39.png,2
/home/data_science/geo_testing/Classification_root/LC_org/LC/PI/Proforma_Invoice_388_1.png,1
/home/data_science/geo_testing/Classification_root/LC_org/LC/PO/Purchase_Order_By_Opener_521_1.png,0
/home/data_science/geo_testing/Classification_root/LC_org/LC/PO/Purchase_Order_By_Opener_385_3.png,0
/home/data_science/geo_testing/Classification_root/LC_org/LC/PO/Purchase_Order_By_Opener_550_15.png,0
/home/data_science/geo_testing/Classification_root/LC_org/LC/PO/Purchase_Order_By_Opener_541_1.png,0
/home/data_science/geo_testing/Classification_root/LC_org/LC/OTHERS/Bill_Of_Landing_112_page_10.png,2
/home/data_science/geo_testing/Classification_root/LC_org/LC/PI/Proforma_Invoice_97_3.png,1
/home/data_science/geo_testing/Classification_root/LC_org/LC/OTHERS/Covering_Schedule_868_page_4.png,2
/home/data_science/geo_testing/Classification_root/LC_org/LC/PI/Proforma_Invoice_558_0.png,1
/home/data_science/geo_testing/Classification_root/LC_org/LC/PO/Purchase_Order_By_Opener_516_0.png,0
/home/data_science/geo_testing/Classification_root/LC_org/LC/PI/Proforma_Invoice_67_0.png,1
/home/data_science/geo_testing/Classification_root/LC_org/LC/PO/Purchase_Order_250_3.png,0
/home/data_science/geo_testing/Classification_root/LC_org/LC/PO/Purchase_Order_By_Opener_189_3.png,0
/home/data_science/geo_testing/Classification_root/LC_org/LC/OTHERS/Covering_Schedule_333_page_0.png,2
/home/data_science/geo_testing/Classification_root/LC_org/LC/OTHERS/Covering_Schedule_807_page_0.png,2
/home/data_science/geo_testing/Classification_root/LC_org/LC/OTHERS/Bill_of_lading_1015_page_6.png,2
/home/data_science/geo_testing/Classification_root/LC_org/LC/PO/Purchase_Order_126_3.png,0
/home/data_science/geo_testing/Classification_root/LC_org/LC/OTHERS/Certificate_Of_Origin_540_page_1.png,2
/home/data_science/geo_testing/Classification_root/LC_org/LC/PO/Purchase_Order_By_Opener_434_1.png,0
/home/data_science/geo_testing/Classification_root/LC_org/LC/OTHERS/Covering_Schedule_212_page_4.png,2
/home/data_science/geo_testing/Classification_root/LC_org/LC/PO/Purchase_Order_By_Opener_462_0.png,0
/home/data_science/geo_testing/Classification_root/LC_org/LC/PO/Purchase_Order_298_58.png,0
/home/data_science/geo_testing/Classification_root/LC_org/LC/OTHERS/Bill_Of_Landing_862_page_27.png,2
/home/data_science/geo_testing/Classification_root/LC_org/LC/OTHERS/Covering_Schedule_244_page_0.png,2
/home/data_science/geo_testing/Classification_root/LC_org/LC/OTHERS/Certificate_Of_Origin_314_page_27.png,2
/home/data_science/geo_testing/Classification_root/LC_org/LC/OTHERS/Packing_List_568_page_39.png,2
/home/data_science/geo_testing/Classification_root/LC_org/LC/OTHERS/Certificate_Of_Origin_611_page_2.png,2
/home/data_science/geo_testing/Classification_root/LC_org/LC/OTHERS/Packing_List_304_page_1.png,2
/home/data_science/geo_testing/Classification_root/LC_org/LC/PO/Purchase_Order_526_0.png,0
/home/data_science/geo_testing/Classification_root/LC_org/LC/OTHERS/Packing_List_568_page_3.png,2
/home/data_science/geo_testing/Classification_root/LC_org/LC/OTHERS/Covering_Schedule_126_page_0.png,2
/home/data_science/geo_testing/Classification_root/LC_org/LC/OTHERS/Certificate_Of_Origin_313_page_7.png,2
/home/data_science/geo_testing/Classification_root/LC_org/LC/OTHERS/Covering_Schedule_624_page_6.png,2
/home/data_science/geo_testing/Classification_root/LC_org/LC/OTHERS/Covering_Schedule_854_page_0.png,2
/home/data_science/geo_testing/Classification_root/LC_org/LC/OTHERS/Packing_List_392_page_226.png,2
/home/data_science/geo_testing/Classification_root/LC_org/LC/PO/Purchase_Order_362_20.png,0
/home/data_science/geo_testing/Classification_root/LC_org/LC/OTHERS/Covering_Schedule_187_page_2.png,2
/home/data_science/geo_testing/Classification_root/LC_org/LC/OTHERS/Covering_Schedule_835_page_7.png,2
/home/data_science/geo_testing/Classification_root/LC_org/LC/OTHERS/Covering_Schedule_845_page_0.png,2
/home/data_science/geo_testing/Classification_root/LC_org/LC/PI/Proforma_Invoice_122_0.png,1
/home/data_science/geo_testing/Classification_root/LC_org/LC/PI/Proforma_Invoice_424_1.png,1
/home/data_science/geo_testing/Classification_root/LC_org/LC/OTHERS/Covering_Schedule_565_page_5.png,2
/home/data_science/geo_testing/Classification_root/LC_org/LC/OTHERS/Packing_List_392_page_135.png,2
/home/data_science/geo_testing/Classification_root/LC_org/LC/OTHERS/Covering_Schedule_741_page_1.png,2
/home/data_science/geo_testing/Classification_root/LC_org/LC/PO/Purchase_Order_By_Opener_560_0.png,0
/home/data_science/geo_testing/Classification_root/LC_org/LC/OTHERS/Packing_List_509_page_1.png,2
/home/data_science/geo_testing/Classification_root/LC_org/LC/OTHERS/Certificate_Of_Origin_269_page_26.png,2
/home/data_science/geo_testing/Classification_root/LC_org/LC/OTHERS/Covering_Schedule_568_page_1.png,2
/home/data_science/geo_testing/Classification_root/LC_org/LC/PI/Proforma_Invoice_173_1.png,1
/home/data_science/geo_testing/Classification_root/LC_org/LC/PO/Purchase_Order_By_Opener_141_21.png,0
/home/data_science/geo_testing/Classification_root/LC_org/LC/PI/Proforma_Invoice_152_0.png,1
/home/data_science/geo_testing/Classification_root/LC_org/LC/OTHERS/Certificate_Of_Origin_269_page_16.png,2
/home/data_science/geo_testing/Classification_root/LC_org/LC/OTHERS/Covering_Schedule_926_page_3.png,2
/home/data_science/geo_testing/Classification_root/LC_org/LC/PO/Purchase_Order_By_Opener_485_1.png,0
/home/data_science/geo_testing/Classification_root/LC_org/LC/PO/Purchase_Order_By_Opener_84_0.png,0
/home/data_science/geo_testing/Classification_root/LC_org/LC/OTHERS/Packing_List_595_page_39.png,2
/home/data_science/geo_testing/Classification_root/LC_org/LC/OTHERS/Packing_List_392_page_313.png,2
/home/data_science/geo_testing/Classification_root/LC_org/LC/OTHERS/Bill_Of_Landing_779_page_5.png,2
/home/data_science/geo_testing/Classification_root/LC_org/LC/OTHERS/Packing_List_817_page_3.png,2
/home/data_science/geo_testing/Classification_root/LC_org/LC/PO/Purchase_Order_298_43.png,0
/home/data_science/geo_testing/Classification_root/LC_org/LC/OTHERS/Certificate_Of_Origin_195_page_0.png,2
/home/data_science/geo_testing/Classification_root/LC_org/LC/OTHERS/Covering_Schedule_680_page_0.png,2
/home/data_science/geo_testing/Classification_root/LC_org/LC/OTHERS/Certificate_Of_Origin_977_page_3.png,2
/home/data_science/geo_testing/Classification_root/LC_org/LC/PO/Purchase_Order_By_Opener_427_9.png,0
/home/data_science/geo_testing/Classification_root/LC_org/LC/OTHERS/Certificate_Of_Origin_546_page_10.png,2
/home/data_science/geo_testing/Classification_root/LC_org/LC/OTHERS/Packing_List_868_page_17.png,2
/home/data_science/geo_testing/Classification_root/LC_org/LC/OTHERS/Covering_Schedule_212_page_6.png,2
/home/data_science/geo_testing/Classification_root/LC_org/LC/OTHERS/Covering_Schedule_250_page_2.png,2
/home/data_science/geo_testing/Classification_root/LC_org/LC/OTHERS/Covering_Schedule_403_page_2.png,2
/home/data_science/geo_testing/Classification_root/LC_org/LC/OTHERS/Packing_List_584_page_0.png,2
/home/data_science/geo_testing/Classification_root/LC_org/LC/OTHERS/Covering_Schedule_606_page_3.png,2
/home/data_science/geo_testing/Classification_root/LC_org/LC/PO/Purchase_Order_By_Opener_550_13.png,0
/home/data_science/geo_testing/Classification_root/LC_org/LC/OTHERS/Covering_Schedule_373_page_0.png,2
/home/data_science/geo_testing/Classification_root/LC_org/LC/OTHERS/Packing_List_368_page_1.png,2
/home/data_science/geo_testing/Classification_root/LC_org/LC/PO/Purchase_Order_By_Opener_481_1.png,0
/home/data_science/geo_testing/Classification_root/LC_org/LC/OTHERS/Covering_Schedule_673_page_0.png,2
/home/data_science/geo_testing/Classification_root/LC_org/LC/OTHERS/Packing_List_417_page_0.png,2
/home/data_science/geo_testing/Classification_root/LC_org/LC/OTHERS/Packing_List_595_page_36.png,2
/home/data_science/geo_testing/Classification_root/LC_org/LC/OTHERS/Covering_Schedule_148_page_0.png,2
/home/data_science/geo_testing/Classification_root/LC_org/LC/OTHERS/Bill_of_lading_602_page_2.png,2
/home/data_science/geo_testing/Classification_root/LC_org/LC/PI/Proforma_Invoice_481_0.png,1
/home/data_science/geo_testing/Classification_root/LC_org/LC/OTHERS/Covering_Schedule_542_page_0.png,2
/home/data_science/geo_testing/Classification_root/LC_org/LC/OTHERS/Covering_Schedule_641_page_3.png,2
/home/data_science/geo_testing/Classification_root/LC_org/LC/OTHERS/Covering_Schedule_373_page_2.png,2
/home/data_science/geo_testing/Classification_root/LC_org/LC/OTHERS/Covering_Schedule_295_page_9.png,2
/home/data_science/geo_testing/Classification_root/LC_org/LC/OTHERS/Bill_Of_Landing_625_page_5.png,2
/home/data_science/geo_testing/Classification_root/LC_org/LC/OTHERS/Packing_List_392_page_156.png,2
/home/data_science/geo_testing/Classification_root/LC_org/LC/OTHERS/Insurance_Certificate_0_page_17.png,2
/home/data_science/geo_testing/Classification_root/LC_org/LC/PO/Purchase_Order_By_Opener_550_4.png,0
/home/data_science/geo_testing/Classification_root/LC_org/LC/PO/Purchase_Order_168_0.png,0
/home/data_science/geo_testing/Classification_root/LC_org/LC/OTHERS/Bill_Of_Landing_591_page_3.png,2
/home/data_science/geo_testing/Classification_root/LC_org/LC/OTHERS/Bill_Of_Landing_214_page_1.png,2
/home/data_science/geo_testing/Classification_root/LC_org/LC/OTHERS/Covering_Schedule_624_page_7.png,2
/home/data_science/geo_testing/Classification_root/LC_org/LC/PO/Purchase_Order_By_Opener_141_4.png,0
/home/data_science/geo_testing/Classification_root/LC_org/LC/OTHERS/Covering_Schedule_677_page_1.png,2
/home/data_science/geo_testing/Classification_root/LC_org/LC/PO/Purchase_Order_By_Opener_505_3.png,0
/home/data_science/geo_testing/Classification_root/LC_org/LC/PO/Purchase_Order_526_2.png,0
/home/data_science/geo_testing/Classification_root/LC_org/LC/OTHERS/Bill_Of_Landing_328_page_1.png,2
/home/data_science/geo_testing/Classification_root/LC_org/LC/OTHERS/Covering_Schedule_812_page_3.png,2
/home/data_science/geo_testing/Classification_root/LC_org/LC/OTHERS/Certificate_Of_Origin_820_page_3.png,2
/home/data_science/geo_testing/Classification_root/LC_org/LC/PO/Purchase_Order_326_13.png,0
/home/data_science/geo_testing/Classification_root/LC_org/LC/PO/Purchase_Order_298_31.png,0
/home/data_science/geo_testing/Classification_root/LC_org/LC/OTHERS/Packing_List_617_page_18.png,2
/home/data_science/geo_testing/Classification_root/LC_org/LC/OTHERS/Covering_Schedule_924_page_0.png,2
/home/data_science/geo_testing/Classification_root/LC_org/LC/OTHERS/Packing_List_595_page_41.png,2
/home/data_science/geo_testing/Classification_root/LC_org/LC/OTHERS/Covering_Schedule_966_page_14.png,2
/home/data_science/geo_testing/Classification_root/LC_org/LC/OTHERS/Covering_Schedule_601_page_0.png,2
/home/data_science/geo_testing/Classification_root/LC_org/LC/OTHERS/Covering_Schedule_744_page_8.png,2
/home/data_science/geo_testing/Classification_root/LC_org/LC/OTHERS/Covering_Schedule_578_page_0.png,2
/home/data_science/geo_testing/Classification_root/LC_org/LC/PO/Purchase_Order_152_9.png,0
/home/data_science/geo_testing/Classification_root/LC_org/LC/OTHERS/Covering_Schedule_641_page_1.png,2
/home/data_science/geo_testing/Classification_root/LC_org/LC/OTHERS/Packing_List_173_page_2.png,2
/home/data_science/geo_testing/Classification_root/LC_org/LC/PO/Purchase_Order_152_5.png,0
/home/data_science/geo_testing/Classification_root/LC_org/LC/PO/Purchase_Order_By_Opener_375_0.png,0
/home/data_science/geo_testing/Classification_root/LC_org/LC/PO/Purchase_Order_By_Opener_498_16.png,0
/home/data_science/geo_testing/Classification_root/LC_org/LC/PI/Proforma_Invoice_388_0.png,1
/home/data_science/geo_testing/Classification_root/LC_org/LC/OTHERS/Covering_Schedule_178_page_10.png,2
/home/data_science/geo_testing/Classification_root/LC_org/LC/OTHERS/Covering_Schedule_153_page_3.png,2
/home/data_science/geo_testing/Classification_root/LC_org/LC/PO/Purchase_Order_403_6.png,0
/home/data_science/geo_testing/Classification_root/LC_org/LC/OTHERS/Covering_Schedule_394_page_3.png,2
/home/data_science/geo_testing/Classification_root/LC_org/LC/OTHERS/Covering_Schedule_99_page_1.png,2
/home/data_science/geo_testing/Classification_root/LC_org/LC/OTHERS/Bill_Of_Landing_235_page_4.png,2
/home/data_science/geo_testing/Classification_root/LC_org/LC/OTHERS/Bill_Of_Landing_450_page_3.png,2
/home/data_science/geo_testing/Classification_root/LC_org/LC/OTHERS/Packing_List_392_page_111.png,2
/home/data_science/geo_testing/Classification_root/LC_org/LC/OTHERS/Packing_List_568_page_5.png,2
/home/data_science/geo_testing/Classification_root/LC_org/LC/OTHERS/Bill_Of_Landing_844_page_1.png,2
/home/data_science/geo_testing/Classification_root/LC_org/LC/OTHERS/Certificate_Of_Origin_486_page_1.png,2
/home/data_science/geo_testing/Classification_root/LC_org/LC/OTHERS/Packing_List_198_page_3.png,2
/home/data_science/geo_testing/Classification_root/LC_org/LC/OTHERS/Bill_Of_Landing_464_page_6.png,2
/home/data_science/geo_testing/Classification_root/LC_org/LC/OTHERS/Insurance_Certificate_20_page_8.png,2
/home/data_science/geo_testing/Classification_root/LC_org/LC/PO/Purchase_Order_517_2.png,0
/home/data_science/geo_testing/Classification_root/LC_org/LC/OTHERS/Certificate_Of_Origin_314_page_3.png,2
/home/data_science/geo_testing/Classification_root/LC_org/LC/OTHERS/Covering_Schedule(2013_04_15_15_44_07_2043)_150_page_0.png,2
/home/data_science/geo_testing/Classification_root/LC_org/LC/PI/Proforma_Invoice_297_1.png,1
/home/data_science/geo_testing/Classification_root/LC_org/LC/PI/Proforma_Invoice_589_0.png,1
/home/data_science/geo_testing/Classification_root/LC_org/LC/OTHERS/Certificate_Of_Origin_476_page_3.png,2
/home/data_science/geo_testing/Classification_root/LC_org/LC/OTHERS/Covering_Schedule_623_page_0.png,2
/home/data_science/geo_testing/Classification_root/LC_org/LC/PI/Proforma_Invoice_285_0.png,1
/home/data_science/geo_testing/Classification_root/LC_org/LC/OTHERS/Certificate_Of_Origin_314_page_24.png,2
/home/data_science/geo_testing/Classification_root/LC_org/LC/OTHERS/Covering_Schedule_274_page_1.png,2
/home/data_science/geo_testing/Classification_root/LC_org/LC/OTHERS/Insurance_Certificate_1_page_19.png,2
/home/data_science/geo_testing/Classification_root/LC_org/LC/PO/Purchase_Order_By_Opener_505_2.png,0
/home/data_science/geo_testing/Classification_root/LC_org/LC/OTHERS/Covering_Schedule_869_page_0.png,2
/home/data_science/geo_testing/Classification_root/LC_org/LC/OTHERS/Bill_Of_Landing_457_page_2.png,2
/home/data_science/geo_testing/Classification_root/LC_org/LC/OTHERS/Certificate_Of_Origin_588_page_1.png,2
/home/data_science/geo_testing/Classification_root/LC_org/LC/OTHERS/Certificate_Of_Origin_757_page_1.png,2
/home/data_science/geo_testing/Classification_root/LC_org/LC/OTHERS/Covering_Schedule_301_page_2.png,2
/home/data_science/geo_testing/Classification_root/LC_org/LC/OTHERS/Packing_List_392_page_299.png,2
/home/data_science/geo_testing/Classification_root/LC_org/LC/OTHERS/Certificate_Of_Origin_313_page_9.png,2
/home/data_science/geo_testing/Classification_root/LC_org/LC/PO/Purchase_Order_548_7.png,0
/home/data_science/geo_testing/Classification_root/LC_org/LC/OTHERS/Covering_Schedule_711_page_2.png,2
/home/data_science/geo_testing/Classification_root/LC_org/LC/OTHERS/Certificate_Of_Origin_28_page_0.png,2
/home/data_science/geo_testing/Classification_root/LC_org/LC/OTHERS/Covering_Schedule_943_page_0.png,2
/home/data_science/geo_testing/Classification_root/LC_org/LC/PI/Proforma_Invoice_424_0.png,1
/home/data_science/geo_testing/Classification_root/LC_org/LC/PI/Proforma_Invoice_168_0.png,1
/home/data_science/geo_testing/Classification_root/LC_org/LC/OTHERS/Covering_Schedule_450_page_14.png,2
/home/data_science/geo_testing/Classification_root/LC_org/LC/PI/Proforma_Invoice_160_0.png,1
/home/data_science/geo_testing/Classification_root/LC_org/LC/OTHERS/Packing_List_58_page_3.png,2
/home/data_science/geo_testing/Classification_root/LC_org/LC/OTHERS/Bill_Of_Landing_776_page_9.png,2
/home/data_science/geo_testing/Classification_root/LC_org/LC/PO/Purchase_Order_517_7.png,0
/home/data_science/geo_testing/Classification_root/LC_org/LC/PO/Purchase_Order_By_Opener_141_24.png,0
/home/data_science/geo_testing/Classification_root/LC_org/LC/PO/Purchase_Order_By_Opener_459_2.png,0
/home/data_science/geo_testing/Classification_root/LC_org/LC/PI/Proforma_Invoice_156_2.png,1
/home/data_science/geo_testing/Classification_root/LC_org/LC/OTHERS/Covering_Schedule_812_page_0.png,2
/home/data_science/geo_testing/Classification_root/LC_org/LC/OTHERS/Covering_Schedule_727_page_0.png,2
/home/data_science/geo_testing/Classification_root/LC_org/LC/OTHERS/Packing_List_568_page_4.png,2
/home/data_science/geo_testing/Classification_root/LC_org/LC/OTHERS/Covering_Schedule_311_page_0.png,2
/home/data_science/geo_testing/Classification_root/LC_org/LC/OTHERS/Covering_Schedule_129_page_0.png,2
/home/data_science/geo_testing/Classification_root/LC_org/LC/OTHERS/Covering_Schedule_991_page_0.png,2
/home/data_science/geo_testing/Classification_root/LC_org/LC/OTHERS/Covering_Schedule_698_page_0.png,2
/home/data_science/geo_testing/Classification_root/LC_org/LC/OTHERS/Covering_Schedule_964_page_0.png,2
/home/data_science/geo_testing/Classification_root/LC_org/LC/OTHERS/Covering_Schedule_781_page_6.png,2
/home/data_science/geo_testing/Classification_root/LC_org/LC/OTHERS/Certificate_Of_Origin_754_page_5.png,2
/home/data_science/geo_testing/Classification_root/LC_org/LC/PO/Purchase_Order_By_Opener_180_0.png,0
/home/data_science/geo_testing/Classification_root/LC_org/LC/OTHERS/Covering_Schedule_547_page_1.png,2
/home/data_science/geo_testing/Classification_root/LC_org/LC/OTHERS/Packing_List_414_page_0.png,2
/home/data_science/geo_testing/Classification_root/LC_org/LC/PI/Proforma_Invoice_159_1.png,1
/home/data_science/geo_testing/Classification_root/LC_org/LC/PO/Purchase_Order_By_Opener_141_5.png,0
/home/data_science/geo_testing/Classification_root/LC_org/LC/OTHERS/Packing_List_731_page_1.png,2
/home/data_science/geo_testing/Classification_root/LC_org/LC/OTHERS/Covering_Schedule_919_page_0.png,2
/home/data_science/geo_testing/Classification_root/LC_org/LC/OTHERS/Covering_Schedule_497_page_4.png,2
/home/data_science/geo_testing/Classification_root/LC_org/LC/OTHERS/Packing_List_392_page_138.png,2
/home/data_science/geo_testing/Classification_root/LC_org/LC/OTHERS/Packing_List_481_page_1.png,2
/home/data_science/geo_testing/Classification_root/LC_org/LC/OTHERS/Covering_Schedule_968_page_0.png,2
/home/data_science/geo_testing/Classification_root/LC_org/LC/OTHERS/Packing_List_392_page_287.png,2
/home/data_science/geo_testing/Classification_root/LC_org/LC/OTHERS/Bill_Of_Landing_563_page_0.png,2
/home/data_science/geo_testing/Classification_root/LC_org/LC/PO/Purchase_Order_By_Opener_469_0.png,0
/home/data_science/geo_testing/Classification_root/LC_org/LC/OTHERS/Certificate_Of_Origin_885_page_2.png,2
/home/data_science/geo_testing/Classification_root/LC_org/LC/OTHERS/Covering_Schedule_335_page_2.png,2
/home/data_science/geo_testing/Classification_root/LC_org/LC/OTHERS/Certificate_Of_Origin_269_page_21.png,2
/home/data_science/geo_testing/Classification_root/LC_org/LC/OTHERS/Certificate_Of_Origin_614_page_7.png,2
/home/data_science/geo_testing/Classification_root/LC_org/LC/PI/Proforma_Invoice_595_0.png,1
/home/data_science/geo_testing/Classification_root/LC_org/LC/OTHERS/Covering_Schedule_183_page_2.png,2
/home/data_science/geo_testing/Classification_root/LC_org/LC/PO/Purchase_Order_326_15.png,0
/home/data_science/geo_testing/Classification_root/LC_org/LC/OTHERS/Bill_Of_Landing_562_page_2.png,2
/home/data_science/geo_testing/Classification_root/LC_org/LC/OTHERS/Bill_Of_Landing_730_page_3.png,2
/home/data_science/geo_testing/Classification_root/LC_org/LC/PO/Purchase_Order_By_Opener_378_0.png,0
/home/data_science/geo_testing/Classification_root/LC_org/LC/PO/Purchase_Order_By_Opener_141_28.png,0
/home/data_science/geo_testing/Classification_root/LC_org/LC/PO/Purchase_Order_298_46.png,0
/home/data_science/geo_testing/Classification_root/LC_org/LC/PO/Purchase_Order_178_5.png,0
/home/data_science/geo_testing/Classification_root/LC_org/LC/OTHERS/Covering_Schedule_508_page_0.png,2
/home/data_science/geo_testing/Classification_root/LC_org/LC/OTHERS/Covering_Schedule_778_page_7.png,2
/home/data_science/geo_testing/Classification_root/LC_org/LC/PI/Proforma_Invoice_159_2.png,1
/home/data_science/geo_testing/Classification_root/LC_org/LC/OTHERS/Bill_Of_Landing_809_page_0.png,2
/home/data_science/geo_testing/Classification_root/LC_org/LC/OTHERS/Certificate_Of_Origin_429_page_2.png,2
/home/data_science/geo_testing/Classification_root/LC_org/LC/PO/Purchase_Order_534_8.png,0
/home/data_science/geo_testing/Classification_root/LC_org/LC/OTHERS/Covering_Schedule_588_page_1.png,2
/home/data_science/geo_testing/Classification_root/LC_org/LC/OTHERS/Packing_List_868_page_19.png,2
/home/data_science/geo_testing/Classification_root/LC_org/LC/PI/Proforma_Invoice_405_0.png,1
/home/data_science/geo_testing/Classification_root/LC_org/LC/PO/Purchase_Order_By_Opener_485_0.png,0
/home/data_science/geo_testing/Classification_root/LC_org/LC/OTHERS/Bill_Of_Landing_187_page_3.png,2
/home/data_science/geo_testing/Classification_root/LC_org/LC/OTHERS/Packing_List_617_page_9.png,2
/home/data_science/geo_testing/Classification_root/LC_org/LC/OTHERS/Packing_List_392_page_163.png,2
/home/data_science/geo_testing/Classification_root/LC_org/LC/OTHERS/Packing_List_568_page_35.png,2
/home/data_science/geo_testing/Classification_root/LC_org/LC/OTHERS/Certificate_Of_Origin_502_page_3.png,2
/home/data_science/geo_testing/Classification_root/LC_org/LC/OTHERS/Covering_Schedule_565_page_6.png,2
/home/data_science/geo_testing/Classification_root/LC_org/LC/OTHERS/Packing_List_418_page_1.png,2
/home/data_science/geo_testing/Classification_root/LC_org/LC/OTHERS/Covering_Schedule_842_page_0.png,2
/home/data_science/geo_testing/Classification_root/LC_org/LC/OTHERS/Certificate_Of_Origin_580_page_65.png,2
/home/data_science/geo_testing/Classification_root/LC_org/LC/OTHERS/Certificate_Of_Origin_112_page_2.png,2
/home/data_science/geo_testing/Classification_root/LC_org/LC/PO/Purchase_Order_411_2.png,0
/home/data_science/geo_testing/Classification_root/LC_org/LC/PO/Purchase_Order_By_Opener_418_0.png,0
/home/data_science/geo_testing/Classification_root/LC_org/LC/OTHERS/Covering_Schedule_778_page_6.png,2
/home/data_science/geo_testing/Classification_root/LC_org/LC/PI/Proforma_Invoice_550_2.png,1
/home/data_science/geo_testing/Classification_root/LC_org/LC/OTHERS/Covering_Schedule_858_page_2.png,2
/home/data_science/geo_testing/Classification_root/LC_org/LC/OTHERS/Certificate_Of_Origin_580_page_35.png,2
/home/data_science/geo_testing/Classification_root/LC_org/LC/OTHERS/Packing_List_367_page_1.png,2
/home/data_science/geo_testing/Classification_root/LC_org/LC/OTHERS/Packing_List_595_page_10.png,2
/home/data_science/geo_testing/Classification_root/LC_org/LC/PO/Purchase_Order_72_3.png,0
/home/data_science/geo_testing/Classification_root/LC_org/LC/OTHERS/Covering_Schedule_786_page_3.png,2
/home/data_science/geo_testing/Classification_root/LC_org/LC/PI/Proforma_Invoice_145_0.png,1
/home/data_science/geo_testing/Classification_root/LC_org/LC/OTHERS/Certificate_Of_Origin_314_page_26.png,2
/home/data_science/geo_testing/Classification_root/LC_org/LC/OTHERS/Covering_Schedule_862_page_0.png,2
/home/data_science/geo_testing/Classification_root/LC_org/LC/OTHERS/Packing_List_392_page_143.png,2
/home/data_science/geo_testing/Classification_root/LC_org/LC/OTHERS/Packing_List_484_page_3.png,2
/home/data_science/geo_testing/Classification_root/LC_org/LC/OTHERS/Covering_Schedule_226_page_4.png,2
/home/data_science/geo_testing/Classification_root/LC_org/LC/OTHERS/Covering_Schedule_931_page_2.png,2
/home/data_science/geo_testing/Classification_root/LC_org/LC/OTHERS/Covering_Schedule_998_page_11.png,2
/home/data_science/geo_testing/Classification_root/LC_org/LC/PO/Purchase_Order_62_9.png,0
/home/data_science/geo_testing/Classification_root/LC_org/LC/OTHERS/Packing_List_392_page_214.png,2
/home/data_science/geo_testing/Classification_root/LC_org/LC/OTHERS/Packing_List_617_page_3.png,2
/home/data_science/geo_testing/Classification_root/LC_org/LC/OTHERS/Covering_Schedule_632.png,2
/home/data_science/geo_testing/Classification_root/LC_org/LC/OTHERS/Bill_Of_Landing_799_page_1.png,2
/home/data_science/geo_testing/Classification_root/LC_org/LC/OTHERS/Covering_Schedule_884_page_0.png,2
/home/data_science/geo_testing/Classification_root/LC_org/LC/OTHERS/Covering_Schedule_539_page_0.png,2
/home/data_science/geo_testing/Classification_root/LC_org/LC/PI/Proforma_Invoice_323_0.png,1
/home/data_science/geo_testing/Classification_root/LC_org/LC/PO/Purchase_Order_99_0.png,0
/home/data_science/geo_testing/Classification_root/LC_org/LC/OTHERS/Bill_of_lading_1541_page_2.png,2
/home/data_science/geo_testing/Classification_root/LC_org/LC/OTHERS/Insurance_Certificate_21_page_6.png,2
/home/data_science/geo_testing/Classification_root/LC_org/LC/OTHERS/Packing_List_283_page_1.png,2
/home/data_science/geo_testing/Classification_root/LC_org/LC/OTHERS/Packing_List_868_page_15.png,2
/home/data_science/geo_testing/Classification_root/LC_org/LC/PO/Purchase_Order_By_Opener_90_0.png,0
/home/data_science/geo_testing/Classification_root/LC_org/LC/OTHERS/Covering_Schedule_39_page_0.png,2
/home/data_science/geo_testing/Classification_root/LC_org/LC/OTHERS/Packing_List_392_page_201.png,2
/home/data_science/geo_testing/Classification_root/LC_org/LC/PO/Purchase_Order_By_Opener_505_1.png,0
/home/data_science/geo_testing/Classification_root/LC_org/LC/OTHERS/Bill_Of_Landing_823_page_4.png,2
/home/data_science/geo_testing/Classification_root/LC_org/LC/OTHERS/Covering_Schedule_397_page_0.png,2
/home/data_science/geo_testing/Classification_root/LC_org/LC/OTHERS/Covering_Schedule_273_page_1.png,2
/home/data_science/geo_testing/Classification_root/LC_org/LC/PI/Proforma_Invoice_241_0.png,1
/home/data_science/geo_testing/Classification_root/LC_org/LC/OTHERS/Covering_Schedule_304_page_0.png,2
/home/data_science/geo_testing/Classification_root/LC_org/LC/OTHERS/Covering_Schedule_571_page_3.png,2
/home/data_science/geo_testing/Classification_root/LC_org/LC/OTHERS/Covering_Schedule_52_page_4.png,2
/home/data_science/geo_testing/Classification_root/LC_org/LC/OTHERS/Covering_Schedule_398_page_0.png,2
/home/data_science/geo_testing/Classification_root/LC_org/LC/PI/Proforma_Invoice_173_0.png,1
/home/data_science/geo_testing/Classification_root/LC_org/LC/OTHERS/Certificate_Of_Origin_580_page_42.png,2
/home/data_science/geo_testing/Classification_root/LC_org/LC/OTHERS/Certificate_Of_Origin_115_page_15.png,2
/home/data_science/geo_testing/Classification_root/LC_org/LC/OTHERS/Covering_Schedule_450_page_6.png,2
/home/data_science/geo_testing/Classification_root/LC_org/LC/PO/Purchase_Order_62_4.png,0
/home/data_science/geo_testing/Classification_root/LC_org/LC/PO/Purchase_Order_362_27.png,0
/home/data_science/geo_testing/Classification_root/LC_org/LC/PI/Proforma_Invoice_403_0.png,1
/home/data_science/geo_testing/Classification_root/LC_org/LC/OTHERS/Covering_Schedule_764_page_0.png,2
/home/data_science/geo_testing/Classification_root/LC_org/LC/PO/Purchase_Order_By_Opener_141_6.png,0
/home/data_science/geo_testing/Classification_root/LC_org/LC/PI/Proforma_Invoice_180_0.png,1
/home/data_science/geo_testing/Classification_root/LC_org/LC/OTHERS/Packing_List_417_page_3.png,2
/home/data_science/geo_testing/Classification_root/LC_org/LC/OTHERS/Certificate_Of_Origin_623_page_17.png,2
/home/data_science/geo_testing/Classification_root/LC_org/LC/OTHERS/Certificate_Of_Origin_470_page_37.png,2
/home/data_science/geo_testing/Classification_root/LC_org/LC/PI/Proforma_Invoice_233_0.png,1
/home/data_science/geo_testing/Classification_root/LC_org/LC/OTHERS/Covering_Schedule_89_page_2.png,2
/home/data_science/geo_testing/Classification_root/LC_org/LC/OTHERS/Bill_of_lading_1019_page_2.png,2
/home/data_science/geo_testing/Classification_root/LC_org/LC/PI/Proforma_Invoice_201_0.png,1
/home/data_science/geo_testing/Classification_root/LC_org/LC/OTHERS/Covering_Schedule_966_page_9.png,2
/home/data_science/geo_testing/Classification_root/LC_org/LC/OTHERS/Covering_Schedule_900_page_0.png,2
/home/data_science/geo_testing/Classification_root/LC_org/LC/PI/Proforma_Invoice_297_2.png,1
/home/data_science/geo_testing/Classification_root/LC_org/LC/OTHERS/Bill_Of_Landing_117_page_3.png,2
/home/data_science/geo_testing/Classification_root/LC_org/LC/PO/Purchase_Order_By_Opener_374_0.png,0
/home/data_science/geo_testing/Classification_root/LC_org/LC/OTHERS/Packing_List_617_page_37.png,2
/home/data_science/geo_testing/Classification_root/LC_org/LC/PI/Proforma_Invoice_336_0.png,1
/home/data_science/geo_testing/Classification_root/LC_org/LC/OTHERS/Certificate_Of_Origin_340_page_5.png,2
/home/data_science/geo_testing/Classification_root/LC_org/LC/OTHERS/Certificate_Of_Origin_361_page_8.png,2
/home/data_science/geo_testing/Classification_root/LC_org/LC/OTHERS/Bill_Of_Landing_898_page_3.png,2
/home/data_science/geo_testing/Classification_root/LC_org/LC/OTHERS/Certificate_Of_Origin_579_page_4.png,2
/home/data_science/geo_testing/Classification_root/LC_org/LC/PO/Purchase_Order_326_6.png,0
/home/data_science/geo_testing/Classification_root/LC_org/LC/PO/Purchase_Order_By_Opener_427_4.png,0
/home/data_science/geo_testing/Classification_root/LC_org/LC/OTHERS/Covering_Schedule_695_page_1.png,2
/home/data_science/geo_testing/Classification_root/LC_org/LC/OTHERS/Packing_List_392_page_288.png,2
/home/data_science/geo_testing/Classification_root/LC_org/LC/PO/Purchase_Order_192_3.png,0
/home/data_science/geo_testing/Classification_root/LC_org/LC/PO/Purchase_Order_120_0.png,0
/home/data_science/geo_testing/Classification_root/LC_org/LC/OTHERS/Insurance_Certificate_0_page_21.png,2
/home/data_science/geo_testing/Classification_root/LC_org/LC/PO/Purchase_Order_By_Opener_421_0.png,0
/home/data_science/geo_testing/Classification_root/LC_org/LC/OTHERS/Packing_List_595_page_30.png,2
/home/data_science/geo_testing/Classification_root/LC_org/LC/PO/Purchase_Order_By_Opener_36_3.png,0
/home/data_science/geo_testing/Classification_root/LC_org/LC/PO/Purchase_Order_By_Opener_582_0.png,0
/home/data_science/geo_testing/Classification_root/LC_org/LC/OTHERS/Certificate_Of_Origin_419_page_1.png,2
/home/data_science/geo_testing/Classification_root/LC_org/LC/OTHERS/Covering_Schedule_622_page_0.png,2
/home/data_science/geo_testing/Classification_root/LC_org/LC/OTHERS/Covering_Schedule_183_page_1.png,2
/home/data_science/geo_testing/Classification_root/LC_org/LC/PI/Proforma_Invoice_185_0.png,1
/home/data_science/geo_testing/Classification_root/LC_org/LC/PO/Purchase_Order_62_3.png,0
