2024-03-18 12:24:59,858 checkpoint 1 => setting basis cofiguration for logging purposes
2024-03-18 12:24:59,859 start time: 2024-03-18 12:24:59.859294
2024-03-18 12:25:03,579 Falling back to TensorFlow client; we recommended you install the Cloud TPU client directly with pip install cloud-tpu-client.
2024-03-18 12:25:03,778 Creating converter from 7 to 5
2024-03-18 12:25:03,778 Creating converter from 5 to 7
2024-03-18 12:25:03,778 Creating converter from 7 to 5
2024-03-18 12:25:03,778 Creating converter from 5 to 7
2024-03-18 12:25:04,375 Starting new HTTPS connection (1): huggingface.co:443
2024-03-18 12:25:04,678 https://huggingface.co:443 "HEAD /microsoft/layoutlmv2-base-uncased/resolve/main/preprocessor_config.json HTTP/1.1" 200 0
2024-03-18 12:25:05,557 https://huggingface.co:443 "HEAD /microsoft/layoutlmv2-base-uncased/resolve/main/tokenizer_config.json HTTP/1.1" 404 0
2024-03-18 12:25:06,040 https://huggingface.co:443 "HEAD /microsoft/layoutlmv2-base-uncased/resolve/main/vocab.txt HTTP/1.1" 200 0
2024-03-18 12:25:06,096 RAM memory for Model loading used: 53.8
2024-03-18 12:25:06,096 cpu_utilization % for Model Loading:12.6
2024-03-18 12:25:06,096 memory_consumption in bytes for Loading Model:1156145152
2024-03-18 12:25:06,097 Loaded Model successfully
2024-03-18 12:25:06,097 file name is:Proforma_Invoice(2013_01_10_13_53_55_9320)_516_0.png
2024-03-18 12:25:06,097 folder path :Images
2024-03-18 12:25:06,097 Calling Image result
2024-03-18 12:25:06,097 is all_page_result is instance of dict? True
2024-03-18 12:25:06,102 STREAM b'IHDR' 16 13
2024-03-18 12:25:06,102 STREAM b'IDAT' 41 33675
2024-03-18 12:25:06,145 is words is instance of list? True
2024-03-18 12:25:06,145 is bboxes is instance of list? True
2024-03-18 12:25:06,145 is bounding_boxes is instance of list? True
2024-03-18 12:25:06,482 is input_id_chunks is instance of list? True
2024-03-18 12:25:06,482 is mask_chunks is instance of list? True
2024-03-18 12:25:06,482 is bbox_chunks is instance of list? True
2024-03-18 12:25:06,482 is image_chunks is instance of list? True
2024-03-18 12:25:06,484 is input_dict is instance of dict? True
2024-03-18 12:25:07,808 Model Called
2024-03-18 12:25:07,808 RAM memory 60.1 used for Proforma_Invoice(2013_01_10_13_53_55_9320)_516_0.png:
2024-03-18 12:25:07,808 is all_predictions is instance of list? True
2024-03-18 12:25:07,808 is all_boxes is instance of list? True
2024-03-18 12:25:07,808 is all_confidences is instance of list? True
2024-03-18 12:25:07,809 is all_text is instance of list? True
2024-03-18 12:25:07,809 is label2id is instance of dict? True
2024-03-18 12:25:07,809 is id2label is instance of dict? True
2024-03-18 12:25:07,809 is label2color is instance of dict? True
2024-03-18 12:25:07,809 label2color : {'transaction_date': '#EA3855', 'beneficiary_bank_swift': '#B7E9BB', 'unit': '#92053B', 'gross_weight': '#064B78', 'payment_terms': '#A077E9', 'date_of_invoice': '#C85ACC', 'lc_ref_no': '#0D57C2', 'order_date': '#DE1A6D', 'invoice_tax_amount': '#6C24EE', 'shipper_name': '#0DC121', 'freight_charges': '#C0BF42', 'tolerance_of_quantity': '#6C95DA', 'O': '#A77902', 'transport_details': '#0326E4', 'place_of_receipt': '#54294B', 'country_of_final_destination': '#3BAF5B', 'notify_party_name': '#F6F7F5', 'remitter_country': '#7BB036', 'beneficiary_country': '#E3DAFD', 'final_destination': '#4C6024', 'pre-carriage-by': '#738AAF', 'invoice_no': '#C35F4A', 'insurance_charges': '#529369', 'cosignee_name': '#54D837', 'tenor_indicator': '#605D2B', 'incoterm': '#617906', 'original_or_copy': '#BDC56B', 'page_no': '#C798BF', 'vessel_flight_no': '#01999A', 'beneficiary_bank_identifier': '#0B53BC', 'port_of_loading': '#BB2DDE', 'awb_number': '#449D64', 'transaction_amonunt_value': '#453387', 'shipper_address': '#E09B7A', 'goods_description': '#DD2276', 'consignor_name': '#414DD4', 'stamp': '#0CF882', 'bill_of_lading_no': '#C46B57', 'transhipment': '#DA8D26', 'invoice_due_date': '#B98917', 'indicator_type': '#5FF801', 'importer_your_ref_no': '#C879DA', 'rate_per_unit': '#5C7F6C', 'beneficiary_bank_country': '#7502E1', 'notify_party_country': '#9CF7AA', 'beneficiary_drawer_exporter_seller_supplier_tin': '#13BA26', 'signature': '#104DA9', 'invoice_amount': '#CFD78B', 'lc_date': '#436217', 'advance_amount': '#2EF139', 'beneficiary_address': '#42F35A', 'signature_of_the_issuer': '#AE9EB4', 'beneficiary_account_number': '#DA86D2', 'signed_by': '#1D3ECE', 'from': '#707723', 'exporter_our_ref_no': '#E60601', 'remitter_drawee_applicant_importer_buyer_name': '#DA6DF0', 'packaging_description': '#19EB10', 'notify_party_address': '#5E23F0', 'hs_code_no': '#4E6C8B', 'beneficiary_iban_number': '#DE0727', 'beneficiary_drawer_exporter_seller_supplier_name': '#77AC0F', 'beneficiary_bank_name': '#C74114', 'delivery_terms': '#25D33F', 'total_quantity_of_goods': '#865AA4', 'dimension': '#1E38F5', 'invoice_amount_in_words': '#C07BCD', 'invoice_discount_ccy': '#9A5B96', 'declaration_by_issuer': '#75C35F', 'port_of_discharge': '#ACDC92', 'total_pages': '#272768', 'usance_tenor': '#1F17E2', 'amount_due': '#75CA90', 'purchase_order_no_and_agreement_ref_no': '#497381', 'vessel_name': '#289751', 'indicator_date': '#B0967A', 'invoice_tax_ccy': '#FCD8D0', 'mode_of_despatch': '#73C27B', 'net_weight': '#5C8C1C', 'awb_date': '#6446FB', 'country_of_origin_of_goods': '#F741AB', 'invoice_currency': '#44D537', 'bill_of_lading_date': '#159610', 'shipment_date': '#FFD46A', 'consignee_address': '#AA05B0', 'invoice_discount_amount': '#AECE56', 'transaction_currency': '#FC3058', 'consignor_country': '#5C78B2', 'to': '#239F81', 'consignor_address': '#E8C51E', 'remitter_address': '#FEEF54', 'drawer_ref_no': '#D3FE23', 'tenor_type': '#18A3D0', 'presentation_period': '#173917'}
2024-03-18 12:25:07,944 is result_set is instance of dict? True
2024-03-18 12:25:07,945 is final_result_set is instance of dict? True
2024-03-18 12:25:08,079 Time taken for page 1 of Proforma_Invoice(2013_01_10_13_53_55_9320)_516_0.png:0:00:01.976969
2024-03-18 12:25:08,203 *****Generated All Pages****** for Proforma_Invoice(2013_01_10_13_53_55_9320)_516_0.png
2024-03-18 12:25:08,203 RAM memory 60.1 used for Proforma_Invoice(2013_01_10_13_53_55_9320)_516_0.png Generating All Pages:
2024-03-18 12:25:08,203 Processing time taken for all pages of Proforma_Invoice(2013_01_10_13_53_55_9320)_516_0.png1:0:00:02.106041
2024-03-18 12:25:08,319 file name is:Proforma_Invoice(2013_01_10_13_54_21_8709)_547_0.png
2024-03-18 12:25:08,319 folder path :Images
2024-03-18 12:25:08,320 Calling Image result
2024-03-18 12:25:08,320 is all_page_result is instance of dict? True
2024-03-18 12:25:08,320 STREAM b'IHDR' 16 13
2024-03-18 12:25:08,320 STREAM b'IDAT' 41 35048
2024-03-18 12:25:08,358 is words is instance of list? True
2024-03-18 12:25:08,358 is bboxes is instance of list? True
2024-03-18 12:25:08,358 is bounding_boxes is instance of list? True
2024-03-18 12:25:08,547 is input_id_chunks is instance of list? True
2024-03-18 12:25:08,547 is mask_chunks is instance of list? True
2024-03-18 12:25:08,547 is bbox_chunks is instance of list? True
2024-03-18 12:25:08,547 is image_chunks is instance of list? True
2024-03-18 12:25:08,548 is input_dict is instance of dict? True
2024-03-18 12:25:09,685 Model Called
2024-03-18 12:25:09,685 RAM memory 59.9 used for Proforma_Invoice(2013_01_10_13_54_21_8709)_547_0.png:
2024-03-18 12:25:09,686 is all_predictions is instance of list? True
2024-03-18 12:25:09,686 is all_boxes is instance of list? True
2024-03-18 12:25:09,686 is all_confidences is instance of list? True
2024-03-18 12:25:09,686 is all_text is instance of list? True
2024-03-18 12:25:09,686 is label2id is instance of dict? True
2024-03-18 12:25:09,686 is id2label is instance of dict? True
2024-03-18 12:25:09,687 is label2color is instance of dict? True
2024-03-18 12:25:09,687 label2color : {'transaction_date': '#7E7D29', 'beneficiary_bank_swift': '#C63D29', 'unit': '#36001C', 'gross_weight': '#996D0E', 'payment_terms': '#5AD981', 'date_of_invoice': '#C13031', 'lc_ref_no': '#FD48E2', 'order_date': '#E512D2', 'invoice_tax_amount': '#F5AB72', 'shipper_name': '#3181D3', 'freight_charges': '#216A4C', 'tolerance_of_quantity': '#D28332', 'O': '#7C23AB', 'transport_details': '#372B84', 'place_of_receipt': '#288990', 'country_of_final_destination': '#A622BE', 'notify_party_name': '#F63CBA', 'remitter_country': '#049E77', 'beneficiary_country': '#171D38', 'final_destination': '#E18E9C', 'pre-carriage-by': '#BCC1E9', 'invoice_no': '#BCAAFC', 'insurance_charges': '#7C342D', 'cosignee_name': '#2CAF3F', 'tenor_indicator': '#583EF7', 'incoterm': '#0D8D88', 'original_or_copy': '#39BC13', 'page_no': '#28FE46', 'vessel_flight_no': '#13655C', 'beneficiary_bank_identifier': '#922E6B', 'port_of_loading': '#C6603A', 'awb_number': '#BFE3BB', 'transaction_amonunt_value': '#4E1866', 'shipper_address': '#ACF125', 'goods_description': '#D38922', 'consignor_name': '#4380B3', 'stamp': '#2778D3', 'bill_of_lading_no': '#2E1A30', 'transhipment': '#CB5F52', 'invoice_due_date': '#5AA492', 'indicator_type': '#6C5E12', 'importer_your_ref_no': '#2AA73F', 'rate_per_unit': '#D872BE', 'beneficiary_bank_country': '#104A23', 'notify_party_country': '#261126', 'beneficiary_drawer_exporter_seller_supplier_tin': '#D1BCA2', 'signature': '#3E8216', 'invoice_amount': '#1334FB', 'lc_date': '#D1BF3F', 'advance_amount': '#4C45A5', 'beneficiary_address': '#FC2227', 'signature_of_the_issuer': '#C90854', 'beneficiary_account_number': '#6802C0', 'signed_by': '#20FBE6', 'from': '#08BC17', 'exporter_our_ref_no': '#1316A0', 'remitter_drawee_applicant_importer_buyer_name': '#A8DC94', 'packaging_description': '#2BC56B', 'notify_party_address': '#64471D', 'hs_code_no': '#289B4D', 'beneficiary_iban_number': '#F6BC85', 'beneficiary_drawer_exporter_seller_supplier_name': '#DA1D24', 'beneficiary_bank_name': '#BF16D1', 'delivery_terms': '#567447', 'total_quantity_of_goods': '#7EF96E', 'dimension': '#438B50', 'invoice_amount_in_words': '#0713C7', 'invoice_discount_ccy': '#CB2721', 'declaration_by_issuer': '#6EF575', 'port_of_discharge': '#193750', 'total_pages': '#380E28', 'usance_tenor': '#489687', 'amount_due': '#B4D76A', 'purchase_order_no_and_agreement_ref_no': '#1F4C6A', 'vessel_name': '#BA65F4', 'indicator_date': '#BCBE3C', 'invoice_tax_ccy': '#62F872', 'mode_of_despatch': '#82B036', 'net_weight': '#8D7C74', 'awb_date': '#68EB83', 'country_of_origin_of_goods': '#B2DFAD', 'invoice_currency': '#63A8EA', 'bill_of_lading_date': '#5AAAAC', 'shipment_date': '#A3F7B0', 'consignee_address': '#573C93', 'invoice_discount_amount': '#EC1A16', 'transaction_currency': '#7A8551', 'consignor_country': '#748038', 'to': '#0BC3C5', 'consignor_address': '#136C67', 'remitter_address': '#162D86', 'drawer_ref_no': '#7C3171', 'tenor_type': '#FDADAC', 'presentation_period': '#90C80E'}
2024-03-18 12:25:09,813 is result_set is instance of dict? True
2024-03-18 12:25:09,814 is final_result_set is instance of dict? True
2024-03-18 12:25:09,928 Time taken for page 1 of Proforma_Invoice(2013_01_10_13_54_21_8709)_547_0.png:0:00:01.608206
2024-03-18 12:25:10,022 *****Generated All Pages****** for Proforma_Invoice(2013_01_10_13_54_21_8709)_547_0.png
2024-03-18 12:25:10,023 RAM memory 60.2 used for Proforma_Invoice(2013_01_10_13_54_21_8709)_547_0.png Generating All Pages:
2024-03-18 12:25:10,023 Processing time taken for all pages of Proforma_Invoice(2013_01_10_13_54_21_8709)_547_0.png1:0:00:01.703129
2024-03-18 12:25:10,133 file name is:Proforma_Invoice(2013_01_10_13_52_13_8713)_497_0.png
2024-03-18 12:25:10,133 folder path :Images
2024-03-18 12:25:10,133 Calling Image result
2024-03-18 12:25:10,133 is all_page_result is instance of dict? True
2024-03-18 12:25:10,133 STREAM b'IHDR' 16 13
2024-03-18 12:25:10,133 STREAM b'IDAT' 41 34167
2024-03-18 12:25:10,171 is words is instance of list? True
2024-03-18 12:25:10,171 is bboxes is instance of list? True
2024-03-18 12:25:10,171 is bounding_boxes is instance of list? True
2024-03-18 12:25:10,356 is input_id_chunks is instance of list? True
2024-03-18 12:25:10,356 is mask_chunks is instance of list? True
2024-03-18 12:25:10,356 is bbox_chunks is instance of list? True
2024-03-18 12:25:10,356 is image_chunks is instance of list? True
2024-03-18 12:25:10,356 is input_dict is instance of dict? True
2024-03-18 12:25:11,493 Model Called
2024-03-18 12:25:11,494 RAM memory 60.3 used for Proforma_Invoice(2013_01_10_13_52_13_8713)_497_0.png:
2024-03-18 12:25:11,494 is all_predictions is instance of list? True
2024-03-18 12:25:11,494 is all_boxes is instance of list? True
2024-03-18 12:25:11,494 is all_confidences is instance of list? True
2024-03-18 12:25:11,494 is all_text is instance of list? True
2024-03-18 12:25:11,494 is label2id is instance of dict? True
2024-03-18 12:25:11,494 is id2label is instance of dict? True
2024-03-18 12:25:11,495 is label2color is instance of dict? True
2024-03-18 12:25:11,496 label2color : {'transaction_date': '#7217DE', 'beneficiary_bank_swift': '#D0B730', 'unit': '#209E69', 'gross_weight': '#BA28E3', 'payment_terms': '#9CEFEC', 'date_of_invoice': '#876D4E', 'lc_ref_no': '#47AB04', 'order_date': '#565D22', 'invoice_tax_amount': '#E82653', 'shipper_name': '#D11398', 'freight_charges': '#5B8104', 'tolerance_of_quantity': '#63D14C', 'O': '#FFD094', 'transport_details': '#079F3D', 'place_of_receipt': '#A3183A', 'country_of_final_destination': '#9177A2', 'notify_party_name': '#79449D', 'remitter_country': '#4ACBD4', 'beneficiary_country': '#3DDD66', 'final_destination': '#60181B', 'pre-carriage-by': '#E6D878', 'invoice_no': '#E24B95', 'insurance_charges': '#98287E', 'cosignee_name': '#F41E07', 'tenor_indicator': '#F7B040', 'incoterm': '#D7D1A6', 'original_or_copy': '#697778', 'page_no': '#8E7C1A', 'vessel_flight_no': '#A9EBE5', 'beneficiary_bank_identifier': '#5C9058', 'port_of_loading': '#CEE0C2', 'awb_number': '#2DB848', 'transaction_amonunt_value': '#F3CE7B', 'shipper_address': '#2AC721', 'goods_description': '#F66DFF', 'consignor_name': '#AFFB93', 'stamp': '#08C13C', 'bill_of_lading_no': '#2A41F0', 'transhipment': '#A9B624', 'invoice_due_date': '#78956D', 'indicator_type': '#EC4F05', 'importer_your_ref_no': '#3731A8', 'rate_per_unit': '#30DA10', 'beneficiary_bank_country': '#EA48C8', 'notify_party_country': '#3AC37C', 'beneficiary_drawer_exporter_seller_supplier_tin': '#47350E', 'signature': '#AE68A7', 'invoice_amount': '#4C9A67', 'lc_date': '#E2D37F', 'advance_amount': '#D4948E', 'beneficiary_address': '#196497', 'signature_of_the_issuer': '#859735', 'beneficiary_account_number': '#9FD802', 'signed_by': '#A66724', 'from': '#23C35F', 'exporter_our_ref_no': '#0E7716', 'remitter_drawee_applicant_importer_buyer_name': '#531ABF', 'packaging_description': '#9125E0', 'notify_party_address': '#FD0C9C', 'hs_code_no': '#D4E285', 'beneficiary_iban_number': '#2CCC91', 'beneficiary_drawer_exporter_seller_supplier_name': '#90A145', 'beneficiary_bank_name': '#6FB42F', 'delivery_terms': '#620810', 'total_quantity_of_goods': '#6CDE14', 'dimension': '#2AD6A8', 'invoice_amount_in_words': '#5F580A', 'invoice_discount_ccy': '#8720B8', 'declaration_by_issuer': '#5E3531', 'port_of_discharge': '#ECF3C4', 'total_pages': '#9C402D', 'usance_tenor': '#D2F4E0', 'amount_due': '#E1BEEE', 'purchase_order_no_and_agreement_ref_no': '#5F3BA9', 'vessel_name': '#E996AF', 'indicator_date': '#B19F9B', 'invoice_tax_ccy': '#A11679', 'mode_of_despatch': '#59337A', 'net_weight': '#D0D2B6', 'awb_date': '#AC5574', 'country_of_origin_of_goods': '#147339', 'invoice_currency': '#92C240', 'bill_of_lading_date': '#ACEA4D', 'shipment_date': '#040213', 'consignee_address': '#626D32', 'invoice_discount_amount': '#B3F4E3', 'transaction_currency': '#D5DD57', 'consignor_country': '#21AF56', 'to': '#6F179B', 'consignor_address': '#130B4F', 'remitter_address': '#D3FB88', 'drawer_ref_no': '#A2A256', 'tenor_type': '#35B5DA', 'presentation_period': '#2F1571'}
2024-03-18 12:25:11,643 is result_set is instance of dict? True
2024-03-18 12:25:11,644 is final_result_set is instance of dict? True
2024-03-18 12:25:11,788 Time taken for page 1 of Proforma_Invoice(2013_01_10_13_52_13_8713)_497_0.png:0:00:01.655082
2024-03-18 12:25:11,883 *****Generated All Pages****** for Proforma_Invoice(2013_01_10_13_52_13_8713)_497_0.png
2024-03-18 12:25:11,884 RAM memory 60.6 used for Proforma_Invoice(2013_01_10_13_52_13_8713)_497_0.png Generating All Pages:
2024-03-18 12:25:11,884 Processing time taken for all pages of Proforma_Invoice(2013_01_10_13_52_13_8713)_497_0.png1:0:00:01.750667
2024-03-18 12:25:11,993 file name is:Proforma_Invoice(2013_01_10_14_27_36_1131)_541_0.png
2024-03-18 12:25:11,993 folder path :Images
2024-03-18 12:25:11,993 Calling Image result
2024-03-18 12:25:11,993 is all_page_result is instance of dict? True
2024-03-18 12:25:11,993 STREAM b'IHDR' 16 13
2024-03-18 12:25:11,993 STREAM b'IDAT' 41 25293
2024-03-18 12:25:12,021 is words is instance of list? True
2024-03-18 12:25:12,021 is bboxes is instance of list? True
2024-03-18 12:25:12,021 is bounding_boxes is instance of list? True
2024-03-18 12:25:12,131 is input_id_chunks is instance of list? True
2024-03-18 12:25:12,131 is mask_chunks is instance of list? True
2024-03-18 12:25:12,131 is bbox_chunks is instance of list? True
2024-03-18 12:25:12,131 is image_chunks is instance of list? True
2024-03-18 12:25:12,132 is input_dict is instance of dict? True
2024-03-18 12:25:13,220 Model Called
2024-03-18 12:25:13,220 RAM memory 60.4 used for Proforma_Invoice(2013_01_10_14_27_36_1131)_541_0.png:
2024-03-18 12:25:13,220 is all_predictions is instance of list? True
2024-03-18 12:25:13,220 is all_boxes is instance of list? True
2024-03-18 12:25:13,220 is all_confidences is instance of list? True
2024-03-18 12:25:13,221 is all_text is instance of list? True
2024-03-18 12:25:13,221 is label2id is instance of dict? True
2024-03-18 12:25:13,221 is id2label is instance of dict? True
2024-03-18 12:25:13,222 is label2color is instance of dict? True
2024-03-18 12:25:13,222 label2color : {'transaction_date': '#32FBB8', 'beneficiary_bank_swift': '#6A1D5C', 'unit': '#E15D92', 'gross_weight': '#F6BC07', 'payment_terms': '#96261B', 'date_of_invoice': '#424AB3', 'lc_ref_no': '#A8266C', 'order_date': '#261366', 'invoice_tax_amount': '#073BF6', 'shipper_name': '#C029F4', 'freight_charges': '#6CF0C2', 'tolerance_of_quantity': '#532EBF', 'O': '#ED0C51', 'transport_details': '#734DEE', 'place_of_receipt': '#9838AD', 'country_of_final_destination': '#08AE3F', 'notify_party_name': '#F213AC', 'remitter_country': '#B0B425', 'beneficiary_country': '#D1955D', 'final_destination': '#0797A5', 'pre-carriage-by': '#E07A8E', 'invoice_no': '#B1E1B6', 'insurance_charges': '#D0FF6F', 'cosignee_name': '#A397F7', 'tenor_indicator': '#9163C2', 'incoterm': '#DA8F6C', 'original_or_copy': '#9DA1D0', 'page_no': '#2360B2', 'vessel_flight_no': '#A53A55', 'beneficiary_bank_identifier': '#BE78B7', 'port_of_loading': '#ED2A1D', 'awb_number': '#6A4088', 'transaction_amonunt_value': '#8AEDC9', 'shipper_address': '#5C4FC5', 'goods_description': '#17881C', 'consignor_name': '#3D492A', 'stamp': '#0291FD', 'bill_of_lading_no': '#5923E4', 'transhipment': '#5D89F8', 'invoice_due_date': '#2A7A24', 'indicator_type': '#3B9D76', 'importer_your_ref_no': '#17F74C', 'rate_per_unit': '#19AE53', 'beneficiary_bank_country': '#5DDD0F', 'notify_party_country': '#6C78F4', 'beneficiary_drawer_exporter_seller_supplier_tin': '#CF6FF4', 'signature': '#B8BD20', 'invoice_amount': '#4C1E37', 'lc_date': '#E7A775', 'advance_amount': '#21D1A4', 'beneficiary_address': '#67EF42', 'signature_of_the_issuer': '#6E666C', 'beneficiary_account_number': '#E67B95', 'signed_by': '#6AFE42', 'from': '#DA4AFA', 'exporter_our_ref_no': '#5644D8', 'remitter_drawee_applicant_importer_buyer_name': '#620E41', 'packaging_description': '#38CC00', 'notify_party_address': '#D9C7E4', 'hs_code_no': '#B65060', 'beneficiary_iban_number': '#90DBF2', 'beneficiary_drawer_exporter_seller_supplier_name': '#B19207', 'beneficiary_bank_name': '#11084B', 'delivery_terms': '#D7AF40', 'total_quantity_of_goods': '#22A02F', 'dimension': '#644B73', 'invoice_amount_in_words': '#33AD9D', 'invoice_discount_ccy': '#D34C35', 'declaration_by_issuer': '#DBB149', 'port_of_discharge': '#586136', 'total_pages': '#E17808', 'usance_tenor': '#E36695', 'amount_due': '#63D9EA', 'purchase_order_no_and_agreement_ref_no': '#15E6B7', 'vessel_name': '#FCF3BC', 'indicator_date': '#BE722A', 'invoice_tax_ccy': '#300C70', 'mode_of_despatch': '#DA6670', 'net_weight': '#B7A0AF', 'awb_date': '#C227B1', 'country_of_origin_of_goods': '#696AA1', 'invoice_currency': '#ABBF9E', 'bill_of_lading_date': '#6A61B6', 'shipment_date': '#EDB955', 'consignee_address': '#489195', 'invoice_discount_amount': '#A3AF1E', 'transaction_currency': '#86CF72', 'consignor_country': '#00AD0E', 'to': '#DF551E', 'consignor_address': '#E6C387', 'remitter_address': '#711995', 'drawer_ref_no': '#382331', 'tenor_type': '#B21DA7', 'presentation_period': '#02FF1F'}
2024-03-18 12:25:13,292 is result_set is instance of dict? True
2024-03-18 12:25:13,293 is final_result_set is instance of dict? True
2024-03-18 12:25:13,532 Time taken for page 1 of Proforma_Invoice(2013_01_10_14_27_36_1131)_541_0.png:0:00:01.539007
2024-03-18 12:25:13,594 *****Generated All Pages****** for Proforma_Invoice(2013_01_10_14_27_36_1131)_541_0.png
2024-03-18 12:25:13,594 RAM memory 60.5 used for Proforma_Invoice(2013_01_10_14_27_36_1131)_541_0.png Generating All Pages:
2024-03-18 12:25:13,594 Processing time taken for all pages of Proforma_Invoice(2013_01_10_14_27_36_1131)_541_0.png1:0:00:01.601057
2024-03-18 12:25:13,705 file name is:Proforma_Invoice(2013_01_10_13_55_07_1508)_518_0.png
2024-03-18 12:25:13,705 folder path :Images
2024-03-18 12:25:13,705 Calling Image result
2024-03-18 12:25:13,705 is all_page_result is instance of dict? True
2024-03-18 12:25:13,706 STREAM b'IHDR' 16 13
2024-03-18 12:25:13,706 STREAM b'IDAT' 41 34250
2024-03-18 12:25:13,742 is words is instance of list? True
2024-03-18 12:25:13,742 is bboxes is instance of list? True
2024-03-18 12:25:13,742 is bounding_boxes is instance of list? True
2024-03-18 12:25:13,931 is input_id_chunks is instance of list? True
2024-03-18 12:25:13,931 is mask_chunks is instance of list? True
2024-03-18 12:25:13,931 is bbox_chunks is instance of list? True
2024-03-18 12:25:13,931 is image_chunks is instance of list? True
2024-03-18 12:25:13,932 is input_dict is instance of dict? True
2024-03-18 12:25:15,034 Model Called
2024-03-18 12:25:15,035 RAM memory 60.7 used for Proforma_Invoice(2013_01_10_13_55_07_1508)_518_0.png:
2024-03-18 12:25:15,035 is all_predictions is instance of list? True
2024-03-18 12:25:15,035 is all_boxes is instance of list? True
2024-03-18 12:25:15,035 is all_confidences is instance of list? True
2024-03-18 12:25:15,035 is all_text is instance of list? True
2024-03-18 12:25:15,035 is label2id is instance of dict? True
2024-03-18 12:25:15,035 is id2label is instance of dict? True
2024-03-18 12:25:15,036 is label2color is instance of dict? True
2024-03-18 12:25:15,036 label2color : {'transaction_date': '#65D7B5', 'beneficiary_bank_swift': '#B94BDE', 'unit': '#216F0E', 'gross_weight': '#0A51C8', 'payment_terms': '#CED77E', 'date_of_invoice': '#5E4EC9', 'lc_ref_no': '#F1CA90', 'order_date': '#DA30BF', 'invoice_tax_amount': '#13EEB6', 'shipper_name': '#CD9A97', 'freight_charges': '#3F85AC', 'tolerance_of_quantity': '#A46C5F', 'O': '#796FC3', 'transport_details': '#2A0193', 'place_of_receipt': '#F61EC6', 'country_of_final_destination': '#1AE4F0', 'notify_party_name': '#6F8997', 'remitter_country': '#A4B220', 'beneficiary_country': '#5E21B1', 'final_destination': '#D74DCD', 'pre-carriage-by': '#B5E3B2', 'invoice_no': '#0F4A3D', 'insurance_charges': '#0CB5AF', 'cosignee_name': '#85BC53', 'tenor_indicator': '#0402A8', 'incoterm': '#3A9F35', 'original_or_copy': '#29E0A1', 'page_no': '#CDCFE2', 'vessel_flight_no': '#F8D66D', 'beneficiary_bank_identifier': '#A27972', 'port_of_loading': '#D7C2C0', 'awb_number': '#016ACE', 'transaction_amonunt_value': '#197A34', 'shipper_address': '#4F3929', 'goods_description': '#264122', 'consignor_name': '#CC7789', 'stamp': '#19CC63', 'bill_of_lading_no': '#C9013E', 'transhipment': '#ECACA7', 'invoice_due_date': '#DE7215', 'indicator_type': '#ADE475', 'importer_your_ref_no': '#CA58A5', 'rate_per_unit': '#814798', 'beneficiary_bank_country': '#7292EF', 'notify_party_country': '#7F5ECB', 'beneficiary_drawer_exporter_seller_supplier_tin': '#1A0433', 'signature': '#2A87FF', 'invoice_amount': '#0F58DF', 'lc_date': '#2BA35C', 'advance_amount': '#EFB722', 'beneficiary_address': '#F27D00', 'signature_of_the_issuer': '#080731', 'beneficiary_account_number': '#6F442D', 'signed_by': '#EFD334', 'from': '#1E8084', 'exporter_our_ref_no': '#425E85', 'remitter_drawee_applicant_importer_buyer_name': '#CC06D3', 'packaging_description': '#BE547C', 'notify_party_address': '#222667', 'hs_code_no': '#4F76B2', 'beneficiary_iban_number': '#3485CE', 'beneficiary_drawer_exporter_seller_supplier_name': '#C35878', 'beneficiary_bank_name': '#C79B99', 'delivery_terms': '#B878D5', 'total_quantity_of_goods': '#C2791B', 'dimension': '#90D97D', 'invoice_amount_in_words': '#D41E9E', 'invoice_discount_ccy': '#B583C4', 'declaration_by_issuer': '#EA90B4', 'port_of_discharge': '#EA62F4', 'total_pages': '#A1E9AD', 'usance_tenor': '#EED0FD', 'amount_due': '#34B32E', 'purchase_order_no_and_agreement_ref_no': '#19A3A0', 'vessel_name': '#468AC3', 'indicator_date': '#C22D4F', 'invoice_tax_ccy': '#B96144', 'mode_of_despatch': '#696E4B', 'net_weight': '#6D2DA9', 'awb_date': '#21E7E8', 'country_of_origin_of_goods': '#D27BF0', 'invoice_currency': '#85308B', 'bill_of_lading_date': '#8D0C4B', 'shipment_date': '#286504', 'consignee_address': '#B4F12B', 'invoice_discount_amount': '#A152F1', 'transaction_currency': '#C83C68', 'consignor_country': '#C9DF8F', 'to': '#A805CD', 'consignor_address': '#F461EE', 'remitter_address': '#C0F8F9', 'drawer_ref_no': '#E85C7B', 'tenor_type': '#3CCDE0', 'presentation_period': '#FD945C'}
2024-03-18 12:25:15,151 is result_set is instance of dict? True
2024-03-18 12:25:15,152 is final_result_set is instance of dict? True
2024-03-18 12:25:15,292 Time taken for page 1 of Proforma_Invoice(2013_01_10_13_55_07_1508)_518_0.png:0:00:01.585914
2024-03-18 12:25:15,386 *****Generated All Pages****** for Proforma_Invoice(2013_01_10_13_55_07_1508)_518_0.png
2024-03-18 12:25:15,387 RAM memory 60.6 used for Proforma_Invoice(2013_01_10_13_55_07_1508)_518_0.png Generating All Pages:
2024-03-18 12:25:15,387 Processing time taken for all pages of Proforma_Invoice(2013_01_10_13_55_07_1508)_518_0.png1:0:00:01.681268
2024-03-18 12:25:15,497 file name is:Proforma_Invoice(2013_01_10_13_52_45_9323)_546_0.png
2024-03-18 12:25:15,497 folder path :Images
2024-03-18 12:25:15,497 Calling Image result
2024-03-18 12:25:15,497 is all_page_result is instance of dict? True
2024-03-18 12:25:15,498 STREAM b'IHDR' 16 13
2024-03-18 12:25:15,498 STREAM b'IDAT' 41 35049
2024-03-18 12:25:15,524 is words is instance of list? True
2024-03-18 12:25:15,524 is bboxes is instance of list? True
2024-03-18 12:25:15,524 is bounding_boxes is instance of list? True
2024-03-18 12:25:15,710 is input_id_chunks is instance of list? True
2024-03-18 12:25:15,710 is mask_chunks is instance of list? True
2024-03-18 12:25:15,710 is bbox_chunks is instance of list? True
2024-03-18 12:25:15,710 is image_chunks is instance of list? True
2024-03-18 12:25:15,710 is input_dict is instance of dict? True
2024-03-18 12:25:16,818 Model Called
2024-03-18 12:25:16,818 RAM memory 60.6 used for Proforma_Invoice(2013_01_10_13_52_45_9323)_546_0.png:
2024-03-18 12:25:16,818 is all_predictions is instance of list? True
2024-03-18 12:25:16,818 is all_boxes is instance of list? True
2024-03-18 12:25:16,818 is all_confidences is instance of list? True
2024-03-18 12:25:16,818 is all_text is instance of list? True
2024-03-18 12:25:16,819 is label2id is instance of dict? True
2024-03-18 12:25:16,819 is id2label is instance of dict? True
2024-03-18 12:25:16,820 is label2color is instance of dict? True
2024-03-18 12:25:16,820 label2color : {'transaction_date': '#C348A3', 'beneficiary_bank_swift': '#1284A7', 'unit': '#1FA168', 'gross_weight': '#F973D1', 'payment_terms': '#A652AA', 'date_of_invoice': '#1EE3B2', 'lc_ref_no': '#067278', 'order_date': '#D5B333', 'invoice_tax_amount': '#8EC33D', 'shipper_name': '#026E15', 'freight_charges': '#03861E', 'tolerance_of_quantity': '#871217', 'O': '#B860A7', 'transport_details': '#CD2C96', 'place_of_receipt': '#041DAA', 'country_of_final_destination': '#164FD8', 'notify_party_name': '#A468D4', 'remitter_country': '#441B7E', 'beneficiary_country': '#407CE6', 'final_destination': '#449207', 'pre-carriage-by': '#02AE87', 'invoice_no': '#935C0C', 'insurance_charges': '#E8F221', 'cosignee_name': '#F1CE60', 'tenor_indicator': '#CC5BBA', 'incoterm': '#ABE178', 'original_or_copy': '#88174F', 'page_no': '#21786A', 'vessel_flight_no': '#306BB9', 'beneficiary_bank_identifier': '#F01BF6', 'port_of_loading': '#494E3A', 'awb_number': '#3A9437', 'transaction_amonunt_value': '#03061F', 'shipper_address': '#E26152', 'goods_description': '#7F3706', 'consignor_name': '#794E89', 'stamp': '#279104', 'bill_of_lading_no': '#9CAE43', 'transhipment': '#D77E93', 'invoice_due_date': '#9BFBFC', 'indicator_type': '#BD389B', 'importer_your_ref_no': '#FB5115', 'rate_per_unit': '#A1930D', 'beneficiary_bank_country': '#9DE309', 'notify_party_country': '#42217F', 'beneficiary_drawer_exporter_seller_supplier_tin': '#D20A3A', 'signature': '#B1EF21', 'invoice_amount': '#A28807', 'lc_date': '#69D648', 'advance_amount': '#77DCB7', 'beneficiary_address': '#842CCF', 'signature_of_the_issuer': '#0A1ACD', 'beneficiary_account_number': '#230DF6', 'signed_by': '#AA8770', 'from': '#2AC565', 'exporter_our_ref_no': '#26AF3D', 'remitter_drawee_applicant_importer_buyer_name': '#16FF5F', 'packaging_description': '#A36876', 'notify_party_address': '#2B8C26', 'hs_code_no': '#85B018', 'beneficiary_iban_number': '#BB8700', 'beneficiary_drawer_exporter_seller_supplier_name': '#588160', 'beneficiary_bank_name': '#FD272B', 'delivery_terms': '#C645F4', 'total_quantity_of_goods': '#CAEB72', 'dimension': '#AC6264', 'invoice_amount_in_words': '#31ADE3', 'invoice_discount_ccy': '#000EBF', 'declaration_by_issuer': '#9484F2', 'port_of_discharge': '#752FBB', 'total_pages': '#BCAAD7', 'usance_tenor': '#BC6DAE', 'amount_due': '#AB4810', 'purchase_order_no_and_agreement_ref_no': '#35061C', 'vessel_name': '#7E12B9', 'indicator_date': '#C8D58E', 'invoice_tax_ccy': '#81677C', 'mode_of_despatch': '#3C7121', 'net_weight': '#8306C1', 'awb_date': '#51034D', 'country_of_origin_of_goods': '#DC18BF', 'invoice_currency': '#AD8F1A', 'bill_of_lading_date': '#A01D54', 'shipment_date': '#79F959', 'consignee_address': '#8BD202', 'invoice_discount_amount': '#5C2997', 'transaction_currency': '#212A00', 'consignor_country': '#CDA036', 'to': '#ACB162', 'consignor_address': '#3F06B3', 'remitter_address': '#5166C4', 'drawer_ref_no': '#7FC955', 'tenor_type': '#2FF04C', 'presentation_period': '#7019CC'}
2024-03-18 12:25:16,933 is result_set is instance of dict? True
2024-03-18 12:25:16,934 is final_result_set is instance of dict? True
2024-03-18 12:25:17,034 Time taken for page 1 of Proforma_Invoice(2013_01_10_13_52_45_9323)_546_0.png:0:00:01.536729
2024-03-18 12:25:17,133 *****Generated All Pages****** for Proforma_Invoice(2013_01_10_13_52_45_9323)_546_0.png
2024-03-18 12:25:17,133 RAM memory 60.6 used for Proforma_Invoice(2013_01_10_13_52_45_9323)_546_0.png Generating All Pages:
2024-03-18 12:25:17,133 Processing time taken for all pages of Proforma_Invoice(2013_01_10_13_52_45_9323)_546_0.png1:0:00:01.635728
2024-03-18 12:25:17,243 file name is:Proforma_Invoice_19_0.png
2024-03-18 12:25:17,243 folder path :Images
2024-03-18 12:25:17,243 Calling Image result
2024-03-18 12:25:17,243 is all_page_result is instance of dict? True
2024-03-18 12:25:17,243 STREAM b'IHDR' 16 13
2024-03-18 12:25:17,243 STREAM b'IDAT' 41 36329
2024-03-18 12:25:17,281 is words is instance of list? True
2024-03-18 12:25:17,281 is bboxes is instance of list? True
2024-03-18 12:25:17,281 is bounding_boxes is instance of list? True
2024-03-18 12:25:17,475 is input_id_chunks is instance of list? True
2024-03-18 12:25:17,475 is mask_chunks is instance of list? True
2024-03-18 12:25:17,475 is bbox_chunks is instance of list? True
2024-03-18 12:25:17,475 is image_chunks is instance of list? True
2024-03-18 12:25:17,476 is input_dict is instance of dict? True
2024-03-18 12:25:19,857 Model Called
2024-03-18 12:25:19,858 RAM memory 67.4 used for Proforma_Invoice_19_0.png:
2024-03-18 12:25:19,858 is all_predictions is instance of list? True
2024-03-18 12:25:19,858 is all_boxes is instance of list? True
2024-03-18 12:25:19,858 is all_confidences is instance of list? True
2024-03-18 12:25:19,858 is all_text is instance of list? True
2024-03-18 12:25:19,858 is label2id is instance of dict? True
2024-03-18 12:25:19,858 is id2label is instance of dict? True
2024-03-18 12:25:19,859 is label2color is instance of dict? True
2024-03-18 12:25:19,859 label2color : {'transaction_date': '#F6E58E', 'beneficiary_bank_swift': '#29BAC6', 'unit': '#F3F21A', 'gross_weight': '#5A19B6', 'payment_terms': '#55E2E5', 'date_of_invoice': '#43E166', 'lc_ref_no': '#DCCBDD', 'order_date': '#81C3E4', 'invoice_tax_amount': '#628692', 'shipper_name': '#DC83F3', 'freight_charges': '#B1B3A8', 'tolerance_of_quantity': '#7F6BEF', 'O': '#3BC189', 'transport_details': '#20774A', 'place_of_receipt': '#DD6E43', 'country_of_final_destination': '#13D1CA', 'notify_party_name': '#DC0E06', 'remitter_country': '#B92736', 'beneficiary_country': '#657343', 'final_destination': '#E709FA', 'pre-carriage-by': '#C12F2B', 'invoice_no': '#DB8492', 'insurance_charges': '#87997A', 'cosignee_name': '#25E368', 'tenor_indicator': '#8F0854', 'incoterm': '#E7721F', 'original_or_copy': '#355516', 'page_no': '#A9FC63', 'vessel_flight_no': '#8F76E9', 'beneficiary_bank_identifier': '#5BF69C', 'port_of_loading': '#543968', 'awb_number': '#EC79EC', 'transaction_amonunt_value': '#87B268', 'shipper_address': '#777064', 'goods_description': '#0ABE19', 'consignor_name': '#3C69B0', 'stamp': '#BBDB56', 'bill_of_lading_no': '#8401F6', 'transhipment': '#C07E6F', 'invoice_due_date': '#FBAF17', 'indicator_type': '#8F330B', 'importer_your_ref_no': '#7ECD41', 'rate_per_unit': '#F05F6E', 'beneficiary_bank_country': '#413A11', 'notify_party_country': '#C526DC', 'beneficiary_drawer_exporter_seller_supplier_tin': '#8BEC76', 'signature': '#D66F15', 'invoice_amount': '#CCCC93', 'lc_date': '#EF9583', 'advance_amount': '#BA4E91', 'beneficiary_address': '#3635CD', 'signature_of_the_issuer': '#595113', 'beneficiary_account_number': '#9E7B84', 'signed_by': '#0C7866', 'from': '#A91A03', 'exporter_our_ref_no': '#9F5F10', 'remitter_drawee_applicant_importer_buyer_name': '#827A89', 'packaging_description': '#3A67A8', 'notify_party_address': '#09C9C7', 'hs_code_no': '#899DA8', 'beneficiary_iban_number': '#312DB3', 'beneficiary_drawer_exporter_seller_supplier_name': '#625D06', 'beneficiary_bank_name': '#3F1AFE', 'delivery_terms': '#76A949', 'total_quantity_of_goods': '#7E6801', 'dimension': '#4513BA', 'invoice_amount_in_words': '#D44F79', 'invoice_discount_ccy': '#EB4CDA', 'declaration_by_issuer': '#E1BF2E', 'port_of_discharge': '#8F51CA', 'total_pages': '#A1633F', 'usance_tenor': '#DABA1E', 'amount_due': '#E5A208', 'purchase_order_no_and_agreement_ref_no': '#933633', 'vessel_name': '#FA57B1', 'indicator_date': '#52DAD8', 'invoice_tax_ccy': '#E34B05', 'mode_of_despatch': '#BDAD8D', 'net_weight': '#186368', 'awb_date': '#DC4A0C', 'country_of_origin_of_goods': '#1CB1A2', 'invoice_currency': '#61E7AE', 'bill_of_lading_date': '#D495ED', 'shipment_date': '#B728CD', 'consignee_address': '#58E1D9', 'invoice_discount_amount': '#94A73C', 'transaction_currency': '#1C255E', 'consignor_country': '#803D15', 'to': '#9B98BE', 'consignor_address': '#010490', 'remitter_address': '#B5D4F6', 'drawer_ref_no': '#3A64E3', 'tenor_type': '#AED767', 'presentation_period': '#8BF16B'}
2024-03-18 12:25:20,044 is result_set is instance of dict? True
2024-03-18 12:25:20,045 is final_result_set is instance of dict? True
2024-03-18 12:25:20,190 Time taken for page 1 of Proforma_Invoice_19_0.png:0:00:02.946934
2024-03-18 12:25:20,294 *****Generated All Pages****** for Proforma_Invoice_19_0.png
2024-03-18 12:25:20,294 RAM memory 66.9 used for Proforma_Invoice_19_0.png Generating All Pages:
2024-03-18 12:25:20,294 Processing time taken for all pages of Proforma_Invoice_19_0.png1:0:00:03.050780
2024-03-18 12:25:20,406 file name is:Proforma_Invoice(2013_01_10_13_54_30_1695)_505_0.png
2024-03-18 12:25:20,407 folder path :Images
2024-03-18 12:25:20,407 Calling Image result
2024-03-18 12:25:20,407 is all_page_result is instance of dict? True
2024-03-18 12:25:20,407 STREAM b'IHDR' 16 13
2024-03-18 12:25:20,407 STREAM b'IDAT' 41 34094
2024-03-18 12:25:20,454 is words is instance of list? True
2024-03-18 12:25:20,454 is bboxes is instance of list? True
2024-03-18 12:25:20,455 is bounding_boxes is instance of list? True
2024-03-18 12:25:20,667 is input_id_chunks is instance of list? True
2024-03-18 12:25:20,667 is mask_chunks is instance of list? True
2024-03-18 12:25:20,668 is bbox_chunks is instance of list? True
2024-03-18 12:25:20,668 is image_chunks is instance of list? True
2024-03-18 12:25:20,668 is input_dict is instance of dict? True
2024-03-18 12:25:21,776 Model Called
2024-03-18 12:25:21,776 RAM memory 60.5 used for Proforma_Invoice(2013_01_10_13_54_30_1695)_505_0.png:
2024-03-18 12:25:21,776 is all_predictions is instance of list? True
2024-03-18 12:25:21,776 is all_boxes is instance of list? True
2024-03-18 12:25:21,776 is all_confidences is instance of list? True
2024-03-18 12:25:21,776 is all_text is instance of list? True
2024-03-18 12:25:21,777 is label2id is instance of dict? True
2024-03-18 12:25:21,777 is id2label is instance of dict? True
2024-03-18 12:25:21,777 is label2color is instance of dict? True
2024-03-18 12:25:21,778 label2color : {'transaction_date': '#172738', 'beneficiary_bank_swift': '#128E39', 'unit': '#6F7FB8', 'gross_weight': '#0011ED', 'payment_terms': '#4A46C3', 'date_of_invoice': '#C1A9D8', 'lc_ref_no': '#7AD3F8', 'order_date': '#BBE9B3', 'invoice_tax_amount': '#2A423D', 'shipper_name': '#6A26FA', 'freight_charges': '#2B3F85', 'tolerance_of_quantity': '#A709F4', 'O': '#C90256', 'transport_details': '#325687', 'place_of_receipt': '#798097', 'country_of_final_destination': '#0CAF23', 'notify_party_name': '#E14E5D', 'remitter_country': '#5A03A7', 'beneficiary_country': '#7195AA', 'final_destination': '#996899', 'pre-carriage-by': '#205C56', 'invoice_no': '#454A78', 'insurance_charges': '#777D5C', 'cosignee_name': '#5F43ED', 'tenor_indicator': '#544F45', 'incoterm': '#97203A', 'original_or_copy': '#88E961', 'page_no': '#2C231D', 'vessel_flight_no': '#98EA61', 'beneficiary_bank_identifier': '#E0DE9C', 'port_of_loading': '#C6FF9F', 'awb_number': '#6DDCB9', 'transaction_amonunt_value': '#104081', 'shipper_address': '#96FAD6', 'goods_description': '#44B964', 'consignor_name': '#F5B92D', 'stamp': '#D0B348', 'bill_of_lading_no': '#CB4BBA', 'transhipment': '#A88515', 'invoice_due_date': '#69EC73', 'indicator_type': '#75450A', 'importer_your_ref_no': '#18B8E0', 'rate_per_unit': '#8C23F7', 'beneficiary_bank_country': '#7D5E9C', 'notify_party_country': '#AC93D7', 'beneficiary_drawer_exporter_seller_supplier_tin': '#C531E8', 'signature': '#EA29EC', 'invoice_amount': '#BB1D02', 'lc_date': '#B2E274', 'advance_amount': '#33AA4A', 'beneficiary_address': '#85A60B', 'signature_of_the_issuer': '#B277F5', 'beneficiary_account_number': '#8FCC60', 'signed_by': '#725FFD', 'from': '#FAEE58', 'exporter_our_ref_no': '#B039FC', 'remitter_drawee_applicant_importer_buyer_name': '#A81773', 'packaging_description': '#8033F6', 'notify_party_address': '#E85EB6', 'hs_code_no': '#272768', 'beneficiary_iban_number': '#225736', 'beneficiary_drawer_exporter_seller_supplier_name': '#72AF2D', 'beneficiary_bank_name': '#E1FFD4', 'delivery_terms': '#E9BC34', 'total_quantity_of_goods': '#D2115B', 'dimension': '#D3630F', 'invoice_amount_in_words': '#55DF03', 'invoice_discount_ccy': '#21CBA4', 'declaration_by_issuer': '#5FF6BC', 'port_of_discharge': '#4BB75F', 'total_pages': '#AE700A', 'usance_tenor': '#A160F8', 'amount_due': '#9238CE', 'purchase_order_no_and_agreement_ref_no': '#449488', 'vessel_name': '#82881D', 'indicator_date': '#07BBE5', 'invoice_tax_ccy': '#26D835', 'mode_of_despatch': '#20335B', 'net_weight': '#777028', 'awb_date': '#C94AEC', 'country_of_origin_of_goods': '#0F68DA', 'invoice_currency': '#7B673F', 'bill_of_lading_date': '#F182C1', 'shipment_date': '#7EB30A', 'consignee_address': '#EC9EC4', 'invoice_discount_amount': '#8B46DA', 'transaction_currency': '#5DFB94', 'consignor_country': '#149709', 'to': '#E1E6C8', 'consignor_address': '#3053AD', 'remitter_address': '#C28B86', 'drawer_ref_no': '#C69696', 'tenor_type': '#F8B282', 'presentation_period': '#0C9847'}
2024-03-18 12:25:21,899 is result_set is instance of dict? True
2024-03-18 12:25:21,899 is final_result_set is instance of dict? True
2024-03-18 12:25:22,015 Time taken for page 1 of Proforma_Invoice(2013_01_10_13_54_30_1695)_505_0.png:0:00:01.608102
2024-03-18 12:25:22,112 *****Generated All Pages****** for Proforma_Invoice(2013_01_10_13_54_30_1695)_505_0.png
2024-03-18 12:25:22,113 RAM memory 60.6 used for Proforma_Invoice(2013_01_10_13_54_30_1695)_505_0.png Generating All Pages:
2024-03-18 12:25:22,113 Processing time taken for all pages of Proforma_Invoice(2013_01_10_13_54_30_1695)_505_0.png1:0:00:01.705978
2024-03-18 12:25:22,223 file name is:Proforma_Invoice(2013_01_10_13_53_38_4793)_515_0.png
2024-03-18 12:25:22,223 folder path :Images
2024-03-18 12:25:22,223 Calling Image result
2024-03-18 12:25:22,223 is all_page_result is instance of dict? True
2024-03-18 12:25:22,223 STREAM b'IHDR' 16 13
2024-03-18 12:25:22,223 STREAM b'IDAT' 41 35396
2024-03-18 12:25:22,263 is words is instance of list? True
2024-03-18 12:25:22,263 is bboxes is instance of list? True
2024-03-18 12:25:22,263 is bounding_boxes is instance of list? True
2024-03-18 12:25:22,454 is input_id_chunks is instance of list? True
2024-03-18 12:25:22,454 is mask_chunks is instance of list? True
2024-03-18 12:25:22,454 is bbox_chunks is instance of list? True
2024-03-18 12:25:22,454 is image_chunks is instance of list? True
2024-03-18 12:25:22,454 is input_dict is instance of dict? True
2024-03-18 12:25:23,742 Model Called
2024-03-18 12:25:23,742 RAM memory 61.0 used for Proforma_Invoice(2013_01_10_13_53_38_4793)_515_0.png:
2024-03-18 12:25:23,743 is all_predictions is instance of list? True
2024-03-18 12:25:23,743 is all_boxes is instance of list? True
2024-03-18 12:25:23,743 is all_confidences is instance of list? True
2024-03-18 12:25:23,743 is all_text is instance of list? True
2024-03-18 12:25:23,743 is label2id is instance of dict? True
2024-03-18 12:25:23,743 is id2label is instance of dict? True
2024-03-18 12:25:23,744 is label2color is instance of dict? True
2024-03-18 12:25:23,744 label2color : {'transaction_date': '#3C3397', 'beneficiary_bank_swift': '#9E3D38', 'unit': '#9DFC77', 'gross_weight': '#DBF07C', 'payment_terms': '#FE7AF5', 'date_of_invoice': '#C84725', 'lc_ref_no': '#E87519', 'order_date': '#C99BA2', 'invoice_tax_amount': '#AB3710', 'shipper_name': '#518DEB', 'freight_charges': '#C53806', 'tolerance_of_quantity': '#2FBE36', 'O': '#0BEF8E', 'transport_details': '#39847D', 'place_of_receipt': '#768939', 'country_of_final_destination': '#726878', 'notify_party_name': '#C30AA5', 'remitter_country': '#BB268A', 'beneficiary_country': '#FBAA5D', 'final_destination': '#B0D875', 'pre-carriage-by': '#6FBE05', 'invoice_no': '#DB6EE1', 'insurance_charges': '#534D7F', 'cosignee_name': '#A9B59C', 'tenor_indicator': '#9D78EC', 'incoterm': '#A594EC', 'original_or_copy': '#A332FF', 'page_no': '#AA4DAC', 'vessel_flight_no': '#64E822', 'beneficiary_bank_identifier': '#362B2B', 'port_of_loading': '#22DED9', 'awb_number': '#5EB1B7', 'transaction_amonunt_value': '#57BC6F', 'shipper_address': '#8ED446', 'goods_description': '#F1CA88', 'consignor_name': '#FDDD7B', 'stamp': '#FE4686', 'bill_of_lading_no': '#40D544', 'transhipment': '#4F6356', 'invoice_due_date': '#F57C96', 'indicator_type': '#1226CD', 'importer_your_ref_no': '#06E43E', 'rate_per_unit': '#9C8988', 'beneficiary_bank_country': '#823397', 'notify_party_country': '#A84351', 'beneficiary_drawer_exporter_seller_supplier_tin': '#FA4CC8', 'signature': '#385400', 'invoice_amount': '#C2AA25', 'lc_date': '#C824BB', 'advance_amount': '#C397D8', 'beneficiary_address': '#7AC3C9', 'signature_of_the_issuer': '#DE98FD', 'beneficiary_account_number': '#01E258', 'signed_by': '#4B8711', 'from': '#492436', 'exporter_our_ref_no': '#806235', 'remitter_drawee_applicant_importer_buyer_name': '#A6E47F', 'packaging_description': '#23EDD3', 'notify_party_address': '#FB8E5C', 'hs_code_no': '#F6032B', 'beneficiary_iban_number': '#266F31', 'beneficiary_drawer_exporter_seller_supplier_name': '#2D78D3', 'beneficiary_bank_name': '#32A51A', 'delivery_terms': '#C15A03', 'total_quantity_of_goods': '#DD8EB1', 'dimension': '#7B005D', 'invoice_amount_in_words': '#277BFC', 'invoice_discount_ccy': '#6EC477', 'declaration_by_issuer': '#2F7533', 'port_of_discharge': '#5F0120', 'total_pages': '#23C3F4', 'usance_tenor': '#9539A6', 'amount_due': '#6CC1CA', 'purchase_order_no_and_agreement_ref_no': '#AFCCC6', 'vessel_name': '#C5C30A', 'indicator_date': '#25F003', 'invoice_tax_ccy': '#2FBF09', 'mode_of_despatch': '#76305B', 'net_weight': '#CF1E6F', 'awb_date': '#607DC5', 'country_of_origin_of_goods': '#EFDFF6', 'invoice_currency': '#C25E7D', 'bill_of_lading_date': '#867991', 'shipment_date': '#660791', 'consignee_address': '#7DAAD0', 'invoice_discount_amount': '#618E81', 'transaction_currency': '#703E2C', 'consignor_country': '#A183E0', 'to': '#B8FCFD', 'consignor_address': '#F963EC', 'remitter_address': '#7A605A', 'drawer_ref_no': '#6888C2', 'tenor_type': '#FAB262', 'presentation_period': '#7CBAA2'}
2024-03-18 12:25:23,878 is result_set is instance of dict? True
2024-03-18 12:25:23,879 is final_result_set is instance of dict? True
2024-03-18 12:25:23,992 Time taken for page 1 of Proforma_Invoice(2013_01_10_13_53_38_4793)_515_0.png:0:00:01.769144
2024-03-18 12:25:24,092 *****Generated All Pages****** for Proforma_Invoice(2013_01_10_13_53_38_4793)_515_0.png
2024-03-18 12:25:24,093 RAM memory 60.8 used for Proforma_Invoice(2013_01_10_13_53_38_4793)_515_0.png Generating All Pages:
2024-03-18 12:25:24,093 Processing time taken for all pages of Proforma_Invoice(2013_01_10_13_53_38_4793)_515_0.png1:0:00:01.869876
2024-03-18 12:25:24,202 file name is:Proforma_Invoice(2013_01_10_13_51_32_1661)_490_0.png
2024-03-18 12:25:24,202 folder path :Images
2024-03-18 12:25:24,202 Calling Image result
2024-03-18 12:25:24,202 is all_page_result is instance of dict? True
2024-03-18 12:25:24,203 STREAM b'IHDR' 16 13
2024-03-18 12:25:24,203 STREAM b'IDAT' 41 32741
2024-03-18 12:25:24,239 is words is instance of list? True
2024-03-18 12:25:24,239 is bboxes is instance of list? True
2024-03-18 12:25:24,239 is bounding_boxes is instance of list? True
2024-03-18 12:25:24,422 is input_id_chunks is instance of list? True
2024-03-18 12:25:24,422 is mask_chunks is instance of list? True
2024-03-18 12:25:24,422 is bbox_chunks is instance of list? True
2024-03-18 12:25:24,422 is image_chunks is instance of list? True
2024-03-18 12:25:24,422 is input_dict is instance of dict? True
2024-03-18 12:25:25,529 Model Called
2024-03-18 12:25:25,529 RAM memory 60.8 used for Proforma_Invoice(2013_01_10_13_51_32_1661)_490_0.png:
2024-03-18 12:25:25,530 is all_predictions is instance of list? True
2024-03-18 12:25:25,530 is all_boxes is instance of list? True
2024-03-18 12:25:25,530 is all_confidences is instance of list? True
2024-03-18 12:25:25,530 is all_text is instance of list? True
2024-03-18 12:25:25,530 is label2id is instance of dict? True
2024-03-18 12:25:25,530 is id2label is instance of dict? True
2024-03-18 12:25:25,531 is label2color is instance of dict? True
2024-03-18 12:25:25,531 label2color : {'transaction_date': '#A45E79', 'beneficiary_bank_swift': '#0210CD', 'unit': '#C9F60E', 'gross_weight': '#4E38BE', 'payment_terms': '#792F5F', 'date_of_invoice': '#58F18E', 'lc_ref_no': '#8E6128', 'order_date': '#00DC97', 'invoice_tax_amount': '#33CF14', 'shipper_name': '#BA7D70', 'freight_charges': '#A651F1', 'tolerance_of_quantity': '#80D1E9', 'O': '#1FA895', 'transport_details': '#0F408A', 'place_of_receipt': '#C87FBF', 'country_of_final_destination': '#D1125B', 'notify_party_name': '#CF843A', 'remitter_country': '#07CE65', 'beneficiary_country': '#1909F7', 'final_destination': '#58CC82', 'pre-carriage-by': '#99B69E', 'invoice_no': '#95E8FD', 'insurance_charges': '#96AD24', 'cosignee_name': '#FA8674', 'tenor_indicator': '#7966E9', 'incoterm': '#A1C820', 'original_or_copy': '#253CC5', 'page_no': '#3E1A07', 'vessel_flight_no': '#9393C8', 'beneficiary_bank_identifier': '#49E53E', 'port_of_loading': '#BAB7C9', 'awb_number': '#F521CC', 'transaction_amonunt_value': '#8F5AB5', 'shipper_address': '#C25940', 'goods_description': '#6C7A58', 'consignor_name': '#4D03E9', 'stamp': '#43EB70', 'bill_of_lading_no': '#C628E8', 'transhipment': '#9F81FB', 'invoice_due_date': '#2001E6', 'indicator_type': '#E1AF32', 'importer_your_ref_no': '#CD0584', 'rate_per_unit': '#7AA7B3', 'beneficiary_bank_country': '#1E4F10', 'notify_party_country': '#C26B80', 'beneficiary_drawer_exporter_seller_supplier_tin': '#354AD2', 'signature': '#F6D0CE', 'invoice_amount': '#818058', 'lc_date': '#407D68', 'advance_amount': '#4CF0BC', 'beneficiary_address': '#C5A2A0', 'signature_of_the_issuer': '#308539', 'beneficiary_account_number': '#C9E43E', 'signed_by': '#83FC2A', 'from': '#D7FD8E', 'exporter_our_ref_no': '#23138E', 'remitter_drawee_applicant_importer_buyer_name': '#F063E9', 'packaging_description': '#589DF1', 'notify_party_address': '#AEBFFB', 'hs_code_no': '#C7878F', 'beneficiary_iban_number': '#AFCBD8', 'beneficiary_drawer_exporter_seller_supplier_name': '#2FA08D', 'beneficiary_bank_name': '#CD3D1D', 'delivery_terms': '#CF16AE', 'total_quantity_of_goods': '#C42088', 'dimension': '#4C3A8A', 'invoice_amount_in_words': '#BCC60F', 'invoice_discount_ccy': '#830892', 'declaration_by_issuer': '#E9B6CA', 'port_of_discharge': '#30F219', 'total_pages': '#41542B', 'usance_tenor': '#32D8C5', 'amount_due': '#DB7444', 'purchase_order_no_and_agreement_ref_no': '#323DE6', 'vessel_name': '#F6A491', 'indicator_date': '#FDFB43', 'invoice_tax_ccy': '#902C78', 'mode_of_despatch': '#2E7BCB', 'net_weight': '#7AEFB4', 'awb_date': '#3D6E81', 'country_of_origin_of_goods': '#6C5081', 'invoice_currency': '#0F7241', 'bill_of_lading_date': '#CA8806', 'shipment_date': '#678833', 'consignee_address': '#473624', 'invoice_discount_amount': '#B6D38F', 'transaction_currency': '#184D2C', 'consignor_country': '#BEF8CD', 'to': '#639012', 'consignor_address': '#922D90', 'remitter_address': '#11A949', 'drawer_ref_no': '#7063DF', 'tenor_type': '#E63EDC', 'presentation_period': '#DD4705'}
2024-03-18 12:25:25,647 is result_set is instance of dict? True
2024-03-18 12:25:25,648 is final_result_set is instance of dict? True
2024-03-18 12:25:25,806 Time taken for page 1 of Proforma_Invoice(2013_01_10_13_51_32_1661)_490_0.png:0:00:01.603736
2024-03-18 12:25:25,910 *****Generated All Pages****** for Proforma_Invoice(2013_01_10_13_51_32_1661)_490_0.png
2024-03-18 12:25:25,911 RAM memory 60.9 used for Proforma_Invoice(2013_01_10_13_51_32_1661)_490_0.png Generating All Pages:
2024-03-18 12:25:25,911 Processing time taken for all pages of Proforma_Invoice(2013_01_10_13_51_32_1661)_490_0.png1:0:00:01.708387
2024-03-18 12:25:26,023 file name is:Proforma_Invoice(2013_01_10_13_51_53_1233)_512_0.png
2024-03-18 12:25:26,023 folder path :Images
2024-03-18 12:25:26,023 Calling Image result
2024-03-18 12:25:26,023 is all_page_result is instance of dict? True
2024-03-18 12:25:26,023 STREAM b'IHDR' 16 13
2024-03-18 12:25:26,024 STREAM b'IDAT' 41 33997
2024-03-18 12:25:26,064 is words is instance of list? True
2024-03-18 12:25:26,064 is bboxes is instance of list? True
2024-03-18 12:25:26,064 is bounding_boxes is instance of list? True
2024-03-18 12:25:26,259 is input_id_chunks is instance of list? True
2024-03-18 12:25:26,259 is mask_chunks is instance of list? True
2024-03-18 12:25:26,259 is bbox_chunks is instance of list? True
2024-03-18 12:25:26,259 is image_chunks is instance of list? True
2024-03-18 12:25:26,259 is input_dict is instance of dict? True
2024-03-18 12:25:27,474 Model Called
2024-03-18 12:25:27,475 RAM memory 61.0 used for Proforma_Invoice(2013_01_10_13_51_53_1233)_512_0.png:
2024-03-18 12:25:27,475 is all_predictions is instance of list? True
2024-03-18 12:25:27,475 is all_boxes is instance of list? True
2024-03-18 12:25:27,475 is all_confidences is instance of list? True
2024-03-18 12:25:27,475 is all_text is instance of list? True
2024-03-18 12:25:27,475 is label2id is instance of dict? True
2024-03-18 12:25:27,475 is id2label is instance of dict? True
2024-03-18 12:25:27,476 is label2color is instance of dict? True
2024-03-18 12:25:27,476 label2color : {'transaction_date': '#36116D', 'beneficiary_bank_swift': '#284AC5', 'unit': '#55A0E7', 'gross_weight': '#7FDF6A', 'payment_terms': '#185809', 'date_of_invoice': '#504BFE', 'lc_ref_no': '#FB017C', 'order_date': '#EE2DE0', 'invoice_tax_amount': '#7302B3', 'shipper_name': '#05C8BD', 'freight_charges': '#2B5218', 'tolerance_of_quantity': '#410E0B', 'O': '#BFBFC6', 'transport_details': '#A3842F', 'place_of_receipt': '#5DBF63', 'country_of_final_destination': '#8A511B', 'notify_party_name': '#BA8054', 'remitter_country': '#4A2D87', 'beneficiary_country': '#05623E', 'final_destination': '#9EBDDB', 'pre-carriage-by': '#3711B4', 'invoice_no': '#738218', 'insurance_charges': '#84855F', 'cosignee_name': '#3ED3BA', 'tenor_indicator': '#90E627', 'incoterm': '#283757', 'original_or_copy': '#C310BE', 'page_no': '#BA40F2', 'vessel_flight_no': '#C1D05C', 'beneficiary_bank_identifier': '#5F46DF', 'port_of_loading': '#B19653', 'awb_number': '#58EFAD', 'transaction_amonunt_value': '#BD09CA', 'shipper_address': '#C448AC', 'goods_description': '#31ED3E', 'consignor_name': '#E1B022', 'stamp': '#9932C4', 'bill_of_lading_no': '#8EE739', 'transhipment': '#41883A', 'invoice_due_date': '#946CE9', 'indicator_type': '#CCA673', 'importer_your_ref_no': '#8B0253', 'rate_per_unit': '#E6DCE3', 'beneficiary_bank_country': '#4DA9A8', 'notify_party_country': '#0F6BA4', 'beneficiary_drawer_exporter_seller_supplier_tin': '#E5F090', 'signature': '#7D254E', 'invoice_amount': '#5DE3F1', 'lc_date': '#F66458', 'advance_amount': '#A6166C', 'beneficiary_address': '#A5FA7B', 'signature_of_the_issuer': '#5EFE6E', 'beneficiary_account_number': '#D9BF5C', 'signed_by': '#7312E4', 'from': '#500F36', 'exporter_our_ref_no': '#038DF3', 'remitter_drawee_applicant_importer_buyer_name': '#6DF50E', 'packaging_description': '#194FA2', 'notify_party_address': '#3B751A', 'hs_code_no': '#97F1E1', 'beneficiary_iban_number': '#D69491', 'beneficiary_drawer_exporter_seller_supplier_name': '#FC6DB7', 'beneficiary_bank_name': '#700699', 'delivery_terms': '#D5A9B1', 'total_quantity_of_goods': '#E216B7', 'dimension': '#53437E', 'invoice_amount_in_words': '#965CC7', 'invoice_discount_ccy': '#2411CA', 'declaration_by_issuer': '#6C1E5F', 'port_of_discharge': '#BE265C', 'total_pages': '#2B3255', 'usance_tenor': '#411E2A', 'amount_due': '#751D8B', 'purchase_order_no_and_agreement_ref_no': '#D49A3A', 'vessel_name': '#DAA95B', 'indicator_date': '#E0A13A', 'invoice_tax_ccy': '#E18769', 'mode_of_despatch': '#5E5BD4', 'net_weight': '#2E88A2', 'awb_date': '#3D9270', 'country_of_origin_of_goods': '#EE6C21', 'invoice_currency': '#40C05E', 'bill_of_lading_date': '#B42861', 'shipment_date': '#8ADF21', 'consignee_address': '#65EBB4', 'invoice_discount_amount': '#8D5C45', 'transaction_currency': '#ACABD2', 'consignor_country': '#7D2D73', 'to': '#6C7EE1', 'consignor_address': '#450636', 'remitter_address': '#1305B5', 'drawer_ref_no': '#8DB3AD', 'tenor_type': '#8AAAC4', 'presentation_period': '#07FF1A'}
2024-03-18 12:25:27,609 is result_set is instance of dict? True
2024-03-18 12:25:27,610 is final_result_set is instance of dict? True
2024-03-18 12:25:27,804 Time taken for page 1 of Proforma_Invoice(2013_01_10_13_51_53_1233)_512_0.png:0:00:01.779890
2024-03-18 12:25:27,911 *****Generated All Pages****** for Proforma_Invoice(2013_01_10_13_51_53_1233)_512_0.png
2024-03-18 12:25:27,912 RAM memory 61.0 used for Proforma_Invoice(2013_01_10_13_51_53_1233)_512_0.png Generating All Pages:
2024-03-18 12:25:27,912 Processing time taken for all pages of Proforma_Invoice(2013_01_10_13_51_53_1233)_512_0.png1:0:00:01.888637
2024-03-18 12:25:28,026 file name is:Proforma_Invoice_8_0.png
2024-03-18 12:25:28,026 folder path :Images
2024-03-18 12:25:28,026 Calling Image result
2024-03-18 12:25:28,026 is all_page_result is instance of dict? True
2024-03-18 12:25:28,026 STREAM b'IHDR' 16 13
2024-03-18 12:25:28,026 STREAM b'IDAT' 41 46818
2024-03-18 12:25:28,066 is words is instance of list? True
2024-03-18 12:25:28,066 is bboxes is instance of list? True
2024-03-18 12:25:28,066 is bounding_boxes is instance of list? True
2024-03-18 12:25:28,257 is input_id_chunks is instance of list? True
2024-03-18 12:25:28,257 is mask_chunks is instance of list? True
2024-03-18 12:25:28,268 is bbox_chunks is instance of list? True
2024-03-18 12:25:28,268 is image_chunks is instance of list? True
2024-03-18 12:25:28,268 is input_dict is instance of dict? True
2024-03-18 12:25:29,586 Model Called
2024-03-18 12:25:29,586 RAM memory 60.8 used for Proforma_Invoice_8_0.png:
2024-03-18 12:25:29,586 is all_predictions is instance of list? True
2024-03-18 12:25:29,587 is all_boxes is instance of list? True
2024-03-18 12:25:29,587 is all_confidences is instance of list? True
2024-03-18 12:25:29,587 is all_text is instance of list? True
2024-03-18 12:25:29,587 is label2id is instance of dict? True
2024-03-18 12:25:29,587 is id2label is instance of dict? True
2024-03-18 12:25:29,589 is label2color is instance of dict? True
2024-03-18 12:25:29,589 label2color : {'transaction_date': '#D3EF61', 'beneficiary_bank_swift': '#343692', 'unit': '#804484', 'gross_weight': '#EA276F', 'payment_terms': '#FE6701', 'date_of_invoice': '#83D204', 'lc_ref_no': '#617438', 'order_date': '#F2366E', 'invoice_tax_amount': '#DDC03C', 'shipper_name': '#F1EA6E', 'freight_charges': '#945B11', 'tolerance_of_quantity': '#D1FE9B', 'O': '#29D6B4', 'transport_details': '#CB6B73', 'place_of_receipt': '#1A21D7', 'country_of_final_destination': '#9E96DD', 'notify_party_name': '#63FDD7', 'remitter_country': '#11C6E3', 'beneficiary_country': '#6CC0AD', 'final_destination': '#05CF40', 'pre-carriage-by': '#F0F219', 'invoice_no': '#99291F', 'insurance_charges': '#C274EB', 'cosignee_name': '#A5A089', 'tenor_indicator': '#539C4E', 'incoterm': '#03B750', 'original_or_copy': '#4324D1', 'page_no': '#34C435', 'vessel_flight_no': '#2B3CA5', 'beneficiary_bank_identifier': '#7FA09B', 'port_of_loading': '#BAC922', 'awb_number': '#8F37E7', 'transaction_amonunt_value': '#9CA54A', 'shipper_address': '#23FEFF', 'goods_description': '#0A9AA3', 'consignor_name': '#6616D5', 'stamp': '#905FA1', 'bill_of_lading_no': '#93F597', 'transhipment': '#891801', 'invoice_due_date': '#E08ABD', 'indicator_type': '#7BF541', 'importer_your_ref_no': '#1D0B33', 'rate_per_unit': '#B11736', 'beneficiary_bank_country': '#EB052A', 'notify_party_country': '#649C21', 'beneficiary_drawer_exporter_seller_supplier_tin': '#06AE42', 'signature': '#2ED0E6', 'invoice_amount': '#59C1EB', 'lc_date': '#58DF83', 'advance_amount': '#7CDE5D', 'beneficiary_address': '#8003C0', 'signature_of_the_issuer': '#6E9DB1', 'beneficiary_account_number': '#043E6F', 'signed_by': '#2E0F74', 'from': '#DC5597', 'exporter_our_ref_no': '#12C1DE', 'remitter_drawee_applicant_importer_buyer_name': '#244080', 'packaging_description': '#E17C89', 'notify_party_address': '#401C66', 'hs_code_no': '#D5F36A', 'beneficiary_iban_number': '#F8B071', 'beneficiary_drawer_exporter_seller_supplier_name': '#A84595', 'beneficiary_bank_name': '#98D8A9', 'delivery_terms': '#E096C0', 'total_quantity_of_goods': '#373968', 'dimension': '#2A9DF1', 'invoice_amount_in_words': '#623F7E', 'invoice_discount_ccy': '#0FDC48', 'declaration_by_issuer': '#49EE45', 'port_of_discharge': '#30CA40', 'total_pages': '#D5F0AF', 'usance_tenor': '#E31602', 'amount_due': '#A304B6', 'purchase_order_no_and_agreement_ref_no': '#A021A2', 'vessel_name': '#183DFB', 'indicator_date': '#68AD39', 'invoice_tax_ccy': '#964BE4', 'mode_of_despatch': '#9BDC99', 'net_weight': '#1A7CAD', 'awb_date': '#2EDFF2', 'country_of_origin_of_goods': '#6DE58A', 'invoice_currency': '#5390FF', 'bill_of_lading_date': '#F9CB1D', 'shipment_date': '#2179A9', 'consignee_address': '#965CC1', 'invoice_discount_amount': '#162F5F', 'transaction_currency': '#558617', 'consignor_country': '#55B627', 'to': '#9558F3', 'consignor_address': '#D59203', 'remitter_address': '#FBA1ED', 'drawer_ref_no': '#B3B153', 'tenor_type': '#E166A1', 'presentation_period': '#E7834D'}
2024-03-18 12:25:29,783 is result_set is instance of dict? True
2024-03-18 12:25:29,784 is final_result_set is instance of dict? True
2024-03-18 12:25:29,975 Time taken for page 1 of Proforma_Invoice_8_0.png:0:00:01.948844
2024-03-18 12:25:30,124 *****Generated All Pages****** for Proforma_Invoice_8_0.png
2024-03-18 12:25:30,124 RAM memory 61.0 used for Proforma_Invoice_8_0.png Generating All Pages:
2024-03-18 12:25:30,125 Processing time taken for all pages of Proforma_Invoice_8_0.png1:0:00:02.098666
2024-03-18 12:25:30,248 file name is:Proforma_Invoice_20_0.png
2024-03-18 12:25:30,248 folder path :Images
2024-03-18 12:25:30,248 Calling Image result
2024-03-18 12:25:30,248 is all_page_result is instance of dict? True
2024-03-18 12:25:30,249 STREAM b'IHDR' 16 13
2024-03-18 12:25:30,249 STREAM b'IDAT' 41 53220
2024-03-18 12:25:30,288 is words is instance of list? True
2024-03-18 12:25:30,289 is bboxes is instance of list? True
2024-03-18 12:25:30,289 is bounding_boxes is instance of list? True
2024-03-18 12:25:30,497 is input_id_chunks is instance of list? True
2024-03-18 12:25:30,497 is mask_chunks is instance of list? True
2024-03-18 12:25:30,498 is bbox_chunks is instance of list? True
2024-03-18 12:25:30,498 is image_chunks is instance of list? True
2024-03-18 12:25:30,498 is input_dict is instance of dict? True
2024-03-18 12:25:31,801 Model Called
2024-03-18 12:25:31,801 RAM memory 61.2 used for Proforma_Invoice_20_0.png:
2024-03-18 12:25:31,801 is all_predictions is instance of list? True
2024-03-18 12:25:31,801 is all_boxes is instance of list? True
2024-03-18 12:25:31,801 is all_confidences is instance of list? True
2024-03-18 12:25:31,801 is all_text is instance of list? True
2024-03-18 12:25:31,802 is label2id is instance of dict? True
2024-03-18 12:25:31,802 is id2label is instance of dict? True
2024-03-18 12:25:31,803 is label2color is instance of dict? True
2024-03-18 12:25:31,803 label2color : {'transaction_date': '#B41F40', 'beneficiary_bank_swift': '#6A2123', 'unit': '#000F42', 'gross_weight': '#D8C225', 'payment_terms': '#76A8E5', 'date_of_invoice': '#520C5A', 'lc_ref_no': '#B1DAC1', 'order_date': '#8488A0', 'invoice_tax_amount': '#3E975B', 'shipper_name': '#3D9E0E', 'freight_charges': '#064A6C', 'tolerance_of_quantity': '#F2973C', 'O': '#8F825D', 'transport_details': '#5ED25F', 'place_of_receipt': '#0AB976', 'country_of_final_destination': '#607A21', 'notify_party_name': '#33DF30', 'remitter_country': '#C49F14', 'beneficiary_country': '#9878FD', 'final_destination': '#3CFBCF', 'pre-carriage-by': '#794A50', 'invoice_no': '#76EB81', 'insurance_charges': '#38C7B7', 'cosignee_name': '#3A66B6', 'tenor_indicator': '#BBB749', 'incoterm': '#C5DD6B', 'original_or_copy': '#6A56AF', 'page_no': '#8F7462', 'vessel_flight_no': '#664E2A', 'beneficiary_bank_identifier': '#90F9DE', 'port_of_loading': '#6AC0DB', 'awb_number': '#32D430', 'transaction_amonunt_value': '#C5322B', 'shipper_address': '#9BBD14', 'goods_description': '#327B67', 'consignor_name': '#297D39', 'stamp': '#A3457B', 'bill_of_lading_no': '#E024C3', 'transhipment': '#5D8CA0', 'invoice_due_date': '#796A46', 'indicator_type': '#419443', 'importer_your_ref_no': '#1162A9', 'rate_per_unit': '#21ACF1', 'beneficiary_bank_country': '#55E93A', 'notify_party_country': '#10F506', 'beneficiary_drawer_exporter_seller_supplier_tin': '#3E8D06', 'signature': '#3BEC41', 'invoice_amount': '#5E1A3A', 'lc_date': '#931A83', 'advance_amount': '#B64F10', 'beneficiary_address': '#E45B80', 'signature_of_the_issuer': '#926BB1', 'beneficiary_account_number': '#F23D8D', 'signed_by': '#F31058', 'from': '#81CED8', 'exporter_our_ref_no': '#7794FF', 'remitter_drawee_applicant_importer_buyer_name': '#14B28A', 'packaging_description': '#89B6C2', 'notify_party_address': '#3E704E', 'hs_code_no': '#5FE7F3', 'beneficiary_iban_number': '#F5430A', 'beneficiary_drawer_exporter_seller_supplier_name': '#FA3185', 'beneficiary_bank_name': '#6EFAE0', 'delivery_terms': '#451A01', 'total_quantity_of_goods': '#87F064', 'dimension': '#32F522', 'invoice_amount_in_words': '#D77735', 'invoice_discount_ccy': '#5B63F2', 'declaration_by_issuer': '#DF24FB', 'port_of_discharge': '#C82F57', 'total_pages': '#94F81B', 'usance_tenor': '#D891D0', 'amount_due': '#CF5F74', 'purchase_order_no_and_agreement_ref_no': '#E861E4', 'vessel_name': '#D64AD9', 'indicator_date': '#1379A0', 'invoice_tax_ccy': '#AB8F7D', 'mode_of_despatch': '#B903B7', 'net_weight': '#4E215B', 'awb_date': '#9534D3', 'country_of_origin_of_goods': '#F1DB15', 'invoice_currency': '#AA7FF0', 'bill_of_lading_date': '#CBDF69', 'shipment_date': '#A90193', 'consignee_address': '#5B1863', 'invoice_discount_amount': '#A994EF', 'transaction_currency': '#37A80E', 'consignor_country': '#515190', 'to': '#1DE2EC', 'consignor_address': '#8A1B60', 'remitter_address': '#02EC17', 'drawer_ref_no': '#CF767B', 'tenor_type': '#51B463', 'presentation_period': '#F67273'}
2024-03-18 12:25:31,934 is result_set is instance of dict? True
2024-03-18 12:25:31,935 is final_result_set is instance of dict? True
2024-03-18 12:25:32,174 Time taken for page 1 of Proforma_Invoice_20_0.png:0:00:01.925514
2024-03-18 12:25:32,288 *****Generated All Pages****** for Proforma_Invoice_20_0.png
2024-03-18 12:25:32,288 RAM memory 60.9 used for Proforma_Invoice_20_0.png Generating All Pages:
2024-03-18 12:25:32,288 Processing time taken for all pages of Proforma_Invoice_20_0.png1:0:00:02.039446
2024-03-18 12:25:32,404 file name is:Proforma_Invoice_27_0.png
2024-03-18 12:25:32,404 folder path :Images
2024-03-18 12:25:32,404 Calling Image result
2024-03-18 12:25:32,404 is all_page_result is instance of dict? True
2024-03-18 12:25:32,404 STREAM b'IHDR' 16 13
2024-03-18 12:25:32,404 STREAM b'IDAT' 41 60999
2024-03-18 12:25:32,444 is words is instance of list? True
2024-03-18 12:25:32,444 is bboxes is instance of list? True
2024-03-18 12:25:32,444 is bounding_boxes is instance of list? True
2024-03-18 12:25:32,766 is input_id_chunks is instance of list? True
2024-03-18 12:25:32,766 is mask_chunks is instance of list? True
2024-03-18 12:25:32,766 is bbox_chunks is instance of list? True
2024-03-18 12:25:32,766 is image_chunks is instance of list? True
2024-03-18 12:25:32,766 is input_dict is instance of dict? True
2024-03-18 12:25:34,047 Model Called
2024-03-18 12:25:34,047 RAM memory 61.3 used for Proforma_Invoice_27_0.png:
2024-03-18 12:25:34,047 is all_predictions is instance of list? True
2024-03-18 12:25:34,047 is all_boxes is instance of list? True
2024-03-18 12:25:34,048 is all_confidences is instance of list? True
2024-03-18 12:25:34,048 is all_text is instance of list? True
2024-03-18 12:25:34,048 is label2id is instance of dict? True
2024-03-18 12:25:34,048 is id2label is instance of dict? True
2024-03-18 12:25:34,049 is label2color is instance of dict? True
2024-03-18 12:25:34,049 label2color : {'transaction_date': '#347160', 'beneficiary_bank_swift': '#0C8DE7', 'unit': '#9609A8', 'gross_weight': '#451DEC', 'payment_terms': '#CA4198', 'date_of_invoice': '#2506E7', 'lc_ref_no': '#26A994', 'order_date': '#99C211', 'invoice_tax_amount': '#491E61', 'shipper_name': '#9A4531', 'freight_charges': '#BAB887', 'tolerance_of_quantity': '#8FA256', 'O': '#C4687C', 'transport_details': '#575D86', 'place_of_receipt': '#1D1B59', 'country_of_final_destination': '#6D7FAD', 'notify_party_name': '#972F85', 'remitter_country': '#DDB36C', 'beneficiary_country': '#B8BB9A', 'final_destination': '#5FFAB2', 'pre-carriage-by': '#19F342', 'invoice_no': '#EE07C3', 'insurance_charges': '#B50876', 'cosignee_name': '#CC01E1', 'tenor_indicator': '#4B166B', 'incoterm': '#EC2BD1', 'original_or_copy': '#FD8A6E', 'page_no': '#034A74', 'vessel_flight_no': '#F22605', 'beneficiary_bank_identifier': '#E8AA02', 'port_of_loading': '#CF0296', 'awb_number': '#492108', 'transaction_amonunt_value': '#B58EB3', 'shipper_address': '#67C6FB', 'goods_description': '#9A79E7', 'consignor_name': '#EE0B74', 'stamp': '#5F8F14', 'bill_of_lading_no': '#5F47A8', 'transhipment': '#B21E01', 'invoice_due_date': '#7FFD38', 'indicator_type': '#B2B4B1', 'importer_your_ref_no': '#6E59EE', 'rate_per_unit': '#809B44', 'beneficiary_bank_country': '#F6B5E9', 'notify_party_country': '#A47055', 'beneficiary_drawer_exporter_seller_supplier_tin': '#283421', 'signature': '#07F98D', 'invoice_amount': '#BA3B66', 'lc_date': '#6B3935', 'advance_amount': '#E23E78', 'beneficiary_address': '#FCBEB5', 'signature_of_the_issuer': '#91E87C', 'beneficiary_account_number': '#89EF77', 'signed_by': '#434489', 'from': '#C9C205', 'exporter_our_ref_no': '#F91358', 'remitter_drawee_applicant_importer_buyer_name': '#2555C5', 'packaging_description': '#4ACB71', 'notify_party_address': '#392F83', 'hs_code_no': '#2A4508', 'beneficiary_iban_number': '#1949A0', 'beneficiary_drawer_exporter_seller_supplier_name': '#E71676', 'beneficiary_bank_name': '#78B69B', 'delivery_terms': '#47F353', 'total_quantity_of_goods': '#851AC1', 'dimension': '#62E35E', 'invoice_amount_in_words': '#3BF9A4', 'invoice_discount_ccy': '#EFCBCC', 'declaration_by_issuer': '#6DF7B2', 'port_of_discharge': '#E5F0C0', 'total_pages': '#5AF0AC', 'usance_tenor': '#27F11A', 'amount_due': '#A31684', 'purchase_order_no_and_agreement_ref_no': '#F38F80', 'vessel_name': '#C510D3', 'indicator_date': '#2E21B1', 'invoice_tax_ccy': '#254B28', 'mode_of_despatch': '#3BED0E', 'net_weight': '#2F5D80', 'awb_date': '#6B8BD4', 'country_of_origin_of_goods': '#AB905B', 'invoice_currency': '#37634C', 'bill_of_lading_date': '#D766CB', 'shipment_date': '#009E37', 'consignee_address': '#EE66E3', 'invoice_discount_amount': '#9C2E2E', 'transaction_currency': '#E1D131', 'consignor_country': '#557646', 'to': '#8AB0A8', 'consignor_address': '#A0BEB7', 'remitter_address': '#93071A', 'drawer_ref_no': '#081658', 'tenor_type': '#106265', 'presentation_period': '#50BBEA'}
2024-03-18 12:25:34,173 is result_set is instance of dict? True
2024-03-18 12:25:34,174 is final_result_set is instance of dict? True
2024-03-18 12:25:34,344 Time taken for page 1 of Proforma_Invoice_27_0.png:0:00:01.939431
2024-03-18 12:25:34,485 *****Generated All Pages****** for Proforma_Invoice_27_0.png
2024-03-18 12:25:34,485 RAM memory 61.1 used for Proforma_Invoice_27_0.png Generating All Pages:
2024-03-18 12:25:34,485 Processing time taken for all pages of Proforma_Invoice_27_0.png1:0:00:02.080872
2024-03-18 12:25:34,597 file name is:Proforma_Invoice(2013_01_10_13_52_54_0394)_500_0.png
2024-03-18 12:25:34,597 folder path :Images
2024-03-18 12:25:34,597 Calling Image result
2024-03-18 12:25:34,597 is all_page_result is instance of dict? True
2024-03-18 12:25:34,597 STREAM b'IHDR' 16 13
2024-03-18 12:25:34,597 STREAM b'IDAT' 41 33782
2024-03-18 12:25:34,634 is words is instance of list? True
2024-03-18 12:25:34,634 is bboxes is instance of list? True
2024-03-18 12:25:34,634 is bounding_boxes is instance of list? True
2024-03-18 12:25:34,820 is input_id_chunks is instance of list? True
2024-03-18 12:25:34,820 is mask_chunks is instance of list? True
2024-03-18 12:25:34,820 is bbox_chunks is instance of list? True
2024-03-18 12:25:34,820 is image_chunks is instance of list? True
2024-03-18 12:25:34,820 is input_dict is instance of dict? True
2024-03-18 12:25:35,997 Model Called
2024-03-18 12:25:35,997 RAM memory 61.2 used for Proforma_Invoice(2013_01_10_13_52_54_0394)_500_0.png:
2024-03-18 12:25:35,997 is all_predictions is instance of list? True
2024-03-18 12:25:35,997 is all_boxes is instance of list? True
2024-03-18 12:25:35,997 is all_confidences is instance of list? True
2024-03-18 12:25:35,997 is all_text is instance of list? True
2024-03-18 12:25:35,998 is label2id is instance of dict? True
2024-03-18 12:25:35,998 is id2label is instance of dict? True
2024-03-18 12:25:35,999 is label2color is instance of dict? True
2024-03-18 12:25:35,999 label2color : {'transaction_date': '#FAD46A', 'beneficiary_bank_swift': '#5FF0AA', 'unit': '#DEBAEB', 'gross_weight': '#8DC072', 'payment_terms': '#6DEC47', 'date_of_invoice': '#1063BC', 'lc_ref_no': '#0136BC', 'order_date': '#744021', 'invoice_tax_amount': '#83DF3B', 'shipper_name': '#CBCE34', 'freight_charges': '#25A84F', 'tolerance_of_quantity': '#965AA6', 'O': '#BE1D83', 'transport_details': '#0C5C41', 'place_of_receipt': '#29A37B', 'country_of_final_destination': '#E44433', 'notify_party_name': '#5454A4', 'remitter_country': '#679525', 'beneficiary_country': '#377FD2', 'final_destination': '#E0FF38', 'pre-carriage-by': '#21CEE7', 'invoice_no': '#462D5E', 'insurance_charges': '#4EF07A', 'cosignee_name': '#658CF4', 'tenor_indicator': '#C6AB6E', 'incoterm': '#936922', 'original_or_copy': '#9B0E3D', 'page_no': '#AF55D0', 'vessel_flight_no': '#57E3C2', 'beneficiary_bank_identifier': '#60222D', 'port_of_loading': '#079FA5', 'awb_number': '#5764E4', 'transaction_amonunt_value': '#3451E8', 'shipper_address': '#CA7DEE', 'goods_description': '#29E0F9', 'consignor_name': '#B5C3A5', 'stamp': '#AF15F4', 'bill_of_lading_no': '#04A534', 'transhipment': '#87CD41', 'invoice_due_date': '#1E6DDD', 'indicator_type': '#0FA4C1', 'importer_your_ref_no': '#560DF2', 'rate_per_unit': '#D0DB55', 'beneficiary_bank_country': '#CBBBE9', 'notify_party_country': '#0620FA', 'beneficiary_drawer_exporter_seller_supplier_tin': '#B5DC0F', 'signature': '#EDD182', 'invoice_amount': '#9D036B', 'lc_date': '#E94FBB', 'advance_amount': '#CC51C0', 'beneficiary_address': '#4AACA8', 'signature_of_the_issuer': '#77D7F2', 'beneficiary_account_number': '#2BEEB5', 'signed_by': '#54AA09', 'from': '#318169', 'exporter_our_ref_no': '#ED7AED', 'remitter_drawee_applicant_importer_buyer_name': '#F0B6C7', 'packaging_description': '#28DA2A', 'notify_party_address': '#B47777', 'hs_code_no': '#8E32B3', 'beneficiary_iban_number': '#4BEA97', 'beneficiary_drawer_exporter_seller_supplier_name': '#BCC612', 'beneficiary_bank_name': '#80E964', 'delivery_terms': '#A7A5ED', 'total_quantity_of_goods': '#21C7B5', 'dimension': '#3B75E5', 'invoice_amount_in_words': '#DC16BE', 'invoice_discount_ccy': '#AE032B', 'declaration_by_issuer': '#EBACD2', 'port_of_discharge': '#738B6E', 'total_pages': '#E3A15F', 'usance_tenor': '#AC4AC9', 'amount_due': '#ECB74B', 'purchase_order_no_and_agreement_ref_no': '#164174', 'vessel_name': '#0416FD', 'indicator_date': '#613559', 'invoice_tax_ccy': '#9ECDAA', 'mode_of_despatch': '#F0E979', 'net_weight': '#E2C461', 'awb_date': '#F13DF9', 'country_of_origin_of_goods': '#C59548', 'invoice_currency': '#FDE83B', 'bill_of_lading_date': '#A48A24', 'shipment_date': '#CD9635', 'consignee_address': '#070C22', 'invoice_discount_amount': '#978601', 'transaction_currency': '#66BF56', 'consignor_country': '#651422', 'to': '#A502EF', 'consignor_address': '#E8CF0B', 'remitter_address': '#2A1DF9', 'drawer_ref_no': '#6CEF30', 'tenor_type': '#AE83DF', 'presentation_period': '#6F6AC1'}
2024-03-18 12:25:36,140 is result_set is instance of dict? True
2024-03-18 12:25:36,141 is final_result_set is instance of dict? True
2024-03-18 12:25:36,246 Time taken for page 1 of Proforma_Invoice(2013_01_10_13_52_54_0394)_500_0.png:0:00:01.648849
2024-03-18 12:25:36,344 *****Generated All Pages****** for Proforma_Invoice(2013_01_10_13_52_54_0394)_500_0.png
2024-03-18 12:25:36,344 RAM memory 61.0 used for Proforma_Invoice(2013_01_10_13_52_54_0394)_500_0.png Generating All Pages:
2024-03-18 12:25:36,344 Processing time taken for all pages of Proforma_Invoice(2013_01_10_13_52_54_0394)_500_0.png1:0:00:01.747320
2024-03-18 12:25:36,456 file name is:Proforma_Invoice_23_0.png
2024-03-18 12:25:36,456 folder path :Images
2024-03-18 12:25:36,456 Calling Image result
2024-03-18 12:25:36,456 is all_page_result is instance of dict? True
2024-03-18 12:25:36,456 STREAM b'IHDR' 16 13
2024-03-18 12:25:36,456 STREAM b'IDAT' 41 57591
2024-03-18 12:25:36,499 is words is instance of list? True
2024-03-18 12:25:36,499 is bboxes is instance of list? True
2024-03-18 12:25:36,499 is bounding_boxes is instance of list? True
2024-03-18 12:25:36,748 is input_id_chunks is instance of list? True
2024-03-18 12:25:36,749 is mask_chunks is instance of list? True
2024-03-18 12:25:36,749 is bbox_chunks is instance of list? True
2024-03-18 12:25:36,749 is image_chunks is instance of list? True
2024-03-18 12:25:36,750 is input_dict is instance of dict? True
2024-03-18 12:25:39,275 Model Called
2024-03-18 12:25:39,275 RAM memory 66.8 used for Proforma_Invoice_23_0.png:
2024-03-18 12:25:39,275 is all_predictions is instance of list? True
2024-03-18 12:25:39,275 is all_boxes is instance of list? True
2024-03-18 12:25:39,276 is all_confidences is instance of list? True
2024-03-18 12:25:39,276 is all_text is instance of list? True
2024-03-18 12:25:39,276 is label2id is instance of dict? True
2024-03-18 12:25:39,276 is id2label is instance of dict? True
2024-03-18 12:25:39,277 is label2color is instance of dict? True
2024-03-18 12:25:39,277 label2color : {'transaction_date': '#3622FA', 'beneficiary_bank_swift': '#F63B93', 'unit': '#A5B863', 'gross_weight': '#179C33', 'payment_terms': '#B5AB56', 'date_of_invoice': '#22F348', 'lc_ref_no': '#389E35', 'order_date': '#44915B', 'invoice_tax_amount': '#A192A2', 'shipper_name': '#B5D52A', 'freight_charges': '#7DBD0D', 'tolerance_of_quantity': '#A1FE5E', 'O': '#CB4107', 'transport_details': '#407C22', 'place_of_receipt': '#79CD8D', 'country_of_final_destination': '#55B56A', 'notify_party_name': '#2EFE08', 'remitter_country': '#88D171', 'beneficiary_country': '#F4F803', 'final_destination': '#6DCF09', 'pre-carriage-by': '#C9D4B8', 'invoice_no': '#53B153', 'insurance_charges': '#180FEA', 'cosignee_name': '#0025D1', 'tenor_indicator': '#52619B', 'incoterm': '#7293F8', 'original_or_copy': '#D5876A', 'page_no': '#A4E91C', 'vessel_flight_no': '#169EDA', 'beneficiary_bank_identifier': '#7860F3', 'port_of_loading': '#B55212', 'awb_number': '#DA1B1B', 'transaction_amonunt_value': '#6DB4EE', 'shipper_address': '#D0F75F', 'goods_description': '#893C08', 'consignor_name': '#DA0AC8', 'stamp': '#890DBC', 'bill_of_lading_no': '#3C67D8', 'transhipment': '#A2E844', 'invoice_due_date': '#0ECAD5', 'indicator_type': '#521437', 'importer_your_ref_no': '#A2D2A4', 'rate_per_unit': '#7A7B7D', 'beneficiary_bank_country': '#C330E7', 'notify_party_country': '#824C3A', 'beneficiary_drawer_exporter_seller_supplier_tin': '#A4F8FC', 'signature': '#CF9DB3', 'invoice_amount': '#D5DC56', 'lc_date': '#4BD2AD', 'advance_amount': '#E415EF', 'beneficiary_address': '#E80EB5', 'signature_of_the_issuer': '#2F0B1A', 'beneficiary_account_number': '#EED994', 'signed_by': '#F5225B', 'from': '#90F6B6', 'exporter_our_ref_no': '#3B0571', 'remitter_drawee_applicant_importer_buyer_name': '#79E189', 'packaging_description': '#83BF6B', 'notify_party_address': '#D4C4FE', 'hs_code_no': '#ED0D33', 'beneficiary_iban_number': '#84B651', 'beneficiary_drawer_exporter_seller_supplier_name': '#EE8AFB', 'beneficiary_bank_name': '#F90573', 'delivery_terms': '#F43B5D', 'total_quantity_of_goods': '#1ED1CF', 'dimension': '#191958', 'invoice_amount_in_words': '#9EACF8', 'invoice_discount_ccy': '#4B0D29', 'declaration_by_issuer': '#CC0179', 'port_of_discharge': '#9558C6', 'total_pages': '#DE65C6', 'usance_tenor': '#645CF4', 'amount_due': '#14CE3E', 'purchase_order_no_and_agreement_ref_no': '#5FEC86', 'vessel_name': '#19E851', 'indicator_date': '#DCF1DE', 'invoice_tax_ccy': '#ECDE09', 'mode_of_despatch': '#17CE83', 'net_weight': '#077011', 'awb_date': '#D36B6E', 'country_of_origin_of_goods': '#FA5484', 'invoice_currency': '#477892', 'bill_of_lading_date': '#672AA4', 'shipment_date': '#5A324F', 'consignee_address': '#36FE3B', 'invoice_discount_amount': '#777D49', 'transaction_currency': '#414736', 'consignor_country': '#1EBCFB', 'to': '#F3A9F1', 'consignor_address': '#E312D5', 'remitter_address': '#DA724B', 'drawer_ref_no': '#24E4FD', 'tenor_type': '#2F6149', 'presentation_period': '#24853F'}
2024-03-18 12:25:39,460 is result_set is instance of dict? True
2024-03-18 12:25:39,461 is final_result_set is instance of dict? True
2024-03-18 12:25:39,633 Time taken for page 1 of Proforma_Invoice_23_0.png:0:00:03.176741
2024-03-18 12:25:39,765 *****Generated All Pages****** for Proforma_Invoice_23_0.png
2024-03-18 12:25:39,765 RAM memory 66.8 used for Proforma_Invoice_23_0.png Generating All Pages:
2024-03-18 12:25:39,765 Processing time taken for all pages of Proforma_Invoice_23_0.png1:0:00:03.309560
2024-03-18 12:25:39,912 file name is:Proforma_Invoice(2013_04_17_14_00_41_9003)_303_0.png
2024-03-18 12:25:39,913 folder path :Images
2024-03-18 12:25:39,913 Calling Image result
2024-03-18 12:25:39,913 is all_page_result is instance of dict? True
2024-03-18 12:25:39,913 STREAM b'IHDR' 16 13
2024-03-18 12:25:39,913 STREAM b'IDAT' 41 65536
2024-03-18 12:25:39,991 is words is instance of list? True
2024-03-18 12:25:39,991 is bboxes is instance of list? True
2024-03-18 12:25:39,991 is bounding_boxes is instance of list? True
2024-03-18 12:25:40,413 is input_id_chunks is instance of list? True
2024-03-18 12:25:40,413 is mask_chunks is instance of list? True
2024-03-18 12:25:40,413 is bbox_chunks is instance of list? True
2024-03-18 12:25:40,413 is image_chunks is instance of list? True
2024-03-18 12:25:40,414 is input_dict is instance of dict? True
2024-03-18 12:25:43,262 Model Called
2024-03-18 12:25:43,262 RAM memory 67.2 used for Proforma_Invoice(2013_04_17_14_00_41_9003)_303_0.png:
2024-03-18 12:25:43,263 is all_predictions is instance of list? True
2024-03-18 12:25:43,263 is all_boxes is instance of list? True
2024-03-18 12:25:43,263 is all_confidences is instance of list? True
2024-03-18 12:25:43,263 is all_text is instance of list? True
2024-03-18 12:25:43,263 is label2id is instance of dict? True
2024-03-18 12:25:43,263 is id2label is instance of dict? True
2024-03-18 12:25:43,264 is label2color is instance of dict? True
2024-03-18 12:25:43,264 label2color : {'transaction_date': '#8E59BD', 'beneficiary_bank_swift': '#4879EA', 'unit': '#13C52A', 'gross_weight': '#8578EF', 'payment_terms': '#EB1596', 'date_of_invoice': '#8105F0', 'lc_ref_no': '#DA769F', 'order_date': '#C5A47B', 'invoice_tax_amount': '#093917', 'shipper_name': '#0D7EF7', 'freight_charges': '#4617BF', 'tolerance_of_quantity': '#B943C3', 'O': '#9C5F25', 'transport_details': '#A8C902', 'place_of_receipt': '#85EE18', 'country_of_final_destination': '#9E5998', 'notify_party_name': '#5F35D6', 'remitter_country': '#7E44E6', 'beneficiary_country': '#61E4B6', 'final_destination': '#ABC97B', 'pre-carriage-by': '#4EFE97', 'invoice_no': '#B18AFD', 'insurance_charges': '#FD4963', 'cosignee_name': '#55E77B', 'tenor_indicator': '#3AC9C5', 'incoterm': '#92CDAF', 'original_or_copy': '#8DFF86', 'page_no': '#28BEA4', 'vessel_flight_no': '#0B803E', 'beneficiary_bank_identifier': '#440A7E', 'port_of_loading': '#E79721', 'awb_number': '#9615EA', 'transaction_amonunt_value': '#E47C6C', 'shipper_address': '#D47153', 'goods_description': '#A71ED6', 'consignor_name': '#27F154', 'stamp': '#1AE116', 'bill_of_lading_no': '#96482C', 'transhipment': '#F05108', 'invoice_due_date': '#852AB7', 'indicator_type': '#81DC8E', 'importer_your_ref_no': '#120EBA', 'rate_per_unit': '#445C29', 'beneficiary_bank_country': '#8F4C08', 'notify_party_country': '#F5A17D', 'beneficiary_drawer_exporter_seller_supplier_tin': '#C990E4', 'signature': '#E6E4D8', 'invoice_amount': '#09ABB6', 'lc_date': '#1390CA', 'advance_amount': '#C173AB', 'beneficiary_address': '#AD73BA', 'signature_of_the_issuer': '#086ACD', 'beneficiary_account_number': '#5D7227', 'signed_by': '#C34892', 'from': '#B5D5CB', 'exporter_our_ref_no': '#FC95A1', 'remitter_drawee_applicant_importer_buyer_name': '#5C5D31', 'packaging_description': '#415E96', 'notify_party_address': '#D4C4D4', 'hs_code_no': '#3043E7', 'beneficiary_iban_number': '#4A3357', 'beneficiary_drawer_exporter_seller_supplier_name': '#225467', 'beneficiary_bank_name': '#684277', 'delivery_terms': '#7CF84F', 'total_quantity_of_goods': '#101D52', 'dimension': '#432B47', 'invoice_amount_in_words': '#AD5F06', 'invoice_discount_ccy': '#69A790', 'declaration_by_issuer': '#18F027', 'port_of_discharge': '#EE34F6', 'total_pages': '#DD2B74', 'usance_tenor': '#39E692', 'amount_due': '#DE36FE', 'purchase_order_no_and_agreement_ref_no': '#8C7918', 'vessel_name': '#EA800C', 'indicator_date': '#09F050', 'invoice_tax_ccy': '#36FEC1', 'mode_of_despatch': '#1F06DA', 'net_weight': '#5C0799', 'awb_date': '#2DF3A6', 'country_of_origin_of_goods': '#92D875', 'invoice_currency': '#11DF75', 'bill_of_lading_date': '#89472B', 'shipment_date': '#532AE0', 'consignee_address': '#A992D4', 'invoice_discount_amount': '#5BA6BC', 'transaction_currency': '#780BE1', 'consignor_country': '#FCE2DB', 'to': '#19867A', 'consignor_address': '#87EE0E', 'remitter_address': '#1CC483', 'drawer_ref_no': '#4B0E7A', 'tenor_type': '#E5EABA', 'presentation_period': '#C46528'}
2024-03-18 12:25:43,684 is result_set is instance of dict? True
2024-03-18 12:25:43,685 is final_result_set is instance of dict? True
2024-03-18 12:25:43,849 Time taken for page 1 of Proforma_Invoice(2013_04_17_14_00_41_9003)_303_0.png:0:00:03.935369
2024-03-18 12:25:44,069 *****Generated All Pages****** for Proforma_Invoice(2013_04_17_14_00_41_9003)_303_0.png
2024-03-18 12:25:44,069 RAM memory 67.4 used for Proforma_Invoice(2013_04_17_14_00_41_9003)_303_0.png Generating All Pages:
2024-03-18 12:25:44,069 Processing time taken for all pages of Proforma_Invoice(2013_04_17_14_00_41_9003)_303_0.png1:0:00:04.156293
2024-03-18 12:25:44,207 file name is:Proforma_Invoice(2013_01_10_13_54_44_8582)_506_0.png
2024-03-18 12:25:44,207 folder path :Images
2024-03-18 12:25:44,207 Calling Image result
2024-03-18 12:25:44,207 is all_page_result is instance of dict? True
2024-03-18 12:25:44,208 STREAM b'IHDR' 16 13
2024-03-18 12:25:44,208 STREAM b'IDAT' 41 34584
2024-03-18 12:25:44,242 is words is instance of list? True
2024-03-18 12:25:44,242 is bboxes is instance of list? True
2024-03-18 12:25:44,242 is bounding_boxes is instance of list? True
2024-03-18 12:25:44,428 is input_id_chunks is instance of list? True
2024-03-18 12:25:44,429 is mask_chunks is instance of list? True
2024-03-18 12:25:44,429 is bbox_chunks is instance of list? True
2024-03-18 12:25:44,429 is image_chunks is instance of list? True
2024-03-18 12:25:44,429 is input_dict is instance of dict? True
2024-03-18 12:25:45,546 Model Called
2024-03-18 12:25:45,546 RAM memory 60.8 used for Proforma_Invoice(2013_01_10_13_54_44_8582)_506_0.png:
2024-03-18 12:25:45,546 is all_predictions is instance of list? True
2024-03-18 12:25:45,547 is all_boxes is instance of list? True
2024-03-18 12:25:45,547 is all_confidences is instance of list? True
2024-03-18 12:25:45,547 is all_text is instance of list? True
2024-03-18 12:25:45,547 is label2id is instance of dict? True
2024-03-18 12:25:45,547 is id2label is instance of dict? True
2024-03-18 12:25:45,548 is label2color is instance of dict? True
2024-03-18 12:25:45,549 label2color : {'transaction_date': '#448A7A', 'beneficiary_bank_swift': '#DDE133', 'unit': '#C66F25', 'gross_weight': '#6116AE', 'payment_terms': '#04BF33', 'date_of_invoice': '#6C4B48', 'lc_ref_no': '#7EA284', 'order_date': '#C604C5', 'invoice_tax_amount': '#97609F', 'shipper_name': '#FFEAC9', 'freight_charges': '#7BE0A7', 'tolerance_of_quantity': '#8264B5', 'O': '#D2B667', 'transport_details': '#C0A48B', 'place_of_receipt': '#77C6FE', 'country_of_final_destination': '#509EC6', 'notify_party_name': '#2338BC', 'remitter_country': '#6FB515', 'beneficiary_country': '#D42EC2', 'final_destination': '#57A6E9', 'pre-carriage-by': '#5334DF', 'invoice_no': '#774154', 'insurance_charges': '#83B58B', 'cosignee_name': '#058350', 'tenor_indicator': '#0FF8D9', 'incoterm': '#B1C6F0', 'original_or_copy': '#60C825', 'page_no': '#D4F934', 'vessel_flight_no': '#833351', 'beneficiary_bank_identifier': '#C86279', 'port_of_loading': '#EA6A0F', 'awb_number': '#48BA55', 'transaction_amonunt_value': '#891232', 'shipper_address': '#505ADF', 'goods_description': '#E1BEC1', 'consignor_name': '#4C5703', 'stamp': '#D223EE', 'bill_of_lading_no': '#48D2AF', 'transhipment': '#AAB4A1', 'invoice_due_date': '#D686B0', 'indicator_type': '#66C845', 'importer_your_ref_no': '#057D65', 'rate_per_unit': '#88B1F3', 'beneficiary_bank_country': '#A6B27F', 'notify_party_country': '#1A2D1F', 'beneficiary_drawer_exporter_seller_supplier_tin': '#2FF519', 'signature': '#EACB34', 'invoice_amount': '#FF032B', 'lc_date': '#BBF3F9', 'advance_amount': '#0F97D7', 'beneficiary_address': '#D70D70', 'signature_of_the_issuer': '#184AD6', 'beneficiary_account_number': '#E1F421', 'signed_by': '#2943DF', 'from': '#C34EB2', 'exporter_our_ref_no': '#3A962A', 'remitter_drawee_applicant_importer_buyer_name': '#F637E4', 'packaging_description': '#6C50D8', 'notify_party_address': '#B61FBF', 'hs_code_no': '#589DCE', 'beneficiary_iban_number': '#226659', 'beneficiary_drawer_exporter_seller_supplier_name': '#AC2226', 'beneficiary_bank_name': '#6109E8', 'delivery_terms': '#868473', 'total_quantity_of_goods': '#901AC2', 'dimension': '#BAFFCA', 'invoice_amount_in_words': '#525260', 'invoice_discount_ccy': '#0EFD2A', 'declaration_by_issuer': '#E1DBD2', 'port_of_discharge': '#DC2755', 'total_pages': '#34F2B7', 'usance_tenor': '#BF1B50', 'amount_due': '#611D17', 'purchase_order_no_and_agreement_ref_no': '#51A689', 'vessel_name': '#CECB72', 'indicator_date': '#8C2F1E', 'invoice_tax_ccy': '#7845B2', 'mode_of_despatch': '#944872', 'net_weight': '#8EEEBB', 'awb_date': '#733D2D', 'country_of_origin_of_goods': '#7040D5', 'invoice_currency': '#2736A1', 'bill_of_lading_date': '#89F76C', 'shipment_date': '#61F478', 'consignee_address': '#78256E', 'invoice_discount_amount': '#35B2C3', 'transaction_currency': '#829C5F', 'consignor_country': '#BC823A', 'to': '#7C396A', 'consignor_address': '#636D6F', 'remitter_address': '#A9C808', 'drawer_ref_no': '#6C721A', 'tenor_type': '#D58748', 'presentation_period': '#2D64D9'}
2024-03-18 12:25:45,671 is result_set is instance of dict? True
2024-03-18 12:25:45,671 is final_result_set is instance of dict? True
2024-03-18 12:25:45,787 Time taken for page 1 of Proforma_Invoice(2013_01_10_13_54_44_8582)_506_0.png:0:00:01.579199
2024-03-18 12:25:45,880 *****Generated All Pages****** for Proforma_Invoice(2013_01_10_13_54_44_8582)_506_0.png
2024-03-18 12:25:45,880 RAM memory 60.9 used for Proforma_Invoice(2013_01_10_13_54_44_8582)_506_0.png Generating All Pages:
2024-03-18 12:25:45,880 Processing time taken for all pages of Proforma_Invoice(2013_01_10_13_54_44_8582)_506_0.png1:0:00:01.673119
2024-03-18 12:25:45,990 file name is:Proforma_Invoice_22_1.png
2024-03-18 12:25:45,990 folder path :Images
2024-03-18 12:25:45,990 Calling Image result
2024-03-18 12:25:45,990 is all_page_result is instance of dict? True
2024-03-18 12:25:45,990 STREAM b'IHDR' 16 13
2024-03-18 12:25:45,990 STREAM b'IDAT' 41 17977
2024-03-18 12:25:46,009 is words is instance of list? True
2024-03-18 12:25:46,009 is bboxes is instance of list? True
2024-03-18 12:25:46,009 is bounding_boxes is instance of list? True
2024-03-18 12:25:46,067 is input_id_chunks is instance of list? True
2024-03-18 12:25:46,067 is mask_chunks is instance of list? True
2024-03-18 12:25:46,067 is bbox_chunks is instance of list? True
2024-03-18 12:25:46,067 is image_chunks is instance of list? True
2024-03-18 12:25:46,068 is input_dict is instance of dict? True
2024-03-18 12:25:47,201 Model Called
2024-03-18 12:25:47,201 RAM memory 60.9 used for Proforma_Invoice_22_1.png:
2024-03-18 12:25:47,201 is all_predictions is instance of list? True
2024-03-18 12:25:47,201 is all_boxes is instance of list? True
2024-03-18 12:25:47,201 is all_confidences is instance of list? True
2024-03-18 12:25:47,201 is all_text is instance of list? True
2024-03-18 12:25:47,202 is label2id is instance of dict? True
2024-03-18 12:25:47,202 is id2label is instance of dict? True
2024-03-18 12:25:47,203 is label2color is instance of dict? True
2024-03-18 12:25:47,203 label2color : {'transaction_date': '#112AE1', 'beneficiary_bank_swift': '#0518F8', 'unit': '#3E84B5', 'gross_weight': '#68BC5C', 'payment_terms': '#441821', 'date_of_invoice': '#728191', 'lc_ref_no': '#2C6D3D', 'order_date': '#F4CA23', 'invoice_tax_amount': '#C62060', 'shipper_name': '#23D9CD', 'freight_charges': '#C56605', 'tolerance_of_quantity': '#1F20C9', 'O': '#8DE99F', 'transport_details': '#3373F3', 'place_of_receipt': '#0A1BE2', 'country_of_final_destination': '#652C2D', 'notify_party_name': '#490C0E', 'remitter_country': '#42BEE4', 'beneficiary_country': '#B1C419', 'final_destination': '#212F41', 'pre-carriage-by': '#3E6271', 'invoice_no': '#D30A69', 'insurance_charges': '#971D9D', 'cosignee_name': '#33975E', 'tenor_indicator': '#E88069', 'incoterm': '#5C84DD', 'original_or_copy': '#A1FB02', 'page_no': '#249AD9', 'vessel_flight_no': '#D7B239', 'beneficiary_bank_identifier': '#1A01C1', 'port_of_loading': '#5E4488', 'awb_number': '#E00A1E', 'transaction_amonunt_value': '#326FEE', 'shipper_address': '#B958E7', 'goods_description': '#16C448', 'consignor_name': '#ADE24C', 'stamp': '#1D590B', 'bill_of_lading_no': '#1B9524', 'transhipment': '#DEDEFA', 'invoice_due_date': '#6133D9', 'indicator_type': '#67EA3C', 'importer_your_ref_no': '#61CC4C', 'rate_per_unit': '#CCE2AA', 'beneficiary_bank_country': '#62986B', 'notify_party_country': '#AC8729', 'beneficiary_drawer_exporter_seller_supplier_tin': '#67AB95', 'signature': '#E13BA7', 'invoice_amount': '#66AF14', 'lc_date': '#10DF89', 'advance_amount': '#5E1428', 'beneficiary_address': '#BEA18F', 'signature_of_the_issuer': '#F55176', 'beneficiary_account_number': '#F91B97', 'signed_by': '#F0DADD', 'from': '#B9901B', 'exporter_our_ref_no': '#0ADEA7', 'remitter_drawee_applicant_importer_buyer_name': '#36C3F8', 'packaging_description': '#38096F', 'notify_party_address': '#44A8FD', 'hs_code_no': '#860B3F', 'beneficiary_iban_number': '#941804', 'beneficiary_drawer_exporter_seller_supplier_name': '#882747', 'beneficiary_bank_name': '#4C6850', 'delivery_terms': '#A0AC3A', 'total_quantity_of_goods': '#3481AA', 'dimension': '#2AC8E2', 'invoice_amount_in_words': '#FD984D', 'invoice_discount_ccy': '#2F1B6F', 'declaration_by_issuer': '#765ACC', 'port_of_discharge': '#783D7F', 'total_pages': '#272B26', 'usance_tenor': '#C396E7', 'amount_due': '#01DFD2', 'purchase_order_no_and_agreement_ref_no': '#CA899F', 'vessel_name': '#A2D3D4', 'indicator_date': '#AB50CC', 'invoice_tax_ccy': '#8EDF0F', 'mode_of_despatch': '#0647F8', 'net_weight': '#52FBB0', 'awb_date': '#96E2F9', 'country_of_origin_of_goods': '#71B4D1', 'invoice_currency': '#6EA3A0', 'bill_of_lading_date': '#D6BBA9', 'shipment_date': '#1649A8', 'consignee_address': '#1332FF', 'invoice_discount_amount': '#A8A344', 'transaction_currency': '#6B39FD', 'consignor_country': '#6FE9D4', 'to': '#E4B653', 'consignor_address': '#343B10', 'remitter_address': '#C33179', 'drawer_ref_no': '#F3466C', 'tenor_type': '#BBF6AD', 'presentation_period': '#7F547E'}
2024-03-18 12:25:47,238 is result_set is instance of dict? True
2024-03-18 12:25:47,239 is final_result_set is instance of dict? True
2024-03-18 12:25:47,354 Time taken for page 1 of Proforma_Invoice_22_1.png:0:00:01.363956
2024-03-18 12:25:47,387 *****Generated All Pages****** for Proforma_Invoice_22_1.png
2024-03-18 12:25:47,388 RAM memory 60.9 used for Proforma_Invoice_22_1.png Generating All Pages:
2024-03-18 12:25:47,388 Processing time taken for all pages of Proforma_Invoice_22_1.png1:0:00:01.397699
2024-03-18 12:25:47,498 file name is:Proforma_Invoice(2013_01_10_13_54_13_1046)_504_0.png
2024-03-18 12:25:47,498 folder path :Images
2024-03-18 12:25:47,498 Calling Image result
2024-03-18 12:25:47,498 is all_page_result is instance of dict? True
2024-03-18 12:25:47,498 STREAM b'IHDR' 16 13
2024-03-18 12:25:47,498 STREAM b'IDAT' 41 33152
2024-03-18 12:25:47,534 is words is instance of list? True
2024-03-18 12:25:47,534 is bboxes is instance of list? True
2024-03-18 12:25:47,534 is bounding_boxes is instance of list? True
2024-03-18 12:25:47,728 is input_id_chunks is instance of list? True
2024-03-18 12:25:47,728 is mask_chunks is instance of list? True
2024-03-18 12:25:47,728 is bbox_chunks is instance of list? True
2024-03-18 12:25:47,728 is image_chunks is instance of list? True
2024-03-18 12:25:47,729 is input_dict is instance of dict? True
2024-03-18 12:25:48,866 Model Called
2024-03-18 12:25:48,867 RAM memory 60.8 used for Proforma_Invoice(2013_01_10_13_54_13_1046)_504_0.png:
2024-03-18 12:25:48,867 is all_predictions is instance of list? True
2024-03-18 12:25:48,867 is all_boxes is instance of list? True
2024-03-18 12:25:48,867 is all_confidences is instance of list? True
2024-03-18 12:25:48,867 is all_text is instance of list? True
2024-03-18 12:25:48,867 is label2id is instance of dict? True
2024-03-18 12:25:48,867 is id2label is instance of dict? True
2024-03-18 12:25:48,868 is label2color is instance of dict? True
2024-03-18 12:25:48,868 label2color : {'transaction_date': '#ADF5AF', 'beneficiary_bank_swift': '#CD6194', 'unit': '#6A4B2E', 'gross_weight': '#8DADFD', 'payment_terms': '#3CCCE2', 'date_of_invoice': '#A4E519', 'lc_ref_no': '#DA2FBB', 'order_date': '#491B44', 'invoice_tax_amount': '#3D76D3', 'shipper_name': '#356718', 'freight_charges': '#16213B', 'tolerance_of_quantity': '#61D89C', 'O': '#D4F5DD', 'transport_details': '#E67D66', 'place_of_receipt': '#FBDB22', 'country_of_final_destination': '#1AE009', 'notify_party_name': '#14C46A', 'remitter_country': '#A5B2B9', 'beneficiary_country': '#B3D96F', 'final_destination': '#EBF5EB', 'pre-carriage-by': '#162163', 'invoice_no': '#7882B1', 'insurance_charges': '#97F072', 'cosignee_name': '#F171EE', 'tenor_indicator': '#2C5508', 'incoterm': '#AEB84A', 'original_or_copy': '#3DCACA', 'page_no': '#E3268E', 'vessel_flight_no': '#5EE4A0', 'beneficiary_bank_identifier': '#11621B', 'port_of_loading': '#CD75A4', 'awb_number': '#DE5653', 'transaction_amonunt_value': '#261B81', 'shipper_address': '#5B668B', 'goods_description': '#86B830', 'consignor_name': '#2B01FC', 'stamp': '#8ABAC5', 'bill_of_lading_no': '#26706B', 'transhipment': '#70057D', 'invoice_due_date': '#AE0373', 'indicator_type': '#4C83A6', 'importer_your_ref_no': '#DF7380', 'rate_per_unit': '#92625E', 'beneficiary_bank_country': '#5978EC', 'notify_party_country': '#7E771A', 'beneficiary_drawer_exporter_seller_supplier_tin': '#0B7C29', 'signature': '#1BA919', 'invoice_amount': '#8D88BE', 'lc_date': '#82751B', 'advance_amount': '#263866', 'beneficiary_address': '#05C6FA', 'signature_of_the_issuer': '#E85AE9', 'beneficiary_account_number': '#39AEC5', 'signed_by': '#CEB8AA', 'from': '#BFB699', 'exporter_our_ref_no': '#263A38', 'remitter_drawee_applicant_importer_buyer_name': '#4F2872', 'packaging_description': '#6AC8BB', 'notify_party_address': '#500016', 'hs_code_no': '#B8F11F', 'beneficiary_iban_number': '#DF3129', 'beneficiary_drawer_exporter_seller_supplier_name': '#ACE163', 'beneficiary_bank_name': '#62B941', 'delivery_terms': '#52AEB0', 'total_quantity_of_goods': '#1215C3', 'dimension': '#E02185', 'invoice_amount_in_words': '#CEF4F9', 'invoice_discount_ccy': '#40D589', 'declaration_by_issuer': '#661C0D', 'port_of_discharge': '#1EAF64', 'total_pages': '#E1186D', 'usance_tenor': '#84885C', 'amount_due': '#E9A1C2', 'purchase_order_no_and_agreement_ref_no': '#95DB63', 'vessel_name': '#284D8A', 'indicator_date': '#52BCCA', 'invoice_tax_ccy': '#960766', 'mode_of_despatch': '#212035', 'net_weight': '#570364', 'awb_date': '#6913D7', 'country_of_origin_of_goods': '#254A01', 'invoice_currency': '#734B8B', 'bill_of_lading_date': '#B5AC59', 'shipment_date': '#F106DB', 'consignee_address': '#4FB3F0', 'invoice_discount_amount': '#42FC47', 'transaction_currency': '#834B8E', 'consignor_country': '#2634FC', 'to': '#E3BCC0', 'consignor_address': '#B777DE', 'remitter_address': '#59C791', 'drawer_ref_no': '#8EB9A6', 'tenor_type': '#899A1E', 'presentation_period': '#BF2B99'}
2024-03-18 12:25:49,019 is result_set is instance of dict? True
2024-03-18 12:25:49,020 is final_result_set is instance of dict? True
2024-03-18 12:25:49,136 Time taken for page 1 of Proforma_Invoice(2013_01_10_13_54_13_1046)_504_0.png:0:00:01.637959
2024-03-18 12:25:49,259 *****Generated All Pages****** for Proforma_Invoice(2013_01_10_13_54_13_1046)_504_0.png
2024-03-18 12:25:49,259 RAM memory 60.7 used for Proforma_Invoice(2013_01_10_13_54_13_1046)_504_0.png Generating All Pages:
2024-03-18 12:25:49,259 Processing time taken for all pages of Proforma_Invoice(2013_01_10_13_54_13_1046)_504_0.png1:0:00:01.761031
2024-03-18 12:25:49,419 file name is:Proforma_Invoice_13_0.png
2024-03-18 12:25:49,419 folder path :Images
2024-03-18 12:25:49,419 Calling Image result
2024-03-18 12:25:49,419 is all_page_result is instance of dict? True
2024-03-18 12:25:49,419 STREAM b'IHDR' 16 13
2024-03-18 12:25:49,419 STREAM b'IDAT' 41 28022
2024-03-18 12:25:49,463 is words is instance of list? True
2024-03-18 12:25:49,463 is bboxes is instance of list? True
2024-03-18 12:25:49,463 is bounding_boxes is instance of list? True
2024-03-18 12:25:49,718 is input_id_chunks is instance of list? True
2024-03-18 12:25:49,718 is mask_chunks is instance of list? True
2024-03-18 12:25:49,718 is bbox_chunks is instance of list? True
2024-03-18 12:25:49,718 is image_chunks is instance of list? True
2024-03-18 12:25:49,718 is input_dict is instance of dict? True
2024-03-18 12:25:50,909 Model Called
2024-03-18 12:25:50,909 RAM memory 60.8 used for Proforma_Invoice_13_0.png:
2024-03-18 12:25:50,909 is all_predictions is instance of list? True
2024-03-18 12:25:50,909 is all_boxes is instance of list? True
2024-03-18 12:25:50,909 is all_confidences is instance of list? True
2024-03-18 12:25:50,909 is all_text is instance of list? True
2024-03-18 12:25:50,910 is label2id is instance of dict? True
2024-03-18 12:25:50,910 is id2label is instance of dict? True
2024-03-18 12:25:50,911 is label2color is instance of dict? True
2024-03-18 12:25:50,911 label2color : {'transaction_date': '#ABC7DA', 'beneficiary_bank_swift': '#E36C71', 'unit': '#D25D50', 'gross_weight': '#6D3685', 'payment_terms': '#F7D4E8', 'date_of_invoice': '#D77C63', 'lc_ref_no': '#6A44AE', 'order_date': '#296500', 'invoice_tax_amount': '#88C75F', 'shipper_name': '#1801E9', 'freight_charges': '#B35684', 'tolerance_of_quantity': '#CEEAC6', 'O': '#079396', 'transport_details': '#A1E89D', 'place_of_receipt': '#52EF53', 'country_of_final_destination': '#6CAF77', 'notify_party_name': '#D9B4F2', 'remitter_country': '#98E0E9', 'beneficiary_country': '#438067', 'final_destination': '#53FA46', 'pre-carriage-by': '#671A8D', 'invoice_no': '#5AB17A', 'insurance_charges': '#BE51EE', 'cosignee_name': '#785252', 'tenor_indicator': '#6FB3AA', 'incoterm': '#413CA9', 'original_or_copy': '#EE7A8A', 'page_no': '#0249D1', 'vessel_flight_no': '#E24386', 'beneficiary_bank_identifier': '#72161A', 'port_of_loading': '#EE2C86', 'awb_number': '#423CBC', 'transaction_amonunt_value': '#C31E72', 'shipper_address': '#110295', 'goods_description': '#3612F6', 'consignor_name': '#4A9696', 'stamp': '#56F1B0', 'bill_of_lading_no': '#42A761', 'transhipment': '#B61911', 'invoice_due_date': '#09D740', 'indicator_type': '#6308F3', 'importer_your_ref_no': '#60670B', 'rate_per_unit': '#247202', 'beneficiary_bank_country': '#7966D5', 'notify_party_country': '#84FFAA', 'beneficiary_drawer_exporter_seller_supplier_tin': '#8AB397', 'signature': '#03F268', 'invoice_amount': '#7C7ECE', 'lc_date': '#47AD9B', 'advance_amount': '#45C1FD', 'beneficiary_address': '#8FCF55', 'signature_of_the_issuer': '#737D9A', 'beneficiary_account_number': '#F1BAAE', 'signed_by': '#20DFA9', 'from': '#E3B614', 'exporter_our_ref_no': '#7DEA62', 'remitter_drawee_applicant_importer_buyer_name': '#5BB9B2', 'packaging_description': '#821165', 'notify_party_address': '#D802A7', 'hs_code_no': '#6EAEF0', 'beneficiary_iban_number': '#540EAF', 'beneficiary_drawer_exporter_seller_supplier_name': '#3DEEEF', 'beneficiary_bank_name': '#E05D8F', 'delivery_terms': '#9A8F82', 'total_quantity_of_goods': '#FEA89A', 'dimension': '#6F0A78', 'invoice_amount_in_words': '#3006F6', 'invoice_discount_ccy': '#12FC76', 'declaration_by_issuer': '#87F5B0', 'port_of_discharge': '#936D74', 'total_pages': '#888A02', 'usance_tenor': '#1609ED', 'amount_due': '#785560', 'purchase_order_no_and_agreement_ref_no': '#3B51B9', 'vessel_name': '#CE5FDC', 'indicator_date': '#5A6030', 'invoice_tax_ccy': '#56FB22', 'mode_of_despatch': '#587BD8', 'net_weight': '#1E0714', 'awb_date': '#3B7A27', 'country_of_origin_of_goods': '#121556', 'invoice_currency': '#A4893C', 'bill_of_lading_date': '#21FFD4', 'shipment_date': '#8204FD', 'consignee_address': '#2EC823', 'invoice_discount_amount': '#764667', 'transaction_currency': '#DDF0A1', 'consignor_country': '#4CD1C9', 'to': '#0D2449', 'consignor_address': '#49B3D9', 'remitter_address': '#12B2B1', 'drawer_ref_no': '#089127', 'tenor_type': '#5816D4', 'presentation_period': '#28BA83'}
2024-03-18 12:25:51,036 is result_set is instance of dict? True
2024-03-18 12:25:51,037 is final_result_set is instance of dict? True
2024-03-18 12:25:51,096 Time taken for page 1 of Proforma_Invoice_13_0.png:0:00:01.676741
2024-03-18 12:25:51,183 *****Generated All Pages****** for Proforma_Invoice_13_0.png
2024-03-18 12:25:51,183 RAM memory 60.7 used for Proforma_Invoice_13_0.png Generating All Pages:
2024-03-18 12:25:51,183 Processing time taken for all pages of Proforma_Invoice_13_0.png1:0:00:01.764460
2024-03-18 12:25:51,318 file name is:Proforma_Invoice(2013_01_10_13_51_47_2086)_495_0.png
2024-03-18 12:25:51,318 folder path :Images
2024-03-18 12:25:51,318 Calling Image result
2024-03-18 12:25:51,318 is all_page_result is instance of dict? True
2024-03-18 12:25:51,319 STREAM b'IHDR' 16 13
2024-03-18 12:25:51,319 STREAM b'IDAT' 41 33163
2024-03-18 12:25:51,352 is words is instance of list? True
2024-03-18 12:25:51,353 is bboxes is instance of list? True
2024-03-18 12:25:51,353 is bounding_boxes is instance of list? True
2024-03-18 12:25:51,545 is input_id_chunks is instance of list? True
2024-03-18 12:25:51,545 is mask_chunks is instance of list? True
2024-03-18 12:25:51,545 is bbox_chunks is instance of list? True
2024-03-18 12:25:51,545 is image_chunks is instance of list? True
2024-03-18 12:25:51,546 is input_dict is instance of dict? True
2024-03-18 12:25:52,721 Model Called
2024-03-18 12:25:52,722 RAM memory 60.7 used for Proforma_Invoice(2013_01_10_13_51_47_2086)_495_0.png:
2024-03-18 12:25:52,722 is all_predictions is instance of list? True
2024-03-18 12:25:52,722 is all_boxes is instance of list? True
2024-03-18 12:25:52,722 is all_confidences is instance of list? True
2024-03-18 12:25:52,722 is all_text is instance of list? True
2024-03-18 12:25:52,722 is label2id is instance of dict? True
2024-03-18 12:25:52,723 is id2label is instance of dict? True
2024-03-18 12:25:52,723 is label2color is instance of dict? True
2024-03-18 12:25:52,724 label2color : {'transaction_date': '#FFBC16', 'beneficiary_bank_swift': '#1470BD', 'unit': '#8C2C02', 'gross_weight': '#F168C3', 'payment_terms': '#4FC2F2', 'date_of_invoice': '#31697F', 'lc_ref_no': '#D0CB87', 'order_date': '#364E71', 'invoice_tax_amount': '#4CAB05', 'shipper_name': '#637B18', 'freight_charges': '#AD9E3A', 'tolerance_of_quantity': '#FA6D24', 'O': '#F6D51B', 'transport_details': '#DC80B1', 'place_of_receipt': '#9EAB6A', 'country_of_final_destination': '#8E8188', 'notify_party_name': '#FD6129', 'remitter_country': '#232D97', 'beneficiary_country': '#DDE685', 'final_destination': '#99BD14', 'pre-carriage-by': '#EB6083', 'invoice_no': '#4D1EFB', 'insurance_charges': '#271F9B', 'cosignee_name': '#7E7F9B', 'tenor_indicator': '#97B2EC', 'incoterm': '#1BC920', 'original_or_copy': '#4981EB', 'page_no': '#053C3C', 'vessel_flight_no': '#F8E127', 'beneficiary_bank_identifier': '#C49CAF', 'port_of_loading': '#8A38A0', 'awb_number': '#0B825C', 'transaction_amonunt_value': '#A5ED95', 'shipper_address': '#FD913D', 'goods_description': '#A2ABB2', 'consignor_name': '#A9FFBC', 'stamp': '#38BCAC', 'bill_of_lading_no': '#AE8EA7', 'transhipment': '#49B015', 'invoice_due_date': '#5F08F6', 'indicator_type': '#51D7EB', 'importer_your_ref_no': '#E85F3A', 'rate_per_unit': '#4145D4', 'beneficiary_bank_country': '#C61D48', 'notify_party_country': '#D11BCF', 'beneficiary_drawer_exporter_seller_supplier_tin': '#C9C16D', 'signature': '#588E17', 'invoice_amount': '#0A7C1E', 'lc_date': '#7D5F67', 'advance_amount': '#BADB4E', 'beneficiary_address': '#A488C1', 'signature_of_the_issuer': '#711D2C', 'beneficiary_account_number': '#3F98DA', 'signed_by': '#FC82DD', 'from': '#7BC1CB', 'exporter_our_ref_no': '#C52DA7', 'remitter_drawee_applicant_importer_buyer_name': '#F8B5D4', 'packaging_description': '#1037B3', 'notify_party_address': '#66A95A', 'hs_code_no': '#3A494F', 'beneficiary_iban_number': '#5D41F9', 'beneficiary_drawer_exporter_seller_supplier_name': '#3E5D9B', 'beneficiary_bank_name': '#94E856', 'delivery_terms': '#391383', 'total_quantity_of_goods': '#4A319E', 'dimension': '#D7377F', 'invoice_amount_in_words': '#C918BF', 'invoice_discount_ccy': '#EC3150', 'declaration_by_issuer': '#695572', 'port_of_discharge': '#8EC8AD', 'total_pages': '#E7E479', 'usance_tenor': '#199C5F', 'amount_due': '#25E886', 'purchase_order_no_and_agreement_ref_no': '#B7BF74', 'vessel_name': '#135FEE', 'indicator_date': '#D3433D', 'invoice_tax_ccy': '#FE68A7', 'mode_of_despatch': '#21A649', 'net_weight': '#DECD0D', 'awb_date': '#8C3818', 'country_of_origin_of_goods': '#94C36B', 'invoice_currency': '#514C4F', 'bill_of_lading_date': '#E3A66F', 'shipment_date': '#6ECE6B', 'consignee_address': '#5B9D54', 'invoice_discount_amount': '#5775ED', 'transaction_currency': '#04B36D', 'consignor_country': '#1E9960', 'to': '#81F069', 'consignor_address': '#9F1449', 'remitter_address': '#93CB2D', 'drawer_ref_no': '#43FD6D', 'tenor_type': '#727009', 'presentation_period': '#1326AE'}
2024-03-18 12:25:52,847 is result_set is instance of dict? True
2024-03-18 12:25:52,848 is final_result_set is instance of dict? True
2024-03-18 12:25:52,985 Time taken for page 1 of Proforma_Invoice(2013_01_10_13_51_47_2086)_495_0.png:0:00:01.666117
2024-03-18 12:25:53,083 *****Generated All Pages****** for Proforma_Invoice(2013_01_10_13_51_47_2086)_495_0.png
2024-03-18 12:25:53,083 RAM memory 60.7 used for Proforma_Invoice(2013_01_10_13_51_47_2086)_495_0.png Generating All Pages:
2024-03-18 12:25:53,083 Processing time taken for all pages of Proforma_Invoice(2013_01_10_13_51_47_2086)_495_0.png1:0:00:01.764996
2024-03-18 12:25:53,190 file name is:Proforma_Invoice(2013_01_10_13_52_23_1384)_513_0.png
2024-03-18 12:25:53,191 folder path :Images
2024-03-18 12:25:53,191 Calling Image result
2024-03-18 12:25:53,191 is all_page_result is instance of dict? True
2024-03-18 12:25:53,191 STREAM b'IHDR' 16 13
2024-03-18 12:25:53,191 STREAM b'IDAT' 41 34477
2024-03-18 12:25:53,232 is words is instance of list? True
2024-03-18 12:25:53,232 is bboxes is instance of list? True
2024-03-18 12:25:53,232 is bounding_boxes is instance of list? True
2024-03-18 12:25:53,430 is input_id_chunks is instance of list? True
2024-03-18 12:25:53,430 is mask_chunks is instance of list? True
2024-03-18 12:25:53,430 is bbox_chunks is instance of list? True
2024-03-18 12:25:53,430 is image_chunks is instance of list? True
2024-03-18 12:25:53,431 is input_dict is instance of dict? True
2024-03-18 12:25:54,574 Model Called
2024-03-18 12:25:54,574 RAM memory 60.9 used for Proforma_Invoice(2013_01_10_13_52_23_1384)_513_0.png:
2024-03-18 12:25:54,574 is all_predictions is instance of list? True
2024-03-18 12:25:54,574 is all_boxes is instance of list? True
2024-03-18 12:25:54,574 is all_confidences is instance of list? True
2024-03-18 12:25:54,574 is all_text is instance of list? True
2024-03-18 12:25:54,575 is label2id is instance of dict? True
2024-03-18 12:25:54,575 is id2label is instance of dict? True
2024-03-18 12:25:54,576 is label2color is instance of dict? True
2024-03-18 12:25:54,576 label2color : {'transaction_date': '#9CD78B', 'beneficiary_bank_swift': '#A74681', 'unit': '#D7344F', 'gross_weight': '#085A5C', 'payment_terms': '#1F55AB', 'date_of_invoice': '#C568D7', 'lc_ref_no': '#60683C', 'order_date': '#ECBDF2', 'invoice_tax_amount': '#DBCA17', 'shipper_name': '#88056C', 'freight_charges': '#B64B1C', 'tolerance_of_quantity': '#D71F15', 'O': '#4CE341', 'transport_details': '#E13119', 'place_of_receipt': '#2A40C0', 'country_of_final_destination': '#11F0AD', 'notify_party_name': '#9D4EDB', 'remitter_country': '#A24910', 'beneficiary_country': '#B87DE2', 'final_destination': '#1CC588', 'pre-carriage-by': '#ABED83', 'invoice_no': '#239663', 'insurance_charges': '#B1624D', 'cosignee_name': '#F05AD4', 'tenor_indicator': '#1BFA01', 'incoterm': '#E88EAC', 'original_or_copy': '#AB362F', 'page_no': '#22923C', 'vessel_flight_no': '#83B6D5', 'beneficiary_bank_identifier': '#3EE042', 'port_of_loading': '#E3E606', 'awb_number': '#97B87C', 'transaction_amonunt_value': '#86A864', 'shipper_address': '#92367A', 'goods_description': '#F9BC33', 'consignor_name': '#CADEC0', 'stamp': '#7F6C80', 'bill_of_lading_no': '#6FC9BF', 'transhipment': '#A20E38', 'invoice_due_date': '#F52BFA', 'indicator_type': '#973406', 'importer_your_ref_no': '#5C6C8E', 'rate_per_unit': '#D9D53B', 'beneficiary_bank_country': '#DD2385', 'notify_party_country': '#7201E6', 'beneficiary_drawer_exporter_seller_supplier_tin': '#50016D', 'signature': '#1976D0', 'invoice_amount': '#334CBC', 'lc_date': '#579EF0', 'advance_amount': '#575A73', 'beneficiary_address': '#27A4BA', 'signature_of_the_issuer': '#72C847', 'beneficiary_account_number': '#D2C96B', 'signed_by': '#922F32', 'from': '#B04616', 'exporter_our_ref_no': '#24CC3D', 'remitter_drawee_applicant_importer_buyer_name': '#4F66F6', 'packaging_description': '#3F0374', 'notify_party_address': '#F82C8D', 'hs_code_no': '#AF7DA9', 'beneficiary_iban_number': '#049633', 'beneficiary_drawer_exporter_seller_supplier_name': '#D8A652', 'beneficiary_bank_name': '#FD856D', 'delivery_terms': '#86A097', 'total_quantity_of_goods': '#AC5850', 'dimension': '#E6A836', 'invoice_amount_in_words': '#94E3BA', 'invoice_discount_ccy': '#925ABC', 'declaration_by_issuer': '#683D03', 'port_of_discharge': '#12E69D', 'total_pages': '#550227', 'usance_tenor': '#73E1A8', 'amount_due': '#D24E68', 'purchase_order_no_and_agreement_ref_no': '#DB6754', 'vessel_name': '#27CB2B', 'indicator_date': '#C6AC89', 'invoice_tax_ccy': '#69B957', 'mode_of_despatch': '#38C4A9', 'net_weight': '#E6E92E', 'awb_date': '#FC6D16', 'country_of_origin_of_goods': '#B75E06', 'invoice_currency': '#055397', 'bill_of_lading_date': '#6E9FF4', 'shipment_date': '#D4BB8D', 'consignee_address': '#805875', 'invoice_discount_amount': '#DFB9EC', 'transaction_currency': '#415401', 'consignor_country': '#59E19A', 'to': '#9A1E4A', 'consignor_address': '#133547', 'remitter_address': '#F2581D', 'drawer_ref_no': '#B8F950', 'tenor_type': '#41E667', 'presentation_period': '#5D0E77'}
2024-03-18 12:25:54,698 is result_set is instance of dict? True
2024-03-18 12:25:54,698 is final_result_set is instance of dict? True
2024-03-18 12:25:54,785 Time taken for page 1 of Proforma_Invoice(2013_01_10_13_52_23_1384)_513_0.png:0:00:01.594305
2024-03-18 12:25:54,902 *****Generated All Pages****** for Proforma_Invoice(2013_01_10_13_52_23_1384)_513_0.png
2024-03-18 12:25:54,902 RAM memory 61.0 used for Proforma_Invoice(2013_01_10_13_52_23_1384)_513_0.png Generating All Pages:
2024-03-18 12:25:54,902 Processing time taken for all pages of Proforma_Invoice(2013_01_10_13_52_23_1384)_513_0.png1:0:00:01.711292
2024-03-18 12:25:55,018 file name is:Proforma_Invoice_19_3.png
2024-03-18 12:25:55,018 folder path :Images
2024-03-18 12:25:55,018 Calling Image result
2024-03-18 12:25:55,018 is all_page_result is instance of dict? True
2024-03-18 12:25:55,019 STREAM b'IHDR' 16 13
2024-03-18 12:25:55,019 STREAM b'IDAT' 41 25551
2024-03-18 12:25:55,061 is words is instance of list? True
2024-03-18 12:25:55,061 is bboxes is instance of list? True
2024-03-18 12:25:55,061 is bounding_boxes is instance of list? True
2024-03-18 12:25:55,257 is input_id_chunks is instance of list? True
2024-03-18 12:25:55,257 is mask_chunks is instance of list? True
2024-03-18 12:25:55,257 is bbox_chunks is instance of list? True
2024-03-18 12:25:55,257 is image_chunks is instance of list? True
2024-03-18 12:25:55,257 is input_dict is instance of dict? True
2024-03-18 12:25:56,413 Model Called
2024-03-18 12:25:56,414 RAM memory 60.6 used for Proforma_Invoice_19_3.png:
2024-03-18 12:25:56,414 is all_predictions is instance of list? True
2024-03-18 12:25:56,414 is all_boxes is instance of list? True
2024-03-18 12:25:56,414 is all_confidences is instance of list? True
2024-03-18 12:25:56,414 is all_text is instance of list? True
2024-03-18 12:25:56,414 is label2id is instance of dict? True
2024-03-18 12:25:56,415 is id2label is instance of dict? True
2024-03-18 12:25:56,416 is label2color is instance of dict? True
2024-03-18 12:25:56,416 label2color : {'transaction_date': '#3EFB05', 'beneficiary_bank_swift': '#E12FA2', 'unit': '#DB5F6F', 'gross_weight': '#FA213C', 'payment_terms': '#D0A752', 'date_of_invoice': '#DC58B4', 'lc_ref_no': '#4F3404', 'order_date': '#5D2375', 'invoice_tax_amount': '#793476', 'shipper_name': '#1F2AA3', 'freight_charges': '#E033C3', 'tolerance_of_quantity': '#297061', 'O': '#CDD8AB', 'transport_details': '#061793', 'place_of_receipt': '#C6A71B', 'country_of_final_destination': '#0F0A3B', 'notify_party_name': '#40A465', 'remitter_country': '#D9FEED', 'beneficiary_country': '#EE7C60', 'final_destination': '#02CE8B', 'pre-carriage-by': '#061E6C', 'invoice_no': '#2A96F7', 'insurance_charges': '#7BF349', 'cosignee_name': '#E1F6AA', 'tenor_indicator': '#3621C3', 'incoterm': '#4D47CA', 'original_or_copy': '#88B32A', 'page_no': '#6B1766', 'vessel_flight_no': '#B7BA77', 'beneficiary_bank_identifier': '#397F7C', 'port_of_loading': '#62D7C9', 'awb_number': '#9DB718', 'transaction_amonunt_value': '#9CC20D', 'shipper_address': '#AE38AE', 'goods_description': '#82DD4C', 'consignor_name': '#D7ED83', 'stamp': '#D1FFBA', 'bill_of_lading_no': '#8B1B0B', 'transhipment': '#24A1C0', 'invoice_due_date': '#16481B', 'indicator_type': '#DE9C37', 'importer_your_ref_no': '#C668E2', 'rate_per_unit': '#CE06A0', 'beneficiary_bank_country': '#10BD09', 'notify_party_country': '#6C3AFA', 'beneficiary_drawer_exporter_seller_supplier_tin': '#4A8812', 'signature': '#FFA4D8', 'invoice_amount': '#29263B', 'lc_date': '#3E9426', 'advance_amount': '#4538E5', 'beneficiary_address': '#AA91C3', 'signature_of_the_issuer': '#030E37', 'beneficiary_account_number': '#3ABEF6', 'signed_by': '#DDC216', 'from': '#C0540C', 'exporter_our_ref_no': '#C829F0', 'remitter_drawee_applicant_importer_buyer_name': '#90B7E2', 'packaging_description': '#B615C3', 'notify_party_address': '#3348DB', 'hs_code_no': '#D7600F', 'beneficiary_iban_number': '#326925', 'beneficiary_drawer_exporter_seller_supplier_name': '#AD3186', 'beneficiary_bank_name': '#C1C30E', 'delivery_terms': '#EA7E17', 'total_quantity_of_goods': '#F221B7', 'dimension': '#486AF5', 'invoice_amount_in_words': '#26ACCC', 'invoice_discount_ccy': '#84AA59', 'declaration_by_issuer': '#8710E7', 'port_of_discharge': '#75C1EE', 'total_pages': '#7024F0', 'usance_tenor': '#1F15DF', 'amount_due': '#FD7789', 'purchase_order_no_and_agreement_ref_no': '#7BC603', 'vessel_name': '#B1AB7F', 'indicator_date': '#F72C7A', 'invoice_tax_ccy': '#FC1A53', 'mode_of_despatch': '#5F46A1', 'net_weight': '#3D3612', 'awb_date': '#48B787', 'country_of_origin_of_goods': '#477B05', 'invoice_currency': '#84D724', 'bill_of_lading_date': '#D19723', 'shipment_date': '#A224A9', 'consignee_address': '#9CF13E', 'invoice_discount_amount': '#634946', 'transaction_currency': '#9CFE86', 'consignor_country': '#FED117', 'to': '#32087F', 'consignor_address': '#242166', 'remitter_address': '#951BF3', 'drawer_ref_no': '#6CB6CF', 'tenor_type': '#EBFE05', 'presentation_period': '#3C6FE0'}
2024-03-18 12:25:56,581 is result_set is instance of dict? True
2024-03-18 12:25:56,581 is final_result_set is instance of dict? True
2024-03-18 12:25:56,712 Time taken for page 1 of Proforma_Invoice_19_3.png:0:00:01.693423
2024-03-18 12:25:56,803 *****Generated All Pages****** for Proforma_Invoice_19_3.png
2024-03-18 12:25:56,803 RAM memory 60.8 used for Proforma_Invoice_19_3.png Generating All Pages:
2024-03-18 12:25:56,803 Processing time taken for all pages of Proforma_Invoice_19_3.png1:0:00:01.784686
2024-03-18 12:25:56,916 file name is:Proforma_Invoice_19_1.png
2024-03-18 12:25:56,916 folder path :Images
2024-03-18 12:25:56,916 Calling Image result
2024-03-18 12:25:56,916 is all_page_result is instance of dict? True
2024-03-18 12:25:56,916 STREAM b'IHDR' 16 13
2024-03-18 12:25:56,916 STREAM b'IDAT' 41 31743
2024-03-18 12:25:56,954 is words is instance of list? True
2024-03-18 12:25:56,954 is bboxes is instance of list? True
2024-03-18 12:25:56,954 is bounding_boxes is instance of list? True
2024-03-18 12:25:57,172 is input_id_chunks is instance of list? True
2024-03-18 12:25:57,172 is mask_chunks is instance of list? True
2024-03-18 12:25:57,172 is bbox_chunks is instance of list? True
2024-03-18 12:25:57,172 is image_chunks is instance of list? True
2024-03-18 12:25:57,172 is input_dict is instance of dict? True
2024-03-18 12:25:58,405 Model Called
2024-03-18 12:25:58,405 RAM memory 61.2 used for Proforma_Invoice_19_1.png:
2024-03-18 12:25:58,405 is all_predictions is instance of list? True
2024-03-18 12:25:58,405 is all_boxes is instance of list? True
2024-03-18 12:25:58,405 is all_confidences is instance of list? True
2024-03-18 12:25:58,405 is all_text is instance of list? True
2024-03-18 12:25:58,406 is label2id is instance of dict? True
2024-03-18 12:25:58,406 is id2label is instance of dict? True
2024-03-18 12:25:58,407 is label2color is instance of dict? True
2024-03-18 12:25:58,407 label2color : {'transaction_date': '#609C94', 'beneficiary_bank_swift': '#DD8804', 'unit': '#B39112', 'gross_weight': '#BAA731', 'payment_terms': '#8514CA', 'date_of_invoice': '#9F1E02', 'lc_ref_no': '#8438D2', 'order_date': '#6CF7D1', 'invoice_tax_amount': '#5BA8DB', 'shipper_name': '#E1C6CE', 'freight_charges': '#D2A08E', 'tolerance_of_quantity': '#E6459F', 'O': '#E5F1F5', 'transport_details': '#D0701C', 'place_of_receipt': '#A64811', 'country_of_final_destination': '#EF5323', 'notify_party_name': '#3843D0', 'remitter_country': '#7F5F4A', 'beneficiary_country': '#EF7247', 'final_destination': '#2B47B4', 'pre-carriage-by': '#834673', 'invoice_no': '#EFB9F8', 'insurance_charges': '#5BA64A', 'cosignee_name': '#76DD9C', 'tenor_indicator': '#9E0F39', 'incoterm': '#741289', 'original_or_copy': '#9A75B6', 'page_no': '#BD04B0', 'vessel_flight_no': '#DAE122', 'beneficiary_bank_identifier': '#06AD0B', 'port_of_loading': '#61A2AB', 'awb_number': '#EC92C2', 'transaction_amonunt_value': '#07E73D', 'shipper_address': '#796965', 'goods_description': '#88BBA3', 'consignor_name': '#D872DD', 'stamp': '#1B15D6', 'bill_of_lading_no': '#DED433', 'transhipment': '#6653CB', 'invoice_due_date': '#2E2329', 'indicator_type': '#E9FD14', 'importer_your_ref_no': '#F16088', 'rate_per_unit': '#588D29', 'beneficiary_bank_country': '#D55949', 'notify_party_country': '#C5F329', 'beneficiary_drawer_exporter_seller_supplier_tin': '#2F0962', 'signature': '#A8189C', 'invoice_amount': '#90D9C6', 'lc_date': '#6FC42A', 'advance_amount': '#D0007C', 'beneficiary_address': '#74D554', 'signature_of_the_issuer': '#91541A', 'beneficiary_account_number': '#3819C7', 'signed_by': '#45D83D', 'from': '#06E530', 'exporter_our_ref_no': '#83FC8F', 'remitter_drawee_applicant_importer_buyer_name': '#677783', 'packaging_description': '#6B6F73', 'notify_party_address': '#C5351D', 'hs_code_no': '#6E1F95', 'beneficiary_iban_number': '#4BEB1D', 'beneficiary_drawer_exporter_seller_supplier_name': '#A20C35', 'beneficiary_bank_name': '#C805F3', 'delivery_terms': '#277DCD', 'total_quantity_of_goods': '#BCBCE2', 'dimension': '#BDE6C2', 'invoice_amount_in_words': '#0A568A', 'invoice_discount_ccy': '#2F095A', 'declaration_by_issuer': '#CECB47', 'port_of_discharge': '#0F042D', 'total_pages': '#EBB70B', 'usance_tenor': '#5A0ED7', 'amount_due': '#1DA592', 'purchase_order_no_and_agreement_ref_no': '#E4BA66', 'vessel_name': '#767BCE', 'indicator_date': '#17B4A2', 'invoice_tax_ccy': '#09FC59', 'mode_of_despatch': '#D39791', 'net_weight': '#DF79F1', 'awb_date': '#41BD19', 'country_of_origin_of_goods': '#571917', 'invoice_currency': '#9DA5FA', 'bill_of_lading_date': '#FD52B4', 'shipment_date': '#FE879D', 'consignee_address': '#1B3E1B', 'invoice_discount_amount': '#32E420', 'transaction_currency': '#E398E6', 'consignor_country': '#3778D3', 'to': '#442CC8', 'consignor_address': '#D88685', 'remitter_address': '#B1252B', 'drawer_ref_no': '#7DDB39', 'tenor_type': '#FC4C9D', 'presentation_period': '#F94726'}
2024-03-18 12:25:58,526 is result_set is instance of dict? True
2024-03-18 12:25:58,527 is final_result_set is instance of dict? True
2024-03-18 12:25:58,682 Time taken for page 1 of Proforma_Invoice_19_1.png:0:00:01.765785
2024-03-18 12:25:58,784 *****Generated All Pages****** for Proforma_Invoice_19_1.png
2024-03-18 12:25:58,784 RAM memory 61.2 used for Proforma_Invoice_19_1.png Generating All Pages:
2024-03-18 12:25:58,784 Processing time taken for all pages of Proforma_Invoice_19_1.png1:0:00:01.868552
2024-03-18 12:25:58,905 file name is:Proforma_Invoice(2013_01_10_13_53_18_2898)_502_0.png
2024-03-18 12:25:58,905 folder path :Images
2024-03-18 12:25:58,905 Calling Image result
2024-03-18 12:25:58,905 is all_page_result is instance of dict? True
2024-03-18 12:25:58,905 STREAM b'IHDR' 16 13
2024-03-18 12:25:58,905 STREAM b'IDAT' 41 34147
2024-03-18 12:25:58,945 is words is instance of list? True
2024-03-18 12:25:58,945 is bboxes is instance of list? True
2024-03-18 12:25:58,945 is bounding_boxes is instance of list? True
2024-03-18 12:25:59,147 is input_id_chunks is instance of list? True
2024-03-18 12:25:59,147 is mask_chunks is instance of list? True
2024-03-18 12:25:59,147 is bbox_chunks is instance of list? True
2024-03-18 12:25:59,147 is image_chunks is instance of list? True
2024-03-18 12:25:59,148 is input_dict is instance of dict? True
2024-03-18 12:26:00,308 Model Called
2024-03-18 12:26:00,308 RAM memory 60.7 used for Proforma_Invoice(2013_01_10_13_53_18_2898)_502_0.png:
2024-03-18 12:26:00,308 is all_predictions is instance of list? True
2024-03-18 12:26:00,308 is all_boxes is instance of list? True
2024-03-18 12:26:00,308 is all_confidences is instance of list? True
2024-03-18 12:26:00,308 is all_text is instance of list? True
2024-03-18 12:26:00,309 is label2id is instance of dict? True
2024-03-18 12:26:00,309 is id2label is instance of dict? True
2024-03-18 12:26:00,310 is label2color is instance of dict? True
2024-03-18 12:26:00,310 label2color : {'transaction_date': '#7154D8', 'beneficiary_bank_swift': '#6090B7', 'unit': '#77ED8B', 'gross_weight': '#9383D3', 'payment_terms': '#F6B465', 'date_of_invoice': '#235E49', 'lc_ref_no': '#5763D7', 'order_date': '#D62BA9', 'invoice_tax_amount': '#064A86', 'shipper_name': '#9D5B96', 'freight_charges': '#25AD57', 'tolerance_of_quantity': '#A5312E', 'O': '#CFA65D', 'transport_details': '#22A4F6', 'place_of_receipt': '#0BF424', 'country_of_final_destination': '#0BC63F', 'notify_party_name': '#81139A', 'remitter_country': '#7FA696', 'beneficiary_country': '#8A8A4C', 'final_destination': '#4C01C6', 'pre-carriage-by': '#60DD6D', 'invoice_no': '#8F5568', 'insurance_charges': '#03816E', 'cosignee_name': '#810213', 'tenor_indicator': '#430759', 'incoterm': '#9BF83D', 'original_or_copy': '#24E0E7', 'page_no': '#2F45E3', 'vessel_flight_no': '#02DF64', 'beneficiary_bank_identifier': '#17B5D1', 'port_of_loading': '#08CA84', 'awb_number': '#7873AE', 'transaction_amonunt_value': '#FCD839', 'shipper_address': '#BDC59C', 'goods_description': '#CF6096', 'consignor_name': '#6C734A', 'stamp': '#2EA276', 'bill_of_lading_no': '#859463', 'transhipment': '#4F9E1E', 'invoice_due_date': '#5B2823', 'indicator_type': '#D2FC85', 'importer_your_ref_no': '#5FDEC9', 'rate_per_unit': '#1A65CD', 'beneficiary_bank_country': '#2EC236', 'notify_party_country': '#EA6DC0', 'beneficiary_drawer_exporter_seller_supplier_tin': '#E3C0FA', 'signature': '#E8F069', 'invoice_amount': '#E06B92', 'lc_date': '#C96770', 'advance_amount': '#DAB927', 'beneficiary_address': '#11C419', 'signature_of_the_issuer': '#0F86AC', 'beneficiary_account_number': '#E196CD', 'signed_by': '#721155', 'from': '#426B8D', 'exporter_our_ref_no': '#A12765', 'remitter_drawee_applicant_importer_buyer_name': '#8D374A', 'packaging_description': '#7D8223', 'notify_party_address': '#D1F82F', 'hs_code_no': '#DEF56C', 'beneficiary_iban_number': '#28097E', 'beneficiary_drawer_exporter_seller_supplier_name': '#26C902', 'beneficiary_bank_name': '#AB5F2C', 'delivery_terms': '#05A6BE', 'total_quantity_of_goods': '#C2A526', 'dimension': '#70E7F1', 'invoice_amount_in_words': '#4B1088', 'invoice_discount_ccy': '#CA7CD2', 'declaration_by_issuer': '#E560FD', 'port_of_discharge': '#1CF1E8', 'total_pages': '#23C2EF', 'usance_tenor': '#BFEFE8', 'amount_due': '#B8644D', 'purchase_order_no_and_agreement_ref_no': '#E1195A', 'vessel_name': '#5B8D02', 'indicator_date': '#26DED5', 'invoice_tax_ccy': '#8C8A4E', 'mode_of_despatch': '#5B41A1', 'net_weight': '#011478', 'awb_date': '#D5F8FC', 'country_of_origin_of_goods': '#2C61CB', 'invoice_currency': '#208FF0', 'bill_of_lading_date': '#3A18F2', 'shipment_date': '#AF46E4', 'consignee_address': '#6FFD4B', 'invoice_discount_amount': '#DC3E15', 'transaction_currency': '#A65967', 'consignor_country': '#DA3DA3', 'to': '#2A526D', 'consignor_address': '#C6A839', 'remitter_address': '#E8A63B', 'drawer_ref_no': '#39CE25', 'tenor_type': '#89B54C', 'presentation_period': '#1E4A0F'}
2024-03-18 12:26:00,435 is result_set is instance of dict? True
2024-03-18 12:26:00,436 is final_result_set is instance of dict? True
2024-03-18 12:26:00,571 Time taken for page 1 of Proforma_Invoice(2013_01_10_13_53_18_2898)_502_0.png:0:00:01.665130
2024-03-18 12:26:00,674 *****Generated All Pages****** for Proforma_Invoice(2013_01_10_13_53_18_2898)_502_0.png
2024-03-18 12:26:00,675 RAM memory 60.8 used for Proforma_Invoice(2013_01_10_13_53_18_2898)_502_0.png Generating All Pages:
2024-03-18 12:26:00,675 Processing time taken for all pages of Proforma_Invoice(2013_01_10_13_53_18_2898)_502_0.png1:0:00:01.769457
2024-03-18 12:26:00,788 file name is:Proforma_Invoice_3_0.png
2024-03-18 12:26:00,789 folder path :Images
2024-03-18 12:26:00,789 Calling Image result
2024-03-18 12:26:00,789 is all_page_result is instance of dict? True
2024-03-18 12:26:00,789 STREAM b'IHDR' 16 13
2024-03-18 12:26:00,789 STREAM b'IDAT' 41 65536
2024-03-18 12:26:00,831 is words is instance of list? True
2024-03-18 12:26:00,831 is bboxes is instance of list? True
2024-03-18 12:26:00,832 is bounding_boxes is instance of list? True
2024-03-18 12:26:01,026 is input_id_chunks is instance of list? True
2024-03-18 12:26:01,026 is mask_chunks is instance of list? True
2024-03-18 12:26:01,026 is bbox_chunks is instance of list? True
2024-03-18 12:26:01,026 is image_chunks is instance of list? True
2024-03-18 12:26:01,026 is input_dict is instance of dict? True
2024-03-18 12:26:02,156 Model Called
2024-03-18 12:26:02,156 RAM memory 60.6 used for Proforma_Invoice_3_0.png:
2024-03-18 12:26:02,156 is all_predictions is instance of list? True
2024-03-18 12:26:02,156 is all_boxes is instance of list? True
2024-03-18 12:26:02,156 is all_confidences is instance of list? True
2024-03-18 12:26:02,156 is all_text is instance of list? True
2024-03-18 12:26:02,157 is label2id is instance of dict? True
2024-03-18 12:26:02,157 is id2label is instance of dict? True
2024-03-18 12:26:02,158 is label2color is instance of dict? True
2024-03-18 12:26:02,158 label2color : {'transaction_date': '#3D53D1', 'beneficiary_bank_swift': '#71225B', 'unit': '#D88C1F', 'gross_weight': '#D39AC8', 'payment_terms': '#BEBF14', 'date_of_invoice': '#161BCF', 'lc_ref_no': '#2944CC', 'order_date': '#673300', 'invoice_tax_amount': '#AE2F9D', 'shipper_name': '#84C5DC', 'freight_charges': '#903A33', 'tolerance_of_quantity': '#383871', 'O': '#83CA5E', 'transport_details': '#2A2B0B', 'place_of_receipt': '#A844C2', 'country_of_final_destination': '#B55BF5', 'notify_party_name': '#BF25FA', 'remitter_country': '#0E6D33', 'beneficiary_country': '#5BB60E', 'final_destination': '#F7E8F9', 'pre-carriage-by': '#A09167', 'invoice_no': '#57C1B8', 'insurance_charges': '#643571', 'cosignee_name': '#1AA806', 'tenor_indicator': '#EBE90A', 'incoterm': '#65CD78', 'original_or_copy': '#474DD4', 'page_no': '#C6D48F', 'vessel_flight_no': '#3D16BF', 'beneficiary_bank_identifier': '#6B6344', 'port_of_loading': '#337691', 'awb_number': '#6DF801', 'transaction_amonunt_value': '#1DAE6F', 'shipper_address': '#A3DB90', 'goods_description': '#E1C9BC', 'consignor_name': '#107657', 'stamp': '#6F6D38', 'bill_of_lading_no': '#819448', 'transhipment': '#586C30', 'invoice_due_date': '#05CA72', 'indicator_type': '#E2251F', 'importer_your_ref_no': '#662CD3', 'rate_per_unit': '#D9EBB7', 'beneficiary_bank_country': '#60819E', 'notify_party_country': '#34013E', 'beneficiary_drawer_exporter_seller_supplier_tin': '#98F2C6', 'signature': '#65637B', 'invoice_amount': '#25CB00', 'lc_date': '#22481A', 'advance_amount': '#0E4AD0', 'beneficiary_address': '#DD4B64', 'signature_of_the_issuer': '#AD39A3', 'beneficiary_account_number': '#B5A48C', 'signed_by': '#0D69E2', 'from': '#6AC4B3', 'exporter_our_ref_no': '#AABDF2', 'remitter_drawee_applicant_importer_buyer_name': '#68903F', 'packaging_description': '#89C378', 'notify_party_address': '#173383', 'hs_code_no': '#4EC807', 'beneficiary_iban_number': '#072B80', 'beneficiary_drawer_exporter_seller_supplier_name': '#CA04DB', 'beneficiary_bank_name': '#712FCF', 'delivery_terms': '#D48BE5', 'total_quantity_of_goods': '#38BD9A', 'dimension': '#28C686', 'invoice_amount_in_words': '#336F6A', 'invoice_discount_ccy': '#5ABFD1', 'declaration_by_issuer': '#24FD61', 'port_of_discharge': '#33CB3A', 'total_pages': '#95DA77', 'usance_tenor': '#B632E5', 'amount_due': '#B4289F', 'purchase_order_no_and_agreement_ref_no': '#E1DAF3', 'vessel_name': '#44F699', 'indicator_date': '#03F235', 'invoice_tax_ccy': '#BBF17C', 'mode_of_despatch': '#BBCC1E', 'net_weight': '#7EBCE8', 'awb_date': '#DA6DF3', 'country_of_origin_of_goods': '#D0B5A6', 'invoice_currency': '#E2E2F5', 'bill_of_lading_date': '#0FC4A3', 'shipment_date': '#7FEED2', 'consignee_address': '#7FA939', 'invoice_discount_amount': '#CC67A3', 'transaction_currency': '#61285C', 'consignor_country': '#AD5B0E', 'to': '#E97DD5', 'consignor_address': '#1F8E9C', 'remitter_address': '#CEC8CE', 'drawer_ref_no': '#F63F1B', 'tenor_type': '#A46EBC', 'presentation_period': '#564E9B'}
2024-03-18 12:26:02,288 is result_set is instance of dict? True
2024-03-18 12:26:02,288 is final_result_set is instance of dict? True
2024-03-18 12:26:02,465 Time taken for page 1 of Proforma_Invoice_3_0.png:0:00:01.676173
2024-03-18 12:26:02,674 *****Generated All Pages****** for Proforma_Invoice_3_0.png
2024-03-18 12:26:02,675 RAM memory 60.8 used for Proforma_Invoice_3_0.png Generating All Pages:
2024-03-18 12:26:02,675 Processing time taken for all pages of Proforma_Invoice_3_0.png1:0:00:01.885847
2024-03-18 12:26:02,782 file name is:Proforma_Invoice(2013_01_10_13_55_22_4671)_548_0.png
2024-03-18 12:26:02,782 folder path :Images
2024-03-18 12:26:02,783 Calling Image result
2024-03-18 12:26:02,783 is all_page_result is instance of dict? True
2024-03-18 12:26:02,783 STREAM b'IHDR' 16 13
2024-03-18 12:26:02,783 STREAM b'IDAT' 41 37426
2024-03-18 12:26:02,825 is words is instance of list? True
2024-03-18 12:26:02,825 is bboxes is instance of list? True
2024-03-18 12:26:02,825 is bounding_boxes is instance of list? True
2024-03-18 12:26:03,028 is input_id_chunks is instance of list? True
2024-03-18 12:26:03,028 is mask_chunks is instance of list? True
2024-03-18 12:26:03,028 is bbox_chunks is instance of list? True
2024-03-18 12:26:03,028 is image_chunks is instance of list? True
2024-03-18 12:26:03,029 is input_dict is instance of dict? True
2024-03-18 12:26:04,217 Model Called
2024-03-18 12:26:04,217 RAM memory 60.7 used for Proforma_Invoice(2013_01_10_13_55_22_4671)_548_0.png:
2024-03-18 12:26:04,217 is all_predictions is instance of list? True
2024-03-18 12:26:04,217 is all_boxes is instance of list? True
2024-03-18 12:26:04,217 is all_confidences is instance of list? True
2024-03-18 12:26:04,217 is all_text is instance of list? True
2024-03-18 12:26:04,218 is label2id is instance of dict? True
2024-03-18 12:26:04,218 is id2label is instance of dict? True
2024-03-18 12:26:04,219 is label2color is instance of dict? True
2024-03-18 12:26:04,219 label2color : {'transaction_date': '#6A3438', 'beneficiary_bank_swift': '#90D2FB', 'unit': '#E7465D', 'gross_weight': '#D04147', 'payment_terms': '#BDEA3E', 'date_of_invoice': '#8FF824', 'lc_ref_no': '#C3C5A8', 'order_date': '#26030F', 'invoice_tax_amount': '#715E10', 'shipper_name': '#ED96C0', 'freight_charges': '#C81BB7', 'tolerance_of_quantity': '#1D14CB', 'O': '#E1123C', 'transport_details': '#C420CD', 'place_of_receipt': '#E3D7C9', 'country_of_final_destination': '#D12420', 'notify_party_name': '#742D40', 'remitter_country': '#265F92', 'beneficiary_country': '#822271', 'final_destination': '#DD90D4', 'pre-carriage-by': '#CDC983', 'invoice_no': '#B5D675', 'insurance_charges': '#704D2B', 'cosignee_name': '#710FBC', 'tenor_indicator': '#DC9E19', 'incoterm': '#424267', 'original_or_copy': '#F2F80B', 'page_no': '#10EF93', 'vessel_flight_no': '#DA1007', 'beneficiary_bank_identifier': '#96E467', 'port_of_loading': '#1CF003', 'awb_number': '#B54921', 'transaction_amonunt_value': '#164EDF', 'shipper_address': '#EB7157', 'goods_description': '#0FA4D1', 'consignor_name': '#8B9815', 'stamp': '#4D5853', 'bill_of_lading_no': '#0730E2', 'transhipment': '#4C70D5', 'invoice_due_date': '#6547B4', 'indicator_type': '#D53FD7', 'importer_your_ref_no': '#3AF47A', 'rate_per_unit': '#329362', 'beneficiary_bank_country': '#EFBFD0', 'notify_party_country': '#D844BB', 'beneficiary_drawer_exporter_seller_supplier_tin': '#35B6C0', 'signature': '#76C7F0', 'invoice_amount': '#56871B', 'lc_date': '#0A24A7', 'advance_amount': '#CDD028', 'beneficiary_address': '#C0A87A', 'signature_of_the_issuer': '#565090', 'beneficiary_account_number': '#9CB041', 'signed_by': '#785698', 'from': '#D93845', 'exporter_our_ref_no': '#37C669', 'remitter_drawee_applicant_importer_buyer_name': '#3A14BE', 'packaging_description': '#686D8E', 'notify_party_address': '#26ECBA', 'hs_code_no': '#501972', 'beneficiary_iban_number': '#FDF634', 'beneficiary_drawer_exporter_seller_supplier_name': '#6644FB', 'beneficiary_bank_name': '#2C911B', 'delivery_terms': '#85D6B6', 'total_quantity_of_goods': '#87BD19', 'dimension': '#4BBD9E', 'invoice_amount_in_words': '#4ABF0D', 'invoice_discount_ccy': '#606DBF', 'declaration_by_issuer': '#E875B1', 'port_of_discharge': '#A31F07', 'total_pages': '#4C08CE', 'usance_tenor': '#B42F79', 'amount_due': '#9A7C96', 'purchase_order_no_and_agreement_ref_no': '#B8D2AF', 'vessel_name': '#12AE57', 'indicator_date': '#F72497', 'invoice_tax_ccy': '#8FEC2A', 'mode_of_despatch': '#B5D24D', 'net_weight': '#898808', 'awb_date': '#6E9505', 'country_of_origin_of_goods': '#E597B1', 'invoice_currency': '#AC4831', 'bill_of_lading_date': '#E9647C', 'shipment_date': '#8F033F', 'consignee_address': '#E8D277', 'invoice_discount_amount': '#96FAEE', 'transaction_currency': '#C1A905', 'consignor_country': '#03D027', 'to': '#47B795', 'consignor_address': '#956737', 'remitter_address': '#66FFC6', 'drawer_ref_no': '#9367B9', 'tenor_type': '#D06D7F', 'presentation_period': '#35264E'}
2024-03-18 12:26:04,338 is result_set is instance of dict? True
2024-03-18 12:26:04,339 is final_result_set is instance of dict? True
2024-03-18 12:26:04,468 Time taken for page 1 of Proforma_Invoice(2013_01_10_13_55_22_4671)_548_0.png:0:00:01.684973
2024-03-18 12:26:04,566 *****Generated All Pages****** for Proforma_Invoice(2013_01_10_13_55_22_4671)_548_0.png
2024-03-18 12:26:04,566 RAM memory 60.5 used for Proforma_Invoice(2013_01_10_13_55_22_4671)_548_0.png Generating All Pages:
2024-03-18 12:26:04,566 Processing time taken for all pages of Proforma_Invoice(2013_01_10_13_55_22_4671)_548_0.png1:0:00:01.783857
2024-03-18 12:26:04,679 file name is:Proforma_Invoice(2013_01_10_13_51_25_9844)_494_0.png
2024-03-18 12:26:04,679 folder path :Images
2024-03-18 12:26:04,679 Calling Image result
2024-03-18 12:26:04,680 is all_page_result is instance of dict? True
2024-03-18 12:26:04,680 STREAM b'IHDR' 16 13
2024-03-18 12:26:04,680 STREAM b'IDAT' 41 35212
2024-03-18 12:26:04,716 is words is instance of list? True
2024-03-18 12:26:04,717 is bboxes is instance of list? True
2024-03-18 12:26:04,717 is bounding_boxes is instance of list? True
2024-03-18 12:26:04,920 is input_id_chunks is instance of list? True
2024-03-18 12:26:04,921 is mask_chunks is instance of list? True
2024-03-18 12:26:04,921 is bbox_chunks is instance of list? True
2024-03-18 12:26:04,921 is image_chunks is instance of list? True
2024-03-18 12:26:04,921 is input_dict is instance of dict? True
2024-03-18 12:26:06,120 Model Called
2024-03-18 12:26:06,120 RAM memory 60.7 used for Proforma_Invoice(2013_01_10_13_51_25_9844)_494_0.png:
2024-03-18 12:26:06,121 is all_predictions is instance of list? True
2024-03-18 12:26:06,121 is all_boxes is instance of list? True
2024-03-18 12:26:06,121 is all_confidences is instance of list? True
2024-03-18 12:26:06,121 is all_text is instance of list? True
2024-03-18 12:26:06,121 is label2id is instance of dict? True
2024-03-18 12:26:06,121 is id2label is instance of dict? True
2024-03-18 12:26:06,122 is label2color is instance of dict? True
2024-03-18 12:26:06,122 label2color : {'transaction_date': '#398EC7', 'beneficiary_bank_swift': '#785F60', 'unit': '#74C67D', 'gross_weight': '#86EDFA', 'payment_terms': '#51273E', 'date_of_invoice': '#173CF2', 'lc_ref_no': '#2CD154', 'order_date': '#578700', 'invoice_tax_amount': '#C43A1F', 'shipper_name': '#03ED7F', 'freight_charges': '#3520BF', 'tolerance_of_quantity': '#9F494D', 'O': '#94503B', 'transport_details': '#C4EA85', 'place_of_receipt': '#25CE9E', 'country_of_final_destination': '#7B8BB2', 'notify_party_name': '#1E02EC', 'remitter_country': '#EF4B4E', 'beneficiary_country': '#FFEC4E', 'final_destination': '#00B2AD', 'pre-carriage-by': '#55522A', 'invoice_no': '#DB7DBB', 'insurance_charges': '#99C5B6', 'cosignee_name': '#AE6BDE', 'tenor_indicator': '#FBF271', 'incoterm': '#2AE4C3', 'original_or_copy': '#8601A4', 'page_no': '#E3CC49', 'vessel_flight_no': '#DF248F', 'beneficiary_bank_identifier': '#A3CD3E', 'port_of_loading': '#CCCA3F', 'awb_number': '#8D5F19', 'transaction_amonunt_value': '#3545D8', 'shipper_address': '#32B64F', 'goods_description': '#92E5BE', 'consignor_name': '#CAE218', 'stamp': '#921146', 'bill_of_lading_no': '#B7ABD8', 'transhipment': '#D7F403', 'invoice_due_date': '#03562C', 'indicator_type': '#A86102', 'importer_your_ref_no': '#5FE25C', 'rate_per_unit': '#F71A14', 'beneficiary_bank_country': '#737BB1', 'notify_party_country': '#0506BE', 'beneficiary_drawer_exporter_seller_supplier_tin': '#407381', 'signature': '#953E4F', 'invoice_amount': '#1328D0', 'lc_date': '#F2D3DF', 'advance_amount': '#1CD467', 'beneficiary_address': '#CD2351', 'signature_of_the_issuer': '#7068B1', 'beneficiary_account_number': '#64F5F7', 'signed_by': '#C44B85', 'from': '#A9E160', 'exporter_our_ref_no': '#2828F5', 'remitter_drawee_applicant_importer_buyer_name': '#160DCF', 'packaging_description': '#A33F62', 'notify_party_address': '#7D405D', 'hs_code_no': '#C83BD0', 'beneficiary_iban_number': '#7DF116', 'beneficiary_drawer_exporter_seller_supplier_name': '#C73621', 'beneficiary_bank_name': '#064717', 'delivery_terms': '#B08E89', 'total_quantity_of_goods': '#435EBA', 'dimension': '#9809BD', 'invoice_amount_in_words': '#12DBB3', 'invoice_discount_ccy': '#C56E15', 'declaration_by_issuer': '#541180', 'port_of_discharge': '#EACF44', 'total_pages': '#A19885', 'usance_tenor': '#99FD27', 'amount_due': '#2A90E6', 'purchase_order_no_and_agreement_ref_no': '#FCFCD0', 'vessel_name': '#6EE3B5', 'indicator_date': '#C2730F', 'invoice_tax_ccy': '#4D1113', 'mode_of_despatch': '#B51FE1', 'net_weight': '#6006B2', 'awb_date': '#7E474C', 'country_of_origin_of_goods': '#4CFC3D', 'invoice_currency': '#0164F1', 'bill_of_lading_date': '#558D12', 'shipment_date': '#66583C', 'consignee_address': '#8D5FA5', 'invoice_discount_amount': '#6746F4', 'transaction_currency': '#01E655', 'consignor_country': '#7B7920', 'to': '#674585', 'consignor_address': '#96B880', 'remitter_address': '#924784', 'drawer_ref_no': '#20AFFF', 'tenor_type': '#D92987', 'presentation_period': '#38618B'}
2024-03-18 12:26:06,256 is result_set is instance of dict? True
2024-03-18 12:26:06,256 is final_result_set is instance of dict? True
2024-03-18 12:26:06,378 Time taken for page 1 of Proforma_Invoice(2013_01_10_13_51_25_9844)_494_0.png:0:00:01.697918
2024-03-18 12:26:06,480 *****Generated All Pages****** for Proforma_Invoice(2013_01_10_13_51_25_9844)_494_0.png
2024-03-18 12:26:06,480 RAM memory 60.7 used for Proforma_Invoice(2013_01_10_13_51_25_9844)_494_0.png Generating All Pages:
2024-03-18 12:26:06,480 Processing time taken for all pages of Proforma_Invoice(2013_01_10_13_51_25_9844)_494_0.png1:0:00:01.800694
2024-03-18 12:26:06,589 file name is:Proforma_Invoice_31_0.png
2024-03-18 12:26:06,589 folder path :Images
2024-03-18 12:26:06,589 Calling Image result
2024-03-18 12:26:06,590 is all_page_result is instance of dict? True
2024-03-18 12:26:06,590 STREAM b'IHDR' 16 13
2024-03-18 12:26:06,590 STREAM b'IDAT' 41 46940
2024-03-18 12:26:06,626 is words is instance of list? True
2024-03-18 12:26:06,626 is bboxes is instance of list? True
2024-03-18 12:26:06,626 is bounding_boxes is instance of list? True
2024-03-18 12:26:06,842 is input_id_chunks is instance of list? True
2024-03-18 12:26:06,842 is mask_chunks is instance of list? True
2024-03-18 12:26:06,842 is bbox_chunks is instance of list? True
2024-03-18 12:26:06,842 is image_chunks is instance of list? True
2024-03-18 12:26:06,842 is input_dict is instance of dict? True
2024-03-18 12:26:08,008 Model Called
2024-03-18 12:26:08,008 RAM memory 61.3 used for Proforma_Invoice_31_0.png:
2024-03-18 12:26:08,008 is all_predictions is instance of list? True
2024-03-18 12:26:08,009 is all_boxes is instance of list? True
2024-03-18 12:26:08,009 is all_confidences is instance of list? True
2024-03-18 12:26:08,009 is all_text is instance of list? True
2024-03-18 12:26:08,009 is label2id is instance of dict? True
2024-03-18 12:26:08,009 is id2label is instance of dict? True
2024-03-18 12:26:08,010 is label2color is instance of dict? True
2024-03-18 12:26:08,010 label2color : {'transaction_date': '#2C6B39', 'beneficiary_bank_swift': '#9811FB', 'unit': '#80E8FE', 'gross_weight': '#4C2CCE', 'payment_terms': '#CF88E8', 'date_of_invoice': '#7B2A25', 'lc_ref_no': '#B4FD62', 'order_date': '#507C6D', 'invoice_tax_amount': '#F778EB', 'shipper_name': '#63F952', 'freight_charges': '#C9A5C9', 'tolerance_of_quantity': '#DC268D', 'O': '#59FC71', 'transport_details': '#25ACE8', 'place_of_receipt': '#7C8920', 'country_of_final_destination': '#9B6808', 'notify_party_name': '#E072DC', 'remitter_country': '#23C0E8', 'beneficiary_country': '#9E72B4', 'final_destination': '#C43136', 'pre-carriage-by': '#7F6238', 'invoice_no': '#144551', 'insurance_charges': '#2D3305', 'cosignee_name': '#ABCF98', 'tenor_indicator': '#65B0FA', 'incoterm': '#DCA2A9', 'original_or_copy': '#ADACA7', 'page_no': '#14C5D7', 'vessel_flight_no': '#2465E3', 'beneficiary_bank_identifier': '#332C6A', 'port_of_loading': '#91AA19', 'awb_number': '#A6FB68', 'transaction_amonunt_value': '#931230', 'shipper_address': '#EC12D9', 'goods_description': '#02720B', 'consignor_name': '#739B55', 'stamp': '#D9246B', 'bill_of_lading_no': '#75D0C1', 'transhipment': '#2BC389', 'invoice_due_date': '#2FC515', 'indicator_type': '#358DC9', 'importer_your_ref_no': '#C20478', 'rate_per_unit': '#FA7CE8', 'beneficiary_bank_country': '#96039F', 'notify_party_country': '#C5B72E', 'beneficiary_drawer_exporter_seller_supplier_tin': '#CA7D50', 'signature': '#4B9335', 'invoice_amount': '#C5A9F7', 'lc_date': '#8ADDB9', 'advance_amount': '#227588', 'beneficiary_address': '#F3F0C5', 'signature_of_the_issuer': '#57ABD6', 'beneficiary_account_number': '#641C9E', 'signed_by': '#E7ADE6', 'from': '#E1D810', 'exporter_our_ref_no': '#CA8198', 'remitter_drawee_applicant_importer_buyer_name': '#FF2313', 'packaging_description': '#896D54', 'notify_party_address': '#D4C17F', 'hs_code_no': '#897257', 'beneficiary_iban_number': '#AD2E2F', 'beneficiary_drawer_exporter_seller_supplier_name': '#16B7D9', 'beneficiary_bank_name': '#E19E82', 'delivery_terms': '#215B4D', 'total_quantity_of_goods': '#2488B0', 'dimension': '#3F3077', 'invoice_amount_in_words': '#6CF274', 'invoice_discount_ccy': '#E08C07', 'declaration_by_issuer': '#DEA4FC', 'port_of_discharge': '#0B724C', 'total_pages': '#D84373', 'usance_tenor': '#6B2E4F', 'amount_due': '#94FDDB', 'purchase_order_no_and_agreement_ref_no': '#8FB653', 'vessel_name': '#1D4653', 'indicator_date': '#A0C471', 'invoice_tax_ccy': '#B7D19E', 'mode_of_despatch': '#17A4B7', 'net_weight': '#AB4A20', 'awb_date': '#1EB168', 'country_of_origin_of_goods': '#45C24A', 'invoice_currency': '#D407CC', 'bill_of_lading_date': '#4C346D', 'shipment_date': '#4AEACF', 'consignee_address': '#3B5A5F', 'invoice_discount_amount': '#47A7C0', 'transaction_currency': '#1359BD', 'consignor_country': '#5BEAB7', 'to': '#510699', 'consignor_address': '#FD0F53', 'remitter_address': '#519FC6', 'drawer_ref_no': '#56B097', 'tenor_type': '#7D1C9A', 'presentation_period': '#7752A8'}
2024-03-18 12:26:08,139 is result_set is instance of dict? True
2024-03-18 12:26:08,140 is final_result_set is instance of dict? True
2024-03-18 12:26:08,272 Time taken for page 1 of Proforma_Invoice_31_0.png:0:00:01.681985
2024-03-18 12:26:08,373 *****Generated All Pages****** for Proforma_Invoice_31_0.png
2024-03-18 12:26:08,373 RAM memory 61.2 used for Proforma_Invoice_31_0.png Generating All Pages:
2024-03-18 12:26:08,373 Processing time taken for all pages of Proforma_Invoice_31_0.png1:0:00:01.783852
2024-03-18 12:26:08,487 file name is:Proforma_Invoice(2013_01_10_13_52_31_4878)_498_0.png
2024-03-18 12:26:08,488 folder path :Images
2024-03-18 12:26:08,488 Calling Image result
2024-03-18 12:26:08,488 is all_page_result is instance of dict? True
2024-03-18 12:26:08,488 STREAM b'IHDR' 16 13
2024-03-18 12:26:08,488 STREAM b'IDAT' 41 34222
2024-03-18 12:26:08,529 is words is instance of list? True
2024-03-18 12:26:08,529 is bboxes is instance of list? True
2024-03-18 12:26:08,529 is bounding_boxes is instance of list? True
2024-03-18 12:26:08,757 is input_id_chunks is instance of list? True
2024-03-18 12:26:08,757 is mask_chunks is instance of list? True
2024-03-18 12:26:08,757 is bbox_chunks is instance of list? True
2024-03-18 12:26:08,757 is image_chunks is instance of list? True
2024-03-18 12:26:08,758 is input_dict is instance of dict? True
2024-03-18 12:26:10,003 Model Called
2024-03-18 12:26:10,004 RAM memory 60.8 used for Proforma_Invoice(2013_01_10_13_52_31_4878)_498_0.png:
2024-03-18 12:26:10,004 is all_predictions is instance of list? True
2024-03-18 12:26:10,004 is all_boxes is instance of list? True
2024-03-18 12:26:10,004 is all_confidences is instance of list? True
2024-03-18 12:26:10,004 is all_text is instance of list? True
2024-03-18 12:26:10,005 is label2id is instance of dict? True
2024-03-18 12:26:10,005 is id2label is instance of dict? True
2024-03-18 12:26:10,006 is label2color is instance of dict? True
2024-03-18 12:26:10,006 label2color : {'transaction_date': '#CE8418', 'beneficiary_bank_swift': '#48C4FF', 'unit': '#DBA4EA', 'gross_weight': '#7A112D', 'payment_terms': '#9F4630', 'date_of_invoice': '#41E9F8', 'lc_ref_no': '#003869', 'order_date': '#D287C5', 'invoice_tax_amount': '#E481C0', 'shipper_name': '#A38809', 'freight_charges': '#2C012B', 'tolerance_of_quantity': '#2EB9A9', 'O': '#B868C5', 'transport_details': '#C130ED', 'place_of_receipt': '#73D772', 'country_of_final_destination': '#C7EC71', 'notify_party_name': '#7E9A27', 'remitter_country': '#2A027E', 'beneficiary_country': '#66BB2B', 'final_destination': '#310108', 'pre-carriage-by': '#D30C89', 'invoice_no': '#00BE07', 'insurance_charges': '#671DFE', 'cosignee_name': '#31141A', 'tenor_indicator': '#216F40', 'incoterm': '#F58120', 'original_or_copy': '#ED7DB6', 'page_no': '#3BF177', 'vessel_flight_no': '#EB81EE', 'beneficiary_bank_identifier': '#56B816', 'port_of_loading': '#539425', 'awb_number': '#BFEC8A', 'transaction_amonunt_value': '#9EA92E', 'shipper_address': '#4C6A00', 'goods_description': '#BD8AEE', 'consignor_name': '#12F8A5', 'stamp': '#CEFF74', 'bill_of_lading_no': '#1D8535', 'transhipment': '#29F047', 'invoice_due_date': '#70CE17', 'indicator_type': '#D52692', 'importer_your_ref_no': '#EDFBD6', 'rate_per_unit': '#89D8E7', 'beneficiary_bank_country': '#F122B1', 'notify_party_country': '#6EFD98', 'beneficiary_drawer_exporter_seller_supplier_tin': '#4E3EEF', 'signature': '#6F5328', 'invoice_amount': '#CB43B7', 'lc_date': '#2B5A35', 'advance_amount': '#DF3CCD', 'beneficiary_address': '#6D27AF', 'signature_of_the_issuer': '#9A3A90', 'beneficiary_account_number': '#6200E7', 'signed_by': '#38720D', 'from': '#4C4E47', 'exporter_our_ref_no': '#9B47C4', 'remitter_drawee_applicant_importer_buyer_name': '#1016C6', 'packaging_description': '#50E572', 'notify_party_address': '#93446C', 'hs_code_no': '#010AF7', 'beneficiary_iban_number': '#FB07F3', 'beneficiary_drawer_exporter_seller_supplier_name': '#CC9386', 'beneficiary_bank_name': '#F7D71D', 'delivery_terms': '#4703C6', 'total_quantity_of_goods': '#E5E75B', 'dimension': '#DB93A0', 'invoice_amount_in_words': '#D65422', 'invoice_discount_ccy': '#ED1535', 'declaration_by_issuer': '#203BCC', 'port_of_discharge': '#72E613', 'total_pages': '#97EAD5', 'usance_tenor': '#A9EA75', 'amount_due': '#05B212', 'purchase_order_no_and_agreement_ref_no': '#D198F9', 'vessel_name': '#8EFC5F', 'indicator_date': '#46ACF5', 'invoice_tax_ccy': '#9A149C', 'mode_of_despatch': '#C8292F', 'net_weight': '#FD7BB9', 'awb_date': '#1F9D83', 'country_of_origin_of_goods': '#5FFF23', 'invoice_currency': '#259C8A', 'bill_of_lading_date': '#6DD03D', 'shipment_date': '#65A048', 'consignee_address': '#7E1FA3', 'invoice_discount_amount': '#47EF7A', 'transaction_currency': '#416998', 'consignor_country': '#55A0FF', 'to': '#AD55F7', 'consignor_address': '#14D386', 'remitter_address': '#E38EF6', 'drawer_ref_no': '#DAD996', 'tenor_type': '#0E59A8', 'presentation_period': '#8BED02'}
2024-03-18 12:26:10,129 is result_set is instance of dict? True
2024-03-18 12:26:10,129 is final_result_set is instance of dict? True
2024-03-18 12:26:10,252 Time taken for page 1 of Proforma_Invoice(2013_01_10_13_52_31_4878)_498_0.png:0:00:01.764282
2024-03-18 12:26:10,355 *****Generated All Pages****** for Proforma_Invoice(2013_01_10_13_52_31_4878)_498_0.png
2024-03-18 12:26:10,356 RAM memory 60.8 used for Proforma_Invoice(2013_01_10_13_52_31_4878)_498_0.png Generating All Pages:
2024-03-18 12:26:10,356 Processing time taken for all pages of Proforma_Invoice(2013_01_10_13_52_31_4878)_498_0.png1:0:00:01.868135
2024-03-18 12:26:10,465 file name is:Proforma_Invoice(2013_01_10_13_55_14_3594)_523_0.png
2024-03-18 12:26:10,465 folder path :Images
2024-03-18 12:26:10,465 Calling Image result
2024-03-18 12:26:10,465 is all_page_result is instance of dict? True
2024-03-18 12:26:10,465 STREAM b'IHDR' 16 13
2024-03-18 12:26:10,465 STREAM b'IDAT' 41 33176
2024-03-18 12:26:10,507 is words is instance of list? True
2024-03-18 12:26:10,507 is bboxes is instance of list? True
2024-03-18 12:26:10,507 is bounding_boxes is instance of list? True
2024-03-18 12:26:10,715 is input_id_chunks is instance of list? True
2024-03-18 12:26:10,715 is mask_chunks is instance of list? True
2024-03-18 12:26:10,715 is bbox_chunks is instance of list? True
2024-03-18 12:26:10,715 is image_chunks is instance of list? True
2024-03-18 12:26:10,716 is input_dict is instance of dict? True
2024-03-18 12:26:11,949 Model Called
2024-03-18 12:26:11,950 RAM memory 61.7 used for Proforma_Invoice(2013_01_10_13_55_14_3594)_523_0.png:
2024-03-18 12:26:11,950 is all_predictions is instance of list? True
2024-03-18 12:26:11,950 is all_boxes is instance of list? True
2024-03-18 12:26:11,950 is all_confidences is instance of list? True
2024-03-18 12:26:11,950 is all_text is instance of list? True
2024-03-18 12:26:11,951 is label2id is instance of dict? True
2024-03-18 12:26:11,951 is id2label is instance of dict? True
2024-03-18 12:26:11,951 is label2color is instance of dict? True
2024-03-18 12:26:11,952 label2color : {'transaction_date': '#3C3C5D', 'beneficiary_bank_swift': '#43A5F3', 'unit': '#B6B990', 'gross_weight': '#BB7938', 'payment_terms': '#6219B0', 'date_of_invoice': '#B9EEEC', 'lc_ref_no': '#6F992E', 'order_date': '#7989B6', 'invoice_tax_amount': '#EDB01E', 'shipper_name': '#CFCFDB', 'freight_charges': '#B5D32F', 'tolerance_of_quantity': '#60257E', 'O': '#928B21', 'transport_details': '#B41393', 'place_of_receipt': '#1F5FD6', 'country_of_final_destination': '#3E4072', 'notify_party_name': '#DD7C4D', 'remitter_country': '#0010CA', 'beneficiary_country': '#80B18A', 'final_destination': '#0F6372', 'pre-carriage-by': '#1DAE6E', 'invoice_no': '#30BC50', 'insurance_charges': '#0F6F15', 'cosignee_name': '#F22B0A', 'tenor_indicator': '#779B22', 'incoterm': '#9B2256', 'original_or_copy': '#5B71F6', 'page_no': '#F618B6', 'vessel_flight_no': '#3217E1', 'beneficiary_bank_identifier': '#369DAF', 'port_of_loading': '#AE3C19', 'awb_number': '#C6B77B', 'transaction_amonunt_value': '#F8347D', 'shipper_address': '#DC7B46', 'goods_description': '#8552D0', 'consignor_name': '#492257', 'stamp': '#D0549A', 'bill_of_lading_no': '#5F04F9', 'transhipment': '#7E4CBC', 'invoice_due_date': '#EE5191', 'indicator_type': '#B0281B', 'importer_your_ref_no': '#CEFA8A', 'rate_per_unit': '#A6BB01', 'beneficiary_bank_country': '#D2A162', 'notify_party_country': '#74FAEA', 'beneficiary_drawer_exporter_seller_supplier_tin': '#36361B', 'signature': '#D682A1', 'invoice_amount': '#841720', 'lc_date': '#BD1C64', 'advance_amount': '#7F57EF', 'beneficiary_address': '#775DE3', 'signature_of_the_issuer': '#1051F4', 'beneficiary_account_number': '#5D6FB5', 'signed_by': '#33675D', 'from': '#B5BA34', 'exporter_our_ref_no': '#BFE1FE', 'remitter_drawee_applicant_importer_buyer_name': '#FE5F86', 'packaging_description': '#58A45E', 'notify_party_address': '#77C71F', 'hs_code_no': '#CB4CA9', 'beneficiary_iban_number': '#6E2F69', 'beneficiary_drawer_exporter_seller_supplier_name': '#960E3B', 'beneficiary_bank_name': '#B13302', 'delivery_terms': '#2D3A25', 'total_quantity_of_goods': '#212AB5', 'dimension': '#F7BF75', 'invoice_amount_in_words': '#3A8BBF', 'invoice_discount_ccy': '#868F17', 'declaration_by_issuer': '#6F28C7', 'port_of_discharge': '#FA9841', 'total_pages': '#570EAF', 'usance_tenor': '#778F04', 'amount_due': '#87D832', 'purchase_order_no_and_agreement_ref_no': '#86B379', 'vessel_name': '#5C70A3', 'indicator_date': '#BC0DA9', 'invoice_tax_ccy': '#DBE32E', 'mode_of_despatch': '#9C73FC', 'net_weight': '#B00286', 'awb_date': '#8BF0BB', 'country_of_origin_of_goods': '#5AADBD', 'invoice_currency': '#3A85C2', 'bill_of_lading_date': '#E7DC72', 'shipment_date': '#B0D202', 'consignee_address': '#81AD84', 'invoice_discount_amount': '#CEBE2C', 'transaction_currency': '#C52DA3', 'consignor_country': '#D920F4', 'to': '#A9E3EF', 'consignor_address': '#51E6FA', 'remitter_address': '#F7935B', 'drawer_ref_no': '#4B6CEC', 'tenor_type': '#F6B5CD', 'presentation_period': '#5700FA'}
2024-03-18 12:26:12,075 is result_set is instance of dict? True
2024-03-18 12:26:12,076 is final_result_set is instance of dict? True
2024-03-18 12:26:12,185 Time taken for page 1 of Proforma_Invoice(2013_01_10_13_55_14_3594)_523_0.png:0:00:01.720133
2024-03-18 12:26:12,288 *****Generated All Pages****** for Proforma_Invoice(2013_01_10_13_55_14_3594)_523_0.png
2024-03-18 12:26:12,288 RAM memory 61.6 used for Proforma_Invoice(2013_01_10_13_55_14_3594)_523_0.png Generating All Pages:
2024-03-18 12:26:12,288 Processing time taken for all pages of Proforma_Invoice(2013_01_10_13_55_14_3594)_523_0.png1:0:00:01.823077
2024-03-18 12:26:12,407 file name is:Proforma_Invoice(2012_08_21_17_37_37_7580)_82_0.png
2024-03-18 12:26:12,407 folder path :Images
2024-03-18 12:26:12,407 Calling Image result
2024-03-18 12:26:12,407 is all_page_result is instance of dict? True
2024-03-18 12:26:12,407 STREAM b'IHDR' 16 13
2024-03-18 12:26:12,407 STREAM b'IDAT' 41 57103
2024-03-18 12:26:12,444 is words is instance of list? True
2024-03-18 12:26:12,444 is bboxes is instance of list? True
2024-03-18 12:26:12,444 is bounding_boxes is instance of list? True
2024-03-18 12:26:12,647 is input_id_chunks is instance of list? True
2024-03-18 12:26:12,647 is mask_chunks is instance of list? True
2024-03-18 12:26:12,647 is bbox_chunks is instance of list? True
2024-03-18 12:26:12,647 is image_chunks is instance of list? True
2024-03-18 12:26:12,648 is input_dict is instance of dict? True
2024-03-18 12:26:15,064 Model Called
2024-03-18 12:26:15,065 RAM memory 66.7 used for Proforma_Invoice(2012_08_21_17_37_37_7580)_82_0.png:
2024-03-18 12:26:15,065 is all_predictions is instance of list? True
2024-03-18 12:26:15,065 is all_boxes is instance of list? True
2024-03-18 12:26:15,065 is all_confidences is instance of list? True
2024-03-18 12:26:15,065 is all_text is instance of list? True
2024-03-18 12:26:15,065 is label2id is instance of dict? True
2024-03-18 12:26:15,065 is id2label is instance of dict? True
2024-03-18 12:26:15,066 is label2color is instance of dict? True
2024-03-18 12:26:15,066 label2color : {'transaction_date': '#742BB6', 'beneficiary_bank_swift': '#FA7495', 'unit': '#B7C205', 'gross_weight': '#ED237A', 'payment_terms': '#5B957F', 'date_of_invoice': '#8FF828', 'lc_ref_no': '#27FE34', 'order_date': '#98558C', 'invoice_tax_amount': '#D4AA6C', 'shipper_name': '#30ACFA', 'freight_charges': '#F214F7', 'tolerance_of_quantity': '#F0F39F', 'O': '#95AB64', 'transport_details': '#3D2FAE', 'place_of_receipt': '#1646C2', 'country_of_final_destination': '#27E887', 'notify_party_name': '#22C646', 'remitter_country': '#944766', 'beneficiary_country': '#A64B06', 'final_destination': '#67463B', 'pre-carriage-by': '#176C4B', 'invoice_no': '#3B7A7F', 'insurance_charges': '#745542', 'cosignee_name': '#C70D31', 'tenor_indicator': '#06E76F', 'incoterm': '#B3607B', 'original_or_copy': '#180390', 'page_no': '#4720EA', 'vessel_flight_no': '#3F064D', 'beneficiary_bank_identifier': '#92B1F1', 'port_of_loading': '#FB0AF1', 'awb_number': '#A511F7', 'transaction_amonunt_value': '#45323D', 'shipper_address': '#4EABB2', 'goods_description': '#582CE2', 'consignor_name': '#DAD89E', 'stamp': '#820EE6', 'bill_of_lading_no': '#356472', 'transhipment': '#D87995', 'invoice_due_date': '#12FFC8', 'indicator_type': '#BDB687', 'importer_your_ref_no': '#B20607', 'rate_per_unit': '#A02898', 'beneficiary_bank_country': '#669F7D', 'notify_party_country': '#601C20', 'beneficiary_drawer_exporter_seller_supplier_tin': '#64F70E', 'signature': '#DCDAB6', 'invoice_amount': '#DCBDBF', 'lc_date': '#18800C', 'advance_amount': '#3D2B03', 'beneficiary_address': '#9E1F91', 'signature_of_the_issuer': '#C33218', 'beneficiary_account_number': '#AF5832', 'signed_by': '#10C343', 'from': '#00E81A', 'exporter_our_ref_no': '#66DC90', 'remitter_drawee_applicant_importer_buyer_name': '#A6A5BF', 'packaging_description': '#C8615F', 'notify_party_address': '#C36D27', 'hs_code_no': '#F81F2B', 'beneficiary_iban_number': '#8867CD', 'beneficiary_drawer_exporter_seller_supplier_name': '#C3796A', 'beneficiary_bank_name': '#ED1974', 'delivery_terms': '#1BB263', 'total_quantity_of_goods': '#B0E7EE', 'dimension': '#0ED7B5', 'invoice_amount_in_words': '#AC1081', 'invoice_discount_ccy': '#9B52B3', 'declaration_by_issuer': '#ED348B', 'port_of_discharge': '#F3E5EE', 'total_pages': '#F7D8AC', 'usance_tenor': '#18561D', 'amount_due': '#49B780', 'purchase_order_no_and_agreement_ref_no': '#8EEA8F', 'vessel_name': '#C6D770', 'indicator_date': '#D54E6D', 'invoice_tax_ccy': '#831738', 'mode_of_despatch': '#91CFD9', 'net_weight': '#12B3FC', 'awb_date': '#B68B8F', 'country_of_origin_of_goods': '#4E3390', 'invoice_currency': '#C09D0A', 'bill_of_lading_date': '#68F6EF', 'shipment_date': '#A7740E', 'consignee_address': '#715E85', 'invoice_discount_amount': '#AB440D', 'transaction_currency': '#38F4EA', 'consignor_country': '#A46E03', 'to': '#9B39CF', 'consignor_address': '#F7D4D9', 'remitter_address': '#A34B95', 'drawer_ref_no': '#CE2625', 'tenor_type': '#B8CC20', 'presentation_period': '#E6DE3C'}
2024-03-18 12:26:15,250 is result_set is instance of dict? True
2024-03-18 12:26:15,252 is final_result_set is instance of dict? True
2024-03-18 12:26:15,471 Time taken for page 1 of Proforma_Invoice(2012_08_21_17_37_37_7580)_82_0.png:0:00:03.063808
2024-03-18 12:26:15,582 *****Generated All Pages****** for Proforma_Invoice(2012_08_21_17_37_37_7580)_82_0.png
2024-03-18 12:26:15,582 RAM memory 66.7 used for Proforma_Invoice(2012_08_21_17_37_37_7580)_82_0.png Generating All Pages:
2024-03-18 12:26:15,582 Processing time taken for all pages of Proforma_Invoice(2012_08_21_17_37_37_7580)_82_0.png1:0:00:03.175390
2024-03-18 12:26:15,703 file name is:Proforma_Invoice(2013_01_10_13_51_15_4180)_493_0.png
2024-03-18 12:26:15,703 folder path :Images
2024-03-18 12:26:15,703 Calling Image result
2024-03-18 12:26:15,703 is all_page_result is instance of dict? True
2024-03-18 12:26:15,703 STREAM b'IHDR' 16 13
2024-03-18 12:26:15,703 STREAM b'IDAT' 41 34028
2024-03-18 12:26:15,740 is words is instance of list? True
2024-03-18 12:26:15,741 is bboxes is instance of list? True
2024-03-18 12:26:15,741 is bounding_boxes is instance of list? True
2024-03-18 12:26:15,929 is input_id_chunks is instance of list? True
2024-03-18 12:26:15,929 is mask_chunks is instance of list? True
2024-03-18 12:26:15,929 is bbox_chunks is instance of list? True
2024-03-18 12:26:15,929 is image_chunks is instance of list? True
2024-03-18 12:26:15,930 is input_dict is instance of dict? True
2024-03-18 12:26:17,083 Model Called
2024-03-18 12:26:17,083 RAM memory 63.5 used for Proforma_Invoice(2013_01_10_13_51_15_4180)_493_0.png:
2024-03-18 12:26:17,083 is all_predictions is instance of list? True
2024-03-18 12:26:17,083 is all_boxes is instance of list? True
2024-03-18 12:26:17,083 is all_confidences is instance of list? True
2024-03-18 12:26:17,083 is all_text is instance of list? True
2024-03-18 12:26:17,084 is label2id is instance of dict? True
2024-03-18 12:26:17,084 is id2label is instance of dict? True
2024-03-18 12:26:17,085 is label2color is instance of dict? True
2024-03-18 12:26:17,085 label2color : {'transaction_date': '#B3B962', 'beneficiary_bank_swift': '#A1788C', 'unit': '#6149BE', 'gross_weight': '#CDDAB2', 'payment_terms': '#BBA2D4', 'date_of_invoice': '#08536E', 'lc_ref_no': '#38AC08', 'order_date': '#775B29', 'invoice_tax_amount': '#9E8307', 'shipper_name': '#51FE44', 'freight_charges': '#84BC22', 'tolerance_of_quantity': '#386F5E', 'O': '#52B26D', 'transport_details': '#171108', 'place_of_receipt': '#05E336', 'country_of_final_destination': '#C259E1', 'notify_party_name': '#814801', 'remitter_country': '#360859', 'beneficiary_country': '#FB44C1', 'final_destination': '#08F886', 'pre-carriage-by': '#B8D691', 'invoice_no': '#CF49C4', 'insurance_charges': '#F9B431', 'cosignee_name': '#64B9DC', 'tenor_indicator': '#280DE7', 'incoterm': '#926147', 'original_or_copy': '#13D0C0', 'page_no': '#D4045C', 'vessel_flight_no': '#A7BD76', 'beneficiary_bank_identifier': '#A92E51', 'port_of_loading': '#4B30A8', 'awb_number': '#442D7E', 'transaction_amonunt_value': '#8D193D', 'shipper_address': '#B29ABC', 'goods_description': '#E538F5', 'consignor_name': '#4A1266', 'stamp': '#CAE138', 'bill_of_lading_no': '#DDBFB3', 'transhipment': '#0AA9F2', 'invoice_due_date': '#FD8927', 'indicator_type': '#078C53', 'importer_your_ref_no': '#6AF5D7', 'rate_per_unit': '#17228E', 'beneficiary_bank_country': '#4AFAC5', 'notify_party_country': '#A90F25', 'beneficiary_drawer_exporter_seller_supplier_tin': '#CB6123', 'signature': '#CDA2E3', 'invoice_amount': '#BDFDE3', 'lc_date': '#0F75D1', 'advance_amount': '#9492D0', 'beneficiary_address': '#965857', 'signature_of_the_issuer': '#ADDA7C', 'beneficiary_account_number': '#4E72ED', 'signed_by': '#0EE9D2', 'from': '#3CAAE9', 'exporter_our_ref_no': '#E9D36C', 'remitter_drawee_applicant_importer_buyer_name': '#D6BF98', 'packaging_description': '#01F4EA', 'notify_party_address': '#5A0FBC', 'hs_code_no': '#DD5877', 'beneficiary_iban_number': '#E17C91', 'beneficiary_drawer_exporter_seller_supplier_name': '#9DE8C9', 'beneficiary_bank_name': '#D9F2B9', 'delivery_terms': '#37CE93', 'total_quantity_of_goods': '#0E7A7A', 'dimension': '#AED4B2', 'invoice_amount_in_words': '#0FC6C0', 'invoice_discount_ccy': '#C89923', 'declaration_by_issuer': '#D69F1C', 'port_of_discharge': '#7A756E', 'total_pages': '#D8B4C8', 'usance_tenor': '#D5E6B1', 'amount_due': '#D7EF77', 'purchase_order_no_and_agreement_ref_no': '#F2B798', 'vessel_name': '#7C7A7E', 'indicator_date': '#37E906', 'invoice_tax_ccy': '#5640B6', 'mode_of_despatch': '#754677', 'net_weight': '#8C6647', 'awb_date': '#2CA663', 'country_of_origin_of_goods': '#16B2B6', 'invoice_currency': '#DC889E', 'bill_of_lading_date': '#55CB1B', 'shipment_date': '#3AC198', 'consignee_address': '#0C9832', 'invoice_discount_amount': '#D2871C', 'transaction_currency': '#CEF756', 'consignor_country': '#8AD659', 'to': '#1656B1', 'consignor_address': '#02FF45', 'remitter_address': '#5B8676', 'drawer_ref_no': '#7632ED', 'tenor_type': '#5A5721', 'presentation_period': '#BCB097'}
2024-03-18 12:26:17,204 is result_set is instance of dict? True
2024-03-18 12:26:17,205 is final_result_set is instance of dict? True
2024-03-18 12:26:17,354 Time taken for page 1 of Proforma_Invoice(2013_01_10_13_51_15_4180)_493_0.png:0:00:01.650499
2024-03-18 12:26:17,451 *****Generated All Pages****** for Proforma_Invoice(2013_01_10_13_51_15_4180)_493_0.png
2024-03-18 12:26:17,451 RAM memory 63.5 used for Proforma_Invoice(2013_01_10_13_51_15_4180)_493_0.png Generating All Pages:
2024-03-18 12:26:17,451 Processing time taken for all pages of Proforma_Invoice(2013_01_10_13_51_15_4180)_493_0.png1:0:00:01.748009
2024-03-18 12:26:17,560 file name is:Proforma_Invoice_29_0.png
2024-03-18 12:26:17,560 folder path :Images
2024-03-18 12:26:17,560 Calling Image result
2024-03-18 12:26:17,560 is all_page_result is instance of dict? True
2024-03-18 12:26:17,560 STREAM b'IHDR' 16 13
2024-03-18 12:26:17,560 STREAM b'IDAT' 41 65536
2024-03-18 12:26:17,604 is words is instance of list? True
2024-03-18 12:26:17,604 is bboxes is instance of list? True
2024-03-18 12:26:17,604 is bounding_boxes is instance of list? True
2024-03-18 12:26:17,816 is input_id_chunks is instance of list? True
2024-03-18 12:26:17,816 is mask_chunks is instance of list? True
2024-03-18 12:26:17,816 is bbox_chunks is instance of list? True
2024-03-18 12:26:17,816 is image_chunks is instance of list? True
2024-03-18 12:26:17,817 is input_dict is instance of dict? True
2024-03-18 12:26:20,187 Model Called
2024-03-18 12:26:20,187 RAM memory 66.5 used for Proforma_Invoice_29_0.png:
2024-03-18 12:26:20,187 is all_predictions is instance of list? True
2024-03-18 12:26:20,188 is all_boxes is instance of list? True
2024-03-18 12:26:20,188 is all_confidences is instance of list? True
2024-03-18 12:26:20,188 is all_text is instance of list? True
2024-03-18 12:26:20,188 is label2id is instance of dict? True
2024-03-18 12:26:20,188 is id2label is instance of dict? True
2024-03-18 12:26:20,189 is label2color is instance of dict? True
2024-03-18 12:26:20,189 label2color : {'transaction_date': '#90C13B', 'beneficiary_bank_swift': '#0AB1C6', 'unit': '#F32961', 'gross_weight': '#428B12', 'payment_terms': '#E751E3', 'date_of_invoice': '#FC5F22', 'lc_ref_no': '#B64A1B', 'order_date': '#8370F2', 'invoice_tax_amount': '#955262', 'shipper_name': '#DBE3AD', 'freight_charges': '#3852E8', 'tolerance_of_quantity': '#1E2827', 'O': '#5F9AF1', 'transport_details': '#1AD9C6', 'place_of_receipt': '#BF87B8', 'country_of_final_destination': '#7897A7', 'notify_party_name': '#580EDC', 'remitter_country': '#D055BD', 'beneficiary_country': '#CB745E', 'final_destination': '#048800', 'pre-carriage-by': '#E945E0', 'invoice_no': '#596E03', 'insurance_charges': '#6E71FC', 'cosignee_name': '#D35521', 'tenor_indicator': '#484717', 'incoterm': '#A4BCFD', 'original_or_copy': '#6C1565', 'page_no': '#437D4F', 'vessel_flight_no': '#BA6E15', 'beneficiary_bank_identifier': '#C0EBAE', 'port_of_loading': '#FAE85B', 'awb_number': '#398AB8', 'transaction_amonunt_value': '#D77388', 'shipper_address': '#544C1F', 'goods_description': '#BC7038', 'consignor_name': '#5E58F9', 'stamp': '#C696BF', 'bill_of_lading_no': '#59C4D2', 'transhipment': '#402E81', 'invoice_due_date': '#D73550', 'indicator_type': '#570327', 'importer_your_ref_no': '#114511', 'rate_per_unit': '#788DB9', 'beneficiary_bank_country': '#BF8D70', 'notify_party_country': '#3B43DF', 'beneficiary_drawer_exporter_seller_supplier_tin': '#8323B8', 'signature': '#6086BC', 'invoice_amount': '#55A6A6', 'lc_date': '#D597ED', 'advance_amount': '#7DD7A5', 'beneficiary_address': '#814857', 'signature_of_the_issuer': '#C24379', 'beneficiary_account_number': '#FF2D83', 'signed_by': '#A2BEC1', 'from': '#3CD0C9', 'exporter_our_ref_no': '#849E79', 'remitter_drawee_applicant_importer_buyer_name': '#D86FE7', 'packaging_description': '#2D6086', 'notify_party_address': '#815187', 'hs_code_no': '#D2FC4A', 'beneficiary_iban_number': '#757BED', 'beneficiary_drawer_exporter_seller_supplier_name': '#BD1C4D', 'beneficiary_bank_name': '#1DF212', 'delivery_terms': '#154AD6', 'total_quantity_of_goods': '#85D01E', 'dimension': '#1CA99C', 'invoice_amount_in_words': '#D0CC1A', 'invoice_discount_ccy': '#C31681', 'declaration_by_issuer': '#4A82C8', 'port_of_discharge': '#E96321', 'total_pages': '#4EBB55', 'usance_tenor': '#171DF8', 'amount_due': '#60A21A', 'purchase_order_no_and_agreement_ref_no': '#6EB6A5', 'vessel_name': '#33CED7', 'indicator_date': '#067695', 'invoice_tax_ccy': '#54611B', 'mode_of_despatch': '#A52795', 'net_weight': '#73E11D', 'awb_date': '#9AB7B6', 'country_of_origin_of_goods': '#71216F', 'invoice_currency': '#FA1C64', 'bill_of_lading_date': '#876A83', 'shipment_date': '#B3E17B', 'consignee_address': '#EEFBE3', 'invoice_discount_amount': '#959A38', 'transaction_currency': '#8C3DB7', 'consignor_country': '#B2D6E9', 'to': '#1EE069', 'consignor_address': '#AF562A', 'remitter_address': '#4BCF85', 'drawer_ref_no': '#CCFD6C', 'tenor_type': '#5C0EC6', 'presentation_period': '#5C87D0'}
2024-03-18 12:26:20,376 is result_set is instance of dict? True
2024-03-18 12:26:20,377 is final_result_set is instance of dict? True
2024-03-18 12:26:20,584 Time taken for page 1 of Proforma_Invoice_29_0.png:0:00:03.023452
2024-03-18 12:26:20,706 *****Generated All Pages****** for Proforma_Invoice_29_0.png
2024-03-18 12:26:20,707 RAM memory 66.4 used for Proforma_Invoice_29_0.png Generating All Pages:
2024-03-18 12:26:20,707 Processing time taken for all pages of Proforma_Invoice_29_0.png1:0:00:03.146762
2024-03-18 12:26:20,834 file name is:Proforma_Invoice_32_0.png
2024-03-18 12:26:20,834 folder path :Images
2024-03-18 12:26:20,834 Calling Image result
2024-03-18 12:26:20,835 is all_page_result is instance of dict? True
2024-03-18 12:26:20,835 STREAM b'IHDR' 16 13
2024-03-18 12:26:20,835 STREAM b'IDAT' 41 35639
2024-03-18 12:26:20,872 is words is instance of list? True
2024-03-18 12:26:20,872 is bboxes is instance of list? True
2024-03-18 12:26:20,872 is bounding_boxes is instance of list? True
2024-03-18 12:26:21,078 is input_id_chunks is instance of list? True
2024-03-18 12:26:21,078 is mask_chunks is instance of list? True
2024-03-18 12:26:21,078 is bbox_chunks is instance of list? True
2024-03-18 12:26:21,078 is image_chunks is instance of list? True
2024-03-18 12:26:21,078 is input_dict is instance of dict? True
2024-03-18 12:26:22,271 Model Called
2024-03-18 12:26:22,272 RAM memory 62.4 used for Proforma_Invoice_32_0.png:
2024-03-18 12:26:22,272 is all_predictions is instance of list? True
2024-03-18 12:26:22,272 is all_boxes is instance of list? True
2024-03-18 12:26:22,272 is all_confidences is instance of list? True
2024-03-18 12:26:22,272 is all_text is instance of list? True
2024-03-18 12:26:22,272 is label2id is instance of dict? True
2024-03-18 12:26:22,272 is id2label is instance of dict? True
2024-03-18 12:26:22,273 is label2color is instance of dict? True
2024-03-18 12:26:22,273 label2color : {'transaction_date': '#4B512F', 'beneficiary_bank_swift': '#10D0DE', 'unit': '#33F022', 'gross_weight': '#D6A8F8', 'payment_terms': '#84B658', 'date_of_invoice': '#191404', 'lc_ref_no': '#3FBEEB', 'order_date': '#C9FDEC', 'invoice_tax_amount': '#624D03', 'shipper_name': '#EFF8BF', 'freight_charges': '#F5524F', 'tolerance_of_quantity': '#D5034B', 'O': '#CBC66A', 'transport_details': '#0148AC', 'place_of_receipt': '#51FFC3', 'country_of_final_destination': '#4D438F', 'notify_party_name': '#CBE816', 'remitter_country': '#CB4E57', 'beneficiary_country': '#AC005C', 'final_destination': '#AF6CB2', 'pre-carriage-by': '#E5F5E7', 'invoice_no': '#C1675D', 'insurance_charges': '#9AEEB9', 'cosignee_name': '#3098C4', 'tenor_indicator': '#A211B1', 'incoterm': '#A4E51C', 'original_or_copy': '#219225', 'page_no': '#AF2757', 'vessel_flight_no': '#37803A', 'beneficiary_bank_identifier': '#00F776', 'port_of_loading': '#57DD4B', 'awb_number': '#142E1B', 'transaction_amonunt_value': '#C706F7', 'shipper_address': '#439CD8', 'goods_description': '#03181C', 'consignor_name': '#EF2BC4', 'stamp': '#2C1132', 'bill_of_lading_no': '#330C29', 'transhipment': '#483BE2', 'invoice_due_date': '#FD0EB9', 'indicator_type': '#AA0006', 'importer_your_ref_no': '#7CB8BA', 'rate_per_unit': '#1BD23C', 'beneficiary_bank_country': '#ACBB43', 'notify_party_country': '#DCDE8D', 'beneficiary_drawer_exporter_seller_supplier_tin': '#4E6A79', 'signature': '#84AEF5', 'invoice_amount': '#EF1318', 'lc_date': '#004ACF', 'advance_amount': '#5AF9E9', 'beneficiary_address': '#D7C73C', 'signature_of_the_issuer': '#D1CA79', 'beneficiary_account_number': '#407423', 'signed_by': '#5BAEE9', 'from': '#A0B650', 'exporter_our_ref_no': '#3F68D5', 'remitter_drawee_applicant_importer_buyer_name': '#63AACD', 'packaging_description': '#3FC53D', 'notify_party_address': '#6960B2', 'hs_code_no': '#A14BD9', 'beneficiary_iban_number': '#2FEB5E', 'beneficiary_drawer_exporter_seller_supplier_name': '#97631A', 'beneficiary_bank_name': '#927C0C', 'delivery_terms': '#EB4D71', 'total_quantity_of_goods': '#FF8D95', 'dimension': '#824D25', 'invoice_amount_in_words': '#692B37', 'invoice_discount_ccy': '#3094C5', 'declaration_by_issuer': '#B14263', 'port_of_discharge': '#678405', 'total_pages': '#DE3D52', 'usance_tenor': '#816A4B', 'amount_due': '#C3D7C7', 'purchase_order_no_and_agreement_ref_no': '#19BA27', 'vessel_name': '#152E63', 'indicator_date': '#C51563', 'invoice_tax_ccy': '#3E8D3F', 'mode_of_despatch': '#0EA6C0', 'net_weight': '#182E22', 'awb_date': '#C1C849', 'country_of_origin_of_goods': '#D2C700', 'invoice_currency': '#2FDFAB', 'bill_of_lading_date': '#394C2D', 'shipment_date': '#EEC643', 'consignee_address': '#AF9E14', 'invoice_discount_amount': '#8070BF', 'transaction_currency': '#5F16A7', 'consignor_country': '#546297', 'to': '#EDB3B2', 'consignor_address': '#7DAEF2', 'remitter_address': '#944A2C', 'drawer_ref_no': '#CD7404', 'tenor_type': '#4CBFC9', 'presentation_period': '#095A67'}
2024-03-18 12:26:22,407 is result_set is instance of dict? True
2024-03-18 12:26:22,408 is final_result_set is instance of dict? True
2024-03-18 12:26:22,538 Time taken for page 1 of Proforma_Invoice_32_0.png:0:00:01.703431
2024-03-18 12:26:22,632 *****Generated All Pages****** for Proforma_Invoice_32_0.png
2024-03-18 12:26:22,633 RAM memory 62.4 used for Proforma_Invoice_32_0.png Generating All Pages:
2024-03-18 12:26:22,633 Processing time taken for all pages of Proforma_Invoice_32_0.png1:0:00:01.798295
2024-03-18 12:26:22,746 file name is:Proforma_Invoice_22_0.png
2024-03-18 12:26:22,746 folder path :Images
2024-03-18 12:26:22,746 Calling Image result
2024-03-18 12:26:22,746 is all_page_result is instance of dict? True
2024-03-18 12:26:22,746 STREAM b'IHDR' 16 13
2024-03-18 12:26:22,746 STREAM b'IDAT' 41 16762
2024-03-18 12:26:22,765 is words is instance of list? True
2024-03-18 12:26:22,765 is bboxes is instance of list? True
2024-03-18 12:26:22,765 is bounding_boxes is instance of list? True
2024-03-18 12:26:22,824 is input_id_chunks is instance of list? True
2024-03-18 12:26:22,824 is mask_chunks is instance of list? True
2024-03-18 12:26:22,824 is bbox_chunks is instance of list? True
2024-03-18 12:26:22,824 is image_chunks is instance of list? True
2024-03-18 12:26:22,824 is input_dict is instance of dict? True
2024-03-18 12:26:24,050 Model Called
2024-03-18 12:26:24,050 RAM memory 62.4 used for Proforma_Invoice_22_0.png:
2024-03-18 12:26:24,050 is all_predictions is instance of list? True
2024-03-18 12:26:24,050 is all_boxes is instance of list? True
2024-03-18 12:26:24,050 is all_confidences is instance of list? True
2024-03-18 12:26:24,050 is all_text is instance of list? True
2024-03-18 12:26:24,051 is label2id is instance of dict? True
2024-03-18 12:26:24,051 is id2label is instance of dict? True
2024-03-18 12:26:24,052 is label2color is instance of dict? True
2024-03-18 12:26:24,052 label2color : {'transaction_date': '#F24898', 'beneficiary_bank_swift': '#FEB63B', 'unit': '#E74556', 'gross_weight': '#8E8384', 'payment_terms': '#869208', 'date_of_invoice': '#B1EB9E', 'lc_ref_no': '#1492A9', 'order_date': '#FC970C', 'invoice_tax_amount': '#088CD0', 'shipper_name': '#5CAF4A', 'freight_charges': '#895F07', 'tolerance_of_quantity': '#30E7F1', 'O': '#762E61', 'transport_details': '#0F34D3', 'place_of_receipt': '#294B45', 'country_of_final_destination': '#E11B52', 'notify_party_name': '#D3EC0C', 'remitter_country': '#5D5D5D', 'beneficiary_country': '#D092AF', 'final_destination': '#F7A3AE', 'pre-carriage-by': '#858E4A', 'invoice_no': '#C9B09A', 'insurance_charges': '#D39378', 'cosignee_name': '#026053', 'tenor_indicator': '#C9C64E', 'incoterm': '#F94B02', 'original_or_copy': '#A9A841', 'page_no': '#52E095', 'vessel_flight_no': '#32EA35', 'beneficiary_bank_identifier': '#8E5BEA', 'port_of_loading': '#C915CC', 'awb_number': '#477D24', 'transaction_amonunt_value': '#2C00D3', 'shipper_address': '#911A36', 'goods_description': '#C51031', 'consignor_name': '#99B13A', 'stamp': '#4F7717', 'bill_of_lading_no': '#8BDCEA', 'transhipment': '#4DED7B', 'invoice_due_date': '#BD1D48', 'indicator_type': '#BBDA34', 'importer_your_ref_no': '#351077', 'rate_per_unit': '#FD7473', 'beneficiary_bank_country': '#093275', 'notify_party_country': '#1E1B0D', 'beneficiary_drawer_exporter_seller_supplier_tin': '#90A8A3', 'signature': '#9F61DC', 'invoice_amount': '#C76607', 'lc_date': '#DB649D', 'advance_amount': '#98E624', 'beneficiary_address': '#86B3AF', 'signature_of_the_issuer': '#7AABDB', 'beneficiary_account_number': '#C0256A', 'signed_by': '#55813E', 'from': '#76A319', 'exporter_our_ref_no': '#DF06DE', 'remitter_drawee_applicant_importer_buyer_name': '#D08823', 'packaging_description': '#5CB6B7', 'notify_party_address': '#A332AD', 'hs_code_no': '#5A2416', 'beneficiary_iban_number': '#68AED7', 'beneficiary_drawer_exporter_seller_supplier_name': '#BB2DAC', 'beneficiary_bank_name': '#2C9B92', 'delivery_terms': '#CFBA78', 'total_quantity_of_goods': '#118DC8', 'dimension': '#AE3407', 'invoice_amount_in_words': '#CAE8F8', 'invoice_discount_ccy': '#02164B', 'declaration_by_issuer': '#489609', 'port_of_discharge': '#8FEB88', 'total_pages': '#3C0728', 'usance_tenor': '#4A9E90', 'amount_due': '#3EDEC0', 'purchase_order_no_and_agreement_ref_no': '#EA0A81', 'vessel_name': '#E46051', 'indicator_date': '#EDF03F', 'invoice_tax_ccy': '#A80AEB', 'mode_of_despatch': '#766428', 'net_weight': '#834BF1', 'awb_date': '#7D47AC', 'country_of_origin_of_goods': '#8FE392', 'invoice_currency': '#5EF277', 'bill_of_lading_date': '#F317CB', 'shipment_date': '#D46523', 'consignee_address': '#5E0F60', 'invoice_discount_amount': '#126C8E', 'transaction_currency': '#78C8FA', 'consignor_country': '#575E48', 'to': '#576E8A', 'consignor_address': '#C84E51', 'remitter_address': '#E028AB', 'drawer_ref_no': '#849638', 'tenor_type': '#8C84D3', 'presentation_period': '#30F13E'}
2024-03-18 12:26:24,089 is result_set is instance of dict? True
2024-03-18 12:26:24,090 is final_result_set is instance of dict? True
2024-03-18 12:26:24,204 Time taken for page 1 of Proforma_Invoice_22_0.png:0:00:01.458337
2024-03-18 12:26:24,237 *****Generated All Pages****** for Proforma_Invoice_22_0.png
2024-03-18 12:26:24,238 RAM memory 62.4 used for Proforma_Invoice_22_0.png Generating All Pages:
2024-03-18 12:26:24,238 Processing time taken for all pages of Proforma_Invoice_22_0.png1:0:00:01.491857
2024-03-18 12:26:24,347 file name is:Proforma_Invoice(2013_01_10_13_55_32_9751)_519_0.png
2024-03-18 12:26:24,347 folder path :Images
2024-03-18 12:26:24,347 Calling Image result
2024-03-18 12:26:24,347 is all_page_result is instance of dict? True
2024-03-18 12:26:24,348 STREAM b'IHDR' 16 13
2024-03-18 12:26:24,348 STREAM b'IDAT' 41 32735
2024-03-18 12:26:24,388 is words is instance of list? True
2024-03-18 12:26:24,389 is bboxes is instance of list? True
2024-03-18 12:26:24,389 is bounding_boxes is instance of list? True
2024-03-18 12:26:24,584 is input_id_chunks is instance of list? True
2024-03-18 12:26:24,584 is mask_chunks is instance of list? True
2024-03-18 12:26:24,584 is bbox_chunks is instance of list? True
2024-03-18 12:26:24,584 is image_chunks is instance of list? True
2024-03-18 12:26:24,584 is input_dict is instance of dict? True
2024-03-18 12:26:25,785 Model Called
2024-03-18 12:26:25,786 RAM memory 62.4 used for Proforma_Invoice(2013_01_10_13_55_32_9751)_519_0.png:
2024-03-18 12:26:25,786 is all_predictions is instance of list? True
2024-03-18 12:26:25,786 is all_boxes is instance of list? True
2024-03-18 12:26:25,786 is all_confidences is instance of list? True
2024-03-18 12:26:25,786 is all_text is instance of list? True
2024-03-18 12:26:25,786 is label2id is instance of dict? True
2024-03-18 12:26:25,786 is id2label is instance of dict? True
2024-03-18 12:26:25,787 is label2color is instance of dict? True
2024-03-18 12:26:25,787 label2color : {'transaction_date': '#67E453', 'beneficiary_bank_swift': '#1DCBBD', 'unit': '#6A4540', 'gross_weight': '#D52E20', 'payment_terms': '#6FC9E9', 'date_of_invoice': '#C66B0B', 'lc_ref_no': '#DC8A8A', 'order_date': '#92C7BF', 'invoice_tax_amount': '#933101', 'shipper_name': '#82852C', 'freight_charges': '#80A5D3', 'tolerance_of_quantity': '#4B1A2B', 'O': '#6E08EF', 'transport_details': '#525A1F', 'place_of_receipt': '#CB3C9E', 'country_of_final_destination': '#2D2388', 'notify_party_name': '#84C6B1', 'remitter_country': '#F5F3BD', 'beneficiary_country': '#0728DB', 'final_destination': '#261032', 'pre-carriage-by': '#FDD2C1', 'invoice_no': '#9FE9AF', 'insurance_charges': '#3FB99B', 'cosignee_name': '#6847FE', 'tenor_indicator': '#250967', 'incoterm': '#CA322F', 'original_or_copy': '#8BD570', 'page_no': '#7C7F6F', 'vessel_flight_no': '#56919B', 'beneficiary_bank_identifier': '#C4B1C6', 'port_of_loading': '#2B1559', 'awb_number': '#7BC652', 'transaction_amonunt_value': '#8D66E9', 'shipper_address': '#E6655E', 'goods_description': '#4D869E', 'consignor_name': '#913100', 'stamp': '#E7A47B', 'bill_of_lading_no': '#BA040D', 'transhipment': '#4C203E', 'invoice_due_date': '#628383', 'indicator_type': '#AF833C', 'importer_your_ref_no': '#E88FED', 'rate_per_unit': '#DC8F19', 'beneficiary_bank_country': '#C0B65D', 'notify_party_country': '#F4C16A', 'beneficiary_drawer_exporter_seller_supplier_tin': '#295352', 'signature': '#729FD0', 'invoice_amount': '#89CA5A', 'lc_date': '#812420', 'advance_amount': '#DAF666', 'beneficiary_address': '#00A780', 'signature_of_the_issuer': '#8F9861', 'beneficiary_account_number': '#874019', 'signed_by': '#480BE5', 'from': '#BA7767', 'exporter_our_ref_no': '#8B0467', 'remitter_drawee_applicant_importer_buyer_name': '#F50DFD', 'packaging_description': '#11A7E0', 'notify_party_address': '#BE1999', 'hs_code_no': '#8ACC88', 'beneficiary_iban_number': '#3BCF54', 'beneficiary_drawer_exporter_seller_supplier_name': '#6A4EB4', 'beneficiary_bank_name': '#6F1C29', 'delivery_terms': '#23B8F3', 'total_quantity_of_goods': '#57B7FD', 'dimension': '#23CE87', 'invoice_amount_in_words': '#392188', 'invoice_discount_ccy': '#8B9E75', 'declaration_by_issuer': '#F74948', 'port_of_discharge': '#5DEF26', 'total_pages': '#EC6BBC', 'usance_tenor': '#BE52D5', 'amount_due': '#8AF63D', 'purchase_order_no_and_agreement_ref_no': '#E06DEC', 'vessel_name': '#038FAD', 'indicator_date': '#C3AF99', 'invoice_tax_ccy': '#3D8ADF', 'mode_of_despatch': '#285A81', 'net_weight': '#60D956', 'awb_date': '#239846', 'country_of_origin_of_goods': '#36D0CF', 'invoice_currency': '#352D58', 'bill_of_lading_date': '#6EE99E', 'shipment_date': '#FEF8C9', 'consignee_address': '#B833E9', 'invoice_discount_amount': '#294023', 'transaction_currency': '#830FB0', 'consignor_country': '#71BA48', 'to': '#9CDC61', 'consignor_address': '#943D49', 'remitter_address': '#A19608', 'drawer_ref_no': '#708183', 'tenor_type': '#A436F4', 'presentation_period': '#6D1B22'}
2024-03-18 12:26:25,918 is result_set is instance of dict? True
2024-03-18 12:26:25,918 is final_result_set is instance of dict? True
2024-03-18 12:26:25,968 Time taken for page 1 of Proforma_Invoice(2013_01_10_13_55_32_9751)_519_0.png:0:00:01.620166
2024-03-18 12:26:26,062 *****Generated All Pages****** for Proforma_Invoice(2013_01_10_13_55_32_9751)_519_0.png
2024-03-18 12:26:26,062 RAM memory 62.4 used for Proforma_Invoice(2013_01_10_13_55_32_9751)_519_0.png Generating All Pages:
2024-03-18 12:26:26,062 Processing time taken for all pages of Proforma_Invoice(2013_01_10_13_55_32_9751)_519_0.png1:0:00:01.714807
2024-03-18 12:26:26,172 file name is:Proforma_Invoice(2013_01_10_13_54_03_3279)_517_0.png
2024-03-18 12:26:26,172 folder path :Images
2024-03-18 12:26:26,172 Calling Image result
2024-03-18 12:26:26,172 is all_page_result is instance of dict? True
2024-03-18 12:26:26,173 STREAM b'IHDR' 16 13
2024-03-18 12:26:26,173 STREAM b'IDAT' 41 34372
2024-03-18 12:26:26,215 is words is instance of list? True
2024-03-18 12:26:26,215 is bboxes is instance of list? True
2024-03-18 12:26:26,215 is bounding_boxes is instance of list? True
2024-03-18 12:26:26,404 is input_id_chunks is instance of list? True
2024-03-18 12:26:26,404 is mask_chunks is instance of list? True
2024-03-18 12:26:26,404 is bbox_chunks is instance of list? True
2024-03-18 12:26:26,404 is image_chunks is instance of list? True
2024-03-18 12:26:26,405 is input_dict is instance of dict? True
2024-03-18 12:26:27,603 Model Called
2024-03-18 12:26:27,603 RAM memory 62.4 used for Proforma_Invoice(2013_01_10_13_54_03_3279)_517_0.png:
2024-03-18 12:26:27,603 is all_predictions is instance of list? True
2024-03-18 12:26:27,603 is all_boxes is instance of list? True
2024-03-18 12:26:27,603 is all_confidences is instance of list? True
2024-03-18 12:26:27,604 is all_text is instance of list? True
2024-03-18 12:26:27,604 is label2id is instance of dict? True
2024-03-18 12:26:27,604 is id2label is instance of dict? True
2024-03-18 12:26:27,605 is label2color is instance of dict? True
2024-03-18 12:26:27,605 label2color : {'transaction_date': '#00D9DC', 'beneficiary_bank_swift': '#D6BBCD', 'unit': '#865688', 'gross_weight': '#603E54', 'payment_terms': '#93F888', 'date_of_invoice': '#2D00ED', 'lc_ref_no': '#9011B5', 'order_date': '#203596', 'invoice_tax_amount': '#791362', 'shipper_name': '#A4808F', 'freight_charges': '#D94EC8', 'tolerance_of_quantity': '#D9DC87', 'O': '#5728A3', 'transport_details': '#9CC5FE', 'place_of_receipt': '#4440F4', 'country_of_final_destination': '#3A6BF0', 'notify_party_name': '#D4078F', 'remitter_country': '#51E0E0', 'beneficiary_country': '#E05229', 'final_destination': '#4C7A65', 'pre-carriage-by': '#0E8525', 'invoice_no': '#95D52A', 'insurance_charges': '#D5AF3E', 'cosignee_name': '#FD4462', 'tenor_indicator': '#E1D269', 'incoterm': '#5B5AA8', 'original_or_copy': '#4D1F6B', 'page_no': '#199DC3', 'vessel_flight_no': '#652C2D', 'beneficiary_bank_identifier': '#A79D1E', 'port_of_loading': '#F96098', 'awb_number': '#B9F2AE', 'transaction_amonunt_value': '#D84913', 'shipper_address': '#004527', 'goods_description': '#8477DA', 'consignor_name': '#C760C6', 'stamp': '#79C299', 'bill_of_lading_no': '#E792FA', 'transhipment': '#0EA6B2', 'invoice_due_date': '#15A5E0', 'indicator_type': '#247160', 'importer_your_ref_no': '#39FB0A', 'rate_per_unit': '#5C3A60', 'beneficiary_bank_country': '#20B686', 'notify_party_country': '#94A906', 'beneficiary_drawer_exporter_seller_supplier_tin': '#284E66', 'signature': '#FF43A1', 'invoice_amount': '#012841', 'lc_date': '#B2F188', 'advance_amount': '#2AA17F', 'beneficiary_address': '#CACA1C', 'signature_of_the_issuer': '#57DF49', 'beneficiary_account_number': '#6B3679', 'signed_by': '#D5E35E', 'from': '#57DD60', 'exporter_our_ref_no': '#92F562', 'remitter_drawee_applicant_importer_buyer_name': '#4CF2DC', 'packaging_description': '#EBCE8B', 'notify_party_address': '#7217F4', 'hs_code_no': '#A26065', 'beneficiary_iban_number': '#9733D1', 'beneficiary_drawer_exporter_seller_supplier_name': '#FADB0C', 'beneficiary_bank_name': '#025EDD', 'delivery_terms': '#7F3209', 'total_quantity_of_goods': '#48EA47', 'dimension': '#34CCA5', 'invoice_amount_in_words': '#E8CB33', 'invoice_discount_ccy': '#064F38', 'declaration_by_issuer': '#24E76F', 'port_of_discharge': '#3F9D74', 'total_pages': '#0C1594', 'usance_tenor': '#BDA81C', 'amount_due': '#D490BF', 'purchase_order_no_and_agreement_ref_no': '#50A71C', 'vessel_name': '#656A05', 'indicator_date': '#080DDB', 'invoice_tax_ccy': '#3F0469', 'mode_of_despatch': '#BF2A76', 'net_weight': '#099798', 'awb_date': '#272D95', 'country_of_origin_of_goods': '#C4133D', 'invoice_currency': '#5FBE69', 'bill_of_lading_date': '#794937', 'shipment_date': '#023838', 'consignee_address': '#D34BFF', 'invoice_discount_amount': '#999C22', 'transaction_currency': '#3AF46D', 'consignor_country': '#B9429B', 'to': '#2C4CD2', 'consignor_address': '#04F591', 'remitter_address': '#99F0C5', 'drawer_ref_no': '#10B752', 'tenor_type': '#313ED9', 'presentation_period': '#353E7C'}
2024-03-18 12:26:27,733 is result_set is instance of dict? True
2024-03-18 12:26:27,734 is final_result_set is instance of dict? True
2024-03-18 12:26:27,869 Time taken for page 1 of Proforma_Invoice(2013_01_10_13_54_03_3279)_517_0.png:0:00:01.696576
2024-03-18 12:26:27,966 *****Generated All Pages****** for Proforma_Invoice(2013_01_10_13_54_03_3279)_517_0.png
2024-03-18 12:26:27,966 RAM memory 62.4 used for Proforma_Invoice(2013_01_10_13_54_03_3279)_517_0.png Generating All Pages:
2024-03-18 12:26:27,967 Processing time taken for all pages of Proforma_Invoice(2013_01_10_13_54_03_3279)_517_0.png1:0:00:01.794093
2024-03-18 12:26:28,079 file name is:Proforma_Invoice(2013_04_16_16_37_06_4995)_283_0.png
2024-03-18 12:26:28,079 folder path :Images
2024-03-18 12:26:28,079 Calling Image result
2024-03-18 12:26:28,079 is all_page_result is instance of dict? True
2024-03-18 12:26:28,079 STREAM b'IHDR' 16 13
2024-03-18 12:26:28,079 STREAM b'IDAT' 41 33495
2024-03-18 12:26:28,111 is words is instance of list? True
2024-03-18 12:26:28,111 is bboxes is instance of list? True
2024-03-18 12:26:28,111 is bounding_boxes is instance of list? True
2024-03-18 12:26:28,225 is input_id_chunks is instance of list? True
2024-03-18 12:26:28,225 is mask_chunks is instance of list? True
2024-03-18 12:26:28,225 is bbox_chunks is instance of list? True
2024-03-18 12:26:28,225 is image_chunks is instance of list? True
2024-03-18 12:26:28,226 is input_dict is instance of dict? True
2024-03-18 12:26:30,647 Model Called
2024-03-18 12:26:30,648 RAM memory 66.3 used for Proforma_Invoice(2013_04_16_16_37_06_4995)_283_0.png:
2024-03-18 12:26:30,648 is all_predictions is instance of list? True
2024-03-18 12:26:30,648 is all_boxes is instance of list? True
2024-03-18 12:26:30,648 is all_confidences is instance of list? True
2024-03-18 12:26:30,648 is all_text is instance of list? True
2024-03-18 12:26:30,648 is label2id is instance of dict? True
2024-03-18 12:26:30,648 is id2label is instance of dict? True
2024-03-18 12:26:30,649 is label2color is instance of dict? True
2024-03-18 12:26:30,649 label2color : {'transaction_date': '#62E187', 'beneficiary_bank_swift': '#7DE636', 'unit': '#85EABF', 'gross_weight': '#39EE7B', 'payment_terms': '#0BCB81', 'date_of_invoice': '#51F3A0', 'lc_ref_no': '#19C790', 'order_date': '#577D4D', 'invoice_tax_amount': '#385404', 'shipper_name': '#E45B02', 'freight_charges': '#1488E0', 'tolerance_of_quantity': '#04DB02', 'O': '#4C9A96', 'transport_details': '#9AF60B', 'place_of_receipt': '#5C2009', 'country_of_final_destination': '#30753A', 'notify_party_name': '#D7EDB0', 'remitter_country': '#68D64E', 'beneficiary_country': '#74C4D2', 'final_destination': '#426633', 'pre-carriage-by': '#70F31F', 'invoice_no': '#73C905', 'insurance_charges': '#E40683', 'cosignee_name': '#2C9A12', 'tenor_indicator': '#51945F', 'incoterm': '#FCA8AE', 'original_or_copy': '#0746D2', 'page_no': '#BE0D3C', 'vessel_flight_no': '#C6F0A4', 'beneficiary_bank_identifier': '#065FF6', 'port_of_loading': '#AD44F2', 'awb_number': '#875AC8', 'transaction_amonunt_value': '#9462E6', 'shipper_address': '#465E46', 'goods_description': '#C327F4', 'consignor_name': '#84985A', 'stamp': '#DA0E42', 'bill_of_lading_no': '#B8CBA8', 'transhipment': '#C93BDE', 'invoice_due_date': '#A127AA', 'indicator_type': '#E17B09', 'importer_your_ref_no': '#66191F', 'rate_per_unit': '#6FD82F', 'beneficiary_bank_country': '#B3C66D', 'notify_party_country': '#5D7F8D', 'beneficiary_drawer_exporter_seller_supplier_tin': '#EA522B', 'signature': '#8D8FF9', 'invoice_amount': '#B79DAA', 'lc_date': '#5D5DEA', 'advance_amount': '#F5B541', 'beneficiary_address': '#03BF06', 'signature_of_the_issuer': '#DC3196', 'beneficiary_account_number': '#1519B8', 'signed_by': '#578AEC', 'from': '#CD53D1', 'exporter_our_ref_no': '#65B030', 'remitter_drawee_applicant_importer_buyer_name': '#5DCF1E', 'packaging_description': '#E02E0D', 'notify_party_address': '#0880ED', 'hs_code_no': '#F558B3', 'beneficiary_iban_number': '#1B0C0F', 'beneficiary_drawer_exporter_seller_supplier_name': '#0D4813', 'beneficiary_bank_name': '#3FADDC', 'delivery_terms': '#9C78B6', 'total_quantity_of_goods': '#B2496B', 'dimension': '#D6BAEB', 'invoice_amount_in_words': '#3658FD', 'invoice_discount_ccy': '#7A0B0C', 'declaration_by_issuer': '#F5C132', 'port_of_discharge': '#EAB6BF', 'total_pages': '#0235D4', 'usance_tenor': '#B94C84', 'amount_due': '#A62D13', 'purchase_order_no_and_agreement_ref_no': '#041C5F', 'vessel_name': '#A495D5', 'indicator_date': '#92C8D9', 'invoice_tax_ccy': '#90564B', 'mode_of_despatch': '#1BDBA6', 'net_weight': '#8FAA1D', 'awb_date': '#058837', 'country_of_origin_of_goods': '#7389D1', 'invoice_currency': '#435C61', 'bill_of_lading_date': '#E6CDDB', 'shipment_date': '#EA405D', 'consignee_address': '#28CFFF', 'invoice_discount_amount': '#8B6683', 'transaction_currency': '#F71711', 'consignor_country': '#2F9844', 'to': '#94A458', 'consignor_address': '#0D7B9D', 'remitter_address': '#2147ED', 'drawer_ref_no': '#4F1D9A', 'tenor_type': '#3D5C70', 'presentation_period': '#F4BF1B'}
2024-03-18 12:26:30,768 is result_set is instance of dict? True
2024-03-18 12:26:30,769 is final_result_set is instance of dict? True
2024-03-18 12:26:31,022 Time taken for page 1 of Proforma_Invoice(2013_04_16_16_37_06_4995)_283_0.png:0:00:02.942820
2024-03-18 12:26:31,097 *****Generated All Pages****** for Proforma_Invoice(2013_04_16_16_37_06_4995)_283_0.png
2024-03-18 12:26:31,097 RAM memory 66.4 used for Proforma_Invoice(2013_04_16_16_37_06_4995)_283_0.png Generating All Pages:
2024-03-18 12:26:31,097 Processing time taken for all pages of Proforma_Invoice(2013_04_16_16_37_06_4995)_283_0.png1:0:00:03.017800
2024-03-18 12:26:31,211 file name is:Proforma_Invoice(2013_01_10_13_53_01_7838)_501_0.png
2024-03-18 12:26:31,212 folder path :Images
2024-03-18 12:26:31,212 Calling Image result
2024-03-18 12:26:31,212 is all_page_result is instance of dict? True
2024-03-18 12:26:31,212 STREAM b'IHDR' 16 13
2024-03-18 12:26:31,212 STREAM b'IDAT' 41 34340
2024-03-18 12:26:31,299 is words is instance of list? True
2024-03-18 12:26:31,299 is bboxes is instance of list? True
2024-03-18 12:26:31,299 is bounding_boxes is instance of list? True
2024-03-18 12:26:31,491 is input_id_chunks is instance of list? True
2024-03-18 12:26:31,491 is mask_chunks is instance of list? True
2024-03-18 12:26:31,491 is bbox_chunks is instance of list? True
2024-03-18 12:26:31,491 is image_chunks is instance of list? True
2024-03-18 12:26:31,491 is input_dict is instance of dict? True
2024-03-18 12:26:32,688 Model Called
2024-03-18 12:26:32,689 RAM memory 62.2 used for Proforma_Invoice(2013_01_10_13_53_01_7838)_501_0.png:
2024-03-18 12:26:32,689 is all_predictions is instance of list? True
2024-03-18 12:26:32,689 is all_boxes is instance of list? True
2024-03-18 12:26:32,689 is all_confidences is instance of list? True
2024-03-18 12:26:32,689 is all_text is instance of list? True
2024-03-18 12:26:32,690 is label2id is instance of dict? True
2024-03-18 12:26:32,690 is id2label is instance of dict? True
2024-03-18 12:26:32,691 is label2color is instance of dict? True
2024-03-18 12:26:32,691 label2color : {'transaction_date': '#99844E', 'beneficiary_bank_swift': '#12EF73', 'unit': '#33F692', 'gross_weight': '#8B5401', 'payment_terms': '#2808F6', 'date_of_invoice': '#F00A72', 'lc_ref_no': '#506FA6', 'order_date': '#F1CEB0', 'invoice_tax_amount': '#4F53EF', 'shipper_name': '#25FF51', 'freight_charges': '#B9CBC7', 'tolerance_of_quantity': '#DE69A2', 'O': '#9F5E5D', 'transport_details': '#C226E5', 'place_of_receipt': '#AA453D', 'country_of_final_destination': '#4463A9', 'notify_party_name': '#694FD8', 'remitter_country': '#341178', 'beneficiary_country': '#307850', 'final_destination': '#D3E1A8', 'pre-carriage-by': '#B7B21A', 'invoice_no': '#7C5215', 'insurance_charges': '#C1DB2C', 'cosignee_name': '#88D366', 'tenor_indicator': '#EDBAF0', 'incoterm': '#1CEB5E', 'original_or_copy': '#F82E10', 'page_no': '#C1FAB3', 'vessel_flight_no': '#E9621C', 'beneficiary_bank_identifier': '#B371FF', 'port_of_loading': '#69C932', 'awb_number': '#A49D0C', 'transaction_amonunt_value': '#1243C5', 'shipper_address': '#2C7EFD', 'goods_description': '#61A92A', 'consignor_name': '#264927', 'stamp': '#823F4E', 'bill_of_lading_no': '#6D922B', 'transhipment': '#D86203', 'invoice_due_date': '#C63449', 'indicator_type': '#A91660', 'importer_your_ref_no': '#B702FF', 'rate_per_unit': '#6D4564', 'beneficiary_bank_country': '#D79DA7', 'notify_party_country': '#F10DE7', 'beneficiary_drawer_exporter_seller_supplier_tin': '#400E37', 'signature': '#E8D1E2', 'invoice_amount': '#690CBF', 'lc_date': '#652AB7', 'advance_amount': '#02E4C4', 'beneficiary_address': '#6B878A', 'signature_of_the_issuer': '#AC5AEC', 'beneficiary_account_number': '#9E1A08', 'signed_by': '#AB8046', 'from': '#11C29B', 'exporter_our_ref_no': '#37BCE3', 'remitter_drawee_applicant_importer_buyer_name': '#6826FA', 'packaging_description': '#7210C1', 'notify_party_address': '#9949A3', 'hs_code_no': '#00ED11', 'beneficiary_iban_number': '#B9A30A', 'beneficiary_drawer_exporter_seller_supplier_name': '#8F822D', 'beneficiary_bank_name': '#541D6A', 'delivery_terms': '#E601F5', 'total_quantity_of_goods': '#2D3748', 'dimension': '#2971E6', 'invoice_amount_in_words': '#F4DA51', 'invoice_discount_ccy': '#EFAFFA', 'declaration_by_issuer': '#EB86EF', 'port_of_discharge': '#897579', 'total_pages': '#2341D7', 'usance_tenor': '#AA1181', 'amount_due': '#C64598', 'purchase_order_no_and_agreement_ref_no': '#24B956', 'vessel_name': '#AF2DC7', 'indicator_date': '#1859CF', 'invoice_tax_ccy': '#653849', 'mode_of_despatch': '#9B1A1C', 'net_weight': '#C15849', 'awb_date': '#64F744', 'country_of_origin_of_goods': '#072585', 'invoice_currency': '#914B4D', 'bill_of_lading_date': '#2E7D52', 'shipment_date': '#F3EE05', 'consignee_address': '#91DEB1', 'invoice_discount_amount': '#532458', 'transaction_currency': '#738A8B', 'consignor_country': '#B13F72', 'to': '#2AA4A8', 'consignor_address': '#6403DB', 'remitter_address': '#82A2F2', 'drawer_ref_no': '#0B66AB', 'tenor_type': '#C44295', 'presentation_period': '#DE2B13'}
2024-03-18 12:26:32,819 is result_set is instance of dict? True
2024-03-18 12:26:32,820 is final_result_set is instance of dict? True
2024-03-18 12:26:32,957 Time taken for page 1 of Proforma_Invoice(2013_01_10_13_53_01_7838)_501_0.png:0:00:01.745244
2024-03-18 12:26:33,065 *****Generated All Pages****** for Proforma_Invoice(2013_01_10_13_53_01_7838)_501_0.png
2024-03-18 12:26:33,065 RAM memory 62.2 used for Proforma_Invoice(2013_01_10_13_53_01_7838)_501_0.png Generating All Pages:
2024-03-18 12:26:33,065 Processing time taken for all pages of Proforma_Invoice(2013_01_10_13_53_01_7838)_501_0.png1:0:00:01.853444
2024-03-18 12:26:33,173 file name is:Proforma_Invoice(2013_01_10_13_51_40_2579)_491_0.png
2024-03-18 12:26:33,174 folder path :Images
2024-03-18 12:26:33,174 Calling Image result
2024-03-18 12:26:33,174 is all_page_result is instance of dict? True
2024-03-18 12:26:33,174 STREAM b'IHDR' 16 13
2024-03-18 12:26:33,174 STREAM b'IDAT' 41 35489
2024-03-18 12:26:33,215 is words is instance of list? True
2024-03-18 12:26:33,215 is bboxes is instance of list? True
2024-03-18 12:26:33,215 is bounding_boxes is instance of list? True
2024-03-18 12:26:33,407 is input_id_chunks is instance of list? True
2024-03-18 12:26:33,407 is mask_chunks is instance of list? True
2024-03-18 12:26:33,407 is bbox_chunks is instance of list? True
2024-03-18 12:26:33,407 is image_chunks is instance of list? True
2024-03-18 12:26:33,408 is input_dict is instance of dict? True
2024-03-18 12:26:34,603 Model Called
2024-03-18 12:26:34,603 RAM memory 62.4 used for Proforma_Invoice(2013_01_10_13_51_40_2579)_491_0.png:
2024-03-18 12:26:34,604 is all_predictions is instance of list? True
2024-03-18 12:26:34,604 is all_boxes is instance of list? True
2024-03-18 12:26:34,604 is all_confidences is instance of list? True
2024-03-18 12:26:34,604 is all_text is instance of list? True
2024-03-18 12:26:34,604 is label2id is instance of dict? True
2024-03-18 12:26:34,604 is id2label is instance of dict? True
2024-03-18 12:26:34,605 is label2color is instance of dict? True
2024-03-18 12:26:34,605 label2color : {'transaction_date': '#CC5E95', 'beneficiary_bank_swift': '#596045', 'unit': '#46B9F1', 'gross_weight': '#07CAF8', 'payment_terms': '#7187E9', 'date_of_invoice': '#A67F75', 'lc_ref_no': '#E450F4', 'order_date': '#D4377C', 'invoice_tax_amount': '#8D9CA5', 'shipper_name': '#4CD161', 'freight_charges': '#7FBF39', 'tolerance_of_quantity': '#45376B', 'O': '#7B51ED', 'transport_details': '#3454A2', 'place_of_receipt': '#95C307', 'country_of_final_destination': '#E04AC9', 'notify_party_name': '#CE1D5A', 'remitter_country': '#9988A9', 'beneficiary_country': '#A0ABEB', 'final_destination': '#F945E3', 'pre-carriage-by': '#CE8DF7', 'invoice_no': '#7610AB', 'insurance_charges': '#87BD68', 'cosignee_name': '#BBDC57', 'tenor_indicator': '#E67470', 'incoterm': '#8DE93E', 'original_or_copy': '#5FC9EA', 'page_no': '#3CC1FC', 'vessel_flight_no': '#54E57B', 'beneficiary_bank_identifier': '#C67B0E', 'port_of_loading': '#73E98D', 'awb_number': '#CB8907', 'transaction_amonunt_value': '#D5BB24', 'shipper_address': '#28EF6C', 'goods_description': '#69DEC3', 'consignor_name': '#F17D1E', 'stamp': '#495E8D', 'bill_of_lading_no': '#44B9FC', 'transhipment': '#272656', 'invoice_due_date': '#336CE1', 'indicator_type': '#59FE3B', 'importer_your_ref_no': '#AA6658', 'rate_per_unit': '#79DBBC', 'beneficiary_bank_country': '#46593E', 'notify_party_country': '#9296C1', 'beneficiary_drawer_exporter_seller_supplier_tin': '#F96CDD', 'signature': '#311CA3', 'invoice_amount': '#A3001F', 'lc_date': '#76D10D', 'advance_amount': '#3A3385', 'beneficiary_address': '#3D15FA', 'signature_of_the_issuer': '#DD8E8F', 'beneficiary_account_number': '#7CB501', 'signed_by': '#BB3757', 'from': '#B5F58B', 'exporter_our_ref_no': '#AE1348', 'remitter_drawee_applicant_importer_buyer_name': '#928A71', 'packaging_description': '#30AC49', 'notify_party_address': '#5A5C8B', 'hs_code_no': '#41988E', 'beneficiary_iban_number': '#5489A3', 'beneficiary_drawer_exporter_seller_supplier_name': '#C1450F', 'beneficiary_bank_name': '#486588', 'delivery_terms': '#261B97', 'total_quantity_of_goods': '#E518C7', 'dimension': '#DF1F50', 'invoice_amount_in_words': '#8C5159', 'invoice_discount_ccy': '#9AD51C', 'declaration_by_issuer': '#6763B9', 'port_of_discharge': '#C63A96', 'total_pages': '#CBCAB1', 'usance_tenor': '#0F2630', 'amount_due': '#178D36', 'purchase_order_no_and_agreement_ref_no': '#7D6855', 'vessel_name': '#171CB6', 'indicator_date': '#9FA657', 'invoice_tax_ccy': '#6F690A', 'mode_of_despatch': '#909CEF', 'net_weight': '#DC1A6D', 'awb_date': '#D89102', 'country_of_origin_of_goods': '#930F8A', 'invoice_currency': '#16B9E7', 'bill_of_lading_date': '#A7B9D3', 'shipment_date': '#F6CE51', 'consignee_address': '#85A25B', 'invoice_discount_amount': '#94D02D', 'transaction_currency': '#02B3DF', 'consignor_country': '#2A7454', 'to': '#AB57B6', 'consignor_address': '#F1466F', 'remitter_address': '#C148EA', 'drawer_ref_no': '#7A69EB', 'tenor_type': '#0B882E', 'presentation_period': '#C6071A'}
2024-03-18 12:26:34,738 is result_set is instance of dict? True
2024-03-18 12:26:34,739 is final_result_set is instance of dict? True
2024-03-18 12:26:34,873 Time taken for page 1 of Proforma_Invoice(2013_01_10_13_51_40_2579)_491_0.png:0:00:01.699144
2024-03-18 12:26:34,974 *****Generated All Pages****** for Proforma_Invoice(2013_01_10_13_51_40_2579)_491_0.png
2024-03-18 12:26:34,974 RAM memory 62.4 used for Proforma_Invoice(2013_01_10_13_51_40_2579)_491_0.png Generating All Pages:
2024-03-18 12:26:34,974 Processing time taken for all pages of Proforma_Invoice(2013_01_10_13_51_40_2579)_491_0.png1:0:00:01.800402
2024-03-18 12:26:35,084 file name is:Proforma_Invoice(2013_01_10_13_52_39_0207)_499_0.png
2024-03-18 12:26:35,084 folder path :Images
2024-03-18 12:26:35,084 Calling Image result
2024-03-18 12:26:35,084 is all_page_result is instance of dict? True
2024-03-18 12:26:35,084 STREAM b'IHDR' 16 13
2024-03-18 12:26:35,085 STREAM b'IDAT' 41 34848
2024-03-18 12:26:35,125 is words is instance of list? True
2024-03-18 12:26:35,125 is bboxes is instance of list? True
2024-03-18 12:26:35,125 is bounding_boxes is instance of list? True
2024-03-18 12:26:35,321 is input_id_chunks is instance of list? True
2024-03-18 12:26:35,321 is mask_chunks is instance of list? True
2024-03-18 12:26:35,321 is bbox_chunks is instance of list? True
2024-03-18 12:26:35,321 is image_chunks is instance of list? True
2024-03-18 12:26:35,321 is input_dict is instance of dict? True
2024-03-18 12:26:36,526 Model Called
2024-03-18 12:26:36,527 RAM memory 62.2 used for Proforma_Invoice(2013_01_10_13_52_39_0207)_499_0.png:
2024-03-18 12:26:36,527 is all_predictions is instance of list? True
2024-03-18 12:26:36,527 is all_boxes is instance of list? True
2024-03-18 12:26:36,527 is all_confidences is instance of list? True
2024-03-18 12:26:36,527 is all_text is instance of list? True
2024-03-18 12:26:36,527 is label2id is instance of dict? True
2024-03-18 12:26:36,528 is id2label is instance of dict? True
2024-03-18 12:26:36,529 is label2color is instance of dict? True
2024-03-18 12:26:36,529 label2color : {'transaction_date': '#CA0847', 'beneficiary_bank_swift': '#61BA2D', 'unit': '#8B7B00', 'gross_weight': '#50ED69', 'payment_terms': '#1DFB0A', 'date_of_invoice': '#AC0A24', 'lc_ref_no': '#29E53B', 'order_date': '#F53809', 'invoice_tax_amount': '#2DCE8E', 'shipper_name': '#1E1258', 'freight_charges': '#2B9E75', 'tolerance_of_quantity': '#20F693', 'O': '#798012', 'transport_details': '#6B17AF', 'place_of_receipt': '#BBB4FC', 'country_of_final_destination': '#1712BD', 'notify_party_name': '#FA9A05', 'remitter_country': '#C052B4', 'beneficiary_country': '#921391', 'final_destination': '#C0A6ED', 'pre-carriage-by': '#09F99C', 'invoice_no': '#4258F5', 'insurance_charges': '#A5455A', 'cosignee_name': '#64B906', 'tenor_indicator': '#A29595', 'incoterm': '#A33518', 'original_or_copy': '#A696D9', 'page_no': '#62FD69', 'vessel_flight_no': '#37B715', 'beneficiary_bank_identifier': '#629083', 'port_of_loading': '#36C504', 'awb_number': '#439341', 'transaction_amonunt_value': '#4D6442', 'shipper_address': '#C7B75D', 'goods_description': '#D41ABB', 'consignor_name': '#6D5BAA', 'stamp': '#A54CEB', 'bill_of_lading_no': '#01CFCD', 'transhipment': '#A0BA60', 'invoice_due_date': '#ACA428', 'indicator_type': '#238EC1', 'importer_your_ref_no': '#6DEAB9', 'rate_per_unit': '#1512BF', 'beneficiary_bank_country': '#1037D9', 'notify_party_country': '#3C2710', 'beneficiary_drawer_exporter_seller_supplier_tin': '#93B09B', 'signature': '#21AC63', 'invoice_amount': '#DB1F15', 'lc_date': '#C84521', 'advance_amount': '#B9DC4D', 'beneficiary_address': '#90101F', 'signature_of_the_issuer': '#C2C4A0', 'beneficiary_account_number': '#00E83A', 'signed_by': '#E925AE', 'from': '#E5C8CD', 'exporter_our_ref_no': '#089DDD', 'remitter_drawee_applicant_importer_buyer_name': '#8F55A1', 'packaging_description': '#E06126', 'notify_party_address': '#666229', 'hs_code_no': '#95752F', 'beneficiary_iban_number': '#D5ED7B', 'beneficiary_drawer_exporter_seller_supplier_name': '#9E51C9', 'beneficiary_bank_name': '#D53451', 'delivery_terms': '#CC9A78', 'total_quantity_of_goods': '#641F35', 'dimension': '#28C846', 'invoice_amount_in_words': '#DA0883', 'invoice_discount_ccy': '#7062F3', 'declaration_by_issuer': '#919002', 'port_of_discharge': '#EE62CC', 'total_pages': '#FAEA0F', 'usance_tenor': '#4E4D92', 'amount_due': '#4BC65C', 'purchase_order_no_and_agreement_ref_no': '#03D6DC', 'vessel_name': '#6CB868', 'indicator_date': '#AE659C', 'invoice_tax_ccy': '#E73FC9', 'mode_of_despatch': '#6F7BEC', 'net_weight': '#D2A4BC', 'awb_date': '#98EC95', 'country_of_origin_of_goods': '#1C10DB', 'invoice_currency': '#EE9BA0', 'bill_of_lading_date': '#6951F0', 'shipment_date': '#287B1C', 'consignee_address': '#4B0748', 'invoice_discount_amount': '#2A5F0F', 'transaction_currency': '#864AF0', 'consignor_country': '#70136A', 'to': '#68F03C', 'consignor_address': '#89D979', 'remitter_address': '#7D138E', 'drawer_ref_no': '#DB3319', 'tenor_type': '#4ABCDA', 'presentation_period': '#0BE2F1'}
2024-03-18 12:26:36,660 is result_set is instance of dict? True
2024-03-18 12:26:36,660 is final_result_set is instance of dict? True
2024-03-18 12:26:36,788 Time taken for page 1 of Proforma_Invoice(2013_01_10_13_52_39_0207)_499_0.png:0:00:01.703539
2024-03-18 12:26:36,906 *****Generated All Pages****** for Proforma_Invoice(2013_01_10_13_52_39_0207)_499_0.png
2024-03-18 12:26:36,906 RAM memory 62.3 used for Proforma_Invoice(2013_01_10_13_52_39_0207)_499_0.png Generating All Pages:
2024-03-18 12:26:36,906 Processing time taken for all pages of Proforma_Invoice(2013_01_10_13_52_39_0207)_499_0.png1:0:00:01.821921
2024-03-18 12:26:37,022 file name is:Proforma_Invoice(2013_01_10_13_54_59_7183)_522_0.png
2024-03-18 12:26:37,022 folder path :Images
2024-03-18 12:26:37,022 Calling Image result
2024-03-18 12:26:37,022 is all_page_result is instance of dict? True
2024-03-18 12:26:37,022 STREAM b'IHDR' 16 13
2024-03-18 12:26:37,022 STREAM b'IDAT' 41 33239
2024-03-18 12:26:37,052 is words is instance of list? True
2024-03-18 12:26:37,052 is bboxes is instance of list? True
2024-03-18 12:26:37,052 is bounding_boxes is instance of list? True
2024-03-18 12:26:37,247 is input_id_chunks is instance of list? True
2024-03-18 12:26:37,247 is mask_chunks is instance of list? True
2024-03-18 12:26:37,247 is bbox_chunks is instance of list? True
2024-03-18 12:26:37,247 is image_chunks is instance of list? True
2024-03-18 12:26:37,248 is input_dict is instance of dict? True
2024-03-18 12:26:38,427 Model Called
2024-03-18 12:26:38,428 RAM memory 62.5 used for Proforma_Invoice(2013_01_10_13_54_59_7183)_522_0.png:
2024-03-18 12:26:38,428 is all_predictions is instance of list? True
2024-03-18 12:26:38,428 is all_boxes is instance of list? True
2024-03-18 12:26:38,428 is all_confidences is instance of list? True
2024-03-18 12:26:38,428 is all_text is instance of list? True
2024-03-18 12:26:38,428 is label2id is instance of dict? True
2024-03-18 12:26:38,428 is id2label is instance of dict? True
2024-03-18 12:26:38,429 is label2color is instance of dict? True
2024-03-18 12:26:38,429 label2color : {'transaction_date': '#068DFA', 'beneficiary_bank_swift': '#6FB8E1', 'unit': '#894E76', 'gross_weight': '#CD72C7', 'payment_terms': '#81AF27', 'date_of_invoice': '#FE1F3A', 'lc_ref_no': '#23FDDA', 'order_date': '#31C580', 'invoice_tax_amount': '#C6196A', 'shipper_name': '#CB404A', 'freight_charges': '#3E6384', 'tolerance_of_quantity': '#1ABA03', 'O': '#0CA9D8', 'transport_details': '#E58B51', 'place_of_receipt': '#991905', 'country_of_final_destination': '#203979', 'notify_party_name': '#9E86A8', 'remitter_country': '#61756C', 'beneficiary_country': '#AC4BB1', 'final_destination': '#26C053', 'pre-carriage-by': '#711961', 'invoice_no': '#D0425E', 'insurance_charges': '#9B1BEE', 'cosignee_name': '#5F0105', 'tenor_indicator': '#4CB9EA', 'incoterm': '#CB957C', 'original_or_copy': '#28429E', 'page_no': '#354E7F', 'vessel_flight_no': '#ED32EA', 'beneficiary_bank_identifier': '#A1C258', 'port_of_loading': '#FCF7CB', 'awb_number': '#54B505', 'transaction_amonunt_value': '#5F4B3A', 'shipper_address': '#A4058C', 'goods_description': '#619288', 'consignor_name': '#865B3D', 'stamp': '#D3FC93', 'bill_of_lading_no': '#296BC9', 'transhipment': '#1D656D', 'invoice_due_date': '#09D500', 'indicator_type': '#ED8438', 'importer_your_ref_no': '#18BEF4', 'rate_per_unit': '#8ECFB2', 'beneficiary_bank_country': '#9391D3', 'notify_party_country': '#281276', 'beneficiary_drawer_exporter_seller_supplier_tin': '#FE6527', 'signature': '#93CB56', 'invoice_amount': '#399CC1', 'lc_date': '#1F0070', 'advance_amount': '#775B89', 'beneficiary_address': '#6FE22F', 'signature_of_the_issuer': '#053CD2', 'beneficiary_account_number': '#6852D5', 'signed_by': '#014C84', 'from': '#2AEFC1', 'exporter_our_ref_no': '#0141B3', 'remitter_drawee_applicant_importer_buyer_name': '#8964AC', 'packaging_description': '#2DE6B7', 'notify_party_address': '#FCE2B3', 'hs_code_no': '#44980A', 'beneficiary_iban_number': '#C4A668', 'beneficiary_drawer_exporter_seller_supplier_name': '#1C879D', 'beneficiary_bank_name': '#77942D', 'delivery_terms': '#A59F2C', 'total_quantity_of_goods': '#A4BD5E', 'dimension': '#0D7321', 'invoice_amount_in_words': '#AB8C3B', 'invoice_discount_ccy': '#D767CA', 'declaration_by_issuer': '#355341', 'port_of_discharge': '#7C7DEE', 'total_pages': '#C84197', 'usance_tenor': '#70B513', 'amount_due': '#8D4383', 'purchase_order_no_and_agreement_ref_no': '#ED9700', 'vessel_name': '#20DD38', 'indicator_date': '#6F63A4', 'invoice_tax_ccy': '#78AFB0', 'mode_of_despatch': '#1C9B71', 'net_weight': '#19AED4', 'awb_date': '#76B0E5', 'country_of_origin_of_goods': '#BBE8E4', 'invoice_currency': '#761C30', 'bill_of_lading_date': '#F41F4A', 'shipment_date': '#8067FE', 'consignee_address': '#88D822', 'invoice_discount_amount': '#B12099', 'transaction_currency': '#882BEA', 'consignor_country': '#D82D77', 'to': '#25A82D', 'consignor_address': '#347A7A', 'remitter_address': '#12767B', 'drawer_ref_no': '#671822', 'tenor_type': '#280CD3', 'presentation_period': '#AD5BCF'}
2024-03-18 12:26:38,558 is result_set is instance of dict? True
2024-03-18 12:26:38,558 is final_result_set is instance of dict? True
2024-03-18 12:26:38,678 Time taken for page 1 of Proforma_Invoice(2013_01_10_13_54_59_7183)_522_0.png:0:00:01.655242
2024-03-18 12:26:38,816 *****Generated All Pages****** for Proforma_Invoice(2013_01_10_13_54_59_7183)_522_0.png
2024-03-18 12:26:38,817 RAM memory 62.4 used for Proforma_Invoice(2013_01_10_13_54_59_7183)_522_0.png Generating All Pages:
2024-03-18 12:26:38,817 Processing time taken for all pages of Proforma_Invoice(2013_01_10_13_54_59_7183)_522_0.png1:0:00:01.794677
2024-03-18 12:26:38,924 file name is:Proforma_Invoice(2013_01_10_13_52_06_4463)_496_0.png
2024-03-18 12:26:38,924 folder path :Images
2024-03-18 12:26:38,924 Calling Image result
2024-03-18 12:26:38,924 is all_page_result is instance of dict? True
2024-03-18 12:26:38,924 STREAM b'IHDR' 16 13
2024-03-18 12:26:38,924 STREAM b'IDAT' 41 33922
2024-03-18 12:26:38,965 is words is instance of list? True
2024-03-18 12:26:38,966 is bboxes is instance of list? True
2024-03-18 12:26:38,966 is bounding_boxes is instance of list? True
2024-03-18 12:26:39,163 is input_id_chunks is instance of list? True
2024-03-18 12:26:39,163 is mask_chunks is instance of list? True
2024-03-18 12:26:39,163 is bbox_chunks is instance of list? True
2024-03-18 12:26:39,163 is image_chunks is instance of list? True
2024-03-18 12:26:39,164 is input_dict is instance of dict? True
2024-03-18 12:26:40,314 Model Called
2024-03-18 12:26:40,314 RAM memory 62.3 used for Proforma_Invoice(2013_01_10_13_52_06_4463)_496_0.png:
2024-03-18 12:26:40,314 is all_predictions is instance of list? True
2024-03-18 12:26:40,314 is all_boxes is instance of list? True
2024-03-18 12:26:40,314 is all_confidences is instance of list? True
2024-03-18 12:26:40,314 is all_text is instance of list? True
2024-03-18 12:26:40,315 is label2id is instance of dict? True
2024-03-18 12:26:40,315 is id2label is instance of dict? True
2024-03-18 12:26:40,316 is label2color is instance of dict? True
2024-03-18 12:26:40,316 label2color : {'transaction_date': '#0B0755', 'beneficiary_bank_swift': '#AC4A92', 'unit': '#1DA750', 'gross_weight': '#DD2085', 'payment_terms': '#544A08', 'date_of_invoice': '#A0B0E4', 'lc_ref_no': '#B8E7BA', 'order_date': '#F4D170', 'invoice_tax_amount': '#825993', 'shipper_name': '#AE3947', 'freight_charges': '#EE25B3', 'tolerance_of_quantity': '#910B4F', 'O': '#6557A5', 'transport_details': '#23C4B5', 'place_of_receipt': '#7F7B80', 'country_of_final_destination': '#22EDD4', 'notify_party_name': '#C3D283', 'remitter_country': '#DCD091', 'beneficiary_country': '#CFAD96', 'final_destination': '#1B2988', 'pre-carriage-by': '#2A1540', 'invoice_no': '#DE81AD', 'insurance_charges': '#3EB14E', 'cosignee_name': '#49D798', 'tenor_indicator': '#42556F', 'incoterm': '#D59608', 'original_or_copy': '#A9505F', 'page_no': '#086012', 'vessel_flight_no': '#E86580', 'beneficiary_bank_identifier': '#94F259', 'port_of_loading': '#A3E3DA', 'awb_number': '#2D3EB5', 'transaction_amonunt_value': '#209D2F', 'shipper_address': '#3A46CF', 'goods_description': '#469C83', 'consignor_name': '#2A854F', 'stamp': '#D4E916', 'bill_of_lading_no': '#D41262', 'transhipment': '#EEC967', 'invoice_due_date': '#CE980D', 'indicator_type': '#861128', 'importer_your_ref_no': '#AAADA4', 'rate_per_unit': '#E1F5B6', 'beneficiary_bank_country': '#DB5CD3', 'notify_party_country': '#3C0CC0', 'beneficiary_drawer_exporter_seller_supplier_tin': '#AF6214', 'signature': '#C0144D', 'invoice_amount': '#62EEAD', 'lc_date': '#D05CD0', 'advance_amount': '#5116B7', 'beneficiary_address': '#3923DA', 'signature_of_the_issuer': '#E542AB', 'beneficiary_account_number': '#9AB526', 'signed_by': '#53DAFF', 'from': '#27F01D', 'exporter_our_ref_no': '#BE6DE0', 'remitter_drawee_applicant_importer_buyer_name': '#D6DA9B', 'packaging_description': '#41B81C', 'notify_party_address': '#C89E4D', 'hs_code_no': '#CC5E4B', 'beneficiary_iban_number': '#79AEA0', 'beneficiary_drawer_exporter_seller_supplier_name': '#19DC9F', 'beneficiary_bank_name': '#199331', 'delivery_terms': '#FAB492', 'total_quantity_of_goods': '#69C94D', 'dimension': '#61AF2A', 'invoice_amount_in_words': '#7EFB19', 'invoice_discount_ccy': '#02DCBD', 'declaration_by_issuer': '#AE4123', 'port_of_discharge': '#27DA12', 'total_pages': '#601329', 'usance_tenor': '#48EB56', 'amount_due': '#0AA1A9', 'purchase_order_no_and_agreement_ref_no': '#FA1BEC', 'vessel_name': '#EA9002', 'indicator_date': '#F9CDAE', 'invoice_tax_ccy': '#150A3B', 'mode_of_despatch': '#875539', 'net_weight': '#C39969', 'awb_date': '#145C65', 'country_of_origin_of_goods': '#827EA7', 'invoice_currency': '#CBBA25', 'bill_of_lading_date': '#103CD5', 'shipment_date': '#B0C789', 'consignee_address': '#513171', 'invoice_discount_amount': '#BE9259', 'transaction_currency': '#EFF047', 'consignor_country': '#25C8F1', 'to': '#54F738', 'consignor_address': '#08273C', 'remitter_address': '#A899D5', 'drawer_ref_no': '#15E2F5', 'tenor_type': '#F9B9B3', 'presentation_period': '#EC783F'}
2024-03-18 12:26:40,443 is result_set is instance of dict? True
2024-03-18 12:26:40,444 is final_result_set is instance of dict? True
2024-03-18 12:26:40,575 Time taken for page 1 of Proforma_Invoice(2013_01_10_13_52_06_4463)_496_0.png:0:00:01.651315
2024-03-18 12:26:40,672 *****Generated All Pages****** for Proforma_Invoice(2013_01_10_13_52_06_4463)_496_0.png
2024-03-18 12:26:40,672 RAM memory 62.2 used for Proforma_Invoice(2013_01_10_13_52_06_4463)_496_0.png Generating All Pages:
2024-03-18 12:26:40,672 Processing time taken for all pages of Proforma_Invoice(2013_01_10_13_52_06_4463)_496_0.png1:0:00:01.748305
2024-03-18 12:26:40,780 file name is:Proforma_Invoice(2013_01_10_13_53_48_7045)_503_0.png
2024-03-18 12:26:40,780 folder path :Images
2024-03-18 12:26:40,780 Calling Image result
2024-03-18 12:26:40,780 is all_page_result is instance of dict? True
2024-03-18 12:26:40,780 STREAM b'IHDR' 16 13
2024-03-18 12:26:40,780 STREAM b'IDAT' 41 33690
2024-03-18 12:26:40,821 is words is instance of list? True
2024-03-18 12:26:40,821 is bboxes is instance of list? True
2024-03-18 12:26:40,821 is bounding_boxes is instance of list? True
2024-03-18 12:26:41,017 is input_id_chunks is instance of list? True
2024-03-18 12:26:41,017 is mask_chunks is instance of list? True
2024-03-18 12:26:41,017 is bbox_chunks is instance of list? True
2024-03-18 12:26:41,017 is image_chunks is instance of list? True
2024-03-18 12:26:41,018 is input_dict is instance of dict? True
2024-03-18 12:26:42,237 Model Called
2024-03-18 12:26:42,237 RAM memory 62.3 used for Proforma_Invoice(2013_01_10_13_53_48_7045)_503_0.png:
2024-03-18 12:26:42,237 is all_predictions is instance of list? True
2024-03-18 12:26:42,237 is all_boxes is instance of list? True
2024-03-18 12:26:42,237 is all_confidences is instance of list? True
2024-03-18 12:26:42,237 is all_text is instance of list? True
2024-03-18 12:26:42,238 is label2id is instance of dict? True
2024-03-18 12:26:42,238 is id2label is instance of dict? True
2024-03-18 12:26:42,239 is label2color is instance of dict? True
2024-03-18 12:26:42,239 label2color : {'transaction_date': '#F33E44', 'beneficiary_bank_swift': '#D6AD15', 'unit': '#169019', 'gross_weight': '#867EFC', 'payment_terms': '#864C76', 'date_of_invoice': '#C36123', 'lc_ref_no': '#B63EAA', 'order_date': '#7B734F', 'invoice_tax_amount': '#8DE262', 'shipper_name': '#46DE93', 'freight_charges': '#86A8E3', 'tolerance_of_quantity': '#F13A47', 'O': '#C94E36', 'transport_details': '#EA09B4', 'place_of_receipt': '#CAD8BA', 'country_of_final_destination': '#7A8A24', 'notify_party_name': '#6A4C51', 'remitter_country': '#FA668E', 'beneficiary_country': '#738782', 'final_destination': '#7C7C31', 'pre-carriage-by': '#B1DDE7', 'invoice_no': '#6829C6', 'insurance_charges': '#F33C5A', 'cosignee_name': '#BDEF24', 'tenor_indicator': '#582CE8', 'incoterm': '#FA8E88', 'original_or_copy': '#9A6799', 'page_no': '#3B7DD6', 'vessel_flight_no': '#2ED0D3', 'beneficiary_bank_identifier': '#92EE24', 'port_of_loading': '#0D81DF', 'awb_number': '#2CDF3A', 'transaction_amonunt_value': '#F1FADB', 'shipper_address': '#707859', 'goods_description': '#BF491A', 'consignor_name': '#6EDEA2', 'stamp': '#2AB934', 'bill_of_lading_no': '#879805', 'transhipment': '#BB6D28', 'invoice_due_date': '#F4183B', 'indicator_type': '#6D37E9', 'importer_your_ref_no': '#0345A7', 'rate_per_unit': '#197F3D', 'beneficiary_bank_country': '#691682', 'notify_party_country': '#F1DC11', 'beneficiary_drawer_exporter_seller_supplier_tin': '#BA8A7B', 'signature': '#0E8C7E', 'invoice_amount': '#6F43C2', 'lc_date': '#AA69BC', 'advance_amount': '#0F022B', 'beneficiary_address': '#1FAA1E', 'signature_of_the_issuer': '#BD387B', 'beneficiary_account_number': '#6A3AA9', 'signed_by': '#F8C2BE', 'from': '#D598A7', 'exporter_our_ref_no': '#D22DAF', 'remitter_drawee_applicant_importer_buyer_name': '#047137', 'packaging_description': '#86724D', 'notify_party_address': '#3DC058', 'hs_code_no': '#D13131', 'beneficiary_iban_number': '#D124E1', 'beneficiary_drawer_exporter_seller_supplier_name': '#383947', 'beneficiary_bank_name': '#219C70', 'delivery_terms': '#D76BC6', 'total_quantity_of_goods': '#842D07', 'dimension': '#8C58B5', 'invoice_amount_in_words': '#A2527E', 'invoice_discount_ccy': '#527988', 'declaration_by_issuer': '#434B49', 'port_of_discharge': '#71C213', 'total_pages': '#124648', 'usance_tenor': '#DA6F59', 'amount_due': '#DCEAA3', 'purchase_order_no_and_agreement_ref_no': '#908606', 'vessel_name': '#1985EE', 'indicator_date': '#2A13E6', 'invoice_tax_ccy': '#8A7123', 'mode_of_despatch': '#DFBAA4', 'net_weight': '#D1B3CB', 'awb_date': '#B34002', 'country_of_origin_of_goods': '#2D07E2', 'invoice_currency': '#494671', 'bill_of_lading_date': '#B7F8DC', 'shipment_date': '#9CB829', 'consignee_address': '#444C7C', 'invoice_discount_amount': '#171C2C', 'transaction_currency': '#89A05D', 'consignor_country': '#86DBA4', 'to': '#964F78', 'consignor_address': '#FDAD5E', 'remitter_address': '#3D5015', 'drawer_ref_no': '#597AD4', 'tenor_type': '#2C1784', 'presentation_period': '#BB4562'}
2024-03-18 12:26:42,383 is result_set is instance of dict? True
2024-03-18 12:26:42,384 is final_result_set is instance of dict? True
2024-03-18 12:26:42,558 Time taken for page 1 of Proforma_Invoice(2013_01_10_13_53_48_7045)_503_0.png:0:00:01.777494
2024-03-18 12:26:42,668 *****Generated All Pages****** for Proforma_Invoice(2013_01_10_13_53_48_7045)_503_0.png
2024-03-18 12:26:42,668 RAM memory 62.4 used for Proforma_Invoice(2013_01_10_13_53_48_7045)_503_0.png Generating All Pages:
2024-03-18 12:26:42,669 Processing time taken for all pages of Proforma_Invoice(2013_01_10_13_53_48_7045)_503_0.png1:0:00:01.888728
2024-03-18 12:26:42,783 file name is:Proforma_Invoice(2013_01_10_13_54_51_9272)_507_0.png
2024-03-18 12:26:42,783 folder path :Images
2024-03-18 12:26:42,783 Calling Image result
2024-03-18 12:26:42,783 is all_page_result is instance of dict? True
2024-03-18 12:26:42,783 STREAM b'IHDR' 16 13
2024-03-18 12:26:42,783 STREAM b'IDAT' 41 34699
2024-03-18 12:26:42,819 is words is instance of list? True
2024-03-18 12:26:42,820 is bboxes is instance of list? True
2024-03-18 12:26:42,820 is bounding_boxes is instance of list? True
2024-03-18 12:26:43,012 is input_id_chunks is instance of list? True
2024-03-18 12:26:43,012 is mask_chunks is instance of list? True
2024-03-18 12:26:43,012 is bbox_chunks is instance of list? True
2024-03-18 12:26:43,012 is image_chunks is instance of list? True
2024-03-18 12:26:43,013 is input_dict is instance of dict? True
2024-03-18 12:26:44,175 Model Called
2024-03-18 12:26:44,175 RAM memory 62.4 used for Proforma_Invoice(2013_01_10_13_54_51_9272)_507_0.png:
2024-03-18 12:26:44,175 is all_predictions is instance of list? True
2024-03-18 12:26:44,175 is all_boxes is instance of list? True
2024-03-18 12:26:44,175 is all_confidences is instance of list? True
2024-03-18 12:26:44,175 is all_text is instance of list? True
2024-03-18 12:26:44,176 is label2id is instance of dict? True
2024-03-18 12:26:44,176 is id2label is instance of dict? True
2024-03-18 12:26:44,177 is label2color is instance of dict? True
2024-03-18 12:26:44,177 label2color : {'transaction_date': '#9DE42D', 'beneficiary_bank_swift': '#444581', 'unit': '#6EDCB3', 'gross_weight': '#3CA6A1', 'payment_terms': '#AA7278', 'date_of_invoice': '#B85E3B', 'lc_ref_no': '#C12E85', 'order_date': '#557D73', 'invoice_tax_amount': '#F8662C', 'shipper_name': '#91BE46', 'freight_charges': '#E94A27', 'tolerance_of_quantity': '#913EC2', 'O': '#907023', 'transport_details': '#E769E8', 'place_of_receipt': '#1D3B52', 'country_of_final_destination': '#D1E4C5', 'notify_party_name': '#36DE66', 'remitter_country': '#A868A6', 'beneficiary_country': '#444BA9', 'final_destination': '#A63FDE', 'pre-carriage-by': '#B49B59', 'invoice_no': '#F4021E', 'insurance_charges': '#8864D0', 'cosignee_name': '#F477D5', 'tenor_indicator': '#B2762E', 'incoterm': '#A77FF4', 'original_or_copy': '#8A05B4', 'page_no': '#2E6328', 'vessel_flight_no': '#1670C7', 'beneficiary_bank_identifier': '#5FBD70', 'port_of_loading': '#BF0B92', 'awb_number': '#74274D', 'transaction_amonunt_value': '#0D7060', 'shipper_address': '#DF079D', 'goods_description': '#86A25A', 'consignor_name': '#897FDE', 'stamp': '#72A6FA', 'bill_of_lading_no': '#A8D683', 'transhipment': '#26507A', 'invoice_due_date': '#41580C', 'indicator_type': '#72710F', 'importer_your_ref_no': '#C2957C', 'rate_per_unit': '#250847', 'beneficiary_bank_country': '#5FDD76', 'notify_party_country': '#020714', 'beneficiary_drawer_exporter_seller_supplier_tin': '#9D69FE', 'signature': '#55A52D', 'invoice_amount': '#EFCBA0', 'lc_date': '#00C275', 'advance_amount': '#18BA8A', 'beneficiary_address': '#AD17A1', 'signature_of_the_issuer': '#684069', 'beneficiary_account_number': '#2C7C92', 'signed_by': '#1BA96F', 'from': '#5F6DCA', 'exporter_our_ref_no': '#A3BEC6', 'remitter_drawee_applicant_importer_buyer_name': '#49D47D', 'packaging_description': '#C90E0C', 'notify_party_address': '#1E8600', 'hs_code_no': '#DEE24F', 'beneficiary_iban_number': '#638786', 'beneficiary_drawer_exporter_seller_supplier_name': '#B6ACAF', 'beneficiary_bank_name': '#ED117B', 'delivery_terms': '#FAF87B', 'total_quantity_of_goods': '#0D162F', 'dimension': '#3C5960', 'invoice_amount_in_words': '#58C002', 'invoice_discount_ccy': '#7C9159', 'declaration_by_issuer': '#5E56D4', 'port_of_discharge': '#0F00EA', 'total_pages': '#37846E', 'usance_tenor': '#F06E54', 'amount_due': '#0F2A50', 'purchase_order_no_and_agreement_ref_no': '#3A7FD4', 'vessel_name': '#424CDD', 'indicator_date': '#786481', 'invoice_tax_ccy': '#BD3B52', 'mode_of_despatch': '#8AB317', 'net_weight': '#5CB8F9', 'awb_date': '#8AF11B', 'country_of_origin_of_goods': '#5F11E1', 'invoice_currency': '#5359C0', 'bill_of_lading_date': '#8F220D', 'shipment_date': '#BDC9D6', 'consignee_address': '#4FB333', 'invoice_discount_amount': '#1FCFD9', 'transaction_currency': '#A7CDF7', 'consignor_country': '#021FA6', 'to': '#FA164F', 'consignor_address': '#02D98F', 'remitter_address': '#DE0A17', 'drawer_ref_no': '#549F0F', 'tenor_type': '#8128CF', 'presentation_period': '#935E96'}
2024-03-18 12:26:44,297 is result_set is instance of dict? True
2024-03-18 12:26:44,298 is final_result_set is instance of dict? True
2024-03-18 12:26:44,418 Time taken for page 1 of Proforma_Invoice(2013_01_10_13_54_51_9272)_507_0.png:0:00:01.634883
2024-03-18 12:26:44,522 *****Generated All Pages****** for Proforma_Invoice(2013_01_10_13_54_51_9272)_507_0.png
2024-03-18 12:26:44,522 RAM memory 62.2 used for Proforma_Invoice(2013_01_10_13_54_51_9272)_507_0.png Generating All Pages:
2024-03-18 12:26:44,522 Processing time taken for all pages of Proforma_Invoice(2013_01_10_13_54_51_9272)_507_0.png1:0:00:01.739147
2024-03-18 12:26:44,632 file name is:Proforma_Invoice_33_0.png
2024-03-18 12:26:44,632 folder path :Images
2024-03-18 12:26:44,632 Calling Image result
2024-03-18 12:26:44,632 is all_page_result is instance of dict? True
2024-03-18 12:26:44,632 STREAM b'IHDR' 16 13
2024-03-18 12:26:44,632 STREAM b'IDAT' 41 38109
2024-03-18 12:26:44,672 is words is instance of list? True
2024-03-18 12:26:44,672 is bboxes is instance of list? True
2024-03-18 12:26:44,672 is bounding_boxes is instance of list? True
2024-03-18 12:26:44,858 is input_id_chunks is instance of list? True
2024-03-18 12:26:44,858 is mask_chunks is instance of list? True
2024-03-18 12:26:44,858 is bbox_chunks is instance of list? True
2024-03-18 12:26:44,858 is image_chunks is instance of list? True
2024-03-18 12:26:44,858 is input_dict is instance of dict? True
2024-03-18 12:26:46,064 Model Called
2024-03-18 12:26:46,064 RAM memory 62.4 used for Proforma_Invoice_33_0.png:
2024-03-18 12:26:46,064 is all_predictions is instance of list? True
2024-03-18 12:26:46,064 is all_boxes is instance of list? True
2024-03-18 12:26:46,064 is all_confidences is instance of list? True
2024-03-18 12:26:46,064 is all_text is instance of list? True
2024-03-18 12:26:46,065 is label2id is instance of dict? True
2024-03-18 12:26:46,065 is id2label is instance of dict? True
2024-03-18 12:26:46,066 is label2color is instance of dict? True
2024-03-18 12:26:46,066 label2color : {'transaction_date': '#8C5310', 'beneficiary_bank_swift': '#0AEFC2', 'unit': '#3A1CED', 'gross_weight': '#B7E8AA', 'payment_terms': '#EF5B14', 'date_of_invoice': '#DE0224', 'lc_ref_no': '#EC0F93', 'order_date': '#6AFEB6', 'invoice_tax_amount': '#65D350', 'shipper_name': '#8CB76F', 'freight_charges': '#9C0571', 'tolerance_of_quantity': '#CA2403', 'O': '#476DA1', 'transport_details': '#5F64D8', 'place_of_receipt': '#5E0BBA', 'country_of_final_destination': '#DF3C45', 'notify_party_name': '#6E9B97', 'remitter_country': '#2580F2', 'beneficiary_country': '#3E0779', 'final_destination': '#FE8471', 'pre-carriage-by': '#D784F6', 'invoice_no': '#458866', 'insurance_charges': '#F95335', 'cosignee_name': '#DB73C9', 'tenor_indicator': '#EDC117', 'incoterm': '#0B4E4E', 'original_or_copy': '#600729', 'page_no': '#09E659', 'vessel_flight_no': '#CB7EEE', 'beneficiary_bank_identifier': '#148EAB', 'port_of_loading': '#6B7EE2', 'awb_number': '#40D50E', 'transaction_amonunt_value': '#9DA70D', 'shipper_address': '#19D091', 'goods_description': '#AD8B83', 'consignor_name': '#DF808C', 'stamp': '#C9D8C2', 'bill_of_lading_no': '#4BCAA3', 'transhipment': '#5F2ED9', 'invoice_due_date': '#45CEF4', 'indicator_type': '#ACCE25', 'importer_your_ref_no': '#AD5099', 'rate_per_unit': '#080FD9', 'beneficiary_bank_country': '#1DF1CF', 'notify_party_country': '#410435', 'beneficiary_drawer_exporter_seller_supplier_tin': '#19BE58', 'signature': '#399FFE', 'invoice_amount': '#FB9DF8', 'lc_date': '#5D6A4B', 'advance_amount': '#D2C508', 'beneficiary_address': '#9CFEAC', 'signature_of_the_issuer': '#0BB301', 'beneficiary_account_number': '#1386A2', 'signed_by': '#38F15F', 'from': '#4B309C', 'exporter_our_ref_no': '#3069BF', 'remitter_drawee_applicant_importer_buyer_name': '#8A0D23', 'packaging_description': '#955FFA', 'notify_party_address': '#4231B8', 'hs_code_no': '#E0FFD5', 'beneficiary_iban_number': '#557EA3', 'beneficiary_drawer_exporter_seller_supplier_name': '#118F06', 'beneficiary_bank_name': '#4B2546', 'delivery_terms': '#0C7F10', 'total_quantity_of_goods': '#67567A', 'dimension': '#4590FD', 'invoice_amount_in_words': '#736488', 'invoice_discount_ccy': '#F30A96', 'declaration_by_issuer': '#C15BD6', 'port_of_discharge': '#2F7CDF', 'total_pages': '#32FABE', 'usance_tenor': '#46F3B0', 'amount_due': '#578067', 'purchase_order_no_and_agreement_ref_no': '#F3D205', 'vessel_name': '#1A6572', 'indicator_date': '#2FF4D8', 'invoice_tax_ccy': '#6D4EBC', 'mode_of_despatch': '#5EF6E6', 'net_weight': '#A3C9E1', 'awb_date': '#54194F', 'country_of_origin_of_goods': '#C78BCB', 'invoice_currency': '#F8C939', 'bill_of_lading_date': '#52F140', 'shipment_date': '#001DDC', 'consignee_address': '#FFFA1D', 'invoice_discount_amount': '#BD90FE', 'transaction_currency': '#230E9A', 'consignor_country': '#9C565E', 'to': '#8CE584', 'consignor_address': '#9330FA', 'remitter_address': '#C8FFC6', 'drawer_ref_no': '#EC22E2', 'tenor_type': '#BF1AAF', 'presentation_period': '#3BFE91'}
2024-03-18 12:26:46,214 is result_set is instance of dict? True
2024-03-18 12:26:46,215 is final_result_set is instance of dict? True
2024-03-18 12:26:46,416 Time taken for page 1 of Proforma_Invoice_33_0.png:0:00:01.783923
2024-03-18 12:26:46,514 *****Generated All Pages****** for Proforma_Invoice_33_0.png
2024-03-18 12:26:46,514 RAM memory 62.4 used for Proforma_Invoice_33_0.png Generating All Pages:
2024-03-18 12:26:46,514 Processing time taken for all pages of Proforma_Invoice_33_0.png1:0:00:01.882238
2024-03-18 12:26:46,630 start time: 2024-03-18 12:26:46.630448
2024-03-18 12:26:49,352 https://huggingface.co:443 "HEAD /microsoft/layoutlmv2-base-uncased/resolve/main/preprocessor_config.json HTTP/1.1" 200 0
2024-03-18 12:26:49,664 https://huggingface.co:443 "HEAD /microsoft/layoutlmv2-base-uncased/resolve/main/tokenizer_config.json HTTP/1.1" 404 0
2024-03-18 12:26:49,977 https://huggingface.co:443 "HEAD /microsoft/layoutlmv2-base-uncased/resolve/main/vocab.txt HTTP/1.1" 200 0
2024-03-18 12:26:50,022 RAM memory for Model loading used: 59.8
2024-03-18 12:26:50,022 cpu_utilization % for Model Loading:-32.4
2024-03-18 12:26:50,022 memory_consumption in bytes for Loading Model:-435617792
2024-03-18 12:26:50,022 Loaded Model successfully
2024-03-18 12:26:50,022 file name is:Purchase_Order_By_Opener_279_0.png
2024-03-18 12:26:50,022 folder path :Images
2024-03-18 12:26:50,022 Calling Image result
2024-03-18 12:26:50,022 is all_page_result is instance of dict? True
2024-03-18 12:26:50,022 STREAM b'IHDR' 16 13
2024-03-18 12:26:50,022 STREAM b'IDAT' 41 65536
2024-03-18 12:26:50,060 is words is instance of list? True
2024-03-18 12:26:50,061 is bboxes is instance of list? True
2024-03-18 12:26:50,061 is bounding_boxes is instance of list? True
2024-03-18 12:26:50,270 is input_id_chunks is instance of list? True
2024-03-18 12:26:50,270 is mask_chunks is instance of list? True
2024-03-18 12:26:50,270 is bbox_chunks is instance of list? True
2024-03-18 12:26:50,270 is image_chunks is instance of list? True
2024-03-18 12:26:50,271 is input_dict is instance of dict? True
2024-03-18 12:26:52,753 Model Called
2024-03-18 12:26:52,754 RAM memory 66.0 used for Purchase_Order_By_Opener_279_0.png:
2024-03-18 12:26:52,754 is all_predictions is instance of list? True
2024-03-18 12:26:52,754 is all_boxes is instance of list? True
2024-03-18 12:26:52,754 is all_confidences is instance of list? True
2024-03-18 12:26:52,754 is all_text is instance of list? True
2024-03-18 12:26:52,754 is label2id is instance of dict? True
2024-03-18 12:26:52,754 is id2label is instance of dict? True
2024-03-18 12:26:52,755 is label2color is instance of dict? True
2024-03-18 12:26:52,755 label2color : {'total_amount_in_words': '#DA38C2', 'freight_and_transportation_information': '#D841E5', 'insurance_issuer_name': '#839094', 'remitter_drawee_buyer_importer_billto_shippedto_despacthto_name': '#ACA1E7', 'currency': '#32AE2E', 'signed_by': '#1D41F5', 'page_no': '#DBEF6A', 'documents_required': '#73AC59', 'tin_no': '#C74F56', 'cst_no': '#A56381', 'remitter_drawee_buyer_importer_billto_shippedto_despacthto_address': '#1A3CB4', 'po_number': '#905052', 'mode_of_dispatch': '#41CC8F', 'unit_price': '#506DCB', 'issue_date': '#985C30', 'quotation_no': '#DF8B62', 'dimension': '#7B585A', 'signature': '#446038', 'O': '#5DFC3F', 'drawer_exporter_seller_beneficiary_issuer_supplier_name': '#21B392', 'packaging_details': '#67EEA6', 'quantity': '#FC887C', 'vat_no': '#A40719', 'original_or_copy': '#C40C03', 'drawer_ref_no': '#D6B732', 'drawee_ref_no': '#DDDD54', 'ecc_no': '#33C2C5', 'incoterm': '#C1E515', 'item_description': '#0B8645', 'transport_condition': '#D9623C', 'drawer_exporter_seller_beneficiary_issuer_supplier_address': '#D4B944', 'delivery_terms': '#A87742', 'tax_amount': '#A50F51', 'taxes_condition': '#487B69', 'warranty_terms': '#2CEBE1', 'price_conditions': '#A1CC87', 'total_pages': '#DF901E', 'stamped': '#918048', 'diclaration_by': '#088CAF', 'total_amount_in_figure': '#B443FC', 'unit': '#0A8106', 'payment_terms': '#71DB65', 'destination': '#FB8758', 'discount_condition': '#5950FF'}
2024-03-18 12:26:52,963 is result_set is instance of dict? True
2024-03-18 12:26:52,964 is final_result_set is instance of dict? True
2024-03-18 12:26:53,140 Time taken for page 1 of Purchase_Order_By_Opener_279_0.png:0:00:03.117314
2024-03-18 12:26:53,261 *****Generated All Pages****** for Purchase_Order_By_Opener_279_0.png
2024-03-18 12:26:53,261 RAM memory 66.6 used for Purchase_Order_By_Opener_279_0.png Generating All Pages:
2024-03-18 12:26:53,261 Processing time taken for all pages of Purchase_Order_By_Opener_279_0.png1:0:00:03.238491
2024-03-18 12:26:53,398 file name is:Purchase_Order_By_Opener_240_3.png
2024-03-18 12:26:53,399 folder path :Images
2024-03-18 12:26:53,399 Calling Image result
2024-03-18 12:26:53,399 is all_page_result is instance of dict? True
2024-03-18 12:26:53,399 STREAM b'IHDR' 16 13
2024-03-18 12:26:53,399 STREAM b'IDAT' 41 65536
2024-03-18 12:26:53,442 is words is instance of list? True
2024-03-18 12:26:53,442 is bboxes is instance of list? True
2024-03-18 12:26:53,442 is bounding_boxes is instance of list? True
2024-03-18 12:26:53,682 is input_id_chunks is instance of list? True
2024-03-18 12:26:53,682 is mask_chunks is instance of list? True
2024-03-18 12:26:53,682 is bbox_chunks is instance of list? True
2024-03-18 12:26:53,682 is image_chunks is instance of list? True
2024-03-18 12:26:53,683 is input_dict is instance of dict? True
2024-03-18 12:26:56,035 Model Called
2024-03-18 12:26:56,035 RAM memory 67.1 used for Purchase_Order_By_Opener_240_3.png:
2024-03-18 12:26:56,035 is all_predictions is instance of list? True
2024-03-18 12:26:56,035 is all_boxes is instance of list? True
2024-03-18 12:26:56,035 is all_confidences is instance of list? True
2024-03-18 12:26:56,035 is all_text is instance of list? True
2024-03-18 12:26:56,035 is label2id is instance of dict? True
2024-03-18 12:26:56,036 is id2label is instance of dict? True
2024-03-18 12:26:56,036 is label2color is instance of dict? True
2024-03-18 12:26:56,036 label2color : {'total_amount_in_words': '#D57159', 'freight_and_transportation_information': '#8F8896', 'insurance_issuer_name': '#AD2FBF', 'remitter_drawee_buyer_importer_billto_shippedto_despacthto_name': '#19EF5C', 'currency': '#A86FEC', 'signed_by': '#99F10C', 'page_no': '#350692', 'documents_required': '#7B372D', 'tin_no': '#FDB8CC', 'cst_no': '#5BE13E', 'remitter_drawee_buyer_importer_billto_shippedto_despacthto_address': '#36C41E', 'po_number': '#67F96F', 'mode_of_dispatch': '#274AAC', 'unit_price': '#32C55A', 'issue_date': '#09F85A', 'quotation_no': '#3436AD', 'dimension': '#46AC5A', 'signature': '#4627B6', 'O': '#2D7B7F', 'drawer_exporter_seller_beneficiary_issuer_supplier_name': '#E36AFE', 'packaging_details': '#4A032E', 'quantity': '#9C94CA', 'vat_no': '#91295A', 'original_or_copy': '#B86990', 'drawer_ref_no': '#464386', 'drawee_ref_no': '#7B18F4', 'ecc_no': '#A61716', 'incoterm': '#9A1CC8', 'item_description': '#F6D690', 'transport_condition': '#6812C8', 'drawer_exporter_seller_beneficiary_issuer_supplier_address': '#0357A9', 'delivery_terms': '#A3FCCE', 'tax_amount': '#DBC4A8', 'taxes_condition': '#76D05C', 'warranty_terms': '#88980C', 'price_conditions': '#03FCBA', 'total_pages': '#963C79', 'stamped': '#F7ABCA', 'diclaration_by': '#355954', 'total_amount_in_figure': '#D117D5', 'unit': '#CBCE4C', 'payment_terms': '#BC3993', 'destination': '#A061BE', 'discount_condition': '#36DBE7'}
2024-03-18 12:26:56,258 is result_set is instance of dict? True
2024-03-18 12:26:56,259 is final_result_set is instance of dict? True
2024-03-18 12:26:56,413 Time taken for page 1 of Purchase_Order_By_Opener_240_3.png:0:00:03.013986
2024-03-18 12:26:56,556 *****Generated All Pages****** for Purchase_Order_By_Opener_240_3.png
2024-03-18 12:26:56,557 RAM memory 67.1 used for Purchase_Order_By_Opener_240_3.png Generating All Pages:
2024-03-18 12:26:56,557 Processing time taken for all pages of Purchase_Order_By_Opener_240_3.png1:0:00:03.158037
2024-03-18 12:26:56,704 file name is:Purchase_Order_By_Opener_325_3.png
2024-03-18 12:26:56,705 folder path :Images
2024-03-18 12:26:56,705 Calling Image result
2024-03-18 12:26:56,705 is all_page_result is instance of dict? True
2024-03-18 12:26:56,705 STREAM b'IHDR' 16 13
2024-03-18 12:26:56,705 STREAM b'IDAT' 41 17777
2024-03-18 12:26:56,727 is words is instance of list? True
2024-03-18 12:26:56,727 is bboxes is instance of list? True
2024-03-18 12:26:56,727 is bounding_boxes is instance of list? True
2024-03-18 12:26:56,810 is input_id_chunks is instance of list? True
2024-03-18 12:26:56,811 is mask_chunks is instance of list? True
2024-03-18 12:26:56,811 is bbox_chunks is instance of list? True
2024-03-18 12:26:56,811 is image_chunks is instance of list? True
2024-03-18 12:26:56,811 is input_dict is instance of dict? True
2024-03-18 12:26:58,028 Model Called
2024-03-18 12:26:58,028 RAM memory 60.5 used for Purchase_Order_By_Opener_325_3.png:
2024-03-18 12:26:58,028 is all_predictions is instance of list? True
2024-03-18 12:26:58,028 is all_boxes is instance of list? True
2024-03-18 12:26:58,028 is all_confidences is instance of list? True
2024-03-18 12:26:58,029 is all_text is instance of list? True
2024-03-18 12:26:58,029 is label2id is instance of dict? True
2024-03-18 12:26:58,029 is id2label is instance of dict? True
2024-03-18 12:26:58,030 is label2color is instance of dict? True
2024-03-18 12:26:58,030 label2color : {'total_amount_in_words': '#C6F807', 'freight_and_transportation_information': '#3F6089', 'insurance_issuer_name': '#928E57', 'remitter_drawee_buyer_importer_billto_shippedto_despacthto_name': '#CE990F', 'currency': '#6ECAA4', 'signed_by': '#EEF067', 'page_no': '#B0A533', 'documents_required': '#910DD7', 'tin_no': '#44CA84', 'cst_no': '#74D2CD', 'remitter_drawee_buyer_importer_billto_shippedto_despacthto_address': '#B4A2A4', 'po_number': '#5FD57C', 'mode_of_dispatch': '#9FABA7', 'unit_price': '#93CDF0', 'issue_date': '#3391C9', 'quotation_no': '#C82E6C', 'dimension': '#935C81', 'signature': '#819406', 'O': '#34BB9F', 'drawer_exporter_seller_beneficiary_issuer_supplier_name': '#F9D8D6', 'packaging_details': '#AEF984', 'quantity': '#0194BF', 'vat_no': '#9667DD', 'original_or_copy': '#48B289', 'drawer_ref_no': '#A58699', 'drawee_ref_no': '#0750BB', 'ecc_no': '#7C59D4', 'incoterm': '#C01E51', 'item_description': '#AC2375', 'transport_condition': '#CC4A2F', 'drawer_exporter_seller_beneficiary_issuer_supplier_address': '#BA470C', 'delivery_terms': '#77D69F', 'tax_amount': '#20F961', 'taxes_condition': '#B8C372', 'warranty_terms': '#2EEA8E', 'price_conditions': '#B00EE3', 'total_pages': '#DA5A36', 'stamped': '#C9F89F', 'diclaration_by': '#95D57B', 'total_amount_in_figure': '#DDA1A3', 'unit': '#4C8038', 'payment_terms': '#D699FA', 'destination': '#78E7E4', 'discount_condition': '#C5F32F'}
2024-03-18 12:26:58,090 is result_set is instance of dict? True
2024-03-18 12:26:58,091 is final_result_set is instance of dict? True
2024-03-18 12:26:58,267 Time taken for page 1 of Purchase_Order_By_Opener_325_3.png:0:00:01.561730
2024-03-18 12:26:58,315 *****Generated All Pages****** for Purchase_Order_By_Opener_325_3.png
2024-03-18 12:26:58,315 RAM memory 60.7 used for Purchase_Order_By_Opener_325_3.png Generating All Pages:
2024-03-18 12:26:58,315 Processing time taken for all pages of Purchase_Order_By_Opener_325_3.png1:0:00:01.610354
2024-03-18 12:26:58,427 file name is:Purchase_Order_By_Opener_223_0.png
2024-03-18 12:26:58,427 folder path :Images
2024-03-18 12:26:58,427 Calling Image result
2024-03-18 12:26:58,427 is all_page_result is instance of dict? True
2024-03-18 12:26:58,428 STREAM b'IHDR' 16 13
2024-03-18 12:26:58,428 STREAM b'IDAT' 41 64937
2024-03-18 12:26:58,467 is words is instance of list? True
2024-03-18 12:26:58,467 is bboxes is instance of list? True
2024-03-18 12:26:58,467 is bounding_boxes is instance of list? True
2024-03-18 12:26:58,677 is input_id_chunks is instance of list? True
2024-03-18 12:26:58,677 is mask_chunks is instance of list? True
2024-03-18 12:26:58,677 is bbox_chunks is instance of list? True
2024-03-18 12:26:58,677 is image_chunks is instance of list? True
2024-03-18 12:26:58,677 is input_dict is instance of dict? True
2024-03-18 12:27:01,055 Model Called
2024-03-18 12:27:01,056 RAM memory 66.4 used for Purchase_Order_By_Opener_223_0.png:
2024-03-18 12:27:01,056 is all_predictions is instance of list? True
2024-03-18 12:27:01,056 is all_boxes is instance of list? True
2024-03-18 12:27:01,056 is all_confidences is instance of list? True
2024-03-18 12:27:01,056 is all_text is instance of list? True
2024-03-18 12:27:01,057 is label2id is instance of dict? True
2024-03-18 12:27:01,057 is id2label is instance of dict? True
2024-03-18 12:27:01,058 is label2color is instance of dict? True
2024-03-18 12:27:01,059 label2color : {'total_amount_in_words': '#A7136B', 'freight_and_transportation_information': '#A15DF7', 'insurance_issuer_name': '#1FA48B', 'remitter_drawee_buyer_importer_billto_shippedto_despacthto_name': '#30C21C', 'currency': '#8A8271', 'signed_by': '#96A5D5', 'page_no': '#57E3CB', 'documents_required': '#82AC0C', 'tin_no': '#E632BF', 'cst_no': '#46C738', 'remitter_drawee_buyer_importer_billto_shippedto_despacthto_address': '#242798', 'po_number': '#000968', 'mode_of_dispatch': '#5544DF', 'unit_price': '#095F7B', 'issue_date': '#CF4AE9', 'quotation_no': '#70B2FF', 'dimension': '#5CF2B4', 'signature': '#17E37C', 'O': '#27CA14', 'drawer_exporter_seller_beneficiary_issuer_supplier_name': '#7CA4C8', 'packaging_details': '#E9E4D2', 'quantity': '#154117', 'vat_no': '#B524A8', 'original_or_copy': '#1840DA', 'drawer_ref_no': '#23CEC6', 'drawee_ref_no': '#EDA53D', 'ecc_no': '#D2CEB0', 'incoterm': '#E32A2F', 'item_description': '#18FE45', 'transport_condition': '#B44251', 'drawer_exporter_seller_beneficiary_issuer_supplier_address': '#942F97', 'delivery_terms': '#BFD3FD', 'tax_amount': '#E189F4', 'taxes_condition': '#DFBF10', 'warranty_terms': '#BA2F67', 'price_conditions': '#D6D601', 'total_pages': '#3D5398', 'stamped': '#3A18C2', 'diclaration_by': '#60D3BC', 'total_amount_in_figure': '#D14619', 'unit': '#FF2719', 'payment_terms': '#C8072B', 'destination': '#9E713E', 'discount_condition': '#4C5A5E'}
2024-03-18 12:27:01,319 is result_set is instance of dict? True
2024-03-18 12:27:01,319 is final_result_set is instance of dict? True
2024-03-18 12:27:01,512 Time taken for page 1 of Purchase_Order_By_Opener_223_0.png:0:00:03.084775
2024-03-18 12:27:01,678 *****Generated All Pages****** for Purchase_Order_By_Opener_223_0.png
2024-03-18 12:27:01,678 RAM memory 66.5 used for Purchase_Order_By_Opener_223_0.png Generating All Pages:
2024-03-18 12:27:01,678 Processing time taken for all pages of Purchase_Order_By_Opener_223_0.png1:0:00:03.251112
2024-03-18 12:27:01,827 file name is:Purchase_Order_By_Opener_263_1.png
2024-03-18 12:27:01,827 folder path :Images
2024-03-18 12:27:01,827 Calling Image result
2024-03-18 12:27:01,827 is all_page_result is instance of dict? True
2024-03-18 12:27:01,827 STREAM b'IHDR' 16 13
2024-03-18 12:27:01,827 STREAM b'IDAT' 41 45441
2024-03-18 12:27:01,872 is words is instance of list? True
2024-03-18 12:27:01,872 is bboxes is instance of list? True
2024-03-18 12:27:01,872 is bounding_boxes is instance of list? True
2024-03-18 12:27:02,133 is input_id_chunks is instance of list? True
2024-03-18 12:27:02,133 is mask_chunks is instance of list? True
2024-03-18 12:27:02,133 is bbox_chunks is instance of list? True
2024-03-18 12:27:02,133 is image_chunks is instance of list? True
2024-03-18 12:27:02,134 is input_dict is instance of dict? True
2024-03-18 12:27:03,607 Model Called
2024-03-18 12:27:03,607 RAM memory 62.8 used for Purchase_Order_By_Opener_263_1.png:
2024-03-18 12:27:03,607 is all_predictions is instance of list? True
2024-03-18 12:27:03,607 is all_boxes is instance of list? True
2024-03-18 12:27:03,607 is all_confidences is instance of list? True
2024-03-18 12:27:03,608 is all_text is instance of list? True
2024-03-18 12:27:03,608 is label2id is instance of dict? True
2024-03-18 12:27:03,608 is id2label is instance of dict? True
2024-03-18 12:27:03,610 is label2color is instance of dict? True
2024-03-18 12:27:03,610 label2color : {'total_amount_in_words': '#5895FD', 'freight_and_transportation_information': '#E1886E', 'insurance_issuer_name': '#DD7BF1', 'remitter_drawee_buyer_importer_billto_shippedto_despacthto_name': '#CBC505', 'currency': '#04C4EC', 'signed_by': '#802F8C', 'page_no': '#5912EF', 'documents_required': '#60173E', 'tin_no': '#74795B', 'cst_no': '#96CA84', 'remitter_drawee_buyer_importer_billto_shippedto_despacthto_address': '#34DCE7', 'po_number': '#D8C1A1', 'mode_of_dispatch': '#86AC74', 'unit_price': '#1DE856', 'issue_date': '#B3D0F0', 'quotation_no': '#68FB1B', 'dimension': '#8E1E20', 'signature': '#A10960', 'O': '#7762B1', 'drawer_exporter_seller_beneficiary_issuer_supplier_name': '#0DCEDB', 'packaging_details': '#E68FC7', 'quantity': '#AC9067', 'vat_no': '#6D8C0D', 'original_or_copy': '#E23A69', 'drawer_ref_no': '#61D488', 'drawee_ref_no': '#F8BE3E', 'ecc_no': '#7F33DA', 'incoterm': '#8B80C2', 'item_description': '#EC03AB', 'transport_condition': '#DD9581', 'drawer_exporter_seller_beneficiary_issuer_supplier_address': '#1FB9BB', 'delivery_terms': '#CC8CFB', 'tax_amount': '#7FC9E0', 'taxes_condition': '#ADAF23', 'warranty_terms': '#F6E0F8', 'price_conditions': '#2296BD', 'total_pages': '#B0B732', 'stamped': '#44C453', 'diclaration_by': '#BDEA28', 'total_amount_in_figure': '#13514E', 'unit': '#8348FD', 'payment_terms': '#FE9BAC', 'destination': '#BA59A5', 'discount_condition': '#F45A4F'}
2024-03-18 12:27:03,773 is result_set is instance of dict? True
2024-03-18 12:27:03,774 is final_result_set is instance of dict? True
2024-03-18 12:27:04,029 Time taken for page 1 of Purchase_Order_By_Opener_263_1.png:0:00:02.201829
2024-03-18 12:27:04,173 *****Generated All Pages****** for Purchase_Order_By_Opener_263_1.png
2024-03-18 12:27:04,173 RAM memory 62.8 used for Purchase_Order_By_Opener_263_1.png Generating All Pages:
2024-03-18 12:27:04,173 Processing time taken for all pages of Purchase_Order_By_Opener_263_1.png1:0:00:02.345860
2024-03-18 12:27:04,320 file name is:Purchase_Order_By_Opener_329_3.png
2024-03-18 12:27:04,320 folder path :Images
2024-03-18 12:27:04,320 Calling Image result
2024-03-18 12:27:04,320 is all_page_result is instance of dict? True
2024-03-18 12:27:04,320 STREAM b'IHDR' 16 13
2024-03-18 12:27:04,320 STREAM b'IDAT' 41 37713
2024-03-18 12:27:04,371 is words is instance of list? True
2024-03-18 12:27:04,371 is bboxes is instance of list? True
2024-03-18 12:27:04,372 is bounding_boxes is instance of list? True
2024-03-18 12:27:04,636 is input_id_chunks is instance of list? True
2024-03-18 12:27:04,636 is mask_chunks is instance of list? True
2024-03-18 12:27:04,636 is bbox_chunks is instance of list? True
2024-03-18 12:27:04,636 is image_chunks is instance of list? True
2024-03-18 12:27:04,636 is input_dict is instance of dict? True
2024-03-18 12:27:05,999 Model Called
2024-03-18 12:27:06,000 RAM memory 62.8 used for Purchase_Order_By_Opener_329_3.png:
2024-03-18 12:27:06,000 is all_predictions is instance of list? True
2024-03-18 12:27:06,000 is all_boxes is instance of list? True
2024-03-18 12:27:06,000 is all_confidences is instance of list? True
2024-03-18 12:27:06,000 is all_text is instance of list? True
2024-03-18 12:27:06,000 is label2id is instance of dict? True
2024-03-18 12:27:06,000 is id2label is instance of dict? True
2024-03-18 12:27:06,001 is label2color is instance of dict? True
2024-03-18 12:27:06,001 label2color : {'total_amount_in_words': '#2B4EA3', 'freight_and_transportation_information': '#CC40AD', 'insurance_issuer_name': '#BECDC5', 'remitter_drawee_buyer_importer_billto_shippedto_despacthto_name': '#162517', 'currency': '#9A4B0E', 'signed_by': '#5DFB93', 'page_no': '#2FFDB1', 'documents_required': '#945CF0', 'tin_no': '#A4B991', 'cst_no': '#179359', 'remitter_drawee_buyer_importer_billto_shippedto_despacthto_address': '#0532C5', 'po_number': '#AA1C8E', 'mode_of_dispatch': '#2FE0CD', 'unit_price': '#BE428B', 'issue_date': '#3ACDD0', 'quotation_no': '#E8274D', 'dimension': '#729F02', 'signature': '#5D43B2', 'O': '#A682CA', 'drawer_exporter_seller_beneficiary_issuer_supplier_name': '#3883B8', 'packaging_details': '#061997', 'quantity': '#134AED', 'vat_no': '#7D9907', 'original_or_copy': '#FED17D', 'drawer_ref_no': '#0C5F42', 'drawee_ref_no': '#C66BBD', 'ecc_no': '#53A6ED', 'incoterm': '#BCA2D2', 'item_description': '#143C8E', 'transport_condition': '#172511', 'drawer_exporter_seller_beneficiary_issuer_supplier_address': '#70B6C8', 'delivery_terms': '#F63E38', 'tax_amount': '#C64BA9', 'taxes_condition': '#F937D1', 'warranty_terms': '#9F8E31', 'price_conditions': '#7FDBFC', 'total_pages': '#A6A3B8', 'stamped': '#1B582B', 'diclaration_by': '#954F8F', 'total_amount_in_figure': '#104BFB', 'unit': '#CF7CB2', 'payment_terms': '#7FBDAD', 'destination': '#ED7315', 'discount_condition': '#CF63EB'}
2024-03-18 12:27:06,168 is result_set is instance of dict? True
2024-03-18 12:27:06,169 is final_result_set is instance of dict? True
2024-03-18 12:27:06,341 Time taken for page 1 of Purchase_Order_By_Opener_329_3.png:0:00:02.020509
2024-03-18 12:27:06,494 *****Generated All Pages****** for Purchase_Order_By_Opener_329_3.png
2024-03-18 12:27:06,494 RAM memory 62.8 used for Purchase_Order_By_Opener_329_3.png Generating All Pages:
2024-03-18 12:27:06,494 Processing time taken for all pages of Purchase_Order_By_Opener_329_3.png1:0:00:02.174129
2024-03-18 12:27:06,626 file name is:Purchase_Order_By_Opener_236_0.png
2024-03-18 12:27:06,626 folder path :Images
2024-03-18 12:27:06,626 Calling Image result
2024-03-18 12:27:06,627 is all_page_result is instance of dict? True
2024-03-18 12:27:06,627 STREAM b'IHDR' 16 13
2024-03-18 12:27:06,627 STREAM b'IDAT' 41 28156
2024-03-18 12:27:06,650 is words is instance of list? True
2024-03-18 12:27:06,650 is bboxes is instance of list? True
2024-03-18 12:27:06,650 is bounding_boxes is instance of list? True
2024-03-18 12:27:06,754 is input_id_chunks is instance of list? True
2024-03-18 12:27:06,754 is mask_chunks is instance of list? True
2024-03-18 12:27:06,754 is bbox_chunks is instance of list? True
2024-03-18 12:27:06,754 is image_chunks is instance of list? True
2024-03-18 12:27:06,756 is input_dict is instance of dict? True
2024-03-18 12:27:10,159 Model Called
2024-03-18 12:27:10,159 RAM memory 67.1 used for Purchase_Order_By_Opener_236_0.png:
2024-03-18 12:27:10,160 is all_predictions is instance of list? True
2024-03-18 12:27:10,160 is all_boxes is instance of list? True
2024-03-18 12:27:10,160 is all_confidences is instance of list? True
2024-03-18 12:27:10,160 is all_text is instance of list? True
2024-03-18 12:27:10,160 is label2id is instance of dict? True
2024-03-18 12:27:10,160 is id2label is instance of dict? True
2024-03-18 12:27:10,161 is label2color is instance of dict? True
2024-03-18 12:27:10,161 label2color : {'total_amount_in_words': '#971BAD', 'freight_and_transportation_information': '#5AB46F', 'insurance_issuer_name': '#91DF33', 'remitter_drawee_buyer_importer_billto_shippedto_despacthto_name': '#492647', 'currency': '#D86D2C', 'signed_by': '#44FD9C', 'page_no': '#7311CF', 'documents_required': '#A01E47', 'tin_no': '#0BF495', 'cst_no': '#D7D036', 'remitter_drawee_buyer_importer_billto_shippedto_despacthto_address': '#4473FB', 'po_number': '#96EF17', 'mode_of_dispatch': '#1B5565', 'unit_price': '#2FC05A', 'issue_date': '#F7CE32', 'quotation_no': '#6BDB76', 'dimension': '#EA2229', 'signature': '#C74481', 'O': '#42489E', 'drawer_exporter_seller_beneficiary_issuer_supplier_name': '#632B49', 'packaging_details': '#C93CA3', 'quantity': '#AC571F', 'vat_no': '#90891B', 'original_or_copy': '#DE12D2', 'drawer_ref_no': '#0529B2', 'drawee_ref_no': '#FA3A47', 'ecc_no': '#DEA37D', 'incoterm': '#007B34', 'item_description': '#5C5E06', 'transport_condition': '#B00BF4', 'drawer_exporter_seller_beneficiary_issuer_supplier_address': '#B1A34E', 'delivery_terms': '#000A42', 'tax_amount': '#0B8871', 'taxes_condition': '#A9092B', 'warranty_terms': '#D0A611', 'price_conditions': '#078C51', 'total_pages': '#CCB2D0', 'stamped': '#63A749', 'diclaration_by': '#F8C2B9', 'total_amount_in_figure': '#79D19A', 'unit': '#DEB78E', 'payment_terms': '#0C4555', 'destination': '#DB60C7', 'discount_condition': '#7911A4'}
2024-03-18 12:27:10,261 is result_set is instance of dict? True
2024-03-18 12:27:10,262 is final_result_set is instance of dict? True
2024-03-18 12:27:10,399 Time taken for page 1 of Purchase_Order_By_Opener_236_0.png:0:00:03.772274
2024-03-18 12:27:10,456 *****Generated All Pages****** for Purchase_Order_By_Opener_236_0.png
2024-03-18 12:27:10,456 RAM memory 67.1 used for Purchase_Order_By_Opener_236_0.png Generating All Pages:
2024-03-18 12:27:10,456 Processing time taken for all pages of Purchase_Order_By_Opener_236_0.png1:0:00:03.830091
2024-03-18 12:27:10,587 file name is:Purchase_Order_By_Opener_329_1.png
2024-03-18 12:27:10,587 folder path :Images
2024-03-18 12:27:10,587 Calling Image result
2024-03-18 12:27:10,587 is all_page_result is instance of dict? True
2024-03-18 12:27:10,588 STREAM b'IHDR' 16 13
2024-03-18 12:27:10,588 STREAM b'IDAT' 41 35996
2024-03-18 12:27:10,629 is words is instance of list? True
2024-03-18 12:27:10,629 is bboxes is instance of list? True
2024-03-18 12:27:10,629 is bounding_boxes is instance of list? True
2024-03-18 12:27:10,843 is input_id_chunks is instance of list? True
2024-03-18 12:27:10,843 is mask_chunks is instance of list? True
2024-03-18 12:27:10,843 is bbox_chunks is instance of list? True
2024-03-18 12:27:10,843 is image_chunks is instance of list? True
2024-03-18 12:27:10,843 is input_dict is instance of dict? True
2024-03-18 12:27:12,019 Model Called
2024-03-18 12:27:12,020 RAM memory 62.7 used for Purchase_Order_By_Opener_329_1.png:
2024-03-18 12:27:12,020 is all_predictions is instance of list? True
2024-03-18 12:27:12,020 is all_boxes is instance of list? True
2024-03-18 12:27:12,020 is all_confidences is instance of list? True
2024-03-18 12:27:12,020 is all_text is instance of list? True
2024-03-18 12:27:12,020 is label2id is instance of dict? True
2024-03-18 12:27:12,020 is id2label is instance of dict? True
2024-03-18 12:27:12,021 is label2color is instance of dict? True
2024-03-18 12:27:12,021 label2color : {'total_amount_in_words': '#BB166E', 'freight_and_transportation_information': '#BFB5E4', 'insurance_issuer_name': '#F7AE82', 'remitter_drawee_buyer_importer_billto_shippedto_despacthto_name': '#592B5A', 'currency': '#FC79F7', 'signed_by': '#9839AB', 'page_no': '#1FFA16', 'documents_required': '#B12C4A', 'tin_no': '#9F03A2', 'cst_no': '#A414C4', 'remitter_drawee_buyer_importer_billto_shippedto_despacthto_address': '#366E48', 'po_number': '#730856', 'mode_of_dispatch': '#214D45', 'unit_price': '#059022', 'issue_date': '#476E75', 'quotation_no': '#A9C2CA', 'dimension': '#DFA188', 'signature': '#E905F6', 'O': '#AB1685', 'drawer_exporter_seller_beneficiary_issuer_supplier_name': '#F3AB38', 'packaging_details': '#AC02DC', 'quantity': '#8946D5', 'vat_no': '#5746C7', 'original_or_copy': '#896B24', 'drawer_ref_no': '#A78E22', 'drawee_ref_no': '#3BC0E7', 'ecc_no': '#7FBEE3', 'incoterm': '#F87004', 'item_description': '#D147A1', 'transport_condition': '#EF9049', 'drawer_exporter_seller_beneficiary_issuer_supplier_address': '#5242D0', 'delivery_terms': '#A521F2', 'tax_amount': '#26471F', 'taxes_condition': '#9AA35D', 'warranty_terms': '#944285', 'price_conditions': '#E9B05F', 'total_pages': '#BF8F2B', 'stamped': '#C7EB5C', 'diclaration_by': '#B598F0', 'total_amount_in_figure': '#CB5C62', 'unit': '#0EB7F7', 'payment_terms': '#377278', 'destination': '#D53C50', 'discount_condition': '#F049D5'}
2024-03-18 12:27:12,144 is result_set is instance of dict? True
2024-03-18 12:27:12,144 is final_result_set is instance of dict? True
2024-03-18 12:27:12,287 Time taken for page 1 of Purchase_Order_By_Opener_329_1.png:0:00:01.699461
2024-03-18 12:27:12,384 *****Generated All Pages****** for Purchase_Order_By_Opener_329_1.png
2024-03-18 12:27:12,384 RAM memory 62.7 used for Purchase_Order_By_Opener_329_1.png Generating All Pages:
2024-03-18 12:27:12,384 Processing time taken for all pages of Purchase_Order_By_Opener_329_1.png1:0:00:01.796312
2024-03-18 12:27:12,492 file name is:Purchase_Order_By_Opener_353_0.png
2024-03-18 12:27:12,492 folder path :Images
2024-03-18 12:27:12,492 Calling Image result
2024-03-18 12:27:12,492 is all_page_result is instance of dict? True
2024-03-18 12:27:12,492 STREAM b'IHDR' 16 13
2024-03-18 12:27:12,492 STREAM b'IDAT' 41 43931
2024-03-18 12:27:12,526 is words is instance of list? True
2024-03-18 12:27:12,526 is bboxes is instance of list? True
2024-03-18 12:27:12,526 is bounding_boxes is instance of list? True
2024-03-18 12:27:12,719 is input_id_chunks is instance of list? True
2024-03-18 12:27:12,719 is mask_chunks is instance of list? True
2024-03-18 12:27:12,719 is bbox_chunks is instance of list? True
2024-03-18 12:27:12,719 is image_chunks is instance of list? True
2024-03-18 12:27:12,720 is input_dict is instance of dict? True
2024-03-18 12:27:14,977 Model Called
2024-03-18 12:27:14,977 RAM memory 67.3 used for Purchase_Order_By_Opener_353_0.png:
2024-03-18 12:27:14,977 is all_predictions is instance of list? True
2024-03-18 12:27:14,977 is all_boxes is instance of list? True
2024-03-18 12:27:14,977 is all_confidences is instance of list? True
2024-03-18 12:27:14,977 is all_text is instance of list? True
2024-03-18 12:27:14,977 is label2id is instance of dict? True
2024-03-18 12:27:14,977 is id2label is instance of dict? True
2024-03-18 12:27:14,978 is label2color is instance of dict? True
2024-03-18 12:27:14,978 label2color : {'total_amount_in_words': '#501F32', 'freight_and_transportation_information': '#71FFFF', 'insurance_issuer_name': '#9263CB', 'remitter_drawee_buyer_importer_billto_shippedto_despacthto_name': '#B2A72C', 'currency': '#7C6831', 'signed_by': '#BEECFA', 'page_no': '#000028', 'documents_required': '#67F98F', 'tin_no': '#B274F0', 'cst_no': '#562038', 'remitter_drawee_buyer_importer_billto_shippedto_despacthto_address': '#7036E0', 'po_number': '#D56A5E', 'mode_of_dispatch': '#2F7854', 'unit_price': '#BF64FE', 'issue_date': '#C71200', 'quotation_no': '#31CEDE', 'dimension': '#FF5F28', 'signature': '#0032D3', 'O': '#0A5A2E', 'drawer_exporter_seller_beneficiary_issuer_supplier_name': '#E149ED', 'packaging_details': '#A9EE2C', 'quantity': '#3AEC85', 'vat_no': '#61E02C', 'original_or_copy': '#3DC3AF', 'drawer_ref_no': '#75AFDE', 'drawee_ref_no': '#EEB052', 'ecc_no': '#6F5ED1', 'incoterm': '#A9F778', 'item_description': '#62C672', 'transport_condition': '#916EDD', 'drawer_exporter_seller_beneficiary_issuer_supplier_address': '#6F5037', 'delivery_terms': '#0CEF94', 'tax_amount': '#62E5BC', 'taxes_condition': '#4EC8DB', 'warranty_terms': '#991027', 'price_conditions': '#59D410', 'total_pages': '#26FE1D', 'stamped': '#F25288', 'diclaration_by': '#51888F', 'total_amount_in_figure': '#BEFC2B', 'unit': '#F1D7A4', 'payment_terms': '#2509F1', 'destination': '#D282C1', 'discount_condition': '#3D2E9D'}
2024-03-18 12:27:15,181 is result_set is instance of dict? True
2024-03-18 12:27:15,181 is final_result_set is instance of dict? True
2024-03-18 12:27:15,375 Time taken for page 1 of Purchase_Order_By_Opener_353_0.png:0:00:02.882847
2024-03-18 12:27:15,481 *****Generated All Pages****** for Purchase_Order_By_Opener_353_0.png
2024-03-18 12:27:15,481 RAM memory 67.2 used for Purchase_Order_By_Opener_353_0.png Generating All Pages:
2024-03-18 12:27:15,481 Processing time taken for all pages of Purchase_Order_By_Opener_353_0.png1:0:00:02.989428
2024-03-18 12:27:15,593 file name is:Purchase_Order_By_Opener_217_1.png
2024-03-18 12:27:15,593 folder path :Images
2024-03-18 12:27:15,593 Calling Image result
2024-03-18 12:27:15,593 is all_page_result is instance of dict? True
2024-03-18 12:27:15,593 STREAM b'IHDR' 16 13
2024-03-18 12:27:15,593 STREAM b'IDAT' 41 48249
2024-03-18 12:27:15,634 is words is instance of list? True
2024-03-18 12:27:15,634 is bboxes is instance of list? True
2024-03-18 12:27:15,634 is bounding_boxes is instance of list? True
2024-03-18 12:27:15,828 is input_id_chunks is instance of list? True
2024-03-18 12:27:15,828 is mask_chunks is instance of list? True
2024-03-18 12:27:15,828 is bbox_chunks is instance of list? True
2024-03-18 12:27:15,828 is image_chunks is instance of list? True
2024-03-18 12:27:15,828 is input_dict is instance of dict? True
2024-03-18 12:27:17,001 Model Called
2024-03-18 12:27:17,001 RAM memory 66.1 used for Purchase_Order_By_Opener_217_1.png:
2024-03-18 12:27:17,001 is all_predictions is instance of list? True
2024-03-18 12:27:17,002 is all_boxes is instance of list? True
2024-03-18 12:27:17,002 is all_confidences is instance of list? True
2024-03-18 12:27:17,002 is all_text is instance of list? True
2024-03-18 12:27:17,002 is label2id is instance of dict? True
2024-03-18 12:27:17,002 is id2label is instance of dict? True
2024-03-18 12:27:17,003 is label2color is instance of dict? True
2024-03-18 12:27:17,003 label2color : {'total_amount_in_words': '#594E62', 'freight_and_transportation_information': '#690DE6', 'insurance_issuer_name': '#A82E0B', 'remitter_drawee_buyer_importer_billto_shippedto_despacthto_name': '#240402', 'currency': '#C38291', 'signed_by': '#9A5EC4', 'page_no': '#FB2815', 'documents_required': '#EC3777', 'tin_no': '#03035D', 'cst_no': '#0495AD', 'remitter_drawee_buyer_importer_billto_shippedto_despacthto_address': '#9814B6', 'po_number': '#7877F8', 'mode_of_dispatch': '#A98DD4', 'unit_price': '#7A3FD4', 'issue_date': '#C363E2', 'quotation_no': '#BEBC29', 'dimension': '#F37E67', 'signature': '#257323', 'O': '#49C452', 'drawer_exporter_seller_beneficiary_issuer_supplier_name': '#D213ED', 'packaging_details': '#6103F8', 'quantity': '#804A64', 'vat_no': '#AFA5F0', 'original_or_copy': '#8762D5', 'drawer_ref_no': '#122816', 'drawee_ref_no': '#42BAE4', 'ecc_no': '#138B35', 'incoterm': '#F84226', 'item_description': '#03D3D7', 'transport_condition': '#EFE981', 'drawer_exporter_seller_beneficiary_issuer_supplier_address': '#3E7ACB', 'delivery_terms': '#F57069', 'tax_amount': '#A1DE75', 'taxes_condition': '#2FE6E6', 'warranty_terms': '#80ED6F', 'price_conditions': '#AACFD3', 'total_pages': '#927C43', 'stamped': '#7A1B3B', 'diclaration_by': '#A1117A', 'total_amount_in_figure': '#EDC7AD', 'unit': '#29C166', 'payment_terms': '#F96CB4', 'destination': '#E5FD31', 'discount_condition': '#D6747B'}
2024-03-18 12:27:17,127 is result_set is instance of dict? True
2024-03-18 12:27:17,127 is final_result_set is instance of dict? True
2024-03-18 12:27:17,238 Time taken for page 1 of Purchase_Order_By_Opener_217_1.png:0:00:01.645198
2024-03-18 12:27:17,350 *****Generated All Pages****** for Purchase_Order_By_Opener_217_1.png
2024-03-18 12:27:17,350 RAM memory 66.1 used for Purchase_Order_By_Opener_217_1.png Generating All Pages:
2024-03-18 12:27:17,350 Processing time taken for all pages of Purchase_Order_By_Opener_217_1.png1:0:00:01.757416
2024-03-18 12:27:17,473 file name is:Purchase_Order_By_Opener_281_0.png
2024-03-18 12:27:17,473 folder path :Images
2024-03-18 12:27:17,473 Calling Image result
2024-03-18 12:27:17,473 is all_page_result is instance of dict? True
2024-03-18 12:27:17,473 STREAM b'IHDR' 16 13
2024-03-18 12:27:17,473 STREAM b'IDAT' 41 65536
2024-03-18 12:27:17,514 is words is instance of list? True
2024-03-18 12:27:17,514 is bboxes is instance of list? True
2024-03-18 12:27:17,514 is bounding_boxes is instance of list? True
2024-03-18 12:27:17,714 is input_id_chunks is instance of list? True
2024-03-18 12:27:17,714 is mask_chunks is instance of list? True
2024-03-18 12:27:17,714 is bbox_chunks is instance of list? True
2024-03-18 12:27:17,714 is image_chunks is instance of list? True
2024-03-18 12:27:17,715 is input_dict is instance of dict? True
2024-03-18 12:27:20,393 Model Called
2024-03-18 12:27:20,394 RAM memory 67.3 used for Purchase_Order_By_Opener_281_0.png:
2024-03-18 12:27:20,394 is all_predictions is instance of list? True
2024-03-18 12:27:20,394 is all_boxes is instance of list? True
2024-03-18 12:27:20,394 is all_confidences is instance of list? True
2024-03-18 12:27:20,394 is all_text is instance of list? True
2024-03-18 12:27:20,394 is label2id is instance of dict? True
2024-03-18 12:27:20,395 is id2label is instance of dict? True
2024-03-18 12:27:20,396 is label2color is instance of dict? True
2024-03-18 12:27:20,396 label2color : {'total_amount_in_words': '#88B52B', 'freight_and_transportation_information': '#A6BF40', 'insurance_issuer_name': '#3FCBE8', 'remitter_drawee_buyer_importer_billto_shippedto_despacthto_name': '#0FD1C1', 'currency': '#BDB831', 'signed_by': '#4B08D1', 'page_no': '#7EA354', 'documents_required': '#1D7EA5', 'tin_no': '#764A5B', 'cst_no': '#8C5BE8', 'remitter_drawee_buyer_importer_billto_shippedto_despacthto_address': '#954771', 'po_number': '#11532A', 'mode_of_dispatch': '#4EA3B5', 'unit_price': '#73910E', 'issue_date': '#B71C1D', 'quotation_no': '#4FC88D', 'dimension': '#2C448B', 'signature': '#7D3B8D', 'O': '#34E1EA', 'drawer_exporter_seller_beneficiary_issuer_supplier_name': '#88038C', 'packaging_details': '#D02794', 'quantity': '#FE4893', 'vat_no': '#41AB09', 'original_or_copy': '#C09C8C', 'drawer_ref_no': '#FC3210', 'drawee_ref_no': '#B2588A', 'ecc_no': '#74A399', 'incoterm': '#E870F6', 'item_description': '#7AE152', 'transport_condition': '#7F68F4', 'drawer_exporter_seller_beneficiary_issuer_supplier_address': '#A50771', 'delivery_terms': '#F58C8D', 'tax_amount': '#141795', 'taxes_condition': '#2F409B', 'warranty_terms': '#C85337', 'price_conditions': '#D82F24', 'total_pages': '#6082AF', 'stamped': '#03F471', 'diclaration_by': '#19362A', 'total_amount_in_figure': '#E2CC1B', 'unit': '#E9A86E', 'payment_terms': '#2C657C', 'destination': '#19A488', 'discount_condition': '#0E0DD7'}
2024-03-18 12:27:20,606 is result_set is instance of dict? True
2024-03-18 12:27:20,608 is final_result_set is instance of dict? True
2024-03-18 12:27:20,895 Time taken for page 1 of Purchase_Order_By_Opener_281_0.png:0:00:03.421521
2024-03-18 12:27:21,040 *****Generated All Pages****** for Purchase_Order_By_Opener_281_0.png
2024-03-18 12:27:21,041 RAM memory 67.3 used for Purchase_Order_By_Opener_281_0.png Generating All Pages:
2024-03-18 12:27:21,041 Processing time taken for all pages of Purchase_Order_By_Opener_281_0.png1:0:00:03.567626
2024-03-18 12:27:21,162 file name is:Purchase_Order_By_Opener_234_1.png
2024-03-18 12:27:21,162 folder path :Images
2024-03-18 12:27:21,162 Calling Image result
2024-03-18 12:27:21,162 is all_page_result is instance of dict? True
2024-03-18 12:27:21,162 STREAM b'IHDR' 16 13
2024-03-18 12:27:21,162 STREAM b'IDAT' 41 59511
2024-03-18 12:27:21,202 is words is instance of list? True
2024-03-18 12:27:21,202 is bboxes is instance of list? True
2024-03-18 12:27:21,202 is bounding_boxes is instance of list? True
2024-03-18 12:27:21,420 is input_id_chunks is instance of list? True
2024-03-18 12:27:21,421 is mask_chunks is instance of list? True
2024-03-18 12:27:21,421 is bbox_chunks is instance of list? True
2024-03-18 12:27:21,421 is image_chunks is instance of list? True
2024-03-18 12:27:21,421 is input_dict is instance of dict? True
2024-03-18 12:27:23,990 Model Called
2024-03-18 12:27:23,990 RAM memory 67.1 used for Purchase_Order_By_Opener_234_1.png:
2024-03-18 12:27:23,990 is all_predictions is instance of list? True
2024-03-18 12:27:23,990 is all_boxes is instance of list? True
2024-03-18 12:27:23,990 is all_confidences is instance of list? True
2024-03-18 12:27:23,990 is all_text is instance of list? True
2024-03-18 12:27:23,991 is label2id is instance of dict? True
2024-03-18 12:27:23,991 is id2label is instance of dict? True
2024-03-18 12:27:23,992 is label2color is instance of dict? True
2024-03-18 12:27:23,992 label2color : {'total_amount_in_words': '#ACACFB', 'freight_and_transportation_information': '#8771DF', 'insurance_issuer_name': '#D7DC9D', 'remitter_drawee_buyer_importer_billto_shippedto_despacthto_name': '#F16892', 'currency': '#54824A', 'signed_by': '#D353C1', 'page_no': '#5DB171', 'documents_required': '#2FADA3', 'tin_no': '#E92A66', 'cst_no': '#407794', 'remitter_drawee_buyer_importer_billto_shippedto_despacthto_address': '#7BD9B8', 'po_number': '#628231', 'mode_of_dispatch': '#06C9ED', 'unit_price': '#866445', 'issue_date': '#290882', 'quotation_no': '#B09382', 'dimension': '#00EE65', 'signature': '#9D982F', 'O': '#527E8E', 'drawer_exporter_seller_beneficiary_issuer_supplier_name': '#38D267', 'packaging_details': '#C8AFE3', 'quantity': '#E8C54C', 'vat_no': '#1C02F6', 'original_or_copy': '#861A86', 'drawer_ref_no': '#4EEFBD', 'drawee_ref_no': '#4642AC', 'ecc_no': '#6A217F', 'incoterm': '#6D04FC', 'item_description': '#4EC07A', 'transport_condition': '#E6954F', 'drawer_exporter_seller_beneficiary_issuer_supplier_address': '#5F4CC5', 'delivery_terms': '#BAD202', 'tax_amount': '#3C51A3', 'taxes_condition': '#BE0A11', 'warranty_terms': '#A9BA89', 'price_conditions': '#C1B43E', 'total_pages': '#05F2A9', 'stamped': '#A8E540', 'diclaration_by': '#E10801', 'total_amount_in_figure': '#83BEA1', 'unit': '#B6E624', 'payment_terms': '#071182', 'destination': '#3D594E', 'discount_condition': '#D52167'}
2024-03-18 12:27:24,180 is result_set is instance of dict? True
2024-03-18 12:27:24,180 is final_result_set is instance of dict? True
2024-03-18 12:27:24,265 Time taken for page 1 of Purchase_Order_By_Opener_234_1.png:0:00:03.102275
2024-03-18 12:27:24,380 *****Generated All Pages****** for Purchase_Order_By_Opener_234_1.png
2024-03-18 12:27:24,381 RAM memory 67.1 used for Purchase_Order_By_Opener_234_1.png Generating All Pages:
2024-03-18 12:27:24,381 Processing time taken for all pages of Purchase_Order_By_Opener_234_1.png1:0:00:03.218576
2024-03-18 12:27:24,492 file name is:Purchase_Order_By_Opener_300_0.png
2024-03-18 12:27:24,492 folder path :Images
2024-03-18 12:27:24,492 Calling Image result
2024-03-18 12:27:24,492 is all_page_result is instance of dict? True
2024-03-18 12:27:24,493 STREAM b'IHDR' 16 13
2024-03-18 12:27:24,493 STREAM b'IDAT' 41 49406
2024-03-18 12:27:24,574 is words is instance of list? True
2024-03-18 12:27:24,574 is bboxes is instance of list? True
2024-03-18 12:27:24,574 is bounding_boxes is instance of list? True
2024-03-18 12:27:24,767 is input_id_chunks is instance of list? True
2024-03-18 12:27:24,767 is mask_chunks is instance of list? True
2024-03-18 12:27:24,767 is bbox_chunks is instance of list? True
2024-03-18 12:27:24,767 is image_chunks is instance of list? True
2024-03-18 12:27:24,767 is input_dict is instance of dict? True
2024-03-18 12:27:25,956 Model Called
2024-03-18 12:27:25,957 RAM memory 62.5 used for Purchase_Order_By_Opener_300_0.png:
2024-03-18 12:27:25,957 is all_predictions is instance of list? True
2024-03-18 12:27:25,957 is all_boxes is instance of list? True
2024-03-18 12:27:25,957 is all_confidences is instance of list? True
2024-03-18 12:27:25,957 is all_text is instance of list? True
2024-03-18 12:27:25,957 is label2id is instance of dict? True
2024-03-18 12:27:25,957 is id2label is instance of dict? True
2024-03-18 12:27:25,958 is label2color is instance of dict? True
2024-03-18 12:27:25,959 label2color : {'total_amount_in_words': '#967A93', 'freight_and_transportation_information': '#2289B1', 'insurance_issuer_name': '#88BDED', 'remitter_drawee_buyer_importer_billto_shippedto_despacthto_name': '#102608', 'currency': '#B5B9EF', 'signed_by': '#5E1D11', 'page_no': '#EDFEA4', 'documents_required': '#2D85AA', 'tin_no': '#218BBD', 'cst_no': '#1A6286', 'remitter_drawee_buyer_importer_billto_shippedto_despacthto_address': '#B85DAB', 'po_number': '#2A546E', 'mode_of_dispatch': '#EC6084', 'unit_price': '#3F9E21', 'issue_date': '#A32CDD', 'quotation_no': '#0A5F4B', 'dimension': '#986E43', 'signature': '#160123', 'O': '#4A7A70', 'drawer_exporter_seller_beneficiary_issuer_supplier_name': '#E59000', 'packaging_details': '#4CB7F7', 'quantity': '#B5121E', 'vat_no': '#33C865', 'original_or_copy': '#C48623', 'drawer_ref_no': '#A31153', 'drawee_ref_no': '#F562F0', 'ecc_no': '#B33BC1', 'incoterm': '#47EB4C', 'item_description': '#DBC9CA', 'transport_condition': '#28C951', 'drawer_exporter_seller_beneficiary_issuer_supplier_address': '#05B7F6', 'delivery_terms': '#2A32A3', 'tax_amount': '#7E2789', 'taxes_condition': '#FC9A34', 'warranty_terms': '#AF40FB', 'price_conditions': '#5DCA64', 'total_pages': '#A3A8E7', 'stamped': '#193E44', 'diclaration_by': '#1EC4E0', 'total_amount_in_figure': '#E56ED8', 'unit': '#47EB88', 'payment_terms': '#D5C3C4', 'destination': '#F190A6', 'discount_condition': '#79E999'}
2024-03-18 12:27:26,122 is result_set is instance of dict? True
2024-03-18 12:27:26,123 is final_result_set is instance of dict? True
2024-03-18 12:27:26,371 Time taken for page 1 of Purchase_Order_By_Opener_300_0.png:0:00:01.877733
2024-03-18 12:27:26,501 *****Generated All Pages****** for Purchase_Order_By_Opener_300_0.png
2024-03-18 12:27:26,501 RAM memory 62.5 used for Purchase_Order_By_Opener_300_0.png Generating All Pages:
2024-03-18 12:27:26,501 Processing time taken for all pages of Purchase_Order_By_Opener_300_0.png1:0:00:02.008978
2024-03-18 12:27:26,620 file name is:Purchase_Order_By_Opener_334_0.png
2024-03-18 12:27:26,620 folder path :Images
2024-03-18 12:27:26,620 Calling Image result
2024-03-18 12:27:26,620 is all_page_result is instance of dict? True
2024-03-18 12:27:26,620 STREAM b'IHDR' 16 13
2024-03-18 12:27:26,620 STREAM b'IDAT' 41 49015
2024-03-18 12:27:26,664 is words is instance of list? True
2024-03-18 12:27:26,664 is bboxes is instance of list? True
2024-03-18 12:27:26,664 is bounding_boxes is instance of list? True
2024-03-18 12:27:26,875 is input_id_chunks is instance of list? True
2024-03-18 12:27:26,875 is mask_chunks is instance of list? True
2024-03-18 12:27:26,875 is bbox_chunks is instance of list? True
2024-03-18 12:27:26,875 is image_chunks is instance of list? True
2024-03-18 12:27:26,876 is input_dict is instance of dict? True
2024-03-18 12:27:29,346 Model Called
2024-03-18 12:27:29,346 RAM memory 67.0 used for Purchase_Order_By_Opener_334_0.png:
2024-03-18 12:27:29,347 is all_predictions is instance of list? True
2024-03-18 12:27:29,347 is all_boxes is instance of list? True
2024-03-18 12:27:29,347 is all_confidences is instance of list? True
2024-03-18 12:27:29,347 is all_text is instance of list? True
2024-03-18 12:27:29,347 is label2id is instance of dict? True
2024-03-18 12:27:29,347 is id2label is instance of dict? True
2024-03-18 12:27:29,348 is label2color is instance of dict? True
2024-03-18 12:27:29,348 label2color : {'total_amount_in_words': '#7F2DDB', 'freight_and_transportation_information': '#53543D', 'insurance_issuer_name': '#30B09C', 'remitter_drawee_buyer_importer_billto_shippedto_despacthto_name': '#EEC6E6', 'currency': '#97EF58', 'signed_by': '#ADB481', 'page_no': '#E54235', 'documents_required': '#CCF403', 'tin_no': '#A0234D', 'cst_no': '#1E31BD', 'remitter_drawee_buyer_importer_billto_shippedto_despacthto_address': '#93BCB0', 'po_number': '#89C4CB', 'mode_of_dispatch': '#81A79C', 'unit_price': '#A1A305', 'issue_date': '#E6B808', 'quotation_no': '#74F65A', 'dimension': '#F775B8', 'signature': '#2576ED', 'O': '#F13EEC', 'drawer_exporter_seller_beneficiary_issuer_supplier_name': '#6BEE47', 'packaging_details': '#FC6459', 'quantity': '#734217', 'vat_no': '#B354DA', 'original_or_copy': '#FAC232', 'drawer_ref_no': '#087DDA', 'drawee_ref_no': '#37197E', 'ecc_no': '#138828', 'incoterm': '#195FE8', 'item_description': '#AA389C', 'transport_condition': '#D6428C', 'drawer_exporter_seller_beneficiary_issuer_supplier_address': '#AC072C', 'delivery_terms': '#40E6EA', 'tax_amount': '#BD36E2', 'taxes_condition': '#C863BE', 'warranty_terms': '#38FCD4', 'price_conditions': '#F16676', 'total_pages': '#66E16F', 'stamped': '#EBFBA2', 'diclaration_by': '#07ECCC', 'total_amount_in_figure': '#231637', 'unit': '#0FD00C', 'payment_terms': '#10DBC0', 'destination': '#0F7D42', 'discount_condition': '#52D41E'}
2024-03-18 12:27:29,560 is result_set is instance of dict? True
2024-03-18 12:27:29,561 is final_result_set is instance of dict? True
2024-03-18 12:27:29,728 Time taken for page 1 of Purchase_Order_By_Opener_334_0.png:0:00:03.107767
2024-03-18 12:27:29,889 *****Generated All Pages****** for Purchase_Order_By_Opener_334_0.png
2024-03-18 12:27:29,889 RAM memory 67.2 used for Purchase_Order_By_Opener_334_0.png Generating All Pages:
2024-03-18 12:27:29,889 Processing time taken for all pages of Purchase_Order_By_Opener_334_0.png1:0:00:03.268728
2024-03-18 12:27:30,016 file name is:Purchase_Order_By_Opener_261_0.png
2024-03-18 12:27:30,016 folder path :Images
2024-03-18 12:27:30,017 Calling Image result
2024-03-18 12:27:30,017 is all_page_result is instance of dict? True
2024-03-18 12:27:30,017 STREAM b'IHDR' 16 13
2024-03-18 12:27:30,017 STREAM b'IDAT' 41 37979
2024-03-18 12:27:30,054 is words is instance of list? True
2024-03-18 12:27:30,054 is bboxes is instance of list? True
2024-03-18 12:27:30,054 is bounding_boxes is instance of list? True
2024-03-18 12:27:30,252 is input_id_chunks is instance of list? True
2024-03-18 12:27:30,252 is mask_chunks is instance of list? True
2024-03-18 12:27:30,252 is bbox_chunks is instance of list? True
2024-03-18 12:27:30,252 is image_chunks is instance of list? True
2024-03-18 12:27:30,253 is input_dict is instance of dict? True
2024-03-18 12:27:31,446 Model Called
2024-03-18 12:27:31,446 RAM memory 62.7 used for Purchase_Order_By_Opener_261_0.png:
2024-03-18 12:27:31,446 is all_predictions is instance of list? True
2024-03-18 12:27:31,446 is all_boxes is instance of list? True
2024-03-18 12:27:31,446 is all_confidences is instance of list? True
2024-03-18 12:27:31,447 is all_text is instance of list? True
2024-03-18 12:27:31,447 is label2id is instance of dict? True
2024-03-18 12:27:31,447 is id2label is instance of dict? True
2024-03-18 12:27:31,448 is label2color is instance of dict? True
2024-03-18 12:27:31,448 label2color : {'total_amount_in_words': '#4B8985', 'freight_and_transportation_information': '#A26418', 'insurance_issuer_name': '#A16D2B', 'remitter_drawee_buyer_importer_billto_shippedto_despacthto_name': '#B0B4D0', 'currency': '#03ABAD', 'signed_by': '#EBF328', 'page_no': '#091FAA', 'documents_required': '#D8F7E1', 'tin_no': '#4EB834', 'cst_no': '#A05B5D', 'remitter_drawee_buyer_importer_billto_shippedto_despacthto_address': '#AE87E8', 'po_number': '#4D18CE', 'mode_of_dispatch': '#941231', 'unit_price': '#AD13B2', 'issue_date': '#AB0DEE', 'quotation_no': '#F98F6E', 'dimension': '#DAD008', 'signature': '#F771A3', 'O': '#199AE4', 'drawer_exporter_seller_beneficiary_issuer_supplier_name': '#678508', 'packaging_details': '#110917', 'quantity': '#8EAD65', 'vat_no': '#DD7C4B', 'original_or_copy': '#6E992F', 'drawer_ref_no': '#8E06A9', 'drawee_ref_no': '#F8380A', 'ecc_no': '#FF3E16', 'incoterm': '#70FEFC', 'item_description': '#13D620', 'transport_condition': '#1BDCEA', 'drawer_exporter_seller_beneficiary_issuer_supplier_address': '#A23717', 'delivery_terms': '#D6345C', 'tax_amount': '#39FDAB', 'taxes_condition': '#99C8AF', 'warranty_terms': '#BD2958', 'price_conditions': '#CB3A31', 'total_pages': '#DB0242', 'stamped': '#F7A077', 'diclaration_by': '#299324', 'total_amount_in_figure': '#0B418B', 'unit': '#69E904', 'payment_terms': '#2F00BC', 'destination': '#A70E83', 'discount_condition': '#268426'}
2024-03-18 12:27:31,579 is result_set is instance of dict? True
2024-03-18 12:27:31,579 is final_result_set is instance of dict? True
2024-03-18 12:27:31,703 Time taken for page 1 of Purchase_Order_By_Opener_261_0.png:0:00:01.686287
2024-03-18 12:27:31,814 *****Generated All Pages****** for Purchase_Order_By_Opener_261_0.png
2024-03-18 12:27:31,814 RAM memory 62.7 used for Purchase_Order_By_Opener_261_0.png Generating All Pages:
2024-03-18 12:27:31,814 Processing time taken for all pages of Purchase_Order_By_Opener_261_0.png1:0:00:01.797907
2024-03-18 12:27:31,923 file name is:Purchase_Order_By_Opener_345_0.png
2024-03-18 12:27:31,923 folder path :Images
2024-03-18 12:27:31,923 Calling Image result
2024-03-18 12:27:31,923 is all_page_result is instance of dict? True
2024-03-18 12:27:31,923 STREAM b'IHDR' 16 13
2024-03-18 12:27:31,923 STREAM b'IDAT' 41 44203
2024-03-18 12:27:31,960 is words is instance of list? True
2024-03-18 12:27:31,960 is bboxes is instance of list? True
2024-03-18 12:27:31,961 is bounding_boxes is instance of list? True
2024-03-18 12:27:32,163 is input_id_chunks is instance of list? True
2024-03-18 12:27:32,163 is mask_chunks is instance of list? True
2024-03-18 12:27:32,163 is bbox_chunks is instance of list? True
2024-03-18 12:27:32,163 is image_chunks is instance of list? True
2024-03-18 12:27:32,164 is input_dict is instance of dict? True
2024-03-18 12:27:34,548 Model Called
2024-03-18 12:27:34,549 RAM memory 66.6 used for Purchase_Order_By_Opener_345_0.png:
2024-03-18 12:27:34,549 is all_predictions is instance of list? True
2024-03-18 12:27:34,549 is all_boxes is instance of list? True
2024-03-18 12:27:34,549 is all_confidences is instance of list? True
2024-03-18 12:27:34,549 is all_text is instance of list? True
2024-03-18 12:27:34,549 is label2id is instance of dict? True
2024-03-18 12:27:34,549 is id2label is instance of dict? True
2024-03-18 12:27:34,550 is label2color is instance of dict? True
2024-03-18 12:27:34,550 label2color : {'total_amount_in_words': '#A4BD47', 'freight_and_transportation_information': '#91E10A', 'insurance_issuer_name': '#D57475', 'remitter_drawee_buyer_importer_billto_shippedto_despacthto_name': '#4CF083', 'currency': '#A50760', 'signed_by': '#94B831', 'page_no': '#D14C81', 'documents_required': '#E028B9', 'tin_no': '#722500', 'cst_no': '#D3248C', 'remitter_drawee_buyer_importer_billto_shippedto_despacthto_address': '#E67C41', 'po_number': '#17F9CC', 'mode_of_dispatch': '#25876A', 'unit_price': '#C97E36', 'issue_date': '#B58ABD', 'quotation_no': '#2BB334', 'dimension': '#528576', 'signature': '#5F2689', 'O': '#756775', 'drawer_exporter_seller_beneficiary_issuer_supplier_name': '#D48090', 'packaging_details': '#4C435B', 'quantity': '#8705A6', 'vat_no': '#486E6F', 'original_or_copy': '#BD08B8', 'drawer_ref_no': '#E9FA2C', 'drawee_ref_no': '#894522', 'ecc_no': '#EB7063', 'incoterm': '#B673B8', 'item_description': '#E72520', 'transport_condition': '#6FBFEE', 'drawer_exporter_seller_beneficiary_issuer_supplier_address': '#34A899', 'delivery_terms': '#2E8CF1', 'tax_amount': '#D6026F', 'taxes_condition': '#D951FC', 'warranty_terms': '#1138BE', 'price_conditions': '#04ED00', 'total_pages': '#7EBC35', 'stamped': '#1684B3', 'diclaration_by': '#909996', 'total_amount_in_figure': '#D624E1', 'unit': '#A60668', 'payment_terms': '#03DC0C', 'destination': '#D25A11', 'discount_condition': '#706ECD'}
2024-03-18 12:27:34,850 is result_set is instance of dict? True
2024-03-18 12:27:34,851 is final_result_set is instance of dict? True
2024-03-18 12:27:35,003 Time taken for page 1 of Purchase_Order_By_Opener_345_0.png:0:00:03.079365
2024-03-18 12:27:35,107 *****Generated All Pages****** for Purchase_Order_By_Opener_345_0.png
2024-03-18 12:27:35,107 RAM memory 66.9 used for Purchase_Order_By_Opener_345_0.png Generating All Pages:
2024-03-18 12:27:35,107 Processing time taken for all pages of Purchase_Order_By_Opener_345_0.png1:0:00:03.184562
2024-03-18 12:27:35,240 file name is:Purchase_Order_By_Opener_288_0.png
2024-03-18 12:27:35,240 folder path :Images
2024-03-18 12:27:35,240 Calling Image result
2024-03-18 12:27:35,240 is all_page_result is instance of dict? True
2024-03-18 12:27:35,240 STREAM b'IHDR' 16 13
2024-03-18 12:27:35,240 STREAM b'IDAT' 41 48246
2024-03-18 12:27:35,282 is words is instance of list? True
2024-03-18 12:27:35,282 is bboxes is instance of list? True
2024-03-18 12:27:35,282 is bounding_boxes is instance of list? True
2024-03-18 12:27:35,497 is input_id_chunks is instance of list? True
2024-03-18 12:27:35,498 is mask_chunks is instance of list? True
2024-03-18 12:27:35,498 is bbox_chunks is instance of list? True
2024-03-18 12:27:35,498 is image_chunks is instance of list? True
2024-03-18 12:27:35,498 is input_dict is instance of dict? True
2024-03-18 12:27:36,835 Model Called
2024-03-18 12:27:36,835 RAM memory 62.6 used for Purchase_Order_By_Opener_288_0.png:
2024-03-18 12:27:36,835 is all_predictions is instance of list? True
2024-03-18 12:27:36,835 is all_boxes is instance of list? True
2024-03-18 12:27:36,835 is all_confidences is instance of list? True
2024-03-18 12:27:36,835 is all_text is instance of list? True
2024-03-18 12:27:36,836 is label2id is instance of dict? True
2024-03-18 12:27:36,836 is id2label is instance of dict? True
2024-03-18 12:27:36,837 is label2color is instance of dict? True
2024-03-18 12:27:36,837 label2color : {'total_amount_in_words': '#5E95A6', 'freight_and_transportation_information': '#FEBD21', 'insurance_issuer_name': '#EB1028', 'remitter_drawee_buyer_importer_billto_shippedto_despacthto_name': '#95D931', 'currency': '#8FD0A6', 'signed_by': '#EB1247', 'page_no': '#B27CAD', 'documents_required': '#36DA84', 'tin_no': '#A761C3', 'cst_no': '#6263B1', 'remitter_drawee_buyer_importer_billto_shippedto_despacthto_address': '#36A65F', 'po_number': '#0F23CD', 'mode_of_dispatch': '#0349A4', 'unit_price': '#9D0111', 'issue_date': '#422873', 'quotation_no': '#B8662B', 'dimension': '#996E90', 'signature': '#6E95EB', 'O': '#B0EACB', 'drawer_exporter_seller_beneficiary_issuer_supplier_name': '#B979DA', 'packaging_details': '#360ED2', 'quantity': '#26AF83', 'vat_no': '#545777', 'original_or_copy': '#C858EF', 'drawer_ref_no': '#D59781', 'drawee_ref_no': '#0068EF', 'ecc_no': '#BBD86D', 'incoterm': '#5C7377', 'item_description': '#FC0E3A', 'transport_condition': '#6FDA5B', 'drawer_exporter_seller_beneficiary_issuer_supplier_address': '#897638', 'delivery_terms': '#C5F931', 'tax_amount': '#3763D5', 'taxes_condition': '#480EB0', 'warranty_terms': '#3FC010', 'price_conditions': '#AEC656', 'total_pages': '#AFF352', 'stamped': '#EDDC24', 'diclaration_by': '#58EA1E', 'total_amount_in_figure': '#1BBC45', 'unit': '#FDCDF5', 'payment_terms': '#08A984', 'destination': '#22E03F', 'discount_condition': '#DEC53D'}
2024-03-18 12:27:36,969 is result_set is instance of dict? True
2024-03-18 12:27:36,970 is final_result_set is instance of dict? True
2024-03-18 12:27:37,101 Time taken for page 1 of Purchase_Order_By_Opener_288_0.png:0:00:01.860914
2024-03-18 12:27:37,240 *****Generated All Pages****** for Purchase_Order_By_Opener_288_0.png
2024-03-18 12:27:37,240 RAM memory 62.6 used for Purchase_Order_By_Opener_288_0.png Generating All Pages:
2024-03-18 12:27:37,240 Processing time taken for all pages of Purchase_Order_By_Opener_288_0.png1:0:00:01.999893
2024-03-18 12:27:37,356 file name is:Purchase_Order_By_Opener_291_0.png
2024-03-18 12:27:37,356 folder path :Images
2024-03-18 12:27:37,357 Calling Image result
2024-03-18 12:27:37,357 is all_page_result is instance of dict? True
2024-03-18 12:27:37,357 STREAM b'IHDR' 16 13
2024-03-18 12:27:37,357 STREAM b'IDAT' 41 64988
2024-03-18 12:27:37,399 is words is instance of list? True
2024-03-18 12:27:37,399 is bboxes is instance of list? True
2024-03-18 12:27:37,399 is bounding_boxes is instance of list? True
2024-03-18 12:27:37,629 is input_id_chunks is instance of list? True
2024-03-18 12:27:37,630 is mask_chunks is instance of list? True
2024-03-18 12:27:37,630 is bbox_chunks is instance of list? True
2024-03-18 12:27:37,630 is image_chunks is instance of list? True
2024-03-18 12:27:37,630 is input_dict is instance of dict? True
2024-03-18 12:27:40,704 Model Called
2024-03-18 12:27:40,704 RAM memory 67.0 used for Purchase_Order_By_Opener_291_0.png:
2024-03-18 12:27:40,704 is all_predictions is instance of list? True
2024-03-18 12:27:40,704 is all_boxes is instance of list? True
2024-03-18 12:27:40,704 is all_confidences is instance of list? True
2024-03-18 12:27:40,704 is all_text is instance of list? True
2024-03-18 12:27:40,705 is label2id is instance of dict? True
2024-03-18 12:27:40,705 is id2label is instance of dict? True
2024-03-18 12:27:40,707 is label2color is instance of dict? True
2024-03-18 12:27:40,707 label2color : {'total_amount_in_words': '#EDB286', 'freight_and_transportation_information': '#276F25', 'insurance_issuer_name': '#590785', 'remitter_drawee_buyer_importer_billto_shippedto_despacthto_name': '#EFD7A4', 'currency': '#F259E4', 'signed_by': '#AA3D28', 'page_no': '#F1E36A', 'documents_required': '#7DC768', 'tin_no': '#E362A5', 'cst_no': '#FAF212', 'remitter_drawee_buyer_importer_billto_shippedto_despacthto_address': '#B7F44C', 'po_number': '#82D183', 'mode_of_dispatch': '#3BB1AB', 'unit_price': '#F2D0D3', 'issue_date': '#428DEF', 'quotation_no': '#1F9424', 'dimension': '#A17569', 'signature': '#25E7A6', 'O': '#AF3075', 'drawer_exporter_seller_beneficiary_issuer_supplier_name': '#F41431', 'packaging_details': '#BEC2CF', 'quantity': '#0A80B9', 'vat_no': '#29F5DA', 'original_or_copy': '#0DF133', 'drawer_ref_no': '#3E37BD', 'drawee_ref_no': '#5D5E44', 'ecc_no': '#531771', 'incoterm': '#EA215E', 'item_description': '#94F889', 'transport_condition': '#3B5F74', 'drawer_exporter_seller_beneficiary_issuer_supplier_address': '#59B337', 'delivery_terms': '#2C627E', 'tax_amount': '#91518B', 'taxes_condition': '#281A6D', 'warranty_terms': '#440D93', 'price_conditions': '#4DB826', 'total_pages': '#336665', 'stamped': '#DA0E38', 'diclaration_by': '#3A67F0', 'total_amount_in_figure': '#38DCD8', 'unit': '#1F3991', 'payment_terms': '#C04C17', 'destination': '#250EA9', 'discount_condition': '#716730'}
2024-03-18 12:27:41,024 is result_set is instance of dict? True
2024-03-18 12:27:41,026 is final_result_set is instance of dict? True
2024-03-18 12:27:41,308 Time taken for page 1 of Purchase_Order_By_Opener_291_0.png:0:00:03.950913
2024-03-18 12:27:41,470 *****Generated All Pages****** for Purchase_Order_By_Opener_291_0.png
2024-03-18 12:27:41,470 RAM memory 67.0 used for Purchase_Order_By_Opener_291_0.png Generating All Pages:
2024-03-18 12:27:41,470 Processing time taken for all pages of Purchase_Order_By_Opener_291_0.png1:0:00:04.113661
2024-03-18 12:27:41,612 file name is:Purchase_Order_By_Opener_293_0.png
2024-03-18 12:27:41,612 folder path :Images
2024-03-18 12:27:41,612 Calling Image result
2024-03-18 12:27:41,612 is all_page_result is instance of dict? True
2024-03-18 12:27:41,612 STREAM b'IHDR' 16 13
2024-03-18 12:27:41,612 STREAM b'IDAT' 41 53304
2024-03-18 12:27:41,650 is words is instance of list? True
2024-03-18 12:27:41,650 is bboxes is instance of list? True
2024-03-18 12:27:41,650 is bounding_boxes is instance of list? True
2024-03-18 12:27:41,923 is input_id_chunks is instance of list? True
2024-03-18 12:27:41,923 is mask_chunks is instance of list? True
2024-03-18 12:27:41,923 is bbox_chunks is instance of list? True
2024-03-18 12:27:41,923 is image_chunks is instance of list? True
2024-03-18 12:27:41,924 is input_dict is instance of dict? True
2024-03-18 12:27:45,536 Model Called
2024-03-18 12:27:45,536 RAM memory 67.4 used for Purchase_Order_By_Opener_293_0.png:
2024-03-18 12:27:45,536 is all_predictions is instance of list? True
2024-03-18 12:27:45,536 is all_boxes is instance of list? True
2024-03-18 12:27:45,536 is all_confidences is instance of list? True
2024-03-18 12:27:45,536 is all_text is instance of list? True
2024-03-18 12:27:45,537 is label2id is instance of dict? True
2024-03-18 12:27:45,537 is id2label is instance of dict? True
2024-03-18 12:27:45,538 is label2color is instance of dict? True
2024-03-18 12:27:45,538 label2color : {'total_amount_in_words': '#8CA974', 'freight_and_transportation_information': '#A25278', 'insurance_issuer_name': '#1700AE', 'remitter_drawee_buyer_importer_billto_shippedto_despacthto_name': '#6A94E8', 'currency': '#3CC89E', 'signed_by': '#4DBF44', 'page_no': '#8B9F8D', 'documents_required': '#B8B81F', 'tin_no': '#3990FF', 'cst_no': '#859682', 'remitter_drawee_buyer_importer_billto_shippedto_despacthto_address': '#9DBFF4', 'po_number': '#EE66E6', 'mode_of_dispatch': '#355D91', 'unit_price': '#F45459', 'issue_date': '#B3971C', 'quotation_no': '#40042D', 'dimension': '#64428A', 'signature': '#FFC5E4', 'O': '#F34AA3', 'drawer_exporter_seller_beneficiary_issuer_supplier_name': '#BDAB01', 'packaging_details': '#74D563', 'quantity': '#96E6A0', 'vat_no': '#B4C4F7', 'original_or_copy': '#E26B1E', 'drawer_ref_no': '#31DB54', 'drawee_ref_no': '#AE7294', 'ecc_no': '#E57FD8', 'incoterm': '#05D925', 'item_description': '#5BFE15', 'transport_condition': '#8953F7', 'drawer_exporter_seller_beneficiary_issuer_supplier_address': '#79629B', 'delivery_terms': '#F0266A', 'tax_amount': '#0C492D', 'taxes_condition': '#1ACA77', 'warranty_terms': '#B022C3', 'price_conditions': '#115C30', 'total_pages': '#802B6D', 'stamped': '#6B7F3D', 'diclaration_by': '#C7114F', 'total_amount_in_figure': '#7EABBD', 'unit': '#3B82DD', 'payment_terms': '#4133B9', 'destination': '#E6D4BF', 'discount_condition': '#60EB0E'}
2024-03-18 12:27:45,846 is result_set is instance of dict? True
2024-03-18 12:27:45,846 is final_result_set is instance of dict? True
2024-03-18 12:27:45,986 Time taken for page 1 of Purchase_Order_By_Opener_293_0.png:0:00:04.373322
2024-03-18 12:27:46,102 *****Generated All Pages****** for Purchase_Order_By_Opener_293_0.png
2024-03-18 12:27:46,102 RAM memory 67.6 used for Purchase_Order_By_Opener_293_0.png Generating All Pages:
2024-03-18 12:27:46,102 Processing time taken for all pages of Purchase_Order_By_Opener_293_0.png1:0:00:04.490550
2024-03-18 12:27:46,224 file name is:Purchase_Order_By_Opener_218_3.png
2024-03-18 12:27:46,224 folder path :Images
2024-03-18 12:27:46,224 Calling Image result
2024-03-18 12:27:46,224 is all_page_result is instance of dict? True
2024-03-18 12:27:46,224 STREAM b'IHDR' 16 13
2024-03-18 12:27:46,224 STREAM b'IDAT' 41 38607
2024-03-18 12:27:46,284 is words is instance of list? True
2024-03-18 12:27:46,284 is bboxes is instance of list? True
2024-03-18 12:27:46,284 is bounding_boxes is instance of list? True
2024-03-18 12:27:46,489 is input_id_chunks is instance of list? True
2024-03-18 12:27:46,489 is mask_chunks is instance of list? True
2024-03-18 12:27:46,489 is bbox_chunks is instance of list? True
2024-03-18 12:27:46,489 is image_chunks is instance of list? True
2024-03-18 12:27:46,489 is input_dict is instance of dict? True
2024-03-18 12:27:47,865 Model Called
2024-03-18 12:27:47,865 RAM memory 63.0 used for Purchase_Order_By_Opener_218_3.png:
2024-03-18 12:27:47,865 is all_predictions is instance of list? True
2024-03-18 12:27:47,865 is all_boxes is instance of list? True
2024-03-18 12:27:47,865 is all_confidences is instance of list? True
2024-03-18 12:27:47,865 is all_text is instance of list? True
2024-03-18 12:27:47,865 is label2id is instance of dict? True
2024-03-18 12:27:47,866 is id2label is instance of dict? True
2024-03-18 12:27:47,867 is label2color is instance of dict? True
2024-03-18 12:27:47,867 label2color : {'total_amount_in_words': '#225480', 'freight_and_transportation_information': '#386F80', 'insurance_issuer_name': '#B03218', 'remitter_drawee_buyer_importer_billto_shippedto_despacthto_name': '#DD109E', 'currency': '#0386E4', 'signed_by': '#14A3E9', 'page_no': '#075676', 'documents_required': '#B3ED4D', 'tin_no': '#C909A6', 'cst_no': '#A577B6', 'remitter_drawee_buyer_importer_billto_shippedto_despacthto_address': '#6382CB', 'po_number': '#4D9749', 'mode_of_dispatch': '#87A422', 'unit_price': '#1884A8', 'issue_date': '#82EBB4', 'quotation_no': '#7B47DF', 'dimension': '#FB6327', 'signature': '#CC8E73', 'O': '#7572CE', 'drawer_exporter_seller_beneficiary_issuer_supplier_name': '#D60CE1', 'packaging_details': '#6EDB00', 'quantity': '#97E222', 'vat_no': '#210181', 'original_or_copy': '#FEB43C', 'drawer_ref_no': '#6527FA', 'drawee_ref_no': '#A65DA4', 'ecc_no': '#948FB4', 'incoterm': '#C78B54', 'item_description': '#FDF6F7', 'transport_condition': '#F4D3E9', 'drawer_exporter_seller_beneficiary_issuer_supplier_address': '#896226', 'delivery_terms': '#7FECE0', 'tax_amount': '#AFA344', 'taxes_condition': '#954D19', 'warranty_terms': '#A1CE84', 'price_conditions': '#6B0E3E', 'total_pages': '#80421E', 'stamped': '#0568B4', 'diclaration_by': '#506973', 'total_amount_in_figure': '#9ADDA0', 'unit': '#F22757', 'payment_terms': '#D817B5', 'destination': '#74FB1E', 'discount_condition': '#FA4388'}
2024-03-18 12:27:48,013 is result_set is instance of dict? True
2024-03-18 12:27:48,014 is final_result_set is instance of dict? True
2024-03-18 12:27:48,148 Time taken for page 1 of Purchase_Order_By_Opener_218_3.png:0:00:01.923383
2024-03-18 12:27:48,314 *****Generated All Pages****** for Purchase_Order_By_Opener_218_3.png
2024-03-18 12:27:48,314 RAM memory 63.1 used for Purchase_Order_By_Opener_218_3.png Generating All Pages:
2024-03-18 12:27:48,315 Processing time taken for all pages of Purchase_Order_By_Opener_218_3.png1:0:00:02.090550
2024-03-18 12:27:48,449 file name is:Purchase_Order_By_Opener_334_5.png
2024-03-18 12:27:48,449 folder path :Images
2024-03-18 12:27:48,450 Calling Image result
2024-03-18 12:27:48,450 is all_page_result is instance of dict? True
2024-03-18 12:27:48,450 STREAM b'IHDR' 16 13
2024-03-18 12:27:48,450 STREAM b'IDAT' 41 44136
2024-03-18 12:27:48,503 is words is instance of list? True
2024-03-18 12:27:48,503 is bboxes is instance of list? True
2024-03-18 12:27:48,503 is bounding_boxes is instance of list? True
2024-03-18 12:27:48,772 is input_id_chunks is instance of list? True
2024-03-18 12:27:48,772 is mask_chunks is instance of list? True
2024-03-18 12:27:48,772 is bbox_chunks is instance of list? True
2024-03-18 12:27:48,772 is image_chunks is instance of list? True
2024-03-18 12:27:48,773 is input_dict is instance of dict? True
2024-03-18 12:27:51,602 Model Called
2024-03-18 12:27:51,602 RAM memory 67.3 used for Purchase_Order_By_Opener_334_5.png:
2024-03-18 12:27:51,603 is all_predictions is instance of list? True
2024-03-18 12:27:51,603 is all_boxes is instance of list? True
2024-03-18 12:27:51,603 is all_confidences is instance of list? True
2024-03-18 12:27:51,603 is all_text is instance of list? True
2024-03-18 12:27:51,603 is label2id is instance of dict? True
2024-03-18 12:27:51,603 is id2label is instance of dict? True
2024-03-18 12:27:51,604 is label2color is instance of dict? True
2024-03-18 12:27:51,604 label2color : {'total_amount_in_words': '#61BA46', 'freight_and_transportation_information': '#C9BD6D', 'insurance_issuer_name': '#FF1EDB', 'remitter_drawee_buyer_importer_billto_shippedto_despacthto_name': '#B650A9', 'currency': '#A952B8', 'signed_by': '#BD0340', 'page_no': '#F81735', 'documents_required': '#CCE5B6', 'tin_no': '#10EA73', 'cst_no': '#6159E3', 'remitter_drawee_buyer_importer_billto_shippedto_despacthto_address': '#E64B93', 'po_number': '#6A2C46', 'mode_of_dispatch': '#006858', 'unit_price': '#C803B6', 'issue_date': '#10E74A', 'quotation_no': '#465F7D', 'dimension': '#02ACA0', 'signature': '#E9EE54', 'O': '#C51664', 'drawer_exporter_seller_beneficiary_issuer_supplier_name': '#E8247D', 'packaging_details': '#E075E3', 'quantity': '#CCBEAA', 'vat_no': '#F54169', 'original_or_copy': '#1883F2', 'drawer_ref_no': '#BFA61B', 'drawee_ref_no': '#9FD07B', 'ecc_no': '#CE3823', 'incoterm': '#8AA5FD', 'item_description': '#265455', 'transport_condition': '#90E841', 'drawer_exporter_seller_beneficiary_issuer_supplier_address': '#8982D3', 'delivery_terms': '#ED364E', 'tax_amount': '#C42DCC', 'taxes_condition': '#B275E6', 'warranty_terms': '#22A13E', 'price_conditions': '#9D7B5B', 'total_pages': '#BC8B26', 'stamped': '#6F9F52', 'diclaration_by': '#EFE52D', 'total_amount_in_figure': '#8C43CD', 'unit': '#E144DF', 'payment_terms': '#08D812', 'destination': '#AD7D25', 'discount_condition': '#783377'}
2024-03-18 12:27:51,839 is result_set is instance of dict? True
2024-03-18 12:27:51,840 is final_result_set is instance of dict? True
2024-03-18 12:27:52,029 Time taken for page 1 of Purchase_Order_By_Opener_334_5.png:0:00:03.579290
2024-03-18 12:27:52,142 *****Generated All Pages****** for Purchase_Order_By_Opener_334_5.png
2024-03-18 12:27:52,143 RAM memory 67.3 used for Purchase_Order_By_Opener_334_5.png Generating All Pages:
2024-03-18 12:27:52,143 Processing time taken for all pages of Purchase_Order_By_Opener_334_5.png1:0:00:03.692943
2024-03-18 12:27:52,305 file name is:Purchase_Order_By_Opener_240_6.png
2024-03-18 12:27:52,306 folder path :Images
2024-03-18 12:27:52,306 Calling Image result
2024-03-18 12:27:52,306 is all_page_result is instance of dict? True
2024-03-18 12:27:52,306 STREAM b'IHDR' 16 13
2024-03-18 12:27:52,306 STREAM b'IDAT' 41 65536
2024-03-18 12:27:52,351 is words is instance of list? True
2024-03-18 12:27:52,351 is bboxes is instance of list? True
2024-03-18 12:27:52,351 is bounding_boxes is instance of list? True
2024-03-18 12:27:52,613 is input_id_chunks is instance of list? True
2024-03-18 12:27:52,613 is mask_chunks is instance of list? True
2024-03-18 12:27:52,613 is bbox_chunks is instance of list? True
2024-03-18 12:27:52,613 is image_chunks is instance of list? True
2024-03-18 12:27:52,614 is input_dict is instance of dict? True
2024-03-18 12:27:55,342 Model Called
2024-03-18 12:27:55,342 RAM memory 67.5 used for Purchase_Order_By_Opener_240_6.png:
2024-03-18 12:27:55,343 is all_predictions is instance of list? True
2024-03-18 12:27:55,343 is all_boxes is instance of list? True
2024-03-18 12:27:55,343 is all_confidences is instance of list? True
2024-03-18 12:27:55,343 is all_text is instance of list? True
2024-03-18 12:27:55,343 is label2id is instance of dict? True
2024-03-18 12:27:55,343 is id2label is instance of dict? True
2024-03-18 12:27:55,345 is label2color is instance of dict? True
2024-03-18 12:27:55,345 label2color : {'total_amount_in_words': '#C16622', 'freight_and_transportation_information': '#D33A97', 'insurance_issuer_name': '#2D0B33', 'remitter_drawee_buyer_importer_billto_shippedto_despacthto_name': '#C1F7E4', 'currency': '#1DC338', 'signed_by': '#2E1F5A', 'page_no': '#D15FB9', 'documents_required': '#A40769', 'tin_no': '#6EC344', 'cst_no': '#022CE7', 'remitter_drawee_buyer_importer_billto_shippedto_despacthto_address': '#8604E9', 'po_number': '#54F443', 'mode_of_dispatch': '#66F36E', 'unit_price': '#BC9075', 'issue_date': '#979595', 'quotation_no': '#E88821', 'dimension': '#90DAC3', 'signature': '#E584D4', 'O': '#B8C04D', 'drawer_exporter_seller_beneficiary_issuer_supplier_name': '#B7B74B', 'packaging_details': '#A78C0D', 'quantity': '#23D7E3', 'vat_no': '#DF6A98', 'original_or_copy': '#EFB1C2', 'drawer_ref_no': '#61F1E7', 'drawee_ref_no': '#1DE09B', 'ecc_no': '#B76176', 'incoterm': '#47155C', 'item_description': '#AD577F', 'transport_condition': '#BE15BA', 'drawer_exporter_seller_beneficiary_issuer_supplier_address': '#D634E3', 'delivery_terms': '#E06F97', 'tax_amount': '#CE10A7', 'taxes_condition': '#8EAB41', 'warranty_terms': '#6AC955', 'price_conditions': '#4B38C6', 'total_pages': '#56F75E', 'stamped': '#2A7DCA', 'diclaration_by': '#A09A77', 'total_amount_in_figure': '#EDEAD5', 'unit': '#0CF3C4', 'payment_terms': '#CD63B8', 'destination': '#6260DB', 'discount_condition': '#6C5AF8'}
2024-03-18 12:27:55,600 is result_set is instance of dict? True
2024-03-18 12:27:55,601 is final_result_set is instance of dict? True
2024-03-18 12:27:55,781 Time taken for page 1 of Purchase_Order_By_Opener_240_6.png:0:00:03.475134
2024-03-18 12:27:56,005 *****Generated All Pages****** for Purchase_Order_By_Opener_240_6.png
2024-03-18 12:27:56,005 RAM memory 67.6 used for Purchase_Order_By_Opener_240_6.png Generating All Pages:
2024-03-18 12:27:56,005 Processing time taken for all pages of Purchase_Order_By_Opener_240_6.png1:0:00:03.699770
2024-03-18 12:27:56,151 file name is:Purchase_Order_By_Opener_307_0.png
2024-03-18 12:27:56,151 folder path :Images
2024-03-18 12:27:56,151 Calling Image result
2024-03-18 12:27:56,151 is all_page_result is instance of dict? True
2024-03-18 12:27:56,151 STREAM b'IHDR' 16 13
2024-03-18 12:27:56,152 STREAM b'IDAT' 41 29227
2024-03-18 12:27:56,252 is words is instance of list? True
2024-03-18 12:27:56,252 is bboxes is instance of list? True
2024-03-18 12:27:56,252 is bounding_boxes is instance of list? True
2024-03-18 12:27:56,622 is input_id_chunks is instance of list? True
2024-03-18 12:27:56,622 is mask_chunks is instance of list? True
2024-03-18 12:27:56,622 is bbox_chunks is instance of list? True
2024-03-18 12:27:56,622 is image_chunks is instance of list? True
2024-03-18 12:27:56,623 is input_dict is instance of dict? True
2024-03-18 12:27:58,350 Model Called
2024-03-18 12:27:58,350 RAM memory 61.3 used for Purchase_Order_By_Opener_307_0.png:
2024-03-18 12:27:58,360 is all_predictions is instance of list? True
2024-03-18 12:27:58,360 is all_boxes is instance of list? True
2024-03-18 12:27:58,360 is all_confidences is instance of list? True
2024-03-18 12:27:58,360 is all_text is instance of list? True
2024-03-18 12:27:58,360 is label2id is instance of dict? True
2024-03-18 12:27:58,360 is id2label is instance of dict? True
2024-03-18 12:27:58,361 is label2color is instance of dict? True
2024-03-18 12:27:58,361 label2color : {'total_amount_in_words': '#3CCA63', 'freight_and_transportation_information': '#2381CE', 'insurance_issuer_name': '#4899C7', 'remitter_drawee_buyer_importer_billto_shippedto_despacthto_name': '#ABEA65', 'currency': '#1EA6EE', 'signed_by': '#646378', 'page_no': '#3FD22A', 'documents_required': '#EBF789', 'tin_no': '#3A38B9', 'cst_no': '#1ACA17', 'remitter_drawee_buyer_importer_billto_shippedto_despacthto_address': '#95BA20', 'po_number': '#8F55A8', 'mode_of_dispatch': '#F1A416', 'unit_price': '#45D63C', 'issue_date': '#00D153', 'quotation_no': '#8FEBCB', 'dimension': '#7D468F', 'signature': '#575495', 'O': '#A43403', 'drawer_exporter_seller_beneficiary_issuer_supplier_name': '#67C821', 'packaging_details': '#F13EE0', 'quantity': '#B52AA1', 'vat_no': '#674874', 'original_or_copy': '#6D2043', 'drawer_ref_no': '#A87F5D', 'drawee_ref_no': '#AA9C20', 'ecc_no': '#16061C', 'incoterm': '#A79DD4', 'item_description': '#570AE9', 'transport_condition': '#5832BF', 'drawer_exporter_seller_beneficiary_issuer_supplier_address': '#073D94', 'delivery_terms': '#49B9BC', 'tax_amount': '#9D251F', 'taxes_condition': '#164270', 'warranty_terms': '#F84494', 'price_conditions': '#803E23', 'total_pages': '#9746FE', 'stamped': '#882AD6', 'diclaration_by': '#CC9C07', 'total_amount_in_figure': '#4CE923', 'unit': '#C423B8', 'payment_terms': '#3FF72A', 'destination': '#2E0AC0', 'discount_condition': '#143142'}
2024-03-18 12:27:58,570 is result_set is instance of dict? True
2024-03-18 12:27:58,571 is final_result_set is instance of dict? True
2024-03-18 12:27:58,787 Time taken for page 1 of Purchase_Order_By_Opener_307_0.png:0:00:02.635339
2024-03-18 12:27:58,894 *****Generated All Pages****** for Purchase_Order_By_Opener_307_0.png
2024-03-18 12:27:58,894 RAM memory 61.7 used for Purchase_Order_By_Opener_307_0.png Generating All Pages:
2024-03-18 12:27:58,894 Processing time taken for all pages of Purchase_Order_By_Opener_307_0.png1:0:00:02.743207
2024-03-18 12:27:59,013 file name is:Purchase_Order_By_Opener_255_0.png
2024-03-18 12:27:59,013 folder path :Images
2024-03-18 12:27:59,013 Calling Image result
2024-03-18 12:27:59,013 is all_page_result is instance of dict? True
2024-03-18 12:27:59,013 STREAM b'IHDR' 16 13
2024-03-18 12:27:59,013 STREAM b'IDAT' 41 27128
2024-03-18 12:27:59,054 is words is instance of list? True
2024-03-18 12:27:59,054 is bboxes is instance of list? True
2024-03-18 12:27:59,054 is bounding_boxes is instance of list? True
2024-03-18 12:27:59,261 is input_id_chunks is instance of list? True
2024-03-18 12:27:59,261 is mask_chunks is instance of list? True
2024-03-18 12:27:59,261 is bbox_chunks is instance of list? True
2024-03-18 12:27:59,261 is image_chunks is instance of list? True
2024-03-18 12:27:59,262 is input_dict is instance of dict? True
2024-03-18 12:28:00,500 Model Called
2024-03-18 12:28:00,501 RAM memory 61.3 used for Purchase_Order_By_Opener_255_0.png:
2024-03-18 12:28:00,501 is all_predictions is instance of list? True
2024-03-18 12:28:00,501 is all_boxes is instance of list? True
2024-03-18 12:28:00,501 is all_confidences is instance of list? True
2024-03-18 12:28:00,501 is all_text is instance of list? True
2024-03-18 12:28:00,501 is label2id is instance of dict? True
2024-03-18 12:28:00,501 is id2label is instance of dict? True
2024-03-18 12:28:00,502 is label2color is instance of dict? True
2024-03-18 12:28:00,502 label2color : {'total_amount_in_words': '#BC1E78', 'freight_and_transportation_information': '#42FB85', 'insurance_issuer_name': '#156F99', 'remitter_drawee_buyer_importer_billto_shippedto_despacthto_name': '#09E637', 'currency': '#DAAD2E', 'signed_by': '#CF9F05', 'page_no': '#5AAB11', 'documents_required': '#DF0F69', 'tin_no': '#E8EBF1', 'cst_no': '#EA1C31', 'remitter_drawee_buyer_importer_billto_shippedto_despacthto_address': '#C3E091', 'po_number': '#F187BB', 'mode_of_dispatch': '#4AC0C1', 'unit_price': '#6820C3', 'issue_date': '#F0BE79', 'quotation_no': '#F639CF', 'dimension': '#7DA907', 'signature': '#C18E19', 'O': '#2C9CB3', 'drawer_exporter_seller_beneficiary_issuer_supplier_name': '#573C60', 'packaging_details': '#FF627E', 'quantity': '#91977D', 'vat_no': '#D841D3', 'original_or_copy': '#1A071C', 'drawer_ref_no': '#9DC8A6', 'drawee_ref_no': '#BF4778', 'ecc_no': '#FABE0B', 'incoterm': '#DC129E', 'item_description': '#DB3A5C', 'transport_condition': '#4DE8F8', 'drawer_exporter_seller_beneficiary_issuer_supplier_address': '#CEF6E3', 'delivery_terms': '#3F9F38', 'tax_amount': '#F304B1', 'taxes_condition': '#6D7CD3', 'warranty_terms': '#AE0564', 'price_conditions': '#6DA7DA', 'total_pages': '#C4B898', 'stamped': '#49E62E', 'diclaration_by': '#33B5E8', 'total_amount_in_figure': '#E1B697', 'unit': '#6C1FEA', 'payment_terms': '#89FA9E', 'destination': '#E2C2C0', 'discount_condition': '#F80B59'}
2024-03-18 12:28:00,635 is result_set is instance of dict? True
2024-03-18 12:28:00,635 is final_result_set is instance of dict? True
2024-03-18 12:28:00,769 Time taken for page 1 of Purchase_Order_By_Opener_255_0.png:0:00:01.755491
2024-03-18 12:28:00,890 *****Generated All Pages****** for Purchase_Order_By_Opener_255_0.png
2024-03-18 12:28:00,890 RAM memory 61.4 used for Purchase_Order_By_Opener_255_0.png Generating All Pages:
2024-03-18 12:28:00,890 Processing time taken for all pages of Purchase_Order_By_Opener_255_0.png1:0:00:01.877412
2024-03-18 12:28:01,002 file name is:Purchase_Order_By_Opener_253_0.png
2024-03-18 12:28:01,002 folder path :Images
2024-03-18 12:28:01,003 Calling Image result
2024-03-18 12:28:01,003 is all_page_result is instance of dict? True
2024-03-18 12:28:01,003 STREAM b'IHDR' 16 13
2024-03-18 12:28:01,003 STREAM b'IDAT' 41 39343
2024-03-18 12:28:01,047 is words is instance of list? True
2024-03-18 12:28:01,047 is bboxes is instance of list? True
2024-03-18 12:28:01,047 is bounding_boxes is instance of list? True
2024-03-18 12:28:01,242 is input_id_chunks is instance of list? True
2024-03-18 12:28:01,242 is mask_chunks is instance of list? True
2024-03-18 12:28:01,242 is bbox_chunks is instance of list? True
2024-03-18 12:28:01,242 is image_chunks is instance of list? True
2024-03-18 12:28:01,243 is input_dict is instance of dict? True
2024-03-18 12:28:03,724 Model Called
2024-03-18 12:28:03,725 RAM memory 67.0 used for Purchase_Order_By_Opener_253_0.png:
2024-03-18 12:28:03,725 is all_predictions is instance of list? True
2024-03-18 12:28:03,725 is all_boxes is instance of list? True
2024-03-18 12:28:03,725 is all_confidences is instance of list? True
2024-03-18 12:28:03,725 is all_text is instance of list? True
2024-03-18 12:28:03,725 is label2id is instance of dict? True
2024-03-18 12:28:03,725 is id2label is instance of dict? True
2024-03-18 12:28:03,727 is label2color is instance of dict? True
2024-03-18 12:28:03,727 label2color : {'total_amount_in_words': '#F4A06F', 'freight_and_transportation_information': '#7AB35B', 'insurance_issuer_name': '#39CAFA', 'remitter_drawee_buyer_importer_billto_shippedto_despacthto_name': '#182A68', 'currency': '#942E4B', 'signed_by': '#2C9969', 'page_no': '#A280F9', 'documents_required': '#7D426F', 'tin_no': '#57461D', 'cst_no': '#8A5D09', 'remitter_drawee_buyer_importer_billto_shippedto_despacthto_address': '#71D114', 'po_number': '#043D2A', 'mode_of_dispatch': '#BBE6B7', 'unit_price': '#65E285', 'issue_date': '#BC082D', 'quotation_no': '#6E241E', 'dimension': '#9E4BED', 'signature': '#B90BA9', 'O': '#19407D', 'drawer_exporter_seller_beneficiary_issuer_supplier_name': '#0BD2EE', 'packaging_details': '#B9D0DE', 'quantity': '#7CD8CB', 'vat_no': '#AB7E86', 'original_or_copy': '#55B445', 'drawer_ref_no': '#6F4CED', 'drawee_ref_no': '#BF78A9', 'ecc_no': '#F38F52', 'incoterm': '#7C8F78', 'item_description': '#883A17', 'transport_condition': '#04DBA8', 'drawer_exporter_seller_beneficiary_issuer_supplier_address': '#6A747C', 'delivery_terms': '#F24BBF', 'tax_amount': '#47E83B', 'taxes_condition': '#144C01', 'warranty_terms': '#BC977E', 'price_conditions': '#05C189', 'total_pages': '#5C59F4', 'stamped': '#2BAE59', 'diclaration_by': '#F7EADE', 'total_amount_in_figure': '#C4DEA7', 'unit': '#D151D0', 'payment_terms': '#3AF027', 'destination': '#1F70B4', 'discount_condition': '#C34D82'}
2024-03-18 12:28:03,961 is result_set is instance of dict? True
2024-03-18 12:28:03,961 is final_result_set is instance of dict? True
2024-03-18 12:28:04,131 Time taken for page 1 of Purchase_Order_By_Opener_253_0.png:0:00:03.128057
2024-03-18 12:28:04,245 *****Generated All Pages****** for Purchase_Order_By_Opener_253_0.png
2024-03-18 12:28:04,245 RAM memory 67.0 used for Purchase_Order_By_Opener_253_0.png Generating All Pages:
2024-03-18 12:28:04,245 Processing time taken for all pages of Purchase_Order_By_Opener_253_0.png1:0:00:03.242885
2024-03-18 12:28:04,370 file name is:Purchase_Order_By_Opener_224_0.png
2024-03-18 12:28:04,370 folder path :Images
2024-03-18 12:28:04,370 Calling Image result
2024-03-18 12:28:04,370 is all_page_result is instance of dict? True
2024-03-18 12:28:04,370 STREAM b'IHDR' 16 13
2024-03-18 12:28:04,370 STREAM b'IDAT' 41 50241
2024-03-18 12:28:04,437 is words is instance of list? True
2024-03-18 12:28:04,437 is bboxes is instance of list? True
2024-03-18 12:28:04,437 is bounding_boxes is instance of list? True
2024-03-18 12:28:04,648 is input_id_chunks is instance of list? True
2024-03-18 12:28:04,648 is mask_chunks is instance of list? True
2024-03-18 12:28:04,648 is bbox_chunks is instance of list? True
2024-03-18 12:28:04,648 is image_chunks is instance of list? True
2024-03-18 12:28:04,648 is input_dict is instance of dict? True
2024-03-18 12:28:07,677 Model Called
2024-03-18 12:28:07,677 RAM memory 67.5 used for Purchase_Order_By_Opener_224_0.png:
2024-03-18 12:28:07,677 is all_predictions is instance of list? True
2024-03-18 12:28:07,678 is all_boxes is instance of list? True
2024-03-18 12:28:07,678 is all_confidences is instance of list? True
2024-03-18 12:28:07,678 is all_text is instance of list? True
2024-03-18 12:28:07,678 is label2id is instance of dict? True
2024-03-18 12:28:07,678 is id2label is instance of dict? True
2024-03-18 12:28:07,680 is label2color is instance of dict? True
2024-03-18 12:28:07,680 label2color : {'total_amount_in_words': '#337163', 'freight_and_transportation_information': '#980C3F', 'insurance_issuer_name': '#417888', 'remitter_drawee_buyer_importer_billto_shippedto_despacthto_name': '#EC79D2', 'currency': '#87FD7D', 'signed_by': '#9BB7B3', 'page_no': '#F6EF18', 'documents_required': '#0165DC', 'tin_no': '#891378', 'cst_no': '#B8EA83', 'remitter_drawee_buyer_importer_billto_shippedto_despacthto_address': '#324E66', 'po_number': '#53E1A5', 'mode_of_dispatch': '#AE17C7', 'unit_price': '#4AB4EA', 'issue_date': '#85ED8B', 'quotation_no': '#02B80F', 'dimension': '#D2F482', 'signature': '#A76805', 'O': '#B5E6D5', 'drawer_exporter_seller_beneficiary_issuer_supplier_name': '#77C7DD', 'packaging_details': '#55357C', 'quantity': '#60F911', 'vat_no': '#042FB3', 'original_or_copy': '#F7ADC0', 'drawer_ref_no': '#08CF90', 'drawee_ref_no': '#81AF8D', 'ecc_no': '#0DEDCA', 'incoterm': '#A99143', 'item_description': '#CE3795', 'transport_condition': '#249472', 'drawer_exporter_seller_beneficiary_issuer_supplier_address': '#67ED92', 'delivery_terms': '#65965A', 'tax_amount': '#5D3200', 'taxes_condition': '#1BB976', 'warranty_terms': '#0ED3B2', 'price_conditions': '#1296DA', 'total_pages': '#6E613A', 'stamped': '#C9A225', 'diclaration_by': '#873FFA', 'total_amount_in_figure': '#AE7E71', 'unit': '#DB0BD9', 'payment_terms': '#1E6EA5', 'destination': '#A17D7B', 'discount_condition': '#10413E'}
2024-03-18 12:28:08,115 is result_set is instance of dict? True
2024-03-18 12:28:08,117 is final_result_set is instance of dict? True
2024-03-18 12:28:08,458 Time taken for page 1 of Purchase_Order_By_Opener_224_0.png:0:00:04.087419
2024-03-18 12:28:08,602 *****Generated All Pages****** for Purchase_Order_By_Opener_224_0.png
2024-03-18 12:28:08,602 RAM memory 67.4 used for Purchase_Order_By_Opener_224_0.png Generating All Pages:
2024-03-18 12:28:08,602 Processing time taken for all pages of Purchase_Order_By_Opener_224_0.png1:0:00:04.232009
2024-03-18 12:28:08,714 file name is:Purchase_Order_By_Opener_323_0.png
2024-03-18 12:28:08,714 folder path :Images
2024-03-18 12:28:08,714 Calling Image result
2024-03-18 12:28:08,714 is all_page_result is instance of dict? True
2024-03-18 12:28:08,714 STREAM b'IHDR' 16 13
2024-03-18 12:28:08,714 STREAM b'IDAT' 41 54164
2024-03-18 12:28:08,759 is words is instance of list? True
2024-03-18 12:28:08,759 is bboxes is instance of list? True
2024-03-18 12:28:08,759 is bounding_boxes is instance of list? True
2024-03-18 12:28:08,980 is input_id_chunks is instance of list? True
2024-03-18 12:28:08,980 is mask_chunks is instance of list? True
2024-03-18 12:28:08,980 is bbox_chunks is instance of list? True
2024-03-18 12:28:08,980 is image_chunks is instance of list? True
2024-03-18 12:28:08,980 is input_dict is instance of dict? True
2024-03-18 12:28:12,351 Model Called
2024-03-18 12:28:12,352 RAM memory 67.8 used for Purchase_Order_By_Opener_323_0.png:
2024-03-18 12:28:12,352 is all_predictions is instance of list? True
2024-03-18 12:28:12,352 is all_boxes is instance of list? True
2024-03-18 12:28:12,352 is all_confidences is instance of list? True
2024-03-18 12:28:12,352 is all_text is instance of list? True
2024-03-18 12:28:12,352 is label2id is instance of dict? True
2024-03-18 12:28:12,352 is id2label is instance of dict? True
2024-03-18 12:28:12,353 is label2color is instance of dict? True
2024-03-18 12:28:12,353 label2color : {'total_amount_in_words': '#FDB3C6', 'freight_and_transportation_information': '#B406F4', 'insurance_issuer_name': '#D8E118', 'remitter_drawee_buyer_importer_billto_shippedto_despacthto_name': '#0CF25E', 'currency': '#A2B4D2', 'signed_by': '#0F2F80', 'page_no': '#DDEBA9', 'documents_required': '#E45FE7', 'tin_no': '#7D9D8F', 'cst_no': '#133EFB', 'remitter_drawee_buyer_importer_billto_shippedto_despacthto_address': '#050AEE', 'po_number': '#C5E4BE', 'mode_of_dispatch': '#EA3BC6', 'unit_price': '#DEB91C', 'issue_date': '#EF9F0E', 'quotation_no': '#E2A080', 'dimension': '#9FC25D', 'signature': '#C7712E', 'O': '#55A788', 'drawer_exporter_seller_beneficiary_issuer_supplier_name': '#1867A0', 'packaging_details': '#A90D02', 'quantity': '#CE67ED', 'vat_no': '#C1D67F', 'original_or_copy': '#B891C9', 'drawer_ref_no': '#27E6E8', 'drawee_ref_no': '#46055B', 'ecc_no': '#CCACE2', 'incoterm': '#1BDAF2', 'item_description': '#D56BF6', 'transport_condition': '#36F169', 'drawer_exporter_seller_beneficiary_issuer_supplier_address': '#716ADF', 'delivery_terms': '#7251FE', 'tax_amount': '#AF1F8A', 'taxes_condition': '#5350A9', 'warranty_terms': '#61AE7A', 'price_conditions': '#B85F0E', 'total_pages': '#714613', 'stamped': '#195442', 'diclaration_by': '#9E89A9', 'total_amount_in_figure': '#807286', 'unit': '#B59404', 'payment_terms': '#2DFCC0', 'destination': '#681D68', 'discount_condition': '#40EB1D'}
2024-03-18 12:28:12,540 is result_set is instance of dict? True
2024-03-18 12:28:12,541 is final_result_set is instance of dict? True
2024-03-18 12:28:12,680 Time taken for page 1 of Purchase_Order_By_Opener_323_0.png:0:00:03.965726
2024-03-18 12:28:12,833 *****Generated All Pages****** for Purchase_Order_By_Opener_323_0.png
2024-03-18 12:28:12,834 RAM memory 67.6 used for Purchase_Order_By_Opener_323_0.png Generating All Pages:
2024-03-18 12:28:12,834 Processing time taken for all pages of Purchase_Order_By_Opener_323_0.png1:0:00:04.119780
2024-03-18 12:28:12,942 file name is:Purchase_Order_By_Opener_229_1.png
2024-03-18 12:28:12,942 folder path :Images
2024-03-18 12:28:12,942 Calling Image result
2024-03-18 12:28:12,942 is all_page_result is instance of dict? True
2024-03-18 12:28:12,942 STREAM b'IHDR' 16 13
2024-03-18 12:28:12,942 STREAM b'IDAT' 41 57915
2024-03-18 12:28:13,010 is words is instance of list? True
2024-03-18 12:28:13,010 is bboxes is instance of list? True
2024-03-18 12:28:13,010 is bounding_boxes is instance of list? True
2024-03-18 12:28:13,215 is input_id_chunks is instance of list? True
2024-03-18 12:28:13,216 is mask_chunks is instance of list? True
2024-03-18 12:28:13,216 is bbox_chunks is instance of list? True
2024-03-18 12:28:13,216 is image_chunks is instance of list? True
2024-03-18 12:28:13,216 is input_dict is instance of dict? True
2024-03-18 12:28:15,893 Model Called
2024-03-18 12:28:15,893 RAM memory 67.5 used for Purchase_Order_By_Opener_229_1.png:
2024-03-18 12:28:15,893 is all_predictions is instance of list? True
2024-03-18 12:28:15,893 is all_boxes is instance of list? True
2024-03-18 12:28:15,893 is all_confidences is instance of list? True
2024-03-18 12:28:15,893 is all_text is instance of list? True
2024-03-18 12:28:15,894 is label2id is instance of dict? True
2024-03-18 12:28:15,894 is id2label is instance of dict? True
2024-03-18 12:28:15,895 is label2color is instance of dict? True
2024-03-18 12:28:15,895 label2color : {'total_amount_in_words': '#A819E4', 'freight_and_transportation_information': '#1844AC', 'insurance_issuer_name': '#F1FE10', 'remitter_drawee_buyer_importer_billto_shippedto_despacthto_name': '#4B8F7B', 'currency': '#961CB6', 'signed_by': '#D24D66', 'page_no': '#64D693', 'documents_required': '#FDE242', 'tin_no': '#3338A0', 'cst_no': '#0B342F', 'remitter_drawee_buyer_importer_billto_shippedto_despacthto_address': '#0806CE', 'po_number': '#049465', 'mode_of_dispatch': '#BD8D43', 'unit_price': '#632967', 'issue_date': '#3A2D25', 'quotation_no': '#5B0E39', 'dimension': '#66820F', 'signature': '#20CCED', 'O': '#0684B4', 'drawer_exporter_seller_beneficiary_issuer_supplier_name': '#94A45B', 'packaging_details': '#B48EF0', 'quantity': '#0807BA', 'vat_no': '#0C7B54', 'original_or_copy': '#10C2CD', 'drawer_ref_no': '#81DDB6', 'drawee_ref_no': '#898325', 'ecc_no': '#86BA96', 'incoterm': '#B752BC', 'item_description': '#56E129', 'transport_condition': '#E4E565', 'drawer_exporter_seller_beneficiary_issuer_supplier_address': '#461170', 'delivery_terms': '#86D9AD', 'tax_amount': '#0E69B6', 'taxes_condition': '#09F6D7', 'warranty_terms': '#025201', 'price_conditions': '#2576B9', 'total_pages': '#33E963', 'stamped': '#F076B0', 'diclaration_by': '#A46D38', 'total_amount_in_figure': '#51CB53', 'unit': '#98DFB1', 'payment_terms': '#F8AC04', 'destination': '#16FA02', 'discount_condition': '#541DE1'}
2024-03-18 12:28:16,151 is result_set is instance of dict? True
2024-03-18 12:28:16,152 is final_result_set is instance of dict? True
2024-03-18 12:28:16,352 Time taken for page 1 of Purchase_Order_By_Opener_229_1.png:0:00:03.410006
2024-03-18 12:28:16,502 *****Generated All Pages****** for Purchase_Order_By_Opener_229_1.png
2024-03-18 12:28:16,502 RAM memory 67.6 used for Purchase_Order_By_Opener_229_1.png Generating All Pages:
2024-03-18 12:28:16,502 Processing time taken for all pages of Purchase_Order_By_Opener_229_1.png1:0:00:03.560408
2024-03-18 12:28:16,655 file name is:Purchase_Order_By_Opener_194_0.png
2024-03-18 12:28:16,655 folder path :Images
2024-03-18 12:28:16,655 Calling Image result
2024-03-18 12:28:16,655 is all_page_result is instance of dict? True
2024-03-18 12:28:16,655 STREAM b'IHDR' 16 13
2024-03-18 12:28:16,655 STREAM b'IDAT' 41 53021
2024-03-18 12:28:16,708 is words is instance of list? True
2024-03-18 12:28:16,708 is bboxes is instance of list? True
2024-03-18 12:28:16,708 is bounding_boxes is instance of list? True
2024-03-18 12:28:16,994 is input_id_chunks is instance of list? True
2024-03-18 12:28:16,994 is mask_chunks is instance of list? True
2024-03-18 12:28:16,994 is bbox_chunks is instance of list? True
2024-03-18 12:28:16,994 is image_chunks is instance of list? True
2024-03-18 12:28:16,995 is input_dict is instance of dict? True
2024-03-18 12:28:19,428 Model Called
2024-03-18 12:28:19,428 RAM memory 67.8 used for Purchase_Order_By_Opener_194_0.png:
2024-03-18 12:28:19,428 is all_predictions is instance of list? True
2024-03-18 12:28:19,428 is all_boxes is instance of list? True
2024-03-18 12:28:19,428 is all_confidences is instance of list? True
2024-03-18 12:28:19,429 is all_text is instance of list? True
2024-03-18 12:28:19,429 is label2id is instance of dict? True
2024-03-18 12:28:19,429 is id2label is instance of dict? True
2024-03-18 12:28:19,430 is label2color is instance of dict? True
2024-03-18 12:28:19,430 label2color : {'total_amount_in_words': '#879AEE', 'freight_and_transportation_information': '#9B8EF0', 'insurance_issuer_name': '#E132C6', 'remitter_drawee_buyer_importer_billto_shippedto_despacthto_name': '#061A41', 'currency': '#5429B8', 'signed_by': '#424925', 'page_no': '#1A6FD0', 'documents_required': '#F0F156', 'tin_no': '#E576E0', 'cst_no': '#532E80', 'remitter_drawee_buyer_importer_billto_shippedto_despacthto_address': '#E0EAED', 'po_number': '#4D3CB2', 'mode_of_dispatch': '#D53713', 'unit_price': '#787ABC', 'issue_date': '#699EE4', 'quotation_no': '#3B4973', 'dimension': '#762BF6', 'signature': '#8A25EF', 'O': '#AB0886', 'drawer_exporter_seller_beneficiary_issuer_supplier_name': '#BAA1CD', 'packaging_details': '#336885', 'quantity': '#B2AB13', 'vat_no': '#425DED', 'original_or_copy': '#D3C840', 'drawer_ref_no': '#58D923', 'drawee_ref_no': '#8B5B3E', 'ecc_no': '#508AFC', 'incoterm': '#843085', 'item_description': '#D7A25C', 'transport_condition': '#F534D4', 'drawer_exporter_seller_beneficiary_issuer_supplier_address': '#2CF560', 'delivery_terms': '#5F86B2', 'tax_amount': '#1DEE7C', 'taxes_condition': '#740D20', 'warranty_terms': '#6FF71D', 'price_conditions': '#B518AD', 'total_pages': '#A82184', 'stamped': '#F79148', 'diclaration_by': '#D48111', 'total_amount_in_figure': '#456EA0', 'unit': '#6D2AE8', 'payment_terms': '#4AA0C6', 'destination': '#BE3356', 'discount_condition': '#312761'}
2024-03-18 12:28:19,630 is result_set is instance of dict? True
2024-03-18 12:28:19,631 is final_result_set is instance of dict? True
2024-03-18 12:28:19,756 Time taken for page 1 of Purchase_Order_By_Opener_194_0.png:0:00:03.100407
2024-03-18 12:28:19,909 *****Generated All Pages****** for Purchase_Order_By_Opener_194_0.png
2024-03-18 12:28:19,910 RAM memory 67.9 used for Purchase_Order_By_Opener_194_0.png Generating All Pages:
2024-03-18 12:28:19,910 Processing time taken for all pages of Purchase_Order_By_Opener_194_0.png1:0:00:03.254601
2024-03-18 12:28:20,020 file name is:Purchase_Order_By_Opener_329_2.png
2024-03-18 12:28:20,020 folder path :Images
2024-03-18 12:28:20,020 Calling Image result
2024-03-18 12:28:20,020 is all_page_result is instance of dict? True
2024-03-18 12:28:20,021 STREAM b'IHDR' 16 13
2024-03-18 12:28:20,021 STREAM b'IDAT' 41 37887
2024-03-18 12:28:20,062 is words is instance of list? True
2024-03-18 12:28:20,062 is bboxes is instance of list? True
2024-03-18 12:28:20,062 is bounding_boxes is instance of list? True
2024-03-18 12:28:20,257 is input_id_chunks is instance of list? True
2024-03-18 12:28:20,257 is mask_chunks is instance of list? True
2024-03-18 12:28:20,257 is bbox_chunks is instance of list? True
2024-03-18 12:28:20,257 is image_chunks is instance of list? True
2024-03-18 12:28:20,257 is input_dict is instance of dict? True
2024-03-18 12:28:21,617 Model Called
2024-03-18 12:28:21,618 RAM memory 67.7 used for Purchase_Order_By_Opener_329_2.png:
2024-03-18 12:28:21,618 is all_predictions is instance of list? True
2024-03-18 12:28:21,618 is all_boxes is instance of list? True
2024-03-18 12:28:21,618 is all_confidences is instance of list? True
2024-03-18 12:28:21,618 is all_text is instance of list? True
2024-03-18 12:28:21,619 is label2id is instance of dict? True
2024-03-18 12:28:21,619 is id2label is instance of dict? True
2024-03-18 12:28:21,620 is label2color is instance of dict? True
2024-03-18 12:28:21,621 label2color : {'total_amount_in_words': '#BF75D7', 'freight_and_transportation_information': '#6FB93C', 'insurance_issuer_name': '#A2C954', 'remitter_drawee_buyer_importer_billto_shippedto_despacthto_name': '#083B98', 'currency': '#60B2B0', 'signed_by': '#B8D52E', 'page_no': '#88FC05', 'documents_required': '#705A08', 'tin_no': '#B46462', 'cst_no': '#CCA8B6', 'remitter_drawee_buyer_importer_billto_shippedto_despacthto_address': '#40EBEE', 'po_number': '#B5AAC7', 'mode_of_dispatch': '#B629FC', 'unit_price': '#0ABA7B', 'issue_date': '#ECA088', 'quotation_no': '#CC9524', 'dimension': '#8E482D', 'signature': '#ECE192', 'O': '#156DBA', 'drawer_exporter_seller_beneficiary_issuer_supplier_name': '#99D611', 'packaging_details': '#0E4066', 'quantity': '#9ED567', 'vat_no': '#20F146', 'original_or_copy': '#F78C87', 'drawer_ref_no': '#15386F', 'drawee_ref_no': '#735D41', 'ecc_no': '#6845B1', 'incoterm': '#196C3A', 'item_description': '#05AEC8', 'transport_condition': '#076C37', 'drawer_exporter_seller_beneficiary_issuer_supplier_address': '#E2EF8D', 'delivery_terms': '#AF74A9', 'tax_amount': '#AC3578', 'taxes_condition': '#5B5EB3', 'warranty_terms': '#E3DF58', 'price_conditions': '#9B3434', 'total_pages': '#06A72F', 'stamped': '#C52E04', 'diclaration_by': '#40C830', 'total_amount_in_figure': '#0C52E7', 'unit': '#1D561A', 'payment_terms': '#6DFBB1', 'destination': '#8E85E6', 'discount_condition': '#92C217'}
2024-03-18 12:28:21,840 is result_set is instance of dict? True
2024-03-18 12:28:21,841 is final_result_set is instance of dict? True
2024-03-18 12:28:22,081 Time taken for page 1 of Purchase_Order_By_Opener_329_2.png:0:00:02.060458
2024-03-18 12:28:22,252 *****Generated All Pages****** for Purchase_Order_By_Opener_329_2.png
2024-03-18 12:28:22,252 RAM memory 67.8 used for Purchase_Order_By_Opener_329_2.png Generating All Pages:
2024-03-18 12:28:22,253 Processing time taken for all pages of Purchase_Order_By_Opener_329_2.png1:0:00:02.232158
2024-03-18 12:28:22,398 file name is:Purchase_Order_By_Opener_203_0.png
2024-03-18 12:28:22,398 folder path :Images
2024-03-18 12:28:22,398 Calling Image result
2024-03-18 12:28:22,398 is all_page_result is instance of dict? True
2024-03-18 12:28:22,398 STREAM b'IHDR' 16 13
2024-03-18 12:28:22,398 STREAM b'IDAT' 41 65536
2024-03-18 12:28:22,427 is words is instance of list? True
2024-03-18 12:28:22,427 is bboxes is instance of list? True
2024-03-18 12:28:22,427 is bounding_boxes is instance of list? True
2024-03-18 12:28:22,602 is input_id_chunks is instance of list? True
2024-03-18 12:28:22,602 is mask_chunks is instance of list? True
2024-03-18 12:28:22,602 is bbox_chunks is instance of list? True
2024-03-18 12:28:22,602 is image_chunks is instance of list? True
2024-03-18 12:28:22,603 is input_dict is instance of dict? True
2024-03-18 12:28:25,369 Model Called
2024-03-18 12:28:25,371 RAM memory 67.8 used for Purchase_Order_By_Opener_203_0.png:
2024-03-18 12:28:25,372 is all_predictions is instance of list? True
2024-03-18 12:28:25,372 is all_boxes is instance of list? True
2024-03-18 12:28:25,373 is all_confidences is instance of list? True
2024-03-18 12:28:25,373 is all_text is instance of list? True
2024-03-18 12:28:25,374 is label2id is instance of dict? True
2024-03-18 12:28:25,375 is id2label is instance of dict? True
2024-03-18 12:28:25,377 is label2color is instance of dict? True
2024-03-18 12:28:25,377 label2color : {'total_amount_in_words': '#5847FD', 'freight_and_transportation_information': '#28593D', 'insurance_issuer_name': '#EFBFE7', 'remitter_drawee_buyer_importer_billto_shippedto_despacthto_name': '#548BE3', 'currency': '#1678C4', 'signed_by': '#7815E8', 'page_no': '#CD8E31', 'documents_required': '#50C358', 'tin_no': '#0F00E3', 'cst_no': '#18DCE2', 'remitter_drawee_buyer_importer_billto_shippedto_despacthto_address': '#1EEF6E', 'po_number': '#0EA650', 'mode_of_dispatch': '#3E46B4', 'unit_price': '#A770BB', 'issue_date': '#7E0EC2', 'quotation_no': '#AFA038', 'dimension': '#15ED03', 'signature': '#569233', 'O': '#8A95CF', 'drawer_exporter_seller_beneficiary_issuer_supplier_name': '#957A67', 'packaging_details': '#17505D', 'quantity': '#91BC70', 'vat_no': '#17D906', 'original_or_copy': '#C6F5A8', 'drawer_ref_no': '#454C4D', 'drawee_ref_no': '#967551', 'ecc_no': '#A2302F', 'incoterm': '#85C84F', 'item_description': '#21CFEC', 'transport_condition': '#CE2E9C', 'drawer_exporter_seller_beneficiary_issuer_supplier_address': '#DC6E0C', 'delivery_terms': '#B569A2', 'tax_amount': '#0F5A45', 'taxes_condition': '#B2B9CF', 'warranty_terms': '#C83176', 'price_conditions': '#67A814', 'total_pages': '#14E150', 'stamped': '#D2DEAA', 'diclaration_by': '#28DA92', 'total_amount_in_figure': '#EA4905', 'unit': '#163945', 'payment_terms': '#F026A9', 'destination': '#718EBB', 'discount_condition': '#84D0D8'}
2024-03-18 12:28:25,549 is result_set is instance of dict? True
2024-03-18 12:28:25,549 is final_result_set is instance of dict? True
2024-03-18 12:28:25,713 Time taken for page 1 of Purchase_Order_By_Opener_203_0.png:0:00:03.314635
2024-03-18 12:28:25,848 *****Generated All Pages****** for Purchase_Order_By_Opener_203_0.png
2024-03-18 12:28:25,848 RAM memory 68.0 used for Purchase_Order_By_Opener_203_0.png Generating All Pages:
2024-03-18 12:28:25,849 Processing time taken for all pages of Purchase_Order_By_Opener_203_0.png1:0:00:03.450745
2024-03-18 12:28:26,031 file name is:Purchase_Order_By_Opener_270_0.png
2024-03-18 12:28:26,032 folder path :Images
2024-03-18 12:28:26,032 Calling Image result
2024-03-18 12:28:26,032 is all_page_result is instance of dict? True
2024-03-18 12:28:26,032 STREAM b'IHDR' 16 13
2024-03-18 12:28:26,032 STREAM b'IDAT' 41 56562
2024-03-18 12:28:26,085 is words is instance of list? True
2024-03-18 12:28:26,085 is bboxes is instance of list? True
2024-03-18 12:28:26,085 is bounding_boxes is instance of list? True
2024-03-18 12:28:26,403 is input_id_chunks is instance of list? True
2024-03-18 12:28:26,403 is mask_chunks is instance of list? True
2024-03-18 12:28:26,403 is bbox_chunks is instance of list? True
2024-03-18 12:28:26,403 is image_chunks is instance of list? True
2024-03-18 12:28:26,404 is input_dict is instance of dict? True
2024-03-18 12:28:29,626 Model Called
2024-03-18 12:28:29,627 RAM memory 67.1 used for Purchase_Order_By_Opener_270_0.png:
2024-03-18 12:28:29,627 is all_predictions is instance of list? True
2024-03-18 12:28:29,627 is all_boxes is instance of list? True
2024-03-18 12:28:29,627 is all_confidences is instance of list? True
2024-03-18 12:28:29,627 is all_text is instance of list? True
2024-03-18 12:28:29,627 is label2id is instance of dict? True
2024-03-18 12:28:29,627 is id2label is instance of dict? True
2024-03-18 12:28:29,628 is label2color is instance of dict? True
2024-03-18 12:28:29,628 label2color : {'total_amount_in_words': '#59034F', 'freight_and_transportation_information': '#E0DF08', 'insurance_issuer_name': '#23F23C', 'remitter_drawee_buyer_importer_billto_shippedto_despacthto_name': '#17A4D8', 'currency': '#DE1680', 'signed_by': '#88DF6B', 'page_no': '#6A01C4', 'documents_required': '#83E43D', 'tin_no': '#BC970A', 'cst_no': '#EBFFD9', 'remitter_drawee_buyer_importer_billto_shippedto_despacthto_address': '#817269', 'po_number': '#156685', 'mode_of_dispatch': '#B91E11', 'unit_price': '#497C94', 'issue_date': '#D08761', 'quotation_no': '#CDF1AF', 'dimension': '#2CD89F', 'signature': '#66C998', 'O': '#97B0C1', 'drawer_exporter_seller_beneficiary_issuer_supplier_name': '#056A06', 'packaging_details': '#5C0267', 'quantity': '#61D34F', 'vat_no': '#4A394C', 'original_or_copy': '#9E3199', 'drawer_ref_no': '#01F9E8', 'drawee_ref_no': '#3DA7A6', 'ecc_no': '#4FC9E6', 'incoterm': '#12D967', 'item_description': '#1D8D3D', 'transport_condition': '#6F74AD', 'drawer_exporter_seller_beneficiary_issuer_supplier_address': '#6010D3', 'delivery_terms': '#9EE98E', 'tax_amount': '#FF2DAB', 'taxes_condition': '#D6EBBF', 'warranty_terms': '#982F9F', 'price_conditions': '#027125', 'total_pages': '#3E0665', 'stamped': '#E92194', 'diclaration_by': '#665157', 'total_amount_in_figure': '#0605B0', 'unit': '#9166AD', 'payment_terms': '#826745', 'destination': '#2947A3', 'discount_condition': '#ED70F7'}
2024-03-18 12:28:29,948 is result_set is instance of dict? True
2024-03-18 12:28:29,948 is final_result_set is instance of dict? True
2024-03-18 12:28:30,145 Time taken for page 1 of Purchase_Order_By_Opener_270_0.png:0:00:04.112592
2024-03-18 12:28:30,337 *****Generated All Pages****** for Purchase_Order_By_Opener_270_0.png
2024-03-18 12:28:30,337 RAM memory 67.3 used for Purchase_Order_By_Opener_270_0.png Generating All Pages:
2024-03-18 12:28:30,337 Processing time taken for all pages of Purchase_Order_By_Opener_270_0.png1:0:00:04.305738
2024-03-18 12:28:30,485 file name is:Purchase_Order_By_Opener_329_0.png
2024-03-18 12:28:30,485 folder path :Images
2024-03-18 12:28:30,485 Calling Image result
2024-03-18 12:28:30,485 is all_page_result is instance of dict? True
2024-03-18 12:28:30,486 STREAM b'IHDR' 16 13
2024-03-18 12:28:30,486 STREAM b'IDAT' 41 35898
2024-03-18 12:28:30,535 is words is instance of list? True
2024-03-18 12:28:30,535 is bboxes is instance of list? True
2024-03-18 12:28:30,535 is bounding_boxes is instance of list? True
2024-03-18 12:28:30,819 is input_id_chunks is instance of list? True
2024-03-18 12:28:30,820 is mask_chunks is instance of list? True
2024-03-18 12:28:30,820 is bbox_chunks is instance of list? True
2024-03-18 12:28:30,820 is image_chunks is instance of list? True
2024-03-18 12:28:30,820 is input_dict is instance of dict? True
2024-03-18 12:28:32,295 Model Called
2024-03-18 12:28:32,296 RAM memory 66.5 used for Purchase_Order_By_Opener_329_0.png:
2024-03-18 12:28:32,296 is all_predictions is instance of list? True
2024-03-18 12:28:32,296 is all_boxes is instance of list? True
2024-03-18 12:28:32,296 is all_confidences is instance of list? True
2024-03-18 12:28:32,296 is all_text is instance of list? True
2024-03-18 12:28:32,296 is label2id is instance of dict? True
2024-03-18 12:28:32,296 is id2label is instance of dict? True
2024-03-18 12:28:32,297 is label2color is instance of dict? True
2024-03-18 12:28:32,297 label2color : {'total_amount_in_words': '#BE9917', 'freight_and_transportation_information': '#B8F2AF', 'insurance_issuer_name': '#4BF997', 'remitter_drawee_buyer_importer_billto_shippedto_despacthto_name': '#C5CE8E', 'currency': '#FFD229', 'signed_by': '#A57985', 'page_no': '#C23551', 'documents_required': '#98053A', 'tin_no': '#23CCA7', 'cst_no': '#AA09EF', 'remitter_drawee_buyer_importer_billto_shippedto_despacthto_address': '#F83F9A', 'po_number': '#2E3F7F', 'mode_of_dispatch': '#F51D5D', 'unit_price': '#F2E31C', 'issue_date': '#DFCA03', 'quotation_no': '#AA99A2', 'dimension': '#A7A393', 'signature': '#C7A3E2', 'O': '#704D43', 'drawer_exporter_seller_beneficiary_issuer_supplier_name': '#AFDAF0', 'packaging_details': '#5AD83C', 'quantity': '#57C71C', 'vat_no': '#280E81', 'original_or_copy': '#79B17F', 'drawer_ref_no': '#6D66C6', 'drawee_ref_no': '#896CEE', 'ecc_no': '#4618AF', 'incoterm': '#0DD5F9', 'item_description': '#F1F652', 'transport_condition': '#19A3FE', 'drawer_exporter_seller_beneficiary_issuer_supplier_address': '#0917A5', 'delivery_terms': '#7C3611', 'tax_amount': '#99A979', 'taxes_condition': '#7FD8E0', 'warranty_terms': '#D5EED7', 'price_conditions': '#1F493D', 'total_pages': '#8851CC', 'stamped': '#0B7A82', 'diclaration_by': '#681058', 'total_amount_in_figure': '#1AF971', 'unit': '#845BC5', 'payment_terms': '#B1F5F4', 'destination': '#13700D', 'discount_condition': '#A98236'}
2024-03-18 12:28:32,421 is result_set is instance of dict? True
2024-03-18 12:28:32,422 is final_result_set is instance of dict? True
2024-03-18 12:28:32,564 Time taken for page 1 of Purchase_Order_By_Opener_329_0.png:0:00:02.078013
2024-03-18 12:28:32,690 *****Generated All Pages****** for Purchase_Order_By_Opener_329_0.png
2024-03-18 12:28:32,690 RAM memory 66.5 used for Purchase_Order_By_Opener_329_0.png Generating All Pages:
2024-03-18 12:28:32,690 Processing time taken for all pages of Purchase_Order_By_Opener_329_0.png1:0:00:02.204615
2024-03-18 12:28:32,799 file name is:Purchase_Order_By_Opener_242_0.png
2024-03-18 12:28:32,799 folder path :Images
2024-03-18 12:28:32,799 Calling Image result
2024-03-18 12:28:32,799 is all_page_result is instance of dict? True
2024-03-18 12:28:32,800 STREAM b'IHDR' 16 13
2024-03-18 12:28:32,800 STREAM b'IDAT' 41 65536
2024-03-18 12:28:32,839 is words is instance of list? True
2024-03-18 12:28:32,840 is bboxes is instance of list? True
2024-03-18 12:28:32,840 is bounding_boxes is instance of list? True
2024-03-18 12:28:33,074 is input_id_chunks is instance of list? True
2024-03-18 12:28:33,074 is mask_chunks is instance of list? True
2024-03-18 12:28:33,074 is bbox_chunks is instance of list? True
2024-03-18 12:28:33,074 is image_chunks is instance of list? True
2024-03-18 12:28:33,075 is input_dict is instance of dict? True
2024-03-18 12:28:35,790 Model Called
2024-03-18 12:28:35,791 RAM memory 67.5 used for Purchase_Order_By_Opener_242_0.png:
2024-03-18 12:28:35,791 is all_predictions is instance of list? True
2024-03-18 12:28:35,791 is all_boxes is instance of list? True
2024-03-18 12:28:35,791 is all_confidences is instance of list? True
2024-03-18 12:28:35,791 is all_text is instance of list? True
2024-03-18 12:28:35,791 is label2id is instance of dict? True
2024-03-18 12:28:35,791 is id2label is instance of dict? True
2024-03-18 12:28:35,792 is label2color is instance of dict? True
2024-03-18 12:28:35,792 label2color : {'total_amount_in_words': '#4F1A73', 'freight_and_transportation_information': '#876697', 'insurance_issuer_name': '#42DD26', 'remitter_drawee_buyer_importer_billto_shippedto_despacthto_name': '#ACA5F4', 'currency': '#7D0289', 'signed_by': '#A4C2D6', 'page_no': '#14F655', 'documents_required': '#EC13CA', 'tin_no': '#3404EA', 'cst_no': '#A5E971', 'remitter_drawee_buyer_importer_billto_shippedto_despacthto_address': '#4EF9E9', 'po_number': '#BDCDDA', 'mode_of_dispatch': '#822359', 'unit_price': '#63AF8F', 'issue_date': '#56B646', 'quotation_no': '#70865B', 'dimension': '#74D9F8', 'signature': '#9C12DE', 'O': '#BCAD8D', 'drawer_exporter_seller_beneficiary_issuer_supplier_name': '#0ECBCD', 'packaging_details': '#28EEB6', 'quantity': '#3CA716', 'vat_no': '#1BE217', 'original_or_copy': '#234F83', 'drawer_ref_no': '#33506E', 'drawee_ref_no': '#897A72', 'ecc_no': '#B46BAD', 'incoterm': '#33CE21', 'item_description': '#A7742A', 'transport_condition': '#526A82', 'drawer_exporter_seller_beneficiary_issuer_supplier_address': '#0806F9', 'delivery_terms': '#9D1406', 'tax_amount': '#5EA2CE', 'taxes_condition': '#98A05C', 'warranty_terms': '#7EFB6E', 'price_conditions': '#80C9EB', 'total_pages': '#6CF3EC', 'stamped': '#40E31B', 'diclaration_by': '#97E7DB', 'total_amount_in_figure': '#7AE401', 'unit': '#0E6400', 'payment_terms': '#FCC72C', 'destination': '#FE1A53', 'discount_condition': '#8DB1F6'}
2024-03-18 12:28:35,996 is result_set is instance of dict? True
2024-03-18 12:28:35,998 is final_result_set is instance of dict? True
2024-03-18 12:28:36,163 Time taken for page 1 of Purchase_Order_By_Opener_242_0.png:0:00:03.363528
2024-03-18 12:28:36,288 *****Generated All Pages****** for Purchase_Order_By_Opener_242_0.png
2024-03-18 12:28:36,289 RAM memory 67.5 used for Purchase_Order_By_Opener_242_0.png Generating All Pages:
2024-03-18 12:28:36,289 Processing time taken for all pages of Purchase_Order_By_Opener_242_0.png1:0:00:03.489237
2024-03-18 12:28:36,413 file name is:Purchase_Order_By_Opener_202_0.png
2024-03-18 12:28:36,413 folder path :Images
2024-03-18 12:28:36,413 Calling Image result
2024-03-18 12:28:36,413 is all_page_result is instance of dict? True
2024-03-18 12:28:36,414 STREAM b'IHDR' 16 13
2024-03-18 12:28:36,414 STREAM b'IDAT' 41 55916
2024-03-18 12:28:36,454 is words is instance of list? True
2024-03-18 12:28:36,454 is bboxes is instance of list? True
2024-03-18 12:28:36,454 is bounding_boxes is instance of list? True
2024-03-18 12:28:36,669 is input_id_chunks is instance of list? True
2024-03-18 12:28:36,670 is mask_chunks is instance of list? True
2024-03-18 12:28:36,670 is bbox_chunks is instance of list? True
2024-03-18 12:28:36,670 is image_chunks is instance of list? True
2024-03-18 12:28:36,670 is input_dict is instance of dict? True
2024-03-18 12:28:39,609 Model Called
2024-03-18 12:28:39,609 RAM memory 67.9 used for Purchase_Order_By_Opener_202_0.png:
2024-03-18 12:28:39,610 is all_predictions is instance of list? True
2024-03-18 12:28:39,610 is all_boxes is instance of list? True
2024-03-18 12:28:39,610 is all_confidences is instance of list? True
2024-03-18 12:28:39,610 is all_text is instance of list? True
2024-03-18 12:28:39,610 is label2id is instance of dict? True
2024-03-18 12:28:39,611 is id2label is instance of dict? True
2024-03-18 12:28:39,613 is label2color is instance of dict? True
2024-03-18 12:28:39,613 label2color : {'total_amount_in_words': '#D9EC63', 'freight_and_transportation_information': '#B7CCA0', 'insurance_issuer_name': '#5E1F5A', 'remitter_drawee_buyer_importer_billto_shippedto_despacthto_name': '#09D79C', 'currency': '#666FC6', 'signed_by': '#0CC287', 'page_no': '#42946A', 'documents_required': '#9083F3', 'tin_no': '#D07805', 'cst_no': '#B3ED4F', 'remitter_drawee_buyer_importer_billto_shippedto_despacthto_address': '#126DE0', 'po_number': '#1AD094', 'mode_of_dispatch': '#1255F9', 'unit_price': '#AFA16B', 'issue_date': '#5C1A60', 'quotation_no': '#A7164E', 'dimension': '#A1E299', 'signature': '#E1AB0E', 'O': '#0B77BD', 'drawer_exporter_seller_beneficiary_issuer_supplier_name': '#CB9482', 'packaging_details': '#79AFCC', 'quantity': '#FAFED6', 'vat_no': '#10E56A', 'original_or_copy': '#8BC783', 'drawer_ref_no': '#AADAF5', 'drawee_ref_no': '#12C002', 'ecc_no': '#C383CB', 'incoterm': '#3CEE45', 'item_description': '#9756DE', 'transport_condition': '#042644', 'drawer_exporter_seller_beneficiary_issuer_supplier_address': '#3831CE', 'delivery_terms': '#571180', 'tax_amount': '#FFE375', 'taxes_condition': '#7D8B56', 'warranty_terms': '#ADC113', 'price_conditions': '#4BF0C7', 'total_pages': '#E437FC', 'stamped': '#770F7D', 'diclaration_by': '#D8B651', 'total_amount_in_figure': '#74F6FA', 'unit': '#9EC032', 'payment_terms': '#E7E47E', 'destination': '#5DE55E', 'discount_condition': '#5FF71D'}
2024-03-18 12:28:39,975 is result_set is instance of dict? True
2024-03-18 12:28:39,978 is final_result_set is instance of dict? True
2024-03-18 12:28:40,425 Time taken for page 1 of Purchase_Order_By_Opener_202_0.png:0:00:04.011210
2024-03-18 12:28:40,575 *****Generated All Pages****** for Purchase_Order_By_Opener_202_0.png
2024-03-18 12:28:40,575 RAM memory 67.9 used for Purchase_Order_By_Opener_202_0.png Generating All Pages:
2024-03-18 12:28:40,575 Processing time taken for all pages of Purchase_Order_By_Opener_202_0.png1:0:00:04.161725
2024-03-18 12:28:40,697 file name is:Purchase_Order_By_Opener_345_8.png
2024-03-18 12:28:40,697 folder path :Images
2024-03-18 12:28:40,697 Calling Image result
2024-03-18 12:28:40,697 is all_page_result is instance of dict? True
2024-03-18 12:28:40,697 STREAM b'IHDR' 16 13
2024-03-18 12:28:40,697 STREAM b'IDAT' 41 47377
2024-03-18 12:28:40,741 is words is instance of list? True
2024-03-18 12:28:40,742 is bboxes is instance of list? True
2024-03-18 12:28:40,742 is bounding_boxes is instance of list? True
2024-03-18 12:28:41,019 is input_id_chunks is instance of list? True
2024-03-18 12:28:41,019 is mask_chunks is instance of list? True
2024-03-18 12:28:41,019 is bbox_chunks is instance of list? True
2024-03-18 12:28:41,019 is image_chunks is instance of list? True
2024-03-18 12:28:41,020 is input_dict is instance of dict? True
2024-03-18 12:28:43,598 Model Called
2024-03-18 12:28:43,598 RAM memory 67.8 used for Purchase_Order_By_Opener_345_8.png:
2024-03-18 12:28:43,598 is all_predictions is instance of list? True
2024-03-18 12:28:43,598 is all_boxes is instance of list? True
2024-03-18 12:28:43,598 is all_confidences is instance of list? True
2024-03-18 12:28:43,598 is all_text is instance of list? True
2024-03-18 12:28:43,599 is label2id is instance of dict? True
2024-03-18 12:28:43,599 is id2label is instance of dict? True
2024-03-18 12:28:43,600 is label2color is instance of dict? True
2024-03-18 12:28:43,600 label2color : {'total_amount_in_words': '#40AD0C', 'freight_and_transportation_information': '#23605E', 'insurance_issuer_name': '#BC2454', 'remitter_drawee_buyer_importer_billto_shippedto_despacthto_name': '#601B11', 'currency': '#01D5D2', 'signed_by': '#905833', 'page_no': '#598D46', 'documents_required': '#3AA06F', 'tin_no': '#27FF61', 'cst_no': '#9A1FA0', 'remitter_drawee_buyer_importer_billto_shippedto_despacthto_address': '#5AA0A1', 'po_number': '#D481A2', 'mode_of_dispatch': '#4458DE', 'unit_price': '#688F3A', 'issue_date': '#890F87', 'quotation_no': '#9238C6', 'dimension': '#82E922', 'signature': '#9D5759', 'O': '#031F34', 'drawer_exporter_seller_beneficiary_issuer_supplier_name': '#86F068', 'packaging_details': '#840752', 'quantity': '#1ABEAE', 'vat_no': '#F39BD8', 'original_or_copy': '#0A28C8', 'drawer_ref_no': '#5B0BD6', 'drawee_ref_no': '#89A46C', 'ecc_no': '#2D59E7', 'incoterm': '#C51810', 'item_description': '#236C3B', 'transport_condition': '#81B4A4', 'drawer_exporter_seller_beneficiary_issuer_supplier_address': '#72FE4E', 'delivery_terms': '#421FBD', 'tax_amount': '#F9F7D6', 'taxes_condition': '#7915F6', 'warranty_terms': '#320E39', 'price_conditions': '#1A39F2', 'total_pages': '#B8BF9D', 'stamped': '#F4BB5E', 'diclaration_by': '#F1A132', 'total_amount_in_figure': '#4A5289', 'unit': '#6F72A3', 'payment_terms': '#C2C259', 'destination': '#B4FA25', 'discount_condition': '#46BB2F'}
2024-03-18 12:28:43,824 is result_set is instance of dict? True
2024-03-18 12:28:43,825 is final_result_set is instance of dict? True
2024-03-18 12:28:44,076 Time taken for page 1 of Purchase_Order_By_Opener_345_8.png:0:00:03.379025
2024-03-18 12:28:44,216 *****Generated All Pages****** for Purchase_Order_By_Opener_345_8.png
2024-03-18 12:28:44,216 RAM memory 67.8 used for Purchase_Order_By_Opener_345_8.png Generating All Pages:
2024-03-18 12:28:44,216 Processing time taken for all pages of Purchase_Order_By_Opener_345_8.png1:0:00:03.519041
2024-03-18 12:28:44,368 file name is:Purchase_Order_By_Opener_218_1.png
2024-03-18 12:28:44,368 folder path :Images
2024-03-18 12:28:44,368 Calling Image result
2024-03-18 12:28:44,368 is all_page_result is instance of dict? True
2024-03-18 12:28:44,368 STREAM b'IHDR' 16 13
2024-03-18 12:28:44,368 STREAM b'IDAT' 41 65536
2024-03-18 12:28:44,419 is words is instance of list? True
2024-03-18 12:28:44,419 is bboxes is instance of list? True
2024-03-18 12:28:44,419 is bounding_boxes is instance of list? True
2024-03-18 12:28:44,640 is input_id_chunks is instance of list? True
2024-03-18 12:28:44,641 is mask_chunks is instance of list? True
2024-03-18 12:28:44,641 is bbox_chunks is instance of list? True
2024-03-18 12:28:44,641 is image_chunks is instance of list? True
2024-03-18 12:28:44,641 is input_dict is instance of dict? True
2024-03-18 12:28:47,337 Model Called
2024-03-18 12:28:47,337 RAM memory 67.6 used for Purchase_Order_By_Opener_218_1.png:
2024-03-18 12:28:47,337 is all_predictions is instance of list? True
2024-03-18 12:28:47,337 is all_boxes is instance of list? True
2024-03-18 12:28:47,337 is all_confidences is instance of list? True
2024-03-18 12:28:47,337 is all_text is instance of list? True
2024-03-18 12:28:47,338 is label2id is instance of dict? True
2024-03-18 12:28:47,338 is id2label is instance of dict? True
2024-03-18 12:28:47,339 is label2color is instance of dict? True
2024-03-18 12:28:47,339 label2color : {'total_amount_in_words': '#0128AF', 'freight_and_transportation_information': '#5BA068', 'insurance_issuer_name': '#D072DD', 'remitter_drawee_buyer_importer_billto_shippedto_despacthto_name': '#E38FF5', 'currency': '#83927A', 'signed_by': '#A83B37', 'page_no': '#6D9590', 'documents_required': '#E4365C', 'tin_no': '#F8E404', 'cst_no': '#9E9A51', 'remitter_drawee_buyer_importer_billto_shippedto_despacthto_address': '#DBB16E', 'po_number': '#8E1F36', 'mode_of_dispatch': '#BEE020', 'unit_price': '#72A433', 'issue_date': '#5BED7F', 'quotation_no': '#C4A82B', 'dimension': '#B6BF98', 'signature': '#E46625', 'O': '#CEF3BE', 'drawer_exporter_seller_beneficiary_issuer_supplier_name': '#231DD0', 'packaging_details': '#E6A6DD', 'quantity': '#AE9164', 'vat_no': '#4110ED', 'original_or_copy': '#2442C3', 'drawer_ref_no': '#6314AF', 'drawee_ref_no': '#0C82B0', 'ecc_no': '#BA0064', 'incoterm': '#5255D3', 'item_description': '#A220D4', 'transport_condition': '#6CD009', 'drawer_exporter_seller_beneficiary_issuer_supplier_address': '#FB3782', 'delivery_terms': '#21F75C', 'tax_amount': '#5AB09F', 'taxes_condition': '#2537D0', 'warranty_terms': '#7BDEF3', 'price_conditions': '#DAAB3A', 'total_pages': '#3A12A1', 'stamped': '#C52234', 'diclaration_by': '#841B56', 'total_amount_in_figure': '#B51F62', 'unit': '#97AE18', 'payment_terms': '#0AB142', 'destination': '#04EBB7', 'discount_condition': '#060F6D'}
2024-03-18 12:28:47,559 is result_set is instance of dict? True
2024-03-18 12:28:47,560 is final_result_set is instance of dict? True
2024-03-18 12:28:47,672 Time taken for page 1 of Purchase_Order_By_Opener_218_1.png:0:00:03.303475
2024-03-18 12:28:47,805 *****Generated All Pages****** for Purchase_Order_By_Opener_218_1.png
2024-03-18 12:28:47,805 RAM memory 67.7 used for Purchase_Order_By_Opener_218_1.png Generating All Pages:
2024-03-18 12:28:47,805 Processing time taken for all pages of Purchase_Order_By_Opener_218_1.png1:0:00:03.437178
2024-03-18 12:28:47,936 file name is:Purchase_Order_By_Opener_254_0.png
2024-03-18 12:28:47,936 folder path :Images
2024-03-18 12:28:47,936 Calling Image result
2024-03-18 12:28:47,936 is all_page_result is instance of dict? True
2024-03-18 12:28:47,936 STREAM b'IHDR' 16 13
2024-03-18 12:28:47,936 STREAM b'IDAT' 41 47894
2024-03-18 12:28:47,988 is words is instance of list? True
2024-03-18 12:28:47,988 is bboxes is instance of list? True
2024-03-18 12:28:47,988 is bounding_boxes is instance of list? True
2024-03-18 12:28:48,207 is input_id_chunks is instance of list? True
2024-03-18 12:28:48,207 is mask_chunks is instance of list? True
2024-03-18 12:28:48,207 is bbox_chunks is instance of list? True
2024-03-18 12:28:48,207 is image_chunks is instance of list? True
2024-03-18 12:28:48,208 is input_dict is instance of dict? True
2024-03-18 12:28:49,792 Model Called
2024-03-18 12:28:49,792 RAM memory 65.9 used for Purchase_Order_By_Opener_254_0.png:
2024-03-18 12:28:49,792 is all_predictions is instance of list? True
2024-03-18 12:28:49,792 is all_boxes is instance of list? True
2024-03-18 12:28:49,792 is all_confidences is instance of list? True
2024-03-18 12:28:49,792 is all_text is instance of list? True
2024-03-18 12:28:49,793 is label2id is instance of dict? True
2024-03-18 12:28:49,793 is id2label is instance of dict? True
2024-03-18 12:28:49,794 is label2color is instance of dict? True
2024-03-18 12:28:49,794 label2color : {'total_amount_in_words': '#3BDE69', 'freight_and_transportation_information': '#FDECA9', 'insurance_issuer_name': '#EDF96A', 'remitter_drawee_buyer_importer_billto_shippedto_despacthto_name': '#6F3320', 'currency': '#4ED807', 'signed_by': '#C6672D', 'page_no': '#F27CB9', 'documents_required': '#6588ED', 'tin_no': '#E67103', 'cst_no': '#9B7F6C', 'remitter_drawee_buyer_importer_billto_shippedto_despacthto_address': '#4195DA', 'po_number': '#0055DB', 'mode_of_dispatch': '#BF8355', 'unit_price': '#4D1CC3', 'issue_date': '#A14A41', 'quotation_no': '#FC2404', 'dimension': '#0ECB4F', 'signature': '#880F5D', 'O': '#3BD24C', 'drawer_exporter_seller_beneficiary_issuer_supplier_name': '#A5A0A9', 'packaging_details': '#D9D94E', 'quantity': '#2BCF52', 'vat_no': '#0BD019', 'original_or_copy': '#169386', 'drawer_ref_no': '#DB5D61', 'drawee_ref_no': '#DC6D94', 'ecc_no': '#330BED', 'incoterm': '#9EA1E5', 'item_description': '#251218', 'transport_condition': '#36F26D', 'drawer_exporter_seller_beneficiary_issuer_supplier_address': '#3302E4', 'delivery_terms': '#ABD1FC', 'tax_amount': '#59462F', 'taxes_condition': '#C612D7', 'warranty_terms': '#8B6A20', 'price_conditions': '#5CFF37', 'total_pages': '#5E93A2', 'stamped': '#C405B7', 'diclaration_by': '#616886', 'total_amount_in_figure': '#4285ED', 'unit': '#9B3540', 'payment_terms': '#A40859', 'destination': '#D05D1C', 'discount_condition': '#76875C'}
2024-03-18 12:28:49,925 is result_set is instance of dict? True
2024-03-18 12:28:49,926 is final_result_set is instance of dict? True
2024-03-18 12:28:50,193 Time taken for page 1 of Purchase_Order_By_Opener_254_0.png:0:00:02.256995
2024-03-18 12:28:50,308 *****Generated All Pages****** for Purchase_Order_By_Opener_254_0.png
2024-03-18 12:28:50,309 RAM memory 65.9 used for Purchase_Order_By_Opener_254_0.png Generating All Pages:
2024-03-18 12:28:50,309 Processing time taken for all pages of Purchase_Order_By_Opener_254_0.png1:0:00:02.372557
2024-03-18 12:28:50,422 file name is:Purchase_Order_By_Opener_256_0.png
2024-03-18 12:28:50,423 folder path :Images
2024-03-18 12:28:50,423 Calling Image result
2024-03-18 12:28:50,423 is all_page_result is instance of dict? True
2024-03-18 12:28:50,423 STREAM b'IHDR' 16 13
2024-03-18 12:28:50,423 STREAM b'IDAT' 41 34792
2024-03-18 12:28:50,461 is words is instance of list? True
2024-03-18 12:28:50,461 is bboxes is instance of list? True
2024-03-18 12:28:50,461 is bounding_boxes is instance of list? True
2024-03-18 12:28:50,665 is input_id_chunks is instance of list? True
2024-03-18 12:28:50,666 is mask_chunks is instance of list? True
2024-03-18 12:28:50,666 is bbox_chunks is instance of list? True
2024-03-18 12:28:50,666 is image_chunks is instance of list? True
2024-03-18 12:28:50,666 is input_dict is instance of dict? True
2024-03-18 12:28:52,450 Model Called
2024-03-18 12:28:52,450 RAM memory 65.9 used for Purchase_Order_By_Opener_256_0.png:
2024-03-18 12:28:52,450 is all_predictions is instance of list? True
2024-03-18 12:28:52,450 is all_boxes is instance of list? True
2024-03-18 12:28:52,450 is all_confidences is instance of list? True
2024-03-18 12:28:52,450 is all_text is instance of list? True
2024-03-18 12:28:52,451 is label2id is instance of dict? True
2024-03-18 12:28:52,451 is id2label is instance of dict? True
2024-03-18 12:28:52,452 is label2color is instance of dict? True
2024-03-18 12:28:52,452 label2color : {'total_amount_in_words': '#2A04E9', 'freight_and_transportation_information': '#E38C4B', 'insurance_issuer_name': '#232A26', 'remitter_drawee_buyer_importer_billto_shippedto_despacthto_name': '#CEDF39', 'currency': '#937206', 'signed_by': '#D978C0', 'page_no': '#181EF6', 'documents_required': '#AA5B07', 'tin_no': '#E9D8EA', 'cst_no': '#F7C0ED', 'remitter_drawee_buyer_importer_billto_shippedto_despacthto_address': '#20C966', 'po_number': '#91B627', 'mode_of_dispatch': '#F74705', 'unit_price': '#4B5E35', 'issue_date': '#063583', 'quotation_no': '#1B7322', 'dimension': '#C13F57', 'signature': '#A78F71', 'O': '#2134C8', 'drawer_exporter_seller_beneficiary_issuer_supplier_name': '#8828C6', 'packaging_details': '#1C66E7', 'quantity': '#1AF60F', 'vat_no': '#8A2596', 'original_or_copy': '#F0ADB4', 'drawer_ref_no': '#D19ADD', 'drawee_ref_no': '#1DE92B', 'ecc_no': '#D2B955', 'incoterm': '#E49996', 'item_description': '#7D50FD', 'transport_condition': '#D23DAD', 'drawer_exporter_seller_beneficiary_issuer_supplier_address': '#CEC423', 'delivery_terms': '#35303A', 'tax_amount': '#ED0724', 'taxes_condition': '#954125', 'warranty_terms': '#65BE9A', 'price_conditions': '#9C76A6', 'total_pages': '#37527D', 'stamped': '#FD3E08', 'diclaration_by': '#180177', 'total_amount_in_figure': '#209E7E', 'unit': '#0E20FA', 'payment_terms': '#79E77B', 'destination': '#17F895', 'discount_condition': '#C51178'}
2024-03-18 12:28:52,627 is result_set is instance of dict? True
2024-03-18 12:28:52,628 is final_result_set is instance of dict? True
2024-03-18 12:28:52,823 Time taken for page 1 of Purchase_Order_By_Opener_256_0.png:0:00:02.400184
2024-03-18 12:28:52,955 *****Generated All Pages****** for Purchase_Order_By_Opener_256_0.png
2024-03-18 12:28:52,956 RAM memory 65.6 used for Purchase_Order_By_Opener_256_0.png Generating All Pages:
2024-03-18 12:28:52,956 Processing time taken for all pages of Purchase_Order_By_Opener_256_0.png1:0:00:02.533071
2024-03-18 12:28:53,079 file name is:Purchase_Order_By_Opener_346_1.png
2024-03-18 12:28:53,079 folder path :Images
2024-03-18 12:28:53,079 Calling Image result
2024-03-18 12:28:53,079 is all_page_result is instance of dict? True
2024-03-18 12:28:53,079 STREAM b'IHDR' 16 13
2024-03-18 12:28:53,079 STREAM b'IDAT' 41 41600
2024-03-18 12:28:53,152 is words is instance of list? True
2024-03-18 12:28:53,152 is bboxes is instance of list? True
2024-03-18 12:28:53,152 is bounding_boxes is instance of list? True
2024-03-18 12:28:53,381 is input_id_chunks is instance of list? True
2024-03-18 12:28:53,381 is mask_chunks is instance of list? True
2024-03-18 12:28:53,381 is bbox_chunks is instance of list? True
2024-03-18 12:28:53,381 is image_chunks is instance of list? True
2024-03-18 12:28:53,381 is input_dict is instance of dict? True
2024-03-18 12:28:54,583 Model Called
2024-03-18 12:28:54,584 RAM memory 65.6 used for Purchase_Order_By_Opener_346_1.png:
2024-03-18 12:28:54,584 is all_predictions is instance of list? True
2024-03-18 12:28:54,584 is all_boxes is instance of list? True
2024-03-18 12:28:54,584 is all_confidences is instance of list? True
2024-03-18 12:28:54,584 is all_text is instance of list? True
2024-03-18 12:28:54,584 is label2id is instance of dict? True
2024-03-18 12:28:54,584 is id2label is instance of dict? True
2024-03-18 12:28:54,586 is label2color is instance of dict? True
2024-03-18 12:28:54,586 label2color : {'total_amount_in_words': '#81BDEB', 'freight_and_transportation_information': '#3B100F', 'insurance_issuer_name': '#C0A683', 'remitter_drawee_buyer_importer_billto_shippedto_despacthto_name': '#5EBE74', 'currency': '#F9AA45', 'signed_by': '#AE2814', 'page_no': '#D4CA63', 'documents_required': '#07B501', 'tin_no': '#2C6594', 'cst_no': '#ACA83A', 'remitter_drawee_buyer_importer_billto_shippedto_despacthto_address': '#7BBE14', 'po_number': '#5E3303', 'mode_of_dispatch': '#A2C6C6', 'unit_price': '#919952', 'issue_date': '#6605CE', 'quotation_no': '#D68EFD', 'dimension': '#A72DD9', 'signature': '#5C65EF', 'O': '#A35B8C', 'drawer_exporter_seller_beneficiary_issuer_supplier_name': '#57A868', 'packaging_details': '#4D50E3', 'quantity': '#E661C6', 'vat_no': '#B50FFC', 'original_or_copy': '#56DCEA', 'drawer_ref_no': '#A428E3', 'drawee_ref_no': '#686410', 'ecc_no': '#EE1DFA', 'incoterm': '#570837', 'item_description': '#7426C0', 'transport_condition': '#7B9061', 'drawer_exporter_seller_beneficiary_issuer_supplier_address': '#AEAA9B', 'delivery_terms': '#17C22A', 'tax_amount': '#FE7875', 'taxes_condition': '#0C5700', 'warranty_terms': '#0283C5', 'price_conditions': '#69DD8D', 'total_pages': '#6501BE', 'stamped': '#22F3D2', 'diclaration_by': '#87FDC9', 'total_amount_in_figure': '#1A35D2', 'unit': '#6499D0', 'payment_terms': '#746AF3', 'destination': '#6BB2B1', 'discount_condition': '#9008C6'}
2024-03-18 12:28:54,886 is result_set is instance of dict? True
2024-03-18 12:28:54,887 is final_result_set is instance of dict? True
2024-03-18 12:28:55,188 Time taken for page 1 of Purchase_Order_By_Opener_346_1.png:0:00:02.108966
2024-03-18 12:28:55,539 *****Generated All Pages****** for Purchase_Order_By_Opener_346_1.png
2024-03-18 12:28:55,539 RAM memory 65.7 used for Purchase_Order_By_Opener_346_1.png Generating All Pages:
2024-03-18 12:28:55,540 Processing time taken for all pages of Purchase_Order_By_Opener_346_1.png1:0:00:02.460580
2024-03-18 12:28:55,654 file name is:Purchase_Order_By_Opener_260_0.png
2024-03-18 12:28:55,654 folder path :Images
2024-03-18 12:28:55,654 Calling Image result
2024-03-18 12:28:55,654 is all_page_result is instance of dict? True
2024-03-18 12:28:55,654 STREAM b'IHDR' 16 13
2024-03-18 12:28:55,654 STREAM b'IDAT' 41 42874
2024-03-18 12:28:55,693 is words is instance of list? True
2024-03-18 12:28:55,693 is bboxes is instance of list? True
2024-03-18 12:28:55,693 is bounding_boxes is instance of list? True
2024-03-18 12:28:55,957 is input_id_chunks is instance of list? True
2024-03-18 12:28:55,957 is mask_chunks is instance of list? True
2024-03-18 12:28:55,957 is bbox_chunks is instance of list? True
2024-03-18 12:28:55,957 is image_chunks is instance of list? True
2024-03-18 12:28:55,957 is input_dict is instance of dict? True
2024-03-18 12:28:57,300 Model Called
2024-03-18 12:28:57,301 RAM memory 65.9 used for Purchase_Order_By_Opener_260_0.png:
2024-03-18 12:28:57,301 is all_predictions is instance of list? True
2024-03-18 12:28:57,301 is all_boxes is instance of list? True
2024-03-18 12:28:57,301 is all_confidences is instance of list? True
2024-03-18 12:28:57,301 is all_text is instance of list? True
2024-03-18 12:28:57,301 is label2id is instance of dict? True
2024-03-18 12:28:57,302 is id2label is instance of dict? True
2024-03-18 12:28:57,303 is label2color is instance of dict? True
2024-03-18 12:28:57,303 label2color : {'total_amount_in_words': '#051374', 'freight_and_transportation_information': '#7EB5BF', 'insurance_issuer_name': '#AB3089', 'remitter_drawee_buyer_importer_billto_shippedto_despacthto_name': '#7678F6', 'currency': '#96BCDD', 'signed_by': '#F8A43A', 'page_no': '#02D99C', 'documents_required': '#34ECBF', 'tin_no': '#0F200C', 'cst_no': '#B32C37', 'remitter_drawee_buyer_importer_billto_shippedto_despacthto_address': '#F2B718', 'po_number': '#8A3F58', 'mode_of_dispatch': '#9DC004', 'unit_price': '#9AC7EE', 'issue_date': '#76CA84', 'quotation_no': '#244AC2', 'dimension': '#17717F', 'signature': '#E1B857', 'O': '#6FD168', 'drawer_exporter_seller_beneficiary_issuer_supplier_name': '#E48F61', 'packaging_details': '#B1690C', 'quantity': '#0BBF61', 'vat_no': '#4B1CE0', 'original_or_copy': '#56193C', 'drawer_ref_no': '#21032C', 'drawee_ref_no': '#83B0F2', 'ecc_no': '#D3FE50', 'incoterm': '#28A645', 'item_description': '#E6D031', 'transport_condition': '#C0E58C', 'drawer_exporter_seller_beneficiary_issuer_supplier_address': '#8BBAF7', 'delivery_terms': '#C58603', 'tax_amount': '#9B09F9', 'taxes_condition': '#5F66FF', 'warranty_terms': '#DE1B35', 'price_conditions': '#F20313', 'total_pages': '#529F6D', 'stamped': '#7E56A2', 'diclaration_by': '#59FADA', 'total_amount_in_figure': '#BDF410', 'unit': '#FF5EB8', 'payment_terms': '#608F91', 'destination': '#7BDBD4', 'discount_condition': '#C179C7'}
2024-03-18 12:28:57,494 is result_set is instance of dict? True
2024-03-18 12:28:57,495 is final_result_set is instance of dict? True
2024-03-18 12:28:57,654 Time taken for page 1 of Purchase_Order_By_Opener_260_0.png:0:00:01.999903
2024-03-18 12:28:57,790 *****Generated All Pages****** for Purchase_Order_By_Opener_260_0.png
2024-03-18 12:28:57,790 RAM memory 65.9 used for Purchase_Order_By_Opener_260_0.png Generating All Pages:
2024-03-18 12:28:57,790 Processing time taken for all pages of Purchase_Order_By_Opener_260_0.png1:0:00:02.136064
2024-03-18 12:28:57,903 file name is:Purchase_Order_By_Opener_246_2.png
2024-03-18 12:28:57,903 folder path :Images
2024-03-18 12:28:57,903 Calling Image result
2024-03-18 12:28:57,903 is all_page_result is instance of dict? True
2024-03-18 12:28:57,903 STREAM b'IHDR' 16 13
2024-03-18 12:28:57,903 STREAM b'IDAT' 41 47916
2024-03-18 12:28:57,947 is words is instance of list? True
2024-03-18 12:28:57,948 is bboxes is instance of list? True
2024-03-18 12:28:57,948 is bounding_boxes is instance of list? True
2024-03-18 12:28:58,162 is input_id_chunks is instance of list? True
2024-03-18 12:28:58,162 is mask_chunks is instance of list? True
2024-03-18 12:28:58,162 is bbox_chunks is instance of list? True
2024-03-18 12:28:58,162 is image_chunks is instance of list? True
2024-03-18 12:28:58,163 is input_dict is instance of dict? True
2024-03-18 12:28:59,903 Model Called
2024-03-18 12:28:59,903 RAM memory 65.7 used for Purchase_Order_By_Opener_246_2.png:
2024-03-18 12:28:59,903 is all_predictions is instance of list? True
2024-03-18 12:28:59,903 is all_boxes is instance of list? True
2024-03-18 12:28:59,903 is all_confidences is instance of list? True
2024-03-18 12:28:59,903 is all_text is instance of list? True
2024-03-18 12:28:59,904 is label2id is instance of dict? True
2024-03-18 12:28:59,904 is id2label is instance of dict? True
2024-03-18 12:28:59,906 is label2color is instance of dict? True
2024-03-18 12:28:59,906 label2color : {'total_amount_in_words': '#0C9300', 'freight_and_transportation_information': '#52D05B', 'insurance_issuer_name': '#AA8DFC', 'remitter_drawee_buyer_importer_billto_shippedto_despacthto_name': '#224A89', 'currency': '#3C754C', 'signed_by': '#1BD263', 'page_no': '#67794F', 'documents_required': '#214990', 'tin_no': '#2A5347', 'cst_no': '#B6DC71', 'remitter_drawee_buyer_importer_billto_shippedto_despacthto_address': '#C9B046', 'po_number': '#AA6246', 'mode_of_dispatch': '#6A115E', 'unit_price': '#34AACB', 'issue_date': '#99DC70', 'quotation_no': '#2CD156', 'dimension': '#BD032A', 'signature': '#7A61F9', 'O': '#6B5E2C', 'drawer_exporter_seller_beneficiary_issuer_supplier_name': '#B250DD', 'packaging_details': '#982AFC', 'quantity': '#6EA9E1', 'vat_no': '#474978', 'original_or_copy': '#46E5CF', 'drawer_ref_no': '#6344D2', 'drawee_ref_no': '#02364C', 'ecc_no': '#1B9EAF', 'incoterm': '#2B79A1', 'item_description': '#44ACBC', 'transport_condition': '#4B6490', 'drawer_exporter_seller_beneficiary_issuer_supplier_address': '#138225', 'delivery_terms': '#1A8215', 'tax_amount': '#DF27DA', 'taxes_condition': '#3CCB75', 'warranty_terms': '#933EB6', 'price_conditions': '#B8720A', 'total_pages': '#64F66F', 'stamped': '#DE7502', 'diclaration_by': '#E9DA44', 'total_amount_in_figure': '#6E813B', 'unit': '#7BF13E', 'payment_terms': '#6833FC', 'destination': '#6C9D50', 'discount_condition': '#7EA411'}
2024-03-18 12:29:00,087 is result_set is instance of dict? True
2024-03-18 12:29:00,087 is final_result_set is instance of dict? True
2024-03-18 12:29:00,172 Time taken for page 1 of Purchase_Order_By_Opener_246_2.png:0:00:02.268790
2024-03-18 12:29:00,277 *****Generated All Pages****** for Purchase_Order_By_Opener_246_2.png
2024-03-18 12:29:00,277 RAM memory 65.7 used for Purchase_Order_By_Opener_246_2.png Generating All Pages:
2024-03-18 12:29:00,277 Processing time taken for all pages of Purchase_Order_By_Opener_246_2.png1:0:00:02.374535
2024-03-18 12:29:00,386 file name is:Purchase_Order_By_Opener_201_0.png
2024-03-18 12:29:00,386 folder path :Images
2024-03-18 12:29:00,386 Calling Image result
2024-03-18 12:29:00,386 is all_page_result is instance of dict? True
2024-03-18 12:29:00,386 STREAM b'IHDR' 16 13
2024-03-18 12:29:00,386 STREAM b'IDAT' 41 34044
2024-03-18 12:29:00,415 is words is instance of list? True
2024-03-18 12:29:00,415 is bboxes is instance of list? True
2024-03-18 12:29:00,415 is bounding_boxes is instance of list? True
2024-03-18 12:29:00,530 is input_id_chunks is instance of list? True
2024-03-18 12:29:00,530 is mask_chunks is instance of list? True
2024-03-18 12:29:00,530 is bbox_chunks is instance of list? True
2024-03-18 12:29:00,530 is image_chunks is instance of list? True
2024-03-18 12:29:00,530 is input_dict is instance of dict? True
2024-03-18 12:29:03,397 Model Called
2024-03-18 12:29:03,398 RAM memory 67.2 used for Purchase_Order_By_Opener_201_0.png:
2024-03-18 12:29:03,398 is all_predictions is instance of list? True
2024-03-18 12:29:03,398 is all_boxes is instance of list? True
2024-03-18 12:29:03,398 is all_confidences is instance of list? True
2024-03-18 12:29:03,398 is all_text is instance of list? True
2024-03-18 12:29:03,398 is label2id is instance of dict? True
2024-03-18 12:29:03,399 is id2label is instance of dict? True
2024-03-18 12:29:03,401 is label2color is instance of dict? True
2024-03-18 12:29:03,402 label2color : {'total_amount_in_words': '#F055E2', 'freight_and_transportation_information': '#33AA04', 'insurance_issuer_name': '#322146', 'remitter_drawee_buyer_importer_billto_shippedto_despacthto_name': '#20EF87', 'currency': '#4AAC13', 'signed_by': '#8F189C', 'page_no': '#D67CDE', 'documents_required': '#7EEB90', 'tin_no': '#AF8C1A', 'cst_no': '#AB6E25', 'remitter_drawee_buyer_importer_billto_shippedto_despacthto_address': '#C6CA55', 'po_number': '#B3E424', 'mode_of_dispatch': '#5ED0F7', 'unit_price': '#D72917', 'issue_date': '#703803', 'quotation_no': '#B5935C', 'dimension': '#E10CF0', 'signature': '#1F65EA', 'O': '#BAEE80', 'drawer_exporter_seller_beneficiary_issuer_supplier_name': '#A0153F', 'packaging_details': '#8C4515', 'quantity': '#09B4FB', 'vat_no': '#D5D00D', 'original_or_copy': '#609E25', 'drawer_ref_no': '#86D76D', 'drawee_ref_no': '#68960C', 'ecc_no': '#BA5887', 'incoterm': '#F39204', 'item_description': '#A6738F', 'transport_condition': '#5E2BD4', 'drawer_exporter_seller_beneficiary_issuer_supplier_address': '#415244', 'delivery_terms': '#406482', 'tax_amount': '#8D1A2D', 'taxes_condition': '#EF29D6', 'warranty_terms': '#6B0DB7', 'price_conditions': '#322A82', 'total_pages': '#BFDBFD', 'stamped': '#5FE0FE', 'diclaration_by': '#AD97B7', 'total_amount_in_figure': '#13E45B', 'unit': '#01E8A3', 'payment_terms': '#149122', 'destination': '#2281FA', 'discount_condition': '#A48C5B'}
2024-03-18 12:29:03,616 is result_set is instance of dict? True
2024-03-18 12:29:03,617 is final_result_set is instance of dict? True
2024-03-18 12:29:03,806 Time taken for page 1 of Purchase_Order_By_Opener_201_0.png:0:00:03.419268
2024-03-18 12:29:03,896 *****Generated All Pages****** for Purchase_Order_By_Opener_201_0.png
2024-03-18 12:29:03,896 RAM memory 67.3 used for Purchase_Order_By_Opener_201_0.png Generating All Pages:
2024-03-18 12:29:03,896 Processing time taken for all pages of Purchase_Order_By_Opener_201_0.png1:0:00:03.509636
2024-03-18 12:29:04,016 file name is:Purchase_Order_By_Opener_297_0.png
2024-03-18 12:29:04,016 folder path :Images
2024-03-18 12:29:04,016 Calling Image result
2024-03-18 12:29:04,016 is all_page_result is instance of dict? True
2024-03-18 12:29:04,016 STREAM b'IHDR' 16 13
2024-03-18 12:29:04,016 STREAM b'IDAT' 41 57365
2024-03-18 12:29:04,058 is words is instance of list? True
2024-03-18 12:29:04,058 is bboxes is instance of list? True
2024-03-18 12:29:04,058 is bounding_boxes is instance of list? True
2024-03-18 12:29:04,327 is input_id_chunks is instance of list? True
2024-03-18 12:29:04,328 is mask_chunks is instance of list? True
2024-03-18 12:29:04,328 is bbox_chunks is instance of list? True
2024-03-18 12:29:04,328 is image_chunks is instance of list? True
2024-03-18 12:29:04,328 is input_dict is instance of dict? True
2024-03-18 12:29:07,989 Model Called
2024-03-18 12:29:07,989 RAM memory 67.3 used for Purchase_Order_By_Opener_297_0.png:
2024-03-18 12:29:07,989 is all_predictions is instance of list? True
2024-03-18 12:29:07,990 is all_boxes is instance of list? True
2024-03-18 12:29:07,990 is all_confidences is instance of list? True
2024-03-18 12:29:07,990 is all_text is instance of list? True
2024-03-18 12:29:07,990 is label2id is instance of dict? True
2024-03-18 12:29:07,990 is id2label is instance of dict? True
2024-03-18 12:29:07,992 is label2color is instance of dict? True
2024-03-18 12:29:07,992 label2color : {'total_amount_in_words': '#1AA3BC', 'freight_and_transportation_information': '#7069E4', 'insurance_issuer_name': '#BFAE0C', 'remitter_drawee_buyer_importer_billto_shippedto_despacthto_name': '#C9974E', 'currency': '#DA1755', 'signed_by': '#36012A', 'page_no': '#140621', 'documents_required': '#510D5A', 'tin_no': '#BDBEA7', 'cst_no': '#D5A39C', 'remitter_drawee_buyer_importer_billto_shippedto_despacthto_address': '#555282', 'po_number': '#9E0F44', 'mode_of_dispatch': '#3EB66F', 'unit_price': '#F2EE76', 'issue_date': '#1A053A', 'quotation_no': '#8B0FAB', 'dimension': '#817A02', 'signature': '#0613E9', 'O': '#C20D88', 'drawer_exporter_seller_beneficiary_issuer_supplier_name': '#358761', 'packaging_details': '#A2AF77', 'quantity': '#E4A8F6', 'vat_no': '#71638D', 'original_or_copy': '#7E41B8', 'drawer_ref_no': '#62110D', 'drawee_ref_no': '#542A9C', 'ecc_no': '#8BA3B0', 'incoterm': '#2670BF', 'item_description': '#255B82', 'transport_condition': '#F7EDFE', 'drawer_exporter_seller_beneficiary_issuer_supplier_address': '#B6ACEC', 'delivery_terms': '#A73B15', 'tax_amount': '#D34007', 'taxes_condition': '#36D215', 'warranty_terms': '#9D81EB', 'price_conditions': '#D20CE7', 'total_pages': '#6E7C5E', 'stamped': '#9A59C8', 'diclaration_by': '#006A1E', 'total_amount_in_figure': '#BDFD2B', 'unit': '#9B2419', 'payment_terms': '#5C9178', 'destination': '#797E88', 'discount_condition': '#07CBFC'}
2024-03-18 12:29:08,549 is result_set is instance of dict? True
2024-03-18 12:29:08,550 is final_result_set is instance of dict? True
2024-03-18 12:29:08,710 Time taken for page 1 of Purchase_Order_By_Opener_297_0.png:0:00:04.694386
2024-03-18 12:29:09,083 *****Generated All Pages****** for Purchase_Order_By_Opener_297_0.png
2024-03-18 12:29:09,084 RAM memory 67.6 used for Purchase_Order_By_Opener_297_0.png Generating All Pages:
2024-03-18 12:29:09,084 Processing time taken for all pages of Purchase_Order_By_Opener_297_0.png1:0:00:05.067821
2024-03-18 12:29:09,300 file name is:Purchase_Order_By_Opener_246_1.png
2024-03-18 12:29:09,300 folder path :Images
2024-03-18 12:29:09,300 Calling Image result
2024-03-18 12:29:09,300 is all_page_result is instance of dict? True
2024-03-18 12:29:09,301 STREAM b'IHDR' 16 13
2024-03-18 12:29:09,301 STREAM b'IDAT' 41 42608
2024-03-18 12:29:09,359 is words is instance of list? True
2024-03-18 12:29:09,359 is bboxes is instance of list? True
2024-03-18 12:29:09,359 is bounding_boxes is instance of list? True
2024-03-18 12:29:09,570 is input_id_chunks is instance of list? True
2024-03-18 12:29:09,570 is mask_chunks is instance of list? True
2024-03-18 12:29:09,570 is bbox_chunks is instance of list? True
2024-03-18 12:29:09,570 is image_chunks is instance of list? True
2024-03-18 12:29:09,571 is input_dict is instance of dict? True
2024-03-18 12:29:11,521 Model Called
2024-03-18 12:29:11,522 RAM memory 67.8 used for Purchase_Order_By_Opener_246_1.png:
2024-03-18 12:29:11,522 is all_predictions is instance of list? True
2024-03-18 12:29:11,522 is all_boxes is instance of list? True
2024-03-18 12:29:11,522 is all_confidences is instance of list? True
2024-03-18 12:29:11,522 is all_text is instance of list? True
2024-03-18 12:29:11,522 is label2id is instance of dict? True
2024-03-18 12:29:11,522 is id2label is instance of dict? True
2024-03-18 12:29:11,523 is label2color is instance of dict? True
2024-03-18 12:29:11,523 label2color : {'total_amount_in_words': '#9D08EC', 'freight_and_transportation_information': '#731ED4', 'insurance_issuer_name': '#EF0E16', 'remitter_drawee_buyer_importer_billto_shippedto_despacthto_name': '#6BD207', 'currency': '#A6ADFF', 'signed_by': '#F69858', 'page_no': '#9457DB', 'documents_required': '#CA6DE6', 'tin_no': '#DC1687', 'cst_no': '#B1B1A6', 'remitter_drawee_buyer_importer_billto_shippedto_despacthto_address': '#52D482', 'po_number': '#09DE20', 'mode_of_dispatch': '#845313', 'unit_price': '#2E86C3', 'issue_date': '#29C8C1', 'quotation_no': '#01DAE5', 'dimension': '#89F3ED', 'signature': '#79558D', 'O': '#69781B', 'drawer_exporter_seller_beneficiary_issuer_supplier_name': '#835954', 'packaging_details': '#50F979', 'quantity': '#3D3197', 'vat_no': '#1C02AB', 'original_or_copy': '#F3B5D6', 'drawer_ref_no': '#DA77EE', 'drawee_ref_no': '#3D1667', 'ecc_no': '#BD6E94', 'incoterm': '#B1668E', 'item_description': '#A1DD37', 'transport_condition': '#67C82F', 'drawer_exporter_seller_beneficiary_issuer_supplier_address': '#ADB5B9', 'delivery_terms': '#6E5CEE', 'tax_amount': '#2760A9', 'taxes_condition': '#B4ABAB', 'warranty_terms': '#916116', 'price_conditions': '#154A02', 'total_pages': '#FA74A7', 'stamped': '#23641A', 'diclaration_by': '#E2D93E', 'total_amount_in_figure': '#62175E', 'unit': '#4A036B', 'payment_terms': '#8BF002', 'destination': '#992B56', 'discount_condition': '#A6AFAA'}
2024-03-18 12:29:11,711 is result_set is instance of dict? True
2024-03-18 12:29:11,711 is final_result_set is instance of dict? True
2024-03-18 12:29:11,797 Time taken for page 1 of Purchase_Order_By_Opener_246_1.png:0:00:02.496272
2024-03-18 12:29:11,923 *****Generated All Pages****** for Purchase_Order_By_Opener_246_1.png
2024-03-18 12:29:11,924 RAM memory 67.9 used for Purchase_Order_By_Opener_246_1.png Generating All Pages:
2024-03-18 12:29:11,924 Processing time taken for all pages of Purchase_Order_By_Opener_246_1.png1:0:00:02.623681
2024-03-18 12:29:12,049 file name is:Purchase_Order_By_Opener_234_0.png
2024-03-18 12:29:12,049 folder path :Images
2024-03-18 12:29:12,049 Calling Image result
2024-03-18 12:29:12,049 is all_page_result is instance of dict? True
2024-03-18 12:29:12,049 STREAM b'IHDR' 16 13
2024-03-18 12:29:12,049 STREAM b'IDAT' 41 65536
2024-03-18 12:29:12,094 is words is instance of list? True
2024-03-18 12:29:12,094 is bboxes is instance of list? True
2024-03-18 12:29:12,094 is bounding_boxes is instance of list? True
2024-03-18 12:29:12,309 is input_id_chunks is instance of list? True
2024-03-18 12:29:12,309 is mask_chunks is instance of list? True
2024-03-18 12:29:12,309 is bbox_chunks is instance of list? True
2024-03-18 12:29:12,309 is image_chunks is instance of list? True
2024-03-18 12:29:12,310 is input_dict is instance of dict? True
2024-03-18 12:29:16,156 Model Called
2024-03-18 12:29:16,157 RAM memory 67.8 used for Purchase_Order_By_Opener_234_0.png:
2024-03-18 12:29:16,157 is all_predictions is instance of list? True
2024-03-18 12:29:16,157 is all_boxes is instance of list? True
2024-03-18 12:29:16,157 is all_confidences is instance of list? True
2024-03-18 12:29:16,157 is all_text is instance of list? True
2024-03-18 12:29:16,158 is label2id is instance of dict? True
2024-03-18 12:29:16,158 is id2label is instance of dict? True
2024-03-18 12:29:16,159 is label2color is instance of dict? True
2024-03-18 12:29:16,159 label2color : {'total_amount_in_words': '#CB9818', 'freight_and_transportation_information': '#6DDCE7', 'insurance_issuer_name': '#D7ED82', 'remitter_drawee_buyer_importer_billto_shippedto_despacthto_name': '#A73E4A', 'currency': '#D3F986', 'signed_by': '#C4450A', 'page_no': '#DF4A27', 'documents_required': '#66F5D5', 'tin_no': '#E075A1', 'cst_no': '#28EEFD', 'remitter_drawee_buyer_importer_billto_shippedto_despacthto_address': '#8BD946', 'po_number': '#951EB7', 'mode_of_dispatch': '#11C571', 'unit_price': '#B5B457', 'issue_date': '#789897', 'quotation_no': '#C51A13', 'dimension': '#EF022D', 'signature': '#3A8CDE', 'O': '#508D3E', 'drawer_exporter_seller_beneficiary_issuer_supplier_name': '#4B853A', 'packaging_details': '#FECB84', 'quantity': '#98692B', 'vat_no': '#4705E8', 'original_or_copy': '#FFA6A8', 'drawer_ref_no': '#B79E9A', 'drawee_ref_no': '#72F44A', 'ecc_no': '#CC1BC0', 'incoterm': '#3C64B3', 'item_description': '#4332E4', 'transport_condition': '#62A5F7', 'drawer_exporter_seller_beneficiary_issuer_supplier_address': '#29601A', 'delivery_terms': '#8F27BF', 'tax_amount': '#092991', 'taxes_condition': '#198AF9', 'warranty_terms': '#6F3F46', 'price_conditions': '#1D6C81', 'total_pages': '#C1CD39', 'stamped': '#F76E7F', 'diclaration_by': '#AA8C5F', 'total_amount_in_figure': '#F38E28', 'unit': '#F9479D', 'payment_terms': '#7FE775', 'destination': '#9AA084', 'discount_condition': '#4066C1'}
2024-03-18 12:29:16,536 is result_set is instance of dict? True
2024-03-18 12:29:16,537 is final_result_set is instance of dict? True
2024-03-18 12:29:16,727 Time taken for page 1 of Purchase_Order_By_Opener_234_0.png:0:00:04.677960
2024-03-18 12:29:16,897 *****Generated All Pages****** for Purchase_Order_By_Opener_234_0.png
2024-03-18 12:29:16,897 RAM memory 67.8 used for Purchase_Order_By_Opener_234_0.png Generating All Pages:
2024-03-18 12:29:16,897 Processing time taken for all pages of Purchase_Order_By_Opener_234_0.png1:0:00:04.848060
2024-03-18 12:29:17,021 file name is:Purchase_Order_By_Opener_328_0.png
2024-03-18 12:29:17,021 folder path :Images
2024-03-18 12:29:17,021 Calling Image result
2024-03-18 12:29:17,021 is all_page_result is instance of dict? True
2024-03-18 12:29:17,022 STREAM b'IHDR' 16 13
2024-03-18 12:29:17,022 STREAM b'IDAT' 41 43324
2024-03-18 12:29:17,066 is words is instance of list? True
2024-03-18 12:29:17,067 is bboxes is instance of list? True
2024-03-18 12:29:17,067 is bounding_boxes is instance of list? True
2024-03-18 12:29:17,304 is input_id_chunks is instance of list? True
2024-03-18 12:29:17,304 is mask_chunks is instance of list? True
2024-03-18 12:29:17,305 is bbox_chunks is instance of list? True
2024-03-18 12:29:17,305 is image_chunks is instance of list? True
2024-03-18 12:29:17,305 is input_dict is instance of dict? True
2024-03-18 12:29:19,345 Model Called
2024-03-18 12:29:19,346 RAM memory 66.6 used for Purchase_Order_By_Opener_328_0.png:
2024-03-18 12:29:19,346 is all_predictions is instance of list? True
2024-03-18 12:29:19,346 is all_boxes is instance of list? True
2024-03-18 12:29:19,346 is all_confidences is instance of list? True
2024-03-18 12:29:19,346 is all_text is instance of list? True
2024-03-18 12:29:19,346 is label2id is instance of dict? True
2024-03-18 12:29:19,347 is id2label is instance of dict? True
2024-03-18 12:29:19,348 is label2color is instance of dict? True
2024-03-18 12:29:19,348 label2color : {'total_amount_in_words': '#B6B226', 'freight_and_transportation_information': '#0942B1', 'insurance_issuer_name': '#E4E43E', 'remitter_drawee_buyer_importer_billto_shippedto_despacthto_name': '#5BE645', 'currency': '#D7EF0A', 'signed_by': '#31943C', 'page_no': '#DAFDC9', 'documents_required': '#8F534F', 'tin_no': '#8E0302', 'cst_no': '#C7D0AD', 'remitter_drawee_buyer_importer_billto_shippedto_despacthto_address': '#CCDFE1', 'po_number': '#DC93A4', 'mode_of_dispatch': '#37932C', 'unit_price': '#180803', 'issue_date': '#6DF315', 'quotation_no': '#E4A8CA', 'dimension': '#D7DC30', 'signature': '#0C0BBA', 'O': '#964A03', 'drawer_exporter_seller_beneficiary_issuer_supplier_name': '#981BDF', 'packaging_details': '#26AFD0', 'quantity': '#9A28AD', 'vat_no': '#3A580B', 'original_or_copy': '#4183AC', 'drawer_ref_no': '#13E96F', 'drawee_ref_no': '#96BD96', 'ecc_no': '#6050E5', 'incoterm': '#F47670', 'item_description': '#3E5C19', 'transport_condition': '#43489A', 'drawer_exporter_seller_beneficiary_issuer_supplier_address': '#2B1E2E', 'delivery_terms': '#4C7B37', 'tax_amount': '#C0679A', 'taxes_condition': '#86BB19', 'warranty_terms': '#520A30', 'price_conditions': '#AC090C', 'total_pages': '#D59C8B', 'stamped': '#D9B477', 'diclaration_by': '#C95676', 'total_amount_in_figure': '#F3733A', 'unit': '#E1E5E3', 'payment_terms': '#AAEC7B', 'destination': '#8B51D8', 'discount_condition': '#BB1562'}
2024-03-18 12:29:19,606 is result_set is instance of dict? True
2024-03-18 12:29:19,607 is final_result_set is instance of dict? True
2024-03-18 12:29:19,815 Time taken for page 1 of Purchase_Order_By_Opener_328_0.png:0:00:02.792959
2024-03-18 12:29:20,021 *****Generated All Pages****** for Purchase_Order_By_Opener_328_0.png
2024-03-18 12:29:20,021 RAM memory 66.6 used for Purchase_Order_By_Opener_328_0.png Generating All Pages:
2024-03-18 12:29:20,021 Processing time taken for all pages of Purchase_Order_By_Opener_328_0.png1:0:00:02.999805
2024-03-18 12:29:20,174 file name is:Purchase_Order_By_Opener_325_4.png
2024-03-18 12:29:20,174 folder path :Images
2024-03-18 12:29:20,174 Calling Image result
2024-03-18 12:29:20,174 is all_page_result is instance of dict? True
2024-03-18 12:29:20,174 STREAM b'IHDR' 16 13
2024-03-18 12:29:20,175 STREAM b'IDAT' 41 11139
2024-03-18 12:29:20,200 is words is instance of list? True
2024-03-18 12:29:20,200 is bboxes is instance of list? True
2024-03-18 12:29:20,200 is bounding_boxes is instance of list? True
2024-03-18 12:29:20,295 is input_id_chunks is instance of list? True
2024-03-18 12:29:20,295 is mask_chunks is instance of list? True
2024-03-18 12:29:20,295 is bbox_chunks is instance of list? True
2024-03-18 12:29:20,296 is image_chunks is instance of list? True
2024-03-18 12:29:20,296 is input_dict is instance of dict? True
2024-03-18 12:29:22,370 Model Called
2024-03-18 12:29:22,370 RAM memory 66.3 used for Purchase_Order_By_Opener_325_4.png:
2024-03-18 12:29:22,370 is all_predictions is instance of list? True
2024-03-18 12:29:22,370 is all_boxes is instance of list? True
2024-03-18 12:29:22,370 is all_confidences is instance of list? True
2024-03-18 12:29:22,370 is all_text is instance of list? True
2024-03-18 12:29:22,370 is label2id is instance of dict? True
2024-03-18 12:29:22,370 is id2label is instance of dict? True
2024-03-18 12:29:22,371 is label2color is instance of dict? True
2024-03-18 12:29:22,371 label2color : {'total_amount_in_words': '#000F43', 'freight_and_transportation_information': '#4AD0C2', 'insurance_issuer_name': '#58C7C1', 'remitter_drawee_buyer_importer_billto_shippedto_despacthto_name': '#9FAD1C', 'currency': '#503862', 'signed_by': '#67A78F', 'page_no': '#581511', 'documents_required': '#D7B5D5', 'tin_no': '#44676A', 'cst_no': '#613E94', 'remitter_drawee_buyer_importer_billto_shippedto_despacthto_address': '#823B91', 'po_number': '#62099F', 'mode_of_dispatch': '#B56486', 'unit_price': '#646410', 'issue_date': '#A574D3', 'quotation_no': '#43AF06', 'dimension': '#380B38', 'signature': '#138752', 'O': '#EDC882', 'drawer_exporter_seller_beneficiary_issuer_supplier_name': '#FD3642', 'packaging_details': '#B3354E', 'quantity': '#A3617A', 'vat_no': '#0E4214', 'original_or_copy': '#35FBB6', 'drawer_ref_no': '#AEF6A6', 'drawee_ref_no': '#A61649', 'ecc_no': '#DC883A', 'incoterm': '#B14EFA', 'item_description': '#9C5BB4', 'transport_condition': '#C4D38A', 'drawer_exporter_seller_beneficiary_issuer_supplier_address': '#26144C', 'delivery_terms': '#DA9CD7', 'tax_amount': '#EB4539', 'taxes_condition': '#B36B51', 'warranty_terms': '#77EBC1', 'price_conditions': '#C687F4', 'total_pages': '#283BFF', 'stamped': '#1B24F8', 'diclaration_by': '#2709CC', 'total_amount_in_figure': '#06A89B', 'unit': '#5B3ACC', 'payment_terms': '#166FD0', 'destination': '#456637', 'discount_condition': '#3D466F'}
2024-03-18 12:29:22,482 is result_set is instance of dict? True
2024-03-18 12:29:22,484 is final_result_set is instance of dict? True
2024-03-18 12:29:22,632 Time taken for page 1 of Purchase_Order_By_Opener_325_4.png:0:00:02.457192
2024-03-18 12:29:22,717 *****Generated All Pages****** for Purchase_Order_By_Opener_325_4.png
2024-03-18 12:29:22,717 RAM memory 66.3 used for Purchase_Order_By_Opener_325_4.png Generating All Pages:
2024-03-18 12:29:22,717 Processing time taken for all pages of Purchase_Order_By_Opener_325_4.png1:0:00:02.543194
2024-03-18 12:29:22,839 file name is:Purchase_Order_By_Opener_240_0.png
2024-03-18 12:29:22,839 folder path :Images
2024-03-18 12:29:22,839 Calling Image result
2024-03-18 12:29:22,839 is all_page_result is instance of dict? True
2024-03-18 12:29:22,839 STREAM b'IHDR' 16 13
2024-03-18 12:29:22,839 STREAM b'IDAT' 41 65536
2024-03-18 12:29:22,880 is words is instance of list? True
2024-03-18 12:29:22,880 is bboxes is instance of list? True
2024-03-18 12:29:22,881 is bounding_boxes is instance of list? True
2024-03-18 12:29:23,301 is input_id_chunks is instance of list? True
2024-03-18 12:29:23,301 is mask_chunks is instance of list? True
2024-03-18 12:29:23,301 is bbox_chunks is instance of list? True
2024-03-18 12:29:23,301 is image_chunks is instance of list? True
2024-03-18 12:29:23,302 is input_dict is instance of dict? True
2024-03-18 12:29:26,662 Model Called
2024-03-18 12:29:26,662 RAM memory 67.6 used for Purchase_Order_By_Opener_240_0.png:
2024-03-18 12:29:26,662 is all_predictions is instance of list? True
2024-03-18 12:29:26,662 is all_boxes is instance of list? True
2024-03-18 12:29:26,662 is all_confidences is instance of list? True
2024-03-18 12:29:26,662 is all_text is instance of list? True
2024-03-18 12:29:26,663 is label2id is instance of dict? True
2024-03-18 12:29:26,663 is id2label is instance of dict? True
2024-03-18 12:29:26,665 is label2color is instance of dict? True
2024-03-18 12:29:26,665 label2color : {'total_amount_in_words': '#7022E9', 'freight_and_transportation_information': '#6927E2', 'insurance_issuer_name': '#34771A', 'remitter_drawee_buyer_importer_billto_shippedto_despacthto_name': '#B10DC8', 'currency': '#6DE44E', 'signed_by': '#D395B7', 'page_no': '#FCA425', 'documents_required': '#0EDEA2', 'tin_no': '#20E829', 'cst_no': '#3D7E20', 'remitter_drawee_buyer_importer_billto_shippedto_despacthto_address': '#7B31E1', 'po_number': '#57D406', 'mode_of_dispatch': '#B073C7', 'unit_price': '#F77BC9', 'issue_date': '#373D76', 'quotation_no': '#32E8D6', 'dimension': '#9A62F3', 'signature': '#30CD5B', 'O': '#C96753', 'drawer_exporter_seller_beneficiary_issuer_supplier_name': '#5AB9DE', 'packaging_details': '#ED163A', 'quantity': '#3F12A8', 'vat_no': '#62E2CB', 'original_or_copy': '#2C98B8', 'drawer_ref_no': '#B4C543', 'drawee_ref_no': '#4B041D', 'ecc_no': '#ED3E2C', 'incoterm': '#A566E2', 'item_description': '#61BBE8', 'transport_condition': '#B0C2F2', 'drawer_exporter_seller_beneficiary_issuer_supplier_address': '#AE248E', 'delivery_terms': '#C013AE', 'tax_amount': '#A77E5F', 'taxes_condition': '#703246', 'warranty_terms': '#86FEDA', 'price_conditions': '#F7C675', 'total_pages': '#177E3E', 'stamped': '#B2FBB7', 'diclaration_by': '#5D5298', 'total_amount_in_figure': '#0C6336', 'unit': '#C83505', 'payment_terms': '#039FDB', 'destination': '#BFC136', 'discount_condition': '#436217'}
2024-03-18 12:29:26,995 is result_set is instance of dict? True
2024-03-18 12:29:26,996 is final_result_set is instance of dict? True
2024-03-18 12:29:27,285 Time taken for page 1 of Purchase_Order_By_Opener_240_0.png:0:00:04.445222
2024-03-18 12:29:27,467 *****Generated All Pages****** for Purchase_Order_By_Opener_240_0.png
2024-03-18 12:29:27,467 RAM memory 67.6 used for Purchase_Order_By_Opener_240_0.png Generating All Pages:
2024-03-18 12:29:27,467 Processing time taken for all pages of Purchase_Order_By_Opener_240_0.png1:0:00:04.628329
2024-03-18 12:29:27,606 file name is:Purchase_Order_By_Opener_202_1.png
2024-03-18 12:29:27,606 folder path :Images
2024-03-18 12:29:27,606 Calling Image result
2024-03-18 12:29:27,606 is all_page_result is instance of dict? True
2024-03-18 12:29:27,606 STREAM b'IHDR' 16 13
2024-03-18 12:29:27,606 STREAM b'IDAT' 41 44561
2024-03-18 12:29:27,667 is words is instance of list? True
2024-03-18 12:29:27,668 is bboxes is instance of list? True
2024-03-18 12:29:27,668 is bounding_boxes is instance of list? True
2024-03-18 12:29:27,933 is input_id_chunks is instance of list? True
2024-03-18 12:29:27,933 is mask_chunks is instance of list? True
2024-03-18 12:29:27,933 is bbox_chunks is instance of list? True
2024-03-18 12:29:27,933 is image_chunks is instance of list? True
2024-03-18 12:29:27,935 is input_dict is instance of dict? True
2024-03-18 12:29:31,517 Model Called
2024-03-18 12:29:31,518 RAM memory 68.1 used for Purchase_Order_By_Opener_202_1.png:
2024-03-18 12:29:31,518 is all_predictions is instance of list? True
2024-03-18 12:29:31,518 is all_boxes is instance of list? True
2024-03-18 12:29:31,518 is all_confidences is instance of list? True
2024-03-18 12:29:31,518 is all_text is instance of list? True
2024-03-18 12:29:31,519 is label2id is instance of dict? True
2024-03-18 12:29:31,519 is id2label is instance of dict? True
2024-03-18 12:29:31,521 is label2color is instance of dict? True
2024-03-18 12:29:31,521 label2color : {'total_amount_in_words': '#1630FD', 'freight_and_transportation_information': '#A0E3F2', 'insurance_issuer_name': '#E2F0D8', 'remitter_drawee_buyer_importer_billto_shippedto_despacthto_name': '#0B98B7', 'currency': '#2A211A', 'signed_by': '#28E1F1', 'page_no': '#63547B', 'documents_required': '#9A4AD2', 'tin_no': '#123FEC', 'cst_no': '#10F396', 'remitter_drawee_buyer_importer_billto_shippedto_despacthto_address': '#F45236', 'po_number': '#9762B5', 'mode_of_dispatch': '#355BF9', 'unit_price': '#80789B', 'issue_date': '#58B278', 'quotation_no': '#45876E', 'dimension': '#8EBF72', 'signature': '#B8CF9A', 'O': '#A2F8F8', 'drawer_exporter_seller_beneficiary_issuer_supplier_name': '#FF8BDC', 'packaging_details': '#60D421', 'quantity': '#73D1F9', 'vat_no': '#86DDE1', 'original_or_copy': '#8F2312', 'drawer_ref_no': '#E48A4D', 'drawee_ref_no': '#42195A', 'ecc_no': '#12994D', 'incoterm': '#5768AC', 'item_description': '#884C22', 'transport_condition': '#17F3C4', 'drawer_exporter_seller_beneficiary_issuer_supplier_address': '#EE7651', 'delivery_terms': '#B4C69A', 'tax_amount': '#0D2430', 'taxes_condition': '#A6FE02', 'warranty_terms': '#A2A157', 'price_conditions': '#683D18', 'total_pages': '#F654C2', 'stamped': '#6E1C06', 'diclaration_by': '#0BA54F', 'total_amount_in_figure': '#4E3AD8', 'unit': '#60375C', 'payment_terms': '#7D1F19', 'destination': '#3DFD8D', 'discount_condition': '#BE79F6'}
2024-03-18 12:29:31,829 is result_set is instance of dict? True
2024-03-18 12:29:31,831 is final_result_set is instance of dict? True
2024-03-18 12:29:32,164 Time taken for page 1 of Purchase_Order_By_Opener_202_1.png:0:00:04.557646
2024-03-18 12:29:32,310 *****Generated All Pages****** for Purchase_Order_By_Opener_202_1.png
2024-03-18 12:29:32,310 RAM memory 68.1 used for Purchase_Order_By_Opener_202_1.png Generating All Pages:
2024-03-18 12:29:32,310 Processing time taken for all pages of Purchase_Order_By_Opener_202_1.png1:0:00:04.703759
2024-03-18 12:29:32,443 file name is:Purchase_Order_By_Opener_289_0.png
2024-03-18 12:29:32,443 folder path :Images
2024-03-18 12:29:32,443 Calling Image result
2024-03-18 12:29:32,443 is all_page_result is instance of dict? True
2024-03-18 12:29:32,443 STREAM b'IHDR' 16 13
2024-03-18 12:29:32,443 STREAM b'IDAT' 41 48246
2024-03-18 12:29:32,487 is words is instance of list? True
2024-03-18 12:29:32,487 is bboxes is instance of list? True
2024-03-18 12:29:32,487 is bounding_boxes is instance of list? True
2024-03-18 12:29:32,710 is input_id_chunks is instance of list? True
2024-03-18 12:29:32,710 is mask_chunks is instance of list? True
2024-03-18 12:29:32,711 is bbox_chunks is instance of list? True
2024-03-18 12:29:32,711 is image_chunks is instance of list? True
2024-03-18 12:29:32,711 is input_dict is instance of dict? True
2024-03-18 12:29:34,882 Model Called
2024-03-18 12:29:34,882 RAM memory 66.3 used for Purchase_Order_By_Opener_289_0.png:
2024-03-18 12:29:34,882 is all_predictions is instance of list? True
2024-03-18 12:29:34,882 is all_boxes is instance of list? True
2024-03-18 12:29:34,882 is all_confidences is instance of list? True
2024-03-18 12:29:34,882 is all_text is instance of list? True
2024-03-18 12:29:34,883 is label2id is instance of dict? True
2024-03-18 12:29:34,883 is id2label is instance of dict? True
2024-03-18 12:29:34,884 is label2color is instance of dict? True
2024-03-18 12:29:34,884 label2color : {'total_amount_in_words': '#598EAB', 'freight_and_transportation_information': '#AC1552', 'insurance_issuer_name': '#CD9FFF', 'remitter_drawee_buyer_importer_billto_shippedto_despacthto_name': '#977EED', 'currency': '#DE2F89', 'signed_by': '#F4BC79', 'page_no': '#9AAD7E', 'documents_required': '#09C18A', 'tin_no': '#8B290A', 'cst_no': '#78693C', 'remitter_drawee_buyer_importer_billto_shippedto_despacthto_address': '#268FEC', 'po_number': '#BD566E', 'mode_of_dispatch': '#C693B2', 'unit_price': '#F0D7DA', 'issue_date': '#CDD0C1', 'quotation_no': '#02EAA5', 'dimension': '#895537', 'signature': '#51901A', 'O': '#00760B', 'drawer_exporter_seller_beneficiary_issuer_supplier_name': '#3578F8', 'packaging_details': '#71C41D', 'quantity': '#21651F', 'vat_no': '#C3D127', 'original_or_copy': '#46A4B5', 'drawer_ref_no': '#1E3410', 'drawee_ref_no': '#0D2EDC', 'ecc_no': '#3B418D', 'incoterm': '#811483', 'item_description': '#D5B619', 'transport_condition': '#3FFF04', 'drawer_exporter_seller_beneficiary_issuer_supplier_address': '#F7AE8A', 'delivery_terms': '#1E29D1', 'tax_amount': '#17D6A2', 'taxes_condition': '#0EEAC1', 'warranty_terms': '#03FA4B', 'price_conditions': '#7C608E', 'total_pages': '#6654A1', 'stamped': '#1CC10D', 'diclaration_by': '#DB6FB7', 'total_amount_in_figure': '#FECFAD', 'unit': '#2A6AC3', 'payment_terms': '#1AD46A', 'destination': '#5064FF', 'discount_condition': '#970729'}
2024-03-18 12:29:35,098 is result_set is instance of dict? True
2024-03-18 12:29:35,099 is final_result_set is instance of dict? True
2024-03-18 12:29:35,275 Time taken for page 1 of Purchase_Order_By_Opener_289_0.png:0:00:02.831937
2024-03-18 12:29:35,412 *****Generated All Pages****** for Purchase_Order_By_Opener_289_0.png
2024-03-18 12:29:35,412 RAM memory 66.4 used for Purchase_Order_By_Opener_289_0.png Generating All Pages:
2024-03-18 12:29:35,412 Processing time taken for all pages of Purchase_Order_By_Opener_289_0.png1:0:00:02.969322
2024-03-18 12:29:35,547 file name is:Purchase_Order_By_Opener_257_0.png
2024-03-18 12:29:35,548 folder path :Images
2024-03-18 12:29:35,548 Calling Image result
2024-03-18 12:29:35,548 is all_page_result is instance of dict? True
2024-03-18 12:29:35,548 STREAM b'IHDR' 16 13
2024-03-18 12:29:35,548 STREAM b'IDAT' 41 10891
2024-03-18 12:29:35,567 is words is instance of list? True
2024-03-18 12:29:35,567 is bboxes is instance of list? True
2024-03-18 12:29:35,567 is bounding_boxes is instance of list? True
2024-03-18 12:29:35,629 is input_id_chunks is instance of list? True
2024-03-18 12:29:35,629 is mask_chunks is instance of list? True
2024-03-18 12:29:35,629 is bbox_chunks is instance of list? True
2024-03-18 12:29:35,629 is image_chunks is instance of list? True
2024-03-18 12:29:35,630 is input_dict is instance of dict? True
2024-03-18 12:29:37,068 Model Called
2024-03-18 12:29:37,068 RAM memory 62.7 used for Purchase_Order_By_Opener_257_0.png:
2024-03-18 12:29:37,069 is all_predictions is instance of list? True
2024-03-18 12:29:37,069 is all_boxes is instance of list? True
2024-03-18 12:29:37,069 is all_confidences is instance of list? True
2024-03-18 12:29:37,069 is all_text is instance of list? True
2024-03-18 12:29:37,069 is label2id is instance of dict? True
2024-03-18 12:29:37,069 is id2label is instance of dict? True
2024-03-18 12:29:37,071 is label2color is instance of dict? True
2024-03-18 12:29:37,071 label2color : {'total_amount_in_words': '#78BD51', 'freight_and_transportation_information': '#D42241', 'insurance_issuer_name': '#78FEC8', 'remitter_drawee_buyer_importer_billto_shippedto_despacthto_name': '#853A5A', 'currency': '#9E0F1F', 'signed_by': '#83E7C0', 'page_no': '#51F98C', 'documents_required': '#13A275', 'tin_no': '#EA8DEA', 'cst_no': '#15FE09', 'remitter_drawee_buyer_importer_billto_shippedto_despacthto_address': '#7873E7', 'po_number': '#CF8856', 'mode_of_dispatch': '#CB29F8', 'unit_price': '#59A4EB', 'issue_date': '#E8CFF9', 'quotation_no': '#AF04D3', 'dimension': '#76D75F', 'signature': '#6CA82F', 'O': '#C7943C', 'drawer_exporter_seller_beneficiary_issuer_supplier_name': '#752953', 'packaging_details': '#6A30BE', 'quantity': '#B5A2C0', 'vat_no': '#4C62D1', 'original_or_copy': '#3ACEFE', 'drawer_ref_no': '#50F2B8', 'drawee_ref_no': '#70658B', 'ecc_no': '#AA067A', 'incoterm': '#F2181F', 'item_description': '#35C745', 'transport_condition': '#AD9854', 'drawer_exporter_seller_beneficiary_issuer_supplier_address': '#0DEDD1', 'delivery_terms': '#2D2092', 'tax_amount': '#727B9F', 'taxes_condition': '#83F9B5', 'warranty_terms': '#08C097', 'price_conditions': '#164F52', 'total_pages': '#C3DC83', 'stamped': '#64A3A4', 'diclaration_by': '#1AAF0E', 'total_amount_in_figure': '#6931FF', 'unit': '#91ECCE', 'payment_terms': '#8D0020', 'destination': '#92E6E8', 'discount_condition': '#CE5A7D'}
2024-03-18 12:29:37,115 is result_set is instance of dict? True
2024-03-18 12:29:37,116 is final_result_set is instance of dict? True
2024-03-18 12:29:37,260 Time taken for page 1 of Purchase_Order_By_Opener_257_0.png:0:00:01.711741
2024-03-18 12:29:37,292 *****Generated All Pages****** for Purchase_Order_By_Opener_257_0.png
2024-03-18 12:29:37,293 RAM memory 62.5 used for Purchase_Order_By_Opener_257_0.png Generating All Pages:
2024-03-18 12:29:37,293 Processing time taken for all pages of Purchase_Order_By_Opener_257_0.png1:0:00:01.744959
2024-03-18 12:29:37,403 file name is:Purchase_Order_By_Opener_264_0.png
2024-03-18 12:29:37,403 folder path :Images
2024-03-18 12:29:37,403 Calling Image result
2024-03-18 12:29:37,403 is all_page_result is instance of dict? True
2024-03-18 12:29:37,403 STREAM b'IHDR' 16 13
2024-03-18 12:29:37,403 STREAM b'IDAT' 41 34592
2024-03-18 12:29:37,444 is words is instance of list? True
2024-03-18 12:29:37,444 is bboxes is instance of list? True
2024-03-18 12:29:37,444 is bounding_boxes is instance of list? True
2024-03-18 12:29:37,676 is input_id_chunks is instance of list? True
2024-03-18 12:29:37,677 is mask_chunks is instance of list? True
2024-03-18 12:29:37,677 is bbox_chunks is instance of list? True
2024-03-18 12:29:37,677 is image_chunks is instance of list? True
2024-03-18 12:29:37,677 is input_dict is instance of dict? True
2024-03-18 12:29:39,363 Model Called
2024-03-18 12:29:39,364 RAM memory 62.6 used for Purchase_Order_By_Opener_264_0.png:
2024-03-18 12:29:39,365 is all_predictions is instance of list? True
2024-03-18 12:29:39,365 is all_boxes is instance of list? True
2024-03-18 12:29:39,365 is all_confidences is instance of list? True
2024-03-18 12:29:39,365 is all_text is instance of list? True
2024-03-18 12:29:39,365 is label2id is instance of dict? True
2024-03-18 12:29:39,366 is id2label is instance of dict? True
2024-03-18 12:29:39,368 is label2color is instance of dict? True
2024-03-18 12:29:39,368 label2color : {'total_amount_in_words': '#EAB29E', 'freight_and_transportation_information': '#003A40', 'insurance_issuer_name': '#F2059B', 'remitter_drawee_buyer_importer_billto_shippedto_despacthto_name': '#589233', 'currency': '#BCB19F', 'signed_by': '#9F5E31', 'page_no': '#112EFF', 'documents_required': '#D353EC', 'tin_no': '#B799E8', 'cst_no': '#317D83', 'remitter_drawee_buyer_importer_billto_shippedto_despacthto_address': '#D12E67', 'po_number': '#70BDDD', 'mode_of_dispatch': '#6C1435', 'unit_price': '#E5FDB5', 'issue_date': '#8B73F8', 'quotation_no': '#31EE6A', 'dimension': '#2524EB', 'signature': '#3F6EF4', 'O': '#18CA77', 'drawer_exporter_seller_beneficiary_issuer_supplier_name': '#B981EE', 'packaging_details': '#1CD555', 'quantity': '#770D24', 'vat_no': '#7D5A12', 'original_or_copy': '#1C6D96', 'drawer_ref_no': '#BF0E74', 'drawee_ref_no': '#0297EE', 'ecc_no': '#F5B0DC', 'incoterm': '#CBB586', 'item_description': '#3DA262', 'transport_condition': '#FAF021', 'drawer_exporter_seller_beneficiary_issuer_supplier_address': '#179DF7', 'delivery_terms': '#03C2B0', 'tax_amount': '#3D4C3B', 'taxes_condition': '#CFD0C2', 'warranty_terms': '#77C41A', 'price_conditions': '#12766E', 'total_pages': '#459617', 'stamped': '#BE2F57', 'diclaration_by': '#44048F', 'total_amount_in_figure': '#98A240', 'unit': '#90A8F4', 'payment_terms': '#E742B9', 'destination': '#603787', 'discount_condition': '#CD25A3'}
2024-03-18 12:29:39,606 is result_set is instance of dict? True
2024-03-18 12:29:39,607 is final_result_set is instance of dict? True
2024-03-18 12:29:39,860 Time taken for page 1 of Purchase_Order_By_Opener_264_0.png:0:00:02.456327
2024-03-18 12:29:40,225 *****Generated All Pages****** for Purchase_Order_By_Opener_264_0.png
2024-03-18 12:29:40,225 RAM memory 62.6 used for Purchase_Order_By_Opener_264_0.png Generating All Pages:
2024-03-18 12:29:40,225 Processing time taken for all pages of Purchase_Order_By_Opener_264_0.png1:0:00:02.822049
2024-03-18 12:29:40,449 file name is:Purchase_Order_By_Opener_219_1.png
2024-03-18 12:29:40,450 folder path :Images
2024-03-18 12:29:40,450 Calling Image result
2024-03-18 12:29:40,450 is all_page_result is instance of dict? True
2024-03-18 12:29:40,450 STREAM b'IHDR' 16 13
2024-03-18 12:29:40,450 STREAM b'IDAT' 41 37440
2024-03-18 12:29:40,498 is words is instance of list? True
2024-03-18 12:29:40,499 is bboxes is instance of list? True
2024-03-18 12:29:40,499 is bounding_boxes is instance of list? True
2024-03-18 12:29:40,716 is input_id_chunks is instance of list? True
2024-03-18 12:29:40,716 is mask_chunks is instance of list? True
2024-03-18 12:29:40,716 is bbox_chunks is instance of list? True
2024-03-18 12:29:40,716 is image_chunks is instance of list? True
2024-03-18 12:29:40,717 is input_dict is instance of dict? True
2024-03-18 12:29:43,757 Model Called
2024-03-18 12:29:43,758 RAM memory 67.5 used for Purchase_Order_By_Opener_219_1.png:
2024-03-18 12:29:43,758 is all_predictions is instance of list? True
2024-03-18 12:29:43,758 is all_boxes is instance of list? True
2024-03-18 12:29:43,758 is all_confidences is instance of list? True
2024-03-18 12:29:43,758 is all_text is instance of list? True
2024-03-18 12:29:43,758 is label2id is instance of dict? True
2024-03-18 12:29:43,758 is id2label is instance of dict? True
2024-03-18 12:29:43,759 is label2color is instance of dict? True
2024-03-18 12:29:43,759 label2color : {'total_amount_in_words': '#22AD73', 'freight_and_transportation_information': '#CA818C', 'insurance_issuer_name': '#A9BA61', 'remitter_drawee_buyer_importer_billto_shippedto_despacthto_name': '#4FD930', 'currency': '#E4843B', 'signed_by': '#345264', 'page_no': '#A3E507', 'documents_required': '#18009B', 'tin_no': '#AF82FC', 'cst_no': '#05768B', 'remitter_drawee_buyer_importer_billto_shippedto_despacthto_address': '#230D17', 'po_number': '#899E6F', 'mode_of_dispatch': '#903D28', 'unit_price': '#5D60A3', 'issue_date': '#CC5065', 'quotation_no': '#FA6189', 'dimension': '#F83607', 'signature': '#5E2509', 'O': '#025594', 'drawer_exporter_seller_beneficiary_issuer_supplier_name': '#82EDF5', 'packaging_details': '#048AD7', 'quantity': '#68C589', 'vat_no': '#E51428', 'original_or_copy': '#A04548', 'drawer_ref_no': '#0C6694', 'drawee_ref_no': '#C6F7B4', 'ecc_no': '#005F2C', 'incoterm': '#A8F761', 'item_description': '#21705C', 'transport_condition': '#F3DB66', 'drawer_exporter_seller_beneficiary_issuer_supplier_address': '#FBE3CB', 'delivery_terms': '#8A2C2E', 'tax_amount': '#90CC2A', 'taxes_condition': '#A9E169', 'warranty_terms': '#018FF2', 'price_conditions': '#B113D5', 'total_pages': '#29A580', 'stamped': '#722D1C', 'diclaration_by': '#D1E69C', 'total_amount_in_figure': '#4C2B81', 'unit': '#89A6A8', 'payment_terms': '#CD21B5', 'destination': '#EDE6DC', 'discount_condition': '#70AD4B'}
2024-03-18 12:29:43,890 is result_set is instance of dict? True
2024-03-18 12:29:43,890 is final_result_set is instance of dict? True
2024-03-18 12:29:44,031 Time taken for page 1 of Purchase_Order_By_Opener_219_1.png:0:00:03.580259
2024-03-18 12:29:44,114 *****Generated All Pages****** for Purchase_Order_By_Opener_219_1.png
2024-03-18 12:29:44,114 RAM memory 67.6 used for Purchase_Order_By_Opener_219_1.png Generating All Pages:
2024-03-18 12:29:44,114 Processing time taken for all pages of Purchase_Order_By_Opener_219_1.png1:0:00:03.663993
2024-03-18 12:29:44,248 file name is:Purchase_Order_By_Opener_321_0.png
2024-03-18 12:29:44,249 folder path :Images
2024-03-18 12:29:44,249 Calling Image result
2024-03-18 12:29:44,249 is all_page_result is instance of dict? True
2024-03-18 12:29:44,249 STREAM b'IHDR' 16 13
2024-03-18 12:29:44,249 STREAM b'IDAT' 41 49822
2024-03-18 12:29:44,287 is words is instance of list? True
2024-03-18 12:29:44,288 is bboxes is instance of list? True
2024-03-18 12:29:44,288 is bounding_boxes is instance of list? True
2024-03-18 12:29:44,510 is input_id_chunks is instance of list? True
2024-03-18 12:29:44,510 is mask_chunks is instance of list? True
2024-03-18 12:29:44,510 is bbox_chunks is instance of list? True
2024-03-18 12:29:44,510 is image_chunks is instance of list? True
2024-03-18 12:29:44,511 is input_dict is instance of dict? True
2024-03-18 12:29:47,526 Model Called
2024-03-18 12:29:47,527 RAM memory 68.1 used for Purchase_Order_By_Opener_321_0.png:
2024-03-18 12:29:47,527 is all_predictions is instance of list? True
2024-03-18 12:29:47,527 is all_boxes is instance of list? True
2024-03-18 12:29:47,527 is all_confidences is instance of list? True
2024-03-18 12:29:47,527 is all_text is instance of list? True
2024-03-18 12:29:47,527 is label2id is instance of dict? True
2024-03-18 12:29:47,527 is id2label is instance of dict? True
2024-03-18 12:29:47,528 is label2color is instance of dict? True
2024-03-18 12:29:47,528 label2color : {'total_amount_in_words': '#269D88', 'freight_and_transportation_information': '#C8FD2F', 'insurance_issuer_name': '#6BB596', 'remitter_drawee_buyer_importer_billto_shippedto_despacthto_name': '#0EF3B4', 'currency': '#D21B0C', 'signed_by': '#B9D3CD', 'page_no': '#2DAC40', 'documents_required': '#7F835A', 'tin_no': '#CA7CF1', 'cst_no': '#F41094', 'remitter_drawee_buyer_importer_billto_shippedto_despacthto_address': '#D11C97', 'po_number': '#6DB239', 'mode_of_dispatch': '#55504C', 'unit_price': '#FA9C4E', 'issue_date': '#E00105', 'quotation_no': '#9692F0', 'dimension': '#6C264E', 'signature': '#ACDDCD', 'O': '#ECACB3', 'drawer_exporter_seller_beneficiary_issuer_supplier_name': '#F7151A', 'packaging_details': '#E8E986', 'quantity': '#B01CB7', 'vat_no': '#5EF7A1', 'original_or_copy': '#63851B', 'drawer_ref_no': '#09975C', 'drawee_ref_no': '#43663F', 'ecc_no': '#5B0F6B', 'incoterm': '#BA2259', 'item_description': '#FA761D', 'transport_condition': '#7EB774', 'drawer_exporter_seller_beneficiary_issuer_supplier_address': '#A94304', 'delivery_terms': '#875D58', 'tax_amount': '#99837C', 'taxes_condition': '#C7C30F', 'warranty_terms': '#1F787C', 'price_conditions': '#4A1C18', 'total_pages': '#01EF8F', 'stamped': '#D6305D', 'diclaration_by': '#F1A89D', 'total_amount_in_figure': '#9B6F70', 'unit': '#DA54D6', 'payment_terms': '#288677', 'destination': '#F85D87', 'discount_condition': '#2DC1CC'}
2024-03-18 12:29:47,774 is result_set is instance of dict? True
2024-03-18 12:29:47,775 is final_result_set is instance of dict? True
2024-03-18 12:29:47,908 Time taken for page 1 of Purchase_Order_By_Opener_321_0.png:0:00:03.659102
2024-03-18 12:29:48,027 *****Generated All Pages****** for Purchase_Order_By_Opener_321_0.png
2024-03-18 12:29:48,027 RAM memory 68.3 used for Purchase_Order_By_Opener_321_0.png Generating All Pages:
2024-03-18 12:29:48,027 Processing time taken for all pages of Purchase_Order_By_Opener_321_0.png1:0:00:03.778410
2024-03-18 12:29:48,152 file name is:Purchase_Order_By_Opener_240_4.png
2024-03-18 12:29:48,152 folder path :Images
2024-03-18 12:29:48,152 Calling Image result
2024-03-18 12:29:48,152 is all_page_result is instance of dict? True
2024-03-18 12:29:48,152 STREAM b'IHDR' 16 13
2024-03-18 12:29:48,152 STREAM b'IDAT' 41 65536
2024-03-18 12:29:48,212 is words is instance of list? True
2024-03-18 12:29:48,212 is bboxes is instance of list? True
2024-03-18 12:29:48,212 is bounding_boxes is instance of list? True
2024-03-18 12:29:48,443 is input_id_chunks is instance of list? True
2024-03-18 12:29:48,443 is mask_chunks is instance of list? True
2024-03-18 12:29:48,443 is bbox_chunks is instance of list? True
2024-03-18 12:29:48,443 is image_chunks is instance of list? True
2024-03-18 12:29:48,444 is input_dict is instance of dict? True
2024-03-18 12:29:51,829 Model Called
2024-03-18 12:29:51,830 RAM memory 67.3 used for Purchase_Order_By_Opener_240_4.png:
2024-03-18 12:29:51,830 is all_predictions is instance of list? True
2024-03-18 12:29:51,831 is all_boxes is instance of list? True
2024-03-18 12:29:51,831 is all_confidences is instance of list? True
2024-03-18 12:29:51,831 is all_text is instance of list? True
2024-03-18 12:29:51,832 is label2id is instance of dict? True
2024-03-18 12:29:51,832 is id2label is instance of dict? True
2024-03-18 12:29:51,835 is label2color is instance of dict? True
2024-03-18 12:29:51,835 label2color : {'total_amount_in_words': '#AE4A8A', 'freight_and_transportation_information': '#81F986', 'insurance_issuer_name': '#756026', 'remitter_drawee_buyer_importer_billto_shippedto_despacthto_name': '#908416', 'currency': '#48BDE7', 'signed_by': '#ACA695', 'page_no': '#066484', 'documents_required': '#A1DD2C', 'tin_no': '#EEFB47', 'cst_no': '#FAC21C', 'remitter_drawee_buyer_importer_billto_shippedto_despacthto_address': '#23949B', 'po_number': '#F17DD9', 'mode_of_dispatch': '#4E037C', 'unit_price': '#8BB68D', 'issue_date': '#190DCC', 'quotation_no': '#6420A0', 'dimension': '#29DA18', 'signature': '#261F83', 'O': '#4C4390', 'drawer_exporter_seller_beneficiary_issuer_supplier_name': '#4EDE31', 'packaging_details': '#142E75', 'quantity': '#74C2FF', 'vat_no': '#A7BD38', 'original_or_copy': '#8E6EA8', 'drawer_ref_no': '#3FFF87', 'drawee_ref_no': '#5EE218', 'ecc_no': '#052138', 'incoterm': '#2AF9E7', 'item_description': '#D3C184', 'transport_condition': '#7DEAA7', 'drawer_exporter_seller_beneficiary_issuer_supplier_address': '#69A7F6', 'delivery_terms': '#C18D26', 'tax_amount': '#48D927', 'taxes_condition': '#1AE042', 'warranty_terms': '#39E96C', 'price_conditions': '#0447C4', 'total_pages': '#5E5904', 'stamped': '#4C2365', 'diclaration_by': '#9681C6', 'total_amount_in_figure': '#B946D4', 'unit': '#835F91', 'payment_terms': '#332080', 'destination': '#90D43B', 'discount_condition': '#03DFC9'}
2024-03-18 12:29:52,172 is result_set is instance of dict? True
2024-03-18 12:29:52,173 is final_result_set is instance of dict? True
2024-03-18 12:29:52,445 Time taken for page 1 of Purchase_Order_By_Opener_240_4.png:0:00:04.292991
2024-03-18 12:29:52,616 *****Generated All Pages****** for Purchase_Order_By_Opener_240_4.png
2024-03-18 12:29:52,616 RAM memory 67.4 used for Purchase_Order_By_Opener_240_4.png Generating All Pages:
2024-03-18 12:29:52,616 Processing time taken for all pages of Purchase_Order_By_Opener_240_4.png1:0:00:04.463944
2024-03-18 12:29:52,761 file name is:Purchase_Order_By_Opener_329_4.png
2024-03-18 12:29:52,761 folder path :Images
2024-03-18 12:29:52,762 Calling Image result
2024-03-18 12:29:52,762 is all_page_result is instance of dict? True
2024-03-18 12:29:52,762 STREAM b'IHDR' 16 13
2024-03-18 12:29:52,762 STREAM b'IDAT' 41 38056
2024-03-18 12:29:52,807 is words is instance of list? True
2024-03-18 12:29:52,807 is bboxes is instance of list? True
2024-03-18 12:29:52,807 is bounding_boxes is instance of list? True
2024-03-18 12:29:53,113 is input_id_chunks is instance of list? True
2024-03-18 12:29:53,113 is mask_chunks is instance of list? True
2024-03-18 12:29:53,113 is bbox_chunks is instance of list? True
2024-03-18 12:29:53,114 is image_chunks is instance of list? True
2024-03-18 12:29:53,115 is input_dict is instance of dict? True
2024-03-18 12:29:54,485 Model Called
2024-03-18 12:29:54,485 RAM memory 62.8 used for Purchase_Order_By_Opener_329_4.png:
2024-03-18 12:29:54,485 is all_predictions is instance of list? True
2024-03-18 12:29:54,485 is all_boxes is instance of list? True
2024-03-18 12:29:54,485 is all_confidences is instance of list? True
2024-03-18 12:29:54,485 is all_text is instance of list? True
2024-03-18 12:29:54,485 is label2id is instance of dict? True
2024-03-18 12:29:54,486 is id2label is instance of dict? True
2024-03-18 12:29:54,487 is label2color is instance of dict? True
2024-03-18 12:29:54,487 label2color : {'total_amount_in_words': '#5CF320', 'freight_and_transportation_information': '#C8A95A', 'insurance_issuer_name': '#3AA983', 'remitter_drawee_buyer_importer_billto_shippedto_despacthto_name': '#F7120E', 'currency': '#D2923A', 'signed_by': '#8B392E', 'page_no': '#D632EC', 'documents_required': '#C8B8A8', 'tin_no': '#7ED6ED', 'cst_no': '#BAD1F4', 'remitter_drawee_buyer_importer_billto_shippedto_despacthto_address': '#8E9D92', 'po_number': '#E29445', 'mode_of_dispatch': '#BA7498', 'unit_price': '#6E874A', 'issue_date': '#E40B44', 'quotation_no': '#4E3C17', 'dimension': '#0EE08E', 'signature': '#27E1E6', 'O': '#852281', 'drawer_exporter_seller_beneficiary_issuer_supplier_name': '#98529E', 'packaging_details': '#879B1C', 'quantity': '#A40C2B', 'vat_no': '#A36682', 'original_or_copy': '#05D387', 'drawer_ref_no': '#266917', 'drawee_ref_no': '#3D0809', 'ecc_no': '#B5A05A', 'incoterm': '#37F9E8', 'item_description': '#DB03E5', 'transport_condition': '#349F7E', 'drawer_exporter_seller_beneficiary_issuer_supplier_address': '#8D1D8B', 'delivery_terms': '#FDFF48', 'tax_amount': '#238BF0', 'taxes_condition': '#66CCE5', 'warranty_terms': '#69F417', 'price_conditions': '#820073', 'total_pages': '#D67651', 'stamped': '#454414', 'diclaration_by': '#C92958', 'total_amount_in_figure': '#EB5A2E', 'unit': '#7788CD', 'payment_terms': '#9CED03', 'destination': '#E14314', 'discount_condition': '#6611D8'}
2024-03-18 12:29:54,674 is result_set is instance of dict? True
2024-03-18 12:29:54,675 is final_result_set is instance of dict? True
2024-03-18 12:29:54,883 Time taken for page 1 of Purchase_Order_By_Opener_329_4.png:0:00:02.120850
2024-03-18 12:29:55,040 *****Generated All Pages****** for Purchase_Order_By_Opener_329_4.png
2024-03-18 12:29:55,041 RAM memory 62.7 used for Purchase_Order_By_Opener_329_4.png Generating All Pages:
2024-03-18 12:29:55,041 Processing time taken for all pages of Purchase_Order_By_Opener_329_4.png1:0:00:02.279019
2024-03-18 12:29:55,163 file name is:Purchase_Order_By_Opener_333_0.png
2024-03-18 12:29:55,164 folder path :Images
2024-03-18 12:29:55,164 Calling Image result
2024-03-18 12:29:55,164 is all_page_result is instance of dict? True
2024-03-18 12:29:55,164 STREAM b'IHDR' 16 13
2024-03-18 12:29:55,164 STREAM b'IDAT' 41 54668
2024-03-18 12:29:55,211 is words is instance of list? True
2024-03-18 12:29:55,211 is bboxes is instance of list? True
2024-03-18 12:29:55,211 is bounding_boxes is instance of list? True
2024-03-18 12:29:55,532 is input_id_chunks is instance of list? True
2024-03-18 12:29:55,532 is mask_chunks is instance of list? True
2024-03-18 12:29:55,532 is bbox_chunks is instance of list? True
2024-03-18 12:29:55,532 is image_chunks is instance of list? True
2024-03-18 12:29:55,533 is input_dict is instance of dict? True
2024-03-18 12:29:59,321 Model Called
2024-03-18 12:29:59,322 RAM memory 67.6 used for Purchase_Order_By_Opener_333_0.png:
2024-03-18 12:29:59,322 is all_predictions is instance of list? True
2024-03-18 12:29:59,322 is all_boxes is instance of list? True
2024-03-18 12:29:59,322 is all_confidences is instance of list? True
2024-03-18 12:29:59,322 is all_text is instance of list? True
2024-03-18 12:29:59,322 is label2id is instance of dict? True
2024-03-18 12:29:59,323 is id2label is instance of dict? True
2024-03-18 12:29:59,324 is label2color is instance of dict? True
2024-03-18 12:29:59,324 label2color : {'total_amount_in_words': '#D80564', 'freight_and_transportation_information': '#353CD5', 'insurance_issuer_name': '#D45B92', 'remitter_drawee_buyer_importer_billto_shippedto_despacthto_name': '#E18418', 'currency': '#68D5C3', 'signed_by': '#1220CC', 'page_no': '#CCF662', 'documents_required': '#79FC5F', 'tin_no': '#DD5560', 'cst_no': '#0D55F5', 'remitter_drawee_buyer_importer_billto_shippedto_despacthto_address': '#DF6BC9', 'po_number': '#4C78A0', 'mode_of_dispatch': '#8A2078', 'unit_price': '#3D8E5D', 'issue_date': '#F38F63', 'quotation_no': '#57612A', 'dimension': '#FAAB85', 'signature': '#631435', 'O': '#E4A6B1', 'drawer_exporter_seller_beneficiary_issuer_supplier_name': '#D3FA82', 'packaging_details': '#CD27C1', 'quantity': '#15E24F', 'vat_no': '#5155D1', 'original_or_copy': '#A5BF3C', 'drawer_ref_no': '#9E0658', 'drawee_ref_no': '#DAEC6C', 'ecc_no': '#453705', 'incoterm': '#2ADF49', 'item_description': '#44D979', 'transport_condition': '#2F7634', 'drawer_exporter_seller_beneficiary_issuer_supplier_address': '#038842', 'delivery_terms': '#DBCA33', 'tax_amount': '#E88702', 'taxes_condition': '#E05BB1', 'warranty_terms': '#82A82E', 'price_conditions': '#3BFDD1', 'total_pages': '#015C9D', 'stamped': '#29D150', 'diclaration_by': '#47E8AC', 'total_amount_in_figure': '#5E3527', 'unit': '#A3FA2E', 'payment_terms': '#725826', 'destination': '#34E590', 'discount_condition': '#8A7033'}
2024-03-18 12:29:59,598 is result_set is instance of dict? True
2024-03-18 12:29:59,599 is final_result_set is instance of dict? True
2024-03-18 12:29:59,904 Time taken for page 1 of Purchase_Order_By_Opener_333_0.png:0:00:04.739799
2024-03-18 12:30:00,059 *****Generated All Pages****** for Purchase_Order_By_Opener_333_0.png
2024-03-18 12:30:00,059 RAM memory 67.6 used for Purchase_Order_By_Opener_333_0.png Generating All Pages:
2024-03-18 12:30:00,059 Processing time taken for all pages of Purchase_Order_By_Opener_333_0.png1:0:00:04.895641
2024-03-18 12:30:00,190 file name is:Purchase_Order_By_Opener_208_0.png
2024-03-18 12:30:00,190 folder path :Images
2024-03-18 12:30:00,190 Calling Image result
2024-03-18 12:30:00,190 is all_page_result is instance of dict? True
2024-03-18 12:30:00,190 STREAM b'IHDR' 16 13
2024-03-18 12:30:00,190 STREAM b'IDAT' 41 48601
2024-03-18 12:30:00,258 is words is instance of list? True
2024-03-18 12:30:00,258 is bboxes is instance of list? True
2024-03-18 12:30:00,258 is bounding_boxes is instance of list? True
2024-03-18 12:30:00,517 is input_id_chunks is instance of list? True
2024-03-18 12:30:00,518 is mask_chunks is instance of list? True
2024-03-18 12:30:00,518 is bbox_chunks is instance of list? True
2024-03-18 12:30:00,518 is image_chunks is instance of list? True
2024-03-18 12:30:00,519 is input_dict is instance of dict? True
2024-03-18 12:30:04,906 Model Called
2024-03-18 12:30:04,906 RAM memory 67.8 used for Purchase_Order_By_Opener_208_0.png:
2024-03-18 12:30:04,906 is all_predictions is instance of list? True
2024-03-18 12:30:04,906 is all_boxes is instance of list? True
2024-03-18 12:30:04,907 is all_confidences is instance of list? True
2024-03-18 12:30:04,907 is all_text is instance of list? True
2024-03-18 12:30:04,907 is label2id is instance of dict? True
2024-03-18 12:30:04,907 is id2label is instance of dict? True
2024-03-18 12:30:04,908 is label2color is instance of dict? True
2024-03-18 12:30:04,908 label2color : {'total_amount_in_words': '#630EC0', 'freight_and_transportation_information': '#F11EBD', 'insurance_issuer_name': '#CE4D5B', 'remitter_drawee_buyer_importer_billto_shippedto_despacthto_name': '#09F967', 'currency': '#E43361', 'signed_by': '#B98F4C', 'page_no': '#32F77D', 'documents_required': '#52F417', 'tin_no': '#F5C1D7', 'cst_no': '#EDF55F', 'remitter_drawee_buyer_importer_billto_shippedto_despacthto_address': '#E3851A', 'po_number': '#CF3BAD', 'mode_of_dispatch': '#981A68', 'unit_price': '#6AAB88', 'issue_date': '#95EDCA', 'quotation_no': '#B5CA06', 'dimension': '#FE17E1', 'signature': '#8174C4', 'O': '#1C6013', 'drawer_exporter_seller_beneficiary_issuer_supplier_name': '#DEC21E', 'packaging_details': '#19D306', 'quantity': '#526CC7', 'vat_no': '#031927', 'original_or_copy': '#20A9C8', 'drawer_ref_no': '#246C59', 'drawee_ref_no': '#9AE9EA', 'ecc_no': '#CDA44A', 'incoterm': '#E55B2B', 'item_description': '#AF2EC6', 'transport_condition': '#AF4BC5', 'drawer_exporter_seller_beneficiary_issuer_supplier_address': '#4EC663', 'delivery_terms': '#2FCFDB', 'tax_amount': '#1C30B2', 'taxes_condition': '#7C4696', 'warranty_terms': '#621D67', 'price_conditions': '#35DA54', 'total_pages': '#362386', 'stamped': '#873633', 'diclaration_by': '#2242FA', 'total_amount_in_figure': '#4DC813', 'unit': '#672CB2', 'payment_terms': '#715941', 'destination': '#54AC5E', 'discount_condition': '#BB1098'}
2024-03-18 12:30:05,231 is result_set is instance of dict? True
2024-03-18 12:30:05,233 is final_result_set is instance of dict? True
2024-03-18 12:30:05,505 Time taken for page 1 of Purchase_Order_By_Opener_208_0.png:0:00:05.314816
2024-03-18 12:30:05,639 *****Generated All Pages****** for Purchase_Order_By_Opener_208_0.png
2024-03-18 12:30:05,639 RAM memory 67.9 used for Purchase_Order_By_Opener_208_0.png Generating All Pages:
2024-03-18 12:30:05,639 Processing time taken for all pages of Purchase_Order_By_Opener_208_0.png1:0:00:05.449028
2024-03-18 12:30:05,783 file name is:Purchase_Order_By_Opener_271_0.png
2024-03-18 12:30:05,783 folder path :Images
2024-03-18 12:30:05,783 Calling Image result
2024-03-18 12:30:05,783 is all_page_result is instance of dict? True
2024-03-18 12:30:05,784 STREAM b'IHDR' 16 13
2024-03-18 12:30:05,784 STREAM b'IDAT' 41 26940
2024-03-18 12:30:05,833 is words is instance of list? True
2024-03-18 12:30:05,833 is bboxes is instance of list? True
2024-03-18 12:30:05,833 is bounding_boxes is instance of list? True
2024-03-18 12:30:06,016 is input_id_chunks is instance of list? True
2024-03-18 12:30:06,016 is mask_chunks is instance of list? True
2024-03-18 12:30:06,016 is bbox_chunks is instance of list? True
2024-03-18 12:30:06,016 is image_chunks is instance of list? True
2024-03-18 12:30:06,017 is input_dict is instance of dict? True
2024-03-18 12:30:08,276 Model Called
2024-03-18 12:30:08,277 RAM memory 62.5 used for Purchase_Order_By_Opener_271_0.png:
2024-03-18 12:30:08,277 is all_predictions is instance of list? True
2024-03-18 12:30:08,277 is all_boxes is instance of list? True
2024-03-18 12:30:08,277 is all_confidences is instance of list? True
2024-03-18 12:30:08,277 is all_text is instance of list? True
2024-03-18 12:30:08,278 is label2id is instance of dict? True
2024-03-18 12:30:08,278 is id2label is instance of dict? True
2024-03-18 12:30:08,279 is label2color is instance of dict? True
2024-03-18 12:30:08,280 label2color : {'total_amount_in_words': '#4E4B78', 'freight_and_transportation_information': '#F9E6C8', 'insurance_issuer_name': '#E5128F', 'remitter_drawee_buyer_importer_billto_shippedto_despacthto_name': '#73647E', 'currency': '#CC4C2D', 'signed_by': '#B2734E', 'page_no': '#443910', 'documents_required': '#6FFE83', 'tin_no': '#36820A', 'cst_no': '#C9BB4D', 'remitter_drawee_buyer_importer_billto_shippedto_despacthto_address': '#D105ED', 'po_number': '#1892DC', 'mode_of_dispatch': '#E11976', 'unit_price': '#4E624C', 'issue_date': '#F76A18', 'quotation_no': '#FB245A', 'dimension': '#0DF323', 'signature': '#F7A22A', 'O': '#D67EE5', 'drawer_exporter_seller_beneficiary_issuer_supplier_name': '#EAE69B', 'packaging_details': '#97E654', 'quantity': '#6DAA46', 'vat_no': '#B3B85F', 'original_or_copy': '#FB2C98', 'drawer_ref_no': '#E89E32', 'drawee_ref_no': '#8FB731', 'ecc_no': '#4272A1', 'incoterm': '#DE0538', 'item_description': '#FFADDF', 'transport_condition': '#180A96', 'drawer_exporter_seller_beneficiary_issuer_supplier_address': '#77DABA', 'delivery_terms': '#18B246', 'tax_amount': '#88DE90', 'taxes_condition': '#5E4008', 'warranty_terms': '#EEF873', 'price_conditions': '#F99CE2', 'total_pages': '#0173F4', 'stamped': '#26146C', 'diclaration_by': '#763151', 'total_amount_in_figure': '#F36465', 'unit': '#A6DC0A', 'payment_terms': '#02DF3F', 'destination': '#642F83', 'discount_condition': '#B05748'}
2024-03-18 12:30:08,396 is result_set is instance of dict? True
2024-03-18 12:30:08,397 is final_result_set is instance of dict? True
2024-03-18 12:30:08,646 Time taken for page 1 of Purchase_Order_By_Opener_271_0.png:0:00:02.862296
2024-03-18 12:30:08,751 *****Generated All Pages****** for Purchase_Order_By_Opener_271_0.png
2024-03-18 12:30:08,751 RAM memory 62.7 used for Purchase_Order_By_Opener_271_0.png Generating All Pages:
2024-03-18 12:30:08,751 Processing time taken for all pages of Purchase_Order_By_Opener_271_0.png1:0:00:02.967828
2024-03-18 12:30:08,883 file name is:Purchase_Order_By_Opener_349_0.png
2024-03-18 12:30:08,883 folder path :Images
2024-03-18 12:30:08,883 Calling Image result
2024-03-18 12:30:08,883 is all_page_result is instance of dict? True
2024-03-18 12:30:08,883 STREAM b'IHDR' 16 13
2024-03-18 12:30:08,883 STREAM b'IDAT' 41 63975
2024-03-18 12:30:08,958 is words is instance of list? True
2024-03-18 12:30:08,958 is bboxes is instance of list? True
2024-03-18 12:30:08,958 is bounding_boxes is instance of list? True
2024-03-18 12:30:09,211 is input_id_chunks is instance of list? True
2024-03-18 12:30:09,211 is mask_chunks is instance of list? True
2024-03-18 12:30:09,211 is bbox_chunks is instance of list? True
2024-03-18 12:30:09,211 is image_chunks is instance of list? True
2024-03-18 12:30:09,212 is input_dict is instance of dict? True
2024-03-18 12:30:11,784 Model Called
2024-03-18 12:30:11,785 RAM memory 67.5 used for Purchase_Order_By_Opener_349_0.png:
2024-03-18 12:30:11,785 is all_predictions is instance of list? True
2024-03-18 12:30:11,785 is all_boxes is instance of list? True
2024-03-18 12:30:11,785 is all_confidences is instance of list? True
2024-03-18 12:30:11,785 is all_text is instance of list? True
2024-03-18 12:30:11,785 is label2id is instance of dict? True
2024-03-18 12:30:11,785 is id2label is instance of dict? True
2024-03-18 12:30:11,787 is label2color is instance of dict? True
2024-03-18 12:30:11,787 label2color : {'total_amount_in_words': '#D40539', 'freight_and_transportation_information': '#EC7CA8', 'insurance_issuer_name': '#2BAF86', 'remitter_drawee_buyer_importer_billto_shippedto_despacthto_name': '#52DCFD', 'currency': '#9775C7', 'signed_by': '#0BD00F', 'page_no': '#7F9051', 'documents_required': '#B81004', 'tin_no': '#356AB5', 'cst_no': '#11765C', 'remitter_drawee_buyer_importer_billto_shippedto_despacthto_address': '#AD0FD7', 'po_number': '#1C3767', 'mode_of_dispatch': '#12CE5A', 'unit_price': '#8B88BD', 'issue_date': '#220714', 'quotation_no': '#102C19', 'dimension': '#A076BC', 'signature': '#3286B8', 'O': '#D93699', 'drawer_exporter_seller_beneficiary_issuer_supplier_name': '#770723', 'packaging_details': '#FE7F7C', 'quantity': '#395B98', 'vat_no': '#CB460C', 'original_or_copy': '#857D42', 'drawer_ref_no': '#3F649F', 'drawee_ref_no': '#54E514', 'ecc_no': '#89A8D3', 'incoterm': '#05F1D6', 'item_description': '#985A2F', 'transport_condition': '#0CFF4F', 'drawer_exporter_seller_beneficiary_issuer_supplier_address': '#373C15', 'delivery_terms': '#60A250', 'tax_amount': '#13A536', 'taxes_condition': '#81511A', 'warranty_terms': '#1F9AD3', 'price_conditions': '#ED495B', 'total_pages': '#85ADEC', 'stamped': '#E86A18', 'diclaration_by': '#D01045', 'total_amount_in_figure': '#012801', 'unit': '#B285BE', 'payment_terms': '#3A6B38', 'destination': '#7243F5', 'discount_condition': '#B11683'}
2024-03-18 12:30:12,090 is result_set is instance of dict? True
2024-03-18 12:30:12,091 is final_result_set is instance of dict? True
2024-03-18 12:30:12,223 Time taken for page 1 of Purchase_Order_By_Opener_349_0.png:0:00:03.339579
2024-03-18 12:30:12,355 *****Generated All Pages****** for Purchase_Order_By_Opener_349_0.png
2024-03-18 12:30:12,356 RAM memory 67.6 used for Purchase_Order_By_Opener_349_0.png Generating All Pages:
2024-03-18 12:30:12,356 Processing time taken for all pages of Purchase_Order_By_Opener_349_0.png1:0:00:03.472515
2024-03-18 12:30:12,502 file name is:Purchase_Order_By_Opener_280_0.png
2024-03-18 12:30:12,503 folder path :Images
2024-03-18 12:30:12,503 Calling Image result
2024-03-18 12:30:12,503 is all_page_result is instance of dict? True
2024-03-18 12:30:12,503 STREAM b'IHDR' 16 13
2024-03-18 12:30:12,503 STREAM b'IDAT' 41 65536
2024-03-18 12:30:12,553 is words is instance of list? True
2024-03-18 12:30:12,553 is bboxes is instance of list? True
2024-03-18 12:30:12,553 is bounding_boxes is instance of list? True
2024-03-18 12:30:12,867 is input_id_chunks is instance of list? True
2024-03-18 12:30:12,867 is mask_chunks is instance of list? True
2024-03-18 12:30:12,867 is bbox_chunks is instance of list? True
2024-03-18 12:30:12,867 is image_chunks is instance of list? True
2024-03-18 12:30:12,868 is input_dict is instance of dict? True
2024-03-18 12:30:17,770 Model Called
2024-03-18 12:30:17,771 RAM memory 74.1 used for Purchase_Order_By_Opener_280_0.png:
2024-03-18 12:30:17,771 is all_predictions is instance of list? True
2024-03-18 12:30:17,771 is all_boxes is instance of list? True
2024-03-18 12:30:17,771 is all_confidences is instance of list? True
2024-03-18 12:30:17,771 is all_text is instance of list? True
2024-03-18 12:30:17,771 is label2id is instance of dict? True
2024-03-18 12:30:17,771 is id2label is instance of dict? True
2024-03-18 12:30:17,773 is label2color is instance of dict? True
2024-03-18 12:30:17,773 label2color : {'total_amount_in_words': '#446A7F', 'freight_and_transportation_information': '#E0CB92', 'insurance_issuer_name': '#6B7D58', 'remitter_drawee_buyer_importer_billto_shippedto_despacthto_name': '#01D5E1', 'currency': '#0A9CF3', 'signed_by': '#D76B57', 'page_no': '#524C5D', 'documents_required': '#724981', 'tin_no': '#E24367', 'cst_no': '#36F3ED', 'remitter_drawee_buyer_importer_billto_shippedto_despacthto_address': '#2E3B2C', 'po_number': '#FB28D7', 'mode_of_dispatch': '#73C1AE', 'unit_price': '#EF90DB', 'issue_date': '#3654EB', 'quotation_no': '#295C24', 'dimension': '#1A9F5C', 'signature': '#61289B', 'O': '#7F2644', 'drawer_exporter_seller_beneficiary_issuer_supplier_name': '#49A9A3', 'packaging_details': '#346DB1', 'quantity': '#87BE8B', 'vat_no': '#5B8FE4', 'original_or_copy': '#8AF390', 'drawer_ref_no': '#FE3200', 'drawee_ref_no': '#3F1E8E', 'ecc_no': '#B4FBC9', 'incoterm': '#9C6DA1', 'item_description': '#41A2BD', 'transport_condition': '#9AAD79', 'drawer_exporter_seller_beneficiary_issuer_supplier_address': '#758F3E', 'delivery_terms': '#2601AA', 'tax_amount': '#8D9376', 'taxes_condition': '#F092E4', 'warranty_terms': '#50178B', 'price_conditions': '#0B1001', 'total_pages': '#284C19', 'stamped': '#3F5073', 'diclaration_by': '#5A4C79', 'total_amount_in_figure': '#14577C', 'unit': '#567E05', 'payment_terms': '#206ED9', 'destination': '#195676', 'discount_condition': '#B0FAE1'}
2024-03-18 12:30:18,191 is result_set is instance of dict? True
2024-03-18 12:30:18,192 is final_result_set is instance of dict? True
2024-03-18 12:30:18,390 Time taken for page 1 of Purchase_Order_By_Opener_280_0.png:0:00:05.886349
2024-03-18 12:30:18,564 *****Generated All Pages****** for Purchase_Order_By_Opener_280_0.png
2024-03-18 12:30:18,564 RAM memory 74.3 used for Purchase_Order_By_Opener_280_0.png Generating All Pages:
2024-03-18 12:30:18,564 Processing time taken for all pages of Purchase_Order_By_Opener_280_0.png1:0:00:06.061718
2024-03-18 12:30:18,718 file name is:Purchase_Order_By_Opener_265_0.png
2024-03-18 12:30:18,718 folder path :Images
2024-03-18 12:30:18,718 Calling Image result
2024-03-18 12:30:18,718 is all_page_result is instance of dict? True
2024-03-18 12:30:18,718 STREAM b'IHDR' 16 13
2024-03-18 12:30:18,718 STREAM b'IDAT' 41 65536
2024-03-18 12:30:18,812 is words is instance of list? True
2024-03-18 12:30:18,812 is bboxes is instance of list? True
2024-03-18 12:30:18,812 is bounding_boxes is instance of list? True
2024-03-18 12:30:19,198 is input_id_chunks is instance of list? True
2024-03-18 12:30:19,198 is mask_chunks is instance of list? True
2024-03-18 12:30:19,198 is bbox_chunks is instance of list? True
2024-03-18 12:30:19,198 is image_chunks is instance of list? True
2024-03-18 12:30:19,199 is input_dict is instance of dict? True
2024-03-18 12:30:20,888 Model Called
2024-03-18 12:30:20,889 RAM memory 62.1 used for Purchase_Order_By_Opener_265_0.png:
2024-03-18 12:30:20,889 is all_predictions is instance of list? True
2024-03-18 12:30:20,889 is all_boxes is instance of list? True
2024-03-18 12:30:20,889 is all_confidences is instance of list? True
2024-03-18 12:30:20,889 is all_text is instance of list? True
2024-03-18 12:30:20,889 is label2id is instance of dict? True
2024-03-18 12:30:20,889 is id2label is instance of dict? True
2024-03-18 12:30:20,890 is label2color is instance of dict? True
2024-03-18 12:30:20,890 label2color : {'total_amount_in_words': '#D7B193', 'freight_and_transportation_information': '#E43E69', 'insurance_issuer_name': '#11332F', 'remitter_drawee_buyer_importer_billto_shippedto_despacthto_name': '#390C0E', 'currency': '#34857C', 'signed_by': '#8C674C', 'page_no': '#509CC0', 'documents_required': '#237920', 'tin_no': '#CA0140', 'cst_no': '#12607C', 'remitter_drawee_buyer_importer_billto_shippedto_despacthto_address': '#423E82', 'po_number': '#4BE1BA', 'mode_of_dispatch': '#7B2A59', 'unit_price': '#6C908D', 'issue_date': '#5415F9', 'quotation_no': '#BBF0BD', 'dimension': '#1C435C', 'signature': '#9BBE8D', 'O': '#4F3105', 'drawer_exporter_seller_beneficiary_issuer_supplier_name': '#69E095', 'packaging_details': '#216ABD', 'quantity': '#389F14', 'vat_no': '#4A6A50', 'original_or_copy': '#506896', 'drawer_ref_no': '#DAA0BF', 'drawee_ref_no': '#EC8802', 'ecc_no': '#CEABF0', 'incoterm': '#01354F', 'item_description': '#930DE7', 'transport_condition': '#28A7AD', 'drawer_exporter_seller_beneficiary_issuer_supplier_address': '#93BCD9', 'delivery_terms': '#350CE7', 'tax_amount': '#5EBA6D', 'taxes_condition': '#58EE64', 'warranty_terms': '#61C39C', 'price_conditions': '#CD9AF1', 'total_pages': '#5445E3', 'stamped': '#A4EBD6', 'diclaration_by': '#E5E94B', 'total_amount_in_figure': '#860951', 'unit': '#6BA38E', 'payment_terms': '#45713A', 'destination': '#61BF18', 'discount_condition': '#3922C9'}
2024-03-18 12:30:21,043 is result_set is instance of dict? True
2024-03-18 12:30:21,044 is final_result_set is instance of dict? True
2024-03-18 12:30:21,164 Time taken for page 1 of Purchase_Order_By_Opener_265_0.png:0:00:02.445555
2024-03-18 12:30:21,310 *****Generated All Pages****** for Purchase_Order_By_Opener_265_0.png
2024-03-18 12:30:21,310 RAM memory 62.1 used for Purchase_Order_By_Opener_265_0.png Generating All Pages:
2024-03-18 12:30:21,310 Processing time taken for all pages of Purchase_Order_By_Opener_265_0.png1:0:00:02.592594
2024-03-18 12:30:21,420 file name is:Purchase_Order_By_Opener_272_0.png
2024-03-18 12:30:21,420 folder path :Images
2024-03-18 12:30:21,420 Calling Image result
2024-03-18 12:30:21,421 is all_page_result is instance of dict? True
2024-03-18 12:30:21,421 STREAM b'IHDR' 16 13
2024-03-18 12:30:21,421 STREAM b'IDAT' 41 65536
2024-03-18 12:30:21,490 is words is instance of list? True
2024-03-18 12:30:21,490 is bboxes is instance of list? True
2024-03-18 12:30:21,490 is bounding_boxes is instance of list? True
2024-03-18 12:30:21,699 is input_id_chunks is instance of list? True
2024-03-18 12:30:21,699 is mask_chunks is instance of list? True
2024-03-18 12:30:21,699 is bbox_chunks is instance of list? True
2024-03-18 12:30:21,699 is image_chunks is instance of list? True
2024-03-18 12:30:21,700 is input_dict is instance of dict? True
2024-03-18 12:30:24,327 Model Called
2024-03-18 12:30:24,327 RAM memory 66.8 used for Purchase_Order_By_Opener_272_0.png:
2024-03-18 12:30:24,328 is all_predictions is instance of list? True
2024-03-18 12:30:24,328 is all_boxes is instance of list? True
2024-03-18 12:30:24,328 is all_confidences is instance of list? True
2024-03-18 12:30:24,328 is all_text is instance of list? True
2024-03-18 12:30:24,328 is label2id is instance of dict? True
2024-03-18 12:30:24,328 is id2label is instance of dict? True
2024-03-18 12:30:24,330 is label2color is instance of dict? True
2024-03-18 12:30:24,330 label2color : {'total_amount_in_words': '#04BB65', 'freight_and_transportation_information': '#0A430A', 'insurance_issuer_name': '#31B320', 'remitter_drawee_buyer_importer_billto_shippedto_despacthto_name': '#49D418', 'currency': '#1A4AF5', 'signed_by': '#9EC564', 'page_no': '#2F86D7', 'documents_required': '#EDF381', 'tin_no': '#DBE078', 'cst_no': '#23CDB1', 'remitter_drawee_buyer_importer_billto_shippedto_despacthto_address': '#973FE1', 'po_number': '#1068D5', 'mode_of_dispatch': '#F9E997', 'unit_price': '#96DAD1', 'issue_date': '#4046A3', 'quotation_no': '#A63DB0', 'dimension': '#D9B3E4', 'signature': '#36A7FB', 'O': '#7D6754', 'drawer_exporter_seller_beneficiary_issuer_supplier_name': '#1EA2FE', 'packaging_details': '#191C5E', 'quantity': '#AD00D6', 'vat_no': '#835CFA', 'original_or_copy': '#B2849F', 'drawer_ref_no': '#535480', 'drawee_ref_no': '#EC23CF', 'ecc_no': '#2698CF', 'incoterm': '#A80A89', 'item_description': '#830D42', 'transport_condition': '#01CB79', 'drawer_exporter_seller_beneficiary_issuer_supplier_address': '#B5904F', 'delivery_terms': '#1757BC', 'tax_amount': '#05FCFE', 'taxes_condition': '#E5BC71', 'warranty_terms': '#FF8E4C', 'price_conditions': '#F1C0F0', 'total_pages': '#948AFE', 'stamped': '#45D657', 'diclaration_by': '#55CD09', 'total_amount_in_figure': '#3FADA6', 'unit': '#F80704', 'payment_terms': '#7A5ED9', 'destination': '#4604F2', 'discount_condition': '#F7A17A'}
2024-03-18 12:30:24,672 is result_set is instance of dict? True
2024-03-18 12:30:24,674 is final_result_set is instance of dict? True
2024-03-18 12:30:25,059 Time taken for page 1 of Purchase_Order_By_Opener_272_0.png:0:00:03.638556
2024-03-18 12:30:25,247 *****Generated All Pages****** for Purchase_Order_By_Opener_272_0.png
2024-03-18 12:30:25,248 RAM memory 67.0 used for Purchase_Order_By_Opener_272_0.png Generating All Pages:
2024-03-18 12:30:25,248 Processing time taken for all pages of Purchase_Order_By_Opener_272_0.png1:0:00:03.827105
2024-03-18 12:30:25,392 file name is:Purchase_Order_By_Opener_346_0.png
2024-03-18 12:30:25,392 folder path :Images
2024-03-18 12:30:25,392 Calling Image result
2024-03-18 12:30:25,392 is all_page_result is instance of dict? True
2024-03-18 12:30:25,392 STREAM b'IHDR' 16 13
2024-03-18 12:30:25,392 STREAM b'IDAT' 41 63465
2024-03-18 12:30:25,451 is words is instance of list? True
2024-03-18 12:30:25,451 is bboxes is instance of list? True
2024-03-18 12:30:25,451 is bounding_boxes is instance of list? True
2024-03-18 12:30:25,718 is input_id_chunks is instance of list? True
2024-03-18 12:30:25,718 is mask_chunks is instance of list? True
2024-03-18 12:30:25,718 is bbox_chunks is instance of list? True
2024-03-18 12:30:25,718 is image_chunks is instance of list? True
2024-03-18 12:30:25,719 is input_dict is instance of dict? True
2024-03-18 12:30:28,432 Model Called
2024-03-18 12:30:28,433 RAM memory 67.2 used for Purchase_Order_By_Opener_346_0.png:
2024-03-18 12:30:28,433 is all_predictions is instance of list? True
2024-03-18 12:30:28,433 is all_boxes is instance of list? True
2024-03-18 12:30:28,433 is all_confidences is instance of list? True
2024-03-18 12:30:28,433 is all_text is instance of list? True
2024-03-18 12:30:28,433 is label2id is instance of dict? True
2024-03-18 12:30:28,433 is id2label is instance of dict? True
2024-03-18 12:30:28,435 is label2color is instance of dict? True
2024-03-18 12:30:28,435 label2color : {'total_amount_in_words': '#265B71', 'freight_and_transportation_information': '#A576CA', 'insurance_issuer_name': '#B912CB', 'remitter_drawee_buyer_importer_billto_shippedto_despacthto_name': '#0E3244', 'currency': '#5D8BC4', 'signed_by': '#16F9F9', 'page_no': '#468073', 'documents_required': '#480689', 'tin_no': '#1840BA', 'cst_no': '#35C07B', 'remitter_drawee_buyer_importer_billto_shippedto_despacthto_address': '#237EFA', 'po_number': '#F0BBB9', 'mode_of_dispatch': '#B3ED3D', 'unit_price': '#E95BBC', 'issue_date': '#934F11', 'quotation_no': '#142D49', 'dimension': '#8CE8F8', 'signature': '#52E317', 'O': '#5BF81F', 'drawer_exporter_seller_beneficiary_issuer_supplier_name': '#A5B8C6', 'packaging_details': '#8D8BCE', 'quantity': '#F411EC', 'vat_no': '#E4D75D', 'original_or_copy': '#08CDC4', 'drawer_ref_no': '#0276E5', 'drawee_ref_no': '#B86A14', 'ecc_no': '#5F9354', 'incoterm': '#126C40', 'item_description': '#C2FDDF', 'transport_condition': '#09597A', 'drawer_exporter_seller_beneficiary_issuer_supplier_address': '#D59A24', 'delivery_terms': '#C81663', 'tax_amount': '#073064', 'taxes_condition': '#6DADAA', 'warranty_terms': '#EE11AF', 'price_conditions': '#EBB7A2', 'total_pages': '#72D4B8', 'stamped': '#654EEB', 'diclaration_by': '#B71F90', 'total_amount_in_figure': '#9987B5', 'unit': '#43DEE4', 'payment_terms': '#BB9964', 'destination': '#2535A5', 'discount_condition': '#18E78C'}
2024-03-18 12:30:28,678 is result_set is instance of dict? True
2024-03-18 12:30:28,679 is final_result_set is instance of dict? True
2024-03-18 12:30:28,818 Time taken for page 1 of Purchase_Order_By_Opener_346_0.png:0:00:03.425017
2024-03-18 12:30:28,935 *****Generated All Pages****** for Purchase_Order_By_Opener_346_0.png
2024-03-18 12:30:28,935 RAM memory 67.4 used for Purchase_Order_By_Opener_346_0.png Generating All Pages:
2024-03-18 12:30:28,935 Processing time taken for all pages of Purchase_Order_By_Opener_346_0.png1:0:00:03.543048
2024-03-18 12:30:29,075 file name is:Purchase_Order_By_Opener_341_0.png
2024-03-18 12:30:29,075 folder path :Images
2024-03-18 12:30:29,075 Calling Image result
2024-03-18 12:30:29,075 is all_page_result is instance of dict? True
2024-03-18 12:30:29,075 STREAM b'IHDR' 16 13
2024-03-18 12:30:29,075 STREAM b'IDAT' 41 45017
2024-03-18 12:30:29,114 is words is instance of list? True
2024-03-18 12:30:29,114 is bboxes is instance of list? True
2024-03-18 12:30:29,114 is bounding_boxes is instance of list? True
2024-03-18 12:30:29,317 is input_id_chunks is instance of list? True
2024-03-18 12:30:29,317 is mask_chunks is instance of list? True
2024-03-18 12:30:29,317 is bbox_chunks is instance of list? True
2024-03-18 12:30:29,317 is image_chunks is instance of list? True
2024-03-18 12:30:29,317 is input_dict is instance of dict? True
2024-03-18 12:30:31,810 Model Called
2024-03-18 12:30:31,810 RAM memory 66.7 used for Purchase_Order_By_Opener_341_0.png:
2024-03-18 12:30:31,810 is all_predictions is instance of list? True
2024-03-18 12:30:31,810 is all_boxes is instance of list? True
2024-03-18 12:30:31,810 is all_confidences is instance of list? True
2024-03-18 12:30:31,810 is all_text is instance of list? True
2024-03-18 12:30:31,811 is label2id is instance of dict? True
2024-03-18 12:30:31,811 is id2label is instance of dict? True
2024-03-18 12:30:31,812 is label2color is instance of dict? True
2024-03-18 12:30:31,812 label2color : {'total_amount_in_words': '#DE2B07', 'freight_and_transportation_information': '#E23F1A', 'insurance_issuer_name': '#0C0621', 'remitter_drawee_buyer_importer_billto_shippedto_despacthto_name': '#E2D295', 'currency': '#60B383', 'signed_by': '#9E7D00', 'page_no': '#E0C01F', 'documents_required': '#354300', 'tin_no': '#D8535A', 'cst_no': '#29758A', 'remitter_drawee_buyer_importer_billto_shippedto_despacthto_address': '#6AE79E', 'po_number': '#1CAC78', 'mode_of_dispatch': '#F281B3', 'unit_price': '#1CBF46', 'issue_date': '#107F3B', 'quotation_no': '#EEAF31', 'dimension': '#F81190', 'signature': '#A83757', 'O': '#03DD94', 'drawer_exporter_seller_beneficiary_issuer_supplier_name': '#CF5CFB', 'packaging_details': '#B0046B', 'quantity': '#9EB2E6', 'vat_no': '#C5BD6C', 'original_or_copy': '#B2CAF7', 'drawer_ref_no': '#2FCCAE', 'drawee_ref_no': '#582AE5', 'ecc_no': '#A7D03E', 'incoterm': '#FA6DA1', 'item_description': '#93175D', 'transport_condition': '#7951CF', 'drawer_exporter_seller_beneficiary_issuer_supplier_address': '#3A5F2F', 'delivery_terms': '#58BBF3', 'tax_amount': '#72655D', 'taxes_condition': '#BF67C3', 'warranty_terms': '#CA9A93', 'price_conditions': '#5F0E43', 'total_pages': '#60FBF1', 'stamped': '#F2C53D', 'diclaration_by': '#78C406', 'total_amount_in_figure': '#533A05', 'unit': '#6EE1E1', 'payment_terms': '#B3FD9D', 'destination': '#EC3784', 'discount_condition': '#B434BE'}
2024-03-18 12:30:32,002 is result_set is instance of dict? True
2024-03-18 12:30:32,003 is final_result_set is instance of dict? True
2024-03-18 12:30:32,115 Time taken for page 1 of Purchase_Order_By_Opener_341_0.png:0:00:03.039866
2024-03-18 12:30:32,225 *****Generated All Pages****** for Purchase_Order_By_Opener_341_0.png
2024-03-18 12:30:32,226 RAM memory 66.8 used for Purchase_Order_By_Opener_341_0.png Generating All Pages:
2024-03-18 12:30:32,226 Processing time taken for all pages of Purchase_Order_By_Opener_341_0.png1:0:00:03.150742
2024-03-18 12:30:32,343 file name is:Purchase_Order_By_Opener_345_12.png
2024-03-18 12:30:32,343 folder path :Images
2024-03-18 12:30:32,343 Calling Image result
2024-03-18 12:30:32,343 is all_page_result is instance of dict? True
2024-03-18 12:30:32,344 STREAM b'IHDR' 16 13
2024-03-18 12:30:32,344 STREAM b'IDAT' 41 46009
2024-03-18 12:30:32,405 is words is instance of list? True
2024-03-18 12:30:32,405 is bboxes is instance of list? True
2024-03-18 12:30:32,405 is bounding_boxes is instance of list? True
2024-03-18 12:30:32,608 is input_id_chunks is instance of list? True
2024-03-18 12:30:32,608 is mask_chunks is instance of list? True
2024-03-18 12:30:32,608 is bbox_chunks is instance of list? True
2024-03-18 12:30:32,608 is image_chunks is instance of list? True
2024-03-18 12:30:32,608 is input_dict is instance of dict? True
2024-03-18 12:30:35,066 Model Called
2024-03-18 12:30:35,067 RAM memory 66.8 used for Purchase_Order_By_Opener_345_12.png:
2024-03-18 12:30:35,103 is all_predictions is instance of list? True
2024-03-18 12:30:35,103 is all_boxes is instance of list? True
2024-03-18 12:30:35,103 is all_confidences is instance of list? True
2024-03-18 12:30:35,103 is all_text is instance of list? True
2024-03-18 12:30:35,104 is label2id is instance of dict? True
2024-03-18 12:30:35,104 is id2label is instance of dict? True
2024-03-18 12:30:35,104 is label2color is instance of dict? True
2024-03-18 12:30:35,105 label2color : {'total_amount_in_words': '#81DDE8', 'freight_and_transportation_information': '#D66467', 'insurance_issuer_name': '#A162F9', 'remitter_drawee_buyer_importer_billto_shippedto_despacthto_name': '#3EDB33', 'currency': '#838E6C', 'signed_by': '#A23D17', 'page_no': '#0B6712', 'documents_required': '#E26536', 'tin_no': '#8756C5', 'cst_no': '#D8099B', 'remitter_drawee_buyer_importer_billto_shippedto_despacthto_address': '#6990B6', 'po_number': '#3A0873', 'mode_of_dispatch': '#9F451C', 'unit_price': '#0A9E27', 'issue_date': '#12CDE5', 'quotation_no': '#33820F', 'dimension': '#3DD2E8', 'signature': '#534C0A', 'O': '#EBC14F', 'drawer_exporter_seller_beneficiary_issuer_supplier_name': '#DC737D', 'packaging_details': '#DECB49', 'quantity': '#4276E3', 'vat_no': '#568403', 'original_or_copy': '#E35D41', 'drawer_ref_no': '#DAC9B3', 'drawee_ref_no': '#2B5D3F', 'ecc_no': '#F69F76', 'incoterm': '#6029F6', 'item_description': '#04130B', 'transport_condition': '#510B07', 'drawer_exporter_seller_beneficiary_issuer_supplier_address': '#92443C', 'delivery_terms': '#83F749', 'tax_amount': '#F17263', 'taxes_condition': '#57A645', 'warranty_terms': '#C83B84', 'price_conditions': '#DC5A98', 'total_pages': '#6EBBFD', 'stamped': '#D6150D', 'diclaration_by': '#D81DE1', 'total_amount_in_figure': '#D698AA', 'unit': '#3B88EC', 'payment_terms': '#028179', 'destination': '#813BC5', 'discount_condition': '#B93E1A'}
2024-03-18 12:30:35,309 is result_set is instance of dict? True
2024-03-18 12:30:35,310 is final_result_set is instance of dict? True
2024-03-18 12:30:35,409 Time taken for page 1 of Purchase_Order_By_Opener_345_12.png:0:00:03.064942
2024-03-18 12:30:35,540 *****Generated All Pages****** for Purchase_Order_By_Opener_345_12.png
2024-03-18 12:30:35,540 RAM memory 66.7 used for Purchase_Order_By_Opener_345_12.png Generating All Pages:
2024-03-18 12:30:35,541 Processing time taken for all pages of Purchase_Order_By_Opener_345_12.png1:0:00:03.197035
2024-03-18 12:30:35,680 file name is:Purchase_Order_By_Opener_325_0.png
2024-03-18 12:30:35,680 folder path :Images
2024-03-18 12:30:35,680 Calling Image result
2024-03-18 12:30:35,680 is all_page_result is instance of dict? True
2024-03-18 12:30:35,680 STREAM b'IHDR' 16 13
2024-03-18 12:30:35,681 STREAM b'IDAT' 41 25831
2024-03-18 12:30:35,703 is words is instance of list? True
2024-03-18 12:30:35,703 is bboxes is instance of list? True
2024-03-18 12:30:35,703 is bounding_boxes is instance of list? True
2024-03-18 12:30:35,789 is input_id_chunks is instance of list? True
2024-03-18 12:30:35,789 is mask_chunks is instance of list? True
2024-03-18 12:30:35,789 is bbox_chunks is instance of list? True
2024-03-18 12:30:35,789 is image_chunks is instance of list? True
2024-03-18 12:30:35,790 is input_dict is instance of dict? True
2024-03-18 12:30:38,260 Model Called
2024-03-18 12:30:38,261 RAM memory 66.7 used for Purchase_Order_By_Opener_325_0.png:
2024-03-18 12:30:38,261 is all_predictions is instance of list? True
2024-03-18 12:30:38,261 is all_boxes is instance of list? True
2024-03-18 12:30:38,261 is all_confidences is instance of list? True
2024-03-18 12:30:38,261 is all_text is instance of list? True
2024-03-18 12:30:38,261 is label2id is instance of dict? True
2024-03-18 12:30:38,261 is id2label is instance of dict? True
2024-03-18 12:30:38,262 is label2color is instance of dict? True
2024-03-18 12:30:38,263 label2color : {'total_amount_in_words': '#B44C6F', 'freight_and_transportation_information': '#2484AE', 'insurance_issuer_name': '#928F17', 'remitter_drawee_buyer_importer_billto_shippedto_despacthto_name': '#2FE7E2', 'currency': '#23BC5C', 'signed_by': '#BD3BE3', 'page_no': '#14AD44', 'documents_required': '#F2B9B9', 'tin_no': '#B68270', 'cst_no': '#F9EC3E', 'remitter_drawee_buyer_importer_billto_shippedto_despacthto_address': '#0AE628', 'po_number': '#76FFBF', 'mode_of_dispatch': '#132392', 'unit_price': '#749850', 'issue_date': '#D5D920', 'quotation_no': '#9621EA', 'dimension': '#36F2F5', 'signature': '#F6D67E', 'O': '#93F6A6', 'drawer_exporter_seller_beneficiary_issuer_supplier_name': '#C7128B', 'packaging_details': '#F10A11', 'quantity': '#1E987D', 'vat_no': '#836D68', 'original_or_copy': '#5BAFC8', 'drawer_ref_no': '#55EDBD', 'drawee_ref_no': '#728839', 'ecc_no': '#B61B18', 'incoterm': '#E44429', 'item_description': '#23EB8F', 'transport_condition': '#ED5E48', 'drawer_exporter_seller_beneficiary_issuer_supplier_address': '#6BA263', 'delivery_terms': '#58C9D9', 'tax_amount': '#1AAE6F', 'taxes_condition': '#4943FA', 'warranty_terms': '#DAB4EC', 'price_conditions': '#B3A0D9', 'total_pages': '#06947C', 'stamped': '#9C37C4', 'diclaration_by': '#02E793', 'total_amount_in_figure': '#027B8D', 'unit': '#66BC2C', 'payment_terms': '#61A9C6', 'destination': '#0F26C4', 'discount_condition': '#EB7777'}
2024-03-18 12:30:38,385 is result_set is instance of dict? True
2024-03-18 12:30:38,386 is final_result_set is instance of dict? True
2024-03-18 12:30:38,608 Time taken for page 1 of Purchase_Order_By_Opener_325_0.png:0:00:02.927428
2024-03-18 12:30:38,673 *****Generated All Pages****** for Purchase_Order_By_Opener_325_0.png
2024-03-18 12:30:38,673 RAM memory 66.7 used for Purchase_Order_By_Opener_325_0.png Generating All Pages:
2024-03-18 12:30:38,673 Processing time taken for all pages of Purchase_Order_By_Opener_325_0.png1:0:00:02.992713
2024-03-18 12:30:38,785 file name is:Purchase_Order_By_Opener_350_0.png
2024-03-18 12:30:38,785 folder path :Images
2024-03-18 12:30:38,785 Calling Image result
2024-03-18 12:30:38,785 is all_page_result is instance of dict? True
2024-03-18 12:30:38,785 STREAM b'IHDR' 16 13
2024-03-18 12:30:38,786 STREAM b'IDAT' 41 43613
2024-03-18 12:30:38,849 is words is instance of list? True
2024-03-18 12:30:38,849 is bboxes is instance of list? True
2024-03-18 12:30:38,849 is bounding_boxes is instance of list? True
2024-03-18 12:30:39,045 is input_id_chunks is instance of list? True
2024-03-18 12:30:39,045 is mask_chunks is instance of list? True
2024-03-18 12:30:39,045 is bbox_chunks is instance of list? True
2024-03-18 12:30:39,045 is image_chunks is instance of list? True
2024-03-18 12:30:39,046 is input_dict is instance of dict? True
2024-03-18 12:30:41,811 Model Called
2024-03-18 12:30:41,812 RAM memory 66.6 used for Purchase_Order_By_Opener_350_0.png:
2024-03-18 12:30:41,812 is all_predictions is instance of list? True
2024-03-18 12:30:41,812 is all_boxes is instance of list? True
2024-03-18 12:30:41,812 is all_confidences is instance of list? True
2024-03-18 12:30:41,812 is all_text is instance of list? True
2024-03-18 12:30:41,812 is label2id is instance of dict? True
2024-03-18 12:30:41,812 is id2label is instance of dict? True
2024-03-18 12:30:41,813 is label2color is instance of dict? True
2024-03-18 12:30:41,813 label2color : {'total_amount_in_words': '#DC2E8A', 'freight_and_transportation_information': '#B92ABC', 'insurance_issuer_name': '#076143', 'remitter_drawee_buyer_importer_billto_shippedto_despacthto_name': '#A792DC', 'currency': '#577F7B', 'signed_by': '#30932F', 'page_no': '#9DDDA3', 'documents_required': '#DFF4DA', 'tin_no': '#B26A0F', 'cst_no': '#988FF8', 'remitter_drawee_buyer_importer_billto_shippedto_despacthto_address': '#4B44E8', 'po_number': '#4D9D30', 'mode_of_dispatch': '#F3F06D', 'unit_price': '#F2E394', 'issue_date': '#87ED50', 'quotation_no': '#ECA9AF', 'dimension': '#4516D8', 'signature': '#7842BD', 'O': '#03E8E7', 'drawer_exporter_seller_beneficiary_issuer_supplier_name': '#80DB48', 'packaging_details': '#3E6F7D', 'quantity': '#21F31D', 'vat_no': '#2D1667', 'original_or_copy': '#ED730D', 'drawer_ref_no': '#2017FE', 'drawee_ref_no': '#5D404D', 'ecc_no': '#B0F9F7', 'incoterm': '#3815DA', 'item_description': '#1CFC9A', 'transport_condition': '#21FA57', 'drawer_exporter_seller_beneficiary_issuer_supplier_address': '#760822', 'delivery_terms': '#64B4E0', 'tax_amount': '#97202F', 'taxes_condition': '#B133F7', 'warranty_terms': '#B47913', 'price_conditions': '#C07C97', 'total_pages': '#015B0E', 'stamped': '#0CE638', 'diclaration_by': '#DDBD9A', 'total_amount_in_figure': '#9D707B', 'unit': '#668C7A', 'payment_terms': '#B4ECBE', 'destination': '#BADF85', 'discount_condition': '#784C7B'}
2024-03-18 12:30:42,065 is result_set is instance of dict? True
2024-03-18 12:30:42,066 is final_result_set is instance of dict? True
2024-03-18 12:30:42,344 Time taken for page 1 of Purchase_Order_By_Opener_350_0.png:0:00:03.558021
2024-03-18 12:30:42,484 *****Generated All Pages****** for Purchase_Order_By_Opener_350_0.png
2024-03-18 12:30:42,484 RAM memory 66.6 used for Purchase_Order_By_Opener_350_0.png Generating All Pages:
2024-03-18 12:30:42,484 Processing time taken for all pages of Purchase_Order_By_Opener_350_0.png1:0:00:03.698630
2024-03-18 12:30:42,634 file name is:Purchase_Order_By_Opener_349_1.png
2024-03-18 12:30:42,635 folder path :Images
2024-03-18 12:30:42,635 Calling Image result
2024-03-18 12:30:42,635 is all_page_result is instance of dict? True
2024-03-18 12:30:42,635 STREAM b'IHDR' 16 13
2024-03-18 12:30:42,635 STREAM b'IDAT' 41 54444
2024-03-18 12:30:42,679 is words is instance of list? True
2024-03-18 12:30:42,679 is bboxes is instance of list? True
2024-03-18 12:30:42,679 is bounding_boxes is instance of list? True
2024-03-18 12:30:42,888 is input_id_chunks is instance of list? True
2024-03-18 12:30:42,888 is mask_chunks is instance of list? True
2024-03-18 12:30:42,888 is bbox_chunks is instance of list? True
2024-03-18 12:30:42,888 is image_chunks is instance of list? True
2024-03-18 12:30:42,889 is input_dict is instance of dict? True
2024-03-18 12:30:45,341 Model Called
2024-03-18 12:30:45,341 RAM memory 67.0 used for Purchase_Order_By_Opener_349_1.png:
2024-03-18 12:30:45,341 is all_predictions is instance of list? True
2024-03-18 12:30:45,341 is all_boxes is instance of list? True
2024-03-18 12:30:45,341 is all_confidences is instance of list? True
2024-03-18 12:30:45,341 is all_text is instance of list? True
2024-03-18 12:30:45,342 is label2id is instance of dict? True
2024-03-18 12:30:45,342 is id2label is instance of dict? True
2024-03-18 12:30:45,343 is label2color is instance of dict? True
2024-03-18 12:30:45,343 label2color : {'total_amount_in_words': '#1B3725', 'freight_and_transportation_information': '#B20E75', 'insurance_issuer_name': '#21C06F', 'remitter_drawee_buyer_importer_billto_shippedto_despacthto_name': '#36F8B9', 'currency': '#F0021B', 'signed_by': '#3AFA50', 'page_no': '#C71A9F', 'documents_required': '#EF5AD3', 'tin_no': '#9542CF', 'cst_no': '#1D97D4', 'remitter_drawee_buyer_importer_billto_shippedto_despacthto_address': '#8F1904', 'po_number': '#D0BDCF', 'mode_of_dispatch': '#43E686', 'unit_price': '#1D410C', 'issue_date': '#0B4A45', 'quotation_no': '#5C3283', 'dimension': '#AB9322', 'signature': '#AA2E31', 'O': '#B65638', 'drawer_exporter_seller_beneficiary_issuer_supplier_name': '#74B795', 'packaging_details': '#901815', 'quantity': '#2FD697', 'vat_no': '#933377', 'original_or_copy': '#A68C61', 'drawer_ref_no': '#324BFE', 'drawee_ref_no': '#659DB3', 'ecc_no': '#3116E9', 'incoterm': '#DCDEF4', 'item_description': '#0ACB70', 'transport_condition': '#F1CD65', 'drawer_exporter_seller_beneficiary_issuer_supplier_address': '#CAB6EF', 'delivery_terms': '#862A1A', 'tax_amount': '#B35E67', 'taxes_condition': '#D52C9C', 'warranty_terms': '#F831FD', 'price_conditions': '#E5CA25', 'total_pages': '#774E36', 'stamped': '#275CC3', 'diclaration_by': '#36E656', 'total_amount_in_figure': '#CFA538', 'unit': '#E9755A', 'payment_terms': '#C2FA42', 'destination': '#2F6A48', 'discount_condition': '#6F250E'}
2024-03-18 12:30:45,537 is result_set is instance of dict? True
2024-03-18 12:30:45,539 is final_result_set is instance of dict? True
2024-03-18 12:30:45,640 Time taken for page 1 of Purchase_Order_By_Opener_349_1.png:0:00:03.005260
2024-03-18 12:30:45,771 *****Generated All Pages****** for Purchase_Order_By_Opener_349_1.png
2024-03-18 12:30:45,771 RAM memory 67.3 used for Purchase_Order_By_Opener_349_1.png Generating All Pages:
2024-03-18 12:30:45,771 Processing time taken for all pages of Purchase_Order_By_Opener_349_1.png1:0:00:03.136125
2024-03-18 12:30:45,891 file name is:Purchase_Order_By_Opener_222_0.png
2024-03-18 12:30:45,891 folder path :Images
2024-03-18 12:30:45,891 Calling Image result
2024-03-18 12:30:45,891 is all_page_result is instance of dict? True
2024-03-18 12:30:45,891 STREAM b'IHDR' 16 13
2024-03-18 12:30:45,891 STREAM b'IDAT' 41 53060
2024-03-18 12:30:45,934 is words is instance of list? True
2024-03-18 12:30:45,935 is bboxes is instance of list? True
2024-03-18 12:30:45,935 is bounding_boxes is instance of list? True
2024-03-18 12:30:46,151 is input_id_chunks is instance of list? True
2024-03-18 12:30:46,151 is mask_chunks is instance of list? True
2024-03-18 12:30:46,151 is bbox_chunks is instance of list? True
2024-03-18 12:30:46,151 is image_chunks is instance of list? True
2024-03-18 12:30:46,152 is input_dict is instance of dict? True
2024-03-18 12:30:48,760 Model Called
2024-03-18 12:30:48,760 RAM memory 67.0 used for Purchase_Order_By_Opener_222_0.png:
2024-03-18 12:30:48,761 is all_predictions is instance of list? True
2024-03-18 12:30:48,761 is all_boxes is instance of list? True
2024-03-18 12:30:48,761 is all_confidences is instance of list? True
2024-03-18 12:30:48,761 is all_text is instance of list? True
2024-03-18 12:30:48,761 is label2id is instance of dict? True
2024-03-18 12:30:48,761 is id2label is instance of dict? True
2024-03-18 12:30:48,762 is label2color is instance of dict? True
2024-03-18 12:30:48,762 label2color : {'total_amount_in_words': '#57D72A', 'freight_and_transportation_information': '#BE9CC4', 'insurance_issuer_name': '#04B960', 'remitter_drawee_buyer_importer_billto_shippedto_despacthto_name': '#D78EC7', 'currency': '#0F7FA8', 'signed_by': '#49ACC2', 'page_no': '#1BFC5E', 'documents_required': '#F6F85B', 'tin_no': '#C9800F', 'cst_no': '#E197AB', 'remitter_drawee_buyer_importer_billto_shippedto_despacthto_address': '#EE309C', 'po_number': '#D8CF92', 'mode_of_dispatch': '#94058A', 'unit_price': '#F11E7C', 'issue_date': '#3FAB68', 'quotation_no': '#B2A02C', 'dimension': '#F108B6', 'signature': '#B4C3D3', 'O': '#99EEFF', 'drawer_exporter_seller_beneficiary_issuer_supplier_name': '#185091', 'packaging_details': '#A5FE69', 'quantity': '#64D75F', 'vat_no': '#AD6603', 'original_or_copy': '#6D0B61', 'drawer_ref_no': '#05C8E2', 'drawee_ref_no': '#B6CA00', 'ecc_no': '#A1A61E', 'incoterm': '#F53896', 'item_description': '#27CDD2', 'transport_condition': '#7DFD4C', 'drawer_exporter_seller_beneficiary_issuer_supplier_address': '#DA2C1F', 'delivery_terms': '#93B2B2', 'tax_amount': '#026305', 'taxes_condition': '#BB86CC', 'warranty_terms': '#B9D6B2', 'price_conditions': '#A6647D', 'total_pages': '#B43937', 'stamped': '#5A9F71', 'diclaration_by': '#EA6999', 'total_amount_in_figure': '#AF351D', 'unit': '#F757E5', 'payment_terms': '#95B75F', 'destination': '#ED130D', 'discount_condition': '#D7C677'}
2024-03-18 12:30:48,976 is result_set is instance of dict? True
2024-03-18 12:30:48,977 is final_result_set is instance of dict? True
2024-03-18 12:30:49,142 Time taken for page 1 of Purchase_Order_By_Opener_222_0.png:0:00:03.250462
2024-03-18 12:30:49,261 *****Generated All Pages****** for Purchase_Order_By_Opener_222_0.png
2024-03-18 12:30:49,261 RAM memory 67.0 used for Purchase_Order_By_Opener_222_0.png Generating All Pages:
2024-03-18 12:30:49,261 Processing time taken for all pages of Purchase_Order_By_Opener_222_0.png1:0:00:03.370600
2024-03-18 12:30:49,383 file name is:Purchase_Order_By_Opener_227_0.png
2024-03-18 12:30:49,383 folder path :Images
2024-03-18 12:30:49,383 Calling Image result
2024-03-18 12:30:49,383 is all_page_result is instance of dict? True
2024-03-18 12:30:49,384 STREAM b'IHDR' 16 13
2024-03-18 12:30:49,384 STREAM b'IDAT' 41 61274
2024-03-18 12:30:49,423 is words is instance of list? True
2024-03-18 12:30:49,423 is bboxes is instance of list? True
2024-03-18 12:30:49,423 is bounding_boxes is instance of list? True
2024-03-18 12:30:49,628 is input_id_chunks is instance of list? True
2024-03-18 12:30:49,629 is mask_chunks is instance of list? True
2024-03-18 12:30:49,629 is bbox_chunks is instance of list? True
2024-03-18 12:30:49,629 is image_chunks is instance of list? True
2024-03-18 12:30:49,629 is input_dict is instance of dict? True
2024-03-18 12:30:52,070 Model Called
2024-03-18 12:30:52,070 RAM memory 66.9 used for Purchase_Order_By_Opener_227_0.png:
2024-03-18 12:30:52,071 is all_predictions is instance of list? True
2024-03-18 12:30:52,071 is all_boxes is instance of list? True
2024-03-18 12:30:52,071 is all_confidences is instance of list? True
2024-03-18 12:30:52,071 is all_text is instance of list? True
2024-03-18 12:30:52,071 is label2id is instance of dict? True
2024-03-18 12:30:52,071 is id2label is instance of dict? True
2024-03-18 12:30:52,072 is label2color is instance of dict? True
2024-03-18 12:30:52,072 label2color : {'total_amount_in_words': '#8F7C82', 'freight_and_transportation_information': '#7E401F', 'insurance_issuer_name': '#B630BF', 'remitter_drawee_buyer_importer_billto_shippedto_despacthto_name': '#74875F', 'currency': '#B2A7F9', 'signed_by': '#81BC6C', 'page_no': '#180405', 'documents_required': '#A0D550', 'tin_no': '#99CEE7', 'cst_no': '#7A5023', 'remitter_drawee_buyer_importer_billto_shippedto_despacthto_address': '#4A76C6', 'po_number': '#616644', 'mode_of_dispatch': '#DA1F6E', 'unit_price': '#11FB36', 'issue_date': '#2A2A37', 'quotation_no': '#B74A07', 'dimension': '#B56C95', 'signature': '#161303', 'O': '#9FA081', 'drawer_exporter_seller_beneficiary_issuer_supplier_name': '#777537', 'packaging_details': '#84B469', 'quantity': '#F4B840', 'vat_no': '#45F39B', 'original_or_copy': '#DEF01C', 'drawer_ref_no': '#84E6BB', 'drawee_ref_no': '#695E14', 'ecc_no': '#1A98DF', 'incoterm': '#E4F4C7', 'item_description': '#5E4B58', 'transport_condition': '#74FBB9', 'drawer_exporter_seller_beneficiary_issuer_supplier_address': '#95F4DD', 'delivery_terms': '#5A6B14', 'tax_amount': '#0F8D7C', 'taxes_condition': '#114C00', 'warranty_terms': '#9DB000', 'price_conditions': '#F65949', 'total_pages': '#7A5EB4', 'stamped': '#355A71', 'diclaration_by': '#0FC0F5', 'total_amount_in_figure': '#0688A7', 'unit': '#461FE4', 'payment_terms': '#2A9832', 'destination': '#1A6632', 'discount_condition': '#AEE684'}
2024-03-18 12:30:52,269 is result_set is instance of dict? True
2024-03-18 12:30:52,269 is final_result_set is instance of dict? True
2024-03-18 12:30:52,415 Time taken for page 1 of Purchase_Order_By_Opener_227_0.png:0:00:03.031660
2024-03-18 12:30:52,536 *****Generated All Pages****** for Purchase_Order_By_Opener_227_0.png
2024-03-18 12:30:52,536 RAM memory 66.9 used for Purchase_Order_By_Opener_227_0.png Generating All Pages:
2024-03-18 12:30:52,536 Processing time taken for all pages of Purchase_Order_By_Opener_227_0.png1:0:00:03.152858
2024-03-18 12:30:52,654 file name is:Purchase_Order_By_Opener_246_3.png
2024-03-18 12:30:52,654 folder path :Images
2024-03-18 12:30:52,654 Calling Image result
2024-03-18 12:30:52,654 is all_page_result is instance of dict? True
2024-03-18 12:30:52,654 STREAM b'IHDR' 16 13
2024-03-18 12:30:52,654 STREAM b'IDAT' 41 53724
2024-03-18 12:30:52,714 is words is instance of list? True
2024-03-18 12:30:52,714 is bboxes is instance of list? True
2024-03-18 12:30:52,714 is bounding_boxes is instance of list? True
2024-03-18 12:30:52,908 is input_id_chunks is instance of list? True
2024-03-18 12:30:52,908 is mask_chunks is instance of list? True
2024-03-18 12:30:52,908 is bbox_chunks is instance of list? True
2024-03-18 12:30:52,908 is image_chunks is instance of list? True
2024-03-18 12:30:52,908 is input_dict is instance of dict? True
2024-03-18 12:30:54,183 Model Called
2024-03-18 12:30:54,184 RAM memory 63.5 used for Purchase_Order_By_Opener_246_3.png:
2024-03-18 12:30:54,184 is all_predictions is instance of list? True
2024-03-18 12:30:54,184 is all_boxes is instance of list? True
2024-03-18 12:30:54,185 is all_confidences is instance of list? True
2024-03-18 12:30:54,185 is all_text is instance of list? True
2024-03-18 12:30:54,185 is label2id is instance of dict? True
2024-03-18 12:30:54,185 is id2label is instance of dict? True
2024-03-18 12:30:54,187 is label2color is instance of dict? True
2024-03-18 12:30:54,188 label2color : {'total_amount_in_words': '#A02F1E', 'freight_and_transportation_information': '#14C8EB', 'insurance_issuer_name': '#595ECD', 'remitter_drawee_buyer_importer_billto_shippedto_despacthto_name': '#28C81B', 'currency': '#B75614', 'signed_by': '#7B0339', 'page_no': '#F6EDF4', 'documents_required': '#E2F067', 'tin_no': '#89339E', 'cst_no': '#C0C9AB', 'remitter_drawee_buyer_importer_billto_shippedto_despacthto_address': '#ED766A', 'po_number': '#D494AF', 'mode_of_dispatch': '#37EF09', 'unit_price': '#830508', 'issue_date': '#66EEA9', 'quotation_no': '#424821', 'dimension': '#2BD585', 'signature': '#89E571', 'O': '#A48B17', 'drawer_exporter_seller_beneficiary_issuer_supplier_name': '#074FB0', 'packaging_details': '#39AD7F', 'quantity': '#2676DD', 'vat_no': '#C9108D', 'original_or_copy': '#038AFD', 'drawer_ref_no': '#073CA3', 'drawee_ref_no': '#A394BB', 'ecc_no': '#5568C9', 'incoterm': '#6474B6', 'item_description': '#B79044', 'transport_condition': '#150CD1', 'drawer_exporter_seller_beneficiary_issuer_supplier_address': '#6901CF', 'delivery_terms': '#9513E2', 'tax_amount': '#6246BD', 'taxes_condition': '#83C728', 'warranty_terms': '#332EB9', 'price_conditions': '#E49C57', 'total_pages': '#0641DA', 'stamped': '#4068F7', 'diclaration_by': '#3B7F1F', 'total_amount_in_figure': '#A67B46', 'unit': '#49AAC9', 'payment_terms': '#3F5B7E', 'destination': '#1F29CF', 'discount_condition': '#038AD8'}
2024-03-18 12:30:54,358 is result_set is instance of dict? True
2024-03-18 12:30:54,358 is final_result_set is instance of dict? True
2024-03-18 12:30:54,450 Time taken for page 1 of Purchase_Order_By_Opener_246_3.png:0:00:01.795812
2024-03-18 12:30:54,565 *****Generated All Pages****** for Purchase_Order_By_Opener_246_3.png
2024-03-18 12:30:54,565 RAM memory 63.6 used for Purchase_Order_By_Opener_246_3.png Generating All Pages:
2024-03-18 12:30:54,565 Processing time taken for all pages of Purchase_Order_By_Opener_246_3.png1:0:00:01.911000
2024-03-18 12:30:54,676 file name is:Purchase_Order_By_Opener_345_16.png
2024-03-18 12:30:54,677 folder path :Images
2024-03-18 12:30:54,677 Calling Image result
2024-03-18 12:30:54,677 is all_page_result is instance of dict? True
2024-03-18 12:30:54,677 STREAM b'IHDR' 16 13
2024-03-18 12:30:54,677 STREAM b'IDAT' 41 48293
2024-03-18 12:30:54,718 is words is instance of list? True
2024-03-18 12:30:54,718 is bboxes is instance of list? True
2024-03-18 12:30:54,718 is bounding_boxes is instance of list? True
2024-03-18 12:30:54,916 is input_id_chunks is instance of list? True
2024-03-18 12:30:54,916 is mask_chunks is instance of list? True
2024-03-18 12:30:54,916 is bbox_chunks is instance of list? True
2024-03-18 12:30:54,916 is image_chunks is instance of list? True
2024-03-18 12:30:54,917 is input_dict is instance of dict? True
2024-03-18 12:30:57,440 Model Called
2024-03-18 12:30:57,440 RAM memory 67.0 used for Purchase_Order_By_Opener_345_16.png:
2024-03-18 12:30:57,441 is all_predictions is instance of list? True
2024-03-18 12:30:57,441 is all_boxes is instance of list? True
2024-03-18 12:30:57,441 is all_confidences is instance of list? True
2024-03-18 12:30:57,441 is all_text is instance of list? True
2024-03-18 12:30:57,441 is label2id is instance of dict? True
2024-03-18 12:30:57,442 is id2label is instance of dict? True
2024-03-18 12:30:57,444 is label2color is instance of dict? True
2024-03-18 12:30:57,444 label2color : {'total_amount_in_words': '#6C45DE', 'freight_and_transportation_information': '#C221E9', 'insurance_issuer_name': '#272629', 'remitter_drawee_buyer_importer_billto_shippedto_despacthto_name': '#10F4C7', 'currency': '#B89AC7', 'signed_by': '#9FFBE9', 'page_no': '#B42124', 'documents_required': '#AFE0A7', 'tin_no': '#CFEE13', 'cst_no': '#9AEB9E', 'remitter_drawee_buyer_importer_billto_shippedto_despacthto_address': '#CC45BA', 'po_number': '#D95921', 'mode_of_dispatch': '#D02628', 'unit_price': '#FB045C', 'issue_date': '#951500', 'quotation_no': '#DCD758', 'dimension': '#A3E211', 'signature': '#6B493E', 'O': '#4A9FE9', 'drawer_exporter_seller_beneficiary_issuer_supplier_name': '#13C471', 'packaging_details': '#AF03AB', 'quantity': '#DB17E8', 'vat_no': '#22C26E', 'original_or_copy': '#0850F5', 'drawer_ref_no': '#7E26EE', 'drawee_ref_no': '#39D269', 'ecc_no': '#5F4E84', 'incoterm': '#DD2A2A', 'item_description': '#3E6C6A', 'transport_condition': '#602ADA', 'drawer_exporter_seller_beneficiary_issuer_supplier_address': '#E98DD0', 'delivery_terms': '#382A2E', 'tax_amount': '#02AB0B', 'taxes_condition': '#749710', 'warranty_terms': '#642442', 'price_conditions': '#CC4163', 'total_pages': '#D9CC41', 'stamped': '#4C83D9', 'diclaration_by': '#77ED2A', 'total_amount_in_figure': '#9103D2', 'unit': '#AF2015', 'payment_terms': '#E73DAE', 'destination': '#5AB843', 'discount_condition': '#F937B4'}
2024-03-18 12:30:57,772 is result_set is instance of dict? True
2024-03-18 12:30:57,772 is final_result_set is instance of dict? True
2024-03-18 12:30:57,927 Time taken for page 1 of Purchase_Order_By_Opener_345_16.png:0:00:03.249907
2024-03-18 12:30:58,058 *****Generated All Pages****** for Purchase_Order_By_Opener_345_16.png
2024-03-18 12:30:58,058 RAM memory 67.1 used for Purchase_Order_By_Opener_345_16.png Generating All Pages:
2024-03-18 12:30:58,058 Processing time taken for all pages of Purchase_Order_By_Opener_345_16.png1:0:00:03.381441
2024-03-18 12:30:58,202 file name is:Purchase_Order_By_Opener_233_0.png
2024-03-18 12:30:58,203 folder path :Images
2024-03-18 12:30:58,203 Calling Image result
2024-03-18 12:30:58,203 is all_page_result is instance of dict? True
2024-03-18 12:30:58,203 STREAM b'IHDR' 16 13
2024-03-18 12:30:58,203 STREAM b'IDAT' 41 53284
2024-03-18 12:30:58,276 is words is instance of list? True
2024-03-18 12:30:58,276 is bboxes is instance of list? True
2024-03-18 12:30:58,277 is bounding_boxes is instance of list? True
2024-03-18 12:30:58,547 is input_id_chunks is instance of list? True
2024-03-18 12:30:58,547 is mask_chunks is instance of list? True
2024-03-18 12:30:58,548 is bbox_chunks is instance of list? True
2024-03-18 12:30:58,548 is image_chunks is instance of list? True
2024-03-18 12:30:58,548 is input_dict is instance of dict? True
2024-03-18 12:30:59,859 Model Called
2024-03-18 12:30:59,860 RAM memory 63.1 used for Purchase_Order_By_Opener_233_0.png:
2024-03-18 12:30:59,860 is all_predictions is instance of list? True
2024-03-18 12:30:59,860 is all_boxes is instance of list? True
2024-03-18 12:30:59,860 is all_confidences is instance of list? True
2024-03-18 12:30:59,860 is all_text is instance of list? True
2024-03-18 12:30:59,860 is label2id is instance of dict? True
2024-03-18 12:30:59,860 is id2label is instance of dict? True
2024-03-18 12:30:59,861 is label2color is instance of dict? True
2024-03-18 12:30:59,861 label2color : {'total_amount_in_words': '#9FD036', 'freight_and_transportation_information': '#5EE2C7', 'insurance_issuer_name': '#2A1D41', 'remitter_drawee_buyer_importer_billto_shippedto_despacthto_name': '#DA76A4', 'currency': '#BB4971', 'signed_by': '#8D3E8E', 'page_no': '#BF6BFA', 'documents_required': '#1DEC27', 'tin_no': '#942172', 'cst_no': '#84AC4B', 'remitter_drawee_buyer_importer_billto_shippedto_despacthto_address': '#65F2C5', 'po_number': '#8DCBDD', 'mode_of_dispatch': '#B8F3A0', 'unit_price': '#CDCDC4', 'issue_date': '#FEFE6A', 'quotation_no': '#719832', 'dimension': '#41713A', 'signature': '#9EF76E', 'O': '#A45C27', 'drawer_exporter_seller_beneficiary_issuer_supplier_name': '#B9B603', 'packaging_details': '#C0DF69', 'quantity': '#88BC3F', 'vat_no': '#CD4D1F', 'original_or_copy': '#1E50E4', 'drawer_ref_no': '#E578AF', 'drawee_ref_no': '#755334', 'ecc_no': '#39F0A3', 'incoterm': '#6F5F2E', 'item_description': '#B72AC9', 'transport_condition': '#011967', 'drawer_exporter_seller_beneficiary_issuer_supplier_address': '#2B59DD', 'delivery_terms': '#A7A205', 'tax_amount': '#B71B79', 'taxes_condition': '#F07450', 'warranty_terms': '#B844E8', 'price_conditions': '#12C1FB', 'total_pages': '#42479C', 'stamped': '#EEB9D2', 'diclaration_by': '#F9858F', 'total_amount_in_figure': '#679D56', 'unit': '#302A8D', 'payment_terms': '#F2A3F8', 'destination': '#6CF0DD', 'discount_condition': '#7BCE04'}
2024-03-18 12:31:00,018 is result_set is instance of dict? True
2024-03-18 12:31:00,019 is final_result_set is instance of dict? True
2024-03-18 12:31:00,186 Time taken for page 1 of Purchase_Order_By_Opener_233_0.png:0:00:01.982694
2024-03-18 12:31:00,301 *****Generated All Pages****** for Purchase_Order_By_Opener_233_0.png
2024-03-18 12:31:00,301 RAM memory 63.1 used for Purchase_Order_By_Opener_233_0.png Generating All Pages:
2024-03-18 12:31:00,301 Processing time taken for all pages of Purchase_Order_By_Opener_233_0.png1:0:00:02.098472
2024-03-18 12:31:00,410 file name is:Purchase_Order_By_Opener_290_0.png
2024-03-18 12:31:00,410 folder path :Images
2024-03-18 12:31:00,410 Calling Image result
2024-03-18 12:31:00,410 is all_page_result is instance of dict? True
2024-03-18 12:31:00,410 STREAM b'IHDR' 16 13
2024-03-18 12:31:00,410 STREAM b'IDAT' 41 47493
2024-03-18 12:31:00,451 is words is instance of list? True
2024-03-18 12:31:00,451 is bboxes is instance of list? True
2024-03-18 12:31:00,451 is bounding_boxes is instance of list? True
2024-03-18 12:31:00,649 is input_id_chunks is instance of list? True
2024-03-18 12:31:00,649 is mask_chunks is instance of list? True
2024-03-18 12:31:00,649 is bbox_chunks is instance of list? True
2024-03-18 12:31:00,649 is image_chunks is instance of list? True
2024-03-18 12:31:00,650 is input_dict is instance of dict? True
2024-03-18 12:31:01,887 Model Called
2024-03-18 12:31:01,887 RAM memory 63.0 used for Purchase_Order_By_Opener_290_0.png:
2024-03-18 12:31:01,887 is all_predictions is instance of list? True
2024-03-18 12:31:01,887 is all_boxes is instance of list? True
2024-03-18 12:31:01,888 is all_confidences is instance of list? True
2024-03-18 12:31:01,888 is all_text is instance of list? True
2024-03-18 12:31:01,888 is label2id is instance of dict? True
2024-03-18 12:31:01,888 is id2label is instance of dict? True
2024-03-18 12:31:01,889 is label2color is instance of dict? True
2024-03-18 12:31:01,889 label2color : {'total_amount_in_words': '#25B3EB', 'freight_and_transportation_information': '#175DF7', 'insurance_issuer_name': '#06519C', 'remitter_drawee_buyer_importer_billto_shippedto_despacthto_name': '#999B18', 'currency': '#82A643', 'signed_by': '#318277', 'page_no': '#2D535B', 'documents_required': '#DF38DA', 'tin_no': '#33974B', 'cst_no': '#14AE09', 'remitter_drawee_buyer_importer_billto_shippedto_despacthto_address': '#47F7E4', 'po_number': '#03F39E', 'mode_of_dispatch': '#524CD4', 'unit_price': '#52674A', 'issue_date': '#BB8455', 'quotation_no': '#EFDB39', 'dimension': '#BACB66', 'signature': '#280B58', 'O': '#07569B', 'drawer_exporter_seller_beneficiary_issuer_supplier_name': '#E4D3EA', 'packaging_details': '#B21645', 'quantity': '#BF862A', 'vat_no': '#9ED20A', 'original_or_copy': '#7E542F', 'drawer_ref_no': '#EE424E', 'drawee_ref_no': '#8CA6AC', 'ecc_no': '#B91BC7', 'incoterm': '#C1E4DC', 'item_description': '#EEEA64', 'transport_condition': '#FA6177', 'drawer_exporter_seller_beneficiary_issuer_supplier_address': '#EA60F8', 'delivery_terms': '#0A87CE', 'tax_amount': '#FFF8AF', 'taxes_condition': '#E5E5AF', 'warranty_terms': '#D04514', 'price_conditions': '#EECCB9', 'total_pages': '#EFA137', 'stamped': '#3D2D5C', 'diclaration_by': '#8C68BD', 'total_amount_in_figure': '#A22797', 'unit': '#4AD90E', 'payment_terms': '#583052', 'destination': '#ECC620', 'discount_condition': '#986E2C'}
2024-03-18 12:31:02,020 is result_set is instance of dict? True
2024-03-18 12:31:02,020 is final_result_set is instance of dict? True
2024-03-18 12:31:02,172 Time taken for page 1 of Purchase_Order_By_Opener_290_0.png:0:00:01.762237
2024-03-18 12:31:02,292 *****Generated All Pages****** for Purchase_Order_By_Opener_290_0.png
2024-03-18 12:31:02,293 RAM memory 62.9 used for Purchase_Order_By_Opener_290_0.png Generating All Pages:
2024-03-18 12:31:02,293 Processing time taken for all pages of Purchase_Order_By_Opener_290_0.png1:0:00:01.882963
2024-03-18 12:31:02,412 file name is:Purchase_Order_By_Opener_226_0.png
2024-03-18 12:31:02,413 folder path :Images
2024-03-18 12:31:02,413 Calling Image result
2024-03-18 12:31:02,413 is all_page_result is instance of dict? True
2024-03-18 12:31:02,413 STREAM b'IHDR' 16 13
2024-03-18 12:31:02,413 STREAM b'IDAT' 41 43867
2024-03-18 12:31:02,458 is words is instance of list? True
2024-03-18 12:31:02,458 is bboxes is instance of list? True
2024-03-18 12:31:02,458 is bounding_boxes is instance of list? True
2024-03-18 12:31:02,681 is input_id_chunks is instance of list? True
2024-03-18 12:31:02,681 is mask_chunks is instance of list? True
2024-03-18 12:31:02,681 is bbox_chunks is instance of list? True
2024-03-18 12:31:02,681 is image_chunks is instance of list? True
2024-03-18 12:31:02,682 is input_dict is instance of dict? True
2024-03-18 12:31:05,399 Model Called
2024-03-18 12:31:05,400 RAM memory 66.5 used for Purchase_Order_By_Opener_226_0.png:
2024-03-18 12:31:05,400 is all_predictions is instance of list? True
2024-03-18 12:31:05,400 is all_boxes is instance of list? True
2024-03-18 12:31:05,400 is all_confidences is instance of list? True
2024-03-18 12:31:05,400 is all_text is instance of list? True
2024-03-18 12:31:05,400 is label2id is instance of dict? True
2024-03-18 12:31:05,400 is id2label is instance of dict? True
2024-03-18 12:31:05,401 is label2color is instance of dict? True
2024-03-18 12:31:05,401 label2color : {'total_amount_in_words': '#29FE3B', 'freight_and_transportation_information': '#BD46F1', 'insurance_issuer_name': '#049117', 'remitter_drawee_buyer_importer_billto_shippedto_despacthto_name': '#C7AA18', 'currency': '#487093', 'signed_by': '#668459', 'page_no': '#061869', 'documents_required': '#B33A9B', 'tin_no': '#A1D016', 'cst_no': '#283171', 'remitter_drawee_buyer_importer_billto_shippedto_despacthto_address': '#858752', 'po_number': '#1692A0', 'mode_of_dispatch': '#46FD22', 'unit_price': '#29DB9F', 'issue_date': '#7E6C9E', 'quotation_no': '#7FD21D', 'dimension': '#9A5BFE', 'signature': '#8AF65C', 'O': '#880290', 'drawer_exporter_seller_beneficiary_issuer_supplier_name': '#240B4B', 'packaging_details': '#9D5B35', 'quantity': '#610078', 'vat_no': '#6AB085', 'original_or_copy': '#23F001', 'drawer_ref_no': '#AA2E45', 'drawee_ref_no': '#084F45', 'ecc_no': '#8A6A87', 'incoterm': '#4C3FC6', 'item_description': '#68314D', 'transport_condition': '#B5D140', 'drawer_exporter_seller_beneficiary_issuer_supplier_address': '#E20A55', 'delivery_terms': '#12495F', 'tax_amount': '#3E1C31', 'taxes_condition': '#D7A437', 'warranty_terms': '#72DB47', 'price_conditions': '#07F75C', 'total_pages': '#BC3CC8', 'stamped': '#005564', 'diclaration_by': '#4EFA81', 'total_amount_in_figure': '#D016E8', 'unit': '#A7B67B', 'payment_terms': '#976BF5', 'destination': '#23F95D', 'discount_condition': '#F09AA0'}
2024-03-18 12:31:05,615 is result_set is instance of dict? True
2024-03-18 12:31:05,617 is final_result_set is instance of dict? True
2024-03-18 12:31:05,824 Time taken for page 1 of Purchase_Order_By_Opener_226_0.png:0:00:03.411421
2024-03-18 12:31:05,941 *****Generated All Pages****** for Purchase_Order_By_Opener_226_0.png
2024-03-18 12:31:05,942 RAM memory 66.5 used for Purchase_Order_By_Opener_226_0.png Generating All Pages:
2024-03-18 12:31:05,942 Processing time taken for all pages of Purchase_Order_By_Opener_226_0.png1:0:00:03.528948
2024-03-18 12:31:06,109 file name is:Purchase_Order_By_Opener_344_0.png
2024-03-18 12:31:06,109 folder path :Images
2024-03-18 12:31:06,109 Calling Image result
2024-03-18 12:31:06,109 is all_page_result is instance of dict? True
2024-03-18 12:31:06,109 STREAM b'IHDR' 16 13
2024-03-18 12:31:06,110 STREAM b'IDAT' 41 25149
2024-03-18 12:31:06,186 is words is instance of list? True
2024-03-18 12:31:06,186 is bboxes is instance of list? True
2024-03-18 12:31:06,186 is bounding_boxes is instance of list? True
2024-03-18 12:31:06,457 is input_id_chunks is instance of list? True
2024-03-18 12:31:06,457 is mask_chunks is instance of list? True
2024-03-18 12:31:06,457 is bbox_chunks is instance of list? True
2024-03-18 12:31:06,457 is image_chunks is instance of list? True
2024-03-18 12:31:06,457 is input_dict is instance of dict? True
2024-03-18 12:31:07,736 Model Called
2024-03-18 12:31:07,736 RAM memory 62.2 used for Purchase_Order_By_Opener_344_0.png:
2024-03-18 12:31:07,736 is all_predictions is instance of list? True
2024-03-18 12:31:07,736 is all_boxes is instance of list? True
2024-03-18 12:31:07,736 is all_confidences is instance of list? True
2024-03-18 12:31:07,737 is all_text is instance of list? True
2024-03-18 12:31:07,737 is label2id is instance of dict? True
2024-03-18 12:31:07,737 is id2label is instance of dict? True
2024-03-18 12:31:07,738 is label2color is instance of dict? True
2024-03-18 12:31:07,738 label2color : {'total_amount_in_words': '#C5E5F3', 'freight_and_transportation_information': '#084AA9', 'insurance_issuer_name': '#ECB8A2', 'remitter_drawee_buyer_importer_billto_shippedto_despacthto_name': '#EED12D', 'currency': '#0A247F', 'signed_by': '#99390D', 'page_no': '#6DBE6D', 'documents_required': '#4B0AD1', 'tin_no': '#09DE24', 'cst_no': '#F1362F', 'remitter_drawee_buyer_importer_billto_shippedto_despacthto_address': '#F7AFDB', 'po_number': '#A13955', 'mode_of_dispatch': '#09320C', 'unit_price': '#A27DF8', 'issue_date': '#8E9E12', 'quotation_no': '#97CAD8', 'dimension': '#834A14', 'signature': '#292F59', 'O': '#F7E66C', 'drawer_exporter_seller_beneficiary_issuer_supplier_name': '#D04AAD', 'packaging_details': '#0E47F7', 'quantity': '#6C5D34', 'vat_no': '#A7FC04', 'original_or_copy': '#FB6D16', 'drawer_ref_no': '#336A12', 'drawee_ref_no': '#A606E4', 'ecc_no': '#7E2752', 'incoterm': '#B0FEA8', 'item_description': '#EE6AC9', 'transport_condition': '#85B298', 'drawer_exporter_seller_beneficiary_issuer_supplier_address': '#F265C9', 'delivery_terms': '#3EE2F8', 'tax_amount': '#42F62B', 'taxes_condition': '#E4CDD6', 'warranty_terms': '#451868', 'price_conditions': '#2A566E', 'total_pages': '#409BA9', 'stamped': '#282F1F', 'diclaration_by': '#4A2FAF', 'total_amount_in_figure': '#DF5655', 'unit': '#E12FD9', 'payment_terms': '#E0896A', 'destination': '#598BEE', 'discount_condition': '#5A3DDF'}
2024-03-18 12:31:07,893 is result_set is instance of dict? True
2024-03-18 12:31:07,894 is final_result_set is instance of dict? True
2024-03-18 12:31:08,006 Time taken for page 1 of Purchase_Order_By_Opener_344_0.png:0:00:01.896054
2024-03-18 12:31:08,159 *****Generated All Pages****** for Purchase_Order_By_Opener_344_0.png
2024-03-18 12:31:08,160 RAM memory 62.3 used for Purchase_Order_By_Opener_344_0.png Generating All Pages:
2024-03-18 12:31:08,160 Processing time taken for all pages of Purchase_Order_By_Opener_344_0.png1:0:00:02.050516
2024-03-18 12:31:08,284 file name is:Purchase_Order_By_Opener_240_5.png
2024-03-18 12:31:08,285 folder path :Images
2024-03-18 12:31:08,285 Calling Image result
2024-03-18 12:31:08,285 is all_page_result is instance of dict? True
2024-03-18 12:31:08,285 STREAM b'IHDR' 16 13
2024-03-18 12:31:08,285 STREAM b'IDAT' 41 65536
2024-03-18 12:31:08,328 is words is instance of list? True
2024-03-18 12:31:08,328 is bboxes is instance of list? True
2024-03-18 12:31:08,328 is bounding_boxes is instance of list? True
2024-03-18 12:31:08,536 is input_id_chunks is instance of list? True
2024-03-18 12:31:08,536 is mask_chunks is instance of list? True
2024-03-18 12:31:08,536 is bbox_chunks is instance of list? True
2024-03-18 12:31:08,536 is image_chunks is instance of list? True
2024-03-18 12:31:08,537 is input_dict is instance of dict? True
2024-03-18 12:31:11,123 Model Called
2024-03-18 12:31:11,123 RAM memory 66.5 used for Purchase_Order_By_Opener_240_5.png:
2024-03-18 12:31:11,123 is all_predictions is instance of list? True
2024-03-18 12:31:11,123 is all_boxes is instance of list? True
2024-03-18 12:31:11,123 is all_confidences is instance of list? True
2024-03-18 12:31:11,123 is all_text is instance of list? True
2024-03-18 12:31:11,124 is label2id is instance of dict? True
2024-03-18 12:31:11,124 is id2label is instance of dict? True
2024-03-18 12:31:11,125 is label2color is instance of dict? True
2024-03-18 12:31:11,125 label2color : {'total_amount_in_words': '#67EE5B', 'freight_and_transportation_information': '#8D377D', 'insurance_issuer_name': '#5EC207', 'remitter_drawee_buyer_importer_billto_shippedto_despacthto_name': '#F3F6DC', 'currency': '#D99D96', 'signed_by': '#0D80F4', 'page_no': '#E69356', 'documents_required': '#DA245E', 'tin_no': '#DF9E4A', 'cst_no': '#791980', 'remitter_drawee_buyer_importer_billto_shippedto_despacthto_address': '#CED0ED', 'po_number': '#F69235', 'mode_of_dispatch': '#8A8919', 'unit_price': '#C08C69', 'issue_date': '#0368C3', 'quotation_no': '#1141A4', 'dimension': '#6AA6CE', 'signature': '#70F385', 'O': '#A9B793', 'drawer_exporter_seller_beneficiary_issuer_supplier_name': '#BC4C8C', 'packaging_details': '#807692', 'quantity': '#778A0D', 'vat_no': '#ECD12C', 'original_or_copy': '#69ECF9', 'drawer_ref_no': '#D1A914', 'drawee_ref_no': '#473E34', 'ecc_no': '#5C59BF', 'incoterm': '#63CD26', 'item_description': '#05F08C', 'transport_condition': '#1AF64B', 'drawer_exporter_seller_beneficiary_issuer_supplier_address': '#5C6619', 'delivery_terms': '#D334B7', 'tax_amount': '#8A6165', 'taxes_condition': '#506DDD', 'warranty_terms': '#E9C775', 'price_conditions': '#013837', 'total_pages': '#6273B2', 'stamped': '#E797F9', 'diclaration_by': '#F3E097', 'total_amount_in_figure': '#B32122', 'unit': '#96A465', 'payment_terms': '#EF3D02', 'destination': '#BDEEA1', 'discount_condition': '#49BE22'}
2024-03-18 12:31:11,334 is result_set is instance of dict? True
2024-03-18 12:31:11,336 is final_result_set is instance of dict? True
2024-03-18 12:31:11,547 Time taken for page 1 of Purchase_Order_By_Opener_240_5.png:0:00:03.261883
2024-03-18 12:31:11,694 *****Generated All Pages****** for Purchase_Order_By_Opener_240_5.png
2024-03-18 12:31:11,694 RAM memory 66.4 used for Purchase_Order_By_Opener_240_5.png Generating All Pages:
2024-03-18 12:31:11,694 Processing time taken for all pages of Purchase_Order_By_Opener_240_5.png1:0:00:03.409259
2024-03-18 12:31:11,831 file name is:Purchase_Order_By_Opener_339_0.png
2024-03-18 12:31:11,831 folder path :Images
2024-03-18 12:31:11,831 Calling Image result
2024-03-18 12:31:11,831 is all_page_result is instance of dict? True
2024-03-18 12:31:11,832 STREAM b'IHDR' 16 13
2024-03-18 12:31:11,832 STREAM b'IDAT' 41 65536
2024-03-18 12:31:11,940 is words is instance of list? True
2024-03-18 12:31:11,940 is bboxes is instance of list? True
2024-03-18 12:31:11,940 is bounding_boxes is instance of list? True
2024-03-18 12:31:12,588 is input_id_chunks is instance of list? True
2024-03-18 12:31:12,588 is mask_chunks is instance of list? True
2024-03-18 12:31:12,588 is bbox_chunks is instance of list? True
2024-03-18 12:31:12,588 is image_chunks is instance of list? True
2024-03-18 12:31:12,588 is input_dict is instance of dict? True
2024-03-18 12:31:13,898 Model Called
2024-03-18 12:31:13,899 RAM memory 62.0 used for Purchase_Order_By_Opener_339_0.png:
2024-03-18 12:31:13,899 is all_predictions is instance of list? True
2024-03-18 12:31:13,899 is all_boxes is instance of list? True
2024-03-18 12:31:13,899 is all_confidences is instance of list? True
2024-03-18 12:31:13,899 is all_text is instance of list? True
2024-03-18 12:31:13,899 is label2id is instance of dict? True
2024-03-18 12:31:13,899 is id2label is instance of dict? True
2024-03-18 12:31:13,900 is label2color is instance of dict? True
2024-03-18 12:31:13,900 label2color : {'total_amount_in_words': '#5A323C', 'freight_and_transportation_information': '#C51B04', 'insurance_issuer_name': '#47F845', 'remitter_drawee_buyer_importer_billto_shippedto_despacthto_name': '#C09312', 'currency': '#E74188', 'signed_by': '#3CAFC8', 'page_no': '#91A64F', 'documents_required': '#223F86', 'tin_no': '#0F9255', 'cst_no': '#B7B7FD', 'remitter_drawee_buyer_importer_billto_shippedto_despacthto_address': '#09E7D2', 'po_number': '#0D0D80', 'mode_of_dispatch': '#F1E549', 'unit_price': '#0A587D', 'issue_date': '#119E00', 'quotation_no': '#5791FC', 'dimension': '#D2A86B', 'signature': '#148B29', 'O': '#A0E0F2', 'drawer_exporter_seller_beneficiary_issuer_supplier_name': '#E2122A', 'packaging_details': '#581935', 'quantity': '#7FA8DD', 'vat_no': '#A233CE', 'original_or_copy': '#6A1C8C', 'drawer_ref_no': '#6B3873', 'drawee_ref_no': '#432B62', 'ecc_no': '#759583', 'incoterm': '#398A3B', 'item_description': '#E821B2', 'transport_condition': '#07CC90', 'drawer_exporter_seller_beneficiary_issuer_supplier_address': '#0BA8F4', 'delivery_terms': '#664502', 'tax_amount': '#88F0A1', 'taxes_condition': '#E2F554', 'warranty_terms': '#9E3BDB', 'price_conditions': '#407C82', 'total_pages': '#7F3FA3', 'stamped': '#FB9E3D', 'diclaration_by': '#47BB39', 'total_amount_in_figure': '#48D38C', 'unit': '#ADFA07', 'payment_terms': '#A61DEF', 'destination': '#E49050', 'discount_condition': '#61FE7F'}
2024-03-18 12:31:14,188 is result_set is instance of dict? True
2024-03-18 12:31:14,189 is final_result_set is instance of dict? True
2024-03-18 12:31:14,332 Time taken for page 1 of Purchase_Order_By_Opener_339_0.png:0:00:02.500118
2024-03-18 12:31:14,568 *****Generated All Pages****** for Purchase_Order_By_Opener_339_0.png
2024-03-18 12:31:14,568 RAM memory 62.2 used for Purchase_Order_By_Opener_339_0.png Generating All Pages:
2024-03-18 12:31:14,568 Processing time taken for all pages of Purchase_Order_By_Opener_339_0.png1:0:00:02.736777
2024-03-18 12:31:14,682 file name is:Purchase_Order_By_Opener_239_0.png
2024-03-18 12:31:14,682 folder path :Images
2024-03-18 12:31:14,682 Calling Image result
2024-03-18 12:31:14,682 is all_page_result is instance of dict? True
2024-03-18 12:31:14,682 STREAM b'IHDR' 16 13
2024-03-18 12:31:14,682 STREAM b'IDAT' 41 48275
2024-03-18 12:31:14,747 is words is instance of list? True
2024-03-18 12:31:14,748 is bboxes is instance of list? True
2024-03-18 12:31:14,748 is bounding_boxes is instance of list? True
2024-03-18 12:31:14,939 is input_id_chunks is instance of list? True
2024-03-18 12:31:14,939 is mask_chunks is instance of list? True
2024-03-18 12:31:14,939 is bbox_chunks is instance of list? True
2024-03-18 12:31:14,939 is image_chunks is instance of list? True
2024-03-18 12:31:14,940 is input_dict is instance of dict? True
2024-03-18 12:31:17,512 Model Called
2024-03-18 12:31:17,512 RAM memory 66.9 used for Purchase_Order_By_Opener_239_0.png:
2024-03-18 12:31:17,512 is all_predictions is instance of list? True
2024-03-18 12:31:17,512 is all_boxes is instance of list? True
2024-03-18 12:31:17,512 is all_confidences is instance of list? True
2024-03-18 12:31:17,512 is all_text is instance of list? True
2024-03-18 12:31:17,513 is label2id is instance of dict? True
2024-03-18 12:31:17,513 is id2label is instance of dict? True
2024-03-18 12:31:17,514 is label2color is instance of dict? True
2024-03-18 12:31:17,514 label2color : {'total_amount_in_words': '#74BDFD', 'freight_and_transportation_information': '#596BE0', 'insurance_issuer_name': '#66CA34', 'remitter_drawee_buyer_importer_billto_shippedto_despacthto_name': '#23FDEB', 'currency': '#EA228D', 'signed_by': '#63FDBB', 'page_no': '#2BA747', 'documents_required': '#6D47FA', 'tin_no': '#E7C2EB', 'cst_no': '#4A884E', 'remitter_drawee_buyer_importer_billto_shippedto_despacthto_address': '#F196A4', 'po_number': '#22D4A9', 'mode_of_dispatch': '#FFA4D6', 'unit_price': '#13F222', 'issue_date': '#402E05', 'quotation_no': '#C646E3', 'dimension': '#EC96D3', 'signature': '#11DB1E', 'O': '#BC62D2', 'drawer_exporter_seller_beneficiary_issuer_supplier_name': '#409B81', 'packaging_details': '#AA5C16', 'quantity': '#3A57D6', 'vat_no': '#A1FE94', 'original_or_copy': '#F62FE7', 'drawer_ref_no': '#95D141', 'drawee_ref_no': '#36C861', 'ecc_no': '#B5D6DC', 'incoterm': '#B60B44', 'item_description': '#14520D', 'transport_condition': '#9E531D', 'drawer_exporter_seller_beneficiary_issuer_supplier_address': '#4DFB0F', 'delivery_terms': '#EB936A', 'tax_amount': '#5F9EEC', 'taxes_condition': '#24A553', 'warranty_terms': '#80A723', 'price_conditions': '#99D00D', 'total_pages': '#1F7DF1', 'stamped': '#05E602', 'diclaration_by': '#51A42D', 'total_amount_in_figure': '#5FD711', 'unit': '#2012C5', 'payment_terms': '#93DDB1', 'destination': '#4760C3', 'discount_condition': '#7EAB6E'}
2024-03-18 12:31:17,705 is result_set is instance of dict? True
2024-03-18 12:31:17,706 is final_result_set is instance of dict? True
2024-03-18 12:31:17,896 Time taken for page 1 of Purchase_Order_By_Opener_239_0.png:0:00:03.213778
2024-03-18 12:31:18,008 *****Generated All Pages****** for Purchase_Order_By_Opener_239_0.png
2024-03-18 12:31:18,009 RAM memory 66.9 used for Purchase_Order_By_Opener_239_0.png Generating All Pages:
2024-03-18 12:31:18,009 Processing time taken for all pages of Purchase_Order_By_Opener_239_0.png1:0:00:03.326756
2024-03-18 12:31:18,124 file name is:Purchase_Order_By_Opener_206_0.png
2024-03-18 12:31:18,124 folder path :Images
2024-03-18 12:31:18,124 Calling Image result
2024-03-18 12:31:18,124 is all_page_result is instance of dict? True
2024-03-18 12:31:18,124 STREAM b'IHDR' 16 13
2024-03-18 12:31:18,125 STREAM b'IDAT' 41 14260
2024-03-18 12:31:18,143 is words is instance of list? True
2024-03-18 12:31:18,144 is bboxes is instance of list? True
2024-03-18 12:31:18,144 is bounding_boxes is instance of list? True
2024-03-18 12:31:18,201 is input_id_chunks is instance of list? True
2024-03-18 12:31:18,201 is mask_chunks is instance of list? True
2024-03-18 12:31:18,201 is bbox_chunks is instance of list? True
2024-03-18 12:31:18,201 is image_chunks is instance of list? True
2024-03-18 12:31:18,202 is input_dict is instance of dict? True
2024-03-18 12:31:19,527 Model Called
2024-03-18 12:31:19,528 RAM memory 64.8 used for Purchase_Order_By_Opener_206_0.png:
2024-03-18 12:31:19,528 is all_predictions is instance of list? True
2024-03-18 12:31:19,528 is all_boxes is instance of list? True
2024-03-18 12:31:19,528 is all_confidences is instance of list? True
2024-03-18 12:31:19,528 is all_text is instance of list? True
2024-03-18 12:31:19,528 is label2id is instance of dict? True
2024-03-18 12:31:19,528 is id2label is instance of dict? True
2024-03-18 12:31:19,529 is label2color is instance of dict? True
2024-03-18 12:31:19,529 label2color : {'total_amount_in_words': '#3A4334', 'freight_and_transportation_information': '#BE3B4F', 'insurance_issuer_name': '#65D044', 'remitter_drawee_buyer_importer_billto_shippedto_despacthto_name': '#553C60', 'currency': '#1CC95D', 'signed_by': '#92A421', 'page_no': '#FBD4D7', 'documents_required': '#336FB8', 'tin_no': '#8F948D', 'cst_no': '#05CFBA', 'remitter_drawee_buyer_importer_billto_shippedto_despacthto_address': '#83D486', 'po_number': '#C8ABC0', 'mode_of_dispatch': '#9B01C3', 'unit_price': '#62E24B', 'issue_date': '#31079F', 'quotation_no': '#5C4FB6', 'dimension': '#7B0AD4', 'signature': '#92D219', 'O': '#F66FA6', 'drawer_exporter_seller_beneficiary_issuer_supplier_name': '#3249EB', 'packaging_details': '#3701BB', 'quantity': '#C093B0', 'vat_no': '#4CE10D', 'original_or_copy': '#9BC96D', 'drawer_ref_no': '#0840EB', 'drawee_ref_no': '#C9A332', 'ecc_no': '#8A025A', 'incoterm': '#7DD6E3', 'item_description': '#897379', 'transport_condition': '#40477A', 'drawer_exporter_seller_beneficiary_issuer_supplier_address': '#EB9DE9', 'delivery_terms': '#427A77', 'tax_amount': '#3A36A1', 'taxes_condition': '#780108', 'warranty_terms': '#351E20', 'price_conditions': '#C7D4A0', 'total_pages': '#6F05B9', 'stamped': '#B8A176', 'diclaration_by': '#5B9021', 'total_amount_in_figure': '#1D0569', 'unit': '#11E0C1', 'payment_terms': '#78BFEE', 'destination': '#288D12', 'discount_condition': '#015AB8'}
2024-03-18 12:31:19,576 is result_set is instance of dict? True
2024-03-18 12:31:19,576 is final_result_set is instance of dict? True
2024-03-18 12:31:19,701 Time taken for page 1 of Purchase_Order_By_Opener_206_0.png:0:00:01.576271
2024-03-18 12:31:19,740 *****Generated All Pages****** for Purchase_Order_By_Opener_206_0.png
2024-03-18 12:31:19,740 RAM memory 64.8 used for Purchase_Order_By_Opener_206_0.png Generating All Pages:
2024-03-18 12:31:19,740 Processing time taken for all pages of Purchase_Order_By_Opener_206_0.png1:0:00:01.616199
2024-03-18 12:31:19,857 file name is:Purchase_Order_By_Opener_245_1.png
2024-03-18 12:31:19,858 folder path :Images
2024-03-18 12:31:19,858 Calling Image result
2024-03-18 12:31:19,858 is all_page_result is instance of dict? True
2024-03-18 12:31:19,858 STREAM b'IHDR' 16 13
2024-03-18 12:31:19,858 STREAM b'IDAT' 41 34565
2024-03-18 12:31:19,888 is words is instance of list? True
2024-03-18 12:31:19,888 is bboxes is instance of list? True
2024-03-18 12:31:19,888 is bounding_boxes is instance of list? True
2024-03-18 12:31:20,011 is input_id_chunks is instance of list? True
2024-03-18 12:31:20,011 is mask_chunks is instance of list? True
2024-03-18 12:31:20,011 is bbox_chunks is instance of list? True
2024-03-18 12:31:20,011 is image_chunks is instance of list? True
2024-03-18 12:31:20,012 is input_dict is instance of dict? True
2024-03-18 12:31:21,263 Model Called
2024-03-18 12:31:21,263 RAM memory 65.0 used for Purchase_Order_By_Opener_245_1.png:
2024-03-18 12:31:21,263 is all_predictions is instance of list? True
2024-03-18 12:31:21,263 is all_boxes is instance of list? True
2024-03-18 12:31:21,263 is all_confidences is instance of list? True
2024-03-18 12:31:21,263 is all_text is instance of list? True
2024-03-18 12:31:21,264 is label2id is instance of dict? True
2024-03-18 12:31:21,264 is id2label is instance of dict? True
2024-03-18 12:31:21,265 is label2color is instance of dict? True
2024-03-18 12:31:21,265 label2color : {'total_amount_in_words': '#054E4E', 'freight_and_transportation_information': '#16FA3F', 'insurance_issuer_name': '#0EA120', 'remitter_drawee_buyer_importer_billto_shippedto_despacthto_name': '#885740', 'currency': '#93E6FD', 'signed_by': '#34773B', 'page_no': '#89AABF', 'documents_required': '#274451', 'tin_no': '#5C4010', 'cst_no': '#DE212F', 'remitter_drawee_buyer_importer_billto_shippedto_despacthto_address': '#E5791E', 'po_number': '#8EFB0E', 'mode_of_dispatch': '#6AF1D2', 'unit_price': '#A4133A', 'issue_date': '#279D55', 'quotation_no': '#8E7C54', 'dimension': '#733C6D', 'signature': '#9C877B', 'O': '#891C8E', 'drawer_exporter_seller_beneficiary_issuer_supplier_name': '#F5B147', 'packaging_details': '#B86EE1', 'quantity': '#38A824', 'vat_no': '#311BE6', 'original_or_copy': '#F78E8B', 'drawer_ref_no': '#773E3F', 'drawee_ref_no': '#D45921', 'ecc_no': '#C4A6C8', 'incoterm': '#ED5473', 'item_description': '#906F87', 'transport_condition': '#EB1B7B', 'drawer_exporter_seller_beneficiary_issuer_supplier_address': '#6AF82C', 'delivery_terms': '#D89879', 'tax_amount': '#835CF3', 'taxes_condition': '#972393', 'warranty_terms': '#510F7D', 'price_conditions': '#75929B', 'total_pages': '#1409EA', 'stamped': '#E0D57E', 'diclaration_by': '#2A7BFA', 'total_amount_in_figure': '#1CD149', 'unit': '#CA5326', 'payment_terms': '#38EE1E', 'destination': '#37B3FA', 'discount_condition': '#3146E0'}
2024-03-18 12:31:21,350 is result_set is instance of dict? True
2024-03-18 12:31:21,350 is final_result_set is instance of dict? True
2024-03-18 12:31:21,447 Time taken for page 1 of Purchase_Order_By_Opener_245_1.png:0:00:01.589108
2024-03-18 12:31:21,573 *****Generated All Pages****** for Purchase_Order_By_Opener_245_1.png
2024-03-18 12:31:21,573 RAM memory 65.0 used for Purchase_Order_By_Opener_245_1.png Generating All Pages:
2024-03-18 12:31:21,573 Processing time taken for all pages of Purchase_Order_By_Opener_245_1.png1:0:00:01.715273
2024-03-18 12:31:21,707 file name is:Purchase_Order_By_Opener_354_0.png
2024-03-18 12:31:21,707 folder path :Images
2024-03-18 12:31:21,707 Calling Image result
2024-03-18 12:31:21,707 is all_page_result is instance of dict? True
2024-03-18 12:31:21,707 STREAM b'IHDR' 16 13
2024-03-18 12:31:21,707 STREAM b'IDAT' 41 50611
2024-03-18 12:31:21,748 is words is instance of list? True
2024-03-18 12:31:21,748 is bboxes is instance of list? True
2024-03-18 12:31:21,748 is bounding_boxes is instance of list? True
2024-03-18 12:31:21,990 is input_id_chunks is instance of list? True
2024-03-18 12:31:21,990 is mask_chunks is instance of list? True
2024-03-18 12:31:21,991 is bbox_chunks is instance of list? True
2024-03-18 12:31:21,991 is image_chunks is instance of list? True
2024-03-18 12:31:21,991 is input_dict is instance of dict? True
2024-03-18 12:31:23,278 Model Called
2024-03-18 12:31:23,278 RAM memory 61.4 used for Purchase_Order_By_Opener_354_0.png:
2024-03-18 12:31:23,278 is all_predictions is instance of list? True
2024-03-18 12:31:23,278 is all_boxes is instance of list? True
2024-03-18 12:31:23,278 is all_confidences is instance of list? True
2024-03-18 12:31:23,278 is all_text is instance of list? True
2024-03-18 12:31:23,278 is label2id is instance of dict? True
2024-03-18 12:31:23,279 is id2label is instance of dict? True
2024-03-18 12:31:23,280 is label2color is instance of dict? True
2024-03-18 12:31:23,280 label2color : {'total_amount_in_words': '#8873B4', 'freight_and_transportation_information': '#3769EE', 'insurance_issuer_name': '#01D6A6', 'remitter_drawee_buyer_importer_billto_shippedto_despacthto_name': '#0181D1', 'currency': '#7CA6A0', 'signed_by': '#B74668', 'page_no': '#47430B', 'documents_required': '#A68652', 'tin_no': '#180A10', 'cst_no': '#1E1E12', 'remitter_drawee_buyer_importer_billto_shippedto_despacthto_address': '#BECCFA', 'po_number': '#6FC6E0', 'mode_of_dispatch': '#C1FCAA', 'unit_price': '#80C8DB', 'issue_date': '#C8E1F7', 'quotation_no': '#96A029', 'dimension': '#8CB489', 'signature': '#94F43F', 'O': '#6DCD60', 'drawer_exporter_seller_beneficiary_issuer_supplier_name': '#5E91F4', 'packaging_details': '#C9A9C1', 'quantity': '#41CDC1', 'vat_no': '#C8F8D9', 'original_or_copy': '#34F6C1', 'drawer_ref_no': '#1BC132', 'drawee_ref_no': '#DAED74', 'ecc_no': '#9EF907', 'incoterm': '#76B068', 'item_description': '#8F9189', 'transport_condition': '#F4FD1C', 'drawer_exporter_seller_beneficiary_issuer_supplier_address': '#E9295C', 'delivery_terms': '#EE6F6F', 'tax_amount': '#788B72', 'taxes_condition': '#816CC0', 'warranty_terms': '#D1712C', 'price_conditions': '#4A7D32', 'total_pages': '#EE2CB4', 'stamped': '#176564', 'diclaration_by': '#5C2DFD', 'total_amount_in_figure': '#34C926', 'unit': '#5B9CA8', 'payment_terms': '#8BB157', 'destination': '#DCAFDE', 'discount_condition': '#152F96'}
2024-03-18 12:31:23,411 is result_set is instance of dict? True
2024-03-18 12:31:23,411 is final_result_set is instance of dict? True
2024-03-18 12:31:23,567 Time taken for page 1 of Purchase_Order_By_Opener_354_0.png:0:00:01.859493
2024-03-18 12:31:23,675 *****Generated All Pages****** for Purchase_Order_By_Opener_354_0.png
2024-03-18 12:31:23,675 RAM memory 61.2 used for Purchase_Order_By_Opener_354_0.png Generating All Pages:
2024-03-18 12:31:23,675 Processing time taken for all pages of Purchase_Order_By_Opener_354_0.png1:0:00:01.968503
2024-03-18 12:31:23,786 file name is:Purchase_Order_By_Opener_348_0.png
2024-03-18 12:31:23,787 folder path :Images
2024-03-18 12:31:23,787 Calling Image result
2024-03-18 12:31:23,787 is all_page_result is instance of dict? True
2024-03-18 12:31:23,787 STREAM b'IHDR' 16 13
2024-03-18 12:31:23,787 STREAM b'IDAT' 41 31577
2024-03-18 12:31:23,815 is words is instance of list? True
2024-03-18 12:31:23,815 is bboxes is instance of list? True
2024-03-18 12:31:23,815 is bounding_boxes is instance of list? True
2024-03-18 12:31:23,953 is input_id_chunks is instance of list? True
2024-03-18 12:31:23,953 is mask_chunks is instance of list? True
2024-03-18 12:31:23,953 is bbox_chunks is instance of list? True
2024-03-18 12:31:23,953 is image_chunks is instance of list? True
2024-03-18 12:31:23,954 is input_dict is instance of dict? True
2024-03-18 12:31:25,263 Model Called
2024-03-18 12:31:25,263 RAM memory 61.3 used for Purchase_Order_By_Opener_348_0.png:
2024-03-18 12:31:25,263 is all_predictions is instance of list? True
2024-03-18 12:31:25,263 is all_boxes is instance of list? True
2024-03-18 12:31:25,263 is all_confidences is instance of list? True
2024-03-18 12:31:25,263 is all_text is instance of list? True
2024-03-18 12:31:25,263 is label2id is instance of dict? True
2024-03-18 12:31:25,264 is id2label is instance of dict? True
2024-03-18 12:31:25,265 is label2color is instance of dict? True
2024-03-18 12:31:25,265 label2color : {'total_amount_in_words': '#9528E4', 'freight_and_transportation_information': '#E0C8A3', 'insurance_issuer_name': '#576B60', 'remitter_drawee_buyer_importer_billto_shippedto_despacthto_name': '#8554B3', 'currency': '#4BC727', 'signed_by': '#03C50C', 'page_no': '#81BC04', 'documents_required': '#F6CAD7', 'tin_no': '#BE70B5', 'cst_no': '#33CAF6', 'remitter_drawee_buyer_importer_billto_shippedto_despacthto_address': '#D1E5D4', 'po_number': '#CFB09B', 'mode_of_dispatch': '#6435E4', 'unit_price': '#5F8978', 'issue_date': '#B92B59', 'quotation_no': '#79B400', 'dimension': '#33C479', 'signature': '#208BA2', 'O': '#EAC173', 'drawer_exporter_seller_beneficiary_issuer_supplier_name': '#EFDBF7', 'packaging_details': '#004F4D', 'quantity': '#A8A463', 'vat_no': '#9A9E14', 'original_or_copy': '#58CE71', 'drawer_ref_no': '#527201', 'drawee_ref_no': '#879958', 'ecc_no': '#A9421C', 'incoterm': '#5892BF', 'item_description': '#3B56AE', 'transport_condition': '#08873F', 'drawer_exporter_seller_beneficiary_issuer_supplier_address': '#06B180', 'delivery_terms': '#98CF11', 'tax_amount': '#893FBB', 'taxes_condition': '#270DD0', 'warranty_terms': '#18045D', 'price_conditions': '#592739', 'total_pages': '#3075C9', 'stamped': '#9F7E0A', 'diclaration_by': '#19D4E4', 'total_amount_in_figure': '#251052', 'unit': '#21BA17', 'payment_terms': '#D7A7D7', 'destination': '#FCCBB5', 'discount_condition': '#50751D'}
2024-03-18 12:31:25,353 is result_set is instance of dict? True
2024-03-18 12:31:25,354 is final_result_set is instance of dict? True
2024-03-18 12:31:25,494 Time taken for page 1 of Purchase_Order_By_Opener_348_0.png:0:00:01.706904
2024-03-18 12:31:25,568 *****Generated All Pages****** for Purchase_Order_By_Opener_348_0.png
2024-03-18 12:31:25,568 RAM memory 61.3 used for Purchase_Order_By_Opener_348_0.png Generating All Pages:
2024-03-18 12:31:25,569 Processing time taken for all pages of Purchase_Order_By_Opener_348_0.png1:0:00:01.781781
2024-03-18 12:31:25,679 file name is:Purchase_Order_By_Opener_190_1.png
2024-03-18 12:31:25,679 folder path :Images
2024-03-18 12:31:25,679 Calling Image result
2024-03-18 12:31:25,679 is all_page_result is instance of dict? True
2024-03-18 12:31:25,679 STREAM b'IHDR' 16 13
2024-03-18 12:31:25,680 STREAM b'IDAT' 41 40971
2024-03-18 12:31:25,717 is words is instance of list? True
2024-03-18 12:31:25,717 is bboxes is instance of list? True
2024-03-18 12:31:25,717 is bounding_boxes is instance of list? True
2024-03-18 12:31:25,923 is input_id_chunks is instance of list? True
2024-03-18 12:31:25,923 is mask_chunks is instance of list? True
2024-03-18 12:31:25,923 is bbox_chunks is instance of list? True
2024-03-18 12:31:25,923 is image_chunks is instance of list? True
2024-03-18 12:31:25,923 is input_dict is instance of dict? True
2024-03-18 12:31:28,384 Model Called
2024-03-18 12:31:28,385 RAM memory 66.3 used for Purchase_Order_By_Opener_190_1.png:
2024-03-18 12:31:28,385 is all_predictions is instance of list? True
2024-03-18 12:31:28,385 is all_boxes is instance of list? True
2024-03-18 12:31:28,385 is all_confidences is instance of list? True
2024-03-18 12:31:28,385 is all_text is instance of list? True
2024-03-18 12:31:28,386 is label2id is instance of dict? True
2024-03-18 12:31:28,386 is id2label is instance of dict? True
2024-03-18 12:31:28,387 is label2color is instance of dict? True
2024-03-18 12:31:28,387 label2color : {'total_amount_in_words': '#0CD0A0', 'freight_and_transportation_information': '#2E8EE4', 'insurance_issuer_name': '#162408', 'remitter_drawee_buyer_importer_billto_shippedto_despacthto_name': '#6D3E85', 'currency': '#7DC170', 'signed_by': '#95A464', 'page_no': '#559E60', 'documents_required': '#89F8A7', 'tin_no': '#86D6BD', 'cst_no': '#4D09CC', 'remitter_drawee_buyer_importer_billto_shippedto_despacthto_address': '#4A8A1A', 'po_number': '#F44FE1', 'mode_of_dispatch': '#C969FE', 'unit_price': '#9D1998', 'issue_date': '#DCA2FF', 'quotation_no': '#FAA84C', 'dimension': '#6A0384', 'signature': '#7A7BB6', 'O': '#4FDE04', 'drawer_exporter_seller_beneficiary_issuer_supplier_name': '#BB57ED', 'packaging_details': '#953592', 'quantity': '#8BBCE0', 'vat_no': '#0D70F0', 'original_or_copy': '#90706E', 'drawer_ref_no': '#EAC376', 'drawee_ref_no': '#ED7346', 'ecc_no': '#18909D', 'incoterm': '#A01127', 'item_description': '#7D7CE2', 'transport_condition': '#DD722F', 'drawer_exporter_seller_beneficiary_issuer_supplier_address': '#AC6F34', 'delivery_terms': '#BCB384', 'tax_amount': '#38266F', 'taxes_condition': '#659CEF', 'warranty_terms': '#7804D8', 'price_conditions': '#293066', 'total_pages': '#728663', 'stamped': '#79E4E1', 'diclaration_by': '#8BCB55', 'total_amount_in_figure': '#4E1AED', 'unit': '#C27E7B', 'payment_terms': '#04387F', 'destination': '#F0709B', 'discount_condition': '#380BD7'}
2024-03-18 12:31:28,588 is result_set is instance of dict? True
2024-03-18 12:31:28,588 is final_result_set is instance of dict? True
2024-03-18 12:31:28,690 Time taken for page 1 of Purchase_Order_By_Opener_190_1.png:0:00:03.010664
2024-03-18 12:31:28,791 *****Generated All Pages****** for Purchase_Order_By_Opener_190_1.png
2024-03-18 12:31:28,791 RAM memory 66.5 used for Purchase_Order_By_Opener_190_1.png Generating All Pages:
2024-03-18 12:31:28,791 Processing time taken for all pages of Purchase_Order_By_Opener_190_1.png1:0:00:03.112239
2024-03-18 12:31:28,906 file name is:Purchase_Order_By_Opener_325_1.png
2024-03-18 12:31:28,906 folder path :Images
2024-03-18 12:31:28,906 Calling Image result
2024-03-18 12:31:28,906 is all_page_result is instance of dict? True
2024-03-18 12:31:28,906 STREAM b'IHDR' 16 13
2024-03-18 12:31:28,907 STREAM b'IDAT' 41 17153
2024-03-18 12:31:28,954 is words is instance of list? True
2024-03-18 12:31:28,954 is bboxes is instance of list? True
2024-03-18 12:31:28,954 is bounding_boxes is instance of list? True
2024-03-18 12:31:29,038 is input_id_chunks is instance of list? True
2024-03-18 12:31:29,038 is mask_chunks is instance of list? True
2024-03-18 12:31:29,038 is bbox_chunks is instance of list? True
2024-03-18 12:31:29,038 is image_chunks is instance of list? True
2024-03-18 12:31:29,039 is input_dict is instance of dict? True
2024-03-18 12:31:30,230 Model Called
2024-03-18 12:31:30,231 RAM memory 61.5 used for Purchase_Order_By_Opener_325_1.png:
2024-03-18 12:31:30,231 is all_predictions is instance of list? True
2024-03-18 12:31:30,231 is all_boxes is instance of list? True
2024-03-18 12:31:30,231 is all_confidences is instance of list? True
2024-03-18 12:31:30,231 is all_text is instance of list? True
2024-03-18 12:31:30,231 is label2id is instance of dict? True
2024-03-18 12:31:30,231 is id2label is instance of dict? True
2024-03-18 12:31:30,232 is label2color is instance of dict? True
2024-03-18 12:31:30,232 label2color : {'total_amount_in_words': '#A38C7A', 'freight_and_transportation_information': '#FEACCA', 'insurance_issuer_name': '#74B9B7', 'remitter_drawee_buyer_importer_billto_shippedto_despacthto_name': '#0B3238', 'currency': '#D6676C', 'signed_by': '#5CD5CF', 'page_no': '#B5670E', 'documents_required': '#B2AE2E', 'tin_no': '#1A1406', 'cst_no': '#A96BB6', 'remitter_drawee_buyer_importer_billto_shippedto_despacthto_address': '#5AFDA4', 'po_number': '#9C202C', 'mode_of_dispatch': '#1BC295', 'unit_price': '#CF232B', 'issue_date': '#6E0985', 'quotation_no': '#789FAB', 'dimension': '#77E0EF', 'signature': '#5F54EA', 'O': '#4C2505', 'drawer_exporter_seller_beneficiary_issuer_supplier_name': '#2ED8C7', 'packaging_details': '#527452', 'quantity': '#D75B2E', 'vat_no': '#59BD49', 'original_or_copy': '#8A2E27', 'drawer_ref_no': '#98496B', 'drawee_ref_no': '#EA3D2E', 'ecc_no': '#9A1FEF', 'incoterm': '#8DA07A', 'item_description': '#275A94', 'transport_condition': '#AA3CF4', 'drawer_exporter_seller_beneficiary_issuer_supplier_address': '#948912', 'delivery_terms': '#39C53E', 'tax_amount': '#BDA994', 'taxes_condition': '#52AD6D', 'warranty_terms': '#2E05B9', 'price_conditions': '#C96352', 'total_pages': '#2205BF', 'stamped': '#8D5FA3', 'diclaration_by': '#236638', 'total_amount_in_figure': '#82C3D2', 'unit': '#91A920', 'payment_terms': '#AD1BA2', 'destination': '#9471BC', 'discount_condition': '#EB454E'}
2024-03-18 12:31:30,293 is result_set is instance of dict? True
2024-03-18 12:31:30,294 is final_result_set is instance of dict? True
2024-03-18 12:31:30,480 Time taken for page 1 of Purchase_Order_By_Opener_325_1.png:0:00:01.573865
2024-03-18 12:31:30,526 *****Generated All Pages****** for Purchase_Order_By_Opener_325_1.png
2024-03-18 12:31:30,526 RAM memory 61.5 used for Purchase_Order_By_Opener_325_1.png Generating All Pages:
2024-03-18 12:31:30,526 Processing time taken for all pages of Purchase_Order_By_Opener_325_1.png1:0:00:01.619633
2024-03-18 12:31:30,637 file name is:Purchase_Order_By_Opener_340_0.png
2024-03-18 12:31:30,637 folder path :Images
2024-03-18 12:31:30,638 Calling Image result
2024-03-18 12:31:30,638 is all_page_result is instance of dict? True
2024-03-18 12:31:30,638 STREAM b'IHDR' 16 13
2024-03-18 12:31:30,638 STREAM b'IDAT' 41 38134
2024-03-18 12:31:30,679 is words is instance of list? True
2024-03-18 12:31:30,679 is bboxes is instance of list? True
2024-03-18 12:31:30,679 is bounding_boxes is instance of list? True
2024-03-18 12:31:30,956 is input_id_chunks is instance of list? True
2024-03-18 12:31:30,956 is mask_chunks is instance of list? True
2024-03-18 12:31:30,956 is bbox_chunks is instance of list? True
2024-03-18 12:31:30,956 is image_chunks is instance of list? True
2024-03-18 12:31:30,956 is input_dict is instance of dict? True
2024-03-18 12:31:32,238 Model Called
2024-03-18 12:31:32,239 RAM memory 61.3 used for Purchase_Order_By_Opener_340_0.png:
2024-03-18 12:31:32,239 is all_predictions is instance of list? True
2024-03-18 12:31:32,239 is all_boxes is instance of list? True
2024-03-18 12:31:32,239 is all_confidences is instance of list? True
2024-03-18 12:31:32,239 is all_text is instance of list? True
2024-03-18 12:31:32,240 is label2id is instance of dict? True
2024-03-18 12:31:32,240 is id2label is instance of dict? True
2024-03-18 12:31:32,241 is label2color is instance of dict? True
2024-03-18 12:31:32,242 label2color : {'total_amount_in_words': '#0C5CDC', 'freight_and_transportation_information': '#D25F07', 'insurance_issuer_name': '#6BC727', 'remitter_drawee_buyer_importer_billto_shippedto_despacthto_name': '#773281', 'currency': '#DE072D', 'signed_by': '#C953F2', 'page_no': '#8108EF', 'documents_required': '#0D86D5', 'tin_no': '#DC8867', 'cst_no': '#EE4E07', 'remitter_drawee_buyer_importer_billto_shippedto_despacthto_address': '#E85E06', 'po_number': '#FE9623', 'mode_of_dispatch': '#7B8117', 'unit_price': '#D77060', 'issue_date': '#0157B7', 'quotation_no': '#6E98B4', 'dimension': '#6F4348', 'signature': '#A368B4', 'O': '#47968A', 'drawer_exporter_seller_beneficiary_issuer_supplier_name': '#A7997D', 'packaging_details': '#E6D4EF', 'quantity': '#205DF2', 'vat_no': '#0FFAC8', 'original_or_copy': '#1DA6B3', 'drawer_ref_no': '#B768E6', 'drawee_ref_no': '#AB06DF', 'ecc_no': '#35B8F6', 'incoterm': '#0442E9', 'item_description': '#BF8649', 'transport_condition': '#BA1304', 'drawer_exporter_seller_beneficiary_issuer_supplier_address': '#21AA4C', 'delivery_terms': '#EBB871', 'tax_amount': '#8C37D3', 'taxes_condition': '#5EC6CE', 'warranty_terms': '#E60745', 'price_conditions': '#DD8AEA', 'total_pages': '#4D2D0F', 'stamped': '#71D14E', 'diclaration_by': '#2D274B', 'total_amount_in_figure': '#3A19ED', 'unit': '#2E38BA', 'payment_terms': '#9584E7', 'destination': '#208DC4', 'discount_condition': '#32EAA7'}
2024-03-18 12:31:32,387 is result_set is instance of dict? True
2024-03-18 12:31:32,388 is final_result_set is instance of dict? True
2024-03-18 12:31:32,549 Time taken for page 1 of Purchase_Order_By_Opener_340_0.png:0:00:01.910848
2024-03-18 12:31:32,654 *****Generated All Pages****** for Purchase_Order_By_Opener_340_0.png
2024-03-18 12:31:32,655 RAM memory 61.4 used for Purchase_Order_By_Opener_340_0.png Generating All Pages:
2024-03-18 12:31:32,655 Processing time taken for all pages of Purchase_Order_By_Opener_340_0.png1:0:00:02.016994
2024-03-18 12:31:32,776 file name is:Purchase_Order_By_Opener_324_0.png
2024-03-18 12:31:32,776 folder path :Images
2024-03-18 12:31:32,776 Calling Image result
2024-03-18 12:31:32,777 is all_page_result is instance of dict? True
2024-03-18 12:31:32,777 STREAM b'IHDR' 16 13
2024-03-18 12:31:32,777 STREAM b'IDAT' 41 29613
2024-03-18 12:31:32,819 is words is instance of list? True
2024-03-18 12:31:32,819 is bboxes is instance of list? True
2024-03-18 12:31:32,819 is bounding_boxes is instance of list? True
2024-03-18 12:31:33,042 is input_id_chunks is instance of list? True
2024-03-18 12:31:33,042 is mask_chunks is instance of list? True
2024-03-18 12:31:33,042 is bbox_chunks is instance of list? True
2024-03-18 12:31:33,042 is image_chunks is instance of list? True
2024-03-18 12:31:33,042 is input_dict is instance of dict? True
2024-03-18 12:31:34,653 Model Called
2024-03-18 12:31:34,653 RAM memory 61.6 used for Purchase_Order_By_Opener_324_0.png:
2024-03-18 12:31:34,653 is all_predictions is instance of list? True
2024-03-18 12:31:34,654 is all_boxes is instance of list? True
2024-03-18 12:31:34,654 is all_confidences is instance of list? True
2024-03-18 12:31:34,654 is all_text is instance of list? True
2024-03-18 12:31:34,654 is label2id is instance of dict? True
2024-03-18 12:31:34,654 is id2label is instance of dict? True
2024-03-18 12:31:34,655 is label2color is instance of dict? True
2024-03-18 12:31:34,655 label2color : {'total_amount_in_words': '#4140B8', 'freight_and_transportation_information': '#3F3330', 'insurance_issuer_name': '#9ED988', 'remitter_drawee_buyer_importer_billto_shippedto_despacthto_name': '#3F1C26', 'currency': '#3E8B90', 'signed_by': '#3B9C93', 'page_no': '#2DAFB8', 'documents_required': '#2D10CB', 'tin_no': '#308F74', 'cst_no': '#0F93E8', 'remitter_drawee_buyer_importer_billto_shippedto_despacthto_address': '#77F26D', 'po_number': '#0E1110', 'mode_of_dispatch': '#C5AA3A', 'unit_price': '#242115', 'issue_date': '#9E28CD', 'quotation_no': '#EF451C', 'dimension': '#1A2F37', 'signature': '#9F5253', 'O': '#09520A', 'drawer_exporter_seller_beneficiary_issuer_supplier_name': '#5677EA', 'packaging_details': '#B6ED32', 'quantity': '#220A99', 'vat_no': '#F195A6', 'original_or_copy': '#7CF1A2', 'drawer_ref_no': '#81010A', 'drawee_ref_no': '#90809E', 'ecc_no': '#AB782B', 'incoterm': '#66BEDE', 'item_description': '#9347B5', 'transport_condition': '#358231', 'drawer_exporter_seller_beneficiary_issuer_supplier_address': '#324A6A', 'delivery_terms': '#97F2D7', 'tax_amount': '#3CFBA9', 'taxes_condition': '#25EA45', 'warranty_terms': '#AAB41D', 'price_conditions': '#10D96D', 'total_pages': '#992076', 'stamped': '#E3F0F2', 'diclaration_by': '#1E8AAD', 'total_amount_in_figure': '#A2F686', 'unit': '#38B1E4', 'payment_terms': '#9C70A6', 'destination': '#793826', 'discount_condition': '#5AEB18'}
2024-03-18 12:31:34,787 is result_set is instance of dict? True
2024-03-18 12:31:34,788 is final_result_set is instance of dict? True
2024-03-18 12:31:34,914 Time taken for page 1 of Purchase_Order_By_Opener_324_0.png:0:00:02.137074
2024-03-18 12:31:35,061 *****Generated All Pages****** for Purchase_Order_By_Opener_324_0.png
2024-03-18 12:31:35,061 RAM memory 61.6 used for Purchase_Order_By_Opener_324_0.png Generating All Pages:
2024-03-18 12:31:35,061 Processing time taken for all pages of Purchase_Order_By_Opener_324_0.png1:0:00:02.284404
2024-03-18 12:31:35,208 file name is:Purchase_Order_By_Opener_212_0.png
2024-03-18 12:31:35,208 folder path :Images
2024-03-18 12:31:35,208 Calling Image result
2024-03-18 12:31:35,208 is all_page_result is instance of dict? True
2024-03-18 12:31:35,208 STREAM b'IHDR' 16 13
2024-03-18 12:31:35,208 STREAM b'IDAT' 41 45858
2024-03-18 12:31:35,255 is words is instance of list? True
2024-03-18 12:31:35,255 is bboxes is instance of list? True
2024-03-18 12:31:35,255 is bounding_boxes is instance of list? True
2024-03-18 12:31:35,592 is input_id_chunks is instance of list? True
2024-03-18 12:31:35,593 is mask_chunks is instance of list? True
2024-03-18 12:31:35,593 is bbox_chunks is instance of list? True
2024-03-18 12:31:35,593 is image_chunks is instance of list? True
2024-03-18 12:31:35,594 is input_dict is instance of dict? True
2024-03-18 12:31:38,308 Model Called
2024-03-18 12:31:38,309 RAM memory 66.7 used for Purchase_Order_By_Opener_212_0.png:
2024-03-18 12:31:38,345 is all_predictions is instance of list? True
2024-03-18 12:31:38,345 is all_boxes is instance of list? True
2024-03-18 12:31:38,345 is all_confidences is instance of list? True
2024-03-18 12:31:38,345 is all_text is instance of list? True
2024-03-18 12:31:38,346 is label2id is instance of dict? True
2024-03-18 12:31:38,346 is id2label is instance of dict? True
2024-03-18 12:31:38,347 is label2color is instance of dict? True
2024-03-18 12:31:38,347 label2color : {'total_amount_in_words': '#00AFC9', 'freight_and_transportation_information': '#70E274', 'insurance_issuer_name': '#817151', 'remitter_drawee_buyer_importer_billto_shippedto_despacthto_name': '#CDA604', 'currency': '#D2323F', 'signed_by': '#CAE59F', 'page_no': '#41807F', 'documents_required': '#1A9E4D', 'tin_no': '#8684D2', 'cst_no': '#A3583A', 'remitter_drawee_buyer_importer_billto_shippedto_despacthto_address': '#0558CD', 'po_number': '#E2BB2C', 'mode_of_dispatch': '#B23B0E', 'unit_price': '#5C3F51', 'issue_date': '#93872E', 'quotation_no': '#70FC8F', 'dimension': '#B4FB93', 'signature': '#2EC44E', 'O': '#7F3494', 'drawer_exporter_seller_beneficiary_issuer_supplier_name': '#FBB921', 'packaging_details': '#D46A5E', 'quantity': '#6606C3', 'vat_no': '#EBA8B2', 'original_or_copy': '#ED00EF', 'drawer_ref_no': '#1F06DC', 'drawee_ref_no': '#BC69B3', 'ecc_no': '#1B0F0D', 'incoterm': '#181599', 'item_description': '#B00E8A', 'transport_condition': '#BB1784', 'drawer_exporter_seller_beneficiary_issuer_supplier_address': '#32ABC4', 'delivery_terms': '#90948B', 'tax_amount': '#79FA98', 'taxes_condition': '#C9A5B6', 'warranty_terms': '#4B5344', 'price_conditions': '#F66427', 'total_pages': '#315F32', 'stamped': '#E95784', 'diclaration_by': '#4D8D78', 'total_amount_in_figure': '#D8E90A', 'unit': '#A51BCE', 'payment_terms': '#9B7C20', 'destination': '#9BA6AD', 'discount_condition': '#AEBCAB'}
2024-03-18 12:31:38,588 is result_set is instance of dict? True
2024-03-18 12:31:38,589 is final_result_set is instance of dict? True
2024-03-18 12:31:38,836 Time taken for page 1 of Purchase_Order_By_Opener_212_0.png:0:00:03.627992
2024-03-18 12:31:38,989 *****Generated All Pages****** for Purchase_Order_By_Opener_212_0.png
2024-03-18 12:31:38,989 RAM memory 66.7 used for Purchase_Order_By_Opener_212_0.png Generating All Pages:
2024-03-18 12:31:38,989 Processing time taken for all pages of Purchase_Order_By_Opener_212_0.png1:0:00:03.781252
2024-03-18 12:31:39,110 file name is:Purchase_Order_By_Opener_320_0.png
2024-03-18 12:31:39,110 folder path :Images
2024-03-18 12:31:39,111 Calling Image result
2024-03-18 12:31:39,111 is all_page_result is instance of dict? True
2024-03-18 12:31:39,111 STREAM b'IHDR' 16 13
2024-03-18 12:31:39,111 STREAM b'IDAT' 41 51137
2024-03-18 12:31:39,174 is words is instance of list? True
2024-03-18 12:31:39,174 is bboxes is instance of list? True
2024-03-18 12:31:39,174 is bounding_boxes is instance of list? True
2024-03-18 12:31:39,406 is input_id_chunks is instance of list? True
2024-03-18 12:31:39,406 is mask_chunks is instance of list? True
2024-03-18 12:31:39,406 is bbox_chunks is instance of list? True
2024-03-18 12:31:39,406 is image_chunks is instance of list? True
2024-03-18 12:31:39,407 is input_dict is instance of dict? True
2024-03-18 12:31:41,959 Model Called
2024-03-18 12:31:41,960 RAM memory 66.3 used for Purchase_Order_By_Opener_320_0.png:
2024-03-18 12:31:41,960 is all_predictions is instance of list? True
2024-03-18 12:31:41,960 is all_boxes is instance of list? True
2024-03-18 12:31:41,960 is all_confidences is instance of list? True
2024-03-18 12:31:41,960 is all_text is instance of list? True
2024-03-18 12:31:41,961 is label2id is instance of dict? True
2024-03-18 12:31:41,961 is id2label is instance of dict? True
2024-03-18 12:31:41,962 is label2color is instance of dict? True
2024-03-18 12:31:41,962 label2color : {'total_amount_in_words': '#5AE548', 'freight_and_transportation_information': '#6E04EB', 'insurance_issuer_name': '#6D7FCF', 'remitter_drawee_buyer_importer_billto_shippedto_despacthto_name': '#55187B', 'currency': '#E15D63', 'signed_by': '#37FE9B', 'page_no': '#0CCCDE', 'documents_required': '#856B51', 'tin_no': '#9745A6', 'cst_no': '#AD1AE0', 'remitter_drawee_buyer_importer_billto_shippedto_despacthto_address': '#14AF3A', 'po_number': '#6A7E76', 'mode_of_dispatch': '#642AF4', 'unit_price': '#EB0B58', 'issue_date': '#41A883', 'quotation_no': '#FDB2B3', 'dimension': '#0ED6C3', 'signature': '#64DB42', 'O': '#88E25D', 'drawer_exporter_seller_beneficiary_issuer_supplier_name': '#FF96BA', 'packaging_details': '#5EDB0B', 'quantity': '#085519', 'vat_no': '#6A2993', 'original_or_copy': '#5730DA', 'drawer_ref_no': '#999928', 'drawee_ref_no': '#5922EC', 'ecc_no': '#69C9C3', 'incoterm': '#EB6575', 'item_description': '#C975C5', 'transport_condition': '#A3DAF1', 'drawer_exporter_seller_beneficiary_issuer_supplier_address': '#3820B7', 'delivery_terms': '#BF4E9C', 'tax_amount': '#AE5C26', 'taxes_condition': '#F05B46', 'warranty_terms': '#62CFDD', 'price_conditions': '#0F4E92', 'total_pages': '#3939E9', 'stamped': '#5A075C', 'diclaration_by': '#6BA374', 'total_amount_in_figure': '#71FC26', 'unit': '#AA6C76', 'payment_terms': '#6FB34F', 'destination': '#5A8F9E', 'discount_condition': '#CE82E1'}
2024-03-18 12:31:42,178 is result_set is instance of dict? True
2024-03-18 12:31:42,179 is final_result_set is instance of dict? True
2024-03-18 12:31:42,362 Time taken for page 1 of Purchase_Order_By_Opener_320_0.png:0:00:03.251035
2024-03-18 12:31:42,474 *****Generated All Pages****** for Purchase_Order_By_Opener_320_0.png
2024-03-18 12:31:42,474 RAM memory 66.3 used for Purchase_Order_By_Opener_320_0.png Generating All Pages:
2024-03-18 12:31:42,474 Processing time taken for all pages of Purchase_Order_By_Opener_320_0.png1:0:00:03.363523
2024-03-18 12:31:42,604 file name is:Purchase_Order_By_Opener_240_1.png
2024-03-18 12:31:42,604 folder path :Images
2024-03-18 12:31:42,604 Calling Image result
2024-03-18 12:31:42,604 is all_page_result is instance of dict? True
2024-03-18 12:31:42,605 STREAM b'IHDR' 16 13
2024-03-18 12:31:42,605 STREAM b'IDAT' 41 65536
2024-03-18 12:31:42,648 is words is instance of list? True
2024-03-18 12:31:42,648 is bboxes is instance of list? True
2024-03-18 12:31:42,648 is bounding_boxes is instance of list? True
2024-03-18 12:31:42,857 is input_id_chunks is instance of list? True
2024-03-18 12:31:42,857 is mask_chunks is instance of list? True
2024-03-18 12:31:42,857 is bbox_chunks is instance of list? True
2024-03-18 12:31:42,857 is image_chunks is instance of list? True
2024-03-18 12:31:42,857 is input_dict is instance of dict? True
2024-03-18 12:31:45,305 Model Called
2024-03-18 12:31:45,306 RAM memory 66.4 used for Purchase_Order_By_Opener_240_1.png:
2024-03-18 12:31:45,306 is all_predictions is instance of list? True
2024-03-18 12:31:45,306 is all_boxes is instance of list? True
2024-03-18 12:31:45,306 is all_confidences is instance of list? True
2024-03-18 12:31:45,306 is all_text is instance of list? True
2024-03-18 12:31:45,306 is label2id is instance of dict? True
2024-03-18 12:31:45,306 is id2label is instance of dict? True
2024-03-18 12:31:45,307 is label2color is instance of dict? True
2024-03-18 12:31:45,307 label2color : {'total_amount_in_words': '#6D4E03', 'freight_and_transportation_information': '#48A688', 'insurance_issuer_name': '#A9D274', 'remitter_drawee_buyer_importer_billto_shippedto_despacthto_name': '#06E8C6', 'currency': '#C287BB', 'signed_by': '#E49DEE', 'page_no': '#AF1164', 'documents_required': '#D185BA', 'tin_no': '#5E15F7', 'cst_no': '#1DE529', 'remitter_drawee_buyer_importer_billto_shippedto_despacthto_address': '#3F6AFC', 'po_number': '#9DCEBC', 'mode_of_dispatch': '#E6E52E', 'unit_price': '#9F6437', 'issue_date': '#5CB804', 'quotation_no': '#FE111A', 'dimension': '#DF1C6D', 'signature': '#243CE0', 'O': '#8384BE', 'drawer_exporter_seller_beneficiary_issuer_supplier_name': '#916A4F', 'packaging_details': '#970310', 'quantity': '#E578C4', 'vat_no': '#9B5C71', 'original_or_copy': '#C051AF', 'drawer_ref_no': '#F15B9A', 'drawee_ref_no': '#43BEBE', 'ecc_no': '#E9AD4A', 'incoterm': '#D84F14', 'item_description': '#8043AF', 'transport_condition': '#C9D963', 'drawer_exporter_seller_beneficiary_issuer_supplier_address': '#84D170', 'delivery_terms': '#7094E8', 'tax_amount': '#F049A0', 'taxes_condition': '#DC3DA1', 'warranty_terms': '#DCC0C1', 'price_conditions': '#E12106', 'total_pages': '#EFC7BD', 'stamped': '#9A44C2', 'diclaration_by': '#5875DF', 'total_amount_in_figure': '#C5128C', 'unit': '#D86646', 'payment_terms': '#B09A4C', 'destination': '#D1ECA1', 'discount_condition': '#B70985'}
2024-03-18 12:31:45,506 is result_set is instance of dict? True
2024-03-18 12:31:45,507 is final_result_set is instance of dict? True
2024-03-18 12:31:45,673 Time taken for page 1 of Purchase_Order_By_Opener_240_1.png:0:00:03.068525
2024-03-18 12:31:45,808 *****Generated All Pages****** for Purchase_Order_By_Opener_240_1.png
2024-03-18 12:31:45,808 RAM memory 66.5 used for Purchase_Order_By_Opener_240_1.png Generating All Pages:
2024-03-18 12:31:45,808 Processing time taken for all pages of Purchase_Order_By_Opener_240_1.png1:0:00:03.204164
2024-03-18 12:31:45,941 file name is:Purchase_Order_By_Opener_282_1.png
2024-03-18 12:31:45,942 folder path :Images
2024-03-18 12:31:45,942 Calling Image result
2024-03-18 12:31:45,942 is all_page_result is instance of dict? True
2024-03-18 12:31:45,942 STREAM b'IHDR' 16 13
2024-03-18 12:31:45,942 STREAM b'IDAT' 41 47868
2024-03-18 12:31:46,010 is words is instance of list? True
2024-03-18 12:31:46,010 is bboxes is instance of list? True
2024-03-18 12:31:46,010 is bounding_boxes is instance of list? True
2024-03-18 12:31:46,213 is input_id_chunks is instance of list? True
2024-03-18 12:31:46,214 is mask_chunks is instance of list? True
2024-03-18 12:31:46,214 is bbox_chunks is instance of list? True
2024-03-18 12:31:46,214 is image_chunks is instance of list? True
2024-03-18 12:31:46,214 is input_dict is instance of dict? True
2024-03-18 12:31:47,454 Model Called
2024-03-18 12:31:47,454 RAM memory 61.7 used for Purchase_Order_By_Opener_282_1.png:
2024-03-18 12:31:47,454 is all_predictions is instance of list? True
2024-03-18 12:31:47,454 is all_boxes is instance of list? True
2024-03-18 12:31:47,454 is all_confidences is instance of list? True
2024-03-18 12:31:47,454 is all_text is instance of list? True
2024-03-18 12:31:47,455 is label2id is instance of dict? True
2024-03-18 12:31:47,455 is id2label is instance of dict? True
2024-03-18 12:31:47,456 is label2color is instance of dict? True
2024-03-18 12:31:47,456 label2color : {'total_amount_in_words': '#3E5311', 'freight_and_transportation_information': '#1C0CE0', 'insurance_issuer_name': '#2D378C', 'remitter_drawee_buyer_importer_billto_shippedto_despacthto_name': '#3BD668', 'currency': '#F4DEFC', 'signed_by': '#2895DC', 'page_no': '#629742', 'documents_required': '#259111', 'tin_no': '#8EB087', 'cst_no': '#C52793', 'remitter_drawee_buyer_importer_billto_shippedto_despacthto_address': '#37C6AC', 'po_number': '#08208E', 'mode_of_dispatch': '#432E97', 'unit_price': '#86F459', 'issue_date': '#99EAD4', 'quotation_no': '#6513B4', 'dimension': '#88C6FC', 'signature': '#567F4C', 'O': '#B1CD70', 'drawer_exporter_seller_beneficiary_issuer_supplier_name': '#33AFD2', 'packaging_details': '#9BE1DE', 'quantity': '#7AE242', 'vat_no': '#4CC624', 'original_or_copy': '#208AAB', 'drawer_ref_no': '#73E671', 'drawee_ref_no': '#78A5EE', 'ecc_no': '#2134CB', 'incoterm': '#02028D', 'item_description': '#89B3DE', 'transport_condition': '#614D5F', 'drawer_exporter_seller_beneficiary_issuer_supplier_address': '#8E0E78', 'delivery_terms': '#012492', 'tax_amount': '#3A1604', 'taxes_condition': '#754A6F', 'warranty_terms': '#3F12F7', 'price_conditions': '#D455A9', 'total_pages': '#9D6D2D', 'stamped': '#F2F30D', 'diclaration_by': '#A0CEC6', 'total_amount_in_figure': '#26BCD2', 'unit': '#7C5B22', 'payment_terms': '#FDF9AD', 'destination': '#F18F2C', 'discount_condition': '#997436'}
2024-03-18 12:31:47,581 is result_set is instance of dict? True
2024-03-18 12:31:47,581 is final_result_set is instance of dict? True
2024-03-18 12:31:47,746 Time taken for page 1 of Purchase_Order_By_Opener_282_1.png:0:00:01.803387
2024-03-18 12:31:47,856 *****Generated All Pages****** for Purchase_Order_By_Opener_282_1.png
2024-03-18 12:31:47,856 RAM memory 61.5 used for Purchase_Order_By_Opener_282_1.png Generating All Pages:
2024-03-18 12:31:47,856 Processing time taken for all pages of Purchase_Order_By_Opener_282_1.png1:0:00:01.914299
2024-03-18 12:31:47,966 file name is:Purchase_Order_By_Opener_315_1.png
2024-03-18 12:31:47,966 folder path :Images
2024-03-18 12:31:47,967 Calling Image result
2024-03-18 12:31:47,967 is all_page_result is instance of dict? True
2024-03-18 12:31:47,967 STREAM b'IHDR' 16 13
2024-03-18 12:31:47,967 STREAM b'IDAT' 41 61190
2024-03-18 12:31:48,005 is words is instance of list? True
2024-03-18 12:31:48,005 is bboxes is instance of list? True
2024-03-18 12:31:48,005 is bounding_boxes is instance of list? True
2024-03-18 12:31:48,212 is input_id_chunks is instance of list? True
2024-03-18 12:31:48,212 is mask_chunks is instance of list? True
2024-03-18 12:31:48,212 is bbox_chunks is instance of list? True
2024-03-18 12:31:48,212 is image_chunks is instance of list? True
2024-03-18 12:31:48,213 is input_dict is instance of dict? True
2024-03-18 12:31:51,929 Model Called
2024-03-18 12:31:51,930 RAM memory 73.4 used for Purchase_Order_By_Opener_315_1.png:
2024-03-18 12:31:51,930 is all_predictions is instance of list? True
2024-03-18 12:31:51,930 is all_boxes is instance of list? True
2024-03-18 12:31:51,930 is all_confidences is instance of list? True
2024-03-18 12:31:51,930 is all_text is instance of list? True
2024-03-18 12:31:51,930 is label2id is instance of dict? True
2024-03-18 12:31:51,930 is id2label is instance of dict? True
2024-03-18 12:31:51,931 is label2color is instance of dict? True
2024-03-18 12:31:51,931 label2color : {'total_amount_in_words': '#A60ECC', 'freight_and_transportation_information': '#735C0C', 'insurance_issuer_name': '#30E59E', 'remitter_drawee_buyer_importer_billto_shippedto_despacthto_name': '#34F5A7', 'currency': '#B3C278', 'signed_by': '#199204', 'page_no': '#04A766', 'documents_required': '#36B839', 'tin_no': '#CFFCDE', 'cst_no': '#F14EA7', 'remitter_drawee_buyer_importer_billto_shippedto_despacthto_address': '#67110E', 'po_number': '#9D6B2A', 'mode_of_dispatch': '#9F5ED4', 'unit_price': '#BDA832', 'issue_date': '#83B6B3', 'quotation_no': '#F8134E', 'dimension': '#18C974', 'signature': '#4B75DD', 'O': '#6F9A7A', 'drawer_exporter_seller_beneficiary_issuer_supplier_name': '#D0534A', 'packaging_details': '#A57246', 'quantity': '#50DA27', 'vat_no': '#9296CE', 'original_or_copy': '#F25E0E', 'drawer_ref_no': '#2CACDE', 'drawee_ref_no': '#0462B5', 'ecc_no': '#15FB77', 'incoterm': '#91583F', 'item_description': '#605FE4', 'transport_condition': '#F86B0F', 'drawer_exporter_seller_beneficiary_issuer_supplier_address': '#7463FF', 'delivery_terms': '#15ACA9', 'tax_amount': '#2778A9', 'taxes_condition': '#131D1B', 'warranty_terms': '#AFDB05', 'price_conditions': '#0A902A', 'total_pages': '#ED048C', 'stamped': '#04560C', 'diclaration_by': '#BD2FBD', 'total_amount_in_figure': '#EA9531', 'unit': '#4C93EF', 'payment_terms': '#267C74', 'destination': '#2DC6C9', 'discount_condition': '#3577EF'}
2024-03-18 12:31:52,197 is result_set is instance of dict? True
2024-03-18 12:31:52,197 is final_result_set is instance of dict? True
2024-03-18 12:31:52,324 Time taken for page 1 of Purchase_Order_By_Opener_315_1.png:0:00:04.357466
2024-03-18 12:31:52,446 *****Generated All Pages****** for Purchase_Order_By_Opener_315_1.png
2024-03-18 12:31:52,446 RAM memory 73.4 used for Purchase_Order_By_Opener_315_1.png Generating All Pages:
2024-03-18 12:31:52,446 Processing time taken for all pages of Purchase_Order_By_Opener_315_1.png1:0:00:04.479558
2024-03-18 12:31:52,581 file name is:Purchase_Order_By_Opener_318_1.png
2024-03-18 12:31:52,581 folder path :Images
2024-03-18 12:31:52,581 Calling Image result
2024-03-18 12:31:52,581 is all_page_result is instance of dict? True
2024-03-18 12:31:52,582 STREAM b'IHDR' 16 13
2024-03-18 12:31:52,582 STREAM b'IDAT' 41 54917
2024-03-18 12:31:52,685 is words is instance of list? True
2024-03-18 12:31:52,685 is bboxes is instance of list? True
2024-03-18 12:31:52,685 is bounding_boxes is instance of list? True
2024-03-18 12:31:53,211 is input_id_chunks is instance of list? True
2024-03-18 12:31:53,211 is mask_chunks is instance of list? True
2024-03-18 12:31:53,211 is bbox_chunks is instance of list? True
2024-03-18 12:31:53,211 is image_chunks is instance of list? True
2024-03-18 12:31:53,211 is input_dict is instance of dict? True
2024-03-18 12:31:54,415 Model Called
2024-03-18 12:31:54,415 RAM memory 61.3 used for Purchase_Order_By_Opener_318_1.png:
2024-03-18 12:31:54,416 is all_predictions is instance of list? True
2024-03-18 12:31:54,416 is all_boxes is instance of list? True
2024-03-18 12:31:54,416 is all_confidences is instance of list? True
2024-03-18 12:31:54,416 is all_text is instance of list? True
2024-03-18 12:31:54,416 is label2id is instance of dict? True
2024-03-18 12:31:54,416 is id2label is instance of dict? True
2024-03-18 12:31:54,417 is label2color is instance of dict? True
2024-03-18 12:31:54,417 label2color : {'total_amount_in_words': '#29EFDE', 'freight_and_transportation_information': '#A512F8', 'insurance_issuer_name': '#26FB92', 'remitter_drawee_buyer_importer_billto_shippedto_despacthto_name': '#36A368', 'currency': '#A2B6A9', 'signed_by': '#84AE2F', 'page_no': '#C842D7', 'documents_required': '#5A519A', 'tin_no': '#35F065', 'cst_no': '#FB6379', 'remitter_drawee_buyer_importer_billto_shippedto_despacthto_address': '#84DA97', 'po_number': '#1E5805', 'mode_of_dispatch': '#A57027', 'unit_price': '#311907', 'issue_date': '#AF48DC', 'quotation_no': '#2D54BC', 'dimension': '#1392FE', 'signature': '#D43B01', 'O': '#B4AD3A', 'drawer_exporter_seller_beneficiary_issuer_supplier_name': '#1082E7', 'packaging_details': '#572E70', 'quantity': '#261065', 'vat_no': '#D8BEA2', 'original_or_copy': '#E06FBB', 'drawer_ref_no': '#CC84FE', 'drawee_ref_no': '#08AC5F', 'ecc_no': '#3B4129', 'incoterm': '#0A4E99', 'item_description': '#73A961', 'transport_condition': '#BF925F', 'drawer_exporter_seller_beneficiary_issuer_supplier_address': '#2B97B9', 'delivery_terms': '#B2FF96', 'tax_amount': '#8924F5', 'taxes_condition': '#7F3EE9', 'warranty_terms': '#AFB116', 'price_conditions': '#3F37E7', 'total_pages': '#81973B', 'stamped': '#051170', 'diclaration_by': '#00C88D', 'total_amount_in_figure': '#667AD0', 'unit': '#5162DA', 'payment_terms': '#D345FC', 'destination': '#2CF8C6', 'discount_condition': '#A45C74'}
2024-03-18 12:31:54,708 is result_set is instance of dict? True
2024-03-18 12:31:54,709 is final_result_set is instance of dict? True
2024-03-18 12:31:54,824 Time taken for page 1 of Purchase_Order_By_Opener_318_1.png:0:00:02.242400
2024-03-18 12:31:55,023 *****Generated All Pages****** for Purchase_Order_By_Opener_318_1.png
2024-03-18 12:31:55,023 RAM memory 61.9 used for Purchase_Order_By_Opener_318_1.png Generating All Pages:
2024-03-18 12:31:55,024 Processing time taken for all pages of Purchase_Order_By_Opener_318_1.png1:0:00:02.442114
2024-03-18 12:31:55,136 file name is:Purchase_Order_By_Opener_338_0.png
2024-03-18 12:31:55,136 folder path :Images
2024-03-18 12:31:55,136 Calling Image result
2024-03-18 12:31:55,136 is all_page_result is instance of dict? True
2024-03-18 12:31:55,136 STREAM b'IHDR' 16 13
2024-03-18 12:31:55,136 STREAM b'IDAT' 41 51666
2024-03-18 12:31:55,202 is words is instance of list? True
2024-03-18 12:31:55,202 is bboxes is instance of list? True
2024-03-18 12:31:55,202 is bounding_boxes is instance of list? True
2024-03-18 12:31:55,426 is input_id_chunks is instance of list? True
2024-03-18 12:31:55,426 is mask_chunks is instance of list? True
2024-03-18 12:31:55,426 is bbox_chunks is instance of list? True
2024-03-18 12:31:55,426 is image_chunks is instance of list? True
2024-03-18 12:31:55,427 is input_dict is instance of dict? True
2024-03-18 12:31:57,871 Model Called
2024-03-18 12:31:57,872 RAM memory 66.6 used for Purchase_Order_By_Opener_338_0.png:
2024-03-18 12:31:57,872 is all_predictions is instance of list? True
2024-03-18 12:31:57,872 is all_boxes is instance of list? True
2024-03-18 12:31:57,872 is all_confidences is instance of list? True
2024-03-18 12:31:57,872 is all_text is instance of list? True
2024-03-18 12:31:57,872 is label2id is instance of dict? True
2024-03-18 12:31:57,873 is id2label is instance of dict? True
2024-03-18 12:31:57,873 is label2color is instance of dict? True
2024-03-18 12:31:57,874 label2color : {'total_amount_in_words': '#AE2FA0', 'freight_and_transportation_information': '#768AF3', 'insurance_issuer_name': '#74E8A2', 'remitter_drawee_buyer_importer_billto_shippedto_despacthto_name': '#D2B1E1', 'currency': '#52F9EF', 'signed_by': '#538639', 'page_no': '#613978', 'documents_required': '#654DE5', 'tin_no': '#42F820', 'cst_no': '#F232DA', 'remitter_drawee_buyer_importer_billto_shippedto_despacthto_address': '#5C779E', 'po_number': '#69ED01', 'mode_of_dispatch': '#9DE074', 'unit_price': '#E322D1', 'issue_date': '#BD85C8', 'quotation_no': '#E753D5', 'dimension': '#88272A', 'signature': '#4035BF', 'O': '#CB7407', 'drawer_exporter_seller_beneficiary_issuer_supplier_name': '#F22E99', 'packaging_details': '#DB0548', 'quantity': '#43ACE6', 'vat_no': '#3F73C3', 'original_or_copy': '#1A79CF', 'drawer_ref_no': '#54FF0A', 'drawee_ref_no': '#D39305', 'ecc_no': '#1A7311', 'incoterm': '#4C7487', 'item_description': '#C124F4', 'transport_condition': '#B6D92E', 'drawer_exporter_seller_beneficiary_issuer_supplier_address': '#3A84DE', 'delivery_terms': '#6B6C1F', 'tax_amount': '#2E5BDF', 'taxes_condition': '#C4F670', 'warranty_terms': '#67C424', 'price_conditions': '#7417A8', 'total_pages': '#957566', 'stamped': '#4599D8', 'diclaration_by': '#C85F42', 'total_amount_in_figure': '#CE27F9', 'unit': '#E4E40A', 'payment_terms': '#DD539F', 'destination': '#39711B', 'discount_condition': '#229846'}
2024-03-18 12:31:58,104 is result_set is instance of dict? True
2024-03-18 12:31:58,105 is final_result_set is instance of dict? True
2024-03-18 12:31:58,228 Time taken for page 1 of Purchase_Order_By_Opener_338_0.png:0:00:03.091970
2024-03-18 12:31:58,335 *****Generated All Pages****** for Purchase_Order_By_Opener_338_0.png
2024-03-18 12:31:58,335 RAM memory 66.6 used for Purchase_Order_By_Opener_338_0.png Generating All Pages:
2024-03-18 12:31:58,335 Processing time taken for all pages of Purchase_Order_By_Opener_338_0.png1:0:00:03.199415
2024-03-18 12:31:58,455 file name is:Purchase_Order_By_Opener_218_0.png
2024-03-18 12:31:58,455 folder path :Images
2024-03-18 12:31:58,455 Calling Image result
2024-03-18 12:31:58,455 is all_page_result is instance of dict? True
2024-03-18 12:31:58,455 STREAM b'IHDR' 16 13
2024-03-18 12:31:58,455 STREAM b'IDAT' 41 65536
2024-03-18 12:31:58,497 is words is instance of list? True
2024-03-18 12:31:58,497 is bboxes is instance of list? True
2024-03-18 12:31:58,497 is bounding_boxes is instance of list? True
2024-03-18 12:31:58,698 is input_id_chunks is instance of list? True
2024-03-18 12:31:58,699 is mask_chunks is instance of list? True
2024-03-18 12:31:58,699 is bbox_chunks is instance of list? True
2024-03-18 12:31:58,699 is image_chunks is instance of list? True
2024-03-18 12:31:58,699 is input_dict is instance of dict? True
2024-03-18 12:32:02,997 Model Called
2024-03-18 12:32:02,997 RAM memory 73.8 used for Purchase_Order_By_Opener_218_0.png:
2024-03-18 12:32:02,997 is all_predictions is instance of list? True
2024-03-18 12:32:02,997 is all_boxes is instance of list? True
2024-03-18 12:32:02,997 is all_confidences is instance of list? True
2024-03-18 12:32:02,997 is all_text is instance of list? True
2024-03-18 12:32:02,997 is label2id is instance of dict? True
2024-03-18 12:32:02,997 is id2label is instance of dict? True
2024-03-18 12:32:02,999 is label2color is instance of dict? True
2024-03-18 12:32:02,999 label2color : {'total_amount_in_words': '#B4B1E2', 'freight_and_transportation_information': '#AAADCF', 'insurance_issuer_name': '#101ECA', 'remitter_drawee_buyer_importer_billto_shippedto_despacthto_name': '#EE0CCC', 'currency': '#CFF8EC', 'signed_by': '#EFDA48', 'page_no': '#660F39', 'documents_required': '#20C662', 'tin_no': '#1FCDF1', 'cst_no': '#BE8664', 'remitter_drawee_buyer_importer_billto_shippedto_despacthto_address': '#8ECF8E', 'po_number': '#467D1B', 'mode_of_dispatch': '#316251', 'unit_price': '#0BF981', 'issue_date': '#26C2E4', 'quotation_no': '#EF9DC2', 'dimension': '#B095F8', 'signature': '#A8E0A5', 'O': '#EB3C11', 'drawer_exporter_seller_beneficiary_issuer_supplier_name': '#73F0C3', 'packaging_details': '#20FF19', 'quantity': '#6A9947', 'vat_no': '#9B3BF8', 'original_or_copy': '#20BFDE', 'drawer_ref_no': '#C48543', 'drawee_ref_no': '#A41929', 'ecc_no': '#AF4D79', 'incoterm': '#9CFAF1', 'item_description': '#D3F706', 'transport_condition': '#C5F70F', 'drawer_exporter_seller_beneficiary_issuer_supplier_address': '#4D6629', 'delivery_terms': '#A17A67', 'tax_amount': '#350B42', 'taxes_condition': '#652D39', 'warranty_terms': '#AF9815', 'price_conditions': '#FD9123', 'total_pages': '#FD08E7', 'stamped': '#780682', 'diclaration_by': '#439E17', 'total_amount_in_figure': '#5E73AE', 'unit': '#725367', 'payment_terms': '#003CC9', 'destination': '#894558', 'discount_condition': '#8F144B'}
2024-03-18 12:32:03,299 is result_set is instance of dict? True
2024-03-18 12:32:03,299 is final_result_set is instance of dict? True
2024-03-18 12:32:03,464 Time taken for page 1 of Purchase_Order_By_Opener_218_0.png:0:00:05.008912
2024-03-18 12:32:03,605 *****Generated All Pages****** for Purchase_Order_By_Opener_218_0.png
2024-03-18 12:32:03,605 RAM memory 73.8 used for Purchase_Order_By_Opener_218_0.png Generating All Pages:
2024-03-18 12:32:03,605 Processing time taken for all pages of Purchase_Order_By_Opener_218_0.png1:0:00:05.149949
2024-03-18 12:32:03,830 file name is:Purchase_Order_By_Opener_352_0.png
2024-03-18 12:32:03,830 folder path :Images
2024-03-18 12:32:03,831 Calling Image result
2024-03-18 12:32:03,831 is all_page_result is instance of dict? True
2024-03-18 12:32:03,831 STREAM b'IHDR' 16 13
2024-03-18 12:32:03,831 STREAM b'IDAT' 41 46163
2024-03-18 12:32:03,901 is words is instance of list? True
2024-03-18 12:32:03,901 is bboxes is instance of list? True
2024-03-18 12:32:03,902 is bounding_boxes is instance of list? True
2024-03-18 12:32:04,128 is input_id_chunks is instance of list? True
2024-03-18 12:32:04,128 is mask_chunks is instance of list? True
2024-03-18 12:32:04,128 is bbox_chunks is instance of list? True
2024-03-18 12:32:04,128 is image_chunks is instance of list? True
2024-03-18 12:32:04,129 is input_dict is instance of dict? True
2024-03-18 12:32:06,939 Model Called
2024-03-18 12:32:06,939 RAM memory 66.9 used for Purchase_Order_By_Opener_352_0.png:
2024-03-18 12:32:06,939 is all_predictions is instance of list? True
2024-03-18 12:32:06,939 is all_boxes is instance of list? True
2024-03-18 12:32:06,939 is all_confidences is instance of list? True
2024-03-18 12:32:06,939 is all_text is instance of list? True
2024-03-18 12:32:06,940 is label2id is instance of dict? True
2024-03-18 12:32:06,940 is id2label is instance of dict? True
2024-03-18 12:32:06,941 is label2color is instance of dict? True
2024-03-18 12:32:06,941 label2color : {'total_amount_in_words': '#BA8FF1', 'freight_and_transportation_information': '#7C5BD1', 'insurance_issuer_name': '#86299D', 'remitter_drawee_buyer_importer_billto_shippedto_despacthto_name': '#4FC594', 'currency': '#288781', 'signed_by': '#E5EFFC', 'page_no': '#4EA8D6', 'documents_required': '#966E1D', 'tin_no': '#9A6068', 'cst_no': '#AB21CB', 'remitter_drawee_buyer_importer_billto_shippedto_despacthto_address': '#FFFD2C', 'po_number': '#F0B9A4', 'mode_of_dispatch': '#970DB6', 'unit_price': '#5F9388', 'issue_date': '#1FABEB', 'quotation_no': '#EDC485', 'dimension': '#A518C4', 'signature': '#E1E7CB', 'O': '#629016', 'drawer_exporter_seller_beneficiary_issuer_supplier_name': '#13916C', 'packaging_details': '#439CC6', 'quantity': '#DEB155', 'vat_no': '#8A43B7', 'original_or_copy': '#111BD1', 'drawer_ref_no': '#36DCB4', 'drawee_ref_no': '#33D547', 'ecc_no': '#0B9943', 'incoterm': '#6C04C1', 'item_description': '#7EDDDB', 'transport_condition': '#B14E3F', 'drawer_exporter_seller_beneficiary_issuer_supplier_address': '#850B72', 'delivery_terms': '#5D6592', 'tax_amount': '#798516', 'taxes_condition': '#74131F', 'warranty_terms': '#822DF5', 'price_conditions': '#F649EC', 'total_pages': '#E6C42C', 'stamped': '#1DA575', 'diclaration_by': '#CC66EF', 'total_amount_in_figure': '#C8D0E9', 'unit': '#77F6B6', 'payment_terms': '#486CF3', 'destination': '#A2DE3F', 'discount_condition': '#ECB4FB'}
2024-03-18 12:32:07,144 is result_set is instance of dict? True
2024-03-18 12:32:07,145 is final_result_set is instance of dict? True
2024-03-18 12:32:07,336 Time taken for page 1 of Purchase_Order_By_Opener_352_0.png:0:00:03.505349
2024-03-18 12:32:07,508 *****Generated All Pages****** for Purchase_Order_By_Opener_352_0.png
2024-03-18 12:32:07,509 RAM memory 67.0 used for Purchase_Order_By_Opener_352_0.png Generating All Pages:
2024-03-18 12:32:07,509 Processing time taken for all pages of Purchase_Order_By_Opener_352_0.png1:0:00:03.678208
2024-03-18 12:32:07,654 file name is:Purchase_Order_By_Opener_243_0.png
2024-03-18 12:32:07,654 folder path :Images
2024-03-18 12:32:07,654 Calling Image result
2024-03-18 12:32:07,654 is all_page_result is instance of dict? True
2024-03-18 12:32:07,654 STREAM b'IHDR' 16 13
2024-03-18 12:32:07,654 STREAM b'IDAT' 41 65536
2024-03-18 12:32:07,709 is words is instance of list? True
2024-03-18 12:32:07,709 is bboxes is instance of list? True
2024-03-18 12:32:07,709 is bounding_boxes is instance of list? True
2024-03-18 12:32:07,966 is input_id_chunks is instance of list? True
2024-03-18 12:32:07,966 is mask_chunks is instance of list? True
2024-03-18 12:32:07,966 is bbox_chunks is instance of list? True
2024-03-18 12:32:07,966 is image_chunks is instance of list? True
2024-03-18 12:32:07,967 is input_dict is instance of dict? True
2024-03-18 12:32:11,945 Model Called
2024-03-18 12:32:11,946 RAM memory 66.4 used for Purchase_Order_By_Opener_243_0.png:
2024-03-18 12:32:11,946 is all_predictions is instance of list? True
2024-03-18 12:32:11,946 is all_boxes is instance of list? True
2024-03-18 12:32:11,946 is all_confidences is instance of list? True
2024-03-18 12:32:11,946 is all_text is instance of list? True
2024-03-18 12:32:11,946 is label2id is instance of dict? True
2024-03-18 12:32:11,946 is id2label is instance of dict? True
2024-03-18 12:32:11,948 is label2color is instance of dict? True
2024-03-18 12:32:11,948 label2color : {'total_amount_in_words': '#8D44B7', 'freight_and_transportation_information': '#3BD01E', 'insurance_issuer_name': '#71ACF0', 'remitter_drawee_buyer_importer_billto_shippedto_despacthto_name': '#96C3BD', 'currency': '#EC8CAB', 'signed_by': '#946FC6', 'page_no': '#434415', 'documents_required': '#438032', 'tin_no': '#AA93D6', 'cst_no': '#88BE5D', 'remitter_drawee_buyer_importer_billto_shippedto_despacthto_address': '#797237', 'po_number': '#9A6418', 'mode_of_dispatch': '#A09402', 'unit_price': '#57CBC6', 'issue_date': '#952029', 'quotation_no': '#097857', 'dimension': '#74414C', 'signature': '#8CD068', 'O': '#2B830D', 'drawer_exporter_seller_beneficiary_issuer_supplier_name': '#D0A85B', 'packaging_details': '#A780AC', 'quantity': '#2BA75C', 'vat_no': '#415623', 'original_or_copy': '#FD4493', 'drawer_ref_no': '#8232F5', 'drawee_ref_no': '#896248', 'ecc_no': '#1DAF75', 'incoterm': '#2D0A98', 'item_description': '#108640', 'transport_condition': '#8268EA', 'drawer_exporter_seller_beneficiary_issuer_supplier_address': '#439FE5', 'delivery_terms': '#4C30AF', 'tax_amount': '#F8BCF1', 'taxes_condition': '#E6181A', 'warranty_terms': '#60CA26', 'price_conditions': '#29C3FD', 'total_pages': '#2A228C', 'stamped': '#ACD408', 'diclaration_by': '#B010F9', 'total_amount_in_figure': '#FE5C35', 'unit': '#66B6C8', 'payment_terms': '#BF45B8', 'destination': '#C29613', 'discount_condition': '#9522D4'}
2024-03-18 12:32:12,212 is result_set is instance of dict? True
2024-03-18 12:32:12,213 is final_result_set is instance of dict? True
2024-03-18 12:32:12,552 Time taken for page 1 of Purchase_Order_By_Opener_243_0.png:0:00:04.897534
2024-03-18 12:32:12,757 *****Generated All Pages****** for Purchase_Order_By_Opener_243_0.png
2024-03-18 12:32:12,757 RAM memory 66.6 used for Purchase_Order_By_Opener_243_0.png Generating All Pages:
2024-03-18 12:32:12,757 Processing time taken for all pages of Purchase_Order_By_Opener_243_0.png1:0:00:05.103029
2024-03-18 12:32:12,923 file name is:Purchase_Order_By_Opener_282_2.png
2024-03-18 12:32:12,924 folder path :Images
2024-03-18 12:32:12,924 Calling Image result
2024-03-18 12:32:12,924 is all_page_result is instance of dict? True
2024-03-18 12:32:12,924 STREAM b'IHDR' 16 13
2024-03-18 12:32:12,924 STREAM b'IDAT' 41 46849
2024-03-18 12:32:12,967 is words is instance of list? True
2024-03-18 12:32:12,967 is bboxes is instance of list? True
2024-03-18 12:32:12,967 is bounding_boxes is instance of list? True
2024-03-18 12:32:13,217 is input_id_chunks is instance of list? True
2024-03-18 12:32:13,217 is mask_chunks is instance of list? True
2024-03-18 12:32:13,217 is bbox_chunks is instance of list? True
2024-03-18 12:32:13,217 is image_chunks is instance of list? True
2024-03-18 12:32:13,218 is input_dict is instance of dict? True
2024-03-18 12:32:15,214 Model Called
2024-03-18 12:32:15,214 RAM memory 62.1 used for Purchase_Order_By_Opener_282_2.png:
2024-03-18 12:32:15,214 is all_predictions is instance of list? True
2024-03-18 12:32:15,214 is all_boxes is instance of list? True
2024-03-18 12:32:15,214 is all_confidences is instance of list? True
2024-03-18 12:32:15,214 is all_text is instance of list? True
2024-03-18 12:32:15,215 is label2id is instance of dict? True
2024-03-18 12:32:15,215 is id2label is instance of dict? True
2024-03-18 12:32:15,216 is label2color is instance of dict? True
2024-03-18 12:32:15,216 label2color : {'total_amount_in_words': '#D36DAA', 'freight_and_transportation_information': '#94B45B', 'insurance_issuer_name': '#A375AF', 'remitter_drawee_buyer_importer_billto_shippedto_despacthto_name': '#526A93', 'currency': '#0AAE41', 'signed_by': '#1E7C97', 'page_no': '#E8C197', 'documents_required': '#B55F36', 'tin_no': '#BDAFDC', 'cst_no': '#283252', 'remitter_drawee_buyer_importer_billto_shippedto_despacthto_address': '#DD6BA0', 'po_number': '#D7C5A6', 'mode_of_dispatch': '#B26FD8', 'unit_price': '#F6D26B', 'issue_date': '#8FCC2D', 'quotation_no': '#49053A', 'dimension': '#024E7B', 'signature': '#3595B3', 'O': '#0DAC3B', 'drawer_exporter_seller_beneficiary_issuer_supplier_name': '#CEDED4', 'packaging_details': '#8EAD46', 'quantity': '#1DF7AB', 'vat_no': '#E05FF8', 'original_or_copy': '#AE7D83', 'drawer_ref_no': '#DB8162', 'drawee_ref_no': '#EEDD35', 'ecc_no': '#580092', 'incoterm': '#10E788', 'item_description': '#6C8E63', 'transport_condition': '#47B240', 'drawer_exporter_seller_beneficiary_issuer_supplier_address': '#31B5C6', 'delivery_terms': '#DF4CF1', 'tax_amount': '#FFC352', 'taxes_condition': '#A499F5', 'warranty_terms': '#CACF46', 'price_conditions': '#760C26', 'total_pages': '#E58192', 'stamped': '#7A7E04', 'diclaration_by': '#57D0C6', 'total_amount_in_figure': '#734257', 'unit': '#FA81C3', 'payment_terms': '#ECC584', 'destination': '#80CE1A', 'discount_condition': '#C6BD0F'}
2024-03-18 12:32:15,426 is result_set is instance of dict? True
2024-03-18 12:32:15,427 is final_result_set is instance of dict? True
2024-03-18 12:32:15,660 Time taken for page 1 of Purchase_Order_By_Opener_282_2.png:0:00:02.736300
2024-03-18 12:32:15,822 *****Generated All Pages****** for Purchase_Order_By_Opener_282_2.png
2024-03-18 12:32:15,822 RAM memory 62.0 used for Purchase_Order_By_Opener_282_2.png Generating All Pages:
2024-03-18 12:32:15,822 Processing time taken for all pages of Purchase_Order_By_Opener_282_2.png1:0:00:02.898601
2024-03-18 12:32:15,980 file name is:Purchase_Order_By_Opener_318_0.png
2024-03-18 12:32:15,980 folder path :Images
2024-03-18 12:32:15,980 Calling Image result
2024-03-18 12:32:15,980 is all_page_result is instance of dict? True
2024-03-18 12:32:15,980 STREAM b'IHDR' 16 13
2024-03-18 12:32:15,980 STREAM b'IDAT' 41 65536
2024-03-18 12:32:16,075 is words is instance of list? True
2024-03-18 12:32:16,075 is bboxes is instance of list? True
2024-03-18 12:32:16,075 is bounding_boxes is instance of list? True
2024-03-18 12:32:16,799 is input_id_chunks is instance of list? True
2024-03-18 12:32:16,799 is mask_chunks is instance of list? True
2024-03-18 12:32:16,799 is bbox_chunks is instance of list? True
2024-03-18 12:32:16,799 is image_chunks is instance of list? True
2024-03-18 12:32:16,800 is input_dict is instance of dict? True
2024-03-18 12:32:21,469 Model Called
2024-03-18 12:32:21,470 RAM memory 67.3 used for Purchase_Order_By_Opener_318_0.png:
2024-03-18 12:32:21,470 is all_predictions is instance of list? True
2024-03-18 12:32:21,470 is all_boxes is instance of list? True
2024-03-18 12:32:21,470 is all_confidences is instance of list? True
2024-03-18 12:32:21,470 is all_text is instance of list? True
2024-03-18 12:32:21,471 is label2id is instance of dict? True
2024-03-18 12:32:21,471 is id2label is instance of dict? True
2024-03-18 12:32:21,473 is label2color is instance of dict? True
2024-03-18 12:32:21,473 label2color : {'total_amount_in_words': '#6CCCDB', 'freight_and_transportation_information': '#2AEF66', 'insurance_issuer_name': '#FD5B9E', 'remitter_drawee_buyer_importer_billto_shippedto_despacthto_name': '#D0A09E', 'currency': '#AAB601', 'signed_by': '#9DA15E', 'page_no': '#34F1DB', 'documents_required': '#83F68D', 'tin_no': '#0337F7', 'cst_no': '#032195', 'remitter_drawee_buyer_importer_billto_shippedto_despacthto_address': '#D260B5', 'po_number': '#D749E4', 'mode_of_dispatch': '#F80A1A', 'unit_price': '#1B639D', 'issue_date': '#557833', 'quotation_no': '#DAE182', 'dimension': '#4534EC', 'signature': '#F1E6AF', 'O': '#4F057A', 'drawer_exporter_seller_beneficiary_issuer_supplier_name': '#427B2F', 'packaging_details': '#24111D', 'quantity': '#008662', 'vat_no': '#FA4126', 'original_or_copy': '#BDB658', 'drawer_ref_no': '#435C05', 'drawee_ref_no': '#DC1DE8', 'ecc_no': '#01FAB2', 'incoterm': '#EA9E6D', 'item_description': '#9B7903', 'transport_condition': '#779AC3', 'drawer_exporter_seller_beneficiary_issuer_supplier_address': '#459295', 'delivery_terms': '#A57ACC', 'tax_amount': '#10A3A4', 'taxes_condition': '#F45068', 'warranty_terms': '#DD3AD4', 'price_conditions': '#235706', 'total_pages': '#E9B2C3', 'stamped': '#25264C', 'diclaration_by': '#B6CCED', 'total_amount_in_figure': '#F02E62', 'unit': '#126FBD', 'payment_terms': '#596920', 'destination': '#49AC9D', 'discount_condition': '#F7D691'}
2024-03-18 12:32:22,206 is result_set is instance of dict? True
2024-03-18 12:32:22,207 is final_result_set is instance of dict? True
2024-03-18 12:32:22,483 Time taken for page 1 of Purchase_Order_By_Opener_318_0.png:0:00:06.502981
2024-03-18 12:32:22,881 *****Generated All Pages****** for Purchase_Order_By_Opener_318_0.png
2024-03-18 12:32:22,881 RAM memory 67.9 used for Purchase_Order_By_Opener_318_0.png Generating All Pages:
2024-03-18 12:32:22,881 Processing time taken for all pages of Purchase_Order_By_Opener_318_0.png1:0:00:06.901000
2024-03-18 12:32:23,069 file name is:Purchase_Order_By_Opener_240_2.png
2024-03-18 12:32:23,069 folder path :Images
2024-03-18 12:32:23,069 Calling Image result
2024-03-18 12:32:23,069 is all_page_result is instance of dict? True
2024-03-18 12:32:23,069 STREAM b'IHDR' 16 13
2024-03-18 12:32:23,070 STREAM b'IDAT' 41 65536
2024-03-18 12:32:23,122 is words is instance of list? True
2024-03-18 12:32:23,123 is bboxes is instance of list? True
2024-03-18 12:32:23,123 is bounding_boxes is instance of list? True
2024-03-18 12:32:23,455 is input_id_chunks is instance of list? True
2024-03-18 12:32:23,456 is mask_chunks is instance of list? True
2024-03-18 12:32:23,456 is bbox_chunks is instance of list? True
2024-03-18 12:32:23,456 is image_chunks is instance of list? True
2024-03-18 12:32:23,456 is input_dict is instance of dict? True
2024-03-18 12:32:26,856 Model Called
2024-03-18 12:32:26,857 RAM memory 67.3 used for Purchase_Order_By_Opener_240_2.png:
2024-03-18 12:32:26,857 is all_predictions is instance of list? True
2024-03-18 12:32:26,857 is all_boxes is instance of list? True
2024-03-18 12:32:26,857 is all_confidences is instance of list? True
2024-03-18 12:32:26,857 is all_text is instance of list? True
2024-03-18 12:32:26,857 is label2id is instance of dict? True
2024-03-18 12:32:26,857 is id2label is instance of dict? True
2024-03-18 12:32:26,858 is label2color is instance of dict? True
2024-03-18 12:32:26,858 label2color : {'total_amount_in_words': '#27CAF2', 'freight_and_transportation_information': '#32DB4A', 'insurance_issuer_name': '#A794AF', 'remitter_drawee_buyer_importer_billto_shippedto_despacthto_name': '#794492', 'currency': '#9EDCCC', 'signed_by': '#6B4614', 'page_no': '#1FEB56', 'documents_required': '#333DBE', 'tin_no': '#EF51A6', 'cst_no': '#F5F6C0', 'remitter_drawee_buyer_importer_billto_shippedto_despacthto_address': '#3A1DA4', 'po_number': '#652F89', 'mode_of_dispatch': '#D68065', 'unit_price': '#39541E', 'issue_date': '#A00C3C', 'quotation_no': '#3E4A51', 'dimension': '#5259E3', 'signature': '#DC5F2E', 'O': '#0DB10A', 'drawer_exporter_seller_beneficiary_issuer_supplier_name': '#9BFD64', 'packaging_details': '#6A941F', 'quantity': '#E551E3', 'vat_no': '#8292E6', 'original_or_copy': '#9FFE1D', 'drawer_ref_no': '#738F97', 'drawee_ref_no': '#ED645E', 'ecc_no': '#F50631', 'incoterm': '#926B4E', 'item_description': '#00F9AC', 'transport_condition': '#F0E7F7', 'drawer_exporter_seller_beneficiary_issuer_supplier_address': '#3C2128', 'delivery_terms': '#4DB9FE', 'tax_amount': '#8B136D', 'taxes_condition': '#6C0A1A', 'warranty_terms': '#C7ACCE', 'price_conditions': '#4FAA4B', 'total_pages': '#55F31A', 'stamped': '#DC4643', 'diclaration_by': '#92F1C0', 'total_amount_in_figure': '#D29BE1', 'unit': '#7DB0CC', 'payment_terms': '#6D5456', 'destination': '#AA04DC', 'discount_condition': '#F4AB17'}
2024-03-18 12:32:27,076 is result_set is instance of dict? True
2024-03-18 12:32:27,077 is final_result_set is instance of dict? True
2024-03-18 12:32:27,209 Time taken for page 1 of Purchase_Order_By_Opener_240_2.png:0:00:04.139539
2024-03-18 12:32:27,344 *****Generated All Pages****** for Purchase_Order_By_Opener_240_2.png
2024-03-18 12:32:27,344 RAM memory 67.4 used for Purchase_Order_By_Opener_240_2.png Generating All Pages:
2024-03-18 12:32:27,344 Processing time taken for all pages of Purchase_Order_By_Opener_240_2.png1:0:00:04.274924
2024-03-18 12:32:27,501 file name is:Purchase_Order_By_Opener_246_0.png
2024-03-18 12:32:27,501 folder path :Images
2024-03-18 12:32:27,501 Calling Image result
2024-03-18 12:32:27,501 is all_page_result is instance of dict? True
2024-03-18 12:32:27,502 STREAM b'IHDR' 16 13
2024-03-18 12:32:27,502 STREAM b'IDAT' 41 53433
2024-03-18 12:32:27,556 is words is instance of list? True
2024-03-18 12:32:27,557 is bboxes is instance of list? True
2024-03-18 12:32:27,557 is bounding_boxes is instance of list? True
2024-03-18 12:32:27,801 is input_id_chunks is instance of list? True
2024-03-18 12:32:27,801 is mask_chunks is instance of list? True
2024-03-18 12:32:27,801 is bbox_chunks is instance of list? True
2024-03-18 12:32:27,801 is image_chunks is instance of list? True
2024-03-18 12:32:27,802 is input_dict is instance of dict? True
2024-03-18 12:32:31,613 Model Called
2024-03-18 12:32:31,613 RAM memory 67.1 used for Purchase_Order_By_Opener_246_0.png:
2024-03-18 12:32:31,613 is all_predictions is instance of list? True
2024-03-18 12:32:31,613 is all_boxes is instance of list? True
2024-03-18 12:32:31,613 is all_confidences is instance of list? True
2024-03-18 12:32:31,613 is all_text is instance of list? True
2024-03-18 12:32:31,614 is label2id is instance of dict? True
2024-03-18 12:32:31,614 is id2label is instance of dict? True
2024-03-18 12:32:31,616 is label2color is instance of dict? True
2024-03-18 12:32:31,616 label2color : {'total_amount_in_words': '#8A781A', 'freight_and_transportation_information': '#68BB1E', 'insurance_issuer_name': '#EEBBE5', 'remitter_drawee_buyer_importer_billto_shippedto_despacthto_name': '#D9F2F3', 'currency': '#9BF932', 'signed_by': '#E4C737', 'page_no': '#A6100F', 'documents_required': '#04EF63', 'tin_no': '#A68203', 'cst_no': '#1F0009', 'remitter_drawee_buyer_importer_billto_shippedto_despacthto_address': '#104422', 'po_number': '#C34DC4', 'mode_of_dispatch': '#52F9EC', 'unit_price': '#5EE164', 'issue_date': '#CC319B', 'quotation_no': '#F3CAEA', 'dimension': '#29EB0C', 'signature': '#5A941B', 'O': '#357A07', 'drawer_exporter_seller_beneficiary_issuer_supplier_name': '#A82A14', 'packaging_details': '#17F9C5', 'quantity': '#35AC29', 'vat_no': '#8F4FC1', 'original_or_copy': '#761293', 'drawer_ref_no': '#EBF035', 'drawee_ref_no': '#3539A6', 'ecc_no': '#8F8F10', 'incoterm': '#040A8E', 'item_description': '#6F0031', 'transport_condition': '#71676B', 'drawer_exporter_seller_beneficiary_issuer_supplier_address': '#1E7D9F', 'delivery_terms': '#F8FA5C', 'tax_amount': '#8C0BDE', 'taxes_condition': '#5814CB', 'warranty_terms': '#D9E3D2', 'price_conditions': '#693AB9', 'total_pages': '#277168', 'stamped': '#C438DD', 'diclaration_by': '#E22269', 'total_amount_in_figure': '#810791', 'unit': '#45EE4B', 'payment_terms': '#C95D96', 'destination': '#21712B', 'discount_condition': '#26835E'}
2024-03-18 12:32:32,001 is result_set is instance of dict? True
2024-03-18 12:32:32,001 is final_result_set is instance of dict? True
2024-03-18 12:32:32,278 Time taken for page 1 of Purchase_Order_By_Opener_246_0.png:0:00:04.776237
2024-03-18 12:32:32,636 *****Generated All Pages****** for Purchase_Order_By_Opener_246_0.png
2024-03-18 12:32:32,636 RAM memory 67.1 used for Purchase_Order_By_Opener_246_0.png Generating All Pages:
2024-03-18 12:32:32,636 Processing time taken for all pages of Purchase_Order_By_Opener_246_0.png1:0:00:05.135417
2024-03-18 12:32:32,778 file name is:Purchase_Order_By_Opener_235_0.png
2024-03-18 12:32:32,778 folder path :Images
2024-03-18 12:32:32,778 Calling Image result
2024-03-18 12:32:32,778 is all_page_result is instance of dict? True
2024-03-18 12:32:32,778 STREAM b'IHDR' 16 13
2024-03-18 12:32:32,778 STREAM b'IDAT' 41 36000
2024-03-18 12:32:32,826 is words is instance of list? True
2024-03-18 12:32:32,826 is bboxes is instance of list? True
2024-03-18 12:32:32,826 is bounding_boxes is instance of list? True
2024-03-18 12:32:33,145 is input_id_chunks is instance of list? True
2024-03-18 12:32:33,146 is mask_chunks is instance of list? True
2024-03-18 12:32:33,146 is bbox_chunks is instance of list? True
2024-03-18 12:32:33,146 is image_chunks is instance of list? True
2024-03-18 12:32:33,146 is input_dict is instance of dict? True
2024-03-18 12:32:34,896 Model Called
2024-03-18 12:32:34,897 RAM memory 65.5 used for Purchase_Order_By_Opener_235_0.png:
2024-03-18 12:32:34,897 is all_predictions is instance of list? True
2024-03-18 12:32:34,898 is all_boxes is instance of list? True
2024-03-18 12:32:34,898 is all_confidences is instance of list? True
2024-03-18 12:32:34,899 is all_text is instance of list? True
2024-03-18 12:32:34,900 is label2id is instance of dict? True
2024-03-18 12:32:34,900 is id2label is instance of dict? True
2024-03-18 12:32:34,903 is label2color is instance of dict? True
2024-03-18 12:32:34,904 label2color : {'total_amount_in_words': '#36F9C8', 'freight_and_transportation_information': '#F748E2', 'insurance_issuer_name': '#376C25', 'remitter_drawee_buyer_importer_billto_shippedto_despacthto_name': '#CCF7A8', 'currency': '#5B4E91', 'signed_by': '#EF1C71', 'page_no': '#80B841', 'documents_required': '#F8E54B', 'tin_no': '#1EEFE4', 'cst_no': '#94B07C', 'remitter_drawee_buyer_importer_billto_shippedto_despacthto_address': '#9C1962', 'po_number': '#6F9219', 'mode_of_dispatch': '#47FD6E', 'unit_price': '#4607D9', 'issue_date': '#5E01A6', 'quotation_no': '#8899D4', 'dimension': '#50BD3D', 'signature': '#BC0766', 'O': '#52FFAD', 'drawer_exporter_seller_beneficiary_issuer_supplier_name': '#0834B5', 'packaging_details': '#45C4ED', 'quantity': '#E386F9', 'vat_no': '#8170C8', 'original_or_copy': '#33D7E2', 'drawer_ref_no': '#07F090', 'drawee_ref_no': '#63AA9B', 'ecc_no': '#36C848', 'incoterm': '#1CC8FF', 'item_description': '#8C16E3', 'transport_condition': '#09B01D', 'drawer_exporter_seller_beneficiary_issuer_supplier_address': '#36D760', 'delivery_terms': '#EBE65A', 'tax_amount': '#84E078', 'taxes_condition': '#758F86', 'warranty_terms': '#82ECE8', 'price_conditions': '#C29B5A', 'total_pages': '#12E331', 'stamped': '#3AF607', 'diclaration_by': '#2963D0', 'total_amount_in_figure': '#C0E496', 'unit': '#4152C2', 'payment_terms': '#79759B', 'destination': '#F4F929', 'discount_condition': '#C45A07'}
2024-03-18 12:32:35,119 is result_set is instance of dict? True
2024-03-18 12:32:35,120 is final_result_set is instance of dict? True
2024-03-18 12:32:35,438 Time taken for page 1 of Purchase_Order_By_Opener_235_0.png:0:00:02.659758
2024-03-18 12:32:35,608 *****Generated All Pages****** for Purchase_Order_By_Opener_235_0.png
2024-03-18 12:32:35,609 RAM memory 65.4 used for Purchase_Order_By_Opener_235_0.png Generating All Pages:
2024-03-18 12:32:35,609 Processing time taken for all pages of Purchase_Order_By_Opener_235_0.png1:0:00:02.831177
2024-03-18 12:32:35,810 file name is:Purchase_Order_By_Opener_345_4.png
2024-03-18 12:32:35,811 folder path :Images
2024-03-18 12:32:35,811 Calling Image result
2024-03-18 12:32:35,811 is all_page_result is instance of dict? True
2024-03-18 12:32:35,812 STREAM b'IHDR' 16 13
2024-03-18 12:32:35,812 STREAM b'IDAT' 41 46476
2024-03-18 12:32:35,875 is words is instance of list? True
2024-03-18 12:32:35,875 is bboxes is instance of list? True
2024-03-18 12:32:35,875 is bounding_boxes is instance of list? True
2024-03-18 12:32:36,401 is input_id_chunks is instance of list? True
2024-03-18 12:32:36,401 is mask_chunks is instance of list? True
2024-03-18 12:32:36,401 is bbox_chunks is instance of list? True
2024-03-18 12:32:36,401 is image_chunks is instance of list? True
2024-03-18 12:32:36,419 is input_dict is instance of dict? True
2024-03-18 12:32:41,212 Model Called
2024-03-18 12:32:41,212 RAM memory 68.0 used for Purchase_Order_By_Opener_345_4.png:
2024-03-18 12:32:41,213 is all_predictions is instance of list? True
2024-03-18 12:32:41,213 is all_boxes is instance of list? True
2024-03-18 12:32:41,213 is all_confidences is instance of list? True
2024-03-18 12:32:41,213 is all_text is instance of list? True
2024-03-18 12:32:41,213 is label2id is instance of dict? True
2024-03-18 12:32:41,213 is id2label is instance of dict? True
2024-03-18 12:32:41,215 is label2color is instance of dict? True
2024-03-18 12:32:41,215 label2color : {'total_amount_in_words': '#49B0AA', 'freight_and_transportation_information': '#512586', 'insurance_issuer_name': '#5FB86B', 'remitter_drawee_buyer_importer_billto_shippedto_despacthto_name': '#736E10', 'currency': '#9C3415', 'signed_by': '#2E6182', 'page_no': '#E3D2E1', 'documents_required': '#D57137', 'tin_no': '#6F57E2', 'cst_no': '#B6B384', 'remitter_drawee_buyer_importer_billto_shippedto_despacthto_address': '#AE5C45', 'po_number': '#905148', 'mode_of_dispatch': '#AF399B', 'unit_price': '#4A4D37', 'issue_date': '#DBAE84', 'quotation_no': '#BA1DF2', 'dimension': '#EDD2D0', 'signature': '#C9A000', 'O': '#1C40ED', 'drawer_exporter_seller_beneficiary_issuer_supplier_name': '#15430A', 'packaging_details': '#1FE131', 'quantity': '#DAAC36', 'vat_no': '#A3E8FA', 'original_or_copy': '#637F83', 'drawer_ref_no': '#DADAE4', 'drawee_ref_no': '#2D9358', 'ecc_no': '#79D9A7', 'incoterm': '#138081', 'item_description': '#F43DE4', 'transport_condition': '#92876E', 'drawer_exporter_seller_beneficiary_issuer_supplier_address': '#9EE57D', 'delivery_terms': '#A9549C', 'tax_amount': '#7BC084', 'taxes_condition': '#7C8C3D', 'warranty_terms': '#4D91C9', 'price_conditions': '#805277', 'total_pages': '#7DEE7C', 'stamped': '#5EC633', 'diclaration_by': '#D7DF30', 'total_amount_in_figure': '#5D5729', 'unit': '#333EAA', 'payment_terms': '#1B41EA', 'destination': '#2FF515', 'discount_condition': '#3E18B0'}
2024-03-18 12:32:41,529 is result_set is instance of dict? True
2024-03-18 12:32:41,530 is final_result_set is instance of dict? True
2024-03-18 12:32:41,678 Time taken for page 1 of Purchase_Order_By_Opener_345_4.png:0:00:05.865581
2024-03-18 12:32:41,821 *****Generated All Pages****** for Purchase_Order_By_Opener_345_4.png
2024-03-18 12:32:41,822 RAM memory 68.0 used for Purchase_Order_By_Opener_345_4.png Generating All Pages:
2024-03-18 12:32:41,822 Processing time taken for all pages of Purchase_Order_By_Opener_345_4.png1:0:00:06.010625
2024-03-18 12:32:41,939 file name is:Purchase_Order_By_Opener_223_1.png
2024-03-18 12:32:41,939 folder path :Images
2024-03-18 12:32:41,939 Calling Image result
2024-03-18 12:32:41,939 is all_page_result is instance of dict? True
2024-03-18 12:32:41,939 STREAM b'IHDR' 16 13
2024-03-18 12:32:41,939 STREAM b'IDAT' 41 57225
2024-03-18 12:32:42,001 is words is instance of list? True
2024-03-18 12:32:42,001 is bboxes is instance of list? True
2024-03-18 12:32:42,001 is bounding_boxes is instance of list? True
2024-03-18 12:32:42,230 is input_id_chunks is instance of list? True
2024-03-18 12:32:42,230 is mask_chunks is instance of list? True
2024-03-18 12:32:42,230 is bbox_chunks is instance of list? True
2024-03-18 12:32:42,230 is image_chunks is instance of list? True
2024-03-18 12:32:42,231 is input_dict is instance of dict? True
2024-03-18 12:32:45,933 Model Called
2024-03-18 12:32:45,933 RAM memory 67.6 used for Purchase_Order_By_Opener_223_1.png:
2024-03-18 12:32:45,933 is all_predictions is instance of list? True
2024-03-18 12:32:45,933 is all_boxes is instance of list? True
2024-03-18 12:32:45,933 is all_confidences is instance of list? True
2024-03-18 12:32:45,933 is all_text is instance of list? True
2024-03-18 12:32:45,934 is label2id is instance of dict? True
2024-03-18 12:32:45,934 is id2label is instance of dict? True
2024-03-18 12:32:45,935 is label2color is instance of dict? True
2024-03-18 12:32:45,935 label2color : {'total_amount_in_words': '#4D5148', 'freight_and_transportation_information': '#B83677', 'insurance_issuer_name': '#686444', 'remitter_drawee_buyer_importer_billto_shippedto_despacthto_name': '#6E8E0D', 'currency': '#1E9905', 'signed_by': '#BD4627', 'page_no': '#695BB4', 'documents_required': '#2907FB', 'tin_no': '#06C68C', 'cst_no': '#C09CF6', 'remitter_drawee_buyer_importer_billto_shippedto_despacthto_address': '#D19320', 'po_number': '#3383F2', 'mode_of_dispatch': '#A0B0CD', 'unit_price': '#C11260', 'issue_date': '#94BFD2', 'quotation_no': '#7D80E2', 'dimension': '#5C6BDD', 'signature': '#5DDB85', 'O': '#13352B', 'drawer_exporter_seller_beneficiary_issuer_supplier_name': '#764F2B', 'packaging_details': '#941960', 'quantity': '#1331FC', 'vat_no': '#A649EA', 'original_or_copy': '#40E43D', 'drawer_ref_no': '#88F8CD', 'drawee_ref_no': '#706665', 'ecc_no': '#E02F38', 'incoterm': '#A325BA', 'item_description': '#B98A51', 'transport_condition': '#4A60F2', 'drawer_exporter_seller_beneficiary_issuer_supplier_address': '#2C3C78', 'delivery_terms': '#A553A3', 'tax_amount': '#322D06', 'taxes_condition': '#AFF9FE', 'warranty_terms': '#1CD63B', 'price_conditions': '#2EE3E8', 'total_pages': '#796EC4', 'stamped': '#224082', 'diclaration_by': '#7DE23D', 'total_amount_in_figure': '#094083', 'unit': '#52D9D6', 'payment_terms': '#22E8A8', 'destination': '#94FA73', 'discount_condition': '#81F20C'}
2024-03-18 12:32:46,144 is result_set is instance of dict? True
2024-03-18 12:32:46,145 is final_result_set is instance of dict? True
2024-03-18 12:32:46,236 Time taken for page 1 of Purchase_Order_By_Opener_223_1.png:0:00:04.297111
2024-03-18 12:32:46,367 *****Generated All Pages****** for Purchase_Order_By_Opener_223_1.png
2024-03-18 12:32:46,367 RAM memory 67.7 used for Purchase_Order_By_Opener_223_1.png Generating All Pages:
2024-03-18 12:32:46,367 Processing time taken for all pages of Purchase_Order_By_Opener_223_1.png1:0:00:04.428160
2024-03-18 12:32:46,488 file name is:Purchase_Order_By_Opener_259_0.png
2024-03-18 12:32:46,488 folder path :Images
2024-03-18 12:32:46,488 Calling Image result
2024-03-18 12:32:46,488 is all_page_result is instance of dict? True
2024-03-18 12:32:46,488 STREAM b'IHDR' 16 13
2024-03-18 12:32:46,488 STREAM b'IDAT' 41 65536
2024-03-18 12:32:46,528 is words is instance of list? True
2024-03-18 12:32:46,528 is bboxes is instance of list? True
2024-03-18 12:32:46,528 is bounding_boxes is instance of list? True
2024-03-18 12:32:46,732 is input_id_chunks is instance of list? True
2024-03-18 12:32:46,732 is mask_chunks is instance of list? True
2024-03-18 12:32:46,732 is bbox_chunks is instance of list? True
2024-03-18 12:32:46,732 is image_chunks is instance of list? True
2024-03-18 12:32:46,733 is input_dict is instance of dict? True
2024-03-18 12:32:49,302 Model Called
2024-03-18 12:32:49,303 RAM memory 67.1 used for Purchase_Order_By_Opener_259_0.png:
2024-03-18 12:32:49,303 is all_predictions is instance of list? True
2024-03-18 12:32:49,303 is all_boxes is instance of list? True
2024-03-18 12:32:49,303 is all_confidences is instance of list? True
2024-03-18 12:32:49,303 is all_text is instance of list? True
2024-03-18 12:32:49,303 is label2id is instance of dict? True
2024-03-18 12:32:49,303 is id2label is instance of dict? True
2024-03-18 12:32:49,304 is label2color is instance of dict? True
2024-03-18 12:32:49,304 label2color : {'total_amount_in_words': '#A23ECE', 'freight_and_transportation_information': '#4728B3', 'insurance_issuer_name': '#4E4472', 'remitter_drawee_buyer_importer_billto_shippedto_despacthto_name': '#8F2F63', 'currency': '#F7A150', 'signed_by': '#276290', 'page_no': '#DA95D4', 'documents_required': '#554FFA', 'tin_no': '#DF1DE9', 'cst_no': '#29EA30', 'remitter_drawee_buyer_importer_billto_shippedto_despacthto_address': '#D480EC', 'po_number': '#FD1B77', 'mode_of_dispatch': '#43ED44', 'unit_price': '#7BF2EA', 'issue_date': '#B301AE', 'quotation_no': '#2473B4', 'dimension': '#0552E7', 'signature': '#808B85', 'O': '#0AD43C', 'drawer_exporter_seller_beneficiary_issuer_supplier_name': '#AE4759', 'packaging_details': '#9B94C9', 'quantity': '#6AD468', 'vat_no': '#C56207', 'original_or_copy': '#4DC982', 'drawer_ref_no': '#1E034A', 'drawee_ref_no': '#69773F', 'ecc_no': '#D3D7B5', 'incoterm': '#45741E', 'item_description': '#D3F4C8', 'transport_condition': '#05D18C', 'drawer_exporter_seller_beneficiary_issuer_supplier_address': '#B3C96F', 'delivery_terms': '#2B94D5', 'tax_amount': '#5AFC83', 'taxes_condition': '#E26429', 'warranty_terms': '#012BAD', 'price_conditions': '#63498E', 'total_pages': '#18CB0E', 'stamped': '#3ACED7', 'diclaration_by': '#D45A78', 'total_amount_in_figure': '#BAF380', 'unit': '#5ED088', 'payment_terms': '#8EEC53', 'destination': '#F89EDE', 'discount_condition': '#9DE4F3'}
2024-03-18 12:32:49,517 is result_set is instance of dict? True
2024-03-18 12:32:49,518 is final_result_set is instance of dict? True
2024-03-18 12:32:49,623 Time taken for page 1 of Purchase_Order_By_Opener_259_0.png:0:00:03.134217
2024-03-18 12:32:49,755 *****Generated All Pages****** for Purchase_Order_By_Opener_259_0.png
2024-03-18 12:32:49,755 RAM memory 67.2 used for Purchase_Order_By_Opener_259_0.png Generating All Pages:
2024-03-18 12:32:49,755 Processing time taken for all pages of Purchase_Order_By_Opener_259_0.png1:0:00:03.267255
2024-03-18 12:32:49,875 file name is:Purchase_Order_By_Opener_292_0.png
2024-03-18 12:32:49,875 folder path :Images
2024-03-18 12:32:49,875 Calling Image result
2024-03-18 12:32:49,875 is all_page_result is instance of dict? True
2024-03-18 12:32:49,875 STREAM b'IHDR' 16 13
2024-03-18 12:32:49,875 STREAM b'IDAT' 41 35305
2024-03-18 12:32:49,944 is words is instance of list? True
2024-03-18 12:32:49,944 is bboxes is instance of list? True
2024-03-18 12:32:49,944 is bounding_boxes is instance of list? True
2024-03-18 12:32:50,144 is input_id_chunks is instance of list? True
2024-03-18 12:32:50,144 is mask_chunks is instance of list? True
2024-03-18 12:32:50,144 is bbox_chunks is instance of list? True
2024-03-18 12:32:50,144 is image_chunks is instance of list? True
2024-03-18 12:32:50,145 is input_dict is instance of dict? True
2024-03-18 12:32:51,500 Model Called
2024-03-18 12:32:51,501 RAM memory 64.9 used for Purchase_Order_By_Opener_292_0.png:
2024-03-18 12:32:51,501 is all_predictions is instance of list? True
2024-03-18 12:32:51,501 is all_boxes is instance of list? True
2024-03-18 12:32:51,501 is all_confidences is instance of list? True
2024-03-18 12:32:51,501 is all_text is instance of list? True
2024-03-18 12:32:51,501 is label2id is instance of dict? True
2024-03-18 12:32:51,502 is id2label is instance of dict? True
2024-03-18 12:32:51,503 is label2color is instance of dict? True
2024-03-18 12:32:51,503 label2color : {'total_amount_in_words': '#003A8B', 'freight_and_transportation_information': '#D54A56', 'insurance_issuer_name': '#6D003C', 'remitter_drawee_buyer_importer_billto_shippedto_despacthto_name': '#F2E746', 'currency': '#C4117A', 'signed_by': '#C99358', 'page_no': '#8A0651', 'documents_required': '#92E542', 'tin_no': '#EEFA7E', 'cst_no': '#02FCCB', 'remitter_drawee_buyer_importer_billto_shippedto_despacthto_address': '#3DF631', 'po_number': '#4ED10E', 'mode_of_dispatch': '#C0FAEB', 'unit_price': '#DAF02B', 'issue_date': '#47F4F6', 'quotation_no': '#6B35DE', 'dimension': '#39A7CF', 'signature': '#8ADB74', 'O': '#A5ECC5', 'drawer_exporter_seller_beneficiary_issuer_supplier_name': '#BBCF00', 'packaging_details': '#7B16E7', 'quantity': '#28F926', 'vat_no': '#3D6F17', 'original_or_copy': '#DEDC29', 'drawer_ref_no': '#6D5FDC', 'drawee_ref_no': '#35BC52', 'ecc_no': '#ACA9FD', 'incoterm': '#1CD389', 'item_description': '#E95F99', 'transport_condition': '#AF3D57', 'drawer_exporter_seller_beneficiary_issuer_supplier_address': '#8B162B', 'delivery_terms': '#9E8992', 'tax_amount': '#D45B7F', 'taxes_condition': '#5B55AF', 'warranty_terms': '#C1DF89', 'price_conditions': '#3B8189', 'total_pages': '#7ED7F6', 'stamped': '#A2AAA0', 'diclaration_by': '#D772D0', 'total_amount_in_figure': '#8C8833', 'unit': '#56D688', 'payment_terms': '#F1FB3D', 'destination': '#CF7487', 'discount_condition': '#3A7C82'}
2024-03-18 12:32:51,657 is result_set is instance of dict? True
2024-03-18 12:32:51,658 is final_result_set is instance of dict? True
2024-03-18 12:32:51,846 Time taken for page 1 of Purchase_Order_By_Opener_292_0.png:0:00:01.970873
2024-03-18 12:32:52,022 *****Generated All Pages****** for Purchase_Order_By_Opener_292_0.png
2024-03-18 12:32:52,022 RAM memory 64.8 used for Purchase_Order_By_Opener_292_0.png Generating All Pages:
2024-03-18 12:32:52,022 Processing time taken for all pages of Purchase_Order_By_Opener_292_0.png1:0:00:02.147151
2024-03-18 12:32:52,187 file name is:Purchase_Order_By_Opener_325_2.png
2024-03-18 12:32:52,188 folder path :Images
2024-03-18 12:32:52,188 Calling Image result
2024-03-18 12:32:52,188 is all_page_result is instance of dict? True
2024-03-18 12:32:52,188 STREAM b'IHDR' 16 13
2024-03-18 12:32:52,188 STREAM b'IDAT' 41 17903
2024-03-18 12:32:52,218 is words is instance of list? True
2024-03-18 12:32:52,218 is bboxes is instance of list? True
2024-03-18 12:32:52,218 is bounding_boxes is instance of list? True
2024-03-18 12:32:52,353 is input_id_chunks is instance of list? True
2024-03-18 12:32:52,353 is mask_chunks is instance of list? True
2024-03-18 12:32:52,353 is bbox_chunks is instance of list? True
2024-03-18 12:32:52,353 is image_chunks is instance of list? True
2024-03-18 12:32:52,354 is input_dict is instance of dict? True
2024-03-18 12:32:53,771 Model Called
2024-03-18 12:32:53,772 RAM memory 64.8 used for Purchase_Order_By_Opener_325_2.png:
2024-03-18 12:32:53,772 is all_predictions is instance of list? True
2024-03-18 12:32:53,772 is all_boxes is instance of list? True
2024-03-18 12:32:53,772 is all_confidences is instance of list? True
2024-03-18 12:32:53,772 is all_text is instance of list? True
2024-03-18 12:32:53,772 is label2id is instance of dict? True
2024-03-18 12:32:53,772 is id2label is instance of dict? True
2024-03-18 12:32:53,773 is label2color is instance of dict? True
2024-03-18 12:32:53,774 label2color : {'total_amount_in_words': '#23337C', 'freight_and_transportation_information': '#CFF250', 'insurance_issuer_name': '#9520A1', 'remitter_drawee_buyer_importer_billto_shippedto_despacthto_name': '#FB3377', 'currency': '#4E154A', 'signed_by': '#9A7AA8', 'page_no': '#E81C53', 'documents_required': '#6171ED', 'tin_no': '#049340', 'cst_no': '#FB56CD', 'remitter_drawee_buyer_importer_billto_shippedto_despacthto_address': '#AD8713', 'po_number': '#E5AC73', 'mode_of_dispatch': '#1A5969', 'unit_price': '#7F27A9', 'issue_date': '#A03239', 'quotation_no': '#9B4F3D', 'dimension': '#91CD4F', 'signature': '#0FEF4B', 'O': '#E31173', 'drawer_exporter_seller_beneficiary_issuer_supplier_name': '#66C5A8', 'packaging_details': '#3B0F78', 'quantity': '#494168', 'vat_no': '#B68BCC', 'original_or_copy': '#631F84', 'drawer_ref_no': '#E7888E', 'drawee_ref_no': '#FA461D', 'ecc_no': '#016FF3', 'incoterm': '#2B5516', 'item_description': '#37F667', 'transport_condition': '#3A9BEA', 'drawer_exporter_seller_beneficiary_issuer_supplier_address': '#9BE691', 'delivery_terms': '#0EAF2B', 'tax_amount': '#72E1C3', 'taxes_condition': '#6D6261', 'warranty_terms': '#D8415B', 'price_conditions': '#53E398', 'total_pages': '#A653C4', 'stamped': '#474D6B', 'diclaration_by': '#ED3BB2', 'total_amount_in_figure': '#DBA0A0', 'unit': '#1C697F', 'payment_terms': '#94160A', 'destination': '#C013DA', 'discount_condition': '#6B89CB'}
2024-03-18 12:32:53,840 is result_set is instance of dict? True
2024-03-18 12:32:53,841 is final_result_set is instance of dict? True
2024-03-18 12:32:54,029 Time taken for page 1 of Purchase_Order_By_Opener_325_2.png:0:00:01.840879
2024-03-18 12:32:54,079 *****Generated All Pages****** for Purchase_Order_By_Opener_325_2.png
2024-03-18 12:32:54,080 RAM memory 64.8 used for Purchase_Order_By_Opener_325_2.png Generating All Pages:
2024-03-18 12:32:54,080 Processing time taken for all pages of Purchase_Order_By_Opener_325_2.png1:0:00:01.891729
