2024-04-29 18:13:32,744 checkpoint 1 => setting basis cofiguration for logging purposes
2024-04-29 18:13:32,745 start time: 2024-04-29 18:13:32.745530
2024-04-29 18:13:35,562 Starting new HTTPS connection (1): huggingface.co:443
2024-04-29 18:13:36,390 https://huggingface.co:443 "HEAD /microsoft/layoutlmv2-base-uncased/resolve/main/preprocessor_config.json HTTP/1.1" 200 0
2024-04-29 18:13:36,808 https://huggingface.co:443 "HEAD /microsoft/layoutlmv2-base-uncased/resolve/main/tokenizer_config.json HTTP/1.1" 404 0
2024-04-29 18:13:37,123 https://huggingface.co:443 "HEAD /microsoft/layoutlmv2-base-uncased/resolve/main/vocab.txt HTTP/1.1" 200 0
2024-04-29 18:13:37,151 RAM memory for Model loading used: 48.6
2024-04-29 18:13:37,152 cpu_utilization % for Model Loading:25.1
2024-04-29 18:13:37,152 memory_consumption in bytes for Loading Model:909475840
2024-04-29 18:13:37,152 Loaded Model successfully
2024-04-29 18:13:37,152 file name is:Bill_of_lading_1589_page_0.png
2024-04-29 18:13:37,152 folder path :Images
2024-04-29 18:13:37,152 Calling Image result
2024-04-29 18:13:37,152 is all_page_result is instance of dict? True
2024-04-29 18:13:37,157 STREAM b'IHDR' 16 13
2024-04-29 18:13:37,157 STREAM b'IDAT' 41 65536
2024-04-29 18:13:37,199 is words is instance of list? True
2024-04-29 18:13:37,199 is bboxes is instance of list? True
2024-04-29 18:13:37,199 is bounding_boxes is instance of list? True
2024-04-29 18:13:37,682 is input_id_chunks is instance of list? True
2024-04-29 18:13:37,682 is mask_chunks is instance of list? True
2024-04-29 18:13:37,682 is bbox_chunks is instance of list? True
2024-04-29 18:13:37,682 is image_chunks is instance of list? True
2024-04-29 18:13:37,683 is input_dict is instance of dict? True
2024-04-29 18:13:40,783 Model Called
2024-04-29 18:13:40,783 RAM memory 68.1 used for Bill_of_lading_1589_page_0.png:
2024-04-29 18:13:40,783 is all_predictions is instance of list? True
2024-04-29 18:13:40,783 is all_boxes is instance of list? True
2024-04-29 18:13:40,783 is all_confidences is instance of list? True
2024-04-29 18:13:40,783 is all_text is instance of list? True
2024-04-29 18:13:40,784 is label2id is instance of dict? True
2024-04-29 18:13:40,784 is id2label is instance of dict? True
2024-04-29 18:13:40,785 is label2color is instance of dict? True
2024-04-29 18:13:40,785 label2color : {'stamp': '#23BE2E', 'bol_original_or_copy': '#E9984F', 'vessel_name': '#65AE66', 'shipped_onboard_date': '#2565BF', 'final_destination': '#8C5FE0', 'measurement': '#175549', 'country_of_origin': '#34057C', 'bol_original_number': '#42B201', 'net_weight': '#77ECEA', 'signed_by_carrier': '#F66859', 'gross_weight': '#D46D95', 'carrier_country': '#2AC52B', 'port_of_discharge': '#F326C3', 'goods_quantity': '#3C5B90', 'notify_party_name': '#637523', 'port_of_loading': '#C2F5B5', 'shipper_address': '#8AA50B', 'place_of_issue': '#7C2FC7', 'agent_country': '#D51652', 'freight_collect_at': '#54D661', 'place_of_receipt': '#D5F142', 'voyage_number': '#DC8C9A', 'signature': '#287BF7', 'consignee_name': '#C26FE3', 'consignee_address': '#36BCBA', 'bill_of_lading_issue_date': '#B8320A', 'mode_of_transport': '#9136DB', 'shipper_name': '#C28D52', 'signed_By_agent': '#52BBC9', 'container_number': '#E2CC56', 'transaction_date': '#9A37D6', 'notify_party_address': '#824E1E', 'goods_marks_and_nos': '#3FDE82', 'goods_description': '#231B25', 'lc_date': '#5E0352', 'dimension': '#742C95', 'agent_name': '#095DD0', 'carrier_name': '#FD37E0', 'O': '#58EFC2', 'lc_ref_number': '#11C3B9', 'pre_carriage_by': '#3CB530', 'page_no': '#56CB19', 'total_original_no': '#85904E', 'freight_collect_or_prepaid': '#964109', 'signed_by_master': '#E73787', 'bill_of_lading_number': '#DDF0D4'}
2024-04-29 18:13:41,102 is result_set is instance of dict? True
2024-04-29 18:13:41,103 is final_result_set is instance of dict? True
2024-04-29 18:13:41,231 Time taken for page 1 of Bill_of_lading_1589_page_0.png:0:00:04.073773
2024-04-29 18:13:41,385 *****Generated All Pages****** for Bill_of_lading_1589_page_0.png
2024-04-29 18:13:41,385 RAM memory 68.5 used for Bill_of_lading_1589_page_0.png Generating All Pages:
2024-04-29 18:13:41,385 Processing time taken for all pages of Bill_of_lading_1589_page_0.png1:0:00:04.232947
2024-04-29 18:13:41,577 file name is:Bill_of_lading_2090_page_0.png
2024-04-29 18:13:41,577 folder path :Images
2024-04-29 18:13:41,577 Calling Image result
2024-04-29 18:13:41,577 is all_page_result is instance of dict? True
2024-04-29 18:13:41,578 STREAM b'IHDR' 16 13
2024-04-29 18:13:41,578 STREAM b'IDAT' 41 65536
2024-04-29 18:13:41,610 is words is instance of list? True
2024-04-29 18:13:41,610 is bboxes is instance of list? True
2024-04-29 18:13:41,610 is bounding_boxes is instance of list? True
2024-04-29 18:13:41,858 is input_id_chunks is instance of list? True
2024-04-29 18:13:41,858 is mask_chunks is instance of list? True
2024-04-29 18:13:41,858 is bbox_chunks is instance of list? True
2024-04-29 18:13:41,858 is image_chunks is instance of list? True
2024-04-29 18:13:41,859 is input_dict is instance of dict? True
2024-04-29 18:13:45,635 Model Called
2024-04-29 18:13:45,635 RAM memory 67.6 used for Bill_of_lading_2090_page_0.png:
2024-04-29 18:13:45,635 is all_predictions is instance of list? True
2024-04-29 18:13:45,635 is all_boxes is instance of list? True
2024-04-29 18:13:45,635 is all_confidences is instance of list? True
2024-04-29 18:13:45,636 is all_text is instance of list? True
2024-04-29 18:13:45,636 is label2id is instance of dict? True
2024-04-29 18:13:45,636 is id2label is instance of dict? True
2024-04-29 18:13:45,637 is label2color is instance of dict? True
2024-04-29 18:13:45,637 label2color : {'stamp': '#90C43B', 'bol_original_or_copy': '#17CEC1', 'vessel_name': '#725E09', 'shipped_onboard_date': '#B7771E', 'final_destination': '#5B2451', 'measurement': '#506483', 'country_of_origin': '#54F323', 'bol_original_number': '#857D4F', 'net_weight': '#55B48F', 'signed_by_carrier': '#69A9C2', 'gross_weight': '#A66A3E', 'carrier_country': '#F137EC', 'port_of_discharge': '#F8A905', 'goods_quantity': '#057DD7', 'notify_party_name': '#7182E8', 'port_of_loading': '#5BC116', 'shipper_address': '#0D1977', 'place_of_issue': '#5A6EB3', 'agent_country': '#1F1A2A', 'freight_collect_at': '#76ED50', 'place_of_receipt': '#30105D', 'voyage_number': '#DADCA2', 'signature': '#E01312', 'consignee_name': '#703A8C', 'consignee_address': '#E4B21E', 'bill_of_lading_issue_date': '#6B8B1C', 'mode_of_transport': '#929934', 'shipper_name': '#4911A0', 'signed_By_agent': '#8506A0', 'container_number': '#4485B5', 'transaction_date': '#27ED9B', 'notify_party_address': '#161FC6', 'goods_marks_and_nos': '#1533A5', 'goods_description': '#C0DE81', 'lc_date': '#2423E6', 'dimension': '#E354B4', 'agent_name': '#4B3886', 'carrier_name': '#EA95F6', 'O': '#042C78', 'lc_ref_number': '#B7E679', 'pre_carriage_by': '#6C494E', 'page_no': '#A79E5C', 'total_original_no': '#D5C52F', 'freight_collect_or_prepaid': '#8518D3', 'signed_by_master': '#732950', 'bill_of_lading_number': '#3D21F7'}
2024-04-29 18:13:45,919 is result_set is instance of dict? True
2024-04-29 18:13:45,921 is final_result_set is instance of dict? True
2024-04-29 18:13:46,000 Time taken for page 1 of Bill_of_lading_2090_page_0.png:0:00:04.421855
2024-04-29 18:13:46,140 *****Generated All Pages****** for Bill_of_lading_2090_page_0.png
2024-04-29 18:13:46,140 RAM memory 67.9 used for Bill_of_lading_2090_page_0.png Generating All Pages:
2024-04-29 18:13:46,140 Processing time taken for all pages of Bill_of_lading_2090_page_0.png1:0:00:04.563276
2024-04-29 18:13:46,304 file name is:Bill_Of_Landing_8_page_0.png
2024-04-29 18:13:46,304 folder path :Images
2024-04-29 18:13:46,305 Calling Image result
2024-04-29 18:13:46,305 is all_page_result is instance of dict? True
2024-04-29 18:13:46,305 STREAM b'IHDR' 16 13
2024-04-29 18:13:46,305 STREAM b'IDAT' 41 65536
2024-04-29 18:13:46,336 is words is instance of list? True
2024-04-29 18:13:46,336 is bboxes is instance of list? True
2024-04-29 18:13:46,336 is bounding_boxes is instance of list? True
2024-04-29 18:13:46,557 is input_id_chunks is instance of list? True
2024-04-29 18:13:46,557 is mask_chunks is instance of list? True
2024-04-29 18:13:46,557 is bbox_chunks is instance of list? True
2024-04-29 18:13:46,557 is image_chunks is instance of list? True
2024-04-29 18:13:46,558 is input_dict is instance of dict? True
2024-04-29 18:13:48,890 Model Called
2024-04-29 18:13:48,890 RAM memory 61.5 used for Bill_Of_Landing_8_page_0.png:
2024-04-29 18:13:48,890 is all_predictions is instance of list? True
2024-04-29 18:13:48,890 is all_boxes is instance of list? True
2024-04-29 18:13:48,890 is all_confidences is instance of list? True
2024-04-29 18:13:48,890 is all_text is instance of list? True
2024-04-29 18:13:48,891 is label2id is instance of dict? True
2024-04-29 18:13:48,891 is id2label is instance of dict? True
2024-04-29 18:13:48,891 is label2color is instance of dict? True
2024-04-29 18:13:48,892 label2color : {'stamp': '#A761ED', 'bol_original_or_copy': '#FD73FA', 'vessel_name': '#9B4952', 'shipped_onboard_date': '#E82BA6', 'final_destination': '#824FF8', 'measurement': '#7520D5', 'country_of_origin': '#6FBAF6', 'bol_original_number': '#131B61', 'net_weight': '#5DA72B', 'signed_by_carrier': '#697E5A', 'gross_weight': '#083526', 'carrier_country': '#DDF3FF', 'port_of_discharge': '#6F318C', 'goods_quantity': '#343A59', 'notify_party_name': '#AE3B53', 'port_of_loading': '#B92C40', 'shipper_address': '#845DB6', 'place_of_issue': '#6ABBCF', 'agent_country': '#20684A', 'freight_collect_at': '#3A8EAB', 'place_of_receipt': '#45A316', 'voyage_number': '#A77D6F', 'signature': '#D55128', 'consignee_name': '#EECA07', 'consignee_address': '#C52A2D', 'bill_of_lading_issue_date': '#5469A3', 'mode_of_transport': '#2BF44A', 'shipper_name': '#EF25EE', 'signed_By_agent': '#F71FEF', 'container_number': '#0D8BD9', 'transaction_date': '#B8D994', 'notify_party_address': '#EB1F5D', 'goods_marks_and_nos': '#58672A', 'goods_description': '#CDC85B', 'lc_date': '#7DCF8E', 'dimension': '#519194', 'agent_name': '#1C6B60', 'carrier_name': '#FE9378', 'O': '#48D0CE', 'lc_ref_number': '#62BBE4', 'pre_carriage_by': '#CF8B55', 'page_no': '#27241F', 'total_original_no': '#41BB6C', 'freight_collect_or_prepaid': '#5636C5', 'signed_by_master': '#65DD24', 'bill_of_lading_number': '#284386'}
2024-04-29 18:13:49,115 is result_set is instance of dict? True
2024-04-29 18:13:49,116 is final_result_set is instance of dict? True
2024-04-29 18:13:49,245 Time taken for page 1 of Bill_Of_Landing_8_page_0.png:0:00:02.939541
2024-04-29 18:13:49,384 *****Generated All Pages****** for Bill_Of_Landing_8_page_0.png
2024-04-29 18:13:49,384 RAM memory 61.7 used for Bill_Of_Landing_8_page_0.png Generating All Pages:
2024-04-29 18:13:49,384 Processing time taken for all pages of Bill_Of_Landing_8_page_0.png1:0:00:03.079772
2024-04-29 18:13:49,493 file name is:Bill_Of_Landing_54_page_0.png
2024-04-29 18:13:49,493 folder path :Images
2024-04-29 18:13:49,493 Calling Image result
2024-04-29 18:13:49,494 is all_page_result is instance of dict? True
2024-04-29 18:13:49,494 STREAM b'IHDR' 16 13
2024-04-29 18:13:49,494 STREAM b'IDAT' 41 65536
2024-04-29 18:13:49,522 is words is instance of list? True
2024-04-29 18:13:49,523 is bboxes is instance of list? True
2024-04-29 18:13:49,523 is bounding_boxes is instance of list? True
2024-04-29 18:13:49,735 is input_id_chunks is instance of list? True
2024-04-29 18:13:49,735 is mask_chunks is instance of list? True
2024-04-29 18:13:49,735 is bbox_chunks is instance of list? True
2024-04-29 18:13:49,735 is image_chunks is instance of list? True
2024-04-29 18:13:49,736 is input_dict is instance of dict? True
2024-04-29 18:13:52,302 Model Called
2024-04-29 18:13:52,302 RAM memory 62.0 used for Bill_Of_Landing_54_page_0.png:
2024-04-29 18:13:52,302 is all_predictions is instance of list? True
2024-04-29 18:13:52,302 is all_boxes is instance of list? True
2024-04-29 18:13:52,302 is all_confidences is instance of list? True
2024-04-29 18:13:52,302 is all_text is instance of list? True
2024-04-29 18:13:52,302 is label2id is instance of dict? True
2024-04-29 18:13:52,302 is id2label is instance of dict? True
2024-04-29 18:13:52,303 is label2color is instance of dict? True
2024-04-29 18:13:52,303 label2color : {'stamp': '#09BE8A', 'bol_original_or_copy': '#00C26A', 'vessel_name': '#5EE044', 'shipped_onboard_date': '#04A88B', 'final_destination': '#676231', 'measurement': '#18C75F', 'country_of_origin': '#E1562E', 'bol_original_number': '#3E4D00', 'net_weight': '#B8A58D', 'signed_by_carrier': '#F429D9', 'gross_weight': '#CA73D5', 'carrier_country': '#9345B6', 'port_of_discharge': '#76CC7D', 'goods_quantity': '#AB4C33', 'notify_party_name': '#291922', 'port_of_loading': '#A12CC4', 'shipper_address': '#F4C93B', 'place_of_issue': '#3DA1E1', 'agent_country': '#67E935', 'freight_collect_at': '#234EBD', 'place_of_receipt': '#12CC7E', 'voyage_number': '#30A253', 'signature': '#07A77C', 'consignee_name': '#EAE5C4', 'consignee_address': '#B53EFF', 'bill_of_lading_issue_date': '#1402BB', 'mode_of_transport': '#204AB8', 'shipper_name': '#130FFE', 'signed_By_agent': '#FBB5E7', 'container_number': '#3DD624', 'transaction_date': '#A9B7A1', 'notify_party_address': '#7D5C62', 'goods_marks_and_nos': '#C2E790', 'goods_description': '#D93C37', 'lc_date': '#3FCD16', 'dimension': '#B78267', 'agent_name': '#1D15AA', 'carrier_name': '#8E8073', 'O': '#54A23D', 'lc_ref_number': '#BCA8D2', 'pre_carriage_by': '#74C67D', 'page_no': '#0A9300', 'total_original_no': '#0858D2', 'freight_collect_or_prepaid': '#7FD19B', 'signed_by_master': '#9FFC56', 'bill_of_lading_number': '#A7F311'}
2024-04-29 18:13:52,503 is result_set is instance of dict? True
2024-04-29 18:13:52,505 is final_result_set is instance of dict? True
2024-04-29 18:13:52,611 Time taken for page 1 of Bill_Of_Landing_54_page_0.png:0:00:03.116424
2024-04-29 18:13:52,778 *****Generated All Pages****** for Bill_Of_Landing_54_page_0.png
2024-04-29 18:13:52,778 RAM memory 62.2 used for Bill_Of_Landing_54_page_0.png Generating All Pages:
2024-04-29 18:13:52,778 Processing time taken for all pages of Bill_Of_Landing_54_page_0.png1:0:00:03.284653
2024-04-29 18:13:52,906 file name is:Bill_Of_Landing_39_page_0.png
2024-04-29 18:13:52,906 folder path :Images
2024-04-29 18:13:52,906 Calling Image result
2024-04-29 18:13:52,906 is all_page_result is instance of dict? True
2024-04-29 18:13:52,917 STREAM b'IHDR' 16 13
2024-04-29 18:13:52,917 STREAM b'IDAT' 41 65536
2024-04-29 18:13:52,948 is words is instance of list? True
2024-04-29 18:13:52,948 is bboxes is instance of list? True
2024-04-29 18:13:52,948 is bounding_boxes is instance of list? True
2024-04-29 18:13:53,174 is input_id_chunks is instance of list? True
2024-04-29 18:13:53,174 is mask_chunks is instance of list? True
2024-04-29 18:13:53,174 is bbox_chunks is instance of list? True
2024-04-29 18:13:53,174 is image_chunks is instance of list? True
2024-04-29 18:13:53,174 is input_dict is instance of dict? True
2024-04-29 18:13:56,502 Model Called
2024-04-29 18:13:56,503 RAM memory 68.6 used for Bill_Of_Landing_39_page_0.png:
2024-04-29 18:13:56,503 is all_predictions is instance of list? True
2024-04-29 18:13:56,503 is all_boxes is instance of list? True
2024-04-29 18:13:56,503 is all_confidences is instance of list? True
2024-04-29 18:13:56,503 is all_text is instance of list? True
2024-04-29 18:13:56,503 is label2id is instance of dict? True
2024-04-29 18:13:56,503 is id2label is instance of dict? True
2024-04-29 18:13:56,504 is label2color is instance of dict? True
2024-04-29 18:13:56,504 label2color : {'stamp': '#136F13', 'bol_original_or_copy': '#F441A3', 'vessel_name': '#F2B6BE', 'shipped_onboard_date': '#F2E26A', 'final_destination': '#2C0491', 'measurement': '#00B285', 'country_of_origin': '#08951D', 'bol_original_number': '#8DAF65', 'net_weight': '#B0DC61', 'signed_by_carrier': '#90FBDB', 'gross_weight': '#7AE65D', 'carrier_country': '#B7B262', 'port_of_discharge': '#E10FF2', 'goods_quantity': '#1164FF', 'notify_party_name': '#83F7DC', 'port_of_loading': '#D71F6D', 'shipper_address': '#4EEE82', 'place_of_issue': '#CE8C68', 'agent_country': '#CBCCB1', 'freight_collect_at': '#C72B91', 'place_of_receipt': '#647ACE', 'voyage_number': '#B78E8E', 'signature': '#B03F7A', 'consignee_name': '#CAD1CF', 'consignee_address': '#D304FC', 'bill_of_lading_issue_date': '#F50B99', 'mode_of_transport': '#09F672', 'shipper_name': '#135347', 'signed_By_agent': '#AE48D5', 'container_number': '#B9CE69', 'transaction_date': '#9D41B7', 'notify_party_address': '#B8F7EA', 'goods_marks_and_nos': '#D0CC3D', 'goods_description': '#D31102', 'lc_date': '#2482D4', 'dimension': '#3457AF', 'agent_name': '#202865', 'carrier_name': '#01A435', 'O': '#4FA7AB', 'lc_ref_number': '#F273FD', 'pre_carriage_by': '#9D3C44', 'page_no': '#A8EBEC', 'total_original_no': '#75BB72', 'freight_collect_or_prepaid': '#242D7D', 'signed_by_master': '#FDCEC8', 'bill_of_lading_number': '#C3ADB2'}
2024-04-29 18:13:56,792 is result_set is instance of dict? True
2024-04-29 18:13:56,794 is final_result_set is instance of dict? True
2024-04-29 18:13:56,889 Time taken for page 1 of Bill_Of_Landing_39_page_0.png:0:00:03.972054
2024-04-29 18:13:57,049 *****Generated All Pages****** for Bill_Of_Landing_39_page_0.png
2024-04-29 18:13:57,049 RAM memory 68.9 used for Bill_Of_Landing_39_page_0.png Generating All Pages:
2024-04-29 18:13:57,049 Processing time taken for all pages of Bill_Of_Landing_39_page_0.png1:0:00:04.143031
2024-04-29 18:13:57,168 file name is:Bill_Of_Landing_36_page_2.png
2024-04-29 18:13:57,168 folder path :Images
2024-04-29 18:13:57,168 Calling Image result
2024-04-29 18:13:57,168 is all_page_result is instance of dict? True
2024-04-29 18:13:57,169 STREAM b'IHDR' 16 13
2024-04-29 18:13:57,169 STREAM b'IDAT' 41 52678
2024-04-29 18:13:57,195 is words is instance of list? True
2024-04-29 18:13:57,196 is bboxes is instance of list? True
2024-04-29 18:13:57,196 is bounding_boxes is instance of list? True
2024-04-29 18:13:57,428 is input_id_chunks is instance of list? True
2024-04-29 18:13:57,428 is mask_chunks is instance of list? True
2024-04-29 18:13:57,428 is bbox_chunks is instance of list? True
2024-04-29 18:13:57,428 is image_chunks is instance of list? True
2024-04-29 18:13:57,429 is input_dict is instance of dict? True
2024-04-29 18:14:00,091 Model Called
2024-04-29 18:14:00,092 RAM memory 66.8 used for Bill_Of_Landing_36_page_2.png:
2024-04-29 18:14:00,092 is all_predictions is instance of list? True
2024-04-29 18:14:00,092 is all_boxes is instance of list? True
2024-04-29 18:14:00,092 is all_confidences is instance of list? True
2024-04-29 18:14:00,092 is all_text is instance of list? True
2024-04-29 18:14:00,093 is label2id is instance of dict? True
2024-04-29 18:14:00,093 is id2label is instance of dict? True
2024-04-29 18:14:00,094 is label2color is instance of dict? True
2024-04-29 18:14:00,094 label2color : {'stamp': '#440339', 'bol_original_or_copy': '#DDE69B', 'vessel_name': '#BA6A9C', 'shipped_onboard_date': '#BA2A76', 'final_destination': '#9D194E', 'measurement': '#2205BF', 'country_of_origin': '#E3E111', 'bol_original_number': '#636EB2', 'net_weight': '#F3606F', 'signed_by_carrier': '#FCA66F', 'gross_weight': '#16F4C5', 'carrier_country': '#CDF29A', 'port_of_discharge': '#D8660C', 'goods_quantity': '#825E4B', 'notify_party_name': '#A4D0E9', 'port_of_loading': '#CE4587', 'shipper_address': '#90923A', 'place_of_issue': '#A6335E', 'agent_country': '#642BE5', 'freight_collect_at': '#F67C7E', 'place_of_receipt': '#EBF4CE', 'voyage_number': '#E7E94F', 'signature': '#85285A', 'consignee_name': '#859328', 'consignee_address': '#7F9E95', 'bill_of_lading_issue_date': '#FEC9DC', 'mode_of_transport': '#A1521B', 'shipper_name': '#BDC861', 'signed_By_agent': '#56B4F5', 'container_number': '#825164', 'transaction_date': '#BE9E77', 'notify_party_address': '#D821AA', 'goods_marks_and_nos': '#902ADD', 'goods_description': '#4E61AA', 'lc_date': '#D53D59', 'dimension': '#513D4B', 'agent_name': '#897F8A', 'carrier_name': '#6F2767', 'O': '#3CF745', 'lc_ref_number': '#1CBA78', 'pre_carriage_by': '#B6EBD8', 'page_no': '#249949', 'total_original_no': '#00836A', 'freight_collect_or_prepaid': '#24C124', 'signed_by_master': '#85A569', 'bill_of_lading_number': '#97EFA6'}
2024-04-29 18:14:00,334 is result_set is instance of dict? True
2024-04-29 18:14:00,335 is final_result_set is instance of dict? True
2024-04-29 18:14:00,426 Time taken for page 1 of Bill_Of_Landing_36_page_2.png:0:00:03.257307
2024-04-29 18:14:00,569 *****Generated All Pages****** for Bill_Of_Landing_36_page_2.png
2024-04-29 18:14:00,569 RAM memory 66.9 used for Bill_Of_Landing_36_page_2.png Generating All Pages:
2024-04-29 18:14:00,569 Processing time taken for all pages of Bill_Of_Landing_36_page_2.png1:0:00:03.400439
2024-04-29 18:14:00,716 file name is:Bill_of_lading_2060_page_0.png
2024-04-29 18:14:00,716 folder path :Images
2024-04-29 18:14:00,716 Calling Image result
2024-04-29 18:14:00,716 is all_page_result is instance of dict? True
2024-04-29 18:14:00,717 STREAM b'IHDR' 16 13
2024-04-29 18:14:00,717 STREAM b'IDAT' 41 65536
2024-04-29 18:14:00,752 is words is instance of list? True
2024-04-29 18:14:00,752 is bboxes is instance of list? True
2024-04-29 18:14:00,752 is bounding_boxes is instance of list? True
2024-04-29 18:14:00,981 is input_id_chunks is instance of list? True
2024-04-29 18:14:00,981 is mask_chunks is instance of list? True
2024-04-29 18:14:00,981 is bbox_chunks is instance of list? True
2024-04-29 18:14:00,981 is image_chunks is instance of list? True
2024-04-29 18:14:00,981 is input_dict is instance of dict? True
2024-04-29 18:14:04,563 Model Called
2024-04-29 18:14:04,563 RAM memory 69.7 used for Bill_of_lading_2060_page_0.png:
2024-04-29 18:14:04,563 is all_predictions is instance of list? True
2024-04-29 18:14:04,563 is all_boxes is instance of list? True
2024-04-29 18:14:04,563 is all_confidences is instance of list? True
2024-04-29 18:14:04,563 is all_text is instance of list? True
2024-04-29 18:14:04,564 is label2id is instance of dict? True
2024-04-29 18:14:04,564 is id2label is instance of dict? True
2024-04-29 18:14:04,564 is label2color is instance of dict? True
2024-04-29 18:14:04,564 label2color : {'stamp': '#413A22', 'bol_original_or_copy': '#6BB419', 'vessel_name': '#5137D2', 'shipped_onboard_date': '#944FDD', 'final_destination': '#3DB9A2', 'measurement': '#DDC2EA', 'country_of_origin': '#2F1484', 'bol_original_number': '#FA263A', 'net_weight': '#51F32D', 'signed_by_carrier': '#E52C0F', 'gross_weight': '#207697', 'carrier_country': '#26494F', 'port_of_discharge': '#23A6A5', 'goods_quantity': '#2DDB22', 'notify_party_name': '#3556A8', 'port_of_loading': '#9EF9D6', 'shipper_address': '#F2F89E', 'place_of_issue': '#A672AC', 'agent_country': '#50586E', 'freight_collect_at': '#CC8327', 'place_of_receipt': '#B150AE', 'voyage_number': '#E10D78', 'signature': '#1AB4F6', 'consignee_name': '#B03334', 'consignee_address': '#FE9D99', 'bill_of_lading_issue_date': '#10CCA9', 'mode_of_transport': '#24CB1B', 'shipper_name': '#210314', 'signed_By_agent': '#0FC293', 'container_number': '#0AFDAA', 'transaction_date': '#097720', 'notify_party_address': '#1CA6FC', 'goods_marks_and_nos': '#380C8C', 'goods_description': '#DC3540', 'lc_date': '#B8155E', 'dimension': '#967D13', 'agent_name': '#CEC74D', 'carrier_name': '#187CAA', 'O': '#7368CB', 'lc_ref_number': '#8D728C', 'pre_carriage_by': '#B85326', 'page_no': '#22185E', 'total_original_no': '#EF0780', 'freight_collect_or_prepaid': '#5F84B9', 'signed_by_master': '#E9C050', 'bill_of_lading_number': '#A13C4A'}
2024-04-29 18:14:04,845 is result_set is instance of dict? True
2024-04-29 18:14:04,846 is final_result_set is instance of dict? True
2024-04-29 18:14:04,941 Time taken for page 1 of Bill_of_lading_2060_page_0.png:0:00:04.224407
2024-04-29 18:14:05,093 *****Generated All Pages****** for Bill_of_lading_2060_page_0.png
2024-04-29 18:14:05,093 RAM memory 69.9 used for Bill_of_lading_2060_page_0.png Generating All Pages:
2024-04-29 18:14:05,093 Processing time taken for all pages of Bill_of_lading_2060_page_0.png1:0:00:04.376534
2024-04-29 18:14:05,225 file name is:Bill_of_lading_1004_page_0.png
2024-04-29 18:14:05,226 folder path :Images
2024-04-29 18:14:05,226 Calling Image result
2024-04-29 18:14:05,226 is all_page_result is instance of dict? True
2024-04-29 18:14:05,226 STREAM b'IHDR' 16 13
2024-04-29 18:14:05,226 STREAM b'IDAT' 41 65536
2024-04-29 18:14:05,260 is words is instance of list? True
2024-04-29 18:14:05,260 is bboxes is instance of list? True
2024-04-29 18:14:05,260 is bounding_boxes is instance of list? True
2024-04-29 18:14:05,465 is input_id_chunks is instance of list? True
2024-04-29 18:14:05,466 is mask_chunks is instance of list? True
2024-04-29 18:14:05,466 is bbox_chunks is instance of list? True
2024-04-29 18:14:05,466 is image_chunks is instance of list? True
2024-04-29 18:14:05,467 is input_dict is instance of dict? True
2024-04-29 18:14:07,776 Model Called
2024-04-29 18:14:07,776 RAM memory 65.4 used for Bill_of_lading_1004_page_0.png:
2024-04-29 18:14:07,776 is all_predictions is instance of list? True
2024-04-29 18:14:07,776 is all_boxes is instance of list? True
2024-04-29 18:14:07,777 is all_confidences is instance of list? True
2024-04-29 18:14:07,777 is all_text is instance of list? True
2024-04-29 18:14:07,777 is label2id is instance of dict? True
2024-04-29 18:14:07,777 is id2label is instance of dict? True
2024-04-29 18:14:07,777 is label2color is instance of dict? True
2024-04-29 18:14:07,777 label2color : {'stamp': '#3556CA', 'bol_original_or_copy': '#A50475', 'vessel_name': '#A05431', 'shipped_onboard_date': '#6DFF69', 'final_destination': '#B84CF3', 'measurement': '#6610D3', 'country_of_origin': '#C53E90', 'bol_original_number': '#C7943F', 'net_weight': '#58E19D', 'signed_by_carrier': '#EAF18E', 'gross_weight': '#A321D6', 'carrier_country': '#48BD80', 'port_of_discharge': '#94B546', 'goods_quantity': '#361ABD', 'notify_party_name': '#0BACC3', 'port_of_loading': '#AB462F', 'shipper_address': '#7869C9', 'place_of_issue': '#CD87DC', 'agent_country': '#2D8DE9', 'freight_collect_at': '#5757E6', 'place_of_receipt': '#95AE1F', 'voyage_number': '#4CED53', 'signature': '#189E5D', 'consignee_name': '#3CAC3A', 'consignee_address': '#5A1834', 'bill_of_lading_issue_date': '#7C9DDD', 'mode_of_transport': '#74A317', 'shipper_name': '#5501AB', 'signed_By_agent': '#4848D4', 'container_number': '#FAC2C1', 'transaction_date': '#3D0E1F', 'notify_party_address': '#DEBF2D', 'goods_marks_and_nos': '#154578', 'goods_description': '#3F9E8B', 'lc_date': '#38A83B', 'dimension': '#16DEE4', 'agent_name': '#3F513B', 'carrier_name': '#998D79', 'O': '#587561', 'lc_ref_number': '#3AF7D4', 'pre_carriage_by': '#65DA70', 'page_no': '#324303', 'total_original_no': '#14D88C', 'freight_collect_or_prepaid': '#8A82D1', 'signed_by_master': '#9E1E75', 'bill_of_lading_number': '#5A02CB'}
2024-04-29 18:14:07,913 is result_set is instance of dict? True
2024-04-29 18:14:07,916 is final_result_set is instance of dict? True
2024-04-29 18:14:08,046 Time taken for page 1 of Bill_of_lading_1004_page_0.png:0:00:02.819541
2024-04-29 18:14:08,167 *****Generated All Pages****** for Bill_of_lading_1004_page_0.png
2024-04-29 18:14:08,168 RAM memory 65.5 used for Bill_of_lading_1004_page_0.png Generating All Pages:
2024-04-29 18:14:08,168 Processing time taken for all pages of Bill_of_lading_1004_page_0.png1:0:00:02.941894
2024-04-29 18:14:08,290 file name is:Bill_of_lading_2073_page_1.png
2024-04-29 18:14:08,290 folder path :Images
2024-04-29 18:14:08,290 Calling Image result
2024-04-29 18:14:08,290 is all_page_result is instance of dict? True
2024-04-29 18:14:08,291 STREAM b'IHDR' 16 13
2024-04-29 18:14:08,291 STREAM b'IDAT' 41 65536
2024-04-29 18:14:08,325 is words is instance of list? True
2024-04-29 18:14:08,325 is bboxes is instance of list? True
2024-04-29 18:14:08,325 is bounding_boxes is instance of list? True
2024-04-29 18:14:08,576 is input_id_chunks is instance of list? True
2024-04-29 18:14:08,577 is mask_chunks is instance of list? True
2024-04-29 18:14:08,577 is bbox_chunks is instance of list? True
2024-04-29 18:14:08,577 is image_chunks is instance of list? True
2024-04-29 18:14:08,578 is input_dict is instance of dict? True
2024-04-29 18:14:11,883 Model Called
2024-04-29 18:14:11,883 RAM memory 68.3 used for Bill_of_lading_2073_page_1.png:
2024-04-29 18:14:11,884 is all_predictions is instance of list? True
2024-04-29 18:14:11,884 is all_boxes is instance of list? True
2024-04-29 18:14:11,884 is all_confidences is instance of list? True
2024-04-29 18:14:11,884 is all_text is instance of list? True
2024-04-29 18:14:11,884 is label2id is instance of dict? True
2024-04-29 18:14:11,884 is id2label is instance of dict? True
2024-04-29 18:14:11,885 is label2color is instance of dict? True
2024-04-29 18:14:11,885 label2color : {'stamp': '#0377E9', 'bol_original_or_copy': '#F89B34', 'vessel_name': '#64CA17', 'shipped_onboard_date': '#55BDE9', 'final_destination': '#CBD970', 'measurement': '#D7A12A', 'country_of_origin': '#EE893D', 'bol_original_number': '#E12E2D', 'net_weight': '#EB5AD0', 'signed_by_carrier': '#506609', 'gross_weight': '#9DB9F2', 'carrier_country': '#CB98DF', 'port_of_discharge': '#FC7256', 'goods_quantity': '#DE05B8', 'notify_party_name': '#A631E5', 'port_of_loading': '#9F44A1', 'shipper_address': '#08FB3F', 'place_of_issue': '#8C815D', 'agent_country': '#EB98B6', 'freight_collect_at': '#5A7049', 'place_of_receipt': '#C84F98', 'voyage_number': '#09CB9C', 'signature': '#00A375', 'consignee_name': '#1A51AC', 'consignee_address': '#0E90D0', 'bill_of_lading_issue_date': '#47B60D', 'mode_of_transport': '#39AA21', 'shipper_name': '#0C335E', 'signed_By_agent': '#557098', 'container_number': '#75E7EB', 'transaction_date': '#70FCCC', 'notify_party_address': '#A30FB7', 'goods_marks_and_nos': '#0A06DA', 'goods_description': '#FE00A0', 'lc_date': '#DD3CA3', 'dimension': '#9A9AFD', 'agent_name': '#3B32BD', 'carrier_name': '#683827', 'O': '#2D4E0E', 'lc_ref_number': '#1AAB3C', 'pre_carriage_by': '#545E47', 'page_no': '#24A12C', 'total_original_no': '#BDF640', 'freight_collect_or_prepaid': '#5AC69A', 'signed_by_master': '#AEE849', 'bill_of_lading_number': '#E3245B'}
2024-04-29 18:14:12,163 is result_set is instance of dict? True
2024-04-29 18:14:12,165 is final_result_set is instance of dict? True
2024-04-29 18:14:12,252 Time taken for page 1 of Bill_of_lading_2073_page_1.png:0:00:03.961216
2024-04-29 18:14:12,411 *****Generated All Pages****** for Bill_of_lading_2073_page_1.png
2024-04-29 18:14:12,411 RAM memory 68.5 used for Bill_of_lading_2073_page_1.png Generating All Pages:
2024-04-29 18:14:12,411 Processing time taken for all pages of Bill_of_lading_2073_page_1.png1:0:00:04.121416
2024-04-29 18:14:12,534 file name is:Bill_of_lading_2100_page_0.png
2024-04-29 18:14:12,534 folder path :Images
2024-04-29 18:14:12,534 Calling Image result
2024-04-29 18:14:12,534 is all_page_result is instance of dict? True
2024-04-29 18:14:12,535 STREAM b'IHDR' 16 13
2024-04-29 18:14:12,535 STREAM b'IDAT' 41 65536
2024-04-29 18:14:12,565 is words is instance of list? True
2024-04-29 18:14:12,565 is bboxes is instance of list? True
2024-04-29 18:14:12,565 is bounding_boxes is instance of list? True
2024-04-29 18:14:12,775 is input_id_chunks is instance of list? True
2024-04-29 18:14:12,775 is mask_chunks is instance of list? True
2024-04-29 18:14:12,775 is bbox_chunks is instance of list? True
2024-04-29 18:14:12,775 is image_chunks is instance of list? True
2024-04-29 18:14:12,776 is input_dict is instance of dict? True
2024-04-29 18:14:15,994 Model Called
2024-04-29 18:14:15,994 RAM memory 68.1 used for Bill_of_lading_2100_page_0.png:
2024-04-29 18:14:15,995 is all_predictions is instance of list? True
2024-04-29 18:14:15,995 is all_boxes is instance of list? True
2024-04-29 18:14:15,995 is all_confidences is instance of list? True
2024-04-29 18:14:15,995 is all_text is instance of list? True
2024-04-29 18:14:15,995 is label2id is instance of dict? True
2024-04-29 18:14:15,995 is id2label is instance of dict? True
2024-04-29 18:14:15,996 is label2color is instance of dict? True
2024-04-29 18:14:15,996 label2color : {'stamp': '#9F56D9', 'bol_original_or_copy': '#9375D5', 'vessel_name': '#5C7C96', 'shipped_onboard_date': '#2BCD6C', 'final_destination': '#CDA1D4', 'measurement': '#FDC655', 'country_of_origin': '#F942F1', 'bol_original_number': '#019B94', 'net_weight': '#BBFFE5', 'signed_by_carrier': '#67390E', 'gross_weight': '#1E78AD', 'carrier_country': '#58F007', 'port_of_discharge': '#974E4D', 'goods_quantity': '#AC47A1', 'notify_party_name': '#E55936', 'port_of_loading': '#0C5BED', 'shipper_address': '#9E656E', 'place_of_issue': '#C9868D', 'agent_country': '#07AE06', 'freight_collect_at': '#0FA766', 'place_of_receipt': '#02BFA8', 'voyage_number': '#CB6D3B', 'signature': '#18496F', 'consignee_name': '#0AA80A', 'consignee_address': '#653E01', 'bill_of_lading_issue_date': '#301F79', 'mode_of_transport': '#A61AC0', 'shipper_name': '#B4447F', 'signed_By_agent': '#E7456C', 'container_number': '#0EF4C1', 'transaction_date': '#87974D', 'notify_party_address': '#C31409', 'goods_marks_and_nos': '#E49B67', 'goods_description': '#456049', 'lc_date': '#1655AB', 'dimension': '#0ED651', 'agent_name': '#AEED9E', 'carrier_name': '#858430', 'O': '#6A33E9', 'lc_ref_number': '#70C337', 'pre_carriage_by': '#4FFA45', 'page_no': '#AB6CBB', 'total_original_no': '#5BBE45', 'freight_collect_or_prepaid': '#798548', 'signed_by_master': '#B1E17F', 'bill_of_lading_number': '#FBD50E'}
2024-04-29 18:14:16,334 is result_set is instance of dict? True
2024-04-29 18:14:16,335 is final_result_set is instance of dict? True
2024-04-29 18:14:16,412 Time taken for page 1 of Bill_of_lading_2100_page_0.png:0:00:03.877270
2024-04-29 18:14:16,549 *****Generated All Pages****** for Bill_of_lading_2100_page_0.png
2024-04-29 18:14:16,549 RAM memory 68.2 used for Bill_of_lading_2100_page_0.png Generating All Pages:
2024-04-29 18:14:16,549 Processing time taken for all pages of Bill_of_lading_2100_page_0.png1:0:00:04.014728
2024-04-29 18:14:16,684 file name is:Bill_Of_Landing_24_page_0.png
2024-04-29 18:14:16,684 folder path :Images
2024-04-29 18:14:16,684 Calling Image result
2024-04-29 18:14:16,684 is all_page_result is instance of dict? True
2024-04-29 18:14:16,685 STREAM b'IHDR' 16 13
2024-04-29 18:14:16,685 STREAM b'IDAT' 41 65536
2024-04-29 18:14:16,717 is words is instance of list? True
2024-04-29 18:14:16,717 is bboxes is instance of list? True
2024-04-29 18:14:16,717 is bounding_boxes is instance of list? True
2024-04-29 18:14:16,934 is input_id_chunks is instance of list? True
2024-04-29 18:14:16,934 is mask_chunks is instance of list? True
2024-04-29 18:14:16,934 is bbox_chunks is instance of list? True
2024-04-29 18:14:16,934 is image_chunks is instance of list? True
2024-04-29 18:14:16,935 is input_dict is instance of dict? True
2024-04-29 18:14:19,255 Model Called
2024-04-29 18:14:19,256 RAM memory 65.3 used for Bill_Of_Landing_24_page_0.png:
2024-04-29 18:14:19,256 is all_predictions is instance of list? True
2024-04-29 18:14:19,256 is all_boxes is instance of list? True
2024-04-29 18:14:19,256 is all_confidences is instance of list? True
2024-04-29 18:14:19,256 is all_text is instance of list? True
2024-04-29 18:14:19,256 is label2id is instance of dict? True
2024-04-29 18:14:19,256 is id2label is instance of dict? True
2024-04-29 18:14:19,257 is label2color is instance of dict? True
2024-04-29 18:14:19,257 label2color : {'stamp': '#23E2AE', 'bol_original_or_copy': '#9CE705', 'vessel_name': '#256075', 'shipped_onboard_date': '#E408D4', 'final_destination': '#E66035', 'measurement': '#727424', 'country_of_origin': '#74092D', 'bol_original_number': '#493AA5', 'net_weight': '#7F3264', 'signed_by_carrier': '#50AB59', 'gross_weight': '#D3DBFF', 'carrier_country': '#F059EE', 'port_of_discharge': '#8AB975', 'goods_quantity': '#F8A453', 'notify_party_name': '#4FEB33', 'port_of_loading': '#2D66FC', 'shipper_address': '#2F6204', 'place_of_issue': '#F289EC', 'agent_country': '#5884FC', 'freight_collect_at': '#AE77D0', 'place_of_receipt': '#952410', 'voyage_number': '#C376B5', 'signature': '#FD25FD', 'consignee_name': '#D67125', 'consignee_address': '#34C127', 'bill_of_lading_issue_date': '#C8EE63', 'mode_of_transport': '#ECE959', 'shipper_name': '#4786D0', 'signed_By_agent': '#FA66F2', 'container_number': '#54E2B1', 'transaction_date': '#BF1063', 'notify_party_address': '#DDE396', 'goods_marks_and_nos': '#F0B1DD', 'goods_description': '#5F0E7B', 'lc_date': '#E69180', 'dimension': '#F4BF1D', 'agent_name': '#22F567', 'carrier_name': '#83AF82', 'O': '#DFE38F', 'lc_ref_number': '#9CE6F7', 'pre_carriage_by': '#0CE8D6', 'page_no': '#3EB7B4', 'total_original_no': '#3E6815', 'freight_collect_or_prepaid': '#6E6240', 'signed_by_master': '#03B323', 'bill_of_lading_number': '#A80CD1'}
2024-04-29 18:14:19,481 is result_set is instance of dict? True
2024-04-29 18:14:19,483 is final_result_set is instance of dict? True
2024-04-29 18:14:19,586 Time taken for page 1 of Bill_Of_Landing_24_page_0.png:0:00:02.900716
2024-04-29 18:14:19,721 *****Generated All Pages****** for Bill_Of_Landing_24_page_0.png
2024-04-29 18:14:19,721 RAM memory 65.4 used for Bill_Of_Landing_24_page_0.png Generating All Pages:
2024-04-29 18:14:19,722 Processing time taken for all pages of Bill_Of_Landing_24_page_0.png1:0:00:03.037193
2024-04-29 18:14:19,835 file name is:Bill_Of_Landing_65_page_1.png
2024-04-29 18:14:19,835 folder path :Images
2024-04-29 18:14:19,835 Calling Image result
2024-04-29 18:14:19,835 is all_page_result is instance of dict? True
2024-04-29 18:14:19,835 STREAM b'IHDR' 16 13
2024-04-29 18:14:19,835 STREAM b'IDAT' 41 65536
2024-04-29 18:14:19,865 is words is instance of list? True
2024-04-29 18:14:19,866 is bboxes is instance of list? True
2024-04-29 18:14:19,866 is bounding_boxes is instance of list? True
2024-04-29 18:14:20,097 is input_id_chunks is instance of list? True
2024-04-29 18:14:20,097 is mask_chunks is instance of list? True
2024-04-29 18:14:20,097 is bbox_chunks is instance of list? True
2024-04-29 18:14:20,097 is image_chunks is instance of list? True
2024-04-29 18:14:20,098 is input_dict is instance of dict? True
2024-04-29 18:14:22,233 Model Called
2024-04-29 18:14:22,234 RAM memory 65.4 used for Bill_Of_Landing_65_page_1.png:
2024-04-29 18:14:22,234 is all_predictions is instance of list? True
2024-04-29 18:14:22,234 is all_boxes is instance of list? True
2024-04-29 18:14:22,234 is all_confidences is instance of list? True
2024-04-29 18:14:22,234 is all_text is instance of list? True
2024-04-29 18:14:22,234 is label2id is instance of dict? True
2024-04-29 18:14:22,234 is id2label is instance of dict? True
2024-04-29 18:14:22,235 is label2color is instance of dict? True
2024-04-29 18:14:22,235 label2color : {'stamp': '#64E5CC', 'bol_original_or_copy': '#6F8D6B', 'vessel_name': '#D0F07B', 'shipped_onboard_date': '#477F7E', 'final_destination': '#DB319E', 'measurement': '#E28AF9', 'country_of_origin': '#F68D85', 'bol_original_number': '#916883', 'net_weight': '#164DD8', 'signed_by_carrier': '#71FDC3', 'gross_weight': '#596E94', 'carrier_country': '#E5F98E', 'port_of_discharge': '#66E474', 'goods_quantity': '#D60B73', 'notify_party_name': '#06DA3C', 'port_of_loading': '#E4E15D', 'shipper_address': '#237F03', 'place_of_issue': '#E54D49', 'agent_country': '#B49BE7', 'freight_collect_at': '#5A2312', 'place_of_receipt': '#06C5AD', 'voyage_number': '#B814E3', 'signature': '#D425D1', 'consignee_name': '#0F47D3', 'consignee_address': '#3D1BFF', 'bill_of_lading_issue_date': '#416512', 'mode_of_transport': '#7626FD', 'shipper_name': '#C06847', 'signed_By_agent': '#63B5B9', 'container_number': '#14CA49', 'transaction_date': '#0D084F', 'notify_party_address': '#9F2DB9', 'goods_marks_and_nos': '#3D047D', 'goods_description': '#B3C8DB', 'lc_date': '#611EF7', 'dimension': '#CD52A1', 'agent_name': '#2B50E8', 'carrier_name': '#BEF4BD', 'O': '#3725BA', 'lc_ref_number': '#702806', 'pre_carriage_by': '#06A59B', 'page_no': '#115BFB', 'total_original_no': '#51222D', 'freight_collect_or_prepaid': '#ADBE78', 'signed_by_master': '#D1DFDC', 'bill_of_lading_number': '#72AAC5'}
2024-04-29 18:14:22,479 is result_set is instance of dict? True
2024-04-29 18:14:22,480 is final_result_set is instance of dict? True
2024-04-29 18:14:22,547 Time taken for page 1 of Bill_Of_Landing_65_page_1.png:0:00:02.710997
2024-04-29 18:14:22,691 *****Generated All Pages****** for Bill_Of_Landing_65_page_1.png
2024-04-29 18:14:22,692 RAM memory 65.6 used for Bill_Of_Landing_65_page_1.png Generating All Pages:
2024-04-29 18:14:22,692 Processing time taken for all pages of Bill_Of_Landing_65_page_1.png1:0:00:02.856787
2024-04-29 18:14:22,811 file name is:Bill_Of_Landing(2013_01_09_17_00_23_1355)_38_page_0.png
2024-04-29 18:14:22,811 folder path :Images
2024-04-29 18:14:22,811 Calling Image result
2024-04-29 18:14:22,811 is all_page_result is instance of dict? True
2024-04-29 18:14:22,812 STREAM b'IHDR' 16 13
2024-04-29 18:14:22,812 STREAM b'IDAT' 41 59393
2024-04-29 18:14:22,844 is words is instance of list? True
2024-04-29 18:14:22,844 is bboxes is instance of list? True
2024-04-29 18:14:22,845 is bounding_boxes is instance of list? True
2024-04-29 18:14:23,056 is input_id_chunks is instance of list? True
2024-04-29 18:14:23,056 is mask_chunks is instance of list? True
2024-04-29 18:14:23,056 is bbox_chunks is instance of list? True
2024-04-29 18:14:23,056 is image_chunks is instance of list? True
2024-04-29 18:14:23,056 is input_dict is instance of dict? True
2024-04-29 18:14:25,136 Model Called
2024-04-29 18:14:25,136 RAM memory 65.5 used for Bill_Of_Landing(2013_01_09_17_00_23_1355)_38_page_0.png:
2024-04-29 18:14:25,136 is all_predictions is instance of list? True
2024-04-29 18:14:25,136 is all_boxes is instance of list? True
2024-04-29 18:14:25,136 is all_confidences is instance of list? True
2024-04-29 18:14:25,136 is all_text is instance of list? True
2024-04-29 18:14:25,137 is label2id is instance of dict? True
2024-04-29 18:14:25,137 is id2label is instance of dict? True
2024-04-29 18:14:25,137 is label2color is instance of dict? True
2024-04-29 18:14:25,137 label2color : {'stamp': '#843550', 'bol_original_or_copy': '#73B57C', 'vessel_name': '#FC991E', 'shipped_onboard_date': '#087061', 'final_destination': '#EEFDD6', 'measurement': '#C92EE2', 'country_of_origin': '#F2D567', 'bol_original_number': '#757323', 'net_weight': '#0697DF', 'signed_by_carrier': '#4EE85A', 'gross_weight': '#B2541D', 'carrier_country': '#6FF776', 'port_of_discharge': '#BC77DF', 'goods_quantity': '#1B432C', 'notify_party_name': '#923A95', 'port_of_loading': '#8C6623', 'shipper_address': '#B5C808', 'place_of_issue': '#4590CA', 'agent_country': '#4BD030', 'freight_collect_at': '#EDA472', 'place_of_receipt': '#8DDF1C', 'voyage_number': '#2B0614', 'signature': '#CCA0EE', 'consignee_name': '#90BE11', 'consignee_address': '#EE68F0', 'bill_of_lading_issue_date': '#30DAB5', 'mode_of_transport': '#EEAA71', 'shipper_name': '#ED5C57', 'signed_By_agent': '#D72187', 'container_number': '#976FD8', 'transaction_date': '#ED6D39', 'notify_party_address': '#A1504A', 'goods_marks_and_nos': '#4CC222', 'goods_description': '#083A7B', 'lc_date': '#98F4E5', 'dimension': '#6C68BF', 'agent_name': '#9EA080', 'carrier_name': '#96775E', 'O': '#8FDF10', 'lc_ref_number': '#6EE708', 'pre_carriage_by': '#C920EA', 'page_no': '#370F8B', 'total_original_no': '#F90DB1', 'freight_collect_or_prepaid': '#BDADF6', 'signed_by_master': '#DDF502', 'bill_of_lading_number': '#60D07D'}
2024-04-29 18:14:25,334 is result_set is instance of dict? True
2024-04-29 18:14:25,336 is final_result_set is instance of dict? True
2024-04-29 18:14:25,401 Time taken for page 1 of Bill_Of_Landing(2013_01_09_17_00_23_1355)_38_page_0.png:0:00:02.589115
2024-04-29 18:14:25,526 *****Generated All Pages****** for Bill_Of_Landing(2013_01_09_17_00_23_1355)_38_page_0.png
2024-04-29 18:14:25,527 RAM memory 65.3 used for Bill_Of_Landing(2013_01_09_17_00_23_1355)_38_page_0.png Generating All Pages:
2024-04-29 18:14:25,527 Processing time taken for all pages of Bill_Of_Landing(2013_01_09_17_00_23_1355)_38_page_0.png1:0:00:02.715278
2024-04-29 18:14:25,635 file name is:Bill_Of_Landing_46_page_0.png
2024-04-29 18:14:25,635 folder path :Images
2024-04-29 18:14:25,635 Calling Image result
2024-04-29 18:14:25,635 is all_page_result is instance of dict? True
2024-04-29 18:14:25,635 STREAM b'IHDR' 16 13
2024-04-29 18:14:25,635 STREAM b'IDAT' 41 48624
2024-04-29 18:14:25,663 is words is instance of list? True
2024-04-29 18:14:25,663 is bboxes is instance of list? True
2024-04-29 18:14:25,663 is bounding_boxes is instance of list? True
2024-04-29 18:14:25,870 is input_id_chunks is instance of list? True
2024-04-29 18:14:25,870 is mask_chunks is instance of list? True
2024-04-29 18:14:25,870 is bbox_chunks is instance of list? True
2024-04-29 18:14:25,870 is image_chunks is instance of list? True
2024-04-29 18:14:25,871 is input_dict is instance of dict? True
2024-04-29 18:14:28,345 Model Called
2024-04-29 18:14:28,346 RAM memory 65.4 used for Bill_Of_Landing_46_page_0.png:
2024-04-29 18:14:28,346 is all_predictions is instance of list? True
2024-04-29 18:14:28,346 is all_boxes is instance of list? True
2024-04-29 18:14:28,346 is all_confidences is instance of list? True
2024-04-29 18:14:28,346 is all_text is instance of list? True
2024-04-29 18:14:28,346 is label2id is instance of dict? True
2024-04-29 18:14:28,346 is id2label is instance of dict? True
2024-04-29 18:14:28,347 is label2color is instance of dict? True
2024-04-29 18:14:28,347 label2color : {'stamp': '#6D71C0', 'bol_original_or_copy': '#22C82A', 'vessel_name': '#23082F', 'shipped_onboard_date': '#9BAC29', 'final_destination': '#59A8B7', 'measurement': '#0F1353', 'country_of_origin': '#8E8032', 'bol_original_number': '#B6C96B', 'net_weight': '#7A82A8', 'signed_by_carrier': '#20B3F8', 'gross_weight': '#BED07F', 'carrier_country': '#34C2FD', 'port_of_discharge': '#9000F9', 'goods_quantity': '#899535', 'notify_party_name': '#293D3D', 'port_of_loading': '#1853F9', 'shipper_address': '#E97F3A', 'place_of_issue': '#DE3FB1', 'agent_country': '#9FBA64', 'freight_collect_at': '#6AD0DC', 'place_of_receipt': '#A84FAE', 'voyage_number': '#0CD98D', 'signature': '#3CFD9D', 'consignee_name': '#0D71C2', 'consignee_address': '#59895B', 'bill_of_lading_issue_date': '#E137CD', 'mode_of_transport': '#1B6054', 'shipper_name': '#719DEF', 'signed_By_agent': '#53CFB1', 'container_number': '#DE865E', 'transaction_date': '#FB8075', 'notify_party_address': '#6FD864', 'goods_marks_and_nos': '#34DD29', 'goods_description': '#3D6700', 'lc_date': '#5E8622', 'dimension': '#35A410', 'agent_name': '#04CC40', 'carrier_name': '#0A20D2', 'O': '#901087', 'lc_ref_number': '#8EE339', 'pre_carriage_by': '#68811C', 'page_no': '#DDB3C0', 'total_original_no': '#A7A521', 'freight_collect_or_prepaid': '#B78BE4', 'signed_by_master': '#A2CFF8', 'bill_of_lading_number': '#3255C6'}
2024-04-29 18:14:28,577 is result_set is instance of dict? True
2024-04-29 18:14:28,578 is final_result_set is instance of dict? True
2024-04-29 18:14:28,634 Time taken for page 1 of Bill_Of_Landing_46_page_0.png:0:00:02.998418
2024-04-29 18:14:28,761 *****Generated All Pages****** for Bill_Of_Landing_46_page_0.png
2024-04-29 18:14:28,761 RAM memory 65.5 used for Bill_Of_Landing_46_page_0.png Generating All Pages:
2024-04-29 18:14:28,761 Processing time taken for all pages of Bill_Of_Landing_46_page_0.png1:0:00:03.126091
2024-04-29 18:14:28,869 file name is:Bill_Of_Landing_24_page_6.png
2024-04-29 18:14:28,869 folder path :Images
2024-04-29 18:14:28,869 Calling Image result
2024-04-29 18:14:28,869 is all_page_result is instance of dict? True
2024-04-29 18:14:28,870 STREAM b'IHDR' 16 13
2024-04-29 18:14:28,870 STREAM b'IDAT' 41 65536
2024-04-29 18:14:28,901 is words is instance of list? True
2024-04-29 18:14:28,901 is bboxes is instance of list? True
2024-04-29 18:14:28,901 is bounding_boxes is instance of list? True
2024-04-29 18:14:29,145 is input_id_chunks is instance of list? True
2024-04-29 18:14:29,145 is mask_chunks is instance of list? True
2024-04-29 18:14:29,145 is bbox_chunks is instance of list? True
2024-04-29 18:14:29,145 is image_chunks is instance of list? True
2024-04-29 18:14:29,146 is input_dict is instance of dict? True
2024-04-29 18:14:31,123 Model Called
2024-04-29 18:14:31,124 RAM memory 65.7 used for Bill_Of_Landing_24_page_6.png:
2024-04-29 18:14:31,124 is all_predictions is instance of list? True
2024-04-29 18:14:31,124 is all_boxes is instance of list? True
2024-04-29 18:14:31,124 is all_confidences is instance of list? True
2024-04-29 18:14:31,124 is all_text is instance of list? True
2024-04-29 18:14:31,124 is label2id is instance of dict? True
2024-04-29 18:14:31,124 is id2label is instance of dict? True
2024-04-29 18:14:31,125 is label2color is instance of dict? True
2024-04-29 18:14:31,125 label2color : {'stamp': '#453E18', 'bol_original_or_copy': '#0479C6', 'vessel_name': '#4101A3', 'shipped_onboard_date': '#E6DCC9', 'final_destination': '#DB040E', 'measurement': '#C190BE', 'country_of_origin': '#A80E8B', 'bol_original_number': '#095700', 'net_weight': '#1C6516', 'signed_by_carrier': '#C48180', 'gross_weight': '#AB04CE', 'carrier_country': '#F1C74A', 'port_of_discharge': '#938AEA', 'goods_quantity': '#CB9DA7', 'notify_party_name': '#4911AD', 'port_of_loading': '#28A3B7', 'shipper_address': '#01F533', 'place_of_issue': '#70EAA7', 'agent_country': '#0E7CA0', 'freight_collect_at': '#9BB28E', 'place_of_receipt': '#4257BB', 'voyage_number': '#7B391A', 'signature': '#9A49E8', 'consignee_name': '#82D309', 'consignee_address': '#23B66E', 'bill_of_lading_issue_date': '#2D0CC9', 'mode_of_transport': '#FAB137', 'shipper_name': '#C503F0', 'signed_By_agent': '#75B38E', 'container_number': '#52EE3C', 'transaction_date': '#9D527D', 'notify_party_address': '#3D8B73', 'goods_marks_and_nos': '#53ED9A', 'goods_description': '#CF5821', 'lc_date': '#6E11F1', 'dimension': '#B76861', 'agent_name': '#9E4657', 'carrier_name': '#E57AFF', 'O': '#E4DDE8', 'lc_ref_number': '#908A14', 'pre_carriage_by': '#5E8CE7', 'page_no': '#649BA1', 'total_original_no': '#79516F', 'freight_collect_or_prepaid': '#53DAE8', 'signed_by_master': '#6615C4', 'bill_of_lading_number': '#A19EBF'}
2024-04-29 18:14:31,324 is result_set is instance of dict? True
2024-04-29 18:14:31,325 is final_result_set is instance of dict? True
2024-04-29 18:14:31,431 Time taken for page 1 of Bill_Of_Landing_24_page_6.png:0:00:02.561135
2024-04-29 18:14:31,573 *****Generated All Pages****** for Bill_Of_Landing_24_page_6.png
2024-04-29 18:14:31,574 RAM memory 65.3 used for Bill_Of_Landing_24_page_6.png Generating All Pages:
2024-04-29 18:14:31,574 Processing time taken for all pages of Bill_Of_Landing_24_page_6.png1:0:00:02.704255
2024-04-29 18:14:31,686 file name is:Bill_of_lading_522_page_6.png
2024-04-29 18:14:31,686 folder path :Images
2024-04-29 18:14:31,686 Calling Image result
2024-04-29 18:14:31,686 is all_page_result is instance of dict? True
2024-04-29 18:14:31,687 STREAM b'IHDR' 16 13
2024-04-29 18:14:31,687 STREAM b'IDAT' 41 41263
2024-04-29 18:14:31,703 is words is instance of list? True
2024-04-29 18:14:31,704 is bboxes is instance of list? True
2024-04-29 18:14:31,704 is bounding_boxes is instance of list? True
2024-04-29 18:14:31,826 is input_id_chunks is instance of list? True
2024-04-29 18:14:31,826 is mask_chunks is instance of list? True
2024-04-29 18:14:31,826 is bbox_chunks is instance of list? True
2024-04-29 18:14:31,826 is image_chunks is instance of list? True
2024-04-29 18:14:31,826 is input_dict is instance of dict? True
2024-04-29 18:14:35,698 Model Called
2024-04-29 18:14:35,699 RAM memory 69.1 used for Bill_of_lading_522_page_6.png:
2024-04-29 18:14:35,699 is all_predictions is instance of list? True
2024-04-29 18:14:35,699 is all_boxes is instance of list? True
2024-04-29 18:14:35,699 is all_confidences is instance of list? True
2024-04-29 18:14:35,699 is all_text is instance of list? True
2024-04-29 18:14:35,699 is label2id is instance of dict? True
2024-04-29 18:14:35,699 is id2label is instance of dict? True
2024-04-29 18:14:35,700 is label2color is instance of dict? True
2024-04-29 18:14:35,700 label2color : {'stamp': '#896634', 'bol_original_or_copy': '#55ACA2', 'vessel_name': '#185D6E', 'shipped_onboard_date': '#F6B7F1', 'final_destination': '#67312E', 'measurement': '#3D23B7', 'country_of_origin': '#91F7D2', 'bol_original_number': '#B1A9C0', 'net_weight': '#BEB7AB', 'signed_by_carrier': '#DD7542', 'gross_weight': '#2ADC88', 'carrier_country': '#90E722', 'port_of_discharge': '#046B6E', 'goods_quantity': '#915EEA', 'notify_party_name': '#EA341C', 'port_of_loading': '#DCD30B', 'shipper_address': '#1A6E70', 'place_of_issue': '#2D4403', 'agent_country': '#A2B063', 'freight_collect_at': '#80E742', 'place_of_receipt': '#A5A74B', 'voyage_number': '#E0C8A3', 'signature': '#ADE687', 'consignee_name': '#D7C7BA', 'consignee_address': '#CC9427', 'bill_of_lading_issue_date': '#9715A2', 'mode_of_transport': '#3D72C0', 'shipper_name': '#B1A779', 'signed_By_agent': '#88E170', 'container_number': '#8A703C', 'transaction_date': '#5E8FAE', 'notify_party_address': '#0EC2BB', 'goods_marks_and_nos': '#DAEDEA', 'goods_description': '#2BCBEE', 'lc_date': '#57598F', 'dimension': '#DD1B17', 'agent_name': '#2BD254', 'carrier_name': '#2884AF', 'O': '#0DDE93', 'lc_ref_number': '#ADDE06', 'pre_carriage_by': '#5CF7FF', 'page_no': '#3D8ABF', 'total_original_no': '#AEFE13', 'freight_collect_or_prepaid': '#B2F711', 'signed_by_master': '#315C86', 'bill_of_lading_number': '#D12CF0'}
2024-04-29 18:14:35,856 is result_set is instance of dict? True
2024-04-29 18:14:35,857 is final_result_set is instance of dict? True
2024-04-29 18:14:35,914 Time taken for page 1 of Bill_of_lading_522_page_6.png:0:00:04.227523
2024-04-29 18:14:35,995 *****Generated All Pages****** for Bill_of_lading_522_page_6.png
2024-04-29 18:14:35,995 RAM memory 69.0 used for Bill_of_lading_522_page_6.png Generating All Pages:
2024-04-29 18:14:35,996 Processing time taken for all pages of Bill_of_lading_522_page_6.png1:0:00:04.309513
2024-04-29 18:14:36,109 file name is:Bill_Of_Landing_12_page_2.png
2024-04-29 18:14:36,110 folder path :Images
2024-04-29 18:14:36,110 Calling Image result
2024-04-29 18:14:36,110 is all_page_result is instance of dict? True
2024-04-29 18:14:36,110 STREAM b'IHDR' 16 13
2024-04-29 18:14:36,110 STREAM b'IDAT' 41 32747
2024-04-29 18:14:36,138 is words is instance of list? True
2024-04-29 18:14:36,138 is bboxes is instance of list? True
2024-04-29 18:14:36,138 is bounding_boxes is instance of list? True
2024-04-29 18:14:36,362 is input_id_chunks is instance of list? True
2024-04-29 18:14:36,363 is mask_chunks is instance of list? True
2024-04-29 18:14:36,363 is bbox_chunks is instance of list? True
2024-04-29 18:14:36,363 is image_chunks is instance of list? True
2024-04-29 18:14:36,363 is input_dict is instance of dict? True
2024-04-29 18:14:37,479 Model Called
2024-04-29 18:14:37,480 RAM memory 65.5 used for Bill_Of_Landing_12_page_2.png:
2024-04-29 18:14:37,480 is all_predictions is instance of list? True
2024-04-29 18:14:37,480 is all_boxes is instance of list? True
2024-04-29 18:14:37,480 is all_confidences is instance of list? True
2024-04-29 18:14:37,480 is all_text is instance of list? True
2024-04-29 18:14:37,480 is label2id is instance of dict? True
2024-04-29 18:14:37,480 is id2label is instance of dict? True
2024-04-29 18:14:37,481 is label2color is instance of dict? True
2024-04-29 18:14:37,481 label2color : {'stamp': '#5862F3', 'bol_original_or_copy': '#66119F', 'vessel_name': '#FBB2C3', 'shipped_onboard_date': '#CC4092', 'final_destination': '#994337', 'measurement': '#2B0068', 'country_of_origin': '#37343B', 'bol_original_number': '#654DC8', 'net_weight': '#0EC28D', 'signed_by_carrier': '#AF27A1', 'gross_weight': '#C60AA8', 'carrier_country': '#98DC05', 'port_of_discharge': '#9C2A5F', 'goods_quantity': '#8579EC', 'notify_party_name': '#14DF59', 'port_of_loading': '#3FB16D', 'shipper_address': '#105BA9', 'place_of_issue': '#08502F', 'agent_country': '#3C4147', 'freight_collect_at': '#74FE90', 'place_of_receipt': '#7F6BE3', 'voyage_number': '#D23C85', 'signature': '#6ECD7C', 'consignee_name': '#D47393', 'consignee_address': '#F5B906', 'bill_of_lading_issue_date': '#71C628', 'mode_of_transport': '#9555C4', 'shipper_name': '#6AF239', 'signed_By_agent': '#A7B05B', 'container_number': '#E9D159', 'transaction_date': '#1011AF', 'notify_party_address': '#FCD71B', 'goods_marks_and_nos': '#9A96D3', 'goods_description': '#B068F7', 'lc_date': '#5E6EF8', 'dimension': '#A06081', 'agent_name': '#F94146', 'carrier_name': '#684BF0', 'O': '#142823', 'lc_ref_number': '#10F4BF', 'pre_carriage_by': '#C7F76F', 'page_no': '#9422F7', 'total_original_no': '#80C09A', 'freight_collect_or_prepaid': '#2FC9D9', 'signed_by_master': '#25943F', 'bill_of_lading_number': '#A8244A'}
2024-04-29 18:14:37,653 is result_set is instance of dict? True
2024-04-29 18:14:37,654 is final_result_set is instance of dict? True
2024-04-29 18:14:37,711 Time taken for page 1 of Bill_Of_Landing_12_page_2.png:0:00:01.600918
2024-04-29 18:14:37,814 *****Generated All Pages****** for Bill_Of_Landing_12_page_2.png
2024-04-29 18:14:37,814 RAM memory 65.4 used for Bill_Of_Landing_12_page_2.png Generating All Pages:
2024-04-29 18:14:37,814 Processing time taken for all pages of Bill_Of_Landing_12_page_2.png1:0:00:01.704769
2024-04-29 18:14:37,920 file name is:Bill_Of_Landing_55_page_0.png
2024-04-29 18:14:37,920 folder path :Images
2024-04-29 18:14:37,920 Calling Image result
2024-04-29 18:14:37,920 is all_page_result is instance of dict? True
2024-04-29 18:14:37,921 STREAM b'IHDR' 16 13
2024-04-29 18:14:37,921 STREAM b'IDAT' 41 35668
2024-04-29 18:14:37,938 is words is instance of list? True
2024-04-29 18:14:37,938 is bboxes is instance of list? True
2024-04-29 18:14:37,938 is bounding_boxes is instance of list? True
2024-04-29 18:14:38,073 is input_id_chunks is instance of list? True
2024-04-29 18:14:38,073 is mask_chunks is instance of list? True
2024-04-29 18:14:38,073 is bbox_chunks is instance of list? True
2024-04-29 18:14:38,073 is image_chunks is instance of list? True
2024-04-29 18:14:38,074 is input_dict is instance of dict? True
2024-04-29 18:14:42,011 Model Called
2024-04-29 18:14:42,011 RAM memory 74.6 used for Bill_Of_Landing_55_page_0.png:
2024-04-29 18:14:42,011 is all_predictions is instance of list? True
2024-04-29 18:14:42,011 is all_boxes is instance of list? True
2024-04-29 18:14:42,011 is all_confidences is instance of list? True
2024-04-29 18:14:42,012 is all_text is instance of list? True
2024-04-29 18:14:42,012 is label2id is instance of dict? True
2024-04-29 18:14:42,012 is id2label is instance of dict? True
2024-04-29 18:14:42,013 is label2color is instance of dict? True
2024-04-29 18:14:42,013 label2color : {'stamp': '#DB19D9', 'bol_original_or_copy': '#E17E65', 'vessel_name': '#A3802B', 'shipped_onboard_date': '#A8AE94', 'final_destination': '#7ADE34', 'measurement': '#E59C42', 'country_of_origin': '#9F4BF1', 'bol_original_number': '#93657F', 'net_weight': '#03D6C2', 'signed_by_carrier': '#34EE1E', 'gross_weight': '#8FDE6C', 'carrier_country': '#B830E5', 'port_of_discharge': '#2BD165', 'goods_quantity': '#FD199F', 'notify_party_name': '#C43837', 'port_of_loading': '#ABBA60', 'shipper_address': '#B70937', 'place_of_issue': '#92E0B1', 'agent_country': '#D9006C', 'freight_collect_at': '#DF190C', 'place_of_receipt': '#1C200B', 'voyage_number': '#3A8434', 'signature': '#43D2F7', 'consignee_name': '#FC89DB', 'consignee_address': '#183138', 'bill_of_lading_issue_date': '#B20890', 'mode_of_transport': '#9E8516', 'shipper_name': '#FAFFDB', 'signed_By_agent': '#422314', 'container_number': '#E98E38', 'transaction_date': '#744262', 'notify_party_address': '#4DB4CF', 'goods_marks_and_nos': '#53C5C2', 'goods_description': '#AC4905', 'lc_date': '#6B2FEA', 'dimension': '#D2E6E6', 'agent_name': '#785630', 'carrier_name': '#A868AE', 'O': '#3057C9', 'lc_ref_number': '#22954C', 'pre_carriage_by': '#E02251', 'page_no': '#8B7584', 'total_original_no': '#8A7BD7', 'freight_collect_or_prepaid': '#10B6DD', 'signed_by_master': '#9FAB00', 'bill_of_lading_number': '#2B580F'}
2024-04-29 18:14:42,216 is result_set is instance of dict? True
2024-04-29 18:14:42,218 is final_result_set is instance of dict? True
2024-04-29 18:14:42,280 Time taken for page 1 of Bill_Of_Landing_55_page_0.png:0:00:04.359097
2024-04-29 18:14:42,361 *****Generated All Pages****** for Bill_Of_Landing_55_page_0.png
2024-04-29 18:14:42,362 RAM memory 74.9 used for Bill_Of_Landing_55_page_0.png Generating All Pages:
2024-04-29 18:14:42,362 Processing time taken for all pages of Bill_Of_Landing_55_page_0.png1:0:00:04.441723
2024-04-29 18:14:42,499 file name is:Bill_of_lading_1068_page_2.png
2024-04-29 18:14:42,499 folder path :Images
2024-04-29 18:14:42,499 Calling Image result
2024-04-29 18:14:42,499 is all_page_result is instance of dict? True
2024-04-29 18:14:42,499 STREAM b'IHDR' 16 13
2024-04-29 18:14:42,500 STREAM b'IDAT' 41 65536
2024-04-29 18:14:42,570 is words is instance of list? True
2024-04-29 18:14:42,571 is bboxes is instance of list? True
2024-04-29 18:14:42,571 is bounding_boxes is instance of list? True
2024-04-29 18:14:43,024 is input_id_chunks is instance of list? True
2024-04-29 18:14:43,025 is mask_chunks is instance of list? True
2024-04-29 18:14:43,025 is bbox_chunks is instance of list? True
2024-04-29 18:14:43,025 is image_chunks is instance of list? True
2024-04-29 18:14:43,025 is input_dict is instance of dict? True
2024-04-29 18:14:45,027 Model Called
2024-04-29 18:14:45,028 RAM memory 72.3 used for Bill_of_lading_1068_page_2.png:
2024-04-29 18:14:45,028 is all_predictions is instance of list? True
2024-04-29 18:14:45,028 is all_boxes is instance of list? True
2024-04-29 18:14:45,028 is all_confidences is instance of list? True
2024-04-29 18:14:45,028 is all_text is instance of list? True
2024-04-29 18:14:45,028 is label2id is instance of dict? True
2024-04-29 18:14:45,028 is id2label is instance of dict? True
2024-04-29 18:14:45,029 is label2color is instance of dict? True
2024-04-29 18:14:45,029 label2color : {'stamp': '#F98D22', 'bol_original_or_copy': '#805B9A', 'vessel_name': '#24556F', 'shipped_onboard_date': '#DE6F73', 'final_destination': '#14ED24', 'measurement': '#E8F8E0', 'country_of_origin': '#E8587D', 'bol_original_number': '#06BC1B', 'net_weight': '#B51400', 'signed_by_carrier': '#4C0E0D', 'gross_weight': '#8559A0', 'carrier_country': '#3A5046', 'port_of_discharge': '#464A37', 'goods_quantity': '#B65EC3', 'notify_party_name': '#6AD00F', 'port_of_loading': '#08A7C8', 'shipper_address': '#1289E2', 'place_of_issue': '#90C031', 'agent_country': '#0444D2', 'freight_collect_at': '#D92E4C', 'place_of_receipt': '#D3B13F', 'voyage_number': '#B4BE07', 'signature': '#E7FB15', 'consignee_name': '#A63932', 'consignee_address': '#6D60B3', 'bill_of_lading_issue_date': '#57C2DA', 'mode_of_transport': '#45F120', 'shipper_name': '#F0577F', 'signed_By_agent': '#DC0576', 'container_number': '#9698B5', 'transaction_date': '#A261AF', 'notify_party_address': '#40D53E', 'goods_marks_and_nos': '#ABDD52', 'goods_description': '#64A84D', 'lc_date': '#74C17A', 'dimension': '#508C02', 'agent_name': '#7DB9ED', 'carrier_name': '#216129', 'O': '#9AF933', 'lc_ref_number': '#763D44', 'pre_carriage_by': '#8B335A', 'page_no': '#EF363D', 'total_original_no': '#5E34DD', 'freight_collect_or_prepaid': '#F0B179', 'signed_by_master': '#F455BD', 'bill_of_lading_number': '#4CD68B'}
2024-04-29 18:14:45,544 is result_set is instance of dict? True
2024-04-29 18:14:45,546 is final_result_set is instance of dict? True
2024-04-29 18:14:45,643 Time taken for page 1 of Bill_of_lading_1068_page_2.png:0:00:03.143555
2024-04-29 18:14:45,986 *****Generated All Pages****** for Bill_of_lading_1068_page_2.png
2024-04-29 18:14:45,986 RAM memory 72.6 used for Bill_of_lading_1068_page_2.png Generating All Pages:
2024-04-29 18:14:45,986 Processing time taken for all pages of Bill_of_lading_1068_page_2.png1:0:00:03.487318
2024-04-29 18:14:46,139 file name is:Bill_Of_Landing_79_page_0.png
2024-04-29 18:14:46,139 folder path :Images
2024-04-29 18:14:46,140 Calling Image result
2024-04-29 18:14:46,140 is all_page_result is instance of dict? True
2024-04-29 18:14:46,140 STREAM b'IHDR' 16 13
2024-04-29 18:14:46,140 STREAM b'IDAT' 41 65536
2024-04-29 18:14:46,172 is words is instance of list? True
2024-04-29 18:14:46,172 is bboxes is instance of list? True
2024-04-29 18:14:46,172 is bounding_boxes is instance of list? True
2024-04-29 18:14:46,393 is input_id_chunks is instance of list? True
2024-04-29 18:14:46,393 is mask_chunks is instance of list? True
2024-04-29 18:14:46,393 is bbox_chunks is instance of list? True
2024-04-29 18:14:46,393 is image_chunks is instance of list? True
2024-04-29 18:14:46,394 is input_dict is instance of dict? True
2024-04-29 18:14:48,331 Model Called
2024-04-29 18:14:48,331 RAM memory 67.5 used for Bill_Of_Landing_79_page_0.png:
2024-04-29 18:14:48,331 is all_predictions is instance of list? True
2024-04-29 18:14:48,331 is all_boxes is instance of list? True
2024-04-29 18:14:48,331 is all_confidences is instance of list? True
2024-04-29 18:14:48,331 is all_text is instance of list? True
2024-04-29 18:14:48,331 is label2id is instance of dict? True
2024-04-29 18:14:48,331 is id2label is instance of dict? True
2024-04-29 18:14:48,332 is label2color is instance of dict? True
2024-04-29 18:14:48,332 label2color : {'stamp': '#41E13F', 'bol_original_or_copy': '#D16D3E', 'vessel_name': '#1B0647', 'shipped_onboard_date': '#4AAEDD', 'final_destination': '#24CD5F', 'measurement': '#408D12', 'country_of_origin': '#37F748', 'bol_original_number': '#2DCA86', 'net_weight': '#4225DC', 'signed_by_carrier': '#21062E', 'gross_weight': '#FBC65D', 'carrier_country': '#716E00', 'port_of_discharge': '#F6AFB2', 'goods_quantity': '#0051D0', 'notify_party_name': '#4B4312', 'port_of_loading': '#44DB65', 'shipper_address': '#B69603', 'place_of_issue': '#6F0192', 'agent_country': '#7E27A3', 'freight_collect_at': '#D93B28', 'place_of_receipt': '#0F9946', 'voyage_number': '#AF2A9D', 'signature': '#5D7C46', 'consignee_name': '#7A4DFF', 'consignee_address': '#A1B95C', 'bill_of_lading_issue_date': '#6EFA64', 'mode_of_transport': '#FDA8CE', 'shipper_name': '#839851', 'signed_By_agent': '#C56935', 'container_number': '#E2D30C', 'transaction_date': '#5D721E', 'notify_party_address': '#014630', 'goods_marks_and_nos': '#0395C6', 'goods_description': '#105265', 'lc_date': '#EB1708', 'dimension': '#7E5A9A', 'agent_name': '#C7F1EA', 'carrier_name': '#199BED', 'O': '#02BF37', 'lc_ref_number': '#6B1A54', 'pre_carriage_by': '#D6D821', 'page_no': '#288207', 'total_original_no': '#84E958', 'freight_collect_or_prepaid': '#222313', 'signed_by_master': '#743B73', 'bill_of_lading_number': '#459762'}
2024-04-29 18:14:48,550 is result_set is instance of dict? True
2024-04-29 18:14:48,551 is final_result_set is instance of dict? True
2024-04-29 18:14:48,663 Time taken for page 1 of Bill_Of_Landing_79_page_0.png:0:00:02.523353
2024-04-29 18:14:48,806 *****Generated All Pages****** for Bill_Of_Landing_79_page_0.png
2024-04-29 18:14:48,806 RAM memory 67.5 used for Bill_Of_Landing_79_page_0.png Generating All Pages:
2024-04-29 18:14:48,806 Processing time taken for all pages of Bill_Of_Landing_79_page_0.png1:0:00:02.666473
2024-04-29 18:14:48,915 file name is:Bill_of_lading_543_page_8.png
2024-04-29 18:14:48,916 folder path :Images
2024-04-29 18:14:48,916 Calling Image result
2024-04-29 18:14:48,916 is all_page_result is instance of dict? True
2024-04-29 18:14:48,916 STREAM b'IHDR' 16 13
2024-04-29 18:14:48,916 STREAM b'IDAT' 41 65536
2024-04-29 18:14:48,927 is words is instance of list? True
2024-04-29 18:14:48,927 is bboxes is instance of list? True
2024-04-29 18:14:48,927 is bounding_boxes is instance of list? True
2024-04-29 18:14:48,977 is input_id_chunks is instance of list? True
2024-04-29 18:14:48,977 is mask_chunks is instance of list? True
2024-04-29 18:14:48,977 is bbox_chunks is instance of list? True
2024-04-29 18:14:48,977 is image_chunks is instance of list? True
2024-04-29 18:14:48,977 is input_dict is instance of dict? True
2024-04-29 18:14:51,462 Model Called
2024-04-29 18:14:51,463 RAM memory 67.7 used for Bill_of_lading_543_page_8.png:
2024-04-29 18:14:51,463 is all_predictions is instance of list? True
2024-04-29 18:14:51,463 is all_boxes is instance of list? True
2024-04-29 18:14:51,463 is all_confidences is instance of list? True
2024-04-29 18:14:51,463 is all_text is instance of list? True
2024-04-29 18:14:51,463 is label2id is instance of dict? True
2024-04-29 18:14:51,463 is id2label is instance of dict? True
2024-04-29 18:14:51,464 is label2color is instance of dict? True
2024-04-29 18:14:51,464 label2color : {'stamp': '#A6570B', 'bol_original_or_copy': '#78BDAA', 'vessel_name': '#DCA848', 'shipped_onboard_date': '#29C4D4', 'final_destination': '#97C8BB', 'measurement': '#31A308', 'country_of_origin': '#60D7C6', 'bol_original_number': '#CF14C3', 'net_weight': '#522863', 'signed_by_carrier': '#8C9819', 'gross_weight': '#400160', 'carrier_country': '#9DC74D', 'port_of_discharge': '#D43086', 'goods_quantity': '#491D59', 'notify_party_name': '#822D17', 'port_of_loading': '#8E6782', 'shipper_address': '#C0958A', 'place_of_issue': '#130A4E', 'agent_country': '#22D883', 'freight_collect_at': '#55A15C', 'place_of_receipt': '#562539', 'voyage_number': '#F49F13', 'signature': '#AB2D3A', 'consignee_name': '#6923CF', 'consignee_address': '#C0667F', 'bill_of_lading_issue_date': '#65D593', 'mode_of_transport': '#5FE587', 'shipper_name': '#75D2FE', 'signed_By_agent': '#C68282', 'container_number': '#7120B1', 'transaction_date': '#A1598D', 'notify_party_address': '#FDD6BF', 'goods_marks_and_nos': '#875445', 'goods_description': '#EDADC5', 'lc_date': '#3A6BB7', 'dimension': '#A85A8F', 'agent_name': '#AE0FF8', 'carrier_name': '#1FF455', 'O': '#3D3852', 'lc_ref_number': '#91071A', 'pre_carriage_by': '#25BBFB', 'page_no': '#2840E7', 'total_original_no': '#C049F7', 'freight_collect_or_prepaid': '#882989', 'signed_by_master': '#69FED2', 'bill_of_lading_number': '#2230ED'}
2024-04-29 18:14:51,527 is result_set is instance of dict? True
2024-04-29 18:14:51,529 is final_result_set is instance of dict? True
2024-04-29 18:14:51,640 Time taken for page 1 of Bill_of_lading_543_page_8.png:0:00:02.723354
2024-04-29 18:14:51,761 *****Generated All Pages****** for Bill_of_lading_543_page_8.png
2024-04-29 18:14:51,761 RAM memory 67.8 used for Bill_of_lading_543_page_8.png Generating All Pages:
2024-04-29 18:14:51,761 Processing time taken for all pages of Bill_of_lading_543_page_8.png1:0:00:02.845598
2024-04-29 18:14:51,875 file name is:Bill_Of_Landing_9_page_0.png
2024-04-29 18:14:51,875 folder path :Images
2024-04-29 18:14:51,875 Calling Image result
2024-04-29 18:14:51,875 is all_page_result is instance of dict? True
2024-04-29 18:14:51,876 STREAM b'IHDR' 16 13
2024-04-29 18:14:51,876 STREAM b'IDAT' 41 65536
2024-04-29 18:14:51,908 is words is instance of list? True
2024-04-29 18:14:51,908 is bboxes is instance of list? True
2024-04-29 18:14:51,908 is bounding_boxes is instance of list? True
2024-04-29 18:14:52,138 is input_id_chunks is instance of list? True
2024-04-29 18:14:52,138 is mask_chunks is instance of list? True
2024-04-29 18:14:52,139 is bbox_chunks is instance of list? True
2024-04-29 18:14:52,139 is image_chunks is instance of list? True
2024-04-29 18:14:52,139 is input_dict is instance of dict? True
2024-04-29 18:14:55,254 Model Called
2024-04-29 18:14:55,254 RAM memory 70.3 used for Bill_Of_Landing_9_page_0.png:
2024-04-29 18:14:55,254 is all_predictions is instance of list? True
2024-04-29 18:14:55,255 is all_boxes is instance of list? True
2024-04-29 18:14:55,255 is all_confidences is instance of list? True
2024-04-29 18:14:55,255 is all_text is instance of list? True
2024-04-29 18:14:55,255 is label2id is instance of dict? True
2024-04-29 18:14:55,255 is id2label is instance of dict? True
2024-04-29 18:14:55,255 is label2color is instance of dict? True
2024-04-29 18:14:55,255 label2color : {'stamp': '#5331A9', 'bol_original_or_copy': '#591753', 'vessel_name': '#829DED', 'shipped_onboard_date': '#E1DE56', 'final_destination': '#A77BF9', 'measurement': '#564603', 'country_of_origin': '#E63FD4', 'bol_original_number': '#98C51A', 'net_weight': '#C6173F', 'signed_by_carrier': '#C9CF35', 'gross_weight': '#318DB5', 'carrier_country': '#710974', 'port_of_discharge': '#94E93C', 'goods_quantity': '#CFD124', 'notify_party_name': '#38C4A5', 'port_of_loading': '#219E44', 'shipper_address': '#C571C4', 'place_of_issue': '#36522C', 'agent_country': '#571750', 'freight_collect_at': '#C82377', 'place_of_receipt': '#8B116F', 'voyage_number': '#B9B6BA', 'signature': '#A48DA3', 'consignee_name': '#EA41C5', 'consignee_address': '#AE0164', 'bill_of_lading_issue_date': '#3E0040', 'mode_of_transport': '#8E82A0', 'shipper_name': '#DD18F5', 'signed_By_agent': '#9620D4', 'container_number': '#C333B9', 'transaction_date': '#762728', 'notify_party_address': '#3E91B4', 'goods_marks_and_nos': '#281F2D', 'goods_description': '#F09BE4', 'lc_date': '#8DB4A3', 'dimension': '#59DA10', 'agent_name': '#CFF299', 'carrier_name': '#5AD494', 'O': '#0BA239', 'lc_ref_number': '#66A7D5', 'pre_carriage_by': '#87D964', 'page_no': '#55231D', 'total_original_no': '#4B1E42', 'freight_collect_or_prepaid': '#7BFB48', 'signed_by_master': '#A382C7', 'bill_of_lading_number': '#627460'}
2024-04-29 18:14:55,550 is result_set is instance of dict? True
2024-04-29 18:14:55,551 is final_result_set is instance of dict? True
2024-04-29 18:14:55,640 Time taken for page 1 of Bill_Of_Landing_9_page_0.png:0:00:03.763389
2024-04-29 18:14:55,827 *****Generated All Pages****** for Bill_Of_Landing_9_page_0.png
2024-04-29 18:14:55,828 RAM memory 70.3 used for Bill_Of_Landing_9_page_0.png Generating All Pages:
2024-04-29 18:14:55,828 Processing time taken for all pages of Bill_Of_Landing_9_page_0.png1:0:00:03.952238
2024-04-29 18:14:55,955 file name is:Bill_Of_Landing_56_page_0.png
2024-04-29 18:14:55,955 folder path :Images
2024-04-29 18:14:55,955 Calling Image result
2024-04-29 18:14:55,955 is all_page_result is instance of dict? True
2024-04-29 18:14:55,955 STREAM b'IHDR' 16 13
2024-04-29 18:14:55,955 STREAM b'IDAT' 41 65536
2024-04-29 18:14:55,987 is words is instance of list? True
2024-04-29 18:14:55,987 is bboxes is instance of list? True
2024-04-29 18:14:55,987 is bounding_boxes is instance of list? True
2024-04-29 18:14:56,227 is input_id_chunks is instance of list? True
2024-04-29 18:14:56,227 is mask_chunks is instance of list? True
2024-04-29 18:14:56,227 is bbox_chunks is instance of list? True
2024-04-29 18:14:56,227 is image_chunks is instance of list? True
2024-04-29 18:14:56,228 is input_dict is instance of dict? True
2024-04-29 18:14:58,310 Model Called
2024-04-29 18:14:58,310 RAM memory 68.0 used for Bill_Of_Landing_56_page_0.png:
2024-04-29 18:14:58,310 is all_predictions is instance of list? True
2024-04-29 18:14:58,310 is all_boxes is instance of list? True
2024-04-29 18:14:58,310 is all_confidences is instance of list? True
2024-04-29 18:14:58,310 is all_text is instance of list? True
2024-04-29 18:14:58,311 is label2id is instance of dict? True
2024-04-29 18:14:58,311 is id2label is instance of dict? True
2024-04-29 18:14:58,312 is label2color is instance of dict? True
2024-04-29 18:14:58,312 label2color : {'stamp': '#1C5087', 'bol_original_or_copy': '#0B66B8', 'vessel_name': '#E1C1A5', 'shipped_onboard_date': '#1648A5', 'final_destination': '#5B80D3', 'measurement': '#783960', 'country_of_origin': '#AFE383', 'bol_original_number': '#19BCB2', 'net_weight': '#8D742B', 'signed_by_carrier': '#B97C79', 'gross_weight': '#CC9B60', 'carrier_country': '#7E4D7B', 'port_of_discharge': '#59BCF7', 'goods_quantity': '#2D6ECF', 'notify_party_name': '#AF68EB', 'port_of_loading': '#4E7193', 'shipper_address': '#B2637B', 'place_of_issue': '#F2A7C1', 'agent_country': '#893D75', 'freight_collect_at': '#BCEA41', 'place_of_receipt': '#C01E2F', 'voyage_number': '#66254B', 'signature': '#B7F496', 'consignee_name': '#4FFFD8', 'consignee_address': '#62A35F', 'bill_of_lading_issue_date': '#E7F90C', 'mode_of_transport': '#656694', 'shipper_name': '#619767', 'signed_By_agent': '#1ADBA9', 'container_number': '#32B003', 'transaction_date': '#1977AF', 'notify_party_address': '#755908', 'goods_marks_and_nos': '#2AE6B1', 'goods_description': '#706736', 'lc_date': '#2E4C0D', 'dimension': '#A0F621', 'agent_name': '#048788', 'carrier_name': '#F2CC77', 'O': '#2100F0', 'lc_ref_number': '#B7E0B2', 'pre_carriage_by': '#D9F351', 'page_no': '#45039E', 'total_original_no': '#597473', 'freight_collect_or_prepaid': '#0B0C71', 'signed_by_master': '#28B3FA', 'bill_of_lading_number': '#9DD26D'}
2024-04-29 18:14:58,559 is result_set is instance of dict? True
2024-04-29 18:14:58,560 is final_result_set is instance of dict? True
2024-04-29 18:14:58,622 Time taken for page 1 of Bill_Of_Landing_56_page_0.png:0:00:02.666863
2024-04-29 18:14:58,783 *****Generated All Pages****** for Bill_Of_Landing_56_page_0.png
2024-04-29 18:14:58,783 RAM memory 68.2 used for Bill_Of_Landing_56_page_0.png Generating All Pages:
2024-04-29 18:14:58,783 Processing time taken for all pages of Bill_Of_Landing_56_page_0.png1:0:00:02.828329
2024-04-29 18:14:58,896 file name is:Bill_of_lading_636_page_4.png
2024-04-29 18:14:58,896 folder path :Images
2024-04-29 18:14:58,896 Calling Image result
2024-04-29 18:14:58,896 is all_page_result is instance of dict? True
2024-04-29 18:14:58,897 STREAM b'IHDR' 16 13
2024-04-29 18:14:58,897 STREAM b'PLTE' 41 6
2024-04-29 18:14:58,897 STREAM b'IDAT' 59 65536
2024-04-29 18:14:58,933 is words is instance of list? True
2024-04-29 18:14:58,933 is bboxes is instance of list? True
2024-04-29 18:14:58,933 is bounding_boxes is instance of list? True
2024-04-29 18:14:59,204 is input_id_chunks is instance of list? True
2024-04-29 18:14:59,204 is mask_chunks is instance of list? True
2024-04-29 18:14:59,204 is bbox_chunks is instance of list? True
2024-04-29 18:14:59,204 is image_chunks is instance of list? True
2024-04-29 18:14:59,205 is input_dict is instance of dict? True
2024-04-29 18:15:01,407 Model Called
2024-04-29 18:15:01,407 RAM memory 67.9 used for Bill_of_lading_636_page_4.png:
2024-04-29 18:15:01,407 is all_predictions is instance of list? True
2024-04-29 18:15:01,407 is all_boxes is instance of list? True
2024-04-29 18:15:01,407 is all_confidences is instance of list? True
2024-04-29 18:15:01,407 is all_text is instance of list? True
2024-04-29 18:15:01,408 is label2id is instance of dict? True
2024-04-29 18:15:01,408 is id2label is instance of dict? True
2024-04-29 18:15:01,408 is label2color is instance of dict? True
2024-04-29 18:15:01,408 label2color : {'stamp': '#FCD10B', 'bol_original_or_copy': '#CE1AC3', 'vessel_name': '#4B09E8', 'shipped_onboard_date': '#314935', 'final_destination': '#EA7A12', 'measurement': '#549513', 'country_of_origin': '#EA94C0', 'bol_original_number': '#67EF96', 'net_weight': '#149965', 'signed_by_carrier': '#3B6F3A', 'gross_weight': '#2CA839', 'carrier_country': '#405CCE', 'port_of_discharge': '#CED512', 'goods_quantity': '#195936', 'notify_party_name': '#6D5670', 'port_of_loading': '#742886', 'shipper_address': '#3783C0', 'place_of_issue': '#A6C3B4', 'agent_country': '#2DFD91', 'freight_collect_at': '#B7BF2D', 'place_of_receipt': '#A6A5C6', 'voyage_number': '#04839F', 'signature': '#3ED1C6', 'consignee_name': '#45F9E0', 'consignee_address': '#626C22', 'bill_of_lading_issue_date': '#5473F9', 'mode_of_transport': '#58E2D6', 'shipper_name': '#0BFD3C', 'signed_By_agent': '#822CB0', 'container_number': '#7DB71A', 'transaction_date': '#D59BD7', 'notify_party_address': '#AFEC82', 'goods_marks_and_nos': '#BC752B', 'goods_description': '#086770', 'lc_date': '#16F6E1', 'dimension': '#06CE38', 'agent_name': '#2C5A86', 'carrier_name': '#604D64', 'O': '#7CF138', 'lc_ref_number': '#AAEB40', 'pre_carriage_by': '#8ACBD3', 'page_no': '#8AACEB', 'total_original_no': '#DB9F61', 'freight_collect_or_prepaid': '#5E69B5', 'signed_by_master': '#40835D', 'bill_of_lading_number': '#959A5B'}
2024-04-29 18:15:01,693 is result_set is instance of dict? True
2024-04-29 18:15:01,695 is final_result_set is instance of dict? True
2024-04-29 18:15:01,795 Time taken for page 1 of Bill_of_lading_636_page_4.png:0:00:02.897912
2024-04-29 18:15:01,945 *****Generated All Pages****** for Bill_of_lading_636_page_4.png
2024-04-29 18:15:01,945 RAM memory 68.1 used for Bill_of_lading_636_page_4.png Generating All Pages:
2024-04-29 18:15:01,946 Processing time taken for all pages of Bill_of_lading_636_page_4.png1:0:00:03.049149
2024-04-29 18:15:02,055 file name is:Bill_of_lading_602_page_0.png
2024-04-29 18:15:02,056 folder path :Images
2024-04-29 18:15:02,056 Calling Image result
2024-04-29 18:15:02,056 is all_page_result is instance of dict? True
2024-04-29 18:15:02,056 STREAM b'IHDR' 16 13
2024-04-29 18:15:02,056 STREAM b'IDAT' 41 65536
2024-04-29 18:15:02,086 is words is instance of list? True
2024-04-29 18:15:02,086 is bboxes is instance of list? True
2024-04-29 18:15:02,086 is bounding_boxes is instance of list? True
2024-04-29 18:15:02,303 is input_id_chunks is instance of list? True
2024-04-29 18:15:02,303 is mask_chunks is instance of list? True
2024-04-29 18:15:02,304 is bbox_chunks is instance of list? True
2024-04-29 18:15:02,304 is image_chunks is instance of list? True
2024-04-29 18:15:02,304 is input_dict is instance of dict? True
2024-04-29 18:15:04,392 Model Called
2024-04-29 18:15:04,392 RAM memory 67.5 used for Bill_of_lading_602_page_0.png:
2024-04-29 18:15:04,392 is all_predictions is instance of list? True
2024-04-29 18:15:04,392 is all_boxes is instance of list? True
2024-04-29 18:15:04,392 is all_confidences is instance of list? True
2024-04-29 18:15:04,392 is all_text is instance of list? True
2024-04-29 18:15:04,393 is label2id is instance of dict? True
2024-04-29 18:15:04,393 is id2label is instance of dict? True
2024-04-29 18:15:04,393 is label2color is instance of dict? True
2024-04-29 18:15:04,393 label2color : {'stamp': '#E0ADE5', 'bol_original_or_copy': '#96AEC4', 'vessel_name': '#951129', 'shipped_onboard_date': '#E4F34D', 'final_destination': '#0CADEA', 'measurement': '#ACF04B', 'country_of_origin': '#F78F75', 'bol_original_number': '#84443F', 'net_weight': '#F1FC7C', 'signed_by_carrier': '#AA3338', 'gross_weight': '#4EF0B8', 'carrier_country': '#1A3322', 'port_of_discharge': '#7AF2C6', 'goods_quantity': '#75E017', 'notify_party_name': '#3EB01A', 'port_of_loading': '#DE66AA', 'shipper_address': '#77AC8A', 'place_of_issue': '#648A06', 'agent_country': '#0E5448', 'freight_collect_at': '#54F41B', 'place_of_receipt': '#94C88C', 'voyage_number': '#96BA47', 'signature': '#AD5FB2', 'consignee_name': '#44F875', 'consignee_address': '#D4A3B5', 'bill_of_lading_issue_date': '#0056A8', 'mode_of_transport': '#4CF32C', 'shipper_name': '#482D02', 'signed_By_agent': '#3102C6', 'container_number': '#4D2BBB', 'transaction_date': '#E6D7A4', 'notify_party_address': '#BA0D44', 'goods_marks_and_nos': '#44F352', 'goods_description': '#87592F', 'lc_date': '#A201EC', 'dimension': '#72F7AB', 'agent_name': '#616028', 'carrier_name': '#24C42C', 'O': '#EA7704', 'lc_ref_number': '#15B666', 'pre_carriage_by': '#B0E057', 'page_no': '#63F4C3', 'total_original_no': '#89B3B5', 'freight_collect_or_prepaid': '#510170', 'signed_by_master': '#64E0E5', 'bill_of_lading_number': '#C34FCA'}
2024-04-29 18:15:04,640 is result_set is instance of dict? True
2024-04-29 18:15:04,641 is final_result_set is instance of dict? True
2024-04-29 18:15:04,711 Time taken for page 1 of Bill_of_lading_602_page_0.png:0:00:02.655079
2024-04-29 18:15:04,850 *****Generated All Pages****** for Bill_of_lading_602_page_0.png
2024-04-29 18:15:04,850 RAM memory 67.6 used for Bill_of_lading_602_page_0.png Generating All Pages:
2024-04-29 18:15:04,850 Processing time taken for all pages of Bill_of_lading_602_page_0.png1:0:00:02.794276
2024-04-29 18:15:04,968 file name is:Bill_of_lading_11_page_0.png
2024-04-29 18:15:04,968 folder path :Images
2024-04-29 18:15:04,968 Calling Image result
2024-04-29 18:15:04,968 is all_page_result is instance of dict? True
2024-04-29 18:15:04,979 STREAM b'IHDR' 16 13
2024-04-29 18:15:04,979 STREAM b'IDAT' 41 65536
2024-04-29 18:15:05,015 is words is instance of list? True
2024-04-29 18:15:05,015 is bboxes is instance of list? True
2024-04-29 18:15:05,015 is bounding_boxes is instance of list? True
2024-04-29 18:15:05,325 is input_id_chunks is instance of list? True
2024-04-29 18:15:05,325 is mask_chunks is instance of list? True
2024-04-29 18:15:05,326 is bbox_chunks is instance of list? True
2024-04-29 18:15:05,326 is image_chunks is instance of list? True
2024-04-29 18:15:05,327 is input_dict is instance of dict? True
2024-04-29 18:15:08,665 Model Called
2024-04-29 18:15:08,666 RAM memory 69.3 used for Bill_of_lading_11_page_0.png:
2024-04-29 18:15:08,666 is all_predictions is instance of list? True
2024-04-29 18:15:08,666 is all_boxes is instance of list? True
2024-04-29 18:15:08,666 is all_confidences is instance of list? True
2024-04-29 18:15:08,666 is all_text is instance of list? True
2024-04-29 18:15:08,666 is label2id is instance of dict? True
2024-04-29 18:15:08,666 is id2label is instance of dict? True
2024-04-29 18:15:08,667 is label2color is instance of dict? True
2024-04-29 18:15:08,667 label2color : {'stamp': '#A6B88F', 'bol_original_or_copy': '#DE35AF', 'vessel_name': '#799217', 'shipped_onboard_date': '#6E5277', 'final_destination': '#889950', 'measurement': '#B2EB85', 'country_of_origin': '#94DFE8', 'bol_original_number': '#B402DF', 'net_weight': '#309102', 'signed_by_carrier': '#BC4326', 'gross_weight': '#7F3728', 'carrier_country': '#AD2750', 'port_of_discharge': '#1739D7', 'goods_quantity': '#906BB9', 'notify_party_name': '#77D9E3', 'port_of_loading': '#37CB63', 'shipper_address': '#39E7FC', 'place_of_issue': '#9DA27E', 'agent_country': '#702A96', 'freight_collect_at': '#5E78E7', 'place_of_receipt': '#75D198', 'voyage_number': '#F9CB35', 'signature': '#0312E2', 'consignee_name': '#6E1350', 'consignee_address': '#33254E', 'bill_of_lading_issue_date': '#E45CB3', 'mode_of_transport': '#88419B', 'shipper_name': '#5E418D', 'signed_By_agent': '#236E76', 'container_number': '#CBB02F', 'transaction_date': '#C74CB4', 'notify_party_address': '#C37A32', 'goods_marks_and_nos': '#7C0153', 'goods_description': '#8A3535', 'lc_date': '#141E25', 'dimension': '#352066', 'agent_name': '#874459', 'carrier_name': '#1375EA', 'O': '#8A12D0', 'lc_ref_number': '#58464C', 'pre_carriage_by': '#53B842', 'page_no': '#A9782E', 'total_original_no': '#17486B', 'freight_collect_or_prepaid': '#05D093', 'signed_by_master': '#273792', 'bill_of_lading_number': '#2E09D3'}
2024-04-29 18:15:09,031 is result_set is instance of dict? True
2024-04-29 18:15:09,033 is final_result_set is instance of dict? True
2024-04-29 18:15:09,164 Time taken for page 1 of Bill_of_lading_11_page_0.png:0:00:04.184921
2024-04-29 18:15:09,312 *****Generated All Pages****** for Bill_of_lading_11_page_0.png
2024-04-29 18:15:09,312 RAM memory 69.4 used for Bill_of_lading_11_page_0.png Generating All Pages:
2024-04-29 18:15:09,312 Processing time taken for all pages of Bill_of_lading_11_page_0.png1:0:00:04.343977
2024-04-29 18:15:09,437 file name is:Bill_Of_Landing_95_page_4.png
2024-04-29 18:15:09,437 folder path :Images
2024-04-29 18:15:09,438 Calling Image result
2024-04-29 18:15:09,438 is all_page_result is instance of dict? True
2024-04-29 18:15:09,438 STREAM b'IHDR' 16 13
2024-04-29 18:15:09,438 STREAM b'IDAT' 41 64709
2024-04-29 18:15:09,478 is words is instance of list? True
2024-04-29 18:15:09,478 is bboxes is instance of list? True
2024-04-29 18:15:09,478 is bounding_boxes is instance of list? True
2024-04-29 18:15:09,775 is input_id_chunks is instance of list? True
2024-04-29 18:15:09,775 is mask_chunks is instance of list? True
2024-04-29 18:15:09,775 is bbox_chunks is instance of list? True
2024-04-29 18:15:09,775 is image_chunks is instance of list? True
2024-04-29 18:15:09,776 is input_dict is instance of dict? True
2024-04-29 18:15:11,744 Model Called
2024-04-29 18:15:11,744 RAM memory 68.2 used for Bill_Of_Landing_95_page_4.png:
2024-04-29 18:15:11,744 is all_predictions is instance of list? True
2024-04-29 18:15:11,744 is all_boxes is instance of list? True
2024-04-29 18:15:11,744 is all_confidences is instance of list? True
2024-04-29 18:15:11,744 is all_text is instance of list? True
2024-04-29 18:15:11,745 is label2id is instance of dict? True
2024-04-29 18:15:11,745 is id2label is instance of dict? True
2024-04-29 18:15:11,745 is label2color is instance of dict? True
2024-04-29 18:15:11,745 label2color : {'stamp': '#F829E9', 'bol_original_or_copy': '#EDB145', 'vessel_name': '#DB41AE', 'shipped_onboard_date': '#BAE6DA', 'final_destination': '#66CB04', 'measurement': '#0968F3', 'country_of_origin': '#8E675B', 'bol_original_number': '#1DF8AB', 'net_weight': '#6D817F', 'signed_by_carrier': '#A7D4C4', 'gross_weight': '#AD6C54', 'carrier_country': '#79D0CB', 'port_of_discharge': '#C4D54A', 'goods_quantity': '#E28903', 'notify_party_name': '#7A8A7F', 'port_of_loading': '#3092A5', 'shipper_address': '#DA900E', 'place_of_issue': '#1B44AA', 'agent_country': '#632975', 'freight_collect_at': '#C520B8', 'place_of_receipt': '#4F79BF', 'voyage_number': '#28E68A', 'signature': '#D5CD67', 'consignee_name': '#101257', 'consignee_address': '#10586D', 'bill_of_lading_issue_date': '#B0CE0E', 'mode_of_transport': '#4B3F90', 'shipper_name': '#4CB020', 'signed_By_agent': '#E964FE', 'container_number': '#1D5144', 'transaction_date': '#19C2A4', 'notify_party_address': '#124F24', 'goods_marks_and_nos': '#FE089D', 'goods_description': '#FCC212', 'lc_date': '#808F20', 'dimension': '#F2F12D', 'agent_name': '#F228F4', 'carrier_name': '#311053', 'O': '#E8746C', 'lc_ref_number': '#198C45', 'pre_carriage_by': '#B2B598', 'page_no': '#817EDF', 'total_original_no': '#CE0F96', 'freight_collect_or_prepaid': '#B173F3', 'signed_by_master': '#938A8F', 'bill_of_lading_number': '#3B35AA'}
2024-04-29 18:15:11,988 is result_set is instance of dict? True
2024-04-29 18:15:11,990 is final_result_set is instance of dict? True
2024-04-29 18:15:12,085 Time taken for page 1 of Bill_Of_Landing_95_page_4.png:0:00:02.646576
2024-04-29 18:15:12,223 *****Generated All Pages****** for Bill_Of_Landing_95_page_4.png
2024-04-29 18:15:12,223 RAM memory 68.5 used for Bill_Of_Landing_95_page_4.png Generating All Pages:
2024-04-29 18:15:12,223 Processing time taken for all pages of Bill_Of_Landing_95_page_4.png1:0:00:02.785417
2024-04-29 18:15:12,341 file name is:Bill_of_lading_584_page_2.png
2024-04-29 18:15:12,341 folder path :Images
2024-04-29 18:15:12,341 Calling Image result
2024-04-29 18:15:12,341 is all_page_result is instance of dict? True
2024-04-29 18:15:12,342 STREAM b'IHDR' 16 13
2024-04-29 18:15:12,342 STREAM b'IDAT' 41 59774
2024-04-29 18:15:12,370 is words is instance of list? True
2024-04-29 18:15:12,370 is bboxes is instance of list? True
2024-04-29 18:15:12,370 is bounding_boxes is instance of list? True
2024-04-29 18:15:12,572 is input_id_chunks is instance of list? True
2024-04-29 18:15:12,572 is mask_chunks is instance of list? True
2024-04-29 18:15:12,572 is bbox_chunks is instance of list? True
2024-04-29 18:15:12,572 is image_chunks is instance of list? True
2024-04-29 18:15:12,573 is input_dict is instance of dict? True
2024-04-29 18:15:14,936 Model Called
2024-04-29 18:15:14,937 RAM memory 65.8 used for Bill_of_lading_584_page_2.png:
2024-04-29 18:15:14,937 is all_predictions is instance of list? True
2024-04-29 18:15:14,937 is all_boxes is instance of list? True
2024-04-29 18:15:14,938 is all_confidences is instance of list? True
2024-04-29 18:15:14,938 is all_text is instance of list? True
2024-04-29 18:15:14,938 is label2id is instance of dict? True
2024-04-29 18:15:14,938 is id2label is instance of dict? True
2024-04-29 18:15:14,939 is label2color is instance of dict? True
2024-04-29 18:15:14,940 label2color : {'stamp': '#21DA6C', 'bol_original_or_copy': '#2ED094', 'vessel_name': '#2F40BE', 'shipped_onboard_date': '#DD6F49', 'final_destination': '#12FC57', 'measurement': '#937652', 'country_of_origin': '#24CCEB', 'bol_original_number': '#4B4535', 'net_weight': '#6BB76A', 'signed_by_carrier': '#C0651C', 'gross_weight': '#9A167A', 'carrier_country': '#5865D0', 'port_of_discharge': '#A0D7BE', 'goods_quantity': '#8F967E', 'notify_party_name': '#15B848', 'port_of_loading': '#B749C1', 'shipper_address': '#2865B9', 'place_of_issue': '#476AC3', 'agent_country': '#F7E0A7', 'freight_collect_at': '#03CE2C', 'place_of_receipt': '#37ABBE', 'voyage_number': '#8A32C5', 'signature': '#D2CDC6', 'consignee_name': '#BAA9D7', 'consignee_address': '#C267BA', 'bill_of_lading_issue_date': '#0ADE4C', 'mode_of_transport': '#818E4B', 'shipper_name': '#43FDD6', 'signed_By_agent': '#723D1F', 'container_number': '#C4F152', 'transaction_date': '#3ADBF6', 'notify_party_address': '#B1CB98', 'goods_marks_and_nos': '#A267B2', 'goods_description': '#52F439', 'lc_date': '#E14169', 'dimension': '#F60ADD', 'agent_name': '#9A5E52', 'carrier_name': '#F6C3A2', 'O': '#20A422', 'lc_ref_number': '#DE5A05', 'pre_carriage_by': '#260382', 'page_no': '#BC06E2', 'total_original_no': '#C76DE8', 'freight_collect_or_prepaid': '#714679', 'signed_by_master': '#2FC3EE', 'bill_of_lading_number': '#61D7C2'}
2024-04-29 18:15:15,188 is result_set is instance of dict? True
2024-04-29 18:15:15,189 is final_result_set is instance of dict? True
2024-04-29 18:15:15,266 Time taken for page 1 of Bill_of_lading_584_page_2.png:0:00:02.924433
2024-04-29 18:15:15,393 *****Generated All Pages****** for Bill_of_lading_584_page_2.png
2024-04-29 18:15:15,393 RAM memory 65.8 used for Bill_of_lading_584_page_2.png Generating All Pages:
2024-04-29 18:15:15,393 Processing time taken for all pages of Bill_of_lading_584_page_2.png1:0:00:03.052126
2024-04-29 18:15:15,515 file name is:Bill_Of_Landing_17_page_0.png
2024-04-29 18:15:15,515 folder path :Images
2024-04-29 18:15:15,516 Calling Image result
2024-04-29 18:15:15,516 is all_page_result is instance of dict? True
2024-04-29 18:15:15,526 STREAM b'IHDR' 16 13
2024-04-29 18:15:15,526 STREAM b'IDAT' 41 62351
2024-04-29 18:15:15,564 is words is instance of list? True
2024-04-29 18:15:15,564 is bboxes is instance of list? True
2024-04-29 18:15:15,564 is bounding_boxes is instance of list? True
2024-04-29 18:15:15,783 is input_id_chunks is instance of list? True
2024-04-29 18:15:15,783 is mask_chunks is instance of list? True
2024-04-29 18:15:15,783 is bbox_chunks is instance of list? True
2024-04-29 18:15:15,783 is image_chunks is instance of list? True
2024-04-29 18:15:15,783 is input_dict is instance of dict? True
2024-04-29 18:15:17,787 Model Called
2024-04-29 18:15:17,788 RAM memory 65.7 used for Bill_Of_Landing_17_page_0.png:
2024-04-29 18:15:17,788 is all_predictions is instance of list? True
2024-04-29 18:15:17,788 is all_boxes is instance of list? True
2024-04-29 18:15:17,788 is all_confidences is instance of list? True
2024-04-29 18:15:17,788 is all_text is instance of list? True
2024-04-29 18:15:17,789 is label2id is instance of dict? True
2024-04-29 18:15:17,789 is id2label is instance of dict? True
2024-04-29 18:15:17,789 is label2color is instance of dict? True
2024-04-29 18:15:17,789 label2color : {'stamp': '#E41089', 'bol_original_or_copy': '#532D18', 'vessel_name': '#524CCE', 'shipped_onboard_date': '#4CBEE3', 'final_destination': '#F4FAB8', 'measurement': '#7BF8FF', 'country_of_origin': '#303F0E', 'bol_original_number': '#23BDDA', 'net_weight': '#991211', 'signed_by_carrier': '#B7618E', 'gross_weight': '#650F14', 'carrier_country': '#789E31', 'port_of_discharge': '#48F8EE', 'goods_quantity': '#621AEC', 'notify_party_name': '#F713EC', 'port_of_loading': '#0FF510', 'shipper_address': '#FCCFAE', 'place_of_issue': '#35E220', 'agent_country': '#7C70D3', 'freight_collect_at': '#0047A8', 'place_of_receipt': '#B8AEEE', 'voyage_number': '#B3C27D', 'signature': '#FA0F8E', 'consignee_name': '#0E487A', 'consignee_address': '#F70F98', 'bill_of_lading_issue_date': '#083E0B', 'mode_of_transport': '#CA97CA', 'shipper_name': '#1C8B44', 'signed_By_agent': '#EA7535', 'container_number': '#5376BB', 'transaction_date': '#D27C08', 'notify_party_address': '#A01FEB', 'goods_marks_and_nos': '#ABBE7C', 'goods_description': '#6FC4E6', 'lc_date': '#1AC0B8', 'dimension': '#F89947', 'agent_name': '#A09D19', 'carrier_name': '#F430D3', 'O': '#B85530', 'lc_ref_number': '#911CC2', 'pre_carriage_by': '#4C94B0', 'page_no': '#B39052', 'total_original_no': '#00A2B0', 'freight_collect_or_prepaid': '#AD00DA', 'signed_by_master': '#E791BF', 'bill_of_lading_number': '#753C06'}
2024-04-29 18:15:18,010 is result_set is instance of dict? True
2024-04-29 18:15:18,011 is final_result_set is instance of dict? True
2024-04-29 18:15:18,084 Time taken for page 1 of Bill_Of_Landing_17_page_0.png:0:00:02.558109
2024-04-29 18:15:18,223 *****Generated All Pages****** for Bill_Of_Landing_17_page_0.png
2024-04-29 18:15:18,223 RAM memory 66.0 used for Bill_Of_Landing_17_page_0.png Generating All Pages:
2024-04-29 18:15:18,223 Processing time taken for all pages of Bill_Of_Landing_17_page_0.png1:0:00:02.707936
2024-04-29 18:15:18,331 file name is:Bill_of_lading_49_page_1.png
2024-04-29 18:15:18,331 folder path :Images
2024-04-29 18:15:18,331 Calling Image result
2024-04-29 18:15:18,331 is all_page_result is instance of dict? True
2024-04-29 18:15:18,332 STREAM b'IHDR' 16 13
2024-04-29 18:15:18,332 STREAM b'IDAT' 41 65536
2024-04-29 18:15:18,361 is words is instance of list? True
2024-04-29 18:15:18,361 is bboxes is instance of list? True
2024-04-29 18:15:18,361 is bounding_boxes is instance of list? True
2024-04-29 18:15:18,566 is input_id_chunks is instance of list? True
2024-04-29 18:15:18,566 is mask_chunks is instance of list? True
2024-04-29 18:15:18,566 is bbox_chunks is instance of list? True
2024-04-29 18:15:18,566 is image_chunks is instance of list? True
2024-04-29 18:15:18,566 is input_dict is instance of dict? True
2024-04-29 18:15:20,524 Model Called
2024-04-29 18:15:20,524 RAM memory 65.8 used for Bill_of_lading_49_page_1.png:
2024-04-29 18:15:20,524 is all_predictions is instance of list? True
2024-04-29 18:15:20,524 is all_boxes is instance of list? True
2024-04-29 18:15:20,524 is all_confidences is instance of list? True
2024-04-29 18:15:20,524 is all_text is instance of list? True
2024-04-29 18:15:20,525 is label2id is instance of dict? True
2024-04-29 18:15:20,525 is id2label is instance of dict? True
2024-04-29 18:15:20,526 is label2color is instance of dict? True
2024-04-29 18:15:20,526 label2color : {'stamp': '#53ABE8', 'bol_original_or_copy': '#9D8D25', 'vessel_name': '#818D4C', 'shipped_onboard_date': '#431B8D', 'final_destination': '#917107', 'measurement': '#8FA846', 'country_of_origin': '#0C5317', 'bol_original_number': '#C193CE', 'net_weight': '#E254E8', 'signed_by_carrier': '#DD83D6', 'gross_weight': '#58DF22', 'carrier_country': '#F28303', 'port_of_discharge': '#0EE8DC', 'goods_quantity': '#1E2CA3', 'notify_party_name': '#967293', 'port_of_loading': '#A8D54F', 'shipper_address': '#5B1FB5', 'place_of_issue': '#F67B74', 'agent_country': '#3CC3DA', 'freight_collect_at': '#5A4096', 'place_of_receipt': '#4F8E72', 'voyage_number': '#F95C32', 'signature': '#468422', 'consignee_name': '#929700', 'consignee_address': '#D73BEA', 'bill_of_lading_issue_date': '#6369B7', 'mode_of_transport': '#1561AB', 'shipper_name': '#D0BA8E', 'signed_By_agent': '#C1D41E', 'container_number': '#905C3E', 'transaction_date': '#42B7E7', 'notify_party_address': '#F0B673', 'goods_marks_and_nos': '#66C57C', 'goods_description': '#354413', 'lc_date': '#894740', 'dimension': '#FD3E9D', 'agent_name': '#A062B0', 'carrier_name': '#F6D229', 'O': '#C72211', 'lc_ref_number': '#5027AB', 'pre_carriage_by': '#C85D83', 'page_no': '#22F691', 'total_original_no': '#D9E086', 'freight_collect_or_prepaid': '#AC9EB6', 'signed_by_master': '#9E8318', 'bill_of_lading_number': '#C46B01'}
2024-04-29 18:15:20,771 is result_set is instance of dict? True
2024-04-29 18:15:20,772 is final_result_set is instance of dict? True
2024-04-29 18:15:20,879 Time taken for page 1 of Bill_of_lading_49_page_1.png:0:00:02.547160
2024-04-29 18:15:21,025 *****Generated All Pages****** for Bill_of_lading_49_page_1.png
2024-04-29 18:15:21,025 RAM memory 65.9 used for Bill_of_lading_49_page_1.png Generating All Pages:
2024-04-29 18:15:21,026 Processing time taken for all pages of Bill_of_lading_49_page_1.png1:0:00:02.694122
2024-04-29 18:15:21,131 file name is:Bill_Of_Landing_4_page_0.png
2024-04-29 18:15:21,132 folder path :Images
2024-04-29 18:15:21,132 Calling Image result
2024-04-29 18:15:21,132 is all_page_result is instance of dict? True
2024-04-29 18:15:21,132 STREAM b'IHDR' 16 13
2024-04-29 18:15:21,132 STREAM b'IDAT' 41 65536
2024-04-29 18:15:21,161 is words is instance of list? True
2024-04-29 18:15:21,161 is bboxes is instance of list? True
2024-04-29 18:15:21,161 is bounding_boxes is instance of list? True
2024-04-29 18:15:21,381 is input_id_chunks is instance of list? True
2024-04-29 18:15:21,381 is mask_chunks is instance of list? True
2024-04-29 18:15:21,381 is bbox_chunks is instance of list? True
2024-04-29 18:15:21,381 is image_chunks is instance of list? True
2024-04-29 18:15:21,382 is input_dict is instance of dict? True
2024-04-29 18:15:23,380 Model Called
2024-04-29 18:15:23,380 RAM memory 66.0 used for Bill_Of_Landing_4_page_0.png:
2024-04-29 18:15:23,380 is all_predictions is instance of list? True
2024-04-29 18:15:23,380 is all_boxes is instance of list? True
2024-04-29 18:15:23,380 is all_confidences is instance of list? True
2024-04-29 18:15:23,380 is all_text is instance of list? True
2024-04-29 18:15:23,380 is label2id is instance of dict? True
2024-04-29 18:15:23,380 is id2label is instance of dict? True
2024-04-29 18:15:23,381 is label2color is instance of dict? True
2024-04-29 18:15:23,381 label2color : {'stamp': '#9D83F4', 'bol_original_or_copy': '#8A391A', 'vessel_name': '#05282C', 'shipped_onboard_date': '#235466', 'final_destination': '#FAEF63', 'measurement': '#17BD2F', 'country_of_origin': '#1F4ED0', 'bol_original_number': '#320E96', 'net_weight': '#1CA1E5', 'signed_by_carrier': '#8DA259', 'gross_weight': '#5C707A', 'carrier_country': '#ECA715', 'port_of_discharge': '#71414C', 'goods_quantity': '#0A093F', 'notify_party_name': '#CC4E14', 'port_of_loading': '#F519E4', 'shipper_address': '#B0C39C', 'place_of_issue': '#9E3599', 'agent_country': '#113D2A', 'freight_collect_at': '#ADBC4E', 'place_of_receipt': '#95980D', 'voyage_number': '#E5AA62', 'signature': '#5BBEED', 'consignee_name': '#C7E789', 'consignee_address': '#4B0003', 'bill_of_lading_issue_date': '#C6B65A', 'mode_of_transport': '#00CC66', 'shipper_name': '#B3A8A1', 'signed_By_agent': '#1FF97F', 'container_number': '#C60AB3', 'transaction_date': '#2D3B32', 'notify_party_address': '#7648DB', 'goods_marks_and_nos': '#A80DFD', 'goods_description': '#983FD7', 'lc_date': '#B5B6DF', 'dimension': '#1BA4E8', 'agent_name': '#5ABE81', 'carrier_name': '#8A1E16', 'O': '#8AD2D5', 'lc_ref_number': '#052183', 'pre_carriage_by': '#8BADB2', 'page_no': '#FB3C09', 'total_original_no': '#ED8386', 'freight_collect_or_prepaid': '#4B1DE9', 'signed_by_master': '#BD3FCF', 'bill_of_lading_number': '#CBCF5C'}
2024-04-29 18:15:23,618 is result_set is instance of dict? True
2024-04-29 18:15:23,619 is final_result_set is instance of dict? True
2024-04-29 18:15:23,679 Time taken for page 1 of Bill_Of_Landing_4_page_0.png:0:00:02.546690
2024-04-29 18:15:23,815 *****Generated All Pages****** for Bill_Of_Landing_4_page_0.png
2024-04-29 18:15:23,815 RAM memory 66.1 used for Bill_Of_Landing_4_page_0.png Generating All Pages:
2024-04-29 18:15:23,815 Processing time taken for all pages of Bill_Of_Landing_4_page_0.png1:0:00:02.683448
2024-04-29 18:15:23,919 file name is:Bill_Of_Landing_94_page_0.png
2024-04-29 18:15:23,919 folder path :Images
2024-04-29 18:15:23,919 Calling Image result
2024-04-29 18:15:23,919 is all_page_result is instance of dict? True
2024-04-29 18:15:23,920 STREAM b'IHDR' 16 13
2024-04-29 18:15:23,920 STREAM b'IDAT' 41 65536
2024-04-29 18:15:23,947 is words is instance of list? True
2024-04-29 18:15:23,947 is bboxes is instance of list? True
2024-04-29 18:15:23,947 is bounding_boxes is instance of list? True
2024-04-29 18:15:24,150 is input_id_chunks is instance of list? True
2024-04-29 18:15:24,150 is mask_chunks is instance of list? True
2024-04-29 18:15:24,150 is bbox_chunks is instance of list? True
2024-04-29 18:15:24,150 is image_chunks is instance of list? True
2024-04-29 18:15:24,150 is input_dict is instance of dict? True
2024-04-29 18:15:26,163 Model Called
2024-04-29 18:15:26,163 RAM memory 65.9 used for Bill_Of_Landing_94_page_0.png:
2024-04-29 18:15:26,163 is all_predictions is instance of list? True
2024-04-29 18:15:26,163 is all_boxes is instance of list? True
2024-04-29 18:15:26,163 is all_confidences is instance of list? True
2024-04-29 18:15:26,163 is all_text is instance of list? True
2024-04-29 18:15:26,164 is label2id is instance of dict? True
2024-04-29 18:15:26,164 is id2label is instance of dict? True
2024-04-29 18:15:26,165 is label2color is instance of dict? True
2024-04-29 18:15:26,165 label2color : {'stamp': '#D7DC2A', 'bol_original_or_copy': '#2CEBE7', 'vessel_name': '#7F7A68', 'shipped_onboard_date': '#AE9CAF', 'final_destination': '#DB9206', 'measurement': '#253D3C', 'country_of_origin': '#49D068', 'bol_original_number': '#F8D5AC', 'net_weight': '#93E56A', 'signed_by_carrier': '#9994B1', 'gross_weight': '#9DA7C9', 'carrier_country': '#08F417', 'port_of_discharge': '#8DD1A7', 'goods_quantity': '#06EB0D', 'notify_party_name': '#3BFB00', 'port_of_loading': '#B559CB', 'shipper_address': '#A273A5', 'place_of_issue': '#80D117', 'agent_country': '#412D93', 'freight_collect_at': '#F5A2EE', 'place_of_receipt': '#55F2A8', 'voyage_number': '#5EFE34', 'signature': '#43B524', 'consignee_name': '#54FE44', 'consignee_address': '#355C96', 'bill_of_lading_issue_date': '#B50945', 'mode_of_transport': '#E6367C', 'shipper_name': '#45EC0A', 'signed_By_agent': '#101A5B', 'container_number': '#AD2D8F', 'transaction_date': '#6B911C', 'notify_party_address': '#77663C', 'goods_marks_and_nos': '#216911', 'goods_description': '#D8160D', 'lc_date': '#D91165', 'dimension': '#9AED0A', 'agent_name': '#E7CAFE', 'carrier_name': '#3F49B7', 'O': '#BE58C8', 'lc_ref_number': '#E18CA5', 'pre_carriage_by': '#9A6309', 'page_no': '#751136', 'total_original_no': '#BED470', 'freight_collect_or_prepaid': '#2CD5A7', 'signed_by_master': '#C7F17F', 'bill_of_lading_number': '#4AA04C'}
2024-04-29 18:15:26,398 is result_set is instance of dict? True
2024-04-29 18:15:26,399 is final_result_set is instance of dict? True
2024-04-29 18:15:26,455 Time taken for page 1 of Bill_Of_Landing_94_page_0.png:0:00:02.534799
2024-04-29 18:15:26,596 *****Generated All Pages****** for Bill_Of_Landing_94_page_0.png
2024-04-29 18:15:26,597 RAM memory 65.9 used for Bill_Of_Landing_94_page_0.png Generating All Pages:
2024-04-29 18:15:26,597 Processing time taken for all pages of Bill_Of_Landing_94_page_0.png1:0:00:02.677298
2024-04-29 18:15:26,713 file name is:Bill_of_lading_69_page_4.png
2024-04-29 18:15:26,713 folder path :Images
2024-04-29 18:15:26,713 Calling Image result
2024-04-29 18:15:26,713 is all_page_result is instance of dict? True
2024-04-29 18:15:26,714 STREAM b'IHDR' 16 13
2024-04-29 18:15:26,714 STREAM b'IDAT' 41 53580
2024-04-29 18:15:26,746 is words is instance of list? True
2024-04-29 18:15:26,746 is bboxes is instance of list? True
2024-04-29 18:15:26,746 is bounding_boxes is instance of list? True
2024-04-29 18:15:26,965 is input_id_chunks is instance of list? True
2024-04-29 18:15:26,965 is mask_chunks is instance of list? True
2024-04-29 18:15:26,965 is bbox_chunks is instance of list? True
2024-04-29 18:15:26,965 is image_chunks is instance of list? True
2024-04-29 18:15:26,966 is input_dict is instance of dict? True
2024-04-29 18:15:29,124 Model Called
2024-04-29 18:15:29,125 RAM memory 66.0 used for Bill_of_lading_69_page_4.png:
2024-04-29 18:15:29,125 is all_predictions is instance of list? True
2024-04-29 18:15:29,125 is all_boxes is instance of list? True
2024-04-29 18:15:29,125 is all_confidences is instance of list? True
2024-04-29 18:15:29,125 is all_text is instance of list? True
2024-04-29 18:15:29,125 is label2id is instance of dict? True
2024-04-29 18:15:29,125 is id2label is instance of dict? True
2024-04-29 18:15:29,126 is label2color is instance of dict? True
2024-04-29 18:15:29,126 label2color : {'stamp': '#8D492E', 'bol_original_or_copy': '#177959', 'vessel_name': '#095D6E', 'shipped_onboard_date': '#91AD37', 'final_destination': '#873EDA', 'measurement': '#34C8D4', 'country_of_origin': '#3E5824', 'bol_original_number': '#C1AE20', 'net_weight': '#AA25D5', 'signed_by_carrier': '#D4128E', 'gross_weight': '#8750AC', 'carrier_country': '#D637E5', 'port_of_discharge': '#EC7680', 'goods_quantity': '#974D33', 'notify_party_name': '#DE2C41', 'port_of_loading': '#A036DF', 'shipper_address': '#3A5C31', 'place_of_issue': '#B99CA4', 'agent_country': '#F7F4E1', 'freight_collect_at': '#AB5364', 'place_of_receipt': '#A532C9', 'voyage_number': '#BF2A36', 'signature': '#E8BD22', 'consignee_name': '#8768B2', 'consignee_address': '#C5847B', 'bill_of_lading_issue_date': '#51F04C', 'mode_of_transport': '#6AA305', 'shipper_name': '#31904C', 'signed_By_agent': '#8F1C44', 'container_number': '#1BB8F6', 'transaction_date': '#DD1837', 'notify_party_address': '#B594E9', 'goods_marks_and_nos': '#14F707', 'goods_description': '#EBC79D', 'lc_date': '#B113F5', 'dimension': '#B0E192', 'agent_name': '#981D71', 'carrier_name': '#ABFEF1', 'O': '#FF17F5', 'lc_ref_number': '#3CC3DE', 'pre_carriage_by': '#DF9738', 'page_no': '#4217DB', 'total_original_no': '#15FC3A', 'freight_collect_or_prepaid': '#E18914', 'signed_by_master': '#2447BE', 'bill_of_lading_number': '#ACCFFC'}
2024-04-29 18:15:29,338 is result_set is instance of dict? True
2024-04-29 18:15:29,340 is final_result_set is instance of dict? True
2024-04-29 18:15:29,445 Time taken for page 1 of Bill_of_lading_69_page_4.png:0:00:02.731065
2024-04-29 18:15:29,574 *****Generated All Pages****** for Bill_of_lading_69_page_4.png
2024-04-29 18:15:29,574 RAM memory 66.0 used for Bill_of_lading_69_page_4.png Generating All Pages:
2024-04-29 18:15:29,574 Processing time taken for all pages of Bill_of_lading_69_page_4.png1:0:00:02.861034
2024-04-29 18:15:29,683 file name is:Bill_of_lading_67_page_0.png
2024-04-29 18:15:29,683 folder path :Images
2024-04-29 18:15:29,683 Calling Image result
2024-04-29 18:15:29,683 is all_page_result is instance of dict? True
2024-04-29 18:15:29,683 STREAM b'IHDR' 16 13
2024-04-29 18:15:29,683 STREAM b'IDAT' 41 45743
2024-04-29 18:15:29,700 is words is instance of list? True
2024-04-29 18:15:29,700 is bboxes is instance of list? True
2024-04-29 18:15:29,701 is bounding_boxes is instance of list? True
2024-04-29 18:15:29,842 is input_id_chunks is instance of list? True
2024-04-29 18:15:29,842 is mask_chunks is instance of list? True
2024-04-29 18:15:29,842 is bbox_chunks is instance of list? True
2024-04-29 18:15:29,842 is image_chunks is instance of list? True
2024-04-29 18:15:29,843 is input_dict is instance of dict? True
2024-04-29 18:15:32,407 Model Called
2024-04-29 18:15:32,407 RAM memory 65.8 used for Bill_of_lading_67_page_0.png:
2024-04-29 18:15:32,407 is all_predictions is instance of list? True
2024-04-29 18:15:32,407 is all_boxes is instance of list? True
2024-04-29 18:15:32,408 is all_confidences is instance of list? True
2024-04-29 18:15:32,408 is all_text is instance of list? True
2024-04-29 18:15:32,408 is label2id is instance of dict? True
2024-04-29 18:15:32,408 is id2label is instance of dict? True
2024-04-29 18:15:32,409 is label2color is instance of dict? True
2024-04-29 18:15:32,409 label2color : {'stamp': '#235183', 'bol_original_or_copy': '#B78C44', 'vessel_name': '#687C34', 'shipped_onboard_date': '#375A34', 'final_destination': '#5BF8F9', 'measurement': '#D1D654', 'country_of_origin': '#6CE193', 'bol_original_number': '#4D4953', 'net_weight': '#21FB07', 'signed_by_carrier': '#917B0A', 'gross_weight': '#D505E3', 'carrier_country': '#7502B5', 'port_of_discharge': '#1290D6', 'goods_quantity': '#29E0A5', 'notify_party_name': '#8BFC13', 'port_of_loading': '#6AC1DF', 'shipper_address': '#CBA95C', 'place_of_issue': '#F1AD75', 'agent_country': '#D575B8', 'freight_collect_at': '#390776', 'place_of_receipt': '#23C489', 'voyage_number': '#2E762F', 'signature': '#0EAE32', 'consignee_name': '#31A5D7', 'consignee_address': '#6B1A7B', 'bill_of_lading_issue_date': '#D71A6C', 'mode_of_transport': '#F126E6', 'shipper_name': '#A8EC95', 'signed_By_agent': '#6CD28A', 'container_number': '#88D2CB', 'transaction_date': '#0DE492', 'notify_party_address': '#AF2B05', 'goods_marks_and_nos': '#4603CD', 'goods_description': '#73BC1A', 'lc_date': '#0E0E2D', 'dimension': '#2AE165', 'agent_name': '#AD082D', 'carrier_name': '#BE635D', 'O': '#6236CA', 'lc_ref_number': '#3E780E', 'pre_carriage_by': '#8C1610', 'page_no': '#344929', 'total_original_no': '#224AE5', 'freight_collect_or_prepaid': '#203720', 'signed_by_master': '#529C43', 'bill_of_lading_number': '#442E45'}
2024-04-29 18:15:32,533 is result_set is instance of dict? True
2024-04-29 18:15:32,534 is final_result_set is instance of dict? True
2024-04-29 18:15:32,617 Time taken for page 1 of Bill_of_lading_67_page_0.png:0:00:02.933953
2024-04-29 18:15:32,720 *****Generated All Pages****** for Bill_of_lading_67_page_0.png
2024-04-29 18:15:32,720 RAM memory 65.8 used for Bill_of_lading_67_page_0.png Generating All Pages:
2024-04-29 18:15:32,720 Processing time taken for all pages of Bill_of_lading_67_page_0.png1:0:00:03.037196
2024-04-29 18:15:32,834 file name is:Bill_Of_Landing_24_page_4.png
2024-04-29 18:15:32,835 folder path :Images
2024-04-29 18:15:32,835 Calling Image result
2024-04-29 18:15:32,835 is all_page_result is instance of dict? True
2024-04-29 18:15:32,835 STREAM b'IHDR' 16 13
2024-04-29 18:15:32,835 STREAM b'IDAT' 41 65536
2024-04-29 18:15:32,867 is words is instance of list? True
2024-04-29 18:15:32,867 is bboxes is instance of list? True
2024-04-29 18:15:32,867 is bounding_boxes is instance of list? True
2024-04-29 18:15:33,091 is input_id_chunks is instance of list? True
2024-04-29 18:15:33,091 is mask_chunks is instance of list? True
2024-04-29 18:15:33,091 is bbox_chunks is instance of list? True
2024-04-29 18:15:33,091 is image_chunks is instance of list? True
2024-04-29 18:15:33,092 is input_dict is instance of dict? True
2024-04-29 18:15:35,391 Model Called
2024-04-29 18:15:35,391 RAM memory 65.8 used for Bill_Of_Landing_24_page_4.png:
2024-04-29 18:15:35,392 is all_predictions is instance of list? True
2024-04-29 18:15:35,392 is all_boxes is instance of list? True
2024-04-29 18:15:35,392 is all_confidences is instance of list? True
2024-04-29 18:15:35,392 is all_text is instance of list? True
2024-04-29 18:15:35,392 is label2id is instance of dict? True
2024-04-29 18:15:35,392 is id2label is instance of dict? True
2024-04-29 18:15:35,393 is label2color is instance of dict? True
2024-04-29 18:15:35,393 label2color : {'stamp': '#B879D3', 'bol_original_or_copy': '#FF868E', 'vessel_name': '#126785', 'shipped_onboard_date': '#2D6AA2', 'final_destination': '#ACDDC2', 'measurement': '#E8EED8', 'country_of_origin': '#CD84AE', 'bol_original_number': '#15DF56', 'net_weight': '#10753C', 'signed_by_carrier': '#2295D1', 'gross_weight': '#45BD9C', 'carrier_country': '#621464', 'port_of_discharge': '#D242DD', 'goods_quantity': '#3A7008', 'notify_party_name': '#88CF23', 'port_of_loading': '#705F06', 'shipper_address': '#16D29C', 'place_of_issue': '#E1D052', 'agent_country': '#3B517A', 'freight_collect_at': '#BB5513', 'place_of_receipt': '#AF06E8', 'voyage_number': '#CBE3E9', 'signature': '#D3A699', 'consignee_name': '#3F56B3', 'consignee_address': '#5FF9AE', 'bill_of_lading_issue_date': '#EEED29', 'mode_of_transport': '#C0B66D', 'shipper_name': '#2C2084', 'signed_By_agent': '#E22336', 'container_number': '#0621FB', 'transaction_date': '#267C69', 'notify_party_address': '#5733A5', 'goods_marks_and_nos': '#34AF17', 'goods_description': '#0552ED', 'lc_date': '#A530D6', 'dimension': '#AA70EB', 'agent_name': '#B7D033', 'carrier_name': '#9F6D21', 'O': '#BF95E5', 'lc_ref_number': '#F53A41', 'pre_carriage_by': '#342E26', 'page_no': '#6730BA', 'total_original_no': '#A49EED', 'freight_collect_or_prepaid': '#F2B864', 'signed_by_master': '#3F7D39', 'bill_of_lading_number': '#BDF228'}
2024-04-29 18:15:35,610 is result_set is instance of dict? True
2024-04-29 18:15:35,613 is final_result_set is instance of dict? True
2024-04-29 18:15:35,729 Time taken for page 1 of Bill_Of_Landing_24_page_4.png:0:00:02.893791
2024-04-29 18:15:35,871 *****Generated All Pages****** for Bill_Of_Landing_24_page_4.png
2024-04-29 18:15:35,872 RAM memory 66.0 used for Bill_Of_Landing_24_page_4.png Generating All Pages:
2024-04-29 18:15:35,872 Processing time taken for all pages of Bill_Of_Landing_24_page_4.png1:0:00:03.037257
2024-04-29 18:15:35,982 file name is:Bill_Of_Landing_93_page_0.png
2024-04-29 18:15:35,982 folder path :Images
2024-04-29 18:15:35,982 Calling Image result
2024-04-29 18:15:35,982 is all_page_result is instance of dict? True
2024-04-29 18:15:35,983 STREAM b'IHDR' 16 13
2024-04-29 18:15:35,983 STREAM b'IDAT' 41 65536
2024-04-29 18:15:36,016 is words is instance of list? True
2024-04-29 18:15:36,016 is bboxes is instance of list? True
2024-04-29 18:15:36,016 is bounding_boxes is instance of list? True
2024-04-29 18:15:36,234 is input_id_chunks is instance of list? True
2024-04-29 18:15:36,234 is mask_chunks is instance of list? True
2024-04-29 18:15:36,234 is bbox_chunks is instance of list? True
2024-04-29 18:15:36,234 is image_chunks is instance of list? True
2024-04-29 18:15:36,235 is input_dict is instance of dict? True
2024-04-29 18:15:40,212 Model Called
2024-04-29 18:15:40,213 RAM memory 75.3 used for Bill_Of_Landing_93_page_0.png:
2024-04-29 18:15:40,213 is all_predictions is instance of list? True
2024-04-29 18:15:40,213 is all_boxes is instance of list? True
2024-04-29 18:15:40,213 is all_confidences is instance of list? True
2024-04-29 18:15:40,213 is all_text is instance of list? True
2024-04-29 18:15:40,213 is label2id is instance of dict? True
2024-04-29 18:15:40,213 is id2label is instance of dict? True
2024-04-29 18:15:40,214 is label2color is instance of dict? True
2024-04-29 18:15:40,214 label2color : {'stamp': '#20652D', 'bol_original_or_copy': '#ED4D0B', 'vessel_name': '#ABEAAD', 'shipped_onboard_date': '#F8212E', 'final_destination': '#ECA703', 'measurement': '#54579E', 'country_of_origin': '#E42FC8', 'bol_original_number': '#C73BAF', 'net_weight': '#2E8C71', 'signed_by_carrier': '#58B0E4', 'gross_weight': '#F1D782', 'carrier_country': '#6896A6', 'port_of_discharge': '#F0B573', 'goods_quantity': '#98D85B', 'notify_party_name': '#792631', 'port_of_loading': '#A0B15C', 'shipper_address': '#D255C5', 'place_of_issue': '#403CAB', 'agent_country': '#56065E', 'freight_collect_at': '#FC721A', 'place_of_receipt': '#845DB5', 'voyage_number': '#17A8EE', 'signature': '#D1DD70', 'consignee_name': '#F70F94', 'consignee_address': '#BA7FF5', 'bill_of_lading_issue_date': '#A146C4', 'mode_of_transport': '#603424', 'shipper_name': '#879C28', 'signed_By_agent': '#5119E1', 'container_number': '#B61514', 'transaction_date': '#7C4930', 'notify_party_address': '#85AA52', 'goods_marks_and_nos': '#2F11C0', 'goods_description': '#F2C8E9', 'lc_date': '#810B7D', 'dimension': '#286F46', 'agent_name': '#11B259', 'carrier_name': '#6CE844', 'O': '#B9162A', 'lc_ref_number': '#8AFAE8', 'pre_carriage_by': '#98DA55', 'page_no': '#7C3833', 'total_original_no': '#6E7ED4', 'freight_collect_or_prepaid': '#04B164', 'signed_by_master': '#95DFD5', 'bill_of_lading_number': '#9AF4E5'}
2024-04-29 18:15:40,597 is result_set is instance of dict? True
2024-04-29 18:15:40,598 is final_result_set is instance of dict? True
2024-04-29 18:15:40,685 Time taken for page 1 of Bill_Of_Landing_93_page_0.png:0:00:04.701946
2024-04-29 18:15:40,853 *****Generated All Pages****** for Bill_Of_Landing_93_page_0.png
2024-04-29 18:15:40,854 RAM memory 75.5 used for Bill_Of_Landing_93_page_0.png Generating All Pages:
2024-04-29 18:15:40,854 Processing time taken for all pages of Bill_Of_Landing_93_page_0.png1:0:00:04.871472
2024-04-29 18:15:41,047 file name is:Bill_of_lading_512_page_0.png
2024-04-29 18:15:41,047 folder path :Images
2024-04-29 18:15:41,047 Calling Image result
2024-04-29 18:15:41,047 is all_page_result is instance of dict? True
2024-04-29 18:15:41,058 STREAM b'IHDR' 16 13
2024-04-29 18:15:41,058 STREAM b'IDAT' 41 57112
2024-04-29 18:15:41,090 is words is instance of list? True
2024-04-29 18:15:41,090 is bboxes is instance of list? True
2024-04-29 18:15:41,090 is bounding_boxes is instance of list? True
2024-04-29 18:15:41,314 is input_id_chunks is instance of list? True
2024-04-29 18:15:41,314 is mask_chunks is instance of list? True
2024-04-29 18:15:41,315 is bbox_chunks is instance of list? True
2024-04-29 18:15:41,315 is image_chunks is instance of list? True
2024-04-29 18:15:41,315 is input_dict is instance of dict? True
2024-04-29 18:15:43,589 Model Called
2024-04-29 18:15:43,589 RAM memory 65.6 used for Bill_of_lading_512_page_0.png:
2024-04-29 18:15:43,589 is all_predictions is instance of list? True
2024-04-29 18:15:43,589 is all_boxes is instance of list? True
2024-04-29 18:15:43,589 is all_confidences is instance of list? True
2024-04-29 18:15:43,589 is all_text is instance of list? True
2024-04-29 18:15:43,589 is label2id is instance of dict? True
2024-04-29 18:15:43,589 is id2label is instance of dict? True
2024-04-29 18:15:43,590 is label2color is instance of dict? True
2024-04-29 18:15:43,590 label2color : {'stamp': '#E16AFB', 'bol_original_or_copy': '#5FEE22', 'vessel_name': '#0C280E', 'shipped_onboard_date': '#726422', 'final_destination': '#498A5D', 'measurement': '#FBC515', 'country_of_origin': '#A76896', 'bol_original_number': '#0DFA28', 'net_weight': '#31415B', 'signed_by_carrier': '#AA7189', 'gross_weight': '#A2DD17', 'carrier_country': '#1D70C2', 'port_of_discharge': '#21E083', 'goods_quantity': '#ECFAC3', 'notify_party_name': '#83197D', 'port_of_loading': '#144018', 'shipper_address': '#F623D1', 'place_of_issue': '#2C5F8E', 'agent_country': '#29F0E3', 'freight_collect_at': '#B5D8D7', 'place_of_receipt': '#55F9D8', 'voyage_number': '#87DCE2', 'signature': '#5FA558', 'consignee_name': '#B33F94', 'consignee_address': '#829D35', 'bill_of_lading_issue_date': '#5DC42D', 'mode_of_transport': '#29BE24', 'shipper_name': '#71E784', 'signed_By_agent': '#733A7D', 'container_number': '#6CF3CA', 'transaction_date': '#AA3500', 'notify_party_address': '#232EE3', 'goods_marks_and_nos': '#35FF8D', 'goods_description': '#49B138', 'lc_date': '#A2AEFF', 'dimension': '#829CA8', 'agent_name': '#A4AF5C', 'carrier_name': '#913A3D', 'O': '#F459D1', 'lc_ref_number': '#15FA51', 'pre_carriage_by': '#491D12', 'page_no': '#17AF8E', 'total_original_no': '#3F2CB3', 'freight_collect_or_prepaid': '#0FEEC7', 'signed_by_master': '#DC8B5A', 'bill_of_lading_number': '#FCD138'}
2024-04-29 18:15:43,804 is result_set is instance of dict? True
2024-04-29 18:15:43,805 is final_result_set is instance of dict? True
2024-04-29 18:15:43,898 Time taken for page 1 of Bill_of_lading_512_page_0.png:0:00:02.839487
2024-04-29 18:15:44,036 *****Generated All Pages****** for Bill_of_lading_512_page_0.png
2024-04-29 18:15:44,036 RAM memory 65.6 used for Bill_of_lading_512_page_0.png Generating All Pages:
2024-04-29 18:15:44,036 Processing time taken for all pages of Bill_of_lading_512_page_0.png1:0:00:02.988861
2024-04-29 18:15:44,146 file name is:Bill_of_lading_1015_page_4.png
2024-04-29 18:15:44,146 folder path :Images
2024-04-29 18:15:44,146 Calling Image result
2024-04-29 18:15:44,146 is all_page_result is instance of dict? True
2024-04-29 18:15:44,147 STREAM b'IHDR' 16 13
2024-04-29 18:15:44,147 STREAM b'IDAT' 41 65536
2024-04-29 18:15:44,160 is words is instance of list? True
2024-04-29 18:15:44,160 is bboxes is instance of list? True
2024-04-29 18:15:44,160 is bounding_boxes is instance of list? True
2024-04-29 18:15:44,202 is input_id_chunks is instance of list? True
2024-04-29 18:15:44,202 is mask_chunks is instance of list? True
2024-04-29 18:15:44,202 is bbox_chunks is instance of list? True
2024-04-29 18:15:44,202 is image_chunks is instance of list? True
2024-04-29 18:15:44,203 is input_dict is instance of dict? True
2024-04-29 18:15:47,199 Model Called
2024-04-29 18:15:47,199 RAM memory 68.8 used for Bill_of_lading_1015_page_4.png:
2024-04-29 18:15:47,199 is all_predictions is instance of list? True
2024-04-29 18:15:47,199 is all_boxes is instance of list? True
2024-04-29 18:15:47,199 is all_confidences is instance of list? True
2024-04-29 18:15:47,199 is all_text is instance of list? True
2024-04-29 18:15:47,200 is label2id is instance of dict? True
2024-04-29 18:15:47,200 is id2label is instance of dict? True
2024-04-29 18:15:47,201 is label2color is instance of dict? True
2024-04-29 18:15:47,201 label2color : {'stamp': '#495397', 'bol_original_or_copy': '#6B131F', 'vessel_name': '#B1C27C', 'shipped_onboard_date': '#A7C3AA', 'final_destination': '#5A0FCF', 'measurement': '#2A2534', 'country_of_origin': '#513FB4', 'bol_original_number': '#A92ACA', 'net_weight': '#878218', 'signed_by_carrier': '#372840', 'gross_weight': '#0D357C', 'carrier_country': '#6B70C9', 'port_of_discharge': '#57E91F', 'goods_quantity': '#7256C1', 'notify_party_name': '#677775', 'port_of_loading': '#CE86C8', 'shipper_address': '#EB18B0', 'place_of_issue': '#6C90FA', 'agent_country': '#FAC4BA', 'freight_collect_at': '#49C977', 'place_of_receipt': '#20FFD2', 'voyage_number': '#463407', 'signature': '#CAD057', 'consignee_name': '#004DA6', 'consignee_address': '#473382', 'bill_of_lading_issue_date': '#93F7A6', 'mode_of_transport': '#370CAC', 'shipper_name': '#EC9543', 'signed_By_agent': '#84338E', 'container_number': '#82AA59', 'transaction_date': '#4F62BE', 'notify_party_address': '#D8E781', 'goods_marks_and_nos': '#FCE708', 'goods_description': '#C9D6E0', 'lc_date': '#FEFEBD', 'dimension': '#A9ED58', 'agent_name': '#861249', 'carrier_name': '#A1A4AB', 'O': '#4FAEE7', 'lc_ref_number': '#C78377', 'pre_carriage_by': '#D33AB0', 'page_no': '#B68DCE', 'total_original_no': '#2120B2', 'freight_collect_or_prepaid': '#5CFF6E', 'signed_by_master': '#10E1D1', 'bill_of_lading_number': '#7BAAC6'}
2024-04-29 18:15:47,294 is result_set is instance of dict? True
2024-04-29 18:15:47,295 is final_result_set is instance of dict? True
2024-04-29 18:15:47,413 Time taken for page 1 of Bill_of_lading_1015_page_4.png:0:00:03.266469
2024-04-29 18:15:47,565 *****Generated All Pages****** for Bill_of_lading_1015_page_4.png
2024-04-29 18:15:47,565 RAM memory 69.0 used for Bill_of_lading_1015_page_4.png Generating All Pages:
2024-04-29 18:15:47,565 Processing time taken for all pages of Bill_of_lading_1015_page_4.png1:0:00:03.418816
2024-04-29 18:15:47,682 file name is:Bill_Of_Landing_69_page_0.png
2024-04-29 18:15:47,683 folder path :Images
2024-04-29 18:15:47,683 Calling Image result
2024-04-29 18:15:47,683 is all_page_result is instance of dict? True
2024-04-29 18:15:47,683 STREAM b'IHDR' 16 13
2024-04-29 18:15:47,683 STREAM b'IDAT' 41 62505
2024-04-29 18:15:47,711 is words is instance of list? True
2024-04-29 18:15:47,711 is bboxes is instance of list? True
2024-04-29 18:15:47,711 is bounding_boxes is instance of list? True
2024-04-29 18:15:47,918 is input_id_chunks is instance of list? True
2024-04-29 18:15:47,918 is mask_chunks is instance of list? True
2024-04-29 18:15:47,918 is bbox_chunks is instance of list? True
2024-04-29 18:15:47,918 is image_chunks is instance of list? True
2024-04-29 18:15:47,918 is input_dict is instance of dict? True
2024-04-29 18:15:50,011 Model Called
2024-04-29 18:15:50,012 RAM memory 66.7 used for Bill_Of_Landing_69_page_0.png:
2024-04-29 18:15:50,012 is all_predictions is instance of list? True
2024-04-29 18:15:50,012 is all_boxes is instance of list? True
2024-04-29 18:15:50,012 is all_confidences is instance of list? True
2024-04-29 18:15:50,012 is all_text is instance of list? True
2024-04-29 18:15:50,012 is label2id is instance of dict? True
2024-04-29 18:15:50,012 is id2label is instance of dict? True
2024-04-29 18:15:50,013 is label2color is instance of dict? True
2024-04-29 18:15:50,013 label2color : {'stamp': '#B1909D', 'bol_original_or_copy': '#2EEB52', 'vessel_name': '#1B1F2D', 'shipped_onboard_date': '#5B7FFB', 'final_destination': '#062371', 'measurement': '#2D2B6D', 'country_of_origin': '#DEAB4A', 'bol_original_number': '#22EC19', 'net_weight': '#CCCD86', 'signed_by_carrier': '#6C82C5', 'gross_weight': '#C6DD9D', 'carrier_country': '#86BDF6', 'port_of_discharge': '#D71371', 'goods_quantity': '#857F89', 'notify_party_name': '#69EF00', 'port_of_loading': '#3263D6', 'shipper_address': '#BD4D5C', 'place_of_issue': '#1A413A', 'agent_country': '#278631', 'freight_collect_at': '#C0DF4D', 'place_of_receipt': '#93978E', 'voyage_number': '#03B085', 'signature': '#A567F1', 'consignee_name': '#A70878', 'consignee_address': '#622089', 'bill_of_lading_issue_date': '#93C7EE', 'mode_of_transport': '#A9AA39', 'shipper_name': '#4407CB', 'signed_By_agent': '#0F3D57', 'container_number': '#4A6DCC', 'transaction_date': '#591A47', 'notify_party_address': '#4EB91B', 'goods_marks_and_nos': '#3EDF1B', 'goods_description': '#582D39', 'lc_date': '#CECDD7', 'dimension': '#A4A19F', 'agent_name': '#E20EA1', 'carrier_name': '#210A32', 'O': '#2E41FE', 'lc_ref_number': '#6B9854', 'pre_carriage_by': '#A2D1AE', 'page_no': '#ED4F26', 'total_original_no': '#CE01B7', 'freight_collect_or_prepaid': '#B4464F', 'signed_by_master': '#F0D98F', 'bill_of_lading_number': '#39BA0C'}
2024-04-29 18:15:50,250 is result_set is instance of dict? True
2024-04-29 18:15:50,251 is final_result_set is instance of dict? True
2024-04-29 18:15:50,337 Time taken for page 1 of Bill_Of_Landing_69_page_0.png:0:00:02.653432
2024-04-29 18:15:50,480 *****Generated All Pages****** for Bill_Of_Landing_69_page_0.png
2024-04-29 18:15:50,481 RAM memory 66.5 used for Bill_Of_Landing_69_page_0.png Generating All Pages:
2024-04-29 18:15:50,481 Processing time taken for all pages of Bill_Of_Landing_69_page_0.png1:0:00:02.798101
2024-04-29 18:15:50,592 file name is:Bill_of_lading_526_page_0.png
2024-04-29 18:15:50,592 folder path :Images
2024-04-29 18:15:50,592 Calling Image result
2024-04-29 18:15:50,592 is all_page_result is instance of dict? True
2024-04-29 18:15:50,603 STREAM b'IHDR' 16 13
2024-04-29 18:15:50,603 STREAM b'IDAT' 41 65536
2024-04-29 18:15:50,632 is words is instance of list? True
2024-04-29 18:15:50,632 is bboxes is instance of list? True
2024-04-29 18:15:50,632 is bounding_boxes is instance of list? True
2024-04-29 18:15:50,850 is input_id_chunks is instance of list? True
2024-04-29 18:15:50,850 is mask_chunks is instance of list? True
2024-04-29 18:15:50,850 is bbox_chunks is instance of list? True
2024-04-29 18:15:50,850 is image_chunks is instance of list? True
2024-04-29 18:15:50,850 is input_dict is instance of dict? True
2024-04-29 18:15:52,822 Model Called
2024-04-29 18:15:52,822 RAM memory 66.6 used for Bill_of_lading_526_page_0.png:
2024-04-29 18:15:52,823 is all_predictions is instance of list? True
2024-04-29 18:15:52,823 is all_boxes is instance of list? True
2024-04-29 18:15:52,823 is all_confidences is instance of list? True
2024-04-29 18:15:52,823 is all_text is instance of list? True
2024-04-29 18:15:52,823 is label2id is instance of dict? True
2024-04-29 18:15:52,823 is id2label is instance of dict? True
2024-04-29 18:15:52,824 is label2color is instance of dict? True
2024-04-29 18:15:52,824 label2color : {'stamp': '#F4D2C7', 'bol_original_or_copy': '#80B431', 'vessel_name': '#4265F0', 'shipped_onboard_date': '#D2659B', 'final_destination': '#C44460', 'measurement': '#153D07', 'country_of_origin': '#1CD875', 'bol_original_number': '#8979BA', 'net_weight': '#314A3E', 'signed_by_carrier': '#04AE89', 'gross_weight': '#68531E', 'carrier_country': '#DD1978', 'port_of_discharge': '#5F64FC', 'goods_quantity': '#E2F148', 'notify_party_name': '#CF1488', 'port_of_loading': '#54D417', 'shipper_address': '#18068A', 'place_of_issue': '#AC7189', 'agent_country': '#368D98', 'freight_collect_at': '#ED4D7A', 'place_of_receipt': '#407111', 'voyage_number': '#BE6528', 'signature': '#C01899', 'consignee_name': '#806E47', 'consignee_address': '#4B6244', 'bill_of_lading_issue_date': '#CCEFF2', 'mode_of_transport': '#08FE04', 'shipper_name': '#C111B8', 'signed_By_agent': '#FDAFC7', 'container_number': '#F0C5A1', 'transaction_date': '#B19C36', 'notify_party_address': '#156B04', 'goods_marks_and_nos': '#1D83A9', 'goods_description': '#6F2D27', 'lc_date': '#69C07B', 'dimension': '#FA8D47', 'agent_name': '#5ABD3C', 'carrier_name': '#FC0FA7', 'O': '#9A84EC', 'lc_ref_number': '#A837EA', 'pre_carriage_by': '#2A463E', 'page_no': '#B138F2', 'total_original_no': '#40C657', 'freight_collect_or_prepaid': '#EEF6BC', 'signed_by_master': '#B7E7FE', 'bill_of_lading_number': '#692F72'}
2024-04-29 18:15:53,041 is result_set is instance of dict? True
2024-04-29 18:15:53,043 is final_result_set is instance of dict? True
2024-04-29 18:15:53,133 Time taken for page 1 of Bill_of_lading_526_page_0.png:0:00:02.529905
2024-04-29 18:15:53,278 *****Generated All Pages****** for Bill_of_lading_526_page_0.png
2024-04-29 18:15:53,278 RAM memory 66.7 used for Bill_of_lading_526_page_0.png Generating All Pages:
2024-04-29 18:15:53,278 Processing time taken for all pages of Bill_of_lading_526_page_0.png1:0:00:02.685628
2024-04-29 18:15:53,398 file name is:Bill_of_lading_1068_page_6.png
2024-04-29 18:15:53,398 folder path :Images
2024-04-29 18:15:53,398 Calling Image result
2024-04-29 18:15:53,398 is all_page_result is instance of dict? True
2024-04-29 18:15:53,399 STREAM b'IHDR' 16 13
2024-04-29 18:15:53,399 STREAM b'IDAT' 41 65536
2024-04-29 18:15:53,458 is words is instance of list? True
2024-04-29 18:15:53,458 is bboxes is instance of list? True
2024-04-29 18:15:53,458 is bounding_boxes is instance of list? True
2024-04-29 18:15:54,116 is input_id_chunks is instance of list? True
2024-04-29 18:15:54,116 is mask_chunks is instance of list? True
2024-04-29 18:15:54,116 is bbox_chunks is instance of list? True
2024-04-29 18:15:54,116 is image_chunks is instance of list? True
2024-04-29 18:15:54,117 is input_dict is instance of dict? True
2024-04-29 18:15:56,308 Model Called
2024-04-29 18:15:56,309 RAM memory 65.5 used for Bill_of_lading_1068_page_6.png:
2024-04-29 18:15:56,309 is all_predictions is instance of list? True
2024-04-29 18:15:56,309 is all_boxes is instance of list? True
2024-04-29 18:15:56,309 is all_confidences is instance of list? True
2024-04-29 18:15:56,309 is all_text is instance of list? True
2024-04-29 18:15:56,309 is label2id is instance of dict? True
2024-04-29 18:15:56,309 is id2label is instance of dict? True
2024-04-29 18:15:56,310 is label2color is instance of dict? True
2024-04-29 18:15:56,310 label2color : {'stamp': '#6879E8', 'bol_original_or_copy': '#693183', 'vessel_name': '#61B23D', 'shipped_onboard_date': '#911F13', 'final_destination': '#522736', 'measurement': '#B3E37A', 'country_of_origin': '#9614B0', 'bol_original_number': '#D22259', 'net_weight': '#0BEE47', 'signed_by_carrier': '#652FF7', 'gross_weight': '#854E5F', 'carrier_country': '#78994C', 'port_of_discharge': '#C6E535', 'goods_quantity': '#5B13E7', 'notify_party_name': '#C3DC6A', 'port_of_loading': '#10EC44', 'shipper_address': '#6392C6', 'place_of_issue': '#E24DD6', 'agent_country': '#4FE0E5', 'freight_collect_at': '#1571D6', 'place_of_receipt': '#96343E', 'voyage_number': '#60FCF4', 'signature': '#5D7AE0', 'consignee_name': '#0DE070', 'consignee_address': '#7859CA', 'bill_of_lading_issue_date': '#A681BC', 'mode_of_transport': '#BEB72D', 'shipper_name': '#941E32', 'signed_By_agent': '#4131C2', 'container_number': '#184B5A', 'transaction_date': '#CE1AD5', 'notify_party_address': '#894F36', 'goods_marks_and_nos': '#AAC57B', 'goods_description': '#FEA79B', 'lc_date': '#68FE9C', 'dimension': '#37DA56', 'agent_name': '#10DAFB', 'carrier_name': '#D3F6A9', 'O': '#134960', 'lc_ref_number': '#84A76B', 'pre_carriage_by': '#091AEF', 'page_no': '#93A15B', 'total_original_no': '#BC2E64', 'freight_collect_or_prepaid': '#5CBEE3', 'signed_by_master': '#3ED9F9', 'bill_of_lading_number': '#6F1DE2'}
2024-04-29 18:15:56,765 is result_set is instance of dict? True
2024-04-29 18:15:56,767 is final_result_set is instance of dict? True
2024-04-29 18:15:56,860 Time taken for page 1 of Bill_of_lading_1068_page_6.png:0:00:03.461138
2024-04-29 18:15:57,165 *****Generated All Pages****** for Bill_of_lading_1068_page_6.png
2024-04-29 18:15:57,166 RAM memory 65.5 used for Bill_of_lading_1068_page_6.png Generating All Pages:
2024-04-29 18:15:57,166 Processing time taken for all pages of Bill_of_lading_1068_page_6.png1:0:00:03.767355
2024-04-29 18:15:57,278 file name is:Bill_Of_Landing_60_page_2.png
2024-04-29 18:15:57,279 folder path :Images
2024-04-29 18:15:57,279 Calling Image result
2024-04-29 18:15:57,279 is all_page_result is instance of dict? True
2024-04-29 18:15:57,289 STREAM b'IHDR' 16 13
2024-04-29 18:15:57,289 STREAM b'IDAT' 41 61180
2024-04-29 18:15:57,318 is words is instance of list? True
2024-04-29 18:15:57,318 is bboxes is instance of list? True
2024-04-29 18:15:57,318 is bounding_boxes is instance of list? True
2024-04-29 18:15:57,532 is input_id_chunks is instance of list? True
2024-04-29 18:15:57,532 is mask_chunks is instance of list? True
2024-04-29 18:15:57,532 is bbox_chunks is instance of list? True
2024-04-29 18:15:57,532 is image_chunks is instance of list? True
2024-04-29 18:15:57,533 is input_dict is instance of dict? True
2024-04-29 18:15:59,480 Model Called
2024-04-29 18:15:59,480 RAM memory 65.6 used for Bill_Of_Landing_60_page_2.png:
2024-04-29 18:15:59,480 is all_predictions is instance of list? True
2024-04-29 18:15:59,480 is all_boxes is instance of list? True
2024-04-29 18:15:59,480 is all_confidences is instance of list? True
2024-04-29 18:15:59,480 is all_text is instance of list? True
2024-04-29 18:15:59,481 is label2id is instance of dict? True
2024-04-29 18:15:59,481 is id2label is instance of dict? True
2024-04-29 18:15:59,481 is label2color is instance of dict? True
2024-04-29 18:15:59,481 label2color : {'stamp': '#F63A66', 'bol_original_or_copy': '#F4311F', 'vessel_name': '#EA5D31', 'shipped_onboard_date': '#6C8C3E', 'final_destination': '#18BE3F', 'measurement': '#FD6B48', 'country_of_origin': '#809FBE', 'bol_original_number': '#100A42', 'net_weight': '#90CD8F', 'signed_by_carrier': '#83724C', 'gross_weight': '#F25E13', 'carrier_country': '#BA37C8', 'port_of_discharge': '#73DBD6', 'goods_quantity': '#79FC86', 'notify_party_name': '#9115A1', 'port_of_loading': '#EC213D', 'shipper_address': '#A0701E', 'place_of_issue': '#B927B0', 'agent_country': '#E3F16F', 'freight_collect_at': '#08B03F', 'place_of_receipt': '#F07FB4', 'voyage_number': '#8B16B0', 'signature': '#551C72', 'consignee_name': '#E31D0A', 'consignee_address': '#23D7A6', 'bill_of_lading_issue_date': '#15486C', 'mode_of_transport': '#78068D', 'shipper_name': '#A25445', 'signed_By_agent': '#621A9F', 'container_number': '#551916', 'transaction_date': '#4A9DA4', 'notify_party_address': '#3E0EAD', 'goods_marks_and_nos': '#3A1B9A', 'goods_description': '#4C1960', 'lc_date': '#E0430B', 'dimension': '#D93593', 'agent_name': '#F95B5D', 'carrier_name': '#E107D2', 'O': '#A413A6', 'lc_ref_number': '#88D801', 'pre_carriage_by': '#CFA3C2', 'page_no': '#32B845', 'total_original_no': '#27B346', 'freight_collect_or_prepaid': '#D601A6', 'signed_by_master': '#59F0E4', 'bill_of_lading_number': '#9C75EB'}
2024-04-29 18:15:59,696 is result_set is instance of dict? True
2024-04-29 18:15:59,697 is final_result_set is instance of dict? True
2024-04-29 18:15:59,769 Time taken for page 1 of Bill_Of_Landing_60_page_2.png:0:00:02.479576
2024-04-29 18:15:59,892 *****Generated All Pages****** for Bill_Of_Landing_60_page_2.png
2024-04-29 18:15:59,892 RAM memory 65.6 used for Bill_Of_Landing_60_page_2.png Generating All Pages:
2024-04-29 18:15:59,892 Processing time taken for all pages of Bill_Of_Landing_60_page_2.png1:0:00:02.613572
2024-04-29 18:15:59,996 file name is:Bill_Of_Landing_41_page_0.png
2024-04-29 18:15:59,996 folder path :Images
2024-04-29 18:15:59,996 Calling Image result
2024-04-29 18:15:59,996 is all_page_result is instance of dict? True
2024-04-29 18:15:59,996 STREAM b'IHDR' 16 13
2024-04-29 18:15:59,997 STREAM b'IDAT' 41 65536
2024-04-29 18:16:00,025 is words is instance of list? True
2024-04-29 18:16:00,025 is bboxes is instance of list? True
2024-04-29 18:16:00,026 is bounding_boxes is instance of list? True
2024-04-29 18:16:00,275 is input_id_chunks is instance of list? True
2024-04-29 18:16:00,275 is mask_chunks is instance of list? True
2024-04-29 18:16:00,275 is bbox_chunks is instance of list? True
2024-04-29 18:16:00,275 is image_chunks is instance of list? True
2024-04-29 18:16:00,276 is input_dict is instance of dict? True
2024-04-29 18:16:03,009 Model Called
2024-04-29 18:16:03,010 RAM memory 65.7 used for Bill_Of_Landing_41_page_0.png:
2024-04-29 18:16:03,010 is all_predictions is instance of list? True
2024-04-29 18:16:03,010 is all_boxes is instance of list? True
2024-04-29 18:16:03,010 is all_confidences is instance of list? True
2024-04-29 18:16:03,010 is all_text is instance of list? True
2024-04-29 18:16:03,010 is label2id is instance of dict? True
2024-04-29 18:16:03,010 is id2label is instance of dict? True
2024-04-29 18:16:03,011 is label2color is instance of dict? True
2024-04-29 18:16:03,011 label2color : {'stamp': '#CAFDA1', 'bol_original_or_copy': '#DAF332', 'vessel_name': '#142FBD', 'shipped_onboard_date': '#7562E5', 'final_destination': '#BFCC42', 'measurement': '#49905C', 'country_of_origin': '#3BB11C', 'bol_original_number': '#4A925E', 'net_weight': '#7B0CD6', 'signed_by_carrier': '#F39D04', 'gross_weight': '#7C5BDC', 'carrier_country': '#FD1291', 'port_of_discharge': '#2C21C5', 'goods_quantity': '#FCDC8F', 'notify_party_name': '#7A6EDA', 'port_of_loading': '#D43422', 'shipper_address': '#6F818A', 'place_of_issue': '#CBBA64', 'agent_country': '#3FB873', 'freight_collect_at': '#30B69F', 'place_of_receipt': '#33107D', 'voyage_number': '#9399C4', 'signature': '#4CA1C4', 'consignee_name': '#AE5C5A', 'consignee_address': '#A36B5D', 'bill_of_lading_issue_date': '#D7A777', 'mode_of_transport': '#F5E1F3', 'shipper_name': '#1D7ADD', 'signed_By_agent': '#D31011', 'container_number': '#C508DD', 'transaction_date': '#25B79E', 'notify_party_address': '#E357F0', 'goods_marks_and_nos': '#8CB22A', 'goods_description': '#D2947E', 'lc_date': '#F6E8C5', 'dimension': '#D5EB45', 'agent_name': '#8E1773', 'carrier_name': '#4AF2BA', 'O': '#6ECF7E', 'lc_ref_number': '#0004B9', 'pre_carriage_by': '#ABFA0F', 'page_no': '#EA7C5A', 'total_original_no': '#9C5B65', 'freight_collect_or_prepaid': '#1F75DE', 'signed_by_master': '#51D6FC', 'bill_of_lading_number': '#21BBFC'}
2024-04-29 18:16:03,241 is result_set is instance of dict? True
2024-04-29 18:16:03,243 is final_result_set is instance of dict? True
2024-04-29 18:16:03,364 Time taken for page 1 of Bill_Of_Landing_41_page_0.png:0:00:03.367199
2024-04-29 18:16:03,512 *****Generated All Pages****** for Bill_Of_Landing_41_page_0.png
2024-04-29 18:16:03,512 RAM memory 65.8 used for Bill_Of_Landing_41_page_0.png Generating All Pages:
2024-04-29 18:16:03,512 Processing time taken for all pages of Bill_Of_Landing_41_page_0.png1:0:00:03.516219
2024-04-29 18:16:03,629 file name is:Bill_of_lading_561_page_0.png
2024-04-29 18:16:03,629 folder path :Images
2024-04-29 18:16:03,629 Calling Image result
2024-04-29 18:16:03,629 is all_page_result is instance of dict? True
2024-04-29 18:16:03,640 STREAM b'IHDR' 16 13
2024-04-29 18:16:03,640 STREAM b'IDAT' 41 65536
2024-04-29 18:16:03,672 is words is instance of list? True
2024-04-29 18:16:03,672 is bboxes is instance of list? True
2024-04-29 18:16:03,672 is bounding_boxes is instance of list? True
2024-04-29 18:16:03,895 is input_id_chunks is instance of list? True
2024-04-29 18:16:03,895 is mask_chunks is instance of list? True
2024-04-29 18:16:03,895 is bbox_chunks is instance of list? True
2024-04-29 18:16:03,895 is image_chunks is instance of list? True
2024-04-29 18:16:03,896 is input_dict is instance of dict? True
2024-04-29 18:16:05,946 Model Called
2024-04-29 18:16:05,946 RAM memory 66.6 used for Bill_of_lading_561_page_0.png:
2024-04-29 18:16:05,946 is all_predictions is instance of list? True
2024-04-29 18:16:05,946 is all_boxes is instance of list? True
2024-04-29 18:16:05,946 is all_confidences is instance of list? True
2024-04-29 18:16:05,946 is all_text is instance of list? True
2024-04-29 18:16:05,947 is label2id is instance of dict? True
2024-04-29 18:16:05,947 is id2label is instance of dict? True
2024-04-29 18:16:05,948 is label2color is instance of dict? True
2024-04-29 18:16:05,948 label2color : {'stamp': '#ED01B9', 'bol_original_or_copy': '#3E4EC4', 'vessel_name': '#DD810B', 'shipped_onboard_date': '#48824C', 'final_destination': '#FA812C', 'measurement': '#801125', 'country_of_origin': '#583A11', 'bol_original_number': '#DFA755', 'net_weight': '#EE5D8D', 'signed_by_carrier': '#B9557C', 'gross_weight': '#35CA8A', 'carrier_country': '#39D884', 'port_of_discharge': '#1287B8', 'goods_quantity': '#44F592', 'notify_party_name': '#00D2A3', 'port_of_loading': '#FBD46B', 'shipper_address': '#A06FD3', 'place_of_issue': '#77F83B', 'agent_country': '#3F25A6', 'freight_collect_at': '#EEAAA5', 'place_of_receipt': '#5B1F2F', 'voyage_number': '#F297D6', 'signature': '#2B44FF', 'consignee_name': '#5FFC61', 'consignee_address': '#0F8FE7', 'bill_of_lading_issue_date': '#0B6FA1', 'mode_of_transport': '#8F36A3', 'shipper_name': '#68CDFA', 'signed_By_agent': '#9AEDED', 'container_number': '#534836', 'transaction_date': '#634A8E', 'notify_party_address': '#00700E', 'goods_marks_and_nos': '#84D478', 'goods_description': '#5BC75A', 'lc_date': '#79A1B7', 'dimension': '#776408', 'agent_name': '#8CAF53', 'carrier_name': '#858B15', 'O': '#3BC336', 'lc_ref_number': '#D5F7CB', 'pre_carriage_by': '#67790C', 'page_no': '#17D44B', 'total_original_no': '#F64657', 'freight_collect_or_prepaid': '#EBCE97', 'signed_by_master': '#F7DEDF', 'bill_of_lading_number': '#1F8F85'}
2024-04-29 18:16:06,190 is result_set is instance of dict? True
2024-04-29 18:16:06,191 is final_result_set is instance of dict? True
2024-04-29 18:16:06,280 Time taken for page 1 of Bill_of_lading_561_page_0.png:0:00:02.639540
2024-04-29 18:16:06,418 *****Generated All Pages****** for Bill_of_lading_561_page_0.png
2024-04-29 18:16:06,418 RAM memory 66.7 used for Bill_of_lading_561_page_0.png Generating All Pages:
2024-04-29 18:16:06,418 Processing time taken for all pages of Bill_of_lading_561_page_0.png1:0:00:02.788862
2024-04-29 18:16:06,530 file name is:Bill_Of_Landing_92_page_0.png
2024-04-29 18:16:06,531 folder path :Images
2024-04-29 18:16:06,531 Calling Image result
2024-04-29 18:16:06,531 is all_page_result is instance of dict? True
2024-04-29 18:16:06,541 STREAM b'IHDR' 16 13
2024-04-29 18:16:06,541 STREAM b'IDAT' 41 65536
2024-04-29 18:16:06,571 is words is instance of list? True
2024-04-29 18:16:06,571 is bboxes is instance of list? True
2024-04-29 18:16:06,571 is bounding_boxes is instance of list? True
2024-04-29 18:16:06,779 is input_id_chunks is instance of list? True
2024-04-29 18:16:06,779 is mask_chunks is instance of list? True
2024-04-29 18:16:06,779 is bbox_chunks is instance of list? True
2024-04-29 18:16:06,779 is image_chunks is instance of list? True
2024-04-29 18:16:06,780 is input_dict is instance of dict? True
2024-04-29 18:16:08,947 Model Called
2024-04-29 18:16:08,948 RAM memory 65.6 used for Bill_Of_Landing_92_page_0.png:
2024-04-29 18:16:08,948 is all_predictions is instance of list? True
2024-04-29 18:16:08,948 is all_boxes is instance of list? True
2024-04-29 18:16:08,948 is all_confidences is instance of list? True
2024-04-29 18:16:08,948 is all_text is instance of list? True
2024-04-29 18:16:08,948 is label2id is instance of dict? True
2024-04-29 18:16:08,949 is id2label is instance of dict? True
2024-04-29 18:16:08,949 is label2color is instance of dict? True
2024-04-29 18:16:08,949 label2color : {'stamp': '#9112D7', 'bol_original_or_copy': '#BBA1F5', 'vessel_name': '#157579', 'shipped_onboard_date': '#D1B07C', 'final_destination': '#2E310F', 'measurement': '#64238C', 'country_of_origin': '#3CDBD1', 'bol_original_number': '#08FD13', 'net_weight': '#2EA79D', 'signed_by_carrier': '#E46998', 'gross_weight': '#ADCC95', 'carrier_country': '#070BEA', 'port_of_discharge': '#AC6523', 'goods_quantity': '#C30A56', 'notify_party_name': '#3DF835', 'port_of_loading': '#68D9FB', 'shipper_address': '#E71125', 'place_of_issue': '#5A74A4', 'agent_country': '#C1DD17', 'freight_collect_at': '#37D257', 'place_of_receipt': '#94A688', 'voyage_number': '#0B24E5', 'signature': '#91F83A', 'consignee_name': '#4C7388', 'consignee_address': '#AE3DC3', 'bill_of_lading_issue_date': '#14CC9D', 'mode_of_transport': '#E6E974', 'shipper_name': '#A45830', 'signed_By_agent': '#31DC6A', 'container_number': '#EC225D', 'transaction_date': '#FF25F3', 'notify_party_address': '#52563E', 'goods_marks_and_nos': '#DB0A56', 'goods_description': '#DEE12D', 'lc_date': '#DE5ED3', 'dimension': '#83A373', 'agent_name': '#6ADD43', 'carrier_name': '#7565DD', 'O': '#DB2548', 'lc_ref_number': '#7F5D50', 'pre_carriage_by': '#0591DD', 'page_no': '#47E8A3', 'total_original_no': '#1EEC28', 'freight_collect_or_prepaid': '#FF58AF', 'signed_by_master': '#0F5199', 'bill_of_lading_number': '#0E9F24'}
2024-04-29 18:16:09,178 is result_set is instance of dict? True
2024-04-29 18:16:09,180 is final_result_set is instance of dict? True
2024-04-29 18:16:09,282 Time taken for page 1 of Bill_Of_Landing_92_page_0.png:0:00:02.740634
2024-04-29 18:16:09,447 *****Generated All Pages****** for Bill_Of_Landing_92_page_0.png
2024-04-29 18:16:09,447 RAM memory 66.1 used for Bill_Of_Landing_92_page_0.png Generating All Pages:
2024-04-29 18:16:09,447 Processing time taken for all pages of Bill_Of_Landing_92_page_0.png1:0:00:02.916524
2024-04-29 18:16:09,576 file name is:Bill_of_lading_43_page_0.png
2024-04-29 18:16:09,576 folder path :Images
2024-04-29 18:16:09,576 Calling Image result
2024-04-29 18:16:09,576 is all_page_result is instance of dict? True
2024-04-29 18:16:09,576 STREAM b'IHDR' 16 13
2024-04-29 18:16:09,576 STREAM b'IDAT' 41 63009
2024-04-29 18:16:09,610 is words is instance of list? True
2024-04-29 18:16:09,610 is bboxes is instance of list? True
2024-04-29 18:16:09,610 is bounding_boxes is instance of list? True
2024-04-29 18:16:09,878 is input_id_chunks is instance of list? True
2024-04-29 18:16:09,878 is mask_chunks is instance of list? True
2024-04-29 18:16:09,878 is bbox_chunks is instance of list? True
2024-04-29 18:16:09,878 is image_chunks is instance of list? True
2024-04-29 18:16:09,879 is input_dict is instance of dict? True
2024-04-29 18:16:13,174 Model Called
2024-04-29 18:16:13,174 RAM memory 69.2 used for Bill_of_lading_43_page_0.png:
2024-04-29 18:16:13,174 is all_predictions is instance of list? True
2024-04-29 18:16:13,174 is all_boxes is instance of list? True
2024-04-29 18:16:13,174 is all_confidences is instance of list? True
2024-04-29 18:16:13,174 is all_text is instance of list? True
2024-04-29 18:16:13,175 is label2id is instance of dict? True
2024-04-29 18:16:13,175 is id2label is instance of dict? True
2024-04-29 18:16:13,176 is label2color is instance of dict? True
2024-04-29 18:16:13,176 label2color : {'stamp': '#D728DB', 'bol_original_or_copy': '#7586E2', 'vessel_name': '#315E04', 'shipped_onboard_date': '#3DA77B', 'final_destination': '#0B6F8B', 'measurement': '#9369FE', 'country_of_origin': '#023AA7', 'bol_original_number': '#E42873', 'net_weight': '#CF31DE', 'signed_by_carrier': '#35D8D3', 'gross_weight': '#738021', 'carrier_country': '#0C4149', 'port_of_discharge': '#13C431', 'goods_quantity': '#2C5E0B', 'notify_party_name': '#D71135', 'port_of_loading': '#F4D94A', 'shipper_address': '#6A41A2', 'place_of_issue': '#D47CA4', 'agent_country': '#21B3E6', 'freight_collect_at': '#A4DD10', 'place_of_receipt': '#6DF476', 'voyage_number': '#76C68C', 'signature': '#C4B191', 'consignee_name': '#C40C27', 'consignee_address': '#ECE935', 'bill_of_lading_issue_date': '#95742E', 'mode_of_transport': '#BBC8B6', 'shipper_name': '#5EEDC9', 'signed_By_agent': '#193719', 'container_number': '#16E381', 'transaction_date': '#DC927F', 'notify_party_address': '#6ED0A8', 'goods_marks_and_nos': '#DABBD7', 'goods_description': '#D2582F', 'lc_date': '#568D76', 'dimension': '#586CC2', 'agent_name': '#8906AD', 'carrier_name': '#E7DF3C', 'O': '#064E3F', 'lc_ref_number': '#CAD8E2', 'pre_carriage_by': '#6E3D7E', 'page_no': '#5AE262', 'total_original_no': '#EB8AB4', 'freight_collect_or_prepaid': '#4B1F46', 'signed_by_master': '#E201C4', 'bill_of_lading_number': '#1A4975'}
2024-04-29 18:16:13,491 is result_set is instance of dict? True
2024-04-29 18:16:13,493 is final_result_set is instance of dict? True
2024-04-29 18:16:13,587 Time taken for page 1 of Bill_of_lading_43_page_0.png:0:00:04.009923
2024-04-29 18:16:13,718 *****Generated All Pages****** for Bill_of_lading_43_page_0.png
2024-04-29 18:16:13,719 RAM memory 69.2 used for Bill_of_lading_43_page_0.png Generating All Pages:
2024-04-29 18:16:13,719 Processing time taken for all pages of Bill_of_lading_43_page_0.png1:0:00:04.142519
2024-04-29 18:16:13,847 file name is:Bill_of_lading_592_page_0.png
2024-04-29 18:16:13,847 folder path :Images
2024-04-29 18:16:13,847 Calling Image result
2024-04-29 18:16:13,847 is all_page_result is instance of dict? True
2024-04-29 18:16:13,858 STREAM b'IHDR' 16 13
2024-04-29 18:16:13,858 STREAM b'IDAT' 41 38612
2024-04-29 18:16:13,874 is words is instance of list? True
2024-04-29 18:16:13,874 is bboxes is instance of list? True
2024-04-29 18:16:13,874 is bounding_boxes is instance of list? True
2024-04-29 18:16:14,007 is input_id_chunks is instance of list? True
2024-04-29 18:16:14,007 is mask_chunks is instance of list? True
2024-04-29 18:16:14,007 is bbox_chunks is instance of list? True
2024-04-29 18:16:14,007 is image_chunks is instance of list? True
2024-04-29 18:16:14,008 is input_dict is instance of dict? True
2024-04-29 18:16:17,404 Model Called
2024-04-29 18:16:17,404 RAM memory 69.7 used for Bill_of_lading_592_page_0.png:
2024-04-29 18:16:17,404 is all_predictions is instance of list? True
2024-04-29 18:16:17,404 is all_boxes is instance of list? True
2024-04-29 18:16:17,404 is all_confidences is instance of list? True
2024-04-29 18:16:17,404 is all_text is instance of list? True
2024-04-29 18:16:17,404 is label2id is instance of dict? True
2024-04-29 18:16:17,405 is id2label is instance of dict? True
2024-04-29 18:16:17,405 is label2color is instance of dict? True
2024-04-29 18:16:17,405 label2color : {'stamp': '#1F1113', 'bol_original_or_copy': '#EDB52E', 'vessel_name': '#81AA79', 'shipped_onboard_date': '#E99E31', 'final_destination': '#B824F9', 'measurement': '#6A6EE1', 'country_of_origin': '#64502B', 'bol_original_number': '#AF937F', 'net_weight': '#30F701', 'signed_by_carrier': '#7B01C6', 'gross_weight': '#306698', 'carrier_country': '#6B0357', 'port_of_discharge': '#B90B71', 'goods_quantity': '#26DD79', 'notify_party_name': '#E11D89', 'port_of_loading': '#88ABDE', 'shipper_address': '#36928D', 'place_of_issue': '#2CBBEB', 'agent_country': '#C6EE2F', 'freight_collect_at': '#2EEEAE', 'place_of_receipt': '#9149A9', 'voyage_number': '#C5006A', 'signature': '#D215C1', 'consignee_name': '#B64498', 'consignee_address': '#0A004D', 'bill_of_lading_issue_date': '#1EFC28', 'mode_of_transport': '#CB024A', 'shipper_name': '#F9DF0B', 'signed_By_agent': '#6800FF', 'container_number': '#527FDF', 'transaction_date': '#C098A2', 'notify_party_address': '#CF640E', 'goods_marks_and_nos': '#22732C', 'goods_description': '#4CD058', 'lc_date': '#440376', 'dimension': '#FD5D74', 'agent_name': '#8503C5', 'carrier_name': '#5673AC', 'O': '#EC8BA6', 'lc_ref_number': '#CD5EDF', 'pre_carriage_by': '#C7CD36', 'page_no': '#B3351E', 'total_original_no': '#B15F49', 'freight_collect_or_prepaid': '#BE90E4', 'signed_by_master': '#BC0A5F', 'bill_of_lading_number': '#604DFA'}
2024-04-29 18:16:17,590 is result_set is instance of dict? True
2024-04-29 18:16:17,591 is final_result_set is instance of dict? True
2024-04-29 18:16:17,678 Time taken for page 1 of Bill_of_lading_592_page_0.png:0:00:03.819996
2024-04-29 18:16:17,763 *****Generated All Pages****** for Bill_of_lading_592_page_0.png
2024-04-29 18:16:17,764 RAM memory 69.8 used for Bill_of_lading_592_page_0.png Generating All Pages:
2024-04-29 18:16:17,764 Processing time taken for all pages of Bill_of_lading_592_page_0.png1:0:00:03.916630
2024-04-29 18:16:17,882 file name is:Bill_Of_Landing_63_page_0.png
2024-04-29 18:16:17,882 folder path :Images
2024-04-29 18:16:17,882 Calling Image result
2024-04-29 18:16:17,882 is all_page_result is instance of dict? True
2024-04-29 18:16:17,892 STREAM b'IHDR' 16 13
2024-04-29 18:16:17,893 STREAM b'IDAT' 41 65536
2024-04-29 18:16:17,925 is words is instance of list? True
2024-04-29 18:16:17,925 is bboxes is instance of list? True
2024-04-29 18:16:17,925 is bounding_boxes is instance of list? True
2024-04-29 18:16:18,152 is input_id_chunks is instance of list? True
2024-04-29 18:16:18,152 is mask_chunks is instance of list? True
2024-04-29 18:16:18,152 is bbox_chunks is instance of list? True
2024-04-29 18:16:18,152 is image_chunks is instance of list? True
2024-04-29 18:16:18,154 is input_dict is instance of dict? True
2024-04-29 18:16:21,419 Model Called
2024-04-29 18:16:21,420 RAM memory 69.0 used for Bill_Of_Landing_63_page_0.png:
2024-04-29 18:16:21,420 is all_predictions is instance of list? True
2024-04-29 18:16:21,420 is all_boxes is instance of list? True
2024-04-29 18:16:21,420 is all_confidences is instance of list? True
2024-04-29 18:16:21,420 is all_text is instance of list? True
2024-04-29 18:16:21,420 is label2id is instance of dict? True
2024-04-29 18:16:21,420 is id2label is instance of dict? True
2024-04-29 18:16:21,421 is label2color is instance of dict? True
2024-04-29 18:16:21,421 label2color : {'stamp': '#3603A7', 'bol_original_or_copy': '#1AB9CD', 'vessel_name': '#4DCC95', 'shipped_onboard_date': '#353650', 'final_destination': '#2F8A37', 'measurement': '#6FC403', 'country_of_origin': '#C65DD0', 'bol_original_number': '#0161B7', 'net_weight': '#C3B346', 'signed_by_carrier': '#AD3D4F', 'gross_weight': '#647E07', 'carrier_country': '#63D6A8', 'port_of_discharge': '#7BA462', 'goods_quantity': '#BBC953', 'notify_party_name': '#48298F', 'port_of_loading': '#F387A3', 'shipper_address': '#88F4A2', 'place_of_issue': '#4B08A4', 'agent_country': '#B1E201', 'freight_collect_at': '#DA34BE', 'place_of_receipt': '#4C4664', 'voyage_number': '#B3A299', 'signature': '#907716', 'consignee_name': '#7C7FDA', 'consignee_address': '#B574EF', 'bill_of_lading_issue_date': '#43824D', 'mode_of_transport': '#248237', 'shipper_name': '#0CCBE9', 'signed_By_agent': '#4C25CC', 'container_number': '#9AAAD0', 'transaction_date': '#41B89F', 'notify_party_address': '#F60DCB', 'goods_marks_and_nos': '#EFFAC1', 'goods_description': '#59BD1E', 'lc_date': '#531DF8', 'dimension': '#BFA649', 'agent_name': '#55D6D1', 'carrier_name': '#F5FBBF', 'O': '#AC26EB', 'lc_ref_number': '#429695', 'pre_carriage_by': '#6895C3', 'page_no': '#D5ABFB', 'total_original_no': '#73F2EC', 'freight_collect_or_prepaid': '#D9043F', 'signed_by_master': '#F3BA91', 'bill_of_lading_number': '#C11889'}
2024-04-29 18:16:21,698 is result_set is instance of dict? True
2024-04-29 18:16:21,699 is final_result_set is instance of dict? True
2024-04-29 18:16:21,832 Time taken for page 1 of Bill_Of_Landing_63_page_0.png:0:00:03.939458
2024-04-29 18:16:22,012 *****Generated All Pages****** for Bill_Of_Landing_63_page_0.png
2024-04-29 18:16:22,013 RAM memory 69.1 used for Bill_Of_Landing_63_page_0.png Generating All Pages:
2024-04-29 18:16:22,013 Processing time taken for all pages of Bill_Of_Landing_63_page_0.png1:0:00:04.130577
2024-04-29 18:16:22,137 file name is:Bill_Of_Landing_76_page_2.png
2024-04-29 18:16:22,137 folder path :Images
2024-04-29 18:16:22,137 Calling Image result
2024-04-29 18:16:22,137 is all_page_result is instance of dict? True
2024-04-29 18:16:22,148 STREAM b'IHDR' 16 13
2024-04-29 18:16:22,148 STREAM b'IDAT' 41 63895
2024-04-29 18:16:22,179 is words is instance of list? True
2024-04-29 18:16:22,179 is bboxes is instance of list? True
2024-04-29 18:16:22,179 is bounding_boxes is instance of list? True
2024-04-29 18:16:22,388 is input_id_chunks is instance of list? True
2024-04-29 18:16:22,388 is mask_chunks is instance of list? True
2024-04-29 18:16:22,388 is bbox_chunks is instance of list? True
2024-04-29 18:16:22,388 is image_chunks is instance of list? True
2024-04-29 18:16:22,389 is input_dict is instance of dict? True
2024-04-29 18:16:24,350 Model Called
2024-04-29 18:16:24,350 RAM memory 65.9 used for Bill_Of_Landing_76_page_2.png:
2024-04-29 18:16:24,350 is all_predictions is instance of list? True
2024-04-29 18:16:24,350 is all_boxes is instance of list? True
2024-04-29 18:16:24,350 is all_confidences is instance of list? True
2024-04-29 18:16:24,350 is all_text is instance of list? True
2024-04-29 18:16:24,351 is label2id is instance of dict? True
2024-04-29 18:16:24,351 is id2label is instance of dict? True
2024-04-29 18:16:24,351 is label2color is instance of dict? True
2024-04-29 18:16:24,352 label2color : {'stamp': '#39916E', 'bol_original_or_copy': '#2CD56A', 'vessel_name': '#88C23A', 'shipped_onboard_date': '#D6BFAE', 'final_destination': '#67FCB6', 'measurement': '#0652AA', 'country_of_origin': '#37780B', 'bol_original_number': '#96E9EB', 'net_weight': '#5FB0F9', 'signed_by_carrier': '#C6AF78', 'gross_weight': '#C48878', 'carrier_country': '#23BAD9', 'port_of_discharge': '#1E5CA7', 'goods_quantity': '#7C4CDD', 'notify_party_name': '#A32E23', 'port_of_loading': '#27E36F', 'shipper_address': '#AA7E83', 'place_of_issue': '#677AA4', 'agent_country': '#E8F814', 'freight_collect_at': '#7CED27', 'place_of_receipt': '#26C885', 'voyage_number': '#D28BF8', 'signature': '#25B89A', 'consignee_name': '#63E4C6', 'consignee_address': '#A52801', 'bill_of_lading_issue_date': '#7370B7', 'mode_of_transport': '#2C2543', 'shipper_name': '#7D5D3D', 'signed_By_agent': '#321CBC', 'container_number': '#78A74B', 'transaction_date': '#15BBC7', 'notify_party_address': '#7E4C22', 'goods_marks_and_nos': '#9C8B98', 'goods_description': '#D36D38', 'lc_date': '#2BFA99', 'dimension': '#6ABD74', 'agent_name': '#BEC55A', 'carrier_name': '#1E37FD', 'O': '#BFC278', 'lc_ref_number': '#56891C', 'pre_carriage_by': '#3ED432', 'page_no': '#23CFFB', 'total_original_no': '#35CB3F', 'freight_collect_or_prepaid': '#41E7E9', 'signed_by_master': '#6DC8DF', 'bill_of_lading_number': '#9A389A'}
2024-04-29 18:16:24,546 is result_set is instance of dict? True
2024-04-29 18:16:24,547 is final_result_set is instance of dict? True
2024-04-29 18:16:24,605 Time taken for page 1 of Bill_Of_Landing_76_page_2.png:0:00:02.457186
2024-04-29 18:16:24,733 *****Generated All Pages****** for Bill_Of_Landing_76_page_2.png
2024-04-29 18:16:24,733 RAM memory 65.8 used for Bill_Of_Landing_76_page_2.png Generating All Pages:
2024-04-29 18:16:24,733 Processing time taken for all pages of Bill_Of_Landing_76_page_2.png1:0:00:02.595910
2024-04-29 18:16:24,838 file name is:Bill_Of_Landing_5_page_4.png
2024-04-29 18:16:24,838 folder path :Images
2024-04-29 18:16:24,838 Calling Image result
2024-04-29 18:16:24,838 is all_page_result is instance of dict? True
2024-04-29 18:16:24,848 STREAM b'IHDR' 16 13
2024-04-29 18:16:24,848 STREAM b'IDAT' 41 65536
2024-04-29 18:16:24,875 is words is instance of list? True
2024-04-29 18:16:24,875 is bboxes is instance of list? True
2024-04-29 18:16:24,875 is bounding_boxes is instance of list? True
2024-04-29 18:16:25,075 is input_id_chunks is instance of list? True
2024-04-29 18:16:25,075 is mask_chunks is instance of list? True
2024-04-29 18:16:25,075 is bbox_chunks is instance of list? True
2024-04-29 18:16:25,075 is image_chunks is instance of list? True
2024-04-29 18:16:25,076 is input_dict is instance of dict? True
2024-04-29 18:16:27,162 Model Called
2024-04-29 18:16:27,162 RAM memory 65.8 used for Bill_Of_Landing_5_page_4.png:
2024-04-29 18:16:27,162 is all_predictions is instance of list? True
2024-04-29 18:16:27,162 is all_boxes is instance of list? True
2024-04-29 18:16:27,162 is all_confidences is instance of list? True
2024-04-29 18:16:27,162 is all_text is instance of list? True
2024-04-29 18:16:27,162 is label2id is instance of dict? True
2024-04-29 18:16:27,162 is id2label is instance of dict? True
2024-04-29 18:16:27,163 is label2color is instance of dict? True
2024-04-29 18:16:27,163 label2color : {'stamp': '#2B283B', 'bol_original_or_copy': '#A6F655', 'vessel_name': '#6DA5A5', 'shipped_onboard_date': '#2A91A3', 'final_destination': '#E295DB', 'measurement': '#6F7284', 'country_of_origin': '#2B2450', 'bol_original_number': '#12178F', 'net_weight': '#41E5A0', 'signed_by_carrier': '#192021', 'gross_weight': '#A5E7D1', 'carrier_country': '#72C18D', 'port_of_discharge': '#D5249F', 'goods_quantity': '#DF656C', 'notify_party_name': '#BEFEB4', 'port_of_loading': '#D54A74', 'shipper_address': '#E9FEE8', 'place_of_issue': '#A4EADD', 'agent_country': '#0BCC8D', 'freight_collect_at': '#059CA0', 'place_of_receipt': '#BF6B92', 'voyage_number': '#83EECA', 'signature': '#522B21', 'consignee_name': '#5550A9', 'consignee_address': '#A2A692', 'bill_of_lading_issue_date': '#89624C', 'mode_of_transport': '#4334B3', 'shipper_name': '#005A9D', 'signed_By_agent': '#2C1538', 'container_number': '#00351D', 'transaction_date': '#D5FB8C', 'notify_party_address': '#55CF98', 'goods_marks_and_nos': '#0F4BDB', 'goods_description': '#DEE3B7', 'lc_date': '#A0061C', 'dimension': '#290F23', 'agent_name': '#981FFC', 'carrier_name': '#D466AC', 'O': '#C0F820', 'lc_ref_number': '#EC4F2B', 'pre_carriage_by': '#1EB408', 'page_no': '#ACD6CE', 'total_original_no': '#F6A60A', 'freight_collect_or_prepaid': '#4BBA78', 'signed_by_master': '#16D328', 'bill_of_lading_number': '#419A98'}
2024-04-29 18:16:27,403 is result_set is instance of dict? True
2024-04-29 18:16:27,404 is final_result_set is instance of dict? True
2024-04-29 18:16:27,508 Time taken for page 1 of Bill_Of_Landing_5_page_4.png:0:00:02.660056
2024-04-29 18:16:27,646 *****Generated All Pages****** for Bill_Of_Landing_5_page_4.png
2024-04-29 18:16:27,646 RAM memory 65.8 used for Bill_Of_Landing_5_page_4.png Generating All Pages:
2024-04-29 18:16:27,647 Processing time taken for all pages of Bill_Of_Landing_5_page_4.png1:0:00:02.808617
2024-04-29 18:16:27,755 file name is:Bill_Of_Landing_23_page_0.png
2024-04-29 18:16:27,755 folder path :Images
2024-04-29 18:16:27,755 Calling Image result
2024-04-29 18:16:27,755 is all_page_result is instance of dict? True
2024-04-29 18:16:27,765 STREAM b'IHDR' 16 13
2024-04-29 18:16:27,765 STREAM b'IDAT' 41 65536
2024-04-29 18:16:27,785 is words is instance of list? True
2024-04-29 18:16:27,785 is bboxes is instance of list? True
2024-04-29 18:16:27,785 is bounding_boxes is instance of list? True
2024-04-29 18:16:27,912 is input_id_chunks is instance of list? True
2024-04-29 18:16:27,913 is mask_chunks is instance of list? True
2024-04-29 18:16:27,913 is bbox_chunks is instance of list? True
2024-04-29 18:16:27,913 is image_chunks is instance of list? True
2024-04-29 18:16:27,913 is input_dict is instance of dict? True
2024-04-29 18:16:29,908 Model Called
2024-04-29 18:16:29,909 RAM memory 65.9 used for Bill_Of_Landing_23_page_0.png:
2024-04-29 18:16:29,909 is all_predictions is instance of list? True
2024-04-29 18:16:29,909 is all_boxes is instance of list? True
2024-04-29 18:16:29,909 is all_confidences is instance of list? True
2024-04-29 18:16:29,909 is all_text is instance of list? True
2024-04-29 18:16:29,910 is label2id is instance of dict? True
2024-04-29 18:16:29,910 is id2label is instance of dict? True
2024-04-29 18:16:29,911 is label2color is instance of dict? True
2024-04-29 18:16:29,911 label2color : {'stamp': '#2DC188', 'bol_original_or_copy': '#F1A27D', 'vessel_name': '#5D53ED', 'shipped_onboard_date': '#F3099C', 'final_destination': '#0C9FEC', 'measurement': '#B7249B', 'country_of_origin': '#E72B6D', 'bol_original_number': '#62B3BC', 'net_weight': '#469A20', 'signed_by_carrier': '#762602', 'gross_weight': '#C9EDB9', 'carrier_country': '#DB262C', 'port_of_discharge': '#0F9505', 'goods_quantity': '#8DDF2E', 'notify_party_name': '#CA8E01', 'port_of_loading': '#FE7106', 'shipper_address': '#DAC52F', 'place_of_issue': '#219D76', 'agent_country': '#0FACF7', 'freight_collect_at': '#229603', 'place_of_receipt': '#68558E', 'voyage_number': '#1A4D4B', 'signature': '#6E7CAE', 'consignee_name': '#A83269', 'consignee_address': '#D776C0', 'bill_of_lading_issue_date': '#D5E12F', 'mode_of_transport': '#150C27', 'shipper_name': '#5332A9', 'signed_By_agent': '#FE677E', 'container_number': '#141B0D', 'transaction_date': '#2612E4', 'notify_party_address': '#B78BEC', 'goods_marks_and_nos': '#5E701C', 'goods_description': '#981C9C', 'lc_date': '#F57CBE', 'dimension': '#E0063E', 'agent_name': '#B6E9E1', 'carrier_name': '#8801D0', 'O': '#6AD6BB', 'lc_ref_number': '#03B9C6', 'pre_carriage_by': '#65C7FB', 'page_no': '#EC15CA', 'total_original_no': '#459EA3', 'freight_collect_or_prepaid': '#829836', 'signed_by_master': '#387C9C', 'bill_of_lading_number': '#7BBE01'}
2024-04-29 18:16:30,068 is result_set is instance of dict? True
2024-04-29 18:16:30,069 is final_result_set is instance of dict? True
2024-04-29 18:16:30,141 Time taken for page 1 of Bill_Of_Landing_23_page_0.png:0:00:02.374879
2024-04-29 18:16:30,258 *****Generated All Pages****** for Bill_Of_Landing_23_page_0.png
2024-04-29 18:16:30,258 RAM memory 66.0 used for Bill_Of_Landing_23_page_0.png Generating All Pages:
2024-04-29 18:16:30,258 Processing time taken for all pages of Bill_Of_Landing_23_page_0.png1:0:00:02.503381
2024-04-29 18:16:30,371 file name is:Bill_Of_Landing_75_page_0.png
2024-04-29 18:16:30,371 folder path :Images
2024-04-29 18:16:30,371 Calling Image result
2024-04-29 18:16:30,371 is all_page_result is instance of dict? True
2024-04-29 18:16:30,381 STREAM b'IHDR' 16 13
2024-04-29 18:16:30,381 STREAM b'IDAT' 41 65536
2024-04-29 18:16:30,401 is words is instance of list? True
2024-04-29 18:16:30,401 is bboxes is instance of list? True
2024-04-29 18:16:30,401 is bounding_boxes is instance of list? True
2024-04-29 18:16:30,528 is input_id_chunks is instance of list? True
2024-04-29 18:16:30,528 is mask_chunks is instance of list? True
2024-04-29 18:16:30,528 is bbox_chunks is instance of list? True
2024-04-29 18:16:30,528 is image_chunks is instance of list? True
2024-04-29 18:16:30,529 is input_dict is instance of dict? True
