2024-01-30 13:42:09,848 checkpoint 1 => setting basis cofiguration for logging purposes
2024-01-30 13:42:09,850 start time: 2024-01-30 13:42:09.849987
2024-01-30 13:42:20,291 Falling back to TensorFlow client; we recommended you install the Cloud TPU client directly with pip install cloud-tpu-client.
2024-01-30 13:42:20,375 Creating converter from 7 to 5
2024-01-30 13:42:20,375 Creating converter from 5 to 7
2024-01-30 13:42:20,375 Creating converter from 7 to 5
2024-01-30 13:42:20,375 Creating converter from 5 to 7
2024-01-30 13:42:20,834 Starting new HTTPS connection (1): huggingface.co:443
2024-01-30 13:42:21,158 https://huggingface.co:443 "HEAD /microsoft/layoutlmv2-base-uncased/resolve/main/preprocessor_config.json HTTP/1.1" 200 0
2024-01-30 13:42:21,627 https://huggingface.co:443 "HEAD /microsoft/layoutlmv2-base-uncased/resolve/main/tokenizer_config.json HTTP/1.1" 404 0
2024-01-30 13:42:21,856 https://huggingface.co:443 "HEAD /microsoft/layoutlmv2-base-uncased/resolve/main/vocab.txt HTTP/1.1" 200 0
2024-01-30 13:42:21,890 RAM memory for Model loading used: 56.6
2024-01-30 13:42:21,890 cpu_utilization % for Model Loading:-19.4
2024-01-30 13:42:21,890 memory_consumption in bytes for Loading Model:1184837632
2024-01-30 13:42:21,890 Loaded Model successfully
2024-01-30 13:42:21,891 file name is:Invoice_817_2.png
2024-01-30 13:42:21,891 folder path :Images
2024-01-30 13:42:21,891 Calling Image result
2024-01-30 13:42:21,891 is all_page_result is instance of dict? True
2024-01-30 13:42:21,894 STREAM b'IHDR' 16 13
2024-01-30 13:42:21,894 STREAM b'IDAT' 41 46767
2024-01-30 13:42:22,093 Checking spheric-time-383904-f1b421d86eef.json for explicit credentials as part of auth process...
2024-01-30 13:42:22,841 *****Generated All Pages****** for Invoice_817_2.png
2024-01-30 13:42:22,841 RAM memory 57.1 used for Invoice_817_2.png Generating All Pages:
2024-01-30 13:42:22,841 Processing time taken for all pages of Invoice_817_2.png1:0:00:00.950527
2024-01-30 13:42:23,004 file name is:Proforma_Invoice_272_5.png
2024-01-30 13:42:23,004 folder path :Images
2024-01-30 13:42:23,004 Calling Image result
2024-01-30 13:42:23,004 is all_page_result is instance of dict? True
2024-01-30 13:42:23,004 STREAM b'IHDR' 16 13
2024-01-30 13:42:23,004 STREAM b'IDAT' 41 30921
2024-01-30 13:42:23,025 *****Generated All Pages****** for Proforma_Invoice_272_5.png
2024-01-30 13:42:23,025 RAM memory 55.0 used for Proforma_Invoice_272_5.png Generating All Pages:
2024-01-30 13:42:23,026 Processing time taken for all pages of Proforma_Invoice_272_5.png1:0:00:00.021660
2024-01-30 13:42:23,197 file name is:Invoice_586_0.png
2024-01-30 13:42:23,197 folder path :Images
2024-01-30 13:42:23,197 Calling Image result
2024-01-30 13:42:23,197 is all_page_result is instance of dict? True
2024-01-30 13:42:23,197 STREAM b'IHDR' 16 13
2024-01-30 13:42:23,197 STREAM b'IDAT' 41 65536
2024-01-30 13:42:23,219 *****Generated All Pages****** for Invoice_586_0.png
2024-01-30 13:42:23,220 RAM memory 55.1 used for Invoice_586_0.png Generating All Pages:
2024-01-30 13:42:23,220 Processing time taken for all pages of Invoice_586_0.png1:0:00:00.022525
2024-01-30 13:42:23,367 file name is:Invoice_939_2.png
2024-01-30 13:42:23,367 folder path :Images
2024-01-30 13:42:23,367 Calling Image result
2024-01-30 13:42:23,368 is all_page_result is instance of dict? True
2024-01-30 13:42:23,368 STREAM b'IHDR' 16 13
2024-01-30 13:42:23,368 STREAM b'IDAT' 41 46658
2024-01-30 13:42:23,388 *****Generated All Pages****** for Invoice_939_2.png
2024-01-30 13:42:23,388 RAM memory 55.2 used for Invoice_939_2.png Generating All Pages:
2024-01-30 13:42:23,388 Processing time taken for all pages of Invoice_939_2.png1:0:00:00.020460
2024-01-30 13:42:23,538 file name is:Proforma_Invoice_216_2.png
2024-01-30 13:42:23,538 folder path :Images
2024-01-30 13:42:23,538 Calling Image result
2024-01-30 13:42:23,538 is all_page_result is instance of dict? True
2024-01-30 13:42:23,547 STREAM b'IHDR' 16 13
2024-01-30 13:42:23,548 STREAM b'IDAT' 41 33296
2024-01-30 13:42:23,567 is words is instance of list? True
2024-01-30 13:42:23,567 is bboxes is instance of list? True
2024-01-30 13:42:23,567 is bounding_boxes is instance of list? True
2024-01-30 13:42:24,326 is input_id_chunks is instance of list? True
2024-01-30 13:42:24,326 is mask_chunks is instance of list? True
2024-01-30 13:42:24,326 is bbox_chunks is instance of list? True
2024-01-30 13:42:24,326 is image_chunks is instance of list? True
2024-01-30 13:42:24,327 is input_dict is instance of dict? True
2024-01-30 13:42:24,987 Model Called
2024-01-30 13:42:24,987 RAM memory 64.4 used for Proforma_Invoice_216_2.png:
2024-01-30 13:42:24,988 is all_predictions is instance of list? True
2024-01-30 13:42:24,988 is all_boxes is instance of list? True
2024-01-30 13:42:24,988 is all_confidences is instance of list? True
2024-01-30 13:42:24,988 is all_text is instance of list? True
2024-01-30 13:42:24,988 is label2id is instance of dict? True
2024-01-30 13:42:24,988 is id2label is instance of dict? True
2024-01-30 13:42:24,989 is label2color is instance of dict? True
2024-01-30 13:42:24,989 label2color : {'signature': '#C0CBBD', 'remitter_address': '#9C3FBE', 'O': '#3E8C3E', 'notify_party_country': '#39DC2A', 'port_of_loading': '#90FB43', 'beneficiary_account_number': '#781E28', 'consignee_address': '#FE5D20', 'beneficiary_iban_number': '#B48390', 'bill_of_lading_no': '#84E6D1', 'pre-carriage-by': '#E197DF', 'invoice_discount_amount': '#568159', 'beneficiary_address': '#049FD2', 'rate_per_unit': '#D6A82C', 'original_or_copy': '#AC2CE9', 'hs_code_no': '#9F7AC0', 'bill_of_lading_date': '#F0C4A3', 'declaration_by_issuer': '#CB24BF', 'beneficiary_bank_identifier': '#329DE1', 'vessel_flight_no': '#6E3653', 'goods_description': '#423744', 'incoterm': '#29933E', 'invoice_due_date': '#8451DB', 'tenor_type': '#DC55C5', 'country_of_origin_of_goods': '#4E105F', 'invoice_no': '#D2F707', 'cosignee_name': '#8D9A5A', 'total_quantity_of_goods': '#92FAD0', 'consignor_address': '#E6B0B3', 'invoice_tax_ccy': '#6F2582', 'gross_weight': '#08D523', 'notify_party_name': '#CE1787', 'dimension': '#0934BD', 'consignor_name': '#4B7EF6', 'indicator_type': '#6C7569', 'invoice_tax_amount': '#18A401', 'country_of_final_destination': '#BF05F8', 'usance_tenor': '#13D75B', 'date_of_invoice': '#14ED81', 'invoice_currency': '#D0839D', 'invoice_amount_in_words': '#028615', 'awb_number': '#82BF90', 'awb_date': '#5A44AA', 'lc_ref_no': '#496C37', 'vessel_name': '#E9BE30', 'net_weight': '#18B495', 'beneficiary_country': '#60B5F1', 'beneficiary_drawer_exporter_seller_supplier_tin': '#1D9BB6', 'remitter_drawee_applicant_importer_buyer_name': '#68B46A', 'transaction_date': '#77831B', 'shipper_name': '#3F2C55', 'indicator_date': '#B04952', 'beneficiary_bank_country': '#F9A75D', 'shipper_address': '#543E5B', 'signature_of_the_issuer': '#D212E4', 'tenor_indicator': '#937160', 'delivery_terms': '#F02B6F', 'transaction_currency': '#8643B1', 'beneficiary_drawer_exporter_seller_supplier_name': '#2E2E7D', 'page_no': '#9F4D48', 'consignor_country': '#5E621E', 'beneficiary_bank_name': '#380108', 'lc_date': '#7A96DE', 'invoice_discount_ccy': '#37C6A0', 'transaction_amonunt_value': '#337DEE', 'stamp': '#481EB0', 'notify_party_address': '#E0B6FC', 'invoice_amount': '#0E389A', 'port_of_discharge': '#8AA266'}
2024-01-30 13:42:25,180 is result_set is instance of dict? True
2024-01-30 13:42:25,180 is final_result_set is instance of dict? True
2024-01-30 13:42:25,200 Time taken for page 1 of Proforma_Invoice_216_2.png:0:00:01.651881
2024-01-30 13:42:25,334 *****Generated All Pages****** for Proforma_Invoice_216_2.png
2024-01-30 13:42:25,334 RAM memory 63.9 used for Proforma_Invoice_216_2.png Generating All Pages:
2024-01-30 13:42:25,334 Processing time taken for all pages of Proforma_Invoice_216_2.png1:0:00:01.796308
2024-01-30 13:42:25,503 file name is:Invoice_413_0.png
2024-01-30 13:42:25,503 folder path :Images
2024-01-30 13:42:25,503 Calling Image result
2024-01-30 13:42:25,503 is all_page_result is instance of dict? True
2024-01-30 13:42:25,579 STREAM b'IHDR' 16 13
2024-01-30 13:42:25,579 STREAM b'IDAT' 41 31347
2024-01-30 13:42:25,598 is words is instance of list? True
2024-01-30 13:42:25,598 is bboxes is instance of list? True
2024-01-30 13:42:25,598 is bounding_boxes is instance of list? True
2024-01-30 13:42:25,833 is input_id_chunks is instance of list? True
2024-01-30 13:42:25,833 is mask_chunks is instance of list? True
2024-01-30 13:42:25,833 is bbox_chunks is instance of list? True
2024-01-30 13:42:25,833 is image_chunks is instance of list? True
2024-01-30 13:42:25,834 is input_dict is instance of dict? True
2024-01-30 13:42:26,660 Model Called
2024-01-30 13:42:26,660 RAM memory 64.5 used for Invoice_413_0.png:
2024-01-30 13:42:26,660 is all_predictions is instance of list? True
2024-01-30 13:42:26,660 is all_boxes is instance of list? True
2024-01-30 13:42:26,660 is all_confidences is instance of list? True
2024-01-30 13:42:26,660 is all_text is instance of list? True
2024-01-30 13:42:26,661 is label2id is instance of dict? True
2024-01-30 13:42:26,661 is id2label is instance of dict? True
2024-01-30 13:42:26,662 is label2color is instance of dict? True
2024-01-30 13:42:26,662 label2color : {'signature': '#22EA68', 'remitter_address': '#7C5F9E', 'O': '#5337C9', 'notify_party_country': '#0DE05C', 'port_of_loading': '#294766', 'beneficiary_account_number': '#01A8A6', 'consignee_address': '#49DADB', 'beneficiary_iban_number': '#A67B4F', 'bill_of_lading_no': '#8D9FAD', 'pre-carriage-by': '#894633', 'invoice_discount_amount': '#037C08', 'beneficiary_address': '#105BD8', 'rate_per_unit': '#552D20', 'original_or_copy': '#43F163', 'hs_code_no': '#4755E6', 'bill_of_lading_date': '#F8E26E', 'declaration_by_issuer': '#018F27', 'beneficiary_bank_identifier': '#D9A4E2', 'vessel_flight_no': '#036D91', 'goods_description': '#132EE2', 'incoterm': '#C597B4', 'invoice_due_date': '#19A45F', 'tenor_type': '#4BBA27', 'country_of_origin_of_goods': '#304F6B', 'invoice_no': '#236B3C', 'cosignee_name': '#72A663', 'total_quantity_of_goods': '#9B38EE', 'consignor_address': '#D8FC5F', 'invoice_tax_ccy': '#1D4920', 'gross_weight': '#BEBCF3', 'notify_party_name': '#AB675B', 'dimension': '#17B565', 'consignor_name': '#D7D972', 'indicator_type': '#107B25', 'invoice_tax_amount': '#9C8378', 'country_of_final_destination': '#8CAEA4', 'usance_tenor': '#139847', 'date_of_invoice': '#1FDD0F', 'invoice_currency': '#85980A', 'invoice_amount_in_words': '#5C912C', 'awb_number': '#52A231', 'awb_date': '#DEADE6', 'lc_ref_no': '#092427', 'vessel_name': '#11A0B9', 'net_weight': '#AD0783', 'beneficiary_country': '#08A1CB', 'beneficiary_drawer_exporter_seller_supplier_tin': '#578B58', 'remitter_drawee_applicant_importer_buyer_name': '#9BAC90', 'transaction_date': '#AE9594', 'shipper_name': '#F06C06', 'indicator_date': '#9554FF', 'beneficiary_bank_country': '#C5DEE2', 'shipper_address': '#D82B55', 'signature_of_the_issuer': '#91DD80', 'tenor_indicator': '#C8B447', 'delivery_terms': '#149EF3', 'transaction_currency': '#4B1AFE', 'beneficiary_drawer_exporter_seller_supplier_name': '#C7C73E', 'page_no': '#825687', 'consignor_country': '#832855', 'beneficiary_bank_name': '#688735', 'lc_date': '#43CD88', 'invoice_discount_ccy': '#B08A81', 'transaction_amonunt_value': '#4FFD2C', 'stamp': '#45DB47', 'notify_party_address': '#5D83D9', 'invoice_amount': '#3EB7F9', 'port_of_discharge': '#977A18'}
2024-01-30 13:42:26,848 is result_set is instance of dict? True
2024-01-30 13:42:26,849 is final_result_set is instance of dict? True
2024-01-30 13:42:26,882 Time taken for page 1 of Invoice_413_0.png:0:00:01.303415
2024-01-30 13:42:27,008 *****Generated All Pages****** for Invoice_413_0.png
2024-01-30 13:42:27,009 RAM memory 63.6 used for Invoice_413_0.png Generating All Pages:
2024-01-30 13:42:27,009 Processing time taken for all pages of Invoice_413_0.png1:0:00:01.505329
2024-01-30 13:42:27,175 file name is:Invoice_939_1.png
2024-01-30 13:42:27,175 folder path :Images
2024-01-30 13:42:27,175 Calling Image result
2024-01-30 13:42:27,175 is all_page_result is instance of dict? True
2024-01-30 13:42:27,250 STREAM b'IHDR' 16 13
2024-01-30 13:42:27,250 STREAM b'IDAT' 41 42524
2024-01-30 13:42:27,269 is words is instance of list? True
2024-01-30 13:42:27,270 is bboxes is instance of list? True
2024-01-30 13:42:27,270 is bounding_boxes is instance of list? True
2024-01-30 13:42:27,484 is input_id_chunks is instance of list? True
2024-01-30 13:42:27,485 is mask_chunks is instance of list? True
2024-01-30 13:42:27,485 is bbox_chunks is instance of list? True
2024-01-30 13:42:27,485 is image_chunks is instance of list? True
2024-01-30 13:42:27,485 is input_dict is instance of dict? True
2024-01-30 13:42:28,305 Model Called
2024-01-30 13:42:28,305 RAM memory 61.3 used for Invoice_939_1.png:
2024-01-30 13:42:28,305 is all_predictions is instance of list? True
2024-01-30 13:42:28,305 is all_boxes is instance of list? True
2024-01-30 13:42:28,305 is all_confidences is instance of list? True
2024-01-30 13:42:28,305 is all_text is instance of list? True
2024-01-30 13:42:28,306 is label2id is instance of dict? True
2024-01-30 13:42:28,306 is id2label is instance of dict? True
2024-01-30 13:42:28,307 is label2color is instance of dict? True
2024-01-30 13:42:28,307 label2color : {'signature': '#8A3E38', 'remitter_address': '#E82BB1', 'O': '#2AB4D9', 'notify_party_country': '#4F20D3', 'port_of_loading': '#4D6983', 'beneficiary_account_number': '#603FFC', 'consignee_address': '#1432B5', 'beneficiary_iban_number': '#78FECA', 'bill_of_lading_no': '#CE7E98', 'pre-carriage-by': '#88D01E', 'invoice_discount_amount': '#F89940', 'beneficiary_address': '#C38282', 'rate_per_unit': '#0A39C8', 'original_or_copy': '#9D291F', 'hs_code_no': '#99D7BB', 'bill_of_lading_date': '#92D7B4', 'declaration_by_issuer': '#CFE18D', 'beneficiary_bank_identifier': '#26AB3C', 'vessel_flight_no': '#FF6398', 'goods_description': '#D253BD', 'incoterm': '#585E74', 'invoice_due_date': '#6F0205', 'tenor_type': '#4DBACE', 'country_of_origin_of_goods': '#07AD26', 'invoice_no': '#AA960F', 'cosignee_name': '#CAE7A7', 'total_quantity_of_goods': '#885646', 'consignor_address': '#882EA0', 'invoice_tax_ccy': '#0D90BD', 'gross_weight': '#70D161', 'notify_party_name': '#B50176', 'dimension': '#CCBC79', 'consignor_name': '#D68615', 'indicator_type': '#551525', 'invoice_tax_amount': '#D530A4', 'country_of_final_destination': '#DEB382', 'usance_tenor': '#1CC0C0', 'date_of_invoice': '#EA4D54', 'invoice_currency': '#11BEA8', 'invoice_amount_in_words': '#3B0A1D', 'awb_number': '#3B4C45', 'awb_date': '#7950B0', 'lc_ref_no': '#489E2E', 'vessel_name': '#2D840D', 'net_weight': '#037915', 'beneficiary_country': '#70201B', 'beneficiary_drawer_exporter_seller_supplier_tin': '#0410DC', 'remitter_drawee_applicant_importer_buyer_name': '#7D54FE', 'transaction_date': '#C9AD80', 'shipper_name': '#F655E7', 'indicator_date': '#593868', 'beneficiary_bank_country': '#7E407A', 'shipper_address': '#9B1C5F', 'signature_of_the_issuer': '#6F44EC', 'tenor_indicator': '#A6D39D', 'delivery_terms': '#3CDA70', 'transaction_currency': '#0DA032', 'beneficiary_drawer_exporter_seller_supplier_name': '#DB47FC', 'page_no': '#0B6461', 'consignor_country': '#3400A6', 'beneficiary_bank_name': '#3E531C', 'lc_date': '#73F9AB', 'invoice_discount_ccy': '#F0CC4E', 'transaction_amonunt_value': '#266933', 'stamp': '#64D3D9', 'notify_party_address': '#1B9A1D', 'invoice_amount': '#EBB0E2', 'port_of_discharge': '#044799'}
2024-01-30 13:42:28,518 is result_set is instance of dict? True
2024-01-30 13:42:28,519 is final_result_set is instance of dict? True
2024-01-30 13:42:28,573 Time taken for page 1 of Invoice_939_1.png:0:00:01.323406
2024-01-30 13:42:28,799 *****Generated All Pages****** for Invoice_939_1.png
2024-01-30 13:42:28,799 RAM memory 61.9 used for Invoice_939_1.png Generating All Pages:
2024-01-30 13:42:28,799 Processing time taken for all pages of Invoice_939_1.png1:0:00:01.624479
2024-01-30 13:42:28,946 file name is:Proforma_Invoice_350_5.png
2024-01-30 13:42:28,946 folder path :Images
2024-01-30 13:42:28,946 Calling Image result
2024-01-30 13:42:28,946 is all_page_result is instance of dict? True
2024-01-30 13:42:29,027 STREAM b'IHDR' 16 13
2024-01-30 13:42:29,027 STREAM b'IDAT' 41 57715
2024-01-30 13:42:29,047 is words is instance of list? True
2024-01-30 13:42:29,047 is bboxes is instance of list? True
2024-01-30 13:42:29,047 is bounding_boxes is instance of list? True
2024-01-30 13:42:29,253 is input_id_chunks is instance of list? True
2024-01-30 13:42:29,254 is mask_chunks is instance of list? True
2024-01-30 13:42:29,254 is bbox_chunks is instance of list? True
2024-01-30 13:42:29,254 is image_chunks is instance of list? True
2024-01-30 13:42:29,254 is input_dict is instance of dict? True
2024-01-30 13:42:30,077 Model Called
2024-01-30 13:42:30,077 RAM memory 62.3 used for Proforma_Invoice_350_5.png:
2024-01-30 13:42:30,078 is all_predictions is instance of list? True
2024-01-30 13:42:30,078 is all_boxes is instance of list? True
2024-01-30 13:42:30,078 is all_confidences is instance of list? True
2024-01-30 13:42:30,078 is all_text is instance of list? True
2024-01-30 13:42:30,078 is label2id is instance of dict? True
2024-01-30 13:42:30,078 is id2label is instance of dict? True
2024-01-30 13:42:30,079 is label2color is instance of dict? True
2024-01-30 13:42:30,079 label2color : {'signature': '#EAF166', 'remitter_address': '#78B9E2', 'O': '#07D7C0', 'notify_party_country': '#1B5A13', 'port_of_loading': '#385BE8', 'beneficiary_account_number': '#F127B3', 'consignee_address': '#365F94', 'beneficiary_iban_number': '#CCE358', 'bill_of_lading_no': '#12C663', 'pre-carriage-by': '#BE31EE', 'invoice_discount_amount': '#03DB71', 'beneficiary_address': '#527789', 'rate_per_unit': '#C75216', 'original_or_copy': '#366F75', 'hs_code_no': '#2AF605', 'bill_of_lading_date': '#D3CA85', 'declaration_by_issuer': '#24C6BC', 'beneficiary_bank_identifier': '#1E83F0', 'vessel_flight_no': '#B1AA6E', 'goods_description': '#0A9BD4', 'incoterm': '#FCD89B', 'invoice_due_date': '#27F7C1', 'tenor_type': '#9D34F5', 'country_of_origin_of_goods': '#89B771', 'invoice_no': '#9953F7', 'cosignee_name': '#B1D164', 'total_quantity_of_goods': '#A50C7D', 'consignor_address': '#D726D7', 'invoice_tax_ccy': '#0D051C', 'gross_weight': '#660FE3', 'notify_party_name': '#0BE237', 'dimension': '#26A97E', 'consignor_name': '#E7067D', 'indicator_type': '#A6A1F0', 'invoice_tax_amount': '#4E8B94', 'country_of_final_destination': '#D37C38', 'usance_tenor': '#69767C', 'date_of_invoice': '#2349CE', 'invoice_currency': '#ABBB6C', 'invoice_amount_in_words': '#6CDC14', 'awb_number': '#421F20', 'awb_date': '#EE39E5', 'lc_ref_no': '#825D4A', 'vessel_name': '#2503B3', 'net_weight': '#067FAE', 'beneficiary_country': '#01F554', 'beneficiary_drawer_exporter_seller_supplier_tin': '#259518', 'remitter_drawee_applicant_importer_buyer_name': '#A7FCA1', 'transaction_date': '#B6CACA', 'shipper_name': '#4516C3', 'indicator_date': '#7164F2', 'beneficiary_bank_country': '#E6ECA7', 'shipper_address': '#DCB5D9', 'signature_of_the_issuer': '#783652', 'tenor_indicator': '#7BF835', 'delivery_terms': '#777727', 'transaction_currency': '#C3D96A', 'beneficiary_drawer_exporter_seller_supplier_name': '#EB31BB', 'page_no': '#5E95BF', 'consignor_country': '#A74A5F', 'beneficiary_bank_name': '#4AAB05', 'lc_date': '#3F8039', 'invoice_discount_ccy': '#70126D', 'transaction_amonunt_value': '#63255E', 'stamp': '#CDCF1A', 'notify_party_address': '#51F0E3', 'invoice_amount': '#B8ADFC', 'port_of_discharge': '#4037CA'}
2024-01-30 13:42:30,207 is result_set is instance of dict? True
2024-01-30 13:42:30,208 is final_result_set is instance of dict? True
2024-01-30 13:42:30,232 Time taken for page 1 of Proforma_Invoice_350_5.png:0:00:01.205067
2024-01-30 13:42:30,367 *****Generated All Pages****** for Proforma_Invoice_350_5.png
2024-01-30 13:42:30,367 RAM memory 62.6 used for Proforma_Invoice_350_5.png Generating All Pages:
2024-01-30 13:42:30,367 Processing time taken for all pages of Proforma_Invoice_350_5.png1:0:00:01.420521
2024-01-30 13:42:30,574 file name is:Proforma_Invoice_361_0.png
2024-01-30 13:42:30,574 folder path :Images
2024-01-30 13:42:30,574 Calling Image result
2024-01-30 13:42:30,574 is all_page_result is instance of dict? True
2024-01-30 13:42:30,652 STREAM b'IHDR' 16 13
2024-01-30 13:42:30,653 STREAM b'IDAT' 41 35349
2024-01-30 13:42:30,672 is words is instance of list? True
2024-01-30 13:42:30,672 is bboxes is instance of list? True
2024-01-30 13:42:30,672 is bounding_boxes is instance of list? True
2024-01-30 13:42:30,887 is input_id_chunks is instance of list? True
2024-01-30 13:42:30,887 is mask_chunks is instance of list? True
2024-01-30 13:42:30,887 is bbox_chunks is instance of list? True
2024-01-30 13:42:30,887 is image_chunks is instance of list? True
2024-01-30 13:42:30,888 is input_dict is instance of dict? True
2024-01-30 13:42:31,691 Model Called
2024-01-30 13:42:31,691 RAM memory 63.3 used for Proforma_Invoice_361_0.png:
2024-01-30 13:42:31,691 is all_predictions is instance of list? True
2024-01-30 13:42:31,691 is all_boxes is instance of list? True
2024-01-30 13:42:31,691 is all_confidences is instance of list? True
2024-01-30 13:42:31,691 is all_text is instance of list? True
2024-01-30 13:42:31,691 is label2id is instance of dict? True
2024-01-30 13:42:31,691 is id2label is instance of dict? True
2024-01-30 13:42:31,692 is label2color is instance of dict? True
2024-01-30 13:42:31,692 label2color : {'signature': '#41BCAA', 'remitter_address': '#16DF98', 'O': '#8F6761', 'notify_party_country': '#67379F', 'port_of_loading': '#D07DE6', 'beneficiary_account_number': '#70F48E', 'consignee_address': '#E1FB98', 'beneficiary_iban_number': '#287B6C', 'bill_of_lading_no': '#84B360', 'pre-carriage-by': '#0063FC', 'invoice_discount_amount': '#517D1B', 'beneficiary_address': '#E7F56B', 'rate_per_unit': '#29ED60', 'original_or_copy': '#981564', 'hs_code_no': '#99C6A0', 'bill_of_lading_date': '#4DE212', 'declaration_by_issuer': '#7CA395', 'beneficiary_bank_identifier': '#BBB3B2', 'vessel_flight_no': '#12CAEB', 'goods_description': '#EC6D97', 'incoterm': '#D84D6C', 'invoice_due_date': '#DED955', 'tenor_type': '#3877E1', 'country_of_origin_of_goods': '#729A9C', 'invoice_no': '#FDE6A3', 'cosignee_name': '#B57F1E', 'total_quantity_of_goods': '#474D74', 'consignor_address': '#39E7FD', 'invoice_tax_ccy': '#A7C9CB', 'gross_weight': '#772DD9', 'notify_party_name': '#7BBECC', 'dimension': '#E6BCAB', 'consignor_name': '#DB70B4', 'indicator_type': '#3DA442', 'invoice_tax_amount': '#02B4FA', 'country_of_final_destination': '#27D56C', 'usance_tenor': '#4ADEE4', 'date_of_invoice': '#C9396E', 'invoice_currency': '#D277FC', 'invoice_amount_in_words': '#C02A4E', 'awb_number': '#AA1EE5', 'awb_date': '#E000FF', 'lc_ref_no': '#AB8442', 'vessel_name': '#C9E378', 'net_weight': '#7A6E62', 'beneficiary_country': '#B20AB8', 'beneficiary_drawer_exporter_seller_supplier_tin': '#61CFEA', 'remitter_drawee_applicant_importer_buyer_name': '#78ED3F', 'transaction_date': '#961E82', 'shipper_name': '#5985CC', 'indicator_date': '#08B857', 'beneficiary_bank_country': '#B44C11', 'shipper_address': '#6C3D8E', 'signature_of_the_issuer': '#15488B', 'tenor_indicator': '#4166DC', 'delivery_terms': '#9C3944', 'transaction_currency': '#D8C14A', 'beneficiary_drawer_exporter_seller_supplier_name': '#AC2D91', 'page_no': '#0626E8', 'consignor_country': '#438DC9', 'beneficiary_bank_name': '#132DEC', 'lc_date': '#CF1696', 'invoice_discount_ccy': '#837490', 'transaction_amonunt_value': '#45B512', 'stamp': '#7FD93D', 'notify_party_address': '#4AA30E', 'invoice_amount': '#01CE82', 'port_of_discharge': '#B6CC70'}
2024-01-30 13:42:31,825 is result_set is instance of dict? True
2024-01-30 13:42:31,826 is final_result_set is instance of dict? True
2024-01-30 13:42:31,840 Time taken for page 1 of Proforma_Invoice_361_0.png:0:00:01.187705
2024-01-30 13:42:31,959 *****Generated All Pages****** for Proforma_Invoice_361_0.png
2024-01-30 13:42:31,959 RAM memory 63.6 used for Proforma_Invoice_361_0.png Generating All Pages:
2024-01-30 13:42:31,959 Processing time taken for all pages of Proforma_Invoice_361_0.png1:0:00:01.384959
2024-01-30 13:42:32,109 file name is:Proforma_Invoice_344_0.png
2024-01-30 13:42:32,109 folder path :Images
2024-01-30 13:42:32,109 Calling Image result
2024-01-30 13:42:32,109 is all_page_result is instance of dict? True
2024-01-30 13:42:32,190 STREAM b'IHDR' 16 13
2024-01-30 13:42:32,190 STREAM b'IDAT' 41 39319
2024-01-30 13:42:32,208 Checking spheric-time-383904-f1b421d86eef.json for explicit credentials as part of auth process...
2024-01-30 13:42:33,405 is words is instance of list? True
2024-01-30 13:42:33,405 is bboxes is instance of list? True
2024-01-30 13:42:33,405 is bounding_boxes is instance of list? True
2024-01-30 13:42:33,599 is input_id_chunks is instance of list? True
2024-01-30 13:42:33,599 is mask_chunks is instance of list? True
2024-01-30 13:42:33,599 is bbox_chunks is instance of list? True
2024-01-30 13:42:33,599 is image_chunks is instance of list? True
2024-01-30 13:42:33,599 is input_dict is instance of dict? True
2024-01-30 13:42:35,054 Model Called
2024-01-30 13:42:35,055 RAM memory 71.0 used for Proforma_Invoice_344_0.png:
2024-01-30 13:42:35,055 is all_predictions is instance of list? True
2024-01-30 13:42:35,055 is all_boxes is instance of list? True
2024-01-30 13:42:35,055 is all_confidences is instance of list? True
2024-01-30 13:42:35,055 is all_text is instance of list? True
2024-01-30 13:42:35,055 is label2id is instance of dict? True
2024-01-30 13:42:35,055 is id2label is instance of dict? True
2024-01-30 13:42:35,056 is label2color is instance of dict? True
2024-01-30 13:42:35,056 label2color : {'signature': '#83EB29', 'remitter_address': '#AA8FE1', 'O': '#AE3508', 'notify_party_country': '#156096', 'port_of_loading': '#F8C8FB', 'beneficiary_account_number': '#BEAA11', 'consignee_address': '#902173', 'beneficiary_iban_number': '#AD7392', 'bill_of_lading_no': '#C9A7F5', 'pre-carriage-by': '#08FF37', 'invoice_discount_amount': '#417C3D', 'beneficiary_address': '#485F27', 'rate_per_unit': '#77C382', 'original_or_copy': '#FAE9BB', 'hs_code_no': '#858557', 'bill_of_lading_date': '#B1B97D', 'declaration_by_issuer': '#F3B75D', 'beneficiary_bank_identifier': '#969BCA', 'vessel_flight_no': '#EB546A', 'goods_description': '#899318', 'incoterm': '#7C4107', 'invoice_due_date': '#18F0BA', 'tenor_type': '#17B0E5', 'country_of_origin_of_goods': '#BB7DB6', 'invoice_no': '#9B9FA7', 'cosignee_name': '#702473', 'total_quantity_of_goods': '#0125A0', 'consignor_address': '#229937', 'invoice_tax_ccy': '#FF3C7F', 'gross_weight': '#93FB59', 'notify_party_name': '#14C5BC', 'dimension': '#1D2D9B', 'consignor_name': '#EDFFA7', 'indicator_type': '#D3EA91', 'invoice_tax_amount': '#E7D17F', 'country_of_final_destination': '#00091C', 'usance_tenor': '#10B3D5', 'date_of_invoice': '#0350CF', 'invoice_currency': '#EA5AE4', 'invoice_amount_in_words': '#4AEE44', 'awb_number': '#087312', 'awb_date': '#ADB197', 'lc_ref_no': '#B0B18F', 'vessel_name': '#93BCBD', 'net_weight': '#42876A', 'beneficiary_country': '#539A0F', 'beneficiary_drawer_exporter_seller_supplier_tin': '#24F898', 'remitter_drawee_applicant_importer_buyer_name': '#D5C796', 'transaction_date': '#0D6EF6', 'shipper_name': '#29004F', 'indicator_date': '#0E7472', 'beneficiary_bank_country': '#A575A0', 'shipper_address': '#198ACA', 'signature_of_the_issuer': '#E4990C', 'tenor_indicator': '#1788BD', 'delivery_terms': '#5C137F', 'transaction_currency': '#E0A002', 'beneficiary_drawer_exporter_seller_supplier_name': '#A2F857', 'page_no': '#4A8E9B', 'consignor_country': '#551F8F', 'beneficiary_bank_name': '#81456A', 'lc_date': '#F1E05E', 'invoice_discount_ccy': '#A77E85', 'transaction_amonunt_value': '#1E46C5', 'stamp': '#7FE8EF', 'notify_party_address': '#E785D4', 'invoice_amount': '#4158BE', 'port_of_discharge': '#E67ECA'}
2024-01-30 13:42:35,250 is result_set is instance of dict? True
2024-01-30 13:42:35,251 is final_result_set is instance of dict? True
2024-01-30 13:42:35,254 Time taken for page 1 of Proforma_Invoice_344_0.png:0:00:03.064553
2024-01-30 13:42:35,375 *****Generated All Pages****** for Proforma_Invoice_344_0.png
2024-01-30 13:42:35,376 RAM memory 70.1 used for Proforma_Invoice_344_0.png Generating All Pages:
2024-01-30 13:42:35,376 Processing time taken for all pages of Proforma_Invoice_344_0.png1:0:00:03.266733
2024-01-30 13:42:35,565 file name is:Proforma_Invoice_32_0.png
2024-01-30 13:42:35,565 folder path :Images
2024-01-30 13:42:35,565 Calling Image result
2024-01-30 13:42:35,565 is all_page_result is instance of dict? True
2024-01-30 13:42:35,571 STREAM b'IHDR' 16 13
2024-01-30 13:42:35,571 STREAM b'IDAT' 41 54461
2024-01-30 13:42:35,583 Checking spheric-time-383904-f1b421d86eef.json for explicit credentials as part of auth process...
2024-01-30 13:42:36,317 is words is instance of list? True
2024-01-30 13:42:36,317 is bboxes is instance of list? True
2024-01-30 13:42:36,317 is bounding_boxes is instance of list? True
2024-01-30 13:42:36,426 is input_id_chunks is instance of list? True
2024-01-30 13:42:36,426 is mask_chunks is instance of list? True
2024-01-30 13:42:36,426 is bbox_chunks is instance of list? True
2024-01-30 13:42:36,426 is image_chunks is instance of list? True
2024-01-30 13:42:36,427 is input_dict is instance of dict? True
2024-01-30 13:42:37,218 Model Called
2024-01-30 13:42:37,219 RAM memory 63.8 used for Proforma_Invoice_32_0.png:
2024-01-30 13:42:37,219 is all_predictions is instance of list? True
2024-01-30 13:42:37,219 is all_boxes is instance of list? True
2024-01-30 13:42:37,219 is all_confidences is instance of list? True
2024-01-30 13:42:37,219 is all_text is instance of list? True
2024-01-30 13:42:37,219 is label2id is instance of dict? True
2024-01-30 13:42:37,219 is id2label is instance of dict? True
2024-01-30 13:42:37,220 is label2color is instance of dict? True
2024-01-30 13:42:37,220 label2color : {'signature': '#3D8B9B', 'remitter_address': '#0E5C32', 'O': '#CB3606', 'notify_party_country': '#E2CD58', 'port_of_loading': '#48ECCE', 'beneficiary_account_number': '#6555E7', 'consignee_address': '#68D43B', 'beneficiary_iban_number': '#DE4399', 'bill_of_lading_no': '#1BE678', 'pre-carriage-by': '#87838D', 'invoice_discount_amount': '#4B1A1A', 'beneficiary_address': '#0B7F81', 'rate_per_unit': '#9066DD', 'original_or_copy': '#635C71', 'hs_code_no': '#A95793', 'bill_of_lading_date': '#99AEE7', 'declaration_by_issuer': '#4BD7AE', 'beneficiary_bank_identifier': '#DEE027', 'vessel_flight_no': '#33EBF3', 'goods_description': '#693D23', 'incoterm': '#C7F133', 'invoice_due_date': '#8DE326', 'tenor_type': '#ACB151', 'country_of_origin_of_goods': '#F2AA0D', 'invoice_no': '#53E33A', 'cosignee_name': '#8B5F2A', 'total_quantity_of_goods': '#84602E', 'consignor_address': '#04E4ED', 'invoice_tax_ccy': '#86F1C4', 'gross_weight': '#ECD945', 'notify_party_name': '#8F2D23', 'dimension': '#283C17', 'consignor_name': '#6C20F4', 'indicator_type': '#DBC591', 'invoice_tax_amount': '#4D1521', 'country_of_final_destination': '#C99EDD', 'usance_tenor': '#8B4916', 'date_of_invoice': '#C0E230', 'invoice_currency': '#639246', 'invoice_amount_in_words': '#ED90DB', 'awb_number': '#0FA363', 'awb_date': '#3775F6', 'lc_ref_no': '#4BF49C', 'vessel_name': '#73ED83', 'net_weight': '#E8AFB8', 'beneficiary_country': '#8EE982', 'beneficiary_drawer_exporter_seller_supplier_tin': '#7197E6', 'remitter_drawee_applicant_importer_buyer_name': '#B42E16', 'transaction_date': '#5EE17C', 'shipper_name': '#8CD252', 'indicator_date': '#EB05B2', 'beneficiary_bank_country': '#65FDAF', 'shipper_address': '#6FE82D', 'signature_of_the_issuer': '#39AFA8', 'tenor_indicator': '#8C26B8', 'delivery_terms': '#C9D1BE', 'transaction_currency': '#E0F6F2', 'beneficiary_drawer_exporter_seller_supplier_name': '#D07498', 'page_no': '#146930', 'consignor_country': '#7EB9E9', 'beneficiary_bank_name': '#E96E8A', 'lc_date': '#145D96', 'invoice_discount_ccy': '#7AA34F', 'transaction_amonunt_value': '#22F0F9', 'stamp': '#BA0D87', 'notify_party_address': '#5E0835', 'invoice_amount': '#03B91F', 'port_of_discharge': '#8C5374'}
2024-01-30 13:42:37,317 is result_set is instance of dict? True
2024-01-30 13:42:37,317 is final_result_set is instance of dict? True
2024-01-30 13:42:37,330 Time taken for page 1 of Proforma_Invoice_32_0.png:0:00:01.759433
2024-01-30 13:42:37,434 *****Generated All Pages****** for Proforma_Invoice_32_0.png
2024-01-30 13:42:37,435 RAM memory 64.2 used for Proforma_Invoice_32_0.png Generating All Pages:
2024-01-30 13:42:37,435 Processing time taken for all pages of Proforma_Invoice_32_0.png1:0:00:01.869458
2024-01-30 13:42:37,586 file name is:Invoice_412_2.png
2024-01-30 13:42:37,586 folder path :Images
2024-01-30 13:42:37,586 Calling Image result
2024-01-30 13:42:37,586 is all_page_result is instance of dict? True
2024-01-30 13:42:37,678 STREAM b'IHDR' 16 13
2024-01-30 13:42:37,678 STREAM b'IDAT' 41 25834
2024-01-30 13:42:37,703 is words is instance of list? True
2024-01-30 13:42:37,703 is bboxes is instance of list? True
2024-01-30 13:42:37,703 is bounding_boxes is instance of list? True
2024-01-30 13:42:37,927 is input_id_chunks is instance of list? True
2024-01-30 13:42:37,927 is mask_chunks is instance of list? True
2024-01-30 13:42:37,927 is bbox_chunks is instance of list? True
2024-01-30 13:42:37,927 is image_chunks is instance of list? True
2024-01-30 13:42:37,927 is input_dict is instance of dict? True
2024-01-30 13:42:38,743 Model Called
2024-01-30 13:42:38,744 RAM memory 64.3 used for Invoice_412_2.png:
2024-01-30 13:42:38,744 is all_predictions is instance of list? True
2024-01-30 13:42:38,744 is all_boxes is instance of list? True
2024-01-30 13:42:38,744 is all_confidences is instance of list? True
2024-01-30 13:42:38,744 is all_text is instance of list? True
2024-01-30 13:42:38,744 is label2id is instance of dict? True
2024-01-30 13:42:38,744 is id2label is instance of dict? True
2024-01-30 13:42:38,745 is label2color is instance of dict? True
2024-01-30 13:42:38,745 label2color : {'signature': '#E3A865', 'remitter_address': '#6BD8E6', 'O': '#065559', 'notify_party_country': '#D4D6B8', 'port_of_loading': '#C1CD01', 'beneficiary_account_number': '#218C6D', 'consignee_address': '#516670', 'beneficiary_iban_number': '#D9B35D', 'bill_of_lading_no': '#3DC9E8', 'pre-carriage-by': '#512670', 'invoice_discount_amount': '#2A7614', 'beneficiary_address': '#FD3A09', 'rate_per_unit': '#69CEC7', 'original_or_copy': '#53979C', 'hs_code_no': '#03E72E', 'bill_of_lading_date': '#89575B', 'declaration_by_issuer': '#B51222', 'beneficiary_bank_identifier': '#C60687', 'vessel_flight_no': '#D6C5CC', 'goods_description': '#2B9DD3', 'incoterm': '#5D0CC5', 'invoice_due_date': '#ED0F9E', 'tenor_type': '#92406C', 'country_of_origin_of_goods': '#40C487', 'invoice_no': '#135EF3', 'cosignee_name': '#22B5B9', 'total_quantity_of_goods': '#4828B4', 'consignor_address': '#B2661C', 'invoice_tax_ccy': '#3DD319', 'gross_weight': '#EFF11A', 'notify_party_name': '#BB0301', 'dimension': '#4ADE39', 'consignor_name': '#F1DF5F', 'indicator_type': '#B1A350', 'invoice_tax_amount': '#E23715', 'country_of_final_destination': '#43BC3D', 'usance_tenor': '#8A043A', 'date_of_invoice': '#B84433', 'invoice_currency': '#67CA01', 'invoice_amount_in_words': '#1B19B0', 'awb_number': '#1CED71', 'awb_date': '#632D1E', 'lc_ref_no': '#09BD95', 'vessel_name': '#6EBFD8', 'net_weight': '#B0D09D', 'beneficiary_country': '#0A5313', 'beneficiary_drawer_exporter_seller_supplier_tin': '#EC26FA', 'remitter_drawee_applicant_importer_buyer_name': '#908D5E', 'transaction_date': '#F2334E', 'shipper_name': '#EFB6B2', 'indicator_date': '#3FC037', 'beneficiary_bank_country': '#5F6541', 'shipper_address': '#1A8686', 'signature_of_the_issuer': '#EEF788', 'tenor_indicator': '#3D183D', 'delivery_terms': '#0F1703', 'transaction_currency': '#D03CBA', 'beneficiary_drawer_exporter_seller_supplier_name': '#5597B5', 'page_no': '#E362E7', 'consignor_country': '#C55626', 'beneficiary_bank_name': '#DBFDAB', 'lc_date': '#8B0EC9', 'invoice_discount_ccy': '#25CC8B', 'transaction_amonunt_value': '#77C165', 'stamp': '#69D617', 'notify_party_address': '#33EF8B', 'invoice_amount': '#830A74', 'port_of_discharge': '#8C4A70'}
2024-01-30 13:42:38,925 is result_set is instance of dict? True
2024-01-30 13:42:38,926 is final_result_set is instance of dict? True
2024-01-30 13:42:38,949 Time taken for page 1 of Invoice_412_2.png:0:00:01.270198
2024-01-30 13:42:39,071 *****Generated All Pages****** for Invoice_412_2.png
2024-01-30 13:42:39,071 RAM memory 62.5 used for Invoice_412_2.png Generating All Pages:
2024-01-30 13:42:39,071 Processing time taken for all pages of Invoice_412_2.png1:0:00:01.485096
2024-01-30 13:42:39,222 file name is:Invoice_919_3.png
2024-01-30 13:42:39,222 folder path :Images
2024-01-30 13:42:39,222 Calling Image result
2024-01-30 13:42:39,222 is all_page_result is instance of dict? True
2024-01-30 13:42:39,303 STREAM b'IHDR' 16 13
2024-01-30 13:42:39,303 STREAM b'IDAT' 41 65536
2024-01-30 13:42:39,323 is words is instance of list? True
2024-01-30 13:42:39,323 is bboxes is instance of list? True
2024-01-30 13:42:39,323 is bounding_boxes is instance of list? True
2024-01-30 13:42:39,505 is input_id_chunks is instance of list? True
2024-01-30 13:42:39,505 is mask_chunks is instance of list? True
2024-01-30 13:42:39,505 is bbox_chunks is instance of list? True
2024-01-30 13:42:39,505 is image_chunks is instance of list? True
2024-01-30 13:42:39,505 is input_dict is instance of dict? True
2024-01-30 13:42:40,279 Model Called
2024-01-30 13:42:40,279 RAM memory 63.0 used for Invoice_919_3.png:
2024-01-30 13:42:40,280 is all_predictions is instance of list? True
2024-01-30 13:42:40,280 is all_boxes is instance of list? True
2024-01-30 13:42:40,280 is all_confidences is instance of list? True
2024-01-30 13:42:40,280 is all_text is instance of list? True
2024-01-30 13:42:40,280 is label2id is instance of dict? True
2024-01-30 13:42:40,280 is id2label is instance of dict? True
2024-01-30 13:42:40,281 is label2color is instance of dict? True
2024-01-30 13:42:40,281 label2color : {'signature': '#53DE38', 'remitter_address': '#88D2B4', 'O': '#D53E87', 'notify_party_country': '#E2D109', 'port_of_loading': '#C96CDE', 'beneficiary_account_number': '#F32F1A', 'consignee_address': '#B26BA0', 'beneficiary_iban_number': '#31A8EB', 'bill_of_lading_no': '#A0A60D', 'pre-carriage-by': '#8C4AB3', 'invoice_discount_amount': '#78211B', 'beneficiary_address': '#7D2051', 'rate_per_unit': '#3B2B7F', 'original_or_copy': '#20B5E5', 'hs_code_no': '#50A90E', 'bill_of_lading_date': '#23B228', 'declaration_by_issuer': '#E86D8A', 'beneficiary_bank_identifier': '#BD7504', 'vessel_flight_no': '#00C126', 'goods_description': '#4CDD03', 'incoterm': '#3080C3', 'invoice_due_date': '#753995', 'tenor_type': '#3247A0', 'country_of_origin_of_goods': '#40CE9D', 'invoice_no': '#E36578', 'cosignee_name': '#27128C', 'total_quantity_of_goods': '#8EB00D', 'consignor_address': '#11551B', 'invoice_tax_ccy': '#5CE61A', 'gross_weight': '#DB8F63', 'notify_party_name': '#2E8160', 'dimension': '#80DE83', 'consignor_name': '#F6294A', 'indicator_type': '#F2F1F1', 'invoice_tax_amount': '#761147', 'country_of_final_destination': '#1B32A3', 'usance_tenor': '#3B2A40', 'date_of_invoice': '#45814B', 'invoice_currency': '#3FBBD3', 'invoice_amount_in_words': '#27628B', 'awb_number': '#5B3FD4', 'awb_date': '#51F5EC', 'lc_ref_no': '#BB07ED', 'vessel_name': '#4E2294', 'net_weight': '#23623E', 'beneficiary_country': '#96CE32', 'beneficiary_drawer_exporter_seller_supplier_tin': '#5363E4', 'remitter_drawee_applicant_importer_buyer_name': '#D334CD', 'transaction_date': '#6A29AE', 'shipper_name': '#A36D4F', 'indicator_date': '#C39BEB', 'beneficiary_bank_country': '#965D4E', 'shipper_address': '#A89CBB', 'signature_of_the_issuer': '#D7D5F3', 'tenor_indicator': '#3F7A30', 'delivery_terms': '#22BD50', 'transaction_currency': '#D86E0F', 'beneficiary_drawer_exporter_seller_supplier_name': '#24F16A', 'page_no': '#F60F92', 'consignor_country': '#32EB47', 'beneficiary_bank_name': '#9BC340', 'lc_date': '#B4FE69', 'invoice_discount_ccy': '#7C1900', 'transaction_amonunt_value': '#83905C', 'stamp': '#890A4E', 'notify_party_address': '#E9AC38', 'invoice_amount': '#E563EF', 'port_of_discharge': '#43D8CC'}
2024-01-30 13:42:40,416 is result_set is instance of dict? True
2024-01-30 13:42:40,417 is final_result_set is instance of dict? True
2024-01-30 13:42:40,453 Time taken for page 1 of Invoice_919_3.png:0:00:01.150060
2024-01-30 13:42:40,606 *****Generated All Pages****** for Invoice_919_3.png
2024-01-30 13:42:40,607 RAM memory 63.5 used for Invoice_919_3.png Generating All Pages:
2024-01-30 13:42:40,607 Processing time taken for all pages of Invoice_919_3.png1:0:00:01.384149
2024-01-30 13:42:40,757 file name is:Proforma_Invoice_5_0.png
2024-01-30 13:42:40,757 folder path :Images
2024-01-30 13:42:40,757 Calling Image result
2024-01-30 13:42:40,757 is all_page_result is instance of dict? True
2024-01-30 13:42:40,849 STREAM b'IHDR' 16 13
2024-01-30 13:42:40,849 STREAM b'IDAT' 41 65536
2024-01-30 13:42:40,872 Checking spheric-time-383904-f1b421d86eef.json for explicit credentials as part of auth process...
2024-01-30 13:42:42,005 is words is instance of list? True
2024-01-30 13:42:42,005 is bboxes is instance of list? True
2024-01-30 13:42:42,005 is bounding_boxes is instance of list? True
2024-01-30 13:42:42,211 is input_id_chunks is instance of list? True
2024-01-30 13:42:42,211 is mask_chunks is instance of list? True
2024-01-30 13:42:42,211 is bbox_chunks is instance of list? True
2024-01-30 13:42:42,211 is image_chunks is instance of list? True
2024-01-30 13:42:42,211 is input_dict is instance of dict? True
2024-01-30 13:42:43,026 Model Called
2024-01-30 13:42:43,027 RAM memory 64.2 used for Proforma_Invoice_5_0.png:
2024-01-30 13:42:43,027 is all_predictions is instance of list? True
2024-01-30 13:42:43,027 is all_boxes is instance of list? True
2024-01-30 13:42:43,027 is all_confidences is instance of list? True
2024-01-30 13:42:43,027 is all_text is instance of list? True
2024-01-30 13:42:43,027 is label2id is instance of dict? True
2024-01-30 13:42:43,027 is id2label is instance of dict? True
2024-01-30 13:42:43,028 is label2color is instance of dict? True
2024-01-30 13:42:43,028 label2color : {'signature': '#490CE7', 'remitter_address': '#9A44A7', 'O': '#E2B11C', 'notify_party_country': '#8CB8B5', 'port_of_loading': '#8F1D8E', 'beneficiary_account_number': '#6A0482', 'consignee_address': '#0F677C', 'beneficiary_iban_number': '#94D7A1', 'bill_of_lading_no': '#5B3238', 'pre-carriage-by': '#6F4CD0', 'invoice_discount_amount': '#F8F3F3', 'beneficiary_address': '#4EC36C', 'rate_per_unit': '#C1E7A9', 'original_or_copy': '#C0F51B', 'hs_code_no': '#05AFB6', 'bill_of_lading_date': '#A03601', 'declaration_by_issuer': '#97EF53', 'beneficiary_bank_identifier': '#75ACE7', 'vessel_flight_no': '#97AC37', 'goods_description': '#A3AD0D', 'incoterm': '#A8DEF6', 'invoice_due_date': '#19B874', 'tenor_type': '#E46E1E', 'country_of_origin_of_goods': '#B548DE', 'invoice_no': '#EAC5F7', 'cosignee_name': '#9094BF', 'total_quantity_of_goods': '#1AE2EC', 'consignor_address': '#99C3ED', 'invoice_tax_ccy': '#7848BF', 'gross_weight': '#40C682', 'notify_party_name': '#4A6FD7', 'dimension': '#DD20B7', 'consignor_name': '#DC3E4A', 'indicator_type': '#7D921C', 'invoice_tax_amount': '#FE8BAF', 'country_of_final_destination': '#F9F7A1', 'usance_tenor': '#82C2A2', 'date_of_invoice': '#054F60', 'invoice_currency': '#CA7A23', 'invoice_amount_in_words': '#F7B364', 'awb_number': '#FD0CD2', 'awb_date': '#DF8417', 'lc_ref_no': '#398F9C', 'vessel_name': '#38EB6A', 'net_weight': '#22E678', 'beneficiary_country': '#DAC1C7', 'beneficiary_drawer_exporter_seller_supplier_tin': '#C72D11', 'remitter_drawee_applicant_importer_buyer_name': '#02573A', 'transaction_date': '#D4B662', 'shipper_name': '#5C522D', 'indicator_date': '#AAFEC1', 'beneficiary_bank_country': '#739C7D', 'shipper_address': '#FB20CA', 'signature_of_the_issuer': '#E2E5C9', 'tenor_indicator': '#9FCBFA', 'delivery_terms': '#145FF6', 'transaction_currency': '#927E08', 'beneficiary_drawer_exporter_seller_supplier_name': '#97393E', 'page_no': '#7A923B', 'consignor_country': '#C7337B', 'beneficiary_bank_name': '#FC9C09', 'lc_date': '#23319C', 'invoice_discount_ccy': '#7F8525', 'transaction_amonunt_value': '#69A576', 'stamp': '#8CF6A7', 'notify_party_address': '#C51946', 'invoice_amount': '#90D62F', 'port_of_discharge': '#8A4506'}
2024-01-30 13:42:43,172 is result_set is instance of dict? True
2024-01-30 13:42:43,173 is final_result_set is instance of dict? True
2024-01-30 13:42:43,189 Time taken for page 1 of Proforma_Invoice_5_0.png:0:00:02.339790
2024-01-30 13:42:43,337 *****Generated All Pages****** for Proforma_Invoice_5_0.png
2024-01-30 13:42:43,337 RAM memory 64.5 used for Proforma_Invoice_5_0.png Generating All Pages:
2024-01-30 13:42:43,338 Processing time taken for all pages of Proforma_Invoice_5_0.png1:0:00:02.580397
2024-01-30 13:42:43,510 file name is:Proforma_Invoice_102_1.png
2024-01-30 13:42:43,510 folder path :Images
2024-01-30 13:42:43,510 Calling Image result
2024-01-30 13:42:43,510 is all_page_result is instance of dict? True
2024-01-30 13:42:43,547 STREAM b'IHDR' 16 13
2024-01-30 13:42:43,547 STREAM b'IDAT' 41 21689
2024-01-30 13:42:43,598 Checking spheric-time-383904-f1b421d86eef.json for explicit credentials as part of auth process...
2024-01-30 13:42:44,268 is words is instance of list? True
2024-01-30 13:42:44,268 is bboxes is instance of list? True
2024-01-30 13:42:44,268 is bounding_boxes is instance of list? True
2024-01-30 13:42:44,455 is input_id_chunks is instance of list? True
2024-01-30 13:42:44,455 is mask_chunks is instance of list? True
2024-01-30 13:42:44,455 is bbox_chunks is instance of list? True
2024-01-30 13:42:44,455 is image_chunks is instance of list? True
2024-01-30 13:42:44,456 is input_dict is instance of dict? True
2024-01-30 13:42:45,249 Model Called
2024-01-30 13:42:45,249 RAM memory 63.1 used for Proforma_Invoice_102_1.png:
2024-01-30 13:42:45,249 is all_predictions is instance of list? True
2024-01-30 13:42:45,249 is all_boxes is instance of list? True
2024-01-30 13:42:45,249 is all_confidences is instance of list? True
2024-01-30 13:42:45,249 is all_text is instance of list? True
2024-01-30 13:42:45,250 is label2id is instance of dict? True
2024-01-30 13:42:45,250 is id2label is instance of dict? True
2024-01-30 13:42:45,251 is label2color is instance of dict? True
2024-01-30 13:42:45,251 label2color : {'signature': '#9E0B79', 'remitter_address': '#92C8D9', 'O': '#1434F0', 'notify_party_country': '#1B9F53', 'port_of_loading': '#51BF9E', 'beneficiary_account_number': '#3B4638', 'consignee_address': '#7CBD4C', 'beneficiary_iban_number': '#87CD96', 'bill_of_lading_no': '#AEE27D', 'pre-carriage-by': '#042DF3', 'invoice_discount_amount': '#20DFD2', 'beneficiary_address': '#53FE5B', 'rate_per_unit': '#3ECA56', 'original_or_copy': '#C8E90B', 'hs_code_no': '#2C9A4A', 'bill_of_lading_date': '#00B583', 'declaration_by_issuer': '#F334EE', 'beneficiary_bank_identifier': '#923CE3', 'vessel_flight_no': '#C6E268', 'goods_description': '#705647', 'incoterm': '#62D09F', 'invoice_due_date': '#AE6DCD', 'tenor_type': '#4554ED', 'country_of_origin_of_goods': '#187AA1', 'invoice_no': '#667326', 'cosignee_name': '#7FA632', 'total_quantity_of_goods': '#1B761A', 'consignor_address': '#3BBF96', 'invoice_tax_ccy': '#0A58C4', 'gross_weight': '#51E8DA', 'notify_party_name': '#6FCB40', 'dimension': '#ABFDCD', 'consignor_name': '#8511CE', 'indicator_type': '#730CE2', 'invoice_tax_amount': '#E2BF0B', 'country_of_final_destination': '#3CB399', 'usance_tenor': '#FF0356', 'date_of_invoice': '#110DE8', 'invoice_currency': '#1C7456', 'invoice_amount_in_words': '#B6E66C', 'awb_number': '#D729E5', 'awb_date': '#95B577', 'lc_ref_no': '#19D04C', 'vessel_name': '#9807C9', 'net_weight': '#A8CD97', 'beneficiary_country': '#459F6C', 'beneficiary_drawer_exporter_seller_supplier_tin': '#9A36B4', 'remitter_drawee_applicant_importer_buyer_name': '#713577', 'transaction_date': '#63A99B', 'shipper_name': '#574D13', 'indicator_date': '#029306', 'beneficiary_bank_country': '#39BCF9', 'shipper_address': '#6A4991', 'signature_of_the_issuer': '#A35A23', 'tenor_indicator': '#F562D0', 'delivery_terms': '#669E70', 'transaction_currency': '#8A762D', 'beneficiary_drawer_exporter_seller_supplier_name': '#19FA68', 'page_no': '#0B42B8', 'consignor_country': '#A59F09', 'beneficiary_bank_name': '#7D461E', 'lc_date': '#4F4F6E', 'invoice_discount_ccy': '#3567EF', 'transaction_amonunt_value': '#54F4CA', 'stamp': '#A0B05E', 'notify_party_address': '#9C2DED', 'invoice_amount': '#5A665D', 'port_of_discharge': '#28C216'}
2024-01-30 13:42:45,427 is result_set is instance of dict? True
2024-01-30 13:42:45,427 is final_result_set is instance of dict? True
2024-01-30 13:42:45,437 Time taken for page 1 of Proforma_Invoice_102_1.png:0:00:01.889807
2024-01-30 13:42:45,554 *****Generated All Pages****** for Proforma_Invoice_102_1.png
2024-01-30 13:42:45,554 RAM memory 63.4 used for Proforma_Invoice_102_1.png Generating All Pages:
2024-01-30 13:42:45,554 Processing time taken for all pages of Proforma_Invoice_102_1.png1:0:00:02.043990
2024-01-30 13:42:45,710 file name is:Invoice_986_0.png
2024-01-30 13:42:45,710 folder path :Images
2024-01-30 13:42:45,710 Calling Image result
2024-01-30 13:42:45,710 is all_page_result is instance of dict? True
2024-01-30 13:42:45,711 STREAM b'IHDR' 16 13
2024-01-30 13:42:45,711 STREAM b'IDAT' 41 30062
2024-01-30 13:42:45,730 is words is instance of list? True
2024-01-30 13:42:45,730 is bboxes is instance of list? True
2024-01-30 13:42:45,730 is bounding_boxes is instance of list? True
2024-01-30 13:42:45,921 is input_id_chunks is instance of list? True
2024-01-30 13:42:45,921 is mask_chunks is instance of list? True
2024-01-30 13:42:45,921 is bbox_chunks is instance of list? True
2024-01-30 13:42:45,921 is image_chunks is instance of list? True
2024-01-30 13:42:45,922 is input_dict is instance of dict? True
2024-01-30 13:42:46,699 Model Called
2024-01-30 13:42:46,700 RAM memory 63.9 used for Invoice_986_0.png:
2024-01-30 13:42:46,700 is all_predictions is instance of list? True
2024-01-30 13:42:46,700 is all_boxes is instance of list? True
2024-01-30 13:42:46,700 is all_confidences is instance of list? True
2024-01-30 13:42:46,700 is all_text is instance of list? True
2024-01-30 13:42:46,701 is label2id is instance of dict? True
2024-01-30 13:42:46,701 is id2label is instance of dict? True
2024-01-30 13:42:46,702 is label2color is instance of dict? True
2024-01-30 13:42:46,702 label2color : {'signature': '#05E372', 'remitter_address': '#28FFC5', 'O': '#53E03C', 'notify_party_country': '#74D190', 'port_of_loading': '#161E86', 'beneficiary_account_number': '#E82705', 'consignee_address': '#AA3587', 'beneficiary_iban_number': '#59BAC4', 'bill_of_lading_no': '#FF62BE', 'pre-carriage-by': '#FEC605', 'invoice_discount_amount': '#C2C695', 'beneficiary_address': '#BDDFC5', 'rate_per_unit': '#3F6EDE', 'original_or_copy': '#BF76DE', 'hs_code_no': '#513500', 'bill_of_lading_date': '#231A7D', 'declaration_by_issuer': '#9281A2', 'beneficiary_bank_identifier': '#213037', 'vessel_flight_no': '#B79A82', 'goods_description': '#EB30BC', 'incoterm': '#30538E', 'invoice_due_date': '#CB3DEE', 'tenor_type': '#FAB94B', 'country_of_origin_of_goods': '#863499', 'invoice_no': '#9BF66F', 'cosignee_name': '#48EEC2', 'total_quantity_of_goods': '#3CD209', 'consignor_address': '#575588', 'invoice_tax_ccy': '#60014F', 'gross_weight': '#6A5E26', 'notify_party_name': '#65D0E3', 'dimension': '#D3992F', 'consignor_name': '#30C58B', 'indicator_type': '#7D6D20', 'invoice_tax_amount': '#343FFA', 'country_of_final_destination': '#7B774C', 'usance_tenor': '#354EE6', 'date_of_invoice': '#3FA398', 'invoice_currency': '#FABD4A', 'invoice_amount_in_words': '#539030', 'awb_number': '#4E3710', 'awb_date': '#80C95B', 'lc_ref_no': '#7C4BC2', 'vessel_name': '#4FDD6F', 'net_weight': '#0E576F', 'beneficiary_country': '#122BB3', 'beneficiary_drawer_exporter_seller_supplier_tin': '#B6F751', 'remitter_drawee_applicant_importer_buyer_name': '#A6EE9A', 'transaction_date': '#15737D', 'shipper_name': '#01768F', 'indicator_date': '#D800F3', 'beneficiary_bank_country': '#2C0FB1', 'shipper_address': '#3436BD', 'signature_of_the_issuer': '#95BD0A', 'tenor_indicator': '#B4094B', 'delivery_terms': '#806996', 'transaction_currency': '#EED864', 'beneficiary_drawer_exporter_seller_supplier_name': '#319209', 'page_no': '#4CE6D4', 'consignor_country': '#4B2C92', 'beneficiary_bank_name': '#B185A3', 'lc_date': '#8B39A0', 'invoice_discount_ccy': '#41E001', 'transaction_amonunt_value': '#8CF215', 'stamp': '#3D2CE6', 'notify_party_address': '#A94CC9', 'invoice_amount': '#4B5A66', 'port_of_discharge': '#5AD965'}
2024-01-30 13:42:46,854 is result_set is instance of dict? True
2024-01-30 13:42:46,855 is final_result_set is instance of dict? True
2024-01-30 13:42:46,880 Time taken for page 1 of Invoice_986_0.png:0:00:01.168713
2024-01-30 13:42:46,997 *****Generated All Pages****** for Invoice_986_0.png
2024-01-30 13:42:46,997 RAM memory 64.2 used for Invoice_986_0.png Generating All Pages:
2024-01-30 13:42:46,997 Processing time taken for all pages of Invoice_986_0.png1:0:00:01.287295
2024-01-30 13:42:47,152 file name is:Invoice_983_0.png
2024-01-30 13:42:47,152 folder path :Images
2024-01-30 13:42:47,152 Calling Image result
2024-01-30 13:42:47,152 is all_page_result is instance of dict? True
2024-01-30 13:42:47,228 STREAM b'IHDR' 16 13
2024-01-30 13:42:47,228 STREAM b'IDAT' 41 17189
2024-01-30 13:42:47,234 is words is instance of list? True
2024-01-30 13:42:47,235 is bboxes is instance of list? True
2024-01-30 13:42:47,235 is bounding_boxes is instance of list? True
2024-01-30 13:42:47,298 is input_id_chunks is instance of list? True
2024-01-30 13:42:47,298 is mask_chunks is instance of list? True
2024-01-30 13:42:47,298 is bbox_chunks is instance of list? True
2024-01-30 13:42:47,298 is image_chunks is instance of list? True
2024-01-30 13:42:47,299 is input_dict is instance of dict? True
2024-01-30 13:42:48,894 Model Called
2024-01-30 13:42:48,894 RAM memory 69.7 used for Invoice_983_0.png:
2024-01-30 13:42:48,894 is all_predictions is instance of list? True
2024-01-30 13:42:48,894 is all_boxes is instance of list? True
2024-01-30 13:42:48,894 is all_confidences is instance of list? True
2024-01-30 13:42:48,894 is all_text is instance of list? True
2024-01-30 13:42:48,895 is label2id is instance of dict? True
2024-01-30 13:42:48,895 is id2label is instance of dict? True
2024-01-30 13:42:48,895 is label2color is instance of dict? True
2024-01-30 13:42:48,895 label2color : {'signature': '#8411E0', 'remitter_address': '#CF3F85', 'O': '#1E73AE', 'notify_party_country': '#8052FE', 'port_of_loading': '#D77647', 'beneficiary_account_number': '#F3810B', 'consignee_address': '#021BFA', 'beneficiary_iban_number': '#14D6E2', 'bill_of_lading_no': '#662F75', 'pre-carriage-by': '#07E739', 'invoice_discount_amount': '#9DE613', 'beneficiary_address': '#123684', 'rate_per_unit': '#405392', 'original_or_copy': '#272B25', 'hs_code_no': '#25CCB2', 'bill_of_lading_date': '#C918DE', 'declaration_by_issuer': '#F87ABE', 'beneficiary_bank_identifier': '#0B970B', 'vessel_flight_no': '#01D34D', 'goods_description': '#77613E', 'incoterm': '#6E5F45', 'invoice_due_date': '#527BDA', 'tenor_type': '#437818', 'country_of_origin_of_goods': '#35AA6D', 'invoice_no': '#C47E27', 'cosignee_name': '#137E34', 'total_quantity_of_goods': '#2899E7', 'consignor_address': '#1937F0', 'invoice_tax_ccy': '#423C3F', 'gross_weight': '#AC41B4', 'notify_party_name': '#F3D359', 'dimension': '#2F2E1D', 'consignor_name': '#D5C6E8', 'indicator_type': '#DF8DCA', 'invoice_tax_amount': '#118575', 'country_of_final_destination': '#CBEAE8', 'usance_tenor': '#E214FA', 'date_of_invoice': '#270DB1', 'invoice_currency': '#E187BA', 'invoice_amount_in_words': '#6C4089', 'awb_number': '#F9B464', 'awb_date': '#4DB066', 'lc_ref_no': '#88BC51', 'vessel_name': '#78D92C', 'net_weight': '#3B775B', 'beneficiary_country': '#FA4FAE', 'beneficiary_drawer_exporter_seller_supplier_tin': '#09E319', 'remitter_drawee_applicant_importer_buyer_name': '#43942B', 'transaction_date': '#FADF6C', 'shipper_name': '#95CCEA', 'indicator_date': '#5E0F72', 'beneficiary_bank_country': '#88AC61', 'shipper_address': '#1C5E31', 'signature_of_the_issuer': '#647436', 'tenor_indicator': '#D9820A', 'delivery_terms': '#68F643', 'transaction_currency': '#B4809E', 'beneficiary_drawer_exporter_seller_supplier_name': '#4E459F', 'page_no': '#A2576B', 'consignor_country': '#9AEE13', 'beneficiary_bank_name': '#137B28', 'lc_date': '#B2EBBB', 'invoice_discount_ccy': '#3B22B6', 'transaction_amonunt_value': '#CA26A3', 'stamp': '#CB2A73', 'notify_party_address': '#261D4F', 'invoice_amount': '#4592AA', 'port_of_discharge': '#69B35F'}
2024-01-30 13:42:48,964 is result_set is instance of dict? True
2024-01-30 13:42:48,965 is final_result_set is instance of dict? True
2024-01-30 13:42:48,999 Time taken for page 1 of Invoice_983_0.png:0:00:01.771045
2024-01-30 13:42:49,040 *****Generated All Pages****** for Invoice_983_0.png
2024-01-30 13:42:49,040 RAM memory 68.0 used for Invoice_983_0.png Generating All Pages:
2024-01-30 13:42:49,040 Processing time taken for all pages of Invoice_983_0.png1:0:00:01.888146
2024-01-30 13:42:49,240 file name is:Invoice_981_0.png
2024-01-30 13:42:49,240 folder path :Images
2024-01-30 13:42:49,240 Calling Image result
2024-01-30 13:42:49,240 is all_page_result is instance of dict? True
2024-01-30 13:42:49,330 STREAM b'IHDR' 16 13
2024-01-30 13:42:49,330 STREAM b'IDAT' 41 55912
2024-01-30 13:42:49,354 is words is instance of list? True
2024-01-30 13:42:49,355 is bboxes is instance of list? True
2024-01-30 13:42:49,355 is bounding_boxes is instance of list? True
2024-01-30 13:42:49,591 is input_id_chunks is instance of list? True
2024-01-30 13:42:49,591 is mask_chunks is instance of list? True
2024-01-30 13:42:49,591 is bbox_chunks is instance of list? True
2024-01-30 13:42:49,591 is image_chunks is instance of list? True
2024-01-30 13:42:49,592 is input_dict is instance of dict? True
2024-01-30 13:42:51,168 Model Called
2024-01-30 13:42:51,168 RAM memory 68.9 used for Invoice_981_0.png:
2024-01-30 13:42:51,168 is all_predictions is instance of list? True
2024-01-30 13:42:51,168 is all_boxes is instance of list? True
2024-01-30 13:42:51,168 is all_confidences is instance of list? True
2024-01-30 13:42:51,168 is all_text is instance of list? True
2024-01-30 13:42:51,169 is label2id is instance of dict? True
2024-01-30 13:42:51,169 is id2label is instance of dict? True
2024-01-30 13:42:51,170 is label2color is instance of dict? True
2024-01-30 13:42:51,170 label2color : {'signature': '#B718BB', 'remitter_address': '#DCF78B', 'O': '#745B6C', 'notify_party_country': '#F3BD58', 'port_of_loading': '#487D2F', 'beneficiary_account_number': '#3400C4', 'consignee_address': '#197366', 'beneficiary_iban_number': '#AF82CF', 'bill_of_lading_no': '#70C83A', 'pre-carriage-by': '#87D092', 'invoice_discount_amount': '#CEA489', 'beneficiary_address': '#51E78F', 'rate_per_unit': '#B81A44', 'original_or_copy': '#C28D4A', 'hs_code_no': '#F6DDD2', 'bill_of_lading_date': '#334DA2', 'declaration_by_issuer': '#2AA496', 'beneficiary_bank_identifier': '#3203E4', 'vessel_flight_no': '#F6B42D', 'goods_description': '#110916', 'incoterm': '#BEF7C5', 'invoice_due_date': '#64B69C', 'tenor_type': '#1C39AC', 'country_of_origin_of_goods': '#777C8B', 'invoice_no': '#97A823', 'cosignee_name': '#CF3B92', 'total_quantity_of_goods': '#AC639F', 'consignor_address': '#7F5B87', 'invoice_tax_ccy': '#337590', 'gross_weight': '#642011', 'notify_party_name': '#DDB569', 'dimension': '#C19EC4', 'consignor_name': '#272A18', 'indicator_type': '#A35E5B', 'invoice_tax_amount': '#5ED433', 'country_of_final_destination': '#019246', 'usance_tenor': '#29B0AA', 'date_of_invoice': '#45ADFB', 'invoice_currency': '#9AE1AA', 'invoice_amount_in_words': '#9C642B', 'awb_number': '#DCAB56', 'awb_date': '#EBF659', 'lc_ref_no': '#0AA7C9', 'vessel_name': '#F8D97B', 'net_weight': '#9208B4', 'beneficiary_country': '#E30943', 'beneficiary_drawer_exporter_seller_supplier_tin': '#BCC6B3', 'remitter_drawee_applicant_importer_buyer_name': '#E74583', 'transaction_date': '#F9DAAE', 'shipper_name': '#26B240', 'indicator_date': '#60BAFB', 'beneficiary_bank_country': '#AA5623', 'shipper_address': '#7C1AD5', 'signature_of_the_issuer': '#1EC8C7', 'tenor_indicator': '#4F2402', 'delivery_terms': '#2D204D', 'transaction_currency': '#A04AF1', 'beneficiary_drawer_exporter_seller_supplier_name': '#17110A', 'page_no': '#6C9266', 'consignor_country': '#C13D77', 'beneficiary_bank_name': '#453950', 'lc_date': '#05BA57', 'invoice_discount_ccy': '#E53CA9', 'transaction_amonunt_value': '#3597F4', 'stamp': '#8BE260', 'notify_party_address': '#8AF2B7', 'invoice_amount': '#616581', 'port_of_discharge': '#E0AB58'}
2024-01-30 13:42:51,363 is result_set is instance of dict? True
2024-01-30 13:42:51,364 is final_result_set is instance of dict? True
2024-01-30 13:42:51,400 Time taken for page 1 of Invoice_981_0.png:0:00:02.070425
2024-01-30 13:42:51,535 *****Generated All Pages****** for Invoice_981_0.png
2024-01-30 13:42:51,535 RAM memory 69.1 used for Invoice_981_0.png Generating All Pages:
2024-01-30 13:42:51,535 Processing time taken for all pages of Invoice_981_0.png1:0:00:02.295404
2024-01-30 13:42:51,722 file name is:Invoice_981_14.png
2024-01-30 13:42:51,722 folder path :Images
2024-01-30 13:42:51,723 Calling Image result
2024-01-30 13:42:51,723 is all_page_result is instance of dict? True
2024-01-30 13:42:51,827 STREAM b'IHDR' 16 13
2024-01-30 13:42:51,827 STREAM b'IDAT' 41 53031
2024-01-30 13:42:51,872 is words is instance of list? True
2024-01-30 13:42:51,872 is bboxes is instance of list? True
2024-01-30 13:42:51,872 is bounding_boxes is instance of list? True
2024-01-30 13:42:52,138 is input_id_chunks is instance of list? True
2024-01-30 13:42:52,138 is mask_chunks is instance of list? True
2024-01-30 13:42:52,138 is bbox_chunks is instance of list? True
2024-01-30 13:42:52,138 is image_chunks is instance of list? True
2024-01-30 13:42:52,138 is input_dict is instance of dict? True
2024-01-30 13:42:53,745 Model Called
2024-01-30 13:42:53,746 RAM memory 69.8 used for Invoice_981_14.png:
2024-01-30 13:42:53,746 is all_predictions is instance of list? True
2024-01-30 13:42:53,746 is all_boxes is instance of list? True
2024-01-30 13:42:53,746 is all_confidences is instance of list? True
2024-01-30 13:42:53,746 is all_text is instance of list? True
2024-01-30 13:42:53,746 is label2id is instance of dict? True
2024-01-30 13:42:53,746 is id2label is instance of dict? True
2024-01-30 13:42:53,747 is label2color is instance of dict? True
2024-01-30 13:42:53,747 label2color : {'signature': '#341D6B', 'remitter_address': '#27A1C1', 'O': '#0B2C3C', 'notify_party_country': '#8EC78E', 'port_of_loading': '#EF2339', 'beneficiary_account_number': '#948393', 'consignee_address': '#7EA006', 'beneficiary_iban_number': '#CAC268', 'bill_of_lading_no': '#7A5C14', 'pre-carriage-by': '#60CE35', 'invoice_discount_amount': '#132AF0', 'beneficiary_address': '#ADE647', 'rate_per_unit': '#CC1E45', 'original_or_copy': '#1638A5', 'hs_code_no': '#B6B06A', 'bill_of_lading_date': '#6B92D6', 'declaration_by_issuer': '#DC4FFE', 'beneficiary_bank_identifier': '#4A4A45', 'vessel_flight_no': '#8B7116', 'goods_description': '#D41B4A', 'incoterm': '#844C51', 'invoice_due_date': '#C440FE', 'tenor_type': '#1E2004', 'country_of_origin_of_goods': '#BB9B4B', 'invoice_no': '#B61AE5', 'cosignee_name': '#32F0F5', 'total_quantity_of_goods': '#C70CC6', 'consignor_address': '#9A463C', 'invoice_tax_ccy': '#666B8C', 'gross_weight': '#0BA0B3', 'notify_party_name': '#7374C5', 'dimension': '#4CCE24', 'consignor_name': '#D2BF28', 'indicator_type': '#1014A5', 'invoice_tax_amount': '#D81378', 'country_of_final_destination': '#D65427', 'usance_tenor': '#535B71', 'date_of_invoice': '#963EE2', 'invoice_currency': '#425E7A', 'invoice_amount_in_words': '#23A54E', 'awb_number': '#D5F45D', 'awb_date': '#5CFB78', 'lc_ref_no': '#72B6AA', 'vessel_name': '#B0CFDB', 'net_weight': '#7053B3', 'beneficiary_country': '#BC4B52', 'beneficiary_drawer_exporter_seller_supplier_tin': '#CA0551', 'remitter_drawee_applicant_importer_buyer_name': '#5DF604', 'transaction_date': '#769B0F', 'shipper_name': '#716C9B', 'indicator_date': '#250383', 'beneficiary_bank_country': '#E59B6B', 'shipper_address': '#2DDC41', 'signature_of_the_issuer': '#124D8A', 'tenor_indicator': '#BC2141', 'delivery_terms': '#9B3829', 'transaction_currency': '#15D9F0', 'beneficiary_drawer_exporter_seller_supplier_name': '#465BC8', 'page_no': '#F698D9', 'consignor_country': '#D0E5BC', 'beneficiary_bank_name': '#43FDB2', 'lc_date': '#F323B3', 'invoice_discount_ccy': '#9C780B', 'transaction_amonunt_value': '#B19D93', 'stamp': '#BDE594', 'notify_party_address': '#558999', 'invoice_amount': '#B9BBA2', 'port_of_discharge': '#8220E3'}
2024-01-30 13:42:54,016 is result_set is instance of dict? True
2024-01-30 13:42:54,017 is final_result_set is instance of dict? True
2024-01-30 13:42:54,054 Time taken for page 1 of Invoice_981_14.png:0:00:02.227106
2024-01-30 13:42:54,219 *****Generated All Pages****** for Invoice_981_14.png
2024-01-30 13:42:54,220 RAM memory 68.0 used for Invoice_981_14.png Generating All Pages:
2024-01-30 13:42:54,220 Processing time taken for all pages of Invoice_981_14.png1:0:00:02.496719
2024-01-30 13:42:54,399 file name is:Proforma_Invoice_872_1.png
2024-01-30 13:42:54,399 folder path :Images
2024-01-30 13:42:54,400 Calling Image result
2024-01-30 13:42:54,400 is all_page_result is instance of dict? True
2024-01-30 13:42:54,400 STREAM b'IHDR' 16 13
2024-01-30 13:42:54,400 STREAM b'IDAT' 41 52159
2024-01-30 13:42:54,419 is words is instance of list? True
2024-01-30 13:42:54,419 is bboxes is instance of list? True
2024-01-30 13:42:54,419 is bounding_boxes is instance of list? True
2024-01-30 13:42:54,626 is input_id_chunks is instance of list? True
2024-01-30 13:42:54,626 is mask_chunks is instance of list? True
2024-01-30 13:42:54,626 is bbox_chunks is instance of list? True
2024-01-30 13:42:54,626 is image_chunks is instance of list? True
2024-01-30 13:42:54,627 is input_dict is instance of dict? True
2024-01-30 13:42:55,399 Model Called
2024-01-30 13:42:55,399 RAM memory 62.6 used for Proforma_Invoice_872_1.png:
2024-01-30 13:42:55,399 is all_predictions is instance of list? True
2024-01-30 13:42:55,399 is all_boxes is instance of list? True
2024-01-30 13:42:55,399 is all_confidences is instance of list? True
2024-01-30 13:42:55,399 is all_text is instance of list? True
2024-01-30 13:42:55,400 is label2id is instance of dict? True
2024-01-30 13:42:55,400 is id2label is instance of dict? True
2024-01-30 13:42:55,401 is label2color is instance of dict? True
2024-01-30 13:42:55,401 label2color : {'signature': '#797BB7', 'remitter_address': '#9D37A9', 'O': '#CB5248', 'notify_party_country': '#5CE5DE', 'port_of_loading': '#422CED', 'beneficiary_account_number': '#1ACBED', 'consignee_address': '#0EB340', 'beneficiary_iban_number': '#B15673', 'bill_of_lading_no': '#C69E7F', 'pre-carriage-by': '#39C57F', 'invoice_discount_amount': '#EC4D59', 'beneficiary_address': '#BF501E', 'rate_per_unit': '#EE30CD', 'original_or_copy': '#0ED94F', 'hs_code_no': '#2F18F0', 'bill_of_lading_date': '#1B2DB1', 'declaration_by_issuer': '#699CBB', 'beneficiary_bank_identifier': '#2F37B8', 'vessel_flight_no': '#33E6E4', 'goods_description': '#E4B2D0', 'incoterm': '#100BE1', 'invoice_due_date': '#56C11D', 'tenor_type': '#A49D02', 'country_of_origin_of_goods': '#1CE6F6', 'invoice_no': '#C8A5AE', 'cosignee_name': '#636B88', 'total_quantity_of_goods': '#FEDCC2', 'consignor_address': '#4B2C1F', 'invoice_tax_ccy': '#3700E8', 'gross_weight': '#65773B', 'notify_party_name': '#FB3988', 'dimension': '#3F480A', 'consignor_name': '#295D25', 'indicator_type': '#41B485', 'invoice_tax_amount': '#2206CB', 'country_of_final_destination': '#EED053', 'usance_tenor': '#E0FBCA', 'date_of_invoice': '#9DC23C', 'invoice_currency': '#2E5239', 'invoice_amount_in_words': '#37C879', 'awb_number': '#E2DFAF', 'awb_date': '#75FF91', 'lc_ref_no': '#4A3711', 'vessel_name': '#B2608E', 'net_weight': '#61D2C7', 'beneficiary_country': '#576BE8', 'beneficiary_drawer_exporter_seller_supplier_tin': '#052DF9', 'remitter_drawee_applicant_importer_buyer_name': '#1C4E17', 'transaction_date': '#EE9E7A', 'shipper_name': '#1112CF', 'indicator_date': '#724264', 'beneficiary_bank_country': '#DB7F1D', 'shipper_address': '#6E47F6', 'signature_of_the_issuer': '#4901AD', 'tenor_indicator': '#06F52D', 'delivery_terms': '#EA384C', 'transaction_currency': '#F21870', 'beneficiary_drawer_exporter_seller_supplier_name': '#88945B', 'page_no': '#104486', 'consignor_country': '#E18B88', 'beneficiary_bank_name': '#EDA455', 'lc_date': '#101B18', 'invoice_discount_ccy': '#3858B4', 'transaction_amonunt_value': '#7268CB', 'stamp': '#34FFBD', 'notify_party_address': '#E753AF', 'invoice_amount': '#C775C1', 'port_of_discharge': '#80BFDC'}
2024-01-30 13:42:55,545 is result_set is instance of dict? True
2024-01-30 13:42:55,546 is final_result_set is instance of dict? True
2024-01-30 13:42:55,574 Time taken for page 1 of Proforma_Invoice_872_1.png:0:00:01.173220
2024-01-30 13:42:55,707 *****Generated All Pages****** for Proforma_Invoice_872_1.png
2024-01-30 13:42:55,707 RAM memory 63.1 used for Proforma_Invoice_872_1.png Generating All Pages:
2024-01-30 13:42:55,707 Processing time taken for all pages of Proforma_Invoice_872_1.png1:0:00:01.307775
2024-01-30 13:42:55,853 file name is:Invoice_984_0.png
2024-01-30 13:42:55,853 folder path :Images
2024-01-30 13:42:55,853 Calling Image result
2024-01-30 13:42:55,853 is all_page_result is instance of dict? True
2024-01-30 13:42:55,854 STREAM b'IHDR' 16 13
2024-01-30 13:42:55,854 STREAM b'IDAT' 41 49650
2024-01-30 13:42:55,874 is words is instance of list? True
2024-01-30 13:42:55,874 is bboxes is instance of list? True
2024-01-30 13:42:55,874 is bounding_boxes is instance of list? True
2024-01-30 13:42:56,089 is input_id_chunks is instance of list? True
2024-01-30 13:42:56,089 is mask_chunks is instance of list? True
2024-01-30 13:42:56,089 is bbox_chunks is instance of list? True
2024-01-30 13:42:56,089 is image_chunks is instance of list? True
2024-01-30 13:42:56,090 is input_dict is instance of dict? True
2024-01-30 13:42:57,726 Model Called
2024-01-30 13:42:57,726 RAM memory 69.8 used for Invoice_984_0.png:
2024-01-30 13:42:57,727 is all_predictions is instance of list? True
2024-01-30 13:42:57,727 is all_boxes is instance of list? True
2024-01-30 13:42:57,727 is all_confidences is instance of list? True
2024-01-30 13:42:57,727 is all_text is instance of list? True
2024-01-30 13:42:57,727 is label2id is instance of dict? True
2024-01-30 13:42:57,727 is id2label is instance of dict? True
2024-01-30 13:42:57,728 is label2color is instance of dict? True
2024-01-30 13:42:57,728 label2color : {'signature': '#0741D9', 'remitter_address': '#9E5254', 'O': '#449DB5', 'notify_party_country': '#3BA4F7', 'port_of_loading': '#60D47A', 'beneficiary_account_number': '#90D460', 'consignee_address': '#4D5C27', 'beneficiary_iban_number': '#2713E8', 'bill_of_lading_no': '#1531DD', 'pre-carriage-by': '#5327EE', 'invoice_discount_amount': '#B56A53', 'beneficiary_address': '#4CCA34', 'rate_per_unit': '#06CFEC', 'original_or_copy': '#D9663D', 'hs_code_no': '#E7B9D7', 'bill_of_lading_date': '#8E52E3', 'declaration_by_issuer': '#30CD6D', 'beneficiary_bank_identifier': '#E9B2A3', 'vessel_flight_no': '#2C652E', 'goods_description': '#41B021', 'incoterm': '#86D2C6', 'invoice_due_date': '#9A6D87', 'tenor_type': '#4CD7E6', 'country_of_origin_of_goods': '#9B0BE0', 'invoice_no': '#DAAE26', 'cosignee_name': '#AF72A9', 'total_quantity_of_goods': '#55E4F2', 'consignor_address': '#63D151', 'invoice_tax_ccy': '#1ACA92', 'gross_weight': '#F6808E', 'notify_party_name': '#2AD445', 'dimension': '#4782EA', 'consignor_name': '#BC6100', 'indicator_type': '#A42046', 'invoice_tax_amount': '#206126', 'country_of_final_destination': '#3F67ED', 'usance_tenor': '#0BE2FD', 'date_of_invoice': '#2F0549', 'invoice_currency': '#01FBDB', 'invoice_amount_in_words': '#934EFE', 'awb_number': '#673B6C', 'awb_date': '#4A24AA', 'lc_ref_no': '#B7ED3B', 'vessel_name': '#8CF3C3', 'net_weight': '#D82F54', 'beneficiary_country': '#FF556D', 'beneficiary_drawer_exporter_seller_supplier_tin': '#848895', 'remitter_drawee_applicant_importer_buyer_name': '#10127F', 'transaction_date': '#CAAC4A', 'shipper_name': '#8D6C3F', 'indicator_date': '#52B73E', 'beneficiary_bank_country': '#15DBE9', 'shipper_address': '#9D15E0', 'signature_of_the_issuer': '#47F491', 'tenor_indicator': '#B2AAD6', 'delivery_terms': '#3041A2', 'transaction_currency': '#69CCCD', 'beneficiary_drawer_exporter_seller_supplier_name': '#4CF06B', 'page_no': '#FECC22', 'consignor_country': '#11C31F', 'beneficiary_bank_name': '#CF75FC', 'lc_date': '#756B81', 'invoice_discount_ccy': '#BAAC4B', 'transaction_amonunt_value': '#C2347A', 'stamp': '#533BDC', 'notify_party_address': '#B0D1C0', 'invoice_amount': '#B194BE', 'port_of_discharge': '#139695'}
2024-01-30 13:42:57,917 is result_set is instance of dict? True
2024-01-30 13:42:57,918 is final_result_set is instance of dict? True
2024-01-30 13:42:57,953 Time taken for page 1 of Invoice_984_0.png:0:00:02.098730
2024-01-30 13:42:58,088 *****Generated All Pages****** for Invoice_984_0.png
2024-01-30 13:42:58,088 RAM memory 70.0 used for Invoice_984_0.png Generating All Pages:
2024-01-30 13:42:58,088 Processing time taken for all pages of Invoice_984_0.png1:0:00:02.235012
2024-01-30 13:42:58,277 file name is:Invoice_969_4.png
2024-01-30 13:42:58,277 folder path :Images
2024-01-30 13:42:58,277 Calling Image result
2024-01-30 13:42:58,277 is all_page_result is instance of dict? True
2024-01-30 13:42:58,402 STREAM b'IHDR' 16 13
2024-01-30 13:42:58,402 STREAM b'IDAT' 41 47907
2024-01-30 13:42:58,422 is words is instance of list? True
2024-01-30 13:42:58,423 is bboxes is instance of list? True
2024-01-30 13:42:58,423 is bounding_boxes is instance of list? True
2024-01-30 13:42:58,640 is input_id_chunks is instance of list? True
2024-01-30 13:42:58,640 is mask_chunks is instance of list? True
2024-01-30 13:42:58,640 is bbox_chunks is instance of list? True
2024-01-30 13:42:58,640 is image_chunks is instance of list? True
2024-01-30 13:42:58,641 is input_dict is instance of dict? True
2024-01-30 13:43:00,029 Model Called
2024-01-30 13:43:00,029 RAM memory 68.4 used for Invoice_969_4.png:
2024-01-30 13:43:00,029 is all_predictions is instance of list? True
2024-01-30 13:43:00,029 is all_boxes is instance of list? True
2024-01-30 13:43:00,029 is all_confidences is instance of list? True
2024-01-30 13:43:00,029 is all_text is instance of list? True
2024-01-30 13:43:00,029 is label2id is instance of dict? True
2024-01-30 13:43:00,029 is id2label is instance of dict? True
2024-01-30 13:43:00,030 is label2color is instance of dict? True
2024-01-30 13:43:00,030 label2color : {'signature': '#A0DFA2', 'remitter_address': '#B9EE23', 'O': '#FF07B9', 'notify_party_country': '#7E4349', 'port_of_loading': '#E3E319', 'beneficiary_account_number': '#599138', 'consignee_address': '#FE7354', 'beneficiary_iban_number': '#DAA4B1', 'bill_of_lading_no': '#A41CA3', 'pre-carriage-by': '#488F05', 'invoice_discount_amount': '#8AD195', 'beneficiary_address': '#5982E1', 'rate_per_unit': '#89846A', 'original_or_copy': '#79B3B8', 'hs_code_no': '#3F084C', 'bill_of_lading_date': '#822A15', 'declaration_by_issuer': '#B75AF5', 'beneficiary_bank_identifier': '#3CA31C', 'vessel_flight_no': '#F29BA0', 'goods_description': '#2F0174', 'incoterm': '#45FBB6', 'invoice_due_date': '#7CB15F', 'tenor_type': '#87DAA1', 'country_of_origin_of_goods': '#280004', 'invoice_no': '#CE8A48', 'cosignee_name': '#30976F', 'total_quantity_of_goods': '#7C40B8', 'consignor_address': '#6A5764', 'invoice_tax_ccy': '#17CCE6', 'gross_weight': '#ABFC34', 'notify_party_name': '#3C63BE', 'dimension': '#5267F9', 'consignor_name': '#DE37AD', 'indicator_type': '#74F862', 'invoice_tax_amount': '#D066E4', 'country_of_final_destination': '#E2DD70', 'usance_tenor': '#6AC197', 'date_of_invoice': '#9CBDC9', 'invoice_currency': '#B8036B', 'invoice_amount_in_words': '#E3B736', 'awb_number': '#E7F67B', 'awb_date': '#5926A0', 'lc_ref_no': '#235116', 'vessel_name': '#C3F655', 'net_weight': '#50B19C', 'beneficiary_country': '#FF4017', 'beneficiary_drawer_exporter_seller_supplier_tin': '#447F46', 'remitter_drawee_applicant_importer_buyer_name': '#AAB19E', 'transaction_date': '#4081F5', 'shipper_name': '#E01DE7', 'indicator_date': '#B4F542', 'beneficiary_bank_country': '#257035', 'shipper_address': '#3C3F5D', 'signature_of_the_issuer': '#766D18', 'tenor_indicator': '#8985A6', 'delivery_terms': '#713533', 'transaction_currency': '#B66287', 'beneficiary_drawer_exporter_seller_supplier_name': '#A8DF5C', 'page_no': '#5282AC', 'consignor_country': '#91B130', 'beneficiary_bank_name': '#361A8A', 'lc_date': '#C76EF7', 'invoice_discount_ccy': '#C4E935', 'transaction_amonunt_value': '#00F3DA', 'stamp': '#1382EF', 'notify_party_address': '#B058A6', 'invoice_amount': '#6F3F0C', 'port_of_discharge': '#791457'}
2024-01-30 13:43:00,227 is result_set is instance of dict? True
2024-01-30 13:43:00,228 is final_result_set is instance of dict? True
2024-01-30 13:43:00,251 Time taken for page 1 of Invoice_969_4.png:0:00:01.848491
2024-01-30 13:43:00,395 *****Generated All Pages****** for Invoice_969_4.png
2024-01-30 13:43:00,396 RAM memory 68.8 used for Invoice_969_4.png Generating All Pages:
2024-01-30 13:43:00,396 Processing time taken for all pages of Invoice_969_4.png1:0:00:02.118268
2024-01-30 13:43:00,583 file name is:Invoice_981_6.png
2024-01-30 13:43:00,583 folder path :Images
2024-01-30 13:43:00,583 Calling Image result
2024-01-30 13:43:00,583 is all_page_result is instance of dict? True
2024-01-30 13:43:00,589 STREAM b'IHDR' 16 13
2024-01-30 13:43:00,589 STREAM b'IDAT' 41 51977
2024-01-30 13:43:00,610 is words is instance of list? True
2024-01-30 13:43:00,611 is bboxes is instance of list? True
2024-01-30 13:43:00,611 is bounding_boxes is instance of list? True
2024-01-30 13:43:00,987 is input_id_chunks is instance of list? True
2024-01-30 13:43:00,988 is mask_chunks is instance of list? True
2024-01-30 13:43:00,988 is bbox_chunks is instance of list? True
2024-01-30 13:43:00,988 is image_chunks is instance of list? True
2024-01-30 13:43:00,988 is input_dict is instance of dict? True
2024-01-30 13:43:02,557 Model Called
2024-01-30 13:43:02,557 RAM memory 69.7 used for Invoice_981_6.png:
2024-01-30 13:43:02,557 is all_predictions is instance of list? True
2024-01-30 13:43:02,557 is all_boxes is instance of list? True
2024-01-30 13:43:02,557 is all_confidences is instance of list? True
2024-01-30 13:43:02,557 is all_text is instance of list? True
2024-01-30 13:43:02,558 is label2id is instance of dict? True
2024-01-30 13:43:02,558 is id2label is instance of dict? True
2024-01-30 13:43:02,559 is label2color is instance of dict? True
2024-01-30 13:43:02,559 label2color : {'signature': '#B9B0CF', 'remitter_address': '#FD55FC', 'O': '#149C07', 'notify_party_country': '#19C93E', 'port_of_loading': '#1AE897', 'beneficiary_account_number': '#AFE8BD', 'consignee_address': '#E1489D', 'beneficiary_iban_number': '#0B95E8', 'bill_of_lading_no': '#C4ECEA', 'pre-carriage-by': '#0FFCC8', 'invoice_discount_amount': '#990E12', 'beneficiary_address': '#DF3894', 'rate_per_unit': '#01291C', 'original_or_copy': '#D7159F', 'hs_code_no': '#7AABC2', 'bill_of_lading_date': '#804484', 'declaration_by_issuer': '#4500AA', 'beneficiary_bank_identifier': '#8C88B7', 'vessel_flight_no': '#69128D', 'goods_description': '#990E38', 'incoterm': '#FA1D3D', 'invoice_due_date': '#05F51F', 'tenor_type': '#5DC48C', 'country_of_origin_of_goods': '#3EDF54', 'invoice_no': '#255ED2', 'cosignee_name': '#B9CE3C', 'total_quantity_of_goods': '#8BE712', 'consignor_address': '#038F31', 'invoice_tax_ccy': '#3B1B8C', 'gross_weight': '#B12147', 'notify_party_name': '#F8D1A7', 'dimension': '#0BF167', 'consignor_name': '#3FE181', 'indicator_type': '#DAEE13', 'invoice_tax_amount': '#AD7393', 'country_of_final_destination': '#3B30C7', 'usance_tenor': '#247817', 'date_of_invoice': '#6D267F', 'invoice_currency': '#0E9484', 'invoice_amount_in_words': '#AF4ECE', 'awb_number': '#5E5046', 'awb_date': '#597B99', 'lc_ref_no': '#93BBE3', 'vessel_name': '#FF557C', 'net_weight': '#D870C8', 'beneficiary_country': '#4FC003', 'beneficiary_drawer_exporter_seller_supplier_tin': '#758A7E', 'remitter_drawee_applicant_importer_buyer_name': '#B60CED', 'transaction_date': '#6C2D55', 'shipper_name': '#39CEC4', 'indicator_date': '#248FAF', 'beneficiary_bank_country': '#36A2B6', 'shipper_address': '#EBF68A', 'signature_of_the_issuer': '#342A40', 'tenor_indicator': '#E181CA', 'delivery_terms': '#2CE309', 'transaction_currency': '#70696E', 'beneficiary_drawer_exporter_seller_supplier_name': '#FAD9CE', 'page_no': '#F01398', 'consignor_country': '#FB15B2', 'beneficiary_bank_name': '#56F284', 'lc_date': '#729C78', 'invoice_discount_ccy': '#8EBB19', 'transaction_amonunt_value': '#6D31CD', 'stamp': '#C6A1F1', 'notify_party_address': '#88A869', 'invoice_amount': '#8FDC86', 'port_of_discharge': '#AD7AE0'}
2024-01-30 13:43:02,821 is result_set is instance of dict? True
2024-01-30 13:43:02,822 is final_result_set is instance of dict? True
2024-01-30 13:43:02,863 Time taken for page 1 of Invoice_981_6.png:0:00:02.274204
2024-01-30 13:43:03,006 *****Generated All Pages****** for Invoice_981_6.png
2024-01-30 13:43:03,006 RAM memory 69.9 used for Invoice_981_6.png Generating All Pages:
2024-01-30 13:43:03,007 Processing time taken for all pages of Invoice_981_6.png1:0:00:02.423768
2024-01-30 13:43:03,196 file name is:Invoice_919_2.png
2024-01-30 13:43:03,197 folder path :Images
2024-01-30 13:43:03,197 Calling Image result
2024-01-30 13:43:03,197 is all_page_result is instance of dict? True
2024-01-30 13:43:03,277 STREAM b'IHDR' 16 13
2024-01-30 13:43:03,277 STREAM b'IDAT' 41 65536
2024-01-30 13:43:03,297 is words is instance of list? True
2024-01-30 13:43:03,297 is bboxes is instance of list? True
2024-01-30 13:43:03,297 is bounding_boxes is instance of list? True
2024-01-30 13:43:03,636 is input_id_chunks is instance of list? True
2024-01-30 13:43:03,636 is mask_chunks is instance of list? True
2024-01-30 13:43:03,636 is bbox_chunks is instance of list? True
2024-01-30 13:43:03,636 is image_chunks is instance of list? True
2024-01-30 13:43:03,636 is input_dict is instance of dict? True
2024-01-30 13:43:04,274 Model Called
2024-01-30 13:43:04,275 RAM memory 64.1 used for Invoice_919_2.png:
2024-01-30 13:43:04,275 is all_predictions is instance of list? True
2024-01-30 13:43:04,275 is all_boxes is instance of list? True
2024-01-30 13:43:04,275 is all_confidences is instance of list? True
2024-01-30 13:43:04,275 is all_text is instance of list? True
2024-01-30 13:43:04,275 is label2id is instance of dict? True
2024-01-30 13:43:04,275 is id2label is instance of dict? True
2024-01-30 13:43:04,276 is label2color is instance of dict? True
2024-01-30 13:43:04,276 label2color : {'signature': '#232CB5', 'remitter_address': '#0118BC', 'O': '#3D7784', 'notify_party_country': '#325E1F', 'port_of_loading': '#2E32D3', 'beneficiary_account_number': '#2D5FB2', 'consignee_address': '#538D1E', 'beneficiary_iban_number': '#DBC1CB', 'bill_of_lading_no': '#617DC6', 'pre-carriage-by': '#056C5E', 'invoice_discount_amount': '#0956E0', 'beneficiary_address': '#80667E', 'rate_per_unit': '#55C7CA', 'original_or_copy': '#454918', 'hs_code_no': '#AC6119', 'bill_of_lading_date': '#01ACE1', 'declaration_by_issuer': '#86C941', 'beneficiary_bank_identifier': '#954202', 'vessel_flight_no': '#AC3C3D', 'goods_description': '#36F1E2', 'incoterm': '#1638D7', 'invoice_due_date': '#0D50F0', 'tenor_type': '#0E9325', 'country_of_origin_of_goods': '#8EFC48', 'invoice_no': '#1F974F', 'cosignee_name': '#570DE4', 'total_quantity_of_goods': '#58CCAA', 'consignor_address': '#14D33E', 'invoice_tax_ccy': '#EE8B45', 'gross_weight': '#3AD3DF', 'notify_party_name': '#408414', 'dimension': '#734C6B', 'consignor_name': '#3B47C9', 'indicator_type': '#ACA44F', 'invoice_tax_amount': '#E70B5D', 'country_of_final_destination': '#3CD60C', 'usance_tenor': '#23ADE3', 'date_of_invoice': '#10BA9C', 'invoice_currency': '#B0B0D5', 'invoice_amount_in_words': '#499F6E', 'awb_number': '#0C7E34', 'awb_date': '#98F1B3', 'lc_ref_no': '#8E07BF', 'vessel_name': '#C80C66', 'net_weight': '#E3EA9B', 'beneficiary_country': '#ABA7E0', 'beneficiary_drawer_exporter_seller_supplier_tin': '#02E71E', 'remitter_drawee_applicant_importer_buyer_name': '#00772F', 'transaction_date': '#D6C8D3', 'shipper_name': '#91FAEB', 'indicator_date': '#D10049', 'beneficiary_bank_country': '#D93D84', 'shipper_address': '#D01BA3', 'signature_of_the_issuer': '#4CC507', 'tenor_indicator': '#FB1C6D', 'delivery_terms': '#2794FA', 'transaction_currency': '#D92231', 'beneficiary_drawer_exporter_seller_supplier_name': '#027FE9', 'page_no': '#DD7554', 'consignor_country': '#B1DB85', 'beneficiary_bank_name': '#615DC8', 'lc_date': '#E8B4EB', 'invoice_discount_ccy': '#43B9AC', 'transaction_amonunt_value': '#DA1DB4', 'stamp': '#E75E64', 'notify_party_address': '#7A9B4D', 'invoice_amount': '#B67CAB', 'port_of_discharge': '#0A5EF8'}
2024-01-30 13:43:04,410 is result_set is instance of dict? True
2024-01-30 13:43:04,411 is final_result_set is instance of dict? True
2024-01-30 13:43:04,446 Time taken for page 1 of Invoice_919_2.png:0:00:01.168960
2024-01-30 13:43:04,599 *****Generated All Pages****** for Invoice_919_2.png
2024-01-30 13:43:04,599 RAM memory 63.8 used for Invoice_919_2.png Generating All Pages:
2024-01-30 13:43:04,599 Processing time taken for all pages of Invoice_919_2.png1:0:00:01.402224
2024-01-30 13:43:04,756 file name is:Invoice_981_16.png
2024-01-30 13:43:04,756 folder path :Images
2024-01-30 13:43:04,756 Calling Image result
2024-01-30 13:43:04,756 is all_page_result is instance of dict? True
2024-01-30 13:43:04,836 STREAM b'IHDR' 16 13
2024-01-30 13:43:04,836 STREAM b'IDAT' 41 55075
2024-01-30 13:43:04,857 is words is instance of list? True
2024-01-30 13:43:04,858 is bboxes is instance of list? True
2024-01-30 13:43:04,858 is bounding_boxes is instance of list? True
2024-01-30 13:43:05,069 is input_id_chunks is instance of list? True
2024-01-30 13:43:05,069 is mask_chunks is instance of list? True
2024-01-30 13:43:05,069 is bbox_chunks is instance of list? True
2024-01-30 13:43:05,069 is image_chunks is instance of list? True
2024-01-30 13:43:05,070 is input_dict is instance of dict? True
2024-01-30 13:43:06,398 Model Called
2024-01-30 13:43:06,398 RAM memory 68.7 used for Invoice_981_16.png:
2024-01-30 13:43:06,398 is all_predictions is instance of list? True
2024-01-30 13:43:06,398 is all_boxes is instance of list? True
2024-01-30 13:43:06,398 is all_confidences is instance of list? True
2024-01-30 13:43:06,398 is all_text is instance of list? True
2024-01-30 13:43:06,398 is label2id is instance of dict? True
2024-01-30 13:43:06,399 is id2label is instance of dict? True
2024-01-30 13:43:06,399 is label2color is instance of dict? True
2024-01-30 13:43:06,399 label2color : {'signature': '#BF65CF', 'remitter_address': '#F447B6', 'O': '#806FD9', 'notify_party_country': '#26D908', 'port_of_loading': '#607691', 'beneficiary_account_number': '#72A857', 'consignee_address': '#E6149A', 'beneficiary_iban_number': '#E8ED4F', 'bill_of_lading_no': '#4CB3D4', 'pre-carriage-by': '#0D52FA', 'invoice_discount_amount': '#17291F', 'beneficiary_address': '#ACB85F', 'rate_per_unit': '#83E990', 'original_or_copy': '#693586', 'hs_code_no': '#ADE2AC', 'bill_of_lading_date': '#9D7C1E', 'declaration_by_issuer': '#124E63', 'beneficiary_bank_identifier': '#C83E94', 'vessel_flight_no': '#5E55A4', 'goods_description': '#52BC92', 'incoterm': '#C53FE1', 'invoice_due_date': '#1F5A5C', 'tenor_type': '#CFC510', 'country_of_origin_of_goods': '#4C428C', 'invoice_no': '#DB1B4D', 'cosignee_name': '#0770C4', 'total_quantity_of_goods': '#7DC947', 'consignor_address': '#6E6288', 'invoice_tax_ccy': '#584249', 'gross_weight': '#683FC6', 'notify_party_name': '#35EA0F', 'dimension': '#DB5492', 'consignor_name': '#6136BF', 'indicator_type': '#FD8961', 'invoice_tax_amount': '#D464A6', 'country_of_final_destination': '#F8C95E', 'usance_tenor': '#8250DA', 'date_of_invoice': '#5FA1E1', 'invoice_currency': '#9DC80B', 'invoice_amount_in_words': '#8B051B', 'awb_number': '#FA58A3', 'awb_date': '#00A234', 'lc_ref_no': '#09469E', 'vessel_name': '#A97758', 'net_weight': '#5DB43D', 'beneficiary_country': '#041F77', 'beneficiary_drawer_exporter_seller_supplier_tin': '#74FA06', 'remitter_drawee_applicant_importer_buyer_name': '#252F42', 'transaction_date': '#2FA4BF', 'shipper_name': '#8F6E39', 'indicator_date': '#142E7A', 'beneficiary_bank_country': '#B71904', 'shipper_address': '#DC5D80', 'signature_of_the_issuer': '#C35F77', 'tenor_indicator': '#6D4F2A', 'delivery_terms': '#D3112E', 'transaction_currency': '#E43FB7', 'beneficiary_drawer_exporter_seller_supplier_name': '#E674EA', 'page_no': '#AD6564', 'consignor_country': '#8076FD', 'beneficiary_bank_name': '#AD2B3D', 'lc_date': '#070263', 'invoice_discount_ccy': '#83B116', 'transaction_amonunt_value': '#BFAEFC', 'stamp': '#300605', 'notify_party_address': '#37CBD2', 'invoice_amount': '#169933', 'port_of_discharge': '#32CED0'}
2024-01-30 13:43:06,594 is result_set is instance of dict? True
2024-01-30 13:43:06,595 is final_result_set is instance of dict? True
2024-01-30 13:43:06,625 Time taken for page 1 of Invoice_981_16.png:0:00:01.788924
2024-01-30 13:43:06,758 *****Generated All Pages****** for Invoice_981_16.png
2024-01-30 13:43:06,758 RAM memory 69.1 used for Invoice_981_16.png Generating All Pages:
2024-01-30 13:43:06,758 Processing time taken for all pages of Invoice_981_16.png1:0:00:02.002519
2024-01-30 13:43:06,941 file name is:Invoice_610_0.png
2024-01-30 13:43:06,941 folder path :Images
2024-01-30 13:43:06,941 Calling Image result
2024-01-30 13:43:06,941 is all_page_result is instance of dict? True
2024-01-30 13:43:07,017 STREAM b'IHDR' 16 13
2024-01-30 13:43:07,017 STREAM b'IDAT' 41 39849
2024-01-30 13:43:07,037 is words is instance of list? True
2024-01-30 13:43:07,037 is bboxes is instance of list? True
2024-01-30 13:43:07,037 is bounding_boxes is instance of list? True
2024-01-30 13:43:07,254 is input_id_chunks is instance of list? True
2024-01-30 13:43:07,255 is mask_chunks is instance of list? True
2024-01-30 13:43:07,255 is bbox_chunks is instance of list? True
2024-01-30 13:43:07,255 is image_chunks is instance of list? True
2024-01-30 13:43:07,255 is input_dict is instance of dict? True
2024-01-30 13:43:08,054 Model Called
2024-01-30 13:43:08,055 RAM memory 63.7 used for Invoice_610_0.png:
2024-01-30 13:43:08,055 is all_predictions is instance of list? True
2024-01-30 13:43:08,055 is all_boxes is instance of list? True
2024-01-30 13:43:08,055 is all_confidences is instance of list? True
2024-01-30 13:43:08,055 is all_text is instance of list? True
2024-01-30 13:43:08,055 is label2id is instance of dict? True
2024-01-30 13:43:08,055 is id2label is instance of dict? True
2024-01-30 13:43:08,056 is label2color is instance of dict? True
2024-01-30 13:43:08,056 label2color : {'signature': '#2D2C11', 'remitter_address': '#F20D5D', 'O': '#9D27E9', 'notify_party_country': '#891B31', 'port_of_loading': '#F2C30B', 'beneficiary_account_number': '#885AD1', 'consignee_address': '#6941A8', 'beneficiary_iban_number': '#5DCE73', 'bill_of_lading_no': '#012865', 'pre-carriage-by': '#C302DE', 'invoice_discount_amount': '#39A8C9', 'beneficiary_address': '#F7E4AB', 'rate_per_unit': '#C6063B', 'original_or_copy': '#0F4870', 'hs_code_no': '#8FDD98', 'bill_of_lading_date': '#26D6DF', 'declaration_by_issuer': '#36D392', 'beneficiary_bank_identifier': '#FF9F0C', 'vessel_flight_no': '#8BEFD7', 'goods_description': '#2E9590', 'incoterm': '#032F79', 'invoice_due_date': '#8DE7C8', 'tenor_type': '#298582', 'country_of_origin_of_goods': '#E2AAA5', 'invoice_no': '#5905FE', 'cosignee_name': '#E5BFB2', 'total_quantity_of_goods': '#AAB333', 'consignor_address': '#66CCF6', 'invoice_tax_ccy': '#E498F9', 'gross_weight': '#E1F50E', 'notify_party_name': '#6A09A8', 'dimension': '#71DFA5', 'consignor_name': '#96BA1E', 'indicator_type': '#736787', 'invoice_tax_amount': '#FE4608', 'country_of_final_destination': '#9746B3', 'usance_tenor': '#49751A', 'date_of_invoice': '#58DE61', 'invoice_currency': '#A283AB', 'invoice_amount_in_words': '#6426A0', 'awb_number': '#1CDC0B', 'awb_date': '#0B1BAD', 'lc_ref_no': '#89AEAB', 'vessel_name': '#94B1C5', 'net_weight': '#7F5934', 'beneficiary_country': '#221EE4', 'beneficiary_drawer_exporter_seller_supplier_tin': '#443DF4', 'remitter_drawee_applicant_importer_buyer_name': '#3AD471', 'transaction_date': '#C23EDA', 'shipper_name': '#459D74', 'indicator_date': '#AADA2B', 'beneficiary_bank_country': '#E5A641', 'shipper_address': '#5F4D94', 'signature_of_the_issuer': '#2B3F95', 'tenor_indicator': '#FFBD39', 'delivery_terms': '#2515D5', 'transaction_currency': '#FA054B', 'beneficiary_drawer_exporter_seller_supplier_name': '#F8B625', 'page_no': '#5D9693', 'consignor_country': '#B59631', 'beneficiary_bank_name': '#F699DA', 'lc_date': '#4B10D6', 'invoice_discount_ccy': '#752E2F', 'transaction_amonunt_value': '#F63748', 'stamp': '#B4E94D', 'notify_party_address': '#B589AB', 'invoice_amount': '#EA2860', 'port_of_discharge': '#0AC67D'}
2024-01-30 13:43:08,237 is result_set is instance of dict? True
2024-01-30 13:43:08,239 is final_result_set is instance of dict? True
2024-01-30 13:43:08,270 Time taken for page 1 of Invoice_610_0.png:0:00:01.252402
2024-01-30 13:43:08,398 *****Generated All Pages****** for Invoice_610_0.png
2024-01-30 13:43:08,398 RAM memory 64.1 used for Invoice_610_0.png Generating All Pages:
2024-01-30 13:43:08,398 Processing time taken for all pages of Invoice_610_0.png1:0:00:01.457042
2024-01-30 13:43:08,553 file name is:Invoice_952_1.png
2024-01-30 13:43:08,553 folder path :Images
2024-01-30 13:43:08,553 Calling Image result
2024-01-30 13:43:08,553 is all_page_result is instance of dict? True
2024-01-30 13:43:08,554 STREAM b'IHDR' 16 13
2024-01-30 13:43:08,554 STREAM b'IDAT' 41 42410
2024-01-30 13:43:08,573 is words is instance of list? True
2024-01-30 13:43:08,573 is bboxes is instance of list? True
2024-01-30 13:43:08,573 is bounding_boxes is instance of list? True
2024-01-30 13:43:08,829 is input_id_chunks is instance of list? True
2024-01-30 13:43:08,830 is mask_chunks is instance of list? True
2024-01-30 13:43:08,830 is bbox_chunks is instance of list? True
2024-01-30 13:43:08,830 is image_chunks is instance of list? True
2024-01-30 13:43:08,830 is input_dict is instance of dict? True
2024-01-30 13:43:09,741 Model Called
2024-01-30 13:43:09,741 RAM memory 64.0 used for Invoice_952_1.png:
2024-01-30 13:43:09,741 is all_predictions is instance of list? True
2024-01-30 13:43:09,741 is all_boxes is instance of list? True
2024-01-30 13:43:09,741 is all_confidences is instance of list? True
2024-01-30 13:43:09,741 is all_text is instance of list? True
2024-01-30 13:43:09,742 is label2id is instance of dict? True
2024-01-30 13:43:09,742 is id2label is instance of dict? True
2024-01-30 13:43:09,743 is label2color is instance of dict? True
2024-01-30 13:43:09,743 label2color : {'signature': '#30DBC1', 'remitter_address': '#283077', 'O': '#C69945', 'notify_party_country': '#359A5F', 'port_of_loading': '#625B66', 'beneficiary_account_number': '#F73456', 'consignee_address': '#5E0593', 'beneficiary_iban_number': '#855964', 'bill_of_lading_no': '#DB83B7', 'pre-carriage-by': '#1D6F20', 'invoice_discount_amount': '#07960B', 'beneficiary_address': '#7BBCC9', 'rate_per_unit': '#834010', 'original_or_copy': '#F67B35', 'hs_code_no': '#5ED1CA', 'bill_of_lading_date': '#54E215', 'declaration_by_issuer': '#05087C', 'beneficiary_bank_identifier': '#CA2498', 'vessel_flight_no': '#143EDE', 'goods_description': '#C1DF35', 'incoterm': '#CA73C7', 'invoice_due_date': '#805DD3', 'tenor_type': '#3C408D', 'country_of_origin_of_goods': '#3D6CAF', 'invoice_no': '#739B0E', 'cosignee_name': '#8B2E9F', 'total_quantity_of_goods': '#FE36B0', 'consignor_address': '#AAF616', 'invoice_tax_ccy': '#D35303', 'gross_weight': '#B56D00', 'notify_party_name': '#E50915', 'dimension': '#19FBB9', 'consignor_name': '#D1366E', 'indicator_type': '#8CAED6', 'invoice_tax_amount': '#87907C', 'country_of_final_destination': '#80E66B', 'usance_tenor': '#B08ED0', 'date_of_invoice': '#CFAB5B', 'invoice_currency': '#88B557', 'invoice_amount_in_words': '#A6EA11', 'awb_number': '#E1045F', 'awb_date': '#107BED', 'lc_ref_no': '#6ED94D', 'vessel_name': '#97F126', 'net_weight': '#E2ED48', 'beneficiary_country': '#D8505D', 'beneficiary_drawer_exporter_seller_supplier_tin': '#B8FC09', 'remitter_drawee_applicant_importer_buyer_name': '#C26264', 'transaction_date': '#278B8A', 'shipper_name': '#6FE673', 'indicator_date': '#4463C5', 'beneficiary_bank_country': '#C16080', 'shipper_address': '#42E65E', 'signature_of_the_issuer': '#C2CF1D', 'tenor_indicator': '#7F67C8', 'delivery_terms': '#5A609E', 'transaction_currency': '#017108', 'beneficiary_drawer_exporter_seller_supplier_name': '#29E738', 'page_no': '#75FB98', 'consignor_country': '#BAF049', 'beneficiary_bank_name': '#12B17E', 'lc_date': '#B6E9FD', 'invoice_discount_ccy': '#3E872C', 'transaction_amonunt_value': '#37B83D', 'stamp': '#3D93A0', 'notify_party_address': '#46CB4A', 'invoice_amount': '#AB1CAC', 'port_of_discharge': '#855CD8'}
2024-01-30 13:43:09,922 is result_set is instance of dict? True
2024-01-30 13:43:09,923 is final_result_set is instance of dict? True
2024-01-30 13:43:09,965 Time taken for page 1 of Invoice_952_1.png:0:00:01.410900
2024-01-30 13:43:10,113 *****Generated All Pages****** for Invoice_952_1.png
2024-01-30 13:43:10,113 RAM memory 62.9 used for Invoice_952_1.png Generating All Pages:
2024-01-30 13:43:10,113 Processing time taken for all pages of Invoice_952_1.png1:0:00:01.560204
2024-01-30 13:43:10,276 file name is:Invoice_416_0.png
2024-01-30 13:43:10,277 folder path :Images
2024-01-30 13:43:10,277 Calling Image result
2024-01-30 13:43:10,277 is all_page_result is instance of dict? True
2024-01-30 13:43:10,363 STREAM b'IHDR' 16 13
2024-01-30 13:43:10,363 STREAM b'IDAT' 41 29877
2024-01-30 13:43:10,381 is words is instance of list? True
2024-01-30 13:43:10,382 is bboxes is instance of list? True
2024-01-30 13:43:10,382 is bounding_boxes is instance of list? True
2024-01-30 13:43:10,564 is input_id_chunks is instance of list? True
2024-01-30 13:43:10,565 is mask_chunks is instance of list? True
2024-01-30 13:43:10,565 is bbox_chunks is instance of list? True
2024-01-30 13:43:10,565 is image_chunks is instance of list? True
2024-01-30 13:43:10,565 is input_dict is instance of dict? True
2024-01-30 13:43:11,326 Model Called
2024-01-30 13:43:11,327 RAM memory 62.6 used for Invoice_416_0.png:
2024-01-30 13:43:11,327 is all_predictions is instance of list? True
2024-01-30 13:43:11,327 is all_boxes is instance of list? True
2024-01-30 13:43:11,327 is all_confidences is instance of list? True
2024-01-30 13:43:11,327 is all_text is instance of list? True
2024-01-30 13:43:11,327 is label2id is instance of dict? True
2024-01-30 13:43:11,327 is id2label is instance of dict? True
2024-01-30 13:43:11,329 is label2color is instance of dict? True
2024-01-30 13:43:11,329 label2color : {'signature': '#40BFB6', 'remitter_address': '#72F84C', 'O': '#BAA0AD', 'notify_party_country': '#936259', 'port_of_loading': '#32B11D', 'beneficiary_account_number': '#F6B044', 'consignee_address': '#CE2DD5', 'beneficiary_iban_number': '#49387E', 'bill_of_lading_no': '#E08AD9', 'pre-carriage-by': '#65732D', 'invoice_discount_amount': '#537159', 'beneficiary_address': '#9B220D', 'rate_per_unit': '#2FDC54', 'original_or_copy': '#B72FB8', 'hs_code_no': '#83D0BA', 'bill_of_lading_date': '#D4A91A', 'declaration_by_issuer': '#D277C2', 'beneficiary_bank_identifier': '#C00734', 'vessel_flight_no': '#266174', 'goods_description': '#EA030F', 'incoterm': '#448FCC', 'invoice_due_date': '#88CEF5', 'tenor_type': '#28E071', 'country_of_origin_of_goods': '#8E72C7', 'invoice_no': '#2D7A3F', 'cosignee_name': '#CA8472', 'total_quantity_of_goods': '#341017', 'consignor_address': '#43E21D', 'invoice_tax_ccy': '#0AC7EA', 'gross_weight': '#A8B395', 'notify_party_name': '#751713', 'dimension': '#FFEDEE', 'consignor_name': '#8B7017', 'indicator_type': '#4EE1BC', 'invoice_tax_amount': '#1BC133', 'country_of_final_destination': '#B10B1F', 'usance_tenor': '#A52D7A', 'date_of_invoice': '#CBE7C3', 'invoice_currency': '#D0CF94', 'invoice_amount_in_words': '#F29CA2', 'awb_number': '#E90DAF', 'awb_date': '#7C5FD8', 'lc_ref_no': '#00E1F0', 'vessel_name': '#45E121', 'net_weight': '#392105', 'beneficiary_country': '#828D8C', 'beneficiary_drawer_exporter_seller_supplier_tin': '#6583B7', 'remitter_drawee_applicant_importer_buyer_name': '#EA5463', 'transaction_date': '#75F916', 'shipper_name': '#356E24', 'indicator_date': '#538268', 'beneficiary_bank_country': '#04EE05', 'shipper_address': '#AEA9BE', 'signature_of_the_issuer': '#77D3BD', 'tenor_indicator': '#6A5F89', 'delivery_terms': '#44BD52', 'transaction_currency': '#F40E81', 'beneficiary_drawer_exporter_seller_supplier_name': '#A20F89', 'page_no': '#ADA5EE', 'consignor_country': '#9E675B', 'beneficiary_bank_name': '#8B0AEE', 'lc_date': '#C3196E', 'invoice_discount_ccy': '#3D3516', 'transaction_amonunt_value': '#45168F', 'stamp': '#9F7664', 'notify_party_address': '#1D2FD8', 'invoice_amount': '#5D33C9', 'port_of_discharge': '#B70D25'}
2024-01-30 13:43:11,480 is result_set is instance of dict? True
2024-01-30 13:43:11,481 is final_result_set is instance of dict? True
2024-01-30 13:43:11,511 Time taken for page 1 of Invoice_416_0.png:0:00:01.147988
2024-01-30 13:43:11,707 *****Generated All Pages****** for Invoice_416_0.png
2024-01-30 13:43:11,707 RAM memory 62.9 used for Invoice_416_0.png Generating All Pages:
2024-01-30 13:43:11,708 Processing time taken for all pages of Invoice_416_0.png1:0:00:01.430875
2024-01-30 13:43:11,865 file name is:Proforma_Invoice_167_0.png
2024-01-30 13:43:11,865 folder path :Images
2024-01-30 13:43:11,865 Calling Image result
2024-01-30 13:43:11,865 is all_page_result is instance of dict? True
2024-01-30 13:43:11,954 STREAM b'IHDR' 16 13
2024-01-30 13:43:11,954 STREAM b'IDAT' 41 34455
2024-01-30 13:43:11,974 is words is instance of list? True
2024-01-30 13:43:11,974 is bboxes is instance of list? True
2024-01-30 13:43:11,974 is bounding_boxes is instance of list? True
2024-01-30 13:43:12,343 is input_id_chunks is instance of list? True
2024-01-30 13:43:12,343 is mask_chunks is instance of list? True
2024-01-30 13:43:12,343 is bbox_chunks is instance of list? True
2024-01-30 13:43:12,343 is image_chunks is instance of list? True
2024-01-30 13:43:12,344 is input_dict is instance of dict? True
2024-01-30 13:43:13,146 Model Called
2024-01-30 13:43:13,147 RAM memory 63.3 used for Proforma_Invoice_167_0.png:
2024-01-30 13:43:13,147 is all_predictions is instance of list? True
2024-01-30 13:43:13,147 is all_boxes is instance of list? True
2024-01-30 13:43:13,147 is all_confidences is instance of list? True
2024-01-30 13:43:13,147 is all_text is instance of list? True
2024-01-30 13:43:13,147 is label2id is instance of dict? True
2024-01-30 13:43:13,147 is id2label is instance of dict? True
2024-01-30 13:43:13,148 is label2color is instance of dict? True
2024-01-30 13:43:13,148 label2color : {'signature': '#9062A6', 'remitter_address': '#20BB0D', 'O': '#0CF751', 'notify_party_country': '#4A6F00', 'port_of_loading': '#7CB666', 'beneficiary_account_number': '#782BDC', 'consignee_address': '#0CD25B', 'beneficiary_iban_number': '#EE3BDB', 'bill_of_lading_no': '#0DFF79', 'pre-carriage-by': '#A1ADCA', 'invoice_discount_amount': '#DAA7CC', 'beneficiary_address': '#D7594F', 'rate_per_unit': '#19CFAC', 'original_or_copy': '#110A1F', 'hs_code_no': '#3DB9C6', 'bill_of_lading_date': '#C06768', 'declaration_by_issuer': '#ECF652', 'beneficiary_bank_identifier': '#E27756', 'vessel_flight_no': '#59852D', 'goods_description': '#E49B32', 'incoterm': '#24C680', 'invoice_due_date': '#4A369E', 'tenor_type': '#6081FB', 'country_of_origin_of_goods': '#4D9416', 'invoice_no': '#BD82B3', 'cosignee_name': '#AC1D55', 'total_quantity_of_goods': '#562633', 'consignor_address': '#6DD2E9', 'invoice_tax_ccy': '#931400', 'gross_weight': '#C0DA2E', 'notify_party_name': '#785DB5', 'dimension': '#E79833', 'consignor_name': '#709DE6', 'indicator_type': '#1676BC', 'invoice_tax_amount': '#0AF4D7', 'country_of_final_destination': '#9C23B6', 'usance_tenor': '#5C13B7', 'date_of_invoice': '#54AA1F', 'invoice_currency': '#696D9E', 'invoice_amount_in_words': '#BFDADE', 'awb_number': '#8E12F6', 'awb_date': '#35F268', 'lc_ref_no': '#504812', 'vessel_name': '#2158CF', 'net_weight': '#3D02E2', 'beneficiary_country': '#DF7EAD', 'beneficiary_drawer_exporter_seller_supplier_tin': '#701818', 'remitter_drawee_applicant_importer_buyer_name': '#26C437', 'transaction_date': '#55976F', 'shipper_name': '#8482F0', 'indicator_date': '#F1F495', 'beneficiary_bank_country': '#5658C3', 'shipper_address': '#F6D232', 'signature_of_the_issuer': '#16AE2E', 'tenor_indicator': '#FF7943', 'delivery_terms': '#B8D505', 'transaction_currency': '#FC1B1F', 'beneficiary_drawer_exporter_seller_supplier_name': '#B50194', 'page_no': '#FB7996', 'consignor_country': '#F28EE6', 'beneficiary_bank_name': '#3A2F98', 'lc_date': '#B29B76', 'invoice_discount_ccy': '#A5CA73', 'transaction_amonunt_value': '#028F56', 'stamp': '#BA5F21', 'notify_party_address': '#D50AE1', 'invoice_amount': '#1BA0C9', 'port_of_discharge': '#438E58'}
2024-01-30 13:43:13,360 is result_set is instance of dict? True
2024-01-30 13:43:13,361 is final_result_set is instance of dict? True
2024-01-30 13:43:13,375 Time taken for page 1 of Proforma_Invoice_167_0.png:0:00:01.421129
2024-01-30 13:43:13,503 *****Generated All Pages****** for Proforma_Invoice_167_0.png
2024-01-30 13:43:13,503 RAM memory 63.9 used for Proforma_Invoice_167_0.png Generating All Pages:
2024-01-30 13:43:13,503 Processing time taken for all pages of Proforma_Invoice_167_0.png1:0:00:01.638532
2024-01-30 13:43:13,671 file name is:Proforma_Invoice_272_0.png
2024-01-30 13:43:13,671 folder path :Images
2024-01-30 13:43:13,671 Calling Image result
2024-01-30 13:43:13,671 is all_page_result is instance of dict? True
2024-01-30 13:43:13,672 STREAM b'IHDR' 16 13
2024-01-30 13:43:13,672 STREAM b'IDAT' 41 31596
2024-01-30 13:43:13,691 is words is instance of list? True
2024-01-30 13:43:13,691 is bboxes is instance of list? True
2024-01-30 13:43:13,691 is bounding_boxes is instance of list? True
2024-01-30 13:43:14,073 is input_id_chunks is instance of list? True
2024-01-30 13:43:14,074 is mask_chunks is instance of list? True
2024-01-30 13:43:14,074 is bbox_chunks is instance of list? True
2024-01-30 13:43:14,074 is image_chunks is instance of list? True
2024-01-30 13:43:14,074 is input_dict is instance of dict? True
2024-01-30 13:43:14,846 Model Called
2024-01-30 13:43:14,847 RAM memory 63.8 used for Proforma_Invoice_272_0.png:
2024-01-30 13:43:14,847 is all_predictions is instance of list? True
2024-01-30 13:43:14,847 is all_boxes is instance of list? True
2024-01-30 13:43:14,847 is all_confidences is instance of list? True
2024-01-30 13:43:14,847 is all_text is instance of list? True
2024-01-30 13:43:14,847 is label2id is instance of dict? True
2024-01-30 13:43:14,847 is id2label is instance of dict? True
2024-01-30 13:43:14,848 is label2color is instance of dict? True
2024-01-30 13:43:14,848 label2color : {'signature': '#4E6AD5', 'remitter_address': '#AE7776', 'O': '#C341A9', 'notify_party_country': '#5C23B3', 'port_of_loading': '#472669', 'beneficiary_account_number': '#A77A09', 'consignee_address': '#881682', 'beneficiary_iban_number': '#8EF091', 'bill_of_lading_no': '#E9657A', 'pre-carriage-by': '#395672', 'invoice_discount_amount': '#F1FDF4', 'beneficiary_address': '#BA05FF', 'rate_per_unit': '#205DCC', 'original_or_copy': '#7D5183', 'hs_code_no': '#57E53C', 'bill_of_lading_date': '#8C274E', 'declaration_by_issuer': '#231BA5', 'beneficiary_bank_identifier': '#45521D', 'vessel_flight_no': '#035BA0', 'goods_description': '#1FFCE1', 'incoterm': '#35063D', 'invoice_due_date': '#ECDFD3', 'tenor_type': '#94BEDD', 'country_of_origin_of_goods': '#6014F0', 'invoice_no': '#2ABA07', 'cosignee_name': '#6B16F9', 'total_quantity_of_goods': '#D596A5', 'consignor_address': '#7CB28F', 'invoice_tax_ccy': '#E28F14', 'gross_weight': '#F7C899', 'notify_party_name': '#3527BE', 'dimension': '#F660BB', 'consignor_name': '#E865A2', 'indicator_type': '#3C8C9D', 'invoice_tax_amount': '#A861A5', 'country_of_final_destination': '#545988', 'usance_tenor': '#4F9DD6', 'date_of_invoice': '#65FD03', 'invoice_currency': '#519825', 'invoice_amount_in_words': '#70B32A', 'awb_number': '#4923DE', 'awb_date': '#455E37', 'lc_ref_no': '#2E533C', 'vessel_name': '#B94C76', 'net_weight': '#E672F7', 'beneficiary_country': '#8AE0A0', 'beneficiary_drawer_exporter_seller_supplier_tin': '#AC7B9A', 'remitter_drawee_applicant_importer_buyer_name': '#E0C646', 'transaction_date': '#372670', 'shipper_name': '#7F3B8B', 'indicator_date': '#8CAC61', 'beneficiary_bank_country': '#9F4B7B', 'shipper_address': '#C3C290', 'signature_of_the_issuer': '#7AF08E', 'tenor_indicator': '#71B280', 'delivery_terms': '#91A75F', 'transaction_currency': '#9E4FBC', 'beneficiary_drawer_exporter_seller_supplier_name': '#B08492', 'page_no': '#CB6170', 'consignor_country': '#6F7517', 'beneficiary_bank_name': '#FFB937', 'lc_date': '#DFBB18', 'invoice_discount_ccy': '#42B889', 'transaction_amonunt_value': '#FA5219', 'stamp': '#D07C84', 'notify_party_address': '#07D36C', 'invoice_amount': '#DE2C17', 'port_of_discharge': '#B491D2'}
2024-01-30 13:43:15,032 is result_set is instance of dict? True
2024-01-30 13:43:15,033 is final_result_set is instance of dict? True
2024-01-30 13:43:15,042 Time taken for page 1 of Proforma_Invoice_272_0.png:0:00:01.369610
2024-01-30 13:43:15,163 *****Generated All Pages****** for Proforma_Invoice_272_0.png
2024-01-30 13:43:15,163 RAM memory 64.1 used for Proforma_Invoice_272_0.png Generating All Pages:
2024-01-30 13:43:15,163 Processing time taken for all pages of Proforma_Invoice_272_0.png1:0:00:01.491878
2024-01-30 13:43:15,335 file name is:Invoice_571_6.png
2024-01-30 13:43:15,335 folder path :Images
2024-01-30 13:43:15,335 Calling Image result
2024-01-30 13:43:15,335 is all_page_result is instance of dict? True
2024-01-30 13:43:15,412 STREAM b'IHDR' 16 13
2024-01-30 13:43:15,412 STREAM b'IDAT' 41 40526
2024-01-30 13:43:15,432 is words is instance of list? True
2024-01-30 13:43:15,432 is bboxes is instance of list? True
2024-01-30 13:43:15,432 is bounding_boxes is instance of list? True
2024-01-30 13:43:15,837 is input_id_chunks is instance of list? True
2024-01-30 13:43:15,837 is mask_chunks is instance of list? True
2024-01-30 13:43:15,837 is bbox_chunks is instance of list? True
2024-01-30 13:43:15,837 is image_chunks is instance of list? True
2024-01-30 13:43:15,838 is input_dict is instance of dict? True
2024-01-30 13:43:16,640 Model Called
2024-01-30 13:43:16,641 RAM memory 62.3 used for Invoice_571_6.png:
2024-01-30 13:43:16,641 is all_predictions is instance of list? True
2024-01-30 13:43:16,641 is all_boxes is instance of list? True
2024-01-30 13:43:16,641 is all_confidences is instance of list? True
2024-01-30 13:43:16,641 is all_text is instance of list? True
2024-01-30 13:43:16,641 is label2id is instance of dict? True
2024-01-30 13:43:16,641 is id2label is instance of dict? True
2024-01-30 13:43:16,642 is label2color is instance of dict? True
2024-01-30 13:43:16,642 label2color : {'signature': '#C8AA7B', 'remitter_address': '#D576B5', 'O': '#FBDD6C', 'notify_party_country': '#929E77', 'port_of_loading': '#87DE7C', 'beneficiary_account_number': '#AF06E6', 'consignee_address': '#E98FE4', 'beneficiary_iban_number': '#7EFF84', 'bill_of_lading_no': '#79D98F', 'pre-carriage-by': '#7756F0', 'invoice_discount_amount': '#B587FC', 'beneficiary_address': '#F1D2E2', 'rate_per_unit': '#2B94FD', 'original_or_copy': '#201E4A', 'hs_code_no': '#DB0BF0', 'bill_of_lading_date': '#09DA03', 'declaration_by_issuer': '#4DDC11', 'beneficiary_bank_identifier': '#60EF73', 'vessel_flight_no': '#6FADFE', 'goods_description': '#6D3084', 'incoterm': '#5CB945', 'invoice_due_date': '#2152B5', 'tenor_type': '#B30D0C', 'country_of_origin_of_goods': '#E6626B', 'invoice_no': '#E01188', 'cosignee_name': '#7A5BAF', 'total_quantity_of_goods': '#C13132', 'consignor_address': '#357C4E', 'invoice_tax_ccy': '#1540D6', 'gross_weight': '#8DB783', 'notify_party_name': '#C15EB2', 'dimension': '#C24DB4', 'consignor_name': '#458822', 'indicator_type': '#6252E2', 'invoice_tax_amount': '#32732B', 'country_of_final_destination': '#100846', 'usance_tenor': '#FA6850', 'date_of_invoice': '#316614', 'invoice_currency': '#0F2E10', 'invoice_amount_in_words': '#E23AA6', 'awb_number': '#FFAABF', 'awb_date': '#0C157F', 'lc_ref_no': '#B71947', 'vessel_name': '#E64927', 'net_weight': '#EA3AD1', 'beneficiary_country': '#969ABE', 'beneficiary_drawer_exporter_seller_supplier_tin': '#FD9BAC', 'remitter_drawee_applicant_importer_buyer_name': '#AA893B', 'transaction_date': '#0368CE', 'shipper_name': '#2EBC9F', 'indicator_date': '#F9DE90', 'beneficiary_bank_country': '#CED4DF', 'shipper_address': '#7D85F2', 'signature_of_the_issuer': '#6E2D25', 'tenor_indicator': '#0B0ADA', 'delivery_terms': '#F89FB5', 'transaction_currency': '#2D4F49', 'beneficiary_drawer_exporter_seller_supplier_name': '#53CE74', 'page_no': '#D22386', 'consignor_country': '#F0FBBE', 'beneficiary_bank_name': '#A7D542', 'lc_date': '#E2D674', 'invoice_discount_ccy': '#18BC4A', 'transaction_amonunt_value': '#E81EFE', 'stamp': '#6FA64B', 'notify_party_address': '#CB9CE6', 'invoice_amount': '#72785F', 'port_of_discharge': '#8D9AA9'}
2024-01-30 13:43:16,820 is result_set is instance of dict? True
2024-01-30 13:43:16,821 is final_result_set is instance of dict? True
2024-01-30 13:43:16,858 Time taken for page 1 of Invoice_571_6.png:0:00:01.445719
2024-01-30 13:43:16,996 *****Generated All Pages****** for Invoice_571_6.png
2024-01-30 13:43:16,996 RAM memory 62.8 used for Invoice_571_6.png Generating All Pages:
2024-01-30 13:43:16,996 Processing time taken for all pages of Invoice_571_6.png1:0:00:01.661047
2024-01-30 13:43:17,155 file name is:Invoice_919_1.png
2024-01-30 13:43:17,155 folder path :Images
2024-01-30 13:43:17,155 Calling Image result
2024-01-30 13:43:17,155 is all_page_result is instance of dict? True
2024-01-30 13:43:17,234 STREAM b'IHDR' 16 13
2024-01-30 13:43:17,234 STREAM b'IDAT' 41 65536
2024-01-30 13:43:17,255 is words is instance of list? True
2024-01-30 13:43:17,255 is bboxes is instance of list? True
2024-01-30 13:43:17,255 is bounding_boxes is instance of list? True
2024-01-30 13:43:17,655 is input_id_chunks is instance of list? True
2024-01-30 13:43:17,655 is mask_chunks is instance of list? True
2024-01-30 13:43:17,655 is bbox_chunks is instance of list? True
2024-01-30 13:43:17,655 is image_chunks is instance of list? True
2024-01-30 13:43:17,656 is input_dict is instance of dict? True
2024-01-30 13:43:18,450 Model Called
2024-01-30 13:43:18,450 RAM memory 63.3 used for Invoice_919_1.png:
2024-01-30 13:43:18,450 is all_predictions is instance of list? True
2024-01-30 13:43:18,451 is all_boxes is instance of list? True
2024-01-30 13:43:18,451 is all_confidences is instance of list? True
2024-01-30 13:43:18,451 is all_text is instance of list? True
2024-01-30 13:43:18,451 is label2id is instance of dict? True
2024-01-30 13:43:18,451 is id2label is instance of dict? True
2024-01-30 13:43:18,452 is label2color is instance of dict? True
2024-01-30 13:43:18,452 label2color : {'signature': '#B13130', 'remitter_address': '#A575EB', 'O': '#3A7363', 'notify_party_country': '#8122FE', 'port_of_loading': '#78DC49', 'beneficiary_account_number': '#BAD86D', 'consignee_address': '#8451BA', 'beneficiary_iban_number': '#230442', 'bill_of_lading_no': '#C0D71F', 'pre-carriage-by': '#487983', 'invoice_discount_amount': '#A49E7B', 'beneficiary_address': '#6EA933', 'rate_per_unit': '#BA2A91', 'original_or_copy': '#186E41', 'hs_code_no': '#1F656E', 'bill_of_lading_date': '#0B7C96', 'declaration_by_issuer': '#939BD6', 'beneficiary_bank_identifier': '#F8F477', 'vessel_flight_no': '#9F3056', 'goods_description': '#9683A7', 'incoterm': '#BBDCEA', 'invoice_due_date': '#63D0A9', 'tenor_type': '#96B686', 'country_of_origin_of_goods': '#0D02AE', 'invoice_no': '#D2680A', 'cosignee_name': '#87011A', 'total_quantity_of_goods': '#9C26C6', 'consignor_address': '#8A12CD', 'invoice_tax_ccy': '#04F38A', 'gross_weight': '#43DCC6', 'notify_party_name': '#E8216B', 'dimension': '#F6DBFD', 'consignor_name': '#BEE489', 'indicator_type': '#0AE447', 'invoice_tax_amount': '#60752A', 'country_of_final_destination': '#9B6088', 'usance_tenor': '#48D276', 'date_of_invoice': '#A393DA', 'invoice_currency': '#BC3ABD', 'invoice_amount_in_words': '#061CAD', 'awb_number': '#B33F6E', 'awb_date': '#1E8694', 'lc_ref_no': '#72367C', 'vessel_name': '#2E2525', 'net_weight': '#19308A', 'beneficiary_country': '#4F1D0F', 'beneficiary_drawer_exporter_seller_supplier_tin': '#FA4C55', 'remitter_drawee_applicant_importer_buyer_name': '#1BA251', 'transaction_date': '#BD7DD8', 'shipper_name': '#C244DD', 'indicator_date': '#4710A5', 'beneficiary_bank_country': '#30119C', 'shipper_address': '#AAEF92', 'signature_of_the_issuer': '#2193DC', 'tenor_indicator': '#DB1258', 'delivery_terms': '#7C1726', 'transaction_currency': '#C62DF3', 'beneficiary_drawer_exporter_seller_supplier_name': '#8384CB', 'page_no': '#DED817', 'consignor_country': '#E4BA13', 'beneficiary_bank_name': '#44BA4C', 'lc_date': '#29DD15', 'invoice_discount_ccy': '#EB895B', 'transaction_amonunt_value': '#060BFD', 'stamp': '#75A84E', 'notify_party_address': '#6158FA', 'invoice_amount': '#97F26D', 'port_of_discharge': '#05CCCA'}
2024-01-30 13:43:18,586 is result_set is instance of dict? True
2024-01-30 13:43:18,587 is final_result_set is instance of dict? True
2024-01-30 13:43:18,625 Time taken for page 1 of Invoice_919_1.png:0:00:01.390612
2024-01-30 13:43:18,808 *****Generated All Pages****** for Invoice_919_1.png
2024-01-30 13:43:18,808 RAM memory 63.7 used for Invoice_919_1.png Generating All Pages:
2024-01-30 13:43:18,809 Processing time taken for all pages of Invoice_919_1.png1:0:00:01.653333
2024-01-30 13:43:18,968 file name is:Invoice_981_15.png
2024-01-30 13:43:18,968 folder path :Images
2024-01-30 13:43:18,968 Calling Image result
2024-01-30 13:43:18,968 is all_page_result is instance of dict? True
2024-01-30 13:43:18,969 STREAM b'IHDR' 16 13
2024-01-30 13:43:18,969 STREAM b'IDAT' 41 54048
2024-01-30 13:43:18,989 is words is instance of list? True
2024-01-30 13:43:18,989 is bboxes is instance of list? True
2024-01-30 13:43:18,989 is bounding_boxes is instance of list? True
2024-01-30 13:43:19,207 is input_id_chunks is instance of list? True
2024-01-30 13:43:19,207 is mask_chunks is instance of list? True
2024-01-30 13:43:19,207 is bbox_chunks is instance of list? True
2024-01-30 13:43:19,207 is image_chunks is instance of list? True
2024-01-30 13:43:19,208 is input_dict is instance of dict? True
2024-01-30 13:43:20,871 Model Called
2024-01-30 13:43:20,871 RAM memory 70.0 used for Invoice_981_15.png:
2024-01-30 13:43:20,871 is all_predictions is instance of list? True
2024-01-30 13:43:20,871 is all_boxes is instance of list? True
2024-01-30 13:43:20,871 is all_confidences is instance of list? True
2024-01-30 13:43:20,871 is all_text is instance of list? True
2024-01-30 13:43:20,872 is label2id is instance of dict? True
2024-01-30 13:43:20,872 is id2label is instance of dict? True
2024-01-30 13:43:20,873 is label2color is instance of dict? True
2024-01-30 13:43:20,873 label2color : {'signature': '#87C877', 'remitter_address': '#55100C', 'O': '#38E513', 'notify_party_country': '#88B658', 'port_of_loading': '#CCF716', 'beneficiary_account_number': '#3871C9', 'consignee_address': '#75B83C', 'beneficiary_iban_number': '#CE0843', 'bill_of_lading_no': '#2780C2', 'pre-carriage-by': '#99A648', 'invoice_discount_amount': '#38E808', 'beneficiary_address': '#E44415', 'rate_per_unit': '#4019C6', 'original_or_copy': '#47DCFE', 'hs_code_no': '#917792', 'bill_of_lading_date': '#F08BE8', 'declaration_by_issuer': '#A1D68E', 'beneficiary_bank_identifier': '#8B478F', 'vessel_flight_no': '#7D1197', 'goods_description': '#B73FE5', 'incoterm': '#95B83D', 'invoice_due_date': '#054322', 'tenor_type': '#CE3887', 'country_of_origin_of_goods': '#D7AA89', 'invoice_no': '#B78207', 'cosignee_name': '#4284B3', 'total_quantity_of_goods': '#8B5D57', 'consignor_address': '#B511FB', 'invoice_tax_ccy': '#13F8C2', 'gross_weight': '#E38B20', 'notify_party_name': '#774D55', 'dimension': '#906D15', 'consignor_name': '#8AC74B', 'indicator_type': '#FCE8D7', 'invoice_tax_amount': '#0235DF', 'country_of_final_destination': '#2D19E2', 'usance_tenor': '#7F8672', 'date_of_invoice': '#0F11C9', 'invoice_currency': '#CCD921', 'invoice_amount_in_words': '#4E2949', 'awb_number': '#74B774', 'awb_date': '#57484A', 'lc_ref_no': '#4B133D', 'vessel_name': '#DC1D0E', 'net_weight': '#C4FC29', 'beneficiary_country': '#BC66C7', 'beneficiary_drawer_exporter_seller_supplier_tin': '#CCC95D', 'remitter_drawee_applicant_importer_buyer_name': '#C8B9C7', 'transaction_date': '#A14428', 'shipper_name': '#AEE56B', 'indicator_date': '#71DC6D', 'beneficiary_bank_country': '#2D0269', 'shipper_address': '#C58BE2', 'signature_of_the_issuer': '#621DC6', 'tenor_indicator': '#E9FD10', 'delivery_terms': '#690919', 'transaction_currency': '#BB54D0', 'beneficiary_drawer_exporter_seller_supplier_name': '#CAEBDE', 'page_no': '#DC6E15', 'consignor_country': '#B281B2', 'beneficiary_bank_name': '#6F8DA3', 'lc_date': '#65BC6B', 'invoice_discount_ccy': '#8F09F4', 'transaction_amonunt_value': '#6DD517', 'stamp': '#4E96E7', 'notify_party_address': '#3E6E29', 'invoice_amount': '#401943', 'port_of_discharge': '#CB40F8'}
2024-01-30 13:43:21,142 is result_set is instance of dict? True
2024-01-30 13:43:21,149 is final_result_set is instance of dict? True
2024-01-30 13:43:21,222 Time taken for page 1 of Invoice_981_15.png:0:00:02.252531
2024-01-30 13:43:21,359 *****Generated All Pages****** for Invoice_981_15.png
2024-01-30 13:43:21,360 RAM memory 68.0 used for Invoice_981_15.png Generating All Pages:
2024-01-30 13:43:21,360 Processing time taken for all pages of Invoice_981_15.png1:0:00:02.391382
2024-01-30 13:43:21,545 file name is:Proforma_Invoice_336_0.png
2024-01-30 13:43:21,545 folder path :Images
2024-01-30 13:43:21,545 Calling Image result
2024-01-30 13:43:21,545 is all_page_result is instance of dict? True
2024-01-30 13:43:21,632 STREAM b'IHDR' 16 13
2024-01-30 13:43:21,633 STREAM b'IDAT' 41 39694
2024-01-30 13:43:21,651 is words is instance of list? True
2024-01-30 13:43:21,651 is bboxes is instance of list? True
2024-01-30 13:43:21,651 is bounding_boxes is instance of list? True
2024-01-30 13:43:21,931 is input_id_chunks is instance of list? True
2024-01-30 13:43:21,931 is mask_chunks is instance of list? True
2024-01-30 13:43:21,931 is bbox_chunks is instance of list? True
2024-01-30 13:43:21,931 is image_chunks is instance of list? True
2024-01-30 13:43:21,932 is input_dict is instance of dict? True
2024-01-30 13:43:22,704 Model Called
2024-01-30 13:43:22,704 RAM memory 62.7 used for Proforma_Invoice_336_0.png:
2024-01-30 13:43:22,704 is all_predictions is instance of list? True
2024-01-30 13:43:22,704 is all_boxes is instance of list? True
2024-01-30 13:43:22,704 is all_confidences is instance of list? True
2024-01-30 13:43:22,704 is all_text is instance of list? True
2024-01-30 13:43:22,705 is label2id is instance of dict? True
2024-01-30 13:43:22,705 is id2label is instance of dict? True
2024-01-30 13:43:22,705 is label2color is instance of dict? True
2024-01-30 13:43:22,705 label2color : {'signature': '#A94823', 'remitter_address': '#BF02B8', 'O': '#1CF472', 'notify_party_country': '#5AFF8A', 'port_of_loading': '#3F8428', 'beneficiary_account_number': '#87A2A6', 'consignee_address': '#2EF990', 'beneficiary_iban_number': '#5EB1D1', 'bill_of_lading_no': '#0EB569', 'pre-carriage-by': '#4ADAAD', 'invoice_discount_amount': '#E8EBF3', 'beneficiary_address': '#82CAB2', 'rate_per_unit': '#1D99CD', 'original_or_copy': '#061A7F', 'hs_code_no': '#09DE5A', 'bill_of_lading_date': '#D1800B', 'declaration_by_issuer': '#61E3B8', 'beneficiary_bank_identifier': '#B00047', 'vessel_flight_no': '#DF2301', 'goods_description': '#72D4F3', 'incoterm': '#09CCDE', 'invoice_due_date': '#750374', 'tenor_type': '#968006', 'country_of_origin_of_goods': '#2D179E', 'invoice_no': '#67800C', 'cosignee_name': '#12A8C4', 'total_quantity_of_goods': '#75B646', 'consignor_address': '#CC1216', 'invoice_tax_ccy': '#F8E883', 'gross_weight': '#F743A4', 'notify_party_name': '#0FCF66', 'dimension': '#529799', 'consignor_name': '#349CEC', 'indicator_type': '#3BF238', 'invoice_tax_amount': '#C4127F', 'country_of_final_destination': '#4BCCDB', 'usance_tenor': '#6F5BD6', 'date_of_invoice': '#62E5E3', 'invoice_currency': '#C041C9', 'invoice_amount_in_words': '#9EA3E4', 'awb_number': '#6CB65E', 'awb_date': '#87B160', 'lc_ref_no': '#C8B9A0', 'vessel_name': '#23A809', 'net_weight': '#EEEE0E', 'beneficiary_country': '#8C90CD', 'beneficiary_drawer_exporter_seller_supplier_tin': '#CA435D', 'remitter_drawee_applicant_importer_buyer_name': '#FEDECB', 'transaction_date': '#B7AAD2', 'shipper_name': '#3CF1B5', 'indicator_date': '#2A6578', 'beneficiary_bank_country': '#9A8EEA', 'shipper_address': '#683D39', 'signature_of_the_issuer': '#078C66', 'tenor_indicator': '#BAA71A', 'delivery_terms': '#855AE6', 'transaction_currency': '#D894FD', 'beneficiary_drawer_exporter_seller_supplier_name': '#83FF7C', 'page_no': '#4415C8', 'consignor_country': '#22DB9A', 'beneficiary_bank_name': '#6B6B5C', 'lc_date': '#153AB8', 'invoice_discount_ccy': '#D21F43', 'transaction_amonunt_value': '#3E87A3', 'stamp': '#44CFC2', 'notify_party_address': '#31AAA9', 'invoice_amount': '#757FAC', 'port_of_discharge': '#05D67C'}
2024-01-30 13:43:22,842 is result_set is instance of dict? True
2024-01-30 13:43:22,842 is final_result_set is instance of dict? True
2024-01-30 13:43:22,856 Time taken for page 1 of Proforma_Invoice_336_0.png:0:00:01.223276
2024-01-30 13:43:22,971 *****Generated All Pages****** for Proforma_Invoice_336_0.png
2024-01-30 13:43:22,971 RAM memory 63.1 used for Proforma_Invoice_336_0.png Generating All Pages:
2024-01-30 13:43:22,971 Processing time taken for all pages of Proforma_Invoice_336_0.png1:0:00:01.426224
2024-01-30 13:43:23,123 file name is:Invoice_981_18.png
2024-01-30 13:43:23,124 folder path :Images
2024-01-30 13:43:23,124 Calling Image result
2024-01-30 13:43:23,124 is all_page_result is instance of dict? True
2024-01-30 13:43:23,210 STREAM b'IHDR' 16 13
2024-01-30 13:43:23,210 STREAM b'IDAT' 41 54553
2024-01-30 13:43:23,230 is words is instance of list? True
2024-01-30 13:43:23,230 is bboxes is instance of list? True
2024-01-30 13:43:23,230 is bounding_boxes is instance of list? True
2024-01-30 13:43:23,441 is input_id_chunks is instance of list? True
2024-01-30 13:43:23,441 is mask_chunks is instance of list? True
2024-01-30 13:43:23,442 is bbox_chunks is instance of list? True
2024-01-30 13:43:23,442 is image_chunks is instance of list? True
2024-01-30 13:43:23,443 is input_dict is instance of dict? True
2024-01-30 13:43:24,820 Model Called
2024-01-30 13:43:24,820 RAM memory 70.2 used for Invoice_981_18.png:
2024-01-30 13:43:24,820 is all_predictions is instance of list? True
2024-01-30 13:43:24,821 is all_boxes is instance of list? True
2024-01-30 13:43:24,821 is all_confidences is instance of list? True
2024-01-30 13:43:24,821 is all_text is instance of list? True
2024-01-30 13:43:24,821 is label2id is instance of dict? True
2024-01-30 13:43:24,821 is id2label is instance of dict? True
2024-01-30 13:43:24,822 is label2color is instance of dict? True
2024-01-30 13:43:24,822 label2color : {'signature': '#7328F9', 'remitter_address': '#CC579E', 'O': '#53F42D', 'notify_party_country': '#3F5EC8', 'port_of_loading': '#2B2D80', 'beneficiary_account_number': '#2BBDF9', 'consignee_address': '#C45DF8', 'beneficiary_iban_number': '#4B4BD9', 'bill_of_lading_no': '#389686', 'pre-carriage-by': '#FA73F7', 'invoice_discount_amount': '#680E1F', 'beneficiary_address': '#A37203', 'rate_per_unit': '#5DC2E2', 'original_or_copy': '#B73269', 'hs_code_no': '#B5E67F', 'bill_of_lading_date': '#6C4E91', 'declaration_by_issuer': '#499C1D', 'beneficiary_bank_identifier': '#E06A18', 'vessel_flight_no': '#65AAF9', 'goods_description': '#BE2521', 'incoterm': '#CE8900', 'invoice_due_date': '#34FF77', 'tenor_type': '#707A71', 'country_of_origin_of_goods': '#5D0F42', 'invoice_no': '#52A23D', 'cosignee_name': '#2557B3', 'total_quantity_of_goods': '#E70F8A', 'consignor_address': '#7619D7', 'invoice_tax_ccy': '#857230', 'gross_weight': '#BBAA52', 'notify_party_name': '#DEFE2C', 'dimension': '#286A01', 'consignor_name': '#FA1062', 'indicator_type': '#20AD47', 'invoice_tax_amount': '#4FAE32', 'country_of_final_destination': '#86BC2B', 'usance_tenor': '#F16333', 'date_of_invoice': '#C04C13', 'invoice_currency': '#07DFEE', 'invoice_amount_in_words': '#F9299A', 'awb_number': '#B65087', 'awb_date': '#DE9BC3', 'lc_ref_no': '#3075C3', 'vessel_name': '#F3C347', 'net_weight': '#F1CA41', 'beneficiary_country': '#C70A56', 'beneficiary_drawer_exporter_seller_supplier_tin': '#4B8FE9', 'remitter_drawee_applicant_importer_buyer_name': '#924D70', 'transaction_date': '#BD4A0A', 'shipper_name': '#F81A19', 'indicator_date': '#743799', 'beneficiary_bank_country': '#796DBD', 'shipper_address': '#E0C78E', 'signature_of_the_issuer': '#F1557A', 'tenor_indicator': '#7350F1', 'delivery_terms': '#EE7E25', 'transaction_currency': '#0783B1', 'beneficiary_drawer_exporter_seller_supplier_name': '#E08FE5', 'page_no': '#ED297F', 'consignor_country': '#6AF23A', 'beneficiary_bank_name': '#6F5906', 'lc_date': '#C8955D', 'invoice_discount_ccy': '#6EAC1B', 'transaction_amonunt_value': '#DEB42C', 'stamp': '#F3FFA8', 'notify_party_address': '#FCE838', 'invoice_amount': '#1671A3', 'port_of_discharge': '#1C70EC'}
2024-01-30 13:43:25,011 is result_set is instance of dict? True
2024-01-30 13:43:25,012 is final_result_set is instance of dict? True
2024-01-30 13:43:25,044 Time taken for page 1 of Invoice_981_18.png:0:00:01.833601
2024-01-30 13:43:25,176 *****Generated All Pages****** for Invoice_981_18.png
2024-01-30 13:43:25,176 RAM memory 70.3 used for Invoice_981_18.png Generating All Pages:
2024-01-30 13:43:25,176 Processing time taken for all pages of Invoice_981_18.png1:0:00:02.052598
2024-01-30 13:43:25,364 file name is:Invoice_949_0.png
2024-01-30 13:43:25,364 folder path :Images
2024-01-30 13:43:25,364 Calling Image result
2024-01-30 13:43:25,364 is all_page_result is instance of dict? True
2024-01-30 13:43:25,466 STREAM b'IHDR' 16 13
2024-01-30 13:43:25,466 STREAM b'IDAT' 41 60367
2024-01-30 13:43:25,487 is words is instance of list? True
2024-01-30 13:43:25,487 is bboxes is instance of list? True
2024-01-30 13:43:25,487 is bounding_boxes is instance of list? True
2024-01-30 13:43:25,853 is input_id_chunks is instance of list? True
2024-01-30 13:43:25,853 is mask_chunks is instance of list? True
2024-01-30 13:43:25,853 is bbox_chunks is instance of list? True
2024-01-30 13:43:25,853 is image_chunks is instance of list? True
2024-01-30 13:43:25,854 is input_dict is instance of dict? True
2024-01-30 13:43:27,543 Model Called
2024-01-30 13:43:27,544 RAM memory 67.7 used for Invoice_949_0.png:
2024-01-30 13:43:27,544 is all_predictions is instance of list? True
2024-01-30 13:43:27,544 is all_boxes is instance of list? True
2024-01-30 13:43:27,544 is all_confidences is instance of list? True
2024-01-30 13:43:27,544 is all_text is instance of list? True
2024-01-30 13:43:27,544 is label2id is instance of dict? True
2024-01-30 13:43:27,544 is id2label is instance of dict? True
2024-01-30 13:43:27,545 is label2color is instance of dict? True
2024-01-30 13:43:27,545 label2color : {'signature': '#9AA190', 'remitter_address': '#40433F', 'O': '#11C22B', 'notify_party_country': '#E4A301', 'port_of_loading': '#3F33C2', 'beneficiary_account_number': '#0AFD16', 'consignee_address': '#E9D66D', 'beneficiary_iban_number': '#4E3A3C', 'bill_of_lading_no': '#F6D4C4', 'pre-carriage-by': '#7F19C8', 'invoice_discount_amount': '#BF5446', 'beneficiary_address': '#111E5B', 'rate_per_unit': '#B6DA16', 'original_or_copy': '#91A086', 'hs_code_no': '#0B7A1D', 'bill_of_lading_date': '#58690E', 'declaration_by_issuer': '#237878', 'beneficiary_bank_identifier': '#6B319E', 'vessel_flight_no': '#4C4289', 'goods_description': '#7B2CF8', 'incoterm': '#548B83', 'invoice_due_date': '#5A81B7', 'tenor_type': '#33A144', 'country_of_origin_of_goods': '#3AD2C2', 'invoice_no': '#08B855', 'cosignee_name': '#5FC046', 'total_quantity_of_goods': '#C3BF41', 'consignor_address': '#5B118E', 'invoice_tax_ccy': '#85C011', 'gross_weight': '#5750AC', 'notify_party_name': '#A23F26', 'dimension': '#2735EA', 'consignor_name': '#0B40D3', 'indicator_type': '#AEC4A4', 'invoice_tax_amount': '#525F96', 'country_of_final_destination': '#B08CA1', 'usance_tenor': '#D548DA', 'date_of_invoice': '#859CCA', 'invoice_currency': '#D7D140', 'invoice_amount_in_words': '#B09CB4', 'awb_number': '#A671C5', 'awb_date': '#40A453', 'lc_ref_no': '#217E2C', 'vessel_name': '#C51B05', 'net_weight': '#1E1740', 'beneficiary_country': '#CABC5C', 'beneficiary_drawer_exporter_seller_supplier_tin': '#209D67', 'remitter_drawee_applicant_importer_buyer_name': '#8A5430', 'transaction_date': '#03FE69', 'shipper_name': '#5B9DD8', 'indicator_date': '#661F1F', 'beneficiary_bank_country': '#6E18B8', 'shipper_address': '#9E4103', 'signature_of_the_issuer': '#4EEBAA', 'tenor_indicator': '#E02AA6', 'delivery_terms': '#EB6698', 'transaction_currency': '#B1A534', 'beneficiary_drawer_exporter_seller_supplier_name': '#09367B', 'page_no': '#B46181', 'consignor_country': '#65DFB2', 'beneficiary_bank_name': '#1C46E9', 'lc_date': '#AAD6F6', 'invoice_discount_ccy': '#BAC758', 'transaction_amonunt_value': '#771773', 'stamp': '#96EDED', 'notify_party_address': '#36EFC7', 'invoice_amount': '#02701F', 'port_of_discharge': '#869B03'}
2024-01-30 13:43:27,740 is result_set is instance of dict? True
2024-01-30 13:43:27,740 is final_result_set is instance of dict? True
2024-01-30 13:43:27,761 Time taken for page 1 of Invoice_949_0.png:0:00:02.295636
2024-01-30 13:43:27,904 *****Generated All Pages****** for Invoice_949_0.png
2024-01-30 13:43:27,905 RAM memory 68.1 used for Invoice_949_0.png Generating All Pages:
2024-01-30 13:43:27,905 Processing time taken for all pages of Invoice_949_0.png1:0:00:02.540636
2024-01-30 13:43:28,065 file name is:Invoice_571_0.png
2024-01-30 13:43:28,065 folder path :Images
2024-01-30 13:43:28,066 Calling Image result
2024-01-30 13:43:28,066 is all_page_result is instance of dict? True
2024-01-30 13:43:28,126 STREAM b'IHDR' 16 13
2024-01-30 13:43:28,126 STREAM b'IDAT' 41 45014
2024-01-30 13:43:28,144 is words is instance of list? True
2024-01-30 13:43:28,145 is bboxes is instance of list? True
2024-01-30 13:43:28,145 is bounding_boxes is instance of list? True
2024-01-30 13:43:28,354 is input_id_chunks is instance of list? True
2024-01-30 13:43:28,354 is mask_chunks is instance of list? True
2024-01-30 13:43:28,354 is bbox_chunks is instance of list? True
2024-01-30 13:43:28,354 is image_chunks is instance of list? True
2024-01-30 13:43:28,354 is input_dict is instance of dict? True
2024-01-30 13:43:29,141 Model Called
2024-01-30 13:43:29,142 RAM memory 67.8 used for Invoice_571_0.png:
2024-01-30 13:43:29,142 is all_predictions is instance of list? True
2024-01-30 13:43:29,142 is all_boxes is instance of list? True
2024-01-30 13:43:29,142 is all_confidences is instance of list? True
2024-01-30 13:43:29,142 is all_text is instance of list? True
2024-01-30 13:43:29,142 is label2id is instance of dict? True
2024-01-30 13:43:29,142 is id2label is instance of dict? True
2024-01-30 13:43:29,143 is label2color is instance of dict? True
2024-01-30 13:43:29,143 label2color : {'signature': '#1133C7', 'remitter_address': '#A6B9C9', 'O': '#6720FD', 'notify_party_country': '#BB5E4F', 'port_of_loading': '#CB2C27', 'beneficiary_account_number': '#046B38', 'consignee_address': '#827A45', 'beneficiary_iban_number': '#53F0B7', 'bill_of_lading_no': '#73696B', 'pre-carriage-by': '#BDE369', 'invoice_discount_amount': '#703217', 'beneficiary_address': '#828D31', 'rate_per_unit': '#A896B0', 'original_or_copy': '#1633AC', 'hs_code_no': '#5E49C8', 'bill_of_lading_date': '#F3FBD4', 'declaration_by_issuer': '#084B88', 'beneficiary_bank_identifier': '#9612DF', 'vessel_flight_no': '#1934B7', 'goods_description': '#B02A0D', 'incoterm': '#CE71C3', 'invoice_due_date': '#2C09A4', 'tenor_type': '#6FDA73', 'country_of_origin_of_goods': '#72C3A2', 'invoice_no': '#41E620', 'cosignee_name': '#BC127A', 'total_quantity_of_goods': '#D27D32', 'consignor_address': '#BA84C0', 'invoice_tax_ccy': '#9C59D2', 'gross_weight': '#D45FE8', 'notify_party_name': '#88AAA1', 'dimension': '#D54B48', 'consignor_name': '#D19E45', 'indicator_type': '#404841', 'invoice_tax_amount': '#7FD523', 'country_of_final_destination': '#F52E40', 'usance_tenor': '#F4BDFE', 'date_of_invoice': '#4BB56B', 'invoice_currency': '#C0615C', 'invoice_amount_in_words': '#18CF83', 'awb_number': '#C5966A', 'awb_date': '#746B1F', 'lc_ref_no': '#451943', 'vessel_name': '#E0A155', 'net_weight': '#4695F0', 'beneficiary_country': '#877AD2', 'beneficiary_drawer_exporter_seller_supplier_tin': '#3CCD10', 'remitter_drawee_applicant_importer_buyer_name': '#4F1A4F', 'transaction_date': '#B2DE0F', 'shipper_name': '#0F3C82', 'indicator_date': '#F1EB5C', 'beneficiary_bank_country': '#9077CB', 'shipper_address': '#973F58', 'signature_of_the_issuer': '#A19748', 'tenor_indicator': '#132D3B', 'delivery_terms': '#88A8B2', 'transaction_currency': '#2F2924', 'beneficiary_drawer_exporter_seller_supplier_name': '#16C165', 'page_no': '#6B1E48', 'consignor_country': '#E1F836', 'beneficiary_bank_name': '#A5BF2C', 'lc_date': '#9E22A2', 'invoice_discount_ccy': '#E9D30F', 'transaction_amonunt_value': '#271DFF', 'stamp': '#3A0D2E', 'notify_party_address': '#B7B828', 'invoice_amount': '#07D382', 'port_of_discharge': '#14AADB'}
2024-01-30 13:43:29,265 is result_set is instance of dict? True
2024-01-30 13:43:29,266 is final_result_set is instance of dict? True
2024-01-30 13:43:29,299 Time taken for page 1 of Invoice_571_0.png:0:00:01.172877
2024-01-30 13:43:29,429 *****Generated All Pages****** for Invoice_571_0.png
2024-01-30 13:43:29,429 RAM memory 68.0 used for Invoice_571_0.png Generating All Pages:
2024-01-30 13:43:29,429 Processing time taken for all pages of Invoice_571_0.png1:0:00:01.363426
2024-01-30 13:43:29,603 file name is:Proforma_Invoice_272_2.png
2024-01-30 13:43:29,603 folder path :Images
2024-01-30 13:43:29,603 Calling Image result
2024-01-30 13:43:29,603 is all_page_result is instance of dict? True
2024-01-30 13:43:29,603 STREAM b'IHDR' 16 13
2024-01-30 13:43:29,604 STREAM b'IDAT' 41 24092
2024-01-30 13:43:29,622 is words is instance of list? True
2024-01-30 13:43:29,623 is bboxes is instance of list? True
2024-01-30 13:43:29,623 is bounding_boxes is instance of list? True
2024-01-30 13:43:30,040 is input_id_chunks is instance of list? True
2024-01-30 13:43:30,040 is mask_chunks is instance of list? True
2024-01-30 13:43:30,040 is bbox_chunks is instance of list? True
2024-01-30 13:43:30,040 is image_chunks is instance of list? True
2024-01-30 13:43:30,040 is input_dict is instance of dict? True
2024-01-30 13:43:30,820 Model Called
2024-01-30 13:43:30,820 RAM memory 64.7 used for Proforma_Invoice_272_2.png:
2024-01-30 13:43:30,820 is all_predictions is instance of list? True
2024-01-30 13:43:30,820 is all_boxes is instance of list? True
2024-01-30 13:43:30,820 is all_confidences is instance of list? True
2024-01-30 13:43:30,820 is all_text is instance of list? True
2024-01-30 13:43:30,821 is label2id is instance of dict? True
2024-01-30 13:43:30,821 is id2label is instance of dict? True
2024-01-30 13:43:30,821 is label2color is instance of dict? True
2024-01-30 13:43:30,821 label2color : {'signature': '#03DECA', 'remitter_address': '#AEBD23', 'O': '#782B16', 'notify_party_country': '#3BB650', 'port_of_loading': '#EF90B2', 'beneficiary_account_number': '#B10840', 'consignee_address': '#E65D63', 'beneficiary_iban_number': '#4007D6', 'bill_of_lading_no': '#FA498B', 'pre-carriage-by': '#D0485D', 'invoice_discount_amount': '#9B57EB', 'beneficiary_address': '#BE7DF3', 'rate_per_unit': '#BBF3D4', 'original_or_copy': '#A6300F', 'hs_code_no': '#7B53F8', 'bill_of_lading_date': '#EE5BCE', 'declaration_by_issuer': '#8A267A', 'beneficiary_bank_identifier': '#882E80', 'vessel_flight_no': '#6291C6', 'goods_description': '#1DDB12', 'incoterm': '#2BB795', 'invoice_due_date': '#2CE735', 'tenor_type': '#C5C83F', 'country_of_origin_of_goods': '#050010', 'invoice_no': '#7396C4', 'cosignee_name': '#CD37A7', 'total_quantity_of_goods': '#A0B188', 'consignor_address': '#31844C', 'invoice_tax_ccy': '#CE9762', 'gross_weight': '#61598E', 'notify_party_name': '#AC4500', 'dimension': '#09E8DE', 'consignor_name': '#34B70C', 'indicator_type': '#1A0FB7', 'invoice_tax_amount': '#EE1298', 'country_of_final_destination': '#A741BB', 'usance_tenor': '#DBA72D', 'date_of_invoice': '#E060A2', 'invoice_currency': '#337D80', 'invoice_amount_in_words': '#C4B97C', 'awb_number': '#E1A9AE', 'awb_date': '#C7FA2A', 'lc_ref_no': '#579411', 'vessel_name': '#48A420', 'net_weight': '#3E522E', 'beneficiary_country': '#40B60D', 'beneficiary_drawer_exporter_seller_supplier_tin': '#454798', 'remitter_drawee_applicant_importer_buyer_name': '#E4BA64', 'transaction_date': '#F51969', 'shipper_name': '#D3A622', 'indicator_date': '#C2A942', 'beneficiary_bank_country': '#8633E5', 'shipper_address': '#58E7D0', 'signature_of_the_issuer': '#306F93', 'tenor_indicator': '#25237F', 'delivery_terms': '#6EE7A6', 'transaction_currency': '#2A58A5', 'beneficiary_drawer_exporter_seller_supplier_name': '#94145D', 'page_no': '#CDB867', 'consignor_country': '#807BCD', 'beneficiary_bank_name': '#0AEE4A', 'lc_date': '#B5BF2F', 'invoice_discount_ccy': '#AB8529', 'transaction_amonunt_value': '#AC590E', 'stamp': '#107B22', 'notify_party_address': '#7A40AF', 'invoice_amount': '#D65089', 'port_of_discharge': '#EE2744'}
2024-01-30 13:43:30,947 is result_set is instance of dict? True
2024-01-30 13:43:30,948 is final_result_set is instance of dict? True
2024-01-30 13:43:30,957 Time taken for page 1 of Proforma_Invoice_272_2.png:0:00:01.353495
2024-01-30 13:43:31,053 *****Generated All Pages****** for Proforma_Invoice_272_2.png
2024-01-30 13:43:31,053 RAM memory 64.9 used for Proforma_Invoice_272_2.png Generating All Pages:
2024-01-30 13:43:31,053 Processing time taken for all pages of Proforma_Invoice_272_2.png1:0:00:01.450566
2024-01-30 13:43:31,212 file name is:Proforma_Invoice_102_0.png
2024-01-30 13:43:31,212 folder path :Images
2024-01-30 13:43:31,212 Calling Image result
2024-01-30 13:43:31,212 is all_page_result is instance of dict? True
2024-01-30 13:43:31,213 STREAM b'IHDR' 16 13
2024-01-30 13:43:31,213 STREAM b'IDAT' 41 28022
2024-01-30 13:43:31,231 Checking spheric-time-383904-f1b421d86eef.json for explicit credentials as part of auth process...
2024-01-30 13:43:32,202 is words is instance of list? True
2024-01-30 13:43:32,202 is bboxes is instance of list? True
2024-01-30 13:43:32,202 is bounding_boxes is instance of list? True
2024-01-30 13:43:32,384 is input_id_chunks is instance of list? True
2024-01-30 13:43:32,384 is mask_chunks is instance of list? True
2024-01-30 13:43:32,384 is bbox_chunks is instance of list? True
2024-01-30 13:43:32,384 is image_chunks is instance of list? True
2024-01-30 13:43:32,384 is input_dict is instance of dict? True
2024-01-30 13:43:32,960 Model Called
2024-01-30 13:43:32,960 RAM memory 63.4 used for Proforma_Invoice_102_0.png:
2024-01-30 13:43:32,960 is all_predictions is instance of list? True
2024-01-30 13:43:32,960 is all_boxes is instance of list? True
2024-01-30 13:43:32,960 is all_confidences is instance of list? True
2024-01-30 13:43:32,960 is all_text is instance of list? True
2024-01-30 13:43:32,961 is label2id is instance of dict? True
2024-01-30 13:43:32,961 is id2label is instance of dict? True
2024-01-30 13:43:32,961 is label2color is instance of dict? True
2024-01-30 13:43:32,961 label2color : {'signature': '#8627A6', 'remitter_address': '#FB47E2', 'O': '#6D0216', 'notify_party_country': '#4E65B5', 'port_of_loading': '#AB0232', 'beneficiary_account_number': '#0B779A', 'consignee_address': '#C7863A', 'beneficiary_iban_number': '#43D98A', 'bill_of_lading_no': '#4E3817', 'pre-carriage-by': '#F8C620', 'invoice_discount_amount': '#675109', 'beneficiary_address': '#4198C4', 'rate_per_unit': '#46D581', 'original_or_copy': '#61A6EC', 'hs_code_no': '#37CA6B', 'bill_of_lading_date': '#E1B941', 'declaration_by_issuer': '#D73BF8', 'beneficiary_bank_identifier': '#E8FCBD', 'vessel_flight_no': '#41562F', 'goods_description': '#35A6C6', 'incoterm': '#E98B0D', 'invoice_due_date': '#0F4774', 'tenor_type': '#F2A153', 'country_of_origin_of_goods': '#A53CA4', 'invoice_no': '#B4A463', 'cosignee_name': '#EF92D8', 'total_quantity_of_goods': '#7049AE', 'consignor_address': '#72FD26', 'invoice_tax_ccy': '#3CC36E', 'gross_weight': '#420B45', 'notify_party_name': '#E96C70', 'dimension': '#8BA92F', 'consignor_name': '#AB420F', 'indicator_type': '#3FA021', 'invoice_tax_amount': '#CEE651', 'country_of_final_destination': '#6F247A', 'usance_tenor': '#35A471', 'date_of_invoice': '#642A4A', 'invoice_currency': '#7114CB', 'invoice_amount_in_words': '#B6D76A', 'awb_number': '#553C07', 'awb_date': '#26B058', 'lc_ref_no': '#14B888', 'vessel_name': '#47A331', 'net_weight': '#E68BCE', 'beneficiary_country': '#B5C9EA', 'beneficiary_drawer_exporter_seller_supplier_tin': '#B3C9F8', 'remitter_drawee_applicant_importer_buyer_name': '#6712A7', 'transaction_date': '#A1ECA5', 'shipper_name': '#80CABC', 'indicator_date': '#ED4513', 'beneficiary_bank_country': '#E11593', 'shipper_address': '#FD2B86', 'signature_of_the_issuer': '#24B053', 'tenor_indicator': '#4A0BE1', 'delivery_terms': '#E51A0A', 'transaction_currency': '#EA1D79', 'beneficiary_drawer_exporter_seller_supplier_name': '#093DF5', 'page_no': '#7229A6', 'consignor_country': '#281AB3', 'beneficiary_bank_name': '#57F8A7', 'lc_date': '#00A80E', 'invoice_discount_ccy': '#8CB6D6', 'transaction_amonunt_value': '#AA8C15', 'stamp': '#AEE3CD', 'notify_party_address': '#AE2AA3', 'invoice_amount': '#9A8C81', 'port_of_discharge': '#09B17E'}
2024-01-30 13:43:33,085 is result_set is instance of dict? True
2024-01-30 13:43:33,086 is final_result_set is instance of dict? True
2024-01-30 13:43:33,097 Time taken for page 1 of Proforma_Invoice_102_0.png:0:00:01.883856
2024-01-30 13:43:33,205 *****Generated All Pages****** for Proforma_Invoice_102_0.png
2024-01-30 13:43:33,205 RAM memory 63.6 used for Proforma_Invoice_102_0.png Generating All Pages:
2024-01-30 13:43:33,205 Processing time taken for all pages of Proforma_Invoice_102_0.png1:0:00:01.992959
2024-01-30 13:43:33,356 file name is:Proforma_Invoice_240_0.png
2024-01-30 13:43:33,356 folder path :Images
2024-01-30 13:43:33,356 Calling Image result
2024-01-30 13:43:33,356 is all_page_result is instance of dict? True
2024-01-30 13:43:33,357 STREAM b'IHDR' 16 13
2024-01-30 13:43:33,357 STREAM b'IDAT' 41 46940
2024-01-30 13:43:33,375 is words is instance of list? True
2024-01-30 13:43:33,375 is bboxes is instance of list? True
2024-01-30 13:43:33,375 is bounding_boxes is instance of list? True
2024-01-30 13:43:33,543 is input_id_chunks is instance of list? True
2024-01-30 13:43:33,543 is mask_chunks is instance of list? True
2024-01-30 13:43:33,544 is bbox_chunks is instance of list? True
2024-01-30 13:43:33,544 is image_chunks is instance of list? True
2024-01-30 13:43:33,544 is input_dict is instance of dict? True
2024-01-30 13:43:34,135 Model Called
2024-01-30 13:43:34,135 RAM memory 63.5 used for Proforma_Invoice_240_0.png:
2024-01-30 13:43:34,135 is all_predictions is instance of list? True
2024-01-30 13:43:34,135 is all_boxes is instance of list? True
2024-01-30 13:43:34,135 is all_confidences is instance of list? True
2024-01-30 13:43:34,135 is all_text is instance of list? True
2024-01-30 13:43:34,135 is label2id is instance of dict? True
2024-01-30 13:43:34,135 is id2label is instance of dict? True
2024-01-30 13:43:34,136 is label2color is instance of dict? True
2024-01-30 13:43:34,136 label2color : {'signature': '#FD7CD3', 'remitter_address': '#C5B5B3', 'O': '#F200D0', 'notify_party_country': '#AA52AA', 'port_of_loading': '#E342DD', 'beneficiary_account_number': '#2B9FC9', 'consignee_address': '#5CBB3E', 'beneficiary_iban_number': '#67E25F', 'bill_of_lading_no': '#1BF798', 'pre-carriage-by': '#4D6AA2', 'invoice_discount_amount': '#86FFC8', 'beneficiary_address': '#3618DC', 'rate_per_unit': '#41BE8F', 'original_or_copy': '#632862', 'hs_code_no': '#B3DF4F', 'bill_of_lading_date': '#09DDFA', 'declaration_by_issuer': '#4C5AF4', 'beneficiary_bank_identifier': '#B763D9', 'vessel_flight_no': '#B2E3AB', 'goods_description': '#D0A38B', 'incoterm': '#0DA212', 'invoice_due_date': '#00C70C', 'tenor_type': '#9D0EDC', 'country_of_origin_of_goods': '#94A30B', 'invoice_no': '#7DAB8E', 'cosignee_name': '#8238A7', 'total_quantity_of_goods': '#A1CEC6', 'consignor_address': '#D1BBDF', 'invoice_tax_ccy': '#098B91', 'gross_weight': '#D75DA2', 'notify_party_name': '#A53A0B', 'dimension': '#98B3FD', 'consignor_name': '#43657B', 'indicator_type': '#BED9C7', 'invoice_tax_amount': '#14A645', 'country_of_final_destination': '#26F6B1', 'usance_tenor': '#10A2D5', 'date_of_invoice': '#638AFE', 'invoice_currency': '#9CFFCA', 'invoice_amount_in_words': '#9D1ADD', 'awb_number': '#1150B3', 'awb_date': '#4A4B78', 'lc_ref_no': '#2C5B18', 'vessel_name': '#E74D93', 'net_weight': '#BD55E2', 'beneficiary_country': '#4969BB', 'beneficiary_drawer_exporter_seller_supplier_tin': '#9B88FE', 'remitter_drawee_applicant_importer_buyer_name': '#91DD29', 'transaction_date': '#B6BA5E', 'shipper_name': '#8BB41A', 'indicator_date': '#4A339A', 'beneficiary_bank_country': '#B39A76', 'shipper_address': '#1F3827', 'signature_of_the_issuer': '#9EDF74', 'tenor_indicator': '#060004', 'delivery_terms': '#404F6C', 'transaction_currency': '#37C718', 'beneficiary_drawer_exporter_seller_supplier_name': '#090A68', 'page_no': '#2ADDE0', 'consignor_country': '#DD3062', 'beneficiary_bank_name': '#B4FFE5', 'lc_date': '#8C5A97', 'invoice_discount_ccy': '#6D6497', 'transaction_amonunt_value': '#ADF782', 'stamp': '#2195FA', 'notify_party_address': '#1C1CCF', 'invoice_amount': '#234CF8', 'port_of_discharge': '#72AA6F'}
2024-01-30 13:43:34,253 is result_set is instance of dict? True
2024-01-30 13:43:34,254 is final_result_set is instance of dict? True
2024-01-30 13:43:34,280 Time taken for page 1 of Proforma_Invoice_240_0.png:0:00:00.923191
2024-01-30 13:43:34,401 *****Generated All Pages****** for Proforma_Invoice_240_0.png
2024-01-30 13:43:34,402 RAM memory 63.6 used for Proforma_Invoice_240_0.png Generating All Pages:
2024-01-30 13:43:34,402 Processing time taken for all pages of Proforma_Invoice_240_0.png1:0:00:01.045454
2024-01-30 13:43:34,554 file name is:Invoice_408_2.png
2024-01-30 13:43:34,554 folder path :Images
2024-01-30 13:43:34,554 Calling Image result
2024-01-30 13:43:34,554 is all_page_result is instance of dict? True
2024-01-30 13:43:34,642 STREAM b'IHDR' 16 13
2024-01-30 13:43:34,642 STREAM b'IDAT' 41 65536
2024-01-30 13:43:34,687 is words is instance of list? True
2024-01-30 13:43:34,687 is bboxes is instance of list? True
2024-01-30 13:43:34,687 is bounding_boxes is instance of list? True
2024-01-30 13:43:35,147 is input_id_chunks is instance of list? True
2024-01-30 13:43:35,147 is mask_chunks is instance of list? True
2024-01-30 13:43:35,147 is bbox_chunks is instance of list? True
2024-01-30 13:43:35,147 is image_chunks is instance of list? True
2024-01-30 13:43:35,148 is input_dict is instance of dict? True
2024-01-30 13:43:36,815 Model Called
2024-01-30 13:43:36,815 RAM memory 70.6 used for Invoice_408_2.png:
2024-01-30 13:43:36,815 is all_predictions is instance of list? True
2024-01-30 13:43:36,815 is all_boxes is instance of list? True
2024-01-30 13:43:36,815 is all_confidences is instance of list? True
2024-01-30 13:43:36,815 is all_text is instance of list? True
2024-01-30 13:43:36,816 is label2id is instance of dict? True
2024-01-30 13:43:36,816 is id2label is instance of dict? True
2024-01-30 13:43:36,816 is label2color is instance of dict? True
2024-01-30 13:43:36,816 label2color : {'signature': '#9DD580', 'remitter_address': '#D499FD', 'O': '#755D49', 'notify_party_country': '#12846E', 'port_of_loading': '#477300', 'beneficiary_account_number': '#2D0EEC', 'consignee_address': '#871891', 'beneficiary_iban_number': '#52DD97', 'bill_of_lading_no': '#4DA11A', 'pre-carriage-by': '#7D84CF', 'invoice_discount_amount': '#0A4C5E', 'beneficiary_address': '#DD5212', 'rate_per_unit': '#BBD5C5', 'original_or_copy': '#8F6B45', 'hs_code_no': '#4A8B28', 'bill_of_lading_date': '#4FA21A', 'declaration_by_issuer': '#918205', 'beneficiary_bank_identifier': '#9FEB21', 'vessel_flight_no': '#215A3F', 'goods_description': '#DB4224', 'incoterm': '#E4758A', 'invoice_due_date': '#02C9B9', 'tenor_type': '#B7A3FA', 'country_of_origin_of_goods': '#EB5113', 'invoice_no': '#5A362B', 'cosignee_name': '#864DE7', 'total_quantity_of_goods': '#B2CA38', 'consignor_address': '#8C9F1F', 'invoice_tax_ccy': '#0A2073', 'gross_weight': '#A2B394', 'notify_party_name': '#B9AC6B', 'dimension': '#AD2C7D', 'consignor_name': '#D460AC', 'indicator_type': '#38438E', 'invoice_tax_amount': '#28CFDA', 'country_of_final_destination': '#69F35F', 'usance_tenor': '#9D030A', 'date_of_invoice': '#CFEF6C', 'invoice_currency': '#A1F892', 'invoice_amount_in_words': '#E2C37D', 'awb_number': '#242651', 'awb_date': '#EDE220', 'lc_ref_no': '#D8BB74', 'vessel_name': '#800AC5', 'net_weight': '#1D1C28', 'beneficiary_country': '#96CD70', 'beneficiary_drawer_exporter_seller_supplier_tin': '#1E4831', 'remitter_drawee_applicant_importer_buyer_name': '#8894CC', 'transaction_date': '#6E9A3F', 'shipper_name': '#B4546A', 'indicator_date': '#D42EDC', 'beneficiary_bank_country': '#303D8D', 'shipper_address': '#E0A337', 'signature_of_the_issuer': '#D0E0AE', 'tenor_indicator': '#A53A12', 'delivery_terms': '#759821', 'transaction_currency': '#4D0BAE', 'beneficiary_drawer_exporter_seller_supplier_name': '#29073C', 'page_no': '#8E3845', 'consignor_country': '#FF8868', 'beneficiary_bank_name': '#9D3E0F', 'lc_date': '#D80596', 'invoice_discount_ccy': '#2F4F7A', 'transaction_amonunt_value': '#72F855', 'stamp': '#BC7619', 'notify_party_address': '#708A52', 'invoice_amount': '#16097D', 'port_of_discharge': '#2EC6EA'}
2024-01-30 13:43:37,070 is result_set is instance of dict? True
2024-01-30 13:43:37,071 is final_result_set is instance of dict? True
2024-01-30 13:43:37,093 Time taken for page 1 of Invoice_408_2.png:0:00:02.450232
2024-01-30 13:43:37,273 *****Generated All Pages****** for Invoice_408_2.png
2024-01-30 13:43:37,273 RAM memory 69.1 used for Invoice_408_2.png Generating All Pages:
2024-01-30 13:43:37,273 Processing time taken for all pages of Invoice_408_2.png1:0:00:02.719328
2024-01-30 13:43:37,478 file name is:Invoice_981_7.png
2024-01-30 13:43:37,478 folder path :Images
2024-01-30 13:43:37,478 Calling Image result
2024-01-30 13:43:37,478 is all_page_result is instance of dict? True
2024-01-30 13:43:37,556 STREAM b'IHDR' 16 13
2024-01-30 13:43:37,556 STREAM b'IDAT' 41 52849
2024-01-30 13:43:37,589 is words is instance of list? True
2024-01-30 13:43:37,589 is bboxes is instance of list? True
2024-01-30 13:43:37,589 is bounding_boxes is instance of list? True
2024-01-30 13:43:38,019 is input_id_chunks is instance of list? True
2024-01-30 13:43:38,019 is mask_chunks is instance of list? True
2024-01-30 13:43:38,019 is bbox_chunks is instance of list? True
2024-01-30 13:43:38,019 is image_chunks is instance of list? True
2024-01-30 13:43:38,019 is input_dict is instance of dict? True
2024-01-30 13:43:39,601 Model Called
2024-01-30 13:43:39,601 RAM memory 68.6 used for Invoice_981_7.png:
2024-01-30 13:43:39,601 is all_predictions is instance of list? True
2024-01-30 13:43:39,601 is all_boxes is instance of list? True
2024-01-30 13:43:39,601 is all_confidences is instance of list? True
2024-01-30 13:43:39,601 is all_text is instance of list? True
2024-01-30 13:43:39,601 is label2id is instance of dict? True
2024-01-30 13:43:39,601 is id2label is instance of dict? True
2024-01-30 13:43:39,602 is label2color is instance of dict? True
2024-01-30 13:43:39,602 label2color : {'signature': '#1892CA', 'remitter_address': '#68C69B', 'O': '#4650B9', 'notify_party_country': '#E430F2', 'port_of_loading': '#5851BD', 'beneficiary_account_number': '#58CCED', 'consignee_address': '#AED55E', 'beneficiary_iban_number': '#197529', 'bill_of_lading_no': '#0ABC3C', 'pre-carriage-by': '#79F2A3', 'invoice_discount_amount': '#E89ADE', 'beneficiary_address': '#26FEA4', 'rate_per_unit': '#5488B2', 'original_or_copy': '#505488', 'hs_code_no': '#95E699', 'bill_of_lading_date': '#A9B14C', 'declaration_by_issuer': '#8D6B64', 'beneficiary_bank_identifier': '#31C409', 'vessel_flight_no': '#A5659C', 'goods_description': '#9DBFC4', 'incoterm': '#7F43C7', 'invoice_due_date': '#53F96F', 'tenor_type': '#33F1EF', 'country_of_origin_of_goods': '#0B1CDF', 'invoice_no': '#9D559B', 'cosignee_name': '#C3BA19', 'total_quantity_of_goods': '#A13361', 'consignor_address': '#0044A2', 'invoice_tax_ccy': '#1ED910', 'gross_weight': '#2CE58C', 'notify_party_name': '#3976C6', 'dimension': '#13D907', 'consignor_name': '#D85DAE', 'indicator_type': '#48422E', 'invoice_tax_amount': '#7C8AC3', 'country_of_final_destination': '#358FE4', 'usance_tenor': '#37224F', 'date_of_invoice': '#E405BD', 'invoice_currency': '#468F8F', 'invoice_amount_in_words': '#459879', 'awb_number': '#3D4AC6', 'awb_date': '#BCF760', 'lc_ref_no': '#519450', 'vessel_name': '#162385', 'net_weight': '#1824A6', 'beneficiary_country': '#1022BB', 'beneficiary_drawer_exporter_seller_supplier_tin': '#F309E6', 'remitter_drawee_applicant_importer_buyer_name': '#2D46C7', 'transaction_date': '#FA82E3', 'shipper_name': '#BF08D1', 'indicator_date': '#FBAB2E', 'beneficiary_bank_country': '#A6EF4D', 'shipper_address': '#8B7A36', 'signature_of_the_issuer': '#C9C96C', 'tenor_indicator': '#DEA84A', 'delivery_terms': '#88CEA1', 'transaction_currency': '#E00353', 'beneficiary_drawer_exporter_seller_supplier_name': '#DD821F', 'page_no': '#56519D', 'consignor_country': '#3CD201', 'beneficiary_bank_name': '#96A069', 'lc_date': '#CB210B', 'invoice_discount_ccy': '#4D1D2D', 'transaction_amonunt_value': '#474536', 'stamp': '#255776', 'notify_party_address': '#893B36', 'invoice_amount': '#533ED5', 'port_of_discharge': '#E6BF8E'}
2024-01-30 13:43:39,792 is result_set is instance of dict? True
2024-01-30 13:43:39,793 is final_result_set is instance of dict? True
2024-01-30 13:43:39,825 Time taken for page 1 of Invoice_981_7.png:0:00:02.269420
2024-01-30 13:43:39,956 *****Generated All Pages****** for Invoice_981_7.png
2024-01-30 13:43:39,956 RAM memory 68.8 used for Invoice_981_7.png Generating All Pages:
2024-01-30 13:43:39,956 Processing time taken for all pages of Invoice_981_7.png1:0:00:02.478703
2024-01-30 13:43:40,139 file name is:Invoice_981_13.png
2024-01-30 13:43:40,140 folder path :Images
2024-01-30 13:43:40,140 Calling Image result
2024-01-30 13:43:40,140 is all_page_result is instance of dict? True
2024-01-30 13:43:40,140 STREAM b'IHDR' 16 13
2024-01-30 13:43:40,140 STREAM b'IDAT' 41 53874
2024-01-30 13:43:40,247 is words is instance of list? True
2024-01-30 13:43:40,247 is bboxes is instance of list? True
2024-01-30 13:43:40,247 is bounding_boxes is instance of list? True
2024-01-30 13:43:40,504 is input_id_chunks is instance of list? True
2024-01-30 13:43:40,504 is mask_chunks is instance of list? True
2024-01-30 13:43:40,504 is bbox_chunks is instance of list? True
2024-01-30 13:43:40,504 is image_chunks is instance of list? True
2024-01-30 13:43:40,505 is input_dict is instance of dict? True
2024-01-30 13:43:42,083 Model Called
2024-01-30 13:43:42,083 RAM memory 69.1 used for Invoice_981_13.png:
2024-01-30 13:43:42,084 is all_predictions is instance of list? True
2024-01-30 13:43:42,084 is all_boxes is instance of list? True
2024-01-30 13:43:42,084 is all_confidences is instance of list? True
2024-01-30 13:43:42,084 is all_text is instance of list? True
2024-01-30 13:43:42,084 is label2id is instance of dict? True
2024-01-30 13:43:42,084 is id2label is instance of dict? True
2024-01-30 13:43:42,085 is label2color is instance of dict? True
2024-01-30 13:43:42,085 label2color : {'signature': '#8B5F48', 'remitter_address': '#27C573', 'O': '#98D874', 'notify_party_country': '#AA2609', 'port_of_loading': '#D2AF7F', 'beneficiary_account_number': '#B82B18', 'consignee_address': '#A30DB6', 'beneficiary_iban_number': '#80B712', 'bill_of_lading_no': '#6B003E', 'pre-carriage-by': '#662B97', 'invoice_discount_amount': '#63C62F', 'beneficiary_address': '#B271F2', 'rate_per_unit': '#ACCF5D', 'original_or_copy': '#31B4E0', 'hs_code_no': '#0662BD', 'bill_of_lading_date': '#E5C91A', 'declaration_by_issuer': '#3D3176', 'beneficiary_bank_identifier': '#F49CEE', 'vessel_flight_no': '#91DCC4', 'goods_description': '#C2B013', 'incoterm': '#E3ABD8', 'invoice_due_date': '#54E518', 'tenor_type': '#A413D7', 'country_of_origin_of_goods': '#30C39B', 'invoice_no': '#C52ACC', 'cosignee_name': '#8DFD24', 'total_quantity_of_goods': '#4937FC', 'consignor_address': '#661867', 'invoice_tax_ccy': '#A829D0', 'gross_weight': '#A20F2E', 'notify_party_name': '#C33B2F', 'dimension': '#3F6558', 'consignor_name': '#93DE88', 'indicator_type': '#04DC6B', 'invoice_tax_amount': '#E368D0', 'country_of_final_destination': '#038A33', 'usance_tenor': '#0DD116', 'date_of_invoice': '#5DEC76', 'invoice_currency': '#7C16C8', 'invoice_amount_in_words': '#136820', 'awb_number': '#A5274F', 'awb_date': '#3ED41F', 'lc_ref_no': '#1271F9', 'vessel_name': '#332745', 'net_weight': '#CEF884', 'beneficiary_country': '#25B4EC', 'beneficiary_drawer_exporter_seller_supplier_tin': '#19AE3D', 'remitter_drawee_applicant_importer_buyer_name': '#477356', 'transaction_date': '#4F2129', 'shipper_name': '#583A33', 'indicator_date': '#8C57EE', 'beneficiary_bank_country': '#3F3ECC', 'shipper_address': '#C9668A', 'signature_of_the_issuer': '#A81FE9', 'tenor_indicator': '#FF5108', 'delivery_terms': '#AC6BB5', 'transaction_currency': '#DCC1FB', 'beneficiary_drawer_exporter_seller_supplier_name': '#272A49', 'page_no': '#086898', 'consignor_country': '#F7F0FD', 'beneficiary_bank_name': '#102EF2', 'lc_date': '#7738ED', 'invoice_discount_ccy': '#30CDD8', 'transaction_amonunt_value': '#021FF8', 'stamp': '#46CEF8', 'notify_party_address': '#92A3C5', 'invoice_amount': '#8B515E', 'port_of_discharge': '#65C76F'}
2024-01-30 13:43:42,281 is result_set is instance of dict? True
2024-01-30 13:43:42,282 is final_result_set is instance of dict? True
2024-01-30 13:43:42,316 Time taken for page 1 of Invoice_981_13.png:0:00:02.175490
2024-01-30 13:43:42,452 *****Generated All Pages****** for Invoice_981_13.png
2024-01-30 13:43:42,452 RAM memory 69.2 used for Invoice_981_13.png Generating All Pages:
2024-01-30 13:43:42,452 Processing time taken for all pages of Invoice_981_13.png1:0:00:02.312810
2024-01-30 13:43:42,655 file name is:Invoice_849_2.png
2024-01-30 13:43:42,655 folder path :Images
2024-01-30 13:43:42,655 Calling Image result
2024-01-30 13:43:42,655 is all_page_result is instance of dict? True
2024-01-30 13:43:42,656 STREAM b'IHDR' 16 13
2024-01-30 13:43:42,656 STREAM b'IDAT' 41 46767
2024-01-30 13:43:42,684 Checking spheric-time-383904-f1b421d86eef.json for explicit credentials as part of auth process...
2024-01-30 13:43:43,374 is words is instance of list? True
2024-01-30 13:43:43,374 is bboxes is instance of list? True
2024-01-30 13:43:43,374 is bounding_boxes is instance of list? True
2024-01-30 13:43:43,656 is input_id_chunks is instance of list? True
2024-01-30 13:43:43,656 is mask_chunks is instance of list? True
2024-01-30 13:43:43,656 is bbox_chunks is instance of list? True
2024-01-30 13:43:43,656 is image_chunks is instance of list? True
2024-01-30 13:43:43,657 is input_dict is instance of dict? True
2024-01-30 13:43:44,265 Model Called
2024-01-30 13:43:44,265 RAM memory 62.7 used for Invoice_849_2.png:
2024-01-30 13:43:44,265 is all_predictions is instance of list? True
2024-01-30 13:43:44,265 is all_boxes is instance of list? True
2024-01-30 13:43:44,265 is all_confidences is instance of list? True
2024-01-30 13:43:44,265 is all_text is instance of list? True
2024-01-30 13:43:44,265 is label2id is instance of dict? True
2024-01-30 13:43:44,265 is id2label is instance of dict? True
2024-01-30 13:43:44,266 is label2color is instance of dict? True
2024-01-30 13:43:44,266 label2color : {'signature': '#59E493', 'remitter_address': '#8A592A', 'O': '#EC6C18', 'notify_party_country': '#DC8213', 'port_of_loading': '#B84A88', 'beneficiary_account_number': '#7D3058', 'consignee_address': '#CD2FE2', 'beneficiary_iban_number': '#01A0C4', 'bill_of_lading_no': '#4042E1', 'pre-carriage-by': '#2A4BA0', 'invoice_discount_amount': '#661F3F', 'beneficiary_address': '#412A6C', 'rate_per_unit': '#5401DE', 'original_or_copy': '#2B68EB', 'hs_code_no': '#96C057', 'bill_of_lading_date': '#4721B3', 'declaration_by_issuer': '#B984D9', 'beneficiary_bank_identifier': '#86D0A0', 'vessel_flight_no': '#D8B522', 'goods_description': '#0337BB', 'incoterm': '#44442F', 'invoice_due_date': '#D5C7D2', 'tenor_type': '#BF8700', 'country_of_origin_of_goods': '#A40A72', 'invoice_no': '#5B4957', 'cosignee_name': '#86B747', 'total_quantity_of_goods': '#774BF2', 'consignor_address': '#8EB973', 'invoice_tax_ccy': '#60DD22', 'gross_weight': '#95C2FC', 'notify_party_name': '#030784', 'dimension': '#742E38', 'consignor_name': '#AC120C', 'indicator_type': '#742E8D', 'invoice_tax_amount': '#788566', 'country_of_final_destination': '#0E186F', 'usance_tenor': '#04CBFC', 'date_of_invoice': '#A35807', 'invoice_currency': '#8415EC', 'invoice_amount_in_words': '#14998B', 'awb_number': '#55F3EF', 'awb_date': '#B574B5', 'lc_ref_no': '#237CCE', 'vessel_name': '#833D87', 'net_weight': '#ABA2FB', 'beneficiary_country': '#391CA9', 'beneficiary_drawer_exporter_seller_supplier_tin': '#598599', 'remitter_drawee_applicant_importer_buyer_name': '#425475', 'transaction_date': '#997773', 'shipper_name': '#0B5A8B', 'indicator_date': '#BE052F', 'beneficiary_bank_country': '#1F529B', 'shipper_address': '#04600E', 'signature_of_the_issuer': '#FFD88C', 'tenor_indicator': '#2387A3', 'delivery_terms': '#8392B5', 'transaction_currency': '#67B424', 'beneficiary_drawer_exporter_seller_supplier_name': '#76CCCF', 'page_no': '#541995', 'consignor_country': '#F02B95', 'beneficiary_bank_name': '#4F133A', 'lc_date': '#06E060', 'invoice_discount_ccy': '#FE8067', 'transaction_amonunt_value': '#DAB33A', 'stamp': '#EE1102', 'notify_party_address': '#8033D9', 'invoice_amount': '#BCA670', 'port_of_discharge': '#098E28'}
2024-01-30 13:43:44,393 is result_set is instance of dict? True
2024-01-30 13:43:44,394 is final_result_set is instance of dict? True
2024-01-30 13:43:44,410 Time taken for page 1 of Invoice_849_2.png:0:00:01.753973
2024-01-30 13:43:44,539 *****Generated All Pages****** for Invoice_849_2.png
2024-01-30 13:43:44,539 RAM memory 63.0 used for Invoice_849_2.png Generating All Pages:
2024-01-30 13:43:44,539 Processing time taken for all pages of Invoice_849_2.png1:0:00:01.884449
2024-01-30 13:43:44,697 file name is:Proforma_Invoice_102_2.png
2024-01-30 13:43:44,697 folder path :Images
2024-01-30 13:43:44,697 Calling Image result
2024-01-30 13:43:44,697 is all_page_result is instance of dict? True
2024-01-30 13:43:44,698 STREAM b'IHDR' 16 13
2024-01-30 13:43:44,698 STREAM b'IDAT' 41 42960
2024-01-30 13:43:44,716 Checking spheric-time-383904-f1b421d86eef.json for explicit credentials as part of auth process...
2024-01-30 13:43:45,585 is words is instance of list? True
2024-01-30 13:43:45,585 is bboxes is instance of list? True
2024-01-30 13:43:45,585 is bounding_boxes is instance of list? True
2024-01-30 13:43:45,949 is input_id_chunks is instance of list? True
2024-01-30 13:43:45,949 is mask_chunks is instance of list? True
2024-01-30 13:43:45,949 is bbox_chunks is instance of list? True
2024-01-30 13:43:45,949 is image_chunks is instance of list? True
2024-01-30 13:43:45,950 is input_dict is instance of dict? True
2024-01-30 13:43:46,743 Model Called
2024-01-30 13:43:46,743 RAM memory 63.7 used for Proforma_Invoice_102_2.png:
2024-01-30 13:43:46,743 is all_predictions is instance of list? True
2024-01-30 13:43:46,743 is all_boxes is instance of list? True
2024-01-30 13:43:46,743 is all_confidences is instance of list? True
2024-01-30 13:43:46,743 is all_text is instance of list? True
2024-01-30 13:43:46,744 is label2id is instance of dict? True
2024-01-30 13:43:46,744 is id2label is instance of dict? True
2024-01-30 13:43:46,745 is label2color is instance of dict? True
2024-01-30 13:43:46,745 label2color : {'signature': '#313017', 'remitter_address': '#A16563', 'O': '#5AB58E', 'notify_party_country': '#7C3175', 'port_of_loading': '#C203CE', 'beneficiary_account_number': '#D8C67B', 'consignee_address': '#FB4D39', 'beneficiary_iban_number': '#9221B8', 'bill_of_lading_no': '#4FB46A', 'pre-carriage-by': '#D25EDB', 'invoice_discount_amount': '#FBE93A', 'beneficiary_address': '#D0CADB', 'rate_per_unit': '#CB641A', 'original_or_copy': '#FB7D1E', 'hs_code_no': '#FEF011', 'bill_of_lading_date': '#8B99E1', 'declaration_by_issuer': '#01C8EC', 'beneficiary_bank_identifier': '#1D1119', 'vessel_flight_no': '#575107', 'goods_description': '#1F811A', 'incoterm': '#C7E2DB', 'invoice_due_date': '#AEB766', 'tenor_type': '#4C6B89', 'country_of_origin_of_goods': '#1485AE', 'invoice_no': '#28AEEF', 'cosignee_name': '#4878C9', 'total_quantity_of_goods': '#A584FB', 'consignor_address': '#B21E29', 'invoice_tax_ccy': '#85DF11', 'gross_weight': '#9336A9', 'notify_party_name': '#1749D1', 'dimension': '#53AFC1', 'consignor_name': '#82AE92', 'indicator_type': '#C76807', 'invoice_tax_amount': '#903188', 'country_of_final_destination': '#EFA95F', 'usance_tenor': '#C98ABF', 'date_of_invoice': '#11760F', 'invoice_currency': '#EA5F40', 'invoice_amount_in_words': '#7AAD4A', 'awb_number': '#A5D065', 'awb_date': '#4A7995', 'lc_ref_no': '#DD1CDD', 'vessel_name': '#024FD5', 'net_weight': '#8E8319', 'beneficiary_country': '#6CA53C', 'beneficiary_drawer_exporter_seller_supplier_tin': '#F1382E', 'remitter_drawee_applicant_importer_buyer_name': '#CC98F3', 'transaction_date': '#9942C8', 'shipper_name': '#A90BB3', 'indicator_date': '#120D70', 'beneficiary_bank_country': '#BE0040', 'shipper_address': '#3A79BE', 'signature_of_the_issuer': '#D31155', 'tenor_indicator': '#667353', 'delivery_terms': '#47AED2', 'transaction_currency': '#7539AE', 'beneficiary_drawer_exporter_seller_supplier_name': '#70EAE1', 'page_no': '#F14AEC', 'consignor_country': '#47AB9E', 'beneficiary_bank_name': '#42657A', 'lc_date': '#E44936', 'invoice_discount_ccy': '#13AF2B', 'transaction_amonunt_value': '#8DF2B8', 'stamp': '#169BFD', 'notify_party_address': '#B35E82', 'invoice_amount': '#D9D047', 'port_of_discharge': '#7BD14F'}
2024-01-30 13:43:46,904 is result_set is instance of dict? True
2024-01-30 13:43:46,904 is final_result_set is instance of dict? True
2024-01-30 13:43:46,921 Time taken for page 1 of Proforma_Invoice_102_2.png:0:00:02.222813
2024-01-30 13:43:47,062 *****Generated All Pages****** for Proforma_Invoice_102_2.png
2024-01-30 13:43:47,062 RAM memory 64.0 used for Proforma_Invoice_102_2.png Generating All Pages:
2024-01-30 13:43:47,062 Processing time taken for all pages of Proforma_Invoice_102_2.png1:0:00:02.364444
2024-01-30 13:43:47,218 file name is:Proforma_Invoice_196_1.png
2024-01-30 13:43:47,218 folder path :Images
2024-01-30 13:43:47,219 Calling Image result
2024-01-30 13:43:47,219 is all_page_result is instance of dict? True
2024-01-30 13:43:47,321 STREAM b'IHDR' 16 13
2024-01-30 13:43:47,322 STREAM b'IDAT' 41 17977
2024-01-30 13:43:47,353 Checking spheric-time-383904-f1b421d86eef.json for explicit credentials as part of auth process...
2024-01-30 13:43:48,093 is words is instance of list? True
2024-01-30 13:43:48,093 is bboxes is instance of list? True
2024-01-30 13:43:48,093 is bounding_boxes is instance of list? True
2024-01-30 13:43:48,139 is input_id_chunks is instance of list? True
2024-01-30 13:43:48,140 is mask_chunks is instance of list? True
2024-01-30 13:43:48,140 is bbox_chunks is instance of list? True
2024-01-30 13:43:48,140 is image_chunks is instance of list? True
2024-01-30 13:43:48,140 is input_dict is instance of dict? True
2024-01-30 13:43:48,738 Model Called
2024-01-30 13:43:48,739 RAM memory 62.0 used for Proforma_Invoice_196_1.png:
2024-01-30 13:43:48,739 is all_predictions is instance of list? True
2024-01-30 13:43:48,739 is all_boxes is instance of list? True
2024-01-30 13:43:48,739 is all_confidences is instance of list? True
2024-01-30 13:43:48,739 is all_text is instance of list? True
2024-01-30 13:43:48,739 is label2id is instance of dict? True
2024-01-30 13:43:48,739 is id2label is instance of dict? True
2024-01-30 13:43:48,740 is label2color is instance of dict? True
2024-01-30 13:43:48,740 label2color : {'signature': '#0A0C20', 'remitter_address': '#6E6BED', 'O': '#3A41E2', 'notify_party_country': '#7D8176', 'port_of_loading': '#CE1B76', 'beneficiary_account_number': '#D85A04', 'consignee_address': '#298A15', 'beneficiary_iban_number': '#0C06E0', 'bill_of_lading_no': '#3B03F0', 'pre-carriage-by': '#B31CF6', 'invoice_discount_amount': '#92FB83', 'beneficiary_address': '#C10AD3', 'rate_per_unit': '#22F483', 'original_or_copy': '#0E9052', 'hs_code_no': '#1DB5BC', 'bill_of_lading_date': '#3304A5', 'declaration_by_issuer': '#63109F', 'beneficiary_bank_identifier': '#0E53B3', 'vessel_flight_no': '#265BF4', 'goods_description': '#C96DF4', 'incoterm': '#6FBB87', 'invoice_due_date': '#9240EE', 'tenor_type': '#906EF8', 'country_of_origin_of_goods': '#30477F', 'invoice_no': '#1D0962', 'cosignee_name': '#CD5882', 'total_quantity_of_goods': '#294291', 'consignor_address': '#3824CA', 'invoice_tax_ccy': '#ADD5DB', 'gross_weight': '#2303E4', 'notify_party_name': '#C696F5', 'dimension': '#C43BE2', 'consignor_name': '#174808', 'indicator_type': '#C18A44', 'invoice_tax_amount': '#112F16', 'country_of_final_destination': '#C35209', 'usance_tenor': '#B854DD', 'date_of_invoice': '#B83D88', 'invoice_currency': '#5BB653', 'invoice_amount_in_words': '#4633D4', 'awb_number': '#C10DC1', 'awb_date': '#325F81', 'lc_ref_no': '#5B0CF6', 'vessel_name': '#D1D6AC', 'net_weight': '#771747', 'beneficiary_country': '#414144', 'beneficiary_drawer_exporter_seller_supplier_tin': '#817995', 'remitter_drawee_applicant_importer_buyer_name': '#DD15B1', 'transaction_date': '#33A66C', 'shipper_name': '#1A43B3', 'indicator_date': '#50594F', 'beneficiary_bank_country': '#A64220', 'shipper_address': '#1FB2A0', 'signature_of_the_issuer': '#D71B8D', 'tenor_indicator': '#EDFC02', 'delivery_terms': '#C0B7F2', 'transaction_currency': '#09FEDF', 'beneficiary_drawer_exporter_seller_supplier_name': '#CA64AE', 'page_no': '#FC2094', 'consignor_country': '#135171', 'beneficiary_bank_name': '#E390DB', 'lc_date': '#031417', 'invoice_discount_ccy': '#25405C', 'transaction_amonunt_value': '#D9258D', 'stamp': '#76D7A2', 'notify_party_address': '#7B958E', 'invoice_amount': '#E435CA', 'port_of_discharge': '#7F3CC4'}
2024-01-30 13:43:48,775 is result_set is instance of dict? True
2024-01-30 13:43:48,776 is final_result_set is instance of dict? True
2024-01-30 13:43:48,794 Time taken for page 1 of Proforma_Invoice_196_1.png:0:00:01.472350
2024-01-30 13:43:48,830 *****Generated All Pages****** for Proforma_Invoice_196_1.png
2024-01-30 13:43:48,830 RAM memory 62.1 used for Proforma_Invoice_196_1.png Generating All Pages:
2024-01-30 13:43:48,830 Processing time taken for all pages of Proforma_Invoice_196_1.png1:0:00:01.611040
2024-01-30 13:43:48,982 file name is:Invoice_876_0.png
2024-01-30 13:43:48,982 folder path :Images
2024-01-30 13:43:48,982 Calling Image result
2024-01-30 13:43:48,982 is all_page_result is instance of dict? True
2024-01-30 13:43:49,063 STREAM b'IHDR' 16 13
2024-01-30 13:43:49,063 STREAM b'IDAT' 41 65536
2024-01-30 13:43:49,102 is words is instance of list? True
2024-01-30 13:43:49,103 is bboxes is instance of list? True
2024-01-30 13:43:49,103 is bounding_boxes is instance of list? True
2024-01-30 13:43:49,289 is input_id_chunks is instance of list? True
2024-01-30 13:43:49,289 is mask_chunks is instance of list? True
2024-01-30 13:43:49,289 is bbox_chunks is instance of list? True
2024-01-30 13:43:49,289 is image_chunks is instance of list? True
2024-01-30 13:43:49,289 is input_dict is instance of dict? True
2024-01-30 13:43:50,104 Model Called
2024-01-30 13:43:50,104 RAM memory 63.2 used for Invoice_876_0.png:
2024-01-30 13:43:50,105 is all_predictions is instance of list? True
2024-01-30 13:43:50,105 is all_boxes is instance of list? True
2024-01-30 13:43:50,105 is all_confidences is instance of list? True
2024-01-30 13:43:50,105 is all_text is instance of list? True
2024-01-30 13:43:50,105 is label2id is instance of dict? True
2024-01-30 13:43:50,105 is id2label is instance of dict? True
2024-01-30 13:43:50,106 is label2color is instance of dict? True
2024-01-30 13:43:50,106 label2color : {'signature': '#63DA06', 'remitter_address': '#FE6C0D', 'O': '#D4087A', 'notify_party_country': '#6D69E6', 'port_of_loading': '#2E16A7', 'beneficiary_account_number': '#09538F', 'consignee_address': '#E4F1E5', 'beneficiary_iban_number': '#180C67', 'bill_of_lading_no': '#2BFEF7', 'pre-carriage-by': '#CFBD98', 'invoice_discount_amount': '#55B0AE', 'beneficiary_address': '#A32D20', 'rate_per_unit': '#F7A3F1', 'original_or_copy': '#D1BB0D', 'hs_code_no': '#AB1C57', 'bill_of_lading_date': '#ADC5EB', 'declaration_by_issuer': '#428CD8', 'beneficiary_bank_identifier': '#2B533E', 'vessel_flight_no': '#041688', 'goods_description': '#64F4AF', 'incoterm': '#C16E2A', 'invoice_due_date': '#C94FEA', 'tenor_type': '#F294BA', 'country_of_origin_of_goods': '#575EB3', 'invoice_no': '#44F922', 'cosignee_name': '#FFD927', 'total_quantity_of_goods': '#0E1261', 'consignor_address': '#82CD36', 'invoice_tax_ccy': '#B97C4F', 'gross_weight': '#0847C5', 'notify_party_name': '#40A76D', 'dimension': '#E642E4', 'consignor_name': '#439D61', 'indicator_type': '#21F41C', 'invoice_tax_amount': '#C339BA', 'country_of_final_destination': '#056A55', 'usance_tenor': '#678612', 'date_of_invoice': '#AD7135', 'invoice_currency': '#1C56BD', 'invoice_amount_in_words': '#E908C9', 'awb_number': '#4D22B2', 'awb_date': '#A73F21', 'lc_ref_no': '#BEBCC9', 'vessel_name': '#4B3167', 'net_weight': '#470D18', 'beneficiary_country': '#05594C', 'beneficiary_drawer_exporter_seller_supplier_tin': '#AE53E4', 'remitter_drawee_applicant_importer_buyer_name': '#1D0458', 'transaction_date': '#0208F3', 'shipper_name': '#06AFC8', 'indicator_date': '#3F2F58', 'beneficiary_bank_country': '#74B45F', 'shipper_address': '#5D6988', 'signature_of_the_issuer': '#A3472C', 'tenor_indicator': '#0F40C9', 'delivery_terms': '#90A8E3', 'transaction_currency': '#4379B2', 'beneficiary_drawer_exporter_seller_supplier_name': '#1891AC', 'page_no': '#1B3912', 'consignor_country': '#12727B', 'beneficiary_bank_name': '#C68E78', 'lc_date': '#95A65A', 'invoice_discount_ccy': '#0AB093', 'transaction_amonunt_value': '#E38D83', 'stamp': '#F08564', 'notify_party_address': '#5A1CEE', 'invoice_amount': '#766B81', 'port_of_discharge': '#DEF85C'}
2024-01-30 13:43:50,237 is result_set is instance of dict? True
2024-01-30 13:43:50,238 is final_result_set is instance of dict? True
2024-01-30 13:43:50,269 Time taken for page 1 of Invoice_876_0.png:0:00:01.206007
2024-01-30 13:43:50,444 *****Generated All Pages****** for Invoice_876_0.png
2024-01-30 13:43:50,444 RAM memory 63.7 used for Invoice_876_0.png Generating All Pages:
2024-01-30 13:43:50,444 Processing time taken for all pages of Invoice_876_0.png1:0:00:01.462549
2024-01-30 13:43:50,606 file name is:Invoice_969_2.png
2024-01-30 13:43:50,606 folder path :Images
2024-01-30 13:43:50,606 Calling Image result
2024-01-30 13:43:50,606 is all_page_result is instance of dict? True
2024-01-30 13:43:50,607 STREAM b'IHDR' 16 13
2024-01-30 13:43:50,607 STREAM b'IDAT' 41 46950
2024-01-30 13:43:50,628 is words is instance of list? True
2024-01-30 13:43:50,628 is bboxes is instance of list? True
2024-01-30 13:43:50,628 is bounding_boxes is instance of list? True
2024-01-30 13:43:50,834 is input_id_chunks is instance of list? True
2024-01-30 13:43:50,834 is mask_chunks is instance of list? True
2024-01-30 13:43:50,834 is bbox_chunks is instance of list? True
2024-01-30 13:43:50,834 is image_chunks is instance of list? True
2024-01-30 13:43:50,835 is input_dict is instance of dict? True
2024-01-30 13:43:52,446 Model Called
2024-01-30 13:43:52,447 RAM memory 69.6 used for Invoice_969_2.png:
2024-01-30 13:43:52,447 is all_predictions is instance of list? True
2024-01-30 13:43:52,447 is all_boxes is instance of list? True
2024-01-30 13:43:52,447 is all_confidences is instance of list? True
2024-01-30 13:43:52,447 is all_text is instance of list? True
2024-01-30 13:43:52,448 is label2id is instance of dict? True
2024-01-30 13:43:52,448 is id2label is instance of dict? True
2024-01-30 13:43:52,449 is label2color is instance of dict? True
2024-01-30 13:43:52,449 label2color : {'signature': '#DE31E9', 'remitter_address': '#84469B', 'O': '#0FF8AC', 'notify_party_country': '#B34509', 'port_of_loading': '#C1D09E', 'beneficiary_account_number': '#CA50CA', 'consignee_address': '#9EAFE7', 'beneficiary_iban_number': '#6DC718', 'bill_of_lading_no': '#F639CB', 'pre-carriage-by': '#77A269', 'invoice_discount_amount': '#8EC2CA', 'beneficiary_address': '#4D9019', 'rate_per_unit': '#4C04CC', 'original_or_copy': '#D47F2A', 'hs_code_no': '#44D843', 'bill_of_lading_date': '#F866D4', 'declaration_by_issuer': '#434DA3', 'beneficiary_bank_identifier': '#57A7E5', 'vessel_flight_no': '#68F793', 'goods_description': '#3ED6BC', 'incoterm': '#B2266F', 'invoice_due_date': '#F2CC7D', 'tenor_type': '#D471FE', 'country_of_origin_of_goods': '#25CE90', 'invoice_no': '#34C526', 'cosignee_name': '#EF0883', 'total_quantity_of_goods': '#0720CF', 'consignor_address': '#0ABFFD', 'invoice_tax_ccy': '#6F7165', 'gross_weight': '#2C3460', 'notify_party_name': '#AD5D91', 'dimension': '#0B1BE0', 'consignor_name': '#EA72C5', 'indicator_type': '#47DC3D', 'invoice_tax_amount': '#034000', 'country_of_final_destination': '#577F9E', 'usance_tenor': '#2FB622', 'date_of_invoice': '#58B3AB', 'invoice_currency': '#AAA7A9', 'invoice_amount_in_words': '#A4B023', 'awb_number': '#630704', 'awb_date': '#3F0482', 'lc_ref_no': '#FDD7A9', 'vessel_name': '#B0FCBB', 'net_weight': '#186712', 'beneficiary_country': '#9F10AE', 'beneficiary_drawer_exporter_seller_supplier_tin': '#436CE8', 'remitter_drawee_applicant_importer_buyer_name': '#B2E68B', 'transaction_date': '#11E0FB', 'shipper_name': '#95445E', 'indicator_date': '#1B9BE7', 'beneficiary_bank_country': '#8E372C', 'shipper_address': '#3E21EB', 'signature_of_the_issuer': '#00D732', 'tenor_indicator': '#39EF9D', 'delivery_terms': '#209295', 'transaction_currency': '#EBEA63', 'beneficiary_drawer_exporter_seller_supplier_name': '#D54012', 'page_no': '#A2D927', 'consignor_country': '#21B7EC', 'beneficiary_bank_name': '#B66343', 'lc_date': '#DE329B', 'invoice_discount_ccy': '#829D3E', 'transaction_amonunt_value': '#292F5B', 'stamp': '#4EAA18', 'notify_party_address': '#A31389', 'invoice_amount': '#B6BF2D', 'port_of_discharge': '#0D980C'}
2024-01-30 13:43:52,706 is result_set is instance of dict? True
2024-01-30 13:43:52,707 is final_result_set is instance of dict? True
2024-01-30 13:43:52,733 Time taken for page 1 of Invoice_969_2.png:0:00:02.125684
2024-01-30 13:43:52,877 *****Generated All Pages****** for Invoice_969_2.png
2024-01-30 13:43:52,877 RAM memory 67.7 used for Invoice_969_2.png Generating All Pages:
2024-01-30 13:43:52,877 Processing time taken for all pages of Invoice_969_2.png1:0:00:02.270575
2024-01-30 13:43:53,070 file name is:Proforma_Invoice_145_0.png
2024-01-30 13:43:53,070 folder path :Images
2024-01-30 13:43:53,070 Calling Image result
2024-01-30 13:43:53,070 is all_page_result is instance of dict? True
2024-01-30 13:43:53,071 STREAM b'IHDR' 16 13
2024-01-30 13:43:53,071 STREAM b'IDAT' 41 42490
2024-01-30 13:43:53,164 is words is instance of list? True
2024-01-30 13:43:53,164 is bboxes is instance of list? True
2024-01-30 13:43:53,164 is bounding_boxes is instance of list? True
2024-01-30 13:43:53,645 is input_id_chunks is instance of list? True
2024-01-30 13:43:53,645 is mask_chunks is instance of list? True
2024-01-30 13:43:53,645 is bbox_chunks is instance of list? True
2024-01-30 13:43:53,645 is image_chunks is instance of list? True
2024-01-30 13:43:53,646 is input_dict is instance of dict? True
2024-01-30 13:43:55,217 Model Called
2024-01-30 13:43:55,217 RAM memory 68.5 used for Proforma_Invoice_145_0.png:
2024-01-30 13:43:55,217 is all_predictions is instance of list? True
2024-01-30 13:43:55,217 is all_boxes is instance of list? True
2024-01-30 13:43:55,217 is all_confidences is instance of list? True
2024-01-30 13:43:55,217 is all_text is instance of list? True
2024-01-30 13:43:55,218 is label2id is instance of dict? True
2024-01-30 13:43:55,218 is id2label is instance of dict? True
2024-01-30 13:43:55,218 is label2color is instance of dict? True
2024-01-30 13:43:55,219 label2color : {'signature': '#E35A28', 'remitter_address': '#3EDB6D', 'O': '#03B06C', 'notify_party_country': '#7379F1', 'port_of_loading': '#CFB1D9', 'beneficiary_account_number': '#C3A963', 'consignee_address': '#CB5A60', 'beneficiary_iban_number': '#4B9BCB', 'bill_of_lading_no': '#941A74', 'pre-carriage-by': '#E81751', 'invoice_discount_amount': '#49B728', 'beneficiary_address': '#375834', 'rate_per_unit': '#89EBF5', 'original_or_copy': '#73DD19', 'hs_code_no': '#07C381', 'bill_of_lading_date': '#C373D5', 'declaration_by_issuer': '#25C312', 'beneficiary_bank_identifier': '#68B323', 'vessel_flight_no': '#3419F9', 'goods_description': '#9A2966', 'incoterm': '#F406FE', 'invoice_due_date': '#A41AF3', 'tenor_type': '#632975', 'country_of_origin_of_goods': '#8CF39F', 'invoice_no': '#C94218', 'cosignee_name': '#F35145', 'total_quantity_of_goods': '#55EDC5', 'consignor_address': '#6C7C49', 'invoice_tax_ccy': '#D7B6D9', 'gross_weight': '#7B87B8', 'notify_party_name': '#C51814', 'dimension': '#BDC55C', 'consignor_name': '#25BD38', 'indicator_type': '#CB6C1E', 'invoice_tax_amount': '#6CC42A', 'country_of_final_destination': '#DBFBAA', 'usance_tenor': '#138792', 'date_of_invoice': '#C3E59B', 'invoice_currency': '#BCE377', 'invoice_amount_in_words': '#D25F8A', 'awb_number': '#7067F7', 'awb_date': '#87D6A6', 'lc_ref_no': '#DFAC1A', 'vessel_name': '#0F1624', 'net_weight': '#1D2610', 'beneficiary_country': '#D28BFE', 'beneficiary_drawer_exporter_seller_supplier_tin': '#33A8C8', 'remitter_drawee_applicant_importer_buyer_name': '#CFE275', 'transaction_date': '#F2AEF5', 'shipper_name': '#56BD17', 'indicator_date': '#E52370', 'beneficiary_bank_country': '#80FE8C', 'shipper_address': '#FC2350', 'signature_of_the_issuer': '#D5ECBE', 'tenor_indicator': '#529AFA', 'delivery_terms': '#ABD857', 'transaction_currency': '#C129B4', 'beneficiary_drawer_exporter_seller_supplier_name': '#356CEC', 'page_no': '#BFF3EE', 'consignor_country': '#57E249', 'beneficiary_bank_name': '#B52B63', 'lc_date': '#ED3F44', 'invoice_discount_ccy': '#7FA8AD', 'transaction_amonunt_value': '#EDDBB1', 'stamp': '#91C15E', 'notify_party_address': '#8309E6', 'invoice_amount': '#AB5C57', 'port_of_discharge': '#519908'}
2024-01-30 13:43:55,474 is result_set is instance of dict? True
2024-01-30 13:43:55,475 is final_result_set is instance of dict? True
2024-01-30 13:43:55,503 Time taken for page 1 of Proforma_Invoice_145_0.png:0:00:02.431587
2024-01-30 13:43:55,649 *****Generated All Pages****** for Proforma_Invoice_145_0.png
2024-01-30 13:43:55,649 RAM memory 68.8 used for Proforma_Invoice_145_0.png Generating All Pages:
2024-01-30 13:43:55,650 Processing time taken for all pages of Proforma_Invoice_145_0.png1:0:00:02.579266
2024-01-30 13:43:55,812 file name is:Proforma_Invoice_350_0.png
2024-01-30 13:43:55,812 folder path :Images
2024-01-30 13:43:55,812 Calling Image result
2024-01-30 13:43:55,812 is all_page_result is instance of dict? True
2024-01-30 13:43:55,896 STREAM b'IHDR' 16 13
2024-01-30 13:43:55,897 STREAM b'sRGB' 41 1
2024-01-30 13:43:55,897 STREAM b'gAMA' 54 4
2024-01-30 13:43:55,897 STREAM b'pHYs' 70 9
2024-01-30 13:43:55,897 STREAM b'IDAT' 91 49216
2024-01-30 13:43:55,917 is words is instance of list? True
2024-01-30 13:43:55,917 is bboxes is instance of list? True
2024-01-30 13:43:55,917 is bounding_boxes is instance of list? True
2024-01-30 13:43:56,135 is input_id_chunks is instance of list? True
2024-01-30 13:43:56,135 is mask_chunks is instance of list? True
2024-01-30 13:43:56,135 is bbox_chunks is instance of list? True
2024-01-30 13:43:56,135 is image_chunks is instance of list? True
2024-01-30 13:43:56,136 is input_dict is instance of dict? True
2024-01-30 13:43:57,666 Model Called
2024-01-30 13:43:57,667 RAM memory 69.4 used for Proforma_Invoice_350_0.png:
2024-01-30 13:43:57,667 is all_predictions is instance of list? True
2024-01-30 13:43:57,667 is all_boxes is instance of list? True
2024-01-30 13:43:57,667 is all_confidences is instance of list? True
2024-01-30 13:43:57,667 is all_text is instance of list? True
2024-01-30 13:43:57,667 is label2id is instance of dict? True
2024-01-30 13:43:57,667 is id2label is instance of dict? True
2024-01-30 13:43:57,668 is label2color is instance of dict? True
2024-01-30 13:43:57,668 label2color : {'signature': '#29DF8D', 'remitter_address': '#8753A2', 'O': '#2E1011', 'notify_party_country': '#D2C072', 'port_of_loading': '#39ED5E', 'beneficiary_account_number': '#9F053F', 'consignee_address': '#1FB47C', 'beneficiary_iban_number': '#32DA2A', 'bill_of_lading_no': '#29F18E', 'pre-carriage-by': '#192C86', 'invoice_discount_amount': '#71C854', 'beneficiary_address': '#D1D1B4', 'rate_per_unit': '#2F39E0', 'original_or_copy': '#C0B0D5', 'hs_code_no': '#899FD8', 'bill_of_lading_date': '#64C64F', 'declaration_by_issuer': '#D0D772', 'beneficiary_bank_identifier': '#E5C21E', 'vessel_flight_no': '#659C36', 'goods_description': '#035C85', 'incoterm': '#D21FFD', 'invoice_due_date': '#1E518E', 'tenor_type': '#DB1FAB', 'country_of_origin_of_goods': '#F3CE5A', 'invoice_no': '#241758', 'cosignee_name': '#F6B0D5', 'total_quantity_of_goods': '#C8F7D4', 'consignor_address': '#CDAA80', 'invoice_tax_ccy': '#33E5F8', 'gross_weight': '#DBD917', 'notify_party_name': '#80E975', 'dimension': '#046F09', 'consignor_name': '#9DFAB8', 'indicator_type': '#555885', 'invoice_tax_amount': '#45E981', 'country_of_final_destination': '#60048F', 'usance_tenor': '#8EC732', 'date_of_invoice': '#368256', 'invoice_currency': '#1DAAC9', 'invoice_amount_in_words': '#64F979', 'awb_number': '#857D0D', 'awb_date': '#496D99', 'lc_ref_no': '#72A17E', 'vessel_name': '#882DDB', 'net_weight': '#8379BE', 'beneficiary_country': '#0A70B9', 'beneficiary_drawer_exporter_seller_supplier_tin': '#DFECDE', 'remitter_drawee_applicant_importer_buyer_name': '#CB2AD0', 'transaction_date': '#777B8B', 'shipper_name': '#3D906F', 'indicator_date': '#40E0A2', 'beneficiary_bank_country': '#6F9335', 'shipper_address': '#C4D33C', 'signature_of_the_issuer': '#A6AE65', 'tenor_indicator': '#30A21A', 'delivery_terms': '#463CBB', 'transaction_currency': '#76A67E', 'beneficiary_drawer_exporter_seller_supplier_name': '#3ED01F', 'page_no': '#86B992', 'consignor_country': '#BE2F40', 'beneficiary_bank_name': '#298843', 'lc_date': '#D0643D', 'invoice_discount_ccy': '#7D922C', 'transaction_amonunt_value': '#25387B', 'stamp': '#448E9F', 'notify_party_address': '#D84AE6', 'invoice_amount': '#222FD1', 'port_of_discharge': '#942FE1'}
2024-01-30 13:43:57,854 is result_set is instance of dict? True
2024-01-30 13:43:57,855 is final_result_set is instance of dict? True
2024-01-30 13:43:57,879 Time taken for page 1 of Proforma_Invoice_350_0.png:0:00:01.981762
2024-01-30 13:43:58,012 *****Generated All Pages****** for Proforma_Invoice_350_0.png
2024-01-30 13:43:58,013 RAM memory 69.5 used for Proforma_Invoice_350_0.png Generating All Pages:
2024-01-30 13:43:58,013 Processing time taken for all pages of Proforma_Invoice_350_0.png1:0:00:02.200741
2024-01-30 13:43:58,176 file name is:Invoice_968_0.png
2024-01-30 13:43:58,177 folder path :Images
2024-01-30 13:43:58,177 Calling Image result
2024-01-30 13:43:58,177 is all_page_result is instance of dict? True
2024-01-30 13:43:58,177 STREAM b'IHDR' 16 13
2024-01-30 13:43:58,178 STREAM b'IDAT' 41 57339
2024-01-30 13:43:58,289 is words is instance of list? True
2024-01-30 13:43:58,289 is bboxes is instance of list? True
2024-01-30 13:43:58,289 is bounding_boxes is instance of list? True
2024-01-30 13:43:58,472 is input_id_chunks is instance of list? True
2024-01-30 13:43:58,472 is mask_chunks is instance of list? True
2024-01-30 13:43:58,472 is bbox_chunks is instance of list? True
2024-01-30 13:43:58,472 is image_chunks is instance of list? True
2024-01-30 13:43:58,472 is input_dict is instance of dict? True
2024-01-30 13:44:00,041 Model Called
2024-01-30 13:44:00,042 RAM memory 68.6 used for Invoice_968_0.png:
2024-01-30 13:44:00,042 is all_predictions is instance of list? True
2024-01-30 13:44:00,042 is all_boxes is instance of list? True
2024-01-30 13:44:00,042 is all_confidences is instance of list? True
2024-01-30 13:44:00,042 is all_text is instance of list? True
2024-01-30 13:44:00,042 is label2id is instance of dict? True
2024-01-30 13:44:00,042 is id2label is instance of dict? True
2024-01-30 13:44:00,043 is label2color is instance of dict? True
2024-01-30 13:44:00,043 label2color : {'signature': '#4187AE', 'remitter_address': '#354C8D', 'O': '#875120', 'notify_party_country': '#8B691E', 'port_of_loading': '#408E5C', 'beneficiary_account_number': '#33F3E4', 'consignee_address': '#2CAF87', 'beneficiary_iban_number': '#9756F9', 'bill_of_lading_no': '#7997E6', 'pre-carriage-by': '#C7A52B', 'invoice_discount_amount': '#8E0E09', 'beneficiary_address': '#56F464', 'rate_per_unit': '#D47DCA', 'original_or_copy': '#63AB0D', 'hs_code_no': '#B980AD', 'bill_of_lading_date': '#600B81', 'declaration_by_issuer': '#C83714', 'beneficiary_bank_identifier': '#5E8E48', 'vessel_flight_no': '#24554A', 'goods_description': '#296829', 'incoterm': '#EB488D', 'invoice_due_date': '#1A5A8C', 'tenor_type': '#FD3408', 'country_of_origin_of_goods': '#AB294C', 'invoice_no': '#8D9AA0', 'cosignee_name': '#34DB46', 'total_quantity_of_goods': '#4853F0', 'consignor_address': '#F859FA', 'invoice_tax_ccy': '#1C9668', 'gross_weight': '#A382AF', 'notify_party_name': '#030406', 'dimension': '#2C5803', 'consignor_name': '#25B00F', 'indicator_type': '#72A5D6', 'invoice_tax_amount': '#0DCA7D', 'country_of_final_destination': '#9E71C0', 'usance_tenor': '#2854B6', 'date_of_invoice': '#E76F3E', 'invoice_currency': '#13F205', 'invoice_amount_in_words': '#779566', 'awb_number': '#9F8227', 'awb_date': '#B5901B', 'lc_ref_no': '#6FEF34', 'vessel_name': '#D639A8', 'net_weight': '#94F5B7', 'beneficiary_country': '#F7F535', 'beneficiary_drawer_exporter_seller_supplier_tin': '#B16493', 'remitter_drawee_applicant_importer_buyer_name': '#FEC242', 'transaction_date': '#2106F3', 'shipper_name': '#847F4A', 'indicator_date': '#4F13FA', 'beneficiary_bank_country': '#B66DB9', 'shipper_address': '#68A74E', 'signature_of_the_issuer': '#F5EB2E', 'tenor_indicator': '#EC723A', 'delivery_terms': '#7A2003', 'transaction_currency': '#3216F3', 'beneficiary_drawer_exporter_seller_supplier_name': '#234DA5', 'page_no': '#FFC30A', 'consignor_country': '#BF2CF6', 'beneficiary_bank_name': '#6E332C', 'lc_date': '#EF0ECF', 'invoice_discount_ccy': '#A6114D', 'transaction_amonunt_value': '#510493', 'stamp': '#FCF629', 'notify_party_address': '#BC543F', 'invoice_amount': '#B984EF', 'port_of_discharge': '#9E68C1'}
2024-01-30 13:44:00,229 is result_set is instance of dict? True
2024-01-30 13:44:00,231 is final_result_set is instance of dict? True
2024-01-30 13:44:00,277 Time taken for page 1 of Invoice_968_0.png:0:00:02.098905
2024-01-30 13:44:00,424 *****Generated All Pages****** for Invoice_968_0.png
2024-01-30 13:44:00,424 RAM memory 68.8 used for Invoice_968_0.png Generating All Pages:
2024-01-30 13:44:00,424 Processing time taken for all pages of Invoice_968_0.png1:0:00:02.247242
2024-01-30 13:44:00,595 file name is:Proforma_Invoice_216_0.png
2024-01-30 13:44:00,595 folder path :Images
2024-01-30 13:44:00,595 Calling Image result
2024-01-30 13:44:00,595 is all_page_result is instance of dict? True
2024-01-30 13:44:00,679 STREAM b'IHDR' 16 13
2024-01-30 13:44:00,679 STREAM b'IDAT' 41 38526
2024-01-30 13:44:00,698 is words is instance of list? True
2024-01-30 13:44:00,698 is bboxes is instance of list? True
2024-01-30 13:44:00,698 is bounding_boxes is instance of list? True
2024-01-30 13:44:00,938 is input_id_chunks is instance of list? True
2024-01-30 13:44:00,939 is mask_chunks is instance of list? True
2024-01-30 13:44:00,939 is bbox_chunks is instance of list? True
2024-01-30 13:44:00,939 is image_chunks is instance of list? True
2024-01-30 13:44:00,939 is input_dict is instance of dict? True
2024-01-30 13:44:01,725 Model Called
2024-01-30 13:44:01,725 RAM memory 65.9 used for Proforma_Invoice_216_0.png:
2024-01-30 13:44:01,725 is all_predictions is instance of list? True
2024-01-30 13:44:01,725 is all_boxes is instance of list? True
2024-01-30 13:44:01,725 is all_confidences is instance of list? True
2024-01-30 13:44:01,725 is all_text is instance of list? True
2024-01-30 13:44:01,726 is label2id is instance of dict? True
2024-01-30 13:44:01,726 is id2label is instance of dict? True
2024-01-30 13:44:01,727 is label2color is instance of dict? True
2024-01-30 13:44:01,727 label2color : {'signature': '#51C0C8', 'remitter_address': '#4A4C59', 'O': '#4A714F', 'notify_party_country': '#FB4A7B', 'port_of_loading': '#B63557', 'beneficiary_account_number': '#9A5178', 'consignee_address': '#0A23B7', 'beneficiary_iban_number': '#C47F75', 'bill_of_lading_no': '#64160C', 'pre-carriage-by': '#0A285F', 'invoice_discount_amount': '#0B2554', 'beneficiary_address': '#D6219D', 'rate_per_unit': '#8367BE', 'original_or_copy': '#F79C58', 'hs_code_no': '#D80C31', 'bill_of_lading_date': '#5B1399', 'declaration_by_issuer': '#EEE2E3', 'beneficiary_bank_identifier': '#EE7650', 'vessel_flight_no': '#9B63DB', 'goods_description': '#1908B0', 'incoterm': '#9531C0', 'invoice_due_date': '#C31392', 'tenor_type': '#DAED16', 'country_of_origin_of_goods': '#2D3E32', 'invoice_no': '#F0BE08', 'cosignee_name': '#0E27EA', 'total_quantity_of_goods': '#1A82C7', 'consignor_address': '#298B5E', 'invoice_tax_ccy': '#928B5D', 'gross_weight': '#DBCC88', 'notify_party_name': '#AA2DA8', 'dimension': '#316D31', 'consignor_name': '#C40258', 'indicator_type': '#1F4197', 'invoice_tax_amount': '#A1B9D0', 'country_of_final_destination': '#F39063', 'usance_tenor': '#1A6A8C', 'date_of_invoice': '#ED12FE', 'invoice_currency': '#A09A74', 'invoice_amount_in_words': '#E9E5AF', 'awb_number': '#3E2E82', 'awb_date': '#18EBB4', 'lc_ref_no': '#EED1E8', 'vessel_name': '#03FDF0', 'net_weight': '#8FF98E', 'beneficiary_country': '#14E78F', 'beneficiary_drawer_exporter_seller_supplier_tin': '#90DFB5', 'remitter_drawee_applicant_importer_buyer_name': '#BBB755', 'transaction_date': '#67CB28', 'shipper_name': '#812A66', 'indicator_date': '#F6F8FC', 'beneficiary_bank_country': '#89B1A7', 'shipper_address': '#1AF418', 'signature_of_the_issuer': '#0D2993', 'tenor_indicator': '#F2CFFD', 'delivery_terms': '#983DC8', 'transaction_currency': '#781E6C', 'beneficiary_drawer_exporter_seller_supplier_name': '#FD9993', 'page_no': '#6B9EDE', 'consignor_country': '#DFF3BC', 'beneficiary_bank_name': '#3293BD', 'lc_date': '#DF2CC1', 'invoice_discount_ccy': '#016F55', 'transaction_amonunt_value': '#7D9EDC', 'stamp': '#D1AD71', 'notify_party_address': '#395520', 'invoice_amount': '#C4DE97', 'port_of_discharge': '#3C0D40'}
2024-01-30 13:44:01,856 is result_set is instance of dict? True
2024-01-30 13:44:01,856 is final_result_set is instance of dict? True
2024-01-30 13:44:01,872 Time taken for page 1 of Proforma_Invoice_216_0.png:0:00:01.192452
2024-01-30 13:44:01,993 *****Generated All Pages****** for Proforma_Invoice_216_0.png
2024-01-30 13:44:01,993 RAM memory 66.0 used for Proforma_Invoice_216_0.png Generating All Pages:
2024-01-30 13:44:01,994 Processing time taken for all pages of Proforma_Invoice_216_0.png1:0:00:01.398113
2024-01-30 13:44:02,141 file name is:Invoice_981_10.png
2024-01-30 13:44:02,141 folder path :Images
2024-01-30 13:44:02,141 Calling Image result
2024-01-30 13:44:02,141 is all_page_result is instance of dict? True
2024-01-30 13:44:02,142 STREAM b'IHDR' 16 13
2024-01-30 13:44:02,142 STREAM b'IDAT' 41 55893
2024-01-30 13:44:02,162 is words is instance of list? True
2024-01-30 13:44:02,162 is bboxes is instance of list? True
2024-01-30 13:44:02,162 is bounding_boxes is instance of list? True
2024-01-30 13:44:02,346 is input_id_chunks is instance of list? True
2024-01-30 13:44:02,346 is mask_chunks is instance of list? True
2024-01-30 13:44:02,346 is bbox_chunks is instance of list? True
2024-01-30 13:44:02,346 is image_chunks is instance of list? True
2024-01-30 13:44:02,346 is input_dict is instance of dict? True
2024-01-30 13:44:03,918 Model Called
2024-01-30 13:44:03,919 RAM memory 67.1 used for Invoice_981_10.png:
2024-01-30 13:44:03,919 is all_predictions is instance of list? True
2024-01-30 13:44:03,919 is all_boxes is instance of list? True
2024-01-30 13:44:03,919 is all_confidences is instance of list? True
2024-01-30 13:44:03,919 is all_text is instance of list? True
2024-01-30 13:44:03,919 is label2id is instance of dict? True
2024-01-30 13:44:03,919 is id2label is instance of dict? True
2024-01-30 13:44:03,920 is label2color is instance of dict? True
2024-01-30 13:44:03,920 label2color : {'signature': '#1EF4D7', 'remitter_address': '#44BEEC', 'O': '#5C52F7', 'notify_party_country': '#4E1B75', 'port_of_loading': '#0DEDF6', 'beneficiary_account_number': '#516DE3', 'consignee_address': '#B577EA', 'beneficiary_iban_number': '#E6AB8A', 'bill_of_lading_no': '#638C3D', 'pre-carriage-by': '#E9044F', 'invoice_discount_amount': '#86BEA7', 'beneficiary_address': '#49C1D0', 'rate_per_unit': '#95DDBE', 'original_or_copy': '#E567AF', 'hs_code_no': '#CCB168', 'bill_of_lading_date': '#BC02D7', 'declaration_by_issuer': '#1CE49B', 'beneficiary_bank_identifier': '#974D8F', 'vessel_flight_no': '#523DE5', 'goods_description': '#780E6F', 'incoterm': '#406DBB', 'invoice_due_date': '#E2D860', 'tenor_type': '#4D5A54', 'country_of_origin_of_goods': '#AC3175', 'invoice_no': '#C95932', 'cosignee_name': '#732BE3', 'total_quantity_of_goods': '#89C8AB', 'consignor_address': '#6A8205', 'invoice_tax_ccy': '#5DA324', 'gross_weight': '#7E5446', 'notify_party_name': '#6C2696', 'dimension': '#CB1BAE', 'consignor_name': '#A31928', 'indicator_type': '#D6CD6B', 'invoice_tax_amount': '#8DD053', 'country_of_final_destination': '#28A3F7', 'usance_tenor': '#327A73', 'date_of_invoice': '#A68AD1', 'invoice_currency': '#CCA24B', 'invoice_amount_in_words': '#0DA0E7', 'awb_number': '#E31131', 'awb_date': '#EFE8C8', 'lc_ref_no': '#CF10B0', 'vessel_name': '#BD3C1F', 'net_weight': '#19C1A7', 'beneficiary_country': '#C45E19', 'beneficiary_drawer_exporter_seller_supplier_tin': '#449267', 'remitter_drawee_applicant_importer_buyer_name': '#C70144', 'transaction_date': '#94E961', 'shipper_name': '#99886A', 'indicator_date': '#FE8D32', 'beneficiary_bank_country': '#B9FC6C', 'shipper_address': '#89C6DF', 'signature_of_the_issuer': '#1EE2E1', 'tenor_indicator': '#90861B', 'delivery_terms': '#2367E2', 'transaction_currency': '#03E2D6', 'beneficiary_drawer_exporter_seller_supplier_name': '#04D463', 'page_no': '#67215B', 'consignor_country': '#F8D451', 'beneficiary_bank_name': '#1A6071', 'lc_date': '#C61437', 'invoice_discount_ccy': '#4B5D33', 'transaction_amonunt_value': '#7D517E', 'stamp': '#F71BF1', 'notify_party_address': '#E6EF7B', 'invoice_amount': '#E635B0', 'port_of_discharge': '#89C6B9'}
2024-01-30 13:44:04,183 is result_set is instance of dict? True
2024-01-30 13:44:04,184 is final_result_set is instance of dict? True
2024-01-30 13:44:04,218 Time taken for page 1 of Invoice_981_10.png:0:00:02.076356
2024-01-30 13:44:04,352 *****Generated All Pages****** for Invoice_981_10.png
2024-01-30 13:44:04,353 RAM memory 67.4 used for Invoice_981_10.png Generating All Pages:
2024-01-30 13:44:04,353 Processing time taken for all pages of Invoice_981_10.png1:0:00:02.211771
2024-01-30 13:44:04,517 file name is:Invoice_419_7.png
2024-01-30 13:44:04,517 folder path :Images
2024-01-30 13:44:04,518 Calling Image result
2024-01-30 13:44:04,518 is all_page_result is instance of dict? True
2024-01-30 13:44:04,591 STREAM b'IHDR' 16 13
2024-01-30 13:44:04,591 STREAM b'IDAT' 41 56766
2024-01-30 13:44:04,618 is words is instance of list? True
2024-01-30 13:44:04,618 is bboxes is instance of list? True
2024-01-30 13:44:04,618 is bounding_boxes is instance of list? True
2024-01-30 13:44:04,805 is input_id_chunks is instance of list? True
2024-01-30 13:44:04,805 is mask_chunks is instance of list? True
2024-01-30 13:44:04,805 is bbox_chunks is instance of list? True
2024-01-30 13:44:04,805 is image_chunks is instance of list? True
2024-01-30 13:44:04,806 is input_dict is instance of dict? True
2024-01-30 13:44:06,203 Model Called
2024-01-30 13:44:06,204 RAM memory 68.7 used for Invoice_419_7.png:
2024-01-30 13:44:06,204 is all_predictions is instance of list? True
2024-01-30 13:44:06,204 is all_boxes is instance of list? True
2024-01-30 13:44:06,204 is all_confidences is instance of list? True
2024-01-30 13:44:06,204 is all_text is instance of list? True
2024-01-30 13:44:06,204 is label2id is instance of dict? True
2024-01-30 13:44:06,204 is id2label is instance of dict? True
2024-01-30 13:44:06,205 is label2color is instance of dict? True
2024-01-30 13:44:06,205 label2color : {'signature': '#EC5ECD', 'remitter_address': '#23A115', 'O': '#FEE4B5', 'notify_party_country': '#B861FA', 'port_of_loading': '#CA74FD', 'beneficiary_account_number': '#28DCAE', 'consignee_address': '#8C2311', 'beneficiary_iban_number': '#726D95', 'bill_of_lading_no': '#D7C0C6', 'pre-carriage-by': '#0B8927', 'invoice_discount_amount': '#CB3979', 'beneficiary_address': '#4109E8', 'rate_per_unit': '#53413E', 'original_or_copy': '#C75348', 'hs_code_no': '#C32816', 'bill_of_lading_date': '#5643EB', 'declaration_by_issuer': '#7EC511', 'beneficiary_bank_identifier': '#C771B7', 'vessel_flight_no': '#C13A95', 'goods_description': '#CC99D1', 'incoterm': '#F60F08', 'invoice_due_date': '#D79EC3', 'tenor_type': '#E85681', 'country_of_origin_of_goods': '#DD39D3', 'invoice_no': '#BA68A8', 'cosignee_name': '#CDFA13', 'total_quantity_of_goods': '#66A1D9', 'consignor_address': '#A55800', 'invoice_tax_ccy': '#7FB68B', 'gross_weight': '#0E2D90', 'notify_party_name': '#E44E7B', 'dimension': '#43FA4E', 'consignor_name': '#E7EC9A', 'indicator_type': '#FC98F8', 'invoice_tax_amount': '#3B1373', 'country_of_final_destination': '#599026', 'usance_tenor': '#2700A2', 'date_of_invoice': '#5E24D6', 'invoice_currency': '#E47003', 'invoice_amount_in_words': '#431017', 'awb_number': '#9C1E47', 'awb_date': '#E1A1E0', 'lc_ref_no': '#87592B', 'vessel_name': '#1C6D6F', 'net_weight': '#DC6584', 'beneficiary_country': '#A55590', 'beneficiary_drawer_exporter_seller_supplier_tin': '#17158A', 'remitter_drawee_applicant_importer_buyer_name': '#8E6099', 'transaction_date': '#F69052', 'shipper_name': '#AA5A34', 'indicator_date': '#A2ED63', 'beneficiary_bank_country': '#B14ED2', 'shipper_address': '#0E4E1F', 'signature_of_the_issuer': '#3097E8', 'tenor_indicator': '#1C7DE3', 'delivery_terms': '#72FCA8', 'transaction_currency': '#A53CA4', 'beneficiary_drawer_exporter_seller_supplier_name': '#5843BB', 'page_no': '#FD6984', 'consignor_country': '#0AB8EB', 'beneficiary_bank_name': '#C92771', 'lc_date': '#B680EB', 'invoice_discount_ccy': '#0D865B', 'transaction_amonunt_value': '#973472', 'stamp': '#C585CF', 'notify_party_address': '#05F784', 'invoice_amount': '#691803', 'port_of_discharge': '#CC0726'}
2024-01-30 13:44:06,391 is result_set is instance of dict? True
2024-01-30 13:44:06,392 is final_result_set is instance of dict? True
2024-01-30 13:44:06,405 Time taken for page 1 of Invoice_419_7.png:0:00:01.813854
2024-01-30 13:44:06,530 *****Generated All Pages****** for Invoice_419_7.png
2024-01-30 13:44:06,530 RAM memory 69.0 used for Invoice_419_7.png Generating All Pages:
2024-01-30 13:44:06,530 Processing time taken for all pages of Invoice_419_7.png1:0:00:02.012576
2024-01-30 13:44:06,707 file name is:Invoice_413_1.png
2024-01-30 13:44:06,707 folder path :Images
2024-01-30 13:44:06,707 Calling Image result
2024-01-30 13:44:06,707 is all_page_result is instance of dict? True
2024-01-30 13:44:06,707 STREAM b'IHDR' 16 13
2024-01-30 13:44:06,707 STREAM b'IDAT' 41 31803
2024-01-30 13:44:06,726 is words is instance of list? True
2024-01-30 13:44:06,726 is bboxes is instance of list? True
2024-01-30 13:44:06,726 is bounding_boxes is instance of list? True
2024-01-30 13:44:06,910 is input_id_chunks is instance of list? True
2024-01-30 13:44:06,910 is mask_chunks is instance of list? True
2024-01-30 13:44:06,910 is bbox_chunks is instance of list? True
2024-01-30 13:44:06,910 is image_chunks is instance of list? True
2024-01-30 13:44:06,910 is input_dict is instance of dict? True
2024-01-30 13:44:07,725 Model Called
2024-01-30 13:44:07,726 RAM memory 66.0 used for Invoice_413_1.png:
2024-01-30 13:44:07,726 is all_predictions is instance of list? True
2024-01-30 13:44:07,726 is all_boxes is instance of list? True
2024-01-30 13:44:07,726 is all_confidences is instance of list? True
2024-01-30 13:44:07,726 is all_text is instance of list? True
2024-01-30 13:44:07,726 is label2id is instance of dict? True
2024-01-30 13:44:07,726 is id2label is instance of dict? True
2024-01-30 13:44:07,727 is label2color is instance of dict? True
2024-01-30 13:44:07,727 label2color : {'signature': '#DD5021', 'remitter_address': '#4B62A7', 'O': '#19C15A', 'notify_party_country': '#295C7B', 'port_of_loading': '#2075C6', 'beneficiary_account_number': '#74046B', 'consignee_address': '#EF17AA', 'beneficiary_iban_number': '#FF547B', 'bill_of_lading_no': '#F557E2', 'pre-carriage-by': '#938C79', 'invoice_discount_amount': '#5C9C5D', 'beneficiary_address': '#1EAF9A', 'rate_per_unit': '#10FEFE', 'original_or_copy': '#AEAD7F', 'hs_code_no': '#E446ED', 'bill_of_lading_date': '#75F806', 'declaration_by_issuer': '#EC2A1D', 'beneficiary_bank_identifier': '#30EF0F', 'vessel_flight_no': '#D18B1C', 'goods_description': '#228E58', 'incoterm': '#8D8C3F', 'invoice_due_date': '#2E6171', 'tenor_type': '#B8965A', 'country_of_origin_of_goods': '#902389', 'invoice_no': '#CC310D', 'cosignee_name': '#CE5808', 'total_quantity_of_goods': '#8C3A79', 'consignor_address': '#85A402', 'invoice_tax_ccy': '#0350D1', 'gross_weight': '#1BAAA8', 'notify_party_name': '#E9C8B3', 'dimension': '#FC7356', 'consignor_name': '#785EA0', 'indicator_type': '#BAEB55', 'invoice_tax_amount': '#F2CA07', 'country_of_final_destination': '#7F8BD0', 'usance_tenor': '#FBF6CA', 'date_of_invoice': '#D8B696', 'invoice_currency': '#95B6D6', 'invoice_amount_in_words': '#619A0E', 'awb_number': '#733D5F', 'awb_date': '#234B3A', 'lc_ref_no': '#E321EA', 'vessel_name': '#E82879', 'net_weight': '#1BBD30', 'beneficiary_country': '#F36780', 'beneficiary_drawer_exporter_seller_supplier_tin': '#2E9037', 'remitter_drawee_applicant_importer_buyer_name': '#FC3EE1', 'transaction_date': '#9D7E12', 'shipper_name': '#7C4F87', 'indicator_date': '#0B8BF0', 'beneficiary_bank_country': '#D4D902', 'shipper_address': '#53D9CD', 'signature_of_the_issuer': '#BACB7E', 'tenor_indicator': '#FA0461', 'delivery_terms': '#BA44C5', 'transaction_currency': '#8FCCED', 'beneficiary_drawer_exporter_seller_supplier_name': '#C01C69', 'page_no': '#83C01B', 'consignor_country': '#584206', 'beneficiary_bank_name': '#AC7E71', 'lc_date': '#608668', 'invoice_discount_ccy': '#1B4A54', 'transaction_amonunt_value': '#FD3466', 'stamp': '#CD1B28', 'notify_party_address': '#666F37', 'invoice_amount': '#3734AB', 'port_of_discharge': '#9D13E2'}
2024-01-30 13:44:07,853 is result_set is instance of dict? True
2024-01-30 13:44:07,854 is final_result_set is instance of dict? True
2024-01-30 13:44:07,884 Time taken for page 1 of Invoice_413_1.png:0:00:01.176497
2024-01-30 13:44:08,008 *****Generated All Pages****** for Invoice_413_1.png
2024-01-30 13:44:08,008 RAM memory 64.4 used for Invoice_413_1.png Generating All Pages:
2024-01-30 13:44:08,008 Processing time taken for all pages of Invoice_413_1.png1:0:00:01.301038
2024-01-30 13:44:08,158 file name is:Proforma_Invoice_272_4.png
2024-01-30 13:44:08,159 folder path :Images
2024-01-30 13:44:08,159 Calling Image result
2024-01-30 13:44:08,159 is all_page_result is instance of dict? True
2024-01-30 13:44:08,244 STREAM b'IHDR' 16 13
2024-01-30 13:44:08,244 STREAM b'IDAT' 41 30748
2024-01-30 13:44:08,271 is words is instance of list? True
2024-01-30 13:44:08,271 is bboxes is instance of list? True
2024-01-30 13:44:08,271 is bounding_boxes is instance of list? True
2024-01-30 13:44:08,482 is input_id_chunks is instance of list? True
2024-01-30 13:44:08,482 is mask_chunks is instance of list? True
2024-01-30 13:44:08,482 is bbox_chunks is instance of list? True
2024-01-30 13:44:08,482 is image_chunks is instance of list? True
2024-01-30 13:44:08,483 is input_dict is instance of dict? True
2024-01-30 13:44:09,189 Model Called
2024-01-30 13:44:09,190 RAM memory 63.9 used for Proforma_Invoice_272_4.png:
2024-01-30 13:44:09,190 is all_predictions is instance of list? True
2024-01-30 13:44:09,190 is all_boxes is instance of list? True
2024-01-30 13:44:09,190 is all_confidences is instance of list? True
2024-01-30 13:44:09,190 is all_text is instance of list? True
2024-01-30 13:44:09,190 is label2id is instance of dict? True
2024-01-30 13:44:09,190 is id2label is instance of dict? True
2024-01-30 13:44:09,191 is label2color is instance of dict? True
2024-01-30 13:44:09,191 label2color : {'signature': '#8235FB', 'remitter_address': '#581173', 'O': '#455D74', 'notify_party_country': '#92AA6D', 'port_of_loading': '#69420C', 'beneficiary_account_number': '#FE75AE', 'consignee_address': '#C240BA', 'beneficiary_iban_number': '#B00388', 'bill_of_lading_no': '#0DC51A', 'pre-carriage-by': '#5AA932', 'invoice_discount_amount': '#B19A56', 'beneficiary_address': '#58EF3F', 'rate_per_unit': '#241621', 'original_or_copy': '#9CF1AC', 'hs_code_no': '#486ED5', 'bill_of_lading_date': '#769B34', 'declaration_by_issuer': '#D301D4', 'beneficiary_bank_identifier': '#98EE68', 'vessel_flight_no': '#F23CE8', 'goods_description': '#8E1986', 'incoterm': '#B35688', 'invoice_due_date': '#EDFF4F', 'tenor_type': '#A67BC0', 'country_of_origin_of_goods': '#E6F673', 'invoice_no': '#EA0F11', 'cosignee_name': '#3EA3D5', 'total_quantity_of_goods': '#4AF33A', 'consignor_address': '#A6D0B1', 'invoice_tax_ccy': '#AF04E8', 'gross_weight': '#4995F4', 'notify_party_name': '#EF22FC', 'dimension': '#42E23B', 'consignor_name': '#92AC7C', 'indicator_type': '#2FF24C', 'invoice_tax_amount': '#008AB4', 'country_of_final_destination': '#C1B292', 'usance_tenor': '#F1DBE5', 'date_of_invoice': '#E307FE', 'invoice_currency': '#95688E', 'invoice_amount_in_words': '#123933', 'awb_number': '#9C8F34', 'awb_date': '#BED37E', 'lc_ref_no': '#32F8D6', 'vessel_name': '#4AB286', 'net_weight': '#64F945', 'beneficiary_country': '#99C4EC', 'beneficiary_drawer_exporter_seller_supplier_tin': '#9B4279', 'remitter_drawee_applicant_importer_buyer_name': '#FFAED1', 'transaction_date': '#BFBE03', 'shipper_name': '#8ACCC5', 'indicator_date': '#FF4770', 'beneficiary_bank_country': '#6303B6', 'shipper_address': '#447049', 'signature_of_the_issuer': '#0537A4', 'tenor_indicator': '#8B0886', 'delivery_terms': '#C0EB07', 'transaction_currency': '#F8739F', 'beneficiary_drawer_exporter_seller_supplier_name': '#7884D6', 'page_no': '#DE55F9', 'consignor_country': '#B19641', 'beneficiary_bank_name': '#6A8493', 'lc_date': '#3A7E31', 'invoice_discount_ccy': '#6711FC', 'transaction_amonunt_value': '#D12BBA', 'stamp': '#D2CCA8', 'notify_party_address': '#48CFD7', 'invoice_amount': '#FBFE99', 'port_of_discharge': '#AE3CC4'}
2024-01-30 13:44:09,325 is result_set is instance of dict? True
2024-01-30 13:44:09,325 is final_result_set is instance of dict? True
2024-01-30 13:44:09,333 Time taken for page 1 of Proforma_Invoice_272_4.png:0:00:01.089630
2024-01-30 13:44:09,441 *****Generated All Pages****** for Proforma_Invoice_272_4.png
2024-01-30 13:44:09,441 RAM memory 64.1 used for Proforma_Invoice_272_4.png Generating All Pages:
2024-01-30 13:44:09,441 Processing time taken for all pages of Proforma_Invoice_272_4.png1:0:00:01.282472
2024-01-30 13:44:09,598 file name is:Proforma_Invoice_272_3.png
2024-01-30 13:44:09,598 folder path :Images
2024-01-30 13:44:09,598 Calling Image result
2024-01-30 13:44:09,599 is all_page_result is instance of dict? True
2024-01-30 13:44:09,672 STREAM b'IHDR' 16 13
2024-01-30 13:44:09,672 STREAM b'IDAT' 41 31812
2024-01-30 13:44:09,692 is words is instance of list? True
2024-01-30 13:44:09,692 is bboxes is instance of list? True
2024-01-30 13:44:09,692 is bounding_boxes is instance of list? True
2024-01-30 13:44:09,871 is input_id_chunks is instance of list? True
2024-01-30 13:44:09,871 is mask_chunks is instance of list? True
2024-01-30 13:44:09,871 is bbox_chunks is instance of list? True
2024-01-30 13:44:09,871 is image_chunks is instance of list? True
2024-01-30 13:44:09,871 is input_dict is instance of dict? True
2024-01-30 13:44:10,489 Model Called
2024-01-30 13:44:10,489 RAM memory 62.1 used for Proforma_Invoice_272_3.png:
2024-01-30 13:44:10,489 is all_predictions is instance of list? True
2024-01-30 13:44:10,489 is all_boxes is instance of list? True
2024-01-30 13:44:10,489 is all_confidences is instance of list? True
2024-01-30 13:44:10,489 is all_text is instance of list? True
2024-01-30 13:44:10,489 is label2id is instance of dict? True
2024-01-30 13:44:10,490 is id2label is instance of dict? True
2024-01-30 13:44:10,490 is label2color is instance of dict? True
2024-01-30 13:44:10,490 label2color : {'signature': '#224AD8', 'remitter_address': '#E603EF', 'O': '#03EECD', 'notify_party_country': '#B65772', 'port_of_loading': '#B2E101', 'beneficiary_account_number': '#02CE68', 'consignee_address': '#619BB6', 'beneficiary_iban_number': '#FE43F4', 'bill_of_lading_no': '#C43988', 'pre-carriage-by': '#D3B171', 'invoice_discount_amount': '#4E11A9', 'beneficiary_address': '#5D375D', 'rate_per_unit': '#D11C58', 'original_or_copy': '#118329', 'hs_code_no': '#26A96E', 'bill_of_lading_date': '#A727B6', 'declaration_by_issuer': '#E00E3C', 'beneficiary_bank_identifier': '#35F550', 'vessel_flight_no': '#6CD68E', 'goods_description': '#9F7C89', 'incoterm': '#EF3649', 'invoice_due_date': '#0ADDC0', 'tenor_type': '#01E755', 'country_of_origin_of_goods': '#13F66A', 'invoice_no': '#424A96', 'cosignee_name': '#A0FAF3', 'total_quantity_of_goods': '#9B5FFE', 'consignor_address': '#EC7D78', 'invoice_tax_ccy': '#B37C30', 'gross_weight': '#5A4F2F', 'notify_party_name': '#7775D2', 'dimension': '#2C652E', 'consignor_name': '#EF406E', 'indicator_type': '#42DCB4', 'invoice_tax_amount': '#9A8C16', 'country_of_final_destination': '#F1DDBD', 'usance_tenor': '#E9CA76', 'date_of_invoice': '#63BD10', 'invoice_currency': '#212537', 'invoice_amount_in_words': '#1F1D1C', 'awb_number': '#B9AC65', 'awb_date': '#686F66', 'lc_ref_no': '#FD8482', 'vessel_name': '#F1DCB6', 'net_weight': '#EE8862', 'beneficiary_country': '#CC09B4', 'beneficiary_drawer_exporter_seller_supplier_tin': '#C58C4F', 'remitter_drawee_applicant_importer_buyer_name': '#FEC416', 'transaction_date': '#D6148E', 'shipper_name': '#D39D45', 'indicator_date': '#E8728C', 'beneficiary_bank_country': '#865AEC', 'shipper_address': '#0B1B66', 'signature_of_the_issuer': '#4241AC', 'tenor_indicator': '#FB29F1', 'delivery_terms': '#8AAF72', 'transaction_currency': '#621CEC', 'beneficiary_drawer_exporter_seller_supplier_name': '#207A79', 'page_no': '#A94531', 'consignor_country': '#972773', 'beneficiary_bank_name': '#F1FADA', 'lc_date': '#99116F', 'invoice_discount_ccy': '#5C08DD', 'transaction_amonunt_value': '#57503D', 'stamp': '#2663E6', 'notify_party_address': '#EF81BA', 'invoice_amount': '#7D6367', 'port_of_discharge': '#04D558'}
2024-01-30 13:44:10,620 is result_set is instance of dict? True
2024-01-30 13:44:10,621 is final_result_set is instance of dict? True
2024-01-30 13:44:10,632 Time taken for page 1 of Proforma_Invoice_272_3.png:0:00:00.959882
2024-01-30 13:44:10,740 *****Generated All Pages****** for Proforma_Invoice_272_3.png
2024-01-30 13:44:10,741 RAM memory 62.5 used for Proforma_Invoice_272_3.png Generating All Pages:
2024-01-30 13:44:10,741 Processing time taken for all pages of Proforma_Invoice_272_3.png1:0:00:01.142175
2024-01-30 13:44:10,905 file name is:Proforma_Invoice_262_0.png
2024-01-30 13:44:10,905 folder path :Images
2024-01-30 13:44:10,905 Calling Image result
2024-01-30 13:44:10,906 is all_page_result is instance of dict? True
2024-01-30 13:44:10,997 STREAM b'IHDR' 16 13
2024-01-30 13:44:10,997 STREAM b'IDAT' 41 38109
2024-01-30 13:44:11,019 is words is instance of list? True
2024-01-30 13:44:11,020 is bboxes is instance of list? True
2024-01-30 13:44:11,020 is bounding_boxes is instance of list? True
2024-01-30 13:44:11,321 is input_id_chunks is instance of list? True
2024-01-30 13:44:11,321 is mask_chunks is instance of list? True
2024-01-30 13:44:11,321 is bbox_chunks is instance of list? True
2024-01-30 13:44:11,321 is image_chunks is instance of list? True
2024-01-30 13:44:11,322 is input_dict is instance of dict? True
2024-01-30 13:44:12,110 Model Called
2024-01-30 13:44:12,111 RAM memory 62.9 used for Proforma_Invoice_262_0.png:
2024-01-30 13:44:12,111 is all_predictions is instance of list? True
2024-01-30 13:44:12,111 is all_boxes is instance of list? True
2024-01-30 13:44:12,111 is all_confidences is instance of list? True
2024-01-30 13:44:12,111 is all_text is instance of list? True
2024-01-30 13:44:12,111 is label2id is instance of dict? True
2024-01-30 13:44:12,111 is id2label is instance of dict? True
2024-01-30 13:44:12,112 is label2color is instance of dict? True
2024-01-30 13:44:12,112 label2color : {'signature': '#2A6A8E', 'remitter_address': '#97FB92', 'O': '#DD2FEB', 'notify_party_country': '#F41D5E', 'port_of_loading': '#DD318E', 'beneficiary_account_number': '#4F71B1', 'consignee_address': '#BEC6DB', 'beneficiary_iban_number': '#18FC7E', 'bill_of_lading_no': '#5B7E70', 'pre-carriage-by': '#73C37D', 'invoice_discount_amount': '#7CCED1', 'beneficiary_address': '#3F90B2', 'rate_per_unit': '#0A3213', 'original_or_copy': '#B26CAB', 'hs_code_no': '#2D2C27', 'bill_of_lading_date': '#67E4F3', 'declaration_by_issuer': '#44C330', 'beneficiary_bank_identifier': '#10AC3F', 'vessel_flight_no': '#D0160E', 'goods_description': '#34B9AF', 'incoterm': '#5A82F5', 'invoice_due_date': '#CCF5AE', 'tenor_type': '#BA2E10', 'country_of_origin_of_goods': '#26ECCF', 'invoice_no': '#B8D6CD', 'cosignee_name': '#42E9A3', 'total_quantity_of_goods': '#D2084D', 'consignor_address': '#77D199', 'invoice_tax_ccy': '#0CF54E', 'gross_weight': '#814B83', 'notify_party_name': '#F442E1', 'dimension': '#7EA891', 'consignor_name': '#23B974', 'indicator_type': '#73E128', 'invoice_tax_amount': '#04E523', 'country_of_final_destination': '#B2868F', 'usance_tenor': '#7DDF87', 'date_of_invoice': '#F8DFEB', 'invoice_currency': '#28ECD8', 'invoice_amount_in_words': '#595023', 'awb_number': '#C5D2F5', 'awb_date': '#98D0E9', 'lc_ref_no': '#385300', 'vessel_name': '#C43DA8', 'net_weight': '#E97BD3', 'beneficiary_country': '#E71778', 'beneficiary_drawer_exporter_seller_supplier_tin': '#65FFF6', 'remitter_drawee_applicant_importer_buyer_name': '#831E64', 'transaction_date': '#4979B2', 'shipper_name': '#D1A068', 'indicator_date': '#AF7855', 'beneficiary_bank_country': '#60A714', 'shipper_address': '#76C459', 'signature_of_the_issuer': '#E1CFEF', 'tenor_indicator': '#7E2D07', 'delivery_terms': '#5483EF', 'transaction_currency': '#1E11BB', 'beneficiary_drawer_exporter_seller_supplier_name': '#206DC9', 'page_no': '#50AFA2', 'consignor_country': '#087C3A', 'beneficiary_bank_name': '#D8F3AD', 'lc_date': '#DE9850', 'invoice_discount_ccy': '#F0D504', 'transaction_amonunt_value': '#619B48', 'stamp': '#EB8AB3', 'notify_party_address': '#771050', 'invoice_amount': '#7FFF7B', 'port_of_discharge': '#E20B23'}
2024-01-30 13:44:12,286 is result_set is instance of dict? True
2024-01-30 13:44:12,287 is final_result_set is instance of dict? True
2024-01-30 13:44:12,321 Time taken for page 1 of Proforma_Invoice_262_0.png:0:00:01.323917
2024-01-30 13:44:12,434 *****Generated All Pages****** for Proforma_Invoice_262_0.png
2024-01-30 13:44:12,435 RAM memory 63.3 used for Proforma_Invoice_262_0.png Generating All Pages:
2024-01-30 13:44:12,435 Processing time taken for all pages of Proforma_Invoice_262_0.png1:0:00:01.529218
2024-01-30 13:44:12,591 file name is:Invoice_982_0.png
2024-01-30 13:44:12,592 folder path :Images
2024-01-30 13:44:12,592 Calling Image result
2024-01-30 13:44:12,592 is all_page_result is instance of dict? True
2024-01-30 13:44:12,592 STREAM b'IHDR' 16 13
2024-01-30 13:44:12,592 STREAM b'IDAT' 41 53262
2024-01-30 13:44:12,610 Checking spheric-time-383904-f1b421d86eef.json for explicit credentials as part of auth process...
2024-01-30 13:44:13,468 is words is instance of list? True
2024-01-30 13:44:13,468 is bboxes is instance of list? True
2024-01-30 13:44:13,468 is bounding_boxes is instance of list? True
2024-01-30 13:44:13,920 is input_id_chunks is instance of list? True
2024-01-30 13:44:13,920 is mask_chunks is instance of list? True
2024-01-30 13:44:13,920 is bbox_chunks is instance of list? True
2024-01-30 13:44:13,920 is image_chunks is instance of list? True
2024-01-30 13:44:13,921 is input_dict is instance of dict? True
2024-01-30 13:44:14,695 Model Called
2024-01-30 13:44:14,695 RAM memory 61.7 used for Invoice_982_0.png:
2024-01-30 13:44:14,695 is all_predictions is instance of list? True
2024-01-30 13:44:14,696 is all_boxes is instance of list? True
2024-01-30 13:44:14,696 is all_confidences is instance of list? True
2024-01-30 13:44:14,696 is all_text is instance of list? True
2024-01-30 13:44:14,696 is label2id is instance of dict? True
2024-01-30 13:44:14,696 is id2label is instance of dict? True
2024-01-30 13:44:14,697 is label2color is instance of dict? True
2024-01-30 13:44:14,697 label2color : {'signature': '#832D1E', 'remitter_address': '#54835C', 'O': '#10296A', 'notify_party_country': '#F90DE2', 'port_of_loading': '#67FCA7', 'beneficiary_account_number': '#124E60', 'consignee_address': '#C1E60D', 'beneficiary_iban_number': '#27526F', 'bill_of_lading_no': '#56DA91', 'pre-carriage-by': '#ED9092', 'invoice_discount_amount': '#A0CA80', 'beneficiary_address': '#2C0842', 'rate_per_unit': '#5424BA', 'original_or_copy': '#68EE13', 'hs_code_no': '#40EB5D', 'bill_of_lading_date': '#A80AC3', 'declaration_by_issuer': '#BB3553', 'beneficiary_bank_identifier': '#92BBDB', 'vessel_flight_no': '#8AC1AE', 'goods_description': '#412102', 'incoterm': '#A39C35', 'invoice_due_date': '#D3D356', 'tenor_type': '#628688', 'country_of_origin_of_goods': '#BF732C', 'invoice_no': '#2DF232', 'cosignee_name': '#62A7F2', 'total_quantity_of_goods': '#0EA52C', 'consignor_address': '#30F8A6', 'invoice_tax_ccy': '#03B397', 'gross_weight': '#160617', 'notify_party_name': '#A7685B', 'dimension': '#F1E6A3', 'consignor_name': '#94C94F', 'indicator_type': '#2FE10A', 'invoice_tax_amount': '#EBC813', 'country_of_final_destination': '#490AB8', 'usance_tenor': '#201AA4', 'date_of_invoice': '#AB3305', 'invoice_currency': '#4ED371', 'invoice_amount_in_words': '#455A96', 'awb_number': '#D22EDD', 'awb_date': '#756BD4', 'lc_ref_no': '#5A8492', 'vessel_name': '#E3C5BF', 'net_weight': '#DE5CAE', 'beneficiary_country': '#66D396', 'beneficiary_drawer_exporter_seller_supplier_tin': '#02F4DF', 'remitter_drawee_applicant_importer_buyer_name': '#62A117', 'transaction_date': '#E16643', 'shipper_name': '#5E4BA4', 'indicator_date': '#784530', 'beneficiary_bank_country': '#F3030E', 'shipper_address': '#828F5A', 'signature_of_the_issuer': '#810F02', 'tenor_indicator': '#A03E9C', 'delivery_terms': '#B34BC3', 'transaction_currency': '#DE1BE8', 'beneficiary_drawer_exporter_seller_supplier_name': '#45B3C0', 'page_no': '#6F4586', 'consignor_country': '#142D6E', 'beneficiary_bank_name': '#2C94FF', 'lc_date': '#BF3996', 'invoice_discount_ccy': '#CB9592', 'transaction_amonunt_value': '#0C4808', 'stamp': '#066397', 'notify_party_address': '#51A44E', 'invoice_amount': '#E805F9', 'port_of_discharge': '#D405FE'}
2024-01-30 13:44:14,838 is result_set is instance of dict? True
2024-01-30 13:44:14,839 is final_result_set is instance of dict? True
2024-01-30 13:44:14,895 Time taken for page 1 of Invoice_982_0.png:0:00:02.302930
2024-01-30 13:44:15,109 *****Generated All Pages****** for Invoice_982_0.png
2024-01-30 13:44:15,110 RAM memory 62.0 used for Invoice_982_0.png Generating All Pages:
2024-01-30 13:44:15,110 Processing time taken for all pages of Invoice_982_0.png1:0:00:02.518164
2024-01-30 13:44:15,285 file name is:Invoice_990_0.png
2024-01-30 13:44:15,285 folder path :Images
2024-01-30 13:44:15,285 Calling Image result
2024-01-30 13:44:15,285 is all_page_result is instance of dict? True
2024-01-30 13:44:15,286 STREAM b'IHDR' 16 13
2024-01-30 13:44:15,286 STREAM b'IDAT' 41 58751
2024-01-30 13:44:15,379 is words is instance of list? True
2024-01-30 13:44:15,379 is bboxes is instance of list? True
2024-01-30 13:44:15,379 is bounding_boxes is instance of list? True
2024-01-30 13:44:15,650 is input_id_chunks is instance of list? True
2024-01-30 13:44:15,650 is mask_chunks is instance of list? True
2024-01-30 13:44:15,650 is bbox_chunks is instance of list? True
2024-01-30 13:44:15,650 is image_chunks is instance of list? True
2024-01-30 13:44:15,651 is input_dict is instance of dict? True
2024-01-30 13:44:16,938 Model Called
2024-01-30 13:44:16,938 RAM memory 68.7 used for Invoice_990_0.png:
2024-01-30 13:44:16,938 is all_predictions is instance of list? True
2024-01-30 13:44:16,938 is all_boxes is instance of list? True
2024-01-30 13:44:16,938 is all_confidences is instance of list? True
2024-01-30 13:44:16,938 is all_text is instance of list? True
2024-01-30 13:44:16,938 is label2id is instance of dict? True
2024-01-30 13:44:16,938 is id2label is instance of dict? True
2024-01-30 13:44:16,939 is label2color is instance of dict? True
2024-01-30 13:44:16,939 label2color : {'signature': '#FC43C7', 'remitter_address': '#0D2406', 'O': '#13194B', 'notify_party_country': '#AF1033', 'port_of_loading': '#10A934', 'beneficiary_account_number': '#6FAB9F', 'consignee_address': '#2D2F60', 'beneficiary_iban_number': '#673FFC', 'bill_of_lading_no': '#884263', 'pre-carriage-by': '#1D7BFE', 'invoice_discount_amount': '#EE8ADB', 'beneficiary_address': '#DFADF3', 'rate_per_unit': '#4A67AB', 'original_or_copy': '#47729E', 'hs_code_no': '#F94CAA', 'bill_of_lading_date': '#DCFA1D', 'declaration_by_issuer': '#02AF26', 'beneficiary_bank_identifier': '#DFA6E9', 'vessel_flight_no': '#DB46A7', 'goods_description': '#773D53', 'incoterm': '#2B70CB', 'invoice_due_date': '#BA2C54', 'tenor_type': '#C26EE8', 'country_of_origin_of_goods': '#701BBB', 'invoice_no': '#99A218', 'cosignee_name': '#C06071', 'total_quantity_of_goods': '#3551FB', 'consignor_address': '#FB51B3', 'invoice_tax_ccy': '#0D17C7', 'gross_weight': '#5F89CB', 'notify_party_name': '#F2C168', 'dimension': '#A9F2CE', 'consignor_name': '#69E384', 'indicator_type': '#E89DE8', 'invoice_tax_amount': '#2736AE', 'country_of_final_destination': '#C74629', 'usance_tenor': '#872E5F', 'date_of_invoice': '#4F280E', 'invoice_currency': '#029C94', 'invoice_amount_in_words': '#70A91B', 'awb_number': '#A7F0D9', 'awb_date': '#27C4DD', 'lc_ref_no': '#6EB08D', 'vessel_name': '#AA8867', 'net_weight': '#2DA19B', 'beneficiary_country': '#1B69C1', 'beneficiary_drawer_exporter_seller_supplier_tin': '#3A6D5A', 'remitter_drawee_applicant_importer_buyer_name': '#0D3E76', 'transaction_date': '#9B76C3', 'shipper_name': '#370618', 'indicator_date': '#87B50E', 'beneficiary_bank_country': '#B797A1', 'shipper_address': '#817E0C', 'signature_of_the_issuer': '#210EBA', 'tenor_indicator': '#DA65DA', 'delivery_terms': '#0D703A', 'transaction_currency': '#4E6F93', 'beneficiary_drawer_exporter_seller_supplier_name': '#1AD4B8', 'page_no': '#D398D8', 'consignor_country': '#55063D', 'beneficiary_bank_name': '#D65834', 'lc_date': '#A20933', 'invoice_discount_ccy': '#F75719', 'transaction_amonunt_value': '#162B05', 'stamp': '#CD66CE', 'notify_party_address': '#F4E1A1', 'invoice_amount': '#7D987E', 'port_of_discharge': '#E7F46C'}
2024-01-30 13:44:17,166 is result_set is instance of dict? True
2024-01-30 13:44:17,167 is final_result_set is instance of dict? True
2024-01-30 13:44:17,204 Time taken for page 1 of Invoice_990_0.png:0:00:01.917583
2024-01-30 13:44:17,347 *****Generated All Pages****** for Invoice_990_0.png
2024-01-30 13:44:17,348 RAM memory 69.0 used for Invoice_990_0.png Generating All Pages:
2024-01-30 13:44:17,348 Processing time taken for all pages of Invoice_990_0.png1:0:00:02.062573
2024-01-30 13:44:17,525 file name is:Proforma_Invoice_533_0.png
2024-01-30 13:44:17,525 folder path :Images
2024-01-30 13:44:17,526 Calling Image result
2024-01-30 13:44:17,526 is all_page_result is instance of dict? True
2024-01-30 13:44:17,530 STREAM b'IHDR' 16 13
2024-01-30 13:44:17,531 STREAM b'IDAT' 41 65536
2024-01-30 13:44:17,552 is words is instance of list? True
2024-01-30 13:44:17,552 is bboxes is instance of list? True
2024-01-30 13:44:17,552 is bounding_boxes is instance of list? True
2024-01-30 13:44:18,020 is input_id_chunks is instance of list? True
2024-01-30 13:44:18,020 is mask_chunks is instance of list? True
2024-01-30 13:44:18,020 is bbox_chunks is instance of list? True
2024-01-30 13:44:18,020 is image_chunks is instance of list? True
2024-01-30 13:44:18,021 is input_dict is instance of dict? True
2024-01-30 13:44:19,598 Model Called
2024-01-30 13:44:19,598 RAM memory 71.0 used for Proforma_Invoice_533_0.png:
2024-01-30 13:44:19,598 is all_predictions is instance of list? True
2024-01-30 13:44:19,598 is all_boxes is instance of list? True
2024-01-30 13:44:19,598 is all_confidences is instance of list? True
2024-01-30 13:44:19,598 is all_text is instance of list? True
2024-01-30 13:44:19,599 is label2id is instance of dict? True
2024-01-30 13:44:19,599 is id2label is instance of dict? True
2024-01-30 13:44:19,599 is label2color is instance of dict? True
2024-01-30 13:44:19,600 label2color : {'signature': '#9083EC', 'remitter_address': '#B52569', 'O': '#672648', 'notify_party_country': '#2925FA', 'port_of_loading': '#61A9C7', 'beneficiary_account_number': '#9AC22E', 'consignee_address': '#7F77E3', 'beneficiary_iban_number': '#4E6570', 'bill_of_lading_no': '#3AF7CB', 'pre-carriage-by': '#A1C088', 'invoice_discount_amount': '#BA5C22', 'beneficiary_address': '#CF2B97', 'rate_per_unit': '#B4F186', 'original_or_copy': '#22CDD6', 'hs_code_no': '#AA8A47', 'bill_of_lading_date': '#67AE15', 'declaration_by_issuer': '#2F4B9B', 'beneficiary_bank_identifier': '#3ACBA2', 'vessel_flight_no': '#3802B0', 'goods_description': '#F46828', 'incoterm': '#B04F77', 'invoice_due_date': '#D64CF4', 'tenor_type': '#AE6F08', 'country_of_origin_of_goods': '#73EDE1', 'invoice_no': '#E7F683', 'cosignee_name': '#F3C956', 'total_quantity_of_goods': '#2061BC', 'consignor_address': '#D65DC1', 'invoice_tax_ccy': '#9B8B54', 'gross_weight': '#842CBE', 'notify_party_name': '#338D4C', 'dimension': '#05D91F', 'consignor_name': '#64F529', 'indicator_type': '#B14A8D', 'invoice_tax_amount': '#68630E', 'country_of_final_destination': '#FDEFC3', 'usance_tenor': '#57BA56', 'date_of_invoice': '#A17167', 'invoice_currency': '#C9A912', 'invoice_amount_in_words': '#975711', 'awb_number': '#21283B', 'awb_date': '#FDC673', 'lc_ref_no': '#D9FEDD', 'vessel_name': '#B824BF', 'net_weight': '#4706EC', 'beneficiary_country': '#954E76', 'beneficiary_drawer_exporter_seller_supplier_tin': '#8D9BD3', 'remitter_drawee_applicant_importer_buyer_name': '#02EE89', 'transaction_date': '#BDE527', 'shipper_name': '#0F7926', 'indicator_date': '#07EA24', 'beneficiary_bank_country': '#AB7508', 'shipper_address': '#04C842', 'signature_of_the_issuer': '#041B44', 'tenor_indicator': '#3DF336', 'delivery_terms': '#138ADB', 'transaction_currency': '#C9CD56', 'beneficiary_drawer_exporter_seller_supplier_name': '#A438D5', 'page_no': '#BD5EA5', 'consignor_country': '#DA524C', 'beneficiary_bank_name': '#1D7489', 'lc_date': '#86D997', 'invoice_discount_ccy': '#2B5F79', 'transaction_amonunt_value': '#95392E', 'stamp': '#D98A6E', 'notify_party_address': '#62458D', 'invoice_amount': '#E1D9F6', 'port_of_discharge': '#185FEE'}
2024-01-30 13:44:19,820 is result_set is instance of dict? True
2024-01-30 13:44:19,822 is final_result_set is instance of dict? True
2024-01-30 13:44:19,898 Time taken for page 1 of Proforma_Invoice_533_0.png:0:00:02.367540
2024-01-30 13:44:20,061 *****Generated All Pages****** for Proforma_Invoice_533_0.png
2024-01-30 13:44:20,061 RAM memory 71.1 used for Proforma_Invoice_533_0.png Generating All Pages:
2024-01-30 13:44:20,061 Processing time taken for all pages of Proforma_Invoice_533_0.png1:0:00:02.535515
2024-01-30 13:44:20,257 file name is:Proforma_Invoice_350_1.png
2024-01-30 13:44:20,258 folder path :Images
2024-01-30 13:44:20,258 Calling Image result
2024-01-30 13:44:20,258 is all_page_result is instance of dict? True
2024-01-30 13:44:20,348 STREAM b'IHDR' 16 13
2024-01-30 13:44:20,348 STREAM b'sRGB' 41 1
2024-01-30 13:44:20,348 STREAM b'gAMA' 54 4
2024-01-30 13:44:20,348 STREAM b'pHYs' 70 9
2024-01-30 13:44:20,348 STREAM b'IDAT' 91 20605
2024-01-30 13:44:20,365 Checking spheric-time-383904-f1b421d86eef.json for explicit credentials as part of auth process...
2024-01-30 13:44:21,575 is words is instance of list? True
2024-01-30 13:44:21,575 is bboxes is instance of list? True
2024-01-30 13:44:21,575 is bounding_boxes is instance of list? True
2024-01-30 13:44:21,820 is input_id_chunks is instance of list? True
2024-01-30 13:44:21,820 is mask_chunks is instance of list? True
2024-01-30 13:44:21,820 is bbox_chunks is instance of list? True
2024-01-30 13:44:21,820 is image_chunks is instance of list? True
2024-01-30 13:44:21,821 is input_dict is instance of dict? True
2024-01-30 13:44:22,596 Model Called
2024-01-30 13:44:22,597 RAM memory 63.1 used for Proforma_Invoice_350_1.png:
2024-01-30 13:44:22,597 is all_predictions is instance of list? True
2024-01-30 13:44:22,597 is all_boxes is instance of list? True
2024-01-30 13:44:22,597 is all_confidences is instance of list? True
2024-01-30 13:44:22,597 is all_text is instance of list? True
2024-01-30 13:44:22,598 is label2id is instance of dict? True
2024-01-30 13:44:22,598 is id2label is instance of dict? True
2024-01-30 13:44:22,598 is label2color is instance of dict? True
2024-01-30 13:44:22,598 label2color : {'signature': '#C05B0C', 'remitter_address': '#6EF742', 'O': '#31B72D', 'notify_party_country': '#71A631', 'port_of_loading': '#B5F327', 'beneficiary_account_number': '#441E06', 'consignee_address': '#89C505', 'beneficiary_iban_number': '#572770', 'bill_of_lading_no': '#240987', 'pre-carriage-by': '#75499D', 'invoice_discount_amount': '#FBF551', 'beneficiary_address': '#9581D3', 'rate_per_unit': '#19A628', 'original_or_copy': '#2B06F2', 'hs_code_no': '#F12195', 'bill_of_lading_date': '#126EB7', 'declaration_by_issuer': '#05315D', 'beneficiary_bank_identifier': '#9B8060', 'vessel_flight_no': '#1D8378', 'goods_description': '#0D9AE6', 'incoterm': '#9F7D1C', 'invoice_due_date': '#E6D941', 'tenor_type': '#0659AA', 'country_of_origin_of_goods': '#CAB8E6', 'invoice_no': '#DB0EF0', 'cosignee_name': '#FEA177', 'total_quantity_of_goods': '#71B391', 'consignor_address': '#5D3DBC', 'invoice_tax_ccy': '#4983F5', 'gross_weight': '#5CBB08', 'notify_party_name': '#4BB9C8', 'dimension': '#43F73F', 'consignor_name': '#337E2C', 'indicator_type': '#E81E03', 'invoice_tax_amount': '#DFF002', 'country_of_final_destination': '#DFFA2C', 'usance_tenor': '#7EED7F', 'date_of_invoice': '#8B4508', 'invoice_currency': '#235906', 'invoice_amount_in_words': '#427080', 'awb_number': '#6A1F07', 'awb_date': '#0F5EB1', 'lc_ref_no': '#2303FE', 'vessel_name': '#7E2399', 'net_weight': '#F820D2', 'beneficiary_country': '#A13136', 'beneficiary_drawer_exporter_seller_supplier_tin': '#FFA29B', 'remitter_drawee_applicant_importer_buyer_name': '#15D27B', 'transaction_date': '#CADF2D', 'shipper_name': '#69E9B4', 'indicator_date': '#A958F2', 'beneficiary_bank_country': '#FA7607', 'shipper_address': '#E25DD1', 'signature_of_the_issuer': '#2CCA2B', 'tenor_indicator': '#A8D6EB', 'delivery_terms': '#2F8062', 'transaction_currency': '#303DBB', 'beneficiary_drawer_exporter_seller_supplier_name': '#A9B925', 'page_no': '#98FF42', 'consignor_country': '#910D13', 'beneficiary_bank_name': '#2AEC81', 'lc_date': '#891EF9', 'invoice_discount_ccy': '#D68E68', 'transaction_amonunt_value': '#10753D', 'stamp': '#F94264', 'notify_party_address': '#C647A0', 'invoice_amount': '#28444D', 'port_of_discharge': '#6070C5'}
2024-01-30 13:44:22,728 is result_set is instance of dict? True
2024-01-30 13:44:22,729 is final_result_set is instance of dict? True
2024-01-30 13:44:22,733 Time taken for page 1 of Proforma_Invoice_350_1.png:0:00:02.384613
2024-01-30 13:44:22,820 *****Generated All Pages****** for Proforma_Invoice_350_1.png
2024-01-30 13:44:22,821 RAM memory 63.5 used for Proforma_Invoice_350_1.png Generating All Pages:
2024-01-30 13:44:22,821 Processing time taken for all pages of Proforma_Invoice_350_1.png1:0:00:02.562915
2024-01-30 13:44:22,983 file name is:Proforma_Invoice_338_1.png
2024-01-30 13:44:22,983 folder path :Images
2024-01-30 13:44:22,983 Calling Image result
2024-01-30 13:44:22,983 is all_page_result is instance of dict? True
2024-01-30 13:44:22,984 STREAM b'IHDR' 16 13
2024-01-30 13:44:22,984 STREAM b'sRGB' 41 1
2024-01-30 13:44:22,984 STREAM b'gAMA' 54 4
2024-01-30 13:44:22,984 STREAM b'pHYs' 70 9
2024-01-30 13:44:22,984 STREAM b'IDAT' 91 34925
2024-01-30 13:44:23,002 Checking spheric-time-383904-f1b421d86eef.json for explicit credentials as part of auth process...
2024-01-30 13:44:24,000 is words is instance of list? True
2024-01-30 13:44:24,000 is bboxes is instance of list? True
2024-01-30 13:44:24,000 is bounding_boxes is instance of list? True
2024-01-30 13:44:24,371 is input_id_chunks is instance of list? True
2024-01-30 13:44:24,371 is mask_chunks is instance of list? True
2024-01-30 13:44:24,371 is bbox_chunks is instance of list? True
2024-01-30 13:44:24,371 is image_chunks is instance of list? True
2024-01-30 13:44:24,371 is input_dict is instance of dict? True
2024-01-30 13:44:25,171 Model Called
2024-01-30 13:44:25,172 RAM memory 61.7 used for Proforma_Invoice_338_1.png:
2024-01-30 13:44:25,172 is all_predictions is instance of list? True
2024-01-30 13:44:25,172 is all_boxes is instance of list? True
2024-01-30 13:44:25,172 is all_confidences is instance of list? True
2024-01-30 13:44:25,172 is all_text is instance of list? True
2024-01-30 13:44:25,172 is label2id is instance of dict? True
2024-01-30 13:44:25,172 is id2label is instance of dict? True
2024-01-30 13:44:25,173 is label2color is instance of dict? True
2024-01-30 13:44:25,173 label2color : {'signature': '#B690E3', 'remitter_address': '#A59515', 'O': '#09D818', 'notify_party_country': '#9256D1', 'port_of_loading': '#9CF63F', 'beneficiary_account_number': '#EE4D7B', 'consignee_address': '#420B6D', 'beneficiary_iban_number': '#436756', 'bill_of_lading_no': '#FB1170', 'pre-carriage-by': '#CED49B', 'invoice_discount_amount': '#1ABC50', 'beneficiary_address': '#30A483', 'rate_per_unit': '#994963', 'original_or_copy': '#054749', 'hs_code_no': '#A57926', 'bill_of_lading_date': '#901113', 'declaration_by_issuer': '#A67552', 'beneficiary_bank_identifier': '#C5D618', 'vessel_flight_no': '#5F3833', 'goods_description': '#A1F028', 'incoterm': '#A9F049', 'invoice_due_date': '#243EE2', 'tenor_type': '#B9E244', 'country_of_origin_of_goods': '#01C808', 'invoice_no': '#A3B622', 'cosignee_name': '#75CA81', 'total_quantity_of_goods': '#45D2C5', 'consignor_address': '#AE7816', 'invoice_tax_ccy': '#6E4CC6', 'gross_weight': '#AD5F0A', 'notify_party_name': '#36B303', 'dimension': '#E68B2F', 'consignor_name': '#3F6D20', 'indicator_type': '#5C286B', 'invoice_tax_amount': '#43652B', 'country_of_final_destination': '#032941', 'usance_tenor': '#EEE28C', 'date_of_invoice': '#2FFB36', 'invoice_currency': '#5099C3', 'invoice_amount_in_words': '#3F1FCF', 'awb_number': '#F1C235', 'awb_date': '#4036AB', 'lc_ref_no': '#DDD004', 'vessel_name': '#81C685', 'net_weight': '#E3FC6E', 'beneficiary_country': '#659F5E', 'beneficiary_drawer_exporter_seller_supplier_tin': '#3B6C2D', 'remitter_drawee_applicant_importer_buyer_name': '#4AC76A', 'transaction_date': '#ABF0CB', 'shipper_name': '#A910F9', 'indicator_date': '#2A6833', 'beneficiary_bank_country': '#E803A5', 'shipper_address': '#E89F4C', 'signature_of_the_issuer': '#22517E', 'tenor_indicator': '#47E3B8', 'delivery_terms': '#CFE219', 'transaction_currency': '#320B5E', 'beneficiary_drawer_exporter_seller_supplier_name': '#D8C102', 'page_no': '#03F777', 'consignor_country': '#627DFD', 'beneficiary_bank_name': '#E6C34A', 'lc_date': '#B49AEE', 'invoice_discount_ccy': '#5F9C11', 'transaction_amonunt_value': '#362AFD', 'stamp': '#B09F80', 'notify_party_address': '#9DE678', 'invoice_amount': '#070804', 'port_of_discharge': '#FA6696'}
2024-01-30 13:44:25,310 is result_set is instance of dict? True
2024-01-30 13:44:25,311 is final_result_set is instance of dict? True
2024-01-30 13:44:25,319 Time taken for page 1 of Proforma_Invoice_338_1.png:0:00:02.334807
2024-01-30 13:44:25,433 *****Generated All Pages****** for Proforma_Invoice_338_1.png
2024-01-30 13:44:25,433 RAM memory 62.1 used for Proforma_Invoice_338_1.png Generating All Pages:
2024-01-30 13:44:25,433 Processing time taken for all pages of Proforma_Invoice_338_1.png1:0:00:02.450052
2024-01-30 13:44:25,580 file name is:Proforma_Invoice_350_2.png
2024-01-30 13:44:25,580 folder path :Images
2024-01-30 13:44:25,580 Calling Image result
2024-01-30 13:44:25,580 is all_page_result is instance of dict? True
2024-01-30 13:44:25,581 STREAM b'IHDR' 16 13
2024-01-30 13:44:25,581 STREAM b'IDAT' 41 50802
2024-01-30 13:44:25,601 is words is instance of list? True
2024-01-30 13:44:25,601 is bboxes is instance of list? True
2024-01-30 13:44:25,601 is bounding_boxes is instance of list? True
2024-01-30 13:44:25,804 is input_id_chunks is instance of list? True
2024-01-30 13:44:25,805 is mask_chunks is instance of list? True
2024-01-30 13:44:25,805 is bbox_chunks is instance of list? True
2024-01-30 13:44:25,805 is image_chunks is instance of list? True
2024-01-30 13:44:25,805 is input_dict is instance of dict? True
2024-01-30 13:44:26,621 Model Called
2024-01-30 13:44:26,622 RAM memory 62.7 used for Proforma_Invoice_350_2.png:
2024-01-30 13:44:26,622 is all_predictions is instance of list? True
2024-01-30 13:44:26,622 is all_boxes is instance of list? True
2024-01-30 13:44:26,622 is all_confidences is instance of list? True
2024-01-30 13:44:26,622 is all_text is instance of list? True
2024-01-30 13:44:26,622 is label2id is instance of dict? True
2024-01-30 13:44:26,622 is id2label is instance of dict? True
2024-01-30 13:44:26,623 is label2color is instance of dict? True
2024-01-30 13:44:26,623 label2color : {'signature': '#76D9A6', 'remitter_address': '#B3390E', 'O': '#EFEA47', 'notify_party_country': '#1C7D18', 'port_of_loading': '#7788CD', 'beneficiary_account_number': '#3027FD', 'consignee_address': '#B297ED', 'beneficiary_iban_number': '#78C421', 'bill_of_lading_no': '#BAC9CA', 'pre-carriage-by': '#2E0D09', 'invoice_discount_amount': '#6B8CB3', 'beneficiary_address': '#4DEEA3', 'rate_per_unit': '#185C27', 'original_or_copy': '#6954AF', 'hs_code_no': '#DBF6A4', 'bill_of_lading_date': '#3CF87A', 'declaration_by_issuer': '#DEF8A0', 'beneficiary_bank_identifier': '#9DB5A5', 'vessel_flight_no': '#3019BB', 'goods_description': '#217004', 'incoterm': '#94154D', 'invoice_due_date': '#5867D6', 'tenor_type': '#DB8CE2', 'country_of_origin_of_goods': '#FD95A5', 'invoice_no': '#FB0642', 'cosignee_name': '#42A0E1', 'total_quantity_of_goods': '#E6A987', 'consignor_address': '#F4A9E6', 'invoice_tax_ccy': '#8491AE', 'gross_weight': '#A0D2FC', 'notify_party_name': '#E3031B', 'dimension': '#18C4AB', 'consignor_name': '#11B7CF', 'indicator_type': '#24922E', 'invoice_tax_amount': '#916B3B', 'country_of_final_destination': '#1BF7C2', 'usance_tenor': '#CFAC90', 'date_of_invoice': '#E21A2D', 'invoice_currency': '#B5F155', 'invoice_amount_in_words': '#59398A', 'awb_number': '#B6BA08', 'awb_date': '#FCA0FD', 'lc_ref_no': '#C256CE', 'vessel_name': '#2B4112', 'net_weight': '#538FB6', 'beneficiary_country': '#393701', 'beneficiary_drawer_exporter_seller_supplier_tin': '#A0EFF2', 'remitter_drawee_applicant_importer_buyer_name': '#23C452', 'transaction_date': '#1B8D7E', 'shipper_name': '#70AD64', 'indicator_date': '#F33F32', 'beneficiary_bank_country': '#182339', 'shipper_address': '#187586', 'signature_of_the_issuer': '#675E99', 'tenor_indicator': '#E30B9F', 'delivery_terms': '#2FFD00', 'transaction_currency': '#F128E1', 'beneficiary_drawer_exporter_seller_supplier_name': '#DACCF1', 'page_no': '#6AE702', 'consignor_country': '#7BE1ED', 'beneficiary_bank_name': '#2A1A64', 'lc_date': '#DDD81C', 'invoice_discount_ccy': '#4FDB4F', 'transaction_amonunt_value': '#2BDE73', 'stamp': '#A62C92', 'notify_party_address': '#DAA3B0', 'invoice_amount': '#A36901', 'port_of_discharge': '#F0A059'}
2024-01-30 13:44:26,755 is result_set is instance of dict? True
2024-01-30 13:44:26,756 is final_result_set is instance of dict? True
2024-01-30 13:44:26,774 Time taken for page 1 of Proforma_Invoice_350_2.png:0:00:01.193047
2024-01-30 13:44:26,906 *****Generated All Pages****** for Proforma_Invoice_350_2.png
2024-01-30 13:44:26,906 RAM memory 63.1 used for Proforma_Invoice_350_2.png Generating All Pages:
2024-01-30 13:44:26,906 Processing time taken for all pages of Proforma_Invoice_350_2.png1:0:00:01.326111
2024-01-30 13:44:27,071 file name is:Proforma_Invoice_644_0.png
2024-01-30 13:44:27,071 folder path :Images
2024-01-30 13:44:27,071 Calling Image result
2024-01-30 13:44:27,071 is all_page_result is instance of dict? True
2024-01-30 13:44:27,158 STREAM b'IHDR' 16 13
2024-01-30 13:44:27,158 STREAM b'IDAT' 41 65536
2024-01-30 13:44:27,182 is words is instance of list? True
2024-01-30 13:44:27,182 is bboxes is instance of list? True
2024-01-30 13:44:27,182 is bounding_boxes is instance of list? True
2024-01-30 13:44:27,508 is input_id_chunks is instance of list? True
2024-01-30 13:44:27,508 is mask_chunks is instance of list? True
2024-01-30 13:44:27,508 is bbox_chunks is instance of list? True
2024-01-30 13:44:27,508 is image_chunks is instance of list? True
2024-01-30 13:44:27,508 is input_dict is instance of dict? True
2024-01-30 13:44:28,292 Model Called
2024-01-30 13:44:28,292 RAM memory 63.3 used for Proforma_Invoice_644_0.png:
2024-01-30 13:44:28,292 is all_predictions is instance of list? True
2024-01-30 13:44:28,292 is all_boxes is instance of list? True
2024-01-30 13:44:28,292 is all_confidences is instance of list? True
2024-01-30 13:44:28,292 is all_text is instance of list? True
2024-01-30 13:44:28,293 is label2id is instance of dict? True
2024-01-30 13:44:28,293 is id2label is instance of dict? True
2024-01-30 13:44:28,293 is label2color is instance of dict? True
2024-01-30 13:44:28,294 label2color : {'signature': '#F2115A', 'remitter_address': '#E2F465', 'O': '#B5E0BB', 'notify_party_country': '#3EC8A6', 'port_of_loading': '#E8F884', 'beneficiary_account_number': '#E2F68C', 'consignee_address': '#2D1783', 'beneficiary_iban_number': '#A99761', 'bill_of_lading_no': '#04AF89', 'pre-carriage-by': '#CF6B4A', 'invoice_discount_amount': '#EC6987', 'beneficiary_address': '#40D83D', 'rate_per_unit': '#82B43E', 'original_or_copy': '#9B2BD9', 'hs_code_no': '#E28B63', 'bill_of_lading_date': '#87991C', 'declaration_by_issuer': '#CB9BC5', 'beneficiary_bank_identifier': '#2A94CC', 'vessel_flight_no': '#BF3BF4', 'goods_description': '#DDB23F', 'incoterm': '#0BE2B1', 'invoice_due_date': '#546DA8', 'tenor_type': '#2E223F', 'country_of_origin_of_goods': '#6BC718', 'invoice_no': '#3DF23A', 'cosignee_name': '#EFF986', 'total_quantity_of_goods': '#FF60B1', 'consignor_address': '#773905', 'invoice_tax_ccy': '#4568A4', 'gross_weight': '#B3AF3C', 'notify_party_name': '#1C20B9', 'dimension': '#3F0695', 'consignor_name': '#AA8DB1', 'indicator_type': '#1C1D48', 'invoice_tax_amount': '#8E9B6E', 'country_of_final_destination': '#FB1633', 'usance_tenor': '#74EF97', 'date_of_invoice': '#9AFF24', 'invoice_currency': '#22CCCE', 'invoice_amount_in_words': '#5E182E', 'awb_number': '#CE8EE5', 'awb_date': '#66C706', 'lc_ref_no': '#81F9FA', 'vessel_name': '#558C03', 'net_weight': '#5F41F7', 'beneficiary_country': '#A70C62', 'beneficiary_drawer_exporter_seller_supplier_tin': '#AC27D9', 'remitter_drawee_applicant_importer_buyer_name': '#42317F', 'transaction_date': '#220B10', 'shipper_name': '#057F50', 'indicator_date': '#EAEBB2', 'beneficiary_bank_country': '#44B4A1', 'shipper_address': '#D102CF', 'signature_of_the_issuer': '#587113', 'tenor_indicator': '#985377', 'delivery_terms': '#83340F', 'transaction_currency': '#3964BA', 'beneficiary_drawer_exporter_seller_supplier_name': '#B23361', 'page_no': '#ABFC1F', 'consignor_country': '#43311E', 'beneficiary_bank_name': '#7B4A0B', 'lc_date': '#DB2EA0', 'invoice_discount_ccy': '#7D1DA6', 'transaction_amonunt_value': '#5A2488', 'stamp': '#55B327', 'notify_party_address': '#E94EA5', 'invoice_amount': '#3C0A7E', 'port_of_discharge': '#92BE3F'}
2024-01-30 13:44:28,421 is result_set is instance of dict? True
2024-01-30 13:44:28,421 is final_result_set is instance of dict? True
2024-01-30 13:44:28,441 Time taken for page 1 of Proforma_Invoice_644_0.png:0:00:01.283514
2024-01-30 13:44:28,590 *****Generated All Pages****** for Proforma_Invoice_644_0.png
2024-01-30 13:44:28,591 RAM memory 63.7 used for Proforma_Invoice_644_0.png Generating All Pages:
2024-01-30 13:44:28,591 Processing time taken for all pages of Proforma_Invoice_644_0.png1:0:00:01.519363
2024-01-30 13:44:28,745 file name is:Proforma_Invoice_272_7.png
2024-01-30 13:44:28,745 folder path :Images
2024-01-30 13:44:28,745 Calling Image result
2024-01-30 13:44:28,745 is all_page_result is instance of dict? True
2024-01-30 13:44:28,830 STREAM b'IHDR' 16 13
2024-01-30 13:44:28,830 STREAM b'IDAT' 41 21512
2024-01-30 13:44:28,851 is words is instance of list? True
2024-01-30 13:44:28,851 is bboxes is instance of list? True
2024-01-30 13:44:28,851 is bounding_boxes is instance of list? True
2024-01-30 13:44:29,217 is input_id_chunks is instance of list? True
2024-01-30 13:44:29,217 is mask_chunks is instance of list? True
2024-01-30 13:44:29,217 is bbox_chunks is instance of list? True
2024-01-30 13:44:29,217 is image_chunks is instance of list? True
2024-01-30 13:44:29,218 is input_dict is instance of dict? True
2024-01-30 13:44:29,846 Model Called
2024-01-30 13:44:29,846 RAM memory 63.9 used for Proforma_Invoice_272_7.png:
2024-01-30 13:44:29,846 is all_predictions is instance of list? True
2024-01-30 13:44:29,846 is all_boxes is instance of list? True
2024-01-30 13:44:29,847 is all_confidences is instance of list? True
2024-01-30 13:44:29,847 is all_text is instance of list? True
2024-01-30 13:44:29,847 is label2id is instance of dict? True
2024-01-30 13:44:29,847 is id2label is instance of dict? True
2024-01-30 13:44:29,848 is label2color is instance of dict? True
2024-01-30 13:44:29,848 label2color : {'signature': '#836F2C', 'remitter_address': '#716F72', 'O': '#D7B5D2', 'notify_party_country': '#044C24', 'port_of_loading': '#1592C6', 'beneficiary_account_number': '#BB3016', 'consignee_address': '#5921A4', 'beneficiary_iban_number': '#B83559', 'bill_of_lading_no': '#AD65A4', 'pre-carriage-by': '#70C147', 'invoice_discount_amount': '#AA4823', 'beneficiary_address': '#DEA8C6', 'rate_per_unit': '#6EBBA7', 'original_or_copy': '#977FD6', 'hs_code_no': '#103D1B', 'bill_of_lading_date': '#9E9289', 'declaration_by_issuer': '#3C4B16', 'beneficiary_bank_identifier': '#C2F124', 'vessel_flight_no': '#D72897', 'goods_description': '#5D4421', 'incoterm': '#03351A', 'invoice_due_date': '#CDB8F2', 'tenor_type': '#1DA68F', 'country_of_origin_of_goods': '#43AA74', 'invoice_no': '#1AD278', 'cosignee_name': '#0144AA', 'total_quantity_of_goods': '#D30C38', 'consignor_address': '#86E16D', 'invoice_tax_ccy': '#1789D2', 'gross_weight': '#A2967D', 'notify_party_name': '#B8FE5C', 'dimension': '#C5E0B2', 'consignor_name': '#81C292', 'indicator_type': '#79EDB8', 'invoice_tax_amount': '#530310', 'country_of_final_destination': '#2FF600', 'usance_tenor': '#271C34', 'date_of_invoice': '#9B8712', 'invoice_currency': '#652AFD', 'invoice_amount_in_words': '#B58F8B', 'awb_number': '#0BFE16', 'awb_date': '#4A35DE', 'lc_ref_no': '#68C9F5', 'vessel_name': '#529214', 'net_weight': '#593ABF', 'beneficiary_country': '#0220C8', 'beneficiary_drawer_exporter_seller_supplier_tin': '#84EBB6', 'remitter_drawee_applicant_importer_buyer_name': '#0D0E65', 'transaction_date': '#1E46FF', 'shipper_name': '#ED5F70', 'indicator_date': '#451A26', 'beneficiary_bank_country': '#B8615D', 'shipper_address': '#FADEAF', 'signature_of_the_issuer': '#BDE4B7', 'tenor_indicator': '#B459CF', 'delivery_terms': '#68144F', 'transaction_currency': '#666C5C', 'beneficiary_drawer_exporter_seller_supplier_name': '#2FCC08', 'page_no': '#CD0351', 'consignor_country': '#205429', 'beneficiary_bank_name': '#7587E0', 'lc_date': '#7B6BB1', 'invoice_discount_ccy': '#89051B', 'transaction_amonunt_value': '#1582E4', 'stamp': '#59DCCB', 'notify_party_address': '#7A76A4', 'invoice_amount': '#585EB6', 'port_of_discharge': '#633579'}
2024-01-30 13:44:29,982 is result_set is instance of dict? True
2024-01-30 13:44:29,983 is final_result_set is instance of dict? True
2024-01-30 13:44:29,992 Time taken for page 1 of Proforma_Invoice_272_7.png:0:00:01.161658
2024-01-30 13:44:30,175 *****Generated All Pages****** for Proforma_Invoice_272_7.png
2024-01-30 13:44:30,176 RAM memory 61.9 used for Proforma_Invoice_272_7.png Generating All Pages:
2024-01-30 13:44:30,176 Processing time taken for all pages of Proforma_Invoice_272_7.png1:0:00:01.431039
2024-01-30 13:44:30,331 file name is:Proforma_Invoice_517_0.png
2024-01-30 13:44:30,332 folder path :Images
2024-01-30 13:44:30,332 Calling Image result
2024-01-30 13:44:30,332 is all_page_result is instance of dict? True
2024-01-30 13:44:30,332 STREAM b'IHDR' 16 13
2024-01-30 13:44:30,332 STREAM b'IDAT' 41 33998
2024-01-30 13:44:30,441 is words is instance of list? True
2024-01-30 13:44:30,441 is bboxes is instance of list? True
2024-01-30 13:44:30,441 is bounding_boxes is instance of list? True
2024-01-30 13:44:30,582 is input_id_chunks is instance of list? True
2024-01-30 13:44:30,582 is mask_chunks is instance of list? True
2024-01-30 13:44:30,582 is bbox_chunks is instance of list? True
2024-01-30 13:44:30,582 is image_chunks is instance of list? True
2024-01-30 13:44:30,583 is input_dict is instance of dict? True
2024-01-30 13:44:32,056 Model Called
2024-01-30 13:44:32,056 RAM memory 68.5 used for Proforma_Invoice_517_0.png:
2024-01-30 13:44:32,056 is all_predictions is instance of list? True
2024-01-30 13:44:32,056 is all_boxes is instance of list? True
2024-01-30 13:44:32,056 is all_confidences is instance of list? True
2024-01-30 13:44:32,056 is all_text is instance of list? True
2024-01-30 13:44:32,056 is label2id is instance of dict? True
2024-01-30 13:44:32,056 is id2label is instance of dict? True
2024-01-30 13:44:32,057 is label2color is instance of dict? True
2024-01-30 13:44:32,057 label2color : {'signature': '#3954B6', 'remitter_address': '#EF2183', 'O': '#CD7C4E', 'notify_party_country': '#DE19D8', 'port_of_loading': '#736B98', 'beneficiary_account_number': '#BF9286', 'consignee_address': '#B1FDAB', 'beneficiary_iban_number': '#2691CA', 'bill_of_lading_no': '#B56F9A', 'pre-carriage-by': '#175C26', 'invoice_discount_amount': '#D3B915', 'beneficiary_address': '#D1B96C', 'rate_per_unit': '#A6E777', 'original_or_copy': '#404455', 'hs_code_no': '#71FB5E', 'bill_of_lading_date': '#202CE0', 'declaration_by_issuer': '#C77179', 'beneficiary_bank_identifier': '#983B42', 'vessel_flight_no': '#311763', 'goods_description': '#60A154', 'incoterm': '#8A8C86', 'invoice_due_date': '#286B2F', 'tenor_type': '#28CD81', 'country_of_origin_of_goods': '#0126A5', 'invoice_no': '#6D3DEC', 'cosignee_name': '#7A3645', 'total_quantity_of_goods': '#881D80', 'consignor_address': '#0DA2D4', 'invoice_tax_ccy': '#1CED41', 'gross_weight': '#D2E538', 'notify_party_name': '#F52CA6', 'dimension': '#716F55', 'consignor_name': '#373EF9', 'indicator_type': '#9C39C8', 'invoice_tax_amount': '#350E6F', 'country_of_final_destination': '#1B6060', 'usance_tenor': '#F50FB0', 'date_of_invoice': '#FB586D', 'invoice_currency': '#CBE906', 'invoice_amount_in_words': '#07E45D', 'awb_number': '#28D4BB', 'awb_date': '#4CE128', 'lc_ref_no': '#43687A', 'vessel_name': '#36FE09', 'net_weight': '#250C55', 'beneficiary_country': '#8E6568', 'beneficiary_drawer_exporter_seller_supplier_tin': '#5675B5', 'remitter_drawee_applicant_importer_buyer_name': '#8FB583', 'transaction_date': '#2B425D', 'shipper_name': '#DEDF7B', 'indicator_date': '#4100C2', 'beneficiary_bank_country': '#667AF5', 'shipper_address': '#7BFC9D', 'signature_of_the_issuer': '#E155B9', 'tenor_indicator': '#42ACF8', 'delivery_terms': '#B89908', 'transaction_currency': '#8E5771', 'beneficiary_drawer_exporter_seller_supplier_name': '#45737A', 'page_no': '#9F1700', 'consignor_country': '#49452E', 'beneficiary_bank_name': '#2D4CFA', 'lc_date': '#E1767A', 'invoice_discount_ccy': '#B2E57E', 'transaction_amonunt_value': '#C8F556', 'stamp': '#27C342', 'notify_party_address': '#CE87E8', 'invoice_amount': '#8F5D09', 'port_of_discharge': '#83690E'}
2024-01-30 13:44:32,211 is result_set is instance of dict? True
2024-01-30 13:44:32,212 is final_result_set is instance of dict? True
2024-01-30 13:44:32,241 Time taken for page 1 of Proforma_Invoice_517_0.png:0:00:01.909009
2024-01-30 13:44:32,344 *****Generated All Pages****** for Proforma_Invoice_517_0.png
2024-01-30 13:44:32,344 RAM memory 68.9 used for Proforma_Invoice_517_0.png Generating All Pages:
2024-01-30 13:44:32,344 Processing time taken for all pages of Proforma_Invoice_517_0.png1:0:00:02.012581
2024-01-30 13:44:32,507 file name is:Invoice_919_5.png
2024-01-30 13:44:32,507 folder path :Images
2024-01-30 13:44:32,507 Calling Image result
2024-01-30 13:44:32,508 is all_page_result is instance of dict? True
2024-01-30 13:44:32,586 STREAM b'IHDR' 16 13
2024-01-30 13:44:32,586 STREAM b'IDAT' 41 65536
2024-01-30 13:44:32,626 is words is instance of list? True
2024-01-30 13:44:32,626 is bboxes is instance of list? True
2024-01-30 13:44:32,626 is bounding_boxes is instance of list? True
2024-01-30 13:44:32,836 is input_id_chunks is instance of list? True
2024-01-30 13:44:32,836 is mask_chunks is instance of list? True
2024-01-30 13:44:32,836 is bbox_chunks is instance of list? True
2024-01-30 13:44:32,836 is image_chunks is instance of list? True
2024-01-30 13:44:32,836 is input_dict is instance of dict? True
2024-01-30 13:44:33,645 Model Called
2024-01-30 13:44:33,645 RAM memory 63.4 used for Invoice_919_5.png:
2024-01-30 13:44:33,646 is all_predictions is instance of list? True
2024-01-30 13:44:33,646 is all_boxes is instance of list? True
2024-01-30 13:44:33,646 is all_confidences is instance of list? True
2024-01-30 13:44:33,646 is all_text is instance of list? True
2024-01-30 13:44:33,646 is label2id is instance of dict? True
2024-01-30 13:44:33,646 is id2label is instance of dict? True
2024-01-30 13:44:33,647 is label2color is instance of dict? True
2024-01-30 13:44:33,647 label2color : {'signature': '#5FB782', 'remitter_address': '#C17D6C', 'O': '#FEA1D2', 'notify_party_country': '#7A8EA4', 'port_of_loading': '#F87F1C', 'beneficiary_account_number': '#82FF19', 'consignee_address': '#E4AC1A', 'beneficiary_iban_number': '#64F76C', 'bill_of_lading_no': '#2F4E34', 'pre-carriage-by': '#ECD220', 'invoice_discount_amount': '#B27ACC', 'beneficiary_address': '#DD4687', 'rate_per_unit': '#427150', 'original_or_copy': '#D380F9', 'hs_code_no': '#E6A636', 'bill_of_lading_date': '#068E57', 'declaration_by_issuer': '#9F3799', 'beneficiary_bank_identifier': '#394EB2', 'vessel_flight_no': '#B4B4B3', 'goods_description': '#762AFE', 'incoterm': '#DBDB90', 'invoice_due_date': '#AF2F91', 'tenor_type': '#923B05', 'country_of_origin_of_goods': '#C9624B', 'invoice_no': '#936DEF', 'cosignee_name': '#C6EFCB', 'total_quantity_of_goods': '#3012CC', 'consignor_address': '#391FF1', 'invoice_tax_ccy': '#7909D2', 'gross_weight': '#C39AE4', 'notify_party_name': '#DB571B', 'dimension': '#76C225', 'consignor_name': '#9780F0', 'indicator_type': '#86471D', 'invoice_tax_amount': '#DDB0FA', 'country_of_final_destination': '#525FE3', 'usance_tenor': '#F07085', 'date_of_invoice': '#150C58', 'invoice_currency': '#790855', 'invoice_amount_in_words': '#79C426', 'awb_number': '#48EF2F', 'awb_date': '#A06AB1', 'lc_ref_no': '#A2512F', 'vessel_name': '#8341DF', 'net_weight': '#C9F0FC', 'beneficiary_country': '#3C7F23', 'beneficiary_drawer_exporter_seller_supplier_tin': '#BB4B81', 'remitter_drawee_applicant_importer_buyer_name': '#E53B79', 'transaction_date': '#97CAA2', 'shipper_name': '#C98E1D', 'indicator_date': '#1B293B', 'beneficiary_bank_country': '#986655', 'shipper_address': '#A89590', 'signature_of_the_issuer': '#CDB79F', 'tenor_indicator': '#EFE7DA', 'delivery_terms': '#1A82BA', 'transaction_currency': '#68AB06', 'beneficiary_drawer_exporter_seller_supplier_name': '#41560C', 'page_no': '#A21169', 'consignor_country': '#027555', 'beneficiary_bank_name': '#F1F6BA', 'lc_date': '#DE33BD', 'invoice_discount_ccy': '#A0D83B', 'transaction_amonunt_value': '#AB4EFC', 'stamp': '#784E3A', 'notify_party_address': '#895CAF', 'invoice_amount': '#098589', 'port_of_discharge': '#C0E436'}
2024-01-30 13:44:33,830 is result_set is instance of dict? True
2024-01-30 13:44:33,832 is final_result_set is instance of dict? True
2024-01-30 13:44:33,867 Time taken for page 1 of Invoice_919_5.png:0:00:01.280136
2024-01-30 13:44:34,026 *****Generated All Pages****** for Invoice_919_5.png
2024-01-30 13:44:34,026 RAM memory 63.8 used for Invoice_919_5.png Generating All Pages:
2024-01-30 13:44:34,026 Processing time taken for all pages of Invoice_919_5.png1:0:00:01.518516
2024-01-30 13:44:34,174 file name is:Invoice_981_20.png
2024-01-30 13:44:34,175 folder path :Images
2024-01-30 13:44:34,175 Calling Image result
2024-01-30 13:44:34,175 is all_page_result is instance of dict? True
2024-01-30 13:44:34,261 STREAM b'IHDR' 16 13
2024-01-30 13:44:34,262 STREAM b'IDAT' 41 55055
2024-01-30 13:44:34,289 is words is instance of list? True
2024-01-30 13:44:34,289 is bboxes is instance of list? True
2024-01-30 13:44:34,289 is bounding_boxes is instance of list? True
2024-01-30 13:44:34,501 is input_id_chunks is instance of list? True
2024-01-30 13:44:34,501 is mask_chunks is instance of list? True
2024-01-30 13:44:34,501 is bbox_chunks is instance of list? True
2024-01-30 13:44:34,501 is image_chunks is instance of list? True
2024-01-30 13:44:34,502 is input_dict is instance of dict? True
2024-01-30 13:44:36,187 Model Called
2024-01-30 13:44:36,187 RAM memory 68.3 used for Invoice_981_20.png:
2024-01-30 13:44:36,187 is all_predictions is instance of list? True
2024-01-30 13:44:36,187 is all_boxes is instance of list? True
2024-01-30 13:44:36,187 is all_confidences is instance of list? True
2024-01-30 13:44:36,187 is all_text is instance of list? True
2024-01-30 13:44:36,187 is label2id is instance of dict? True
2024-01-30 13:44:36,188 is id2label is instance of dict? True
2024-01-30 13:44:36,188 is label2color is instance of dict? True
2024-01-30 13:44:36,188 label2color : {'signature': '#373A7F', 'remitter_address': '#30CFFF', 'O': '#EE0E0B', 'notify_party_country': '#1E3EE7', 'port_of_loading': '#6DEB71', 'beneficiary_account_number': '#BDAA4E', 'consignee_address': '#0C0A89', 'beneficiary_iban_number': '#E430B5', 'bill_of_lading_no': '#051459', 'pre-carriage-by': '#35A554', 'invoice_discount_amount': '#413C2A', 'beneficiary_address': '#D41631', 'rate_per_unit': '#A89D3A', 'original_or_copy': '#596864', 'hs_code_no': '#983B79', 'bill_of_lading_date': '#1AFA8A', 'declaration_by_issuer': '#AADD64', 'beneficiary_bank_identifier': '#5E5D61', 'vessel_flight_no': '#7ADFB9', 'goods_description': '#D115CF', 'incoterm': '#3BF9DF', 'invoice_due_date': '#AD39A9', 'tenor_type': '#0FF0B4', 'country_of_origin_of_goods': '#96E627', 'invoice_no': '#E0363D', 'cosignee_name': '#5D2D2B', 'total_quantity_of_goods': '#ACE167', 'consignor_address': '#DF124A', 'invoice_tax_ccy': '#5A5CB1', 'gross_weight': '#080A1C', 'notify_party_name': '#619A6C', 'dimension': '#F20CA4', 'consignor_name': '#F50C06', 'indicator_type': '#5891AB', 'invoice_tax_amount': '#DCBD2F', 'country_of_final_destination': '#64BE6B', 'usance_tenor': '#F1D360', 'date_of_invoice': '#EB730C', 'invoice_currency': '#217D11', 'invoice_amount_in_words': '#D4EA24', 'awb_number': '#163A5F', 'awb_date': '#BFE1A1', 'lc_ref_no': '#844BA0', 'vessel_name': '#F8D6EB', 'net_weight': '#B25F53', 'beneficiary_country': '#F57C84', 'beneficiary_drawer_exporter_seller_supplier_tin': '#AD6347', 'remitter_drawee_applicant_importer_buyer_name': '#2FF54C', 'transaction_date': '#086056', 'shipper_name': '#6164F7', 'indicator_date': '#2D4D63', 'beneficiary_bank_country': '#728723', 'shipper_address': '#5A08D2', 'signature_of_the_issuer': '#60C9E9', 'tenor_indicator': '#A93F68', 'delivery_terms': '#6BFA33', 'transaction_currency': '#C5D54A', 'beneficiary_drawer_exporter_seller_supplier_name': '#283FDA', 'page_no': '#AD5BFB', 'consignor_country': '#A8072A', 'beneficiary_bank_name': '#286ED4', 'lc_date': '#8F0739', 'invoice_discount_ccy': '#6AF19B', 'transaction_amonunt_value': '#824D90', 'stamp': '#D497EA', 'notify_party_address': '#1FF8AC', 'invoice_amount': '#305B38', 'port_of_discharge': '#05BA69'}
2024-01-30 13:44:36,388 is result_set is instance of dict? True
2024-01-30 13:44:36,389 is final_result_set is instance of dict? True
2024-01-30 13:44:36,420 Time taken for page 1 of Invoice_981_20.png:0:00:02.158551
2024-01-30 13:44:36,555 *****Generated All Pages****** for Invoice_981_20.png
2024-01-30 13:44:36,555 RAM memory 68.8 used for Invoice_981_20.png Generating All Pages:
2024-01-30 13:44:36,555 Processing time taken for all pages of Invoice_981_20.png1:0:00:02.380217
2024-01-30 13:44:36,743 file name is:Proforma_Invoice_998_0.png
2024-01-30 13:44:36,743 folder path :Images
2024-01-30 13:44:36,743 Calling Image result
2024-01-30 13:44:36,743 is all_page_result is instance of dict? True
2024-01-30 13:44:36,744 STREAM b'IHDR' 16 13
2024-01-30 13:44:36,744 STREAM b'IDAT' 41 57845
2024-01-30 13:44:36,787 is words is instance of list? True
2024-01-30 13:44:36,787 is bboxes is instance of list? True
2024-01-30 13:44:36,787 is bounding_boxes is instance of list? True
2024-01-30 13:44:36,992 is input_id_chunks is instance of list? True
2024-01-30 13:44:36,992 is mask_chunks is instance of list? True
2024-01-30 13:44:36,992 is bbox_chunks is instance of list? True
2024-01-30 13:44:36,992 is image_chunks is instance of list? True
2024-01-30 13:44:36,993 is input_dict is instance of dict? True
2024-01-30 13:44:38,565 Model Called
2024-01-30 13:44:38,565 RAM memory 68.5 used for Proforma_Invoice_998_0.png:
2024-01-30 13:44:38,565 is all_predictions is instance of list? True
2024-01-30 13:44:38,565 is all_boxes is instance of list? True
2024-01-30 13:44:38,565 is all_confidences is instance of list? True
2024-01-30 13:44:38,565 is all_text is instance of list? True
2024-01-30 13:44:38,566 is label2id is instance of dict? True
2024-01-30 13:44:38,566 is id2label is instance of dict? True
2024-01-30 13:44:38,567 is label2color is instance of dict? True
2024-01-30 13:44:38,567 label2color : {'signature': '#146330', 'remitter_address': '#08FA71', 'O': '#3A983A', 'notify_party_country': '#98ED62', 'port_of_loading': '#B4D88F', 'beneficiary_account_number': '#430E20', 'consignee_address': '#17CF75', 'beneficiary_iban_number': '#7A7DF3', 'bill_of_lading_no': '#BB47BE', 'pre-carriage-by': '#84AC95', 'invoice_discount_amount': '#3EF396', 'beneficiary_address': '#8FCB65', 'rate_per_unit': '#B1C3ED', 'original_or_copy': '#A3AF78', 'hs_code_no': '#82829C', 'bill_of_lading_date': '#0F3F5F', 'declaration_by_issuer': '#D0E5A5', 'beneficiary_bank_identifier': '#7B617B', 'vessel_flight_no': '#8F4C10', 'goods_description': '#693A18', 'incoterm': '#31E6F8', 'invoice_due_date': '#4E2341', 'tenor_type': '#049C1F', 'country_of_origin_of_goods': '#FD723D', 'invoice_no': '#CFD3A0', 'cosignee_name': '#163832', 'total_quantity_of_goods': '#0FFE88', 'consignor_address': '#51CAB0', 'invoice_tax_ccy': '#BD8A99', 'gross_weight': '#EA7D16', 'notify_party_name': '#CD84C4', 'dimension': '#32FA90', 'consignor_name': '#83E9B7', 'indicator_type': '#87EEC8', 'invoice_tax_amount': '#D0F4F8', 'country_of_final_destination': '#DD4927', 'usance_tenor': '#7C23A1', 'date_of_invoice': '#E592D1', 'invoice_currency': '#9F888C', 'invoice_amount_in_words': '#706CE8', 'awb_number': '#11616A', 'awb_date': '#D2C064', 'lc_ref_no': '#8562D0', 'vessel_name': '#9223D8', 'net_weight': '#8D2014', 'beneficiary_country': '#E2540C', 'beneficiary_drawer_exporter_seller_supplier_tin': '#9E1591', 'remitter_drawee_applicant_importer_buyer_name': '#32E168', 'transaction_date': '#A65D10', 'shipper_name': '#395A1E', 'indicator_date': '#70A6FA', 'beneficiary_bank_country': '#230CC0', 'shipper_address': '#DA0754', 'signature_of_the_issuer': '#C5110D', 'tenor_indicator': '#6B5865', 'delivery_terms': '#6D7A67', 'transaction_currency': '#CED155', 'beneficiary_drawer_exporter_seller_supplier_name': '#5D2226', 'page_no': '#A5ACF6', 'consignor_country': '#6D8DB9', 'beneficiary_bank_name': '#819EC1', 'lc_date': '#70B9CB', 'invoice_discount_ccy': '#70F449', 'transaction_amonunt_value': '#CC5980', 'stamp': '#21546A', 'notify_party_address': '#F8AF3E', 'invoice_amount': '#D84159', 'port_of_discharge': '#D4CA6D'}
2024-01-30 13:44:38,760 is result_set is instance of dict? True
2024-01-30 13:44:38,762 is final_result_set is instance of dict? True
2024-01-30 13:44:38,790 Time taken for page 1 of Proforma_Invoice_998_0.png:0:00:02.045901
2024-01-30 13:44:38,932 *****Generated All Pages****** for Proforma_Invoice_998_0.png
2024-01-30 13:44:38,932 RAM memory 68.7 used for Proforma_Invoice_998_0.png Generating All Pages:
2024-01-30 13:44:38,932 Processing time taken for all pages of Proforma_Invoice_998_0.png1:0:00:02.188946
2024-01-30 13:44:39,117 file name is:Invoice_939_7.png
2024-01-30 13:44:39,118 folder path :Images
2024-01-30 13:44:39,118 Calling Image result
2024-01-30 13:44:39,118 is all_page_result is instance of dict? True
2024-01-30 13:44:39,118 STREAM b'IHDR' 16 13
2024-01-30 13:44:39,118 STREAM b'IDAT' 41 38159
2024-01-30 13:44:39,236 is words is instance of list? True
2024-01-30 13:44:39,237 is bboxes is instance of list? True
2024-01-30 13:44:39,237 is bounding_boxes is instance of list? True
2024-01-30 13:44:39,422 is input_id_chunks is instance of list? True
2024-01-30 13:44:39,422 is mask_chunks is instance of list? True
2024-01-30 13:44:39,422 is bbox_chunks is instance of list? True
2024-01-30 13:44:39,422 is image_chunks is instance of list? True
2024-01-30 13:44:39,423 is input_dict is instance of dict? True
2024-01-30 13:44:40,192 Model Called
2024-01-30 13:44:40,192 RAM memory 66.2 used for Invoice_939_7.png:
2024-01-30 13:44:40,192 is all_predictions is instance of list? True
2024-01-30 13:44:40,192 is all_boxes is instance of list? True
2024-01-30 13:44:40,192 is all_confidences is instance of list? True
2024-01-30 13:44:40,192 is all_text is instance of list? True
2024-01-30 13:44:40,193 is label2id is instance of dict? True
2024-01-30 13:44:40,193 is id2label is instance of dict? True
2024-01-30 13:44:40,194 is label2color is instance of dict? True
2024-01-30 13:44:40,194 label2color : {'signature': '#3218BD', 'remitter_address': '#F0E298', 'O': '#11FEBF', 'notify_party_country': '#9A86D1', 'port_of_loading': '#87D755', 'beneficiary_account_number': '#BD4CA7', 'consignee_address': '#885337', 'beneficiary_iban_number': '#9B8474', 'bill_of_lading_no': '#D4488C', 'pre-carriage-by': '#9CE828', 'invoice_discount_amount': '#C58A83', 'beneficiary_address': '#5267EF', 'rate_per_unit': '#B36CD0', 'original_or_copy': '#53F79E', 'hs_code_no': '#7EB022', 'bill_of_lading_date': '#BA6856', 'declaration_by_issuer': '#033C80', 'beneficiary_bank_identifier': '#1BFDC1', 'vessel_flight_no': '#3453F3', 'goods_description': '#43DEFB', 'incoterm': '#D54513', 'invoice_due_date': '#F1D01E', 'tenor_type': '#F00E14', 'country_of_origin_of_goods': '#FCD980', 'invoice_no': '#F77887', 'cosignee_name': '#4AB7DF', 'total_quantity_of_goods': '#415DA8', 'consignor_address': '#8A76E0', 'invoice_tax_ccy': '#3AA053', 'gross_weight': '#1AA48C', 'notify_party_name': '#97AA70', 'dimension': '#81FE62', 'consignor_name': '#F26F29', 'indicator_type': '#B8E3FD', 'invoice_tax_amount': '#8279D5', 'country_of_final_destination': '#BC375E', 'usance_tenor': '#F871BB', 'date_of_invoice': '#0CD6F2', 'invoice_currency': '#CBCCD6', 'invoice_amount_in_words': '#C9F37A', 'awb_number': '#633ACD', 'awb_date': '#CA452A', 'lc_ref_no': '#E6CF5C', 'vessel_name': '#190199', 'net_weight': '#D1CF6D', 'beneficiary_country': '#E889FC', 'beneficiary_drawer_exporter_seller_supplier_tin': '#DC5F05', 'remitter_drawee_applicant_importer_buyer_name': '#031D08', 'transaction_date': '#8AAFE3', 'shipper_name': '#8E75CC', 'indicator_date': '#D2F40B', 'beneficiary_bank_country': '#BAE289', 'shipper_address': '#88E2D4', 'signature_of_the_issuer': '#3540E4', 'tenor_indicator': '#A2CD3F', 'delivery_terms': '#1F7DA6', 'transaction_currency': '#5AA96D', 'beneficiary_drawer_exporter_seller_supplier_name': '#A0A23F', 'page_no': '#F0B204', 'consignor_country': '#BE3604', 'beneficiary_bank_name': '#3916E3', 'lc_date': '#71E78F', 'invoice_discount_ccy': '#1C57E2', 'transaction_amonunt_value': '#9A92E9', 'stamp': '#647F1B', 'notify_party_address': '#CE3A76', 'invoice_amount': '#17F5FE', 'port_of_discharge': '#B78158'}
2024-01-30 13:44:40,402 is result_set is instance of dict? True
2024-01-30 13:44:40,404 is final_result_set is instance of dict? True
2024-01-30 13:44:40,442 Time taken for page 1 of Invoice_939_7.png:0:00:01.323254
2024-01-30 13:44:40,564 *****Generated All Pages****** for Invoice_939_7.png
2024-01-30 13:44:40,564 RAM memory 66.4 used for Invoice_939_7.png Generating All Pages:
2024-01-30 13:44:40,564 Processing time taken for all pages of Invoice_939_7.png1:0:00:01.446651
2024-01-30 13:44:40,736 file name is:Proforma_Invoice_82_0.png
2024-01-30 13:44:40,736 folder path :Images
2024-01-30 13:44:40,736 Calling Image result
2024-01-30 13:44:40,736 is all_page_result is instance of dict? True
2024-01-30 13:44:40,737 STREAM b'IHDR' 16 13
2024-01-30 13:44:40,737 STREAM b'IDAT' 41 30988
2024-01-30 13:44:40,756 is words is instance of list? True
2024-01-30 13:44:40,756 is bboxes is instance of list? True
2024-01-30 13:44:40,756 is bounding_boxes is instance of list? True
2024-01-30 13:44:40,941 is input_id_chunks is instance of list? True
2024-01-30 13:44:40,941 is mask_chunks is instance of list? True
2024-01-30 13:44:40,941 is bbox_chunks is instance of list? True
2024-01-30 13:44:40,941 is image_chunks is instance of list? True
2024-01-30 13:44:40,942 is input_dict is instance of dict? True
2024-01-30 13:44:41,642 Model Called
2024-01-30 13:44:41,642 RAM memory 63.8 used for Proforma_Invoice_82_0.png:
2024-01-30 13:44:41,642 is all_predictions is instance of list? True
2024-01-30 13:44:41,642 is all_boxes is instance of list? True
2024-01-30 13:44:41,642 is all_confidences is instance of list? True
2024-01-30 13:44:41,642 is all_text is instance of list? True
2024-01-30 13:44:41,642 is label2id is instance of dict? True
2024-01-30 13:44:41,642 is id2label is instance of dict? True
2024-01-30 13:44:41,643 is label2color is instance of dict? True
2024-01-30 13:44:41,643 label2color : {'signature': '#C7B450', 'remitter_address': '#1F23C3', 'O': '#4C6204', 'notify_party_country': '#241ACB', 'port_of_loading': '#151D48', 'beneficiary_account_number': '#B948C4', 'consignee_address': '#25AFFE', 'beneficiary_iban_number': '#8F1831', 'bill_of_lading_no': '#28923B', 'pre-carriage-by': '#9ED9DB', 'invoice_discount_amount': '#281062', 'beneficiary_address': '#15DEE1', 'rate_per_unit': '#42D21E', 'original_or_copy': '#EFACB2', 'hs_code_no': '#06A938', 'bill_of_lading_date': '#FA8D93', 'declaration_by_issuer': '#D520ED', 'beneficiary_bank_identifier': '#927A99', 'vessel_flight_no': '#BC29A3', 'goods_description': '#69FC7F', 'incoterm': '#0E7B9D', 'invoice_due_date': '#D3759F', 'tenor_type': '#41AE2E', 'country_of_origin_of_goods': '#627356', 'invoice_no': '#F544F1', 'cosignee_name': '#3C1294', 'total_quantity_of_goods': '#639512', 'consignor_address': '#596A48', 'invoice_tax_ccy': '#F12686', 'gross_weight': '#5884FB', 'notify_party_name': '#107397', 'dimension': '#057D10', 'consignor_name': '#A191B6', 'indicator_type': '#51583F', 'invoice_tax_amount': '#6DA905', 'country_of_final_destination': '#22E0EC', 'usance_tenor': '#17E7ED', 'date_of_invoice': '#C1C963', 'invoice_currency': '#DDDA78', 'invoice_amount_in_words': '#BBD825', 'awb_number': '#90A8C8', 'awb_date': '#278304', 'lc_ref_no': '#7CB5DE', 'vessel_name': '#ED19F3', 'net_weight': '#95003E', 'beneficiary_country': '#FDF84F', 'beneficiary_drawer_exporter_seller_supplier_tin': '#AF233F', 'remitter_drawee_applicant_importer_buyer_name': '#36346B', 'transaction_date': '#9D9F3C', 'shipper_name': '#87F99A', 'indicator_date': '#F53E99', 'beneficiary_bank_country': '#12B0AC', 'shipper_address': '#EB42B2', 'signature_of_the_issuer': '#7D2155', 'tenor_indicator': '#9FEB0D', 'delivery_terms': '#FF5EA0', 'transaction_currency': '#EF192F', 'beneficiary_drawer_exporter_seller_supplier_name': '#61983D', 'page_no': '#628A96', 'consignor_country': '#997450', 'beneficiary_bank_name': '#E7A881', 'lc_date': '#31D537', 'invoice_discount_ccy': '#A7BFC5', 'transaction_amonunt_value': '#79A5F6', 'stamp': '#ACFE6F', 'notify_party_address': '#215435', 'invoice_amount': '#CFA7FF', 'port_of_discharge': '#9FADFB'}
2024-01-30 13:44:41,767 is result_set is instance of dict? True
2024-01-30 13:44:41,767 is final_result_set is instance of dict? True
2024-01-30 13:44:41,793 Time taken for page 1 of Proforma_Invoice_82_0.png:0:00:01.055969
2024-01-30 13:44:41,930 *****Generated All Pages****** for Proforma_Invoice_82_0.png
2024-01-30 13:44:41,930 RAM memory 63.6 used for Proforma_Invoice_82_0.png Generating All Pages:
2024-01-30 13:44:41,930 Processing time taken for all pages of Proforma_Invoice_82_0.png1:0:00:01.193913
2024-01-30 13:44:42,078 file name is:Proforma_Invoice_272_6.png
2024-01-30 13:44:42,078 folder path :Images
2024-01-30 13:44:42,078 Calling Image result
2024-01-30 13:44:42,078 is all_page_result is instance of dict? True
2024-01-30 13:44:42,078 STREAM b'IHDR' 16 13
2024-01-30 13:44:42,079 STREAM b'IDAT' 41 23911
2024-01-30 13:44:42,097 is words is instance of list? True
2024-01-30 13:44:42,097 is bboxes is instance of list? True
2024-01-30 13:44:42,097 is bounding_boxes is instance of list? True
2024-01-30 13:44:42,281 is input_id_chunks is instance of list? True
2024-01-30 13:44:42,281 is mask_chunks is instance of list? True
2024-01-30 13:44:42,281 is bbox_chunks is instance of list? True
2024-01-30 13:44:42,281 is image_chunks is instance of list? True
2024-01-30 13:44:42,281 is input_dict is instance of dict? True
2024-01-30 13:44:42,985 Model Called
2024-01-30 13:44:42,985 RAM memory 64.1 used for Proforma_Invoice_272_6.png:
2024-01-30 13:44:42,985 is all_predictions is instance of list? True
2024-01-30 13:44:42,985 is all_boxes is instance of list? True
2024-01-30 13:44:42,985 is all_confidences is instance of list? True
2024-01-30 13:44:42,985 is all_text is instance of list? True
2024-01-30 13:44:42,986 is label2id is instance of dict? True
2024-01-30 13:44:42,986 is id2label is instance of dict? True
2024-01-30 13:44:42,986 is label2color is instance of dict? True
2024-01-30 13:44:42,986 label2color : {'signature': '#428385', 'remitter_address': '#495B35', 'O': '#E7FD07', 'notify_party_country': '#DBA559', 'port_of_loading': '#D01F08', 'beneficiary_account_number': '#E723EE', 'consignee_address': '#157396', 'beneficiary_iban_number': '#923FA3', 'bill_of_lading_no': '#9B6DFA', 'pre-carriage-by': '#4B5116', 'invoice_discount_amount': '#9896F9', 'beneficiary_address': '#96ABBE', 'rate_per_unit': '#F30B94', 'original_or_copy': '#D70F99', 'hs_code_no': '#FC7582', 'bill_of_lading_date': '#61EFC2', 'declaration_by_issuer': '#0694B0', 'beneficiary_bank_identifier': '#CFA4EB', 'vessel_flight_no': '#27A038', 'goods_description': '#123513', 'incoterm': '#493581', 'invoice_due_date': '#0FDB51', 'tenor_type': '#DDFACA', 'country_of_origin_of_goods': '#930155', 'invoice_no': '#ECA31F', 'cosignee_name': '#BDF822', 'total_quantity_of_goods': '#C31AEA', 'consignor_address': '#C668A3', 'invoice_tax_ccy': '#494E3E', 'gross_weight': '#CC0CFD', 'notify_party_name': '#65C8F1', 'dimension': '#D812B8', 'consignor_name': '#828AC0', 'indicator_type': '#196164', 'invoice_tax_amount': '#6085AD', 'country_of_final_destination': '#260C67', 'usance_tenor': '#A65D57', 'date_of_invoice': '#09AF24', 'invoice_currency': '#20D41F', 'invoice_amount_in_words': '#EDD9A3', 'awb_number': '#7686CA', 'awb_date': '#EB6400', 'lc_ref_no': '#B31280', 'vessel_name': '#07876C', 'net_weight': '#EF6860', 'beneficiary_country': '#10F229', 'beneficiary_drawer_exporter_seller_supplier_tin': '#B10098', 'remitter_drawee_applicant_importer_buyer_name': '#5CB731', 'transaction_date': '#877027', 'shipper_name': '#EF3EF7', 'indicator_date': '#942DCC', 'beneficiary_bank_country': '#E303A0', 'shipper_address': '#302EBD', 'signature_of_the_issuer': '#696DE2', 'tenor_indicator': '#549221', 'delivery_terms': '#73E82B', 'transaction_currency': '#AC0210', 'beneficiary_drawer_exporter_seller_supplier_name': '#268575', 'page_no': '#42716D', 'consignor_country': '#4D6568', 'beneficiary_bank_name': '#ACD1A1', 'lc_date': '#839A90', 'invoice_discount_ccy': '#ADB039', 'transaction_amonunt_value': '#B56CF8', 'stamp': '#6C4309', 'notify_party_address': '#756911', 'invoice_amount': '#D51EBF', 'port_of_discharge': '#98C2B6'}
2024-01-30 13:44:43,110 is result_set is instance of dict? True
2024-01-30 13:44:43,110 is final_result_set is instance of dict? True
2024-01-30 13:44:43,118 Time taken for page 1 of Proforma_Invoice_272_6.png:0:00:01.039508
2024-01-30 13:44:43,214 *****Generated All Pages****** for Proforma_Invoice_272_6.png
2024-01-30 13:44:43,214 RAM memory 64.2 used for Proforma_Invoice_272_6.png Generating All Pages:
2024-01-30 13:44:43,214 Processing time taken for all pages of Proforma_Invoice_272_6.png1:0:00:01.136227
2024-01-30 13:44:43,361 file name is:Proforma_Invoice_377_0.png
2024-01-30 13:44:43,361 folder path :Images
2024-01-30 13:44:43,361 Calling Image result
2024-01-30 13:44:43,361 is all_page_result is instance of dict? True
2024-01-30 13:44:43,361 STREAM b'IHDR' 16 13
2024-01-30 13:44:43,361 STREAM b'IDAT' 41 17603
2024-01-30 13:44:43,455 is words is instance of list? True
2024-01-30 13:44:43,455 is bboxes is instance of list? True
2024-01-30 13:44:43,456 is bounding_boxes is instance of list? True
2024-01-30 13:44:43,566 is input_id_chunks is instance of list? True
2024-01-30 13:44:43,566 is mask_chunks is instance of list? True
2024-01-30 13:44:43,566 is bbox_chunks is instance of list? True
2024-01-30 13:44:43,566 is image_chunks is instance of list? True
2024-01-30 13:44:43,566 is input_dict is instance of dict? True
2024-01-30 13:44:44,291 Model Called
2024-01-30 13:44:44,292 RAM memory 64.6 used for Proforma_Invoice_377_0.png:
2024-01-30 13:44:44,292 is all_predictions is instance of list? True
2024-01-30 13:44:44,292 is all_boxes is instance of list? True
2024-01-30 13:44:44,292 is all_confidences is instance of list? True
2024-01-30 13:44:44,292 is all_text is instance of list? True
2024-01-30 13:44:44,292 is label2id is instance of dict? True
2024-01-30 13:44:44,292 is id2label is instance of dict? True
2024-01-30 13:44:44,293 is label2color is instance of dict? True
2024-01-30 13:44:44,293 label2color : {'signature': '#D8E2E3', 'remitter_address': '#E91C79', 'O': '#D27020', 'notify_party_country': '#CF470C', 'port_of_loading': '#211B93', 'beneficiary_account_number': '#BBB237', 'consignee_address': '#357F96', 'beneficiary_iban_number': '#6EE294', 'bill_of_lading_no': '#1900D1', 'pre-carriage-by': '#04209B', 'invoice_discount_amount': '#4B56E0', 'beneficiary_address': '#E4EE9A', 'rate_per_unit': '#2544CD', 'original_or_copy': '#F88D6F', 'hs_code_no': '#36F161', 'bill_of_lading_date': '#54A0A4', 'declaration_by_issuer': '#48D75E', 'beneficiary_bank_identifier': '#34D23E', 'vessel_flight_no': '#BCD2CB', 'goods_description': '#9BC274', 'incoterm': '#2F10C5', 'invoice_due_date': '#AF63EC', 'tenor_type': '#A8C560', 'country_of_origin_of_goods': '#BE8976', 'invoice_no': '#9196E3', 'cosignee_name': '#3AC04E', 'total_quantity_of_goods': '#689CE9', 'consignor_address': '#FDBF10', 'invoice_tax_ccy': '#1E4235', 'gross_weight': '#6D9CA0', 'notify_party_name': '#6999F9', 'dimension': '#72949C', 'consignor_name': '#8B2C0B', 'indicator_type': '#CBB630', 'invoice_tax_amount': '#086ED5', 'country_of_final_destination': '#78952C', 'usance_tenor': '#815FEB', 'date_of_invoice': '#9021D2', 'invoice_currency': '#A0077D', 'invoice_amount_in_words': '#9D37CA', 'awb_number': '#FF9143', 'awb_date': '#F8285A', 'lc_ref_no': '#FA14A5', 'vessel_name': '#15E283', 'net_weight': '#8C8887', 'beneficiary_country': '#A155AB', 'beneficiary_drawer_exporter_seller_supplier_tin': '#F7AD53', 'remitter_drawee_applicant_importer_buyer_name': '#78AC41', 'transaction_date': '#7B4AC3', 'shipper_name': '#D8858F', 'indicator_date': '#83B79A', 'beneficiary_bank_country': '#2CAF30', 'shipper_address': '#519E2E', 'signature_of_the_issuer': '#B7C03E', 'tenor_indicator': '#533FEE', 'delivery_terms': '#41CA25', 'transaction_currency': '#F42DAC', 'beneficiary_drawer_exporter_seller_supplier_name': '#7DD7A1', 'page_no': '#46BF6B', 'consignor_country': '#A86C95', 'beneficiary_bank_name': '#F23F17', 'lc_date': '#2677BD', 'invoice_discount_ccy': '#73C172', 'transaction_amonunt_value': '#2D561F', 'stamp': '#010B6C', 'notify_party_address': '#63EED8', 'invoice_amount': '#D25E0A', 'port_of_discharge': '#C22A51'}
2024-01-30 13:44:44,391 is result_set is instance of dict? True
2024-01-30 13:44:44,391 is final_result_set is instance of dict? True
2024-01-30 13:44:44,410 Time taken for page 1 of Proforma_Invoice_377_0.png:0:00:01.048382
2024-01-30 13:44:44,481 *****Generated All Pages****** for Proforma_Invoice_377_0.png
2024-01-30 13:44:44,481 RAM memory 64.8 used for Proforma_Invoice_377_0.png Generating All Pages:
2024-01-30 13:44:44,481 Processing time taken for all pages of Proforma_Invoice_377_0.png1:0:00:01.120618
2024-01-30 13:44:44,646 file name is:Invoice_888_0.png
2024-01-30 13:44:44,647 folder path :Images
2024-01-30 13:44:44,647 Calling Image result
2024-01-30 13:44:44,647 is all_page_result is instance of dict? True
2024-01-30 13:44:44,647 STREAM b'IHDR' 16 13
2024-01-30 13:44:44,647 STREAM b'IDAT' 41 61077
2024-01-30 13:44:44,750 is words is instance of list? True
2024-01-30 13:44:44,750 is bboxes is instance of list? True
2024-01-30 13:44:44,750 is bounding_boxes is instance of list? True
2024-01-30 13:44:44,955 is input_id_chunks is instance of list? True
2024-01-30 13:44:44,956 is mask_chunks is instance of list? True
2024-01-30 13:44:44,956 is bbox_chunks is instance of list? True
2024-01-30 13:44:44,956 is image_chunks is instance of list? True
2024-01-30 13:44:44,956 is input_dict is instance of dict? True
2024-01-30 13:44:45,732 Model Called
2024-01-30 13:44:45,732 RAM memory 65.3 used for Invoice_888_0.png:
2024-01-30 13:44:45,732 is all_predictions is instance of list? True
2024-01-30 13:44:45,732 is all_boxes is instance of list? True
2024-01-30 13:44:45,732 is all_confidences is instance of list? True
2024-01-30 13:44:45,732 is all_text is instance of list? True
2024-01-30 13:44:45,733 is label2id is instance of dict? True
2024-01-30 13:44:45,733 is id2label is instance of dict? True
2024-01-30 13:44:45,733 is label2color is instance of dict? True
2024-01-30 13:44:45,733 label2color : {'signature': '#EB2466', 'remitter_address': '#5FAFDD', 'O': '#CF8012', 'notify_party_country': '#B19922', 'port_of_loading': '#6E7C10', 'beneficiary_account_number': '#2FF703', 'consignee_address': '#C34419', 'beneficiary_iban_number': '#7267F3', 'bill_of_lading_no': '#B8030A', 'pre-carriage-by': '#B8D051', 'invoice_discount_amount': '#0D4E79', 'beneficiary_address': '#0E59E5', 'rate_per_unit': '#59059C', 'original_or_copy': '#325261', 'hs_code_no': '#DD1A9E', 'bill_of_lading_date': '#03BEA5', 'declaration_by_issuer': '#3DD99F', 'beneficiary_bank_identifier': '#BC935A', 'vessel_flight_no': '#387027', 'goods_description': '#2E6440', 'incoterm': '#87F824', 'invoice_due_date': '#AB4154', 'tenor_type': '#C112AD', 'country_of_origin_of_goods': '#8F70D7', 'invoice_no': '#4065E7', 'cosignee_name': '#904A5D', 'total_quantity_of_goods': '#39A9EB', 'consignor_address': '#11B817', 'invoice_tax_ccy': '#02307A', 'gross_weight': '#1633A2', 'notify_party_name': '#B24843', 'dimension': '#972647', 'consignor_name': '#DCC906', 'indicator_type': '#37DE98', 'invoice_tax_amount': '#81A4BD', 'country_of_final_destination': '#AB9CF2', 'usance_tenor': '#1E340F', 'date_of_invoice': '#BD6011', 'invoice_currency': '#7C3D8B', 'invoice_amount_in_words': '#1C6C9F', 'awb_number': '#6CA3CC', 'awb_date': '#D84D26', 'lc_ref_no': '#24C238', 'vessel_name': '#18AAE7', 'net_weight': '#7BDA59', 'beneficiary_country': '#6D706B', 'beneficiary_drawer_exporter_seller_supplier_tin': '#9DC396', 'remitter_drawee_applicant_importer_buyer_name': '#899079', 'transaction_date': '#628747', 'shipper_name': '#EFAED6', 'indicator_date': '#57BFCF', 'beneficiary_bank_country': '#C48AEF', 'shipper_address': '#81DE1D', 'signature_of_the_issuer': '#730F41', 'tenor_indicator': '#687C7E', 'delivery_terms': '#177AB7', 'transaction_currency': '#B0D959', 'beneficiary_drawer_exporter_seller_supplier_name': '#BE63BD', 'page_no': '#EF923E', 'consignor_country': '#C05768', 'beneficiary_bank_name': '#93E25C', 'lc_date': '#605FA4', 'invoice_discount_ccy': '#C67C29', 'transaction_amonunt_value': '#B8197D', 'stamp': '#D93AC1', 'notify_party_address': '#9795A7', 'invoice_amount': '#D841AA', 'port_of_discharge': '#848CA9'}
2024-01-30 13:44:45,856 is result_set is instance of dict? True
2024-01-30 13:44:45,857 is final_result_set is instance of dict? True
2024-01-30 13:44:45,892 Time taken for page 1 of Invoice_888_0.png:0:00:01.244062
2024-01-30 13:44:46,036 *****Generated All Pages****** for Invoice_888_0.png
2024-01-30 13:44:46,036 RAM memory 65.5 used for Invoice_888_0.png Generating All Pages:
2024-01-30 13:44:46,036 Processing time taken for all pages of Invoice_888_0.png1:0:00:01.389274
2024-01-30 13:44:46,187 file name is:Invoice_852_0.png
2024-01-30 13:44:46,187 folder path :Images
2024-01-30 13:44:46,187 Calling Image result
2024-01-30 13:44:46,187 is all_page_result is instance of dict? True
2024-01-30 13:44:46,188 STREAM b'IHDR' 16 13
2024-01-30 13:44:46,188 STREAM b'IDAT' 41 36754
2024-01-30 13:44:46,283 is words is instance of list? True
2024-01-30 13:44:46,283 is bboxes is instance of list? True
2024-01-30 13:44:46,283 is bounding_boxes is instance of list? True
2024-01-30 13:44:46,471 is input_id_chunks is instance of list? True
2024-01-30 13:44:46,471 is mask_chunks is instance of list? True
2024-01-30 13:44:46,471 is bbox_chunks is instance of list? True
2024-01-30 13:44:46,471 is image_chunks is instance of list? True
2024-01-30 13:44:46,472 is input_dict is instance of dict? True
2024-01-30 13:44:47,270 Model Called
2024-01-30 13:44:47,271 RAM memory 65.6 used for Invoice_852_0.png:
2024-01-30 13:44:47,271 is all_predictions is instance of list? True
2024-01-30 13:44:47,271 is all_boxes is instance of list? True
2024-01-30 13:44:47,271 is all_confidences is instance of list? True
2024-01-30 13:44:47,271 is all_text is instance of list? True
2024-01-30 13:44:47,271 is label2id is instance of dict? True
2024-01-30 13:44:47,271 is id2label is instance of dict? True
2024-01-30 13:44:47,272 is label2color is instance of dict? True
2024-01-30 13:44:47,272 label2color : {'signature': '#C3532C', 'remitter_address': '#0BCF99', 'O': '#17CE6D', 'notify_party_country': '#F89536', 'port_of_loading': '#F60DCA', 'beneficiary_account_number': '#4783A8', 'consignee_address': '#547C55', 'beneficiary_iban_number': '#2C3D46', 'bill_of_lading_no': '#64F39B', 'pre-carriage-by': '#B1E455', 'invoice_discount_amount': '#048B6E', 'beneficiary_address': '#7AEA93', 'rate_per_unit': '#8566C2', 'original_or_copy': '#2BCD2E', 'hs_code_no': '#C136EB', 'bill_of_lading_date': '#793A2A', 'declaration_by_issuer': '#2041CC', 'beneficiary_bank_identifier': '#347AE1', 'vessel_flight_no': '#24B202', 'goods_description': '#CBE39D', 'incoterm': '#EF6F20', 'invoice_due_date': '#61A680', 'tenor_type': '#A99A63', 'country_of_origin_of_goods': '#0469DD', 'invoice_no': '#4D8BB5', 'cosignee_name': '#85B108', 'total_quantity_of_goods': '#E55A5E', 'consignor_address': '#A09B5B', 'invoice_tax_ccy': '#0668AD', 'gross_weight': '#B81936', 'notify_party_name': '#031A1E', 'dimension': '#E0869B', 'consignor_name': '#F4A58E', 'indicator_type': '#1A11BD', 'invoice_tax_amount': '#8B9474', 'country_of_final_destination': '#F2A36D', 'usance_tenor': '#120FA8', 'date_of_invoice': '#D57002', 'invoice_currency': '#C23BBD', 'invoice_amount_in_words': '#442D7D', 'awb_number': '#FB1379', 'awb_date': '#2EE806', 'lc_ref_no': '#E6DE41', 'vessel_name': '#7D8198', 'net_weight': '#A3F873', 'beneficiary_country': '#6D3A65', 'beneficiary_drawer_exporter_seller_supplier_tin': '#396353', 'remitter_drawee_applicant_importer_buyer_name': '#BA317C', 'transaction_date': '#B69D4D', 'shipper_name': '#D3F418', 'indicator_date': '#1E3A8A', 'beneficiary_bank_country': '#6F5190', 'shipper_address': '#B52812', 'signature_of_the_issuer': '#C75460', 'tenor_indicator': '#14A021', 'delivery_terms': '#3B9D3A', 'transaction_currency': '#66110E', 'beneficiary_drawer_exporter_seller_supplier_name': '#7C2C03', 'page_no': '#2E987D', 'consignor_country': '#D5E687', 'beneficiary_bank_name': '#7EB261', 'lc_date': '#DF26F2', 'invoice_discount_ccy': '#8C294A', 'transaction_amonunt_value': '#994375', 'stamp': '#645C6B', 'notify_party_address': '#AA8E82', 'invoice_amount': '#2F95B8', 'port_of_discharge': '#FFAB8C'}
2024-01-30 13:44:47,407 is result_set is instance of dict? True
2024-01-30 13:44:47,408 is final_result_set is instance of dict? True
2024-01-30 13:44:47,439 Time taken for page 1 of Invoice_852_0.png:0:00:01.250942
2024-01-30 13:44:47,567 *****Generated All Pages****** for Invoice_852_0.png
2024-01-30 13:44:47,567 RAM memory 63.5 used for Invoice_852_0.png Generating All Pages:
2024-01-30 13:44:47,567 Processing time taken for all pages of Invoice_852_0.png1:0:00:01.379646
2024-01-30 13:44:47,719 file name is:Invoice_981_19.png
2024-01-30 13:44:47,719 folder path :Images
2024-01-30 13:44:47,719 Calling Image result
2024-01-30 13:44:47,719 is all_page_result is instance of dict? True
2024-01-30 13:44:47,720 STREAM b'IHDR' 16 13
2024-01-30 13:44:47,720 STREAM b'IDAT' 41 51961
2024-01-30 13:44:47,820 is words is instance of list? True
2024-01-30 13:44:47,820 is bboxes is instance of list? True
2024-01-30 13:44:47,820 is bounding_boxes is instance of list? True
2024-01-30 13:44:48,010 is input_id_chunks is instance of list? True
2024-01-30 13:44:48,010 is mask_chunks is instance of list? True
2024-01-30 13:44:48,010 is bbox_chunks is instance of list? True
2024-01-30 13:44:48,010 is image_chunks is instance of list? True
2024-01-30 13:44:48,011 is input_dict is instance of dict? True
2024-01-30 13:44:49,541 Model Called
2024-01-30 13:44:49,542 RAM memory 68.8 used for Invoice_981_19.png:
2024-01-30 13:44:49,542 is all_predictions is instance of list? True
2024-01-30 13:44:49,542 is all_boxes is instance of list? True
2024-01-30 13:44:49,542 is all_confidences is instance of list? True
2024-01-30 13:44:49,542 is all_text is instance of list? True
2024-01-30 13:44:49,543 is label2id is instance of dict? True
2024-01-30 13:44:49,543 is id2label is instance of dict? True
2024-01-30 13:44:49,544 is label2color is instance of dict? True
2024-01-30 13:44:49,544 label2color : {'signature': '#9ECAE2', 'remitter_address': '#BBF3A6', 'O': '#7AFE7F', 'notify_party_country': '#5D84D4', 'port_of_loading': '#64B941', 'beneficiary_account_number': '#DA04F6', 'consignee_address': '#C9FFF7', 'beneficiary_iban_number': '#C63C9E', 'bill_of_lading_no': '#F4F529', 'pre-carriage-by': '#3CB27C', 'invoice_discount_amount': '#FAAB54', 'beneficiary_address': '#5A9FD7', 'rate_per_unit': '#1B2495', 'original_or_copy': '#5E7EC1', 'hs_code_no': '#805151', 'bill_of_lading_date': '#776DC2', 'declaration_by_issuer': '#C0EE7E', 'beneficiary_bank_identifier': '#BEBC0D', 'vessel_flight_no': '#B8670D', 'goods_description': '#63952D', 'incoterm': '#ED10CE', 'invoice_due_date': '#2C92E4', 'tenor_type': '#3F1A53', 'country_of_origin_of_goods': '#600284', 'invoice_no': '#7762FC', 'cosignee_name': '#F14240', 'total_quantity_of_goods': '#87B054', 'consignor_address': '#29BD6A', 'invoice_tax_ccy': '#11E19C', 'gross_weight': '#DD84B6', 'notify_party_name': '#61C8C9', 'dimension': '#07B033', 'consignor_name': '#CA4C67', 'indicator_type': '#FEA3AB', 'invoice_tax_amount': '#E12B0E', 'country_of_final_destination': '#8D3A3E', 'usance_tenor': '#284D53', 'date_of_invoice': '#BAC4AF', 'invoice_currency': '#A67606', 'invoice_amount_in_words': '#40B3F2', 'awb_number': '#3CEC13', 'awb_date': '#0B4F1C', 'lc_ref_no': '#268599', 'vessel_name': '#2B51E4', 'net_weight': '#39B0CA', 'beneficiary_country': '#8D95E0', 'beneficiary_drawer_exporter_seller_supplier_tin': '#69DDC1', 'remitter_drawee_applicant_importer_buyer_name': '#507952', 'transaction_date': '#EC9592', 'shipper_name': '#F1BD43', 'indicator_date': '#0CAD0E', 'beneficiary_bank_country': '#BCC798', 'shipper_address': '#3FF8C4', 'signature_of_the_issuer': '#5B1C2B', 'tenor_indicator': '#D82A5A', 'delivery_terms': '#1DAF49', 'transaction_currency': '#1F734D', 'beneficiary_drawer_exporter_seller_supplier_name': '#6C1CD8', 'page_no': '#EFDAF5', 'consignor_country': '#6D6B78', 'beneficiary_bank_name': '#77A214', 'lc_date': '#425DA9', 'invoice_discount_ccy': '#6D87E6', 'transaction_amonunt_value': '#D296E7', 'stamp': '#E2C3E4', 'notify_party_address': '#FDACFF', 'invoice_amount': '#43AF37', 'port_of_discharge': '#7994A8'}
2024-01-30 13:44:49,807 is result_set is instance of dict? True
2024-01-30 13:44:49,808 is final_result_set is instance of dict? True
2024-01-30 13:44:49,844 Time taken for page 1 of Invoice_981_19.png:0:00:02.123741
2024-01-30 13:44:49,987 *****Generated All Pages****** for Invoice_981_19.png
2024-01-30 13:44:49,987 RAM memory 69.2 used for Invoice_981_19.png Generating All Pages:
2024-01-30 13:44:49,987 Processing time taken for all pages of Invoice_981_19.png1:0:00:02.268542
2024-01-30 13:44:50,169 file name is:Invoice_969_8.png
2024-01-30 13:44:50,170 folder path :Images
2024-01-30 13:44:50,170 Calling Image result
2024-01-30 13:44:50,170 is all_page_result is instance of dict? True
2024-01-30 13:44:50,170 STREAM b'IHDR' 16 13
2024-01-30 13:44:50,170 STREAM b'IDAT' 41 46441
2024-01-30 13:44:50,194 is words is instance of list? True
2024-01-30 13:44:50,194 is bboxes is instance of list? True
2024-01-30 13:44:50,194 is bounding_boxes is instance of list? True
2024-01-30 13:44:50,374 is input_id_chunks is instance of list? True
2024-01-30 13:44:50,374 is mask_chunks is instance of list? True
2024-01-30 13:44:50,374 is bbox_chunks is instance of list? True
2024-01-30 13:44:50,374 is image_chunks is instance of list? True
2024-01-30 13:44:50,375 is input_dict is instance of dict? True
2024-01-30 13:44:51,997 Model Called
2024-01-30 13:44:51,997 RAM memory 69.5 used for Invoice_969_8.png:
2024-01-30 13:44:51,997 is all_predictions is instance of list? True
2024-01-30 13:44:51,997 is all_boxes is instance of list? True
2024-01-30 13:44:51,997 is all_confidences is instance of list? True
2024-01-30 13:44:51,997 is all_text is instance of list? True
2024-01-30 13:44:51,998 is label2id is instance of dict? True
2024-01-30 13:44:51,998 is id2label is instance of dict? True
2024-01-30 13:44:51,998 is label2color is instance of dict? True
2024-01-30 13:44:51,999 label2color : {'signature': '#CF0534', 'remitter_address': '#929210', 'O': '#D8931E', 'notify_party_country': '#BCC2CD', 'port_of_loading': '#C82EEE', 'beneficiary_account_number': '#6F40C6', 'consignee_address': '#35C83A', 'beneficiary_iban_number': '#FB0F48', 'bill_of_lading_no': '#0F9E8C', 'pre-carriage-by': '#A985C3', 'invoice_discount_amount': '#62A842', 'beneficiary_address': '#F40024', 'rate_per_unit': '#C82512', 'original_or_copy': '#8BAD05', 'hs_code_no': '#BCD92C', 'bill_of_lading_date': '#3F1995', 'declaration_by_issuer': '#F715D4', 'beneficiary_bank_identifier': '#E7878A', 'vessel_flight_no': '#8B5A23', 'goods_description': '#9390B7', 'incoterm': '#5498BE', 'invoice_due_date': '#D6CCA6', 'tenor_type': '#6408CC', 'country_of_origin_of_goods': '#FF7674', 'invoice_no': '#E38983', 'cosignee_name': '#49744F', 'total_quantity_of_goods': '#731842', 'consignor_address': '#877286', 'invoice_tax_ccy': '#9B7F15', 'gross_weight': '#27F7F1', 'notify_party_name': '#ADEDFB', 'dimension': '#297DC4', 'consignor_name': '#C57BD3', 'indicator_type': '#792A03', 'invoice_tax_amount': '#80CDAD', 'country_of_final_destination': '#1E1501', 'usance_tenor': '#00CB3A', 'date_of_invoice': '#7D12AC', 'invoice_currency': '#2CBAD8', 'invoice_amount_in_words': '#AB984C', 'awb_number': '#2DB9D8', 'awb_date': '#6D110D', 'lc_ref_no': '#67F72E', 'vessel_name': '#C2E0FD', 'net_weight': '#299261', 'beneficiary_country': '#9917F0', 'beneficiary_drawer_exporter_seller_supplier_tin': '#FE7370', 'remitter_drawee_applicant_importer_buyer_name': '#6F1DF4', 'transaction_date': '#5049DA', 'shipper_name': '#2D5828', 'indicator_date': '#1DAE25', 'beneficiary_bank_country': '#F6E5E2', 'shipper_address': '#8814D5', 'signature_of_the_issuer': '#E6C70A', 'tenor_indicator': '#98485C', 'delivery_terms': '#5CECE8', 'transaction_currency': '#C22190', 'beneficiary_drawer_exporter_seller_supplier_name': '#624C4D', 'page_no': '#3056D8', 'consignor_country': '#F1CD7C', 'beneficiary_bank_name': '#19F9D4', 'lc_date': '#84BD93', 'invoice_discount_ccy': '#CB8EED', 'transaction_amonunt_value': '#E8669D', 'stamp': '#4658FA', 'notify_party_address': '#B2F770', 'invoice_amount': '#653673', 'port_of_discharge': '#C68117'}
2024-01-30 13:44:52,259 is result_set is instance of dict? True
2024-01-30 13:44:52,260 is final_result_set is instance of dict? True
2024-01-30 13:44:52,288 Time taken for page 1 of Invoice_969_8.png:0:00:02.117595
2024-01-30 13:44:52,430 *****Generated All Pages****** for Invoice_969_8.png
2024-01-30 13:44:52,430 RAM memory 67.4 used for Invoice_969_8.png Generating All Pages:
2024-01-30 13:44:52,430 Processing time taken for all pages of Invoice_969_8.png1:0:00:02.260671
2024-01-30 13:44:52,597 file name is:Invoice_571_5.png
2024-01-30 13:44:52,597 folder path :Images
2024-01-30 13:44:52,597 Calling Image result
2024-01-30 13:44:52,597 is all_page_result is instance of dict? True
2024-01-30 13:44:52,679 STREAM b'IHDR' 16 13
2024-01-30 13:44:52,679 STREAM b'IDAT' 41 41633
2024-01-30 13:44:52,700 is words is instance of list? True
2024-01-30 13:44:52,701 is bboxes is instance of list? True
2024-01-30 13:44:52,701 is bounding_boxes is instance of list? True
2024-01-30 13:44:52,905 is input_id_chunks is instance of list? True
2024-01-30 13:44:52,905 is mask_chunks is instance of list? True
2024-01-30 13:44:52,905 is bbox_chunks is instance of list? True
2024-01-30 13:44:52,905 is image_chunks is instance of list? True
2024-01-30 13:44:52,905 is input_dict is instance of dict? True
2024-01-30 13:44:53,681 Model Called
2024-01-30 13:44:53,682 RAM memory 66.0 used for Invoice_571_5.png:
2024-01-30 13:44:53,682 is all_predictions is instance of list? True
2024-01-30 13:44:53,682 is all_boxes is instance of list? True
2024-01-30 13:44:53,682 is all_confidences is instance of list? True
2024-01-30 13:44:53,682 is all_text is instance of list? True
2024-01-30 13:44:53,682 is label2id is instance of dict? True
2024-01-30 13:44:53,683 is id2label is instance of dict? True
2024-01-30 13:44:53,684 is label2color is instance of dict? True
2024-01-30 13:44:53,684 label2color : {'signature': '#764CD8', 'remitter_address': '#431CF6', 'O': '#DF7A03', 'notify_party_country': '#207258', 'port_of_loading': '#4B1BF2', 'beneficiary_account_number': '#F7B564', 'consignee_address': '#661D34', 'beneficiary_iban_number': '#C2A668', 'bill_of_lading_no': '#9690D4', 'pre-carriage-by': '#62E1AA', 'invoice_discount_amount': '#D40BBE', 'beneficiary_address': '#6B13D9', 'rate_per_unit': '#D9DF2D', 'original_or_copy': '#1D822C', 'hs_code_no': '#0573FD', 'bill_of_lading_date': '#7F0391', 'declaration_by_issuer': '#BA5D8E', 'beneficiary_bank_identifier': '#917184', 'vessel_flight_no': '#D7FBAA', 'goods_description': '#924CB2', 'incoterm': '#624351', 'invoice_due_date': '#BF8D25', 'tenor_type': '#8E33A9', 'country_of_origin_of_goods': '#E11581', 'invoice_no': '#54CA1C', 'cosignee_name': '#612948', 'total_quantity_of_goods': '#208F4B', 'consignor_address': '#7D5101', 'invoice_tax_ccy': '#049BE8', 'gross_weight': '#3F30D9', 'notify_party_name': '#A583E8', 'dimension': '#F6F401', 'consignor_name': '#74E850', 'indicator_type': '#7D2E10', 'invoice_tax_amount': '#61E6CC', 'country_of_final_destination': '#EE1E62', 'usance_tenor': '#84CE85', 'date_of_invoice': '#BD38A9', 'invoice_currency': '#9B4AC7', 'invoice_amount_in_words': '#D790E3', 'awb_number': '#34B27A', 'awb_date': '#EB7015', 'lc_ref_no': '#378038', 'vessel_name': '#3EC3EF', 'net_weight': '#3BB2F1', 'beneficiary_country': '#BC1784', 'beneficiary_drawer_exporter_seller_supplier_tin': '#2224BE', 'remitter_drawee_applicant_importer_buyer_name': '#A47FF3', 'transaction_date': '#0F3A7A', 'shipper_name': '#48105F', 'indicator_date': '#FDA685', 'beneficiary_bank_country': '#D5281E', 'shipper_address': '#BBBAF2', 'signature_of_the_issuer': '#7E95A4', 'tenor_indicator': '#D4F731', 'delivery_terms': '#026CE2', 'transaction_currency': '#EF2748', 'beneficiary_drawer_exporter_seller_supplier_name': '#BECE70', 'page_no': '#98D2EE', 'consignor_country': '#C42914', 'beneficiary_bank_name': '#25154D', 'lc_date': '#C1464E', 'invoice_discount_ccy': '#73602B', 'transaction_amonunt_value': '#D91457', 'stamp': '#CFAB09', 'notify_party_address': '#DBCD30', 'invoice_amount': '#B743EF', 'port_of_discharge': '#9B771E'}
2024-01-30 13:44:53,891 is result_set is instance of dict? True
2024-01-30 13:44:53,893 is final_result_set is instance of dict? True
2024-01-30 13:44:53,943 Time taken for page 1 of Invoice_571_5.png:0:00:01.263888
2024-01-30 13:44:54,069 *****Generated All Pages****** for Invoice_571_5.png
2024-01-30 13:44:54,069 RAM memory 66.3 used for Invoice_571_5.png Generating All Pages:
2024-01-30 13:44:54,069 Processing time taken for all pages of Invoice_571_5.png1:0:00:01.471834
2024-01-30 13:44:54,232 file name is:Invoice_952_9.png
2024-01-30 13:44:54,233 folder path :Images
2024-01-30 13:44:54,233 Calling Image result
2024-01-30 13:44:54,233 is all_page_result is instance of dict? True
2024-01-30 13:44:54,233 STREAM b'IHDR' 16 13
2024-01-30 13:44:54,233 STREAM b'IDAT' 41 40461
2024-01-30 13:44:54,254 is words is instance of list? True
2024-01-30 13:44:54,254 is bboxes is instance of list? True
2024-01-30 13:44:54,254 is bounding_boxes is instance of list? True
2024-01-30 13:44:54,435 is input_id_chunks is instance of list? True
2024-01-30 13:44:54,435 is mask_chunks is instance of list? True
2024-01-30 13:44:54,435 is bbox_chunks is instance of list? True
2024-01-30 13:44:54,435 is image_chunks is instance of list? True
2024-01-30 13:44:54,436 is input_dict is instance of dict? True
2024-01-30 13:44:55,206 Model Called
2024-01-30 13:44:55,207 RAM memory 65.0 used for Invoice_952_9.png:
2024-01-30 13:44:55,207 is all_predictions is instance of list? True
2024-01-30 13:44:55,207 is all_boxes is instance of list? True
2024-01-30 13:44:55,207 is all_confidences is instance of list? True
2024-01-30 13:44:55,207 is all_text is instance of list? True
2024-01-30 13:44:55,207 is label2id is instance of dict? True
2024-01-30 13:44:55,207 is id2label is instance of dict? True
2024-01-30 13:44:55,208 is label2color is instance of dict? True
2024-01-30 13:44:55,208 label2color : {'signature': '#163983', 'remitter_address': '#AF41B5', 'O': '#2FBD5D', 'notify_party_country': '#947E87', 'port_of_loading': '#1BEE16', 'beneficiary_account_number': '#9136FB', 'consignee_address': '#CADC90', 'beneficiary_iban_number': '#69AD59', 'bill_of_lading_no': '#CFB757', 'pre-carriage-by': '#6D56F5', 'invoice_discount_amount': '#D83646', 'beneficiary_address': '#D9586F', 'rate_per_unit': '#F3986E', 'original_or_copy': '#3E8246', 'hs_code_no': '#349D5C', 'bill_of_lading_date': '#CFD952', 'declaration_by_issuer': '#ABA47F', 'beneficiary_bank_identifier': '#9A3323', 'vessel_flight_no': '#8BD1D8', 'goods_description': '#5684C9', 'incoterm': '#C6208A', 'invoice_due_date': '#602FF8', 'tenor_type': '#5B3A9B', 'country_of_origin_of_goods': '#C70B42', 'invoice_no': '#EA2A99', 'cosignee_name': '#684576', 'total_quantity_of_goods': '#22E7F1', 'consignor_address': '#2DC237', 'invoice_tax_ccy': '#1F201A', 'gross_weight': '#A5B8D8', 'notify_party_name': '#328B4A', 'dimension': '#A7B862', 'consignor_name': '#1F6135', 'indicator_type': '#88C01D', 'invoice_tax_amount': '#45CFDC', 'country_of_final_destination': '#1450AA', 'usance_tenor': '#356F9B', 'date_of_invoice': '#33F7A9', 'invoice_currency': '#8294FC', 'invoice_amount_in_words': '#F40231', 'awb_number': '#15FCE0', 'awb_date': '#C10F08', 'lc_ref_no': '#3EBAAD', 'vessel_name': '#6485AB', 'net_weight': '#D97495', 'beneficiary_country': '#214AAE', 'beneficiary_drawer_exporter_seller_supplier_tin': '#8D55BE', 'remitter_drawee_applicant_importer_buyer_name': '#E2C825', 'transaction_date': '#815493', 'shipper_name': '#FB25A6', 'indicator_date': '#EEFC03', 'beneficiary_bank_country': '#D45CFB', 'shipper_address': '#82F5A5', 'signature_of_the_issuer': '#BCA5A4', 'tenor_indicator': '#84F5BA', 'delivery_terms': '#39BEA6', 'transaction_currency': '#A5E192', 'beneficiary_drawer_exporter_seller_supplier_name': '#2AD2E6', 'page_no': '#9CF4F9', 'consignor_country': '#0DF7A7', 'beneficiary_bank_name': '#036821', 'lc_date': '#599E68', 'invoice_discount_ccy': '#5E8B64', 'transaction_amonunt_value': '#2E00C6', 'stamp': '#56EAFD', 'notify_party_address': '#F375D9', 'invoice_amount': '#F36685', 'port_of_discharge': '#567426'}
2024-01-30 13:44:55,366 is result_set is instance of dict? True
2024-01-30 13:44:55,367 is final_result_set is instance of dict? True
2024-01-30 13:44:55,401 Time taken for page 1 of Invoice_952_9.png:0:00:01.167321
2024-01-30 13:44:55,530 *****Generated All Pages****** for Invoice_952_9.png
2024-01-30 13:44:55,530 RAM memory 65.2 used for Invoice_952_9.png Generating All Pages:
2024-01-30 13:44:55,530 Processing time taken for all pages of Invoice_952_9.png1:0:00:01.297208
2024-01-30 13:44:55,688 file name is:Proforma_Invoice_361_1.png
2024-01-30 13:44:55,688 folder path :Images
2024-01-30 13:44:55,688 Calling Image result
2024-01-30 13:44:55,688 is all_page_result is instance of dict? True
2024-01-30 13:44:55,689 STREAM b'IHDR' 16 13
2024-01-30 13:44:55,689 STREAM b'IDAT' 41 44296
2024-01-30 13:44:55,709 is words is instance of list? True
2024-01-30 13:44:55,709 is bboxes is instance of list? True
2024-01-30 13:44:55,709 is bounding_boxes is instance of list? True
2024-01-30 13:44:55,911 is input_id_chunks is instance of list? True
2024-01-30 13:44:55,911 is mask_chunks is instance of list? True
2024-01-30 13:44:55,911 is bbox_chunks is instance of list? True
2024-01-30 13:44:55,912 is image_chunks is instance of list? True
2024-01-30 13:44:55,912 is input_dict is instance of dict? True
2024-01-30 13:44:56,708 Model Called
2024-01-30 13:44:56,708 RAM memory 65.7 used for Proforma_Invoice_361_1.png:
2024-01-30 13:44:56,708 is all_predictions is instance of list? True
2024-01-30 13:44:56,708 is all_boxes is instance of list? True
2024-01-30 13:44:56,708 is all_confidences is instance of list? True
2024-01-30 13:44:56,708 is all_text is instance of list? True
2024-01-30 13:44:56,709 is label2id is instance of dict? True
2024-01-30 13:44:56,709 is id2label is instance of dict? True
2024-01-30 13:44:56,710 is label2color is instance of dict? True
2024-01-30 13:44:56,710 label2color : {'signature': '#80591E', 'remitter_address': '#F36096', 'O': '#F153DB', 'notify_party_country': '#125479', 'port_of_loading': '#8CF24F', 'beneficiary_account_number': '#4011BD', 'consignee_address': '#31E8AD', 'beneficiary_iban_number': '#3B1157', 'bill_of_lading_no': '#F7E155', 'pre-carriage-by': '#F5CE5F', 'invoice_discount_amount': '#E48492', 'beneficiary_address': '#1BC39E', 'rate_per_unit': '#4459D1', 'original_or_copy': '#4B89AA', 'hs_code_no': '#A9F21E', 'bill_of_lading_date': '#A5334B', 'declaration_by_issuer': '#2FDDA2', 'beneficiary_bank_identifier': '#B02A27', 'vessel_flight_no': '#E2E8F2', 'goods_description': '#676FD6', 'incoterm': '#8A2A45', 'invoice_due_date': '#3586C7', 'tenor_type': '#ED2B2B', 'country_of_origin_of_goods': '#A6B43C', 'invoice_no': '#B614AF', 'cosignee_name': '#1A8A7B', 'total_quantity_of_goods': '#20621C', 'consignor_address': '#EF94D6', 'invoice_tax_ccy': '#BAFC1D', 'gross_weight': '#426B38', 'notify_party_name': '#364661', 'dimension': '#F91453', 'consignor_name': '#80A31F', 'indicator_type': '#DE2ED3', 'invoice_tax_amount': '#113AAB', 'country_of_final_destination': '#D74E21', 'usance_tenor': '#EE0815', 'date_of_invoice': '#6DB272', 'invoice_currency': '#572BBD', 'invoice_amount_in_words': '#41666D', 'awb_number': '#53AE07', 'awb_date': '#6ED10A', 'lc_ref_no': '#2E6E47', 'vessel_name': '#6F0B44', 'net_weight': '#9389C5', 'beneficiary_country': '#27AC0D', 'beneficiary_drawer_exporter_seller_supplier_tin': '#BD42D9', 'remitter_drawee_applicant_importer_buyer_name': '#3F0746', 'transaction_date': '#6136BD', 'shipper_name': '#D4C789', 'indicator_date': '#A97695', 'beneficiary_bank_country': '#2EAE03', 'shipper_address': '#98D735', 'signature_of_the_issuer': '#9BC3D6', 'tenor_indicator': '#C89AED', 'delivery_terms': '#278D07', 'transaction_currency': '#298277', 'beneficiary_drawer_exporter_seller_supplier_name': '#400595', 'page_no': '#D14907', 'consignor_country': '#95EC0C', 'beneficiary_bank_name': '#A17CC5', 'lc_date': '#A57569', 'invoice_discount_ccy': '#9ECE4F', 'transaction_amonunt_value': '#F74773', 'stamp': '#A36253', 'notify_party_address': '#600EE7', 'invoice_amount': '#1A8ED0', 'port_of_discharge': '#0D62AC'}
2024-01-30 13:44:56,878 is result_set is instance of dict? True
2024-01-30 13:44:56,879 is final_result_set is instance of dict? True
2024-01-30 13:44:56,899 Time taken for page 1 of Proforma_Invoice_361_1.png:0:00:01.209713
2024-01-30 13:44:57,041 *****Generated All Pages****** for Proforma_Invoice_361_1.png
2024-01-30 13:44:57,041 RAM memory 65.7 used for Proforma_Invoice_361_1.png Generating All Pages:
2024-01-30 13:44:57,041 Processing time taken for all pages of Proforma_Invoice_361_1.png1:0:00:01.352485
2024-01-30 13:44:57,205 file name is:Invoice_633_0.png
2024-01-30 13:44:57,205 folder path :Images
2024-01-30 13:44:57,205 Calling Image result
2024-01-30 13:44:57,205 is all_page_result is instance of dict? True
2024-01-30 13:44:57,295 STREAM b'IHDR' 16 13
2024-01-30 13:44:57,295 STREAM b'IDAT' 41 65536
2024-01-30 13:44:57,325 is words is instance of list? True
2024-01-30 13:44:57,325 is bboxes is instance of list? True
2024-01-30 13:44:57,325 is bounding_boxes is instance of list? True
2024-01-30 13:44:57,557 is input_id_chunks is instance of list? True
2024-01-30 13:44:57,557 is mask_chunks is instance of list? True
2024-01-30 13:44:57,557 is bbox_chunks is instance of list? True
2024-01-30 13:44:57,558 is image_chunks is instance of list? True
2024-01-30 13:44:57,559 is input_dict is instance of dict? True
2024-01-30 13:44:59,116 Model Called
2024-01-30 13:44:59,116 RAM memory 68.3 used for Invoice_633_0.png:
2024-01-30 13:44:59,116 is all_predictions is instance of list? True
2024-01-30 13:44:59,116 is all_boxes is instance of list? True
2024-01-30 13:44:59,116 is all_confidences is instance of list? True
2024-01-30 13:44:59,116 is all_text is instance of list? True
2024-01-30 13:44:59,116 is label2id is instance of dict? True
2024-01-30 13:44:59,116 is id2label is instance of dict? True
2024-01-30 13:44:59,117 is label2color is instance of dict? True
2024-01-30 13:44:59,117 label2color : {'signature': '#6962AB', 'remitter_address': '#0C5444', 'O': '#AAC5E5', 'notify_party_country': '#F19F03', 'port_of_loading': '#DAB103', 'beneficiary_account_number': '#1AFDEB', 'consignee_address': '#6AEA4F', 'beneficiary_iban_number': '#C6DE8E', 'bill_of_lading_no': '#417F15', 'pre-carriage-by': '#896DDB', 'invoice_discount_amount': '#DE44B2', 'beneficiary_address': '#F6D392', 'rate_per_unit': '#9BB3D4', 'original_or_copy': '#8C44D4', 'hs_code_no': '#8A6945', 'bill_of_lading_date': '#B750AF', 'declaration_by_issuer': '#56A38F', 'beneficiary_bank_identifier': '#4D2072', 'vessel_flight_no': '#C741AF', 'goods_description': '#D12660', 'incoterm': '#15A453', 'invoice_due_date': '#A06D0D', 'tenor_type': '#F4733E', 'country_of_origin_of_goods': '#F59CDE', 'invoice_no': '#A34EC7', 'cosignee_name': '#ADDA31', 'total_quantity_of_goods': '#DBFED3', 'consignor_address': '#705F74', 'invoice_tax_ccy': '#51D7A8', 'gross_weight': '#92EAE9', 'notify_party_name': '#28E7F5', 'dimension': '#45635E', 'consignor_name': '#1CE822', 'indicator_type': '#413445', 'invoice_tax_amount': '#B1C87F', 'country_of_final_destination': '#DED24B', 'usance_tenor': '#6B95C6', 'date_of_invoice': '#9EBA5D', 'invoice_currency': '#8DF020', 'invoice_amount_in_words': '#C39342', 'awb_number': '#2B6012', 'awb_date': '#0A3E8E', 'lc_ref_no': '#B2F829', 'vessel_name': '#593D7F', 'net_weight': '#85C21C', 'beneficiary_country': '#0C14B3', 'beneficiary_drawer_exporter_seller_supplier_tin': '#A39904', 'remitter_drawee_applicant_importer_buyer_name': '#CD2E46', 'transaction_date': '#955813', 'shipper_name': '#BA5EA7', 'indicator_date': '#07AA6F', 'beneficiary_bank_country': '#0B278E', 'shipper_address': '#D0D001', 'signature_of_the_issuer': '#1D1606', 'tenor_indicator': '#48CB18', 'delivery_terms': '#F129EB', 'transaction_currency': '#70F96B', 'beneficiary_drawer_exporter_seller_supplier_name': '#55EF58', 'page_no': '#C84231', 'consignor_country': '#4E4B91', 'beneficiary_bank_name': '#7EBD1F', 'lc_date': '#7BAA76', 'invoice_discount_ccy': '#4C8B77', 'transaction_amonunt_value': '#700181', 'stamp': '#205D04', 'notify_party_address': '#8138F3', 'invoice_amount': '#ABD66E', 'port_of_discharge': '#2758DE'}
2024-01-30 13:44:59,348 is result_set is instance of dict? True
2024-01-30 13:44:59,349 is final_result_set is instance of dict? True
2024-01-30 13:44:59,372 Time taken for page 1 of Invoice_633_0.png:0:00:02.077149
2024-01-30 13:44:59,534 *****Generated All Pages****** for Invoice_633_0.png
2024-01-30 13:44:59,534 RAM memory 68.5 used for Invoice_633_0.png Generating All Pages:
2024-01-30 13:44:59,534 Processing time taken for all pages of Invoice_633_0.png1:0:00:02.329173
2024-01-30 13:44:59,698 file name is:Invoice_981_8.png
2024-01-30 13:44:59,698 folder path :Images
2024-01-30 13:44:59,698 Calling Image result
2024-01-30 13:44:59,698 is all_page_result is instance of dict? True
2024-01-30 13:44:59,775 STREAM b'IHDR' 16 13
2024-01-30 13:44:59,775 STREAM b'IDAT' 41 54225
2024-01-30 13:44:59,812 is words is instance of list? True
2024-01-30 13:44:59,813 is bboxes is instance of list? True
2024-01-30 13:44:59,813 is bounding_boxes is instance of list? True
2024-01-30 13:45:00,018 is input_id_chunks is instance of list? True
2024-01-30 13:45:00,018 is mask_chunks is instance of list? True
2024-01-30 13:45:00,018 is bbox_chunks is instance of list? True
2024-01-30 13:45:00,018 is image_chunks is instance of list? True
2024-01-30 13:45:00,019 is input_dict is instance of dict? True
2024-01-30 13:45:01,594 Model Called
2024-01-30 13:45:01,594 RAM memory 70.4 used for Invoice_981_8.png:
2024-01-30 13:45:01,594 is all_predictions is instance of list? True
2024-01-30 13:45:01,594 is all_boxes is instance of list? True
2024-01-30 13:45:01,594 is all_confidences is instance of list? True
2024-01-30 13:45:01,595 is all_text is instance of list? True
2024-01-30 13:45:01,595 is label2id is instance of dict? True
2024-01-30 13:45:01,595 is id2label is instance of dict? True
2024-01-30 13:45:01,596 is label2color is instance of dict? True
2024-01-30 13:45:01,596 label2color : {'signature': '#8B6D88', 'remitter_address': '#B50D8D', 'O': '#9DCA0E', 'notify_party_country': '#8F3AA6', 'port_of_loading': '#A5C5DB', 'beneficiary_account_number': '#041583', 'consignee_address': '#64887F', 'beneficiary_iban_number': '#755C39', 'bill_of_lading_no': '#96CA91', 'pre-carriage-by': '#2655CC', 'invoice_discount_amount': '#AE1757', 'beneficiary_address': '#A55C84', 'rate_per_unit': '#0FBB33', 'original_or_copy': '#27054F', 'hs_code_no': '#13C019', 'bill_of_lading_date': '#D0B4D2', 'declaration_by_issuer': '#0394B4', 'beneficiary_bank_identifier': '#70FAA0', 'vessel_flight_no': '#054CEC', 'goods_description': '#2F5E73', 'incoterm': '#6D89E9', 'invoice_due_date': '#6350CB', 'tenor_type': '#52C4F2', 'country_of_origin_of_goods': '#23E015', 'invoice_no': '#380428', 'cosignee_name': '#D06ADB', 'total_quantity_of_goods': '#F71A5C', 'consignor_address': '#2F0D37', 'invoice_tax_ccy': '#52ADE8', 'gross_weight': '#CFC88A', 'notify_party_name': '#2AFE0B', 'dimension': '#488DAE', 'consignor_name': '#C70F91', 'indicator_type': '#D974A9', 'invoice_tax_amount': '#306B24', 'country_of_final_destination': '#CAE7EE', 'usance_tenor': '#F09014', 'date_of_invoice': '#EAD676', 'invoice_currency': '#187568', 'invoice_amount_in_words': '#4FA4A8', 'awb_number': '#D5713F', 'awb_date': '#6F4B8F', 'lc_ref_no': '#BE307C', 'vessel_name': '#2204BD', 'net_weight': '#04474D', 'beneficiary_country': '#4A4F37', 'beneficiary_drawer_exporter_seller_supplier_tin': '#2D7640', 'remitter_drawee_applicant_importer_buyer_name': '#9D729B', 'transaction_date': '#8854C9', 'shipper_name': '#E67CAA', 'indicator_date': '#190E3C', 'beneficiary_bank_country': '#14164E', 'shipper_address': '#14CE47', 'signature_of_the_issuer': '#C1E524', 'tenor_indicator': '#B48597', 'delivery_terms': '#CF7B91', 'transaction_currency': '#8E3DA2', 'beneficiary_drawer_exporter_seller_supplier_name': '#475119', 'page_no': '#2A67E3', 'consignor_country': '#C00E35', 'beneficiary_bank_name': '#778673', 'lc_date': '#B1F0DA', 'invoice_discount_ccy': '#194297', 'transaction_amonunt_value': '#A4CA16', 'stamp': '#A63331', 'notify_party_address': '#E7899C', 'invoice_amount': '#C7C648', 'port_of_discharge': '#0E2D50'}
2024-01-30 13:45:01,794 is result_set is instance of dict? True
2024-01-30 13:45:01,795 is final_result_set is instance of dict? True
2024-01-30 13:45:01,829 Time taken for page 1 of Invoice_981_8.png:0:00:02.054525
2024-01-30 13:45:01,963 *****Generated All Pages****** for Invoice_981_8.png
2024-01-30 13:45:01,963 RAM memory 70.5 used for Invoice_981_8.png Generating All Pages:
2024-01-30 13:45:01,963 Processing time taken for all pages of Invoice_981_8.png1:0:00:02.265373
2024-01-30 13:45:02,150 file name is:Invoice_852_3.png
2024-01-30 13:45:02,150 folder path :Images
2024-01-30 13:45:02,150 Calling Image result
2024-01-30 13:45:02,150 is all_page_result is instance of dict? True
2024-01-30 13:45:02,151 STREAM b'IHDR' 16 13
2024-01-30 13:45:02,151 STREAM b'IDAT' 41 34878
2024-01-30 13:45:02,259 is words is instance of list? True
2024-01-30 13:45:02,259 is bboxes is instance of list? True
2024-01-30 13:45:02,259 is bounding_boxes is instance of list? True
2024-01-30 13:45:02,445 is input_id_chunks is instance of list? True
2024-01-30 13:45:02,445 is mask_chunks is instance of list? True
2024-01-30 13:45:02,445 is bbox_chunks is instance of list? True
2024-01-30 13:45:02,446 is image_chunks is instance of list? True
2024-01-30 13:45:02,446 is input_dict is instance of dict? True
2024-01-30 13:45:03,183 Model Called
2024-01-30 13:45:03,183 RAM memory 64.7 used for Invoice_852_3.png:
2024-01-30 13:45:03,183 is all_predictions is instance of list? True
2024-01-30 13:45:03,184 is all_boxes is instance of list? True
2024-01-30 13:45:03,184 is all_confidences is instance of list? True
2024-01-30 13:45:03,184 is all_text is instance of list? True
2024-01-30 13:45:03,184 is label2id is instance of dict? True
2024-01-30 13:45:03,184 is id2label is instance of dict? True
2024-01-30 13:45:03,185 is label2color is instance of dict? True
2024-01-30 13:45:03,185 label2color : {'signature': '#DA53BF', 'remitter_address': '#811790', 'O': '#6E5FE0', 'notify_party_country': '#06072E', 'port_of_loading': '#3B31FB', 'beneficiary_account_number': '#500C76', 'consignee_address': '#8A5AEB', 'beneficiary_iban_number': '#894F58', 'bill_of_lading_no': '#2D4446', 'pre-carriage-by': '#9694B8', 'invoice_discount_amount': '#C99FEF', 'beneficiary_address': '#0ED005', 'rate_per_unit': '#7BD1CB', 'original_or_copy': '#D12D1D', 'hs_code_no': '#F1F9C5', 'bill_of_lading_date': '#7E8B8B', 'declaration_by_issuer': '#A9553E', 'beneficiary_bank_identifier': '#3FCD60', 'vessel_flight_no': '#D1524C', 'goods_description': '#7700D5', 'incoterm': '#070272', 'invoice_due_date': '#0B247F', 'tenor_type': '#3E069A', 'country_of_origin_of_goods': '#544BD1', 'invoice_no': '#B1035A', 'cosignee_name': '#545305', 'total_quantity_of_goods': '#F0B145', 'consignor_address': '#5FCFA6', 'invoice_tax_ccy': '#B34EEA', 'gross_weight': '#F28F93', 'notify_party_name': '#5E8190', 'dimension': '#0D7DE7', 'consignor_name': '#B99CC3', 'indicator_type': '#81BA5C', 'invoice_tax_amount': '#13624E', 'country_of_final_destination': '#E073AD', 'usance_tenor': '#226F31', 'date_of_invoice': '#359416', 'invoice_currency': '#2F895D', 'invoice_amount_in_words': '#3D0BCB', 'awb_number': '#B09E32', 'awb_date': '#1690EE', 'lc_ref_no': '#72D35A', 'vessel_name': '#FFDC93', 'net_weight': '#F10750', 'beneficiary_country': '#5C591D', 'beneficiary_drawer_exporter_seller_supplier_tin': '#93FB11', 'remitter_drawee_applicant_importer_buyer_name': '#A09A14', 'transaction_date': '#9BA8E0', 'shipper_name': '#8B22AD', 'indicator_date': '#F0A437', 'beneficiary_bank_country': '#B45D04', 'shipper_address': '#B7233E', 'signature_of_the_issuer': '#212008', 'tenor_indicator': '#E7AFA9', 'delivery_terms': '#4F0D25', 'transaction_currency': '#B1121A', 'beneficiary_drawer_exporter_seller_supplier_name': '#9425BE', 'page_no': '#3CAB55', 'consignor_country': '#8814D0', 'beneficiary_bank_name': '#C16E03', 'lc_date': '#B4C516', 'invoice_discount_ccy': '#40E6B3', 'transaction_amonunt_value': '#89577B', 'stamp': '#1B7463', 'notify_party_address': '#8651CD', 'invoice_amount': '#C4A2D9', 'port_of_discharge': '#D816F0'}
2024-01-30 13:45:03,308 is result_set is instance of dict? True
2024-01-30 13:45:03,309 is final_result_set is instance of dict? True
2024-01-30 13:45:03,338 Time taken for page 1 of Invoice_852_3.png:0:00:01.187210
2024-01-30 13:45:03,455 *****Generated All Pages****** for Invoice_852_3.png
2024-01-30 13:45:03,455 RAM memory 65.0 used for Invoice_852_3.png Generating All Pages:
2024-01-30 13:45:03,455 Processing time taken for all pages of Invoice_852_3.png1:0:00:01.304557
2024-01-30 13:45:03,611 file name is:Proforma_Invoice_216_1.png
2024-01-30 13:45:03,611 folder path :Images
2024-01-30 13:45:03,611 Calling Image result
2024-01-30 13:45:03,611 is all_page_result is instance of dict? True
2024-01-30 13:45:03,612 STREAM b'IHDR' 16 13
2024-01-30 13:45:03,612 STREAM b'IDAT' 41 36162
2024-01-30 13:45:03,631 is words is instance of list? True
2024-01-30 13:45:03,631 is bboxes is instance of list? True
2024-01-30 13:45:03,631 is bounding_boxes is instance of list? True
2024-01-30 13:45:03,841 is input_id_chunks is instance of list? True
2024-01-30 13:45:03,841 is mask_chunks is instance of list? True
2024-01-30 13:45:03,841 is bbox_chunks is instance of list? True
2024-01-30 13:45:03,841 is image_chunks is instance of list? True
2024-01-30 13:45:03,842 is input_dict is instance of dict? True
2024-01-30 13:45:04,470 Model Called
2024-01-30 13:45:04,470 RAM memory 64.6 used for Proforma_Invoice_216_1.png:
2024-01-30 13:45:04,471 is all_predictions is instance of list? True
2024-01-30 13:45:04,471 is all_boxes is instance of list? True
2024-01-30 13:45:04,471 is all_confidences is instance of list? True
2024-01-30 13:45:04,471 is all_text is instance of list? True
2024-01-30 13:45:04,471 is label2id is instance of dict? True
2024-01-30 13:45:04,471 is id2label is instance of dict? True
2024-01-30 13:45:04,472 is label2color is instance of dict? True
2024-01-30 13:45:04,472 label2color : {'signature': '#FDA053', 'remitter_address': '#E1C99E', 'O': '#E24F5D', 'notify_party_country': '#E4F6F0', 'port_of_loading': '#D3248F', 'beneficiary_account_number': '#22D74B', 'consignee_address': '#9E8953', 'beneficiary_iban_number': '#F23994', 'bill_of_lading_no': '#1AD923', 'pre-carriage-by': '#F42B5F', 'invoice_discount_amount': '#FD5D91', 'beneficiary_address': '#4935AC', 'rate_per_unit': '#7C1E3E', 'original_or_copy': '#E67329', 'hs_code_no': '#157E53', 'bill_of_lading_date': '#954931', 'declaration_by_issuer': '#EC0707', 'beneficiary_bank_identifier': '#904118', 'vessel_flight_no': '#B8C387', 'goods_description': '#C186FE', 'incoterm': '#C06D97', 'invoice_due_date': '#494143', 'tenor_type': '#E3CFEB', 'country_of_origin_of_goods': '#0FA7F3', 'invoice_no': '#5C836C', 'cosignee_name': '#F83309', 'total_quantity_of_goods': '#27FF13', 'consignor_address': '#2A4225', 'invoice_tax_ccy': '#FA4235', 'gross_weight': '#427092', 'notify_party_name': '#1BED7C', 'dimension': '#DB9105', 'consignor_name': '#686396', 'indicator_type': '#A01907', 'invoice_tax_amount': '#153337', 'country_of_final_destination': '#A07D8A', 'usance_tenor': '#39D7F5', 'date_of_invoice': '#3D0D46', 'invoice_currency': '#4CBFC7', 'invoice_amount_in_words': '#7F42B6', 'awb_number': '#3D59D2', 'awb_date': '#C8E81E', 'lc_ref_no': '#8A99E6', 'vessel_name': '#389251', 'net_weight': '#73FE22', 'beneficiary_country': '#0C163E', 'beneficiary_drawer_exporter_seller_supplier_tin': '#E99918', 'remitter_drawee_applicant_importer_buyer_name': '#4DA4CB', 'transaction_date': '#1ABC4A', 'shipper_name': '#49EFF9', 'indicator_date': '#DF2100', 'beneficiary_bank_country': '#B572A3', 'shipper_address': '#AE6ACA', 'signature_of_the_issuer': '#226EE8', 'tenor_indicator': '#4DF720', 'delivery_terms': '#813F49', 'transaction_currency': '#789C76', 'beneficiary_drawer_exporter_seller_supplier_name': '#E22C15', 'page_no': '#A283AF', 'consignor_country': '#283138', 'beneficiary_bank_name': '#4CBB8A', 'lc_date': '#501C6C', 'invoice_discount_ccy': '#BD5066', 'transaction_amonunt_value': '#E1F11D', 'stamp': '#A8E263', 'notify_party_address': '#F65211', 'invoice_amount': '#F34212', 'port_of_discharge': '#8F4B2D'}
2024-01-30 13:45:04,601 is result_set is instance of dict? True
2024-01-30 13:45:04,602 is final_result_set is instance of dict? True
2024-01-30 13:45:04,618 Time taken for page 1 of Proforma_Invoice_216_1.png:0:00:01.006344
2024-01-30 13:45:04,738 *****Generated All Pages****** for Proforma_Invoice_216_1.png
2024-01-30 13:45:04,738 RAM memory 64.7 used for Proforma_Invoice_216_1.png Generating All Pages:
2024-01-30 13:45:04,739 Processing time taken for all pages of Proforma_Invoice_216_1.png1:0:00:01.127516
2024-01-30 13:45:04,898 file name is:Invoice_405_29.png
2024-01-30 13:45:04,898 folder path :Images
2024-01-30 13:45:04,898 Calling Image result
2024-01-30 13:45:04,898 is all_page_result is instance of dict? True
2024-01-30 13:45:04,985 STREAM b'IHDR' 16 13
2024-01-30 13:45:04,985 STREAM b'IDAT' 41 50839
2024-01-30 13:45:05,026 is words is instance of list? True
2024-01-30 13:45:05,026 is bboxes is instance of list? True
2024-01-30 13:45:05,026 is bounding_boxes is instance of list? True
2024-01-30 13:45:05,223 is input_id_chunks is instance of list? True
2024-01-30 13:45:05,223 is mask_chunks is instance of list? True
2024-01-30 13:45:05,223 is bbox_chunks is instance of list? True
2024-01-30 13:45:05,223 is image_chunks is instance of list? True
2024-01-30 13:45:05,224 is input_dict is instance of dict? True
2024-01-30 13:45:06,748 Model Called
2024-01-30 13:45:06,748 RAM memory 68.9 used for Invoice_405_29.png:
2024-01-30 13:45:06,748 is all_predictions is instance of list? True
2024-01-30 13:45:06,748 is all_boxes is instance of list? True
2024-01-30 13:45:06,749 is all_confidences is instance of list? True
2024-01-30 13:45:06,749 is all_text is instance of list? True
2024-01-30 13:45:06,749 is label2id is instance of dict? True
2024-01-30 13:45:06,749 is id2label is instance of dict? True
2024-01-30 13:45:06,750 is label2color is instance of dict? True
2024-01-30 13:45:06,750 label2color : {'signature': '#05A9D9', 'remitter_address': '#8ED53E', 'O': '#8894B4', 'notify_party_country': '#CA4DAF', 'port_of_loading': '#0F59BB', 'beneficiary_account_number': '#FD212A', 'consignee_address': '#45A716', 'beneficiary_iban_number': '#03C40D', 'bill_of_lading_no': '#A179A9', 'pre-carriage-by': '#EE00F9', 'invoice_discount_amount': '#B630BA', 'beneficiary_address': '#8B08E5', 'rate_per_unit': '#68FBC9', 'original_or_copy': '#795793', 'hs_code_no': '#8F561C', 'bill_of_lading_date': '#D15C7F', 'declaration_by_issuer': '#78BB65', 'beneficiary_bank_identifier': '#0592A0', 'vessel_flight_no': '#83238B', 'goods_description': '#D4929B', 'incoterm': '#7F915E', 'invoice_due_date': '#3D03C7', 'tenor_type': '#610040', 'country_of_origin_of_goods': '#3DD7ED', 'invoice_no': '#4CC298', 'cosignee_name': '#460814', 'total_quantity_of_goods': '#E050C0', 'consignor_address': '#2B54C1', 'invoice_tax_ccy': '#112A33', 'gross_weight': '#2CA199', 'notify_party_name': '#BB1169', 'dimension': '#504084', 'consignor_name': '#1B2879', 'indicator_type': '#FC1BAB', 'invoice_tax_amount': '#0726AC', 'country_of_final_destination': '#F87DE5', 'usance_tenor': '#0435D0', 'date_of_invoice': '#3EBC27', 'invoice_currency': '#BADEFE', 'invoice_amount_in_words': '#0932FF', 'awb_number': '#60FFAA', 'awb_date': '#730886', 'lc_ref_no': '#69F2DC', 'vessel_name': '#B82C3C', 'net_weight': '#725C1F', 'beneficiary_country': '#2CB338', 'beneficiary_drawer_exporter_seller_supplier_tin': '#05F453', 'remitter_drawee_applicant_importer_buyer_name': '#B3D2DF', 'transaction_date': '#CF4398', 'shipper_name': '#3025D1', 'indicator_date': '#9518A3', 'beneficiary_bank_country': '#B52EEB', 'shipper_address': '#49ECA0', 'signature_of_the_issuer': '#0E78DC', 'tenor_indicator': '#230766', 'delivery_terms': '#B0C636', 'transaction_currency': '#1850CA', 'beneficiary_drawer_exporter_seller_supplier_name': '#C1B235', 'page_no': '#A2F469', 'consignor_country': '#24702C', 'beneficiary_bank_name': '#725B30', 'lc_date': '#29AFE9', 'invoice_discount_ccy': '#EA8286', 'transaction_amonunt_value': '#801FB4', 'stamp': '#F8FFF4', 'notify_party_address': '#F6401E', 'invoice_amount': '#7D669D', 'port_of_discharge': '#00B690'}
2024-01-30 13:45:06,939 is result_set is instance of dict? True
2024-01-30 13:45:06,940 is final_result_set is instance of dict? True
2024-01-30 13:45:06,963 Time taken for page 1 of Invoice_405_29.png:0:00:01.977080
2024-01-30 13:45:07,092 *****Generated All Pages****** for Invoice_405_29.png
2024-01-30 13:45:07,092 RAM memory 69.1 used for Invoice_405_29.png Generating All Pages:
2024-01-30 13:45:07,092 Processing time taken for all pages of Invoice_405_29.png1:0:00:02.193995
2024-01-30 13:45:07,259 file name is:Invoice_952_5.png
2024-01-30 13:45:07,260 folder path :Images
2024-01-30 13:45:07,260 Calling Image result
2024-01-30 13:45:07,260 is all_page_result is instance of dict? True
2024-01-30 13:45:07,260 STREAM b'IHDR' 16 13
2024-01-30 13:45:07,260 STREAM b'IDAT' 41 40237
2024-01-30 13:45:07,279 is words is instance of list? True
2024-01-30 13:45:07,279 is bboxes is instance of list? True
2024-01-30 13:45:07,279 is bounding_boxes is instance of list? True
2024-01-30 13:45:07,462 is input_id_chunks is instance of list? True
2024-01-30 13:45:07,462 is mask_chunks is instance of list? True
2024-01-30 13:45:07,462 is bbox_chunks is instance of list? True
2024-01-30 13:45:07,462 is image_chunks is instance of list? True
2024-01-30 13:45:07,463 is input_dict is instance of dict? True
2024-01-30 13:45:08,301 Model Called
2024-01-30 13:45:08,301 RAM memory 65.7 used for Invoice_952_5.png:
2024-01-30 13:45:08,301 is all_predictions is instance of list? True
2024-01-30 13:45:08,301 is all_boxes is instance of list? True
2024-01-30 13:45:08,301 is all_confidences is instance of list? True
2024-01-30 13:45:08,301 is all_text is instance of list? True
2024-01-30 13:45:08,302 is label2id is instance of dict? True
2024-01-30 13:45:08,302 is id2label is instance of dict? True
2024-01-30 13:45:08,302 is label2color is instance of dict? True
2024-01-30 13:45:08,302 label2color : {'signature': '#8AC644', 'remitter_address': '#7A6893', 'O': '#DFD9FA', 'notify_party_country': '#0EAF5A', 'port_of_loading': '#FA516C', 'beneficiary_account_number': '#306673', 'consignee_address': '#0F37E5', 'beneficiary_iban_number': '#BBF659', 'bill_of_lading_no': '#AF03CF', 'pre-carriage-by': '#D0CDBB', 'invoice_discount_amount': '#57F72C', 'beneficiary_address': '#7C8C60', 'rate_per_unit': '#59298B', 'original_or_copy': '#46A41F', 'hs_code_no': '#406768', 'bill_of_lading_date': '#F4F9EB', 'declaration_by_issuer': '#A15347', 'beneficiary_bank_identifier': '#7107F0', 'vessel_flight_no': '#832DD6', 'goods_description': '#B0B92F', 'incoterm': '#A13966', 'invoice_due_date': '#ACDD1A', 'tenor_type': '#B44FC6', 'country_of_origin_of_goods': '#FA1C45', 'invoice_no': '#E64B72', 'cosignee_name': '#87A66B', 'total_quantity_of_goods': '#D9732D', 'consignor_address': '#4578DF', 'invoice_tax_ccy': '#435AC9', 'gross_weight': '#5F32F6', 'notify_party_name': '#87CE11', 'dimension': '#72FD08', 'consignor_name': '#47BF23', 'indicator_type': '#8C659C', 'invoice_tax_amount': '#30787F', 'country_of_final_destination': '#4F0B46', 'usance_tenor': '#99F4CA', 'date_of_invoice': '#ECBEB0', 'invoice_currency': '#783046', 'invoice_amount_in_words': '#83E50D', 'awb_number': '#028817', 'awb_date': '#AB82C8', 'lc_ref_no': '#91BE69', 'vessel_name': '#D61A21', 'net_weight': '#370A15', 'beneficiary_country': '#D3B7A7', 'beneficiary_drawer_exporter_seller_supplier_tin': '#D353B8', 'remitter_drawee_applicant_importer_buyer_name': '#3AF7A0', 'transaction_date': '#BEDD95', 'shipper_name': '#F50191', 'indicator_date': '#86680B', 'beneficiary_bank_country': '#8F15A8', 'shipper_address': '#2C1BEC', 'signature_of_the_issuer': '#9C509C', 'tenor_indicator': '#777202', 'delivery_terms': '#209BDA', 'transaction_currency': '#F3A195', 'beneficiary_drawer_exporter_seller_supplier_name': '#421392', 'page_no': '#5A9D84', 'consignor_country': '#BF3A7D', 'beneficiary_bank_name': '#A135B3', 'lc_date': '#F79CFB', 'invoice_discount_ccy': '#5C0DC1', 'transaction_amonunt_value': '#51E427', 'stamp': '#54EA1F', 'notify_party_address': '#689221', 'invoice_amount': '#C1196E', 'port_of_discharge': '#B60E56'}
2024-01-30 13:45:08,427 is result_set is instance of dict? True
2024-01-30 13:45:08,428 is final_result_set is instance of dict? True
2024-01-30 13:45:08,458 Time taken for page 1 of Invoice_952_5.png:0:00:01.197712
2024-01-30 13:45:08,609 *****Generated All Pages****** for Invoice_952_5.png
2024-01-30 13:45:08,609 RAM memory 63.5 used for Invoice_952_5.png Generating All Pages:
2024-01-30 13:45:08,609 Processing time taken for all pages of Invoice_952_5.png1:0:00:01.349713
2024-01-30 13:45:08,760 file name is:Invoice_981_5.png
2024-01-30 13:45:08,760 folder path :Images
2024-01-30 13:45:08,760 Calling Image result
2024-01-30 13:45:08,760 is all_page_result is instance of dict? True
2024-01-30 13:45:08,761 STREAM b'IHDR' 16 13
2024-01-30 13:45:08,761 STREAM b'IDAT' 41 50417
2024-01-30 13:45:08,782 is words is instance of list? True
2024-01-30 13:45:08,782 is bboxes is instance of list? True
2024-01-30 13:45:08,783 is bounding_boxes is instance of list? True
2024-01-30 13:45:08,994 is input_id_chunks is instance of list? True
2024-01-30 13:45:08,994 is mask_chunks is instance of list? True
2024-01-30 13:45:08,994 is bbox_chunks is instance of list? True
2024-01-30 13:45:08,994 is image_chunks is instance of list? True
2024-01-30 13:45:08,994 is input_dict is instance of dict? True
2024-01-30 13:45:10,429 Model Called
2024-01-30 13:45:10,429 RAM memory 69.2 used for Invoice_981_5.png:
2024-01-30 13:45:10,429 is all_predictions is instance of list? True
2024-01-30 13:45:10,429 is all_boxes is instance of list? True
2024-01-30 13:45:10,429 is all_confidences is instance of list? True
2024-01-30 13:45:10,429 is all_text is instance of list? True
2024-01-30 13:45:10,430 is label2id is instance of dict? True
2024-01-30 13:45:10,430 is id2label is instance of dict? True
2024-01-30 13:45:10,430 is label2color is instance of dict? True
2024-01-30 13:45:10,431 label2color : {'signature': '#80FD95', 'remitter_address': '#902B0A', 'O': '#C4B9E8', 'notify_party_country': '#F6CC8A', 'port_of_loading': '#5178D6', 'beneficiary_account_number': '#8FE804', 'consignee_address': '#FC03CB', 'beneficiary_iban_number': '#A3BC88', 'bill_of_lading_no': '#C9E896', 'pre-carriage-by': '#6B5FB4', 'invoice_discount_amount': '#537667', 'beneficiary_address': '#F50A2F', 'rate_per_unit': '#A5B026', 'original_or_copy': '#31488F', 'hs_code_no': '#F1D65C', 'bill_of_lading_date': '#CB9EC0', 'declaration_by_issuer': '#66520B', 'beneficiary_bank_identifier': '#FD88CA', 'vessel_flight_no': '#2212B7', 'goods_description': '#895E07', 'incoterm': '#069063', 'invoice_due_date': '#85B0BE', 'tenor_type': '#E82E1C', 'country_of_origin_of_goods': '#2DCA40', 'invoice_no': '#AA2624', 'cosignee_name': '#B0314D', 'total_quantity_of_goods': '#3AECEB', 'consignor_address': '#A6DDA9', 'invoice_tax_ccy': '#FE4A86', 'gross_weight': '#9C5717', 'notify_party_name': '#BD6102', 'dimension': '#3726F4', 'consignor_name': '#04FE92', 'indicator_type': '#F98968', 'invoice_tax_amount': '#FCFE51', 'country_of_final_destination': '#A13D3F', 'usance_tenor': '#3D847E', 'date_of_invoice': '#726F1E', 'invoice_currency': '#D499E9', 'invoice_amount_in_words': '#44651E', 'awb_number': '#5A28F9', 'awb_date': '#B5576B', 'lc_ref_no': '#6A35A7', 'vessel_name': '#165B66', 'net_weight': '#B5FD37', 'beneficiary_country': '#62F6B6', 'beneficiary_drawer_exporter_seller_supplier_tin': '#2114F0', 'remitter_drawee_applicant_importer_buyer_name': '#3BCD2B', 'transaction_date': '#C747B0', 'shipper_name': '#2B4FF5', 'indicator_date': '#2666ED', 'beneficiary_bank_country': '#99E170', 'shipper_address': '#56D6BD', 'signature_of_the_issuer': '#8AFEE4', 'tenor_indicator': '#9921BC', 'delivery_terms': '#2E6005', 'transaction_currency': '#09FEFE', 'beneficiary_drawer_exporter_seller_supplier_name': '#744337', 'page_no': '#02FC08', 'consignor_country': '#E96343', 'beneficiary_bank_name': '#F4F457', 'lc_date': '#39F1E3', 'invoice_discount_ccy': '#EE80A7', 'transaction_amonunt_value': '#FEC89B', 'stamp': '#163091', 'notify_party_address': '#B317D6', 'invoice_amount': '#E052D1', 'port_of_discharge': '#7FE6A3'}
2024-01-30 13:45:10,619 is result_set is instance of dict? True
2024-01-30 13:45:10,620 is final_result_set is instance of dict? True
2024-01-30 13:45:10,652 Time taken for page 1 of Invoice_981_5.png:0:00:01.891010
2024-01-30 13:45:10,780 *****Generated All Pages****** for Invoice_981_5.png
2024-01-30 13:45:10,780 RAM memory 69.5 used for Invoice_981_5.png Generating All Pages:
2024-01-30 13:45:10,780 Processing time taken for all pages of Invoice_981_5.png1:0:00:02.019967
2024-01-30 13:45:10,961 file name is:Invoice_817_0.png
2024-01-30 13:45:10,961 folder path :Images
2024-01-30 13:45:10,961 Calling Image result
2024-01-30 13:45:10,961 is all_page_result is instance of dict? True
2024-01-30 13:45:10,962 STREAM b'IHDR' 16 13
2024-01-30 13:45:10,962 STREAM b'IDAT' 41 43284
2024-01-30 13:45:10,981 Checking spheric-time-383904-f1b421d86eef.json for explicit credentials as part of auth process...
2024-01-30 13:45:11,820 is words is instance of list? True
2024-01-30 13:45:11,820 is bboxes is instance of list? True
2024-01-30 13:45:11,821 is bounding_boxes is instance of list? True
2024-01-30 13:45:12,001 is input_id_chunks is instance of list? True
2024-01-30 13:45:12,001 is mask_chunks is instance of list? True
2024-01-30 13:45:12,001 is bbox_chunks is instance of list? True
2024-01-30 13:45:12,001 is image_chunks is instance of list? True
2024-01-30 13:45:12,001 is input_dict is instance of dict? True
2024-01-30 13:45:12,882 Model Called
2024-01-30 13:45:12,882 RAM memory 66.0 used for Invoice_817_0.png:
2024-01-30 13:45:12,882 is all_predictions is instance of list? True
2024-01-30 13:45:12,882 is all_boxes is instance of list? True
2024-01-30 13:45:12,882 is all_confidences is instance of list? True
2024-01-30 13:45:12,882 is all_text is instance of list? True
2024-01-30 13:45:12,882 is label2id is instance of dict? True
2024-01-30 13:45:12,882 is id2label is instance of dict? True
2024-01-30 13:45:12,883 is label2color is instance of dict? True
2024-01-30 13:45:12,883 label2color : {'signature': '#A00AAA', 'remitter_address': '#F9C67A', 'O': '#F9F44A', 'notify_party_country': '#C983F2', 'port_of_loading': '#AC41E4', 'beneficiary_account_number': '#DC7EAF', 'consignee_address': '#802E1E', 'beneficiary_iban_number': '#A1FA42', 'bill_of_lading_no': '#A328A8', 'pre-carriage-by': '#0846F8', 'invoice_discount_amount': '#8349A1', 'beneficiary_address': '#CAFF89', 'rate_per_unit': '#5FADBC', 'original_or_copy': '#363F37', 'hs_code_no': '#81CEE2', 'bill_of_lading_date': '#FFBFEB', 'declaration_by_issuer': '#FBC6AF', 'beneficiary_bank_identifier': '#0F9B68', 'vessel_flight_no': '#41A4B2', 'goods_description': '#B466DD', 'incoterm': '#FC1C36', 'invoice_due_date': '#23D8DC', 'tenor_type': '#94F059', 'country_of_origin_of_goods': '#9C081F', 'invoice_no': '#D6B01C', 'cosignee_name': '#EDF534', 'total_quantity_of_goods': '#CB8A33', 'consignor_address': '#DE4304', 'invoice_tax_ccy': '#81FC2A', 'gross_weight': '#9D1F85', 'notify_party_name': '#A63234', 'dimension': '#DBF1EF', 'consignor_name': '#E02EE9', 'indicator_type': '#77ECB7', 'invoice_tax_amount': '#4F85F0', 'country_of_final_destination': '#4F85E5', 'usance_tenor': '#E6772B', 'date_of_invoice': '#969402', 'invoice_currency': '#A8D464', 'invoice_amount_in_words': '#C3A07E', 'awb_number': '#E7F279', 'awb_date': '#B87577', 'lc_ref_no': '#0EA6A6', 'vessel_name': '#D2CF6D', 'net_weight': '#FF80D2', 'beneficiary_country': '#503C13', 'beneficiary_drawer_exporter_seller_supplier_tin': '#124B77', 'remitter_drawee_applicant_importer_buyer_name': '#66796F', 'transaction_date': '#FA72C9', 'shipper_name': '#8362AF', 'indicator_date': '#97326A', 'beneficiary_bank_country': '#AD482B', 'shipper_address': '#D53C8A', 'signature_of_the_issuer': '#A0CDE2', 'tenor_indicator': '#2C60F6', 'delivery_terms': '#CF807C', 'transaction_currency': '#758800', 'beneficiary_drawer_exporter_seller_supplier_name': '#1E9151', 'page_no': '#5FE1ED', 'consignor_country': '#9DF4BD', 'beneficiary_bank_name': '#D09C9D', 'lc_date': '#D663BE', 'invoice_discount_ccy': '#038858', 'transaction_amonunt_value': '#9B6841', 'stamp': '#B5CB73', 'notify_party_address': '#DF74F9', 'invoice_amount': '#9E77F7', 'port_of_discharge': '#E2655F'}
2024-01-30 13:45:13,058 is result_set is instance of dict? True
2024-01-30 13:45:13,058 is final_result_set is instance of dict? True
2024-01-30 13:45:13,081 Time taken for page 1 of Invoice_817_0.png:0:00:02.118280
2024-01-30 13:45:13,206 *****Generated All Pages****** for Invoice_817_0.png
2024-01-30 13:45:13,207 RAM memory 66.1 used for Invoice_817_0.png Generating All Pages:
2024-01-30 13:45:13,207 Processing time taken for all pages of Invoice_817_0.png1:0:00:02.245276
2024-01-30 13:45:13,377 file name is:Invoice_969_6.png
2024-01-30 13:45:13,378 folder path :Images
2024-01-30 13:45:13,378 Calling Image result
2024-01-30 13:45:13,378 is all_page_result is instance of dict? True
2024-01-30 13:45:13,379 STREAM b'IHDR' 16 13
2024-01-30 13:45:13,379 STREAM b'IDAT' 41 45899
2024-01-30 13:45:13,486 is words is instance of list? True
2024-01-30 13:45:13,486 is bboxes is instance of list? True
2024-01-30 13:45:13,486 is bounding_boxes is instance of list? True
2024-01-30 13:45:13,682 is input_id_chunks is instance of list? True
2024-01-30 13:45:13,682 is mask_chunks is instance of list? True
2024-01-30 13:45:13,682 is bbox_chunks is instance of list? True
2024-01-30 13:45:13,682 is image_chunks is instance of list? True
2024-01-30 13:45:13,683 is input_dict is instance of dict? True
2024-01-30 13:45:14,996 Model Called
2024-01-30 13:45:14,996 RAM memory 68.0 used for Invoice_969_6.png:
2024-01-30 13:45:14,996 is all_predictions is instance of list? True
2024-01-30 13:45:14,996 is all_boxes is instance of list? True
2024-01-30 13:45:14,996 is all_confidences is instance of list? True
2024-01-30 13:45:14,996 is all_text is instance of list? True
2024-01-30 13:45:14,997 is label2id is instance of dict? True
2024-01-30 13:45:14,997 is id2label is instance of dict? True
2024-01-30 13:45:14,998 is label2color is instance of dict? True
2024-01-30 13:45:14,998 label2color : {'signature': '#BBF6CB', 'remitter_address': '#4AD498', 'O': '#D60B0B', 'notify_party_country': '#6C73A8', 'port_of_loading': '#165523', 'beneficiary_account_number': '#41D7BE', 'consignee_address': '#5FCEFF', 'beneficiary_iban_number': '#B47527', 'bill_of_lading_no': '#87FE27', 'pre-carriage-by': '#DFCC0B', 'invoice_discount_amount': '#595E9D', 'beneficiary_address': '#23B5AF', 'rate_per_unit': '#0A0682', 'original_or_copy': '#13766A', 'hs_code_no': '#2602AC', 'bill_of_lading_date': '#20B928', 'declaration_by_issuer': '#0E7EB8', 'beneficiary_bank_identifier': '#249F1A', 'vessel_flight_no': '#D5D427', 'goods_description': '#E06CE0', 'incoterm': '#851082', 'invoice_due_date': '#DD2823', 'tenor_type': '#76D8F4', 'country_of_origin_of_goods': '#C46595', 'invoice_no': '#01402E', 'cosignee_name': '#7B57CD', 'total_quantity_of_goods': '#327C30', 'consignor_address': '#8CD04F', 'invoice_tax_ccy': '#BF0D73', 'gross_weight': '#A4058C', 'notify_party_name': '#BD5345', 'dimension': '#DB149E', 'consignor_name': '#6FD5DF', 'indicator_type': '#AE27B2', 'invoice_tax_amount': '#B7D466', 'country_of_final_destination': '#0A92AC', 'usance_tenor': '#6AACC9', 'date_of_invoice': '#21CF70', 'invoice_currency': '#76097A', 'invoice_amount_in_words': '#6AAA41', 'awb_number': '#ADE643', 'awb_date': '#9AED3C', 'lc_ref_no': '#A6845E', 'vessel_name': '#89BE7D', 'net_weight': '#D7F77C', 'beneficiary_country': '#62807B', 'beneficiary_drawer_exporter_seller_supplier_tin': '#574299', 'remitter_drawee_applicant_importer_buyer_name': '#FD9CEE', 'transaction_date': '#31D4D6', 'shipper_name': '#76AA0F', 'indicator_date': '#F12EF3', 'beneficiary_bank_country': '#4E543D', 'shipper_address': '#680F1A', 'signature_of_the_issuer': '#71B35E', 'tenor_indicator': '#78C781', 'delivery_terms': '#47A4FE', 'transaction_currency': '#36724E', 'beneficiary_drawer_exporter_seller_supplier_name': '#E5B262', 'page_no': '#90B937', 'consignor_country': '#D25771', 'beneficiary_bank_name': '#B65E5C', 'lc_date': '#00F222', 'invoice_discount_ccy': '#F9161E', 'transaction_amonunt_value': '#9C9A2E', 'stamp': '#634F01', 'notify_party_address': '#7CD544', 'invoice_amount': '#8249C5', 'port_of_discharge': '#4E2642'}
2024-01-30 13:45:15,327 is result_set is instance of dict? True
2024-01-30 13:45:15,328 is final_result_set is instance of dict? True
2024-01-30 13:45:15,363 Time taken for page 1 of Invoice_969_6.png:0:00:01.984135
2024-01-30 13:45:15,511 *****Generated All Pages****** for Invoice_969_6.png
2024-01-30 13:45:15,511 RAM memory 68.4 used for Invoice_969_6.png Generating All Pages:
2024-01-30 13:45:15,511 Processing time taken for all pages of Invoice_969_6.png1:0:00:02.133409
2024-01-30 13:45:15,684 file name is:Invoice_969_0.png
2024-01-30 13:45:15,684 folder path :Images
2024-01-30 13:45:15,684 Calling Image result
2024-01-30 13:45:15,684 is all_page_result is instance of dict? True
2024-01-30 13:45:15,685 STREAM b'IHDR' 16 13
2024-01-30 13:45:15,685 STREAM b'IDAT' 41 49066
2024-01-30 13:45:15,705 is words is instance of list? True
2024-01-30 13:45:15,705 is bboxes is instance of list? True
2024-01-30 13:45:15,705 is bounding_boxes is instance of list? True
2024-01-30 13:45:15,886 is input_id_chunks is instance of list? True
2024-01-30 13:45:15,886 is mask_chunks is instance of list? True
2024-01-30 13:45:15,886 is bbox_chunks is instance of list? True
2024-01-30 13:45:15,886 is image_chunks is instance of list? True
2024-01-30 13:45:15,886 is input_dict is instance of dict? True
2024-01-30 13:45:17,416 Model Called
2024-01-30 13:45:17,416 RAM memory 69.7 used for Invoice_969_0.png:
2024-01-30 13:45:17,416 is all_predictions is instance of list? True
2024-01-30 13:45:17,417 is all_boxes is instance of list? True
2024-01-30 13:45:17,417 is all_confidences is instance of list? True
2024-01-30 13:45:17,417 is all_text is instance of list? True
2024-01-30 13:45:17,417 is label2id is instance of dict? True
2024-01-30 13:45:17,417 is id2label is instance of dict? True
2024-01-30 13:45:17,418 is label2color is instance of dict? True
2024-01-30 13:45:17,418 label2color : {'signature': '#31006A', 'remitter_address': '#38EF2C', 'O': '#D60332', 'notify_party_country': '#DAE871', 'port_of_loading': '#A66D39', 'beneficiary_account_number': '#CBF4DA', 'consignee_address': '#AA117D', 'beneficiary_iban_number': '#266C70', 'bill_of_lading_no': '#B2268F', 'pre-carriage-by': '#B5446B', 'invoice_discount_amount': '#42D71E', 'beneficiary_address': '#05610E', 'rate_per_unit': '#06935B', 'original_or_copy': '#9C2110', 'hs_code_no': '#179355', 'bill_of_lading_date': '#CE8AB6', 'declaration_by_issuer': '#AF1DC7', 'beneficiary_bank_identifier': '#1B8241', 'vessel_flight_no': '#38100D', 'goods_description': '#3F6E3B', 'incoterm': '#9A43F7', 'invoice_due_date': '#28A728', 'tenor_type': '#F822EB', 'country_of_origin_of_goods': '#6756B7', 'invoice_no': '#F8AAA2', 'cosignee_name': '#D354CF', 'total_quantity_of_goods': '#2A9D78', 'consignor_address': '#5005F3', 'invoice_tax_ccy': '#C52FE5', 'gross_weight': '#A4EAFA', 'notify_party_name': '#ECA241', 'dimension': '#C06C2A', 'consignor_name': '#22DAD1', 'indicator_type': '#BA8753', 'invoice_tax_amount': '#C5425B', 'country_of_final_destination': '#F06D0E', 'usance_tenor': '#B95BF9', 'date_of_invoice': '#952FC2', 'invoice_currency': '#0FA8F9', 'invoice_amount_in_words': '#37DB44', 'awb_number': '#E753E5', 'awb_date': '#E00759', 'lc_ref_no': '#59AED5', 'vessel_name': '#8F98AD', 'net_weight': '#35631F', 'beneficiary_country': '#43B81F', 'beneficiary_drawer_exporter_seller_supplier_tin': '#C5B9B0', 'remitter_drawee_applicant_importer_buyer_name': '#DF5918', 'transaction_date': '#04DC03', 'shipper_name': '#72C837', 'indicator_date': '#B6D2CE', 'beneficiary_bank_country': '#38E297', 'shipper_address': '#D1DDE1', 'signature_of_the_issuer': '#FEF46C', 'tenor_indicator': '#FF12AE', 'delivery_terms': '#05B472', 'transaction_currency': '#DC8F80', 'beneficiary_drawer_exporter_seller_supplier_name': '#2B007E', 'page_no': '#C7AB4A', 'consignor_country': '#6F22FD', 'beneficiary_bank_name': '#62CACA', 'lc_date': '#2B0AA5', 'invoice_discount_ccy': '#5EF231', 'transaction_amonunt_value': '#659CDE', 'stamp': '#6E3F46', 'notify_party_address': '#02ADEA', 'invoice_amount': '#098E9F', 'port_of_discharge': '#4E9C4A'}
2024-01-30 13:45:17,609 is result_set is instance of dict? True
2024-01-30 13:45:17,610 is final_result_set is instance of dict? True
2024-01-30 13:45:17,629 Time taken for page 1 of Invoice_969_0.png:0:00:01.944324
2024-01-30 13:45:17,758 *****Generated All Pages****** for Invoice_969_0.png
2024-01-30 13:45:17,758 RAM memory 69.9 used for Invoice_969_0.png Generating All Pages:
2024-01-30 13:45:17,758 Processing time taken for all pages of Invoice_969_0.png1:0:00:02.073826
2024-01-30 13:45:17,932 file name is:Proforma_Invoice_808_0.png
2024-01-30 13:45:17,932 folder path :Images
2024-01-30 13:45:17,932 Calling Image result
2024-01-30 13:45:17,932 is all_page_result is instance of dict? True
2024-01-30 13:45:18,027 STREAM b'IHDR' 16 13
2024-01-30 13:45:18,027 STREAM b'IDAT' 41 65536
2024-01-30 13:45:18,047 is words is instance of list? True
2024-01-30 13:45:18,047 is bboxes is instance of list? True
2024-01-30 13:45:18,047 is bounding_boxes is instance of list? True
2024-01-30 13:45:18,232 is input_id_chunks is instance of list? True
2024-01-30 13:45:18,232 is mask_chunks is instance of list? True
2024-01-30 13:45:18,232 is bbox_chunks is instance of list? True
2024-01-30 13:45:18,232 is image_chunks is instance of list? True
2024-01-30 13:45:18,233 is input_dict is instance of dict? True
2024-01-30 13:45:18,992 Model Called
2024-01-30 13:45:18,993 RAM memory 65.9 used for Proforma_Invoice_808_0.png:
2024-01-30 13:45:18,993 is all_predictions is instance of list? True
2024-01-30 13:45:18,993 is all_boxes is instance of list? True
2024-01-30 13:45:18,993 is all_confidences is instance of list? True
2024-01-30 13:45:18,993 is all_text is instance of list? True
2024-01-30 13:45:18,993 is label2id is instance of dict? True
2024-01-30 13:45:18,993 is id2label is instance of dict? True
2024-01-30 13:45:18,994 is label2color is instance of dict? True
2024-01-30 13:45:18,994 label2color : {'signature': '#C39564', 'remitter_address': '#7CD7C9', 'O': '#130C49', 'notify_party_country': '#E815BE', 'port_of_loading': '#CF26AE', 'beneficiary_account_number': '#B9D58C', 'consignee_address': '#DC477B', 'beneficiary_iban_number': '#54ACC1', 'bill_of_lading_no': '#DC5F2A', 'pre-carriage-by': '#69EB62', 'invoice_discount_amount': '#26BAB7', 'beneficiary_address': '#8408CA', 'rate_per_unit': '#D95F4A', 'original_or_copy': '#4A3227', 'hs_code_no': '#9C69CF', 'bill_of_lading_date': '#6EA638', 'declaration_by_issuer': '#C63EEE', 'beneficiary_bank_identifier': '#B2B47E', 'vessel_flight_no': '#0174B9', 'goods_description': '#882789', 'incoterm': '#EB1873', 'invoice_due_date': '#F048C4', 'tenor_type': '#BAE11F', 'country_of_origin_of_goods': '#A4A278', 'invoice_no': '#5FDEAC', 'cosignee_name': '#6E2F1E', 'total_quantity_of_goods': '#CDB0DF', 'consignor_address': '#D71483', 'invoice_tax_ccy': '#67ECEE', 'gross_weight': '#CAAB72', 'notify_party_name': '#E40552', 'dimension': '#4186F7', 'consignor_name': '#E00ED4', 'indicator_type': '#6895B3', 'invoice_tax_amount': '#D84F28', 'country_of_final_destination': '#3BEF83', 'usance_tenor': '#A921C4', 'date_of_invoice': '#D0E2BF', 'invoice_currency': '#7F6716', 'invoice_amount_in_words': '#B34E2E', 'awb_number': '#A22B25', 'awb_date': '#D2B480', 'lc_ref_no': '#5FC2C3', 'vessel_name': '#C5831C', 'net_weight': '#BDABFF', 'beneficiary_country': '#E88BCC', 'beneficiary_drawer_exporter_seller_supplier_tin': '#D37D09', 'remitter_drawee_applicant_importer_buyer_name': '#09895D', 'transaction_date': '#1138BB', 'shipper_name': '#5DEDF0', 'indicator_date': '#B7B7C1', 'beneficiary_bank_country': '#81A08E', 'shipper_address': '#CD8A34', 'signature_of_the_issuer': '#32D1FF', 'tenor_indicator': '#ED345E', 'delivery_terms': '#E91628', 'transaction_currency': '#B5892E', 'beneficiary_drawer_exporter_seller_supplier_name': '#38D195', 'page_no': '#650185', 'consignor_country': '#5A67AA', 'beneficiary_bank_name': '#1EC0AE', 'lc_date': '#AE8F9D', 'invoice_discount_ccy': '#FD16CB', 'transaction_amonunt_value': '#CF891F', 'stamp': '#3651CA', 'notify_party_address': '#C931EE', 'invoice_amount': '#0E2282', 'port_of_discharge': '#2CC2A8'}
2024-01-30 13:45:19,118 is result_set is instance of dict? True
2024-01-30 13:45:19,119 is final_result_set is instance of dict? True
2024-01-30 13:45:19,139 Time taken for page 1 of Proforma_Invoice_808_0.png:0:00:01.112285
2024-01-30 13:45:19,285 *****Generated All Pages****** for Proforma_Invoice_808_0.png
2024-01-30 13:45:19,285 RAM memory 66.1 used for Proforma_Invoice_808_0.png Generating All Pages:
2024-01-30 13:45:19,286 Processing time taken for all pages of Proforma_Invoice_808_0.png1:0:00:01.353442
2024-01-30 13:45:19,449 file name is:Invoice_405_28.png
2024-01-30 13:45:19,449 folder path :Images
2024-01-30 13:45:19,449 Calling Image result
2024-01-30 13:45:19,449 is all_page_result is instance of dict? True
2024-01-30 13:45:19,450 STREAM b'IHDR' 16 13
2024-01-30 13:45:19,450 STREAM b'IDAT' 41 51788
2024-01-30 13:45:19,563 is words is instance of list? True
2024-01-30 13:45:19,563 is bboxes is instance of list? True
2024-01-30 13:45:19,563 is bounding_boxes is instance of list? True
2024-01-30 13:45:19,771 is input_id_chunks is instance of list? True
2024-01-30 13:45:19,771 is mask_chunks is instance of list? True
2024-01-30 13:45:19,771 is bbox_chunks is instance of list? True
2024-01-30 13:45:19,771 is image_chunks is instance of list? True
2024-01-30 13:45:19,772 is input_dict is instance of dict? True
2024-01-30 13:45:21,362 Model Called
2024-01-30 13:45:21,363 RAM memory 68.1 used for Invoice_405_28.png:
2024-01-30 13:45:21,363 is all_predictions is instance of list? True
2024-01-30 13:45:21,363 is all_boxes is instance of list? True
2024-01-30 13:45:21,363 is all_confidences is instance of list? True
2024-01-30 13:45:21,363 is all_text is instance of list? True
2024-01-30 13:45:21,363 is label2id is instance of dict? True
2024-01-30 13:45:21,363 is id2label is instance of dict? True
2024-01-30 13:45:21,364 is label2color is instance of dict? True
2024-01-30 13:45:21,364 label2color : {'signature': '#697A31', 'remitter_address': '#D6EDA7', 'O': '#FB5246', 'notify_party_country': '#C32636', 'port_of_loading': '#2C43AF', 'beneficiary_account_number': '#19EE3E', 'consignee_address': '#A25CF0', 'beneficiary_iban_number': '#BD861E', 'bill_of_lading_no': '#85681C', 'pre-carriage-by': '#8A166F', 'invoice_discount_amount': '#7C4423', 'beneficiary_address': '#1F2206', 'rate_per_unit': '#C2273B', 'original_or_copy': '#C25320', 'hs_code_no': '#F597C0', 'bill_of_lading_date': '#0ADE38', 'declaration_by_issuer': '#7C1347', 'beneficiary_bank_identifier': '#D2E489', 'vessel_flight_no': '#38B27F', 'goods_description': '#268F86', 'incoterm': '#406198', 'invoice_due_date': '#7A9C0B', 'tenor_type': '#2978E3', 'country_of_origin_of_goods': '#58220E', 'invoice_no': '#6CA1DB', 'cosignee_name': '#D8B52C', 'total_quantity_of_goods': '#5ABE05', 'consignor_address': '#7541C5', 'invoice_tax_ccy': '#A35092', 'gross_weight': '#00168B', 'notify_party_name': '#EC9AC5', 'dimension': '#5F04AE', 'consignor_name': '#C5C6B3', 'indicator_type': '#756592', 'invoice_tax_amount': '#E2CCC7', 'country_of_final_destination': '#C47027', 'usance_tenor': '#56A5D7', 'date_of_invoice': '#139C89', 'invoice_currency': '#6F1572', 'invoice_amount_in_words': '#7180E5', 'awb_number': '#E5CC8F', 'awb_date': '#2DE6BE', 'lc_ref_no': '#50B54A', 'vessel_name': '#C68BB0', 'net_weight': '#0243ED', 'beneficiary_country': '#D9512C', 'beneficiary_drawer_exporter_seller_supplier_tin': '#3BB0BD', 'remitter_drawee_applicant_importer_buyer_name': '#6D3CFA', 'transaction_date': '#2076BA', 'shipper_name': '#4D8EE3', 'indicator_date': '#BB8C14', 'beneficiary_bank_country': '#F64F24', 'shipper_address': '#CC1F07', 'signature_of_the_issuer': '#A00ACE', 'tenor_indicator': '#74BCE2', 'delivery_terms': '#DDD37D', 'transaction_currency': '#AE1AF6', 'beneficiary_drawer_exporter_seller_supplier_name': '#1DF9F8', 'page_no': '#FE8014', 'consignor_country': '#92C26D', 'beneficiary_bank_name': '#639748', 'lc_date': '#8B83C5', 'invoice_discount_ccy': '#D21312', 'transaction_amonunt_value': '#DCE1F3', 'stamp': '#DD09DB', 'notify_party_address': '#053B63', 'invoice_amount': '#6999E1', 'port_of_discharge': '#9D59E8'}
2024-01-30 13:45:21,556 is result_set is instance of dict? True
2024-01-30 13:45:21,557 is final_result_set is instance of dict? True
2024-01-30 13:45:21,576 Time taken for page 1 of Invoice_405_28.png:0:00:02.126543
2024-01-30 13:45:21,724 *****Generated All Pages****** for Invoice_405_28.png
2024-01-30 13:45:21,724 RAM memory 68.5 used for Invoice_405_28.png Generating All Pages:
2024-01-30 13:45:21,724 Processing time taken for all pages of Invoice_405_28.png1:0:00:02.275309
2024-01-30 13:45:21,877 file name is:Invoice_981_1.png
2024-01-30 13:45:21,877 folder path :Images
2024-01-30 13:45:21,877 Calling Image result
2024-01-30 13:45:21,877 is all_page_result is instance of dict? True
2024-01-30 13:45:21,878 STREAM b'IHDR' 16 13
2024-01-30 13:45:21,878 STREAM b'IDAT' 41 51950
2024-01-30 13:45:22,001 is words is instance of list? True
2024-01-30 13:45:22,001 is bboxes is instance of list? True
2024-01-30 13:45:22,002 is bounding_boxes is instance of list? True
2024-01-30 13:45:22,185 is input_id_chunks is instance of list? True
2024-01-30 13:45:22,185 is mask_chunks is instance of list? True
2024-01-30 13:45:22,185 is bbox_chunks is instance of list? True
2024-01-30 13:45:22,185 is image_chunks is instance of list? True
2024-01-30 13:45:22,186 is input_dict is instance of dict? True
2024-01-30 13:45:23,715 Model Called
2024-01-30 13:45:23,715 RAM memory 69.1 used for Invoice_981_1.png:
2024-01-30 13:45:23,715 is all_predictions is instance of list? True
2024-01-30 13:45:23,715 is all_boxes is instance of list? True
2024-01-30 13:45:23,715 is all_confidences is instance of list? True
2024-01-30 13:45:23,715 is all_text is instance of list? True
2024-01-30 13:45:23,716 is label2id is instance of dict? True
2024-01-30 13:45:23,716 is id2label is instance of dict? True
2024-01-30 13:45:23,717 is label2color is instance of dict? True
2024-01-30 13:45:23,717 label2color : {'signature': '#E4D3BB', 'remitter_address': '#E89D8E', 'O': '#A45035', 'notify_party_country': '#92F0E2', 'port_of_loading': '#B4D403', 'beneficiary_account_number': '#23A2BE', 'consignee_address': '#F221FE', 'beneficiary_iban_number': '#30C552', 'bill_of_lading_no': '#5DDAFA', 'pre-carriage-by': '#00D2B6', 'invoice_discount_amount': '#92DBA9', 'beneficiary_address': '#BA86B0', 'rate_per_unit': '#7C6E8D', 'original_or_copy': '#EC02EA', 'hs_code_no': '#302293', 'bill_of_lading_date': '#780ABC', 'declaration_by_issuer': '#DFC88F', 'beneficiary_bank_identifier': '#5F8DBE', 'vessel_flight_no': '#466F57', 'goods_description': '#606308', 'incoterm': '#CBF064', 'invoice_due_date': '#9DAD4F', 'tenor_type': '#3E035C', 'country_of_origin_of_goods': '#8D8211', 'invoice_no': '#9190ED', 'cosignee_name': '#BC9973', 'total_quantity_of_goods': '#9BBFAF', 'consignor_address': '#E7A1CB', 'invoice_tax_ccy': '#0ACD20', 'gross_weight': '#A4332F', 'notify_party_name': '#AE0F08', 'dimension': '#FEEBEF', 'consignor_name': '#E7BABF', 'indicator_type': '#A98B56', 'invoice_tax_amount': '#B9C1EE', 'country_of_final_destination': '#01A292', 'usance_tenor': '#FA09F5', 'date_of_invoice': '#33FDD9', 'invoice_currency': '#227842', 'invoice_amount_in_words': '#2348CC', 'awb_number': '#05906F', 'awb_date': '#AE69E0', 'lc_ref_no': '#89092F', 'vessel_name': '#4B6E72', 'net_weight': '#39332E', 'beneficiary_country': '#05E781', 'beneficiary_drawer_exporter_seller_supplier_tin': '#DCEF51', 'remitter_drawee_applicant_importer_buyer_name': '#9D71F9', 'transaction_date': '#70027F', 'shipper_name': '#FB51B5', 'indicator_date': '#326E93', 'beneficiary_bank_country': '#063822', 'shipper_address': '#842E5A', 'signature_of_the_issuer': '#56FB6C', 'tenor_indicator': '#4F5493', 'delivery_terms': '#9011DD', 'transaction_currency': '#8529A2', 'beneficiary_drawer_exporter_seller_supplier_name': '#9E0F56', 'page_no': '#4DB08B', 'consignor_country': '#B47BE9', 'beneficiary_bank_name': '#A653ED', 'lc_date': '#B36B0B', 'invoice_discount_ccy': '#724BE1', 'transaction_amonunt_value': '#2C48A2', 'stamp': '#BF5901', 'notify_party_address': '#B179B1', 'invoice_amount': '#9F9A2A', 'port_of_discharge': '#98800D'}
2024-01-30 13:45:24,047 is result_set is instance of dict? True
2024-01-30 13:45:24,048 is final_result_set is instance of dict? True
2024-01-30 13:45:24,104 Time taken for page 1 of Invoice_981_1.png:0:00:02.225805
2024-01-30 13:45:24,292 *****Generated All Pages****** for Invoice_981_1.png
2024-01-30 13:45:24,293 RAM memory 69.2 used for Invoice_981_1.png Generating All Pages:
2024-01-30 13:45:24,293 Processing time taken for all pages of Invoice_981_1.png1:0:00:02.415425
2024-01-30 13:45:24,438 file name is:Invoice_969_3.png
2024-01-30 13:45:24,438 folder path :Images
2024-01-30 13:45:24,438 Calling Image result
2024-01-30 13:45:24,438 is all_page_result is instance of dict? True
2024-01-30 13:45:24,439 STREAM b'IHDR' 16 13
2024-01-30 13:45:24,439 STREAM b'IDAT' 41 45068
2024-01-30 13:45:24,459 is words is instance of list? True
2024-01-30 13:45:24,459 is bboxes is instance of list? True
2024-01-30 13:45:24,459 is bounding_boxes is instance of list? True
2024-01-30 13:45:24,677 is input_id_chunks is instance of list? True
2024-01-30 13:45:24,677 is mask_chunks is instance of list? True
2024-01-30 13:45:24,677 is bbox_chunks is instance of list? True
2024-01-30 13:45:24,677 is image_chunks is instance of list? True
2024-01-30 13:45:24,678 is input_dict is instance of dict? True
2024-01-30 13:45:26,276 Model Called
2024-01-30 13:45:26,276 RAM memory 67.2 used for Invoice_969_3.png:
2024-01-30 13:45:26,277 is all_predictions is instance of list? True
2024-01-30 13:45:26,277 is all_boxes is instance of list? True
2024-01-30 13:45:26,277 is all_confidences is instance of list? True
2024-01-30 13:45:26,277 is all_text is instance of list? True
2024-01-30 13:45:26,277 is label2id is instance of dict? True
2024-01-30 13:45:26,277 is id2label is instance of dict? True
2024-01-30 13:45:26,278 is label2color is instance of dict? True
2024-01-30 13:45:26,278 label2color : {'signature': '#FDCDA1', 'remitter_address': '#17ECB8', 'O': '#9C64C8', 'notify_party_country': '#AF73F6', 'port_of_loading': '#C71A44', 'beneficiary_account_number': '#6CFCB1', 'consignee_address': '#FFEBCB', 'beneficiary_iban_number': '#3F8323', 'bill_of_lading_no': '#46107F', 'pre-carriage-by': '#2C7C6A', 'invoice_discount_amount': '#7B245C', 'beneficiary_address': '#CA2655', 'rate_per_unit': '#94C92F', 'original_or_copy': '#5F35D6', 'hs_code_no': '#3A5204', 'bill_of_lading_date': '#9B04DF', 'declaration_by_issuer': '#21AB7A', 'beneficiary_bank_identifier': '#1100E6', 'vessel_flight_no': '#0B0557', 'goods_description': '#324C3F', 'incoterm': '#D9607A', 'invoice_due_date': '#104A4E', 'tenor_type': '#CE250C', 'country_of_origin_of_goods': '#0C6AFD', 'invoice_no': '#4383F5', 'cosignee_name': '#D37D70', 'total_quantity_of_goods': '#57C207', 'consignor_address': '#B2D06E', 'invoice_tax_ccy': '#5C6AD6', 'gross_weight': '#79984F', 'notify_party_name': '#9E4888', 'dimension': '#98B223', 'consignor_name': '#48BC3B', 'indicator_type': '#71D59C', 'invoice_tax_amount': '#51245D', 'country_of_final_destination': '#98A2BD', 'usance_tenor': '#BD2536', 'date_of_invoice': '#2F3B8E', 'invoice_currency': '#5D4C07', 'invoice_amount_in_words': '#B96533', 'awb_number': '#AC3403', 'awb_date': '#0D840F', 'lc_ref_no': '#E23069', 'vessel_name': '#F986F5', 'net_weight': '#C3C24F', 'beneficiary_country': '#4DC0C7', 'beneficiary_drawer_exporter_seller_supplier_tin': '#F6C422', 'remitter_drawee_applicant_importer_buyer_name': '#911FFE', 'transaction_date': '#C39CE4', 'shipper_name': '#8ACD4A', 'indicator_date': '#5E48D4', 'beneficiary_bank_country': '#832744', 'shipper_address': '#A0F02F', 'signature_of_the_issuer': '#E6C8E6', 'tenor_indicator': '#0D8293', 'delivery_terms': '#92C4A1', 'transaction_currency': '#D6036E', 'beneficiary_drawer_exporter_seller_supplier_name': '#4515EF', 'page_no': '#E8DAE8', 'consignor_country': '#F275B5', 'beneficiary_bank_name': '#9F8E52', 'lc_date': '#AB04CD', 'invoice_discount_ccy': '#A6C593', 'transaction_amonunt_value': '#044C26', 'stamp': '#E90E45', 'notify_party_address': '#E78D97', 'invoice_amount': '#B5966F', 'port_of_discharge': '#F6962C'}
2024-01-30 13:45:26,538 is result_set is instance of dict? True
2024-01-30 13:45:26,539 is final_result_set is instance of dict? True
2024-01-30 13:45:26,565 Time taken for page 1 of Invoice_969_3.png:0:00:02.125913
2024-01-30 13:45:26,706 *****Generated All Pages****** for Invoice_969_3.png
2024-01-30 13:45:26,707 RAM memory 67.7 used for Invoice_969_3.png Generating All Pages:
2024-01-30 13:45:26,707 Processing time taken for all pages of Invoice_969_3.png1:0:00:02.268229
2024-01-30 13:45:26,866 file name is:Invoice_667_0.png
2024-01-30 13:45:26,866 folder path :Images
2024-01-30 13:45:26,866 Calling Image result
2024-01-30 13:45:26,866 is all_page_result is instance of dict? True
2024-01-30 13:45:26,867 STREAM b'IHDR' 16 13
2024-01-30 13:45:26,867 STREAM b'IDAT' 41 37290
2024-01-30 13:45:26,885 Checking spheric-time-383904-f1b421d86eef.json for explicit credentials as part of auth process...
2024-01-30 13:45:27,817 is words is instance of list? True
2024-01-30 13:45:27,817 is bboxes is instance of list? True
2024-01-30 13:45:27,817 is bounding_boxes is instance of list? True
2024-01-30 13:45:28,000 is input_id_chunks is instance of list? True
2024-01-30 13:45:28,000 is mask_chunks is instance of list? True
2024-01-30 13:45:28,000 is bbox_chunks is instance of list? True
2024-01-30 13:45:28,000 is image_chunks is instance of list? True
2024-01-30 13:45:28,001 is input_dict is instance of dict? True
2024-01-30 13:45:28,800 Model Called
2024-01-30 13:45:28,800 RAM memory 66.3 used for Invoice_667_0.png:
2024-01-30 13:45:28,801 is all_predictions is instance of list? True
2024-01-30 13:45:28,801 is all_boxes is instance of list? True
2024-01-30 13:45:28,801 is all_confidences is instance of list? True
2024-01-30 13:45:28,801 is all_text is instance of list? True
2024-01-30 13:45:28,801 is label2id is instance of dict? True
2024-01-30 13:45:28,801 is id2label is instance of dict? True
2024-01-30 13:45:28,802 is label2color is instance of dict? True
2024-01-30 13:45:28,802 label2color : {'signature': '#8B9D95', 'remitter_address': '#000B4F', 'O': '#5DFF88', 'notify_party_country': '#6331FA', 'port_of_loading': '#B8BB50', 'beneficiary_account_number': '#B24A48', 'consignee_address': '#0D375F', 'beneficiary_iban_number': '#FCB2F8', 'bill_of_lading_no': '#3813A7', 'pre-carriage-by': '#DE12D5', 'invoice_discount_amount': '#E80365', 'beneficiary_address': '#0EA332', 'rate_per_unit': '#BADE93', 'original_or_copy': '#AD7ACA', 'hs_code_no': '#767EDC', 'bill_of_lading_date': '#A02F9D', 'declaration_by_issuer': '#310B9F', 'beneficiary_bank_identifier': '#47B7E1', 'vessel_flight_no': '#E9D51E', 'goods_description': '#45594F', 'incoterm': '#6152E6', 'invoice_due_date': '#7A71AE', 'tenor_type': '#86BCCE', 'country_of_origin_of_goods': '#E10CAD', 'invoice_no': '#3C4C34', 'cosignee_name': '#BE0FC3', 'total_quantity_of_goods': '#1EC36C', 'consignor_address': '#A06E69', 'invoice_tax_ccy': '#B9527F', 'gross_weight': '#34AACA', 'notify_party_name': '#DAA63A', 'dimension': '#59601A', 'consignor_name': '#DA43E8', 'indicator_type': '#620203', 'invoice_tax_amount': '#FC3471', 'country_of_final_destination': '#5F3674', 'usance_tenor': '#762705', 'date_of_invoice': '#DDEE87', 'invoice_currency': '#D59F97', 'invoice_amount_in_words': '#02227B', 'awb_number': '#D9C4F1', 'awb_date': '#1A5D79', 'lc_ref_no': '#49ADEE', 'vessel_name': '#4D8D9F', 'net_weight': '#A76F7C', 'beneficiary_country': '#3BFADD', 'beneficiary_drawer_exporter_seller_supplier_tin': '#549FA6', 'remitter_drawee_applicant_importer_buyer_name': '#F89D77', 'transaction_date': '#0209AC', 'shipper_name': '#5F0310', 'indicator_date': '#958959', 'beneficiary_bank_country': '#8DFD71', 'shipper_address': '#89AE79', 'signature_of_the_issuer': '#DE2CCF', 'tenor_indicator': '#FA4E89', 'delivery_terms': '#0CDF21', 'transaction_currency': '#76693D', 'beneficiary_drawer_exporter_seller_supplier_name': '#922727', 'page_no': '#03825F', 'consignor_country': '#A3AFB6', 'beneficiary_bank_name': '#06490D', 'lc_date': '#3D056E', 'invoice_discount_ccy': '#99A731', 'transaction_amonunt_value': '#963100', 'stamp': '#CACACF', 'notify_party_address': '#099E6F', 'invoice_amount': '#3EF3E5', 'port_of_discharge': '#A5E2E6'}
2024-01-30 13:45:28,928 is result_set is instance of dict? True
2024-01-30 13:45:28,928 is final_result_set is instance of dict? True
2024-01-30 13:45:28,948 Time taken for page 1 of Invoice_667_0.png:0:00:02.080756
2024-01-30 13:45:29,070 *****Generated All Pages****** for Invoice_667_0.png
2024-01-30 13:45:29,070 RAM memory 66.5 used for Invoice_667_0.png Generating All Pages:
2024-01-30 13:45:29,070 Processing time taken for all pages of Invoice_667_0.png1:0:00:02.203834
2024-01-30 13:45:29,222 file name is:Proforma_Invoice_796_0.png
2024-01-30 13:45:29,222 folder path :Images
2024-01-30 13:45:29,222 Calling Image result
2024-01-30 13:45:29,222 is all_page_result is instance of dict? True
2024-01-30 13:45:29,223 STREAM b'IHDR' 16 13
2024-01-30 13:45:29,223 STREAM b'IDAT' 41 65078
2024-01-30 13:45:29,242 is words is instance of list? True
2024-01-30 13:45:29,242 is bboxes is instance of list? True
2024-01-30 13:45:29,242 is bounding_boxes is instance of list? True
2024-01-30 13:45:29,446 is input_id_chunks is instance of list? True
2024-01-30 13:45:29,446 is mask_chunks is instance of list? True
2024-01-30 13:45:29,446 is bbox_chunks is instance of list? True
2024-01-30 13:45:29,446 is image_chunks is instance of list? True
2024-01-30 13:45:29,447 is input_dict is instance of dict? True
2024-01-30 13:45:31,085 Model Called
2024-01-30 13:45:31,086 RAM memory 70.4 used for Proforma_Invoice_796_0.png:
2024-01-30 13:45:31,086 is all_predictions is instance of list? True
2024-01-30 13:45:31,086 is all_boxes is instance of list? True
2024-01-30 13:45:31,086 is all_confidences is instance of list? True
2024-01-30 13:45:31,086 is all_text is instance of list? True
2024-01-30 13:45:31,087 is label2id is instance of dict? True
2024-01-30 13:45:31,087 is id2label is instance of dict? True
2024-01-30 13:45:31,089 is label2color is instance of dict? True
2024-01-30 13:45:31,089 label2color : {'signature': '#327D76', 'remitter_address': '#7E1D67', 'O': '#CD039D', 'notify_party_country': '#61914B', 'port_of_loading': '#B438D2', 'beneficiary_account_number': '#FD9128', 'consignee_address': '#3A6B30', 'beneficiary_iban_number': '#B31F09', 'bill_of_lading_no': '#C54B07', 'pre-carriage-by': '#081D76', 'invoice_discount_amount': '#C997DE', 'beneficiary_address': '#2B1240', 'rate_per_unit': '#5D7D0B', 'original_or_copy': '#F3A2AB', 'hs_code_no': '#E6F035', 'bill_of_lading_date': '#F8A1D8', 'declaration_by_issuer': '#EA713B', 'beneficiary_bank_identifier': '#6308DA', 'vessel_flight_no': '#5CF55E', 'goods_description': '#EAA5C9', 'incoterm': '#24EBC0', 'invoice_due_date': '#45481E', 'tenor_type': '#2E8D55', 'country_of_origin_of_goods': '#EA48E6', 'invoice_no': '#1DAF4F', 'cosignee_name': '#5D367A', 'total_quantity_of_goods': '#921E13', 'consignor_address': '#9BB277', 'invoice_tax_ccy': '#4934CF', 'gross_weight': '#E22410', 'notify_party_name': '#5AF210', 'dimension': '#58A6CF', 'consignor_name': '#F954C7', 'indicator_type': '#64CA34', 'invoice_tax_amount': '#B295A3', 'country_of_final_destination': '#CBABA1', 'usance_tenor': '#D6FBDA', 'date_of_invoice': '#50FE29', 'invoice_currency': '#51A55F', 'invoice_amount_in_words': '#D23DCE', 'awb_number': '#079AF0', 'awb_date': '#A12AB6', 'lc_ref_no': '#3FFFC3', 'vessel_name': '#8F4DF7', 'net_weight': '#32454F', 'beneficiary_country': '#6384E4', 'beneficiary_drawer_exporter_seller_supplier_tin': '#929F32', 'remitter_drawee_applicant_importer_buyer_name': '#50F442', 'transaction_date': '#6FB4EC', 'shipper_name': '#9082BA', 'indicator_date': '#56B687', 'beneficiary_bank_country': '#86EB11', 'shipper_address': '#06D621', 'signature_of_the_issuer': '#075FE9', 'tenor_indicator': '#D9370C', 'delivery_terms': '#4C45A0', 'transaction_currency': '#1CA2CA', 'beneficiary_drawer_exporter_seller_supplier_name': '#3B5496', 'page_no': '#C85E0D', 'consignor_country': '#983D2E', 'beneficiary_bank_name': '#B8869A', 'lc_date': '#823052', 'invoice_discount_ccy': '#22EC19', 'transaction_amonunt_value': '#05743D', 'stamp': '#B62945', 'notify_party_address': '#40BF80', 'invoice_amount': '#5EB967', 'port_of_discharge': '#555F71'}
2024-01-30 13:45:31,335 is result_set is instance of dict? True
2024-01-30 13:45:31,335 is final_result_set is instance of dict? True
2024-01-30 13:45:31,351 Time taken for page 1 of Proforma_Invoice_796_0.png:0:00:02.127938
2024-01-30 13:45:31,519 *****Generated All Pages****** for Proforma_Invoice_796_0.png
2024-01-30 13:45:31,519 RAM memory 68.3 used for Proforma_Invoice_796_0.png Generating All Pages:
2024-01-30 13:45:31,519 Processing time taken for all pages of Proforma_Invoice_796_0.png1:0:00:02.296488
2024-01-30 13:45:31,692 file name is:Invoice_965_0.png
2024-01-30 13:45:31,692 folder path :Images
2024-01-30 13:45:31,692 Calling Image result
2024-01-30 13:45:31,692 is all_page_result is instance of dict? True
2024-01-30 13:45:31,781 STREAM b'IHDR' 16 13
2024-01-30 13:45:31,781 STREAM b'IDAT' 41 53202
2024-01-30 13:45:31,819 is words is instance of list? True
2024-01-30 13:45:31,819 is bboxes is instance of list? True
2024-01-30 13:45:31,819 is bounding_boxes is instance of list? True
2024-01-30 13:45:31,999 is input_id_chunks is instance of list? True
2024-01-30 13:45:31,999 is mask_chunks is instance of list? True
2024-01-30 13:45:31,999 is bbox_chunks is instance of list? True
2024-01-30 13:45:31,999 is image_chunks is instance of list? True
2024-01-30 13:45:31,999 is input_dict is instance of dict? True
2024-01-30 13:45:33,626 Model Called
2024-01-30 13:45:33,626 RAM memory 69.1 used for Invoice_965_0.png:
2024-01-30 13:45:33,626 is all_predictions is instance of list? True
2024-01-30 13:45:33,626 is all_boxes is instance of list? True
2024-01-30 13:45:33,626 is all_confidences is instance of list? True
2024-01-30 13:45:33,626 is all_text is instance of list? True
2024-01-30 13:45:33,627 is label2id is instance of dict? True
2024-01-30 13:45:33,627 is id2label is instance of dict? True
2024-01-30 13:45:33,627 is label2color is instance of dict? True
2024-01-30 13:45:33,627 label2color : {'signature': '#BC17D9', 'remitter_address': '#C20528', 'O': '#419E08', 'notify_party_country': '#F54A2E', 'port_of_loading': '#A737FC', 'beneficiary_account_number': '#B6C79F', 'consignee_address': '#8B844A', 'beneficiary_iban_number': '#0EF1C6', 'bill_of_lading_no': '#F7141C', 'pre-carriage-by': '#39445F', 'invoice_discount_amount': '#EA5766', 'beneficiary_address': '#C8F000', 'rate_per_unit': '#4C7482', 'original_or_copy': '#813BD0', 'hs_code_no': '#C376AF', 'bill_of_lading_date': '#B5E96F', 'declaration_by_issuer': '#F7C53F', 'beneficiary_bank_identifier': '#B8A3EB', 'vessel_flight_no': '#F532A9', 'goods_description': '#658F57', 'incoterm': '#FD39C4', 'invoice_due_date': '#1592CE', 'tenor_type': '#F87D67', 'country_of_origin_of_goods': '#63E0B3', 'invoice_no': '#A79B72', 'cosignee_name': '#50BE42', 'total_quantity_of_goods': '#8136ED', 'consignor_address': '#87EC28', 'invoice_tax_ccy': '#ECDF46', 'gross_weight': '#902288', 'notify_party_name': '#1BD991', 'dimension': '#F0FC8E', 'consignor_name': '#D6C519', 'indicator_type': '#04A148', 'invoice_tax_amount': '#A2005D', 'country_of_final_destination': '#E4B123', 'usance_tenor': '#D5419A', 'date_of_invoice': '#B505F0', 'invoice_currency': '#953A68', 'invoice_amount_in_words': '#6442D6', 'awb_number': '#C5C46D', 'awb_date': '#FC30C0', 'lc_ref_no': '#CF9A30', 'vessel_name': '#67A735', 'net_weight': '#11AB9C', 'beneficiary_country': '#97C6E7', 'beneficiary_drawer_exporter_seller_supplier_tin': '#EE0602', 'remitter_drawee_applicant_importer_buyer_name': '#A42EA6', 'transaction_date': '#44B0E3', 'shipper_name': '#48DCC3', 'indicator_date': '#BE3C06', 'beneficiary_bank_country': '#718589', 'shipper_address': '#3908E6', 'signature_of_the_issuer': '#B3F7B6', 'tenor_indicator': '#8B4AF0', 'delivery_terms': '#8CB960', 'transaction_currency': '#D73FE1', 'beneficiary_drawer_exporter_seller_supplier_name': '#D1D396', 'page_no': '#43E6CC', 'consignor_country': '#2A74BB', 'beneficiary_bank_name': '#87DD5A', 'lc_date': '#0F11AD', 'invoice_discount_ccy': '#4AFA85', 'transaction_amonunt_value': '#7D4CE8', 'stamp': '#717936', 'notify_party_address': '#B876CA', 'invoice_amount': '#CC72D5', 'port_of_discharge': '#DD8246'}
2024-01-30 13:45:33,816 is result_set is instance of dict? True
2024-01-30 13:45:33,818 is final_result_set is instance of dict? True
2024-01-30 13:45:33,849 Time taken for page 1 of Invoice_965_0.png:0:00:02.067492
2024-01-30 13:45:33,978 *****Generated All Pages****** for Invoice_965_0.png
2024-01-30 13:45:33,978 RAM memory 69.3 used for Invoice_965_0.png Generating All Pages:
2024-01-30 13:45:33,978 Processing time taken for all pages of Invoice_965_0.png1:0:00:02.286141
2024-01-30 13:45:34,145 file name is:Invoice_969_5.png
2024-01-30 13:45:34,146 folder path :Images
2024-01-30 13:45:34,146 Calling Image result
2024-01-30 13:45:34,146 is all_page_result is instance of dict? True
2024-01-30 13:45:34,146 STREAM b'IHDR' 16 13
2024-01-30 13:45:34,146 STREAM b'IDAT' 41 45710
2024-01-30 13:45:34,173 is words is instance of list? True
2024-01-30 13:45:34,173 is bboxes is instance of list? True
2024-01-30 13:45:34,173 is bounding_boxes is instance of list? True
2024-01-30 13:45:34,352 is input_id_chunks is instance of list? True
2024-01-30 13:45:34,352 is mask_chunks is instance of list? True
2024-01-30 13:45:34,352 is bbox_chunks is instance of list? True
2024-01-30 13:45:34,352 is image_chunks is instance of list? True
2024-01-30 13:45:34,353 is input_dict is instance of dict? True
2024-01-30 13:45:35,927 Model Called
2024-01-30 13:45:35,927 RAM memory 69.6 used for Invoice_969_5.png:
2024-01-30 13:45:35,927 is all_predictions is instance of list? True
2024-01-30 13:45:35,927 is all_boxes is instance of list? True
2024-01-30 13:45:35,927 is all_confidences is instance of list? True
2024-01-30 13:45:35,927 is all_text is instance of list? True
2024-01-30 13:45:35,928 is label2id is instance of dict? True
2024-01-30 13:45:35,928 is id2label is instance of dict? True
2024-01-30 13:45:35,928 is label2color is instance of dict? True
2024-01-30 13:45:35,929 label2color : {'signature': '#03C28D', 'remitter_address': '#AC06BB', 'O': '#A30BED', 'notify_party_country': '#EBBB03', 'port_of_loading': '#58BB03', 'beneficiary_account_number': '#C7336C', 'consignee_address': '#3E9B83', 'beneficiary_iban_number': '#A4451F', 'bill_of_lading_no': '#B52850', 'pre-carriage-by': '#EA61A1', 'invoice_discount_amount': '#2BE4B3', 'beneficiary_address': '#18251C', 'rate_per_unit': '#763E74', 'original_or_copy': '#C193E2', 'hs_code_no': '#27C4E3', 'bill_of_lading_date': '#7513D3', 'declaration_by_issuer': '#25398A', 'beneficiary_bank_identifier': '#343F2E', 'vessel_flight_no': '#65E8E0', 'goods_description': '#EBE063', 'incoterm': '#973635', 'invoice_due_date': '#21D0C6', 'tenor_type': '#1ED05A', 'country_of_origin_of_goods': '#EDC55E', 'invoice_no': '#2FC8BD', 'cosignee_name': '#5892A1', 'total_quantity_of_goods': '#F53148', 'consignor_address': '#C72713', 'invoice_tax_ccy': '#1C0538', 'gross_weight': '#07D73B', 'notify_party_name': '#41A755', 'dimension': '#02B9F2', 'consignor_name': '#165719', 'indicator_type': '#B84F92', 'invoice_tax_amount': '#346EDE', 'country_of_final_destination': '#07FDFF', 'usance_tenor': '#0B7375', 'date_of_invoice': '#F08EB0', 'invoice_currency': '#782D6C', 'invoice_amount_in_words': '#02807E', 'awb_number': '#F5F927', 'awb_date': '#20F206', 'lc_ref_no': '#C23DAF', 'vessel_name': '#C1ADF9', 'net_weight': '#7BC3C3', 'beneficiary_country': '#029D12', 'beneficiary_drawer_exporter_seller_supplier_tin': '#9E355D', 'remitter_drawee_applicant_importer_buyer_name': '#D6ED2C', 'transaction_date': '#D619AA', 'shipper_name': '#01A727', 'indicator_date': '#CFF492', 'beneficiary_bank_country': '#D44F46', 'shipper_address': '#4058E4', 'signature_of_the_issuer': '#46E279', 'tenor_indicator': '#DA3B9B', 'delivery_terms': '#72C798', 'transaction_currency': '#7DFD93', 'beneficiary_drawer_exporter_seller_supplier_name': '#A03C1A', 'page_no': '#ADF392', 'consignor_country': '#DC0F0E', 'beneficiary_bank_name': '#DB6179', 'lc_date': '#0D9676', 'invoice_discount_ccy': '#2684A0', 'transaction_amonunt_value': '#974282', 'stamp': '#D4503C', 'notify_party_address': '#5CD441', 'invoice_amount': '#EB3AFD', 'port_of_discharge': '#F47D81'}
2024-01-30 13:45:36,119 is result_set is instance of dict? True
2024-01-30 13:45:36,120 is final_result_set is instance of dict? True
2024-01-30 13:45:36,142 Time taken for page 1 of Invoice_969_5.png:0:00:01.994929
2024-01-30 13:45:36,274 *****Generated All Pages****** for Invoice_969_5.png
2024-01-30 13:45:36,274 RAM memory 69.6 used for Invoice_969_5.png Generating All Pages:
2024-01-30 13:45:36,274 Processing time taken for all pages of Invoice_969_5.png1:0:00:02.128156
2024-01-30 13:45:36,480 file name is:Invoice_978_1.png
2024-01-30 13:45:36,481 folder path :Images
2024-01-30 13:45:36,481 Calling Image result
2024-01-30 13:45:36,481 is all_page_result is instance of dict? True
2024-01-30 13:45:36,481 STREAM b'IHDR' 16 13
2024-01-30 13:45:36,481 STREAM b'IDAT' 41 26647
2024-01-30 13:45:36,494 is words is instance of list? True
2024-01-30 13:45:36,494 is bboxes is instance of list? True
2024-01-30 13:45:36,494 is bounding_boxes is instance of list? True
2024-01-30 13:45:36,615 is input_id_chunks is instance of list? True
2024-01-30 13:45:36,615 is mask_chunks is instance of list? True
2024-01-30 13:45:36,615 is bbox_chunks is instance of list? True
2024-01-30 13:45:36,615 is image_chunks is instance of list? True
2024-01-30 13:45:36,615 is input_dict is instance of dict? True
2024-01-30 13:45:37,388 Model Called
2024-01-30 13:45:37,388 RAM memory 64.6 used for Invoice_978_1.png:
2024-01-30 13:45:37,388 is all_predictions is instance of list? True
2024-01-30 13:45:37,388 is all_boxes is instance of list? True
2024-01-30 13:45:37,388 is all_confidences is instance of list? True
2024-01-30 13:45:37,388 is all_text is instance of list? True
2024-01-30 13:45:37,389 is label2id is instance of dict? True
2024-01-30 13:45:37,389 is id2label is instance of dict? True
2024-01-30 13:45:37,390 is label2color is instance of dict? True
2024-01-30 13:45:37,390 label2color : {'signature': '#220795', 'remitter_address': '#393394', 'O': '#9A24A9', 'notify_party_country': '#E80246', 'port_of_loading': '#275FA1', 'beneficiary_account_number': '#239144', 'consignee_address': '#744166', 'beneficiary_iban_number': '#1561BE', 'bill_of_lading_no': '#B99E53', 'pre-carriage-by': '#55DF02', 'invoice_discount_amount': '#7595BA', 'beneficiary_address': '#F46F18', 'rate_per_unit': '#148098', 'original_or_copy': '#6E5D84', 'hs_code_no': '#B6F837', 'bill_of_lading_date': '#7262AA', 'declaration_by_issuer': '#CFAC14', 'beneficiary_bank_identifier': '#996E2C', 'vessel_flight_no': '#1B34E8', 'goods_description': '#441F96', 'incoterm': '#3451C0', 'invoice_due_date': '#D1F66B', 'tenor_type': '#B05B7F', 'country_of_origin_of_goods': '#0B520E', 'invoice_no': '#8F032D', 'cosignee_name': '#5F909E', 'total_quantity_of_goods': '#0E52D9', 'consignor_address': '#E44C2F', 'invoice_tax_ccy': '#A1BBF5', 'gross_weight': '#942FA5', 'notify_party_name': '#80AA58', 'dimension': '#7ADB5B', 'consignor_name': '#63717F', 'indicator_type': '#630260', 'invoice_tax_amount': '#41E58A', 'country_of_final_destination': '#B5531C', 'usance_tenor': '#D17F53', 'date_of_invoice': '#6BAE58', 'invoice_currency': '#D5B8F6', 'invoice_amount_in_words': '#159F3A', 'awb_number': '#B345DF', 'awb_date': '#B7A975', 'lc_ref_no': '#7D2CDD', 'vessel_name': '#8D10D7', 'net_weight': '#558A57', 'beneficiary_country': '#BAEA71', 'beneficiary_drawer_exporter_seller_supplier_tin': '#8CC21B', 'remitter_drawee_applicant_importer_buyer_name': '#62B7AA', 'transaction_date': '#DA46DC', 'shipper_name': '#153837', 'indicator_date': '#816806', 'beneficiary_bank_country': '#915EC4', 'shipper_address': '#7DE485', 'signature_of_the_issuer': '#64ED6C', 'tenor_indicator': '#7C879A', 'delivery_terms': '#7210D5', 'transaction_currency': '#0AB30D', 'beneficiary_drawer_exporter_seller_supplier_name': '#CFAD6D', 'page_no': '#F13AB8', 'consignor_country': '#8D0054', 'beneficiary_bank_name': '#B5621A', 'lc_date': '#3CB4A4', 'invoice_discount_ccy': '#D5456C', 'transaction_amonunt_value': '#68BC00', 'stamp': '#AD113B', 'notify_party_address': '#7F4E47', 'invoice_amount': '#FAD2D3', 'port_of_discharge': '#CC55BA'}
2024-01-30 13:45:37,488 is result_set is instance of dict? True
2024-01-30 13:45:37,489 is final_result_set is instance of dict? True
2024-01-30 13:45:37,519 Time taken for page 1 of Invoice_978_1.png:0:00:01.037610
2024-01-30 13:45:37,605 *****Generated All Pages****** for Invoice_978_1.png
2024-01-30 13:45:37,605 RAM memory 64.8 used for Invoice_978_1.png Generating All Pages:
2024-01-30 13:45:37,605 Processing time taken for all pages of Invoice_978_1.png1:0:00:01.124148
2024-01-30 13:45:37,756 file name is:Invoice_408_0.png
2024-01-30 13:45:37,756 folder path :Images
2024-01-30 13:45:37,756 Calling Image result
2024-01-30 13:45:37,756 is all_page_result is instance of dict? True
2024-01-30 13:45:37,840 STREAM b'IHDR' 16 13
2024-01-30 13:45:37,840 STREAM b'IDAT' 41 65536
2024-01-30 13:45:37,888 is words is instance of list? True
2024-01-30 13:45:37,888 is bboxes is instance of list? True
2024-01-30 13:45:37,888 is bounding_boxes is instance of list? True
2024-01-30 13:45:38,115 is input_id_chunks is instance of list? True
2024-01-30 13:45:38,115 is mask_chunks is instance of list? True
2024-01-30 13:45:38,115 is bbox_chunks is instance of list? True
2024-01-30 13:45:38,115 is image_chunks is instance of list? True
2024-01-30 13:45:38,116 is input_dict is instance of dict? True
2024-01-30 13:45:40,438 Model Called
2024-01-30 13:45:40,439 RAM memory 77.7 used for Invoice_408_0.png:
2024-01-30 13:45:40,439 is all_predictions is instance of list? True
2024-01-30 13:45:40,439 is all_boxes is instance of list? True
2024-01-30 13:45:40,439 is all_confidences is instance of list? True
2024-01-30 13:45:40,439 is all_text is instance of list? True
2024-01-30 13:45:40,439 is label2id is instance of dict? True
2024-01-30 13:45:40,439 is id2label is instance of dict? True
2024-01-30 13:45:40,440 is label2color is instance of dict? True
2024-01-30 13:45:40,440 label2color : {'signature': '#A37487', 'remitter_address': '#F8C90A', 'O': '#7CD3C9', 'notify_party_country': '#B3BE4D', 'port_of_loading': '#F508A8', 'beneficiary_account_number': '#844F79', 'consignee_address': '#C4ADE0', 'beneficiary_iban_number': '#43B2B4', 'bill_of_lading_no': '#BC0376', 'pre-carriage-by': '#3FEBD7', 'invoice_discount_amount': '#C807D9', 'beneficiary_address': '#01473A', 'rate_per_unit': '#68D1FB', 'original_or_copy': '#6C8510', 'hs_code_no': '#4AAC40', 'bill_of_lading_date': '#C2BC44', 'declaration_by_issuer': '#7E4396', 'beneficiary_bank_identifier': '#9E78B1', 'vessel_flight_no': '#AE73E2', 'goods_description': '#6D6DA9', 'incoterm': '#A821A2', 'invoice_due_date': '#A736DC', 'tenor_type': '#19CB71', 'country_of_origin_of_goods': '#BAEDFB', 'invoice_no': '#FBA6E6', 'cosignee_name': '#7B7A57', 'total_quantity_of_goods': '#42739E', 'consignor_address': '#730346', 'invoice_tax_ccy': '#F4C67D', 'gross_weight': '#8F349F', 'notify_party_name': '#C7203C', 'dimension': '#F5FB04', 'consignor_name': '#0B4F87', 'indicator_type': '#BB7321', 'invoice_tax_amount': '#B86FAA', 'country_of_final_destination': '#F854A4', 'usance_tenor': '#250761', 'date_of_invoice': '#910800', 'invoice_currency': '#17324C', 'invoice_amount_in_words': '#37ECAF', 'awb_number': '#85C8FA', 'awb_date': '#4C26DC', 'lc_ref_no': '#8EB11B', 'vessel_name': '#784EC8', 'net_weight': '#6B6419', 'beneficiary_country': '#C50E24', 'beneficiary_drawer_exporter_seller_supplier_tin': '#3DF306', 'remitter_drawee_applicant_importer_buyer_name': '#465930', 'transaction_date': '#421064', 'shipper_name': '#EB13E2', 'indicator_date': '#1F16F1', 'beneficiary_bank_country': '#94C9FF', 'shipper_address': '#DBE560', 'signature_of_the_issuer': '#EEA7E1', 'tenor_indicator': '#8B1378', 'delivery_terms': '#9D3F2D', 'transaction_currency': '#90DE1E', 'beneficiary_drawer_exporter_seller_supplier_name': '#714332', 'page_no': '#309908', 'consignor_country': '#457827', 'beneficiary_bank_name': '#47EC1A', 'lc_date': '#915C96', 'invoice_discount_ccy': '#3A38D6', 'transaction_amonunt_value': '#DDF956', 'stamp': '#EDA9E7', 'notify_party_address': '#63FB13', 'invoice_amount': '#FC2095', 'port_of_discharge': '#4DA1AF'}
2024-01-30 13:45:40,755 is result_set is instance of dict? True
2024-01-30 13:45:40,756 is final_result_set is instance of dict? True
2024-01-30 13:45:40,785 Time taken for page 1 of Invoice_408_0.png:0:00:02.945567
2024-01-30 13:45:40,966 *****Generated All Pages****** for Invoice_408_0.png
2024-01-30 13:45:40,966 RAM memory 77.2 used for Invoice_408_0.png Generating All Pages:
2024-01-30 13:45:40,966 Processing time taken for all pages of Invoice_408_0.png1:0:00:03.209794
2024-01-30 13:45:41,156 file name is:Invoice_941_0.png
2024-01-30 13:45:41,157 folder path :Images
2024-01-30 13:45:41,157 Calling Image result
2024-01-30 13:45:41,157 is all_page_result is instance of dict? True
2024-01-30 13:45:41,245 STREAM b'IHDR' 16 13
2024-01-30 13:45:41,245 STREAM b'sRGB' 41 1
2024-01-30 13:45:41,245 STREAM b'gAMA' 54 4
2024-01-30 13:45:41,245 STREAM b'pHYs' 70 9
2024-01-30 13:45:41,245 STREAM b'IDAT' 91 27616
2024-01-30 13:45:41,266 is words is instance of list? True
2024-01-30 13:45:41,266 is bboxes is instance of list? True
2024-01-30 13:45:41,266 is bounding_boxes is instance of list? True
2024-01-30 13:45:41,529 is input_id_chunks is instance of list? True
2024-01-30 13:45:41,529 is mask_chunks is instance of list? True
2024-01-30 13:45:41,529 is bbox_chunks is instance of list? True
2024-01-30 13:45:41,529 is image_chunks is instance of list? True
2024-01-30 13:45:41,530 is input_dict is instance of dict? True
2024-01-30 13:45:42,270 Model Called
2024-01-30 13:45:42,270 RAM memory 69.7 used for Invoice_941_0.png:
2024-01-30 13:45:42,270 is all_predictions is instance of list? True
2024-01-30 13:45:42,270 is all_boxes is instance of list? True
2024-01-30 13:45:42,270 is all_confidences is instance of list? True
2024-01-30 13:45:42,270 is all_text is instance of list? True
2024-01-30 13:45:42,270 is label2id is instance of dict? True
2024-01-30 13:45:42,270 is id2label is instance of dict? True
2024-01-30 13:45:42,271 is label2color is instance of dict? True
2024-01-30 13:45:42,271 label2color : {'signature': '#018320', 'remitter_address': '#C51786', 'O': '#DF96F2', 'notify_party_country': '#370E24', 'port_of_loading': '#23C71A', 'beneficiary_account_number': '#043C7E', 'consignee_address': '#C3BEE8', 'beneficiary_iban_number': '#6158CA', 'bill_of_lading_no': '#9A28C1', 'pre-carriage-by': '#B99CAD', 'invoice_discount_amount': '#86DD14', 'beneficiary_address': '#1A6E0B', 'rate_per_unit': '#0B300F', 'original_or_copy': '#92C98F', 'hs_code_no': '#BE8198', 'bill_of_lading_date': '#3C4698', 'declaration_by_issuer': '#1ED2A2', 'beneficiary_bank_identifier': '#AACB92', 'vessel_flight_no': '#8F277A', 'goods_description': '#A9BC78', 'incoterm': '#34C803', 'invoice_due_date': '#E811FD', 'tenor_type': '#006CEB', 'country_of_origin_of_goods': '#5B257F', 'invoice_no': '#7E799D', 'cosignee_name': '#5F8EB6', 'total_quantity_of_goods': '#35C58C', 'consignor_address': '#A49EB6', 'invoice_tax_ccy': '#3EC225', 'gross_weight': '#EBA4E9', 'notify_party_name': '#B4F34F', 'dimension': '#0E14E1', 'consignor_name': '#306550', 'indicator_type': '#BBA3E9', 'invoice_tax_amount': '#E1C373', 'country_of_final_destination': '#25E395', 'usance_tenor': '#958EA4', 'date_of_invoice': '#03DD01', 'invoice_currency': '#1570A8', 'invoice_amount_in_words': '#8E06ED', 'awb_number': '#ECCBAD', 'awb_date': '#82C170', 'lc_ref_no': '#8C8580', 'vessel_name': '#0F9644', 'net_weight': '#7D3F33', 'beneficiary_country': '#D65ADB', 'beneficiary_drawer_exporter_seller_supplier_tin': '#4B18BA', 'remitter_drawee_applicant_importer_buyer_name': '#5362D9', 'transaction_date': '#C2311D', 'shipper_name': '#F0E64C', 'indicator_date': '#8A9FEB', 'beneficiary_bank_country': '#96C6D1', 'shipper_address': '#99628E', 'signature_of_the_issuer': '#98DEDE', 'tenor_indicator': '#BF3CFB', 'delivery_terms': '#C03BDA', 'transaction_currency': '#D7990F', 'beneficiary_drawer_exporter_seller_supplier_name': '#A307E1', 'page_no': '#602FD9', 'consignor_country': '#BD452C', 'beneficiary_bank_name': '#D79C2E', 'lc_date': '#DD1AFF', 'invoice_discount_ccy': '#4C4697', 'transaction_amonunt_value': '#06E987', 'stamp': '#2CA91C', 'notify_party_address': '#1CA8B3', 'invoice_amount': '#E4D659', 'port_of_discharge': '#B923B6'}
2024-01-30 13:45:42,407 is result_set is instance of dict? True
2024-01-30 13:45:42,409 is final_result_set is instance of dict? True
2024-01-30 13:45:42,460 Time taken for page 1 of Invoice_941_0.png:0:00:01.214819
2024-01-30 13:45:42,579 *****Generated All Pages****** for Invoice_941_0.png
2024-01-30 13:45:42,579 RAM memory 69.9 used for Invoice_941_0.png Generating All Pages:
2024-01-30 13:45:42,579 Processing time taken for all pages of Invoice_941_0.png1:0:00:01.422153
2024-01-30 13:45:42,736 file name is:Invoice_972_0.png
2024-01-30 13:45:42,736 folder path :Images
2024-01-30 13:45:42,736 Calling Image result
2024-01-30 13:45:42,736 is all_page_result is instance of dict? True
2024-01-30 13:45:42,736 STREAM b'IHDR' 16 13
2024-01-30 13:45:42,737 STREAM b'IDAT' 41 39930
2024-01-30 13:45:42,756 is words is instance of list? True
2024-01-30 13:45:42,756 is bboxes is instance of list? True
2024-01-30 13:45:42,756 is bounding_boxes is instance of list? True
2024-01-30 13:45:42,965 is input_id_chunks is instance of list? True
2024-01-30 13:45:42,965 is mask_chunks is instance of list? True
2024-01-30 13:45:42,965 is bbox_chunks is instance of list? True
2024-01-30 13:45:42,965 is image_chunks is instance of list? True
2024-01-30 13:45:42,966 is input_dict is instance of dict? True
2024-01-30 13:45:43,774 Model Called
2024-01-30 13:45:43,774 RAM memory 70.7 used for Invoice_972_0.png:
2024-01-30 13:45:43,774 is all_predictions is instance of list? True
2024-01-30 13:45:43,774 is all_boxes is instance of list? True
2024-01-30 13:45:43,774 is all_confidences is instance of list? True
2024-01-30 13:45:43,774 is all_text is instance of list? True
2024-01-30 13:45:43,774 is label2id is instance of dict? True
2024-01-30 13:45:43,775 is id2label is instance of dict? True
2024-01-30 13:45:43,776 is label2color is instance of dict? True
2024-01-30 13:45:43,776 label2color : {'signature': '#FE993A', 'remitter_address': '#37446D', 'O': '#3DF339', 'notify_party_country': '#AAEC50', 'port_of_loading': '#C79252', 'beneficiary_account_number': '#445ABA', 'consignee_address': '#DBBB85', 'beneficiary_iban_number': '#A7CFDB', 'bill_of_lading_no': '#79A30E', 'pre-carriage-by': '#EFDF4E', 'invoice_discount_amount': '#CE30CB', 'beneficiary_address': '#620BFB', 'rate_per_unit': '#578D80', 'original_or_copy': '#B3654A', 'hs_code_no': '#70DF0E', 'bill_of_lading_date': '#D4CB8C', 'declaration_by_issuer': '#030431', 'beneficiary_bank_identifier': '#335E44', 'vessel_flight_no': '#6CE9D7', 'goods_description': '#BF5A1B', 'incoterm': '#D037B3', 'invoice_due_date': '#916E5E', 'tenor_type': '#DF197E', 'country_of_origin_of_goods': '#870638', 'invoice_no': '#1E72FF', 'cosignee_name': '#A43C94', 'total_quantity_of_goods': '#9C4A71', 'consignor_address': '#4EB622', 'invoice_tax_ccy': '#41DA6E', 'gross_weight': '#09F0E9', 'notify_party_name': '#157FC1', 'dimension': '#DBFF8B', 'consignor_name': '#4621F6', 'indicator_type': '#5B9263', 'invoice_tax_amount': '#D387F5', 'country_of_final_destination': '#209913', 'usance_tenor': '#ACE137', 'date_of_invoice': '#D25163', 'invoice_currency': '#C5D703', 'invoice_amount_in_words': '#188B5C', 'awb_number': '#B81CCE', 'awb_date': '#5735DE', 'lc_ref_no': '#ED9C2F', 'vessel_name': '#50D7E9', 'net_weight': '#EF9B77', 'beneficiary_country': '#75DF4A', 'beneficiary_drawer_exporter_seller_supplier_tin': '#0A4C28', 'remitter_drawee_applicant_importer_buyer_name': '#C7AB1C', 'transaction_date': '#9454F4', 'shipper_name': '#5B244A', 'indicator_date': '#E37B1D', 'beneficiary_bank_country': '#D7C81A', 'shipper_address': '#E5928A', 'signature_of_the_issuer': '#E2722C', 'tenor_indicator': '#136934', 'delivery_terms': '#E1F1D4', 'transaction_currency': '#CFA1DF', 'beneficiary_drawer_exporter_seller_supplier_name': '#58D03F', 'page_no': '#007061', 'consignor_country': '#40B2E1', 'beneficiary_bank_name': '#88EE7E', 'lc_date': '#55B630', 'invoice_discount_ccy': '#9E6526', 'transaction_amonunt_value': '#E7D191', 'stamp': '#EA94A4', 'notify_party_address': '#7F1CC7', 'invoice_amount': '#B1C3DE', 'port_of_discharge': '#643D03'}
2024-01-30 13:45:43,988 is result_set is instance of dict? True
2024-01-30 13:45:43,989 is final_result_set is instance of dict? True
2024-01-30 13:45:44,029 Time taken for page 1 of Invoice_972_0.png:0:00:01.292759
2024-01-30 13:45:44,221 *****Generated All Pages****** for Invoice_972_0.png
2024-01-30 13:45:44,221 RAM memory 70.9 used for Invoice_972_0.png Generating All Pages:
2024-01-30 13:45:44,221 Processing time taken for all pages of Invoice_972_0.png1:0:00:01.485370
2024-01-30 13:45:44,401 file name is:Proforma_Invoice_643_1.png
2024-01-30 13:45:44,401 folder path :Images
2024-01-30 13:45:44,401 Calling Image result
2024-01-30 13:45:44,401 is all_page_result is instance of dict? True
2024-01-30 13:45:44,402 STREAM b'IHDR' 16 13
2024-01-30 13:45:44,402 STREAM b'IDAT' 41 22209
2024-01-30 13:45:44,420 Checking spheric-time-383904-f1b421d86eef.json for explicit credentials as part of auth process...
2024-01-30 13:45:45,072 is words is instance of list? True
2024-01-30 13:45:45,073 is bboxes is instance of list? True
2024-01-30 13:45:45,073 is bounding_boxes is instance of list? True
2024-01-30 13:45:45,274 is input_id_chunks is instance of list? True
2024-01-30 13:45:45,274 is mask_chunks is instance of list? True
2024-01-30 13:45:45,274 is bbox_chunks is instance of list? True
2024-01-30 13:45:45,274 is image_chunks is instance of list? True
2024-01-30 13:45:45,274 is input_dict is instance of dict? True
2024-01-30 13:45:46,088 Model Called
2024-01-30 13:45:46,089 RAM memory 65.5 used for Proforma_Invoice_643_1.png:
2024-01-30 13:45:46,089 is all_predictions is instance of list? True
2024-01-30 13:45:46,089 is all_boxes is instance of list? True
2024-01-30 13:45:46,089 is all_confidences is instance of list? True
2024-01-30 13:45:46,089 is all_text is instance of list? True
2024-01-30 13:45:46,089 is label2id is instance of dict? True
2024-01-30 13:45:46,089 is id2label is instance of dict? True
2024-01-30 13:45:46,090 is label2color is instance of dict? True
2024-01-30 13:45:46,090 label2color : {'signature': '#B1DB88', 'remitter_address': '#2A583C', 'O': '#FE390B', 'notify_party_country': '#1C1672', 'port_of_loading': '#C2CDE1', 'beneficiary_account_number': '#4E098C', 'consignee_address': '#032307', 'beneficiary_iban_number': '#AA9C9F', 'bill_of_lading_no': '#A00723', 'pre-carriage-by': '#B12FC7', 'invoice_discount_amount': '#5C6346', 'beneficiary_address': '#7FF118', 'rate_per_unit': '#E4F2C3', 'original_or_copy': '#E3131B', 'hs_code_no': '#A73012', 'bill_of_lading_date': '#915253', 'declaration_by_issuer': '#4F5DDE', 'beneficiary_bank_identifier': '#F908BA', 'vessel_flight_no': '#4118D2', 'goods_description': '#F8CFE7', 'incoterm': '#8AC756', 'invoice_due_date': '#4A971D', 'tenor_type': '#21915D', 'country_of_origin_of_goods': '#27DA84', 'invoice_no': '#E34D58', 'cosignee_name': '#39D588', 'total_quantity_of_goods': '#AD0EBC', 'consignor_address': '#D95235', 'invoice_tax_ccy': '#5C01C5', 'gross_weight': '#4C1809', 'notify_party_name': '#F8BA4A', 'dimension': '#FC8AD7', 'consignor_name': '#CF2C64', 'indicator_type': '#1A8600', 'invoice_tax_amount': '#63EB84', 'country_of_final_destination': '#391E2E', 'usance_tenor': '#483399', 'date_of_invoice': '#35C74A', 'invoice_currency': '#193E96', 'invoice_amount_in_words': '#2EEB8F', 'awb_number': '#FD60D0', 'awb_date': '#0F2833', 'lc_ref_no': '#C3DB42', 'vessel_name': '#51A8E7', 'net_weight': '#267AEF', 'beneficiary_country': '#999E0A', 'beneficiary_drawer_exporter_seller_supplier_tin': '#8E1497', 'remitter_drawee_applicant_importer_buyer_name': '#C06A13', 'transaction_date': '#18E955', 'shipper_name': '#3C0E7B', 'indicator_date': '#09FDD6', 'beneficiary_bank_country': '#136D09', 'shipper_address': '#E3112E', 'signature_of_the_issuer': '#80CDD2', 'tenor_indicator': '#952429', 'delivery_terms': '#EA6C88', 'transaction_currency': '#5E8747', 'beneficiary_drawer_exporter_seller_supplier_name': '#E4E8B4', 'page_no': '#100327', 'consignor_country': '#D2495E', 'beneficiary_bank_name': '#C3E8E7', 'lc_date': '#8AA801', 'invoice_discount_ccy': '#BF9D38', 'transaction_amonunt_value': '#50B1AD', 'stamp': '#ADFAFB', 'notify_party_address': '#545E9F', 'invoice_amount': '#C3B2BF', 'port_of_discharge': '#95F694'}
2024-01-30 13:45:46,212 is result_set is instance of dict? True
2024-01-30 13:45:46,213 is final_result_set is instance of dict? True
2024-01-30 13:45:46,220 Time taken for page 1 of Proforma_Invoice_643_1.png:0:00:01.817514
2024-01-30 13:45:46,319 *****Generated All Pages****** for Proforma_Invoice_643_1.png
2024-01-30 13:45:46,319 RAM memory 65.7 used for Proforma_Invoice_643_1.png Generating All Pages:
2024-01-30 13:45:46,319 Processing time taken for all pages of Proforma_Invoice_643_1.png1:0:00:01.917544
2024-01-30 13:45:46,490 file name is:Invoice_919_7.png
2024-01-30 13:45:46,490 folder path :Images
2024-01-30 13:45:46,490 Calling Image result
2024-01-30 13:45:46,490 is all_page_result is instance of dict? True
2024-01-30 13:45:46,570 STREAM b'IHDR' 16 13
2024-01-30 13:45:46,570 STREAM b'IDAT' 41 65536
2024-01-30 13:45:46,624 is words is instance of list? True
2024-01-30 13:45:46,624 is bboxes is instance of list? True
2024-01-30 13:45:46,624 is bounding_boxes is instance of list? True
2024-01-30 13:45:46,815 is input_id_chunks is instance of list? True
2024-01-30 13:45:46,815 is mask_chunks is instance of list? True
2024-01-30 13:45:46,815 is bbox_chunks is instance of list? True
2024-01-30 13:45:46,815 is image_chunks is instance of list? True
2024-01-30 13:45:46,815 is input_dict is instance of dict? True
2024-01-30 13:45:47,593 Model Called
2024-01-30 13:45:47,593 RAM memory 63.6 used for Invoice_919_7.png:
2024-01-30 13:45:47,593 is all_predictions is instance of list? True
2024-01-30 13:45:47,593 is all_boxes is instance of list? True
2024-01-30 13:45:47,593 is all_confidences is instance of list? True
2024-01-30 13:45:47,594 is all_text is instance of list? True
2024-01-30 13:45:47,594 is label2id is instance of dict? True
2024-01-30 13:45:47,594 is id2label is instance of dict? True
2024-01-30 13:45:47,595 is label2color is instance of dict? True
2024-01-30 13:45:47,595 label2color : {'signature': '#844009', 'remitter_address': '#5E9BB2', 'O': '#CB0C3F', 'notify_party_country': '#5C5BFE', 'port_of_loading': '#0F6378', 'beneficiary_account_number': '#D07581', 'consignee_address': '#E484A0', 'beneficiary_iban_number': '#CDAAEA', 'bill_of_lading_no': '#E14D24', 'pre-carriage-by': '#4601DF', 'invoice_discount_amount': '#803BEF', 'beneficiary_address': '#057AD2', 'rate_per_unit': '#B54CEB', 'original_or_copy': '#08ABE9', 'hs_code_no': '#AF3C32', 'bill_of_lading_date': '#28ED88', 'declaration_by_issuer': '#59FFA8', 'beneficiary_bank_identifier': '#303072', 'vessel_flight_no': '#978076', 'goods_description': '#58442A', 'incoterm': '#E89339', 'invoice_due_date': '#C65F97', 'tenor_type': '#EC8266', 'country_of_origin_of_goods': '#2A3E99', 'invoice_no': '#D1F8B5', 'cosignee_name': '#B991EF', 'total_quantity_of_goods': '#5E0AAE', 'consignor_address': '#15AB58', 'invoice_tax_ccy': '#083E98', 'gross_weight': '#55AEA1', 'notify_party_name': '#7C4768', 'dimension': '#73E355', 'consignor_name': '#ED4946', 'indicator_type': '#5CC247', 'invoice_tax_amount': '#8F75CB', 'country_of_final_destination': '#7ED6AD', 'usance_tenor': '#A35C94', 'date_of_invoice': '#E8741B', 'invoice_currency': '#85B077', 'invoice_amount_in_words': '#84493A', 'awb_number': '#8B74F1', 'awb_date': '#9A8236', 'lc_ref_no': '#502585', 'vessel_name': '#8C94C3', 'net_weight': '#64DF6C', 'beneficiary_country': '#8A746B', 'beneficiary_drawer_exporter_seller_supplier_tin': '#59130B', 'remitter_drawee_applicant_importer_buyer_name': '#635746', 'transaction_date': '#4966C3', 'shipper_name': '#878C44', 'indicator_date': '#2D5803', 'beneficiary_bank_country': '#2F5D2B', 'shipper_address': '#A0E7DD', 'signature_of_the_issuer': '#231184', 'tenor_indicator': '#322E6A', 'delivery_terms': '#77AA63', 'transaction_currency': '#0A28B1', 'beneficiary_drawer_exporter_seller_supplier_name': '#F61615', 'page_no': '#E7A4A2', 'consignor_country': '#CD926D', 'beneficiary_bank_name': '#CC8781', 'lc_date': '#CF6903', 'invoice_discount_ccy': '#6D008E', 'transaction_amonunt_value': '#540C8A', 'stamp': '#9677CA', 'notify_party_address': '#C0325B', 'invoice_amount': '#12427D', 'port_of_discharge': '#ACFE0F'}
2024-01-30 13:45:47,797 is result_set is instance of dict? True
2024-01-30 13:45:47,799 is final_result_set is instance of dict? True
2024-01-30 13:45:47,846 Time taken for page 1 of Invoice_919_7.png:0:00:01.275075
2024-01-30 13:45:48,039 *****Generated All Pages****** for Invoice_919_7.png
2024-01-30 13:45:48,039 RAM memory 63.9 used for Invoice_919_7.png Generating All Pages:
2024-01-30 13:45:48,039 Processing time taken for all pages of Invoice_919_7.png1:0:00:01.549236
2024-01-30 13:45:48,184 file name is:Proforma_Invoice_227_0.png
2024-01-30 13:45:48,184 folder path :Images
2024-01-30 13:45:48,184 Calling Image result
2024-01-30 13:45:48,184 is all_page_result is instance of dict? True
2024-01-30 13:45:48,277 STREAM b'IHDR' 16 13
2024-01-30 13:45:48,278 STREAM b'IDAT' 41 60999
2024-01-30 13:45:48,297 is words is instance of list? True
2024-01-30 13:45:48,297 is bboxes is instance of list? True
2024-01-30 13:45:48,297 is bounding_boxes is instance of list? True
2024-01-30 13:45:48,475 is input_id_chunks is instance of list? True
2024-01-30 13:45:48,475 is mask_chunks is instance of list? True
2024-01-30 13:45:48,475 is bbox_chunks is instance of list? True
2024-01-30 13:45:48,475 is image_chunks is instance of list? True
2024-01-30 13:45:48,476 is input_dict is instance of dict? True
2024-01-30 13:45:50,080 Model Called
2024-01-30 13:45:50,080 RAM memory 69.8 used for Proforma_Invoice_227_0.png:
2024-01-30 13:45:50,080 is all_predictions is instance of list? True
2024-01-30 13:45:50,080 is all_boxes is instance of list? True
2024-01-30 13:45:50,080 is all_confidences is instance of list? True
2024-01-30 13:45:50,080 is all_text is instance of list? True
2024-01-30 13:45:50,080 is label2id is instance of dict? True
2024-01-30 13:45:50,080 is id2label is instance of dict? True
2024-01-30 13:45:50,081 is label2color is instance of dict? True
2024-01-30 13:45:50,081 label2color : {'signature': '#AE1FCF', 'remitter_address': '#967C88', 'O': '#066E2F', 'notify_party_country': '#BB6F5F', 'port_of_loading': '#F740B6', 'beneficiary_account_number': '#703597', 'consignee_address': '#68FF8D', 'beneficiary_iban_number': '#76DCF7', 'bill_of_lading_no': '#36E932', 'pre-carriage-by': '#55A068', 'invoice_discount_amount': '#785ED3', 'beneficiary_address': '#AE7D21', 'rate_per_unit': '#F702C1', 'original_or_copy': '#70B924', 'hs_code_no': '#5B41F2', 'bill_of_lading_date': '#CFC1DC', 'declaration_by_issuer': '#D3A5AC', 'beneficiary_bank_identifier': '#75DEEA', 'vessel_flight_no': '#0E42CB', 'goods_description': '#F0573B', 'incoterm': '#3A777B', 'invoice_due_date': '#D927D0', 'tenor_type': '#42DC54', 'country_of_origin_of_goods': '#BB746F', 'invoice_no': '#DFBF10', 'cosignee_name': '#3AEF31', 'total_quantity_of_goods': '#FBE822', 'consignor_address': '#877A02', 'invoice_tax_ccy': '#1AF25B', 'gross_weight': '#47A86A', 'notify_party_name': '#050EB9', 'dimension': '#E3185A', 'consignor_name': '#081581', 'indicator_type': '#DB84E1', 'invoice_tax_amount': '#02F563', 'country_of_final_destination': '#4BE365', 'usance_tenor': '#B49F7E', 'date_of_invoice': '#07106A', 'invoice_currency': '#BDFA1C', 'invoice_amount_in_words': '#8838BD', 'awb_number': '#1EBF3D', 'awb_date': '#D5976B', 'lc_ref_no': '#34DFC0', 'vessel_name': '#5DE8F8', 'net_weight': '#71F116', 'beneficiary_country': '#84CCBB', 'beneficiary_drawer_exporter_seller_supplier_tin': '#8B45F5', 'remitter_drawee_applicant_importer_buyer_name': '#F5866D', 'transaction_date': '#846545', 'shipper_name': '#C6274D', 'indicator_date': '#E95195', 'beneficiary_bank_country': '#73F861', 'shipper_address': '#AEDB98', 'signature_of_the_issuer': '#DC7F3D', 'tenor_indicator': '#333D8A', 'delivery_terms': '#B2B9A4', 'transaction_currency': '#DE2AA5', 'beneficiary_drawer_exporter_seller_supplier_name': '#B21C5B', 'page_no': '#77401C', 'consignor_country': '#1E5D6A', 'beneficiary_bank_name': '#36978A', 'lc_date': '#05E072', 'invoice_discount_ccy': '#A7E359', 'transaction_amonunt_value': '#5161FD', 'stamp': '#5177E9', 'notify_party_address': '#A827B2', 'invoice_amount': '#EA5845', 'port_of_discharge': '#C78F51'}
2024-01-30 13:45:50,297 is result_set is instance of dict? True
2024-01-30 13:45:50,298 is final_result_set is instance of dict? True
2024-01-30 13:45:50,331 Time taken for page 1 of Proforma_Invoice_227_0.png:0:00:02.053248
2024-01-30 13:45:50,464 *****Generated All Pages****** for Proforma_Invoice_227_0.png
2024-01-30 13:45:50,464 RAM memory 70.1 used for Proforma_Invoice_227_0.png Generating All Pages:
2024-01-30 13:45:50,464 Processing time taken for all pages of Proforma_Invoice_227_0.png1:0:00:02.280394
2024-01-30 13:45:50,635 file name is:Invoice_852_1.png
2024-01-30 13:45:50,635 folder path :Images
2024-01-30 13:45:50,635 Calling Image result
2024-01-30 13:45:50,635 is all_page_result is instance of dict? True
2024-01-30 13:45:50,635 STREAM b'IHDR' 16 13
2024-01-30 13:45:50,636 STREAM b'IDAT' 41 36060
2024-01-30 13:45:50,749 is words is instance of list? True
2024-01-30 13:45:50,749 is bboxes is instance of list? True
2024-01-30 13:45:50,749 is bounding_boxes is instance of list? True
2024-01-30 13:45:50,923 is input_id_chunks is instance of list? True
2024-01-30 13:45:50,923 is mask_chunks is instance of list? True
2024-01-30 13:45:50,923 is bbox_chunks is instance of list? True
2024-01-30 13:45:50,923 is image_chunks is instance of list? True
2024-01-30 13:45:50,923 is input_dict is instance of dict? True
2024-01-30 13:45:51,693 Model Called
2024-01-30 13:45:51,693 RAM memory 68.1 used for Invoice_852_1.png:
2024-01-30 13:45:51,694 is all_predictions is instance of list? True
2024-01-30 13:45:51,694 is all_boxes is instance of list? True
2024-01-30 13:45:51,694 is all_confidences is instance of list? True
2024-01-30 13:45:51,694 is all_text is instance of list? True
2024-01-30 13:45:51,694 is label2id is instance of dict? True
2024-01-30 13:45:51,694 is id2label is instance of dict? True
2024-01-30 13:45:51,695 is label2color is instance of dict? True
2024-01-30 13:45:51,695 label2color : {'signature': '#AA59BB', 'remitter_address': '#0C1746', 'O': '#40FDBE', 'notify_party_country': '#4BB955', 'port_of_loading': '#FDB47E', 'beneficiary_account_number': '#E9DC88', 'consignee_address': '#92B4DC', 'beneficiary_iban_number': '#DB7AA9', 'bill_of_lading_no': '#F8506B', 'pre-carriage-by': '#943A3A', 'invoice_discount_amount': '#B3A013', 'beneficiary_address': '#9FC4F0', 'rate_per_unit': '#0599D8', 'original_or_copy': '#664D16', 'hs_code_no': '#F32923', 'bill_of_lading_date': '#C27CC3', 'declaration_by_issuer': '#6F1748', 'beneficiary_bank_identifier': '#F81E6C', 'vessel_flight_no': '#BE2E9C', 'goods_description': '#39B604', 'incoterm': '#581172', 'invoice_due_date': '#A020AE', 'tenor_type': '#35784C', 'country_of_origin_of_goods': '#A6BC8D', 'invoice_no': '#AF31D6', 'cosignee_name': '#56CF7B', 'total_quantity_of_goods': '#32AA94', 'consignor_address': '#8C781C', 'invoice_tax_ccy': '#69034A', 'gross_weight': '#6C8D18', 'notify_party_name': '#AC0BC7', 'dimension': '#10A3E2', 'consignor_name': '#A4712E', 'indicator_type': '#804A83', 'invoice_tax_amount': '#BF9EE0', 'country_of_final_destination': '#47BE07', 'usance_tenor': '#C9A7D6', 'date_of_invoice': '#2D6369', 'invoice_currency': '#4FB7EB', 'invoice_amount_in_words': '#E3FD21', 'awb_number': '#BE368A', 'awb_date': '#210B68', 'lc_ref_no': '#C29627', 'vessel_name': '#ED7B6D', 'net_weight': '#5AC7D6', 'beneficiary_country': '#542C0B', 'beneficiary_drawer_exporter_seller_supplier_tin': '#FC5CA5', 'remitter_drawee_applicant_importer_buyer_name': '#D2DB7A', 'transaction_date': '#6722B4', 'shipper_name': '#A4AA98', 'indicator_date': '#8A85ED', 'beneficiary_bank_country': '#643652', 'shipper_address': '#FD6994', 'signature_of_the_issuer': '#51F500', 'tenor_indicator': '#17D1C7', 'delivery_terms': '#C3EDC9', 'transaction_currency': '#D1A4B9', 'beneficiary_drawer_exporter_seller_supplier_name': '#7EE021', 'page_no': '#AABA4C', 'consignor_country': '#583AEE', 'beneficiary_bank_name': '#59E8B6', 'lc_date': '#8B4B93', 'invoice_discount_ccy': '#BA0C3D', 'transaction_amonunt_value': '#4D68C6', 'stamp': '#E8C002', 'notify_party_address': '#0669C2', 'invoice_amount': '#5E2422', 'port_of_discharge': '#790FB7'}
2024-01-30 13:45:51,818 is result_set is instance of dict? True
2024-01-30 13:45:51,819 is final_result_set is instance of dict? True
2024-01-30 13:45:51,851 Time taken for page 1 of Invoice_852_1.png:0:00:01.215856
2024-01-30 13:45:51,969 *****Generated All Pages****** for Invoice_852_1.png
2024-01-30 13:45:51,970 RAM memory 68.1 used for Invoice_852_1.png Generating All Pages:
2024-01-30 13:45:51,970 Processing time taken for all pages of Invoice_852_1.png1:0:00:01.334795
2024-01-30 13:45:52,137 file name is:Invoice_978_2.png
2024-01-30 13:45:52,137 folder path :Images
2024-01-30 13:45:52,137 Calling Image result
2024-01-30 13:45:52,137 is all_page_result is instance of dict? True
2024-01-30 13:45:52,138 STREAM b'IHDR' 16 13
2024-01-30 13:45:52,138 STREAM b'IDAT' 41 27113
2024-01-30 13:45:52,150 is words is instance of list? True
2024-01-30 13:45:52,150 is bboxes is instance of list? True
2024-01-30 13:45:52,150 is bounding_boxes is instance of list? True
2024-01-30 13:45:52,260 is input_id_chunks is instance of list? True
2024-01-30 13:45:52,260 is mask_chunks is instance of list? True
2024-01-30 13:45:52,260 is bbox_chunks is instance of list? True
2024-01-30 13:45:52,260 is image_chunks is instance of list? True
2024-01-30 13:45:52,261 is input_dict is instance of dict? True
2024-01-30 13:45:53,034 Model Called
2024-01-30 13:45:53,034 RAM memory 66.2 used for Invoice_978_2.png:
2024-01-30 13:45:53,034 is all_predictions is instance of list? True
2024-01-30 13:45:53,034 is all_boxes is instance of list? True
2024-01-30 13:45:53,034 is all_confidences is instance of list? True
2024-01-30 13:45:53,034 is all_text is instance of list? True
2024-01-30 13:45:53,034 is label2id is instance of dict? True
2024-01-30 13:45:53,034 is id2label is instance of dict? True
2024-01-30 13:45:53,035 is label2color is instance of dict? True
2024-01-30 13:45:53,035 label2color : {'signature': '#907177', 'remitter_address': '#3B54F0', 'O': '#AC4CAB', 'notify_party_country': '#F46F58', 'port_of_loading': '#5A8C96', 'beneficiary_account_number': '#9DB1CB', 'consignee_address': '#214B4A', 'beneficiary_iban_number': '#2C55F0', 'bill_of_lading_no': '#855C49', 'pre-carriage-by': '#5A2B85', 'invoice_discount_amount': '#90E7EC', 'beneficiary_address': '#9DC7C0', 'rate_per_unit': '#4CE29A', 'original_or_copy': '#8BD06D', 'hs_code_no': '#7247EE', 'bill_of_lading_date': '#547EDC', 'declaration_by_issuer': '#64B5C0', 'beneficiary_bank_identifier': '#C6F407', 'vessel_flight_no': '#54E902', 'goods_description': '#B3D797', 'incoterm': '#B75B2D', 'invoice_due_date': '#C16700', 'tenor_type': '#70D1AB', 'country_of_origin_of_goods': '#D5F8E6', 'invoice_no': '#FEBCBB', 'cosignee_name': '#86C1BE', 'total_quantity_of_goods': '#A1CC3A', 'consignor_address': '#7339F8', 'invoice_tax_ccy': '#9C86EF', 'gross_weight': '#C428FA', 'notify_party_name': '#EB8AF2', 'dimension': '#0D8FCC', 'consignor_name': '#64B457', 'indicator_type': '#A5BE2B', 'invoice_tax_amount': '#575FEC', 'country_of_final_destination': '#E8A836', 'usance_tenor': '#A03720', 'date_of_invoice': '#08F0AA', 'invoice_currency': '#9D2A09', 'invoice_amount_in_words': '#113D43', 'awb_number': '#D15142', 'awb_date': '#C5DF9D', 'lc_ref_no': '#3FE2B7', 'vessel_name': '#F63447', 'net_weight': '#7EB748', 'beneficiary_country': '#9E83CF', 'beneficiary_drawer_exporter_seller_supplier_tin': '#BFA6D8', 'remitter_drawee_applicant_importer_buyer_name': '#46BFBE', 'transaction_date': '#9135EF', 'shipper_name': '#267AE7', 'indicator_date': '#5DB4C4', 'beneficiary_bank_country': '#6A0927', 'shipper_address': '#140DC1', 'signature_of_the_issuer': '#426D40', 'tenor_indicator': '#3D73CE', 'delivery_terms': '#0EFBFF', 'transaction_currency': '#0DD238', 'beneficiary_drawer_exporter_seller_supplier_name': '#C6C033', 'page_no': '#486301', 'consignor_country': '#E93B73', 'beneficiary_bank_name': '#F9F97A', 'lc_date': '#758566', 'invoice_discount_ccy': '#59B1AF', 'transaction_amonunt_value': '#6F6929', 'stamp': '#935036', 'notify_party_address': '#ED2D30', 'invoice_amount': '#A48457', 'port_of_discharge': '#FF2DA3'}
2024-01-30 13:45:53,110 is result_set is instance of dict? True
2024-01-30 13:45:53,111 is final_result_set is instance of dict? True
2024-01-30 13:45:53,135 Time taken for page 1 of Invoice_978_2.png:0:00:00.996653
2024-01-30 13:45:53,207 *****Generated All Pages****** for Invoice_978_2.png
2024-01-30 13:45:53,207 RAM memory 66.4 used for Invoice_978_2.png Generating All Pages:
2024-01-30 13:45:53,207 Processing time taken for all pages of Invoice_978_2.png1:0:00:01.069790
2024-01-30 13:45:53,363 file name is:Proforma_Invoice_643_0.png
2024-01-30 13:45:53,364 folder path :Images
2024-01-30 13:45:53,364 Calling Image result
2024-01-30 13:45:53,364 is all_page_result is instance of dict? True
2024-01-30 13:45:53,447 STREAM b'IHDR' 16 13
2024-01-30 13:45:53,447 STREAM b'IDAT' 41 65536
2024-01-30 13:45:53,472 is words is instance of list? True
2024-01-30 13:45:53,472 is bboxes is instance of list? True
2024-01-30 13:45:53,472 is bounding_boxes is instance of list? True
2024-01-30 13:45:53,657 is input_id_chunks is instance of list? True
2024-01-30 13:45:53,658 is mask_chunks is instance of list? True
2024-01-30 13:45:53,658 is bbox_chunks is instance of list? True
2024-01-30 13:45:53,658 is image_chunks is instance of list? True
2024-01-30 13:45:53,658 is input_dict is instance of dict? True
2024-01-30 13:45:56,578 Model Called
2024-01-30 13:45:56,579 RAM memory 83.2 used for Proforma_Invoice_643_0.png:
2024-01-30 13:45:56,579 is all_predictions is instance of list? True
2024-01-30 13:45:56,579 is all_boxes is instance of list? True
2024-01-30 13:45:56,579 is all_confidences is instance of list? True
2024-01-30 13:45:56,579 is all_text is instance of list? True
2024-01-30 13:45:56,579 is label2id is instance of dict? True
2024-01-30 13:45:56,579 is id2label is instance of dict? True
2024-01-30 13:45:56,580 is label2color is instance of dict? True
2024-01-30 13:45:56,580 label2color : {'signature': '#673103', 'remitter_address': '#EA2B5B', 'O': '#182407', 'notify_party_country': '#1CCAAE', 'port_of_loading': '#5578CE', 'beneficiary_account_number': '#FDE9C7', 'consignee_address': '#C0ED98', 'beneficiary_iban_number': '#F00003', 'bill_of_lading_no': '#D79397', 'pre-carriage-by': '#98297B', 'invoice_discount_amount': '#398941', 'beneficiary_address': '#7D2D74', 'rate_per_unit': '#1DEC9F', 'original_or_copy': '#63DFAD', 'hs_code_no': '#7040F2', 'bill_of_lading_date': '#77240C', 'declaration_by_issuer': '#0CFEDA', 'beneficiary_bank_identifier': '#096BFA', 'vessel_flight_no': '#6B9D9A', 'goods_description': '#67331C', 'incoterm': '#301A2D', 'invoice_due_date': '#016ECF', 'tenor_type': '#BCB922', 'country_of_origin_of_goods': '#59988F', 'invoice_no': '#DA53B1', 'cosignee_name': '#A5C921', 'total_quantity_of_goods': '#65FFE1', 'consignor_address': '#164DE0', 'invoice_tax_ccy': '#613D72', 'gross_weight': '#F63A6F', 'notify_party_name': '#EEA593', 'dimension': '#8AB566', 'consignor_name': '#C59877', 'indicator_type': '#2020C1', 'invoice_tax_amount': '#C734DD', 'country_of_final_destination': '#C03949', 'usance_tenor': '#353F8F', 'date_of_invoice': '#CF79A1', 'invoice_currency': '#DDB239', 'invoice_amount_in_words': '#4397DB', 'awb_number': '#03C8FC', 'awb_date': '#EF8870', 'lc_ref_no': '#24EC3F', 'vessel_name': '#C8A71C', 'net_weight': '#5BC58B', 'beneficiary_country': '#5245DF', 'beneficiary_drawer_exporter_seller_supplier_tin': '#2DE07A', 'remitter_drawee_applicant_importer_buyer_name': '#4846F0', 'transaction_date': '#C19AFC', 'shipper_name': '#B8D96A', 'indicator_date': '#F38BCD', 'beneficiary_bank_country': '#A78F56', 'shipper_address': '#A661A0', 'signature_of_the_issuer': '#5AB58F', 'tenor_indicator': '#60306C', 'delivery_terms': '#DBE582', 'transaction_currency': '#A77594', 'beneficiary_drawer_exporter_seller_supplier_name': '#F267BD', 'page_no': '#87EFED', 'consignor_country': '#5CC921', 'beneficiary_bank_name': '#D54BF0', 'lc_date': '#88334F', 'invoice_discount_ccy': '#847C4B', 'transaction_amonunt_value': '#29A1CC', 'stamp': '#2DCEEA', 'notify_party_address': '#F75D16', 'invoice_amount': '#D8B5D8', 'port_of_discharge': '#CF927D'}
2024-01-30 13:45:56,892 is result_set is instance of dict? True
2024-01-30 13:45:56,893 is final_result_set is instance of dict? True
2024-01-30 13:45:56,911 Time taken for page 1 of Proforma_Invoice_643_0.png:0:00:03.463184
2024-01-30 13:45:57,053 *****Generated All Pages****** for Proforma_Invoice_643_0.png
2024-01-30 13:45:57,053 RAM memory 83.4 used for Proforma_Invoice_643_0.png Generating All Pages:
2024-01-30 13:45:57,053 Processing time taken for all pages of Proforma_Invoice_643_0.png1:0:00:03.688833
2024-01-30 13:45:57,249 file name is:Invoice_985_0.png
2024-01-30 13:45:57,250 folder path :Images
2024-01-30 13:45:57,250 Calling Image result
2024-01-30 13:45:57,250 is all_page_result is instance of dict? True
2024-01-30 13:45:57,339 STREAM b'IHDR' 16 13
2024-01-30 13:45:57,339 STREAM b'IDAT' 41 23687
2024-01-30 13:45:57,346 is words is instance of list? True
2024-01-30 13:45:57,346 is bboxes is instance of list? True
2024-01-30 13:45:57,346 is bounding_boxes is instance of list? True
2024-01-30 13:45:57,409 is input_id_chunks is instance of list? True
2024-01-30 13:45:57,409 is mask_chunks is instance of list? True
2024-01-30 13:45:57,409 is bbox_chunks is instance of list? True
2024-01-30 13:45:57,409 is image_chunks is instance of list? True
2024-01-30 13:45:57,410 is input_dict is instance of dict? True
2024-01-30 13:45:59,010 Model Called
2024-01-30 13:45:59,010 RAM memory 73.1 used for Invoice_985_0.png:
2024-01-30 13:45:59,010 is all_predictions is instance of list? True
2024-01-30 13:45:59,010 is all_boxes is instance of list? True
2024-01-30 13:45:59,010 is all_confidences is instance of list? True
2024-01-30 13:45:59,010 is all_text is instance of list? True
2024-01-30 13:45:59,010 is label2id is instance of dict? True
2024-01-30 13:45:59,011 is id2label is instance of dict? True
2024-01-30 13:45:59,011 is label2color is instance of dict? True
2024-01-30 13:45:59,011 label2color : {'signature': '#A38B52', 'remitter_address': '#F0D757', 'O': '#569317', 'notify_party_country': '#274382', 'port_of_loading': '#4CD6E8', 'beneficiary_account_number': '#83BC93', 'consignee_address': '#16B518', 'beneficiary_iban_number': '#01568C', 'bill_of_lading_no': '#B55633', 'pre-carriage-by': '#977C78', 'invoice_discount_amount': '#E1DAD3', 'beneficiary_address': '#B9B402', 'rate_per_unit': '#C9C113', 'original_or_copy': '#2485B6', 'hs_code_no': '#45D5C2', 'bill_of_lading_date': '#2A82BC', 'declaration_by_issuer': '#CABD36', 'beneficiary_bank_identifier': '#D8B969', 'vessel_flight_no': '#E4FC29', 'goods_description': '#700FDA', 'incoterm': '#7B537E', 'invoice_due_date': '#BD8836', 'tenor_type': '#B407A7', 'country_of_origin_of_goods': '#83FF02', 'invoice_no': '#638980', 'cosignee_name': '#FACEDF', 'total_quantity_of_goods': '#EC1B70', 'consignor_address': '#B69D47', 'invoice_tax_ccy': '#2B474A', 'gross_weight': '#A32AD5', 'notify_party_name': '#D42EC1', 'dimension': '#7E51DD', 'consignor_name': '#4136DE', 'indicator_type': '#8206C8', 'invoice_tax_amount': '#AB9CD9', 'country_of_final_destination': '#EE965D', 'usance_tenor': '#04A77F', 'date_of_invoice': '#4F1625', 'invoice_currency': '#EDC7BA', 'invoice_amount_in_words': '#665130', 'awb_number': '#540BEE', 'awb_date': '#3B8BB5', 'lc_ref_no': '#A0B87E', 'vessel_name': '#974046', 'net_weight': '#16DF59', 'beneficiary_country': '#AB5954', 'beneficiary_drawer_exporter_seller_supplier_tin': '#368CD6', 'remitter_drawee_applicant_importer_buyer_name': '#60B29F', 'transaction_date': '#DE0691', 'shipper_name': '#009CCB', 'indicator_date': '#05496A', 'beneficiary_bank_country': '#35DF27', 'shipper_address': '#3B6CF1', 'signature_of_the_issuer': '#4F27BC', 'tenor_indicator': '#E216AC', 'delivery_terms': '#B4B65A', 'transaction_currency': '#E7ECCA', 'beneficiary_drawer_exporter_seller_supplier_name': '#02AD13', 'page_no': '#86B38B', 'consignor_country': '#4AA76B', 'beneficiary_bank_name': '#B35D77', 'lc_date': '#82ECAA', 'invoice_discount_ccy': '#5B1E7B', 'transaction_amonunt_value': '#8384F2', 'stamp': '#6A1D0E', 'notify_party_address': '#3B2373', 'invoice_amount': '#FAC83C', 'port_of_discharge': '#D9DFA5'}
2024-01-30 13:45:59,071 is result_set is instance of dict? True
2024-01-30 13:45:59,073 is final_result_set is instance of dict? True
2024-01-30 13:45:59,117 Time taken for page 1 of Invoice_985_0.png:0:00:01.777440
2024-01-30 13:45:59,163 *****Generated All Pages****** for Invoice_985_0.png
2024-01-30 13:45:59,163 RAM memory 73.2 used for Invoice_985_0.png Generating All Pages:
2024-01-30 13:45:59,163 Processing time taken for all pages of Invoice_985_0.png1:0:00:01.913227
2024-01-30 13:45:59,367 file name is:Invoice_981_11.png
2024-01-30 13:45:59,367 folder path :Images
2024-01-30 13:45:59,368 Calling Image result
2024-01-30 13:45:59,368 is all_page_result is instance of dict? True
2024-01-30 13:45:59,368 STREAM b'IHDR' 16 13
2024-01-30 13:45:59,368 STREAM b'IDAT' 41 55512
2024-01-30 13:45:59,388 is words is instance of list? True
2024-01-30 13:45:59,388 is bboxes is instance of list? True
2024-01-30 13:45:59,388 is bounding_boxes is instance of list? True
2024-01-30 13:45:59,597 is input_id_chunks is instance of list? True
2024-01-30 13:45:59,598 is mask_chunks is instance of list? True
2024-01-30 13:45:59,598 is bbox_chunks is instance of list? True
2024-01-30 13:45:59,598 is image_chunks is instance of list? True
2024-01-30 13:45:59,598 is input_dict is instance of dict? True
2024-01-30 13:46:01,428 Model Called
2024-01-30 13:46:01,429 RAM memory 68.5 used for Invoice_981_11.png:
2024-01-30 13:46:01,429 is all_predictions is instance of list? True
2024-01-30 13:46:01,429 is all_boxes is instance of list? True
2024-01-30 13:46:01,429 is all_confidences is instance of list? True
2024-01-30 13:46:01,429 is all_text is instance of list? True
2024-01-30 13:46:01,429 is label2id is instance of dict? True
2024-01-30 13:46:01,429 is id2label is instance of dict? True
2024-01-30 13:46:01,430 is label2color is instance of dict? True
2024-01-30 13:46:01,430 label2color : {'signature': '#8744C8', 'remitter_address': '#093087', 'O': '#FCBCFF', 'notify_party_country': '#1AF5B2', 'port_of_loading': '#E31CC1', 'beneficiary_account_number': '#02985D', 'consignee_address': '#7C0124', 'beneficiary_iban_number': '#0F56CD', 'bill_of_lading_no': '#3C0FED', 'pre-carriage-by': '#528308', 'invoice_discount_amount': '#DC5505', 'beneficiary_address': '#E0BBAE', 'rate_per_unit': '#218E36', 'original_or_copy': '#5C3D43', 'hs_code_no': '#9305F7', 'bill_of_lading_date': '#708D24', 'declaration_by_issuer': '#203D8A', 'beneficiary_bank_identifier': '#E193F0', 'vessel_flight_no': '#F7FB6E', 'goods_description': '#F55BAE', 'incoterm': '#110938', 'invoice_due_date': '#8B11DD', 'tenor_type': '#E1245C', 'country_of_origin_of_goods': '#C2A37E', 'invoice_no': '#06D4FF', 'cosignee_name': '#BF761A', 'total_quantity_of_goods': '#43806B', 'consignor_address': '#B76192', 'invoice_tax_ccy': '#E071CA', 'gross_weight': '#113C6F', 'notify_party_name': '#744779', 'dimension': '#B2F4AC', 'consignor_name': '#A7612A', 'indicator_type': '#92A4EC', 'invoice_tax_amount': '#194093', 'country_of_final_destination': '#E7368F', 'usance_tenor': '#1BBD01', 'date_of_invoice': '#B446C4', 'invoice_currency': '#71E9F9', 'invoice_amount_in_words': '#E8BA4C', 'awb_number': '#4BEAB3', 'awb_date': '#E7B473', 'lc_ref_no': '#FA4CDE', 'vessel_name': '#69103E', 'net_weight': '#C70EEA', 'beneficiary_country': '#88E1E6', 'beneficiary_drawer_exporter_seller_supplier_tin': '#1A5D25', 'remitter_drawee_applicant_importer_buyer_name': '#D6E609', 'transaction_date': '#4E9C4F', 'shipper_name': '#AD9462', 'indicator_date': '#AF5F07', 'beneficiary_bank_country': '#D79001', 'shipper_address': '#57D2DA', 'signature_of_the_issuer': '#45844D', 'tenor_indicator': '#6342A2', 'delivery_terms': '#0F627B', 'transaction_currency': '#4D5266', 'beneficiary_drawer_exporter_seller_supplier_name': '#715B2A', 'page_no': '#580A8E', 'consignor_country': '#B23DA6', 'beneficiary_bank_name': '#CB858F', 'lc_date': '#FA530A', 'invoice_discount_ccy': '#EBA824', 'transaction_amonunt_value': '#6340A7', 'stamp': '#4175A1', 'notify_party_address': '#9CE221', 'invoice_amount': '#CB244F', 'port_of_discharge': '#A9C7B7'}
2024-01-30 13:46:01,623 is result_set is instance of dict? True
2024-01-30 13:46:01,624 is final_result_set is instance of dict? True
2024-01-30 13:46:01,663 Time taken for page 1 of Invoice_981_11.png:0:00:02.294505
2024-01-30 13:46:01,810 *****Generated All Pages****** for Invoice_981_11.png
2024-01-30 13:46:01,810 RAM memory 68.7 used for Invoice_981_11.png Generating All Pages:
2024-01-30 13:46:01,810 Processing time taken for all pages of Invoice_981_11.png1:0:00:02.442384
2024-01-30 13:46:01,970 file name is:Invoice_981_4.png
2024-01-30 13:46:01,970 folder path :Images
2024-01-30 13:46:01,971 Calling Image result
2024-01-30 13:46:01,971 is all_page_result is instance of dict? True
2024-01-30 13:46:02,098 STREAM b'IHDR' 16 13
2024-01-30 13:46:02,098 STREAM b'IDAT' 41 53640
2024-01-30 13:46:02,167 is words is instance of list? True
2024-01-30 13:46:02,167 is bboxes is instance of list? True
2024-01-30 13:46:02,167 is bounding_boxes is instance of list? True
2024-01-30 13:46:02,358 is input_id_chunks is instance of list? True
2024-01-30 13:46:02,358 is mask_chunks is instance of list? True
2024-01-30 13:46:02,359 is bbox_chunks is instance of list? True
2024-01-30 13:46:02,359 is image_chunks is instance of list? True
2024-01-30 13:46:02,359 is input_dict is instance of dict? True
2024-01-30 13:46:03,899 Model Called
2024-01-30 13:46:03,900 RAM memory 69.5 used for Invoice_981_4.png:
2024-01-30 13:46:03,900 is all_predictions is instance of list? True
2024-01-30 13:46:03,900 is all_boxes is instance of list? True
2024-01-30 13:46:03,900 is all_confidences is instance of list? True
2024-01-30 13:46:03,900 is all_text is instance of list? True
2024-01-30 13:46:03,900 is label2id is instance of dict? True
2024-01-30 13:46:03,900 is id2label is instance of dict? True
2024-01-30 13:46:03,902 is label2color is instance of dict? True
2024-01-30 13:46:03,902 label2color : {'signature': '#EDF9D1', 'remitter_address': '#6626FB', 'O': '#FE37A7', 'notify_party_country': '#A65405', 'port_of_loading': '#7F93D2', 'beneficiary_account_number': '#63A2F1', 'consignee_address': '#3FCD7D', 'beneficiary_iban_number': '#C8E7D2', 'bill_of_lading_no': '#B65211', 'pre-carriage-by': '#CB6E6D', 'invoice_discount_amount': '#E4A8FF', 'beneficiary_address': '#C61E2E', 'rate_per_unit': '#9C7C56', 'original_or_copy': '#F4B3A0', 'hs_code_no': '#C97DB8', 'bill_of_lading_date': '#D23C0B', 'declaration_by_issuer': '#479D36', 'beneficiary_bank_identifier': '#1F20FB', 'vessel_flight_no': '#1B700F', 'goods_description': '#B586EC', 'incoterm': '#4D8E1E', 'invoice_due_date': '#48BD99', 'tenor_type': '#8C18D0', 'country_of_origin_of_goods': '#2B69DE', 'invoice_no': '#F76BA6', 'cosignee_name': '#68D447', 'total_quantity_of_goods': '#19A9F4', 'consignor_address': '#7555C4', 'invoice_tax_ccy': '#B7FEF3', 'gross_weight': '#5F6145', 'notify_party_name': '#3001AD', 'dimension': '#4DF621', 'consignor_name': '#E72CB2', 'indicator_type': '#92884D', 'invoice_tax_amount': '#0B32EF', 'country_of_final_destination': '#70DF85', 'usance_tenor': '#EB3374', 'date_of_invoice': '#4EC395', 'invoice_currency': '#B8784F', 'invoice_amount_in_words': '#286189', 'awb_number': '#42AFB1', 'awb_date': '#9FCBA6', 'lc_ref_no': '#ACD6FB', 'vessel_name': '#773ECC', 'net_weight': '#06E402', 'beneficiary_country': '#16A947', 'beneficiary_drawer_exporter_seller_supplier_tin': '#C5846D', 'remitter_drawee_applicant_importer_buyer_name': '#E4E023', 'transaction_date': '#0F4AB8', 'shipper_name': '#E48800', 'indicator_date': '#448B7E', 'beneficiary_bank_country': '#097A78', 'shipper_address': '#AA40FD', 'signature_of_the_issuer': '#E404AC', 'tenor_indicator': '#8599FF', 'delivery_terms': '#76BCE9', 'transaction_currency': '#8FE490', 'beneficiary_drawer_exporter_seller_supplier_name': '#40D636', 'page_no': '#5FCC9C', 'consignor_country': '#AF076D', 'beneficiary_bank_name': '#3B3B97', 'lc_date': '#6A7276', 'invoice_discount_ccy': '#8548D2', 'transaction_amonunt_value': '#E5C3AB', 'stamp': '#FECE6C', 'notify_party_address': '#9527A3', 'invoice_amount': '#CC3EE0', 'port_of_discharge': '#71082F'}
2024-01-30 13:46:04,107 is result_set is instance of dict? True
2024-01-30 13:46:04,108 is final_result_set is instance of dict? True
2024-01-30 13:46:04,141 Time taken for page 1 of Invoice_981_4.png:0:00:02.042781
2024-01-30 13:46:04,276 *****Generated All Pages****** for Invoice_981_4.png
2024-01-30 13:46:04,276 RAM memory 69.5 used for Invoice_981_4.png Generating All Pages:
2024-01-30 13:46:04,276 Processing time taken for all pages of Invoice_981_4.png1:0:00:02.304761
2024-01-30 13:46:04,435 file name is:Invoice_419_8.png
2024-01-30 13:46:04,435 folder path :Images
2024-01-30 13:46:04,435 Calling Image result
2024-01-30 13:46:04,435 is all_page_result is instance of dict? True
2024-01-30 13:46:04,466 STREAM b'IHDR' 16 13
2024-01-30 13:46:04,467 STREAM b'IDAT' 41 26802
2024-01-30 13:46:04,484 Checking spheric-time-383904-f1b421d86eef.json for explicit credentials as part of auth process...
2024-01-30 13:46:05,320 is words is instance of list? True
2024-01-30 13:46:05,320 is bboxes is instance of list? True
2024-01-30 13:46:05,320 is bounding_boxes is instance of list? True
2024-01-30 13:46:05,498 is input_id_chunks is instance of list? True
2024-01-30 13:46:05,498 is mask_chunks is instance of list? True
2024-01-30 13:46:05,498 is bbox_chunks is instance of list? True
2024-01-30 13:46:05,498 is image_chunks is instance of list? True
2024-01-30 13:46:05,498 is input_dict is instance of dict? True
2024-01-30 13:46:06,290 Model Called
2024-01-30 13:46:06,291 RAM memory 68.6 used for Invoice_419_8.png:
2024-01-30 13:46:06,291 is all_predictions is instance of list? True
2024-01-30 13:46:06,291 is all_boxes is instance of list? True
2024-01-30 13:46:06,291 is all_confidences is instance of list? True
2024-01-30 13:46:06,291 is all_text is instance of list? True
2024-01-30 13:46:06,291 is label2id is instance of dict? True
2024-01-30 13:46:06,291 is id2label is instance of dict? True
2024-01-30 13:46:06,292 is label2color is instance of dict? True
2024-01-30 13:46:06,292 label2color : {'signature': '#993FD3', 'remitter_address': '#0CBA8D', 'O': '#1FD6FC', 'notify_party_country': '#0076C1', 'port_of_loading': '#6E8FC0', 'beneficiary_account_number': '#71B20A', 'consignee_address': '#0E29DA', 'beneficiary_iban_number': '#8AED49', 'bill_of_lading_no': '#9396F7', 'pre-carriage-by': '#7342DD', 'invoice_discount_amount': '#428693', 'beneficiary_address': '#10D739', 'rate_per_unit': '#6EC18D', 'original_or_copy': '#226E0A', 'hs_code_no': '#FF6983', 'bill_of_lading_date': '#119E6D', 'declaration_by_issuer': '#83B6AA', 'beneficiary_bank_identifier': '#A82789', 'vessel_flight_no': '#4AEAD4', 'goods_description': '#7A9F2A', 'incoterm': '#6A90E5', 'invoice_due_date': '#6A3071', 'tenor_type': '#14C0DB', 'country_of_origin_of_goods': '#F76FFE', 'invoice_no': '#506F97', 'cosignee_name': '#87653E', 'total_quantity_of_goods': '#B799F5', 'consignor_address': '#C5746C', 'invoice_tax_ccy': '#AEE1F3', 'gross_weight': '#423248', 'notify_party_name': '#29D2C8', 'dimension': '#79B391', 'consignor_name': '#3E2BBB', 'indicator_type': '#EB05A7', 'invoice_tax_amount': '#03062A', 'country_of_final_destination': '#7DDD15', 'usance_tenor': '#8FFECB', 'date_of_invoice': '#9D703F', 'invoice_currency': '#315725', 'invoice_amount_in_words': '#D48275', 'awb_number': '#0F1D6B', 'awb_date': '#BCC0FD', 'lc_ref_no': '#1990DB', 'vessel_name': '#880F70', 'net_weight': '#0669D4', 'beneficiary_country': '#D45559', 'beneficiary_drawer_exporter_seller_supplier_tin': '#F16CD3', 'remitter_drawee_applicant_importer_buyer_name': '#8A3F8D', 'transaction_date': '#DB68D6', 'shipper_name': '#2BCC4B', 'indicator_date': '#9014B2', 'beneficiary_bank_country': '#59E985', 'shipper_address': '#237239', 'signature_of_the_issuer': '#C8A64D', 'tenor_indicator': '#3E4F73', 'delivery_terms': '#D50679', 'transaction_currency': '#9A9B11', 'beneficiary_drawer_exporter_seller_supplier_name': '#FCCA7D', 'page_no': '#F168FD', 'consignor_country': '#54D98C', 'beneficiary_bank_name': '#5F3436', 'lc_date': '#A3004A', 'invoice_discount_ccy': '#479DF6', 'transaction_amonunt_value': '#E87ECB', 'stamp': '#DD86EE', 'notify_party_address': '#C6E7AB', 'invoice_amount': '#98755A', 'port_of_discharge': '#2F89B3'}
2024-01-30 13:46:06,452 is result_set is instance of dict? True
2024-01-30 13:46:06,452 is final_result_set is instance of dict? True
2024-01-30 13:46:06,455 Time taken for page 1 of Invoice_419_8.png:0:00:01.988647
2024-01-30 13:46:06,574 *****Generated All Pages****** for Invoice_419_8.png
2024-01-30 13:46:06,574 RAM memory 68.8 used for Invoice_419_8.png Generating All Pages:
2024-01-30 13:46:06,574 Processing time taken for all pages of Invoice_419_8.png1:0:00:02.139210
2024-01-30 13:46:06,724 file name is:Invoice_952_3.png
2024-01-30 13:46:06,724 folder path :Images
2024-01-30 13:46:06,724 Calling Image result
2024-01-30 13:46:06,724 is all_page_result is instance of dict? True
2024-01-30 13:46:06,725 STREAM b'IHDR' 16 13
2024-01-30 13:46:06,725 STREAM b'IDAT' 41 40330
2024-01-30 13:46:06,744 is words is instance of list? True
2024-01-30 13:46:06,744 is bboxes is instance of list? True
2024-01-30 13:46:06,744 is bounding_boxes is instance of list? True
2024-01-30 13:46:06,953 is input_id_chunks is instance of list? True
2024-01-30 13:46:06,953 is mask_chunks is instance of list? True
2024-01-30 13:46:06,953 is bbox_chunks is instance of list? True
2024-01-30 13:46:06,953 is image_chunks is instance of list? True
2024-01-30 13:46:06,953 is input_dict is instance of dict? True
2024-01-30 13:46:07,751 Model Called
2024-01-30 13:46:07,752 RAM memory 69.2 used for Invoice_952_3.png:
2024-01-30 13:46:07,752 is all_predictions is instance of list? True
2024-01-30 13:46:07,752 is all_boxes is instance of list? True
2024-01-30 13:46:07,752 is all_confidences is instance of list? True
2024-01-30 13:46:07,752 is all_text is instance of list? True
2024-01-30 13:46:07,752 is label2id is instance of dict? True
2024-01-30 13:46:07,752 is id2label is instance of dict? True
2024-01-30 13:46:07,753 is label2color is instance of dict? True
2024-01-30 13:46:07,753 label2color : {'signature': '#20353E', 'remitter_address': '#2B7B66', 'O': '#45C0F4', 'notify_party_country': '#D06D43', 'port_of_loading': '#68B613', 'beneficiary_account_number': '#82C6BE', 'consignee_address': '#5F7119', 'beneficiary_iban_number': '#C8FB06', 'bill_of_lading_no': '#8E970A', 'pre-carriage-by': '#5DB4DE', 'invoice_discount_amount': '#1F99D9', 'beneficiary_address': '#5715DD', 'rate_per_unit': '#16F507', 'original_or_copy': '#44E3E8', 'hs_code_no': '#915C20', 'bill_of_lading_date': '#6BFD19', 'declaration_by_issuer': '#D08830', 'beneficiary_bank_identifier': '#8BCD1A', 'vessel_flight_no': '#85684C', 'goods_description': '#A44584', 'incoterm': '#DF481A', 'invoice_due_date': '#36A3AC', 'tenor_type': '#0B15D3', 'country_of_origin_of_goods': '#7A1F39', 'invoice_no': '#B7D0E0', 'cosignee_name': '#231ABA', 'total_quantity_of_goods': '#D0BB4F', 'consignor_address': '#A8E454', 'invoice_tax_ccy': '#62A769', 'gross_weight': '#28A130', 'notify_party_name': '#39B01F', 'dimension': '#3437A1', 'consignor_name': '#FB8FD9', 'indicator_type': '#23A2F4', 'invoice_tax_amount': '#80F5B3', 'country_of_final_destination': '#86E597', 'usance_tenor': '#C6DB4E', 'date_of_invoice': '#04AE5B', 'invoice_currency': '#9EF9F4', 'invoice_amount_in_words': '#DD772A', 'awb_number': '#8155D6', 'awb_date': '#E7F7CA', 'lc_ref_no': '#48933B', 'vessel_name': '#09EE55', 'net_weight': '#C8547C', 'beneficiary_country': '#BC191C', 'beneficiary_drawer_exporter_seller_supplier_tin': '#086613', 'remitter_drawee_applicant_importer_buyer_name': '#3F998C', 'transaction_date': '#250DF9', 'shipper_name': '#121C45', 'indicator_date': '#7922E6', 'beneficiary_bank_country': '#DBFE67', 'shipper_address': '#011A3F', 'signature_of_the_issuer': '#F80191', 'tenor_indicator': '#7DCDB1', 'delivery_terms': '#96768E', 'transaction_currency': '#FD4CEA', 'beneficiary_drawer_exporter_seller_supplier_name': '#467A2D', 'page_no': '#793420', 'consignor_country': '#8C48AF', 'beneficiary_bank_name': '#FA64B8', 'lc_date': '#9C6D99', 'invoice_discount_ccy': '#F145A9', 'transaction_amonunt_value': '#FAE310', 'stamp': '#29506A', 'notify_party_address': '#F1A220', 'invoice_amount': '#6201F6', 'port_of_discharge': '#0F9D34'}
2024-01-30 13:46:07,920 is result_set is instance of dict? True
2024-01-30 13:46:07,921 is final_result_set is instance of dict? True
2024-01-30 13:46:07,961 Time taken for page 1 of Invoice_952_3.png:0:00:01.235928
2024-01-30 13:46:08,098 *****Generated All Pages****** for Invoice_952_3.png
2024-01-30 13:46:08,098 RAM memory 69.4 used for Invoice_952_3.png Generating All Pages:
2024-01-30 13:46:08,098 Processing time taken for all pages of Invoice_952_3.png1:0:00:01.374333
2024-01-30 13:46:08,257 file name is:Proforma_Invoice_34_0.png
2024-01-30 13:46:08,257 folder path :Images
2024-01-30 13:46:08,257 Calling Image result
2024-01-30 13:46:08,257 is all_page_result is instance of dict? True
2024-01-30 13:46:08,352 STREAM b'IHDR' 16 13
2024-01-30 13:46:08,352 STREAM b'IDAT' 41 46818
2024-01-30 13:46:08,386 is words is instance of list? True
2024-01-30 13:46:08,386 is bboxes is instance of list? True
2024-01-30 13:46:08,386 is bounding_boxes is instance of list? True
2024-01-30 13:46:08,620 is input_id_chunks is instance of list? True
2024-01-30 13:46:08,621 is mask_chunks is instance of list? True
2024-01-30 13:46:08,621 is bbox_chunks is instance of list? True
2024-01-30 13:46:08,621 is image_chunks is instance of list? True
2024-01-30 13:46:08,621 is input_dict is instance of dict? True
2024-01-30 13:46:09,424 Model Called
2024-01-30 13:46:09,425 RAM memory 68.3 used for Proforma_Invoice_34_0.png:
2024-01-30 13:46:09,425 is all_predictions is instance of list? True
2024-01-30 13:46:09,425 is all_boxes is instance of list? True
2024-01-30 13:46:09,425 is all_confidences is instance of list? True
2024-01-30 13:46:09,425 is all_text is instance of list? True
2024-01-30 13:46:09,425 is label2id is instance of dict? True
2024-01-30 13:46:09,425 is id2label is instance of dict? True
2024-01-30 13:46:09,426 is label2color is instance of dict? True
2024-01-30 13:46:09,426 label2color : {'signature': '#EA2DAB', 'remitter_address': '#AEA7B6', 'O': '#20C134', 'notify_party_country': '#248959', 'port_of_loading': '#C9BF06', 'beneficiary_account_number': '#DCFA93', 'consignee_address': '#0E67C0', 'beneficiary_iban_number': '#92C43E', 'bill_of_lading_no': '#4490DF', 'pre-carriage-by': '#8B4A05', 'invoice_discount_amount': '#E0D7E3', 'beneficiary_address': '#10301B', 'rate_per_unit': '#0EA7E7', 'original_or_copy': '#1AEB07', 'hs_code_no': '#13A3E0', 'bill_of_lading_date': '#8CA88F', 'declaration_by_issuer': '#1D67FB', 'beneficiary_bank_identifier': '#28BEE1', 'vessel_flight_no': '#EC9E4D', 'goods_description': '#55D15E', 'incoterm': '#33809D', 'invoice_due_date': '#25A7FE', 'tenor_type': '#2A7150', 'country_of_origin_of_goods': '#46819D', 'invoice_no': '#AE621F', 'cosignee_name': '#7DB6B8', 'total_quantity_of_goods': '#15CAB0', 'consignor_address': '#699D9C', 'invoice_tax_ccy': '#76F367', 'gross_weight': '#B5CEAB', 'notify_party_name': '#A64ED4', 'dimension': '#A39723', 'consignor_name': '#A97C48', 'indicator_type': '#DCB97F', 'invoice_tax_amount': '#45D61D', 'country_of_final_destination': '#D38775', 'usance_tenor': '#C026AD', 'date_of_invoice': '#BBBA7D', 'invoice_currency': '#C020C0', 'invoice_amount_in_words': '#17EF85', 'awb_number': '#5123A9', 'awb_date': '#272601', 'lc_ref_no': '#C3FDED', 'vessel_name': '#6833A1', 'net_weight': '#F43F1F', 'beneficiary_country': '#AFF791', 'beneficiary_drawer_exporter_seller_supplier_tin': '#AB0263', 'remitter_drawee_applicant_importer_buyer_name': '#E71C68', 'transaction_date': '#934982', 'shipper_name': '#FF7502', 'indicator_date': '#B36470', 'beneficiary_bank_country': '#900FD4', 'shipper_address': '#33613B', 'signature_of_the_issuer': '#F711BD', 'tenor_indicator': '#7FFB31', 'delivery_terms': '#D3A383', 'transaction_currency': '#95A9EB', 'beneficiary_drawer_exporter_seller_supplier_name': '#64B9FC', 'page_no': '#3A3C93', 'consignor_country': '#65C2D3', 'beneficiary_bank_name': '#B57C2E', 'lc_date': '#CB236D', 'invoice_discount_ccy': '#BB2C86', 'transaction_amonunt_value': '#F7D8A0', 'stamp': '#BA9F36', 'notify_party_address': '#95861C', 'invoice_amount': '#B30D3E', 'port_of_discharge': '#0B3AC9'}
2024-01-30 13:46:09,617 is result_set is instance of dict? True
2024-01-30 13:46:09,618 is final_result_set is instance of dict? True
2024-01-30 13:46:09,646 Time taken for page 1 of Proforma_Invoice_34_0.png:0:00:01.293897
2024-01-30 13:46:09,807 *****Generated All Pages****** for Proforma_Invoice_34_0.png
2024-01-30 13:46:09,808 RAM memory 66.3 used for Proforma_Invoice_34_0.png Generating All Pages:
2024-01-30 13:46:09,808 Processing time taken for all pages of Proforma_Invoice_34_0.png1:0:00:01.550523
2024-01-30 13:46:09,955 file name is:Invoice_952_4.png
2024-01-30 13:46:09,956 folder path :Images
2024-01-30 13:46:09,956 Calling Image result
2024-01-30 13:46:09,956 is all_page_result is instance of dict? True
2024-01-30 13:46:10,053 STREAM b'IHDR' 16 13
2024-01-30 13:46:10,053 STREAM b'IDAT' 41 41280
2024-01-30 13:46:10,072 is words is instance of list? True
2024-01-30 13:46:10,073 is bboxes is instance of list? True
2024-01-30 13:46:10,073 is bounding_boxes is instance of list? True
2024-01-30 13:46:10,278 is input_id_chunks is instance of list? True
2024-01-30 13:46:10,279 is mask_chunks is instance of list? True
2024-01-30 13:46:10,279 is bbox_chunks is instance of list? True
2024-01-30 13:46:10,279 is image_chunks is instance of list? True
2024-01-30 13:46:10,279 is input_dict is instance of dict? True
2024-01-30 13:46:11,001 Model Called
2024-01-30 13:46:11,001 RAM memory 67.0 used for Invoice_952_4.png:
2024-01-30 13:46:11,001 is all_predictions is instance of list? True
2024-01-30 13:46:11,001 is all_boxes is instance of list? True
2024-01-30 13:46:11,002 is all_confidences is instance of list? True
2024-01-30 13:46:11,002 is all_text is instance of list? True
2024-01-30 13:46:11,002 is label2id is instance of dict? True
2024-01-30 13:46:11,002 is id2label is instance of dict? True
2024-01-30 13:46:11,003 is label2color is instance of dict? True
2024-01-30 13:46:11,003 label2color : {'signature': '#438CA7', 'remitter_address': '#DDA198', 'O': '#EEC0D3', 'notify_party_country': '#B35595', 'port_of_loading': '#D8313F', 'beneficiary_account_number': '#9F156D', 'consignee_address': '#2A000B', 'beneficiary_iban_number': '#AFF2D2', 'bill_of_lading_no': '#5DC351', 'pre-carriage-by': '#AC3B79', 'invoice_discount_amount': '#C048AB', 'beneficiary_address': '#3C1211', 'rate_per_unit': '#61688E', 'original_or_copy': '#BEA162', 'hs_code_no': '#4CC111', 'bill_of_lading_date': '#E953AB', 'declaration_by_issuer': '#F9AF44', 'beneficiary_bank_identifier': '#FB286E', 'vessel_flight_no': '#CB1714', 'goods_description': '#33BA5F', 'incoterm': '#14F3B8', 'invoice_due_date': '#7391F7', 'tenor_type': '#01DB58', 'country_of_origin_of_goods': '#62B843', 'invoice_no': '#A3EC65', 'cosignee_name': '#3B881C', 'total_quantity_of_goods': '#B66988', 'consignor_address': '#2AD187', 'invoice_tax_ccy': '#45DCF1', 'gross_weight': '#DC77CD', 'notify_party_name': '#2EC69F', 'dimension': '#37D3D6', 'consignor_name': '#EB97E1', 'indicator_type': '#2ADF5F', 'invoice_tax_amount': '#2FED57', 'country_of_final_destination': '#436EB2', 'usance_tenor': '#D96784', 'date_of_invoice': '#33C18E', 'invoice_currency': '#20A265', 'invoice_amount_in_words': '#E42F11', 'awb_number': '#129D6C', 'awb_date': '#6A5A3E', 'lc_ref_no': '#8B457A', 'vessel_name': '#C0AD19', 'net_weight': '#62B77D', 'beneficiary_country': '#382C50', 'beneficiary_drawer_exporter_seller_supplier_tin': '#FA647E', 'remitter_drawee_applicant_importer_buyer_name': '#3DD2F8', 'transaction_date': '#523798', 'shipper_name': '#534C31', 'indicator_date': '#20E911', 'beneficiary_bank_country': '#9F1A6D', 'shipper_address': '#3E20F4', 'signature_of_the_issuer': '#C706BA', 'tenor_indicator': '#AC8313', 'delivery_terms': '#3C03F2', 'transaction_currency': '#96C03E', 'beneficiary_drawer_exporter_seller_supplier_name': '#DCE943', 'page_no': '#5EFE6F', 'consignor_country': '#5F43EA', 'beneficiary_bank_name': '#F02845', 'lc_date': '#63C13C', 'invoice_discount_ccy': '#9AFDFD', 'transaction_amonunt_value': '#6173F2', 'stamp': '#F22BE9', 'notify_party_address': '#333DCE', 'invoice_amount': '#206EA0', 'port_of_discharge': '#6E6901'}
2024-01-30 13:46:11,166 is result_set is instance of dict? True
2024-01-30 13:46:11,167 is final_result_set is instance of dict? True
2024-01-30 13:46:11,208 Time taken for page 1 of Invoice_952_4.png:0:00:01.154921
2024-01-30 13:46:11,348 *****Generated All Pages****** for Invoice_952_4.png
2024-01-30 13:46:11,349 RAM memory 67.3 used for Invoice_952_4.png Generating All Pages:
2024-01-30 13:46:11,349 Processing time taken for all pages of Invoice_952_4.png1:0:00:01.392988
2024-01-30 13:46:11,499 file name is:Invoice_667_1.png
2024-01-30 13:46:11,499 folder path :Images
2024-01-30 13:46:11,499 Calling Image result
2024-01-30 13:46:11,499 is all_page_result is instance of dict? True
2024-01-30 13:46:11,592 STREAM b'IHDR' 16 13
2024-01-30 13:46:11,592 STREAM b'IDAT' 41 65536
2024-01-30 13:46:11,642 is words is instance of list? True
2024-01-30 13:46:11,642 is bboxes is instance of list? True
2024-01-30 13:46:11,642 is bounding_boxes is instance of list? True
2024-01-30 13:46:11,843 is input_id_chunks is instance of list? True
2024-01-30 13:46:11,843 is mask_chunks is instance of list? True
2024-01-30 13:46:11,843 is bbox_chunks is instance of list? True
2024-01-30 13:46:11,843 is image_chunks is instance of list? True
2024-01-30 13:46:11,844 is input_dict is instance of dict? True
2024-01-30 13:46:13,820 Model Called
2024-01-30 13:46:13,820 RAM memory 75.5 used for Invoice_667_1.png:
2024-01-30 13:46:13,820 is all_predictions is instance of list? True
2024-01-30 13:46:13,820 is all_boxes is instance of list? True
2024-01-30 13:46:13,820 is all_confidences is instance of list? True
2024-01-30 13:46:13,820 is all_text is instance of list? True
2024-01-30 13:46:13,820 is label2id is instance of dict? True
2024-01-30 13:46:13,820 is id2label is instance of dict? True
2024-01-30 13:46:13,821 is label2color is instance of dict? True
2024-01-30 13:46:13,821 label2color : {'signature': '#6C6109', 'remitter_address': '#009F2D', 'O': '#BAB6EE', 'notify_party_country': '#59217C', 'port_of_loading': '#8279F2', 'beneficiary_account_number': '#0A618E', 'consignee_address': '#BB154D', 'beneficiary_iban_number': '#740B8E', 'bill_of_lading_no': '#673CB2', 'pre-carriage-by': '#B55638', 'invoice_discount_amount': '#7F9B09', 'beneficiary_address': '#2EED0A', 'rate_per_unit': '#E231E2', 'original_or_copy': '#A90EBE', 'hs_code_no': '#099948', 'bill_of_lading_date': '#366E9C', 'declaration_by_issuer': '#312490', 'beneficiary_bank_identifier': '#5D841B', 'vessel_flight_no': '#44B78E', 'goods_description': '#B8DFAB', 'incoterm': '#57538C', 'invoice_due_date': '#C5260A', 'tenor_type': '#BC3655', 'country_of_origin_of_goods': '#02A96A', 'invoice_no': '#E11099', 'cosignee_name': '#B2DFE5', 'total_quantity_of_goods': '#C14263', 'consignor_address': '#CA4261', 'invoice_tax_ccy': '#AAF759', 'gross_weight': '#405848', 'notify_party_name': '#BE32B3', 'dimension': '#782BE8', 'consignor_name': '#3D2147', 'indicator_type': '#36C188', 'invoice_tax_amount': '#55468E', 'country_of_final_destination': '#CFF390', 'usance_tenor': '#19BDA8', 'date_of_invoice': '#BAC6E9', 'invoice_currency': '#EB87CA', 'invoice_amount_in_words': '#6918FC', 'awb_number': '#A896F8', 'awb_date': '#41AD97', 'lc_ref_no': '#662C1A', 'vessel_name': '#3A8828', 'net_weight': '#DB7BC8', 'beneficiary_country': '#2D820C', 'beneficiary_drawer_exporter_seller_supplier_tin': '#CC122B', 'remitter_drawee_applicant_importer_buyer_name': '#8F3E9C', 'transaction_date': '#BEDF44', 'shipper_name': '#190739', 'indicator_date': '#D523EB', 'beneficiary_bank_country': '#046256', 'shipper_address': '#C07A04', 'signature_of_the_issuer': '#5D3117', 'tenor_indicator': '#6E538E', 'delivery_terms': '#501285', 'transaction_currency': '#F3440A', 'beneficiary_drawer_exporter_seller_supplier_name': '#7BDE76', 'page_no': '#E9867A', 'consignor_country': '#FC30D4', 'beneficiary_bank_name': '#3B8157', 'lc_date': '#3F08F0', 'invoice_discount_ccy': '#A5B828', 'transaction_amonunt_value': '#B5F4CE', 'stamp': '#93BE8F', 'notify_party_address': '#E4AD66', 'invoice_amount': '#B5AB8A', 'port_of_discharge': '#3C5454'}
2024-01-30 13:46:14,067 is result_set is instance of dict? True
2024-01-30 13:46:14,067 is final_result_set is instance of dict? True
2024-01-30 13:46:14,083 Time taken for page 1 of Invoice_667_1.png:0:00:02.490933
2024-01-30 13:46:14,228 *****Generated All Pages****** for Invoice_667_1.png
2024-01-30 13:46:14,228 RAM memory 75.7 used for Invoice_667_1.png Generating All Pages:
2024-01-30 13:46:14,228 Processing time taken for all pages of Invoice_667_1.png1:0:00:02.729403
2024-01-30 13:46:14,424 file name is:Proforma_Invoice_177_0.png
2024-01-30 13:46:14,424 folder path :Images
2024-01-30 13:46:14,424 Calling Image result
2024-01-30 13:46:14,424 is all_page_result is instance of dict? True
2024-01-30 13:46:14,425 STREAM b'IHDR' 16 13
2024-01-30 13:46:14,425 STREAM b'IDAT' 41 53220
2024-01-30 13:46:14,446 is words is instance of list? True
2024-01-30 13:46:14,446 is bboxes is instance of list? True
2024-01-30 13:46:14,446 is bounding_boxes is instance of list? True
2024-01-30 13:46:14,645 is input_id_chunks is instance of list? True
2024-01-30 13:46:14,645 is mask_chunks is instance of list? True
2024-01-30 13:46:14,645 is bbox_chunks is instance of list? True
2024-01-30 13:46:14,645 is image_chunks is instance of list? True
2024-01-30 13:46:14,646 is input_dict is instance of dict? True
2024-01-30 13:46:16,012 Model Called
2024-01-30 13:46:16,012 RAM memory 67.2 used for Proforma_Invoice_177_0.png:
2024-01-30 13:46:16,012 is all_predictions is instance of list? True
2024-01-30 13:46:16,012 is all_boxes is instance of list? True
2024-01-30 13:46:16,012 is all_confidences is instance of list? True
2024-01-30 13:46:16,012 is all_text is instance of list? True
2024-01-30 13:46:16,012 is label2id is instance of dict? True
2024-01-30 13:46:16,012 is id2label is instance of dict? True
2024-01-30 13:46:16,013 is label2color is instance of dict? True
2024-01-30 13:46:16,013 label2color : {'signature': '#DD2F65', 'remitter_address': '#5E2687', 'O': '#3CD771', 'notify_party_country': '#64517A', 'port_of_loading': '#C3394C', 'beneficiary_account_number': '#7A7BEC', 'consignee_address': '#0204C2', 'beneficiary_iban_number': '#2C2DB5', 'bill_of_lading_no': '#CA1A9D', 'pre-carriage-by': '#502CA8', 'invoice_discount_amount': '#25BD34', 'beneficiary_address': '#6F2B2F', 'rate_per_unit': '#9482EE', 'original_or_copy': '#F1B0FF', 'hs_code_no': '#7F7941', 'bill_of_lading_date': '#1AAD62', 'declaration_by_issuer': '#FEF3D9', 'beneficiary_bank_identifier': '#38EA1B', 'vessel_flight_no': '#BBEAF2', 'goods_description': '#4B81AF', 'incoterm': '#A1D9C0', 'invoice_due_date': '#575A8C', 'tenor_type': '#12EC49', 'country_of_origin_of_goods': '#3A8944', 'invoice_no': '#7E33F9', 'cosignee_name': '#4D8AE2', 'total_quantity_of_goods': '#44B840', 'consignor_address': '#F376F7', 'invoice_tax_ccy': '#6599C1', 'gross_weight': '#60AA49', 'notify_party_name': '#61D4B8', 'dimension': '#00ACD3', 'consignor_name': '#9265A9', 'indicator_type': '#CB738B', 'invoice_tax_amount': '#B333B8', 'country_of_final_destination': '#B82C70', 'usance_tenor': '#7A4608', 'date_of_invoice': '#EE13AD', 'invoice_currency': '#E99457', 'invoice_amount_in_words': '#455658', 'awb_number': '#611FFA', 'awb_date': '#028069', 'lc_ref_no': '#0E1D7B', 'vessel_name': '#388081', 'net_weight': '#215444', 'beneficiary_country': '#C2CFCC', 'beneficiary_drawer_exporter_seller_supplier_tin': '#E5A8B3', 'remitter_drawee_applicant_importer_buyer_name': '#7DD348', 'transaction_date': '#EFF33A', 'shipper_name': '#C60DCC', 'indicator_date': '#2176BE', 'beneficiary_bank_country': '#FB6C30', 'shipper_address': '#E64E48', 'signature_of_the_issuer': '#770D38', 'tenor_indicator': '#6A9D53', 'delivery_terms': '#19C377', 'transaction_currency': '#6DB638', 'beneficiary_drawer_exporter_seller_supplier_name': '#1E224A', 'page_no': '#E1F711', 'consignor_country': '#330B83', 'beneficiary_bank_name': '#97F068', 'lc_date': '#B6683F', 'invoice_discount_ccy': '#7C3187', 'transaction_amonunt_value': '#E15240', 'stamp': '#67C4A8', 'notify_party_address': '#F73717', 'invoice_amount': '#96741A', 'port_of_discharge': '#CE08DC'}
2024-01-30 13:46:16,210 is result_set is instance of dict? True
2024-01-30 13:46:16,211 is final_result_set is instance of dict? True
2024-01-30 13:46:16,241 Time taken for page 1 of Proforma_Invoice_177_0.png:0:00:01.815249
2024-01-30 13:46:16,371 *****Generated All Pages****** for Proforma_Invoice_177_0.png
2024-01-30 13:46:16,371 RAM memory 67.6 used for Proforma_Invoice_177_0.png Generating All Pages:
2024-01-30 13:46:16,372 Processing time taken for all pages of Proforma_Invoice_177_0.png1:0:00:01.947048
2024-01-30 13:46:16,526 file name is:Proforma_Invoice_167_1.png
2024-01-30 13:46:16,526 folder path :Images
2024-01-30 13:46:16,527 Calling Image result
2024-01-30 13:46:16,527 is all_page_result is instance of dict? True
2024-01-30 13:46:16,527 STREAM b'IHDR' 16 13
2024-01-30 13:46:16,527 STREAM b'IDAT' 41 34267
2024-01-30 13:46:16,547 is words is instance of list? True
2024-01-30 13:46:16,547 is bboxes is instance of list? True
2024-01-30 13:46:16,547 is bounding_boxes is instance of list? True
2024-01-30 13:46:16,725 is input_id_chunks is instance of list? True
2024-01-30 13:46:16,725 is mask_chunks is instance of list? True
2024-01-30 13:46:16,725 is bbox_chunks is instance of list? True
2024-01-30 13:46:16,725 is image_chunks is instance of list? True
2024-01-30 13:46:16,725 is input_dict is instance of dict? True
2024-01-30 13:46:17,325 Model Called
2024-01-30 13:46:17,325 RAM memory 67.0 used for Proforma_Invoice_167_1.png:
2024-01-30 13:46:17,325 is all_predictions is instance of list? True
2024-01-30 13:46:17,325 is all_boxes is instance of list? True
2024-01-30 13:46:17,325 is all_confidences is instance of list? True
2024-01-30 13:46:17,325 is all_text is instance of list? True
2024-01-30 13:46:17,325 is label2id is instance of dict? True
2024-01-30 13:46:17,325 is id2label is instance of dict? True
2024-01-30 13:46:17,326 is label2color is instance of dict? True
2024-01-30 13:46:17,326 label2color : {'signature': '#229AC0', 'remitter_address': '#A5E218', 'O': '#6E8066', 'notify_party_country': '#FCBD60', 'port_of_loading': '#328C4B', 'beneficiary_account_number': '#9209F3', 'consignee_address': '#330305', 'beneficiary_iban_number': '#0C510D', 'bill_of_lading_no': '#0CBC78', 'pre-carriage-by': '#AD2C19', 'invoice_discount_amount': '#36E03E', 'beneficiary_address': '#6FA757', 'rate_per_unit': '#EF0EC2', 'original_or_copy': '#B7FD98', 'hs_code_no': '#6B4D99', 'bill_of_lading_date': '#E4221A', 'declaration_by_issuer': '#122651', 'beneficiary_bank_identifier': '#FFB57F', 'vessel_flight_no': '#DDCE10', 'goods_description': '#BAD87F', 'incoterm': '#66FF17', 'invoice_due_date': '#C427C7', 'tenor_type': '#CDC063', 'country_of_origin_of_goods': '#354C81', 'invoice_no': '#B5A428', 'cosignee_name': '#257AE7', 'total_quantity_of_goods': '#60074B', 'consignor_address': '#200C7A', 'invoice_tax_ccy': '#45574A', 'gross_weight': '#64CE3E', 'notify_party_name': '#7DF892', 'dimension': '#33B2DA', 'consignor_name': '#A455A4', 'indicator_type': '#D736D0', 'invoice_tax_amount': '#BF9301', 'country_of_final_destination': '#960B25', 'usance_tenor': '#0DB6CE', 'date_of_invoice': '#E9BA87', 'invoice_currency': '#3C198D', 'invoice_amount_in_words': '#CF0CB4', 'awb_number': '#C7E771', 'awb_date': '#1A43CD', 'lc_ref_no': '#CE29B9', 'vessel_name': '#9E5E26', 'net_weight': '#E023E3', 'beneficiary_country': '#CAA91F', 'beneficiary_drawer_exporter_seller_supplier_tin': '#1C6DF8', 'remitter_drawee_applicant_importer_buyer_name': '#687289', 'transaction_date': '#652392', 'shipper_name': '#A63378', 'indicator_date': '#C674F6', 'beneficiary_bank_country': '#21EB70', 'shipper_address': '#5E026F', 'signature_of_the_issuer': '#4BC2D0', 'tenor_indicator': '#1C3540', 'delivery_terms': '#4AF235', 'transaction_currency': '#89ADA8', 'beneficiary_drawer_exporter_seller_supplier_name': '#CE2F07', 'page_no': '#F5C185', 'consignor_country': '#1C6655', 'beneficiary_bank_name': '#8FF96D', 'lc_date': '#3F32C8', 'invoice_discount_ccy': '#98F719', 'transaction_amonunt_value': '#0E176D', 'stamp': '#1CE176', 'notify_party_address': '#802033', 'invoice_amount': '#3B859A', 'port_of_discharge': '#B1FBAA'}
2024-01-30 13:46:17,450 is result_set is instance of dict? True
2024-01-30 13:46:17,450 is final_result_set is instance of dict? True
2024-01-30 13:46:17,467 Time taken for page 1 of Proforma_Invoice_167_1.png:0:00:00.940141
2024-01-30 13:46:17,599 *****Generated All Pages****** for Proforma_Invoice_167_1.png
2024-01-30 13:46:17,599 RAM memory 67.2 used for Proforma_Invoice_167_1.png Generating All Pages:
2024-01-30 13:46:17,599 Processing time taken for all pages of Proforma_Invoice_167_1.png1:0:00:01.072320
2024-01-30 13:46:17,750 file name is:Proforma_Invoice_282_0.png
2024-01-30 13:46:17,750 folder path :Images
2024-01-30 13:46:17,750 Calling Image result
2024-01-30 13:46:17,750 is all_page_result is instance of dict? True
2024-01-30 13:46:17,751 STREAM b'IHDR' 16 13
2024-01-30 13:46:17,751 STREAM b'IDAT' 41 56059
2024-01-30 13:46:17,771 is words is instance of list? True
2024-01-30 13:46:17,771 is bboxes is instance of list? True
2024-01-30 13:46:17,771 is bounding_boxes is instance of list? True
2024-01-30 13:46:17,976 is input_id_chunks is instance of list? True
2024-01-30 13:46:17,976 is mask_chunks is instance of list? True
2024-01-30 13:46:17,976 is bbox_chunks is instance of list? True
2024-01-30 13:46:17,976 is image_chunks is instance of list? True
2024-01-30 13:46:17,977 is input_dict is instance of dict? True
2024-01-30 13:46:19,587 Model Called
2024-01-30 13:46:19,587 RAM memory 69.1 used for Proforma_Invoice_282_0.png:
2024-01-30 13:46:19,587 is all_predictions is instance of list? True
2024-01-30 13:46:19,587 is all_boxes is instance of list? True
2024-01-30 13:46:19,587 is all_confidences is instance of list? True
2024-01-30 13:46:19,588 is all_text is instance of list? True
2024-01-30 13:46:19,588 is label2id is instance of dict? True
2024-01-30 13:46:19,588 is id2label is instance of dict? True
2024-01-30 13:46:19,589 is label2color is instance of dict? True
2024-01-30 13:46:19,589 label2color : {'signature': '#962174', 'remitter_address': '#F002D3', 'O': '#8D5B1A', 'notify_party_country': '#A70831', 'port_of_loading': '#CBDAB7', 'beneficiary_account_number': '#14C887', 'consignee_address': '#3D6005', 'beneficiary_iban_number': '#9C136F', 'bill_of_lading_no': '#CBCA39', 'pre-carriage-by': '#DF8B60', 'invoice_discount_amount': '#AC958E', 'beneficiary_address': '#9435EA', 'rate_per_unit': '#D35957', 'original_or_copy': '#38DF8C', 'hs_code_no': '#B16638', 'bill_of_lading_date': '#3FB576', 'declaration_by_issuer': '#67E159', 'beneficiary_bank_identifier': '#C836DB', 'vessel_flight_no': '#D63A50', 'goods_description': '#6E16E3', 'incoterm': '#66D35E', 'invoice_due_date': '#4706CE', 'tenor_type': '#B27B71', 'country_of_origin_of_goods': '#5A3C8D', 'invoice_no': '#669B57', 'cosignee_name': '#5F5C45', 'total_quantity_of_goods': '#9916C8', 'consignor_address': '#63BCD0', 'invoice_tax_ccy': '#B63319', 'gross_weight': '#D3D00F', 'notify_party_name': '#546613', 'dimension': '#35AD2F', 'consignor_name': '#E43BF7', 'indicator_type': '#EB05C1', 'invoice_tax_amount': '#674CEB', 'country_of_final_destination': '#5D5AFF', 'usance_tenor': '#C73AFA', 'date_of_invoice': '#4FA581', 'invoice_currency': '#20CFD4', 'invoice_amount_in_words': '#7D74D3', 'awb_number': '#8B5B80', 'awb_date': '#CF18D6', 'lc_ref_no': '#C48092', 'vessel_name': '#94319E', 'net_weight': '#AB6B47', 'beneficiary_country': '#9DF11B', 'beneficiary_drawer_exporter_seller_supplier_tin': '#97DDB6', 'remitter_drawee_applicant_importer_buyer_name': '#60D211', 'transaction_date': '#4B2A2A', 'shipper_name': '#5712E1', 'indicator_date': '#0E24A3', 'beneficiary_bank_country': '#1D813F', 'shipper_address': '#F9CA61', 'signature_of_the_issuer': '#52B63E', 'tenor_indicator': '#2A8899', 'delivery_terms': '#7E8A67', 'transaction_currency': '#19E989', 'beneficiary_drawer_exporter_seller_supplier_name': '#8F76DB', 'page_no': '#27EAD4', 'consignor_country': '#6ECBE8', 'beneficiary_bank_name': '#BFC24E', 'lc_date': '#44374F', 'invoice_discount_ccy': '#104269', 'transaction_amonunt_value': '#03316B', 'stamp': '#8C25E4', 'notify_party_address': '#5950B4', 'invoice_amount': '#CB3241', 'port_of_discharge': '#30BB15'}
2024-01-30 13:46:19,844 is result_set is instance of dict? True
2024-01-30 13:46:19,845 is final_result_set is instance of dict? True
2024-01-30 13:46:19,869 Time taken for page 1 of Proforma_Invoice_282_0.png:0:00:02.118023
2024-01-30 13:46:20,004 *****Generated All Pages****** for Proforma_Invoice_282_0.png
2024-01-30 13:46:20,004 RAM memory 69.4 used for Proforma_Invoice_282_0.png Generating All Pages:
2024-01-30 13:46:20,005 Processing time taken for all pages of Proforma_Invoice_282_0.png1:0:00:02.254666
2024-01-30 13:46:20,165 file name is:Invoice_885_0.png
2024-01-30 13:46:20,166 folder path :Images
2024-01-30 13:46:20,166 Calling Image result
2024-01-30 13:46:20,166 is all_page_result is instance of dict? True
2024-01-30 13:46:20,255 STREAM b'IHDR' 16 13
2024-01-30 13:46:20,255 STREAM b'IDAT' 41 65536
2024-01-30 13:46:20,275 Checking spheric-time-383904-f1b421d86eef.json for explicit credentials as part of auth process...
2024-01-30 13:46:21,145 is words is instance of list? True
2024-01-30 13:46:21,145 is bboxes is instance of list? True
2024-01-30 13:46:21,145 is bounding_boxes is instance of list? True
2024-01-30 13:46:21,325 is input_id_chunks is instance of list? True
2024-01-30 13:46:21,325 is mask_chunks is instance of list? True
2024-01-30 13:46:21,325 is bbox_chunks is instance of list? True
2024-01-30 13:46:21,325 is image_chunks is instance of list? True
2024-01-30 13:46:21,326 is input_dict is instance of dict? True
2024-01-30 13:46:22,916 Model Called
2024-01-30 13:46:22,916 RAM memory 68.0 used for Invoice_885_0.png:
2024-01-30 13:46:22,916 is all_predictions is instance of list? True
2024-01-30 13:46:22,916 is all_boxes is instance of list? True
2024-01-30 13:46:22,916 is all_confidences is instance of list? True
2024-01-30 13:46:22,916 is all_text is instance of list? True
2024-01-30 13:46:22,916 is label2id is instance of dict? True
2024-01-30 13:46:22,916 is id2label is instance of dict? True
2024-01-30 13:46:22,917 is label2color is instance of dict? True
2024-01-30 13:46:22,917 label2color : {'signature': '#DFBE65', 'remitter_address': '#C3293E', 'O': '#301E00', 'notify_party_country': '#E60E03', 'port_of_loading': '#7ED468', 'beneficiary_account_number': '#4B6A97', 'consignee_address': '#D3C229', 'beneficiary_iban_number': '#E7ECA4', 'bill_of_lading_no': '#64A81C', 'pre-carriage-by': '#FC4F4A', 'invoice_discount_amount': '#2DED86', 'beneficiary_address': '#6F9FC3', 'rate_per_unit': '#4CA162', 'original_or_copy': '#D2C6C9', 'hs_code_no': '#49D1B0', 'bill_of_lading_date': '#8185DF', 'declaration_by_issuer': '#9BEBE9', 'beneficiary_bank_identifier': '#22E8AE', 'vessel_flight_no': '#67852B', 'goods_description': '#41F96C', 'incoterm': '#A0574B', 'invoice_due_date': '#911139', 'tenor_type': '#7DF9CB', 'country_of_origin_of_goods': '#3662FB', 'invoice_no': '#9C590A', 'cosignee_name': '#FC1D80', 'total_quantity_of_goods': '#B891D7', 'consignor_address': '#E34AD3', 'invoice_tax_ccy': '#DE33B9', 'gross_weight': '#6561C4', 'notify_party_name': '#F9BD82', 'dimension': '#8AAB45', 'consignor_name': '#C27371', 'indicator_type': '#8501AF', 'invoice_tax_amount': '#033E77', 'country_of_final_destination': '#AEBA78', 'usance_tenor': '#30AE4A', 'date_of_invoice': '#6C7C58', 'invoice_currency': '#02CA8B', 'invoice_amount_in_words': '#11EB6D', 'awb_number': '#D92F4B', 'awb_date': '#A0D319', 'lc_ref_no': '#6E4E57', 'vessel_name': '#F7D3B3', 'net_weight': '#9C1CEC', 'beneficiary_country': '#6379C1', 'beneficiary_drawer_exporter_seller_supplier_tin': '#4570E7', 'remitter_drawee_applicant_importer_buyer_name': '#CBAC14', 'transaction_date': '#368D9B', 'shipper_name': '#270943', 'indicator_date': '#DEF51F', 'beneficiary_bank_country': '#E81BC8', 'shipper_address': '#D17B8B', 'signature_of_the_issuer': '#A748AB', 'tenor_indicator': '#65EA62', 'delivery_terms': '#21989A', 'transaction_currency': '#364E8A', 'beneficiary_drawer_exporter_seller_supplier_name': '#1ED918', 'page_no': '#919FDE', 'consignor_country': '#CC8C20', 'beneficiary_bank_name': '#5576E2', 'lc_date': '#1027F2', 'invoice_discount_ccy': '#1B325E', 'transaction_amonunt_value': '#5301CE', 'stamp': '#A26B54', 'notify_party_address': '#0605A7', 'invoice_amount': '#181627', 'port_of_discharge': '#025A86'}
2024-01-30 13:46:23,109 is result_set is instance of dict? True
2024-01-30 13:46:23,110 is final_result_set is instance of dict? True
2024-01-30 13:46:23,137 Time taken for page 1 of Invoice_885_0.png:0:00:02.882303
2024-01-30 13:46:23,287 *****Generated All Pages****** for Invoice_885_0.png
2024-01-30 13:46:23,287 RAM memory 68.3 used for Invoice_885_0.png Generating All Pages:
2024-01-30 13:46:23,287 Processing time taken for all pages of Invoice_885_0.png1:0:00:03.121431
2024-01-30 13:46:23,442 file name is:Proforma_Invoice_321_0.png
2024-01-30 13:46:23,442 folder path :Images
2024-01-30 13:46:23,442 Calling Image result
2024-01-30 13:46:23,442 is all_page_result is instance of dict? True
2024-01-30 13:46:23,443 STREAM b'IHDR' 16 13
2024-01-30 13:46:23,443 STREAM b'IDAT' 41 44242
2024-01-30 13:46:23,464 is words is instance of list? True
2024-01-30 13:46:23,464 is bboxes is instance of list? True
2024-01-30 13:46:23,464 is bounding_boxes is instance of list? True
2024-01-30 13:46:23,673 is input_id_chunks is instance of list? True
2024-01-30 13:46:23,673 is mask_chunks is instance of list? True
2024-01-30 13:46:23,673 is bbox_chunks is instance of list? True
2024-01-30 13:46:23,673 is image_chunks is instance of list? True
2024-01-30 13:46:23,674 is input_dict is instance of dict? True
2024-01-30 13:46:25,261 Model Called
2024-01-30 13:46:25,261 RAM memory 69.6 used for Proforma_Invoice_321_0.png:
2024-01-30 13:46:25,261 is all_predictions is instance of list? True
2024-01-30 13:46:25,261 is all_boxes is instance of list? True
2024-01-30 13:46:25,261 is all_confidences is instance of list? True
2024-01-30 13:46:25,261 is all_text is instance of list? True
2024-01-30 13:46:25,262 is label2id is instance of dict? True
2024-01-30 13:46:25,262 is id2label is instance of dict? True
2024-01-30 13:46:25,263 is label2color is instance of dict? True
2024-01-30 13:46:25,263 label2color : {'signature': '#12A092', 'remitter_address': '#DCF1E0', 'O': '#5A1BB3', 'notify_party_country': '#C715AB', 'port_of_loading': '#0AB95C', 'beneficiary_account_number': '#34F6ED', 'consignee_address': '#157049', 'beneficiary_iban_number': '#13CCFC', 'bill_of_lading_no': '#E64987', 'pre-carriage-by': '#ACC59A', 'invoice_discount_amount': '#A87323', 'beneficiary_address': '#E99E11', 'rate_per_unit': '#1B25D6', 'original_or_copy': '#FC65D2', 'hs_code_no': '#38163E', 'bill_of_lading_date': '#37764E', 'declaration_by_issuer': '#80BD72', 'beneficiary_bank_identifier': '#A68A38', 'vessel_flight_no': '#245B77', 'goods_description': '#CBEFD7', 'incoterm': '#C19824', 'invoice_due_date': '#D74938', 'tenor_type': '#145DA4', 'country_of_origin_of_goods': '#249F6B', 'invoice_no': '#FCE4CB', 'cosignee_name': '#E6A4EA', 'total_quantity_of_goods': '#4EF483', 'consignor_address': '#624FFD', 'invoice_tax_ccy': '#084773', 'gross_weight': '#8353B2', 'notify_party_name': '#96E666', 'dimension': '#D3C761', 'consignor_name': '#79D6CA', 'indicator_type': '#34EA60', 'invoice_tax_amount': '#E79908', 'country_of_final_destination': '#3ACCAA', 'usance_tenor': '#F86B66', 'date_of_invoice': '#25B221', 'invoice_currency': '#D0385C', 'invoice_amount_in_words': '#5D8E07', 'awb_number': '#24BE07', 'awb_date': '#79EC89', 'lc_ref_no': '#CC5471', 'vessel_name': '#259124', 'net_weight': '#7EE510', 'beneficiary_country': '#2C72DA', 'beneficiary_drawer_exporter_seller_supplier_tin': '#2C03A8', 'remitter_drawee_applicant_importer_buyer_name': '#484729', 'transaction_date': '#E30E01', 'shipper_name': '#982447', 'indicator_date': '#3F05BE', 'beneficiary_bank_country': '#75CC5B', 'shipper_address': '#335D2B', 'signature_of_the_issuer': '#6AA6FB', 'tenor_indicator': '#1F6451', 'delivery_terms': '#A7E800', 'transaction_currency': '#94482D', 'beneficiary_drawer_exporter_seller_supplier_name': '#951B69', 'page_no': '#67E744', 'consignor_country': '#7FB60C', 'beneficiary_bank_name': '#EAF926', 'lc_date': '#B7BF6A', 'invoice_discount_ccy': '#63F6B5', 'transaction_amonunt_value': '#09983B', 'stamp': '#529A07', 'notify_party_address': '#F4DB5C', 'invoice_amount': '#E4A34B', 'port_of_discharge': '#C76CA1'}
2024-01-30 13:46:25,568 is result_set is instance of dict? True
2024-01-30 13:46:25,568 is final_result_set is instance of dict? True
2024-01-30 13:46:25,596 Time taken for page 1 of Proforma_Invoice_321_0.png:0:00:02.152299
2024-01-30 13:46:25,787 *****Generated All Pages****** for Proforma_Invoice_321_0.png
2024-01-30 13:46:25,787 RAM memory 69.8 used for Proforma_Invoice_321_0.png Generating All Pages:
2024-01-30 13:46:25,787 Processing time taken for all pages of Proforma_Invoice_321_0.png1:0:00:02.344859
2024-01-30 13:46:25,955 file name is:Invoice_939_5.png
2024-01-30 13:46:25,956 folder path :Images
2024-01-30 13:46:25,956 Calling Image result
2024-01-30 13:46:25,956 is all_page_result is instance of dict? True
2024-01-30 13:46:25,956 STREAM b'IHDR' 16 13
2024-01-30 13:46:25,957 STREAM b'IDAT' 41 44523
2024-01-30 13:46:26,067 is words is instance of list? True
2024-01-30 13:46:26,067 is bboxes is instance of list? True
2024-01-30 13:46:26,067 is bounding_boxes is instance of list? True
2024-01-30 13:46:26,257 is input_id_chunks is instance of list? True
2024-01-30 13:46:26,258 is mask_chunks is instance of list? True
2024-01-30 13:46:26,258 is bbox_chunks is instance of list? True
2024-01-30 13:46:26,258 is image_chunks is instance of list? True
2024-01-30 13:46:26,258 is input_dict is instance of dict? True
2024-01-30 13:46:27,025 Model Called
2024-01-30 13:46:27,025 RAM memory 67.5 used for Invoice_939_5.png:
2024-01-30 13:46:27,026 is all_predictions is instance of list? True
2024-01-30 13:46:27,026 is all_boxes is instance of list? True
2024-01-30 13:46:27,026 is all_confidences is instance of list? True
2024-01-30 13:46:27,026 is all_text is instance of list? True
2024-01-30 13:46:27,026 is label2id is instance of dict? True
2024-01-30 13:46:27,026 is id2label is instance of dict? True
2024-01-30 13:46:27,027 is label2color is instance of dict? True
2024-01-30 13:46:27,027 label2color : {'signature': '#996499', 'remitter_address': '#ED6E8E', 'O': '#0CCF4C', 'notify_party_country': '#A7D8C1', 'port_of_loading': '#963A59', 'beneficiary_account_number': '#83C02D', 'consignee_address': '#5193CE', 'beneficiary_iban_number': '#67D46F', 'bill_of_lading_no': '#5A4622', 'pre-carriage-by': '#569540', 'invoice_discount_amount': '#E54F55', 'beneficiary_address': '#0BCBA5', 'rate_per_unit': '#2FBEF9', 'original_or_copy': '#F2E778', 'hs_code_no': '#707A0C', 'bill_of_lading_date': '#26702F', 'declaration_by_issuer': '#64222D', 'beneficiary_bank_identifier': '#416A4E', 'vessel_flight_no': '#4E3894', 'goods_description': '#3B7197', 'incoterm': '#CBE10C', 'invoice_due_date': '#BBEFC5', 'tenor_type': '#28D720', 'country_of_origin_of_goods': '#9B5FE3', 'invoice_no': '#7147C4', 'cosignee_name': '#6FE590', 'total_quantity_of_goods': '#4D0270', 'consignor_address': '#9F57BC', 'invoice_tax_ccy': '#BE2C02', 'gross_weight': '#A7DD25', 'notify_party_name': '#0A8623', 'dimension': '#1B7387', 'consignor_name': '#FC6948', 'indicator_type': '#99D2DA', 'invoice_tax_amount': '#3CC7D1', 'country_of_final_destination': '#4A1352', 'usance_tenor': '#8FC278', 'date_of_invoice': '#C08E47', 'invoice_currency': '#4BFDE4', 'invoice_amount_in_words': '#1BA8AC', 'awb_number': '#6BD2C1', 'awb_date': '#CE4FD5', 'lc_ref_no': '#85C903', 'vessel_name': '#98F4CC', 'net_weight': '#73FA43', 'beneficiary_country': '#882C64', 'beneficiary_drawer_exporter_seller_supplier_tin': '#67094F', 'remitter_drawee_applicant_importer_buyer_name': '#BE85B0', 'transaction_date': '#B602C9', 'shipper_name': '#2A1863', 'indicator_date': '#8BF0D7', 'beneficiary_bank_country': '#9DBFBE', 'shipper_address': '#ED2860', 'signature_of_the_issuer': '#B29944', 'tenor_indicator': '#ADAA9D', 'delivery_terms': '#9E2C26', 'transaction_currency': '#266202', 'beneficiary_drawer_exporter_seller_supplier_name': '#C1D854', 'page_no': '#0366EE', 'consignor_country': '#69257C', 'beneficiary_bank_name': '#1C62FB', 'lc_date': '#15A512', 'invoice_discount_ccy': '#0AF952', 'transaction_amonunt_value': '#A27C19', 'stamp': '#09EC5C', 'notify_party_address': '#C5DBDF', 'invoice_amount': '#62404D', 'port_of_discharge': '#FA3E9C'}
2024-01-30 13:46:27,148 is result_set is instance of dict? True
2024-01-30 13:46:27,149 is final_result_set is instance of dict? True
2024-01-30 13:46:27,179 Time taken for page 1 of Invoice_939_5.png:0:00:01.221926
2024-01-30 13:46:27,306 *****Generated All Pages****** for Invoice_939_5.png
2024-01-30 13:46:27,306 RAM memory 67.8 used for Invoice_939_5.png Generating All Pages:
2024-01-30 13:46:27,306 Processing time taken for all pages of Invoice_939_5.png1:0:00:01.350434
2024-01-30 13:46:27,461 file name is:Invoice_952_6.png
2024-01-30 13:46:27,461 folder path :Images
2024-01-30 13:46:27,461 Calling Image result
2024-01-30 13:46:27,461 is all_page_result is instance of dict? True
2024-01-30 13:46:27,550 STREAM b'IHDR' 16 13
2024-01-30 13:46:27,550 STREAM b'IDAT' 41 41417
2024-01-30 13:46:27,579 is words is instance of list? True
2024-01-30 13:46:27,580 is bboxes is instance of list? True
2024-01-30 13:46:27,580 is bounding_boxes is instance of list? True
2024-01-30 13:46:27,758 is input_id_chunks is instance of list? True
2024-01-30 13:46:27,758 is mask_chunks is instance of list? True
2024-01-30 13:46:27,758 is bbox_chunks is instance of list? True
2024-01-30 13:46:27,758 is image_chunks is instance of list? True
2024-01-30 13:46:27,759 is input_dict is instance of dict? True
2024-01-30 13:46:28,411 Model Called
2024-01-30 13:46:28,412 RAM memory 67.3 used for Invoice_952_6.png:
2024-01-30 13:46:28,412 is all_predictions is instance of list? True
2024-01-30 13:46:28,412 is all_boxes is instance of list? True
2024-01-30 13:46:28,412 is all_confidences is instance of list? True
2024-01-30 13:46:28,412 is all_text is instance of list? True
2024-01-30 13:46:28,412 is label2id is instance of dict? True
2024-01-30 13:46:28,412 is id2label is instance of dict? True
2024-01-30 13:46:28,413 is label2color is instance of dict? True
2024-01-30 13:46:28,413 label2color : {'signature': '#36CB16', 'remitter_address': '#CCE286', 'O': '#0EEA58', 'notify_party_country': '#F5C932', 'port_of_loading': '#7A17BE', 'beneficiary_account_number': '#D3AF99', 'consignee_address': '#A3987C', 'beneficiary_iban_number': '#34CAB0', 'bill_of_lading_no': '#980D13', 'pre-carriage-by': '#2B3000', 'invoice_discount_amount': '#F5C1EA', 'beneficiary_address': '#1B6375', 'rate_per_unit': '#0B769C', 'original_or_copy': '#E5F529', 'hs_code_no': '#179CB1', 'bill_of_lading_date': '#0EC35F', 'declaration_by_issuer': '#5E2162', 'beneficiary_bank_identifier': '#6D33F4', 'vessel_flight_no': '#AAF6E1', 'goods_description': '#24C70B', 'incoterm': '#6FD2DE', 'invoice_due_date': '#79F810', 'tenor_type': '#C417A4', 'country_of_origin_of_goods': '#DA9644', 'invoice_no': '#7CFE36', 'cosignee_name': '#F25870', 'total_quantity_of_goods': '#0E8DBB', 'consignor_address': '#7E9B9B', 'invoice_tax_ccy': '#1BE9D1', 'gross_weight': '#F48BDF', 'notify_party_name': '#D290FA', 'dimension': '#6E0C88', 'consignor_name': '#F3F6C6', 'indicator_type': '#DC88FB', 'invoice_tax_amount': '#F83455', 'country_of_final_destination': '#D75DBF', 'usance_tenor': '#ED961B', 'date_of_invoice': '#DB1E61', 'invoice_currency': '#F002CE', 'invoice_amount_in_words': '#1A9DC6', 'awb_number': '#F4CFAB', 'awb_date': '#A9E110', 'lc_ref_no': '#5E2668', 'vessel_name': '#187C01', 'net_weight': '#87BD53', 'beneficiary_country': '#5E99B4', 'beneficiary_drawer_exporter_seller_supplier_tin': '#61D7D4', 'remitter_drawee_applicant_importer_buyer_name': '#B47797', 'transaction_date': '#0CC2D7', 'shipper_name': '#51670B', 'indicator_date': '#66D5F6', 'beneficiary_bank_country': '#5F0CCA', 'shipper_address': '#7929E1', 'signature_of_the_issuer': '#D3D81C', 'tenor_indicator': '#368451', 'delivery_terms': '#8B33C7', 'transaction_currency': '#F41934', 'beneficiary_drawer_exporter_seller_supplier_name': '#2FE385', 'page_no': '#9D907A', 'consignor_country': '#D9BB9C', 'beneficiary_bank_name': '#A397DE', 'lc_date': '#760E82', 'invoice_discount_ccy': '#83C38A', 'transaction_amonunt_value': '#B57DCF', 'stamp': '#D0D20B', 'notify_party_address': '#3219F8', 'invoice_amount': '#A546EF', 'port_of_discharge': '#6984B1'}
2024-01-30 13:46:28,531 is result_set is instance of dict? True
2024-01-30 13:46:28,532 is final_result_set is instance of dict? True
2024-01-30 13:46:28,565 Time taken for page 1 of Invoice_952_6.png:0:00:01.014377
2024-01-30 13:46:28,691 *****Generated All Pages****** for Invoice_952_6.png
2024-01-30 13:46:28,691 RAM memory 67.5 used for Invoice_952_6.png Generating All Pages:
2024-01-30 13:46:28,691 Processing time taken for all pages of Invoice_952_6.png1:0:00:01.229773
2024-01-30 13:46:28,848 file name is:Invoice_919_8.png
2024-01-30 13:46:28,848 folder path :Images
2024-01-30 13:46:28,848 Calling Image result
2024-01-30 13:46:28,848 is all_page_result is instance of dict? True
2024-01-30 13:46:28,942 STREAM b'IHDR' 16 13
2024-01-30 13:46:28,942 STREAM b'IDAT' 41 65536
2024-01-30 13:46:28,989 is words is instance of list? True
2024-01-30 13:46:28,989 is bboxes is instance of list? True
2024-01-30 13:46:28,989 is bounding_boxes is instance of list? True
2024-01-30 13:46:29,219 is input_id_chunks is instance of list? True
2024-01-30 13:46:29,219 is mask_chunks is instance of list? True
2024-01-30 13:46:29,219 is bbox_chunks is instance of list? True
2024-01-30 13:46:29,219 is image_chunks is instance of list? True
2024-01-30 13:46:29,219 is input_dict is instance of dict? True
2024-01-30 13:46:29,998 Model Called
2024-01-30 13:46:29,999 RAM memory 68.0 used for Invoice_919_8.png:
2024-01-30 13:46:29,999 is all_predictions is instance of list? True
2024-01-30 13:46:29,999 is all_boxes is instance of list? True
2024-01-30 13:46:29,999 is all_confidences is instance of list? True
2024-01-30 13:46:29,999 is all_text is instance of list? True
2024-01-30 13:46:29,999 is label2id is instance of dict? True
2024-01-30 13:46:29,999 is id2label is instance of dict? True
2024-01-30 13:46:30,000 is label2color is instance of dict? True
2024-01-30 13:46:30,000 label2color : {'signature': '#919812', 'remitter_address': '#6B4DA9', 'O': '#16DBD3', 'notify_party_country': '#80765B', 'port_of_loading': '#05F151', 'beneficiary_account_number': '#CFC7E0', 'consignee_address': '#621335', 'beneficiary_iban_number': '#5E1DB1', 'bill_of_lading_no': '#3525A3', 'pre-carriage-by': '#A07485', 'invoice_discount_amount': '#DE785C', 'beneficiary_address': '#C501C4', 'rate_per_unit': '#619042', 'original_or_copy': '#F61B22', 'hs_code_no': '#A12642', 'bill_of_lading_date': '#D1C928', 'declaration_by_issuer': '#FE970B', 'beneficiary_bank_identifier': '#3D9CE1', 'vessel_flight_no': '#B4A1C7', 'goods_description': '#5C42F0', 'incoterm': '#D256F5', 'invoice_due_date': '#7E8837', 'tenor_type': '#1A2BAC', 'country_of_origin_of_goods': '#9FAC5B', 'invoice_no': '#9A3640', 'cosignee_name': '#89620A', 'total_quantity_of_goods': '#9221DA', 'consignor_address': '#2767A8', 'invoice_tax_ccy': '#28F30C', 'gross_weight': '#489363', 'notify_party_name': '#06EBEB', 'dimension': '#3CE523', 'consignor_name': '#490779', 'indicator_type': '#960BD0', 'invoice_tax_amount': '#3EFAE8', 'country_of_final_destination': '#84A850', 'usance_tenor': '#C38317', 'date_of_invoice': '#376FAF', 'invoice_currency': '#577D61', 'invoice_amount_in_words': '#621AC5', 'awb_number': '#D6DBF9', 'awb_date': '#802350', 'lc_ref_no': '#C4B83F', 'vessel_name': '#36EFAF', 'net_weight': '#624E28', 'beneficiary_country': '#D23C29', 'beneficiary_drawer_exporter_seller_supplier_tin': '#60647B', 'remitter_drawee_applicant_importer_buyer_name': '#8999A0', 'transaction_date': '#9214B7', 'shipper_name': '#926EF3', 'indicator_date': '#41DC7E', 'beneficiary_bank_country': '#A41F04', 'shipper_address': '#240254', 'signature_of_the_issuer': '#E2CBF2', 'tenor_indicator': '#161327', 'delivery_terms': '#8ED0F0', 'transaction_currency': '#88D78D', 'beneficiary_drawer_exporter_seller_supplier_name': '#06277B', 'page_no': '#955ED3', 'consignor_country': '#1C65B8', 'beneficiary_bank_name': '#B0AE7B', 'lc_date': '#5FB222', 'invoice_discount_ccy': '#F57454', 'transaction_amonunt_value': '#582F7F', 'stamp': '#1AD888', 'notify_party_address': '#4E991C', 'invoice_amount': '#E11E78', 'port_of_discharge': '#1C817A'}
2024-01-30 13:46:30,124 is result_set is instance of dict? True
2024-01-30 13:46:30,125 is final_result_set is instance of dict? True
2024-01-30 13:46:30,156 Time taken for page 1 of Invoice_919_8.png:0:00:01.213118
2024-01-30 13:46:30,365 *****Generated All Pages****** for Invoice_919_8.png
2024-01-30 13:46:30,365 RAM memory 68.1 used for Invoice_919_8.png Generating All Pages:
2024-01-30 13:46:30,365 Processing time taken for all pages of Invoice_919_8.png1:0:00:01.517357
2024-01-30 13:46:30,512 file name is:Invoice_412_1.png
2024-01-30 13:46:30,512 folder path :Images
2024-01-30 13:46:30,512 Calling Image result
2024-01-30 13:46:30,512 is all_page_result is instance of dict? True
2024-01-30 13:46:30,515 STREAM b'IHDR' 16 13
2024-01-30 13:46:30,516 STREAM b'IDAT' 41 25893
2024-01-30 13:46:30,545 is words is instance of list? True
2024-01-30 13:46:30,545 is bboxes is instance of list? True
2024-01-30 13:46:30,545 is bounding_boxes is instance of list? True
2024-01-30 13:46:30,720 is input_id_chunks is instance of list? True
2024-01-30 13:46:30,720 is mask_chunks is instance of list? True
2024-01-30 13:46:30,720 is bbox_chunks is instance of list? True
2024-01-30 13:46:30,720 is image_chunks is instance of list? True
2024-01-30 13:46:30,720 is input_dict is instance of dict? True
2024-01-30 13:46:31,459 Model Called
2024-01-30 13:46:31,459 RAM memory 68.4 used for Invoice_412_1.png:
2024-01-30 13:46:31,459 is all_predictions is instance of list? True
2024-01-30 13:46:31,459 is all_boxes is instance of list? True
2024-01-30 13:46:31,459 is all_confidences is instance of list? True
2024-01-30 13:46:31,459 is all_text is instance of list? True
2024-01-30 13:46:31,460 is label2id is instance of dict? True
2024-01-30 13:46:31,460 is id2label is instance of dict? True
2024-01-30 13:46:31,460 is label2color is instance of dict? True
2024-01-30 13:46:31,460 label2color : {'signature': '#14D4F9', 'remitter_address': '#5E69E1', 'O': '#C0A682', 'notify_party_country': '#1B7279', 'port_of_loading': '#CC6945', 'beneficiary_account_number': '#FC7C32', 'consignee_address': '#508FF7', 'beneficiary_iban_number': '#1EC720', 'bill_of_lading_no': '#629AEA', 'pre-carriage-by': '#DF3084', 'invoice_discount_amount': '#D6776D', 'beneficiary_address': '#D3F01A', 'rate_per_unit': '#8471A8', 'original_or_copy': '#854A44', 'hs_code_no': '#D1B442', 'bill_of_lading_date': '#C81B26', 'declaration_by_issuer': '#2DB6CF', 'beneficiary_bank_identifier': '#1EA7DE', 'vessel_flight_no': '#3C0D2F', 'goods_description': '#75BF73', 'incoterm': '#3FCB15', 'invoice_due_date': '#EB158D', 'tenor_type': '#950F41', 'country_of_origin_of_goods': '#F3B5C0', 'invoice_no': '#A8248B', 'cosignee_name': '#2C04C8', 'total_quantity_of_goods': '#AC2D90', 'consignor_address': '#A73F1F', 'invoice_tax_ccy': '#E889F0', 'gross_weight': '#818618', 'notify_party_name': '#6D0C0F', 'dimension': '#CCAE46', 'consignor_name': '#9DF3C2', 'indicator_type': '#CDE2A3', 'invoice_tax_amount': '#587FA8', 'country_of_final_destination': '#FA6FE6', 'usance_tenor': '#D14D17', 'date_of_invoice': '#5D4F07', 'invoice_currency': '#789679', 'invoice_amount_in_words': '#7AEDF8', 'awb_number': '#804F8B', 'awb_date': '#BA2B90', 'lc_ref_no': '#05AB25', 'vessel_name': '#5EB4F3', 'net_weight': '#482415', 'beneficiary_country': '#DEF698', 'beneficiary_drawer_exporter_seller_supplier_tin': '#BC4EF4', 'remitter_drawee_applicant_importer_buyer_name': '#6EE108', 'transaction_date': '#3CEF6A', 'shipper_name': '#0A6108', 'indicator_date': '#A908E0', 'beneficiary_bank_country': '#D8970A', 'shipper_address': '#3C3809', 'signature_of_the_issuer': '#853140', 'tenor_indicator': '#68D1A2', 'delivery_terms': '#0292BF', 'transaction_currency': '#F96042', 'beneficiary_drawer_exporter_seller_supplier_name': '#4C1116', 'page_no': '#C4EA86', 'consignor_country': '#DD9FB3', 'beneficiary_bank_name': '#B06DDC', 'lc_date': '#7EB1F1', 'invoice_discount_ccy': '#8002C1', 'transaction_amonunt_value': '#0DCDAD', 'stamp': '#3EC9FE', 'notify_party_address': '#49724B', 'invoice_amount': '#0F2AF3', 'port_of_discharge': '#9E0730'}
2024-01-30 13:46:31,583 is result_set is instance of dict? True
2024-01-30 13:46:31,584 is final_result_set is instance of dict? True
2024-01-30 13:46:31,605 Time taken for page 1 of Invoice_412_1.png:0:00:01.089767
2024-01-30 13:46:31,717 *****Generated All Pages****** for Invoice_412_1.png
2024-01-30 13:46:31,717 RAM memory 68.4 used for Invoice_412_1.png Generating All Pages:
2024-01-30 13:46:31,717 Processing time taken for all pages of Invoice_412_1.png1:0:00:01.204723
2024-01-30 13:46:31,879 file name is:Invoice_984_1.png
2024-01-30 13:46:31,879 folder path :Images
2024-01-30 13:46:31,879 Calling Image result
2024-01-30 13:46:31,879 is all_page_result is instance of dict? True
2024-01-30 13:46:31,955 STREAM b'IHDR' 16 13
2024-01-30 13:46:31,955 STREAM b'IDAT' 41 47085
2024-01-30 13:46:31,977 is words is instance of list? True
2024-01-30 13:46:31,977 is bboxes is instance of list? True
2024-01-30 13:46:31,977 is bounding_boxes is instance of list? True
2024-01-30 13:46:32,185 is input_id_chunks is instance of list? True
2024-01-30 13:46:32,185 is mask_chunks is instance of list? True
2024-01-30 13:46:32,185 is bbox_chunks is instance of list? True
2024-01-30 13:46:32,185 is image_chunks is instance of list? True
2024-01-30 13:46:32,186 is input_dict is instance of dict? True
2024-01-30 13:46:32,968 Model Called
2024-01-30 13:46:32,968 RAM memory 66.8 used for Invoice_984_1.png:
2024-01-30 13:46:32,968 is all_predictions is instance of list? True
2024-01-30 13:46:32,968 is all_boxes is instance of list? True
2024-01-30 13:46:32,968 is all_confidences is instance of list? True
2024-01-30 13:46:32,968 is all_text is instance of list? True
2024-01-30 13:46:32,969 is label2id is instance of dict? True
2024-01-30 13:46:32,969 is id2label is instance of dict? True
2024-01-30 13:46:32,970 is label2color is instance of dict? True
2024-01-30 13:46:32,970 label2color : {'signature': '#02D5DD', 'remitter_address': '#AC4EB3', 'O': '#414679', 'notify_party_country': '#4972E6', 'port_of_loading': '#103741', 'beneficiary_account_number': '#9AD0FE', 'consignee_address': '#D75ADA', 'beneficiary_iban_number': '#108427', 'bill_of_lading_no': '#02DC5F', 'pre-carriage-by': '#FC4DF8', 'invoice_discount_amount': '#AF7CA5', 'beneficiary_address': '#815835', 'rate_per_unit': '#4A4089', 'original_or_copy': '#EB9D04', 'hs_code_no': '#131384', 'bill_of_lading_date': '#B30142', 'declaration_by_issuer': '#BDCFAA', 'beneficiary_bank_identifier': '#783B11', 'vessel_flight_no': '#E76868', 'goods_description': '#7A76CF', 'incoterm': '#2AB746', 'invoice_due_date': '#D1AAC5', 'tenor_type': '#CCEF58', 'country_of_origin_of_goods': '#EA9315', 'invoice_no': '#36F77B', 'cosignee_name': '#22AF68', 'total_quantity_of_goods': '#2C4710', 'consignor_address': '#27DEF9', 'invoice_tax_ccy': '#DF6280', 'gross_weight': '#3A6427', 'notify_party_name': '#BCBB1A', 'dimension': '#93DC55', 'consignor_name': '#500D9D', 'indicator_type': '#121883', 'invoice_tax_amount': '#14E6C3', 'country_of_final_destination': '#3A1A5E', 'usance_tenor': '#A6A032', 'date_of_invoice': '#748D81', 'invoice_currency': '#3CB5FF', 'invoice_amount_in_words': '#5A8C9D', 'awb_number': '#C9F9E1', 'awb_date': '#493383', 'lc_ref_no': '#6802C7', 'vessel_name': '#399759', 'net_weight': '#162791', 'beneficiary_country': '#882B43', 'beneficiary_drawer_exporter_seller_supplier_tin': '#8990C4', 'remitter_drawee_applicant_importer_buyer_name': '#EF93B7', 'transaction_date': '#86EB57', 'shipper_name': '#78DDBB', 'indicator_date': '#8CB502', 'beneficiary_bank_country': '#827255', 'shipper_address': '#C1C946', 'signature_of_the_issuer': '#483138', 'tenor_indicator': '#D892C0', 'delivery_terms': '#43402A', 'transaction_currency': '#91AC88', 'beneficiary_drawer_exporter_seller_supplier_name': '#7554C4', 'page_no': '#18B542', 'consignor_country': '#F04547', 'beneficiary_bank_name': '#076380', 'lc_date': '#129FF3', 'invoice_discount_ccy': '#4E34ED', 'transaction_amonunt_value': '#DE5949', 'stamp': '#552141', 'notify_party_address': '#88CF3C', 'invoice_amount': '#46360E', 'port_of_discharge': '#FEE36D'}
2024-01-30 13:46:33,139 is result_set is instance of dict? True
2024-01-30 13:46:33,140 is final_result_set is instance of dict? True
2024-01-30 13:46:33,176 Time taken for page 1 of Invoice_984_1.png:0:00:01.220791
2024-01-30 13:46:33,323 *****Generated All Pages****** for Invoice_984_1.png
2024-01-30 13:46:33,323 RAM memory 67.1 used for Invoice_984_1.png Generating All Pages:
2024-01-30 13:46:33,323 Processing time taken for all pages of Invoice_984_1.png1:0:00:01.444226
2024-01-30 13:46:33,470 file name is:Invoice_817_1.png
2024-01-30 13:46:33,471 folder path :Images
2024-01-30 13:46:33,471 Calling Image result
2024-01-30 13:46:33,471 is all_page_result is instance of dict? True
2024-01-30 13:46:33,551 STREAM b'IHDR' 16 13
2024-01-30 13:46:33,551 STREAM b'IDAT' 41 65536
2024-01-30 13:46:33,572 is words is instance of list? True
2024-01-30 13:46:33,572 is bboxes is instance of list? True
2024-01-30 13:46:33,572 is bounding_boxes is instance of list? True
2024-01-30 13:46:33,781 is input_id_chunks is instance of list? True
2024-01-30 13:46:33,782 is mask_chunks is instance of list? True
2024-01-30 13:46:33,782 is bbox_chunks is instance of list? True
2024-01-30 13:46:33,782 is image_chunks is instance of list? True
2024-01-30 13:46:33,783 is input_dict is instance of dict? True
2024-01-30 13:46:36,224 Model Called
2024-01-30 13:46:36,224 RAM memory 75.9 used for Invoice_817_1.png:
2024-01-30 13:46:36,224 is all_predictions is instance of list? True
2024-01-30 13:46:36,224 is all_boxes is instance of list? True
2024-01-30 13:46:36,224 is all_confidences is instance of list? True
2024-01-30 13:46:36,224 is all_text is instance of list? True
2024-01-30 13:46:36,224 is label2id is instance of dict? True
2024-01-30 13:46:36,224 is id2label is instance of dict? True
2024-01-30 13:46:36,225 is label2color is instance of dict? True
2024-01-30 13:46:36,225 label2color : {'signature': '#16266C', 'remitter_address': '#D50653', 'O': '#A749C7', 'notify_party_country': '#C3FE37', 'port_of_loading': '#AC78B6', 'beneficiary_account_number': '#6D207B', 'consignee_address': '#E002DC', 'beneficiary_iban_number': '#ABED75', 'bill_of_lading_no': '#25A923', 'pre-carriage-by': '#612034', 'invoice_discount_amount': '#004C70', 'beneficiary_address': '#BC9FDC', 'rate_per_unit': '#12A775', 'original_or_copy': '#4DB7EF', 'hs_code_no': '#577082', 'bill_of_lading_date': '#3BBD4E', 'declaration_by_issuer': '#199876', 'beneficiary_bank_identifier': '#08CD56', 'vessel_flight_no': '#263D45', 'goods_description': '#F9644A', 'incoterm': '#094920', 'invoice_due_date': '#F8B015', 'tenor_type': '#E94321', 'country_of_origin_of_goods': '#404D28', 'invoice_no': '#8F73C1', 'cosignee_name': '#407CA8', 'total_quantity_of_goods': '#EAB98E', 'consignor_address': '#AB348F', 'invoice_tax_ccy': '#EA4C0A', 'gross_weight': '#CE5121', 'notify_party_name': '#1C0D26', 'dimension': '#4F6D1A', 'consignor_name': '#EE0945', 'indicator_type': '#3260F6', 'invoice_tax_amount': '#B4F25A', 'country_of_final_destination': '#E62810', 'usance_tenor': '#B782D6', 'date_of_invoice': '#41A631', 'invoice_currency': '#065912', 'invoice_amount_in_words': '#3C6B2E', 'awb_number': '#6A65A6', 'awb_date': '#8D7766', 'lc_ref_no': '#BC04EF', 'vessel_name': '#D5E9C9', 'net_weight': '#64F9AD', 'beneficiary_country': '#B315F5', 'beneficiary_drawer_exporter_seller_supplier_tin': '#5DB7BC', 'remitter_drawee_applicant_importer_buyer_name': '#585CD0', 'transaction_date': '#2CD84F', 'shipper_name': '#6FD6DF', 'indicator_date': '#336D45', 'beneficiary_bank_country': '#DB5A38', 'shipper_address': '#B4E450', 'signature_of_the_issuer': '#7F80C6', 'tenor_indicator': '#FFF402', 'delivery_terms': '#09A06D', 'transaction_currency': '#5D2B03', 'beneficiary_drawer_exporter_seller_supplier_name': '#3EE125', 'page_no': '#C71AC5', 'consignor_country': '#6A975F', 'beneficiary_bank_name': '#34DEAF', 'lc_date': '#716A69', 'invoice_discount_ccy': '#C8B0D8', 'transaction_amonunt_value': '#49C239', 'stamp': '#070A1D', 'notify_party_address': '#567BA0', 'invoice_amount': '#A3CF25', 'port_of_discharge': '#8A87CE'}
2024-01-30 13:46:36,572 is result_set is instance of dict? True
2024-01-30 13:46:36,572 is final_result_set is instance of dict? True
2024-01-30 13:46:36,595 Time taken for page 1 of Invoice_817_1.png:0:00:03.043638
2024-01-30 13:46:36,760 *****Generated All Pages****** for Invoice_817_1.png
2024-01-30 13:46:36,760 RAM memory 75.9 used for Invoice_817_1.png Generating All Pages:
2024-01-30 13:46:36,760 Processing time taken for all pages of Invoice_817_1.png1:0:00:03.289791
2024-01-30 13:46:36,957 file name is:Proforma_Invoice_167_2.png
2024-01-30 13:46:36,958 folder path :Images
2024-01-30 13:46:36,958 Calling Image result
2024-01-30 13:46:36,958 is all_page_result is instance of dict? True
2024-01-30 13:46:36,958 STREAM b'IHDR' 16 13
2024-01-30 13:46:36,958 STREAM b'IDAT' 41 35068
2024-01-30 13:46:36,978 is words is instance of list? True
2024-01-30 13:46:36,978 is bboxes is instance of list? True
2024-01-30 13:46:36,978 is bounding_boxes is instance of list? True
2024-01-30 13:46:37,187 is input_id_chunks is instance of list? True
2024-01-30 13:46:37,187 is mask_chunks is instance of list? True
2024-01-30 13:46:37,187 is bbox_chunks is instance of list? True
2024-01-30 13:46:37,187 is image_chunks is instance of list? True
2024-01-30 13:46:37,188 is input_dict is instance of dict? True
2024-01-30 13:46:38,001 Model Called
2024-01-30 13:46:38,002 RAM memory 70.1 used for Proforma_Invoice_167_2.png:
2024-01-30 13:46:38,002 is all_predictions is instance of list? True
2024-01-30 13:46:38,002 is all_boxes is instance of list? True
2024-01-30 13:46:38,002 is all_confidences is instance of list? True
2024-01-30 13:46:38,002 is all_text is instance of list? True
2024-01-30 13:46:38,002 is label2id is instance of dict? True
2024-01-30 13:46:38,002 is id2label is instance of dict? True
2024-01-30 13:46:38,003 is label2color is instance of dict? True
2024-01-30 13:46:38,003 label2color : {'signature': '#05D470', 'remitter_address': '#C314DF', 'O': '#6407D3', 'notify_party_country': '#8E3A6A', 'port_of_loading': '#97CFC9', 'beneficiary_account_number': '#548D54', 'consignee_address': '#2BF56A', 'beneficiary_iban_number': '#C7EE8E', 'bill_of_lading_no': '#7CDBCB', 'pre-carriage-by': '#726CD8', 'invoice_discount_amount': '#264792', 'beneficiary_address': '#109CC2', 'rate_per_unit': '#398C20', 'original_or_copy': '#F12883', 'hs_code_no': '#642F1D', 'bill_of_lading_date': '#F62FED', 'declaration_by_issuer': '#8AF75A', 'beneficiary_bank_identifier': '#4499D9', 'vessel_flight_no': '#6C2655', 'goods_description': '#1BA737', 'incoterm': '#26D3AD', 'invoice_due_date': '#5ADFDC', 'tenor_type': '#1ED461', 'country_of_origin_of_goods': '#488385', 'invoice_no': '#F5FD66', 'cosignee_name': '#C06715', 'total_quantity_of_goods': '#6169DE', 'consignor_address': '#FD209A', 'invoice_tax_ccy': '#E614F8', 'gross_weight': '#6E21A2', 'notify_party_name': '#95B9D6', 'dimension': '#CC2CBD', 'consignor_name': '#D6B3F2', 'indicator_type': '#20952C', 'invoice_tax_amount': '#8CAE01', 'country_of_final_destination': '#6F056A', 'usance_tenor': '#C9071D', 'date_of_invoice': '#5DDAC4', 'invoice_currency': '#CDBB63', 'invoice_amount_in_words': '#AF0AF6', 'awb_number': '#C77993', 'awb_date': '#F97843', 'lc_ref_no': '#0A53D8', 'vessel_name': '#67DD29', 'net_weight': '#3F1E69', 'beneficiary_country': '#FB7F40', 'beneficiary_drawer_exporter_seller_supplier_tin': '#2ED13B', 'remitter_drawee_applicant_importer_buyer_name': '#9A584A', 'transaction_date': '#DD685D', 'shipper_name': '#CEEECD', 'indicator_date': '#61F0F7', 'beneficiary_bank_country': '#FADF72', 'shipper_address': '#7C00C3', 'signature_of_the_issuer': '#60F89D', 'tenor_indicator': '#EE19FC', 'delivery_terms': '#919A8B', 'transaction_currency': '#482CBE', 'beneficiary_drawer_exporter_seller_supplier_name': '#8963C1', 'page_no': '#C16662', 'consignor_country': '#B6687A', 'beneficiary_bank_name': '#1459BB', 'lc_date': '#C6C9BC', 'invoice_discount_ccy': '#2DDD23', 'transaction_amonunt_value': '#68ACC0', 'stamp': '#287B50', 'notify_party_address': '#8DB0F1', 'invoice_amount': '#884475', 'port_of_discharge': '#35E04F'}
2024-01-30 13:46:38,172 is result_set is instance of dict? True
2024-01-30 13:46:38,173 is final_result_set is instance of dict? True
2024-01-30 13:46:38,189 Time taken for page 1 of Proforma_Invoice_167_2.png:0:00:01.230946
2024-01-30 13:46:38,340 *****Generated All Pages****** for Proforma_Invoice_167_2.png
2024-01-30 13:46:38,340 RAM memory 70.4 used for Proforma_Invoice_167_2.png Generating All Pages:
2024-01-30 13:46:38,340 Processing time taken for all pages of Proforma_Invoice_167_2.png1:0:00:01.382700
2024-01-30 13:46:38,501 file name is:Proforma_Invoice_32_1.png
2024-01-30 13:46:38,502 folder path :Images
2024-01-30 13:46:38,502 Calling Image result
2024-01-30 13:46:38,502 is all_page_result is instance of dict? True
2024-01-30 13:46:38,503 STREAM b'IHDR' 16 13
2024-01-30 13:46:38,503 STREAM b'sRGB' 41 1
2024-01-30 13:46:38,503 STREAM b'gAMA' 54 4
2024-01-30 13:46:38,503 STREAM b'pHYs' 70 9
2024-01-30 13:46:38,503 STREAM b'IDAT' 91 52703
2024-01-30 13:46:38,519 Checking spheric-time-383904-f1b421d86eef.json for explicit credentials as part of auth process...
2024-01-30 13:46:39,916 is words is instance of list? True
2024-01-30 13:46:39,917 is bboxes is instance of list? True
2024-01-30 13:46:39,917 is bounding_boxes is instance of list? True
2024-01-30 13:46:40,022 is input_id_chunks is instance of list? True
2024-01-30 13:46:40,022 is mask_chunks is instance of list? True
2024-01-30 13:46:40,022 is bbox_chunks is instance of list? True
2024-01-30 13:46:40,022 is image_chunks is instance of list? True
2024-01-30 13:46:40,023 is input_dict is instance of dict? True
2024-01-30 13:46:41,608 Model Called
2024-01-30 13:46:41,608 RAM memory 71.0 used for Proforma_Invoice_32_1.png:
2024-01-30 13:46:41,608 is all_predictions is instance of list? True
2024-01-30 13:46:41,608 is all_boxes is instance of list? True
2024-01-30 13:46:41,608 is all_confidences is instance of list? True
2024-01-30 13:46:41,608 is all_text is instance of list? True
2024-01-30 13:46:41,609 is label2id is instance of dict? True
2024-01-30 13:46:41,609 is id2label is instance of dict? True
2024-01-30 13:46:41,610 is label2color is instance of dict? True
2024-01-30 13:46:41,610 label2color : {'signature': '#27ED88', 'remitter_address': '#896265', 'O': '#D0D5C2', 'notify_party_country': '#6EE893', 'port_of_loading': '#A6BD31', 'beneficiary_account_number': '#C6A48A', 'consignee_address': '#9AD5B2', 'beneficiary_iban_number': '#05444B', 'bill_of_lading_no': '#E1CEBF', 'pre-carriage-by': '#A44B75', 'invoice_discount_amount': '#92C5EF', 'beneficiary_address': '#FB4B9E', 'rate_per_unit': '#81E2DD', 'original_or_copy': '#2C9081', 'hs_code_no': '#9AC650', 'bill_of_lading_date': '#11A090', 'declaration_by_issuer': '#296CED', 'beneficiary_bank_identifier': '#F54B81', 'vessel_flight_no': '#21F46D', 'goods_description': '#A95A18', 'incoterm': '#190627', 'invoice_due_date': '#8DCAB5', 'tenor_type': '#DD5A06', 'country_of_origin_of_goods': '#08FC81', 'invoice_no': '#BDCD89', 'cosignee_name': '#A2D35D', 'total_quantity_of_goods': '#B4C5FE', 'consignor_address': '#544814', 'invoice_tax_ccy': '#C35F84', 'gross_weight': '#252B8B', 'notify_party_name': '#14BCB8', 'dimension': '#47468A', 'consignor_name': '#C0B864', 'indicator_type': '#8BD853', 'invoice_tax_amount': '#4F1331', 'country_of_final_destination': '#79CABA', 'usance_tenor': '#1DC4DB', 'date_of_invoice': '#0DE70E', 'invoice_currency': '#A311A1', 'invoice_amount_in_words': '#72C1E2', 'awb_number': '#1C21E2', 'awb_date': '#78446E', 'lc_ref_no': '#74A41D', 'vessel_name': '#A1B19B', 'net_weight': '#E58451', 'beneficiary_country': '#F31E37', 'beneficiary_drawer_exporter_seller_supplier_tin': '#40F837', 'remitter_drawee_applicant_importer_buyer_name': '#7490F7', 'transaction_date': '#3EF283', 'shipper_name': '#8750CA', 'indicator_date': '#83EF37', 'beneficiary_bank_country': '#A6E8CA', 'shipper_address': '#79DC3E', 'signature_of_the_issuer': '#64A8E8', 'tenor_indicator': '#D7DC24', 'delivery_terms': '#1453D2', 'transaction_currency': '#CA3E0B', 'beneficiary_drawer_exporter_seller_supplier_name': '#E9FB90', 'page_no': '#9B0AE7', 'consignor_country': '#11C9AE', 'beneficiary_bank_name': '#ED48AD', 'lc_date': '#2EB127', 'invoice_discount_ccy': '#ED7254', 'transaction_amonunt_value': '#CFF847', 'stamp': '#CCA3AD', 'notify_party_address': '#40A17D', 'invoice_amount': '#BDB540', 'port_of_discharge': '#3764D4'}
2024-01-30 13:46:41,769 is result_set is instance of dict? True
2024-01-30 13:46:41,770 is final_result_set is instance of dict? True
2024-01-30 13:46:41,777 Time taken for page 1 of Proforma_Invoice_32_1.png:0:00:03.273998
2024-01-30 13:46:41,880 *****Generated All Pages****** for Proforma_Invoice_32_1.png
2024-01-30 13:46:41,880 RAM memory 68.8 used for Proforma_Invoice_32_1.png Generating All Pages:
2024-01-30 13:46:41,880 Processing time taken for all pages of Proforma_Invoice_32_1.png1:0:00:03.378194
2024-01-30 13:46:42,056 file name is:Invoice_975_0.png
2024-01-30 13:46:42,056 folder path :Images
2024-01-30 13:46:42,056 Calling Image result
2024-01-30 13:46:42,056 is all_page_result is instance of dict? True
2024-01-30 13:46:42,057 STREAM b'IHDR' 16 13
2024-01-30 13:46:42,057 STREAM b'IDAT' 41 25863
2024-01-30 13:46:42,068 Checking spheric-time-383904-f1b421d86eef.json for explicit credentials as part of auth process...
2024-01-30 13:46:43,868 is words is instance of list? True
2024-01-30 13:46:43,868 is bboxes is instance of list? True
2024-01-30 13:46:43,868 is bounding_boxes is instance of list? True
2024-01-30 13:46:43,973 is input_id_chunks is instance of list? True
2024-01-30 13:46:43,973 is mask_chunks is instance of list? True
2024-01-30 13:46:43,973 is bbox_chunks is instance of list? True
2024-01-30 13:46:43,973 is image_chunks is instance of list? True
2024-01-30 13:46:43,974 is input_dict is instance of dict? True
2024-01-30 13:46:44,783 Model Called
2024-01-30 13:46:44,783 RAM memory 70.2 used for Invoice_975_0.png:
2024-01-30 13:46:44,783 is all_predictions is instance of list? True
2024-01-30 13:46:44,784 is all_boxes is instance of list? True
2024-01-30 13:46:44,784 is all_confidences is instance of list? True
2024-01-30 13:46:44,784 is all_text is instance of list? True
2024-01-30 13:46:44,784 is label2id is instance of dict? True
2024-01-30 13:46:44,784 is id2label is instance of dict? True
2024-01-30 13:46:44,785 is label2color is instance of dict? True
2024-01-30 13:46:44,785 label2color : {'signature': '#0122E3', 'remitter_address': '#91F374', 'O': '#820718', 'notify_party_country': '#5C1A93', 'port_of_loading': '#ED0A66', 'beneficiary_account_number': '#10D061', 'consignee_address': '#8BB32F', 'beneficiary_iban_number': '#302DF3', 'bill_of_lading_no': '#64A626', 'pre-carriage-by': '#5B83AF', 'invoice_discount_amount': '#C7B76D', 'beneficiary_address': '#791D3E', 'rate_per_unit': '#079015', 'original_or_copy': '#129907', 'hs_code_no': '#130670', 'bill_of_lading_date': '#90D610', 'declaration_by_issuer': '#963D13', 'beneficiary_bank_identifier': '#57FDE4', 'vessel_flight_no': '#34AD4B', 'goods_description': '#E8C582', 'incoterm': '#1770D5', 'invoice_due_date': '#0182BD', 'tenor_type': '#D7BCE8', 'country_of_origin_of_goods': '#B311CE', 'invoice_no': '#EA3E8F', 'cosignee_name': '#4213FE', 'total_quantity_of_goods': '#094DC5', 'consignor_address': '#FA5FB0', 'invoice_tax_ccy': '#6A9F67', 'gross_weight': '#B83FB8', 'notify_party_name': '#A950C9', 'dimension': '#54115D', 'consignor_name': '#06B186', 'indicator_type': '#C61359', 'invoice_tax_amount': '#9BBCEF', 'country_of_final_destination': '#03C8AE', 'usance_tenor': '#90E49A', 'date_of_invoice': '#EAA8E4', 'invoice_currency': '#A9148B', 'invoice_amount_in_words': '#8785B4', 'awb_number': '#4B175C', 'awb_date': '#18791F', 'lc_ref_no': '#D31A91', 'vessel_name': '#C1AEAC', 'net_weight': '#40D77E', 'beneficiary_country': '#BAD480', 'beneficiary_drawer_exporter_seller_supplier_tin': '#35CB9A', 'remitter_drawee_applicant_importer_buyer_name': '#73C563', 'transaction_date': '#D836E3', 'shipper_name': '#F23D97', 'indicator_date': '#CE7867', 'beneficiary_bank_country': '#6E3FA9', 'shipper_address': '#463CD3', 'signature_of_the_issuer': '#35ED98', 'tenor_indicator': '#362AA7', 'delivery_terms': '#48F6D4', 'transaction_currency': '#3195AB', 'beneficiary_drawer_exporter_seller_supplier_name': '#877104', 'page_no': '#5A5F9E', 'consignor_country': '#76798B', 'beneficiary_bank_name': '#3DD423', 'lc_date': '#5A8846', 'invoice_discount_ccy': '#CA4F6D', 'transaction_amonunt_value': '#BE54FD', 'stamp': '#71D590', 'notify_party_address': '#A701C3', 'invoice_amount': '#E9E2FE', 'port_of_discharge': '#9E8689'}
2024-01-30 13:46:44,919 is result_set is instance of dict? True
2024-01-30 13:46:44,919 is final_result_set is instance of dict? True
2024-01-30 13:46:44,957 Time taken for page 1 of Invoice_975_0.png:0:00:02.900095
2024-01-30 13:46:45,043 *****Generated All Pages****** for Invoice_975_0.png
2024-01-30 13:46:45,044 RAM memory 70.3 used for Invoice_975_0.png Generating All Pages:
2024-01-30 13:46:45,044 Processing time taken for all pages of Invoice_975_0.png1:0:00:02.987697
2024-01-30 13:46:45,194 file name is:Invoice_919_6.png
2024-01-30 13:46:45,194 folder path :Images
2024-01-30 13:46:45,194 Calling Image result
2024-01-30 13:46:45,194 is all_page_result is instance of dict? True
2024-01-30 13:46:45,283 STREAM b'IHDR' 16 13
2024-01-30 13:46:45,283 STREAM b'IDAT' 41 65536
2024-01-30 13:46:45,323 is words is instance of list? True
2024-01-30 13:46:45,324 is bboxes is instance of list? True
2024-01-30 13:46:45,324 is bounding_boxes is instance of list? True
2024-01-30 13:46:45,521 is input_id_chunks is instance of list? True
2024-01-30 13:46:45,522 is mask_chunks is instance of list? True
2024-01-30 13:46:45,522 is bbox_chunks is instance of list? True
2024-01-30 13:46:45,522 is image_chunks is instance of list? True
2024-01-30 13:46:45,522 is input_dict is instance of dict? True
2024-01-30 13:46:46,194 Model Called
2024-01-30 13:46:46,195 RAM memory 70.5 used for Invoice_919_6.png:
2024-01-30 13:46:46,195 is all_predictions is instance of list? True
2024-01-30 13:46:46,195 is all_boxes is instance of list? True
2024-01-30 13:46:46,195 is all_confidences is instance of list? True
2024-01-30 13:46:46,195 is all_text is instance of list? True
2024-01-30 13:46:46,195 is label2id is instance of dict? True
2024-01-30 13:46:46,195 is id2label is instance of dict? True
2024-01-30 13:46:46,196 is label2color is instance of dict? True
2024-01-30 13:46:46,196 label2color : {'signature': '#F90E52', 'remitter_address': '#271DA5', 'O': '#711568', 'notify_party_country': '#3E778B', 'port_of_loading': '#A6CA11', 'beneficiary_account_number': '#95247C', 'consignee_address': '#F08F66', 'beneficiary_iban_number': '#0B3231', 'bill_of_lading_no': '#0E0BAF', 'pre-carriage-by': '#96C0D2', 'invoice_discount_amount': '#DCB242', 'beneficiary_address': '#F9EA33', 'rate_per_unit': '#EADC33', 'original_or_copy': '#F2F4FE', 'hs_code_no': '#CD9434', 'bill_of_lading_date': '#52475F', 'declaration_by_issuer': '#FE4CD0', 'beneficiary_bank_identifier': '#95CCBB', 'vessel_flight_no': '#4E517E', 'goods_description': '#DA962C', 'incoterm': '#6996C6', 'invoice_due_date': '#D17468', 'tenor_type': '#F5C897', 'country_of_origin_of_goods': '#E18413', 'invoice_no': '#E07B86', 'cosignee_name': '#16B7A7', 'total_quantity_of_goods': '#CF2D0C', 'consignor_address': '#778908', 'invoice_tax_ccy': '#DA4041', 'gross_weight': '#D91857', 'notify_party_name': '#BD8C02', 'dimension': '#88CDD4', 'consignor_name': '#2EF6C9', 'indicator_type': '#A6C9A2', 'invoice_tax_amount': '#5AED7B', 'country_of_final_destination': '#85B3E4', 'usance_tenor': '#F32518', 'date_of_invoice': '#7AA6E1', 'invoice_currency': '#B2F68A', 'invoice_amount_in_words': '#415FA1', 'awb_number': '#D57DCC', 'awb_date': '#8A25DA', 'lc_ref_no': '#7EC52A', 'vessel_name': '#5E9FE1', 'net_weight': '#9093E2', 'beneficiary_country': '#474CFC', 'beneficiary_drawer_exporter_seller_supplier_tin': '#ABD842', 'remitter_drawee_applicant_importer_buyer_name': '#94DF18', 'transaction_date': '#702703', 'shipper_name': '#CC72AF', 'indicator_date': '#BC7C00', 'beneficiary_bank_country': '#447904', 'shipper_address': '#EEE2FC', 'signature_of_the_issuer': '#18E563', 'tenor_indicator': '#EB6631', 'delivery_terms': '#84FC8F', 'transaction_currency': '#FAC303', 'beneficiary_drawer_exporter_seller_supplier_name': '#0FD81F', 'page_no': '#603825', 'consignor_country': '#27BDB1', 'beneficiary_bank_name': '#D8272F', 'lc_date': '#80B5A7', 'invoice_discount_ccy': '#537907', 'transaction_amonunt_value': '#D30F27', 'stamp': '#C61FFF', 'notify_party_address': '#80C8C6', 'invoice_amount': '#894F72', 'port_of_discharge': '#3716B7'}
2024-01-30 13:46:46,322 is result_set is instance of dict? True
2024-01-30 13:46:46,323 is final_result_set is instance of dict? True
2024-01-30 13:46:46,359 Time taken for page 1 of Invoice_919_6.png:0:00:01.076356
2024-01-30 13:46:46,513 *****Generated All Pages****** for Invoice_919_6.png
2024-01-30 13:46:46,514 RAM memory 68.3 used for Invoice_919_6.png Generating All Pages:
2024-01-30 13:46:46,514 Processing time taken for all pages of Invoice_919_6.png1:0:00:01.319813
2024-01-30 13:46:46,666 file name is:Invoice_981_17.png
2024-01-30 13:46:46,666 folder path :Images
2024-01-30 13:46:46,667 Calling Image result
2024-01-30 13:46:46,667 is all_page_result is instance of dict? True
2024-01-30 13:46:46,798 STREAM b'IHDR' 16 13
2024-01-30 13:46:46,798 STREAM b'IDAT' 41 54463
2024-01-30 13:46:46,877 is words is instance of list? True
2024-01-30 13:46:46,877 is bboxes is instance of list? True
2024-01-30 13:46:46,877 is bounding_boxes is instance of list? True
2024-01-30 13:46:47,108 is input_id_chunks is instance of list? True
2024-01-30 13:46:47,108 is mask_chunks is instance of list? True
2024-01-30 13:46:47,108 is bbox_chunks is instance of list? True
2024-01-30 13:46:47,108 is image_chunks is instance of list? True
2024-01-30 13:46:47,109 is input_dict is instance of dict? True
2024-01-30 13:46:48,599 Model Called
2024-01-30 13:46:48,599 RAM memory 68.1 used for Invoice_981_17.png:
2024-01-30 13:46:48,599 is all_predictions is instance of list? True
2024-01-30 13:46:48,599 is all_boxes is instance of list? True
2024-01-30 13:46:48,599 is all_confidences is instance of list? True
2024-01-30 13:46:48,599 is all_text is instance of list? True
2024-01-30 13:46:48,599 is label2id is instance of dict? True
2024-01-30 13:46:48,599 is id2label is instance of dict? True
2024-01-30 13:46:48,600 is label2color is instance of dict? True
2024-01-30 13:46:48,600 label2color : {'signature': '#B7B945', 'remitter_address': '#447274', 'O': '#16E580', 'notify_party_country': '#48015C', 'port_of_loading': '#424474', 'beneficiary_account_number': '#AEB606', 'consignee_address': '#240114', 'beneficiary_iban_number': '#6B6CAD', 'bill_of_lading_no': '#5F01C4', 'pre-carriage-by': '#7C5732', 'invoice_discount_amount': '#0CAAD1', 'beneficiary_address': '#C05D7C', 'rate_per_unit': '#6282DB', 'original_or_copy': '#22B071', 'hs_code_no': '#E10360', 'bill_of_lading_date': '#00A0CC', 'declaration_by_issuer': '#071115', 'beneficiary_bank_identifier': '#139CEB', 'vessel_flight_no': '#F6D029', 'goods_description': '#BF8372', 'incoterm': '#565972', 'invoice_due_date': '#60243B', 'tenor_type': '#F98196', 'country_of_origin_of_goods': '#827CAB', 'invoice_no': '#43681C', 'cosignee_name': '#427BD5', 'total_quantity_of_goods': '#19C7F3', 'consignor_address': '#F48AE2', 'invoice_tax_ccy': '#55EC28', 'gross_weight': '#9815C0', 'notify_party_name': '#F70C94', 'dimension': '#EE12C7', 'consignor_name': '#567EAF', 'indicator_type': '#AB3FD4', 'invoice_tax_amount': '#5EBB20', 'country_of_final_destination': '#DE3E2F', 'usance_tenor': '#70B9EC', 'date_of_invoice': '#A6E1AF', 'invoice_currency': '#B66552', 'invoice_amount_in_words': '#C8BAFC', 'awb_number': '#7C46E4', 'awb_date': '#27427C', 'lc_ref_no': '#984E05', 'vessel_name': '#903784', 'net_weight': '#5D858B', 'beneficiary_country': '#24983C', 'beneficiary_drawer_exporter_seller_supplier_tin': '#E71498', 'remitter_drawee_applicant_importer_buyer_name': '#A62790', 'transaction_date': '#56AE1E', 'shipper_name': '#1AC115', 'indicator_date': '#2A6652', 'beneficiary_bank_country': '#BF31B4', 'shipper_address': '#818EBB', 'signature_of_the_issuer': '#87DD89', 'tenor_indicator': '#8BF3E4', 'delivery_terms': '#1A533E', 'transaction_currency': '#CAE534', 'beneficiary_drawer_exporter_seller_supplier_name': '#BF7640', 'page_no': '#4D3355', 'consignor_country': '#D881EC', 'beneficiary_bank_name': '#8EA5D6', 'lc_date': '#23D74E', 'invoice_discount_ccy': '#574B04', 'transaction_amonunt_value': '#87EE26', 'stamp': '#DC2D49', 'notify_party_address': '#CC6AEF', 'invoice_amount': '#2C51F4', 'port_of_discharge': '#E09ED9'}
2024-01-30 13:46:48,792 is result_set is instance of dict? True
2024-01-30 13:46:48,793 is final_result_set is instance of dict? True
2024-01-30 13:46:48,824 Time taken for page 1 of Invoice_981_17.png:0:00:02.025590
2024-01-30 13:46:48,966 *****Generated All Pages****** for Invoice_981_17.png
2024-01-30 13:46:48,966 RAM memory 68.4 used for Invoice_981_17.png Generating All Pages:
2024-01-30 13:46:48,966 Processing time taken for all pages of Invoice_981_17.png1:0:00:02.299616
2024-01-30 13:46:49,125 file name is:Invoice_571_4.png
2024-01-30 13:46:49,125 folder path :Images
2024-01-30 13:46:49,125 Calling Image result
2024-01-30 13:46:49,125 is all_page_result is instance of dict? True
2024-01-30 13:46:49,126 STREAM b'IHDR' 16 13
2024-01-30 13:46:49,126 STREAM b'IDAT' 41 41066
2024-01-30 13:46:49,154 is words is instance of list? True
2024-01-30 13:46:49,154 is bboxes is instance of list? True
2024-01-30 13:46:49,154 is bounding_boxes is instance of list? True
2024-01-30 13:46:49,342 is input_id_chunks is instance of list? True
2024-01-30 13:46:49,342 is mask_chunks is instance of list? True
2024-01-30 13:46:49,342 is bbox_chunks is instance of list? True
2024-01-30 13:46:49,342 is image_chunks is instance of list? True
2024-01-30 13:46:49,342 is input_dict is instance of dict? True
2024-01-30 13:46:50,138 Model Called
2024-01-30 13:46:50,138 RAM memory 68.0 used for Invoice_571_4.png:
2024-01-30 13:46:50,138 is all_predictions is instance of list? True
2024-01-30 13:46:50,138 is all_boxes is instance of list? True
2024-01-30 13:46:50,138 is all_confidences is instance of list? True
2024-01-30 13:46:50,138 is all_text is instance of list? True
2024-01-30 13:46:50,139 is label2id is instance of dict? True
2024-01-30 13:46:50,139 is id2label is instance of dict? True
2024-01-30 13:46:50,139 is label2color is instance of dict? True
2024-01-30 13:46:50,139 label2color : {'signature': '#E487AE', 'remitter_address': '#BC025C', 'O': '#D1BCDD', 'notify_party_country': '#E786A0', 'port_of_loading': '#EC4C5B', 'beneficiary_account_number': '#29D476', 'consignee_address': '#345CA0', 'beneficiary_iban_number': '#827393', 'bill_of_lading_no': '#055A33', 'pre-carriage-by': '#EF1089', 'invoice_discount_amount': '#289F8F', 'beneficiary_address': '#16F63B', 'rate_per_unit': '#46B786', 'original_or_copy': '#C3554F', 'hs_code_no': '#D6F238', 'bill_of_lading_date': '#7B7B85', 'declaration_by_issuer': '#B36CC2', 'beneficiary_bank_identifier': '#49F6A5', 'vessel_flight_no': '#C512F5', 'goods_description': '#630946', 'incoterm': '#80EE3E', 'invoice_due_date': '#6FAB8C', 'tenor_type': '#4CBF91', 'country_of_origin_of_goods': '#C9220B', 'invoice_no': '#E20B13', 'cosignee_name': '#44A148', 'total_quantity_of_goods': '#9A8CB8', 'consignor_address': '#43EBD5', 'invoice_tax_ccy': '#D1E845', 'gross_weight': '#CCB27D', 'notify_party_name': '#C51407', 'dimension': '#D402D1', 'consignor_name': '#6295C2', 'indicator_type': '#F6EEE4', 'invoice_tax_amount': '#AD26EA', 'country_of_final_destination': '#CF0C26', 'usance_tenor': '#F968DB', 'date_of_invoice': '#3183E3', 'invoice_currency': '#C45483', 'invoice_amount_in_words': '#F9CE44', 'awb_number': '#A4C563', 'awb_date': '#FE26F8', 'lc_ref_no': '#3536F4', 'vessel_name': '#5CFCEC', 'net_weight': '#A8ED67', 'beneficiary_country': '#870470', 'beneficiary_drawer_exporter_seller_supplier_tin': '#CE233D', 'remitter_drawee_applicant_importer_buyer_name': '#AD24CB', 'transaction_date': '#338F8E', 'shipper_name': '#C01C5F', 'indicator_date': '#8CF261', 'beneficiary_bank_country': '#E8FEBB', 'shipper_address': '#A5F1C8', 'signature_of_the_issuer': '#0863C9', 'tenor_indicator': '#C1022A', 'delivery_terms': '#7CABE1', 'transaction_currency': '#9C1738', 'beneficiary_drawer_exporter_seller_supplier_name': '#E07B7E', 'page_no': '#1B5398', 'consignor_country': '#A8EB8F', 'beneficiary_bank_name': '#478D7A', 'lc_date': '#143E8E', 'invoice_discount_ccy': '#6A6C4E', 'transaction_amonunt_value': '#EB9761', 'stamp': '#100132', 'notify_party_address': '#9371F0', 'invoice_amount': '#E38E2E', 'port_of_discharge': '#52EBE5'}
2024-01-30 13:46:50,262 is result_set is instance of dict? True
2024-01-30 13:46:50,263 is final_result_set is instance of dict? True
2024-01-30 13:46:50,295 Time taken for page 1 of Invoice_571_4.png:0:00:01.168907
2024-01-30 13:46:50,421 *****Generated All Pages****** for Invoice_571_4.png
2024-01-30 13:46:50,421 RAM memory 68.1 used for Invoice_571_4.png Generating All Pages:
2024-01-30 13:46:50,422 Processing time taken for all pages of Invoice_571_4.png1:0:00:01.296416
2024-01-30 13:46:50,570 file name is:Invoice_416_1.png
2024-01-30 13:46:50,570 folder path :Images
2024-01-30 13:46:50,570 Calling Image result
2024-01-30 13:46:50,570 is all_page_result is instance of dict? True
2024-01-30 13:46:50,648 STREAM b'IHDR' 16 13
2024-01-30 13:46:50,648 STREAM b'IDAT' 41 34726
2024-01-30 13:46:50,665 Checking spheric-time-383904-f1b421d86eef.json for explicit credentials as part of auth process...
2024-01-30 13:46:54,940 is words is instance of list? True
2024-01-30 13:46:54,941 is bboxes is instance of list? True
2024-01-30 13:46:54,941 is bounding_boxes is instance of list? True
2024-01-30 13:46:55,115 is input_id_chunks is instance of list? True
2024-01-30 13:46:55,115 is mask_chunks is instance of list? True
2024-01-30 13:46:55,115 is bbox_chunks is instance of list? True
2024-01-30 13:46:55,115 is image_chunks is instance of list? True
2024-01-30 13:46:55,116 is input_dict is instance of dict? True
2024-01-30 13:46:55,929 Model Called
2024-01-30 13:46:55,929 RAM memory 66.9 used for Invoice_416_1.png:
2024-01-30 13:46:55,929 is all_predictions is instance of list? True
2024-01-30 13:46:55,929 is all_boxes is instance of list? True
2024-01-30 13:46:55,929 is all_confidences is instance of list? True
2024-01-30 13:46:55,929 is all_text is instance of list? True
2024-01-30 13:46:55,930 is label2id is instance of dict? True
2024-01-30 13:46:55,930 is id2label is instance of dict? True
2024-01-30 13:46:55,931 is label2color is instance of dict? True
2024-01-30 13:46:55,931 label2color : {'signature': '#AFE5E4', 'remitter_address': '#FBFC94', 'O': '#52F9FD', 'notify_party_country': '#9FE18E', 'port_of_loading': '#6FB74F', 'beneficiary_account_number': '#5744E1', 'consignee_address': '#5DD4E5', 'beneficiary_iban_number': '#BAC31D', 'bill_of_lading_no': '#10DAF4', 'pre-carriage-by': '#5D326A', 'invoice_discount_amount': '#C74CC9', 'beneficiary_address': '#6F8A20', 'rate_per_unit': '#A1B1AA', 'original_or_copy': '#0D9604', 'hs_code_no': '#3BEF7A', 'bill_of_lading_date': '#6B0C3C', 'declaration_by_issuer': '#48D15B', 'beneficiary_bank_identifier': '#8229C8', 'vessel_flight_no': '#819076', 'goods_description': '#FACFDC', 'incoterm': '#8EC771', 'invoice_due_date': '#DFC5A6', 'tenor_type': '#20478D', 'country_of_origin_of_goods': '#7EBB77', 'invoice_no': '#E7F37B', 'cosignee_name': '#964F91', 'total_quantity_of_goods': '#7C31EE', 'consignor_address': '#36C777', 'invoice_tax_ccy': '#9461BE', 'gross_weight': '#F13CF4', 'notify_party_name': '#A979A0', 'dimension': '#4E53BF', 'consignor_name': '#DA70BA', 'indicator_type': '#D65CEC', 'invoice_tax_amount': '#005FDE', 'country_of_final_destination': '#DBD38E', 'usance_tenor': '#9FD2BC', 'date_of_invoice': '#C69547', 'invoice_currency': '#75AA49', 'invoice_amount_in_words': '#ECA21C', 'awb_number': '#B082C5', 'awb_date': '#516874', 'lc_ref_no': '#DAAC9F', 'vessel_name': '#D616D1', 'net_weight': '#9BE47A', 'beneficiary_country': '#600ED2', 'beneficiary_drawer_exporter_seller_supplier_tin': '#389B54', 'remitter_drawee_applicant_importer_buyer_name': '#9DDFEB', 'transaction_date': '#61B4A4', 'shipper_name': '#F63FEF', 'indicator_date': '#D2EE10', 'beneficiary_bank_country': '#2AF54D', 'shipper_address': '#CF9469', 'signature_of_the_issuer': '#ADE2D5', 'tenor_indicator': '#644310', 'delivery_terms': '#62893A', 'transaction_currency': '#6A7E59', 'beneficiary_drawer_exporter_seller_supplier_name': '#482989', 'page_no': '#5266CE', 'consignor_country': '#4BD3B1', 'beneficiary_bank_name': '#4E9F7B', 'lc_date': '#718096', 'invoice_discount_ccy': '#9C0C10', 'transaction_amonunt_value': '#BCC48B', 'stamp': '#70DDE8', 'notify_party_address': '#59A3BF', 'invoice_amount': '#0DDF69', 'port_of_discharge': '#BF3B16'}
2024-01-30 13:46:56,110 is result_set is instance of dict? True
2024-01-30 13:46:56,112 is final_result_set is instance of dict? True
2024-01-30 13:46:56,157 Time taken for page 1 of Invoice_416_1.png:0:00:05.508385
2024-01-30 13:46:56,311 *****Generated All Pages****** for Invoice_416_1.png
2024-01-30 13:46:56,311 RAM memory 66.2 used for Invoice_416_1.png Generating All Pages:
2024-01-30 13:46:56,311 Processing time taken for all pages of Invoice_416_1.png1:0:00:05.740772
2024-01-30 13:46:56,461 file name is:Proforma_Invoice_169_1.png
2024-01-30 13:46:56,462 folder path :Images
2024-01-30 13:46:56,462 Calling Image result
2024-01-30 13:46:56,462 is all_page_result is instance of dict? True
2024-01-30 13:46:56,462 STREAM b'IHDR' 16 13
2024-01-30 13:46:56,462 STREAM b'IDAT' 41 31743
2024-01-30 13:46:56,481 Checking spheric-time-383904-f1b421d86eef.json for explicit credentials as part of auth process...
2024-01-30 13:46:57,245 is words is instance of list? True
2024-01-30 13:46:57,245 is bboxes is instance of list? True
2024-01-30 13:46:57,245 is bounding_boxes is instance of list? True
2024-01-30 13:46:57,427 is input_id_chunks is instance of list? True
2024-01-30 13:46:57,427 is mask_chunks is instance of list? True
2024-01-30 13:46:57,427 is bbox_chunks is instance of list? True
2024-01-30 13:46:57,427 is image_chunks is instance of list? True
2024-01-30 13:46:57,427 is input_dict is instance of dict? True
2024-01-30 13:46:58,207 Model Called
2024-01-30 13:46:58,207 RAM memory 67.5 used for Proforma_Invoice_169_1.png:
2024-01-30 13:46:58,207 is all_predictions is instance of list? True
2024-01-30 13:46:58,207 is all_boxes is instance of list? True
2024-01-30 13:46:58,207 is all_confidences is instance of list? True
2024-01-30 13:46:58,207 is all_text is instance of list? True
2024-01-30 13:46:58,207 is label2id is instance of dict? True
2024-01-30 13:46:58,207 is id2label is instance of dict? True
2024-01-30 13:46:58,208 is label2color is instance of dict? True
2024-01-30 13:46:58,208 label2color : {'signature': '#78DF9F', 'remitter_address': '#B3D25B', 'O': '#BAC7D3', 'notify_party_country': '#1934E3', 'port_of_loading': '#71AF27', 'beneficiary_account_number': '#D6F7D3', 'consignee_address': '#1DE509', 'beneficiary_iban_number': '#BBFC69', 'bill_of_lading_no': '#6B7742', 'pre-carriage-by': '#EBFFFE', 'invoice_discount_amount': '#829C5D', 'beneficiary_address': '#1B6129', 'rate_per_unit': '#357DC7', 'original_or_copy': '#253467', 'hs_code_no': '#E27C3B', 'bill_of_lading_date': '#D50B53', 'declaration_by_issuer': '#F155A0', 'beneficiary_bank_identifier': '#13C3C4', 'vessel_flight_no': '#790CC3', 'goods_description': '#D1ED74', 'incoterm': '#89D669', 'invoice_due_date': '#F50212', 'tenor_type': '#E827ED', 'country_of_origin_of_goods': '#C3D0F8', 'invoice_no': '#9B44C7', 'cosignee_name': '#CA04B4', 'total_quantity_of_goods': '#82C8A9', 'consignor_address': '#5344B7', 'invoice_tax_ccy': '#5C639D', 'gross_weight': '#FB5B72', 'notify_party_name': '#48C95E', 'dimension': '#A9A6FB', 'consignor_name': '#7024E0', 'indicator_type': '#3BC11D', 'invoice_tax_amount': '#724DD8', 'country_of_final_destination': '#4C11B2', 'usance_tenor': '#C77E28', 'date_of_invoice': '#684465', 'invoice_currency': '#03C84C', 'invoice_amount_in_words': '#58C0CC', 'awb_number': '#12A028', 'awb_date': '#259864', 'lc_ref_no': '#4AF05C', 'vessel_name': '#14AEA7', 'net_weight': '#2B3838', 'beneficiary_country': '#0A8A91', 'beneficiary_drawer_exporter_seller_supplier_tin': '#2826FA', 'remitter_drawee_applicant_importer_buyer_name': '#630AF4', 'transaction_date': '#F03681', 'shipper_name': '#ADAE79', 'indicator_date': '#33417A', 'beneficiary_bank_country': '#1ADDF4', 'shipper_address': '#0935F6', 'signature_of_the_issuer': '#D284AD', 'tenor_indicator': '#AA13A9', 'delivery_terms': '#175351', 'transaction_currency': '#4D301A', 'beneficiary_drawer_exporter_seller_supplier_name': '#2CE9EC', 'page_no': '#3D38DE', 'consignor_country': '#109D9C', 'beneficiary_bank_name': '#AF187B', 'lc_date': '#ABB7AE', 'invoice_discount_ccy': '#ACF5AA', 'transaction_amonunt_value': '#3EA5BF', 'stamp': '#3C4688', 'notify_party_address': '#9EFB87', 'invoice_amount': '#26976C', 'port_of_discharge': '#53986F'}
2024-01-30 13:46:58,375 is result_set is instance of dict? True
2024-01-30 13:46:58,375 is final_result_set is instance of dict? True
2024-01-30 13:46:58,395 Time taken for page 1 of Proforma_Invoice_169_1.png:0:00:01.932767
2024-01-30 13:46:58,522 *****Generated All Pages****** for Proforma_Invoice_169_1.png
2024-01-30 13:46:58,522 RAM memory 67.6 used for Proforma_Invoice_169_1.png Generating All Pages:
2024-01-30 13:46:58,522 Processing time taken for all pages of Proforma_Invoice_169_1.png1:0:00:02.060345
2024-01-30 13:46:58,686 file name is:Invoice_996_0.png
2024-01-30 13:46:58,687 folder path :Images
2024-01-30 13:46:58,687 Calling Image result
2024-01-30 13:46:58,687 is all_page_result is instance of dict? True
2024-01-30 13:46:58,695 STREAM b'IHDR' 16 13
2024-01-30 13:46:58,695 STREAM b'IDAT' 41 65536
2024-01-30 13:46:58,740 is words is instance of list? True
2024-01-30 13:46:58,740 is bboxes is instance of list? True
2024-01-30 13:46:58,740 is bounding_boxes is instance of list? True
2024-01-30 13:46:58,961 is input_id_chunks is instance of list? True
2024-01-30 13:46:58,961 is mask_chunks is instance of list? True
2024-01-30 13:46:58,961 is bbox_chunks is instance of list? True
2024-01-30 13:46:58,961 is image_chunks is instance of list? True
2024-01-30 13:46:58,962 is input_dict is instance of dict? True
2024-01-30 13:47:00,527 Model Called
2024-01-30 13:47:00,527 RAM memory 69.8 used for Invoice_996_0.png:
2024-01-30 13:47:00,527 is all_predictions is instance of list? True
2024-01-30 13:47:00,527 is all_boxes is instance of list? True
2024-01-30 13:47:00,528 is all_confidences is instance of list? True
2024-01-30 13:47:00,528 is all_text is instance of list? True
2024-01-30 13:47:00,528 is label2id is instance of dict? True
2024-01-30 13:47:00,528 is id2label is instance of dict? True
2024-01-30 13:47:00,529 is label2color is instance of dict? True
2024-01-30 13:47:00,529 label2color : {'signature': '#66D3E2', 'remitter_address': '#9B55D3', 'O': '#7268B5', 'notify_party_country': '#CD6F80', 'port_of_loading': '#EA87BB', 'beneficiary_account_number': '#4299B0', 'consignee_address': '#D7760A', 'beneficiary_iban_number': '#D5A257', 'bill_of_lading_no': '#12B4E1', 'pre-carriage-by': '#E449C5', 'invoice_discount_amount': '#EAEF63', 'beneficiary_address': '#8C1913', 'rate_per_unit': '#80B6CC', 'original_or_copy': '#8DC2F6', 'hs_code_no': '#3FB39B', 'bill_of_lading_date': '#C08027', 'declaration_by_issuer': '#5639FA', 'beneficiary_bank_identifier': '#A1F6ED', 'vessel_flight_no': '#8820A8', 'goods_description': '#B2FD44', 'incoterm': '#A15CBE', 'invoice_due_date': '#DC4D27', 'tenor_type': '#C0DDFB', 'country_of_origin_of_goods': '#1FE449', 'invoice_no': '#209757', 'cosignee_name': '#4DE775', 'total_quantity_of_goods': '#139AF3', 'consignor_address': '#10AD63', 'invoice_tax_ccy': '#77DA12', 'gross_weight': '#82A63E', 'notify_party_name': '#D13A53', 'dimension': '#DD9E1A', 'consignor_name': '#34BE02', 'indicator_type': '#2C2267', 'invoice_tax_amount': '#E2CE1D', 'country_of_final_destination': '#43D1EB', 'usance_tenor': '#8A2A6B', 'date_of_invoice': '#B6E887', 'invoice_currency': '#954AF2', 'invoice_amount_in_words': '#8D1D98', 'awb_number': '#BE194B', 'awb_date': '#09B388', 'lc_ref_no': '#3C684D', 'vessel_name': '#F49E08', 'net_weight': '#866CAD', 'beneficiary_country': '#3E98E9', 'beneficiary_drawer_exporter_seller_supplier_tin': '#840A02', 'remitter_drawee_applicant_importer_buyer_name': '#AAA863', 'transaction_date': '#0D139B', 'shipper_name': '#3B37B7', 'indicator_date': '#6123C0', 'beneficiary_bank_country': '#7B1B96', 'shipper_address': '#15CCD1', 'signature_of_the_issuer': '#CC8B33', 'tenor_indicator': '#B5B0C3', 'delivery_terms': '#50FCCA', 'transaction_currency': '#24262D', 'beneficiary_drawer_exporter_seller_supplier_name': '#307FDD', 'page_no': '#F21F2F', 'consignor_country': '#811C65', 'beneficiary_bank_name': '#3A1002', 'lc_date': '#37B264', 'invoice_discount_ccy': '#5F8B65', 'transaction_amonunt_value': '#101CD5', 'stamp': '#1AB4F2', 'notify_party_address': '#997144', 'invoice_amount': '#C2821B', 'port_of_discharge': '#679B69'}
2024-01-30 13:47:00,765 is result_set is instance of dict? True
2024-01-30 13:47:00,767 is final_result_set is instance of dict? True
2024-01-30 13:47:00,811 Time taken for page 1 of Invoice_996_0.png:0:00:02.115868
2024-01-30 13:47:00,980 *****Generated All Pages****** for Invoice_996_0.png
2024-01-30 13:47:00,980 RAM memory 70.0 used for Invoice_996_0.png Generating All Pages:
2024-01-30 13:47:00,980 Processing time taken for all pages of Invoice_996_0.png1:0:00:02.293119
2024-01-30 13:47:01,144 file name is:Invoice_830_0.png
2024-01-30 13:47:01,144 folder path :Images
2024-01-30 13:47:01,144 Calling Image result
2024-01-30 13:47:01,144 is all_page_result is instance of dict? True
2024-01-30 13:47:01,265 STREAM b'IHDR' 16 13
2024-01-30 13:47:01,265 STREAM b'IDAT' 41 65536
2024-01-30 13:47:01,336 Checking spheric-time-383904-f1b421d86eef.json for explicit credentials as part of auth process...
2024-01-30 13:47:02,775 is words is instance of list? True
2024-01-30 13:47:02,775 is bboxes is instance of list? True
2024-01-30 13:47:02,775 is bounding_boxes is instance of list? True
2024-01-30 13:47:04,860 is input_id_chunks is instance of list? True
2024-01-30 13:47:04,860 is mask_chunks is instance of list? True
2024-01-30 13:47:04,860 is bbox_chunks is instance of list? True
2024-01-30 13:47:04,860 is image_chunks is instance of list? True
2024-01-30 13:47:04,860 is input_dict is instance of dict? True
2024-01-30 13:47:05,674 Model Called
2024-01-30 13:47:05,674 RAM memory 66.4 used for Invoice_830_0.png:
2024-01-30 13:47:05,675 is all_predictions is instance of list? True
2024-01-30 13:47:05,675 is all_boxes is instance of list? True
2024-01-30 13:47:05,675 is all_confidences is instance of list? True
2024-01-30 13:47:05,675 is all_text is instance of list? True
2024-01-30 13:47:05,675 is label2id is instance of dict? True
2024-01-30 13:47:05,675 is id2label is instance of dict? True
2024-01-30 13:47:05,676 is label2color is instance of dict? True
2024-01-30 13:47:05,676 label2color : {'signature': '#45F283', 'remitter_address': '#A21CC0', 'O': '#5EC196', 'notify_party_country': '#E2AB05', 'port_of_loading': '#A55E78', 'beneficiary_account_number': '#3F13C4', 'consignee_address': '#F72F8C', 'beneficiary_iban_number': '#573BF3', 'bill_of_lading_no': '#D0A9C7', 'pre-carriage-by': '#F01293', 'invoice_discount_amount': '#C39C78', 'beneficiary_address': '#A77E9F', 'rate_per_unit': '#C59F2D', 'original_or_copy': '#E685E1', 'hs_code_no': '#45F275', 'bill_of_lading_date': '#5B74C2', 'declaration_by_issuer': '#7B5647', 'beneficiary_bank_identifier': '#C3F0EC', 'vessel_flight_no': '#0C8461', 'goods_description': '#181C33', 'incoterm': '#287DF7', 'invoice_due_date': '#563E87', 'tenor_type': '#816EAF', 'country_of_origin_of_goods': '#D483CF', 'invoice_no': '#4356DB', 'cosignee_name': '#B20840', 'total_quantity_of_goods': '#E69E19', 'consignor_address': '#B0E64A', 'invoice_tax_ccy': '#63EAB9', 'gross_weight': '#C35DE9', 'notify_party_name': '#A944AE', 'dimension': '#ABA153', 'consignor_name': '#716E9A', 'indicator_type': '#2A9A6F', 'invoice_tax_amount': '#ED8A81', 'country_of_final_destination': '#3175EE', 'usance_tenor': '#E9CACD', 'date_of_invoice': '#8A993C', 'invoice_currency': '#441E68', 'invoice_amount_in_words': '#A5A66F', 'awb_number': '#DD1096', 'awb_date': '#7874C9', 'lc_ref_no': '#D836CF', 'vessel_name': '#15EF87', 'net_weight': '#A0AAF1', 'beneficiary_country': '#FDABB3', 'beneficiary_drawer_exporter_seller_supplier_tin': '#6B1C04', 'remitter_drawee_applicant_importer_buyer_name': '#4B367F', 'transaction_date': '#B7B32E', 'shipper_name': '#0E4F9F', 'indicator_date': '#6CF3FE', 'beneficiary_bank_country': '#3DEA19', 'shipper_address': '#C2A9E3', 'signature_of_the_issuer': '#6ED9C8', 'tenor_indicator': '#1E5A0D', 'delivery_terms': '#12999D', 'transaction_currency': '#BFFBBD', 'beneficiary_drawer_exporter_seller_supplier_name': '#B40203', 'page_no': '#FEBED6', 'consignor_country': '#4E33EC', 'beneficiary_bank_name': '#6E60CC', 'lc_date': '#AEF132', 'invoice_discount_ccy': '#2D98C7', 'transaction_amonunt_value': '#A87730', 'stamp': '#3BD753', 'notify_party_address': '#9A31AC', 'invoice_amount': '#73A939', 'port_of_discharge': '#564A71'}
2024-01-30 13:47:06,137 is result_set is instance of dict? True
2024-01-30 13:47:06,138 is final_result_set is instance of dict? True
2024-01-30 13:47:06,149 Time taken for page 1 of Invoice_830_0.png:0:00:04.883707
2024-01-30 13:47:06,848 *****Generated All Pages****** for Invoice_830_0.png
2024-01-30 13:47:06,848 RAM memory 67.5 used for Invoice_830_0.png Generating All Pages:
2024-01-30 13:47:06,848 Processing time taken for all pages of Invoice_830_0.png1:0:00:05.704122
2024-01-30 13:47:06,995 file name is:Invoice_952_0.png
2024-01-30 13:47:06,995 folder path :Images
2024-01-30 13:47:06,995 Calling Image result
2024-01-30 13:47:06,995 is all_page_result is instance of dict? True
2024-01-30 13:47:07,085 STREAM b'IHDR' 16 13
2024-01-30 13:47:07,085 STREAM b'IDAT' 41 42764
2024-01-30 13:47:07,125 is words is instance of list? True
2024-01-30 13:47:07,125 is bboxes is instance of list? True
2024-01-30 13:47:07,125 is bounding_boxes is instance of list? True
2024-01-30 13:47:07,317 is input_id_chunks is instance of list? True
2024-01-30 13:47:07,317 is mask_chunks is instance of list? True
2024-01-30 13:47:07,317 is bbox_chunks is instance of list? True
2024-01-30 13:47:07,317 is image_chunks is instance of list? True
2024-01-30 13:47:07,318 is input_dict is instance of dict? True
2024-01-30 13:47:08,151 Model Called
2024-01-30 13:47:08,152 RAM memory 68.0 used for Invoice_952_0.png:
2024-01-30 13:47:08,152 is all_predictions is instance of list? True
2024-01-30 13:47:08,152 is all_boxes is instance of list? True
2024-01-30 13:47:08,152 is all_confidences is instance of list? True
2024-01-30 13:47:08,152 is all_text is instance of list? True
2024-01-30 13:47:08,152 is label2id is instance of dict? True
2024-01-30 13:47:08,152 is id2label is instance of dict? True
2024-01-30 13:47:08,153 is label2color is instance of dict? True
2024-01-30 13:47:08,153 label2color : {'signature': '#940D8A', 'remitter_address': '#81003D', 'O': '#D74221', 'notify_party_country': '#E5D1FC', 'port_of_loading': '#46B0E1', 'beneficiary_account_number': '#BF739D', 'consignee_address': '#A8D7B7', 'beneficiary_iban_number': '#E915BF', 'bill_of_lading_no': '#E09388', 'pre-carriage-by': '#C662E8', 'invoice_discount_amount': '#99FC68', 'beneficiary_address': '#3F2989', 'rate_per_unit': '#F1A15F', 'original_or_copy': '#0663DE', 'hs_code_no': '#21009A', 'bill_of_lading_date': '#FBB770', 'declaration_by_issuer': '#B34814', 'beneficiary_bank_identifier': '#C39415', 'vessel_flight_no': '#308747', 'goods_description': '#0F53A3', 'incoterm': '#9C28A8', 'invoice_due_date': '#BB2731', 'tenor_type': '#534F94', 'country_of_origin_of_goods': '#65E405', 'invoice_no': '#D2B60E', 'cosignee_name': '#C922B8', 'total_quantity_of_goods': '#53C647', 'consignor_address': '#579621', 'invoice_tax_ccy': '#6D97D1', 'gross_weight': '#8F94BE', 'notify_party_name': '#4C9F2D', 'dimension': '#58BCBB', 'consignor_name': '#FED27D', 'indicator_type': '#CF7498', 'invoice_tax_amount': '#6EB3C2', 'country_of_final_destination': '#E37827', 'usance_tenor': '#47FA89', 'date_of_invoice': '#F39B7B', 'invoice_currency': '#9D5D52', 'invoice_amount_in_words': '#38387C', 'awb_number': '#F6197F', 'awb_date': '#7C9107', 'lc_ref_no': '#435E74', 'vessel_name': '#52D352', 'net_weight': '#0FD324', 'beneficiary_country': '#9BF3E4', 'beneficiary_drawer_exporter_seller_supplier_tin': '#04A8C6', 'remitter_drawee_applicant_importer_buyer_name': '#911715', 'transaction_date': '#957FE6', 'shipper_name': '#3CE203', 'indicator_date': '#D1F6F8', 'beneficiary_bank_country': '#7EAD69', 'shipper_address': '#7D0688', 'signature_of_the_issuer': '#ACDE81', 'tenor_indicator': '#AE3879', 'delivery_terms': '#41D534', 'transaction_currency': '#6679B6', 'beneficiary_drawer_exporter_seller_supplier_name': '#015928', 'page_no': '#D3C2E9', 'consignor_country': '#9E2A47', 'beneficiary_bank_name': '#F2A16B', 'lc_date': '#39B74A', 'invoice_discount_ccy': '#BB97ED', 'transaction_amonunt_value': '#982D94', 'stamp': '#D54E92', 'notify_party_address': '#E3A7C6', 'invoice_amount': '#5DFB24', 'port_of_discharge': '#FB6222'}
2024-01-30 13:47:08,324 is result_set is instance of dict? True
2024-01-30 13:47:08,325 is final_result_set is instance of dict? True
2024-01-30 13:47:08,367 Time taken for page 1 of Invoice_952_0.png:0:00:01.281441
2024-01-30 13:47:08,512 *****Generated All Pages****** for Invoice_952_0.png
2024-01-30 13:47:08,512 RAM memory 68.2 used for Invoice_952_0.png Generating All Pages:
2024-01-30 13:47:08,512 Processing time taken for all pages of Invoice_952_0.png1:0:00:01.517399
2024-01-30 13:47:08,664 file name is:Proforma_Invoice_32_2.png
2024-01-30 13:47:08,665 folder path :Images
2024-01-30 13:47:08,665 Calling Image result
2024-01-30 13:47:08,665 is all_page_result is instance of dict? True
2024-01-30 13:47:08,744 STREAM b'IHDR' 16 13
2024-01-30 13:47:08,744 STREAM b'sRGB' 41 1
2024-01-30 13:47:08,744 STREAM b'gAMA' 54 4
2024-01-30 13:47:08,744 STREAM b'pHYs' 70 9
2024-01-30 13:47:08,744 STREAM b'IDAT' 91 65445
2024-01-30 13:47:08,756 Checking spheric-time-383904-f1b421d86eef.json for explicit credentials as part of auth process...
2024-01-30 13:47:10,148 is words is instance of list? True
2024-01-30 13:47:10,148 is bboxes is instance of list? True
2024-01-30 13:47:10,148 is bounding_boxes is instance of list? True
2024-01-30 13:47:10,296 is input_id_chunks is instance of list? True
2024-01-30 13:47:10,297 is mask_chunks is instance of list? True
2024-01-30 13:47:10,297 is bbox_chunks is instance of list? True
2024-01-30 13:47:10,297 is image_chunks is instance of list? True
2024-01-30 13:47:10,297 is input_dict is instance of dict? True
2024-01-30 13:47:11,910 Model Called
2024-01-30 13:47:11,910 RAM memory 68.4 used for Proforma_Invoice_32_2.png:
2024-01-30 13:47:11,910 is all_predictions is instance of list? True
2024-01-30 13:47:11,910 is all_boxes is instance of list? True
2024-01-30 13:47:11,910 is all_confidences is instance of list? True
2024-01-30 13:47:11,910 is all_text is instance of list? True
2024-01-30 13:47:11,911 is label2id is instance of dict? True
2024-01-30 13:47:11,911 is id2label is instance of dict? True
2024-01-30 13:47:11,911 is label2color is instance of dict? True
2024-01-30 13:47:11,911 label2color : {'signature': '#FD8B2D', 'remitter_address': '#0B257B', 'O': '#F5BB5C', 'notify_party_country': '#CCC35A', 'port_of_loading': '#3C3600', 'beneficiary_account_number': '#455402', 'consignee_address': '#B86DD0', 'beneficiary_iban_number': '#A8EDF8', 'bill_of_lading_no': '#8FC4B6', 'pre-carriage-by': '#CA1649', 'invoice_discount_amount': '#637700', 'beneficiary_address': '#D10580', 'rate_per_unit': '#A66D9B', 'original_or_copy': '#1B6E69', 'hs_code_no': '#F1AE7E', 'bill_of_lading_date': '#69422C', 'declaration_by_issuer': '#743E5D', 'beneficiary_bank_identifier': '#17C377', 'vessel_flight_no': '#3C3E94', 'goods_description': '#8C8E5D', 'incoterm': '#28E18F', 'invoice_due_date': '#46445F', 'tenor_type': '#21DA24', 'country_of_origin_of_goods': '#CC8039', 'invoice_no': '#DE45AE', 'cosignee_name': '#EF6083', 'total_quantity_of_goods': '#2532AA', 'consignor_address': '#F2768D', 'invoice_tax_ccy': '#093DB5', 'gross_weight': '#CD2F09', 'notify_party_name': '#2D3481', 'dimension': '#93CCA1', 'consignor_name': '#1BBC6E', 'indicator_type': '#A0B2D2', 'invoice_tax_amount': '#C0EAAE', 'country_of_final_destination': '#A976A2', 'usance_tenor': '#07D8D4', 'date_of_invoice': '#F36888', 'invoice_currency': '#34D22A', 'invoice_amount_in_words': '#2C4E81', 'awb_number': '#678AE6', 'awb_date': '#532F50', 'lc_ref_no': '#520DDD', 'vessel_name': '#5C4AEB', 'net_weight': '#9613FF', 'beneficiary_country': '#7EA6AC', 'beneficiary_drawer_exporter_seller_supplier_tin': '#A07EFF', 'remitter_drawee_applicant_importer_buyer_name': '#29B96D', 'transaction_date': '#D47A91', 'shipper_name': '#56F7D9', 'indicator_date': '#4BD8F1', 'beneficiary_bank_country': '#BC5A8F', 'shipper_address': '#7C2DA0', 'signature_of_the_issuer': '#DCA5CE', 'tenor_indicator': '#62F83E', 'delivery_terms': '#619F61', 'transaction_currency': '#B2DBFB', 'beneficiary_drawer_exporter_seller_supplier_name': '#DC71DF', 'page_no': '#765CE7', 'consignor_country': '#915B0C', 'beneficiary_bank_name': '#DB34BE', 'lc_date': '#97EE90', 'invoice_discount_ccy': '#67207C', 'transaction_amonunt_value': '#6C2AC7', 'stamp': '#9A733C', 'notify_party_address': '#34C466', 'invoice_amount': '#2F6665', 'port_of_discharge': '#1B8946'}
2024-01-30 13:47:12,048 is result_set is instance of dict? True
2024-01-30 13:47:12,048 is final_result_set is instance of dict? True
2024-01-30 13:47:12,052 Time taken for page 1 of Proforma_Invoice_32_2.png:0:00:03.307936
2024-01-30 13:47:12,203 *****Generated All Pages****** for Proforma_Invoice_32_2.png
2024-01-30 13:47:12,204 RAM memory 68.7 used for Proforma_Invoice_32_2.png Generating All Pages:
2024-01-30 13:47:12,204 Processing time taken for all pages of Proforma_Invoice_32_2.png1:0:00:03.538864
2024-01-30 13:47:12,376 file name is:Proforma_Invoice_350_3.png
2024-01-30 13:47:12,376 folder path :Images
2024-01-30 13:47:12,376 Calling Image result
2024-01-30 13:47:12,377 is all_page_result is instance of dict? True
2024-01-30 13:47:12,377 STREAM b'IHDR' 16 13
2024-01-30 13:47:12,377 STREAM b'IDAT' 41 47873
2024-01-30 13:47:12,396 is words is instance of list? True
2024-01-30 13:47:12,396 is bboxes is instance of list? True
2024-01-30 13:47:12,396 is bounding_boxes is instance of list? True
2024-01-30 13:47:12,615 is input_id_chunks is instance of list? True
2024-01-30 13:47:12,615 is mask_chunks is instance of list? True
2024-01-30 13:47:12,615 is bbox_chunks is instance of list? True
2024-01-30 13:47:12,615 is image_chunks is instance of list? True
2024-01-30 13:47:12,616 is input_dict is instance of dict? True
2024-01-30 13:47:13,422 Model Called
2024-01-30 13:47:13,422 RAM memory 69.3 used for Proforma_Invoice_350_3.png:
2024-01-30 13:47:13,422 is all_predictions is instance of list? True
2024-01-30 13:47:13,422 is all_boxes is instance of list? True
2024-01-30 13:47:13,422 is all_confidences is instance of list? True
2024-01-30 13:47:13,422 is all_text is instance of list? True
2024-01-30 13:47:13,423 is label2id is instance of dict? True
2024-01-30 13:47:13,423 is id2label is instance of dict? True
2024-01-30 13:47:13,423 is label2color is instance of dict? True
2024-01-30 13:47:13,424 label2color : {'signature': '#EB6B92', 'remitter_address': '#A94EFF', 'O': '#1C261D', 'notify_party_country': '#DBD1CC', 'port_of_loading': '#8509CC', 'beneficiary_account_number': '#FEA379', 'consignee_address': '#C244DB', 'beneficiary_iban_number': '#728773', 'bill_of_lading_no': '#27836E', 'pre-carriage-by': '#52485C', 'invoice_discount_amount': '#6B446C', 'beneficiary_address': '#8B8DA5', 'rate_per_unit': '#F47C15', 'original_or_copy': '#0EAD64', 'hs_code_no': '#05FBD9', 'bill_of_lading_date': '#F84334', 'declaration_by_issuer': '#F4DB2D', 'beneficiary_bank_identifier': '#F34DE4', 'vessel_flight_no': '#1BDF8B', 'goods_description': '#8C82D0', 'incoterm': '#8B20EC', 'invoice_due_date': '#370CB8', 'tenor_type': '#8CF200', 'country_of_origin_of_goods': '#9C196D', 'invoice_no': '#07A98B', 'cosignee_name': '#B470B1', 'total_quantity_of_goods': '#EFAAD2', 'consignor_address': '#BEA6AD', 'invoice_tax_ccy': '#41E8CE', 'gross_weight': '#229D29', 'notify_party_name': '#3989E7', 'dimension': '#A01A22', 'consignor_name': '#0D2B27', 'indicator_type': '#3FA89C', 'invoice_tax_amount': '#A6B8AB', 'country_of_final_destination': '#25109C', 'usance_tenor': '#A9B2C5', 'date_of_invoice': '#C2E296', 'invoice_currency': '#B37B29', 'invoice_amount_in_words': '#267B76', 'awb_number': '#A1DE7A', 'awb_date': '#05395A', 'lc_ref_no': '#8C570D', 'vessel_name': '#C3A383', 'net_weight': '#12DF53', 'beneficiary_country': '#03F980', 'beneficiary_drawer_exporter_seller_supplier_tin': '#E44BE6', 'remitter_drawee_applicant_importer_buyer_name': '#75727E', 'transaction_date': '#53673F', 'shipper_name': '#7DE105', 'indicator_date': '#98D49B', 'beneficiary_bank_country': '#F52B22', 'shipper_address': '#075FED', 'signature_of_the_issuer': '#AF649A', 'tenor_indicator': '#083FCE', 'delivery_terms': '#BFE2D3', 'transaction_currency': '#4BEF04', 'beneficiary_drawer_exporter_seller_supplier_name': '#D69202', 'page_no': '#577AF3', 'consignor_country': '#F079EB', 'beneficiary_bank_name': '#B2A491', 'lc_date': '#13C449', 'invoice_discount_ccy': '#9844F3', 'transaction_amonunt_value': '#DF4A2E', 'stamp': '#C57BD2', 'notify_party_address': '#848C06', 'invoice_amount': '#F3A747', 'port_of_discharge': '#544970'}
2024-01-30 13:47:13,546 is result_set is instance of dict? True
2024-01-30 13:47:13,546 is final_result_set is instance of dict? True
2024-01-30 13:47:13,565 Time taken for page 1 of Proforma_Invoice_350_3.png:0:00:01.187787
2024-01-30 13:47:13,689 *****Generated All Pages****** for Proforma_Invoice_350_3.png
2024-01-30 13:47:13,689 RAM memory 69.5 used for Proforma_Invoice_350_3.png Generating All Pages:
2024-01-30 13:47:13,689 Processing time taken for all pages of Proforma_Invoice_350_3.png1:0:00:01.312383
2024-01-30 13:47:13,830 file name is:Proforma_Invoice_831_1.png
2024-01-30 13:47:13,830 folder path :Images
2024-01-30 13:47:13,830 Calling Image result
2024-01-30 13:47:13,830 is all_page_result is instance of dict? True
2024-01-30 13:47:13,831 STREAM b'IHDR' 16 13
2024-01-30 13:47:13,831 STREAM b'IDAT' 41 24482
2024-01-30 13:47:13,944 is words is instance of list? True
2024-01-30 13:47:13,944 is bboxes is instance of list? True
2024-01-30 13:47:13,944 is bounding_boxes is instance of list? True
2024-01-30 13:47:14,123 is input_id_chunks is instance of list? True
2024-01-30 13:47:14,123 is mask_chunks is instance of list? True
2024-01-30 13:47:14,123 is bbox_chunks is instance of list? True
2024-01-30 13:47:14,123 is image_chunks is instance of list? True
2024-01-30 13:47:14,124 is input_dict is instance of dict? True
2024-01-30 13:47:14,921 Model Called
2024-01-30 13:47:14,921 RAM memory 69.8 used for Proforma_Invoice_831_1.png:
2024-01-30 13:47:14,921 is all_predictions is instance of list? True
2024-01-30 13:47:14,921 is all_boxes is instance of list? True
2024-01-30 13:47:14,921 is all_confidences is instance of list? True
2024-01-30 13:47:14,921 is all_text is instance of list? True
2024-01-30 13:47:14,922 is label2id is instance of dict? True
2024-01-30 13:47:14,922 is id2label is instance of dict? True
2024-01-30 13:47:14,922 is label2color is instance of dict? True
2024-01-30 13:47:14,922 label2color : {'signature': '#C78397', 'remitter_address': '#0FDA7D', 'O': '#7B2382', 'notify_party_country': '#973393', 'port_of_loading': '#92A6B7', 'beneficiary_account_number': '#A5EA30', 'consignee_address': '#C024F6', 'beneficiary_iban_number': '#631051', 'bill_of_lading_no': '#81334E', 'pre-carriage-by': '#8DEFA2', 'invoice_discount_amount': '#8F7DEC', 'beneficiary_address': '#7BB4F0', 'rate_per_unit': '#696287', 'original_or_copy': '#B5F2C8', 'hs_code_no': '#9D0660', 'bill_of_lading_date': '#AC96F0', 'declaration_by_issuer': '#E5AD2F', 'beneficiary_bank_identifier': '#7CAFCF', 'vessel_flight_no': '#44A051', 'goods_description': '#64F178', 'incoterm': '#B60993', 'invoice_due_date': '#813E3E', 'tenor_type': '#C698C0', 'country_of_origin_of_goods': '#0C82BC', 'invoice_no': '#CFD9FE', 'cosignee_name': '#AAB67D', 'total_quantity_of_goods': '#B19A8C', 'consignor_address': '#7E31E5', 'invoice_tax_ccy': '#8CC02B', 'gross_weight': '#443A36', 'notify_party_name': '#13B4DE', 'dimension': '#C75B6A', 'consignor_name': '#1D908C', 'indicator_type': '#9C7E98', 'invoice_tax_amount': '#6B94AA', 'country_of_final_destination': '#DB55F1', 'usance_tenor': '#070163', 'date_of_invoice': '#46E9FE', 'invoice_currency': '#0DEB03', 'invoice_amount_in_words': '#BF2B2E', 'awb_number': '#C560DA', 'awb_date': '#0399D3', 'lc_ref_no': '#50BB01', 'vessel_name': '#14DDFC', 'net_weight': '#947DAD', 'beneficiary_country': '#76DE9B', 'beneficiary_drawer_exporter_seller_supplier_tin': '#2FC702', 'remitter_drawee_applicant_importer_buyer_name': '#B3AB8A', 'transaction_date': '#4E6B30', 'shipper_name': '#32F93E', 'indicator_date': '#BD1518', 'beneficiary_bank_country': '#AF69A5', 'shipper_address': '#D75E9C', 'signature_of_the_issuer': '#E72484', 'tenor_indicator': '#4E46D5', 'delivery_terms': '#9EA70A', 'transaction_currency': '#2849A3', 'beneficiary_drawer_exporter_seller_supplier_name': '#A59028', 'page_no': '#561BCA', 'consignor_country': '#CE5616', 'beneficiary_bank_name': '#5EFED0', 'lc_date': '#A0665B', 'invoice_discount_ccy': '#E6834B', 'transaction_amonunt_value': '#8883F2', 'stamp': '#C7E7D3', 'notify_party_address': '#424818', 'invoice_amount': '#C59D02', 'port_of_discharge': '#587B10'}
2024-01-30 13:47:15,044 is result_set is instance of dict? True
2024-01-30 13:47:15,045 is final_result_set is instance of dict? True
2024-01-30 13:47:15,064 Time taken for page 1 of Proforma_Invoice_831_1.png:0:00:01.233179
2024-01-30 13:47:15,168 *****Generated All Pages****** for Proforma_Invoice_831_1.png
2024-01-30 13:47:15,168 RAM memory 69.8 used for Proforma_Invoice_831_1.png Generating All Pages:
2024-01-30 13:47:15,168 Processing time taken for all pages of Proforma_Invoice_831_1.png1:0:00:01.337849
2024-01-30 13:47:15,328 file name is:Invoice_983_1.png
2024-01-30 13:47:15,328 folder path :Images
2024-01-30 13:47:15,328 Calling Image result
2024-01-30 13:47:15,328 is all_page_result is instance of dict? True
2024-01-30 13:47:15,329 STREAM b'IHDR' 16 13
2024-01-30 13:47:15,329 STREAM b'IDAT' 41 20924
2024-01-30 13:47:15,337 is words is instance of list? True
2024-01-30 13:47:15,337 is bboxes is instance of list? True
2024-01-30 13:47:15,337 is bounding_boxes is instance of list? True
2024-01-30 13:47:15,405 is input_id_chunks is instance of list? True
2024-01-30 13:47:15,405 is mask_chunks is instance of list? True
2024-01-30 13:47:15,405 is bbox_chunks is instance of list? True
2024-01-30 13:47:15,405 is image_chunks is instance of list? True
2024-01-30 13:47:15,406 is input_dict is instance of dict? True
2024-01-30 13:47:17,699 Model Called
2024-01-30 13:47:17,699 RAM memory 74.9 used for Invoice_983_1.png:
2024-01-30 13:47:17,699 is all_predictions is instance of list? True
2024-01-30 13:47:17,699 is all_boxes is instance of list? True
2024-01-30 13:47:17,699 is all_confidences is instance of list? True
2024-01-30 13:47:17,699 is all_text is instance of list? True
2024-01-30 13:47:17,700 is label2id is instance of dict? True
2024-01-30 13:47:17,700 is id2label is instance of dict? True
2024-01-30 13:47:17,701 is label2color is instance of dict? True
2024-01-30 13:47:17,701 label2color : {'signature': '#4D0418', 'remitter_address': '#EC1B83', 'O': '#297511', 'notify_party_country': '#3C8DA7', 'port_of_loading': '#E89EDD', 'beneficiary_account_number': '#901398', 'consignee_address': '#06BF10', 'beneficiary_iban_number': '#A8B6F8', 'bill_of_lading_no': '#7658C0', 'pre-carriage-by': '#24CEDB', 'invoice_discount_amount': '#DF35D7', 'beneficiary_address': '#F877DC', 'rate_per_unit': '#9E86E4', 'original_or_copy': '#12B5F2', 'hs_code_no': '#10BCED', 'bill_of_lading_date': '#84C60C', 'declaration_by_issuer': '#0D0EC8', 'beneficiary_bank_identifier': '#8C3295', 'vessel_flight_no': '#FBC545', 'goods_description': '#4EA1C5', 'incoterm': '#167605', 'invoice_due_date': '#C744E9', 'tenor_type': '#A753AA', 'country_of_origin_of_goods': '#AC350B', 'invoice_no': '#307988', 'cosignee_name': '#880730', 'total_quantity_of_goods': '#0405C2', 'consignor_address': '#96419C', 'invoice_tax_ccy': '#8290A6', 'gross_weight': '#05C5A7', 'notify_party_name': '#5A1202', 'dimension': '#5ACCC4', 'consignor_name': '#565C8D', 'indicator_type': '#BAA1A7', 'invoice_tax_amount': '#A7BEF4', 'country_of_final_destination': '#5386FC', 'usance_tenor': '#530BDD', 'date_of_invoice': '#45D54B', 'invoice_currency': '#778B7E', 'invoice_amount_in_words': '#A03644', 'awb_number': '#E3831C', 'awb_date': '#2FB8E4', 'lc_ref_no': '#12C392', 'vessel_name': '#863419', 'net_weight': '#ADD57D', 'beneficiary_country': '#ABC310', 'beneficiary_drawer_exporter_seller_supplier_tin': '#E4E27D', 'remitter_drawee_applicant_importer_buyer_name': '#2507CD', 'transaction_date': '#751E71', 'shipper_name': '#F58079', 'indicator_date': '#30702A', 'beneficiary_bank_country': '#02E349', 'shipper_address': '#FB3C31', 'signature_of_the_issuer': '#C9D8DB', 'tenor_indicator': '#9B2CF9', 'delivery_terms': '#7CC74D', 'transaction_currency': '#C6E6FC', 'beneficiary_drawer_exporter_seller_supplier_name': '#7E3802', 'page_no': '#73484E', 'consignor_country': '#21B9BF', 'beneficiary_bank_name': '#2B36AF', 'lc_date': '#B99185', 'invoice_discount_ccy': '#6EA64E', 'transaction_amonunt_value': '#7329C3', 'stamp': '#93DC83', 'notify_party_address': '#AF3945', 'invoice_amount': '#42BEBD', 'port_of_discharge': '#CD34BC'}
2024-01-30 13:47:17,785 is result_set is instance of dict? True
2024-01-30 13:47:17,786 is final_result_set is instance of dict? True
2024-01-30 13:47:17,817 Time taken for page 1 of Invoice_983_1.png:0:00:02.487774
2024-01-30 13:47:17,861 *****Generated All Pages****** for Invoice_983_1.png
2024-01-30 13:47:17,861 RAM memory 75.0 used for Invoice_983_1.png Generating All Pages:
2024-01-30 13:47:17,861 Processing time taken for all pages of Invoice_983_1.png1:0:00:02.533048
2024-01-30 13:47:18,059 file name is:Proforma_Invoice_169_3.png
2024-01-30 13:47:18,059 folder path :Images
2024-01-30 13:47:18,059 Calling Image result
2024-01-30 13:47:18,059 is all_page_result is instance of dict? True
2024-01-30 13:47:18,060 STREAM b'IHDR' 16 13
2024-01-30 13:47:18,061 STREAM b'IDAT' 41 25551
2024-01-30 13:47:18,082 Checking spheric-time-383904-f1b421d86eef.json for explicit credentials as part of auth process...
2024-01-30 13:47:18,849 is words is instance of list? True
2024-01-30 13:47:18,849 is bboxes is instance of list? True
2024-01-30 13:47:18,849 is bounding_boxes is instance of list? True
2024-01-30 13:47:19,049 is input_id_chunks is instance of list? True
2024-01-30 13:47:19,049 is mask_chunks is instance of list? True
2024-01-30 13:47:19,049 is bbox_chunks is instance of list? True
2024-01-30 13:47:19,049 is image_chunks is instance of list? True
2024-01-30 13:47:19,050 is input_dict is instance of dict? True
2024-01-30 13:47:19,838 Model Called
2024-01-30 13:47:19,838 RAM memory 68.1 used for Proforma_Invoice_169_3.png:
2024-01-30 13:47:19,838 is all_predictions is instance of list? True
2024-01-30 13:47:19,838 is all_boxes is instance of list? True
2024-01-30 13:47:19,838 is all_confidences is instance of list? True
2024-01-30 13:47:19,838 is all_text is instance of list? True
2024-01-30 13:47:19,839 is label2id is instance of dict? True
2024-01-30 13:47:19,839 is id2label is instance of dict? True
2024-01-30 13:47:19,840 is label2color is instance of dict? True
2024-01-30 13:47:19,840 label2color : {'signature': '#8A13A2', 'remitter_address': '#09F23C', 'O': '#164226', 'notify_party_country': '#0783C8', 'port_of_loading': '#6386C5', 'beneficiary_account_number': '#63AE37', 'consignee_address': '#53F69D', 'beneficiary_iban_number': '#CC5769', 'bill_of_lading_no': '#A7307D', 'pre-carriage-by': '#C6FAFF', 'invoice_discount_amount': '#D95093', 'beneficiary_address': '#D0156D', 'rate_per_unit': '#F9CA05', 'original_or_copy': '#259368', 'hs_code_no': '#2A8FE4', 'bill_of_lading_date': '#5F65C3', 'declaration_by_issuer': '#2E82C7', 'beneficiary_bank_identifier': '#4FBFF9', 'vessel_flight_no': '#82BF1C', 'goods_description': '#B4BAC8', 'incoterm': '#8E36EC', 'invoice_due_date': '#192BD3', 'tenor_type': '#05E9BB', 'country_of_origin_of_goods': '#45DDC7', 'invoice_no': '#A5FC20', 'cosignee_name': '#EB1C4F', 'total_quantity_of_goods': '#A299E6', 'consignor_address': '#58EE8E', 'invoice_tax_ccy': '#D432F9', 'gross_weight': '#3EAE79', 'notify_party_name': '#FC36FD', 'dimension': '#44DD9F', 'consignor_name': '#45FD75', 'indicator_type': '#5AABD3', 'invoice_tax_amount': '#05D4D6', 'country_of_final_destination': '#D36615', 'usance_tenor': '#27BCE0', 'date_of_invoice': '#15674D', 'invoice_currency': '#3224EB', 'invoice_amount_in_words': '#41FDD5', 'awb_number': '#7957F0', 'awb_date': '#5602E9', 'lc_ref_no': '#590890', 'vessel_name': '#4F13F5', 'net_weight': '#263614', 'beneficiary_country': '#D0BB47', 'beneficiary_drawer_exporter_seller_supplier_tin': '#90AEAB', 'remitter_drawee_applicant_importer_buyer_name': '#80A12D', 'transaction_date': '#C37D4B', 'shipper_name': '#D0D512', 'indicator_date': '#85BE88', 'beneficiary_bank_country': '#4D5926', 'shipper_address': '#2DC8A9', 'signature_of_the_issuer': '#57A45F', 'tenor_indicator': '#96CCC5', 'delivery_terms': '#525B79', 'transaction_currency': '#26E586', 'beneficiary_drawer_exporter_seller_supplier_name': '#BAA2CD', 'page_no': '#2BEE4D', 'consignor_country': '#0DAA5B', 'beneficiary_bank_name': '#BD71EC', 'lc_date': '#3336A2', 'invoice_discount_ccy': '#2B771A', 'transaction_amonunt_value': '#C2C9CD', 'stamp': '#C4E26F', 'notify_party_address': '#30EBA2', 'invoice_amount': '#CEA87A', 'port_of_discharge': '#960B33'}
2024-01-30 13:47:20,010 is result_set is instance of dict? True
2024-01-30 13:47:20,010 is final_result_set is instance of dict? True
2024-01-30 13:47:20,031 Time taken for page 1 of Proforma_Invoice_169_3.png:0:00:01.970327
2024-01-30 13:47:20,156 *****Generated All Pages****** for Proforma_Invoice_169_3.png
2024-01-30 13:47:20,157 RAM memory 68.3 used for Proforma_Invoice_169_3.png Generating All Pages:
2024-01-30 13:47:20,157 Processing time taken for all pages of Proforma_Invoice_169_3.png1:0:00:02.097296
2024-01-30 13:47:20,322 file name is:Invoice_977_0.png
2024-01-30 13:47:20,322 folder path :Images
2024-01-30 13:47:20,322 Calling Image result
2024-01-30 13:47:20,322 is all_page_result is instance of dict? True
2024-01-30 13:47:20,323 STREAM b'IHDR' 16 13
2024-01-30 13:47:20,323 STREAM b'IDAT' 41 47564
2024-01-30 13:47:20,344 is words is instance of list? True
2024-01-30 13:47:20,344 is bboxes is instance of list? True
2024-01-30 13:47:20,344 is bounding_boxes is instance of list? True
2024-01-30 13:47:20,538 is input_id_chunks is instance of list? True
2024-01-30 13:47:20,539 is mask_chunks is instance of list? True
2024-01-30 13:47:20,539 is bbox_chunks is instance of list? True
2024-01-30 13:47:20,539 is image_chunks is instance of list? True
2024-01-30 13:47:20,539 is input_dict is instance of dict? True
2024-01-30 13:47:21,912 Model Called
2024-01-30 13:47:21,912 RAM memory 67.2 used for Invoice_977_0.png:
2024-01-30 13:47:21,913 is all_predictions is instance of list? True
2024-01-30 13:47:21,913 is all_boxes is instance of list? True
2024-01-30 13:47:21,913 is all_confidences is instance of list? True
2024-01-30 13:47:21,913 is all_text is instance of list? True
2024-01-30 13:47:21,913 is label2id is instance of dict? True
2024-01-30 13:47:21,913 is id2label is instance of dict? True
2024-01-30 13:47:21,914 is label2color is instance of dict? True
2024-01-30 13:47:21,914 label2color : {'signature': '#EF52D4', 'remitter_address': '#D0A6E1', 'O': '#2414B8', 'notify_party_country': '#3A9E78', 'port_of_loading': '#1EBBD9', 'beneficiary_account_number': '#163B3E', 'consignee_address': '#CE32CD', 'beneficiary_iban_number': '#78770C', 'bill_of_lading_no': '#90CBF5', 'pre-carriage-by': '#5096B8', 'invoice_discount_amount': '#CEFD80', 'beneficiary_address': '#F964F6', 'rate_per_unit': '#A92003', 'original_or_copy': '#60713D', 'hs_code_no': '#55D169', 'bill_of_lading_date': '#BABCD4', 'declaration_by_issuer': '#B05EC5', 'beneficiary_bank_identifier': '#94A231', 'vessel_flight_no': '#A32D50', 'goods_description': '#FA9490', 'incoterm': '#BD7493', 'invoice_due_date': '#4FBA18', 'tenor_type': '#E00FCF', 'country_of_origin_of_goods': '#50B62B', 'invoice_no': '#F77DDB', 'cosignee_name': '#8872F6', 'total_quantity_of_goods': '#64C9DF', 'consignor_address': '#39A97D', 'invoice_tax_ccy': '#9DEBFF', 'gross_weight': '#E89793', 'notify_party_name': '#083D79', 'dimension': '#4F9F23', 'consignor_name': '#F77CC6', 'indicator_type': '#40382E', 'invoice_tax_amount': '#D442E9', 'country_of_final_destination': '#1BAD65', 'usance_tenor': '#441402', 'date_of_invoice': '#E89AC0', 'invoice_currency': '#750A33', 'invoice_amount_in_words': '#85E9CB', 'awb_number': '#92AF63', 'awb_date': '#D74165', 'lc_ref_no': '#A6C255', 'vessel_name': '#F49942', 'net_weight': '#9DCCDA', 'beneficiary_country': '#29A54C', 'beneficiary_drawer_exporter_seller_supplier_tin': '#ED9430', 'remitter_drawee_applicant_importer_buyer_name': '#0952D7', 'transaction_date': '#AEB95A', 'shipper_name': '#4590EC', 'indicator_date': '#A43F6D', 'beneficiary_bank_country': '#0AE1C0', 'shipper_address': '#7D121F', 'signature_of_the_issuer': '#611B66', 'tenor_indicator': '#364261', 'delivery_terms': '#D81658', 'transaction_currency': '#077285', 'beneficiary_drawer_exporter_seller_supplier_name': '#2222DE', 'page_no': '#1D96B2', 'consignor_country': '#3BB900', 'beneficiary_bank_name': '#AB711E', 'lc_date': '#1ABC99', 'invoice_discount_ccy': '#0333BE', 'transaction_amonunt_value': '#62E2D4', 'stamp': '#439F29', 'notify_party_address': '#6509B3', 'invoice_amount': '#8BBF5A', 'port_of_discharge': '#7CF812'}
2024-01-30 13:47:22,106 is result_set is instance of dict? True
2024-01-30 13:47:22,107 is final_result_set is instance of dict? True
2024-01-30 13:47:22,137 Time taken for page 1 of Invoice_977_0.png:0:00:01.813945
2024-01-30 13:47:22,262 *****Generated All Pages****** for Invoice_977_0.png
2024-01-30 13:47:22,263 RAM memory 67.5 used for Invoice_977_0.png Generating All Pages:
2024-01-30 13:47:22,263 Processing time taken for all pages of Invoice_977_0.png1:0:00:01.940754
2024-01-30 13:47:22,429 file name is:Proforma_Invoice_338_2.png
2024-01-30 13:47:22,429 folder path :Images
2024-01-30 13:47:22,429 Calling Image result
2024-01-30 13:47:22,429 is all_page_result is instance of dict? True
2024-01-30 13:47:22,430 STREAM b'IHDR' 16 13
2024-01-30 13:47:22,430 STREAM b'sRGB' 41 1
2024-01-30 13:47:22,430 STREAM b'gAMA' 54 4
2024-01-30 13:47:22,430 STREAM b'pHYs' 70 9
2024-01-30 13:47:22,430 STREAM b'IDAT' 91 18708
2024-01-30 13:47:22,448 Checking spheric-time-383904-f1b421d86eef.json for explicit credentials as part of auth process...
2024-01-30 13:47:23,107 is words is instance of list? True
2024-01-30 13:47:23,108 is bboxes is instance of list? True
2024-01-30 13:47:23,108 is bounding_boxes is instance of list? True
2024-01-30 13:47:23,290 is input_id_chunks is instance of list? True
2024-01-30 13:47:23,290 is mask_chunks is instance of list? True
2024-01-30 13:47:23,290 is bbox_chunks is instance of list? True
2024-01-30 13:47:23,290 is image_chunks is instance of list? True
2024-01-30 13:47:23,290 is input_dict is instance of dict? True
2024-01-30 13:47:24,088 Model Called
2024-01-30 13:47:24,089 RAM memory 67.6 used for Proforma_Invoice_338_2.png:
2024-01-30 13:47:24,089 is all_predictions is instance of list? True
2024-01-30 13:47:24,089 is all_boxes is instance of list? True
2024-01-30 13:47:24,089 is all_confidences is instance of list? True
2024-01-30 13:47:24,089 is all_text is instance of list? True
2024-01-30 13:47:24,089 is label2id is instance of dict? True
2024-01-30 13:47:24,089 is id2label is instance of dict? True
2024-01-30 13:47:24,090 is label2color is instance of dict? True
2024-01-30 13:47:24,090 label2color : {'signature': '#A2E5CA', 'remitter_address': '#6B331B', 'O': '#1AB457', 'notify_party_country': '#1DA8E4', 'port_of_loading': '#8BB7C0', 'beneficiary_account_number': '#537A2A', 'consignee_address': '#B9B126', 'beneficiary_iban_number': '#3A1495', 'bill_of_lading_no': '#26C08B', 'pre-carriage-by': '#C91BD9', 'invoice_discount_amount': '#DFC801', 'beneficiary_address': '#47DEC7', 'rate_per_unit': '#0EE455', 'original_or_copy': '#A0B24F', 'hs_code_no': '#9C516E', 'bill_of_lading_date': '#8E24CC', 'declaration_by_issuer': '#F472FC', 'beneficiary_bank_identifier': '#EF2B6B', 'vessel_flight_no': '#9E74DB', 'goods_description': '#3A0910', 'incoterm': '#37747D', 'invoice_due_date': '#13B0DE', 'tenor_type': '#02E182', 'country_of_origin_of_goods': '#D3C7D0', 'invoice_no': '#E7901A', 'cosignee_name': '#2603D5', 'total_quantity_of_goods': '#766A13', 'consignor_address': '#03ED97', 'invoice_tax_ccy': '#9C7768', 'gross_weight': '#BF3407', 'notify_party_name': '#C081F9', 'dimension': '#5854B4', 'consignor_name': '#AF1B7B', 'indicator_type': '#DC0BA5', 'invoice_tax_amount': '#6A77DB', 'country_of_final_destination': '#585652', 'usance_tenor': '#753FD6', 'date_of_invoice': '#AAC178', 'invoice_currency': '#EE6956', 'invoice_amount_in_words': '#5DD3BF', 'awb_number': '#DD96CE', 'awb_date': '#C79272', 'lc_ref_no': '#ABDD9B', 'vessel_name': '#D555A2', 'net_weight': '#A3FC92', 'beneficiary_country': '#9BACA8', 'beneficiary_drawer_exporter_seller_supplier_tin': '#87F6CD', 'remitter_drawee_applicant_importer_buyer_name': '#2C6535', 'transaction_date': '#FA1C24', 'shipper_name': '#FE760C', 'indicator_date': '#E203AE', 'beneficiary_bank_country': '#D5AF9C', 'shipper_address': '#2190EA', 'signature_of_the_issuer': '#BFF3AF', 'tenor_indicator': '#4E8951', 'delivery_terms': '#8A1005', 'transaction_currency': '#499285', 'beneficiary_drawer_exporter_seller_supplier_name': '#6FD779', 'page_no': '#A3F955', 'consignor_country': '#A6ABD0', 'beneficiary_bank_name': '#39DFB8', 'lc_date': '#52A6F4', 'invoice_discount_ccy': '#D0C219', 'transaction_amonunt_value': '#AE3947', 'stamp': '#DFE6B4', 'notify_party_address': '#A9A036', 'invoice_amount': '#CEF116', 'port_of_discharge': '#0F168D'}
2024-01-30 13:47:24,215 is result_set is instance of dict? True
2024-01-30 13:47:24,215 is final_result_set is instance of dict? True
2024-01-30 13:47:24,219 Time taken for page 1 of Proforma_Invoice_338_2.png:0:00:01.789350
2024-01-30 13:47:24,343 *****Generated All Pages****** for Proforma_Invoice_338_2.png
2024-01-30 13:47:24,343 RAM memory 67.8 used for Proforma_Invoice_338_2.png Generating All Pages:
2024-01-30 13:47:24,343 Processing time taken for all pages of Proforma_Invoice_338_2.png1:0:00:01.913851
2024-01-30 13:47:24,492 file name is:Invoice_571_1.png
2024-01-30 13:47:24,492 folder path :Images
2024-01-30 13:47:24,492 Calling Image result
2024-01-30 13:47:24,492 is all_page_result is instance of dict? True
2024-01-30 13:47:24,493 STREAM b'IHDR' 16 13
2024-01-30 13:47:24,493 STREAM b'IDAT' 41 61102
2024-01-30 13:47:24,513 is words is instance of list? True
2024-01-30 13:47:24,513 is bboxes is instance of list? True
2024-01-30 13:47:24,513 is bounding_boxes is instance of list? True
2024-01-30 13:47:24,705 is input_id_chunks is instance of list? True
2024-01-30 13:47:24,705 is mask_chunks is instance of list? True
2024-01-30 13:47:24,705 is bbox_chunks is instance of list? True
2024-01-30 13:47:24,705 is image_chunks is instance of list? True
2024-01-30 13:47:24,706 is input_dict is instance of dict? True
2024-01-30 13:47:25,474 Model Called
2024-01-30 13:47:25,474 RAM memory 68.1 used for Invoice_571_1.png:
2024-01-30 13:47:25,475 is all_predictions is instance of list? True
2024-01-30 13:47:25,475 is all_boxes is instance of list? True
2024-01-30 13:47:25,475 is all_confidences is instance of list? True
2024-01-30 13:47:25,475 is all_text is instance of list? True
2024-01-30 13:47:25,475 is label2id is instance of dict? True
2024-01-30 13:47:25,475 is id2label is instance of dict? True
2024-01-30 13:47:25,476 is label2color is instance of dict? True
2024-01-30 13:47:25,476 label2color : {'signature': '#D52EAB', 'remitter_address': '#C03662', 'O': '#0D5C12', 'notify_party_country': '#A99A7D', 'port_of_loading': '#712793', 'beneficiary_account_number': '#8E3FCB', 'consignee_address': '#710D4A', 'beneficiary_iban_number': '#3D28C8', 'bill_of_lading_no': '#BFC0E2', 'pre-carriage-by': '#BC0ED5', 'invoice_discount_amount': '#E27FE7', 'beneficiary_address': '#70731C', 'rate_per_unit': '#DD11C7', 'original_or_copy': '#FD6B8A', 'hs_code_no': '#DD128C', 'bill_of_lading_date': '#22760C', 'declaration_by_issuer': '#9DDFC3', 'beneficiary_bank_identifier': '#27313C', 'vessel_flight_no': '#6B2D06', 'goods_description': '#3E76D9', 'incoterm': '#9B9DE5', 'invoice_due_date': '#DD949F', 'tenor_type': '#E29DBD', 'country_of_origin_of_goods': '#74DBE0', 'invoice_no': '#BAFBD5', 'cosignee_name': '#BD1170', 'total_quantity_of_goods': '#671100', 'consignor_address': '#987B62', 'invoice_tax_ccy': '#3A1D6C', 'gross_weight': '#014037', 'notify_party_name': '#3F4F28', 'dimension': '#99007A', 'consignor_name': '#F3FA3F', 'indicator_type': '#6D8A53', 'invoice_tax_amount': '#ED542A', 'country_of_final_destination': '#A9BE30', 'usance_tenor': '#627F5F', 'date_of_invoice': '#323D9D', 'invoice_currency': '#6F7C5D', 'invoice_amount_in_words': '#239C58', 'awb_number': '#E4AE3A', 'awb_date': '#4A0790', 'lc_ref_no': '#8F36A4', 'vessel_name': '#2490B1', 'net_weight': '#A2B059', 'beneficiary_country': '#C6BB2A', 'beneficiary_drawer_exporter_seller_supplier_tin': '#BB70B7', 'remitter_drawee_applicant_importer_buyer_name': '#B50A3E', 'transaction_date': '#E15436', 'shipper_name': '#418E5A', 'indicator_date': '#25B867', 'beneficiary_bank_country': '#84E663', 'shipper_address': '#492DCF', 'signature_of_the_issuer': '#977A72', 'tenor_indicator': '#5C7CFD', 'delivery_terms': '#03D7BE', 'transaction_currency': '#BF5C30', 'beneficiary_drawer_exporter_seller_supplier_name': '#1F20FF', 'page_no': '#C86351', 'consignor_country': '#66C42F', 'beneficiary_bank_name': '#4DAEAB', 'lc_date': '#7560BF', 'invoice_discount_ccy': '#AB58D4', 'transaction_amonunt_value': '#E77AE4', 'stamp': '#189106', 'notify_party_address': '#FFB40C', 'invoice_amount': '#37C21D', 'port_of_discharge': '#560A4A'}
2024-01-30 13:47:25,600 is result_set is instance of dict? True
2024-01-30 13:47:25,601 is final_result_set is instance of dict? True
2024-01-30 13:47:25,634 Time taken for page 1 of Invoice_571_1.png:0:00:01.140570
2024-01-30 13:47:25,790 *****Generated All Pages****** for Invoice_571_1.png
2024-01-30 13:47:25,790 RAM memory 68.4 used for Invoice_571_1.png Generating All Pages:
2024-01-30 13:47:25,790 Processing time taken for all pages of Invoice_571_1.png1:0:00:01.297395
2024-01-30 13:47:25,958 file name is:Invoice_610_1.png
2024-01-30 13:47:25,958 folder path :Images
2024-01-30 13:47:25,958 Calling Image result
2024-01-30 13:47:25,958 is all_page_result is instance of dict? True
2024-01-30 13:47:25,959 STREAM b'IHDR' 16 13
2024-01-30 13:47:25,959 STREAM b'IDAT' 41 32415
2024-01-30 13:47:25,979 is words is instance of list? True
2024-01-30 13:47:25,979 is bboxes is instance of list? True
2024-01-30 13:47:25,979 is bounding_boxes is instance of list? True
2024-01-30 13:47:26,196 is input_id_chunks is instance of list? True
2024-01-30 13:47:26,196 is mask_chunks is instance of list? True
2024-01-30 13:47:26,196 is bbox_chunks is instance of list? True
2024-01-30 13:47:26,196 is image_chunks is instance of list? True
2024-01-30 13:47:26,196 is input_dict is instance of dict? True
2024-01-30 13:47:27,023 Model Called
2024-01-30 13:47:27,024 RAM memory 66.2 used for Invoice_610_1.png:
2024-01-30 13:47:27,024 is all_predictions is instance of list? True
2024-01-30 13:47:27,024 is all_boxes is instance of list? True
2024-01-30 13:47:27,024 is all_confidences is instance of list? True
2024-01-30 13:47:27,024 is all_text is instance of list? True
2024-01-30 13:47:27,024 is label2id is instance of dict? True
2024-01-30 13:47:27,024 is id2label is instance of dict? True
2024-01-30 13:47:27,025 is label2color is instance of dict? True
2024-01-30 13:47:27,025 label2color : {'signature': '#39A185', 'remitter_address': '#129234', 'O': '#FB3D63', 'notify_party_country': '#BB3E98', 'port_of_loading': '#BD3ED9', 'beneficiary_account_number': '#2B5723', 'consignee_address': '#2ECE2A', 'beneficiary_iban_number': '#A7AB34', 'bill_of_lading_no': '#C351C8', 'pre-carriage-by': '#A3B2BA', 'invoice_discount_amount': '#B2989A', 'beneficiary_address': '#F07FFC', 'rate_per_unit': '#113416', 'original_or_copy': '#243A4D', 'hs_code_no': '#888223', 'bill_of_lading_date': '#7DEF85', 'declaration_by_issuer': '#2B0BDA', 'beneficiary_bank_identifier': '#534F6F', 'vessel_flight_no': '#E71BFB', 'goods_description': '#4F53CB', 'incoterm': '#47CA95', 'invoice_due_date': '#A3A74B', 'tenor_type': '#058091', 'country_of_origin_of_goods': '#3FF011', 'invoice_no': '#42CADE', 'cosignee_name': '#987063', 'total_quantity_of_goods': '#769DCF', 'consignor_address': '#DBE5B6', 'invoice_tax_ccy': '#947CEE', 'gross_weight': '#94E828', 'notify_party_name': '#1E42F4', 'dimension': '#BDB454', 'consignor_name': '#534DBF', 'indicator_type': '#EDCE76', 'invoice_tax_amount': '#FE8CF2', 'country_of_final_destination': '#ACF799', 'usance_tenor': '#FD8516', 'date_of_invoice': '#F2AF42', 'invoice_currency': '#F8C84A', 'invoice_amount_in_words': '#2BBFF7', 'awb_number': '#D89493', 'awb_date': '#B0D425', 'lc_ref_no': '#52EF6A', 'vessel_name': '#66F884', 'net_weight': '#D647ED', 'beneficiary_country': '#79A264', 'beneficiary_drawer_exporter_seller_supplier_tin': '#1903D2', 'remitter_drawee_applicant_importer_buyer_name': '#86B7FA', 'transaction_date': '#D7A229', 'shipper_name': '#D6967E', 'indicator_date': '#26D0AF', 'beneficiary_bank_country': '#037B27', 'shipper_address': '#6A204C', 'signature_of_the_issuer': '#8F6C15', 'tenor_indicator': '#3CADFE', 'delivery_terms': '#3E6594', 'transaction_currency': '#E68BDE', 'beneficiary_drawer_exporter_seller_supplier_name': '#15CE56', 'page_no': '#F4EE95', 'consignor_country': '#6F8E15', 'beneficiary_bank_name': '#619CA3', 'lc_date': '#EDDF74', 'invoice_discount_ccy': '#615350', 'transaction_amonunt_value': '#AEEBE6', 'stamp': '#CFB21B', 'notify_party_address': '#667E95', 'invoice_amount': '#2696D5', 'port_of_discharge': '#5F7946'}
2024-01-30 13:47:27,153 is result_set is instance of dict? True
2024-01-30 13:47:27,154 is final_result_set is instance of dict? True
2024-01-30 13:47:27,179 Time taken for page 1 of Invoice_610_1.png:0:00:01.219663
2024-01-30 13:47:27,293 *****Generated All Pages****** for Invoice_610_1.png
2024-01-30 13:47:27,293 RAM memory 66.4 used for Invoice_610_1.png Generating All Pages:
2024-01-30 13:47:27,293 Processing time taken for all pages of Invoice_610_1.png1:0:00:01.334854
2024-01-30 13:47:27,440 file name is:Invoice_412_0.png
2024-01-30 13:47:27,440 folder path :Images
2024-01-30 13:47:27,440 Calling Image result
2024-01-30 13:47:27,440 is all_page_result is instance of dict? True
2024-01-30 13:47:27,441 STREAM b'IHDR' 16 13
2024-01-30 13:47:27,441 STREAM b'IDAT' 41 25580
2024-01-30 13:47:27,545 is words is instance of list? True
2024-01-30 13:47:27,545 is bboxes is instance of list? True
2024-01-30 13:47:27,545 is bounding_boxes is instance of list? True
2024-01-30 13:47:27,719 is input_id_chunks is instance of list? True
2024-01-30 13:47:27,719 is mask_chunks is instance of list? True
2024-01-30 13:47:27,719 is bbox_chunks is instance of list? True
2024-01-30 13:47:27,719 is image_chunks is instance of list? True
2024-01-30 13:47:27,719 is input_dict is instance of dict? True
2024-01-30 13:47:28,471 Model Called
2024-01-30 13:47:28,472 RAM memory 67.1 used for Invoice_412_0.png:
2024-01-30 13:47:28,472 is all_predictions is instance of list? True
2024-01-30 13:47:28,472 is all_boxes is instance of list? True
2024-01-30 13:47:28,472 is all_confidences is instance of list? True
2024-01-30 13:47:28,472 is all_text is instance of list? True
2024-01-30 13:47:28,473 is label2id is instance of dict? True
2024-01-30 13:47:28,473 is id2label is instance of dict? True
2024-01-30 13:47:28,473 is label2color is instance of dict? True
2024-01-30 13:47:28,474 label2color : {'signature': '#9C2A15', 'remitter_address': '#714EE0', 'O': '#05731F', 'notify_party_country': '#FA8563', 'port_of_loading': '#C355B9', 'beneficiary_account_number': '#68A71F', 'consignee_address': '#552080', 'beneficiary_iban_number': '#876627', 'bill_of_lading_no': '#653CC7', 'pre-carriage-by': '#9F520A', 'invoice_discount_amount': '#1AEA4B', 'beneficiary_address': '#AA970F', 'rate_per_unit': '#ABFF83', 'original_or_copy': '#C23146', 'hs_code_no': '#328E13', 'bill_of_lading_date': '#3EDA7D', 'declaration_by_issuer': '#AA424C', 'beneficiary_bank_identifier': '#DD8168', 'vessel_flight_no': '#E997EB', 'goods_description': '#40BEC8', 'incoterm': '#C18411', 'invoice_due_date': '#1358BB', 'tenor_type': '#3EC108', 'country_of_origin_of_goods': '#7FFE45', 'invoice_no': '#C12BA4', 'cosignee_name': '#0E4BD1', 'total_quantity_of_goods': '#BD92FD', 'consignor_address': '#FB6D8B', 'invoice_tax_ccy': '#E9C072', 'gross_weight': '#4B053E', 'notify_party_name': '#AE0282', 'dimension': '#FE3EEE', 'consignor_name': '#581B6B', 'indicator_type': '#0DABEE', 'invoice_tax_amount': '#81B9AC', 'country_of_final_destination': '#C3DFB5', 'usance_tenor': '#1BDE2C', 'date_of_invoice': '#C2D304', 'invoice_currency': '#DC9342', 'invoice_amount_in_words': '#2D0411', 'awb_number': '#E5DCD0', 'awb_date': '#DF8F33', 'lc_ref_no': '#653AAD', 'vessel_name': '#E744B7', 'net_weight': '#514127', 'beneficiary_country': '#89270E', 'beneficiary_drawer_exporter_seller_supplier_tin': '#C07234', 'remitter_drawee_applicant_importer_buyer_name': '#A8BC30', 'transaction_date': '#57469E', 'shipper_name': '#5E52DA', 'indicator_date': '#277742', 'beneficiary_bank_country': '#14656E', 'shipper_address': '#8AF2EA', 'signature_of_the_issuer': '#C103F7', 'tenor_indicator': '#36D23C', 'delivery_terms': '#E4F2DB', 'transaction_currency': '#C40BA7', 'beneficiary_drawer_exporter_seller_supplier_name': '#A6B7A2', 'page_no': '#C57ECB', 'consignor_country': '#69F45A', 'beneficiary_bank_name': '#68C40D', 'lc_date': '#968A25', 'invoice_discount_ccy': '#23DA9F', 'transaction_amonunt_value': '#440562', 'stamp': '#05BE40', 'notify_party_address': '#FE8E2B', 'invoice_amount': '#4F7C40', 'port_of_discharge': '#179DFA'}
2024-01-30 13:47:28,635 is result_set is instance of dict? True
2024-01-30 13:47:28,636 is final_result_set is instance of dict? True
2024-01-30 13:47:28,659 Time taken for page 1 of Invoice_412_0.png:0:00:01.218171
2024-01-30 13:47:28,783 *****Generated All Pages****** for Invoice_412_0.png
2024-01-30 13:47:28,784 RAM memory 67.3 used for Invoice_412_0.png Generating All Pages:
2024-01-30 13:47:28,784 Processing time taken for all pages of Invoice_412_0.png1:0:00:01.343388
2024-01-30 13:47:28,931 file name is:Invoice_969_1.png
2024-01-30 13:47:28,931 folder path :Images
2024-01-30 13:47:28,931 Calling Image result
2024-01-30 13:47:28,931 is all_page_result is instance of dict? True
2024-01-30 13:47:28,932 STREAM b'IHDR' 16 13
2024-01-30 13:47:28,932 STREAM b'IDAT' 41 46639
2024-01-30 13:47:28,951 is words is instance of list? True
2024-01-30 13:47:28,952 is bboxes is instance of list? True
2024-01-30 13:47:28,952 is bounding_boxes is instance of list? True
2024-01-30 13:47:29,132 is input_id_chunks is instance of list? True
2024-01-30 13:47:29,133 is mask_chunks is instance of list? True
2024-01-30 13:47:29,133 is bbox_chunks is instance of list? True
2024-01-30 13:47:29,133 is image_chunks is instance of list? True
2024-01-30 13:47:29,133 is input_dict is instance of dict? True
2024-01-30 13:47:30,560 Model Called
2024-01-30 13:47:30,560 RAM memory 68.7 used for Invoice_969_1.png:
2024-01-30 13:47:30,560 is all_predictions is instance of list? True
2024-01-30 13:47:30,560 is all_boxes is instance of list? True
2024-01-30 13:47:30,560 is all_confidences is instance of list? True
2024-01-30 13:47:30,560 is all_text is instance of list? True
2024-01-30 13:47:30,560 is label2id is instance of dict? True
2024-01-30 13:47:30,560 is id2label is instance of dict? True
2024-01-30 13:47:30,561 is label2color is instance of dict? True
2024-01-30 13:47:30,561 label2color : {'signature': '#0E7A4F', 'remitter_address': '#D1B9E5', 'O': '#943C38', 'notify_party_country': '#7B111E', 'port_of_loading': '#E17554', 'beneficiary_account_number': '#08DA42', 'consignee_address': '#601892', 'beneficiary_iban_number': '#F4B96A', 'bill_of_lading_no': '#BD22E2', 'pre-carriage-by': '#64C265', 'invoice_discount_amount': '#FCEA88', 'beneficiary_address': '#3BB65D', 'rate_per_unit': '#32CA44', 'original_or_copy': '#A6669D', 'hs_code_no': '#56E067', 'bill_of_lading_date': '#94D743', 'declaration_by_issuer': '#D47FEB', 'beneficiary_bank_identifier': '#B0781A', 'vessel_flight_no': '#4C368B', 'goods_description': '#C6CFCE', 'incoterm': '#88E7CA', 'invoice_due_date': '#6EE7D5', 'tenor_type': '#3525ED', 'country_of_origin_of_goods': '#0FB6A1', 'invoice_no': '#438630', 'cosignee_name': '#475124', 'total_quantity_of_goods': '#072194', 'consignor_address': '#03945B', 'invoice_tax_ccy': '#82DC20', 'gross_weight': '#8C4613', 'notify_party_name': '#F34948', 'dimension': '#9B6859', 'consignor_name': '#FA36AE', 'indicator_type': '#FC2D53', 'invoice_tax_amount': '#93F20D', 'country_of_final_destination': '#104EFB', 'usance_tenor': '#C6ED1D', 'date_of_invoice': '#3AF3B4', 'invoice_currency': '#F43059', 'invoice_amount_in_words': '#83FD04', 'awb_number': '#281E5F', 'awb_date': '#D74C05', 'lc_ref_no': '#37DB32', 'vessel_name': '#4CFCAF', 'net_weight': '#EB78A9', 'beneficiary_country': '#463D67', 'beneficiary_drawer_exporter_seller_supplier_tin': '#59AE01', 'remitter_drawee_applicant_importer_buyer_name': '#4EB084', 'transaction_date': '#B2B481', 'shipper_name': '#62F6B7', 'indicator_date': '#08A657', 'beneficiary_bank_country': '#BA2671', 'shipper_address': '#67CD36', 'signature_of_the_issuer': '#995745', 'tenor_indicator': '#A36B56', 'delivery_terms': '#0D9B49', 'transaction_currency': '#EF77B5', 'beneficiary_drawer_exporter_seller_supplier_name': '#172B6E', 'page_no': '#D6ADD3', 'consignor_country': '#093D41', 'beneficiary_bank_name': '#4D5656', 'lc_date': '#24F256', 'invoice_discount_ccy': '#187F03', 'transaction_amonunt_value': '#5E6A07', 'stamp': '#6A7E60', 'notify_party_address': '#FA9EC2', 'invoice_amount': '#C61774', 'port_of_discharge': '#FC0BC4'}
2024-01-30 13:47:30,754 is result_set is instance of dict? True
2024-01-30 13:47:30,754 is final_result_set is instance of dict? True
2024-01-30 13:47:30,777 Time taken for page 1 of Invoice_969_1.png:0:00:01.844684
2024-01-30 13:47:30,903 *****Generated All Pages****** for Invoice_969_1.png
2024-01-30 13:47:30,903 RAM memory 68.9 used for Invoice_969_1.png Generating All Pages:
2024-01-30 13:47:30,904 Processing time taken for all pages of Invoice_969_1.png1:0:00:01.972448
2024-01-30 13:47:31,045 file name is:Invoice_849_1.png
2024-01-30 13:47:31,046 folder path :Images
2024-01-30 13:47:31,046 Calling Image result
2024-01-30 13:47:31,046 is all_page_result is instance of dict? True
2024-01-30 13:47:31,085 STREAM b'IHDR' 16 13
2024-01-30 13:47:31,085 STREAM b'IDAT' 41 65536
2024-01-30 13:47:31,106 Checking spheric-time-383904-f1b421d86eef.json for explicit credentials as part of auth process...
2024-01-30 13:47:33,272 is words is instance of list? True
2024-01-30 13:47:33,273 is bboxes is instance of list? True
2024-01-30 13:47:33,273 is bounding_boxes is instance of list? True
2024-01-30 13:47:33,453 is input_id_chunks is instance of list? True
2024-01-30 13:47:33,453 is mask_chunks is instance of list? True
2024-01-30 13:47:33,453 is bbox_chunks is instance of list? True
2024-01-30 13:47:33,453 is image_chunks is instance of list? True
2024-01-30 13:47:33,454 is input_dict is instance of dict? True
2024-01-30 13:47:35,712 Model Called
2024-01-30 13:47:35,712 RAM memory 75.2 used for Invoice_849_1.png:
2024-01-30 13:47:35,712 is all_predictions is instance of list? True
2024-01-30 13:47:35,712 is all_boxes is instance of list? True
2024-01-30 13:47:35,712 is all_confidences is instance of list? True
2024-01-30 13:47:35,712 is all_text is instance of list? True
2024-01-30 13:47:35,712 is label2id is instance of dict? True
2024-01-30 13:47:35,712 is id2label is instance of dict? True
2024-01-30 13:47:35,713 is label2color is instance of dict? True
2024-01-30 13:47:35,713 label2color : {'signature': '#794F10', 'remitter_address': '#37FE03', 'O': '#5087D2', 'notify_party_country': '#A58F80', 'port_of_loading': '#1243A2', 'beneficiary_account_number': '#757169', 'consignee_address': '#E6908D', 'beneficiary_iban_number': '#6B836A', 'bill_of_lading_no': '#E31BAA', 'pre-carriage-by': '#62631A', 'invoice_discount_amount': '#72811B', 'beneficiary_address': '#B30492', 'rate_per_unit': '#47F5ED', 'original_or_copy': '#710885', 'hs_code_no': '#52D2CD', 'bill_of_lading_date': '#9D973A', 'declaration_by_issuer': '#8354C2', 'beneficiary_bank_identifier': '#471D57', 'vessel_flight_no': '#4B3DC0', 'goods_description': '#204841', 'incoterm': '#560E8A', 'invoice_due_date': '#88D977', 'tenor_type': '#615CDC', 'country_of_origin_of_goods': '#195002', 'invoice_no': '#54068A', 'cosignee_name': '#A36C74', 'total_quantity_of_goods': '#088386', 'consignor_address': '#D0AF9E', 'invoice_tax_ccy': '#60598B', 'gross_weight': '#1C5424', 'notify_party_name': '#081D48', 'dimension': '#62CCD8', 'consignor_name': '#DDE208', 'indicator_type': '#AB758F', 'invoice_tax_amount': '#3B011C', 'country_of_final_destination': '#88748C', 'usance_tenor': '#A58FC3', 'date_of_invoice': '#26F4C3', 'invoice_currency': '#9DFCE5', 'invoice_amount_in_words': '#C18FB2', 'awb_number': '#07D2D1', 'awb_date': '#CF2FD8', 'lc_ref_no': '#58DF19', 'vessel_name': '#8BF4E5', 'net_weight': '#361DBB', 'beneficiary_country': '#1BF929', 'beneficiary_drawer_exporter_seller_supplier_tin': '#C121B2', 'remitter_drawee_applicant_importer_buyer_name': '#99EBC6', 'transaction_date': '#D7E9CD', 'shipper_name': '#169B99', 'indicator_date': '#23D1E7', 'beneficiary_bank_country': '#1AA1AB', 'shipper_address': '#F58294', 'signature_of_the_issuer': '#204FA1', 'tenor_indicator': '#DF4B34', 'delivery_terms': '#D6C1DB', 'transaction_currency': '#AB8CA7', 'beneficiary_drawer_exporter_seller_supplier_name': '#5C249E', 'page_no': '#0C44E2', 'consignor_country': '#EB5943', 'beneficiary_bank_name': '#38A302', 'lc_date': '#04036B', 'invoice_discount_ccy': '#81D622', 'transaction_amonunt_value': '#11A40C', 'stamp': '#FD0C1F', 'notify_party_address': '#FBDD84', 'invoice_amount': '#AD6BA9', 'port_of_discharge': '#EABFBD'}
2024-01-30 13:47:35,958 is result_set is instance of dict? True
2024-01-30 13:47:35,959 is final_result_set is instance of dict? True
2024-01-30 13:47:35,977 Time taken for page 1 of Invoice_849_1.png:0:00:04.891473
2024-01-30 13:47:36,124 *****Generated All Pages****** for Invoice_849_1.png
2024-01-30 13:47:36,124 RAM memory 75.4 used for Invoice_849_1.png Generating All Pages:
2024-01-30 13:47:36,124 Processing time taken for all pages of Invoice_849_1.png1:0:00:05.078304
2024-01-30 13:47:36,311 file name is:Invoice_969_9.png
2024-01-30 13:47:36,312 folder path :Images
2024-01-30 13:47:36,312 Calling Image result
2024-01-30 13:47:36,312 is all_page_result is instance of dict? True
2024-01-30 13:47:36,312 STREAM b'IHDR' 16 13
2024-01-30 13:47:36,312 STREAM b'IDAT' 41 45730
2024-01-30 13:47:36,332 is words is instance of list? True
2024-01-30 13:47:36,332 is bboxes is instance of list? True
2024-01-30 13:47:36,332 is bounding_boxes is instance of list? True
2024-01-30 13:47:36,542 is input_id_chunks is instance of list? True
2024-01-30 13:47:36,542 is mask_chunks is instance of list? True
2024-01-30 13:47:36,542 is bbox_chunks is instance of list? True
2024-01-30 13:47:36,542 is image_chunks is instance of list? True
2024-01-30 13:47:36,543 is input_dict is instance of dict? True
2024-01-30 13:47:37,993 Model Called
2024-01-30 13:47:37,993 RAM memory 67.2 used for Invoice_969_9.png:
2024-01-30 13:47:37,993 is all_predictions is instance of list? True
2024-01-30 13:47:37,993 is all_boxes is instance of list? True
2024-01-30 13:47:37,993 is all_confidences is instance of list? True
2024-01-30 13:47:37,993 is all_text is instance of list? True
2024-01-30 13:47:37,994 is label2id is instance of dict? True
2024-01-30 13:47:37,994 is id2label is instance of dict? True
2024-01-30 13:47:37,994 is label2color is instance of dict? True
2024-01-30 13:47:37,995 label2color : {'signature': '#C59E11', 'remitter_address': '#074031', 'O': '#A08B99', 'notify_party_country': '#229EC8', 'port_of_loading': '#F4DA17', 'beneficiary_account_number': '#660D82', 'consignee_address': '#E2DB5D', 'beneficiary_iban_number': '#C9BF50', 'bill_of_lading_no': '#CCC530', 'pre-carriage-by': '#A63C5E', 'invoice_discount_amount': '#4C7716', 'beneficiary_address': '#70D0C0', 'rate_per_unit': '#64F687', 'original_or_copy': '#CE7ABE', 'hs_code_no': '#09C83C', 'bill_of_lading_date': '#EA3032', 'declaration_by_issuer': '#B9F1EE', 'beneficiary_bank_identifier': '#658135', 'vessel_flight_no': '#183B0D', 'goods_description': '#DBD4DC', 'incoterm': '#96A53B', 'invoice_due_date': '#E48E02', 'tenor_type': '#2F1714', 'country_of_origin_of_goods': '#75894A', 'invoice_no': '#42F07F', 'cosignee_name': '#207D72', 'total_quantity_of_goods': '#99AF19', 'consignor_address': '#8CAD77', 'invoice_tax_ccy': '#629548', 'gross_weight': '#B387DD', 'notify_party_name': '#0688DF', 'dimension': '#181839', 'consignor_name': '#5AEA72', 'indicator_type': '#4ED979', 'invoice_tax_amount': '#A4612D', 'country_of_final_destination': '#B73EED', 'usance_tenor': '#83D52D', 'date_of_invoice': '#7579FC', 'invoice_currency': '#71E8D1', 'invoice_amount_in_words': '#884209', 'awb_number': '#A1605F', 'awb_date': '#D0FF2E', 'lc_ref_no': '#54F9E2', 'vessel_name': '#7B3438', 'net_weight': '#33B6C0', 'beneficiary_country': '#CB0799', 'beneficiary_drawer_exporter_seller_supplier_tin': '#E95B24', 'remitter_drawee_applicant_importer_buyer_name': '#61AD02', 'transaction_date': '#78CFBA', 'shipper_name': '#4B436A', 'indicator_date': '#7E6D19', 'beneficiary_bank_country': '#3D11CF', 'shipper_address': '#280FA8', 'signature_of_the_issuer': '#632378', 'tenor_indicator': '#F6E3F5', 'delivery_terms': '#C74C3D', 'transaction_currency': '#A88DB4', 'beneficiary_drawer_exporter_seller_supplier_name': '#B8FB64', 'page_no': '#AFF267', 'consignor_country': '#31B093', 'beneficiary_bank_name': '#A4BC76', 'lc_date': '#27113F', 'invoice_discount_ccy': '#CB1C4C', 'transaction_amonunt_value': '#62BB1A', 'stamp': '#A20F35', 'notify_party_address': '#8EF21E', 'invoice_amount': '#0AF87B', 'port_of_discharge': '#36D66B'}
2024-01-30 13:47:38,182 is result_set is instance of dict? True
2024-01-30 13:47:38,183 is final_result_set is instance of dict? True
2024-01-30 13:47:38,204 Time taken for page 1 of Invoice_969_9.png:0:00:01.891635
2024-01-30 13:47:38,331 *****Generated All Pages****** for Invoice_969_9.png
2024-01-30 13:47:38,331 RAM memory 67.4 used for Invoice_969_9.png Generating All Pages:
2024-01-30 13:47:38,331 Processing time taken for all pages of Invoice_969_9.png1:0:00:02.019415
2024-01-30 13:47:38,479 file name is:Invoice_981_21.png
2024-01-30 13:47:38,479 folder path :Images
2024-01-30 13:47:38,479 Calling Image result
2024-01-30 13:47:38,479 is all_page_result is instance of dict? True
2024-01-30 13:47:38,485 STREAM b'IHDR' 16 13
2024-01-30 13:47:38,485 STREAM b'IDAT' 41 53463
2024-01-30 13:47:38,515 is words is instance of list? True
2024-01-30 13:47:38,515 is bboxes is instance of list? True
2024-01-30 13:47:38,515 is bounding_boxes is instance of list? True
2024-01-30 13:47:38,695 is input_id_chunks is instance of list? True
2024-01-30 13:47:38,695 is mask_chunks is instance of list? True
2024-01-30 13:47:38,695 is bbox_chunks is instance of list? True
2024-01-30 13:47:38,695 is image_chunks is instance of list? True
2024-01-30 13:47:38,695 is input_dict is instance of dict? True
2024-01-30 13:47:40,162 Model Called
2024-01-30 13:47:40,162 RAM memory 68.9 used for Invoice_981_21.png:
2024-01-30 13:47:40,163 is all_predictions is instance of list? True
2024-01-30 13:47:40,163 is all_boxes is instance of list? True
2024-01-30 13:47:40,163 is all_confidences is instance of list? True
2024-01-30 13:47:40,163 is all_text is instance of list? True
2024-01-30 13:47:40,163 is label2id is instance of dict? True
2024-01-30 13:47:40,163 is id2label is instance of dict? True
2024-01-30 13:47:40,164 is label2color is instance of dict? True
2024-01-30 13:47:40,164 label2color : {'signature': '#C74C8A', 'remitter_address': '#198F0D', 'O': '#6A1F8B', 'notify_party_country': '#6E0BE1', 'port_of_loading': '#4D56C6', 'beneficiary_account_number': '#D52EFE', 'consignee_address': '#762A02', 'beneficiary_iban_number': '#53CEEE', 'bill_of_lading_no': '#7DBC30', 'pre-carriage-by': '#5DDE20', 'invoice_discount_amount': '#353599', 'beneficiary_address': '#276AC8', 'rate_per_unit': '#F7F487', 'original_or_copy': '#3924FC', 'hs_code_no': '#26B609', 'bill_of_lading_date': '#3767AC', 'declaration_by_issuer': '#3C74F2', 'beneficiary_bank_identifier': '#805180', 'vessel_flight_no': '#BFA70E', 'goods_description': '#DCF2E9', 'incoterm': '#7AFDA2', 'invoice_due_date': '#C16565', 'tenor_type': '#AB37A2', 'country_of_origin_of_goods': '#0A41FF', 'invoice_no': '#591369', 'cosignee_name': '#4C4CA4', 'total_quantity_of_goods': '#1C7673', 'consignor_address': '#55C378', 'invoice_tax_ccy': '#035844', 'gross_weight': '#B50D78', 'notify_party_name': '#CFA6F7', 'dimension': '#9A5F62', 'consignor_name': '#40AFCA', 'indicator_type': '#323317', 'invoice_tax_amount': '#6B2583', 'country_of_final_destination': '#889774', 'usance_tenor': '#E85E15', 'date_of_invoice': '#379DF6', 'invoice_currency': '#A059B1', 'invoice_amount_in_words': '#5E4BD2', 'awb_number': '#3FDA88', 'awb_date': '#249628', 'lc_ref_no': '#613EA8', 'vessel_name': '#F7BC75', 'net_weight': '#326DD1', 'beneficiary_country': '#D4C77F', 'beneficiary_drawer_exporter_seller_supplier_tin': '#E9CA21', 'remitter_drawee_applicant_importer_buyer_name': '#45592F', 'transaction_date': '#F39B32', 'shipper_name': '#F1DBE1', 'indicator_date': '#8C0889', 'beneficiary_bank_country': '#43A98F', 'shipper_address': '#D6DD16', 'signature_of_the_issuer': '#E289A1', 'tenor_indicator': '#99E3DA', 'delivery_terms': '#9EC1FE', 'transaction_currency': '#674836', 'beneficiary_drawer_exporter_seller_supplier_name': '#DDB2DE', 'page_no': '#BFAD69', 'consignor_country': '#C304BC', 'beneficiary_bank_name': '#347621', 'lc_date': '#F13623', 'invoice_discount_ccy': '#287433', 'transaction_amonunt_value': '#9BFA8B', 'stamp': '#8E8B8F', 'notify_party_address': '#D6E4BD', 'invoice_amount': '#BB3C0C', 'port_of_discharge': '#525797'}
2024-01-30 13:47:40,352 is result_set is instance of dict? True
2024-01-30 13:47:40,353 is final_result_set is instance of dict? True
2024-01-30 13:47:40,385 Time taken for page 1 of Invoice_981_21.png:0:00:01.899775
2024-01-30 13:47:40,517 *****Generated All Pages****** for Invoice_981_21.png
2024-01-30 13:47:40,518 RAM memory 69.2 used for Invoice_981_21.png Generating All Pages:
2024-01-30 13:47:40,518 Processing time taken for all pages of Invoice_981_21.png1:0:00:02.038821
2024-01-30 13:47:40,673 file name is:Invoice_993_0.png
2024-01-30 13:47:40,673 folder path :Images
2024-01-30 13:47:40,673 Calling Image result
2024-01-30 13:47:40,673 is all_page_result is instance of dict? True
2024-01-30 13:47:40,674 STREAM b'IHDR' 16 13
2024-01-30 13:47:40,674 STREAM b'IDAT' 41 26460
2024-01-30 13:47:40,682 is words is instance of list? True
2024-01-30 13:47:40,682 is bboxes is instance of list? True
2024-01-30 13:47:40,682 is bounding_boxes is instance of list? True
2024-01-30 13:47:40,746 is input_id_chunks is instance of list? True
2024-01-30 13:47:40,746 is mask_chunks is instance of list? True
2024-01-30 13:47:40,746 is bbox_chunks is instance of list? True
2024-01-30 13:47:40,747 is image_chunks is instance of list? True
2024-01-30 13:47:40,747 is input_dict is instance of dict? True
2024-01-30 13:47:42,354 Model Called
2024-01-30 13:47:42,355 RAM memory 69.9 used for Invoice_993_0.png:
2024-01-30 13:47:42,355 is all_predictions is instance of list? True
2024-01-30 13:47:42,355 is all_boxes is instance of list? True
2024-01-30 13:47:42,355 is all_confidences is instance of list? True
2024-01-30 13:47:42,355 is all_text is instance of list? True
2024-01-30 13:47:42,355 is label2id is instance of dict? True
2024-01-30 13:47:42,355 is id2label is instance of dict? True
2024-01-30 13:47:42,356 is label2color is instance of dict? True
2024-01-30 13:47:42,356 label2color : {'signature': '#048094', 'remitter_address': '#90CC37', 'O': '#12E1C3', 'notify_party_country': '#A0F50C', 'port_of_loading': '#DABE87', 'beneficiary_account_number': '#25A9A1', 'consignee_address': '#D56981', 'beneficiary_iban_number': '#5A8205', 'bill_of_lading_no': '#8B034F', 'pre-carriage-by': '#D8D467', 'invoice_discount_amount': '#AA9236', 'beneficiary_address': '#558DDB', 'rate_per_unit': '#BDF4F4', 'original_or_copy': '#982BAE', 'hs_code_no': '#5DA24B', 'bill_of_lading_date': '#22C05F', 'declaration_by_issuer': '#5EDCA5', 'beneficiary_bank_identifier': '#6F6A0D', 'vessel_flight_no': '#B25456', 'goods_description': '#383263', 'incoterm': '#9A5D0C', 'invoice_due_date': '#8D9AE6', 'tenor_type': '#23C89C', 'country_of_origin_of_goods': '#885040', 'invoice_no': '#75A6B8', 'cosignee_name': '#94F53E', 'total_quantity_of_goods': '#FD9665', 'consignor_address': '#6DA75D', 'invoice_tax_ccy': '#F892BC', 'gross_weight': '#DA1806', 'notify_party_name': '#24D55B', 'dimension': '#6F3AB3', 'consignor_name': '#D7BE1F', 'indicator_type': '#AC947A', 'invoice_tax_amount': '#16356A', 'country_of_final_destination': '#8354DE', 'usance_tenor': '#E02DC1', 'date_of_invoice': '#47799A', 'invoice_currency': '#403742', 'invoice_amount_in_words': '#883734', 'awb_number': '#90B436', 'awb_date': '#F054C0', 'lc_ref_no': '#E7F625', 'vessel_name': '#64B4AC', 'net_weight': '#88ED53', 'beneficiary_country': '#6FEF16', 'beneficiary_drawer_exporter_seller_supplier_tin': '#A2EA48', 'remitter_drawee_applicant_importer_buyer_name': '#D82FCD', 'transaction_date': '#32594E', 'shipper_name': '#D2BE54', 'indicator_date': '#EF7E05', 'beneficiary_bank_country': '#A29810', 'shipper_address': '#8AF6AD', 'signature_of_the_issuer': '#5F9A75', 'tenor_indicator': '#B38E88', 'delivery_terms': '#0FF373', 'transaction_currency': '#D0D48C', 'beneficiary_drawer_exporter_seller_supplier_name': '#D251E2', 'page_no': '#F08DDF', 'consignor_country': '#4C6E3E', 'beneficiary_bank_name': '#3E3EB8', 'lc_date': '#98A327', 'invoice_discount_ccy': '#6997CE', 'transaction_amonunt_value': '#16BD34', 'stamp': '#407DD8', 'notify_party_address': '#CDFCB8', 'invoice_amount': '#ADF286', 'port_of_discharge': '#CCE33D'}
2024-01-30 13:47:42,438 is result_set is instance of dict? True
2024-01-30 13:47:42,439 is final_result_set is instance of dict? True
2024-01-30 13:47:42,465 Time taken for page 1 of Invoice_993_0.png:0:00:01.791111
2024-01-30 13:47:42,519 *****Generated All Pages****** for Invoice_993_0.png
2024-01-30 13:47:42,519 RAM memory 70.0 used for Invoice_993_0.png Generating All Pages:
2024-01-30 13:47:42,519 Processing time taken for all pages of Invoice_993_0.png1:0:00:01.845930
2024-01-30 13:47:42,709 file name is:Invoice_919_4.png
2024-01-30 13:47:42,709 folder path :Images
2024-01-30 13:47:42,709 Calling Image result
2024-01-30 13:47:42,709 is all_page_result is instance of dict? True
2024-01-30 13:47:42,796 STREAM b'IHDR' 16 13
2024-01-30 13:47:42,797 STREAM b'IDAT' 41 65536
2024-01-30 13:47:42,827 is words is instance of list? True
2024-01-30 13:47:42,827 is bboxes is instance of list? True
2024-01-30 13:47:42,827 is bounding_boxes is instance of list? True
2024-01-30 13:47:43,017 is input_id_chunks is instance of list? True
2024-01-30 13:47:43,017 is mask_chunks is instance of list? True
2024-01-30 13:47:43,017 is bbox_chunks is instance of list? True
2024-01-30 13:47:43,017 is image_chunks is instance of list? True
2024-01-30 13:47:43,018 is input_dict is instance of dict? True
2024-01-30 13:47:43,816 Model Called
2024-01-30 13:47:43,817 RAM memory 67.2 used for Invoice_919_4.png:
2024-01-30 13:47:43,817 is all_predictions is instance of list? True
2024-01-30 13:47:43,817 is all_boxes is instance of list? True
2024-01-30 13:47:43,817 is all_confidences is instance of list? True
2024-01-30 13:47:43,817 is all_text is instance of list? True
2024-01-30 13:47:43,817 is label2id is instance of dict? True
2024-01-30 13:47:43,817 is id2label is instance of dict? True
2024-01-30 13:47:43,818 is label2color is instance of dict? True
2024-01-30 13:47:43,818 label2color : {'signature': '#4B17D0', 'remitter_address': '#25E274', 'O': '#632CD5', 'notify_party_country': '#E6C444', 'port_of_loading': '#D8F5B3', 'beneficiary_account_number': '#2D5838', 'consignee_address': '#25A3DB', 'beneficiary_iban_number': '#21A143', 'bill_of_lading_no': '#537287', 'pre-carriage-by': '#34ED28', 'invoice_discount_amount': '#3A9959', 'beneficiary_address': '#03EED4', 'rate_per_unit': '#FA5E9F', 'original_or_copy': '#A77B4E', 'hs_code_no': '#AABE53', 'bill_of_lading_date': '#456BC1', 'declaration_by_issuer': '#DF7C9D', 'beneficiary_bank_identifier': '#62B325', 'vessel_flight_no': '#65B013', 'goods_description': '#54EF50', 'incoterm': '#8E69F5', 'invoice_due_date': '#9D6F67', 'tenor_type': '#9B746E', 'country_of_origin_of_goods': '#E8A148', 'invoice_no': '#D76DFC', 'cosignee_name': '#CFDB66', 'total_quantity_of_goods': '#7B05B7', 'consignor_address': '#20D524', 'invoice_tax_ccy': '#F11319', 'gross_weight': '#0EBE74', 'notify_party_name': '#54F3BF', 'dimension': '#6C7C87', 'consignor_name': '#616ECD', 'indicator_type': '#ED738C', 'invoice_tax_amount': '#259E26', 'country_of_final_destination': '#879B04', 'usance_tenor': '#742981', 'date_of_invoice': '#8339B0', 'invoice_currency': '#781987', 'invoice_amount_in_words': '#65E766', 'awb_number': '#71B71D', 'awb_date': '#9440BD', 'lc_ref_no': '#6E912F', 'vessel_name': '#8F4140', 'net_weight': '#04B520', 'beneficiary_country': '#3B19C4', 'beneficiary_drawer_exporter_seller_supplier_tin': '#B129FC', 'remitter_drawee_applicant_importer_buyer_name': '#A73F04', 'transaction_date': '#AB9831', 'shipper_name': '#53129F', 'indicator_date': '#1A673F', 'beneficiary_bank_country': '#804294', 'shipper_address': '#9BEAE2', 'signature_of_the_issuer': '#A331CC', 'tenor_indicator': '#BD6831', 'delivery_terms': '#9634C4', 'transaction_currency': '#1EC8FD', 'beneficiary_drawer_exporter_seller_supplier_name': '#82B4A7', 'page_no': '#78E082', 'consignor_country': '#4324CC', 'beneficiary_bank_name': '#D80625', 'lc_date': '#DCB77B', 'invoice_discount_ccy': '#19BD01', 'transaction_amonunt_value': '#A47F56', 'stamp': '#58438D', 'notify_party_address': '#0C0E54', 'invoice_amount': '#F92E36', 'port_of_discharge': '#B8E79F'}
2024-01-30 13:47:43,939 is result_set is instance of dict? True
2024-01-30 13:47:43,940 is final_result_set is instance of dict? True
2024-01-30 13:47:43,973 Time taken for page 1 of Invoice_919_4.png:0:00:01.176536
2024-01-30 13:47:44,129 *****Generated All Pages****** for Invoice_919_4.png
2024-01-30 13:47:44,129 RAM memory 67.5 used for Invoice_919_4.png Generating All Pages:
2024-01-30 13:47:44,129 Processing time taken for all pages of Invoice_919_4.png1:0:00:01.419716
2024-01-30 13:47:44,283 file name is:Invoice_952_7.png
2024-01-30 13:47:44,284 folder path :Images
2024-01-30 13:47:44,284 Calling Image result
2024-01-30 13:47:44,284 is all_page_result is instance of dict? True
2024-01-30 13:47:44,284 STREAM b'IHDR' 16 13
2024-01-30 13:47:44,284 STREAM b'IDAT' 41 39797
2024-01-30 13:47:44,303 is words is instance of list? True
2024-01-30 13:47:44,303 is bboxes is instance of list? True
2024-01-30 13:47:44,303 is bounding_boxes is instance of list? True
2024-01-30 13:47:44,481 is input_id_chunks is instance of list? True
2024-01-30 13:47:44,481 is mask_chunks is instance of list? True
2024-01-30 13:47:44,481 is bbox_chunks is instance of list? True
2024-01-30 13:47:44,481 is image_chunks is instance of list? True
2024-01-30 13:47:44,482 is input_dict is instance of dict? True
2024-01-30 13:47:45,223 Model Called
2024-01-30 13:47:45,223 RAM memory 67.1 used for Invoice_952_7.png:
2024-01-30 13:47:45,224 is all_predictions is instance of list? True
2024-01-30 13:47:45,224 is all_boxes is instance of list? True
2024-01-30 13:47:45,224 is all_confidences is instance of list? True
2024-01-30 13:47:45,224 is all_text is instance of list? True
2024-01-30 13:47:45,224 is label2id is instance of dict? True
2024-01-30 13:47:45,224 is id2label is instance of dict? True
2024-01-30 13:47:45,225 is label2color is instance of dict? True
2024-01-30 13:47:45,225 label2color : {'signature': '#495EF7', 'remitter_address': '#566721', 'O': '#665DCB', 'notify_party_country': '#6B8B6F', 'port_of_loading': '#EAF01F', 'beneficiary_account_number': '#C766F2', 'consignee_address': '#5771F5', 'beneficiary_iban_number': '#28F6B2', 'bill_of_lading_no': '#21DEE1', 'pre-carriage-by': '#204DC0', 'invoice_discount_amount': '#FFBFC7', 'beneficiary_address': '#79ED32', 'rate_per_unit': '#AF50F8', 'original_or_copy': '#761B50', 'hs_code_no': '#4D6FC6', 'bill_of_lading_date': '#54A4B9', 'declaration_by_issuer': '#35A3AF', 'beneficiary_bank_identifier': '#5331DD', 'vessel_flight_no': '#D16EC4', 'goods_description': '#595760', 'incoterm': '#5207B5', 'invoice_due_date': '#E6A722', 'tenor_type': '#E425D8', 'country_of_origin_of_goods': '#1DF156', 'invoice_no': '#AAD7B5', 'cosignee_name': '#9CEA44', 'total_quantity_of_goods': '#67E7D1', 'consignor_address': '#C88525', 'invoice_tax_ccy': '#C0D62C', 'gross_weight': '#357307', 'notify_party_name': '#10CB76', 'dimension': '#4AD8D6', 'consignor_name': '#7F1FF8', 'indicator_type': '#99CC07', 'invoice_tax_amount': '#050ADE', 'country_of_final_destination': '#9B7AFC', 'usance_tenor': '#3D9A59', 'date_of_invoice': '#B5B2D9', 'invoice_currency': '#4330C7', 'invoice_amount_in_words': '#BBFAF8', 'awb_number': '#96919A', 'awb_date': '#51CCF3', 'lc_ref_no': '#095FE6', 'vessel_name': '#D46B58', 'net_weight': '#3BC889', 'beneficiary_country': '#D06F53', 'beneficiary_drawer_exporter_seller_supplier_tin': '#AAFDE3', 'remitter_drawee_applicant_importer_buyer_name': '#D9927E', 'transaction_date': '#B4B5A6', 'shipper_name': '#02A9B0', 'indicator_date': '#A37E7D', 'beneficiary_bank_country': '#F6BC16', 'shipper_address': '#3ADA69', 'signature_of_the_issuer': '#727F3B', 'tenor_indicator': '#548019', 'delivery_terms': '#EF154D', 'transaction_currency': '#77A39F', 'beneficiary_drawer_exporter_seller_supplier_name': '#025BEE', 'page_no': '#361458', 'consignor_country': '#FF93C2', 'beneficiary_bank_name': '#2C0A60', 'lc_date': '#D74B88', 'invoice_discount_ccy': '#CFE9D7', 'transaction_amonunt_value': '#A7857C', 'stamp': '#F9AC97', 'notify_party_address': '#DF3210', 'invoice_amount': '#2E4EFC', 'port_of_discharge': '#43D7FB'}
2024-01-30 13:47:45,355 is result_set is instance of dict? True
2024-01-30 13:47:45,356 is final_result_set is instance of dict? True
2024-01-30 13:47:45,388 Time taken for page 1 of Invoice_952_7.png:0:00:01.103561
2024-01-30 13:47:45,512 *****Generated All Pages****** for Invoice_952_7.png
2024-01-30 13:47:45,512 RAM memory 67.3 used for Invoice_952_7.png Generating All Pages:
2024-01-30 13:47:45,512 Processing time taken for all pages of Invoice_952_7.png1:0:00:01.228723
2024-01-30 13:47:45,660 file name is:Proforma_Invoice_971_0.png
2024-01-30 13:47:45,660 folder path :Images
2024-01-30 13:47:45,661 Calling Image result
2024-01-30 13:47:45,661 is all_page_result is instance of dict? True
2024-01-30 13:47:45,661 STREAM b'IHDR' 16 13
2024-01-30 13:47:45,661 STREAM b'IDAT' 41 17983
2024-01-30 13:47:45,759 is words is instance of list? True
2024-01-30 13:47:45,759 is bboxes is instance of list? True
2024-01-30 13:47:45,759 is bounding_boxes is instance of list? True
2024-01-30 13:47:45,824 is input_id_chunks is instance of list? True
2024-01-30 13:47:45,824 is mask_chunks is instance of list? True
2024-01-30 13:47:45,824 is bbox_chunks is instance of list? True
2024-01-30 13:47:45,824 is image_chunks is instance of list? True
2024-01-30 13:47:45,824 is input_dict is instance of dict? True
2024-01-30 13:47:46,636 Model Called
2024-01-30 13:47:46,637 RAM memory 67.8 used for Proforma_Invoice_971_0.png:
2024-01-30 13:47:46,637 is all_predictions is instance of list? True
2024-01-30 13:47:46,637 is all_boxes is instance of list? True
2024-01-30 13:47:46,637 is all_confidences is instance of list? True
2024-01-30 13:47:46,637 is all_text is instance of list? True
2024-01-30 13:47:46,638 is label2id is instance of dict? True
2024-01-30 13:47:46,638 is id2label is instance of dict? True
2024-01-30 13:47:46,639 is label2color is instance of dict? True
2024-01-30 13:47:46,639 label2color : {'signature': '#2A390F', 'remitter_address': '#F14F5D', 'O': '#9E919C', 'notify_party_country': '#E5C6D0', 'port_of_loading': '#0F8750', 'beneficiary_account_number': '#7180FE', 'consignee_address': '#D86BF9', 'beneficiary_iban_number': '#B437CE', 'bill_of_lading_no': '#AD61EB', 'pre-carriage-by': '#66FF76', 'invoice_discount_amount': '#A15BF9', 'beneficiary_address': '#EE61FB', 'rate_per_unit': '#BB166B', 'original_or_copy': '#1726D9', 'hs_code_no': '#6564EF', 'bill_of_lading_date': '#10B0B0', 'declaration_by_issuer': '#CE4E09', 'beneficiary_bank_identifier': '#41020E', 'vessel_flight_no': '#8499BE', 'goods_description': '#D36EEC', 'incoterm': '#9DD6F2', 'invoice_due_date': '#549D9E', 'tenor_type': '#1CF55D', 'country_of_origin_of_goods': '#C56201', 'invoice_no': '#3EA71B', 'cosignee_name': '#5C125B', 'total_quantity_of_goods': '#C46971', 'consignor_address': '#E0DFAB', 'invoice_tax_ccy': '#8BB979', 'gross_weight': '#60CB96', 'notify_party_name': '#842E66', 'dimension': '#DEBED8', 'consignor_name': '#54786C', 'indicator_type': '#3F9E41', 'invoice_tax_amount': '#03C5BF', 'country_of_final_destination': '#E287CA', 'usance_tenor': '#49D7EA', 'date_of_invoice': '#02A031', 'invoice_currency': '#4520F3', 'invoice_amount_in_words': '#6DA2BF', 'awb_number': '#267633', 'awb_date': '#756E0F', 'lc_ref_no': '#5B143C', 'vessel_name': '#E798EC', 'net_weight': '#D08FE7', 'beneficiary_country': '#52DACF', 'beneficiary_drawer_exporter_seller_supplier_tin': '#43DAD0', 'remitter_drawee_applicant_importer_buyer_name': '#BA9789', 'transaction_date': '#E9D581', 'shipper_name': '#CCBBC6', 'indicator_date': '#258506', 'beneficiary_bank_country': '#78F38D', 'shipper_address': '#0FF2EC', 'signature_of_the_issuer': '#96F981', 'tenor_indicator': '#4D9D34', 'delivery_terms': '#C1E854', 'transaction_currency': '#3C7D00', 'beneficiary_drawer_exporter_seller_supplier_name': '#85C651', 'page_no': '#67F621', 'consignor_country': '#425F4C', 'beneficiary_bank_name': '#B56DB2', 'lc_date': '#6A5EB6', 'invoice_discount_ccy': '#BFDC03', 'transaction_amonunt_value': '#CDB524', 'stamp': '#33413C', 'notify_party_address': '#355FFE', 'invoice_amount': '#362148', 'port_of_discharge': '#442C1F'}
2024-01-30 13:47:46,688 is result_set is instance of dict? True
2024-01-30 13:47:46,689 is final_result_set is instance of dict? True
2024-01-30 13:47:46,708 Time taken for page 1 of Proforma_Invoice_971_0.png:0:00:01.046878
2024-01-30 13:47:46,755 *****Generated All Pages****** for Proforma_Invoice_971_0.png
2024-01-30 13:47:46,756 RAM memory 67.9 used for Proforma_Invoice_971_0.png Generating All Pages:
2024-01-30 13:47:46,756 Processing time taken for all pages of Proforma_Invoice_971_0.png1:0:00:01.094944
2024-01-30 13:47:46,934 file name is:Invoice_978_0.png
2024-01-30 13:47:46,935 folder path :Images
2024-01-30 13:47:46,935 Calling Image result
2024-01-30 13:47:46,935 is all_page_result is instance of dict? True
2024-01-30 13:47:46,935 STREAM b'IHDR' 16 13
2024-01-30 13:47:46,935 STREAM b'IDAT' 41 27439
2024-01-30 13:47:46,948 is words is instance of list? True
2024-01-30 13:47:46,948 is bboxes is instance of list? True
2024-01-30 13:47:46,948 is bounding_boxes is instance of list? True
2024-01-30 13:47:47,073 is input_id_chunks is instance of list? True
2024-01-30 13:47:47,073 is mask_chunks is instance of list? True
2024-01-30 13:47:47,073 is bbox_chunks is instance of list? True
2024-01-30 13:47:47,073 is image_chunks is instance of list? True
2024-01-30 13:47:47,073 is input_dict is instance of dict? True
2024-01-30 13:47:47,846 Model Called
2024-01-30 13:47:47,846 RAM memory 68.3 used for Invoice_978_0.png:
2024-01-30 13:47:47,846 is all_predictions is instance of list? True
2024-01-30 13:47:47,846 is all_boxes is instance of list? True
2024-01-30 13:47:47,846 is all_confidences is instance of list? True
2024-01-30 13:47:47,846 is all_text is instance of list? True
2024-01-30 13:47:47,847 is label2id is instance of dict? True
2024-01-30 13:47:47,847 is id2label is instance of dict? True
2024-01-30 13:47:47,848 is label2color is instance of dict? True
2024-01-30 13:47:47,848 label2color : {'signature': '#E8CE5A', 'remitter_address': '#480FA4', 'O': '#C55294', 'notify_party_country': '#08E5A4', 'port_of_loading': '#3D588B', 'beneficiary_account_number': '#FBC7AA', 'consignee_address': '#509E4C', 'beneficiary_iban_number': '#ECAC50', 'bill_of_lading_no': '#72B178', 'pre-carriage-by': '#419547', 'invoice_discount_amount': '#E2389F', 'beneficiary_address': '#146E5F', 'rate_per_unit': '#3C5F22', 'original_or_copy': '#5552C1', 'hs_code_no': '#A5E448', 'bill_of_lading_date': '#B244E6', 'declaration_by_issuer': '#69C50B', 'beneficiary_bank_identifier': '#0D1EF2', 'vessel_flight_no': '#D92655', 'goods_description': '#AD0EA6', 'incoterm': '#F6A136', 'invoice_due_date': '#1ED9B0', 'tenor_type': '#FCE68C', 'country_of_origin_of_goods': '#C6D206', 'invoice_no': '#ADF410', 'cosignee_name': '#A3204D', 'total_quantity_of_goods': '#34C82A', 'consignor_address': '#D964DC', 'invoice_tax_ccy': '#B19A9A', 'gross_weight': '#C1D5C5', 'notify_party_name': '#8CB55D', 'dimension': '#F82E4A', 'consignor_name': '#3ACA1A', 'indicator_type': '#F00C87', 'invoice_tax_amount': '#3DECBF', 'country_of_final_destination': '#406D52', 'usance_tenor': '#A1DDC9', 'date_of_invoice': '#5043EE', 'invoice_currency': '#E5348E', 'invoice_amount_in_words': '#A37628', 'awb_number': '#E518E0', 'awb_date': '#95BC94', 'lc_ref_no': '#2E5784', 'vessel_name': '#19BF61', 'net_weight': '#1F1FFA', 'beneficiary_country': '#5B31D5', 'beneficiary_drawer_exporter_seller_supplier_tin': '#E9BC18', 'remitter_drawee_applicant_importer_buyer_name': '#F52F44', 'transaction_date': '#3403A7', 'shipper_name': '#139CA8', 'indicator_date': '#A88F65', 'beneficiary_bank_country': '#961870', 'shipper_address': '#C1D844', 'signature_of_the_issuer': '#DDC854', 'tenor_indicator': '#01CB3E', 'delivery_terms': '#483101', 'transaction_currency': '#760CCF', 'beneficiary_drawer_exporter_seller_supplier_name': '#A2220E', 'page_no': '#C2B674', 'consignor_country': '#B4C0D6', 'beneficiary_bank_name': '#43B45D', 'lc_date': '#98FE9A', 'invoice_discount_ccy': '#2517CB', 'transaction_amonunt_value': '#5BCEB5', 'stamp': '#39041E', 'notify_party_address': '#ABFAB7', 'invoice_amount': '#C5CABA', 'port_of_discharge': '#0A1477'}
2024-01-30 13:47:47,948 is result_set is instance of dict? True
2024-01-30 13:47:47,949 is final_result_set is instance of dict? True
2024-01-30 13:47:47,978 Time taken for page 1 of Invoice_978_0.png:0:00:01.042401
2024-01-30 13:47:48,067 *****Generated All Pages****** for Invoice_978_0.png
2024-01-30 13:47:48,067 RAM memory 68.4 used for Invoice_978_0.png Generating All Pages:
2024-01-30 13:47:48,067 Processing time taken for all pages of Invoice_978_0.png1:0:00:01.132272
2024-01-30 13:47:48,235 file name is:Invoice_571_3.png
2024-01-30 13:47:48,236 folder path :Images
2024-01-30 13:47:48,236 Calling Image result
2024-01-30 13:47:48,236 is all_page_result is instance of dict? True
2024-01-30 13:47:48,237 STREAM b'IHDR' 16 13
2024-01-30 13:47:48,237 STREAM b'IDAT' 41 39654
2024-01-30 13:47:48,257 is words is instance of list? True
2024-01-30 13:47:48,257 is bboxes is instance of list? True
2024-01-30 13:47:48,257 is bounding_boxes is instance of list? True
2024-01-30 13:47:48,477 is input_id_chunks is instance of list? True
2024-01-30 13:47:48,477 is mask_chunks is instance of list? True
2024-01-30 13:47:48,477 is bbox_chunks is instance of list? True
2024-01-30 13:47:48,477 is image_chunks is instance of list? True
2024-01-30 13:47:48,477 is input_dict is instance of dict? True
2024-01-30 13:47:49,297 Model Called
2024-01-30 13:47:49,298 RAM memory 66.2 used for Invoice_571_3.png:
2024-01-30 13:47:49,298 is all_predictions is instance of list? True
2024-01-30 13:47:49,298 is all_boxes is instance of list? True
2024-01-30 13:47:49,298 is all_confidences is instance of list? True
2024-01-30 13:47:49,298 is all_text is instance of list? True
2024-01-30 13:47:49,298 is label2id is instance of dict? True
2024-01-30 13:47:49,298 is id2label is instance of dict? True
2024-01-30 13:47:49,299 is label2color is instance of dict? True
2024-01-30 13:47:49,299 label2color : {'signature': '#66F149', 'remitter_address': '#956E81', 'O': '#61272E', 'notify_party_country': '#CFBAB1', 'port_of_loading': '#008FBD', 'beneficiary_account_number': '#D65B45', 'consignee_address': '#22F9FA', 'beneficiary_iban_number': '#2979AF', 'bill_of_lading_no': '#4F36AA', 'pre-carriage-by': '#D514AF', 'invoice_discount_amount': '#54E63B', 'beneficiary_address': '#7580DC', 'rate_per_unit': '#7EF18D', 'original_or_copy': '#E167ED', 'hs_code_no': '#3AB207', 'bill_of_lading_date': '#EA3A33', 'declaration_by_issuer': '#C35F6B', 'beneficiary_bank_identifier': '#29B519', 'vessel_flight_no': '#D47464', 'goods_description': '#88BD6E', 'incoterm': '#283AE8', 'invoice_due_date': '#84F5E7', 'tenor_type': '#C037A1', 'country_of_origin_of_goods': '#02EC43', 'invoice_no': '#FE32C8', 'cosignee_name': '#513A93', 'total_quantity_of_goods': '#4B2C89', 'consignor_address': '#105A8D', 'invoice_tax_ccy': '#68E627', 'gross_weight': '#89EB21', 'notify_party_name': '#43FEB1', 'dimension': '#537293', 'consignor_name': '#BF30AC', 'indicator_type': '#A67541', 'invoice_tax_amount': '#926FB9', 'country_of_final_destination': '#A45930', 'usance_tenor': '#71EC3D', 'date_of_invoice': '#BF3E08', 'invoice_currency': '#400C32', 'invoice_amount_in_words': '#9C8244', 'awb_number': '#E45B08', 'awb_date': '#245CAF', 'lc_ref_no': '#62789C', 'vessel_name': '#5F4DFB', 'net_weight': '#2E9FFE', 'beneficiary_country': '#8725BB', 'beneficiary_drawer_exporter_seller_supplier_tin': '#C44376', 'remitter_drawee_applicant_importer_buyer_name': '#F90923', 'transaction_date': '#1627E8', 'shipper_name': '#D81106', 'indicator_date': '#9EA1D0', 'beneficiary_bank_country': '#7B3EAE', 'shipper_address': '#DF4861', 'signature_of_the_issuer': '#62BD3D', 'tenor_indicator': '#AD1151', 'delivery_terms': '#8BF9B8', 'transaction_currency': '#233A1E', 'beneficiary_drawer_exporter_seller_supplier_name': '#CFD607', 'page_no': '#328898', 'consignor_country': '#5CFAB7', 'beneficiary_bank_name': '#30E59D', 'lc_date': '#2A3728', 'invoice_discount_ccy': '#95628E', 'transaction_amonunt_value': '#3C7665', 'stamp': '#458A63', 'notify_party_address': '#CF9770', 'invoice_amount': '#E49CB6', 'port_of_discharge': '#5847D2'}
2024-01-30 13:47:49,467 is result_set is instance of dict? True
2024-01-30 13:47:49,468 is final_result_set is instance of dict? True
2024-01-30 13:47:49,506 Time taken for page 1 of Invoice_571_3.png:0:00:01.269358
2024-01-30 13:47:49,724 *****Generated All Pages****** for Invoice_571_3.png
2024-01-30 13:47:49,725 RAM memory 66.7 used for Invoice_571_3.png Generating All Pages:
2024-01-30 13:47:49,725 Processing time taken for all pages of Invoice_571_3.png1:0:00:01.488860
2024-01-30 13:47:49,877 file name is:Proforma_Invoice_237_0.png
2024-01-30 13:47:49,877 folder path :Images
2024-01-30 13:47:49,877 Calling Image result
2024-01-30 13:47:49,877 is all_page_result is instance of dict? True
2024-01-30 13:47:49,978 STREAM b'IHDR' 16 13
2024-01-30 13:47:49,979 STREAM b'IDAT' 41 65536
2024-01-30 13:47:50,001 is words is instance of list? True
2024-01-30 13:47:50,001 is bboxes is instance of list? True
2024-01-30 13:47:50,001 is bounding_boxes is instance of list? True
2024-01-30 13:47:50,180 is input_id_chunks is instance of list? True
2024-01-30 13:47:50,180 is mask_chunks is instance of list? True
2024-01-30 13:47:50,181 is bbox_chunks is instance of list? True
2024-01-30 13:47:50,181 is image_chunks is instance of list? True
2024-01-30 13:47:50,181 is input_dict is instance of dict? True
2024-01-30 13:47:51,763 Model Called
2024-01-30 13:47:51,764 RAM memory 68.6 used for Proforma_Invoice_237_0.png:
2024-01-30 13:47:51,764 is all_predictions is instance of list? True
2024-01-30 13:47:51,764 is all_boxes is instance of list? True
2024-01-30 13:47:51,764 is all_confidences is instance of list? True
2024-01-30 13:47:51,764 is all_text is instance of list? True
2024-01-30 13:47:51,764 is label2id is instance of dict? True
2024-01-30 13:47:51,764 is id2label is instance of dict? True
2024-01-30 13:47:51,765 is label2color is instance of dict? True
2024-01-30 13:47:51,765 label2color : {'signature': '#433B3D', 'remitter_address': '#BF9069', 'O': '#2DDEAF', 'notify_party_country': '#6911BB', 'port_of_loading': '#DFF7ED', 'beneficiary_account_number': '#3CFE63', 'consignee_address': '#AA4479', 'beneficiary_iban_number': '#200C55', 'bill_of_lading_no': '#850683', 'pre-carriage-by': '#4E3ADB', 'invoice_discount_amount': '#9D7E8E', 'beneficiary_address': '#9C2D5C', 'rate_per_unit': '#B2BE01', 'original_or_copy': '#967D1F', 'hs_code_no': '#05D48C', 'bill_of_lading_date': '#938839', 'declaration_by_issuer': '#9D2AB7', 'beneficiary_bank_identifier': '#B5FDC9', 'vessel_flight_no': '#5EB9C7', 'goods_description': '#A0511A', 'incoterm': '#494F3F', 'invoice_due_date': '#D6A989', 'tenor_type': '#3C48C9', 'country_of_origin_of_goods': '#2F524F', 'invoice_no': '#99E168', 'cosignee_name': '#42FEAA', 'total_quantity_of_goods': '#D4FB96', 'consignor_address': '#168AB2', 'invoice_tax_ccy': '#5C8A26', 'gross_weight': '#6A81BE', 'notify_party_name': '#B995B6', 'dimension': '#299CA4', 'consignor_name': '#9599C3', 'indicator_type': '#1C5DEF', 'invoice_tax_amount': '#F83144', 'country_of_final_destination': '#E7CBC0', 'usance_tenor': '#2CDA15', 'date_of_invoice': '#C60B8D', 'invoice_currency': '#460931', 'invoice_amount_in_words': '#7EA0F5', 'awb_number': '#2DA3D6', 'awb_date': '#378E6F', 'lc_ref_no': '#D3D021', 'vessel_name': '#B4728E', 'net_weight': '#3B8B84', 'beneficiary_country': '#D0AD26', 'beneficiary_drawer_exporter_seller_supplier_tin': '#FD85C6', 'remitter_drawee_applicant_importer_buyer_name': '#2B0830', 'transaction_date': '#72B294', 'shipper_name': '#EC4C77', 'indicator_date': '#1096A2', 'beneficiary_bank_country': '#926363', 'shipper_address': '#E731E0', 'signature_of_the_issuer': '#0F6E51', 'tenor_indicator': '#99A659', 'delivery_terms': '#A8FBE8', 'transaction_currency': '#3FEADD', 'beneficiary_drawer_exporter_seller_supplier_name': '#9174E3', 'page_no': '#2940A8', 'consignor_country': '#7C3403', 'beneficiary_bank_name': '#F46F90', 'lc_date': '#C05658', 'invoice_discount_ccy': '#0B491E', 'transaction_amonunt_value': '#D55996', 'stamp': '#DE10FB', 'notify_party_address': '#DA0F77', 'invoice_amount': '#7CEEB5', 'port_of_discharge': '#4BB175'}
2024-01-30 13:47:51,952 is result_set is instance of dict? True
2024-01-30 13:47:51,953 is final_result_set is instance of dict? True
2024-01-30 13:47:51,983 Time taken for page 1 of Proforma_Invoice_237_0.png:0:00:02.004421
2024-01-30 13:47:52,135 *****Generated All Pages****** for Proforma_Invoice_237_0.png
2024-01-30 13:47:52,135 RAM memory 68.8 used for Proforma_Invoice_237_0.png Generating All Pages:
2024-01-30 13:47:52,135 Processing time taken for all pages of Proforma_Invoice_237_0.png1:0:00:02.258467
2024-01-30 13:47:52,286 file name is:Invoice_864_0.png
2024-01-30 13:47:52,287 folder path :Images
2024-01-30 13:47:52,287 Calling Image result
2024-01-30 13:47:52,287 is all_page_result is instance of dict? True
2024-01-30 13:47:52,287 STREAM b'IHDR' 16 13
2024-01-30 13:47:52,287 STREAM b'IDAT' 41 21590
2024-01-30 13:47:52,304 Checking spheric-time-383904-f1b421d86eef.json for explicit credentials as part of auth process...
2024-01-30 13:47:53,259 is words is instance of list? True
2024-01-30 13:47:53,259 is bboxes is instance of list? True
2024-01-30 13:47:53,259 is bounding_boxes is instance of list? True
2024-01-30 13:47:53,453 is input_id_chunks is instance of list? True
2024-01-30 13:47:53,454 is mask_chunks is instance of list? True
2024-01-30 13:47:53,454 is bbox_chunks is instance of list? True
2024-01-30 13:47:53,454 is image_chunks is instance of list? True
2024-01-30 13:47:53,454 is input_dict is instance of dict? True
2024-01-30 13:47:54,126 Model Called
2024-01-30 13:47:54,126 RAM memory 68.9 used for Invoice_864_0.png:
2024-01-30 13:47:54,126 is all_predictions is instance of list? True
2024-01-30 13:47:54,126 is all_boxes is instance of list? True
2024-01-30 13:47:54,126 is all_confidences is instance of list? True
2024-01-30 13:47:54,126 is all_text is instance of list? True
2024-01-30 13:47:54,127 is label2id is instance of dict? True
2024-01-30 13:47:54,127 is id2label is instance of dict? True
2024-01-30 13:47:54,127 is label2color is instance of dict? True
2024-01-30 13:47:54,127 label2color : {'signature': '#268D84', 'remitter_address': '#604D26', 'O': '#13E33E', 'notify_party_country': '#087947', 'port_of_loading': '#10115A', 'beneficiary_account_number': '#347ED8', 'consignee_address': '#3E4704', 'beneficiary_iban_number': '#877C88', 'bill_of_lading_no': '#5858A7', 'pre-carriage-by': '#9480C0', 'invoice_discount_amount': '#EED7A0', 'beneficiary_address': '#4E04F3', 'rate_per_unit': '#84879C', 'original_or_copy': '#787221', 'hs_code_no': '#54C2F6', 'bill_of_lading_date': '#5D3119', 'declaration_by_issuer': '#9A5443', 'beneficiary_bank_identifier': '#C906A9', 'vessel_flight_no': '#48E205', 'goods_description': '#A18813', 'incoterm': '#322EAD', 'invoice_due_date': '#B24BFB', 'tenor_type': '#30FB84', 'country_of_origin_of_goods': '#6FADBE', 'invoice_no': '#BB06CF', 'cosignee_name': '#037774', 'total_quantity_of_goods': '#F33AD8', 'consignor_address': '#99A3F5', 'invoice_tax_ccy': '#55379B', 'gross_weight': '#B891D3', 'notify_party_name': '#FF55F9', 'dimension': '#A349E8', 'consignor_name': '#6CF2BD', 'indicator_type': '#2BFB37', 'invoice_tax_amount': '#49A5A6', 'country_of_final_destination': '#AF6467', 'usance_tenor': '#CB0054', 'date_of_invoice': '#FD2F2A', 'invoice_currency': '#5E743A', 'invoice_amount_in_words': '#54952E', 'awb_number': '#71332D', 'awb_date': '#51211F', 'lc_ref_no': '#93E214', 'vessel_name': '#EBE537', 'net_weight': '#7DD741', 'beneficiary_country': '#F7AECE', 'beneficiary_drawer_exporter_seller_supplier_tin': '#BC29CF', 'remitter_drawee_applicant_importer_buyer_name': '#C3D207', 'transaction_date': '#5912AD', 'shipper_name': '#424A50', 'indicator_date': '#3F77E7', 'beneficiary_bank_country': '#19551E', 'shipper_address': '#31F868', 'signature_of_the_issuer': '#1725BC', 'tenor_indicator': '#0983FF', 'delivery_terms': '#5A08E5', 'transaction_currency': '#83E885', 'beneficiary_drawer_exporter_seller_supplier_name': '#758280', 'page_no': '#D2352A', 'consignor_country': '#DBC6F3', 'beneficiary_bank_name': '#88703F', 'lc_date': '#C092BD', 'invoice_discount_ccy': '#E4FEBC', 'transaction_amonunt_value': '#DCBA2D', 'stamp': '#866584', 'notify_party_address': '#77740D', 'invoice_amount': '#D6F24A', 'port_of_discharge': '#965A5D'}
2024-01-30 13:47:54,247 is result_set is instance of dict? True
2024-01-30 13:47:54,248 is final_result_set is instance of dict? True
2024-01-30 13:47:54,256 Time taken for page 1 of Invoice_864_0.png:0:00:01.968056
2024-01-30 13:47:54,348 *****Generated All Pages****** for Invoice_864_0.png
2024-01-30 13:47:54,348 RAM memory 68.8 used for Invoice_864_0.png Generating All Pages:
2024-01-30 13:47:54,348 Processing time taken for all pages of Invoice_864_0.png1:0:00:02.061657
2024-01-30 13:47:54,501 file name is:Proforma_Invoice_821_0.png
2024-01-30 13:47:54,501 folder path :Images
2024-01-30 13:47:54,501 Calling Image result
2024-01-30 13:47:54,501 is all_page_result is instance of dict? True
2024-01-30 13:47:54,502 STREAM b'IHDR' 16 13
2024-01-30 13:47:54,502 STREAM b'IDAT' 41 42971
2024-01-30 13:47:54,535 is words is instance of list? True
2024-01-30 13:47:54,535 is bboxes is instance of list? True
2024-01-30 13:47:54,535 is bounding_boxes is instance of list? True
2024-01-30 13:47:54,716 is input_id_chunks is instance of list? True
2024-01-30 13:47:54,716 is mask_chunks is instance of list? True
2024-01-30 13:47:54,716 is bbox_chunks is instance of list? True
2024-01-30 13:47:54,716 is image_chunks is instance of list? True
2024-01-30 13:47:54,716 is input_dict is instance of dict? True
2024-01-30 13:47:56,044 Model Called
2024-01-30 13:47:56,045 RAM memory 67.9 used for Proforma_Invoice_821_0.png:
2024-01-30 13:47:56,045 is all_predictions is instance of list? True
2024-01-30 13:47:56,045 is all_boxes is instance of list? True
2024-01-30 13:47:56,045 is all_confidences is instance of list? True
2024-01-30 13:47:56,045 is all_text is instance of list? True
2024-01-30 13:47:56,045 is label2id is instance of dict? True
2024-01-30 13:47:56,045 is id2label is instance of dict? True
2024-01-30 13:47:56,046 is label2color is instance of dict? True
2024-01-30 13:47:56,046 label2color : {'signature': '#03C05E', 'remitter_address': '#2F5682', 'O': '#F98AC9', 'notify_party_country': '#4C0B28', 'port_of_loading': '#36BA00', 'beneficiary_account_number': '#F38846', 'consignee_address': '#F21960', 'beneficiary_iban_number': '#9D0C2A', 'bill_of_lading_no': '#6E7A03', 'pre-carriage-by': '#78040A', 'invoice_discount_amount': '#1AECF5', 'beneficiary_address': '#4D6F72', 'rate_per_unit': '#E62701', 'original_or_copy': '#72DC44', 'hs_code_no': '#2D7994', 'bill_of_lading_date': '#C5741D', 'declaration_by_issuer': '#383EB6', 'beneficiary_bank_identifier': '#8F3BAA', 'vessel_flight_no': '#EBC6FD', 'goods_description': '#41F427', 'incoterm': '#FF8F6A', 'invoice_due_date': '#8CE13E', 'tenor_type': '#F9758A', 'country_of_origin_of_goods': '#70B300', 'invoice_no': '#D235F0', 'cosignee_name': '#BCF2B7', 'total_quantity_of_goods': '#48ACB7', 'consignor_address': '#F479C2', 'invoice_tax_ccy': '#4906EB', 'gross_weight': '#5F22EB', 'notify_party_name': '#22E081', 'dimension': '#B3D087', 'consignor_name': '#26A9F0', 'indicator_type': '#FE762C', 'invoice_tax_amount': '#E582CE', 'country_of_final_destination': '#099E53', 'usance_tenor': '#1B6424', 'date_of_invoice': '#196AE3', 'invoice_currency': '#DFAA07', 'invoice_amount_in_words': '#BE9EBA', 'awb_number': '#2F66C2', 'awb_date': '#86CA3F', 'lc_ref_no': '#7E1C53', 'vessel_name': '#951923', 'net_weight': '#67B2DA', 'beneficiary_country': '#C6136D', 'beneficiary_drawer_exporter_seller_supplier_tin': '#64C767', 'remitter_drawee_applicant_importer_buyer_name': '#64BA90', 'transaction_date': '#3CBBF7', 'shipper_name': '#5471E9', 'indicator_date': '#01B2F8', 'beneficiary_bank_country': '#0A5DCA', 'shipper_address': '#179CC6', 'signature_of_the_issuer': '#EDFB97', 'tenor_indicator': '#B315CC', 'delivery_terms': '#B4F6A2', 'transaction_currency': '#7BA2D9', 'beneficiary_drawer_exporter_seller_supplier_name': '#7BE5ED', 'page_no': '#50EAB0', 'consignor_country': '#F611A4', 'beneficiary_bank_name': '#70A988', 'lc_date': '#58A5D2', 'invoice_discount_ccy': '#A047C7', 'transaction_amonunt_value': '#9C34F1', 'stamp': '#0B2DC9', 'notify_party_address': '#871DC1', 'invoice_amount': '#46CE2B', 'port_of_discharge': '#E91F32'}
2024-01-30 13:47:56,238 is result_set is instance of dict? True
2024-01-30 13:47:56,239 is final_result_set is instance of dict? True
2024-01-30 13:47:56,284 Time taken for page 1 of Proforma_Invoice_821_0.png:0:00:01.781996
2024-01-30 13:47:56,414 *****Generated All Pages****** for Proforma_Invoice_821_0.png
2024-01-30 13:47:56,414 RAM memory 68.3 used for Proforma_Invoice_821_0.png Generating All Pages:
2024-01-30 13:47:56,414 Processing time taken for all pages of Proforma_Invoice_821_0.png1:0:00:01.912812
2024-01-30 13:47:56,561 file name is:Invoice_952_8.png
2024-01-30 13:47:56,561 folder path :Images
2024-01-30 13:47:56,561 Calling Image result
2024-01-30 13:47:56,561 is all_page_result is instance of dict? True
2024-01-30 13:47:56,641 STREAM b'IHDR' 16 13
2024-01-30 13:47:56,642 STREAM b'IDAT' 41 37800
2024-01-30 13:47:56,661 is words is instance of list? True
2024-01-30 13:47:56,661 is bboxes is instance of list? True
2024-01-30 13:47:56,661 is bounding_boxes is instance of list? True
2024-01-30 13:47:56,870 is input_id_chunks is instance of list? True
2024-01-30 13:47:56,870 is mask_chunks is instance of list? True
2024-01-30 13:47:56,870 is bbox_chunks is instance of list? True
2024-01-30 13:47:56,870 is image_chunks is instance of list? True
2024-01-30 13:47:56,871 is input_dict is instance of dict? True
2024-01-30 13:47:57,654 Model Called
2024-01-30 13:47:57,654 RAM memory 68.7 used for Invoice_952_8.png:
2024-01-30 13:47:57,655 is all_predictions is instance of list? True
2024-01-30 13:47:57,655 is all_boxes is instance of list? True
2024-01-30 13:47:57,655 is all_confidences is instance of list? True
2024-01-30 13:47:57,655 is all_text is instance of list? True
2024-01-30 13:47:57,655 is label2id is instance of dict? True
2024-01-30 13:47:57,655 is id2label is instance of dict? True
2024-01-30 13:47:57,656 is label2color is instance of dict? True
2024-01-30 13:47:57,656 label2color : {'signature': '#A4AA6F', 'remitter_address': '#EF29A2', 'O': '#27B996', 'notify_party_country': '#25FF4B', 'port_of_loading': '#7AEE19', 'beneficiary_account_number': '#00C21D', 'consignee_address': '#3968D1', 'beneficiary_iban_number': '#5DDF69', 'bill_of_lading_no': '#BDC54E', 'pre-carriage-by': '#A0D898', 'invoice_discount_amount': '#31AC31', 'beneficiary_address': '#B11712', 'rate_per_unit': '#A30B43', 'original_or_copy': '#80B343', 'hs_code_no': '#28CD71', 'bill_of_lading_date': '#937B87', 'declaration_by_issuer': '#FB790A', 'beneficiary_bank_identifier': '#65BC44', 'vessel_flight_no': '#CA9C52', 'goods_description': '#BACCD6', 'incoterm': '#323271', 'invoice_due_date': '#747373', 'tenor_type': '#ADE59D', 'country_of_origin_of_goods': '#69254A', 'invoice_no': '#DF2DAC', 'cosignee_name': '#5AC554', 'total_quantity_of_goods': '#140537', 'consignor_address': '#C7DF04', 'invoice_tax_ccy': '#73DE63', 'gross_weight': '#45BCB6', 'notify_party_name': '#72D762', 'dimension': '#1CC5BF', 'consignor_name': '#B5270E', 'indicator_type': '#CDE168', 'invoice_tax_amount': '#72643C', 'country_of_final_destination': '#F356B7', 'usance_tenor': '#5463E6', 'date_of_invoice': '#F626DD', 'invoice_currency': '#308FF5', 'invoice_amount_in_words': '#1DF050', 'awb_number': '#735D70', 'awb_date': '#9B0645', 'lc_ref_no': '#4FB556', 'vessel_name': '#43F7A0', 'net_weight': '#270D37', 'beneficiary_country': '#E226D2', 'beneficiary_drawer_exporter_seller_supplier_tin': '#D3551D', 'remitter_drawee_applicant_importer_buyer_name': '#D3E258', 'transaction_date': '#231F40', 'shipper_name': '#52AF6F', 'indicator_date': '#06388B', 'beneficiary_bank_country': '#025E50', 'shipper_address': '#214B4F', 'signature_of_the_issuer': '#F7B385', 'tenor_indicator': '#61997B', 'delivery_terms': '#5EED76', 'transaction_currency': '#7DFC96', 'beneficiary_drawer_exporter_seller_supplier_name': '#DC071B', 'page_no': '#4B43C0', 'consignor_country': '#DE74BC', 'beneficiary_bank_name': '#C3584D', 'lc_date': '#B3D01C', 'invoice_discount_ccy': '#B44679', 'transaction_amonunt_value': '#075013', 'stamp': '#0A2DA2', 'notify_party_address': '#7B41B6', 'invoice_amount': '#10D721', 'port_of_discharge': '#163894'}
2024-01-30 13:47:57,821 is result_set is instance of dict? True
2024-01-30 13:47:57,823 is final_result_set is instance of dict? True
2024-01-30 13:47:57,858 Time taken for page 1 of Invoice_952_8.png:0:00:01.216118
2024-01-30 13:47:57,980 *****Generated All Pages****** for Invoice_952_8.png
2024-01-30 13:47:57,980 RAM memory 69.0 used for Invoice_952_8.png Generating All Pages:
2024-01-30 13:47:57,980 Processing time taken for all pages of Invoice_952_8.png1:0:00:01.419573
2024-01-30 13:47:58,141 file name is:Invoice_892_0.png
2024-01-30 13:47:58,142 folder path :Images
2024-01-30 13:47:58,142 Calling Image result
2024-01-30 13:47:58,142 is all_page_result is instance of dict? True
2024-01-30 13:47:58,142 STREAM b'IHDR' 16 13
2024-01-30 13:47:58,143 STREAM b'IDAT' 41 61652
2024-01-30 13:47:58,162 is words is instance of list? True
2024-01-30 13:47:58,162 is bboxes is instance of list? True
2024-01-30 13:47:58,162 is bounding_boxes is instance of list? True
2024-01-30 13:47:58,366 is input_id_chunks is instance of list? True
2024-01-30 13:47:58,366 is mask_chunks is instance of list? True
2024-01-30 13:47:58,366 is bbox_chunks is instance of list? True
2024-01-30 13:47:58,366 is image_chunks is instance of list? True
2024-01-30 13:47:58,367 is input_dict is instance of dict? True
2024-01-30 13:47:59,959 Model Called
2024-01-30 13:47:59,959 RAM memory 69.4 used for Invoice_892_0.png:
2024-01-30 13:47:59,959 is all_predictions is instance of list? True
2024-01-30 13:47:59,959 is all_boxes is instance of list? True
2024-01-30 13:47:59,959 is all_confidences is instance of list? True
2024-01-30 13:47:59,959 is all_text is instance of list? True
2024-01-30 13:47:59,960 is label2id is instance of dict? True
2024-01-30 13:47:59,960 is id2label is instance of dict? True
2024-01-30 13:47:59,960 is label2color is instance of dict? True
2024-01-30 13:47:59,961 label2color : {'signature': '#8CE2D1', 'remitter_address': '#C07D39', 'O': '#9BBABD', 'notify_party_country': '#BAD563', 'port_of_loading': '#54E373', 'beneficiary_account_number': '#DCCACA', 'consignee_address': '#85CF9E', 'beneficiary_iban_number': '#01727C', 'bill_of_lading_no': '#D7C58E', 'pre-carriage-by': '#345D5C', 'invoice_discount_amount': '#D955E6', 'beneficiary_address': '#7503E4', 'rate_per_unit': '#FF069D', 'original_or_copy': '#8921E4', 'hs_code_no': '#1D9304', 'bill_of_lading_date': '#705BCA', 'declaration_by_issuer': '#77290B', 'beneficiary_bank_identifier': '#624649', 'vessel_flight_no': '#EADB54', 'goods_description': '#E5A8D6', 'incoterm': '#B0BEBA', 'invoice_due_date': '#2929FF', 'tenor_type': '#C551D9', 'country_of_origin_of_goods': '#3B361C', 'invoice_no': '#6127B8', 'cosignee_name': '#323CE4', 'total_quantity_of_goods': '#7C97E4', 'consignor_address': '#814289', 'invoice_tax_ccy': '#5B6997', 'gross_weight': '#CFEDCA', 'notify_party_name': '#63D814', 'dimension': '#496425', 'consignor_name': '#0758E4', 'indicator_type': '#CE3FBB', 'invoice_tax_amount': '#624DF6', 'country_of_final_destination': '#5E73EC', 'usance_tenor': '#A0B7AB', 'date_of_invoice': '#FFEB40', 'invoice_currency': '#A99786', 'invoice_amount_in_words': '#DF48FE', 'awb_number': '#36C8D8', 'awb_date': '#D06F91', 'lc_ref_no': '#9F8527', 'vessel_name': '#667C74', 'net_weight': '#35B2C3', 'beneficiary_country': '#9CF7D0', 'beneficiary_drawer_exporter_seller_supplier_tin': '#88FAFE', 'remitter_drawee_applicant_importer_buyer_name': '#F08E14', 'transaction_date': '#2497BF', 'shipper_name': '#EFA25B', 'indicator_date': '#A1C2FD', 'beneficiary_bank_country': '#51B2EE', 'shipper_address': '#A41958', 'signature_of_the_issuer': '#70AA3C', 'tenor_indicator': '#8B40BB', 'delivery_terms': '#E199FC', 'transaction_currency': '#D00959', 'beneficiary_drawer_exporter_seller_supplier_name': '#2B4B2A', 'page_no': '#2280FF', 'consignor_country': '#7B6975', 'beneficiary_bank_name': '#349A31', 'lc_date': '#F78C69', 'invoice_discount_ccy': '#CFFD1A', 'transaction_amonunt_value': '#8B4FE1', 'stamp': '#B5478E', 'notify_party_address': '#C97135', 'invoice_amount': '#BA8C46', 'port_of_discharge': '#69F560'}
2024-01-30 13:48:00,217 is result_set is instance of dict? True
2024-01-30 13:48:00,219 is final_result_set is instance of dict? True
2024-01-30 13:48:00,258 Time taken for page 1 of Invoice_892_0.png:0:00:02.114920
2024-01-30 13:48:00,415 *****Generated All Pages****** for Invoice_892_0.png
2024-01-30 13:48:00,416 RAM memory 67.2 used for Invoice_892_0.png Generating All Pages:
2024-01-30 13:48:00,416 Processing time taken for all pages of Invoice_892_0.png1:0:00:02.273858
2024-01-30 13:48:00,575 file name is:Invoice_981_12.png
2024-01-30 13:48:00,575 folder path :Images
2024-01-30 13:48:00,576 Calling Image result
2024-01-30 13:48:00,576 is all_page_result is instance of dict? True
2024-01-30 13:48:00,576 STREAM b'IHDR' 16 13
2024-01-30 13:48:00,576 STREAM b'IDAT' 41 53989
2024-01-30 13:48:00,597 is words is instance of list? True
2024-01-30 13:48:00,597 is bboxes is instance of list? True
2024-01-30 13:48:00,597 is bounding_boxes is instance of list? True
2024-01-30 13:48:00,806 is input_id_chunks is instance of list? True
2024-01-30 13:48:00,806 is mask_chunks is instance of list? True
2024-01-30 13:48:00,806 is bbox_chunks is instance of list? True
2024-01-30 13:48:00,807 is image_chunks is instance of list? True
2024-01-30 13:48:00,807 is input_dict is instance of dict? True
2024-01-30 13:48:02,195 Model Called
2024-01-30 13:48:02,195 RAM memory 68.6 used for Invoice_981_12.png:
2024-01-30 13:48:02,195 is all_predictions is instance of list? True
2024-01-30 13:48:02,195 is all_boxes is instance of list? True
2024-01-30 13:48:02,195 is all_confidences is instance of list? True
2024-01-30 13:48:02,195 is all_text is instance of list? True
2024-01-30 13:48:02,195 is label2id is instance of dict? True
2024-01-30 13:48:02,196 is id2label is instance of dict? True
2024-01-30 13:48:02,196 is label2color is instance of dict? True
2024-01-30 13:48:02,196 label2color : {'signature': '#B6C707', 'remitter_address': '#CABCAE', 'O': '#92F585', 'notify_party_country': '#AF0CD1', 'port_of_loading': '#9A3F7C', 'beneficiary_account_number': '#9EEB3D', 'consignee_address': '#AD8AE0', 'beneficiary_iban_number': '#8ECCD6', 'bill_of_lading_no': '#D71974', 'pre-carriage-by': '#C0AE18', 'invoice_discount_amount': '#8448EF', 'beneficiary_address': '#FF82AB', 'rate_per_unit': '#D9B52A', 'original_or_copy': '#5D321D', 'hs_code_no': '#97C858', 'bill_of_lading_date': '#AAF2E8', 'declaration_by_issuer': '#391EEC', 'beneficiary_bank_identifier': '#DF1B77', 'vessel_flight_no': '#B6193E', 'goods_description': '#357F57', 'incoterm': '#D02EA8', 'invoice_due_date': '#64CAE1', 'tenor_type': '#5394F8', 'country_of_origin_of_goods': '#493E25', 'invoice_no': '#279618', 'cosignee_name': '#41C4B2', 'total_quantity_of_goods': '#4D5759', 'consignor_address': '#EA2CD3', 'invoice_tax_ccy': '#67DF87', 'gross_weight': '#6BFFD3', 'notify_party_name': '#730A7A', 'dimension': '#75FB7A', 'consignor_name': '#9AFB46', 'indicator_type': '#B611CF', 'invoice_tax_amount': '#B14169', 'country_of_final_destination': '#E7D518', 'usance_tenor': '#252047', 'date_of_invoice': '#10A9C8', 'invoice_currency': '#7F42F4', 'invoice_amount_in_words': '#172400', 'awb_number': '#20C9B5', 'awb_date': '#B2D25F', 'lc_ref_no': '#C18C69', 'vessel_name': '#E58B12', 'net_weight': '#19677F', 'beneficiary_country': '#45DD10', 'beneficiary_drawer_exporter_seller_supplier_tin': '#3B6AE3', 'remitter_drawee_applicant_importer_buyer_name': '#DA7A93', 'transaction_date': '#E01F7E', 'shipper_name': '#F0CB92', 'indicator_date': '#E9857F', 'beneficiary_bank_country': '#55EE4D', 'shipper_address': '#3D3286', 'signature_of_the_issuer': '#A9DB70', 'tenor_indicator': '#38EACD', 'delivery_terms': '#A78456', 'transaction_currency': '#AD4012', 'beneficiary_drawer_exporter_seller_supplier_name': '#3EC1ED', 'page_no': '#87D5B8', 'consignor_country': '#289C6E', 'beneficiary_bank_name': '#9CFF6F', 'lc_date': '#E1EA8D', 'invoice_discount_ccy': '#A71919', 'transaction_amonunt_value': '#C01973', 'stamp': '#315446', 'notify_party_address': '#E88E80', 'invoice_amount': '#768D6B', 'port_of_discharge': '#01EB80'}
2024-01-30 13:48:02,393 is result_set is instance of dict? True
2024-01-30 13:48:02,394 is final_result_set is instance of dict? True
2024-01-30 13:48:02,428 Time taken for page 1 of Invoice_981_12.png:0:00:01.851559
2024-01-30 13:48:02,561 *****Generated All Pages****** for Invoice_981_12.png
2024-01-30 13:48:02,561 RAM memory 69.0 used for Invoice_981_12.png Generating All Pages:
2024-01-30 13:48:02,561 Processing time taken for all pages of Invoice_981_12.png1:0:00:01.985542
2024-01-30 13:48:02,723 file name is:Proforma_Invoice_330_1.png
2024-01-30 13:48:02,723 folder path :Images
2024-01-30 13:48:02,723 Calling Image result
2024-01-30 13:48:02,723 is all_page_result is instance of dict? True
2024-01-30 13:48:02,724 STREAM b'IHDR' 16 13
2024-01-30 13:48:02,724 STREAM b'IDAT' 41 45526
2024-01-30 13:48:02,743 Checking spheric-time-383904-f1b421d86eef.json for explicit credentials as part of auth process...
2024-01-30 13:48:03,661 is words is instance of list? True
2024-01-30 13:48:03,661 is bboxes is instance of list? True
2024-01-30 13:48:03,661 is bounding_boxes is instance of list? True
2024-01-30 13:48:03,866 is input_id_chunks is instance of list? True
2024-01-30 13:48:03,866 is mask_chunks is instance of list? True
2024-01-30 13:48:03,866 is bbox_chunks is instance of list? True
2024-01-30 13:48:03,866 is image_chunks is instance of list? True
2024-01-30 13:48:03,866 is input_dict is instance of dict? True
2024-01-30 13:48:04,629 Model Called
2024-01-30 13:48:04,629 RAM memory 68.3 used for Proforma_Invoice_330_1.png:
2024-01-30 13:48:04,629 is all_predictions is instance of list? True
2024-01-30 13:48:04,629 is all_boxes is instance of list? True
2024-01-30 13:48:04,629 is all_confidences is instance of list? True
2024-01-30 13:48:04,629 is all_text is instance of list? True
2024-01-30 13:48:04,630 is label2id is instance of dict? True
2024-01-30 13:48:04,630 is id2label is instance of dict? True
2024-01-30 13:48:04,630 is label2color is instance of dict? True
2024-01-30 13:48:04,630 label2color : {'signature': '#CAE722', 'remitter_address': '#BCE93A', 'O': '#C47EBD', 'notify_party_country': '#36EA25', 'port_of_loading': '#E39AD5', 'beneficiary_account_number': '#8561CE', 'consignee_address': '#C80D1D', 'beneficiary_iban_number': '#D9535E', 'bill_of_lading_no': '#B4946F', 'pre-carriage-by': '#937DA0', 'invoice_discount_amount': '#E58BD4', 'beneficiary_address': '#935240', 'rate_per_unit': '#12C7EF', 'original_or_copy': '#504AC5', 'hs_code_no': '#252C7D', 'bill_of_lading_date': '#2A1EA4', 'declaration_by_issuer': '#34C967', 'beneficiary_bank_identifier': '#102040', 'vessel_flight_no': '#242D5B', 'goods_description': '#F18304', 'incoterm': '#5442C9', 'invoice_due_date': '#C27197', 'tenor_type': '#37E5EA', 'country_of_origin_of_goods': '#D860DB', 'invoice_no': '#A938C0', 'cosignee_name': '#3C6794', 'total_quantity_of_goods': '#16A2F7', 'consignor_address': '#284385', 'invoice_tax_ccy': '#A68460', 'gross_weight': '#88DCF0', 'notify_party_name': '#226437', 'dimension': '#89F54F', 'consignor_name': '#3EEC76', 'indicator_type': '#7730F2', 'invoice_tax_amount': '#1AB29E', 'country_of_final_destination': '#6BCFB6', 'usance_tenor': '#2FE6E5', 'date_of_invoice': '#E5FF7E', 'invoice_currency': '#3819A9', 'invoice_amount_in_words': '#68A16A', 'awb_number': '#F1A224', 'awb_date': '#B35AC0', 'lc_ref_no': '#10EF00', 'vessel_name': '#EA7142', 'net_weight': '#FC24E6', 'beneficiary_country': '#682831', 'beneficiary_drawer_exporter_seller_supplier_tin': '#8C927A', 'remitter_drawee_applicant_importer_buyer_name': '#118CA2', 'transaction_date': '#B28D0C', 'shipper_name': '#9BF2EF', 'indicator_date': '#62DF13', 'beneficiary_bank_country': '#B41218', 'shipper_address': '#F7378C', 'signature_of_the_issuer': '#0D5612', 'tenor_indicator': '#56A5F2', 'delivery_terms': '#02858B', 'transaction_currency': '#658CD1', 'beneficiary_drawer_exporter_seller_supplier_name': '#4A9AFE', 'page_no': '#2E7AD4', 'consignor_country': '#188C23', 'beneficiary_bank_name': '#8E92B2', 'lc_date': '#2F3B92', 'invoice_discount_ccy': '#29A705', 'transaction_amonunt_value': '#A50BD6', 'stamp': '#42AACA', 'notify_party_address': '#43EC76', 'invoice_amount': '#2292FD', 'port_of_discharge': '#8043BA'}
2024-01-30 13:48:04,759 is result_set is instance of dict? True
2024-01-30 13:48:04,760 is final_result_set is instance of dict? True
2024-01-30 13:48:04,767 Time taken for page 1 of Proforma_Invoice_330_1.png:0:00:02.042365
2024-01-30 13:48:04,881 *****Generated All Pages****** for Proforma_Invoice_330_1.png
2024-01-30 13:48:04,882 RAM memory 68.4 used for Proforma_Invoice_330_1.png Generating All Pages:
2024-01-30 13:48:04,882 Processing time taken for all pages of Proforma_Invoice_330_1.png1:0:00:02.158354
2024-01-30 13:48:05,067 file name is:Proforma_Invoice_338_3.png
2024-01-30 13:48:05,067 folder path :Images
2024-01-30 13:48:05,067 Calling Image result
2024-01-30 13:48:05,067 is all_page_result is instance of dict? True
2024-01-30 13:48:05,156 STREAM b'IHDR' 16 13
2024-01-30 13:48:05,156 STREAM b'sRGB' 41 1
2024-01-30 13:48:05,156 STREAM b'gAMA' 54 4
2024-01-30 13:48:05,156 STREAM b'pHYs' 70 9
2024-01-30 13:48:05,156 STREAM b'IDAT' 91 13249
2024-01-30 13:48:05,175 Checking spheric-time-383904-f1b421d86eef.json for explicit credentials as part of auth process...
2024-01-30 13:48:05,914 is words is instance of list? True
2024-01-30 13:48:05,914 is bboxes is instance of list? True
2024-01-30 13:48:05,914 is bounding_boxes is instance of list? True
2024-01-30 13:48:06,097 is input_id_chunks is instance of list? True
2024-01-30 13:48:06,097 is mask_chunks is instance of list? True
2024-01-30 13:48:06,097 is bbox_chunks is instance of list? True
2024-01-30 13:48:06,097 is image_chunks is instance of list? True
2024-01-30 13:48:06,098 is input_dict is instance of dict? True
2024-01-30 13:48:06,874 Model Called
2024-01-30 13:48:06,874 RAM memory 66.9 used for Proforma_Invoice_338_3.png:
2024-01-30 13:48:06,874 is all_predictions is instance of list? True
2024-01-30 13:48:06,874 is all_boxes is instance of list? True
2024-01-30 13:48:06,874 is all_confidences is instance of list? True
2024-01-30 13:48:06,874 is all_text is instance of list? True
2024-01-30 13:48:06,875 is label2id is instance of dict? True
2024-01-30 13:48:06,875 is id2label is instance of dict? True
2024-01-30 13:48:06,876 is label2color is instance of dict? True
2024-01-30 13:48:06,876 label2color : {'signature': '#2C399A', 'remitter_address': '#8D05E8', 'O': '#4A56F1', 'notify_party_country': '#A01ACF', 'port_of_loading': '#148141', 'beneficiary_account_number': '#915D40', 'consignee_address': '#CD28E1', 'beneficiary_iban_number': '#BC6F66', 'bill_of_lading_no': '#5B6FA4', 'pre-carriage-by': '#B865F3', 'invoice_discount_amount': '#7B8EFB', 'beneficiary_address': '#6A59EC', 'rate_per_unit': '#EBB869', 'original_or_copy': '#A858DB', 'hs_code_no': '#67B364', 'bill_of_lading_date': '#AE333B', 'declaration_by_issuer': '#7FED04', 'beneficiary_bank_identifier': '#697419', 'vessel_flight_no': '#F5399B', 'goods_description': '#12E46D', 'incoterm': '#A9F542', 'invoice_due_date': '#A08CE7', 'tenor_type': '#61B0FA', 'country_of_origin_of_goods': '#E5FBF9', 'invoice_no': '#D9CEB6', 'cosignee_name': '#308D7D', 'total_quantity_of_goods': '#1713A0', 'consignor_address': '#BE91EF', 'invoice_tax_ccy': '#30C47E', 'gross_weight': '#81AB66', 'notify_party_name': '#77CABB', 'dimension': '#A3B118', 'consignor_name': '#EE7083', 'indicator_type': '#0BC6C2', 'invoice_tax_amount': '#D1B587', 'country_of_final_destination': '#B0604E', 'usance_tenor': '#2D5620', 'date_of_invoice': '#FC9757', 'invoice_currency': '#2DC3DD', 'invoice_amount_in_words': '#5E74B0', 'awb_number': '#908E29', 'awb_date': '#A73A4F', 'lc_ref_no': '#B1A24C', 'vessel_name': '#C57C7A', 'net_weight': '#2633E2', 'beneficiary_country': '#C9EFEA', 'beneficiary_drawer_exporter_seller_supplier_tin': '#A3FF95', 'remitter_drawee_applicant_importer_buyer_name': '#C4E2C7', 'transaction_date': '#D6ACD5', 'shipper_name': '#C37BFC', 'indicator_date': '#291000', 'beneficiary_bank_country': '#CF5FF6', 'shipper_address': '#00739A', 'signature_of_the_issuer': '#560D8A', 'tenor_indicator': '#6224A6', 'delivery_terms': '#341B2F', 'transaction_currency': '#88C2D7', 'beneficiary_drawer_exporter_seller_supplier_name': '#42EC82', 'page_no': '#E5202D', 'consignor_country': '#7C12F2', 'beneficiary_bank_name': '#BD81EC', 'lc_date': '#65ACC7', 'invoice_discount_ccy': '#93A030', 'transaction_amonunt_value': '#0989C1', 'stamp': '#3FC4A8', 'notify_party_address': '#ED889A', 'invoice_amount': '#612603', 'port_of_discharge': '#C114AB'}
2024-01-30 13:48:06,997 is result_set is instance of dict? True
2024-01-30 13:48:06,998 is final_result_set is instance of dict? True
2024-01-30 13:48:07,002 Time taken for page 1 of Proforma_Invoice_338_3.png:0:00:01.846085
2024-01-30 13:48:07,094 *****Generated All Pages****** for Proforma_Invoice_338_3.png
2024-01-30 13:48:07,094 RAM memory 66.9 used for Proforma_Invoice_338_3.png Generating All Pages:
2024-01-30 13:48:07,094 Processing time taken for all pages of Proforma_Invoice_338_3.png1:0:00:02.026731
2024-01-30 13:48:07,248 file name is:Invoice_919_0.png
2024-01-30 13:48:07,249 folder path :Images
2024-01-30 13:48:07,249 Calling Image result
2024-01-30 13:48:07,249 is all_page_result is instance of dict? True
2024-01-30 13:48:07,340 STREAM b'IHDR' 16 13
2024-01-30 13:48:07,340 STREAM b'IDAT' 41 65536
2024-01-30 13:48:07,360 Checking spheric-time-383904-f1b421d86eef.json for explicit credentials as part of auth process...
2024-01-30 13:48:08,281 is words is instance of list? True
2024-01-30 13:48:08,281 is bboxes is instance of list? True
2024-01-30 13:48:08,282 is bounding_boxes is instance of list? True
2024-01-30 13:48:08,475 is input_id_chunks is instance of list? True
2024-01-30 13:48:08,475 is mask_chunks is instance of list? True
2024-01-30 13:48:08,476 is bbox_chunks is instance of list? True
2024-01-30 13:48:08,476 is image_chunks is instance of list? True
2024-01-30 13:48:08,476 is input_dict is instance of dict? True
2024-01-30 13:48:09,083 Model Called
2024-01-30 13:48:09,084 RAM memory 67.9 used for Invoice_919_0.png:
2024-01-30 13:48:09,084 is all_predictions is instance of list? True
2024-01-30 13:48:09,084 is all_boxes is instance of list? True
2024-01-30 13:48:09,084 is all_confidences is instance of list? True
2024-01-30 13:48:09,084 is all_text is instance of list? True
2024-01-30 13:48:09,084 is label2id is instance of dict? True
2024-01-30 13:48:09,084 is id2label is instance of dict? True
2024-01-30 13:48:09,085 is label2color is instance of dict? True
2024-01-30 13:48:09,085 label2color : {'signature': '#ED5059', 'remitter_address': '#17C404', 'O': '#C00E85', 'notify_party_country': '#2E3E09', 'port_of_loading': '#39FA0A', 'beneficiary_account_number': '#1F3573', 'consignee_address': '#179DBA', 'beneficiary_iban_number': '#3CD5BA', 'bill_of_lading_no': '#28FCDB', 'pre-carriage-by': '#3923E6', 'invoice_discount_amount': '#58AE65', 'beneficiary_address': '#A64A03', 'rate_per_unit': '#2699A4', 'original_or_copy': '#26B6C7', 'hs_code_no': '#91577D', 'bill_of_lading_date': '#FDED06', 'declaration_by_issuer': '#3E4651', 'beneficiary_bank_identifier': '#0319BC', 'vessel_flight_no': '#3F625B', 'goods_description': '#E282D0', 'incoterm': '#A9E116', 'invoice_due_date': '#B52D24', 'tenor_type': '#091F92', 'country_of_origin_of_goods': '#B5C48B', 'invoice_no': '#AAE613', 'cosignee_name': '#BA3D34', 'total_quantity_of_goods': '#72BEF3', 'consignor_address': '#AE543B', 'invoice_tax_ccy': '#5F3B80', 'gross_weight': '#AB92E8', 'notify_party_name': '#DABC21', 'dimension': '#990C7D', 'consignor_name': '#233D9D', 'indicator_type': '#084705', 'invoice_tax_amount': '#6D8D7A', 'country_of_final_destination': '#E74E6B', 'usance_tenor': '#38F293', 'date_of_invoice': '#86CC8D', 'invoice_currency': '#53D042', 'invoice_amount_in_words': '#F53F41', 'awb_number': '#9FFC39', 'awb_date': '#A8BFD5', 'lc_ref_no': '#FF1CD6', 'vessel_name': '#E81FAD', 'net_weight': '#8E3EF5', 'beneficiary_country': '#CF4560', 'beneficiary_drawer_exporter_seller_supplier_tin': '#243606', 'remitter_drawee_applicant_importer_buyer_name': '#A5F4DF', 'transaction_date': '#28A532', 'shipper_name': '#90BF56', 'indicator_date': '#1C79F6', 'beneficiary_bank_country': '#6DC340', 'shipper_address': '#359D63', 'signature_of_the_issuer': '#B0517F', 'tenor_indicator': '#972018', 'delivery_terms': '#8D3F4B', 'transaction_currency': '#2A5DE0', 'beneficiary_drawer_exporter_seller_supplier_name': '#114EF4', 'page_no': '#BDBBBD', 'consignor_country': '#6C1AD7', 'beneficiary_bank_name': '#0AF039', 'lc_date': '#962718', 'invoice_discount_ccy': '#59B99A', 'transaction_amonunt_value': '#84A642', 'stamp': '#FE77E3', 'notify_party_address': '#4D702D', 'invoice_amount': '#237605', 'port_of_discharge': '#8AD06D'}
2024-01-30 13:48:09,206 is result_set is instance of dict? True
2024-01-30 13:48:09,207 is final_result_set is instance of dict? True
2024-01-30 13:48:09,240 Time taken for page 1 of Invoice_919_0.png:0:00:01.900458
2024-01-30 13:48:09,389 *****Generated All Pages****** for Invoice_919_0.png
2024-01-30 13:48:09,389 RAM memory 67.9 used for Invoice_919_0.png Generating All Pages:
2024-01-30 13:48:09,389 Processing time taken for all pages of Invoice_919_0.png1:0:00:02.140305
2024-01-30 13:48:09,536 file name is:Proforma_Invoice_330_0.png
2024-01-30 13:48:09,536 folder path :Images
2024-01-30 13:48:09,537 Calling Image result
2024-01-30 13:48:09,537 is all_page_result is instance of dict? True
2024-01-30 13:48:09,537 STREAM b'IHDR' 16 13
2024-01-30 13:48:09,537 STREAM b'IDAT' 41 38572
2024-01-30 13:48:09,586 is words is instance of list? True
2024-01-30 13:48:09,586 is bboxes is instance of list? True
2024-01-30 13:48:09,586 is bounding_boxes is instance of list? True
2024-01-30 13:48:09,795 is input_id_chunks is instance of list? True
2024-01-30 13:48:09,795 is mask_chunks is instance of list? True
2024-01-30 13:48:09,795 is bbox_chunks is instance of list? True
2024-01-30 13:48:09,796 is image_chunks is instance of list? True
2024-01-30 13:48:09,796 is input_dict is instance of dict? True
2024-01-30 13:48:10,592 Model Called
2024-01-30 13:48:10,592 RAM memory 68.3 used for Proforma_Invoice_330_0.png:
2024-01-30 13:48:10,592 is all_predictions is instance of list? True
2024-01-30 13:48:10,592 is all_boxes is instance of list? True
2024-01-30 13:48:10,592 is all_confidences is instance of list? True
2024-01-30 13:48:10,592 is all_text is instance of list? True
2024-01-30 13:48:10,593 is label2id is instance of dict? True
2024-01-30 13:48:10,593 is id2label is instance of dict? True
2024-01-30 13:48:10,594 is label2color is instance of dict? True
2024-01-30 13:48:10,594 label2color : {'signature': '#986A0C', 'remitter_address': '#E29DFE', 'O': '#F1AA33', 'notify_party_country': '#004227', 'port_of_loading': '#E015D4', 'beneficiary_account_number': '#943146', 'consignee_address': '#E5194F', 'beneficiary_iban_number': '#D94D1A', 'bill_of_lading_no': '#EB9B9C', 'pre-carriage-by': '#1616FA', 'invoice_discount_amount': '#E3EA01', 'beneficiary_address': '#C14A50', 'rate_per_unit': '#3DAB09', 'original_or_copy': '#D64BC8', 'hs_code_no': '#966EF6', 'bill_of_lading_date': '#A0AAE5', 'declaration_by_issuer': '#5F6F7E', 'beneficiary_bank_identifier': '#C63AD4', 'vessel_flight_no': '#F2B883', 'goods_description': '#D133E0', 'incoterm': '#BF98C9', 'invoice_due_date': '#8D92A2', 'tenor_type': '#ED0489', 'country_of_origin_of_goods': '#B90C26', 'invoice_no': '#0EB23F', 'cosignee_name': '#E77AA4', 'total_quantity_of_goods': '#96DA1C', 'consignor_address': '#C2A594', 'invoice_tax_ccy': '#415C58', 'gross_weight': '#CE2A63', 'notify_party_name': '#DF7A2D', 'dimension': '#97CD1F', 'consignor_name': '#7385EE', 'indicator_type': '#FB530F', 'invoice_tax_amount': '#9BC2C8', 'country_of_final_destination': '#6556DF', 'usance_tenor': '#B381BC', 'date_of_invoice': '#42B5C2', 'invoice_currency': '#754F7E', 'invoice_amount_in_words': '#ED2E93', 'awb_number': '#5B8B40', 'awb_date': '#C9184B', 'lc_ref_no': '#3D74DC', 'vessel_name': '#99AC48', 'net_weight': '#D6D71B', 'beneficiary_country': '#525F4C', 'beneficiary_drawer_exporter_seller_supplier_tin': '#313DB5', 'remitter_drawee_applicant_importer_buyer_name': '#9473D6', 'transaction_date': '#B6B509', 'shipper_name': '#49B50F', 'indicator_date': '#513010', 'beneficiary_bank_country': '#C8BE47', 'shipper_address': '#466386', 'signature_of_the_issuer': '#2A7613', 'tenor_indicator': '#0A76DD', 'delivery_terms': '#08DE9F', 'transaction_currency': '#6AA79B', 'beneficiary_drawer_exporter_seller_supplier_name': '#307751', 'page_no': '#B8A005', 'consignor_country': '#AF3485', 'beneficiary_bank_name': '#E3814A', 'lc_date': '#D1443C', 'invoice_discount_ccy': '#3A7327', 'transaction_amonunt_value': '#2F7F71', 'stamp': '#CF9E34', 'notify_party_address': '#376CC9', 'invoice_amount': '#24BC1F', 'port_of_discharge': '#116F90'}
2024-01-30 13:48:10,724 is result_set is instance of dict? True
2024-01-30 13:48:10,725 is final_result_set is instance of dict? True
2024-01-30 13:48:10,742 Time taken for page 1 of Proforma_Invoice_330_0.png:0:00:01.204397
2024-01-30 13:48:10,865 *****Generated All Pages****** for Proforma_Invoice_330_0.png
2024-01-30 13:48:10,865 RAM memory 68.3 used for Proforma_Invoice_330_0.png Generating All Pages:
2024-01-30 13:48:10,865 Processing time taken for all pages of Proforma_Invoice_330_0.png1:0:00:01.328736
2024-01-30 13:48:11,024 file name is:Invoice_981_3.png
2024-01-30 13:48:11,024 folder path :Images
2024-01-30 13:48:11,024 Calling Image result
2024-01-30 13:48:11,024 is all_page_result is instance of dict? True
2024-01-30 13:48:11,025 STREAM b'IHDR' 16 13
2024-01-30 13:48:11,025 STREAM b'IDAT' 41 50537
2024-01-30 13:48:11,045 is words is instance of list? True
2024-01-30 13:48:11,045 is bboxes is instance of list? True
2024-01-30 13:48:11,045 is bounding_boxes is instance of list? True
2024-01-30 13:48:11,251 is input_id_chunks is instance of list? True
2024-01-30 13:48:11,251 is mask_chunks is instance of list? True
2024-01-30 13:48:11,251 is bbox_chunks is instance of list? True
2024-01-30 13:48:11,251 is image_chunks is instance of list? True
2024-01-30 13:48:11,251 is input_dict is instance of dict? True
2024-01-30 13:48:12,821 Model Called
2024-01-30 13:48:12,821 RAM memory 68.2 used for Invoice_981_3.png:
2024-01-30 13:48:12,821 is all_predictions is instance of list? True
2024-01-30 13:48:12,822 is all_boxes is instance of list? True
2024-01-30 13:48:12,822 is all_confidences is instance of list? True
2024-01-30 13:48:12,822 is all_text is instance of list? True
2024-01-30 13:48:12,822 is label2id is instance of dict? True
2024-01-30 13:48:12,822 is id2label is instance of dict? True
2024-01-30 13:48:12,823 is label2color is instance of dict? True
2024-01-30 13:48:12,823 label2color : {'signature': '#39524C', 'remitter_address': '#99965D', 'O': '#8FED4A', 'notify_party_country': '#49424F', 'port_of_loading': '#AAE83A', 'beneficiary_account_number': '#6FC99A', 'consignee_address': '#D3846C', 'beneficiary_iban_number': '#AC69A7', 'bill_of_lading_no': '#CD1082', 'pre-carriage-by': '#C09B47', 'invoice_discount_amount': '#EB3324', 'beneficiary_address': '#55AD9C', 'rate_per_unit': '#7851A9', 'original_or_copy': '#7F2034', 'hs_code_no': '#FA4DE9', 'bill_of_lading_date': '#10618B', 'declaration_by_issuer': '#787F07', 'beneficiary_bank_identifier': '#F0B4CA', 'vessel_flight_no': '#A57648', 'goods_description': '#4A594E', 'incoterm': '#135257', 'invoice_due_date': '#9E09B4', 'tenor_type': '#E76EB0', 'country_of_origin_of_goods': '#02D172', 'invoice_no': '#BDF13F', 'cosignee_name': '#62D4C6', 'total_quantity_of_goods': '#63A01A', 'consignor_address': '#B554B4', 'invoice_tax_ccy': '#FCC3C6', 'gross_weight': '#D748F1', 'notify_party_name': '#ADD5CC', 'dimension': '#D62070', 'consignor_name': '#38B767', 'indicator_type': '#496BAC', 'invoice_tax_amount': '#F299FE', 'country_of_final_destination': '#2CB73F', 'usance_tenor': '#10999D', 'date_of_invoice': '#A061A4', 'invoice_currency': '#E48B29', 'invoice_amount_in_words': '#B53459', 'awb_number': '#6120EA', 'awb_date': '#8F2441', 'lc_ref_no': '#AC9E50', 'vessel_name': '#BCEF2F', 'net_weight': '#7154BE', 'beneficiary_country': '#723B85', 'beneficiary_drawer_exporter_seller_supplier_tin': '#6B6BEC', 'remitter_drawee_applicant_importer_buyer_name': '#2EA053', 'transaction_date': '#74154A', 'shipper_name': '#D9A78E', 'indicator_date': '#94CBD0', 'beneficiary_bank_country': '#117F7D', 'shipper_address': '#81610B', 'signature_of_the_issuer': '#CDF2E2', 'tenor_indicator': '#E0B877', 'delivery_terms': '#C45253', 'transaction_currency': '#3DE70F', 'beneficiary_drawer_exporter_seller_supplier_name': '#E54547', 'page_no': '#EBF691', 'consignor_country': '#3838E9', 'beneficiary_bank_name': '#C649DF', 'lc_date': '#0975FC', 'invoice_discount_ccy': '#DB63B9', 'transaction_amonunt_value': '#C5BC90', 'stamp': '#8A282C', 'notify_party_address': '#CA6FE8', 'invoice_amount': '#F6BFB6', 'port_of_discharge': '#9A0936'}
2024-01-30 13:48:13,016 is result_set is instance of dict? True
2024-01-30 13:48:13,017 is final_result_set is instance of dict? True
2024-01-30 13:48:13,050 Time taken for page 1 of Invoice_981_3.png:0:00:02.025119
2024-01-30 13:48:13,181 *****Generated All Pages****** for Invoice_981_3.png
2024-01-30 13:48:13,181 RAM memory 68.5 used for Invoice_981_3.png Generating All Pages:
2024-01-30 13:48:13,181 Processing time taken for all pages of Invoice_981_3.png1:0:00:02.157093
2024-01-30 13:48:13,328 file name is:Invoice_571_2.png
2024-01-30 13:48:13,328 folder path :Images
2024-01-30 13:48:13,328 Calling Image result
2024-01-30 13:48:13,328 is all_page_result is instance of dict? True
2024-01-30 13:48:13,329 STREAM b'IHDR' 16 13
2024-01-30 13:48:13,329 STREAM b'IDAT' 41 40497
2024-01-30 13:48:13,454 is words is instance of list? True
2024-01-30 13:48:13,454 is bboxes is instance of list? True
2024-01-30 13:48:13,454 is bounding_boxes is instance of list? True
2024-01-30 13:48:13,632 is input_id_chunks is instance of list? True
2024-01-30 13:48:13,632 is mask_chunks is instance of list? True
2024-01-30 13:48:13,632 is bbox_chunks is instance of list? True
2024-01-30 13:48:13,632 is image_chunks is instance of list? True
2024-01-30 13:48:13,632 is input_dict is instance of dict? True
2024-01-30 13:48:14,301 Model Called
2024-01-30 13:48:14,302 RAM memory 68.9 used for Invoice_571_2.png:
2024-01-30 13:48:14,302 is all_predictions is instance of list? True
2024-01-30 13:48:14,302 is all_boxes is instance of list? True
2024-01-30 13:48:14,302 is all_confidences is instance of list? True
2024-01-30 13:48:14,302 is all_text is instance of list? True
2024-01-30 13:48:14,302 is label2id is instance of dict? True
2024-01-30 13:48:14,302 is id2label is instance of dict? True
2024-01-30 13:48:14,303 is label2color is instance of dict? True
2024-01-30 13:48:14,303 label2color : {'signature': '#5F703A', 'remitter_address': '#FC82FD', 'O': '#48E4FA', 'notify_party_country': '#68DA3D', 'port_of_loading': '#F06EDB', 'beneficiary_account_number': '#AF0555', 'consignee_address': '#3D9A10', 'beneficiary_iban_number': '#AEB540', 'bill_of_lading_no': '#5AC8C9', 'pre-carriage-by': '#DD8B07', 'invoice_discount_amount': '#89D1A6', 'beneficiary_address': '#D07433', 'rate_per_unit': '#B51D1B', 'original_or_copy': '#D36A05', 'hs_code_no': '#28F363', 'bill_of_lading_date': '#43B32F', 'declaration_by_issuer': '#2FDFC8', 'beneficiary_bank_identifier': '#ED3C88', 'vessel_flight_no': '#C13CF4', 'goods_description': '#DCC8BE', 'incoterm': '#6F5AAB', 'invoice_due_date': '#AB46FB', 'tenor_type': '#82ED0A', 'country_of_origin_of_goods': '#B67068', 'invoice_no': '#733C01', 'cosignee_name': '#B413DE', 'total_quantity_of_goods': '#A6A7AB', 'consignor_address': '#546247', 'invoice_tax_ccy': '#481238', 'gross_weight': '#55075D', 'notify_party_name': '#0279EF', 'dimension': '#86EB0E', 'consignor_name': '#49DE6A', 'indicator_type': '#F2A3A8', 'invoice_tax_amount': '#1CE23C', 'country_of_final_destination': '#14B695', 'usance_tenor': '#E613F4', 'date_of_invoice': '#2F2B29', 'invoice_currency': '#26F183', 'invoice_amount_in_words': '#F0CB68', 'awb_number': '#7DB5E4', 'awb_date': '#13695B', 'lc_ref_no': '#C71621', 'vessel_name': '#24AEC8', 'net_weight': '#8E6A85', 'beneficiary_country': '#245491', 'beneficiary_drawer_exporter_seller_supplier_tin': '#5DE63C', 'remitter_drawee_applicant_importer_buyer_name': '#F54BD4', 'transaction_date': '#0AEC6B', 'shipper_name': '#9B0CD1', 'indicator_date': '#43F533', 'beneficiary_bank_country': '#243883', 'shipper_address': '#24BA86', 'signature_of_the_issuer': '#E38593', 'tenor_indicator': '#B3F55F', 'delivery_terms': '#2E72C7', 'transaction_currency': '#73291D', 'beneficiary_drawer_exporter_seller_supplier_name': '#0842C4', 'page_no': '#3C365C', 'consignor_country': '#D32E37', 'beneficiary_bank_name': '#61A7E2', 'lc_date': '#C10283', 'invoice_discount_ccy': '#E0048A', 'transaction_amonunt_value': '#1F8B73', 'stamp': '#4D0FBD', 'notify_party_address': '#9C5C42', 'invoice_amount': '#DA54C8', 'port_of_discharge': '#F48387'}
2024-01-30 13:48:14,424 is result_set is instance of dict? True
2024-01-30 13:48:14,426 is final_result_set is instance of dict? True
2024-01-30 13:48:14,460 Time taken for page 1 of Invoice_571_2.png:0:00:01.131035
2024-01-30 13:48:14,621 *****Generated All Pages****** for Invoice_571_2.png
2024-01-30 13:48:14,621 RAM memory 69.1 used for Invoice_571_2.png Generating All Pages:
2024-01-30 13:48:14,621 Processing time taken for all pages of Invoice_571_2.png1:0:00:01.293481
2024-01-30 13:48:14,768 file name is:Invoice_952_2.png
2024-01-30 13:48:14,768 folder path :Images
2024-01-30 13:48:14,768 Calling Image result
2024-01-30 13:48:14,768 is all_page_result is instance of dict? True
2024-01-30 13:48:14,769 STREAM b'IHDR' 16 13
2024-01-30 13:48:14,769 STREAM b'IDAT' 41 43102
2024-01-30 13:48:14,813 is words is instance of list? True
2024-01-30 13:48:14,813 is bboxes is instance of list? True
2024-01-30 13:48:14,813 is bounding_boxes is instance of list? True
2024-01-30 13:48:15,026 is input_id_chunks is instance of list? True
2024-01-30 13:48:15,026 is mask_chunks is instance of list? True
2024-01-30 13:48:15,026 is bbox_chunks is instance of list? True
2024-01-30 13:48:15,026 is image_chunks is instance of list? True
2024-01-30 13:48:15,027 is input_dict is instance of dict? True
2024-01-30 13:48:15,656 Model Called
2024-01-30 13:48:15,656 RAM memory 69.4 used for Invoice_952_2.png:
2024-01-30 13:48:15,656 is all_predictions is instance of list? True
2024-01-30 13:48:15,657 is all_boxes is instance of list? True
2024-01-30 13:48:15,657 is all_confidences is instance of list? True
2024-01-30 13:48:15,657 is all_text is instance of list? True
2024-01-30 13:48:15,657 is label2id is instance of dict? True
2024-01-30 13:48:15,657 is id2label is instance of dict? True
2024-01-30 13:48:15,658 is label2color is instance of dict? True
2024-01-30 13:48:15,658 label2color : {'signature': '#A71EA8', 'remitter_address': '#4B9688', 'O': '#A64E51', 'notify_party_country': '#55249C', 'port_of_loading': '#85A23F', 'beneficiary_account_number': '#65E8E2', 'consignee_address': '#FB96AC', 'beneficiary_iban_number': '#7E8C78', 'bill_of_lading_no': '#225893', 'pre-carriage-by': '#474B95', 'invoice_discount_amount': '#2841B2', 'beneficiary_address': '#E96C77', 'rate_per_unit': '#DBDC62', 'original_or_copy': '#1C7AF4', 'hs_code_no': '#89BF50', 'bill_of_lading_date': '#2F5564', 'declaration_by_issuer': '#EB5C83', 'beneficiary_bank_identifier': '#72B9CD', 'vessel_flight_no': '#2E1DA2', 'goods_description': '#C62735', 'incoterm': '#C42752', 'invoice_due_date': '#BDA160', 'tenor_type': '#0D9243', 'country_of_origin_of_goods': '#83B7E3', 'invoice_no': '#1D26DB', 'cosignee_name': '#D3357A', 'total_quantity_of_goods': '#C2815D', 'consignor_address': '#86CB2B', 'invoice_tax_ccy': '#A07F18', 'gross_weight': '#E83B25', 'notify_party_name': '#82599F', 'dimension': '#65C676', 'consignor_name': '#3C4625', 'indicator_type': '#A42A22', 'invoice_tax_amount': '#009421', 'country_of_final_destination': '#2C7B9D', 'usance_tenor': '#125809', 'date_of_invoice': '#2E5CC2', 'invoice_currency': '#4756E9', 'invoice_amount_in_words': '#36F264', 'awb_number': '#0568B3', 'awb_date': '#81F1C5', 'lc_ref_no': '#E1AC3B', 'vessel_name': '#13DB69', 'net_weight': '#37BDB6', 'beneficiary_country': '#0C670B', 'beneficiary_drawer_exporter_seller_supplier_tin': '#9A8A2C', 'remitter_drawee_applicant_importer_buyer_name': '#524F83', 'transaction_date': '#56D1C7', 'shipper_name': '#6AD7BF', 'indicator_date': '#B504AA', 'beneficiary_bank_country': '#9C7EAF', 'shipper_address': '#1C416A', 'signature_of_the_issuer': '#0E7405', 'tenor_indicator': '#4D527C', 'delivery_terms': '#ECC2B6', 'transaction_currency': '#28524B', 'beneficiary_drawer_exporter_seller_supplier_name': '#FA907E', 'page_no': '#34349F', 'consignor_country': '#D577C2', 'beneficiary_bank_name': '#4AADE8', 'lc_date': '#5B6AA4', 'invoice_discount_ccy': '#C1E781', 'transaction_amonunt_value': '#BB4B2F', 'stamp': '#266507', 'notify_party_address': '#5E286A', 'invoice_amount': '#B0D0A9', 'port_of_discharge': '#246336'}
2024-01-30 13:48:15,785 is result_set is instance of dict? True
2024-01-30 13:48:15,786 is final_result_set is instance of dict? True
2024-01-30 13:48:15,817 Time taken for page 1 of Invoice_952_2.png:0:00:01.048412
2024-01-30 13:48:15,946 *****Generated All Pages****** for Invoice_952_2.png
2024-01-30 13:48:15,947 RAM memory 69.6 used for Invoice_952_2.png Generating All Pages:
2024-01-30 13:48:15,947 Processing time taken for all pages of Invoice_952_2.png1:0:00:01.178498
2024-01-30 13:48:16,127 file name is:Proforma_Invoice_169_2.png
2024-01-30 13:48:16,127 folder path :Images
2024-01-30 13:48:16,127 Calling Image result
2024-01-30 13:48:16,127 is all_page_result is instance of dict? True
2024-01-30 13:48:16,128 STREAM b'IHDR' 16 13
2024-01-30 13:48:16,128 STREAM b'IDAT' 41 23572
2024-01-30 13:48:16,146 Checking spheric-time-383904-f1b421d86eef.json for explicit credentials as part of auth process...
2024-01-30 13:48:16,855 is words is instance of list? True
2024-01-30 13:48:16,855 is bboxes is instance of list? True
2024-01-30 13:48:16,855 is bounding_boxes is instance of list? True
2024-01-30 13:48:17,072 is input_id_chunks is instance of list? True
2024-01-30 13:48:17,072 is mask_chunks is instance of list? True
2024-01-30 13:48:17,072 is bbox_chunks is instance of list? True
2024-01-30 13:48:17,072 is image_chunks is instance of list? True
2024-01-30 13:48:17,073 is input_dict is instance of dict? True
2024-01-30 13:48:17,866 Model Called
2024-01-30 13:48:17,866 RAM memory 68.0 used for Proforma_Invoice_169_2.png:
2024-01-30 13:48:17,866 is all_predictions is instance of list? True
2024-01-30 13:48:17,866 is all_boxes is instance of list? True
2024-01-30 13:48:17,866 is all_confidences is instance of list? True
2024-01-30 13:48:17,866 is all_text is instance of list? True
2024-01-30 13:48:17,866 is label2id is instance of dict? True
2024-01-30 13:48:17,867 is id2label is instance of dict? True
2024-01-30 13:48:17,867 is label2color is instance of dict? True
2024-01-30 13:48:17,867 label2color : {'signature': '#1D1A4C', 'remitter_address': '#DD5719', 'O': '#FA6871', 'notify_party_country': '#40E781', 'port_of_loading': '#A3D15E', 'beneficiary_account_number': '#917525', 'consignee_address': '#FDC72D', 'beneficiary_iban_number': '#5CED7D', 'bill_of_lading_no': '#B0CD11', 'pre-carriage-by': '#F70F52', 'invoice_discount_amount': '#41FE9A', 'beneficiary_address': '#95566C', 'rate_per_unit': '#FD2FEC', 'original_or_copy': '#F765D3', 'hs_code_no': '#0C649D', 'bill_of_lading_date': '#D2FA32', 'declaration_by_issuer': '#44ACE5', 'beneficiary_bank_identifier': '#7EF16B', 'vessel_flight_no': '#A9DE28', 'goods_description': '#F07F57', 'incoterm': '#CA4C8C', 'invoice_due_date': '#22B97C', 'tenor_type': '#BC9FC7', 'country_of_origin_of_goods': '#86A591', 'invoice_no': '#E0091B', 'cosignee_name': '#5AF085', 'total_quantity_of_goods': '#15684C', 'consignor_address': '#B14B13', 'invoice_tax_ccy': '#7F4A91', 'gross_weight': '#633127', 'notify_party_name': '#290867', 'dimension': '#6D5913', 'consignor_name': '#073FDE', 'indicator_type': '#1BFDF3', 'invoice_tax_amount': '#13184D', 'country_of_final_destination': '#F1B6C6', 'usance_tenor': '#C2E11D', 'date_of_invoice': '#47F162', 'invoice_currency': '#FF4777', 'invoice_amount_in_words': '#E84F73', 'awb_number': '#98DCBB', 'awb_date': '#3C3DDB', 'lc_ref_no': '#57A076', 'vessel_name': '#01F4A7', 'net_weight': '#53FCA7', 'beneficiary_country': '#2D2F63', 'beneficiary_drawer_exporter_seller_supplier_tin': '#11E5CD', 'remitter_drawee_applicant_importer_buyer_name': '#97CEC5', 'transaction_date': '#EDDB3C', 'shipper_name': '#523F80', 'indicator_date': '#37E352', 'beneficiary_bank_country': '#AEAFAE', 'shipper_address': '#32BB0A', 'signature_of_the_issuer': '#E274BA', 'tenor_indicator': '#AA19D5', 'delivery_terms': '#5ABD1C', 'transaction_currency': '#08A693', 'beneficiary_drawer_exporter_seller_supplier_name': '#B66D49', 'page_no': '#8B25A2', 'consignor_country': '#9C11F2', 'beneficiary_bank_name': '#A79677', 'lc_date': '#12E618', 'invoice_discount_ccy': '#C0A35F', 'transaction_amonunt_value': '#59D114', 'stamp': '#B406CD', 'notify_party_address': '#4368BB', 'invoice_amount': '#AA0E97', 'port_of_discharge': '#02C2CD'}
2024-01-30 13:48:18,034 is result_set is instance of dict? True
2024-01-30 13:48:18,034 is final_result_set is instance of dict? True
2024-01-30 13:48:18,048 Time taken for page 1 of Proforma_Invoice_169_2.png:0:00:01.919720
2024-01-30 13:48:18,176 *****Generated All Pages****** for Proforma_Invoice_169_2.png
2024-01-30 13:48:18,176 RAM memory 68.2 used for Proforma_Invoice_169_2.png Generating All Pages:
2024-01-30 13:48:18,176 Processing time taken for all pages of Proforma_Invoice_169_2.png1:0:00:02.049034
2024-01-30 13:48:18,371 file name is:Proforma_Invoice_400_0.png
2024-01-30 13:48:18,371 folder path :Images
2024-01-30 13:48:18,371 Calling Image result
2024-01-30 13:48:18,371 is all_page_result is instance of dict? True
2024-01-30 13:48:18,372 STREAM b'IHDR' 16 13
2024-01-30 13:48:18,372 STREAM b'IDAT' 41 56432
2024-01-30 13:48:18,395 is words is instance of list? True
2024-01-30 13:48:18,395 is bboxes is instance of list? True
2024-01-30 13:48:18,395 is bounding_boxes is instance of list? True
2024-01-30 13:48:18,603 is input_id_chunks is instance of list? True
2024-01-30 13:48:18,603 is mask_chunks is instance of list? True
2024-01-30 13:48:18,603 is bbox_chunks is instance of list? True
2024-01-30 13:48:18,603 is image_chunks is instance of list? True
2024-01-30 13:48:18,603 is input_dict is instance of dict? True
2024-01-30 13:48:19,399 Model Called
2024-01-30 13:48:19,399 RAM memory 68.8 used for Proforma_Invoice_400_0.png:
2024-01-30 13:48:19,399 is all_predictions is instance of list? True
2024-01-30 13:48:19,399 is all_boxes is instance of list? True
2024-01-30 13:48:19,399 is all_confidences is instance of list? True
2024-01-30 13:48:19,399 is all_text is instance of list? True
2024-01-30 13:48:19,400 is label2id is instance of dict? True
2024-01-30 13:48:19,400 is id2label is instance of dict? True
2024-01-30 13:48:19,401 is label2color is instance of dict? True
2024-01-30 13:48:19,401 label2color : {'signature': '#EC2365', 'remitter_address': '#162D27', 'O': '#096865', 'notify_party_country': '#39866B', 'port_of_loading': '#3E9FA6', 'beneficiary_account_number': '#4DB16F', 'consignee_address': '#4775EB', 'beneficiary_iban_number': '#B54D06', 'bill_of_lading_no': '#AABD54', 'pre-carriage-by': '#ABD045', 'invoice_discount_amount': '#5058E1', 'beneficiary_address': '#0AC302', 'rate_per_unit': '#33B1C9', 'original_or_copy': '#87E42C', 'hs_code_no': '#601596', 'bill_of_lading_date': '#575C94', 'declaration_by_issuer': '#2A338E', 'beneficiary_bank_identifier': '#5DB7A2', 'vessel_flight_no': '#77708C', 'goods_description': '#AD53C8', 'incoterm': '#1491C6', 'invoice_due_date': '#7A2645', 'tenor_type': '#C9EFBB', 'country_of_origin_of_goods': '#9C1D4E', 'invoice_no': '#7915A7', 'cosignee_name': '#F894EE', 'total_quantity_of_goods': '#B44EF3', 'consignor_address': '#9ACF7F', 'invoice_tax_ccy': '#932EB7', 'gross_weight': '#9CA1FE', 'notify_party_name': '#A0AF7B', 'dimension': '#20062C', 'consignor_name': '#7B9BF3', 'indicator_type': '#3747F5', 'invoice_tax_amount': '#5E3D8F', 'country_of_final_destination': '#0C57FB', 'usance_tenor': '#E6461C', 'date_of_invoice': '#F14AB1', 'invoice_currency': '#904CB3', 'invoice_amount_in_words': '#C1F4F6', 'awb_number': '#9F8DCB', 'awb_date': '#6B817D', 'lc_ref_no': '#5F74DA', 'vessel_name': '#44A763', 'net_weight': '#0E8EBE', 'beneficiary_country': '#FC70AC', 'beneficiary_drawer_exporter_seller_supplier_tin': '#B1AEAF', 'remitter_drawee_applicant_importer_buyer_name': '#BB5CB5', 'transaction_date': '#49075C', 'shipper_name': '#B65E75', 'indicator_date': '#5F51FF', 'beneficiary_bank_country': '#712082', 'shipper_address': '#914ECA', 'signature_of_the_issuer': '#4D7FDA', 'tenor_indicator': '#C61966', 'delivery_terms': '#64397D', 'transaction_currency': '#D8DC2F', 'beneficiary_drawer_exporter_seller_supplier_name': '#2D076E', 'page_no': '#6F2AF2', 'consignor_country': '#F1CBE4', 'beneficiary_bank_name': '#95D69C', 'lc_date': '#52E531', 'invoice_discount_ccy': '#4E2BB9', 'transaction_amonunt_value': '#D6592E', 'stamp': '#C3E3CC', 'notify_party_address': '#6A7707', 'invoice_amount': '#019404', 'port_of_discharge': '#CBC75E'}
2024-01-30 13:48:19,571 is result_set is instance of dict? True
2024-01-30 13:48:19,572 is final_result_set is instance of dict? True
2024-01-30 13:48:19,587 Time taken for page 1 of Proforma_Invoice_400_0.png:0:00:01.214750
2024-01-30 13:48:19,759 *****Generated All Pages****** for Proforma_Invoice_400_0.png
2024-01-30 13:48:19,760 RAM memory 69.0 used for Proforma_Invoice_400_0.png Generating All Pages:
2024-01-30 13:48:19,760 Processing time taken for all pages of Proforma_Invoice_400_0.png1:0:00:01.388301
2024-01-30 13:48:19,906 file name is:Invoice_969_7.png
2024-01-30 13:48:19,906 folder path :Images
2024-01-30 13:48:19,906 Calling Image result
2024-01-30 13:48:19,906 is all_page_result is instance of dict? True
2024-01-30 13:48:19,907 STREAM b'IHDR' 16 13
2024-01-30 13:48:19,907 STREAM b'IDAT' 41 45116
2024-01-30 13:48:19,926 is words is instance of list? True
2024-01-30 13:48:19,926 is bboxes is instance of list? True
2024-01-30 13:48:19,926 is bounding_boxes is instance of list? True
2024-01-30 13:48:20,144 is input_id_chunks is instance of list? True
2024-01-30 13:48:20,144 is mask_chunks is instance of list? True
2024-01-30 13:48:20,144 is bbox_chunks is instance of list? True
2024-01-30 13:48:20,144 is image_chunks is instance of list? True
2024-01-30 13:48:20,145 is input_dict is instance of dict? True
2024-01-30 13:48:21,748 Model Called
2024-01-30 13:48:21,748 RAM memory 69.6 used for Invoice_969_7.png:
2024-01-30 13:48:21,748 is all_predictions is instance of list? True
2024-01-30 13:48:21,748 is all_boxes is instance of list? True
2024-01-30 13:48:21,748 is all_confidences is instance of list? True
2024-01-30 13:48:21,748 is all_text is instance of list? True
2024-01-30 13:48:21,748 is label2id is instance of dict? True
2024-01-30 13:48:21,748 is id2label is instance of dict? True
2024-01-30 13:48:21,749 is label2color is instance of dict? True
2024-01-30 13:48:21,749 label2color : {'signature': '#FD61BD', 'remitter_address': '#DCD7AD', 'O': '#03D166', 'notify_party_country': '#6F9B6D', 'port_of_loading': '#081171', 'beneficiary_account_number': '#4E55AA', 'consignee_address': '#0859E5', 'beneficiary_iban_number': '#DC75E3', 'bill_of_lading_no': '#DD3A57', 'pre-carriage-by': '#1993DC', 'invoice_discount_amount': '#64796E', 'beneficiary_address': '#345155', 'rate_per_unit': '#61FE0E', 'original_or_copy': '#8DA6E3', 'hs_code_no': '#118D34', 'bill_of_lading_date': '#09BBFF', 'declaration_by_issuer': '#69838A', 'beneficiary_bank_identifier': '#7F4538', 'vessel_flight_no': '#6AA44C', 'goods_description': '#46625A', 'incoterm': '#DDE059', 'invoice_due_date': '#EA7A50', 'tenor_type': '#2E0142', 'country_of_origin_of_goods': '#1B2B55', 'invoice_no': '#5F42EA', 'cosignee_name': '#C628EF', 'total_quantity_of_goods': '#94C832', 'consignor_address': '#A4F859', 'invoice_tax_ccy': '#3DE696', 'gross_weight': '#CC61A4', 'notify_party_name': '#1B1A4B', 'dimension': '#62CAEE', 'consignor_name': '#6BBB37', 'indicator_type': '#613706', 'invoice_tax_amount': '#CC836D', 'country_of_final_destination': '#5272DB', 'usance_tenor': '#FFBA94', 'date_of_invoice': '#2EC509', 'invoice_currency': '#B5915F', 'invoice_amount_in_words': '#43A16B', 'awb_number': '#02DD41', 'awb_date': '#CCEB0F', 'lc_ref_no': '#64C334', 'vessel_name': '#013533', 'net_weight': '#FC6EE5', 'beneficiary_country': '#58BACF', 'beneficiary_drawer_exporter_seller_supplier_tin': '#F932BA', 'remitter_drawee_applicant_importer_buyer_name': '#C4001B', 'transaction_date': '#B08C7E', 'shipper_name': '#4ED423', 'indicator_date': '#A76B14', 'beneficiary_bank_country': '#EE6743', 'shipper_address': '#6CD332', 'signature_of_the_issuer': '#C627C0', 'tenor_indicator': '#8ADCF1', 'delivery_terms': '#83D00C', 'transaction_currency': '#B1EF77', 'beneficiary_drawer_exporter_seller_supplier_name': '#FBB8BF', 'page_no': '#51E57F', 'consignor_country': '#A22C56', 'beneficiary_bank_name': '#F75D60', 'lc_date': '#65C96A', 'invoice_discount_ccy': '#CC2CBA', 'transaction_amonunt_value': '#77B3E9', 'stamp': '#F08ADD', 'notify_party_address': '#57EB31', 'invoice_amount': '#11F1F8', 'port_of_discharge': '#52215D'}
2024-01-30 13:48:21,936 is result_set is instance of dict? True
2024-01-30 13:48:21,937 is final_result_set is instance of dict? True
2024-01-30 13:48:21,958 Time taken for page 1 of Invoice_969_7.png:0:00:02.051705
2024-01-30 13:48:22,082 *****Generated All Pages****** for Invoice_969_7.png
2024-01-30 13:48:22,082 RAM memory 67.4 used for Invoice_969_7.png Generating All Pages:
2024-01-30 13:48:22,082 Processing time taken for all pages of Invoice_969_7.png1:0:00:02.176412
2024-01-30 13:48:22,240 file name is:Invoice_939_0.png
2024-01-30 13:48:22,240 folder path :Images
2024-01-30 13:48:22,240 Calling Image result
2024-01-30 13:48:22,240 is all_page_result is instance of dict? True
2024-01-30 13:48:22,324 STREAM b'IHDR' 16 13
2024-01-30 13:48:22,324 STREAM b'IDAT' 41 42162
2024-01-30 13:48:22,362 is words is instance of list? True
2024-01-30 13:48:22,362 is bboxes is instance of list? True
2024-01-30 13:48:22,362 is bounding_boxes is instance of list? True
2024-01-30 13:48:22,547 is input_id_chunks is instance of list? True
2024-01-30 13:48:22,547 is mask_chunks is instance of list? True
2024-01-30 13:48:22,547 is bbox_chunks is instance of list? True
2024-01-30 13:48:22,547 is image_chunks is instance of list? True
2024-01-30 13:48:22,548 is input_dict is instance of dict? True
2024-01-30 13:48:23,318 Model Called
2024-01-30 13:48:23,318 RAM memory 68.2 used for Invoice_939_0.png:
2024-01-30 13:48:23,318 is all_predictions is instance of list? True
2024-01-30 13:48:23,318 is all_boxes is instance of list? True
2024-01-30 13:48:23,319 is all_confidences is instance of list? True
2024-01-30 13:48:23,319 is all_text is instance of list? True
2024-01-30 13:48:23,319 is label2id is instance of dict? True
2024-01-30 13:48:23,319 is id2label is instance of dict? True
2024-01-30 13:48:23,320 is label2color is instance of dict? True
2024-01-30 13:48:23,320 label2color : {'signature': '#789F80', 'remitter_address': '#319EEE', 'O': '#154891', 'notify_party_country': '#77C9A7', 'port_of_loading': '#9D6B1F', 'beneficiary_account_number': '#0D4743', 'consignee_address': '#5A78C7', 'beneficiary_iban_number': '#64A56D', 'bill_of_lading_no': '#60FCF7', 'pre-carriage-by': '#2CB155', 'invoice_discount_amount': '#C9AB59', 'beneficiary_address': '#DF6160', 'rate_per_unit': '#07DAA1', 'original_or_copy': '#507E2C', 'hs_code_no': '#2A81C3', 'bill_of_lading_date': '#6B598D', 'declaration_by_issuer': '#A07C7B', 'beneficiary_bank_identifier': '#987BEA', 'vessel_flight_no': '#83E723', 'goods_description': '#1E3C78', 'incoterm': '#6F6512', 'invoice_due_date': '#2E1D94', 'tenor_type': '#C2DFA2', 'country_of_origin_of_goods': '#5B6598', 'invoice_no': '#73E817', 'cosignee_name': '#00E9BD', 'total_quantity_of_goods': '#09E43F', 'consignor_address': '#BB42B6', 'invoice_tax_ccy': '#84B82D', 'gross_weight': '#AAB293', 'notify_party_name': '#C8CFA5', 'dimension': '#AAE220', 'consignor_name': '#0EE2F4', 'indicator_type': '#CC20A6', 'invoice_tax_amount': '#2F1557', 'country_of_final_destination': '#23ACE3', 'usance_tenor': '#116F1C', 'date_of_invoice': '#015F8C', 'invoice_currency': '#6753E1', 'invoice_amount_in_words': '#7CB875', 'awb_number': '#F5F8E5', 'awb_date': '#1AF735', 'lc_ref_no': '#ADA9D5', 'vessel_name': '#47238D', 'net_weight': '#3D0833', 'beneficiary_country': '#785E75', 'beneficiary_drawer_exporter_seller_supplier_tin': '#101456', 'remitter_drawee_applicant_importer_buyer_name': '#127BBF', 'transaction_date': '#A348ED', 'shipper_name': '#1BA022', 'indicator_date': '#B93866', 'beneficiary_bank_country': '#007514', 'shipper_address': '#6A5756', 'signature_of_the_issuer': '#277C1D', 'tenor_indicator': '#07C754', 'delivery_terms': '#435472', 'transaction_currency': '#7C2E41', 'beneficiary_drawer_exporter_seller_supplier_name': '#E5A3F8', 'page_no': '#4ECF9E', 'consignor_country': '#8C1716', 'beneficiary_bank_name': '#43E7E8', 'lc_date': '#8CC703', 'invoice_discount_ccy': '#8E1C50', 'transaction_amonunt_value': '#A94958', 'stamp': '#FF4306', 'notify_party_address': '#F01B82', 'invoice_amount': '#28B629', 'port_of_discharge': '#6F4BCA'}
2024-01-30 13:48:23,533 is result_set is instance of dict? True
2024-01-30 13:48:23,536 is final_result_set is instance of dict? True
2024-01-30 13:48:23,593 Time taken for page 1 of Invoice_939_0.png:0:00:01.268395
2024-01-30 13:48:23,773 *****Generated All Pages****** for Invoice_939_0.png
2024-01-30 13:48:23,774 RAM memory 68.4 used for Invoice_939_0.png Generating All Pages:
2024-01-30 13:48:23,774 Processing time taken for all pages of Invoice_939_0.png1:0:00:01.533887
2024-01-30 13:48:23,927 file name is:Invoice_970_0.png
2024-01-30 13:48:23,927 folder path :Images
2024-01-30 13:48:23,927 Calling Image result
2024-01-30 13:48:23,927 is all_page_result is instance of dict? True
2024-01-30 13:48:23,928 STREAM b'IHDR' 16 13
2024-01-30 13:48:23,928 STREAM b'IDAT' 41 43241
2024-01-30 13:48:23,947 is words is instance of list? True
2024-01-30 13:48:23,947 is bboxes is instance of list? True
2024-01-30 13:48:23,947 is bounding_boxes is instance of list? True
2024-01-30 13:48:24,132 is input_id_chunks is instance of list? True
2024-01-30 13:48:24,132 is mask_chunks is instance of list? True
2024-01-30 13:48:24,132 is bbox_chunks is instance of list? True
2024-01-30 13:48:24,132 is image_chunks is instance of list? True
2024-01-30 13:48:24,133 is input_dict is instance of dict? True
2024-01-30 13:48:25,744 Model Called
2024-01-30 13:48:25,744 RAM memory 69.3 used for Invoice_970_0.png:
2024-01-30 13:48:25,744 is all_predictions is instance of list? True
2024-01-30 13:48:25,744 is all_boxes is instance of list? True
2024-01-30 13:48:25,744 is all_confidences is instance of list? True
2024-01-30 13:48:25,744 is all_text is instance of list? True
2024-01-30 13:48:25,744 is label2id is instance of dict? True
2024-01-30 13:48:25,744 is id2label is instance of dict? True
2024-01-30 13:48:25,745 is label2color is instance of dict? True
2024-01-30 13:48:25,745 label2color : {'signature': '#2F3A42', 'remitter_address': '#13A357', 'O': '#CE4700', 'notify_party_country': '#7319D2', 'port_of_loading': '#78D728', 'beneficiary_account_number': '#62C4E9', 'consignee_address': '#4D0E29', 'beneficiary_iban_number': '#91AED3', 'bill_of_lading_no': '#FD0A87', 'pre-carriage-by': '#D0FCE9', 'invoice_discount_amount': '#3A9CD6', 'beneficiary_address': '#8DBC1D', 'rate_per_unit': '#9752E5', 'original_or_copy': '#4FAD32', 'hs_code_no': '#596725', 'bill_of_lading_date': '#45CE43', 'declaration_by_issuer': '#1360AB', 'beneficiary_bank_identifier': '#EBF3B2', 'vessel_flight_no': '#8D31EA', 'goods_description': '#BE5D8C', 'incoterm': '#8BE5B2', 'invoice_due_date': '#5C0305', 'tenor_type': '#B3621C', 'country_of_origin_of_goods': '#E68546', 'invoice_no': '#6F1E9F', 'cosignee_name': '#44FFAC', 'total_quantity_of_goods': '#6DF354', 'consignor_address': '#2A2283', 'invoice_tax_ccy': '#CAAE72', 'gross_weight': '#F35E38', 'notify_party_name': '#7B02AB', 'dimension': '#CB082B', 'consignor_name': '#70B956', 'indicator_type': '#E8844F', 'invoice_tax_amount': '#274C16', 'country_of_final_destination': '#6683EA', 'usance_tenor': '#7973FC', 'date_of_invoice': '#85BEC1', 'invoice_currency': '#6056A6', 'invoice_amount_in_words': '#6CB7D0', 'awb_number': '#B9A9A4', 'awb_date': '#8D6D4D', 'lc_ref_no': '#047E49', 'vessel_name': '#1B5292', 'net_weight': '#EF9D06', 'beneficiary_country': '#DDBCE6', 'beneficiary_drawer_exporter_seller_supplier_tin': '#01FBF6', 'remitter_drawee_applicant_importer_buyer_name': '#3B5B34', 'transaction_date': '#60D225', 'shipper_name': '#7ABD6C', 'indicator_date': '#06834A', 'beneficiary_bank_country': '#53BE2D', 'shipper_address': '#BFE806', 'signature_of_the_issuer': '#AD39C8', 'tenor_indicator': '#D6BAE4', 'delivery_terms': '#A3347E', 'transaction_currency': '#73BA3E', 'beneficiary_drawer_exporter_seller_supplier_name': '#A4ADE5', 'page_no': '#BAA2D3', 'consignor_country': '#75BD19', 'beneficiary_bank_name': '#A8380F', 'lc_date': '#789B1F', 'invoice_discount_ccy': '#E9C1FD', 'transaction_amonunt_value': '#BACE97', 'stamp': '#1809F6', 'notify_party_address': '#D01574', 'invoice_amount': '#8697E2', 'port_of_discharge': '#B50277'}
2024-01-30 13:48:25,986 is result_set is instance of dict? True
2024-01-30 13:48:25,986 is final_result_set is instance of dict? True
2024-01-30 13:48:26,021 Time taken for page 1 of Invoice_970_0.png:0:00:02.092952
2024-01-30 13:48:26,151 *****Generated All Pages****** for Invoice_970_0.png
2024-01-30 13:48:26,151 RAM memory 69.5 used for Invoice_970_0.png Generating All Pages:
2024-01-30 13:48:26,151 Processing time taken for all pages of Invoice_970_0.png1:0:00:02.224507
2024-01-30 13:48:26,300 file name is:Invoice_413_2.png
2024-01-30 13:48:26,300 folder path :Images
2024-01-30 13:48:26,300 Calling Image result
2024-01-30 13:48:26,300 is all_page_result is instance of dict? True
2024-01-30 13:48:26,394 STREAM b'IHDR' 16 13
2024-01-30 13:48:26,394 STREAM b'IDAT' 41 31326
2024-01-30 13:48:26,414 is words is instance of list? True
2024-01-30 13:48:26,414 is bboxes is instance of list? True
2024-01-30 13:48:26,414 is bounding_boxes is instance of list? True
2024-01-30 13:48:26,617 is input_id_chunks is instance of list? True
2024-01-30 13:48:26,617 is mask_chunks is instance of list? True
2024-01-30 13:48:26,618 is bbox_chunks is instance of list? True
2024-01-30 13:48:26,618 is image_chunks is instance of list? True
2024-01-30 13:48:26,618 is input_dict is instance of dict? True
2024-01-30 13:48:27,249 Model Called
2024-01-30 13:48:27,249 RAM memory 69.7 used for Invoice_413_2.png:
2024-01-30 13:48:27,249 is all_predictions is instance of list? True
2024-01-30 13:48:27,249 is all_boxes is instance of list? True
2024-01-30 13:48:27,249 is all_confidences is instance of list? True
2024-01-30 13:48:27,250 is all_text is instance of list? True
2024-01-30 13:48:27,250 is label2id is instance of dict? True
2024-01-30 13:48:27,250 is id2label is instance of dict? True
2024-01-30 13:48:27,251 is label2color is instance of dict? True
2024-01-30 13:48:27,251 label2color : {'signature': '#C92C30', 'remitter_address': '#0F7A8E', 'O': '#0DB4A1', 'notify_party_country': '#E38E51', 'port_of_loading': '#59636B', 'beneficiary_account_number': '#0E0806', 'consignee_address': '#A157E2', 'beneficiary_iban_number': '#B426F5', 'bill_of_lading_no': '#5260C5', 'pre-carriage-by': '#4B2ABC', 'invoice_discount_amount': '#27C664', 'beneficiary_address': '#E73FF4', 'rate_per_unit': '#16E2B9', 'original_or_copy': '#D45CB3', 'hs_code_no': '#969907', 'bill_of_lading_date': '#9DC06E', 'declaration_by_issuer': '#6DCD3B', 'beneficiary_bank_identifier': '#43A91E', 'vessel_flight_no': '#F7D4E1', 'goods_description': '#FF1B0A', 'incoterm': '#CE269F', 'invoice_due_date': '#51E182', 'tenor_type': '#2A265C', 'country_of_origin_of_goods': '#7DE62E', 'invoice_no': '#4529D3', 'cosignee_name': '#380F3B', 'total_quantity_of_goods': '#E79582', 'consignor_address': '#6C7A0A', 'invoice_tax_ccy': '#E3FBC5', 'gross_weight': '#FA3814', 'notify_party_name': '#9B1DFA', 'dimension': '#D16837', 'consignor_name': '#B6E710', 'indicator_type': '#E4821D', 'invoice_tax_amount': '#85612D', 'country_of_final_destination': '#FD377C', 'usance_tenor': '#1F5205', 'date_of_invoice': '#9547E1', 'invoice_currency': '#A0C0DA', 'invoice_amount_in_words': '#808F46', 'awb_number': '#BEEC3D', 'awb_date': '#869902', 'lc_ref_no': '#60CA1A', 'vessel_name': '#2C8E8D', 'net_weight': '#56CCA7', 'beneficiary_country': '#59D760', 'beneficiary_drawer_exporter_seller_supplier_tin': '#3AF315', 'remitter_drawee_applicant_importer_buyer_name': '#C22462', 'transaction_date': '#F4252B', 'shipper_name': '#A5B49C', 'indicator_date': '#19AAC1', 'beneficiary_bank_country': '#77751A', 'shipper_address': '#1EA4FD', 'signature_of_the_issuer': '#D5EAC4', 'tenor_indicator': '#956496', 'delivery_terms': '#D37C15', 'transaction_currency': '#EF7179', 'beneficiary_drawer_exporter_seller_supplier_name': '#55FCE3', 'page_no': '#E2343E', 'consignor_country': '#B1EEB7', 'beneficiary_bank_name': '#CBD179', 'lc_date': '#B6BCE6', 'invoice_discount_ccy': '#DD7FE3', 'transaction_amonunt_value': '#C3724E', 'stamp': '#BE4339', 'notify_party_address': '#AD31A1', 'invoice_amount': '#A08705', 'port_of_discharge': '#A1097D'}
2024-01-30 13:48:27,377 is result_set is instance of dict? True
2024-01-30 13:48:27,378 is final_result_set is instance of dict? True
2024-01-30 13:48:27,409 Time taken for page 1 of Invoice_413_2.png:0:00:01.014854
2024-01-30 13:48:27,520 *****Generated All Pages****** for Invoice_413_2.png
2024-01-30 13:48:27,520 RAM memory 69.6 used for Invoice_413_2.png Generating All Pages:
2024-01-30 13:48:27,520 Processing time taken for all pages of Invoice_413_2.png1:0:00:01.219927
2024-01-30 13:48:27,674 file name is:Invoice_981_22.png
2024-01-30 13:48:27,674 folder path :Images
2024-01-30 13:48:27,674 Calling Image result
2024-01-30 13:48:27,674 is all_page_result is instance of dict? True
2024-01-30 13:48:27,675 STREAM b'IHDR' 16 13
2024-01-30 13:48:27,675 STREAM b'IDAT' 41 52588
2024-01-30 13:48:27,695 is words is instance of list? True
2024-01-30 13:48:27,695 is bboxes is instance of list? True
2024-01-30 13:48:27,695 is bounding_boxes is instance of list? True
2024-01-30 13:48:27,876 is input_id_chunks is instance of list? True
2024-01-30 13:48:27,876 is mask_chunks is instance of list? True
2024-01-30 13:48:27,876 is bbox_chunks is instance of list? True
2024-01-30 13:48:27,876 is image_chunks is instance of list? True
2024-01-30 13:48:27,876 is input_dict is instance of dict? True
2024-01-30 13:48:29,312 Model Called
2024-01-30 13:48:29,312 RAM memory 68.3 used for Invoice_981_22.png:
2024-01-30 13:48:29,312 is all_predictions is instance of list? True
2024-01-30 13:48:29,312 is all_boxes is instance of list? True
2024-01-30 13:48:29,312 is all_confidences is instance of list? True
2024-01-30 13:48:29,312 is all_text is instance of list? True
2024-01-30 13:48:29,312 is label2id is instance of dict? True
2024-01-30 13:48:29,312 is id2label is instance of dict? True
2024-01-30 13:48:29,313 is label2color is instance of dict? True
2024-01-30 13:48:29,313 label2color : {'signature': '#D643F5', 'remitter_address': '#64A738', 'O': '#29E292', 'notify_party_country': '#D17644', 'port_of_loading': '#A3E019', 'beneficiary_account_number': '#C23FDD', 'consignee_address': '#0AD419', 'beneficiary_iban_number': '#9BA337', 'bill_of_lading_no': '#DAEC59', 'pre-carriage-by': '#9012E2', 'invoice_discount_amount': '#CA2C8C', 'beneficiary_address': '#04300B', 'rate_per_unit': '#1A18D4', 'original_or_copy': '#A73F6B', 'hs_code_no': '#BD1FBD', 'bill_of_lading_date': '#497A21', 'declaration_by_issuer': '#B9923D', 'beneficiary_bank_identifier': '#28609E', 'vessel_flight_no': '#2AC684', 'goods_description': '#11980C', 'incoterm': '#1E4F63', 'invoice_due_date': '#A823A2', 'tenor_type': '#0864E8', 'country_of_origin_of_goods': '#1A95C8', 'invoice_no': '#111D96', 'cosignee_name': '#63D6BD', 'total_quantity_of_goods': '#3A905E', 'consignor_address': '#588A97', 'invoice_tax_ccy': '#854397', 'gross_weight': '#EE5615', 'notify_party_name': '#91931D', 'dimension': '#42DAF8', 'consignor_name': '#34D3D4', 'indicator_type': '#165E9D', 'invoice_tax_amount': '#DA6CC4', 'country_of_final_destination': '#1DAF84', 'usance_tenor': '#502069', 'date_of_invoice': '#2DCC01', 'invoice_currency': '#92C2A0', 'invoice_amount_in_words': '#E7CEBF', 'awb_number': '#380DBD', 'awb_date': '#8E8931', 'lc_ref_no': '#C139BC', 'vessel_name': '#FC1945', 'net_weight': '#2A567C', 'beneficiary_country': '#6BEDF8', 'beneficiary_drawer_exporter_seller_supplier_tin': '#74D726', 'remitter_drawee_applicant_importer_buyer_name': '#1B4C46', 'transaction_date': '#49D713', 'shipper_name': '#B78592', 'indicator_date': '#878CD5', 'beneficiary_bank_country': '#19BC65', 'shipper_address': '#0AA532', 'signature_of_the_issuer': '#D44F07', 'tenor_indicator': '#F810AC', 'delivery_terms': '#672055', 'transaction_currency': '#109F7E', 'beneficiary_drawer_exporter_seller_supplier_name': '#08028E', 'page_no': '#69C0A8', 'consignor_country': '#D7032F', 'beneficiary_bank_name': '#FDB682', 'lc_date': '#2D1E0A', 'invoice_discount_ccy': '#E5C253', 'transaction_amonunt_value': '#F25740', 'stamp': '#CEA4BA', 'notify_party_address': '#CD7F25', 'invoice_amount': '#04C7D2', 'port_of_discharge': '#35C7DE'}
2024-01-30 13:48:29,504 is result_set is instance of dict? True
2024-01-30 13:48:29,505 is final_result_set is instance of dict? True
2024-01-30 13:48:29,539 Time taken for page 1 of Invoice_981_22.png:0:00:01.863873
2024-01-30 13:48:29,671 *****Generated All Pages****** for Invoice_981_22.png
2024-01-30 13:48:29,671 RAM memory 68.6 used for Invoice_981_22.png Generating All Pages:
2024-01-30 13:48:29,671 Processing time taken for all pages of Invoice_981_22.png1:0:00:01.996595
2024-01-30 13:48:29,823 file name is:Proforma_Invoice_272_1.png
2024-01-30 13:48:29,823 folder path :Images
2024-01-30 13:48:29,823 Calling Image result
2024-01-30 13:48:29,824 is all_page_result is instance of dict? True
2024-01-30 13:48:29,824 STREAM b'IHDR' 16 13
2024-01-30 13:48:29,824 STREAM b'IDAT' 41 33639
2024-01-30 13:48:29,843 is words is instance of list? True
2024-01-30 13:48:29,843 is bboxes is instance of list? True
2024-01-30 13:48:29,843 is bounding_boxes is instance of list? True
2024-01-30 13:48:30,022 is input_id_chunks is instance of list? True
2024-01-30 13:48:30,022 is mask_chunks is instance of list? True
2024-01-30 13:48:30,022 is bbox_chunks is instance of list? True
2024-01-30 13:48:30,022 is image_chunks is instance of list? True
2024-01-30 13:48:30,022 is input_dict is instance of dict? True
2024-01-30 13:48:30,812 Model Called
2024-01-30 13:48:30,812 RAM memory 69.0 used for Proforma_Invoice_272_1.png:
2024-01-30 13:48:30,812 is all_predictions is instance of list? True
2024-01-30 13:48:30,813 is all_boxes is instance of list? True
2024-01-30 13:48:30,813 is all_confidences is instance of list? True
2024-01-30 13:48:30,813 is all_text is instance of list? True
2024-01-30 13:48:30,813 is label2id is instance of dict? True
2024-01-30 13:48:30,813 is id2label is instance of dict? True
2024-01-30 13:48:30,814 is label2color is instance of dict? True
2024-01-30 13:48:30,814 label2color : {'signature': '#B1E83C', 'remitter_address': '#BD338D', 'O': '#92748F', 'notify_party_country': '#5E20BA', 'port_of_loading': '#40FD97', 'beneficiary_account_number': '#0F4A2B', 'consignee_address': '#F4F518', 'beneficiary_iban_number': '#36262B', 'bill_of_lading_no': '#2AABBE', 'pre-carriage-by': '#980E53', 'invoice_discount_amount': '#524EAF', 'beneficiary_address': '#23212F', 'rate_per_unit': '#00A917', 'original_or_copy': '#0C2342', 'hs_code_no': '#DC02D8', 'bill_of_lading_date': '#2827B0', 'declaration_by_issuer': '#686831', 'beneficiary_bank_identifier': '#5929F8', 'vessel_flight_no': '#B2FCA6', 'goods_description': '#CDF8D4', 'incoterm': '#906592', 'invoice_due_date': '#273EFA', 'tenor_type': '#D1B152', 'country_of_origin_of_goods': '#A6967B', 'invoice_no': '#9158CE', 'cosignee_name': '#AF7170', 'total_quantity_of_goods': '#6DECC4', 'consignor_address': '#9DCD2F', 'invoice_tax_ccy': '#17D13E', 'gross_weight': '#E6E3BB', 'notify_party_name': '#DD355B', 'dimension': '#5BE8FF', 'consignor_name': '#879BAC', 'indicator_type': '#63909C', 'invoice_tax_amount': '#5C8837', 'country_of_final_destination': '#6D3063', 'usance_tenor': '#8EFFAA', 'date_of_invoice': '#9C20E8', 'invoice_currency': '#C1036C', 'invoice_amount_in_words': '#BCA515', 'awb_number': '#58C7CC', 'awb_date': '#564E60', 'lc_ref_no': '#C8E10C', 'vessel_name': '#A81510', 'net_weight': '#CBE471', 'beneficiary_country': '#379EB1', 'beneficiary_drawer_exporter_seller_supplier_tin': '#AED40C', 'remitter_drawee_applicant_importer_buyer_name': '#B0F82C', 'transaction_date': '#C959B5', 'shipper_name': '#36FD04', 'indicator_date': '#E554E5', 'beneficiary_bank_country': '#6A8C63', 'shipper_address': '#741495', 'signature_of_the_issuer': '#48F295', 'tenor_indicator': '#6D45BD', 'delivery_terms': '#5920C5', 'transaction_currency': '#57EB1D', 'beneficiary_drawer_exporter_seller_supplier_name': '#221322', 'page_no': '#97F537', 'consignor_country': '#26832A', 'beneficiary_bank_name': '#58B43C', 'lc_date': '#B75FF5', 'invoice_discount_ccy': '#4E1B68', 'transaction_amonunt_value': '#EFA3B1', 'stamp': '#8CB4E1', 'notify_party_address': '#EA1429', 'invoice_amount': '#9783A8', 'port_of_discharge': '#D9AC41'}
2024-01-30 13:48:30,981 is result_set is instance of dict? True
2024-01-30 13:48:30,982 is final_result_set is instance of dict? True
2024-01-30 13:48:30,993 Time taken for page 1 of Proforma_Invoice_272_1.png:0:00:01.168817
2024-01-30 13:48:31,142 *****Generated All Pages****** for Proforma_Invoice_272_1.png
2024-01-30 13:48:31,142 RAM memory 69.2 used for Proforma_Invoice_272_1.png Generating All Pages:
2024-01-30 13:48:31,142 Processing time taken for all pages of Proforma_Invoice_272_1.png1:0:00:01.318962
2024-01-30 13:48:31,289 file name is:Proforma_Invoice_100_0.png
2024-01-30 13:48:31,289 folder path :Images
2024-01-30 13:48:31,289 Calling Image result
2024-01-30 13:48:31,289 is all_page_result is instance of dict? True
2024-01-30 13:48:31,381 STREAM b'IHDR' 16 13
2024-01-30 13:48:31,382 STREAM b'IDAT' 41 16910
2024-01-30 13:48:31,392 Checking spheric-time-383904-f1b421d86eef.json for explicit credentials as part of auth process...
2024-01-30 13:48:32,061 is words is instance of list? True
2024-01-30 13:48:32,061 is bboxes is instance of list? True
2024-01-30 13:48:32,061 is bounding_boxes is instance of list? True
2024-01-30 13:48:32,175 is input_id_chunks is instance of list? True
2024-01-30 13:48:32,175 is mask_chunks is instance of list? True
2024-01-30 13:48:32,175 is bbox_chunks is instance of list? True
2024-01-30 13:48:32,175 is image_chunks is instance of list? True
2024-01-30 13:48:32,176 is input_dict is instance of dict? True
2024-01-30 13:48:32,966 Model Called
2024-01-30 13:48:32,966 RAM memory 69.8 used for Proforma_Invoice_100_0.png:
2024-01-30 13:48:32,966 is all_predictions is instance of list? True
2024-01-30 13:48:32,966 is all_boxes is instance of list? True
2024-01-30 13:48:32,966 is all_confidences is instance of list? True
2024-01-30 13:48:32,966 is all_text is instance of list? True
2024-01-30 13:48:32,967 is label2id is instance of dict? True
2024-01-30 13:48:32,967 is id2label is instance of dict? True
2024-01-30 13:48:32,967 is label2color is instance of dict? True
2024-01-30 13:48:32,967 label2color : {'signature': '#5DF9B6', 'remitter_address': '#A1537B', 'O': '#464B06', 'notify_party_country': '#16BF9F', 'port_of_loading': '#43C740', 'beneficiary_account_number': '#745CA2', 'consignee_address': '#FC6099', 'beneficiary_iban_number': '#81670B', 'bill_of_lading_no': '#F26CA7', 'pre-carriage-by': '#C48CDE', 'invoice_discount_amount': '#76273A', 'beneficiary_address': '#5223B0', 'rate_per_unit': '#5B6351', 'original_or_copy': '#E752F9', 'hs_code_no': '#9279A9', 'bill_of_lading_date': '#D1D829', 'declaration_by_issuer': '#C1620C', 'beneficiary_bank_identifier': '#8E16C2', 'vessel_flight_no': '#58DFFE', 'goods_description': '#9E041F', 'incoterm': '#65ACD3', 'invoice_due_date': '#6E3D8D', 'tenor_type': '#724DAE', 'country_of_origin_of_goods': '#08C862', 'invoice_no': '#6E959A', 'cosignee_name': '#0A85A7', 'total_quantity_of_goods': '#17D0B5', 'consignor_address': '#6CFC9D', 'invoice_tax_ccy': '#24EC38', 'gross_weight': '#7DBEB6', 'notify_party_name': '#D7C805', 'dimension': '#0D0926', 'consignor_name': '#4257CC', 'indicator_type': '#8DEDDD', 'invoice_tax_amount': '#87B0FA', 'country_of_final_destination': '#35868C', 'usance_tenor': '#89C4D4', 'date_of_invoice': '#4C4459', 'invoice_currency': '#A0077A', 'invoice_amount_in_words': '#838BB1', 'awb_number': '#93841D', 'awb_date': '#759B94', 'lc_ref_no': '#370628', 'vessel_name': '#F0BE2B', 'net_weight': '#5E41D5', 'beneficiary_country': '#BD7436', 'beneficiary_drawer_exporter_seller_supplier_tin': '#72FDCF', 'remitter_drawee_applicant_importer_buyer_name': '#68E2EB', 'transaction_date': '#3E58BF', 'shipper_name': '#5E431A', 'indicator_date': '#845573', 'beneficiary_bank_country': '#9FC048', 'shipper_address': '#9539DC', 'signature_of_the_issuer': '#8E7924', 'tenor_indicator': '#9A3773', 'delivery_terms': '#9A73DD', 'transaction_currency': '#B377DA', 'beneficiary_drawer_exporter_seller_supplier_name': '#1C03C6', 'page_no': '#EF4F53', 'consignor_country': '#37ABC2', 'beneficiary_bank_name': '#730246', 'lc_date': '#C09FC4', 'invoice_discount_ccy': '#DAAC4C', 'transaction_amonunt_value': '#95AF0B', 'stamp': '#47E7BC', 'notify_party_address': '#920FA5', 'invoice_amount': '#7E9260', 'port_of_discharge': '#526717'}
2024-01-30 13:48:33,042 is result_set is instance of dict? True
2024-01-30 13:48:33,043 is final_result_set is instance of dict? True
2024-01-30 13:48:33,052 Time taken for page 1 of Proforma_Invoice_100_0.png:0:00:01.670073
2024-01-30 13:48:33,109 *****Generated All Pages****** for Proforma_Invoice_100_0.png
2024-01-30 13:48:33,110 RAM memory 69.5 used for Proforma_Invoice_100_0.png Generating All Pages:
2024-01-30 13:48:33,110 Processing time taken for all pages of Proforma_Invoice_100_0.png1:0:00:01.820374
2024-01-30 13:48:33,258 file name is:Invoice_939_4.png
2024-01-30 13:48:33,259 folder path :Images
2024-01-30 13:48:33,259 Calling Image result
2024-01-30 13:48:33,259 is all_page_result is instance of dict? True
2024-01-30 13:48:33,259 STREAM b'IHDR' 16 13
2024-01-30 13:48:33,259 STREAM b'IDAT' 41 42292
2024-01-30 13:48:33,291 is words is instance of list? True
2024-01-30 13:48:33,291 is bboxes is instance of list? True
2024-01-30 13:48:33,291 is bounding_boxes is instance of list? True
2024-01-30 13:48:33,515 is input_id_chunks is instance of list? True
2024-01-30 13:48:33,516 is mask_chunks is instance of list? True
2024-01-30 13:48:33,516 is bbox_chunks is instance of list? True
2024-01-30 13:48:33,516 is image_chunks is instance of list? True
2024-01-30 13:48:33,516 is input_dict is instance of dict? True
2024-01-30 13:48:34,107 Model Called
2024-01-30 13:48:34,108 RAM memory 67.9 used for Invoice_939_4.png:
2024-01-30 13:48:34,108 is all_predictions is instance of list? True
2024-01-30 13:48:34,108 is all_boxes is instance of list? True
2024-01-30 13:48:34,108 is all_confidences is instance of list? True
2024-01-30 13:48:34,108 is all_text is instance of list? True
2024-01-30 13:48:34,108 is label2id is instance of dict? True
2024-01-30 13:48:34,108 is id2label is instance of dict? True
2024-01-30 13:48:34,109 is label2color is instance of dict? True
2024-01-30 13:48:34,109 label2color : {'signature': '#8CBF71', 'remitter_address': '#0A8B37', 'O': '#A35E43', 'notify_party_country': '#924406', 'port_of_loading': '#42D89D', 'beneficiary_account_number': '#EF94B8', 'consignee_address': '#B5BB4A', 'beneficiary_iban_number': '#CB6E28', 'bill_of_lading_no': '#98F3E7', 'pre-carriage-by': '#46F4FD', 'invoice_discount_amount': '#7AF1E9', 'beneficiary_address': '#E59C11', 'rate_per_unit': '#D61A15', 'original_or_copy': '#D0947D', 'hs_code_no': '#97032F', 'bill_of_lading_date': '#6A1E2B', 'declaration_by_issuer': '#9666B4', 'beneficiary_bank_identifier': '#2DAE87', 'vessel_flight_no': '#A36091', 'goods_description': '#29B0EC', 'incoterm': '#AC8B17', 'invoice_due_date': '#3A934D', 'tenor_type': '#6DA8C7', 'country_of_origin_of_goods': '#F32DB4', 'invoice_no': '#EA78F0', 'cosignee_name': '#9C695C', 'total_quantity_of_goods': '#757AB5', 'consignor_address': '#730A90', 'invoice_tax_ccy': '#A1C6F8', 'gross_weight': '#757B37', 'notify_party_name': '#11E8B9', 'dimension': '#FF1B3F', 'consignor_name': '#FF368F', 'indicator_type': '#60FFA6', 'invoice_tax_amount': '#83E382', 'country_of_final_destination': '#3FAACB', 'usance_tenor': '#5FE12A', 'date_of_invoice': '#D61BE6', 'invoice_currency': '#D5DF6B', 'invoice_amount_in_words': '#849747', 'awb_number': '#FBB68B', 'awb_date': '#4041EF', 'lc_ref_no': '#A817D9', 'vessel_name': '#3B32A0', 'net_weight': '#5B3B06', 'beneficiary_country': '#287903', 'beneficiary_drawer_exporter_seller_supplier_tin': '#2950F1', 'remitter_drawee_applicant_importer_buyer_name': '#12E650', 'transaction_date': '#883750', 'shipper_name': '#C96E8D', 'indicator_date': '#ED444C', 'beneficiary_bank_country': '#16D2E4', 'shipper_address': '#0D524A', 'signature_of_the_issuer': '#EC6F3E', 'tenor_indicator': '#62881D', 'delivery_terms': '#4C6D7E', 'transaction_currency': '#565BB0', 'beneficiary_drawer_exporter_seller_supplier_name': '#241FE2', 'page_no': '#875AB7', 'consignor_country': '#9457EA', 'beneficiary_bank_name': '#B74FD9', 'lc_date': '#C1700F', 'invoice_discount_ccy': '#EF2115', 'transaction_amonunt_value': '#F2015F', 'stamp': '#78FDBA', 'notify_party_address': '#7CD84A', 'invoice_amount': '#67056A', 'port_of_discharge': '#BCF470'}
2024-01-30 13:48:34,234 is result_set is instance of dict? True
2024-01-30 13:48:34,235 is final_result_set is instance of dict? True
2024-01-30 13:48:34,266 Time taken for page 1 of Invoice_939_4.png:0:00:01.006190
2024-01-30 13:48:34,393 *****Generated All Pages****** for Invoice_939_4.png
2024-01-30 13:48:34,393 RAM memory 68.2 used for Invoice_939_4.png Generating All Pages:
2024-01-30 13:48:34,393 Processing time taken for all pages of Invoice_939_4.png1:0:00:01.134570
2024-01-30 13:48:34,541 file name is:Proforma_Invoice_239_0.png
2024-01-30 13:48:34,542 folder path :Images
2024-01-30 13:48:34,542 Calling Image result
2024-01-30 13:48:34,542 is all_page_result is instance of dict? True
2024-01-30 13:48:34,542 STREAM b'IHDR' 16 13
2024-01-30 13:48:34,542 STREAM b'IDAT' 41 34825
2024-01-30 13:48:34,561 is words is instance of list? True
2024-01-30 13:48:34,561 is bboxes is instance of list? True
2024-01-30 13:48:34,561 is bounding_boxes is instance of list? True
2024-01-30 13:48:34,774 is input_id_chunks is instance of list? True
2024-01-30 13:48:34,774 is mask_chunks is instance of list? True
2024-01-30 13:48:34,774 is bbox_chunks is instance of list? True
2024-01-30 13:48:34,774 is image_chunks is instance of list? True
2024-01-30 13:48:34,774 is input_dict is instance of dict? True
2024-01-30 13:48:35,578 Model Called
2024-01-30 13:48:35,578 RAM memory 68.8 used for Proforma_Invoice_239_0.png:
2024-01-30 13:48:35,578 is all_predictions is instance of list? True
2024-01-30 13:48:35,578 is all_boxes is instance of list? True
2024-01-30 13:48:35,579 is all_confidences is instance of list? True
2024-01-30 13:48:35,579 is all_text is instance of list? True
2024-01-30 13:48:35,579 is label2id is instance of dict? True
2024-01-30 13:48:35,579 is id2label is instance of dict? True
2024-01-30 13:48:35,580 is label2color is instance of dict? True
2024-01-30 13:48:35,580 label2color : {'signature': '#79D19B', 'remitter_address': '#C596F3', 'O': '#BACE74', 'notify_party_country': '#2EFDFE', 'port_of_loading': '#1D3C41', 'beneficiary_account_number': '#5E412C', 'consignee_address': '#E8C764', 'beneficiary_iban_number': '#0E25DF', 'bill_of_lading_no': '#DDD5A5', 'pre-carriage-by': '#4ECF51', 'invoice_discount_amount': '#E84436', 'beneficiary_address': '#1AB2EC', 'rate_per_unit': '#73428C', 'original_or_copy': '#13C0A5', 'hs_code_no': '#EE3330', 'bill_of_lading_date': '#76D45C', 'declaration_by_issuer': '#7EC76A', 'beneficiary_bank_identifier': '#AD42F3', 'vessel_flight_no': '#CD50CA', 'goods_description': '#AFE6E6', 'incoterm': '#DE458D', 'invoice_due_date': '#AA8B8F', 'tenor_type': '#753988', 'country_of_origin_of_goods': '#92F3DA', 'invoice_no': '#ED4DB1', 'cosignee_name': '#73A919', 'total_quantity_of_goods': '#F31B2A', 'consignor_address': '#674ABC', 'invoice_tax_ccy': '#D19396', 'gross_weight': '#30F845', 'notify_party_name': '#62879B', 'dimension': '#4AA4BF', 'consignor_name': '#FDF175', 'indicator_type': '#ACA55F', 'invoice_tax_amount': '#855CA5', 'country_of_final_destination': '#84AF2C', 'usance_tenor': '#836F67', 'date_of_invoice': '#67F7B9', 'invoice_currency': '#0F910A', 'invoice_amount_in_words': '#A7523E', 'awb_number': '#147A21', 'awb_date': '#8735B7', 'lc_ref_no': '#C3FF98', 'vessel_name': '#0BA2B8', 'net_weight': '#2875B7', 'beneficiary_country': '#21E88A', 'beneficiary_drawer_exporter_seller_supplier_tin': '#57D65D', 'remitter_drawee_applicant_importer_buyer_name': '#1B6938', 'transaction_date': '#D8980C', 'shipper_name': '#42B207', 'indicator_date': '#C2C954', 'beneficiary_bank_country': '#9E8440', 'shipper_address': '#97FA80', 'signature_of_the_issuer': '#FFF1FE', 'tenor_indicator': '#568DD6', 'delivery_terms': '#D3E2F3', 'transaction_currency': '#6AE93D', 'beneficiary_drawer_exporter_seller_supplier_name': '#EFFD7F', 'page_no': '#F93F4F', 'consignor_country': '#C1C01A', 'beneficiary_bank_name': '#81B179', 'lc_date': '#A4EE1C', 'invoice_discount_ccy': '#E0FC7D', 'transaction_amonunt_value': '#FA1795', 'stamp': '#6B31ED', 'notify_party_address': '#276339', 'invoice_amount': '#8ACB3C', 'port_of_discharge': '#653919'}
2024-01-30 13:48:35,750 is result_set is instance of dict? True
2024-01-30 13:48:35,751 is final_result_set is instance of dict? True
2024-01-30 13:48:35,767 Time taken for page 1 of Proforma_Invoice_239_0.png:0:00:01.224279
2024-01-30 13:48:35,898 *****Generated All Pages****** for Proforma_Invoice_239_0.png
2024-01-30 13:48:35,898 RAM memory 69.0 used for Proforma_Invoice_239_0.png Generating All Pages:
2024-01-30 13:48:35,898 Processing time taken for all pages of Proforma_Invoice_239_0.png1:0:00:01.356760
2024-01-30 13:48:36,045 file name is:Invoice_852_2.png
2024-01-30 13:48:36,045 folder path :Images
2024-01-30 13:48:36,045 Calling Image result
2024-01-30 13:48:36,045 is all_page_result is instance of dict? True
2024-01-30 13:48:36,067 STREAM b'IHDR' 16 13
2024-01-30 13:48:36,067 STREAM b'IDAT' 41 35082
2024-01-30 13:48:36,163 is words is instance of list? True
2024-01-30 13:48:36,163 is bboxes is instance of list? True
2024-01-30 13:48:36,163 is bounding_boxes is instance of list? True
2024-01-30 13:48:36,364 is input_id_chunks is instance of list? True
2024-01-30 13:48:36,364 is mask_chunks is instance of list? True
2024-01-30 13:48:36,364 is bbox_chunks is instance of list? True
2024-01-30 13:48:36,364 is image_chunks is instance of list? True
2024-01-30 13:48:36,365 is input_dict is instance of dict? True
2024-01-30 13:48:37,158 Model Called
2024-01-30 13:48:37,158 RAM memory 69.6 used for Invoice_852_2.png:
2024-01-30 13:48:37,158 is all_predictions is instance of list? True
2024-01-30 13:48:37,158 is all_boxes is instance of list? True
2024-01-30 13:48:37,158 is all_confidences is instance of list? True
2024-01-30 13:48:37,158 is all_text is instance of list? True
2024-01-30 13:48:37,159 is label2id is instance of dict? True
2024-01-30 13:48:37,159 is id2label is instance of dict? True
2024-01-30 13:48:37,160 is label2color is instance of dict? True
2024-01-30 13:48:37,160 label2color : {'signature': '#574A67', 'remitter_address': '#9CFB1B', 'O': '#E1314A', 'notify_party_country': '#41C93B', 'port_of_loading': '#38786B', 'beneficiary_account_number': '#2301B1', 'consignee_address': '#50BDB1', 'beneficiary_iban_number': '#279480', 'bill_of_lading_no': '#2E8869', 'pre-carriage-by': '#4C8DF6', 'invoice_discount_amount': '#FAAD05', 'beneficiary_address': '#FC0B57', 'rate_per_unit': '#794A05', 'original_or_copy': '#0987C2', 'hs_code_no': '#B3BE22', 'bill_of_lading_date': '#98C3D3', 'declaration_by_issuer': '#EFD12E', 'beneficiary_bank_identifier': '#3B21BC', 'vessel_flight_no': '#CEF2A0', 'goods_description': '#144B3D', 'incoterm': '#5D96F0', 'invoice_due_date': '#E17786', 'tenor_type': '#46A81F', 'country_of_origin_of_goods': '#6744D6', 'invoice_no': '#FC1221', 'cosignee_name': '#7BA27E', 'total_quantity_of_goods': '#007E39', 'consignor_address': '#EDF416', 'invoice_tax_ccy': '#2321DC', 'gross_weight': '#395A96', 'notify_party_name': '#93047C', 'dimension': '#C06528', 'consignor_name': '#C58E5E', 'indicator_type': '#800D68', 'invoice_tax_amount': '#077F04', 'country_of_final_destination': '#6BED0F', 'usance_tenor': '#54C73A', 'date_of_invoice': '#4EA37E', 'invoice_currency': '#1B0AFD', 'invoice_amount_in_words': '#26D0A4', 'awb_number': '#6EA546', 'awb_date': '#2CAC3F', 'lc_ref_no': '#2810B9', 'vessel_name': '#BF7AA8', 'net_weight': '#7F4CF3', 'beneficiary_country': '#0189CF', 'beneficiary_drawer_exporter_seller_supplier_tin': '#A14239', 'remitter_drawee_applicant_importer_buyer_name': '#C2FE31', 'transaction_date': '#223F1D', 'shipper_name': '#485B47', 'indicator_date': '#BF1D09', 'beneficiary_bank_country': '#F6F864', 'shipper_address': '#1E08A1', 'signature_of_the_issuer': '#5CDF01', 'tenor_indicator': '#1FC562', 'delivery_terms': '#76DB0F', 'transaction_currency': '#979737', 'beneficiary_drawer_exporter_seller_supplier_name': '#BDB03A', 'page_no': '#FA2C42', 'consignor_country': '#376831', 'beneficiary_bank_name': '#694840', 'lc_date': '#9F227B', 'invoice_discount_ccy': '#B9150A', 'transaction_amonunt_value': '#801512', 'stamp': '#68F7AB', 'notify_party_address': '#2794E0', 'invoice_amount': '#9E703B', 'port_of_discharge': '#E5D2F6'}
2024-01-30 13:48:37,328 is result_set is instance of dict? True
2024-01-30 13:48:37,329 is final_result_set is instance of dict? True
2024-01-30 13:48:37,368 Time taken for page 1 of Invoice_852_2.png:0:00:01.300615
2024-01-30 13:48:37,501 *****Generated All Pages****** for Invoice_852_2.png
2024-01-30 13:48:37,501 RAM memory 69.8 used for Invoice_852_2.png Generating All Pages:
2024-01-30 13:48:37,502 Processing time taken for all pages of Invoice_852_2.png1:0:00:01.456058
2024-01-30 13:48:37,668 file name is:Proforma_Invoice_196_0.png
2024-01-30 13:48:37,669 folder path :Images
2024-01-30 13:48:37,669 Calling Image result
2024-01-30 13:48:37,669 is all_page_result is instance of dict? True
2024-01-30 13:48:37,759 STREAM b'IHDR' 16 13
2024-01-30 13:48:37,759 STREAM b'IDAT' 41 16762
2024-01-30 13:48:37,796 is words is instance of list? True
2024-01-30 13:48:37,796 is bboxes is instance of list? True
2024-01-30 13:48:37,796 is bounding_boxes is instance of list? True
2024-01-30 13:48:37,845 is input_id_chunks is instance of list? True
2024-01-30 13:48:37,845 is mask_chunks is instance of list? True
2024-01-30 13:48:37,845 is bbox_chunks is instance of list? True
2024-01-30 13:48:37,845 is image_chunks is instance of list? True
2024-01-30 13:48:37,846 is input_dict is instance of dict? True
2024-01-30 13:48:39,468 Model Called
2024-01-30 13:48:39,468 RAM memory 68.1 used for Proforma_Invoice_196_0.png:
2024-01-30 13:48:39,468 is all_predictions is instance of list? True
2024-01-30 13:48:39,468 is all_boxes is instance of list? True
2024-01-30 13:48:39,468 is all_confidences is instance of list? True
2024-01-30 13:48:39,468 is all_text is instance of list? True
2024-01-30 13:48:39,469 is label2id is instance of dict? True
2024-01-30 13:48:39,469 is id2label is instance of dict? True
2024-01-30 13:48:39,469 is label2color is instance of dict? True
2024-01-30 13:48:39,469 label2color : {'signature': '#D98905', 'remitter_address': '#F4EC6F', 'O': '#64B079', 'notify_party_country': '#98E855', 'port_of_loading': '#737E5A', 'beneficiary_account_number': '#2E02C3', 'consignee_address': '#C7EE10', 'beneficiary_iban_number': '#47BD61', 'bill_of_lading_no': '#2D6540', 'pre-carriage-by': '#9960E6', 'invoice_discount_amount': '#CA4074', 'beneficiary_address': '#F4E487', 'rate_per_unit': '#48EAFC', 'original_or_copy': '#90F24D', 'hs_code_no': '#003CF4', 'bill_of_lading_date': '#A1581F', 'declaration_by_issuer': '#29D25A', 'beneficiary_bank_identifier': '#94F28F', 'vessel_flight_no': '#078456', 'goods_description': '#61662E', 'incoterm': '#253ABA', 'invoice_due_date': '#3ECA08', 'tenor_type': '#295461', 'country_of_origin_of_goods': '#D92E05', 'invoice_no': '#40FC00', 'cosignee_name': '#9C7C63', 'total_quantity_of_goods': '#A434A5', 'consignor_address': '#650BA4', 'invoice_tax_ccy': '#A4521F', 'gross_weight': '#E00818', 'notify_party_name': '#D71B36', 'dimension': '#FC142D', 'consignor_name': '#5878C0', 'indicator_type': '#1D08F3', 'invoice_tax_amount': '#2A3708', 'country_of_final_destination': '#814D6F', 'usance_tenor': '#F11142', 'date_of_invoice': '#FFAC73', 'invoice_currency': '#7AE68E', 'invoice_amount_in_words': '#103E5E', 'awb_number': '#2BD374', 'awb_date': '#711F52', 'lc_ref_no': '#35DE68', 'vessel_name': '#11220F', 'net_weight': '#A7433E', 'beneficiary_country': '#3B2A2B', 'beneficiary_drawer_exporter_seller_supplier_tin': '#4223BC', 'remitter_drawee_applicant_importer_buyer_name': '#49FAC2', 'transaction_date': '#324DCD', 'shipper_name': '#784159', 'indicator_date': '#A0DFB9', 'beneficiary_bank_country': '#8A9A7F', 'shipper_address': '#440AE1', 'signature_of_the_issuer': '#2E43AB', 'tenor_indicator': '#DA37D7', 'delivery_terms': '#2CB6D3', 'transaction_currency': '#2E3502', 'beneficiary_drawer_exporter_seller_supplier_name': '#46DAFE', 'page_no': '#0292E6', 'consignor_country': '#E9F4D7', 'beneficiary_bank_name': '#78943E', 'lc_date': '#3E5547', 'invoice_discount_ccy': '#D74A09', 'transaction_amonunt_value': '#E751BE', 'stamp': '#84AA02', 'notify_party_address': '#D2C82B', 'invoice_amount': '#911889', 'port_of_discharge': '#617714'}
2024-01-30 13:48:39,524 is result_set is instance of dict? True
2024-01-30 13:48:39,525 is final_result_set is instance of dict? True
2024-01-30 13:48:39,544 Time taken for page 1 of Proforma_Invoice_196_0.png:0:00:01.785049
2024-01-30 13:48:39,587 *****Generated All Pages****** for Proforma_Invoice_196_0.png
2024-01-30 13:48:39,587 RAM memory 68.3 used for Proforma_Invoice_196_0.png Generating All Pages:
2024-01-30 13:48:39,587 Processing time taken for all pages of Proforma_Invoice_196_0.png1:0:00:01.918425
2024-01-30 13:48:39,781 file name is:Proforma_Invoice_169_0.png
2024-01-30 13:48:39,782 folder path :Images
2024-01-30 13:48:39,782 Calling Image result
2024-01-30 13:48:39,782 is all_page_result is instance of dict? True
2024-01-30 13:48:39,874 STREAM b'IHDR' 16 13
2024-01-30 13:48:39,874 STREAM b'IDAT' 41 36329
2024-01-30 13:48:39,912 is words is instance of list? True
2024-01-30 13:48:39,912 is bboxes is instance of list? True
2024-01-30 13:48:39,912 is bounding_boxes is instance of list? True
2024-01-30 13:48:40,093 is input_id_chunks is instance of list? True
2024-01-30 13:48:40,093 is mask_chunks is instance of list? True
2024-01-30 13:48:40,093 is bbox_chunks is instance of list? True
2024-01-30 13:48:40,093 is image_chunks is instance of list? True
2024-01-30 13:48:40,094 is input_dict is instance of dict? True
2024-01-30 13:48:41,666 Model Called
2024-01-30 13:48:41,666 RAM memory 69.3 used for Proforma_Invoice_169_0.png:
2024-01-30 13:48:41,666 is all_predictions is instance of list? True
2024-01-30 13:48:41,666 is all_boxes is instance of list? True
2024-01-30 13:48:41,666 is all_confidences is instance of list? True
2024-01-30 13:48:41,666 is all_text is instance of list? True
2024-01-30 13:48:41,667 is label2id is instance of dict? True
2024-01-30 13:48:41,667 is id2label is instance of dict? True
2024-01-30 13:48:41,668 is label2color is instance of dict? True
2024-01-30 13:48:41,668 label2color : {'signature': '#58B429', 'remitter_address': '#15C9E1', 'O': '#4538A7', 'notify_party_country': '#183A5E', 'port_of_loading': '#7E53A0', 'beneficiary_account_number': '#E8C624', 'consignee_address': '#59F7B4', 'beneficiary_iban_number': '#1C4973', 'bill_of_lading_no': '#68BBD8', 'pre-carriage-by': '#1E131B', 'invoice_discount_amount': '#F41C5D', 'beneficiary_address': '#1559B7', 'rate_per_unit': '#6984C6', 'original_or_copy': '#D238D0', 'hs_code_no': '#B35BFC', 'bill_of_lading_date': '#8B8388', 'declaration_by_issuer': '#7D2811', 'beneficiary_bank_identifier': '#56C5E1', 'vessel_flight_no': '#AB382E', 'goods_description': '#E46546', 'incoterm': '#90A35A', 'invoice_due_date': '#4816DB', 'tenor_type': '#5FAE00', 'country_of_origin_of_goods': '#994EB3', 'invoice_no': '#1C4EB8', 'cosignee_name': '#FE6756', 'total_quantity_of_goods': '#161D77', 'consignor_address': '#F85636', 'invoice_tax_ccy': '#1C100B', 'gross_weight': '#27F298', 'notify_party_name': '#DA7E0A', 'dimension': '#719535', 'consignor_name': '#90DBBA', 'indicator_type': '#9F15B4', 'invoice_tax_amount': '#27C021', 'country_of_final_destination': '#93B745', 'usance_tenor': '#40CB0C', 'date_of_invoice': '#F12929', 'invoice_currency': '#BA008C', 'invoice_amount_in_words': '#F14044', 'awb_number': '#27C348', 'awb_date': '#AB2FD3', 'lc_ref_no': '#0CA53C', 'vessel_name': '#36D795', 'net_weight': '#1F3D55', 'beneficiary_country': '#5FF381', 'beneficiary_drawer_exporter_seller_supplier_tin': '#BCA2D4', 'remitter_drawee_applicant_importer_buyer_name': '#49C5E6', 'transaction_date': '#1A6D48', 'shipper_name': '#807F62', 'indicator_date': '#8F6BCF', 'beneficiary_bank_country': '#91E6A2', 'shipper_address': '#CA9760', 'signature_of_the_issuer': '#D5BE24', 'tenor_indicator': '#01457A', 'delivery_terms': '#0308D3', 'transaction_currency': '#1D10A0', 'beneficiary_drawer_exporter_seller_supplier_name': '#A9A80B', 'page_no': '#E8D100', 'consignor_country': '#A63419', 'beneficiary_bank_name': '#0D202A', 'lc_date': '#ED889F', 'invoice_discount_ccy': '#438DB7', 'transaction_amonunt_value': '#E0230E', 'stamp': '#011AE6', 'notify_party_address': '#21EF40', 'invoice_amount': '#24C17E', 'port_of_discharge': '#8BA375'}
2024-01-30 13:48:41,922 is result_set is instance of dict? True
2024-01-30 13:48:41,923 is final_result_set is instance of dict? True
2024-01-30 13:48:41,941 Time taken for page 1 of Proforma_Invoice_169_0.png:0:00:02.067351
2024-01-30 13:48:42,073 *****Generated All Pages****** for Proforma_Invoice_169_0.png
2024-01-30 13:48:42,073 RAM memory 69.4 used for Proforma_Invoice_169_0.png Generating All Pages:
2024-01-30 13:48:42,073 Processing time taken for all pages of Proforma_Invoice_169_0.png1:0:00:02.291398
2024-01-30 13:48:42,218 file name is:Invoice_849_0.png
2024-01-30 13:48:42,218 folder path :Images
2024-01-30 13:48:42,218 Calling Image result
2024-01-30 13:48:42,218 is all_page_result is instance of dict? True
2024-01-30 13:48:42,307 STREAM b'IHDR' 16 13
2024-01-30 13:48:42,307 STREAM b'IDAT' 41 43284
2024-01-30 13:48:42,326 Checking spheric-time-383904-f1b421d86eef.json for explicit credentials as part of auth process...
2024-01-30 13:48:43,154 is words is instance of list? True
2024-01-30 13:48:43,154 is bboxes is instance of list? True
2024-01-30 13:48:43,154 is bounding_boxes is instance of list? True
2024-01-30 13:48:43,346 is input_id_chunks is instance of list? True
2024-01-30 13:48:43,346 is mask_chunks is instance of list? True
2024-01-30 13:48:43,346 is bbox_chunks is instance of list? True
2024-01-30 13:48:43,346 is image_chunks is instance of list? True
2024-01-30 13:48:43,347 is input_dict is instance of dict? True
2024-01-30 13:48:44,142 Model Called
2024-01-30 13:48:44,142 RAM memory 67.9 used for Invoice_849_0.png:
2024-01-30 13:48:44,143 is all_predictions is instance of list? True
2024-01-30 13:48:44,143 is all_boxes is instance of list? True
2024-01-30 13:48:44,143 is all_confidences is instance of list? True
2024-01-30 13:48:44,143 is all_text is instance of list? True
2024-01-30 13:48:44,143 is label2id is instance of dict? True
2024-01-30 13:48:44,143 is id2label is instance of dict? True
2024-01-30 13:48:44,144 is label2color is instance of dict? True
2024-01-30 13:48:44,144 label2color : {'signature': '#73860D', 'remitter_address': '#67BCDE', 'O': '#7C96C2', 'notify_party_country': '#A7A96C', 'port_of_loading': '#10F93E', 'beneficiary_account_number': '#A3324B', 'consignee_address': '#329DEF', 'beneficiary_iban_number': '#F6F527', 'bill_of_lading_no': '#51D42A', 'pre-carriage-by': '#A6E8C6', 'invoice_discount_amount': '#F64F4A', 'beneficiary_address': '#C6CDFF', 'rate_per_unit': '#17564F', 'original_or_copy': '#D50C52', 'hs_code_no': '#13C3D4', 'bill_of_lading_date': '#54BFEC', 'declaration_by_issuer': '#5E71AD', 'beneficiary_bank_identifier': '#617854', 'vessel_flight_no': '#23B722', 'goods_description': '#E8BABA', 'incoterm': '#CC1D1D', 'invoice_due_date': '#0C786B', 'tenor_type': '#95CE84', 'country_of_origin_of_goods': '#BDC84D', 'invoice_no': '#F3AC67', 'cosignee_name': '#2420EA', 'total_quantity_of_goods': '#89E12B', 'consignor_address': '#64A2B7', 'invoice_tax_ccy': '#1E566A', 'gross_weight': '#BAD1B7', 'notify_party_name': '#6D772F', 'dimension': '#6C13E4', 'consignor_name': '#A38C8A', 'indicator_type': '#7A330A', 'invoice_tax_amount': '#A0AB0D', 'country_of_final_destination': '#731135', 'usance_tenor': '#C02EAD', 'date_of_invoice': '#10AE8A', 'invoice_currency': '#706E52', 'invoice_amount_in_words': '#0534E5', 'awb_number': '#A463EE', 'awb_date': '#699C0B', 'lc_ref_no': '#F54CBA', 'vessel_name': '#D5BED9', 'net_weight': '#0E1190', 'beneficiary_country': '#03D0E8', 'beneficiary_drawer_exporter_seller_supplier_tin': '#F06D2E', 'remitter_drawee_applicant_importer_buyer_name': '#BFC537', 'transaction_date': '#A05BFC', 'shipper_name': '#D74393', 'indicator_date': '#923EA9', 'beneficiary_bank_country': '#570B50', 'shipper_address': '#4C5387', 'signature_of_the_issuer': '#6C68CA', 'tenor_indicator': '#BE8F77', 'delivery_terms': '#4FBE15', 'transaction_currency': '#27E18E', 'beneficiary_drawer_exporter_seller_supplier_name': '#DB9E0F', 'page_no': '#E24C38', 'consignor_country': '#ABD4A1', 'beneficiary_bank_name': '#AE0306', 'lc_date': '#B5ABF2', 'invoice_discount_ccy': '#DEE39A', 'transaction_amonunt_value': '#4373EB', 'stamp': '#8224B8', 'notify_party_address': '#9E221B', 'invoice_amount': '#D91F80', 'port_of_discharge': '#4A2929'}
2024-01-30 13:48:44,267 is result_set is instance of dict? True
2024-01-30 13:48:44,267 is final_result_set is instance of dict? True
2024-01-30 13:48:44,289 Time taken for page 1 of Invoice_849_0.png:0:00:01.981990
2024-01-30 13:48:44,413 *****Generated All Pages****** for Invoice_849_0.png
2024-01-30 13:48:44,413 RAM memory 68.2 used for Invoice_849_0.png Generating All Pages:
2024-01-30 13:48:44,413 Processing time taken for all pages of Invoice_849_0.png1:0:00:02.195337
2024-01-30 13:48:44,561 file name is:Invoice_981_9.png
2024-01-30 13:48:44,562 folder path :Images
2024-01-30 13:48:44,562 Calling Image result
2024-01-30 13:48:44,562 is all_page_result is instance of dict? True
2024-01-30 13:48:44,614 STREAM b'IHDR' 16 13
2024-01-30 13:48:44,614 STREAM b'IDAT' 41 55046
2024-01-30 13:48:44,652 is words is instance of list? True
2024-01-30 13:48:44,652 is bboxes is instance of list? True
2024-01-30 13:48:44,652 is bounding_boxes is instance of list? True
2024-01-30 13:48:44,862 is input_id_chunks is instance of list? True
2024-01-30 13:48:44,862 is mask_chunks is instance of list? True
2024-01-30 13:48:44,863 is bbox_chunks is instance of list? True
2024-01-30 13:48:44,863 is image_chunks is instance of list? True
2024-01-30 13:48:44,863 is input_dict is instance of dict? True
2024-01-30 13:48:46,467 Model Called
2024-01-30 13:48:46,468 RAM memory 69.4 used for Invoice_981_9.png:
2024-01-30 13:48:46,468 is all_predictions is instance of list? True
2024-01-30 13:48:46,468 is all_boxes is instance of list? True
2024-01-30 13:48:46,468 is all_confidences is instance of list? True
2024-01-30 13:48:46,468 is all_text is instance of list? True
2024-01-30 13:48:46,468 is label2id is instance of dict? True
2024-01-30 13:48:46,468 is id2label is instance of dict? True
2024-01-30 13:48:46,469 is label2color is instance of dict? True
2024-01-30 13:48:46,469 label2color : {'signature': '#C8B38E', 'remitter_address': '#A966D6', 'O': '#C4C6CE', 'notify_party_country': '#31EF7A', 'port_of_loading': '#F1397E', 'beneficiary_account_number': '#1D1195', 'consignee_address': '#272A3D', 'beneficiary_iban_number': '#F06632', 'bill_of_lading_no': '#65B45C', 'pre-carriage-by': '#DF4006', 'invoice_discount_amount': '#0D977F', 'beneficiary_address': '#B165B8', 'rate_per_unit': '#BDE830', 'original_or_copy': '#E3F126', 'hs_code_no': '#04B051', 'bill_of_lading_date': '#25CAE0', 'declaration_by_issuer': '#9B9D70', 'beneficiary_bank_identifier': '#50A830', 'vessel_flight_no': '#BC5AA9', 'goods_description': '#28C2D8', 'incoterm': '#6DDCBA', 'invoice_due_date': '#CF1B53', 'tenor_type': '#FD83CC', 'country_of_origin_of_goods': '#EF2379', 'invoice_no': '#7EF00E', 'cosignee_name': '#8A9C32', 'total_quantity_of_goods': '#917E97', 'consignor_address': '#86B10C', 'invoice_tax_ccy': '#CE7B92', 'gross_weight': '#652789', 'notify_party_name': '#54C1F4', 'dimension': '#49D726', 'consignor_name': '#9FC53A', 'indicator_type': '#E086CC', 'invoice_tax_amount': '#732F11', 'country_of_final_destination': '#F2FBEB', 'usance_tenor': '#36C02F', 'date_of_invoice': '#1F812D', 'invoice_currency': '#882706', 'invoice_amount_in_words': '#067221', 'awb_number': '#934C32', 'awb_date': '#82FF38', 'lc_ref_no': '#A43756', 'vessel_name': '#5A8600', 'net_weight': '#BDF737', 'beneficiary_country': '#D0F17F', 'beneficiary_drawer_exporter_seller_supplier_tin': '#BC2DD9', 'remitter_drawee_applicant_importer_buyer_name': '#D98184', 'transaction_date': '#A61686', 'shipper_name': '#D1A460', 'indicator_date': '#017864', 'beneficiary_bank_country': '#77EDF2', 'shipper_address': '#2A456C', 'signature_of_the_issuer': '#4A306C', 'tenor_indicator': '#B14241', 'delivery_terms': '#808FD7', 'transaction_currency': '#3ABC87', 'beneficiary_drawer_exporter_seller_supplier_name': '#46E33E', 'page_no': '#33D138', 'consignor_country': '#CF47B0', 'beneficiary_bank_name': '#868960', 'lc_date': '#EBE966', 'invoice_discount_ccy': '#E8C3D3', 'transaction_amonunt_value': '#1735AE', 'stamp': '#F3DA28', 'notify_party_address': '#B2CC8D', 'invoice_amount': '#5C2F41', 'port_of_discharge': '#DFCC16'}
2024-01-30 13:48:46,738 is result_set is instance of dict? True
2024-01-30 13:48:46,740 is final_result_set is instance of dict? True
2024-01-30 13:48:46,777 Time taken for page 1 of Invoice_981_9.png:0:00:02.163235
2024-01-30 13:48:46,922 *****Generated All Pages****** for Invoice_981_9.png
2024-01-30 13:48:46,922 RAM memory 69.6 used for Invoice_981_9.png Generating All Pages:
2024-01-30 13:48:46,922 Processing time taken for all pages of Invoice_981_9.png1:0:00:02.360759
2024-01-30 13:48:47,068 file name is:Invoice_939_3.png
2024-01-30 13:48:47,068 folder path :Images
2024-01-30 13:48:47,068 Calling Image result
2024-01-30 13:48:47,068 is all_page_result is instance of dict? True
2024-01-30 13:48:47,069 STREAM b'IHDR' 16 13
2024-01-30 13:48:47,069 STREAM b'IDAT' 41 43935
2024-01-30 13:48:47,092 is words is instance of list? True
2024-01-30 13:48:47,092 is bboxes is instance of list? True
2024-01-30 13:48:47,092 is bounding_boxes is instance of list? True
2024-01-30 13:48:47,299 is input_id_chunks is instance of list? True
2024-01-30 13:48:47,299 is mask_chunks is instance of list? True
2024-01-30 13:48:47,299 is bbox_chunks is instance of list? True
2024-01-30 13:48:47,299 is image_chunks is instance of list? True
2024-01-30 13:48:47,300 is input_dict is instance of dict? True
2024-01-30 13:48:48,098 Model Called
2024-01-30 13:48:48,098 RAM memory 69.5 used for Invoice_939_3.png:
2024-01-30 13:48:48,098 is all_predictions is instance of list? True
2024-01-30 13:48:48,098 is all_boxes is instance of list? True
2024-01-30 13:48:48,098 is all_confidences is instance of list? True
2024-01-30 13:48:48,098 is all_text is instance of list? True
2024-01-30 13:48:48,099 is label2id is instance of dict? True
2024-01-30 13:48:48,099 is id2label is instance of dict? True
2024-01-30 13:48:48,100 is label2color is instance of dict? True
2024-01-30 13:48:48,100 label2color : {'signature': '#51420D', 'remitter_address': '#B594FB', 'O': '#4C5A67', 'notify_party_country': '#CA7A54', 'port_of_loading': '#4C61A4', 'beneficiary_account_number': '#0CF8D6', 'consignee_address': '#4E0D2B', 'beneficiary_iban_number': '#261390', 'bill_of_lading_no': '#ED5227', 'pre-carriage-by': '#E65BFB', 'invoice_discount_amount': '#F87A69', 'beneficiary_address': '#68E381', 'rate_per_unit': '#855EAA', 'original_or_copy': '#AC002B', 'hs_code_no': '#0A06E7', 'bill_of_lading_date': '#2B21D4', 'declaration_by_issuer': '#424AC4', 'beneficiary_bank_identifier': '#02EE27', 'vessel_flight_no': '#3F64EC', 'goods_description': '#88676D', 'incoterm': '#A704E9', 'invoice_due_date': '#ADDC4C', 'tenor_type': '#E05333', 'country_of_origin_of_goods': '#607B6B', 'invoice_no': '#5A1AD7', 'cosignee_name': '#63735B', 'total_quantity_of_goods': '#97664C', 'consignor_address': '#210F4A', 'invoice_tax_ccy': '#5D75F0', 'gross_weight': '#94F1D6', 'notify_party_name': '#E7A8B8', 'dimension': '#DF9FF2', 'consignor_name': '#C84128', 'indicator_type': '#8FF53C', 'invoice_tax_amount': '#151467', 'country_of_final_destination': '#25622B', 'usance_tenor': '#F8F75C', 'date_of_invoice': '#ACCABD', 'invoice_currency': '#A34299', 'invoice_amount_in_words': '#9A34F2', 'awb_number': '#3FEA8E', 'awb_date': '#BCA230', 'lc_ref_no': '#62F336', 'vessel_name': '#C6015A', 'net_weight': '#CD9B56', 'beneficiary_country': '#60165F', 'beneficiary_drawer_exporter_seller_supplier_tin': '#8033A3', 'remitter_drawee_applicant_importer_buyer_name': '#1DA504', 'transaction_date': '#DFD210', 'shipper_name': '#EDEE8F', 'indicator_date': '#DC1739', 'beneficiary_bank_country': '#E82A52', 'shipper_address': '#23CBB5', 'signature_of_the_issuer': '#82BB58', 'tenor_indicator': '#395A6F', 'delivery_terms': '#57F551', 'transaction_currency': '#8D8813', 'beneficiary_drawer_exporter_seller_supplier_name': '#D8346B', 'page_no': '#439429', 'consignor_country': '#0AABC4', 'beneficiary_bank_name': '#941F32', 'lc_date': '#16DA05', 'invoice_discount_ccy': '#4709F3', 'transaction_amonunt_value': '#FD20AF', 'stamp': '#5F6B83', 'notify_party_address': '#03466D', 'invoice_amount': '#D6D5E8', 'port_of_discharge': '#A9F78A'}
2024-01-30 13:48:48,272 is result_set is instance of dict? True
2024-01-30 13:48:48,273 is final_result_set is instance of dict? True
2024-01-30 13:48:48,309 Time taken for page 1 of Invoice_939_3.png:0:00:01.240264
2024-01-30 13:48:48,455 *****Generated All Pages****** for Invoice_939_3.png
2024-01-30 13:48:48,455 RAM memory 68.2 used for Invoice_939_3.png Generating All Pages:
2024-01-30 13:48:48,455 Processing time taken for all pages of Invoice_939_3.png1:0:00:01.386728
2024-01-30 13:48:48,605 file name is:Invoice_994_0.png
2024-01-30 13:48:48,606 folder path :Images
2024-01-30 13:48:48,606 Calling Image result
2024-01-30 13:48:48,606 is all_page_result is instance of dict? True
2024-01-30 13:48:48,607 STREAM b'IHDR' 16 13
2024-01-30 13:48:48,607 STREAM b'IDAT' 41 36916
2024-01-30 13:48:48,649 is words is instance of list? True
2024-01-30 13:48:48,649 is bboxes is instance of list? True
2024-01-30 13:48:48,649 is bounding_boxes is instance of list? True
2024-01-30 13:48:48,830 is input_id_chunks is instance of list? True
2024-01-30 13:48:48,830 is mask_chunks is instance of list? True
2024-01-30 13:48:48,830 is bbox_chunks is instance of list? True
2024-01-30 13:48:48,830 is image_chunks is instance of list? True
2024-01-30 13:48:48,831 is input_dict is instance of dict? True
2024-01-30 13:48:50,259 Model Called
2024-01-30 13:48:50,259 RAM memory 68.1 used for Invoice_994_0.png:
2024-01-30 13:48:50,259 is all_predictions is instance of list? True
2024-01-30 13:48:50,259 is all_boxes is instance of list? True
2024-01-30 13:48:50,259 is all_confidences is instance of list? True
2024-01-30 13:48:50,259 is all_text is instance of list? True
2024-01-30 13:48:50,260 is label2id is instance of dict? True
2024-01-30 13:48:50,260 is id2label is instance of dict? True
2024-01-30 13:48:50,260 is label2color is instance of dict? True
2024-01-30 13:48:50,261 label2color : {'signature': '#9A0A4E', 'remitter_address': '#6A0114', 'O': '#6CF189', 'notify_party_country': '#BF0E2B', 'port_of_loading': '#B59995', 'beneficiary_account_number': '#157EE1', 'consignee_address': '#5174FC', 'beneficiary_iban_number': '#FC65F7', 'bill_of_lading_no': '#8DB2E9', 'pre-carriage-by': '#CE0189', 'invoice_discount_amount': '#7A7FE4', 'beneficiary_address': '#D38FD1', 'rate_per_unit': '#D7ADB8', 'original_or_copy': '#54F460', 'hs_code_no': '#71AA17', 'bill_of_lading_date': '#F77540', 'declaration_by_issuer': '#D28B73', 'beneficiary_bank_identifier': '#5F1846', 'vessel_flight_no': '#803720', 'goods_description': '#5018D8', 'incoterm': '#44F65D', 'invoice_due_date': '#032E54', 'tenor_type': '#00BD04', 'country_of_origin_of_goods': '#619910', 'invoice_no': '#C3D4EE', 'cosignee_name': '#1A6004', 'total_quantity_of_goods': '#C53CC8', 'consignor_address': '#A9A826', 'invoice_tax_ccy': '#762003', 'gross_weight': '#50196F', 'notify_party_name': '#9CCC70', 'dimension': '#182FC3', 'consignor_name': '#E32A45', 'indicator_type': '#8C8B17', 'invoice_tax_amount': '#EF7FCB', 'country_of_final_destination': '#0FC4ED', 'usance_tenor': '#DE4D69', 'date_of_invoice': '#4377A3', 'invoice_currency': '#3450B1', 'invoice_amount_in_words': '#2ABA36', 'awb_number': '#6EF66B', 'awb_date': '#EDEF35', 'lc_ref_no': '#7D6C75', 'vessel_name': '#EB9580', 'net_weight': '#BDA1A9', 'beneficiary_country': '#5408F1', 'beneficiary_drawer_exporter_seller_supplier_tin': '#B15759', 'remitter_drawee_applicant_importer_buyer_name': '#7A1D12', 'transaction_date': '#0CE7C1', 'shipper_name': '#356F2D', 'indicator_date': '#4C100F', 'beneficiary_bank_country': '#C984F4', 'shipper_address': '#B3F6AE', 'signature_of_the_issuer': '#E37071', 'tenor_indicator': '#01C94F', 'delivery_terms': '#0DD507', 'transaction_currency': '#75CE3A', 'beneficiary_drawer_exporter_seller_supplier_name': '#BA9D8F', 'page_no': '#EBA1A4', 'consignor_country': '#38EAC4', 'beneficiary_bank_name': '#B7C8CD', 'lc_date': '#3D32CA', 'invoice_discount_ccy': '#2C2321', 'transaction_amonunt_value': '#89F531', 'stamp': '#BA16B7', 'notify_party_address': '#6BE96F', 'invoice_amount': '#620EEE', 'port_of_discharge': '#9593A8'}
2024-01-30 13:48:50,449 is result_set is instance of dict? True
2024-01-30 13:48:50,450 is final_result_set is instance of dict? True
2024-01-30 13:48:50,487 Time taken for page 1 of Invoice_994_0.png:0:00:01.879972
2024-01-30 13:48:50,608 *****Generated All Pages****** for Invoice_994_0.png
2024-01-30 13:48:50,608 RAM memory 68.4 used for Invoice_994_0.png Generating All Pages:
2024-01-30 13:48:50,608 Processing time taken for all pages of Invoice_994_0.png1:0:00:02.002561
2024-01-30 13:48:50,760 file name is:Invoice_876_1.png
2024-01-30 13:48:50,760 folder path :Images
2024-01-30 13:48:50,761 Calling Image result
2024-01-30 13:48:50,761 is all_page_result is instance of dict? True
2024-01-30 13:48:50,777 STREAM b'IHDR' 16 13
2024-01-30 13:48:50,777 STREAM b'IDAT' 41 65536
2024-01-30 13:48:50,816 is words is instance of list? True
2024-01-30 13:48:50,816 is bboxes is instance of list? True
2024-01-30 13:48:50,816 is bounding_boxes is instance of list? True
2024-01-30 13:48:50,997 is input_id_chunks is instance of list? True
2024-01-30 13:48:50,997 is mask_chunks is instance of list? True
2024-01-30 13:48:50,997 is bbox_chunks is instance of list? True
2024-01-30 13:48:50,997 is image_chunks is instance of list? True
2024-01-30 13:48:50,997 is input_dict is instance of dict? True
2024-01-30 13:48:52,623 Model Called
2024-01-30 13:48:52,623 RAM memory 69.0 used for Invoice_876_1.png:
2024-01-30 13:48:52,623 is all_predictions is instance of list? True
2024-01-30 13:48:52,623 is all_boxes is instance of list? True
2024-01-30 13:48:52,623 is all_confidences is instance of list? True
2024-01-30 13:48:52,623 is all_text is instance of list? True
2024-01-30 13:48:52,624 is label2id is instance of dict? True
2024-01-30 13:48:52,624 is id2label is instance of dict? True
2024-01-30 13:48:52,624 is label2color is instance of dict? True
2024-01-30 13:48:52,624 label2color : {'signature': '#0B660D', 'remitter_address': '#796308', 'O': '#68A81C', 'notify_party_country': '#45CD78', 'port_of_loading': '#36829A', 'beneficiary_account_number': '#5B3967', 'consignee_address': '#E925E6', 'beneficiary_iban_number': '#50ECB9', 'bill_of_lading_no': '#B7383C', 'pre-carriage-by': '#A8B686', 'invoice_discount_amount': '#B4C23C', 'beneficiary_address': '#7B53E6', 'rate_per_unit': '#63F893', 'original_or_copy': '#F709E5', 'hs_code_no': '#815AC9', 'bill_of_lading_date': '#682BC2', 'declaration_by_issuer': '#70359B', 'beneficiary_bank_identifier': '#50BFC8', 'vessel_flight_no': '#E92D76', 'goods_description': '#99B23C', 'incoterm': '#76BFD4', 'invoice_due_date': '#F128F4', 'tenor_type': '#8BB1AE', 'country_of_origin_of_goods': '#A22CAC', 'invoice_no': '#9BA122', 'cosignee_name': '#09EAC0', 'total_quantity_of_goods': '#9C713C', 'consignor_address': '#04499A', 'invoice_tax_ccy': '#089A3B', 'gross_weight': '#25D123', 'notify_party_name': '#1055BC', 'dimension': '#BF31A5', 'consignor_name': '#196573', 'indicator_type': '#E3554D', 'invoice_tax_amount': '#A01C16', 'country_of_final_destination': '#0792AE', 'usance_tenor': '#A15FAF', 'date_of_invoice': '#D0F112', 'invoice_currency': '#FFD0E7', 'invoice_amount_in_words': '#FF623D', 'awb_number': '#813022', 'awb_date': '#EEFD23', 'lc_ref_no': '#22EA39', 'vessel_name': '#6B9419', 'net_weight': '#8BCFAA', 'beneficiary_country': '#B46135', 'beneficiary_drawer_exporter_seller_supplier_tin': '#EC4D9D', 'remitter_drawee_applicant_importer_buyer_name': '#590E1E', 'transaction_date': '#95F37D', 'shipper_name': '#AC3F8E', 'indicator_date': '#643243', 'beneficiary_bank_country': '#B5D68D', 'shipper_address': '#15FC6B', 'signature_of_the_issuer': '#C46F14', 'tenor_indicator': '#795898', 'delivery_terms': '#745929', 'transaction_currency': '#ED7D7B', 'beneficiary_drawer_exporter_seller_supplier_name': '#3CD732', 'page_no': '#92C8FF', 'consignor_country': '#D5103C', 'beneficiary_bank_name': '#60C754', 'lc_date': '#1DC1AB', 'invoice_discount_ccy': '#2A8809', 'transaction_amonunt_value': '#3C1E1F', 'stamp': '#4A875E', 'notify_party_address': '#491978', 'invoice_amount': '#A3DF76', 'port_of_discharge': '#8B6AE7'}
2024-01-30 13:48:52,811 is result_set is instance of dict? True
2024-01-30 13:48:52,812 is final_result_set is instance of dict? True
2024-01-30 13:48:52,839 Time taken for page 1 of Invoice_876_1.png:0:00:02.061938
2024-01-30 13:48:52,982 *****Generated All Pages****** for Invoice_876_1.png
2024-01-30 13:48:52,983 RAM memory 69.2 used for Invoice_876_1.png Generating All Pages:
2024-01-30 13:48:52,983 Processing time taken for all pages of Invoice_876_1.png1:0:00:02.222012
2024-01-30 13:48:53,125 file name is:Invoice_989_0.png
2024-01-30 13:48:53,125 folder path :Images
2024-01-30 13:48:53,125 Calling Image result
2024-01-30 13:48:53,126 is all_page_result is instance of dict? True
2024-01-30 13:48:53,145 STREAM b'IHDR' 16 13
2024-01-30 13:48:53,145 STREAM b'IDAT' 41 39475
2024-01-30 13:48:53,165 is words is instance of list? True
2024-01-30 13:48:53,165 is bboxes is instance of list? True
2024-01-30 13:48:53,165 is bounding_boxes is instance of list? True
2024-01-30 13:48:53,373 is input_id_chunks is instance of list? True
2024-01-30 13:48:53,373 is mask_chunks is instance of list? True
2024-01-30 13:48:53,373 is bbox_chunks is instance of list? True
2024-01-30 13:48:53,373 is image_chunks is instance of list? True
2024-01-30 13:48:53,374 is input_dict is instance of dict? True
2024-01-30 13:48:54,946 Model Called
2024-01-30 13:48:54,946 RAM memory 67.6 used for Invoice_989_0.png:
2024-01-30 13:48:54,946 is all_predictions is instance of list? True
2024-01-30 13:48:54,946 is all_boxes is instance of list? True
2024-01-30 13:48:54,946 is all_confidences is instance of list? True
2024-01-30 13:48:54,946 is all_text is instance of list? True
2024-01-30 13:48:54,947 is label2id is instance of dict? True
2024-01-30 13:48:54,947 is id2label is instance of dict? True
2024-01-30 13:48:54,947 is label2color is instance of dict? True
2024-01-30 13:48:54,947 label2color : {'signature': '#944C3D', 'remitter_address': '#18809E', 'O': '#24E4B1', 'notify_party_country': '#B8E19B', 'port_of_loading': '#6C6F17', 'beneficiary_account_number': '#A36237', 'consignee_address': '#747973', 'beneficiary_iban_number': '#BDA9F2', 'bill_of_lading_no': '#961EAA', 'pre-carriage-by': '#EA12B6', 'invoice_discount_amount': '#39C9A1', 'beneficiary_address': '#40CFBA', 'rate_per_unit': '#77E339', 'original_or_copy': '#6B5904', 'hs_code_no': '#AD080F', 'bill_of_lading_date': '#BC2255', 'declaration_by_issuer': '#4B6DE0', 'beneficiary_bank_identifier': '#AAC5B1', 'vessel_flight_no': '#F17473', 'goods_description': '#CA00EF', 'incoterm': '#2EADAC', 'invoice_due_date': '#194D2B', 'tenor_type': '#DC3A40', 'country_of_origin_of_goods': '#2C6E5E', 'invoice_no': '#5DC452', 'cosignee_name': '#E3A9C8', 'total_quantity_of_goods': '#B7CA6C', 'consignor_address': '#2B48D7', 'invoice_tax_ccy': '#128D4F', 'gross_weight': '#6794B4', 'notify_party_name': '#7D4839', 'dimension': '#A891E8', 'consignor_name': '#9C4F01', 'indicator_type': '#BB107B', 'invoice_tax_amount': '#F14A79', 'country_of_final_destination': '#C81EBD', 'usance_tenor': '#434E59', 'date_of_invoice': '#A7E2DB', 'invoice_currency': '#2E5C33', 'invoice_amount_in_words': '#88FE24', 'awb_number': '#53B6B7', 'awb_date': '#97DD1C', 'lc_ref_no': '#88E9B2', 'vessel_name': '#D7E14C', 'net_weight': '#A46557', 'beneficiary_country': '#2C7334', 'beneficiary_drawer_exporter_seller_supplier_tin': '#88ECDE', 'remitter_drawee_applicant_importer_buyer_name': '#2E2856', 'transaction_date': '#AFE0DF', 'shipper_name': '#D4D8D5', 'indicator_date': '#0B6CA9', 'beneficiary_bank_country': '#27416A', 'shipper_address': '#7ED4AA', 'signature_of_the_issuer': '#1BF6FA', 'tenor_indicator': '#061F7E', 'delivery_terms': '#D0233F', 'transaction_currency': '#024670', 'beneficiary_drawer_exporter_seller_supplier_name': '#414E42', 'page_no': '#DC6677', 'consignor_country': '#60134F', 'beneficiary_bank_name': '#FF13EA', 'lc_date': '#1BFA9B', 'invoice_discount_ccy': '#F046A1', 'transaction_amonunt_value': '#C53231', 'stamp': '#114964', 'notify_party_address': '#6DF106', 'invoice_amount': '#DE3CF8', 'port_of_discharge': '#A72B77'}
2024-01-30 13:48:55,174 is result_set is instance of dict? True
2024-01-30 13:48:55,175 is final_result_set is instance of dict? True
2024-01-30 13:48:55,204 Time taken for page 1 of Invoice_989_0.png:0:00:02.058577
2024-01-30 13:48:55,326 *****Generated All Pages****** for Invoice_989_0.png
2024-01-30 13:48:55,326 RAM memory 68.0 used for Invoice_989_0.png Generating All Pages:
2024-01-30 13:48:55,326 Processing time taken for all pages of Invoice_989_0.png1:0:00:02.200553
2024-01-30 13:48:55,479 file name is:Proforma_Invoice_338_0.png
2024-01-30 13:48:55,479 folder path :Images
2024-01-30 13:48:55,479 Calling Image result
2024-01-30 13:48:55,479 is all_page_result is instance of dict? True
2024-01-30 13:48:55,493 STREAM b'IHDR' 16 13
2024-01-30 13:48:55,493 STREAM b'sRGB' 41 1
2024-01-30 13:48:55,493 STREAM b'gAMA' 54 4
2024-01-30 13:48:55,493 STREAM b'pHYs' 70 9
2024-01-30 13:48:55,493 STREAM b'IDAT' 91 30587
2024-01-30 13:48:55,514 is words is instance of list? True
2024-01-30 13:48:55,514 is bboxes is instance of list? True
2024-01-30 13:48:55,514 is bounding_boxes is instance of list? True
2024-01-30 13:48:55,726 is input_id_chunks is instance of list? True
2024-01-30 13:48:55,726 is mask_chunks is instance of list? True
2024-01-30 13:48:55,726 is bbox_chunks is instance of list? True
2024-01-30 13:48:55,726 is image_chunks is instance of list? True
2024-01-30 13:48:55,726 is input_dict is instance of dict? True
2024-01-30 13:48:56,430 Model Called
2024-01-30 13:48:56,430 RAM memory 68.2 used for Proforma_Invoice_338_0.png:
2024-01-30 13:48:56,430 is all_predictions is instance of list? True
2024-01-30 13:48:56,430 is all_boxes is instance of list? True
2024-01-30 13:48:56,430 is all_confidences is instance of list? True
2024-01-30 13:48:56,430 is all_text is instance of list? True
2024-01-30 13:48:56,431 is label2id is instance of dict? True
2024-01-30 13:48:56,431 is id2label is instance of dict? True
2024-01-30 13:48:56,432 is label2color is instance of dict? True
2024-01-30 13:48:56,432 label2color : {'signature': '#8719C5', 'remitter_address': '#724C1B', 'O': '#491DD8', 'notify_party_country': '#00F459', 'port_of_loading': '#48497C', 'beneficiary_account_number': '#7B3B79', 'consignee_address': '#845A8A', 'beneficiary_iban_number': '#4DA815', 'bill_of_lading_no': '#956760', 'pre-carriage-by': '#E64ABC', 'invoice_discount_amount': '#A062BF', 'beneficiary_address': '#615A09', 'rate_per_unit': '#FF2C88', 'original_or_copy': '#8E3A56', 'hs_code_no': '#FF31C2', 'bill_of_lading_date': '#1D428B', 'declaration_by_issuer': '#69D066', 'beneficiary_bank_identifier': '#F80435', 'vessel_flight_no': '#FE616A', 'goods_description': '#EFA72C', 'incoterm': '#B43064', 'invoice_due_date': '#3BF4E7', 'tenor_type': '#813FCB', 'country_of_origin_of_goods': '#CB4066', 'invoice_no': '#1FA708', 'cosignee_name': '#0F4306', 'total_quantity_of_goods': '#423A6B', 'consignor_address': '#B52E83', 'invoice_tax_ccy': '#288A30', 'gross_weight': '#DCC65E', 'notify_party_name': '#CDAFB7', 'dimension': '#F85055', 'consignor_name': '#8FF541', 'indicator_type': '#4A4E48', 'invoice_tax_amount': '#93BB60', 'country_of_final_destination': '#E1F126', 'usance_tenor': '#8DE795', 'date_of_invoice': '#743677', 'invoice_currency': '#F68A92', 'invoice_amount_in_words': '#6EC025', 'awb_number': '#5C2170', 'awb_date': '#42CDBA', 'lc_ref_no': '#1B2641', 'vessel_name': '#FC09B5', 'net_weight': '#0E6545', 'beneficiary_country': '#774BBD', 'beneficiary_drawer_exporter_seller_supplier_tin': '#BDFE07', 'remitter_drawee_applicant_importer_buyer_name': '#8DF22B', 'transaction_date': '#53F801', 'shipper_name': '#134AF4', 'indicator_date': '#A81D2C', 'beneficiary_bank_country': '#FC45F7', 'shipper_address': '#B1EF22', 'signature_of_the_issuer': '#E0DDE7', 'tenor_indicator': '#91B5AB', 'delivery_terms': '#959309', 'transaction_currency': '#FD1F16', 'beneficiary_drawer_exporter_seller_supplier_name': '#0A7C33', 'page_no': '#E7AB84', 'consignor_country': '#A39B77', 'beneficiary_bank_name': '#7B095C', 'lc_date': '#4C6929', 'invoice_discount_ccy': '#3562A0', 'transaction_amonunt_value': '#806209', 'stamp': '#62FB1D', 'notify_party_address': '#AF7D63', 'invoice_amount': '#DCCBF9', 'port_of_discharge': '#1A811D'}
2024-01-30 13:48:56,563 is result_set is instance of dict? True
2024-01-30 13:48:56,563 is final_result_set is instance of dict? True
2024-01-30 13:48:56,573 Time taken for page 1 of Proforma_Invoice_338_0.png:0:00:01.079516
2024-01-30 13:48:56,690 *****Generated All Pages****** for Proforma_Invoice_338_0.png
2024-01-30 13:48:56,691 RAM memory 68.4 used for Proforma_Invoice_338_0.png Generating All Pages:
2024-01-30 13:48:56,691 Processing time taken for all pages of Proforma_Invoice_338_0.png1:0:00:01.211577
2024-01-30 13:48:56,843 file name is:Proforma_Invoice_872_0.png
2024-01-30 13:48:56,843 folder path :Images
2024-01-30 13:48:56,843 Calling Image result
2024-01-30 13:48:56,843 is all_page_result is instance of dict? True
2024-01-30 13:48:56,854 STREAM b'IHDR' 16 13
2024-01-30 13:48:56,854 STREAM b'IDAT' 41 51417
2024-01-30 13:48:56,879 is words is instance of list? True
2024-01-30 13:48:56,879 is bboxes is instance of list? True
2024-01-30 13:48:56,879 is bounding_boxes is instance of list? True
2024-01-30 13:48:57,056 is input_id_chunks is instance of list? True
2024-01-30 13:48:57,056 is mask_chunks is instance of list? True
2024-01-30 13:48:57,056 is bbox_chunks is instance of list? True
2024-01-30 13:48:57,056 is image_chunks is instance of list? True
2024-01-30 13:48:57,057 is input_dict is instance of dict? True
2024-01-30 13:48:57,770 Model Called
2024-01-30 13:48:57,770 RAM memory 68.8 used for Proforma_Invoice_872_0.png:
2024-01-30 13:48:57,771 is all_predictions is instance of list? True
2024-01-30 13:48:57,771 is all_boxes is instance of list? True
2024-01-30 13:48:57,771 is all_confidences is instance of list? True
2024-01-30 13:48:57,771 is all_text is instance of list? True
2024-01-30 13:48:57,771 is label2id is instance of dict? True
2024-01-30 13:48:57,771 is id2label is instance of dict? True
2024-01-30 13:48:57,772 is label2color is instance of dict? True
2024-01-30 13:48:57,772 label2color : {'signature': '#E256F0', 'remitter_address': '#593252', 'O': '#9A0AFB', 'notify_party_country': '#7EB7B8', 'port_of_loading': '#49BB99', 'beneficiary_account_number': '#AEB3F1', 'consignee_address': '#327FD0', 'beneficiary_iban_number': '#A9F921', 'bill_of_lading_no': '#A52071', 'pre-carriage-by': '#E876E7', 'invoice_discount_amount': '#B9F054', 'beneficiary_address': '#D80DBC', 'rate_per_unit': '#B3CB51', 'original_or_copy': '#B8FDBD', 'hs_code_no': '#071B81', 'bill_of_lading_date': '#FF2F68', 'declaration_by_issuer': '#09499E', 'beneficiary_bank_identifier': '#0C9E78', 'vessel_flight_no': '#337AF0', 'goods_description': '#7E7F0B', 'incoterm': '#037FA0', 'invoice_due_date': '#23E9BB', 'tenor_type': '#B32AAB', 'country_of_origin_of_goods': '#CCDB81', 'invoice_no': '#391DFE', 'cosignee_name': '#049947', 'total_quantity_of_goods': '#0345CF', 'consignor_address': '#FA3129', 'invoice_tax_ccy': '#C22380', 'gross_weight': '#EA3F64', 'notify_party_name': '#6F0553', 'dimension': '#0FAB21', 'consignor_name': '#BCF9E0', 'indicator_type': '#02EC67', 'invoice_tax_amount': '#707936', 'country_of_final_destination': '#FA3062', 'usance_tenor': '#2C576A', 'date_of_invoice': '#A330CD', 'invoice_currency': '#C13E8A', 'invoice_amount_in_words': '#A7F7CA', 'awb_number': '#05FC77', 'awb_date': '#179923', 'lc_ref_no': '#59CAAB', 'vessel_name': '#EC71B3', 'net_weight': '#FAD7FC', 'beneficiary_country': '#B62CCA', 'beneficiary_drawer_exporter_seller_supplier_tin': '#B2444A', 'remitter_drawee_applicant_importer_buyer_name': '#4BDB7B', 'transaction_date': '#73DBA9', 'shipper_name': '#94C1C9', 'indicator_date': '#8948E4', 'beneficiary_bank_country': '#9A1C04', 'shipper_address': '#5AA08E', 'signature_of_the_issuer': '#AA705C', 'tenor_indicator': '#6D5636', 'delivery_terms': '#F2D3AA', 'transaction_currency': '#D3ACF0', 'beneficiary_drawer_exporter_seller_supplier_name': '#849237', 'page_no': '#A9819A', 'consignor_country': '#2F92F3', 'beneficiary_bank_name': '#A62088', 'lc_date': '#0E795B', 'invoice_discount_ccy': '#53539B', 'transaction_amonunt_value': '#A4261C', 'stamp': '#3842AE', 'notify_party_address': '#6B4DF2', 'invoice_amount': '#604647', 'port_of_discharge': '#BF3243'}
2024-01-30 13:48:57,939 is result_set is instance of dict? True
2024-01-30 13:48:57,940 is final_result_set is instance of dict? True
2024-01-30 13:48:57,967 Time taken for page 1 of Proforma_Invoice_872_0.png:0:00:01.112616
2024-01-30 13:48:58,114 *****Generated All Pages****** for Proforma_Invoice_872_0.png
2024-01-30 13:48:58,114 RAM memory 68.9 used for Proforma_Invoice_872_0.png Generating All Pages:
2024-01-30 13:48:58,114 Processing time taken for all pages of Proforma_Invoice_872_0.png1:0:00:01.271486
2024-01-30 13:48:58,270 file name is:Proforma_Invoice_831_0.png
2024-01-30 13:48:58,270 folder path :Images
2024-01-30 13:48:58,270 Calling Image result
2024-01-30 13:48:58,270 is all_page_result is instance of dict? True
2024-01-30 13:48:58,290 STREAM b'IHDR' 16 13
2024-01-30 13:48:58,290 STREAM b'IDAT' 41 36558
2024-01-30 13:48:58,309 is words is instance of list? True
2024-01-30 13:48:58,309 is bboxes is instance of list? True
2024-01-30 13:48:58,309 is bounding_boxes is instance of list? True
2024-01-30 13:48:58,483 is input_id_chunks is instance of list? True
2024-01-30 13:48:58,483 is mask_chunks is instance of list? True
2024-01-30 13:48:58,483 is bbox_chunks is instance of list? True
2024-01-30 13:48:58,483 is image_chunks is instance of list? True
2024-01-30 13:48:58,484 is input_dict is instance of dict? True
2024-01-30 13:48:59,256 Model Called
2024-01-30 13:48:59,256 RAM memory 69.3 used for Proforma_Invoice_831_0.png:
2024-01-30 13:48:59,256 is all_predictions is instance of list? True
2024-01-30 13:48:59,256 is all_boxes is instance of list? True
2024-01-30 13:48:59,256 is all_confidences is instance of list? True
2024-01-30 13:48:59,256 is all_text is instance of list? True
2024-01-30 13:48:59,257 is label2id is instance of dict? True
2024-01-30 13:48:59,257 is id2label is instance of dict? True
2024-01-30 13:48:59,258 is label2color is instance of dict? True
2024-01-30 13:48:59,258 label2color : {'signature': '#A151E1', 'remitter_address': '#9F9A63', 'O': '#139DDE', 'notify_party_country': '#399F2F', 'port_of_loading': '#93E571', 'beneficiary_account_number': '#6E9D70', 'consignee_address': '#014A8A', 'beneficiary_iban_number': '#25563E', 'bill_of_lading_no': '#8F97AE', 'pre-carriage-by': '#82C369', 'invoice_discount_amount': '#412C90', 'beneficiary_address': '#BB019F', 'rate_per_unit': '#F15CA6', 'original_or_copy': '#2C8EE9', 'hs_code_no': '#4018B9', 'bill_of_lading_date': '#953E49', 'declaration_by_issuer': '#64046E', 'beneficiary_bank_identifier': '#677141', 'vessel_flight_no': '#C14DF3', 'goods_description': '#2210B7', 'incoterm': '#C430B2', 'invoice_due_date': '#76CF7E', 'tenor_type': '#AF8CE3', 'country_of_origin_of_goods': '#F7B22B', 'invoice_no': '#E150E3', 'cosignee_name': '#389DA6', 'total_quantity_of_goods': '#2E348F', 'consignor_address': '#F11C0B', 'invoice_tax_ccy': '#52FE31', 'gross_weight': '#248A02', 'notify_party_name': '#A0E099', 'dimension': '#C474FA', 'consignor_name': '#241640', 'indicator_type': '#4B1E8B', 'invoice_tax_amount': '#C68AA5', 'country_of_final_destination': '#9AC072', 'usance_tenor': '#E1FB15', 'date_of_invoice': '#20BE47', 'invoice_currency': '#5BA874', 'invoice_amount_in_words': '#B06870', 'awb_number': '#E60C07', 'awb_date': '#FD0C68', 'lc_ref_no': '#1D8B81', 'vessel_name': '#FE52BA', 'net_weight': '#5DB173', 'beneficiary_country': '#CAF9FC', 'beneficiary_drawer_exporter_seller_supplier_tin': '#9FDD4A', 'remitter_drawee_applicant_importer_buyer_name': '#80B47B', 'transaction_date': '#837A58', 'shipper_name': '#4E330C', 'indicator_date': '#4A4D74', 'beneficiary_bank_country': '#E46ED5', 'shipper_address': '#1CBA3E', 'signature_of_the_issuer': '#3AE55F', 'tenor_indicator': '#812D85', 'delivery_terms': '#E9E0BE', 'transaction_currency': '#A7C893', 'beneficiary_drawer_exporter_seller_supplier_name': '#B044FE', 'page_no': '#312A80', 'consignor_country': '#4E3EFD', 'beneficiary_bank_name': '#F3B1E1', 'lc_date': '#954DB4', 'invoice_discount_ccy': '#7DCE98', 'transaction_amonunt_value': '#FF82CD', 'stamp': '#F6000D', 'notify_party_address': '#641F88', 'invoice_amount': '#227994', 'port_of_discharge': '#236507'}
2024-01-30 13:48:59,469 is result_set is instance of dict? True
2024-01-30 13:48:59,470 is final_result_set is instance of dict? True
2024-01-30 13:48:59,500 Time taken for page 1 of Proforma_Invoice_831_0.png:0:00:01.210313
2024-01-30 13:48:59,685 *****Generated All Pages****** for Proforma_Invoice_831_0.png
2024-01-30 13:48:59,686 RAM memory 69.5 used for Proforma_Invoice_831_0.png Generating All Pages:
2024-01-30 13:48:59,686 Processing time taken for all pages of Proforma_Invoice_831_0.png1:0:00:01.415516
2024-01-30 13:48:59,928 file name is:Invoice_939_6.png
2024-01-30 13:48:59,928 folder path :Images
2024-01-30 13:48:59,928 Calling Image result
2024-01-30 13:48:59,928 is all_page_result is instance of dict? True
2024-01-30 13:48:59,940 STREAM b'IHDR' 16 13
2024-01-30 13:48:59,940 STREAM b'IDAT' 41 46159
2024-01-30 13:48:59,972 is words is instance of list? True
2024-01-30 13:48:59,972 is bboxes is instance of list? True
2024-01-30 13:48:59,973 is bounding_boxes is instance of list? True
2024-01-30 13:49:00,203 is input_id_chunks is instance of list? True
2024-01-30 13:49:00,203 is mask_chunks is instance of list? True
2024-01-30 13:49:00,203 is bbox_chunks is instance of list? True
2024-01-30 13:49:00,203 is image_chunks is instance of list? True
2024-01-30 13:49:00,203 is input_dict is instance of dict? True
2024-01-30 13:49:00,995 Model Called
2024-01-30 13:49:00,995 RAM memory 67.3 used for Invoice_939_6.png:
2024-01-30 13:49:00,995 is all_predictions is instance of list? True
2024-01-30 13:49:00,995 is all_boxes is instance of list? True
2024-01-30 13:49:00,995 is all_confidences is instance of list? True
2024-01-30 13:49:00,995 is all_text is instance of list? True
2024-01-30 13:49:00,996 is label2id is instance of dict? True
2024-01-30 13:49:00,996 is id2label is instance of dict? True
2024-01-30 13:49:00,996 is label2color is instance of dict? True
2024-01-30 13:49:00,996 label2color : {'signature': '#93609C', 'remitter_address': '#3C66B8', 'O': '#BACD54', 'notify_party_country': '#078005', 'port_of_loading': '#4161DA', 'beneficiary_account_number': '#E0D633', 'consignee_address': '#F1A3C8', 'beneficiary_iban_number': '#7B6B4D', 'bill_of_lading_no': '#0DF3EC', 'pre-carriage-by': '#90C215', 'invoice_discount_amount': '#2BD549', 'beneficiary_address': '#4A11C4', 'rate_per_unit': '#05A30D', 'original_or_copy': '#DAE8FD', 'hs_code_no': '#057EA7', 'bill_of_lading_date': '#968F42', 'declaration_by_issuer': '#4636A7', 'beneficiary_bank_identifier': '#03C21E', 'vessel_flight_no': '#067878', 'goods_description': '#A85E5D', 'incoterm': '#BC3337', 'invoice_due_date': '#F63E34', 'tenor_type': '#9A5488', 'country_of_origin_of_goods': '#51684D', 'invoice_no': '#577A56', 'cosignee_name': '#8102DE', 'total_quantity_of_goods': '#FB318D', 'consignor_address': '#B752B6', 'invoice_tax_ccy': '#A3A110', 'gross_weight': '#1FA18B', 'notify_party_name': '#B58ABC', 'dimension': '#DE7D49', 'consignor_name': '#8E93FD', 'indicator_type': '#B169E4', 'invoice_tax_amount': '#A70825', 'country_of_final_destination': '#ACD15B', 'usance_tenor': '#65B693', 'date_of_invoice': '#91AE40', 'invoice_currency': '#DB2BCE', 'invoice_amount_in_words': '#09A310', 'awb_number': '#35C5B0', 'awb_date': '#93DACF', 'lc_ref_no': '#A047D0', 'vessel_name': '#79A98B', 'net_weight': '#095038', 'beneficiary_country': '#DDF219', 'beneficiary_drawer_exporter_seller_supplier_tin': '#0DC094', 'remitter_drawee_applicant_importer_buyer_name': '#BDB06F', 'transaction_date': '#13CEBB', 'shipper_name': '#F5C275', 'indicator_date': '#915D86', 'beneficiary_bank_country': '#C1E15A', 'shipper_address': '#CF3BEF', 'signature_of_the_issuer': '#21777A', 'tenor_indicator': '#C34A28', 'delivery_terms': '#506646', 'transaction_currency': '#3E88D4', 'beneficiary_drawer_exporter_seller_supplier_name': '#304CCE', 'page_no': '#3D4707', 'consignor_country': '#A7962D', 'beneficiary_bank_name': '#7F39A4', 'lc_date': '#0523A8', 'invoice_discount_ccy': '#956760', 'transaction_amonunt_value': '#BA8BF1', 'stamp': '#1A8782', 'notify_party_address': '#6315E0', 'invoice_amount': '#97E5B2', 'port_of_discharge': '#581A9F'}
2024-01-30 13:49:01,158 is result_set is instance of dict? True
2024-01-30 13:49:01,159 is final_result_set is instance of dict? True
2024-01-30 13:49:01,192 Time taken for page 1 of Invoice_939_6.png:0:00:01.251517
2024-01-30 13:49:01,320 *****Generated All Pages****** for Invoice_939_6.png
2024-01-30 13:49:01,320 RAM memory 67.5 used for Invoice_939_6.png Generating All Pages:
2024-01-30 13:49:01,320 Processing time taken for all pages of Invoice_939_6.png1:0:00:01.391438
2024-01-30 13:49:01,471 file name is:Invoice_419_0.png
2024-01-30 13:49:01,471 folder path :Images
2024-01-30 13:49:01,471 Calling Image result
2024-01-30 13:49:01,471 is all_page_result is instance of dict? True
2024-01-30 13:49:01,480 STREAM b'IHDR' 16 13
2024-01-30 13:49:01,480 STREAM b'IDAT' 41 59663
2024-01-30 13:49:01,507 is words is instance of list? True
2024-01-30 13:49:01,507 is bboxes is instance of list? True
2024-01-30 13:49:01,507 is bounding_boxes is instance of list? True
2024-01-30 13:49:01,690 is input_id_chunks is instance of list? True
2024-01-30 13:49:01,690 is mask_chunks is instance of list? True
2024-01-30 13:49:01,690 is bbox_chunks is instance of list? True
2024-01-30 13:49:01,690 is image_chunks is instance of list? True
2024-01-30 13:49:01,690 is input_dict is instance of dict? True
2024-01-30 13:49:03,113 Model Called
2024-01-30 13:49:03,113 RAM memory 68.4 used for Invoice_419_0.png:
2024-01-30 13:49:03,114 is all_predictions is instance of list? True
2024-01-30 13:49:03,114 is all_boxes is instance of list? True
2024-01-30 13:49:03,114 is all_confidences is instance of list? True
2024-01-30 13:49:03,114 is all_text is instance of list? True
2024-01-30 13:49:03,114 is label2id is instance of dict? True
2024-01-30 13:49:03,114 is id2label is instance of dict? True
2024-01-30 13:49:03,115 is label2color is instance of dict? True
2024-01-30 13:49:03,115 label2color : {'signature': '#457024', 'remitter_address': '#D7CB64', 'O': '#A1ECC8', 'notify_party_country': '#C00047', 'port_of_loading': '#077D5F', 'beneficiary_account_number': '#68EE50', 'consignee_address': '#9D6D77', 'beneficiary_iban_number': '#ACB46F', 'bill_of_lading_no': '#DCDBEA', 'pre-carriage-by': '#824357', 'invoice_discount_amount': '#4580C7', 'beneficiary_address': '#65DE48', 'rate_per_unit': '#2B6915', 'original_or_copy': '#0297E9', 'hs_code_no': '#D14757', 'bill_of_lading_date': '#FD5A64', 'declaration_by_issuer': '#1178D5', 'beneficiary_bank_identifier': '#EBC6C6', 'vessel_flight_no': '#88B19F', 'goods_description': '#90FF3E', 'incoterm': '#25A342', 'invoice_due_date': '#B0999C', 'tenor_type': '#88B500', 'country_of_origin_of_goods': '#A13717', 'invoice_no': '#00210F', 'cosignee_name': '#569F19', 'total_quantity_of_goods': '#F06600', 'consignor_address': '#BC5BE3', 'invoice_tax_ccy': '#AC5FB4', 'gross_weight': '#9BF0C5', 'notify_party_name': '#C11823', 'dimension': '#605C79', 'consignor_name': '#9C2D13', 'indicator_type': '#2E8CB9', 'invoice_tax_amount': '#FAAA3E', 'country_of_final_destination': '#FE0C30', 'usance_tenor': '#2B7D6F', 'date_of_invoice': '#91F3BE', 'invoice_currency': '#E96875', 'invoice_amount_in_words': '#324E19', 'awb_number': '#EB9C73', 'awb_date': '#FDD1D3', 'lc_ref_no': '#2FD33B', 'vessel_name': '#A081B5', 'net_weight': '#3294D7', 'beneficiary_country': '#A925ED', 'beneficiary_drawer_exporter_seller_supplier_tin': '#A35BF9', 'remitter_drawee_applicant_importer_buyer_name': '#5667A8', 'transaction_date': '#EB51E5', 'shipper_name': '#EA0E75', 'indicator_date': '#56B5E3', 'beneficiary_bank_country': '#33EC80', 'shipper_address': '#0FB927', 'signature_of_the_issuer': '#761039', 'tenor_indicator': '#B145E4', 'delivery_terms': '#0FD1BD', 'transaction_currency': '#82C09F', 'beneficiary_drawer_exporter_seller_supplier_name': '#48A31D', 'page_no': '#0BE124', 'consignor_country': '#AA4DE2', 'beneficiary_bank_name': '#46FECB', 'lc_date': '#8FD38D', 'invoice_discount_ccy': '#CF3F99', 'transaction_amonunt_value': '#832310', 'stamp': '#8B525C', 'notify_party_address': '#C64AEE', 'invoice_amount': '#BDA1CD', 'port_of_discharge': '#E5E0E6'}
2024-01-30 13:49:03,373 is result_set is instance of dict? True
2024-01-30 13:49:03,374 is final_result_set is instance of dict? True
2024-01-30 13:49:03,393 Time taken for page 1 of Invoice_419_0.png:0:00:01.912599
2024-01-30 13:49:03,541 *****Generated All Pages****** for Invoice_419_0.png
2024-01-30 13:49:03,541 RAM memory 68.6 used for Invoice_419_0.png Generating All Pages:
2024-01-30 13:49:03,541 Processing time taken for all pages of Invoice_419_0.png1:0:00:02.069780
2024-01-30 13:49:03,693 file name is:Invoice_659_0.png
2024-01-30 13:49:03,693 folder path :Images
2024-01-30 13:49:03,693 Calling Image result
2024-01-30 13:49:03,693 is all_page_result is instance of dict? True
2024-01-30 13:49:03,704 STREAM b'IHDR' 16 13
2024-01-30 13:49:03,704 STREAM b'IDAT' 41 65536
2024-01-30 13:49:03,723 Checking spheric-time-383904-f1b421d86eef.json for explicit credentials as part of auth process...
2024-01-30 13:49:05,696 is words is instance of list? True
2024-01-30 13:49:05,696 is bboxes is instance of list? True
2024-01-30 13:49:05,696 is bounding_boxes is instance of list? True
2024-01-30 13:49:05,890 is input_id_chunks is instance of list? True
2024-01-30 13:49:05,890 is mask_chunks is instance of list? True
2024-01-30 13:49:05,890 is bbox_chunks is instance of list? True
2024-01-30 13:49:05,890 is image_chunks is instance of list? True
2024-01-30 13:49:05,891 is input_dict is instance of dict? True
2024-01-30 13:49:07,486 Model Called
2024-01-30 13:49:07,486 RAM memory 68.3 used for Invoice_659_0.png:
2024-01-30 13:49:07,486 is all_predictions is instance of list? True
2024-01-30 13:49:07,486 is all_boxes is instance of list? True
2024-01-30 13:49:07,486 is all_confidences is instance of list? True
2024-01-30 13:49:07,486 is all_text is instance of list? True
2024-01-30 13:49:07,487 is label2id is instance of dict? True
2024-01-30 13:49:07,487 is id2label is instance of dict? True
2024-01-30 13:49:07,487 is label2color is instance of dict? True
2024-01-30 13:49:07,487 label2color : {'signature': '#FB52C5', 'remitter_address': '#0F70D9', 'O': '#A529AF', 'notify_party_country': '#0CCA4B', 'port_of_loading': '#318D7D', 'beneficiary_account_number': '#CA7B6D', 'consignee_address': '#0199F9', 'beneficiary_iban_number': '#7E82D7', 'bill_of_lading_no': '#615D06', 'pre-carriage-by': '#DF3063', 'invoice_discount_amount': '#A25621', 'beneficiary_address': '#C23153', 'rate_per_unit': '#DA3C5B', 'original_or_copy': '#357E2C', 'hs_code_no': '#DED34B', 'bill_of_lading_date': '#6EB683', 'declaration_by_issuer': '#884D8D', 'beneficiary_bank_identifier': '#A7B67D', 'vessel_flight_no': '#705C13', 'goods_description': '#D783A0', 'incoterm': '#30478B', 'invoice_due_date': '#CDD9E9', 'tenor_type': '#672099', 'country_of_origin_of_goods': '#94E969', 'invoice_no': '#491118', 'cosignee_name': '#2307F0', 'total_quantity_of_goods': '#62C508', 'consignor_address': '#F9EB84', 'invoice_tax_ccy': '#AB3E00', 'gross_weight': '#9D811F', 'notify_party_name': '#BD5BC7', 'dimension': '#61411A', 'consignor_name': '#015030', 'indicator_type': '#BF75BC', 'invoice_tax_amount': '#6CDA45', 'country_of_final_destination': '#A0B8AD', 'usance_tenor': '#DDFD2A', 'date_of_invoice': '#3012E2', 'invoice_currency': '#5AB249', 'invoice_amount_in_words': '#178452', 'awb_number': '#5DD61B', 'awb_date': '#6F8F6D', 'lc_ref_no': '#8A8DAC', 'vessel_name': '#1C185D', 'net_weight': '#2DA2BE', 'beneficiary_country': '#AF9B7C', 'beneficiary_drawer_exporter_seller_supplier_tin': '#A4226E', 'remitter_drawee_applicant_importer_buyer_name': '#27BB15', 'transaction_date': '#7DFCCC', 'shipper_name': '#9A43F8', 'indicator_date': '#A7498B', 'beneficiary_bank_country': '#C27687', 'shipper_address': '#0B6A43', 'signature_of_the_issuer': '#55BB79', 'tenor_indicator': '#E41F03', 'delivery_terms': '#3D3397', 'transaction_currency': '#548039', 'beneficiary_drawer_exporter_seller_supplier_name': '#D2E9F5', 'page_no': '#8CFF7F', 'consignor_country': '#3CD5D9', 'beneficiary_bank_name': '#D30E4F', 'lc_date': '#8552F8', 'invoice_discount_ccy': '#A8B175', 'transaction_amonunt_value': '#7AA0D6', 'stamp': '#E34BC0', 'notify_party_address': '#696141', 'invoice_amount': '#28BAD7', 'port_of_discharge': '#EF0894'}
2024-01-30 13:49:07,675 is result_set is instance of dict? True
2024-01-30 13:49:07,676 is final_result_set is instance of dict? True
2024-01-30 13:49:07,702 Time taken for page 1 of Invoice_659_0.png:0:00:03.998136
2024-01-30 13:49:07,857 *****Generated All Pages****** for Invoice_659_0.png
2024-01-30 13:49:07,857 RAM memory 68.5 used for Invoice_659_0.png Generating All Pages:
2024-01-30 13:49:07,857 Processing time taken for all pages of Invoice_659_0.png1:0:00:04.164226
2024-01-30 13:49:08,008 file name is:Invoice_985_1.png
2024-01-30 13:49:08,008 folder path :Images
2024-01-30 13:49:08,008 Calling Image result
2024-01-30 13:49:08,008 is all_page_result is instance of dict? True
2024-01-30 13:49:08,009 STREAM b'IHDR' 16 13
2024-01-30 13:49:08,009 STREAM b'IDAT' 41 19877
2024-01-30 13:49:08,015 Checking spheric-time-383904-f1b421d86eef.json for explicit credentials as part of auth process...
2024-01-30 13:49:08,828 is words is instance of list? True
2024-01-30 13:49:08,828 is bboxes is instance of list? True
2024-01-30 13:49:08,829 is bounding_boxes is instance of list? True
2024-01-30 13:49:08,887 is input_id_chunks is instance of list? True
2024-01-30 13:49:08,887 is mask_chunks is instance of list? True
2024-01-30 13:49:08,887 is bbox_chunks is instance of list? True
2024-01-30 13:49:08,887 is image_chunks is instance of list? True
2024-01-30 13:49:08,888 is input_dict is instance of dict? True
2024-01-30 13:49:10,397 Model Called
2024-01-30 13:49:10,397 RAM memory 69.5 used for Invoice_985_1.png:
2024-01-30 13:49:10,398 is all_predictions is instance of list? True
2024-01-30 13:49:10,398 is all_boxes is instance of list? True
2024-01-30 13:49:10,398 is all_confidences is instance of list? True
2024-01-30 13:49:10,398 is all_text is instance of list? True
2024-01-30 13:49:10,398 is label2id is instance of dict? True
2024-01-30 13:49:10,398 is id2label is instance of dict? True
2024-01-30 13:49:10,399 is label2color is instance of dict? True
2024-01-30 13:49:10,399 label2color : {'signature': '#37B796', 'remitter_address': '#82FC86', 'O': '#A9E2C2', 'notify_party_country': '#9CF8A9', 'port_of_loading': '#10AED7', 'beneficiary_account_number': '#D55F1B', 'consignee_address': '#DB1139', 'beneficiary_iban_number': '#F90461', 'bill_of_lading_no': '#F09100', 'pre-carriage-by': '#ECA6A6', 'invoice_discount_amount': '#7ADAC1', 'beneficiary_address': '#D0DF5B', 'rate_per_unit': '#468793', 'original_or_copy': '#34827B', 'hs_code_no': '#E6B586', 'bill_of_lading_date': '#3C94F8', 'declaration_by_issuer': '#FA8017', 'beneficiary_bank_identifier': '#F694A5', 'vessel_flight_no': '#4B8B9D', 'goods_description': '#164AEA', 'incoterm': '#F8266F', 'invoice_due_date': '#E225EB', 'tenor_type': '#32F4FF', 'country_of_origin_of_goods': '#57201D', 'invoice_no': '#680378', 'cosignee_name': '#17A1EB', 'total_quantity_of_goods': '#64C917', 'consignor_address': '#EA4BB3', 'invoice_tax_ccy': '#B0B13B', 'gross_weight': '#5983F8', 'notify_party_name': '#CA9168', 'dimension': '#1BE329', 'consignor_name': '#6963CC', 'indicator_type': '#D37544', 'invoice_tax_amount': '#16A21C', 'country_of_final_destination': '#A2234F', 'usance_tenor': '#9777F7', 'date_of_invoice': '#348BC9', 'invoice_currency': '#E125E0', 'invoice_amount_in_words': '#E34BB3', 'awb_number': '#C9E23D', 'awb_date': '#CA6D11', 'lc_ref_no': '#6E6D5E', 'vessel_name': '#1E9228', 'net_weight': '#A58947', 'beneficiary_country': '#B30A9B', 'beneficiary_drawer_exporter_seller_supplier_tin': '#0FB3E8', 'remitter_drawee_applicant_importer_buyer_name': '#2B4A6F', 'transaction_date': '#52257A', 'shipper_name': '#A23A96', 'indicator_date': '#717CA1', 'beneficiary_bank_country': '#EB994C', 'shipper_address': '#C6467E', 'signature_of_the_issuer': '#615A45', 'tenor_indicator': '#23D239', 'delivery_terms': '#633062', 'transaction_currency': '#82B55F', 'beneficiary_drawer_exporter_seller_supplier_name': '#DEB679', 'page_no': '#AD3E20', 'consignor_country': '#BC1299', 'beneficiary_bank_name': '#E6DB48', 'lc_date': '#900372', 'invoice_discount_ccy': '#E5E9FA', 'transaction_amonunt_value': '#822F4B', 'stamp': '#850C2D', 'notify_party_address': '#3481B2', 'invoice_amount': '#E703EA', 'port_of_discharge': '#873FD8'}
2024-01-30 13:49:10,493 is result_set is instance of dict? True
2024-01-30 13:49:10,494 is final_result_set is instance of dict? True
2024-01-30 13:49:10,518 Time taken for page 1 of Invoice_985_1.png:0:00:02.509224
2024-01-30 13:49:10,565 *****Generated All Pages****** for Invoice_985_1.png
2024-01-30 13:49:10,565 RAM memory 69.6 used for Invoice_985_1.png Generating All Pages:
2024-01-30 13:49:10,565 Processing time taken for all pages of Invoice_985_1.png1:0:00:02.557142
2024-01-30 13:49:10,749 file name is:Invoice_981_2.png
2024-01-30 13:49:10,750 folder path :Images
2024-01-30 13:49:10,750 Calling Image result
2024-01-30 13:49:10,750 is all_page_result is instance of dict? True
2024-01-30 13:49:10,774 STREAM b'IHDR' 16 13
2024-01-30 13:49:10,774 STREAM b'IDAT' 41 55036
2024-01-30 13:49:10,815 is words is instance of list? True
2024-01-30 13:49:10,815 is bboxes is instance of list? True
2024-01-30 13:49:10,816 is bounding_boxes is instance of list? True
2024-01-30 13:49:11,012 is input_id_chunks is instance of list? True
2024-01-30 13:49:11,012 is mask_chunks is instance of list? True
2024-01-30 13:49:11,012 is bbox_chunks is instance of list? True
2024-01-30 13:49:11,012 is image_chunks is instance of list? True
2024-01-30 13:49:11,012 is input_dict is instance of dict? True
2024-01-30 13:49:12,582 Model Called
2024-01-30 13:49:12,583 RAM memory 68.5 used for Invoice_981_2.png:
2024-01-30 13:49:12,583 is all_predictions is instance of list? True
2024-01-30 13:49:12,583 is all_boxes is instance of list? True
2024-01-30 13:49:12,583 is all_confidences is instance of list? True
2024-01-30 13:49:12,583 is all_text is instance of list? True
2024-01-30 13:49:12,583 is label2id is instance of dict? True
2024-01-30 13:49:12,583 is id2label is instance of dict? True
2024-01-30 13:49:12,584 is label2color is instance of dict? True
2024-01-30 13:49:12,584 label2color : {'signature': '#C8FFB9', 'remitter_address': '#4C22E4', 'O': '#87C623', 'notify_party_country': '#96A27E', 'port_of_loading': '#DEC755', 'beneficiary_account_number': '#734901', 'consignee_address': '#382775', 'beneficiary_iban_number': '#1EB361', 'bill_of_lading_no': '#6E49A9', 'pre-carriage-by': '#093CAC', 'invoice_discount_amount': '#624963', 'beneficiary_address': '#FCF40F', 'rate_per_unit': '#1E5AEE', 'original_or_copy': '#733DE6', 'hs_code_no': '#47D42E', 'bill_of_lading_date': '#811C15', 'declaration_by_issuer': '#DDC2F3', 'beneficiary_bank_identifier': '#5F7A79', 'vessel_flight_no': '#F5F658', 'goods_description': '#30C0AC', 'incoterm': '#CDDAC6', 'invoice_due_date': '#73EF37', 'tenor_type': '#B8781D', 'country_of_origin_of_goods': '#5A6116', 'invoice_no': '#17B4F7', 'cosignee_name': '#811658', 'total_quantity_of_goods': '#91BAA9', 'consignor_address': '#FF5364', 'invoice_tax_ccy': '#013BBC', 'gross_weight': '#F0A4CB', 'notify_party_name': '#8F523A', 'dimension': '#C4E3CA', 'consignor_name': '#4F84B7', 'indicator_type': '#C6826D', 'invoice_tax_amount': '#0C425F', 'country_of_final_destination': '#99C2BC', 'usance_tenor': '#67F5AE', 'date_of_invoice': '#4D2D52', 'invoice_currency': '#0B73CE', 'invoice_amount_in_words': '#9DE50F', 'awb_number': '#262492', 'awb_date': '#8D0F81', 'lc_ref_no': '#6E3D2A', 'vessel_name': '#9D6710', 'net_weight': '#52C3F1', 'beneficiary_country': '#0A7C2D', 'beneficiary_drawer_exporter_seller_supplier_tin': '#EE8B93', 'remitter_drawee_applicant_importer_buyer_name': '#AA70A1', 'transaction_date': '#39601F', 'shipper_name': '#A26510', 'indicator_date': '#2F9C22', 'beneficiary_bank_country': '#95B0E9', 'shipper_address': '#378B9E', 'signature_of_the_issuer': '#D6EEAB', 'tenor_indicator': '#5CDFFA', 'delivery_terms': '#030E5C', 'transaction_currency': '#3C041F', 'beneficiary_drawer_exporter_seller_supplier_name': '#4A40D7', 'page_no': '#5D1F6C', 'consignor_country': '#64D4E4', 'beneficiary_bank_name': '#082817', 'lc_date': '#CC716A', 'invoice_discount_ccy': '#F8390D', 'transaction_amonunt_value': '#31CA78', 'stamp': '#F2CF32', 'notify_party_address': '#5D2F60', 'invoice_amount': '#676450', 'port_of_discharge': '#3DC95C'}
2024-01-30 13:49:12,845 is result_set is instance of dict? True
2024-01-30 13:49:12,846 is final_result_set is instance of dict? True
2024-01-30 13:49:12,884 Time taken for page 1 of Invoice_981_2.png:0:00:02.109886
2024-01-30 13:49:13,028 *****Generated All Pages****** for Invoice_981_2.png
2024-01-30 13:49:13,028 RAM memory 68.9 used for Invoice_981_2.png Generating All Pages:
2024-01-30 13:49:13,028 Processing time taken for all pages of Invoice_981_2.png1:0:00:02.278372
