2024-03-14 01:35:55,047 checkpoint 1 => setting basis cofiguration for logging purposes
2024-03-14 01:35:55,049 start time: 2024-03-14 01:35:55.049197
2024-03-14 01:35:58,469 Falling back to TensorFlow client; we recommended you install the Cloud TPU client directly with pip install cloud-tpu-client.
2024-03-14 01:35:58,657 Creating converter from 7 to 5
2024-03-14 01:35:58,657 Creating converter from 5 to 7
2024-03-14 01:35:58,657 Creating converter from 7 to 5
2024-03-14 01:35:58,657 Creating converter from 5 to 7
2024-03-14 01:35:59,159 Starting new HTTPS connection (1): huggingface.co:443
2024-03-14 01:35:59,963 https://huggingface.co:443 "HEAD /microsoft/layoutlmv2-base-uncased/resolve/main/preprocessor_config.json HTTP/1.1" 200 0
2024-03-14 01:36:00,884 https://huggingface.co:443 "HEAD /microsoft/layoutlmv2-base-uncased/resolve/main/tokenizer_config.json HTTP/1.1" 404 0
2024-03-14 01:36:01,601 https://huggingface.co:443 "HEAD /microsoft/layoutlmv2-base-uncased/resolve/main/vocab.txt HTTP/1.1" 200 0
2024-03-14 01:36:01,654 RAM memory for Model loading used: 76.1
2024-03-14 01:36:01,655 cpu_utilization % for Model Loading:10.2
2024-03-14 01:36:01,655 memory_consumption in bytes for Loading Model:1151561728
2024-03-14 01:36:01,655 Loaded Model successfully
2024-03-14 01:36:01,655 file name is:Bill_Of_Landing_411_page_1.png
2024-03-14 01:36:01,655 folder path :Images
2024-03-14 01:36:01,655 Calling Image result
2024-03-14 01:36:01,655 is all_page_result is instance of dict? True
2024-03-14 01:36:01,661 STREAM b'IHDR' 16 13
2024-03-14 01:36:01,661 STREAM b'IDAT' 41 64281
2024-03-14 01:36:01,694 *****Generated All Pages****** for Bill_Of_Landing_411_page_1.png
2024-03-14 01:36:01,694 RAM memory 76.5 used for Bill_Of_Landing_411_page_1.png Generating All Pages:
2024-03-14 01:36:01,694 Processing time taken for all pages of Bill_Of_Landing_411_page_1.png1:0:00:00.038736
2024-03-14 01:36:01,818 file name is:Bill_Of_Landing_774_page_4.png
2024-03-14 01:36:01,819 folder path :Images
2024-03-14 01:36:01,819 Calling Image result
2024-03-14 01:36:01,819 is all_page_result is instance of dict? True
2024-03-14 01:36:01,819 STREAM b'IHDR' 16 13
2024-03-14 01:36:01,819 STREAM b'IDAT' 41 65536
2024-03-14 01:36:01,895 *****Generated All Pages****** for Bill_Of_Landing_774_page_4.png
2024-03-14 01:36:01,895 RAM memory 77.2 used for Bill_Of_Landing_774_page_4.png Generating All Pages:
2024-03-14 01:36:01,895 Processing time taken for all pages of Bill_Of_Landing_774_page_4.png1:0:00:00.076531
2024-03-14 01:36:02,018 file name is:Bill_Of_Landing_530_page_1.png
2024-03-14 01:36:02,018 folder path :Images
2024-03-14 01:36:02,018 Calling Image result
2024-03-14 01:36:02,018 is all_page_result is instance of dict? True
2024-03-14 01:36:02,018 STREAM b'IHDR' 16 13
2024-03-14 01:36:02,018 STREAM b'IDAT' 41 23120
2024-03-14 01:36:02,027 is words is instance of list? True
2024-03-14 01:36:02,027 is bboxes is instance of list? True
2024-03-14 01:36:02,027 is bounding_boxes is instance of list? True
2024-03-14 01:36:02,095 is input_id_chunks is instance of list? True
2024-03-14 01:36:02,095 is mask_chunks is instance of list? True
2024-03-14 01:36:02,095 is bbox_chunks is instance of list? True
2024-03-14 01:36:02,095 is image_chunks is instance of list? True
2024-03-14 01:36:02,096 is input_dict is instance of dict? True
2024-03-14 01:36:03,993 Model Called
2024-03-14 01:36:03,993 RAM memory 86.6 used for Bill_Of_Landing_530_page_1.png:
2024-03-14 01:36:03,993 is all_predictions is instance of list? True
2024-03-14 01:36:03,993 is all_boxes is instance of list? True
2024-03-14 01:36:03,994 is all_confidences is instance of list? True
2024-03-14 01:36:03,994 is all_text is instance of list? True
2024-03-14 01:36:03,994 is label2id is instance of dict? True
2024-03-14 01:36:03,994 is id2label is instance of dict? True
2024-03-14 01:36:03,995 is label2color is instance of dict? True
2024-03-14 01:36:03,995 label2color : {'lc_date': '#A8789E', 'stamp': '#851815', 'transaction_date': '#8B8FED', 'carriage_condition': '#9CDB0E', 'carrier_address': '#783430', 'gross_weight': '#1A8D59', 'goods_description': '#0C6FAC', 'gross_quantity': '#354012', 'consignee_address': '#E44EA7', 'signature': '#9FDA07', 'awb_original_or_copy': '#760CAF', 'declared_value_of_custom': '#35BD8B', 'carrier_name': '#E6D17B', 'at_place': '#2C6CA3', 'shipment_date': '#2ED6EA', 'shipper_address': '#4B0444', 'net_weight': '#BD24F2', 'consignee_name': '#78C4C3', 'invoice_number': '#40CB6A', 'awb_bill_no': '#3E23AD', 'dimension': '#331CAA', 'O': '#70DB96', 'declared_value_of_carriage': '#8AC1B2', 'final_destination': '#6D5D12', 'awb_bill_issue_date': '#3F7723', 'lc_no': '#9CBFD3', 'signed_by_agent': '#F88C65', 'flight_date': '#ECA39C', 'agent_address': '#3AC85E', 'freight_collect_or_prepaid': '#906D4E', 'flight_details': '#515DC7', 'notify_party_address': '#904461', 'shipper_name': '#5F77D0', 'signed_by_carrier': '#97DE7D', 'stamped_onboard_date': '#5AACBC', 'awb_original_number': '#A5A2E5', 'flight_no': '#B9AA20', 'freight_collected_at': '#F8AA81', 'amount_insurance': '#4B1959', 'house_awb_bill_no': '#037A7E', 'master_awb_bill_no': '#37FF67', 'airport_of_departure': '#B512C7', 'invoice_date': '#6FB4A2', 'good_marks': '#FA15EE', 'place_of_receipt': '#98940F', 'agent_name': '#DF350A', 'signed_by_master': '#CC52C8', 'airport_of_destination': '#318FB6', 'master_name': '#6FB739', 'notify_party_name': '#78AF8F'}
2024-03-14 01:36:04,062 is result_set is instance of dict? True
2024-03-14 01:36:04,063 is final_result_set is instance of dict? True
2024-03-14 01:36:04,340 Time taken for page 1 of Bill_Of_Landing_530_page_1.png:0:00:02.322009
2024-03-14 01:36:04,379 *****Generated All Pages****** for Bill_Of_Landing_530_page_1.png
2024-03-14 01:36:04,379 RAM memory 86.7 used for Bill_Of_Landing_530_page_1.png Generating All Pages:
2024-03-14 01:36:04,379 Processing time taken for all pages of Bill_Of_Landing_530_page_1.png1:0:00:02.361601
2024-03-14 01:36:04,523 file name is:Bill_Of_Landing_562_page_1.png
2024-03-14 01:36:04,523 folder path :Images
2024-03-14 01:36:04,524 Calling Image result
2024-03-14 01:36:04,524 is all_page_result is instance of dict? True
2024-03-14 01:36:04,524 STREAM b'IHDR' 16 13
2024-03-14 01:36:04,524 STREAM b'IDAT' 41 59485
2024-03-14 01:36:04,552 is words is instance of list? True
2024-03-14 01:36:04,552 is bboxes is instance of list? True
2024-03-14 01:36:04,552 is bounding_boxes is instance of list? True
2024-03-14 01:36:04,773 is input_id_chunks is instance of list? True
2024-03-14 01:36:04,773 is mask_chunks is instance of list? True
2024-03-14 01:36:04,773 is bbox_chunks is instance of list? True
2024-03-14 01:36:04,773 is image_chunks is instance of list? True
2024-03-14 01:36:04,774 is input_dict is instance of dict? True
2024-03-14 01:36:06,617 Model Called
2024-03-14 01:36:06,617 RAM memory 86.9 used for Bill_Of_Landing_562_page_1.png:
2024-03-14 01:36:06,617 is all_predictions is instance of list? True
2024-03-14 01:36:06,618 is all_boxes is instance of list? True
2024-03-14 01:36:06,618 is all_confidences is instance of list? True
2024-03-14 01:36:06,618 is all_text is instance of list? True
2024-03-14 01:36:06,618 is label2id is instance of dict? True
2024-03-14 01:36:06,618 is id2label is instance of dict? True
2024-03-14 01:36:06,619 is label2color is instance of dict? True
2024-03-14 01:36:06,619 label2color : {'lc_date': '#3CB493', 'stamp': '#A7739E', 'transaction_date': '#9797E9', 'carriage_condition': '#C94409', 'carrier_address': '#06A298', 'gross_weight': '#9D009B', 'goods_description': '#F5E112', 'gross_quantity': '#59168A', 'consignee_address': '#C9C13D', 'signature': '#1C9FC9', 'awb_original_or_copy': '#89F855', 'declared_value_of_custom': '#19A0D3', 'carrier_name': '#B11673', 'at_place': '#A92CAB', 'shipment_date': '#ED41CF', 'shipper_address': '#1D6ADD', 'net_weight': '#C8C724', 'consignee_name': '#1E621A', 'invoice_number': '#A7CF4E', 'awb_bill_no': '#51866C', 'dimension': '#9CE949', 'O': '#1B07D7', 'declared_value_of_carriage': '#E58A84', 'final_destination': '#F09A52', 'awb_bill_issue_date': '#C36DD5', 'lc_no': '#309F68', 'signed_by_agent': '#8F44CF', 'flight_date': '#43D7FE', 'agent_address': '#F22887', 'freight_collect_or_prepaid': '#D76545', 'flight_details': '#6DDAA6', 'notify_party_address': '#6A712E', 'shipper_name': '#67862F', 'signed_by_carrier': '#113C46', 'stamped_onboard_date': '#F98EF3', 'awb_original_number': '#E95824', 'flight_no': '#9F9CC5', 'freight_collected_at': '#60A927', 'amount_insurance': '#3D9EEF', 'house_awb_bill_no': '#E541A1', 'master_awb_bill_no': '#A16202', 'airport_of_departure': '#F65C4B', 'invoice_date': '#6E8905', 'good_marks': '#02D9EE', 'place_of_receipt': '#50DB18', 'agent_name': '#4F11B0', 'signed_by_master': '#C09CFE', 'airport_of_destination': '#8F9F2D', 'master_name': '#0FE377', 'notify_party_name': '#CEEF71'}
2024-03-14 01:36:06,810 is result_set is instance of dict? True
2024-03-14 01:36:06,812 is final_result_set is instance of dict? True
2024-03-14 01:36:07,064 Time taken for page 1 of Bill_Of_Landing_562_page_1.png:0:00:02.539781
2024-03-14 01:36:07,179 *****Generated All Pages****** for Bill_Of_Landing_562_page_1.png
2024-03-14 01:36:07,180 RAM memory 87.0 used for Bill_Of_Landing_562_page_1.png Generating All Pages:
2024-03-14 01:36:07,180 Processing time taken for all pages of Bill_Of_Landing_562_page_1.png1:0:00:02.656077
2024-03-14 01:36:07,340 file name is:Bill_Of_Landing_679_page_0.png
2024-03-14 01:36:07,340 folder path :Images
2024-03-14 01:36:07,340 Calling Image result
2024-03-14 01:36:07,340 is all_page_result is instance of dict? True
2024-03-14 01:36:07,351 STREAM b'IHDR' 16 13
2024-03-14 01:36:07,351 STREAM b'IDAT' 41 65536
2024-03-14 01:36:07,421 is words is instance of list? True
2024-03-14 01:36:07,421 is bboxes is instance of list? True
2024-03-14 01:36:07,421 is bounding_boxes is instance of list? True
2024-03-14 01:36:08,275 is input_id_chunks is instance of list? True
2024-03-14 01:36:08,276 is mask_chunks is instance of list? True
2024-03-14 01:36:08,276 is bbox_chunks is instance of list? True
2024-03-14 01:36:08,276 is image_chunks is instance of list? True
2024-03-14 01:36:08,276 is input_dict is instance of dict? True
2024-03-14 01:36:10,198 Model Called
2024-03-14 01:36:10,199 RAM memory 88.1 used for Bill_Of_Landing_679_page_0.png:
2024-03-14 01:36:10,199 is all_predictions is instance of list? True
2024-03-14 01:36:10,199 is all_boxes is instance of list? True
2024-03-14 01:36:10,199 is all_confidences is instance of list? True
2024-03-14 01:36:10,199 is all_text is instance of list? True
2024-03-14 01:36:10,199 is label2id is instance of dict? True
2024-03-14 01:36:10,199 is id2label is instance of dict? True
2024-03-14 01:36:10,200 is label2color is instance of dict? True
2024-03-14 01:36:10,200 label2color : {'lc_date': '#3AC11C', 'stamp': '#906280', 'transaction_date': '#2D6ECC', 'carriage_condition': '#811CB8', 'carrier_address': '#496787', 'gross_weight': '#7324FA', 'goods_description': '#019AFA', 'gross_quantity': '#73D899', 'consignee_address': '#E269EA', 'signature': '#3FF912', 'awb_original_or_copy': '#08EEE1', 'declared_value_of_custom': '#62AE08', 'carrier_name': '#464C27', 'at_place': '#B74399', 'shipment_date': '#7A4401', 'shipper_address': '#6634C6', 'net_weight': '#81B72C', 'consignee_name': '#790698', 'invoice_number': '#F21ABF', 'awb_bill_no': '#29F886', 'dimension': '#D98F3D', 'O': '#5EED47', 'declared_value_of_carriage': '#1D5E27', 'final_destination': '#65EDD1', 'awb_bill_issue_date': '#F7D645', 'lc_no': '#F1A9BA', 'signed_by_agent': '#655C6E', 'flight_date': '#9902A1', 'agent_address': '#9193B3', 'freight_collect_or_prepaid': '#7937C1', 'flight_details': '#755138', 'notify_party_address': '#388DB7', 'shipper_name': '#3C4B7A', 'signed_by_carrier': '#4B9517', 'stamped_onboard_date': '#B9313B', 'awb_original_number': '#F69333', 'flight_no': '#EFF6B0', 'freight_collected_at': '#C7D75C', 'amount_insurance': '#8579C2', 'house_awb_bill_no': '#D76812', 'master_awb_bill_no': '#8567AC', 'airport_of_departure': '#53C12A', 'invoice_date': '#61D179', 'good_marks': '#95A39C', 'place_of_receipt': '#B07B8D', 'agent_name': '#64E007', 'signed_by_master': '#5F0C01', 'airport_of_destination': '#E400DC', 'master_name': '#0227B0', 'notify_party_name': '#8900C5'}
2024-03-14 01:36:10,698 is result_set is instance of dict? True
2024-03-14 01:36:10,699 is final_result_set is instance of dict? True
2024-03-14 01:36:11,196 Time taken for page 1 of Bill_Of_Landing_679_page_0.png:0:00:03.844891
2024-03-14 01:36:11,476 *****Generated All Pages****** for Bill_Of_Landing_679_page_0.png
2024-03-14 01:36:11,476 RAM memory 88.5 used for Bill_Of_Landing_679_page_0.png Generating All Pages:
2024-03-14 01:36:11,476 Processing time taken for all pages of Bill_Of_Landing_679_page_0.png1:0:00:04.135880
2024-03-14 01:36:11,636 file name is:Bill_Of_Landing_784_page_0.png
2024-03-14 01:36:11,636 folder path :Images
2024-03-14 01:36:11,636 Calling Image result
2024-03-14 01:36:11,636 is all_page_result is instance of dict? True
2024-03-14 01:36:11,637 STREAM b'IHDR' 16 13
2024-03-14 01:36:11,637 STREAM b'IDAT' 41 65536
2024-03-14 01:36:11,674 is words is instance of list? True
2024-03-14 01:36:11,674 is bboxes is instance of list? True
2024-03-14 01:36:11,674 is bounding_boxes is instance of list? True
2024-03-14 01:36:11,914 is input_id_chunks is instance of list? True
2024-03-14 01:36:11,914 is mask_chunks is instance of list? True
2024-03-14 01:36:11,914 is bbox_chunks is instance of list? True
2024-03-14 01:36:11,914 is image_chunks is instance of list? True
2024-03-14 01:36:11,915 is input_dict is instance of dict? True
2024-03-14 01:36:13,728 Model Called
2024-03-14 01:36:13,728 RAM memory 87.3 used for Bill_Of_Landing_784_page_0.png:
2024-03-14 01:36:13,729 is all_predictions is instance of list? True
2024-03-14 01:36:13,729 is all_boxes is instance of list? True
2024-03-14 01:36:13,729 is all_confidences is instance of list? True
2024-03-14 01:36:13,729 is all_text is instance of list? True
2024-03-14 01:36:13,729 is label2id is instance of dict? True
2024-03-14 01:36:13,729 is id2label is instance of dict? True
2024-03-14 01:36:13,729 is label2color is instance of dict? True
2024-03-14 01:36:13,729 label2color : {'lc_date': '#3459EF', 'stamp': '#794CE4', 'transaction_date': '#E94C4E', 'carriage_condition': '#139B5F', 'carrier_address': '#A2865E', 'gross_weight': '#08AE71', 'goods_description': '#B242E1', 'gross_quantity': '#1FA5C8', 'consignee_address': '#A5D52E', 'signature': '#3BE683', 'awb_original_or_copy': '#3198C3', 'declared_value_of_custom': '#4CDFAF', 'carrier_name': '#5D4A62', 'at_place': '#056E37', 'shipment_date': '#C99311', 'shipper_address': '#402DE2', 'net_weight': '#4AD534', 'consignee_name': '#FABE8B', 'invoice_number': '#620DE0', 'awb_bill_no': '#EF83F0', 'dimension': '#9D6251', 'O': '#6C0987', 'declared_value_of_carriage': '#7E9875', 'final_destination': '#8C387A', 'awb_bill_issue_date': '#74FD17', 'lc_no': '#29BDC8', 'signed_by_agent': '#AE5619', 'flight_date': '#92B307', 'agent_address': '#17AE61', 'freight_collect_or_prepaid': '#1FCB9A', 'flight_details': '#E46881', 'notify_party_address': '#250395', 'shipper_name': '#596204', 'signed_by_carrier': '#F0201E', 'stamped_onboard_date': '#5B9AD6', 'awb_original_number': '#B12C7D', 'flight_no': '#CFFD2C', 'freight_collected_at': '#3F2080', 'amount_insurance': '#ECD209', 'house_awb_bill_no': '#CDD264', 'master_awb_bill_no': '#C29143', 'airport_of_departure': '#85FDCC', 'invoice_date': '#736A3E', 'good_marks': '#F09D49', 'place_of_receipt': '#E4BD30', 'agent_name': '#5F57F4', 'signed_by_master': '#426D13', 'airport_of_destination': '#991533', 'master_name': '#A0CC3E', 'notify_party_name': '#403B0B'}
2024-03-14 01:36:13,908 is result_set is instance of dict? True
2024-03-14 01:36:13,910 is final_result_set is instance of dict? True
2024-03-14 01:36:14,162 Time taken for page 1 of Bill_Of_Landing_784_page_0.png:0:00:02.524133
2024-03-14 01:36:14,292 *****Generated All Pages****** for Bill_Of_Landing_784_page_0.png
2024-03-14 01:36:14,292 RAM memory 87.3 used for Bill_Of_Landing_784_page_0.png Generating All Pages:
2024-03-14 01:36:14,292 Processing time taken for all pages of Bill_Of_Landing_784_page_0.png1:0:00:02.655442
2024-03-14 01:36:14,446 file name is:Bill_Of_Landing_562_page_13.png
2024-03-14 01:36:14,446 folder path :Images
2024-03-14 01:36:14,446 Calling Image result
2024-03-14 01:36:14,447 is all_page_result is instance of dict? True
2024-03-14 01:36:14,458 STREAM b'IHDR' 16 13
2024-03-14 01:36:14,458 STREAM b'IDAT' 41 65536
2024-03-14 01:36:14,487 is words is instance of list? True
2024-03-14 01:36:14,488 is bboxes is instance of list? True
2024-03-14 01:36:14,488 is bounding_boxes is instance of list? True
2024-03-14 01:36:14,700 is input_id_chunks is instance of list? True
2024-03-14 01:36:14,700 is mask_chunks is instance of list? True
2024-03-14 01:36:14,700 is bbox_chunks is instance of list? True
2024-03-14 01:36:14,700 is image_chunks is instance of list? True
2024-03-14 01:36:14,701 is input_dict is instance of dict? True
2024-03-14 01:36:16,545 Model Called
2024-03-14 01:36:16,546 RAM memory 86.6 used for Bill_Of_Landing_562_page_13.png:
2024-03-14 01:36:16,546 is all_predictions is instance of list? True
2024-03-14 01:36:16,546 is all_boxes is instance of list? True
2024-03-14 01:36:16,546 is all_confidences is instance of list? True
2024-03-14 01:36:16,546 is all_text is instance of list? True
2024-03-14 01:36:16,546 is label2id is instance of dict? True
2024-03-14 01:36:16,546 is id2label is instance of dict? True
2024-03-14 01:36:16,547 is label2color is instance of dict? True
2024-03-14 01:36:16,547 label2color : {'lc_date': '#B73976', 'stamp': '#33B6C3', 'transaction_date': '#700E3D', 'carriage_condition': '#44E92C', 'carrier_address': '#2747DD', 'gross_weight': '#A3AD4C', 'goods_description': '#D7FE1D', 'gross_quantity': '#F7DCE1', 'consignee_address': '#0153FA', 'signature': '#A1923A', 'awb_original_or_copy': '#A0381A', 'declared_value_of_custom': '#772A69', 'carrier_name': '#1795F7', 'at_place': '#D7EF16', 'shipment_date': '#200E1A', 'shipper_address': '#553F7B', 'net_weight': '#E65A2E', 'consignee_name': '#A85C6B', 'invoice_number': '#7BA7C6', 'awb_bill_no': '#6268FA', 'dimension': '#506E68', 'O': '#35BE25', 'declared_value_of_carriage': '#731183', 'final_destination': '#CB7B67', 'awb_bill_issue_date': '#93FE96', 'lc_no': '#96D4E3', 'signed_by_agent': '#5FEA9F', 'flight_date': '#DFBC59', 'agent_address': '#CCA690', 'freight_collect_or_prepaid': '#5CB598', 'flight_details': '#E48DED', 'notify_party_address': '#7D4D0B', 'shipper_name': '#E12823', 'signed_by_carrier': '#86BDD9', 'stamped_onboard_date': '#A745D8', 'awb_original_number': '#CAF0BA', 'flight_no': '#7C916F', 'freight_collected_at': '#71A1A5', 'amount_insurance': '#C5A6BA', 'house_awb_bill_no': '#B08F71', 'master_awb_bill_no': '#13FDC0', 'airport_of_departure': '#552562', 'invoice_date': '#6A558F', 'good_marks': '#2CC3EB', 'place_of_receipt': '#74C5DF', 'agent_name': '#4A3E9F', 'signed_by_master': '#E3B84A', 'airport_of_destination': '#752851', 'master_name': '#556C3A', 'notify_party_name': '#DA03D1'}
2024-03-14 01:36:16,721 is result_set is instance of dict? True
2024-03-14 01:36:16,723 is final_result_set is instance of dict? True
2024-03-14 01:36:17,007 Time taken for page 1 of Bill_Of_Landing_562_page_13.png:0:00:02.548873
2024-03-14 01:36:17,134 *****Generated All Pages****** for Bill_Of_Landing_562_page_13.png
2024-03-14 01:36:17,134 RAM memory 87.0 used for Bill_Of_Landing_562_page_13.png Generating All Pages:
2024-03-14 01:36:17,134 Processing time taken for all pages of Bill_Of_Landing_562_page_13.png1:0:00:02.687627
2024-03-14 01:36:17,268 file name is:Bill_Of_Landing_555_page_0.png
2024-03-14 01:36:17,268 folder path :Images
2024-03-14 01:36:17,268 Calling Image result
2024-03-14 01:36:17,268 is all_page_result is instance of dict? True
2024-03-14 01:36:17,269 STREAM b'IHDR' 16 13
2024-03-14 01:36:17,269 STREAM b'IDAT' 41 65536
2024-03-14 01:36:17,302 is words is instance of list? True
2024-03-14 01:36:17,302 is bboxes is instance of list? True
2024-03-14 01:36:17,302 is bounding_boxes is instance of list? True
2024-03-14 01:36:17,505 is input_id_chunks is instance of list? True
2024-03-14 01:36:17,505 is mask_chunks is instance of list? True
2024-03-14 01:36:17,505 is bbox_chunks is instance of list? True
2024-03-14 01:36:17,505 is image_chunks is instance of list? True
2024-03-14 01:36:17,506 is input_dict is instance of dict? True
2024-03-14 01:36:19,263 Model Called
2024-03-14 01:36:19,263 RAM memory 87.0 used for Bill_Of_Landing_555_page_0.png:
2024-03-14 01:36:19,264 is all_predictions is instance of list? True
2024-03-14 01:36:19,264 is all_boxes is instance of list? True
2024-03-14 01:36:19,264 is all_confidences is instance of list? True
2024-03-14 01:36:19,264 is all_text is instance of list? True
2024-03-14 01:36:19,264 is label2id is instance of dict? True
2024-03-14 01:36:19,264 is id2label is instance of dict? True
2024-03-14 01:36:19,265 is label2color is instance of dict? True
2024-03-14 01:36:19,265 label2color : {'lc_date': '#FAAFEE', 'stamp': '#6510DF', 'transaction_date': '#2D311E', 'carriage_condition': '#8D68FB', 'carrier_address': '#1AEFCE', 'gross_weight': '#DD4484', 'goods_description': '#7C5182', 'gross_quantity': '#6B20B0', 'consignee_address': '#A2556E', 'signature': '#7BF993', 'awb_original_or_copy': '#ABBC1B', 'declared_value_of_custom': '#210C28', 'carrier_name': '#635AC2', 'at_place': '#D3FF73', 'shipment_date': '#B8499B', 'shipper_address': '#F3389A', 'net_weight': '#0335F8', 'consignee_name': '#7CB487', 'invoice_number': '#F67C1B', 'awb_bill_no': '#DEF038', 'dimension': '#D5E692', 'O': '#7CCB42', 'declared_value_of_carriage': '#DB380A', 'final_destination': '#60BC51', 'awb_bill_issue_date': '#B4DE6D', 'lc_no': '#0E7FDB', 'signed_by_agent': '#2E647C', 'flight_date': '#D029FF', 'agent_address': '#F1712D', 'freight_collect_or_prepaid': '#902404', 'flight_details': '#70C56B', 'notify_party_address': '#4DAC2A', 'shipper_name': '#980167', 'signed_by_carrier': '#2D15AA', 'stamped_onboard_date': '#D97186', 'awb_original_number': '#D37730', 'flight_no': '#E9F1E8', 'freight_collected_at': '#F0CB58', 'amount_insurance': '#E11B77', 'house_awb_bill_no': '#86D6FD', 'master_awb_bill_no': '#0BA555', 'airport_of_departure': '#B10B0D', 'invoice_date': '#F757BF', 'good_marks': '#937693', 'place_of_receipt': '#F05C71', 'agent_name': '#60C75B', 'signed_by_master': '#00FA9F', 'airport_of_destination': '#80A3DA', 'master_name': '#97CD48', 'notify_party_name': '#583C1C'}
2024-03-14 01:36:19,447 is result_set is instance of dict? True
2024-03-14 01:36:19,448 is final_result_set is instance of dict? True
2024-03-14 01:36:19,792 Time taken for page 1 of Bill_Of_Landing_555_page_0.png:0:00:02.523728
2024-03-14 01:36:19,926 *****Generated All Pages****** for Bill_Of_Landing_555_page_0.png
2024-03-14 01:36:19,926 RAM memory 87.1 used for Bill_Of_Landing_555_page_0.png Generating All Pages:
2024-03-14 01:36:19,926 Processing time taken for all pages of Bill_Of_Landing_555_page_0.png1:0:00:02.658120
2024-03-14 01:36:20,062 file name is:Bill_Of_Landing_899_page_20.png
2024-03-14 01:36:20,062 folder path :Images
2024-03-14 01:36:20,063 Calling Image result
2024-03-14 01:36:20,063 is all_page_result is instance of dict? True
2024-03-14 01:36:20,063 STREAM b'IHDR' 16 13
2024-03-14 01:36:20,063 STREAM b'IDAT' 41 65536
2024-03-14 01:36:20,095 is words is instance of list? True
2024-03-14 01:36:20,095 is bboxes is instance of list? True
2024-03-14 01:36:20,095 is bounding_boxes is instance of list? True
2024-03-14 01:36:20,301 is input_id_chunks is instance of list? True
2024-03-14 01:36:20,301 is mask_chunks is instance of list? True
2024-03-14 01:36:20,301 is bbox_chunks is instance of list? True
2024-03-14 01:36:20,301 is image_chunks is instance of list? True
2024-03-14 01:36:20,302 is input_dict is instance of dict? True
2024-03-14 01:36:23,082 Model Called
2024-03-14 01:36:23,083 RAM memory 91.5 used for Bill_Of_Landing_899_page_20.png:
2024-03-14 01:36:23,083 is all_predictions is instance of list? True
2024-03-14 01:36:23,083 is all_boxes is instance of list? True
2024-03-14 01:36:23,083 is all_confidences is instance of list? True
2024-03-14 01:36:23,083 is all_text is instance of list? True
2024-03-14 01:36:23,083 is label2id is instance of dict? True
2024-03-14 01:36:23,083 is id2label is instance of dict? True
2024-03-14 01:36:23,084 is label2color is instance of dict? True
2024-03-14 01:36:23,084 label2color : {'lc_date': '#F28A2C', 'stamp': '#1C8EDB', 'transaction_date': '#B21B06', 'carriage_condition': '#482A2C', 'carrier_address': '#0EBB83', 'gross_weight': '#5D10A1', 'goods_description': '#73F3CE', 'gross_quantity': '#E5C536', 'consignee_address': '#98C898', 'signature': '#ABF1FE', 'awb_original_or_copy': '#A881B2', 'declared_value_of_custom': '#8A55EB', 'carrier_name': '#EF5F04', 'at_place': '#4CFA05', 'shipment_date': '#8E148B', 'shipper_address': '#B27D16', 'net_weight': '#97546E', 'consignee_name': '#30EE70', 'invoice_number': '#44015F', 'awb_bill_no': '#58779A', 'dimension': '#AB4340', 'O': '#C0EF83', 'declared_value_of_carriage': '#7B0867', 'final_destination': '#A66632', 'awb_bill_issue_date': '#5F17BE', 'lc_no': '#C01BE1', 'signed_by_agent': '#28C5F0', 'flight_date': '#9D648D', 'agent_address': '#BD7E88', 'freight_collect_or_prepaid': '#DC1790', 'flight_details': '#E752D3', 'notify_party_address': '#E97374', 'shipper_name': '#0338DD', 'signed_by_carrier': '#7935B8', 'stamped_onboard_date': '#D79434', 'awb_original_number': '#D6EDAF', 'flight_no': '#4D9A19', 'freight_collected_at': '#52E0E5', 'amount_insurance': '#3ACDF3', 'house_awb_bill_no': '#B2176F', 'master_awb_bill_no': '#E0654F', 'airport_of_departure': '#D94F90', 'invoice_date': '#6C61D2', 'good_marks': '#F61CE7', 'place_of_receipt': '#466A45', 'agent_name': '#B0F5D8', 'signed_by_master': '#493B2F', 'airport_of_destination': '#BCDF87', 'master_name': '#4F55AF', 'notify_party_name': '#68A92C'}
2024-03-14 01:36:23,351 is result_set is instance of dict? True
2024-03-14 01:36:23,353 is final_result_set is instance of dict? True
2024-03-14 01:36:23,819 Time taken for page 1 of Bill_Of_Landing_899_page_20.png:0:00:03.755422
2024-03-14 01:36:23,949 *****Generated All Pages****** for Bill_Of_Landing_899_page_20.png
2024-03-14 01:36:23,949 RAM memory 91.8 used for Bill_Of_Landing_899_page_20.png Generating All Pages:
2024-03-14 01:36:23,949 Processing time taken for all pages of Bill_Of_Landing_899_page_20.png1:0:00:03.886307
2024-03-14 01:36:24,135 file name is:Bill_Of_Landing_511_page_0.png
2024-03-14 01:36:24,135 folder path :Images
2024-03-14 01:36:24,135 Calling Image result
2024-03-14 01:36:24,135 is all_page_result is instance of dict? True
2024-03-14 01:36:24,136 STREAM b'IHDR' 16 13
2024-03-14 01:36:24,136 STREAM b'IDAT' 41 65536
2024-03-14 01:36:24,167 is words is instance of list? True
2024-03-14 01:36:24,167 is bboxes is instance of list? True
2024-03-14 01:36:24,167 is bounding_boxes is instance of list? True
2024-03-14 01:36:24,363 is input_id_chunks is instance of list? True
2024-03-14 01:36:24,363 is mask_chunks is instance of list? True
2024-03-14 01:36:24,363 is bbox_chunks is instance of list? True
2024-03-14 01:36:24,363 is image_chunks is instance of list? True
2024-03-14 01:36:24,363 is input_dict is instance of dict? True
2024-03-14 01:36:26,106 Model Called
2024-03-14 01:36:26,107 RAM memory 85.6 used for Bill_Of_Landing_511_page_0.png:
2024-03-14 01:36:26,107 is all_predictions is instance of list? True
2024-03-14 01:36:26,107 is all_boxes is instance of list? True
2024-03-14 01:36:26,107 is all_confidences is instance of list? True
2024-03-14 01:36:26,107 is all_text is instance of list? True
2024-03-14 01:36:26,107 is label2id is instance of dict? True
2024-03-14 01:36:26,107 is id2label is instance of dict? True
2024-03-14 01:36:26,108 is label2color is instance of dict? True
2024-03-14 01:36:26,108 label2color : {'lc_date': '#0FF6E6', 'stamp': '#D311FE', 'transaction_date': '#1C390C', 'carriage_condition': '#DCBF18', 'carrier_address': '#A7A277', 'gross_weight': '#BEC48A', 'goods_description': '#C7FD80', 'gross_quantity': '#1E23CC', 'consignee_address': '#E7E9ED', 'signature': '#886E62', 'awb_original_or_copy': '#790D17', 'declared_value_of_custom': '#FC937A', 'carrier_name': '#E45BDF', 'at_place': '#D98505', 'shipment_date': '#988743', 'shipper_address': '#FF6EB6', 'net_weight': '#34EE8C', 'consignee_name': '#8C9FDF', 'invoice_number': '#D96883', 'awb_bill_no': '#C63DD4', 'dimension': '#1A9067', 'O': '#D8446A', 'declared_value_of_carriage': '#BAAF15', 'final_destination': '#B4A6AB', 'awb_bill_issue_date': '#BD6CDC', 'lc_no': '#995A0E', 'signed_by_agent': '#A531CE', 'flight_date': '#CFB0EE', 'agent_address': '#5B48D0', 'freight_collect_or_prepaid': '#FB929E', 'flight_details': '#DAD6D9', 'notify_party_address': '#841A7B', 'shipper_name': '#12307F', 'signed_by_carrier': '#7FD9F4', 'stamped_onboard_date': '#047CAE', 'awb_original_number': '#4AE43C', 'flight_no': '#E294C9', 'freight_collected_at': '#2B1390', 'amount_insurance': '#7E35C6', 'house_awb_bill_no': '#E7BEA2', 'master_awb_bill_no': '#42724A', 'airport_of_departure': '#9A71B1', 'invoice_date': '#3F3D01', 'good_marks': '#028CB0', 'place_of_receipt': '#2EAF37', 'agent_name': '#EBA9EB', 'signed_by_master': '#9B47F4', 'airport_of_destination': '#CA0D9B', 'master_name': '#197920', 'notify_party_name': '#57F4D0'}
2024-03-14 01:36:26,286 is result_set is instance of dict? True
2024-03-14 01:36:26,288 is final_result_set is instance of dict? True
2024-03-14 01:36:26,759 Time taken for page 1 of Bill_Of_Landing_511_page_0.png:0:00:02.623102
2024-03-14 01:36:26,900 *****Generated All Pages****** for Bill_Of_Landing_511_page_0.png
2024-03-14 01:36:26,900 RAM memory 85.7 used for Bill_Of_Landing_511_page_0.png Generating All Pages:
2024-03-14 01:36:26,900 Processing time taken for all pages of Bill_Of_Landing_511_page_0.png1:0:00:02.764911
2024-03-14 01:36:27,041 file name is:Bill_Of_Landing_562_page_26.png
2024-03-14 01:36:27,041 folder path :Images
2024-03-14 01:36:27,041 Calling Image result
2024-03-14 01:36:27,041 is all_page_result is instance of dict? True
2024-03-14 01:36:27,042 STREAM b'IHDR' 16 13
2024-03-14 01:36:27,042 STREAM b'IDAT' 41 65536
2024-03-14 01:36:27,069 is words is instance of list? True
2024-03-14 01:36:27,070 is bboxes is instance of list? True
2024-03-14 01:36:27,070 is bounding_boxes is instance of list? True
2024-03-14 01:36:27,263 is input_id_chunks is instance of list? True
2024-03-14 01:36:27,263 is mask_chunks is instance of list? True
2024-03-14 01:36:27,263 is bbox_chunks is instance of list? True
2024-03-14 01:36:27,263 is image_chunks is instance of list? True
2024-03-14 01:36:27,263 is input_dict is instance of dict? True
2024-03-14 01:36:29,102 Model Called
2024-03-14 01:36:29,102 RAM memory 85.8 used for Bill_Of_Landing_562_page_26.png:
2024-03-14 01:36:29,102 is all_predictions is instance of list? True
2024-03-14 01:36:29,102 is all_boxes is instance of list? True
2024-03-14 01:36:29,102 is all_confidences is instance of list? True
2024-03-14 01:36:29,102 is all_text is instance of list? True
2024-03-14 01:36:29,102 is label2id is instance of dict? True
2024-03-14 01:36:29,102 is id2label is instance of dict? True
2024-03-14 01:36:29,103 is label2color is instance of dict? True
2024-03-14 01:36:29,103 label2color : {'lc_date': '#23D007', 'stamp': '#369AC7', 'transaction_date': '#695757', 'carriage_condition': '#1D5D26', 'carrier_address': '#4FB8C5', 'gross_weight': '#E8E876', 'goods_description': '#A21B63', 'gross_quantity': '#67A9A7', 'consignee_address': '#602C37', 'signature': '#DF3539', 'awb_original_or_copy': '#9826CC', 'declared_value_of_custom': '#93E827', 'carrier_name': '#CA03E8', 'at_place': '#4BCC35', 'shipment_date': '#C1A4D6', 'shipper_address': '#275D02', 'net_weight': '#87490A', 'consignee_name': '#60686F', 'invoice_number': '#0BF0CF', 'awb_bill_no': '#5D8342', 'dimension': '#AD9E35', 'O': '#F914F7', 'declared_value_of_carriage': '#BD5123', 'final_destination': '#28E8B5', 'awb_bill_issue_date': '#B35649', 'lc_no': '#5AF256', 'signed_by_agent': '#3CFF9E', 'flight_date': '#F1CAF9', 'agent_address': '#1C366F', 'freight_collect_or_prepaid': '#1E2BC2', 'flight_details': '#36A77F', 'notify_party_address': '#1FB0C3', 'shipper_name': '#BBDD06', 'signed_by_carrier': '#C2BEDA', 'stamped_onboard_date': '#F25C0A', 'awb_original_number': '#50FE1B', 'flight_no': '#7C8652', 'freight_collected_at': '#CA47BD', 'amount_insurance': '#DF3D1D', 'house_awb_bill_no': '#B82EEB', 'master_awb_bill_no': '#9B0242', 'airport_of_departure': '#1F4851', 'invoice_date': '#A73D83', 'good_marks': '#280098', 'place_of_receipt': '#37E993', 'agent_name': '#759E37', 'signed_by_master': '#8A9F36', 'airport_of_destination': '#A6DAB5', 'master_name': '#31AE27', 'notify_party_name': '#4460EF'}
2024-03-14 01:36:29,313 is result_set is instance of dict? True
2024-03-14 01:36:29,316 is final_result_set is instance of dict? True
2024-03-14 01:36:29,683 Time taken for page 1 of Bill_Of_Landing_562_page_26.png:0:00:02.641021
2024-03-14 01:36:29,818 *****Generated All Pages****** for Bill_Of_Landing_562_page_26.png
2024-03-14 01:36:29,818 RAM memory 85.8 used for Bill_Of_Landing_562_page_26.png Generating All Pages:
2024-03-14 01:36:29,818 Processing time taken for all pages of Bill_Of_Landing_562_page_26.png1:0:00:02.777042
2024-03-14 01:36:29,969 file name is:Bill_Of_Landing_418_page_7.png
2024-03-14 01:36:29,969 folder path :Images
2024-03-14 01:36:29,969 Calling Image result
2024-03-14 01:36:29,969 is all_page_result is instance of dict? True
2024-03-14 01:36:29,970 STREAM b'IHDR' 16 13
2024-03-14 01:36:29,970 STREAM b'IDAT' 41 65536
2024-03-14 01:36:30,001 is words is instance of list? True
2024-03-14 01:36:30,001 is bboxes is instance of list? True
2024-03-14 01:36:30,001 is bounding_boxes is instance of list? True
2024-03-14 01:36:30,201 is input_id_chunks is instance of list? True
2024-03-14 01:36:30,201 is mask_chunks is instance of list? True
2024-03-14 01:36:30,201 is bbox_chunks is instance of list? True
2024-03-14 01:36:30,201 is image_chunks is instance of list? True
2024-03-14 01:36:30,202 is input_dict is instance of dict? True
2024-03-14 01:36:31,959 Model Called
2024-03-14 01:36:31,959 RAM memory 84.8 used for Bill_Of_Landing_418_page_7.png:
2024-03-14 01:36:31,969 is all_predictions is instance of list? True
2024-03-14 01:36:31,970 is all_boxes is instance of list? True
2024-03-14 01:36:31,970 is all_confidences is instance of list? True
2024-03-14 01:36:31,970 is all_text is instance of list? True
2024-03-14 01:36:31,970 is label2id is instance of dict? True
2024-03-14 01:36:31,970 is id2label is instance of dict? True
2024-03-14 01:36:31,971 is label2color is instance of dict? True
2024-03-14 01:36:31,971 label2color : {'lc_date': '#525592', 'stamp': '#BC17C0', 'transaction_date': '#424496', 'carriage_condition': '#89EA6E', 'carrier_address': '#DB26BD', 'gross_weight': '#050D8E', 'goods_description': '#CC848B', 'gross_quantity': '#408524', 'consignee_address': '#37FF08', 'signature': '#A2EC12', 'awb_original_or_copy': '#8FC3BB', 'declared_value_of_custom': '#4EE596', 'carrier_name': '#8D0468', 'at_place': '#6F321E', 'shipment_date': '#9921B6', 'shipper_address': '#17C70F', 'net_weight': '#C862F9', 'consignee_name': '#CA1D95', 'invoice_number': '#D3754A', 'awb_bill_no': '#0461FE', 'dimension': '#0FE353', 'O': '#1CC6C1', 'declared_value_of_carriage': '#C7400D', 'final_destination': '#5EF75D', 'awb_bill_issue_date': '#DD801D', 'lc_no': '#DAE165', 'signed_by_agent': '#7D133E', 'flight_date': '#170467', 'agent_address': '#032D1A', 'freight_collect_or_prepaid': '#9E5F93', 'flight_details': '#BEF2BA', 'notify_party_address': '#5AD9FB', 'shipper_name': '#300EAE', 'signed_by_carrier': '#20D289', 'stamped_onboard_date': '#8AE0F6', 'awb_original_number': '#9099BD', 'flight_no': '#52BDF9', 'freight_collected_at': '#14FB8E', 'amount_insurance': '#73198B', 'house_awb_bill_no': '#5EE5C7', 'master_awb_bill_no': '#DDDF46', 'airport_of_departure': '#8B2C3D', 'invoice_date': '#A530FB', 'good_marks': '#897D33', 'place_of_receipt': '#A79A9E', 'agent_name': '#22AA38', 'signed_by_master': '#FFE916', 'airport_of_destination': '#6CA4D0', 'master_name': '#08A9A7', 'notify_party_name': '#CBF4C4'}
2024-03-14 01:36:32,156 is result_set is instance of dict? True
2024-03-14 01:36:32,157 is final_result_set is instance of dict? True
2024-03-14 01:36:32,507 Time taken for page 1 of Bill_Of_Landing_418_page_7.png:0:00:02.537110
2024-03-14 01:36:32,645 *****Generated All Pages****** for Bill_Of_Landing_418_page_7.png
2024-03-14 01:36:32,646 RAM memory 85.1 used for Bill_Of_Landing_418_page_7.png Generating All Pages:
2024-03-14 01:36:32,646 Processing time taken for all pages of Bill_Of_Landing_418_page_7.png1:0:00:02.676284
2024-03-14 01:36:32,763 file name is:Bill_Of_Landing_562_page_7.png
2024-03-14 01:36:32,763 folder path :Images
2024-03-14 01:36:32,763 Calling Image result
2024-03-14 01:36:32,764 is all_page_result is instance of dict? True
2024-03-14 01:36:32,764 STREAM b'IHDR' 16 13
2024-03-14 01:36:32,764 STREAM b'IDAT' 41 63516
2024-03-14 01:36:32,798 is words is instance of list? True
2024-03-14 01:36:32,798 is bboxes is instance of list? True
2024-03-14 01:36:32,798 is bounding_boxes is instance of list? True
2024-03-14 01:36:32,999 is input_id_chunks is instance of list? True
2024-03-14 01:36:33,000 is mask_chunks is instance of list? True
2024-03-14 01:36:33,000 is bbox_chunks is instance of list? True
2024-03-14 01:36:33,000 is image_chunks is instance of list? True
2024-03-14 01:36:33,000 is input_dict is instance of dict? True
2024-03-14 01:36:34,745 Model Called
2024-03-14 01:36:34,745 RAM memory 85.1 used for Bill_Of_Landing_562_page_7.png:
2024-03-14 01:36:34,745 is all_predictions is instance of list? True
2024-03-14 01:36:34,745 is all_boxes is instance of list? True
2024-03-14 01:36:34,745 is all_confidences is instance of list? True
2024-03-14 01:36:34,745 is all_text is instance of list? True
2024-03-14 01:36:34,745 is label2id is instance of dict? True
2024-03-14 01:36:34,745 is id2label is instance of dict? True
2024-03-14 01:36:34,746 is label2color is instance of dict? True
2024-03-14 01:36:34,746 label2color : {'lc_date': '#F5D99A', 'stamp': '#4D5FD3', 'transaction_date': '#1334EC', 'carriage_condition': '#1C5A3B', 'carrier_address': '#E978E4', 'gross_weight': '#128181', 'goods_description': '#D29169', 'gross_quantity': '#B42EE0', 'consignee_address': '#989908', 'signature': '#B7618F', 'awb_original_or_copy': '#9ED645', 'declared_value_of_custom': '#315AA2', 'carrier_name': '#77D189', 'at_place': '#26B69F', 'shipment_date': '#FE1B14', 'shipper_address': '#A7B2DA', 'net_weight': '#7D86D6', 'consignee_name': '#3EEC2C', 'invoice_number': '#BE0F69', 'awb_bill_no': '#065FF0', 'dimension': '#AA5A57', 'O': '#251A2D', 'declared_value_of_carriage': '#F864F2', 'final_destination': '#C1B9AA', 'awb_bill_issue_date': '#2149D3', 'lc_no': '#F246DC', 'signed_by_agent': '#998031', 'flight_date': '#FE32AC', 'agent_address': '#E63AE0', 'freight_collect_or_prepaid': '#3BCD9B', 'flight_details': '#787E81', 'notify_party_address': '#AB4BF7', 'shipper_name': '#B20084', 'signed_by_carrier': '#7B9815', 'stamped_onboard_date': '#0F937C', 'awb_original_number': '#2793E4', 'flight_no': '#E1B7D7', 'freight_collected_at': '#0FCC23', 'amount_insurance': '#B1D39D', 'house_awb_bill_no': '#D72D4F', 'master_awb_bill_no': '#E0A787', 'airport_of_departure': '#C77F69', 'invoice_date': '#581810', 'good_marks': '#BF2DAA', 'place_of_receipt': '#95F173', 'agent_name': '#B6A535', 'signed_by_master': '#4B6DD6', 'airport_of_destination': '#13835F', 'master_name': '#398466', 'notify_party_name': '#C1B504'}
2024-03-14 01:36:34,934 is result_set is instance of dict? True
2024-03-14 01:36:34,936 is final_result_set is instance of dict? True
2024-03-14 01:36:35,297 Time taken for page 1 of Bill_Of_Landing_562_page_7.png:0:00:02.533032
2024-03-14 01:36:35,428 *****Generated All Pages****** for Bill_Of_Landing_562_page_7.png
2024-03-14 01:36:35,428 RAM memory 85.4 used for Bill_Of_Landing_562_page_7.png Generating All Pages:
2024-03-14 01:36:35,428 Processing time taken for all pages of Bill_Of_Landing_562_page_7.png1:0:00:02.664863
2024-03-14 01:36:35,545 file name is:Bill_Of_Landing_760_page_0.png
2024-03-14 01:36:35,545 folder path :Images
2024-03-14 01:36:35,545 Calling Image result
2024-03-14 01:36:35,545 is all_page_result is instance of dict? True
2024-03-14 01:36:35,546 STREAM b'IHDR' 16 13
2024-03-14 01:36:35,546 STREAM b'IDAT' 41 65536
2024-03-14 01:36:35,615 is words is instance of list? True
2024-03-14 01:36:35,615 is bboxes is instance of list? True
2024-03-14 01:36:35,615 is bounding_boxes is instance of list? True
2024-03-14 01:36:36,394 is input_id_chunks is instance of list? True
2024-03-14 01:36:36,394 is mask_chunks is instance of list? True
2024-03-14 01:36:36,394 is bbox_chunks is instance of list? True
2024-03-14 01:36:36,395 is image_chunks is instance of list? True
2024-03-14 01:36:36,395 is input_dict is instance of dict? True
2024-03-14 01:36:38,310 Model Called
2024-03-14 01:36:38,311 RAM memory 85.7 used for Bill_Of_Landing_760_page_0.png:
2024-03-14 01:36:38,311 is all_predictions is instance of list? True
2024-03-14 01:36:38,311 is all_boxes is instance of list? True
2024-03-14 01:36:38,311 is all_confidences is instance of list? True
2024-03-14 01:36:38,311 is all_text is instance of list? True
2024-03-14 01:36:38,311 is label2id is instance of dict? True
2024-03-14 01:36:38,311 is id2label is instance of dict? True
2024-03-14 01:36:38,312 is label2color is instance of dict? True
2024-03-14 01:36:38,312 label2color : {'lc_date': '#4A29FC', 'stamp': '#A2D801', 'transaction_date': '#3A5B0E', 'carriage_condition': '#865C28', 'carrier_address': '#803677', 'gross_weight': '#8CCF36', 'goods_description': '#C67EB5', 'gross_quantity': '#77A15E', 'consignee_address': '#0FE5DE', 'signature': '#A1AB33', 'awb_original_or_copy': '#65B7D2', 'declared_value_of_custom': '#4F44F7', 'carrier_name': '#36F29F', 'at_place': '#91A291', 'shipment_date': '#A17D7D', 'shipper_address': '#1EF28E', 'net_weight': '#3F194A', 'consignee_name': '#DEE753', 'invoice_number': '#FAC429', 'awb_bill_no': '#F9D7B2', 'dimension': '#7F8426', 'O': '#D847CC', 'declared_value_of_carriage': '#5C8C0C', 'final_destination': '#C67BB0', 'awb_bill_issue_date': '#72F39F', 'lc_no': '#1AEA65', 'signed_by_agent': '#5EB1F5', 'flight_date': '#8CFE62', 'agent_address': '#28BFC9', 'freight_collect_or_prepaid': '#34CDEB', 'flight_details': '#D41F26', 'notify_party_address': '#EF73F4', 'shipper_name': '#F68A1F', 'signed_by_carrier': '#0B84FA', 'stamped_onboard_date': '#77EB11', 'awb_original_number': '#7FAF77', 'flight_no': '#39C561', 'freight_collected_at': '#CCC26C', 'amount_insurance': '#03BF1A', 'house_awb_bill_no': '#F3E0DA', 'master_awb_bill_no': '#B52C3E', 'airport_of_departure': '#B50F1E', 'invoice_date': '#D392EF', 'good_marks': '#C9B732', 'place_of_receipt': '#FD1BAC', 'agent_name': '#910CB0', 'signed_by_master': '#5B4CEA', 'airport_of_destination': '#9685AF', 'master_name': '#A3A1A3', 'notify_party_name': '#A1007C'}
2024-03-14 01:36:38,793 is result_set is instance of dict? True
2024-03-14 01:36:38,794 is final_result_set is instance of dict? True
2024-03-14 01:36:39,311 Time taken for page 1 of Bill_Of_Landing_760_page_0.png:0:00:03.764719
2024-03-14 01:36:39,619 *****Generated All Pages****** for Bill_Of_Landing_760_page_0.png
2024-03-14 01:36:39,619 RAM memory 86.3 used for Bill_Of_Landing_760_page_0.png Generating All Pages:
2024-03-14 01:36:39,619 Processing time taken for all pages of Bill_Of_Landing_760_page_0.png1:0:00:04.074063
2024-03-14 01:36:39,745 file name is:Bill_Of_Landing_511_page_4.png
2024-03-14 01:36:39,745 folder path :Images
2024-03-14 01:36:39,745 Calling Image result
2024-03-14 01:36:39,745 is all_page_result is instance of dict? True
2024-03-14 01:36:39,745 STREAM b'IHDR' 16 13
2024-03-14 01:36:39,745 STREAM b'IDAT' 41 65536
2024-03-14 01:36:39,775 is words is instance of list? True
2024-03-14 01:36:39,775 is bboxes is instance of list? True
2024-03-14 01:36:39,775 is bounding_boxes is instance of list? True
2024-03-14 01:36:39,986 is input_id_chunks is instance of list? True
2024-03-14 01:36:39,986 is mask_chunks is instance of list? True
2024-03-14 01:36:39,986 is bbox_chunks is instance of list? True
2024-03-14 01:36:39,986 is image_chunks is instance of list? True
2024-03-14 01:36:39,986 is input_dict is instance of dict? True
2024-03-14 01:36:42,012 Model Called
2024-03-14 01:36:42,013 RAM memory 85.3 used for Bill_Of_Landing_511_page_4.png:
2024-03-14 01:36:42,013 is all_predictions is instance of list? True
2024-03-14 01:36:42,013 is all_boxes is instance of list? True
2024-03-14 01:36:42,013 is all_confidences is instance of list? True
2024-03-14 01:36:42,013 is all_text is instance of list? True
2024-03-14 01:36:42,013 is label2id is instance of dict? True
2024-03-14 01:36:42,013 is id2label is instance of dict? True
2024-03-14 01:36:42,014 is label2color is instance of dict? True
2024-03-14 01:36:42,014 label2color : {'lc_date': '#BD359D', 'stamp': '#BD0CF8', 'transaction_date': '#7FD232', 'carriage_condition': '#D575FE', 'carrier_address': '#87C108', 'gross_weight': '#0DA0EF', 'goods_description': '#CDE62A', 'gross_quantity': '#C7078B', 'consignee_address': '#A6D929', 'signature': '#D62E5E', 'awb_original_or_copy': '#738C4F', 'declared_value_of_custom': '#DB63F4', 'carrier_name': '#0F3B0B', 'at_place': '#067C5B', 'shipment_date': '#8CAB00', 'shipper_address': '#5BCBDE', 'net_weight': '#082FF1', 'consignee_name': '#D77510', 'invoice_number': '#B5314B', 'awb_bill_no': '#E935BB', 'dimension': '#AB28B1', 'O': '#538434', 'declared_value_of_carriage': '#589DF0', 'final_destination': '#88B4F5', 'awb_bill_issue_date': '#B631F7', 'lc_no': '#8A5A2A', 'signed_by_agent': '#20227E', 'flight_date': '#87D0FC', 'agent_address': '#D5DAC0', 'freight_collect_or_prepaid': '#B565D6', 'flight_details': '#439496', 'notify_party_address': '#1075C4', 'shipper_name': '#5412D1', 'signed_by_carrier': '#8F1DD8', 'stamped_onboard_date': '#24CA7A', 'awb_original_number': '#0B7B77', 'flight_no': '#646ED6', 'freight_collected_at': '#D3B322', 'amount_insurance': '#F4B901', 'house_awb_bill_no': '#E79E41', 'master_awb_bill_no': '#C57109', 'airport_of_departure': '#75D40F', 'invoice_date': '#DE577C', 'good_marks': '#370668', 'place_of_receipt': '#5555A5', 'agent_name': '#BC6F1E', 'signed_by_master': '#BEC454', 'airport_of_destination': '#60CB59', 'master_name': '#2B6567', 'notify_party_name': '#9E965D'}
2024-03-14 01:36:42,214 is result_set is instance of dict? True
2024-03-14 01:36:42,217 is final_result_set is instance of dict? True
2024-03-14 01:36:42,765 Time taken for page 1 of Bill_Of_Landing_511_page_4.png:0:00:03.018980
2024-03-14 01:36:42,907 *****Generated All Pages****** for Bill_Of_Landing_511_page_4.png
2024-03-14 01:36:42,907 RAM memory 85.3 used for Bill_Of_Landing_511_page_4.png Generating All Pages:
2024-03-14 01:36:42,907 Processing time taken for all pages of Bill_Of_Landing_511_page_4.png1:0:00:03.162628
2024-03-14 01:36:43,056 file name is:Bill_Of_Landing_815_page_0.png
2024-03-14 01:36:43,056 folder path :Images
2024-03-14 01:36:43,056 Calling Image result
2024-03-14 01:36:43,056 is all_page_result is instance of dict? True
2024-03-14 01:36:43,056 STREAM b'IHDR' 16 13
2024-03-14 01:36:43,057 STREAM b'IDAT' 41 65536
2024-03-14 01:36:43,176 is words is instance of list? True
2024-03-14 01:36:43,176 is bboxes is instance of list? True
2024-03-14 01:36:43,176 is bounding_boxes is instance of list? True
2024-03-14 01:36:44,398 is input_id_chunks is instance of list? True
2024-03-14 01:36:44,398 is mask_chunks is instance of list? True
2024-03-14 01:36:44,398 is bbox_chunks is instance of list? True
2024-03-14 01:36:44,398 is image_chunks is instance of list? True
2024-03-14 01:36:44,398 is input_dict is instance of dict? True
2024-03-14 01:36:46,456 Model Called
2024-03-14 01:36:46,456 RAM memory 86.3 used for Bill_Of_Landing_815_page_0.png:
2024-03-14 01:36:46,456 is all_predictions is instance of list? True
2024-03-14 01:36:46,456 is all_boxes is instance of list? True
2024-03-14 01:36:46,456 is all_confidences is instance of list? True
2024-03-14 01:36:46,456 is all_text is instance of list? True
2024-03-14 01:36:46,457 is label2id is instance of dict? True
2024-03-14 01:36:46,457 is id2label is instance of dict? True
2024-03-14 01:36:46,458 is label2color is instance of dict? True
2024-03-14 01:36:46,458 label2color : {'lc_date': '#C3D485', 'stamp': '#C778C6', 'transaction_date': '#7138B4', 'carriage_condition': '#542823', 'carrier_address': '#C76613', 'gross_weight': '#8B3F48', 'goods_description': '#27EB71', 'gross_quantity': '#EE2722', 'consignee_address': '#AA7E0B', 'signature': '#39F860', 'awb_original_or_copy': '#C30978', 'declared_value_of_custom': '#151FAF', 'carrier_name': '#6E7803', 'at_place': '#881247', 'shipment_date': '#0C66F2', 'shipper_address': '#FBC2F4', 'net_weight': '#DD7C21', 'consignee_name': '#A31EA7', 'invoice_number': '#B6F78E', 'awb_bill_no': '#7A0CAC', 'dimension': '#B78FF1', 'O': '#A185E0', 'declared_value_of_carriage': '#034783', 'final_destination': '#9C9A46', 'awb_bill_issue_date': '#896F3C', 'lc_no': '#B31FC2', 'signed_by_agent': '#5D8E86', 'flight_date': '#269D05', 'agent_address': '#83856C', 'freight_collect_or_prepaid': '#FA3547', 'flight_details': '#EBAC0F', 'notify_party_address': '#CDC52A', 'shipper_name': '#BB30B0', 'signed_by_carrier': '#82D3AA', 'stamped_onboard_date': '#D5FCDE', 'awb_original_number': '#C2B152', 'flight_no': '#263FDA', 'freight_collected_at': '#7810DF', 'amount_insurance': '#43B442', 'house_awb_bill_no': '#FA65C1', 'master_awb_bill_no': '#562E7D', 'airport_of_departure': '#FD210D', 'invoice_date': '#C4A193', 'good_marks': '#4EF316', 'place_of_receipt': '#AC5225', 'agent_name': '#0B2997', 'signed_by_master': '#0CE098', 'airport_of_destination': '#169CDD', 'master_name': '#7EE1B2', 'notify_party_name': '#8270E9'}
2024-03-14 01:36:47,243 is result_set is instance of dict? True
2024-03-14 01:36:47,245 is final_result_set is instance of dict? True
2024-03-14 01:36:47,594 Time taken for page 1 of Bill_Of_Landing_815_page_0.png:0:00:04.536945
2024-03-14 01:36:48,036 *****Generated All Pages****** for Bill_Of_Landing_815_page_0.png
2024-03-14 01:36:48,036 RAM memory 87.2 used for Bill_Of_Landing_815_page_0.png Generating All Pages:
2024-03-14 01:36:48,036 Processing time taken for all pages of Bill_Of_Landing_815_page_0.png1:0:00:04.980106
2024-03-14 01:36:48,175 file name is:Bill_Of_Landing_273_page_0.png
2024-03-14 01:36:48,175 folder path :Images
2024-03-14 01:36:48,175 Calling Image result
2024-03-14 01:36:48,175 is all_page_result is instance of dict? True
2024-03-14 01:36:48,175 STREAM b'IHDR' 16 13
2024-03-14 01:36:48,175 STREAM b'IDAT' 41 57869
2024-03-14 01:36:48,211 is words is instance of list? True
2024-03-14 01:36:48,211 is bboxes is instance of list? True
2024-03-14 01:36:48,211 is bounding_boxes is instance of list? True
2024-03-14 01:36:48,438 is input_id_chunks is instance of list? True
2024-03-14 01:36:48,438 is mask_chunks is instance of list? True
2024-03-14 01:36:48,438 is bbox_chunks is instance of list? True
2024-03-14 01:36:48,438 is image_chunks is instance of list? True
2024-03-14 01:36:48,438 is input_dict is instance of dict? True
2024-03-14 01:36:50,398 Model Called
2024-03-14 01:36:50,399 RAM memory 86.1 used for Bill_Of_Landing_273_page_0.png:
2024-03-14 01:36:50,399 is all_predictions is instance of list? True
2024-03-14 01:36:50,399 is all_boxes is instance of list? True
2024-03-14 01:36:50,399 is all_confidences is instance of list? True
2024-03-14 01:36:50,399 is all_text is instance of list? True
2024-03-14 01:36:50,399 is label2id is instance of dict? True
2024-03-14 01:36:50,399 is id2label is instance of dict? True
2024-03-14 01:36:50,400 is label2color is instance of dict? True
2024-03-14 01:36:50,400 label2color : {'lc_date': '#558BFD', 'stamp': '#C110BE', 'transaction_date': '#90553A', 'carriage_condition': '#168C11', 'carrier_address': '#324694', 'gross_weight': '#BC152B', 'goods_description': '#3D51A4', 'gross_quantity': '#CDE40C', 'consignee_address': '#2C670C', 'signature': '#69BCAF', 'awb_original_or_copy': '#69DC12', 'declared_value_of_custom': '#0DA40D', 'carrier_name': '#9B5DD6', 'at_place': '#682295', 'shipment_date': '#E41688', 'shipper_address': '#CE5BAE', 'net_weight': '#57940C', 'consignee_name': '#4F4891', 'invoice_number': '#D20D63', 'awb_bill_no': '#DEEC27', 'dimension': '#992257', 'O': '#5F1302', 'declared_value_of_carriage': '#2BACF4', 'final_destination': '#8A6F2C', 'awb_bill_issue_date': '#BB7A75', 'lc_no': '#F1DA82', 'signed_by_agent': '#611BB2', 'flight_date': '#76818D', 'agent_address': '#1AFFC7', 'freight_collect_or_prepaid': '#467D7B', 'flight_details': '#FDFB3C', 'notify_party_address': '#3EAC8B', 'shipper_name': '#F58A62', 'signed_by_carrier': '#E27DBF', 'stamped_onboard_date': '#D4165B', 'awb_original_number': '#B8D363', 'flight_no': '#6B4A1C', 'freight_collected_at': '#7A8B1D', 'amount_insurance': '#CEFEDD', 'house_awb_bill_no': '#B48611', 'master_awb_bill_no': '#B0D927', 'airport_of_departure': '#ECDC7F', 'invoice_date': '#B39BBA', 'good_marks': '#BC3683', 'place_of_receipt': '#A98B60', 'agent_name': '#EB1446', 'signed_by_master': '#D0BC4E', 'airport_of_destination': '#D901F1', 'master_name': '#54A553', 'notify_party_name': '#B84733'}
2024-03-14 01:36:50,592 is result_set is instance of dict? True
2024-03-14 01:36:50,594 is final_result_set is instance of dict? True
2024-03-14 01:36:51,046 Time taken for page 1 of Bill_Of_Landing_273_page_0.png:0:00:02.870014
2024-03-14 01:36:51,184 *****Generated All Pages****** for Bill_Of_Landing_273_page_0.png
2024-03-14 01:36:51,184 RAM memory 86.3 used for Bill_Of_Landing_273_page_0.png Generating All Pages:
2024-03-14 01:36:51,184 Processing time taken for all pages of Bill_Of_Landing_273_page_0.png1:0:00:03.009225
2024-03-14 01:36:51,311 file name is:Bill_Of_Landing_424_page_4.png
2024-03-14 01:36:51,311 folder path :Images
2024-03-14 01:36:51,311 Calling Image result
2024-03-14 01:36:51,311 is all_page_result is instance of dict? True
2024-03-14 01:36:51,312 STREAM b'IHDR' 16 13
2024-03-14 01:36:51,312 STREAM b'IDAT' 41 61880
2024-03-14 01:36:51,340 is words is instance of list? True
2024-03-14 01:36:51,340 is bboxes is instance of list? True
2024-03-14 01:36:51,340 is bounding_boxes is instance of list? True
2024-03-14 01:36:51,545 is input_id_chunks is instance of list? True
2024-03-14 01:36:51,545 is mask_chunks is instance of list? True
2024-03-14 01:36:51,545 is bbox_chunks is instance of list? True
2024-03-14 01:36:51,545 is image_chunks is instance of list? True
2024-03-14 01:36:51,546 is input_dict is instance of dict? True
2024-03-14 01:36:53,584 Model Called
2024-03-14 01:36:53,585 RAM memory 85.2 used for Bill_Of_Landing_424_page_4.png:
2024-03-14 01:36:53,585 is all_predictions is instance of list? True
2024-03-14 01:36:53,585 is all_boxes is instance of list? True
2024-03-14 01:36:53,585 is all_confidences is instance of list? True
2024-03-14 01:36:53,585 is all_text is instance of list? True
2024-03-14 01:36:53,585 is label2id is instance of dict? True
2024-03-14 01:36:53,585 is id2label is instance of dict? True
2024-03-14 01:36:53,586 is label2color is instance of dict? True
2024-03-14 01:36:53,586 label2color : {'lc_date': '#2E696F', 'stamp': '#A71FF7', 'transaction_date': '#1EDE92', 'carriage_condition': '#ADA0CD', 'carrier_address': '#940952', 'gross_weight': '#B7EA95', 'goods_description': '#2189D2', 'gross_quantity': '#80AD35', 'consignee_address': '#5B8AF1', 'signature': '#504511', 'awb_original_or_copy': '#43354F', 'declared_value_of_custom': '#B1C226', 'carrier_name': '#A3EF43', 'at_place': '#211EEB', 'shipment_date': '#D60D2C', 'shipper_address': '#4D26EC', 'net_weight': '#392D97', 'consignee_name': '#03EC9E', 'invoice_number': '#7DA9C5', 'awb_bill_no': '#D612EE', 'dimension': '#2693FA', 'O': '#D0EBA0', 'declared_value_of_carriage': '#6E1FED', 'final_destination': '#C86D9B', 'awb_bill_issue_date': '#6385C6', 'lc_no': '#07D5B1', 'signed_by_agent': '#7826F0', 'flight_date': '#58D240', 'agent_address': '#D29248', 'freight_collect_or_prepaid': '#DA2200', 'flight_details': '#77E9D5', 'notify_party_address': '#567C38', 'shipper_name': '#100A6F', 'signed_by_carrier': '#31CF86', 'stamped_onboard_date': '#752A7B', 'awb_original_number': '#AD3787', 'flight_no': '#A8A95B', 'freight_collected_at': '#2E6DB9', 'amount_insurance': '#A25D2E', 'house_awb_bill_no': '#20F20C', 'master_awb_bill_no': '#FD2055', 'airport_of_departure': '#E63180', 'invoice_date': '#1BE2BD', 'good_marks': '#BE9D26', 'place_of_receipt': '#FB264B', 'agent_name': '#A9DB98', 'signed_by_master': '#CC0A8B', 'airport_of_destination': '#FA042A', 'master_name': '#552835', 'notify_party_name': '#2FDB8A'}
2024-03-14 01:36:53,795 is result_set is instance of dict? True
2024-03-14 01:36:53,808 is final_result_set is instance of dict? True
2024-03-14 01:36:54,194 Time taken for page 1 of Bill_Of_Landing_424_page_4.png:0:00:02.882193
2024-03-14 01:36:54,329 *****Generated All Pages****** for Bill_Of_Landing_424_page_4.png
2024-03-14 01:36:54,330 RAM memory 85.3 used for Bill_Of_Landing_424_page_4.png Generating All Pages:
2024-03-14 01:36:54,330 Processing time taken for all pages of Bill_Of_Landing_424_page_4.png1:0:00:03.018251
2024-03-14 01:36:54,453 file name is:Bill_Of_Landing_429_page_0.png
2024-03-14 01:36:54,453 folder path :Images
2024-03-14 01:36:54,453 Calling Image result
2024-03-14 01:36:54,453 is all_page_result is instance of dict? True
2024-03-14 01:36:54,454 STREAM b'IHDR' 16 13
2024-03-14 01:36:54,454 STREAM b'IDAT' 41 65536
2024-03-14 01:36:54,488 is words is instance of list? True
2024-03-14 01:36:54,488 is bboxes is instance of list? True
2024-03-14 01:36:54,488 is bounding_boxes is instance of list? True
2024-03-14 01:36:54,693 is input_id_chunks is instance of list? True
2024-03-14 01:36:54,693 is mask_chunks is instance of list? True
2024-03-14 01:36:54,693 is bbox_chunks is instance of list? True
2024-03-14 01:36:54,693 is image_chunks is instance of list? True
2024-03-14 01:36:54,694 is input_dict is instance of dict? True
2024-03-14 01:36:56,485 Model Called
2024-03-14 01:36:56,485 RAM memory 84.8 used for Bill_Of_Landing_429_page_0.png:
2024-03-14 01:36:56,485 is all_predictions is instance of list? True
2024-03-14 01:36:56,485 is all_boxes is instance of list? True
2024-03-14 01:36:56,486 is all_confidences is instance of list? True
2024-03-14 01:36:56,486 is all_text is instance of list? True
2024-03-14 01:36:56,486 is label2id is instance of dict? True
2024-03-14 01:36:56,486 is id2label is instance of dict? True
2024-03-14 01:36:56,487 is label2color is instance of dict? True
2024-03-14 01:36:56,487 label2color : {'lc_date': '#623F85', 'stamp': '#EF06DD', 'transaction_date': '#BCD45F', 'carriage_condition': '#D103B7', 'carrier_address': '#142DBB', 'gross_weight': '#E9CD48', 'goods_description': '#2CA304', 'gross_quantity': '#8B462B', 'consignee_address': '#9E3B68', 'signature': '#E3842B', 'awb_original_or_copy': '#FB8664', 'declared_value_of_custom': '#BAE148', 'carrier_name': '#F0FDED', 'at_place': '#5B9AA1', 'shipment_date': '#23CB23', 'shipper_address': '#D9F908', 'net_weight': '#28886F', 'consignee_name': '#5437E1', 'invoice_number': '#0BC743', 'awb_bill_no': '#0BF6AA', 'dimension': '#C99329', 'O': '#9235DE', 'declared_value_of_carriage': '#454F05', 'final_destination': '#4D00F3', 'awb_bill_issue_date': '#A3FFF9', 'lc_no': '#CC0AC5', 'signed_by_agent': '#5B1EAC', 'flight_date': '#F83A2E', 'agent_address': '#8B47F2', 'freight_collect_or_prepaid': '#0643BD', 'flight_details': '#58EA3F', 'notify_party_address': '#F608F3', 'shipper_name': '#D931B3', 'signed_by_carrier': '#2A39DF', 'stamped_onboard_date': '#6E38A3', 'awb_original_number': '#148881', 'flight_no': '#BE0D22', 'freight_collected_at': '#17E3A3', 'amount_insurance': '#5A0F2F', 'house_awb_bill_no': '#12CC0B', 'master_awb_bill_no': '#9884D1', 'airport_of_departure': '#E27928', 'invoice_date': '#E7734A', 'good_marks': '#7E87F0', 'place_of_receipt': '#F31CD9', 'agent_name': '#9FF9A5', 'signed_by_master': '#768E04', 'airport_of_destination': '#6B032C', 'master_name': '#43691F', 'notify_party_name': '#C4F111'}
2024-03-14 01:36:56,686 is result_set is instance of dict? True
2024-03-14 01:36:56,688 is final_result_set is instance of dict? True
2024-03-14 01:36:57,097 Time taken for page 1 of Bill_Of_Landing_429_page_0.png:0:00:02.643226
2024-03-14 01:36:57,234 *****Generated All Pages****** for Bill_Of_Landing_429_page_0.png
2024-03-14 01:36:57,234 RAM memory 85.0 used for Bill_Of_Landing_429_page_0.png Generating All Pages:
2024-03-14 01:36:57,234 Processing time taken for all pages of Bill_Of_Landing_429_page_0.png1:0:00:02.780506
2024-03-14 01:36:57,353 file name is:Bill_Of_Landing_562_page_6.png
2024-03-14 01:36:57,354 folder path :Images
2024-03-14 01:36:57,354 Calling Image result
2024-03-14 01:36:57,354 is all_page_result is instance of dict? True
2024-03-14 01:36:57,354 STREAM b'IHDR' 16 13
2024-03-14 01:36:57,354 STREAM b'IDAT' 41 63691
2024-03-14 01:36:57,383 is words is instance of list? True
2024-03-14 01:36:57,383 is bboxes is instance of list? True
2024-03-14 01:36:57,383 is bounding_boxes is instance of list? True
2024-03-14 01:36:57,588 is input_id_chunks is instance of list? True
2024-03-14 01:36:57,588 is mask_chunks is instance of list? True
2024-03-14 01:36:57,588 is bbox_chunks is instance of list? True
2024-03-14 01:36:57,588 is image_chunks is instance of list? True
2024-03-14 01:36:57,589 is input_dict is instance of dict? True
2024-03-14 01:36:59,381 Model Called
2024-03-14 01:36:59,381 RAM memory 84.9 used for Bill_Of_Landing_562_page_6.png:
2024-03-14 01:36:59,381 is all_predictions is instance of list? True
2024-03-14 01:36:59,382 is all_boxes is instance of list? True
2024-03-14 01:36:59,382 is all_confidences is instance of list? True
2024-03-14 01:36:59,382 is all_text is instance of list? True
2024-03-14 01:36:59,382 is label2id is instance of dict? True
2024-03-14 01:36:59,382 is id2label is instance of dict? True
2024-03-14 01:36:59,383 is label2color is instance of dict? True
2024-03-14 01:36:59,383 label2color : {'lc_date': '#BAA96A', 'stamp': '#ACD03D', 'transaction_date': '#465F9D', 'carriage_condition': '#971B3F', 'carrier_address': '#33C4E0', 'gross_weight': '#A2A097', 'goods_description': '#93E3CD', 'gross_quantity': '#C772E3', 'consignee_address': '#FEDA76', 'signature': '#6F8BD2', 'awb_original_or_copy': '#05FB53', 'declared_value_of_custom': '#654352', 'carrier_name': '#4E9962', 'at_place': '#505614', 'shipment_date': '#9E173A', 'shipper_address': '#116817', 'net_weight': '#62C3BE', 'consignee_name': '#53F9B6', 'invoice_number': '#12B91F', 'awb_bill_no': '#3ED851', 'dimension': '#994A21', 'O': '#B82626', 'declared_value_of_carriage': '#1BF634', 'final_destination': '#B72E88', 'awb_bill_issue_date': '#83F122', 'lc_no': '#AD7029', 'signed_by_agent': '#97EEE9', 'flight_date': '#71E1EC', 'agent_address': '#C59FB5', 'freight_collect_or_prepaid': '#D0BDB0', 'flight_details': '#FDD406', 'notify_party_address': '#48EFB2', 'shipper_name': '#2C7C9F', 'signed_by_carrier': '#E2E894', 'stamped_onboard_date': '#8D11D9', 'awb_original_number': '#E1645B', 'flight_no': '#576D3B', 'freight_collected_at': '#A6D358', 'amount_insurance': '#17A103', 'house_awb_bill_no': '#88071A', 'master_awb_bill_no': '#93D61D', 'airport_of_departure': '#944924', 'invoice_date': '#E2DCA5', 'good_marks': '#5545D0', 'place_of_receipt': '#3634F3', 'agent_name': '#38E92D', 'signed_by_master': '#5F8E75', 'airport_of_destination': '#BB0C2C', 'master_name': '#D0A4C7', 'notify_party_name': '#8DD7B0'}
2024-03-14 01:36:59,567 is result_set is instance of dict? True
2024-03-14 01:36:59,568 is final_result_set is instance of dict? True
2024-03-14 01:36:59,876 Time taken for page 1 of Bill_Of_Landing_562_page_6.png:0:00:02.521832
2024-03-14 01:36:59,999 *****Generated All Pages****** for Bill_Of_Landing_562_page_6.png
2024-03-14 01:37:00,000 RAM memory 85.2 used for Bill_Of_Landing_562_page_6.png Generating All Pages:
2024-03-14 01:37:00,000 Processing time taken for all pages of Bill_Of_Landing_562_page_6.png1:0:00:02.645991
2024-03-14 01:37:00,123 file name is:Bill_Of_Landing_357_page_0.png
2024-03-14 01:37:00,123 folder path :Images
2024-03-14 01:37:00,123 Calling Image result
2024-03-14 01:37:00,123 is all_page_result is instance of dict? True
2024-03-14 01:37:00,124 STREAM b'IHDR' 16 13
2024-03-14 01:37:00,124 STREAM b'IDAT' 41 65536
2024-03-14 01:37:00,155 is words is instance of list? True
2024-03-14 01:37:00,155 is bboxes is instance of list? True
2024-03-14 01:37:00,155 is bounding_boxes is instance of list? True
2024-03-14 01:37:00,351 is input_id_chunks is instance of list? True
2024-03-14 01:37:00,351 is mask_chunks is instance of list? True
2024-03-14 01:37:00,351 is bbox_chunks is instance of list? True
2024-03-14 01:37:00,351 is image_chunks is instance of list? True
2024-03-14 01:37:00,352 is input_dict is instance of dict? True
2024-03-14 01:37:02,130 Model Called
2024-03-14 01:37:02,130 RAM memory 84.9 used for Bill_Of_Landing_357_page_0.png:
2024-03-14 01:37:02,130 is all_predictions is instance of list? True
2024-03-14 01:37:02,130 is all_boxes is instance of list? True
2024-03-14 01:37:02,130 is all_confidences is instance of list? True
2024-03-14 01:37:02,130 is all_text is instance of list? True
2024-03-14 01:37:02,131 is label2id is instance of dict? True
2024-03-14 01:37:02,131 is id2label is instance of dict? True
2024-03-14 01:37:02,132 is label2color is instance of dict? True
2024-03-14 01:37:02,132 label2color : {'lc_date': '#EE8B5F', 'stamp': '#A5A3E2', 'transaction_date': '#99D6C1', 'carriage_condition': '#9F54A0', 'carrier_address': '#735C6B', 'gross_weight': '#A335AA', 'goods_description': '#7E1EB9', 'gross_quantity': '#CC3B34', 'consignee_address': '#CFDF83', 'signature': '#270C54', 'awb_original_or_copy': '#F029C3', 'declared_value_of_custom': '#8F040F', 'carrier_name': '#59F160', 'at_place': '#66811F', 'shipment_date': '#EE9E69', 'shipper_address': '#751B80', 'net_weight': '#3C2B23', 'consignee_name': '#1B9A7C', 'invoice_number': '#11C1B7', 'awb_bill_no': '#061F54', 'dimension': '#FCFEFA', 'O': '#CE20A7', 'declared_value_of_carriage': '#76658A', 'final_destination': '#77EBB9', 'awb_bill_issue_date': '#9CFFE0', 'lc_no': '#799BDE', 'signed_by_agent': '#211A62', 'flight_date': '#9E6BF5', 'agent_address': '#EA2F37', 'freight_collect_or_prepaid': '#5521FB', 'flight_details': '#C0C659', 'notify_party_address': '#8693AF', 'shipper_name': '#F77943', 'signed_by_carrier': '#0A7FDD', 'stamped_onboard_date': '#1A3B27', 'awb_original_number': '#4E71BF', 'flight_no': '#468018', 'freight_collected_at': '#913AAB', 'amount_insurance': '#CCF071', 'house_awb_bill_no': '#3E1A6D', 'master_awb_bill_no': '#94F409', 'airport_of_departure': '#A39688', 'invoice_date': '#6E15D9', 'good_marks': '#0FF02F', 'place_of_receipt': '#FD103A', 'agent_name': '#6F6E4F', 'signed_by_master': '#DDC7F5', 'airport_of_destination': '#FD6107', 'master_name': '#A678A7', 'notify_party_name': '#540FCD'}
2024-03-14 01:37:02,352 is result_set is instance of dict? True
2024-03-14 01:37:02,354 is final_result_set is instance of dict? True
2024-03-14 01:37:02,674 Time taken for page 1 of Bill_Of_Landing_357_page_0.png:0:00:02.549919
2024-03-14 01:37:02,815 *****Generated All Pages****** for Bill_Of_Landing_357_page_0.png
2024-03-14 01:37:02,815 RAM memory 85.1 used for Bill_Of_Landing_357_page_0.png Generating All Pages:
2024-03-14 01:37:02,815 Processing time taken for all pages of Bill_Of_Landing_357_page_0.png1:0:00:02.691372
2024-03-14 01:37:02,927 file name is:Bill_Of_Landing_816_page_0.png
2024-03-14 01:37:02,928 folder path :Images
2024-03-14 01:37:02,928 Calling Image result
2024-03-14 01:37:02,928 is all_page_result is instance of dict? True
2024-03-14 01:37:02,928 STREAM b'IHDR' 16 13
2024-03-14 01:37:02,928 STREAM b'IDAT' 41 55012
2024-03-14 01:37:02,959 is words is instance of list? True
2024-03-14 01:37:02,959 is bboxes is instance of list? True
2024-03-14 01:37:02,959 is bounding_boxes is instance of list? True
2024-03-14 01:37:03,161 is input_id_chunks is instance of list? True
2024-03-14 01:37:03,161 is mask_chunks is instance of list? True
2024-03-14 01:37:03,161 is bbox_chunks is instance of list? True
2024-03-14 01:37:03,161 is image_chunks is instance of list? True
2024-03-14 01:37:03,161 is input_dict is instance of dict? True
2024-03-14 01:37:04,956 Model Called
2024-03-14 01:37:04,957 RAM memory 85.2 used for Bill_Of_Landing_816_page_0.png:
2024-03-14 01:37:04,957 is all_predictions is instance of list? True
2024-03-14 01:37:04,957 is all_boxes is instance of list? True
2024-03-14 01:37:04,957 is all_confidences is instance of list? True
2024-03-14 01:37:04,957 is all_text is instance of list? True
2024-03-14 01:37:04,957 is label2id is instance of dict? True
2024-03-14 01:37:04,957 is id2label is instance of dict? True
2024-03-14 01:37:04,958 is label2color is instance of dict? True
2024-03-14 01:37:04,958 label2color : {'lc_date': '#2DDE11', 'stamp': '#ED2228', 'transaction_date': '#5CCF1D', 'carriage_condition': '#F6505E', 'carrier_address': '#5370B6', 'gross_weight': '#CDA8D7', 'goods_description': '#44C2BC', 'gross_quantity': '#38CF15', 'consignee_address': '#3C820C', 'signature': '#F11E46', 'awb_original_or_copy': '#C371E5', 'declared_value_of_custom': '#36B227', 'carrier_name': '#D91560', 'at_place': '#F7BFB0', 'shipment_date': '#23E9C5', 'shipper_address': '#B01CE4', 'net_weight': '#921A1D', 'consignee_name': '#2741C6', 'invoice_number': '#C07115', 'awb_bill_no': '#B4DCCD', 'dimension': '#B358F8', 'O': '#39F861', 'declared_value_of_carriage': '#82FCED', 'final_destination': '#26D445', 'awb_bill_issue_date': '#2068D8', 'lc_no': '#FF239C', 'signed_by_agent': '#80A0C7', 'flight_date': '#547AAC', 'agent_address': '#D04AA9', 'freight_collect_or_prepaid': '#AF09F2', 'flight_details': '#457A99', 'notify_party_address': '#F1284B', 'shipper_name': '#DA60BF', 'signed_by_carrier': '#8101E5', 'stamped_onboard_date': '#CB1576', 'awb_original_number': '#DFDB6C', 'flight_no': '#D71ACB', 'freight_collected_at': '#668FA7', 'amount_insurance': '#830BEA', 'house_awb_bill_no': '#E3A612', 'master_awb_bill_no': '#FE10B7', 'airport_of_departure': '#6A70B7', 'invoice_date': '#4F565B', 'good_marks': '#A0D09B', 'place_of_receipt': '#B93FE1', 'agent_name': '#D40F67', 'signed_by_master': '#D381A2', 'airport_of_destination': '#5151EB', 'master_name': '#309F9E', 'notify_party_name': '#087796'}
2024-03-14 01:37:05,154 is result_set is instance of dict? True
2024-03-14 01:37:05,155 is final_result_set is instance of dict? True
2024-03-14 01:37:05,388 Time taken for page 1 of Bill_Of_Landing_816_page_0.png:0:00:02.459643
2024-03-14 01:37:05,511 *****Generated All Pages****** for Bill_Of_Landing_816_page_0.png
2024-03-14 01:37:05,511 RAM memory 85.4 used for Bill_Of_Landing_816_page_0.png Generating All Pages:
2024-03-14 01:37:05,512 Processing time taken for all pages of Bill_Of_Landing_816_page_0.png1:0:00:02.583756
2024-03-14 01:37:05,626 file name is:Bill_Of_Landing_562_page_5.png
2024-03-14 01:37:05,627 folder path :Images
2024-03-14 01:37:05,627 Calling Image result
2024-03-14 01:37:05,627 is all_page_result is instance of dict? True
2024-03-14 01:37:05,627 STREAM b'IHDR' 16 13
2024-03-14 01:37:05,627 STREAM b'IDAT' 41 63729
2024-03-14 01:37:05,656 is words is instance of list? True
2024-03-14 01:37:05,656 is bboxes is instance of list? True
2024-03-14 01:37:05,656 is bounding_boxes is instance of list? True
2024-03-14 01:37:05,859 is input_id_chunks is instance of list? True
2024-03-14 01:37:05,859 is mask_chunks is instance of list? True
2024-03-14 01:37:05,859 is bbox_chunks is instance of list? True
2024-03-14 01:37:05,859 is image_chunks is instance of list? True
2024-03-14 01:37:05,860 is input_dict is instance of dict? True
2024-03-14 01:37:07,619 Model Called
2024-03-14 01:37:07,619 RAM memory 85.0 used for Bill_Of_Landing_562_page_5.png:
2024-03-14 01:37:07,619 is all_predictions is instance of list? True
2024-03-14 01:37:07,619 is all_boxes is instance of list? True
2024-03-14 01:37:07,619 is all_confidences is instance of list? True
2024-03-14 01:37:07,619 is all_text is instance of list? True
2024-03-14 01:37:07,620 is label2id is instance of dict? True
2024-03-14 01:37:07,620 is id2label is instance of dict? True
2024-03-14 01:37:07,620 is label2color is instance of dict? True
2024-03-14 01:37:07,621 label2color : {'lc_date': '#921934', 'stamp': '#35EFF1', 'transaction_date': '#D5014C', 'carriage_condition': '#6D5006', 'carrier_address': '#FBCE7B', 'gross_weight': '#860B78', 'goods_description': '#F80752', 'gross_quantity': '#9613B9', 'consignee_address': '#46AA8F', 'signature': '#B0A171', 'awb_original_or_copy': '#0D83DC', 'declared_value_of_custom': '#C0C44B', 'carrier_name': '#A4AAA7', 'at_place': '#5083B0', 'shipment_date': '#D01E8E', 'shipper_address': '#A4F363', 'net_weight': '#DE0F7C', 'consignee_name': '#B60254', 'invoice_number': '#5B668F', 'awb_bill_no': '#093D38', 'dimension': '#A20E2D', 'O': '#0D71DF', 'declared_value_of_carriage': '#897EC2', 'final_destination': '#DA757A', 'awb_bill_issue_date': '#140226', 'lc_no': '#274090', 'signed_by_agent': '#2199C1', 'flight_date': '#CA1B97', 'agent_address': '#F3651B', 'freight_collect_or_prepaid': '#9B9E2B', 'flight_details': '#492ED1', 'notify_party_address': '#4F9C61', 'shipper_name': '#9CD54C', 'signed_by_carrier': '#4B9B7C', 'stamped_onboard_date': '#C94DF2', 'awb_original_number': '#F2476B', 'flight_no': '#EB6DF7', 'freight_collected_at': '#C9D38B', 'amount_insurance': '#2D0763', 'house_awb_bill_no': '#B2456A', 'master_awb_bill_no': '#9ED70B', 'airport_of_departure': '#2DCF6C', 'invoice_date': '#B7D54E', 'good_marks': '#974D0C', 'place_of_receipt': '#C9ED41', 'agent_name': '#E585A0', 'signed_by_master': '#4BE24D', 'airport_of_destination': '#89E070', 'master_name': '#8F5140', 'notify_party_name': '#874F8E'}
2024-03-14 01:37:07,814 is result_set is instance of dict? True
2024-03-14 01:37:07,815 is final_result_set is instance of dict? True
2024-03-14 01:37:08,132 Time taken for page 1 of Bill_Of_Landing_562_page_5.png:0:00:02.504557
2024-03-14 01:37:08,270 *****Generated All Pages****** for Bill_Of_Landing_562_page_5.png
2024-03-14 01:37:08,270 RAM memory 85.2 used for Bill_Of_Landing_562_page_5.png Generating All Pages:
2024-03-14 01:37:08,270 Processing time taken for all pages of Bill_Of_Landing_562_page_5.png1:0:00:02.643173
2024-03-14 01:37:08,385 file name is:Bill_Of_Landing_486_page_1.png
2024-03-14 01:37:08,385 folder path :Images
2024-03-14 01:37:08,386 Calling Image result
2024-03-14 01:37:08,386 is all_page_result is instance of dict? True
2024-03-14 01:37:08,396 STREAM b'IHDR' 16 13
2024-03-14 01:37:08,396 STREAM b'IDAT' 41 65536
2024-03-14 01:37:08,424 is words is instance of list? True
2024-03-14 01:37:08,424 is bboxes is instance of list? True
2024-03-14 01:37:08,424 is bounding_boxes is instance of list? True
2024-03-14 01:37:08,645 is input_id_chunks is instance of list? True
2024-03-14 01:37:08,645 is mask_chunks is instance of list? True
2024-03-14 01:37:08,645 is bbox_chunks is instance of list? True
2024-03-14 01:37:08,645 is image_chunks is instance of list? True
2024-03-14 01:37:08,645 is input_dict is instance of dict? True
2024-03-14 01:37:11,378 Model Called
2024-03-14 01:37:11,378 RAM memory 92.1 used for Bill_Of_Landing_486_page_1.png:
2024-03-14 01:37:11,378 is all_predictions is instance of list? True
2024-03-14 01:37:11,378 is all_boxes is instance of list? True
2024-03-14 01:37:11,378 is all_confidences is instance of list? True
2024-03-14 01:37:11,378 is all_text is instance of list? True
2024-03-14 01:37:11,378 is label2id is instance of dict? True
2024-03-14 01:37:11,378 is id2label is instance of dict? True
2024-03-14 01:37:11,379 is label2color is instance of dict? True
2024-03-14 01:37:11,379 label2color : {'lc_date': '#7E2BBC', 'stamp': '#27E198', 'transaction_date': '#AADBD1', 'carriage_condition': '#DF1D99', 'carrier_address': '#47710C', 'gross_weight': '#0BC507', 'goods_description': '#D1D365', 'gross_quantity': '#701F46', 'consignee_address': '#1905C6', 'signature': '#54B761', 'awb_original_or_copy': '#2A632D', 'declared_value_of_custom': '#BFAE1F', 'carrier_name': '#78A844', 'at_place': '#AD7CC7', 'shipment_date': '#AACFA2', 'shipper_address': '#70EEBB', 'net_weight': '#984978', 'consignee_name': '#8F657A', 'invoice_number': '#FC0FC9', 'awb_bill_no': '#521198', 'dimension': '#134E2E', 'O': '#77B8AD', 'declared_value_of_carriage': '#113602', 'final_destination': '#DB3DB4', 'awb_bill_issue_date': '#1DB0E0', 'lc_no': '#5551AC', 'signed_by_agent': '#7D3CFF', 'flight_date': '#653B58', 'agent_address': '#3D1310', 'freight_collect_or_prepaid': '#EE106E', 'flight_details': '#A48993', 'notify_party_address': '#147EB5', 'shipper_name': '#17210D', 'signed_by_carrier': '#A9B9F5', 'stamped_onboard_date': '#A204AD', 'awb_original_number': '#709676', 'flight_no': '#3AC86B', 'freight_collected_at': '#CCA88B', 'amount_insurance': '#177792', 'house_awb_bill_no': '#5A9A3F', 'master_awb_bill_no': '#7A674F', 'airport_of_departure': '#CCF174', 'invoice_date': '#0164B0', 'good_marks': '#7023B8', 'place_of_receipt': '#F9010D', 'agent_name': '#598BED', 'signed_by_master': '#3246CB', 'airport_of_destination': '#360757', 'master_name': '#9D727B', 'notify_party_name': '#4EF96A'}
2024-03-14 01:37:11,634 is result_set is instance of dict? True
2024-03-14 01:37:11,636 is final_result_set is instance of dict? True
2024-03-14 01:37:12,048 Time taken for page 1 of Bill_Of_Landing_486_page_1.png:0:00:03.652169
2024-03-14 01:37:12,188 *****Generated All Pages****** for Bill_Of_Landing_486_page_1.png
2024-03-14 01:37:12,188 RAM memory 92.5 used for Bill_Of_Landing_486_page_1.png Generating All Pages:
2024-03-14 01:37:12,188 Processing time taken for all pages of Bill_Of_Landing_486_page_1.png1:0:00:03.802816
2024-03-14 01:37:12,320 file name is:Bill_Of_Landing_578_page_1.png
2024-03-14 01:37:12,320 folder path :Images
2024-03-14 01:37:12,320 Calling Image result
2024-03-14 01:37:12,320 is all_page_result is instance of dict? True
2024-03-14 01:37:12,321 STREAM b'IHDR' 16 13
2024-03-14 01:37:12,321 STREAM b'IDAT' 41 60137
2024-03-14 01:37:12,350 is words is instance of list? True
2024-03-14 01:37:12,350 is bboxes is instance of list? True
2024-03-14 01:37:12,350 is bounding_boxes is instance of list? True
2024-03-14 01:37:12,554 is input_id_chunks is instance of list? True
2024-03-14 01:37:12,554 is mask_chunks is instance of list? True
2024-03-14 01:37:12,554 is bbox_chunks is instance of list? True
2024-03-14 01:37:12,554 is image_chunks is instance of list? True
2024-03-14 01:37:12,554 is input_dict is instance of dict? True
2024-03-14 01:37:14,376 Model Called
2024-03-14 01:37:14,376 RAM memory 88.2 used for Bill_Of_Landing_578_page_1.png:
2024-03-14 01:37:14,376 is all_predictions is instance of list? True
2024-03-14 01:37:14,377 is all_boxes is instance of list? True
2024-03-14 01:37:14,377 is all_confidences is instance of list? True
2024-03-14 01:37:14,377 is all_text is instance of list? True
2024-03-14 01:37:14,377 is label2id is instance of dict? True
2024-03-14 01:37:14,377 is id2label is instance of dict? True
2024-03-14 01:37:14,378 is label2color is instance of dict? True
2024-03-14 01:37:14,378 label2color : {'lc_date': '#20DE1E', 'stamp': '#600DA2', 'transaction_date': '#3D5B43', 'carriage_condition': '#CA90F2', 'carrier_address': '#A0E818', 'gross_weight': '#7B18A4', 'goods_description': '#D0CB25', 'gross_quantity': '#3BB6B0', 'consignee_address': '#A5C83E', 'signature': '#51512D', 'awb_original_or_copy': '#01CC81', 'declared_value_of_custom': '#85E20F', 'carrier_name': '#9ECBD9', 'at_place': '#02681A', 'shipment_date': '#3709BC', 'shipper_address': '#B2B823', 'net_weight': '#5ED108', 'consignee_name': '#84380D', 'invoice_number': '#314748', 'awb_bill_no': '#F0D8A6', 'dimension': '#D6C845', 'O': '#5898C6', 'declared_value_of_carriage': '#9D1508', 'final_destination': '#B208FF', 'awb_bill_issue_date': '#5C537C', 'lc_no': '#CA1258', 'signed_by_agent': '#BD31D3', 'flight_date': '#F0823F', 'agent_address': '#5D74F3', 'freight_collect_or_prepaid': '#18C20D', 'flight_details': '#B30299', 'notify_party_address': '#C45322', 'shipper_name': '#527F88', 'signed_by_carrier': '#ABC8E6', 'stamped_onboard_date': '#1EA05F', 'awb_original_number': '#D54425', 'flight_no': '#8BBAA9', 'freight_collected_at': '#0510E6', 'amount_insurance': '#B77B9F', 'house_awb_bill_no': '#71F04E', 'master_awb_bill_no': '#D21E7B', 'airport_of_departure': '#3C7066', 'invoice_date': '#5C5EA2', 'good_marks': '#527630', 'place_of_receipt': '#F92AC8', 'agent_name': '#4119D3', 'signed_by_master': '#CAFB35', 'airport_of_destination': '#F4724A', 'master_name': '#5FB78B', 'notify_party_name': '#0FB530'}
2024-03-14 01:37:14,572 is result_set is instance of dict? True
2024-03-14 01:37:14,573 is final_result_set is instance of dict? True
2024-03-14 01:37:14,932 Time taken for page 1 of Bill_Of_Landing_578_page_1.png:0:00:02.610951
2024-03-14 01:37:15,064 *****Generated All Pages****** for Bill_Of_Landing_578_page_1.png
2024-03-14 01:37:15,064 RAM memory 87.8 used for Bill_Of_Landing_578_page_1.png Generating All Pages:
2024-03-14 01:37:15,064 Processing time taken for all pages of Bill_Of_Landing_578_page_1.png1:0:00:02.743920
2024-03-14 01:37:15,193 file name is:Bill_Of_Landing_562_page_23.png
2024-03-14 01:37:15,193 folder path :Images
2024-03-14 01:37:15,193 Calling Image result
2024-03-14 01:37:15,193 is all_page_result is instance of dict? True
2024-03-14 01:37:15,194 STREAM b'IHDR' 16 13
2024-03-14 01:37:15,194 STREAM b'IDAT' 41 65536
2024-03-14 01:37:15,227 is words is instance of list? True
2024-03-14 01:37:15,227 is bboxes is instance of list? True
2024-03-14 01:37:15,227 is bounding_boxes is instance of list? True
2024-03-14 01:37:15,445 is input_id_chunks is instance of list? True
2024-03-14 01:37:15,445 is mask_chunks is instance of list? True
2024-03-14 01:37:15,446 is bbox_chunks is instance of list? True
2024-03-14 01:37:15,446 is image_chunks is instance of list? True
2024-03-14 01:37:15,446 is input_dict is instance of dict? True
2024-03-14 01:37:17,551 Model Called
2024-03-14 01:37:17,551 RAM memory 86.2 used for Bill_Of_Landing_562_page_23.png:
2024-03-14 01:37:17,551 is all_predictions is instance of list? True
2024-03-14 01:37:17,551 is all_boxes is instance of list? True
2024-03-14 01:37:17,551 is all_confidences is instance of list? True
2024-03-14 01:37:17,551 is all_text is instance of list? True
2024-03-14 01:37:17,552 is label2id is instance of dict? True
2024-03-14 01:37:17,552 is id2label is instance of dict? True
2024-03-14 01:37:17,552 is label2color is instance of dict? True
2024-03-14 01:37:17,552 label2color : {'lc_date': '#AC396C', 'stamp': '#DA46F8', 'transaction_date': '#F873B8', 'carriage_condition': '#D060F5', 'carrier_address': '#1282C4', 'gross_weight': '#0F41FB', 'goods_description': '#4985A8', 'gross_quantity': '#7CEAF8', 'consignee_address': '#C6664B', 'signature': '#D35D79', 'awb_original_or_copy': '#32AE18', 'declared_value_of_custom': '#803617', 'carrier_name': '#DEE4E9', 'at_place': '#DD5F5B', 'shipment_date': '#241D07', 'shipper_address': '#EEE947', 'net_weight': '#A149F2', 'consignee_name': '#D17709', 'invoice_number': '#9A3621', 'awb_bill_no': '#9094C8', 'dimension': '#8DBBD9', 'O': '#84B257', 'declared_value_of_carriage': '#0B1EA8', 'final_destination': '#D5A0A0', 'awb_bill_issue_date': '#1BB0B9', 'lc_no': '#F96B38', 'signed_by_agent': '#951BA9', 'flight_date': '#6E6919', 'agent_address': '#80A0B8', 'freight_collect_or_prepaid': '#8B6061', 'flight_details': '#A13DC0', 'notify_party_address': '#EC8C04', 'shipper_name': '#57DA97', 'signed_by_carrier': '#F26466', 'stamped_onboard_date': '#C5C675', 'awb_original_number': '#3DE261', 'flight_no': '#E08832', 'freight_collected_at': '#B6D072', 'amount_insurance': '#B09A83', 'house_awb_bill_no': '#E9D582', 'master_awb_bill_no': '#EC75AA', 'airport_of_departure': '#00AE1F', 'invoice_date': '#5E5363', 'good_marks': '#EB1FD0', 'place_of_receipt': '#7DF03E', 'agent_name': '#ABCD1D', 'signed_by_master': '#B1D6BA', 'airport_of_destination': '#46EBBD', 'master_name': '#1E86AD', 'notify_party_name': '#98C638'}
2024-03-14 01:37:17,755 is result_set is instance of dict? True
2024-03-14 01:37:17,757 is final_result_set is instance of dict? True
2024-03-14 01:37:18,074 Time taken for page 1 of Bill_Of_Landing_562_page_23.png:0:00:02.880032
2024-03-14 01:37:18,209 *****Generated All Pages****** for Bill_Of_Landing_562_page_23.png
2024-03-14 01:37:18,209 RAM memory 86.2 used for Bill_Of_Landing_562_page_23.png Generating All Pages:
2024-03-14 01:37:18,209 Processing time taken for all pages of Bill_Of_Landing_562_page_23.png1:0:00:03.016617
2024-03-14 01:37:18,334 file name is:Bill_Of_Landing_511_page_5.png
2024-03-14 01:37:18,334 folder path :Images
2024-03-14 01:37:18,334 Calling Image result
2024-03-14 01:37:18,334 is all_page_result is instance of dict? True
2024-03-14 01:37:18,335 STREAM b'IHDR' 16 13
2024-03-14 01:37:18,335 STREAM b'IDAT' 41 65536
2024-03-14 01:37:18,365 is words is instance of list? True
2024-03-14 01:37:18,365 is bboxes is instance of list? True
2024-03-14 01:37:18,365 is bounding_boxes is instance of list? True
2024-03-14 01:37:18,574 is input_id_chunks is instance of list? True
2024-03-14 01:37:18,574 is mask_chunks is instance of list? True
2024-03-14 01:37:18,574 is bbox_chunks is instance of list? True
2024-03-14 01:37:18,574 is image_chunks is instance of list? True
2024-03-14 01:37:18,574 is input_dict is instance of dict? True
2024-03-14 01:37:20,353 Model Called
2024-03-14 01:37:20,353 RAM memory 85.7 used for Bill_Of_Landing_511_page_5.png:
2024-03-14 01:37:20,353 is all_predictions is instance of list? True
2024-03-14 01:37:20,353 is all_boxes is instance of list? True
2024-03-14 01:37:20,353 is all_confidences is instance of list? True
2024-03-14 01:37:20,353 is all_text is instance of list? True
2024-03-14 01:37:20,354 is label2id is instance of dict? True
2024-03-14 01:37:20,354 is id2label is instance of dict? True
2024-03-14 01:37:20,354 is label2color is instance of dict? True
2024-03-14 01:37:20,355 label2color : {'lc_date': '#AF6C31', 'stamp': '#438430', 'transaction_date': '#93BD84', 'carriage_condition': '#2B1CF9', 'carrier_address': '#43D54F', 'gross_weight': '#28E594', 'goods_description': '#8C2774', 'gross_quantity': '#44C553', 'consignee_address': '#AB0AAE', 'signature': '#2B0D62', 'awb_original_or_copy': '#829C3A', 'declared_value_of_custom': '#2CF082', 'carrier_name': '#6037C1', 'at_place': '#B597B4', 'shipment_date': '#617FF6', 'shipper_address': '#3C4B48', 'net_weight': '#E93E4A', 'consignee_name': '#3E709D', 'invoice_number': '#5E733F', 'awb_bill_no': '#69B964', 'dimension': '#CE2E34', 'O': '#AF7AFD', 'declared_value_of_carriage': '#D5A758', 'final_destination': '#A2B5BC', 'awb_bill_issue_date': '#8AEEE4', 'lc_no': '#2CE571', 'signed_by_agent': '#AE0EA6', 'flight_date': '#C71207', 'agent_address': '#745447', 'freight_collect_or_prepaid': '#3E8CE6', 'flight_details': '#3EF852', 'notify_party_address': '#DF89DD', 'shipper_name': '#60B94C', 'signed_by_carrier': '#53A8E3', 'stamped_onboard_date': '#268E2B', 'awb_original_number': '#C6FF06', 'flight_no': '#453CB1', 'freight_collected_at': '#CDB720', 'amount_insurance': '#0E51AD', 'house_awb_bill_no': '#D6C11C', 'master_awb_bill_no': '#7AA811', 'airport_of_departure': '#BB003C', 'invoice_date': '#304E39', 'good_marks': '#8409BF', 'place_of_receipt': '#77F6E4', 'agent_name': '#D7D35A', 'signed_by_master': '#F90D44', 'airport_of_destination': '#1CD774', 'master_name': '#C364EE', 'notify_party_name': '#99F282'}
2024-03-14 01:37:20,554 is result_set is instance of dict? True
2024-03-14 01:37:20,556 is final_result_set is instance of dict? True
2024-03-14 01:37:21,022 Time taken for page 1 of Bill_Of_Landing_511_page_5.png:0:00:02.687548
2024-03-14 01:37:21,173 *****Generated All Pages****** for Bill_Of_Landing_511_page_5.png
2024-03-14 01:37:21,173 RAM memory 86.0 used for Bill_Of_Landing_511_page_5.png Generating All Pages:
2024-03-14 01:37:21,173 Processing time taken for all pages of Bill_Of_Landing_511_page_5.png1:0:00:02.839130
2024-03-14 01:37:21,326 file name is:Bill_Of_Landing_609_page_0.png
2024-03-14 01:37:21,326 folder path :Images
2024-03-14 01:37:21,326 Calling Image result
2024-03-14 01:37:21,326 is all_page_result is instance of dict? True
2024-03-14 01:37:21,327 STREAM b'IHDR' 16 13
2024-03-14 01:37:21,327 STREAM b'IDAT' 41 65536
2024-03-14 01:37:21,356 is words is instance of list? True
2024-03-14 01:37:21,356 is bboxes is instance of list? True
2024-03-14 01:37:21,356 is bounding_boxes is instance of list? True
2024-03-14 01:37:21,557 is input_id_chunks is instance of list? True
2024-03-14 01:37:21,557 is mask_chunks is instance of list? True
2024-03-14 01:37:21,557 is bbox_chunks is instance of list? True
2024-03-14 01:37:21,557 is image_chunks is instance of list? True
2024-03-14 01:37:21,558 is input_dict is instance of dict? True
2024-03-14 01:37:24,308 Model Called
2024-03-14 01:37:24,309 RAM memory 90.8 used for Bill_Of_Landing_609_page_0.png:
2024-03-14 01:37:24,309 is all_predictions is instance of list? True
2024-03-14 01:37:24,309 is all_boxes is instance of list? True
2024-03-14 01:37:24,309 is all_confidences is instance of list? True
2024-03-14 01:37:24,309 is all_text is instance of list? True
2024-03-14 01:37:24,309 is label2id is instance of dict? True
2024-03-14 01:37:24,309 is id2label is instance of dict? True
2024-03-14 01:37:24,310 is label2color is instance of dict? True
2024-03-14 01:37:24,310 label2color : {'lc_date': '#E8F7D5', 'stamp': '#041DA0', 'transaction_date': '#D0451B', 'carriage_condition': '#6D62D2', 'carrier_address': '#B877AD', 'gross_weight': '#F3B9BE', 'goods_description': '#0264C9', 'gross_quantity': '#AE217C', 'consignee_address': '#8B810C', 'signature': '#65F36B', 'awb_original_or_copy': '#6047EB', 'declared_value_of_custom': '#38357F', 'carrier_name': '#35465A', 'at_place': '#9F6B33', 'shipment_date': '#BA36E0', 'shipper_address': '#D31FC9', 'net_weight': '#C3F798', 'consignee_name': '#F407E7', 'invoice_number': '#2884E7', 'awb_bill_no': '#6B0A64', 'dimension': '#27F22F', 'O': '#F3AA19', 'declared_value_of_carriage': '#1A210E', 'final_destination': '#E72571', 'awb_bill_issue_date': '#0B9E3E', 'lc_no': '#C44748', 'signed_by_agent': '#28D36A', 'flight_date': '#76BBAC', 'agent_address': '#EA63ED', 'freight_collect_or_prepaid': '#7FDA86', 'flight_details': '#900521', 'notify_party_address': '#ED7A16', 'shipper_name': '#5C6462', 'signed_by_carrier': '#BF530C', 'stamped_onboard_date': '#B4C595', 'awb_original_number': '#71C5D1', 'flight_no': '#F0E465', 'freight_collected_at': '#F0BB1B', 'amount_insurance': '#78773A', 'house_awb_bill_no': '#FDDEFD', 'master_awb_bill_no': '#7815A0', 'airport_of_departure': '#BBD837', 'invoice_date': '#690028', 'good_marks': '#98A0FA', 'place_of_receipt': '#46EC77', 'agent_name': '#050CAD', 'signed_by_master': '#832D92', 'airport_of_destination': '#AA54A2', 'master_name': '#FFD814', 'notify_party_name': '#FA9D78'}
2024-03-14 01:37:24,559 is result_set is instance of dict? True
2024-03-14 01:37:24,561 is final_result_set is instance of dict? True
2024-03-14 01:37:25,038 Time taken for page 1 of Bill_Of_Landing_609_page_0.png:0:00:03.711532
2024-03-14 01:37:25,177 *****Generated All Pages****** for Bill_Of_Landing_609_page_0.png
2024-03-14 01:37:25,177 RAM memory 91.1 used for Bill_Of_Landing_609_page_0.png Generating All Pages:
2024-03-14 01:37:25,178 Processing time taken for all pages of Bill_Of_Landing_609_page_0.png1:0:00:03.851322
2024-03-14 01:37:25,340 file name is:Bill_Of_Landing_562_page_3.png
2024-03-14 01:37:25,340 folder path :Images
2024-03-14 01:37:25,341 Calling Image result
2024-03-14 01:37:25,341 is all_page_result is instance of dict? True
2024-03-14 01:37:25,351 STREAM b'IHDR' 16 13
2024-03-14 01:37:25,351 STREAM b'IDAT' 41 59926
2024-03-14 01:37:25,382 is words is instance of list? True
2024-03-14 01:37:25,382 is bboxes is instance of list? True
2024-03-14 01:37:25,382 is bounding_boxes is instance of list? True
2024-03-14 01:37:25,585 is input_id_chunks is instance of list? True
2024-03-14 01:37:25,585 is mask_chunks is instance of list? True
2024-03-14 01:37:25,585 is bbox_chunks is instance of list? True
2024-03-14 01:37:25,585 is image_chunks is instance of list? True
2024-03-14 01:37:25,586 is input_dict is instance of dict? True
2024-03-14 01:37:27,456 Model Called
2024-03-14 01:37:27,456 RAM memory 85.3 used for Bill_Of_Landing_562_page_3.png:
2024-03-14 01:37:27,456 is all_predictions is instance of list? True
2024-03-14 01:37:27,456 is all_boxes is instance of list? True
2024-03-14 01:37:27,456 is all_confidences is instance of list? True
2024-03-14 01:37:27,456 is all_text is instance of list? True
2024-03-14 01:37:27,457 is label2id is instance of dict? True
2024-03-14 01:37:27,457 is id2label is instance of dict? True
2024-03-14 01:37:27,457 is label2color is instance of dict? True
2024-03-14 01:37:27,458 label2color : {'lc_date': '#14A26C', 'stamp': '#D5E64A', 'transaction_date': '#DCAE12', 'carriage_condition': '#680275', 'carrier_address': '#7D6565', 'gross_weight': '#C1DC92', 'goods_description': '#296845', 'gross_quantity': '#3A0920', 'consignee_address': '#B95463', 'signature': '#F88DCA', 'awb_original_or_copy': '#795B6B', 'declared_value_of_custom': '#AC863B', 'carrier_name': '#A24AAB', 'at_place': '#B3DFA7', 'shipment_date': '#18E7AD', 'shipper_address': '#D5F772', 'net_weight': '#915D91', 'consignee_name': '#AE8F8C', 'invoice_number': '#754DD2', 'awb_bill_no': '#64CB34', 'dimension': '#817889', 'O': '#9609E3', 'declared_value_of_carriage': '#50B30F', 'final_destination': '#009DD7', 'awb_bill_issue_date': '#0E2D7C', 'lc_no': '#0B8B83', 'signed_by_agent': '#060C5F', 'flight_date': '#D24E23', 'agent_address': '#6B0232', 'freight_collect_or_prepaid': '#D11C19', 'flight_details': '#4CE7DC', 'notify_party_address': '#D40181', 'shipper_name': '#3FD78B', 'signed_by_carrier': '#BE8339', 'stamped_onboard_date': '#9D2E95', 'awb_original_number': '#284B02', 'flight_no': '#23AE7A', 'freight_collected_at': '#DF1242', 'amount_insurance': '#15C155', 'house_awb_bill_no': '#746AF1', 'master_awb_bill_no': '#B44260', 'airport_of_departure': '#500099', 'invoice_date': '#DD62C5', 'good_marks': '#423FC9', 'place_of_receipt': '#3B89AB', 'agent_name': '#1783B9', 'signed_by_master': '#F20E28', 'airport_of_destination': '#3D19C0', 'master_name': '#066EC6', 'notify_party_name': '#587341'}
2024-03-14 01:37:27,650 is result_set is instance of dict? True
2024-03-14 01:37:27,652 is final_result_set is instance of dict? True
2024-03-14 01:37:27,951 Time taken for page 1 of Bill_Of_Landing_562_page_3.png:0:00:02.599535
2024-03-14 01:37:28,081 *****Generated All Pages****** for Bill_Of_Landing_562_page_3.png
2024-03-14 01:37:28,081 RAM memory 85.4 used for Bill_Of_Landing_562_page_3.png Generating All Pages:
2024-03-14 01:37:28,081 Processing time taken for all pages of Bill_Of_Landing_562_page_3.png1:0:00:02.740593
2024-03-14 01:37:28,228 file name is:Bill_Of_Landing_815_page_1.png
2024-03-14 01:37:28,228 folder path :Images
2024-03-14 01:37:28,228 Calling Image result
2024-03-14 01:37:28,228 is all_page_result is instance of dict? True
2024-03-14 01:37:28,229 STREAM b'IHDR' 16 13
2024-03-14 01:37:28,229 STREAM b'IDAT' 41 65536
2024-03-14 01:37:28,324 is words is instance of list? True
2024-03-14 01:37:28,324 is bboxes is instance of list? True
2024-03-14 01:37:28,324 is bounding_boxes is instance of list? True
2024-03-14 01:37:29,514 is input_id_chunks is instance of list? True
2024-03-14 01:37:29,514 is mask_chunks is instance of list? True
2024-03-14 01:37:29,514 is bbox_chunks is instance of list? True
2024-03-14 01:37:29,514 is image_chunks is instance of list? True
2024-03-14 01:37:29,515 is input_dict is instance of dict? True
2024-03-14 01:37:31,319 Model Called
2024-03-14 01:37:31,319 RAM memory 86.4 used for Bill_Of_Landing_815_page_1.png:
2024-03-14 01:37:31,319 is all_predictions is instance of list? True
2024-03-14 01:37:31,319 is all_boxes is instance of list? True
2024-03-14 01:37:31,319 is all_confidences is instance of list? True
2024-03-14 01:37:31,320 is all_text is instance of list? True
2024-03-14 01:37:31,320 is label2id is instance of dict? True
2024-03-14 01:37:31,320 is id2label is instance of dict? True
2024-03-14 01:37:31,321 is label2color is instance of dict? True
2024-03-14 01:37:31,321 label2color : {'lc_date': '#0CCEBA', 'stamp': '#468631', 'transaction_date': '#F180B2', 'carriage_condition': '#C139C7', 'carrier_address': '#51B529', 'gross_weight': '#FF17CA', 'goods_description': '#A04638', 'gross_quantity': '#87B56C', 'consignee_address': '#514ADA', 'signature': '#006EB9', 'awb_original_or_copy': '#97FE3C', 'declared_value_of_custom': '#371814', 'carrier_name': '#286ADF', 'at_place': '#004396', 'shipment_date': '#D3A470', 'shipper_address': '#4DF39F', 'net_weight': '#3D075C', 'consignee_name': '#609121', 'invoice_number': '#EA23B9', 'awb_bill_no': '#608729', 'dimension': '#F92F48', 'O': '#E0D3C8', 'declared_value_of_carriage': '#E542F2', 'final_destination': '#771E21', 'awb_bill_issue_date': '#B8001B', 'lc_no': '#05DE34', 'signed_by_agent': '#23EF52', 'flight_date': '#D69E88', 'agent_address': '#628D1D', 'freight_collect_or_prepaid': '#2BEC8D', 'flight_details': '#1CD78B', 'notify_party_address': '#AB09B7', 'shipper_name': '#C6C3CE', 'signed_by_carrier': '#2BB244', 'stamped_onboard_date': '#4E15A5', 'awb_original_number': '#9FEFAA', 'flight_no': '#8DFF8D', 'freight_collected_at': '#1EA9E9', 'amount_insurance': '#D60D16', 'house_awb_bill_no': '#6F9352', 'master_awb_bill_no': '#B4114B', 'airport_of_departure': '#C25DED', 'invoice_date': '#ACEAA0', 'good_marks': '#002E40', 'place_of_receipt': '#0CFEAE', 'agent_name': '#8AB97C', 'signed_by_master': '#34C95B', 'airport_of_destination': '#9A3FF5', 'master_name': '#46CF52', 'notify_party_name': '#377C81'}
2024-03-14 01:37:32,102 is result_set is instance of dict? True
2024-03-14 01:37:32,104 is final_result_set is instance of dict? True
2024-03-14 01:37:32,447 Time taken for page 1 of Bill_Of_Landing_815_page_1.png:0:00:04.217622
2024-03-14 01:37:32,880 *****Generated All Pages****** for Bill_Of_Landing_815_page_1.png
2024-03-14 01:37:32,880 RAM memory 86.5 used for Bill_Of_Landing_815_page_1.png Generating All Pages:
2024-03-14 01:37:32,880 Processing time taken for all pages of Bill_Of_Landing_815_page_1.png1:0:00:04.652233
2024-03-14 01:37:33,020 file name is:Bill_Of_Landing_263_page_0.png
2024-03-14 01:37:33,020 folder path :Images
2024-03-14 01:37:33,020 Calling Image result
2024-03-14 01:37:33,020 is all_page_result is instance of dict? True
2024-03-14 01:37:33,030 STREAM b'IHDR' 16 13
2024-03-14 01:37:33,030 STREAM b'IDAT' 41 65536
2024-03-14 01:37:33,059 is words is instance of list? True
2024-03-14 01:37:33,059 is bboxes is instance of list? True
2024-03-14 01:37:33,059 is bounding_boxes is instance of list? True
2024-03-14 01:37:33,253 is input_id_chunks is instance of list? True
2024-03-14 01:37:33,253 is mask_chunks is instance of list? True
2024-03-14 01:37:33,253 is bbox_chunks is instance of list? True
2024-03-14 01:37:33,253 is image_chunks is instance of list? True
2024-03-14 01:37:33,254 is input_dict is instance of dict? True
2024-03-14 01:37:35,062 Model Called
2024-03-14 01:37:35,063 RAM memory 85.8 used for Bill_Of_Landing_263_page_0.png:
2024-03-14 01:37:35,063 is all_predictions is instance of list? True
2024-03-14 01:37:35,063 is all_boxes is instance of list? True
2024-03-14 01:37:35,063 is all_confidences is instance of list? True
2024-03-14 01:37:35,063 is all_text is instance of list? True
2024-03-14 01:37:35,063 is label2id is instance of dict? True
2024-03-14 01:37:35,063 is id2label is instance of dict? True
2024-03-14 01:37:35,064 is label2color is instance of dict? True
2024-03-14 01:37:35,064 label2color : {'lc_date': '#3D7FB7', 'stamp': '#85BD86', 'transaction_date': '#7BFF84', 'carriage_condition': '#F6E5BD', 'carrier_address': '#CE9D61', 'gross_weight': '#25AD5A', 'goods_description': '#6BDDB5', 'gross_quantity': '#06662F', 'consignee_address': '#5BB7EF', 'signature': '#D944EE', 'awb_original_or_copy': '#190B5C', 'declared_value_of_custom': '#C79280', 'carrier_name': '#B53725', 'at_place': '#193088', 'shipment_date': '#A03F82', 'shipper_address': '#781BAE', 'net_weight': '#6D308F', 'consignee_name': '#A3E36B', 'invoice_number': '#AF9DC0', 'awb_bill_no': '#67893C', 'dimension': '#5E00EA', 'O': '#8BF146', 'declared_value_of_carriage': '#BA70CD', 'final_destination': '#E31D46', 'awb_bill_issue_date': '#FD68D7', 'lc_no': '#D68564', 'signed_by_agent': '#D97E34', 'flight_date': '#33ED0B', 'agent_address': '#45EA58', 'freight_collect_or_prepaid': '#515D91', 'flight_details': '#8DBB6D', 'notify_party_address': '#60A071', 'shipper_name': '#1F7630', 'signed_by_carrier': '#47A3A6', 'stamped_onboard_date': '#EAE4EF', 'awb_original_number': '#65E4B6', 'flight_no': '#40A741', 'freight_collected_at': '#E846D0', 'amount_insurance': '#CC92C0', 'house_awb_bill_no': '#B7D920', 'master_awb_bill_no': '#DC8F70', 'airport_of_departure': '#437D9C', 'invoice_date': '#0D78AB', 'good_marks': '#D8D5A6', 'place_of_receipt': '#78EFFA', 'agent_name': '#C17F64', 'signed_by_master': '#BDC29D', 'airport_of_destination': '#1D38C9', 'master_name': '#65EB91', 'notify_party_name': '#553570'}
2024-03-14 01:37:35,253 is result_set is instance of dict? True
2024-03-14 01:37:35,254 is final_result_set is instance of dict? True
2024-03-14 01:37:35,640 Time taken for page 1 of Bill_Of_Landing_263_page_0.png:0:00:02.609435
2024-03-14 01:37:35,790 *****Generated All Pages****** for Bill_Of_Landing_263_page_0.png
2024-03-14 01:37:35,791 RAM memory 86.0 used for Bill_Of_Landing_263_page_0.png Generating All Pages:
2024-03-14 01:37:35,791 Processing time taken for all pages of Bill_Of_Landing_263_page_0.png1:0:00:02.770917
2024-03-14 01:37:35,922 file name is:Bill_Of_Landing_456_page_0.png
2024-03-14 01:37:35,922 folder path :Images
2024-03-14 01:37:35,922 Calling Image result
2024-03-14 01:37:35,922 is all_page_result is instance of dict? True
2024-03-14 01:37:35,923 STREAM b'IHDR' 16 13
2024-03-14 01:37:35,923 STREAM b'IDAT' 41 65536
2024-03-14 01:37:35,951 is words is instance of list? True
2024-03-14 01:37:35,951 is bboxes is instance of list? True
2024-03-14 01:37:35,951 is bounding_boxes is instance of list? True
2024-03-14 01:37:36,160 is input_id_chunks is instance of list? True
2024-03-14 01:37:36,161 is mask_chunks is instance of list? True
2024-03-14 01:37:36,161 is bbox_chunks is instance of list? True
2024-03-14 01:37:36,161 is image_chunks is instance of list? True
2024-03-14 01:37:36,161 is input_dict is instance of dict? True
2024-03-14 01:37:37,958 Model Called
2024-03-14 01:37:37,959 RAM memory 85.9 used for Bill_Of_Landing_456_page_0.png:
2024-03-14 01:37:37,959 is all_predictions is instance of list? True
2024-03-14 01:37:37,959 is all_boxes is instance of list? True
2024-03-14 01:37:37,959 is all_confidences is instance of list? True
2024-03-14 01:37:37,959 is all_text is instance of list? True
2024-03-14 01:37:37,959 is label2id is instance of dict? True
2024-03-14 01:37:37,959 is id2label is instance of dict? True
2024-03-14 01:37:37,961 is label2color is instance of dict? True
2024-03-14 01:37:37,961 label2color : {'lc_date': '#016AAD', 'stamp': '#EE0BCF', 'transaction_date': '#38AC26', 'carriage_condition': '#69ACA3', 'carrier_address': '#DA31D6', 'gross_weight': '#D02122', 'goods_description': '#F1F886', 'gross_quantity': '#E00266', 'consignee_address': '#9A416C', 'signature': '#D3495A', 'awb_original_or_copy': '#A5A845', 'declared_value_of_custom': '#2A3256', 'carrier_name': '#C5D3AB', 'at_place': '#7B84DC', 'shipment_date': '#FAA325', 'shipper_address': '#CB35C5', 'net_weight': '#BDF3CE', 'consignee_name': '#F499C0', 'invoice_number': '#E6F168', 'awb_bill_no': '#314680', 'dimension': '#1AAC32', 'O': '#07E50B', 'declared_value_of_carriage': '#6E8E4F', 'final_destination': '#2FC429', 'awb_bill_issue_date': '#623819', 'lc_no': '#3C8844', 'signed_by_agent': '#99EB2C', 'flight_date': '#E6C1F2', 'agent_address': '#513786', 'freight_collect_or_prepaid': '#9F1E17', 'flight_details': '#BA4D47', 'notify_party_address': '#8A2335', 'shipper_name': '#F67062', 'signed_by_carrier': '#E3A898', 'stamped_onboard_date': '#8FB75E', 'awb_original_number': '#B88886', 'flight_no': '#E8BCFD', 'freight_collected_at': '#DD1B47', 'amount_insurance': '#CAA31E', 'house_awb_bill_no': '#F97DED', 'master_awb_bill_no': '#161872', 'airport_of_departure': '#8A8277', 'invoice_date': '#4A090F', 'good_marks': '#35CC21', 'place_of_receipt': '#F4BC3A', 'agent_name': '#361955', 'signed_by_master': '#205C1F', 'airport_of_destination': '#A1B9AA', 'master_name': '#6B78E9', 'notify_party_name': '#F417B7'}
2024-03-14 01:37:38,168 is result_set is instance of dict? True
2024-03-14 01:37:38,169 is final_result_set is instance of dict? True
2024-03-14 01:37:38,495 Time taken for page 1 of Bill_Of_Landing_456_page_0.png:0:00:02.571449
2024-03-14 01:37:38,633 *****Generated All Pages****** for Bill_Of_Landing_456_page_0.png
2024-03-14 01:37:38,633 RAM memory 86.2 used for Bill_Of_Landing_456_page_0.png Generating All Pages:
2024-03-14 01:37:38,633 Processing time taken for all pages of Bill_Of_Landing_456_page_0.png1:0:00:02.710995
2024-03-14 01:37:38,779 file name is:Bill_Of_Landing_633_page_0.png
2024-03-14 01:37:38,779 folder path :Images
2024-03-14 01:37:38,779 Calling Image result
2024-03-14 01:37:38,779 is all_page_result is instance of dict? True
2024-03-14 01:37:38,779 STREAM b'IHDR' 16 13
2024-03-14 01:37:38,780 STREAM b'IDAT' 41 65536
2024-03-14 01:37:38,809 is words is instance of list? True
2024-03-14 01:37:38,809 is bboxes is instance of list? True
2024-03-14 01:37:38,809 is bounding_boxes is instance of list? True
2024-03-14 01:37:39,009 is input_id_chunks is instance of list? True
2024-03-14 01:37:39,009 is mask_chunks is instance of list? True
2024-03-14 01:37:39,010 is bbox_chunks is instance of list? True
2024-03-14 01:37:39,010 is image_chunks is instance of list? True
2024-03-14 01:37:39,010 is input_dict is instance of dict? True
2024-03-14 01:37:40,813 Model Called
2024-03-14 01:37:40,813 RAM memory 85.1 used for Bill_Of_Landing_633_page_0.png:
2024-03-14 01:37:40,813 is all_predictions is instance of list? True
2024-03-14 01:37:40,813 is all_boxes is instance of list? True
2024-03-14 01:37:40,814 is all_confidences is instance of list? True
2024-03-14 01:37:40,814 is all_text is instance of list? True
2024-03-14 01:37:40,814 is label2id is instance of dict? True
2024-03-14 01:37:40,814 is id2label is instance of dict? True
2024-03-14 01:37:40,815 is label2color is instance of dict? True
2024-03-14 01:37:40,815 label2color : {'lc_date': '#91455D', 'stamp': '#DE4079', 'transaction_date': '#462E54', 'carriage_condition': '#E9B00D', 'carrier_address': '#EED32F', 'gross_weight': '#31A79F', 'goods_description': '#90A15A', 'gross_quantity': '#7F8299', 'consignee_address': '#F273E5', 'signature': '#421A72', 'awb_original_or_copy': '#93D29A', 'declared_value_of_custom': '#B3AA83', 'carrier_name': '#E96346', 'at_place': '#3B5092', 'shipment_date': '#B51509', 'shipper_address': '#8D7384', 'net_weight': '#D4E4A9', 'consignee_name': '#F99902', 'invoice_number': '#33773E', 'awb_bill_no': '#81E03F', 'dimension': '#0C08C6', 'O': '#4F7FC0', 'declared_value_of_carriage': '#F3C9F9', 'final_destination': '#79C071', 'awb_bill_issue_date': '#85D171', 'lc_no': '#132FF2', 'signed_by_agent': '#1E5A8C', 'flight_date': '#602F56', 'agent_address': '#B2906D', 'freight_collect_or_prepaid': '#19015A', 'flight_details': '#5708B5', 'notify_party_address': '#84378B', 'shipper_name': '#0A8DE0', 'signed_by_carrier': '#F61A05', 'stamped_onboard_date': '#B0A468', 'awb_original_number': '#1E2BA0', 'flight_no': '#287002', 'freight_collected_at': '#28D7CC', 'amount_insurance': '#5D6213', 'house_awb_bill_no': '#500FEB', 'master_awb_bill_no': '#2893EE', 'airport_of_departure': '#AE12FD', 'invoice_date': '#EB424E', 'good_marks': '#C9A889', 'place_of_receipt': '#BE9722', 'agent_name': '#37EB68', 'signed_by_master': '#B72A54', 'airport_of_destination': '#FB50DA', 'master_name': '#55A28D', 'notify_party_name': '#46AFD8'}
2024-03-14 01:37:41,019 is result_set is instance of dict? True
2024-03-14 01:37:41,020 is final_result_set is instance of dict? True
2024-03-14 01:37:41,363 Time taken for page 1 of Bill_Of_Landing_633_page_0.png:0:00:02.583700
2024-03-14 01:37:41,507 *****Generated All Pages****** for Bill_Of_Landing_633_page_0.png
2024-03-14 01:37:41,507 RAM memory 85.1 used for Bill_Of_Landing_633_page_0.png Generating All Pages:
2024-03-14 01:37:41,507 Processing time taken for all pages of Bill_Of_Landing_633_page_0.png1:0:00:02.728309
2024-03-14 01:37:41,630 file name is:Bill_Of_Landing_511_page_2.png
2024-03-14 01:37:41,631 folder path :Images
2024-03-14 01:37:41,631 Calling Image result
2024-03-14 01:37:41,631 is all_page_result is instance of dict? True
2024-03-14 01:37:41,632 STREAM b'IHDR' 16 13
2024-03-14 01:37:41,632 STREAM b'IDAT' 41 65536
2024-03-14 01:37:41,662 is words is instance of list? True
2024-03-14 01:37:41,662 is bboxes is instance of list? True
2024-03-14 01:37:41,662 is bounding_boxes is instance of list? True
2024-03-14 01:37:41,882 is input_id_chunks is instance of list? True
2024-03-14 01:37:41,882 is mask_chunks is instance of list? True
2024-03-14 01:37:41,882 is bbox_chunks is instance of list? True
2024-03-14 01:37:41,882 is image_chunks is instance of list? True
2024-03-14 01:37:41,883 is input_dict is instance of dict? True
2024-03-14 01:37:43,701 Model Called
2024-03-14 01:37:43,701 RAM memory 84.8 used for Bill_Of_Landing_511_page_2.png:
2024-03-14 01:37:43,711 is all_predictions is instance of list? True
2024-03-14 01:37:43,711 is all_boxes is instance of list? True
2024-03-14 01:37:43,711 is all_confidences is instance of list? True
2024-03-14 01:37:43,711 is all_text is instance of list? True
2024-03-14 01:37:43,712 is label2id is instance of dict? True
2024-03-14 01:37:43,712 is id2label is instance of dict? True
2024-03-14 01:37:43,712 is label2color is instance of dict? True
2024-03-14 01:37:43,712 label2color : {'lc_date': '#AB27FD', 'stamp': '#C8FE51', 'transaction_date': '#8B2C26', 'carriage_condition': '#921BB1', 'carrier_address': '#224EA1', 'gross_weight': '#E566A4', 'goods_description': '#0735E0', 'gross_quantity': '#4D8DC6', 'consignee_address': '#34C9C2', 'signature': '#B6236B', 'awb_original_or_copy': '#C3F25B', 'declared_value_of_custom': '#F798E6', 'carrier_name': '#0A6073', 'at_place': '#2822C6', 'shipment_date': '#43BDA0', 'shipper_address': '#B134F5', 'net_weight': '#2ADD57', 'consignee_name': '#41B430', 'invoice_number': '#02A023', 'awb_bill_no': '#0223A4', 'dimension': '#26E6A9', 'O': '#3E7B0E', 'declared_value_of_carriage': '#B9E454', 'final_destination': '#E10CC4', 'awb_bill_issue_date': '#90C15E', 'lc_no': '#49FD54', 'signed_by_agent': '#E1C870', 'flight_date': '#603E69', 'agent_address': '#DE8699', 'freight_collect_or_prepaid': '#87FE62', 'flight_details': '#73470C', 'notify_party_address': '#AFADFF', 'shipper_name': '#926169', 'signed_by_carrier': '#E97C3D', 'stamped_onboard_date': '#41DF9E', 'awb_original_number': '#18273A', 'flight_no': '#143C46', 'freight_collected_at': '#C72F72', 'amount_insurance': '#01208F', 'house_awb_bill_no': '#41959A', 'master_awb_bill_no': '#9126B3', 'airport_of_departure': '#B72B38', 'invoice_date': '#FD0386', 'good_marks': '#F068BF', 'place_of_receipt': '#33E70B', 'agent_name': '#6D7153', 'signed_by_master': '#EA5240', 'airport_of_destination': '#03EAF5', 'master_name': '#AED43E', 'notify_party_name': '#D1077C'}
2024-03-14 01:37:43,895 is result_set is instance of dict? True
2024-03-14 01:37:43,897 is final_result_set is instance of dict? True
2024-03-14 01:37:44,427 Time taken for page 1 of Bill_Of_Landing_511_page_2.png:0:00:02.795498
2024-03-14 01:37:44,568 *****Generated All Pages****** for Bill_Of_Landing_511_page_2.png
2024-03-14 01:37:44,569 RAM memory 85.0 used for Bill_Of_Landing_511_page_2.png Generating All Pages:
2024-03-14 01:37:44,569 Processing time taken for all pages of Bill_Of_Landing_511_page_2.png1:0:00:02.937863
2024-03-14 01:37:44,688 file name is:Bill_Of_Landing_349_page_2.png
2024-03-14 01:37:44,689 folder path :Images
2024-03-14 01:37:44,689 Calling Image result
2024-03-14 01:37:44,689 is all_page_result is instance of dict? True
2024-03-14 01:37:44,689 STREAM b'IHDR' 16 13
2024-03-14 01:37:44,689 STREAM b'IDAT' 41 65536
2024-03-14 01:37:44,722 is words is instance of list? True
2024-03-14 01:37:44,722 is bboxes is instance of list? True
2024-03-14 01:37:44,722 is bounding_boxes is instance of list? True
2024-03-14 01:37:44,924 is input_id_chunks is instance of list? True
2024-03-14 01:37:44,924 is mask_chunks is instance of list? True
2024-03-14 01:37:44,924 is bbox_chunks is instance of list? True
2024-03-14 01:37:44,924 is image_chunks is instance of list? True
2024-03-14 01:37:44,925 is input_dict is instance of dict? True
2024-03-14 01:37:47,617 Model Called
2024-03-14 01:37:47,617 RAM memory 91.3 used for Bill_Of_Landing_349_page_2.png:
2024-03-14 01:37:47,617 is all_predictions is instance of list? True
2024-03-14 01:37:47,617 is all_boxes is instance of list? True
2024-03-14 01:37:47,617 is all_confidences is instance of list? True
2024-03-14 01:37:47,617 is all_text is instance of list? True
2024-03-14 01:37:47,618 is label2id is instance of dict? True
2024-03-14 01:37:47,618 is id2label is instance of dict? True
2024-03-14 01:37:47,619 is label2color is instance of dict? True
2024-03-14 01:37:47,619 label2color : {'lc_date': '#18CA6B', 'stamp': '#2FCF9F', 'transaction_date': '#951FCB', 'carriage_condition': '#4B5D06', 'carrier_address': '#08B1E7', 'gross_weight': '#C84BFF', 'goods_description': '#720DBB', 'gross_quantity': '#C86CA3', 'consignee_address': '#7CD181', 'signature': '#7A4824', 'awb_original_or_copy': '#BC6B1A', 'declared_value_of_custom': '#9B02D8', 'carrier_name': '#78D247', 'at_place': '#1F5F60', 'shipment_date': '#396196', 'shipper_address': '#808B36', 'net_weight': '#C002F7', 'consignee_name': '#1D1A70', 'invoice_number': '#9A9C1E', 'awb_bill_no': '#A707FA', 'dimension': '#879E3F', 'O': '#A2B716', 'declared_value_of_carriage': '#340388', 'final_destination': '#A492DE', 'awb_bill_issue_date': '#81208E', 'lc_no': '#8F94D2', 'signed_by_agent': '#E604D3', 'flight_date': '#17ABEE', 'agent_address': '#1238AA', 'freight_collect_or_prepaid': '#D773D9', 'flight_details': '#A992DF', 'notify_party_address': '#4EE121', 'shipper_name': '#746EB6', 'signed_by_carrier': '#D9BC79', 'stamped_onboard_date': '#2E6188', 'awb_original_number': '#4C0D7A', 'flight_no': '#E168CD', 'freight_collected_at': '#F8B625', 'amount_insurance': '#244F27', 'house_awb_bill_no': '#459517', 'master_awb_bill_no': '#5712D8', 'airport_of_departure': '#E02AA7', 'invoice_date': '#C911E4', 'good_marks': '#9D1855', 'place_of_receipt': '#9D1E41', 'agent_name': '#61D0D3', 'signed_by_master': '#05E35A', 'airport_of_destination': '#0EF32C', 'master_name': '#F05E62', 'notify_party_name': '#E23CE8'}
2024-03-14 01:37:47,871 is result_set is instance of dict? True
2024-03-14 01:37:47,873 is final_result_set is instance of dict? True
2024-03-14 01:37:48,397 Time taken for page 1 of Bill_Of_Landing_349_page_2.png:0:00:03.707312
2024-03-14 01:37:48,556 *****Generated All Pages****** for Bill_Of_Landing_349_page_2.png
2024-03-14 01:37:48,556 RAM memory 91.4 used for Bill_Of_Landing_349_page_2.png Generating All Pages:
2024-03-14 01:37:48,556 Processing time taken for all pages of Bill_Of_Landing_349_page_2.png1:0:00:03.867648
2024-03-14 01:37:48,695 file name is:Packing_List_223_page_6.png
2024-03-14 01:37:48,695 folder path :Images
2024-03-14 01:37:48,696 Calling Image result
2024-03-14 01:37:48,696 is all_page_result is instance of dict? True
2024-03-14 01:37:48,696 STREAM b'IHDR' 16 13
2024-03-14 01:37:48,696 STREAM b'IDAT' 41 65536
2024-03-14 01:37:48,725 is words is instance of list? True
2024-03-14 01:37:48,725 is bboxes is instance of list? True
2024-03-14 01:37:48,725 is bounding_boxes is instance of list? True
2024-03-14 01:37:48,927 is input_id_chunks is instance of list? True
2024-03-14 01:37:48,927 is mask_chunks is instance of list? True
2024-03-14 01:37:48,927 is bbox_chunks is instance of list? True
2024-03-14 01:37:48,927 is image_chunks is instance of list? True
2024-03-14 01:37:48,928 is input_dict is instance of dict? True
2024-03-14 01:37:50,713 Model Called
2024-03-14 01:37:50,713 RAM memory 85.3 used for Packing_List_223_page_6.png:
2024-03-14 01:37:50,714 is all_predictions is instance of list? True
2024-03-14 01:37:50,714 is all_boxes is instance of list? True
2024-03-14 01:37:50,714 is all_confidences is instance of list? True
2024-03-14 01:37:50,714 is all_text is instance of list? True
2024-03-14 01:37:50,714 is label2id is instance of dict? True
2024-03-14 01:37:50,714 is id2label is instance of dict? True
2024-03-14 01:37:50,715 is label2color is instance of dict? True
2024-03-14 01:37:50,715 label2color : {'lc_date': '#163D38', 'stamp': '#8640AF', 'transaction_date': '#48D5CF', 'carriage_condition': '#83A92E', 'carrier_address': '#5CB9AF', 'gross_weight': '#C276B9', 'goods_description': '#B858FF', 'gross_quantity': '#2C53C4', 'consignee_address': '#A9A0DF', 'signature': '#D86E6D', 'awb_original_or_copy': '#35464E', 'declared_value_of_custom': '#3949F2', 'carrier_name': '#BA7E29', 'at_place': '#1FF4A7', 'shipment_date': '#532413', 'shipper_address': '#F3D1CC', 'net_weight': '#51C139', 'consignee_name': '#8781DA', 'invoice_number': '#29B620', 'awb_bill_no': '#CDFDBD', 'dimension': '#1C6357', 'O': '#251F1C', 'declared_value_of_carriage': '#A1741F', 'final_destination': '#00367B', 'awb_bill_issue_date': '#DDECE8', 'lc_no': '#7EDBEA', 'signed_by_agent': '#FD25F0', 'flight_date': '#8D82F5', 'agent_address': '#C683FA', 'freight_collect_or_prepaid': '#104B0D', 'flight_details': '#7611FB', 'notify_party_address': '#D5CDAB', 'shipper_name': '#4366A0', 'signed_by_carrier': '#F173D4', 'stamped_onboard_date': '#519F38', 'awb_original_number': '#7DF415', 'flight_no': '#C3E43C', 'freight_collected_at': '#FF1DA7', 'amount_insurance': '#7C8FD1', 'house_awb_bill_no': '#7E6183', 'master_awb_bill_no': '#29CD3D', 'airport_of_departure': '#C80837', 'invoice_date': '#83778A', 'good_marks': '#689366', 'place_of_receipt': '#C563BB', 'agent_name': '#73D1EB', 'signed_by_master': '#D73FD3', 'airport_of_destination': '#D0C530', 'master_name': '#880C62', 'notify_party_name': '#F77C93'}
2024-03-14 01:37:50,911 is result_set is instance of dict? True
2024-03-14 01:37:50,914 is final_result_set is instance of dict? True
2024-03-14 01:37:51,311 Time taken for page 1 of Packing_List_223_page_6.png:0:00:02.614794
2024-03-14 01:37:51,442 *****Generated All Pages****** for Packing_List_223_page_6.png
2024-03-14 01:37:51,442 RAM memory 85.5 used for Packing_List_223_page_6.png Generating All Pages:
2024-03-14 01:37:51,442 Processing time taken for all pages of Packing_List_223_page_6.png1:0:00:02.746236
2024-03-14 01:37:51,551 file name is:Bill_Of_Landing_562_page_15.png
2024-03-14 01:37:51,551 folder path :Images
2024-03-14 01:37:51,551 Calling Image result
2024-03-14 01:37:51,551 is all_page_result is instance of dict? True
2024-03-14 01:37:51,551 STREAM b'IHDR' 16 13
2024-03-14 01:37:51,551 STREAM b'IDAT' 41 65536
2024-03-14 01:37:51,580 is words is instance of list? True
2024-03-14 01:37:51,580 is bboxes is instance of list? True
2024-03-14 01:37:51,581 is bounding_boxes is instance of list? True
2024-03-14 01:37:51,786 is input_id_chunks is instance of list? True
2024-03-14 01:37:51,786 is mask_chunks is instance of list? True
2024-03-14 01:37:51,786 is bbox_chunks is instance of list? True
2024-03-14 01:37:51,786 is image_chunks is instance of list? True
2024-03-14 01:37:51,786 is input_dict is instance of dict? True
2024-03-14 01:37:53,592 Model Called
2024-03-14 01:37:53,593 RAM memory 85.6 used for Bill_Of_Landing_562_page_15.png:
2024-03-14 01:37:53,593 is all_predictions is instance of list? True
2024-03-14 01:37:53,593 is all_boxes is instance of list? True
2024-03-14 01:37:53,593 is all_confidences is instance of list? True
2024-03-14 01:37:53,593 is all_text is instance of list? True
2024-03-14 01:37:53,593 is label2id is instance of dict? True
2024-03-14 01:37:53,593 is id2label is instance of dict? True
2024-03-14 01:37:53,594 is label2color is instance of dict? True
2024-03-14 01:37:53,594 label2color : {'lc_date': '#8B4EF1', 'stamp': '#DFE1FB', 'transaction_date': '#DA33C9', 'carriage_condition': '#6EAA7C', 'carrier_address': '#11CE7A', 'gross_weight': '#B51BB3', 'goods_description': '#8FF663', 'gross_quantity': '#390D7A', 'consignee_address': '#17206C', 'signature': '#12CCD3', 'awb_original_or_copy': '#E8D70D', 'declared_value_of_custom': '#D15479', 'carrier_name': '#52061D', 'at_place': '#691307', 'shipment_date': '#F783E6', 'shipper_address': '#18AEE3', 'net_weight': '#35C64B', 'consignee_name': '#A1B551', 'invoice_number': '#187C74', 'awb_bill_no': '#0EC1DB', 'dimension': '#175A94', 'O': '#917085', 'declared_value_of_carriage': '#8C5423', 'final_destination': '#D4DBA0', 'awb_bill_issue_date': '#4628CC', 'lc_no': '#E6FA77', 'signed_by_agent': '#4D7D37', 'flight_date': '#3C4874', 'agent_address': '#306273', 'freight_collect_or_prepaid': '#1788F4', 'flight_details': '#4A1A79', 'notify_party_address': '#0C729B', 'shipper_name': '#29A3CD', 'signed_by_carrier': '#D000AE', 'stamped_onboard_date': '#9A83D2', 'awb_original_number': '#4E0C86', 'flight_no': '#89EA5D', 'freight_collected_at': '#B8EA1F', 'amount_insurance': '#28A35D', 'house_awb_bill_no': '#625145', 'master_awb_bill_no': '#F7D4EE', 'airport_of_departure': '#BA480F', 'invoice_date': '#BC023D', 'good_marks': '#0A1474', 'place_of_receipt': '#45D206', 'agent_name': '#1AACEC', 'signed_by_master': '#08D4C3', 'airport_of_destination': '#D04BCF', 'master_name': '#9D0356', 'notify_party_name': '#BE9787'}
2024-03-14 01:37:53,822 is result_set is instance of dict? True
2024-03-14 01:37:53,824 is final_result_set is instance of dict? True
2024-03-14 01:37:54,207 Time taken for page 1 of Bill_Of_Landing_562_page_15.png:0:00:02.655316
2024-03-14 01:37:54,349 *****Generated All Pages****** for Bill_Of_Landing_562_page_15.png
2024-03-14 01:37:54,349 RAM memory 85.9 used for Bill_Of_Landing_562_page_15.png Generating All Pages:
2024-03-14 01:37:54,350 Processing time taken for all pages of Bill_Of_Landing_562_page_15.png1:0:00:02.798671
2024-03-14 01:37:54,465 file name is:Packing_List_749_page_1.png
2024-03-14 01:37:54,466 folder path :Images
2024-03-14 01:37:54,466 Calling Image result
2024-03-14 01:37:54,466 is all_page_result is instance of dict? True
2024-03-14 01:37:54,466 STREAM b'IHDR' 16 13
2024-03-14 01:37:54,466 STREAM b'IDAT' 41 65536
2024-03-14 01:37:54,500 is words is instance of list? True
2024-03-14 01:37:54,501 is bboxes is instance of list? True
2024-03-14 01:37:54,501 is bounding_boxes is instance of list? True
2024-03-14 01:37:54,704 is input_id_chunks is instance of list? True
2024-03-14 01:37:54,704 is mask_chunks is instance of list? True
2024-03-14 01:37:54,704 is bbox_chunks is instance of list? True
2024-03-14 01:37:54,704 is image_chunks is instance of list? True
2024-03-14 01:37:54,705 is input_dict is instance of dict? True
2024-03-14 01:37:56,672 Model Called
2024-03-14 01:37:56,673 RAM memory 86.4 used for Packing_List_749_page_1.png:
2024-03-14 01:37:56,673 is all_predictions is instance of list? True
2024-03-14 01:37:56,673 is all_boxes is instance of list? True
2024-03-14 01:37:56,673 is all_confidences is instance of list? True
2024-03-14 01:37:56,673 is all_text is instance of list? True
2024-03-14 01:37:56,673 is label2id is instance of dict? True
2024-03-14 01:37:56,673 is id2label is instance of dict? True
2024-03-14 01:37:56,674 is label2color is instance of dict? True
2024-03-14 01:37:56,674 label2color : {'lc_date': '#9E3E4D', 'stamp': '#825FEA', 'transaction_date': '#3C7C30', 'carriage_condition': '#3DADCC', 'carrier_address': '#D1FEC2', 'gross_weight': '#EAEA5E', 'goods_description': '#024FC8', 'gross_quantity': '#F544F2', 'consignee_address': '#0D8A76', 'signature': '#A967F9', 'awb_original_or_copy': '#E94920', 'declared_value_of_custom': '#FD79E8', 'carrier_name': '#EFAB26', 'at_place': '#A1C7B8', 'shipment_date': '#4DBE39', 'shipper_address': '#C1D039', 'net_weight': '#E9F630', 'consignee_name': '#0D4340', 'invoice_number': '#C8F619', 'awb_bill_no': '#114946', 'dimension': '#193FC3', 'O': '#6ED182', 'declared_value_of_carriage': '#879269', 'final_destination': '#70DBDD', 'awb_bill_issue_date': '#CCCE69', 'lc_no': '#BEE2D5', 'signed_by_agent': '#511BB1', 'flight_date': '#AB94B1', 'agent_address': '#C4CC68', 'freight_collect_or_prepaid': '#8A99A4', 'flight_details': '#A443B8', 'notify_party_address': '#6EF614', 'shipper_name': '#54D3CD', 'signed_by_carrier': '#7275AF', 'stamped_onboard_date': '#26BF00', 'awb_original_number': '#E4E884', 'flight_no': '#A89C7F', 'freight_collected_at': '#8AC6DE', 'amount_insurance': '#1027B0', 'house_awb_bill_no': '#7506F9', 'master_awb_bill_no': '#1602DB', 'airport_of_departure': '#E9E13E', 'invoice_date': '#315707', 'good_marks': '#42BBEE', 'place_of_receipt': '#AE5197', 'agent_name': '#10E910', 'signed_by_master': '#3B2EF2', 'airport_of_destination': '#C8E6BB', 'master_name': '#BB0BA4', 'notify_party_name': '#3C54CC'}
2024-03-14 01:37:56,863 is result_set is instance of dict? True
2024-03-14 01:37:56,864 is final_result_set is instance of dict? True
2024-03-14 01:37:57,217 Time taken for page 1 of Packing_List_749_page_1.png:0:00:02.750000
2024-03-14 01:37:57,361 *****Generated All Pages****** for Packing_List_749_page_1.png
2024-03-14 01:37:57,362 RAM memory 86.6 used for Packing_List_749_page_1.png Generating All Pages:
2024-03-14 01:37:57,362 Processing time taken for all pages of Packing_List_749_page_1.png1:0:00:02.895892
2024-03-14 01:37:57,479 file name is:Bill_Of_Landing_508_page_0.png
2024-03-14 01:37:57,479 folder path :Images
2024-03-14 01:37:57,479 Calling Image result
2024-03-14 01:37:57,480 is all_page_result is instance of dict? True
2024-03-14 01:37:57,480 STREAM b'IHDR' 16 13
2024-03-14 01:37:57,480 STREAM b'IDAT' 41 65536
2024-03-14 01:37:57,512 is words is instance of list? True
2024-03-14 01:37:57,512 is bboxes is instance of list? True
2024-03-14 01:37:57,513 is bounding_boxes is instance of list? True
2024-03-14 01:37:57,717 is input_id_chunks is instance of list? True
2024-03-14 01:37:57,717 is mask_chunks is instance of list? True
2024-03-14 01:37:57,717 is bbox_chunks is instance of list? True
2024-03-14 01:37:57,717 is image_chunks is instance of list? True
2024-03-14 01:37:57,718 is input_dict is instance of dict? True
2024-03-14 01:38:00,533 Model Called
2024-03-14 01:38:00,533 RAM memory 91.4 used for Bill_Of_Landing_508_page_0.png:
2024-03-14 01:38:00,533 is all_predictions is instance of list? True
2024-03-14 01:38:00,533 is all_boxes is instance of list? True
2024-03-14 01:38:00,533 is all_confidences is instance of list? True
2024-03-14 01:38:00,533 is all_text is instance of list? True
2024-03-14 01:38:00,533 is label2id is instance of dict? True
2024-03-14 01:38:00,533 is id2label is instance of dict? True
2024-03-14 01:38:00,534 is label2color is instance of dict? True
2024-03-14 01:38:00,534 label2color : {'lc_date': '#E13EB4', 'stamp': '#B815C5', 'transaction_date': '#5F8E9F', 'carriage_condition': '#BBE692', 'carrier_address': '#DD0A9F', 'gross_weight': '#2A52AE', 'goods_description': '#A775E5', 'gross_quantity': '#6F84CC', 'consignee_address': '#827781', 'signature': '#FAAA77', 'awb_original_or_copy': '#3250A5', 'declared_value_of_custom': '#9BEFB9', 'carrier_name': '#7E2F45', 'at_place': '#E97879', 'shipment_date': '#0DD131', 'shipper_address': '#427646', 'net_weight': '#04DB1D', 'consignee_name': '#BAD233', 'invoice_number': '#45DBFA', 'awb_bill_no': '#55EAA7', 'dimension': '#FA9488', 'O': '#807CBB', 'declared_value_of_carriage': '#C8C992', 'final_destination': '#B1DEC7', 'awb_bill_issue_date': '#5C5388', 'lc_no': '#28F75A', 'signed_by_agent': '#5F28C6', 'flight_date': '#350822', 'agent_address': '#901822', 'freight_collect_or_prepaid': '#F86428', 'flight_details': '#6A7FAB', 'notify_party_address': '#F4B089', 'shipper_name': '#CE1617', 'signed_by_carrier': '#1B222B', 'stamped_onboard_date': '#6DEA8A', 'awb_original_number': '#E4A0BF', 'flight_no': '#350254', 'freight_collected_at': '#D41735', 'amount_insurance': '#9D056A', 'house_awb_bill_no': '#8794A3', 'master_awb_bill_no': '#8E0B7A', 'airport_of_departure': '#C50FEC', 'invoice_date': '#83E6FD', 'good_marks': '#C7FF19', 'place_of_receipt': '#DCCB73', 'agent_name': '#4915F2', 'signed_by_master': '#29E35E', 'airport_of_destination': '#EF5AF1', 'master_name': '#41A0CD', 'notify_party_name': '#F2F36B'}
2024-03-14 01:38:00,793 is result_set is instance of dict? True
2024-03-14 01:38:00,795 is final_result_set is instance of dict? True
2024-03-14 01:38:01,492 Time taken for page 1 of Bill_Of_Landing_508_page_0.png:0:00:04.011562
2024-03-14 01:38:01,642 *****Generated All Pages****** for Bill_Of_Landing_508_page_0.png
2024-03-14 01:38:01,642 RAM memory 91.3 used for Bill_Of_Landing_508_page_0.png Generating All Pages:
2024-03-14 01:38:01,642 Processing time taken for all pages of Bill_Of_Landing_508_page_0.png1:0:00:04.162544
2024-03-14 01:38:01,773 file name is:Bill_Of_Landing_640_page_0.png
2024-03-14 01:38:01,773 folder path :Images
2024-03-14 01:38:01,773 Calling Image result
2024-03-14 01:38:01,773 is all_page_result is instance of dict? True
2024-03-14 01:38:01,783 STREAM b'IHDR' 16 13
2024-03-14 01:38:01,784 STREAM b'IDAT' 41 65536
2024-03-14 01:38:01,812 is words is instance of list? True
2024-03-14 01:38:01,812 is bboxes is instance of list? True
2024-03-14 01:38:01,812 is bounding_boxes is instance of list? True
2024-03-14 01:38:02,009 is input_id_chunks is instance of list? True
2024-03-14 01:38:02,009 is mask_chunks is instance of list? True
2024-03-14 01:38:02,009 is bbox_chunks is instance of list? True
2024-03-14 01:38:02,009 is image_chunks is instance of list? True
2024-03-14 01:38:02,010 is input_dict is instance of dict? True
2024-03-14 01:38:03,921 Model Called
2024-03-14 01:38:03,921 RAM memory 87.1 used for Bill_Of_Landing_640_page_0.png:
2024-03-14 01:38:03,921 is all_predictions is instance of list? True
2024-03-14 01:38:03,921 is all_boxes is instance of list? True
2024-03-14 01:38:03,921 is all_confidences is instance of list? True
2024-03-14 01:38:03,922 is all_text is instance of list? True
2024-03-14 01:38:03,922 is label2id is instance of dict? True
2024-03-14 01:38:03,922 is id2label is instance of dict? True
2024-03-14 01:38:03,923 is label2color is instance of dict? True
2024-03-14 01:38:03,923 label2color : {'lc_date': '#5B9CAF', 'stamp': '#76DE92', 'transaction_date': '#DFBA8C', 'carriage_condition': '#B7FAE1', 'carrier_address': '#0D26BE', 'gross_weight': '#659759', 'goods_description': '#40110B', 'gross_quantity': '#42BDB2', 'consignee_address': '#DAB886', 'signature': '#F24498', 'awb_original_or_copy': '#807A40', 'declared_value_of_custom': '#1B3CF7', 'carrier_name': '#48DECC', 'at_place': '#C34645', 'shipment_date': '#084D93', 'shipper_address': '#9172E4', 'net_weight': '#6B49AE', 'consignee_name': '#E318B3', 'invoice_number': '#3A7476', 'awb_bill_no': '#213426', 'dimension': '#E1AA82', 'O': '#5A4123', 'declared_value_of_carriage': '#0BB258', 'final_destination': '#FECDDE', 'awb_bill_issue_date': '#E3224D', 'lc_no': '#5D8BA7', 'signed_by_agent': '#177D86', 'flight_date': '#D835E9', 'agent_address': '#6B45AB', 'freight_collect_or_prepaid': '#01827E', 'flight_details': '#AA1F84', 'notify_party_address': '#2476A7', 'shipper_name': '#D4992E', 'signed_by_carrier': '#87D54A', 'stamped_onboard_date': '#DA7F37', 'awb_original_number': '#CF5EDD', 'flight_no': '#0893AE', 'freight_collected_at': '#93AE5A', 'amount_insurance': '#422FD3', 'house_awb_bill_no': '#3E9B0B', 'master_awb_bill_no': '#83B20A', 'airport_of_departure': '#BE3191', 'invoice_date': '#C1FFE1', 'good_marks': '#BBC779', 'place_of_receipt': '#CA9150', 'agent_name': '#3DB5AF', 'signed_by_master': '#0C1E55', 'airport_of_destination': '#AFB963', 'master_name': '#A5C354', 'notify_party_name': '#B435F2'}
2024-03-14 01:38:04,124 is result_set is instance of dict? True
2024-03-14 01:38:04,126 is final_result_set is instance of dict? True
2024-03-14 01:38:04,539 Time taken for page 1 of Bill_Of_Landing_640_page_0.png:0:00:02.755624
2024-03-14 01:38:04,678 *****Generated All Pages****** for Bill_Of_Landing_640_page_0.png
2024-03-14 01:38:04,678 RAM memory 87.1 used for Bill_Of_Landing_640_page_0.png Generating All Pages:
2024-03-14 01:38:04,678 Processing time taken for all pages of Bill_Of_Landing_640_page_0.png1:0:00:02.905138
2024-03-14 01:38:04,790 file name is:Bill_Of_Landing_270_page_3.png
2024-03-14 01:38:04,790 folder path :Images
2024-03-14 01:38:04,790 Calling Image result
2024-03-14 01:38:04,790 is all_page_result is instance of dict? True
2024-03-14 01:38:04,791 STREAM b'IHDR' 16 13
2024-03-14 01:38:04,791 STREAM b'IDAT' 41 65536
2024-03-14 01:38:04,824 is words is instance of list? True
2024-03-14 01:38:04,824 is bboxes is instance of list? True
2024-03-14 01:38:04,824 is bounding_boxes is instance of list? True
2024-03-14 01:38:05,028 is input_id_chunks is instance of list? True
2024-03-14 01:38:05,028 is mask_chunks is instance of list? True
2024-03-14 01:38:05,029 is bbox_chunks is instance of list? True
2024-03-14 01:38:05,029 is image_chunks is instance of list? True
2024-03-14 01:38:05,029 is input_dict is instance of dict? True
2024-03-14 01:38:06,954 Model Called
2024-03-14 01:38:06,955 RAM memory 87.0 used for Bill_Of_Landing_270_page_3.png:
2024-03-14 01:38:06,955 is all_predictions is instance of list? True
2024-03-14 01:38:06,955 is all_boxes is instance of list? True
2024-03-14 01:38:06,955 is all_confidences is instance of list? True
2024-03-14 01:38:06,955 is all_text is instance of list? True
2024-03-14 01:38:06,955 is label2id is instance of dict? True
2024-03-14 01:38:06,955 is id2label is instance of dict? True
2024-03-14 01:38:06,956 is label2color is instance of dict? True
2024-03-14 01:38:06,956 label2color : {'lc_date': '#FF4E21', 'stamp': '#8091B8', 'transaction_date': '#FD04B7', 'carriage_condition': '#FEB9D5', 'carrier_address': '#0A06DD', 'gross_weight': '#9CB074', 'goods_description': '#9DAD71', 'gross_quantity': '#C7B3D0', 'consignee_address': '#0FCEDA', 'signature': '#808AC1', 'awb_original_or_copy': '#3C8AE7', 'declared_value_of_custom': '#235BC9', 'carrier_name': '#813D65', 'at_place': '#D00147', 'shipment_date': '#C8D28D', 'shipper_address': '#AB5FFF', 'net_weight': '#776FA4', 'consignee_name': '#FA7EDC', 'invoice_number': '#AF9267', 'awb_bill_no': '#2429A4', 'dimension': '#59136A', 'O': '#2E515A', 'declared_value_of_carriage': '#0A0A88', 'final_destination': '#351ECF', 'awb_bill_issue_date': '#B1CA9E', 'lc_no': '#45D86C', 'signed_by_agent': '#2ACC0A', 'flight_date': '#E90E0F', 'agent_address': '#AC8DCB', 'freight_collect_or_prepaid': '#E11466', 'flight_details': '#182B6A', 'notify_party_address': '#4600D5', 'shipper_name': '#E1D3AA', 'signed_by_carrier': '#0540E0', 'stamped_onboard_date': '#CF46CC', 'awb_original_number': '#2A0FB9', 'flight_no': '#998178', 'freight_collected_at': '#575821', 'amount_insurance': '#5B254B', 'house_awb_bill_no': '#D96B18', 'master_awb_bill_no': '#9DEB28', 'airport_of_departure': '#C3DBB2', 'invoice_date': '#BDB2BC', 'good_marks': '#CFC99C', 'place_of_receipt': '#F495C2', 'agent_name': '#01D651', 'signed_by_master': '#37A9B2', 'airport_of_destination': '#044582', 'master_name': '#7F5F8F', 'notify_party_name': '#EAF6D1'}
2024-03-14 01:38:07,147 is result_set is instance of dict? True
2024-03-14 01:38:07,148 is final_result_set is instance of dict? True
2024-03-14 01:38:07,499 Time taken for page 1 of Bill_Of_Landing_270_page_3.png:0:00:02.707837
2024-03-14 01:38:07,656 *****Generated All Pages****** for Bill_Of_Landing_270_page_3.png
2024-03-14 01:38:07,656 RAM memory 87.2 used for Bill_Of_Landing_270_page_3.png Generating All Pages:
2024-03-14 01:38:07,656 Processing time taken for all pages of Bill_Of_Landing_270_page_3.png1:0:00:02.866112
2024-03-14 01:38:07,795 file name is:Bill_Of_Landing_806_page_0.png
2024-03-14 01:38:07,795 folder path :Images
2024-03-14 01:38:07,796 Calling Image result
2024-03-14 01:38:07,796 is all_page_result is instance of dict? True
2024-03-14 01:38:07,806 STREAM b'IHDR' 16 13
2024-03-14 01:38:07,806 STREAM b'IDAT' 41 62008
2024-03-14 01:38:07,835 is words is instance of list? True
2024-03-14 01:38:07,835 is bboxes is instance of list? True
2024-03-14 01:38:07,835 is bounding_boxes is instance of list? True
2024-03-14 01:38:08,042 is input_id_chunks is instance of list? True
2024-03-14 01:38:08,042 is mask_chunks is instance of list? True
2024-03-14 01:38:08,042 is bbox_chunks is instance of list? True
2024-03-14 01:38:08,042 is image_chunks is instance of list? True
2024-03-14 01:38:08,042 is input_dict is instance of dict? True
2024-03-14 01:38:09,861 Model Called
2024-03-14 01:38:09,861 RAM memory 87.1 used for Bill_Of_Landing_806_page_0.png:
2024-03-14 01:38:09,861 is all_predictions is instance of list? True
2024-03-14 01:38:09,861 is all_boxes is instance of list? True
2024-03-14 01:38:09,861 is all_confidences is instance of list? True
2024-03-14 01:38:09,861 is all_text is instance of list? True
2024-03-14 01:38:09,861 is label2id is instance of dict? True
2024-03-14 01:38:09,862 is id2label is instance of dict? True
2024-03-14 01:38:09,862 is label2color is instance of dict? True
2024-03-14 01:38:09,862 label2color : {'lc_date': '#498CFF', 'stamp': '#41C904', 'transaction_date': '#101B20', 'carriage_condition': '#2E54D3', 'carrier_address': '#F609D9', 'gross_weight': '#14B57F', 'goods_description': '#FE4D48', 'gross_quantity': '#5284E6', 'consignee_address': '#1E75E9', 'signature': '#E4B34C', 'awb_original_or_copy': '#A5033B', 'declared_value_of_custom': '#EA2851', 'carrier_name': '#E05E06', 'at_place': '#E95CCE', 'shipment_date': '#4D7DD4', 'shipper_address': '#2BA19E', 'net_weight': '#F2C496', 'consignee_name': '#3581FE', 'invoice_number': '#3A64D7', 'awb_bill_no': '#75B0E2', 'dimension': '#B68F12', 'O': '#1998EF', 'declared_value_of_carriage': '#0A9EC7', 'final_destination': '#57393E', 'awb_bill_issue_date': '#EFB9A1', 'lc_no': '#3F36F1', 'signed_by_agent': '#724294', 'flight_date': '#880C55', 'agent_address': '#394E06', 'freight_collect_or_prepaid': '#F6DFD7', 'flight_details': '#013898', 'notify_party_address': '#C38037', 'shipper_name': '#53D48C', 'signed_by_carrier': '#3B1409', 'stamped_onboard_date': '#DE64E4', 'awb_original_number': '#62CAB9', 'flight_no': '#F73A8C', 'freight_collected_at': '#225CE5', 'amount_insurance': '#FD61A9', 'house_awb_bill_no': '#D0D933', 'master_awb_bill_no': '#9A7A68', 'airport_of_departure': '#0DB743', 'invoice_date': '#B6B8B7', 'good_marks': '#93B10C', 'place_of_receipt': '#1C60A2', 'agent_name': '#BC971F', 'signed_by_master': '#2500EB', 'airport_of_destination': '#A0B1C7', 'master_name': '#C4FE91', 'notify_party_name': '#499B16'}
2024-03-14 01:38:10,061 is result_set is instance of dict? True
2024-03-14 01:38:10,063 is final_result_set is instance of dict? True
2024-03-14 01:38:10,446 Time taken for page 1 of Bill_Of_Landing_806_page_0.png:0:00:02.640231
2024-03-14 01:38:10,586 *****Generated All Pages****** for Bill_Of_Landing_806_page_0.png
2024-03-14 01:38:10,586 RAM memory 87.2 used for Bill_Of_Landing_806_page_0.png Generating All Pages:
2024-03-14 01:38:10,586 Processing time taken for all pages of Bill_Of_Landing_806_page_0.png1:0:00:02.790747
2024-03-14 01:38:10,697 file name is:Bill_Of_Landing_418_page_6.png
2024-03-14 01:38:10,697 folder path :Images
2024-03-14 01:38:10,697 Calling Image result
2024-03-14 01:38:10,697 is all_page_result is instance of dict? True
2024-03-14 01:38:10,698 STREAM b'IHDR' 16 13
2024-03-14 01:38:10,698 STREAM b'IDAT' 41 65536
2024-03-14 01:38:10,726 is words is instance of list? True
2024-03-14 01:38:10,726 is bboxes is instance of list? True
2024-03-14 01:38:10,726 is bounding_boxes is instance of list? True
2024-03-14 01:38:10,935 is input_id_chunks is instance of list? True
2024-03-14 01:38:10,935 is mask_chunks is instance of list? True
2024-03-14 01:38:10,935 is bbox_chunks is instance of list? True
2024-03-14 01:38:10,935 is image_chunks is instance of list? True
2024-03-14 01:38:10,935 is input_dict is instance of dict? True
2024-03-14 01:38:12,777 Model Called
2024-03-14 01:38:12,777 RAM memory 87.2 used for Bill_Of_Landing_418_page_6.png:
2024-03-14 01:38:12,777 is all_predictions is instance of list? True
2024-03-14 01:38:12,777 is all_boxes is instance of list? True
2024-03-14 01:38:12,777 is all_confidences is instance of list? True
2024-03-14 01:38:12,777 is all_text is instance of list? True
2024-03-14 01:38:12,778 is label2id is instance of dict? True
2024-03-14 01:38:12,778 is id2label is instance of dict? True
2024-03-14 01:38:12,779 is label2color is instance of dict? True
2024-03-14 01:38:12,779 label2color : {'lc_date': '#589CD1', 'stamp': '#8ABEE1', 'transaction_date': '#F2E1B9', 'carriage_condition': '#BE0EF7', 'carrier_address': '#06780F', 'gross_weight': '#7B0910', 'goods_description': '#1E1F7B', 'gross_quantity': '#22835C', 'consignee_address': '#C61812', 'signature': '#90DD9F', 'awb_original_or_copy': '#35F566', 'declared_value_of_custom': '#2DB8BD', 'carrier_name': '#A6385B', 'at_place': '#C22CFF', 'shipment_date': '#0CC30D', 'shipper_address': '#C28C9F', 'net_weight': '#E0E3A3', 'consignee_name': '#C00545', 'invoice_number': '#37D3EA', 'awb_bill_no': '#C40698', 'dimension': '#D02BCA', 'O': '#228906', 'declared_value_of_carriage': '#3392DB', 'final_destination': '#605AE5', 'awb_bill_issue_date': '#1CBEBC', 'lc_no': '#660CF4', 'signed_by_agent': '#75E4CA', 'flight_date': '#05DE8E', 'agent_address': '#9DFE73', 'freight_collect_or_prepaid': '#1A30ED', 'flight_details': '#902590', 'notify_party_address': '#8E646B', 'shipper_name': '#F53EFA', 'signed_by_carrier': '#D9592D', 'stamped_onboard_date': '#15BFD4', 'awb_original_number': '#CF3F95', 'flight_no': '#A2BDEB', 'freight_collected_at': '#7F4A3C', 'amount_insurance': '#36E86F', 'house_awb_bill_no': '#5ECE05', 'master_awb_bill_no': '#5108E7', 'airport_of_departure': '#C827CA', 'invoice_date': '#8E7FA8', 'good_marks': '#2881C6', 'place_of_receipt': '#2BE1EC', 'agent_name': '#BF85BB', 'signed_by_master': '#E3623A', 'airport_of_destination': '#73212F', 'master_name': '#5F635E', 'notify_party_name': '#EEAA96'}
2024-03-14 01:38:12,982 is result_set is instance of dict? True
2024-03-14 01:38:12,983 is final_result_set is instance of dict? True
2024-03-14 01:38:13,407 Time taken for page 1 of Bill_Of_Landing_418_page_6.png:0:00:02.708643
2024-03-14 01:38:13,560 *****Generated All Pages****** for Bill_Of_Landing_418_page_6.png
2024-03-14 01:38:13,560 RAM memory 87.2 used for Bill_Of_Landing_418_page_6.png Generating All Pages:
2024-03-14 01:38:13,560 Processing time taken for all pages of Bill_Of_Landing_418_page_6.png1:0:00:02.862903
2024-03-14 01:38:13,684 file name is:Bill_Of_Landing_562_page_24.png
2024-03-14 01:38:13,684 folder path :Images
2024-03-14 01:38:13,684 Calling Image result
2024-03-14 01:38:13,684 is all_page_result is instance of dict? True
2024-03-14 01:38:13,685 STREAM b'IHDR' 16 13
2024-03-14 01:38:13,685 STREAM b'IDAT' 41 65536
2024-03-14 01:38:13,716 is words is instance of list? True
2024-03-14 01:38:13,716 is bboxes is instance of list? True
2024-03-14 01:38:13,716 is bounding_boxes is instance of list? True
2024-03-14 01:38:13,941 is input_id_chunks is instance of list? True
2024-03-14 01:38:13,941 is mask_chunks is instance of list? True
2024-03-14 01:38:13,941 is bbox_chunks is instance of list? True
2024-03-14 01:38:13,941 is image_chunks is instance of list? True
2024-03-14 01:38:13,941 is input_dict is instance of dict? True
2024-03-14 01:38:15,856 Model Called
2024-03-14 01:38:15,856 RAM memory 86.4 used for Bill_Of_Landing_562_page_24.png:
2024-03-14 01:38:15,856 is all_predictions is instance of list? True
2024-03-14 01:38:15,856 is all_boxes is instance of list? True
2024-03-14 01:38:15,856 is all_confidences is instance of list? True
2024-03-14 01:38:15,856 is all_text is instance of list? True
2024-03-14 01:38:15,857 is label2id is instance of dict? True
2024-03-14 01:38:15,857 is id2label is instance of dict? True
2024-03-14 01:38:15,858 is label2color is instance of dict? True
2024-03-14 01:38:15,858 label2color : {'lc_date': '#428A88', 'stamp': '#704475', 'transaction_date': '#6CD96F', 'carriage_condition': '#E3CFDE', 'carrier_address': '#13E950', 'gross_weight': '#39AC74', 'goods_description': '#781EE1', 'gross_quantity': '#E22320', 'consignee_address': '#AC1BE7', 'signature': '#C563B7', 'awb_original_or_copy': '#31FB88', 'declared_value_of_custom': '#D41BDB', 'carrier_name': '#2C0EE6', 'at_place': '#965096', 'shipment_date': '#5DA10D', 'shipper_address': '#ABB7FB', 'net_weight': '#7222D9', 'consignee_name': '#0B8985', 'invoice_number': '#FE8241', 'awb_bill_no': '#4435B0', 'dimension': '#404512', 'O': '#110A01', 'declared_value_of_carriage': '#77881C', 'final_destination': '#2177A7', 'awb_bill_issue_date': '#2E6577', 'lc_no': '#668874', 'signed_by_agent': '#D21507', 'flight_date': '#4407D7', 'agent_address': '#48F973', 'freight_collect_or_prepaid': '#EF26C7', 'flight_details': '#2CC4D7', 'notify_party_address': '#E06BA9', 'shipper_name': '#D521D7', 'signed_by_carrier': '#266E46', 'stamped_onboard_date': '#E5B781', 'awb_original_number': '#DF4681', 'flight_no': '#4F5BF9', 'freight_collected_at': '#9C295C', 'amount_insurance': '#D2D265', 'house_awb_bill_no': '#294650', 'master_awb_bill_no': '#D225D5', 'airport_of_departure': '#E31A1A', 'invoice_date': '#3528E4', 'good_marks': '#77D0D6', 'place_of_receipt': '#930CF3', 'agent_name': '#F8A20E', 'signed_by_master': '#7CDC5F', 'airport_of_destination': '#37AF76', 'master_name': '#A05F85', 'notify_party_name': '#C24AC6'}
2024-03-14 01:38:16,088 is result_set is instance of dict? True
2024-03-14 01:38:16,089 is final_result_set is instance of dict? True
2024-03-14 01:38:16,457 Time taken for page 1 of Bill_Of_Landing_562_page_24.png:0:00:02.772203
2024-03-14 01:38:16,603 *****Generated All Pages****** for Bill_Of_Landing_562_page_24.png
2024-03-14 01:38:16,604 RAM memory 86.5 used for Bill_Of_Landing_562_page_24.png Generating All Pages:
2024-03-14 01:38:16,604 Processing time taken for all pages of Bill_Of_Landing_562_page_24.png1:0:00:02.919629
2024-03-14 01:38:16,717 file name is:Bill_Of_Landing_743_page_0.png
2024-03-14 01:38:16,717 folder path :Images
2024-03-14 01:38:16,717 Calling Image result
2024-03-14 01:38:16,718 is all_page_result is instance of dict? True
2024-03-14 01:38:16,718 STREAM b'IHDR' 16 13
2024-03-14 01:38:16,718 STREAM b'IDAT' 41 65536
2024-03-14 01:38:16,786 is words is instance of list? True
2024-03-14 01:38:16,786 is bboxes is instance of list? True
2024-03-14 01:38:16,786 is bounding_boxes is instance of list? True
2024-03-14 01:38:17,319 is input_id_chunks is instance of list? True
2024-03-14 01:38:17,319 is mask_chunks is instance of list? True
2024-03-14 01:38:17,319 is bbox_chunks is instance of list? True
2024-03-14 01:38:17,319 is image_chunks is instance of list? True
2024-03-14 01:38:17,319 is input_dict is instance of dict? True
2024-03-14 01:38:19,132 Model Called
2024-03-14 01:38:19,133 RAM memory 86.4 used for Bill_Of_Landing_743_page_0.png:
2024-03-14 01:38:19,133 is all_predictions is instance of list? True
2024-03-14 01:38:19,133 is all_boxes is instance of list? True
2024-03-14 01:38:19,133 is all_confidences is instance of list? True
2024-03-14 01:38:19,133 is all_text is instance of list? True
2024-03-14 01:38:19,133 is label2id is instance of dict? True
2024-03-14 01:38:19,133 is id2label is instance of dict? True
2024-03-14 01:38:19,134 is label2color is instance of dict? True
2024-03-14 01:38:19,134 label2color : {'lc_date': '#0CACDD', 'stamp': '#AF0643', 'transaction_date': '#FE3630', 'carriage_condition': '#11FADC', 'carrier_address': '#5EE4CD', 'gross_weight': '#0CBFD8', 'goods_description': '#1B5D61', 'gross_quantity': '#3CBE31', 'consignee_address': '#C8698B', 'signature': '#49DEBF', 'awb_original_or_copy': '#0BD61B', 'declared_value_of_custom': '#F2BDA5', 'carrier_name': '#9F1026', 'at_place': '#CF00C2', 'shipment_date': '#EEBD06', 'shipper_address': '#3B5CA9', 'net_weight': '#7DEF35', 'consignee_name': '#F1B394', 'invoice_number': '#B9E6C3', 'awb_bill_no': '#965DC4', 'dimension': '#1842AB', 'O': '#051DD9', 'declared_value_of_carriage': '#425CF6', 'final_destination': '#DAA29A', 'awb_bill_issue_date': '#86A189', 'lc_no': '#6D6F2E', 'signed_by_agent': '#EEA08B', 'flight_date': '#0227E4', 'agent_address': '#9CFDFC', 'freight_collect_or_prepaid': '#D1C016', 'flight_details': '#30387E', 'notify_party_address': '#1B530A', 'shipper_name': '#4857CA', 'signed_by_carrier': '#E60FC5', 'stamped_onboard_date': '#FCF542', 'awb_original_number': '#821046', 'flight_no': '#7EE13B', 'freight_collected_at': '#E2775F', 'amount_insurance': '#38ECE2', 'house_awb_bill_no': '#350403', 'master_awb_bill_no': '#D2507E', 'airport_of_departure': '#BA389F', 'invoice_date': '#365AD6', 'good_marks': '#145B24', 'place_of_receipt': '#6F7F81', 'agent_name': '#37A073', 'signed_by_master': '#CE29BB', 'airport_of_destination': '#A88F8D', 'master_name': '#C299E8', 'notify_party_name': '#04C46B'}
2024-03-14 01:38:19,648 is result_set is instance of dict? True
2024-03-14 01:38:19,650 is final_result_set is instance of dict? True
2024-03-14 01:38:20,083 Time taken for page 1 of Bill_Of_Landing_743_page_0.png:0:00:03.364764
2024-03-14 01:38:20,387 *****Generated All Pages****** for Bill_Of_Landing_743_page_0.png
2024-03-14 01:38:20,387 RAM memory 87.0 used for Bill_Of_Landing_743_page_0.png Generating All Pages:
2024-03-14 01:38:20,387 Processing time taken for all pages of Bill_Of_Landing_743_page_0.png1:0:00:03.669452
2024-03-14 01:38:20,509 file name is:Bill_Of_Landing_424_page_5.png
2024-03-14 01:38:20,509 folder path :Images
2024-03-14 01:38:20,509 Calling Image result
2024-03-14 01:38:20,509 is all_page_result is instance of dict? True
2024-03-14 01:38:20,510 STREAM b'IHDR' 16 13
2024-03-14 01:38:20,510 STREAM b'IDAT' 41 62380
2024-03-14 01:38:20,539 is words is instance of list? True
2024-03-14 01:38:20,539 is bboxes is instance of list? True
2024-03-14 01:38:20,539 is bounding_boxes is instance of list? True
2024-03-14 01:38:20,739 is input_id_chunks is instance of list? True
2024-03-14 01:38:20,739 is mask_chunks is instance of list? True
2024-03-14 01:38:20,739 is bbox_chunks is instance of list? True
2024-03-14 01:38:20,740 is image_chunks is instance of list? True
2024-03-14 01:38:20,740 is input_dict is instance of dict? True
2024-03-14 01:38:22,546 Model Called
2024-03-14 01:38:22,546 RAM memory 85.4 used for Bill_Of_Landing_424_page_5.png:
2024-03-14 01:38:22,546 is all_predictions is instance of list? True
2024-03-14 01:38:22,546 is all_boxes is instance of list? True
2024-03-14 01:38:22,546 is all_confidences is instance of list? True
2024-03-14 01:38:22,546 is all_text is instance of list? True
2024-03-14 01:38:22,546 is label2id is instance of dict? True
2024-03-14 01:38:22,547 is id2label is instance of dict? True
2024-03-14 01:38:22,547 is label2color is instance of dict? True
2024-03-14 01:38:22,547 label2color : {'lc_date': '#259F55', 'stamp': '#E9C2C0', 'transaction_date': '#3DF7F0', 'carriage_condition': '#505598', 'carrier_address': '#82CF14', 'gross_weight': '#D5C6CA', 'goods_description': '#0CF4C7', 'gross_quantity': '#8E1933', 'consignee_address': '#BD76B0', 'signature': '#982D79', 'awb_original_or_copy': '#A1CB15', 'declared_value_of_custom': '#B76186', 'carrier_name': '#D8CF9B', 'at_place': '#64CBC7', 'shipment_date': '#69C41B', 'shipper_address': '#478621', 'net_weight': '#632AE1', 'consignee_name': '#408538', 'invoice_number': '#FDBFAA', 'awb_bill_no': '#659DD8', 'dimension': '#BD2606', 'O': '#1848E3', 'declared_value_of_carriage': '#DC5B1D', 'final_destination': '#CF6C93', 'awb_bill_issue_date': '#50A6F6', 'lc_no': '#549223', 'signed_by_agent': '#C9BEF2', 'flight_date': '#AA1F87', 'agent_address': '#38CD89', 'freight_collect_or_prepaid': '#CB82A5', 'flight_details': '#AD57E5', 'notify_party_address': '#5BF58C', 'shipper_name': '#FE1370', 'signed_by_carrier': '#CF5A40', 'stamped_onboard_date': '#57F3B6', 'awb_original_number': '#235415', 'flight_no': '#E10185', 'freight_collected_at': '#77D01F', 'amount_insurance': '#63D0A5', 'house_awb_bill_no': '#00C532', 'master_awb_bill_no': '#365BFD', 'airport_of_departure': '#B03A71', 'invoice_date': '#672BEA', 'good_marks': '#2148B5', 'place_of_receipt': '#247525', 'agent_name': '#A5805C', 'signed_by_master': '#7C4D50', 'airport_of_destination': '#76A681', 'master_name': '#F00A3D', 'notify_party_name': '#C59811'}
2024-03-14 01:38:22,736 is result_set is instance of dict? True
2024-03-14 01:38:22,737 is final_result_set is instance of dict? True
2024-03-14 01:38:23,058 Time taken for page 1 of Bill_Of_Landing_424_page_5.png:0:00:02.548591
2024-03-14 01:38:23,183 *****Generated All Pages****** for Bill_Of_Landing_424_page_5.png
2024-03-14 01:38:23,183 RAM memory 85.6 used for Bill_Of_Landing_424_page_5.png Generating All Pages:
2024-03-14 01:38:23,183 Processing time taken for all pages of Bill_Of_Landing_424_page_5.png1:0:00:02.674086
2024-03-14 01:38:23,301 file name is:Bill_Of_Landing_418_page_8.png
2024-03-14 01:38:23,301 folder path :Images
2024-03-14 01:38:23,301 Calling Image result
2024-03-14 01:38:23,302 is all_page_result is instance of dict? True
2024-03-14 01:38:23,302 STREAM b'IHDR' 16 13
2024-03-14 01:38:23,302 STREAM b'IDAT' 41 65536
2024-03-14 01:38:23,332 is words is instance of list? True
2024-03-14 01:38:23,332 is bboxes is instance of list? True
2024-03-14 01:38:23,332 is bounding_boxes is instance of list? True
2024-03-14 01:38:23,538 is input_id_chunks is instance of list? True
2024-03-14 01:38:23,538 is mask_chunks is instance of list? True
2024-03-14 01:38:23,538 is bbox_chunks is instance of list? True
2024-03-14 01:38:23,538 is image_chunks is instance of list? True
2024-03-14 01:38:23,538 is input_dict is instance of dict? True
2024-03-14 01:38:25,398 Model Called
2024-03-14 01:38:25,399 RAM memory 85.4 used for Bill_Of_Landing_418_page_8.png:
2024-03-14 01:38:25,399 is all_predictions is instance of list? True
2024-03-14 01:38:25,399 is all_boxes is instance of list? True
2024-03-14 01:38:25,399 is all_confidences is instance of list? True
2024-03-14 01:38:25,399 is all_text is instance of list? True
2024-03-14 01:38:25,399 is label2id is instance of dict? True
2024-03-14 01:38:25,399 is id2label is instance of dict? True
2024-03-14 01:38:25,400 is label2color is instance of dict? True
2024-03-14 01:38:25,400 label2color : {'lc_date': '#227307', 'stamp': '#71BB27', 'transaction_date': '#6BA3E6', 'carriage_condition': '#AFE874', 'carrier_address': '#E16F66', 'gross_weight': '#2ED5F6', 'goods_description': '#24D5D3', 'gross_quantity': '#BAACEA', 'consignee_address': '#223AB8', 'signature': '#6C3B9B', 'awb_original_or_copy': '#C5476D', 'declared_value_of_custom': '#2754B1', 'carrier_name': '#C5CE23', 'at_place': '#D64AF4', 'shipment_date': '#1DCB56', 'shipper_address': '#FC7871', 'net_weight': '#73C8BB', 'consignee_name': '#41A0E7', 'invoice_number': '#92F510', 'awb_bill_no': '#42C9BB', 'dimension': '#BD0263', 'O': '#067040', 'declared_value_of_carriage': '#AC6FFA', 'final_destination': '#13303D', 'awb_bill_issue_date': '#E61841', 'lc_no': '#6AECE2', 'signed_by_agent': '#B11B0A', 'flight_date': '#735F1F', 'agent_address': '#0DECC3', 'freight_collect_or_prepaid': '#0DF20D', 'flight_details': '#6C420C', 'notify_party_address': '#0FCE47', 'shipper_name': '#4D3BBB', 'signed_by_carrier': '#ED9AC4', 'stamped_onboard_date': '#93C1DE', 'awb_original_number': '#E4BDEC', 'flight_no': '#582AE5', 'freight_collected_at': '#243FD5', 'amount_insurance': '#36A899', 'house_awb_bill_no': '#38C282', 'master_awb_bill_no': '#EA81D9', 'airport_of_departure': '#64157F', 'invoice_date': '#9CEE18', 'good_marks': '#E63F55', 'place_of_receipt': '#E776B7', 'agent_name': '#D13EAE', 'signed_by_master': '#E82668', 'airport_of_destination': '#CE0191', 'master_name': '#3F94D3', 'notify_party_name': '#6753AA'}
2024-03-14 01:38:25,607 is result_set is instance of dict? True
2024-03-14 01:38:25,609 is final_result_set is instance of dict? True
2024-03-14 01:38:26,021 Time taken for page 1 of Bill_Of_Landing_418_page_8.png:0:00:02.718986
2024-03-14 01:38:26,156 *****Generated All Pages****** for Bill_Of_Landing_418_page_8.png
2024-03-14 01:38:26,157 RAM memory 85.7 used for Bill_Of_Landing_418_page_8.png Generating All Pages:
2024-03-14 01:38:26,157 Processing time taken for all pages of Bill_Of_Landing_418_page_8.png1:0:00:02.855272
2024-03-14 01:38:26,268 file name is:Bill_Of_Landing_637_page_0.png
2024-03-14 01:38:26,268 folder path :Images
2024-03-14 01:38:26,268 Calling Image result
2024-03-14 01:38:26,268 is all_page_result is instance of dict? True
2024-03-14 01:38:26,269 STREAM b'IHDR' 16 13
2024-03-14 01:38:26,269 STREAM b'IDAT' 41 65536
2024-03-14 01:38:26,298 is words is instance of list? True
2024-03-14 01:38:26,299 is bboxes is instance of list? True
2024-03-14 01:38:26,299 is bounding_boxes is instance of list? True
2024-03-14 01:38:26,505 is input_id_chunks is instance of list? True
2024-03-14 01:38:26,505 is mask_chunks is instance of list? True
2024-03-14 01:38:26,505 is bbox_chunks is instance of list? True
2024-03-14 01:38:26,505 is image_chunks is instance of list? True
2024-03-14 01:38:26,506 is input_dict is instance of dict? True
2024-03-14 01:38:29,285 Model Called
2024-03-14 01:38:29,285 RAM memory 91.8 used for Bill_Of_Landing_637_page_0.png:
2024-03-14 01:38:29,285 is all_predictions is instance of list? True
2024-03-14 01:38:29,285 is all_boxes is instance of list? True
2024-03-14 01:38:29,285 is all_confidences is instance of list? True
2024-03-14 01:38:29,285 is all_text is instance of list? True
2024-03-14 01:38:29,286 is label2id is instance of dict? True
2024-03-14 01:38:29,286 is id2label is instance of dict? True
2024-03-14 01:38:29,287 is label2color is instance of dict? True
2024-03-14 01:38:29,287 label2color : {'lc_date': '#E8033A', 'stamp': '#31ED0B', 'transaction_date': '#3527DB', 'carriage_condition': '#C16F8D', 'carrier_address': '#530CF2', 'gross_weight': '#7B3A72', 'goods_description': '#269E08', 'gross_quantity': '#9F92C2', 'consignee_address': '#F838C1', 'signature': '#D07C17', 'awb_original_or_copy': '#5CB632', 'declared_value_of_custom': '#68A034', 'carrier_name': '#C52341', 'at_place': '#15AFDD', 'shipment_date': '#866625', 'shipper_address': '#5AE830', 'net_weight': '#2B2DF4', 'consignee_name': '#513AE2', 'invoice_number': '#966014', 'awb_bill_no': '#509171', 'dimension': '#227A0D', 'O': '#900F06', 'declared_value_of_carriage': '#5FB20D', 'final_destination': '#9E2D96', 'awb_bill_issue_date': '#62C8D9', 'lc_no': '#D4FD8A', 'signed_by_agent': '#FEBF0A', 'flight_date': '#48C60E', 'agent_address': '#D81D36', 'freight_collect_or_prepaid': '#911D7E', 'flight_details': '#018D91', 'notify_party_address': '#326ADD', 'shipper_name': '#37134A', 'signed_by_carrier': '#C9D842', 'stamped_onboard_date': '#3030D5', 'awb_original_number': '#516574', 'flight_no': '#97EA80', 'freight_collected_at': '#BDA80D', 'amount_insurance': '#1540E9', 'house_awb_bill_no': '#C0552D', 'master_awb_bill_no': '#315337', 'airport_of_departure': '#1C21BC', 'invoice_date': '#BAC038', 'good_marks': '#72F595', 'place_of_receipt': '#558B6F', 'agent_name': '#3E1FD6', 'signed_by_master': '#401282', 'airport_of_destination': '#D11D74', 'master_name': '#B2B7BE', 'notify_party_name': '#1F9B6A'}
2024-03-14 01:38:29,565 is result_set is instance of dict? True
2024-03-14 01:38:29,566 is final_result_set is instance of dict? True
2024-03-14 01:38:30,178 Time taken for page 1 of Bill_Of_Landing_637_page_0.png:0:00:03.908523
2024-03-14 01:38:30,323 *****Generated All Pages****** for Bill_Of_Landing_637_page_0.png
2024-03-14 01:38:30,323 RAM memory 92.1 used for Bill_Of_Landing_637_page_0.png Generating All Pages:
2024-03-14 01:38:30,323 Processing time taken for all pages of Bill_Of_Landing_637_page_0.png1:0:00:04.054860
2024-03-14 01:38:30,446 file name is:Bill_Of_Landing_328_page_0.png
2024-03-14 01:38:30,447 folder path :Images
2024-03-14 01:38:30,447 Calling Image result
2024-03-14 01:38:30,447 is all_page_result is instance of dict? True
2024-03-14 01:38:30,457 STREAM b'IHDR' 16 13
2024-03-14 01:38:30,458 STREAM b'IDAT' 41 65536
2024-03-14 01:38:30,489 is words is instance of list? True
2024-03-14 01:38:30,489 is bboxes is instance of list? True
2024-03-14 01:38:30,489 is bounding_boxes is instance of list? True
2024-03-14 01:38:30,724 is input_id_chunks is instance of list? True
2024-03-14 01:38:30,724 is mask_chunks is instance of list? True
2024-03-14 01:38:30,724 is bbox_chunks is instance of list? True
2024-03-14 01:38:30,724 is image_chunks is instance of list? True
2024-03-14 01:38:30,725 is input_dict is instance of dict? True
2024-03-14 01:38:32,657 Model Called
2024-03-14 01:38:32,657 RAM memory 85.9 used for Bill_Of_Landing_328_page_0.png:
2024-03-14 01:38:32,657 is all_predictions is instance of list? True
2024-03-14 01:38:32,657 is all_boxes is instance of list? True
2024-03-14 01:38:32,657 is all_confidences is instance of list? True
2024-03-14 01:38:32,657 is all_text is instance of list? True
2024-03-14 01:38:32,658 is label2id is instance of dict? True
2024-03-14 01:38:32,658 is id2label is instance of dict? True
2024-03-14 01:38:32,658 is label2color is instance of dict? True
2024-03-14 01:38:32,659 label2color : {'lc_date': '#198509', 'stamp': '#836F86', 'transaction_date': '#25FB43', 'carriage_condition': '#C745CF', 'carrier_address': '#8E9087', 'gross_weight': '#62E3C3', 'goods_description': '#D5A548', 'gross_quantity': '#C642F6', 'consignee_address': '#344991', 'signature': '#827AFC', 'awb_original_or_copy': '#DD1477', 'declared_value_of_custom': '#77A00E', 'carrier_name': '#8E4B34', 'at_place': '#2FB14E', 'shipment_date': '#A42D30', 'shipper_address': '#18FE5F', 'net_weight': '#CC1FC9', 'consignee_name': '#3CAB61', 'invoice_number': '#141606', 'awb_bill_no': '#2BCF2B', 'dimension': '#A20737', 'O': '#69367A', 'declared_value_of_carriage': '#AFE7E0', 'final_destination': '#C7ED52', 'awb_bill_issue_date': '#DFA8BF', 'lc_no': '#A2D528', 'signed_by_agent': '#4E4DD9', 'flight_date': '#E7511E', 'agent_address': '#DF982B', 'freight_collect_or_prepaid': '#78648F', 'flight_details': '#547605', 'notify_party_address': '#491BCA', 'shipper_name': '#C018CE', 'signed_by_carrier': '#6AF0BA', 'stamped_onboard_date': '#D4D397', 'awb_original_number': '#B08A97', 'flight_no': '#888690', 'freight_collected_at': '#2CB1FE', 'amount_insurance': '#23B8D6', 'house_awb_bill_no': '#6592CA', 'master_awb_bill_no': '#EF7E22', 'airport_of_departure': '#E9FBA4', 'invoice_date': '#9ABA4C', 'good_marks': '#60B594', 'place_of_receipt': '#D57C75', 'agent_name': '#E808BD', 'signed_by_master': '#5241D0', 'airport_of_destination': '#B89EA0', 'master_name': '#3511D2', 'notify_party_name': '#C63B32'}
2024-03-14 01:38:32,854 is result_set is instance of dict? True
2024-03-14 01:38:32,856 is final_result_set is instance of dict? True
2024-03-14 01:38:33,118 Time taken for page 1 of Bill_Of_Landing_328_page_0.png:0:00:02.659843
2024-03-14 01:38:33,261 *****Generated All Pages****** for Bill_Of_Landing_328_page_0.png
2024-03-14 01:38:33,261 RAM memory 85.7 used for Bill_Of_Landing_328_page_0.png Generating All Pages:
2024-03-14 01:38:33,261 Processing time taken for all pages of Bill_Of_Landing_328_page_0.png1:0:00:02.813963
2024-03-14 01:38:33,377 file name is:Bill_Of_Landing_270_page_0.png
2024-03-14 01:38:33,378 folder path :Images
2024-03-14 01:38:33,378 Calling Image result
2024-03-14 01:38:33,378 is all_page_result is instance of dict? True
2024-03-14 01:38:33,388 STREAM b'IHDR' 16 13
2024-03-14 01:38:33,388 STREAM b'IDAT' 41 65536
2024-03-14 01:38:33,420 is words is instance of list? True
2024-03-14 01:38:33,420 is bboxes is instance of list? True
2024-03-14 01:38:33,420 is bounding_boxes is instance of list? True
2024-03-14 01:38:33,622 is input_id_chunks is instance of list? True
2024-03-14 01:38:33,622 is mask_chunks is instance of list? True
2024-03-14 01:38:33,622 is bbox_chunks is instance of list? True
2024-03-14 01:38:33,622 is image_chunks is instance of list? True
2024-03-14 01:38:33,623 is input_dict is instance of dict? True
2024-03-14 01:38:35,471 Model Called
2024-03-14 01:38:35,471 RAM memory 85.6 used for Bill_Of_Landing_270_page_0.png:
2024-03-14 01:38:35,471 is all_predictions is instance of list? True
2024-03-14 01:38:35,471 is all_boxes is instance of list? True
2024-03-14 01:38:35,471 is all_confidences is instance of list? True
2024-03-14 01:38:35,471 is all_text is instance of list? True
2024-03-14 01:38:35,471 is label2id is instance of dict? True
2024-03-14 01:38:35,472 is id2label is instance of dict? True
2024-03-14 01:38:35,472 is label2color is instance of dict? True
2024-03-14 01:38:35,473 label2color : {'lc_date': '#0D9262', 'stamp': '#482CFB', 'transaction_date': '#4939F8', 'carriage_condition': '#607930', 'carrier_address': '#54F919', 'gross_weight': '#4CD949', 'goods_description': '#38BA1F', 'gross_quantity': '#73B5EF', 'consignee_address': '#4E5E1C', 'signature': '#673851', 'awb_original_or_copy': '#4BDC74', 'declared_value_of_custom': '#2D74AF', 'carrier_name': '#7FF943', 'at_place': '#8CA1F6', 'shipment_date': '#CAD8DA', 'shipper_address': '#A4D241', 'net_weight': '#4CDD6A', 'consignee_name': '#36E8D8', 'invoice_number': '#2431EA', 'awb_bill_no': '#3116EA', 'dimension': '#C4EE1F', 'O': '#A771D7', 'declared_value_of_carriage': '#CC35DB', 'final_destination': '#2C4B38', 'awb_bill_issue_date': '#9A898D', 'lc_no': '#E7BD09', 'signed_by_agent': '#B18123', 'flight_date': '#9CE352', 'agent_address': '#488E88', 'freight_collect_or_prepaid': '#CDA7AF', 'flight_details': '#F2F124', 'notify_party_address': '#833A32', 'shipper_name': '#AF9F24', 'signed_by_carrier': '#77A6C2', 'stamped_onboard_date': '#B5B042', 'awb_original_number': '#A54C23', 'flight_no': '#462D4B', 'freight_collected_at': '#3F9805', 'amount_insurance': '#52007E', 'house_awb_bill_no': '#A22A86', 'master_awb_bill_no': '#4B69B1', 'airport_of_departure': '#7BD926', 'invoice_date': '#5C035E', 'good_marks': '#0E250D', 'place_of_receipt': '#9D07AF', 'agent_name': '#62899F', 'signed_by_master': '#44FF7E', 'airport_of_destination': '#70CCAC', 'master_name': '#4FB5DF', 'notify_party_name': '#91F8B4'}
2024-03-14 01:38:35,670 is result_set is instance of dict? True
2024-03-14 01:38:35,672 is final_result_set is instance of dict? True
2024-03-14 01:38:36,013 Time taken for page 1 of Bill_Of_Landing_270_page_0.png:0:00:02.624896
2024-03-14 01:38:36,147 *****Generated All Pages****** for Bill_Of_Landing_270_page_0.png
2024-03-14 01:38:36,147 RAM memory 85.9 used for Bill_Of_Landing_270_page_0.png Generating All Pages:
2024-03-14 01:38:36,147 Processing time taken for all pages of Bill_Of_Landing_270_page_0.png1:0:00:02.769372
2024-03-14 01:38:36,266 file name is:Bill_Of_Landing_648_page_1.png
2024-03-14 01:38:36,266 folder path :Images
2024-03-14 01:38:36,267 Calling Image result
2024-03-14 01:38:36,267 is all_page_result is instance of dict? True
2024-03-14 01:38:36,267 STREAM b'IHDR' 16 13
2024-03-14 01:38:36,267 STREAM b'sRGB' 41 1
2024-03-14 01:38:36,267 STREAM b'gAMA' 54 4
2024-03-14 01:38:36,267 STREAM b'pHYs' 70 9
2024-03-14 01:38:36,267 STREAM b'IDAT' 91 34243
2024-03-14 01:38:36,285 is words is instance of list? True
2024-03-14 01:38:36,285 is bboxes is instance of list? True
2024-03-14 01:38:36,285 is bounding_boxes is instance of list? True
2024-03-14 01:38:36,403 is input_id_chunks is instance of list? True
2024-03-14 01:38:36,403 is mask_chunks is instance of list? True
2024-03-14 01:38:36,403 is bbox_chunks is instance of list? True
2024-03-14 01:38:36,403 is image_chunks is instance of list? True
2024-03-14 01:38:36,404 is input_dict is instance of dict? True
2024-03-14 01:38:37,377 Model Called
2024-03-14 01:38:37,377 RAM memory 84.6 used for Bill_Of_Landing_648_page_1.png:
2024-03-14 01:38:37,377 is all_predictions is instance of list? True
2024-03-14 01:38:37,377 is all_boxes is instance of list? True
2024-03-14 01:38:37,377 is all_confidences is instance of list? True
2024-03-14 01:38:37,377 is all_text is instance of list? True
2024-03-14 01:38:37,377 is label2id is instance of dict? True
2024-03-14 01:38:37,377 is id2label is instance of dict? True
2024-03-14 01:38:37,378 is label2color is instance of dict? True
2024-03-14 01:38:37,378 label2color : {'lc_date': '#EB270A', 'stamp': '#34E108', 'transaction_date': '#F39DE9', 'carriage_condition': '#3EE2A7', 'carrier_address': '#F7166B', 'gross_weight': '#ECDCBB', 'goods_description': '#CD07A0', 'gross_quantity': '#FE8762', 'consignee_address': '#3952D1', 'signature': '#F4CB5B', 'awb_original_or_copy': '#F0B543', 'declared_value_of_custom': '#DA6BEC', 'carrier_name': '#305079', 'at_place': '#9793BE', 'shipment_date': '#673323', 'shipper_address': '#0FB48B', 'net_weight': '#FF276B', 'consignee_name': '#F98EFB', 'invoice_number': '#F138FE', 'awb_bill_no': '#CECB09', 'dimension': '#5CC4CC', 'O': '#46F0BD', 'declared_value_of_carriage': '#112FF4', 'final_destination': '#41CB46', 'awb_bill_issue_date': '#7403D2', 'lc_no': '#1DD9B8', 'signed_by_agent': '#91C493', 'flight_date': '#04817C', 'agent_address': '#B588C9', 'freight_collect_or_prepaid': '#B6B222', 'flight_details': '#A357E3', 'notify_party_address': '#87B433', 'shipper_name': '#4A3194', 'signed_by_carrier': '#77B4DE', 'stamped_onboard_date': '#FC8971', 'awb_original_number': '#518E86', 'flight_no': '#32D49E', 'freight_collected_at': '#38E403', 'amount_insurance': '#EFE56A', 'house_awb_bill_no': '#12340C', 'master_awb_bill_no': '#E82C1C', 'airport_of_departure': '#0DC230', 'invoice_date': '#26E4CA', 'good_marks': '#BC8B9A', 'place_of_receipt': '#7BC9B5', 'agent_name': '#21E0D1', 'signed_by_master': '#87FFD2', 'airport_of_destination': '#690DB3', 'master_name': '#4C5F24', 'notify_party_name': '#2A6C0E'}
2024-03-14 01:38:37,452 is result_set is instance of dict? True
2024-03-14 01:38:37,452 is final_result_set is instance of dict? True
2024-03-14 01:38:37,618 Time taken for page 1 of Bill_Of_Landing_648_page_1.png:0:00:01.350738
2024-03-14 01:38:37,700 *****Generated All Pages****** for Bill_Of_Landing_648_page_1.png
2024-03-14 01:38:37,700 RAM memory 84.4 used for Bill_Of_Landing_648_page_1.png Generating All Pages:
2024-03-14 01:38:37,700 Processing time taken for all pages of Bill_Of_Landing_648_page_1.png1:0:00:01.433211
2024-03-14 01:38:37,817 file name is:Bill_Of_Landing_310_page_0.png
2024-03-14 01:38:37,817 folder path :Images
2024-03-14 01:38:37,817 Calling Image result
2024-03-14 01:38:37,817 is all_page_result is instance of dict? True
2024-03-14 01:38:37,828 STREAM b'IHDR' 16 13
2024-03-14 01:38:37,828 STREAM b'IDAT' 41 65536
2024-03-14 01:38:37,857 is words is instance of list? True
2024-03-14 01:38:37,857 is bboxes is instance of list? True
2024-03-14 01:38:37,857 is bounding_boxes is instance of list? True
2024-03-14 01:38:38,070 is input_id_chunks is instance of list? True
2024-03-14 01:38:38,071 is mask_chunks is instance of list? True
2024-03-14 01:38:38,071 is bbox_chunks is instance of list? True
2024-03-14 01:38:38,071 is image_chunks is instance of list? True
2024-03-14 01:38:38,071 is input_dict is instance of dict? True
2024-03-14 01:38:39,905 Model Called
2024-03-14 01:38:39,906 RAM memory 85.8 used for Bill_Of_Landing_310_page_0.png:
2024-03-14 01:38:39,906 is all_predictions is instance of list? True
2024-03-14 01:38:39,906 is all_boxes is instance of list? True
2024-03-14 01:38:39,906 is all_confidences is instance of list? True
2024-03-14 01:38:39,906 is all_text is instance of list? True
2024-03-14 01:38:39,906 is label2id is instance of dict? True
2024-03-14 01:38:39,906 is id2label is instance of dict? True
2024-03-14 01:38:39,907 is label2color is instance of dict? True
2024-03-14 01:38:39,907 label2color : {'lc_date': '#31555C', 'stamp': '#8F33D7', 'transaction_date': '#FF3514', 'carriage_condition': '#E12E63', 'carrier_address': '#5E5493', 'gross_weight': '#B31FDA', 'goods_description': '#98F76C', 'gross_quantity': '#2C96BE', 'consignee_address': '#8F2090', 'signature': '#FE0781', 'awb_original_or_copy': '#E256D5', 'declared_value_of_custom': '#30BB59', 'carrier_name': '#D9C7E5', 'at_place': '#17ADD8', 'shipment_date': '#9BB6FE', 'shipper_address': '#4B3E24', 'net_weight': '#1C5271', 'consignee_name': '#FD4B85', 'invoice_number': '#F3048F', 'awb_bill_no': '#E26FC5', 'dimension': '#1E9834', 'O': '#345F29', 'declared_value_of_carriage': '#EF19F3', 'final_destination': '#38EE1F', 'awb_bill_issue_date': '#8BF7C3', 'lc_no': '#7D3ED5', 'signed_by_agent': '#EAD60E', 'flight_date': '#9F072F', 'agent_address': '#810A87', 'freight_collect_or_prepaid': '#62AC7D', 'flight_details': '#263024', 'notify_party_address': '#EA1FA7', 'shipper_name': '#EEB5CF', 'signed_by_carrier': '#44C001', 'stamped_onboard_date': '#3AF134', 'awb_original_number': '#D99752', 'flight_no': '#1E693B', 'freight_collected_at': '#D49775', 'amount_insurance': '#1933EB', 'house_awb_bill_no': '#72FC99', 'master_awb_bill_no': '#170231', 'airport_of_departure': '#663BA2', 'invoice_date': '#F9C938', 'good_marks': '#555A2F', 'place_of_receipt': '#E20FE9', 'agent_name': '#86C396', 'signed_by_master': '#8CB0CA', 'airport_of_destination': '#52E709', 'master_name': '#138941', 'notify_party_name': '#F6C442'}
2024-03-14 01:38:40,134 is result_set is instance of dict? True
2024-03-14 01:38:40,136 is final_result_set is instance of dict? True
2024-03-14 01:38:40,547 Time taken for page 1 of Bill_Of_Landing_310_page_0.png:0:00:02.718724
2024-03-14 01:38:40,696 *****Generated All Pages****** for Bill_Of_Landing_310_page_0.png
2024-03-14 01:38:40,696 RAM memory 86.0 used for Bill_Of_Landing_310_page_0.png Generating All Pages:
2024-03-14 01:38:40,697 Processing time taken for all pages of Bill_Of_Landing_310_page_0.png1:0:00:02.879318
2024-03-14 01:38:40,822 file name is:Bill_Of_Landing_270_page_2.png
2024-03-14 01:38:40,822 folder path :Images
2024-03-14 01:38:40,822 Calling Image result
2024-03-14 01:38:40,822 is all_page_result is instance of dict? True
2024-03-14 01:38:40,823 STREAM b'IHDR' 16 13
2024-03-14 01:38:40,823 STREAM b'IDAT' 41 65536
2024-03-14 01:38:40,850 is words is instance of list? True
2024-03-14 01:38:40,851 is bboxes is instance of list? True
2024-03-14 01:38:40,851 is bounding_boxes is instance of list? True
2024-03-14 01:38:41,054 is input_id_chunks is instance of list? True
2024-03-14 01:38:41,054 is mask_chunks is instance of list? True
2024-03-14 01:38:41,054 is bbox_chunks is instance of list? True
2024-03-14 01:38:41,054 is image_chunks is instance of list? True
2024-03-14 01:38:41,055 is input_dict is instance of dict? True
2024-03-14 01:38:42,946 Model Called
2024-03-14 01:38:42,946 RAM memory 85.9 used for Bill_Of_Landing_270_page_2.png:
2024-03-14 01:38:42,946 is all_predictions is instance of list? True
2024-03-14 01:38:42,946 is all_boxes is instance of list? True
2024-03-14 01:38:42,946 is all_confidences is instance of list? True
2024-03-14 01:38:42,946 is all_text is instance of list? True
2024-03-14 01:38:42,947 is label2id is instance of dict? True
2024-03-14 01:38:42,947 is id2label is instance of dict? True
2024-03-14 01:38:42,948 is label2color is instance of dict? True
2024-03-14 01:38:42,948 label2color : {'lc_date': '#6E1169', 'stamp': '#8A3864', 'transaction_date': '#F04B6E', 'carriage_condition': '#CE39DB', 'carrier_address': '#BF960A', 'gross_weight': '#17C005', 'goods_description': '#83B697', 'gross_quantity': '#E417EB', 'consignee_address': '#0ADD3C', 'signature': '#FFFEB0', 'awb_original_or_copy': '#477B7E', 'declared_value_of_custom': '#FBBB8D', 'carrier_name': '#C9A9CB', 'at_place': '#B914C3', 'shipment_date': '#CB4731', 'shipper_address': '#0AE7DE', 'net_weight': '#EB7B78', 'consignee_name': '#0C9CF7', 'invoice_number': '#AE5047', 'awb_bill_no': '#097492', 'dimension': '#0E5E7B', 'O': '#EA6D8E', 'declared_value_of_carriage': '#4E6ADE', 'final_destination': '#F50717', 'awb_bill_issue_date': '#511BFF', 'lc_no': '#B542D5', 'signed_by_agent': '#67A8C3', 'flight_date': '#8BFD5A', 'agent_address': '#A14D09', 'freight_collect_or_prepaid': '#022C36', 'flight_details': '#0D2C27', 'notify_party_address': '#E926F1', 'shipper_name': '#5DFE0C', 'signed_by_carrier': '#A6750A', 'stamped_onboard_date': '#BD1A82', 'awb_original_number': '#54AF82', 'flight_no': '#A1DFFE', 'freight_collected_at': '#C8ECC6', 'amount_insurance': '#A05AE9', 'house_awb_bill_no': '#0A6286', 'master_awb_bill_no': '#498D7A', 'airport_of_departure': '#C5A160', 'invoice_date': '#6DA77B', 'good_marks': '#50EBD6', 'place_of_receipt': '#C53D03', 'agent_name': '#959B0C', 'signed_by_master': '#A5E4C0', 'airport_of_destination': '#794170', 'master_name': '#6C92FA', 'notify_party_name': '#CC9B54'}
2024-03-14 01:38:43,135 is result_set is instance of dict? True
2024-03-14 01:38:43,137 is final_result_set is instance of dict? True
2024-03-14 01:38:43,456 Time taken for page 1 of Bill_Of_Landing_270_page_2.png:0:00:02.633206
2024-03-14 01:38:43,595 *****Generated All Pages****** for Bill_Of_Landing_270_page_2.png
2024-03-14 01:38:43,595 RAM memory 86.1 used for Bill_Of_Landing_270_page_2.png Generating All Pages:
2024-03-14 01:38:43,595 Processing time taken for all pages of Bill_Of_Landing_270_page_2.png1:0:00:02.772859
2024-03-14 01:38:43,716 file name is:Bill_Of_Landing_486_page_0.png
2024-03-14 01:38:43,716 folder path :Images
2024-03-14 01:38:43,717 Calling Image result
2024-03-14 01:38:43,717 is all_page_result is instance of dict? True
2024-03-14 01:38:43,717 STREAM b'IHDR' 16 13
2024-03-14 01:38:43,717 STREAM b'IDAT' 41 65536
2024-03-14 01:38:43,751 is words is instance of list? True
2024-03-14 01:38:43,752 is bboxes is instance of list? True
2024-03-14 01:38:43,752 is bounding_boxes is instance of list? True
2024-03-14 01:38:43,951 is input_id_chunks is instance of list? True
2024-03-14 01:38:43,951 is mask_chunks is instance of list? True
2024-03-14 01:38:43,951 is bbox_chunks is instance of list? True
2024-03-14 01:38:43,951 is image_chunks is instance of list? True
2024-03-14 01:38:43,951 is input_dict is instance of dict? True
2024-03-14 01:38:45,769 Model Called
2024-03-14 01:38:45,769 RAM memory 85.9 used for Bill_Of_Landing_486_page_0.png:
2024-03-14 01:38:45,769 is all_predictions is instance of list? True
2024-03-14 01:38:45,769 is all_boxes is instance of list? True
2024-03-14 01:38:45,769 is all_confidences is instance of list? True
2024-03-14 01:38:45,769 is all_text is instance of list? True
2024-03-14 01:38:45,770 is label2id is instance of dict? True
2024-03-14 01:38:45,770 is id2label is instance of dict? True
2024-03-14 01:38:45,771 is label2color is instance of dict? True
2024-03-14 01:38:45,771 label2color : {'lc_date': '#97A3AD', 'stamp': '#9831AC', 'transaction_date': '#5A4E23', 'carriage_condition': '#3D8E01', 'carrier_address': '#571A9F', 'gross_weight': '#C933B8', 'goods_description': '#7C82E4', 'gross_quantity': '#6F9ED0', 'consignee_address': '#45339F', 'signature': '#4AB9F3', 'awb_original_or_copy': '#143FF3', 'declared_value_of_custom': '#6076E0', 'carrier_name': '#D86B29', 'at_place': '#513A40', 'shipment_date': '#64CC02', 'shipper_address': '#8B21D1', 'net_weight': '#CF2F08', 'consignee_name': '#5CA663', 'invoice_number': '#18D582', 'awb_bill_no': '#8F2D1B', 'dimension': '#29DD9A', 'O': '#475CBD', 'declared_value_of_carriage': '#168C49', 'final_destination': '#247F37', 'awb_bill_issue_date': '#0D3A81', 'lc_no': '#3CA2F3', 'signed_by_agent': '#1BBE15', 'flight_date': '#68471E', 'agent_address': '#F7D7E9', 'freight_collect_or_prepaid': '#E0A051', 'flight_details': '#97CA39', 'notify_party_address': '#C90F0C', 'shipper_name': '#81E22D', 'signed_by_carrier': '#2DC442', 'stamped_onboard_date': '#38B67A', 'awb_original_number': '#DE9977', 'flight_no': '#4978CF', 'freight_collected_at': '#C28999', 'amount_insurance': '#3C990C', 'house_awb_bill_no': '#C75E59', 'master_awb_bill_no': '#FD9AFD', 'airport_of_departure': '#BF729F', 'invoice_date': '#A1BF90', 'good_marks': '#D6C5E2', 'place_of_receipt': '#B558F6', 'agent_name': '#87B6B9', 'signed_by_master': '#6BB502', 'airport_of_destination': '#8EE126', 'master_name': '#C33036', 'notify_party_name': '#1DD1AA'}
2024-03-14 01:38:45,966 is result_set is instance of dict? True
2024-03-14 01:38:45,967 is final_result_set is instance of dict? True
2024-03-14 01:38:46,470 Time taken for page 1 of Bill_Of_Landing_486_page_0.png:0:00:02.752621
2024-03-14 01:38:46,613 *****Generated All Pages****** for Bill_Of_Landing_486_page_0.png
2024-03-14 01:38:46,613 RAM memory 86.0 used for Bill_Of_Landing_486_page_0.png Generating All Pages:
2024-03-14 01:38:46,613 Processing time taken for all pages of Bill_Of_Landing_486_page_0.png1:0:00:02.896718
2024-03-14 01:38:46,743 file name is:Bill_Of_Landing_562_page_9.png
2024-03-14 01:38:46,744 folder path :Images
2024-03-14 01:38:46,744 Calling Image result
2024-03-14 01:38:46,744 is all_page_result is instance of dict? True
2024-03-14 01:38:46,744 STREAM b'IHDR' 16 13
2024-03-14 01:38:46,744 STREAM b'IDAT' 41 62466
2024-03-14 01:38:46,775 is words is instance of list? True
2024-03-14 01:38:46,776 is bboxes is instance of list? True
2024-03-14 01:38:46,776 is bounding_boxes is instance of list? True
2024-03-14 01:38:46,974 is input_id_chunks is instance of list? True
2024-03-14 01:38:46,974 is mask_chunks is instance of list? True
2024-03-14 01:38:46,974 is bbox_chunks is instance of list? True
2024-03-14 01:38:46,974 is image_chunks is instance of list? True
2024-03-14 01:38:46,974 is input_dict is instance of dict? True
2024-03-14 01:38:48,986 Model Called
2024-03-14 01:38:48,986 RAM memory 85.9 used for Bill_Of_Landing_562_page_9.png:
2024-03-14 01:38:48,986 is all_predictions is instance of list? True
2024-03-14 01:38:48,986 is all_boxes is instance of list? True
2024-03-14 01:38:48,986 is all_confidences is instance of list? True
2024-03-14 01:38:48,986 is all_text is instance of list? True
2024-03-14 01:38:48,987 is label2id is instance of dict? True
2024-03-14 01:38:48,987 is id2label is instance of dict? True
2024-03-14 01:38:48,988 is label2color is instance of dict? True
2024-03-14 01:38:48,988 label2color : {'lc_date': '#89F890', 'stamp': '#68BB56', 'transaction_date': '#C61FEA', 'carriage_condition': '#A185C7', 'carrier_address': '#A79993', 'gross_weight': '#1F2049', 'goods_description': '#096CC1', 'gross_quantity': '#66AC95', 'consignee_address': '#9E367F', 'signature': '#F0483C', 'awb_original_or_copy': '#E512F1', 'declared_value_of_custom': '#0B6890', 'carrier_name': '#B80AE9', 'at_place': '#49570E', 'shipment_date': '#CFCA9A', 'shipper_address': '#4A8ED9', 'net_weight': '#A39B19', 'consignee_name': '#BFA71E', 'invoice_number': '#1C2FBE', 'awb_bill_no': '#844582', 'dimension': '#F6478A', 'O': '#003893', 'declared_value_of_carriage': '#22B70D', 'final_destination': '#C5C8BD', 'awb_bill_issue_date': '#019B10', 'lc_no': '#FAB85F', 'signed_by_agent': '#D2C965', 'flight_date': '#DCABA6', 'agent_address': '#4E81B2', 'freight_collect_or_prepaid': '#972130', 'flight_details': '#41EC2F', 'notify_party_address': '#488279', 'shipper_name': '#5C2159', 'signed_by_carrier': '#F93B5C', 'stamped_onboard_date': '#32F1F7', 'awb_original_number': '#FB0855', 'flight_no': '#4AC980', 'freight_collected_at': '#2B1340', 'amount_insurance': '#28FC55', 'house_awb_bill_no': '#0E4AE1', 'master_awb_bill_no': '#48D11A', 'airport_of_departure': '#7FA6C1', 'invoice_date': '#B6BFC1', 'good_marks': '#62E6EF', 'place_of_receipt': '#7F83B0', 'agent_name': '#462BDF', 'signed_by_master': '#9C0557', 'airport_of_destination': '#358259', 'master_name': '#F8E103', 'notify_party_name': '#126655'}
2024-03-14 01:38:49,178 is result_set is instance of dict? True
2024-03-14 01:38:49,180 is final_result_set is instance of dict? True
2024-03-14 01:38:49,499 Time taken for page 1 of Bill_Of_Landing_562_page_9.png:0:00:02.754627
2024-03-14 01:38:49,630 *****Generated All Pages****** for Bill_Of_Landing_562_page_9.png
2024-03-14 01:38:49,630 RAM memory 86.1 used for Bill_Of_Landing_562_page_9.png Generating All Pages:
2024-03-14 01:38:49,630 Processing time taken for all pages of Bill_Of_Landing_562_page_9.png1:0:00:02.886425
2024-03-14 01:38:49,745 file name is:Packing_List_780_page_1.png
2024-03-14 01:38:49,745 folder path :Images
2024-03-14 01:38:49,745 Calling Image result
2024-03-14 01:38:49,745 is all_page_result is instance of dict? True
2024-03-14 01:38:49,746 STREAM b'IHDR' 16 13
2024-03-14 01:38:49,746 STREAM b'IDAT' 41 65536
2024-03-14 01:38:49,779 is words is instance of list? True
2024-03-14 01:38:49,779 is bboxes is instance of list? True
2024-03-14 01:38:49,779 is bounding_boxes is instance of list? True
2024-03-14 01:38:49,982 is input_id_chunks is instance of list? True
2024-03-14 01:38:49,982 is mask_chunks is instance of list? True
2024-03-14 01:38:49,982 is bbox_chunks is instance of list? True
2024-03-14 01:38:49,982 is image_chunks is instance of list? True
2024-03-14 01:38:49,983 is input_dict is instance of dict? True
2024-03-14 01:38:53,989 Model Called
2024-03-14 01:38:53,989 RAM memory 93.9 used for Packing_List_780_page_1.png:
2024-03-14 01:38:53,989 is all_predictions is instance of list? True
2024-03-14 01:38:53,989 is all_boxes is instance of list? True
2024-03-14 01:38:53,989 is all_confidences is instance of list? True
2024-03-14 01:38:53,989 is all_text is instance of list? True
2024-03-14 01:38:53,990 is label2id is instance of dict? True
2024-03-14 01:38:53,990 is id2label is instance of dict? True
2024-03-14 01:38:53,991 is label2color is instance of dict? True
2024-03-14 01:38:53,991 label2color : {'lc_date': '#302CBD', 'stamp': '#460C3B', 'transaction_date': '#98AD1C', 'carriage_condition': '#6E3450', 'carrier_address': '#AD1F96', 'gross_weight': '#A631FF', 'goods_description': '#1A0124', 'gross_quantity': '#6FC603', 'consignee_address': '#C0BAFC', 'signature': '#B83B6E', 'awb_original_or_copy': '#A7831A', 'declared_value_of_custom': '#517D89', 'carrier_name': '#75FC80', 'at_place': '#3AD4AD', 'shipment_date': '#C5F47A', 'shipper_address': '#B6A988', 'net_weight': '#D12127', 'consignee_name': '#AD7851', 'invoice_number': '#66811A', 'awb_bill_no': '#EA1BDA', 'dimension': '#267F36', 'O': '#4FAD0F', 'declared_value_of_carriage': '#064438', 'final_destination': '#1E0E3D', 'awb_bill_issue_date': '#53A4DF', 'lc_no': '#107496', 'signed_by_agent': '#41125F', 'flight_date': '#783B2C', 'agent_address': '#162FC2', 'freight_collect_or_prepaid': '#5F10F9', 'flight_details': '#E4ED88', 'notify_party_address': '#7083FA', 'shipper_name': '#D3B165', 'signed_by_carrier': '#F03401', 'stamped_onboard_date': '#3E2863', 'awb_original_number': '#FA8C99', 'flight_no': '#7BC24D', 'freight_collected_at': '#133D28', 'amount_insurance': '#FF649D', 'house_awb_bill_no': '#3ABD3D', 'master_awb_bill_no': '#EF58A5', 'airport_of_departure': '#50A332', 'invoice_date': '#3D7EDC', 'good_marks': '#63F799', 'place_of_receipt': '#D1A786', 'agent_name': '#40B870', 'signed_by_master': '#A54613', 'airport_of_destination': '#EA7B8A', 'master_name': '#00C7D6', 'notify_party_name': '#F94BAF'}
2024-03-14 01:38:54,307 is result_set is instance of dict? True
2024-03-14 01:38:54,308 is final_result_set is instance of dict? True
2024-03-14 01:38:54,809 Time taken for page 1 of Packing_List_780_page_1.png:0:00:05.062736
2024-03-14 01:38:55,016 *****Generated All Pages****** for Packing_List_780_page_1.png
2024-03-14 01:38:55,016 RAM memory 93.9 used for Packing_List_780_page_1.png Generating All Pages:
2024-03-14 01:38:55,016 Processing time taken for all pages of Packing_List_780_page_1.png1:0:00:05.270712
2024-03-14 01:38:55,168 file name is:Bill_Of_Landing_678_page_0.png
2024-03-14 01:38:55,169 folder path :Images
2024-03-14 01:38:55,169 Calling Image result
2024-03-14 01:38:55,169 is all_page_result is instance of dict? True
2024-03-14 01:38:55,169 STREAM b'IHDR' 16 13
2024-03-14 01:38:55,169 STREAM b'IDAT' 41 65536
2024-03-14 01:38:55,238 is words is instance of list? True
2024-03-14 01:38:55,238 is bboxes is instance of list? True
2024-03-14 01:38:55,238 is bounding_boxes is instance of list? True
2024-03-14 01:38:55,727 is input_id_chunks is instance of list? True
2024-03-14 01:38:55,727 is mask_chunks is instance of list? True
2024-03-14 01:38:55,727 is bbox_chunks is instance of list? True
2024-03-14 01:38:55,727 is image_chunks is instance of list? True
2024-03-14 01:38:55,728 is input_dict is instance of dict? True
2024-03-14 01:38:58,516 Model Called
2024-03-14 01:38:58,516 RAM memory 86.9 used for Bill_Of_Landing_678_page_0.png:
2024-03-14 01:38:58,517 is all_predictions is instance of list? True
2024-03-14 01:38:58,517 is all_boxes is instance of list? True
2024-03-14 01:38:58,517 is all_confidences is instance of list? True
2024-03-14 01:38:58,517 is all_text is instance of list? True
2024-03-14 01:38:58,517 is label2id is instance of dict? True
2024-03-14 01:38:58,517 is id2label is instance of dict? True
2024-03-14 01:38:58,518 is label2color is instance of dict? True
2024-03-14 01:38:58,518 label2color : {'lc_date': '#ECB103', 'stamp': '#B0EE35', 'transaction_date': '#DB69A4', 'carriage_condition': '#CC6B7C', 'carrier_address': '#1894F5', 'gross_weight': '#3AF211', 'goods_description': '#AA89F8', 'gross_quantity': '#6CCE5E', 'consignee_address': '#855F72', 'signature': '#903EC4', 'awb_original_or_copy': '#C112B2', 'declared_value_of_custom': '#B6DE30', 'carrier_name': '#68ADC4', 'at_place': '#E05B21', 'shipment_date': '#E4B3BA', 'shipper_address': '#4BF374', 'net_weight': '#913D8F', 'consignee_name': '#338A85', 'invoice_number': '#E92F95', 'awb_bill_no': '#3C8FC1', 'dimension': '#FDEBC1', 'O': '#82497B', 'declared_value_of_carriage': '#2D6666', 'final_destination': '#ED2036', 'awb_bill_issue_date': '#5A3EE6', 'lc_no': '#DE691B', 'signed_by_agent': '#4879D5', 'flight_date': '#31A4D7', 'agent_address': '#B7D2D1', 'freight_collect_or_prepaid': '#7999C4', 'flight_details': '#B11E0D', 'notify_party_address': '#019F84', 'shipper_name': '#77C45E', 'signed_by_carrier': '#059E73', 'stamped_onboard_date': '#4FC4A0', 'awb_original_number': '#FA58F1', 'flight_no': '#71005C', 'freight_collected_at': '#D72904', 'amount_insurance': '#657BAF', 'house_awb_bill_no': '#ADF628', 'master_awb_bill_no': '#039E8D', 'airport_of_departure': '#A7DB3B', 'invoice_date': '#28B60C', 'good_marks': '#382D56', 'place_of_receipt': '#E0E94F', 'agent_name': '#9BF8A2', 'signed_by_master': '#26B659', 'airport_of_destination': '#51517C', 'master_name': '#57EE40', 'notify_party_name': '#3E7EE3'}
2024-03-14 01:38:59,170 is result_set is instance of dict? True
2024-03-14 01:38:59,171 is final_result_set is instance of dict? True
2024-03-14 01:38:59,699 Time taken for page 1 of Bill_Of_Landing_678_page_0.png:0:00:04.529579
2024-03-14 01:39:00,018 *****Generated All Pages****** for Bill_Of_Landing_678_page_0.png
2024-03-14 01:39:00,018 RAM memory 87.6 used for Bill_Of_Landing_678_page_0.png Generating All Pages:
2024-03-14 01:39:00,018 Processing time taken for all pages of Bill_Of_Landing_678_page_0.png1:0:00:04.849020
2024-03-14 01:39:00,179 file name is:Bill_Of_Landing_681_page_0.png
2024-03-14 01:39:00,179 folder path :Images
2024-03-14 01:39:00,180 Calling Image result
2024-03-14 01:39:00,180 is all_page_result is instance of dict? True
2024-03-14 01:39:00,190 STREAM b'IHDR' 16 13
2024-03-14 01:39:00,190 STREAM b'IDAT' 41 65536
2024-03-14 01:39:00,265 is words is instance of list? True
2024-03-14 01:39:00,266 is bboxes is instance of list? True
2024-03-14 01:39:00,266 is bounding_boxes is instance of list? True
2024-03-14 01:39:00,819 is input_id_chunks is instance of list? True
2024-03-14 01:39:00,819 is mask_chunks is instance of list? True
2024-03-14 01:39:00,819 is bbox_chunks is instance of list? True
2024-03-14 01:39:00,819 is image_chunks is instance of list? True
2024-03-14 01:39:00,820 is input_dict is instance of dict? True
2024-03-14 01:39:02,676 Model Called
2024-03-14 01:39:02,676 RAM memory 80.8 used for Bill_Of_Landing_681_page_0.png:
2024-03-14 01:39:02,676 is all_predictions is instance of list? True
2024-03-14 01:39:02,676 is all_boxes is instance of list? True
2024-03-14 01:39:02,676 is all_confidences is instance of list? True
2024-03-14 01:39:02,676 is all_text is instance of list? True
2024-03-14 01:39:02,676 is label2id is instance of dict? True
2024-03-14 01:39:02,676 is id2label is instance of dict? True
2024-03-14 01:39:02,677 is label2color is instance of dict? True
2024-03-14 01:39:02,677 label2color : {'lc_date': '#4D4C0B', 'stamp': '#A6465F', 'transaction_date': '#DBC469', 'carriage_condition': '#21E563', 'carrier_address': '#67F1A7', 'gross_weight': '#2D5659', 'goods_description': '#B76F10', 'gross_quantity': '#A0325B', 'consignee_address': '#222030', 'signature': '#BF160E', 'awb_original_or_copy': '#507E1D', 'declared_value_of_custom': '#50D1E9', 'carrier_name': '#B6B992', 'at_place': '#69113E', 'shipment_date': '#F4B0A9', 'shipper_address': '#C0E7E4', 'net_weight': '#195FCC', 'consignee_name': '#836B3E', 'invoice_number': '#468AE9', 'awb_bill_no': '#6918A1', 'dimension': '#F24C06', 'O': '#D9CD98', 'declared_value_of_carriage': '#34EA07', 'final_destination': '#6F9253', 'awb_bill_issue_date': '#CFA7FE', 'lc_no': '#4C4390', 'signed_by_agent': '#77AB06', 'flight_date': '#793510', 'agent_address': '#ED052F', 'freight_collect_or_prepaid': '#87252C', 'flight_details': '#2F5331', 'notify_party_address': '#4C71C3', 'shipper_name': '#86C65B', 'signed_by_carrier': '#9904CD', 'stamped_onboard_date': '#E29759', 'awb_original_number': '#4A6C42', 'flight_no': '#6EDA3F', 'freight_collected_at': '#8579E4', 'amount_insurance': '#208036', 'house_awb_bill_no': '#7A5D94', 'master_awb_bill_no': '#7A6AA4', 'airport_of_departure': '#8DE415', 'invoice_date': '#9F10DC', 'good_marks': '#A4A781', 'place_of_receipt': '#2F3E58', 'agent_name': '#FC1952', 'signed_by_master': '#011110', 'airport_of_destination': '#E75710', 'master_name': '#EFA53C', 'notify_party_name': '#52BB25'}
2024-03-14 01:39:03,169 is result_set is instance of dict? True
2024-03-14 01:39:03,171 is final_result_set is instance of dict? True
2024-03-14 01:39:03,602 Time taken for page 1 of Bill_Of_Landing_681_page_0.png:0:00:03.411490
2024-03-14 01:39:03,920 *****Generated All Pages****** for Bill_Of_Landing_681_page_0.png
2024-03-14 01:39:03,920 RAM memory 81.5 used for Bill_Of_Landing_681_page_0.png Generating All Pages:
2024-03-14 01:39:03,920 Processing time taken for all pages of Bill_Of_Landing_681_page_0.png1:0:00:03.740466
2024-03-14 01:39:04,047 file name is:Bill_Of_Landing_562_page_21.png
2024-03-14 01:39:04,047 folder path :Images
2024-03-14 01:39:04,047 Calling Image result
2024-03-14 01:39:04,047 is all_page_result is instance of dict? True
2024-03-14 01:39:04,048 STREAM b'IHDR' 16 13
2024-03-14 01:39:04,048 STREAM b'IDAT' 41 65536
2024-03-14 01:39:04,077 is words is instance of list? True
2024-03-14 01:39:04,077 is bboxes is instance of list? True
2024-03-14 01:39:04,077 is bounding_boxes is instance of list? True
2024-03-14 01:39:04,292 is input_id_chunks is instance of list? True
2024-03-14 01:39:04,292 is mask_chunks is instance of list? True
2024-03-14 01:39:04,292 is bbox_chunks is instance of list? True
2024-03-14 01:39:04,292 is image_chunks is instance of list? True
2024-03-14 01:39:04,293 is input_dict is instance of dict? True
2024-03-14 01:39:06,176 Model Called
2024-03-14 01:39:06,176 RAM memory 80.6 used for Bill_Of_Landing_562_page_21.png:
2024-03-14 01:39:06,176 is all_predictions is instance of list? True
2024-03-14 01:39:06,176 is all_boxes is instance of list? True
2024-03-14 01:39:06,177 is all_confidences is instance of list? True
2024-03-14 01:39:06,177 is all_text is instance of list? True
2024-03-14 01:39:06,177 is label2id is instance of dict? True
2024-03-14 01:39:06,177 is id2label is instance of dict? True
2024-03-14 01:39:06,178 is label2color is instance of dict? True
2024-03-14 01:39:06,178 label2color : {'lc_date': '#2485E5', 'stamp': '#271659', 'transaction_date': '#01F3F6', 'carriage_condition': '#04050A', 'carrier_address': '#B00077', 'gross_weight': '#ECEE24', 'goods_description': '#6C1B1D', 'gross_quantity': '#EDACEA', 'consignee_address': '#9B1520', 'signature': '#E36F5D', 'awb_original_or_copy': '#357E68', 'declared_value_of_custom': '#9867D8', 'carrier_name': '#BF861E', 'at_place': '#3003E5', 'shipment_date': '#9E22C0', 'shipper_address': '#101412', 'net_weight': '#3492D2', 'consignee_name': '#6792B6', 'invoice_number': '#53ABFE', 'awb_bill_no': '#A9DCFE', 'dimension': '#06CF4B', 'O': '#3208E0', 'declared_value_of_carriage': '#E90A7F', 'final_destination': '#BA37AD', 'awb_bill_issue_date': '#466B6B', 'lc_no': '#10E6DC', 'signed_by_agent': '#97F5FB', 'flight_date': '#2E8DD9', 'agent_address': '#ECB931', 'freight_collect_or_prepaid': '#96C7EA', 'flight_details': '#F8E9DD', 'notify_party_address': '#4E987C', 'shipper_name': '#811332', 'signed_by_carrier': '#07283E', 'stamped_onboard_date': '#488DDE', 'awb_original_number': '#64E76B', 'flight_no': '#559E9A', 'freight_collected_at': '#D6F8B6', 'amount_insurance': '#B2F240', 'house_awb_bill_no': '#92A9EE', 'master_awb_bill_no': '#1FC6B0', 'airport_of_departure': '#C6F56B', 'invoice_date': '#70A3F9', 'good_marks': '#871544', 'place_of_receipt': '#EC2DC4', 'agent_name': '#6C5EB8', 'signed_by_master': '#95FB9B', 'airport_of_destination': '#F922C6', 'master_name': '#953BAA', 'notify_party_name': '#C20F24'}
2024-03-14 01:39:06,375 is result_set is instance of dict? True
2024-03-14 01:39:06,377 is final_result_set is instance of dict? True
2024-03-14 01:39:06,779 Time taken for page 1 of Bill_Of_Landing_562_page_21.png:0:00:02.730855
2024-03-14 01:39:06,929 *****Generated All Pages****** for Bill_Of_Landing_562_page_21.png
2024-03-14 01:39:06,929 RAM memory 80.7 used for Bill_Of_Landing_562_page_21.png Generating All Pages:
2024-03-14 01:39:06,929 Processing time taken for all pages of Bill_Of_Landing_562_page_21.png1:0:00:02.881653
2024-03-14 01:39:07,056 file name is:Bill_Of_Landing_555_page_2.png
2024-03-14 01:39:07,056 folder path :Images
2024-03-14 01:39:07,056 Calling Image result
2024-03-14 01:39:07,056 is all_page_result is instance of dict? True
2024-03-14 01:39:07,067 STREAM b'IHDR' 16 13
2024-03-14 01:39:07,067 STREAM b'IDAT' 41 65536
2024-03-14 01:39:07,096 is words is instance of list? True
2024-03-14 01:39:07,096 is bboxes is instance of list? True
2024-03-14 01:39:07,096 is bounding_boxes is instance of list? True
2024-03-14 01:39:07,307 is input_id_chunks is instance of list? True
2024-03-14 01:39:07,308 is mask_chunks is instance of list? True
2024-03-14 01:39:07,308 is bbox_chunks is instance of list? True
2024-03-14 01:39:07,308 is image_chunks is instance of list? True
2024-03-14 01:39:07,308 is input_dict is instance of dict? True
2024-03-14 01:39:09,156 Model Called
2024-03-14 01:39:09,157 RAM memory 80.1 used for Bill_Of_Landing_555_page_2.png:
2024-03-14 01:39:09,157 is all_predictions is instance of list? True
2024-03-14 01:39:09,157 is all_boxes is instance of list? True
2024-03-14 01:39:09,157 is all_confidences is instance of list? True
2024-03-14 01:39:09,157 is all_text is instance of list? True
2024-03-14 01:39:09,157 is label2id is instance of dict? True
2024-03-14 01:39:09,157 is id2label is instance of dict? True
2024-03-14 01:39:09,158 is label2color is instance of dict? True
2024-03-14 01:39:09,158 label2color : {'lc_date': '#9369DE', 'stamp': '#2ADBD1', 'transaction_date': '#6718B8', 'carriage_condition': '#483DF3', 'carrier_address': '#615753', 'gross_weight': '#60EF19', 'goods_description': '#DE8ECD', 'gross_quantity': '#77C23E', 'consignee_address': '#958DBE', 'signature': '#FB5617', 'awb_original_or_copy': '#E9A226', 'declared_value_of_custom': '#9ADF11', 'carrier_name': '#2BCB86', 'at_place': '#3C5734', 'shipment_date': '#7C8DEB', 'shipper_address': '#7A7640', 'net_weight': '#5486CE', 'consignee_name': '#D7256D', 'invoice_number': '#B6902D', 'awb_bill_no': '#DB9FAD', 'dimension': '#A85BB7', 'O': '#5FEE4C', 'declared_value_of_carriage': '#6C871D', 'final_destination': '#D3BD80', 'awb_bill_issue_date': '#15EBE5', 'lc_no': '#6F4789', 'signed_by_agent': '#0DADEA', 'flight_date': '#A85E02', 'agent_address': '#A38497', 'freight_collect_or_prepaid': '#7AD1D1', 'flight_details': '#E4836F', 'notify_party_address': '#018C1E', 'shipper_name': '#595553', 'signed_by_carrier': '#4063E3', 'stamped_onboard_date': '#0393E2', 'awb_original_number': '#20B524', 'flight_no': '#EC18C7', 'freight_collected_at': '#4145F6', 'amount_insurance': '#715951', 'house_awb_bill_no': '#ACB726', 'master_awb_bill_no': '#D37B88', 'airport_of_departure': '#95C886', 'invoice_date': '#69E712', 'good_marks': '#380716', 'place_of_receipt': '#A71F7D', 'agent_name': '#B633E6', 'signed_by_master': '#EBCCE0', 'airport_of_destination': '#1B6CBA', 'master_name': '#AA3264', 'notify_party_name': '#04BBBC'}
2024-03-14 01:39:09,372 is result_set is instance of dict? True
2024-03-14 01:39:09,374 is final_result_set is instance of dict? True
2024-03-14 01:39:09,721 Time taken for page 1 of Bill_Of_Landing_555_page_2.png:0:00:02.653742
2024-03-14 01:39:09,863 *****Generated All Pages****** for Bill_Of_Landing_555_page_2.png
2024-03-14 01:39:09,864 RAM memory 80.2 used for Bill_Of_Landing_555_page_2.png Generating All Pages:
2024-03-14 01:39:09,864 Processing time taken for all pages of Bill_Of_Landing_555_page_2.png1:0:00:02.807269
2024-03-14 01:39:09,973 file name is:Bill_Of_Landing_562_page_22.png
2024-03-14 01:39:09,973 folder path :Images
2024-03-14 01:39:09,973 Calling Image result
2024-03-14 01:39:09,974 is all_page_result is instance of dict? True
2024-03-14 01:39:09,984 STREAM b'IHDR' 16 13
2024-03-14 01:39:09,984 STREAM b'IDAT' 41 65536
2024-03-14 01:39:10,017 is words is instance of list? True
2024-03-14 01:39:10,017 is bboxes is instance of list? True
2024-03-14 01:39:10,017 is bounding_boxes is instance of list? True
2024-03-14 01:39:10,247 is input_id_chunks is instance of list? True
2024-03-14 01:39:10,247 is mask_chunks is instance of list? True
2024-03-14 01:39:10,247 is bbox_chunks is instance of list? True
2024-03-14 01:39:10,247 is image_chunks is instance of list? True
2024-03-14 01:39:10,247 is input_dict is instance of dict? True
2024-03-14 01:39:12,110 Model Called
2024-03-14 01:39:12,111 RAM memory 80.1 used for Bill_Of_Landing_562_page_22.png:
2024-03-14 01:39:12,111 is all_predictions is instance of list? True
2024-03-14 01:39:12,111 is all_boxes is instance of list? True
2024-03-14 01:39:12,111 is all_confidences is instance of list? True
2024-03-14 01:39:12,111 is all_text is instance of list? True
2024-03-14 01:39:12,111 is label2id is instance of dict? True
2024-03-14 01:39:12,111 is id2label is instance of dict? True
2024-03-14 01:39:12,112 is label2color is instance of dict? True
2024-03-14 01:39:12,112 label2color : {'lc_date': '#7E77D0', 'stamp': '#1FCFA3', 'transaction_date': '#5B41D9', 'carriage_condition': '#6C45C4', 'carrier_address': '#1351B3', 'gross_weight': '#376F6D', 'goods_description': '#794614', 'gross_quantity': '#55640C', 'consignee_address': '#33C971', 'signature': '#654274', 'awb_original_or_copy': '#67E2AC', 'declared_value_of_custom': '#9F82FA', 'carrier_name': '#860D22', 'at_place': '#EB6C3F', 'shipment_date': '#2CBCB7', 'shipper_address': '#8F9FA4', 'net_weight': '#EA3837', 'consignee_name': '#A5367D', 'invoice_number': '#79E7EE', 'awb_bill_no': '#940FDA', 'dimension': '#1D6A52', 'O': '#25BC39', 'declared_value_of_carriage': '#6212AC', 'final_destination': '#9D0C4C', 'awb_bill_issue_date': '#2DEF05', 'lc_no': '#DE6F51', 'signed_by_agent': '#44AF85', 'flight_date': '#4DB28B', 'agent_address': '#B98926', 'freight_collect_or_prepaid': '#0910BB', 'flight_details': '#B43B88', 'notify_party_address': '#15D19C', 'shipper_name': '#666614', 'signed_by_carrier': '#F6E1B3', 'stamped_onboard_date': '#65E3C0', 'awb_original_number': '#5AF5A8', 'flight_no': '#9F090C', 'freight_collected_at': '#9B24A9', 'amount_insurance': '#5CFE6F', 'house_awb_bill_no': '#095CAF', 'master_awb_bill_no': '#8634A8', 'airport_of_departure': '#9D1768', 'invoice_date': '#285917', 'good_marks': '#D47B9D', 'place_of_receipt': '#F8E0D5', 'agent_name': '#727E35', 'signed_by_master': '#4D04B6', 'airport_of_destination': '#D1D2B5', 'master_name': '#469B2C', 'notify_party_name': '#167B1F'}
2024-03-14 01:39:12,338 is result_set is instance of dict? True
2024-03-14 01:39:12,339 is final_result_set is instance of dict? True
2024-03-14 01:39:12,676 Time taken for page 1 of Bill_Of_Landing_562_page_22.png:0:00:02.691681
2024-03-14 01:39:12,817 *****Generated All Pages****** for Bill_Of_Landing_562_page_22.png
2024-03-14 01:39:12,817 RAM memory 80.2 used for Bill_Of_Landing_562_page_22.png Generating All Pages:
2024-03-14 01:39:12,817 Processing time taken for all pages of Bill_Of_Landing_562_page_22.png1:0:00:02.843991
2024-03-14 01:39:12,929 file name is:Bill_Of_Landing_562_page_20.png
2024-03-14 01:39:12,930 folder path :Images
2024-03-14 01:39:12,930 Calling Image result
2024-03-14 01:39:12,930 is all_page_result is instance of dict? True
2024-03-14 01:39:12,930 STREAM b'IHDR' 16 13
2024-03-14 01:39:12,930 STREAM b'IDAT' 41 65536
2024-03-14 01:39:12,960 is words is instance of list? True
2024-03-14 01:39:12,961 is bboxes is instance of list? True
2024-03-14 01:39:12,961 is bounding_boxes is instance of list? True
2024-03-14 01:39:13,172 is input_id_chunks is instance of list? True
2024-03-14 01:39:13,172 is mask_chunks is instance of list? True
2024-03-14 01:39:13,172 is bbox_chunks is instance of list? True
2024-03-14 01:39:13,172 is image_chunks is instance of list? True
2024-03-14 01:39:13,172 is input_dict is instance of dict? True
2024-03-14 01:39:15,021 Model Called
2024-03-14 01:39:15,021 RAM memory 80.3 used for Bill_Of_Landing_562_page_20.png:
2024-03-14 01:39:15,022 is all_predictions is instance of list? True
2024-03-14 01:39:15,022 is all_boxes is instance of list? True
2024-03-14 01:39:15,022 is all_confidences is instance of list? True
2024-03-14 01:39:15,022 is all_text is instance of list? True
2024-03-14 01:39:15,022 is label2id is instance of dict? True
2024-03-14 01:39:15,022 is id2label is instance of dict? True
2024-03-14 01:39:15,023 is label2color is instance of dict? True
2024-03-14 01:39:15,023 label2color : {'lc_date': '#30CC9B', 'stamp': '#8606E0', 'transaction_date': '#0529C5', 'carriage_condition': '#CFEDD8', 'carrier_address': '#29E5F3', 'gross_weight': '#18590B', 'goods_description': '#727476', 'gross_quantity': '#B3267F', 'consignee_address': '#8EC44E', 'signature': '#66EA68', 'awb_original_or_copy': '#B1FDD7', 'declared_value_of_custom': '#A5BD22', 'carrier_name': '#54B4D9', 'at_place': '#690330', 'shipment_date': '#E79963', 'shipper_address': '#CB67FC', 'net_weight': '#8B96A9', 'consignee_name': '#34ABDA', 'invoice_number': '#F19403', 'awb_bill_no': '#D8C79C', 'dimension': '#22D4FF', 'O': '#3E7AA2', 'declared_value_of_carriage': '#52ECBF', 'final_destination': '#9751BE', 'awb_bill_issue_date': '#56F01C', 'lc_no': '#101F2B', 'signed_by_agent': '#7F0339', 'flight_date': '#098A8E', 'agent_address': '#26FB27', 'freight_collect_or_prepaid': '#315BD3', 'flight_details': '#754F69', 'notify_party_address': '#880798', 'shipper_name': '#515759', 'signed_by_carrier': '#1FF9E6', 'stamped_onboard_date': '#B3D23C', 'awb_original_number': '#1812E6', 'flight_no': '#547888', 'freight_collected_at': '#D70059', 'amount_insurance': '#45BF27', 'house_awb_bill_no': '#6A58A0', 'master_awb_bill_no': '#0BEDF2', 'airport_of_departure': '#A0B44E', 'invoice_date': '#95B475', 'good_marks': '#C461FA', 'place_of_receipt': '#6137F9', 'agent_name': '#537FF5', 'signed_by_master': '#500A1D', 'airport_of_destination': '#FC6F2A', 'master_name': '#E3F853', 'notify_party_name': '#EF481B'}
2024-03-14 01:39:15,223 is result_set is instance of dict? True
2024-03-14 01:39:15,225 is final_result_set is instance of dict? True
2024-03-14 01:39:15,603 Time taken for page 1 of Bill_Of_Landing_562_page_20.png:0:00:02.672839
2024-03-14 01:39:15,754 *****Generated All Pages****** for Bill_Of_Landing_562_page_20.png
2024-03-14 01:39:15,754 RAM memory 80.4 used for Bill_Of_Landing_562_page_20.png Generating All Pages:
2024-03-14 01:39:15,754 Processing time taken for all pages of Bill_Of_Landing_562_page_20.png1:0:00:02.824117
2024-03-14 01:39:15,869 file name is:Bill_Of_Landing_816_page_1.png
2024-03-14 01:39:15,870 folder path :Images
2024-03-14 01:39:15,870 Calling Image result
2024-03-14 01:39:15,870 is all_page_result is instance of dict? True
2024-03-14 01:39:15,871 STREAM b'IHDR' 16 13
2024-03-14 01:39:15,871 STREAM b'IDAT' 41 57123
2024-03-14 01:39:15,905 is words is instance of list? True
2024-03-14 01:39:15,906 is bboxes is instance of list? True
2024-03-14 01:39:15,906 is bounding_boxes is instance of list? True
2024-03-14 01:39:16,116 is input_id_chunks is instance of list? True
2024-03-14 01:39:16,116 is mask_chunks is instance of list? True
2024-03-14 01:39:16,116 is bbox_chunks is instance of list? True
2024-03-14 01:39:16,116 is image_chunks is instance of list? True
2024-03-14 01:39:16,117 is input_dict is instance of dict? True
2024-03-14 01:39:18,025 Model Called
2024-03-14 01:39:18,026 RAM memory 80.2 used for Bill_Of_Landing_816_page_1.png:
2024-03-14 01:39:18,026 is all_predictions is instance of list? True
2024-03-14 01:39:18,026 is all_boxes is instance of list? True
2024-03-14 01:39:18,026 is all_confidences is instance of list? True
2024-03-14 01:39:18,026 is all_text is instance of list? True
2024-03-14 01:39:18,026 is label2id is instance of dict? True
2024-03-14 01:39:18,026 is id2label is instance of dict? True
2024-03-14 01:39:18,027 is label2color is instance of dict? True
2024-03-14 01:39:18,027 label2color : {'lc_date': '#665946', 'stamp': '#9CF5AF', 'transaction_date': '#39E2CB', 'carriage_condition': '#B6033A', 'carrier_address': '#D8CC0C', 'gross_weight': '#3248FA', 'goods_description': '#35E000', 'gross_quantity': '#DF2FA9', 'consignee_address': '#E8D8D0', 'signature': '#D63315', 'awb_original_or_copy': '#001DD3', 'declared_value_of_custom': '#9B68C6', 'carrier_name': '#788CC4', 'at_place': '#B6D89E', 'shipment_date': '#6C36C4', 'shipper_address': '#9A4376', 'net_weight': '#36E2A1', 'consignee_name': '#92F957', 'invoice_number': '#6ABF3F', 'awb_bill_no': '#E40637', 'dimension': '#BFC582', 'O': '#1FC5C9', 'declared_value_of_carriage': '#465B01', 'final_destination': '#EF2505', 'awb_bill_issue_date': '#C90A27', 'lc_no': '#DAD0AE', 'signed_by_agent': '#A09E3C', 'flight_date': '#1E8FAF', 'agent_address': '#ECBD13', 'freight_collect_or_prepaid': '#D39A28', 'flight_details': '#D3DBE1', 'notify_party_address': '#6B6E36', 'shipper_name': '#4D7CCF', 'signed_by_carrier': '#D186CE', 'stamped_onboard_date': '#D3DDED', 'awb_original_number': '#EDB642', 'flight_no': '#00264D', 'freight_collected_at': '#D8AF54', 'amount_insurance': '#D6C2E2', 'house_awb_bill_no': '#C4934D', 'master_awb_bill_no': '#5A4168', 'airport_of_departure': '#42AF80', 'invoice_date': '#C84A5A', 'good_marks': '#BBED97', 'place_of_receipt': '#97983A', 'agent_name': '#677CF9', 'signed_by_master': '#C56340', 'airport_of_destination': '#FDCF93', 'master_name': '#FA7FCB', 'notify_party_name': '#7B6EE6'}
2024-03-14 01:39:18,224 is result_set is instance of dict? True
2024-03-14 01:39:18,225 is final_result_set is instance of dict? True
2024-03-14 01:39:18,475 Time taken for page 1 of Bill_Of_Landing_816_page_1.png:0:00:02.603499
2024-03-14 01:39:18,613 *****Generated All Pages****** for Bill_Of_Landing_816_page_1.png
2024-03-14 01:39:18,613 RAM memory 80.3 used for Bill_Of_Landing_816_page_1.png Generating All Pages:
2024-03-14 01:39:18,613 Processing time taken for all pages of Bill_Of_Landing_816_page_1.png1:0:00:02.743068
2024-03-14 01:39:18,722 file name is:Bill_Of_Landing_269_page_0.png
2024-03-14 01:39:18,723 folder path :Images
2024-03-14 01:39:18,723 Calling Image result
2024-03-14 01:39:18,723 is all_page_result is instance of dict? True
2024-03-14 01:39:18,723 STREAM b'IHDR' 16 13
2024-03-14 01:39:18,723 STREAM b'IDAT' 41 65536
2024-03-14 01:39:18,755 is words is instance of list? True
2024-03-14 01:39:18,755 is bboxes is instance of list? True
2024-03-14 01:39:18,755 is bounding_boxes is instance of list? True
2024-03-14 01:39:18,970 is input_id_chunks is instance of list? True
2024-03-14 01:39:18,970 is mask_chunks is instance of list? True
2024-03-14 01:39:18,971 is bbox_chunks is instance of list? True
2024-03-14 01:39:18,971 is image_chunks is instance of list? True
2024-03-14 01:39:18,971 is input_dict is instance of dict? True
2024-03-14 01:39:20,866 Model Called
2024-03-14 01:39:20,866 RAM memory 80.2 used for Bill_Of_Landing_269_page_0.png:
2024-03-14 01:39:20,866 is all_predictions is instance of list? True
2024-03-14 01:39:20,866 is all_boxes is instance of list? True
2024-03-14 01:39:20,866 is all_confidences is instance of list? True
2024-03-14 01:39:20,866 is all_text is instance of list? True
2024-03-14 01:39:20,867 is label2id is instance of dict? True
2024-03-14 01:39:20,867 is id2label is instance of dict? True
2024-03-14 01:39:20,868 is label2color is instance of dict? True
2024-03-14 01:39:20,868 label2color : {'lc_date': '#2248F5', 'stamp': '#2E5ED6', 'transaction_date': '#6C41CD', 'carriage_condition': '#24FA1F', 'carrier_address': '#DEB6C5', 'gross_weight': '#D78400', 'goods_description': '#C49417', 'gross_quantity': '#FEBC0A', 'consignee_address': '#06DC49', 'signature': '#D827D6', 'awb_original_or_copy': '#A3E623', 'declared_value_of_custom': '#92A454', 'carrier_name': '#7700F3', 'at_place': '#91E690', 'shipment_date': '#7DE4F6', 'shipper_address': '#E68097', 'net_weight': '#3D43BA', 'consignee_name': '#46128E', 'invoice_number': '#54F99A', 'awb_bill_no': '#64C73E', 'dimension': '#6ADB40', 'O': '#A8B91A', 'declared_value_of_carriage': '#E69312', 'final_destination': '#82D903', 'awb_bill_issue_date': '#DD9365', 'lc_no': '#2D4B0F', 'signed_by_agent': '#4D171B', 'flight_date': '#4F645D', 'agent_address': '#BAE3CF', 'freight_collect_or_prepaid': '#2DA533', 'flight_details': '#F90A55', 'notify_party_address': '#9B9560', 'shipper_name': '#0A1213', 'signed_by_carrier': '#8EDBA6', 'stamped_onboard_date': '#FD8194', 'awb_original_number': '#0D69A2', 'flight_no': '#607E4A', 'freight_collected_at': '#600738', 'amount_insurance': '#5D26D0', 'house_awb_bill_no': '#105378', 'master_awb_bill_no': '#2FB363', 'airport_of_departure': '#1911F3', 'invoice_date': '#F15C6B', 'good_marks': '#2734DA', 'place_of_receipt': '#63C9EF', 'agent_name': '#5DE086', 'signed_by_master': '#FF0EC0', 'airport_of_destination': '#076A2E', 'master_name': '#FC434F', 'notify_party_name': '#319D64'}
2024-03-14 01:39:21,086 is result_set is instance of dict? True
2024-03-14 01:39:21,088 is final_result_set is instance of dict? True
2024-03-14 01:39:21,540 Time taken for page 1 of Bill_Of_Landing_269_page_0.png:0:00:02.816727
2024-03-14 01:39:21,681 *****Generated All Pages****** for Bill_Of_Landing_269_page_0.png
2024-03-14 01:39:21,681 RAM memory 80.4 used for Bill_Of_Landing_269_page_0.png Generating All Pages:
2024-03-14 01:39:21,681 Processing time taken for all pages of Bill_Of_Landing_269_page_0.png1:0:00:02.958053
2024-03-14 01:39:21,795 file name is:Bill_Of_Landing_248_page_0.png
2024-03-14 01:39:21,795 folder path :Images
2024-03-14 01:39:21,796 Calling Image result
2024-03-14 01:39:21,796 is all_page_result is instance of dict? True
2024-03-14 01:39:21,796 STREAM b'IHDR' 16 13
2024-03-14 01:39:21,796 STREAM b'IDAT' 41 62155
2024-03-14 01:39:21,827 is words is instance of list? True
2024-03-14 01:39:21,827 is bboxes is instance of list? True
2024-03-14 01:39:21,827 is bounding_boxes is instance of list? True
2024-03-14 01:39:22,043 is input_id_chunks is instance of list? True
2024-03-14 01:39:22,043 is mask_chunks is instance of list? True
2024-03-14 01:39:22,043 is bbox_chunks is instance of list? True
2024-03-14 01:39:22,043 is image_chunks is instance of list? True
2024-03-14 01:39:22,044 is input_dict is instance of dict? True
2024-03-14 01:39:23,926 Model Called
2024-03-14 01:39:23,926 RAM memory 80.4 used for Bill_Of_Landing_248_page_0.png:
2024-03-14 01:39:23,926 is all_predictions is instance of list? True
2024-03-14 01:39:23,926 is all_boxes is instance of list? True
2024-03-14 01:39:23,926 is all_confidences is instance of list? True
2024-03-14 01:39:23,926 is all_text is instance of list? True
2024-03-14 01:39:23,926 is label2id is instance of dict? True
2024-03-14 01:39:23,927 is id2label is instance of dict? True
2024-03-14 01:39:23,927 is label2color is instance of dict? True
2024-03-14 01:39:23,928 label2color : {'lc_date': '#F70F63', 'stamp': '#A545FB', 'transaction_date': '#9B6E88', 'carriage_condition': '#C3348D', 'carrier_address': '#C4CAF7', 'gross_weight': '#B97C7C', 'goods_description': '#EFE65D', 'gross_quantity': '#7A2AE6', 'consignee_address': '#B0943B', 'signature': '#0F0FDD', 'awb_original_or_copy': '#0889A0', 'declared_value_of_custom': '#89800C', 'carrier_name': '#1E4970', 'at_place': '#E5E5D3', 'shipment_date': '#DEB2E5', 'shipper_address': '#156360', 'net_weight': '#76C971', 'consignee_name': '#F7255E', 'invoice_number': '#A71840', 'awb_bill_no': '#02C5E8', 'dimension': '#CE37F0', 'O': '#069CB8', 'declared_value_of_carriage': '#7F18E5', 'final_destination': '#A26C4A', 'awb_bill_issue_date': '#AAA67D', 'lc_no': '#3488AF', 'signed_by_agent': '#E2731D', 'flight_date': '#1A6A36', 'agent_address': '#7A41A6', 'freight_collect_or_prepaid': '#E2CB96', 'flight_details': '#3194CB', 'notify_party_address': '#1C380D', 'shipper_name': '#5732E9', 'signed_by_carrier': '#4E9C38', 'stamped_onboard_date': '#00FFA4', 'awb_original_number': '#57A09E', 'flight_no': '#EC1635', 'freight_collected_at': '#379297', 'amount_insurance': '#0E1DA3', 'house_awb_bill_no': '#68D397', 'master_awb_bill_no': '#45318F', 'airport_of_departure': '#9D777E', 'invoice_date': '#BA4E0D', 'good_marks': '#1F1E3F', 'place_of_receipt': '#B8DFDD', 'agent_name': '#24A912', 'signed_by_master': '#167B6E', 'airport_of_destination': '#F2F5FE', 'master_name': '#CFF4A1', 'notify_party_name': '#76FBBB'}
2024-03-14 01:39:24,124 is result_set is instance of dict? True
2024-03-14 01:39:24,126 is final_result_set is instance of dict? True
2024-03-14 01:39:24,475 Time taken for page 1 of Bill_Of_Landing_248_page_0.png:0:00:02.678999
2024-03-14 01:39:24,611 *****Generated All Pages****** for Bill_Of_Landing_248_page_0.png
2024-03-14 01:39:24,611 RAM memory 80.4 used for Bill_Of_Landing_248_page_0.png Generating All Pages:
2024-03-14 01:39:24,611 Processing time taken for all pages of Bill_Of_Landing_248_page_0.png1:0:00:02.815310
2024-03-14 01:39:24,722 file name is:Bill_Of_Landing_356_page_1.png
2024-03-14 01:39:24,722 folder path :Images
2024-03-14 01:39:24,722 Calling Image result
2024-03-14 01:39:24,722 is all_page_result is instance of dict? True
2024-03-14 01:39:24,732 STREAM b'IHDR' 16 13
2024-03-14 01:39:24,733 STREAM b'IDAT' 41 65536
2024-03-14 01:39:24,763 is words is instance of list? True
2024-03-14 01:39:24,763 is bboxes is instance of list? True
2024-03-14 01:39:24,763 is bounding_boxes is instance of list? True
2024-03-14 01:39:24,979 is input_id_chunks is instance of list? True
2024-03-14 01:39:24,979 is mask_chunks is instance of list? True
2024-03-14 01:39:24,979 is bbox_chunks is instance of list? True
2024-03-14 01:39:24,979 is image_chunks is instance of list? True
2024-03-14 01:39:24,980 is input_dict is instance of dict? True
2024-03-14 01:39:26,825 Model Called
2024-03-14 01:39:26,825 RAM memory 80.7 used for Bill_Of_Landing_356_page_1.png:
2024-03-14 01:39:26,825 is all_predictions is instance of list? True
2024-03-14 01:39:26,825 is all_boxes is instance of list? True
2024-03-14 01:39:26,825 is all_confidences is instance of list? True
2024-03-14 01:39:26,825 is all_text is instance of list? True
2024-03-14 01:39:26,825 is label2id is instance of dict? True
2024-03-14 01:39:26,825 is id2label is instance of dict? True
2024-03-14 01:39:26,826 is label2color is instance of dict? True
2024-03-14 01:39:26,826 label2color : {'lc_date': '#BAE60C', 'stamp': '#9CA243', 'transaction_date': '#6EE3E6', 'carriage_condition': '#FF1BD6', 'carrier_address': '#1F8A3E', 'gross_weight': '#B9BD87', 'goods_description': '#B7F74D', 'gross_quantity': '#48C12D', 'consignee_address': '#CC7308', 'signature': '#8F8C5A', 'awb_original_or_copy': '#7B9CC0', 'declared_value_of_custom': '#E17183', 'carrier_name': '#EFF7DA', 'at_place': '#FC3EC9', 'shipment_date': '#0AB2EC', 'shipper_address': '#642F05', 'net_weight': '#1626DF', 'consignee_name': '#F4C9A5', 'invoice_number': '#E0289B', 'awb_bill_no': '#053EF5', 'dimension': '#A516CA', 'O': '#67906A', 'declared_value_of_carriage': '#6A7C36', 'final_destination': '#8B29B9', 'awb_bill_issue_date': '#DA0071', 'lc_no': '#1200E0', 'signed_by_agent': '#40F94E', 'flight_date': '#EC790E', 'agent_address': '#1B21E8', 'freight_collect_or_prepaid': '#C93BD6', 'flight_details': '#4D49DF', 'notify_party_address': '#435AE0', 'shipper_name': '#E973B3', 'signed_by_carrier': '#B33E71', 'stamped_onboard_date': '#1C6655', 'awb_original_number': '#F95F2E', 'flight_no': '#0D1D5E', 'freight_collected_at': '#667D40', 'amount_insurance': '#CBB980', 'house_awb_bill_no': '#3A6A6F', 'master_awb_bill_no': '#048D04', 'airport_of_departure': '#7AB88B', 'invoice_date': '#4C2C76', 'good_marks': '#053C21', 'place_of_receipt': '#FAD3E3', 'agent_name': '#9DA2D8', 'signed_by_master': '#4EB151', 'airport_of_destination': '#4CFC50', 'master_name': '#31F5DD', 'notify_party_name': '#9B4B93'}
2024-03-14 01:39:27,015 is result_set is instance of dict? True
2024-03-14 01:39:27,017 is final_result_set is instance of dict? True
2024-03-14 01:39:27,344 Time taken for page 1 of Bill_Of_Landing_356_page_1.png:0:00:02.611079
2024-03-14 01:39:27,479 *****Generated All Pages****** for Bill_Of_Landing_356_page_1.png
2024-03-14 01:39:27,479 RAM memory 80.8 used for Bill_Of_Landing_356_page_1.png Generating All Pages:
2024-03-14 01:39:27,479 Processing time taken for all pages of Bill_Of_Landing_356_page_1.png1:0:00:02.757195
2024-03-14 01:39:27,590 file name is:Bill_Of_Landing_805_page_0.png
2024-03-14 01:39:27,590 folder path :Images
2024-03-14 01:39:27,590 Calling Image result
2024-03-14 01:39:27,590 is all_page_result is instance of dict? True
2024-03-14 01:39:27,591 STREAM b'IHDR' 16 13
2024-03-14 01:39:27,591 STREAM b'IDAT' 41 64267
2024-03-14 01:39:27,621 is words is instance of list? True
2024-03-14 01:39:27,621 is bboxes is instance of list? True
2024-03-14 01:39:27,621 is bounding_boxes is instance of list? True
2024-03-14 01:39:27,822 is input_id_chunks is instance of list? True
2024-03-14 01:39:27,822 is mask_chunks is instance of list? True
2024-03-14 01:39:27,822 is bbox_chunks is instance of list? True
2024-03-14 01:39:27,822 is image_chunks is instance of list? True
2024-03-14 01:39:27,822 is input_dict is instance of dict? True
2024-03-14 01:39:29,680 Model Called
2024-03-14 01:39:29,680 RAM memory 81.1 used for Bill_Of_Landing_805_page_0.png:
2024-03-14 01:39:29,690 is all_predictions is instance of list? True
2024-03-14 01:39:29,690 is all_boxes is instance of list? True
2024-03-14 01:39:29,691 is all_confidences is instance of list? True
2024-03-14 01:39:29,691 is all_text is instance of list? True
2024-03-14 01:39:29,691 is label2id is instance of dict? True
2024-03-14 01:39:29,691 is id2label is instance of dict? True
2024-03-14 01:39:29,692 is label2color is instance of dict? True
2024-03-14 01:39:29,692 label2color : {'lc_date': '#9B5C85', 'stamp': '#09B3EB', 'transaction_date': '#5797F4', 'carriage_condition': '#A07BF9', 'carrier_address': '#A7E6F4', 'gross_weight': '#E4667F', 'goods_description': '#3CDFA5', 'gross_quantity': '#56456B', 'consignee_address': '#855CBC', 'signature': '#114BD8', 'awb_original_or_copy': '#811CD3', 'declared_value_of_custom': '#E43FEC', 'carrier_name': '#DEC242', 'at_place': '#25FC62', 'shipment_date': '#9A484F', 'shipper_address': '#B4EF0E', 'net_weight': '#74336A', 'consignee_name': '#15596E', 'invoice_number': '#BC2FC7', 'awb_bill_no': '#31CCE9', 'dimension': '#E0CCBB', 'O': '#8D70F7', 'declared_value_of_carriage': '#146A9C', 'final_destination': '#19A8B7', 'awb_bill_issue_date': '#6090A9', 'lc_no': '#35654A', 'signed_by_agent': '#055F22', 'flight_date': '#0DB093', 'agent_address': '#E43B67', 'freight_collect_or_prepaid': '#8B41E6', 'flight_details': '#A83F96', 'notify_party_address': '#8AC548', 'shipper_name': '#905B13', 'signed_by_carrier': '#3AEA00', 'stamped_onboard_date': '#713DF0', 'awb_original_number': '#388BF2', 'flight_no': '#48AB84', 'freight_collected_at': '#BBDD9D', 'amount_insurance': '#9ACBAF', 'house_awb_bill_no': '#94CE3A', 'master_awb_bill_no': '#1E8EEE', 'airport_of_departure': '#D7ABE7', 'invoice_date': '#F0A4F8', 'good_marks': '#90A885', 'place_of_receipt': '#476BE0', 'agent_name': '#ED7D0B', 'signed_by_master': '#DDA6EA', 'airport_of_destination': '#6DF994', 'master_name': '#31B8F2', 'notify_party_name': '#64BF09'}
2024-03-14 01:39:29,881 is result_set is instance of dict? True
2024-03-14 01:39:29,882 is final_result_set is instance of dict? True
2024-03-14 01:39:30,300 Time taken for page 1 of Bill_Of_Landing_805_page_0.png:0:00:02.708762
2024-03-14 01:39:30,435 *****Generated All Pages****** for Bill_Of_Landing_805_page_0.png
2024-03-14 01:39:30,435 RAM memory 81.3 used for Bill_Of_Landing_805_page_0.png Generating All Pages:
2024-03-14 01:39:30,436 Processing time taken for all pages of Bill_Of_Landing_805_page_0.png1:0:00:02.845372
2024-03-14 01:39:30,560 file name is:Bill_Of_Landing_411_page_2.png
2024-03-14 01:39:30,560 folder path :Images
2024-03-14 01:39:30,560 Calling Image result
2024-03-14 01:39:30,560 is all_page_result is instance of dict? True
2024-03-14 01:39:30,571 STREAM b'IHDR' 16 13
2024-03-14 01:39:30,571 STREAM b'IDAT' 41 62340
2024-03-14 01:39:30,600 is words is instance of list? True
2024-03-14 01:39:30,600 is bboxes is instance of list? True
2024-03-14 01:39:30,600 is bounding_boxes is instance of list? True
2024-03-14 01:39:30,805 is input_id_chunks is instance of list? True
2024-03-14 01:39:30,805 is mask_chunks is instance of list? True
2024-03-14 01:39:30,805 is bbox_chunks is instance of list? True
2024-03-14 01:39:30,805 is image_chunks is instance of list? True
2024-03-14 01:39:30,806 is input_dict is instance of dict? True
2024-03-14 01:39:32,635 Model Called
2024-03-14 01:39:32,635 RAM memory 80.8 used for Bill_Of_Landing_411_page_2.png:
2024-03-14 01:39:32,635 is all_predictions is instance of list? True
2024-03-14 01:39:32,635 is all_boxes is instance of list? True
2024-03-14 01:39:32,635 is all_confidences is instance of list? True
2024-03-14 01:39:32,635 is all_text is instance of list? True
2024-03-14 01:39:32,636 is label2id is instance of dict? True
2024-03-14 01:39:32,636 is id2label is instance of dict? True
2024-03-14 01:39:32,637 is label2color is instance of dict? True
2024-03-14 01:39:32,637 label2color : {'lc_date': '#95757A', 'stamp': '#069B74', 'transaction_date': '#0C1AA0', 'carriage_condition': '#BB32E0', 'carrier_address': '#7D4ABD', 'gross_weight': '#A1979C', 'goods_description': '#90B716', 'gross_quantity': '#4DC3CF', 'consignee_address': '#343DF6', 'signature': '#B0CAC7', 'awb_original_or_copy': '#DC763F', 'declared_value_of_custom': '#7537DD', 'carrier_name': '#CD5069', 'at_place': '#543EB0', 'shipment_date': '#0F0A0F', 'shipper_address': '#A01D99', 'net_weight': '#B8AB49', 'consignee_name': '#4C8E2A', 'invoice_number': '#44AE49', 'awb_bill_no': '#293DD9', 'dimension': '#67F069', 'O': '#F926B1', 'declared_value_of_carriage': '#ADE3F3', 'final_destination': '#E23BD5', 'awb_bill_issue_date': '#7B4A9D', 'lc_no': '#A3AA6B', 'signed_by_agent': '#CB84A6', 'flight_date': '#8E7F0A', 'agent_address': '#DAAC87', 'freight_collect_or_prepaid': '#482487', 'flight_details': '#4A5740', 'notify_party_address': '#0DB6E8', 'shipper_name': '#9D53C1', 'signed_by_carrier': '#A59431', 'stamped_onboard_date': '#840106', 'awb_original_number': '#BD10FA', 'flight_no': '#6C81AF', 'freight_collected_at': '#4B0889', 'amount_insurance': '#E83C8D', 'house_awb_bill_no': '#70681A', 'master_awb_bill_no': '#1D769F', 'airport_of_departure': '#917903', 'invoice_date': '#5E2A2E', 'good_marks': '#C86AE1', 'place_of_receipt': '#F654B1', 'agent_name': '#6DC537', 'signed_by_master': '#AAE95A', 'airport_of_destination': '#690D10', 'master_name': '#F64D77', 'notify_party_name': '#6C2FF5'}
2024-03-14 01:39:32,840 is result_set is instance of dict? True
2024-03-14 01:39:32,841 is final_result_set is instance of dict? True
2024-03-14 01:39:33,249 Time taken for page 1 of Bill_Of_Landing_411_page_2.png:0:00:02.678428
2024-03-14 01:39:33,383 *****Generated All Pages****** for Bill_Of_Landing_411_page_2.png
2024-03-14 01:39:33,383 RAM memory 80.6 used for Bill_Of_Landing_411_page_2.png Generating All Pages:
2024-03-14 01:39:33,384 Processing time taken for all pages of Bill_Of_Landing_411_page_2.png1:0:00:02.823340
2024-03-14 01:39:33,508 file name is:Bill_Of_Landing_899_page_18.png
2024-03-14 01:39:33,508 folder path :Images
2024-03-14 01:39:33,508 Calling Image result
2024-03-14 01:39:33,508 is all_page_result is instance of dict? True
2024-03-14 01:39:33,519 STREAM b'IHDR' 16 13
2024-03-14 01:39:33,519 STREAM b'IDAT' 41 65536
2024-03-14 01:39:33,553 is words is instance of list? True
2024-03-14 01:39:33,553 is bboxes is instance of list? True
2024-03-14 01:39:33,553 is bounding_boxes is instance of list? True
2024-03-14 01:39:33,763 is input_id_chunks is instance of list? True
2024-03-14 01:39:33,763 is mask_chunks is instance of list? True
2024-03-14 01:39:33,763 is bbox_chunks is instance of list? True
2024-03-14 01:39:33,763 is image_chunks is instance of list? True
2024-03-14 01:39:33,764 is input_dict is instance of dict? True
2024-03-14 01:39:35,607 Model Called
2024-03-14 01:39:35,607 RAM memory 80.5 used for Bill_Of_Landing_899_page_18.png:
2024-03-14 01:39:35,607 is all_predictions is instance of list? True
2024-03-14 01:39:35,607 is all_boxes is instance of list? True
2024-03-14 01:39:35,608 is all_confidences is instance of list? True
2024-03-14 01:39:35,608 is all_text is instance of list? True
2024-03-14 01:39:35,608 is label2id is instance of dict? True
2024-03-14 01:39:35,608 is id2label is instance of dict? True
2024-03-14 01:39:35,609 is label2color is instance of dict? True
2024-03-14 01:39:35,609 label2color : {'lc_date': '#676E75', 'stamp': '#737200', 'transaction_date': '#0D8139', 'carriage_condition': '#83AD25', 'carrier_address': '#CCF5B0', 'gross_weight': '#7D8C55', 'goods_description': '#4B91A2', 'gross_quantity': '#761752', 'consignee_address': '#A3EF18', 'signature': '#AF0638', 'awb_original_or_copy': '#EAD4A8', 'declared_value_of_custom': '#CE9D1F', 'carrier_name': '#A612DC', 'at_place': '#639725', 'shipment_date': '#AD19FC', 'shipper_address': '#EB64F6', 'net_weight': '#3DDF88', 'consignee_name': '#8A0565', 'invoice_number': '#DA7A1F', 'awb_bill_no': '#B23C81', 'dimension': '#2582A5', 'O': '#82B441', 'declared_value_of_carriage': '#8BD325', 'final_destination': '#6432B0', 'awb_bill_issue_date': '#FBBB36', 'lc_no': '#2FED45', 'signed_by_agent': '#19748D', 'flight_date': '#385B72', 'agent_address': '#1A6038', 'freight_collect_or_prepaid': '#E16D06', 'flight_details': '#CBFAC9', 'notify_party_address': '#ACDE55', 'shipper_name': '#FB6B32', 'signed_by_carrier': '#D4E84A', 'stamped_onboard_date': '#AF7E00', 'awb_original_number': '#DEDF15', 'flight_no': '#143F0B', 'freight_collected_at': '#7CC6AE', 'amount_insurance': '#788169', 'house_awb_bill_no': '#59BA31', 'master_awb_bill_no': '#BFAA7F', 'airport_of_departure': '#D959CC', 'invoice_date': '#CAC3CF', 'good_marks': '#2A8435', 'place_of_receipt': '#A33998', 'agent_name': '#4E7F6C', 'signed_by_master': '#2B25FD', 'airport_of_destination': '#2581D5', 'master_name': '#16243D', 'notify_party_name': '#AE0F9F'}
2024-03-14 01:39:35,809 is result_set is instance of dict? True
2024-03-14 01:39:35,811 is final_result_set is instance of dict? True
2024-03-14 01:39:36,421 Time taken for page 1 of Bill_Of_Landing_899_page_18.png:0:00:02.901783
2024-03-14 01:39:36,573 *****Generated All Pages****** for Bill_Of_Landing_899_page_18.png
2024-03-14 01:39:36,573 RAM memory 80.6 used for Bill_Of_Landing_899_page_18.png Generating All Pages:
2024-03-14 01:39:36,573 Processing time taken for all pages of Bill_Of_Landing_899_page_18.png1:0:00:03.064979
2024-03-14 01:39:36,696 file name is:Bill_Of_Landing_424_page_2.png
2024-03-14 01:39:36,697 folder path :Images
2024-03-14 01:39:36,697 Calling Image result
2024-03-14 01:39:36,697 is all_page_result is instance of dict? True
2024-03-14 01:39:36,706 STREAM b'IHDR' 16 13
2024-03-14 01:39:36,706 STREAM b'IDAT' 41 65536
2024-03-14 01:39:36,737 is words is instance of list? True
2024-03-14 01:39:36,737 is bboxes is instance of list? True
2024-03-14 01:39:36,737 is bounding_boxes is instance of list? True
2024-03-14 01:39:36,947 is input_id_chunks is instance of list? True
2024-03-14 01:39:36,947 is mask_chunks is instance of list? True
2024-03-14 01:39:36,947 is bbox_chunks is instance of list? True
2024-03-14 01:39:36,947 is image_chunks is instance of list? True
2024-03-14 01:39:36,948 is input_dict is instance of dict? True
2024-03-14 01:39:38,814 Model Called
2024-03-14 01:39:38,814 RAM memory 80.4 used for Bill_Of_Landing_424_page_2.png:
2024-03-14 01:39:38,815 is all_predictions is instance of list? True
2024-03-14 01:39:38,815 is all_boxes is instance of list? True
2024-03-14 01:39:38,815 is all_confidences is instance of list? True
2024-03-14 01:39:38,815 is all_text is instance of list? True
2024-03-14 01:39:38,815 is label2id is instance of dict? True
2024-03-14 01:39:38,815 is id2label is instance of dict? True
2024-03-14 01:39:38,816 is label2color is instance of dict? True
2024-03-14 01:39:38,816 label2color : {'lc_date': '#CF8E00', 'stamp': '#609528', 'transaction_date': '#3A3D2C', 'carriage_condition': '#F10888', 'carrier_address': '#A916CE', 'gross_weight': '#0CD68E', 'goods_description': '#6FAE05', 'gross_quantity': '#D7160F', 'consignee_address': '#C33F5D', 'signature': '#056D5D', 'awb_original_or_copy': '#27A665', 'declared_value_of_custom': '#92631A', 'carrier_name': '#C32A69', 'at_place': '#CD91D4', 'shipment_date': '#D7EEDB', 'shipper_address': '#700C21', 'net_weight': '#608BC4', 'consignee_name': '#C334FD', 'invoice_number': '#6A87B6', 'awb_bill_no': '#56437B', 'dimension': '#5FA095', 'O': '#BA6359', 'declared_value_of_carriage': '#6F050F', 'final_destination': '#958ED8', 'awb_bill_issue_date': '#3EC9ED', 'lc_no': '#05E3DD', 'signed_by_agent': '#8C84C9', 'flight_date': '#6AA988', 'agent_address': '#651F42', 'freight_collect_or_prepaid': '#97574B', 'flight_details': '#01D127', 'notify_party_address': '#3F96F1', 'shipper_name': '#AF4D00', 'signed_by_carrier': '#0DDB29', 'stamped_onboard_date': '#DEC22F', 'awb_original_number': '#9F7226', 'flight_no': '#47634A', 'freight_collected_at': '#461D73', 'amount_insurance': '#832462', 'house_awb_bill_no': '#E423D9', 'master_awb_bill_no': '#496898', 'airport_of_departure': '#37C67F', 'invoice_date': '#FD3315', 'good_marks': '#1E211F', 'place_of_receipt': '#59BE82', 'agent_name': '#DB63B6', 'signed_by_master': '#AC116F', 'airport_of_destination': '#424626', 'master_name': '#D3619C', 'notify_party_name': '#360E26'}
2024-03-14 01:39:39,014 is result_set is instance of dict? True
2024-03-14 01:39:39,016 is final_result_set is instance of dict? True
2024-03-14 01:39:39,386 Time taken for page 1 of Bill_Of_Landing_424_page_2.png:0:00:02.679546
2024-03-14 01:39:39,546 *****Generated All Pages****** for Bill_Of_Landing_424_page_2.png
2024-03-14 01:39:39,547 RAM memory 80.6 used for Bill_Of_Landing_424_page_2.png Generating All Pages:
2024-03-14 01:39:39,547 Processing time taken for all pages of Bill_Of_Landing_424_page_2.png1:0:00:02.850033
2024-03-14 01:39:39,663 file name is:Bill_Of_Landing_248_page_1.png
2024-03-14 01:39:39,664 folder path :Images
2024-03-14 01:39:39,664 Calling Image result
2024-03-14 01:39:39,664 is all_page_result is instance of dict? True
2024-03-14 01:39:39,674 STREAM b'IHDR' 16 13
2024-03-14 01:39:39,675 STREAM b'IDAT' 41 62971
2024-03-14 01:39:39,703 is words is instance of list? True
2024-03-14 01:39:39,703 is bboxes is instance of list? True
2024-03-14 01:39:39,703 is bounding_boxes is instance of list? True
2024-03-14 01:39:39,921 is input_id_chunks is instance of list? True
2024-03-14 01:39:39,921 is mask_chunks is instance of list? True
2024-03-14 01:39:39,921 is bbox_chunks is instance of list? True
2024-03-14 01:39:39,921 is image_chunks is instance of list? True
2024-03-14 01:39:39,922 is input_dict is instance of dict? True
2024-03-14 01:39:41,785 Model Called
2024-03-14 01:39:41,785 RAM memory 80.4 used for Bill_Of_Landing_248_page_1.png:
2024-03-14 01:39:41,785 is all_predictions is instance of list? True
2024-03-14 01:39:41,785 is all_boxes is instance of list? True
2024-03-14 01:39:41,785 is all_confidences is instance of list? True
2024-03-14 01:39:41,786 is all_text is instance of list? True
2024-03-14 01:39:41,786 is label2id is instance of dict? True
2024-03-14 01:39:41,786 is id2label is instance of dict? True
2024-03-14 01:39:41,787 is label2color is instance of dict? True
2024-03-14 01:39:41,787 label2color : {'lc_date': '#892EB8', 'stamp': '#7FAFCB', 'transaction_date': '#95C286', 'carriage_condition': '#634B78', 'carrier_address': '#461295', 'gross_weight': '#3F7661', 'goods_description': '#E7FADF', 'gross_quantity': '#C19929', 'consignee_address': '#BDFA67', 'signature': '#222AF6', 'awb_original_or_copy': '#2FB879', 'declared_value_of_custom': '#A76783', 'carrier_name': '#464AC1', 'at_place': '#A494A6', 'shipment_date': '#FD1AD9', 'shipper_address': '#38FF15', 'net_weight': '#D48D30', 'consignee_name': '#03E624', 'invoice_number': '#C93466', 'awb_bill_no': '#083B05', 'dimension': '#F5393E', 'O': '#E8007E', 'declared_value_of_carriage': '#AEA987', 'final_destination': '#0DC504', 'awb_bill_issue_date': '#874C30', 'lc_no': '#F17257', 'signed_by_agent': '#DD0F5D', 'flight_date': '#153F1F', 'agent_address': '#2FA120', 'freight_collect_or_prepaid': '#22139D', 'flight_details': '#9DECCE', 'notify_party_address': '#A93B9B', 'shipper_name': '#8A52C2', 'signed_by_carrier': '#34157A', 'stamped_onboard_date': '#14B10A', 'awb_original_number': '#982BDD', 'flight_no': '#7453A8', 'freight_collected_at': '#43534C', 'amount_insurance': '#E32F9E', 'house_awb_bill_no': '#506B67', 'master_awb_bill_no': '#2CFB18', 'airport_of_departure': '#9446C5', 'invoice_date': '#C96BC6', 'good_marks': '#4945A7', 'place_of_receipt': '#A7FF21', 'agent_name': '#7871BF', 'signed_by_master': '#E3AE9D', 'airport_of_destination': '#6C4D49', 'master_name': '#E35B84', 'notify_party_name': '#86C6B2'}
2024-03-14 01:39:41,978 is result_set is instance of dict? True
2024-03-14 01:39:41,980 is final_result_set is instance of dict? True
2024-03-14 01:39:42,373 Time taken for page 1 of Bill_Of_Landing_248_page_1.png:0:00:02.698466
2024-03-14 01:39:42,502 *****Generated All Pages****** for Bill_Of_Landing_248_page_1.png
2024-03-14 01:39:42,502 RAM memory 80.6 used for Bill_Of_Landing_248_page_1.png Generating All Pages:
2024-03-14 01:39:42,502 Processing time taken for all pages of Bill_Of_Landing_248_page_1.png1:0:00:02.838132
2024-03-14 01:39:42,619 file name is:Bill_Of_Landing_411_page_0.png
2024-03-14 01:39:42,619 folder path :Images
2024-03-14 01:39:42,619 Calling Image result
2024-03-14 01:39:42,619 is all_page_result is instance of dict? True
2024-03-14 01:39:42,620 STREAM b'IHDR' 16 13
2024-03-14 01:39:42,620 STREAM b'IDAT' 41 60851
2024-03-14 01:39:42,649 is words is instance of list? True
2024-03-14 01:39:42,649 is bboxes is instance of list? True
2024-03-14 01:39:42,649 is bounding_boxes is instance of list? True
2024-03-14 01:39:42,856 is input_id_chunks is instance of list? True
2024-03-14 01:39:42,856 is mask_chunks is instance of list? True
2024-03-14 01:39:42,856 is bbox_chunks is instance of list? True
2024-03-14 01:39:42,856 is image_chunks is instance of list? True
2024-03-14 01:39:42,857 is input_dict is instance of dict? True
2024-03-14 01:39:44,778 Model Called
2024-03-14 01:39:44,778 RAM memory 80.6 used for Bill_Of_Landing_411_page_0.png:
2024-03-14 01:39:44,778 is all_predictions is instance of list? True
2024-03-14 01:39:44,778 is all_boxes is instance of list? True
2024-03-14 01:39:44,778 is all_confidences is instance of list? True
2024-03-14 01:39:44,778 is all_text is instance of list? True
2024-03-14 01:39:44,779 is label2id is instance of dict? True
2024-03-14 01:39:44,779 is id2label is instance of dict? True
2024-03-14 01:39:44,779 is label2color is instance of dict? True
2024-03-14 01:39:44,780 label2color : {'lc_date': '#3064B4', 'stamp': '#986FDB', 'transaction_date': '#2D37EC', 'carriage_condition': '#06FA5A', 'carrier_address': '#093155', 'gross_weight': '#27E278', 'goods_description': '#27E9AB', 'gross_quantity': '#CC5193', 'consignee_address': '#19683A', 'signature': '#F271E0', 'awb_original_or_copy': '#49C6BF', 'declared_value_of_custom': '#73DC0C', 'carrier_name': '#EAABC5', 'at_place': '#5098F2', 'shipment_date': '#FA9B4C', 'shipper_address': '#4C531A', 'net_weight': '#574BD1', 'consignee_name': '#018C15', 'invoice_number': '#66145E', 'awb_bill_no': '#E02D19', 'dimension': '#F60F60', 'O': '#1A1188', 'declared_value_of_carriage': '#E2F8DF', 'final_destination': '#0BC7E5', 'awb_bill_issue_date': '#437057', 'lc_no': '#CE77EA', 'signed_by_agent': '#C338D9', 'flight_date': '#1055F3', 'agent_address': '#4ED31C', 'freight_collect_or_prepaid': '#90743B', 'flight_details': '#9E7955', 'notify_party_address': '#4092BE', 'shipper_name': '#922D9E', 'signed_by_carrier': '#812844', 'stamped_onboard_date': '#9BEBF0', 'awb_original_number': '#85450A', 'flight_no': '#2955AB', 'freight_collected_at': '#A2D9DE', 'amount_insurance': '#F71170', 'house_awb_bill_no': '#F6B668', 'master_awb_bill_no': '#4A5DE5', 'airport_of_departure': '#F77724', 'invoice_date': '#EF6995', 'good_marks': '#9F6AD9', 'place_of_receipt': '#A0167F', 'agent_name': '#B21953', 'signed_by_master': '#8DB120', 'airport_of_destination': '#B9902A', 'master_name': '#BB93DD', 'notify_party_name': '#D2D00F'}
2024-03-14 01:39:44,978 is result_set is instance of dict? True
2024-03-14 01:39:44,980 is final_result_set is instance of dict? True
2024-03-14 01:39:45,336 Time taken for page 1 of Bill_Of_Landing_411_page_0.png:0:00:02.716630
2024-03-14 01:39:45,491 *****Generated All Pages****** for Bill_Of_Landing_411_page_0.png
2024-03-14 01:39:45,491 RAM memory 80.8 used for Bill_Of_Landing_411_page_0.png Generating All Pages:
2024-03-14 01:39:45,491 Processing time taken for all pages of Bill_Of_Landing_411_page_0.png1:0:00:02.872278
2024-03-14 01:39:45,613 file name is:Bill_Of_Landing_360_page_0.png
2024-03-14 01:39:45,614 folder path :Images
2024-03-14 01:39:45,614 Calling Image result
2024-03-14 01:39:45,614 is all_page_result is instance of dict? True
2024-03-14 01:39:45,614 STREAM b'IHDR' 16 13
2024-03-14 01:39:45,614 STREAM b'IDAT' 41 63351
2024-03-14 01:39:45,642 is words is instance of list? True
2024-03-14 01:39:45,642 is bboxes is instance of list? True
2024-03-14 01:39:45,642 is bounding_boxes is instance of list? True
2024-03-14 01:39:45,847 is input_id_chunks is instance of list? True
2024-03-14 01:39:45,848 is mask_chunks is instance of list? True
2024-03-14 01:39:45,848 is bbox_chunks is instance of list? True
2024-03-14 01:39:45,848 is image_chunks is instance of list? True
2024-03-14 01:39:45,848 is input_dict is instance of dict? True
2024-03-14 01:39:47,707 Model Called
2024-03-14 01:39:47,708 RAM memory 80.7 used for Bill_Of_Landing_360_page_0.png:
2024-03-14 01:39:47,708 is all_predictions is instance of list? True
2024-03-14 01:39:47,708 is all_boxes is instance of list? True
2024-03-14 01:39:47,708 is all_confidences is instance of list? True
2024-03-14 01:39:47,708 is all_text is instance of list? True
2024-03-14 01:39:47,708 is label2id is instance of dict? True
2024-03-14 01:39:47,708 is id2label is instance of dict? True
2024-03-14 01:39:47,709 is label2color is instance of dict? True
2024-03-14 01:39:47,709 label2color : {'lc_date': '#7019F3', 'stamp': '#A5D0CA', 'transaction_date': '#AD668A', 'carriage_condition': '#47DC1A', 'carrier_address': '#E41D15', 'gross_weight': '#2B9C57', 'goods_description': '#B062DF', 'gross_quantity': '#FDDB03', 'consignee_address': '#55884B', 'signature': '#094835', 'awb_original_or_copy': '#C3E542', 'declared_value_of_custom': '#7CFCA9', 'carrier_name': '#897867', 'at_place': '#AD0CC1', 'shipment_date': '#8D9466', 'shipper_address': '#43DF2E', 'net_weight': '#D111EE', 'consignee_name': '#17F5D4', 'invoice_number': '#E1B6BD', 'awb_bill_no': '#3DB46D', 'dimension': '#1B9DB8', 'O': '#D43609', 'declared_value_of_carriage': '#42A549', 'final_destination': '#13B3E1', 'awb_bill_issue_date': '#DB3F4B', 'lc_no': '#3C1C5D', 'signed_by_agent': '#C1FB5C', 'flight_date': '#349C82', 'agent_address': '#01EFF6', 'freight_collect_or_prepaid': '#7D9E63', 'flight_details': '#57B8FA', 'notify_party_address': '#E2C055', 'shipper_name': '#D1A182', 'signed_by_carrier': '#3BB0E5', 'stamped_onboard_date': '#B78405', 'awb_original_number': '#C888B4', 'flight_no': '#8FC38D', 'freight_collected_at': '#C75388', 'amount_insurance': '#4BFAD2', 'house_awb_bill_no': '#688F70', 'master_awb_bill_no': '#E81196', 'airport_of_departure': '#CF69E6', 'invoice_date': '#908583', 'good_marks': '#B74F33', 'place_of_receipt': '#AEA7EF', 'agent_name': '#0D7ADF', 'signed_by_master': '#1BB6BD', 'airport_of_destination': '#A8787F', 'master_name': '#EC5D42', 'notify_party_name': '#17ADEE'}
2024-03-14 01:39:47,905 is result_set is instance of dict? True
2024-03-14 01:39:47,907 is final_result_set is instance of dict? True
2024-03-14 01:39:48,272 Time taken for page 1 of Bill_Of_Landing_360_page_0.png:0:00:02.657447
2024-03-14 01:39:48,415 *****Generated All Pages****** for Bill_Of_Landing_360_page_0.png
2024-03-14 01:39:48,415 RAM memory 80.8 used for Bill_Of_Landing_360_page_0.png Generating All Pages:
2024-03-14 01:39:48,415 Processing time taken for all pages of Bill_Of_Landing_360_page_0.png1:0:00:02.801363
2024-03-14 01:39:48,536 file name is:Bill_Of_Landing_562_page_0.png
2024-03-14 01:39:48,536 folder path :Images
2024-03-14 01:39:48,536 Calling Image result
2024-03-14 01:39:48,536 is all_page_result is instance of dict? True
2024-03-14 01:39:48,547 STREAM b'IHDR' 16 13
2024-03-14 01:39:48,547 STREAM b'IDAT' 41 59804
2024-03-14 01:39:48,575 is words is instance of list? True
2024-03-14 01:39:48,575 is bboxes is instance of list? True
2024-03-14 01:39:48,575 is bounding_boxes is instance of list? True
2024-03-14 01:39:48,786 is input_id_chunks is instance of list? True
2024-03-14 01:39:48,786 is mask_chunks is instance of list? True
2024-03-14 01:39:48,786 is bbox_chunks is instance of list? True
2024-03-14 01:39:48,786 is image_chunks is instance of list? True
2024-03-14 01:39:48,786 is input_dict is instance of dict? True
2024-03-14 01:39:50,629 Model Called
2024-03-14 01:39:50,629 RAM memory 80.5 used for Bill_Of_Landing_562_page_0.png:
2024-03-14 01:39:50,629 is all_predictions is instance of list? True
2024-03-14 01:39:50,629 is all_boxes is instance of list? True
2024-03-14 01:39:50,630 is all_confidences is instance of list? True
2024-03-14 01:39:50,630 is all_text is instance of list? True
2024-03-14 01:39:50,630 is label2id is instance of dict? True
2024-03-14 01:39:50,630 is id2label is instance of dict? True
2024-03-14 01:39:50,631 is label2color is instance of dict? True
2024-03-14 01:39:50,631 label2color : {'lc_date': '#0F9A84', 'stamp': '#2D215A', 'transaction_date': '#D79FEE', 'carriage_condition': '#7BE5CC', 'carrier_address': '#335A1B', 'gross_weight': '#15017D', 'goods_description': '#9DB0E8', 'gross_quantity': '#3CC153', 'consignee_address': '#8C5A8D', 'signature': '#14C2CB', 'awb_original_or_copy': '#7CBB55', 'declared_value_of_custom': '#11781A', 'carrier_name': '#EBC854', 'at_place': '#D40311', 'shipment_date': '#F283A4', 'shipper_address': '#EA6961', 'net_weight': '#982DDC', 'consignee_name': '#D17B8C', 'invoice_number': '#4B382A', 'awb_bill_no': '#5E14FF', 'dimension': '#DFC54D', 'O': '#4492FD', 'declared_value_of_carriage': '#E2E342', 'final_destination': '#919A76', 'awb_bill_issue_date': '#B002AB', 'lc_no': '#DCFDEC', 'signed_by_agent': '#751733', 'flight_date': '#728C94', 'agent_address': '#6C56C4', 'freight_collect_or_prepaid': '#27067C', 'flight_details': '#C8B473', 'notify_party_address': '#857267', 'shipper_name': '#27B235', 'signed_by_carrier': '#7A2C78', 'stamped_onboard_date': '#454F63', 'awb_original_number': '#74B190', 'flight_no': '#755239', 'freight_collected_at': '#E3697C', 'amount_insurance': '#1845C8', 'house_awb_bill_no': '#35AE93', 'master_awb_bill_no': '#679BFC', 'airport_of_departure': '#BFCE38', 'invoice_date': '#AE0313', 'good_marks': '#25A7DC', 'place_of_receipt': '#83EAC6', 'agent_name': '#00026F', 'signed_by_master': '#F5B236', 'airport_of_destination': '#E0493B', 'master_name': '#9C665D', 'notify_party_name': '#D244A9'}
2024-03-14 01:39:50,843 is result_set is instance of dict? True
2024-03-14 01:39:50,845 is final_result_set is instance of dict? True
2024-03-14 01:39:51,193 Time taken for page 1 of Bill_Of_Landing_562_page_0.png:0:00:02.645721
2024-03-14 01:39:51,338 *****Generated All Pages****** for Bill_Of_Landing_562_page_0.png
2024-03-14 01:39:51,338 RAM memory 80.7 used for Bill_Of_Landing_562_page_0.png Generating All Pages:
2024-03-14 01:39:51,339 Processing time taken for all pages of Bill_Of_Landing_562_page_0.png1:0:00:02.802388
2024-03-14 01:39:51,451 file name is:Bill_Of_Landing_680_page_0.png
2024-03-14 01:39:51,451 folder path :Images
2024-03-14 01:39:51,452 Calling Image result
2024-03-14 01:39:51,452 is all_page_result is instance of dict? True
2024-03-14 01:39:51,462 STREAM b'IHDR' 16 13
2024-03-14 01:39:51,462 STREAM b'IDAT' 41 65536
2024-03-14 01:39:51,530 is words is instance of list? True
2024-03-14 01:39:51,530 is bboxes is instance of list? True
2024-03-14 01:39:51,530 is bounding_boxes is instance of list? True
2024-03-14 01:39:52,127 is input_id_chunks is instance of list? True
2024-03-14 01:39:52,127 is mask_chunks is instance of list? True
2024-03-14 01:39:52,127 is bbox_chunks is instance of list? True
2024-03-14 01:39:52,127 is image_chunks is instance of list? True
2024-03-14 01:39:52,128 is input_dict is instance of dict? True
2024-03-14 01:39:53,974 Model Called
2024-03-14 01:39:53,974 RAM memory 81.1 used for Bill_Of_Landing_680_page_0.png:
2024-03-14 01:39:53,975 is all_predictions is instance of list? True
2024-03-14 01:39:53,975 is all_boxes is instance of list? True
2024-03-14 01:39:53,975 is all_confidences is instance of list? True
2024-03-14 01:39:53,975 is all_text is instance of list? True
2024-03-14 01:39:53,975 is label2id is instance of dict? True
2024-03-14 01:39:53,975 is id2label is instance of dict? True
2024-03-14 01:39:53,976 is label2color is instance of dict? True
2024-03-14 01:39:53,976 label2color : {'lc_date': '#BC97D3', 'stamp': '#DDFCE8', 'transaction_date': '#223B3C', 'carriage_condition': '#FF2BD4', 'carrier_address': '#7E660A', 'gross_weight': '#7C3248', 'goods_description': '#CF8F4E', 'gross_quantity': '#C38510', 'consignee_address': '#919642', 'signature': '#B8D3B1', 'awb_original_or_copy': '#FC31C4', 'declared_value_of_custom': '#405E18', 'carrier_name': '#50EEEB', 'at_place': '#159BC0', 'shipment_date': '#02996A', 'shipper_address': '#5AE0A0', 'net_weight': '#A4D643', 'consignee_name': '#05AD7B', 'invoice_number': '#75BB89', 'awb_bill_no': '#E462CD', 'dimension': '#D2AC90', 'O': '#15F14A', 'declared_value_of_carriage': '#227C33', 'final_destination': '#5B51B6', 'awb_bill_issue_date': '#685310', 'lc_no': '#2F169A', 'signed_by_agent': '#510B59', 'flight_date': '#C63240', 'agent_address': '#ACF4AD', 'freight_collect_or_prepaid': '#2B2CE2', 'flight_details': '#4B5D0D', 'notify_party_address': '#195E44', 'shipper_name': '#C36047', 'signed_by_carrier': '#4E8772', 'stamped_onboard_date': '#630D59', 'awb_original_number': '#2F6A01', 'flight_no': '#A1788C', 'freight_collected_at': '#D5EE32', 'amount_insurance': '#52D4DE', 'house_awb_bill_no': '#D120F7', 'master_awb_bill_no': '#E452F0', 'airport_of_departure': '#361317', 'invoice_date': '#3468CE', 'good_marks': '#2AE966', 'place_of_receipt': '#25E8F6', 'agent_name': '#7D7B39', 'signed_by_master': '#1CA9A6', 'airport_of_destination': '#147CE8', 'master_name': '#699FB0', 'notify_party_name': '#0E35E9'}
2024-03-14 01:39:54,497 is result_set is instance of dict? True
2024-03-14 01:39:54,499 is final_result_set is instance of dict? True
2024-03-14 01:39:55,023 Time taken for page 1 of Bill_Of_Landing_680_page_0.png:0:00:03.560848
2024-03-14 01:39:55,336 *****Generated All Pages****** for Bill_Of_Landing_680_page_0.png
2024-03-14 01:39:55,336 RAM memory 81.6 used for Bill_Of_Landing_680_page_0.png Generating All Pages:
2024-03-14 01:39:55,336 Processing time taken for all pages of Bill_Of_Landing_680_page_0.png1:0:00:03.884856
2024-03-14 01:39:55,469 file name is:Bill_Of_Landing_562_page_30.png
2024-03-14 01:39:55,469 folder path :Images
2024-03-14 01:39:55,469 Calling Image result
2024-03-14 01:39:55,469 is all_page_result is instance of dict? True
2024-03-14 01:39:55,479 STREAM b'IHDR' 16 13
2024-03-14 01:39:55,480 STREAM b'IDAT' 41 65536
2024-03-14 01:39:55,511 is words is instance of list? True
2024-03-14 01:39:55,511 is bboxes is instance of list? True
2024-03-14 01:39:55,511 is bounding_boxes is instance of list? True
2024-03-14 01:39:55,721 is input_id_chunks is instance of list? True
2024-03-14 01:39:55,721 is mask_chunks is instance of list? True
2024-03-14 01:39:55,721 is bbox_chunks is instance of list? True
2024-03-14 01:39:55,721 is image_chunks is instance of list? True
2024-03-14 01:39:55,722 is input_dict is instance of dict? True
2024-03-14 01:39:57,563 Model Called
2024-03-14 01:39:57,563 RAM memory 80.5 used for Bill_Of_Landing_562_page_30.png:
2024-03-14 01:39:57,563 is all_predictions is instance of list? True
2024-03-14 01:39:57,563 is all_boxes is instance of list? True
2024-03-14 01:39:57,563 is all_confidences is instance of list? True
2024-03-14 01:39:57,563 is all_text is instance of list? True
2024-03-14 01:39:57,563 is label2id is instance of dict? True
2024-03-14 01:39:57,564 is id2label is instance of dict? True
2024-03-14 01:39:57,564 is label2color is instance of dict? True
2024-03-14 01:39:57,564 label2color : {'lc_date': '#82949C', 'stamp': '#4D878A', 'transaction_date': '#70F671', 'carriage_condition': '#B97979', 'carrier_address': '#49D9C1', 'gross_weight': '#5B1015', 'goods_description': '#9CE926', 'gross_quantity': '#F4E835', 'consignee_address': '#4F4426', 'signature': '#F14175', 'awb_original_or_copy': '#9AF92E', 'declared_value_of_custom': '#1E97E6', 'carrier_name': '#0CA789', 'at_place': '#D8E6AC', 'shipment_date': '#9CEB11', 'shipper_address': '#D4DBA1', 'net_weight': '#85008E', 'consignee_name': '#218760', 'invoice_number': '#F38423', 'awb_bill_no': '#8E8517', 'dimension': '#9A041B', 'O': '#D23017', 'declared_value_of_carriage': '#7FF8C8', 'final_destination': '#8881AE', 'awb_bill_issue_date': '#708E86', 'lc_no': '#A6094F', 'signed_by_agent': '#7B20EA', 'flight_date': '#8F8E3B', 'agent_address': '#5D852E', 'freight_collect_or_prepaid': '#5B3B3D', 'flight_details': '#9CA90D', 'notify_party_address': '#F4BD7F', 'shipper_name': '#2CB5B3', 'signed_by_carrier': '#725C9E', 'stamped_onboard_date': '#820FA4', 'awb_original_number': '#CA0155', 'flight_no': '#55B448', 'freight_collected_at': '#5AAC5E', 'amount_insurance': '#2BC48F', 'house_awb_bill_no': '#6F27D2', 'master_awb_bill_no': '#06BFEC', 'airport_of_departure': '#B02BDC', 'invoice_date': '#F9BBB2', 'good_marks': '#73172F', 'place_of_receipt': '#C06A33', 'agent_name': '#4E5B95', 'signed_by_master': '#012190', 'airport_of_destination': '#7939FF', 'master_name': '#92A776', 'notify_party_name': '#02AB73'}
2024-03-14 01:39:57,762 is result_set is instance of dict? True
2024-03-14 01:39:57,764 is final_result_set is instance of dict? True
2024-03-14 01:39:58,185 Time taken for page 1 of Bill_Of_Landing_562_page_30.png:0:00:02.704852
2024-03-14 01:39:58,335 *****Generated All Pages****** for Bill_Of_Landing_562_page_30.png
2024-03-14 01:39:58,336 RAM memory 80.6 used for Bill_Of_Landing_562_page_30.png Generating All Pages:
2024-03-14 01:39:58,336 Processing time taken for all pages of Bill_Of_Landing_562_page_30.png1:0:00:02.866720
2024-03-14 01:39:58,463 file name is:Bill_Of_Landing_634_page_0.png
2024-03-14 01:39:58,463 folder path :Images
2024-03-14 01:39:58,464 Calling Image result
2024-03-14 01:39:58,464 is all_page_result is instance of dict? True
2024-03-14 01:39:58,466 STREAM b'IHDR' 16 13
2024-03-14 01:39:58,466 STREAM b'IDAT' 41 65536
2024-03-14 01:39:58,497 is words is instance of list? True
2024-03-14 01:39:58,497 is bboxes is instance of list? True
2024-03-14 01:39:58,497 is bounding_boxes is instance of list? True
2024-03-14 01:39:58,711 is input_id_chunks is instance of list? True
2024-03-14 01:39:58,712 is mask_chunks is instance of list? True
2024-03-14 01:39:58,712 is bbox_chunks is instance of list? True
2024-03-14 01:39:58,712 is image_chunks is instance of list? True
2024-03-14 01:39:58,712 is input_dict is instance of dict? True
2024-03-14 01:40:00,565 Model Called
2024-03-14 01:40:00,565 RAM memory 80.3 used for Bill_Of_Landing_634_page_0.png:
2024-03-14 01:40:00,566 is all_predictions is instance of list? True
2024-03-14 01:40:00,566 is all_boxes is instance of list? True
2024-03-14 01:40:00,566 is all_confidences is instance of list? True
2024-03-14 01:40:00,566 is all_text is instance of list? True
2024-03-14 01:40:00,566 is label2id is instance of dict? True
2024-03-14 01:40:00,566 is id2label is instance of dict? True
2024-03-14 01:40:00,567 is label2color is instance of dict? True
2024-03-14 01:40:00,567 label2color : {'lc_date': '#CEC048', 'stamp': '#9CBA87', 'transaction_date': '#E47E85', 'carriage_condition': '#FC27E6', 'carrier_address': '#DF8041', 'gross_weight': '#D38824', 'goods_description': '#A0CAD8', 'gross_quantity': '#AE9DEF', 'consignee_address': '#D60501', 'signature': '#FAFB87', 'awb_original_or_copy': '#FE7296', 'declared_value_of_custom': '#12478F', 'carrier_name': '#A655A0', 'at_place': '#F8CD37', 'shipment_date': '#AA31D6', 'shipper_address': '#155D0C', 'net_weight': '#68573F', 'consignee_name': '#6D751B', 'invoice_number': '#4B9047', 'awb_bill_no': '#E5333D', 'dimension': '#A30277', 'O': '#BAE101', 'declared_value_of_carriage': '#A56813', 'final_destination': '#24845F', 'awb_bill_issue_date': '#3FEB57', 'lc_no': '#E928DB', 'signed_by_agent': '#2613BB', 'flight_date': '#5518BE', 'agent_address': '#17D462', 'freight_collect_or_prepaid': '#4BF48F', 'flight_details': '#F90EE4', 'notify_party_address': '#C1F820', 'shipper_name': '#B9B847', 'signed_by_carrier': '#4F59D4', 'stamped_onboard_date': '#EED5C6', 'awb_original_number': '#760154', 'flight_no': '#05DFCA', 'freight_collected_at': '#8BC254', 'amount_insurance': '#5C9DA7', 'house_awb_bill_no': '#83A2DD', 'master_awb_bill_no': '#5D364C', 'airport_of_departure': '#3C261D', 'invoice_date': '#1BC81D', 'good_marks': '#9E418C', 'place_of_receipt': '#C4F76A', 'agent_name': '#A5F0C9', 'signed_by_master': '#F17B1B', 'airport_of_destination': '#C91E86', 'master_name': '#916EF5', 'notify_party_name': '#1917FD'}
2024-03-14 01:40:00,763 is result_set is instance of dict? True
2024-03-14 01:40:00,765 is final_result_set is instance of dict? True
2024-03-14 01:40:01,179 Time taken for page 1 of Bill_Of_Landing_634_page_0.png:0:00:02.712068
2024-03-14 01:40:01,331 *****Generated All Pages****** for Bill_Of_Landing_634_page_0.png
2024-03-14 01:40:01,332 RAM memory 80.5 used for Bill_Of_Landing_634_page_0.png Generating All Pages:
2024-03-14 01:40:01,332 Processing time taken for all pages of Bill_Of_Landing_634_page_0.png1:0:00:02.868210
2024-03-14 01:40:01,450 file name is:Bill_Of_Landing_899_page_21.png
2024-03-14 01:40:01,450 folder path :Images
2024-03-14 01:40:01,450 Calling Image result
2024-03-14 01:40:01,450 is all_page_result is instance of dict? True
2024-03-14 01:40:01,461 STREAM b'IHDR' 16 13
2024-03-14 01:40:01,461 STREAM b'IDAT' 41 65536
2024-03-14 01:40:01,490 is words is instance of list? True
2024-03-14 01:40:01,491 is bboxes is instance of list? True
2024-03-14 01:40:01,491 is bounding_boxes is instance of list? True
2024-03-14 01:40:01,729 is input_id_chunks is instance of list? True
2024-03-14 01:40:01,729 is mask_chunks is instance of list? True
2024-03-14 01:40:01,729 is bbox_chunks is instance of list? True
2024-03-14 01:40:01,729 is image_chunks is instance of list? True
2024-03-14 01:40:01,729 is input_dict is instance of dict? True
2024-03-14 01:40:03,570 Model Called
2024-03-14 01:40:03,570 RAM memory 80.4 used for Bill_Of_Landing_899_page_21.png:
2024-03-14 01:40:03,570 is all_predictions is instance of list? True
2024-03-14 01:40:03,570 is all_boxes is instance of list? True
2024-03-14 01:40:03,570 is all_confidences is instance of list? True
2024-03-14 01:40:03,570 is all_text is instance of list? True
2024-03-14 01:40:03,571 is label2id is instance of dict? True
2024-03-14 01:40:03,571 is id2label is instance of dict? True
2024-03-14 01:40:03,572 is label2color is instance of dict? True
2024-03-14 01:40:03,572 label2color : {'lc_date': '#88210D', 'stamp': '#C7845B', 'transaction_date': '#1AA76A', 'carriage_condition': '#F35C18', 'carrier_address': '#705A53', 'gross_weight': '#1E80F6', 'goods_description': '#D1ADE9', 'gross_quantity': '#FDCEF0', 'consignee_address': '#88E032', 'signature': '#C4C4D7', 'awb_original_or_copy': '#38F08C', 'declared_value_of_custom': '#3EAAA5', 'carrier_name': '#3C92B9', 'at_place': '#1A0666', 'shipment_date': '#AD2392', 'shipper_address': '#294EC5', 'net_weight': '#A28B3B', 'consignee_name': '#E5F65E', 'invoice_number': '#1143CF', 'awb_bill_no': '#6FEB6C', 'dimension': '#544030', 'O': '#3B3847', 'declared_value_of_carriage': '#85143C', 'final_destination': '#4C7CEE', 'awb_bill_issue_date': '#2B11FE', 'lc_no': '#991BB6', 'signed_by_agent': '#0D45EB', 'flight_date': '#699EA2', 'agent_address': '#A41E4E', 'freight_collect_or_prepaid': '#DE9BB0', 'flight_details': '#ABED27', 'notify_party_address': '#4D00B3', 'shipper_name': '#2ECD00', 'signed_by_carrier': '#DE6F33', 'stamped_onboard_date': '#E3361C', 'awb_original_number': '#F71A99', 'flight_no': '#8DE7C7', 'freight_collected_at': '#646739', 'amount_insurance': '#86CDCA', 'house_awb_bill_no': '#819020', 'master_awb_bill_no': '#B83708', 'airport_of_departure': '#0F1FE0', 'invoice_date': '#7E0DB4', 'good_marks': '#AB79CC', 'place_of_receipt': '#419B5A', 'agent_name': '#CF12D6', 'signed_by_master': '#F60CDD', 'airport_of_destination': '#BF21A2', 'master_name': '#E7F388', 'notify_party_name': '#078C47'}
2024-03-14 01:40:03,774 is result_set is instance of dict? True
2024-03-14 01:40:03,776 is final_result_set is instance of dict? True
2024-03-14 01:40:04,235 Time taken for page 1 of Bill_Of_Landing_899_page_21.png:0:00:02.774278
2024-03-14 01:40:04,388 *****Generated All Pages****** for Bill_Of_Landing_899_page_21.png
2024-03-14 01:40:04,388 RAM memory 80.8 used for Bill_Of_Landing_899_page_21.png Generating All Pages:
2024-03-14 01:40:04,388 Processing time taken for all pages of Bill_Of_Landing_899_page_21.png1:0:00:02.937657
2024-03-14 01:40:04,511 file name is:Bill_Of_Landing_562_page_17.png
2024-03-14 01:40:04,511 folder path :Images
2024-03-14 01:40:04,512 Calling Image result
2024-03-14 01:40:04,512 is all_page_result is instance of dict? True
2024-03-14 01:40:04,512 STREAM b'IHDR' 16 13
2024-03-14 01:40:04,512 STREAM b'IDAT' 41 65536
2024-03-14 01:40:04,542 is words is instance of list? True
2024-03-14 01:40:04,542 is bboxes is instance of list? True
2024-03-14 01:40:04,542 is bounding_boxes is instance of list? True
2024-03-14 01:40:04,755 is input_id_chunks is instance of list? True
2024-03-14 01:40:04,756 is mask_chunks is instance of list? True
2024-03-14 01:40:04,756 is bbox_chunks is instance of list? True
2024-03-14 01:40:04,756 is image_chunks is instance of list? True
2024-03-14 01:40:04,756 is input_dict is instance of dict? True
2024-03-14 01:40:06,600 Model Called
2024-03-14 01:40:06,600 RAM memory 80.6 used for Bill_Of_Landing_562_page_17.png:
2024-03-14 01:40:06,600 is all_predictions is instance of list? True
2024-03-14 01:40:06,600 is all_boxes is instance of list? True
2024-03-14 01:40:06,600 is all_confidences is instance of list? True
2024-03-14 01:40:06,600 is all_text is instance of list? True
2024-03-14 01:40:06,601 is label2id is instance of dict? True
2024-03-14 01:40:06,601 is id2label is instance of dict? True
2024-03-14 01:40:06,602 is label2color is instance of dict? True
2024-03-14 01:40:06,602 label2color : {'lc_date': '#BE735D', 'stamp': '#D1A4A7', 'transaction_date': '#2F290C', 'carriage_condition': '#3D66A3', 'carrier_address': '#DF475B', 'gross_weight': '#D12C34', 'goods_description': '#C9609C', 'gross_quantity': '#B74164', 'consignee_address': '#EDABB0', 'signature': '#D0CF4E', 'awb_original_or_copy': '#BC813F', 'declared_value_of_custom': '#F722B5', 'carrier_name': '#376DD3', 'at_place': '#58EEC3', 'shipment_date': '#14747C', 'shipper_address': '#B09021', 'net_weight': '#B9598C', 'consignee_name': '#529518', 'invoice_number': '#1A4823', 'awb_bill_no': '#8FB399', 'dimension': '#CC785E', 'O': '#8FCCA1', 'declared_value_of_carriage': '#96AE32', 'final_destination': '#AE47ED', 'awb_bill_issue_date': '#2B1E56', 'lc_no': '#21CBAA', 'signed_by_agent': '#3B3592', 'flight_date': '#FCF7B4', 'agent_address': '#ADBC3F', 'freight_collect_or_prepaid': '#9A89A4', 'flight_details': '#EAD482', 'notify_party_address': '#C70330', 'shipper_name': '#088C5B', 'signed_by_carrier': '#6A5945', 'stamped_onboard_date': '#24352A', 'awb_original_number': '#D46ED2', 'flight_no': '#368E62', 'freight_collected_at': '#B6B0BA', 'amount_insurance': '#3C9F36', 'house_awb_bill_no': '#51CBD2', 'master_awb_bill_no': '#DD8122', 'airport_of_departure': '#8A5CF5', 'invoice_date': '#B6B4C9', 'good_marks': '#B45AA8', 'place_of_receipt': '#028966', 'agent_name': '#D31272', 'signed_by_master': '#6AB9B8', 'airport_of_destination': '#D6FD21', 'master_name': '#5584AF', 'notify_party_name': '#475E9B'}
2024-03-14 01:40:06,801 is result_set is instance of dict? True
2024-03-14 01:40:06,802 is final_result_set is instance of dict? True
2024-03-14 01:40:07,145 Time taken for page 1 of Bill_Of_Landing_562_page_17.png:0:00:02.632287
2024-03-14 01:40:07,296 *****Generated All Pages****** for Bill_Of_Landing_562_page_17.png
2024-03-14 01:40:07,296 RAM memory 80.9 used for Bill_Of_Landing_562_page_17.png Generating All Pages:
2024-03-14 01:40:07,296 Processing time taken for all pages of Bill_Of_Landing_562_page_17.png1:0:00:02.784332
2024-03-14 01:40:07,410 file name is:Bill_Of_Landing_562_page_47.png
2024-03-14 01:40:07,410 folder path :Images
2024-03-14 01:40:07,410 Calling Image result
2024-03-14 01:40:07,410 is all_page_result is instance of dict? True
2024-03-14 01:40:07,411 STREAM b'IHDR' 16 13
2024-03-14 01:40:07,411 STREAM b'IDAT' 41 65536
2024-03-14 01:40:07,440 is words is instance of list? True
2024-03-14 01:40:07,441 is bboxes is instance of list? True
2024-03-14 01:40:07,441 is bounding_boxes is instance of list? True
2024-03-14 01:40:07,646 is input_id_chunks is instance of list? True
2024-03-14 01:40:07,646 is mask_chunks is instance of list? True
2024-03-14 01:40:07,646 is bbox_chunks is instance of list? True
2024-03-14 01:40:07,646 is image_chunks is instance of list? True
2024-03-14 01:40:07,647 is input_dict is instance of dict? True
2024-03-14 01:40:09,484 Model Called
2024-03-14 01:40:09,484 RAM memory 80.7 used for Bill_Of_Landing_562_page_47.png:
2024-03-14 01:40:09,484 is all_predictions is instance of list? True
2024-03-14 01:40:09,484 is all_boxes is instance of list? True
2024-03-14 01:40:09,484 is all_confidences is instance of list? True
2024-03-14 01:40:09,484 is all_text is instance of list? True
2024-03-14 01:40:09,484 is label2id is instance of dict? True
2024-03-14 01:40:09,485 is id2label is instance of dict? True
2024-03-14 01:40:09,485 is label2color is instance of dict? True
2024-03-14 01:40:09,485 label2color : {'lc_date': '#D0669B', 'stamp': '#95A782', 'transaction_date': '#1C3D99', 'carriage_condition': '#9DC7D4', 'carrier_address': '#4E3DA1', 'gross_weight': '#DAE24F', 'goods_description': '#192E2A', 'gross_quantity': '#841C40', 'consignee_address': '#85CB0C', 'signature': '#0E2345', 'awb_original_or_copy': '#757E19', 'declared_value_of_custom': '#AA1B15', 'carrier_name': '#964836', 'at_place': '#1F0689', 'shipment_date': '#2CA36C', 'shipper_address': '#6CEAEC', 'net_weight': '#905242', 'consignee_name': '#D55D69', 'invoice_number': '#FF6EDB', 'awb_bill_no': '#258FBC', 'dimension': '#3C66DE', 'O': '#B21E92', 'declared_value_of_carriage': '#7009CE', 'final_destination': '#FABCC3', 'awb_bill_issue_date': '#31E65B', 'lc_no': '#678431', 'signed_by_agent': '#8D1D99', 'flight_date': '#7694FB', 'agent_address': '#C5E226', 'freight_collect_or_prepaid': '#6E8257', 'flight_details': '#86F85E', 'notify_party_address': '#D52A16', 'shipper_name': '#FE6F43', 'signed_by_carrier': '#A5F4D2', 'stamped_onboard_date': '#5997F0', 'awb_original_number': '#169E42', 'flight_no': '#1D1A70', 'freight_collected_at': '#1569B7', 'amount_insurance': '#BF5707', 'house_awb_bill_no': '#B86C3C', 'master_awb_bill_no': '#6C22F7', 'airport_of_departure': '#556F16', 'invoice_date': '#44E3B2', 'good_marks': '#3AC05C', 'place_of_receipt': '#40850F', 'agent_name': '#F3232E', 'signed_by_master': '#E3FC4C', 'airport_of_destination': '#D060C1', 'master_name': '#840A39', 'notify_party_name': '#25835F'}
2024-03-14 01:40:09,703 is result_set is instance of dict? True
2024-03-14 01:40:09,704 is final_result_set is instance of dict? True
2024-03-14 01:40:10,082 Time taken for page 1 of Bill_Of_Landing_562_page_47.png:0:00:02.671435
2024-03-14 01:40:10,236 *****Generated All Pages****** for Bill_Of_Landing_562_page_47.png
2024-03-14 01:40:10,236 RAM memory 80.8 used for Bill_Of_Landing_562_page_47.png Generating All Pages:
2024-03-14 01:40:10,236 Processing time taken for all pages of Bill_Of_Landing_562_page_47.png1:0:00:02.825597
2024-03-14 01:40:10,352 file name is:Bill_Of_Landing_521_page_7.png
2024-03-14 01:40:10,352 folder path :Images
2024-03-14 01:40:10,352 Calling Image result
2024-03-14 01:40:10,352 is all_page_result is instance of dict? True
2024-03-14 01:40:10,353 STREAM b'IHDR' 16 13
2024-03-14 01:40:10,353 STREAM b'IDAT' 41 65536
2024-03-14 01:40:10,383 is words is instance of list? True
2024-03-14 01:40:10,383 is bboxes is instance of list? True
2024-03-14 01:40:10,383 is bounding_boxes is instance of list? True
2024-03-14 01:40:10,598 is input_id_chunks is instance of list? True
2024-03-14 01:40:10,598 is mask_chunks is instance of list? True
2024-03-14 01:40:10,598 is bbox_chunks is instance of list? True
2024-03-14 01:40:10,598 is image_chunks is instance of list? True
2024-03-14 01:40:10,599 is input_dict is instance of dict? True
2024-03-14 01:40:13,438 Model Called
2024-03-14 01:40:13,438 RAM memory 86.9 used for Bill_Of_Landing_521_page_7.png:
2024-03-14 01:40:13,438 is all_predictions is instance of list? True
2024-03-14 01:40:13,438 is all_boxes is instance of list? True
2024-03-14 01:40:13,438 is all_confidences is instance of list? True
2024-03-14 01:40:13,438 is all_text is instance of list? True
2024-03-14 01:40:13,438 is label2id is instance of dict? True
2024-03-14 01:40:13,439 is id2label is instance of dict? True
2024-03-14 01:40:13,439 is label2color is instance of dict? True
2024-03-14 01:40:13,439 label2color : {'lc_date': '#567E19', 'stamp': '#BB6253', 'transaction_date': '#C00AE9', 'carriage_condition': '#2BFF9C', 'carrier_address': '#AF25EA', 'gross_weight': '#1D1525', 'goods_description': '#B6B714', 'gross_quantity': '#C4764D', 'consignee_address': '#26A0A2', 'signature': '#29A060', 'awb_original_or_copy': '#E26A06', 'declared_value_of_custom': '#6A94D6', 'carrier_name': '#770A49', 'at_place': '#DE266A', 'shipment_date': '#FC633D', 'shipper_address': '#BA086D', 'net_weight': '#41FDBB', 'consignee_name': '#A26368', 'invoice_number': '#01E29D', 'awb_bill_no': '#1732B2', 'dimension': '#7BCD16', 'O': '#C9AB77', 'declared_value_of_carriage': '#381969', 'final_destination': '#D93FEC', 'awb_bill_issue_date': '#4CA491', 'lc_no': '#4C449B', 'signed_by_agent': '#30E9BC', 'flight_date': '#963B96', 'agent_address': '#3E9DA4', 'freight_collect_or_prepaid': '#FFD834', 'flight_details': '#0BDDF6', 'notify_party_address': '#AB5500', 'shipper_name': '#C9D0A8', 'signed_by_carrier': '#A613FE', 'stamped_onboard_date': '#1A2D17', 'awb_original_number': '#D45D40', 'flight_no': '#76F4AA', 'freight_collected_at': '#2CA7F2', 'amount_insurance': '#D99A83', 'house_awb_bill_no': '#D8522C', 'master_awb_bill_no': '#8BC420', 'airport_of_departure': '#3511A4', 'invoice_date': '#F08758', 'good_marks': '#220BB2', 'place_of_receipt': '#381900', 'agent_name': '#B9F3B4', 'signed_by_master': '#2301A9', 'airport_of_destination': '#D74942', 'master_name': '#67D0C6', 'notify_party_name': '#ED54D7'}
2024-03-14 01:40:13,703 is result_set is instance of dict? True
2024-03-14 01:40:13,705 is final_result_set is instance of dict? True
2024-03-14 01:40:14,289 Time taken for page 1 of Bill_Of_Landing_521_page_7.png:0:00:03.936571
2024-03-14 01:40:14,435 *****Generated All Pages****** for Bill_Of_Landing_521_page_7.png
2024-03-14 01:40:14,435 RAM memory 87.1 used for Bill_Of_Landing_521_page_7.png Generating All Pages:
2024-03-14 01:40:14,435 Processing time taken for all pages of Bill_Of_Landing_521_page_7.png1:0:00:04.083522
2024-03-14 01:40:14,593 file name is:Bill_Of_Landing_511_page_1.png
2024-03-14 01:40:14,594 folder path :Images
2024-03-14 01:40:14,594 Calling Image result
2024-03-14 01:40:14,594 is all_page_result is instance of dict? True
2024-03-14 01:40:14,594 STREAM b'IHDR' 16 13
2024-03-14 01:40:14,594 STREAM b'IDAT' 41 65536
2024-03-14 01:40:14,623 is words is instance of list? True
2024-03-14 01:40:14,623 is bboxes is instance of list? True
2024-03-14 01:40:14,623 is bounding_boxes is instance of list? True
2024-03-14 01:40:14,843 is input_id_chunks is instance of list? True
2024-03-14 01:40:14,843 is mask_chunks is instance of list? True
2024-03-14 01:40:14,843 is bbox_chunks is instance of list? True
2024-03-14 01:40:14,843 is image_chunks is instance of list? True
2024-03-14 01:40:14,844 is input_dict is instance of dict? True
2024-03-14 01:40:16,705 Model Called
2024-03-14 01:40:16,706 RAM memory 80.9 used for Bill_Of_Landing_511_page_1.png:
2024-03-14 01:40:16,706 is all_predictions is instance of list? True
2024-03-14 01:40:16,706 is all_boxes is instance of list? True
2024-03-14 01:40:16,706 is all_confidences is instance of list? True
2024-03-14 01:40:16,706 is all_text is instance of list? True
2024-03-14 01:40:16,706 is label2id is instance of dict? True
2024-03-14 01:40:16,706 is id2label is instance of dict? True
2024-03-14 01:40:16,707 is label2color is instance of dict? True
2024-03-14 01:40:16,707 label2color : {'lc_date': '#D1C62E', 'stamp': '#671B7C', 'transaction_date': '#38434C', 'carriage_condition': '#5696BB', 'carrier_address': '#8357AC', 'gross_weight': '#975DA8', 'goods_description': '#C0D61B', 'gross_quantity': '#A0393D', 'consignee_address': '#32D5EA', 'signature': '#6F869F', 'awb_original_or_copy': '#6ED497', 'declared_value_of_custom': '#EED6DC', 'carrier_name': '#250520', 'at_place': '#455180', 'shipment_date': '#F613E0', 'shipper_address': '#C6CD24', 'net_weight': '#A252DD', 'consignee_name': '#4BDE71', 'invoice_number': '#AB2C0A', 'awb_bill_no': '#961A88', 'dimension': '#65DA07', 'O': '#0012E1', 'declared_value_of_carriage': '#0BCD2D', 'final_destination': '#A96081', 'awb_bill_issue_date': '#E16569', 'lc_no': '#F5D633', 'signed_by_agent': '#E730DD', 'flight_date': '#D786CA', 'agent_address': '#F951CC', 'freight_collect_or_prepaid': '#C5BBA3', 'flight_details': '#453C99', 'notify_party_address': '#86D485', 'shipper_name': '#5F4523', 'signed_by_carrier': '#CA7877', 'stamped_onboard_date': '#FFF70B', 'awb_original_number': '#3A0FF9', 'flight_no': '#E0C514', 'freight_collected_at': '#E77F80', 'amount_insurance': '#AD9E35', 'house_awb_bill_no': '#E5ED52', 'master_awb_bill_no': '#C3E409', 'airport_of_departure': '#157302', 'invoice_date': '#EFCC62', 'good_marks': '#660A9B', 'place_of_receipt': '#84B59C', 'agent_name': '#F169BD', 'signed_by_master': '#094799', 'airport_of_destination': '#6F4CE4', 'master_name': '#D6F840', 'notify_party_name': '#4760A5'}
2024-03-14 01:40:16,910 is result_set is instance of dict? True
2024-03-14 01:40:16,912 is final_result_set is instance of dict? True
2024-03-14 01:40:17,389 Time taken for page 1 of Bill_Of_Landing_511_page_1.png:0:00:02.794904
2024-03-14 01:40:17,537 *****Generated All Pages****** for Bill_Of_Landing_511_page_1.png
2024-03-14 01:40:17,537 RAM memory 81.1 used for Bill_Of_Landing_511_page_1.png Generating All Pages:
2024-03-14 01:40:17,537 Processing time taken for all pages of Bill_Of_Landing_511_page_1.png1:0:00:02.943497
2024-03-14 01:40:17,656 file name is:Bill_Of_Landing_774_page_0.png
2024-03-14 01:40:17,656 folder path :Images
2024-03-14 01:40:17,656 Calling Image result
2024-03-14 01:40:17,656 is all_page_result is instance of dict? True
2024-03-14 01:40:17,657 STREAM b'IHDR' 16 13
2024-03-14 01:40:17,657 STREAM b'IDAT' 41 65536
2024-03-14 01:40:17,721 is words is instance of list? True
2024-03-14 01:40:17,721 is bboxes is instance of list? True
2024-03-14 01:40:17,721 is bounding_boxes is instance of list? True
2024-03-14 01:40:18,246 is input_id_chunks is instance of list? True
2024-03-14 01:40:18,246 is mask_chunks is instance of list? True
2024-03-14 01:40:18,246 is bbox_chunks is instance of list? True
2024-03-14 01:40:18,246 is image_chunks is instance of list? True
2024-03-14 01:40:18,247 is input_dict is instance of dict? True
2024-03-14 01:40:21,117 Model Called
2024-03-14 01:40:21,117 RAM memory 87.6 used for Bill_Of_Landing_774_page_0.png:
2024-03-14 01:40:21,117 is all_predictions is instance of list? True
2024-03-14 01:40:21,117 is all_boxes is instance of list? True
2024-03-14 01:40:21,117 is all_confidences is instance of list? True
2024-03-14 01:40:21,117 is all_text is instance of list? True
2024-03-14 01:40:21,118 is label2id is instance of dict? True
2024-03-14 01:40:21,118 is id2label is instance of dict? True
2024-03-14 01:40:21,119 is label2color is instance of dict? True
2024-03-14 01:40:21,119 label2color : {'lc_date': '#6E1DA5', 'stamp': '#FD94FB', 'transaction_date': '#9A13C2', 'carriage_condition': '#907D18', 'carrier_address': '#C5883C', 'gross_weight': '#6D777B', 'goods_description': '#D3A96E', 'gross_quantity': '#CE097A', 'consignee_address': '#7228BD', 'signature': '#61861F', 'awb_original_or_copy': '#5F9F89', 'declared_value_of_custom': '#7FAE79', 'carrier_name': '#EF4C4C', 'at_place': '#960378', 'shipment_date': '#EE3FA7', 'shipper_address': '#13E45D', 'net_weight': '#27218D', 'consignee_name': '#FD59E8', 'invoice_number': '#95F8BD', 'awb_bill_no': '#E2112E', 'dimension': '#EE7A43', 'O': '#DAAEC7', 'declared_value_of_carriage': '#F210AA', 'final_destination': '#79FF37', 'awb_bill_issue_date': '#670D33', 'lc_no': '#53B66E', 'signed_by_agent': '#A353A0', 'flight_date': '#63261C', 'agent_address': '#B303C6', 'freight_collect_or_prepaid': '#DD4DAE', 'flight_details': '#AF9DAE', 'notify_party_address': '#57A359', 'shipper_name': '#4FDA99', 'signed_by_carrier': '#592F5A', 'stamped_onboard_date': '#A4404D', 'awb_original_number': '#32B2CB', 'flight_no': '#F2D86E', 'freight_collected_at': '#0DE585', 'amount_insurance': '#39344A', 'house_awb_bill_no': '#626DE3', 'master_awb_bill_no': '#74365B', 'airport_of_departure': '#38728E', 'invoice_date': '#2A501C', 'good_marks': '#679F97', 'place_of_receipt': '#76A1F5', 'agent_name': '#FA9E70', 'signed_by_master': '#D20011', 'airport_of_destination': '#EAFD55', 'master_name': '#D589BA', 'notify_party_name': '#60F482'}
2024-03-14 01:40:21,665 is result_set is instance of dict? True
2024-03-14 01:40:21,666 is final_result_set is instance of dict? True
2024-03-14 01:40:22,209 Time taken for page 1 of Bill_Of_Landing_774_page_0.png:0:00:04.551431
2024-03-14 01:40:22,508 *****Generated All Pages****** for Bill_Of_Landing_774_page_0.png
2024-03-14 01:40:22,509 RAM memory 88.0 used for Bill_Of_Landing_774_page_0.png Generating All Pages:
2024-03-14 01:40:22,509 Processing time taken for all pages of Bill_Of_Landing_774_page_0.png1:0:00:04.852325
2024-03-14 01:40:22,647 file name is:Bill_Of_Landing_356_page_0.png
2024-03-14 01:40:22,647 folder path :Images
2024-03-14 01:40:22,647 Calling Image result
2024-03-14 01:40:22,647 is all_page_result is instance of dict? True
2024-03-14 01:40:22,657 STREAM b'IHDR' 16 13
2024-03-14 01:40:22,658 STREAM b'IDAT' 41 65536
2024-03-14 01:40:22,688 is words is instance of list? True
2024-03-14 01:40:22,688 is bboxes is instance of list? True
2024-03-14 01:40:22,688 is bounding_boxes is instance of list? True
2024-03-14 01:40:22,898 is input_id_chunks is instance of list? True
2024-03-14 01:40:22,899 is mask_chunks is instance of list? True
2024-03-14 01:40:22,899 is bbox_chunks is instance of list? True
2024-03-14 01:40:22,899 is image_chunks is instance of list? True
2024-03-14 01:40:22,899 is input_dict is instance of dict? True
2024-03-14 01:40:24,787 Model Called
2024-03-14 01:40:24,787 RAM memory 83.2 used for Bill_Of_Landing_356_page_0.png:
2024-03-14 01:40:24,787 is all_predictions is instance of list? True
2024-03-14 01:40:24,787 is all_boxes is instance of list? True
2024-03-14 01:40:24,787 is all_confidences is instance of list? True
2024-03-14 01:40:24,787 is all_text is instance of list? True
2024-03-14 01:40:24,787 is label2id is instance of dict? True
2024-03-14 01:40:24,787 is id2label is instance of dict? True
2024-03-14 01:40:24,788 is label2color is instance of dict? True
2024-03-14 01:40:24,788 label2color : {'lc_date': '#A94B78', 'stamp': '#E7CB63', 'transaction_date': '#C379FD', 'carriage_condition': '#14CD76', 'carrier_address': '#AA996C', 'gross_weight': '#5AA696', 'goods_description': '#637745', 'gross_quantity': '#CDB4AE', 'consignee_address': '#C0F664', 'signature': '#7651B8', 'awb_original_or_copy': '#CC06C5', 'declared_value_of_custom': '#D18EEA', 'carrier_name': '#D84A2A', 'at_place': '#8670FE', 'shipment_date': '#ED60BE', 'shipper_address': '#2FC8CC', 'net_weight': '#DC10CB', 'consignee_name': '#9597D6', 'invoice_number': '#7B7E4F', 'awb_bill_no': '#DA99FF', 'dimension': '#A0A559', 'O': '#DD8DB2', 'declared_value_of_carriage': '#4EFDCC', 'final_destination': '#B74CC1', 'awb_bill_issue_date': '#0EECDD', 'lc_no': '#C5FCF8', 'signed_by_agent': '#A78C7E', 'flight_date': '#A3AF66', 'agent_address': '#3D36B9', 'freight_collect_or_prepaid': '#4E2755', 'flight_details': '#AEF23F', 'notify_party_address': '#DF6637', 'shipper_name': '#17004C', 'signed_by_carrier': '#0A3C9C', 'stamped_onboard_date': '#2186D8', 'awb_original_number': '#BE2B8B', 'flight_no': '#914F89', 'freight_collected_at': '#A6D336', 'amount_insurance': '#962201', 'house_awb_bill_no': '#D1D448', 'master_awb_bill_no': '#A04529', 'airport_of_departure': '#CE41F6', 'invoice_date': '#579D57', 'good_marks': '#2A1B5B', 'place_of_receipt': '#EDAF41', 'agent_name': '#018FF6', 'signed_by_master': '#291760', 'airport_of_destination': '#8E27DA', 'master_name': '#6F517F', 'notify_party_name': '#4FE200'}
2024-03-14 01:40:25,014 is result_set is instance of dict? True
2024-03-14 01:40:25,016 is final_result_set is instance of dict? True
2024-03-14 01:40:25,547 Time taken for page 1 of Bill_Of_Landing_356_page_0.png:0:00:02.889266
2024-03-14 01:40:25,701 *****Generated All Pages****** for Bill_Of_Landing_356_page_0.png
2024-03-14 01:40:25,702 RAM memory 83.4 used for Bill_Of_Landing_356_page_0.png Generating All Pages:
2024-03-14 01:40:25,702 Processing time taken for all pages of Bill_Of_Landing_356_page_0.png1:0:00:03.054694
2024-03-14 01:40:25,811 file name is:Bill_Of_Landing_555_page_1.png
2024-03-14 01:40:25,811 folder path :Images
2024-03-14 01:40:25,811 Calling Image result
2024-03-14 01:40:25,811 is all_page_result is instance of dict? True
2024-03-14 01:40:25,821 STREAM b'IHDR' 16 13
2024-03-14 01:40:25,821 STREAM b'IDAT' 41 64166
2024-03-14 01:40:25,851 is words is instance of list? True
2024-03-14 01:40:25,851 is bboxes is instance of list? True
2024-03-14 01:40:25,851 is bounding_boxes is instance of list? True
2024-03-14 01:40:26,077 is input_id_chunks is instance of list? True
2024-03-14 01:40:26,077 is mask_chunks is instance of list? True
2024-03-14 01:40:26,077 is bbox_chunks is instance of list? True
2024-03-14 01:40:26,077 is image_chunks is instance of list? True
2024-03-14 01:40:26,078 is input_dict is instance of dict? True
2024-03-14 01:40:28,047 Model Called
2024-03-14 01:40:28,047 RAM memory 83.4 used for Bill_Of_Landing_555_page_1.png:
2024-03-14 01:40:28,047 is all_predictions is instance of list? True
2024-03-14 01:40:28,047 is all_boxes is instance of list? True
2024-03-14 01:40:28,047 is all_confidences is instance of list? True
2024-03-14 01:40:28,047 is all_text is instance of list? True
2024-03-14 01:40:28,048 is label2id is instance of dict? True
2024-03-14 01:40:28,048 is id2label is instance of dict? True
2024-03-14 01:40:28,048 is label2color is instance of dict? True
2024-03-14 01:40:28,048 label2color : {'lc_date': '#5DB3F8', 'stamp': '#F04B27', 'transaction_date': '#8B27D2', 'carriage_condition': '#97B556', 'carrier_address': '#261A70', 'gross_weight': '#CF5B66', 'goods_description': '#FE1C4C', 'gross_quantity': '#5B3EA8', 'consignee_address': '#B71D90', 'signature': '#5FC3AA', 'awb_original_or_copy': '#93EA48', 'declared_value_of_custom': '#FB7AA8', 'carrier_name': '#9154A1', 'at_place': '#58A997', 'shipment_date': '#AA4F12', 'shipper_address': '#CBB6A3', 'net_weight': '#51D225', 'consignee_name': '#2BB5AA', 'invoice_number': '#B91E9E', 'awb_bill_no': '#EACD31', 'dimension': '#886B94', 'O': '#290394', 'declared_value_of_carriage': '#0EF547', 'final_destination': '#00655A', 'awb_bill_issue_date': '#5DAE62', 'lc_no': '#BA7FE5', 'signed_by_agent': '#603D3A', 'flight_date': '#2BA5D2', 'agent_address': '#A50F21', 'freight_collect_or_prepaid': '#0FE3AD', 'flight_details': '#C3E132', 'notify_party_address': '#C984E8', 'shipper_name': '#6F1796', 'signed_by_carrier': '#B04A04', 'stamped_onboard_date': '#31E975', 'awb_original_number': '#23EB34', 'flight_no': '#6998C4', 'freight_collected_at': '#6A75B4', 'amount_insurance': '#FF9112', 'house_awb_bill_no': '#1F2A03', 'master_awb_bill_no': '#19E885', 'airport_of_departure': '#E1813B', 'invoice_date': '#F3DFCF', 'good_marks': '#6C2ED8', 'place_of_receipt': '#1D4217', 'agent_name': '#2EF63B', 'signed_by_master': '#4252D5', 'airport_of_destination': '#30794B', 'master_name': '#8B505B', 'notify_party_name': '#0DC595'}
2024-03-14 01:40:28,253 is result_set is instance of dict? True
2024-03-14 01:40:28,255 is final_result_set is instance of dict? True
2024-03-14 01:40:28,599 Time taken for page 1 of Bill_Of_Landing_555_page_1.png:0:00:02.777725
2024-03-14 01:40:28,745 *****Generated All Pages****** for Bill_Of_Landing_555_page_1.png
2024-03-14 01:40:28,745 RAM memory 83.8 used for Bill_Of_Landing_555_page_1.png Generating All Pages:
2024-03-14 01:40:28,745 Processing time taken for all pages of Bill_Of_Landing_555_page_1.png1:0:00:02.934349
2024-03-14 01:40:28,856 file name is:Bill_Of_Landing_329_page_0.png
2024-03-14 01:40:28,856 folder path :Images
2024-03-14 01:40:28,856 Calling Image result
2024-03-14 01:40:28,856 is all_page_result is instance of dict? True
2024-03-14 01:40:28,866 STREAM b'IHDR' 16 13
2024-03-14 01:40:28,867 STREAM b'IDAT' 41 65536
2024-03-14 01:40:28,896 is words is instance of list? True
2024-03-14 01:40:28,896 is bboxes is instance of list? True
2024-03-14 01:40:28,896 is bounding_boxes is instance of list? True
2024-03-14 01:40:29,098 is input_id_chunks is instance of list? True
2024-03-14 01:40:29,098 is mask_chunks is instance of list? True
2024-03-14 01:40:29,098 is bbox_chunks is instance of list? True
2024-03-14 01:40:29,098 is image_chunks is instance of list? True
2024-03-14 01:40:29,098 is input_dict is instance of dict? True
2024-03-14 01:40:31,043 Model Called
2024-03-14 01:40:31,044 RAM memory 83.7 used for Bill_Of_Landing_329_page_0.png:
2024-03-14 01:40:31,044 is all_predictions is instance of list? True
2024-03-14 01:40:31,044 is all_boxes is instance of list? True
2024-03-14 01:40:31,044 is all_confidences is instance of list? True
2024-03-14 01:40:31,044 is all_text is instance of list? True
2024-03-14 01:40:31,044 is label2id is instance of dict? True
2024-03-14 01:40:31,044 is id2label is instance of dict? True
2024-03-14 01:40:31,045 is label2color is instance of dict? True
2024-03-14 01:40:31,045 label2color : {'lc_date': '#46D308', 'stamp': '#E8F4CF', 'transaction_date': '#AA019C', 'carriage_condition': '#521884', 'carrier_address': '#F2572B', 'gross_weight': '#750529', 'goods_description': '#0A416D', 'gross_quantity': '#647839', 'consignee_address': '#683DE3', 'signature': '#1119AE', 'awb_original_or_copy': '#92E469', 'declared_value_of_custom': '#2C34EF', 'carrier_name': '#C29823', 'at_place': '#D6B03C', 'shipment_date': '#DADCD2', 'shipper_address': '#8DBE18', 'net_weight': '#07F515', 'consignee_name': '#FD3364', 'invoice_number': '#B2B2C4', 'awb_bill_no': '#ED1110', 'dimension': '#FA1856', 'O': '#6E0A28', 'declared_value_of_carriage': '#671381', 'final_destination': '#1F8D59', 'awb_bill_issue_date': '#09FDC2', 'lc_no': '#BCA468', 'signed_by_agent': '#63F702', 'flight_date': '#D5D3AC', 'agent_address': '#FB83BE', 'freight_collect_or_prepaid': '#478DD6', 'flight_details': '#2F4E1A', 'notify_party_address': '#4019AB', 'shipper_name': '#018BD7', 'signed_by_carrier': '#6D2DAC', 'stamped_onboard_date': '#D68D80', 'awb_original_number': '#5E4EB0', 'flight_no': '#4F1F36', 'freight_collected_at': '#37458F', 'amount_insurance': '#449FA7', 'house_awb_bill_no': '#1E5C76', 'master_awb_bill_no': '#2E703F', 'airport_of_departure': '#B63054', 'invoice_date': '#51CB8D', 'good_marks': '#4595CC', 'place_of_receipt': '#664F0C', 'agent_name': '#D567EA', 'signed_by_master': '#1C79C3', 'airport_of_destination': '#F28CCD', 'master_name': '#232490', 'notify_party_name': '#DF7FF0'}
2024-03-14 01:40:31,243 is result_set is instance of dict? True
2024-03-14 01:40:31,245 is final_result_set is instance of dict? True
2024-03-14 01:40:31,545 Time taken for page 1 of Bill_Of_Landing_329_page_0.png:0:00:02.678201
2024-03-14 01:40:31,691 *****Generated All Pages****** for Bill_Of_Landing_329_page_0.png
2024-03-14 01:40:31,692 RAM memory 83.9 used for Bill_Of_Landing_329_page_0.png Generating All Pages:
2024-03-14 01:40:31,692 Processing time taken for all pages of Bill_Of_Landing_329_page_0.png1:0:00:02.835712
2024-03-14 01:40:31,803 file name is:Bill_Of_Landing_562_page_16.png
2024-03-14 01:40:31,803 folder path :Images
2024-03-14 01:40:31,803 Calling Image result
2024-03-14 01:40:31,803 is all_page_result is instance of dict? True
2024-03-14 01:40:31,804 STREAM b'IHDR' 16 13
2024-03-14 01:40:31,804 STREAM b'IDAT' 41 65536
2024-03-14 01:40:31,840 is words is instance of list? True
2024-03-14 01:40:31,840 is bboxes is instance of list? True
2024-03-14 01:40:31,840 is bounding_boxes is instance of list? True
2024-03-14 01:40:32,070 is input_id_chunks is instance of list? True
2024-03-14 01:40:32,070 is mask_chunks is instance of list? True
2024-03-14 01:40:32,070 is bbox_chunks is instance of list? True
2024-03-14 01:40:32,070 is image_chunks is instance of list? True
2024-03-14 01:40:32,071 is input_dict is instance of dict? True
2024-03-14 01:40:34,017 Model Called
2024-03-14 01:40:34,018 RAM memory 84.3 used for Bill_Of_Landing_562_page_16.png:
2024-03-14 01:40:34,019 is all_predictions is instance of list? True
2024-03-14 01:40:34,019 is all_boxes is instance of list? True
2024-03-14 01:40:34,019 is all_confidences is instance of list? True
2024-03-14 01:40:34,019 is all_text is instance of list? True
2024-03-14 01:40:34,020 is label2id is instance of dict? True
2024-03-14 01:40:34,020 is id2label is instance of dict? True
2024-03-14 01:40:34,021 is label2color is instance of dict? True
2024-03-14 01:40:34,021 label2color : {'lc_date': '#9C660C', 'stamp': '#906D5A', 'transaction_date': '#24AE78', 'carriage_condition': '#57F812', 'carrier_address': '#BFAEB8', 'gross_weight': '#EBB0EC', 'goods_description': '#8924AF', 'gross_quantity': '#DBEE81', 'consignee_address': '#410086', 'signature': '#9D8F76', 'awb_original_or_copy': '#9BA111', 'declared_value_of_custom': '#3AF47F', 'carrier_name': '#CA9D06', 'at_place': '#C43F8E', 'shipment_date': '#EB8CF6', 'shipper_address': '#45E436', 'net_weight': '#74D7FA', 'consignee_name': '#6B0EF3', 'invoice_number': '#5342A8', 'awb_bill_no': '#1F0373', 'dimension': '#1A187F', 'O': '#A6EE03', 'declared_value_of_carriage': '#F66DDD', 'final_destination': '#9DC219', 'awb_bill_issue_date': '#E27AF5', 'lc_no': '#8040D8', 'signed_by_agent': '#6AFFCE', 'flight_date': '#3BF1A2', 'agent_address': '#F10990', 'freight_collect_or_prepaid': '#0B2262', 'flight_details': '#CBB4C1', 'notify_party_address': '#159961', 'shipper_name': '#DA5263', 'signed_by_carrier': '#37284F', 'stamped_onboard_date': '#A3A8CF', 'awb_original_number': '#D9427A', 'flight_no': '#03FD82', 'freight_collected_at': '#03924C', 'amount_insurance': '#A321FC', 'house_awb_bill_no': '#98C51E', 'master_awb_bill_no': '#74FECD', 'airport_of_departure': '#D3DF9D', 'invoice_date': '#43E2D8', 'good_marks': '#E2465D', 'place_of_receipt': '#418637', 'agent_name': '#7646E7', 'signed_by_master': '#F651EF', 'airport_of_destination': '#7FD1B8', 'master_name': '#FDA792', 'notify_party_name': '#2957B6'}
2024-03-14 01:40:34,296 is result_set is instance of dict? True
2024-03-14 01:40:34,297 is final_result_set is instance of dict? True
2024-03-14 01:40:34,589 Time taken for page 1 of Bill_Of_Landing_562_page_16.png:0:00:02.784951
2024-03-14 01:40:34,736 *****Generated All Pages****** for Bill_Of_Landing_562_page_16.png
2024-03-14 01:40:34,736 RAM memory 84.4 used for Bill_Of_Landing_562_page_16.png Generating All Pages:
2024-03-14 01:40:34,737 Processing time taken for all pages of Bill_Of_Landing_562_page_16.png1:0:00:02.933125
2024-03-14 01:40:34,868 file name is:Bill_Of_Landing_562_page_10.png
2024-03-14 01:40:34,868 folder path :Images
2024-03-14 01:40:34,868 Calling Image result
2024-03-14 01:40:34,868 is all_page_result is instance of dict? True
2024-03-14 01:40:34,869 STREAM b'IHDR' 16 13
2024-03-14 01:40:34,869 STREAM b'IDAT' 41 65536
2024-03-14 01:40:34,899 is words is instance of list? True
2024-03-14 01:40:34,899 is bboxes is instance of list? True
2024-03-14 01:40:34,899 is bounding_boxes is instance of list? True
2024-03-14 01:40:35,127 is input_id_chunks is instance of list? True
2024-03-14 01:40:35,127 is mask_chunks is instance of list? True
2024-03-14 01:40:35,128 is bbox_chunks is instance of list? True
2024-03-14 01:40:35,128 is image_chunks is instance of list? True
2024-03-14 01:40:35,128 is input_dict is instance of dict? True
2024-03-14 01:40:37,041 Model Called
2024-03-14 01:40:37,041 RAM memory 82.4 used for Bill_Of_Landing_562_page_10.png:
2024-03-14 01:40:37,041 is all_predictions is instance of list? True
2024-03-14 01:40:37,042 is all_boxes is instance of list? True
2024-03-14 01:40:37,042 is all_confidences is instance of list? True
2024-03-14 01:40:37,042 is all_text is instance of list? True
2024-03-14 01:40:37,042 is label2id is instance of dict? True
2024-03-14 01:40:37,042 is id2label is instance of dict? True
2024-03-14 01:40:37,043 is label2color is instance of dict? True
2024-03-14 01:40:37,043 label2color : {'lc_date': '#F6A9F4', 'stamp': '#254ADF', 'transaction_date': '#194295', 'carriage_condition': '#CFDF9B', 'carrier_address': '#5D0432', 'gross_weight': '#BF70AE', 'goods_description': '#CC6470', 'gross_quantity': '#E875E8', 'consignee_address': '#504930', 'signature': '#11602D', 'awb_original_or_copy': '#F7D95F', 'declared_value_of_custom': '#D8A7CD', 'carrier_name': '#5B1FCE', 'at_place': '#4B7910', 'shipment_date': '#AB5855', 'shipper_address': '#627966', 'net_weight': '#1C476F', 'consignee_name': '#4A1DEB', 'invoice_number': '#4A3DB2', 'awb_bill_no': '#45FAC6', 'dimension': '#582D24', 'O': '#54F663', 'declared_value_of_carriage': '#8D3270', 'final_destination': '#CAAF68', 'awb_bill_issue_date': '#5963C3', 'lc_no': '#B6C668', 'signed_by_agent': '#36B204', 'flight_date': '#F5DF51', 'agent_address': '#A717E3', 'freight_collect_or_prepaid': '#FBC022', 'flight_details': '#46656F', 'notify_party_address': '#61891F', 'shipper_name': '#95FABB', 'signed_by_carrier': '#8454DB', 'stamped_onboard_date': '#884A92', 'awb_original_number': '#264E8F', 'flight_no': '#D693EC', 'freight_collected_at': '#A66A13', 'amount_insurance': '#D6BD2E', 'house_awb_bill_no': '#5CFAA7', 'master_awb_bill_no': '#5C9EDD', 'airport_of_departure': '#11A89B', 'invoice_date': '#3426FF', 'good_marks': '#12DEB1', 'place_of_receipt': '#E1E14F', 'agent_name': '#6236B1', 'signed_by_master': '#E3FEE5', 'airport_of_destination': '#3B039A', 'master_name': '#4F3E58', 'notify_party_name': '#6EFB5C'}
2024-03-14 01:40:37,251 is result_set is instance of dict? True
2024-03-14 01:40:37,253 is final_result_set is instance of dict? True
2024-03-14 01:40:37,500 Time taken for page 1 of Bill_Of_Landing_562_page_10.png:0:00:02.630769
2024-03-14 01:40:37,640 *****Generated All Pages****** for Bill_Of_Landing_562_page_10.png
2024-03-14 01:40:37,641 RAM memory 82.6 used for Bill_Of_Landing_562_page_10.png Generating All Pages:
2024-03-14 01:40:37,641 Processing time taken for all pages of Bill_Of_Landing_562_page_10.png1:0:00:02.772490
2024-03-14 01:40:37,755 file name is:Bill_Of_Landing_843_page_0.png
2024-03-14 01:40:37,755 folder path :Images
2024-03-14 01:40:37,755 Calling Image result
2024-03-14 01:40:37,755 is all_page_result is instance of dict? True
2024-03-14 01:40:37,756 STREAM b'IHDR' 16 13
2024-03-14 01:40:37,756 STREAM b'IDAT' 41 65536
2024-03-14 01:40:37,920 is words is instance of list? True
2024-03-14 01:40:37,920 is bboxes is instance of list? True
2024-03-14 01:40:37,920 is bounding_boxes is instance of list? True
2024-03-14 01:40:39,738 is input_id_chunks is instance of list? True
2024-03-14 01:40:39,738 is mask_chunks is instance of list? True
2024-03-14 01:40:39,738 is bbox_chunks is instance of list? True
2024-03-14 01:40:39,738 is image_chunks is instance of list? True
2024-03-14 01:40:39,738 is input_dict is instance of dict? True
2024-03-14 01:40:41,616 Model Called
2024-03-14 01:40:41,616 RAM memory 83.3 used for Bill_Of_Landing_843_page_0.png:
2024-03-14 01:40:41,616 is all_predictions is instance of list? True
2024-03-14 01:40:41,616 is all_boxes is instance of list? True
2024-03-14 01:40:41,616 is all_confidences is instance of list? True
2024-03-14 01:40:41,616 is all_text is instance of list? True
2024-03-14 01:40:41,616 is label2id is instance of dict? True
2024-03-14 01:40:41,616 is id2label is instance of dict? True
2024-03-14 01:40:41,617 is label2color is instance of dict? True
2024-03-14 01:40:41,617 label2color : {'lc_date': '#F0F01B', 'stamp': '#C6509E', 'transaction_date': '#031425', 'carriage_condition': '#932F64', 'carrier_address': '#14D34F', 'gross_weight': '#2D8ED1', 'goods_description': '#D0F2F0', 'gross_quantity': '#551C4D', 'consignee_address': '#94D121', 'signature': '#09D0F6', 'awb_original_or_copy': '#CF7F3B', 'declared_value_of_custom': '#9FCB36', 'carrier_name': '#A39888', 'at_place': '#7438A6', 'shipment_date': '#927593', 'shipper_address': '#C3AF9C', 'net_weight': '#6B1327', 'consignee_name': '#C2BC46', 'invoice_number': '#DA56C3', 'awb_bill_no': '#218FD5', 'dimension': '#BFED1B', 'O': '#BF48A1', 'declared_value_of_carriage': '#600056', 'final_destination': '#8125C8', 'awb_bill_issue_date': '#E13054', 'lc_no': '#32E98B', 'signed_by_agent': '#D424EE', 'flight_date': '#C14A32', 'agent_address': '#42153F', 'freight_collect_or_prepaid': '#63F106', 'flight_details': '#69E564', 'notify_party_address': '#873591', 'shipper_name': '#82FB0D', 'signed_by_carrier': '#635484', 'stamped_onboard_date': '#68A423', 'awb_original_number': '#6831B1', 'flight_no': '#5389A0', 'freight_collected_at': '#8CFB5A', 'amount_insurance': '#40B59D', 'house_awb_bill_no': '#2780AC', 'master_awb_bill_no': '#FA416F', 'airport_of_departure': '#C91159', 'invoice_date': '#1ADF7E', 'good_marks': '#FEACF4', 'place_of_receipt': '#E260C6', 'agent_name': '#76FD0E', 'signed_by_master': '#EA03A4', 'airport_of_destination': '#6B1C4A', 'master_name': '#CC3B91', 'notify_party_name': '#0EB546'}
2024-03-14 01:40:42,654 is result_set is instance of dict? True
2024-03-14 01:40:42,656 is final_result_set is instance of dict? True
2024-03-14 01:40:43,202 Time taken for page 1 of Bill_Of_Landing_843_page_0.png:0:00:05.445827
2024-03-14 01:40:43,751 *****Generated All Pages****** for Bill_Of_Landing_843_page_0.png
2024-03-14 01:40:43,751 RAM memory 84.0 used for Bill_Of_Landing_843_page_0.png Generating All Pages:
2024-03-14 01:40:43,751 Processing time taken for all pages of Bill_Of_Landing_843_page_0.png1:0:00:05.995572
2024-03-14 01:40:43,909 file name is:Packing_List_362_page_1.png
2024-03-14 01:40:43,910 folder path :Images
2024-03-14 01:40:43,910 Calling Image result
2024-03-14 01:40:43,910 is all_page_result is instance of dict? True
2024-03-14 01:40:43,911 STREAM b'IHDR' 16 13
2024-03-14 01:40:43,911 STREAM b'IDAT' 41 31793
2024-03-14 01:40:43,921 is words is instance of list? True
2024-03-14 01:40:43,922 is bboxes is instance of list? True
2024-03-14 01:40:43,922 is bounding_boxes is instance of list? True
2024-03-14 01:40:43,989 is input_id_chunks is instance of list? True
2024-03-14 01:40:43,989 is mask_chunks is instance of list? True
2024-03-14 01:40:43,989 is bbox_chunks is instance of list? True
2024-03-14 01:40:43,989 is image_chunks is instance of list? True
2024-03-14 01:40:43,989 is input_dict is instance of dict? True
2024-03-14 01:40:46,229 Model Called
2024-03-14 01:40:46,230 RAM memory 82.1 used for Packing_List_362_page_1.png:
2024-03-14 01:40:46,230 is all_predictions is instance of list? True
2024-03-14 01:40:46,230 is all_boxes is instance of list? True
2024-03-14 01:40:46,230 is all_confidences is instance of list? True
2024-03-14 01:40:46,230 is all_text is instance of list? True
2024-03-14 01:40:46,230 is label2id is instance of dict? True
2024-03-14 01:40:46,230 is id2label is instance of dict? True
2024-03-14 01:40:46,231 is label2color is instance of dict? True
2024-03-14 01:40:46,231 label2color : {'lc_date': '#471BB2', 'stamp': '#AD2EDF', 'transaction_date': '#5D6A49', 'carriage_condition': '#904242', 'carrier_address': '#F549EE', 'gross_weight': '#4AED7C', 'goods_description': '#8C7500', 'gross_quantity': '#C4F12D', 'consignee_address': '#68FA24', 'signature': '#089D80', 'awb_original_or_copy': '#68ACB4', 'declared_value_of_custom': '#6E4520', 'carrier_name': '#72EFFA', 'at_place': '#D6DC9F', 'shipment_date': '#A330A0', 'shipper_address': '#AB5850', 'net_weight': '#1CF98B', 'consignee_name': '#135086', 'invoice_number': '#0CAB70', 'awb_bill_no': '#A46323', 'dimension': '#D7DA4F', 'O': '#EE0721', 'declared_value_of_carriage': '#F84A21', 'final_destination': '#8E12CC', 'awb_bill_issue_date': '#AA2BA0', 'lc_no': '#DB5873', 'signed_by_agent': '#5F543C', 'flight_date': '#196442', 'agent_address': '#EE46BF', 'freight_collect_or_prepaid': '#9284F5', 'flight_details': '#8F5366', 'notify_party_address': '#EF3962', 'shipper_name': '#E0A3E4', 'signed_by_carrier': '#8D63E7', 'stamped_onboard_date': '#90FD1D', 'awb_original_number': '#1A1421', 'flight_no': '#9DF8D9', 'freight_collected_at': '#4EEB46', 'amount_insurance': '#D2E49F', 'house_awb_bill_no': '#E38C1A', 'master_awb_bill_no': '#4A4E6A', 'airport_of_departure': '#E066EB', 'invoice_date': '#7E9620', 'good_marks': '#2A8A80', 'place_of_receipt': '#78F336', 'agent_name': '#A0ACDD', 'signed_by_master': '#F3C1FD', 'airport_of_destination': '#EF6F00', 'master_name': '#522182', 'notify_party_name': '#5A1EC0'}
2024-03-14 01:40:46,296 is result_set is instance of dict? True
2024-03-14 01:40:46,298 is final_result_set is instance of dict? True
2024-03-14 01:40:46,765 Time taken for page 1 of Packing_List_362_page_1.png:0:00:02.854257
2024-03-14 01:40:46,822 *****Generated All Pages****** for Packing_List_362_page_1.png
2024-03-14 01:40:46,822 RAM memory 82.1 used for Packing_List_362_page_1.png Generating All Pages:
2024-03-14 01:40:46,822 Processing time taken for all pages of Packing_List_362_page_1.png1:0:00:02.911959
2024-03-14 01:40:46,944 file name is:Bill_Of_Landing_562_page_11.png
2024-03-14 01:40:46,945 folder path :Images
2024-03-14 01:40:46,945 Calling Image result
2024-03-14 01:40:46,945 is all_page_result is instance of dict? True
2024-03-14 01:40:46,945 STREAM b'IHDR' 16 13
2024-03-14 01:40:46,945 STREAM b'IDAT' 41 65536
2024-03-14 01:40:46,975 is words is instance of list? True
2024-03-14 01:40:46,975 is bboxes is instance of list? True
2024-03-14 01:40:46,975 is bounding_boxes is instance of list? True
2024-03-14 01:40:47,193 is input_id_chunks is instance of list? True
2024-03-14 01:40:47,193 is mask_chunks is instance of list? True
2024-03-14 01:40:47,194 is bbox_chunks is instance of list? True
2024-03-14 01:40:47,194 is image_chunks is instance of list? True
2024-03-14 01:40:47,194 is input_dict is instance of dict? True
2024-03-14 01:40:49,179 Model Called
2024-03-14 01:40:49,180 RAM memory 81.9 used for Bill_Of_Landing_562_page_11.png:
2024-03-14 01:40:49,180 is all_predictions is instance of list? True
2024-03-14 01:40:49,180 is all_boxes is instance of list? True
2024-03-14 01:40:49,180 is all_confidences is instance of list? True
2024-03-14 01:40:49,180 is all_text is instance of list? True
2024-03-14 01:40:49,180 is label2id is instance of dict? True
2024-03-14 01:40:49,180 is id2label is instance of dict? True
2024-03-14 01:40:49,181 is label2color is instance of dict? True
2024-03-14 01:40:49,181 label2color : {'lc_date': '#E482C5', 'stamp': '#405BAF', 'transaction_date': '#6A6A77', 'carriage_condition': '#FE4386', 'carrier_address': '#19D822', 'gross_weight': '#BC08AA', 'goods_description': '#BE316E', 'gross_quantity': '#E861FA', 'consignee_address': '#8176EA', 'signature': '#F8283A', 'awb_original_or_copy': '#65F507', 'declared_value_of_custom': '#1ED88A', 'carrier_name': '#0CD160', 'at_place': '#ED37D3', 'shipment_date': '#4D1072', 'shipper_address': '#823B9D', 'net_weight': '#733C5C', 'consignee_name': '#2AE044', 'invoice_number': '#729090', 'awb_bill_no': '#C5B503', 'dimension': '#81AE59', 'O': '#77B3C1', 'declared_value_of_carriage': '#811860', 'final_destination': '#2F074A', 'awb_bill_issue_date': '#023277', 'lc_no': '#02E010', 'signed_by_agent': '#8B2AB4', 'flight_date': '#E7F0F2', 'agent_address': '#B86430', 'freight_collect_or_prepaid': '#8554DA', 'flight_details': '#0BD989', 'notify_party_address': '#7F913D', 'shipper_name': '#8F0DF8', 'signed_by_carrier': '#B9B37A', 'stamped_onboard_date': '#7BB666', 'awb_original_number': '#66677A', 'flight_no': '#0D5C6F', 'freight_collected_at': '#822652', 'amount_insurance': '#87096A', 'house_awb_bill_no': '#68C099', 'master_awb_bill_no': '#D1AFEF', 'airport_of_departure': '#3A19A7', 'invoice_date': '#EFDC01', 'good_marks': '#EB6B49', 'place_of_receipt': '#621A10', 'agent_name': '#993F60', 'signed_by_master': '#83C7D3', 'airport_of_destination': '#38EF3C', 'master_name': '#83B6B6', 'notify_party_name': '#5C0F25'}
2024-03-14 01:40:49,403 is result_set is instance of dict? True
2024-03-14 01:40:49,404 is final_result_set is instance of dict? True
2024-03-14 01:40:49,670 Time taken for page 1 of Bill_Of_Landing_562_page_11.png:0:00:02.724806
2024-03-14 01:40:49,810 *****Generated All Pages****** for Bill_Of_Landing_562_page_11.png
2024-03-14 01:40:49,810 RAM memory 82.1 used for Bill_Of_Landing_562_page_11.png Generating All Pages:
2024-03-14 01:40:49,810 Processing time taken for all pages of Bill_Of_Landing_562_page_11.png1:0:00:02.865041
2024-03-14 01:40:49,959 file name is:Bill_Of_Landing_695_page_0.png
2024-03-14 01:40:49,960 folder path :Images
2024-03-14 01:40:49,960 Calling Image result
2024-03-14 01:40:49,960 is all_page_result is instance of dict? True
2024-03-14 01:40:49,970 STREAM b'IHDR' 16 13
2024-03-14 01:40:49,970 STREAM b'PLTE' 41 768
2024-03-14 01:40:49,971 STREAM b'IDAT' 821 65536
2024-03-14 01:40:50,027 is words is instance of list? True
2024-03-14 01:40:50,027 is bboxes is instance of list? True
2024-03-14 01:40:50,027 is bounding_boxes is instance of list? True
2024-03-14 01:40:50,234 is input_id_chunks is instance of list? True
2024-03-14 01:40:50,234 is mask_chunks is instance of list? True
2024-03-14 01:40:50,234 is bbox_chunks is instance of list? True
2024-03-14 01:40:50,234 is image_chunks is instance of list? True
2024-03-14 01:40:50,234 is input_dict is instance of dict? True
2024-03-14 01:40:52,416 Model Called
2024-03-14 01:40:52,416 RAM memory 82.0 used for Bill_Of_Landing_695_page_0.png:
2024-03-14 01:40:52,416 is all_predictions is instance of list? True
2024-03-14 01:40:52,416 is all_boxes is instance of list? True
2024-03-14 01:40:52,416 is all_confidences is instance of list? True
2024-03-14 01:40:52,416 is all_text is instance of list? True
2024-03-14 01:40:52,416 is label2id is instance of dict? True
2024-03-14 01:40:52,416 is id2label is instance of dict? True
2024-03-14 01:40:52,417 is label2color is instance of dict? True
2024-03-14 01:40:52,417 label2color : {'lc_date': '#42EFC1', 'stamp': '#2289B3', 'transaction_date': '#15C276', 'carriage_condition': '#37EEE4', 'carrier_address': '#3437EB', 'gross_weight': '#6EA612', 'goods_description': '#631D45', 'gross_quantity': '#7BB07B', 'consignee_address': '#340F65', 'signature': '#FAA8BF', 'awb_original_or_copy': '#2E3A99', 'declared_value_of_custom': '#22D68C', 'carrier_name': '#7EB22A', 'at_place': '#B36211', 'shipment_date': '#A64FDD', 'shipper_address': '#FB8E2E', 'net_weight': '#57749A', 'consignee_name': '#F813E7', 'invoice_number': '#E04CF9', 'awb_bill_no': '#BF97D2', 'dimension': '#A15814', 'O': '#DFBCCD', 'declared_value_of_carriage': '#35A50B', 'final_destination': '#D45D47', 'awb_bill_issue_date': '#4CC945', 'lc_no': '#1EC1F8', 'signed_by_agent': '#DF4C7E', 'flight_date': '#C856B0', 'agent_address': '#2705E5', 'freight_collect_or_prepaid': '#C5C04B', 'flight_details': '#485977', 'notify_party_address': '#CA2A6A', 'shipper_name': '#677E84', 'signed_by_carrier': '#955FC7', 'stamped_onboard_date': '#ACB1BE', 'awb_original_number': '#FF9BF5', 'flight_no': '#BC7C11', 'freight_collected_at': '#FC34FA', 'amount_insurance': '#2BE00C', 'house_awb_bill_no': '#1BE64D', 'master_awb_bill_no': '#E53F44', 'airport_of_departure': '#6EAACC', 'invoice_date': '#C99CA4', 'good_marks': '#D12721', 'place_of_receipt': '#46840B', 'agent_name': '#19B9F1', 'signed_by_master': '#0A6B48', 'airport_of_destination': '#EFE726', 'master_name': '#E1715F', 'notify_party_name': '#60F346'}
2024-03-14 01:40:52,639 is result_set is instance of dict? True
2024-03-14 01:40:52,641 is final_result_set is instance of dict? True
2024-03-14 01:40:53,027 Time taken for page 1 of Bill_Of_Landing_695_page_0.png:0:00:03.056540
2024-03-14 01:40:53,811 *****Generated All Pages****** for Bill_Of_Landing_695_page_0.png
2024-03-14 01:40:53,811 RAM memory 82.0 used for Bill_Of_Landing_695_page_0.png Generating All Pages:
2024-03-14 01:40:53,811 Processing time taken for all pages of Bill_Of_Landing_695_page_0.png1:0:00:03.851499
2024-03-14 01:40:53,927 file name is:Bill_Of_Landing_354_page_4.png
2024-03-14 01:40:53,928 folder path :Images
2024-03-14 01:40:53,928 Calling Image result
2024-03-14 01:40:53,928 is all_page_result is instance of dict? True
2024-03-14 01:40:53,938 STREAM b'IHDR' 16 13
2024-03-14 01:40:53,938 STREAM b'IDAT' 41 65536
2024-03-14 01:40:53,969 is words is instance of list? True
2024-03-14 01:40:53,969 is bboxes is instance of list? True
2024-03-14 01:40:53,969 is bounding_boxes is instance of list? True
2024-03-14 01:40:54,184 is input_id_chunks is instance of list? True
2024-03-14 01:40:54,184 is mask_chunks is instance of list? True
2024-03-14 01:40:54,184 is bbox_chunks is instance of list? True
2024-03-14 01:40:54,184 is image_chunks is instance of list? True
2024-03-14 01:40:54,185 is input_dict is instance of dict? True
2024-03-14 01:40:56,035 Model Called
2024-03-14 01:40:56,035 RAM memory 81.6 used for Bill_Of_Landing_354_page_4.png:
2024-03-14 01:40:56,035 is all_predictions is instance of list? True
2024-03-14 01:40:56,035 is all_boxes is instance of list? True
2024-03-14 01:40:56,035 is all_confidences is instance of list? True
2024-03-14 01:40:56,035 is all_text is instance of list? True
2024-03-14 01:40:56,036 is label2id is instance of dict? True
2024-03-14 01:40:56,036 is id2label is instance of dict? True
2024-03-14 01:40:56,036 is label2color is instance of dict? True
2024-03-14 01:40:56,037 label2color : {'lc_date': '#254697', 'stamp': '#B61ADF', 'transaction_date': '#B2F33B', 'carriage_condition': '#7698B7', 'carrier_address': '#DB52BF', 'gross_weight': '#B5583C', 'goods_description': '#E3DC2F', 'gross_quantity': '#D1B794', 'consignee_address': '#C00CAE', 'signature': '#362DF4', 'awb_original_or_copy': '#F9BA99', 'declared_value_of_custom': '#0BA01B', 'carrier_name': '#BAB103', 'at_place': '#8E3B45', 'shipment_date': '#50B7DB', 'shipper_address': '#154597', 'net_weight': '#4F15AB', 'consignee_name': '#F17C4D', 'invoice_number': '#F57727', 'awb_bill_no': '#332E8A', 'dimension': '#59CD53', 'O': '#490B0A', 'declared_value_of_carriage': '#4B5081', 'final_destination': '#0A7E02', 'awb_bill_issue_date': '#FF5CE9', 'lc_no': '#FD6A12', 'signed_by_agent': '#B5C106', 'flight_date': '#BC02F6', 'agent_address': '#315F4D', 'freight_collect_or_prepaid': '#6BAA53', 'flight_details': '#B10CDD', 'notify_party_address': '#884B9A', 'shipper_name': '#D087F1', 'signed_by_carrier': '#D37189', 'stamped_onboard_date': '#B105B2', 'awb_original_number': '#90BCE3', 'flight_no': '#7A66B0', 'freight_collected_at': '#994393', 'amount_insurance': '#56C8DA', 'house_awb_bill_no': '#63868D', 'master_awb_bill_no': '#8B3B4A', 'airport_of_departure': '#5580A5', 'invoice_date': '#80FE5F', 'good_marks': '#C45DE1', 'place_of_receipt': '#751585', 'agent_name': '#52AE74', 'signed_by_master': '#51362E', 'airport_of_destination': '#D1874C', 'master_name': '#BEEDF5', 'notify_party_name': '#49C414'}
2024-03-14 01:40:56,246 is result_set is instance of dict? True
2024-03-14 01:40:56,247 is final_result_set is instance of dict? True
2024-03-14 01:40:56,510 Time taken for page 1 of Bill_Of_Landing_354_page_4.png:0:00:02.571451
2024-03-14 01:40:56,651 *****Generated All Pages****** for Bill_Of_Landing_354_page_4.png
2024-03-14 01:40:56,651 RAM memory 81.6 used for Bill_Of_Landing_354_page_4.png Generating All Pages:
2024-03-14 01:40:56,651 Processing time taken for all pages of Bill_Of_Landing_354_page_4.png1:0:00:02.723309
2024-03-14 01:40:56,763 file name is:Bill_Of_Landing_253_page_0.png
2024-03-14 01:40:56,763 folder path :Images
2024-03-14 01:40:56,763 Calling Image result
2024-03-14 01:40:56,763 is all_page_result is instance of dict? True
2024-03-14 01:40:56,764 STREAM b'IHDR' 16 13
2024-03-14 01:40:56,764 STREAM b'IDAT' 41 65536
2024-03-14 01:40:56,797 is words is instance of list? True
2024-03-14 01:40:56,797 is bboxes is instance of list? True
2024-03-14 01:40:56,797 is bounding_boxes is instance of list? True
2024-03-14 01:40:57,010 is input_id_chunks is instance of list? True
2024-03-14 01:40:57,010 is mask_chunks is instance of list? True
2024-03-14 01:40:57,010 is bbox_chunks is instance of list? True
2024-03-14 01:40:57,010 is image_chunks is instance of list? True
2024-03-14 01:40:57,011 is input_dict is instance of dict? True
2024-03-14 01:41:00,849 Model Called
2024-03-14 01:41:00,849 RAM memory 93.4 used for Bill_Of_Landing_253_page_0.png:
2024-03-14 01:41:00,849 is all_predictions is instance of list? True
2024-03-14 01:41:00,849 is all_boxes is instance of list? True
2024-03-14 01:41:00,849 is all_confidences is instance of list? True
2024-03-14 01:41:00,850 is all_text is instance of list? True
2024-03-14 01:41:00,850 is label2id is instance of dict? True
2024-03-14 01:41:00,850 is id2label is instance of dict? True
2024-03-14 01:41:00,851 is label2color is instance of dict? True
2024-03-14 01:41:00,851 label2color : {'lc_date': '#E812AE', 'stamp': '#43A8C4', 'transaction_date': '#24FF6A', 'carriage_condition': '#E32B8C', 'carrier_address': '#5DACC9', 'gross_weight': '#49222A', 'goods_description': '#F28B74', 'gross_quantity': '#6B34E9', 'consignee_address': '#BD4E66', 'signature': '#CC5575', 'awb_original_or_copy': '#E8B795', 'declared_value_of_custom': '#DCDB9B', 'carrier_name': '#0BA11A', 'at_place': '#143876', 'shipment_date': '#A34C8B', 'shipper_address': '#1F47CB', 'net_weight': '#B0B91A', 'consignee_name': '#457C15', 'invoice_number': '#1E3A8D', 'awb_bill_no': '#19A09A', 'dimension': '#D869C2', 'O': '#24AAC5', 'declared_value_of_carriage': '#DAC106', 'final_destination': '#691EBF', 'awb_bill_issue_date': '#7297D0', 'lc_no': '#7B7348', 'signed_by_agent': '#882B6B', 'flight_date': '#E52014', 'agent_address': '#574AAC', 'freight_collect_or_prepaid': '#6A0EC8', 'flight_details': '#AFF6D1', 'notify_party_address': '#8F5CA7', 'shipper_name': '#8D3AB4', 'signed_by_carrier': '#D89E6E', 'stamped_onboard_date': '#B7B3A8', 'awb_original_number': '#A17808', 'flight_no': '#EEA86A', 'freight_collected_at': '#F33427', 'amount_insurance': '#2F87EC', 'house_awb_bill_no': '#714DCF', 'master_awb_bill_no': '#EB7BDB', 'airport_of_departure': '#147955', 'invoice_date': '#BCF30D', 'good_marks': '#CF0DC1', 'place_of_receipt': '#DAF7FC', 'agent_name': '#7DF653', 'signed_by_master': '#04F050', 'airport_of_destination': '#A4DD04', 'master_name': '#129803', 'notify_party_name': '#C1AD93'}
2024-03-14 01:41:01,206 is result_set is instance of dict? True
2024-03-14 01:41:01,218 is final_result_set is instance of dict? True
2024-03-14 01:41:01,791 Time taken for page 1 of Bill_Of_Landing_253_page_0.png:0:00:05.027184
2024-03-14 01:41:01,971 *****Generated All Pages****** for Bill_Of_Landing_253_page_0.png
2024-03-14 01:41:01,972 RAM memory 93.4 used for Bill_Of_Landing_253_page_0.png Generating All Pages:
2024-03-14 01:41:01,972 Processing time taken for all pages of Bill_Of_Landing_253_page_0.png1:0:00:05.208499
2024-03-14 01:41:02,144 file name is:Bill_Of_Landing_538_page_0.png
2024-03-14 01:41:02,144 folder path :Images
2024-03-14 01:41:02,145 Calling Image result
2024-03-14 01:41:02,145 is all_page_result is instance of dict? True
2024-03-14 01:41:02,145 STREAM b'IHDR' 16 13
2024-03-14 01:41:02,145 STREAM b'IDAT' 41 65536
2024-03-14 01:41:02,175 is words is instance of list? True
2024-03-14 01:41:02,175 is bboxes is instance of list? True
2024-03-14 01:41:02,175 is bounding_boxes is instance of list? True
2024-03-14 01:41:02,386 is input_id_chunks is instance of list? True
2024-03-14 01:41:02,386 is mask_chunks is instance of list? True
2024-03-14 01:41:02,386 is bbox_chunks is instance of list? True
2024-03-14 01:41:02,386 is image_chunks is instance of list? True
2024-03-14 01:41:02,387 is input_dict is instance of dict? True
2024-03-14 01:41:04,257 Model Called
2024-03-14 01:41:04,257 RAM memory 81.2 used for Bill_Of_Landing_538_page_0.png:
2024-03-14 01:41:04,257 is all_predictions is instance of list? True
2024-03-14 01:41:04,257 is all_boxes is instance of list? True
2024-03-14 01:41:04,257 is all_confidences is instance of list? True
2024-03-14 01:41:04,257 is all_text is instance of list? True
2024-03-14 01:41:04,258 is label2id is instance of dict? True
2024-03-14 01:41:04,258 is id2label is instance of dict? True
2024-03-14 01:41:04,259 is label2color is instance of dict? True
2024-03-14 01:41:04,259 label2color : {'lc_date': '#857BB2', 'stamp': '#3AAD0A', 'transaction_date': '#096285', 'carriage_condition': '#CA7D3B', 'carrier_address': '#0B4E11', 'gross_weight': '#3B5DE3', 'goods_description': '#48C047', 'gross_quantity': '#9C80D2', 'consignee_address': '#834EEA', 'signature': '#8C18AC', 'awb_original_or_copy': '#1E6C30', 'declared_value_of_custom': '#182A7B', 'carrier_name': '#C972F7', 'at_place': '#542192', 'shipment_date': '#AA4990', 'shipper_address': '#8F9DDD', 'net_weight': '#C498F8', 'consignee_name': '#3B1FCE', 'invoice_number': '#3559F5', 'awb_bill_no': '#1F5650', 'dimension': '#EA9CEF', 'O': '#4E885F', 'declared_value_of_carriage': '#ECBA21', 'final_destination': '#968406', 'awb_bill_issue_date': '#E04051', 'lc_no': '#786351', 'signed_by_agent': '#D9243F', 'flight_date': '#AEC1A2', 'agent_address': '#239B9F', 'freight_collect_or_prepaid': '#B806C2', 'flight_details': '#8330B8', 'notify_party_address': '#A3B84B', 'shipper_name': '#F0ABF3', 'signed_by_carrier': '#C27961', 'stamped_onboard_date': '#F42526', 'awb_original_number': '#A3889E', 'flight_no': '#A61E98', 'freight_collected_at': '#2E43CD', 'amount_insurance': '#0904CD', 'house_awb_bill_no': '#8E3FA5', 'master_awb_bill_no': '#752523', 'airport_of_departure': '#1AB9DC', 'invoice_date': '#7C3F58', 'good_marks': '#6B8C35', 'place_of_receipt': '#64AB3F', 'agent_name': '#2E1064', 'signed_by_master': '#FEB66D', 'airport_of_destination': '#BFE590', 'master_name': '#BC608E', 'notify_party_name': '#C9D476'}
2024-03-14 01:41:04,470 is result_set is instance of dict? True
2024-03-14 01:41:04,471 is final_result_set is instance of dict? True
2024-03-14 01:41:04,748 Time taken for page 1 of Bill_Of_Landing_538_page_0.png:0:00:02.602377
2024-03-14 01:41:04,881 *****Generated All Pages****** for Bill_Of_Landing_538_page_0.png
2024-03-14 01:41:04,881 RAM memory 81.4 used for Bill_Of_Landing_538_page_0.png Generating All Pages:
2024-03-14 01:41:04,881 Processing time taken for all pages of Bill_Of_Landing_538_page_0.png1:0:00:02.736348
2024-03-14 01:41:04,993 file name is:Bill_Of_Landing_511_page_3.png
2024-03-14 01:41:04,993 folder path :Images
2024-03-14 01:41:04,993 Calling Image result
2024-03-14 01:41:04,993 is all_page_result is instance of dict? True
2024-03-14 01:41:04,994 STREAM b'IHDR' 16 13
2024-03-14 01:41:04,994 STREAM b'IDAT' 41 65536
2024-03-14 01:41:05,026 is words is instance of list? True
2024-03-14 01:41:05,026 is bboxes is instance of list? True
2024-03-14 01:41:05,026 is bounding_boxes is instance of list? True
2024-03-14 01:41:05,236 is input_id_chunks is instance of list? True
2024-03-14 01:41:05,236 is mask_chunks is instance of list? True
2024-03-14 01:41:05,236 is bbox_chunks is instance of list? True
2024-03-14 01:41:05,236 is image_chunks is instance of list? True
2024-03-14 01:41:05,237 is input_dict is instance of dict? True
2024-03-14 01:41:07,086 Model Called
2024-03-14 01:41:07,087 RAM memory 81.1 used for Bill_Of_Landing_511_page_3.png:
2024-03-14 01:41:07,087 is all_predictions is instance of list? True
2024-03-14 01:41:07,087 is all_boxes is instance of list? True
2024-03-14 01:41:07,087 is all_confidences is instance of list? True
2024-03-14 01:41:07,087 is all_text is instance of list? True
2024-03-14 01:41:07,087 is label2id is instance of dict? True
2024-03-14 01:41:07,087 is id2label is instance of dict? True
2024-03-14 01:41:07,088 is label2color is instance of dict? True
2024-03-14 01:41:07,088 label2color : {'lc_date': '#E2B3F8', 'stamp': '#F38AB0', 'transaction_date': '#56429C', 'carriage_condition': '#F62CD8', 'carrier_address': '#23272E', 'gross_weight': '#D1FA26', 'goods_description': '#25132C', 'gross_quantity': '#7E88F6', 'consignee_address': '#ABEA10', 'signature': '#B7D6F1', 'awb_original_or_copy': '#EE59A2', 'declared_value_of_custom': '#B04D46', 'carrier_name': '#798E96', 'at_place': '#50EF41', 'shipment_date': '#CDE4A3', 'shipper_address': '#6610B2', 'net_weight': '#BC7B71', 'consignee_name': '#31AA93', 'invoice_number': '#44533D', 'awb_bill_no': '#265E2C', 'dimension': '#72ABEB', 'O': '#9E5BFC', 'declared_value_of_carriage': '#105C65', 'final_destination': '#72BE5C', 'awb_bill_issue_date': '#61740A', 'lc_no': '#4F691F', 'signed_by_agent': '#3A6461', 'flight_date': '#41495F', 'agent_address': '#CA1F50', 'freight_collect_or_prepaid': '#C723F4', 'flight_details': '#DC506F', 'notify_party_address': '#5355DE', 'shipper_name': '#912B83', 'signed_by_carrier': '#2F8186', 'stamped_onboard_date': '#0F0B41', 'awb_original_number': '#448282', 'flight_no': '#A6D56D', 'freight_collected_at': '#073BDD', 'amount_insurance': '#BA2717', 'house_awb_bill_no': '#0D0C82', 'master_awb_bill_no': '#85C52A', 'airport_of_departure': '#BD6058', 'invoice_date': '#01BD18', 'good_marks': '#76CA4A', 'place_of_receipt': '#1AB00C', 'agent_name': '#DAB43D', 'signed_by_master': '#5D304B', 'airport_of_destination': '#F90718', 'master_name': '#972D43', 'notify_party_name': '#412D80'}
2024-03-14 01:41:07,290 is result_set is instance of dict? True
2024-03-14 01:41:07,292 is final_result_set is instance of dict? True
2024-03-14 01:41:07,832 Time taken for page 1 of Bill_Of_Landing_511_page_3.png:0:00:02.837765
2024-03-14 01:41:07,996 *****Generated All Pages****** for Bill_Of_Landing_511_page_3.png
2024-03-14 01:41:07,996 RAM memory 81.3 used for Bill_Of_Landing_511_page_3.png Generating All Pages:
2024-03-14 01:41:07,996 Processing time taken for all pages of Bill_Of_Landing_511_page_3.png1:0:00:03.002562
2024-03-14 01:41:08,110 file name is:Bill_Of_Landing_562_page_25.png
2024-03-14 01:41:08,111 folder path :Images
2024-03-14 01:41:08,111 Calling Image result
2024-03-14 01:41:08,111 is all_page_result is instance of dict? True
2024-03-14 01:41:08,111 STREAM b'IHDR' 16 13
2024-03-14 01:41:08,111 STREAM b'IDAT' 41 65536
2024-03-14 01:41:08,141 is words is instance of list? True
2024-03-14 01:41:08,141 is bboxes is instance of list? True
2024-03-14 01:41:08,141 is bounding_boxes is instance of list? True
2024-03-14 01:41:08,353 is input_id_chunks is instance of list? True
2024-03-14 01:41:08,353 is mask_chunks is instance of list? True
2024-03-14 01:41:08,353 is bbox_chunks is instance of list? True
2024-03-14 01:41:08,353 is image_chunks is instance of list? True
2024-03-14 01:41:08,354 is input_dict is instance of dict? True
2024-03-14 01:41:10,297 Model Called
2024-03-14 01:41:10,298 RAM memory 81.3 used for Bill_Of_Landing_562_page_25.png:
2024-03-14 01:41:10,298 is all_predictions is instance of list? True
2024-03-14 01:41:10,298 is all_boxes is instance of list? True
2024-03-14 01:41:10,298 is all_confidences is instance of list? True
2024-03-14 01:41:10,298 is all_text is instance of list? True
2024-03-14 01:41:10,298 is label2id is instance of dict? True
2024-03-14 01:41:10,298 is id2label is instance of dict? True
2024-03-14 01:41:10,299 is label2color is instance of dict? True
2024-03-14 01:41:10,299 label2color : {'lc_date': '#7EFD52', 'stamp': '#87F419', 'transaction_date': '#190D06', 'carriage_condition': '#FF08B4', 'carrier_address': '#DDFAB1', 'gross_weight': '#6A088B', 'goods_description': '#D13D66', 'gross_quantity': '#8D4E2C', 'consignee_address': '#66FC98', 'signature': '#865080', 'awb_original_or_copy': '#E2A40D', 'declared_value_of_custom': '#9D0DAA', 'carrier_name': '#9401AE', 'at_place': '#B50AD7', 'shipment_date': '#718BBD', 'shipper_address': '#3AF416', 'net_weight': '#7676E0', 'consignee_name': '#B592D4', 'invoice_number': '#5FAF66', 'awb_bill_no': '#8EBA4E', 'dimension': '#2BE576', 'O': '#B9C735', 'declared_value_of_carriage': '#B6A7A0', 'final_destination': '#E77B43', 'awb_bill_issue_date': '#19B383', 'lc_no': '#1A50C4', 'signed_by_agent': '#564C6A', 'flight_date': '#7CC601', 'agent_address': '#77635A', 'freight_collect_or_prepaid': '#783D16', 'flight_details': '#DF7C23', 'notify_party_address': '#128D53', 'shipper_name': '#394EF8', 'signed_by_carrier': '#AB781C', 'stamped_onboard_date': '#11ACBB', 'awb_original_number': '#E0C2B8', 'flight_no': '#383FB8', 'freight_collected_at': '#5AD90D', 'amount_insurance': '#09DBE7', 'house_awb_bill_no': '#F8B07D', 'master_awb_bill_no': '#D907D2', 'airport_of_departure': '#665C55', 'invoice_date': '#ABF15C', 'good_marks': '#2F48BE', 'place_of_receipt': '#249DD2', 'agent_name': '#B2FFB1', 'signed_by_master': '#5C1053', 'airport_of_destination': '#A1159A', 'master_name': '#1238E9', 'notify_party_name': '#201820'}
2024-03-14 01:41:10,512 is result_set is instance of dict? True
2024-03-14 01:41:10,514 is final_result_set is instance of dict? True
2024-03-14 01:41:10,873 Time taken for page 1 of Bill_Of_Landing_562_page_25.png:0:00:02.761632
2024-03-14 01:41:11,013 *****Generated All Pages****** for Bill_Of_Landing_562_page_25.png
2024-03-14 01:41:11,013 RAM memory 81.5 used for Bill_Of_Landing_562_page_25.png Generating All Pages:
2024-03-14 01:41:11,013 Processing time taken for all pages of Bill_Of_Landing_562_page_25.png1:0:00:02.902207
2024-03-14 01:41:11,123 file name is:Bill_Of_Landing_470_page_0.png
2024-03-14 01:41:11,124 folder path :Images
2024-03-14 01:41:11,124 Calling Image result
2024-03-14 01:41:11,124 is all_page_result is instance of dict? True
2024-03-14 01:41:11,134 STREAM b'IHDR' 16 13
2024-03-14 01:41:11,134 STREAM b'IDAT' 41 65536
2024-03-14 01:41:11,165 is words is instance of list? True
2024-03-14 01:41:11,165 is bboxes is instance of list? True
2024-03-14 01:41:11,165 is bounding_boxes is instance of list? True
2024-03-14 01:41:11,373 is input_id_chunks is instance of list? True
2024-03-14 01:41:11,373 is mask_chunks is instance of list? True
2024-03-14 01:41:11,373 is bbox_chunks is instance of list? True
2024-03-14 01:41:11,373 is image_chunks is instance of list? True
2024-03-14 01:41:11,373 is input_dict is instance of dict? True
2024-03-14 01:41:13,217 Model Called
2024-03-14 01:41:13,218 RAM memory 81.4 used for Bill_Of_Landing_470_page_0.png:
2024-03-14 01:41:13,218 is all_predictions is instance of list? True
2024-03-14 01:41:13,218 is all_boxes is instance of list? True
2024-03-14 01:41:13,218 is all_confidences is instance of list? True
2024-03-14 01:41:13,218 is all_text is instance of list? True
2024-03-14 01:41:13,218 is label2id is instance of dict? True
2024-03-14 01:41:13,218 is id2label is instance of dict? True
2024-03-14 01:41:13,219 is label2color is instance of dict? True
2024-03-14 01:41:13,219 label2color : {'lc_date': '#F36625', 'stamp': '#55C590', 'transaction_date': '#9BB4EE', 'carriage_condition': '#92EDB6', 'carrier_address': '#6BE143', 'gross_weight': '#DE9DCD', 'goods_description': '#4FD930', 'gross_quantity': '#A44241', 'consignee_address': '#EA2524', 'signature': '#BF51CE', 'awb_original_or_copy': '#9DB1F5', 'declared_value_of_custom': '#CB313C', 'carrier_name': '#8C70D7', 'at_place': '#6BC0D8', 'shipment_date': '#030D38', 'shipper_address': '#51109E', 'net_weight': '#14705F', 'consignee_name': '#CBE0CD', 'invoice_number': '#A223E2', 'awb_bill_no': '#C74017', 'dimension': '#84284C', 'O': '#BBBF8C', 'declared_value_of_carriage': '#A470DE', 'final_destination': '#E819F5', 'awb_bill_issue_date': '#3B3F72', 'lc_no': '#1B41C8', 'signed_by_agent': '#849B6B', 'flight_date': '#16A4C4', 'agent_address': '#457FE1', 'freight_collect_or_prepaid': '#B313FF', 'flight_details': '#9AD352', 'notify_party_address': '#A819E0', 'shipper_name': '#CA0CFE', 'signed_by_carrier': '#F250B1', 'stamped_onboard_date': '#0B5EEC', 'awb_original_number': '#79B73E', 'flight_no': '#19CA89', 'freight_collected_at': '#20BFE5', 'amount_insurance': '#1124C6', 'house_awb_bill_no': '#B5795A', 'master_awb_bill_no': '#E6F052', 'airport_of_departure': '#53BB5E', 'invoice_date': '#8F3D0D', 'good_marks': '#6D9C6E', 'place_of_receipt': '#6109D7', 'agent_name': '#EE5032', 'signed_by_master': '#FEE333', 'airport_of_destination': '#DD1E29', 'master_name': '#1F4712', 'notify_party_name': '#C4ED6D'}
2024-03-14 01:41:13,435 is result_set is instance of dict? True
2024-03-14 01:41:13,437 is final_result_set is instance of dict? True
2024-03-14 01:41:13,760 Time taken for page 1 of Bill_Of_Landing_470_page_0.png:0:00:02.625478
2024-03-14 01:41:13,922 *****Generated All Pages****** for Bill_Of_Landing_470_page_0.png
2024-03-14 01:41:13,923 RAM memory 81.5 used for Bill_Of_Landing_470_page_0.png Generating All Pages:
2024-03-14 01:41:13,923 Processing time taken for all pages of Bill_Of_Landing_470_page_0.png1:0:00:02.798990
2024-03-14 01:41:14,033 file name is:Bill_Of_Landing_562_page_29.png
2024-03-14 01:41:14,033 folder path :Images
2024-03-14 01:41:14,033 Calling Image result
2024-03-14 01:41:14,033 is all_page_result is instance of dict? True
2024-03-14 01:41:14,034 STREAM b'IHDR' 16 13
2024-03-14 01:41:14,034 STREAM b'IDAT' 41 59792
2024-03-14 01:41:14,063 is words is instance of list? True
2024-03-14 01:41:14,064 is bboxes is instance of list? True
2024-03-14 01:41:14,064 is bounding_boxes is instance of list? True
2024-03-14 01:41:14,271 is input_id_chunks is instance of list? True
2024-03-14 01:41:14,271 is mask_chunks is instance of list? True
2024-03-14 01:41:14,272 is bbox_chunks is instance of list? True
2024-03-14 01:41:14,272 is image_chunks is instance of list? True
2024-03-14 01:41:14,272 is input_dict is instance of dict? True
2024-03-14 01:41:16,141 Model Called
2024-03-14 01:41:16,141 RAM memory 81.7 used for Bill_Of_Landing_562_page_29.png:
2024-03-14 01:41:16,141 is all_predictions is instance of list? True
2024-03-14 01:41:16,141 is all_boxes is instance of list? True
2024-03-14 01:41:16,142 is all_confidences is instance of list? True
2024-03-14 01:41:16,142 is all_text is instance of list? True
2024-03-14 01:41:16,142 is label2id is instance of dict? True
2024-03-14 01:41:16,142 is id2label is instance of dict? True
2024-03-14 01:41:16,143 is label2color is instance of dict? True
2024-03-14 01:41:16,143 label2color : {'lc_date': '#2375A4', 'stamp': '#B1FFFB', 'transaction_date': '#4326D0', 'carriage_condition': '#1F983D', 'carrier_address': '#E1BB55', 'gross_weight': '#AEF11E', 'goods_description': '#11E732', 'gross_quantity': '#6D1D59', 'consignee_address': '#F46816', 'signature': '#96536E', 'awb_original_or_copy': '#8385C2', 'declared_value_of_custom': '#C17D82', 'carrier_name': '#5F8BC4', 'at_place': '#F4C1EE', 'shipment_date': '#AE79CC', 'shipper_address': '#9B98EC', 'net_weight': '#172902', 'consignee_name': '#FBE749', 'invoice_number': '#2D2785', 'awb_bill_no': '#773EFE', 'dimension': '#AB628B', 'O': '#293CED', 'declared_value_of_carriage': '#D97CEC', 'final_destination': '#67EF7D', 'awb_bill_issue_date': '#F97DCB', 'lc_no': '#86E92B', 'signed_by_agent': '#2E5D96', 'flight_date': '#E47B6F', 'agent_address': '#275A02', 'freight_collect_or_prepaid': '#5734AE', 'flight_details': '#112FA5', 'notify_party_address': '#89A55A', 'shipper_name': '#DAC8DB', 'signed_by_carrier': '#744EE0', 'stamped_onboard_date': '#09EB5F', 'awb_original_number': '#48B917', 'flight_no': '#CA58CD', 'freight_collected_at': '#2160D6', 'amount_insurance': '#9CF9DC', 'house_awb_bill_no': '#562248', 'master_awb_bill_no': '#99460F', 'airport_of_departure': '#D9B4E7', 'invoice_date': '#F70BD0', 'good_marks': '#404274', 'place_of_receipt': '#09B47C', 'agent_name': '#D151FA', 'signed_by_master': '#DFE2DF', 'airport_of_destination': '#090DC0', 'master_name': '#F26FF3', 'notify_party_name': '#965849'}
2024-03-14 01:41:16,357 is result_set is instance of dict? True
2024-03-14 01:41:16,359 is final_result_set is instance of dict? True
2024-03-14 01:41:16,718 Time taken for page 1 of Bill_Of_Landing_562_page_29.png:0:00:02.684243
2024-03-14 01:41:16,845 *****Generated All Pages****** for Bill_Of_Landing_562_page_29.png
2024-03-14 01:41:16,845 RAM memory 81.8 used for Bill_Of_Landing_562_page_29.png Generating All Pages:
2024-03-14 01:41:16,845 Processing time taken for all pages of Bill_Of_Landing_562_page_29.png1:0:00:02.812267
2024-03-14 01:41:16,956 file name is:Bill_Of_Landing_562_page_28.png
2024-03-14 01:41:16,956 folder path :Images
2024-03-14 01:41:16,956 Calling Image result
2024-03-14 01:41:16,956 is all_page_result is instance of dict? True
2024-03-14 01:41:16,967 STREAM b'IHDR' 16 13
2024-03-14 01:41:16,967 STREAM b'IDAT' 41 60708
2024-03-14 01:41:16,996 is words is instance of list? True
2024-03-14 01:41:16,996 is bboxes is instance of list? True
2024-03-14 01:41:16,996 is bounding_boxes is instance of list? True
2024-03-14 01:41:17,204 is input_id_chunks is instance of list? True
2024-03-14 01:41:17,204 is mask_chunks is instance of list? True
2024-03-14 01:41:17,204 is bbox_chunks is instance of list? True
2024-03-14 01:41:17,204 is image_chunks is instance of list? True
2024-03-14 01:41:17,205 is input_dict is instance of dict? True
2024-03-14 01:41:19,115 Model Called
2024-03-14 01:41:19,115 RAM memory 81.7 used for Bill_Of_Landing_562_page_28.png:
2024-03-14 01:41:19,115 is all_predictions is instance of list? True
2024-03-14 01:41:19,115 is all_boxes is instance of list? True
2024-03-14 01:41:19,115 is all_confidences is instance of list? True
2024-03-14 01:41:19,115 is all_text is instance of list? True
2024-03-14 01:41:19,116 is label2id is instance of dict? True
2024-03-14 01:41:19,116 is id2label is instance of dict? True
2024-03-14 01:41:19,116 is label2color is instance of dict? True
2024-03-14 01:41:19,117 label2color : {'lc_date': '#98B993', 'stamp': '#83587E', 'transaction_date': '#9D8208', 'carriage_condition': '#6E9219', 'carrier_address': '#B55E52', 'gross_weight': '#FB205B', 'goods_description': '#C31086', 'gross_quantity': '#21066E', 'consignee_address': '#1C26DE', 'signature': '#25E5FD', 'awb_original_or_copy': '#8D816C', 'declared_value_of_custom': '#FB7E44', 'carrier_name': '#C0C50F', 'at_place': '#55B555', 'shipment_date': '#2D81EA', 'shipper_address': '#C8989C', 'net_weight': '#7BB996', 'consignee_name': '#F0340D', 'invoice_number': '#AF9275', 'awb_bill_no': '#B61FAE', 'dimension': '#3694DF', 'O': '#3147FF', 'declared_value_of_carriage': '#FDC29B', 'final_destination': '#A0F2AB', 'awb_bill_issue_date': '#5FB2DE', 'lc_no': '#25765C', 'signed_by_agent': '#A3F375', 'flight_date': '#28E247', 'agent_address': '#3B0245', 'freight_collect_or_prepaid': '#46B76B', 'flight_details': '#37CD3B', 'notify_party_address': '#0B80C3', 'shipper_name': '#C4F036', 'signed_by_carrier': '#D806D2', 'stamped_onboard_date': '#0D8A78', 'awb_original_number': '#CF92AF', 'flight_no': '#1BAD2B', 'freight_collected_at': '#445D3A', 'amount_insurance': '#0B9E41', 'house_awb_bill_no': '#98BF45', 'master_awb_bill_no': '#47B3CC', 'airport_of_departure': '#9C3696', 'invoice_date': '#CF4790', 'good_marks': '#51C656', 'place_of_receipt': '#D9B2C0', 'agent_name': '#2D4A9D', 'signed_by_master': '#618988', 'airport_of_destination': '#7242BF', 'master_name': '#91056A', 'notify_party_name': '#E21049'}
2024-03-14 01:41:19,334 is result_set is instance of dict? True
2024-03-14 01:41:19,335 is final_result_set is instance of dict? True
2024-03-14 01:41:19,671 Time taken for page 1 of Bill_Of_Landing_562_page_28.png:0:00:02.704100
2024-03-14 01:41:19,812 *****Generated All Pages****** for Bill_Of_Landing_562_page_28.png
2024-03-14 01:41:19,812 RAM memory 81.8 used for Bill_Of_Landing_562_page_28.png Generating All Pages:
2024-03-14 01:41:19,812 Processing time taken for all pages of Bill_Of_Landing_562_page_28.png1:0:00:02.855783
2024-03-14 01:41:19,924 file name is:Bill_Of_Landing_562_page_19.png
2024-03-14 01:41:19,924 folder path :Images
2024-03-14 01:41:19,924 Calling Image result
2024-03-14 01:41:19,924 is all_page_result is instance of dict? True
2024-03-14 01:41:19,925 STREAM b'IHDR' 16 13
2024-03-14 01:41:19,925 STREAM b'IDAT' 41 65536
2024-03-14 01:41:19,956 is words is instance of list? True
2024-03-14 01:41:19,956 is bboxes is instance of list? True
2024-03-14 01:41:19,957 is bounding_boxes is instance of list? True
2024-03-14 01:41:20,164 is input_id_chunks is instance of list? True
2024-03-14 01:41:20,165 is mask_chunks is instance of list? True
2024-03-14 01:41:20,165 is bbox_chunks is instance of list? True
2024-03-14 01:41:20,165 is image_chunks is instance of list? True
2024-03-14 01:41:20,165 is input_dict is instance of dict? True
2024-03-14 01:41:22,075 Model Called
2024-03-14 01:41:22,075 RAM memory 81.7 used for Bill_Of_Landing_562_page_19.png:
2024-03-14 01:41:22,075 is all_predictions is instance of list? True
2024-03-14 01:41:22,075 is all_boxes is instance of list? True
2024-03-14 01:41:22,075 is all_confidences is instance of list? True
2024-03-14 01:41:22,075 is all_text is instance of list? True
2024-03-14 01:41:22,076 is label2id is instance of dict? True
2024-03-14 01:41:22,076 is id2label is instance of dict? True
2024-03-14 01:41:22,077 is label2color is instance of dict? True
2024-03-14 01:41:22,077 label2color : {'lc_date': '#6249D2', 'stamp': '#D99569', 'transaction_date': '#55810A', 'carriage_condition': '#AC9DFB', 'carrier_address': '#6A69A9', 'gross_weight': '#AF438A', 'goods_description': '#496987', 'gross_quantity': '#356BCF', 'consignee_address': '#996AA6', 'signature': '#A89995', 'awb_original_or_copy': '#9A68E0', 'declared_value_of_custom': '#C9D428', 'carrier_name': '#41214D', 'at_place': '#2AC504', 'shipment_date': '#938886', 'shipper_address': '#EE0BCF', 'net_weight': '#DB25D6', 'consignee_name': '#3F9AC1', 'invoice_number': '#9BD555', 'awb_bill_no': '#217778', 'dimension': '#F5038B', 'O': '#2A9C5F', 'declared_value_of_carriage': '#580F37', 'final_destination': '#1DBB5A', 'awb_bill_issue_date': '#A78170', 'lc_no': '#1BF480', 'signed_by_agent': '#BA2A2A', 'flight_date': '#B31291', 'agent_address': '#0B0E9F', 'freight_collect_or_prepaid': '#FEF468', 'flight_details': '#C39C2E', 'notify_party_address': '#9A3747', 'shipper_name': '#E41EFB', 'signed_by_carrier': '#4C15AB', 'stamped_onboard_date': '#13B62A', 'awb_original_number': '#B8D844', 'flight_no': '#AB0129', 'freight_collected_at': '#7A6052', 'amount_insurance': '#1D7403', 'house_awb_bill_no': '#C72378', 'master_awb_bill_no': '#C4E1AA', 'airport_of_departure': '#8706BE', 'invoice_date': '#51E757', 'good_marks': '#5B21CE', 'place_of_receipt': '#BB14CE', 'agent_name': '#49B072', 'signed_by_master': '#25BD8B', 'airport_of_destination': '#6D7EE8', 'master_name': '#199AB2', 'notify_party_name': '#A0D65A'}
2024-03-14 01:41:22,288 is result_set is instance of dict? True
2024-03-14 01:41:22,290 is final_result_set is instance of dict? True
2024-03-14 01:41:22,675 Time taken for page 1 of Bill_Of_Landing_562_page_19.png:0:00:02.749763
2024-03-14 01:41:22,821 *****Generated All Pages****** for Bill_Of_Landing_562_page_19.png
2024-03-14 01:41:22,821 RAM memory 81.7 used for Bill_Of_Landing_562_page_19.png Generating All Pages:
2024-03-14 01:41:22,821 Processing time taken for all pages of Bill_Of_Landing_562_page_19.png1:0:00:02.896981
2024-03-14 01:41:22,930 file name is:Bill_Of_Landing_292_page_0.png
2024-03-14 01:41:22,930 folder path :Images
2024-03-14 01:41:22,930 Calling Image result
2024-03-14 01:41:22,930 is all_page_result is instance of dict? True
2024-03-14 01:41:22,941 STREAM b'IHDR' 16 13
2024-03-14 01:41:22,941 STREAM b'IDAT' 41 62739
2024-03-14 01:41:22,971 is words is instance of list? True
2024-03-14 01:41:22,971 is bboxes is instance of list? True
2024-03-14 01:41:22,971 is bounding_boxes is instance of list? True
2024-03-14 01:41:23,199 is input_id_chunks is instance of list? True
2024-03-14 01:41:23,199 is mask_chunks is instance of list? True
2024-03-14 01:41:23,199 is bbox_chunks is instance of list? True
2024-03-14 01:41:23,199 is image_chunks is instance of list? True
2024-03-14 01:41:23,200 is input_dict is instance of dict? True
2024-03-14 01:41:25,072 Model Called
2024-03-14 01:41:25,073 RAM memory 81.6 used for Bill_Of_Landing_292_page_0.png:
2024-03-14 01:41:25,073 is all_predictions is instance of list? True
2024-03-14 01:41:25,073 is all_boxes is instance of list? True
2024-03-14 01:41:25,073 is all_confidences is instance of list? True
2024-03-14 01:41:25,073 is all_text is instance of list? True
2024-03-14 01:41:25,073 is label2id is instance of dict? True
2024-03-14 01:41:25,073 is id2label is instance of dict? True
2024-03-14 01:41:25,074 is label2color is instance of dict? True
2024-03-14 01:41:25,074 label2color : {'lc_date': '#658DBD', 'stamp': '#475803', 'transaction_date': '#C9BB9F', 'carriage_condition': '#02E80D', 'carrier_address': '#D50095', 'gross_weight': '#5365E5', 'goods_description': '#789C92', 'gross_quantity': '#29F5AF', 'consignee_address': '#7A8E61', 'signature': '#B1B44C', 'awb_original_or_copy': '#228208', 'declared_value_of_custom': '#A98340', 'carrier_name': '#A092D4', 'at_place': '#E12A89', 'shipment_date': '#FD2B63', 'shipper_address': '#D43EA1', 'net_weight': '#C27038', 'consignee_name': '#38B7C2', 'invoice_number': '#936C64', 'awb_bill_no': '#2DB47A', 'dimension': '#4300CE', 'O': '#82D13D', 'declared_value_of_carriage': '#921642', 'final_destination': '#A1E5E3', 'awb_bill_issue_date': '#072E8C', 'lc_no': '#239B1C', 'signed_by_agent': '#9CCAE5', 'flight_date': '#A4311E', 'agent_address': '#058C19', 'freight_collect_or_prepaid': '#1DF494', 'flight_details': '#DF1003', 'notify_party_address': '#C4129F', 'shipper_name': '#553ED5', 'signed_by_carrier': '#FF884A', 'stamped_onboard_date': '#D36DE9', 'awb_original_number': '#98DAF9', 'flight_no': '#20196E', 'freight_collected_at': '#6A9066', 'amount_insurance': '#26D879', 'house_awb_bill_no': '#D0A70B', 'master_awb_bill_no': '#AE51CF', 'airport_of_departure': '#EF3F5E', 'invoice_date': '#E46F2D', 'good_marks': '#562346', 'place_of_receipt': '#81CB23', 'agent_name': '#00AB69', 'signed_by_master': '#F6364C', 'airport_of_destination': '#160FC9', 'master_name': '#4EDD0E', 'notify_party_name': '#3A7A30'}
2024-03-14 01:41:25,279 is result_set is instance of dict? True
2024-03-14 01:41:25,280 is final_result_set is instance of dict? True
2024-03-14 01:41:25,574 Time taken for page 1 of Bill_Of_Landing_292_page_0.png:0:00:02.633520
2024-03-14 01:41:25,706 *****Generated All Pages****** for Bill_Of_Landing_292_page_0.png
2024-03-14 01:41:25,706 RAM memory 81.8 used for Bill_Of_Landing_292_page_0.png Generating All Pages:
2024-03-14 01:41:25,706 Processing time taken for all pages of Bill_Of_Landing_292_page_0.png1:0:00:02.775883
2024-03-14 01:41:25,816 file name is:Bill_Of_Landing_521_page_4.png
2024-03-14 01:41:25,817 folder path :Images
2024-03-14 01:41:25,817 Calling Image result
2024-03-14 01:41:25,817 is all_page_result is instance of dict? True
2024-03-14 01:41:25,817 STREAM b'IHDR' 16 13
2024-03-14 01:41:25,817 STREAM b'IDAT' 41 65536
2024-03-14 01:41:25,844 is words is instance of list? True
2024-03-14 01:41:25,844 is bboxes is instance of list? True
2024-03-14 01:41:25,844 is bounding_boxes is instance of list? True
2024-03-14 01:41:26,044 is input_id_chunks is instance of list? True
2024-03-14 01:41:26,045 is mask_chunks is instance of list? True
2024-03-14 01:41:26,045 is bbox_chunks is instance of list? True
2024-03-14 01:41:26,045 is image_chunks is instance of list? True
2024-03-14 01:41:26,045 is input_dict is instance of dict? True
2024-03-14 01:41:27,882 Model Called
2024-03-14 01:41:27,882 RAM memory 81.7 used for Bill_Of_Landing_521_page_4.png:
2024-03-14 01:41:27,883 is all_predictions is instance of list? True
2024-03-14 01:41:27,883 is all_boxes is instance of list? True
2024-03-14 01:41:27,883 is all_confidences is instance of list? True
2024-03-14 01:41:27,883 is all_text is instance of list? True
2024-03-14 01:41:27,883 is label2id is instance of dict? True
2024-03-14 01:41:27,883 is id2label is instance of dict? True
2024-03-14 01:41:27,884 is label2color is instance of dict? True
2024-03-14 01:41:27,884 label2color : {'lc_date': '#027400', 'stamp': '#9D845F', 'transaction_date': '#FA85D3', 'carriage_condition': '#5A094E', 'carrier_address': '#DAA231', 'gross_weight': '#F436AF', 'goods_description': '#FCB1B3', 'gross_quantity': '#AA8F67', 'consignee_address': '#C8ECD1', 'signature': '#D87D2C', 'awb_original_or_copy': '#B4C133', 'declared_value_of_custom': '#236667', 'carrier_name': '#D65BB4', 'at_place': '#E6B4C7', 'shipment_date': '#D5C2CA', 'shipper_address': '#E9C968', 'net_weight': '#5ED35A', 'consignee_name': '#986460', 'invoice_number': '#B5A098', 'awb_bill_no': '#A1F453', 'dimension': '#9760A3', 'O': '#FDD21C', 'declared_value_of_carriage': '#192E31', 'final_destination': '#4DEB73', 'awb_bill_issue_date': '#10BD3D', 'lc_no': '#851CCF', 'signed_by_agent': '#6CFB6F', 'flight_date': '#7C996F', 'agent_address': '#52D7BE', 'freight_collect_or_prepaid': '#9DBABF', 'flight_details': '#7235C1', 'notify_party_address': '#AA1F52', 'shipper_name': '#72ACDB', 'signed_by_carrier': '#BEEEE4', 'stamped_onboard_date': '#748684', 'awb_original_number': '#4C66E4', 'flight_no': '#44E5AB', 'freight_collected_at': '#466D4E', 'amount_insurance': '#EFCB71', 'house_awb_bill_no': '#F74BD1', 'master_awb_bill_no': '#CFF9FF', 'airport_of_departure': '#DC8139', 'invoice_date': '#3BBE6E', 'good_marks': '#C3D4CC', 'place_of_receipt': '#67B881', 'agent_name': '#FCBB87', 'signed_by_master': '#A1FC88', 'airport_of_destination': '#2BFB87', 'master_name': '#CD1925', 'notify_party_name': '#B98437'}
2024-03-14 01:41:28,075 is result_set is instance of dict? True
2024-03-14 01:41:28,077 is final_result_set is instance of dict? True
2024-03-14 01:41:28,443 Time taken for page 1 of Bill_Of_Landing_521_page_4.png:0:00:02.625850
2024-03-14 01:41:28,580 *****Generated All Pages****** for Bill_Of_Landing_521_page_4.png
2024-03-14 01:41:28,580 RAM memory 81.8 used for Bill_Of_Landing_521_page_4.png Generating All Pages:
2024-03-14 01:41:28,580 Processing time taken for all pages of Bill_Of_Landing_521_page_4.png1:0:00:02.763335
2024-03-14 01:41:28,694 file name is:Bill_Of_Landing_471_page_0.png
2024-03-14 01:41:28,694 folder path :Images
2024-03-14 01:41:28,694 Calling Image result
2024-03-14 01:41:28,694 is all_page_result is instance of dict? True
2024-03-14 01:41:28,705 STREAM b'IHDR' 16 13
2024-03-14 01:41:28,705 STREAM b'IDAT' 41 65536
2024-03-14 01:41:28,736 is words is instance of list? True
2024-03-14 01:41:28,736 is bboxes is instance of list? True
2024-03-14 01:41:28,736 is bounding_boxes is instance of list? True
2024-03-14 01:41:28,945 is input_id_chunks is instance of list? True
2024-03-14 01:41:28,945 is mask_chunks is instance of list? True
2024-03-14 01:41:28,945 is bbox_chunks is instance of list? True
2024-03-14 01:41:28,945 is image_chunks is instance of list? True
2024-03-14 01:41:28,946 is input_dict is instance of dict? True
2024-03-14 01:41:31,755 Model Called
2024-03-14 01:41:31,755 RAM memory 88.8 used for Bill_Of_Landing_471_page_0.png:
2024-03-14 01:41:31,755 is all_predictions is instance of list? True
2024-03-14 01:41:31,755 is all_boxes is instance of list? True
2024-03-14 01:41:31,755 is all_confidences is instance of list? True
2024-03-14 01:41:31,755 is all_text is instance of list? True
2024-03-14 01:41:31,756 is label2id is instance of dict? True
2024-03-14 01:41:31,756 is id2label is instance of dict? True
2024-03-14 01:41:31,757 is label2color is instance of dict? True
2024-03-14 01:41:31,757 label2color : {'lc_date': '#0C1303', 'stamp': '#7EDB32', 'transaction_date': '#1EAAA2', 'carriage_condition': '#E10783', 'carrier_address': '#858A57', 'gross_weight': '#05A852', 'goods_description': '#E521AD', 'gross_quantity': '#ADD087', 'consignee_address': '#6719D7', 'signature': '#D4DB2F', 'awb_original_or_copy': '#41C967', 'declared_value_of_custom': '#A54CD9', 'carrier_name': '#5207CE', 'at_place': '#125754', 'shipment_date': '#3CFFC4', 'shipper_address': '#9F6A02', 'net_weight': '#97E7C8', 'consignee_name': '#65E460', 'invoice_number': '#F5225A', 'awb_bill_no': '#F6435D', 'dimension': '#5955C3', 'O': '#42DF7D', 'declared_value_of_carriage': '#3EA1DB', 'final_destination': '#9D0293', 'awb_bill_issue_date': '#E3F5A4', 'lc_no': '#D62E8C', 'signed_by_agent': '#009943', 'flight_date': '#90B96F', 'agent_address': '#C3C0DD', 'freight_collect_or_prepaid': '#66E842', 'flight_details': '#D5A0FD', 'notify_party_address': '#0E09C6', 'shipper_name': '#BEC1E8', 'signed_by_carrier': '#AAD554', 'stamped_onboard_date': '#AB1D23', 'awb_original_number': '#8D7BBF', 'flight_no': '#45B49A', 'freight_collected_at': '#C5D835', 'amount_insurance': '#CCD656', 'house_awb_bill_no': '#820AAF', 'master_awb_bill_no': '#D1D5B5', 'airport_of_departure': '#B43E82', 'invoice_date': '#90D4BD', 'good_marks': '#878D20', 'place_of_receipt': '#687181', 'agent_name': '#D191E1', 'signed_by_master': '#F7072D', 'airport_of_destination': '#CF3EBF', 'master_name': '#B2E35F', 'notify_party_name': '#D22DAC'}
2024-03-14 01:41:32,011 is result_set is instance of dict? True
2024-03-14 01:41:32,013 is final_result_set is instance of dict? True
2024-03-14 01:41:32,572 Time taken for page 1 of Bill_Of_Landing_471_page_0.png:0:00:03.866777
2024-03-14 01:41:32,730 *****Generated All Pages****** for Bill_Of_Landing_471_page_0.png
2024-03-14 01:41:32,730 RAM memory 89.1 used for Bill_Of_Landing_471_page_0.png Generating All Pages:
2024-03-14 01:41:32,730 Processing time taken for all pages of Bill_Of_Landing_471_page_0.png1:0:00:04.035981
2024-03-14 01:41:32,874 file name is:Bill_Of_Landing_739_page_0.png
2024-03-14 01:41:32,874 folder path :Images
2024-03-14 01:41:32,874 Calling Image result
2024-03-14 01:41:32,874 is all_page_result is instance of dict? True
2024-03-14 01:41:32,875 STREAM b'IHDR' 16 13
2024-03-14 01:41:32,875 STREAM b'IDAT' 41 65536
2024-03-14 01:41:32,905 is words is instance of list? True
2024-03-14 01:41:32,905 is bboxes is instance of list? True
2024-03-14 01:41:32,905 is bounding_boxes is instance of list? True
2024-03-14 01:41:33,114 is input_id_chunks is instance of list? True
2024-03-14 01:41:33,114 is mask_chunks is instance of list? True
2024-03-14 01:41:33,114 is bbox_chunks is instance of list? True
2024-03-14 01:41:33,114 is image_chunks is instance of list? True
2024-03-14 01:41:33,115 is input_dict is instance of dict? True
2024-03-14 01:41:34,983 Model Called
2024-03-14 01:41:34,984 RAM memory 81.7 used for Bill_Of_Landing_739_page_0.png:
2024-03-14 01:41:34,984 is all_predictions is instance of list? True
2024-03-14 01:41:34,984 is all_boxes is instance of list? True
2024-03-14 01:41:34,984 is all_confidences is instance of list? True
2024-03-14 01:41:34,984 is all_text is instance of list? True
2024-03-14 01:41:34,984 is label2id is instance of dict? True
2024-03-14 01:41:34,984 is id2label is instance of dict? True
2024-03-14 01:41:34,985 is label2color is instance of dict? True
2024-03-14 01:41:34,985 label2color : {'lc_date': '#FCA022', 'stamp': '#7DE4E4', 'transaction_date': '#4C06FE', 'carriage_condition': '#05839F', 'carrier_address': '#00322B', 'gross_weight': '#D124E1', 'goods_description': '#87884E', 'gross_quantity': '#36DA0E', 'consignee_address': '#73F9DA', 'signature': '#F9A165', 'awb_original_or_copy': '#7ACA08', 'declared_value_of_custom': '#2E1C17', 'carrier_name': '#B65735', 'at_place': '#99A68C', 'shipment_date': '#C161F0', 'shipper_address': '#AD9F01', 'net_weight': '#D7D38E', 'consignee_name': '#6ECEF4', 'invoice_number': '#5371D3', 'awb_bill_no': '#D38B49', 'dimension': '#B72AC9', 'O': '#1C899E', 'declared_value_of_carriage': '#628719', 'final_destination': '#439C0B', 'awb_bill_issue_date': '#B67DFA', 'lc_no': '#5511F0', 'signed_by_agent': '#5AE770', 'flight_date': '#4C7DF9', 'agent_address': '#13B1BA', 'freight_collect_or_prepaid': '#5EADD0', 'flight_details': '#F1BAF1', 'notify_party_address': '#991082', 'shipper_name': '#ED9C70', 'signed_by_carrier': '#87F869', 'stamped_onboard_date': '#430783', 'awb_original_number': '#D8E2FA', 'flight_no': '#F36E6A', 'freight_collected_at': '#8B9BBB', 'amount_insurance': '#20D39E', 'house_awb_bill_no': '#F89523', 'master_awb_bill_no': '#B39678', 'airport_of_departure': '#79A9D2', 'invoice_date': '#9DBDD1', 'good_marks': '#3DF055', 'place_of_receipt': '#1E0D51', 'agent_name': '#C904A0', 'signed_by_master': '#1ED26C', 'airport_of_destination': '#821196', 'master_name': '#3AE578', 'notify_party_name': '#6C675F'}
2024-03-14 01:41:35,195 is result_set is instance of dict? True
2024-03-14 01:41:35,197 is final_result_set is instance of dict? True
2024-03-14 01:41:35,634 Time taken for page 1 of Bill_Of_Landing_739_page_0.png:0:00:02.758604
2024-03-14 01:41:35,784 *****Generated All Pages****** for Bill_Of_Landing_739_page_0.png
2024-03-14 01:41:35,784 RAM memory 81.8 used for Bill_Of_Landing_739_page_0.png Generating All Pages:
2024-03-14 01:41:35,784 Processing time taken for all pages of Bill_Of_Landing_739_page_0.png1:0:00:02.909934
2024-03-14 01:41:35,896 file name is:Bill_Of_Landing_562_page_27.png
2024-03-14 01:41:35,897 folder path :Images
2024-03-14 01:41:35,897 Calling Image result
2024-03-14 01:41:35,897 is all_page_result is instance of dict? True
2024-03-14 01:41:35,897 STREAM b'IHDR' 16 13
2024-03-14 01:41:35,897 STREAM b'IDAT' 41 60831
2024-03-14 01:41:35,928 is words is instance of list? True
2024-03-14 01:41:35,928 is bboxes is instance of list? True
2024-03-14 01:41:35,928 is bounding_boxes is instance of list? True
2024-03-14 01:41:36,138 is input_id_chunks is instance of list? True
2024-03-14 01:41:36,138 is mask_chunks is instance of list? True
2024-03-14 01:41:36,138 is bbox_chunks is instance of list? True
2024-03-14 01:41:36,138 is image_chunks is instance of list? True
2024-03-14 01:41:36,139 is input_dict is instance of dict? True
2024-03-14 01:41:38,031 Model Called
2024-03-14 01:41:38,031 RAM memory 81.7 used for Bill_Of_Landing_562_page_27.png:
2024-03-14 01:41:38,031 is all_predictions is instance of list? True
2024-03-14 01:41:38,031 is all_boxes is instance of list? True
2024-03-14 01:41:38,031 is all_confidences is instance of list? True
2024-03-14 01:41:38,031 is all_text is instance of list? True
2024-03-14 01:41:38,031 is label2id is instance of dict? True
2024-03-14 01:41:38,032 is id2label is instance of dict? True
2024-03-14 01:41:38,032 is label2color is instance of dict? True
2024-03-14 01:41:38,032 label2color : {'lc_date': '#0BD64B', 'stamp': '#3EF0DF', 'transaction_date': '#6BBCFC', 'carriage_condition': '#1521F3', 'carrier_address': '#461B40', 'gross_weight': '#E332C9', 'goods_description': '#30BF6D', 'gross_quantity': '#F038BF', 'consignee_address': '#2078AA', 'signature': '#DBB62F', 'awb_original_or_copy': '#03547F', 'declared_value_of_custom': '#215C14', 'carrier_name': '#04A503', 'at_place': '#95E41B', 'shipment_date': '#8C4927', 'shipper_address': '#ABFC6F', 'net_weight': '#8F1AA9', 'consignee_name': '#567978', 'invoice_number': '#9B75D9', 'awb_bill_no': '#24DCB6', 'dimension': '#A100F0', 'O': '#DBF420', 'declared_value_of_carriage': '#14E527', 'final_destination': '#84A2E2', 'awb_bill_issue_date': '#44722C', 'lc_no': '#4D5FC0', 'signed_by_agent': '#95B15B', 'flight_date': '#53E818', 'agent_address': '#575A86', 'freight_collect_or_prepaid': '#9253D5', 'flight_details': '#FD3861', 'notify_party_address': '#3FBDD9', 'shipper_name': '#8874DC', 'signed_by_carrier': '#88413D', 'stamped_onboard_date': '#5BC7E5', 'awb_original_number': '#2E1F03', 'flight_no': '#7F6314', 'freight_collected_at': '#FBB16D', 'amount_insurance': '#80C508', 'house_awb_bill_no': '#3507AD', 'master_awb_bill_no': '#BBAB1A', 'airport_of_departure': '#4DD358', 'invoice_date': '#92C116', 'good_marks': '#640EA8', 'place_of_receipt': '#A5C1BB', 'agent_name': '#63F18D', 'signed_by_master': '#F364ED', 'airport_of_destination': '#2C8A4B', 'master_name': '#5C8602', 'notify_party_name': '#A93497'}
2024-03-14 01:41:38,262 is result_set is instance of dict? True
2024-03-14 01:41:38,263 is final_result_set is instance of dict? True
2024-03-14 01:41:38,555 Time taken for page 1 of Bill_Of_Landing_562_page_27.png:0:00:02.658031
2024-03-14 01:41:38,685 *****Generated All Pages****** for Bill_Of_Landing_562_page_27.png
2024-03-14 01:41:38,685 RAM memory 81.9 used for Bill_Of_Landing_562_page_27.png Generating All Pages:
2024-03-14 01:41:38,685 Processing time taken for all pages of Bill_Of_Landing_562_page_27.png1:0:00:02.788440
2024-03-14 01:41:38,805 file name is:Bill_Of_Landing_273_page_1.png
2024-03-14 01:41:38,806 folder path :Images
2024-03-14 01:41:38,806 Calling Image result
2024-03-14 01:41:38,806 is all_page_result is instance of dict? True
2024-03-14 01:41:38,806 STREAM b'IHDR' 16 13
2024-03-14 01:41:38,807 STREAM b'IDAT' 41 59161
2024-03-14 01:41:38,836 is words is instance of list? True
2024-03-14 01:41:38,836 is bboxes is instance of list? True
2024-03-14 01:41:38,836 is bounding_boxes is instance of list? True
2024-03-14 01:41:39,056 is input_id_chunks is instance of list? True
2024-03-14 01:41:39,056 is mask_chunks is instance of list? True
2024-03-14 01:41:39,057 is bbox_chunks is instance of list? True
2024-03-14 01:41:39,057 is image_chunks is instance of list? True
2024-03-14 01:41:39,057 is input_dict is instance of dict? True
2024-03-14 01:41:40,987 Model Called
2024-03-14 01:41:40,987 RAM memory 81.4 used for Bill_Of_Landing_273_page_1.png:
2024-03-14 01:41:40,987 is all_predictions is instance of list? True
2024-03-14 01:41:40,987 is all_boxes is instance of list? True
2024-03-14 01:41:40,987 is all_confidences is instance of list? True
2024-03-14 01:41:40,987 is all_text is instance of list? True
2024-03-14 01:41:40,988 is label2id is instance of dict? True
2024-03-14 01:41:40,988 is id2label is instance of dict? True
2024-03-14 01:41:40,989 is label2color is instance of dict? True
2024-03-14 01:41:40,989 label2color : {'lc_date': '#0EF3DF', 'stamp': '#41E2F0', 'transaction_date': '#EB01E5', 'carriage_condition': '#A20A5E', 'carrier_address': '#F9363F', 'gross_weight': '#B68427', 'goods_description': '#3BAAC8', 'gross_quantity': '#BB1E56', 'consignee_address': '#727208', 'signature': '#09988B', 'awb_original_or_copy': '#8E05EC', 'declared_value_of_custom': '#0B294D', 'carrier_name': '#379C80', 'at_place': '#BEE858', 'shipment_date': '#E09787', 'shipper_address': '#35205B', 'net_weight': '#A72C11', 'consignee_name': '#0AC7A1', 'invoice_number': '#BCFD2D', 'awb_bill_no': '#853B94', 'dimension': '#6EB876', 'O': '#05CC68', 'declared_value_of_carriage': '#C44693', 'final_destination': '#48C2DE', 'awb_bill_issue_date': '#D33072', 'lc_no': '#0B0930', 'signed_by_agent': '#61526D', 'flight_date': '#1A5A60', 'agent_address': '#24F7C0', 'freight_collect_or_prepaid': '#7F3E83', 'flight_details': '#0163A2', 'notify_party_address': '#67D429', 'shipper_name': '#F3B663', 'signed_by_carrier': '#308B5A', 'stamped_onboard_date': '#67ADD0', 'awb_original_number': '#75EB0E', 'flight_no': '#4A8B8A', 'freight_collected_at': '#BF0749', 'amount_insurance': '#620DA6', 'house_awb_bill_no': '#34B6B2', 'master_awb_bill_no': '#97CF4C', 'airport_of_departure': '#E77509', 'invoice_date': '#DC9369', 'good_marks': '#4A1593', 'place_of_receipt': '#53479E', 'agent_name': '#134CAC', 'signed_by_master': '#F41F48', 'airport_of_destination': '#4041FC', 'master_name': '#F05E02', 'notify_party_name': '#BDE4BB'}
2024-03-14 01:41:41,203 is result_set is instance of dict? True
2024-03-14 01:41:41,205 is final_result_set is instance of dict? True
2024-03-14 01:41:41,570 Time taken for page 1 of Bill_Of_Landing_273_page_1.png:0:00:02.763499
2024-03-14 01:41:41,721 *****Generated All Pages****** for Bill_Of_Landing_273_page_1.png
2024-03-14 01:41:41,721 RAM memory 81.4 used for Bill_Of_Landing_273_page_1.png Generating All Pages:
2024-03-14 01:41:41,721 Processing time taken for all pages of Bill_Of_Landing_273_page_1.png1:0:00:02.915285
2024-03-14 01:41:41,834 file name is:Bill_Of_Landing_585_page_0.png
2024-03-14 01:41:41,834 folder path :Images
2024-03-14 01:41:41,834 Calling Image result
2024-03-14 01:41:41,834 is all_page_result is instance of dict? True
2024-03-14 01:41:41,835 STREAM b'IHDR' 16 13
2024-03-14 01:41:41,835 STREAM b'IDAT' 41 65536
2024-03-14 01:41:41,864 is words is instance of list? True
2024-03-14 01:41:41,864 is bboxes is instance of list? True
2024-03-14 01:41:41,864 is bounding_boxes is instance of list? True
2024-03-14 01:41:42,086 is input_id_chunks is instance of list? True
2024-03-14 01:41:42,086 is mask_chunks is instance of list? True
2024-03-14 01:41:42,086 is bbox_chunks is instance of list? True
2024-03-14 01:41:42,086 is image_chunks is instance of list? True
2024-03-14 01:41:42,086 is input_dict is instance of dict? True
2024-03-14 01:41:43,971 Model Called
2024-03-14 01:41:43,971 RAM memory 81.6 used for Bill_Of_Landing_585_page_0.png:
2024-03-14 01:41:43,971 is all_predictions is instance of list? True
2024-03-14 01:41:43,971 is all_boxes is instance of list? True
2024-03-14 01:41:43,971 is all_confidences is instance of list? True
2024-03-14 01:41:43,971 is all_text is instance of list? True
2024-03-14 01:41:43,972 is label2id is instance of dict? True
2024-03-14 01:41:43,972 is id2label is instance of dict? True
2024-03-14 01:41:43,973 is label2color is instance of dict? True
2024-03-14 01:41:43,973 label2color : {'lc_date': '#0D4F38', 'stamp': '#552AA7', 'transaction_date': '#68EC02', 'carriage_condition': '#AA011C', 'carrier_address': '#958291', 'gross_weight': '#B53071', 'goods_description': '#6F3B92', 'gross_quantity': '#9E9C54', 'consignee_address': '#6100A0', 'signature': '#CB6059', 'awb_original_or_copy': '#8FF73D', 'declared_value_of_custom': '#BCB470', 'carrier_name': '#A65B95', 'at_place': '#E5F071', 'shipment_date': '#7DD976', 'shipper_address': '#B37EE3', 'net_weight': '#D46E74', 'consignee_name': '#F145F6', 'invoice_number': '#71462A', 'awb_bill_no': '#59458D', 'dimension': '#478723', 'O': '#56367C', 'declared_value_of_carriage': '#EFE11E', 'final_destination': '#6330B0', 'awb_bill_issue_date': '#BF8EE0', 'lc_no': '#B06A58', 'signed_by_agent': '#9769B8', 'flight_date': '#E6CB4B', 'agent_address': '#D1672B', 'freight_collect_or_prepaid': '#CBDBDA', 'flight_details': '#139B8C', 'notify_party_address': '#ABBDE4', 'shipper_name': '#5D3DE1', 'signed_by_carrier': '#E8BF4A', 'stamped_onboard_date': '#5BF028', 'awb_original_number': '#3E5F51', 'flight_no': '#3EE7D4', 'freight_collected_at': '#D52D1B', 'amount_insurance': '#F6CE10', 'house_awb_bill_no': '#0A65C0', 'master_awb_bill_no': '#BA0452', 'airport_of_departure': '#035291', 'invoice_date': '#2DB6A7', 'good_marks': '#F2A080', 'place_of_receipt': '#0B4E1F', 'agent_name': '#912543', 'signed_by_master': '#D566EC', 'airport_of_destination': '#2F8E85', 'master_name': '#C93B75', 'notify_party_name': '#125A93'}
2024-03-14 01:41:44,182 is result_set is instance of dict? True
2024-03-14 01:41:44,184 is final_result_set is instance of dict? True
2024-03-14 01:41:44,614 Time taken for page 1 of Bill_Of_Landing_585_page_0.png:0:00:02.778744
2024-03-14 01:41:44,755 *****Generated All Pages****** for Bill_Of_Landing_585_page_0.png
2024-03-14 01:41:44,755 RAM memory 81.8 used for Bill_Of_Landing_585_page_0.png Generating All Pages:
2024-03-14 01:41:44,755 Processing time taken for all pages of Bill_Of_Landing_585_page_0.png1:0:00:02.921138
2024-03-14 01:41:44,865 file name is:Bill_Of_Landing_424_page_3.png
2024-03-14 01:41:44,866 folder path :Images
2024-03-14 01:41:44,866 Calling Image result
2024-03-14 01:41:44,866 is all_page_result is instance of dict? True
2024-03-14 01:41:44,866 STREAM b'IHDR' 16 13
2024-03-14 01:41:44,866 STREAM b'IDAT' 41 65536
2024-03-14 01:41:44,897 is words is instance of list? True
2024-03-14 01:41:44,897 is bboxes is instance of list? True
2024-03-14 01:41:44,897 is bounding_boxes is instance of list? True
2024-03-14 01:41:45,099 is input_id_chunks is instance of list? True
2024-03-14 01:41:45,100 is mask_chunks is instance of list? True
2024-03-14 01:41:45,100 is bbox_chunks is instance of list? True
2024-03-14 01:41:45,100 is image_chunks is instance of list? True
2024-03-14 01:41:45,100 is input_dict is instance of dict? True
2024-03-14 01:41:47,048 Model Called
2024-03-14 01:41:47,049 RAM memory 81.6 used for Bill_Of_Landing_424_page_3.png:
2024-03-14 01:41:47,049 is all_predictions is instance of list? True
2024-03-14 01:41:47,049 is all_boxes is instance of list? True
2024-03-14 01:41:47,049 is all_confidences is instance of list? True
2024-03-14 01:41:47,049 is all_text is instance of list? True
2024-03-14 01:41:47,049 is label2id is instance of dict? True
2024-03-14 01:41:47,049 is id2label is instance of dict? True
2024-03-14 01:41:47,050 is label2color is instance of dict? True
2024-03-14 01:41:47,050 label2color : {'lc_date': '#B05AD6', 'stamp': '#DC95AE', 'transaction_date': '#3FDD10', 'carriage_condition': '#0C3347', 'carrier_address': '#ADF4BC', 'gross_weight': '#DC7D10', 'goods_description': '#7F75CA', 'gross_quantity': '#2C40E2', 'consignee_address': '#45DD49', 'signature': '#6471D2', 'awb_original_or_copy': '#2D6F51', 'declared_value_of_custom': '#A7BA25', 'carrier_name': '#116614', 'at_place': '#A94342', 'shipment_date': '#560014', 'shipper_address': '#0B5105', 'net_weight': '#A00CC1', 'consignee_name': '#A6C05C', 'invoice_number': '#A86191', 'awb_bill_no': '#47F6CB', 'dimension': '#7A775B', 'O': '#63FB99', 'declared_value_of_carriage': '#08315D', 'final_destination': '#F7ACA8', 'awb_bill_issue_date': '#07D16A', 'lc_no': '#468FE9', 'signed_by_agent': '#06F946', 'flight_date': '#509BB2', 'agent_address': '#E62E04', 'freight_collect_or_prepaid': '#5098B5', 'flight_details': '#12306B', 'notify_party_address': '#F9AB72', 'shipper_name': '#C63036', 'signed_by_carrier': '#459B12', 'stamped_onboard_date': '#12250A', 'awb_original_number': '#B12BD0', 'flight_no': '#1EB045', 'freight_collected_at': '#12641B', 'amount_insurance': '#C85631', 'house_awb_bill_no': '#25E454', 'master_awb_bill_no': '#B3512C', 'airport_of_departure': '#0C3088', 'invoice_date': '#B0C25C', 'good_marks': '#6897FE', 'place_of_receipt': '#B4933B', 'agent_name': '#9AB388', 'signed_by_master': '#2394C3', 'airport_of_destination': '#76FAA9', 'master_name': '#965DAD', 'notify_party_name': '#E5A468'}
2024-03-14 01:41:47,278 is result_set is instance of dict? True
2024-03-14 01:41:47,281 is final_result_set is instance of dict? True
2024-03-14 01:41:47,672 Time taken for page 1 of Bill_Of_Landing_424_page_3.png:0:00:02.805377
2024-03-14 01:41:47,809 *****Generated All Pages****** for Bill_Of_Landing_424_page_3.png
2024-03-14 01:41:47,809 RAM memory 81.8 used for Bill_Of_Landing_424_page_3.png Generating All Pages:
2024-03-14 01:41:47,809 Processing time taken for all pages of Bill_Of_Landing_424_page_3.png1:0:00:02.943519
2024-03-14 01:41:47,920 file name is:Bill_Of_Landing_234_page_0.png
2024-03-14 01:41:47,920 folder path :Images
2024-03-14 01:41:47,920 Calling Image result
2024-03-14 01:41:47,920 is all_page_result is instance of dict? True
2024-03-14 01:41:47,930 STREAM b'IHDR' 16 13
2024-03-14 01:41:47,931 STREAM b'IDAT' 41 65536
2024-03-14 01:41:47,964 is words is instance of list? True
2024-03-14 01:41:47,964 is bboxes is instance of list? True
2024-03-14 01:41:47,964 is bounding_boxes is instance of list? True
2024-03-14 01:41:48,209 is input_id_chunks is instance of list? True
2024-03-14 01:41:48,209 is mask_chunks is instance of list? True
2024-03-14 01:41:48,209 is bbox_chunks is instance of list? True
2024-03-14 01:41:48,209 is image_chunks is instance of list? True
2024-03-14 01:41:48,210 is input_dict is instance of dict? True
2024-03-14 01:41:50,081 Model Called
2024-03-14 01:41:50,081 RAM memory 81.8 used for Bill_Of_Landing_234_page_0.png:
2024-03-14 01:41:50,081 is all_predictions is instance of list? True
2024-03-14 01:41:50,081 is all_boxes is instance of list? True
2024-03-14 01:41:50,081 is all_confidences is instance of list? True
2024-03-14 01:41:50,081 is all_text is instance of list? True
2024-03-14 01:41:50,082 is label2id is instance of dict? True
2024-03-14 01:41:50,082 is id2label is instance of dict? True
2024-03-14 01:41:50,082 is label2color is instance of dict? True
2024-03-14 01:41:50,083 label2color : {'lc_date': '#25FDA3', 'stamp': '#34B4A6', 'transaction_date': '#8232C0', 'carriage_condition': '#4F4C59', 'carrier_address': '#43EF07', 'gross_weight': '#1E3AB0', 'goods_description': '#82629E', 'gross_quantity': '#33FAD0', 'consignee_address': '#E2B91C', 'signature': '#8ADD0B', 'awb_original_or_copy': '#7F3094', 'declared_value_of_custom': '#DA473C', 'carrier_name': '#248726', 'at_place': '#D6B2FC', 'shipment_date': '#B3A59A', 'shipper_address': '#D065F6', 'net_weight': '#162D9C', 'consignee_name': '#69F538', 'invoice_number': '#21744D', 'awb_bill_no': '#CBB23C', 'dimension': '#DB72EF', 'O': '#EFFA72', 'declared_value_of_carriage': '#2DFAEB', 'final_destination': '#5107A8', 'awb_bill_issue_date': '#B30DD6', 'lc_no': '#83A513', 'signed_by_agent': '#4DF408', 'flight_date': '#7671C6', 'agent_address': '#B415ED', 'freight_collect_or_prepaid': '#A7C746', 'flight_details': '#B88075', 'notify_party_address': '#A70CE7', 'shipper_name': '#B7C67A', 'signed_by_carrier': '#DE4849', 'stamped_onboard_date': '#DD158B', 'awb_original_number': '#9ACD19', 'flight_no': '#91418B', 'freight_collected_at': '#5ABCBE', 'amount_insurance': '#10A0AA', 'house_awb_bill_no': '#2131C0', 'master_awb_bill_no': '#3CACD0', 'airport_of_departure': '#396669', 'invoice_date': '#EA0269', 'good_marks': '#04BE56', 'place_of_receipt': '#57CE49', 'agent_name': '#940236', 'signed_by_master': '#B304B5', 'airport_of_destination': '#54DBCC', 'master_name': '#2387B7', 'notify_party_name': '#D17812'}
2024-03-14 01:41:50,281 is result_set is instance of dict? True
2024-03-14 01:41:50,282 is final_result_set is instance of dict? True
2024-03-14 01:41:50,568 Time taken for page 1 of Bill_Of_Landing_234_page_0.png:0:00:02.637732
2024-03-14 01:41:50,707 *****Generated All Pages****** for Bill_Of_Landing_234_page_0.png
2024-03-14 01:41:50,707 RAM memory 81.8 used for Bill_Of_Landing_234_page_0.png Generating All Pages:
2024-03-14 01:41:50,707 Processing time taken for all pages of Bill_Of_Landing_234_page_0.png1:0:00:02.786975
2024-03-14 01:41:50,817 file name is:Bill_Of_Landing_850_page_0.png
2024-03-14 01:41:50,817 folder path :Images
2024-03-14 01:41:50,817 Calling Image result
2024-03-14 01:41:50,817 is all_page_result is instance of dict? True
2024-03-14 01:41:50,818 STREAM b'IHDR' 16 13
2024-03-14 01:41:50,818 STREAM b'IDAT' 41 65536
2024-03-14 01:41:50,848 is words is instance of list? True
2024-03-14 01:41:50,848 is bboxes is instance of list? True
2024-03-14 01:41:50,849 is bounding_boxes is instance of list? True
2024-03-14 01:41:51,053 is input_id_chunks is instance of list? True
2024-03-14 01:41:51,053 is mask_chunks is instance of list? True
2024-03-14 01:41:51,053 is bbox_chunks is instance of list? True
2024-03-14 01:41:51,053 is image_chunks is instance of list? True
2024-03-14 01:41:51,054 is input_dict is instance of dict? True
2024-03-14 01:41:52,878 Model Called
2024-03-14 01:41:52,878 RAM memory 81.8 used for Bill_Of_Landing_850_page_0.png:
2024-03-14 01:41:52,878 is all_predictions is instance of list? True
2024-03-14 01:41:52,878 is all_boxes is instance of list? True
2024-03-14 01:41:52,878 is all_confidences is instance of list? True
2024-03-14 01:41:52,878 is all_text is instance of list? True
2024-03-14 01:41:52,879 is label2id is instance of dict? True
2024-03-14 01:41:52,879 is id2label is instance of dict? True
2024-03-14 01:41:52,880 is label2color is instance of dict? True
2024-03-14 01:41:52,880 label2color : {'lc_date': '#DD55B0', 'stamp': '#B83ED6', 'transaction_date': '#EC403A', 'carriage_condition': '#5CEAA7', 'carrier_address': '#44DBCC', 'gross_weight': '#9603C1', 'goods_description': '#68E2D4', 'gross_quantity': '#F647BC', 'consignee_address': '#A9C77D', 'signature': '#2A3572', 'awb_original_or_copy': '#4E5A27', 'declared_value_of_custom': '#3789FA', 'carrier_name': '#02F573', 'at_place': '#C0E0F3', 'shipment_date': '#F1F880', 'shipper_address': '#42B675', 'net_weight': '#B7191E', 'consignee_name': '#4871F4', 'invoice_number': '#8A7505', 'awb_bill_no': '#684B28', 'dimension': '#AE8DFC', 'O': '#8210BA', 'declared_value_of_carriage': '#B1E17D', 'final_destination': '#055253', 'awb_bill_issue_date': '#F9B8FF', 'lc_no': '#547A34', 'signed_by_agent': '#9BC3C2', 'flight_date': '#23AD4E', 'agent_address': '#9CF89B', 'freight_collect_or_prepaid': '#EE3FE6', 'flight_details': '#B2C62F', 'notify_party_address': '#F3D083', 'shipper_name': '#BB7959', 'signed_by_carrier': '#6EC007', 'stamped_onboard_date': '#A2490F', 'awb_original_number': '#1F786E', 'flight_no': '#4560B3', 'freight_collected_at': '#E14A96', 'amount_insurance': '#E7E4A9', 'house_awb_bill_no': '#382798', 'master_awb_bill_no': '#282CD3', 'airport_of_departure': '#056682', 'invoice_date': '#425EAF', 'good_marks': '#F05941', 'place_of_receipt': '#9C853D', 'agent_name': '#717DBE', 'signed_by_master': '#9667F3', 'airport_of_destination': '#E66F81', 'master_name': '#EAB86E', 'notify_party_name': '#E05B11'}
2024-03-14 01:41:53,083 is result_set is instance of dict? True
2024-03-14 01:41:53,084 is final_result_set is instance of dict? True
2024-03-14 01:41:53,346 Time taken for page 1 of Bill_Of_Landing_850_page_0.png:0:00:02.528506
2024-03-14 01:41:53,491 *****Generated All Pages****** for Bill_Of_Landing_850_page_0.png
2024-03-14 01:41:53,491 RAM memory 81.9 used for Bill_Of_Landing_850_page_0.png Generating All Pages:
2024-03-14 01:41:53,491 Processing time taken for all pages of Bill_Of_Landing_850_page_0.png1:0:00:02.674063
2024-03-14 01:41:53,600 file name is:Bill_Of_Landing_360_page_2.png
2024-03-14 01:41:53,600 folder path :Images
2024-03-14 01:41:53,600 Calling Image result
2024-03-14 01:41:53,600 is all_page_result is instance of dict? True
2024-03-14 01:41:53,601 STREAM b'IHDR' 16 13
2024-03-14 01:41:53,601 STREAM b'IDAT' 41 65536
2024-03-14 01:41:53,630 is words is instance of list? True
2024-03-14 01:41:53,630 is bboxes is instance of list? True
2024-03-14 01:41:53,630 is bounding_boxes is instance of list? True
2024-03-14 01:41:53,835 is input_id_chunks is instance of list? True
2024-03-14 01:41:53,835 is mask_chunks is instance of list? True
2024-03-14 01:41:53,835 is bbox_chunks is instance of list? True
2024-03-14 01:41:53,835 is image_chunks is instance of list? True
2024-03-14 01:41:53,835 is input_dict is instance of dict? True
2024-03-14 01:41:55,701 Model Called
2024-03-14 01:41:55,701 RAM memory 82.8 used for Bill_Of_Landing_360_page_2.png:
2024-03-14 01:41:55,701 is all_predictions is instance of list? True
2024-03-14 01:41:55,701 is all_boxes is instance of list? True
2024-03-14 01:41:55,701 is all_confidences is instance of list? True
2024-03-14 01:41:55,701 is all_text is instance of list? True
2024-03-14 01:41:55,702 is label2id is instance of dict? True
2024-03-14 01:41:55,702 is id2label is instance of dict? True
2024-03-14 01:41:55,703 is label2color is instance of dict? True
2024-03-14 01:41:55,703 label2color : {'lc_date': '#11F997', 'stamp': '#05323A', 'transaction_date': '#0DE83F', 'carriage_condition': '#A2429B', 'carrier_address': '#C99B33', 'gross_weight': '#794E96', 'goods_description': '#DC0EC6', 'gross_quantity': '#AAA964', 'consignee_address': '#0599AA', 'signature': '#41895B', 'awb_original_or_copy': '#E7100B', 'declared_value_of_custom': '#68DCD9', 'carrier_name': '#05A489', 'at_place': '#CADF9A', 'shipment_date': '#4BBBCE', 'shipper_address': '#962104', 'net_weight': '#133C60', 'consignee_name': '#EB26EE', 'invoice_number': '#78E53B', 'awb_bill_no': '#218A71', 'dimension': '#CA73A9', 'O': '#7BEB50', 'declared_value_of_carriage': '#594100', 'final_destination': '#501811', 'awb_bill_issue_date': '#1DA075', 'lc_no': '#4ECAB1', 'signed_by_agent': '#402272', 'flight_date': '#AEC93C', 'agent_address': '#E5AECC', 'freight_collect_or_prepaid': '#9CAD50', 'flight_details': '#9E1517', 'notify_party_address': '#900914', 'shipper_name': '#C650F6', 'signed_by_carrier': '#F97C87', 'stamped_onboard_date': '#68E84C', 'awb_original_number': '#CB0F50', 'flight_no': '#0870E7', 'freight_collected_at': '#04B6AD', 'amount_insurance': '#E5BD25', 'house_awb_bill_no': '#C05ECE', 'master_awb_bill_no': '#BAC4C8', 'airport_of_departure': '#A38167', 'invoice_date': '#BE4FBB', 'good_marks': '#C62932', 'place_of_receipt': '#025814', 'agent_name': '#399CA0', 'signed_by_master': '#28A543', 'airport_of_destination': '#CE9F75', 'master_name': '#6D0923', 'notify_party_name': '#072C97'}
2024-03-14 01:41:55,911 is result_set is instance of dict? True
2024-03-14 01:41:55,912 is final_result_set is instance of dict? True
2024-03-14 01:41:56,304 Time taken for page 1 of Bill_Of_Landing_360_page_2.png:0:00:02.703383
2024-03-14 01:41:56,450 *****Generated All Pages****** for Bill_Of_Landing_360_page_2.png
2024-03-14 01:41:56,450 RAM memory 82.8 used for Bill_Of_Landing_360_page_2.png Generating All Pages:
2024-03-14 01:41:56,450 Processing time taken for all pages of Bill_Of_Landing_360_page_2.png1:0:00:02.849791
2024-03-14 01:41:56,572 file name is:Bill_Of_Landing_357_page_1.png
2024-03-14 01:41:56,572 folder path :Images
2024-03-14 01:41:56,572 Calling Image result
2024-03-14 01:41:56,573 is all_page_result is instance of dict? True
2024-03-14 01:41:56,573 STREAM b'IHDR' 16 13
2024-03-14 01:41:56,573 STREAM b'IDAT' 41 65536
2024-03-14 01:41:56,600 is words is instance of list? True
2024-03-14 01:41:56,600 is bboxes is instance of list? True
2024-03-14 01:41:56,600 is bounding_boxes is instance of list? True
2024-03-14 01:41:56,802 is input_id_chunks is instance of list? True
2024-03-14 01:41:56,802 is mask_chunks is instance of list? True
2024-03-14 01:41:56,802 is bbox_chunks is instance of list? True
2024-03-14 01:41:56,802 is image_chunks is instance of list? True
2024-03-14 01:41:56,802 is input_dict is instance of dict? True
2024-03-14 01:41:58,655 Model Called
2024-03-14 01:41:58,655 RAM memory 81.7 used for Bill_Of_Landing_357_page_1.png:
2024-03-14 01:41:58,655 is all_predictions is instance of list? True
2024-03-14 01:41:58,655 is all_boxes is instance of list? True
2024-03-14 01:41:58,655 is all_confidences is instance of list? True
2024-03-14 01:41:58,655 is all_text is instance of list? True
2024-03-14 01:41:58,656 is label2id is instance of dict? True
2024-03-14 01:41:58,656 is id2label is instance of dict? True
2024-03-14 01:41:58,657 is label2color is instance of dict? True
2024-03-14 01:41:58,657 label2color : {'lc_date': '#D3E805', 'stamp': '#1F43D4', 'transaction_date': '#4FE7AD', 'carriage_condition': '#C673A3', 'carrier_address': '#04F32C', 'gross_weight': '#F5DBAA', 'goods_description': '#438250', 'gross_quantity': '#2976CC', 'consignee_address': '#BA273F', 'signature': '#4320AE', 'awb_original_or_copy': '#519AC4', 'declared_value_of_custom': '#330B95', 'carrier_name': '#370B2B', 'at_place': '#E060F4', 'shipment_date': '#FF2974', 'shipper_address': '#F4121F', 'net_weight': '#BC13C4', 'consignee_name': '#C46C3D', 'invoice_number': '#12808E', 'awb_bill_no': '#87DC00', 'dimension': '#29CA74', 'O': '#6ABCA3', 'declared_value_of_carriage': '#A7C94A', 'final_destination': '#D00865', 'awb_bill_issue_date': '#F9D253', 'lc_no': '#7C67F0', 'signed_by_agent': '#6C7BFA', 'flight_date': '#B556DF', 'agent_address': '#BD3635', 'freight_collect_or_prepaid': '#BC584F', 'flight_details': '#8C1973', 'notify_party_address': '#D81734', 'shipper_name': '#72E4FC', 'signed_by_carrier': '#3824A5', 'stamped_onboard_date': '#07657F', 'awb_original_number': '#0BE97D', 'flight_no': '#DC331A', 'freight_collected_at': '#1E6D6C', 'amount_insurance': '#CC1D7B', 'house_awb_bill_no': '#6F1314', 'master_awb_bill_no': '#0BD1FB', 'airport_of_departure': '#CFC0FD', 'invoice_date': '#8F474B', 'good_marks': '#444F70', 'place_of_receipt': '#534FDF', 'agent_name': '#72D7BF', 'signed_by_master': '#C6FA21', 'airport_of_destination': '#791EAE', 'master_name': '#FBAA5D', 'notify_party_name': '#844F3C'}
2024-03-14 01:41:58,869 is result_set is instance of dict? True
2024-03-14 01:41:58,870 is final_result_set is instance of dict? True
2024-03-14 01:41:59,171 Time taken for page 1 of Bill_Of_Landing_357_page_1.png:0:00:02.598023
2024-03-14 01:41:59,321 *****Generated All Pages****** for Bill_Of_Landing_357_page_1.png
2024-03-14 01:41:59,321 RAM memory 81.8 used for Bill_Of_Landing_357_page_1.png Generating All Pages:
2024-03-14 01:41:59,321 Processing time taken for all pages of Bill_Of_Landing_357_page_1.png1:0:00:02.748372
2024-03-14 01:41:59,429 file name is:Bill_Of_Landing_334_page_0.png
2024-03-14 01:41:59,430 folder path :Images
2024-03-14 01:41:59,430 Calling Image result
2024-03-14 01:41:59,430 is all_page_result is instance of dict? True
2024-03-14 01:41:59,440 STREAM b'IHDR' 16 13
2024-03-14 01:41:59,440 STREAM b'IDAT' 41 65536
2024-03-14 01:41:59,469 is words is instance of list? True
2024-03-14 01:41:59,469 is bboxes is instance of list? True
2024-03-14 01:41:59,469 is bounding_boxes is instance of list? True
2024-03-14 01:41:59,674 is input_id_chunks is instance of list? True
2024-03-14 01:41:59,675 is mask_chunks is instance of list? True
2024-03-14 01:41:59,675 is bbox_chunks is instance of list? True
2024-03-14 01:41:59,675 is image_chunks is instance of list? True
2024-03-14 01:41:59,675 is input_dict is instance of dict? True
2024-03-14 01:42:01,535 Model Called
2024-03-14 01:42:01,535 RAM memory 81.7 used for Bill_Of_Landing_334_page_0.png:
2024-03-14 01:42:01,535 is all_predictions is instance of list? True
2024-03-14 01:42:01,536 is all_boxes is instance of list? True
2024-03-14 01:42:01,536 is all_confidences is instance of list? True
2024-03-14 01:42:01,536 is all_text is instance of list? True
2024-03-14 01:42:01,536 is label2id is instance of dict? True
2024-03-14 01:42:01,536 is id2label is instance of dict? True
2024-03-14 01:42:01,537 is label2color is instance of dict? True
2024-03-14 01:42:01,537 label2color : {'lc_date': '#F9D662', 'stamp': '#10EEA8', 'transaction_date': '#CCB13B', 'carriage_condition': '#A5FFF9', 'carrier_address': '#20CD2C', 'gross_weight': '#BD2A2E', 'goods_description': '#BD9F71', 'gross_quantity': '#388B64', 'consignee_address': '#B88961', 'signature': '#4310A3', 'awb_original_or_copy': '#D8611C', 'declared_value_of_custom': '#FCAB04', 'carrier_name': '#68D929', 'at_place': '#0BC8BB', 'shipment_date': '#2FDCBE', 'shipper_address': '#1F69EA', 'net_weight': '#4B926C', 'consignee_name': '#1DEB69', 'invoice_number': '#CF2C0D', 'awb_bill_no': '#960D83', 'dimension': '#D8CD00', 'O': '#0D58AF', 'declared_value_of_carriage': '#7002A0', 'final_destination': '#EF88FC', 'awb_bill_issue_date': '#067C12', 'lc_no': '#985A21', 'signed_by_agent': '#B8C80B', 'flight_date': '#1BD5F1', 'agent_address': '#66CECE', 'freight_collect_or_prepaid': '#E6E761', 'flight_details': '#E0F6F3', 'notify_party_address': '#519BDD', 'shipper_name': '#E6311C', 'signed_by_carrier': '#13F2EB', 'stamped_onboard_date': '#0F0EA7', 'awb_original_number': '#C92BFE', 'flight_no': '#0DE74B', 'freight_collected_at': '#CC5FDC', 'amount_insurance': '#23BEA3', 'house_awb_bill_no': '#BB7A79', 'master_awb_bill_no': '#BEFBEE', 'airport_of_departure': '#B48260', 'invoice_date': '#47FB2C', 'good_marks': '#009678', 'place_of_receipt': '#7DC908', 'agent_name': '#7AF8CA', 'signed_by_master': '#9828E8', 'airport_of_destination': '#E276F7', 'master_name': '#574623', 'notify_party_name': '#F7EF8D'}
2024-03-14 01:42:01,736 is result_set is instance of dict? True
2024-03-14 01:42:01,738 is final_result_set is instance of dict? True
2024-03-14 01:42:02,302 Time taken for page 1 of Bill_Of_Landing_334_page_0.png:0:00:02.861248
2024-03-14 01:42:02,462 *****Generated All Pages****** for Bill_Of_Landing_334_page_0.png
2024-03-14 01:42:02,462 RAM memory 81.9 used for Bill_Of_Landing_334_page_0.png Generating All Pages:
2024-03-14 01:42:02,462 Processing time taken for all pages of Bill_Of_Landing_334_page_0.png1:0:00:03.032502
2024-03-14 01:42:02,571 file name is:Bill_Of_Landing_562_page_48.png
2024-03-14 01:42:02,571 folder path :Images
2024-03-14 01:42:02,571 Calling Image result
2024-03-14 01:42:02,571 is all_page_result is instance of dict? True
2024-03-14 01:42:02,572 STREAM b'IHDR' 16 13
2024-03-14 01:42:02,572 STREAM b'IDAT' 41 65536
2024-03-14 01:42:02,601 is words is instance of list? True
2024-03-14 01:42:02,601 is bboxes is instance of list? True
2024-03-14 01:42:02,601 is bounding_boxes is instance of list? True
2024-03-14 01:42:02,810 is input_id_chunks is instance of list? True
2024-03-14 01:42:02,810 is mask_chunks is instance of list? True
2024-03-14 01:42:02,811 is bbox_chunks is instance of list? True
2024-03-14 01:42:02,811 is image_chunks is instance of list? True
2024-03-14 01:42:02,811 is input_dict is instance of dict? True
2024-03-14 01:42:04,682 Model Called
2024-03-14 01:42:04,683 RAM memory 81.8 used for Bill_Of_Landing_562_page_48.png:
2024-03-14 01:42:04,683 is all_predictions is instance of list? True
2024-03-14 01:42:04,683 is all_boxes is instance of list? True
2024-03-14 01:42:04,683 is all_confidences is instance of list? True
2024-03-14 01:42:04,683 is all_text is instance of list? True
2024-03-14 01:42:04,683 is label2id is instance of dict? True
2024-03-14 01:42:04,683 is id2label is instance of dict? True
2024-03-14 01:42:04,684 is label2color is instance of dict? True
2024-03-14 01:42:04,684 label2color : {'lc_date': '#2FF038', 'stamp': '#483AC9', 'transaction_date': '#A87AC5', 'carriage_condition': '#057F14', 'carrier_address': '#6DC38D', 'gross_weight': '#0E7A29', 'goods_description': '#5A8832', 'gross_quantity': '#6E7B63', 'consignee_address': '#932F5A', 'signature': '#E08B6D', 'awb_original_or_copy': '#A4935F', 'declared_value_of_custom': '#2A506A', 'carrier_name': '#7F54B6', 'at_place': '#191DEC', 'shipment_date': '#B0DF1D', 'shipper_address': '#6FBE79', 'net_weight': '#E4B347', 'consignee_name': '#F5B33B', 'invoice_number': '#073216', 'awb_bill_no': '#A515C5', 'dimension': '#5E952A', 'O': '#B04C80', 'declared_value_of_carriage': '#7C3EF4', 'final_destination': '#38A1C4', 'awb_bill_issue_date': '#77BED1', 'lc_no': '#BB1A26', 'signed_by_agent': '#144181', 'flight_date': '#DCB2A3', 'agent_address': '#7EE3AE', 'freight_collect_or_prepaid': '#62218B', 'flight_details': '#A7F059', 'notify_party_address': '#0899EC', 'shipper_name': '#3249B8', 'signed_by_carrier': '#658C88', 'stamped_onboard_date': '#6A61C0', 'awb_original_number': '#04ED2B', 'flight_no': '#3A9F06', 'freight_collected_at': '#C0AD64', 'amount_insurance': '#7B1B53', 'house_awb_bill_no': '#E4183B', 'master_awb_bill_no': '#9BA948', 'airport_of_departure': '#CF385D', 'invoice_date': '#B00AB6', 'good_marks': '#0B9861', 'place_of_receipt': '#26F463', 'agent_name': '#658099', 'signed_by_master': '#484DC9', 'airport_of_destination': '#62980B', 'master_name': '#C18BD7', 'notify_party_name': '#135E57'}
2024-03-14 01:42:04,878 is result_set is instance of dict? True
2024-03-14 01:42:04,880 is final_result_set is instance of dict? True
2024-03-14 01:42:05,171 Time taken for page 1 of Bill_Of_Landing_562_page_48.png:0:00:02.598576
2024-03-14 01:42:05,302 *****Generated All Pages****** for Bill_Of_Landing_562_page_48.png
2024-03-14 01:42:05,302 RAM memory 81.8 used for Bill_Of_Landing_562_page_48.png Generating All Pages:
2024-03-14 01:42:05,302 Processing time taken for all pages of Bill_Of_Landing_562_page_48.png1:0:00:02.730373
