2024-03-14 11:12:38,036 checkpoint 1 => setting basis cofiguration for logging purposes
2024-03-14 11:12:38,037 start time: 2024-03-14 11:12:38.037908
2024-03-14 11:12:41,583 Falling back to TensorFlow client; we recommended you install the Cloud TPU client directly with pip install cloud-tpu-client.
2024-03-14 11:12:41,752 Creating converter from 7 to 5
2024-03-14 11:12:41,752 Creating converter from 5 to 7
2024-03-14 11:12:41,752 Creating converter from 7 to 5
2024-03-14 11:12:41,752 Creating converter from 5 to 7
2024-03-14 11:12:42,144 Starting new HTTPS connection (1): huggingface.co:443
2024-03-14 11:12:42,858 https://huggingface.co:443 "HEAD /microsoft/layoutlmv2-base-uncased/resolve/main/preprocessor_config.json HTTP/1.1" 200 0
2024-03-14 11:12:43,849 https://huggingface.co:443 "HEAD /microsoft/layoutlmv2-base-uncased/resolve/main/tokenizer_config.json HTTP/1.1" 404 0
2024-03-14 11:12:44,160 https://huggingface.co:443 "HEAD /microsoft/layoutlmv2-base-uncased/resolve/main/vocab.txt HTTP/1.1" 200 0
2024-03-14 11:12:44,209 RAM memory for Model loading used: 56.5
2024-03-14 11:12:44,209 cpu_utilization % for Model Loading:15.4
2024-03-14 11:12:44,209 memory_consumption in bytes for Loading Model:1157046272
2024-03-14 11:12:44,209 Loaded Model successfully
2024-03-14 11:12:44,209 file name is:Bill_Of_Landing_411_page_1.png
2024-03-14 11:12:44,209 folder path :Images
2024-03-14 11:12:44,209 Calling Image result
2024-03-14 11:12:44,209 is all_page_result is instance of dict? True
2024-03-14 11:12:44,213 STREAM b'IHDR' 16 13
2024-03-14 11:12:44,213 STREAM b'IDAT' 41 64281
2024-03-14 11:12:44,248 is words is instance of list? True
2024-03-14 11:12:44,248 is bboxes is instance of list? True
2024-03-14 11:12:44,248 is bounding_boxes is instance of list? True
2024-03-14 11:12:44,499 is input_id_chunks is instance of list? True
2024-03-14 11:12:44,499 is mask_chunks is instance of list? True
2024-03-14 11:12:44,499 is bbox_chunks is instance of list? True
2024-03-14 11:12:44,499 is image_chunks is instance of list? True
2024-03-14 11:12:44,500 is input_dict is instance of dict? True
2024-03-14 11:12:47,115 Model Called
2024-03-14 11:12:47,115 RAM memory 68.7 used for Bill_Of_Landing_411_page_1.png:
2024-03-14 11:12:47,115 is all_predictions is instance of list? True
2024-03-14 11:12:47,116 is all_boxes is instance of list? True
2024-03-14 11:12:47,116 is all_confidences is instance of list? True
2024-03-14 11:12:47,116 is all_text is instance of list? True
2024-03-14 11:12:47,116 is label2id is instance of dict? True
2024-03-14 11:12:47,116 is id2label is instance of dict? True
2024-03-14 11:12:47,117 is label2color is instance of dict? True
2024-03-14 11:12:47,117 label2color : {'lc_date': '#AC274C', 'stamp': '#E571C0', 'transaction_date': '#12AA86', 'carriage_condition': '#C9194C', 'carrier_address': '#4B592C', 'gross_weight': '#41F5C7', 'goods_description': '#D243DB', 'gross_quantity': '#9AE7C9', 'consignee_address': '#B6B0B6', 'signature': '#1A2499', 'awb_original_or_copy': '#E89786', 'declared_value_of_custom': '#0B3CE8', 'carrier_name': '#12B7D6', 'at_place': '#B9A604', 'shipment_date': '#4374BC', 'shipper_address': '#72A4C7', 'net_weight': '#77EDBB', 'consignee_name': '#EB2556', 'invoice_number': '#CAA224', 'awb_bill_no': '#CE14F6', 'dimension': '#847B05', 'O': '#9C40FD', 'declared_value_of_carriage': '#36BCF9', 'final_destination': '#C42A3B', 'awb_bill_issue_date': '#CA943D', 'lc_no': '#45BF0C', 'signed_by_agent': '#3B414A', 'flight_date': '#F821E0', 'agent_address': '#295A19', 'freight_collect_or_prepaid': '#1BB9A3', 'flight_details': '#2CC56A', 'notify_party_address': '#10D37A', 'shipper_name': '#1F6E1A', 'signed_by_carrier': '#7A4A98', 'stamped_onboard_date': '#1889CE', 'awb_original_number': '#7A8DAB', 'flight_no': '#873489', 'freight_collected_at': '#BFEE1E', 'amount_insurance': '#C3DED3', 'house_awb_bill_no': '#E7EE24', 'master_awb_bill_no': '#79D0E2', 'airport_of_departure': '#BCB2C7', 'invoice_date': '#B767F0', 'good_marks': '#E4532B', 'place_of_receipt': '#AD6C50', 'agent_name': '#E8D5D9', 'signed_by_master': '#B21693', 'airport_of_destination': '#0AE02C', 'master_name': '#B3B3FD', 'notify_party_name': '#8B98C0'}
2024-03-14 11:12:47,323 is result_set is instance of dict? True
2024-03-14 11:12:47,325 is final_result_set is instance of dict? True
2024-03-14 11:12:47,558 Time taken for page 1 of Bill_Of_Landing_411_page_1.png:0:00:03.344759
2024-03-14 11:12:47,703 *****Generated All Pages****** for Bill_Of_Landing_411_page_1.png
2024-03-14 11:12:47,703 RAM memory 68.5 used for Bill_Of_Landing_411_page_1.png Generating All Pages:
2024-03-14 11:12:47,703 Processing time taken for all pages of Bill_Of_Landing_411_page_1.png1:0:00:03.494141
2024-03-14 11:12:47,855 file name is:Bill_Of_Landing_774_page_4.png
2024-03-14 11:12:47,855 folder path :Images
2024-03-14 11:12:47,855 Calling Image result
2024-03-14 11:12:47,855 is all_page_result is instance of dict? True
2024-03-14 11:12:47,855 STREAM b'IHDR' 16 13
2024-03-14 11:12:47,855 STREAM b'IDAT' 41 65536
2024-03-14 11:12:47,920 is words is instance of list? True
2024-03-14 11:12:47,920 is bboxes is instance of list? True
2024-03-14 11:12:47,920 is bounding_boxes is instance of list? True
2024-03-14 11:12:48,448 is input_id_chunks is instance of list? True
2024-03-14 11:12:48,448 is mask_chunks is instance of list? True
2024-03-14 11:12:48,448 is bbox_chunks is instance of list? True
2024-03-14 11:12:48,448 is image_chunks is instance of list? True
2024-03-14 11:12:48,449 is input_dict is instance of dict? True
2024-03-14 11:12:50,898 Model Called
2024-03-14 11:12:50,898 RAM memory 68.5 used for Bill_Of_Landing_774_page_4.png:
2024-03-14 11:12:50,898 is all_predictions is instance of list? True
2024-03-14 11:12:50,898 is all_boxes is instance of list? True
2024-03-14 11:12:50,898 is all_confidences is instance of list? True
2024-03-14 11:12:50,898 is all_text is instance of list? True
2024-03-14 11:12:50,899 is label2id is instance of dict? True
2024-03-14 11:12:50,899 is id2label is instance of dict? True
2024-03-14 11:12:50,900 is label2color is instance of dict? True
2024-03-14 11:12:50,900 label2color : {'lc_date': '#C5F676', 'stamp': '#B1C65B', 'transaction_date': '#5029F2', 'carriage_condition': '#9C0518', 'carrier_address': '#B99DC2', 'gross_weight': '#40383A', 'goods_description': '#7CB2EC', 'gross_quantity': '#3A798C', 'consignee_address': '#5BEA1D', 'signature': '#43BEF7', 'awb_original_or_copy': '#0BD875', 'declared_value_of_custom': '#C37493', 'carrier_name': '#351162', 'at_place': '#F0DC68', 'shipment_date': '#4392EC', 'shipper_address': '#433C9B', 'net_weight': '#4A0592', 'consignee_name': '#224A0D', 'invoice_number': '#D6C81C', 'awb_bill_no': '#B54714', 'dimension': '#E8A798', 'O': '#69CD48', 'declared_value_of_carriage': '#899420', 'final_destination': '#0F9A29', 'awb_bill_issue_date': '#7F8F93', 'lc_no': '#A580BF', 'signed_by_agent': '#871B24', 'flight_date': '#961E10', 'agent_address': '#31238B', 'freight_collect_or_prepaid': '#A21C8D', 'flight_details': '#B33BD7', 'notify_party_address': '#5A57D8', 'shipper_name': '#E26ED7', 'signed_by_carrier': '#DFF651', 'stamped_onboard_date': '#77AB4C', 'awb_original_number': '#10033C', 'flight_no': '#38E95B', 'freight_collected_at': '#101832', 'amount_insurance': '#154B5B', 'house_awb_bill_no': '#A369B6', 'master_awb_bill_no': '#C7300F', 'airport_of_departure': '#0F2B8A', 'invoice_date': '#6C1C82', 'good_marks': '#055B6C', 'place_of_receipt': '#500962', 'agent_name': '#2064EF', 'signed_by_master': '#996478', 'airport_of_destination': '#7BFBE8', 'master_name': '#A076FB', 'notify_party_name': '#8F8D2B'}
2024-03-14 11:12:51,348 is result_set is instance of dict? True
2024-03-14 11:12:51,350 is final_result_set is instance of dict? True
2024-03-14 11:12:51,683 Time taken for page 1 of Bill_Of_Landing_774_page_4.png:0:00:03.827572
2024-03-14 11:12:51,985 *****Generated All Pages****** for Bill_Of_Landing_774_page_4.png
2024-03-14 11:12:51,986 RAM memory 68.2 used for Bill_Of_Landing_774_page_4.png Generating All Pages:
2024-03-14 11:12:51,986 Processing time taken for all pages of Bill_Of_Landing_774_page_4.png1:0:00:04.130663
2024-03-14 11:12:52,126 file name is:Bill_Of_Landing_530_page_1.png
2024-03-14 11:12:52,126 folder path :Images
2024-03-14 11:12:52,127 Calling Image result
2024-03-14 11:12:52,127 is all_page_result is instance of dict? True
2024-03-14 11:12:52,127 STREAM b'IHDR' 16 13
2024-03-14 11:12:52,127 STREAM b'IDAT' 41 23120
2024-03-14 11:12:52,138 is words is instance of list? True
2024-03-14 11:12:52,138 is bboxes is instance of list? True
2024-03-14 11:12:52,138 is bounding_boxes is instance of list? True
2024-03-14 11:12:52,223 is input_id_chunks is instance of list? True
2024-03-14 11:12:52,224 is mask_chunks is instance of list? True
2024-03-14 11:12:52,224 is bbox_chunks is instance of list? True
2024-03-14 11:12:52,224 is image_chunks is instance of list? True
2024-03-14 11:12:52,224 is input_dict is instance of dict? True
2024-03-14 11:12:54,542 Model Called
2024-03-14 11:12:54,543 RAM memory 67.5 used for Bill_Of_Landing_530_page_1.png:
2024-03-14 11:12:54,543 is all_predictions is instance of list? True
2024-03-14 11:12:54,543 is all_boxes is instance of list? True
2024-03-14 11:12:54,543 is all_confidences is instance of list? True
2024-03-14 11:12:54,543 is all_text is instance of list? True
2024-03-14 11:12:54,543 is label2id is instance of dict? True
2024-03-14 11:12:54,543 is id2label is instance of dict? True
2024-03-14 11:12:54,544 is label2color is instance of dict? True
2024-03-14 11:12:54,544 label2color : {'lc_date': '#C73CD7', 'stamp': '#81520A', 'transaction_date': '#3C1B74', 'carriage_condition': '#9C13E9', 'carrier_address': '#B9C6C1', 'gross_weight': '#C6B40D', 'goods_description': '#209A9E', 'gross_quantity': '#C88E30', 'consignee_address': '#54B2FC', 'signature': '#533D01', 'awb_original_or_copy': '#12889B', 'declared_value_of_custom': '#694138', 'carrier_name': '#570409', 'at_place': '#B48F13', 'shipment_date': '#EA0061', 'shipper_address': '#66294F', 'net_weight': '#3D1DE3', 'consignee_name': '#58431D', 'invoice_number': '#26026E', 'awb_bill_no': '#6BEB06', 'dimension': '#824C17', 'O': '#D47C1F', 'declared_value_of_carriage': '#8A1BC3', 'final_destination': '#CD78B7', 'awb_bill_issue_date': '#A4EBB5', 'lc_no': '#FC3178', 'signed_by_agent': '#DB307C', 'flight_date': '#7666DB', 'agent_address': '#3246AE', 'freight_collect_or_prepaid': '#F5A8B8', 'flight_details': '#7CD119', 'notify_party_address': '#8AD1B1', 'shipper_name': '#93519E', 'signed_by_carrier': '#0EB01F', 'stamped_onboard_date': '#7C844D', 'awb_original_number': '#D43415', 'flight_no': '#D0BC99', 'freight_collected_at': '#87BB28', 'amount_insurance': '#A075D8', 'house_awb_bill_no': '#96BEAD', 'master_awb_bill_no': '#BEBA14', 'airport_of_departure': '#50A79E', 'invoice_date': '#0380C8', 'good_marks': '#0CB540', 'place_of_receipt': '#787EAE', 'agent_name': '#EBF27C', 'signed_by_master': '#267BD7', 'airport_of_destination': '#8B29FD', 'master_name': '#99D4CB', 'notify_party_name': '#B86F18'}
2024-03-14 11:12:54,606 is result_set is instance of dict? True
2024-03-14 11:12:54,608 is final_result_set is instance of dict? True
2024-03-14 11:12:54,888 Time taken for page 1 of Bill_Of_Landing_530_page_1.png:0:00:02.760443
2024-03-14 11:12:54,946 *****Generated All Pages****** for Bill_Of_Landing_530_page_1.png
2024-03-14 11:12:54,947 RAM memory 67.4 used for Bill_Of_Landing_530_page_1.png Generating All Pages:
2024-03-14 11:12:54,947 Processing time taken for all pages of Bill_Of_Landing_530_page_1.png1:0:00:02.820121
2024-03-14 11:12:55,094 file name is:Bill_Of_Landing_562_page_1.png
2024-03-14 11:12:55,094 folder path :Images
2024-03-14 11:12:55,094 Calling Image result
2024-03-14 11:12:55,094 is all_page_result is instance of dict? True
2024-03-14 11:12:55,094 STREAM b'IHDR' 16 13
2024-03-14 11:12:55,094 STREAM b'IDAT' 41 59485
2024-03-14 11:12:55,126 is words is instance of list? True
2024-03-14 11:12:55,126 is bboxes is instance of list? True
2024-03-14 11:12:55,126 is bounding_boxes is instance of list? True
2024-03-14 11:12:55,336 is input_id_chunks is instance of list? True
2024-03-14 11:12:55,336 is mask_chunks is instance of list? True
2024-03-14 11:12:55,336 is bbox_chunks is instance of list? True
2024-03-14 11:12:55,336 is image_chunks is instance of list? True
2024-03-14 11:12:55,337 is input_dict is instance of dict? True
2024-03-14 11:12:57,685 Model Called
2024-03-14 11:12:57,686 RAM memory 68.1 used for Bill_Of_Landing_562_page_1.png:
2024-03-14 11:12:57,686 is all_predictions is instance of list? True
2024-03-14 11:12:57,686 is all_boxes is instance of list? True
2024-03-14 11:12:57,686 is all_confidences is instance of list? True
2024-03-14 11:12:57,686 is all_text is instance of list? True
2024-03-14 11:12:57,686 is label2id is instance of dict? True
2024-03-14 11:12:57,686 is id2label is instance of dict? True
2024-03-14 11:12:57,687 is label2color is instance of dict? True
2024-03-14 11:12:57,688 label2color : {'lc_date': '#06DFCF', 'stamp': '#FACE08', 'transaction_date': '#C0152A', 'carriage_condition': '#775631', 'carrier_address': '#08401B', 'gross_weight': '#93B102', 'goods_description': '#949A3C', 'gross_quantity': '#38FB9B', 'consignee_address': '#7C6B99', 'signature': '#81DF02', 'awb_original_or_copy': '#C6FB36', 'declared_value_of_custom': '#5CE48E', 'carrier_name': '#C64FA9', 'at_place': '#37FE77', 'shipment_date': '#880BF1', 'shipper_address': '#D55C0F', 'net_weight': '#CC2A60', 'consignee_name': '#F9086A', 'invoice_number': '#69F026', 'awb_bill_no': '#65D32C', 'dimension': '#3DED5D', 'O': '#31009A', 'declared_value_of_carriage': '#277A57', 'final_destination': '#72AAA9', 'awb_bill_issue_date': '#C077C1', 'lc_no': '#8BF3FA', 'signed_by_agent': '#95CE11', 'flight_date': '#DB14CA', 'agent_address': '#7FCC78', 'freight_collect_or_prepaid': '#5EA1DE', 'flight_details': '#6EF466', 'notify_party_address': '#FB36B8', 'shipper_name': '#59C3E1', 'signed_by_carrier': '#6D56D6', 'stamped_onboard_date': '#CCE0E0', 'awb_original_number': '#CF4F00', 'flight_no': '#172DD8', 'freight_collected_at': '#757215', 'amount_insurance': '#B661C9', 'house_awb_bill_no': '#90BD5B', 'master_awb_bill_no': '#182576', 'airport_of_departure': '#A178DF', 'invoice_date': '#7B4AA9', 'good_marks': '#5C26D0', 'place_of_receipt': '#64EF08', 'agent_name': '#AD5D02', 'signed_by_master': '#7CB5DD', 'airport_of_destination': '#B10740', 'master_name': '#1CDB55', 'notify_party_name': '#AD252A'}
2024-03-14 11:12:57,874 is result_set is instance of dict? True
2024-03-14 11:12:57,875 is final_result_set is instance of dict? True
2024-03-14 11:12:58,101 Time taken for page 1 of Bill_Of_Landing_562_page_1.png:0:00:03.006509
2024-03-14 11:12:58,242 *****Generated All Pages****** for Bill_Of_Landing_562_page_1.png
2024-03-14 11:12:58,243 RAM memory 68.1 used for Bill_Of_Landing_562_page_1.png Generating All Pages:
2024-03-14 11:12:58,243 Processing time taken for all pages of Bill_Of_Landing_562_page_1.png1:0:00:03.148839
2024-03-14 11:12:58,382 file name is:Bill_Of_Landing_679_page_0.png
2024-03-14 11:12:58,382 folder path :Images
2024-03-14 11:12:58,382 Calling Image result
2024-03-14 11:12:58,382 is all_page_result is instance of dict? True
2024-03-14 11:12:58,382 STREAM b'IHDR' 16 13
2024-03-14 11:12:58,382 STREAM b'IDAT' 41 65536
2024-03-14 11:12:58,458 is words is instance of list? True
2024-03-14 11:12:58,459 is bboxes is instance of list? True
2024-03-14 11:12:58,459 is bounding_boxes is instance of list? True
2024-03-14 11:12:59,018 is input_id_chunks is instance of list? True
2024-03-14 11:12:59,018 is mask_chunks is instance of list? True
2024-03-14 11:12:59,018 is bbox_chunks is instance of list? True
2024-03-14 11:12:59,018 is image_chunks is instance of list? True
2024-03-14 11:12:59,019 is input_dict is instance of dict? True
2024-03-14 11:13:01,435 Model Called
2024-03-14 11:13:01,436 RAM memory 69.3 used for Bill_Of_Landing_679_page_0.png:
2024-03-14 11:13:01,437 is all_predictions is instance of list? True
2024-03-14 11:13:01,437 is all_boxes is instance of list? True
2024-03-14 11:13:01,437 is all_confidences is instance of list? True
2024-03-14 11:13:01,437 is all_text is instance of list? True
2024-03-14 11:13:01,437 is label2id is instance of dict? True
2024-03-14 11:13:01,437 is id2label is instance of dict? True
2024-03-14 11:13:01,439 is label2color is instance of dict? True
2024-03-14 11:13:01,439 label2color : {'lc_date': '#42A3DB', 'stamp': '#F01E09', 'transaction_date': '#51E813', 'carriage_condition': '#18CEA6', 'carrier_address': '#F45FC4', 'gross_weight': '#563B0E', 'goods_description': '#C1B3B7', 'gross_quantity': '#BC7FCA', 'consignee_address': '#88B382', 'signature': '#8903A2', 'awb_original_or_copy': '#E2E7DE', 'declared_value_of_custom': '#35C00A', 'carrier_name': '#17ACB5', 'at_place': '#57833B', 'shipment_date': '#0BFCFC', 'shipper_address': '#6EB34C', 'net_weight': '#682D2E', 'consignee_name': '#35F96B', 'invoice_number': '#E0A8D1', 'awb_bill_no': '#9DD3D2', 'dimension': '#3FD60C', 'O': '#FF60D2', 'declared_value_of_carriage': '#271D82', 'final_destination': '#7E0273', 'awb_bill_issue_date': '#2FAA6B', 'lc_no': '#3CA9CC', 'signed_by_agent': '#902A12', 'flight_date': '#64AE8D', 'agent_address': '#3C24AF', 'freight_collect_or_prepaid': '#C5C419', 'flight_details': '#BF8811', 'notify_party_address': '#B4BADA', 'shipper_name': '#55A2B9', 'signed_by_carrier': '#4E5476', 'stamped_onboard_date': '#4822FA', 'awb_original_number': '#999EE5', 'flight_no': '#95E4D0', 'freight_collected_at': '#A1BB03', 'amount_insurance': '#E95438', 'house_awb_bill_no': '#EF9562', 'master_awb_bill_no': '#73BEFA', 'airport_of_departure': '#61B66A', 'invoice_date': '#5661D9', 'good_marks': '#F10737', 'place_of_receipt': '#AAAA36', 'agent_name': '#9296A5', 'signed_by_master': '#FE4BE5', 'airport_of_destination': '#0892DA', 'master_name': '#EAD4F4', 'notify_party_name': '#43DB13'}
2024-03-14 11:13:02,058 is result_set is instance of dict? True
2024-03-14 11:13:02,061 is final_result_set is instance of dict? True
2024-03-14 11:13:02,393 Time taken for page 1 of Bill_Of_Landing_679_page_0.png:0:00:04.010590
2024-03-14 11:13:02,797 *****Generated All Pages****** for Bill_Of_Landing_679_page_0.png
2024-03-14 11:13:02,798 RAM memory 70.1 used for Bill_Of_Landing_679_page_0.png Generating All Pages:
2024-03-14 11:13:02,798 Processing time taken for all pages of Bill_Of_Landing_679_page_0.png1:0:00:04.416491
2024-03-14 11:13:02,945 file name is:Bill_Of_Landing_784_page_0.png
2024-03-14 11:13:02,945 folder path :Images
2024-03-14 11:13:02,945 Calling Image result
2024-03-14 11:13:02,945 is all_page_result is instance of dict? True
2024-03-14 11:13:02,946 STREAM b'IHDR' 16 13
2024-03-14 11:13:02,946 STREAM b'IDAT' 41 65536
2024-03-14 11:13:02,992 is words is instance of list? True
2024-03-14 11:13:02,992 is bboxes is instance of list? True
2024-03-14 11:13:02,992 is bounding_boxes is instance of list? True
2024-03-14 11:13:03,275 is input_id_chunks is instance of list? True
2024-03-14 11:13:03,275 is mask_chunks is instance of list? True
2024-03-14 11:13:03,275 is bbox_chunks is instance of list? True
2024-03-14 11:13:03,275 is image_chunks is instance of list? True
2024-03-14 11:13:03,276 is input_dict is instance of dict? True
2024-03-14 11:13:05,808 Model Called
2024-03-14 11:13:05,809 RAM memory 68.2 used for Bill_Of_Landing_784_page_0.png:
2024-03-14 11:13:05,809 is all_predictions is instance of list? True
2024-03-14 11:13:05,809 is all_boxes is instance of list? True
2024-03-14 11:13:05,809 is all_confidences is instance of list? True
2024-03-14 11:13:05,809 is all_text is instance of list? True
2024-03-14 11:13:05,810 is label2id is instance of dict? True
2024-03-14 11:13:05,810 is id2label is instance of dict? True
2024-03-14 11:13:05,811 is label2color is instance of dict? True
2024-03-14 11:13:05,812 label2color : {'lc_date': '#F3CC18', 'stamp': '#718B90', 'transaction_date': '#B2242C', 'carriage_condition': '#5D1F0A', 'carrier_address': '#8C5A27', 'gross_weight': '#8CB796', 'goods_description': '#AF9AFA', 'gross_quantity': '#3B7AB9', 'consignee_address': '#E5B896', 'signature': '#01A3AB', 'awb_original_or_copy': '#C1F1DB', 'declared_value_of_custom': '#42E0FD', 'carrier_name': '#95380E', 'at_place': '#A7FD82', 'shipment_date': '#0A16B3', 'shipper_address': '#A34006', 'net_weight': '#FE3A00', 'consignee_name': '#7F9654', 'invoice_number': '#450C45', 'awb_bill_no': '#BAA83D', 'dimension': '#468AEE', 'O': '#97F1A1', 'declared_value_of_carriage': '#316155', 'final_destination': '#1CA044', 'awb_bill_issue_date': '#4E8D0F', 'lc_no': '#33710A', 'signed_by_agent': '#36B4EB', 'flight_date': '#CC0A81', 'agent_address': '#266A2E', 'freight_collect_or_prepaid': '#DB2C65', 'flight_details': '#60F8E3', 'notify_party_address': '#F00091', 'shipper_name': '#AEAB75', 'signed_by_carrier': '#1F2E5C', 'stamped_onboard_date': '#B859AA', 'awb_original_number': '#4A4A03', 'flight_no': '#89B136', 'freight_collected_at': '#573504', 'amount_insurance': '#27629C', 'house_awb_bill_no': '#A9D58B', 'master_awb_bill_no': '#E9CF3B', 'airport_of_departure': '#33DE19', 'invoice_date': '#5206A2', 'good_marks': '#61EB0D', 'place_of_receipt': '#5705B5', 'agent_name': '#9AB0E3', 'signed_by_master': '#4C7919', 'airport_of_destination': '#59CDBD', 'master_name': '#5EB580', 'notify_party_name': '#B9393B'}
2024-03-14 11:13:06,114 is result_set is instance of dict? True
2024-03-14 11:13:06,115 is final_result_set is instance of dict? True
2024-03-14 11:13:06,364 Time taken for page 1 of Bill_Of_Landing_784_page_0.png:0:00:03.418466
2024-03-14 11:13:06,539 *****Generated All Pages****** for Bill_Of_Landing_784_page_0.png
2024-03-14 11:13:06,539 RAM memory 68.6 used for Bill_Of_Landing_784_page_0.png Generating All Pages:
2024-03-14 11:13:06,539 Processing time taken for all pages of Bill_Of_Landing_784_page_0.png1:0:00:03.593971
2024-03-14 11:13:06,698 file name is:Bill_Of_Landing_562_page_13.png
2024-03-14 11:13:06,698 folder path :Images
2024-03-14 11:13:06,698 Calling Image result
2024-03-14 11:13:06,698 is all_page_result is instance of dict? True
2024-03-14 11:13:06,699 STREAM b'IHDR' 16 13
2024-03-14 11:13:06,699 STREAM b'IDAT' 41 65536
2024-03-14 11:13:06,747 is words is instance of list? True
2024-03-14 11:13:06,747 is bboxes is instance of list? True
2024-03-14 11:13:06,747 is bounding_boxes is instance of list? True
2024-03-14 11:13:06,967 is input_id_chunks is instance of list? True
2024-03-14 11:13:06,967 is mask_chunks is instance of list? True
2024-03-14 11:13:06,967 is bbox_chunks is instance of list? True
2024-03-14 11:13:06,967 is image_chunks is instance of list? True
2024-03-14 11:13:06,967 is input_dict is instance of dict? True
2024-03-14 11:13:09,601 Model Called
2024-03-14 11:13:09,602 RAM memory 69.0 used for Bill_Of_Landing_562_page_13.png:
2024-03-14 11:13:09,603 is all_predictions is instance of list? True
2024-03-14 11:13:09,603 is all_boxes is instance of list? True
2024-03-14 11:13:09,605 is all_confidences is instance of list? True
2024-03-14 11:13:09,605 is all_text is instance of list? True
2024-03-14 11:13:09,606 is label2id is instance of dict? True
2024-03-14 11:13:09,606 is id2label is instance of dict? True
2024-03-14 11:13:09,609 is label2color is instance of dict? True
2024-03-14 11:13:09,609 label2color : {'lc_date': '#28D76A', 'stamp': '#FC8EC9', 'transaction_date': '#2917D3', 'carriage_condition': '#BD4069', 'carrier_address': '#7630C0', 'gross_weight': '#94B56B', 'goods_description': '#0F4F5B', 'gross_quantity': '#F90CAF', 'consignee_address': '#1F988B', 'signature': '#47FC0D', 'awb_original_or_copy': '#8B1F3B', 'declared_value_of_custom': '#9D3150', 'carrier_name': '#4BBD84', 'at_place': '#B1AB2D', 'shipment_date': '#44476F', 'shipper_address': '#ADCDF9', 'net_weight': '#0A106A', 'consignee_name': '#48B164', 'invoice_number': '#5D2372', 'awb_bill_no': '#1C01CE', 'dimension': '#F73134', 'O': '#64B879', 'declared_value_of_carriage': '#5295AD', 'final_destination': '#481A55', 'awb_bill_issue_date': '#7FEC91', 'lc_no': '#D38764', 'signed_by_agent': '#7A4660', 'flight_date': '#2E8FE1', 'agent_address': '#8B6426', 'freight_collect_or_prepaid': '#CD4C3C', 'flight_details': '#267FD6', 'notify_party_address': '#0BCD3F', 'shipper_name': '#1F57DA', 'signed_by_carrier': '#AD88ED', 'stamped_onboard_date': '#193990', 'awb_original_number': '#DEDE21', 'flight_no': '#CE7ECD', 'freight_collected_at': '#79D440', 'amount_insurance': '#A87F88', 'house_awb_bill_no': '#5F5041', 'master_awb_bill_no': '#098D48', 'airport_of_departure': '#F72D12', 'invoice_date': '#A03B1E', 'good_marks': '#2AC506', 'place_of_receipt': '#D9FD03', 'agent_name': '#9C771E', 'signed_by_master': '#5CEB52', 'airport_of_destination': '#F68962', 'master_name': '#9BD381', 'notify_party_name': '#22C83B'}
2024-03-14 11:13:09,894 is result_set is instance of dict? True
2024-03-14 11:13:09,895 is final_result_set is instance of dict? True
2024-03-14 11:13:10,202 Time taken for page 1 of Bill_Of_Landing_562_page_13.png:0:00:03.502790
2024-03-14 11:13:10,395 *****Generated All Pages****** for Bill_Of_Landing_562_page_13.png
2024-03-14 11:13:10,395 RAM memory 68.9 used for Bill_Of_Landing_562_page_13.png Generating All Pages:
2024-03-14 11:13:10,395 Processing time taken for all pages of Bill_Of_Landing_562_page_13.png1:0:00:03.696978
2024-03-14 11:13:10,571 file name is:Bill_Of_Landing_555_page_0.png
2024-03-14 11:13:10,571 folder path :Images
2024-03-14 11:13:10,571 Calling Image result
2024-03-14 11:13:10,571 is all_page_result is instance of dict? True
2024-03-14 11:13:10,571 STREAM b'IHDR' 16 13
2024-03-14 11:13:10,571 STREAM b'IDAT' 41 65536
2024-03-14 11:13:10,615 is words is instance of list? True
2024-03-14 11:13:10,616 is bboxes is instance of list? True
2024-03-14 11:13:10,616 is bounding_boxes is instance of list? True
2024-03-14 11:13:10,876 is input_id_chunks is instance of list? True
2024-03-14 11:13:10,876 is mask_chunks is instance of list? True
2024-03-14 11:13:10,876 is bbox_chunks is instance of list? True
2024-03-14 11:13:10,876 is image_chunks is instance of list? True
2024-03-14 11:13:10,877 is input_dict is instance of dict? True
2024-03-14 11:13:13,421 Model Called
2024-03-14 11:13:13,421 RAM memory 69.3 used for Bill_Of_Landing_555_page_0.png:
2024-03-14 11:13:13,422 is all_predictions is instance of list? True
2024-03-14 11:13:13,422 is all_boxes is instance of list? True
2024-03-14 11:13:13,422 is all_confidences is instance of list? True
2024-03-14 11:13:13,422 is all_text is instance of list? True
2024-03-14 11:13:13,422 is label2id is instance of dict? True
2024-03-14 11:13:13,422 is id2label is instance of dict? True
2024-03-14 11:13:13,424 is label2color is instance of dict? True
2024-03-14 11:13:13,424 label2color : {'lc_date': '#7F4D76', 'stamp': '#B0658D', 'transaction_date': '#73F90B', 'carriage_condition': '#FC00B4', 'carrier_address': '#2291EB', 'gross_weight': '#59D985', 'goods_description': '#694F5A', 'gross_quantity': '#900BED', 'consignee_address': '#43C2E0', 'signature': '#70ABFC', 'awb_original_or_copy': '#C04D8F', 'declared_value_of_custom': '#979326', 'carrier_name': '#A07B79', 'at_place': '#41F853', 'shipment_date': '#88F6AF', 'shipper_address': '#73F0CD', 'net_weight': '#AD50B0', 'consignee_name': '#A86133', 'invoice_number': '#850281', 'awb_bill_no': '#D7CA20', 'dimension': '#316DED', 'O': '#20ADD6', 'declared_value_of_carriage': '#44D8E3', 'final_destination': '#4DB9FA', 'awb_bill_issue_date': '#7E568A', 'lc_no': '#674B05', 'signed_by_agent': '#923F9A', 'flight_date': '#19C5E8', 'agent_address': '#B66085', 'freight_collect_or_prepaid': '#9DE368', 'flight_details': '#835DA0', 'notify_party_address': '#F1890C', 'shipper_name': '#3C6400', 'signed_by_carrier': '#C5C0E7', 'stamped_onboard_date': '#618BB5', 'awb_original_number': '#50603D', 'flight_no': '#E12AB8', 'freight_collected_at': '#C76923', 'amount_insurance': '#2A49A5', 'house_awb_bill_no': '#1A663E', 'master_awb_bill_no': '#CE1E0A', 'airport_of_departure': '#A7884F', 'invoice_date': '#01A129', 'good_marks': '#6D5C46', 'place_of_receipt': '#4444C6', 'agent_name': '#F59E30', 'signed_by_master': '#10A677', 'airport_of_destination': '#2829A2', 'master_name': '#79E89E', 'notify_party_name': '#14D123'}
2024-03-14 11:13:13,661 is result_set is instance of dict? True
2024-03-14 11:13:13,663 is final_result_set is instance of dict? True
2024-03-14 11:13:13,934 Time taken for page 1 of Bill_Of_Landing_555_page_0.png:0:00:03.362231
2024-03-14 11:13:14,103 *****Generated All Pages****** for Bill_Of_Landing_555_page_0.png
2024-03-14 11:13:14,103 RAM memory 69.4 used for Bill_Of_Landing_555_page_0.png Generating All Pages:
2024-03-14 11:13:14,103 Processing time taken for all pages of Bill_Of_Landing_555_page_0.png1:0:00:03.532140
2024-03-14 11:13:14,263 file name is:Bill_Of_Landing_899_page_20.png
2024-03-14 11:13:14,263 folder path :Images
2024-03-14 11:13:14,263 Calling Image result
2024-03-14 11:13:14,263 is all_page_result is instance of dict? True
2024-03-14 11:13:14,263 STREAM b'IHDR' 16 13
2024-03-14 11:13:14,263 STREAM b'IDAT' 41 65536
2024-03-14 11:13:14,310 is words is instance of list? True
2024-03-14 11:13:14,310 is bboxes is instance of list? True
2024-03-14 11:13:14,310 is bounding_boxes is instance of list? True
2024-03-14 11:13:14,542 is input_id_chunks is instance of list? True
2024-03-14 11:13:14,543 is mask_chunks is instance of list? True
2024-03-14 11:13:14,543 is bbox_chunks is instance of list? True
2024-03-14 11:13:14,543 is image_chunks is instance of list? True
2024-03-14 11:13:14,544 is input_dict is instance of dict? True
2024-03-14 11:13:18,615 Model Called
2024-03-14 11:13:18,616 RAM memory 75.7 used for Bill_Of_Landing_899_page_20.png:
2024-03-14 11:13:18,616 is all_predictions is instance of list? True
2024-03-14 11:13:18,616 is all_boxes is instance of list? True
2024-03-14 11:13:18,616 is all_confidences is instance of list? True
2024-03-14 11:13:18,616 is all_text is instance of list? True
2024-03-14 11:13:18,616 is label2id is instance of dict? True
2024-03-14 11:13:18,616 is id2label is instance of dict? True
2024-03-14 11:13:18,617 is label2color is instance of dict? True
2024-03-14 11:13:18,617 label2color : {'lc_date': '#94CD3A', 'stamp': '#6013C3', 'transaction_date': '#D26C77', 'carriage_condition': '#591817', 'carrier_address': '#381020', 'gross_weight': '#CDA58A', 'goods_description': '#8417DD', 'gross_quantity': '#A2FEDA', 'consignee_address': '#012FA2', 'signature': '#E0A6EF', 'awb_original_or_copy': '#EB7249', 'declared_value_of_custom': '#39A7C0', 'carrier_name': '#69D20F', 'at_place': '#CBC21A', 'shipment_date': '#BC5F5F', 'shipper_address': '#E4E6AA', 'net_weight': '#D9096A', 'consignee_name': '#F2FB93', 'invoice_number': '#A8DEC3', 'awb_bill_no': '#986789', 'dimension': '#8FD9B1', 'O': '#35292B', 'declared_value_of_carriage': '#09CE52', 'final_destination': '#DE0ECB', 'awb_bill_issue_date': '#47A369', 'lc_no': '#C66A80', 'signed_by_agent': '#98362F', 'flight_date': '#AAA7C3', 'agent_address': '#F26B46', 'freight_collect_or_prepaid': '#C4F271', 'flight_details': '#E55B1B', 'notify_party_address': '#9F4DA8', 'shipper_name': '#600EC3', 'signed_by_carrier': '#F20549', 'stamped_onboard_date': '#CDFEE2', 'awb_original_number': '#FAB55F', 'flight_no': '#963336', 'freight_collected_at': '#74DE33', 'amount_insurance': '#0CF74F', 'house_awb_bill_no': '#FE836C', 'master_awb_bill_no': '#CEBFC0', 'airport_of_departure': '#D56B11', 'invoice_date': '#6D86E0', 'good_marks': '#F816A4', 'place_of_receipt': '#0829DB', 'agent_name': '#75D736', 'signed_by_master': '#B122CC', 'airport_of_destination': '#31D1C7', 'master_name': '#89A26B', 'notify_party_name': '#648200'}
2024-03-14 11:13:18,899 is result_set is instance of dict? True
2024-03-14 11:13:18,902 is final_result_set is instance of dict? True
2024-03-14 11:13:19,241 Time taken for page 1 of Bill_Of_Landing_899_page_20.png:0:00:04.977712
2024-03-14 11:13:19,406 *****Generated All Pages****** for Bill_Of_Landing_899_page_20.png
2024-03-14 11:13:19,407 RAM memory 75.9 used for Bill_Of_Landing_899_page_20.png Generating All Pages:
2024-03-14 11:13:19,407 Processing time taken for all pages of Bill_Of_Landing_899_page_20.png1:0:00:05.143673
2024-03-14 11:13:19,554 file name is:Bill_Of_Landing_511_page_0.png
2024-03-14 11:13:19,554 folder path :Images
2024-03-14 11:13:19,554 Calling Image result
2024-03-14 11:13:19,554 is all_page_result is instance of dict? True
2024-03-14 11:13:19,555 STREAM b'IHDR' 16 13
2024-03-14 11:13:19,555 STREAM b'IDAT' 41 65536
2024-03-14 11:13:19,590 is words is instance of list? True
2024-03-14 11:13:19,590 is bboxes is instance of list? True
2024-03-14 11:13:19,590 is bounding_boxes is instance of list? True
2024-03-14 11:13:19,835 is input_id_chunks is instance of list? True
2024-03-14 11:13:19,835 is mask_chunks is instance of list? True
2024-03-14 11:13:19,835 is bbox_chunks is instance of list? True
2024-03-14 11:13:19,835 is image_chunks is instance of list? True
2024-03-14 11:13:19,835 is input_dict is instance of dict? True
2024-03-14 11:13:22,329 Model Called
2024-03-14 11:13:22,329 RAM memory 74.3 used for Bill_Of_Landing_511_page_0.png:
2024-03-14 11:13:22,329 is all_predictions is instance of list? True
2024-03-14 11:13:22,329 is all_boxes is instance of list? True
2024-03-14 11:13:22,329 is all_confidences is instance of list? True
2024-03-14 11:13:22,329 is all_text is instance of list? True
2024-03-14 11:13:22,329 is label2id is instance of dict? True
2024-03-14 11:13:22,329 is id2label is instance of dict? True
2024-03-14 11:13:22,330 is label2color is instance of dict? True
2024-03-14 11:13:22,330 label2color : {'lc_date': '#C6E48E', 'stamp': '#3FE513', 'transaction_date': '#5FD382', 'carriage_condition': '#F849D5', 'carrier_address': '#8149BA', 'gross_weight': '#549BF1', 'goods_description': '#0BEE22', 'gross_quantity': '#683225', 'consignee_address': '#01FFEE', 'signature': '#8C782D', 'awb_original_or_copy': '#EE5CBF', 'declared_value_of_custom': '#C7295A', 'carrier_name': '#C5E5DC', 'at_place': '#223C75', 'shipment_date': '#3DD892', 'shipper_address': '#179173', 'net_weight': '#18D1C1', 'consignee_name': '#F81318', 'invoice_number': '#21796D', 'awb_bill_no': '#060D08', 'dimension': '#B7304A', 'O': '#14ECF6', 'declared_value_of_carriage': '#EDC0FD', 'final_destination': '#082570', 'awb_bill_issue_date': '#7F7C6F', 'lc_no': '#E5B662', 'signed_by_agent': '#F739F6', 'flight_date': '#57C92D', 'agent_address': '#71C895', 'freight_collect_or_prepaid': '#7DC37B', 'flight_details': '#CFC14A', 'notify_party_address': '#78AF96', 'shipper_name': '#C6BFEF', 'signed_by_carrier': '#4BC685', 'stamped_onboard_date': '#DA3D82', 'awb_original_number': '#7B75DC', 'flight_no': '#F31641', 'freight_collected_at': '#E1CDBB', 'amount_insurance': '#18A987', 'house_awb_bill_no': '#95D60F', 'master_awb_bill_no': '#018A29', 'airport_of_departure': '#F44D1D', 'invoice_date': '#00BD8E', 'good_marks': '#AE30FB', 'place_of_receipt': '#D6CB25', 'agent_name': '#478B26', 'signed_by_master': '#0F641B', 'airport_of_destination': '#79D27E', 'master_name': '#DDD9EE', 'notify_party_name': '#A42377'}
2024-03-14 11:13:22,521 is result_set is instance of dict? True
2024-03-14 11:13:22,525 is final_result_set is instance of dict? True
2024-03-14 11:13:22,980 Time taken for page 1 of Bill_Of_Landing_511_page_0.png:0:00:03.425025
2024-03-14 11:13:23,161 *****Generated All Pages****** for Bill_Of_Landing_511_page_0.png
2024-03-14 11:13:23,161 RAM memory 74.2 used for Bill_Of_Landing_511_page_0.png Generating All Pages:
2024-03-14 11:13:23,161 Processing time taken for all pages of Bill_Of_Landing_511_page_0.png1:0:00:03.606714
2024-03-14 11:13:23,324 file name is:Bill_Of_Landing_562_page_26.png
2024-03-14 11:13:23,325 folder path :Images
2024-03-14 11:13:23,325 Calling Image result
2024-03-14 11:13:23,325 is all_page_result is instance of dict? True
2024-03-14 11:13:23,325 STREAM b'IHDR' 16 13
2024-03-14 11:13:23,325 STREAM b'IDAT' 41 65536
2024-03-14 11:13:23,375 is words is instance of list? True
2024-03-14 11:13:23,375 is bboxes is instance of list? True
2024-03-14 11:13:23,375 is bounding_boxes is instance of list? True
2024-03-14 11:13:23,603 is input_id_chunks is instance of list? True
2024-03-14 11:13:23,604 is mask_chunks is instance of list? True
2024-03-14 11:13:23,604 is bbox_chunks is instance of list? True
2024-03-14 11:13:23,604 is image_chunks is instance of list? True
2024-03-14 11:13:23,605 is input_dict is instance of dict? True
2024-03-14 11:13:26,560 Model Called
2024-03-14 11:13:26,561 RAM memory 71.9 used for Bill_Of_Landing_562_page_26.png:
2024-03-14 11:13:26,561 is all_predictions is instance of list? True
2024-03-14 11:13:26,561 is all_boxes is instance of list? True
2024-03-14 11:13:26,561 is all_confidences is instance of list? True
2024-03-14 11:13:26,561 is all_text is instance of list? True
2024-03-14 11:13:26,562 is label2id is instance of dict? True
2024-03-14 11:13:26,562 is id2label is instance of dict? True
2024-03-14 11:13:26,563 is label2color is instance of dict? True
2024-03-14 11:13:26,564 label2color : {'lc_date': '#C7105F', 'stamp': '#9A5AE2', 'transaction_date': '#CFE2E8', 'carriage_condition': '#2AC9E9', 'carrier_address': '#2DBDC7', 'gross_weight': '#BBBC3E', 'goods_description': '#70F6D0', 'gross_quantity': '#F102E1', 'consignee_address': '#1FAE6F', 'signature': '#E57FC5', 'awb_original_or_copy': '#6045B3', 'declared_value_of_custom': '#EC55D6', 'carrier_name': '#B979A8', 'at_place': '#1D96E1', 'shipment_date': '#F93DC8', 'shipper_address': '#DF3590', 'net_weight': '#9EB06D', 'consignee_name': '#B29CC2', 'invoice_number': '#D9485B', 'awb_bill_no': '#14BB7A', 'dimension': '#F425F6', 'O': '#F2F288', 'declared_value_of_carriage': '#70EB58', 'final_destination': '#5FFB90', 'awb_bill_issue_date': '#EFF941', 'lc_no': '#138586', 'signed_by_agent': '#06E51E', 'flight_date': '#4B0743', 'agent_address': '#5A3C4D', 'freight_collect_or_prepaid': '#BFA2C6', 'flight_details': '#E9DCC3', 'notify_party_address': '#6957D9', 'shipper_name': '#E99DAC', 'signed_by_carrier': '#A68D13', 'stamped_onboard_date': '#0BE8E5', 'awb_original_number': '#91241E', 'flight_no': '#A3F0BA', 'freight_collected_at': '#F89823', 'amount_insurance': '#64739B', 'house_awb_bill_no': '#AC6B56', 'master_awb_bill_no': '#7CDDF2', 'airport_of_departure': '#E3D76F', 'invoice_date': '#A00786', 'good_marks': '#6A1AFD', 'place_of_receipt': '#4661E3', 'agent_name': '#AF27C2', 'signed_by_master': '#ECDB4B', 'airport_of_destination': '#4416D7', 'master_name': '#42AF89', 'notify_party_name': '#FAD050'}
2024-03-14 11:13:26,832 is result_set is instance of dict? True
2024-03-14 11:13:26,834 is final_result_set is instance of dict? True
2024-03-14 11:13:27,090 Time taken for page 1 of Bill_Of_Landing_562_page_26.png:0:00:03.764168
2024-03-14 11:13:27,254 *****Generated All Pages****** for Bill_Of_Landing_562_page_26.png
2024-03-14 11:13:27,254 RAM memory 71.8 used for Bill_Of_Landing_562_page_26.png Generating All Pages:
2024-03-14 11:13:27,254 Processing time taken for all pages of Bill_Of_Landing_562_page_26.png1:0:00:03.929218
2024-03-14 11:13:27,373 file name is:Bill_Of_Landing_418_page_7.png
2024-03-14 11:13:27,373 folder path :Images
2024-03-14 11:13:27,373 Calling Image result
2024-03-14 11:13:27,373 is all_page_result is instance of dict? True
2024-03-14 11:13:27,373 STREAM b'IHDR' 16 13
2024-03-14 11:13:27,373 STREAM b'IDAT' 41 65536
2024-03-14 11:13:27,421 is words is instance of list? True
2024-03-14 11:13:27,422 is bboxes is instance of list? True
2024-03-14 11:13:27,422 is bounding_boxes is instance of list? True
2024-03-14 11:13:27,627 is input_id_chunks is instance of list? True
2024-03-14 11:13:27,627 is mask_chunks is instance of list? True
2024-03-14 11:13:27,627 is bbox_chunks is instance of list? True
2024-03-14 11:13:27,627 is image_chunks is instance of list? True
2024-03-14 11:13:27,628 is input_dict is instance of dict? True
2024-03-14 11:13:29,913 Model Called
2024-03-14 11:13:29,913 RAM memory 71.9 used for Bill_Of_Landing_418_page_7.png:
2024-03-14 11:13:29,914 is all_predictions is instance of list? True
2024-03-14 11:13:29,914 is all_boxes is instance of list? True
2024-03-14 11:13:29,914 is all_confidences is instance of list? True
2024-03-14 11:13:29,914 is all_text is instance of list? True
2024-03-14 11:13:29,914 is label2id is instance of dict? True
2024-03-14 11:13:29,914 is id2label is instance of dict? True
2024-03-14 11:13:29,915 is label2color is instance of dict? True
2024-03-14 11:13:29,915 label2color : {'lc_date': '#62DDB7', 'stamp': '#5780BC', 'transaction_date': '#0656D8', 'carriage_condition': '#5D42A6', 'carrier_address': '#23FD50', 'gross_weight': '#9BC61A', 'goods_description': '#5DAF12', 'gross_quantity': '#16EFC3', 'consignee_address': '#153591', 'signature': '#29CB43', 'awb_original_or_copy': '#B03F7F', 'declared_value_of_custom': '#CF7C08', 'carrier_name': '#3B34C3', 'at_place': '#F9938F', 'shipment_date': '#991D62', 'shipper_address': '#BF2820', 'net_weight': '#B28A2F', 'consignee_name': '#B65FD0', 'invoice_number': '#6A6E9C', 'awb_bill_no': '#48295F', 'dimension': '#32084E', 'O': '#FDAE06', 'declared_value_of_carriage': '#111377', 'final_destination': '#F5B009', 'awb_bill_issue_date': '#5A2D2E', 'lc_no': '#E4882E', 'signed_by_agent': '#F64227', 'flight_date': '#0852CA', 'agent_address': '#AC1214', 'freight_collect_or_prepaid': '#521779', 'flight_details': '#BACDCD', 'notify_party_address': '#214CD9', 'shipper_name': '#4DDF9A', 'signed_by_carrier': '#C8555D', 'stamped_onboard_date': '#D403F4', 'awb_original_number': '#29F235', 'flight_no': '#3E99EB', 'freight_collected_at': '#829251', 'amount_insurance': '#CC881D', 'house_awb_bill_no': '#7CCCDB', 'master_awb_bill_no': '#D01AAE', 'airport_of_departure': '#2DC057', 'invoice_date': '#6AC1F8', 'good_marks': '#339CD9', 'place_of_receipt': '#09E3D0', 'agent_name': '#33ED6B', 'signed_by_master': '#18C118', 'airport_of_destination': '#67772D', 'master_name': '#455449', 'notify_party_name': '#9606B1'}
2024-03-14 11:13:30,101 is result_set is instance of dict? True
2024-03-14 11:13:30,103 is final_result_set is instance of dict? True
2024-03-14 11:13:30,412 Time taken for page 1 of Bill_Of_Landing_418_page_7.png:0:00:03.038843
2024-03-14 11:13:30,576 *****Generated All Pages****** for Bill_Of_Landing_418_page_7.png
2024-03-14 11:13:30,576 RAM memory 71.9 used for Bill_Of_Landing_418_page_7.png Generating All Pages:
2024-03-14 11:13:30,576 Processing time taken for all pages of Bill_Of_Landing_418_page_7.png1:0:00:03.203141
2024-03-14 11:13:30,701 file name is:Bill_Of_Landing_562_page_7.png
2024-03-14 11:13:30,701 folder path :Images
2024-03-14 11:13:30,701 Calling Image result
2024-03-14 11:13:30,701 is all_page_result is instance of dict? True
2024-03-14 11:13:30,702 STREAM b'IHDR' 16 13
2024-03-14 11:13:30,702 STREAM b'IDAT' 41 63516
2024-03-14 11:13:30,739 is words is instance of list? True
2024-03-14 11:13:30,739 is bboxes is instance of list? True
2024-03-14 11:13:30,739 is bounding_boxes is instance of list? True
2024-03-14 11:13:30,960 is input_id_chunks is instance of list? True
2024-03-14 11:13:30,961 is mask_chunks is instance of list? True
2024-03-14 11:13:30,961 is bbox_chunks is instance of list? True
2024-03-14 11:13:30,961 is image_chunks is instance of list? True
2024-03-14 11:13:30,961 is input_dict is instance of dict? True
2024-03-14 11:13:33,246 Model Called
2024-03-14 11:13:33,246 RAM memory 69.2 used for Bill_Of_Landing_562_page_7.png:
2024-03-14 11:13:33,247 is all_predictions is instance of list? True
2024-03-14 11:13:33,247 is all_boxes is instance of list? True
2024-03-14 11:13:33,247 is all_confidences is instance of list? True
2024-03-14 11:13:33,247 is all_text is instance of list? True
2024-03-14 11:13:33,247 is label2id is instance of dict? True
2024-03-14 11:13:33,247 is id2label is instance of dict? True
2024-03-14 11:13:33,248 is label2color is instance of dict? True
2024-03-14 11:13:33,248 label2color : {'lc_date': '#890E2A', 'stamp': '#DE3D0A', 'transaction_date': '#7D362F', 'carriage_condition': '#CAF671', 'carrier_address': '#FF3D0B', 'gross_weight': '#0BCDEA', 'goods_description': '#2896D4', 'gross_quantity': '#E412FA', 'consignee_address': '#71C38D', 'signature': '#F05959', 'awb_original_or_copy': '#4559B6', 'declared_value_of_custom': '#982D2A', 'carrier_name': '#4C9C7D', 'at_place': '#AFA4C8', 'shipment_date': '#A1F4AF', 'shipper_address': '#A0B6AF', 'net_weight': '#2C1B1C', 'consignee_name': '#746652', 'invoice_number': '#2EE006', 'awb_bill_no': '#F5E600', 'dimension': '#CCDD17', 'O': '#55AEA0', 'declared_value_of_carriage': '#21187F', 'final_destination': '#1A3402', 'awb_bill_issue_date': '#2B8E72', 'lc_no': '#C016DD', 'signed_by_agent': '#7E257C', 'flight_date': '#288816', 'agent_address': '#6931D6', 'freight_collect_or_prepaid': '#E3FBA0', 'flight_details': '#3A4702', 'notify_party_address': '#56B6F1', 'shipper_name': '#BF4FF7', 'signed_by_carrier': '#A57844', 'stamped_onboard_date': '#AEE401', 'awb_original_number': '#67DA6A', 'flight_no': '#10C8A3', 'freight_collected_at': '#D76393', 'amount_insurance': '#AC1E82', 'house_awb_bill_no': '#FD4F29', 'master_awb_bill_no': '#69DC01', 'airport_of_departure': '#1C068A', 'invoice_date': '#C610AA', 'good_marks': '#CAB9A9', 'place_of_receipt': '#0BB033', 'agent_name': '#A6771B', 'signed_by_master': '#FE009C', 'airport_of_destination': '#ED9C36', 'master_name': '#096943', 'notify_party_name': '#B771B1'}
2024-03-14 11:13:33,438 is result_set is instance of dict? True
2024-03-14 11:13:33,440 is final_result_set is instance of dict? True
2024-03-14 11:13:33,734 Time taken for page 1 of Bill_Of_Landing_562_page_7.png:0:00:03.031749
2024-03-14 11:13:33,894 *****Generated All Pages****** for Bill_Of_Landing_562_page_7.png
2024-03-14 11:13:33,894 RAM memory 69.1 used for Bill_Of_Landing_562_page_7.png Generating All Pages:
2024-03-14 11:13:33,894 Processing time taken for all pages of Bill_Of_Landing_562_page_7.png1:0:00:03.192631
2024-03-14 11:13:34,014 file name is:Bill_Of_Landing_760_page_0.png
2024-03-14 11:13:34,014 folder path :Images
2024-03-14 11:13:34,014 Calling Image result
2024-03-14 11:13:34,014 is all_page_result is instance of dict? True
2024-03-14 11:13:34,014 STREAM b'IHDR' 16 13
2024-03-14 11:13:34,014 STREAM b'IDAT' 41 65536
2024-03-14 11:13:34,094 is words is instance of list? True
2024-03-14 11:13:34,094 is bboxes is instance of list? True
2024-03-14 11:13:34,094 is bounding_boxes is instance of list? True
2024-03-14 11:13:34,819 is input_id_chunks is instance of list? True
2024-03-14 11:13:34,819 is mask_chunks is instance of list? True
2024-03-14 11:13:34,820 is bbox_chunks is instance of list? True
2024-03-14 11:13:34,820 is image_chunks is instance of list? True
2024-03-14 11:13:34,820 is input_dict is instance of dict? True
2024-03-14 11:13:37,100 Model Called
2024-03-14 11:13:37,101 RAM memory 69.2 used for Bill_Of_Landing_760_page_0.png:
2024-03-14 11:13:37,101 is all_predictions is instance of list? True
2024-03-14 11:13:37,101 is all_boxes is instance of list? True
2024-03-14 11:13:37,101 is all_confidences is instance of list? True
2024-03-14 11:13:37,101 is all_text is instance of list? True
2024-03-14 11:13:37,101 is label2id is instance of dict? True
2024-03-14 11:13:37,102 is id2label is instance of dict? True
2024-03-14 11:13:37,102 is label2color is instance of dict? True
2024-03-14 11:13:37,103 label2color : {'lc_date': '#7CC86B', 'stamp': '#DCF70E', 'transaction_date': '#5D4327', 'carriage_condition': '#EE8863', 'carrier_address': '#45F674', 'gross_weight': '#BC81A1', 'goods_description': '#2109AD', 'gross_quantity': '#F407B8', 'consignee_address': '#1AF04C', 'signature': '#F8931B', 'awb_original_or_copy': '#C8CBD6', 'declared_value_of_custom': '#45D4C5', 'carrier_name': '#361993', 'at_place': '#2A5EB9', 'shipment_date': '#77F199', 'shipper_address': '#52C093', 'net_weight': '#61CDFB', 'consignee_name': '#1F2935', 'invoice_number': '#3B1D9C', 'awb_bill_no': '#D4DB24', 'dimension': '#AE4D56', 'O': '#6C30DA', 'declared_value_of_carriage': '#BA3869', 'final_destination': '#02BF07', 'awb_bill_issue_date': '#386CAC', 'lc_no': '#BC26DD', 'signed_by_agent': '#AA445D', 'flight_date': '#EDA040', 'agent_address': '#7B3CB9', 'freight_collect_or_prepaid': '#1FE8E7', 'flight_details': '#86A400', 'notify_party_address': '#13D5E9', 'shipper_name': '#BEF535', 'signed_by_carrier': '#8977FD', 'stamped_onboard_date': '#3D05CD', 'awb_original_number': '#4847D1', 'flight_no': '#9AB94E', 'freight_collected_at': '#C32E4A', 'amount_insurance': '#EC72E8', 'house_awb_bill_no': '#CC4F87', 'master_awb_bill_no': '#FA82CD', 'airport_of_departure': '#1C00F8', 'invoice_date': '#D8041D', 'good_marks': '#526528', 'place_of_receipt': '#353131', 'agent_name': '#DB1939', 'signed_by_master': '#F35B9D', 'airport_of_destination': '#3ACBCD', 'master_name': '#5022D4', 'notify_party_name': '#00EC4E'}
2024-03-14 11:13:37,567 is result_set is instance of dict? True
2024-03-14 11:13:37,570 is final_result_set is instance of dict? True
2024-03-14 11:13:37,877 Time taken for page 1 of Bill_Of_Landing_760_page_0.png:0:00:03.862807
2024-03-14 11:13:38,207 *****Generated All Pages****** for Bill_Of_Landing_760_page_0.png
2024-03-14 11:13:38,207 RAM memory 69.8 used for Bill_Of_Landing_760_page_0.png Generating All Pages:
2024-03-14 11:13:38,207 Processing time taken for all pages of Bill_Of_Landing_760_page_0.png1:0:00:04.193285
2024-03-14 11:13:38,332 file name is:Bill_Of_Landing_511_page_4.png
2024-03-14 11:13:38,332 folder path :Images
2024-03-14 11:13:38,332 Calling Image result
2024-03-14 11:13:38,332 is all_page_result is instance of dict? True
2024-03-14 11:13:38,333 STREAM b'IHDR' 16 13
2024-03-14 11:13:38,333 STREAM b'IDAT' 41 65536
2024-03-14 11:13:38,380 is words is instance of list? True
2024-03-14 11:13:38,380 is bboxes is instance of list? True
2024-03-14 11:13:38,380 is bounding_boxes is instance of list? True
2024-03-14 11:13:38,599 is input_id_chunks is instance of list? True
2024-03-14 11:13:38,599 is mask_chunks is instance of list? True
2024-03-14 11:13:38,599 is bbox_chunks is instance of list? True
2024-03-14 11:13:38,599 is image_chunks is instance of list? True
2024-03-14 11:13:38,600 is input_dict is instance of dict? True
2024-03-14 11:13:40,872 Model Called
2024-03-14 11:13:40,872 RAM memory 69.1 used for Bill_Of_Landing_511_page_4.png:
2024-03-14 11:13:40,872 is all_predictions is instance of list? True
2024-03-14 11:13:40,872 is all_boxes is instance of list? True
2024-03-14 11:13:40,873 is all_confidences is instance of list? True
2024-03-14 11:13:40,873 is all_text is instance of list? True
2024-03-14 11:13:40,873 is label2id is instance of dict? True
2024-03-14 11:13:40,873 is id2label is instance of dict? True
2024-03-14 11:13:40,874 is label2color is instance of dict? True
2024-03-14 11:13:40,874 label2color : {'lc_date': '#522D5C', 'stamp': '#020D5C', 'transaction_date': '#F5F642', 'carriage_condition': '#E5DA8E', 'carrier_address': '#1B5A27', 'gross_weight': '#80D82C', 'goods_description': '#AD98F9', 'gross_quantity': '#158F67', 'consignee_address': '#2447EE', 'signature': '#34FA80', 'awb_original_or_copy': '#F3152E', 'declared_value_of_custom': '#2661C7', 'carrier_name': '#FC91EA', 'at_place': '#25D7E0', 'shipment_date': '#7DF52B', 'shipper_address': '#F343BB', 'net_weight': '#557075', 'consignee_name': '#A48930', 'invoice_number': '#D03F6F', 'awb_bill_no': '#81E070', 'dimension': '#417157', 'O': '#6744A1', 'declared_value_of_carriage': '#67EF6D', 'final_destination': '#37D65A', 'awb_bill_issue_date': '#3F7E05', 'lc_no': '#C82E68', 'signed_by_agent': '#0C82F3', 'flight_date': '#C271E3', 'agent_address': '#ED8718', 'freight_collect_or_prepaid': '#D4C912', 'flight_details': '#095478', 'notify_party_address': '#E1CA2B', 'shipper_name': '#BED8E5', 'signed_by_carrier': '#6EBC6C', 'stamped_onboard_date': '#89F804', 'awb_original_number': '#45B43C', 'flight_no': '#726020', 'freight_collected_at': '#BE6528', 'amount_insurance': '#3BB6CC', 'house_awb_bill_no': '#429C89', 'master_awb_bill_no': '#0EA19A', 'airport_of_departure': '#991FA5', 'invoice_date': '#BFD572', 'good_marks': '#9E46EB', 'place_of_receipt': '#8A381E', 'agent_name': '#C1F040', 'signed_by_master': '#A57265', 'airport_of_destination': '#D3E066', 'master_name': '#B22E22', 'notify_party_name': '#CE0C5D'}
2024-03-14 11:13:41,065 is result_set is instance of dict? True
2024-03-14 11:13:41,069 is final_result_set is instance of dict? True
2024-03-14 11:13:41,555 Time taken for page 1 of Bill_Of_Landing_511_page_4.png:0:00:03.222505
2024-03-14 11:13:41,727 *****Generated All Pages****** for Bill_Of_Landing_511_page_4.png
2024-03-14 11:13:41,728 RAM memory 69.2 used for Bill_Of_Landing_511_page_4.png Generating All Pages:
2024-03-14 11:13:41,728 Processing time taken for all pages of Bill_Of_Landing_511_page_4.png1:0:00:03.395350
2024-03-14 11:13:41,853 file name is:Bill_Of_Landing_815_page_0.png
2024-03-14 11:13:41,853 folder path :Images
2024-03-14 11:13:41,853 Calling Image result
2024-03-14 11:13:41,853 is all_page_result is instance of dict? True
2024-03-14 11:13:41,853 STREAM b'IHDR' 16 13
2024-03-14 11:13:41,854 STREAM b'IDAT' 41 65536
2024-03-14 11:13:41,980 is words is instance of list? True
2024-03-14 11:13:41,981 is bboxes is instance of list? True
2024-03-14 11:13:41,981 is bounding_boxes is instance of list? True
2024-03-14 11:13:43,140 is input_id_chunks is instance of list? True
2024-03-14 11:13:43,141 is mask_chunks is instance of list? True
2024-03-14 11:13:43,141 is bbox_chunks is instance of list? True
2024-03-14 11:13:43,141 is image_chunks is instance of list? True
2024-03-14 11:13:43,141 is input_dict is instance of dict? True
2024-03-14 11:13:45,503 Model Called
2024-03-14 11:13:45,503 RAM memory 69.9 used for Bill_Of_Landing_815_page_0.png:
2024-03-14 11:13:45,503 is all_predictions is instance of list? True
2024-03-14 11:13:45,503 is all_boxes is instance of list? True
2024-03-14 11:13:45,503 is all_confidences is instance of list? True
2024-03-14 11:13:45,504 is all_text is instance of list? True
2024-03-14 11:13:45,504 is label2id is instance of dict? True
2024-03-14 11:13:45,504 is id2label is instance of dict? True
2024-03-14 11:13:45,505 is label2color is instance of dict? True
2024-03-14 11:13:45,505 label2color : {'lc_date': '#D534ED', 'stamp': '#50D651', 'transaction_date': '#C177C9', 'carriage_condition': '#95CB9B', 'carrier_address': '#8D352E', 'gross_weight': '#BC8BCF', 'goods_description': '#53CB76', 'gross_quantity': '#0F4578', 'consignee_address': '#596621', 'signature': '#7BC157', 'awb_original_or_copy': '#8DA089', 'declared_value_of_custom': '#7E79C7', 'carrier_name': '#1796E7', 'at_place': '#6ED415', 'shipment_date': '#4AF331', 'shipper_address': '#E7E6E1', 'net_weight': '#02D504', 'consignee_name': '#048680', 'invoice_number': '#8AEB3F', 'awb_bill_no': '#29EDAD', 'dimension': '#B12B18', 'O': '#938C1A', 'declared_value_of_carriage': '#E9D32F', 'final_destination': '#73079F', 'awb_bill_issue_date': '#BD7C30', 'lc_no': '#A3F9D0', 'signed_by_agent': '#D6E863', 'flight_date': '#EF9B2A', 'agent_address': '#3A88F5', 'freight_collect_or_prepaid': '#22CC6D', 'flight_details': '#014450', 'notify_party_address': '#AC5AB4', 'shipper_name': '#B5D999', 'signed_by_carrier': '#36595C', 'stamped_onboard_date': '#C37EE5', 'awb_original_number': '#6718DC', 'flight_no': '#4F4600', 'freight_collected_at': '#A88C7A', 'amount_insurance': '#3A8DEE', 'house_awb_bill_no': '#2F4015', 'master_awb_bill_no': '#213FF3', 'airport_of_departure': '#E09FAE', 'invoice_date': '#2BDCF7', 'good_marks': '#29D560', 'place_of_receipt': '#E04ACB', 'agent_name': '#15AC40', 'signed_by_master': '#16811C', 'airport_of_destination': '#3D9AD8', 'master_name': '#486AC2', 'notify_party_name': '#D84B5D'}
2024-03-14 11:13:46,264 is result_set is instance of dict? True
2024-03-14 11:13:46,267 is final_result_set is instance of dict? True
2024-03-14 11:13:46,527 Time taken for page 1 of Bill_Of_Landing_815_page_0.png:0:00:04.673729
2024-03-14 11:13:47,001 *****Generated All Pages****** for Bill_Of_Landing_815_page_0.png
2024-03-14 11:13:47,001 RAM memory 69.9 used for Bill_Of_Landing_815_page_0.png Generating All Pages:
2024-03-14 11:13:47,001 Processing time taken for all pages of Bill_Of_Landing_815_page_0.png1:0:00:05.148379
2024-03-14 11:13:47,133 file name is:Bill_Of_Landing_273_page_0.png
2024-03-14 11:13:47,133 folder path :Images
2024-03-14 11:13:47,133 Calling Image result
2024-03-14 11:13:47,133 is all_page_result is instance of dict? True
2024-03-14 11:13:47,133 STREAM b'IHDR' 16 13
2024-03-14 11:13:47,134 STREAM b'IDAT' 41 57869
2024-03-14 11:13:47,204 is words is instance of list? True
2024-03-14 11:13:47,204 is bboxes is instance of list? True
2024-03-14 11:13:47,204 is bounding_boxes is instance of list? True
2024-03-14 11:13:47,413 is input_id_chunks is instance of list? True
2024-03-14 11:13:47,413 is mask_chunks is instance of list? True
2024-03-14 11:13:47,413 is bbox_chunks is instance of list? True
2024-03-14 11:13:47,413 is image_chunks is instance of list? True
2024-03-14 11:13:47,414 is input_dict is instance of dict? True
2024-03-14 11:13:49,689 Model Called
2024-03-14 11:13:49,689 RAM memory 70.0 used for Bill_Of_Landing_273_page_0.png:
2024-03-14 11:13:49,690 is all_predictions is instance of list? True
2024-03-14 11:13:49,690 is all_boxes is instance of list? True
2024-03-14 11:13:49,690 is all_confidences is instance of list? True
2024-03-14 11:13:49,690 is all_text is instance of list? True
2024-03-14 11:13:49,690 is label2id is instance of dict? True
2024-03-14 11:13:49,690 is id2label is instance of dict? True
2024-03-14 11:13:49,691 is label2color is instance of dict? True
2024-03-14 11:13:49,691 label2color : {'lc_date': '#0D8012', 'stamp': '#27E9D4', 'transaction_date': '#5A0F9D', 'carriage_condition': '#775DBD', 'carrier_address': '#E60131', 'gross_weight': '#A78E48', 'goods_description': '#5CE6A5', 'gross_quantity': '#935E2B', 'consignee_address': '#6A8397', 'signature': '#88BECE', 'awb_original_or_copy': '#ADDBF3', 'declared_value_of_custom': '#8F574E', 'carrier_name': '#E7BB3B', 'at_place': '#376A25', 'shipment_date': '#CFAA05', 'shipper_address': '#9662CE', 'net_weight': '#E08641', 'consignee_name': '#C907B0', 'invoice_number': '#74634D', 'awb_bill_no': '#46D08F', 'dimension': '#6EAB24', 'O': '#FB7030', 'declared_value_of_carriage': '#91B311', 'final_destination': '#6A4DF1', 'awb_bill_issue_date': '#4BA022', 'lc_no': '#3F1A56', 'signed_by_agent': '#27460E', 'flight_date': '#E2B0A0', 'agent_address': '#D3CEC3', 'freight_collect_or_prepaid': '#42820C', 'flight_details': '#D03802', 'notify_party_address': '#FE32F8', 'shipper_name': '#3D39E2', 'signed_by_carrier': '#DAD036', 'stamped_onboard_date': '#D310A3', 'awb_original_number': '#BABBBB', 'flight_no': '#35EE35', 'freight_collected_at': '#259387', 'amount_insurance': '#019547', 'house_awb_bill_no': '#DEBD5E', 'master_awb_bill_no': '#827447', 'airport_of_departure': '#98ED32', 'invoice_date': '#11B7A2', 'good_marks': '#AA78AE', 'place_of_receipt': '#0175C7', 'agent_name': '#58C648', 'signed_by_master': '#11CB14', 'airport_of_destination': '#660F55', 'master_name': '#F3C1DF', 'notify_party_name': '#0FAE38'}
2024-03-14 11:13:49,881 is result_set is instance of dict? True
2024-03-14 11:13:49,883 is final_result_set is instance of dict? True
2024-03-14 11:13:50,206 Time taken for page 1 of Bill_Of_Landing_273_page_0.png:0:00:03.072750
2024-03-14 11:13:50,371 *****Generated All Pages****** for Bill_Of_Landing_273_page_0.png
2024-03-14 11:13:50,372 RAM memory 70.0 used for Bill_Of_Landing_273_page_0.png Generating All Pages:
2024-03-14 11:13:50,372 Processing time taken for all pages of Bill_Of_Landing_273_page_0.png1:0:00:03.238761
2024-03-14 11:13:50,511 file name is:Bill_Of_Landing_424_page_4.png
2024-03-14 11:13:50,512 folder path :Images
2024-03-14 11:13:50,512 Calling Image result
2024-03-14 11:13:50,512 is all_page_result is instance of dict? True
2024-03-14 11:13:50,512 STREAM b'IHDR' 16 13
2024-03-14 11:13:50,512 STREAM b'IDAT' 41 61880
2024-03-14 11:13:50,548 is words is instance of list? True
2024-03-14 11:13:50,548 is bboxes is instance of list? True
2024-03-14 11:13:50,548 is bounding_boxes is instance of list? True
2024-03-14 11:13:50,767 is input_id_chunks is instance of list? True
2024-03-14 11:13:50,767 is mask_chunks is instance of list? True
2024-03-14 11:13:50,767 is bbox_chunks is instance of list? True
2024-03-14 11:13:50,767 is image_chunks is instance of list? True
2024-03-14 11:13:50,768 is input_dict is instance of dict? True
2024-03-14 11:13:53,063 Model Called
2024-03-14 11:13:53,063 RAM memory 68.8 used for Bill_Of_Landing_424_page_4.png:
2024-03-14 11:13:53,063 is all_predictions is instance of list? True
2024-03-14 11:13:53,063 is all_boxes is instance of list? True
2024-03-14 11:13:53,063 is all_confidences is instance of list? True
2024-03-14 11:13:53,063 is all_text is instance of list? True
2024-03-14 11:13:53,064 is label2id is instance of dict? True
2024-03-14 11:13:53,064 is id2label is instance of dict? True
2024-03-14 11:13:53,065 is label2color is instance of dict? True
2024-03-14 11:13:53,065 label2color : {'lc_date': '#D8D7DD', 'stamp': '#81DAC5', 'transaction_date': '#3CF9F5', 'carriage_condition': '#1B5868', 'carrier_address': '#82FACC', 'gross_weight': '#05228E', 'goods_description': '#F59E1F', 'gross_quantity': '#1CC480', 'consignee_address': '#0B4526', 'signature': '#815B95', 'awb_original_or_copy': '#9D65A4', 'declared_value_of_custom': '#5496EA', 'carrier_name': '#5C3005', 'at_place': '#E8CBC0', 'shipment_date': '#575E2A', 'shipper_address': '#96AEF3', 'net_weight': '#B2ED96', 'consignee_name': '#E3EF0E', 'invoice_number': '#0F75C7', 'awb_bill_no': '#48CE8E', 'dimension': '#281FF1', 'O': '#334300', 'declared_value_of_carriage': '#D60276', 'final_destination': '#559157', 'awb_bill_issue_date': '#0A4D27', 'lc_no': '#C6A14F', 'signed_by_agent': '#8A062C', 'flight_date': '#452246', 'agent_address': '#F82E5F', 'freight_collect_or_prepaid': '#26C491', 'flight_details': '#B7619E', 'notify_party_address': '#99DBCD', 'shipper_name': '#58AD00', 'signed_by_carrier': '#294D53', 'stamped_onboard_date': '#DFEE61', 'awb_original_number': '#FC92C5', 'flight_no': '#8AF1CF', 'freight_collected_at': '#CA82B6', 'amount_insurance': '#5C16AD', 'house_awb_bill_no': '#5C703D', 'master_awb_bill_no': '#16CEFE', 'airport_of_departure': '#0C8784', 'invoice_date': '#81B3BA', 'good_marks': '#71847D', 'place_of_receipt': '#34B7AB', 'agent_name': '#ACD01E', 'signed_by_master': '#3BEC02', 'airport_of_destination': '#0AA7FE', 'master_name': '#A2FFB5', 'notify_party_name': '#68E4F7'}
2024-03-14 11:13:53,255 is result_set is instance of dict? True
2024-03-14 11:13:53,257 is final_result_set is instance of dict? True
2024-03-14 11:13:53,527 Time taken for page 1 of Bill_Of_Landing_424_page_4.png:0:00:03.014549
2024-03-14 11:13:53,674 *****Generated All Pages****** for Bill_Of_Landing_424_page_4.png
2024-03-14 11:13:53,675 RAM memory 68.8 used for Bill_Of_Landing_424_page_4.png Generating All Pages:
2024-03-14 11:13:53,675 Processing time taken for all pages of Bill_Of_Landing_424_page_4.png1:0:00:03.162811
2024-03-14 11:13:53,797 file name is:Bill_Of_Landing_429_page_0.png
2024-03-14 11:13:53,797 folder path :Images
2024-03-14 11:13:53,797 Calling Image result
2024-03-14 11:13:53,798 is all_page_result is instance of dict? True
2024-03-14 11:13:53,798 STREAM b'IHDR' 16 13
2024-03-14 11:13:53,798 STREAM b'IDAT' 41 65536
2024-03-14 11:13:53,832 is words is instance of list? True
2024-03-14 11:13:53,832 is bboxes is instance of list? True
2024-03-14 11:13:53,832 is bounding_boxes is instance of list? True
2024-03-14 11:13:54,043 is input_id_chunks is instance of list? True
2024-03-14 11:13:54,043 is mask_chunks is instance of list? True
2024-03-14 11:13:54,043 is bbox_chunks is instance of list? True
2024-03-14 11:13:54,043 is image_chunks is instance of list? True
2024-03-14 11:13:54,044 is input_dict is instance of dict? True
2024-03-14 11:13:56,355 Model Called
2024-03-14 11:13:56,356 RAM memory 68.7 used for Bill_Of_Landing_429_page_0.png:
2024-03-14 11:13:56,356 is all_predictions is instance of list? True
2024-03-14 11:13:56,356 is all_boxes is instance of list? True
2024-03-14 11:13:56,356 is all_confidences is instance of list? True
2024-03-14 11:13:56,356 is all_text is instance of list? True
2024-03-14 11:13:56,356 is label2id is instance of dict? True
2024-03-14 11:13:56,356 is id2label is instance of dict? True
2024-03-14 11:13:56,357 is label2color is instance of dict? True
2024-03-14 11:13:56,357 label2color : {'lc_date': '#C256BB', 'stamp': '#4CC3F2', 'transaction_date': '#F3AA34', 'carriage_condition': '#75EFC6', 'carrier_address': '#9E8529', 'gross_weight': '#CCA2A3', 'goods_description': '#1E28E2', 'gross_quantity': '#ED3EC4', 'consignee_address': '#ADB5C1', 'signature': '#C99BE6', 'awb_original_or_copy': '#ABF9F9', 'declared_value_of_custom': '#C287DF', 'carrier_name': '#CE0838', 'at_place': '#6409F0', 'shipment_date': '#AB2EB2', 'shipper_address': '#65A5A4', 'net_weight': '#4FF819', 'consignee_name': '#5AD8FD', 'invoice_number': '#3D780A', 'awb_bill_no': '#7BADD1', 'dimension': '#71B70B', 'O': '#6FD2E6', 'declared_value_of_carriage': '#356A81', 'final_destination': '#E0EF9E', 'awb_bill_issue_date': '#C75424', 'lc_no': '#B53B41', 'signed_by_agent': '#96553B', 'flight_date': '#891010', 'agent_address': '#6EB7B3', 'freight_collect_or_prepaid': '#F5AC82', 'flight_details': '#4C0077', 'notify_party_address': '#EE364E', 'shipper_name': '#C3D62C', 'signed_by_carrier': '#DD8A7C', 'stamped_onboard_date': '#84C109', 'awb_original_number': '#4480AC', 'flight_no': '#0E5826', 'freight_collected_at': '#8698E2', 'amount_insurance': '#0DF6EB', 'house_awb_bill_no': '#907D8C', 'master_awb_bill_no': '#999DD5', 'airport_of_departure': '#03AB95', 'invoice_date': '#82E203', 'good_marks': '#2D1C38', 'place_of_receipt': '#AB7A90', 'agent_name': '#02A8D1', 'signed_by_master': '#49F572', 'airport_of_destination': '#548129', 'master_name': '#4C6243', 'notify_party_name': '#EAA096'}
2024-03-14 11:13:56,547 is result_set is instance of dict? True
2024-03-14 11:13:56,549 is final_result_set is instance of dict? True
2024-03-14 11:13:56,911 Time taken for page 1 of Bill_Of_Landing_429_page_0.png:0:00:03.112948
2024-03-14 11:13:57,076 *****Generated All Pages****** for Bill_Of_Landing_429_page_0.png
2024-03-14 11:13:57,077 RAM memory 68.9 used for Bill_Of_Landing_429_page_0.png Generating All Pages:
2024-03-14 11:13:57,077 Processing time taken for all pages of Bill_Of_Landing_429_page_0.png1:0:00:03.279253
2024-03-14 11:13:57,191 file name is:Bill_Of_Landing_562_page_6.png
2024-03-14 11:13:57,191 folder path :Images
2024-03-14 11:13:57,191 Calling Image result
2024-03-14 11:13:57,191 is all_page_result is instance of dict? True
2024-03-14 11:13:57,191 STREAM b'IHDR' 16 13
2024-03-14 11:13:57,191 STREAM b'IDAT' 41 63691
2024-03-14 11:13:57,224 is words is instance of list? True
2024-03-14 11:13:57,225 is bboxes is instance of list? True
2024-03-14 11:13:57,225 is bounding_boxes is instance of list? True
2024-03-14 11:13:57,439 is input_id_chunks is instance of list? True
2024-03-14 11:13:57,439 is mask_chunks is instance of list? True
2024-03-14 11:13:57,439 is bbox_chunks is instance of list? True
2024-03-14 11:13:57,439 is image_chunks is instance of list? True
2024-03-14 11:13:57,440 is input_dict is instance of dict? True
2024-03-14 11:13:59,721 Model Called
2024-03-14 11:13:59,721 RAM memory 68.9 used for Bill_Of_Landing_562_page_6.png:
2024-03-14 11:13:59,722 is all_predictions is instance of list? True
2024-03-14 11:13:59,722 is all_boxes is instance of list? True
2024-03-14 11:13:59,722 is all_confidences is instance of list? True
2024-03-14 11:13:59,722 is all_text is instance of list? True
2024-03-14 11:13:59,722 is label2id is instance of dict? True
2024-03-14 11:13:59,722 is id2label is instance of dict? True
2024-03-14 11:13:59,723 is label2color is instance of dict? True
2024-03-14 11:13:59,723 label2color : {'lc_date': '#346123', 'stamp': '#BA5417', 'transaction_date': '#1B3B8B', 'carriage_condition': '#6511CC', 'carrier_address': '#FC2C6C', 'gross_weight': '#0859AB', 'goods_description': '#6D8A42', 'gross_quantity': '#55D295', 'consignee_address': '#BBFB8D', 'signature': '#761AF3', 'awb_original_or_copy': '#630955', 'declared_value_of_custom': '#01E7EA', 'carrier_name': '#2F9835', 'at_place': '#2052FD', 'shipment_date': '#3479F6', 'shipper_address': '#C5582B', 'net_weight': '#8C2A07', 'consignee_name': '#2C680D', 'invoice_number': '#BAB10F', 'awb_bill_no': '#C061AB', 'dimension': '#110B8C', 'O': '#C4A72C', 'declared_value_of_carriage': '#533612', 'final_destination': '#E2A422', 'awb_bill_issue_date': '#CB50D0', 'lc_no': '#5AB4CE', 'signed_by_agent': '#1A7B4B', 'flight_date': '#8FB5B4', 'agent_address': '#2B96C7', 'freight_collect_or_prepaid': '#A296AE', 'flight_details': '#793FF4', 'notify_party_address': '#62369C', 'shipper_name': '#082362', 'signed_by_carrier': '#8108C9', 'stamped_onboard_date': '#06167B', 'awb_original_number': '#C963AA', 'flight_no': '#ACB081', 'freight_collected_at': '#FAA730', 'amount_insurance': '#E8F0B1', 'house_awb_bill_no': '#1A6E31', 'master_awb_bill_no': '#2FAE7A', 'airport_of_departure': '#52D1CC', 'invoice_date': '#F7D283', 'good_marks': '#3B1729', 'place_of_receipt': '#85EFBF', 'agent_name': '#1BAE77', 'signed_by_master': '#2E110E', 'airport_of_destination': '#B06B51', 'master_name': '#3C245F', 'notify_party_name': '#AA3A3E'}
2024-03-14 11:13:59,915 is result_set is instance of dict? True
2024-03-14 11:13:59,916 is final_result_set is instance of dict? True
2024-03-14 11:14:00,166 Time taken for page 1 of Bill_Of_Landing_562_page_6.png:0:00:02.974424
2024-03-14 11:14:00,370 *****Generated All Pages****** for Bill_Of_Landing_562_page_6.png
2024-03-14 11:14:00,370 RAM memory 69.0 used for Bill_Of_Landing_562_page_6.png Generating All Pages:
2024-03-14 11:14:00,370 Processing time taken for all pages of Bill_Of_Landing_562_page_6.png1:0:00:03.179046
2024-03-14 11:14:00,495 file name is:Bill_Of_Landing_357_page_0.png
2024-03-14 11:14:00,496 folder path :Images
2024-03-14 11:14:00,496 Calling Image result
2024-03-14 11:14:00,496 is all_page_result is instance of dict? True
2024-03-14 11:14:00,496 STREAM b'IHDR' 16 13
2024-03-14 11:14:00,496 STREAM b'IDAT' 41 65536
2024-03-14 11:14:00,534 is words is instance of list? True
2024-03-14 11:14:00,535 is bboxes is instance of list? True
2024-03-14 11:14:00,535 is bounding_boxes is instance of list? True
2024-03-14 11:14:00,733 is input_id_chunks is instance of list? True
2024-03-14 11:14:00,733 is mask_chunks is instance of list? True
2024-03-14 11:14:00,733 is bbox_chunks is instance of list? True
2024-03-14 11:14:00,733 is image_chunks is instance of list? True
2024-03-14 11:14:00,734 is input_dict is instance of dict? True
2024-03-14 11:14:03,025 Model Called
2024-03-14 11:14:03,025 RAM memory 68.8 used for Bill_Of_Landing_357_page_0.png:
2024-03-14 11:14:03,025 is all_predictions is instance of list? True
2024-03-14 11:14:03,025 is all_boxes is instance of list? True
2024-03-14 11:14:03,025 is all_confidences is instance of list? True
2024-03-14 11:14:03,025 is all_text is instance of list? True
2024-03-14 11:14:03,026 is label2id is instance of dict? True
2024-03-14 11:14:03,026 is id2label is instance of dict? True
2024-03-14 11:14:03,027 is label2color is instance of dict? True
2024-03-14 11:14:03,027 label2color : {'lc_date': '#C576CE', 'stamp': '#87990F', 'transaction_date': '#C4760E', 'carriage_condition': '#498469', 'carrier_address': '#223F1D', 'gross_weight': '#F78DEF', 'goods_description': '#2A97D9', 'gross_quantity': '#1325E9', 'consignee_address': '#B7D2CC', 'signature': '#A5729F', 'awb_original_or_copy': '#554D3E', 'declared_value_of_custom': '#87E597', 'carrier_name': '#7C2E12', 'at_place': '#8D0547', 'shipment_date': '#2C2F5E', 'shipper_address': '#968B4E', 'net_weight': '#3B7F11', 'consignee_name': '#FEA262', 'invoice_number': '#80C2EB', 'awb_bill_no': '#D41FBA', 'dimension': '#99C649', 'O': '#0E272F', 'declared_value_of_carriage': '#7A32B7', 'final_destination': '#BBCB1B', 'awb_bill_issue_date': '#7E4536', 'lc_no': '#496826', 'signed_by_agent': '#A982D8', 'flight_date': '#4E4D39', 'agent_address': '#536652', 'freight_collect_or_prepaid': '#C7E837', 'flight_details': '#E6E62A', 'notify_party_address': '#F5CA2B', 'shipper_name': '#831730', 'signed_by_carrier': '#524D0A', 'stamped_onboard_date': '#87ED6C', 'awb_original_number': '#D8C594', 'flight_no': '#820F06', 'freight_collected_at': '#08E180', 'amount_insurance': '#92E4D6', 'house_awb_bill_no': '#2F871A', 'master_awb_bill_no': '#AE1F68', 'airport_of_departure': '#3470E2', 'invoice_date': '#20B04F', 'good_marks': '#4817B5', 'place_of_receipt': '#EBB6F5', 'agent_name': '#5D1E91', 'signed_by_master': '#EA84D8', 'airport_of_destination': '#F30A46', 'master_name': '#88423A', 'notify_party_name': '#BCB0C9'}
2024-03-14 11:14:03,210 is result_set is instance of dict? True
2024-03-14 11:14:03,212 is final_result_set is instance of dict? True
2024-03-14 11:14:03,473 Time taken for page 1 of Bill_Of_Landing_357_page_0.png:0:00:02.976888
2024-03-14 11:14:03,631 *****Generated All Pages****** for Bill_Of_Landing_357_page_0.png
2024-03-14 11:14:03,631 RAM memory 68.9 used for Bill_Of_Landing_357_page_0.png Generating All Pages:
2024-03-14 11:14:03,631 Processing time taken for all pages of Bill_Of_Landing_357_page_0.png1:0:00:03.135603
2024-03-14 11:14:03,756 file name is:Bill_Of_Landing_816_page_0.png
2024-03-14 11:14:03,756 folder path :Images
2024-03-14 11:14:03,756 Calling Image result
2024-03-14 11:14:03,756 is all_page_result is instance of dict? True
2024-03-14 11:14:03,756 STREAM b'IHDR' 16 13
2024-03-14 11:14:03,756 STREAM b'IDAT' 41 55012
2024-03-14 11:14:03,790 is words is instance of list? True
2024-03-14 11:14:03,790 is bboxes is instance of list? True
2024-03-14 11:14:03,790 is bounding_boxes is instance of list? True
2024-03-14 11:14:03,991 is input_id_chunks is instance of list? True
2024-03-14 11:14:03,992 is mask_chunks is instance of list? True
2024-03-14 11:14:03,992 is bbox_chunks is instance of list? True
2024-03-14 11:14:03,992 is image_chunks is instance of list? True
2024-03-14 11:14:03,992 is input_dict is instance of dict? True
2024-03-14 11:14:06,264 Model Called
2024-03-14 11:14:06,264 RAM memory 69.1 used for Bill_Of_Landing_816_page_0.png:
2024-03-14 11:14:06,264 is all_predictions is instance of list? True
2024-03-14 11:14:06,264 is all_boxes is instance of list? True
2024-03-14 11:14:06,264 is all_confidences is instance of list? True
2024-03-14 11:14:06,264 is all_text is instance of list? True
2024-03-14 11:14:06,265 is label2id is instance of dict? True
2024-03-14 11:14:06,265 is id2label is instance of dict? True
2024-03-14 11:14:06,266 is label2color is instance of dict? True
2024-03-14 11:14:06,266 label2color : {'lc_date': '#878A56', 'stamp': '#259D7A', 'transaction_date': '#80BAD5', 'carriage_condition': '#C0A360', 'carrier_address': '#B8D3D7', 'gross_weight': '#6B810F', 'goods_description': '#5FF90D', 'gross_quantity': '#912F8B', 'consignee_address': '#A18EEC', 'signature': '#1FE890', 'awb_original_or_copy': '#DBB549', 'declared_value_of_custom': '#41DD8D', 'carrier_name': '#41380D', 'at_place': '#40F366', 'shipment_date': '#AC1092', 'shipper_address': '#D11A9B', 'net_weight': '#F633E4', 'consignee_name': '#816781', 'invoice_number': '#C49296', 'awb_bill_no': '#491F8A', 'dimension': '#5BE7A0', 'O': '#D4A49E', 'declared_value_of_carriage': '#9A3000', 'final_destination': '#C41486', 'awb_bill_issue_date': '#A9DE39', 'lc_no': '#84C4A1', 'signed_by_agent': '#20EDF7', 'flight_date': '#66631F', 'agent_address': '#935CFB', 'freight_collect_or_prepaid': '#EA925F', 'flight_details': '#64CBA3', 'notify_party_address': '#EEC828', 'shipper_name': '#EE7BF9', 'signed_by_carrier': '#E0660D', 'stamped_onboard_date': '#39309C', 'awb_original_number': '#D51485', 'flight_no': '#7CC695', 'freight_collected_at': '#9F3412', 'amount_insurance': '#37F376', 'house_awb_bill_no': '#11A6B5', 'master_awb_bill_no': '#0F5012', 'airport_of_departure': '#1FDCDC', 'invoice_date': '#96C1C9', 'good_marks': '#3A7F38', 'place_of_receipt': '#36AFBE', 'agent_name': '#580EAC', 'signed_by_master': '#CCA094', 'airport_of_destination': '#415738', 'master_name': '#0342AF', 'notify_party_name': '#1AD823'}
2024-03-14 11:14:06,453 is result_set is instance of dict? True
2024-03-14 11:14:06,454 is final_result_set is instance of dict? True
2024-03-14 11:14:06,660 Time taken for page 1 of Bill_Of_Landing_816_page_0.png:0:00:02.903026
2024-03-14 11:14:06,811 *****Generated All Pages****** for Bill_Of_Landing_816_page_0.png
2024-03-14 11:14:06,811 RAM memory 69.0 used for Bill_Of_Landing_816_page_0.png Generating All Pages:
2024-03-14 11:14:06,811 Processing time taken for all pages of Bill_Of_Landing_816_page_0.png1:0:00:03.055534
2024-03-14 11:14:06,934 file name is:Bill_Of_Landing_562_page_5.png
2024-03-14 11:14:06,935 folder path :Images
2024-03-14 11:14:06,935 Calling Image result
2024-03-14 11:14:06,935 is all_page_result is instance of dict? True
2024-03-14 11:14:06,935 STREAM b'IHDR' 16 13
2024-03-14 11:14:06,935 STREAM b'IDAT' 41 63729
2024-03-14 11:14:06,969 is words is instance of list? True
2024-03-14 11:14:06,970 is bboxes is instance of list? True
2024-03-14 11:14:06,970 is bounding_boxes is instance of list? True
2024-03-14 11:14:07,178 is input_id_chunks is instance of list? True
2024-03-14 11:14:07,178 is mask_chunks is instance of list? True
2024-03-14 11:14:07,178 is bbox_chunks is instance of list? True
2024-03-14 11:14:07,178 is image_chunks is instance of list? True
2024-03-14 11:14:07,179 is input_dict is instance of dict? True
2024-03-14 11:14:09,465 Model Called
2024-03-14 11:14:09,465 RAM memory 69.1 used for Bill_Of_Landing_562_page_5.png:
2024-03-14 11:14:09,465 is all_predictions is instance of list? True
2024-03-14 11:14:09,465 is all_boxes is instance of list? True
2024-03-14 11:14:09,465 is all_confidences is instance of list? True
2024-03-14 11:14:09,465 is all_text is instance of list? True
2024-03-14 11:14:09,466 is label2id is instance of dict? True
2024-03-14 11:14:09,466 is id2label is instance of dict? True
2024-03-14 11:14:09,467 is label2color is instance of dict? True
2024-03-14 11:14:09,467 label2color : {'lc_date': '#06A6C7', 'stamp': '#9C1FAC', 'transaction_date': '#6B512B', 'carriage_condition': '#A8A9FF', 'carrier_address': '#D46390', 'gross_weight': '#44342C', 'goods_description': '#3A1F93', 'gross_quantity': '#167B3F', 'consignee_address': '#003000', 'signature': '#A7D1BE', 'awb_original_or_copy': '#B7723C', 'declared_value_of_custom': '#BB2C6D', 'carrier_name': '#57F90B', 'at_place': '#AE89FD', 'shipment_date': '#A6CCA6', 'shipper_address': '#9FF118', 'net_weight': '#9ACA72', 'consignee_name': '#06EB53', 'invoice_number': '#DB3359', 'awb_bill_no': '#524AD6', 'dimension': '#E1EA1A', 'O': '#290B11', 'declared_value_of_carriage': '#A39038', 'final_destination': '#139944', 'awb_bill_issue_date': '#F8B5B9', 'lc_no': '#D01854', 'signed_by_agent': '#E1F3A0', 'flight_date': '#217CDC', 'agent_address': '#BB73BD', 'freight_collect_or_prepaid': '#F1C950', 'flight_details': '#287BBC', 'notify_party_address': '#D1B877', 'shipper_name': '#4ECFEA', 'signed_by_carrier': '#697383', 'stamped_onboard_date': '#8420F1', 'awb_original_number': '#0CAA84', 'flight_no': '#6A512C', 'freight_collected_at': '#23BD80', 'amount_insurance': '#3D9E05', 'house_awb_bill_no': '#8DF594', 'master_awb_bill_no': '#B28F42', 'airport_of_departure': '#DFDC18', 'invoice_date': '#7B7598', 'good_marks': '#96538F', 'place_of_receipt': '#5BDF50', 'agent_name': '#B6C6E1', 'signed_by_master': '#9403B2', 'airport_of_destination': '#B3EF82', 'master_name': '#EB7634', 'notify_party_name': '#8BF947'}
2024-03-14 11:14:09,651 is result_set is instance of dict? True
2024-03-14 11:14:09,653 is final_result_set is instance of dict? True
2024-03-14 11:14:09,919 Time taken for page 1 of Bill_Of_Landing_562_page_5.png:0:00:02.984115
2024-03-14 11:14:10,076 *****Generated All Pages****** for Bill_Of_Landing_562_page_5.png
2024-03-14 11:14:10,076 RAM memory 69.1 used for Bill_Of_Landing_562_page_5.png Generating All Pages:
2024-03-14 11:14:10,076 Processing time taken for all pages of Bill_Of_Landing_562_page_5.png1:0:00:03.141505
2024-03-14 11:14:10,196 file name is:Bill_Of_Landing_486_page_1.png
2024-03-14 11:14:10,196 folder path :Images
2024-03-14 11:14:10,197 Calling Image result
2024-03-14 11:14:10,197 is all_page_result is instance of dict? True
2024-03-14 11:14:10,198 STREAM b'IHDR' 16 13
2024-03-14 11:14:10,198 STREAM b'IDAT' 41 65536
2024-03-14 11:14:10,232 is words is instance of list? True
2024-03-14 11:14:10,232 is bboxes is instance of list? True
2024-03-14 11:14:10,232 is bounding_boxes is instance of list? True
2024-03-14 11:14:10,450 is input_id_chunks is instance of list? True
2024-03-14 11:14:10,450 is mask_chunks is instance of list? True
2024-03-14 11:14:10,450 is bbox_chunks is instance of list? True
2024-03-14 11:14:10,450 is image_chunks is instance of list? True
2024-03-14 11:14:10,451 is input_dict is instance of dict? True
2024-03-14 11:14:13,956 Model Called
2024-03-14 11:14:13,956 RAM memory 76.1 used for Bill_Of_Landing_486_page_1.png:
2024-03-14 11:14:13,956 is all_predictions is instance of list? True
2024-03-14 11:14:13,956 is all_boxes is instance of list? True
2024-03-14 11:14:13,956 is all_confidences is instance of list? True
2024-03-14 11:14:13,957 is all_text is instance of list? True
2024-03-14 11:14:13,957 is label2id is instance of dict? True
2024-03-14 11:14:13,957 is id2label is instance of dict? True
2024-03-14 11:14:13,958 is label2color is instance of dict? True
2024-03-14 11:14:13,958 label2color : {'lc_date': '#5AC5F8', 'stamp': '#9B0CB8', 'transaction_date': '#8DB5AA', 'carriage_condition': '#9037DD', 'carrier_address': '#830B64', 'gross_weight': '#37CA19', 'goods_description': '#0F91F8', 'gross_quantity': '#E91F4A', 'consignee_address': '#FFB66B', 'signature': '#5014B8', 'awb_original_or_copy': '#B0145A', 'declared_value_of_custom': '#8D68A1', 'carrier_name': '#B5BC0A', 'at_place': '#A75E0D', 'shipment_date': '#88E974', 'shipper_address': '#5E7805', 'net_weight': '#61DEF5', 'consignee_name': '#F2D801', 'invoice_number': '#E444A7', 'awb_bill_no': '#8DAD50', 'dimension': '#1DF488', 'O': '#89FB87', 'declared_value_of_carriage': '#4FB434', 'final_destination': '#C80C9A', 'awb_bill_issue_date': '#5CAFAF', 'lc_no': '#6BED86', 'signed_by_agent': '#9F485D', 'flight_date': '#E23E73', 'agent_address': '#AD5BD3', 'freight_collect_or_prepaid': '#4DDF71', 'flight_details': '#9CD736', 'notify_party_address': '#84C2D5', 'shipper_name': '#A2B453', 'signed_by_carrier': '#EE5758', 'stamped_onboard_date': '#C30A44', 'awb_original_number': '#59A357', 'flight_no': '#CBCD25', 'freight_collected_at': '#AA8364', 'amount_insurance': '#7D0308', 'house_awb_bill_no': '#69F026', 'master_awb_bill_no': '#6B7A61', 'airport_of_departure': '#CABDCD', 'invoice_date': '#2E01A8', 'good_marks': '#949F83', 'place_of_receipt': '#14FAEE', 'agent_name': '#B80926', 'signed_by_master': '#17D6AD', 'airport_of_destination': '#A4F43B', 'master_name': '#43460C', 'notify_party_name': '#079731'}
2024-03-14 11:14:14,201 is result_set is instance of dict? True
2024-03-14 11:14:14,205 is final_result_set is instance of dict? True
2024-03-14 11:14:14,515 Time taken for page 1 of Bill_Of_Landing_486_page_1.png:0:00:04.316872
2024-03-14 11:14:14,674 *****Generated All Pages****** for Bill_Of_Landing_486_page_1.png
2024-03-14 11:14:14,674 RAM memory 76.2 used for Bill_Of_Landing_486_page_1.png Generating All Pages:
2024-03-14 11:14:14,674 Processing time taken for all pages of Bill_Of_Landing_486_page_1.png1:0:00:04.476535
2024-03-14 11:14:14,850 file name is:Bill_Of_Landing_578_page_1.png
2024-03-14 11:14:14,850 folder path :Images
2024-03-14 11:14:14,850 Calling Image result
2024-03-14 11:14:14,850 is all_page_result is instance of dict? True
2024-03-14 11:14:14,851 STREAM b'IHDR' 16 13
2024-03-14 11:14:14,851 STREAM b'IDAT' 41 60137
2024-03-14 11:14:14,894 is words is instance of list? True
2024-03-14 11:14:14,894 is bboxes is instance of list? True
2024-03-14 11:14:14,894 is bounding_boxes is instance of list? True
2024-03-14 11:14:15,118 is input_id_chunks is instance of list? True
2024-03-14 11:14:15,118 is mask_chunks is instance of list? True
2024-03-14 11:14:15,118 is bbox_chunks is instance of list? True
2024-03-14 11:14:15,118 is image_chunks is instance of list? True
2024-03-14 11:14:15,119 is input_dict is instance of dict? True
2024-03-14 11:14:17,414 Model Called
2024-03-14 11:14:17,414 RAM memory 68.9 used for Bill_Of_Landing_578_page_1.png:
2024-03-14 11:14:17,415 is all_predictions is instance of list? True
2024-03-14 11:14:17,415 is all_boxes is instance of list? True
2024-03-14 11:14:17,415 is all_confidences is instance of list? True
2024-03-14 11:14:17,415 is all_text is instance of list? True
2024-03-14 11:14:17,415 is label2id is instance of dict? True
2024-03-14 11:14:17,415 is id2label is instance of dict? True
2024-03-14 11:14:17,416 is label2color is instance of dict? True
2024-03-14 11:14:17,416 label2color : {'lc_date': '#B842AE', 'stamp': '#AECC40', 'transaction_date': '#2198CC', 'carriage_condition': '#E86C94', 'carrier_address': '#29017B', 'gross_weight': '#29B680', 'goods_description': '#A84DFD', 'gross_quantity': '#72A45A', 'consignee_address': '#2120BF', 'signature': '#BA1FAE', 'awb_original_or_copy': '#39D98A', 'declared_value_of_custom': '#017430', 'carrier_name': '#8407F1', 'at_place': '#DD7680', 'shipment_date': '#4A15EB', 'shipper_address': '#D7F378', 'net_weight': '#DDAF9B', 'consignee_name': '#12E4E7', 'invoice_number': '#AC4C6C', 'awb_bill_no': '#628C85', 'dimension': '#090DEA', 'O': '#26970F', 'declared_value_of_carriage': '#99D781', 'final_destination': '#C50BDD', 'awb_bill_issue_date': '#9373B7', 'lc_no': '#2D08F7', 'signed_by_agent': '#3E152A', 'flight_date': '#78E754', 'agent_address': '#CCE14A', 'freight_collect_or_prepaid': '#2A3787', 'flight_details': '#904F47', 'notify_party_address': '#0537F8', 'shipper_name': '#E7ABA1', 'signed_by_carrier': '#2EE4CE', 'stamped_onboard_date': '#EF22A4', 'awb_original_number': '#C50D02', 'flight_no': '#8FCDEF', 'freight_collected_at': '#7945CA', 'amount_insurance': '#A28C65', 'house_awb_bill_no': '#5F32B6', 'master_awb_bill_no': '#54E279', 'airport_of_departure': '#0BE75D', 'invoice_date': '#0E4431', 'good_marks': '#CD2DD8', 'place_of_receipt': '#B8BFA7', 'agent_name': '#0362AB', 'signed_by_master': '#4E1B2C', 'airport_of_destination': '#25D8F7', 'master_name': '#B07055', 'notify_party_name': '#24A31E'}
2024-03-14 11:14:17,601 is result_set is instance of dict? True
2024-03-14 11:14:17,602 is final_result_set is instance of dict? True
2024-03-14 11:14:17,879 Time taken for page 1 of Bill_Of_Landing_578_page_1.png:0:00:03.028275
2024-03-14 11:14:18,035 *****Generated All Pages****** for Bill_Of_Landing_578_page_1.png
2024-03-14 11:14:18,035 RAM memory 69.0 used for Bill_Of_Landing_578_page_1.png Generating All Pages:
2024-03-14 11:14:18,035 Processing time taken for all pages of Bill_Of_Landing_578_page_1.png1:0:00:03.184858
2024-03-14 11:14:18,157 file name is:Bill_Of_Landing_562_page_23.png
2024-03-14 11:14:18,158 folder path :Images
2024-03-14 11:14:18,158 Calling Image result
2024-03-14 11:14:18,158 is all_page_result is instance of dict? True
2024-03-14 11:14:18,158 STREAM b'IHDR' 16 13
2024-03-14 11:14:18,158 STREAM b'IDAT' 41 65536
2024-03-14 11:14:18,198 is words is instance of list? True
2024-03-14 11:14:18,198 is bboxes is instance of list? True
2024-03-14 11:14:18,198 is bounding_boxes is instance of list? True
2024-03-14 11:14:18,402 is input_id_chunks is instance of list? True
2024-03-14 11:14:18,402 is mask_chunks is instance of list? True
2024-03-14 11:14:18,402 is bbox_chunks is instance of list? True
2024-03-14 11:14:18,402 is image_chunks is instance of list? True
2024-03-14 11:14:18,403 is input_dict is instance of dict? True
2024-03-14 11:14:20,761 Model Called
2024-03-14 11:14:20,762 RAM memory 69.0 used for Bill_Of_Landing_562_page_23.png:
2024-03-14 11:14:20,762 is all_predictions is instance of list? True
2024-03-14 11:14:20,762 is all_boxes is instance of list? True
2024-03-14 11:14:20,762 is all_confidences is instance of list? True
2024-03-14 11:14:20,762 is all_text is instance of list? True
2024-03-14 11:14:20,762 is label2id is instance of dict? True
2024-03-14 11:14:20,762 is id2label is instance of dict? True
2024-03-14 11:14:20,763 is label2color is instance of dict? True
2024-03-14 11:14:20,763 label2color : {'lc_date': '#C714E0', 'stamp': '#53DC83', 'transaction_date': '#87F99E', 'carriage_condition': '#77CFC9', 'carrier_address': '#3A49CB', 'gross_weight': '#2C60DE', 'goods_description': '#A490B8', 'gross_quantity': '#00A553', 'consignee_address': '#3FAE00', 'signature': '#D90CF2', 'awb_original_or_copy': '#C0CCF1', 'declared_value_of_custom': '#8D64D1', 'carrier_name': '#EBED18', 'at_place': '#EF6E49', 'shipment_date': '#A44EFE', 'shipper_address': '#654B9A', 'net_weight': '#9A81F0', 'consignee_name': '#7D76CF', 'invoice_number': '#A715AB', 'awb_bill_no': '#F63B7D', 'dimension': '#D91178', 'O': '#31BA27', 'declared_value_of_carriage': '#66BA8B', 'final_destination': '#581EA7', 'awb_bill_issue_date': '#66CAE6', 'lc_no': '#767BDC', 'signed_by_agent': '#FDD2E2', 'flight_date': '#2B8D2F', 'agent_address': '#24C9A9', 'freight_collect_or_prepaid': '#AE56F4', 'flight_details': '#803582', 'notify_party_address': '#0B600A', 'shipper_name': '#8D99E4', 'signed_by_carrier': '#804196', 'stamped_onboard_date': '#C6BAB0', 'awb_original_number': '#0BB7AE', 'flight_no': '#F332BE', 'freight_collected_at': '#787EB4', 'amount_insurance': '#ABC7F4', 'house_awb_bill_no': '#F21C15', 'master_awb_bill_no': '#583F3A', 'airport_of_departure': '#5D72B0', 'invoice_date': '#A8368B', 'good_marks': '#D80632', 'place_of_receipt': '#CCAA58', 'agent_name': '#EE710E', 'signed_by_master': '#433DE1', 'airport_of_destination': '#AF068A', 'master_name': '#CEE691', 'notify_party_name': '#8C1D16'}
2024-03-14 11:14:20,957 is result_set is instance of dict? True
2024-03-14 11:14:20,959 is final_result_set is instance of dict? True
2024-03-14 11:14:21,236 Time taken for page 1 of Bill_Of_Landing_562_page_23.png:0:00:03.077328
2024-03-14 11:14:21,409 *****Generated All Pages****** for Bill_Of_Landing_562_page_23.png
2024-03-14 11:14:21,409 RAM memory 69.1 used for Bill_Of_Landing_562_page_23.png Generating All Pages:
2024-03-14 11:14:21,409 Processing time taken for all pages of Bill_Of_Landing_562_page_23.png1:0:00:03.251177
2024-03-14 11:14:21,529 file name is:Bill_Of_Landing_511_page_5.png
2024-03-14 11:14:21,530 folder path :Images
2024-03-14 11:14:21,530 Calling Image result
2024-03-14 11:14:21,530 is all_page_result is instance of dict? True
2024-03-14 11:14:21,530 STREAM b'IHDR' 16 13
2024-03-14 11:14:21,530 STREAM b'IDAT' 41 65536
2024-03-14 11:14:21,569 is words is instance of list? True
2024-03-14 11:14:21,569 is bboxes is instance of list? True
2024-03-14 11:14:21,569 is bounding_boxes is instance of list? True
2024-03-14 11:14:21,776 is input_id_chunks is instance of list? True
2024-03-14 11:14:21,776 is mask_chunks is instance of list? True
2024-03-14 11:14:21,776 is bbox_chunks is instance of list? True
2024-03-14 11:14:21,776 is image_chunks is instance of list? True
2024-03-14 11:14:21,776 is input_dict is instance of dict? True
2024-03-14 11:14:24,070 Model Called
2024-03-14 11:14:24,071 RAM memory 68.8 used for Bill_Of_Landing_511_page_5.png:
2024-03-14 11:14:24,071 is all_predictions is instance of list? True
2024-03-14 11:14:24,071 is all_boxes is instance of list? True
2024-03-14 11:14:24,071 is all_confidences is instance of list? True
2024-03-14 11:14:24,071 is all_text is instance of list? True
2024-03-14 11:14:24,071 is label2id is instance of dict? True
2024-03-14 11:14:24,071 is id2label is instance of dict? True
2024-03-14 11:14:24,072 is label2color is instance of dict? True
2024-03-14 11:14:24,072 label2color : {'lc_date': '#B08350', 'stamp': '#C59E72', 'transaction_date': '#F4C6B8', 'carriage_condition': '#813987', 'carrier_address': '#7EC891', 'gross_weight': '#CE6196', 'goods_description': '#3F30E0', 'gross_quantity': '#D46148', 'consignee_address': '#F9B7DB', 'signature': '#C08B4B', 'awb_original_or_copy': '#71775F', 'declared_value_of_custom': '#F7FAC3', 'carrier_name': '#3C031F', 'at_place': '#61DD2C', 'shipment_date': '#42932E', 'shipper_address': '#A8CE6C', 'net_weight': '#7A6DFB', 'consignee_name': '#F35C33', 'invoice_number': '#92BFB3', 'awb_bill_no': '#1C61F6', 'dimension': '#78DA48', 'O': '#497A0E', 'declared_value_of_carriage': '#5AB077', 'final_destination': '#704F5D', 'awb_bill_issue_date': '#F35152', 'lc_no': '#1DA13D', 'signed_by_agent': '#61CE05', 'flight_date': '#3892D0', 'agent_address': '#B92F30', 'freight_collect_or_prepaid': '#7272AD', 'flight_details': '#F08DFA', 'notify_party_address': '#A28435', 'shipper_name': '#C43034', 'signed_by_carrier': '#20CC7F', 'stamped_onboard_date': '#FCDCCF', 'awb_original_number': '#29CBA7', 'flight_no': '#7ED136', 'freight_collected_at': '#106A68', 'amount_insurance': '#0C4496', 'house_awb_bill_no': '#D46CFD', 'master_awb_bill_no': '#9238B9', 'airport_of_departure': '#55C83D', 'invoice_date': '#82044D', 'good_marks': '#438541', 'place_of_receipt': '#7069A3', 'agent_name': '#BC333C', 'signed_by_master': '#104204', 'airport_of_destination': '#9AAF80', 'master_name': '#F40D47', 'notify_party_name': '#AD07B3'}
2024-03-14 11:14:24,261 is result_set is instance of dict? True
2024-03-14 11:14:24,264 is final_result_set is instance of dict? True
2024-03-14 11:14:24,653 Time taken for page 1 of Bill_Of_Landing_511_page_5.png:0:00:03.123208
2024-03-14 11:14:24,816 *****Generated All Pages****** for Bill_Of_Landing_511_page_5.png
2024-03-14 11:14:24,817 RAM memory 69.1 used for Bill_Of_Landing_511_page_5.png Generating All Pages:
2024-03-14 11:14:24,817 Processing time taken for all pages of Bill_Of_Landing_511_page_5.png1:0:00:03.286832
2024-03-14 11:14:24,931 file name is:Bill_Of_Landing_609_page_0.png
2024-03-14 11:14:24,931 folder path :Images
2024-03-14 11:14:24,931 Calling Image result
2024-03-14 11:14:24,931 is all_page_result is instance of dict? True
2024-03-14 11:14:24,931 STREAM b'IHDR' 16 13
2024-03-14 11:14:24,931 STREAM b'IDAT' 41 65536
2024-03-14 11:14:24,965 is words is instance of list? True
2024-03-14 11:14:24,965 is bboxes is instance of list? True
2024-03-14 11:14:24,965 is bounding_boxes is instance of list? True
2024-03-14 11:14:25,184 is input_id_chunks is instance of list? True
2024-03-14 11:14:25,184 is mask_chunks is instance of list? True
2024-03-14 11:14:25,184 is bbox_chunks is instance of list? True
2024-03-14 11:14:25,184 is image_chunks is instance of list? True
2024-03-14 11:14:25,185 is input_dict is instance of dict? True
2024-03-14 11:14:28,631 Model Called
2024-03-14 11:14:28,632 RAM memory 75.9 used for Bill_Of_Landing_609_page_0.png:
2024-03-14 11:14:28,632 is all_predictions is instance of list? True
2024-03-14 11:14:28,632 is all_boxes is instance of list? True
2024-03-14 11:14:28,632 is all_confidences is instance of list? True
2024-03-14 11:14:28,632 is all_text is instance of list? True
2024-03-14 11:14:28,632 is label2id is instance of dict? True
2024-03-14 11:14:28,632 is id2label is instance of dict? True
2024-03-14 11:14:28,633 is label2color is instance of dict? True
2024-03-14 11:14:28,633 label2color : {'lc_date': '#BA2768', 'stamp': '#ECC2FE', 'transaction_date': '#0F84C4', 'carriage_condition': '#CDB8CD', 'carrier_address': '#5D9E9D', 'gross_weight': '#323424', 'goods_description': '#76886F', 'gross_quantity': '#84C878', 'consignee_address': '#C3DA66', 'signature': '#B53C2A', 'awb_original_or_copy': '#EFF4AD', 'declared_value_of_custom': '#A2D2AC', 'carrier_name': '#0FE9D5', 'at_place': '#E59034', 'shipment_date': '#294307', 'shipper_address': '#16B302', 'net_weight': '#E6F20F', 'consignee_name': '#4B6295', 'invoice_number': '#DD9F54', 'awb_bill_no': '#061DD5', 'dimension': '#82F7F7', 'O': '#917603', 'declared_value_of_carriage': '#332722', 'final_destination': '#EA1394', 'awb_bill_issue_date': '#14A967', 'lc_no': '#A40FED', 'signed_by_agent': '#B767DB', 'flight_date': '#4A5909', 'agent_address': '#96BE95', 'freight_collect_or_prepaid': '#B70123', 'flight_details': '#6FBF2E', 'notify_party_address': '#4F5C97', 'shipper_name': '#38ECEC', 'signed_by_carrier': '#725B12', 'stamped_onboard_date': '#B6E37B', 'awb_original_number': '#693A92', 'flight_no': '#B326F3', 'freight_collected_at': '#81E0BE', 'amount_insurance': '#314E73', 'house_awb_bill_no': '#BDDDA5', 'master_awb_bill_no': '#442418', 'airport_of_departure': '#7716F7', 'invoice_date': '#393E12', 'good_marks': '#614415', 'place_of_receipt': '#4AADCD', 'agent_name': '#9DCC3B', 'signed_by_master': '#CE0277', 'airport_of_destination': '#EA7C6D', 'master_name': '#E3F15F', 'notify_party_name': '#3E97EC'}
2024-03-14 11:14:28,894 is result_set is instance of dict? True
2024-03-14 11:14:28,897 is final_result_set is instance of dict? True
2024-03-14 11:14:29,245 Time taken for page 1 of Bill_Of_Landing_609_page_0.png:0:00:04.313195
2024-03-14 11:14:29,411 *****Generated All Pages****** for Bill_Of_Landing_609_page_0.png
2024-03-14 11:14:29,411 RAM memory 76.0 used for Bill_Of_Landing_609_page_0.png Generating All Pages:
2024-03-14 11:14:29,411 Processing time taken for all pages of Bill_Of_Landing_609_page_0.png1:0:00:04.479735
2024-03-14 11:14:29,559 file name is:Bill_Of_Landing_562_page_3.png
2024-03-14 11:14:29,559 folder path :Images
2024-03-14 11:14:29,559 Calling Image result
2024-03-14 11:14:29,559 is all_page_result is instance of dict? True
2024-03-14 11:14:29,559 STREAM b'IHDR' 16 13
2024-03-14 11:14:29,559 STREAM b'IDAT' 41 59926
2024-03-14 11:14:29,591 is words is instance of list? True
2024-03-14 11:14:29,591 is bboxes is instance of list? True
2024-03-14 11:14:29,591 is bounding_boxes is instance of list? True
2024-03-14 11:14:29,792 is input_id_chunks is instance of list? True
2024-03-14 11:14:29,792 is mask_chunks is instance of list? True
2024-03-14 11:14:29,792 is bbox_chunks is instance of list? True
2024-03-14 11:14:29,792 is image_chunks is instance of list? True
2024-03-14 11:14:29,792 is input_dict is instance of dict? True
2024-03-14 11:14:32,087 Model Called
2024-03-14 11:14:32,087 RAM memory 71.7 used for Bill_Of_Landing_562_page_3.png:
2024-03-14 11:14:32,087 is all_predictions is instance of list? True
2024-03-14 11:14:32,087 is all_boxes is instance of list? True
2024-03-14 11:14:32,087 is all_confidences is instance of list? True
2024-03-14 11:14:32,087 is all_text is instance of list? True
2024-03-14 11:14:32,088 is label2id is instance of dict? True
2024-03-14 11:14:32,088 is id2label is instance of dict? True
2024-03-14 11:14:32,089 is label2color is instance of dict? True
2024-03-14 11:14:32,089 label2color : {'lc_date': '#9EF043', 'stamp': '#996050', 'transaction_date': '#6613A0', 'carriage_condition': '#271D0B', 'carrier_address': '#674B0F', 'gross_weight': '#723C8A', 'goods_description': '#426F99', 'gross_quantity': '#FC126B', 'consignee_address': '#CF4671', 'signature': '#7CB843', 'awb_original_or_copy': '#40AF60', 'declared_value_of_custom': '#50725D', 'carrier_name': '#B0C330', 'at_place': '#7EAF51', 'shipment_date': '#EFCEDB', 'shipper_address': '#C834C3', 'net_weight': '#94A3A7', 'consignee_name': '#88EFAC', 'invoice_number': '#1127B9', 'awb_bill_no': '#1BEC76', 'dimension': '#393F02', 'O': '#8542B4', 'declared_value_of_carriage': '#489B06', 'final_destination': '#40028E', 'awb_bill_issue_date': '#AD3651', 'lc_no': '#519D0B', 'signed_by_agent': '#1CBC23', 'flight_date': '#B451CB', 'agent_address': '#7D83F8', 'freight_collect_or_prepaid': '#52F457', 'flight_details': '#E27725', 'notify_party_address': '#BE868E', 'shipper_name': '#6D32FB', 'signed_by_carrier': '#345D51', 'stamped_onboard_date': '#17945A', 'awb_original_number': '#408B7F', 'flight_no': '#72B6F9', 'freight_collected_at': '#83F44A', 'amount_insurance': '#402277', 'house_awb_bill_no': '#343A52', 'master_awb_bill_no': '#8864E9', 'airport_of_departure': '#1AFF8B', 'invoice_date': '#9CD502', 'good_marks': '#44AA6A', 'place_of_receipt': '#32E034', 'agent_name': '#6BE987', 'signed_by_master': '#F54995', 'airport_of_destination': '#FDF0D3', 'master_name': '#DD0BA9', 'notify_party_name': '#D66462'}
2024-03-14 11:14:32,270 is result_set is instance of dict? True
2024-03-14 11:14:32,272 is final_result_set is instance of dict? True
2024-03-14 11:14:32,525 Time taken for page 1 of Bill_Of_Landing_562_page_3.png:0:00:02.965167
2024-03-14 11:14:32,670 *****Generated All Pages****** for Bill_Of_Landing_562_page_3.png
2024-03-14 11:14:32,670 RAM memory 71.8 used for Bill_Of_Landing_562_page_3.png Generating All Pages:
2024-03-14 11:14:32,670 Processing time taken for all pages of Bill_Of_Landing_562_page_3.png1:0:00:03.111194
2024-03-14 11:14:32,797 file name is:Bill_Of_Landing_815_page_1.png
2024-03-14 11:14:32,797 folder path :Images
2024-03-14 11:14:32,797 Calling Image result
2024-03-14 11:14:32,797 is all_page_result is instance of dict? True
2024-03-14 11:14:32,797 STREAM b'IHDR' 16 13
2024-03-14 11:14:32,798 STREAM b'IDAT' 41 65536
2024-03-14 11:14:32,915 is words is instance of list? True
2024-03-14 11:14:32,915 is bboxes is instance of list? True
2024-03-14 11:14:32,915 is bounding_boxes is instance of list? True
2024-03-14 11:14:34,454 is input_id_chunks is instance of list? True
2024-03-14 11:14:34,454 is mask_chunks is instance of list? True
2024-03-14 11:14:34,454 is bbox_chunks is instance of list? True
2024-03-14 11:14:34,454 is image_chunks is instance of list? True
2024-03-14 11:14:34,455 is input_dict is instance of dict? True
2024-03-14 11:14:36,757 Model Called
2024-03-14 11:14:36,758 RAM memory 70.7 used for Bill_Of_Landing_815_page_1.png:
2024-03-14 11:14:36,758 is all_predictions is instance of list? True
2024-03-14 11:14:36,758 is all_boxes is instance of list? True
2024-03-14 11:14:36,758 is all_confidences is instance of list? True
2024-03-14 11:14:36,758 is all_text is instance of list? True
2024-03-14 11:14:36,758 is label2id is instance of dict? True
2024-03-14 11:14:36,758 is id2label is instance of dict? True
2024-03-14 11:14:36,759 is label2color is instance of dict? True
2024-03-14 11:14:36,759 label2color : {'lc_date': '#4174E9', 'stamp': '#E32E0E', 'transaction_date': '#09F5A4', 'carriage_condition': '#61987F', 'carrier_address': '#A30A77', 'gross_weight': '#7F31D5', 'goods_description': '#BF6445', 'gross_quantity': '#52FECF', 'consignee_address': '#82143A', 'signature': '#A8B328', 'awb_original_or_copy': '#95D447', 'declared_value_of_custom': '#7DBEB1', 'carrier_name': '#279A00', 'at_place': '#5121D1', 'shipment_date': '#805704', 'shipper_address': '#6B8DCE', 'net_weight': '#46FF46', 'consignee_name': '#63D4F5', 'invoice_number': '#1B41F1', 'awb_bill_no': '#8A3227', 'dimension': '#749E87', 'O': '#667EDE', 'declared_value_of_carriage': '#4B1EA4', 'final_destination': '#983077', 'awb_bill_issue_date': '#6DC697', 'lc_no': '#95CB8C', 'signed_by_agent': '#5A212A', 'flight_date': '#12CCCC', 'agent_address': '#816A7D', 'freight_collect_or_prepaid': '#FB3F6F', 'flight_details': '#D93BD9', 'notify_party_address': '#21E49C', 'shipper_name': '#E16BE0', 'signed_by_carrier': '#A0F26F', 'stamped_onboard_date': '#AEE9B7', 'awb_original_number': '#13C885', 'flight_no': '#08AC0C', 'freight_collected_at': '#54C739', 'amount_insurance': '#FF6155', 'house_awb_bill_no': '#E4124B', 'master_awb_bill_no': '#E73B16', 'airport_of_departure': '#DD769C', 'invoice_date': '#690D7C', 'good_marks': '#9884FD', 'place_of_receipt': '#2899EF', 'agent_name': '#F7A35C', 'signed_by_master': '#6F4385', 'airport_of_destination': '#0D8094', 'master_name': '#AFC2C3', 'notify_party_name': '#774A5D'}
2024-03-14 11:14:37,492 is result_set is instance of dict? True
2024-03-14 11:14:37,493 is final_result_set is instance of dict? True
2024-03-14 11:14:37,786 Time taken for page 1 of Bill_Of_Landing_815_page_1.png:0:00:04.988292
2024-03-14 11:14:38,261 *****Generated All Pages****** for Bill_Of_Landing_815_page_1.png
2024-03-14 11:14:38,261 RAM memory 70.9 used for Bill_Of_Landing_815_page_1.png Generating All Pages:
2024-03-14 11:14:38,261 Processing time taken for all pages of Bill_Of_Landing_815_page_1.png1:0:00:05.464153
2024-03-14 11:14:38,389 file name is:Bill_Of_Landing_263_page_0.png
2024-03-14 11:14:38,389 folder path :Images
2024-03-14 11:14:38,389 Calling Image result
2024-03-14 11:14:38,390 is all_page_result is instance of dict? True
2024-03-14 11:14:38,390 STREAM b'IHDR' 16 13
2024-03-14 11:14:38,390 STREAM b'IDAT' 41 65536
2024-03-14 11:14:38,425 is words is instance of list? True
2024-03-14 11:14:38,425 is bboxes is instance of list? True
2024-03-14 11:14:38,425 is bounding_boxes is instance of list? True
2024-03-14 11:14:38,645 is input_id_chunks is instance of list? True
2024-03-14 11:14:38,645 is mask_chunks is instance of list? True
2024-03-14 11:14:38,645 is bbox_chunks is instance of list? True
2024-03-14 11:14:38,645 is image_chunks is instance of list? True
2024-03-14 11:14:38,646 is input_dict is instance of dict? True
2024-03-14 11:14:40,954 Model Called
2024-03-14 11:14:40,955 RAM memory 68.9 used for Bill_Of_Landing_263_page_0.png:
2024-03-14 11:14:40,955 is all_predictions is instance of list? True
2024-03-14 11:14:40,955 is all_boxes is instance of list? True
2024-03-14 11:14:40,955 is all_confidences is instance of list? True
2024-03-14 11:14:40,955 is all_text is instance of list? True
2024-03-14 11:14:40,955 is label2id is instance of dict? True
2024-03-14 11:14:40,955 is id2label is instance of dict? True
2024-03-14 11:14:40,956 is label2color is instance of dict? True
2024-03-14 11:14:40,956 label2color : {'lc_date': '#BD9D06', 'stamp': '#1BB39A', 'transaction_date': '#149151', 'carriage_condition': '#9431F6', 'carrier_address': '#6E407D', 'gross_weight': '#944FE2', 'goods_description': '#0A28AD', 'gross_quantity': '#78261D', 'consignee_address': '#973BD6', 'signature': '#36FC98', 'awb_original_or_copy': '#45535F', 'declared_value_of_custom': '#50CCC7', 'carrier_name': '#6946DC', 'at_place': '#E458EE', 'shipment_date': '#6FB798', 'shipper_address': '#BFEFAE', 'net_weight': '#CE373C', 'consignee_name': '#CCC208', 'invoice_number': '#85B06F', 'awb_bill_no': '#3840C1', 'dimension': '#8B2C12', 'O': '#2F7296', 'declared_value_of_carriage': '#3B3C0F', 'final_destination': '#BED7B8', 'awb_bill_issue_date': '#15A849', 'lc_no': '#E5C4B2', 'signed_by_agent': '#AD9E97', 'flight_date': '#8B0647', 'agent_address': '#8848F9', 'freight_collect_or_prepaid': '#70FDBB', 'flight_details': '#7E5B89', 'notify_party_address': '#D6857E', 'shipper_name': '#0AB465', 'signed_by_carrier': '#698A94', 'stamped_onboard_date': '#9DF7B3', 'awb_original_number': '#C31A03', 'flight_no': '#5EC831', 'freight_collected_at': '#A08177', 'amount_insurance': '#D98B09', 'house_awb_bill_no': '#39060B', 'master_awb_bill_no': '#6F6D33', 'airport_of_departure': '#2453E1', 'invoice_date': '#EC0934', 'good_marks': '#751FFB', 'place_of_receipt': '#83C70D', 'agent_name': '#B3F4A4', 'signed_by_master': '#CA19EF', 'airport_of_destination': '#5C27EC', 'master_name': '#BAA2DD', 'notify_party_name': '#D1CB8E'}
2024-03-14 11:14:41,139 is result_set is instance of dict? True
2024-03-14 11:14:41,141 is final_result_set is instance of dict? True
2024-03-14 11:14:41,491 Time taken for page 1 of Bill_Of_Landing_263_page_0.png:0:00:03.101401
2024-03-14 11:14:41,683 *****Generated All Pages****** for Bill_Of_Landing_263_page_0.png
2024-03-14 11:14:41,684 RAM memory 69.1 used for Bill_Of_Landing_263_page_0.png Generating All Pages:
2024-03-14 11:14:41,684 Processing time taken for all pages of Bill_Of_Landing_263_page_0.png1:0:00:03.294190
2024-03-14 11:14:41,815 file name is:Bill_Of_Landing_456_page_0.png
2024-03-14 11:14:41,815 folder path :Images
2024-03-14 11:14:41,815 Calling Image result
2024-03-14 11:14:41,815 is all_page_result is instance of dict? True
2024-03-14 11:14:41,816 STREAM b'IHDR' 16 13
2024-03-14 11:14:41,816 STREAM b'IDAT' 41 65536
2024-03-14 11:14:41,851 is words is instance of list? True
2024-03-14 11:14:41,851 is bboxes is instance of list? True
2024-03-14 11:14:41,851 is bounding_boxes is instance of list? True
2024-03-14 11:14:42,062 is input_id_chunks is instance of list? True
2024-03-14 11:14:42,062 is mask_chunks is instance of list? True
2024-03-14 11:14:42,062 is bbox_chunks is instance of list? True
2024-03-14 11:14:42,062 is image_chunks is instance of list? True
2024-03-14 11:14:42,063 is input_dict is instance of dict? True
2024-03-14 11:14:44,408 Model Called
2024-03-14 11:14:44,408 RAM memory 68.8 used for Bill_Of_Landing_456_page_0.png:
2024-03-14 11:14:44,408 is all_predictions is instance of list? True
2024-03-14 11:14:44,408 is all_boxes is instance of list? True
2024-03-14 11:14:44,408 is all_confidences is instance of list? True
2024-03-14 11:14:44,408 is all_text is instance of list? True
2024-03-14 11:14:44,409 is label2id is instance of dict? True
2024-03-14 11:14:44,409 is id2label is instance of dict? True
2024-03-14 11:14:44,410 is label2color is instance of dict? True
2024-03-14 11:14:44,410 label2color : {'lc_date': '#C319F5', 'stamp': '#53949F', 'transaction_date': '#0F90E3', 'carriage_condition': '#5D5991', 'carrier_address': '#58A12C', 'gross_weight': '#814EB6', 'goods_description': '#1E7CEE', 'gross_quantity': '#670E1F', 'consignee_address': '#012AF7', 'signature': '#F2E00C', 'awb_original_or_copy': '#6B7B56', 'declared_value_of_custom': '#32D90C', 'carrier_name': '#E86B9A', 'at_place': '#18807A', 'shipment_date': '#3693E2', 'shipper_address': '#301A68', 'net_weight': '#4DC08C', 'consignee_name': '#0EB1D8', 'invoice_number': '#F243AC', 'awb_bill_no': '#57211C', 'dimension': '#419AFE', 'O': '#F75BB1', 'declared_value_of_carriage': '#54489E', 'final_destination': '#8A3A05', 'awb_bill_issue_date': '#332DCC', 'lc_no': '#3DEB47', 'signed_by_agent': '#C0AD23', 'flight_date': '#5B44B8', 'agent_address': '#9A5B40', 'freight_collect_or_prepaid': '#97E2B8', 'flight_details': '#ECC9F8', 'notify_party_address': '#AD203C', 'shipper_name': '#8EB1E4', 'signed_by_carrier': '#C173A4', 'stamped_onboard_date': '#0C2B4D', 'awb_original_number': '#615AA5', 'flight_no': '#17E17F', 'freight_collected_at': '#CF0349', 'amount_insurance': '#939F68', 'house_awb_bill_no': '#362F8F', 'master_awb_bill_no': '#8C3218', 'airport_of_departure': '#96AA35', 'invoice_date': '#B7F2D7', 'good_marks': '#B10A76', 'place_of_receipt': '#CE41D7', 'agent_name': '#42E76A', 'signed_by_master': '#E8CA9E', 'airport_of_destination': '#EBAEDB', 'master_name': '#B1AE90', 'notify_party_name': '#D2C631'}
2024-03-14 11:14:44,595 is result_set is instance of dict? True
2024-03-14 11:14:44,597 is final_result_set is instance of dict? True
2024-03-14 11:14:44,856 Time taken for page 1 of Bill_Of_Landing_456_page_0.png:0:00:03.039813
2024-03-14 11:14:45,009 *****Generated All Pages****** for Bill_Of_Landing_456_page_0.png
2024-03-14 11:14:45,009 RAM memory 68.8 used for Bill_Of_Landing_456_page_0.png Generating All Pages:
2024-03-14 11:14:45,009 Processing time taken for all pages of Bill_Of_Landing_456_page_0.png1:0:00:03.193940
2024-03-14 11:14:45,134 file name is:Bill_Of_Landing_633_page_0.png
2024-03-14 11:14:45,134 folder path :Images
2024-03-14 11:14:45,135 Calling Image result
2024-03-14 11:14:45,135 is all_page_result is instance of dict? True
2024-03-14 11:14:45,135 STREAM b'IHDR' 16 13
2024-03-14 11:14:45,135 STREAM b'IDAT' 41 65536
2024-03-14 11:14:45,173 is words is instance of list? True
2024-03-14 11:14:45,173 is bboxes is instance of list? True
2024-03-14 11:14:45,173 is bounding_boxes is instance of list? True
2024-03-14 11:14:45,382 is input_id_chunks is instance of list? True
2024-03-14 11:14:45,382 is mask_chunks is instance of list? True
2024-03-14 11:14:45,382 is bbox_chunks is instance of list? True
2024-03-14 11:14:45,382 is image_chunks is instance of list? True
2024-03-14 11:14:45,383 is input_dict is instance of dict? True
2024-03-14 11:14:47,689 Model Called
2024-03-14 11:14:47,689 RAM memory 68.6 used for Bill_Of_Landing_633_page_0.png:
2024-03-14 11:14:47,689 is all_predictions is instance of list? True
2024-03-14 11:14:47,689 is all_boxes is instance of list? True
2024-03-14 11:14:47,689 is all_confidences is instance of list? True
2024-03-14 11:14:47,689 is all_text is instance of list? True
2024-03-14 11:14:47,690 is label2id is instance of dict? True
2024-03-14 11:14:47,690 is id2label is instance of dict? True
2024-03-14 11:14:47,691 is label2color is instance of dict? True
2024-03-14 11:14:47,691 label2color : {'lc_date': '#4E21EC', 'stamp': '#ED5BC0', 'transaction_date': '#6E3648', 'carriage_condition': '#A78CFC', 'carrier_address': '#FBA50C', 'gross_weight': '#79D0D4', 'goods_description': '#39359E', 'gross_quantity': '#188A60', 'consignee_address': '#FC7F3A', 'signature': '#301D85', 'awb_original_or_copy': '#E1EA7E', 'declared_value_of_custom': '#481134', 'carrier_name': '#B8651E', 'at_place': '#45329A', 'shipment_date': '#4F8EDE', 'shipper_address': '#69E02A', 'net_weight': '#92DB7F', 'consignee_name': '#E2CC79', 'invoice_number': '#652692', 'awb_bill_no': '#AEB935', 'dimension': '#CD1B62', 'O': '#89DF93', 'declared_value_of_carriage': '#80A5A2', 'final_destination': '#7212E5', 'awb_bill_issue_date': '#7EE6F5', 'lc_no': '#94A4C9', 'signed_by_agent': '#D1768A', 'flight_date': '#175EA8', 'agent_address': '#EBC943', 'freight_collect_or_prepaid': '#B8AABB', 'flight_details': '#8645CE', 'notify_party_address': '#534C40', 'shipper_name': '#7D085D', 'signed_by_carrier': '#A3E028', 'stamped_onboard_date': '#48F1B7', 'awb_original_number': '#F76622', 'flight_no': '#8E672B', 'freight_collected_at': '#58FD59', 'amount_insurance': '#251724', 'house_awb_bill_no': '#825ACD', 'master_awb_bill_no': '#1D6377', 'airport_of_departure': '#D18EA3', 'invoice_date': '#6919B4', 'good_marks': '#99332A', 'place_of_receipt': '#A4B210', 'agent_name': '#29E608', 'signed_by_master': '#B8852A', 'airport_of_destination': '#3E8A86', 'master_name': '#2D8A0D', 'notify_party_name': '#C247BF'}
2024-03-14 11:14:47,889 is result_set is instance of dict? True
2024-03-14 11:14:47,891 is final_result_set is instance of dict? True
2024-03-14 11:14:48,177 Time taken for page 1 of Bill_Of_Landing_633_page_0.png:0:00:03.041889
2024-03-14 11:14:48,363 *****Generated All Pages****** for Bill_Of_Landing_633_page_0.png
2024-03-14 11:14:48,363 RAM memory 68.7 used for Bill_Of_Landing_633_page_0.png Generating All Pages:
2024-03-14 11:14:48,363 Processing time taken for all pages of Bill_Of_Landing_633_page_0.png1:0:00:03.228622
2024-03-14 11:14:48,482 file name is:Bill_Of_Landing_511_page_2.png
2024-03-14 11:14:48,482 folder path :Images
2024-03-14 11:14:48,482 Calling Image result
2024-03-14 11:14:48,482 is all_page_result is instance of dict? True
2024-03-14 11:14:48,482 STREAM b'IHDR' 16 13
2024-03-14 11:14:48,482 STREAM b'IDAT' 41 65536
2024-03-14 11:14:48,517 is words is instance of list? True
2024-03-14 11:14:48,517 is bboxes is instance of list? True
2024-03-14 11:14:48,517 is bounding_boxes is instance of list? True
2024-03-14 11:14:48,727 is input_id_chunks is instance of list? True
2024-03-14 11:14:48,727 is mask_chunks is instance of list? True
2024-03-14 11:14:48,727 is bbox_chunks is instance of list? True
2024-03-14 11:14:48,727 is image_chunks is instance of list? True
2024-03-14 11:14:48,727 is input_dict is instance of dict? True
2024-03-14 11:14:51,011 Model Called
2024-03-14 11:14:51,011 RAM memory 68.7 used for Bill_Of_Landing_511_page_2.png:
2024-03-14 11:14:51,011 is all_predictions is instance of list? True
2024-03-14 11:14:51,011 is all_boxes is instance of list? True
2024-03-14 11:14:51,011 is all_confidences is instance of list? True
2024-03-14 11:14:51,011 is all_text is instance of list? True
2024-03-14 11:14:51,012 is label2id is instance of dict? True
2024-03-14 11:14:51,012 is id2label is instance of dict? True
2024-03-14 11:14:51,013 is label2color is instance of dict? True
2024-03-14 11:14:51,013 label2color : {'lc_date': '#3577D5', 'stamp': '#B8BABA', 'transaction_date': '#8B771E', 'carriage_condition': '#B0D64E', 'carrier_address': '#15F271', 'gross_weight': '#D23058', 'goods_description': '#74F65D', 'gross_quantity': '#A3CC45', 'consignee_address': '#F34B60', 'signature': '#CB47FD', 'awb_original_or_copy': '#6354E9', 'declared_value_of_custom': '#221A89', 'carrier_name': '#18C52A', 'at_place': '#9B9D0D', 'shipment_date': '#482180', 'shipper_address': '#C69DE5', 'net_weight': '#A55C99', 'consignee_name': '#6764F9', 'invoice_number': '#43CCDD', 'awb_bill_no': '#2AE423', 'dimension': '#70EB19', 'O': '#01A5DD', 'declared_value_of_carriage': '#2F5847', 'final_destination': '#C15B6D', 'awb_bill_issue_date': '#DA17ED', 'lc_no': '#0DCED8', 'signed_by_agent': '#4C1507', 'flight_date': '#4A808C', 'agent_address': '#4B406F', 'freight_collect_or_prepaid': '#4D40EB', 'flight_details': '#4BA899', 'notify_party_address': '#0EBD3B', 'shipper_name': '#85702C', 'signed_by_carrier': '#FE98D9', 'stamped_onboard_date': '#D25207', 'awb_original_number': '#11E1F1', 'flight_no': '#4E9E3F', 'freight_collected_at': '#8AEAA2', 'amount_insurance': '#24A969', 'house_awb_bill_no': '#E1EB31', 'master_awb_bill_no': '#F59970', 'airport_of_departure': '#D9E6F8', 'invoice_date': '#E5886D', 'good_marks': '#E1B872', 'place_of_receipt': '#DB446B', 'agent_name': '#923A7B', 'signed_by_master': '#70EDB1', 'airport_of_destination': '#5CC74F', 'master_name': '#D85D82', 'notify_party_name': '#CC08BA'}
2024-03-14 11:14:51,205 is result_set is instance of dict? True
2024-03-14 11:14:51,208 is final_result_set is instance of dict? True
2024-03-14 11:14:51,635 Time taken for page 1 of Bill_Of_Landing_511_page_2.png:0:00:03.152876
2024-03-14 11:14:51,806 *****Generated All Pages****** for Bill_Of_Landing_511_page_2.png
2024-03-14 11:14:51,806 RAM memory 68.7 used for Bill_Of_Landing_511_page_2.png Generating All Pages:
2024-03-14 11:14:51,806 Processing time taken for all pages of Bill_Of_Landing_511_page_2.png1:0:00:03.324377
2024-03-14 11:14:51,938 file name is:Bill_Of_Landing_349_page_2.png
2024-03-14 11:14:51,938 folder path :Images
2024-03-14 11:14:51,938 Calling Image result
2024-03-14 11:14:51,938 is all_page_result is instance of dict? True
2024-03-14 11:14:51,939 STREAM b'IHDR' 16 13
2024-03-14 11:14:51,939 STREAM b'IDAT' 41 65536
2024-03-14 11:14:51,972 is words is instance of list? True
2024-03-14 11:14:51,972 is bboxes is instance of list? True
2024-03-14 11:14:51,972 is bounding_boxes is instance of list? True
2024-03-14 11:14:52,181 is input_id_chunks is instance of list? True
2024-03-14 11:14:52,181 is mask_chunks is instance of list? True
2024-03-14 11:14:52,191 is bbox_chunks is instance of list? True
2024-03-14 11:14:52,191 is image_chunks is instance of list? True
2024-03-14 11:14:52,193 is input_dict is instance of dict? True
2024-03-14 11:14:55,661 Model Called
2024-03-14 11:14:55,661 RAM memory 75.7 used for Bill_Of_Landing_349_page_2.png:
2024-03-14 11:14:55,661 is all_predictions is instance of list? True
2024-03-14 11:14:55,661 is all_boxes is instance of list? True
2024-03-14 11:14:55,661 is all_confidences is instance of list? True
2024-03-14 11:14:55,661 is all_text is instance of list? True
2024-03-14 11:14:55,662 is label2id is instance of dict? True
2024-03-14 11:14:55,662 is id2label is instance of dict? True
2024-03-14 11:14:55,663 is label2color is instance of dict? True
2024-03-14 11:14:55,663 label2color : {'lc_date': '#39674D', 'stamp': '#C865B8', 'transaction_date': '#3356F6', 'carriage_condition': '#CC2A43', 'carrier_address': '#BEF4B5', 'gross_weight': '#83EC17', 'goods_description': '#C2E9E0', 'gross_quantity': '#E5E8A7', 'consignee_address': '#05EDDC', 'signature': '#6B27F0', 'awb_original_or_copy': '#50092C', 'declared_value_of_custom': '#13DF3B', 'carrier_name': '#8E30E3', 'at_place': '#577DDD', 'shipment_date': '#4C4A29', 'shipper_address': '#D7A001', 'net_weight': '#90A759', 'consignee_name': '#B59CE1', 'invoice_number': '#95D198', 'awb_bill_no': '#DA27D6', 'dimension': '#C86F03', 'O': '#10F865', 'declared_value_of_carriage': '#3399B0', 'final_destination': '#31D1D0', 'awb_bill_issue_date': '#59029E', 'lc_no': '#06DE4D', 'signed_by_agent': '#06BA3F', 'flight_date': '#55C36E', 'agent_address': '#96440A', 'freight_collect_or_prepaid': '#453A8B', 'flight_details': '#A16B56', 'notify_party_address': '#174860', 'shipper_name': '#56E5F2', 'signed_by_carrier': '#21FB2E', 'stamped_onboard_date': '#FF8C47', 'awb_original_number': '#EBF167', 'flight_no': '#105F88', 'freight_collected_at': '#96C095', 'amount_insurance': '#60F8C5', 'house_awb_bill_no': '#1F1E28', 'master_awb_bill_no': '#C6CD41', 'airport_of_departure': '#B0435B', 'invoice_date': '#42B3D3', 'good_marks': '#D18BC8', 'place_of_receipt': '#71E3E7', 'agent_name': '#9BB70C', 'signed_by_master': '#D47158', 'airport_of_destination': '#8A1DB4', 'master_name': '#36C2ED', 'notify_party_name': '#1E433A'}
2024-03-14 11:14:55,921 is result_set is instance of dict? True
2024-03-14 11:14:55,923 is final_result_set is instance of dict? True
2024-03-14 11:14:56,286 Time taken for page 1 of Bill_Of_Landing_349_page_2.png:0:00:04.346869
2024-03-14 11:14:56,452 *****Generated All Pages****** for Bill_Of_Landing_349_page_2.png
2024-03-14 11:14:56,453 RAM memory 75.9 used for Bill_Of_Landing_349_page_2.png Generating All Pages:
2024-03-14 11:14:56,453 Processing time taken for all pages of Bill_Of_Landing_349_page_2.png1:0:00:04.514517
2024-03-14 11:14:56,616 file name is:Packing_List_223_page_6.png
2024-03-14 11:14:56,616 folder path :Images
2024-03-14 11:14:56,616 Calling Image result
2024-03-14 11:14:56,616 is all_page_result is instance of dict? True
2024-03-14 11:14:56,617 STREAM b'IHDR' 16 13
2024-03-14 11:14:56,617 STREAM b'IDAT' 41 65536
2024-03-14 11:14:56,647 is words is instance of list? True
2024-03-14 11:14:56,647 is bboxes is instance of list? True
2024-03-14 11:14:56,647 is bounding_boxes is instance of list? True
2024-03-14 11:14:56,856 is input_id_chunks is instance of list? True
2024-03-14 11:14:56,856 is mask_chunks is instance of list? True
2024-03-14 11:14:56,856 is bbox_chunks is instance of list? True
2024-03-14 11:14:56,856 is image_chunks is instance of list? True
2024-03-14 11:14:56,857 is input_dict is instance of dict? True
2024-03-14 11:14:59,153 Model Called
2024-03-14 11:14:59,153 RAM memory 68.6 used for Packing_List_223_page_6.png:
2024-03-14 11:14:59,153 is all_predictions is instance of list? True
2024-03-14 11:14:59,153 is all_boxes is instance of list? True
2024-03-14 11:14:59,153 is all_confidences is instance of list? True
2024-03-14 11:14:59,153 is all_text is instance of list? True
2024-03-14 11:14:59,154 is label2id is instance of dict? True
2024-03-14 11:14:59,154 is id2label is instance of dict? True
2024-03-14 11:14:59,154 is label2color is instance of dict? True
2024-03-14 11:14:59,155 label2color : {'lc_date': '#E06D9F', 'stamp': '#452C08', 'transaction_date': '#418562', 'carriage_condition': '#544562', 'carrier_address': '#18449E', 'gross_weight': '#BBA671', 'goods_description': '#1AC7BA', 'gross_quantity': '#DC5969', 'consignee_address': '#DEF054', 'signature': '#31B6FA', 'awb_original_or_copy': '#32B5AC', 'declared_value_of_custom': '#9C7E85', 'carrier_name': '#2D838D', 'at_place': '#2A3712', 'shipment_date': '#E59977', 'shipper_address': '#C75B7D', 'net_weight': '#A45E66', 'consignee_name': '#12381E', 'invoice_number': '#DCE2A9', 'awb_bill_no': '#9D7930', 'dimension': '#C90DAD', 'O': '#A89849', 'declared_value_of_carriage': '#878782', 'final_destination': '#58897F', 'awb_bill_issue_date': '#FABE6E', 'lc_no': '#BCD55F', 'signed_by_agent': '#14D8D1', 'flight_date': '#E26958', 'agent_address': '#B1640F', 'freight_collect_or_prepaid': '#6D540A', 'flight_details': '#F62AB3', 'notify_party_address': '#063097', 'shipper_name': '#C3E858', 'signed_by_carrier': '#1DE1E8', 'stamped_onboard_date': '#80855C', 'awb_original_number': '#34D831', 'flight_no': '#E3BF44', 'freight_collected_at': '#B63563', 'amount_insurance': '#14F448', 'house_awb_bill_no': '#5A2C44', 'master_awb_bill_no': '#56A3A4', 'airport_of_departure': '#2F681A', 'invoice_date': '#54113F', 'good_marks': '#D2A136', 'place_of_receipt': '#6CFECF', 'agent_name': '#EBE9D7', 'signed_by_master': '#797DAF', 'airport_of_destination': '#EB4A48', 'master_name': '#1442ED', 'notify_party_name': '#84DAA8'}
2024-03-14 11:14:59,345 is result_set is instance of dict? True
2024-03-14 11:14:59,347 is final_result_set is instance of dict? True
2024-03-14 11:14:59,606 Time taken for page 1 of Packing_List_223_page_6.png:0:00:02.988859
2024-03-14 11:14:59,760 *****Generated All Pages****** for Packing_List_223_page_6.png
2024-03-14 11:14:59,760 RAM memory 68.7 used for Packing_List_223_page_6.png Generating All Pages:
2024-03-14 11:14:59,760 Processing time taken for all pages of Packing_List_223_page_6.png1:0:00:03.143914
2024-03-14 11:14:59,889 file name is:Bill_Of_Landing_562_page_15.png
2024-03-14 11:14:59,889 folder path :Images
2024-03-14 11:14:59,890 Calling Image result
2024-03-14 11:14:59,890 is all_page_result is instance of dict? True
2024-03-14 11:14:59,890 STREAM b'IHDR' 16 13
2024-03-14 11:14:59,890 STREAM b'IDAT' 41 65536
2024-03-14 11:14:59,929 is words is instance of list? True
2024-03-14 11:14:59,929 is bboxes is instance of list? True
2024-03-14 11:14:59,929 is bounding_boxes is instance of list? True
2024-03-14 11:15:00,130 is input_id_chunks is instance of list? True
2024-03-14 11:15:00,130 is mask_chunks is instance of list? True
2024-03-14 11:15:00,131 is bbox_chunks is instance of list? True
2024-03-14 11:15:00,131 is image_chunks is instance of list? True
2024-03-14 11:15:00,131 is input_dict is instance of dict? True
2024-03-14 11:15:02,457 Model Called
2024-03-14 11:15:02,457 RAM memory 68.9 used for Bill_Of_Landing_562_page_15.png:
2024-03-14 11:15:02,457 is all_predictions is instance of list? True
2024-03-14 11:15:02,457 is all_boxes is instance of list? True
2024-03-14 11:15:02,457 is all_confidences is instance of list? True
2024-03-14 11:15:02,457 is all_text is instance of list? True
2024-03-14 11:15:02,457 is label2id is instance of dict? True
2024-03-14 11:15:02,458 is id2label is instance of dict? True
2024-03-14 11:15:02,458 is label2color is instance of dict? True
2024-03-14 11:15:02,458 label2color : {'lc_date': '#2160F7', 'stamp': '#12AB07', 'transaction_date': '#42C7F7', 'carriage_condition': '#486A31', 'carrier_address': '#080BC6', 'gross_weight': '#026896', 'goods_description': '#ADA78A', 'gross_quantity': '#D95DB4', 'consignee_address': '#AB0E7A', 'signature': '#E598DF', 'awb_original_or_copy': '#2DE028', 'declared_value_of_custom': '#BB0318', 'carrier_name': '#427ADC', 'at_place': '#C748DC', 'shipment_date': '#BB7E8E', 'shipper_address': '#287A4D', 'net_weight': '#B7529C', 'consignee_name': '#386FE2', 'invoice_number': '#A4B133', 'awb_bill_no': '#CB7D95', 'dimension': '#30A428', 'O': '#EE6C84', 'declared_value_of_carriage': '#77555E', 'final_destination': '#C39323', 'awb_bill_issue_date': '#3DF1E5', 'lc_no': '#E29E1E', 'signed_by_agent': '#F3D547', 'flight_date': '#95252A', 'agent_address': '#4070FC', 'freight_collect_or_prepaid': '#5857BD', 'flight_details': '#A31BFB', 'notify_party_address': '#C48AE7', 'shipper_name': '#198CFF', 'signed_by_carrier': '#B330A5', 'stamped_onboard_date': '#F28B6E', 'awb_original_number': '#39DDB0', 'flight_no': '#68C757', 'freight_collected_at': '#735212', 'amount_insurance': '#B651D7', 'house_awb_bill_no': '#BA7978', 'master_awb_bill_no': '#2383EF', 'airport_of_departure': '#3385E1', 'invoice_date': '#BC0BB2', 'good_marks': '#7EA89F', 'place_of_receipt': '#397B79', 'agent_name': '#E7A893', 'signed_by_master': '#AFE2C3', 'airport_of_destination': '#5C4986', 'master_name': '#CF234D', 'notify_party_name': '#B486C3'}
2024-03-14 11:15:02,649 is result_set is instance of dict? True
2024-03-14 11:15:02,651 is final_result_set is instance of dict? True
2024-03-14 11:15:02,927 Time taken for page 1 of Bill_Of_Landing_562_page_15.png:0:00:03.037275
2024-03-14 11:15:03,085 *****Generated All Pages****** for Bill_Of_Landing_562_page_15.png
2024-03-14 11:15:03,086 RAM memory 69.1 used for Bill_Of_Landing_562_page_15.png Generating All Pages:
2024-03-14 11:15:03,086 Processing time taken for all pages of Bill_Of_Landing_562_page_15.png1:0:00:03.196045
2024-03-14 11:15:03,205 file name is:Packing_List_749_page_1.png
2024-03-14 11:15:03,205 folder path :Images
2024-03-14 11:15:03,205 Calling Image result
2024-03-14 11:15:03,206 is all_page_result is instance of dict? True
2024-03-14 11:15:03,206 STREAM b'IHDR' 16 13
2024-03-14 11:15:03,206 STREAM b'IDAT' 41 65536
2024-03-14 11:15:03,240 is words is instance of list? True
2024-03-14 11:15:03,240 is bboxes is instance of list? True
2024-03-14 11:15:03,240 is bounding_boxes is instance of list? True
2024-03-14 11:15:03,449 is input_id_chunks is instance of list? True
2024-03-14 11:15:03,449 is mask_chunks is instance of list? True
2024-03-14 11:15:03,449 is bbox_chunks is instance of list? True
2024-03-14 11:15:03,449 is image_chunks is instance of list? True
2024-03-14 11:15:03,450 is input_dict is instance of dict? True
2024-03-14 11:15:05,851 Model Called
2024-03-14 11:15:05,852 RAM memory 68.7 used for Packing_List_749_page_1.png:
2024-03-14 11:15:05,852 is all_predictions is instance of list? True
2024-03-14 11:15:05,852 is all_boxes is instance of list? True
2024-03-14 11:15:05,852 is all_confidences is instance of list? True
2024-03-14 11:15:05,852 is all_text is instance of list? True
2024-03-14 11:15:05,852 is label2id is instance of dict? True
2024-03-14 11:15:05,852 is id2label is instance of dict? True
2024-03-14 11:15:05,853 is label2color is instance of dict? True
2024-03-14 11:15:05,854 label2color : {'lc_date': '#092313', 'stamp': '#655082', 'transaction_date': '#763866', 'carriage_condition': '#2B1C0D', 'carrier_address': '#C88693', 'gross_weight': '#DA08F3', 'goods_description': '#44CF44', 'gross_quantity': '#514DC7', 'consignee_address': '#1A72CE', 'signature': '#84AA8B', 'awb_original_or_copy': '#A38803', 'declared_value_of_custom': '#B7C8F5', 'carrier_name': '#4DE0EC', 'at_place': '#A461E0', 'shipment_date': '#51405B', 'shipper_address': '#7E6FE4', 'net_weight': '#519E1E', 'consignee_name': '#FD76B5', 'invoice_number': '#BCF7FC', 'awb_bill_no': '#5DDAE1', 'dimension': '#9D5579', 'O': '#048A13', 'declared_value_of_carriage': '#457A7F', 'final_destination': '#02FA0C', 'awb_bill_issue_date': '#1E2C51', 'lc_no': '#5632B0', 'signed_by_agent': '#E9E83B', 'flight_date': '#07A8C4', 'agent_address': '#868E3C', 'freight_collect_or_prepaid': '#355C01', 'flight_details': '#75F2C3', 'notify_party_address': '#F03EEC', 'shipper_name': '#56764C', 'signed_by_carrier': '#4F7E51', 'stamped_onboard_date': '#6C0E23', 'awb_original_number': '#DEE374', 'flight_no': '#B610AE', 'freight_collected_at': '#86E564', 'amount_insurance': '#5D8A83', 'house_awb_bill_no': '#620FB9', 'master_awb_bill_no': '#727132', 'airport_of_departure': '#DDE0DD', 'invoice_date': '#21B83B', 'good_marks': '#929FFC', 'place_of_receipt': '#49F28D', 'agent_name': '#BFFB7C', 'signed_by_master': '#E0666C', 'airport_of_destination': '#69D37E', 'master_name': '#349634', 'notify_party_name': '#E0D6FC'}
2024-03-14 11:15:06,046 is result_set is instance of dict? True
2024-03-14 11:15:06,047 is final_result_set is instance of dict? True
2024-03-14 11:15:06,316 Time taken for page 1 of Packing_List_749_page_1.png:0:00:03.109713
2024-03-14 11:15:06,497 *****Generated All Pages****** for Packing_List_749_page_1.png
2024-03-14 11:15:06,497 RAM memory 68.8 used for Packing_List_749_page_1.png Generating All Pages:
2024-03-14 11:15:06,498 Processing time taken for all pages of Packing_List_749_page_1.png1:0:00:03.292129
2024-03-14 11:15:06,617 file name is:Bill_Of_Landing_508_page_0.png
2024-03-14 11:15:06,617 folder path :Images
2024-03-14 11:15:06,617 Calling Image result
2024-03-14 11:15:06,617 is all_page_result is instance of dict? True
2024-03-14 11:15:06,617 STREAM b'IHDR' 16 13
2024-03-14 11:15:06,617 STREAM b'IDAT' 41 65536
2024-03-14 11:15:06,653 is words is instance of list? True
2024-03-14 11:15:06,653 is bboxes is instance of list? True
2024-03-14 11:15:06,653 is bounding_boxes is instance of list? True
2024-03-14 11:15:06,878 is input_id_chunks is instance of list? True
2024-03-14 11:15:06,879 is mask_chunks is instance of list? True
2024-03-14 11:15:06,879 is bbox_chunks is instance of list? True
2024-03-14 11:15:06,879 is image_chunks is instance of list? True
2024-03-14 11:15:06,880 is input_dict is instance of dict? True
2024-03-14 11:15:10,469 Model Called
2024-03-14 11:15:10,470 RAM memory 75.9 used for Bill_Of_Landing_508_page_0.png:
2024-03-14 11:15:10,470 is all_predictions is instance of list? True
2024-03-14 11:15:10,470 is all_boxes is instance of list? True
2024-03-14 11:15:10,470 is all_confidences is instance of list? True
2024-03-14 11:15:10,470 is all_text is instance of list? True
2024-03-14 11:15:10,470 is label2id is instance of dict? True
2024-03-14 11:15:10,471 is id2label is instance of dict? True
2024-03-14 11:15:10,471 is label2color is instance of dict? True
2024-03-14 11:15:10,471 label2color : {'lc_date': '#2D0A40', 'stamp': '#C4E2EE', 'transaction_date': '#9DF43F', 'carriage_condition': '#3D20BB', 'carrier_address': '#7373D9', 'gross_weight': '#9316F6', 'goods_description': '#5E5910', 'gross_quantity': '#C1CDA4', 'consignee_address': '#F793D1', 'signature': '#80983B', 'awb_original_or_copy': '#E8DEFC', 'declared_value_of_custom': '#D0D486', 'carrier_name': '#0FF4B9', 'at_place': '#A04912', 'shipment_date': '#77810B', 'shipper_address': '#9C0FDF', 'net_weight': '#00F7E8', 'consignee_name': '#FF353E', 'invoice_number': '#EBABE7', 'awb_bill_no': '#7364F6', 'dimension': '#E7B1FB', 'O': '#74B98B', 'declared_value_of_carriage': '#28DCDA', 'final_destination': '#37E51C', 'awb_bill_issue_date': '#C43154', 'lc_no': '#B198D8', 'signed_by_agent': '#6CB3E8', 'flight_date': '#E0D267', 'agent_address': '#BB932C', 'freight_collect_or_prepaid': '#AFDCC0', 'flight_details': '#A984AD', 'notify_party_address': '#341455', 'shipper_name': '#8B68E3', 'signed_by_carrier': '#5E050F', 'stamped_onboard_date': '#AE69AE', 'awb_original_number': '#6A3563', 'flight_no': '#F8CE11', 'freight_collected_at': '#8604DD', 'amount_insurance': '#DC6BE8', 'house_awb_bill_no': '#4F3C6B', 'master_awb_bill_no': '#4B95BE', 'airport_of_departure': '#E1EB26', 'invoice_date': '#2F9ED0', 'good_marks': '#E6ACA7', 'place_of_receipt': '#326286', 'agent_name': '#893D7E', 'signed_by_master': '#085F2A', 'airport_of_destination': '#1CEEA6', 'master_name': '#1A1278', 'notify_party_name': '#4882C1'}
2024-03-14 11:15:10,718 is result_set is instance of dict? True
2024-03-14 11:15:10,721 is final_result_set is instance of dict? True
2024-03-14 11:15:11,129 Time taken for page 1 of Bill_Of_Landing_508_page_0.png:0:00:04.511893
2024-03-14 11:15:11,298 *****Generated All Pages****** for Bill_Of_Landing_508_page_0.png
2024-03-14 11:15:11,298 RAM memory 75.9 used for Bill_Of_Landing_508_page_0.png Generating All Pages:
2024-03-14 11:15:11,298 Processing time taken for all pages of Bill_Of_Landing_508_page_0.png1:0:00:04.681027
2024-03-14 11:15:11,460 file name is:Bill_Of_Landing_640_page_0.png
2024-03-14 11:15:11,460 folder path :Images
2024-03-14 11:15:11,460 Calling Image result
2024-03-14 11:15:11,460 is all_page_result is instance of dict? True
2024-03-14 11:15:11,460 STREAM b'IHDR' 16 13
2024-03-14 11:15:11,460 STREAM b'IDAT' 41 65536
2024-03-14 11:15:11,505 is words is instance of list? True
2024-03-14 11:15:11,505 is bboxes is instance of list? True
2024-03-14 11:15:11,505 is bounding_boxes is instance of list? True
2024-03-14 11:15:11,709 is input_id_chunks is instance of list? True
2024-03-14 11:15:11,709 is mask_chunks is instance of list? True
2024-03-14 11:15:11,709 is bbox_chunks is instance of list? True
2024-03-14 11:15:11,709 is image_chunks is instance of list? True
2024-03-14 11:15:11,709 is input_dict is instance of dict? True
2024-03-14 11:15:14,066 Model Called
2024-03-14 11:15:14,067 RAM memory 68.9 used for Bill_Of_Landing_640_page_0.png:
2024-03-14 11:15:14,067 is all_predictions is instance of list? True
2024-03-14 11:15:14,067 is all_boxes is instance of list? True
2024-03-14 11:15:14,067 is all_confidences is instance of list? True
2024-03-14 11:15:14,067 is all_text is instance of list? True
2024-03-14 11:15:14,067 is label2id is instance of dict? True
2024-03-14 11:15:14,067 is id2label is instance of dict? True
2024-03-14 11:15:14,068 is label2color is instance of dict? True
2024-03-14 11:15:14,068 label2color : {'lc_date': '#C9B8A2', 'stamp': '#F8A971', 'transaction_date': '#DCA284', 'carriage_condition': '#6DC31A', 'carrier_address': '#AEE025', 'gross_weight': '#8F675B', 'goods_description': '#0E5A5E', 'gross_quantity': '#85126E', 'consignee_address': '#71DB4D', 'signature': '#3E7119', 'awb_original_or_copy': '#4FC32C', 'declared_value_of_custom': '#3DDF97', 'carrier_name': '#CC9A42', 'at_place': '#051BA7', 'shipment_date': '#1B7DDE', 'shipper_address': '#FA6219', 'net_weight': '#E7DD7E', 'consignee_name': '#1AE517', 'invoice_number': '#FF4523', 'awb_bill_no': '#7DC1D1', 'dimension': '#72A385', 'O': '#0ADC26', 'declared_value_of_carriage': '#DC5F93', 'final_destination': '#9AF3A6', 'awb_bill_issue_date': '#CCEA45', 'lc_no': '#EC91DE', 'signed_by_agent': '#205467', 'flight_date': '#8E6956', 'agent_address': '#431635', 'freight_collect_or_prepaid': '#D3E92A', 'flight_details': '#42A1E7', 'notify_party_address': '#BAC4EE', 'shipper_name': '#B0C118', 'signed_by_carrier': '#CE8BE8', 'stamped_onboard_date': '#F6D990', 'awb_original_number': '#F20F72', 'flight_no': '#A79909', 'freight_collected_at': '#2C0A34', 'amount_insurance': '#FC01C5', 'house_awb_bill_no': '#732B98', 'master_awb_bill_no': '#FB7009', 'airport_of_departure': '#ED6C0C', 'invoice_date': '#6CCC1B', 'good_marks': '#789C99', 'place_of_receipt': '#936C74', 'agent_name': '#FE3821', 'signed_by_master': '#81206E', 'airport_of_destination': '#EDFC3B', 'master_name': '#F6BFE2', 'notify_party_name': '#7D8B19'}
2024-03-14 11:15:14,254 is result_set is instance of dict? True
2024-03-14 11:15:14,256 is final_result_set is instance of dict? True
2024-03-14 11:15:14,565 Time taken for page 1 of Bill_Of_Landing_640_page_0.png:0:00:03.104307
2024-03-14 11:15:14,731 *****Generated All Pages****** for Bill_Of_Landing_640_page_0.png
2024-03-14 11:15:14,731 RAM memory 68.9 used for Bill_Of_Landing_640_page_0.png Generating All Pages:
2024-03-14 11:15:14,731 Processing time taken for all pages of Bill_Of_Landing_640_page_0.png1:0:00:03.270982
2024-03-14 11:15:14,858 file name is:Bill_Of_Landing_270_page_3.png
2024-03-14 11:15:14,858 folder path :Images
2024-03-14 11:15:14,858 Calling Image result
2024-03-14 11:15:14,858 is all_page_result is instance of dict? True
2024-03-14 11:15:14,859 STREAM b'IHDR' 16 13
2024-03-14 11:15:14,859 STREAM b'IDAT' 41 65536
2024-03-14 11:15:14,892 is words is instance of list? True
2024-03-14 11:15:14,893 is bboxes is instance of list? True
2024-03-14 11:15:14,893 is bounding_boxes is instance of list? True
2024-03-14 11:15:15,096 is input_id_chunks is instance of list? True
2024-03-14 11:15:15,097 is mask_chunks is instance of list? True
2024-03-14 11:15:15,097 is bbox_chunks is instance of list? True
2024-03-14 11:15:15,097 is image_chunks is instance of list? True
2024-03-14 11:15:15,097 is input_dict is instance of dict? True
2024-03-14 11:15:17,393 Model Called
2024-03-14 11:15:17,393 RAM memory 68.8 used for Bill_Of_Landing_270_page_3.png:
2024-03-14 11:15:17,394 is all_predictions is instance of list? True
2024-03-14 11:15:17,394 is all_boxes is instance of list? True
2024-03-14 11:15:17,394 is all_confidences is instance of list? True
2024-03-14 11:15:17,394 is all_text is instance of list? True
2024-03-14 11:15:17,394 is label2id is instance of dict? True
2024-03-14 11:15:17,394 is id2label is instance of dict? True
2024-03-14 11:15:17,395 is label2color is instance of dict? True
2024-03-14 11:15:17,395 label2color : {'lc_date': '#3FBD39', 'stamp': '#804DE8', 'transaction_date': '#8A4C01', 'carriage_condition': '#6084BD', 'carrier_address': '#4025CC', 'gross_weight': '#226CA6', 'goods_description': '#729201', 'gross_quantity': '#1B6A9C', 'consignee_address': '#0EDB69', 'signature': '#7B0254', 'awb_original_or_copy': '#D3384E', 'declared_value_of_custom': '#A4DC5C', 'carrier_name': '#2734B2', 'at_place': '#B7A7EB', 'shipment_date': '#7F15A1', 'shipper_address': '#5D98D3', 'net_weight': '#A89D76', 'consignee_name': '#D83052', 'invoice_number': '#2ADFEC', 'awb_bill_no': '#B5048A', 'dimension': '#D4E447', 'O': '#701D7F', 'declared_value_of_carriage': '#908724', 'final_destination': '#478C9B', 'awb_bill_issue_date': '#068DCC', 'lc_no': '#FF4CB7', 'signed_by_agent': '#A91A57', 'flight_date': '#2D3770', 'agent_address': '#47649F', 'freight_collect_or_prepaid': '#0E77BF', 'flight_details': '#31ACEA', 'notify_party_address': '#42909B', 'shipper_name': '#E2012B', 'signed_by_carrier': '#8DBD44', 'stamped_onboard_date': '#346ACB', 'awb_original_number': '#ECF3A2', 'flight_no': '#00E2D1', 'freight_collected_at': '#72FD26', 'amount_insurance': '#679B76', 'house_awb_bill_no': '#B3E3E2', 'master_awb_bill_no': '#7848FC', 'airport_of_departure': '#D69933', 'invoice_date': '#816451', 'good_marks': '#A909A6', 'place_of_receipt': '#A56212', 'agent_name': '#2A572D', 'signed_by_master': '#257711', 'airport_of_destination': '#884E6D', 'master_name': '#FE1274', 'notify_party_name': '#3F10E6'}
2024-03-14 11:15:17,580 is result_set is instance of dict? True
2024-03-14 11:15:17,582 is final_result_set is instance of dict? True
2024-03-14 11:15:17,858 Time taken for page 1 of Bill_Of_Landing_270_page_3.png:0:00:02.999657
2024-03-14 11:15:18,016 *****Generated All Pages****** for Bill_Of_Landing_270_page_3.png
2024-03-14 11:15:18,016 RAM memory 68.9 used for Bill_Of_Landing_270_page_3.png Generating All Pages:
2024-03-14 11:15:18,017 Processing time taken for all pages of Bill_Of_Landing_270_page_3.png1:0:00:03.158316
2024-03-14 11:15:18,134 file name is:Bill_Of_Landing_806_page_0.png
2024-03-14 11:15:18,134 folder path :Images
2024-03-14 11:15:18,134 Calling Image result
2024-03-14 11:15:18,134 is all_page_result is instance of dict? True
2024-03-14 11:15:18,135 STREAM b'IHDR' 16 13
2024-03-14 11:15:18,135 STREAM b'IDAT' 41 62008
2024-03-14 11:15:18,168 is words is instance of list? True
2024-03-14 11:15:18,168 is bboxes is instance of list? True
2024-03-14 11:15:18,168 is bounding_boxes is instance of list? True
2024-03-14 11:15:18,387 is input_id_chunks is instance of list? True
2024-03-14 11:15:18,387 is mask_chunks is instance of list? True
2024-03-14 11:15:18,387 is bbox_chunks is instance of list? True
2024-03-14 11:15:18,387 is image_chunks is instance of list? True
2024-03-14 11:15:18,388 is input_dict is instance of dict? True
2024-03-14 11:15:20,709 Model Called
2024-03-14 11:15:20,709 RAM memory 69.0 used for Bill_Of_Landing_806_page_0.png:
2024-03-14 11:15:20,709 is all_predictions is instance of list? True
2024-03-14 11:15:20,709 is all_boxes is instance of list? True
2024-03-14 11:15:20,709 is all_confidences is instance of list? True
2024-03-14 11:15:20,709 is all_text is instance of list? True
2024-03-14 11:15:20,710 is label2id is instance of dict? True
2024-03-14 11:15:20,710 is id2label is instance of dict? True
2024-03-14 11:15:20,711 is label2color is instance of dict? True
2024-03-14 11:15:20,711 label2color : {'lc_date': '#DF1A7C', 'stamp': '#325478', 'transaction_date': '#B76F84', 'carriage_condition': '#A4EB8B', 'carrier_address': '#24C683', 'gross_weight': '#251753', 'goods_description': '#C24F7A', 'gross_quantity': '#5AD80E', 'consignee_address': '#FE56C2', 'signature': '#D559AF', 'awb_original_or_copy': '#89EE2A', 'declared_value_of_custom': '#7BDE5D', 'carrier_name': '#9FCB60', 'at_place': '#3771D1', 'shipment_date': '#AB6445', 'shipper_address': '#95E0C6', 'net_weight': '#9A0676', 'consignee_name': '#92B12B', 'invoice_number': '#922698', 'awb_bill_no': '#E32019', 'dimension': '#3502BA', 'O': '#62A363', 'declared_value_of_carriage': '#A84C79', 'final_destination': '#6913D9', 'awb_bill_issue_date': '#918FFE', 'lc_no': '#01A6C4', 'signed_by_agent': '#5E3F0F', 'flight_date': '#5D53C2', 'agent_address': '#C30EC3', 'freight_collect_or_prepaid': '#ADB5B8', 'flight_details': '#047B3D', 'notify_party_address': '#C9D03E', 'shipper_name': '#1C90D5', 'signed_by_carrier': '#B22FDF', 'stamped_onboard_date': '#668095', 'awb_original_number': '#C6ED70', 'flight_no': '#580215', 'freight_collected_at': '#E9C357', 'amount_insurance': '#7D1724', 'house_awb_bill_no': '#C1043A', 'master_awb_bill_no': '#C75415', 'airport_of_departure': '#205A37', 'invoice_date': '#578ED0', 'good_marks': '#9F63B1', 'place_of_receipt': '#3FD0B9', 'agent_name': '#256F77', 'signed_by_master': '#448255', 'airport_of_destination': '#1FFC9E', 'master_name': '#C72D16', 'notify_party_name': '#957168'}
2024-03-14 11:15:20,909 is result_set is instance of dict? True
2024-03-14 11:15:20,912 is final_result_set is instance of dict? True
2024-03-14 11:15:21,190 Time taken for page 1 of Bill_Of_Landing_806_page_0.png:0:00:03.054965
2024-03-14 11:15:21,350 *****Generated All Pages****** for Bill_Of_Landing_806_page_0.png
2024-03-14 11:15:21,350 RAM memory 69.2 used for Bill_Of_Landing_806_page_0.png Generating All Pages:
2024-03-14 11:15:21,350 Processing time taken for all pages of Bill_Of_Landing_806_page_0.png1:0:00:03.215891
2024-03-14 11:15:21,495 file name is:Bill_Of_Landing_418_page_6.png
2024-03-14 11:15:21,495 folder path :Images
2024-03-14 11:15:21,495 Calling Image result
2024-03-14 11:15:21,495 is all_page_result is instance of dict? True
2024-03-14 11:15:21,495 STREAM b'IHDR' 16 13
2024-03-14 11:15:21,495 STREAM b'IDAT' 41 65536
2024-03-14 11:15:21,528 is words is instance of list? True
2024-03-14 11:15:21,528 is bboxes is instance of list? True
2024-03-14 11:15:21,529 is bounding_boxes is instance of list? True
2024-03-14 11:15:21,729 is input_id_chunks is instance of list? True
2024-03-14 11:15:21,730 is mask_chunks is instance of list? True
2024-03-14 11:15:21,730 is bbox_chunks is instance of list? True
2024-03-14 11:15:21,730 is image_chunks is instance of list? True
2024-03-14 11:15:21,730 is input_dict is instance of dict? True
2024-03-14 11:15:24,033 Model Called
2024-03-14 11:15:24,033 RAM memory 68.7 used for Bill_Of_Landing_418_page_6.png:
2024-03-14 11:15:24,033 is all_predictions is instance of list? True
2024-03-14 11:15:24,033 is all_boxes is instance of list? True
2024-03-14 11:15:24,033 is all_confidences is instance of list? True
2024-03-14 11:15:24,033 is all_text is instance of list? True
2024-03-14 11:15:24,033 is label2id is instance of dict? True
2024-03-14 11:15:24,033 is id2label is instance of dict? True
2024-03-14 11:15:24,034 is label2color is instance of dict? True
2024-03-14 11:15:24,034 label2color : {'lc_date': '#42491C', 'stamp': '#6F0253', 'transaction_date': '#060482', 'carriage_condition': '#AA2B8B', 'carrier_address': '#C5A5D8', 'gross_weight': '#940FD3', 'goods_description': '#58C122', 'gross_quantity': '#CFC630', 'consignee_address': '#AC7922', 'signature': '#BB66BE', 'awb_original_or_copy': '#84272E', 'declared_value_of_custom': '#52DD86', 'carrier_name': '#23FF57', 'at_place': '#47581F', 'shipment_date': '#E15D36', 'shipper_address': '#F941DF', 'net_weight': '#A63A5F', 'consignee_name': '#F5EE16', 'invoice_number': '#2A0A3D', 'awb_bill_no': '#71A494', 'dimension': '#74515A', 'O': '#1CE673', 'declared_value_of_carriage': '#CF3B35', 'final_destination': '#BCBF98', 'awb_bill_issue_date': '#003A73', 'lc_no': '#B7F0A6', 'signed_by_agent': '#71C170', 'flight_date': '#BD400C', 'agent_address': '#36FC3D', 'freight_collect_or_prepaid': '#42B363', 'flight_details': '#70E798', 'notify_party_address': '#1325C2', 'shipper_name': '#4ED0BA', 'signed_by_carrier': '#E8BCAB', 'stamped_onboard_date': '#FAF4E9', 'awb_original_number': '#A78D01', 'flight_no': '#E35D50', 'freight_collected_at': '#55E739', 'amount_insurance': '#A66B6C', 'house_awb_bill_no': '#471FC2', 'master_awb_bill_no': '#C92904', 'airport_of_departure': '#C161B0', 'invoice_date': '#CAE327', 'good_marks': '#5F58B2', 'place_of_receipt': '#5FA18A', 'agent_name': '#A6CA11', 'signed_by_master': '#147481', 'airport_of_destination': '#E193D3', 'master_name': '#3A7168', 'notify_party_name': '#E77E6F'}
2024-03-14 11:15:24,221 is result_set is instance of dict? True
2024-03-14 11:15:24,223 is final_result_set is instance of dict? True
2024-03-14 11:15:24,543 Time taken for page 1 of Bill_Of_Landing_418_page_6.png:0:00:03.047274
2024-03-14 11:15:24,705 *****Generated All Pages****** for Bill_Of_Landing_418_page_6.png
2024-03-14 11:15:24,705 RAM memory 68.8 used for Bill_Of_Landing_418_page_6.png Generating All Pages:
2024-03-14 11:15:24,705 Processing time taken for all pages of Bill_Of_Landing_418_page_6.png1:0:00:03.210303
2024-03-14 11:15:24,821 file name is:Bill_Of_Landing_562_page_24.png
2024-03-14 11:15:24,821 folder path :Images
2024-03-14 11:15:24,821 Calling Image result
2024-03-14 11:15:24,821 is all_page_result is instance of dict? True
2024-03-14 11:15:24,821 STREAM b'IHDR' 16 13
2024-03-14 11:15:24,821 STREAM b'IDAT' 41 65536
2024-03-14 11:15:24,862 is words is instance of list? True
2024-03-14 11:15:24,862 is bboxes is instance of list? True
2024-03-14 11:15:24,862 is bounding_boxes is instance of list? True
2024-03-14 11:15:25,072 is input_id_chunks is instance of list? True
2024-03-14 11:15:25,072 is mask_chunks is instance of list? True
2024-03-14 11:15:25,072 is bbox_chunks is instance of list? True
2024-03-14 11:15:25,072 is image_chunks is instance of list? True
2024-03-14 11:15:25,073 is input_dict is instance of dict? True
2024-03-14 11:15:27,412 Model Called
2024-03-14 11:15:27,413 RAM memory 68.9 used for Bill_Of_Landing_562_page_24.png:
2024-03-14 11:15:27,413 is all_predictions is instance of list? True
2024-03-14 11:15:27,413 is all_boxes is instance of list? True
2024-03-14 11:15:27,413 is all_confidences is instance of list? True
2024-03-14 11:15:27,413 is all_text is instance of list? True
2024-03-14 11:15:27,413 is label2id is instance of dict? True
2024-03-14 11:15:27,413 is id2label is instance of dict? True
2024-03-14 11:15:27,414 is label2color is instance of dict? True
2024-03-14 11:15:27,414 label2color : {'lc_date': '#ECB872', 'stamp': '#8F00C9', 'transaction_date': '#6CAAE4', 'carriage_condition': '#4657ED', 'carrier_address': '#D32DC4', 'gross_weight': '#C37E38', 'goods_description': '#431DBC', 'gross_quantity': '#6066C1', 'consignee_address': '#FF808C', 'signature': '#52F6B6', 'awb_original_or_copy': '#E0CE1D', 'declared_value_of_custom': '#39D530', 'carrier_name': '#C98902', 'at_place': '#A4BDA8', 'shipment_date': '#7EFA6B', 'shipper_address': '#191C96', 'net_weight': '#875F60', 'consignee_name': '#D37CDE', 'invoice_number': '#6AD826', 'awb_bill_no': '#CA43D3', 'dimension': '#DC5D37', 'O': '#DD2E1E', 'declared_value_of_carriage': '#17C9C1', 'final_destination': '#B19263', 'awb_bill_issue_date': '#61D9D8', 'lc_no': '#9F848B', 'signed_by_agent': '#D22BB7', 'flight_date': '#DBE0B1', 'agent_address': '#A120C8', 'freight_collect_or_prepaid': '#1473BD', 'flight_details': '#CE800B', 'notify_party_address': '#0CC4E4', 'shipper_name': '#B877E2', 'signed_by_carrier': '#E32BC7', 'stamped_onboard_date': '#ABF454', 'awb_original_number': '#F0F3A6', 'flight_no': '#94B879', 'freight_collected_at': '#356C3B', 'amount_insurance': '#2AADA8', 'house_awb_bill_no': '#8BC726', 'master_awb_bill_no': '#0AA79C', 'airport_of_departure': '#ECC769', 'invoice_date': '#2221B2', 'good_marks': '#7A5F4B', 'place_of_receipt': '#623D4B', 'agent_name': '#2D0FCC', 'signed_by_master': '#B2CC4A', 'airport_of_destination': '#03B970', 'master_name': '#AA238A', 'notify_party_name': '#BB4F65'}
2024-03-14 11:15:27,609 is result_set is instance of dict? True
2024-03-14 11:15:27,611 is final_result_set is instance of dict? True
2024-03-14 11:15:27,866 Time taken for page 1 of Bill_Of_Landing_562_page_24.png:0:00:03.044177
2024-03-14 11:15:28,056 *****Generated All Pages****** for Bill_Of_Landing_562_page_24.png
2024-03-14 11:15:28,056 RAM memory 69.1 used for Bill_Of_Landing_562_page_24.png Generating All Pages:
2024-03-14 11:15:28,056 Processing time taken for all pages of Bill_Of_Landing_562_page_24.png1:0:00:03.235329
2024-03-14 11:15:28,191 file name is:Bill_Of_Landing_743_page_0.png
2024-03-14 11:15:28,191 folder path :Images
2024-03-14 11:15:28,191 Calling Image result
2024-03-14 11:15:28,191 is all_page_result is instance of dict? True
2024-03-14 11:15:28,192 STREAM b'IHDR' 16 13
2024-03-14 11:15:28,192 STREAM b'IDAT' 41 65536
2024-03-14 11:15:28,268 is words is instance of list? True
2024-03-14 11:15:28,268 is bboxes is instance of list? True
2024-03-14 11:15:28,268 is bounding_boxes is instance of list? True
2024-03-14 11:15:28,820 is input_id_chunks is instance of list? True
2024-03-14 11:15:28,820 is mask_chunks is instance of list? True
2024-03-14 11:15:28,820 is bbox_chunks is instance of list? True
2024-03-14 11:15:28,820 is image_chunks is instance of list? True
2024-03-14 11:15:28,821 is input_dict is instance of dict? True
2024-03-14 11:15:31,148 Model Called
2024-03-14 11:15:31,148 RAM memory 69.1 used for Bill_Of_Landing_743_page_0.png:
2024-03-14 11:15:31,148 is all_predictions is instance of list? True
2024-03-14 11:15:31,148 is all_boxes is instance of list? True
2024-03-14 11:15:31,148 is all_confidences is instance of list? True
2024-03-14 11:15:31,148 is all_text is instance of list? True
2024-03-14 11:15:31,149 is label2id is instance of dict? True
2024-03-14 11:15:31,149 is id2label is instance of dict? True
2024-03-14 11:15:31,150 is label2color is instance of dict? True
2024-03-14 11:15:31,150 label2color : {'lc_date': '#16D9DE', 'stamp': '#BC7165', 'transaction_date': '#990E83', 'carriage_condition': '#AAB44E', 'carrier_address': '#8805A2', 'gross_weight': '#633A44', 'goods_description': '#B6C0EC', 'gross_quantity': '#69D80C', 'consignee_address': '#3CB3D5', 'signature': '#348C19', 'awb_original_or_copy': '#9754B1', 'declared_value_of_custom': '#B5A961', 'carrier_name': '#2A4DCC', 'at_place': '#031B96', 'shipment_date': '#3B0ADF', 'shipper_address': '#6A37A4', 'net_weight': '#33D175', 'consignee_name': '#3275E7', 'invoice_number': '#CC987A', 'awb_bill_no': '#99CE43', 'dimension': '#189EFE', 'O': '#B7D0CD', 'declared_value_of_carriage': '#F9FDD0', 'final_destination': '#BDB982', 'awb_bill_issue_date': '#5C1E99', 'lc_no': '#168E94', 'signed_by_agent': '#14BB8A', 'flight_date': '#CDD6AA', 'agent_address': '#FE40C1', 'freight_collect_or_prepaid': '#47EDFB', 'flight_details': '#6E7199', 'notify_party_address': '#6DCA4B', 'shipper_name': '#8E101A', 'signed_by_carrier': '#DE85C9', 'stamped_onboard_date': '#BF9E8B', 'awb_original_number': '#52FE7B', 'flight_no': '#1119D7', 'freight_collected_at': '#2AD5F7', 'amount_insurance': '#9754A8', 'house_awb_bill_no': '#6061D7', 'master_awb_bill_no': '#E07093', 'airport_of_departure': '#D6B505', 'invoice_date': '#96DD9B', 'good_marks': '#11D92D', 'place_of_receipt': '#1B148D', 'agent_name': '#A5FCC2', 'signed_by_master': '#9C5CCA', 'airport_of_destination': '#C11D7C', 'master_name': '#1CC54E', 'notify_party_name': '#ECDA64'}
2024-03-14 11:15:31,651 is result_set is instance of dict? True
2024-03-14 11:15:31,653 is final_result_set is instance of dict? True
2024-03-14 11:15:31,967 Time taken for page 1 of Bill_Of_Landing_743_page_0.png:0:00:03.775373
2024-03-14 11:15:32,299 *****Generated All Pages****** for Bill_Of_Landing_743_page_0.png
2024-03-14 11:15:32,299 RAM memory 69.8 used for Bill_Of_Landing_743_page_0.png Generating All Pages:
2024-03-14 11:15:32,300 Processing time taken for all pages of Bill_Of_Landing_743_page_0.png1:0:00:04.108078
2024-03-14 11:15:32,423 file name is:Bill_Of_Landing_424_page_5.png
2024-03-14 11:15:32,423 folder path :Images
2024-03-14 11:15:32,423 Calling Image result
2024-03-14 11:15:32,423 is all_page_result is instance of dict? True
2024-03-14 11:15:32,424 STREAM b'IHDR' 16 13
2024-03-14 11:15:32,424 STREAM b'IDAT' 41 62380
2024-03-14 11:15:32,460 is words is instance of list? True
2024-03-14 11:15:32,460 is bboxes is instance of list? True
2024-03-14 11:15:32,460 is bounding_boxes is instance of list? True
2024-03-14 11:15:32,681 is input_id_chunks is instance of list? True
2024-03-14 11:15:32,681 is mask_chunks is instance of list? True
2024-03-14 11:15:32,681 is bbox_chunks is instance of list? True
2024-03-14 11:15:32,681 is image_chunks is instance of list? True
2024-03-14 11:15:32,682 is input_dict is instance of dict? True
2024-03-14 11:15:35,064 Model Called
2024-03-14 11:15:35,064 RAM memory 68.6 used for Bill_Of_Landing_424_page_5.png:
2024-03-14 11:15:35,064 is all_predictions is instance of list? True
2024-03-14 11:15:35,065 is all_boxes is instance of list? True
2024-03-14 11:15:35,065 is all_confidences is instance of list? True
2024-03-14 11:15:35,065 is all_text is instance of list? True
2024-03-14 11:15:35,065 is label2id is instance of dict? True
2024-03-14 11:15:35,065 is id2label is instance of dict? True
2024-03-14 11:15:35,066 is label2color is instance of dict? True
2024-03-14 11:15:35,066 label2color : {'lc_date': '#8F6859', 'stamp': '#BE7CB2', 'transaction_date': '#C838BE', 'carriage_condition': '#03B505', 'carrier_address': '#55BDD9', 'gross_weight': '#2E049C', 'goods_description': '#32C423', 'gross_quantity': '#4C737E', 'consignee_address': '#952477', 'signature': '#E9BABB', 'awb_original_or_copy': '#D5910E', 'declared_value_of_custom': '#0C4204', 'carrier_name': '#FF10D5', 'at_place': '#1F588A', 'shipment_date': '#83C430', 'shipper_address': '#902BD4', 'net_weight': '#6A35D9', 'consignee_name': '#64A6E4', 'invoice_number': '#C23423', 'awb_bill_no': '#E5CB33', 'dimension': '#5A8818', 'O': '#8D7E17', 'declared_value_of_carriage': '#098F99', 'final_destination': '#5767E2', 'awb_bill_issue_date': '#831EE9', 'lc_no': '#401DBE', 'signed_by_agent': '#A7490E', 'flight_date': '#E5B6C0', 'agent_address': '#8FD601', 'freight_collect_or_prepaid': '#0F0648', 'flight_details': '#372A32', 'notify_party_address': '#43486B', 'shipper_name': '#26CE55', 'signed_by_carrier': '#F2DCA7', 'stamped_onboard_date': '#D7587A', 'awb_original_number': '#B4B283', 'flight_no': '#CB9689', 'freight_collected_at': '#0AA4C5', 'amount_insurance': '#0B992F', 'house_awb_bill_no': '#E91E72', 'master_awb_bill_no': '#00171A', 'airport_of_departure': '#FCE16F', 'invoice_date': '#77E067', 'good_marks': '#982CA6', 'place_of_receipt': '#DB0443', 'agent_name': '#D56989', 'signed_by_master': '#100679', 'airport_of_destination': '#CAD0CF', 'master_name': '#F487EE', 'notify_party_name': '#FB71D0'}
2024-03-14 11:15:35,254 is result_set is instance of dict? True
2024-03-14 11:15:35,256 is final_result_set is instance of dict? True
2024-03-14 11:15:35,527 Time taken for page 1 of Bill_Of_Landing_424_page_5.png:0:00:03.102617
2024-03-14 11:15:35,687 *****Generated All Pages****** for Bill_Of_Landing_424_page_5.png
2024-03-14 11:15:35,687 RAM memory 68.7 used for Bill_Of_Landing_424_page_5.png Generating All Pages:
2024-03-14 11:15:35,687 Processing time taken for all pages of Bill_Of_Landing_424_page_5.png1:0:00:03.263484
2024-03-14 11:15:35,810 file name is:Bill_Of_Landing_418_page_8.png
2024-03-14 11:15:35,810 folder path :Images
2024-03-14 11:15:35,810 Calling Image result
2024-03-14 11:15:35,810 is all_page_result is instance of dict? True
2024-03-14 11:15:35,810 STREAM b'IHDR' 16 13
2024-03-14 11:15:35,810 STREAM b'IDAT' 41 65536
2024-03-14 11:15:35,846 is words is instance of list? True
2024-03-14 11:15:35,846 is bboxes is instance of list? True
2024-03-14 11:15:35,846 is bounding_boxes is instance of list? True
2024-03-14 11:15:36,055 is input_id_chunks is instance of list? True
2024-03-14 11:15:36,055 is mask_chunks is instance of list? True
2024-03-14 11:15:36,055 is bbox_chunks is instance of list? True
2024-03-14 11:15:36,055 is image_chunks is instance of list? True
2024-03-14 11:15:36,056 is input_dict is instance of dict? True
2024-03-14 11:15:38,379 Model Called
2024-03-14 11:15:38,380 RAM memory 68.6 used for Bill_Of_Landing_418_page_8.png:
2024-03-14 11:15:38,380 is all_predictions is instance of list? True
2024-03-14 11:15:38,380 is all_boxes is instance of list? True
2024-03-14 11:15:38,380 is all_confidences is instance of list? True
2024-03-14 11:15:38,380 is all_text is instance of list? True
2024-03-14 11:15:38,380 is label2id is instance of dict? True
2024-03-14 11:15:38,380 is id2label is instance of dict? True
2024-03-14 11:15:38,382 is label2color is instance of dict? True
2024-03-14 11:15:38,382 label2color : {'lc_date': '#410897', 'stamp': '#6A06D7', 'transaction_date': '#BA08D4', 'carriage_condition': '#9A20F8', 'carrier_address': '#B928EE', 'gross_weight': '#A55184', 'goods_description': '#95DC7D', 'gross_quantity': '#D01D8A', 'consignee_address': '#D8B960', 'signature': '#38A90E', 'awb_original_or_copy': '#93B862', 'declared_value_of_custom': '#FBCC20', 'carrier_name': '#0E86F5', 'at_place': '#547CE6', 'shipment_date': '#FD1F4A', 'shipper_address': '#781DCB', 'net_weight': '#A5B1CE', 'consignee_name': '#A1E575', 'invoice_number': '#B354BF', 'awb_bill_no': '#211DB7', 'dimension': '#C470C8', 'O': '#0D9A13', 'declared_value_of_carriage': '#FE1BFC', 'final_destination': '#80A004', 'awb_bill_issue_date': '#4B8BE3', 'lc_no': '#DF46EA', 'signed_by_agent': '#784353', 'flight_date': '#767CF1', 'agent_address': '#77DB93', 'freight_collect_or_prepaid': '#858F08', 'flight_details': '#9D42C7', 'notify_party_address': '#A0DDCA', 'shipper_name': '#A8E2BA', 'signed_by_carrier': '#7200AD', 'stamped_onboard_date': '#B2D1D4', 'awb_original_number': '#903B71', 'flight_no': '#9904C2', 'freight_collected_at': '#FDD5E1', 'amount_insurance': '#2D3790', 'house_awb_bill_no': '#BACE13', 'master_awb_bill_no': '#858A4A', 'airport_of_departure': '#2D2FCB', 'invoice_date': '#BDA3D5', 'good_marks': '#270AF2', 'place_of_receipt': '#86D754', 'agent_name': '#A79AA3', 'signed_by_master': '#12B575', 'airport_of_destination': '#C696F7', 'master_name': '#E93953', 'notify_party_name': '#850611'}
2024-03-14 11:15:38,574 is result_set is instance of dict? True
2024-03-14 11:15:38,576 is final_result_set is instance of dict? True
2024-03-14 11:15:38,922 Time taken for page 1 of Bill_Of_Landing_418_page_8.png:0:00:03.111938
2024-03-14 11:15:39,086 *****Generated All Pages****** for Bill_Of_Landing_418_page_8.png
2024-03-14 11:15:39,086 RAM memory 68.6 used for Bill_Of_Landing_418_page_8.png Generating All Pages:
2024-03-14 11:15:39,086 Processing time taken for all pages of Bill_Of_Landing_418_page_8.png1:0:00:03.276425
2024-03-14 11:15:39,204 file name is:Bill_Of_Landing_637_page_0.png
2024-03-14 11:15:39,204 folder path :Images
2024-03-14 11:15:39,205 Calling Image result
2024-03-14 11:15:39,205 is all_page_result is instance of dict? True
2024-03-14 11:15:39,205 STREAM b'IHDR' 16 13
2024-03-14 11:15:39,205 STREAM b'IDAT' 41 65536
2024-03-14 11:15:39,241 is words is instance of list? True
2024-03-14 11:15:39,241 is bboxes is instance of list? True
2024-03-14 11:15:39,241 is bounding_boxes is instance of list? True
2024-03-14 11:15:39,462 is input_id_chunks is instance of list? True
2024-03-14 11:15:39,462 is mask_chunks is instance of list? True
2024-03-14 11:15:39,462 is bbox_chunks is instance of list? True
2024-03-14 11:15:39,462 is image_chunks is instance of list? True
2024-03-14 11:15:39,463 is input_dict is instance of dict? True
2024-03-14 11:15:43,112 Model Called
2024-03-14 11:15:43,113 RAM memory 75.9 used for Bill_Of_Landing_637_page_0.png:
2024-03-14 11:15:43,123 is all_predictions is instance of list? True
2024-03-14 11:15:43,123 is all_boxes is instance of list? True
2024-03-14 11:15:43,123 is all_confidences is instance of list? True
2024-03-14 11:15:43,123 is all_text is instance of list? True
2024-03-14 11:15:43,123 is label2id is instance of dict? True
2024-03-14 11:15:43,123 is id2label is instance of dict? True
2024-03-14 11:15:43,124 is label2color is instance of dict? True
2024-03-14 11:15:43,124 label2color : {'lc_date': '#4F3E44', 'stamp': '#1DD35C', 'transaction_date': '#DA16AC', 'carriage_condition': '#517912', 'carrier_address': '#E9BE68', 'gross_weight': '#07E8AD', 'goods_description': '#3203B2', 'gross_quantity': '#EBC8FF', 'consignee_address': '#E92821', 'signature': '#58F8A8', 'awb_original_or_copy': '#E0C94C', 'declared_value_of_custom': '#869D10', 'carrier_name': '#C71E17', 'at_place': '#C5DE3F', 'shipment_date': '#B43F35', 'shipper_address': '#1E0BDA', 'net_weight': '#D02ABF', 'consignee_name': '#D33D74', 'invoice_number': '#381A4F', 'awb_bill_no': '#009CE2', 'dimension': '#3D5108', 'O': '#894069', 'declared_value_of_carriage': '#3AA390', 'final_destination': '#0EAA66', 'awb_bill_issue_date': '#AE9282', 'lc_no': '#37B5FC', 'signed_by_agent': '#6F20BF', 'flight_date': '#5C210E', 'agent_address': '#B90E4F', 'freight_collect_or_prepaid': '#819599', 'flight_details': '#A8BAE5', 'notify_party_address': '#660932', 'shipper_name': '#EDE43E', 'signed_by_carrier': '#AC6302', 'stamped_onboard_date': '#1AB8BB', 'awb_original_number': '#BC8964', 'flight_no': '#7B1FC5', 'freight_collected_at': '#7EEBCB', 'amount_insurance': '#E8D55E', 'house_awb_bill_no': '#695ABE', 'master_awb_bill_no': '#DB8E75', 'airport_of_departure': '#19B876', 'invoice_date': '#49735C', 'good_marks': '#CC0175', 'place_of_receipt': '#C12CFD', 'agent_name': '#1F7818', 'signed_by_master': '#7EA337', 'airport_of_destination': '#E44214', 'master_name': '#9789C2', 'notify_party_name': '#79F4E4'}
2024-03-14 11:15:43,394 is result_set is instance of dict? True
2024-03-14 11:15:43,397 is final_result_set is instance of dict? True
2024-03-14 11:15:43,870 Time taken for page 1 of Bill_Of_Landing_637_page_0.png:0:00:04.664380
2024-03-14 11:15:44,042 *****Generated All Pages****** for Bill_Of_Landing_637_page_0.png
2024-03-14 11:15:44,042 RAM memory 76.0 used for Bill_Of_Landing_637_page_0.png Generating All Pages:
2024-03-14 11:15:44,042 Processing time taken for all pages of Bill_Of_Landing_637_page_0.png1:0:00:04.837348
2024-03-14 11:15:44,206 file name is:Bill_Of_Landing_328_page_0.png
2024-03-14 11:15:44,206 folder path :Images
2024-03-14 11:15:44,206 Calling Image result
2024-03-14 11:15:44,206 is all_page_result is instance of dict? True
2024-03-14 11:15:44,206 STREAM b'IHDR' 16 13
2024-03-14 11:15:44,207 STREAM b'IDAT' 41 65536
2024-03-14 11:15:44,252 is words is instance of list? True
2024-03-14 11:15:44,252 is bboxes is instance of list? True
2024-03-14 11:15:44,252 is bounding_boxes is instance of list? True
2024-03-14 11:15:44,497 is input_id_chunks is instance of list? True
2024-03-14 11:15:44,497 is mask_chunks is instance of list? True
2024-03-14 11:15:44,497 is bbox_chunks is instance of list? True
2024-03-14 11:15:44,497 is image_chunks is instance of list? True
2024-03-14 11:15:44,498 is input_dict is instance of dict? True
2024-03-14 11:15:46,859 Model Called
2024-03-14 11:15:46,860 RAM memory 69.2 used for Bill_Of_Landing_328_page_0.png:
2024-03-14 11:15:46,860 is all_predictions is instance of list? True
2024-03-14 11:15:46,860 is all_boxes is instance of list? True
2024-03-14 11:15:46,860 is all_confidences is instance of list? True
2024-03-14 11:15:46,860 is all_text is instance of list? True
2024-03-14 11:15:46,860 is label2id is instance of dict? True
2024-03-14 11:15:46,860 is id2label is instance of dict? True
2024-03-14 11:15:46,861 is label2color is instance of dict? True
2024-03-14 11:15:46,861 label2color : {'lc_date': '#0BAA26', 'stamp': '#B1B0C1', 'transaction_date': '#C506FB', 'carriage_condition': '#E434DE', 'carrier_address': '#3E03FF', 'gross_weight': '#BE66E5', 'goods_description': '#E74397', 'gross_quantity': '#F72C4D', 'consignee_address': '#979152', 'signature': '#3E6F1B', 'awb_original_or_copy': '#955F19', 'declared_value_of_custom': '#BE4E4C', 'carrier_name': '#7B7C64', 'at_place': '#3404DA', 'shipment_date': '#D3B8D0', 'shipper_address': '#11C9B8', 'net_weight': '#3DB783', 'consignee_name': '#084274', 'invoice_number': '#B874E3', 'awb_bill_no': '#926F6B', 'dimension': '#33560F', 'O': '#575365', 'declared_value_of_carriage': '#AC07AF', 'final_destination': '#961F93', 'awb_bill_issue_date': '#4BCFA1', 'lc_no': '#615456', 'signed_by_agent': '#BAD52E', 'flight_date': '#A0C0AF', 'agent_address': '#75E03F', 'freight_collect_or_prepaid': '#996401', 'flight_details': '#8A92D2', 'notify_party_address': '#DD3B8D', 'shipper_name': '#81588F', 'signed_by_carrier': '#DA6413', 'stamped_onboard_date': '#27C6C8', 'awb_original_number': '#7EFC73', 'flight_no': '#B92090', 'freight_collected_at': '#1172FB', 'amount_insurance': '#73E35D', 'house_awb_bill_no': '#5D5BF5', 'master_awb_bill_no': '#89067A', 'airport_of_departure': '#95B6CF', 'invoice_date': '#8ED3C6', 'good_marks': '#A385C3', 'place_of_receipt': '#8D0A6E', 'agent_name': '#72D747', 'signed_by_master': '#74A7F4', 'airport_of_destination': '#1D673A', 'master_name': '#4E8539', 'notify_party_name': '#1B4647'}
2024-03-14 11:15:47,064 is result_set is instance of dict? True
2024-03-14 11:15:47,066 is final_result_set is instance of dict? True
2024-03-14 11:15:47,316 Time taken for page 1 of Bill_Of_Landing_328_page_0.png:0:00:03.108970
2024-03-14 11:15:47,504 *****Generated All Pages****** for Bill_Of_Landing_328_page_0.png
2024-03-14 11:15:47,504 RAM memory 69.3 used for Bill_Of_Landing_328_page_0.png Generating All Pages:
2024-03-14 11:15:47,504 Processing time taken for all pages of Bill_Of_Landing_328_page_0.png1:0:00:03.297939
2024-03-14 11:15:47,626 file name is:Bill_Of_Landing_270_page_0.png
2024-03-14 11:15:47,626 folder path :Images
2024-03-14 11:15:47,626 Calling Image result
2024-03-14 11:15:47,626 is all_page_result is instance of dict? True
2024-03-14 11:15:47,626 STREAM b'IHDR' 16 13
2024-03-14 11:15:47,626 STREAM b'IDAT' 41 65536
2024-03-14 11:15:47,663 is words is instance of list? True
2024-03-14 11:15:47,663 is bboxes is instance of list? True
2024-03-14 11:15:47,663 is bounding_boxes is instance of list? True
2024-03-14 11:15:47,860 is input_id_chunks is instance of list? True
2024-03-14 11:15:47,860 is mask_chunks is instance of list? True
2024-03-14 11:15:47,860 is bbox_chunks is instance of list? True
2024-03-14 11:15:47,860 is image_chunks is instance of list? True
2024-03-14 11:15:47,861 is input_dict is instance of dict? True
2024-03-14 11:15:50,173 Model Called
2024-03-14 11:15:50,173 RAM memory 69.2 used for Bill_Of_Landing_270_page_0.png:
2024-03-14 11:15:50,173 is all_predictions is instance of list? True
2024-03-14 11:15:50,173 is all_boxes is instance of list? True
2024-03-14 11:15:50,173 is all_confidences is instance of list? True
2024-03-14 11:15:50,173 is all_text is instance of list? True
2024-03-14 11:15:50,174 is label2id is instance of dict? True
2024-03-14 11:15:50,174 is id2label is instance of dict? True
2024-03-14 11:15:50,175 is label2color is instance of dict? True
2024-03-14 11:15:50,175 label2color : {'lc_date': '#D3A1BC', 'stamp': '#57B00D', 'transaction_date': '#7A1C99', 'carriage_condition': '#F5029B', 'carrier_address': '#B629D4', 'gross_weight': '#B7E077', 'goods_description': '#3AB9BD', 'gross_quantity': '#28FD88', 'consignee_address': '#DFDF98', 'signature': '#0AF942', 'awb_original_or_copy': '#89C62F', 'declared_value_of_custom': '#68C30C', 'carrier_name': '#B8EAF7', 'at_place': '#1BE676', 'shipment_date': '#761D0A', 'shipper_address': '#3E2B12', 'net_weight': '#0597E6', 'consignee_name': '#14627A', 'invoice_number': '#8BD797', 'awb_bill_no': '#E43320', 'dimension': '#B21415', 'O': '#C343C1', 'declared_value_of_carriage': '#4382CA', 'final_destination': '#21A16E', 'awb_bill_issue_date': '#1744C6', 'lc_no': '#F68454', 'signed_by_agent': '#57EE48', 'flight_date': '#B59CB6', 'agent_address': '#DCFA96', 'freight_collect_or_prepaid': '#9971B7', 'flight_details': '#36EE26', 'notify_party_address': '#7C2EF8', 'shipper_name': '#F1A9D9', 'signed_by_carrier': '#7A1C96', 'stamped_onboard_date': '#205F23', 'awb_original_number': '#9C7420', 'flight_no': '#D3FEA4', 'freight_collected_at': '#58F689', 'amount_insurance': '#B70F78', 'house_awb_bill_no': '#C5322E', 'master_awb_bill_no': '#3361AA', 'airport_of_departure': '#DFD7C6', 'invoice_date': '#8FC07D', 'good_marks': '#206795', 'place_of_receipt': '#731F5B', 'agent_name': '#885E8F', 'signed_by_master': '#B4C9CA', 'airport_of_destination': '#E3D741', 'master_name': '#F41809', 'notify_party_name': '#A1566B'}
2024-03-14 11:15:50,398 is result_set is instance of dict? True
2024-03-14 11:15:50,400 is final_result_set is instance of dict? True
2024-03-14 11:15:50,695 Time taken for page 1 of Bill_Of_Landing_270_page_0.png:0:00:03.068650
2024-03-14 11:15:50,859 *****Generated All Pages****** for Bill_Of_Landing_270_page_0.png
2024-03-14 11:15:50,860 RAM memory 69.3 used for Bill_Of_Landing_270_page_0.png Generating All Pages:
2024-03-14 11:15:50,860 Processing time taken for all pages of Bill_Of_Landing_270_page_0.png1:0:00:03.233796
2024-03-14 11:15:50,985 file name is:Bill_Of_Landing_648_page_1.png
2024-03-14 11:15:50,985 folder path :Images
2024-03-14 11:15:50,985 Calling Image result
2024-03-14 11:15:50,985 is all_page_result is instance of dict? True
2024-03-14 11:15:50,986 STREAM b'IHDR' 16 13
2024-03-14 11:15:50,986 STREAM b'sRGB' 41 1
2024-03-14 11:15:50,986 STREAM b'gAMA' 54 4
2024-03-14 11:15:50,986 STREAM b'pHYs' 70 9
2024-03-14 11:15:50,986 STREAM b'IDAT' 91 34243
2024-03-14 11:15:51,006 is words is instance of list? True
2024-03-14 11:15:51,006 is bboxes is instance of list? True
2024-03-14 11:15:51,006 is bounding_boxes is instance of list? True
2024-03-14 11:15:51,128 is input_id_chunks is instance of list? True
2024-03-14 11:15:51,128 is mask_chunks is instance of list? True
2024-03-14 11:15:51,128 is bbox_chunks is instance of list? True
2024-03-14 11:15:51,128 is image_chunks is instance of list? True
2024-03-14 11:15:51,129 is input_dict is instance of dict? True
2024-03-14 11:15:52,362 Model Called
2024-03-14 11:15:52,362 RAM memory 69.2 used for Bill_Of_Landing_648_page_1.png:
2024-03-14 11:15:52,362 is all_predictions is instance of list? True
2024-03-14 11:15:52,362 is all_boxes is instance of list? True
2024-03-14 11:15:52,362 is all_confidences is instance of list? True
2024-03-14 11:15:52,362 is all_text is instance of list? True
2024-03-14 11:15:52,363 is label2id is instance of dict? True
2024-03-14 11:15:52,363 is id2label is instance of dict? True
2024-03-14 11:15:52,364 is label2color is instance of dict? True
2024-03-14 11:15:52,364 label2color : {'lc_date': '#06A7C4', 'stamp': '#E685F9', 'transaction_date': '#83445F', 'carriage_condition': '#6955DA', 'carrier_address': '#E73801', 'gross_weight': '#9738C4', 'goods_description': '#AAD830', 'gross_quantity': '#BDC462', 'consignee_address': '#6ECC9E', 'signature': '#CC4EB0', 'awb_original_or_copy': '#1B0BE4', 'declared_value_of_custom': '#3F6AE6', 'carrier_name': '#E169F4', 'at_place': '#5B53F7', 'shipment_date': '#006080', 'shipper_address': '#ECE979', 'net_weight': '#39F828', 'consignee_name': '#883CCB', 'invoice_number': '#546E84', 'awb_bill_no': '#F7D7F0', 'dimension': '#2C5777', 'O': '#E26137', 'declared_value_of_carriage': '#6E5E72', 'final_destination': '#BE6F96', 'awb_bill_issue_date': '#03A79E', 'lc_no': '#9CD69D', 'signed_by_agent': '#42BA43', 'flight_date': '#B261E3', 'agent_address': '#94C4D7', 'freight_collect_or_prepaid': '#2EA905', 'flight_details': '#56B4FB', 'notify_party_address': '#7E6A8A', 'shipper_name': '#D0E7AD', 'signed_by_carrier': '#CB83A2', 'stamped_onboard_date': '#E66FED', 'awb_original_number': '#974D59', 'flight_no': '#795F0F', 'freight_collected_at': '#433C7B', 'amount_insurance': '#936AC8', 'house_awb_bill_no': '#FC1613', 'master_awb_bill_no': '#A1AB19', 'airport_of_departure': '#8A677F', 'invoice_date': '#64DF55', 'good_marks': '#24D86A', 'place_of_receipt': '#DE4AF6', 'agent_name': '#A2B84C', 'signed_by_master': '#A75E24', 'airport_of_destination': '#ECB0F9', 'master_name': '#B7E78C', 'notify_party_name': '#0D4AD8'}
2024-03-14 11:15:52,459 is result_set is instance of dict? True
2024-03-14 11:15:52,460 is final_result_set is instance of dict? True
2024-03-14 11:15:52,655 Time taken for page 1 of Bill_Of_Landing_648_page_1.png:0:00:01.668768
2024-03-14 11:15:52,751 *****Generated All Pages****** for Bill_Of_Landing_648_page_1.png
2024-03-14 11:15:52,751 RAM memory 69.3 used for Bill_Of_Landing_648_page_1.png Generating All Pages:
2024-03-14 11:15:52,751 Processing time taken for all pages of Bill_Of_Landing_648_page_1.png1:0:00:01.765689
2024-03-14 11:15:52,874 file name is:Bill_Of_Landing_310_page_0.png
2024-03-14 11:15:52,874 folder path :Images
2024-03-14 11:15:52,874 Calling Image result
2024-03-14 11:15:52,874 is all_page_result is instance of dict? True
2024-03-14 11:15:52,874 STREAM b'IHDR' 16 13
2024-03-14 11:15:52,874 STREAM b'IDAT' 41 65536
2024-03-14 11:15:52,910 is words is instance of list? True
2024-03-14 11:15:52,910 is bboxes is instance of list? True
2024-03-14 11:15:52,910 is bounding_boxes is instance of list? True
2024-03-14 11:15:53,125 is input_id_chunks is instance of list? True
2024-03-14 11:15:53,125 is mask_chunks is instance of list? True
2024-03-14 11:15:53,125 is bbox_chunks is instance of list? True
2024-03-14 11:15:53,125 is image_chunks is instance of list? True
2024-03-14 11:15:53,125 is input_dict is instance of dict? True
2024-03-14 11:15:55,468 Model Called
2024-03-14 11:15:55,468 RAM memory 69.2 used for Bill_Of_Landing_310_page_0.png:
2024-03-14 11:15:55,468 is all_predictions is instance of list? True
2024-03-14 11:15:55,468 is all_boxes is instance of list? True
2024-03-14 11:15:55,468 is all_confidences is instance of list? True
2024-03-14 11:15:55,468 is all_text is instance of list? True
2024-03-14 11:15:55,468 is label2id is instance of dict? True
2024-03-14 11:15:55,469 is id2label is instance of dict? True
2024-03-14 11:15:55,470 is label2color is instance of dict? True
2024-03-14 11:15:55,470 label2color : {'lc_date': '#58AE77', 'stamp': '#D675F9', 'transaction_date': '#FA234F', 'carriage_condition': '#435625', 'carrier_address': '#4C2A6D', 'gross_weight': '#ACD91E', 'goods_description': '#3B6844', 'gross_quantity': '#5FAFB2', 'consignee_address': '#020EC2', 'signature': '#139DDB', 'awb_original_or_copy': '#5E53BF', 'declared_value_of_custom': '#B9803D', 'carrier_name': '#210093', 'at_place': '#770ED6', 'shipment_date': '#DA1E1A', 'shipper_address': '#F90615', 'net_weight': '#D18A1C', 'consignee_name': '#716DF6', 'invoice_number': '#8CBD2C', 'awb_bill_no': '#089940', 'dimension': '#172E64', 'O': '#F105C7', 'declared_value_of_carriage': '#CC315D', 'final_destination': '#08E8DF', 'awb_bill_issue_date': '#EB94C1', 'lc_no': '#547BCF', 'signed_by_agent': '#8F9BD0', 'flight_date': '#8929B9', 'agent_address': '#3ECC8F', 'freight_collect_or_prepaid': '#BA8EEB', 'flight_details': '#AE725D', 'notify_party_address': '#A11139', 'shipper_name': '#12C2AB', 'signed_by_carrier': '#AF6E6F', 'stamped_onboard_date': '#D8573C', 'awb_original_number': '#6AC952', 'flight_no': '#B6A601', 'freight_collected_at': '#02B1F7', 'amount_insurance': '#D81374', 'house_awb_bill_no': '#93FAC4', 'master_awb_bill_no': '#D727F4', 'airport_of_departure': '#951999', 'invoice_date': '#A6A2EE', 'good_marks': '#17EDD9', 'place_of_receipt': '#D77AD1', 'agent_name': '#1FB757', 'signed_by_master': '#180FA4', 'airport_of_destination': '#4ED3D7', 'master_name': '#12A39D', 'notify_party_name': '#6610BF'}
2024-03-14 11:15:55,683 is result_set is instance of dict? True
2024-03-14 11:15:55,686 is final_result_set is instance of dict? True
2024-03-14 11:15:56,029 Time taken for page 1 of Bill_Of_Landing_310_page_0.png:0:00:03.154053
2024-03-14 11:15:56,189 *****Generated All Pages****** for Bill_Of_Landing_310_page_0.png
2024-03-14 11:15:56,189 RAM memory 69.2 used for Bill_Of_Landing_310_page_0.png Generating All Pages:
2024-03-14 11:15:56,189 Processing time taken for all pages of Bill_Of_Landing_310_page_0.png1:0:00:03.315402
2024-03-14 11:15:56,309 file name is:Bill_Of_Landing_270_page_2.png
2024-03-14 11:15:56,310 folder path :Images
2024-03-14 11:15:56,310 Calling Image result
2024-03-14 11:15:56,310 is all_page_result is instance of dict? True
2024-03-14 11:15:56,310 STREAM b'IHDR' 16 13
2024-03-14 11:15:56,310 STREAM b'IDAT' 41 65536
2024-03-14 11:15:56,346 is words is instance of list? True
2024-03-14 11:15:56,346 is bboxes is instance of list? True
2024-03-14 11:15:56,346 is bounding_boxes is instance of list? True
2024-03-14 11:15:56,550 is input_id_chunks is instance of list? True
2024-03-14 11:15:56,550 is mask_chunks is instance of list? True
2024-03-14 11:15:56,550 is bbox_chunks is instance of list? True
2024-03-14 11:15:56,550 is image_chunks is instance of list? True
2024-03-14 11:15:56,551 is input_dict is instance of dict? True
2024-03-14 11:15:58,927 Model Called
2024-03-14 11:15:58,927 RAM memory 69.1 used for Bill_Of_Landing_270_page_2.png:
2024-03-14 11:15:58,927 is all_predictions is instance of list? True
2024-03-14 11:15:58,927 is all_boxes is instance of list? True
2024-03-14 11:15:58,927 is all_confidences is instance of list? True
2024-03-14 11:15:58,928 is all_text is instance of list? True
2024-03-14 11:15:58,928 is label2id is instance of dict? True
2024-03-14 11:15:58,928 is id2label is instance of dict? True
2024-03-14 11:15:58,929 is label2color is instance of dict? True
2024-03-14 11:15:58,929 label2color : {'lc_date': '#5431F4', 'stamp': '#1DA1E1', 'transaction_date': '#FA066A', 'carriage_condition': '#A2A1AF', 'carrier_address': '#7A046C', 'gross_weight': '#8239E5', 'goods_description': '#8762DC', 'gross_quantity': '#D6FA00', 'consignee_address': '#86372D', 'signature': '#DAA740', 'awb_original_or_copy': '#A35B7C', 'declared_value_of_custom': '#59BAC1', 'carrier_name': '#17AB24', 'at_place': '#2A50E9', 'shipment_date': '#67E400', 'shipper_address': '#D72772', 'net_weight': '#395B1F', 'consignee_name': '#575C2E', 'invoice_number': '#2CB8D6', 'awb_bill_no': '#91EEEC', 'dimension': '#27232D', 'O': '#E66F45', 'declared_value_of_carriage': '#660E10', 'final_destination': '#8D5C7E', 'awb_bill_issue_date': '#55E762', 'lc_no': '#98C1D9', 'signed_by_agent': '#868E90', 'flight_date': '#5D0AC2', 'agent_address': '#41EEAE', 'freight_collect_or_prepaid': '#0D1B48', 'flight_details': '#7D3341', 'notify_party_address': '#6FE24C', 'shipper_name': '#AE0F5B', 'signed_by_carrier': '#07E345', 'stamped_onboard_date': '#713412', 'awb_original_number': '#1B5072', 'flight_no': '#BDA793', 'freight_collected_at': '#DB8098', 'amount_insurance': '#7BEFB4', 'house_awb_bill_no': '#06BDF3', 'master_awb_bill_no': '#31C641', 'airport_of_departure': '#3AA5F3', 'invoice_date': '#7B1AF3', 'good_marks': '#BA4B0A', 'place_of_receipt': '#1D82DF', 'agent_name': '#6CCCFE', 'signed_by_master': '#52B7FE', 'airport_of_destination': '#BA729F', 'master_name': '#E0E214', 'notify_party_name': '#752AF8'}
2024-03-14 11:15:59,118 is result_set is instance of dict? True
2024-03-14 11:15:59,119 is final_result_set is instance of dict? True
2024-03-14 11:15:59,395 Time taken for page 1 of Bill_Of_Landing_270_page_2.png:0:00:03.085218
2024-03-14 11:15:59,561 *****Generated All Pages****** for Bill_Of_Landing_270_page_2.png
2024-03-14 11:15:59,562 RAM memory 69.1 used for Bill_Of_Landing_270_page_2.png Generating All Pages:
2024-03-14 11:15:59,562 Processing time taken for all pages of Bill_Of_Landing_270_page_2.png1:0:00:03.251953
2024-03-14 11:15:59,684 file name is:Bill_Of_Landing_486_page_0.png
2024-03-14 11:15:59,685 folder path :Images
2024-03-14 11:15:59,685 Calling Image result
2024-03-14 11:15:59,685 is all_page_result is instance of dict? True
2024-03-14 11:15:59,685 STREAM b'IHDR' 16 13
2024-03-14 11:15:59,685 STREAM b'IDAT' 41 65536
2024-03-14 11:15:59,717 is words is instance of list? True
2024-03-14 11:15:59,717 is bboxes is instance of list? True
2024-03-14 11:15:59,717 is bounding_boxes is instance of list? True
2024-03-14 11:15:59,928 is input_id_chunks is instance of list? True
2024-03-14 11:15:59,928 is mask_chunks is instance of list? True
2024-03-14 11:15:59,928 is bbox_chunks is instance of list? True
2024-03-14 11:15:59,928 is image_chunks is instance of list? True
2024-03-14 11:15:59,929 is input_dict is instance of dict? True
2024-03-14 11:16:02,236 Model Called
2024-03-14 11:16:02,236 RAM memory 68.7 used for Bill_Of_Landing_486_page_0.png:
2024-03-14 11:16:02,236 is all_predictions is instance of list? True
2024-03-14 11:16:02,236 is all_boxes is instance of list? True
2024-03-14 11:16:02,236 is all_confidences is instance of list? True
2024-03-14 11:16:02,236 is all_text is instance of list? True
2024-03-14 11:16:02,237 is label2id is instance of dict? True
2024-03-14 11:16:02,237 is id2label is instance of dict? True
2024-03-14 11:16:02,238 is label2color is instance of dict? True
2024-03-14 11:16:02,238 label2color : {'lc_date': '#05A2CD', 'stamp': '#10267B', 'transaction_date': '#31C92E', 'carriage_condition': '#00795D', 'carrier_address': '#53F1E9', 'gross_weight': '#36F43E', 'goods_description': '#8F23FE', 'gross_quantity': '#F80867', 'consignee_address': '#DE966D', 'signature': '#6DD48B', 'awb_original_or_copy': '#C5229E', 'declared_value_of_custom': '#3DBB6D', 'carrier_name': '#3656F3', 'at_place': '#C0AA66', 'shipment_date': '#E9796C', 'shipper_address': '#2F4D6D', 'net_weight': '#45F116', 'consignee_name': '#0AAA31', 'invoice_number': '#000BD8', 'awb_bill_no': '#25FD57', 'dimension': '#7C0BFE', 'O': '#01AA4E', 'declared_value_of_carriage': '#C66552', 'final_destination': '#834225', 'awb_bill_issue_date': '#BF3707', 'lc_no': '#15EA59', 'signed_by_agent': '#22A64B', 'flight_date': '#40C80D', 'agent_address': '#42E3C3', 'freight_collect_or_prepaid': '#8D1C8B', 'flight_details': '#BBF608', 'notify_party_address': '#7934DE', 'shipper_name': '#E8A1E1', 'signed_by_carrier': '#8E6415', 'stamped_onboard_date': '#A32D6B', 'awb_original_number': '#63E646', 'flight_no': '#A9D92D', 'freight_collected_at': '#833953', 'amount_insurance': '#AD6E74', 'house_awb_bill_no': '#6D5D67', 'master_awb_bill_no': '#BAA47F', 'airport_of_departure': '#325C82', 'invoice_date': '#D2321A', 'good_marks': '#497F3A', 'place_of_receipt': '#B99291', 'agent_name': '#338FE3', 'signed_by_master': '#59D728', 'airport_of_destination': '#9ABF08', 'master_name': '#CD7D4A', 'notify_party_name': '#16EF86'}
2024-03-14 11:16:02,433 is result_set is instance of dict? True
2024-03-14 11:16:02,435 is final_result_set is instance of dict? True
2024-03-14 11:16:02,778 Time taken for page 1 of Bill_Of_Landing_486_page_0.png:0:00:03.092502
2024-03-14 11:16:02,947 *****Generated All Pages****** for Bill_Of_Landing_486_page_0.png
2024-03-14 11:16:02,947 RAM memory 68.8 used for Bill_Of_Landing_486_page_0.png Generating All Pages:
2024-03-14 11:16:02,947 Processing time taken for all pages of Bill_Of_Landing_486_page_0.png1:0:00:03.262641
2024-03-14 11:16:03,062 file name is:Bill_Of_Landing_562_page_9.png
2024-03-14 11:16:03,062 folder path :Images
2024-03-14 11:16:03,062 Calling Image result
2024-03-14 11:16:03,062 is all_page_result is instance of dict? True
2024-03-14 11:16:03,063 STREAM b'IHDR' 16 13
2024-03-14 11:16:03,063 STREAM b'IDAT' 41 62466
2024-03-14 11:16:03,104 is words is instance of list? True
2024-03-14 11:16:03,104 is bboxes is instance of list? True
2024-03-14 11:16:03,104 is bounding_boxes is instance of list? True
2024-03-14 11:16:03,317 is input_id_chunks is instance of list? True
2024-03-14 11:16:03,317 is mask_chunks is instance of list? True
2024-03-14 11:16:03,317 is bbox_chunks is instance of list? True
2024-03-14 11:16:03,317 is image_chunks is instance of list? True
2024-03-14 11:16:03,317 is input_dict is instance of dict? True
2024-03-14 11:16:05,629 Model Called
2024-03-14 11:16:05,629 RAM memory 68.8 used for Bill_Of_Landing_562_page_9.png:
2024-03-14 11:16:05,629 is all_predictions is instance of list? True
2024-03-14 11:16:05,629 is all_boxes is instance of list? True
2024-03-14 11:16:05,629 is all_confidences is instance of list? True
2024-03-14 11:16:05,629 is all_text is instance of list? True
2024-03-14 11:16:05,630 is label2id is instance of dict? True
2024-03-14 11:16:05,630 is id2label is instance of dict? True
2024-03-14 11:16:05,631 is label2color is instance of dict? True
2024-03-14 11:16:05,631 label2color : {'lc_date': '#D56759', 'stamp': '#66848F', 'transaction_date': '#A4DFEA', 'carriage_condition': '#808D02', 'carrier_address': '#352726', 'gross_weight': '#7366C8', 'goods_description': '#CE66B3', 'gross_quantity': '#44905A', 'consignee_address': '#1FC1F0', 'signature': '#314A10', 'awb_original_or_copy': '#735B30', 'declared_value_of_custom': '#511D34', 'carrier_name': '#F0D58E', 'at_place': '#BAE669', 'shipment_date': '#4951F0', 'shipper_address': '#3D5349', 'net_weight': '#646A59', 'consignee_name': '#719593', 'invoice_number': '#09A82C', 'awb_bill_no': '#799EDD', 'dimension': '#5236F2', 'O': '#E89E84', 'declared_value_of_carriage': '#21CD4D', 'final_destination': '#277943', 'awb_bill_issue_date': '#E39F41', 'lc_no': '#205AA9', 'signed_by_agent': '#6FE20E', 'flight_date': '#A3975F', 'agent_address': '#D320F7', 'freight_collect_or_prepaid': '#B62D18', 'flight_details': '#05CAEC', 'notify_party_address': '#D1C9DF', 'shipper_name': '#AF134A', 'signed_by_carrier': '#13275C', 'stamped_onboard_date': '#63CF6D', 'awb_original_number': '#1C568D', 'flight_no': '#F3FC29', 'freight_collected_at': '#10DEE5', 'amount_insurance': '#B10F27', 'house_awb_bill_no': '#B9E97D', 'master_awb_bill_no': '#CBA188', 'airport_of_departure': '#105D0F', 'invoice_date': '#DEAE6C', 'good_marks': '#63DD12', 'place_of_receipt': '#50B683', 'agent_name': '#B71DA7', 'signed_by_master': '#B80B3D', 'airport_of_destination': '#C90A75', 'master_name': '#E11382', 'notify_party_name': '#210B23'}
2024-03-14 11:16:05,820 is result_set is instance of dict? True
2024-03-14 11:16:05,822 is final_result_set is instance of dict? True
2024-03-14 11:16:06,109 Time taken for page 1 of Bill_Of_Landing_562_page_9.png:0:00:03.046107
2024-03-14 11:16:06,289 *****Generated All Pages****** for Bill_Of_Landing_562_page_9.png
2024-03-14 11:16:06,289 RAM memory 68.9 used for Bill_Of_Landing_562_page_9.png Generating All Pages:
2024-03-14 11:16:06,289 Processing time taken for all pages of Bill_Of_Landing_562_page_9.png1:0:00:03.226632
2024-03-14 11:16:06,407 file name is:Packing_List_780_page_1.png
2024-03-14 11:16:06,407 folder path :Images
2024-03-14 11:16:06,407 Calling Image result
2024-03-14 11:16:06,408 is all_page_result is instance of dict? True
2024-03-14 11:16:06,408 STREAM b'IHDR' 16 13
2024-03-14 11:16:06,408 STREAM b'IDAT' 41 65536
2024-03-14 11:16:06,446 is words is instance of list? True
2024-03-14 11:16:06,446 is bboxes is instance of list? True
2024-03-14 11:16:06,446 is bounding_boxes is instance of list? True
2024-03-14 11:16:06,646 is input_id_chunks is instance of list? True
2024-03-14 11:16:06,646 is mask_chunks is instance of list? True
2024-03-14 11:16:06,647 is bbox_chunks is instance of list? True
2024-03-14 11:16:06,647 is image_chunks is instance of list? True
2024-03-14 11:16:06,648 is input_dict is instance of dict? True
2024-03-14 11:16:11,408 Model Called
2024-03-14 11:16:11,409 RAM memory 82.3 used for Packing_List_780_page_1.png:
2024-03-14 11:16:11,409 is all_predictions is instance of list? True
2024-03-14 11:16:11,409 is all_boxes is instance of list? True
2024-03-14 11:16:11,409 is all_confidences is instance of list? True
2024-03-14 11:16:11,409 is all_text is instance of list? True
2024-03-14 11:16:11,409 is label2id is instance of dict? True
2024-03-14 11:16:11,409 is id2label is instance of dict? True
2024-03-14 11:16:11,410 is label2color is instance of dict? True
2024-03-14 11:16:11,410 label2color : {'lc_date': '#08D235', 'stamp': '#2EE131', 'transaction_date': '#86EC42', 'carriage_condition': '#50C847', 'carrier_address': '#E27F3A', 'gross_weight': '#51847D', 'goods_description': '#251A4B', 'gross_quantity': '#199261', 'consignee_address': '#FCF4FD', 'signature': '#8C9092', 'awb_original_or_copy': '#CB03C3', 'declared_value_of_custom': '#5BF3B7', 'carrier_name': '#D2991A', 'at_place': '#ADDA22', 'shipment_date': '#27D352', 'shipper_address': '#293DA8', 'net_weight': '#6C525F', 'consignee_name': '#D3566C', 'invoice_number': '#0F8075', 'awb_bill_no': '#22124E', 'dimension': '#27AADE', 'O': '#4F8C46', 'declared_value_of_carriage': '#3D3188', 'final_destination': '#494A09', 'awb_bill_issue_date': '#FA99B5', 'lc_no': '#F6F51F', 'signed_by_agent': '#41FF2F', 'flight_date': '#510928', 'agent_address': '#DB9B4C', 'freight_collect_or_prepaid': '#41E832', 'flight_details': '#475B2A', 'notify_party_address': '#A810B5', 'shipper_name': '#F008F2', 'signed_by_carrier': '#ACD274', 'stamped_onboard_date': '#E947F7', 'awb_original_number': '#3FA457', 'flight_no': '#D21BEF', 'freight_collected_at': '#AD589B', 'amount_insurance': '#73C904', 'house_awb_bill_no': '#8EB7FD', 'master_awb_bill_no': '#B3FC52', 'airport_of_departure': '#F61CDA', 'invoice_date': '#9995FA', 'good_marks': '#512485', 'place_of_receipt': '#5D7CCD', 'agent_name': '#5E1E48', 'signed_by_master': '#33A29C', 'airport_of_destination': '#FA63B3', 'master_name': '#BEC7B7', 'notify_party_name': '#F128DA'}
2024-03-14 11:16:11,750 is result_set is instance of dict? True
2024-03-14 11:16:11,752 is final_result_set is instance of dict? True
2024-03-14 11:16:12,133 Time taken for page 1 of Packing_List_780_page_1.png:0:00:05.724740
2024-03-14 11:16:12,394 *****Generated All Pages****** for Packing_List_780_page_1.png
2024-03-14 11:16:12,394 RAM memory 82.5 used for Packing_List_780_page_1.png Generating All Pages:
2024-03-14 11:16:12,394 Processing time taken for all pages of Packing_List_780_page_1.png1:0:00:05.986580
2024-03-14 11:16:12,604 file name is:Bill_Of_Landing_678_page_0.png
2024-03-14 11:16:12,604 folder path :Images
2024-03-14 11:16:12,604 Calling Image result
2024-03-14 11:16:12,604 is all_page_result is instance of dict? True
2024-03-14 11:16:12,605 STREAM b'IHDR' 16 13
2024-03-14 11:16:12,605 STREAM b'IDAT' 41 65536
2024-03-14 11:16:12,681 is words is instance of list? True
2024-03-14 11:16:12,681 is bboxes is instance of list? True
2024-03-14 11:16:12,681 is bounding_boxes is instance of list? True
2024-03-14 11:16:13,231 is input_id_chunks is instance of list? True
2024-03-14 11:16:13,231 is mask_chunks is instance of list? True
2024-03-14 11:16:13,231 is bbox_chunks is instance of list? True
2024-03-14 11:16:13,231 is image_chunks is instance of list? True
2024-03-14 11:16:13,232 is input_dict is instance of dict? True
2024-03-14 11:16:16,757 Model Called
2024-03-14 11:16:16,758 RAM memory 75.3 used for Bill_Of_Landing_678_page_0.png:
2024-03-14 11:16:16,758 is all_predictions is instance of list? True
2024-03-14 11:16:16,758 is all_boxes is instance of list? True
2024-03-14 11:16:16,758 is all_confidences is instance of list? True
2024-03-14 11:16:16,758 is all_text is instance of list? True
2024-03-14 11:16:16,758 is label2id is instance of dict? True
2024-03-14 11:16:16,758 is id2label is instance of dict? True
2024-03-14 11:16:16,759 is label2color is instance of dict? True
2024-03-14 11:16:16,759 label2color : {'lc_date': '#7BF2CD', 'stamp': '#6F88F8', 'transaction_date': '#6B7CD7', 'carriage_condition': '#67BCF3', 'carrier_address': '#C93115', 'gross_weight': '#40A306', 'goods_description': '#E66516', 'gross_quantity': '#20B12E', 'consignee_address': '#FEB17B', 'signature': '#80DC33', 'awb_original_or_copy': '#A392AD', 'declared_value_of_custom': '#AB4E2F', 'carrier_name': '#E7B3C1', 'at_place': '#0CDA75', 'shipment_date': '#7F727B', 'shipper_address': '#F50776', 'net_weight': '#D6D1A2', 'consignee_name': '#E28B18', 'invoice_number': '#7ED70A', 'awb_bill_no': '#BDE6C4', 'dimension': '#7CFB93', 'O': '#057334', 'declared_value_of_carriage': '#92DFA8', 'final_destination': '#60AF70', 'awb_bill_issue_date': '#2BCA56', 'lc_no': '#D33D28', 'signed_by_agent': '#4059A6', 'flight_date': '#1644EB', 'agent_address': '#8EA80F', 'freight_collect_or_prepaid': '#D64B0E', 'flight_details': '#5D70FA', 'notify_party_address': '#E53AF0', 'shipper_name': '#CAB57E', 'signed_by_carrier': '#2527C9', 'stamped_onboard_date': '#5CDAA5', 'awb_original_number': '#6A11A3', 'flight_no': '#2EA599', 'freight_collected_at': '#2E8DAB', 'amount_insurance': '#E8BAC7', 'house_awb_bill_no': '#6A6B26', 'master_awb_bill_no': '#FA865F', 'airport_of_departure': '#56A25B', 'invoice_date': '#0AE284', 'good_marks': '#8B3A8C', 'place_of_receipt': '#96067B', 'agent_name': '#11EA58', 'signed_by_master': '#D901B8', 'airport_of_destination': '#07CA2E', 'master_name': '#381A18', 'notify_party_name': '#F6813D'}
2024-03-14 11:16:17,396 is result_set is instance of dict? True
2024-03-14 11:16:17,398 is final_result_set is instance of dict? True
2024-03-14 11:16:17,746 Time taken for page 1 of Bill_Of_Landing_678_page_0.png:0:00:05.140899
2024-03-14 11:16:18,081 *****Generated All Pages****** for Bill_Of_Landing_678_page_0.png
2024-03-14 11:16:18,082 RAM memory 75.9 used for Bill_Of_Landing_678_page_0.png Generating All Pages:
2024-03-14 11:16:18,082 Processing time taken for all pages of Bill_Of_Landing_678_page_0.png1:0:00:05.477485
2024-03-14 11:16:18,264 file name is:Bill_Of_Landing_681_page_0.png
2024-03-14 11:16:18,264 folder path :Images
2024-03-14 11:16:18,264 Calling Image result
2024-03-14 11:16:18,264 is all_page_result is instance of dict? True
2024-03-14 11:16:18,275 STREAM b'IHDR' 16 13
2024-03-14 11:16:18,275 STREAM b'IDAT' 41 65536
2024-03-14 11:16:18,351 is words is instance of list? True
2024-03-14 11:16:18,351 is bboxes is instance of list? True
2024-03-14 11:16:18,351 is bounding_boxes is instance of list? True
2024-03-14 11:16:18,922 is input_id_chunks is instance of list? True
2024-03-14 11:16:18,922 is mask_chunks is instance of list? True
2024-03-14 11:16:18,922 is bbox_chunks is instance of list? True
2024-03-14 11:16:18,922 is image_chunks is instance of list? True
2024-03-14 11:16:18,923 is input_dict is instance of dict? True
2024-03-14 11:16:21,244 Model Called
2024-03-14 11:16:21,245 RAM memory 69.9 used for Bill_Of_Landing_681_page_0.png:
2024-03-14 11:16:21,245 is all_predictions is instance of list? True
2024-03-14 11:16:21,245 is all_boxes is instance of list? True
2024-03-14 11:16:21,245 is all_confidences is instance of list? True
2024-03-14 11:16:21,245 is all_text is instance of list? True
2024-03-14 11:16:21,245 is label2id is instance of dict? True
2024-03-14 11:16:21,245 is id2label is instance of dict? True
2024-03-14 11:16:21,246 is label2color is instance of dict? True
2024-03-14 11:16:21,246 label2color : {'lc_date': '#D50A2B', 'stamp': '#646C23', 'transaction_date': '#6D6E3A', 'carriage_condition': '#1C7617', 'carrier_address': '#1F3099', 'gross_weight': '#F1EA82', 'goods_description': '#52D0CF', 'gross_quantity': '#C17121', 'consignee_address': '#02346C', 'signature': '#F51D7A', 'awb_original_or_copy': '#03EA79', 'declared_value_of_custom': '#8A6164', 'carrier_name': '#6E7CEC', 'at_place': '#9418A7', 'shipment_date': '#A05F35', 'shipper_address': '#D078CD', 'net_weight': '#3C92D0', 'consignee_name': '#D7B790', 'invoice_number': '#03CD0F', 'awb_bill_no': '#4C80E6', 'dimension': '#BFB67B', 'O': '#9BB409', 'declared_value_of_carriage': '#88424C', 'final_destination': '#42A663', 'awb_bill_issue_date': '#62AA72', 'lc_no': '#AB148F', 'signed_by_agent': '#3A97EC', 'flight_date': '#7F7617', 'agent_address': '#C74F52', 'freight_collect_or_prepaid': '#1D302C', 'flight_details': '#8E769B', 'notify_party_address': '#C7FB8E', 'shipper_name': '#3CE2CC', 'signed_by_carrier': '#9EEA81', 'stamped_onboard_date': '#30AB05', 'awb_original_number': '#E1E78D', 'flight_no': '#CC39DD', 'freight_collected_at': '#5A4AD7', 'amount_insurance': '#F2751A', 'house_awb_bill_no': '#69FA1B', 'master_awb_bill_no': '#555228', 'airport_of_departure': '#536057', 'invoice_date': '#8944F3', 'good_marks': '#89DCE2', 'place_of_receipt': '#DCAF12', 'agent_name': '#0132D4', 'signed_by_master': '#A3265F', 'airport_of_destination': '#BF737E', 'master_name': '#FA4414', 'notify_party_name': '#C27ACF'}
2024-03-14 11:16:21,774 is result_set is instance of dict? True
2024-03-14 11:16:21,776 is final_result_set is instance of dict? True
2024-03-14 11:16:22,090 Time taken for page 1 of Bill_Of_Landing_681_page_0.png:0:00:03.814346
2024-03-14 11:16:22,418 *****Generated All Pages****** for Bill_Of_Landing_681_page_0.png
2024-03-14 11:16:22,419 RAM memory 70.6 used for Bill_Of_Landing_681_page_0.png Generating All Pages:
2024-03-14 11:16:22,419 Processing time taken for all pages of Bill_Of_Landing_681_page_0.png1:0:00:04.154336
2024-03-14 11:16:22,557 file name is:Bill_Of_Landing_562_page_21.png
2024-03-14 11:16:22,557 folder path :Images
2024-03-14 11:16:22,558 Calling Image result
2024-03-14 11:16:22,558 is all_page_result is instance of dict? True
2024-03-14 11:16:22,558 STREAM b'IHDR' 16 13
2024-03-14 11:16:22,558 STREAM b'IDAT' 41 65536
2024-03-14 11:16:22,592 is words is instance of list? True
2024-03-14 11:16:22,592 is bboxes is instance of list? True
2024-03-14 11:16:22,592 is bounding_boxes is instance of list? True
2024-03-14 11:16:22,810 is input_id_chunks is instance of list? True
2024-03-14 11:16:22,810 is mask_chunks is instance of list? True
2024-03-14 11:16:22,810 is bbox_chunks is instance of list? True
2024-03-14 11:16:22,810 is image_chunks is instance of list? True
2024-03-14 11:16:22,811 is input_dict is instance of dict? True
2024-03-14 11:16:25,162 Model Called
2024-03-14 11:16:25,162 RAM memory 69.2 used for Bill_Of_Landing_562_page_21.png:
2024-03-14 11:16:25,162 is all_predictions is instance of list? True
2024-03-14 11:16:25,162 is all_boxes is instance of list? True
2024-03-14 11:16:25,162 is all_confidences is instance of list? True
2024-03-14 11:16:25,162 is all_text is instance of list? True
2024-03-14 11:16:25,163 is label2id is instance of dict? True
2024-03-14 11:16:25,163 is id2label is instance of dict? True
2024-03-14 11:16:25,164 is label2color is instance of dict? True
2024-03-14 11:16:25,164 label2color : {'lc_date': '#53833B', 'stamp': '#DBABD0', 'transaction_date': '#F5C269', 'carriage_condition': '#C78183', 'carrier_address': '#C5DE7D', 'gross_weight': '#9595A4', 'goods_description': '#AF166E', 'gross_quantity': '#9275D4', 'consignee_address': '#1CE08B', 'signature': '#4129CF', 'awb_original_or_copy': '#547591', 'declared_value_of_custom': '#1D3CDC', 'carrier_name': '#8740E8', 'at_place': '#C7E3B8', 'shipment_date': '#6FD4CC', 'shipper_address': '#601D5A', 'net_weight': '#1EC2B5', 'consignee_name': '#F91251', 'invoice_number': '#888D99', 'awb_bill_no': '#4AE77B', 'dimension': '#FA73A6', 'O': '#B38DF4', 'declared_value_of_carriage': '#2F8CF7', 'final_destination': '#04897D', 'awb_bill_issue_date': '#6D6B3D', 'lc_no': '#DD94CB', 'signed_by_agent': '#AFAC34', 'flight_date': '#148299', 'agent_address': '#0A3BA9', 'freight_collect_or_prepaid': '#AE7F0E', 'flight_details': '#49423C', 'notify_party_address': '#BADB42', 'shipper_name': '#6D1EE3', 'signed_by_carrier': '#00111E', 'stamped_onboard_date': '#C6195C', 'awb_original_number': '#4866BB', 'flight_no': '#CE8AF4', 'freight_collected_at': '#F60095', 'amount_insurance': '#D626A7', 'house_awb_bill_no': '#D72E1D', 'master_awb_bill_no': '#13FD01', 'airport_of_departure': '#940415', 'invoice_date': '#E52779', 'good_marks': '#D4B97D', 'place_of_receipt': '#50DC00', 'agent_name': '#4DFBB9', 'signed_by_master': '#DEA4DA', 'airport_of_destination': '#A448C0', 'master_name': '#34138D', 'notify_party_name': '#654DD2'}
2024-03-14 11:16:25,359 is result_set is instance of dict? True
2024-03-14 11:16:25,361 is final_result_set is instance of dict? True
2024-03-14 11:16:25,664 Time taken for page 1 of Bill_Of_Landing_562_page_21.png:0:00:03.105779
2024-03-14 11:16:25,817 *****Generated All Pages****** for Bill_Of_Landing_562_page_21.png
2024-03-14 11:16:25,818 RAM memory 69.2 used for Bill_Of_Landing_562_page_21.png Generating All Pages:
2024-03-14 11:16:25,818 Processing time taken for all pages of Bill_Of_Landing_562_page_21.png1:0:00:03.260210
2024-03-14 11:16:25,940 file name is:Bill_Of_Landing_555_page_2.png
2024-03-14 11:16:25,940 folder path :Images
2024-03-14 11:16:25,940 Calling Image result
2024-03-14 11:16:25,940 is all_page_result is instance of dict? True
2024-03-14 11:16:25,941 STREAM b'IHDR' 16 13
2024-03-14 11:16:25,941 STREAM b'IDAT' 41 65536
2024-03-14 11:16:25,978 is words is instance of list? True
2024-03-14 11:16:25,978 is bboxes is instance of list? True
2024-03-14 11:16:25,978 is bounding_boxes is instance of list? True
2024-03-14 11:16:26,188 is input_id_chunks is instance of list? True
2024-03-14 11:16:26,188 is mask_chunks is instance of list? True
2024-03-14 11:16:26,188 is bbox_chunks is instance of list? True
2024-03-14 11:16:26,188 is image_chunks is instance of list? True
2024-03-14 11:16:26,188 is input_dict is instance of dict? True
2024-03-14 11:16:28,518 Model Called
2024-03-14 11:16:28,518 RAM memory 69.1 used for Bill_Of_Landing_555_page_2.png:
2024-03-14 11:16:28,518 is all_predictions is instance of list? True
2024-03-14 11:16:28,518 is all_boxes is instance of list? True
2024-03-14 11:16:28,518 is all_confidences is instance of list? True
2024-03-14 11:16:28,518 is all_text is instance of list? True
2024-03-14 11:16:28,518 is label2id is instance of dict? True
2024-03-14 11:16:28,519 is id2label is instance of dict? True
2024-03-14 11:16:28,519 is label2color is instance of dict? True
2024-03-14 11:16:28,519 label2color : {'lc_date': '#B1E97C', 'stamp': '#F1291A', 'transaction_date': '#302FCB', 'carriage_condition': '#6BFA2B', 'carrier_address': '#FD8467', 'gross_weight': '#5E43AA', 'goods_description': '#E2A8EE', 'gross_quantity': '#54D115', 'consignee_address': '#2BBCF5', 'signature': '#6E9833', 'awb_original_or_copy': '#ECB8C6', 'declared_value_of_custom': '#B4A8AB', 'carrier_name': '#AE5C92', 'at_place': '#91549C', 'shipment_date': '#744F95', 'shipper_address': '#EEEB8A', 'net_weight': '#369C7A', 'consignee_name': '#2677BD', 'invoice_number': '#A8C293', 'awb_bill_no': '#F58049', 'dimension': '#5824AB', 'O': '#411F4F', 'declared_value_of_carriage': '#C26F91', 'final_destination': '#D85FA5', 'awb_bill_issue_date': '#7A4C66', 'lc_no': '#D7780A', 'signed_by_agent': '#CE4393', 'flight_date': '#C5295C', 'agent_address': '#AA5C9D', 'freight_collect_or_prepaid': '#057CA0', 'flight_details': '#9250CC', 'notify_party_address': '#A42C8A', 'shipper_name': '#0A493E', 'signed_by_carrier': '#03E75B', 'stamped_onboard_date': '#D4A7F5', 'awb_original_number': '#BFC2D1', 'flight_no': '#456F87', 'freight_collected_at': '#1A379A', 'amount_insurance': '#5B0FE8', 'house_awb_bill_no': '#5C4BAF', 'master_awb_bill_no': '#F8BC7F', 'airport_of_departure': '#D0F077', 'invoice_date': '#241B51', 'good_marks': '#77A0E8', 'place_of_receipt': '#9A7EBD', 'agent_name': '#02B7A2', 'signed_by_master': '#90069F', 'airport_of_destination': '#CB9D40', 'master_name': '#453421', 'notify_party_name': '#1F619A'}
2024-03-14 11:16:28,708 is result_set is instance of dict? True
2024-03-14 11:16:28,710 is final_result_set is instance of dict? True
2024-03-14 11:16:29,000 Time taken for page 1 of Bill_Of_Landing_555_page_2.png:0:00:03.058646
2024-03-14 11:16:29,154 *****Generated All Pages****** for Bill_Of_Landing_555_page_2.png
2024-03-14 11:16:29,155 RAM memory 69.2 used for Bill_Of_Landing_555_page_2.png Generating All Pages:
2024-03-14 11:16:29,155 Processing time taken for all pages of Bill_Of_Landing_555_page_2.png1:0:00:03.214792
2024-03-14 11:16:29,273 file name is:Bill_Of_Landing_562_page_22.png
2024-03-14 11:16:29,273 folder path :Images
2024-03-14 11:16:29,273 Calling Image result
2024-03-14 11:16:29,273 is all_page_result is instance of dict? True
2024-03-14 11:16:29,284 STREAM b'IHDR' 16 13
2024-03-14 11:16:29,284 STREAM b'IDAT' 41 65536
2024-03-14 11:16:29,322 is words is instance of list? True
2024-03-14 11:16:29,322 is bboxes is instance of list? True
2024-03-14 11:16:29,322 is bounding_boxes is instance of list? True
2024-03-14 11:16:29,538 is input_id_chunks is instance of list? True
2024-03-14 11:16:29,538 is mask_chunks is instance of list? True
2024-03-14 11:16:29,538 is bbox_chunks is instance of list? True
2024-03-14 11:16:29,538 is image_chunks is instance of list? True
2024-03-14 11:16:29,539 is input_dict is instance of dict? True
2024-03-14 11:16:31,899 Model Called
2024-03-14 11:16:31,899 RAM memory 69.0 used for Bill_Of_Landing_562_page_22.png:
2024-03-14 11:16:31,899 is all_predictions is instance of list? True
2024-03-14 11:16:31,899 is all_boxes is instance of list? True
2024-03-14 11:16:31,899 is all_confidences is instance of list? True
2024-03-14 11:16:31,899 is all_text is instance of list? True
2024-03-14 11:16:31,900 is label2id is instance of dict? True
2024-03-14 11:16:31,900 is id2label is instance of dict? True
2024-03-14 11:16:31,901 is label2color is instance of dict? True
2024-03-14 11:16:31,901 label2color : {'lc_date': '#029A03', 'stamp': '#636941', 'transaction_date': '#6A0855', 'carriage_condition': '#688564', 'carrier_address': '#1C0ECA', 'gross_weight': '#7518D3', 'goods_description': '#6AA313', 'gross_quantity': '#3EC57B', 'consignee_address': '#F6DE2B', 'signature': '#A09FE3', 'awb_original_or_copy': '#00D986', 'declared_value_of_custom': '#950936', 'carrier_name': '#D8483F', 'at_place': '#51AB04', 'shipment_date': '#261A1C', 'shipper_address': '#7043BE', 'net_weight': '#88320F', 'consignee_name': '#457F94', 'invoice_number': '#C2645F', 'awb_bill_no': '#BCBC95', 'dimension': '#74345C', 'O': '#CE7B85', 'declared_value_of_carriage': '#D36071', 'final_destination': '#AB627B', 'awb_bill_issue_date': '#033C00', 'lc_no': '#F78D01', 'signed_by_agent': '#53F016', 'flight_date': '#537D7A', 'agent_address': '#DA0B8D', 'freight_collect_or_prepaid': '#D4D0C2', 'flight_details': '#7B58B1', 'notify_party_address': '#49E9A0', 'shipper_name': '#F58362', 'signed_by_carrier': '#B531B9', 'stamped_onboard_date': '#97EECB', 'awb_original_number': '#35BA00', 'flight_no': '#18842B', 'freight_collected_at': '#F2F68A', 'amount_insurance': '#E53967', 'house_awb_bill_no': '#9CB9E8', 'master_awb_bill_no': '#18C0E6', 'airport_of_departure': '#126CF3', 'invoice_date': '#8D7771', 'good_marks': '#89BC91', 'place_of_receipt': '#8F9DCD', 'agent_name': '#3A951B', 'signed_by_master': '#A585BB', 'airport_of_destination': '#297346', 'master_name': '#06DDE2', 'notify_party_name': '#D49161'}
2024-03-14 11:16:32,110 is result_set is instance of dict? True
2024-03-14 11:16:32,112 is final_result_set is instance of dict? True
2024-03-14 11:16:32,369 Time taken for page 1 of Bill_Of_Landing_562_page_22.png:0:00:03.085307
2024-03-14 11:16:32,578 *****Generated All Pages****** for Bill_Of_Landing_562_page_22.png
2024-03-14 11:16:32,578 RAM memory 69.3 used for Bill_Of_Landing_562_page_22.png Generating All Pages:
2024-03-14 11:16:32,578 Processing time taken for all pages of Bill_Of_Landing_562_page_22.png1:0:00:03.305304
2024-03-14 11:16:32,736 file name is:Bill_Of_Landing_562_page_20.png
2024-03-14 11:16:32,737 folder path :Images
2024-03-14 11:16:32,737 Calling Image result
2024-03-14 11:16:32,737 is all_page_result is instance of dict? True
2024-03-14 11:16:32,738 STREAM b'IHDR' 16 13
2024-03-14 11:16:32,738 STREAM b'IDAT' 41 65536
2024-03-14 11:16:32,776 is words is instance of list? True
2024-03-14 11:16:32,777 is bboxes is instance of list? True
2024-03-14 11:16:32,777 is bounding_boxes is instance of list? True
2024-03-14 11:16:33,088 is input_id_chunks is instance of list? True
2024-03-14 11:16:33,089 is mask_chunks is instance of list? True
2024-03-14 11:16:33,089 is bbox_chunks is instance of list? True
2024-03-14 11:16:33,089 is image_chunks is instance of list? True
2024-03-14 11:16:33,096 is input_dict is instance of dict? True
2024-03-14 11:16:35,570 Model Called
2024-03-14 11:16:35,571 RAM memory 69.3 used for Bill_Of_Landing_562_page_20.png:
2024-03-14 11:16:35,571 is all_predictions is instance of list? True
2024-03-14 11:16:35,571 is all_boxes is instance of list? True
2024-03-14 11:16:35,571 is all_confidences is instance of list? True
2024-03-14 11:16:35,571 is all_text is instance of list? True
2024-03-14 11:16:35,571 is label2id is instance of dict? True
2024-03-14 11:16:35,571 is id2label is instance of dict? True
2024-03-14 11:16:35,572 is label2color is instance of dict? True
2024-03-14 11:16:35,572 label2color : {'lc_date': '#FCA6BD', 'stamp': '#081D08', 'transaction_date': '#42FC8A', 'carriage_condition': '#495556', 'carrier_address': '#1E118E', 'gross_weight': '#DC5A1F', 'goods_description': '#39684F', 'gross_quantity': '#9E4661', 'consignee_address': '#9B4047', 'signature': '#207DD9', 'awb_original_or_copy': '#322908', 'declared_value_of_custom': '#ED06B9', 'carrier_name': '#CA4F1A', 'at_place': '#C8672C', 'shipment_date': '#351B2F', 'shipper_address': '#E9165B', 'net_weight': '#161AEE', 'consignee_name': '#00F7E0', 'invoice_number': '#CD4310', 'awb_bill_no': '#374FB7', 'dimension': '#4F019A', 'O': '#80EFE6', 'declared_value_of_carriage': '#81233D', 'final_destination': '#E8CBFA', 'awb_bill_issue_date': '#F584F6', 'lc_no': '#0D6E56', 'signed_by_agent': '#AFDB7B', 'flight_date': '#686077', 'agent_address': '#BC8DD9', 'freight_collect_or_prepaid': '#BBCE97', 'flight_details': '#0C10A5', 'notify_party_address': '#A2C4C4', 'shipper_name': '#DA566B', 'signed_by_carrier': '#5703F9', 'stamped_onboard_date': '#27A2F4', 'awb_original_number': '#BB2EC7', 'flight_no': '#88865D', 'freight_collected_at': '#FA4749', 'amount_insurance': '#AAF7A2', 'house_awb_bill_no': '#606636', 'master_awb_bill_no': '#E9FF77', 'airport_of_departure': '#AA7062', 'invoice_date': '#C3A0D2', 'good_marks': '#D3C9C9', 'place_of_receipt': '#A47417', 'agent_name': '#B9D309', 'signed_by_master': '#705713', 'airport_of_destination': '#D6DE1A', 'master_name': '#83A2C6', 'notify_party_name': '#36B8E2'}
2024-03-14 11:16:35,780 is result_set is instance of dict? True
2024-03-14 11:16:35,781 is final_result_set is instance of dict? True
2024-03-14 11:16:36,069 Time taken for page 1 of Bill_Of_Landing_562_page_20.png:0:00:03.330691
2024-03-14 11:16:36,247 *****Generated All Pages****** for Bill_Of_Landing_562_page_20.png
2024-03-14 11:16:36,247 RAM memory 69.5 used for Bill_Of_Landing_562_page_20.png Generating All Pages:
2024-03-14 11:16:36,247 Processing time taken for all pages of Bill_Of_Landing_562_page_20.png1:0:00:03.510264
2024-03-14 11:16:36,373 file name is:Bill_Of_Landing_816_page_1.png
2024-03-14 11:16:36,373 folder path :Images
2024-03-14 11:16:36,373 Calling Image result
2024-03-14 11:16:36,373 is all_page_result is instance of dict? True
2024-03-14 11:16:36,374 STREAM b'IHDR' 16 13
2024-03-14 11:16:36,374 STREAM b'IDAT' 41 57123
2024-03-14 11:16:36,408 is words is instance of list? True
2024-03-14 11:16:36,408 is bboxes is instance of list? True
2024-03-14 11:16:36,408 is bounding_boxes is instance of list? True
2024-03-14 11:16:36,621 is input_id_chunks is instance of list? True
2024-03-14 11:16:36,621 is mask_chunks is instance of list? True
2024-03-14 11:16:36,621 is bbox_chunks is instance of list? True
2024-03-14 11:16:36,621 is image_chunks is instance of list? True
2024-03-14 11:16:36,623 is input_dict is instance of dict? True
2024-03-14 11:16:39,047 Model Called
2024-03-14 11:16:39,047 RAM memory 69.4 used for Bill_Of_Landing_816_page_1.png:
2024-03-14 11:16:39,047 is all_predictions is instance of list? True
2024-03-14 11:16:39,047 is all_boxes is instance of list? True
2024-03-14 11:16:39,047 is all_confidences is instance of list? True
2024-03-14 11:16:39,047 is all_text is instance of list? True
2024-03-14 11:16:39,048 is label2id is instance of dict? True
2024-03-14 11:16:39,048 is id2label is instance of dict? True
2024-03-14 11:16:39,049 is label2color is instance of dict? True
2024-03-14 11:16:39,049 label2color : {'lc_date': '#409789', 'stamp': '#A094AE', 'transaction_date': '#D9E3B1', 'carriage_condition': '#CA87C3', 'carrier_address': '#77A8F5', 'gross_weight': '#EF1D4A', 'goods_description': '#44935F', 'gross_quantity': '#036534', 'consignee_address': '#094DCF', 'signature': '#6EBF0F', 'awb_original_or_copy': '#7A4B5E', 'declared_value_of_custom': '#B25315', 'carrier_name': '#014F81', 'at_place': '#071591', 'shipment_date': '#DE75DC', 'shipper_address': '#9974B0', 'net_weight': '#B13E55', 'consignee_name': '#05EF3C', 'invoice_number': '#E8A9EF', 'awb_bill_no': '#2FF41E', 'dimension': '#72338E', 'O': '#C30623', 'declared_value_of_carriage': '#EC9DAA', 'final_destination': '#68D588', 'awb_bill_issue_date': '#9C1BB0', 'lc_no': '#1169B2', 'signed_by_agent': '#E0713A', 'flight_date': '#C56A47', 'agent_address': '#115F09', 'freight_collect_or_prepaid': '#90CACD', 'flight_details': '#9361D9', 'notify_party_address': '#6010AB', 'shipper_name': '#E1DFDA', 'signed_by_carrier': '#3F069F', 'stamped_onboard_date': '#C1DA72', 'awb_original_number': '#7CDEA5', 'flight_no': '#4FA732', 'freight_collected_at': '#18BC2A', 'amount_insurance': '#F02EC4', 'house_awb_bill_no': '#316C6F', 'master_awb_bill_no': '#2A980E', 'airport_of_departure': '#863EA4', 'invoice_date': '#0C74D7', 'good_marks': '#046B8D', 'place_of_receipt': '#A74FA7', 'agent_name': '#E1A012', 'signed_by_master': '#05EA0B', 'airport_of_destination': '#0BB36B', 'master_name': '#95A559', 'notify_party_name': '#F59E7E'}
2024-03-14 11:16:39,254 is result_set is instance of dict? True
2024-03-14 11:16:39,255 is final_result_set is instance of dict? True
2024-03-14 11:16:39,483 Time taken for page 1 of Bill_Of_Landing_816_page_1.png:0:00:03.108712
2024-03-14 11:16:39,639 *****Generated All Pages****** for Bill_Of_Landing_816_page_1.png
2024-03-14 11:16:39,639 RAM memory 69.3 used for Bill_Of_Landing_816_page_1.png Generating All Pages:
2024-03-14 11:16:39,639 Processing time taken for all pages of Bill_Of_Landing_816_page_1.png1:0:00:03.266211
2024-03-14 11:16:39,775 file name is:Bill_Of_Landing_269_page_0.png
2024-03-14 11:16:39,775 folder path :Images
2024-03-14 11:16:39,775 Calling Image result
2024-03-14 11:16:39,775 is all_page_result is instance of dict? True
2024-03-14 11:16:39,775 STREAM b'IHDR' 16 13
2024-03-14 11:16:39,775 STREAM b'IDAT' 41 65536
2024-03-14 11:16:39,810 is words is instance of list? True
2024-03-14 11:16:39,810 is bboxes is instance of list? True
2024-03-14 11:16:39,810 is bounding_boxes is instance of list? True
2024-03-14 11:16:40,043 is input_id_chunks is instance of list? True
2024-03-14 11:16:40,043 is mask_chunks is instance of list? True
2024-03-14 11:16:40,043 is bbox_chunks is instance of list? True
2024-03-14 11:16:40,043 is image_chunks is instance of list? True
2024-03-14 11:16:40,044 is input_dict is instance of dict? True
2024-03-14 11:16:42,548 Model Called
2024-03-14 11:16:42,548 RAM memory 69.2 used for Bill_Of_Landing_269_page_0.png:
2024-03-14 11:16:42,548 is all_predictions is instance of list? True
2024-03-14 11:16:42,548 is all_boxes is instance of list? True
2024-03-14 11:16:42,548 is all_confidences is instance of list? True
2024-03-14 11:16:42,548 is all_text is instance of list? True
2024-03-14 11:16:42,549 is label2id is instance of dict? True
2024-03-14 11:16:42,549 is id2label is instance of dict? True
2024-03-14 11:16:42,550 is label2color is instance of dict? True
2024-03-14 11:16:42,550 label2color : {'lc_date': '#CD1CE8', 'stamp': '#0E5988', 'transaction_date': '#94F451', 'carriage_condition': '#5FDB2F', 'carrier_address': '#1737C6', 'gross_weight': '#47D942', 'goods_description': '#630B58', 'gross_quantity': '#D536CA', 'consignee_address': '#347EED', 'signature': '#288656', 'awb_original_or_copy': '#E3E155', 'declared_value_of_custom': '#B782EF', 'carrier_name': '#E05F20', 'at_place': '#7856F8', 'shipment_date': '#D13EE8', 'shipper_address': '#8138B7', 'net_weight': '#8A532F', 'consignee_name': '#997573', 'invoice_number': '#8F0CE5', 'awb_bill_no': '#082FB5', 'dimension': '#D9D87B', 'O': '#B5303F', 'declared_value_of_carriage': '#187336', 'final_destination': '#FD1B10', 'awb_bill_issue_date': '#AB0B94', 'lc_no': '#A0B9F5', 'signed_by_agent': '#79BB4E', 'flight_date': '#050244', 'agent_address': '#FF7876', 'freight_collect_or_prepaid': '#F3FE55', 'flight_details': '#EC8021', 'notify_party_address': '#BBB233', 'shipper_name': '#287511', 'signed_by_carrier': '#689AF0', 'stamped_onboard_date': '#C65F78', 'awb_original_number': '#7EF959', 'flight_no': '#47FDC9', 'freight_collected_at': '#A3B9C8', 'amount_insurance': '#785C83', 'house_awb_bill_no': '#AF025D', 'master_awb_bill_no': '#FD5197', 'airport_of_departure': '#F4779E', 'invoice_date': '#10D7E1', 'good_marks': '#8F52B4', 'place_of_receipt': '#D6F40E', 'agent_name': '#463606', 'signed_by_master': '#9DE820', 'airport_of_destination': '#FA8E51', 'master_name': '#1E9C95', 'notify_party_name': '#F8E5C8'}
2024-03-14 11:16:42,763 is result_set is instance of dict? True
2024-03-14 11:16:42,765 is final_result_set is instance of dict? True
2024-03-14 11:16:43,066 Time taken for page 1 of Bill_Of_Landing_269_page_0.png:0:00:03.290196
2024-03-14 11:16:43,259 *****Generated All Pages****** for Bill_Of_Landing_269_page_0.png
2024-03-14 11:16:43,260 RAM memory 69.3 used for Bill_Of_Landing_269_page_0.png Generating All Pages:
2024-03-14 11:16:43,260 Processing time taken for all pages of Bill_Of_Landing_269_page_0.png1:0:00:03.484758
2024-03-14 11:16:43,404 file name is:Bill_Of_Landing_248_page_0.png
2024-03-14 11:16:43,405 folder path :Images
2024-03-14 11:16:43,405 Calling Image result
2024-03-14 11:16:43,405 is all_page_result is instance of dict? True
2024-03-14 11:16:43,406 STREAM b'IHDR' 16 13
2024-03-14 11:16:43,406 STREAM b'IDAT' 41 62155
2024-03-14 11:16:43,444 is words is instance of list? True
2024-03-14 11:16:43,445 is bboxes is instance of list? True
2024-03-14 11:16:43,445 is bounding_boxes is instance of list? True
2024-03-14 11:16:43,681 is input_id_chunks is instance of list? True
2024-03-14 11:16:43,681 is mask_chunks is instance of list? True
2024-03-14 11:16:43,681 is bbox_chunks is instance of list? True
2024-03-14 11:16:43,681 is image_chunks is instance of list? True
2024-03-14 11:16:43,682 is input_dict is instance of dict? True
2024-03-14 11:16:46,303 Model Called
2024-03-14 11:16:46,303 RAM memory 68.1 used for Bill_Of_Landing_248_page_0.png:
2024-03-14 11:16:46,303 is all_predictions is instance of list? True
2024-03-14 11:16:46,303 is all_boxes is instance of list? True
2024-03-14 11:16:46,304 is all_confidences is instance of list? True
2024-03-14 11:16:46,304 is all_text is instance of list? True
2024-03-14 11:16:46,304 is label2id is instance of dict? True
2024-03-14 11:16:46,304 is id2label is instance of dict? True
2024-03-14 11:16:46,305 is label2color is instance of dict? True
2024-03-14 11:16:46,305 label2color : {'lc_date': '#4ABEDB', 'stamp': '#147319', 'transaction_date': '#D1F97F', 'carriage_condition': '#AFA22F', 'carrier_address': '#235729', 'gross_weight': '#251DA2', 'goods_description': '#7B127E', 'gross_quantity': '#E57EB4', 'consignee_address': '#267155', 'signature': '#4FFC94', 'awb_original_or_copy': '#E909C7', 'declared_value_of_custom': '#7ED450', 'carrier_name': '#84815C', 'at_place': '#FE3733', 'shipment_date': '#73B38C', 'shipper_address': '#6FE442', 'net_weight': '#2E2D90', 'consignee_name': '#DE38E2', 'invoice_number': '#6F86D3', 'awb_bill_no': '#4AAFEC', 'dimension': '#9191DB', 'O': '#3CA2E0', 'declared_value_of_carriage': '#4F29A1', 'final_destination': '#304BE2', 'awb_bill_issue_date': '#BD3B9B', 'lc_no': '#97CEF1', 'signed_by_agent': '#78613E', 'flight_date': '#D9CAFF', 'agent_address': '#4CE905', 'freight_collect_or_prepaid': '#8DC6AF', 'flight_details': '#651971', 'notify_party_address': '#8E735B', 'shipper_name': '#5F1C63', 'signed_by_carrier': '#8CB33C', 'stamped_onboard_date': '#A7E419', 'awb_original_number': '#408E7A', 'flight_no': '#BFA3B9', 'freight_collected_at': '#D07500', 'amount_insurance': '#61B245', 'house_awb_bill_no': '#6911D4', 'master_awb_bill_no': '#712038', 'airport_of_departure': '#462019', 'invoice_date': '#D3163C', 'good_marks': '#9BB3AC', 'place_of_receipt': '#F1E064', 'agent_name': '#70E70B', 'signed_by_master': '#B96A1C', 'airport_of_destination': '#994E73', 'master_name': '#ED689E', 'notify_party_name': '#4CB276'}
2024-03-14 11:16:46,492 is result_set is instance of dict? True
2024-03-14 11:16:46,494 is final_result_set is instance of dict? True
2024-03-14 11:16:46,758 Time taken for page 1 of Bill_Of_Landing_248_page_0.png:0:00:03.352233
2024-03-14 11:16:46,911 *****Generated All Pages****** for Bill_Of_Landing_248_page_0.png
2024-03-14 11:16:46,911 RAM memory 68.0 used for Bill_Of_Landing_248_page_0.png Generating All Pages:
2024-03-14 11:16:46,911 Processing time taken for all pages of Bill_Of_Landing_248_page_0.png1:0:00:03.506231
2024-03-14 11:16:47,042 file name is:Bill_Of_Landing_356_page_1.png
2024-03-14 11:16:47,042 folder path :Images
2024-03-14 11:16:47,042 Calling Image result
2024-03-14 11:16:47,042 is all_page_result is instance of dict? True
2024-03-14 11:16:47,043 STREAM b'IHDR' 16 13
2024-03-14 11:16:47,043 STREAM b'IDAT' 41 65536
2024-03-14 11:16:47,074 is words is instance of list? True
2024-03-14 11:16:47,074 is bboxes is instance of list? True
2024-03-14 11:16:47,075 is bounding_boxes is instance of list? True
2024-03-14 11:16:47,279 is input_id_chunks is instance of list? True
2024-03-14 11:16:47,279 is mask_chunks is instance of list? True
2024-03-14 11:16:47,279 is bbox_chunks is instance of list? True
2024-03-14 11:16:47,279 is image_chunks is instance of list? True
2024-03-14 11:16:47,280 is input_dict is instance of dict? True
2024-03-14 11:16:49,583 Model Called
2024-03-14 11:16:49,583 RAM memory 67.7 used for Bill_Of_Landing_356_page_1.png:
2024-03-14 11:16:49,583 is all_predictions is instance of list? True
2024-03-14 11:16:49,583 is all_boxes is instance of list? True
2024-03-14 11:16:49,583 is all_confidences is instance of list? True
2024-03-14 11:16:49,583 is all_text is instance of list? True
2024-03-14 11:16:49,583 is label2id is instance of dict? True
2024-03-14 11:16:49,584 is id2label is instance of dict? True
2024-03-14 11:16:49,585 is label2color is instance of dict? True
2024-03-14 11:16:49,585 label2color : {'lc_date': '#45DF40', 'stamp': '#34C6C7', 'transaction_date': '#5F6E7F', 'carriage_condition': '#FD8769', 'carrier_address': '#BFCDE3', 'gross_weight': '#62833E', 'goods_description': '#77F9BA', 'gross_quantity': '#EA0AE9', 'consignee_address': '#7859FE', 'signature': '#C068DF', 'awb_original_or_copy': '#27D0AB', 'declared_value_of_custom': '#133483', 'carrier_name': '#89F350', 'at_place': '#8DCA86', 'shipment_date': '#3D672A', 'shipper_address': '#10370B', 'net_weight': '#667034', 'consignee_name': '#32C48A', 'invoice_number': '#B36468', 'awb_bill_no': '#B65B3A', 'dimension': '#562032', 'O': '#88BF03', 'declared_value_of_carriage': '#F4C29B', 'final_destination': '#2486FD', 'awb_bill_issue_date': '#0D7D3C', 'lc_no': '#F0BF73', 'signed_by_agent': '#3F35F4', 'flight_date': '#44DC35', 'agent_address': '#BA33B9', 'freight_collect_or_prepaid': '#45267D', 'flight_details': '#C66506', 'notify_party_address': '#7F9928', 'shipper_name': '#88612C', 'signed_by_carrier': '#4E30D1', 'stamped_onboard_date': '#DE822D', 'awb_original_number': '#61D328', 'flight_no': '#622132', 'freight_collected_at': '#BD1050', 'amount_insurance': '#8500AA', 'house_awb_bill_no': '#DC0D94', 'master_awb_bill_no': '#AF8EDB', 'airport_of_departure': '#DA8646', 'invoice_date': '#1C12EF', 'good_marks': '#12887C', 'place_of_receipt': '#2CAEF5', 'agent_name': '#E0FA12', 'signed_by_master': '#DDF033', 'airport_of_destination': '#64BDA7', 'master_name': '#283BCD', 'notify_party_name': '#6A4A40'}
2024-03-14 11:16:49,768 is result_set is instance of dict? True
2024-03-14 11:16:49,770 is final_result_set is instance of dict? True
2024-03-14 11:16:50,032 Time taken for page 1 of Bill_Of_Landing_356_page_1.png:0:00:02.988894
2024-03-14 11:16:50,191 *****Generated All Pages****** for Bill_Of_Landing_356_page_1.png
2024-03-14 11:16:50,192 RAM memory 67.7 used for Bill_Of_Landing_356_page_1.png Generating All Pages:
2024-03-14 11:16:50,192 Processing time taken for all pages of Bill_Of_Landing_356_page_1.png1:0:00:03.149536
2024-03-14 11:16:50,307 file name is:Bill_Of_Landing_805_page_0.png
2024-03-14 11:16:50,307 folder path :Images
2024-03-14 11:16:50,307 Calling Image result
2024-03-14 11:16:50,307 is all_page_result is instance of dict? True
2024-03-14 11:16:50,308 STREAM b'IHDR' 16 13
2024-03-14 11:16:50,308 STREAM b'IDAT' 41 64267
2024-03-14 11:16:50,343 is words is instance of list? True
2024-03-14 11:16:50,343 is bboxes is instance of list? True
2024-03-14 11:16:50,343 is bounding_boxes is instance of list? True
2024-03-14 11:16:50,553 is input_id_chunks is instance of list? True
2024-03-14 11:16:50,553 is mask_chunks is instance of list? True
2024-03-14 11:16:50,553 is bbox_chunks is instance of list? True
2024-03-14 11:16:50,553 is image_chunks is instance of list? True
2024-03-14 11:16:50,554 is input_dict is instance of dict? True
2024-03-14 11:16:52,845 Model Called
2024-03-14 11:16:52,845 RAM memory 67.8 used for Bill_Of_Landing_805_page_0.png:
2024-03-14 11:16:52,845 is all_predictions is instance of list? True
2024-03-14 11:16:52,845 is all_boxes is instance of list? True
2024-03-14 11:16:52,845 is all_confidences is instance of list? True
2024-03-14 11:16:52,846 is all_text is instance of list? True
2024-03-14 11:16:52,846 is label2id is instance of dict? True
2024-03-14 11:16:52,846 is id2label is instance of dict? True
2024-03-14 11:16:52,847 is label2color is instance of dict? True
2024-03-14 11:16:52,847 label2color : {'lc_date': '#9CD82A', 'stamp': '#2321D2', 'transaction_date': '#68E1F8', 'carriage_condition': '#06FFB8', 'carrier_address': '#01EF78', 'gross_weight': '#EA0A7C', 'goods_description': '#B6D4CE', 'gross_quantity': '#2D0983', 'consignee_address': '#0DB041', 'signature': '#943B05', 'awb_original_or_copy': '#77B17C', 'declared_value_of_custom': '#D59F29', 'carrier_name': '#773E9A', 'at_place': '#829F1C', 'shipment_date': '#D71D79', 'shipper_address': '#C616D6', 'net_weight': '#A56AEA', 'consignee_name': '#D99F05', 'invoice_number': '#081DD5', 'awb_bill_no': '#1EC0FD', 'dimension': '#31C9A2', 'O': '#EFB7F3', 'declared_value_of_carriage': '#A046BC', 'final_destination': '#3B0791', 'awb_bill_issue_date': '#12AF93', 'lc_no': '#2E60E7', 'signed_by_agent': '#748D33', 'flight_date': '#311061', 'agent_address': '#56594B', 'freight_collect_or_prepaid': '#E20427', 'flight_details': '#343C86', 'notify_party_address': '#C1E604', 'shipper_name': '#10F149', 'signed_by_carrier': '#70A6A0', 'stamped_onboard_date': '#9D83DC', 'awb_original_number': '#60BFAD', 'flight_no': '#E5C01E', 'freight_collected_at': '#24FF34', 'amount_insurance': '#8007F2', 'house_awb_bill_no': '#ED2162', 'master_awb_bill_no': '#69D8E8', 'airport_of_departure': '#12F47B', 'invoice_date': '#D8A118', 'good_marks': '#56CFDC', 'place_of_receipt': '#49A65A', 'agent_name': '#0D19C9', 'signed_by_master': '#7CE987', 'airport_of_destination': '#3FC5CD', 'master_name': '#171957', 'notify_party_name': '#83CD8C'}
2024-03-14 11:16:53,040 is result_set is instance of dict? True
2024-03-14 11:16:53,043 is final_result_set is instance of dict? True
2024-03-14 11:16:53,347 Time taken for page 1 of Bill_Of_Landing_805_page_0.png:0:00:03.038900
2024-03-14 11:16:53,527 *****Generated All Pages****** for Bill_Of_Landing_805_page_0.png
2024-03-14 11:16:53,528 RAM memory 67.7 used for Bill_Of_Landing_805_page_0.png Generating All Pages:
2024-03-14 11:16:53,528 Processing time taken for all pages of Bill_Of_Landing_805_page_0.png1:0:00:03.220294
2024-03-14 11:16:53,674 file name is:Bill_Of_Landing_411_page_2.png
2024-03-14 11:16:53,674 folder path :Images
2024-03-14 11:16:53,675 Calling Image result
2024-03-14 11:16:53,675 is all_page_result is instance of dict? True
2024-03-14 11:16:53,675 STREAM b'IHDR' 16 13
2024-03-14 11:16:53,675 STREAM b'IDAT' 41 62340
2024-03-14 11:16:53,711 is words is instance of list? True
2024-03-14 11:16:53,711 is bboxes is instance of list? True
2024-03-14 11:16:53,712 is bounding_boxes is instance of list? True
2024-03-14 11:16:54,003 is input_id_chunks is instance of list? True
2024-03-14 11:16:54,003 is mask_chunks is instance of list? True
2024-03-14 11:16:54,003 is bbox_chunks is instance of list? True
2024-03-14 11:16:54,004 is image_chunks is instance of list? True
2024-03-14 11:16:54,005 is input_dict is instance of dict? True
2024-03-14 11:16:56,768 Model Called
2024-03-14 11:16:56,768 RAM memory 68.4 used for Bill_Of_Landing_411_page_2.png:
2024-03-14 11:16:56,768 is all_predictions is instance of list? True
2024-03-14 11:16:56,768 is all_boxes is instance of list? True
2024-03-14 11:16:56,768 is all_confidences is instance of list? True
2024-03-14 11:16:56,768 is all_text is instance of list? True
2024-03-14 11:16:56,769 is label2id is instance of dict? True
2024-03-14 11:16:56,769 is id2label is instance of dict? True
2024-03-14 11:16:56,770 is label2color is instance of dict? True
2024-03-14 11:16:56,770 label2color : {'lc_date': '#18E705', 'stamp': '#B129D2', 'transaction_date': '#8F1813', 'carriage_condition': '#6721F8', 'carrier_address': '#878EE0', 'gross_weight': '#4D8448', 'goods_description': '#ED9F95', 'gross_quantity': '#0D94F6', 'consignee_address': '#D87D80', 'signature': '#4F036C', 'awb_original_or_copy': '#5CC56B', 'declared_value_of_custom': '#62B5E9', 'carrier_name': '#5341E6', 'at_place': '#026FA6', 'shipment_date': '#2A5E60', 'shipper_address': '#0274F1', 'net_weight': '#9C1990', 'consignee_name': '#8836C1', 'invoice_number': '#531502', 'awb_bill_no': '#DE3510', 'dimension': '#BB079B', 'O': '#AF8B40', 'declared_value_of_carriage': '#94EB49', 'final_destination': '#0B7C00', 'awb_bill_issue_date': '#B603A3', 'lc_no': '#01D4B7', 'signed_by_agent': '#70AAE4', 'flight_date': '#C6CBA2', 'agent_address': '#2541A8', 'freight_collect_or_prepaid': '#3AE2A0', 'flight_details': '#DB4A0C', 'notify_party_address': '#477FF2', 'shipper_name': '#F48DA4', 'signed_by_carrier': '#BF58CF', 'stamped_onboard_date': '#423931', 'awb_original_number': '#3D7857', 'flight_no': '#AA0AEA', 'freight_collected_at': '#ED93C0', 'amount_insurance': '#AA4E0E', 'house_awb_bill_no': '#847447', 'master_awb_bill_no': '#66CD22', 'airport_of_departure': '#470817', 'invoice_date': '#A64BB9', 'good_marks': '#F16DC3', 'place_of_receipt': '#29D12A', 'agent_name': '#4F1BFE', 'signed_by_master': '#D6D5FC', 'airport_of_destination': '#4261FA', 'master_name': '#20E67F', 'notify_party_name': '#269886'}
2024-03-14 11:16:56,966 is result_set is instance of dict? True
2024-03-14 11:16:56,968 is final_result_set is instance of dict? True
2024-03-14 11:16:57,226 Time taken for page 1 of Bill_Of_Landing_411_page_2.png:0:00:03.550297
2024-03-14 11:16:57,382 *****Generated All Pages****** for Bill_Of_Landing_411_page_2.png
2024-03-14 11:16:57,382 RAM memory 68.4 used for Bill_Of_Landing_411_page_2.png Generating All Pages:
2024-03-14 11:16:57,382 Processing time taken for all pages of Bill_Of_Landing_411_page_2.png1:0:00:03.707741
2024-03-14 11:16:57,506 file name is:Bill_Of_Landing_899_page_18.png
2024-03-14 11:16:57,506 folder path :Images
2024-03-14 11:16:57,506 Calling Image result
2024-03-14 11:16:57,506 is all_page_result is instance of dict? True
2024-03-14 11:16:57,507 STREAM b'IHDR' 16 13
2024-03-14 11:16:57,507 STREAM b'IDAT' 41 65536
2024-03-14 11:16:57,547 is words is instance of list? True
2024-03-14 11:16:57,547 is bboxes is instance of list? True
2024-03-14 11:16:57,547 is bounding_boxes is instance of list? True
2024-03-14 11:16:57,767 is input_id_chunks is instance of list? True
2024-03-14 11:16:57,767 is mask_chunks is instance of list? True
2024-03-14 11:16:57,767 is bbox_chunks is instance of list? True
2024-03-14 11:16:57,767 is image_chunks is instance of list? True
2024-03-14 11:16:57,767 is input_dict is instance of dict? True
2024-03-14 11:17:00,064 Model Called
2024-03-14 11:17:00,065 RAM memory 67.9 used for Bill_Of_Landing_899_page_18.png:
2024-03-14 11:17:00,065 is all_predictions is instance of list? True
2024-03-14 11:17:00,065 is all_boxes is instance of list? True
2024-03-14 11:17:00,065 is all_confidences is instance of list? True
2024-03-14 11:17:00,065 is all_text is instance of list? True
2024-03-14 11:17:00,065 is label2id is instance of dict? True
2024-03-14 11:17:00,065 is id2label is instance of dict? True
2024-03-14 11:17:00,066 is label2color is instance of dict? True
2024-03-14 11:17:00,066 label2color : {'lc_date': '#27876E', 'stamp': '#995843', 'transaction_date': '#B89B70', 'carriage_condition': '#804E5B', 'carrier_address': '#A0928A', 'gross_weight': '#3A1569', 'goods_description': '#DFD0B7', 'gross_quantity': '#90444F', 'consignee_address': '#07B64A', 'signature': '#BE5280', 'awb_original_or_copy': '#C6E5DE', 'declared_value_of_custom': '#D16A68', 'carrier_name': '#2243FE', 'at_place': '#2C7493', 'shipment_date': '#A6DF9A', 'shipper_address': '#29398D', 'net_weight': '#5655C4', 'consignee_name': '#190594', 'invoice_number': '#43D5CB', 'awb_bill_no': '#DE2117', 'dimension': '#6EDFA7', 'O': '#70EA83', 'declared_value_of_carriage': '#FBF580', 'final_destination': '#102709', 'awb_bill_issue_date': '#314670', 'lc_no': '#50B98D', 'signed_by_agent': '#D2AA4A', 'flight_date': '#45C3BA', 'agent_address': '#05DD85', 'freight_collect_or_prepaid': '#808AE8', 'flight_details': '#B5B2A5', 'notify_party_address': '#6679A3', 'shipper_name': '#3BC19E', 'signed_by_carrier': '#40D20F', 'stamped_onboard_date': '#B03703', 'awb_original_number': '#425C1E', 'flight_no': '#266B61', 'freight_collected_at': '#1764A4', 'amount_insurance': '#01FBF4', 'house_awb_bill_no': '#5A91DF', 'master_awb_bill_no': '#4A8998', 'airport_of_departure': '#8CEFC6', 'invoice_date': '#5C110E', 'good_marks': '#F8312F', 'place_of_receipt': '#4D37CC', 'agent_name': '#5E570C', 'signed_by_master': '#BA1BDF', 'airport_of_destination': '#1ED13F', 'master_name': '#F445BC', 'notify_party_name': '#B3B539'}
2024-03-14 11:17:00,324 is result_set is instance of dict? True
2024-03-14 11:17:00,327 is final_result_set is instance of dict? True
2024-03-14 11:17:00,771 Time taken for page 1 of Bill_Of_Landing_899_page_18.png:0:00:03.264621
2024-03-14 11:17:00,973 *****Generated All Pages****** for Bill_Of_Landing_899_page_18.png
2024-03-14 11:17:00,973 RAM memory 68.1 used for Bill_Of_Landing_899_page_18.png Generating All Pages:
2024-03-14 11:17:00,974 Processing time taken for all pages of Bill_Of_Landing_899_page_18.png1:0:00:03.467558
2024-03-14 11:17:01,125 file name is:Bill_Of_Landing_424_page_2.png
2024-03-14 11:17:01,125 folder path :Images
2024-03-14 11:17:01,126 Calling Image result
2024-03-14 11:17:01,126 is all_page_result is instance of dict? True
2024-03-14 11:17:01,127 STREAM b'IHDR' 16 13
2024-03-14 11:17:01,127 STREAM b'IDAT' 41 65536
2024-03-14 11:17:01,165 is words is instance of list? True
2024-03-14 11:17:01,165 is bboxes is instance of list? True
2024-03-14 11:17:01,165 is bounding_boxes is instance of list? True
2024-03-14 11:17:01,407 is input_id_chunks is instance of list? True
2024-03-14 11:17:01,407 is mask_chunks is instance of list? True
2024-03-14 11:17:01,407 is bbox_chunks is instance of list? True
2024-03-14 11:17:01,407 is image_chunks is instance of list? True
2024-03-14 11:17:01,407 is input_dict is instance of dict? True
2024-03-14 11:17:04,009 Model Called
2024-03-14 11:17:04,010 RAM memory 68.0 used for Bill_Of_Landing_424_page_2.png:
2024-03-14 11:17:04,010 is all_predictions is instance of list? True
2024-03-14 11:17:04,010 is all_boxes is instance of list? True
2024-03-14 11:17:04,010 is all_confidences is instance of list? True
2024-03-14 11:17:04,010 is all_text is instance of list? True
2024-03-14 11:17:04,010 is label2id is instance of dict? True
2024-03-14 11:17:04,010 is id2label is instance of dict? True
2024-03-14 11:17:04,011 is label2color is instance of dict? True
2024-03-14 11:17:04,011 label2color : {'lc_date': '#68ADEA', 'stamp': '#252036', 'transaction_date': '#F64985', 'carriage_condition': '#188969', 'carrier_address': '#DFBE27', 'gross_weight': '#24B18F', 'goods_description': '#D5A5CF', 'gross_quantity': '#E58827', 'consignee_address': '#365335', 'signature': '#D142BD', 'awb_original_or_copy': '#75B7C7', 'declared_value_of_custom': '#3D4E67', 'carrier_name': '#A24CFC', 'at_place': '#925AEC', 'shipment_date': '#CDBBD5', 'shipper_address': '#E0DB32', 'net_weight': '#F9BEFF', 'consignee_name': '#24B0A9', 'invoice_number': '#30B744', 'awb_bill_no': '#2773E8', 'dimension': '#370C30', 'O': '#563440', 'declared_value_of_carriage': '#3FDF78', 'final_destination': '#C305E9', 'awb_bill_issue_date': '#525551', 'lc_no': '#4320AA', 'signed_by_agent': '#9CCEB6', 'flight_date': '#69C43D', 'agent_address': '#457043', 'freight_collect_or_prepaid': '#8E4BD1', 'flight_details': '#8D9485', 'notify_party_address': '#328AA2', 'shipper_name': '#856829', 'signed_by_carrier': '#6EEE82', 'stamped_onboard_date': '#98740A', 'awb_original_number': '#92196A', 'flight_no': '#36E71F', 'freight_collected_at': '#5A5CCB', 'amount_insurance': '#9129C0', 'house_awb_bill_no': '#A9B706', 'master_awb_bill_no': '#977FDB', 'airport_of_departure': '#BE54B9', 'invoice_date': '#D3942B', 'good_marks': '#0AFE86', 'place_of_receipt': '#28D8D1', 'agent_name': '#EA6320', 'signed_by_master': '#44FCAD', 'airport_of_destination': '#7922DF', 'master_name': '#37E1C9', 'notify_party_name': '#5448D4'}
2024-03-14 11:17:04,202 is result_set is instance of dict? True
2024-03-14 11:17:04,204 is final_result_set is instance of dict? True
2024-03-14 11:17:04,474 Time taken for page 1 of Bill_Of_Landing_424_page_2.png:0:00:03.346855
2024-03-14 11:17:04,632 *****Generated All Pages****** for Bill_Of_Landing_424_page_2.png
2024-03-14 11:17:04,632 RAM memory 68.0 used for Bill_Of_Landing_424_page_2.png Generating All Pages:
2024-03-14 11:17:04,632 Processing time taken for all pages of Bill_Of_Landing_424_page_2.png1:0:00:03.506056
2024-03-14 11:17:04,755 file name is:Bill_Of_Landing_248_page_1.png
2024-03-14 11:17:04,755 folder path :Images
2024-03-14 11:17:04,755 Calling Image result
2024-03-14 11:17:04,755 is all_page_result is instance of dict? True
2024-03-14 11:17:04,755 STREAM b'IHDR' 16 13
2024-03-14 11:17:04,756 STREAM b'IDAT' 41 62971
2024-03-14 11:17:04,791 is words is instance of list? True
2024-03-14 11:17:04,791 is bboxes is instance of list? True
2024-03-14 11:17:04,791 is bounding_boxes is instance of list? True
2024-03-14 11:17:05,057 is input_id_chunks is instance of list? True
2024-03-14 11:17:05,058 is mask_chunks is instance of list? True
2024-03-14 11:17:05,058 is bbox_chunks is instance of list? True
2024-03-14 11:17:05,058 is image_chunks is instance of list? True
2024-03-14 11:17:05,058 is input_dict is instance of dict? True
2024-03-14 11:17:07,601 Model Called
2024-03-14 11:17:07,601 RAM memory 68.1 used for Bill_Of_Landing_248_page_1.png:
2024-03-14 11:17:07,601 is all_predictions is instance of list? True
2024-03-14 11:17:07,601 is all_boxes is instance of list? True
2024-03-14 11:17:07,601 is all_confidences is instance of list? True
2024-03-14 11:17:07,602 is all_text is instance of list? True
2024-03-14 11:17:07,602 is label2id is instance of dict? True
2024-03-14 11:17:07,602 is id2label is instance of dict? True
2024-03-14 11:17:07,603 is label2color is instance of dict? True
2024-03-14 11:17:07,603 label2color : {'lc_date': '#0DE45F', 'stamp': '#7692B7', 'transaction_date': '#8A2912', 'carriage_condition': '#35F0E2', 'carrier_address': '#66349D', 'gross_weight': '#2E16A1', 'goods_description': '#16A8C5', 'gross_quantity': '#DFE814', 'consignee_address': '#B7E1A5', 'signature': '#E42761', 'awb_original_or_copy': '#A065FE', 'declared_value_of_custom': '#93AC24', 'carrier_name': '#6D9422', 'at_place': '#FBBEBB', 'shipment_date': '#E8E2C6', 'shipper_address': '#4D1975', 'net_weight': '#3132EA', 'consignee_name': '#933E36', 'invoice_number': '#48A13A', 'awb_bill_no': '#9D633B', 'dimension': '#40953A', 'O': '#804C08', 'declared_value_of_carriage': '#8F72D2', 'final_destination': '#2DED75', 'awb_bill_issue_date': '#D61FFC', 'lc_no': '#0737E5', 'signed_by_agent': '#940EEE', 'flight_date': '#43FB1A', 'agent_address': '#E6D5A1', 'freight_collect_or_prepaid': '#CAF0B0', 'flight_details': '#4FA0DC', 'notify_party_address': '#C76E08', 'shipper_name': '#A0B3C0', 'signed_by_carrier': '#B6DEC4', 'stamped_onboard_date': '#F7398D', 'awb_original_number': '#1954E3', 'flight_no': '#0872FB', 'freight_collected_at': '#E749FC', 'amount_insurance': '#111F33', 'house_awb_bill_no': '#48FE37', 'master_awb_bill_no': '#11E150', 'airport_of_departure': '#184755', 'invoice_date': '#5DE974', 'good_marks': '#E116F3', 'place_of_receipt': '#FB756B', 'agent_name': '#336DE9', 'signed_by_master': '#318F3F', 'airport_of_destination': '#80D82A', 'master_name': '#434063', 'notify_party_name': '#8252A7'}
2024-03-14 11:17:07,865 is result_set is instance of dict? True
2024-03-14 11:17:07,867 is final_result_set is instance of dict? True
2024-03-14 11:17:08,213 Time taken for page 1 of Bill_Of_Landing_248_page_1.png:0:00:03.457696
2024-03-14 11:17:08,366 *****Generated All Pages****** for Bill_Of_Landing_248_page_1.png
2024-03-14 11:17:08,367 RAM memory 68.2 used for Bill_Of_Landing_248_page_1.png Generating All Pages:
2024-03-14 11:17:08,367 Processing time taken for all pages of Bill_Of_Landing_248_page_1.png1:0:00:03.611750
2024-03-14 11:17:08,486 file name is:Bill_Of_Landing_411_page_0.png
2024-03-14 11:17:08,486 folder path :Images
2024-03-14 11:17:08,487 Calling Image result
2024-03-14 11:17:08,487 is all_page_result is instance of dict? True
2024-03-14 11:17:08,487 STREAM b'IHDR' 16 13
2024-03-14 11:17:08,487 STREAM b'IDAT' 41 60851
2024-03-14 11:17:08,520 is words is instance of list? True
2024-03-14 11:17:08,520 is bboxes is instance of list? True
2024-03-14 11:17:08,520 is bounding_boxes is instance of list? True
2024-03-14 11:17:08,726 is input_id_chunks is instance of list? True
2024-03-14 11:17:08,726 is mask_chunks is instance of list? True
2024-03-14 11:17:08,726 is bbox_chunks is instance of list? True
2024-03-14 11:17:08,726 is image_chunks is instance of list? True
2024-03-14 11:17:08,726 is input_dict is instance of dict? True
2024-03-14 11:17:11,024 Model Called
2024-03-14 11:17:11,024 RAM memory 68.1 used for Bill_Of_Landing_411_page_0.png:
2024-03-14 11:17:11,024 is all_predictions is instance of list? True
2024-03-14 11:17:11,024 is all_boxes is instance of list? True
2024-03-14 11:17:11,024 is all_confidences is instance of list? True
2024-03-14 11:17:11,024 is all_text is instance of list? True
2024-03-14 11:17:11,024 is label2id is instance of dict? True
2024-03-14 11:17:11,025 is id2label is instance of dict? True
2024-03-14 11:17:11,025 is label2color is instance of dict? True
2024-03-14 11:17:11,026 label2color : {'lc_date': '#0FE839', 'stamp': '#0C4AE2', 'transaction_date': '#6A4B19', 'carriage_condition': '#AE6896', 'carrier_address': '#C01B92', 'gross_weight': '#1156F4', 'goods_description': '#A70C3F', 'gross_quantity': '#2309DB', 'consignee_address': '#7CD892', 'signature': '#F697C5', 'awb_original_or_copy': '#50030D', 'declared_value_of_custom': '#848BC5', 'carrier_name': '#09F66D', 'at_place': '#DAD933', 'shipment_date': '#4FCADF', 'shipper_address': '#C87732', 'net_weight': '#291350', 'consignee_name': '#77C8D1', 'invoice_number': '#2BADE5', 'awb_bill_no': '#017D73', 'dimension': '#D03614', 'O': '#6A9E0A', 'declared_value_of_carriage': '#66203A', 'final_destination': '#E6B720', 'awb_bill_issue_date': '#6D166B', 'lc_no': '#7287C0', 'signed_by_agent': '#93E3F5', 'flight_date': '#E0EA2E', 'agent_address': '#9A95B7', 'freight_collect_or_prepaid': '#F6A538', 'flight_details': '#E16D17', 'notify_party_address': '#33258D', 'shipper_name': '#876A00', 'signed_by_carrier': '#4610B2', 'stamped_onboard_date': '#BBAF16', 'awb_original_number': '#ADFB2C', 'flight_no': '#2C9F6A', 'freight_collected_at': '#E6DC85', 'amount_insurance': '#349409', 'house_awb_bill_no': '#6336F7', 'master_awb_bill_no': '#41BAA7', 'airport_of_departure': '#A14DB3', 'invoice_date': '#A995E9', 'good_marks': '#F8FF30', 'place_of_receipt': '#E7EC15', 'agent_name': '#84C316', 'signed_by_master': '#CE1094', 'airport_of_destination': '#841062', 'master_name': '#B66BC4', 'notify_party_name': '#4F918A'}
2024-03-14 11:17:11,212 is result_set is instance of dict? True
2024-03-14 11:17:11,214 is final_result_set is instance of dict? True
2024-03-14 11:17:11,467 Time taken for page 1 of Bill_Of_Landing_411_page_0.png:0:00:02.979946
2024-03-14 11:17:11,614 *****Generated All Pages****** for Bill_Of_Landing_411_page_0.png
2024-03-14 11:17:11,614 RAM memory 68.2 used for Bill_Of_Landing_411_page_0.png Generating All Pages:
2024-03-14 11:17:11,614 Processing time taken for all pages of Bill_Of_Landing_411_page_0.png1:0:00:03.127308
2024-03-14 11:17:11,729 file name is:Bill_Of_Landing_360_page_0.png
2024-03-14 11:17:11,729 folder path :Images
2024-03-14 11:17:11,729 Calling Image result
2024-03-14 11:17:11,729 is all_page_result is instance of dict? True
2024-03-14 11:17:11,750 STREAM b'IHDR' 16 13
2024-03-14 11:17:11,750 STREAM b'IDAT' 41 63351
2024-03-14 11:17:11,788 is words is instance of list? True
2024-03-14 11:17:11,788 is bboxes is instance of list? True
2024-03-14 11:17:11,788 is bounding_boxes is instance of list? True
2024-03-14 11:17:12,000 is input_id_chunks is instance of list? True
2024-03-14 11:17:12,000 is mask_chunks is instance of list? True
2024-03-14 11:17:12,000 is bbox_chunks is instance of list? True
2024-03-14 11:17:12,000 is image_chunks is instance of list? True
2024-03-14 11:17:12,001 is input_dict is instance of dict? True
2024-03-14 11:17:14,303 Model Called
2024-03-14 11:17:14,304 RAM memory 68.5 used for Bill_Of_Landing_360_page_0.png:
2024-03-14 11:17:14,304 is all_predictions is instance of list? True
2024-03-14 11:17:14,304 is all_boxes is instance of list? True
2024-03-14 11:17:14,304 is all_confidences is instance of list? True
2024-03-14 11:17:14,304 is all_text is instance of list? True
2024-03-14 11:17:14,304 is label2id is instance of dict? True
2024-03-14 11:17:14,304 is id2label is instance of dict? True
2024-03-14 11:17:14,305 is label2color is instance of dict? True
2024-03-14 11:17:14,305 label2color : {'lc_date': '#3882E3', 'stamp': '#AA9302', 'transaction_date': '#2C68E7', 'carriage_condition': '#EB3C89', 'carrier_address': '#0451E2', 'gross_weight': '#1F6268', 'goods_description': '#73AFFE', 'gross_quantity': '#0495B4', 'consignee_address': '#5BC4B1', 'signature': '#D06CED', 'awb_original_or_copy': '#13E572', 'declared_value_of_custom': '#41EC6B', 'carrier_name': '#88C7A3', 'at_place': '#470E63', 'shipment_date': '#30F825', 'shipper_address': '#FAE219', 'net_weight': '#914063', 'consignee_name': '#CCDBB6', 'invoice_number': '#07B794', 'awb_bill_no': '#F8736B', 'dimension': '#46EF0A', 'O': '#ACBEB5', 'declared_value_of_carriage': '#EBF0DC', 'final_destination': '#32716A', 'awb_bill_issue_date': '#5BB3DC', 'lc_no': '#DBE673', 'signed_by_agent': '#0951FA', 'flight_date': '#776773', 'agent_address': '#E3E43A', 'freight_collect_or_prepaid': '#B5DA29', 'flight_details': '#722D55', 'notify_party_address': '#DC892A', 'shipper_name': '#7FCD9E', 'signed_by_carrier': '#DA7F61', 'stamped_onboard_date': '#39283E', 'awb_original_number': '#87DED4', 'flight_no': '#D314A6', 'freight_collected_at': '#A1F3EE', 'amount_insurance': '#6497BA', 'house_awb_bill_no': '#03C0EA', 'master_awb_bill_no': '#92E614', 'airport_of_departure': '#663D26', 'invoice_date': '#F8F5B6', 'good_marks': '#544F70', 'place_of_receipt': '#1EC0D0', 'agent_name': '#74E4CD', 'signed_by_master': '#C72FDE', 'airport_of_destination': '#5E8156', 'master_name': '#E97AD7', 'notify_party_name': '#934E31'}
2024-03-14 11:17:14,493 is result_set is instance of dict? True
2024-03-14 11:17:14,495 is final_result_set is instance of dict? True
2024-03-14 11:17:14,767 Time taken for page 1 of Bill_Of_Landing_360_page_0.png:0:00:03.016155
2024-03-14 11:17:14,910 *****Generated All Pages****** for Bill_Of_Landing_360_page_0.png
2024-03-14 11:17:14,910 RAM memory 68.6 used for Bill_Of_Landing_360_page_0.png Generating All Pages:
2024-03-14 11:17:14,911 Processing time taken for all pages of Bill_Of_Landing_360_page_0.png1:0:00:03.181551
2024-03-14 11:17:15,040 file name is:Bill_Of_Landing_562_page_0.png
2024-03-14 11:17:15,040 folder path :Images
2024-03-14 11:17:15,041 Calling Image result
2024-03-14 11:17:15,041 is all_page_result is instance of dict? True
2024-03-14 11:17:15,041 STREAM b'IHDR' 16 13
2024-03-14 11:17:15,041 STREAM b'IDAT' 41 59804
2024-03-14 11:17:15,072 is words is instance of list? True
2024-03-14 11:17:15,072 is bboxes is instance of list? True
2024-03-14 11:17:15,072 is bounding_boxes is instance of list? True
2024-03-14 11:17:15,271 is input_id_chunks is instance of list? True
2024-03-14 11:17:15,271 is mask_chunks is instance of list? True
2024-03-14 11:17:15,271 is bbox_chunks is instance of list? True
2024-03-14 11:17:15,271 is image_chunks is instance of list? True
2024-03-14 11:17:15,272 is input_dict is instance of dict? True
2024-03-14 11:17:18,099 Model Called
2024-03-14 11:17:18,099 RAM memory 68.1 used for Bill_Of_Landing_562_page_0.png:
2024-03-14 11:17:18,099 is all_predictions is instance of list? True
2024-03-14 11:17:18,100 is all_boxes is instance of list? True
2024-03-14 11:17:18,100 is all_confidences is instance of list? True
2024-03-14 11:17:18,100 is all_text is instance of list? True
2024-03-14 11:17:18,100 is label2id is instance of dict? True
2024-03-14 11:17:18,100 is id2label is instance of dict? True
2024-03-14 11:17:18,101 is label2color is instance of dict? True
2024-03-14 11:17:18,101 label2color : {'lc_date': '#AE04F3', 'stamp': '#F23166', 'transaction_date': '#C822B6', 'carriage_condition': '#403639', 'carrier_address': '#2D19F5', 'gross_weight': '#CBDAC8', 'goods_description': '#DE8088', 'gross_quantity': '#560277', 'consignee_address': '#9CBB47', 'signature': '#BC8E23', 'awb_original_or_copy': '#E5F952', 'declared_value_of_custom': '#36A1F2', 'carrier_name': '#54F54F', 'at_place': '#D6F50D', 'shipment_date': '#CA0F21', 'shipper_address': '#6E7F52', 'net_weight': '#D638C9', 'consignee_name': '#7E203C', 'invoice_number': '#D763B7', 'awb_bill_no': '#D60DFB', 'dimension': '#92EAB9', 'O': '#C95C9F', 'declared_value_of_carriage': '#77B43E', 'final_destination': '#964234', 'awb_bill_issue_date': '#BE51D8', 'lc_no': '#B3678C', 'signed_by_agent': '#5FDCB4', 'flight_date': '#11116B', 'agent_address': '#6CBAAE', 'freight_collect_or_prepaid': '#D06994', 'flight_details': '#2B5B16', 'notify_party_address': '#E8B9B5', 'shipper_name': '#DA1F26', 'signed_by_carrier': '#32C5A5', 'stamped_onboard_date': '#3744E3', 'awb_original_number': '#1E8F0F', 'flight_no': '#31B5D3', 'freight_collected_at': '#888213', 'amount_insurance': '#B86050', 'house_awb_bill_no': '#509D74', 'master_awb_bill_no': '#1EC963', 'airport_of_departure': '#AF0968', 'invoice_date': '#C56FBA', 'good_marks': '#F28DF8', 'place_of_receipt': '#75B173', 'agent_name': '#EFCE29', 'signed_by_master': '#7F5E6F', 'airport_of_destination': '#9F0F7C', 'master_name': '#320A8F', 'notify_party_name': '#1F578C'}
2024-03-14 11:17:18,292 is result_set is instance of dict? True
2024-03-14 11:17:18,293 is final_result_set is instance of dict? True
2024-03-14 11:17:18,527 Time taken for page 1 of Bill_Of_Landing_562_page_0.png:0:00:03.485811
2024-03-14 11:17:18,690 *****Generated All Pages****** for Bill_Of_Landing_562_page_0.png
2024-03-14 11:17:18,691 RAM memory 67.9 used for Bill_Of_Landing_562_page_0.png Generating All Pages:
2024-03-14 11:17:18,691 Processing time taken for all pages of Bill_Of_Landing_562_page_0.png1:0:00:03.650151
2024-03-14 11:17:18,838 file name is:Bill_Of_Landing_680_page_0.png
2024-03-14 11:17:18,838 folder path :Images
2024-03-14 11:17:18,838 Calling Image result
2024-03-14 11:17:18,838 is all_page_result is instance of dict? True
2024-03-14 11:17:18,839 STREAM b'IHDR' 16 13
2024-03-14 11:17:18,839 STREAM b'IDAT' 41 65536
2024-03-14 11:17:18,912 is words is instance of list? True
2024-03-14 11:17:18,913 is bboxes is instance of list? True
2024-03-14 11:17:18,913 is bounding_boxes is instance of list? True
2024-03-14 11:17:19,501 is input_id_chunks is instance of list? True
2024-03-14 11:17:19,502 is mask_chunks is instance of list? True
2024-03-14 11:17:19,502 is bbox_chunks is instance of list? True
2024-03-14 11:17:19,502 is image_chunks is instance of list? True
2024-03-14 11:17:19,502 is input_dict is instance of dict? True
2024-03-14 11:17:21,953 Model Called
2024-03-14 11:17:21,953 RAM memory 68.7 used for Bill_Of_Landing_680_page_0.png:
2024-03-14 11:17:21,963 is all_predictions is instance of list? True
2024-03-14 11:17:21,963 is all_boxes is instance of list? True
2024-03-14 11:17:21,963 is all_confidences is instance of list? True
2024-03-14 11:17:21,963 is all_text is instance of list? True
2024-03-14 11:17:21,964 is label2id is instance of dict? True
2024-03-14 11:17:21,964 is id2label is instance of dict? True
2024-03-14 11:17:21,965 is label2color is instance of dict? True
2024-03-14 11:17:21,965 label2color : {'lc_date': '#43E00A', 'stamp': '#2670FA', 'transaction_date': '#72A0CD', 'carriage_condition': '#CC6619', 'carrier_address': '#BA99D5', 'gross_weight': '#1251AE', 'goods_description': '#E2DAC3', 'gross_quantity': '#41B2E8', 'consignee_address': '#2BFBB4', 'signature': '#43E75C', 'awb_original_or_copy': '#F4281F', 'declared_value_of_custom': '#D7707B', 'carrier_name': '#0D0C4E', 'at_place': '#B52449', 'shipment_date': '#FE52BF', 'shipper_address': '#AB97CD', 'net_weight': '#34A336', 'consignee_name': '#1FA280', 'invoice_number': '#B81781', 'awb_bill_no': '#298734', 'dimension': '#758BF7', 'O': '#6858C6', 'declared_value_of_carriage': '#38F779', 'final_destination': '#10B82E', 'awb_bill_issue_date': '#996CB7', 'lc_no': '#088189', 'signed_by_agent': '#441388', 'flight_date': '#4543A2', 'agent_address': '#400D73', 'freight_collect_or_prepaid': '#6690B8', 'flight_details': '#0533CF', 'notify_party_address': '#2219A8', 'shipper_name': '#BDB923', 'signed_by_carrier': '#0CECE0', 'stamped_onboard_date': '#9F6DF2', 'awb_original_number': '#68C801', 'flight_no': '#EE62A5', 'freight_collected_at': '#2D2B96', 'amount_insurance': '#D3AAB0', 'house_awb_bill_no': '#FAA163', 'master_awb_bill_no': '#A22B24', 'airport_of_departure': '#B414EA', 'invoice_date': '#07C350', 'good_marks': '#D17044', 'place_of_receipt': '#5EEB90', 'agent_name': '#B7A981', 'signed_by_master': '#3E0AD5', 'airport_of_destination': '#E5B424', 'master_name': '#CD9CA1', 'notify_party_name': '#B13535'}
2024-03-14 11:17:22,430 is result_set is instance of dict? True
2024-03-14 11:17:22,432 is final_result_set is instance of dict? True
2024-03-14 11:17:22,766 Time taken for page 1 of Bill_Of_Landing_680_page_0.png:0:00:03.927504
2024-03-14 11:17:23,081 *****Generated All Pages****** for Bill_Of_Landing_680_page_0.png
2024-03-14 11:17:23,081 RAM memory 69.1 used for Bill_Of_Landing_680_page_0.png Generating All Pages:
2024-03-14 11:17:23,081 Processing time taken for all pages of Bill_Of_Landing_680_page_0.png1:0:00:04.243165
2024-03-14 11:17:23,210 file name is:Bill_Of_Landing_562_page_30.png
2024-03-14 11:17:23,210 folder path :Images
2024-03-14 11:17:23,210 Calling Image result
2024-03-14 11:17:23,210 is all_page_result is instance of dict? True
2024-03-14 11:17:23,211 STREAM b'IHDR' 16 13
2024-03-14 11:17:23,211 STREAM b'IDAT' 41 65536
2024-03-14 11:17:23,247 is words is instance of list? True
2024-03-14 11:17:23,247 is bboxes is instance of list? True
2024-03-14 11:17:23,247 is bounding_boxes is instance of list? True
2024-03-14 11:17:23,459 is input_id_chunks is instance of list? True
2024-03-14 11:17:23,459 is mask_chunks is instance of list? True
2024-03-14 11:17:23,459 is bbox_chunks is instance of list? True
2024-03-14 11:17:23,459 is image_chunks is instance of list? True
2024-03-14 11:17:23,460 is input_dict is instance of dict? True
2024-03-14 11:17:25,743 Model Called
2024-03-14 11:17:25,743 RAM memory 68.0 used for Bill_Of_Landing_562_page_30.png:
2024-03-14 11:17:25,744 is all_predictions is instance of list? True
2024-03-14 11:17:25,744 is all_boxes is instance of list? True
2024-03-14 11:17:25,744 is all_confidences is instance of list? True
2024-03-14 11:17:25,744 is all_text is instance of list? True
2024-03-14 11:17:25,744 is label2id is instance of dict? True
2024-03-14 11:17:25,744 is id2label is instance of dict? True
2024-03-14 11:17:25,745 is label2color is instance of dict? True
2024-03-14 11:17:25,745 label2color : {'lc_date': '#2EB760', 'stamp': '#429ABE', 'transaction_date': '#30D1BC', 'carriage_condition': '#C06E41', 'carrier_address': '#2F8127', 'gross_weight': '#DCF585', 'goods_description': '#4B22E7', 'gross_quantity': '#3A7216', 'consignee_address': '#AD793C', 'signature': '#FCCC14', 'awb_original_or_copy': '#BDCB19', 'declared_value_of_custom': '#BAF2F6', 'carrier_name': '#620CB8', 'at_place': '#20CB76', 'shipment_date': '#EE3DD8', 'shipper_address': '#C9F391', 'net_weight': '#6BCD22', 'consignee_name': '#AEC2A7', 'invoice_number': '#28C96C', 'awb_bill_no': '#1AB120', 'dimension': '#A080F3', 'O': '#5A47ED', 'declared_value_of_carriage': '#601574', 'final_destination': '#44803B', 'awb_bill_issue_date': '#3924A4', 'lc_no': '#57A6F4', 'signed_by_agent': '#1C7989', 'flight_date': '#CF1F11', 'agent_address': '#7E89F7', 'freight_collect_or_prepaid': '#B96275', 'flight_details': '#3918B5', 'notify_party_address': '#823A59', 'shipper_name': '#B97726', 'signed_by_carrier': '#ECEFF5', 'stamped_onboard_date': '#43C3EC', 'awb_original_number': '#BA8043', 'flight_no': '#6423FC', 'freight_collected_at': '#71FB11', 'amount_insurance': '#25DE24', 'house_awb_bill_no': '#0EA434', 'master_awb_bill_no': '#409696', 'airport_of_departure': '#5CDB85', 'invoice_date': '#7BCDCF', 'good_marks': '#9F6E66', 'place_of_receipt': '#0AC50C', 'agent_name': '#760F2C', 'signed_by_master': '#E976B0', 'airport_of_destination': '#E7F323', 'master_name': '#EE62AC', 'notify_party_name': '#535EA0'}
2024-03-14 11:17:25,935 is result_set is instance of dict? True
2024-03-14 11:17:25,937 is final_result_set is instance of dict? True
2024-03-14 11:17:26,187 Time taken for page 1 of Bill_Of_Landing_562_page_30.png:0:00:02.975463
2024-03-14 11:17:26,335 *****Generated All Pages****** for Bill_Of_Landing_562_page_30.png
2024-03-14 11:17:26,335 RAM memory 68.0 used for Bill_Of_Landing_562_page_30.png Generating All Pages:
2024-03-14 11:17:26,335 Processing time taken for all pages of Bill_Of_Landing_562_page_30.png1:0:00:03.124487
2024-03-14 11:17:26,459 file name is:Bill_Of_Landing_634_page_0.png
2024-03-14 11:17:26,459 folder path :Images
2024-03-14 11:17:26,459 Calling Image result
2024-03-14 11:17:26,459 is all_page_result is instance of dict? True
2024-03-14 11:17:26,460 STREAM b'IHDR' 16 13
2024-03-14 11:17:26,460 STREAM b'IDAT' 41 65536
2024-03-14 11:17:26,493 is words is instance of list? True
2024-03-14 11:17:26,493 is bboxes is instance of list? True
2024-03-14 11:17:26,493 is bounding_boxes is instance of list? True
2024-03-14 11:17:26,688 is input_id_chunks is instance of list? True
2024-03-14 11:17:26,689 is mask_chunks is instance of list? True
2024-03-14 11:17:26,689 is bbox_chunks is instance of list? True
2024-03-14 11:17:26,689 is image_chunks is instance of list? True
2024-03-14 11:17:26,689 is input_dict is instance of dict? True
2024-03-14 11:17:29,273 Model Called
2024-03-14 11:17:29,273 RAM memory 68.4 used for Bill_Of_Landing_634_page_0.png:
2024-03-14 11:17:29,273 is all_predictions is instance of list? True
2024-03-14 11:17:29,273 is all_boxes is instance of list? True
2024-03-14 11:17:29,273 is all_confidences is instance of list? True
2024-03-14 11:17:29,273 is all_text is instance of list? True
2024-03-14 11:17:29,273 is label2id is instance of dict? True
2024-03-14 11:17:29,273 is id2label is instance of dict? True
2024-03-14 11:17:29,274 is label2color is instance of dict? True
2024-03-14 11:17:29,274 label2color : {'lc_date': '#67FD3A', 'stamp': '#AF353F', 'transaction_date': '#2CC3DC', 'carriage_condition': '#15EF3B', 'carrier_address': '#8E9F70', 'gross_weight': '#017C33', 'goods_description': '#200A51', 'gross_quantity': '#09EFA5', 'consignee_address': '#F644F9', 'signature': '#928BE7', 'awb_original_or_copy': '#00F95D', 'declared_value_of_custom': '#71A174', 'carrier_name': '#BFF33B', 'at_place': '#016835', 'shipment_date': '#5A44B2', 'shipper_address': '#409EFB', 'net_weight': '#D15318', 'consignee_name': '#C4C749', 'invoice_number': '#A71876', 'awb_bill_no': '#D5AB85', 'dimension': '#1FF887', 'O': '#52535C', 'declared_value_of_carriage': '#BECC49', 'final_destination': '#6086C8', 'awb_bill_issue_date': '#D81AFB', 'lc_no': '#88E8DD', 'signed_by_agent': '#137B61', 'flight_date': '#1B6C8B', 'agent_address': '#2B5748', 'freight_collect_or_prepaid': '#844FD8', 'flight_details': '#EA23FA', 'notify_party_address': '#B2EF75', 'shipper_name': '#8C84CE', 'signed_by_carrier': '#431375', 'stamped_onboard_date': '#34D12C', 'awb_original_number': '#636C6D', 'flight_no': '#29F85C', 'freight_collected_at': '#E3555E', 'amount_insurance': '#95E0EB', 'house_awb_bill_no': '#954A86', 'master_awb_bill_no': '#D52696', 'airport_of_departure': '#611FA2', 'invoice_date': '#11CA28', 'good_marks': '#5996AE', 'place_of_receipt': '#465BCA', 'agent_name': '#FF70B6', 'signed_by_master': '#59C7BB', 'airport_of_destination': '#164C6A', 'master_name': '#88F6B9', 'notify_party_name': '#A3DA4A'}
2024-03-14 11:17:29,475 is result_set is instance of dict? True
2024-03-14 11:17:29,477 is final_result_set is instance of dict? True
2024-03-14 11:17:29,810 Time taken for page 1 of Bill_Of_Landing_634_page_0.png:0:00:03.349604
2024-03-14 11:17:29,978 *****Generated All Pages****** for Bill_Of_Landing_634_page_0.png
2024-03-14 11:17:29,978 RAM memory 68.3 used for Bill_Of_Landing_634_page_0.png Generating All Pages:
2024-03-14 11:17:29,978 Processing time taken for all pages of Bill_Of_Landing_634_page_0.png1:0:00:03.518617
2024-03-14 11:17:30,111 file name is:Bill_Of_Landing_899_page_21.png
2024-03-14 11:17:30,111 folder path :Images
2024-03-14 11:17:30,111 Calling Image result
2024-03-14 11:17:30,111 is all_page_result is instance of dict? True
2024-03-14 11:17:30,112 STREAM b'IHDR' 16 13
2024-03-14 11:17:30,112 STREAM b'IDAT' 41 65536
2024-03-14 11:17:30,152 is words is instance of list? True
2024-03-14 11:17:30,152 is bboxes is instance of list? True
2024-03-14 11:17:30,152 is bounding_boxes is instance of list? True
2024-03-14 11:17:30,365 is input_id_chunks is instance of list? True
2024-03-14 11:17:30,365 is mask_chunks is instance of list? True
2024-03-14 11:17:30,365 is bbox_chunks is instance of list? True
2024-03-14 11:17:30,365 is image_chunks is instance of list? True
2024-03-14 11:17:30,366 is input_dict is instance of dict? True
2024-03-14 11:17:32,682 Model Called
2024-03-14 11:17:32,682 RAM memory 68.2 used for Bill_Of_Landing_899_page_21.png:
2024-03-14 11:17:32,683 is all_predictions is instance of list? True
2024-03-14 11:17:32,683 is all_boxes is instance of list? True
2024-03-14 11:17:32,683 is all_confidences is instance of list? True
2024-03-14 11:17:32,683 is all_text is instance of list? True
2024-03-14 11:17:32,683 is label2id is instance of dict? True
2024-03-14 11:17:32,683 is id2label is instance of dict? True
2024-03-14 11:17:32,684 is label2color is instance of dict? True
2024-03-14 11:17:32,684 label2color : {'lc_date': '#8ED33C', 'stamp': '#3F6991', 'transaction_date': '#540EDA', 'carriage_condition': '#72DC8C', 'carrier_address': '#98B6B9', 'gross_weight': '#15ABCA', 'goods_description': '#8B475E', 'gross_quantity': '#ACB86E', 'consignee_address': '#1B584D', 'signature': '#95FD47', 'awb_original_or_copy': '#EA58E2', 'declared_value_of_custom': '#89DBF4', 'carrier_name': '#C20877', 'at_place': '#45B028', 'shipment_date': '#EB9323', 'shipper_address': '#C51C80', 'net_weight': '#906E1F', 'consignee_name': '#2C9AF7', 'invoice_number': '#B701E9', 'awb_bill_no': '#324441', 'dimension': '#646876', 'O': '#7A78C5', 'declared_value_of_carriage': '#0809D7', 'final_destination': '#8CAB6B', 'awb_bill_issue_date': '#5872D9', 'lc_no': '#F0C762', 'signed_by_agent': '#DD0D80', 'flight_date': '#349234', 'agent_address': '#7C162C', 'freight_collect_or_prepaid': '#E970C7', 'flight_details': '#2E5DA9', 'notify_party_address': '#3E115C', 'shipper_name': '#FD2621', 'signed_by_carrier': '#F99B87', 'stamped_onboard_date': '#CE06E8', 'awb_original_number': '#F3A2CC', 'flight_no': '#BC9885', 'freight_collected_at': '#6D61A7', 'amount_insurance': '#5FF15D', 'house_awb_bill_no': '#EC1DE6', 'master_awb_bill_no': '#184C7D', 'airport_of_departure': '#0CE1FF', 'invoice_date': '#AF5C28', 'good_marks': '#0EA4BE', 'place_of_receipt': '#E1B058', 'agent_name': '#68E683', 'signed_by_master': '#D3A444', 'airport_of_destination': '#C77EAE', 'master_name': '#7BAA05', 'notify_party_name': '#9717FF'}
2024-03-14 11:17:32,877 is result_set is instance of dict? True
2024-03-14 11:17:32,880 is final_result_set is instance of dict? True
2024-03-14 11:17:33,200 Time taken for page 1 of Bill_Of_Landing_899_page_21.png:0:00:03.087549
2024-03-14 11:17:33,357 *****Generated All Pages****** for Bill_Of_Landing_899_page_21.png
2024-03-14 11:17:33,358 RAM memory 68.1 used for Bill_Of_Landing_899_page_21.png Generating All Pages:
2024-03-14 11:17:33,358 Processing time taken for all pages of Bill_Of_Landing_899_page_21.png1:0:00:03.246835
2024-03-14 11:17:33,483 file name is:Bill_Of_Landing_562_page_17.png
2024-03-14 11:17:33,483 folder path :Images
2024-03-14 11:17:33,483 Calling Image result
2024-03-14 11:17:33,483 is all_page_result is instance of dict? True
2024-03-14 11:17:33,484 STREAM b'IHDR' 16 13
2024-03-14 11:17:33,484 STREAM b'IDAT' 41 65536
2024-03-14 11:17:33,517 is words is instance of list? True
2024-03-14 11:17:33,517 is bboxes is instance of list? True
2024-03-14 11:17:33,517 is bounding_boxes is instance of list? True
2024-03-14 11:17:33,718 is input_id_chunks is instance of list? True
2024-03-14 11:17:33,718 is mask_chunks is instance of list? True
2024-03-14 11:17:33,718 is bbox_chunks is instance of list? True
2024-03-14 11:17:33,718 is image_chunks is instance of list? True
2024-03-14 11:17:33,718 is input_dict is instance of dict? True
2024-03-14 11:17:36,007 Model Called
2024-03-14 11:17:36,007 RAM memory 68.1 used for Bill_Of_Landing_562_page_17.png:
2024-03-14 11:17:36,007 is all_predictions is instance of list? True
2024-03-14 11:17:36,007 is all_boxes is instance of list? True
2024-03-14 11:17:36,007 is all_confidences is instance of list? True
2024-03-14 11:17:36,007 is all_text is instance of list? True
2024-03-14 11:17:36,008 is label2id is instance of dict? True
2024-03-14 11:17:36,008 is id2label is instance of dict? True
2024-03-14 11:17:36,009 is label2color is instance of dict? True
2024-03-14 11:17:36,009 label2color : {'lc_date': '#FF921F', 'stamp': '#401946', 'transaction_date': '#15AF49', 'carriage_condition': '#F482B6', 'carrier_address': '#C710E3', 'gross_weight': '#A7CF6D', 'goods_description': '#298988', 'gross_quantity': '#E8F124', 'consignee_address': '#72388F', 'signature': '#AD160C', 'awb_original_or_copy': '#7B28C4', 'declared_value_of_custom': '#1B0DB8', 'carrier_name': '#BB55A0', 'at_place': '#D49CF5', 'shipment_date': '#6BBE91', 'shipper_address': '#4CC6B7', 'net_weight': '#03BCA4', 'consignee_name': '#106165', 'invoice_number': '#E7002C', 'awb_bill_no': '#25B6CF', 'dimension': '#2E3123', 'O': '#C77E5B', 'declared_value_of_carriage': '#D8E9C5', 'final_destination': '#561CF4', 'awb_bill_issue_date': '#281608', 'lc_no': '#3F2AC3', 'signed_by_agent': '#9DF627', 'flight_date': '#4863E5', 'agent_address': '#DFD1F2', 'freight_collect_or_prepaid': '#F147E8', 'flight_details': '#507C1A', 'notify_party_address': '#F857D1', 'shipper_name': '#0C950C', 'signed_by_carrier': '#009220', 'stamped_onboard_date': '#048F4B', 'awb_original_number': '#FC6B9F', 'flight_no': '#467E42', 'freight_collected_at': '#7C2CB3', 'amount_insurance': '#D9B264', 'house_awb_bill_no': '#CFB517', 'master_awb_bill_no': '#73C6EE', 'airport_of_departure': '#8A3E3A', 'invoice_date': '#19ABF7', 'good_marks': '#7E5FB8', 'place_of_receipt': '#201FDB', 'agent_name': '#005B42', 'signed_by_master': '#76E132', 'airport_of_destination': '#BCDD5D', 'master_name': '#D79CA4', 'notify_party_name': '#BEC837'}
2024-03-14 11:17:36,203 is result_set is instance of dict? True
2024-03-14 11:17:36,204 is final_result_set is instance of dict? True
2024-03-14 11:17:36,453 Time taken for page 1 of Bill_Of_Landing_562_page_17.png:0:00:02.968573
2024-03-14 11:17:36,605 *****Generated All Pages****** for Bill_Of_Landing_562_page_17.png
2024-03-14 11:17:36,605 RAM memory 68.2 used for Bill_Of_Landing_562_page_17.png Generating All Pages:
2024-03-14 11:17:36,605 Processing time taken for all pages of Bill_Of_Landing_562_page_17.png1:0:00:03.122149
2024-03-14 11:17:36,730 file name is:Bill_Of_Landing_562_page_47.png
2024-03-14 11:17:36,730 folder path :Images
2024-03-14 11:17:36,730 Calling Image result
2024-03-14 11:17:36,730 is all_page_result is instance of dict? True
2024-03-14 11:17:36,731 STREAM b'IHDR' 16 13
2024-03-14 11:17:36,731 STREAM b'IDAT' 41 65536
2024-03-14 11:17:36,763 is words is instance of list? True
2024-03-14 11:17:36,763 is bboxes is instance of list? True
2024-03-14 11:17:36,763 is bounding_boxes is instance of list? True
2024-03-14 11:17:36,969 is input_id_chunks is instance of list? True
2024-03-14 11:17:36,969 is mask_chunks is instance of list? True
2024-03-14 11:17:36,969 is bbox_chunks is instance of list? True
2024-03-14 11:17:36,969 is image_chunks is instance of list? True
2024-03-14 11:17:36,970 is input_dict is instance of dict? True
2024-03-14 11:17:39,267 Model Called
2024-03-14 11:17:39,267 RAM memory 67.8 used for Bill_Of_Landing_562_page_47.png:
2024-03-14 11:17:39,267 is all_predictions is instance of list? True
2024-03-14 11:17:39,267 is all_boxes is instance of list? True
2024-03-14 11:17:39,267 is all_confidences is instance of list? True
2024-03-14 11:17:39,267 is all_text is instance of list? True
2024-03-14 11:17:39,267 is label2id is instance of dict? True
2024-03-14 11:17:39,267 is id2label is instance of dict? True
2024-03-14 11:17:39,268 is label2color is instance of dict? True
2024-03-14 11:17:39,268 label2color : {'lc_date': '#A268E2', 'stamp': '#2121D2', 'transaction_date': '#FFB9A6', 'carriage_condition': '#9BBAC3', 'carrier_address': '#DF276F', 'gross_weight': '#34EE32', 'goods_description': '#588B0F', 'gross_quantity': '#CDE535', 'consignee_address': '#3DE177', 'signature': '#55C1CB', 'awb_original_or_copy': '#C0C779', 'declared_value_of_custom': '#BF18FB', 'carrier_name': '#CC6222', 'at_place': '#DAB33A', 'shipment_date': '#1B8396', 'shipper_address': '#9B0419', 'net_weight': '#6E4568', 'consignee_name': '#22C3E7', 'invoice_number': '#289CD7', 'awb_bill_no': '#A17EDE', 'dimension': '#64650B', 'O': '#B0F4B5', 'declared_value_of_carriage': '#79038B', 'final_destination': '#15B7DF', 'awb_bill_issue_date': '#F1499C', 'lc_no': '#3DC25A', 'signed_by_agent': '#CCD807', 'flight_date': '#F1D010', 'agent_address': '#0D6488', 'freight_collect_or_prepaid': '#52E626', 'flight_details': '#4EB10D', 'notify_party_address': '#FFE8F6', 'shipper_name': '#0E6DF4', 'signed_by_carrier': '#2B3EBC', 'stamped_onboard_date': '#928ECD', 'awb_original_number': '#9D0B5F', 'flight_no': '#284C52', 'freight_collected_at': '#8998D1', 'amount_insurance': '#E67D0E', 'house_awb_bill_no': '#8EBC0C', 'master_awb_bill_no': '#A215BE', 'airport_of_departure': '#00CAD1', 'invoice_date': '#1FBB1C', 'good_marks': '#409612', 'place_of_receipt': '#D1A25F', 'agent_name': '#755C7B', 'signed_by_master': '#E2100D', 'airport_of_destination': '#1450A4', 'master_name': '#9ADAC2', 'notify_party_name': '#A203FC'}
2024-03-14 11:17:39,465 is result_set is instance of dict? True
2024-03-14 11:17:39,466 is final_result_set is instance of dict? True
2024-03-14 11:17:39,704 Time taken for page 1 of Bill_Of_Landing_562_page_47.png:0:00:02.972761
2024-03-14 11:17:39,844 *****Generated All Pages****** for Bill_Of_Landing_562_page_47.png
2024-03-14 11:17:39,845 RAM memory 68.1 used for Bill_Of_Landing_562_page_47.png Generating All Pages:
2024-03-14 11:17:39,845 Processing time taken for all pages of Bill_Of_Landing_562_page_47.png1:0:00:03.114757
2024-03-14 11:17:39,967 file name is:Bill_Of_Landing_521_page_7.png
2024-03-14 11:17:39,967 folder path :Images
2024-03-14 11:17:39,967 Calling Image result
2024-03-14 11:17:39,967 is all_page_result is instance of dict? True
2024-03-14 11:17:39,968 STREAM b'IHDR' 16 13
2024-03-14 11:17:39,968 STREAM b'IDAT' 41 65536
2024-03-14 11:17:40,003 is words is instance of list? True
2024-03-14 11:17:40,003 is bboxes is instance of list? True
2024-03-14 11:17:40,003 is bounding_boxes is instance of list? True
2024-03-14 11:17:40,207 is input_id_chunks is instance of list? True
2024-03-14 11:17:40,207 is mask_chunks is instance of list? True
2024-03-14 11:17:40,207 is bbox_chunks is instance of list? True
2024-03-14 11:17:40,207 is image_chunks is instance of list? True
2024-03-14 11:17:40,208 is input_dict is instance of dict? True
2024-03-14 11:17:43,679 Model Called
2024-03-14 11:17:43,680 RAM memory 75.1 used for Bill_Of_Landing_521_page_7.png:
2024-03-14 11:17:43,680 is all_predictions is instance of list? True
2024-03-14 11:17:43,680 is all_boxes is instance of list? True
2024-03-14 11:17:43,680 is all_confidences is instance of list? True
2024-03-14 11:17:43,680 is all_text is instance of list? True
2024-03-14 11:17:43,680 is label2id is instance of dict? True
2024-03-14 11:17:43,680 is id2label is instance of dict? True
2024-03-14 11:17:43,681 is label2color is instance of dict? True
2024-03-14 11:17:43,681 label2color : {'lc_date': '#17C4F0', 'stamp': '#3A7679', 'transaction_date': '#27DB80', 'carriage_condition': '#7D1A56', 'carrier_address': '#D9699C', 'gross_weight': '#A4F0B1', 'goods_description': '#E305B5', 'gross_quantity': '#65EADD', 'consignee_address': '#DA276B', 'signature': '#608F8C', 'awb_original_or_copy': '#853D39', 'declared_value_of_custom': '#6B9A2D', 'carrier_name': '#6E8CD2', 'at_place': '#940686', 'shipment_date': '#D5BD9F', 'shipper_address': '#52A02A', 'net_weight': '#6EC81E', 'consignee_name': '#062BC7', 'invoice_number': '#05541E', 'awb_bill_no': '#B84971', 'dimension': '#B23BAC', 'O': '#D62479', 'declared_value_of_carriage': '#134254', 'final_destination': '#878542', 'awb_bill_issue_date': '#F9832C', 'lc_no': '#691789', 'signed_by_agent': '#F705FE', 'flight_date': '#5C1DBE', 'agent_address': '#94527C', 'freight_collect_or_prepaid': '#E0A32F', 'flight_details': '#D608AA', 'notify_party_address': '#CD200D', 'shipper_name': '#04CD44', 'signed_by_carrier': '#B1E7FD', 'stamped_onboard_date': '#20B10A', 'awb_original_number': '#2F0D6D', 'flight_no': '#88BD28', 'freight_collected_at': '#2A9B97', 'amount_insurance': '#AA6E7C', 'house_awb_bill_no': '#DE6602', 'master_awb_bill_no': '#14C32A', 'airport_of_departure': '#640802', 'invoice_date': '#877F71', 'good_marks': '#F0837A', 'place_of_receipt': '#E3CCF0', 'agent_name': '#3A73CA', 'signed_by_master': '#F3F59D', 'airport_of_destination': '#5B0437', 'master_name': '#C6E82D', 'notify_party_name': '#2E9130'}
2024-03-14 11:17:43,930 is result_set is instance of dict? True
2024-03-14 11:17:43,933 is final_result_set is instance of dict? True
2024-03-14 11:17:44,301 Time taken for page 1 of Bill_Of_Landing_521_page_7.png:0:00:04.333139
2024-03-14 11:17:44,461 *****Generated All Pages****** for Bill_Of_Landing_521_page_7.png
2024-03-14 11:17:44,461 RAM memory 75.2 used for Bill_Of_Landing_521_page_7.png Generating All Pages:
2024-03-14 11:17:44,461 Processing time taken for all pages of Bill_Of_Landing_521_page_7.png1:0:00:04.493573
2024-03-14 11:17:44,636 file name is:Bill_Of_Landing_511_page_1.png
2024-03-14 11:17:44,636 folder path :Images
2024-03-14 11:17:44,636 Calling Image result
2024-03-14 11:17:44,636 is all_page_result is instance of dict? True
2024-03-14 11:17:44,637 STREAM b'IHDR' 16 13
2024-03-14 11:17:44,637 STREAM b'IDAT' 41 65536
2024-03-14 11:17:44,673 is words is instance of list? True
2024-03-14 11:17:44,673 is bboxes is instance of list? True
2024-03-14 11:17:44,674 is bounding_boxes is instance of list? True
2024-03-14 11:17:44,876 is input_id_chunks is instance of list? True
2024-03-14 11:17:44,876 is mask_chunks is instance of list? True
2024-03-14 11:17:44,876 is bbox_chunks is instance of list? True
2024-03-14 11:17:44,876 is image_chunks is instance of list? True
2024-03-14 11:17:44,877 is input_dict is instance of dict? True
2024-03-14 11:17:47,607 Model Called
2024-03-14 11:17:47,608 RAM memory 68.4 used for Bill_Of_Landing_511_page_1.png:
2024-03-14 11:17:47,608 is all_predictions is instance of list? True
2024-03-14 11:17:47,608 is all_boxes is instance of list? True
2024-03-14 11:17:47,608 is all_confidences is instance of list? True
2024-03-14 11:17:47,608 is all_text is instance of list? True
2024-03-14 11:17:47,608 is label2id is instance of dict? True
2024-03-14 11:17:47,608 is id2label is instance of dict? True
2024-03-14 11:17:47,609 is label2color is instance of dict? True
2024-03-14 11:17:47,609 label2color : {'lc_date': '#81FF5B', 'stamp': '#5CCEE2', 'transaction_date': '#88CD7C', 'carriage_condition': '#4B22EF', 'carrier_address': '#FCEB92', 'gross_weight': '#DE6219', 'goods_description': '#46C755', 'gross_quantity': '#81C37E', 'consignee_address': '#576559', 'signature': '#013594', 'awb_original_or_copy': '#8086F5', 'declared_value_of_custom': '#CC4291', 'carrier_name': '#F9DA95', 'at_place': '#57D21D', 'shipment_date': '#8A3C71', 'shipper_address': '#1C55BC', 'net_weight': '#287D64', 'consignee_name': '#E5F62A', 'invoice_number': '#E5D9E3', 'awb_bill_no': '#4A1798', 'dimension': '#34DBF5', 'O': '#83F6AD', 'declared_value_of_carriage': '#88F590', 'final_destination': '#9741C1', 'awb_bill_issue_date': '#BE0575', 'lc_no': '#D73627', 'signed_by_agent': '#228816', 'flight_date': '#AD9FE2', 'agent_address': '#EFDAC2', 'freight_collect_or_prepaid': '#D6D3C2', 'flight_details': '#1FC1E9', 'notify_party_address': '#CE28EF', 'shipper_name': '#D4B2A3', 'signed_by_carrier': '#E7B2C9', 'stamped_onboard_date': '#6893A5', 'awb_original_number': '#CFE385', 'flight_no': '#B8B8AB', 'freight_collected_at': '#BE1C4F', 'amount_insurance': '#0D0C05', 'house_awb_bill_no': '#F55398', 'master_awb_bill_no': '#7854D9', 'airport_of_departure': '#8412C1', 'invoice_date': '#9221C1', 'good_marks': '#7F6D99', 'place_of_receipt': '#416554', 'agent_name': '#750636', 'signed_by_master': '#78E326', 'airport_of_destination': '#83B836', 'master_name': '#3E199C', 'notify_party_name': '#01DD9C'}
2024-03-14 11:17:47,821 is result_set is instance of dict? True
2024-03-14 11:17:47,824 is final_result_set is instance of dict? True
2024-03-14 11:17:48,192 Time taken for page 1 of Bill_Of_Landing_511_page_1.png:0:00:03.554769
2024-03-14 11:17:48,345 *****Generated All Pages****** for Bill_Of_Landing_511_page_1.png
2024-03-14 11:17:48,346 RAM memory 68.5 used for Bill_Of_Landing_511_page_1.png Generating All Pages:
2024-03-14 11:17:48,346 Processing time taken for all pages of Bill_Of_Landing_511_page_1.png1:0:00:03.709713
2024-03-14 11:17:48,470 file name is:Bill_Of_Landing_774_page_0.png
2024-03-14 11:17:48,471 folder path :Images
2024-03-14 11:17:48,471 Calling Image result
2024-03-14 11:17:48,471 is all_page_result is instance of dict? True
2024-03-14 11:17:48,471 STREAM b'IHDR' 16 13
2024-03-14 11:17:48,471 STREAM b'IDAT' 41 65536
2024-03-14 11:17:48,539 is words is instance of list? True
2024-03-14 11:17:48,539 is bboxes is instance of list? True
2024-03-14 11:17:48,539 is bounding_boxes is instance of list? True
2024-03-14 11:17:49,039 is input_id_chunks is instance of list? True
2024-03-14 11:17:49,039 is mask_chunks is instance of list? True
2024-03-14 11:17:49,039 is bbox_chunks is instance of list? True
2024-03-14 11:17:49,039 is image_chunks is instance of list? True
2024-03-14 11:17:49,040 is input_dict is instance of dict? True
2024-03-14 11:17:52,546 Model Called
2024-03-14 11:17:52,546 RAM memory 75.1 used for Bill_Of_Landing_774_page_0.png:
2024-03-14 11:17:52,546 is all_predictions is instance of list? True
2024-03-14 11:17:52,546 is all_boxes is instance of list? True
2024-03-14 11:17:52,546 is all_confidences is instance of list? True
2024-03-14 11:17:52,546 is all_text is instance of list? True
2024-03-14 11:17:52,547 is label2id is instance of dict? True
2024-03-14 11:17:52,547 is id2label is instance of dict? True
2024-03-14 11:17:52,548 is label2color is instance of dict? True
2024-03-14 11:17:52,548 label2color : {'lc_date': '#6BC5F4', 'stamp': '#BD7368', 'transaction_date': '#36389C', 'carriage_condition': '#B2CB31', 'carrier_address': '#97DF0C', 'gross_weight': '#287C59', 'goods_description': '#1D0FFC', 'gross_quantity': '#0FF765', 'consignee_address': '#42D491', 'signature': '#E9D0ED', 'awb_original_or_copy': '#14FC3C', 'declared_value_of_custom': '#0425EB', 'carrier_name': '#FF2EF5', 'at_place': '#10D3E9', 'shipment_date': '#6BF0ED', 'shipper_address': '#DF6E11', 'net_weight': '#7E8655', 'consignee_name': '#D38298', 'invoice_number': '#1F3154', 'awb_bill_no': '#7A0C94', 'dimension': '#B6F744', 'O': '#7F5844', 'declared_value_of_carriage': '#20D301', 'final_destination': '#1EF459', 'awb_bill_issue_date': '#9B3F08', 'lc_no': '#1D45B6', 'signed_by_agent': '#1D1685', 'flight_date': '#B4F6BB', 'agent_address': '#C398D7', 'freight_collect_or_prepaid': '#DAF11F', 'flight_details': '#4244CD', 'notify_party_address': '#C0BD0D', 'shipper_name': '#2A5EE5', 'signed_by_carrier': '#57D00B', 'stamped_onboard_date': '#A149BC', 'awb_original_number': '#985B7A', 'flight_no': '#05D986', 'freight_collected_at': '#C59FBE', 'amount_insurance': '#251750', 'house_awb_bill_no': '#A9FF9D', 'master_awb_bill_no': '#AD1612', 'airport_of_departure': '#629408', 'invoice_date': '#E7BD65', 'good_marks': '#27D16A', 'place_of_receipt': '#22EF12', 'agent_name': '#E67F1E', 'signed_by_master': '#D153E2', 'airport_of_destination': '#434A12', 'master_name': '#CEE792', 'notify_party_name': '#FCB0CE'}
2024-03-14 11:17:53,077 is result_set is instance of dict? True
2024-03-14 11:17:53,079 is final_result_set is instance of dict? True
2024-03-14 11:17:53,377 Time taken for page 1 of Bill_Of_Landing_774_page_0.png:0:00:04.905941
2024-03-14 11:17:53,724 *****Generated All Pages****** for Bill_Of_Landing_774_page_0.png
2024-03-14 11:17:53,725 RAM memory 75.4 used for Bill_Of_Landing_774_page_0.png Generating All Pages:
2024-03-14 11:17:53,725 Processing time taken for all pages of Bill_Of_Landing_774_page_0.png1:0:00:05.254080
2024-03-14 11:17:53,951 file name is:Bill_Of_Landing_356_page_0.png
2024-03-14 11:17:53,952 folder path :Images
2024-03-14 11:17:53,952 Calling Image result
2024-03-14 11:17:53,952 is all_page_result is instance of dict? True
2024-03-14 11:17:53,962 STREAM b'IHDR' 16 13
2024-03-14 11:17:53,963 STREAM b'IDAT' 41 65536
2024-03-14 11:17:54,002 is words is instance of list? True
2024-03-14 11:17:54,002 is bboxes is instance of list? True
2024-03-14 11:17:54,002 is bounding_boxes is instance of list? True
2024-03-14 11:17:54,267 is input_id_chunks is instance of list? True
2024-03-14 11:17:54,267 is mask_chunks is instance of list? True
2024-03-14 11:17:54,267 is bbox_chunks is instance of list? True
2024-03-14 11:17:54,267 is image_chunks is instance of list? True
2024-03-14 11:17:54,268 is input_dict is instance of dict? True
2024-03-14 11:17:56,677 Model Called
2024-03-14 11:17:56,677 RAM memory 71.0 used for Bill_Of_Landing_356_page_0.png:
2024-03-14 11:17:56,678 is all_predictions is instance of list? True
2024-03-14 11:17:56,678 is all_boxes is instance of list? True
2024-03-14 11:17:56,678 is all_confidences is instance of list? True
2024-03-14 11:17:56,678 is all_text is instance of list? True
2024-03-14 11:17:56,678 is label2id is instance of dict? True
2024-03-14 11:17:56,678 is id2label is instance of dict? True
2024-03-14 11:17:56,679 is label2color is instance of dict? True
2024-03-14 11:17:56,679 label2color : {'lc_date': '#4E2488', 'stamp': '#693988', 'transaction_date': '#A65D00', 'carriage_condition': '#88B359', 'carrier_address': '#C03707', 'gross_weight': '#B63E72', 'goods_description': '#4B68D2', 'gross_quantity': '#7177C0', 'consignee_address': '#1344D0', 'signature': '#7066A1', 'awb_original_or_copy': '#654075', 'declared_value_of_custom': '#11691F', 'carrier_name': '#BD5A6A', 'at_place': '#4C9EB3', 'shipment_date': '#AE2F59', 'shipper_address': '#4E7D1E', 'net_weight': '#811DE5', 'consignee_name': '#389C44', 'invoice_number': '#8A0A79', 'awb_bill_no': '#2619EC', 'dimension': '#9CD817', 'O': '#22573F', 'declared_value_of_carriage': '#92A394', 'final_destination': '#872B56', 'awb_bill_issue_date': '#98E5D6', 'lc_no': '#FAB84D', 'signed_by_agent': '#D432D4', 'flight_date': '#FDAC07', 'agent_address': '#D535EE', 'freight_collect_or_prepaid': '#B3938A', 'flight_details': '#27E3A1', 'notify_party_address': '#83F1F0', 'shipper_name': '#85639E', 'signed_by_carrier': '#F662FF', 'stamped_onboard_date': '#9B5A20', 'awb_original_number': '#6370C5', 'flight_no': '#6B3785', 'freight_collected_at': '#B10477', 'amount_insurance': '#7FAECB', 'house_awb_bill_no': '#6A6E55', 'master_awb_bill_no': '#220E0D', 'airport_of_departure': '#D4AE18', 'invoice_date': '#3333CB', 'good_marks': '#0C09F1', 'place_of_receipt': '#E31925', 'agent_name': '#210595', 'signed_by_master': '#A214D9', 'airport_of_destination': '#3299F2', 'master_name': '#9630C6', 'notify_party_name': '#7B163F'}
2024-03-14 11:17:56,862 is result_set is instance of dict? True
2024-03-14 11:17:56,864 is final_result_set is instance of dict? True
2024-03-14 11:17:57,206 Time taken for page 1 of Bill_Of_Landing_356_page_0.png:0:00:03.242992
2024-03-14 11:17:57,361 *****Generated All Pages****** for Bill_Of_Landing_356_page_0.png
2024-03-14 11:17:57,362 RAM memory 70.9 used for Bill_Of_Landing_356_page_0.png Generating All Pages:
2024-03-14 11:17:57,362 Processing time taken for all pages of Bill_Of_Landing_356_page_0.png1:0:00:03.409927
2024-03-14 11:17:57,506 file name is:Bill_Of_Landing_555_page_1.png
2024-03-14 11:17:57,506 folder path :Images
2024-03-14 11:17:57,506 Calling Image result
2024-03-14 11:17:57,506 is all_page_result is instance of dict? True
2024-03-14 11:17:57,507 STREAM b'IHDR' 16 13
2024-03-14 11:17:57,507 STREAM b'IDAT' 41 64166
2024-03-14 11:17:57,545 is words is instance of list? True
2024-03-14 11:17:57,545 is bboxes is instance of list? True
2024-03-14 11:17:57,545 is bounding_boxes is instance of list? True
2024-03-14 11:17:57,749 is input_id_chunks is instance of list? True
2024-03-14 11:17:57,750 is mask_chunks is instance of list? True
2024-03-14 11:17:57,750 is bbox_chunks is instance of list? True
2024-03-14 11:17:57,750 is image_chunks is instance of list? True
2024-03-14 11:17:57,750 is input_dict is instance of dict? True
2024-03-14 11:18:00,071 Model Called
2024-03-14 11:18:00,071 RAM memory 67.8 used for Bill_Of_Landing_555_page_1.png:
2024-03-14 11:18:00,071 is all_predictions is instance of list? True
2024-03-14 11:18:00,072 is all_boxes is instance of list? True
2024-03-14 11:18:00,072 is all_confidences is instance of list? True
2024-03-14 11:18:00,072 is all_text is instance of list? True
2024-03-14 11:18:00,072 is label2id is instance of dict? True
2024-03-14 11:18:00,072 is id2label is instance of dict? True
2024-03-14 11:18:00,073 is label2color is instance of dict? True
2024-03-14 11:18:00,073 label2color : {'lc_date': '#4C44CF', 'stamp': '#788338', 'transaction_date': '#2B56B5', 'carriage_condition': '#7A10DF', 'carrier_address': '#D12A19', 'gross_weight': '#488830', 'goods_description': '#FDC2AB', 'gross_quantity': '#D1199B', 'consignee_address': '#826256', 'signature': '#343ACD', 'awb_original_or_copy': '#B5D141', 'declared_value_of_custom': '#BC70FE', 'carrier_name': '#F88272', 'at_place': '#2E3632', 'shipment_date': '#1EAE99', 'shipper_address': '#4DD88C', 'net_weight': '#4E8C74', 'consignee_name': '#A6B221', 'invoice_number': '#EDC67D', 'awb_bill_no': '#DF2497', 'dimension': '#A147B2', 'O': '#C45FC0', 'declared_value_of_carriage': '#E1E56B', 'final_destination': '#F89169', 'awb_bill_issue_date': '#C1A3CF', 'lc_no': '#9B6E19', 'signed_by_agent': '#33FB8D', 'flight_date': '#41EBD3', 'agent_address': '#538525', 'freight_collect_or_prepaid': '#66A4B2', 'flight_details': '#7BE828', 'notify_party_address': '#217109', 'shipper_name': '#F9AAFC', 'signed_by_carrier': '#FF84E9', 'stamped_onboard_date': '#D55A7A', 'awb_original_number': '#B3CE65', 'flight_no': '#526326', 'freight_collected_at': '#2D31B4', 'amount_insurance': '#BC730D', 'house_awb_bill_no': '#750B2C', 'master_awb_bill_no': '#54B92B', 'airport_of_departure': '#DC5005', 'invoice_date': '#777929', 'good_marks': '#80A5CA', 'place_of_receipt': '#015DF9', 'agent_name': '#76D135', 'signed_by_master': '#5A02BD', 'airport_of_destination': '#802F97', 'master_name': '#A57D90', 'notify_party_name': '#74AF14'}
2024-03-14 11:18:00,264 is result_set is instance of dict? True
2024-03-14 11:18:00,266 is final_result_set is instance of dict? True
2024-03-14 11:18:00,539 Time taken for page 1 of Bill_Of_Landing_555_page_1.png:0:00:03.031795
2024-03-14 11:18:00,684 *****Generated All Pages****** for Bill_Of_Landing_555_page_1.png
2024-03-14 11:18:00,685 RAM memory 67.9 used for Bill_Of_Landing_555_page_1.png Generating All Pages:
2024-03-14 11:18:00,685 Processing time taken for all pages of Bill_Of_Landing_555_page_1.png1:0:00:03.178570
2024-03-14 11:18:00,809 file name is:Bill_Of_Landing_329_page_0.png
2024-03-14 11:18:00,809 folder path :Images
2024-03-14 11:18:00,809 Calling Image result
2024-03-14 11:18:00,809 is all_page_result is instance of dict? True
2024-03-14 11:18:00,810 STREAM b'IHDR' 16 13
2024-03-14 11:18:00,810 STREAM b'IDAT' 41 65536
2024-03-14 11:18:00,847 is words is instance of list? True
2024-03-14 11:18:00,847 is bboxes is instance of list? True
2024-03-14 11:18:00,847 is bounding_boxes is instance of list? True
2024-03-14 11:18:01,076 is input_id_chunks is instance of list? True
2024-03-14 11:18:01,076 is mask_chunks is instance of list? True
2024-03-14 11:18:01,076 is bbox_chunks is instance of list? True
2024-03-14 11:18:01,076 is image_chunks is instance of list? True
2024-03-14 11:18:01,077 is input_dict is instance of dict? True
2024-03-14 11:18:03,681 Model Called
2024-03-14 11:18:03,682 RAM memory 68.2 used for Bill_Of_Landing_329_page_0.png:
2024-03-14 11:18:03,682 is all_predictions is instance of list? True
2024-03-14 11:18:03,682 is all_boxes is instance of list? True
2024-03-14 11:18:03,683 is all_confidences is instance of list? True
2024-03-14 11:18:03,683 is all_text is instance of list? True
2024-03-14 11:18:03,684 is label2id is instance of dict? True
2024-03-14 11:18:03,684 is id2label is instance of dict? True
2024-03-14 11:18:03,686 is label2color is instance of dict? True
2024-03-14 11:18:03,686 label2color : {'lc_date': '#594FAE', 'stamp': '#29C0CC', 'transaction_date': '#B91441', 'carriage_condition': '#1C4C17', 'carrier_address': '#FF6C3D', 'gross_weight': '#E7E18B', 'goods_description': '#9CEBA1', 'gross_quantity': '#CF5E20', 'consignee_address': '#0CAE3E', 'signature': '#1FFB5E', 'awb_original_or_copy': '#1B5AD2', 'declared_value_of_custom': '#DCC44B', 'carrier_name': '#FE10D8', 'at_place': '#4527ED', 'shipment_date': '#9E7ED2', 'shipper_address': '#3E5E8E', 'net_weight': '#279D20', 'consignee_name': '#DB22B5', 'invoice_number': '#14792F', 'awb_bill_no': '#A1A2C7', 'dimension': '#79D785', 'O': '#215195', 'declared_value_of_carriage': '#9198CA', 'final_destination': '#7AB918', 'awb_bill_issue_date': '#D08C31', 'lc_no': '#6BB932', 'signed_by_agent': '#06AE2A', 'flight_date': '#DFDC79', 'agent_address': '#DE58E2', 'freight_collect_or_prepaid': '#79B70E', 'flight_details': '#D3B975', 'notify_party_address': '#C2C74F', 'shipper_name': '#E01B1E', 'signed_by_carrier': '#7EB145', 'stamped_onboard_date': '#0F0FA3', 'awb_original_number': '#EAD449', 'flight_no': '#6A3A71', 'freight_collected_at': '#F2BCA3', 'amount_insurance': '#FABE51', 'house_awb_bill_no': '#D2952A', 'master_awb_bill_no': '#924996', 'airport_of_departure': '#DAF9F4', 'invoice_date': '#AFEE06', 'good_marks': '#7F2CA6', 'place_of_receipt': '#3B6B4D', 'agent_name': '#D0FA9B', 'signed_by_master': '#CFB5BF', 'airport_of_destination': '#59764F', 'master_name': '#CAA7B7', 'notify_party_name': '#B2C7BC'}
2024-03-14 11:18:03,968 is result_set is instance of dict? True
2024-03-14 11:18:03,970 is final_result_set is instance of dict? True
2024-03-14 11:18:04,228 Time taken for page 1 of Bill_Of_Landing_329_page_0.png:0:00:03.418343
2024-03-14 11:18:04,423 *****Generated All Pages****** for Bill_Of_Landing_329_page_0.png
2024-03-14 11:18:04,423 RAM memory 68.4 used for Bill_Of_Landing_329_page_0.png Generating All Pages:
2024-03-14 11:18:04,423 Processing time taken for all pages of Bill_Of_Landing_329_page_0.png1:0:00:03.613743
2024-03-14 11:18:04,565 file name is:Bill_Of_Landing_562_page_16.png
2024-03-14 11:18:04,565 folder path :Images
2024-03-14 11:18:04,565 Calling Image result
2024-03-14 11:18:04,565 is all_page_result is instance of dict? True
2024-03-14 11:18:04,566 STREAM b'IHDR' 16 13
2024-03-14 11:18:04,566 STREAM b'IDAT' 41 65536
2024-03-14 11:18:04,604 is words is instance of list? True
2024-03-14 11:18:04,604 is bboxes is instance of list? True
2024-03-14 11:18:04,605 is bounding_boxes is instance of list? True
2024-03-14 11:18:04,858 is input_id_chunks is instance of list? True
2024-03-14 11:18:04,858 is mask_chunks is instance of list? True
2024-03-14 11:18:04,858 is bbox_chunks is instance of list? True
2024-03-14 11:18:04,858 is image_chunks is instance of list? True
2024-03-14 11:18:04,859 is input_dict is instance of dict? True
2024-03-14 11:18:08,263 Model Called
2024-03-14 11:18:08,263 RAM memory 68.0 used for Bill_Of_Landing_562_page_16.png:
2024-03-14 11:18:08,263 is all_predictions is instance of list? True
2024-03-14 11:18:08,263 is all_boxes is instance of list? True
2024-03-14 11:18:08,263 is all_confidences is instance of list? True
2024-03-14 11:18:08,263 is all_text is instance of list? True
2024-03-14 11:18:08,264 is label2id is instance of dict? True
2024-03-14 11:18:08,264 is id2label is instance of dict? True
2024-03-14 11:18:08,265 is label2color is instance of dict? True
2024-03-14 11:18:08,265 label2color : {'lc_date': '#E012B6', 'stamp': '#541893', 'transaction_date': '#42BF48', 'carriage_condition': '#97D5CE', 'carrier_address': '#1B0A4F', 'gross_weight': '#E8331A', 'goods_description': '#E2C708', 'gross_quantity': '#9B7C99', 'consignee_address': '#0AF74B', 'signature': '#F8453C', 'awb_original_or_copy': '#75551D', 'declared_value_of_custom': '#3972BF', 'carrier_name': '#13F4C1', 'at_place': '#39481E', 'shipment_date': '#86B7F7', 'shipper_address': '#822C58', 'net_weight': '#F0322F', 'consignee_name': '#0926CE', 'invoice_number': '#EBD14D', 'awb_bill_no': '#426193', 'dimension': '#DD06C9', 'O': '#4F739C', 'declared_value_of_carriage': '#AB609E', 'final_destination': '#F86040', 'awb_bill_issue_date': '#C5981C', 'lc_no': '#6D8AC6', 'signed_by_agent': '#A7AE4B', 'flight_date': '#D9F905', 'agent_address': '#8DD224', 'freight_collect_or_prepaid': '#1D0A8D', 'flight_details': '#EBB004', 'notify_party_address': '#6277DA', 'shipper_name': '#6B710E', 'signed_by_carrier': '#E009FE', 'stamped_onboard_date': '#E596FC', 'awb_original_number': '#FBC845', 'flight_no': '#7B220F', 'freight_collected_at': '#69B63E', 'amount_insurance': '#794C52', 'house_awb_bill_no': '#8AD220', 'master_awb_bill_no': '#05D83F', 'airport_of_departure': '#E0CD43', 'invoice_date': '#8D528A', 'good_marks': '#D3A9C5', 'place_of_receipt': '#F4740B', 'agent_name': '#20A67D', 'signed_by_master': '#5081B9', 'airport_of_destination': '#9E5D65', 'master_name': '#184ACD', 'notify_party_name': '#AF56D9'}
2024-03-14 11:18:08,518 is result_set is instance of dict? True
2024-03-14 11:18:08,520 is final_result_set is instance of dict? True
2024-03-14 11:18:08,773 Time taken for page 1 of Bill_Of_Landing_562_page_16.png:0:00:04.206689
2024-03-14 11:18:08,956 *****Generated All Pages****** for Bill_Of_Landing_562_page_16.png
2024-03-14 11:18:08,956 RAM memory 68.2 used for Bill_Of_Landing_562_page_16.png Generating All Pages:
2024-03-14 11:18:08,956 Processing time taken for all pages of Bill_Of_Landing_562_page_16.png1:0:00:04.391162
2024-03-14 11:18:09,099 file name is:Bill_Of_Landing_562_page_10.png
2024-03-14 11:18:09,099 folder path :Images
2024-03-14 11:18:09,099 Calling Image result
2024-03-14 11:18:09,099 is all_page_result is instance of dict? True
2024-03-14 11:18:09,100 STREAM b'IHDR' 16 13
2024-03-14 11:18:09,100 STREAM b'IDAT' 41 65536
2024-03-14 11:18:09,135 is words is instance of list? True
2024-03-14 11:18:09,135 is bboxes is instance of list? True
2024-03-14 11:18:09,135 is bounding_boxes is instance of list? True
2024-03-14 11:18:09,382 is input_id_chunks is instance of list? True
2024-03-14 11:18:09,382 is mask_chunks is instance of list? True
2024-03-14 11:18:09,382 is bbox_chunks is instance of list? True
2024-03-14 11:18:09,382 is image_chunks is instance of list? True
2024-03-14 11:18:09,383 is input_dict is instance of dict? True
2024-03-14 11:18:12,492 Model Called
2024-03-14 11:18:12,492 RAM memory 68.3 used for Bill_Of_Landing_562_page_10.png:
2024-03-14 11:18:12,492 is all_predictions is instance of list? True
2024-03-14 11:18:12,492 is all_boxes is instance of list? True
2024-03-14 11:18:12,492 is all_confidences is instance of list? True
2024-03-14 11:18:12,492 is all_text is instance of list? True
2024-03-14 11:18:12,493 is label2id is instance of dict? True
2024-03-14 11:18:12,493 is id2label is instance of dict? True
2024-03-14 11:18:12,494 is label2color is instance of dict? True
2024-03-14 11:18:12,494 label2color : {'lc_date': '#074F8F', 'stamp': '#D257B5', 'transaction_date': '#13A8C1', 'carriage_condition': '#167DA0', 'carrier_address': '#402244', 'gross_weight': '#71480E', 'goods_description': '#3C9C22', 'gross_quantity': '#ABF267', 'consignee_address': '#C4674C', 'signature': '#738BD2', 'awb_original_or_copy': '#BE3C87', 'declared_value_of_custom': '#5944FE', 'carrier_name': '#9E028A', 'at_place': '#AE2405', 'shipment_date': '#063693', 'shipper_address': '#D8476C', 'net_weight': '#6DCF1C', 'consignee_name': '#07C497', 'invoice_number': '#E3F0FB', 'awb_bill_no': '#C98035', 'dimension': '#B03F29', 'O': '#91C6C5', 'declared_value_of_carriage': '#AD2A7E', 'final_destination': '#2A967C', 'awb_bill_issue_date': '#AF24D8', 'lc_no': '#4E7E58', 'signed_by_agent': '#C128EE', 'flight_date': '#A5CFAA', 'agent_address': '#61004B', 'freight_collect_or_prepaid': '#2A2581', 'flight_details': '#EE3964', 'notify_party_address': '#380D9A', 'shipper_name': '#B50D29', 'signed_by_carrier': '#2664B2', 'stamped_onboard_date': '#D9B31F', 'awb_original_number': '#8047DA', 'flight_no': '#FD9650', 'freight_collected_at': '#D7EDEB', 'amount_insurance': '#C80440', 'house_awb_bill_no': '#DEB13D', 'master_awb_bill_no': '#0F45AA', 'airport_of_departure': '#E0C8DE', 'invoice_date': '#0796B1', 'good_marks': '#F19359', 'place_of_receipt': '#BBADB7', 'agent_name': '#4940E3', 'signed_by_master': '#D9DB78', 'airport_of_destination': '#C7E173', 'master_name': '#A5AA70', 'notify_party_name': '#F92160'}
2024-03-14 11:18:12,686 is result_set is instance of dict? True
2024-03-14 11:18:12,688 is final_result_set is instance of dict? True
2024-03-14 11:18:12,912 Time taken for page 1 of Bill_Of_Landing_562_page_10.png:0:00:03.812274
2024-03-14 11:18:13,098 *****Generated All Pages****** for Bill_Of_Landing_562_page_10.png
2024-03-14 11:18:13,098 RAM memory 68.2 used for Bill_Of_Landing_562_page_10.png Generating All Pages:
2024-03-14 11:18:13,098 Processing time taken for all pages of Bill_Of_Landing_562_page_10.png1:0:00:03.998961
2024-03-14 11:18:13,265 file name is:Bill_Of_Landing_843_page_0.png
2024-03-14 11:18:13,265 folder path :Images
2024-03-14 11:18:13,265 Calling Image result
2024-03-14 11:18:13,265 is all_page_result is instance of dict? True
2024-03-14 11:18:13,266 STREAM b'IHDR' 16 13
2024-03-14 11:18:13,266 STREAM b'IDAT' 41 65536
2024-03-14 11:18:13,454 is words is instance of list? True
2024-03-14 11:18:13,455 is bboxes is instance of list? True
2024-03-14 11:18:13,455 is bounding_boxes is instance of list? True
2024-03-14 11:18:14,955 is input_id_chunks is instance of list? True
2024-03-14 11:18:14,955 is mask_chunks is instance of list? True
2024-03-14 11:18:14,955 is bbox_chunks is instance of list? True
2024-03-14 11:18:14,955 is image_chunks is instance of list? True
2024-03-14 11:18:14,955 is input_dict is instance of dict? True
2024-03-14 11:18:17,229 Model Called
2024-03-14 11:18:17,229 RAM memory 69.9 used for Bill_Of_Landing_843_page_0.png:
2024-03-14 11:18:17,229 is all_predictions is instance of list? True
2024-03-14 11:18:17,229 is all_boxes is instance of list? True
2024-03-14 11:18:17,229 is all_confidences is instance of list? True
2024-03-14 11:18:17,229 is all_text is instance of list? True
2024-03-14 11:18:17,230 is label2id is instance of dict? True
2024-03-14 11:18:17,230 is id2label is instance of dict? True
2024-03-14 11:18:17,231 is label2color is instance of dict? True
2024-03-14 11:18:17,231 label2color : {'lc_date': '#15B077', 'stamp': '#7CB4AA', 'transaction_date': '#349546', 'carriage_condition': '#C74114', 'carrier_address': '#1975CC', 'gross_weight': '#E4A123', 'goods_description': '#075021', 'gross_quantity': '#6A4B2C', 'consignee_address': '#1ADAFE', 'signature': '#F05440', 'awb_original_or_copy': '#6D4C2D', 'declared_value_of_custom': '#B8179B', 'carrier_name': '#7ED5B2', 'at_place': '#AC6ABA', 'shipment_date': '#029A99', 'shipper_address': '#6AE16E', 'net_weight': '#795703', 'consignee_name': '#60EDC6', 'invoice_number': '#D5CB63', 'awb_bill_no': '#261057', 'dimension': '#60DD70', 'O': '#50E255', 'declared_value_of_carriage': '#94E141', 'final_destination': '#A85DC0', 'awb_bill_issue_date': '#14596C', 'lc_no': '#33656D', 'signed_by_agent': '#F544CF', 'flight_date': '#894DFF', 'agent_address': '#341692', 'freight_collect_or_prepaid': '#C7CFA2', 'flight_details': '#292BC9', 'notify_party_address': '#65013D', 'shipper_name': '#7D398B', 'signed_by_carrier': '#C7C940', 'stamped_onboard_date': '#6E8DEB', 'awb_original_number': '#3ED27F', 'flight_no': '#6DFE5B', 'freight_collected_at': '#4CCF5A', 'amount_insurance': '#D357F8', 'house_awb_bill_no': '#078DDC', 'master_awb_bill_no': '#87844E', 'airport_of_departure': '#ADE0C3', 'invoice_date': '#E3397C', 'good_marks': '#33D8C4', 'place_of_receipt': '#37BD67', 'agent_name': '#9E69F5', 'signed_by_master': '#0867E3', 'airport_of_destination': '#DAEDCF', 'master_name': '#406CF2', 'notify_party_name': '#6F6012'}
2024-03-14 11:18:18,053 is result_set is instance of dict? True
2024-03-14 11:18:18,055 is final_result_set is instance of dict? True
2024-03-14 11:18:18,344 Time taken for page 1 of Bill_Of_Landing_843_page_0.png:0:00:05.077398
2024-03-14 11:18:18,850 *****Generated All Pages****** for Bill_Of_Landing_843_page_0.png
2024-03-14 11:18:18,850 RAM memory 69.7 used for Bill_Of_Landing_843_page_0.png Generating All Pages:
2024-03-14 11:18:18,850 Processing time taken for all pages of Bill_Of_Landing_843_page_0.png1:0:00:05.585124
2024-03-14 11:18:18,997 file name is:Packing_List_362_page_1.png
2024-03-14 11:18:18,997 folder path :Images
2024-03-14 11:18:18,998 Calling Image result
2024-03-14 11:18:18,998 is all_page_result is instance of dict? True
2024-03-14 11:18:18,998 STREAM b'IHDR' 16 13
2024-03-14 11:18:18,998 STREAM b'IDAT' 41 31793
2024-03-14 11:18:19,010 is words is instance of list? True
2024-03-14 11:18:19,010 is bboxes is instance of list? True
2024-03-14 11:18:19,010 is bounding_boxes is instance of list? True
2024-03-14 11:18:19,075 is input_id_chunks is instance of list? True
2024-03-14 11:18:19,075 is mask_chunks is instance of list? True
2024-03-14 11:18:19,075 is bbox_chunks is instance of list? True
2024-03-14 11:18:19,075 is image_chunks is instance of list? True
2024-03-14 11:18:19,076 is input_dict is instance of dict? True
2024-03-14 11:18:21,426 Model Called
2024-03-14 11:18:21,426 RAM memory 68.2 used for Packing_List_362_page_1.png:
2024-03-14 11:18:21,426 is all_predictions is instance of list? True
2024-03-14 11:18:21,426 is all_boxes is instance of list? True
2024-03-14 11:18:21,426 is all_confidences is instance of list? True
2024-03-14 11:18:21,427 is all_text is instance of list? True
2024-03-14 11:18:21,427 is label2id is instance of dict? True
2024-03-14 11:18:21,427 is id2label is instance of dict? True
2024-03-14 11:18:21,428 is label2color is instance of dict? True
2024-03-14 11:18:21,428 label2color : {'lc_date': '#4E9E8B', 'stamp': '#20F439', 'transaction_date': '#DE25AA', 'carriage_condition': '#EB2892', 'carrier_address': '#F759AE', 'gross_weight': '#D01526', 'goods_description': '#2DDBFD', 'gross_quantity': '#A61E4E', 'consignee_address': '#0FF08B', 'signature': '#69B72D', 'awb_original_or_copy': '#B5E44A', 'declared_value_of_custom': '#40DF7C', 'carrier_name': '#BA6165', 'at_place': '#733662', 'shipment_date': '#FAD030', 'shipper_address': '#383DF1', 'net_weight': '#8C88D8', 'consignee_name': '#5F90DB', 'invoice_number': '#1161FF', 'awb_bill_no': '#C14E95', 'dimension': '#D95627', 'O': '#D2AACE', 'declared_value_of_carriage': '#7583C9', 'final_destination': '#322D08', 'awb_bill_issue_date': '#CDA9A2', 'lc_no': '#FBE7C0', 'signed_by_agent': '#272ECB', 'flight_date': '#FF5B75', 'agent_address': '#3A0287', 'freight_collect_or_prepaid': '#6C082C', 'flight_details': '#8E4E7F', 'notify_party_address': '#3EDC26', 'shipper_name': '#1FD85D', 'signed_by_carrier': '#4DC24C', 'stamped_onboard_date': '#23E101', 'awb_original_number': '#504CA0', 'flight_no': '#A52624', 'freight_collected_at': '#CA355A', 'amount_insurance': '#A8DDC0', 'house_awb_bill_no': '#37E75A', 'master_awb_bill_no': '#88C0AF', 'airport_of_departure': '#373BF5', 'invoice_date': '#8D2C3E', 'good_marks': '#0C3701', 'place_of_receipt': '#9E6D35', 'agent_name': '#7D2EB7', 'signed_by_master': '#BD8801', 'airport_of_destination': '#C4B860', 'master_name': '#4754EC', 'notify_party_name': '#528721'}
2024-03-14 11:18:21,494 is result_set is instance of dict? True
2024-03-14 11:18:21,496 is final_result_set is instance of dict? True
2024-03-14 11:18:21,804 Time taken for page 1 of Packing_List_362_page_1.png:0:00:02.805570
2024-03-14 11:18:21,864 *****Generated All Pages****** for Packing_List_362_page_1.png
2024-03-14 11:18:21,864 RAM memory 68.1 used for Packing_List_362_page_1.png Generating All Pages:
2024-03-14 11:18:21,864 Processing time taken for all pages of Packing_List_362_page_1.png1:0:00:02.866748
2024-03-14 11:18:21,983 file name is:Bill_Of_Landing_562_page_11.png
2024-03-14 11:18:21,984 folder path :Images
2024-03-14 11:18:21,984 Calling Image result
2024-03-14 11:18:21,984 is all_page_result is instance of dict? True
2024-03-14 11:18:21,984 STREAM b'IHDR' 16 13
2024-03-14 11:18:21,984 STREAM b'IDAT' 41 65536
2024-03-14 11:18:22,019 is words is instance of list? True
2024-03-14 11:18:22,019 is bboxes is instance of list? True
2024-03-14 11:18:22,019 is bounding_boxes is instance of list? True
2024-03-14 11:18:22,217 is input_id_chunks is instance of list? True
2024-03-14 11:18:22,217 is mask_chunks is instance of list? True
2024-03-14 11:18:22,217 is bbox_chunks is instance of list? True
2024-03-14 11:18:22,217 is image_chunks is instance of list? True
2024-03-14 11:18:22,218 is input_dict is instance of dict? True
2024-03-14 11:18:24,855 Model Called
2024-03-14 11:18:24,856 RAM memory 68.7 used for Bill_Of_Landing_562_page_11.png:
2024-03-14 11:18:24,856 is all_predictions is instance of list? True
2024-03-14 11:18:24,856 is all_boxes is instance of list? True
2024-03-14 11:18:24,856 is all_confidences is instance of list? True
2024-03-14 11:18:24,856 is all_text is instance of list? True
2024-03-14 11:18:24,856 is label2id is instance of dict? True
2024-03-14 11:18:24,856 is id2label is instance of dict? True
2024-03-14 11:18:24,857 is label2color is instance of dict? True
2024-03-14 11:18:24,857 label2color : {'lc_date': '#DE68AD', 'stamp': '#A9F44A', 'transaction_date': '#133B7B', 'carriage_condition': '#B3AE3B', 'carrier_address': '#4AFFAB', 'gross_weight': '#F52B3D', 'goods_description': '#ED5D14', 'gross_quantity': '#99780B', 'consignee_address': '#3C4A4E', 'signature': '#2BE64D', 'awb_original_or_copy': '#CE4000', 'declared_value_of_custom': '#5F9769', 'carrier_name': '#9031E4', 'at_place': '#623E65', 'shipment_date': '#8CB1F6', 'shipper_address': '#12AD4F', 'net_weight': '#113797', 'consignee_name': '#E9CAA7', 'invoice_number': '#64343F', 'awb_bill_no': '#76C2EC', 'dimension': '#D65BC5', 'O': '#44E916', 'declared_value_of_carriage': '#E694FD', 'final_destination': '#726BD7', 'awb_bill_issue_date': '#0D0176', 'lc_no': '#A8594B', 'signed_by_agent': '#41170C', 'flight_date': '#2E10A9', 'agent_address': '#F88689', 'freight_collect_or_prepaid': '#FABE89', 'flight_details': '#412707', 'notify_party_address': '#12020B', 'shipper_name': '#1C36CB', 'signed_by_carrier': '#55BD63', 'stamped_onboard_date': '#F56049', 'awb_original_number': '#F54389', 'flight_no': '#B9FEA7', 'freight_collected_at': '#687483', 'amount_insurance': '#7954F4', 'house_awb_bill_no': '#20296B', 'master_awb_bill_no': '#6B6BE4', 'airport_of_departure': '#7287ED', 'invoice_date': '#DC4A11', 'good_marks': '#68305E', 'place_of_receipt': '#A66E99', 'agent_name': '#923E52', 'signed_by_master': '#FF3CD3', 'airport_of_destination': '#77A91A', 'master_name': '#78D3CC', 'notify_party_name': '#939006'}
2024-03-14 11:18:25,114 is result_set is instance of dict? True
2024-03-14 11:18:25,116 is final_result_set is instance of dict? True
2024-03-14 11:18:25,370 Time taken for page 1 of Bill_Of_Landing_562_page_11.png:0:00:03.385086
2024-03-14 11:18:25,547 *****Generated All Pages****** for Bill_Of_Landing_562_page_11.png
2024-03-14 11:18:25,548 RAM memory 68.6 used for Bill_Of_Landing_562_page_11.png Generating All Pages:
2024-03-14 11:18:25,548 Processing time taken for all pages of Bill_Of_Landing_562_page_11.png1:0:00:03.563785
2024-03-14 11:18:25,673 file name is:Bill_Of_Landing_695_page_0.png
2024-03-14 11:18:25,673 folder path :Images
2024-03-14 11:18:25,674 Calling Image result
2024-03-14 11:18:25,674 is all_page_result is instance of dict? True
2024-03-14 11:18:25,684 STREAM b'IHDR' 16 13
2024-03-14 11:18:25,684 STREAM b'PLTE' 41 768
2024-03-14 11:18:25,684 STREAM b'IDAT' 821 65536
2024-03-14 11:18:25,754 is words is instance of list? True
2024-03-14 11:18:25,754 is bboxes is instance of list? True
2024-03-14 11:18:25,755 is bounding_boxes is instance of list? True
2024-03-14 11:18:25,962 is input_id_chunks is instance of list? True
2024-03-14 11:18:25,962 is mask_chunks is instance of list? True
2024-03-14 11:18:25,962 is bbox_chunks is instance of list? True
2024-03-14 11:18:25,962 is image_chunks is instance of list? True
2024-03-14 11:18:25,962 is input_dict is instance of dict? True
2024-03-14 11:18:28,336 Model Called
2024-03-14 11:18:28,336 RAM memory 68.3 used for Bill_Of_Landing_695_page_0.png:
2024-03-14 11:18:28,336 is all_predictions is instance of list? True
2024-03-14 11:18:28,336 is all_boxes is instance of list? True
2024-03-14 11:18:28,336 is all_confidences is instance of list? True
2024-03-14 11:18:28,336 is all_text is instance of list? True
2024-03-14 11:18:28,337 is label2id is instance of dict? True
2024-03-14 11:18:28,337 is id2label is instance of dict? True
2024-03-14 11:18:28,338 is label2color is instance of dict? True
2024-03-14 11:18:28,338 label2color : {'lc_date': '#BCBCC1', 'stamp': '#2387C0', 'transaction_date': '#E09FA1', 'carriage_condition': '#7CE0D3', 'carrier_address': '#735327', 'gross_weight': '#32ED44', 'goods_description': '#FFBB25', 'gross_quantity': '#C20599', 'consignee_address': '#BFCE52', 'signature': '#2C9636', 'awb_original_or_copy': '#9513D1', 'declared_value_of_custom': '#E6AF67', 'carrier_name': '#2914A2', 'at_place': '#8EBE3E', 'shipment_date': '#341ECE', 'shipper_address': '#51AC8F', 'net_weight': '#9FF591', 'consignee_name': '#58FB72', 'invoice_number': '#8352AA', 'awb_bill_no': '#5381BC', 'dimension': '#424FCC', 'O': '#399232', 'declared_value_of_carriage': '#14C486', 'final_destination': '#E0B20D', 'awb_bill_issue_date': '#43FDE3', 'lc_no': '#2812B9', 'signed_by_agent': '#3AC94F', 'flight_date': '#AFE130', 'agent_address': '#9D09B8', 'freight_collect_or_prepaid': '#EE662F', 'flight_details': '#5499D0', 'notify_party_address': '#5CE609', 'shipper_name': '#0E40EF', 'signed_by_carrier': '#BE5821', 'stamped_onboard_date': '#F90A0D', 'awb_original_number': '#2EC18A', 'flight_no': '#D69B2F', 'freight_collected_at': '#70A666', 'amount_insurance': '#8DBC3C', 'house_awb_bill_no': '#F9F9BE', 'master_awb_bill_no': '#DE0384', 'airport_of_departure': '#CCF7B9', 'invoice_date': '#B4B16D', 'good_marks': '#DA6A38', 'place_of_receipt': '#A6C6A8', 'agent_name': '#A3558F', 'signed_by_master': '#E77806', 'airport_of_destination': '#6B3AC0', 'master_name': '#3BAC68', 'notify_party_name': '#44DD1F'}
2024-03-14 11:18:28,552 is result_set is instance of dict? True
2024-03-14 11:18:28,554 is final_result_set is instance of dict? True
2024-03-14 11:18:28,788 Time taken for page 1 of Bill_Of_Landing_695_page_0.png:0:00:03.103466
2024-03-14 11:18:29,574 *****Generated All Pages****** for Bill_Of_Landing_695_page_0.png
2024-03-14 11:18:29,574 RAM memory 68.3 used for Bill_Of_Landing_695_page_0.png Generating All Pages:
2024-03-14 11:18:29,574 Processing time taken for all pages of Bill_Of_Landing_695_page_0.png1:0:00:03.900514
2024-03-14 11:18:29,691 file name is:Bill_Of_Landing_354_page_4.png
2024-03-14 11:18:29,691 folder path :Images
2024-03-14 11:18:29,691 Calling Image result
2024-03-14 11:18:29,691 is all_page_result is instance of dict? True
2024-03-14 11:18:29,692 STREAM b'IHDR' 16 13
2024-03-14 11:18:29,692 STREAM b'IDAT' 41 65536
2024-03-14 11:18:29,727 is words is instance of list? True
2024-03-14 11:18:29,727 is bboxes is instance of list? True
2024-03-14 11:18:29,727 is bounding_boxes is instance of list? True
2024-03-14 11:18:29,931 is input_id_chunks is instance of list? True
2024-03-14 11:18:29,931 is mask_chunks is instance of list? True
2024-03-14 11:18:29,931 is bbox_chunks is instance of list? True
2024-03-14 11:18:29,931 is image_chunks is instance of list? True
2024-03-14 11:18:29,932 is input_dict is instance of dict? True
2024-03-14 11:18:32,296 Model Called
2024-03-14 11:18:32,297 RAM memory 68.0 used for Bill_Of_Landing_354_page_4.png:
2024-03-14 11:18:32,297 is all_predictions is instance of list? True
2024-03-14 11:18:32,297 is all_boxes is instance of list? True
2024-03-14 11:18:32,297 is all_confidences is instance of list? True
2024-03-14 11:18:32,297 is all_text is instance of list? True
2024-03-14 11:18:32,297 is label2id is instance of dict? True
2024-03-14 11:18:32,297 is id2label is instance of dict? True
2024-03-14 11:18:32,298 is label2color is instance of dict? True
2024-03-14 11:18:32,298 label2color : {'lc_date': '#636A92', 'stamp': '#E80E4A', 'transaction_date': '#AD3DC4', 'carriage_condition': '#6D1404', 'carrier_address': '#750DA8', 'gross_weight': '#73F7EC', 'goods_description': '#BFC596', 'gross_quantity': '#A91BA6', 'consignee_address': '#8865FE', 'signature': '#82C475', 'awb_original_or_copy': '#61E49E', 'declared_value_of_custom': '#514EC2', 'carrier_name': '#A6A111', 'at_place': '#892462', 'shipment_date': '#730E84', 'shipper_address': '#D70FA4', 'net_weight': '#619D3E', 'consignee_name': '#9FA729', 'invoice_number': '#39FB3F', 'awb_bill_no': '#DB28E6', 'dimension': '#B26E68', 'O': '#1772C8', 'declared_value_of_carriage': '#4EA9F2', 'final_destination': '#9B35BE', 'awb_bill_issue_date': '#90A88C', 'lc_no': '#292768', 'signed_by_agent': '#94FB63', 'flight_date': '#5E6C85', 'agent_address': '#50D070', 'freight_collect_or_prepaid': '#F2AE1C', 'flight_details': '#67205B', 'notify_party_address': '#F5FBED', 'shipper_name': '#7A41EC', 'signed_by_carrier': '#FA1156', 'stamped_onboard_date': '#B70846', 'awb_original_number': '#E763EC', 'flight_no': '#FD63E0', 'freight_collected_at': '#0AA62C', 'amount_insurance': '#91CC25', 'house_awb_bill_no': '#F9E8C1', 'master_awb_bill_no': '#EC6445', 'airport_of_departure': '#44634E', 'invoice_date': '#6817BC', 'good_marks': '#80080A', 'place_of_receipt': '#8FF2C5', 'agent_name': '#2E0061', 'signed_by_master': '#4284CD', 'airport_of_destination': '#771DEE', 'master_name': '#16BCB9', 'notify_party_name': '#FF82AE'}
2024-03-14 11:18:32,483 is result_set is instance of dict? True
2024-03-14 11:18:32,485 is final_result_set is instance of dict? True
2024-03-14 11:18:32,657 Time taken for page 1 of Bill_Of_Landing_354_page_4.png:0:00:02.964788
2024-03-14 11:18:32,805 *****Generated All Pages****** for Bill_Of_Landing_354_page_4.png
2024-03-14 11:18:32,805 RAM memory 68.0 used for Bill_Of_Landing_354_page_4.png Generating All Pages:
2024-03-14 11:18:32,805 Processing time taken for all pages of Bill_Of_Landing_354_page_4.png1:0:00:03.113725
2024-03-14 11:18:32,926 file name is:Bill_Of_Landing_253_page_0.png
2024-03-14 11:18:32,926 folder path :Images
2024-03-14 11:18:32,926 Calling Image result
2024-03-14 11:18:32,926 is all_page_result is instance of dict? True
2024-03-14 11:18:32,927 STREAM b'IHDR' 16 13
2024-03-14 11:18:32,927 STREAM b'IDAT' 41 65536
2024-03-14 11:18:32,962 is words is instance of list? True
2024-03-14 11:18:32,963 is bboxes is instance of list? True
2024-03-14 11:18:32,963 is bounding_boxes is instance of list? True
2024-03-14 11:18:33,170 is input_id_chunks is instance of list? True
2024-03-14 11:18:33,170 is mask_chunks is instance of list? True
2024-03-14 11:18:33,170 is bbox_chunks is instance of list? True
2024-03-14 11:18:33,170 is image_chunks is instance of list? True
2024-03-14 11:18:33,172 is input_dict is instance of dict? True
2024-03-14 11:18:37,804 Model Called
2024-03-14 11:18:37,805 RAM memory 81.0 used for Bill_Of_Landing_253_page_0.png:
2024-03-14 11:18:37,805 is all_predictions is instance of list? True
2024-03-14 11:18:37,805 is all_boxes is instance of list? True
2024-03-14 11:18:37,805 is all_confidences is instance of list? True
2024-03-14 11:18:37,805 is all_text is instance of list? True
2024-03-14 11:18:37,805 is label2id is instance of dict? True
2024-03-14 11:18:37,805 is id2label is instance of dict? True
2024-03-14 11:18:37,806 is label2color is instance of dict? True
2024-03-14 11:18:37,806 label2color : {'lc_date': '#E5EE87', 'stamp': '#F0C3DA', 'transaction_date': '#11FE3C', 'carriage_condition': '#7C3ED3', 'carrier_address': '#E3BAD1', 'gross_weight': '#5036F3', 'goods_description': '#35B3D6', 'gross_quantity': '#E1D0E1', 'consignee_address': '#2DCE21', 'signature': '#26E1ED', 'awb_original_or_copy': '#AF7F31', 'declared_value_of_custom': '#150801', 'carrier_name': '#50F41A', 'at_place': '#31807E', 'shipment_date': '#C0318B', 'shipper_address': '#C9A29E', 'net_weight': '#A9902A', 'consignee_name': '#79C3C7', 'invoice_number': '#4D49D2', 'awb_bill_no': '#672A62', 'dimension': '#E8578D', 'O': '#43A816', 'declared_value_of_carriage': '#7FED0C', 'final_destination': '#7F0F2B', 'awb_bill_issue_date': '#B79021', 'lc_no': '#960400', 'signed_by_agent': '#1705F1', 'flight_date': '#26EF51', 'agent_address': '#8DA806', 'freight_collect_or_prepaid': '#A9A51B', 'flight_details': '#3E93B3', 'notify_party_address': '#2B8758', 'shipper_name': '#1BCF59', 'signed_by_carrier': '#6ACDE2', 'stamped_onboard_date': '#8058D3', 'awb_original_number': '#CCFAC8', 'flight_no': '#32C6F6', 'freight_collected_at': '#3EF453', 'amount_insurance': '#0972AE', 'house_awb_bill_no': '#493B91', 'master_awb_bill_no': '#6E02EA', 'airport_of_departure': '#219480', 'invoice_date': '#4E6D8F', 'good_marks': '#61CDC8', 'place_of_receipt': '#98F586', 'agent_name': '#DD6331', 'signed_by_master': '#7DBF0A', 'airport_of_destination': '#676855', 'master_name': '#0248EA', 'notify_party_name': '#99C32F'}
2024-03-14 11:18:38,122 is result_set is instance of dict? True
2024-03-14 11:18:38,125 is final_result_set is instance of dict? True
2024-03-14 11:18:38,402 Time taken for page 1 of Bill_Of_Landing_253_page_0.png:0:00:05.474668
2024-03-14 11:18:38,588 *****Generated All Pages****** for Bill_Of_Landing_253_page_0.png
2024-03-14 11:18:38,588 RAM memory 80.9 used for Bill_Of_Landing_253_page_0.png Generating All Pages:
2024-03-14 11:18:38,588 Processing time taken for all pages of Bill_Of_Landing_253_page_0.png1:0:00:05.661895
2024-03-14 11:18:38,733 file name is:Bill_Of_Landing_538_page_0.png
2024-03-14 11:18:38,734 folder path :Images
2024-03-14 11:18:38,734 Calling Image result
2024-03-14 11:18:38,734 is all_page_result is instance of dict? True
2024-03-14 11:18:38,734 STREAM b'IHDR' 16 13
2024-03-14 11:18:38,734 STREAM b'IDAT' 41 65536
2024-03-14 11:18:38,767 is words is instance of list? True
2024-03-14 11:18:38,767 is bboxes is instance of list? True
2024-03-14 11:18:38,767 is bounding_boxes is instance of list? True
2024-03-14 11:18:39,012 is input_id_chunks is instance of list? True
2024-03-14 11:18:39,013 is mask_chunks is instance of list? True
2024-03-14 11:18:39,013 is bbox_chunks is instance of list? True
2024-03-14 11:18:39,013 is image_chunks is instance of list? True
2024-03-14 11:18:39,013 is input_dict is instance of dict? True
2024-03-14 11:18:41,286 Model Called
2024-03-14 11:18:41,286 RAM memory 67.9 used for Bill_Of_Landing_538_page_0.png:
2024-03-14 11:18:41,286 is all_predictions is instance of list? True
2024-03-14 11:18:41,286 is all_boxes is instance of list? True
2024-03-14 11:18:41,286 is all_confidences is instance of list? True
2024-03-14 11:18:41,286 is all_text is instance of list? True
2024-03-14 11:18:41,286 is label2id is instance of dict? True
2024-03-14 11:18:41,286 is id2label is instance of dict? True
2024-03-14 11:18:41,287 is label2color is instance of dict? True
2024-03-14 11:18:41,287 label2color : {'lc_date': '#B90E95', 'stamp': '#3C49BC', 'transaction_date': '#43FE11', 'carriage_condition': '#6E549D', 'carrier_address': '#846C52', 'gross_weight': '#AE95C0', 'goods_description': '#728A90', 'gross_quantity': '#ED0E80', 'consignee_address': '#550569', 'signature': '#C14175', 'awb_original_or_copy': '#028160', 'declared_value_of_custom': '#D9CC7B', 'carrier_name': '#73B94A', 'at_place': '#07CD8B', 'shipment_date': '#C527F2', 'shipper_address': '#6C30FC', 'net_weight': '#749781', 'consignee_name': '#6CFBF2', 'invoice_number': '#011946', 'awb_bill_no': '#B08AB4', 'dimension': '#1BF710', 'O': '#AF637D', 'declared_value_of_carriage': '#25D32C', 'final_destination': '#A94AD9', 'awb_bill_issue_date': '#9F8662', 'lc_no': '#C30D16', 'signed_by_agent': '#6D36DE', 'flight_date': '#77D171', 'agent_address': '#E4117D', 'freight_collect_or_prepaid': '#EC613B', 'flight_details': '#A0F417', 'notify_party_address': '#5CA5DC', 'shipper_name': '#9BA6A1', 'signed_by_carrier': '#57973D', 'stamped_onboard_date': '#26C7D9', 'awb_original_number': '#8842C3', 'flight_no': '#D3CE29', 'freight_collected_at': '#A645A6', 'amount_insurance': '#77C9E1', 'house_awb_bill_no': '#145321', 'master_awb_bill_no': '#15C9BB', 'airport_of_departure': '#283573', 'invoice_date': '#60498A', 'good_marks': '#BAC7F4', 'place_of_receipt': '#B384A0', 'agent_name': '#C0D972', 'signed_by_master': '#0BD327', 'airport_of_destination': '#1E75ED', 'master_name': '#4C67C6', 'notify_party_name': '#4DE861'}
2024-03-14 11:18:41,472 is result_set is instance of dict? True
2024-03-14 11:18:41,474 is final_result_set is instance of dict? True
2024-03-14 11:18:41,688 Time taken for page 1 of Bill_Of_Landing_538_page_0.png:0:00:02.953731
2024-03-14 11:18:41,828 *****Generated All Pages****** for Bill_Of_Landing_538_page_0.png
2024-03-14 11:18:41,829 RAM memory 68.0 used for Bill_Of_Landing_538_page_0.png Generating All Pages:
2024-03-14 11:18:41,829 Processing time taken for all pages of Bill_Of_Landing_538_page_0.png1:0:00:03.095011
2024-03-14 11:18:41,956 file name is:Bill_Of_Landing_511_page_3.png
2024-03-14 11:18:41,956 folder path :Images
2024-03-14 11:18:41,956 Calling Image result
2024-03-14 11:18:41,956 is all_page_result is instance of dict? True
2024-03-14 11:18:41,957 STREAM b'IHDR' 16 13
2024-03-14 11:18:41,957 STREAM b'IDAT' 41 65536
2024-03-14 11:18:41,991 is words is instance of list? True
2024-03-14 11:18:41,991 is bboxes is instance of list? True
2024-03-14 11:18:41,991 is bounding_boxes is instance of list? True
2024-03-14 11:18:42,194 is input_id_chunks is instance of list? True
2024-03-14 11:18:42,194 is mask_chunks is instance of list? True
2024-03-14 11:18:42,194 is bbox_chunks is instance of list? True
2024-03-14 11:18:42,194 is image_chunks is instance of list? True
2024-03-14 11:18:42,195 is input_dict is instance of dict? True
2024-03-14 11:18:44,497 Model Called
2024-03-14 11:18:44,497 RAM memory 67.9 used for Bill_Of_Landing_511_page_3.png:
2024-03-14 11:18:44,497 is all_predictions is instance of list? True
2024-03-14 11:18:44,497 is all_boxes is instance of list? True
2024-03-14 11:18:44,497 is all_confidences is instance of list? True
2024-03-14 11:18:44,497 is all_text is instance of list? True
2024-03-14 11:18:44,498 is label2id is instance of dict? True
2024-03-14 11:18:44,498 is id2label is instance of dict? True
2024-03-14 11:18:44,499 is label2color is instance of dict? True
2024-03-14 11:18:44,499 label2color : {'lc_date': '#AA325A', 'stamp': '#F85923', 'transaction_date': '#D859B8', 'carriage_condition': '#5A4223', 'carrier_address': '#8E463E', 'gross_weight': '#56A14C', 'goods_description': '#2E8175', 'gross_quantity': '#9CC243', 'consignee_address': '#F6D11C', 'signature': '#DD6721', 'awb_original_or_copy': '#C493A8', 'declared_value_of_custom': '#72AAB3', 'carrier_name': '#EA3AF6', 'at_place': '#DA6D93', 'shipment_date': '#45F330', 'shipper_address': '#398303', 'net_weight': '#826558', 'consignee_name': '#9CB59B', 'invoice_number': '#CE06F2', 'awb_bill_no': '#3DBEDE', 'dimension': '#67AE0C', 'O': '#0FE3C8', 'declared_value_of_carriage': '#703921', 'final_destination': '#82C818', 'awb_bill_issue_date': '#ABCF00', 'lc_no': '#EB9720', 'signed_by_agent': '#49A398', 'flight_date': '#93A535', 'agent_address': '#D9A811', 'freight_collect_or_prepaid': '#5E1F33', 'flight_details': '#2EF713', 'notify_party_address': '#F01EF5', 'shipper_name': '#DB5B07', 'signed_by_carrier': '#414DB4', 'stamped_onboard_date': '#FE3A20', 'awb_original_number': '#B663E6', 'flight_no': '#1E3776', 'freight_collected_at': '#05893D', 'amount_insurance': '#44FCBA', 'house_awb_bill_no': '#FAF35C', 'master_awb_bill_no': '#5E0A1D', 'airport_of_departure': '#9CEA40', 'invoice_date': '#30C8FC', 'good_marks': '#21AC29', 'place_of_receipt': '#A3651E', 'agent_name': '#04D9A6', 'signed_by_master': '#3AF97E', 'airport_of_destination': '#2F2263', 'master_name': '#36E5C8', 'notify_party_name': '#4B2E82'}
2024-03-14 11:18:44,688 is result_set is instance of dict? True
2024-03-14 11:18:44,691 is final_result_set is instance of dict? True
2024-03-14 11:18:45,063 Time taken for page 1 of Bill_Of_Landing_511_page_3.png:0:00:03.106065
2024-03-14 11:18:45,210 *****Generated All Pages****** for Bill_Of_Landing_511_page_3.png
2024-03-14 11:18:45,211 RAM memory 67.9 used for Bill_Of_Landing_511_page_3.png Generating All Pages:
2024-03-14 11:18:45,211 Processing time taken for all pages of Bill_Of_Landing_511_page_3.png1:0:00:03.254334
2024-03-14 11:18:45,335 file name is:Bill_Of_Landing_562_page_25.png
2024-03-14 11:18:45,335 folder path :Images
2024-03-14 11:18:45,335 Calling Image result
2024-03-14 11:18:45,335 is all_page_result is instance of dict? True
2024-03-14 11:18:45,336 STREAM b'IHDR' 16 13
2024-03-14 11:18:45,336 STREAM b'IDAT' 41 65536
2024-03-14 11:18:45,369 is words is instance of list? True
2024-03-14 11:18:45,369 is bboxes is instance of list? True
2024-03-14 11:18:45,369 is bounding_boxes is instance of list? True
2024-03-14 11:18:45,569 is input_id_chunks is instance of list? True
2024-03-14 11:18:45,569 is mask_chunks is instance of list? True
2024-03-14 11:18:45,569 is bbox_chunks is instance of list? True
2024-03-14 11:18:45,569 is image_chunks is instance of list? True
2024-03-14 11:18:45,570 is input_dict is instance of dict? True
2024-03-14 11:18:47,867 Model Called
2024-03-14 11:18:47,867 RAM memory 68.4 used for Bill_Of_Landing_562_page_25.png:
2024-03-14 11:18:47,868 is all_predictions is instance of list? True
2024-03-14 11:18:47,868 is all_boxes is instance of list? True
2024-03-14 11:18:47,868 is all_confidences is instance of list? True
2024-03-14 11:18:47,868 is all_text is instance of list? True
2024-03-14 11:18:47,868 is label2id is instance of dict? True
2024-03-14 11:18:47,868 is id2label is instance of dict? True
2024-03-14 11:18:47,869 is label2color is instance of dict? True
2024-03-14 11:18:47,869 label2color : {'lc_date': '#1A46BC', 'stamp': '#F36801', 'transaction_date': '#4A45ED', 'carriage_condition': '#1093BD', 'carrier_address': '#55334D', 'gross_weight': '#B199E3', 'goods_description': '#763467', 'gross_quantity': '#164674', 'consignee_address': '#82696A', 'signature': '#D91BA9', 'awb_original_or_copy': '#F7610A', 'declared_value_of_custom': '#380C0B', 'carrier_name': '#2BD8E1', 'at_place': '#684FF8', 'shipment_date': '#898B85', 'shipper_address': '#6E5C27', 'net_weight': '#6BF4CA', 'consignee_name': '#C4AB5D', 'invoice_number': '#C108A1', 'awb_bill_no': '#29709D', 'dimension': '#9CF23E', 'O': '#73153D', 'declared_value_of_carriage': '#F289F5', 'final_destination': '#117F8A', 'awb_bill_issue_date': '#F7428A', 'lc_no': '#49FE26', 'signed_by_agent': '#26683B', 'flight_date': '#C37DF6', 'agent_address': '#7702CC', 'freight_collect_or_prepaid': '#00EF9A', 'flight_details': '#BC33EA', 'notify_party_address': '#68A6DB', 'shipper_name': '#DC5942', 'signed_by_carrier': '#92FE7C', 'stamped_onboard_date': '#599CE2', 'awb_original_number': '#017952', 'flight_no': '#242DC5', 'freight_collected_at': '#A97C2F', 'amount_insurance': '#24809F', 'house_awb_bill_no': '#84E5FD', 'master_awb_bill_no': '#25E7CC', 'airport_of_departure': '#435A7A', 'invoice_date': '#AE6E4A', 'good_marks': '#D7427A', 'place_of_receipt': '#A48928', 'agent_name': '#8A87A2', 'signed_by_master': '#5F23B3', 'airport_of_destination': '#F0A1C2', 'master_name': '#706D9D', 'notify_party_name': '#2FC861'}
2024-03-14 11:18:48,059 is result_set is instance of dict? True
2024-03-14 11:18:48,060 is final_result_set is instance of dict? True
2024-03-14 11:18:48,283 Time taken for page 1 of Bill_Of_Landing_562_page_25.png:0:00:02.947161
2024-03-14 11:18:48,428 *****Generated All Pages****** for Bill_Of_Landing_562_page_25.png
2024-03-14 11:18:48,428 RAM memory 68.4 used for Bill_Of_Landing_562_page_25.png Generating All Pages:
2024-03-14 11:18:48,428 Processing time taken for all pages of Bill_Of_Landing_562_page_25.png1:0:00:03.093290
2024-03-14 11:18:48,552 file name is:Bill_Of_Landing_470_page_0.png
2024-03-14 11:18:48,552 folder path :Images
2024-03-14 11:18:48,552 Calling Image result
2024-03-14 11:18:48,552 is all_page_result is instance of dict? True
2024-03-14 11:18:48,553 STREAM b'IHDR' 16 13
2024-03-14 11:18:48,553 STREAM b'IDAT' 41 65536
2024-03-14 11:18:48,583 is words is instance of list? True
2024-03-14 11:18:48,583 is bboxes is instance of list? True
2024-03-14 11:18:48,583 is bounding_boxes is instance of list? True
2024-03-14 11:18:48,788 is input_id_chunks is instance of list? True
2024-03-14 11:18:48,788 is mask_chunks is instance of list? True
2024-03-14 11:18:48,788 is bbox_chunks is instance of list? True
2024-03-14 11:18:48,788 is image_chunks is instance of list? True
2024-03-14 11:18:48,789 is input_dict is instance of dict? True
2024-03-14 11:18:51,062 Model Called
2024-03-14 11:18:51,062 RAM memory 67.6 used for Bill_Of_Landing_470_page_0.png:
2024-03-14 11:18:51,062 is all_predictions is instance of list? True
2024-03-14 11:18:51,062 is all_boxes is instance of list? True
2024-03-14 11:18:51,062 is all_confidences is instance of list? True
2024-03-14 11:18:51,062 is all_text is instance of list? True
2024-03-14 11:18:51,062 is label2id is instance of dict? True
2024-03-14 11:18:51,063 is id2label is instance of dict? True
2024-03-14 11:18:51,063 is label2color is instance of dict? True
2024-03-14 11:18:51,064 label2color : {'lc_date': '#64776F', 'stamp': '#B88BD3', 'transaction_date': '#16954A', 'carriage_condition': '#5A5A25', 'carrier_address': '#3898A6', 'gross_weight': '#17E2DB', 'goods_description': '#0235B9', 'gross_quantity': '#6A46B4', 'consignee_address': '#EFF73C', 'signature': '#607B37', 'awb_original_or_copy': '#A1B834', 'declared_value_of_custom': '#7D908A', 'carrier_name': '#3EE3F8', 'at_place': '#7C63F2', 'shipment_date': '#62A147', 'shipper_address': '#685657', 'net_weight': '#616F6D', 'consignee_name': '#5A0A56', 'invoice_number': '#876F9E', 'awb_bill_no': '#9FE157', 'dimension': '#850711', 'O': '#C25FC0', 'declared_value_of_carriage': '#27538D', 'final_destination': '#B1FEAE', 'awb_bill_issue_date': '#D8EFAF', 'lc_no': '#6B320D', 'signed_by_agent': '#E224AB', 'flight_date': '#97CA4E', 'agent_address': '#9910F1', 'freight_collect_or_prepaid': '#92F5AD', 'flight_details': '#E06D61', 'notify_party_address': '#208C58', 'shipper_name': '#0B25FD', 'signed_by_carrier': '#F949B3', 'stamped_onboard_date': '#6FAACC', 'awb_original_number': '#6ACE63', 'flight_no': '#EB56A7', 'freight_collected_at': '#B5573D', 'amount_insurance': '#1D78DB', 'house_awb_bill_no': '#A7E0B2', 'master_awb_bill_no': '#F22F9A', 'airport_of_departure': '#1E48B8', 'invoice_date': '#72C6A7', 'good_marks': '#320192', 'place_of_receipt': '#519CAC', 'agent_name': '#4CCFF7', 'signed_by_master': '#FAB806', 'airport_of_destination': '#995E1D', 'master_name': '#4FDE1E', 'notify_party_name': '#552F89'}
2024-03-14 11:18:51,256 is result_set is instance of dict? True
2024-03-14 11:18:51,258 is final_result_set is instance of dict? True
2024-03-14 11:18:51,465 Time taken for page 1 of Bill_Of_Landing_470_page_0.png:0:00:02.912482
2024-03-14 11:18:51,637 *****Generated All Pages****** for Bill_Of_Landing_470_page_0.png
2024-03-14 11:18:51,637 RAM memory 67.9 used for Bill_Of_Landing_470_page_0.png Generating All Pages:
2024-03-14 11:18:51,637 Processing time taken for all pages of Bill_Of_Landing_470_page_0.png1:0:00:03.084935
2024-03-14 11:18:51,759 file name is:Bill_Of_Landing_562_page_29.png
2024-03-14 11:18:51,759 folder path :Images
2024-03-14 11:18:51,759 Calling Image result
2024-03-14 11:18:51,760 is all_page_result is instance of dict? True
2024-03-14 11:18:51,760 STREAM b'IHDR' 16 13
2024-03-14 11:18:51,760 STREAM b'IDAT' 41 59792
2024-03-14 11:18:51,795 is words is instance of list? True
2024-03-14 11:18:51,796 is bboxes is instance of list? True
2024-03-14 11:18:51,796 is bounding_boxes is instance of list? True
2024-03-14 11:18:52,004 is input_id_chunks is instance of list? True
2024-03-14 11:18:52,004 is mask_chunks is instance of list? True
2024-03-14 11:18:52,004 is bbox_chunks is instance of list? True
2024-03-14 11:18:52,004 is image_chunks is instance of list? True
2024-03-14 11:18:52,005 is input_dict is instance of dict? True
2024-03-14 11:18:54,314 Model Called
2024-03-14 11:18:54,315 RAM memory 67.5 used for Bill_Of_Landing_562_page_29.png:
2024-03-14 11:18:54,315 is all_predictions is instance of list? True
2024-03-14 11:18:54,315 is all_boxes is instance of list? True
2024-03-14 11:18:54,315 is all_confidences is instance of list? True
2024-03-14 11:18:54,315 is all_text is instance of list? True
2024-03-14 11:18:54,315 is label2id is instance of dict? True
2024-03-14 11:18:54,315 is id2label is instance of dict? True
2024-03-14 11:18:54,316 is label2color is instance of dict? True
2024-03-14 11:18:54,316 label2color : {'lc_date': '#615C62', 'stamp': '#DA174D', 'transaction_date': '#5E27B5', 'carriage_condition': '#57F1D6', 'carrier_address': '#9B7532', 'gross_weight': '#B29A73', 'goods_description': '#112517', 'gross_quantity': '#028DAB', 'consignee_address': '#CC5A8B', 'signature': '#242EF9', 'awb_original_or_copy': '#1B7738', 'declared_value_of_custom': '#905961', 'carrier_name': '#B624A4', 'at_place': '#8AEC0A', 'shipment_date': '#05E6B1', 'shipper_address': '#BF01DC', 'net_weight': '#ACD2D4', 'consignee_name': '#6EC91C', 'invoice_number': '#BD092D', 'awb_bill_no': '#F6AA7D', 'dimension': '#15B1F3', 'O': '#47D021', 'declared_value_of_carriage': '#64D064', 'final_destination': '#828939', 'awb_bill_issue_date': '#518B0A', 'lc_no': '#D4E0C0', 'signed_by_agent': '#2A7E8F', 'flight_date': '#F60CCD', 'agent_address': '#5A3BAC', 'freight_collect_or_prepaid': '#A5503A', 'flight_details': '#9CE4D2', 'notify_party_address': '#646F7D', 'shipper_name': '#E361D6', 'signed_by_carrier': '#6311BB', 'stamped_onboard_date': '#5613DC', 'awb_original_number': '#FD2EC8', 'flight_no': '#6864DE', 'freight_collected_at': '#BAC2DC', 'amount_insurance': '#6F7745', 'house_awb_bill_no': '#1C05AE', 'master_awb_bill_no': '#00128E', 'airport_of_departure': '#FA4B11', 'invoice_date': '#C7AB21', 'good_marks': '#73566A', 'place_of_receipt': '#88120B', 'agent_name': '#48A280', 'signed_by_master': '#F6739F', 'airport_of_destination': '#C99814', 'master_name': '#8117B2', 'notify_party_name': '#A154CF'}
2024-03-14 11:18:54,512 is result_set is instance of dict? True
2024-03-14 11:18:54,514 is final_result_set is instance of dict? True
2024-03-14 11:18:54,743 Time taken for page 1 of Bill_Of_Landing_562_page_29.png:0:00:02.982286
2024-03-14 11:18:54,913 *****Generated All Pages****** for Bill_Of_Landing_562_page_29.png
2024-03-14 11:18:54,913 RAM memory 67.6 used for Bill_Of_Landing_562_page_29.png Generating All Pages:
2024-03-14 11:18:54,913 Processing time taken for all pages of Bill_Of_Landing_562_page_29.png1:0:00:03.153788
2024-03-14 11:18:55,033 file name is:Bill_Of_Landing_562_page_28.png
2024-03-14 11:18:55,033 folder path :Images
2024-03-14 11:18:55,033 Calling Image result
2024-03-14 11:18:55,033 is all_page_result is instance of dict? True
2024-03-14 11:18:55,033 STREAM b'IHDR' 16 13
2024-03-14 11:18:55,034 STREAM b'IDAT' 41 60708
2024-03-14 11:18:55,065 is words is instance of list? True
2024-03-14 11:18:55,065 is bboxes is instance of list? True
2024-03-14 11:18:55,066 is bounding_boxes is instance of list? True
2024-03-14 11:18:55,269 is input_id_chunks is instance of list? True
2024-03-14 11:18:55,269 is mask_chunks is instance of list? True
2024-03-14 11:18:55,269 is bbox_chunks is instance of list? True
2024-03-14 11:18:55,269 is image_chunks is instance of list? True
2024-03-14 11:18:55,270 is input_dict is instance of dict? True
2024-03-14 11:18:57,562 Model Called
2024-03-14 11:18:57,562 RAM memory 67.7 used for Bill_Of_Landing_562_page_28.png:
2024-03-14 11:18:57,562 is all_predictions is instance of list? True
2024-03-14 11:18:57,563 is all_boxes is instance of list? True
2024-03-14 11:18:57,563 is all_confidences is instance of list? True
2024-03-14 11:18:57,563 is all_text is instance of list? True
2024-03-14 11:18:57,563 is label2id is instance of dict? True
2024-03-14 11:18:57,563 is id2label is instance of dict? True
2024-03-14 11:18:57,564 is label2color is instance of dict? True
2024-03-14 11:18:57,564 label2color : {'lc_date': '#9F48B1', 'stamp': '#FDD3FB', 'transaction_date': '#5FA848', 'carriage_condition': '#8C4E47', 'carrier_address': '#39B638', 'gross_weight': '#DC5310', 'goods_description': '#281264', 'gross_quantity': '#69BFAA', 'consignee_address': '#484DA6', 'signature': '#6E0D7D', 'awb_original_or_copy': '#B88F80', 'declared_value_of_custom': '#AED5F1', 'carrier_name': '#453FC8', 'at_place': '#2C8C03', 'shipment_date': '#6E6F2E', 'shipper_address': '#F04905', 'net_weight': '#BE59F7', 'consignee_name': '#E84DC9', 'invoice_number': '#4D0A44', 'awb_bill_no': '#9C5776', 'dimension': '#D94BE4', 'O': '#4FDE87', 'declared_value_of_carriage': '#5A05F4', 'final_destination': '#D056F5', 'awb_bill_issue_date': '#8A0650', 'lc_no': '#CF506B', 'signed_by_agent': '#40839D', 'flight_date': '#E0C132', 'agent_address': '#2578D4', 'freight_collect_or_prepaid': '#FF5ECC', 'flight_details': '#EDAB01', 'notify_party_address': '#74BD1D', 'shipper_name': '#6B2EA7', 'signed_by_carrier': '#A23F86', 'stamped_onboard_date': '#812D5F', 'awb_original_number': '#828A93', 'flight_no': '#0B560E', 'freight_collected_at': '#79CBDC', 'amount_insurance': '#F78F12', 'house_awb_bill_no': '#C81534', 'master_awb_bill_no': '#71124C', 'airport_of_departure': '#77F511', 'invoice_date': '#7A7E35', 'good_marks': '#CA255D', 'place_of_receipt': '#62148A', 'agent_name': '#66E185', 'signed_by_master': '#F17E81', 'airport_of_destination': '#939BAC', 'master_name': '#7717B5', 'notify_party_name': '#8AB103'}
2024-03-14 11:18:57,752 is result_set is instance of dict? True
2024-03-14 11:18:57,754 is final_result_set is instance of dict? True
2024-03-14 11:18:57,982 Time taken for page 1 of Bill_Of_Landing_562_page_28.png:0:00:02.948691
2024-03-14 11:18:58,121 *****Generated All Pages****** for Bill_Of_Landing_562_page_28.png
2024-03-14 11:18:58,121 RAM memory 67.6 used for Bill_Of_Landing_562_page_28.png Generating All Pages:
2024-03-14 11:18:58,121 Processing time taken for all pages of Bill_Of_Landing_562_page_28.png1:0:00:03.088225
2024-03-14 11:18:58,244 file name is:Bill_Of_Landing_562_page_19.png
2024-03-14 11:18:58,245 folder path :Images
2024-03-14 11:18:58,245 Calling Image result
2024-03-14 11:18:58,245 is all_page_result is instance of dict? True
2024-03-14 11:18:58,245 STREAM b'IHDR' 16 13
2024-03-14 11:18:58,246 STREAM b'IDAT' 41 65536
2024-03-14 11:18:58,278 is words is instance of list? True
2024-03-14 11:18:58,278 is bboxes is instance of list? True
2024-03-14 11:18:58,278 is bounding_boxes is instance of list? True
2024-03-14 11:18:58,475 is input_id_chunks is instance of list? True
2024-03-14 11:18:58,475 is mask_chunks is instance of list? True
2024-03-14 11:18:58,475 is bbox_chunks is instance of list? True
2024-03-14 11:18:58,475 is image_chunks is instance of list? True
2024-03-14 11:18:58,476 is input_dict is instance of dict? True
2024-03-14 11:19:00,759 Model Called
2024-03-14 11:19:00,759 RAM memory 67.7 used for Bill_Of_Landing_562_page_19.png:
2024-03-14 11:19:00,759 is all_predictions is instance of list? True
2024-03-14 11:19:00,759 is all_boxes is instance of list? True
2024-03-14 11:19:00,759 is all_confidences is instance of list? True
2024-03-14 11:19:00,759 is all_text is instance of list? True
2024-03-14 11:19:00,760 is label2id is instance of dict? True
2024-03-14 11:19:00,760 is id2label is instance of dict? True
2024-03-14 11:19:00,761 is label2color is instance of dict? True
2024-03-14 11:19:00,761 label2color : {'lc_date': '#81EFA0', 'stamp': '#5C5FE9', 'transaction_date': '#FD2867', 'carriage_condition': '#D1F928', 'carrier_address': '#49B682', 'gross_weight': '#499DEA', 'goods_description': '#31CD69', 'gross_quantity': '#5519F3', 'consignee_address': '#8E8421', 'signature': '#F7BCE4', 'awb_original_or_copy': '#442049', 'declared_value_of_custom': '#767748', 'carrier_name': '#A4E642', 'at_place': '#7F8F26', 'shipment_date': '#4289D5', 'shipper_address': '#255468', 'net_weight': '#6E47A0', 'consignee_name': '#BE8B3B', 'invoice_number': '#4A7B1C', 'awb_bill_no': '#4AFC30', 'dimension': '#B578C5', 'O': '#1968F5', 'declared_value_of_carriage': '#7C387E', 'final_destination': '#AA333B', 'awb_bill_issue_date': '#78FBC0', 'lc_no': '#6A2CC1', 'signed_by_agent': '#0912AB', 'flight_date': '#932C0D', 'agent_address': '#D51DAC', 'freight_collect_or_prepaid': '#2CC13F', 'flight_details': '#06359D', 'notify_party_address': '#AEF9A3', 'shipper_name': '#B8A179', 'signed_by_carrier': '#4E0E61', 'stamped_onboard_date': '#89E5A2', 'awb_original_number': '#9F4C60', 'flight_no': '#C62C8B', 'freight_collected_at': '#6A3AC5', 'amount_insurance': '#6519E3', 'house_awb_bill_no': '#44308A', 'master_awb_bill_no': '#42EE34', 'airport_of_departure': '#4460D8', 'invoice_date': '#DD5F4D', 'good_marks': '#D122AC', 'place_of_receipt': '#F05D74', 'agent_name': '#AD4F90', 'signed_by_master': '#50E634', 'airport_of_destination': '#F09472', 'master_name': '#02F141', 'notify_party_name': '#13443C'}
2024-03-14 11:19:00,952 is result_set is instance of dict? True
2024-03-14 11:19:00,954 is final_result_set is instance of dict? True
2024-03-14 11:19:01,182 Time taken for page 1 of Bill_Of_Landing_562_page_19.png:0:00:02.936442
2024-03-14 11:19:01,334 *****Generated All Pages****** for Bill_Of_Landing_562_page_19.png
2024-03-14 11:19:01,334 RAM memory 67.7 used for Bill_Of_Landing_562_page_19.png Generating All Pages:
2024-03-14 11:19:01,334 Processing time taken for all pages of Bill_Of_Landing_562_page_19.png1:0:00:03.089398
2024-03-14 11:19:01,445 file name is:Bill_Of_Landing_292_page_0.png
2024-03-14 11:19:01,445 folder path :Images
2024-03-14 11:19:01,445 Calling Image result
2024-03-14 11:19:01,445 is all_page_result is instance of dict? True
2024-03-14 11:19:01,446 STREAM b'IHDR' 16 13
2024-03-14 11:19:01,446 STREAM b'IDAT' 41 62739
2024-03-14 11:19:01,479 is words is instance of list? True
2024-03-14 11:19:01,479 is bboxes is instance of list? True
2024-03-14 11:19:01,480 is bounding_boxes is instance of list? True
2024-03-14 11:19:01,684 is input_id_chunks is instance of list? True
2024-03-14 11:19:01,684 is mask_chunks is instance of list? True
2024-03-14 11:19:01,684 is bbox_chunks is instance of list? True
2024-03-14 11:19:01,684 is image_chunks is instance of list? True
2024-03-14 11:19:01,685 is input_dict is instance of dict? True
2024-03-14 11:19:04,068 Model Called
2024-03-14 11:19:04,069 RAM memory 68.0 used for Bill_Of_Landing_292_page_0.png:
2024-03-14 11:19:04,069 is all_predictions is instance of list? True
2024-03-14 11:19:04,069 is all_boxes is instance of list? True
2024-03-14 11:19:04,069 is all_confidences is instance of list? True
2024-03-14 11:19:04,069 is all_text is instance of list? True
2024-03-14 11:19:04,069 is label2id is instance of dict? True
2024-03-14 11:19:04,069 is id2label is instance of dict? True
2024-03-14 11:19:04,070 is label2color is instance of dict? True
2024-03-14 11:19:04,070 label2color : {'lc_date': '#F57D46', 'stamp': '#214DEF', 'transaction_date': '#A58191', 'carriage_condition': '#5BAD1C', 'carrier_address': '#0EDF2B', 'gross_weight': '#F9BDC3', 'goods_description': '#F8AA9F', 'gross_quantity': '#9A4BAC', 'consignee_address': '#2CC500', 'signature': '#B0CDC7', 'awb_original_or_copy': '#01F090', 'declared_value_of_custom': '#A2E1C6', 'carrier_name': '#80B26E', 'at_place': '#4C0BD2', 'shipment_date': '#746021', 'shipper_address': '#DE9486', 'net_weight': '#0509E2', 'consignee_name': '#E59957', 'invoice_number': '#8275E8', 'awb_bill_no': '#ECC58C', 'dimension': '#B61E39', 'O': '#D5C32A', 'declared_value_of_carriage': '#C0A8BA', 'final_destination': '#135CEB', 'awb_bill_issue_date': '#23EB4E', 'lc_no': '#EDD45D', 'signed_by_agent': '#985DB7', 'flight_date': '#1B4D2B', 'agent_address': '#B9A26E', 'freight_collect_or_prepaid': '#CEFD31', 'flight_details': '#9D4B95', 'notify_party_address': '#606AEC', 'shipper_name': '#CF1065', 'signed_by_carrier': '#76EF32', 'stamped_onboard_date': '#1ACD26', 'awb_original_number': '#73B6D6', 'flight_no': '#5F8C66', 'freight_collected_at': '#B68340', 'amount_insurance': '#51B7BF', 'house_awb_bill_no': '#443BBB', 'master_awb_bill_no': '#51F787', 'airport_of_departure': '#20AF11', 'invoice_date': '#37B641', 'good_marks': '#DBE4B5', 'place_of_receipt': '#5B00D0', 'agent_name': '#5F3741', 'signed_by_master': '#33FFA2', 'airport_of_destination': '#936F70', 'master_name': '#987BC9', 'notify_party_name': '#26744B'}
2024-03-14 11:19:04,258 is result_set is instance of dict? True
2024-03-14 11:19:04,259 is final_result_set is instance of dict? True
2024-03-14 11:19:04,498 Time taken for page 1 of Bill_Of_Landing_292_page_0.png:0:00:03.051955
2024-03-14 11:19:04,666 *****Generated All Pages****** for Bill_Of_Landing_292_page_0.png
2024-03-14 11:19:04,667 RAM memory 68.0 used for Bill_Of_Landing_292_page_0.png Generating All Pages:
2024-03-14 11:19:04,667 Processing time taken for all pages of Bill_Of_Landing_292_page_0.png1:0:00:03.221765
2024-03-14 11:19:04,777 file name is:Bill_Of_Landing_521_page_4.png
2024-03-14 11:19:04,777 folder path :Images
2024-03-14 11:19:04,777 Calling Image result
2024-03-14 11:19:04,777 is all_page_result is instance of dict? True
2024-03-14 11:19:04,799 STREAM b'IHDR' 16 13
2024-03-14 11:19:04,799 STREAM b'IDAT' 41 65536
2024-03-14 11:19:04,839 is words is instance of list? True
2024-03-14 11:19:04,839 is bboxes is instance of list? True
2024-03-14 11:19:04,839 is bounding_boxes is instance of list? True
2024-03-14 11:19:05,048 is input_id_chunks is instance of list? True
2024-03-14 11:19:05,048 is mask_chunks is instance of list? True
2024-03-14 11:19:05,048 is bbox_chunks is instance of list? True
2024-03-14 11:19:05,048 is image_chunks is instance of list? True
2024-03-14 11:19:05,049 is input_dict is instance of dict? True
2024-03-14 11:19:07,337 Model Called
2024-03-14 11:19:07,337 RAM memory 67.7 used for Bill_Of_Landing_521_page_4.png:
2024-03-14 11:19:07,337 is all_predictions is instance of list? True
2024-03-14 11:19:07,337 is all_boxes is instance of list? True
2024-03-14 11:19:07,337 is all_confidences is instance of list? True
2024-03-14 11:19:07,337 is all_text is instance of list? True
2024-03-14 11:19:07,338 is label2id is instance of dict? True
2024-03-14 11:19:07,338 is id2label is instance of dict? True
2024-03-14 11:19:07,338 is label2color is instance of dict? True
2024-03-14 11:19:07,339 label2color : {'lc_date': '#A30361', 'stamp': '#95141E', 'transaction_date': '#E8AFCD', 'carriage_condition': '#60DDCB', 'carrier_address': '#F625DC', 'gross_weight': '#68BFEE', 'goods_description': '#8C1365', 'gross_quantity': '#74EE98', 'consignee_address': '#31C34B', 'signature': '#23DE2E', 'awb_original_or_copy': '#19B201', 'declared_value_of_custom': '#5CD052', 'carrier_name': '#565B04', 'at_place': '#5A2EFE', 'shipment_date': '#7B4BB0', 'shipper_address': '#253065', 'net_weight': '#C2D485', 'consignee_name': '#ACE071', 'invoice_number': '#2234E6', 'awb_bill_no': '#710B7E', 'dimension': '#D9F841', 'O': '#F0A73D', 'declared_value_of_carriage': '#A840C2', 'final_destination': '#1F837C', 'awb_bill_issue_date': '#13742E', 'lc_no': '#302E5E', 'signed_by_agent': '#CF517C', 'flight_date': '#750780', 'agent_address': '#2E1130', 'freight_collect_or_prepaid': '#7A1D2A', 'flight_details': '#611788', 'notify_party_address': '#19E25E', 'shipper_name': '#1FE8D4', 'signed_by_carrier': '#4364D5', 'stamped_onboard_date': '#6CADB9', 'awb_original_number': '#BE9346', 'flight_no': '#8DA287', 'freight_collected_at': '#2F5E59', 'amount_insurance': '#DA4156', 'house_awb_bill_no': '#C953A7', 'master_awb_bill_no': '#9D387B', 'airport_of_departure': '#D8A934', 'invoice_date': '#CEADF3', 'good_marks': '#9C61EA', 'place_of_receipt': '#5EE5B5', 'agent_name': '#EA3D7B', 'signed_by_master': '#9CBB71', 'airport_of_destination': '#66DB53', 'master_name': '#57D864', 'notify_party_name': '#1333DB'}
2024-03-14 11:19:07,531 is result_set is instance of dict? True
2024-03-14 11:19:07,533 is final_result_set is instance of dict? True
2024-03-14 11:19:07,767 Time taken for page 1 of Bill_Of_Landing_521_page_4.png:0:00:02.967319
2024-03-14 11:19:07,934 *****Generated All Pages****** for Bill_Of_Landing_521_page_4.png
2024-03-14 11:19:07,934 RAM memory 67.9 used for Bill_Of_Landing_521_page_4.png Generating All Pages:
2024-03-14 11:19:07,934 Processing time taken for all pages of Bill_Of_Landing_521_page_4.png1:0:00:03.157239
2024-03-14 11:19:08,054 file name is:Bill_Of_Landing_471_page_0.png
2024-03-14 11:19:08,055 folder path :Images
2024-03-14 11:19:08,055 Calling Image result
2024-03-14 11:19:08,055 is all_page_result is instance of dict? True
2024-03-14 11:19:08,055 STREAM b'IHDR' 16 13
2024-03-14 11:19:08,055 STREAM b'IDAT' 41 65536
2024-03-14 11:19:08,090 is words is instance of list? True
2024-03-14 11:19:08,090 is bboxes is instance of list? True
2024-03-14 11:19:08,090 is bounding_boxes is instance of list? True
2024-03-14 11:19:08,297 is input_id_chunks is instance of list? True
2024-03-14 11:19:08,297 is mask_chunks is instance of list? True
2024-03-14 11:19:08,297 is bbox_chunks is instance of list? True
2024-03-14 11:19:08,297 is image_chunks is instance of list? True
2024-03-14 11:19:08,298 is input_dict is instance of dict? True
2024-03-14 11:19:12,221 Model Called
2024-03-14 11:19:12,221 RAM memory 75.2 used for Bill_Of_Landing_471_page_0.png:
2024-03-14 11:19:12,221 is all_predictions is instance of list? True
2024-03-14 11:19:12,221 is all_boxes is instance of list? True
2024-03-14 11:19:12,221 is all_confidences is instance of list? True
2024-03-14 11:19:12,221 is all_text is instance of list? True
2024-03-14 11:19:12,221 is label2id is instance of dict? True
2024-03-14 11:19:12,221 is id2label is instance of dict? True
2024-03-14 11:19:12,222 is label2color is instance of dict? True
2024-03-14 11:19:12,222 label2color : {'lc_date': '#3BD128', 'stamp': '#A9CBBF', 'transaction_date': '#714629', 'carriage_condition': '#D5477E', 'carrier_address': '#C781F2', 'gross_weight': '#50CE9A', 'goods_description': '#A85B6F', 'gross_quantity': '#04E6DD', 'consignee_address': '#0A4A72', 'signature': '#9A202B', 'awb_original_or_copy': '#E9F1F0', 'declared_value_of_custom': '#E85BED', 'carrier_name': '#8FCBD2', 'at_place': '#B9DB13', 'shipment_date': '#B85E60', 'shipper_address': '#04C474', 'net_weight': '#DB76B2', 'consignee_name': '#193E84', 'invoice_number': '#E637BA', 'awb_bill_no': '#70ADEF', 'dimension': '#B74A19', 'O': '#AC2AC9', 'declared_value_of_carriage': '#7393F1', 'final_destination': '#731D50', 'awb_bill_issue_date': '#062F28', 'lc_no': '#E9F588', 'signed_by_agent': '#33E10E', 'flight_date': '#C126DD', 'agent_address': '#640602', 'freight_collect_or_prepaid': '#599054', 'flight_details': '#FBA156', 'notify_party_address': '#7F342C', 'shipper_name': '#9AB065', 'signed_by_carrier': '#CA329E', 'stamped_onboard_date': '#015367', 'awb_original_number': '#AB88F1', 'flight_no': '#32C5B3', 'freight_collected_at': '#AE9C6E', 'amount_insurance': '#5A8BF0', 'house_awb_bill_no': '#A7F594', 'master_awb_bill_no': '#0FC743', 'airport_of_departure': '#1B44DC', 'invoice_date': '#AF91ED', 'good_marks': '#AEBFAD', 'place_of_receipt': '#8D8393', 'agent_name': '#40ED1B', 'signed_by_master': '#1EA9E9', 'airport_of_destination': '#27A383', 'master_name': '#3D329E', 'notify_party_name': '#782A7A'}
2024-03-14 11:19:12,500 is result_set is instance of dict? True
2024-03-14 11:19:12,503 is final_result_set is instance of dict? True
2024-03-14 11:19:12,858 Time taken for page 1 of Bill_Of_Landing_471_page_0.png:0:00:04.802933
2024-03-14 11:19:13,048 *****Generated All Pages****** for Bill_Of_Landing_471_page_0.png
2024-03-14 11:19:13,048 RAM memory 75.3 used for Bill_Of_Landing_471_page_0.png Generating All Pages:
2024-03-14 11:19:13,048 Processing time taken for all pages of Bill_Of_Landing_471_page_0.png1:0:00:04.993249
2024-03-14 11:19:13,221 file name is:Bill_Of_Landing_739_page_0.png
2024-03-14 11:19:13,221 folder path :Images
2024-03-14 11:19:13,221 Calling Image result
2024-03-14 11:19:13,221 is all_page_result is instance of dict? True
2024-03-14 11:19:13,222 STREAM b'IHDR' 16 13
2024-03-14 11:19:13,222 STREAM b'IDAT' 41 65536
2024-03-14 11:19:13,258 is words is instance of list? True
2024-03-14 11:19:13,258 is bboxes is instance of list? True
2024-03-14 11:19:13,258 is bounding_boxes is instance of list? True
2024-03-14 11:19:13,455 is input_id_chunks is instance of list? True
2024-03-14 11:19:13,455 is mask_chunks is instance of list? True
2024-03-14 11:19:13,455 is bbox_chunks is instance of list? True
2024-03-14 11:19:13,455 is image_chunks is instance of list? True
2024-03-14 11:19:13,455 is input_dict is instance of dict? True
2024-03-14 11:19:15,782 Model Called
2024-03-14 11:19:15,782 RAM memory 70.6 used for Bill_Of_Landing_739_page_0.png:
2024-03-14 11:19:15,782 is all_predictions is instance of list? True
2024-03-14 11:19:15,782 is all_boxes is instance of list? True
2024-03-14 11:19:15,782 is all_confidences is instance of list? True
2024-03-14 11:19:15,782 is all_text is instance of list? True
2024-03-14 11:19:15,783 is label2id is instance of dict? True
2024-03-14 11:19:15,783 is id2label is instance of dict? True
2024-03-14 11:19:15,784 is label2color is instance of dict? True
2024-03-14 11:19:15,784 label2color : {'lc_date': '#80F005', 'stamp': '#0EF0AA', 'transaction_date': '#1A0512', 'carriage_condition': '#AD2B0A', 'carrier_address': '#17B5AE', 'gross_weight': '#1F5D1A', 'goods_description': '#DB50AD', 'gross_quantity': '#CDB819', 'consignee_address': '#1B39A9', 'signature': '#E00FB7', 'awb_original_or_copy': '#1889A7', 'declared_value_of_custom': '#F04E96', 'carrier_name': '#666D86', 'at_place': '#BD5720', 'shipment_date': '#05BE41', 'shipper_address': '#EC393B', 'net_weight': '#A7C399', 'consignee_name': '#A87631', 'invoice_number': '#313C8D', 'awb_bill_no': '#D9979B', 'dimension': '#94CC84', 'O': '#2BCFD2', 'declared_value_of_carriage': '#B8A98F', 'final_destination': '#53122D', 'awb_bill_issue_date': '#23F038', 'lc_no': '#9D8526', 'signed_by_agent': '#B73CDD', 'flight_date': '#748002', 'agent_address': '#C2BD3A', 'freight_collect_or_prepaid': '#18C66A', 'flight_details': '#D324A9', 'notify_party_address': '#B7CED2', 'shipper_name': '#C377FC', 'signed_by_carrier': '#1B16F6', 'stamped_onboard_date': '#483D87', 'awb_original_number': '#8C19B3', 'flight_no': '#68DEE7', 'freight_collected_at': '#B3DE17', 'amount_insurance': '#83C768', 'house_awb_bill_no': '#33CE16', 'master_awb_bill_no': '#C0CA3A', 'airport_of_departure': '#63E458', 'invoice_date': '#27A976', 'good_marks': '#5FEABE', 'place_of_receipt': '#F4B724', 'agent_name': '#D536D9', 'signed_by_master': '#3D364C', 'airport_of_destination': '#D620F7', 'master_name': '#C0EC09', 'notify_party_name': '#7F59C0'}
2024-03-14 11:19:15,967 is result_set is instance of dict? True
2024-03-14 11:19:15,968 is final_result_set is instance of dict? True
2024-03-14 11:19:16,265 Time taken for page 1 of Bill_Of_Landing_739_page_0.png:0:00:03.042795
2024-03-14 11:19:16,426 *****Generated All Pages****** for Bill_Of_Landing_739_page_0.png
2024-03-14 11:19:16,426 RAM memory 70.6 used for Bill_Of_Landing_739_page_0.png Generating All Pages:
2024-03-14 11:19:16,426 Processing time taken for all pages of Bill_Of_Landing_739_page_0.png1:0:00:03.204900
2024-03-14 11:19:16,548 file name is:Bill_Of_Landing_562_page_27.png
2024-03-14 11:19:16,549 folder path :Images
2024-03-14 11:19:16,549 Calling Image result
2024-03-14 11:19:16,549 is all_page_result is instance of dict? True
2024-03-14 11:19:16,549 STREAM b'IHDR' 16 13
2024-03-14 11:19:16,549 STREAM b'IDAT' 41 60831
2024-03-14 11:19:16,583 is words is instance of list? True
2024-03-14 11:19:16,583 is bboxes is instance of list? True
2024-03-14 11:19:16,583 is bounding_boxes is instance of list? True
2024-03-14 11:19:16,790 is input_id_chunks is instance of list? True
2024-03-14 11:19:16,791 is mask_chunks is instance of list? True
2024-03-14 11:19:16,791 is bbox_chunks is instance of list? True
2024-03-14 11:19:16,791 is image_chunks is instance of list? True
2024-03-14 11:19:16,791 is input_dict is instance of dict? True
2024-03-14 11:19:19,147 Model Called
2024-03-14 11:19:19,147 RAM memory 69.9 used for Bill_Of_Landing_562_page_27.png:
2024-03-14 11:19:19,147 is all_predictions is instance of list? True
2024-03-14 11:19:19,147 is all_boxes is instance of list? True
2024-03-14 11:19:19,147 is all_confidences is instance of list? True
2024-03-14 11:19:19,147 is all_text is instance of list? True
2024-03-14 11:19:19,148 is label2id is instance of dict? True
2024-03-14 11:19:19,148 is id2label is instance of dict? True
2024-03-14 11:19:19,149 is label2color is instance of dict? True
2024-03-14 11:19:19,149 label2color : {'lc_date': '#B1529F', 'stamp': '#7F39AA', 'transaction_date': '#DF2F82', 'carriage_condition': '#4E2B4B', 'carrier_address': '#DF4B20', 'gross_weight': '#44DE69', 'goods_description': '#16F06A', 'gross_quantity': '#7EBDC9', 'consignee_address': '#2220EA', 'signature': '#097885', 'awb_original_or_copy': '#7461DD', 'declared_value_of_custom': '#E3E7DB', 'carrier_name': '#B74197', 'at_place': '#C13717', 'shipment_date': '#361F69', 'shipper_address': '#56569C', 'net_weight': '#297B19', 'consignee_name': '#E18866', 'invoice_number': '#84853E', 'awb_bill_no': '#8D27AC', 'dimension': '#4D13C0', 'O': '#834AC6', 'declared_value_of_carriage': '#B597D7', 'final_destination': '#69997A', 'awb_bill_issue_date': '#0D6FE9', 'lc_no': '#572A8D', 'signed_by_agent': '#45218D', 'flight_date': '#95F679', 'agent_address': '#2860C9', 'freight_collect_or_prepaid': '#A67B75', 'flight_details': '#3104A4', 'notify_party_address': '#2BEC41', 'shipper_name': '#8BB568', 'signed_by_carrier': '#2B84A3', 'stamped_onboard_date': '#485A17', 'awb_original_number': '#2F20A7', 'flight_no': '#BA8019', 'freight_collected_at': '#60EB3F', 'amount_insurance': '#7873FC', 'house_awb_bill_no': '#43D510', 'master_awb_bill_no': '#E493CF', 'airport_of_departure': '#246181', 'invoice_date': '#D8E428', 'good_marks': '#0C30AB', 'place_of_receipt': '#493331', 'agent_name': '#1E62ED', 'signed_by_master': '#89FD81', 'airport_of_destination': '#9C54F4', 'master_name': '#EA22B2', 'notify_party_name': '#90DCF6'}
2024-03-14 11:19:19,334 is result_set is instance of dict? True
2024-03-14 11:19:19,336 is final_result_set is instance of dict? True
2024-03-14 11:19:19,623 Time taken for page 1 of Bill_Of_Landing_562_page_27.png:0:00:03.073213
2024-03-14 11:19:19,771 *****Generated All Pages****** for Bill_Of_Landing_562_page_27.png
2024-03-14 11:19:19,771 RAM memory 70.0 used for Bill_Of_Landing_562_page_27.png Generating All Pages:
2024-03-14 11:19:19,771 Processing time taken for all pages of Bill_Of_Landing_562_page_27.png1:0:00:03.222775
2024-03-14 11:19:19,889 file name is:Bill_Of_Landing_273_page_1.png
2024-03-14 11:19:19,889 folder path :Images
2024-03-14 11:19:19,890 Calling Image result
2024-03-14 11:19:19,890 is all_page_result is instance of dict? True
2024-03-14 11:19:19,890 STREAM b'IHDR' 16 13
2024-03-14 11:19:19,890 STREAM b'IDAT' 41 59161
2024-03-14 11:19:19,925 is words is instance of list? True
2024-03-14 11:19:19,925 is bboxes is instance of list? True
2024-03-14 11:19:19,925 is bounding_boxes is instance of list? True
2024-03-14 11:19:20,133 is input_id_chunks is instance of list? True
2024-03-14 11:19:20,133 is mask_chunks is instance of list? True
2024-03-14 11:19:20,133 is bbox_chunks is instance of list? True
2024-03-14 11:19:20,133 is image_chunks is instance of list? True
2024-03-14 11:19:20,133 is input_dict is instance of dict? True
2024-03-14 11:19:22,405 Model Called
2024-03-14 11:19:22,405 RAM memory 69.8 used for Bill_Of_Landing_273_page_1.png:
2024-03-14 11:19:22,405 is all_predictions is instance of list? True
2024-03-14 11:19:22,405 is all_boxes is instance of list? True
2024-03-14 11:19:22,405 is all_confidences is instance of list? True
2024-03-14 11:19:22,405 is all_text is instance of list? True
2024-03-14 11:19:22,405 is label2id is instance of dict? True
2024-03-14 11:19:22,406 is id2label is instance of dict? True
2024-03-14 11:19:22,406 is label2color is instance of dict? True
2024-03-14 11:19:22,407 label2color : {'lc_date': '#AA1D40', 'stamp': '#2998C3', 'transaction_date': '#69FF5C', 'carriage_condition': '#9DF942', 'carrier_address': '#634A6F', 'gross_weight': '#4D9B4A', 'goods_description': '#8C551E', 'gross_quantity': '#039658', 'consignee_address': '#21FD85', 'signature': '#DCA208', 'awb_original_or_copy': '#DC8F73', 'declared_value_of_custom': '#47F824', 'carrier_name': '#9CEA22', 'at_place': '#E722F9', 'shipment_date': '#DDF7B8', 'shipper_address': '#B27CA3', 'net_weight': '#80F465', 'consignee_name': '#0192E6', 'invoice_number': '#94F82B', 'awb_bill_no': '#A6F3F0', 'dimension': '#83E0CC', 'O': '#089126', 'declared_value_of_carriage': '#047A81', 'final_destination': '#E8CB40', 'awb_bill_issue_date': '#FE31FA', 'lc_no': '#3A4479', 'signed_by_agent': '#D4BDBF', 'flight_date': '#20138F', 'agent_address': '#00108C', 'freight_collect_or_prepaid': '#95DB3D', 'flight_details': '#AAFC41', 'notify_party_address': '#6142CF', 'shipper_name': '#74D3DB', 'signed_by_carrier': '#F1BE25', 'stamped_onboard_date': '#AB50E0', 'awb_original_number': '#5E5A1E', 'flight_no': '#C86D5F', 'freight_collected_at': '#3E5D43', 'amount_insurance': '#6F3542', 'house_awb_bill_no': '#BF024C', 'master_awb_bill_no': '#9B9215', 'airport_of_departure': '#B9E1FA', 'invoice_date': '#D991FC', 'good_marks': '#DA942D', 'place_of_receipt': '#49C747', 'agent_name': '#1C720C', 'signed_by_master': '#40D940', 'airport_of_destination': '#1477B4', 'master_name': '#22F673', 'notify_party_name': '#8BE26A'}
2024-03-14 11:19:22,590 is result_set is instance of dict? True
2024-03-14 11:19:22,592 is final_result_set is instance of dict? True
2024-03-14 11:19:22,866 Time taken for page 1 of Bill_Of_Landing_273_page_1.png:0:00:02.975684
2024-03-14 11:19:23,011 *****Generated All Pages****** for Bill_Of_Landing_273_page_1.png
2024-03-14 11:19:23,011 RAM memory 69.9 used for Bill_Of_Landing_273_page_1.png Generating All Pages:
2024-03-14 11:19:23,011 Processing time taken for all pages of Bill_Of_Landing_273_page_1.png1:0:00:03.121366
2024-03-14 11:19:23,130 file name is:Bill_Of_Landing_585_page_0.png
2024-03-14 11:19:23,130 folder path :Images
2024-03-14 11:19:23,130 Calling Image result
2024-03-14 11:19:23,130 is all_page_result is instance of dict? True
2024-03-14 11:19:23,131 STREAM b'IHDR' 16 13
2024-03-14 11:19:23,131 STREAM b'IDAT' 41 65536
2024-03-14 11:19:23,164 is words is instance of list? True
2024-03-14 11:19:23,164 is bboxes is instance of list? True
2024-03-14 11:19:23,165 is bounding_boxes is instance of list? True
2024-03-14 11:19:23,364 is input_id_chunks is instance of list? True
2024-03-14 11:19:23,364 is mask_chunks is instance of list? True
2024-03-14 11:19:23,364 is bbox_chunks is instance of list? True
2024-03-14 11:19:23,364 is image_chunks is instance of list? True
2024-03-14 11:19:23,364 is input_dict is instance of dict? True
2024-03-14 11:19:25,634 Model Called
2024-03-14 11:19:25,634 RAM memory 69.9 used for Bill_Of_Landing_585_page_0.png:
2024-03-14 11:19:25,634 is all_predictions is instance of list? True
2024-03-14 11:19:25,635 is all_boxes is instance of list? True
2024-03-14 11:19:25,635 is all_confidences is instance of list? True
2024-03-14 11:19:25,635 is all_text is instance of list? True
2024-03-14 11:19:25,635 is label2id is instance of dict? True
2024-03-14 11:19:25,635 is id2label is instance of dict? True
2024-03-14 11:19:25,636 is label2color is instance of dict? True
2024-03-14 11:19:25,636 label2color : {'lc_date': '#C2E8F7', 'stamp': '#F180BF', 'transaction_date': '#C91E63', 'carriage_condition': '#3313B4', 'carrier_address': '#EDB37A', 'gross_weight': '#61AF04', 'goods_description': '#AB23F6', 'gross_quantity': '#A3FC2A', 'consignee_address': '#6F8E40', 'signature': '#DBA698', 'awb_original_or_copy': '#3D0984', 'declared_value_of_custom': '#057566', 'carrier_name': '#A343B3', 'at_place': '#6E9A57', 'shipment_date': '#FB7E60', 'shipper_address': '#AB8D0B', 'net_weight': '#D1E7FF', 'consignee_name': '#7705C8', 'invoice_number': '#35E775', 'awb_bill_no': '#23683D', 'dimension': '#C7D00D', 'O': '#481090', 'declared_value_of_carriage': '#46508C', 'final_destination': '#1C15FD', 'awb_bill_issue_date': '#5CC539', 'lc_no': '#5BC7BB', 'signed_by_agent': '#34606E', 'flight_date': '#7B0991', 'agent_address': '#D201D8', 'freight_collect_or_prepaid': '#403922', 'flight_details': '#299662', 'notify_party_address': '#B5BED2', 'shipper_name': '#C6AA8D', 'signed_by_carrier': '#937B5F', 'stamped_onboard_date': '#0BF5E3', 'awb_original_number': '#B3BB3F', 'flight_no': '#5ACA9A', 'freight_collected_at': '#0E5FC0', 'amount_insurance': '#9376B5', 'house_awb_bill_no': '#51E766', 'master_awb_bill_no': '#B26DEB', 'airport_of_departure': '#B89631', 'invoice_date': '#98D464', 'good_marks': '#D02CFB', 'place_of_receipt': '#311467', 'agent_name': '#D05D04', 'signed_by_master': '#1DD400', 'airport_of_destination': '#8B381B', 'master_name': '#16AF2D', 'notify_party_name': '#4BF45B'}
2024-03-14 11:19:25,824 is result_set is instance of dict? True
2024-03-14 11:19:25,827 is final_result_set is instance of dict? True
2024-03-14 11:19:26,137 Time taken for page 1 of Bill_Of_Landing_585_page_0.png:0:00:03.006154
2024-03-14 11:19:26,286 *****Generated All Pages****** for Bill_Of_Landing_585_page_0.png
2024-03-14 11:19:26,287 RAM memory 69.8 used for Bill_Of_Landing_585_page_0.png Generating All Pages:
2024-03-14 11:19:26,287 Processing time taken for all pages of Bill_Of_Landing_585_page_0.png1:0:00:03.156478
2024-03-14 11:19:26,407 file name is:Bill_Of_Landing_424_page_3.png
2024-03-14 11:19:26,407 folder path :Images
2024-03-14 11:19:26,407 Calling Image result
2024-03-14 11:19:26,407 is all_page_result is instance of dict? True
2024-03-14 11:19:26,408 STREAM b'IHDR' 16 13
2024-03-14 11:19:26,408 STREAM b'IDAT' 41 65536
2024-03-14 11:19:26,441 is words is instance of list? True
2024-03-14 11:19:26,442 is bboxes is instance of list? True
2024-03-14 11:19:26,442 is bounding_boxes is instance of list? True
2024-03-14 11:19:26,645 is input_id_chunks is instance of list? True
2024-03-14 11:19:26,645 is mask_chunks is instance of list? True
2024-03-14 11:19:26,645 is bbox_chunks is instance of list? True
2024-03-14 11:19:26,645 is image_chunks is instance of list? True
2024-03-14 11:19:26,646 is input_dict is instance of dict? True
2024-03-14 11:19:28,934 Model Called
2024-03-14 11:19:28,935 RAM memory 70.0 used for Bill_Of_Landing_424_page_3.png:
2024-03-14 11:19:28,935 is all_predictions is instance of list? True
2024-03-14 11:19:28,935 is all_boxes is instance of list? True
2024-03-14 11:19:28,935 is all_confidences is instance of list? True
2024-03-14 11:19:28,935 is all_text is instance of list? True
2024-03-14 11:19:28,935 is label2id is instance of dict? True
2024-03-14 11:19:28,935 is id2label is instance of dict? True
2024-03-14 11:19:28,936 is label2color is instance of dict? True
2024-03-14 11:19:28,936 label2color : {'lc_date': '#7D768A', 'stamp': '#824E0E', 'transaction_date': '#5540EB', 'carriage_condition': '#1B5889', 'carrier_address': '#5ADA30', 'gross_weight': '#C59024', 'goods_description': '#E82D3D', 'gross_quantity': '#4A5EC4', 'consignee_address': '#5E2BAB', 'signature': '#C96C51', 'awb_original_or_copy': '#C4D34B', 'declared_value_of_custom': '#996A91', 'carrier_name': '#D4D61C', 'at_place': '#63AD58', 'shipment_date': '#570E2F', 'shipper_address': '#9890A6', 'net_weight': '#399FF6', 'consignee_name': '#F07AD7', 'invoice_number': '#F26DC2', 'awb_bill_no': '#8AF6BE', 'dimension': '#6FFABE', 'O': '#1DFB1C', 'declared_value_of_carriage': '#DF3517', 'final_destination': '#8C9C4B', 'awb_bill_issue_date': '#4E86DE', 'lc_no': '#C625EA', 'signed_by_agent': '#1297F0', 'flight_date': '#480008', 'agent_address': '#B2D53A', 'freight_collect_or_prepaid': '#F6334D', 'flight_details': '#5765E6', 'notify_party_address': '#523A3D', 'shipper_name': '#28052E', 'signed_by_carrier': '#31EF3B', 'stamped_onboard_date': '#4D7696', 'awb_original_number': '#9831F4', 'flight_no': '#410550', 'freight_collected_at': '#611803', 'amount_insurance': '#4ABB17', 'house_awb_bill_no': '#996F55', 'master_awb_bill_no': '#5E5C4F', 'airport_of_departure': '#C3D0A7', 'invoice_date': '#581658', 'good_marks': '#B399F9', 'place_of_receipt': '#C107D1', 'agent_name': '#8CF7F4', 'signed_by_master': '#5A43E5', 'airport_of_destination': '#757E34', 'master_name': '#AA26E6', 'notify_party_name': '#9C92C0'}
2024-03-14 11:19:29,121 is result_set is instance of dict? True
2024-03-14 11:19:29,123 is final_result_set is instance of dict? True
2024-03-14 11:19:29,425 Time taken for page 1 of Bill_Of_Landing_424_page_3.png:0:00:03.017616
2024-03-14 11:19:29,570 *****Generated All Pages****** for Bill_Of_Landing_424_page_3.png
2024-03-14 11:19:29,570 RAM memory 70.0 used for Bill_Of_Landing_424_page_3.png Generating All Pages:
2024-03-14 11:19:29,570 Processing time taken for all pages of Bill_Of_Landing_424_page_3.png1:0:00:03.163142
2024-03-14 11:19:29,688 file name is:Bill_Of_Landing_234_page_0.png
2024-03-14 11:19:29,688 folder path :Images
2024-03-14 11:19:29,688 Calling Image result
2024-03-14 11:19:29,688 is all_page_result is instance of dict? True
2024-03-14 11:19:29,689 STREAM b'IHDR' 16 13
2024-03-14 11:19:29,689 STREAM b'IDAT' 41 65536
2024-03-14 11:19:29,725 is words is instance of list? True
2024-03-14 11:19:29,725 is bboxes is instance of list? True
2024-03-14 11:19:29,725 is bounding_boxes is instance of list? True
2024-03-14 11:19:29,954 is input_id_chunks is instance of list? True
2024-03-14 11:19:29,954 is mask_chunks is instance of list? True
2024-03-14 11:19:29,954 is bbox_chunks is instance of list? True
2024-03-14 11:19:29,954 is image_chunks is instance of list? True
2024-03-14 11:19:29,955 is input_dict is instance of dict? True
2024-03-14 11:19:32,299 Model Called
2024-03-14 11:19:32,299 RAM memory 67.8 used for Bill_Of_Landing_234_page_0.png:
2024-03-14 11:19:32,299 is all_predictions is instance of list? True
2024-03-14 11:19:32,299 is all_boxes is instance of list? True
2024-03-14 11:19:32,299 is all_confidences is instance of list? True
2024-03-14 11:19:32,299 is all_text is instance of list? True
2024-03-14 11:19:32,299 is label2id is instance of dict? True
2024-03-14 11:19:32,300 is id2label is instance of dict? True
2024-03-14 11:19:32,300 is label2color is instance of dict? True
2024-03-14 11:19:32,301 label2color : {'lc_date': '#B498DB', 'stamp': '#28D229', 'transaction_date': '#A48B6A', 'carriage_condition': '#19F1C4', 'carrier_address': '#610C76', 'gross_weight': '#15711F', 'goods_description': '#08BF6D', 'gross_quantity': '#415646', 'consignee_address': '#5D7605', 'signature': '#D9D32E', 'awb_original_or_copy': '#A98847', 'declared_value_of_custom': '#FC78A5', 'carrier_name': '#D37AE1', 'at_place': '#880B07', 'shipment_date': '#2BFA8A', 'shipper_address': '#1C537E', 'net_weight': '#FE1503', 'consignee_name': '#26BBF5', 'invoice_number': '#DA027A', 'awb_bill_no': '#DE251A', 'dimension': '#F3B4E4', 'O': '#C6D216', 'declared_value_of_carriage': '#382E9E', 'final_destination': '#964ADB', 'awb_bill_issue_date': '#0DA097', 'lc_no': '#53947C', 'signed_by_agent': '#F8F160', 'flight_date': '#606F09', 'agent_address': '#FE7DD8', 'freight_collect_or_prepaid': '#F04055', 'flight_details': '#7D15AC', 'notify_party_address': '#EB7E71', 'shipper_name': '#9071B5', 'signed_by_carrier': '#6D12FC', 'stamped_onboard_date': '#E39E56', 'awb_original_number': '#4A8B84', 'flight_no': '#2F00DE', 'freight_collected_at': '#C50F36', 'amount_insurance': '#5D39BB', 'house_awb_bill_no': '#92BA65', 'master_awb_bill_no': '#B26B10', 'airport_of_departure': '#E30995', 'invoice_date': '#38AC89', 'good_marks': '#9FBFB2', 'place_of_receipt': '#196C7F', 'agent_name': '#9F06E9', 'signed_by_master': '#6E1D12', 'airport_of_destination': '#216265', 'master_name': '#FF2467', 'notify_party_name': '#12607F'}
2024-03-14 11:19:32,493 is result_set is instance of dict? True
2024-03-14 11:19:32,494 is final_result_set is instance of dict? True
2024-03-14 11:19:32,722 Time taken for page 1 of Bill_Of_Landing_234_page_0.png:0:00:03.032467
2024-03-14 11:19:32,870 *****Generated All Pages****** for Bill_Of_Landing_234_page_0.png
2024-03-14 11:19:32,870 RAM memory 67.8 used for Bill_Of_Landing_234_page_0.png Generating All Pages:
2024-03-14 11:19:32,870 Processing time taken for all pages of Bill_Of_Landing_234_page_0.png1:0:00:03.182158
2024-03-14 11:19:32,995 file name is:Bill_Of_Landing_850_page_0.png
2024-03-14 11:19:32,995 folder path :Images
2024-03-14 11:19:32,995 Calling Image result
2024-03-14 11:19:32,995 is all_page_result is instance of dict? True
2024-03-14 11:19:32,996 STREAM b'IHDR' 16 13
2024-03-14 11:19:32,996 STREAM b'IDAT' 41 65536
2024-03-14 11:19:33,030 is words is instance of list? True
2024-03-14 11:19:33,030 is bboxes is instance of list? True
2024-03-14 11:19:33,030 is bounding_boxes is instance of list? True
2024-03-14 11:19:33,229 is input_id_chunks is instance of list? True
2024-03-14 11:19:33,229 is mask_chunks is instance of list? True
2024-03-14 11:19:33,229 is bbox_chunks is instance of list? True
2024-03-14 11:19:33,229 is image_chunks is instance of list? True
2024-03-14 11:19:33,230 is input_dict is instance of dict? True
2024-03-14 11:19:35,524 Model Called
2024-03-14 11:19:35,524 RAM memory 68.0 used for Bill_Of_Landing_850_page_0.png:
2024-03-14 11:19:35,524 is all_predictions is instance of list? True
2024-03-14 11:19:35,524 is all_boxes is instance of list? True
2024-03-14 11:19:35,524 is all_confidences is instance of list? True
2024-03-14 11:19:35,524 is all_text is instance of list? True
2024-03-14 11:19:35,525 is label2id is instance of dict? True
2024-03-14 11:19:35,525 is id2label is instance of dict? True
2024-03-14 11:19:35,526 is label2color is instance of dict? True
2024-03-14 11:19:35,526 label2color : {'lc_date': '#2CA6DC', 'stamp': '#8CB5D3', 'transaction_date': '#444562', 'carriage_condition': '#082B23', 'carrier_address': '#3B0473', 'gross_weight': '#F4AB34', 'goods_description': '#F75CE7', 'gross_quantity': '#24A222', 'consignee_address': '#D13FB3', 'signature': '#4B958F', 'awb_original_or_copy': '#50BC24', 'declared_value_of_custom': '#97E22F', 'carrier_name': '#A6CE36', 'at_place': '#424265', 'shipment_date': '#0D11EE', 'shipper_address': '#AB336D', 'net_weight': '#CCCF2C', 'consignee_name': '#DEF085', 'invoice_number': '#95A8CF', 'awb_bill_no': '#8483C7', 'dimension': '#BDB51E', 'O': '#1C72FF', 'declared_value_of_carriage': '#B0BF7A', 'final_destination': '#25B5C3', 'awb_bill_issue_date': '#8CC93A', 'lc_no': '#20106E', 'signed_by_agent': '#ED7D95', 'flight_date': '#738F19', 'agent_address': '#3E5A9F', 'freight_collect_or_prepaid': '#2DF841', 'flight_details': '#DFECA7', 'notify_party_address': '#B775AF', 'shipper_name': '#095847', 'signed_by_carrier': '#5FA1A2', 'stamped_onboard_date': '#CB0957', 'awb_original_number': '#C4134B', 'flight_no': '#1E76FD', 'freight_collected_at': '#A71E3B', 'amount_insurance': '#D843D8', 'house_awb_bill_no': '#0ED427', 'master_awb_bill_no': '#BAE09F', 'airport_of_departure': '#15C8CD', 'invoice_date': '#6D2833', 'good_marks': '#90D7EC', 'place_of_receipt': '#5C2C78', 'agent_name': '#C91B0A', 'signed_by_master': '#1C1B86', 'airport_of_destination': '#79EA73', 'master_name': '#9C3E04', 'notify_party_name': '#5BDE6B'}
2024-03-14 11:19:35,714 is result_set is instance of dict? True
2024-03-14 11:19:35,716 is final_result_set is instance of dict? True
2024-03-14 11:19:35,926 Time taken for page 1 of Bill_Of_Landing_850_page_0.png:0:00:02.930021
2024-03-14 11:19:36,069 *****Generated All Pages****** for Bill_Of_Landing_850_page_0.png
2024-03-14 11:19:36,069 RAM memory 68.0 used for Bill_Of_Landing_850_page_0.png Generating All Pages:
2024-03-14 11:19:36,069 Processing time taken for all pages of Bill_Of_Landing_850_page_0.png1:0:00:03.074078
2024-03-14 11:19:36,190 file name is:Bill_Of_Landing_360_page_2.png
2024-03-14 11:19:36,190 folder path :Images
2024-03-14 11:19:36,191 Calling Image result
2024-03-14 11:19:36,191 is all_page_result is instance of dict? True
2024-03-14 11:19:36,191 STREAM b'IHDR' 16 13
2024-03-14 11:19:36,191 STREAM b'IDAT' 41 65536
2024-03-14 11:19:36,225 is words is instance of list? True
2024-03-14 11:19:36,225 is bboxes is instance of list? True
2024-03-14 11:19:36,225 is bounding_boxes is instance of list? True
2024-03-14 11:19:36,427 is input_id_chunks is instance of list? True
2024-03-14 11:19:36,427 is mask_chunks is instance of list? True
2024-03-14 11:19:36,427 is bbox_chunks is instance of list? True
2024-03-14 11:19:36,427 is image_chunks is instance of list? True
2024-03-14 11:19:36,427 is input_dict is instance of dict? True
2024-03-14 11:19:38,709 Model Called
2024-03-14 11:19:38,709 RAM memory 67.5 used for Bill_Of_Landing_360_page_2.png:
2024-03-14 11:19:38,709 is all_predictions is instance of list? True
2024-03-14 11:19:38,709 is all_boxes is instance of list? True
2024-03-14 11:19:38,710 is all_confidences is instance of list? True
2024-03-14 11:19:38,710 is all_text is instance of list? True
2024-03-14 11:19:38,710 is label2id is instance of dict? True
2024-03-14 11:19:38,710 is id2label is instance of dict? True
2024-03-14 11:19:38,711 is label2color is instance of dict? True
2024-03-14 11:19:38,711 label2color : {'lc_date': '#6C1973', 'stamp': '#01A714', 'transaction_date': '#905BF6', 'carriage_condition': '#308DB4', 'carrier_address': '#DB43C0', 'gross_weight': '#A22860', 'goods_description': '#7E6400', 'gross_quantity': '#6C4539', 'consignee_address': '#40FE68', 'signature': '#7BB138', 'awb_original_or_copy': '#BACD12', 'declared_value_of_custom': '#D824DB', 'carrier_name': '#410163', 'at_place': '#E86E35', 'shipment_date': '#E39572', 'shipper_address': '#83517D', 'net_weight': '#14C33E', 'consignee_name': '#728E77', 'invoice_number': '#6FF55D', 'awb_bill_no': '#AD7C88', 'dimension': '#34C823', 'O': '#D7645B', 'declared_value_of_carriage': '#7B0622', 'final_destination': '#63ACE3', 'awb_bill_issue_date': '#5F6AD7', 'lc_no': '#FF3E84', 'signed_by_agent': '#FB4F93', 'flight_date': '#2A899B', 'agent_address': '#D9EFD3', 'freight_collect_or_prepaid': '#21CDC3', 'flight_details': '#F1BE45', 'notify_party_address': '#3D54BF', 'shipper_name': '#857CA2', 'signed_by_carrier': '#CEF7D9', 'stamped_onboard_date': '#680AF2', 'awb_original_number': '#BA28EA', 'flight_no': '#1DCC75', 'freight_collected_at': '#431961', 'amount_insurance': '#B81607', 'house_awb_bill_no': '#3B5453', 'master_awb_bill_no': '#AA868E', 'airport_of_departure': '#8ACF4E', 'invoice_date': '#E66C72', 'good_marks': '#5525EC', 'place_of_receipt': '#CC1838', 'agent_name': '#90F368', 'signed_by_master': '#5C4202', 'airport_of_destination': '#8D1A33', 'master_name': '#E2A208', 'notify_party_name': '#7CF5B6'}
2024-03-14 11:19:38,900 is result_set is instance of dict? True
2024-03-14 11:19:38,902 is final_result_set is instance of dict? True
2024-03-14 11:19:39,172 Time taken for page 1 of Bill_Of_Landing_360_page_2.png:0:00:02.980532
2024-03-14 11:19:39,318 *****Generated All Pages****** for Bill_Of_Landing_360_page_2.png
2024-03-14 11:19:39,319 RAM memory 67.5 used for Bill_Of_Landing_360_page_2.png Generating All Pages:
2024-03-14 11:19:39,319 Processing time taken for all pages of Bill_Of_Landing_360_page_2.png1:0:00:03.128175
2024-03-14 11:19:39,442 file name is:Bill_Of_Landing_357_page_1.png
2024-03-14 11:19:39,442 folder path :Images
2024-03-14 11:19:39,442 Calling Image result
2024-03-14 11:19:39,442 is all_page_result is instance of dict? True
2024-03-14 11:19:39,443 STREAM b'IHDR' 16 13
2024-03-14 11:19:39,443 STREAM b'IDAT' 41 65536
2024-03-14 11:19:39,477 is words is instance of list? True
2024-03-14 11:19:39,477 is bboxes is instance of list? True
2024-03-14 11:19:39,477 is bounding_boxes is instance of list? True
2024-03-14 11:19:39,679 is input_id_chunks is instance of list? True
2024-03-14 11:19:39,679 is mask_chunks is instance of list? True
2024-03-14 11:19:39,679 is bbox_chunks is instance of list? True
2024-03-14 11:19:39,679 is image_chunks is instance of list? True
2024-03-14 11:19:39,679 is input_dict is instance of dict? True
2024-03-14 11:19:41,974 Model Called
2024-03-14 11:19:41,974 RAM memory 67.9 used for Bill_Of_Landing_357_page_1.png:
2024-03-14 11:19:41,974 is all_predictions is instance of list? True
2024-03-14 11:19:41,974 is all_boxes is instance of list? True
2024-03-14 11:19:41,974 is all_confidences is instance of list? True
2024-03-14 11:19:41,974 is all_text is instance of list? True
2024-03-14 11:19:41,975 is label2id is instance of dict? True
2024-03-14 11:19:41,975 is id2label is instance of dict? True
2024-03-14 11:19:41,976 is label2color is instance of dict? True
2024-03-14 11:19:41,976 label2color : {'lc_date': '#376E30', 'stamp': '#695B56', 'transaction_date': '#F4FB8B', 'carriage_condition': '#3585EC', 'carrier_address': '#0D7A3D', 'gross_weight': '#E894EF', 'goods_description': '#6A2E56', 'gross_quantity': '#C75C68', 'consignee_address': '#9C39A8', 'signature': '#2247C5', 'awb_original_or_copy': '#E680DA', 'declared_value_of_custom': '#6DC791', 'carrier_name': '#7A3CF4', 'at_place': '#99903E', 'shipment_date': '#D45E8F', 'shipper_address': '#177F71', 'net_weight': '#2B2EB5', 'consignee_name': '#85C92F', 'invoice_number': '#C91A5F', 'awb_bill_no': '#3A9EF5', 'dimension': '#FD3C23', 'O': '#1E9D2A', 'declared_value_of_carriage': '#39FA19', 'final_destination': '#3B88DB', 'awb_bill_issue_date': '#AFEC18', 'lc_no': '#E11847', 'signed_by_agent': '#704BCC', 'flight_date': '#45BE4D', 'agent_address': '#3F0976', 'freight_collect_or_prepaid': '#D20B15', 'flight_details': '#F51D74', 'notify_party_address': '#40836F', 'shipper_name': '#05A693', 'signed_by_carrier': '#A5812E', 'stamped_onboard_date': '#5D8B80', 'awb_original_number': '#91DA00', 'flight_no': '#37E8FB', 'freight_collected_at': '#16B36A', 'amount_insurance': '#F14511', 'house_awb_bill_no': '#43664A', 'master_awb_bill_no': '#D9A0EB', 'airport_of_departure': '#0FE8CE', 'invoice_date': '#5CB33F', 'good_marks': '#655739', 'place_of_receipt': '#7C2B88', 'agent_name': '#C61D60', 'signed_by_master': '#34AF1A', 'airport_of_destination': '#6D86D2', 'master_name': '#D1EFAE', 'notify_party_name': '#0214AE'}
2024-03-14 11:19:42,164 is result_set is instance of dict? True
2024-03-14 11:19:42,166 is final_result_set is instance of dict? True
2024-03-14 11:19:42,394 Time taken for page 1 of Bill_Of_Landing_357_page_1.png:0:00:02.951390
2024-03-14 11:19:42,554 *****Generated All Pages****** for Bill_Of_Landing_357_page_1.png
2024-03-14 11:19:42,555 RAM memory 67.8 used for Bill_Of_Landing_357_page_1.png Generating All Pages:
2024-03-14 11:19:42,555 Processing time taken for all pages of Bill_Of_Landing_357_page_1.png1:0:00:03.112835
2024-03-14 11:19:42,669 file name is:Bill_Of_Landing_334_page_0.png
2024-03-14 11:19:42,669 folder path :Images
2024-03-14 11:19:42,669 Calling Image result
2024-03-14 11:19:42,669 is all_page_result is instance of dict? True
2024-03-14 11:19:42,686 STREAM b'IHDR' 16 13
2024-03-14 11:19:42,686 STREAM b'IDAT' 41 65536
2024-03-14 11:19:42,726 is words is instance of list? True
2024-03-14 11:19:42,727 is bboxes is instance of list? True
2024-03-14 11:19:42,727 is bounding_boxes is instance of list? True
2024-03-14 11:19:42,940 is input_id_chunks is instance of list? True
2024-03-14 11:19:42,941 is mask_chunks is instance of list? True
2024-03-14 11:19:42,941 is bbox_chunks is instance of list? True
2024-03-14 11:19:42,941 is image_chunks is instance of list? True
2024-03-14 11:19:42,941 is input_dict is instance of dict? True
2024-03-14 11:19:45,253 Model Called
2024-03-14 11:19:45,253 RAM memory 67.8 used for Bill_Of_Landing_334_page_0.png:
2024-03-14 11:19:45,253 is all_predictions is instance of list? True
2024-03-14 11:19:45,253 is all_boxes is instance of list? True
2024-03-14 11:19:45,253 is all_confidences is instance of list? True
2024-03-14 11:19:45,253 is all_text is instance of list? True
2024-03-14 11:19:45,254 is label2id is instance of dict? True
2024-03-14 11:19:45,254 is id2label is instance of dict? True
2024-03-14 11:19:45,255 is label2color is instance of dict? True
2024-03-14 11:19:45,255 label2color : {'lc_date': '#8CF982', 'stamp': '#EA5090', 'transaction_date': '#BAA99B', 'carriage_condition': '#90A00E', 'carrier_address': '#3A3142', 'gross_weight': '#5A4A67', 'goods_description': '#EC78AB', 'gross_quantity': '#2566C9', 'consignee_address': '#CF0B6B', 'signature': '#884B28', 'awb_original_or_copy': '#966242', 'declared_value_of_custom': '#511D9F', 'carrier_name': '#C6D78E', 'at_place': '#E7E70E', 'shipment_date': '#A6A4CE', 'shipper_address': '#1638AB', 'net_weight': '#F70579', 'consignee_name': '#0FA05C', 'invoice_number': '#08FBAB', 'awb_bill_no': '#3114CB', 'dimension': '#34E9E4', 'O': '#6A572D', 'declared_value_of_carriage': '#3CF48C', 'final_destination': '#B7F80C', 'awb_bill_issue_date': '#54A62D', 'lc_no': '#3221CE', 'signed_by_agent': '#34E95F', 'flight_date': '#6623FF', 'agent_address': '#CAB5F4', 'freight_collect_or_prepaid': '#E7DB90', 'flight_details': '#4428D4', 'notify_party_address': '#602E05', 'shipper_name': '#20F60A', 'signed_by_carrier': '#A1F607', 'stamped_onboard_date': '#40D3CF', 'awb_original_number': '#2CDCD8', 'flight_no': '#53B989', 'freight_collected_at': '#8CAE90', 'amount_insurance': '#0F4844', 'house_awb_bill_no': '#AFC2B6', 'master_awb_bill_no': '#1BE020', 'airport_of_departure': '#3E9BCE', 'invoice_date': '#9D9BCA', 'good_marks': '#C15439', 'place_of_receipt': '#22ABBE', 'agent_name': '#045D02', 'signed_by_master': '#B5744D', 'airport_of_destination': '#C575BB', 'master_name': '#5FED60', 'notify_party_name': '#F35D1C'}
2024-03-14 11:19:45,450 is result_set is instance of dict? True
2024-03-14 11:19:45,452 is final_result_set is instance of dict? True
2024-03-14 11:19:45,790 Time taken for page 1 of Bill_Of_Landing_334_page_0.png:0:00:03.103329
2024-03-14 11:19:45,944 *****Generated All Pages****** for Bill_Of_Landing_334_page_0.png
2024-03-14 11:19:45,944 RAM memory 67.8 used for Bill_Of_Landing_334_page_0.png Generating All Pages:
2024-03-14 11:19:45,944 Processing time taken for all pages of Bill_Of_Landing_334_page_0.png1:0:00:03.275030
2024-03-14 11:19:46,062 file name is:Bill_Of_Landing_562_page_48.png
2024-03-14 11:19:46,062 folder path :Images
2024-03-14 11:19:46,062 Calling Image result
2024-03-14 11:19:46,062 is all_page_result is instance of dict? True
2024-03-14 11:19:46,063 STREAM b'IHDR' 16 13
2024-03-14 11:19:46,063 STREAM b'IDAT' 41 65536
2024-03-14 11:19:46,097 is words is instance of list? True
2024-03-14 11:19:46,097 is bboxes is instance of list? True
2024-03-14 11:19:46,097 is bounding_boxes is instance of list? True
2024-03-14 11:19:46,305 is input_id_chunks is instance of list? True
2024-03-14 11:19:46,306 is mask_chunks is instance of list? True
2024-03-14 11:19:46,306 is bbox_chunks is instance of list? True
2024-03-14 11:19:46,306 is image_chunks is instance of list? True
2024-03-14 11:19:46,306 is input_dict is instance of dict? True
2024-03-14 11:19:48,610 Model Called
2024-03-14 11:19:48,610 RAM memory 67.8 used for Bill_Of_Landing_562_page_48.png:
2024-03-14 11:19:48,611 is all_predictions is instance of list? True
2024-03-14 11:19:48,611 is all_boxes is instance of list? True
2024-03-14 11:19:48,611 is all_confidences is instance of list? True
2024-03-14 11:19:48,611 is all_text is instance of list? True
2024-03-14 11:19:48,611 is label2id is instance of dict? True
2024-03-14 11:19:48,611 is id2label is instance of dict? True
2024-03-14 11:19:48,612 is label2color is instance of dict? True
2024-03-14 11:19:48,612 label2color : {'lc_date': '#C40B56', 'stamp': '#E2A571', 'transaction_date': '#D1A1C2', 'carriage_condition': '#296757', 'carrier_address': '#1C61A3', 'gross_weight': '#69C6DF', 'goods_description': '#A1C35C', 'gross_quantity': '#CEC35B', 'consignee_address': '#E9AFAE', 'signature': '#3DE8DC', 'awb_original_or_copy': '#DB1FA5', 'declared_value_of_custom': '#AE7919', 'carrier_name': '#B067F4', 'at_place': '#5FFE49', 'shipment_date': '#27F573', 'shipper_address': '#2F9FE3', 'net_weight': '#FC0F0C', 'consignee_name': '#715560', 'invoice_number': '#001185', 'awb_bill_no': '#65234B', 'dimension': '#2B3168', 'O': '#252F81', 'declared_value_of_carriage': '#55B1E3', 'final_destination': '#CFB523', 'awb_bill_issue_date': '#7C881F', 'lc_no': '#BD947A', 'signed_by_agent': '#C71620', 'flight_date': '#2C4850', 'agent_address': '#0C2AC4', 'freight_collect_or_prepaid': '#994B92', 'flight_details': '#90BE7C', 'notify_party_address': '#7C1225', 'shipper_name': '#934DE5', 'signed_by_carrier': '#1AB00D', 'stamped_onboard_date': '#30D0F3', 'awb_original_number': '#DF78FF', 'flight_no': '#F8E761', 'freight_collected_at': '#2F4075', 'amount_insurance': '#378953', 'house_awb_bill_no': '#7C3938', 'master_awb_bill_no': '#71216D', 'airport_of_departure': '#8999BA', 'invoice_date': '#427503', 'good_marks': '#F2962E', 'place_of_receipt': '#6F83C5', 'agent_name': '#4DD414', 'signed_by_master': '#59FD6F', 'airport_of_destination': '#833F9D', 'master_name': '#794A9C', 'notify_party_name': '#7A44A8'}
2024-03-14 11:19:48,800 is result_set is instance of dict? True
2024-03-14 11:19:48,802 is final_result_set is instance of dict? True
2024-03-14 11:19:49,044 Time taken for page 1 of Bill_Of_Landing_562_page_48.png:0:00:02.980941
2024-03-14 11:19:49,190 *****Generated All Pages****** for Bill_Of_Landing_562_page_48.png
2024-03-14 11:19:49,190 RAM memory 67.8 used for Bill_Of_Landing_562_page_48.png Generating All Pages:
2024-03-14 11:19:49,190 Processing time taken for all pages of Bill_Of_Landing_562_page_48.png1:0:00:03.128082
