2024-05-08 12:54:59,455 checkpoint 1 => setting basis cofiguration for logging purposes
2024-05-08 12:54:59,456 start time: 2024-05-08 12:54:59.456740
2024-05-08 12:55:07,119 Starting new HTTPS connection (1): huggingface.co:443
2024-05-08 12:55:07,622 https://huggingface.co:443 "HEAD /microsoft/layoutlmv2-base-uncased/resolve/main/preprocessor_config.json HTTP/1.1" 200 0
2024-05-08 12:55:08,565 https://huggingface.co:443 "HEAD /microsoft/layoutlmv2-base-uncased/resolve/main/tokenizer_config.json HTTP/1.1" 404 0
2024-05-08 12:55:09,295 https://huggingface.co:443 "HEAD /microsoft/layoutlmv2-base-uncased/resolve/main/vocab.txt HTTP/1.1" 200 0
2024-05-08 12:55:09,345 RAM memory for Model loading used: 94.0
2024-05-08 12:55:09,345 cpu_utilization % for Model Loading:53.1
2024-05-08 12:55:09,345 memory_consumption in bytes for Loading Model:659697664
2024-05-08 12:55:09,345 Loaded Model successfully
2024-05-08 12:55:09,347 file name is:Covering_Schedule_991_page_3.png
2024-05-08 12:55:09,347 folder path :Images
2024-05-08 12:55:09,347 Calling Image result
2024-05-08 12:55:09,347 is all_page_result is instance of dict? True
2024-05-08 12:55:09,354 STREAM b'IHDR' 16 13
2024-05-08 12:55:09,355 STREAM b'IDAT' 41 23207
2024-05-08 12:55:09,407 is words is instance of list? True
2024-05-08 12:55:09,407 is bboxes is instance of list? True
2024-05-08 12:55:09,407 is bounding_boxes is instance of list? True
2024-05-08 12:55:09,832 is input_id_chunks is instance of list? True
2024-05-08 12:55:09,832 is mask_chunks is instance of list? True
2024-05-08 12:55:09,832 is bbox_chunks is instance of list? True
2024-05-08 12:55:09,832 is image_chunks is instance of list? True
2024-05-08 12:55:09,834 is input_dict is instance of dict? True
2024-05-08 12:55:11,208 Model Called
2024-05-08 12:55:11,212 RAM memory 99.4 used for Covering_Schedule_991_page_3.png:
2024-05-08 12:55:11,212 is all_predictions is instance of list? True
2024-05-08 12:55:11,212 is all_boxes is instance of list? True
2024-05-08 12:55:11,212 is all_confidences is instance of list? True
2024-05-08 12:55:11,212 is all_text is instance of list? True
2024-05-08 12:55:11,214 is label2id is instance of dict? True
2024-05-08 12:55:11,214 is id2label is instance of dict? True
2024-05-08 12:55:11,215 is label2color is instance of dict? True
2024-05-08 12:55:11,215 label2color : {'tenor_type': '#1D2F72', 'invoice_due_date': '#8607B1', 'diclaration_by': '#A074EA', 'invoice_amount': '#25261B', 'original_or_copy': '#2E063C', 'boe_currency': '#F52C2D', 'lc_ref_no': '#EAA0DF', 'boe_amount': '#9F36B5', 'indicator_date': '#346D0B', 'tenore_details': '#14562D', 'lc_date': '#5A8095', 'issuing_bank': '#0D497E', 'drawer_name': '#A1C90D', 'stamp': '#994C72', 'drawer_bank_address': '#46DA72', 'drawer_address': '#E9990E', 'drawee_name': '#5CD7B7', 'country_of_origin': '#C6BE90', 'tenor_indicator': '#5E7B82', 'bill_exchange_no': '#367E0F', 'drawee_bank_address': '#99A7CA', 'issuing_bank_address': '#D8CE18', 'bill_exchange_date': '#5A36A2', 'goods_discription': '#F470A1', 'drawer_bank_name': '#CBAA33', 'indicator_type': '#B5D882', 'drawee_bank_name': '#2930D2', 'usance_tenor': '#21721C', 'signature': '#9FD335', 'invoice_no': '#B5849E', 'original_number': '#172FB1', 'drawee_address': '#E8ECEA', 'invoice_date': '#E6CF65', 'issue_place': '#2911EB', 'invoice_currency': '#329ADE', 'O': '#16B4B7', 'amount_in_words': '#9E3A99'}
2024-05-08 12:55:11,673 is result_set is instance of dict? True
2024-05-08 12:55:11,678 is final_result_set is instance of dict? True
2024-05-08 12:55:11,865 Time taken for page 1 of Covering_Schedule_991_page_3.png:0:00:02.506975
2024-05-08 12:55:12,042 *****Generated All Pages****** for Covering_Schedule_991_page_3.png
2024-05-08 12:55:12,046 RAM memory 99.5 used for Covering_Schedule_991_page_3.png Generating All Pages:
2024-05-08 12:55:12,047 Processing time taken for all pages of Covering_Schedule_991_page_3.png1:0:00:02.700042
2024-05-08 12:55:12,888 file name is:Covering_Schedule(2011_08_04_15_56_11_3632)_4_page_1.png
2024-05-08 12:55:12,893 folder path :Images
2024-05-08 12:55:12,894 Calling Image result
2024-05-08 12:55:12,894 is all_page_result is instance of dict? True
2024-05-08 12:55:12,899 STREAM b'IHDR' 16 13
2024-05-08 12:55:12,901 STREAM b'IDAT' 41 49155
2024-05-08 12:55:12,976 is words is instance of list? True
2024-05-08 12:55:12,976 is bboxes is instance of list? True
2024-05-08 12:55:12,976 is bounding_boxes is instance of list? True
2024-05-08 12:55:13,293 is input_id_chunks is instance of list? True
2024-05-08 12:55:13,293 is mask_chunks is instance of list? True
2024-05-08 12:55:13,293 is bbox_chunks is instance of list? True
2024-05-08 12:55:13,293 is image_chunks is instance of list? True
2024-05-08 12:55:13,296 is input_dict is instance of dict? True
2024-05-08 12:55:14,684 Model Called
2024-05-08 12:55:14,687 RAM memory 99.2 used for Covering_Schedule(2011_08_04_15_56_11_3632)_4_page_1.png:
2024-05-08 12:55:14,687 is all_predictions is instance of list? True
2024-05-08 12:55:14,687 is all_boxes is instance of list? True
2024-05-08 12:55:14,687 is all_confidences is instance of list? True
2024-05-08 12:55:14,687 is all_text is instance of list? True
2024-05-08 12:55:14,688 is label2id is instance of dict? True
2024-05-08 12:55:14,688 is id2label is instance of dict? True
2024-05-08 12:55:14,689 is label2color is instance of dict? True
2024-05-08 12:55:14,689 label2color : {'tenor_type': '#060225', 'invoice_due_date': '#7B8D91', 'diclaration_by': '#230EC7', 'invoice_amount': '#1A1570', 'original_or_copy': '#D329F1', 'boe_currency': '#5E6BA6', 'lc_ref_no': '#C48544', 'boe_amount': '#952A2C', 'indicator_date': '#9E774C', 'tenore_details': '#337A9D', 'lc_date': '#966840', 'issuing_bank': '#107046', 'drawer_name': '#7E364A', 'stamp': '#7BD1E9', 'drawer_bank_address': '#32F3AE', 'drawer_address': '#44D946', 'drawee_name': '#BE13B8', 'country_of_origin': '#BF6E9B', 'tenor_indicator': '#380D4A', 'bill_exchange_no': '#329967', 'drawee_bank_address': '#80F38C', 'issuing_bank_address': '#815BE0', 'bill_exchange_date': '#39F6CC', 'goods_discription': '#7B9D02', 'drawer_bank_name': '#B667BB', 'indicator_type': '#9B3E9C', 'drawee_bank_name': '#18EF51', 'usance_tenor': '#AFB436', 'signature': '#BB1565', 'invoice_no': '#A22A01', 'original_number': '#5FD94C', 'drawee_address': '#FB5A5B', 'invoice_date': '#78739B', 'issue_place': '#E8FE09', 'invoice_currency': '#4F3846', 'O': '#3E511D', 'amount_in_words': '#E288A3'}
2024-05-08 12:55:14,915 is result_set is instance of dict? True
2024-05-08 12:55:14,919 is final_result_set is instance of dict? True
2024-05-08 12:55:15,086 Time taken for page 1 of Covering_Schedule(2011_08_04_15_56_11_3632)_4_page_1.png:0:00:02.184713
2024-05-08 12:55:15,234 *****Generated All Pages****** for Covering_Schedule(2011_08_04_15_56_11_3632)_4_page_1.png
2024-05-08 12:55:15,235 RAM memory 99.3 used for Covering_Schedule(2011_08_04_15_56_11_3632)_4_page_1.png Generating All Pages:
2024-05-08 12:55:15,235 Processing time taken for all pages of Covering_Schedule(2011_08_04_15_56_11_3632)_4_page_1.png1:0:00:02.341814
2024-05-08 12:55:15,419 file name is:Covering_Schedule_857_page_4.png
2024-05-08 12:55:15,420 folder path :Images
2024-05-08 12:55:15,420 Calling Image result
2024-05-08 12:55:15,420 is all_page_result is instance of dict? True
2024-05-08 12:55:15,421 STREAM b'IHDR' 16 13
2024-05-08 12:55:15,422 STREAM b'IDAT' 41 56608
2024-05-08 12:55:15,473 is words is instance of list? True
2024-05-08 12:55:15,473 is bboxes is instance of list? True
2024-05-08 12:55:15,473 is bounding_boxes is instance of list? True
2024-05-08 12:55:15,691 is input_id_chunks is instance of list? True
2024-05-08 12:55:15,692 is mask_chunks is instance of list? True
2024-05-08 12:55:15,692 is bbox_chunks is instance of list? True
2024-05-08 12:55:15,692 is image_chunks is instance of list? True
2024-05-08 12:55:15,695 is input_dict is instance of dict? True
2024-05-08 12:55:17,256 Model Called
2024-05-08 12:55:17,263 RAM memory 99.3 used for Covering_Schedule_857_page_4.png:
2024-05-08 12:55:17,263 is all_predictions is instance of list? True
2024-05-08 12:55:17,263 is all_boxes is instance of list? True
2024-05-08 12:55:17,263 is all_confidences is instance of list? True
2024-05-08 12:55:17,263 is all_text is instance of list? True
2024-05-08 12:55:17,265 is label2id is instance of dict? True
2024-05-08 12:55:17,265 is id2label is instance of dict? True
2024-05-08 12:55:17,266 is label2color is instance of dict? True
2024-05-08 12:55:17,267 label2color : {'tenor_type': '#14C93D', 'invoice_due_date': '#243A91', 'diclaration_by': '#B0E20F', 'invoice_amount': '#23BE0B', 'original_or_copy': '#5BB11F', 'boe_currency': '#AE29B1', 'lc_ref_no': '#C558D4', 'boe_amount': '#D7B8CA', 'indicator_date': '#1F68D8', 'tenore_details': '#0CC64B', 'lc_date': '#4CCBFD', 'issuing_bank': '#0C54FA', 'drawer_name': '#A27110', 'stamp': '#E6357C', 'drawer_bank_address': '#6AF780', 'drawer_address': '#BB36F1', 'drawee_name': '#A0C8F8', 'country_of_origin': '#B44DD3', 'tenor_indicator': '#E21CB0', 'bill_exchange_no': '#CA7C13', 'drawee_bank_address': '#5B5FD9', 'issuing_bank_address': '#A272AD', 'bill_exchange_date': '#A7703E', 'goods_discription': '#15551E', 'drawer_bank_name': '#5AAAD9', 'indicator_type': '#7DB19E', 'drawee_bank_name': '#B6FB4B', 'usance_tenor': '#D829E1', 'signature': '#4DE4F4', 'invoice_no': '#8E3C20', 'original_number': '#4B87B3', 'drawee_address': '#9ED37E', 'invoice_date': '#D732C3', 'issue_place': '#A934DF', 'invoice_currency': '#A35780', 'O': '#FE1439', 'amount_in_words': '#7B5EA1'}
2024-05-08 12:55:17,590 is result_set is instance of dict? True
2024-05-08 12:55:17,596 is final_result_set is instance of dict? True
2024-05-08 12:55:17,753 Time taken for page 1 of Covering_Schedule_857_page_4.png:0:00:02.329522
2024-05-08 12:55:17,908 *****Generated All Pages****** for Covering_Schedule_857_page_4.png
2024-05-08 12:55:17,910 RAM memory 99.4 used for Covering_Schedule_857_page_4.png Generating All Pages:
2024-05-08 12:55:17,910 Processing time taken for all pages of Covering_Schedule_857_page_4.png1:0:00:02.489745
2024-05-08 12:55:18,091 file name is:Covering_Schedule_5_page_1.png
2024-05-08 12:55:18,092 folder path :Images
2024-05-08 12:55:18,092 Calling Image result
2024-05-08 12:55:18,092 is all_page_result is instance of dict? True
2024-05-08 12:55:18,093 STREAM b'IHDR' 16 13
2024-05-08 12:55:18,094 STREAM b'IDAT' 41 31199
2024-05-08 12:55:18,148 is words is instance of list? True
2024-05-08 12:55:18,148 is bboxes is instance of list? True
2024-05-08 12:55:18,148 is bounding_boxes is instance of list? True
2024-05-08 12:55:18,380 is input_id_chunks is instance of list? True
2024-05-08 12:55:18,380 is mask_chunks is instance of list? True
2024-05-08 12:55:18,381 is bbox_chunks is instance of list? True
2024-05-08 12:55:18,381 is image_chunks is instance of list? True
2024-05-08 12:55:18,385 is input_dict is instance of dict? True
2024-05-08 12:55:20,002 Model Called
2024-05-08 12:55:20,006 RAM memory 99.3 used for Covering_Schedule_5_page_1.png:
2024-05-08 12:55:20,006 is all_predictions is instance of list? True
2024-05-08 12:55:20,006 is all_boxes is instance of list? True
2024-05-08 12:55:20,006 is all_confidences is instance of list? True
2024-05-08 12:55:20,006 is all_text is instance of list? True
2024-05-08 12:55:20,009 is label2id is instance of dict? True
2024-05-08 12:55:20,009 is id2label is instance of dict? True
2024-05-08 12:55:20,010 is label2color is instance of dict? True
2024-05-08 12:55:20,010 label2color : {'tenor_type': '#84AA1D', 'invoice_due_date': '#1BE7B9', 'diclaration_by': '#C9B147', 'invoice_amount': '#64D105', 'original_or_copy': '#60506E', 'boe_currency': '#A34111', 'lc_ref_no': '#215DFF', 'boe_amount': '#B0A631', 'indicator_date': '#9DC3BE', 'tenore_details': '#012CBA', 'lc_date': '#BB6074', 'issuing_bank': '#17F6D5', 'drawer_name': '#B20E54', 'stamp': '#27237C', 'drawer_bank_address': '#2E55B9', 'drawer_address': '#EDB65B', 'drawee_name': '#209658', 'country_of_origin': '#ADFA66', 'tenor_indicator': '#411049', 'bill_exchange_no': '#35F281', 'drawee_bank_address': '#567544', 'issuing_bank_address': '#1ABEE6', 'bill_exchange_date': '#0F017B', 'goods_discription': '#0A66D7', 'drawer_bank_name': '#234768', 'indicator_type': '#3CEAFA', 'drawee_bank_name': '#78AAE8', 'usance_tenor': '#313E70', 'signature': '#B6CFF5', 'invoice_no': '#B914DD', 'original_number': '#433D85', 'drawee_address': '#71EC31', 'invoice_date': '#E42813', 'issue_place': '#F30243', 'invoice_currency': '#23C763', 'O': '#725A02', 'amount_in_words': '#9C469D'}
2024-05-08 12:55:20,255 is result_set is instance of dict? True
2024-05-08 12:55:20,259 is final_result_set is instance of dict? True
2024-05-08 12:55:20,357 Time taken for page 1 of Covering_Schedule_5_page_1.png:0:00:02.262842
2024-05-08 12:55:20,503 *****Generated All Pages****** for Covering_Schedule_5_page_1.png
2024-05-08 12:55:20,509 RAM memory 99.4 used for Covering_Schedule_5_page_1.png Generating All Pages:
2024-05-08 12:55:20,511 Processing time taken for all pages of Covering_Schedule_5_page_1.png1:0:00:02.417732
2024-05-08 12:55:20,757 file name is:Covering_Schedule_232_page_2.png
2024-05-08 12:55:20,758 folder path :Images
2024-05-08 12:55:20,759 Calling Image result
2024-05-08 12:55:20,759 is all_page_result is instance of dict? True
2024-05-08 12:55:20,762 STREAM b'IHDR' 16 13
2024-05-08 12:55:20,763 STREAM b'sRGB' 41 1
2024-05-08 12:55:20,763 STREAM b'gAMA' 54 4
2024-05-08 12:55:20,763 STREAM b'pHYs' 70 9
2024-05-08 12:55:20,764 STREAM b'IDAT' 91 37826
2024-05-08 12:55:20,854 is words is instance of list? True
2024-05-08 12:55:20,854 is bboxes is instance of list? True
2024-05-08 12:55:20,854 is bounding_boxes is instance of list? True
2024-05-08 12:55:21,332 is input_id_chunks is instance of list? True
2024-05-08 12:55:21,337 is mask_chunks is instance of list? True
2024-05-08 12:55:21,338 is bbox_chunks is instance of list? True
2024-05-08 12:55:21,338 is image_chunks is instance of list? True
2024-05-08 12:55:21,367 is input_dict is instance of dict? True
2024-05-08 12:55:25,192 Model Called
2024-05-08 12:55:25,193 RAM memory 92.5 used for Covering_Schedule_232_page_2.png:
2024-05-08 12:55:25,194 is all_predictions is instance of list? True
2024-05-08 12:55:25,194 is all_boxes is instance of list? True
2024-05-08 12:55:25,194 is all_confidences is instance of list? True
2024-05-08 12:55:25,194 is all_text is instance of list? True
2024-05-08 12:55:25,196 is label2id is instance of dict? True
2024-05-08 12:55:25,197 is id2label is instance of dict? True
2024-05-08 12:55:25,198 is label2color is instance of dict? True
2024-05-08 12:55:25,199 label2color : {'tenor_type': '#1DDEF2', 'invoice_due_date': '#4AEA18', 'diclaration_by': '#9273EF', 'invoice_amount': '#175D6C', 'original_or_copy': '#2CA3BA', 'boe_currency': '#293630', 'lc_ref_no': '#1FD3A8', 'boe_amount': '#BA7788', 'indicator_date': '#8BC2DA', 'tenore_details': '#4545B9', 'lc_date': '#5846AE', 'issuing_bank': '#CFB824', 'drawer_name': '#8B2A8A', 'stamp': '#BB20E4', 'drawer_bank_address': '#CE592F', 'drawer_address': '#F23BC8', 'drawee_name': '#701C28', 'country_of_origin': '#306EAC', 'tenor_indicator': '#E1AD1D', 'bill_exchange_no': '#DC8840', 'drawee_bank_address': '#AF8795', 'issuing_bank_address': '#76DAB4', 'bill_exchange_date': '#DA3D83', 'goods_discription': '#346E19', 'drawer_bank_name': '#D319DF', 'indicator_type': '#2D4CB9', 'drawee_bank_name': '#F74AE4', 'usance_tenor': '#E5E3AF', 'signature': '#710F13', 'invoice_no': '#22C7D6', 'original_number': '#AF1845', 'drawee_address': '#0E54DB', 'invoice_date': '#A62170', 'issue_place': '#6571F5', 'invoice_currency': '#EDC8FE', 'O': '#117247', 'amount_in_words': '#A42540'}
2024-05-08 12:55:25,524 is result_set is instance of dict? True
2024-05-08 12:55:25,526 is final_result_set is instance of dict? True
2024-05-08 12:55:25,632 Time taken for page 1 of Covering_Schedule_232_page_2.png:0:00:04.867765
2024-05-08 12:55:25,758 *****Generated All Pages****** for Covering_Schedule_232_page_2.png
2024-05-08 12:55:25,758 RAM memory 92.8 used for Covering_Schedule_232_page_2.png Generating All Pages:
2024-05-08 12:55:25,758 Processing time taken for all pages of Covering_Schedule_232_page_2.png1:0:00:04.999409
2024-05-08 12:55:25,914 file name is:Covering_Schedule_778_page_9.png
2024-05-08 12:55:25,914 folder path :Images
2024-05-08 12:55:25,914 Calling Image result
2024-05-08 12:55:25,914 is all_page_result is instance of dict? True
2024-05-08 12:55:25,915 STREAM b'IHDR' 16 13
2024-05-08 12:55:25,915 STREAM b'IDAT' 41 23222
2024-05-08 12:55:25,932 is words is instance of list? True
2024-05-08 12:55:25,932 is bboxes is instance of list? True
2024-05-08 12:55:25,932 is bounding_boxes is instance of list? True
2024-05-08 12:55:26,017 is input_id_chunks is instance of list? True
2024-05-08 12:55:26,017 is mask_chunks is instance of list? True
2024-05-08 12:55:26,017 is bbox_chunks is instance of list? True
2024-05-08 12:55:26,017 is image_chunks is instance of list? True
2024-05-08 12:55:26,019 is input_dict is instance of dict? True
2024-05-08 12:55:27,568 Model Called
2024-05-08 12:55:27,569 RAM memory 90.8 used for Covering_Schedule_778_page_9.png:
2024-05-08 12:55:27,569 is all_predictions is instance of list? True
2024-05-08 12:55:27,569 is all_boxes is instance of list? True
2024-05-08 12:55:27,569 is all_confidences is instance of list? True
2024-05-08 12:55:27,569 is all_text is instance of list? True
2024-05-08 12:55:27,569 is label2id is instance of dict? True
2024-05-08 12:55:27,569 is id2label is instance of dict? True
2024-05-08 12:55:27,570 is label2color is instance of dict? True
2024-05-08 12:55:27,570 label2color : {'tenor_type': '#EFA622', 'invoice_due_date': '#9D564F', 'diclaration_by': '#13E96F', 'invoice_amount': '#795910', 'original_or_copy': '#875F75', 'boe_currency': '#A72594', 'lc_ref_no': '#64C65D', 'boe_amount': '#AC536F', 'indicator_date': '#01D3BC', 'tenore_details': '#6D7236', 'lc_date': '#74B390', 'issuing_bank': '#F5E30B', 'drawer_name': '#D25595', 'stamp': '#5927F3', 'drawer_bank_address': '#B8588E', 'drawer_address': '#BC0BA2', 'drawee_name': '#3710A9', 'country_of_origin': '#98DF58', 'tenor_indicator': '#AF568C', 'bill_exchange_no': '#0D917B', 'drawee_bank_address': '#5A9162', 'issuing_bank_address': '#C27776', 'bill_exchange_date': '#CB191F', 'goods_discription': '#7C09F6', 'drawer_bank_name': '#247E1D', 'indicator_type': '#6AAFC2', 'drawee_bank_name': '#E7CB62', 'usance_tenor': '#BD3EB7', 'signature': '#2EE13F', 'invoice_no': '#8F102C', 'original_number': '#D68189', 'drawee_address': '#4EF86D', 'invoice_date': '#C0CF56', 'issue_place': '#B71C45', 'invoice_currency': '#CFC582', 'O': '#4C184E', 'amount_in_words': '#8B0562'}
2024-05-08 12:55:27,615 is result_set is instance of dict? True
2024-05-08 12:55:27,615 is final_result_set is instance of dict? True
2024-05-08 12:55:27,659 Time taken for page 1 of Covering_Schedule_778_page_9.png:0:00:01.744037
2024-05-08 12:55:27,705 *****Generated All Pages****** for Covering_Schedule_778_page_9.png
2024-05-08 12:55:27,705 RAM memory 90.7 used for Covering_Schedule_778_page_9.png Generating All Pages:
2024-05-08 12:55:27,706 Processing time taken for all pages of Covering_Schedule_778_page_9.png1:0:00:01.791286
2024-05-08 12:55:27,815 file name is:Covering_Schedule_904_page_4.png
2024-05-08 12:55:27,816 folder path :Images
2024-05-08 12:55:27,816 Calling Image result
2024-05-08 12:55:27,816 is all_page_result is instance of dict? True
2024-05-08 12:55:27,816 STREAM b'IHDR' 16 13
2024-05-08 12:55:27,816 STREAM b'IDAT' 41 36201
2024-05-08 12:55:27,828 is words is instance of list? True
2024-05-08 12:55:27,828 is bboxes is instance of list? True
2024-05-08 12:55:27,829 is bounding_boxes is instance of list? True
2024-05-08 12:55:27,913 is input_id_chunks is instance of list? True
2024-05-08 12:55:27,913 is mask_chunks is instance of list? True
2024-05-08 12:55:27,913 is bbox_chunks is instance of list? True
2024-05-08 12:55:27,913 is image_chunks is instance of list? True
2024-05-08 12:55:27,913 is input_dict is instance of dict? True
2024-05-08 12:55:29,088 Model Called
2024-05-08 12:55:29,088 RAM memory 90.7 used for Covering_Schedule_904_page_4.png:
2024-05-08 12:55:29,088 is all_predictions is instance of list? True
2024-05-08 12:55:29,089 is all_boxes is instance of list? True
2024-05-08 12:55:29,089 is all_confidences is instance of list? True
2024-05-08 12:55:29,089 is all_text is instance of list? True
2024-05-08 12:55:29,089 is label2id is instance of dict? True
2024-05-08 12:55:29,089 is id2label is instance of dict? True
2024-05-08 12:55:29,090 is label2color is instance of dict? True
2024-05-08 12:55:29,090 label2color : {'tenor_type': '#73B22C', 'invoice_due_date': '#5EA0E9', 'diclaration_by': '#8F98F8', 'invoice_amount': '#1FE863', 'original_or_copy': '#75AB8D', 'boe_currency': '#9AD137', 'lc_ref_no': '#7AA911', 'boe_amount': '#6C6756', 'indicator_date': '#BC0ACE', 'tenore_details': '#634288', 'lc_date': '#9C910C', 'issuing_bank': '#960266', 'drawer_name': '#37F554', 'stamp': '#9578BB', 'drawer_bank_address': '#09602F', 'drawer_address': '#9ACC14', 'drawee_name': '#854CDF', 'country_of_origin': '#4C24B9', 'tenor_indicator': '#6FBBCD', 'bill_exchange_no': '#483E64', 'drawee_bank_address': '#3C6928', 'issuing_bank_address': '#18DF02', 'bill_exchange_date': '#E11FDE', 'goods_discription': '#4773EA', 'drawer_bank_name': '#C54C14', 'indicator_type': '#B4400B', 'drawee_bank_name': '#C8BA8C', 'usance_tenor': '#C46776', 'signature': '#094A96', 'invoice_no': '#929802', 'original_number': '#44F78B', 'drawee_address': '#0E66B2', 'invoice_date': '#E20F04', 'issue_place': '#BBDC1E', 'invoice_currency': '#49015B', 'O': '#F4C760', 'amount_in_words': '#E4B9BF'}
2024-05-08 12:55:29,145 is result_set is instance of dict? True
2024-05-08 12:55:29,146 is final_result_set is instance of dict? True
2024-05-08 12:55:29,219 Time taken for page 1 of Covering_Schedule_904_page_4.png:0:00:01.402646
2024-05-08 12:55:29,281 *****Generated All Pages****** for Covering_Schedule_904_page_4.png
2024-05-08 12:55:29,281 RAM memory 90.7 used for Covering_Schedule_904_page_4.png Generating All Pages:
2024-05-08 12:55:29,281 Processing time taken for all pages of Covering_Schedule_904_page_4.png1:0:00:01.465316
2024-05-08 12:55:29,389 file name is:Covering_Schedule_616_page_5.png
2024-05-08 12:55:29,389 folder path :Images
2024-05-08 12:55:29,389 Calling Image result
2024-05-08 12:55:29,389 is all_page_result is instance of dict? True
2024-05-08 12:55:29,389 STREAM b'IHDR' 16 13
2024-05-08 12:55:29,389 STREAM b'IDAT' 41 15494
2024-05-08 12:55:29,397 is words is instance of list? True
2024-05-08 12:55:29,397 is bboxes is instance of list? True
2024-05-08 12:55:29,397 is bounding_boxes is instance of list? True
2024-05-08 12:55:29,466 is input_id_chunks is instance of list? True
2024-05-08 12:55:29,466 is mask_chunks is instance of list? True
2024-05-08 12:55:29,466 is bbox_chunks is instance of list? True
2024-05-08 12:55:29,466 is image_chunks is instance of list? True
2024-05-08 12:55:29,467 is input_dict is instance of dict? True
2024-05-08 12:55:30,575 Model Called
2024-05-08 12:55:30,575 RAM memory 84.1 used for Covering_Schedule_616_page_5.png:
2024-05-08 12:55:30,575 is all_predictions is instance of list? True
2024-05-08 12:55:30,575 is all_boxes is instance of list? True
2024-05-08 12:55:30,575 is all_confidences is instance of list? True
2024-05-08 12:55:30,575 is all_text is instance of list? True
2024-05-08 12:55:30,576 is label2id is instance of dict? True
2024-05-08 12:55:30,576 is id2label is instance of dict? True
2024-05-08 12:55:30,576 is label2color is instance of dict? True
2024-05-08 12:55:30,577 label2color : {'tenor_type': '#4C2E33', 'invoice_due_date': '#C56C25', 'diclaration_by': '#A9F574', 'invoice_amount': '#057552', 'original_or_copy': '#C80100', 'boe_currency': '#9B4D81', 'lc_ref_no': '#2A0269', 'boe_amount': '#A3AE29', 'indicator_date': '#86BD6E', 'tenore_details': '#A5354B', 'lc_date': '#23FD2A', 'issuing_bank': '#10271B', 'drawer_name': '#D45335', 'stamp': '#232EE3', 'drawer_bank_address': '#DCF19A', 'drawer_address': '#D340CD', 'drawee_name': '#C3CDF6', 'country_of_origin': '#FB2A13', 'tenor_indicator': '#1CF53A', 'bill_exchange_no': '#2EFBD0', 'drawee_bank_address': '#8614FD', 'issuing_bank_address': '#7E8669', 'bill_exchange_date': '#9BA6E3', 'goods_discription': '#B82E7A', 'drawer_bank_name': '#2370A2', 'indicator_type': '#6D4E5F', 'drawee_bank_name': '#CFAD6F', 'usance_tenor': '#177CF9', 'signature': '#448109', 'invoice_no': '#B61BC7', 'original_number': '#E70769', 'drawee_address': '#B5A66D', 'invoice_date': '#6F227D', 'issue_place': '#E9999F', 'invoice_currency': '#969753', 'O': '#60F6B9', 'amount_in_words': '#39B63B'}
2024-05-08 12:55:30,627 is result_set is instance of dict? True
2024-05-08 12:55:30,627 is final_result_set is instance of dict? True
2024-05-08 12:55:30,701 Time taken for page 1 of Covering_Schedule_616_page_5.png:0:00:01.311909
2024-05-08 12:55:30,748 *****Generated All Pages****** for Covering_Schedule_616_page_5.png
2024-05-08 12:55:30,748 RAM memory 83.9 used for Covering_Schedule_616_page_5.png Generating All Pages:
2024-05-08 12:55:30,748 Processing time taken for all pages of Covering_Schedule_616_page_5.png1:0:00:01.359531
2024-05-08 12:55:30,869 file name is:Covering_Schedule_2_page_1.png
2024-05-08 12:55:30,869 folder path :Images
2024-05-08 12:55:30,869 Calling Image result
2024-05-08 12:55:30,869 is all_page_result is instance of dict? True
2024-05-08 12:55:30,869 STREAM b'IHDR' 16 13
2024-05-08 12:55:30,869 STREAM b'IDAT' 41 43099
2024-05-08 12:55:30,896 is words is instance of list? True
2024-05-08 12:55:30,896 is bboxes is instance of list? True
2024-05-08 12:55:30,896 is bounding_boxes is instance of list? True
2024-05-08 12:55:31,123 is input_id_chunks is instance of list? True
2024-05-08 12:55:31,124 is mask_chunks is instance of list? True
2024-05-08 12:55:31,124 is bbox_chunks is instance of list? True
2024-05-08 12:55:31,124 is image_chunks is instance of list? True
2024-05-08 12:55:31,124 is input_dict is instance of dict? True
2024-05-08 12:55:32,337 Model Called
2024-05-08 12:55:32,337 RAM memory 83.8 used for Covering_Schedule_2_page_1.png:
2024-05-08 12:55:32,337 is all_predictions is instance of list? True
2024-05-08 12:55:32,337 is all_boxes is instance of list? True
2024-05-08 12:55:32,337 is all_confidences is instance of list? True
2024-05-08 12:55:32,337 is all_text is instance of list? True
2024-05-08 12:55:32,338 is label2id is instance of dict? True
2024-05-08 12:55:32,338 is id2label is instance of dict? True
2024-05-08 12:55:32,338 is label2color is instance of dict? True
2024-05-08 12:55:32,338 label2color : {'tenor_type': '#55A50C', 'invoice_due_date': '#3B391B', 'diclaration_by': '#F36ED4', 'invoice_amount': '#9F5F03', 'original_or_copy': '#5B8C60', 'boe_currency': '#6C8441', 'lc_ref_no': '#5A29FE', 'boe_amount': '#B70C57', 'indicator_date': '#709965', 'tenore_details': '#3B3AC8', 'lc_date': '#5BF792', 'issuing_bank': '#1650C6', 'drawer_name': '#08F574', 'stamp': '#3E6FA6', 'drawer_bank_address': '#31AC02', 'drawer_address': '#0F8B33', 'drawee_name': '#2B6761', 'country_of_origin': '#E400ED', 'tenor_indicator': '#198B47', 'bill_exchange_no': '#A666F4', 'drawee_bank_address': '#6EAE45', 'issuing_bank_address': '#E473BC', 'bill_exchange_date': '#577423', 'goods_discription': '#2853C4', 'drawer_bank_name': '#BA5C34', 'indicator_type': '#9B60B4', 'drawee_bank_name': '#9CEE2D', 'usance_tenor': '#CCF59D', 'signature': '#8B5631', 'invoice_no': '#86BBF9', 'original_number': '#BACB18', 'drawee_address': '#5B1210', 'invoice_date': '#BCF032', 'issue_place': '#C6C473', 'invoice_currency': '#34FB9F', 'O': '#2323B6', 'amount_in_words': '#CF24DF'}
2024-05-08 12:55:32,499 is result_set is instance of dict? True
2024-05-08 12:55:32,500 is final_result_set is instance of dict? True
2024-05-08 12:55:32,631 Time taken for page 1 of Covering_Schedule_2_page_1.png:0:00:01.761694
2024-05-08 12:55:32,746 *****Generated All Pages****** for Covering_Schedule_2_page_1.png
2024-05-08 12:55:32,747 RAM memory 83.8 used for Covering_Schedule_2_page_1.png Generating All Pages:
2024-05-08 12:55:32,747 Processing time taken for all pages of Covering_Schedule_2_page_1.png1:0:00:01.877885
2024-05-08 12:55:32,853 file name is:Covering_Schedule_606_page_2.png
2024-05-08 12:55:32,853 folder path :Images
2024-05-08 12:55:32,853 Calling Image result
2024-05-08 12:55:32,853 is all_page_result is instance of dict? True
2024-05-08 12:55:32,854 STREAM b'IHDR' 16 13
2024-05-08 12:55:32,854 STREAM b'IDAT' 41 29457
2024-05-08 12:55:32,884 is words is instance of list? True
2024-05-08 12:55:32,884 is bboxes is instance of list? True
2024-05-08 12:55:32,884 is bounding_boxes is instance of list? True
2024-05-08 12:55:33,089 is input_id_chunks is instance of list? True
2024-05-08 12:55:33,090 is mask_chunks is instance of list? True
2024-05-08 12:55:33,090 is bbox_chunks is instance of list? True
2024-05-08 12:55:33,090 is image_chunks is instance of list? True
2024-05-08 12:55:33,090 is input_dict is instance of dict? True
2024-05-08 12:55:34,459 Model Called
2024-05-08 12:55:34,459 RAM memory 83.6 used for Covering_Schedule_606_page_2.png:
2024-05-08 12:55:34,459 is all_predictions is instance of list? True
2024-05-08 12:55:34,459 is all_boxes is instance of list? True
2024-05-08 12:55:34,459 is all_confidences is instance of list? True
2024-05-08 12:55:34,459 is all_text is instance of list? True
2024-05-08 12:55:34,460 is label2id is instance of dict? True
2024-05-08 12:55:34,460 is id2label is instance of dict? True
2024-05-08 12:55:34,460 is label2color is instance of dict? True
2024-05-08 12:55:34,460 label2color : {'tenor_type': '#ABECBD', 'invoice_due_date': '#242812', 'diclaration_by': '#29B400', 'invoice_amount': '#BD9266', 'original_or_copy': '#19EFCD', 'boe_currency': '#9318A3', 'lc_ref_no': '#BE5725', 'boe_amount': '#23FF32', 'indicator_date': '#6F7139', 'tenore_details': '#B92014', 'lc_date': '#161098', 'issuing_bank': '#FF5509', 'drawer_name': '#C35357', 'stamp': '#2F7CF9', 'drawer_bank_address': '#2A2015', 'drawer_address': '#6A8F17', 'drawee_name': '#9486AF', 'country_of_origin': '#CD2142', 'tenor_indicator': '#916440', 'bill_exchange_no': '#56AD8B', 'drawee_bank_address': '#DEBE8E', 'issuing_bank_address': '#4C16A1', 'bill_exchange_date': '#626BD8', 'goods_discription': '#35EC76', 'drawer_bank_name': '#63D08A', 'indicator_type': '#92F591', 'drawee_bank_name': '#9C7810', 'usance_tenor': '#ECE032', 'signature': '#9B6363', 'invoice_no': '#53F87E', 'original_number': '#DFDC4A', 'drawee_address': '#CF495D', 'invoice_date': '#FF1B51', 'issue_place': '#0E2F3C', 'invoice_currency': '#6C0812', 'O': '#F0D5C7', 'amount_in_words': '#F98EC3'}
2024-05-08 12:55:34,604 is result_set is instance of dict? True
2024-05-08 12:55:34,605 is final_result_set is instance of dict? True
2024-05-08 12:55:34,650 Time taken for page 1 of Covering_Schedule_606_page_2.png:0:00:01.796488
2024-05-08 12:55:34,758 *****Generated All Pages****** for Covering_Schedule_606_page_2.png
2024-05-08 12:55:34,758 RAM memory 83.6 used for Covering_Schedule_606_page_2.png Generating All Pages:
2024-05-08 12:55:34,758 Processing time taken for all pages of Covering_Schedule_606_page_2.png1:0:00:01.904934
2024-05-08 12:55:34,868 file name is:Covering_Schedule_825_page_2.png
2024-05-08 12:55:34,868 folder path :Images
2024-05-08 12:55:34,868 Calling Image result
2024-05-08 12:55:34,868 is all_page_result is instance of dict? True
2024-05-08 12:55:34,868 STREAM b'IHDR' 16 13
2024-05-08 12:55:34,868 STREAM b'sRGB' 41 1
2024-05-08 12:55:34,868 STREAM b'gAMA' 54 4
2024-05-08 12:55:34,868 STREAM b'pHYs' 70 9
2024-05-08 12:55:34,868 STREAM b'IDAT' 91 19475
2024-05-08 12:55:34,895 is words is instance of list? True
2024-05-08 12:55:34,895 is bboxes is instance of list? True
2024-05-08 12:55:34,895 is bounding_boxes is instance of list? True
2024-05-08 12:55:35,108 is input_id_chunks is instance of list? True
2024-05-08 12:55:35,108 is mask_chunks is instance of list? True
2024-05-08 12:55:35,108 is bbox_chunks is instance of list? True
2024-05-08 12:55:35,108 is image_chunks is instance of list? True
2024-05-08 12:55:35,108 is input_dict is instance of dict? True
2024-05-08 12:55:36,454 Model Called
2024-05-08 12:55:36,455 RAM memory 80.5 used for Covering_Schedule_825_page_2.png:
2024-05-08 12:55:36,455 is all_predictions is instance of list? True
2024-05-08 12:55:36,455 is all_boxes is instance of list? True
2024-05-08 12:55:36,455 is all_confidences is instance of list? True
2024-05-08 12:55:36,455 is all_text is instance of list? True
2024-05-08 12:55:36,455 is label2id is instance of dict? True
2024-05-08 12:55:36,455 is id2label is instance of dict? True
2024-05-08 12:55:36,456 is label2color is instance of dict? True
2024-05-08 12:55:36,456 label2color : {'tenor_type': '#205B21', 'invoice_due_date': '#D35F22', 'diclaration_by': '#373BF9', 'invoice_amount': '#F9D644', 'original_or_copy': '#0477BE', 'boe_currency': '#FDE590', 'lc_ref_no': '#CC8989', 'boe_amount': '#83339B', 'indicator_date': '#884718', 'tenore_details': '#BC74CE', 'lc_date': '#448C1B', 'issuing_bank': '#834BCC', 'drawer_name': '#1F2EF4', 'stamp': '#50F9A0', 'drawer_bank_address': '#BD8E08', 'drawer_address': '#0301AA', 'drawee_name': '#1905AD', 'country_of_origin': '#F68415', 'tenor_indicator': '#CB27D9', 'bill_exchange_no': '#D0EDBD', 'drawee_bank_address': '#4BA5ED', 'issuing_bank_address': '#5AE085', 'bill_exchange_date': '#F2ACD7', 'goods_discription': '#088CD8', 'drawer_bank_name': '#323CC7', 'indicator_type': '#5A985E', 'drawee_bank_name': '#6E6768', 'usance_tenor': '#CF01CE', 'signature': '#D2C5F1', 'invoice_no': '#1B24A3', 'original_number': '#A8A1F9', 'drawee_address': '#E85D0C', 'invoice_date': '#3C2AC2', 'issue_place': '#326B76', 'invoice_currency': '#5C775E', 'O': '#83A581', 'amount_in_words': '#D7690F'}
2024-05-08 12:55:36,593 is result_set is instance of dict? True
2024-05-08 12:55:36,593 is final_result_set is instance of dict? True
2024-05-08 12:55:36,631 Time taken for page 1 of Covering_Schedule_825_page_2.png:0:00:01.762760
2024-05-08 12:55:36,723 *****Generated All Pages****** for Covering_Schedule_825_page_2.png
2024-05-08 12:55:36,724 RAM memory 80.5 used for Covering_Schedule_825_page_2.png Generating All Pages:
2024-05-08 12:55:36,724 Processing time taken for all pages of Covering_Schedule_825_page_2.png1:0:00:01.855786
2024-05-08 12:55:36,833 file name is:Covering_Schedule_587_page_4.png
2024-05-08 12:55:36,833 folder path :Images
2024-05-08 12:55:36,833 Calling Image result
2024-05-08 12:55:36,833 is all_page_result is instance of dict? True
2024-05-08 12:55:36,833 STREAM b'IHDR' 16 13
2024-05-08 12:55:36,833 STREAM b'sBIT' 41 3
2024-05-08 12:55:36,833 b'sBIT' 41 3 (unknown)
2024-05-08 12:55:36,833 STREAM b'IDAT' 56 8192
2024-05-08 12:55:36,895 is words is instance of list? True
2024-05-08 12:55:36,895 is bboxes is instance of list? True
2024-05-08 12:55:36,895 is bounding_boxes is instance of list? True
2024-05-08 12:55:37,110 is input_id_chunks is instance of list? True
2024-05-08 12:55:37,110 is mask_chunks is instance of list? True
2024-05-08 12:55:37,110 is bbox_chunks is instance of list? True
2024-05-08 12:55:37,110 is image_chunks is instance of list? True
2024-05-08 12:55:37,110 is input_dict is instance of dict? True
2024-05-08 12:55:38,134 Model Called
2024-05-08 12:55:38,135 RAM memory 80.6 used for Covering_Schedule_587_page_4.png:
2024-05-08 12:55:38,135 is all_predictions is instance of list? True
2024-05-08 12:55:38,135 is all_boxes is instance of list? True
2024-05-08 12:55:38,135 is all_confidences is instance of list? True
2024-05-08 12:55:38,135 is all_text is instance of list? True
2024-05-08 12:55:38,135 is label2id is instance of dict? True
2024-05-08 12:55:38,135 is id2label is instance of dict? True
2024-05-08 12:55:38,136 is label2color is instance of dict? True
2024-05-08 12:55:38,136 label2color : {'tenor_type': '#9633EE', 'invoice_due_date': '#C8D4A3', 'diclaration_by': '#09D96A', 'invoice_amount': '#C6A243', 'original_or_copy': '#75B94D', 'boe_currency': '#EA178A', 'lc_ref_no': '#B5EA95', 'boe_amount': '#A8151F', 'indicator_date': '#B510FC', 'tenore_details': '#7F296C', 'lc_date': '#26645E', 'issuing_bank': '#D429C4', 'drawer_name': '#430B30', 'stamp': '#925EE2', 'drawer_bank_address': '#40073B', 'drawer_address': '#1E3307', 'drawee_name': '#D127A6', 'country_of_origin': '#C0E3F3', 'tenor_indicator': '#F1FADA', 'bill_exchange_no': '#B56751', 'drawee_bank_address': '#A29A88', 'issuing_bank_address': '#4CE834', 'bill_exchange_date': '#C324BE', 'goods_discription': '#AFFB4D', 'drawer_bank_name': '#57348B', 'indicator_type': '#69CCBB', 'drawee_bank_name': '#FBA331', 'usance_tenor': '#28D284', 'signature': '#ADE9F0', 'invoice_no': '#651954', 'original_number': '#C6F9DE', 'drawee_address': '#516BC4', 'invoice_date': '#527394', 'issue_place': '#5A0713', 'invoice_currency': '#643478', 'O': '#42CCB6', 'amount_in_words': '#DF0421'}
2024-05-08 12:55:38,276 is result_set is instance of dict? True
2024-05-08 12:55:38,277 is final_result_set is instance of dict? True
2024-05-08 12:55:38,334 Time taken for page 1 of Covering_Schedule_587_page_4.png:0:00:01.500290
2024-05-08 12:55:38,457 *****Generated All Pages****** for Covering_Schedule_587_page_4.png
2024-05-08 12:55:38,457 RAM memory 80.6 used for Covering_Schedule_587_page_4.png Generating All Pages:
2024-05-08 12:55:38,457 Processing time taken for all pages of Covering_Schedule_587_page_4.png1:0:00:01.624353
2024-05-08 12:55:38,562 file name is:Covering_Schedule_878_page_4.png
2024-05-08 12:55:38,562 folder path :Images
2024-05-08 12:55:38,562 Calling Image result
2024-05-08 12:55:38,562 is all_page_result is instance of dict? True
2024-05-08 12:55:38,573 STREAM b'IHDR' 16 13
2024-05-08 12:55:38,573 STREAM b'IDAT' 41 17795
2024-05-08 12:55:38,598 is words is instance of list? True
2024-05-08 12:55:38,598 is bboxes is instance of list? True
2024-05-08 12:55:38,598 is bounding_boxes is instance of list? True
2024-05-08 12:55:38,820 is input_id_chunks is instance of list? True
2024-05-08 12:55:38,820 is mask_chunks is instance of list? True
2024-05-08 12:55:38,820 is bbox_chunks is instance of list? True
2024-05-08 12:55:38,820 is image_chunks is instance of list? True
2024-05-08 12:55:38,821 is input_dict is instance of dict? True
2024-05-08 12:55:40,183 Model Called
2024-05-08 12:55:40,184 RAM memory 80.6 used for Covering_Schedule_878_page_4.png:
2024-05-08 12:55:40,184 is all_predictions is instance of list? True
2024-05-08 12:55:40,184 is all_boxes is instance of list? True
2024-05-08 12:55:40,184 is all_confidences is instance of list? True
2024-05-08 12:55:40,184 is all_text is instance of list? True
2024-05-08 12:55:40,184 is label2id is instance of dict? True
2024-05-08 12:55:40,184 is id2label is instance of dict? True
2024-05-08 12:55:40,185 is label2color is instance of dict? True
2024-05-08 12:55:40,185 label2color : {'tenor_type': '#1E169A', 'invoice_due_date': '#D7BC6C', 'diclaration_by': '#81FE45', 'invoice_amount': '#223820', 'original_or_copy': '#F23D3A', 'boe_currency': '#4D88DD', 'lc_ref_no': '#4E90BA', 'boe_amount': '#E7639D', 'indicator_date': '#D5598B', 'tenore_details': '#D724E2', 'lc_date': '#F882EE', 'issuing_bank': '#59F09B', 'drawer_name': '#B49DB8', 'stamp': '#38AADD', 'drawer_bank_address': '#22C852', 'drawer_address': '#6F5D1B', 'drawee_name': '#127BB6', 'country_of_origin': '#9CB5C1', 'tenor_indicator': '#25B06B', 'bill_exchange_no': '#22518A', 'drawee_bank_address': '#D9B06A', 'issuing_bank_address': '#A60983', 'bill_exchange_date': '#713007', 'goods_discription': '#7759A4', 'drawer_bank_name': '#8EA705', 'indicator_type': '#38EDB2', 'drawee_bank_name': '#BD3182', 'usance_tenor': '#D9BD84', 'signature': '#DFFC3F', 'invoice_no': '#94EA41', 'original_number': '#DCAC46', 'drawee_address': '#2EC9C8', 'invoice_date': '#4B19EE', 'issue_place': '#1700FE', 'invoice_currency': '#740173', 'O': '#FBE763', 'amount_in_words': '#CB1A3C'}
2024-05-08 12:55:40,338 is result_set is instance of dict? True
2024-05-08 12:55:40,338 is final_result_set is instance of dict? True
2024-05-08 12:55:40,382 Time taken for page 1 of Covering_Schedule_878_page_4.png:0:00:01.809672
2024-05-08 12:55:40,473 *****Generated All Pages****** for Covering_Schedule_878_page_4.png
2024-05-08 12:55:40,474 RAM memory 80.6 used for Covering_Schedule_878_page_4.png Generating All Pages:
2024-05-08 12:55:40,474 Processing time taken for all pages of Covering_Schedule_878_page_4.png1:0:00:01.911617
2024-05-08 12:55:40,582 file name is:Covering_Schedule_253_page_1.png
2024-05-08 12:55:40,582 folder path :Images
2024-05-08 12:55:40,582 Calling Image result
2024-05-08 12:55:40,582 is all_page_result is instance of dict? True
2024-05-08 12:55:40,582 STREAM b'IHDR' 16 13
2024-05-08 12:55:40,582 STREAM b'IDAT' 41 36338
2024-05-08 12:55:40,610 is words is instance of list? True
2024-05-08 12:55:40,610 is bboxes is instance of list? True
2024-05-08 12:55:40,610 is bounding_boxes is instance of list? True
2024-05-08 12:55:40,830 is input_id_chunks is instance of list? True
2024-05-08 12:55:40,830 is mask_chunks is instance of list? True
2024-05-08 12:55:40,830 is bbox_chunks is instance of list? True
2024-05-08 12:55:40,830 is image_chunks is instance of list? True
2024-05-08 12:55:40,830 is input_dict is instance of dict? True
2024-05-08 12:55:41,891 Model Called
2024-05-08 12:55:41,891 RAM memory 80.6 used for Covering_Schedule_253_page_1.png:
2024-05-08 12:55:41,891 is all_predictions is instance of list? True
2024-05-08 12:55:41,891 is all_boxes is instance of list? True
2024-05-08 12:55:41,891 is all_confidences is instance of list? True
2024-05-08 12:55:41,891 is all_text is instance of list? True
2024-05-08 12:55:41,892 is label2id is instance of dict? True
2024-05-08 12:55:41,892 is id2label is instance of dict? True
2024-05-08 12:55:41,892 is label2color is instance of dict? True
2024-05-08 12:55:41,892 label2color : {'tenor_type': '#8A4E78', 'invoice_due_date': '#A50CD0', 'diclaration_by': '#647D2A', 'invoice_amount': '#C18767', 'original_or_copy': '#F13FE3', 'boe_currency': '#DEEB9D', 'lc_ref_no': '#7699BB', 'boe_amount': '#3E4CD7', 'indicator_date': '#8F3B90', 'tenore_details': '#F75068', 'lc_date': '#970B5D', 'issuing_bank': '#D51F9C', 'drawer_name': '#7F0516', 'stamp': '#9001C5', 'drawer_bank_address': '#263B99', 'drawer_address': '#13E1C4', 'drawee_name': '#9C6A74', 'country_of_origin': '#CCA70D', 'tenor_indicator': '#239F7B', 'bill_exchange_no': '#CDDCEA', 'drawee_bank_address': '#3CCCD6', 'issuing_bank_address': '#9A67D9', 'bill_exchange_date': '#0E928C', 'goods_discription': '#322934', 'drawer_bank_name': '#B3C3BD', 'indicator_type': '#436753', 'drawee_bank_name': '#7C3F43', 'usance_tenor': '#6AFF48', 'signature': '#4B1228', 'invoice_no': '#8CEAAA', 'original_number': '#307A83', 'drawee_address': '#867A57', 'invoice_date': '#ADC22B', 'issue_place': '#4728C8', 'invoice_currency': '#E3DC52', 'O': '#EE53C1', 'amount_in_words': '#0FA49B'}
2024-05-08 12:55:42,031 is result_set is instance of dict? True
2024-05-08 12:55:42,032 is final_result_set is instance of dict? True
2024-05-08 12:55:42,114 Time taken for page 1 of Covering_Schedule_253_page_1.png:0:00:01.531942
2024-05-08 12:55:42,229 *****Generated All Pages****** for Covering_Schedule_253_page_1.png
2024-05-08 12:55:42,229 RAM memory 80.7 used for Covering_Schedule_253_page_1.png Generating All Pages:
2024-05-08 12:55:42,229 Processing time taken for all pages of Covering_Schedule_253_page_1.png1:0:00:01.647154
2024-05-08 12:55:42,336 file name is:Covering_Schedule(2013_04_15_15_44_07_2043)_150_page_1.png
2024-05-08 12:55:42,336 folder path :Images
2024-05-08 12:55:42,336 Calling Image result
2024-05-08 12:55:42,336 is all_page_result is instance of dict? True
2024-05-08 12:55:42,346 STREAM b'IHDR' 16 13
2024-05-08 12:55:42,346 STREAM b'sRGB' 41 1
2024-05-08 12:55:42,346 STREAM b'gAMA' 54 4
2024-05-08 12:55:42,347 STREAM b'pHYs' 70 9
2024-05-08 12:55:42,347 STREAM b'IDAT' 91 38697
2024-05-08 12:55:42,374 is words is instance of list? True
2024-05-08 12:55:42,374 is bboxes is instance of list? True
2024-05-08 12:55:42,374 is bounding_boxes is instance of list? True
2024-05-08 12:55:42,592 is input_id_chunks is instance of list? True
2024-05-08 12:55:42,592 is mask_chunks is instance of list? True
2024-05-08 12:55:42,592 is bbox_chunks is instance of list? True
2024-05-08 12:55:42,592 is image_chunks is instance of list? True
2024-05-08 12:55:42,592 is input_dict is instance of dict? True
2024-05-08 12:55:43,931 Model Called
2024-05-08 12:55:43,931 RAM memory 80.5 used for Covering_Schedule(2013_04_15_15_44_07_2043)_150_page_1.png:
2024-05-08 12:55:43,931 is all_predictions is instance of list? True
2024-05-08 12:55:43,931 is all_boxes is instance of list? True
2024-05-08 12:55:43,931 is all_confidences is instance of list? True
2024-05-08 12:55:43,931 is all_text is instance of list? True
2024-05-08 12:55:43,932 is label2id is instance of dict? True
2024-05-08 12:55:43,932 is id2label is instance of dict? True
2024-05-08 12:55:43,932 is label2color is instance of dict? True
2024-05-08 12:55:43,932 label2color : {'tenor_type': '#A7BBA3', 'invoice_due_date': '#38824D', 'diclaration_by': '#FCCC06', 'invoice_amount': '#3CB228', 'original_or_copy': '#14DA44', 'boe_currency': '#9C6F8B', 'lc_ref_no': '#C808F8', 'boe_amount': '#BBB87E', 'indicator_date': '#465AC2', 'tenore_details': '#B86B56', 'lc_date': '#AC9DA0', 'issuing_bank': '#3CA10B', 'drawer_name': '#3FBA09', 'stamp': '#24EBB4', 'drawer_bank_address': '#08DD59', 'drawer_address': '#684084', 'drawee_name': '#546E83', 'country_of_origin': '#F4AA8F', 'tenor_indicator': '#D0110D', 'bill_exchange_no': '#C37F8E', 'drawee_bank_address': '#51193C', 'issuing_bank_address': '#BF9F80', 'bill_exchange_date': '#387A62', 'goods_discription': '#66A724', 'drawer_bank_name': '#C302F2', 'indicator_type': '#6CB4A2', 'drawee_bank_name': '#54A93F', 'usance_tenor': '#484A0F', 'signature': '#B70A20', 'invoice_no': '#43ECF1', 'original_number': '#371F6C', 'drawee_address': '#6441CB', 'invoice_date': '#860852', 'issue_place': '#F682D6', 'invoice_currency': '#4E1B44', 'O': '#562AB2', 'amount_in_words': '#9F9865'}
2024-05-08 12:55:44,085 is result_set is instance of dict? True
2024-05-08 12:55:44,086 is final_result_set is instance of dict? True
2024-05-08 12:55:44,145 Time taken for page 1 of Covering_Schedule(2013_04_15_15_44_07_2043)_150_page_1.png:0:00:01.798467
2024-05-08 12:55:44,264 *****Generated All Pages****** for Covering_Schedule(2013_04_15_15_44_07_2043)_150_page_1.png
2024-05-08 12:55:44,264 RAM memory 80.5 used for Covering_Schedule(2013_04_15_15_44_07_2043)_150_page_1.png Generating All Pages:
2024-05-08 12:55:44,264 Processing time taken for all pages of Covering_Schedule(2013_04_15_15_44_07_2043)_150_page_1.png1:0:00:01.928146
2024-05-08 12:55:44,373 file name is:Covering_Schedule_482_page_8.png
2024-05-08 12:55:44,373 folder path :Images
2024-05-08 12:55:44,373 Calling Image result
2024-05-08 12:55:44,373 is all_page_result is instance of dict? True
2024-05-08 12:55:44,373 STREAM b'IHDR' 16 13
2024-05-08 12:55:44,373 STREAM b'IDAT' 41 26469
2024-05-08 12:55:44,400 is words is instance of list? True
2024-05-08 12:55:44,400 is bboxes is instance of list? True
2024-05-08 12:55:44,400 is bounding_boxes is instance of list? True
2024-05-08 12:55:44,623 is input_id_chunks is instance of list? True
2024-05-08 12:55:44,623 is mask_chunks is instance of list? True
2024-05-08 12:55:44,623 is bbox_chunks is instance of list? True
2024-05-08 12:55:44,623 is image_chunks is instance of list? True
2024-05-08 12:55:44,624 is input_dict is instance of dict? True
2024-05-08 12:55:45,636 Model Called
2024-05-08 12:55:45,636 RAM memory 80.6 used for Covering_Schedule_482_page_8.png:
2024-05-08 12:55:45,636 is all_predictions is instance of list? True
2024-05-08 12:55:45,636 is all_boxes is instance of list? True
2024-05-08 12:55:45,636 is all_confidences is instance of list? True
2024-05-08 12:55:45,636 is all_text is instance of list? True
2024-05-08 12:55:45,636 is label2id is instance of dict? True
2024-05-08 12:55:45,636 is id2label is instance of dict? True
2024-05-08 12:55:45,637 is label2color is instance of dict? True
2024-05-08 12:55:45,637 label2color : {'tenor_type': '#C70086', 'invoice_due_date': '#6202DC', 'diclaration_by': '#0E94A1', 'invoice_amount': '#A26D60', 'original_or_copy': '#7BF0C8', 'boe_currency': '#62BFF8', 'lc_ref_no': '#47216F', 'boe_amount': '#E89BB7', 'indicator_date': '#7A9533', 'tenore_details': '#3B6DC4', 'lc_date': '#62DDB7', 'issuing_bank': '#36F2F5', 'drawer_name': '#AE2B07', 'stamp': '#E8B6B1', 'drawer_bank_address': '#C0DA97', 'drawer_address': '#3FFD40', 'drawee_name': '#FE0FF5', 'country_of_origin': '#8D0921', 'tenor_indicator': '#41200C', 'bill_exchange_no': '#EE987E', 'drawee_bank_address': '#CB7196', 'issuing_bank_address': '#3B9ACC', 'bill_exchange_date': '#337C79', 'goods_discription': '#8D7F5A', 'drawer_bank_name': '#630247', 'indicator_type': '#5C4DDE', 'drawee_bank_name': '#7FD3D4', 'usance_tenor': '#2FF252', 'signature': '#B83B40', 'invoice_no': '#88567E', 'original_number': '#0C2C87', 'drawee_address': '#F24D3E', 'invoice_date': '#DC1B7B', 'issue_place': '#482BEF', 'invoice_currency': '#AC4658', 'O': '#E0FFE8', 'amount_in_words': '#B35DEE'}
2024-05-08 12:55:45,772 is result_set is instance of dict? True
2024-05-08 12:55:45,772 is final_result_set is instance of dict? True
2024-05-08 12:55:45,823 Time taken for page 1 of Covering_Schedule_482_page_8.png:0:00:01.449691
2024-05-08 12:55:45,918 *****Generated All Pages****** for Covering_Schedule_482_page_8.png
2024-05-08 12:55:45,919 RAM memory 80.4 used for Covering_Schedule_482_page_8.png Generating All Pages:
2024-05-08 12:55:45,919 Processing time taken for all pages of Covering_Schedule_482_page_8.png1:0:00:01.545603
2024-05-08 12:55:46,027 file name is:Covering_Schedule_586_page_2.png
2024-05-08 12:55:46,027 folder path :Images
2024-05-08 12:55:46,027 Calling Image result
2024-05-08 12:55:46,027 is all_page_result is instance of dict? True
2024-05-08 12:55:46,028 STREAM b'IHDR' 16 13
2024-05-08 12:55:46,028 STREAM b'IDAT' 41 28553
2024-05-08 12:55:46,059 is words is instance of list? True
2024-05-08 12:55:46,059 is bboxes is instance of list? True
2024-05-08 12:55:46,059 is bounding_boxes is instance of list? True
2024-05-08 12:55:46,270 is input_id_chunks is instance of list? True
2024-05-08 12:55:46,270 is mask_chunks is instance of list? True
2024-05-08 12:55:46,270 is bbox_chunks is instance of list? True
2024-05-08 12:55:46,270 is image_chunks is instance of list? True
2024-05-08 12:55:46,271 is input_dict is instance of dict? True
2024-05-08 12:55:47,337 Model Called
2024-05-08 12:55:47,337 RAM memory 80.4 used for Covering_Schedule_586_page_2.png:
2024-05-08 12:55:47,338 is all_predictions is instance of list? True
2024-05-08 12:55:47,338 is all_boxes is instance of list? True
2024-05-08 12:55:47,338 is all_confidences is instance of list? True
2024-05-08 12:55:47,338 is all_text is instance of list? True
2024-05-08 12:55:47,338 is label2id is instance of dict? True
2024-05-08 12:55:47,338 is id2label is instance of dict? True
2024-05-08 12:55:47,339 is label2color is instance of dict? True
2024-05-08 12:55:47,339 label2color : {'tenor_type': '#F545C4', 'invoice_due_date': '#1EBF30', 'diclaration_by': '#3E6C12', 'invoice_amount': '#F8477E', 'original_or_copy': '#719B5C', 'boe_currency': '#9C0C93', 'lc_ref_no': '#24EFA5', 'boe_amount': '#69F960', 'indicator_date': '#9BE410', 'tenore_details': '#79F591', 'lc_date': '#25857E', 'issuing_bank': '#F8FFBB', 'drawer_name': '#473A39', 'stamp': '#5CFA36', 'drawer_bank_address': '#162008', 'drawer_address': '#D29F95', 'drawee_name': '#7CDB63', 'country_of_origin': '#7B5EFA', 'tenor_indicator': '#35B862', 'bill_exchange_no': '#9B6767', 'drawee_bank_address': '#74C311', 'issuing_bank_address': '#546771', 'bill_exchange_date': '#155DC5', 'goods_discription': '#B79F9D', 'drawer_bank_name': '#6B809C', 'indicator_type': '#25D447', 'drawee_bank_name': '#0631F9', 'usance_tenor': '#C263E2', 'signature': '#55F2A7', 'invoice_no': '#E3746B', 'original_number': '#A77743', 'drawee_address': '#0AC0E1', 'invoice_date': '#679AAF', 'issue_place': '#1A7388', 'invoice_currency': '#B7C8E2', 'O': '#2C66F4', 'amount_in_words': '#2D2AD3'}
2024-05-08 12:55:47,527 is result_set is instance of dict? True
2024-05-08 12:55:47,528 is final_result_set is instance of dict? True
2024-05-08 12:55:47,581 Time taken for page 1 of Covering_Schedule_586_page_2.png:0:00:01.553084
2024-05-08 12:55:47,674 *****Generated All Pages****** for Covering_Schedule_586_page_2.png
2024-05-08 12:55:47,674 RAM memory 80.6 used for Covering_Schedule_586_page_2.png Generating All Pages:
2024-05-08 12:55:47,674 Processing time taken for all pages of Covering_Schedule_586_page_2.png1:0:00:01.646659
2024-05-08 12:55:47,782 file name is:Covering_Schedule_322_page_5.png
2024-05-08 12:55:47,783 folder path :Images
2024-05-08 12:55:47,783 Calling Image result
2024-05-08 12:55:47,783 is all_page_result is instance of dict? True
2024-05-08 12:55:47,783 STREAM b'IHDR' 16 13
2024-05-08 12:55:47,783 STREAM b'IDAT' 41 43046
2024-05-08 12:55:47,811 is words is instance of list? True
2024-05-08 12:55:47,812 is bboxes is instance of list? True
2024-05-08 12:55:47,812 is bounding_boxes is instance of list? True
2024-05-08 12:55:48,022 is input_id_chunks is instance of list? True
2024-05-08 12:55:48,023 is mask_chunks is instance of list? True
2024-05-08 12:55:48,023 is bbox_chunks is instance of list? True
2024-05-08 12:55:48,023 is image_chunks is instance of list? True
2024-05-08 12:55:48,023 is input_dict is instance of dict? True
2024-05-08 12:55:49,389 Model Called
2024-05-08 12:55:49,389 RAM memory 80.3 used for Covering_Schedule_322_page_5.png:
2024-05-08 12:55:49,389 is all_predictions is instance of list? True
2024-05-08 12:55:49,389 is all_boxes is instance of list? True
2024-05-08 12:55:49,389 is all_confidences is instance of list? True
2024-05-08 12:55:49,389 is all_text is instance of list? True
2024-05-08 12:55:49,390 is label2id is instance of dict? True
2024-05-08 12:55:49,390 is id2label is instance of dict? True
2024-05-08 12:55:49,390 is label2color is instance of dict? True
2024-05-08 12:55:49,390 label2color : {'tenor_type': '#AEE5D7', 'invoice_due_date': '#39EED6', 'diclaration_by': '#69C0F4', 'invoice_amount': '#9A2802', 'original_or_copy': '#B91481', 'boe_currency': '#C3999A', 'lc_ref_no': '#165E20', 'boe_amount': '#B45403', 'indicator_date': '#B2516F', 'tenore_details': '#FE081B', 'lc_date': '#E31E08', 'issuing_bank': '#CF8B2F', 'drawer_name': '#6097D4', 'stamp': '#A1052F', 'drawer_bank_address': '#51C6DA', 'drawer_address': '#500BAC', 'drawee_name': '#32E71E', 'country_of_origin': '#2175FF', 'tenor_indicator': '#10958C', 'bill_exchange_no': '#7FB3A4', 'drawee_bank_address': '#84124F', 'issuing_bank_address': '#06794A', 'bill_exchange_date': '#B63C3B', 'goods_discription': '#0180FD', 'drawer_bank_name': '#651FD0', 'indicator_type': '#C13CE0', 'drawee_bank_name': '#3FFA89', 'usance_tenor': '#CD676A', 'signature': '#37BEA1', 'invoice_no': '#E213D7', 'original_number': '#0EDA0C', 'drawee_address': '#26C654', 'invoice_date': '#B4C692', 'issue_place': '#4729CF', 'invoice_currency': '#3AEC1A', 'O': '#84336C', 'amount_in_words': '#B92796'}
2024-05-08 12:55:49,531 is result_set is instance of dict? True
2024-05-08 12:55:49,532 is final_result_set is instance of dict? True
2024-05-08 12:55:49,607 Time taken for page 1 of Covering_Schedule_322_page_5.png:0:00:01.824287
2024-05-08 12:55:49,737 *****Generated All Pages****** for Covering_Schedule_322_page_5.png
2024-05-08 12:55:49,737 RAM memory 80.5 used for Covering_Schedule_322_page_5.png Generating All Pages:
2024-05-08 12:55:49,737 Processing time taken for all pages of Covering_Schedule_322_page_5.png1:0:00:01.954120
2024-05-08 12:55:49,842 file name is:Covering_Schedule_0_page_6.png
2024-05-08 12:55:49,842 folder path :Images
2024-05-08 12:55:49,842 Calling Image result
2024-05-08 12:55:49,842 is all_page_result is instance of dict? True
2024-05-08 12:55:49,843 STREAM b'IHDR' 16 13
2024-05-08 12:55:49,843 STREAM b'IDAT' 41 39522
2024-05-08 12:55:49,870 Checking spheric-time-383904-f1b421d86eef.json for explicit credentials as part of auth process...
2024-05-08 12:55:50,701 is words is instance of list? True
2024-05-08 12:55:50,701 is bboxes is instance of list? True
2024-05-08 12:55:50,701 is bounding_boxes is instance of list? True
2024-05-08 12:55:50,903 is input_id_chunks is instance of list? True
2024-05-08 12:55:50,903 is mask_chunks is instance of list? True
2024-05-08 12:55:50,904 is bbox_chunks is instance of list? True
2024-05-08 12:55:50,904 is image_chunks is instance of list? True
2024-05-08 12:55:50,904 is input_dict is instance of dict? True
2024-05-08 12:55:51,980 Model Called
2024-05-08 12:55:51,980 RAM memory 80.4 used for Covering_Schedule_0_page_6.png:
2024-05-08 12:55:51,980 is all_predictions is instance of list? True
2024-05-08 12:55:51,980 is all_boxes is instance of list? True
2024-05-08 12:55:51,981 is all_confidences is instance of list? True
2024-05-08 12:55:51,981 is all_text is instance of list? True
2024-05-08 12:55:51,981 is label2id is instance of dict? True
2024-05-08 12:55:51,981 is id2label is instance of dict? True
2024-05-08 12:55:51,982 is label2color is instance of dict? True
2024-05-08 12:55:51,982 label2color : {'tenor_type': '#D7A593', 'invoice_due_date': '#B2D45D', 'diclaration_by': '#E1D5C4', 'invoice_amount': '#AC2763', 'original_or_copy': '#129A08', 'boe_currency': '#6FA978', 'lc_ref_no': '#9C6840', 'boe_amount': '#B196DD', 'indicator_date': '#5CE852', 'tenore_details': '#C4ACEA', 'lc_date': '#3D779D', 'issuing_bank': '#C65278', 'drawer_name': '#F32882', 'stamp': '#8E57C8', 'drawer_bank_address': '#0E86FB', 'drawer_address': '#27DC0F', 'drawee_name': '#7FEDE9', 'country_of_origin': '#C47508', 'tenor_indicator': '#6F329C', 'bill_exchange_no': '#2B5907', 'drawee_bank_address': '#DEC30F', 'issuing_bank_address': '#CB6F31', 'bill_exchange_date': '#ED9E96', 'goods_discription': '#F17FD0', 'drawer_bank_name': '#83FB52', 'indicator_type': '#CB4AEB', 'drawee_bank_name': '#0C4FA8', 'usance_tenor': '#854D4F', 'signature': '#370246', 'invoice_no': '#98AB7F', 'original_number': '#63E271', 'drawee_address': '#0F2522', 'invoice_date': '#B79E6C', 'issue_place': '#C1E5FE', 'invoice_currency': '#A15038', 'O': '#533868', 'amount_in_words': '#608173'}
2024-05-08 12:55:52,139 is result_set is instance of dict? True
2024-05-08 12:55:52,140 is final_result_set is instance of dict? True
2024-05-08 12:55:52,165 Time taken for page 1 of Covering_Schedule_0_page_6.png:0:00:02.322245
2024-05-08 12:55:52,280 *****Generated All Pages****** for Covering_Schedule_0_page_6.png
2024-05-08 12:55:52,280 RAM memory 80.7 used for Covering_Schedule_0_page_6.png Generating All Pages:
2024-05-08 12:55:52,280 Processing time taken for all pages of Covering_Schedule_0_page_6.png1:0:00:02.438212
2024-05-08 12:55:52,401 file name is:Covering_Schedule_252_page_1.png
2024-05-08 12:55:52,401 folder path :Images
2024-05-08 12:55:52,401 Calling Image result
2024-05-08 12:55:52,401 is all_page_result is instance of dict? True
2024-05-08 12:55:52,401 STREAM b'IHDR' 16 13
2024-05-08 12:55:52,401 STREAM b'IDAT' 41 35783
2024-05-08 12:55:52,426 is words is instance of list? True
2024-05-08 12:55:52,426 is bboxes is instance of list? True
2024-05-08 12:55:52,426 is bounding_boxes is instance of list? True
2024-05-08 12:55:52,664 is input_id_chunks is instance of list? True
2024-05-08 12:55:52,664 is mask_chunks is instance of list? True
2024-05-08 12:55:52,664 is bbox_chunks is instance of list? True
2024-05-08 12:55:52,664 is image_chunks is instance of list? True
2024-05-08 12:55:52,665 is input_dict is instance of dict? True
2024-05-08 12:55:54,034 Model Called
2024-05-08 12:55:54,034 RAM memory 80.6 used for Covering_Schedule_252_page_1.png:
2024-05-08 12:55:54,035 is all_predictions is instance of list? True
2024-05-08 12:55:54,035 is all_boxes is instance of list? True
2024-05-08 12:55:54,035 is all_confidences is instance of list? True
2024-05-08 12:55:54,035 is all_text is instance of list? True
2024-05-08 12:55:54,035 is label2id is instance of dict? True
2024-05-08 12:55:54,035 is id2label is instance of dict? True
2024-05-08 12:55:54,036 is label2color is instance of dict? True
2024-05-08 12:55:54,036 label2color : {'tenor_type': '#CABBA7', 'invoice_due_date': '#B72CE7', 'diclaration_by': '#8DEFEF', 'invoice_amount': '#B0B0CE', 'original_or_copy': '#DB3396', 'boe_currency': '#4CECDC', 'lc_ref_no': '#797A1E', 'boe_amount': '#5B1493', 'indicator_date': '#D3F06A', 'tenore_details': '#76A5F2', 'lc_date': '#11F2B5', 'issuing_bank': '#3AABD9', 'drawer_name': '#CB635D', 'stamp': '#5726E1', 'drawer_bank_address': '#95622F', 'drawer_address': '#AED8AE', 'drawee_name': '#22811D', 'country_of_origin': '#A11CE5', 'tenor_indicator': '#90BC26', 'bill_exchange_no': '#850794', 'drawee_bank_address': '#8410AC', 'issuing_bank_address': '#6CD76F', 'bill_exchange_date': '#F797D2', 'goods_discription': '#E2BA86', 'drawer_bank_name': '#7E3C6A', 'indicator_type': '#5F9298', 'drawee_bank_name': '#E37EA9', 'usance_tenor': '#050FAE', 'signature': '#4CB34D', 'invoice_no': '#816746', 'original_number': '#F2ED80', 'drawee_address': '#4DEDAA', 'invoice_date': '#9C0594', 'issue_place': '#2D0318', 'invoice_currency': '#FAF6D1', 'O': '#2BE404', 'amount_in_words': '#241512'}
2024-05-08 12:55:54,187 is result_set is instance of dict? True
2024-05-08 12:55:54,188 is final_result_set is instance of dict? True
2024-05-08 12:55:54,248 Time taken for page 1 of Covering_Schedule_252_page_1.png:0:00:01.846234
2024-05-08 12:55:54,354 *****Generated All Pages****** for Covering_Schedule_252_page_1.png
2024-05-08 12:55:54,355 RAM memory 80.8 used for Covering_Schedule_252_page_1.png Generating All Pages:
2024-05-08 12:55:54,355 Processing time taken for all pages of Covering_Schedule_252_page_1.png1:0:00:01.953808
2024-05-08 12:55:54,460 file name is:Covering_Schedule_35_page_1.png
2024-05-08 12:55:54,461 folder path :Images
2024-05-08 12:55:54,461 Calling Image result
2024-05-08 12:55:54,461 is all_page_result is instance of dict? True
2024-05-08 12:55:54,471 STREAM b'IHDR' 16 13
2024-05-08 12:55:54,471 STREAM b'IDAT' 41 47154
2024-05-08 12:55:54,500 is words is instance of list? True
2024-05-08 12:55:54,500 is bboxes is instance of list? True
2024-05-08 12:55:54,500 is bounding_boxes is instance of list? True
2024-05-08 12:55:54,694 is input_id_chunks is instance of list? True
2024-05-08 12:55:54,694 is mask_chunks is instance of list? True
2024-05-08 12:55:54,694 is bbox_chunks is instance of list? True
2024-05-08 12:55:54,694 is image_chunks is instance of list? True
2024-05-08 12:55:54,694 is input_dict is instance of dict? True
2024-05-08 12:55:55,731 Model Called
2024-05-08 12:55:55,732 RAM memory 80.5 used for Covering_Schedule_35_page_1.png:
2024-05-08 12:55:55,732 is all_predictions is instance of list? True
2024-05-08 12:55:55,732 is all_boxes is instance of list? True
2024-05-08 12:55:55,732 is all_confidences is instance of list? True
2024-05-08 12:55:55,732 is all_text is instance of list? True
2024-05-08 12:55:55,732 is label2id is instance of dict? True
2024-05-08 12:55:55,732 is id2label is instance of dict? True
2024-05-08 12:55:55,733 is label2color is instance of dict? True
2024-05-08 12:55:55,733 label2color : {'tenor_type': '#C62495', 'invoice_due_date': '#808F16', 'diclaration_by': '#68056F', 'invoice_amount': '#3A9C92', 'original_or_copy': '#4FBBDB', 'boe_currency': '#FBA3F9', 'lc_ref_no': '#9FBE04', 'boe_amount': '#1F53F6', 'indicator_date': '#C17392', 'tenore_details': '#AB7935', 'lc_date': '#52D239', 'issuing_bank': '#B19873', 'drawer_name': '#3416A3', 'stamp': '#030666', 'drawer_bank_address': '#2F6DDC', 'drawer_address': '#E81743', 'drawee_name': '#BDB171', 'country_of_origin': '#6AA747', 'tenor_indicator': '#282093', 'bill_exchange_no': '#B2C18A', 'drawee_bank_address': '#13D6AA', 'issuing_bank_address': '#801F71', 'bill_exchange_date': '#D810E7', 'goods_discription': '#19728E', 'drawer_bank_name': '#961501', 'indicator_type': '#0B0A21', 'drawee_bank_name': '#EE6671', 'usance_tenor': '#9BC7EB', 'signature': '#29CF49', 'invoice_no': '#D38B10', 'original_number': '#632876', 'drawee_address': '#C1E9FE', 'invoice_date': '#271500', 'issue_place': '#FAFADD', 'invoice_currency': '#0CAA9A', 'O': '#F24417', 'amount_in_words': '#A01D8D'}
2024-05-08 12:55:55,873 is result_set is instance of dict? True
2024-05-08 12:55:55,874 is final_result_set is instance of dict? True
2024-05-08 12:55:55,976 Time taken for page 1 of Covering_Schedule_35_page_1.png:0:00:01.504959
2024-05-08 12:55:56,096 *****Generated All Pages****** for Covering_Schedule_35_page_1.png
2024-05-08 12:55:56,096 RAM memory 80.6 used for Covering_Schedule_35_page_1.png Generating All Pages:
2024-05-08 12:55:56,096 Processing time taken for all pages of Covering_Schedule_35_page_1.png1:0:00:01.635879
2024-05-08 12:55:56,198 file name is:Covering_Schedule_29_page_2.png
2024-05-08 12:55:56,198 folder path :Images
2024-05-08 12:55:56,199 Calling Image result
2024-05-08 12:55:56,199 is all_page_result is instance of dict? True
2024-05-08 12:55:56,200 STREAM b'IHDR' 16 13
2024-05-08 12:55:56,200 STREAM b'IDAT' 41 25002
2024-05-08 12:55:56,215 is words is instance of list? True
2024-05-08 12:55:56,216 is bboxes is instance of list? True
2024-05-08 12:55:56,216 is bounding_boxes is instance of list? True
2024-05-08 12:55:56,335 is input_id_chunks is instance of list? True
2024-05-08 12:55:56,336 is mask_chunks is instance of list? True
2024-05-08 12:55:56,336 is bbox_chunks is instance of list? True
2024-05-08 12:55:56,336 is image_chunks is instance of list? True
2024-05-08 12:55:56,336 is input_dict is instance of dict? True
2024-05-08 12:55:57,443 Model Called
2024-05-08 12:55:57,444 RAM memory 80.6 used for Covering_Schedule_29_page_2.png:
2024-05-08 12:55:57,444 is all_predictions is instance of list? True
2024-05-08 12:55:57,444 is all_boxes is instance of list? True
2024-05-08 12:55:57,444 is all_confidences is instance of list? True
2024-05-08 12:55:57,444 is all_text is instance of list? True
2024-05-08 12:55:57,444 is label2id is instance of dict? True
2024-05-08 12:55:57,444 is id2label is instance of dict? True
2024-05-08 12:55:57,445 is label2color is instance of dict? True
2024-05-08 12:55:57,445 label2color : {'tenor_type': '#38BA3F', 'invoice_due_date': '#1F42C3', 'diclaration_by': '#67C3FE', 'invoice_amount': '#115A28', 'original_or_copy': '#84B9EE', 'boe_currency': '#D3546E', 'lc_ref_no': '#4DA996', 'boe_amount': '#CAB741', 'indicator_date': '#8FFD7E', 'tenore_details': '#E8C713', 'lc_date': '#40FCD4', 'issuing_bank': '#A63248', 'drawer_name': '#CC4D30', 'stamp': '#09596A', 'drawer_bank_address': '#54F30D', 'drawer_address': '#8BD93D', 'drawee_name': '#E79099', 'country_of_origin': '#3FBD0C', 'tenor_indicator': '#7774E9', 'bill_exchange_no': '#8DC941', 'drawee_bank_address': '#483288', 'issuing_bank_address': '#6A99B4', 'bill_exchange_date': '#EA6B69', 'goods_discription': '#4415F8', 'drawer_bank_name': '#9F26BC', 'indicator_type': '#F620CE', 'drawee_bank_name': '#53A8A2', 'usance_tenor': '#946F8F', 'signature': '#24AAC3', 'invoice_no': '#98D568', 'original_number': '#FAA5BF', 'drawee_address': '#733669', 'invoice_date': '#1C7C17', 'issue_place': '#924C7D', 'invoice_currency': '#24C8DF', 'O': '#30210A', 'amount_in_words': '#42E582'}
2024-05-08 12:55:57,535 is result_set is instance of dict? True
2024-05-08 12:55:57,536 is final_result_set is instance of dict? True
2024-05-08 12:55:57,621 Time taken for page 1 of Covering_Schedule_29_page_2.png:0:00:01.421041
2024-05-08 12:55:57,697 *****Generated All Pages****** for Covering_Schedule_29_page_2.png
2024-05-08 12:55:57,697 RAM memory 80.6 used for Covering_Schedule_29_page_2.png Generating All Pages:
2024-05-08 12:55:57,697 Processing time taken for all pages of Covering_Schedule_29_page_2.png1:0:00:01.498400
2024-05-08 12:55:57,802 file name is:Covering_Schedule_624_page_2.png
2024-05-08 12:55:57,802 folder path :Images
2024-05-08 12:55:57,802 Calling Image result
2024-05-08 12:55:57,802 is all_page_result is instance of dict? True
2024-05-08 12:55:57,803 STREAM b'IHDR' 16 13
2024-05-08 12:55:57,803 STREAM b'sRGB' 41 1
2024-05-08 12:55:57,803 STREAM b'gAMA' 54 4
2024-05-08 12:55:57,803 STREAM b'pHYs' 70 9
2024-05-08 12:55:57,803 STREAM b'IDAT' 91 40049
2024-05-08 12:55:57,833 is words is instance of list? True
2024-05-08 12:55:57,833 is bboxes is instance of list? True
2024-05-08 12:55:57,833 is bounding_boxes is instance of list? True
2024-05-08 12:55:58,035 is input_id_chunks is instance of list? True
2024-05-08 12:55:58,035 is mask_chunks is instance of list? True
2024-05-08 12:55:58,035 is bbox_chunks is instance of list? True
2024-05-08 12:55:58,035 is image_chunks is instance of list? True
2024-05-08 12:55:58,036 is input_dict is instance of dict? True
2024-05-08 12:55:59,094 Model Called
2024-05-08 12:55:59,095 RAM memory 80.5 used for Covering_Schedule_624_page_2.png:
2024-05-08 12:55:59,095 is all_predictions is instance of list? True
2024-05-08 12:55:59,095 is all_boxes is instance of list? True
2024-05-08 12:55:59,095 is all_confidences is instance of list? True
2024-05-08 12:55:59,096 is all_text is instance of list? True
2024-05-08 12:55:59,096 is label2id is instance of dict? True
2024-05-08 12:55:59,096 is id2label is instance of dict? True
2024-05-08 12:55:59,096 is label2color is instance of dict? True
2024-05-08 12:55:59,097 label2color : {'tenor_type': '#EB2516', 'invoice_due_date': '#CEEFAE', 'diclaration_by': '#66DD2D', 'invoice_amount': '#92CD5F', 'original_or_copy': '#36052B', 'boe_currency': '#E6AB02', 'lc_ref_no': '#36452A', 'boe_amount': '#45A24D', 'indicator_date': '#AA820B', 'tenore_details': '#BB8CCF', 'lc_date': '#E75EED', 'issuing_bank': '#B9F9EC', 'drawer_name': '#B9567A', 'stamp': '#7D4844', 'drawer_bank_address': '#449B2E', 'drawer_address': '#83A997', 'drawee_name': '#255E36', 'country_of_origin': '#DA0552', 'tenor_indicator': '#CA5A3A', 'bill_exchange_no': '#C8F265', 'drawee_bank_address': '#E1FB28', 'issuing_bank_address': '#8316A3', 'bill_exchange_date': '#8B2281', 'goods_discription': '#C5F2E3', 'drawer_bank_name': '#30635A', 'indicator_type': '#7825DF', 'drawee_bank_name': '#20A71A', 'usance_tenor': '#DFB100', 'signature': '#87A212', 'invoice_no': '#4A3ADE', 'original_number': '#0D5A0C', 'drawee_address': '#FE7432', 'invoice_date': '#776225', 'issue_place': '#8BDF03', 'invoice_currency': '#98BED0', 'O': '#6E0E6E', 'amount_in_words': '#7DB696'}
2024-05-08 12:55:59,244 is result_set is instance of dict? True
2024-05-08 12:55:59,245 is final_result_set is instance of dict? True
2024-05-08 12:55:59,292 Time taken for page 1 of Covering_Schedule_624_page_2.png:0:00:01.488807
2024-05-08 12:55:59,406 *****Generated All Pages****** for Covering_Schedule_624_page_2.png
2024-05-08 12:55:59,407 RAM memory 80.6 used for Covering_Schedule_624_page_2.png Generating All Pages:
2024-05-08 12:55:59,407 Processing time taken for all pages of Covering_Schedule_624_page_2.png1:0:00:01.604605
2024-05-08 12:55:59,512 file name is:Covering_Schedule_790_page_1.png
2024-05-08 12:55:59,512 folder path :Images
2024-05-08 12:55:59,512 Calling Image result
2024-05-08 12:55:59,512 is all_page_result is instance of dict? True
2024-05-08 12:55:59,522 STREAM b'IHDR' 16 13
2024-05-08 12:55:59,522 STREAM b'IDAT' 41 23275
2024-05-08 12:55:59,539 is words is instance of list? True
2024-05-08 12:55:59,539 is bboxes is instance of list? True
2024-05-08 12:55:59,539 is bounding_boxes is instance of list? True
2024-05-08 12:55:59,661 is input_id_chunks is instance of list? True
2024-05-08 12:55:59,662 is mask_chunks is instance of list? True
2024-05-08 12:55:59,662 is bbox_chunks is instance of list? True
2024-05-08 12:55:59,662 is image_chunks is instance of list? True
2024-05-08 12:55:59,662 is input_dict is instance of dict? True
2024-05-08 12:56:00,753 Model Called
2024-05-08 12:56:00,754 RAM memory 80.7 used for Covering_Schedule_790_page_1.png:
2024-05-08 12:56:00,754 is all_predictions is instance of list? True
2024-05-08 12:56:00,754 is all_boxes is instance of list? True
2024-05-08 12:56:00,754 is all_confidences is instance of list? True
2024-05-08 12:56:00,754 is all_text is instance of list? True
2024-05-08 12:56:00,754 is label2id is instance of dict? True
2024-05-08 12:56:00,754 is id2label is instance of dict? True
2024-05-08 12:56:00,755 is label2color is instance of dict? True
2024-05-08 12:56:00,755 label2color : {'tenor_type': '#4CA274', 'invoice_due_date': '#6FCFC7', 'diclaration_by': '#7109F3', 'invoice_amount': '#583232', 'original_or_copy': '#AE9F60', 'boe_currency': '#2FFFDE', 'lc_ref_no': '#0D48F2', 'boe_amount': '#DCCB1E', 'indicator_date': '#D45DBA', 'tenore_details': '#5AB5D9', 'lc_date': '#39BEAC', 'issuing_bank': '#7E8800', 'drawer_name': '#E1FB8E', 'stamp': '#20AB3F', 'drawer_bank_address': '#28C413', 'drawer_address': '#961523', 'drawee_name': '#90245C', 'country_of_origin': '#7D3701', 'tenor_indicator': '#7DC10E', 'bill_exchange_no': '#A59E89', 'drawee_bank_address': '#D50E10', 'issuing_bank_address': '#377004', 'bill_exchange_date': '#26AF97', 'goods_discription': '#FFC835', 'drawer_bank_name': '#A768FE', 'indicator_type': '#653718', 'drawee_bank_name': '#67F434', 'usance_tenor': '#4C428F', 'signature': '#43914A', 'invoice_no': '#47CC33', 'original_number': '#EF9A75', 'drawee_address': '#DF162B', 'invoice_date': '#541961', 'issue_place': '#3C58AF', 'invoice_currency': '#03C1AF', 'O': '#0A3146', 'amount_in_words': '#F8F18F'}
2024-05-08 12:56:00,834 is result_set is instance of dict? True
2024-05-08 12:56:00,835 is final_result_set is instance of dict? True
2024-05-08 12:56:00,907 Time taken for page 1 of Covering_Schedule_790_page_1.png:0:00:01.384813
2024-05-08 12:56:00,974 *****Generated All Pages****** for Covering_Schedule_790_page_1.png
2024-05-08 12:56:00,974 RAM memory 80.7 used for Covering_Schedule_790_page_1.png Generating All Pages:
2024-05-08 12:56:00,974 Processing time taken for all pages of Covering_Schedule_790_page_1.png1:0:00:01.462033
2024-05-08 12:56:01,078 file name is:Certificate_Of_Origin_115_page_14.png
2024-05-08 12:56:01,079 folder path :Images
2024-05-08 12:56:01,079 Calling Image result
2024-05-08 12:56:01,079 is all_page_result is instance of dict? True
2024-05-08 12:56:01,079 STREAM b'IHDR' 16 13
2024-05-08 12:56:01,079 STREAM b'IDAT' 41 31806
2024-05-08 12:56:01,106 is words is instance of list? True
2024-05-08 12:56:01,106 is bboxes is instance of list? True
2024-05-08 12:56:01,106 is bounding_boxes is instance of list? True
2024-05-08 12:56:01,317 is input_id_chunks is instance of list? True
2024-05-08 12:56:01,317 is mask_chunks is instance of list? True
2024-05-08 12:56:01,317 is bbox_chunks is instance of list? True
2024-05-08 12:56:01,317 is image_chunks is instance of list? True
2024-05-08 12:56:01,317 is input_dict is instance of dict? True
2024-05-08 12:56:02,313 Model Called
2024-05-08 12:56:02,313 RAM memory 80.7 used for Certificate_Of_Origin_115_page_14.png:
2024-05-08 12:56:02,314 is all_predictions is instance of list? True
2024-05-08 12:56:02,314 is all_boxes is instance of list? True
2024-05-08 12:56:02,314 is all_confidences is instance of list? True
2024-05-08 12:56:02,314 is all_text is instance of list? True
2024-05-08 12:56:02,314 is label2id is instance of dict? True
2024-05-08 12:56:02,314 is id2label is instance of dict? True
2024-05-08 12:56:02,315 is label2color is instance of dict? True
2024-05-08 12:56:02,315 label2color : {'tenor_type': '#5CBF60', 'invoice_due_date': '#C38A78', 'diclaration_by': '#C5E05B', 'invoice_amount': '#99FDA4', 'original_or_copy': '#119E3A', 'boe_currency': '#956353', 'lc_ref_no': '#C187BD', 'boe_amount': '#184BA3', 'indicator_date': '#633FEE', 'tenore_details': '#FEC3F0', 'lc_date': '#C7E171', 'issuing_bank': '#C53CE3', 'drawer_name': '#033698', 'stamp': '#16922D', 'drawer_bank_address': '#2FC307', 'drawer_address': '#22ECF6', 'drawee_name': '#E10101', 'country_of_origin': '#ABB932', 'tenor_indicator': '#A7FAFC', 'bill_exchange_no': '#5DF56B', 'drawee_bank_address': '#953FE2', 'issuing_bank_address': '#BDC3D5', 'bill_exchange_date': '#376072', 'goods_discription': '#E85386', 'drawer_bank_name': '#53DEF6', 'indicator_type': '#167749', 'drawee_bank_name': '#05E3EC', 'usance_tenor': '#57DE96', 'signature': '#669B48', 'invoice_no': '#73A6ED', 'original_number': '#621AE6', 'drawee_address': '#0FD53B', 'invoice_date': '#2D606B', 'issue_place': '#38E99C', 'invoice_currency': '#79C73A', 'O': '#E818AF', 'amount_in_words': '#224F8E'}
2024-05-08 12:56:02,459 is result_set is instance of dict? True
2024-05-08 12:56:02,460 is final_result_set is instance of dict? True
2024-05-08 12:56:02,533 Time taken for page 1 of Certificate_Of_Origin_115_page_14.png:0:00:01.454128
2024-05-08 12:56:02,641 *****Generated All Pages****** for Certificate_Of_Origin_115_page_14.png
2024-05-08 12:56:02,641 RAM memory 80.8 used for Certificate_Of_Origin_115_page_14.png Generating All Pages:
2024-05-08 12:56:02,642 Processing time taken for all pages of Certificate_Of_Origin_115_page_14.png1:0:00:01.562897
2024-05-08 12:56:02,751 file name is:Covering_Schedule_765_page_6.png
2024-05-08 12:56:02,751 folder path :Images
2024-05-08 12:56:02,752 Calling Image result
2024-05-08 12:56:02,752 is all_page_result is instance of dict? True
2024-05-08 12:56:02,752 STREAM b'IHDR' 16 13
2024-05-08 12:56:02,752 STREAM b'IDAT' 41 65536
2024-05-08 12:56:02,768 is words is instance of list? True
2024-05-08 12:56:02,768 is bboxes is instance of list? True
2024-05-08 12:56:02,768 is bounding_boxes is instance of list? True
2024-05-08 12:56:02,896 is input_id_chunks is instance of list? True
2024-05-08 12:56:02,896 is mask_chunks is instance of list? True
2024-05-08 12:56:02,896 is bbox_chunks is instance of list? True
2024-05-08 12:56:02,896 is image_chunks is instance of list? True
2024-05-08 12:56:02,897 is input_dict is instance of dict? True
2024-05-08 12:56:04,249 Model Called
2024-05-08 12:56:04,249 RAM memory 80.6 used for Covering_Schedule_765_page_6.png:
2024-05-08 12:56:04,250 is all_predictions is instance of list? True
2024-05-08 12:56:04,250 is all_boxes is instance of list? True
2024-05-08 12:56:04,250 is all_confidences is instance of list? True
2024-05-08 12:56:04,250 is all_text is instance of list? True
2024-05-08 12:56:04,250 is label2id is instance of dict? True
2024-05-08 12:56:04,250 is id2label is instance of dict? True
2024-05-08 12:56:04,250 is label2color is instance of dict? True
2024-05-08 12:56:04,250 label2color : {'tenor_type': '#8DDF02', 'invoice_due_date': '#9CBD0B', 'diclaration_by': '#135FD2', 'invoice_amount': '#222E0E', 'original_or_copy': '#B08767', 'boe_currency': '#411557', 'lc_ref_no': '#E2A0FB', 'boe_amount': '#A04030', 'indicator_date': '#4707E5', 'tenore_details': '#E6EC0C', 'lc_date': '#1A565C', 'issuing_bank': '#6F39B6', 'drawer_name': '#778BDC', 'stamp': '#91378A', 'drawer_bank_address': '#CD87EE', 'drawer_address': '#6616FF', 'drawee_name': '#EE839B', 'country_of_origin': '#B095F5', 'tenor_indicator': '#BBD834', 'bill_exchange_no': '#B348AA', 'drawee_bank_address': '#B0B95D', 'issuing_bank_address': '#FBF9AE', 'bill_exchange_date': '#AD2159', 'goods_discription': '#BC36E3', 'drawer_bank_name': '#EC06A9', 'indicator_type': '#6EF7EF', 'drawee_bank_name': '#BE48A5', 'usance_tenor': '#185D79', 'signature': '#E156F7', 'invoice_no': '#98B705', 'original_number': '#1D70A4', 'drawee_address': '#B65AF8', 'invoice_date': '#29DE00', 'issue_place': '#9B8295', 'invoice_currency': '#D6A669', 'O': '#BBDCC0', 'amount_in_words': '#83DAF2'}
2024-05-08 12:56:04,328 is result_set is instance of dict? True
2024-05-08 12:56:04,330 is final_result_set is instance of dict? True
2024-05-08 12:56:04,485 Time taken for page 1 of Covering_Schedule_765_page_6.png:0:00:01.732812
2024-05-08 12:56:04,604 *****Generated All Pages****** for Covering_Schedule_765_page_6.png
2024-05-08 12:56:04,605 RAM memory 80.7 used for Covering_Schedule_765_page_6.png Generating All Pages:
2024-05-08 12:56:04,605 Processing time taken for all pages of Covering_Schedule_765_page_6.png1:0:00:01.853198
2024-05-08 12:56:04,711 file name is:Covering_Schedule_855_page_4.png
2024-05-08 12:56:04,711 folder path :Images
2024-05-08 12:56:04,711 Calling Image result
2024-05-08 12:56:04,711 is all_page_result is instance of dict? True
2024-05-08 12:56:04,722 STREAM b'IHDR' 16 13
2024-05-08 12:56:04,722 STREAM b'sRGB' 41 1
2024-05-08 12:56:04,722 STREAM b'gAMA' 54 4
2024-05-08 12:56:04,722 STREAM b'pHYs' 70 9
2024-05-08 12:56:04,722 STREAM b'IDAT' 91 43478
2024-05-08 12:56:04,734 is words is instance of list? True
2024-05-08 12:56:04,734 is bboxes is instance of list? True
2024-05-08 12:56:04,734 is bounding_boxes is instance of list? True
2024-05-08 12:56:04,822 is input_id_chunks is instance of list? True
2024-05-08 12:56:04,822 is mask_chunks is instance of list? True
2024-05-08 12:56:04,822 is bbox_chunks is instance of list? True
2024-05-08 12:56:04,822 is image_chunks is instance of list? True
2024-05-08 12:56:04,823 is input_dict is instance of dict? True
2024-05-08 12:56:06,888 Model Called
2024-05-08 12:56:06,888 RAM memory 87.4 used for Covering_Schedule_855_page_4.png:
2024-05-08 12:56:06,888 is all_predictions is instance of list? True
2024-05-08 12:56:06,888 is all_boxes is instance of list? True
2024-05-08 12:56:06,888 is all_confidences is instance of list? True
2024-05-08 12:56:06,888 is all_text is instance of list? True
2024-05-08 12:56:06,889 is label2id is instance of dict? True
2024-05-08 12:56:06,889 is id2label is instance of dict? True
2024-05-08 12:56:06,889 is label2color is instance of dict? True
2024-05-08 12:56:06,889 label2color : {'tenor_type': '#B8C003', 'invoice_due_date': '#9F525C', 'diclaration_by': '#E1B8BB', 'invoice_amount': '#46522B', 'original_or_copy': '#DD939A', 'boe_currency': '#70D169', 'lc_ref_no': '#35D8B8', 'boe_amount': '#F56129', 'indicator_date': '#1D1966', 'tenore_details': '#F10A7F', 'lc_date': '#C1F10A', 'issuing_bank': '#525BE7', 'drawer_name': '#2D6D3A', 'stamp': '#91F4ED', 'drawer_bank_address': '#DA8501', 'drawer_address': '#36A442', 'drawee_name': '#52DD73', 'country_of_origin': '#12BE73', 'tenor_indicator': '#B868E0', 'bill_exchange_no': '#625589', 'drawee_bank_address': '#5763EB', 'issuing_bank_address': '#A846C5', 'bill_exchange_date': '#3439BF', 'goods_discription': '#1D8F6A', 'drawer_bank_name': '#339DFF', 'indicator_type': '#6E6FEE', 'drawee_bank_name': '#B71DD8', 'usance_tenor': '#BC69BB', 'signature': '#A7BCAF', 'invoice_no': '#92DB1C', 'original_number': '#ABDBF0', 'drawee_address': '#45E484', 'invoice_date': '#BF5B63', 'issue_place': '#5432C6', 'invoice_currency': '#8CB834', 'O': '#CE628C', 'amount_in_words': '#EB9D0B'}
2024-05-08 12:56:06,970 is result_set is instance of dict? True
2024-05-08 12:56:06,971 is final_result_set is instance of dict? True
2024-05-08 12:56:07,035 Time taken for page 1 of Covering_Schedule_855_page_4.png:0:00:02.312977
2024-05-08 12:56:07,097 *****Generated All Pages****** for Covering_Schedule_855_page_4.png
2024-05-08 12:56:07,097 RAM memory 87.4 used for Covering_Schedule_855_page_4.png Generating All Pages:
2024-05-08 12:56:07,097 Processing time taken for all pages of Covering_Schedule_855_page_4.png1:0:00:02.386143
2024-05-08 12:56:07,258 file name is:Covering_Schedule_568_page_2.png
2024-05-08 12:56:07,258 folder path :Images
2024-05-08 12:56:07,258 Calling Image result
2024-05-08 12:56:07,258 is all_page_result is instance of dict? True
2024-05-08 12:56:07,259 STREAM b'IHDR' 16 13
2024-05-08 12:56:07,259 STREAM b'IDAT' 41 19821
2024-05-08 12:56:07,285 is words is instance of list? True
2024-05-08 12:56:07,285 is bboxes is instance of list? True
2024-05-08 12:56:07,285 is bounding_boxes is instance of list? True
2024-05-08 12:56:07,473 is input_id_chunks is instance of list? True
2024-05-08 12:56:07,473 is mask_chunks is instance of list? True
2024-05-08 12:56:07,473 is bbox_chunks is instance of list? True
2024-05-08 12:56:07,473 is image_chunks is instance of list? True
2024-05-08 12:56:07,473 is input_dict is instance of dict? True
2024-05-08 12:56:08,880 Model Called
2024-05-08 12:56:08,880 RAM memory 81.2 used for Covering_Schedule_568_page_2.png:
2024-05-08 12:56:08,881 is all_predictions is instance of list? True
2024-05-08 12:56:08,881 is all_boxes is instance of list? True
2024-05-08 12:56:08,881 is all_confidences is instance of list? True
2024-05-08 12:56:08,881 is all_text is instance of list? True
2024-05-08 12:56:08,881 is label2id is instance of dict? True
2024-05-08 12:56:08,881 is id2label is instance of dict? True
2024-05-08 12:56:08,882 is label2color is instance of dict? True
2024-05-08 12:56:08,882 label2color : {'tenor_type': '#FAE159', 'invoice_due_date': '#ED4B81', 'diclaration_by': '#54C8AF', 'invoice_amount': '#EBCD46', 'original_or_copy': '#38183B', 'boe_currency': '#73616F', 'lc_ref_no': '#8AA004', 'boe_amount': '#AD7DBE', 'indicator_date': '#D078AF', 'tenore_details': '#9AFA2F', 'lc_date': '#CC7138', 'issuing_bank': '#47B65E', 'drawer_name': '#45DEBE', 'stamp': '#CE9A10', 'drawer_bank_address': '#608EC6', 'drawer_address': '#D9EA67', 'drawee_name': '#C743E0', 'country_of_origin': '#4A8907', 'tenor_indicator': '#24A545', 'bill_exchange_no': '#F085F3', 'drawee_bank_address': '#CA14C5', 'issuing_bank_address': '#5338CA', 'bill_exchange_date': '#C81F41', 'goods_discription': '#C0408C', 'drawer_bank_name': '#3B3739', 'indicator_type': '#47BB35', 'drawee_bank_name': '#26F9BD', 'usance_tenor': '#D99B9D', 'signature': '#89C325', 'invoice_no': '#2E34FB', 'original_number': '#D66494', 'drawee_address': '#EDE6B6', 'invoice_date': '#D4D324', 'issue_place': '#0FBB12', 'invoice_currency': '#E3EED5', 'O': '#F5A063', 'amount_in_words': '#DAB287'}
2024-05-08 12:56:09,011 is result_set is instance of dict? True
2024-05-08 12:56:09,012 is final_result_set is instance of dict? True
2024-05-08 12:56:09,062 Time taken for page 1 of Covering_Schedule_568_page_2.png:0:00:01.802368
2024-05-08 12:56:09,152 *****Generated All Pages****** for Covering_Schedule_568_page_2.png
2024-05-08 12:56:09,152 RAM memory 81.2 used for Covering_Schedule_568_page_2.png Generating All Pages:
2024-05-08 12:56:09,152 Processing time taken for all pages of Covering_Schedule_568_page_2.png1:0:00:01.893614
2024-05-08 12:56:09,266 file name is:Covering_Schedule_51_page_1.png
2024-05-08 12:56:09,266 folder path :Images
2024-05-08 12:56:09,266 Calling Image result
2024-05-08 12:56:09,266 is all_page_result is instance of dict? True
2024-05-08 12:56:09,267 STREAM b'IHDR' 16 13
2024-05-08 12:56:09,267 STREAM b'IDAT' 41 22990
2024-05-08 12:56:09,279 is words is instance of list? True
2024-05-08 12:56:09,279 is bboxes is instance of list? True
2024-05-08 12:56:09,279 is bounding_boxes is instance of list? True
2024-05-08 12:56:09,382 is input_id_chunks is instance of list? True
2024-05-08 12:56:09,382 is mask_chunks is instance of list? True
2024-05-08 12:56:09,382 is bbox_chunks is instance of list? True
2024-05-08 12:56:09,382 is image_chunks is instance of list? True
2024-05-08 12:56:09,383 is input_dict is instance of dict? True
2024-05-08 12:56:10,642 Model Called
2024-05-08 12:56:10,642 RAM memory 80.7 used for Covering_Schedule_51_page_1.png:
2024-05-08 12:56:10,642 is all_predictions is instance of list? True
2024-05-08 12:56:10,642 is all_boxes is instance of list? True
2024-05-08 12:56:10,642 is all_confidences is instance of list? True
2024-05-08 12:56:10,642 is all_text is instance of list? True
2024-05-08 12:56:10,642 is label2id is instance of dict? True
2024-05-08 12:56:10,642 is id2label is instance of dict? True
2024-05-08 12:56:10,643 is label2color is instance of dict? True
2024-05-08 12:56:10,643 label2color : {'tenor_type': '#184EEA', 'invoice_due_date': '#F24DCF', 'diclaration_by': '#BEDC48', 'invoice_amount': '#AADC87', 'original_or_copy': '#86CB80', 'boe_currency': '#381B48', 'lc_ref_no': '#202019', 'boe_amount': '#8D045E', 'indicator_date': '#27C1F0', 'tenore_details': '#6E7821', 'lc_date': '#AECB2D', 'issuing_bank': '#1969A5', 'drawer_name': '#6C5987', 'stamp': '#08BBBC', 'drawer_bank_address': '#991D48', 'drawer_address': '#0E6228', 'drawee_name': '#39B9CD', 'country_of_origin': '#D7DB9A', 'tenor_indicator': '#C7C675', 'bill_exchange_no': '#B60E99', 'drawee_bank_address': '#A7443F', 'issuing_bank_address': '#78DB83', 'bill_exchange_date': '#90C7CF', 'goods_discription': '#B6B218', 'drawer_bank_name': '#B18E02', 'indicator_type': '#3A8C6C', 'drawee_bank_name': '#4086FF', 'usance_tenor': '#2E82C9', 'signature': '#B62135', 'invoice_no': '#DA0075', 'original_number': '#D43171', 'drawee_address': '#AEA09A', 'invoice_date': '#DD2F21', 'issue_place': '#F42851', 'invoice_currency': '#94BBA7', 'O': '#595CC3', 'amount_in_words': '#9AA9F5'}
2024-05-08 12:56:10,708 is result_set is instance of dict? True
2024-05-08 12:56:10,709 is final_result_set is instance of dict? True
2024-05-08 12:56:10,771 Time taken for page 1 of Covering_Schedule_51_page_1.png:0:00:01.504346
2024-05-08 12:56:10,832 *****Generated All Pages****** for Covering_Schedule_51_page_1.png
2024-05-08 12:56:10,832 RAM memory 80.7 used for Covering_Schedule_51_page_1.png Generating All Pages:
2024-05-08 12:56:10,832 Processing time taken for all pages of Covering_Schedule_51_page_1.png1:0:00:01.565832
2024-05-08 12:56:10,943 file name is:Packing_List_14_page_1.png
2024-05-08 12:56:10,943 folder path :Images
2024-05-08 12:56:10,943 Calling Image result
2024-05-08 12:56:10,943 is all_page_result is instance of dict? True
2024-05-08 12:56:10,943 STREAM b'IHDR' 16 13
2024-05-08 12:56:10,943 STREAM b'IDAT' 41 20498
2024-05-08 12:56:10,961 is words is instance of list? True
2024-05-08 12:56:10,961 is bboxes is instance of list? True
2024-05-08 12:56:10,961 is bounding_boxes is instance of list? True
2024-05-08 12:56:11,085 is input_id_chunks is instance of list? True
2024-05-08 12:56:11,085 is mask_chunks is instance of list? True
2024-05-08 12:56:11,085 is bbox_chunks is instance of list? True
2024-05-08 12:56:11,085 is image_chunks is instance of list? True
2024-05-08 12:56:11,086 is input_dict is instance of dict? True
2024-05-08 12:56:12,478 Model Called
2024-05-08 12:56:12,478 RAM memory 80.7 used for Packing_List_14_page_1.png:
2024-05-08 12:56:12,478 is all_predictions is instance of list? True
2024-05-08 12:56:12,479 is all_boxes is instance of list? True
2024-05-08 12:56:12,479 is all_confidences is instance of list? True
2024-05-08 12:56:12,479 is all_text is instance of list? True
2024-05-08 12:56:12,479 is label2id is instance of dict? True
2024-05-08 12:56:12,479 is id2label is instance of dict? True
2024-05-08 12:56:12,479 is label2color is instance of dict? True
2024-05-08 12:56:12,480 label2color : {'tenor_type': '#A8D790', 'invoice_due_date': '#ADD347', 'diclaration_by': '#DB2369', 'invoice_amount': '#840659', 'original_or_copy': '#DD7054', 'boe_currency': '#C3EBD6', 'lc_ref_no': '#FF91F0', 'boe_amount': '#AD2827', 'indicator_date': '#5685F3', 'tenore_details': '#6C746F', 'lc_date': '#D67120', 'issuing_bank': '#F4C9A9', 'drawer_name': '#FD85B1', 'stamp': '#1E1548', 'drawer_bank_address': '#6F5E93', 'drawer_address': '#0969F6', 'drawee_name': '#1A788B', 'country_of_origin': '#CFC65E', 'tenor_indicator': '#E8CA80', 'bill_exchange_no': '#59E07E', 'drawee_bank_address': '#2BA54C', 'issuing_bank_address': '#1E8F9D', 'bill_exchange_date': '#8DD5A3', 'goods_discription': '#80B5E5', 'drawer_bank_name': '#A159A0', 'indicator_type': '#74E33A', 'drawee_bank_name': '#101DD7', 'usance_tenor': '#C34809', 'signature': '#60CA56', 'invoice_no': '#FC1F5B', 'original_number': '#B8CEBA', 'drawee_address': '#A9D377', 'invoice_date': '#5427AB', 'issue_place': '#B84936', 'invoice_currency': '#FA00B8', 'O': '#523FDC', 'amount_in_words': '#72360A'}
2024-05-08 12:56:12,556 is result_set is instance of dict? True
2024-05-08 12:56:12,557 is final_result_set is instance of dict? True
2024-05-08 12:56:12,627 Time taken for page 1 of Packing_List_14_page_1.png:0:00:01.683865
2024-05-08 12:56:12,692 *****Generated All Pages****** for Packing_List_14_page_1.png
2024-05-08 12:56:12,692 RAM memory 80.7 used for Packing_List_14_page_1.png Generating All Pages:
2024-05-08 12:56:12,692 Processing time taken for all pages of Packing_List_14_page_1.png1:0:00:01.748866
2024-05-08 12:56:12,802 file name is:Foreign_Bank_Covering_Schedule_670_page_0.png
2024-05-08 12:56:12,802 folder path :Images
2024-05-08 12:56:12,802 Calling Image result
2024-05-08 12:56:12,802 is all_page_result is instance of dict? True
2024-05-08 12:56:12,803 STREAM b'IHDR' 16 13
2024-05-08 12:56:12,803 STREAM b'IDAT' 41 65536
2024-05-08 12:56:12,831 is words is instance of list? True
2024-05-08 12:56:12,831 is bboxes is instance of list? True
2024-05-08 12:56:12,831 is bounding_boxes is instance of list? True
2024-05-08 12:56:13,044 is input_id_chunks is instance of list? True
2024-05-08 12:56:13,044 is mask_chunks is instance of list? True
2024-05-08 12:56:13,044 is bbox_chunks is instance of list? True
2024-05-08 12:56:13,044 is image_chunks is instance of list? True
2024-05-08 12:56:13,045 is input_dict is instance of dict? True
2024-05-08 12:56:14,050 Model Called
2024-05-08 12:56:14,050 RAM memory 80.9 used for Foreign_Bank_Covering_Schedule_670_page_0.png:
2024-05-08 12:56:14,051 is all_predictions is instance of list? True
2024-05-08 12:56:14,051 is all_boxes is instance of list? True
2024-05-08 12:56:14,051 is all_confidences is instance of list? True
2024-05-08 12:56:14,051 is all_text is instance of list? True
2024-05-08 12:56:14,051 is label2id is instance of dict? True
2024-05-08 12:56:14,051 is id2label is instance of dict? True
2024-05-08 12:56:14,051 is label2color is instance of dict? True
2024-05-08 12:56:14,052 label2color : {'tenor_type': '#DE7B10', 'invoice_due_date': '#1A89D1', 'diclaration_by': '#F232EF', 'invoice_amount': '#F44AC1', 'original_or_copy': '#897BCC', 'boe_currency': '#12EE30', 'lc_ref_no': '#220C93', 'boe_amount': '#1160AE', 'indicator_date': '#C69EC5', 'tenore_details': '#C2759A', 'lc_date': '#9C34B9', 'issuing_bank': '#4C1BB7', 'drawer_name': '#A767DF', 'stamp': '#5732CA', 'drawer_bank_address': '#EC00CC', 'drawer_address': '#8A4550', 'drawee_name': '#FC2275', 'country_of_origin': '#9881E7', 'tenor_indicator': '#1C9F98', 'bill_exchange_no': '#D70173', 'drawee_bank_address': '#33639C', 'issuing_bank_address': '#B09AC9', 'bill_exchange_date': '#3131FF', 'goods_discription': '#9BEB41', 'drawer_bank_name': '#4E9BFF', 'indicator_type': '#6CCC4A', 'drawee_bank_name': '#12FE0A', 'usance_tenor': '#422983', 'signature': '#855EF1', 'invoice_no': '#5B46BE', 'original_number': '#120256', 'drawee_address': '#C4BB7F', 'invoice_date': '#844C15', 'issue_place': '#8454BB', 'invoice_currency': '#BCB6C7', 'O': '#40A3C3', 'amount_in_words': '#E8F9CE'}
2024-05-08 12:56:14,196 is result_set is instance of dict? True
2024-05-08 12:56:14,197 is final_result_set is instance of dict? True
2024-05-08 12:56:14,299 Time taken for page 1 of Foreign_Bank_Covering_Schedule_670_page_0.png:0:00:01.496208
2024-05-08 12:56:14,441 *****Generated All Pages****** for Foreign_Bank_Covering_Schedule_670_page_0.png
2024-05-08 12:56:14,441 RAM memory 80.9 used for Foreign_Bank_Covering_Schedule_670_page_0.png Generating All Pages:
2024-05-08 12:56:14,441 Processing time taken for all pages of Foreign_Bank_Covering_Schedule_670_page_0.png1:0:00:01.638812
2024-05-08 12:56:14,555 file name is:Covering_Schedule_251_page_1.png
2024-05-08 12:56:14,555 folder path :Images
2024-05-08 12:56:14,555 Calling Image result
2024-05-08 12:56:14,555 is all_page_result is instance of dict? True
2024-05-08 12:56:14,556 STREAM b'IHDR' 16 13
2024-05-08 12:56:14,556 STREAM b'IDAT' 41 42672
2024-05-08 12:56:14,586 is words is instance of list? True
2024-05-08 12:56:14,586 is bboxes is instance of list? True
2024-05-08 12:56:14,586 is bounding_boxes is instance of list? True
2024-05-08 12:56:14,841 is input_id_chunks is instance of list? True
2024-05-08 12:56:14,841 is mask_chunks is instance of list? True
2024-05-08 12:56:14,841 is bbox_chunks is instance of list? True
2024-05-08 12:56:14,841 is image_chunks is instance of list? True
2024-05-08 12:56:14,842 is input_dict is instance of dict? True
2024-05-08 12:56:15,992 Model Called
2024-05-08 12:56:15,992 RAM memory 80.6 used for Covering_Schedule_251_page_1.png:
2024-05-08 12:56:15,992 is all_predictions is instance of list? True
2024-05-08 12:56:15,992 is all_boxes is instance of list? True
2024-05-08 12:56:15,992 is all_confidences is instance of list? True
2024-05-08 12:56:15,993 is all_text is instance of list? True
2024-05-08 12:56:15,993 is label2id is instance of dict? True
2024-05-08 12:56:15,993 is id2label is instance of dict? True
2024-05-08 12:56:15,993 is label2color is instance of dict? True
2024-05-08 12:56:15,994 label2color : {'tenor_type': '#663991', 'invoice_due_date': '#4753E8', 'diclaration_by': '#3CBC30', 'invoice_amount': '#305585', 'original_or_copy': '#F9F6B8', 'boe_currency': '#97BF81', 'lc_ref_no': '#C3BA3B', 'boe_amount': '#2A9B76', 'indicator_date': '#E5536A', 'tenore_details': '#E81A2B', 'lc_date': '#06B88C', 'issuing_bank': '#824F02', 'drawer_name': '#45D874', 'stamp': '#A24160', 'drawer_bank_address': '#4825B9', 'drawer_address': '#B1573A', 'drawee_name': '#F0C318', 'country_of_origin': '#4FF8D6', 'tenor_indicator': '#10A948', 'bill_exchange_no': '#C9C4C0', 'drawee_bank_address': '#01AEAC', 'issuing_bank_address': '#479F7D', 'bill_exchange_date': '#A6F572', 'goods_discription': '#B93A66', 'drawer_bank_name': '#EFC83D', 'indicator_type': '#35D886', 'drawee_bank_name': '#AAE70F', 'usance_tenor': '#A5A5CC', 'signature': '#C34AA0', 'invoice_no': '#2E7810', 'original_number': '#235719', 'drawee_address': '#FF7616', 'invoice_date': '#37F6A6', 'issue_place': '#CB25D8', 'invoice_currency': '#4D58F9', 'O': '#D40971', 'amount_in_words': '#F2C525'}
2024-05-08 12:56:16,142 is result_set is instance of dict? True
2024-05-08 12:56:16,143 is final_result_set is instance of dict? True
2024-05-08 12:56:16,225 Time taken for page 1 of Covering_Schedule_251_page_1.png:0:00:01.669126
2024-05-08 12:56:16,343 *****Generated All Pages****** for Covering_Schedule_251_page_1.png
2024-05-08 12:56:16,343 RAM memory 80.9 used for Covering_Schedule_251_page_1.png Generating All Pages:
2024-05-08 12:56:16,343 Processing time taken for all pages of Covering_Schedule_251_page_1.png1:0:00:01.787997
2024-05-08 12:56:16,458 file name is:Covering_Schedule_864_page_1.png
2024-05-08 12:56:16,459 folder path :Images
2024-05-08 12:56:16,459 Calling Image result
2024-05-08 12:56:16,459 is all_page_result is instance of dict? True
2024-05-08 12:56:16,459 STREAM b'IHDR' 16 13
2024-05-08 12:56:16,459 STREAM b'IDAT' 41 37807
2024-05-08 12:56:16,481 is words is instance of list? True
2024-05-08 12:56:16,481 is bboxes is instance of list? True
2024-05-08 12:56:16,481 is bounding_boxes is instance of list? True
2024-05-08 12:56:16,686 is input_id_chunks is instance of list? True
2024-05-08 12:56:16,686 is mask_chunks is instance of list? True
2024-05-08 12:56:16,686 is bbox_chunks is instance of list? True
2024-05-08 12:56:16,686 is image_chunks is instance of list? True
2024-05-08 12:56:16,687 is input_dict is instance of dict? True
2024-05-08 12:56:17,766 Model Called
2024-05-08 12:56:17,767 RAM memory 80.7 used for Covering_Schedule_864_page_1.png:
2024-05-08 12:56:17,767 is all_predictions is instance of list? True
2024-05-08 12:56:17,767 is all_boxes is instance of list? True
2024-05-08 12:56:17,767 is all_confidences is instance of list? True
2024-05-08 12:56:17,767 is all_text is instance of list? True
2024-05-08 12:56:17,768 is label2id is instance of dict? True
2024-05-08 12:56:17,768 is id2label is instance of dict? True
2024-05-08 12:56:17,769 is label2color is instance of dict? True
2024-05-08 12:56:17,769 label2color : {'tenor_type': '#8432DA', 'invoice_due_date': '#8E89B1', 'diclaration_by': '#897E05', 'invoice_amount': '#C2D39A', 'original_or_copy': '#F274D9', 'boe_currency': '#5A9C86', 'lc_ref_no': '#34F76A', 'boe_amount': '#CFD5AE', 'indicator_date': '#A8B046', 'tenore_details': '#7E6E29', 'lc_date': '#8F3F85', 'issuing_bank': '#B3683D', 'drawer_name': '#64897C', 'stamp': '#B92D22', 'drawer_bank_address': '#99A493', 'drawer_address': '#F06DCB', 'drawee_name': '#D507FE', 'country_of_origin': '#5199F4', 'tenor_indicator': '#CD4897', 'bill_exchange_no': '#11C94F', 'drawee_bank_address': '#6C4E38', 'issuing_bank_address': '#9F2665', 'bill_exchange_date': '#F6DECB', 'goods_discription': '#C17E0D', 'drawer_bank_name': '#BEE7FD', 'indicator_type': '#37F0D5', 'drawee_bank_name': '#CFFDC3', 'usance_tenor': '#C2E86D', 'signature': '#2E488D', 'invoice_no': '#04C0FF', 'original_number': '#312821', 'drawee_address': '#30D904', 'invoice_date': '#3007CA', 'issue_place': '#8A101A', 'invoice_currency': '#E7865A', 'O': '#DB85D7', 'amount_in_words': '#C8B409'}
2024-05-08 12:56:17,915 is result_set is instance of dict? True
2024-05-08 12:56:17,915 is final_result_set is instance of dict? True
2024-05-08 12:56:17,959 Time taken for page 1 of Covering_Schedule_864_page_1.png:0:00:01.499604
2024-05-08 12:56:18,049 *****Generated All Pages****** for Covering_Schedule_864_page_1.png
2024-05-08 12:56:18,050 RAM memory 80.8 used for Covering_Schedule_864_page_1.png Generating All Pages:
2024-05-08 12:56:18,050 Processing time taken for all pages of Covering_Schedule_864_page_1.png1:0:00:01.591070
2024-05-08 12:56:18,154 file name is:Covering_Schedule_308_page_0.png
2024-05-08 12:56:18,154 folder path :Images
2024-05-08 12:56:18,154 Calling Image result
2024-05-08 12:56:18,154 is all_page_result is instance of dict? True
2024-05-08 12:56:18,164 STREAM b'IHDR' 16 13
2024-05-08 12:56:18,164 STREAM b'IDAT' 41 53966
2024-05-08 12:56:18,190 is words is instance of list? True
2024-05-08 12:56:18,190 is bboxes is instance of list? True
2024-05-08 12:56:18,190 is bounding_boxes is instance of list? True
2024-05-08 12:56:18,410 is input_id_chunks is instance of list? True
2024-05-08 12:56:18,410 is mask_chunks is instance of list? True
2024-05-08 12:56:18,410 is bbox_chunks is instance of list? True
2024-05-08 12:56:18,410 is image_chunks is instance of list? True
2024-05-08 12:56:18,410 is input_dict is instance of dict? True
2024-05-08 12:56:19,831 Model Called
2024-05-08 12:56:19,832 RAM memory 80.8 used for Covering_Schedule_308_page_0.png:
2024-05-08 12:56:19,832 is all_predictions is instance of list? True
2024-05-08 12:56:19,832 is all_boxes is instance of list? True
2024-05-08 12:56:19,832 is all_confidences is instance of list? True
2024-05-08 12:56:19,832 is all_text is instance of list? True
2024-05-08 12:56:19,832 is label2id is instance of dict? True
2024-05-08 12:56:19,832 is id2label is instance of dict? True
2024-05-08 12:56:19,833 is label2color is instance of dict? True
2024-05-08 12:56:19,833 label2color : {'tenor_type': '#B0DD49', 'invoice_due_date': '#0611AD', 'diclaration_by': '#C4CAD6', 'invoice_amount': '#66FDDA', 'original_or_copy': '#109F67', 'boe_currency': '#7B8A76', 'lc_ref_no': '#552AEF', 'boe_amount': '#049318', 'indicator_date': '#409927', 'tenore_details': '#54CE12', 'lc_date': '#7A6127', 'issuing_bank': '#D950A9', 'drawer_name': '#C5783F', 'stamp': '#329F8F', 'drawer_bank_address': '#8EDF44', 'drawer_address': '#193CC8', 'drawee_name': '#4F0737', 'country_of_origin': '#527987', 'tenor_indicator': '#15ABF5', 'bill_exchange_no': '#B89126', 'drawee_bank_address': '#9696BC', 'issuing_bank_address': '#4EC15E', 'bill_exchange_date': '#5735EB', 'goods_discription': '#7710B1', 'drawer_bank_name': '#502882', 'indicator_type': '#51591A', 'drawee_bank_name': '#6E1768', 'usance_tenor': '#2CE9D7', 'signature': '#574B80', 'invoice_no': '#27F0DB', 'original_number': '#053F0A', 'drawee_address': '#70CF0A', 'invoice_date': '#E025E2', 'issue_place': '#7C4052', 'invoice_currency': '#85A7DE', 'O': '#305C45', 'amount_in_words': '#49C472'}
2024-05-08 12:56:19,976 is result_set is instance of dict? True
2024-05-08 12:56:19,977 is final_result_set is instance of dict? True
2024-05-08 12:56:20,080 Time taken for page 1 of Covering_Schedule_308_page_0.png:0:00:01.915221
2024-05-08 12:56:20,204 *****Generated All Pages****** for Covering_Schedule_308_page_0.png
2024-05-08 12:56:20,204 RAM memory 81.0 used for Covering_Schedule_308_page_0.png Generating All Pages:
2024-05-08 12:56:20,204 Processing time taken for all pages of Covering_Schedule_308_page_0.png1:0:00:02.050039
2024-05-08 12:56:20,311 file name is:Covering_Schedule_10_page_2.png
2024-05-08 12:56:20,311 folder path :Images
2024-05-08 12:56:20,311 Calling Image result
2024-05-08 12:56:20,311 is all_page_result is instance of dict? True
2024-05-08 12:56:20,322 STREAM b'IHDR' 16 13
2024-05-08 12:56:20,322 STREAM b'IDAT' 41 39846
2024-05-08 12:56:20,350 is words is instance of list? True
2024-05-08 12:56:20,350 is bboxes is instance of list? True
2024-05-08 12:56:20,350 is bounding_boxes is instance of list? True
2024-05-08 12:56:20,575 is input_id_chunks is instance of list? True
2024-05-08 12:56:20,576 is mask_chunks is instance of list? True
2024-05-08 12:56:20,576 is bbox_chunks is instance of list? True
2024-05-08 12:56:20,576 is image_chunks is instance of list? True
2024-05-08 12:56:20,576 is input_dict is instance of dict? True
2024-05-08 12:56:21,593 Model Called
2024-05-08 12:56:21,594 RAM memory 80.8 used for Covering_Schedule_10_page_2.png:
2024-05-08 12:56:21,594 is all_predictions is instance of list? True
2024-05-08 12:56:21,594 is all_boxes is instance of list? True
2024-05-08 12:56:21,594 is all_confidences is instance of list? True
2024-05-08 12:56:21,594 is all_text is instance of list? True
2024-05-08 12:56:21,594 is label2id is instance of dict? True
2024-05-08 12:56:21,594 is id2label is instance of dict? True
2024-05-08 12:56:21,595 is label2color is instance of dict? True
2024-05-08 12:56:21,595 label2color : {'tenor_type': '#623463', 'invoice_due_date': '#64B5F7', 'diclaration_by': '#DA8BB6', 'invoice_amount': '#F122BD', 'original_or_copy': '#27C549', 'boe_currency': '#F3E9E2', 'lc_ref_no': '#8C7E0D', 'boe_amount': '#C93179', 'indicator_date': '#E2FEE4', 'tenore_details': '#DA7B8D', 'lc_date': '#E17B0E', 'issuing_bank': '#5F4034', 'drawer_name': '#4AAF82', 'stamp': '#26864D', 'drawer_bank_address': '#8BF221', 'drawer_address': '#05755F', 'drawee_name': '#016FB6', 'country_of_origin': '#B84D75', 'tenor_indicator': '#2F4EE3', 'bill_exchange_no': '#465EE0', 'drawee_bank_address': '#F6FA23', 'issuing_bank_address': '#CBF9F5', 'bill_exchange_date': '#A275EC', 'goods_discription': '#C933A6', 'drawer_bank_name': '#7414F4', 'indicator_type': '#B92DF9', 'drawee_bank_name': '#E70FEE', 'usance_tenor': '#9373F6', 'signature': '#BC81D4', 'invoice_no': '#FFE5C6', 'original_number': '#DDE92F', 'drawee_address': '#81B41F', 'invoice_date': '#EB9CFD', 'issue_place': '#17F487', 'invoice_currency': '#C06581', 'O': '#696FA2', 'amount_in_words': '#B1AB8C'}
2024-05-08 12:56:21,743 is result_set is instance of dict? True
2024-05-08 12:56:21,744 is final_result_set is instance of dict? True
2024-05-08 12:56:21,821 Time taken for page 1 of Covering_Schedule_10_page_2.png:0:00:01.499053
2024-05-08 12:56:21,942 *****Generated All Pages****** for Covering_Schedule_10_page_2.png
2024-05-08 12:56:21,942 RAM memory 81.0 used for Covering_Schedule_10_page_2.png Generating All Pages:
2024-05-08 12:56:21,942 Processing time taken for all pages of Covering_Schedule_10_page_2.png1:0:00:01.630468
2024-05-08 12:56:22,057 file name is:Packing_List_14_page_2.png
2024-05-08 12:56:22,057 folder path :Images
2024-05-08 12:56:22,057 Calling Image result
2024-05-08 12:56:22,057 is all_page_result is instance of dict? True
2024-05-08 12:56:22,057 STREAM b'IHDR' 16 13
2024-05-08 12:56:22,057 STREAM b'IDAT' 41 20529
2024-05-08 12:56:22,075 is words is instance of list? True
2024-05-08 12:56:22,075 is bboxes is instance of list? True
2024-05-08 12:56:22,075 is bounding_boxes is instance of list? True
2024-05-08 12:56:22,209 is input_id_chunks is instance of list? True
2024-05-08 12:56:22,210 is mask_chunks is instance of list? True
2024-05-08 12:56:22,210 is bbox_chunks is instance of list? True
2024-05-08 12:56:22,210 is image_chunks is instance of list? True
2024-05-08 12:56:22,210 is input_dict is instance of dict? True
2024-05-08 12:56:23,264 Model Called
2024-05-08 12:56:23,264 RAM memory 80.6 used for Packing_List_14_page_2.png:
2024-05-08 12:56:23,264 is all_predictions is instance of list? True
2024-05-08 12:56:23,264 is all_boxes is instance of list? True
2024-05-08 12:56:23,264 is all_confidences is instance of list? True
2024-05-08 12:56:23,264 is all_text is instance of list? True
2024-05-08 12:56:23,264 is label2id is instance of dict? True
2024-05-08 12:56:23,265 is id2label is instance of dict? True
2024-05-08 12:56:23,265 is label2color is instance of dict? True
2024-05-08 12:56:23,266 label2color : {'tenor_type': '#B9B5BB', 'invoice_due_date': '#0E969B', 'diclaration_by': '#0533D4', 'invoice_amount': '#3083B1', 'original_or_copy': '#1BC6B4', 'boe_currency': '#2AED34', 'lc_ref_no': '#38D8EE', 'boe_amount': '#4C83F8', 'indicator_date': '#781851', 'tenore_details': '#4D4623', 'lc_date': '#FA6636', 'issuing_bank': '#2CE606', 'drawer_name': '#5F2EA5', 'stamp': '#EDA3C9', 'drawer_bank_address': '#7C7901', 'drawer_address': '#D475D7', 'drawee_name': '#51AA5C', 'country_of_origin': '#C6DABE', 'tenor_indicator': '#6991F2', 'bill_exchange_no': '#167716', 'drawee_bank_address': '#960B6B', 'issuing_bank_address': '#E5A3BA', 'bill_exchange_date': '#803990', 'goods_discription': '#843FD0', 'drawer_bank_name': '#1EBB4F', 'indicator_type': '#050E86', 'drawee_bank_name': '#6DC2D2', 'usance_tenor': '#5F024B', 'signature': '#A479C1', 'invoice_no': '#4F7D76', 'original_number': '#8508D5', 'drawee_address': '#26EA15', 'invoice_date': '#330395', 'issue_place': '#83E601', 'invoice_currency': '#C4D342', 'O': '#CB009F', 'amount_in_words': '#7E1871'}
2024-05-08 12:56:23,366 is result_set is instance of dict? True
2024-05-08 12:56:23,367 is final_result_set is instance of dict? True
2024-05-08 12:56:23,430 Time taken for page 1 of Packing_List_14_page_2.png:0:00:01.372426
2024-05-08 12:56:23,492 *****Generated All Pages****** for Packing_List_14_page_2.png
2024-05-08 12:56:23,492 RAM memory 80.6 used for Packing_List_14_page_2.png Generating All Pages:
2024-05-08 12:56:23,492 Processing time taken for all pages of Packing_List_14_page_2.png1:0:00:01.435527
2024-05-08 12:56:23,596 file name is:Covering_Schedule(2011_08_04_15_52_46_5721)_3_page_1.png
2024-05-08 12:56:23,596 folder path :Images
2024-05-08 12:56:23,597 Calling Image result
2024-05-08 12:56:23,597 is all_page_result is instance of dict? True
2024-05-08 12:56:23,607 STREAM b'IHDR' 16 13
2024-05-08 12:56:23,607 STREAM b'IDAT' 41 52883
2024-05-08 12:56:23,634 is words is instance of list? True
2024-05-08 12:56:23,634 is bboxes is instance of list? True
2024-05-08 12:56:23,634 is bounding_boxes is instance of list? True
2024-05-08 12:56:23,868 is input_id_chunks is instance of list? True
2024-05-08 12:56:23,868 is mask_chunks is instance of list? True
2024-05-08 12:56:23,868 is bbox_chunks is instance of list? True
2024-05-08 12:56:23,868 is image_chunks is instance of list? True
2024-05-08 12:56:23,869 is input_dict is instance of dict? True
2024-05-08 12:56:25,252 Model Called
2024-05-08 12:56:25,253 RAM memory 80.7 used for Covering_Schedule(2011_08_04_15_52_46_5721)_3_page_1.png:
2024-05-08 12:56:25,253 is all_predictions is instance of list? True
2024-05-08 12:56:25,253 is all_boxes is instance of list? True
2024-05-08 12:56:25,253 is all_confidences is instance of list? True
2024-05-08 12:56:25,253 is all_text is instance of list? True
2024-05-08 12:56:25,253 is label2id is instance of dict? True
2024-05-08 12:56:25,253 is id2label is instance of dict? True
2024-05-08 12:56:25,254 is label2color is instance of dict? True
2024-05-08 12:56:25,254 label2color : {'tenor_type': '#7A2816', 'invoice_due_date': '#FD5609', 'diclaration_by': '#B1CFDB', 'invoice_amount': '#DDAFC4', 'original_or_copy': '#F16E49', 'boe_currency': '#177F68', 'lc_ref_no': '#77D66E', 'boe_amount': '#6B0410', 'indicator_date': '#76517E', 'tenore_details': '#DA890E', 'lc_date': '#4C0E1A', 'issuing_bank': '#6F6739', 'drawer_name': '#0C4334', 'stamp': '#38F69A', 'drawer_bank_address': '#F91D00', 'drawer_address': '#D7B2FF', 'drawee_name': '#33AC0A', 'country_of_origin': '#8878F4', 'tenor_indicator': '#5EA1C2', 'bill_exchange_no': '#617682', 'drawee_bank_address': '#47AC20', 'issuing_bank_address': '#FCCBD2', 'bill_exchange_date': '#655D74', 'goods_discription': '#36E59E', 'drawer_bank_name': '#54AB30', 'indicator_type': '#B805A3', 'drawee_bank_name': '#C552BE', 'usance_tenor': '#F9621A', 'signature': '#D60BAF', 'invoice_no': '#0630C4', 'original_number': '#52B063', 'drawee_address': '#2FB5D3', 'invoice_date': '#C72BC4', 'issue_place': '#690E69', 'invoice_currency': '#BB8D36', 'O': '#72F6C9', 'amount_in_words': '#4A1E33'}
2024-05-08 12:56:25,394 is result_set is instance of dict? True
2024-05-08 12:56:25,396 is final_result_set is instance of dict? True
2024-05-08 12:56:25,490 Time taken for page 1 of Covering_Schedule(2011_08_04_15_52_46_5721)_3_page_1.png:0:00:01.882323
2024-05-08 12:56:25,608 *****Generated All Pages****** for Covering_Schedule(2011_08_04_15_52_46_5721)_3_page_1.png
2024-05-08 12:56:25,608 RAM memory 80.8 used for Covering_Schedule(2011_08_04_15_52_46_5721)_3_page_1.png Generating All Pages:
2024-05-08 12:56:25,608 Processing time taken for all pages of Covering_Schedule(2011_08_04_15_52_46_5721)_3_page_1.png1:0:00:02.011546
2024-05-08 12:56:25,716 file name is:Covering_Schedule_669_page_2.png
2024-05-08 12:56:25,716 folder path :Images
2024-05-08 12:56:25,716 Calling Image result
2024-05-08 12:56:25,716 is all_page_result is instance of dict? True
2024-05-08 12:56:25,727 STREAM b'IHDR' 16 13
2024-05-08 12:56:25,727 STREAM b'sRGB' 41 1
2024-05-08 12:56:25,727 STREAM b'gAMA' 54 4
2024-05-08 12:56:25,727 STREAM b'pHYs' 70 9
2024-05-08 12:56:25,727 STREAM b'IDAT' 91 65445
2024-05-08 12:56:25,756 is words is instance of list? True
2024-05-08 12:56:25,756 is bboxes is instance of list? True
2024-05-08 12:56:25,756 is bounding_boxes is instance of list? True
2024-05-08 12:56:25,968 is input_id_chunks is instance of list? True
2024-05-08 12:56:25,968 is mask_chunks is instance of list? True
2024-05-08 12:56:25,968 is bbox_chunks is instance of list? True
2024-05-08 12:56:25,968 is image_chunks is instance of list? True
2024-05-08 12:56:25,969 is input_dict is instance of dict? True
2024-05-08 12:56:27,345 Model Called
2024-05-08 12:56:27,345 RAM memory 80.7 used for Covering_Schedule_669_page_2.png:
2024-05-08 12:56:27,345 is all_predictions is instance of list? True
2024-05-08 12:56:27,345 is all_boxes is instance of list? True
2024-05-08 12:56:27,345 is all_confidences is instance of list? True
2024-05-08 12:56:27,345 is all_text is instance of list? True
2024-05-08 12:56:27,345 is label2id is instance of dict? True
2024-05-08 12:56:27,345 is id2label is instance of dict? True
2024-05-08 12:56:27,346 is label2color is instance of dict? True
2024-05-08 12:56:27,346 label2color : {'tenor_type': '#E349AA', 'invoice_due_date': '#189C87', 'diclaration_by': '#4BD807', 'invoice_amount': '#87947A', 'original_or_copy': '#C937DB', 'boe_currency': '#50EE98', 'lc_ref_no': '#13221E', 'boe_amount': '#5984B6', 'indicator_date': '#7208CA', 'tenore_details': '#2016D4', 'lc_date': '#018881', 'issuing_bank': '#1DC6CF', 'drawer_name': '#58E1EA', 'stamp': '#8D129C', 'drawer_bank_address': '#976299', 'drawer_address': '#E0A500', 'drawee_name': '#70C257', 'country_of_origin': '#2842D5', 'tenor_indicator': '#41D3E1', 'bill_exchange_no': '#F4E965', 'drawee_bank_address': '#27CF1D', 'issuing_bank_address': '#E6E061', 'bill_exchange_date': '#FA7333', 'goods_discription': '#739D53', 'drawer_bank_name': '#BFB11B', 'indicator_type': '#C3C5EE', 'drawee_bank_name': '#05CEE2', 'usance_tenor': '#028746', 'signature': '#29D542', 'invoice_no': '#E9D65F', 'original_number': '#2F62E1', 'drawee_address': '#A6D5F1', 'invoice_date': '#CAE443', 'issue_place': '#C8432A', 'invoice_currency': '#A9057D', 'O': '#85999D', 'amount_in_words': '#41AF69'}
2024-05-08 12:56:27,494 is result_set is instance of dict? True
2024-05-08 12:56:27,495 is final_result_set is instance of dict? True
2024-05-08 12:56:27,538 Time taken for page 1 of Covering_Schedule_669_page_2.png:0:00:01.811357
2024-05-08 12:56:27,687 *****Generated All Pages****** for Covering_Schedule_669_page_2.png
2024-05-08 12:56:27,687 RAM memory 80.9 used for Covering_Schedule_669_page_2.png Generating All Pages:
2024-05-08 12:56:27,688 Processing time taken for all pages of Covering_Schedule_669_page_2.png1:0:00:01.971339
2024-05-08 12:56:27,803 file name is:Covering_Schedule_1_page_1.png
2024-05-08 12:56:27,803 folder path :Images
2024-05-08 12:56:27,803 Calling Image result
2024-05-08 12:56:27,803 is all_page_result is instance of dict? True
2024-05-08 12:56:27,803 STREAM b'IHDR' 16 13
2024-05-08 12:56:27,803 STREAM b'IDAT' 41 54456
2024-05-08 12:56:27,834 is words is instance of list? True
2024-05-08 12:56:27,834 is bboxes is instance of list? True
2024-05-08 12:56:27,834 is bounding_boxes is instance of list? True
2024-05-08 12:56:28,070 is input_id_chunks is instance of list? True
2024-05-08 12:56:28,070 is mask_chunks is instance of list? True
2024-05-08 12:56:28,070 is bbox_chunks is instance of list? True
2024-05-08 12:56:28,070 is image_chunks is instance of list? True
2024-05-08 12:56:28,071 is input_dict is instance of dict? True
2024-05-08 12:56:29,490 Model Called
2024-05-08 12:56:29,490 RAM memory 80.5 used for Covering_Schedule_1_page_1.png:
2024-05-08 12:56:29,490 is all_predictions is instance of list? True
2024-05-08 12:56:29,490 is all_boxes is instance of list? True
2024-05-08 12:56:29,490 is all_confidences is instance of list? True
2024-05-08 12:56:29,490 is all_text is instance of list? True
2024-05-08 12:56:29,490 is label2id is instance of dict? True
2024-05-08 12:56:29,490 is id2label is instance of dict? True
2024-05-08 12:56:29,491 is label2color is instance of dict? True
2024-05-08 12:56:29,491 label2color : {'tenor_type': '#99A9E0', 'invoice_due_date': '#8843CB', 'diclaration_by': '#8352A2', 'invoice_amount': '#6D25C2', 'original_or_copy': '#AAF507', 'boe_currency': '#589763', 'lc_ref_no': '#61E619', 'boe_amount': '#4A75FD', 'indicator_date': '#887CB0', 'tenore_details': '#095025', 'lc_date': '#0AB029', 'issuing_bank': '#82F9CD', 'drawer_name': '#A1E60E', 'stamp': '#F590A5', 'drawer_bank_address': '#47DD12', 'drawer_address': '#01D7F7', 'drawee_name': '#61E70F', 'country_of_origin': '#B2D91B', 'tenor_indicator': '#0AC52A', 'bill_exchange_no': '#8849FE', 'drawee_bank_address': '#A10063', 'issuing_bank_address': '#F708CC', 'bill_exchange_date': '#675D92', 'goods_discription': '#BA47A4', 'drawer_bank_name': '#F8AD28', 'indicator_type': '#737F13', 'drawee_bank_name': '#02B8A8', 'usance_tenor': '#267FF0', 'signature': '#D4EE4D', 'invoice_no': '#177571', 'original_number': '#3F1F32', 'drawee_address': '#20E347', 'invoice_date': '#0F5768', 'issue_place': '#87FCBB', 'invoice_currency': '#607AB7', 'O': '#FA46AE', 'amount_in_words': '#731E47'}
2024-05-08 12:56:29,642 is result_set is instance of dict? True
2024-05-08 12:56:29,643 is final_result_set is instance of dict? True
2024-05-08 12:56:29,759 Time taken for page 1 of Covering_Schedule_1_page_1.png:0:00:01.955162
2024-05-08 12:56:29,882 *****Generated All Pages****** for Covering_Schedule_1_page_1.png
2024-05-08 12:56:29,882 RAM memory 80.8 used for Covering_Schedule_1_page_1.png Generating All Pages:
2024-05-08 12:56:29,882 Processing time taken for all pages of Covering_Schedule_1_page_1.png1:0:00:02.079364
