2024-03-23 02:24:19,682 checkpoint 1 => setting basis cofiguration for logging purposes
2024-03-23 02:24:19,683 start time: 2024-03-23 02:24:19.683631
2024-03-23 02:24:23,775 Falling back to TensorFlow client; we recommended you install the Cloud TPU client directly with pip install cloud-tpu-client.
2024-03-23 02:24:23,986 Creating converter from 7 to 5
2024-03-23 02:24:23,986 Creating converter from 5 to 7
2024-03-23 02:24:23,986 Creating converter from 7 to 5
2024-03-23 02:24:23,986 Creating converter from 5 to 7
2024-03-23 02:24:24,677 Starting new HTTPS connection (1): huggingface.co:443
2024-03-23 02:24:25,581 https://huggingface.co:443 "HEAD /microsoft/layoutlmv2-base-uncased/resolve/main/preprocessor_config.json HTTP/1.1" 200 0
2024-03-23 02:24:26,499 https://huggingface.co:443 "HEAD /microsoft/layoutlmv2-base-uncased/resolve/main/tokenizer_config.json HTTP/1.1" 404 0
2024-03-23 02:24:27,215 https://huggingface.co:443 "HEAD /microsoft/layoutlmv2-base-uncased/resolve/main/vocab.txt HTTP/1.1" 200 0
2024-03-23 02:24:27,268 RAM memory for Model loading used: 51.6
2024-03-23 02:24:27,268 cpu_utilization % for Model Loading:12.5
2024-03-23 02:24:27,268 memory_consumption in bytes for Loading Model:1155899392
2024-03-23 02:24:27,268 Loaded Model successfully
2024-03-23 02:24:27,269 file name is:Bill_Of_Landing_411_page_1.png
2024-03-23 02:24:27,269 folder path :Images
2024-03-23 02:24:27,269 Calling Image result
2024-03-23 02:24:27,269 is all_page_result is instance of dict? True
2024-03-23 02:24:27,275 STREAM b'IHDR' 16 13
2024-03-23 02:24:27,276 STREAM b'IDAT' 41 64281
2024-03-23 02:24:27,324 is words is instance of list? True
2024-03-23 02:24:27,324 is bboxes is instance of list? True
2024-03-23 02:24:27,324 is bounding_boxes is instance of list? True
2024-03-23 02:24:27,655 is input_id_chunks is instance of list? True
2024-03-23 02:24:27,655 is mask_chunks is instance of list? True
2024-03-23 02:24:27,655 is bbox_chunks is instance of list? True
2024-03-23 02:24:27,655 is image_chunks is instance of list? True
2024-03-23 02:24:27,657 is input_dict is instance of dict? True
2024-03-23 02:24:30,603 Model Called
2024-03-23 02:24:30,604 RAM memory 64.2 used for Bill_Of_Landing_411_page_1.png:
2024-03-23 02:24:30,604 is all_predictions is instance of list? True
2024-03-23 02:24:30,604 is all_boxes is instance of list? True
2024-03-23 02:24:30,604 is all_confidences is instance of list? True
2024-03-23 02:24:30,604 is all_text is instance of list? True
2024-03-23 02:24:30,605 is label2id is instance of dict? True
2024-03-23 02:24:30,605 is id2label is instance of dict? True
2024-03-23 02:24:30,606 is label2color is instance of dict? True
2024-03-23 02:24:30,606 label2color : {'signature': '#67B7F5', 'gross_weight': '#084E94', 'freight_collect_at': '#212183', 'shipper_name': '#061159', 'notify_party_address': '#EB93BD', 'bol_original_or_copy': '#71FEA5', 'mode_of_transport': '#9CB33A', 'voyage_number': '#878B01', 'measurement': '#22E2B5', 'goods_marks_and_nos': '#3A7A97', 'bol_original_number': '#193C3F', 'container_number': '#55BA6E', 'dimension': '#F52503', 'pre_carriage_by': '#25AFF5', 'bill_of_lading_number': '#985A4C', 'notify_party_name': '#B5A2AC', 'port_of_discharge': '#A62734', 'final_destination': '#B30469', 'net_weight': '#AF371C', 'signed_by_master': '#94E567', 'shipped_onboard_date': '#93EC43', 'lc_date': '#C6287C', 'lc_ref_number': '#18795F', 'signed_by_carrier': '#83D3D7', 'place_of_issue': '#0233EA', 'bill_of_lading_issue_date': '#F66111', 'signed_by_agent': '#6AC754', 'total_original_no': '#6A6BCA', 'vessel_name': '#796769', 'carrier_country': '#1E9D69', 'gross_quantity': '#69E7B2', 'transaction_date': '#B3365C', 'consignee_address': '#A3541A', 'O': '#B2BF20', 'shipper_address': '#895084', 'page_no': '#D5D4C8', 'goods_description': '#8D2D73', 'freight_collect_or_prepaid': '#86A8C0', 'agent_country': '#ECBEF7', 'stamp': '#A53B60', 'consignee_name': '#91A9D8', 'country_of_origin': '#637211', 'port_of_loading': '#25E616', 'carrier_name': '#37AA53', 'place_of_receipt': '#61A6C0', 'agent_name': '#862E75'}
2024-03-23 02:24:30,841 is result_set is instance of dict? True
2024-03-23 02:24:30,843 is final_result_set is instance of dict? True
2024-03-23 02:24:31,085 Time taken for page 1 of Bill_Of_Landing_411_page_1.png:0:00:03.809071
2024-03-23 02:24:31,229 *****Generated All Pages****** for Bill_Of_Landing_411_page_1.png
2024-03-23 02:24:31,229 RAM memory 64.1 used for Bill_Of_Landing_411_page_1.png Generating All Pages:
2024-03-23 02:24:31,229 Processing time taken for all pages of Bill_Of_Landing_411_page_1.png1:0:00:03.960377
2024-03-23 02:24:31,427 file name is:Bill_Of_Landing_774_page_4.png
2024-03-23 02:24:31,427 folder path :Images
2024-03-23 02:24:31,427 Calling Image result
2024-03-23 02:24:31,427 is all_page_result is instance of dict? True
2024-03-23 02:24:31,429 STREAM b'IHDR' 16 13
2024-03-23 02:24:31,429 STREAM b'IDAT' 41 65536
2024-03-23 02:24:31,500 is words is instance of list? True
2024-03-23 02:24:31,500 is bboxes is instance of list? True
2024-03-23 02:24:31,500 is bounding_boxes is instance of list? True
2024-03-23 02:24:32,588 is input_id_chunks is instance of list? True
2024-03-23 02:24:32,588 is mask_chunks is instance of list? True
2024-03-23 02:24:32,588 is bbox_chunks is instance of list? True
2024-03-23 02:24:32,588 is image_chunks is instance of list? True
2024-03-23 02:24:32,589 is input_dict is instance of dict? True
2024-03-23 02:24:35,250 Model Called
2024-03-23 02:24:35,251 RAM memory 65.4 used for Bill_Of_Landing_774_page_4.png:
2024-03-23 02:24:35,251 is all_predictions is instance of list? True
2024-03-23 02:24:35,251 is all_boxes is instance of list? True
2024-03-23 02:24:35,251 is all_confidences is instance of list? True
2024-03-23 02:24:35,251 is all_text is instance of list? True
2024-03-23 02:24:35,252 is label2id is instance of dict? True
2024-03-23 02:24:35,252 is id2label is instance of dict? True
2024-03-23 02:24:35,253 is label2color is instance of dict? True
2024-03-23 02:24:35,253 label2color : {'signature': '#3F1F97', 'gross_weight': '#16BEF8', 'freight_collect_at': '#9D1FD6', 'shipper_name': '#B1C2A2', 'notify_party_address': '#5985FD', 'bol_original_or_copy': '#34627D', 'mode_of_transport': '#B2A2FD', 'voyage_number': '#2A45D7', 'measurement': '#6E0D0F', 'goods_marks_and_nos': '#75A9CC', 'bol_original_number': '#E1BA21', 'container_number': '#7BF826', 'dimension': '#38860E', 'pre_carriage_by': '#205FD2', 'bill_of_lading_number': '#DC1A3E', 'notify_party_name': '#DC6D60', 'port_of_discharge': '#D2DF32', 'final_destination': '#345BF4', 'net_weight': '#552AB4', 'signed_by_master': '#532B51', 'shipped_onboard_date': '#914F20', 'lc_date': '#F33994', 'lc_ref_number': '#9E82C1', 'signed_by_carrier': '#4B8302', 'place_of_issue': '#7AFF80', 'bill_of_lading_issue_date': '#6759F8', 'signed_by_agent': '#8653C8', 'total_original_no': '#2EBCC5', 'vessel_name': '#86137E', 'carrier_country': '#6EF86A', 'gross_quantity': '#F0F11F', 'transaction_date': '#B07511', 'consignee_address': '#E5A028', 'O': '#FDA704', 'shipper_address': '#C5567F', 'page_no': '#3215BD', 'goods_description': '#52F40A', 'freight_collect_or_prepaid': '#A38442', 'agent_country': '#3C4BE2', 'stamp': '#4F5A81', 'consignee_name': '#EA9602', 'country_of_origin': '#55669F', 'port_of_loading': '#B6C57F', 'carrier_name': '#1CA0F7', 'place_of_receipt': '#B0F3DD', 'agent_name': '#0ADB5D'}
2024-03-23 02:24:35,784 is result_set is instance of dict? True
2024-03-23 02:24:35,786 is final_result_set is instance of dict? True
2024-03-23 02:24:36,113 Time taken for page 1 of Bill_Of_Landing_774_page_4.png:0:00:04.684423
2024-03-23 02:24:36,508 *****Generated All Pages****** for Bill_Of_Landing_774_page_4.png
2024-03-23 02:24:36,508 RAM memory 66.0 used for Bill_Of_Landing_774_page_4.png Generating All Pages:
2024-03-23 02:24:36,508 Processing time taken for all pages of Bill_Of_Landing_774_page_4.png1:0:00:05.080574
2024-03-23 02:24:36,684 file name is:Bill_Of_Landing_530_page_1.png
2024-03-23 02:24:36,685 folder path :Images
2024-03-23 02:24:36,685 Calling Image result
2024-03-23 02:24:36,685 is all_page_result is instance of dict? True
2024-03-23 02:24:36,695 STREAM b'IHDR' 16 13
2024-03-23 02:24:36,696 STREAM b'IDAT' 41 23120
2024-03-23 02:24:36,709 is words is instance of list? True
2024-03-23 02:24:36,709 is bboxes is instance of list? True
2024-03-23 02:24:36,709 is bounding_boxes is instance of list? True
2024-03-23 02:24:36,804 is input_id_chunks is instance of list? True
2024-03-23 02:24:36,804 is mask_chunks is instance of list? True
2024-03-23 02:24:36,804 is bbox_chunks is instance of list? True
2024-03-23 02:24:36,804 is image_chunks is instance of list? True
2024-03-23 02:24:36,805 is input_dict is instance of dict? True
2024-03-23 02:24:39,296 Model Called
2024-03-23 02:24:39,296 RAM memory 63.8 used for Bill_Of_Landing_530_page_1.png:
2024-03-23 02:24:39,296 is all_predictions is instance of list? True
2024-03-23 02:24:39,297 is all_boxes is instance of list? True
2024-03-23 02:24:39,297 is all_confidences is instance of list? True
2024-03-23 02:24:39,297 is all_text is instance of list? True
2024-03-23 02:24:39,297 is label2id is instance of dict? True
2024-03-23 02:24:39,297 is id2label is instance of dict? True
2024-03-23 02:24:39,299 is label2color is instance of dict? True
2024-03-23 02:24:39,299 label2color : {'signature': '#6B6146', 'gross_weight': '#332314', 'freight_collect_at': '#EA4236', 'shipper_name': '#564367', 'notify_party_address': '#FB8C01', 'bol_original_or_copy': '#6307C5', 'mode_of_transport': '#BB5C01', 'voyage_number': '#0DB750', 'measurement': '#764043', 'goods_marks_and_nos': '#EF2C15', 'bol_original_number': '#5AEA7D', 'container_number': '#0D765A', 'dimension': '#2B839C', 'pre_carriage_by': '#A8309C', 'bill_of_lading_number': '#8C0E66', 'notify_party_name': '#73D6CF', 'port_of_discharge': '#73F976', 'final_destination': '#F4E12B', 'net_weight': '#494A67', 'signed_by_master': '#85D822', 'shipped_onboard_date': '#123D61', 'lc_date': '#E5157E', 'lc_ref_number': '#4506B4', 'signed_by_carrier': '#ACB538', 'place_of_issue': '#2B6DAE', 'bill_of_lading_issue_date': '#AD917A', 'signed_by_agent': '#35B694', 'total_original_no': '#810E8C', 'vessel_name': '#B333FB', 'carrier_country': '#DAB822', 'gross_quantity': '#AF943D', 'transaction_date': '#42E623', 'consignee_address': '#539440', 'O': '#43F2F6', 'shipper_address': '#1C5D06', 'page_no': '#F00C7E', 'goods_description': '#D297E4', 'freight_collect_or_prepaid': '#CDEC1A', 'agent_country': '#5E7F40', 'stamp': '#E04908', 'consignee_name': '#B1C954', 'country_of_origin': '#FE2A5E', 'port_of_loading': '#B2F884', 'carrier_name': '#E87DA1', 'place_of_receipt': '#1E9176', 'agent_name': '#9F9F5A'}
2024-03-23 02:24:39,379 is result_set is instance of dict? True
2024-03-23 02:24:39,391 is final_result_set is instance of dict? True
2024-03-23 02:24:39,656 Time taken for page 1 of Bill_Of_Landing_530_page_1.png:0:00:02.959544
2024-03-23 02:24:39,719 *****Generated All Pages****** for Bill_Of_Landing_530_page_1.png
2024-03-23 02:24:39,720 RAM memory 63.9 used for Bill_Of_Landing_530_page_1.png Generating All Pages:
2024-03-23 02:24:39,720 Processing time taken for all pages of Bill_Of_Landing_530_page_1.png1:0:00:03.034999
2024-03-23 02:24:39,896 file name is:Bill_Of_Landing_562_page_1.png
2024-03-23 02:24:39,896 folder path :Images
2024-03-23 02:24:39,896 Calling Image result
2024-03-23 02:24:39,896 is all_page_result is instance of dict? True
2024-03-23 02:24:39,897 STREAM b'IHDR' 16 13
2024-03-23 02:24:39,897 STREAM b'IDAT' 41 59485
2024-03-23 02:24:39,936 is words is instance of list? True
2024-03-23 02:24:39,937 is bboxes is instance of list? True
2024-03-23 02:24:39,937 is bounding_boxes is instance of list? True
2024-03-23 02:24:40,177 is input_id_chunks is instance of list? True
2024-03-23 02:24:40,178 is mask_chunks is instance of list? True
2024-03-23 02:24:40,178 is bbox_chunks is instance of list? True
2024-03-23 02:24:40,178 is image_chunks is instance of list? True
2024-03-23 02:24:40,179 is input_dict is instance of dict? True
2024-03-23 02:24:42,898 Model Called
2024-03-23 02:24:42,898 RAM memory 65.1 used for Bill_Of_Landing_562_page_1.png:
2024-03-23 02:24:42,898 is all_predictions is instance of list? True
2024-03-23 02:24:42,899 is all_boxes is instance of list? True
2024-03-23 02:24:42,899 is all_confidences is instance of list? True
2024-03-23 02:24:42,899 is all_text is instance of list? True
2024-03-23 02:24:42,899 is label2id is instance of dict? True
2024-03-23 02:24:42,899 is id2label is instance of dict? True
2024-03-23 02:24:42,900 is label2color is instance of dict? True
2024-03-23 02:24:42,900 label2color : {'signature': '#6CB969', 'gross_weight': '#5AE3BD', 'freight_collect_at': '#03DB23', 'shipper_name': '#47074C', 'notify_party_address': '#E2F387', 'bol_original_or_copy': '#35EC62', 'mode_of_transport': '#97D23A', 'voyage_number': '#89F63F', 'measurement': '#793952', 'goods_marks_and_nos': '#75542B', 'bol_original_number': '#8FAAA8', 'container_number': '#0D5C29', 'dimension': '#CE3845', 'pre_carriage_by': '#07BB0A', 'bill_of_lading_number': '#19549A', 'notify_party_name': '#680EC0', 'port_of_discharge': '#A504D9', 'final_destination': '#0F8305', 'net_weight': '#3C4BF2', 'signed_by_master': '#56DB45', 'shipped_onboard_date': '#1CA4F0', 'lc_date': '#233C15', 'lc_ref_number': '#E430FF', 'signed_by_carrier': '#EBAC36', 'place_of_issue': '#F09E12', 'bill_of_lading_issue_date': '#15404D', 'signed_by_agent': '#093110', 'total_original_no': '#AFAAEB', 'vessel_name': '#9815EF', 'carrier_country': '#78DFA1', 'gross_quantity': '#677D37', 'transaction_date': '#BC4B15', 'consignee_address': '#0A8D67', 'O': '#5951CA', 'shipper_address': '#8FA820', 'page_no': '#CB6E9A', 'goods_description': '#663C6F', 'freight_collect_or_prepaid': '#41C2C2', 'agent_country': '#61B085', 'stamp': '#3D98DD', 'consignee_name': '#C4E318', 'country_of_origin': '#7BF1A6', 'port_of_loading': '#27B320', 'carrier_name': '#2FFC25', 'place_of_receipt': '#3812AD', 'agent_name': '#879E16'}
2024-03-23 02:24:43,094 is result_set is instance of dict? True
2024-03-23 02:24:43,095 is final_result_set is instance of dict? True
2024-03-23 02:24:43,297 Time taken for page 1 of Bill_Of_Landing_562_page_1.png:0:00:03.399703
2024-03-23 02:24:43,445 *****Generated All Pages****** for Bill_Of_Landing_562_page_1.png
2024-03-23 02:24:43,445 RAM memory 65.0 used for Bill_Of_Landing_562_page_1.png Generating All Pages:
2024-03-23 02:24:43,445 Processing time taken for all pages of Bill_Of_Landing_562_page_1.png1:0:00:03.549031
2024-03-23 02:24:43,589 file name is:Bill_Of_Landing_679_page_0.png
2024-03-23 02:24:43,589 folder path :Images
2024-03-23 02:24:43,589 Calling Image result
2024-03-23 02:24:43,589 is all_page_result is instance of dict? True
2024-03-23 02:24:43,600 STREAM b'IHDR' 16 13
2024-03-23 02:24:43,600 STREAM b'IDAT' 41 65536
2024-03-23 02:24:43,674 is words is instance of list? True
2024-03-23 02:24:43,674 is bboxes is instance of list? True
2024-03-23 02:24:43,674 is bounding_boxes is instance of list? True
2024-03-23 02:24:44,552 is input_id_chunks is instance of list? True
2024-03-23 02:24:44,552 is mask_chunks is instance of list? True
2024-03-23 02:24:44,552 is bbox_chunks is instance of list? True
2024-03-23 02:24:44,552 is image_chunks is instance of list? True
2024-03-23 02:24:44,552 is input_dict is instance of dict? True
2024-03-23 02:24:47,017 Model Called
2024-03-23 02:24:47,018 RAM memory 65.3 used for Bill_Of_Landing_679_page_0.png:
2024-03-23 02:24:47,018 is all_predictions is instance of list? True
2024-03-23 02:24:47,018 is all_boxes is instance of list? True
2024-03-23 02:24:47,018 is all_confidences is instance of list? True
2024-03-23 02:24:47,018 is all_text is instance of list? True
2024-03-23 02:24:47,018 is label2id is instance of dict? True
2024-03-23 02:24:47,018 is id2label is instance of dict? True
2024-03-23 02:24:47,019 is label2color is instance of dict? True
2024-03-23 02:24:47,019 label2color : {'signature': '#0A9A21', 'gross_weight': '#7F76BB', 'freight_collect_at': '#89CE1F', 'shipper_name': '#0253D1', 'notify_party_address': '#32563B', 'bol_original_or_copy': '#4ED4AC', 'mode_of_transport': '#A881A3', 'voyage_number': '#F75549', 'measurement': '#21D63E', 'goods_marks_and_nos': '#36A3AA', 'bol_original_number': '#96AC28', 'container_number': '#8362D3', 'dimension': '#A563F3', 'pre_carriage_by': '#7398DD', 'bill_of_lading_number': '#DFBBC3', 'notify_party_name': '#CFB787', 'port_of_discharge': '#20EC4C', 'final_destination': '#1A6D86', 'net_weight': '#F0F544', 'signed_by_master': '#8076DE', 'shipped_onboard_date': '#9F94EA', 'lc_date': '#2B2E8F', 'lc_ref_number': '#18E631', 'signed_by_carrier': '#7CA717', 'place_of_issue': '#7B412C', 'bill_of_lading_issue_date': '#65F178', 'signed_by_agent': '#A1D3AF', 'total_original_no': '#C56420', 'vessel_name': '#E5FDDB', 'carrier_country': '#872496', 'gross_quantity': '#E5AE10', 'transaction_date': '#D4C8CB', 'consignee_address': '#31540D', 'O': '#5BAC2F', 'shipper_address': '#06F65C', 'page_no': '#253F9C', 'goods_description': '#0C4902', 'freight_collect_or_prepaid': '#019F47', 'agent_country': '#FF4552', 'stamp': '#3D52F4', 'consignee_name': '#5789AB', 'country_of_origin': '#0AB86D', 'port_of_loading': '#A974E7', 'carrier_name': '#995C47', 'place_of_receipt': '#A970B2', 'agent_name': '#7EFCB1'}
2024-03-23 02:24:47,551 is result_set is instance of dict? True
2024-03-23 02:24:47,553 is final_result_set is instance of dict? True
2024-03-23 02:24:47,880 Time taken for page 1 of Bill_Of_Landing_679_page_0.png:0:00:04.279711
2024-03-23 02:24:48,206 *****Generated All Pages****** for Bill_Of_Landing_679_page_0.png
2024-03-23 02:24:48,206 RAM memory 65.5 used for Bill_Of_Landing_679_page_0.png Generating All Pages:
2024-03-23 02:24:48,206 Processing time taken for all pages of Bill_Of_Landing_679_page_0.png1:0:00:04.617399
2024-03-23 02:24:48,366 file name is:Bill_Of_Landing_784_page_0.png
2024-03-23 02:24:48,366 folder path :Images
2024-03-23 02:24:48,366 Calling Image result
2024-03-23 02:24:48,366 is all_page_result is instance of dict? True
2024-03-23 02:24:48,367 STREAM b'IHDR' 16 13
2024-03-23 02:24:48,367 STREAM b'IDAT' 41 65536
2024-03-23 02:24:48,401 is words is instance of list? True
2024-03-23 02:24:48,401 is bboxes is instance of list? True
2024-03-23 02:24:48,401 is bounding_boxes is instance of list? True
2024-03-23 02:24:48,623 is input_id_chunks is instance of list? True
2024-03-23 02:24:48,624 is mask_chunks is instance of list? True
2024-03-23 02:24:48,624 is bbox_chunks is instance of list? True
2024-03-23 02:24:48,624 is image_chunks is instance of list? True
2024-03-23 02:24:48,624 is input_dict is instance of dict? True
2024-03-23 02:24:50,984 Model Called
2024-03-23 02:24:50,985 RAM memory 64.1 used for Bill_Of_Landing_784_page_0.png:
2024-03-23 02:24:50,985 is all_predictions is instance of list? True
2024-03-23 02:24:50,985 is all_boxes is instance of list? True
2024-03-23 02:24:50,985 is all_confidences is instance of list? True
2024-03-23 02:24:50,985 is all_text is instance of list? True
2024-03-23 02:24:50,985 is label2id is instance of dict? True
2024-03-23 02:24:50,985 is id2label is instance of dict? True
2024-03-23 02:24:50,986 is label2color is instance of dict? True
2024-03-23 02:24:50,986 label2color : {'signature': '#2E4F46', 'gross_weight': '#6F698E', 'freight_collect_at': '#29F243', 'shipper_name': '#C77864', 'notify_party_address': '#DB0D93', 'bol_original_or_copy': '#6048E9', 'mode_of_transport': '#A0C6C3', 'voyage_number': '#48C595', 'measurement': '#C486D8', 'goods_marks_and_nos': '#4CAAEA', 'bol_original_number': '#A7CA91', 'container_number': '#F9C58D', 'dimension': '#6FD78F', 'pre_carriage_by': '#7A860B', 'bill_of_lading_number': '#4B9788', 'notify_party_name': '#FAC377', 'port_of_discharge': '#A77972', 'final_destination': '#D3B7FB', 'net_weight': '#8C0172', 'signed_by_master': '#9B59F4', 'shipped_onboard_date': '#91A55F', 'lc_date': '#4B3BAD', 'lc_ref_number': '#CBD1C0', 'signed_by_carrier': '#136DCC', 'place_of_issue': '#06404D', 'bill_of_lading_issue_date': '#4FB029', 'signed_by_agent': '#B6260E', 'total_original_no': '#085F33', 'vessel_name': '#D0CFAB', 'carrier_country': '#67D4B4', 'gross_quantity': '#C7C8C0', 'transaction_date': '#CF1F28', 'consignee_address': '#913F2F', 'O': '#B08EC0', 'shipper_address': '#7FE8CE', 'page_no': '#49CBAA', 'goods_description': '#365ECB', 'freight_collect_or_prepaid': '#15C4D6', 'agent_country': '#DF8B3A', 'stamp': '#662D6D', 'consignee_name': '#DEF6C6', 'country_of_origin': '#A61472', 'port_of_loading': '#9D9800', 'carrier_name': '#0A3723', 'place_of_receipt': '#DB3340', 'agent_name': '#936358'}
2024-03-23 02:24:51,175 is result_set is instance of dict? True
2024-03-23 02:24:51,176 is final_result_set is instance of dict? True
2024-03-23 02:24:51,410 Time taken for page 1 of Bill_Of_Landing_784_page_0.png:0:00:03.042890
2024-03-23 02:24:51,570 *****Generated All Pages****** for Bill_Of_Landing_784_page_0.png
2024-03-23 02:24:51,570 RAM memory 64.2 used for Bill_Of_Landing_784_page_0.png Generating All Pages:
2024-03-23 02:24:51,570 Processing time taken for all pages of Bill_Of_Landing_784_page_0.png1:0:00:03.203585
2024-03-23 02:24:51,696 file name is:Bill_Of_Landing_562_page_13.png
2024-03-23 02:24:51,696 folder path :Images
2024-03-23 02:24:51,696 Calling Image result
2024-03-23 02:24:51,696 is all_page_result is instance of dict? True
2024-03-23 02:24:51,707 STREAM b'IHDR' 16 13
2024-03-23 02:24:51,707 STREAM b'IDAT' 41 65536
2024-03-23 02:24:51,741 is words is instance of list? True
2024-03-23 02:24:51,741 is bboxes is instance of list? True
2024-03-23 02:24:51,741 is bounding_boxes is instance of list? True
2024-03-23 02:24:51,949 is input_id_chunks is instance of list? True
2024-03-23 02:24:51,949 is mask_chunks is instance of list? True
2024-03-23 02:24:51,949 is bbox_chunks is instance of list? True
2024-03-23 02:24:51,949 is image_chunks is instance of list? True
2024-03-23 02:24:51,950 is input_dict is instance of dict? True
2024-03-23 02:24:54,268 Model Called
2024-03-23 02:24:54,269 RAM memory 64.6 used for Bill_Of_Landing_562_page_13.png:
2024-03-23 02:24:54,269 is all_predictions is instance of list? True
2024-03-23 02:24:54,269 is all_boxes is instance of list? True
2024-03-23 02:24:54,269 is all_confidences is instance of list? True
2024-03-23 02:24:54,269 is all_text is instance of list? True
2024-03-23 02:24:54,269 is label2id is instance of dict? True
2024-03-23 02:24:54,269 is id2label is instance of dict? True
2024-03-23 02:24:54,270 is label2color is instance of dict? True
2024-03-23 02:24:54,270 label2color : {'signature': '#FAC924', 'gross_weight': '#64890A', 'freight_collect_at': '#3791DD', 'shipper_name': '#1B84B7', 'notify_party_address': '#DAF3AF', 'bol_original_or_copy': '#B91251', 'mode_of_transport': '#B14046', 'voyage_number': '#441AE9', 'measurement': '#2C7A6F', 'goods_marks_and_nos': '#0B7E96', 'bol_original_number': '#F22395', 'container_number': '#A49264', 'dimension': '#6C30D1', 'pre_carriage_by': '#959D05', 'bill_of_lading_number': '#7078B8', 'notify_party_name': '#F609CB', 'port_of_discharge': '#7D150B', 'final_destination': '#60D8C4', 'net_weight': '#F3B7EA', 'signed_by_master': '#E82868', 'shipped_onboard_date': '#654C64', 'lc_date': '#C6CF6C', 'lc_ref_number': '#AF028A', 'signed_by_carrier': '#75EF2D', 'place_of_issue': '#192E79', 'bill_of_lading_issue_date': '#719761', 'signed_by_agent': '#45FEF1', 'total_original_no': '#15C857', 'vessel_name': '#2BE0BF', 'carrier_country': '#8393E2', 'gross_quantity': '#169560', 'transaction_date': '#9A5B1A', 'consignee_address': '#49E949', 'O': '#4E3B1F', 'shipper_address': '#C81314', 'page_no': '#C1E18D', 'goods_description': '#C81C1B', 'freight_collect_or_prepaid': '#2DF98A', 'agent_country': '#98BF42', 'stamp': '#FA8B8C', 'consignee_name': '#22AB96', 'country_of_origin': '#2C8FBF', 'port_of_loading': '#7D0F58', 'carrier_name': '#7A73BE', 'place_of_receipt': '#C57CC2', 'agent_name': '#E5854D'}
2024-03-23 02:24:54,476 is result_set is instance of dict? True
2024-03-23 02:24:54,477 is final_result_set is instance of dict? True
2024-03-23 02:24:54,655 Time taken for page 1 of Bill_Of_Landing_562_page_13.png:0:00:02.947772
2024-03-23 02:24:54,803 *****Generated All Pages****** for Bill_Of_Landing_562_page_13.png
2024-03-23 02:24:54,803 RAM memory 64.8 used for Bill_Of_Landing_562_page_13.png Generating All Pages:
2024-03-23 02:24:54,803 Processing time taken for all pages of Bill_Of_Landing_562_page_13.png1:0:00:03.106847
2024-03-23 02:24:54,937 file name is:Bill_Of_Landing_555_page_0.png
2024-03-23 02:24:54,937 folder path :Images
2024-03-23 02:24:54,937 Calling Image result
2024-03-23 02:24:54,937 is all_page_result is instance of dict? True
2024-03-23 02:24:54,938 STREAM b'IHDR' 16 13
2024-03-23 02:24:54,938 STREAM b'IDAT' 41 65536
2024-03-23 02:24:54,971 is words is instance of list? True
2024-03-23 02:24:54,971 is bboxes is instance of list? True
2024-03-23 02:24:54,971 is bounding_boxes is instance of list? True
2024-03-23 02:24:55,178 is input_id_chunks is instance of list? True
2024-03-23 02:24:55,178 is mask_chunks is instance of list? True
2024-03-23 02:24:55,178 is bbox_chunks is instance of list? True
2024-03-23 02:24:55,178 is image_chunks is instance of list? True
2024-03-23 02:24:55,178 is input_dict is instance of dict? True
2024-03-23 02:24:57,869 Model Called
2024-03-23 02:24:57,869 RAM memory 64.8 used for Bill_Of_Landing_555_page_0.png:
2024-03-23 02:24:57,869 is all_predictions is instance of list? True
2024-03-23 02:24:57,869 is all_boxes is instance of list? True
2024-03-23 02:24:57,869 is all_confidences is instance of list? True
2024-03-23 02:24:57,870 is all_text is instance of list? True
2024-03-23 02:24:57,870 is label2id is instance of dict? True
2024-03-23 02:24:57,870 is id2label is instance of dict? True
2024-03-23 02:24:57,871 is label2color is instance of dict? True
2024-03-23 02:24:57,871 label2color : {'signature': '#AD4135', 'gross_weight': '#BDC81C', 'freight_collect_at': '#1B3959', 'shipper_name': '#EB8C5D', 'notify_party_address': '#AE5AD5', 'bol_original_or_copy': '#9B0A8F', 'mode_of_transport': '#047426', 'voyage_number': '#571D63', 'measurement': '#8B55A4', 'goods_marks_and_nos': '#F518EA', 'bol_original_number': '#A53A69', 'container_number': '#2A1C4C', 'dimension': '#0005A4', 'pre_carriage_by': '#758A6D', 'bill_of_lading_number': '#B902F0', 'notify_party_name': '#DE7B33', 'port_of_discharge': '#83A206', 'final_destination': '#4150BB', 'net_weight': '#AC5D14', 'signed_by_master': '#6E6CB1', 'shipped_onboard_date': '#524B14', 'lc_date': '#2683EA', 'lc_ref_number': '#9D896D', 'signed_by_carrier': '#E68E40', 'place_of_issue': '#4A2514', 'bill_of_lading_issue_date': '#5181FA', 'signed_by_agent': '#45100F', 'total_original_no': '#B13C3B', 'vessel_name': '#45C210', 'carrier_country': '#AAB18F', 'gross_quantity': '#3F2622', 'transaction_date': '#5979F1', 'consignee_address': '#E3BAA0', 'O': '#71F0DF', 'shipper_address': '#2D77DF', 'page_no': '#2832FF', 'goods_description': '#006D73', 'freight_collect_or_prepaid': '#5D22CA', 'agent_country': '#C99F64', 'stamp': '#1A99FF', 'consignee_name': '#0702E7', 'country_of_origin': '#D04B15', 'port_of_loading': '#D75AAD', 'carrier_name': '#4DAC7F', 'place_of_receipt': '#378786', 'agent_name': '#8989AA'}
2024-03-23 02:24:58,070 is result_set is instance of dict? True
2024-03-23 02:24:58,072 is final_result_set is instance of dict? True
2024-03-23 02:24:58,304 Time taken for page 1 of Bill_Of_Landing_555_page_0.png:0:00:03.365477
2024-03-23 02:24:58,505 *****Generated All Pages****** for Bill_Of_Landing_555_page_0.png
2024-03-23 02:24:58,506 RAM memory 64.9 used for Bill_Of_Landing_555_page_0.png Generating All Pages:
2024-03-23 02:24:58,506 Processing time taken for all pages of Bill_Of_Landing_555_page_0.png1:0:00:03.568468
2024-03-23 02:24:58,651 file name is:Bill_Of_Landing_899_page_20.png
2024-03-23 02:24:58,651 folder path :Images
2024-03-23 02:24:58,651 Calling Image result
2024-03-23 02:24:58,651 is all_page_result is instance of dict? True
2024-03-23 02:24:58,652 STREAM b'IHDR' 16 13
2024-03-23 02:24:58,652 STREAM b'IDAT' 41 65536
2024-03-23 02:24:58,683 is words is instance of list? True
2024-03-23 02:24:58,683 is bboxes is instance of list? True
2024-03-23 02:24:58,683 is bounding_boxes is instance of list? True
2024-03-23 02:24:58,902 is input_id_chunks is instance of list? True
2024-03-23 02:24:58,902 is mask_chunks is instance of list? True
2024-03-23 02:24:58,902 is bbox_chunks is instance of list? True
2024-03-23 02:24:58,902 is image_chunks is instance of list? True
2024-03-23 02:24:58,903 is input_dict is instance of dict? True
2024-03-23 02:25:03,222 Model Called
2024-03-23 02:25:03,223 RAM memory 71.2 used for Bill_Of_Landing_899_page_20.png:
2024-03-23 02:25:03,223 is all_predictions is instance of list? True
2024-03-23 02:25:03,223 is all_boxes is instance of list? True
2024-03-23 02:25:03,223 is all_confidences is instance of list? True
2024-03-23 02:25:03,223 is all_text is instance of list? True
2024-03-23 02:25:03,223 is label2id is instance of dict? True
2024-03-23 02:25:03,223 is id2label is instance of dict? True
2024-03-23 02:25:03,225 is label2color is instance of dict? True
2024-03-23 02:25:03,225 label2color : {'signature': '#54A7BA', 'gross_weight': '#DF6728', 'freight_collect_at': '#546D0D', 'shipper_name': '#4AB2AE', 'notify_party_address': '#6DBCDB', 'bol_original_or_copy': '#53F706', 'mode_of_transport': '#C8AE2C', 'voyage_number': '#02214E', 'measurement': '#1FA33E', 'goods_marks_and_nos': '#FA54AD', 'bol_original_number': '#626D10', 'container_number': '#00CC6D', 'dimension': '#BBF993', 'pre_carriage_by': '#A20FC9', 'bill_of_lading_number': '#B321EB', 'notify_party_name': '#A97392', 'port_of_discharge': '#1649D2', 'final_destination': '#305556', 'net_weight': '#3A8D34', 'signed_by_master': '#8982BC', 'shipped_onboard_date': '#9B0C41', 'lc_date': '#12B754', 'lc_ref_number': '#4EDD5E', 'signed_by_carrier': '#4D6479', 'place_of_issue': '#50EEF9', 'bill_of_lading_issue_date': '#2046C1', 'signed_by_agent': '#D4ABB4', 'total_original_no': '#C4570E', 'vessel_name': '#5C982D', 'carrier_country': '#18F81E', 'gross_quantity': '#41FF39', 'transaction_date': '#B47D21', 'consignee_address': '#E2D9FC', 'O': '#AC950E', 'shipper_address': '#EAA885', 'page_no': '#E0EBC0', 'goods_description': '#95F13A', 'freight_collect_or_prepaid': '#C0112F', 'agent_country': '#34EEDF', 'stamp': '#D9949F', 'consignee_name': '#770FC4', 'country_of_origin': '#C4D408', 'port_of_loading': '#D973F1', 'carrier_name': '#7C69E5', 'place_of_receipt': '#829F82', 'agent_name': '#9A5B12'}
2024-03-23 02:25:03,542 is result_set is instance of dict? True
2024-03-23 02:25:03,544 is final_result_set is instance of dict? True
2024-03-23 02:25:03,825 Time taken for page 1 of Bill_Of_Landing_899_page_20.png:0:00:05.173398
2024-03-23 02:25:04,020 *****Generated All Pages****** for Bill_Of_Landing_899_page_20.png
2024-03-23 02:25:04,020 RAM memory 71.4 used for Bill_Of_Landing_899_page_20.png Generating All Pages:
2024-03-23 02:25:04,020 Processing time taken for all pages of Bill_Of_Landing_899_page_20.png1:0:00:05.369077
2024-03-23 02:25:04,202 file name is:Bill_Of_Landing_511_page_0.png
2024-03-23 02:25:04,202 folder path :Images
2024-03-23 02:25:04,202 Calling Image result
2024-03-23 02:25:04,202 is all_page_result is instance of dict? True
2024-03-23 02:25:04,213 STREAM b'IHDR' 16 13
2024-03-23 02:25:04,213 STREAM b'IDAT' 41 65536
2024-03-23 02:25:04,254 is words is instance of list? True
2024-03-23 02:25:04,254 is bboxes is instance of list? True
2024-03-23 02:25:04,254 is bounding_boxes is instance of list? True
2024-03-23 02:25:04,537 is input_id_chunks is instance of list? True
2024-03-23 02:25:04,537 is mask_chunks is instance of list? True
2024-03-23 02:25:04,537 is bbox_chunks is instance of list? True
2024-03-23 02:25:04,537 is image_chunks is instance of list? True
2024-03-23 02:25:04,537 is input_dict is instance of dict? True
2024-03-23 02:25:07,003 Model Called
2024-03-23 02:25:07,004 RAM memory 67.5 used for Bill_Of_Landing_511_page_0.png:
2024-03-23 02:25:07,004 is all_predictions is instance of list? True
2024-03-23 02:25:07,004 is all_boxes is instance of list? True
2024-03-23 02:25:07,004 is all_confidences is instance of list? True
2024-03-23 02:25:07,004 is all_text is instance of list? True
2024-03-23 02:25:07,004 is label2id is instance of dict? True
2024-03-23 02:25:07,005 is id2label is instance of dict? True
2024-03-23 02:25:07,006 is label2color is instance of dict? True
2024-03-23 02:25:07,006 label2color : {'signature': '#24E0F7', 'gross_weight': '#4F2CF8', 'freight_collect_at': '#6C81A3', 'shipper_name': '#F84446', 'notify_party_address': '#E60E6A', 'bol_original_or_copy': '#250492', 'mode_of_transport': '#4C7AE2', 'voyage_number': '#3C1EA4', 'measurement': '#B518E6', 'goods_marks_and_nos': '#5BF4E8', 'bol_original_number': '#26681C', 'container_number': '#B6F381', 'dimension': '#B000E1', 'pre_carriage_by': '#8BC458', 'bill_of_lading_number': '#6F93A0', 'notify_party_name': '#AC4130', 'port_of_discharge': '#161D84', 'final_destination': '#8790A4', 'net_weight': '#D1AF22', 'signed_by_master': '#3BE76C', 'shipped_onboard_date': '#1CFECD', 'lc_date': '#2558A6', 'lc_ref_number': '#D0FC79', 'signed_by_carrier': '#48FD2B', 'place_of_issue': '#206C0E', 'bill_of_lading_issue_date': '#80722A', 'signed_by_agent': '#D48A44', 'total_original_no': '#252CC3', 'vessel_name': '#5C9D96', 'carrier_country': '#7F051A', 'gross_quantity': '#04E1FD', 'transaction_date': '#0C4E13', 'consignee_address': '#534260', 'O': '#51A1DD', 'shipper_address': '#E42A0B', 'page_no': '#358599', 'goods_description': '#9604FE', 'freight_collect_or_prepaid': '#AC3988', 'agent_country': '#D79E61', 'stamp': '#271AFA', 'consignee_name': '#EC0736', 'country_of_origin': '#4831BF', 'port_of_loading': '#CA7CD2', 'carrier_name': '#C4061C', 'place_of_receipt': '#72365C', 'agent_name': '#8A1662'}
2024-03-23 02:25:07,274 is result_set is instance of dict? True
2024-03-23 02:25:07,277 is final_result_set is instance of dict? True
2024-03-23 02:25:07,629 Time taken for page 1 of Bill_Of_Landing_511_page_0.png:0:00:03.416143
2024-03-23 02:25:07,821 *****Generated All Pages****** for Bill_Of_Landing_511_page_0.png
2024-03-23 02:25:07,822 RAM memory 67.6 used for Bill_Of_Landing_511_page_0.png Generating All Pages:
2024-03-23 02:25:07,822 Processing time taken for all pages of Bill_Of_Landing_511_page_0.png1:0:00:03.619297
2024-03-23 02:25:07,960 file name is:Bill_Of_Landing_562_page_26.png
2024-03-23 02:25:07,960 folder path :Images
2024-03-23 02:25:07,960 Calling Image result
2024-03-23 02:25:07,960 is all_page_result is instance of dict? True
2024-03-23 02:25:07,961 STREAM b'IHDR' 16 13
2024-03-23 02:25:07,961 STREAM b'IDAT' 41 65536
2024-03-23 02:25:08,001 is words is instance of list? True
2024-03-23 02:25:08,001 is bboxes is instance of list? True
2024-03-23 02:25:08,001 is bounding_boxes is instance of list? True
2024-03-23 02:25:08,246 is input_id_chunks is instance of list? True
2024-03-23 02:25:08,247 is mask_chunks is instance of list? True
2024-03-23 02:25:08,247 is bbox_chunks is instance of list? True
2024-03-23 02:25:08,247 is image_chunks is instance of list? True
2024-03-23 02:25:08,248 is input_dict is instance of dict? True
2024-03-23 02:25:10,963 Model Called
2024-03-23 02:25:10,963 RAM memory 67.6 used for Bill_Of_Landing_562_page_26.png:
2024-03-23 02:25:10,963 is all_predictions is instance of list? True
2024-03-23 02:25:10,963 is all_boxes is instance of list? True
2024-03-23 02:25:10,963 is all_confidences is instance of list? True
2024-03-23 02:25:10,963 is all_text is instance of list? True
2024-03-23 02:25:10,963 is label2id is instance of dict? True
2024-03-23 02:25:10,963 is id2label is instance of dict? True
2024-03-23 02:25:10,964 is label2color is instance of dict? True
2024-03-23 02:25:10,964 label2color : {'signature': '#E45F26', 'gross_weight': '#08CAD9', 'freight_collect_at': '#3CF8AC', 'shipper_name': '#FEC809', 'notify_party_address': '#459D96', 'bol_original_or_copy': '#33A592', 'mode_of_transport': '#7FE020', 'voyage_number': '#4DB4AD', 'measurement': '#82AB15', 'goods_marks_and_nos': '#F5C44E', 'bol_original_number': '#55FC4B', 'container_number': '#A40175', 'dimension': '#0DCC1B', 'pre_carriage_by': '#8CA5DF', 'bill_of_lading_number': '#B3F537', 'notify_party_name': '#3E1C89', 'port_of_discharge': '#D19867', 'final_destination': '#60A139', 'net_weight': '#3D6A4F', 'signed_by_master': '#0342BB', 'shipped_onboard_date': '#D41035', 'lc_date': '#2FCD99', 'lc_ref_number': '#C1C7C0', 'signed_by_carrier': '#6D1FB2', 'place_of_issue': '#0DD4D1', 'bill_of_lading_issue_date': '#683C6C', 'signed_by_agent': '#2B2AB6', 'total_original_no': '#2A028B', 'vessel_name': '#35EEFC', 'carrier_country': '#DB6826', 'gross_quantity': '#59EC73', 'transaction_date': '#6822D4', 'consignee_address': '#F5E8D0', 'O': '#69B490', 'shipper_address': '#D55636', 'page_no': '#484F38', 'goods_description': '#862367', 'freight_collect_or_prepaid': '#015084', 'agent_country': '#6F8796', 'stamp': '#AFB287', 'consignee_name': '#26ACC5', 'country_of_origin': '#AB4067', 'port_of_loading': '#3464A6', 'carrier_name': '#9CE1FC', 'place_of_receipt': '#5B1590', 'agent_name': '#438744'}
2024-03-23 02:25:11,175 is result_set is instance of dict? True
2024-03-23 02:25:11,176 is final_result_set is instance of dict? True
2024-03-23 02:25:11,389 Time taken for page 1 of Bill_Of_Landing_562_page_26.png:0:00:03.428024
2024-03-23 02:25:11,566 *****Generated All Pages****** for Bill_Of_Landing_562_page_26.png
2024-03-23 02:25:11,566 RAM memory 67.7 used for Bill_Of_Landing_562_page_26.png Generating All Pages:
2024-03-23 02:25:11,566 Processing time taken for all pages of Bill_Of_Landing_562_page_26.png1:0:00:03.605851
2024-03-23 02:25:11,694 file name is:Bill_Of_Landing_418_page_7.png
2024-03-23 02:25:11,694 folder path :Images
2024-03-23 02:25:11,694 Calling Image result
2024-03-23 02:25:11,694 is all_page_result is instance of dict? True
2024-03-23 02:25:11,705 STREAM b'IHDR' 16 13
2024-03-23 02:25:11,705 STREAM b'IDAT' 41 65536
2024-03-23 02:25:11,743 is words is instance of list? True
2024-03-23 02:25:11,743 is bboxes is instance of list? True
2024-03-23 02:25:11,743 is bounding_boxes is instance of list? True
2024-03-23 02:25:11,966 is input_id_chunks is instance of list? True
2024-03-23 02:25:11,967 is mask_chunks is instance of list? True
2024-03-23 02:25:11,967 is bbox_chunks is instance of list? True
2024-03-23 02:25:11,967 is image_chunks is instance of list? True
2024-03-23 02:25:11,967 is input_dict is instance of dict? True
2024-03-23 02:25:14,663 Model Called
2024-03-23 02:25:14,663 RAM memory 66.7 used for Bill_Of_Landing_418_page_7.png:
2024-03-23 02:25:14,664 is all_predictions is instance of list? True
2024-03-23 02:25:14,664 is all_boxes is instance of list? True
2024-03-23 02:25:14,664 is all_confidences is instance of list? True
2024-03-23 02:25:14,664 is all_text is instance of list? True
2024-03-23 02:25:14,664 is label2id is instance of dict? True
2024-03-23 02:25:14,664 is id2label is instance of dict? True
2024-03-23 02:25:14,666 is label2color is instance of dict? True
2024-03-23 02:25:14,666 label2color : {'signature': '#B1A87D', 'gross_weight': '#7D30FA', 'freight_collect_at': '#A1CAD5', 'shipper_name': '#1A8706', 'notify_party_address': '#C090CF', 'bol_original_or_copy': '#2AA28D', 'mode_of_transport': '#3BB69D', 'voyage_number': '#B2EDFE', 'measurement': '#9C2B73', 'goods_marks_and_nos': '#888ED1', 'bol_original_number': '#C66522', 'container_number': '#33DE1A', 'dimension': '#2273AD', 'pre_carriage_by': '#52DE95', 'bill_of_lading_number': '#222E5A', 'notify_party_name': '#915302', 'port_of_discharge': '#9A63CC', 'final_destination': '#7FF80A', 'net_weight': '#8EA04E', 'signed_by_master': '#D0DA9A', 'shipped_onboard_date': '#C3E17F', 'lc_date': '#7B3017', 'lc_ref_number': '#ACA0BD', 'signed_by_carrier': '#BBF16E', 'place_of_issue': '#A0B31E', 'bill_of_lading_issue_date': '#CA158B', 'signed_by_agent': '#D5BDC7', 'total_original_no': '#7EA60F', 'vessel_name': '#C0CB9E', 'carrier_country': '#35B7D4', 'gross_quantity': '#7EE6B3', 'transaction_date': '#1F1D7A', 'consignee_address': '#6E4018', 'O': '#D0CA36', 'shipper_address': '#69A5EF', 'page_no': '#32A903', 'goods_description': '#50140C', 'freight_collect_or_prepaid': '#83550F', 'agent_country': '#9B6632', 'stamp': '#05E262', 'consignee_name': '#265843', 'country_of_origin': '#1F37DB', 'port_of_loading': '#FA30AB', 'carrier_name': '#716505', 'place_of_receipt': '#783DB8', 'agent_name': '#D6D0C6'}
2024-03-23 02:25:14,884 is result_set is instance of dict? True
2024-03-23 02:25:14,886 is final_result_set is instance of dict? True
2024-03-23 02:25:15,121 Time taken for page 1 of Bill_Of_Landing_418_page_7.png:0:00:03.415535
2024-03-23 02:25:15,276 *****Generated All Pages****** for Bill_Of_Landing_418_page_7.png
2024-03-23 02:25:15,276 RAM memory 66.5 used for Bill_Of_Landing_418_page_7.png Generating All Pages:
2024-03-23 02:25:15,276 Processing time taken for all pages of Bill_Of_Landing_418_page_7.png1:0:00:03.581645
2024-03-23 02:25:15,417 file name is:Bill_Of_Landing_562_page_7.png
2024-03-23 02:25:15,418 folder path :Images
2024-03-23 02:25:15,418 Calling Image result
2024-03-23 02:25:15,418 is all_page_result is instance of dict? True
2024-03-23 02:25:15,418 STREAM b'IHDR' 16 13
2024-03-23 02:25:15,419 STREAM b'IDAT' 41 63516
2024-03-23 02:25:15,454 is words is instance of list? True
2024-03-23 02:25:15,454 is bboxes is instance of list? True
2024-03-23 02:25:15,454 is bounding_boxes is instance of list? True
2024-03-23 02:25:15,662 is input_id_chunks is instance of list? True
2024-03-23 02:25:15,662 is mask_chunks is instance of list? True
2024-03-23 02:25:15,662 is bbox_chunks is instance of list? True
2024-03-23 02:25:15,662 is image_chunks is instance of list? True
2024-03-23 02:25:15,663 is input_dict is instance of dict? True
2024-03-23 02:25:18,000 Model Called
2024-03-23 02:25:18,001 RAM memory 66.0 used for Bill_Of_Landing_562_page_7.png:
2024-03-23 02:25:18,001 is all_predictions is instance of list? True
2024-03-23 02:25:18,001 is all_boxes is instance of list? True
2024-03-23 02:25:18,001 is all_confidences is instance of list? True
2024-03-23 02:25:18,001 is all_text is instance of list? True
2024-03-23 02:25:18,001 is label2id is instance of dict? True
2024-03-23 02:25:18,001 is id2label is instance of dict? True
2024-03-23 02:25:18,002 is label2color is instance of dict? True
2024-03-23 02:25:18,002 label2color : {'signature': '#1A24AC', 'gross_weight': '#BC26C2', 'freight_collect_at': '#06462F', 'shipper_name': '#37E67E', 'notify_party_address': '#25F4BD', 'bol_original_or_copy': '#7B7FCF', 'mode_of_transport': '#DB1E11', 'voyage_number': '#D3B569', 'measurement': '#52EDC3', 'goods_marks_and_nos': '#3878BD', 'bol_original_number': '#2E62D7', 'container_number': '#A08DF6', 'dimension': '#7322A7', 'pre_carriage_by': '#08796F', 'bill_of_lading_number': '#6A1577', 'notify_party_name': '#00415D', 'port_of_discharge': '#9FE0CD', 'final_destination': '#F8F2F4', 'net_weight': '#1BA8CC', 'signed_by_master': '#1DC437', 'shipped_onboard_date': '#3C1F8D', 'lc_date': '#03EA05', 'lc_ref_number': '#601C7F', 'signed_by_carrier': '#6F8676', 'place_of_issue': '#D21BB7', 'bill_of_lading_issue_date': '#D29597', 'signed_by_agent': '#30C9DC', 'total_original_no': '#853D84', 'vessel_name': '#6473EA', 'carrier_country': '#95BA2A', 'gross_quantity': '#50B921', 'transaction_date': '#C641A2', 'consignee_address': '#32346F', 'O': '#35BEFC', 'shipper_address': '#4238E8', 'page_no': '#0913E3', 'goods_description': '#87471B', 'freight_collect_or_prepaid': '#74F6D7', 'agent_country': '#231B73', 'stamp': '#4D8520', 'consignee_name': '#3A2645', 'country_of_origin': '#1F4949', 'port_of_loading': '#168C5E', 'carrier_name': '#F11F76', 'place_of_receipt': '#FBAFB2', 'agent_name': '#5CD3B0'}
2024-03-23 02:25:18,189 is result_set is instance of dict? True
2024-03-23 02:25:18,191 is final_result_set is instance of dict? True
2024-03-23 02:25:18,459 Time taken for page 1 of Bill_Of_Landing_562_page_7.png:0:00:03.040152
2024-03-23 02:25:18,610 *****Generated All Pages****** for Bill_Of_Landing_562_page_7.png
2024-03-23 02:25:18,610 RAM memory 66.1 used for Bill_Of_Landing_562_page_7.png Generating All Pages:
2024-03-23 02:25:18,610 Processing time taken for all pages of Bill_Of_Landing_562_page_7.png1:0:00:03.192027
2024-03-23 02:25:18,722 file name is:Bill_Of_Landing_760_page_0.png
2024-03-23 02:25:18,722 folder path :Images
2024-03-23 02:25:18,722 Calling Image result
2024-03-23 02:25:18,722 is all_page_result is instance of dict? True
2024-03-23 02:25:18,723 STREAM b'IHDR' 16 13
2024-03-23 02:25:18,723 STREAM b'IDAT' 41 65536
2024-03-23 02:25:18,800 is words is instance of list? True
2024-03-23 02:25:18,800 is bboxes is instance of list? True
2024-03-23 02:25:18,800 is bounding_boxes is instance of list? True
2024-03-23 02:25:20,569 is input_id_chunks is instance of list? True
2024-03-23 02:25:20,569 is mask_chunks is instance of list? True
2024-03-23 02:25:20,569 is bbox_chunks is instance of list? True
2024-03-23 02:25:20,569 is image_chunks is instance of list? True
2024-03-23 02:25:20,570 is input_dict is instance of dict? True
2024-03-23 02:25:23,048 Model Called
2024-03-23 02:25:23,048 RAM memory 65.7 used for Bill_Of_Landing_760_page_0.png:
2024-03-23 02:25:23,049 is all_predictions is instance of list? True
2024-03-23 02:25:23,049 is all_boxes is instance of list? True
2024-03-23 02:25:23,049 is all_confidences is instance of list? True
2024-03-23 02:25:23,049 is all_text is instance of list? True
2024-03-23 02:25:23,049 is label2id is instance of dict? True
2024-03-23 02:25:23,049 is id2label is instance of dict? True
2024-03-23 02:25:23,051 is label2color is instance of dict? True
2024-03-23 02:25:23,051 label2color : {'signature': '#F9E6A8', 'gross_weight': '#598798', 'freight_collect_at': '#DB81B7', 'shipper_name': '#B102A4', 'notify_party_address': '#B1085B', 'bol_original_or_copy': '#8583D3', 'mode_of_transport': '#E70CC6', 'voyage_number': '#EA31CF', 'measurement': '#F4CDE9', 'goods_marks_and_nos': '#E9D187', 'bol_original_number': '#32D0EA', 'container_number': '#F3C8D2', 'dimension': '#BDFBD3', 'pre_carriage_by': '#D24EE3', 'bill_of_lading_number': '#6C8D79', 'notify_party_name': '#18228F', 'port_of_discharge': '#A5EAB9', 'final_destination': '#3E23C5', 'net_weight': '#2AB96D', 'signed_by_master': '#39D0E6', 'shipped_onboard_date': '#FB49A2', 'lc_date': '#361E70', 'lc_ref_number': '#B6168A', 'signed_by_carrier': '#78CEAA', 'place_of_issue': '#EE0EFD', 'bill_of_lading_issue_date': '#FCE720', 'signed_by_agent': '#C69142', 'total_original_no': '#670B78', 'vessel_name': '#7BADCE', 'carrier_country': '#B3362D', 'gross_quantity': '#3B1D41', 'transaction_date': '#A46F4B', 'consignee_address': '#67CD82', 'O': '#04402B', 'shipper_address': '#022B88', 'page_no': '#392EEF', 'goods_description': '#8B1DA0', 'freight_collect_or_prepaid': '#DD5CC1', 'agent_country': '#AD2F0A', 'stamp': '#E4B0EC', 'consignee_name': '#1D28E3', 'country_of_origin': '#5915BC', 'port_of_loading': '#24BA44', 'carrier_name': '#A59D74', 'place_of_receipt': '#A8C788', 'agent_name': '#0FFAEC'}
2024-03-23 02:25:23,536 is result_set is instance of dict? True
2024-03-23 02:25:23,538 is final_result_set is instance of dict? True
2024-03-23 02:25:23,837 Time taken for page 1 of Bill_Of_Landing_760_page_0.png:0:00:05.113776
2024-03-23 02:25:24,176 *****Generated All Pages****** for Bill_Of_Landing_760_page_0.png
2024-03-23 02:25:24,176 RAM memory 65.6 used for Bill_Of_Landing_760_page_0.png Generating All Pages:
2024-03-23 02:25:24,176 Processing time taken for all pages of Bill_Of_Landing_760_page_0.png1:0:00:05.453993
2024-03-23 02:25:24,297 file name is:Bill_Of_Landing_511_page_4.png
2024-03-23 02:25:24,297 folder path :Images
2024-03-23 02:25:24,297 Calling Image result
2024-03-23 02:25:24,297 is all_page_result is instance of dict? True
2024-03-23 02:25:24,308 STREAM b'IHDR' 16 13
2024-03-23 02:25:24,308 STREAM b'IDAT' 41 65536
2024-03-23 02:25:24,344 is words is instance of list? True
2024-03-23 02:25:24,345 is bboxes is instance of list? True
2024-03-23 02:25:24,345 is bounding_boxes is instance of list? True
2024-03-23 02:25:24,560 is input_id_chunks is instance of list? True
2024-03-23 02:25:24,560 is mask_chunks is instance of list? True
2024-03-23 02:25:24,560 is bbox_chunks is instance of list? True
2024-03-23 02:25:24,560 is image_chunks is instance of list? True
2024-03-23 02:25:24,561 is input_dict is instance of dict? True
2024-03-23 02:25:26,871 Model Called
2024-03-23 02:25:26,871 RAM memory 65.6 used for Bill_Of_Landing_511_page_4.png:
2024-03-23 02:25:26,871 is all_predictions is instance of list? True
2024-03-23 02:25:26,871 is all_boxes is instance of list? True
2024-03-23 02:25:26,871 is all_confidences is instance of list? True
2024-03-23 02:25:26,871 is all_text is instance of list? True
2024-03-23 02:25:26,872 is label2id is instance of dict? True
2024-03-23 02:25:26,872 is id2label is instance of dict? True
2024-03-23 02:25:26,873 is label2color is instance of dict? True
2024-03-23 02:25:26,873 label2color : {'signature': '#144609', 'gross_weight': '#FF363E', 'freight_collect_at': '#1FD72D', 'shipper_name': '#D59F8C', 'notify_party_address': '#459CE5', 'bol_original_or_copy': '#A50DEA', 'mode_of_transport': '#68FC89', 'voyage_number': '#1A65E2', 'measurement': '#50651D', 'goods_marks_and_nos': '#25EEED', 'bol_original_number': '#D9C7E9', 'container_number': '#E80092', 'dimension': '#5F2907', 'pre_carriage_by': '#34C4DA', 'bill_of_lading_number': '#AAD9B7', 'notify_party_name': '#495F5E', 'port_of_discharge': '#311AA7', 'final_destination': '#4797F0', 'net_weight': '#6C6F65', 'signed_by_master': '#6CDB8D', 'shipped_onboard_date': '#D97BE4', 'lc_date': '#9CDCD1', 'lc_ref_number': '#1D230A', 'signed_by_carrier': '#3BED26', 'place_of_issue': '#034771', 'bill_of_lading_issue_date': '#D0B844', 'signed_by_agent': '#7B3261', 'total_original_no': '#147128', 'vessel_name': '#33BD62', 'carrier_country': '#5A4EE2', 'gross_quantity': '#449389', 'transaction_date': '#E159A6', 'consignee_address': '#98B6E0', 'O': '#26AFBC', 'shipper_address': '#FA1607', 'page_no': '#027910', 'goods_description': '#F409D4', 'freight_collect_or_prepaid': '#35ECAD', 'agent_country': '#126CF1', 'stamp': '#61B66C', 'consignee_name': '#5B3A68', 'country_of_origin': '#A9CCA7', 'port_of_loading': '#34C8DD', 'carrier_name': '#04D658', 'place_of_receipt': '#4984D3', 'agent_name': '#8372EF'}
2024-03-23 02:25:27,061 is result_set is instance of dict? True
2024-03-23 02:25:27,064 is final_result_set is instance of dict? True
2024-03-23 02:25:27,424 Time taken for page 1 of Bill_Of_Landing_511_page_4.png:0:00:03.116317
2024-03-23 02:25:27,585 *****Generated All Pages****** for Bill_Of_Landing_511_page_4.png
2024-03-23 02:25:27,585 RAM memory 65.7 used for Bill_Of_Landing_511_page_4.png Generating All Pages:
2024-03-23 02:25:27,586 Processing time taken for all pages of Bill_Of_Landing_511_page_4.png1:0:00:03.288562
2024-03-23 02:25:27,699 file name is:Bill_Of_Landing_815_page_0.png
2024-03-23 02:25:27,699 folder path :Images
2024-03-23 02:25:27,699 Calling Image result
2024-03-23 02:25:27,699 is all_page_result is instance of dict? True
2024-03-23 02:25:27,699 STREAM b'IHDR' 16 13
2024-03-23 02:25:27,699 STREAM b'IDAT' 41 65536
2024-03-23 02:25:27,809 is words is instance of list? True
2024-03-23 02:25:27,809 is bboxes is instance of list? True
2024-03-23 02:25:27,809 is bounding_boxes is instance of list? True
2024-03-23 02:25:29,659 is input_id_chunks is instance of list? True
2024-03-23 02:25:29,659 is mask_chunks is instance of list? True
2024-03-23 02:25:29,659 is bbox_chunks is instance of list? True
2024-03-23 02:25:29,659 is image_chunks is instance of list? True
2024-03-23 02:25:29,660 is input_dict is instance of dict? True
2024-03-23 02:25:32,007 Model Called
2024-03-23 02:25:32,007 RAM memory 65.4 used for Bill_Of_Landing_815_page_0.png:
2024-03-23 02:25:32,007 is all_predictions is instance of list? True
2024-03-23 02:25:32,007 is all_boxes is instance of list? True
2024-03-23 02:25:32,007 is all_confidences is instance of list? True
2024-03-23 02:25:32,007 is all_text is instance of list? True
2024-03-23 02:25:32,008 is label2id is instance of dict? True
2024-03-23 02:25:32,008 is id2label is instance of dict? True
2024-03-23 02:25:32,009 is label2color is instance of dict? True
2024-03-23 02:25:32,009 label2color : {'signature': '#D9EF27', 'gross_weight': '#3E55AC', 'freight_collect_at': '#EBF255', 'shipper_name': '#AE0627', 'notify_party_address': '#906DB8', 'bol_original_or_copy': '#950770', 'mode_of_transport': '#2553FF', 'voyage_number': '#6F6F30', 'measurement': '#5005AF', 'goods_marks_and_nos': '#503AE2', 'bol_original_number': '#33DAB8', 'container_number': '#102E93', 'dimension': '#AFB76F', 'pre_carriage_by': '#623408', 'bill_of_lading_number': '#AEEE23', 'notify_party_name': '#BEE6AD', 'port_of_discharge': '#73487A', 'final_destination': '#52ED89', 'net_weight': '#1DFF47', 'signed_by_master': '#DE429A', 'shipped_onboard_date': '#9B4113', 'lc_date': '#2E4D68', 'lc_ref_number': '#11176E', 'signed_by_carrier': '#071CD5', 'place_of_issue': '#BBB1DA', 'bill_of_lading_issue_date': '#3EE14A', 'signed_by_agent': '#6D55F9', 'total_original_no': '#BD2FDF', 'vessel_name': '#BAADA2', 'carrier_country': '#5202E7', 'gross_quantity': '#B10CFA', 'transaction_date': '#2D62D1', 'consignee_address': '#EBF8F3', 'O': '#0FE2C1', 'shipper_address': '#0B1F6F', 'page_no': '#BA974E', 'goods_description': '#CD8A3D', 'freight_collect_or_prepaid': '#20AFD1', 'agent_country': '#2F1E66', 'stamp': '#E4363D', 'consignee_name': '#2DB489', 'country_of_origin': '#ED297D', 'port_of_loading': '#E51CFC', 'carrier_name': '#F769ED', 'place_of_receipt': '#AF754D', 'agent_name': '#26C94F'}
2024-03-23 02:25:32,827 is result_set is instance of dict? True
2024-03-23 02:25:32,829 is final_result_set is instance of dict? True
2024-03-23 02:25:33,037 Time taken for page 1 of Bill_Of_Landing_815_page_0.png:0:00:05.337512
2024-03-23 02:25:33,512 *****Generated All Pages****** for Bill_Of_Landing_815_page_0.png
2024-03-23 02:25:33,512 RAM memory 66.0 used for Bill_Of_Landing_815_page_0.png Generating All Pages:
2024-03-23 02:25:33,512 Processing time taken for all pages of Bill_Of_Landing_815_page_0.png1:0:00:05.812986
2024-03-23 02:25:33,648 file name is:Bill_Of_Landing_273_page_0.png
2024-03-23 02:25:33,648 folder path :Images
2024-03-23 02:25:33,649 Calling Image result
2024-03-23 02:25:33,649 is all_page_result is instance of dict? True
2024-03-23 02:25:33,659 STREAM b'IHDR' 16 13
2024-03-23 02:25:33,659 STREAM b'IDAT' 41 57869
2024-03-23 02:25:33,693 is words is instance of list? True
2024-03-23 02:25:33,693 is bboxes is instance of list? True
2024-03-23 02:25:33,693 is bounding_boxes is instance of list? True
2024-03-23 02:25:33,900 is input_id_chunks is instance of list? True
2024-03-23 02:25:33,900 is mask_chunks is instance of list? True
2024-03-23 02:25:33,900 is bbox_chunks is instance of list? True
2024-03-23 02:25:33,900 is image_chunks is instance of list? True
2024-03-23 02:25:33,901 is input_dict is instance of dict? True
2024-03-23 02:25:36,376 Model Called
2024-03-23 02:25:36,376 RAM memory 64.8 used for Bill_Of_Landing_273_page_0.png:
2024-03-23 02:25:36,376 is all_predictions is instance of list? True
2024-03-23 02:25:36,377 is all_boxes is instance of list? True
2024-03-23 02:25:36,377 is all_confidences is instance of list? True
2024-03-23 02:25:36,377 is all_text is instance of list? True
2024-03-23 02:25:36,377 is label2id is instance of dict? True
2024-03-23 02:25:36,377 is id2label is instance of dict? True
2024-03-23 02:25:36,378 is label2color is instance of dict? True
2024-03-23 02:25:36,378 label2color : {'signature': '#262BA5', 'gross_weight': '#A47C4A', 'freight_collect_at': '#BE3327', 'shipper_name': '#72278B', 'notify_party_address': '#6F716D', 'bol_original_or_copy': '#7B7511', 'mode_of_transport': '#FB8FC0', 'voyage_number': '#D09E44', 'measurement': '#E8821D', 'goods_marks_and_nos': '#388D0E', 'bol_original_number': '#42946B', 'container_number': '#EC23DB', 'dimension': '#D0A3EE', 'pre_carriage_by': '#80D9BE', 'bill_of_lading_number': '#520802', 'notify_party_name': '#A15D71', 'port_of_discharge': '#613374', 'final_destination': '#B5F42E', 'net_weight': '#FB2105', 'signed_by_master': '#002766', 'shipped_onboard_date': '#AD3C02', 'lc_date': '#0EDC41', 'lc_ref_number': '#3DCB50', 'signed_by_carrier': '#1B86A1', 'place_of_issue': '#81C73B', 'bill_of_lading_issue_date': '#872BE7', 'signed_by_agent': '#D7122B', 'total_original_no': '#08139A', 'vessel_name': '#A47732', 'carrier_country': '#D356E2', 'gross_quantity': '#3DA396', 'transaction_date': '#2EC2B5', 'consignee_address': '#1C4BF4', 'O': '#EF42BD', 'shipper_address': '#2630A5', 'page_no': '#8BE75E', 'goods_description': '#07BA33', 'freight_collect_or_prepaid': '#7AF982', 'agent_country': '#C0B0CA', 'stamp': '#35E272', 'consignee_name': '#ACDAEF', 'country_of_origin': '#6A01B9', 'port_of_loading': '#F50307', 'carrier_name': '#E912D9', 'place_of_receipt': '#E57DFA', 'agent_name': '#CF4AA5'}
2024-03-23 02:25:36,571 is result_set is instance of dict? True
2024-03-23 02:25:36,573 is final_result_set is instance of dict? True
2024-03-23 02:25:36,908 Time taken for page 1 of Bill_Of_Landing_273_page_0.png:0:00:03.248812
2024-03-23 02:25:37,078 *****Generated All Pages****** for Bill_Of_Landing_273_page_0.png
2024-03-23 02:25:37,079 RAM memory 64.8 used for Bill_Of_Landing_273_page_0.png Generating All Pages:
2024-03-23 02:25:37,079 Processing time taken for all pages of Bill_Of_Landing_273_page_0.png1:0:00:03.429922
2024-03-23 02:25:37,220 file name is:Bill_Of_Landing_424_page_4.png
2024-03-23 02:25:37,220 folder path :Images
2024-03-23 02:25:37,220 Calling Image result
2024-03-23 02:25:37,220 is all_page_result is instance of dict? True
2024-03-23 02:25:37,221 STREAM b'IHDR' 16 13
2024-03-23 02:25:37,221 STREAM b'IDAT' 41 61880
2024-03-23 02:25:37,256 is words is instance of list? True
2024-03-23 02:25:37,256 is bboxes is instance of list? True
2024-03-23 02:25:37,257 is bounding_boxes is instance of list? True
2024-03-23 02:25:37,525 is input_id_chunks is instance of list? True
2024-03-23 02:25:37,525 is mask_chunks is instance of list? True
2024-03-23 02:25:37,525 is bbox_chunks is instance of list? True
2024-03-23 02:25:37,525 is image_chunks is instance of list? True
2024-03-23 02:25:37,526 is input_dict is instance of dict? True
2024-03-23 02:25:39,952 Model Called
2024-03-23 02:25:39,952 RAM memory 64.8 used for Bill_Of_Landing_424_page_4.png:
2024-03-23 02:25:39,962 is all_predictions is instance of list? True
2024-03-23 02:25:39,963 is all_boxes is instance of list? True
2024-03-23 02:25:39,963 is all_confidences is instance of list? True
2024-03-23 02:25:39,963 is all_text is instance of list? True
2024-03-23 02:25:39,963 is label2id is instance of dict? True
2024-03-23 02:25:39,963 is id2label is instance of dict? True
2024-03-23 02:25:39,964 is label2color is instance of dict? True
2024-03-23 02:25:39,964 label2color : {'signature': '#593E88', 'gross_weight': '#E0E1DD', 'freight_collect_at': '#B12F86', 'shipper_name': '#0533EA', 'notify_party_address': '#4F1051', 'bol_original_or_copy': '#E43692', 'mode_of_transport': '#C88662', 'voyage_number': '#223116', 'measurement': '#55AF82', 'goods_marks_and_nos': '#BF3ACB', 'bol_original_number': '#550E42', 'container_number': '#915094', 'dimension': '#1087B0', 'pre_carriage_by': '#DC7CEE', 'bill_of_lading_number': '#4912E0', 'notify_party_name': '#97A9D9', 'port_of_discharge': '#14A297', 'final_destination': '#EC20A2', 'net_weight': '#B979BE', 'signed_by_master': '#0408DA', 'shipped_onboard_date': '#592230', 'lc_date': '#B619DA', 'lc_ref_number': '#8E6A79', 'signed_by_carrier': '#45497E', 'place_of_issue': '#483ECA', 'bill_of_lading_issue_date': '#BFCF86', 'signed_by_agent': '#3874D2', 'total_original_no': '#A494E1', 'vessel_name': '#9F1559', 'carrier_country': '#E2A96B', 'gross_quantity': '#50B5CB', 'transaction_date': '#F380F1', 'consignee_address': '#F53CE7', 'O': '#46BCC3', 'shipper_address': '#3B12C3', 'page_no': '#69A24B', 'goods_description': '#12B571', 'freight_collect_or_prepaid': '#980615', 'agent_country': '#F12E4D', 'stamp': '#39BF3D', 'consignee_name': '#0D4DE0', 'country_of_origin': '#421987', 'port_of_loading': '#2E7EDC', 'carrier_name': '#6D1724', 'place_of_receipt': '#1F8407', 'agent_name': '#93BE63'}
2024-03-23 02:25:40,160 is result_set is instance of dict? True
2024-03-23 02:25:40,161 is final_result_set is instance of dict? True
2024-03-23 02:25:40,397 Time taken for page 1 of Bill_Of_Landing_424_page_4.png:0:00:03.175860
2024-03-23 02:25:40,543 *****Generated All Pages****** for Bill_Of_Landing_424_page_4.png
2024-03-23 02:25:40,543 RAM memory 65.0 used for Bill_Of_Landing_424_page_4.png Generating All Pages:
2024-03-23 02:25:40,543 Processing time taken for all pages of Bill_Of_Landing_424_page_4.png1:0:00:03.322614
2024-03-23 02:25:40,656 file name is:Bill_Of_Landing_429_page_0.png
2024-03-23 02:25:40,656 folder path :Images
2024-03-23 02:25:40,656 Calling Image result
2024-03-23 02:25:40,656 is all_page_result is instance of dict? True
2024-03-23 02:25:40,656 STREAM b'IHDR' 16 13
2024-03-23 02:25:40,656 STREAM b'IDAT' 41 65536
2024-03-23 02:25:40,690 is words is instance of list? True
2024-03-23 02:25:40,691 is bboxes is instance of list? True
2024-03-23 02:25:40,691 is bounding_boxes is instance of list? True
2024-03-23 02:25:40,899 is input_id_chunks is instance of list? True
2024-03-23 02:25:40,900 is mask_chunks is instance of list? True
2024-03-23 02:25:40,900 is bbox_chunks is instance of list? True
2024-03-23 02:25:40,900 is image_chunks is instance of list? True
2024-03-23 02:25:40,900 is input_dict is instance of dict? True
2024-03-23 02:25:43,230 Model Called
2024-03-23 02:25:43,231 RAM memory 64.8 used for Bill_Of_Landing_429_page_0.png:
2024-03-23 02:25:43,231 is all_predictions is instance of list? True
2024-03-23 02:25:43,231 is all_boxes is instance of list? True
2024-03-23 02:25:43,231 is all_confidences is instance of list? True
2024-03-23 02:25:43,231 is all_text is instance of list? True
2024-03-23 02:25:43,231 is label2id is instance of dict? True
2024-03-23 02:25:43,231 is id2label is instance of dict? True
2024-03-23 02:25:43,233 is label2color is instance of dict? True
2024-03-23 02:25:43,233 label2color : {'signature': '#84F2B0', 'gross_weight': '#466749', 'freight_collect_at': '#C2029C', 'shipper_name': '#986351', 'notify_party_address': '#F76096', 'bol_original_or_copy': '#C1FBA9', 'mode_of_transport': '#85289D', 'voyage_number': '#E6151A', 'measurement': '#1FF21D', 'goods_marks_and_nos': '#172399', 'bol_original_number': '#F0F032', 'container_number': '#5F6E1F', 'dimension': '#8595E8', 'pre_carriage_by': '#4060A4', 'bill_of_lading_number': '#A3758A', 'notify_party_name': '#8B06E4', 'port_of_discharge': '#3D1AD4', 'final_destination': '#C47193', 'net_weight': '#D4C97C', 'signed_by_master': '#61C5FA', 'shipped_onboard_date': '#288061', 'lc_date': '#B440E7', 'lc_ref_number': '#A463F9', 'signed_by_carrier': '#D354F8', 'place_of_issue': '#3FA8CE', 'bill_of_lading_issue_date': '#FAB4A9', 'signed_by_agent': '#9166E2', 'total_original_no': '#A99A10', 'vessel_name': '#1FB3E3', 'carrier_country': '#FA6397', 'gross_quantity': '#A187D8', 'transaction_date': '#74949E', 'consignee_address': '#B45DA4', 'O': '#9EFCC1', 'shipper_address': '#81633F', 'page_no': '#72BC27', 'goods_description': '#FFA2B6', 'freight_collect_or_prepaid': '#4A329E', 'agent_country': '#31EF6D', 'stamp': '#7E04A0', 'consignee_name': '#E9777E', 'country_of_origin': '#D66319', 'port_of_loading': '#E50487', 'carrier_name': '#5D9F1D', 'place_of_receipt': '#AA3D61', 'agent_name': '#44C547'}
2024-03-23 02:25:43,442 is result_set is instance of dict? True
2024-03-23 02:25:43,444 is final_result_set is instance of dict? True
2024-03-23 02:25:43,737 Time taken for page 1 of Bill_Of_Landing_429_page_0.png:0:00:03.080372
2024-03-23 02:25:43,896 *****Generated All Pages****** for Bill_Of_Landing_429_page_0.png
2024-03-23 02:25:43,896 RAM memory 64.7 used for Bill_Of_Landing_429_page_0.png Generating All Pages:
2024-03-23 02:25:43,896 Processing time taken for all pages of Bill_Of_Landing_429_page_0.png1:0:00:03.240116
2024-03-23 02:25:44,009 file name is:Bill_Of_Landing_562_page_6.png
2024-03-23 02:25:44,010 folder path :Images
2024-03-23 02:25:44,010 Calling Image result
2024-03-23 02:25:44,010 is all_page_result is instance of dict? True
2024-03-23 02:25:44,020 STREAM b'IHDR' 16 13
2024-03-23 02:25:44,020 STREAM b'IDAT' 41 63691
2024-03-23 02:25:44,057 is words is instance of list? True
2024-03-23 02:25:44,057 is bboxes is instance of list? True
2024-03-23 02:25:44,057 is bounding_boxes is instance of list? True
2024-03-23 02:25:44,269 is input_id_chunks is instance of list? True
2024-03-23 02:25:44,269 is mask_chunks is instance of list? True
2024-03-23 02:25:44,270 is bbox_chunks is instance of list? True
2024-03-23 02:25:44,270 is image_chunks is instance of list? True
2024-03-23 02:25:44,270 is input_dict is instance of dict? True
2024-03-23 02:25:46,574 Model Called
2024-03-23 02:25:46,574 RAM memory 65.0 used for Bill_Of_Landing_562_page_6.png:
2024-03-23 02:25:46,574 is all_predictions is instance of list? True
2024-03-23 02:25:46,574 is all_boxes is instance of list? True
2024-03-23 02:25:46,574 is all_confidences is instance of list? True
2024-03-23 02:25:46,574 is all_text is instance of list? True
2024-03-23 02:25:46,575 is label2id is instance of dict? True
2024-03-23 02:25:46,575 is id2label is instance of dict? True
2024-03-23 02:25:46,576 is label2color is instance of dict? True
2024-03-23 02:25:46,576 label2color : {'signature': '#64E1EF', 'gross_weight': '#470901', 'freight_collect_at': '#A09035', 'shipper_name': '#B90909', 'notify_party_address': '#43E77B', 'bol_original_or_copy': '#C896A7', 'mode_of_transport': '#8D0B71', 'voyage_number': '#B8E327', 'measurement': '#512A8F', 'goods_marks_and_nos': '#5C5A85', 'bol_original_number': '#013003', 'container_number': '#A26946', 'dimension': '#BCEDE3', 'pre_carriage_by': '#381798', 'bill_of_lading_number': '#5B1DCF', 'notify_party_name': '#D411C8', 'port_of_discharge': '#97B047', 'final_destination': '#DC529B', 'net_weight': '#F2028B', 'signed_by_master': '#F97D4C', 'shipped_onboard_date': '#645340', 'lc_date': '#9E5173', 'lc_ref_number': '#793F84', 'signed_by_carrier': '#7012EB', 'place_of_issue': '#05C29D', 'bill_of_lading_issue_date': '#3C4398', 'signed_by_agent': '#A0F543', 'total_original_no': '#84C016', 'vessel_name': '#C96979', 'carrier_country': '#9B6B62', 'gross_quantity': '#64D374', 'transaction_date': '#B658D8', 'consignee_address': '#25B7B3', 'O': '#A199D9', 'shipper_address': '#118931', 'page_no': '#793C4A', 'goods_description': '#BA6EB5', 'freight_collect_or_prepaid': '#923385', 'agent_country': '#30F184', 'stamp': '#8A2A7A', 'consignee_name': '#C5516F', 'country_of_origin': '#2E7F53', 'port_of_loading': '#7D887F', 'carrier_name': '#BBA3B3', 'place_of_receipt': '#0A8603', 'agent_name': '#85C29E'}
2024-03-23 02:25:46,766 is result_set is instance of dict? True
2024-03-23 02:25:46,768 is final_result_set is instance of dict? True
2024-03-23 02:25:46,987 Time taken for page 1 of Bill_Of_Landing_562_page_6.png:0:00:02.966506
2024-03-23 02:25:47,139 *****Generated All Pages****** for Bill_Of_Landing_562_page_6.png
2024-03-23 02:25:47,139 RAM memory 65.0 used for Bill_Of_Landing_562_page_6.png Generating All Pages:
2024-03-23 02:25:47,139 Processing time taken for all pages of Bill_Of_Landing_562_page_6.png1:0:00:03.129291
2024-03-23 02:25:47,251 file name is:Bill_Of_Landing_357_page_0.png
2024-03-23 02:25:47,251 folder path :Images
2024-03-23 02:25:47,251 Calling Image result
2024-03-23 02:25:47,251 is all_page_result is instance of dict? True
2024-03-23 02:25:47,252 STREAM b'IHDR' 16 13
2024-03-23 02:25:47,252 STREAM b'IDAT' 41 65536
2024-03-23 02:25:47,286 is words is instance of list? True
2024-03-23 02:25:47,286 is bboxes is instance of list? True
2024-03-23 02:25:47,286 is bounding_boxes is instance of list? True
2024-03-23 02:25:47,499 is input_id_chunks is instance of list? True
2024-03-23 02:25:47,499 is mask_chunks is instance of list? True
2024-03-23 02:25:47,499 is bbox_chunks is instance of list? True
2024-03-23 02:25:47,499 is image_chunks is instance of list? True
2024-03-23 02:25:47,500 is input_dict is instance of dict? True
2024-03-23 02:25:49,825 Model Called
2024-03-23 02:25:49,825 RAM memory 64.9 used for Bill_Of_Landing_357_page_0.png:
2024-03-23 02:25:49,825 is all_predictions is instance of list? True
2024-03-23 02:25:49,825 is all_boxes is instance of list? True
2024-03-23 02:25:49,825 is all_confidences is instance of list? True
2024-03-23 02:25:49,825 is all_text is instance of list? True
2024-03-23 02:25:49,826 is label2id is instance of dict? True
2024-03-23 02:25:49,826 is id2label is instance of dict? True
2024-03-23 02:25:49,826 is label2color is instance of dict? True
2024-03-23 02:25:49,827 label2color : {'signature': '#AE3C04', 'gross_weight': '#EF36B3', 'freight_collect_at': '#B39DA9', 'shipper_name': '#85C142', 'notify_party_address': '#D6C97E', 'bol_original_or_copy': '#D0F202', 'mode_of_transport': '#AB273E', 'voyage_number': '#E29022', 'measurement': '#4A81B5', 'goods_marks_and_nos': '#810CD3', 'bol_original_number': '#77CC50', 'container_number': '#2BF688', 'dimension': '#5A36A1', 'pre_carriage_by': '#2CBDE6', 'bill_of_lading_number': '#EB6973', 'notify_party_name': '#BE5886', 'port_of_discharge': '#3CDF65', 'final_destination': '#6BE638', 'net_weight': '#238533', 'signed_by_master': '#4E6026', 'shipped_onboard_date': '#BEF6C6', 'lc_date': '#45AFD0', 'lc_ref_number': '#D7C532', 'signed_by_carrier': '#6EC6AC', 'place_of_issue': '#FEF7AE', 'bill_of_lading_issue_date': '#FA6310', 'signed_by_agent': '#0535C2', 'total_original_no': '#626CC5', 'vessel_name': '#1F40B6', 'carrier_country': '#50C995', 'gross_quantity': '#103C9C', 'transaction_date': '#77995D', 'consignee_address': '#4DB063', 'O': '#FDBE01', 'shipper_address': '#F79021', 'page_no': '#E581BB', 'goods_description': '#9C729B', 'freight_collect_or_prepaid': '#AA6A3A', 'agent_country': '#C703EA', 'stamp': '#D46EFB', 'consignee_name': '#078292', 'country_of_origin': '#C524FC', 'port_of_loading': '#6B581A', 'carrier_name': '#6965F5', 'place_of_receipt': '#45A3A1', 'agent_name': '#E50D17'}
2024-03-23 02:25:50,016 is result_set is instance of dict? True
2024-03-23 02:25:50,017 is final_result_set is instance of dict? True
2024-03-23 02:25:50,246 Time taken for page 1 of Bill_Of_Landing_357_page_0.png:0:00:02.994193
2024-03-23 02:25:50,412 *****Generated All Pages****** for Bill_Of_Landing_357_page_0.png
2024-03-23 02:25:50,412 RAM memory 64.9 used for Bill_Of_Landing_357_page_0.png Generating All Pages:
2024-03-23 02:25:50,412 Processing time taken for all pages of Bill_Of_Landing_357_page_0.png1:0:00:03.160978
2024-03-23 02:25:50,525 file name is:Bill_Of_Landing_816_page_0.png
2024-03-23 02:25:50,525 folder path :Images
2024-03-23 02:25:50,525 Calling Image result
2024-03-23 02:25:50,526 is all_page_result is instance of dict? True
2024-03-23 02:25:50,526 STREAM b'IHDR' 16 13
2024-03-23 02:25:50,526 STREAM b'IDAT' 41 55012
2024-03-23 02:25:50,560 is words is instance of list? True
2024-03-23 02:25:50,560 is bboxes is instance of list? True
2024-03-23 02:25:50,560 is bounding_boxes is instance of list? True
2024-03-23 02:25:50,788 is input_id_chunks is instance of list? True
2024-03-23 02:25:50,788 is mask_chunks is instance of list? True
2024-03-23 02:25:50,788 is bbox_chunks is instance of list? True
2024-03-23 02:25:50,788 is image_chunks is instance of list? True
2024-03-23 02:25:50,788 is input_dict is instance of dict? True
2024-03-23 02:25:53,157 Model Called
2024-03-23 02:25:53,158 RAM memory 64.9 used for Bill_Of_Landing_816_page_0.png:
2024-03-23 02:25:53,158 is all_predictions is instance of list? True
2024-03-23 02:25:53,158 is all_boxes is instance of list? True
2024-03-23 02:25:53,158 is all_confidences is instance of list? True
2024-03-23 02:25:53,158 is all_text is instance of list? True
2024-03-23 02:25:53,158 is label2id is instance of dict? True
2024-03-23 02:25:53,158 is id2label is instance of dict? True
2024-03-23 02:25:53,159 is label2color is instance of dict? True
2024-03-23 02:25:53,159 label2color : {'signature': '#6B73B6', 'gross_weight': '#04C87C', 'freight_collect_at': '#7A248C', 'shipper_name': '#DE9D0F', 'notify_party_address': '#1B984B', 'bol_original_or_copy': '#78E3B9', 'mode_of_transport': '#B1E6AF', 'voyage_number': '#0116D4', 'measurement': '#7B1C22', 'goods_marks_and_nos': '#7AE234', 'bol_original_number': '#A878B8', 'container_number': '#4E202A', 'dimension': '#84BCED', 'pre_carriage_by': '#9C946F', 'bill_of_lading_number': '#B386D7', 'notify_party_name': '#C5ED02', 'port_of_discharge': '#999A40', 'final_destination': '#AA8CDA', 'net_weight': '#A5B2E1', 'signed_by_master': '#56A051', 'shipped_onboard_date': '#50BAEF', 'lc_date': '#636FA0', 'lc_ref_number': '#998700', 'signed_by_carrier': '#82FDEA', 'place_of_issue': '#0A0A73', 'bill_of_lading_issue_date': '#43B905', 'signed_by_agent': '#85C5EB', 'total_original_no': '#025CD9', 'vessel_name': '#BFEC6A', 'carrier_country': '#885203', 'gross_quantity': '#7DAABF', 'transaction_date': '#B16A43', 'consignee_address': '#F5F67A', 'O': '#A05F4B', 'shipper_address': '#B791FF', 'page_no': '#E0BFF5', 'goods_description': '#17248F', 'freight_collect_or_prepaid': '#7E4B12', 'agent_country': '#1D30BF', 'stamp': '#E77377', 'consignee_name': '#6C9996', 'country_of_origin': '#434115', 'port_of_loading': '#23A7F5', 'carrier_name': '#B93442', 'place_of_receipt': '#A60F16', 'agent_name': '#922554'}
2024-03-23 02:25:53,407 is result_set is instance of dict? True
2024-03-23 02:25:53,408 is final_result_set is instance of dict? True
2024-03-23 02:25:53,623 Time taken for page 1 of Bill_Of_Landing_816_page_0.png:0:00:03.096770
2024-03-23 02:25:53,772 *****Generated All Pages****** for Bill_Of_Landing_816_page_0.png
2024-03-23 02:25:53,772 RAM memory 64.9 used for Bill_Of_Landing_816_page_0.png Generating All Pages:
2024-03-23 02:25:53,772 Processing time taken for all pages of Bill_Of_Landing_816_page_0.png1:0:00:03.246919
2024-03-23 02:25:53,908 file name is:Bill_Of_Landing_562_page_5.png
2024-03-23 02:25:53,909 folder path :Images
2024-03-23 02:25:53,909 Calling Image result
2024-03-23 02:25:53,909 is all_page_result is instance of dict? True
2024-03-23 02:25:53,910 STREAM b'IHDR' 16 13
2024-03-23 02:25:53,910 STREAM b'IDAT' 41 63729
2024-03-23 02:25:53,949 is words is instance of list? True
2024-03-23 02:25:53,949 is bboxes is instance of list? True
2024-03-23 02:25:53,949 is bounding_boxes is instance of list? True
2024-03-23 02:25:54,193 is input_id_chunks is instance of list? True
2024-03-23 02:25:54,193 is mask_chunks is instance of list? True
2024-03-23 02:25:54,193 is bbox_chunks is instance of list? True
2024-03-23 02:25:54,193 is image_chunks is instance of list? True
2024-03-23 02:25:54,194 is input_dict is instance of dict? True
2024-03-23 02:25:56,933 Model Called
2024-03-23 02:25:56,934 RAM memory 64.7 used for Bill_Of_Landing_562_page_5.png:
2024-03-23 02:25:56,934 is all_predictions is instance of list? True
2024-03-23 02:25:56,934 is all_boxes is instance of list? True
2024-03-23 02:25:56,934 is all_confidences is instance of list? True
2024-03-23 02:25:56,934 is all_text is instance of list? True
2024-03-23 02:25:56,934 is label2id is instance of dict? True
2024-03-23 02:25:56,934 is id2label is instance of dict? True
2024-03-23 02:25:56,936 is label2color is instance of dict? True
2024-03-23 02:25:56,936 label2color : {'signature': '#6B9221', 'gross_weight': '#9736D9', 'freight_collect_at': '#376DD1', 'shipper_name': '#EDF8A7', 'notify_party_address': '#7C60FD', 'bol_original_or_copy': '#77E7F7', 'mode_of_transport': '#DE5ACA', 'voyage_number': '#4CC801', 'measurement': '#1BA39D', 'goods_marks_and_nos': '#2961D6', 'bol_original_number': '#D79C7C', 'container_number': '#E89AD8', 'dimension': '#1CD53D', 'pre_carriage_by': '#2B450D', 'bill_of_lading_number': '#D22837', 'notify_party_name': '#602C36', 'port_of_discharge': '#4DF44B', 'final_destination': '#0A40E4', 'net_weight': '#DCDAC5', 'signed_by_master': '#2ECAD2', 'shipped_onboard_date': '#8AF62C', 'lc_date': '#FD0EE7', 'lc_ref_number': '#6A634D', 'signed_by_carrier': '#25BD3A', 'place_of_issue': '#742AD5', 'bill_of_lading_issue_date': '#3954CC', 'signed_by_agent': '#29AFAB', 'total_original_no': '#5FAF6B', 'vessel_name': '#B7F2DD', 'carrier_country': '#2B13BA', 'gross_quantity': '#DFC088', 'transaction_date': '#CF0A1D', 'consignee_address': '#E62DAD', 'O': '#EB06F5', 'shipper_address': '#087C02', 'page_no': '#FB0581', 'goods_description': '#8A9657', 'freight_collect_or_prepaid': '#5FE6BD', 'agent_country': '#604468', 'stamp': '#7713BF', 'consignee_name': '#C0BBD7', 'country_of_origin': '#29BC4D', 'port_of_loading': '#93E2FB', 'carrier_name': '#3CB48E', 'place_of_receipt': '#78EC40', 'agent_name': '#55CBEF'}
2024-03-23 02:25:57,168 is result_set is instance of dict? True
2024-03-23 02:25:57,170 is final_result_set is instance of dict? True
2024-03-23 02:25:57,409 Time taken for page 1 of Bill_Of_Landing_562_page_5.png:0:00:03.499132
2024-03-23 02:25:57,557 *****Generated All Pages****** for Bill_Of_Landing_562_page_5.png
2024-03-23 02:25:57,557 RAM memory 64.7 used for Bill_Of_Landing_562_page_5.png Generating All Pages:
2024-03-23 02:25:57,557 Processing time taken for all pages of Bill_Of_Landing_562_page_5.png1:0:00:03.648485
2024-03-23 02:25:57,676 file name is:Bill_Of_Landing_486_page_1.png
2024-03-23 02:25:57,676 folder path :Images
2024-03-23 02:25:57,676 Calling Image result
2024-03-23 02:25:57,676 is all_page_result is instance of dict? True
2024-03-23 02:25:57,687 STREAM b'IHDR' 16 13
2024-03-23 02:25:57,687 STREAM b'IDAT' 41 65536
2024-03-23 02:25:57,723 is words is instance of list? True
2024-03-23 02:25:57,723 is bboxes is instance of list? True
2024-03-23 02:25:57,723 is bounding_boxes is instance of list? True
2024-03-23 02:25:57,923 is input_id_chunks is instance of list? True
2024-03-23 02:25:57,923 is mask_chunks is instance of list? True
2024-03-23 02:25:57,923 is bbox_chunks is instance of list? True
2024-03-23 02:25:57,924 is image_chunks is instance of list? True
2024-03-23 02:25:57,924 is input_dict is instance of dict? True
2024-03-23 02:26:01,401 Model Called
2024-03-23 02:26:01,401 RAM memory 71.3 used for Bill_Of_Landing_486_page_1.png:
2024-03-23 02:26:01,402 is all_predictions is instance of list? True
2024-03-23 02:26:01,402 is all_boxes is instance of list? True
2024-03-23 02:26:01,402 is all_confidences is instance of list? True
2024-03-23 02:26:01,402 is all_text is instance of list? True
2024-03-23 02:26:01,402 is label2id is instance of dict? True
2024-03-23 02:26:01,402 is id2label is instance of dict? True
2024-03-23 02:26:01,403 is label2color is instance of dict? True
2024-03-23 02:26:01,403 label2color : {'signature': '#779642', 'gross_weight': '#2AB438', 'freight_collect_at': '#5E49E4', 'shipper_name': '#9E7A25', 'notify_party_address': '#08F129', 'bol_original_or_copy': '#3A70DC', 'mode_of_transport': '#5A3ACF', 'voyage_number': '#BE01FF', 'measurement': '#67CA41', 'goods_marks_and_nos': '#0CEE2D', 'bol_original_number': '#7A9178', 'container_number': '#0472B3', 'dimension': '#35ED08', 'pre_carriage_by': '#9F61C6', 'bill_of_lading_number': '#AA90CD', 'notify_party_name': '#C4F41E', 'port_of_discharge': '#CBA887', 'final_destination': '#AE827F', 'net_weight': '#2E6E9E', 'signed_by_master': '#6F4A75', 'shipped_onboard_date': '#3ECD9B', 'lc_date': '#95C154', 'lc_ref_number': '#A22CB4', 'signed_by_carrier': '#CA37D9', 'place_of_issue': '#6DF2E4', 'bill_of_lading_issue_date': '#12AB1B', 'signed_by_agent': '#84DBB2', 'total_original_no': '#4BCA2D', 'vessel_name': '#C9A033', 'carrier_country': '#917DA8', 'gross_quantity': '#1A5EA2', 'transaction_date': '#0E45FD', 'consignee_address': '#9E47AC', 'O': '#0C4AAF', 'shipper_address': '#CA5F01', 'page_no': '#7FA8F8', 'goods_description': '#3B08F7', 'freight_collect_or_prepaid': '#963D49', 'agent_country': '#4CBF3E', 'stamp': '#146726', 'consignee_name': '#6AE849', 'country_of_origin': '#9F42E6', 'port_of_loading': '#506882', 'carrier_name': '#443FE6', 'place_of_receipt': '#988BA5', 'agent_name': '#D32F0B'}
2024-03-23 02:26:01,644 is result_set is instance of dict? True
2024-03-23 02:26:01,657 is final_result_set is instance of dict? True
2024-03-23 02:26:01,946 Time taken for page 1 of Bill_Of_Landing_486_page_1.png:0:00:04.259125
2024-03-23 02:26:02,106 *****Generated All Pages****** for Bill_Of_Landing_486_page_1.png
2024-03-23 02:26:02,106 RAM memory 71.5 used for Bill_Of_Landing_486_page_1.png Generating All Pages:
2024-03-23 02:26:02,106 Processing time taken for all pages of Bill_Of_Landing_486_page_1.png1:0:00:04.429842
2024-03-23 02:26:02,254 file name is:Bill_Of_Landing_578_page_1.png
2024-03-23 02:26:02,254 folder path :Images
2024-03-23 02:26:02,254 Calling Image result
2024-03-23 02:26:02,255 is all_page_result is instance of dict? True
2024-03-23 02:26:02,255 STREAM b'IHDR' 16 13
2024-03-23 02:26:02,255 STREAM b'IDAT' 41 60137
2024-03-23 02:26:02,290 is words is instance of list? True
2024-03-23 02:26:02,290 is bboxes is instance of list? True
2024-03-23 02:26:02,290 is bounding_boxes is instance of list? True
2024-03-23 02:26:02,495 is input_id_chunks is instance of list? True
2024-03-23 02:26:02,495 is mask_chunks is instance of list? True
2024-03-23 02:26:02,495 is bbox_chunks is instance of list? True
2024-03-23 02:26:02,495 is image_chunks is instance of list? True
2024-03-23 02:26:02,496 is input_dict is instance of dict? True
2024-03-23 02:26:04,833 Model Called
2024-03-23 02:26:04,834 RAM memory 67.5 used for Bill_Of_Landing_578_page_1.png:
2024-03-23 02:26:04,834 is all_predictions is instance of list? True
2024-03-23 02:26:04,834 is all_boxes is instance of list? True
2024-03-23 02:26:04,834 is all_confidences is instance of list? True
2024-03-23 02:26:04,834 is all_text is instance of list? True
2024-03-23 02:26:04,834 is label2id is instance of dict? True
2024-03-23 02:26:04,834 is id2label is instance of dict? True
2024-03-23 02:26:04,835 is label2color is instance of dict? True
2024-03-23 02:26:04,835 label2color : {'signature': '#913E15', 'gross_weight': '#B149BE', 'freight_collect_at': '#649AB0', 'shipper_name': '#31009F', 'notify_party_address': '#2B17FC', 'bol_original_or_copy': '#B14070', 'mode_of_transport': '#F08F93', 'voyage_number': '#5B903D', 'measurement': '#030302', 'goods_marks_and_nos': '#EC6898', 'bol_original_number': '#4395A3', 'container_number': '#9935CB', 'dimension': '#316A87', 'pre_carriage_by': '#3D5417', 'bill_of_lading_number': '#8D6E41', 'notify_party_name': '#9F92A1', 'port_of_discharge': '#FDAF15', 'final_destination': '#AE748A', 'net_weight': '#23CA62', 'signed_by_master': '#FFE37C', 'shipped_onboard_date': '#AE8B17', 'lc_date': '#545D50', 'lc_ref_number': '#861E75', 'signed_by_carrier': '#40ED86', 'place_of_issue': '#DD519B', 'bill_of_lading_issue_date': '#454966', 'signed_by_agent': '#A99E0C', 'total_original_no': '#3C8842', 'vessel_name': '#707833', 'carrier_country': '#CA144D', 'gross_quantity': '#EC4261', 'transaction_date': '#59DF33', 'consignee_address': '#88499B', 'O': '#BED630', 'shipper_address': '#7A41F2', 'page_no': '#6672FD', 'goods_description': '#B0BF28', 'freight_collect_or_prepaid': '#19D813', 'agent_country': '#E626F1', 'stamp': '#DA1344', 'consignee_name': '#A826C0', 'country_of_origin': '#CA2282', 'port_of_loading': '#4BEAAF', 'carrier_name': '#2DC904', 'place_of_receipt': '#78BF1D', 'agent_name': '#86250F'}
2024-03-23 02:26:05,022 is result_set is instance of dict? True
2024-03-23 02:26:05,023 is final_result_set is instance of dict? True
2024-03-23 02:26:05,294 Time taken for page 1 of Bill_Of_Landing_578_page_1.png:0:00:03.038320
2024-03-23 02:26:05,449 *****Generated All Pages****** for Bill_Of_Landing_578_page_1.png
2024-03-23 02:26:05,450 RAM memory 67.4 used for Bill_Of_Landing_578_page_1.png Generating All Pages:
2024-03-23 02:26:05,450 Processing time taken for all pages of Bill_Of_Landing_578_page_1.png1:0:00:03.195299
2024-03-23 02:26:05,562 file name is:Bill_Of_Landing_562_page_23.png
2024-03-23 02:26:05,562 folder path :Images
2024-03-23 02:26:05,562 Calling Image result
2024-03-23 02:26:05,562 is all_page_result is instance of dict? True
2024-03-23 02:26:05,563 STREAM b'IHDR' 16 13
2024-03-23 02:26:05,563 STREAM b'IDAT' 41 65536
2024-03-23 02:26:05,599 is words is instance of list? True
2024-03-23 02:26:05,599 is bboxes is instance of list? True
2024-03-23 02:26:05,599 is bounding_boxes is instance of list? True
2024-03-23 02:26:05,810 is input_id_chunks is instance of list? True
2024-03-23 02:26:05,810 is mask_chunks is instance of list? True
2024-03-23 02:26:05,810 is bbox_chunks is instance of list? True
2024-03-23 02:26:05,810 is image_chunks is instance of list? True
2024-03-23 02:26:05,811 is input_dict is instance of dict? True
2024-03-23 02:26:08,359 Model Called
2024-03-23 02:26:08,360 RAM memory 67.2 used for Bill_Of_Landing_562_page_23.png:
2024-03-23 02:26:08,360 is all_predictions is instance of list? True
2024-03-23 02:26:08,360 is all_boxes is instance of list? True
2024-03-23 02:26:08,360 is all_confidences is instance of list? True
2024-03-23 02:26:08,360 is all_text is instance of list? True
2024-03-23 02:26:08,360 is label2id is instance of dict? True
2024-03-23 02:26:08,360 is id2label is instance of dict? True
2024-03-23 02:26:08,361 is label2color is instance of dict? True
2024-03-23 02:26:08,361 label2color : {'signature': '#CF45BA', 'gross_weight': '#DDD90D', 'freight_collect_at': '#2E8ECE', 'shipper_name': '#12AF12', 'notify_party_address': '#DD0045', 'bol_original_or_copy': '#563EB9', 'mode_of_transport': '#F25689', 'voyage_number': '#D3F49E', 'measurement': '#7542DE', 'goods_marks_and_nos': '#89A833', 'bol_original_number': '#7EC7CB', 'container_number': '#05FB0A', 'dimension': '#1932AD', 'pre_carriage_by': '#601104', 'bill_of_lading_number': '#2A8248', 'notify_party_name': '#073055', 'port_of_discharge': '#AFA4DC', 'final_destination': '#0DC46D', 'net_weight': '#2E30DC', 'signed_by_master': '#275C3D', 'shipped_onboard_date': '#1B5664', 'lc_date': '#C61643', 'lc_ref_number': '#6909DA', 'signed_by_carrier': '#63A54F', 'place_of_issue': '#F86EB8', 'bill_of_lading_issue_date': '#F476AD', 'signed_by_agent': '#FAB6F5', 'total_original_no': '#251FC3', 'vessel_name': '#5C216D', 'carrier_country': '#410595', 'gross_quantity': '#D9A1E3', 'transaction_date': '#E18675', 'consignee_address': '#41B53C', 'O': '#587FD3', 'shipper_address': '#F30A2D', 'page_no': '#FE50EC', 'goods_description': '#34F454', 'freight_collect_or_prepaid': '#4EE3DD', 'agent_country': '#3417D8', 'stamp': '#57FC34', 'consignee_name': '#E6881D', 'country_of_origin': '#7FD5D5', 'port_of_loading': '#44C163', 'carrier_name': '#637D65', 'place_of_receipt': '#ECFDF1', 'agent_name': '#48E236'}
2024-03-23 02:26:08,636 is result_set is instance of dict? True
2024-03-23 02:26:08,638 is final_result_set is instance of dict? True
2024-03-23 02:26:08,848 Time taken for page 1 of Bill_Of_Landing_562_page_23.png:0:00:03.284867
2024-03-23 02:26:09,027 *****Generated All Pages****** for Bill_Of_Landing_562_page_23.png
2024-03-23 02:26:09,027 RAM memory 67.2 used for Bill_Of_Landing_562_page_23.png Generating All Pages:
2024-03-23 02:26:09,028 Processing time taken for all pages of Bill_Of_Landing_562_page_23.png1:0:00:03.465306
2024-03-23 02:26:09,172 file name is:Bill_Of_Landing_511_page_5.png
2024-03-23 02:26:09,172 folder path :Images
2024-03-23 02:26:09,173 Calling Image result
2024-03-23 02:26:09,173 is all_page_result is instance of dict? True
2024-03-23 02:26:09,183 STREAM b'IHDR' 16 13
2024-03-23 02:26:09,184 STREAM b'IDAT' 41 65536
2024-03-23 02:26:09,217 is words is instance of list? True
2024-03-23 02:26:09,218 is bboxes is instance of list? True
2024-03-23 02:26:09,218 is bounding_boxes is instance of list? True
2024-03-23 02:26:09,431 is input_id_chunks is instance of list? True
2024-03-23 02:26:09,431 is mask_chunks is instance of list? True
2024-03-23 02:26:09,431 is bbox_chunks is instance of list? True
2024-03-23 02:26:09,431 is image_chunks is instance of list? True
2024-03-23 02:26:09,432 is input_dict is instance of dict? True
2024-03-23 02:26:11,780 Model Called
2024-03-23 02:26:11,781 RAM memory 64.4 used for Bill_Of_Landing_511_page_5.png:
2024-03-23 02:26:11,781 is all_predictions is instance of list? True
2024-03-23 02:26:11,781 is all_boxes is instance of list? True
2024-03-23 02:26:11,781 is all_confidences is instance of list? True
2024-03-23 02:26:11,781 is all_text is instance of list? True
2024-03-23 02:26:11,781 is label2id is instance of dict? True
2024-03-23 02:26:11,781 is id2label is instance of dict? True
2024-03-23 02:26:11,782 is label2color is instance of dict? True
2024-03-23 02:26:11,782 label2color : {'signature': '#113D79', 'gross_weight': '#6353D7', 'freight_collect_at': '#08C151', 'shipper_name': '#9EB840', 'notify_party_address': '#E5D963', 'bol_original_or_copy': '#FD3B16', 'mode_of_transport': '#BA7378', 'voyage_number': '#ECF84D', 'measurement': '#399300', 'goods_marks_and_nos': '#031A8A', 'bol_original_number': '#B19297', 'container_number': '#D071B6', 'dimension': '#92DC16', 'pre_carriage_by': '#7F7E06', 'bill_of_lading_number': '#57A1CA', 'notify_party_name': '#3EDDFD', 'port_of_discharge': '#D0ED98', 'final_destination': '#321527', 'net_weight': '#A9BF1C', 'signed_by_master': '#3E604F', 'shipped_onboard_date': '#451B6B', 'lc_date': '#E42905', 'lc_ref_number': '#3F6CCA', 'signed_by_carrier': '#4122C1', 'place_of_issue': '#48526D', 'bill_of_lading_issue_date': '#B9385E', 'signed_by_agent': '#346AD4', 'total_original_no': '#58A1AC', 'vessel_name': '#C61373', 'carrier_country': '#4E8D21', 'gross_quantity': '#5AFBD8', 'transaction_date': '#92DA82', 'consignee_address': '#1E42C7', 'O': '#C006A5', 'shipper_address': '#5F93D9', 'page_no': '#357354', 'goods_description': '#6FC6EE', 'freight_collect_or_prepaid': '#667ACA', 'agent_country': '#C70E86', 'stamp': '#DD8A7A', 'consignee_name': '#228C33', 'country_of_origin': '#866656', 'port_of_loading': '#7423F7', 'carrier_name': '#D01FAF', 'place_of_receipt': '#29848F', 'agent_name': '#6D43FB'}
2024-03-23 02:26:11,972 is result_set is instance of dict? True
2024-03-23 02:26:11,975 is final_result_set is instance of dict? True
2024-03-23 02:26:12,277 Time taken for page 1 of Bill_Of_Landing_511_page_5.png:0:00:03.093093
2024-03-23 02:26:12,438 *****Generated All Pages****** for Bill_Of_Landing_511_page_5.png
2024-03-23 02:26:12,438 RAM memory 64.7 used for Bill_Of_Landing_511_page_5.png Generating All Pages:
2024-03-23 02:26:12,438 Processing time taken for all pages of Bill_Of_Landing_511_page_5.png1:0:00:03.265445
2024-03-23 02:26:12,551 file name is:Bill_Of_Landing_609_page_0.png
2024-03-23 02:26:12,551 folder path :Images
2024-03-23 02:26:12,552 Calling Image result
2024-03-23 02:26:12,552 is all_page_result is instance of dict? True
2024-03-23 02:26:12,552 STREAM b'IHDR' 16 13
2024-03-23 02:26:12,552 STREAM b'IDAT' 41 65536
2024-03-23 02:26:12,585 is words is instance of list? True
2024-03-23 02:26:12,585 is bboxes is instance of list? True
2024-03-23 02:26:12,585 is bounding_boxes is instance of list? True
2024-03-23 02:26:12,798 is input_id_chunks is instance of list? True
2024-03-23 02:26:12,798 is mask_chunks is instance of list? True
2024-03-23 02:26:12,798 is bbox_chunks is instance of list? True
2024-03-23 02:26:12,798 is image_chunks is instance of list? True
2024-03-23 02:26:12,799 is input_dict is instance of dict? True
2024-03-23 02:26:16,299 Model Called
2024-03-23 02:26:16,299 RAM memory 71.6 used for Bill_Of_Landing_609_page_0.png:
2024-03-23 02:26:16,299 is all_predictions is instance of list? True
2024-03-23 02:26:16,299 is all_boxes is instance of list? True
2024-03-23 02:26:16,299 is all_confidences is instance of list? True
2024-03-23 02:26:16,299 is all_text is instance of list? True
2024-03-23 02:26:16,300 is label2id is instance of dict? True
2024-03-23 02:26:16,300 is id2label is instance of dict? True
2024-03-23 02:26:16,301 is label2color is instance of dict? True
2024-03-23 02:26:16,301 label2color : {'signature': '#5548F7', 'gross_weight': '#2DD1F5', 'freight_collect_at': '#57DFD5', 'shipper_name': '#9D4E28', 'notify_party_address': '#BCA581', 'bol_original_or_copy': '#6FBA58', 'mode_of_transport': '#7F3020', 'voyage_number': '#57CB9C', 'measurement': '#4E05B1', 'goods_marks_and_nos': '#3CE2E7', 'bol_original_number': '#3AA9FD', 'container_number': '#9E9786', 'dimension': '#C7F76D', 'pre_carriage_by': '#C6C842', 'bill_of_lading_number': '#C8FAC7', 'notify_party_name': '#0E831D', 'port_of_discharge': '#FEB411', 'final_destination': '#21D8EE', 'net_weight': '#14F82A', 'signed_by_master': '#746AD6', 'shipped_onboard_date': '#AC505B', 'lc_date': '#76311C', 'lc_ref_number': '#EF1436', 'signed_by_carrier': '#0F082B', 'place_of_issue': '#E19C3D', 'bill_of_lading_issue_date': '#E768D9', 'signed_by_agent': '#0410B3', 'total_original_no': '#69FBC7', 'vessel_name': '#FAE712', 'carrier_country': '#61DBC3', 'gross_quantity': '#AEAF15', 'transaction_date': '#5760A2', 'consignee_address': '#584EED', 'O': '#AB430E', 'shipper_address': '#30298B', 'page_no': '#D9EB5F', 'goods_description': '#2D9B37', 'freight_collect_or_prepaid': '#88D28F', 'agent_country': '#896336', 'stamp': '#2B2105', 'consignee_name': '#576213', 'country_of_origin': '#3FAF58', 'port_of_loading': '#E43D08', 'carrier_name': '#E4565D', 'place_of_receipt': '#5E26B4', 'agent_name': '#90EFB1'}
2024-03-23 02:26:16,569 is result_set is instance of dict? True
2024-03-23 02:26:16,571 is final_result_set is instance of dict? True
2024-03-23 02:26:16,814 Time taken for page 1 of Bill_Of_Landing_609_page_0.png:0:00:04.261383
2024-03-23 02:26:16,976 *****Generated All Pages****** for Bill_Of_Landing_609_page_0.png
2024-03-23 02:26:16,976 RAM memory 71.8 used for Bill_Of_Landing_609_page_0.png Generating All Pages:
2024-03-23 02:26:16,976 Processing time taken for all pages of Bill_Of_Landing_609_page_0.png1:0:00:04.424831
2024-03-23 02:26:17,133 file name is:Bill_Of_Landing_562_page_3.png
2024-03-23 02:26:17,133 folder path :Images
2024-03-23 02:26:17,133 Calling Image result
2024-03-23 02:26:17,133 is all_page_result is instance of dict? True
2024-03-23 02:26:17,144 STREAM b'IHDR' 16 13
2024-03-23 02:26:17,144 STREAM b'IDAT' 41 59926
2024-03-23 02:26:17,180 is words is instance of list? True
2024-03-23 02:26:17,180 is bboxes is instance of list? True
2024-03-23 02:26:17,180 is bounding_boxes is instance of list? True
2024-03-23 02:26:17,401 is input_id_chunks is instance of list? True
2024-03-23 02:26:17,401 is mask_chunks is instance of list? True
2024-03-23 02:26:17,401 is bbox_chunks is instance of list? True
2024-03-23 02:26:17,401 is image_chunks is instance of list? True
2024-03-23 02:26:17,402 is input_dict is instance of dict? True
2024-03-23 02:26:19,709 Model Called
2024-03-23 02:26:19,709 RAM memory 64.8 used for Bill_Of_Landing_562_page_3.png:
2024-03-23 02:26:19,709 is all_predictions is instance of list? True
2024-03-23 02:26:19,709 is all_boxes is instance of list? True
2024-03-23 02:26:19,710 is all_confidences is instance of list? True
2024-03-23 02:26:19,710 is all_text is instance of list? True
2024-03-23 02:26:19,710 is label2id is instance of dict? True
2024-03-23 02:26:19,710 is id2label is instance of dict? True
2024-03-23 02:26:19,711 is label2color is instance of dict? True
2024-03-23 02:26:19,711 label2color : {'signature': '#E599F0', 'gross_weight': '#690A68', 'freight_collect_at': '#75AFE9', 'shipper_name': '#FB9A37', 'notify_party_address': '#3C71B0', 'bol_original_or_copy': '#99A822', 'mode_of_transport': '#2E52B7', 'voyage_number': '#A13917', 'measurement': '#5E580D', 'goods_marks_and_nos': '#52BB0A', 'bol_original_number': '#56892D', 'container_number': '#3EC15F', 'dimension': '#AE04BE', 'pre_carriage_by': '#5AC2FC', 'bill_of_lading_number': '#5346F9', 'notify_party_name': '#F9BF9E', 'port_of_discharge': '#05AC0A', 'final_destination': '#D71929', 'net_weight': '#1CBFEE', 'signed_by_master': '#8BDE04', 'shipped_onboard_date': '#7D9157', 'lc_date': '#B47DBB', 'lc_ref_number': '#2D0548', 'signed_by_carrier': '#26E935', 'place_of_issue': '#EB5CEA', 'bill_of_lading_issue_date': '#91AA25', 'signed_by_agent': '#726AA4', 'total_original_no': '#8AC4AB', 'vessel_name': '#7D180B', 'carrier_country': '#F878DC', 'gross_quantity': '#6EE2EC', 'transaction_date': '#339437', 'consignee_address': '#BF72A6', 'O': '#6B1CA8', 'shipper_address': '#4D84C2', 'page_no': '#46CA48', 'goods_description': '#54948C', 'freight_collect_or_prepaid': '#C2C999', 'agent_country': '#DBC693', 'stamp': '#345851', 'consignee_name': '#94FFA5', 'country_of_origin': '#1C9EDD', 'port_of_loading': '#7C225A', 'carrier_name': '#7FA084', 'place_of_receipt': '#ED914D', 'agent_name': '#849CCA'}
2024-03-23 02:26:19,927 is result_set is instance of dict? True
2024-03-23 02:26:19,929 is final_result_set is instance of dict? True
2024-03-23 02:26:20,219 Time taken for page 1 of Bill_Of_Landing_562_page_3.png:0:00:03.075229
2024-03-23 02:26:20,378 *****Generated All Pages****** for Bill_Of_Landing_562_page_3.png
2024-03-23 02:26:20,378 RAM memory 65.1 used for Bill_Of_Landing_562_page_3.png Generating All Pages:
2024-03-23 02:26:20,379 Processing time taken for all pages of Bill_Of_Landing_562_page_3.png1:0:00:03.245443
2024-03-23 02:26:20,491 file name is:Bill_Of_Landing_815_page_1.png
2024-03-23 02:26:20,491 folder path :Images
2024-03-23 02:26:20,492 Calling Image result
2024-03-23 02:26:20,492 is all_page_result is instance of dict? True
2024-03-23 02:26:20,502 STREAM b'IHDR' 16 13
2024-03-23 02:26:20,502 STREAM b'IDAT' 41 65536
2024-03-23 02:26:20,648 is words is instance of list? True
2024-03-23 02:26:20,648 is bboxes is instance of list? True
2024-03-23 02:26:20,648 is bounding_boxes is instance of list? True
2024-03-23 02:26:22,673 is input_id_chunks is instance of list? True
2024-03-23 02:26:22,673 is mask_chunks is instance of list? True
2024-03-23 02:26:22,673 is bbox_chunks is instance of list? True
2024-03-23 02:26:22,673 is image_chunks is instance of list? True
2024-03-23 02:26:22,674 is input_dict is instance of dict? True
2024-03-23 02:26:25,021 Model Called
2024-03-23 02:26:25,021 RAM memory 65.5 used for Bill_Of_Landing_815_page_1.png:
2024-03-23 02:26:25,021 is all_predictions is instance of list? True
2024-03-23 02:26:25,021 is all_boxes is instance of list? True
2024-03-23 02:26:25,021 is all_confidences is instance of list? True
2024-03-23 02:26:25,021 is all_text is instance of list? True
2024-03-23 02:26:25,022 is label2id is instance of dict? True
2024-03-23 02:26:25,022 is id2label is instance of dict? True
2024-03-23 02:26:25,023 is label2color is instance of dict? True
2024-03-23 02:26:25,023 label2color : {'signature': '#89FD49', 'gross_weight': '#3ED503', 'freight_collect_at': '#0C09D8', 'shipper_name': '#1C1F4F', 'notify_party_address': '#3D4580', 'bol_original_or_copy': '#00EC2F', 'mode_of_transport': '#CE278C', 'voyage_number': '#F68259', 'measurement': '#0D4628', 'goods_marks_and_nos': '#F28A93', 'bol_original_number': '#E599CD', 'container_number': '#BE7119', 'dimension': '#A2802A', 'pre_carriage_by': '#0506E0', 'bill_of_lading_number': '#694DB8', 'notify_party_name': '#C70332', 'port_of_discharge': '#537DED', 'final_destination': '#D64A6A', 'net_weight': '#3C248C', 'signed_by_master': '#B6FEA6', 'shipped_onboard_date': '#BFB8E1', 'lc_date': '#F7A011', 'lc_ref_number': '#84E6E2', 'signed_by_carrier': '#F9D343', 'place_of_issue': '#2EEF71', 'bill_of_lading_issue_date': '#2BB358', 'signed_by_agent': '#F88FD2', 'total_original_no': '#8C0EEF', 'vessel_name': '#31C536', 'carrier_country': '#076F4D', 'gross_quantity': '#2491EF', 'transaction_date': '#F1B80E', 'consignee_address': '#ABF128', 'O': '#2D73ED', 'shipper_address': '#1CEC8E', 'page_no': '#6A8B23', 'goods_description': '#99F7B4', 'freight_collect_or_prepaid': '#6E9442', 'agent_country': '#ACF002', 'stamp': '#6F2E5F', 'consignee_name': '#9C0EAC', 'country_of_origin': '#46D65F', 'port_of_loading': '#DA9EB3', 'carrier_name': '#68AB1D', 'place_of_receipt': '#A11450', 'agent_name': '#92143B'}
2024-03-23 02:26:25,870 is result_set is instance of dict? True
2024-03-23 02:26:25,872 is final_result_set is instance of dict? True
2024-03-23 02:26:26,081 Time taken for page 1 of Bill_Of_Landing_815_page_1.png:0:00:05.578687
2024-03-23 02:26:26,571 *****Generated All Pages****** for Bill_Of_Landing_815_page_1.png
2024-03-23 02:26:26,571 RAM memory 65.9 used for Bill_Of_Landing_815_page_1.png Generating All Pages:
2024-03-23 02:26:26,571 Processing time taken for all pages of Bill_Of_Landing_815_page_1.png1:0:00:06.079809
2024-03-23 02:26:26,697 file name is:Bill_Of_Landing_263_page_0.png
2024-03-23 02:26:26,697 folder path :Images
2024-03-23 02:26:26,697 Calling Image result
2024-03-23 02:26:26,697 is all_page_result is instance of dict? True
2024-03-23 02:26:26,708 STREAM b'IHDR' 16 13
2024-03-23 02:26:26,708 STREAM b'IDAT' 41 65536
2024-03-23 02:26:26,743 is words is instance of list? True
2024-03-23 02:26:26,743 is bboxes is instance of list? True
2024-03-23 02:26:26,744 is bounding_boxes is instance of list? True
2024-03-23 02:26:26,948 is input_id_chunks is instance of list? True
2024-03-23 02:26:26,948 is mask_chunks is instance of list? True
2024-03-23 02:26:26,948 is bbox_chunks is instance of list? True
2024-03-23 02:26:26,948 is image_chunks is instance of list? True
2024-03-23 02:26:26,949 is input_dict is instance of dict? True
2024-03-23 02:26:29,517 Model Called
2024-03-23 02:26:29,517 RAM memory 64.4 used for Bill_Of_Landing_263_page_0.png:
2024-03-23 02:26:29,517 is all_predictions is instance of list? True
2024-03-23 02:26:29,517 is all_boxes is instance of list? True
2024-03-23 02:26:29,517 is all_confidences is instance of list? True
2024-03-23 02:26:29,517 is all_text is instance of list? True
2024-03-23 02:26:29,518 is label2id is instance of dict? True
2024-03-23 02:26:29,518 is id2label is instance of dict? True
2024-03-23 02:26:29,519 is label2color is instance of dict? True
2024-03-23 02:26:29,519 label2color : {'signature': '#A40B6F', 'gross_weight': '#FF9805', 'freight_collect_at': '#C417C1', 'shipper_name': '#44D6C6', 'notify_party_address': '#368B03', 'bol_original_or_copy': '#52191A', 'mode_of_transport': '#7836CA', 'voyage_number': '#4E26EF', 'measurement': '#638E66', 'goods_marks_and_nos': '#0CD032', 'bol_original_number': '#B30544', 'container_number': '#CAD6DE', 'dimension': '#B64BC7', 'pre_carriage_by': '#B617BF', 'bill_of_lading_number': '#CDF258', 'notify_party_name': '#F0442F', 'port_of_discharge': '#5E7959', 'final_destination': '#FCC116', 'net_weight': '#C2C894', 'signed_by_master': '#D19C8A', 'shipped_onboard_date': '#5D5F6F', 'lc_date': '#D1F35B', 'lc_ref_number': '#740EEA', 'signed_by_carrier': '#1AE08E', 'place_of_issue': '#C9F67D', 'bill_of_lading_issue_date': '#2DA766', 'signed_by_agent': '#233D17', 'total_original_no': '#35E013', 'vessel_name': '#D7597D', 'carrier_country': '#8DDFB1', 'gross_quantity': '#C2453C', 'transaction_date': '#6C0A82', 'consignee_address': '#5514E0', 'O': '#480F38', 'shipper_address': '#F21949', 'page_no': '#E7D903', 'goods_description': '#BAE492', 'freight_collect_or_prepaid': '#150DD3', 'agent_country': '#737F1C', 'stamp': '#E81BA3', 'consignee_name': '#03B370', 'country_of_origin': '#D306A4', 'port_of_loading': '#3197F3', 'carrier_name': '#B2B818', 'place_of_receipt': '#D4D583', 'agent_name': '#C10544'}
2024-03-23 02:26:29,706 is result_set is instance of dict? True
2024-03-23 02:26:29,707 is final_result_set is instance of dict? True
2024-03-23 02:26:29,954 Time taken for page 1 of Bill_Of_Landing_263_page_0.png:0:00:03.246245
2024-03-23 02:26:30,119 *****Generated All Pages****** for Bill_Of_Landing_263_page_0.png
2024-03-23 02:26:30,120 RAM memory 64.4 used for Bill_Of_Landing_263_page_0.png Generating All Pages:
2024-03-23 02:26:30,120 Processing time taken for all pages of Bill_Of_Landing_263_page_0.png1:0:00:03.422678
2024-03-23 02:26:30,234 file name is:Bill_Of_Landing_456_page_0.png
2024-03-23 02:26:30,234 folder path :Images
2024-03-23 02:26:30,234 Calling Image result
2024-03-23 02:26:30,234 is all_page_result is instance of dict? True
2024-03-23 02:26:30,235 STREAM b'IHDR' 16 13
2024-03-23 02:26:30,235 STREAM b'IDAT' 41 65536
2024-03-23 02:26:30,264 is words is instance of list? True
2024-03-23 02:26:30,264 is bboxes is instance of list? True
2024-03-23 02:26:30,265 is bounding_boxes is instance of list? True
2024-03-23 02:26:30,478 is input_id_chunks is instance of list? True
2024-03-23 02:26:30,478 is mask_chunks is instance of list? True
2024-03-23 02:26:30,478 is bbox_chunks is instance of list? True
2024-03-23 02:26:30,478 is image_chunks is instance of list? True
2024-03-23 02:26:30,478 is input_dict is instance of dict? True
2024-03-23 02:26:32,948 Model Called
2024-03-23 02:26:32,948 RAM memory 64.5 used for Bill_Of_Landing_456_page_0.png:
2024-03-23 02:26:32,948 is all_predictions is instance of list? True
2024-03-23 02:26:32,948 is all_boxes is instance of list? True
2024-03-23 02:26:32,948 is all_confidences is instance of list? True
2024-03-23 02:26:32,948 is all_text is instance of list? True
2024-03-23 02:26:32,949 is label2id is instance of dict? True
2024-03-23 02:26:32,949 is id2label is instance of dict? True
2024-03-23 02:26:32,950 is label2color is instance of dict? True
2024-03-23 02:26:32,950 label2color : {'signature': '#2EF26D', 'gross_weight': '#F8363E', 'freight_collect_at': '#A0C3E8', 'shipper_name': '#62FF43', 'notify_party_address': '#0BB78B', 'bol_original_or_copy': '#A4CD89', 'mode_of_transport': '#466FF7', 'voyage_number': '#FEB2DF', 'measurement': '#C825E2', 'goods_marks_and_nos': '#B517E2', 'bol_original_number': '#092DD6', 'container_number': '#45A557', 'dimension': '#FC5177', 'pre_carriage_by': '#3DBD90', 'bill_of_lading_number': '#A055B4', 'notify_party_name': '#686145', 'port_of_discharge': '#C91383', 'final_destination': '#9255E3', 'net_weight': '#316194', 'signed_by_master': '#34B357', 'shipped_onboard_date': '#178861', 'lc_date': '#9083AF', 'lc_ref_number': '#86E51F', 'signed_by_carrier': '#E88E78', 'place_of_issue': '#73F858', 'bill_of_lading_issue_date': '#9DED3D', 'signed_by_agent': '#ECE3FA', 'total_original_no': '#480CEE', 'vessel_name': '#CD4DC0', 'carrier_country': '#B966A8', 'gross_quantity': '#67B31D', 'transaction_date': '#DD3D45', 'consignee_address': '#7A05C9', 'O': '#90F826', 'shipper_address': '#0C4F84', 'page_no': '#6EDB45', 'goods_description': '#4199C5', 'freight_collect_or_prepaid': '#95F91B', 'agent_country': '#5DEFD6', 'stamp': '#94453F', 'consignee_name': '#54D9A2', 'country_of_origin': '#FF0B22', 'port_of_loading': '#7BEFA0', 'carrier_name': '#11F138', 'place_of_receipt': '#CBF00A', 'agent_name': '#B4ADDD'}
2024-03-23 02:26:33,148 is result_set is instance of dict? True
2024-03-23 02:26:33,149 is final_result_set is instance of dict? True
2024-03-23 02:26:33,456 Time taken for page 1 of Bill_Of_Landing_456_page_0.png:0:00:03.220484
2024-03-23 02:26:33,635 *****Generated All Pages****** for Bill_Of_Landing_456_page_0.png
2024-03-23 02:26:33,636 RAM memory 64.6 used for Bill_Of_Landing_456_page_0.png Generating All Pages:
2024-03-23 02:26:33,636 Processing time taken for all pages of Bill_Of_Landing_456_page_0.png1:0:00:03.401348
2024-03-23 02:26:33,766 file name is:Bill_Of_Landing_633_page_0.png
2024-03-23 02:26:33,766 folder path :Images
2024-03-23 02:26:33,766 Calling Image result
2024-03-23 02:26:33,767 is all_page_result is instance of dict? True
2024-03-23 02:26:33,767 STREAM b'IHDR' 16 13
2024-03-23 02:26:33,767 STREAM b'IDAT' 41 65536
2024-03-23 02:26:33,802 is words is instance of list? True
2024-03-23 02:26:33,802 is bboxes is instance of list? True
2024-03-23 02:26:33,802 is bounding_boxes is instance of list? True
2024-03-23 02:26:34,025 is input_id_chunks is instance of list? True
2024-03-23 02:26:34,025 is mask_chunks is instance of list? True
2024-03-23 02:26:34,025 is bbox_chunks is instance of list? True
2024-03-23 02:26:34,025 is image_chunks is instance of list? True
2024-03-23 02:26:34,026 is input_dict is instance of dict? True
2024-03-23 02:26:36,542 Model Called
2024-03-23 02:26:36,543 RAM memory 64.6 used for Bill_Of_Landing_633_page_0.png:
2024-03-23 02:26:36,543 is all_predictions is instance of list? True
2024-03-23 02:26:36,543 is all_boxes is instance of list? True
2024-03-23 02:26:36,543 is all_confidences is instance of list? True
2024-03-23 02:26:36,543 is all_text is instance of list? True
2024-03-23 02:26:36,543 is label2id is instance of dict? True
2024-03-23 02:26:36,543 is id2label is instance of dict? True
2024-03-23 02:26:36,544 is label2color is instance of dict? True
2024-03-23 02:26:36,544 label2color : {'signature': '#0B8F71', 'gross_weight': '#D5F355', 'freight_collect_at': '#64F058', 'shipper_name': '#D3AA92', 'notify_party_address': '#E61583', 'bol_original_or_copy': '#69580B', 'mode_of_transport': '#35C7DC', 'voyage_number': '#C86924', 'measurement': '#0F7AA7', 'goods_marks_and_nos': '#1387D3', 'bol_original_number': '#BF6CFC', 'container_number': '#72A6FD', 'dimension': '#5E70B7', 'pre_carriage_by': '#0D6089', 'bill_of_lading_number': '#E8A4DD', 'notify_party_name': '#F48656', 'port_of_discharge': '#ADD31E', 'final_destination': '#005E44', 'net_weight': '#9FAC95', 'signed_by_master': '#5414F6', 'shipped_onboard_date': '#1BF20C', 'lc_date': '#1235D1', 'lc_ref_number': '#774533', 'signed_by_carrier': '#2EA722', 'place_of_issue': '#C3268E', 'bill_of_lading_issue_date': '#BBE319', 'signed_by_agent': '#7B414F', 'total_original_no': '#42AC79', 'vessel_name': '#106832', 'carrier_country': '#5D4395', 'gross_quantity': '#126C44', 'transaction_date': '#ABAC90', 'consignee_address': '#29733F', 'O': '#9F6EDA', 'shipper_address': '#E501D8', 'page_no': '#1D1CDE', 'goods_description': '#0A284F', 'freight_collect_or_prepaid': '#726031', 'agent_country': '#1CA05D', 'stamp': '#A732D3', 'consignee_name': '#D816A8', 'country_of_origin': '#2471CC', 'port_of_loading': '#87A255', 'carrier_name': '#4DE3EF', 'place_of_receipt': '#997760', 'agent_name': '#B1FD50'}
2024-03-23 02:26:36,738 is result_set is instance of dict? True
2024-03-23 02:26:36,739 is final_result_set is instance of dict? True
2024-03-23 02:26:36,943 Time taken for page 1 of Bill_Of_Landing_633_page_0.png:0:00:03.176012
2024-03-23 02:26:37,113 *****Generated All Pages****** for Bill_Of_Landing_633_page_0.png
2024-03-23 02:26:37,113 RAM memory 64.6 used for Bill_Of_Landing_633_page_0.png Generating All Pages:
2024-03-23 02:26:37,113 Processing time taken for all pages of Bill_Of_Landing_633_page_0.png1:0:00:03.346885
2024-03-23 02:26:37,227 file name is:Bill_Of_Landing_511_page_2.png
2024-03-23 02:26:37,227 folder path :Images
2024-03-23 02:26:37,228 Calling Image result
2024-03-23 02:26:37,228 is all_page_result is instance of dict? True
2024-03-23 02:26:37,238 STREAM b'IHDR' 16 13
2024-03-23 02:26:37,238 STREAM b'IDAT' 41 65536
2024-03-23 02:26:37,276 is words is instance of list? True
2024-03-23 02:26:37,276 is bboxes is instance of list? True
2024-03-23 02:26:37,276 is bounding_boxes is instance of list? True
2024-03-23 02:26:37,486 is input_id_chunks is instance of list? True
2024-03-23 02:26:37,486 is mask_chunks is instance of list? True
2024-03-23 02:26:37,486 is bbox_chunks is instance of list? True
2024-03-23 02:26:37,486 is image_chunks is instance of list? True
2024-03-23 02:26:37,487 is input_dict is instance of dict? True
2024-03-23 02:26:39,775 Model Called
2024-03-23 02:26:39,775 RAM memory 64.6 used for Bill_Of_Landing_511_page_2.png:
2024-03-23 02:26:39,775 is all_predictions is instance of list? True
2024-03-23 02:26:39,776 is all_boxes is instance of list? True
2024-03-23 02:26:39,776 is all_confidences is instance of list? True
2024-03-23 02:26:39,776 is all_text is instance of list? True
2024-03-23 02:26:39,776 is label2id is instance of dict? True
2024-03-23 02:26:39,776 is id2label is instance of dict? True
2024-03-23 02:26:39,777 is label2color is instance of dict? True
2024-03-23 02:26:39,777 label2color : {'signature': '#EEE7E3', 'gross_weight': '#43B046', 'freight_collect_at': '#377364', 'shipper_name': '#348F97', 'notify_party_address': '#BFF906', 'bol_original_or_copy': '#9637B0', 'mode_of_transport': '#9269FA', 'voyage_number': '#A00E26', 'measurement': '#ED317A', 'goods_marks_and_nos': '#6D4BA4', 'bol_original_number': '#1EE7DF', 'container_number': '#8FE755', 'dimension': '#4C2ACC', 'pre_carriage_by': '#0E733F', 'bill_of_lading_number': '#6564CD', 'notify_party_name': '#F68EAC', 'port_of_discharge': '#E8D01A', 'final_destination': '#97C32A', 'net_weight': '#300990', 'signed_by_master': '#B617B0', 'shipped_onboard_date': '#02EE23', 'lc_date': '#B33F35', 'lc_ref_number': '#BD482B', 'signed_by_carrier': '#A6EB97', 'place_of_issue': '#115CAE', 'bill_of_lading_issue_date': '#45848D', 'signed_by_agent': '#D07994', 'total_original_no': '#B3FD89', 'vessel_name': '#9C3E2E', 'carrier_country': '#D4A7E4', 'gross_quantity': '#44139F', 'transaction_date': '#FE19F5', 'consignee_address': '#F663B1', 'O': '#27167A', 'shipper_address': '#4367B6', 'page_no': '#F71E65', 'goods_description': '#44614E', 'freight_collect_or_prepaid': '#CF50F0', 'agent_country': '#03CB72', 'stamp': '#C0F3BC', 'consignee_name': '#035D8C', 'country_of_origin': '#CFEE66', 'port_of_loading': '#6B1270', 'carrier_name': '#4B8AF2', 'place_of_receipt': '#69C931', 'agent_name': '#F11E19'}
2024-03-23 02:26:39,968 is result_set is instance of dict? True
2024-03-23 02:26:39,971 is final_result_set is instance of dict? True
2024-03-23 02:26:40,359 Time taken for page 1 of Bill_Of_Landing_511_page_2.png:0:00:03.119847
2024-03-23 02:26:40,522 *****Generated All Pages****** for Bill_Of_Landing_511_page_2.png
2024-03-23 02:26:40,522 RAM memory 64.9 used for Bill_Of_Landing_511_page_2.png Generating All Pages:
2024-03-23 02:26:40,522 Processing time taken for all pages of Bill_Of_Landing_511_page_2.png1:0:00:03.294706
2024-03-23 02:26:40,635 file name is:Bill_Of_Landing_349_page_2.png
2024-03-23 02:26:40,635 folder path :Images
2024-03-23 02:26:40,635 Calling Image result
2024-03-23 02:26:40,636 is all_page_result is instance of dict? True
2024-03-23 02:26:40,646 STREAM b'IHDR' 16 13
2024-03-23 02:26:40,646 STREAM b'IDAT' 41 65536
2024-03-23 02:26:40,680 is words is instance of list? True
2024-03-23 02:26:40,680 is bboxes is instance of list? True
2024-03-23 02:26:40,680 is bounding_boxes is instance of list? True
2024-03-23 02:26:40,884 is input_id_chunks is instance of list? True
2024-03-23 02:26:40,884 is mask_chunks is instance of list? True
2024-03-23 02:26:40,884 is bbox_chunks is instance of list? True
2024-03-23 02:26:40,884 is image_chunks is instance of list? True
2024-03-23 02:26:40,885 is input_dict is instance of dict? True
2024-03-23 02:26:44,322 Model Called
2024-03-23 02:26:44,323 RAM memory 71.3 used for Bill_Of_Landing_349_page_2.png:
2024-03-23 02:26:44,323 is all_predictions is instance of list? True
2024-03-23 02:26:44,323 is all_boxes is instance of list? True
2024-03-23 02:26:44,323 is all_confidences is instance of list? True
2024-03-23 02:26:44,323 is all_text is instance of list? True
2024-03-23 02:26:44,323 is label2id is instance of dict? True
2024-03-23 02:26:44,324 is id2label is instance of dict? True
2024-03-23 02:26:44,325 is label2color is instance of dict? True
2024-03-23 02:26:44,325 label2color : {'signature': '#B1EC3C', 'gross_weight': '#D57A46', 'freight_collect_at': '#872083', 'shipper_name': '#B221B9', 'notify_party_address': '#C08EC6', 'bol_original_or_copy': '#ABDAB3', 'mode_of_transport': '#DEC9E1', 'voyage_number': '#5A038D', 'measurement': '#6F594A', 'goods_marks_and_nos': '#B4EF69', 'bol_original_number': '#559237', 'container_number': '#AE8255', 'dimension': '#8E8DA9', 'pre_carriage_by': '#C56242', 'bill_of_lading_number': '#1A4094', 'notify_party_name': '#BDDD6A', 'port_of_discharge': '#1CA084', 'final_destination': '#E7BA91', 'net_weight': '#F8D275', 'signed_by_master': '#F2F731', 'shipped_onboard_date': '#5AD221', 'lc_date': '#F903C5', 'lc_ref_number': '#B280A9', 'signed_by_carrier': '#4EA30E', 'place_of_issue': '#246B14', 'bill_of_lading_issue_date': '#481E23', 'signed_by_agent': '#470C24', 'total_original_no': '#41E841', 'vessel_name': '#E82749', 'carrier_country': '#417834', 'gross_quantity': '#A9EE25', 'transaction_date': '#448F49', 'consignee_address': '#6700B2', 'O': '#3D737A', 'shipper_address': '#4F38D2', 'page_no': '#44FFF6', 'goods_description': '#59985B', 'freight_collect_or_prepaid': '#00E515', 'agent_country': '#08139D', 'stamp': '#22DE52', 'consignee_name': '#FD77C9', 'country_of_origin': '#4ADA21', 'port_of_loading': '#571117', 'carrier_name': '#B58D49', 'place_of_receipt': '#32CC19', 'agent_name': '#F1C3F0'}
2024-03-23 02:26:44,577 is result_set is instance of dict? True
2024-03-23 02:26:44,578 is final_result_set is instance of dict? True
2024-03-23 02:26:44,850 Time taken for page 1 of Bill_Of_Landing_349_page_2.png:0:00:04.203895
2024-03-23 02:26:45,013 *****Generated All Pages****** for Bill_Of_Landing_349_page_2.png
2024-03-23 02:26:45,014 RAM memory 71.5 used for Bill_Of_Landing_349_page_2.png Generating All Pages:
2024-03-23 02:26:45,014 Processing time taken for all pages of Bill_Of_Landing_349_page_2.png1:0:00:04.378278
2024-03-23 02:26:45,150 file name is:Packing_List_223_page_6.png
2024-03-23 02:26:45,151 folder path :Images
2024-03-23 02:26:45,151 Calling Image result
2024-03-23 02:26:45,151 is all_page_result is instance of dict? True
2024-03-23 02:26:45,162 STREAM b'IHDR' 16 13
2024-03-23 02:26:45,162 STREAM b'IDAT' 41 65536
2024-03-23 02:26:45,197 is words is instance of list? True
2024-03-23 02:26:45,197 is bboxes is instance of list? True
2024-03-23 02:26:45,197 is bounding_boxes is instance of list? True
2024-03-23 02:26:45,401 is input_id_chunks is instance of list? True
2024-03-23 02:26:45,401 is mask_chunks is instance of list? True
2024-03-23 02:26:45,401 is bbox_chunks is instance of list? True
2024-03-23 02:26:45,402 is image_chunks is instance of list? True
2024-03-23 02:26:45,402 is input_dict is instance of dict? True
2024-03-23 02:26:47,695 Model Called
2024-03-23 02:26:47,696 RAM memory 68.1 used for Packing_List_223_page_6.png:
2024-03-23 02:26:47,696 is all_predictions is instance of list? True
2024-03-23 02:26:47,696 is all_boxes is instance of list? True
2024-03-23 02:26:47,696 is all_confidences is instance of list? True
2024-03-23 02:26:47,696 is all_text is instance of list? True
2024-03-23 02:26:47,696 is label2id is instance of dict? True
2024-03-23 02:26:47,696 is id2label is instance of dict? True
2024-03-23 02:26:47,697 is label2color is instance of dict? True
2024-03-23 02:26:47,697 label2color : {'signature': '#DE93C8', 'gross_weight': '#8B9626', 'freight_collect_at': '#D8C81F', 'shipper_name': '#44CD48', 'notify_party_address': '#2C4950', 'bol_original_or_copy': '#060B60', 'mode_of_transport': '#D176F1', 'voyage_number': '#3935AB', 'measurement': '#787BCB', 'goods_marks_and_nos': '#D9D537', 'bol_original_number': '#668E38', 'container_number': '#0579C5', 'dimension': '#745BDD', 'pre_carriage_by': '#57A42C', 'bill_of_lading_number': '#667034', 'notify_party_name': '#A87057', 'port_of_discharge': '#ECD92E', 'final_destination': '#C20DF5', 'net_weight': '#E45A28', 'signed_by_master': '#3416B8', 'shipped_onboard_date': '#20D512', 'lc_date': '#3A6867', 'lc_ref_number': '#6FC6D3', 'signed_by_carrier': '#176134', 'place_of_issue': '#44695B', 'bill_of_lading_issue_date': '#BD2742', 'signed_by_agent': '#847691', 'total_original_no': '#C02473', 'vessel_name': '#A9BA1F', 'carrier_country': '#0B913E', 'gross_quantity': '#B0EF5E', 'transaction_date': '#AAE711', 'consignee_address': '#8DCCB5', 'O': '#D4F226', 'shipper_address': '#FF066C', 'page_no': '#0F0B79', 'goods_description': '#61C4B3', 'freight_collect_or_prepaid': '#337BBF', 'agent_country': '#A3A5DA', 'stamp': '#FA25BF', 'consignee_name': '#A13318', 'country_of_origin': '#0869B7', 'port_of_loading': '#D46BEC', 'carrier_name': '#903380', 'place_of_receipt': '#A918F4', 'agent_name': '#5C69C1'}
2024-03-23 02:26:47,875 is result_set is instance of dict? True
2024-03-23 02:26:47,876 is final_result_set is instance of dict? True
2024-03-23 02:26:48,106 Time taken for page 1 of Packing_List_223_page_6.png:0:00:02.944151
2024-03-23 02:26:48,263 *****Generated All Pages****** for Packing_List_223_page_6.png
2024-03-23 02:26:48,264 RAM memory 68.3 used for Packing_List_223_page_6.png Generating All Pages:
2024-03-23 02:26:48,264 Processing time taken for all pages of Packing_List_223_page_6.png1:0:00:03.112998
2024-03-23 02:26:48,410 file name is:Bill_Of_Landing_562_page_15.png
2024-03-23 02:26:48,411 folder path :Images
2024-03-23 02:26:48,411 Calling Image result
2024-03-23 02:26:48,411 is all_page_result is instance of dict? True
2024-03-23 02:26:48,412 STREAM b'IHDR' 16 13
2024-03-23 02:26:48,412 STREAM b'IDAT' 41 65536
2024-03-23 02:26:48,444 is words is instance of list? True
2024-03-23 02:26:48,444 is bboxes is instance of list? True
2024-03-23 02:26:48,444 is bounding_boxes is instance of list? True
2024-03-23 02:26:48,644 is input_id_chunks is instance of list? True
2024-03-23 02:26:48,644 is mask_chunks is instance of list? True
2024-03-23 02:26:48,644 is bbox_chunks is instance of list? True
2024-03-23 02:26:48,644 is image_chunks is instance of list? True
2024-03-23 02:26:48,644 is input_dict is instance of dict? True
2024-03-23 02:26:50,928 Model Called
2024-03-23 02:26:50,928 RAM memory 64.4 used for Bill_Of_Landing_562_page_15.png:
2024-03-23 02:26:50,928 is all_predictions is instance of list? True
2024-03-23 02:26:50,928 is all_boxes is instance of list? True
2024-03-23 02:26:50,929 is all_confidences is instance of list? True
2024-03-23 02:26:50,929 is all_text is instance of list? True
2024-03-23 02:26:50,929 is label2id is instance of dict? True
2024-03-23 02:26:50,929 is id2label is instance of dict? True
2024-03-23 02:26:50,930 is label2color is instance of dict? True
2024-03-23 02:26:50,930 label2color : {'signature': '#BBC889', 'gross_weight': '#0CBDAB', 'freight_collect_at': '#87B137', 'shipper_name': '#DBF49B', 'notify_party_address': '#9F30DC', 'bol_original_or_copy': '#9F4119', 'mode_of_transport': '#675EAA', 'voyage_number': '#5F2BE4', 'measurement': '#6426AD', 'goods_marks_and_nos': '#49EAE0', 'bol_original_number': '#D8638E', 'container_number': '#17A615', 'dimension': '#3ECF5D', 'pre_carriage_by': '#D6AE64', 'bill_of_lading_number': '#F082C6', 'notify_party_name': '#9D0C2D', 'port_of_discharge': '#A3D271', 'final_destination': '#969E1F', 'net_weight': '#C0A978', 'signed_by_master': '#F6EA6D', 'shipped_onboard_date': '#A8974D', 'lc_date': '#9FB4D8', 'lc_ref_number': '#7019E4', 'signed_by_carrier': '#2051FE', 'place_of_issue': '#226120', 'bill_of_lading_issue_date': '#DCD201', 'signed_by_agent': '#D4AEE5', 'total_original_no': '#B8FDFC', 'vessel_name': '#9640C5', 'carrier_country': '#5E3E00', 'gross_quantity': '#EFBE7F', 'transaction_date': '#CA2705', 'consignee_address': '#9035BC', 'O': '#9D318F', 'shipper_address': '#A73420', 'page_no': '#CDCB0E', 'goods_description': '#850FE1', 'freight_collect_or_prepaid': '#31EE6D', 'agent_country': '#CD3C88', 'stamp': '#66B749', 'consignee_name': '#C49AA3', 'country_of_origin': '#3D61B8', 'port_of_loading': '#859DEA', 'carrier_name': '#1187D2', 'place_of_receipt': '#34A3C3', 'agent_name': '#F8C694'}
2024-03-23 02:26:51,122 is result_set is instance of dict? True
2024-03-23 02:26:51,124 is final_result_set is instance of dict? True
2024-03-23 02:26:51,300 Time taken for page 1 of Bill_Of_Landing_562_page_15.png:0:00:02.887917
2024-03-23 02:26:51,449 *****Generated All Pages****** for Bill_Of_Landing_562_page_15.png
2024-03-23 02:26:51,449 RAM memory 64.5 used for Bill_Of_Landing_562_page_15.png Generating All Pages:
2024-03-23 02:26:51,450 Processing time taken for all pages of Bill_Of_Landing_562_page_15.png1:0:00:03.038850
2024-03-23 02:26:51,562 file name is:Packing_List_749_page_1.png
2024-03-23 02:26:51,562 folder path :Images
2024-03-23 02:26:51,563 Calling Image result
2024-03-23 02:26:51,563 is all_page_result is instance of dict? True
2024-03-23 02:26:51,563 STREAM b'IHDR' 16 13
2024-03-23 02:26:51,563 STREAM b'IDAT' 41 65536
2024-03-23 02:26:51,597 is words is instance of list? True
2024-03-23 02:26:51,597 is bboxes is instance of list? True
2024-03-23 02:26:51,597 is bounding_boxes is instance of list? True
2024-03-23 02:26:51,796 is input_id_chunks is instance of list? True
2024-03-23 02:26:51,796 is mask_chunks is instance of list? True
2024-03-23 02:26:51,796 is bbox_chunks is instance of list? True
2024-03-23 02:26:51,796 is image_chunks is instance of list? True
2024-03-23 02:26:51,796 is input_dict is instance of dict? True
2024-03-23 02:26:54,076 Model Called
2024-03-23 02:26:54,076 RAM memory 64.4 used for Packing_List_749_page_1.png:
2024-03-23 02:26:54,077 is all_predictions is instance of list? True
2024-03-23 02:26:54,077 is all_boxes is instance of list? True
2024-03-23 02:26:54,077 is all_confidences is instance of list? True
2024-03-23 02:26:54,077 is all_text is instance of list? True
2024-03-23 02:26:54,077 is label2id is instance of dict? True
2024-03-23 02:26:54,077 is id2label is instance of dict? True
2024-03-23 02:26:54,078 is label2color is instance of dict? True
2024-03-23 02:26:54,078 label2color : {'signature': '#AD4D5E', 'gross_weight': '#37F635', 'freight_collect_at': '#CF302F', 'shipper_name': '#974ABA', 'notify_party_address': '#E93C86', 'bol_original_or_copy': '#C0F09D', 'mode_of_transport': '#F37FFD', 'voyage_number': '#9E25F9', 'measurement': '#4C68AC', 'goods_marks_and_nos': '#FE2839', 'bol_original_number': '#6C2BBB', 'container_number': '#6D37DB', 'dimension': '#421946', 'pre_carriage_by': '#7D0799', 'bill_of_lading_number': '#E11AB6', 'notify_party_name': '#434790', 'port_of_discharge': '#F2B35D', 'final_destination': '#9E2AFD', 'net_weight': '#ACB70D', 'signed_by_master': '#EE4252', 'shipped_onboard_date': '#3845ED', 'lc_date': '#FA51B5', 'lc_ref_number': '#FF55D5', 'signed_by_carrier': '#7CFE8A', 'place_of_issue': '#361358', 'bill_of_lading_issue_date': '#B71DDF', 'signed_by_agent': '#EE4480', 'total_original_no': '#4DC771', 'vessel_name': '#6C50AF', 'carrier_country': '#09894E', 'gross_quantity': '#758B65', 'transaction_date': '#18D001', 'consignee_address': '#1F47B1', 'O': '#D1E7FF', 'shipper_address': '#0BCECD', 'page_no': '#89B05F', 'goods_description': '#1240C1', 'freight_collect_or_prepaid': '#8AE433', 'agent_country': '#4614AA', 'stamp': '#67916B', 'consignee_name': '#15361D', 'country_of_origin': '#4FAEF2', 'port_of_loading': '#482D00', 'carrier_name': '#2001C1', 'place_of_receipt': '#2DC771', 'agent_name': '#73A8F0'}
2024-03-23 02:26:54,265 is result_set is instance of dict? True
2024-03-23 02:26:54,267 is final_result_set is instance of dict? True
2024-03-23 02:26:54,483 Time taken for page 1 of Packing_List_749_page_1.png:0:00:02.919114
2024-03-23 02:26:54,638 *****Generated All Pages****** for Packing_List_749_page_1.png
2024-03-23 02:26:54,638 RAM memory 64.3 used for Packing_List_749_page_1.png Generating All Pages:
2024-03-23 02:26:54,638 Processing time taken for all pages of Packing_List_749_page_1.png1:0:00:03.075879
2024-03-23 02:26:54,753 file name is:Bill_Of_Landing_508_page_0.png
2024-03-23 02:26:54,753 folder path :Images
2024-03-23 02:26:54,753 Calling Image result
2024-03-23 02:26:54,753 is all_page_result is instance of dict? True
2024-03-23 02:26:54,754 STREAM b'IHDR' 16 13
2024-03-23 02:26:54,754 STREAM b'IDAT' 41 65536
2024-03-23 02:26:54,789 is words is instance of list? True
2024-03-23 02:26:54,789 is bboxes is instance of list? True
2024-03-23 02:26:54,789 is bounding_boxes is instance of list? True
2024-03-23 02:26:54,995 is input_id_chunks is instance of list? True
2024-03-23 02:26:54,995 is mask_chunks is instance of list? True
2024-03-23 02:26:54,995 is bbox_chunks is instance of list? True
2024-03-23 02:26:54,995 is image_chunks is instance of list? True
2024-03-23 02:26:54,996 is input_dict is instance of dict? True
2024-03-23 02:26:58,475 Model Called
2024-03-23 02:26:58,475 RAM memory 71.1 used for Bill_Of_Landing_508_page_0.png:
2024-03-23 02:26:58,475 is all_predictions is instance of list? True
2024-03-23 02:26:58,475 is all_boxes is instance of list? True
2024-03-23 02:26:58,475 is all_confidences is instance of list? True
2024-03-23 02:26:58,475 is all_text is instance of list? True
2024-03-23 02:26:58,476 is label2id is instance of dict? True
2024-03-23 02:26:58,476 is id2label is instance of dict? True
2024-03-23 02:26:58,476 is label2color is instance of dict? True
2024-03-23 02:26:58,476 label2color : {'signature': '#E7EDE6', 'gross_weight': '#DC5CAA', 'freight_collect_at': '#AE5226', 'shipper_name': '#87249D', 'notify_party_address': '#6BB5C9', 'bol_original_or_copy': '#436983', 'mode_of_transport': '#C179F5', 'voyage_number': '#5270CF', 'measurement': '#B2A137', 'goods_marks_and_nos': '#2A64F7', 'bol_original_number': '#8FC1B2', 'container_number': '#8DA90A', 'dimension': '#3AFCC3', 'pre_carriage_by': '#2E876D', 'bill_of_lading_number': '#B4EBC3', 'notify_party_name': '#91A653', 'port_of_discharge': '#2CB286', 'final_destination': '#1BDB70', 'net_weight': '#74E2E8', 'signed_by_master': '#5A1EC7', 'shipped_onboard_date': '#30BB50', 'lc_date': '#38784C', 'lc_ref_number': '#20ABD2', 'signed_by_carrier': '#1D9751', 'place_of_issue': '#3D0881', 'bill_of_lading_issue_date': '#F66AA1', 'signed_by_agent': '#62BF8E', 'total_original_no': '#8F3697', 'vessel_name': '#826A74', 'carrier_country': '#6C086B', 'gross_quantity': '#0843DF', 'transaction_date': '#20C925', 'consignee_address': '#3E6E3B', 'O': '#910B67', 'shipper_address': '#8E075E', 'page_no': '#A94B16', 'goods_description': '#C86583', 'freight_collect_or_prepaid': '#CD49DF', 'agent_country': '#21C17A', 'stamp': '#FBB37B', 'consignee_name': '#1F95E3', 'country_of_origin': '#4E0FD3', 'port_of_loading': '#6BF621', 'carrier_name': '#60C6B8', 'place_of_receipt': '#4EDE3B', 'agent_name': '#843EA1'}
2024-03-23 02:26:58,747 is result_set is instance of dict? True
2024-03-23 02:26:58,749 is final_result_set is instance of dict? True
2024-03-23 02:26:59,126 Time taken for page 1 of Bill_Of_Landing_508_page_0.png:0:00:04.371490
2024-03-23 02:26:59,286 *****Generated All Pages****** for Bill_Of_Landing_508_page_0.png
2024-03-23 02:26:59,286 RAM memory 71.4 used for Bill_Of_Landing_508_page_0.png Generating All Pages:
2024-03-23 02:26:59,287 Processing time taken for all pages of Bill_Of_Landing_508_page_0.png1:0:00:04.533186
2024-03-23 02:26:59,428 file name is:Bill_Of_Landing_640_page_0.png
2024-03-23 02:26:59,429 folder path :Images
2024-03-23 02:26:59,429 Calling Image result
2024-03-23 02:26:59,429 is all_page_result is instance of dict? True
2024-03-23 02:26:59,439 STREAM b'IHDR' 16 13
2024-03-23 02:26:59,440 STREAM b'IDAT' 41 65536
2024-03-23 02:26:59,476 is words is instance of list? True
2024-03-23 02:26:59,476 is bboxes is instance of list? True
2024-03-23 02:26:59,476 is bounding_boxes is instance of list? True
2024-03-23 02:26:59,679 is input_id_chunks is instance of list? True
2024-03-23 02:26:59,679 is mask_chunks is instance of list? True
2024-03-23 02:26:59,679 is bbox_chunks is instance of list? True
2024-03-23 02:26:59,679 is image_chunks is instance of list? True
2024-03-23 02:26:59,680 is input_dict is instance of dict? True
2024-03-23 02:27:01,951 Model Called
2024-03-23 02:27:01,951 RAM memory 68.3 used for Bill_Of_Landing_640_page_0.png:
2024-03-23 02:27:01,961 is all_predictions is instance of list? True
2024-03-23 02:27:01,961 is all_boxes is instance of list? True
2024-03-23 02:27:01,961 is all_confidences is instance of list? True
2024-03-23 02:27:01,961 is all_text is instance of list? True
2024-03-23 02:27:01,962 is label2id is instance of dict? True
2024-03-23 02:27:01,962 is id2label is instance of dict? True
2024-03-23 02:27:01,962 is label2color is instance of dict? True
2024-03-23 02:27:01,962 label2color : {'signature': '#C92141', 'gross_weight': '#4AF5D0', 'freight_collect_at': '#D2BC2B', 'shipper_name': '#633F55', 'notify_party_address': '#029643', 'bol_original_or_copy': '#25B23B', 'mode_of_transport': '#C21496', 'voyage_number': '#9BA04D', 'measurement': '#6EE012', 'goods_marks_and_nos': '#8D2A29', 'bol_original_number': '#62410D', 'container_number': '#67DB25', 'dimension': '#5EB8B7', 'pre_carriage_by': '#4A272A', 'bill_of_lading_number': '#6791A4', 'notify_party_name': '#8AF090', 'port_of_discharge': '#53F77D', 'final_destination': '#34DA29', 'net_weight': '#72A10F', 'signed_by_master': '#B352BE', 'shipped_onboard_date': '#CE8BA7', 'lc_date': '#DF94A7', 'lc_ref_number': '#4F9614', 'signed_by_carrier': '#0F5914', 'place_of_issue': '#4218B5', 'bill_of_lading_issue_date': '#A6630B', 'signed_by_agent': '#70CAB4', 'total_original_no': '#DE2068', 'vessel_name': '#2BF82D', 'carrier_country': '#751E2A', 'gross_quantity': '#0FEBA4', 'transaction_date': '#7773A0', 'consignee_address': '#35867D', 'O': '#60A2A6', 'shipper_address': '#322E80', 'page_no': '#BFF3C2', 'goods_description': '#21D79A', 'freight_collect_or_prepaid': '#F8F28B', 'agent_country': '#528AFD', 'stamp': '#45E5E2', 'consignee_name': '#D51B08', 'country_of_origin': '#74F588', 'port_of_loading': '#69B5EB', 'carrier_name': '#61B927', 'place_of_receipt': '#5CA9D7', 'agent_name': '#6CF893'}
2024-03-23 02:27:02,150 is result_set is instance of dict? True
2024-03-23 02:27:02,152 is final_result_set is instance of dict? True
2024-03-23 02:27:02,399 Time taken for page 1 of Bill_Of_Landing_640_page_0.png:0:00:02.958932
2024-03-23 02:27:02,550 *****Generated All Pages****** for Bill_Of_Landing_640_page_0.png
2024-03-23 02:27:02,551 RAM memory 68.3 used for Bill_Of_Landing_640_page_0.png Generating All Pages:
2024-03-23 02:27:02,551 Processing time taken for all pages of Bill_Of_Landing_640_page_0.png1:0:00:03.121966
2024-03-23 02:27:02,663 file name is:Bill_Of_Landing_270_page_3.png
2024-03-23 02:27:02,664 folder path :Images
2024-03-23 02:27:02,664 Calling Image result
2024-03-23 02:27:02,664 is all_page_result is instance of dict? True
2024-03-23 02:27:02,664 STREAM b'IHDR' 16 13
2024-03-23 02:27:02,664 STREAM b'IDAT' 41 65536
2024-03-23 02:27:02,699 is words is instance of list? True
2024-03-23 02:27:02,699 is bboxes is instance of list? True
2024-03-23 02:27:02,699 is bounding_boxes is instance of list? True
2024-03-23 02:27:02,899 is input_id_chunks is instance of list? True
2024-03-23 02:27:02,899 is mask_chunks is instance of list? True
2024-03-23 02:27:02,899 is bbox_chunks is instance of list? True
2024-03-23 02:27:02,899 is image_chunks is instance of list? True
2024-03-23 02:27:02,900 is input_dict is instance of dict? True
2024-03-23 02:27:05,199 Model Called
2024-03-23 02:27:05,199 RAM memory 67.9 used for Bill_Of_Landing_270_page_3.png:
2024-03-23 02:27:05,200 is all_predictions is instance of list? True
2024-03-23 02:27:05,200 is all_boxes is instance of list? True
2024-03-23 02:27:05,200 is all_confidences is instance of list? True
2024-03-23 02:27:05,200 is all_text is instance of list? True
2024-03-23 02:27:05,200 is label2id is instance of dict? True
2024-03-23 02:27:05,200 is id2label is instance of dict? True
2024-03-23 02:27:05,201 is label2color is instance of dict? True
2024-03-23 02:27:05,201 label2color : {'signature': '#E42A1C', 'gross_weight': '#8EADD2', 'freight_collect_at': '#B18DBF', 'shipper_name': '#A9F481', 'notify_party_address': '#F888AD', 'bol_original_or_copy': '#66E571', 'mode_of_transport': '#CE0EED', 'voyage_number': '#1858E1', 'measurement': '#AC4E7D', 'goods_marks_and_nos': '#4DFAB4', 'bol_original_number': '#EA6FA4', 'container_number': '#39D7A9', 'dimension': '#781869', 'pre_carriage_by': '#284BE5', 'bill_of_lading_number': '#124196', 'notify_party_name': '#EB00DF', 'port_of_discharge': '#288DD7', 'final_destination': '#92BB93', 'net_weight': '#22A056', 'signed_by_master': '#8CC131', 'shipped_onboard_date': '#7B5EBE', 'lc_date': '#3AE6A7', 'lc_ref_number': '#364D50', 'signed_by_carrier': '#60282A', 'place_of_issue': '#7117D8', 'bill_of_lading_issue_date': '#D7C163', 'signed_by_agent': '#37C6FD', 'total_original_no': '#E596E2', 'vessel_name': '#10C6BA', 'carrier_country': '#FB7BDD', 'gross_quantity': '#6750D9', 'transaction_date': '#D1B5FD', 'consignee_address': '#433E33', 'O': '#1B0C85', 'shipper_address': '#83FB43', 'page_no': '#181D1D', 'goods_description': '#8F8D72', 'freight_collect_or_prepaid': '#FD258A', 'agent_country': '#D1F1F0', 'stamp': '#858F06', 'consignee_name': '#F2C12F', 'country_of_origin': '#B3F307', 'port_of_loading': '#258C1B', 'carrier_name': '#A16C93', 'place_of_receipt': '#D13661', 'agent_name': '#6788BA'}
2024-03-23 02:27:05,393 is result_set is instance of dict? True
2024-03-23 02:27:05,394 is final_result_set is instance of dict? True
2024-03-23 02:27:05,593 Time taken for page 1 of Bill_Of_Landing_270_page_3.png:0:00:02.928125
2024-03-23 02:27:05,767 *****Generated All Pages****** for Bill_Of_Landing_270_page_3.png
2024-03-23 02:27:05,768 RAM memory 68.0 used for Bill_Of_Landing_270_page_3.png Generating All Pages:
2024-03-23 02:27:05,768 Processing time taken for all pages of Bill_Of_Landing_270_page_3.png1:0:00:03.103951
2024-03-23 02:27:05,896 file name is:Bill_Of_Landing_806_page_0.png
2024-03-23 02:27:05,896 folder path :Images
2024-03-23 02:27:05,897 Calling Image result
2024-03-23 02:27:05,897 is all_page_result is instance of dict? True
2024-03-23 02:27:05,897 STREAM b'IHDR' 16 13
2024-03-23 02:27:05,897 STREAM b'IDAT' 41 62008
2024-03-23 02:27:05,933 is words is instance of list? True
2024-03-23 02:27:05,933 is bboxes is instance of list? True
2024-03-23 02:27:05,933 is bounding_boxes is instance of list? True
2024-03-23 02:27:06,145 is input_id_chunks is instance of list? True
2024-03-23 02:27:06,145 is mask_chunks is instance of list? True
2024-03-23 02:27:06,145 is bbox_chunks is instance of list? True
2024-03-23 02:27:06,145 is image_chunks is instance of list? True
2024-03-23 02:27:06,146 is input_dict is instance of dict? True
2024-03-23 02:27:08,594 Model Called
2024-03-23 02:27:08,595 RAM memory 68.4 used for Bill_Of_Landing_806_page_0.png:
2024-03-23 02:27:08,595 is all_predictions is instance of list? True
2024-03-23 02:27:08,595 is all_boxes is instance of list? True
2024-03-23 02:27:08,595 is all_confidences is instance of list? True
2024-03-23 02:27:08,595 is all_text is instance of list? True
2024-03-23 02:27:08,595 is label2id is instance of dict? True
2024-03-23 02:27:08,595 is id2label is instance of dict? True
2024-03-23 02:27:08,597 is label2color is instance of dict? True
2024-03-23 02:27:08,597 label2color : {'signature': '#2EA263', 'gross_weight': '#1A2BE6', 'freight_collect_at': '#856779', 'shipper_name': '#2F405B', 'notify_party_address': '#0804E2', 'bol_original_or_copy': '#0186B6', 'mode_of_transport': '#B0E02F', 'voyage_number': '#CE9CEA', 'measurement': '#567250', 'goods_marks_and_nos': '#A3A10C', 'bol_original_number': '#5C14CE', 'container_number': '#EB0E77', 'dimension': '#9BD9F5', 'pre_carriage_by': '#81A6E0', 'bill_of_lading_number': '#CB95BF', 'notify_party_name': '#CC861E', 'port_of_discharge': '#A0CCE3', 'final_destination': '#3498D8', 'net_weight': '#5AF50F', 'signed_by_master': '#C414ED', 'shipped_onboard_date': '#2759B0', 'lc_date': '#C9958E', 'lc_ref_number': '#3DC0E0', 'signed_by_carrier': '#6ABD46', 'place_of_issue': '#F2C3A7', 'bill_of_lading_issue_date': '#60559B', 'signed_by_agent': '#DDAD7F', 'total_original_no': '#1F895E', 'vessel_name': '#806EF8', 'carrier_country': '#D0674F', 'gross_quantity': '#BCEFC5', 'transaction_date': '#BB6FBC', 'consignee_address': '#8ED65E', 'O': '#9F4365', 'shipper_address': '#FCEC08', 'page_no': '#CCBD8F', 'goods_description': '#844374', 'freight_collect_or_prepaid': '#24577D', 'agent_country': '#56EC1A', 'stamp': '#FF41D8', 'consignee_name': '#2A7C90', 'country_of_origin': '#78ED01', 'port_of_loading': '#D481CC', 'carrier_name': '#4D47A6', 'place_of_receipt': '#A032CE', 'agent_name': '#5AFCC9'}
2024-03-23 02:27:08,905 is result_set is instance of dict? True
2024-03-23 02:27:08,908 is final_result_set is instance of dict? True
2024-03-23 02:27:09,276 Time taken for page 1 of Bill_Of_Landing_806_page_0.png:0:00:03.378663
2024-03-23 02:27:09,474 *****Generated All Pages****** for Bill_Of_Landing_806_page_0.png
2024-03-23 02:27:09,475 RAM memory 68.8 used for Bill_Of_Landing_806_page_0.png Generating All Pages:
2024-03-23 02:27:09,475 Processing time taken for all pages of Bill_Of_Landing_806_page_0.png1:0:00:03.578084
2024-03-23 02:27:09,643 file name is:Bill_Of_Landing_418_page_6.png
2024-03-23 02:27:09,643 folder path :Images
2024-03-23 02:27:09,644 Calling Image result
2024-03-23 02:27:09,644 is all_page_result is instance of dict? True
2024-03-23 02:27:09,644 STREAM b'IHDR' 16 13
2024-03-23 02:27:09,645 STREAM b'IDAT' 41 65536
2024-03-23 02:27:09,687 is words is instance of list? True
2024-03-23 02:27:09,687 is bboxes is instance of list? True
2024-03-23 02:27:09,687 is bounding_boxes is instance of list? True
2024-03-23 02:27:09,990 is input_id_chunks is instance of list? True
2024-03-23 02:27:09,990 is mask_chunks is instance of list? True
2024-03-23 02:27:09,990 is bbox_chunks is instance of list? True
2024-03-23 02:27:09,990 is image_chunks is instance of list? True
2024-03-23 02:27:09,992 is input_dict is instance of dict? True
2024-03-23 02:27:13,318 Model Called
2024-03-23 02:27:13,318 RAM memory 66.6 used for Bill_Of_Landing_418_page_6.png:
2024-03-23 02:27:13,319 is all_predictions is instance of list? True
2024-03-23 02:27:13,319 is all_boxes is instance of list? True
2024-03-23 02:27:13,319 is all_confidences is instance of list? True
2024-03-23 02:27:13,319 is all_text is instance of list? True
2024-03-23 02:27:13,319 is label2id is instance of dict? True
2024-03-23 02:27:13,319 is id2label is instance of dict? True
2024-03-23 02:27:13,320 is label2color is instance of dict? True
2024-03-23 02:27:13,320 label2color : {'signature': '#33ACBA', 'gross_weight': '#1A69B9', 'freight_collect_at': '#A01269', 'shipper_name': '#F8DF17', 'notify_party_address': '#7AD7E8', 'bol_original_or_copy': '#D15F43', 'mode_of_transport': '#F0769E', 'voyage_number': '#4CA423', 'measurement': '#BE79D1', 'goods_marks_and_nos': '#6F16BD', 'bol_original_number': '#B65A0B', 'container_number': '#447D3B', 'dimension': '#D83564', 'pre_carriage_by': '#473A54', 'bill_of_lading_number': '#17F2A3', 'notify_party_name': '#979113', 'port_of_discharge': '#03C9CF', 'final_destination': '#95ECD6', 'net_weight': '#7C39F1', 'signed_by_master': '#081719', 'shipped_onboard_date': '#71F45C', 'lc_date': '#43A134', 'lc_ref_number': '#3021D2', 'signed_by_carrier': '#8397C6', 'place_of_issue': '#E109E6', 'bill_of_lading_issue_date': '#8241CC', 'signed_by_agent': '#F9E5E8', 'total_original_no': '#342110', 'vessel_name': '#6061E5', 'carrier_country': '#3B4BAC', 'gross_quantity': '#7ED265', 'transaction_date': '#27CF89', 'consignee_address': '#3F8DEC', 'O': '#63949C', 'shipper_address': '#8C7BBD', 'page_no': '#2868A6', 'goods_description': '#B8E0A8', 'freight_collect_or_prepaid': '#D1EC58', 'agent_country': '#47A3A7', 'stamp': '#66B57B', 'consignee_name': '#3A2FC7', 'country_of_origin': '#B57C13', 'port_of_loading': '#438A2F', 'carrier_name': '#56A823', 'place_of_receipt': '#C8B5FC', 'agent_name': '#60C0F1'}
2024-03-23 02:27:13,531 is result_set is instance of dict? True
2024-03-23 02:27:13,532 is final_result_set is instance of dict? True
2024-03-23 02:27:13,783 Time taken for page 1 of Bill_Of_Landing_418_page_6.png:0:00:04.138625
2024-03-23 02:27:13,952 *****Generated All Pages****** for Bill_Of_Landing_418_page_6.png
2024-03-23 02:27:13,952 RAM memory 66.6 used for Bill_Of_Landing_418_page_6.png Generating All Pages:
2024-03-23 02:27:13,952 Processing time taken for all pages of Bill_Of_Landing_418_page_6.png1:0:00:04.308665
2024-03-23 02:27:14,077 file name is:Bill_Of_Landing_562_page_24.png
2024-03-23 02:27:14,077 folder path :Images
2024-03-23 02:27:14,077 Calling Image result
2024-03-23 02:27:14,077 is all_page_result is instance of dict? True
2024-03-23 02:27:14,078 STREAM b'IHDR' 16 13
2024-03-23 02:27:14,078 STREAM b'IDAT' 41 65536
2024-03-23 02:27:14,113 is words is instance of list? True
2024-03-23 02:27:14,113 is bboxes is instance of list? True
2024-03-23 02:27:14,113 is bounding_boxes is instance of list? True
2024-03-23 02:27:14,334 is input_id_chunks is instance of list? True
2024-03-23 02:27:14,334 is mask_chunks is instance of list? True
2024-03-23 02:27:14,334 is bbox_chunks is instance of list? True
2024-03-23 02:27:14,334 is image_chunks is instance of list? True
2024-03-23 02:27:14,334 is input_dict is instance of dict? True
2024-03-23 02:27:16,933 Model Called
2024-03-23 02:27:16,933 RAM memory 66.4 used for Bill_Of_Landing_562_page_24.png:
2024-03-23 02:27:16,933 is all_predictions is instance of list? True
2024-03-23 02:27:16,933 is all_boxes is instance of list? True
2024-03-23 02:27:16,933 is all_confidences is instance of list? True
2024-03-23 02:27:16,933 is all_text is instance of list? True
2024-03-23 02:27:16,934 is label2id is instance of dict? True
2024-03-23 02:27:16,934 is id2label is instance of dict? True
2024-03-23 02:27:16,935 is label2color is instance of dict? True
2024-03-23 02:27:16,935 label2color : {'signature': '#5F2754', 'gross_weight': '#8397AD', 'freight_collect_at': '#B9D33E', 'shipper_name': '#5E5681', 'notify_party_address': '#0FCE3D', 'bol_original_or_copy': '#955CCF', 'mode_of_transport': '#1EE47D', 'voyage_number': '#2B4D48', 'measurement': '#401635', 'goods_marks_and_nos': '#691580', 'bol_original_number': '#0882DA', 'container_number': '#39FFB4', 'dimension': '#9786EB', 'pre_carriage_by': '#502180', 'bill_of_lading_number': '#70F21D', 'notify_party_name': '#643BD2', 'port_of_discharge': '#A710A0', 'final_destination': '#332B0B', 'net_weight': '#C4C4BF', 'signed_by_master': '#C028DA', 'shipped_onboard_date': '#20A2D6', 'lc_date': '#5DE03E', 'lc_ref_number': '#8AFAC7', 'signed_by_carrier': '#974752', 'place_of_issue': '#4AC768', 'bill_of_lading_issue_date': '#AA69EB', 'signed_by_agent': '#08364E', 'total_original_no': '#CAA735', 'vessel_name': '#B5098F', 'carrier_country': '#713C12', 'gross_quantity': '#FE8480', 'transaction_date': '#7CBC8C', 'consignee_address': '#77C313', 'O': '#43B668', 'shipper_address': '#6F14BF', 'page_no': '#E62FE9', 'goods_description': '#0B3C89', 'freight_collect_or_prepaid': '#92ED9B', 'agent_country': '#BDFA42', 'stamp': '#2BF9FF', 'consignee_name': '#E28829', 'country_of_origin': '#69A6FB', 'port_of_loading': '#17B72B', 'carrier_name': '#007794', 'place_of_receipt': '#86B8E6', 'agent_name': '#789028'}
2024-03-23 02:27:17,142 is result_set is instance of dict? True
2024-03-23 02:27:17,144 is final_result_set is instance of dict? True
2024-03-23 02:27:17,372 Time taken for page 1 of Bill_Of_Landing_562_page_24.png:0:00:03.294377
2024-03-23 02:27:17,530 *****Generated All Pages****** for Bill_Of_Landing_562_page_24.png
2024-03-23 02:27:17,530 RAM memory 66.4 used for Bill_Of_Landing_562_page_24.png Generating All Pages:
2024-03-23 02:27:17,530 Processing time taken for all pages of Bill_Of_Landing_562_page_24.png1:0:00:03.453183
2024-03-23 02:27:17,645 file name is:Bill_Of_Landing_743_page_0.png
2024-03-23 02:27:17,646 folder path :Images
2024-03-23 02:27:17,646 Calling Image result
2024-03-23 02:27:17,646 is all_page_result is instance of dict? True
2024-03-23 02:27:17,646 STREAM b'IHDR' 16 13
2024-03-23 02:27:17,646 STREAM b'IDAT' 41 65536
2024-03-23 02:27:17,721 is words is instance of list? True
2024-03-23 02:27:17,721 is bboxes is instance of list? True
2024-03-23 02:27:17,721 is bounding_boxes is instance of list? True
2024-03-23 02:27:18,401 is input_id_chunks is instance of list? True
2024-03-23 02:27:18,401 is mask_chunks is instance of list? True
2024-03-23 02:27:18,401 is bbox_chunks is instance of list? True
2024-03-23 02:27:18,401 is image_chunks is instance of list? True
2024-03-23 02:27:18,402 is input_dict is instance of dict? True
2024-03-23 02:27:20,827 Model Called
2024-03-23 02:27:20,827 RAM memory 65.7 used for Bill_Of_Landing_743_page_0.png:
2024-03-23 02:27:20,827 is all_predictions is instance of list? True
2024-03-23 02:27:20,827 is all_boxes is instance of list? True
2024-03-23 02:27:20,827 is all_confidences is instance of list? True
2024-03-23 02:27:20,827 is all_text is instance of list? True
2024-03-23 02:27:20,828 is label2id is instance of dict? True
2024-03-23 02:27:20,828 is id2label is instance of dict? True
2024-03-23 02:27:20,828 is label2color is instance of dict? True
2024-03-23 02:27:20,829 label2color : {'signature': '#4FF18D', 'gross_weight': '#75BFA1', 'freight_collect_at': '#42ED77', 'shipper_name': '#82B04F', 'notify_party_address': '#6E76E1', 'bol_original_or_copy': '#AE22E6', 'mode_of_transport': '#4D512F', 'voyage_number': '#5BDDCF', 'measurement': '#973D2A', 'goods_marks_and_nos': '#05399F', 'bol_original_number': '#93CD3E', 'container_number': '#0C59BB', 'dimension': '#3B4003', 'pre_carriage_by': '#F9E26D', 'bill_of_lading_number': '#6E2452', 'notify_party_name': '#7E7D1C', 'port_of_discharge': '#0A7D25', 'final_destination': '#3722C4', 'net_weight': '#F11467', 'signed_by_master': '#D99EF5', 'shipped_onboard_date': '#55CEFE', 'lc_date': '#867EB1', 'lc_ref_number': '#0F298B', 'signed_by_carrier': '#1B56D5', 'place_of_issue': '#45744E', 'bill_of_lading_issue_date': '#0EB357', 'signed_by_agent': '#12B801', 'total_original_no': '#6C90B4', 'vessel_name': '#BD940E', 'carrier_country': '#14B0D9', 'gross_quantity': '#2605A3', 'transaction_date': '#AABF5A', 'consignee_address': '#24BB9A', 'O': '#B98FD7', 'shipper_address': '#9BC78F', 'page_no': '#22ED86', 'goods_description': '#2F7862', 'freight_collect_or_prepaid': '#D78085', 'agent_country': '#AB7E8E', 'stamp': '#AAD6EB', 'consignee_name': '#05C96F', 'country_of_origin': '#C145C4', 'port_of_loading': '#BFB8A6', 'carrier_name': '#ADC675', 'place_of_receipt': '#50ED88', 'agent_name': '#F97253'}
2024-03-23 02:27:21,275 is result_set is instance of dict? True
2024-03-23 02:27:21,277 is final_result_set is instance of dict? True
2024-03-23 02:27:21,568 Time taken for page 1 of Bill_Of_Landing_743_page_0.png:0:00:03.921029
2024-03-23 02:27:21,885 *****Generated All Pages****** for Bill_Of_Landing_743_page_0.png
2024-03-23 02:27:21,886 RAM memory 65.7 used for Bill_Of_Landing_743_page_0.png Generating All Pages:
2024-03-23 02:27:21,886 Processing time taken for all pages of Bill_Of_Landing_743_page_0.png1:0:00:04.240165
2024-03-23 02:27:22,009 file name is:Bill_Of_Landing_424_page_5.png
2024-03-23 02:27:22,009 folder path :Images
2024-03-23 02:27:22,009 Calling Image result
2024-03-23 02:27:22,009 is all_page_result is instance of dict? True
2024-03-23 02:27:22,010 STREAM b'IHDR' 16 13
2024-03-23 02:27:22,010 STREAM b'IDAT' 41 62380
2024-03-23 02:27:22,040 is words is instance of list? True
2024-03-23 02:27:22,041 is bboxes is instance of list? True
2024-03-23 02:27:22,041 is bounding_boxes is instance of list? True
2024-03-23 02:27:22,244 is input_id_chunks is instance of list? True
2024-03-23 02:27:22,244 is mask_chunks is instance of list? True
2024-03-23 02:27:22,244 is bbox_chunks is instance of list? True
2024-03-23 02:27:22,244 is image_chunks is instance of list? True
2024-03-23 02:27:22,245 is input_dict is instance of dict? True
2024-03-23 02:27:24,665 Model Called
2024-03-23 02:27:24,665 RAM memory 64.9 used for Bill_Of_Landing_424_page_5.png:
2024-03-23 02:27:24,666 is all_predictions is instance of list? True
2024-03-23 02:27:24,666 is all_boxes is instance of list? True
2024-03-23 02:27:24,666 is all_confidences is instance of list? True
2024-03-23 02:27:24,666 is all_text is instance of list? True
2024-03-23 02:27:24,666 is label2id is instance of dict? True
2024-03-23 02:27:24,666 is id2label is instance of dict? True
2024-03-23 02:27:24,667 is label2color is instance of dict? True
2024-03-23 02:27:24,667 label2color : {'signature': '#C54F51', 'gross_weight': '#BD683A', 'freight_collect_at': '#26A7F6', 'shipper_name': '#2782C9', 'notify_party_address': '#89EB95', 'bol_original_or_copy': '#A64D6B', 'mode_of_transport': '#6FBB78', 'voyage_number': '#53CEE1', 'measurement': '#C74FB8', 'goods_marks_and_nos': '#7744F0', 'bol_original_number': '#B2B6CA', 'container_number': '#30D2BC', 'dimension': '#F4D785', 'pre_carriage_by': '#5B7964', 'bill_of_lading_number': '#3E3E9E', 'notify_party_name': '#9BBC6A', 'port_of_discharge': '#F9953C', 'final_destination': '#E792F0', 'net_weight': '#2B3E39', 'signed_by_master': '#26EED5', 'shipped_onboard_date': '#DE502E', 'lc_date': '#2EFDEE', 'lc_ref_number': '#BD4DE2', 'signed_by_carrier': '#BDC66D', 'place_of_issue': '#D97F52', 'bill_of_lading_issue_date': '#2FF71A', 'signed_by_agent': '#6A9561', 'total_original_no': '#16D2A9', 'vessel_name': '#A6F43D', 'carrier_country': '#CF4651', 'gross_quantity': '#042FB4', 'transaction_date': '#656817', 'consignee_address': '#554D10', 'O': '#6A2C81', 'shipper_address': '#8DCE31', 'page_no': '#B5732C', 'goods_description': '#CA0788', 'freight_collect_or_prepaid': '#DEA90B', 'agent_country': '#E988DC', 'stamp': '#E4A798', 'consignee_name': '#1C6E71', 'country_of_origin': '#7CAE08', 'port_of_loading': '#9D5D3E', 'carrier_name': '#2FE43C', 'place_of_receipt': '#22649D', 'agent_name': '#B3485A'}
2024-03-23 02:27:24,866 is result_set is instance of dict? True
2024-03-23 02:27:24,868 is final_result_set is instance of dict? True
2024-03-23 02:27:25,099 Time taken for page 1 of Bill_Of_Landing_424_page_5.png:0:00:03.088928
2024-03-23 02:27:25,254 *****Generated All Pages****** for Bill_Of_Landing_424_page_5.png
2024-03-23 02:27:25,254 RAM memory 65.0 used for Bill_Of_Landing_424_page_5.png Generating All Pages:
2024-03-23 02:27:25,254 Processing time taken for all pages of Bill_Of_Landing_424_page_5.png1:0:00:03.245492
2024-03-23 02:27:25,376 file name is:Bill_Of_Landing_418_page_8.png
2024-03-23 02:27:25,376 folder path :Images
2024-03-23 02:27:25,376 Calling Image result
2024-03-23 02:27:25,376 is all_page_result is instance of dict? True
2024-03-23 02:27:25,377 STREAM b'IHDR' 16 13
2024-03-23 02:27:25,377 STREAM b'IDAT' 41 65536
2024-03-23 02:27:25,412 is words is instance of list? True
2024-03-23 02:27:25,412 is bboxes is instance of list? True
2024-03-23 02:27:25,412 is bounding_boxes is instance of list? True
2024-03-23 02:27:25,625 is input_id_chunks is instance of list? True
2024-03-23 02:27:25,625 is mask_chunks is instance of list? True
2024-03-23 02:27:25,625 is bbox_chunks is instance of list? True
2024-03-23 02:27:25,625 is image_chunks is instance of list? True
2024-03-23 02:27:25,626 is input_dict is instance of dict? True
2024-03-23 02:27:28,132 Model Called
2024-03-23 02:27:28,132 RAM memory 64.6 used for Bill_Of_Landing_418_page_8.png:
2024-03-23 02:27:28,132 is all_predictions is instance of list? True
2024-03-23 02:27:28,132 is all_boxes is instance of list? True
2024-03-23 02:27:28,132 is all_confidences is instance of list? True
2024-03-23 02:27:28,133 is all_text is instance of list? True
2024-03-23 02:27:28,133 is label2id is instance of dict? True
2024-03-23 02:27:28,133 is id2label is instance of dict? True
2024-03-23 02:27:28,134 is label2color is instance of dict? True
2024-03-23 02:27:28,134 label2color : {'signature': '#1B0DB7', 'gross_weight': '#CAD3C2', 'freight_collect_at': '#D3960C', 'shipper_name': '#5C9AB6', 'notify_party_address': '#8BD689', 'bol_original_or_copy': '#38C7C5', 'mode_of_transport': '#887AA1', 'voyage_number': '#F3F868', 'measurement': '#42D4CB', 'goods_marks_and_nos': '#5D1253', 'bol_original_number': '#E3532D', 'container_number': '#0CA278', 'dimension': '#4C31B4', 'pre_carriage_by': '#CFD442', 'bill_of_lading_number': '#F2A190', 'notify_party_name': '#C666E3', 'port_of_discharge': '#CDBD76', 'final_destination': '#AE1D65', 'net_weight': '#032A69', 'signed_by_master': '#D52EB9', 'shipped_onboard_date': '#F95647', 'lc_date': '#F6F7D1', 'lc_ref_number': '#ED0982', 'signed_by_carrier': '#D36631', 'place_of_issue': '#8CD906', 'bill_of_lading_issue_date': '#7F8EF4', 'signed_by_agent': '#E02295', 'total_original_no': '#416981', 'vessel_name': '#42E93A', 'carrier_country': '#FA3871', 'gross_quantity': '#D40EC0', 'transaction_date': '#248C9F', 'consignee_address': '#3982BA', 'O': '#09BE52', 'shipper_address': '#F890E7', 'page_no': '#A1ECC9', 'goods_description': '#7C5CFD', 'freight_collect_or_prepaid': '#19D13F', 'agent_country': '#D9E2D8', 'stamp': '#59717B', 'consignee_name': '#CCD48D', 'country_of_origin': '#A650AD', 'port_of_loading': '#C7965D', 'carrier_name': '#BFE282', 'place_of_receipt': '#96FFA0', 'agent_name': '#8FB699'}
2024-03-23 02:27:28,383 is result_set is instance of dict? True
2024-03-23 02:27:28,385 is final_result_set is instance of dict? True
2024-03-23 02:27:28,717 Time taken for page 1 of Bill_Of_Landing_418_page_8.png:0:00:03.340103
2024-03-23 02:27:28,906 *****Generated All Pages****** for Bill_Of_Landing_418_page_8.png
2024-03-23 02:27:28,906 RAM memory 64.7 used for Bill_Of_Landing_418_page_8.png Generating All Pages:
2024-03-23 02:27:28,906 Processing time taken for all pages of Bill_Of_Landing_418_page_8.png1:0:00:03.530137
2024-03-23 02:27:29,030 file name is:Bill_Of_Landing_637_page_0.png
2024-03-23 02:27:29,030 folder path :Images
2024-03-23 02:27:29,030 Calling Image result
2024-03-23 02:27:29,030 is all_page_result is instance of dict? True
2024-03-23 02:27:29,030 STREAM b'IHDR' 16 13
2024-03-23 02:27:29,030 STREAM b'IDAT' 41 65536
2024-03-23 02:27:29,065 is words is instance of list? True
2024-03-23 02:27:29,066 is bboxes is instance of list? True
2024-03-23 02:27:29,066 is bounding_boxes is instance of list? True
2024-03-23 02:27:29,282 is input_id_chunks is instance of list? True
2024-03-23 02:27:29,282 is mask_chunks is instance of list? True
2024-03-23 02:27:29,282 is bbox_chunks is instance of list? True
2024-03-23 02:27:29,282 is image_chunks is instance of list? True
2024-03-23 02:27:29,283 is input_dict is instance of dict? True
2024-03-23 02:27:32,962 Model Called
2024-03-23 02:27:32,963 RAM memory 70.4 used for Bill_Of_Landing_637_page_0.png:
2024-03-23 02:27:32,963 is all_predictions is instance of list? True
2024-03-23 02:27:32,963 is all_boxes is instance of list? True
2024-03-23 02:27:32,963 is all_confidences is instance of list? True
2024-03-23 02:27:32,963 is all_text is instance of list? True
2024-03-23 02:27:32,963 is label2id is instance of dict? True
2024-03-23 02:27:32,963 is id2label is instance of dict? True
2024-03-23 02:27:32,964 is label2color is instance of dict? True
2024-03-23 02:27:32,964 label2color : {'signature': '#D3D08F', 'gross_weight': '#F25D69', 'freight_collect_at': '#96EB77', 'shipper_name': '#3AAF43', 'notify_party_address': '#A4B207', 'bol_original_or_copy': '#661BEC', 'mode_of_transport': '#C7D3C4', 'voyage_number': '#DAEB3B', 'measurement': '#A6E339', 'goods_marks_and_nos': '#062B34', 'bol_original_number': '#2B2E61', 'container_number': '#086C79', 'dimension': '#BCA996', 'pre_carriage_by': '#0456E4', 'bill_of_lading_number': '#139B8F', 'notify_party_name': '#7FF9F2', 'port_of_discharge': '#D46EF9', 'final_destination': '#2150EC', 'net_weight': '#D5D33C', 'signed_by_master': '#C0393F', 'shipped_onboard_date': '#25F828', 'lc_date': '#96F568', 'lc_ref_number': '#98F0DC', 'signed_by_carrier': '#B36E3D', 'place_of_issue': '#2FA97F', 'bill_of_lading_issue_date': '#2A946E', 'signed_by_agent': '#EF68F4', 'total_original_no': '#235AC3', 'vessel_name': '#5BB976', 'carrier_country': '#3E9529', 'gross_quantity': '#1E7B92', 'transaction_date': '#42ED2D', 'consignee_address': '#D6A661', 'O': '#BAF3D2', 'shipper_address': '#A90347', 'page_no': '#76CE0E', 'goods_description': '#D391C6', 'freight_collect_or_prepaid': '#B1E8E5', 'agent_country': '#790A96', 'stamp': '#60757A', 'consignee_name': '#32A083', 'country_of_origin': '#17A61E', 'port_of_loading': '#869F3F', 'carrier_name': '#0F8325', 'place_of_receipt': '#627D16', 'agent_name': '#B1F498'}
2024-03-23 02:27:33,218 is result_set is instance of dict? True
2024-03-23 02:27:33,220 is final_result_set is instance of dict? True
2024-03-23 02:27:33,490 Time taken for page 1 of Bill_Of_Landing_637_page_0.png:0:00:04.459901
2024-03-23 02:27:33,643 *****Generated All Pages****** for Bill_Of_Landing_637_page_0.png
2024-03-23 02:27:33,643 RAM memory 70.7 used for Bill_Of_Landing_637_page_0.png Generating All Pages:
2024-03-23 02:27:33,643 Processing time taken for all pages of Bill_Of_Landing_637_page_0.png1:0:00:04.613236
2024-03-23 02:27:33,787 file name is:Bill_Of_Landing_328_page_0.png
2024-03-23 02:27:33,787 folder path :Images
2024-03-23 02:27:33,787 Calling Image result
2024-03-23 02:27:33,787 is all_page_result is instance of dict? True
2024-03-23 02:27:33,798 STREAM b'IHDR' 16 13
2024-03-23 02:27:33,798 STREAM b'IDAT' 41 65536
2024-03-23 02:27:33,834 is words is instance of list? True
2024-03-23 02:27:33,834 is bboxes is instance of list? True
2024-03-23 02:27:33,834 is bounding_boxes is instance of list? True
2024-03-23 02:27:34,050 is input_id_chunks is instance of list? True
2024-03-23 02:27:34,050 is mask_chunks is instance of list? True
2024-03-23 02:27:34,050 is bbox_chunks is instance of list? True
2024-03-23 02:27:34,050 is image_chunks is instance of list? True
2024-03-23 02:27:34,051 is input_dict is instance of dict? True
2024-03-23 02:27:36,572 Model Called
2024-03-23 02:27:36,572 RAM memory 64.8 used for Bill_Of_Landing_328_page_0.png:
2024-03-23 02:27:36,572 is all_predictions is instance of list? True
2024-03-23 02:27:36,572 is all_boxes is instance of list? True
2024-03-23 02:27:36,572 is all_confidences is instance of list? True
2024-03-23 02:27:36,572 is all_text is instance of list? True
2024-03-23 02:27:36,573 is label2id is instance of dict? True
2024-03-23 02:27:36,573 is id2label is instance of dict? True
2024-03-23 02:27:36,574 is label2color is instance of dict? True
2024-03-23 02:27:36,574 label2color : {'signature': '#23CCCF', 'gross_weight': '#68CCE0', 'freight_collect_at': '#4F13A1', 'shipper_name': '#B319A9', 'notify_party_address': '#B79B94', 'bol_original_or_copy': '#CA28E8', 'mode_of_transport': '#DF7C7A', 'voyage_number': '#24305F', 'measurement': '#72D590', 'goods_marks_and_nos': '#8B0277', 'bol_original_number': '#5F11CC', 'container_number': '#BE3AB8', 'dimension': '#AC9393', 'pre_carriage_by': '#E18691', 'bill_of_lading_number': '#DAC70F', 'notify_party_name': '#8380BD', 'port_of_discharge': '#E5C984', 'final_destination': '#E3F5AA', 'net_weight': '#CD2F12', 'signed_by_master': '#B2096F', 'shipped_onboard_date': '#B1F1B9', 'lc_date': '#22E543', 'lc_ref_number': '#F6D619', 'signed_by_carrier': '#197ABD', 'place_of_issue': '#57F4A2', 'bill_of_lading_issue_date': '#85A5ED', 'signed_by_agent': '#B58A5F', 'total_original_no': '#9AEAAB', 'vessel_name': '#2E5252', 'carrier_country': '#198FFC', 'gross_quantity': '#8FE7D3', 'transaction_date': '#7BD189', 'consignee_address': '#E25880', 'O': '#BA8C50', 'shipper_address': '#D6953A', 'page_no': '#7976FA', 'goods_description': '#2A95BF', 'freight_collect_or_prepaid': '#BB9201', 'agent_country': '#BF71FD', 'stamp': '#9FC391', 'consignee_name': '#64BE37', 'country_of_origin': '#90BAFA', 'port_of_loading': '#7B5267', 'carrier_name': '#653A8C', 'place_of_receipt': '#B0B528', 'agent_name': '#50497C'}
2024-03-23 02:27:36,774 is result_set is instance of dict? True
2024-03-23 02:27:36,776 is final_result_set is instance of dict? True
2024-03-23 02:27:36,993 Time taken for page 1 of Bill_Of_Landing_328_page_0.png:0:00:03.194705
2024-03-23 02:27:37,160 *****Generated All Pages****** for Bill_Of_Landing_328_page_0.png
2024-03-23 02:27:37,161 RAM memory 65.0 used for Bill_Of_Landing_328_page_0.png Generating All Pages:
2024-03-23 02:27:37,161 Processing time taken for all pages of Bill_Of_Landing_328_page_0.png1:0:00:03.373763
2024-03-23 02:27:37,274 file name is:Bill_Of_Landing_270_page_0.png
2024-03-23 02:27:37,274 folder path :Images
2024-03-23 02:27:37,274 Calling Image result
2024-03-23 02:27:37,274 is all_page_result is instance of dict? True
2024-03-23 02:27:37,286 STREAM b'IHDR' 16 13
2024-03-23 02:27:37,286 STREAM b'IDAT' 41 65536
2024-03-23 02:27:37,321 is words is instance of list? True
2024-03-23 02:27:37,321 is bboxes is instance of list? True
2024-03-23 02:27:37,321 is bounding_boxes is instance of list? True
2024-03-23 02:27:37,551 is input_id_chunks is instance of list? True
2024-03-23 02:27:37,551 is mask_chunks is instance of list? True
2024-03-23 02:27:37,551 is bbox_chunks is instance of list? True
2024-03-23 02:27:37,551 is image_chunks is instance of list? True
2024-03-23 02:27:37,552 is input_dict is instance of dict? True
2024-03-23 02:27:39,921 Model Called
2024-03-23 02:27:39,921 RAM memory 65.1 used for Bill_Of_Landing_270_page_0.png:
2024-03-23 02:27:39,921 is all_predictions is instance of list? True
2024-03-23 02:27:39,921 is all_boxes is instance of list? True
2024-03-23 02:27:39,921 is all_confidences is instance of list? True
2024-03-23 02:27:39,921 is all_text is instance of list? True
2024-03-23 02:27:39,922 is label2id is instance of dict? True
2024-03-23 02:27:39,922 is id2label is instance of dict? True
2024-03-23 02:27:39,923 is label2color is instance of dict? True
2024-03-23 02:27:39,923 label2color : {'signature': '#FC4A35', 'gross_weight': '#8F11EE', 'freight_collect_at': '#60B213', 'shipper_name': '#0CD8AE', 'notify_party_address': '#E971F8', 'bol_original_or_copy': '#C5C897', 'mode_of_transport': '#D7ADDF', 'voyage_number': '#0F4C7C', 'measurement': '#DB1523', 'goods_marks_and_nos': '#E64688', 'bol_original_number': '#E44FC1', 'container_number': '#2A3136', 'dimension': '#64B752', 'pre_carriage_by': '#D2D7B9', 'bill_of_lading_number': '#19B999', 'notify_party_name': '#6D4D1D', 'port_of_discharge': '#52B37A', 'final_destination': '#961697', 'net_weight': '#424677', 'signed_by_master': '#059E61', 'shipped_onboard_date': '#FCA395', 'lc_date': '#72FA44', 'lc_ref_number': '#A06FA9', 'signed_by_carrier': '#5784FE', 'place_of_issue': '#6AFAE8', 'bill_of_lading_issue_date': '#269D43', 'signed_by_agent': '#6294D5', 'total_original_no': '#015EA9', 'vessel_name': '#5F5898', 'carrier_country': '#4CF035', 'gross_quantity': '#808335', 'transaction_date': '#4DCFCD', 'consignee_address': '#7ED4A3', 'O': '#B2DF97', 'shipper_address': '#BB6F41', 'page_no': '#0CBBA3', 'goods_description': '#DE2C9A', 'freight_collect_or_prepaid': '#1BFB4C', 'agent_country': '#A2C91B', 'stamp': '#E1601F', 'consignee_name': '#A0804D', 'country_of_origin': '#1B88D8', 'port_of_loading': '#F5528B', 'carrier_name': '#16038F', 'place_of_receipt': '#DAEC18', 'agent_name': '#9C4632'}
2024-03-23 02:27:40,136 is result_set is instance of dict? True
2024-03-23 02:27:40,138 is final_result_set is instance of dict? True
2024-03-23 02:27:40,435 Time taken for page 1 of Bill_Of_Landing_270_page_0.png:0:00:03.149187
2024-03-23 02:27:40,596 *****Generated All Pages****** for Bill_Of_Landing_270_page_0.png
2024-03-23 02:27:40,597 RAM memory 65.0 used for Bill_Of_Landing_270_page_0.png Generating All Pages:
2024-03-23 02:27:40,597 Processing time taken for all pages of Bill_Of_Landing_270_page_0.png1:0:00:03.322327
2024-03-23 02:27:40,711 file name is:Bill_Of_Landing_648_page_1.png
2024-03-23 02:27:40,711 folder path :Images
2024-03-23 02:27:40,711 Calling Image result
2024-03-23 02:27:40,711 is all_page_result is instance of dict? True
2024-03-23 02:27:40,712 STREAM b'IHDR' 16 13
2024-03-23 02:27:40,712 STREAM b'sRGB' 41 1
2024-03-23 02:27:40,712 STREAM b'gAMA' 54 4
2024-03-23 02:27:40,712 STREAM b'pHYs' 70 9
2024-03-23 02:27:40,712 STREAM b'IDAT' 91 34243
2024-03-23 02:27:40,730 is words is instance of list? True
2024-03-23 02:27:40,730 is bboxes is instance of list? True
2024-03-23 02:27:40,730 is bounding_boxes is instance of list? True
2024-03-23 02:27:40,861 is input_id_chunks is instance of list? True
2024-03-23 02:27:40,861 is mask_chunks is instance of list? True
2024-03-23 02:27:40,861 is bbox_chunks is instance of list? True
2024-03-23 02:27:40,861 is image_chunks is instance of list? True
2024-03-23 02:27:40,862 is input_dict is instance of dict? True
2024-03-23 02:27:42,346 Model Called
2024-03-23 02:27:42,346 RAM memory 65.1 used for Bill_Of_Landing_648_page_1.png:
2024-03-23 02:27:42,346 is all_predictions is instance of list? True
2024-03-23 02:27:42,347 is all_boxes is instance of list? True
2024-03-23 02:27:42,347 is all_confidences is instance of list? True
2024-03-23 02:27:42,347 is all_text is instance of list? True
2024-03-23 02:27:42,347 is label2id is instance of dict? True
2024-03-23 02:27:42,347 is id2label is instance of dict? True
2024-03-23 02:27:42,348 is label2color is instance of dict? True
2024-03-23 02:27:42,348 label2color : {'signature': '#AADD9F', 'gross_weight': '#E03BA1', 'freight_collect_at': '#6AFCCE', 'shipper_name': '#1DD7EE', 'notify_party_address': '#4AE03A', 'bol_original_or_copy': '#3422FC', 'mode_of_transport': '#DC8816', 'voyage_number': '#ED1DBB', 'measurement': '#D6FEE1', 'goods_marks_and_nos': '#36EC37', 'bol_original_number': '#02C385', 'container_number': '#67945B', 'dimension': '#EFF474', 'pre_carriage_by': '#BA418F', 'bill_of_lading_number': '#0AFE99', 'notify_party_name': '#BAF179', 'port_of_discharge': '#2B5857', 'final_destination': '#9092F7', 'net_weight': '#9EF20E', 'signed_by_master': '#726A10', 'shipped_onboard_date': '#182AB3', 'lc_date': '#A61BCB', 'lc_ref_number': '#81A503', 'signed_by_carrier': '#179063', 'place_of_issue': '#9AA8AD', 'bill_of_lading_issue_date': '#02CAAA', 'signed_by_agent': '#666810', 'total_original_no': '#54DAB9', 'vessel_name': '#1EBC38', 'carrier_country': '#E70056', 'gross_quantity': '#770C4A', 'transaction_date': '#442F8F', 'consignee_address': '#5B76B3', 'O': '#DA3C59', 'shipper_address': '#588489', 'page_no': '#38F653', 'goods_description': '#D6198D', 'freight_collect_or_prepaid': '#676F9C', 'agent_country': '#329B79', 'stamp': '#980544', 'consignee_name': '#8D42FE', 'country_of_origin': '#21E482', 'port_of_loading': '#936438', 'carrier_name': '#3A894C', 'place_of_receipt': '#EC9D7D', 'agent_name': '#0CC8B2'}
2024-03-23 02:27:42,421 is result_set is instance of dict? True
2024-03-23 02:27:42,422 is final_result_set is instance of dict? True
2024-03-23 02:27:42,623 Time taken for page 1 of Bill_Of_Landing_648_page_1.png:0:00:01.911034
2024-03-23 02:27:42,719 *****Generated All Pages****** for Bill_Of_Landing_648_page_1.png
2024-03-23 02:27:42,720 RAM memory 65.1 used for Bill_Of_Landing_648_page_1.png Generating All Pages:
2024-03-23 02:27:42,720 Processing time taken for all pages of Bill_Of_Landing_648_page_1.png1:0:00:02.008475
2024-03-23 02:27:42,843 file name is:Bill_Of_Landing_310_page_0.png
2024-03-23 02:27:42,843 folder path :Images
2024-03-23 02:27:42,844 Calling Image result
2024-03-23 02:27:42,844 is all_page_result is instance of dict? True
2024-03-23 02:27:42,854 STREAM b'IHDR' 16 13
2024-03-23 02:27:42,854 STREAM b'IDAT' 41 65536
2024-03-23 02:27:42,898 is words is instance of list? True
2024-03-23 02:27:42,898 is bboxes is instance of list? True
2024-03-23 02:27:42,898 is bounding_boxes is instance of list? True
2024-03-23 02:27:43,125 is input_id_chunks is instance of list? True
2024-03-23 02:27:43,126 is mask_chunks is instance of list? True
2024-03-23 02:27:43,126 is bbox_chunks is instance of list? True
2024-03-23 02:27:43,126 is image_chunks is instance of list? True
2024-03-23 02:27:43,126 is input_dict is instance of dict? True
2024-03-23 02:27:45,561 Model Called
2024-03-23 02:27:45,561 RAM memory 65.3 used for Bill_Of_Landing_310_page_0.png:
2024-03-23 02:27:45,561 is all_predictions is instance of list? True
2024-03-23 02:27:45,561 is all_boxes is instance of list? True
2024-03-23 02:27:45,562 is all_confidences is instance of list? True
2024-03-23 02:27:45,562 is all_text is instance of list? True
2024-03-23 02:27:45,562 is label2id is instance of dict? True
2024-03-23 02:27:45,562 is id2label is instance of dict? True
2024-03-23 02:27:45,563 is label2color is instance of dict? True
2024-03-23 02:27:45,563 label2color : {'signature': '#D43517', 'gross_weight': '#B00751', 'freight_collect_at': '#4F6016', 'shipper_name': '#8124C8', 'notify_party_address': '#08942D', 'bol_original_or_copy': '#4CF49B', 'mode_of_transport': '#5D0C46', 'voyage_number': '#6B3F2D', 'measurement': '#866302', 'goods_marks_and_nos': '#F4D46C', 'bol_original_number': '#6B4F45', 'container_number': '#E79440', 'dimension': '#775AA1', 'pre_carriage_by': '#E2A362', 'bill_of_lading_number': '#FA3603', 'notify_party_name': '#8CA970', 'port_of_discharge': '#99B50B', 'final_destination': '#DAF389', 'net_weight': '#136A3E', 'signed_by_master': '#14F50B', 'shipped_onboard_date': '#89D70C', 'lc_date': '#064B82', 'lc_ref_number': '#A57FB2', 'signed_by_carrier': '#0A0B8D', 'place_of_issue': '#559E99', 'bill_of_lading_issue_date': '#BC6A86', 'signed_by_agent': '#AAF5DA', 'total_original_no': '#AB5338', 'vessel_name': '#BE6DDA', 'carrier_country': '#4B2647', 'gross_quantity': '#1B6158', 'transaction_date': '#FECEC1', 'consignee_address': '#84C09F', 'O': '#A1676B', 'shipper_address': '#F289C0', 'page_no': '#806711', 'goods_description': '#19FC84', 'freight_collect_or_prepaid': '#3A38A4', 'agent_country': '#05D15E', 'stamp': '#C6A0F6', 'consignee_name': '#443DDB', 'country_of_origin': '#3CA734', 'port_of_loading': '#142D63', 'carrier_name': '#E4BF92', 'place_of_receipt': '#F2C9E4', 'agent_name': '#58701B'}
2024-03-23 02:27:45,759 is result_set is instance of dict? True
2024-03-23 02:27:45,760 is final_result_set is instance of dict? True
2024-03-23 02:27:45,959 Time taken for page 1 of Bill_Of_Landing_310_page_0.png:0:00:03.103907
2024-03-23 02:27:46,142 *****Generated All Pages****** for Bill_Of_Landing_310_page_0.png
2024-03-23 02:27:46,142 RAM memory 65.2 used for Bill_Of_Landing_310_page_0.png Generating All Pages:
2024-03-23 02:27:46,143 Processing time taken for all pages of Bill_Of_Landing_310_page_0.png1:0:00:03.298278
2024-03-23 02:27:46,292 file name is:Bill_Of_Landing_270_page_2.png
2024-03-23 02:27:46,292 folder path :Images
2024-03-23 02:27:46,292 Calling Image result
2024-03-23 02:27:46,292 is all_page_result is instance of dict? True
2024-03-23 02:27:46,303 STREAM b'IHDR' 16 13
2024-03-23 02:27:46,303 STREAM b'IDAT' 41 65536
2024-03-23 02:27:46,342 is words is instance of list? True
2024-03-23 02:27:46,342 is bboxes is instance of list? True
2024-03-23 02:27:46,342 is bounding_boxes is instance of list? True
2024-03-23 02:27:46,602 is input_id_chunks is instance of list? True
2024-03-23 02:27:46,603 is mask_chunks is instance of list? True
2024-03-23 02:27:46,603 is bbox_chunks is instance of list? True
2024-03-23 02:27:46,603 is image_chunks is instance of list? True
2024-03-23 02:27:46,603 is input_dict is instance of dict? True
2024-03-23 02:27:49,304 Model Called
2024-03-23 02:27:49,305 RAM memory 65.3 used for Bill_Of_Landing_270_page_2.png:
2024-03-23 02:27:49,305 is all_predictions is instance of list? True
2024-03-23 02:27:49,305 is all_boxes is instance of list? True
2024-03-23 02:27:49,305 is all_confidences is instance of list? True
2024-03-23 02:27:49,305 is all_text is instance of list? True
2024-03-23 02:27:49,305 is label2id is instance of dict? True
2024-03-23 02:27:49,305 is id2label is instance of dict? True
2024-03-23 02:27:49,307 is label2color is instance of dict? True
2024-03-23 02:27:49,307 label2color : {'signature': '#C8995C', 'gross_weight': '#6099D2', 'freight_collect_at': '#5868BC', 'shipper_name': '#810B3E', 'notify_party_address': '#1D5652', 'bol_original_or_copy': '#A224A4', 'mode_of_transport': '#544597', 'voyage_number': '#20F367', 'measurement': '#493DC1', 'goods_marks_and_nos': '#4D8936', 'bol_original_number': '#8D0386', 'container_number': '#3AFB8D', 'dimension': '#03DB60', 'pre_carriage_by': '#E26EA2', 'bill_of_lading_number': '#43C54A', 'notify_party_name': '#437B91', 'port_of_discharge': '#851230', 'final_destination': '#12C1AC', 'net_weight': '#92D8DD', 'signed_by_master': '#7A07C8', 'shipped_onboard_date': '#E0A28E', 'lc_date': '#24A162', 'lc_ref_number': '#94EA9A', 'signed_by_carrier': '#DFDB86', 'place_of_issue': '#56AFDD', 'bill_of_lading_issue_date': '#46618D', 'signed_by_agent': '#544355', 'total_original_no': '#9F69A0', 'vessel_name': '#B783B2', 'carrier_country': '#DBA75E', 'gross_quantity': '#04D796', 'transaction_date': '#574309', 'consignee_address': '#A1CA84', 'O': '#29F188', 'shipper_address': '#B663F7', 'page_no': '#60A3B1', 'goods_description': '#41963C', 'freight_collect_or_prepaid': '#2306BF', 'agent_country': '#80EA14', 'stamp': '#3F4A88', 'consignee_name': '#191139', 'country_of_origin': '#7B80C0', 'port_of_loading': '#AB7388', 'carrier_name': '#E75C2A', 'place_of_receipt': '#34C4E4', 'agent_name': '#59661E'}
2024-03-23 02:27:49,571 is result_set is instance of dict? True
2024-03-23 02:27:49,572 is final_result_set is instance of dict? True
2024-03-23 02:27:49,821 Time taken for page 1 of Bill_Of_Landing_270_page_2.png:0:00:03.517629
2024-03-23 02:27:49,978 *****Generated All Pages****** for Bill_Of_Landing_270_page_2.png
2024-03-23 02:27:49,978 RAM memory 65.4 used for Bill_Of_Landing_270_page_2.png Generating All Pages:
2024-03-23 02:27:49,979 Processing time taken for all pages of Bill_Of_Landing_270_page_2.png1:0:00:03.686186
2024-03-23 02:27:50,101 file name is:Bill_Of_Landing_486_page_0.png
2024-03-23 02:27:50,101 folder path :Images
2024-03-23 02:27:50,101 Calling Image result
2024-03-23 02:27:50,101 is all_page_result is instance of dict? True
2024-03-23 02:27:50,101 STREAM b'IHDR' 16 13
2024-03-23 02:27:50,101 STREAM b'IDAT' 41 65536
2024-03-23 02:27:50,134 is words is instance of list? True
2024-03-23 02:27:50,134 is bboxes is instance of list? True
2024-03-23 02:27:50,134 is bounding_boxes is instance of list? True
2024-03-23 02:27:50,385 is input_id_chunks is instance of list? True
2024-03-23 02:27:50,385 is mask_chunks is instance of list? True
2024-03-23 02:27:50,385 is bbox_chunks is instance of list? True
2024-03-23 02:27:50,385 is image_chunks is instance of list? True
2024-03-23 02:27:50,386 is input_dict is instance of dict? True
2024-03-23 02:27:52,847 Model Called
2024-03-23 02:27:52,847 RAM memory 65.0 used for Bill_Of_Landing_486_page_0.png:
2024-03-23 02:27:52,847 is all_predictions is instance of list? True
2024-03-23 02:27:52,847 is all_boxes is instance of list? True
2024-03-23 02:27:52,847 is all_confidences is instance of list? True
2024-03-23 02:27:52,847 is all_text is instance of list? True
2024-03-23 02:27:52,847 is label2id is instance of dict? True
2024-03-23 02:27:52,848 is id2label is instance of dict? True
2024-03-23 02:27:52,848 is label2color is instance of dict? True
2024-03-23 02:27:52,848 label2color : {'signature': '#A611AF', 'gross_weight': '#52C3E3', 'freight_collect_at': '#41CFDF', 'shipper_name': '#76D804', 'notify_party_address': '#782A82', 'bol_original_or_copy': '#D56794', 'mode_of_transport': '#4A9863', 'voyage_number': '#C20E3A', 'measurement': '#1A3D97', 'goods_marks_and_nos': '#4EBCC6', 'bol_original_number': '#C86DC8', 'container_number': '#211AE9', 'dimension': '#77C6F8', 'pre_carriage_by': '#AE7BED', 'bill_of_lading_number': '#573445', 'notify_party_name': '#C7420A', 'port_of_discharge': '#5FD92B', 'final_destination': '#19738D', 'net_weight': '#B96E88', 'signed_by_master': '#BB4EBD', 'shipped_onboard_date': '#7CE96D', 'lc_date': '#82C97D', 'lc_ref_number': '#814B0D', 'signed_by_carrier': '#E8FC26', 'place_of_issue': '#1CA420', 'bill_of_lading_issue_date': '#B75FED', 'signed_by_agent': '#7C53C2', 'total_original_no': '#916B2A', 'vessel_name': '#89D5A5', 'carrier_country': '#C09175', 'gross_quantity': '#16FD7C', 'transaction_date': '#A743C4', 'consignee_address': '#E74EE9', 'O': '#618AE7', 'shipper_address': '#30709B', 'page_no': '#E9D4B8', 'goods_description': '#0F212D', 'freight_collect_or_prepaid': '#8FB00B', 'agent_country': '#52CC0F', 'stamp': '#A4CF7E', 'consignee_name': '#63473C', 'country_of_origin': '#AACBFE', 'port_of_loading': '#733ADA', 'carrier_name': '#36C4BD', 'place_of_receipt': '#299AD6', 'agent_name': '#0EB02E'}
2024-03-23 02:27:53,037 is result_set is instance of dict? True
2024-03-23 02:27:53,039 is final_result_set is instance of dict? True
2024-03-23 02:27:53,363 Time taken for page 1 of Bill_Of_Landing_486_page_0.png:0:00:03.261559
2024-03-23 02:27:53,525 *****Generated All Pages****** for Bill_Of_Landing_486_page_0.png
2024-03-23 02:27:53,525 RAM memory 65.1 used for Bill_Of_Landing_486_page_0.png Generating All Pages:
2024-03-23 02:27:53,525 Processing time taken for all pages of Bill_Of_Landing_486_page_0.png1:0:00:03.424575
2024-03-23 02:27:53,642 file name is:Bill_Of_Landing_562_page_9.png
2024-03-23 02:27:53,642 folder path :Images
2024-03-23 02:27:53,642 Calling Image result
2024-03-23 02:27:53,642 is all_page_result is instance of dict? True
2024-03-23 02:27:53,653 STREAM b'IHDR' 16 13
2024-03-23 02:27:53,653 STREAM b'IDAT' 41 62466
2024-03-23 02:27:53,690 is words is instance of list? True
2024-03-23 02:27:53,690 is bboxes is instance of list? True
2024-03-23 02:27:53,690 is bounding_boxes is instance of list? True
2024-03-23 02:27:53,895 is input_id_chunks is instance of list? True
2024-03-23 02:27:53,895 is mask_chunks is instance of list? True
2024-03-23 02:27:53,895 is bbox_chunks is instance of list? True
2024-03-23 02:27:53,895 is image_chunks is instance of list? True
2024-03-23 02:27:53,896 is input_dict is instance of dict? True
2024-03-23 02:27:56,199 Model Called
2024-03-23 02:27:56,199 RAM memory 65.0 used for Bill_Of_Landing_562_page_9.png:
2024-03-23 02:27:56,199 is all_predictions is instance of list? True
2024-03-23 02:27:56,199 is all_boxes is instance of list? True
2024-03-23 02:27:56,199 is all_confidences is instance of list? True
2024-03-23 02:27:56,199 is all_text is instance of list? True
2024-03-23 02:27:56,200 is label2id is instance of dict? True
2024-03-23 02:27:56,200 is id2label is instance of dict? True
2024-03-23 02:27:56,200 is label2color is instance of dict? True
2024-03-23 02:27:56,200 label2color : {'signature': '#C04809', 'gross_weight': '#D536F6', 'freight_collect_at': '#B28965', 'shipper_name': '#34E0BA', 'notify_party_address': '#E8F1AA', 'bol_original_or_copy': '#3CA68C', 'mode_of_transport': '#7E4E81', 'voyage_number': '#6F02B8', 'measurement': '#438A04', 'goods_marks_and_nos': '#0BB8AE', 'bol_original_number': '#3A0DD8', 'container_number': '#1CF587', 'dimension': '#103801', 'pre_carriage_by': '#E767F0', 'bill_of_lading_number': '#9CB108', 'notify_party_name': '#7B9B3F', 'port_of_discharge': '#C0A433', 'final_destination': '#F98F82', 'net_weight': '#BA466D', 'signed_by_master': '#FE42D4', 'shipped_onboard_date': '#690D98', 'lc_date': '#13E7C3', 'lc_ref_number': '#383F34', 'signed_by_carrier': '#BEC310', 'place_of_issue': '#18A221', 'bill_of_lading_issue_date': '#919C74', 'signed_by_agent': '#1AEE42', 'total_original_no': '#2C7248', 'vessel_name': '#8BF45D', 'carrier_country': '#796D4A', 'gross_quantity': '#EA8241', 'transaction_date': '#532AF7', 'consignee_address': '#63642B', 'O': '#2D3EC6', 'shipper_address': '#97FD93', 'page_no': '#D38567', 'goods_description': '#E562DF', 'freight_collect_or_prepaid': '#6B4D1D', 'agent_country': '#A4F4C5', 'stamp': '#62F60A', 'consignee_name': '#5ABD2D', 'country_of_origin': '#AC7A05', 'port_of_loading': '#E93059', 'carrier_name': '#BBB330', 'place_of_receipt': '#616472', 'agent_name': '#E4CD98'}
2024-03-23 02:27:56,440 is result_set is instance of dict? True
2024-03-23 02:27:56,442 is final_result_set is instance of dict? True
2024-03-23 02:27:56,708 Time taken for page 1 of Bill_Of_Landing_562_page_9.png:0:00:03.054151
2024-03-23 02:27:56,859 *****Generated All Pages****** for Bill_Of_Landing_562_page_9.png
2024-03-23 02:27:56,860 RAM memory 65.0 used for Bill_Of_Landing_562_page_9.png Generating All Pages:
2024-03-23 02:27:56,860 Processing time taken for all pages of Bill_Of_Landing_562_page_9.png1:0:00:03.217396
2024-03-23 02:27:56,973 file name is:Packing_List_780_page_1.png
2024-03-23 02:27:56,974 folder path :Images
2024-03-23 02:27:56,974 Calling Image result
2024-03-23 02:27:56,974 is all_page_result is instance of dict? True
2024-03-23 02:27:56,974 STREAM b'IHDR' 16 13
2024-03-23 02:27:56,975 STREAM b'IDAT' 41 65536
2024-03-23 02:27:57,015 is words is instance of list? True
2024-03-23 02:27:57,015 is bboxes is instance of list? True
2024-03-23 02:27:57,015 is bounding_boxes is instance of list? True
2024-03-23 02:27:57,221 is input_id_chunks is instance of list? True
2024-03-23 02:27:57,221 is mask_chunks is instance of list? True
2024-03-23 02:27:57,221 is bbox_chunks is instance of list? True
2024-03-23 02:27:57,221 is image_chunks is instance of list? True
2024-03-23 02:27:57,223 is input_dict is instance of dict? True
2024-03-23 02:28:02,296 Model Called
2024-03-23 02:28:02,296 RAM memory 78.6 used for Packing_List_780_page_1.png:
2024-03-23 02:28:02,296 is all_predictions is instance of list? True
2024-03-23 02:28:02,297 is all_boxes is instance of list? True
2024-03-23 02:28:02,297 is all_confidences is instance of list? True
2024-03-23 02:28:02,297 is all_text is instance of list? True
2024-03-23 02:28:02,297 is label2id is instance of dict? True
2024-03-23 02:28:02,297 is id2label is instance of dict? True
2024-03-23 02:28:02,298 is label2color is instance of dict? True
2024-03-23 02:28:02,298 label2color : {'signature': '#6E5F4D', 'gross_weight': '#AA9111', 'freight_collect_at': '#73B471', 'shipper_name': '#DB615B', 'notify_party_address': '#5D8198', 'bol_original_or_copy': '#A6ACCA', 'mode_of_transport': '#FAD8A9', 'voyage_number': '#1A9C0B', 'measurement': '#B22FEE', 'goods_marks_and_nos': '#F988DD', 'bol_original_number': '#040C7D', 'container_number': '#6F5092', 'dimension': '#CE67B2', 'pre_carriage_by': '#4C5505', 'bill_of_lading_number': '#9AEA8E', 'notify_party_name': '#7C2DD3', 'port_of_discharge': '#FF55EB', 'final_destination': '#412D05', 'net_weight': '#0CAA56', 'signed_by_master': '#65A7B3', 'shipped_onboard_date': '#33C86E', 'lc_date': '#430AA8', 'lc_ref_number': '#B20DF4', 'signed_by_carrier': '#F3CCB4', 'place_of_issue': '#FFCD71', 'bill_of_lading_issue_date': '#252512', 'signed_by_agent': '#5D3EDA', 'total_original_no': '#FAD03D', 'vessel_name': '#CBE515', 'carrier_country': '#15DCCA', 'gross_quantity': '#FE28E7', 'transaction_date': '#B9BD23', 'consignee_address': '#E4E768', 'O': '#0AABAC', 'shipper_address': '#72E556', 'page_no': '#7C95B6', 'goods_description': '#BC2D24', 'freight_collect_or_prepaid': '#B5E868', 'agent_country': '#75F9B4', 'stamp': '#CC4717', 'consignee_name': '#1E750F', 'country_of_origin': '#F3A639', 'port_of_loading': '#ABC3E8', 'carrier_name': '#4E667B', 'place_of_receipt': '#E907CC', 'agent_name': '#008B12'}
2024-03-23 02:28:02,632 is result_set is instance of dict? True
2024-03-23 02:28:02,633 is final_result_set is instance of dict? True
2024-03-23 02:28:02,908 Time taken for page 1 of Packing_List_780_page_1.png:0:00:05.933411
2024-03-23 02:28:03,127 *****Generated All Pages****** for Packing_List_780_page_1.png
2024-03-23 02:28:03,127 RAM memory 78.4 used for Packing_List_780_page_1.png Generating All Pages:
2024-03-23 02:28:03,127 Processing time taken for all pages of Packing_List_780_page_1.png1:0:00:06.153806
2024-03-23 02:28:03,269 file name is:Bill_Of_Landing_678_page_0.png
2024-03-23 02:28:03,269 folder path :Images
2024-03-23 02:28:03,269 Calling Image result
2024-03-23 02:28:03,269 is all_page_result is instance of dict? True
2024-03-23 02:28:03,270 STREAM b'IHDR' 16 13
2024-03-23 02:28:03,270 STREAM b'IDAT' 41 65536
2024-03-23 02:28:03,350 is words is instance of list? True
2024-03-23 02:28:03,351 is bboxes is instance of list? True
2024-03-23 02:28:03,351 is bounding_boxes is instance of list? True
2024-03-23 02:28:03,896 is input_id_chunks is instance of list? True
2024-03-23 02:28:03,896 is mask_chunks is instance of list? True
2024-03-23 02:28:03,896 is bbox_chunks is instance of list? True
2024-03-23 02:28:03,896 is image_chunks is instance of list? True
2024-03-23 02:28:03,897 is input_dict is instance of dict? True
2024-03-23 02:28:07,383 Model Called
2024-03-23 02:28:07,383 RAM memory 73.3 used for Bill_Of_Landing_678_page_0.png:
2024-03-23 02:28:07,383 is all_predictions is instance of list? True
2024-03-23 02:28:07,383 is all_boxes is instance of list? True
2024-03-23 02:28:07,383 is all_confidences is instance of list? True
2024-03-23 02:28:07,383 is all_text is instance of list? True
2024-03-23 02:28:07,384 is label2id is instance of dict? True
2024-03-23 02:28:07,384 is id2label is instance of dict? True
2024-03-23 02:28:07,384 is label2color is instance of dict? True
2024-03-23 02:28:07,385 label2color : {'signature': '#B819F0', 'gross_weight': '#8C2AB1', 'freight_collect_at': '#40A400', 'shipper_name': '#2F73F6', 'notify_party_address': '#DBB97A', 'bol_original_or_copy': '#960ECF', 'mode_of_transport': '#CA62EE', 'voyage_number': '#FB6F59', 'measurement': '#EB2C23', 'goods_marks_and_nos': '#B04838', 'bol_original_number': '#F54C54', 'container_number': '#9A5039', 'dimension': '#903305', 'pre_carriage_by': '#427DE0', 'bill_of_lading_number': '#AF9B9F', 'notify_party_name': '#2B861C', 'port_of_discharge': '#8B21DB', 'final_destination': '#B5AE81', 'net_weight': '#A7A893', 'signed_by_master': '#6AAD89', 'shipped_onboard_date': '#65DE95', 'lc_date': '#AF4AB1', 'lc_ref_number': '#5194FA', 'signed_by_carrier': '#FD3D97', 'place_of_issue': '#7996A3', 'bill_of_lading_issue_date': '#82BF76', 'signed_by_agent': '#A23DB7', 'total_original_no': '#CD063A', 'vessel_name': '#849A36', 'carrier_country': '#138292', 'gross_quantity': '#68F615', 'transaction_date': '#BCC150', 'consignee_address': '#14EDA1', 'O': '#28C351', 'shipper_address': '#DA329C', 'page_no': '#13746B', 'goods_description': '#7770D2', 'freight_collect_or_prepaid': '#E4DC1C', 'agent_country': '#115B9D', 'stamp': '#4A0287', 'consignee_name': '#12179F', 'country_of_origin': '#F5C785', 'port_of_loading': '#703A57', 'carrier_name': '#6D7136', 'place_of_receipt': '#A71DA8', 'agent_name': '#F03F2B'}
2024-03-23 02:28:08,187 is result_set is instance of dict? True
2024-03-23 02:28:08,189 is final_result_set is instance of dict? True
2024-03-23 02:28:08,524 Time taken for page 1 of Bill_Of_Landing_678_page_0.png:0:00:05.254401
2024-03-23 02:28:08,923 *****Generated All Pages****** for Bill_Of_Landing_678_page_0.png
2024-03-23 02:28:08,923 RAM memory 73.5 used for Bill_Of_Landing_678_page_0.png Generating All Pages:
2024-03-23 02:28:08,923 Processing time taken for all pages of Bill_Of_Landing_678_page_0.png1:0:00:05.654200
2024-03-23 02:28:09,076 file name is:Bill_Of_Landing_681_page_0.png
2024-03-23 02:28:09,076 folder path :Images
2024-03-23 02:28:09,076 Calling Image result
2024-03-23 02:28:09,076 is all_page_result is instance of dict? True
2024-03-23 02:28:09,076 STREAM b'IHDR' 16 13
2024-03-23 02:28:09,076 STREAM b'IDAT' 41 65536
2024-03-23 02:28:09,164 is words is instance of list? True
2024-03-23 02:28:09,164 is bboxes is instance of list? True
2024-03-23 02:28:09,164 is bounding_boxes is instance of list? True
2024-03-23 02:28:09,699 is input_id_chunks is instance of list? True
2024-03-23 02:28:09,699 is mask_chunks is instance of list? True
2024-03-23 02:28:09,699 is bbox_chunks is instance of list? True
2024-03-23 02:28:09,699 is image_chunks is instance of list? True
2024-03-23 02:28:09,700 is input_dict is instance of dict? True
2024-03-23 02:28:12,175 Model Called
2024-03-23 02:28:12,176 RAM memory 72.9 used for Bill_Of_Landing_681_page_0.png:
2024-03-23 02:28:12,176 is all_predictions is instance of list? True
2024-03-23 02:28:12,176 is all_boxes is instance of list? True
2024-03-23 02:28:12,176 is all_confidences is instance of list? True
2024-03-23 02:28:12,176 is all_text is instance of list? True
2024-03-23 02:28:12,176 is label2id is instance of dict? True
2024-03-23 02:28:12,177 is id2label is instance of dict? True
2024-03-23 02:28:12,177 is label2color is instance of dict? True
2024-03-23 02:28:12,177 label2color : {'signature': '#059744', 'gross_weight': '#8138E4', 'freight_collect_at': '#6993B6', 'shipper_name': '#B180F2', 'notify_party_address': '#BA4677', 'bol_original_or_copy': '#F55C5B', 'mode_of_transport': '#F13ACC', 'voyage_number': '#C730AD', 'measurement': '#F7570F', 'goods_marks_and_nos': '#67B8E8', 'bol_original_number': '#043C37', 'container_number': '#7D7A2F', 'dimension': '#07E79C', 'pre_carriage_by': '#DB4EFF', 'bill_of_lading_number': '#9430E0', 'notify_party_name': '#5D5891', 'port_of_discharge': '#DF289D', 'final_destination': '#DE0F2D', 'net_weight': '#50C97E', 'signed_by_master': '#159F65', 'shipped_onboard_date': '#D06E7B', 'lc_date': '#F82115', 'lc_ref_number': '#AABE10', 'signed_by_carrier': '#E0798A', 'place_of_issue': '#0F611C', 'bill_of_lading_issue_date': '#DFD0DF', 'signed_by_agent': '#A6CB01', 'total_original_no': '#A661F7', 'vessel_name': '#F7D8B1', 'carrier_country': '#63C564', 'gross_quantity': '#6242B8', 'transaction_date': '#EBC9E6', 'consignee_address': '#664FE7', 'O': '#C42FC3', 'shipper_address': '#310AC4', 'page_no': '#2B71A0', 'goods_description': '#33C785', 'freight_collect_or_prepaid': '#BE85E1', 'agent_country': '#E2B6D2', 'stamp': '#97B5E6', 'consignee_name': '#E740F4', 'country_of_origin': '#9CF5D4', 'port_of_loading': '#975C8F', 'carrier_name': '#BB230F', 'place_of_receipt': '#544E94', 'agent_name': '#BE075A'}
2024-03-23 02:28:12,692 is result_set is instance of dict? True
2024-03-23 02:28:12,694 is final_result_set is instance of dict? True
2024-03-23 02:28:13,007 Time taken for page 1 of Bill_Of_Landing_681_page_0.png:0:00:03.930568
2024-03-23 02:28:13,369 *****Generated All Pages****** for Bill_Of_Landing_681_page_0.png
2024-03-23 02:28:13,369 RAM memory 73.0 used for Bill_Of_Landing_681_page_0.png Generating All Pages:
2024-03-23 02:28:13,369 Processing time taken for all pages of Bill_Of_Landing_681_page_0.png1:0:00:04.293473
2024-03-23 02:28:13,485 file name is:Bill_Of_Landing_562_page_21.png
2024-03-23 02:28:13,485 folder path :Images
2024-03-23 02:28:13,485 Calling Image result
2024-03-23 02:28:13,485 is all_page_result is instance of dict? True
2024-03-23 02:28:13,486 STREAM b'IHDR' 16 13
2024-03-23 02:28:13,486 STREAM b'IDAT' 41 65536
2024-03-23 02:28:13,520 is words is instance of list? True
2024-03-23 02:28:13,520 is bboxes is instance of list? True
2024-03-23 02:28:13,520 is bounding_boxes is instance of list? True
2024-03-23 02:28:13,736 is input_id_chunks is instance of list? True
2024-03-23 02:28:13,737 is mask_chunks is instance of list? True
2024-03-23 02:28:13,737 is bbox_chunks is instance of list? True
2024-03-23 02:28:13,737 is image_chunks is instance of list? True
2024-03-23 02:28:13,737 is input_dict is instance of dict? True
2024-03-23 02:28:16,231 Model Called
2024-03-23 02:28:16,232 RAM memory 72.9 used for Bill_Of_Landing_562_page_21.png:
2024-03-23 02:28:16,232 is all_predictions is instance of list? True
2024-03-23 02:28:16,232 is all_boxes is instance of list? True
2024-03-23 02:28:16,232 is all_confidences is instance of list? True
2024-03-23 02:28:16,232 is all_text is instance of list? True
2024-03-23 02:28:16,233 is label2id is instance of dict? True
2024-03-23 02:28:16,233 is id2label is instance of dict? True
2024-03-23 02:28:16,234 is label2color is instance of dict? True
2024-03-23 02:28:16,234 label2color : {'signature': '#1B4BA5', 'gross_weight': '#7A0055', 'freight_collect_at': '#322C57', 'shipper_name': '#4131C3', 'notify_party_address': '#C343D1', 'bol_original_or_copy': '#8C2606', 'mode_of_transport': '#9ECBB5', 'voyage_number': '#82FD90', 'measurement': '#FA53C7', 'goods_marks_and_nos': '#50AC42', 'bol_original_number': '#CE66CA', 'container_number': '#D71FDD', 'dimension': '#0902EF', 'pre_carriage_by': '#B18EE3', 'bill_of_lading_number': '#0A308E', 'notify_party_name': '#5380DA', 'port_of_discharge': '#DD933D', 'final_destination': '#F1A19C', 'net_weight': '#9F02A0', 'signed_by_master': '#F761EC', 'shipped_onboard_date': '#D26671', 'lc_date': '#E177FA', 'lc_ref_number': '#9BE68F', 'signed_by_carrier': '#2B554F', 'place_of_issue': '#F2D9E9', 'bill_of_lading_issue_date': '#735D12', 'signed_by_agent': '#45266D', 'total_original_no': '#490640', 'vessel_name': '#97A11D', 'carrier_country': '#DA6C9B', 'gross_quantity': '#AF92EE', 'transaction_date': '#DA9FC9', 'consignee_address': '#8ED14D', 'O': '#9BEED2', 'shipper_address': '#8CD6FB', 'page_no': '#8FADAB', 'goods_description': '#BE871A', 'freight_collect_or_prepaid': '#F30B13', 'agent_country': '#0CA444', 'stamp': '#50C9F4', 'consignee_name': '#73C659', 'country_of_origin': '#AC9D6E', 'port_of_loading': '#E362FE', 'carrier_name': '#3814A6', 'place_of_receipt': '#88DFFE', 'agent_name': '#FA8BEB'}
2024-03-23 02:28:16,469 is result_set is instance of dict? True
2024-03-23 02:28:16,471 is final_result_set is instance of dict? True
2024-03-23 02:28:16,673 Time taken for page 1 of Bill_Of_Landing_562_page_21.png:0:00:03.186332
2024-03-23 02:28:16,825 *****Generated All Pages****** for Bill_Of_Landing_562_page_21.png
2024-03-23 02:28:16,826 RAM memory 73.0 used for Bill_Of_Landing_562_page_21.png Generating All Pages:
2024-03-23 02:28:16,826 Processing time taken for all pages of Bill_Of_Landing_562_page_21.png1:0:00:03.340390
2024-03-23 02:28:16,940 file name is:Bill_Of_Landing_555_page_2.png
2024-03-23 02:28:16,940 folder path :Images
2024-03-23 02:28:16,941 Calling Image result
2024-03-23 02:28:16,941 is all_page_result is instance of dict? True
2024-03-23 02:28:16,951 STREAM b'IHDR' 16 13
2024-03-23 02:28:16,951 STREAM b'IDAT' 41 65536
2024-03-23 02:28:16,985 is words is instance of list? True
2024-03-23 02:28:16,985 is bboxes is instance of list? True
2024-03-23 02:28:16,985 is bounding_boxes is instance of list? True
2024-03-23 02:28:17,201 is input_id_chunks is instance of list? True
2024-03-23 02:28:17,201 is mask_chunks is instance of list? True
2024-03-23 02:28:17,201 is bbox_chunks is instance of list? True
2024-03-23 02:28:17,201 is image_chunks is instance of list? True
2024-03-23 02:28:17,202 is input_dict is instance of dict? True
2024-03-23 02:28:19,478 Model Called
2024-03-23 02:28:19,479 RAM memory 72.9 used for Bill_Of_Landing_555_page_2.png:
2024-03-23 02:28:19,479 is all_predictions is instance of list? True
2024-03-23 02:28:19,479 is all_boxes is instance of list? True
2024-03-23 02:28:19,479 is all_confidences is instance of list? True
2024-03-23 02:28:19,479 is all_text is instance of list? True
2024-03-23 02:28:19,479 is label2id is instance of dict? True
2024-03-23 02:28:19,479 is id2label is instance of dict? True
2024-03-23 02:28:19,480 is label2color is instance of dict? True
2024-03-23 02:28:19,480 label2color : {'signature': '#7C22A4', 'gross_weight': '#BD1403', 'freight_collect_at': '#1A2E35', 'shipper_name': '#A86E9D', 'notify_party_address': '#003687', 'bol_original_or_copy': '#8DAE56', 'mode_of_transport': '#E4D920', 'voyage_number': '#4C8C5F', 'measurement': '#719AB7', 'goods_marks_and_nos': '#F50ADF', 'bol_original_number': '#211D61', 'container_number': '#DC7EA2', 'dimension': '#E100F7', 'pre_carriage_by': '#D4AA56', 'bill_of_lading_number': '#188124', 'notify_party_name': '#9ECCA9', 'port_of_discharge': '#34F412', 'final_destination': '#CBC5AA', 'net_weight': '#A375D2', 'signed_by_master': '#D0266C', 'shipped_onboard_date': '#9A998E', 'lc_date': '#791368', 'lc_ref_number': '#06AC91', 'signed_by_carrier': '#F95E45', 'place_of_issue': '#58971E', 'bill_of_lading_issue_date': '#A19FF2', 'signed_by_agent': '#CFE856', 'total_original_no': '#357DE1', 'vessel_name': '#61119C', 'carrier_country': '#9F2906', 'gross_quantity': '#7A87BF', 'transaction_date': '#C1BEA0', 'consignee_address': '#4AB43A', 'O': '#51BA2F', 'shipper_address': '#09841D', 'page_no': '#3B0C3E', 'goods_description': '#5FBBC2', 'freight_collect_or_prepaid': '#849381', 'agent_country': '#DBEA5A', 'stamp': '#F4F50A', 'consignee_name': '#A4B1F5', 'country_of_origin': '#86CF12', 'port_of_loading': '#F6C8AF', 'carrier_name': '#36507C', 'place_of_receipt': '#E11C5F', 'agent_name': '#BCDCAD'}
2024-03-23 02:28:19,668 is result_set is instance of dict? True
2024-03-23 02:28:19,669 is final_result_set is instance of dict? True
2024-03-23 02:28:19,878 Time taken for page 1 of Bill_Of_Landing_555_page_2.png:0:00:02.926645
2024-03-23 02:28:20,035 *****Generated All Pages****** for Bill_Of_Landing_555_page_2.png
2024-03-23 02:28:20,036 RAM memory 73.0 used for Bill_Of_Landing_555_page_2.png Generating All Pages:
2024-03-23 02:28:20,036 Processing time taken for all pages of Bill_Of_Landing_555_page_2.png1:0:00:03.095156
2024-03-23 02:28:20,155 file name is:Bill_Of_Landing_562_page_22.png
2024-03-23 02:28:20,155 folder path :Images
2024-03-23 02:28:20,155 Calling Image result
2024-03-23 02:28:20,155 is all_page_result is instance of dict? True
2024-03-23 02:28:20,166 STREAM b'IHDR' 16 13
2024-03-23 02:28:20,166 STREAM b'IDAT' 41 65536
2024-03-23 02:28:20,198 is words is instance of list? True
2024-03-23 02:28:20,198 is bboxes is instance of list? True
2024-03-23 02:28:20,198 is bounding_boxes is instance of list? True
2024-03-23 02:28:20,431 is input_id_chunks is instance of list? True
2024-03-23 02:28:20,432 is mask_chunks is instance of list? True
2024-03-23 02:28:20,432 is bbox_chunks is instance of list? True
2024-03-23 02:28:20,432 is image_chunks is instance of list? True
2024-03-23 02:28:20,432 is input_dict is instance of dict? True
2024-03-23 02:28:22,804 Model Called
2024-03-23 02:28:22,804 RAM memory 73.2 used for Bill_Of_Landing_562_page_22.png:
2024-03-23 02:28:22,804 is all_predictions is instance of list? True
2024-03-23 02:28:22,804 is all_boxes is instance of list? True
2024-03-23 02:28:22,804 is all_confidences is instance of list? True
2024-03-23 02:28:22,804 is all_text is instance of list? True
2024-03-23 02:28:22,805 is label2id is instance of dict? True
2024-03-23 02:28:22,805 is id2label is instance of dict? True
2024-03-23 02:28:22,805 is label2color is instance of dict? True
2024-03-23 02:28:22,806 label2color : {'signature': '#724FB6', 'gross_weight': '#78E00A', 'freight_collect_at': '#4E83D3', 'shipper_name': '#96D046', 'notify_party_address': '#E0E281', 'bol_original_or_copy': '#3629FF', 'mode_of_transport': '#E48ED1', 'voyage_number': '#482BB1', 'measurement': '#551EEA', 'goods_marks_and_nos': '#BE5CAC', 'bol_original_number': '#125403', 'container_number': '#D83D83', 'dimension': '#C20DC5', 'pre_carriage_by': '#E7AB2D', 'bill_of_lading_number': '#BCCC0C', 'notify_party_name': '#998B81', 'port_of_discharge': '#20DC48', 'final_destination': '#269066', 'net_weight': '#964645', 'signed_by_master': '#B97C26', 'shipped_onboard_date': '#E90DEF', 'lc_date': '#8CEA3A', 'lc_ref_number': '#86F2C2', 'signed_by_carrier': '#78B3A7', 'place_of_issue': '#444536', 'bill_of_lading_issue_date': '#D39CA0', 'signed_by_agent': '#8BB96F', 'total_original_no': '#4D64FF', 'vessel_name': '#39000C', 'carrier_country': '#3C5790', 'gross_quantity': '#224B20', 'transaction_date': '#802FB1', 'consignee_address': '#42D6D0', 'O': '#4F9BD0', 'shipper_address': '#012B91', 'page_no': '#4E551A', 'goods_description': '#EF2213', 'freight_collect_or_prepaid': '#C5B918', 'agent_country': '#EEC3D1', 'stamp': '#FAF226', 'consignee_name': '#1101F3', 'country_of_origin': '#F5BBED', 'port_of_loading': '#780473', 'carrier_name': '#9490DB', 'place_of_receipt': '#3EE193', 'agent_name': '#B14AAC'}
2024-03-23 02:28:22,992 is result_set is instance of dict? True
2024-03-23 02:28:22,993 is final_result_set is instance of dict? True
2024-03-23 02:28:23,202 Time taken for page 1 of Bill_Of_Landing_562_page_22.png:0:00:03.036454
2024-03-23 02:28:23,365 *****Generated All Pages****** for Bill_Of_Landing_562_page_22.png
2024-03-23 02:28:23,366 RAM memory 73.2 used for Bill_Of_Landing_562_page_22.png Generating All Pages:
2024-03-23 02:28:23,366 Processing time taken for all pages of Bill_Of_Landing_562_page_22.png1:0:00:03.210653
2024-03-23 02:28:23,478 file name is:Bill_Of_Landing_562_page_20.png
2024-03-23 02:28:23,478 folder path :Images
2024-03-23 02:28:23,479 Calling Image result
2024-03-23 02:28:23,479 is all_page_result is instance of dict? True
2024-03-23 02:28:23,479 STREAM b'IHDR' 16 13
2024-03-23 02:28:23,479 STREAM b'IDAT' 41 65536
2024-03-23 02:28:23,513 is words is instance of list? True
2024-03-23 02:28:23,513 is bboxes is instance of list? True
2024-03-23 02:28:23,513 is bounding_boxes is instance of list? True
2024-03-23 02:28:23,715 is input_id_chunks is instance of list? True
2024-03-23 02:28:23,715 is mask_chunks is instance of list? True
2024-03-23 02:28:23,715 is bbox_chunks is instance of list? True
2024-03-23 02:28:23,716 is image_chunks is instance of list? True
2024-03-23 02:28:23,716 is input_dict is instance of dict? True
2024-03-23 02:28:25,991 Model Called
2024-03-23 02:28:25,992 RAM memory 73.1 used for Bill_Of_Landing_562_page_20.png:
2024-03-23 02:28:25,992 is all_predictions is instance of list? True
2024-03-23 02:28:25,992 is all_boxes is instance of list? True
2024-03-23 02:28:25,992 is all_confidences is instance of list? True
2024-03-23 02:28:25,992 is all_text is instance of list? True
2024-03-23 02:28:25,992 is label2id is instance of dict? True
2024-03-23 02:28:25,992 is id2label is instance of dict? True
2024-03-23 02:28:25,993 is label2color is instance of dict? True
2024-03-23 02:28:25,993 label2color : {'signature': '#4C6CF4', 'gross_weight': '#23E704', 'freight_collect_at': '#B860DE', 'shipper_name': '#B74F58', 'notify_party_address': '#0EDCA9', 'bol_original_or_copy': '#414309', 'mode_of_transport': '#E22761', 'voyage_number': '#FB106A', 'measurement': '#D174E6', 'goods_marks_and_nos': '#FB4656', 'bol_original_number': '#F47958', 'container_number': '#972AB6', 'dimension': '#16B2B0', 'pre_carriage_by': '#E7C214', 'bill_of_lading_number': '#BB1A39', 'notify_party_name': '#48AF88', 'port_of_discharge': '#BC7E8C', 'final_destination': '#AED8F4', 'net_weight': '#4B5248', 'signed_by_master': '#B4F39C', 'shipped_onboard_date': '#7C21E4', 'lc_date': '#A7C813', 'lc_ref_number': '#445A69', 'signed_by_carrier': '#09F4E9', 'place_of_issue': '#526BD4', 'bill_of_lading_issue_date': '#803E28', 'signed_by_agent': '#6D0ED1', 'total_original_no': '#EF4AFA', 'vessel_name': '#A9BF84', 'carrier_country': '#4B87E3', 'gross_quantity': '#F6194E', 'transaction_date': '#DC81FB', 'consignee_address': '#75C0D8', 'O': '#684E55', 'shipper_address': '#2288B8', 'page_no': '#32930B', 'goods_description': '#1592CB', 'freight_collect_or_prepaid': '#BB1D95', 'agent_country': '#6E6D3A', 'stamp': '#E39DA2', 'consignee_name': '#8BB328', 'country_of_origin': '#B12649', 'port_of_loading': '#16E3F4', 'carrier_name': '#891DA9', 'place_of_receipt': '#789119', 'agent_name': '#02AF73'}
2024-03-23 02:28:26,188 is result_set is instance of dict? True
2024-03-23 02:28:26,189 is final_result_set is instance of dict? True
2024-03-23 02:28:26,383 Time taken for page 1 of Bill_Of_Landing_562_page_20.png:0:00:02.904183
2024-03-23 02:28:26,538 *****Generated All Pages****** for Bill_Of_Landing_562_page_20.png
2024-03-23 02:28:26,539 RAM memory 73.1 used for Bill_Of_Landing_562_page_20.png Generating All Pages:
2024-03-23 02:28:26,539 Processing time taken for all pages of Bill_Of_Landing_562_page_20.png1:0:00:03.060229
2024-03-23 02:28:26,650 file name is:Bill_Of_Landing_816_page_1.png
2024-03-23 02:28:26,650 folder path :Images
2024-03-23 02:28:26,651 Calling Image result
2024-03-23 02:28:26,651 is all_page_result is instance of dict? True
2024-03-23 02:28:26,661 STREAM b'IHDR' 16 13
2024-03-23 02:28:26,661 STREAM b'IDAT' 41 57123
2024-03-23 02:28:26,692 is words is instance of list? True
2024-03-23 02:28:26,693 is bboxes is instance of list? True
2024-03-23 02:28:26,693 is bounding_boxes is instance of list? True
2024-03-23 02:28:26,901 is input_id_chunks is instance of list? True
2024-03-23 02:28:26,901 is mask_chunks is instance of list? True
2024-03-23 02:28:26,901 is bbox_chunks is instance of list? True
2024-03-23 02:28:26,901 is image_chunks is instance of list? True
2024-03-23 02:28:26,901 is input_dict is instance of dict? True
2024-03-23 02:28:29,243 Model Called
2024-03-23 02:28:29,244 RAM memory 73.3 used for Bill_Of_Landing_816_page_1.png:
2024-03-23 02:28:29,244 is all_predictions is instance of list? True
2024-03-23 02:28:29,244 is all_boxes is instance of list? True
2024-03-23 02:28:29,244 is all_confidences is instance of list? True
2024-03-23 02:28:29,244 is all_text is instance of list? True
2024-03-23 02:28:29,244 is label2id is instance of dict? True
2024-03-23 02:28:29,244 is id2label is instance of dict? True
2024-03-23 02:28:29,245 is label2color is instance of dict? True
2024-03-23 02:28:29,245 label2color : {'signature': '#E64C6B', 'gross_weight': '#042CAC', 'freight_collect_at': '#696544', 'shipper_name': '#753784', 'notify_party_address': '#87E046', 'bol_original_or_copy': '#08A150', 'mode_of_transport': '#0398D0', 'voyage_number': '#CAD3AE', 'measurement': '#0AD31E', 'goods_marks_and_nos': '#7CF24C', 'bol_original_number': '#CA40B5', 'container_number': '#7B9ED4', 'dimension': '#6D4464', 'pre_carriage_by': '#D63D83', 'bill_of_lading_number': '#BA719A', 'notify_party_name': '#BF045F', 'port_of_discharge': '#8F187C', 'final_destination': '#1D83F4', 'net_weight': '#A10C82', 'signed_by_master': '#930191', 'shipped_onboard_date': '#A079FB', 'lc_date': '#F6D88E', 'lc_ref_number': '#910024', 'signed_by_carrier': '#100AE3', 'place_of_issue': '#0C6D3E', 'bill_of_lading_issue_date': '#9536E3', 'signed_by_agent': '#116598', 'total_original_no': '#C81CAA', 'vessel_name': '#30A7E3', 'carrier_country': '#2C69A9', 'gross_quantity': '#609B83', 'transaction_date': '#F5ADEC', 'consignee_address': '#FA0350', 'O': '#4232A6', 'shipper_address': '#4E88F5', 'page_no': '#CE2C79', 'goods_description': '#5926AB', 'freight_collect_or_prepaid': '#984CD7', 'agent_country': '#739C69', 'stamp': '#956733', 'consignee_name': '#B169C8', 'country_of_origin': '#EA261B', 'port_of_loading': '#25D5DB', 'carrier_name': '#E917FF', 'place_of_receipt': '#C4851E', 'agent_name': '#D2CA01'}
2024-03-23 02:28:29,500 is result_set is instance of dict? True
2024-03-23 02:28:29,502 is final_result_set is instance of dict? True
2024-03-23 02:28:29,710 Time taken for page 1 of Bill_Of_Landing_816_page_1.png:0:00:03.048348
2024-03-23 02:28:29,879 *****Generated All Pages****** for Bill_Of_Landing_816_page_1.png
2024-03-23 02:28:29,880 RAM memory 73.2 used for Bill_Of_Landing_816_page_1.png Generating All Pages:
2024-03-23 02:28:29,880 Processing time taken for all pages of Bill_Of_Landing_816_page_1.png1:0:00:03.229079
2024-03-23 02:28:29,993 file name is:Bill_Of_Landing_269_page_0.png
2024-03-23 02:28:29,993 folder path :Images
2024-03-23 02:28:29,993 Calling Image result
2024-03-23 02:28:29,994 is all_page_result is instance of dict? True
2024-03-23 02:28:29,994 STREAM b'IHDR' 16 13
2024-03-23 02:28:29,994 STREAM b'IDAT' 41 65536
2024-03-23 02:28:30,032 is words is instance of list? True
2024-03-23 02:28:30,032 is bboxes is instance of list? True
2024-03-23 02:28:30,032 is bounding_boxes is instance of list? True
2024-03-23 02:28:30,251 is input_id_chunks is instance of list? True
2024-03-23 02:28:30,251 is mask_chunks is instance of list? True
2024-03-23 02:28:30,251 is bbox_chunks is instance of list? True
2024-03-23 02:28:30,252 is image_chunks is instance of list? True
2024-03-23 02:28:30,252 is input_dict is instance of dict? True
2024-03-23 02:28:32,826 Model Called
2024-03-23 02:28:32,826 RAM memory 73.3 used for Bill_Of_Landing_269_page_0.png:
2024-03-23 02:28:32,826 is all_predictions is instance of list? True
2024-03-23 02:28:32,826 is all_boxes is instance of list? True
2024-03-23 02:28:32,826 is all_confidences is instance of list? True
2024-03-23 02:28:32,826 is all_text is instance of list? True
2024-03-23 02:28:32,827 is label2id is instance of dict? True
2024-03-23 02:28:32,827 is id2label is instance of dict? True
2024-03-23 02:28:32,827 is label2color is instance of dict? True
2024-03-23 02:28:32,828 label2color : {'signature': '#53EF2A', 'gross_weight': '#349013', 'freight_collect_at': '#ED14F9', 'shipper_name': '#580DBC', 'notify_party_address': '#4BB543', 'bol_original_or_copy': '#975D1F', 'mode_of_transport': '#1F9176', 'voyage_number': '#67F81A', 'measurement': '#C100B5', 'goods_marks_and_nos': '#5D9E33', 'bol_original_number': '#4E55B4', 'container_number': '#9A6F8A', 'dimension': '#D2246A', 'pre_carriage_by': '#115B12', 'bill_of_lading_number': '#6FD466', 'notify_party_name': '#BEDBED', 'port_of_discharge': '#CEA02D', 'final_destination': '#9EF7A7', 'net_weight': '#CA2A4A', 'signed_by_master': '#F7CBF0', 'shipped_onboard_date': '#F59CC3', 'lc_date': '#72AC2C', 'lc_ref_number': '#773B75', 'signed_by_carrier': '#E58666', 'place_of_issue': '#72FC21', 'bill_of_lading_issue_date': '#CB8BF7', 'signed_by_agent': '#2AE8A2', 'total_original_no': '#6195F3', 'vessel_name': '#576C80', 'carrier_country': '#EDD14D', 'gross_quantity': '#7B3797', 'transaction_date': '#F364AD', 'consignee_address': '#FC7F9C', 'O': '#ED0CE9', 'shipper_address': '#2DDED2', 'page_no': '#CDC135', 'goods_description': '#D29D7A', 'freight_collect_or_prepaid': '#EE8141', 'agent_country': '#C501B1', 'stamp': '#673FB1', 'consignee_name': '#EA8E2D', 'country_of_origin': '#DD2817', 'port_of_loading': '#4FEB40', 'carrier_name': '#B57B71', 'place_of_receipt': '#16AB45', 'agent_name': '#50CD59'}
2024-03-23 02:28:33,025 is result_set is instance of dict? True
2024-03-23 02:28:33,027 is final_result_set is instance of dict? True
2024-03-23 02:28:33,347 Time taken for page 1 of Bill_Of_Landing_269_page_0.png:0:00:03.352346
2024-03-23 02:28:33,548 *****Generated All Pages****** for Bill_Of_Landing_269_page_0.png
2024-03-23 02:28:33,548 RAM memory 73.4 used for Bill_Of_Landing_269_page_0.png Generating All Pages:
2024-03-23 02:28:33,548 Processing time taken for all pages of Bill_Of_Landing_269_page_0.png1:0:00:03.555027
2024-03-23 02:28:33,704 file name is:Bill_Of_Landing_248_page_0.png
2024-03-23 02:28:33,704 folder path :Images
2024-03-23 02:28:33,704 Calling Image result
2024-03-23 02:28:33,704 is all_page_result is instance of dict? True
2024-03-23 02:28:33,714 STREAM b'IHDR' 16 13
2024-03-23 02:28:33,715 STREAM b'IDAT' 41 62155
2024-03-23 02:28:33,751 is words is instance of list? True
2024-03-23 02:28:33,752 is bboxes is instance of list? True
2024-03-23 02:28:33,752 is bounding_boxes is instance of list? True
2024-03-23 02:28:34,025 is input_id_chunks is instance of list? True
2024-03-23 02:28:34,025 is mask_chunks is instance of list? True
2024-03-23 02:28:34,025 is bbox_chunks is instance of list? True
2024-03-23 02:28:34,025 is image_chunks is instance of list? True
2024-03-23 02:28:34,026 is input_dict is instance of dict? True
2024-03-23 02:28:36,843 Model Called
2024-03-23 02:28:36,844 RAM memory 72.5 used for Bill_Of_Landing_248_page_0.png:
2024-03-23 02:28:36,844 is all_predictions is instance of list? True
2024-03-23 02:28:36,844 is all_boxes is instance of list? True
2024-03-23 02:28:36,844 is all_confidences is instance of list? True
2024-03-23 02:28:36,844 is all_text is instance of list? True
2024-03-23 02:28:36,844 is label2id is instance of dict? True
2024-03-23 02:28:36,845 is id2label is instance of dict? True
2024-03-23 02:28:36,846 is label2color is instance of dict? True
2024-03-23 02:28:36,846 label2color : {'signature': '#F1EC98', 'gross_weight': '#9A79DC', 'freight_collect_at': '#5CD5A4', 'shipper_name': '#FDA654', 'notify_party_address': '#2F8DE9', 'bol_original_or_copy': '#72549C', 'mode_of_transport': '#7788EC', 'voyage_number': '#37CA53', 'measurement': '#831F0A', 'goods_marks_and_nos': '#9484F2', 'bol_original_number': '#168098', 'container_number': '#27E21F', 'dimension': '#DA99CD', 'pre_carriage_by': '#932254', 'bill_of_lading_number': '#75963A', 'notify_party_name': '#63CF50', 'port_of_discharge': '#F39C46', 'final_destination': '#4308D2', 'net_weight': '#4AF4EA', 'signed_by_master': '#9D037B', 'shipped_onboard_date': '#DA7F76', 'lc_date': '#9637DA', 'lc_ref_number': '#FEEDE0', 'signed_by_carrier': '#0EF743', 'place_of_issue': '#3C7FFB', 'bill_of_lading_issue_date': '#CEF604', 'signed_by_agent': '#D630FB', 'total_original_no': '#9CCA27', 'vessel_name': '#26D4A6', 'carrier_country': '#8593FA', 'gross_quantity': '#25D001', 'transaction_date': '#7914BF', 'consignee_address': '#9BDDFC', 'O': '#8604BD', 'shipper_address': '#1AEA9E', 'page_no': '#7C3E69', 'goods_description': '#D2CB0C', 'freight_collect_or_prepaid': '#13B885', 'agent_country': '#559C9E', 'stamp': '#8A1F31', 'consignee_name': '#F395A7', 'country_of_origin': '#565A44', 'port_of_loading': '#C7C0E1', 'carrier_name': '#DCB5F2', 'place_of_receipt': '#460FCE', 'agent_name': '#597E43'}
2024-03-23 02:28:37,149 is result_set is instance of dict? True
2024-03-23 02:28:37,151 is final_result_set is instance of dict? True
2024-03-23 02:28:37,418 Time taken for page 1 of Bill_Of_Landing_248_page_0.png:0:00:03.703049
2024-03-23 02:28:37,607 *****Generated All Pages****** for Bill_Of_Landing_248_page_0.png
2024-03-23 02:28:37,607 RAM memory 72.4 used for Bill_Of_Landing_248_page_0.png Generating All Pages:
2024-03-23 02:28:37,607 Processing time taken for all pages of Bill_Of_Landing_248_page_0.png1:0:00:03.903484
2024-03-23 02:28:37,769 file name is:Bill_Of_Landing_356_page_1.png
2024-03-23 02:28:37,770 folder path :Images
2024-03-23 02:28:37,770 Calling Image result
2024-03-23 02:28:37,770 is all_page_result is instance of dict? True
2024-03-23 02:28:37,780 STREAM b'IHDR' 16 13
2024-03-23 02:28:37,781 STREAM b'IDAT' 41 65536
2024-03-23 02:28:37,816 is words is instance of list? True
2024-03-23 02:28:37,816 is bboxes is instance of list? True
2024-03-23 02:28:37,816 is bounding_boxes is instance of list? True
2024-03-23 02:28:38,078 is input_id_chunks is instance of list? True
2024-03-23 02:28:38,078 is mask_chunks is instance of list? True
2024-03-23 02:28:38,078 is bbox_chunks is instance of list? True
2024-03-23 02:28:38,078 is image_chunks is instance of list? True
2024-03-23 02:28:38,079 is input_dict is instance of dict? True
2024-03-23 02:28:40,640 Model Called
2024-03-23 02:28:40,640 RAM memory 72.3 used for Bill_Of_Landing_356_page_1.png:
2024-03-23 02:28:40,640 is all_predictions is instance of list? True
2024-03-23 02:28:40,640 is all_boxes is instance of list? True
2024-03-23 02:28:40,640 is all_confidences is instance of list? True
2024-03-23 02:28:40,640 is all_text is instance of list? True
2024-03-23 02:28:40,641 is label2id is instance of dict? True
2024-03-23 02:28:40,641 is id2label is instance of dict? True
2024-03-23 02:28:40,641 is label2color is instance of dict? True
2024-03-23 02:28:40,642 label2color : {'signature': '#DA6A0D', 'gross_weight': '#381B9C', 'freight_collect_at': '#93CCBF', 'shipper_name': '#3B9BCF', 'notify_party_address': '#D21B88', 'bol_original_or_copy': '#505579', 'mode_of_transport': '#7F232A', 'voyage_number': '#FA3CB8', 'measurement': '#467CA8', 'goods_marks_and_nos': '#E2C9D9', 'bol_original_number': '#94E927', 'container_number': '#A1FE91', 'dimension': '#1D9A6F', 'pre_carriage_by': '#DB02CB', 'bill_of_lading_number': '#278FB0', 'notify_party_name': '#0ECFFF', 'port_of_discharge': '#A9E5FF', 'final_destination': '#094CA4', 'net_weight': '#F9AAB7', 'signed_by_master': '#08B7A5', 'shipped_onboard_date': '#2E3931', 'lc_date': '#602BE6', 'lc_ref_number': '#CF6487', 'signed_by_carrier': '#5206A9', 'place_of_issue': '#138630', 'bill_of_lading_issue_date': '#9C3B6D', 'signed_by_agent': '#64E934', 'total_original_no': '#DBCA6B', 'vessel_name': '#99A5DE', 'carrier_country': '#5626B4', 'gross_quantity': '#91DD40', 'transaction_date': '#19F1E1', 'consignee_address': '#A90FA1', 'O': '#B45735', 'shipper_address': '#907DD9', 'page_no': '#501655', 'goods_description': '#57FDC7', 'freight_collect_or_prepaid': '#F6F548', 'agent_country': '#D317A1', 'stamp': '#8C7D4E', 'consignee_name': '#06CA2A', 'country_of_origin': '#07DC8E', 'port_of_loading': '#571644', 'carrier_name': '#5B1DD3', 'place_of_receipt': '#FD0C97', 'agent_name': '#0B21EC'}
2024-03-23 02:28:40,866 is result_set is instance of dict? True
2024-03-23 02:28:40,868 is final_result_set is instance of dict? True
2024-03-23 02:28:41,100 Time taken for page 1 of Bill_Of_Landing_356_page_1.png:0:00:03.319567
2024-03-23 02:28:41,265 *****Generated All Pages****** for Bill_Of_Landing_356_page_1.png
2024-03-23 02:28:41,265 RAM memory 72.4 used for Bill_Of_Landing_356_page_1.png Generating All Pages:
2024-03-23 02:28:41,265 Processing time taken for all pages of Bill_Of_Landing_356_page_1.png1:0:00:03.495605
2024-03-23 02:28:41,404 file name is:Bill_Of_Landing_805_page_0.png
2024-03-23 02:28:41,404 folder path :Images
2024-03-23 02:28:41,404 Calling Image result
2024-03-23 02:28:41,404 is all_page_result is instance of dict? True
2024-03-23 02:28:41,405 STREAM b'IHDR' 16 13
2024-03-23 02:28:41,405 STREAM b'IDAT' 41 64267
2024-03-23 02:28:41,440 is words is instance of list? True
2024-03-23 02:28:41,440 is bboxes is instance of list? True
2024-03-23 02:28:41,440 is bounding_boxes is instance of list? True
2024-03-23 02:28:41,699 is input_id_chunks is instance of list? True
2024-03-23 02:28:41,699 is mask_chunks is instance of list? True
2024-03-23 02:28:41,699 is bbox_chunks is instance of list? True
2024-03-23 02:28:41,699 is image_chunks is instance of list? True
2024-03-23 02:28:41,700 is input_dict is instance of dict? True
2024-03-23 02:28:44,552 Model Called
2024-03-23 02:28:44,553 RAM memory 72.6 used for Bill_Of_Landing_805_page_0.png:
2024-03-23 02:28:44,553 is all_predictions is instance of list? True
2024-03-23 02:28:44,553 is all_boxes is instance of list? True
2024-03-23 02:28:44,553 is all_confidences is instance of list? True
2024-03-23 02:28:44,553 is all_text is instance of list? True
2024-03-23 02:28:44,553 is label2id is instance of dict? True
2024-03-23 02:28:44,553 is id2label is instance of dict? True
2024-03-23 02:28:44,554 is label2color is instance of dict? True
2024-03-23 02:28:44,554 label2color : {'signature': '#CB55B2', 'gross_weight': '#8EA5E8', 'freight_collect_at': '#43F551', 'shipper_name': '#65B94A', 'notify_party_address': '#B16275', 'bol_original_or_copy': '#FAD6C7', 'mode_of_transport': '#20A067', 'voyage_number': '#F43F83', 'measurement': '#FC2E9B', 'goods_marks_and_nos': '#ADE9EE', 'bol_original_number': '#2B3094', 'container_number': '#CF681B', 'dimension': '#9633C6', 'pre_carriage_by': '#FA7B02', 'bill_of_lading_number': '#B812E4', 'notify_party_name': '#59064F', 'port_of_discharge': '#F76BC8', 'final_destination': '#BFC394', 'net_weight': '#B2133B', 'signed_by_master': '#BE8DE8', 'shipped_onboard_date': '#A8D803', 'lc_date': '#7B61DB', 'lc_ref_number': '#0FBC4B', 'signed_by_carrier': '#EA1F3B', 'place_of_issue': '#99CEF8', 'bill_of_lading_issue_date': '#5E062F', 'signed_by_agent': '#346CB2', 'total_original_no': '#DF1BB3', 'vessel_name': '#2B5DFD', 'carrier_country': '#AC9DAD', 'gross_quantity': '#63918C', 'transaction_date': '#54E7E6', 'consignee_address': '#55DA82', 'O': '#42713E', 'shipper_address': '#B7D31C', 'page_no': '#73B60A', 'goods_description': '#953093', 'freight_collect_or_prepaid': '#E63BA4', 'agent_country': '#30D1FE', 'stamp': '#ECBFE8', 'consignee_name': '#40BE65', 'country_of_origin': '#BF8B7F', 'port_of_loading': '#33FAE2', 'carrier_name': '#8549DB', 'place_of_receipt': '#17E5D6', 'agent_name': '#622F69'}
2024-03-23 02:28:44,764 is result_set is instance of dict? True
2024-03-23 02:28:44,766 is final_result_set is instance of dict? True
2024-03-23 02:28:45,040 Time taken for page 1 of Bill_Of_Landing_805_page_0.png:0:00:03.634927
2024-03-23 02:28:45,203 *****Generated All Pages****** for Bill_Of_Landing_805_page_0.png
2024-03-23 02:28:45,203 RAM memory 72.6 used for Bill_Of_Landing_805_page_0.png Generating All Pages:
2024-03-23 02:28:45,203 Processing time taken for all pages of Bill_Of_Landing_805_page_0.png1:0:00:03.799227
2024-03-23 02:28:45,325 file name is:Bill_Of_Landing_411_page_2.png
2024-03-23 02:28:45,326 folder path :Images
2024-03-23 02:28:45,326 Calling Image result
2024-03-23 02:28:45,326 is all_page_result is instance of dict? True
2024-03-23 02:28:45,336 STREAM b'IHDR' 16 13
2024-03-23 02:28:45,337 STREAM b'IDAT' 41 62340
2024-03-23 02:28:45,369 is words is instance of list? True
2024-03-23 02:28:45,370 is bboxes is instance of list? True
2024-03-23 02:28:45,370 is bounding_boxes is instance of list? True
2024-03-23 02:28:45,586 is input_id_chunks is instance of list? True
2024-03-23 02:28:45,586 is mask_chunks is instance of list? True
2024-03-23 02:28:45,586 is bbox_chunks is instance of list? True
2024-03-23 02:28:45,587 is image_chunks is instance of list? True
2024-03-23 02:28:45,587 is input_dict is instance of dict? True
2024-03-23 02:28:48,057 Model Called
2024-03-23 02:28:48,057 RAM memory 72.9 used for Bill_Of_Landing_411_page_2.png:
2024-03-23 02:28:48,058 is all_predictions is instance of list? True
2024-03-23 02:28:48,058 is all_boxes is instance of list? True
2024-03-23 02:28:48,058 is all_confidences is instance of list? True
2024-03-23 02:28:48,058 is all_text is instance of list? True
2024-03-23 02:28:48,058 is label2id is instance of dict? True
2024-03-23 02:28:48,058 is id2label is instance of dict? True
2024-03-23 02:28:48,059 is label2color is instance of dict? True
2024-03-23 02:28:48,059 label2color : {'signature': '#A70E38', 'gross_weight': '#EB734E', 'freight_collect_at': '#D6B2B3', 'shipper_name': '#22CAE6', 'notify_party_address': '#4DA5C1', 'bol_original_or_copy': '#ECB98D', 'mode_of_transport': '#10AA5D', 'voyage_number': '#25123A', 'measurement': '#7590EF', 'goods_marks_and_nos': '#44B894', 'bol_original_number': '#F0D48A', 'container_number': '#90C77D', 'dimension': '#0EBCB9', 'pre_carriage_by': '#DD1D7E', 'bill_of_lading_number': '#769D7F', 'notify_party_name': '#948CFE', 'port_of_discharge': '#BB0483', 'final_destination': '#E39FE9', 'net_weight': '#9D0E02', 'signed_by_master': '#ED07C0', 'shipped_onboard_date': '#C36391', 'lc_date': '#E87A36', 'lc_ref_number': '#52CF1F', 'signed_by_carrier': '#976EF7', 'place_of_issue': '#D4484D', 'bill_of_lading_issue_date': '#22EE26', 'signed_by_agent': '#CD210A', 'total_original_no': '#3D6F22', 'vessel_name': '#FEB8A9', 'carrier_country': '#33D606', 'gross_quantity': '#D67C05', 'transaction_date': '#0DA8FA', 'consignee_address': '#3D3CAA', 'O': '#D64667', 'shipper_address': '#29A6ED', 'page_no': '#3699E9', 'goods_description': '#EC362B', 'freight_collect_or_prepaid': '#B8D107', 'agent_country': '#8814DB', 'stamp': '#4A4A97', 'consignee_name': '#9829A6', 'country_of_origin': '#87D347', 'port_of_loading': '#210551', 'carrier_name': '#FF8B82', 'place_of_receipt': '#A79B83', 'agent_name': '#9782D6'}
2024-03-23 02:28:48,326 is result_set is instance of dict? True
2024-03-23 02:28:48,328 is final_result_set is instance of dict? True
2024-03-23 02:28:48,528 Time taken for page 1 of Bill_Of_Landing_411_page_2.png:0:00:03.191239
2024-03-23 02:28:48,687 *****Generated All Pages****** for Bill_Of_Landing_411_page_2.png
2024-03-23 02:28:48,687 RAM memory 73.2 used for Bill_Of_Landing_411_page_2.png Generating All Pages:
2024-03-23 02:28:48,687 Processing time taken for all pages of Bill_Of_Landing_411_page_2.png1:0:00:03.361426
2024-03-23 02:28:48,800 file name is:Bill_Of_Landing_899_page_18.png
2024-03-23 02:28:48,801 folder path :Images
2024-03-23 02:28:48,801 Calling Image result
2024-03-23 02:28:48,801 is all_page_result is instance of dict? True
2024-03-23 02:28:48,811 STREAM b'IHDR' 16 13
2024-03-23 02:28:48,812 STREAM b'IDAT' 41 65536
2024-03-23 02:28:48,850 is words is instance of list? True
2024-03-23 02:28:48,850 is bboxes is instance of list? True
2024-03-23 02:28:48,850 is bounding_boxes is instance of list? True
2024-03-23 02:28:49,103 is input_id_chunks is instance of list? True
2024-03-23 02:28:49,103 is mask_chunks is instance of list? True
2024-03-23 02:28:49,103 is bbox_chunks is instance of list? True
2024-03-23 02:28:49,103 is image_chunks is instance of list? True
2024-03-23 02:28:49,104 is input_dict is instance of dict? True
2024-03-23 02:28:52,582 Model Called
2024-03-23 02:28:52,583 RAM memory 73.3 used for Bill_Of_Landing_899_page_18.png:
2024-03-23 02:28:52,583 is all_predictions is instance of list? True
2024-03-23 02:28:52,583 is all_boxes is instance of list? True
2024-03-23 02:28:52,583 is all_confidences is instance of list? True
2024-03-23 02:28:52,583 is all_text is instance of list? True
2024-03-23 02:28:52,583 is label2id is instance of dict? True
2024-03-23 02:28:52,583 is id2label is instance of dict? True
2024-03-23 02:28:52,584 is label2color is instance of dict? True
2024-03-23 02:28:52,584 label2color : {'signature': '#088077', 'gross_weight': '#3C4C2D', 'freight_collect_at': '#1B9481', 'shipper_name': '#420619', 'notify_party_address': '#31A9E4', 'bol_original_or_copy': '#BB4743', 'mode_of_transport': '#1EFB31', 'voyage_number': '#682FCA', 'measurement': '#AB953E', 'goods_marks_and_nos': '#4583D9', 'bol_original_number': '#852A7F', 'container_number': '#54991F', 'dimension': '#9D5D7C', 'pre_carriage_by': '#4E81C3', 'bill_of_lading_number': '#1AECE0', 'notify_party_name': '#837C2F', 'port_of_discharge': '#BA6E37', 'final_destination': '#A56E3C', 'net_weight': '#F06054', 'signed_by_master': '#6BCBBF', 'shipped_onboard_date': '#59A9EE', 'lc_date': '#C0FEC5', 'lc_ref_number': '#EC28F8', 'signed_by_carrier': '#65F6BF', 'place_of_issue': '#888817', 'bill_of_lading_issue_date': '#A0F11B', 'signed_by_agent': '#795BB3', 'total_original_no': '#967832', 'vessel_name': '#ACE502', 'carrier_country': '#FB98D5', 'gross_quantity': '#82E355', 'transaction_date': '#BFC7CA', 'consignee_address': '#6C101E', 'O': '#64ACE2', 'shipper_address': '#94121B', 'page_no': '#A93935', 'goods_description': '#F6650E', 'freight_collect_or_prepaid': '#9EA1FD', 'agent_country': '#FC460C', 'stamp': '#5CA911', 'consignee_name': '#E1FB8C', 'country_of_origin': '#572258', 'port_of_loading': '#45C9C9', 'carrier_name': '#D6661F', 'place_of_receipt': '#A44010', 'agent_name': '#8B7A9C'}
2024-03-23 02:28:52,817 is result_set is instance of dict? True
2024-03-23 02:28:52,819 is final_result_set is instance of dict? True
2024-03-23 02:28:53,128 Time taken for page 1 of Bill_Of_Landing_899_page_18.png:0:00:04.316007
2024-03-23 02:28:53,300 *****Generated All Pages****** for Bill_Of_Landing_899_page_18.png
2024-03-23 02:28:53,301 RAM memory 73.4 used for Bill_Of_Landing_899_page_18.png Generating All Pages:
2024-03-23 02:28:53,301 Processing time taken for all pages of Bill_Of_Landing_899_page_18.png1:0:00:04.499918
2024-03-23 02:28:53,423 file name is:Bill_Of_Landing_424_page_2.png
2024-03-23 02:28:53,423 folder path :Images
2024-03-23 02:28:53,423 Calling Image result
2024-03-23 02:28:53,423 is all_page_result is instance of dict? True
2024-03-23 02:28:53,433 STREAM b'IHDR' 16 13
2024-03-23 02:28:53,434 STREAM b'IDAT' 41 65536
2024-03-23 02:28:53,470 is words is instance of list? True
2024-03-23 02:28:53,470 is bboxes is instance of list? True
2024-03-23 02:28:53,470 is bounding_boxes is instance of list? True
2024-03-23 02:28:53,677 is input_id_chunks is instance of list? True
2024-03-23 02:28:53,677 is mask_chunks is instance of list? True
2024-03-23 02:28:53,677 is bbox_chunks is instance of list? True
2024-03-23 02:28:53,677 is image_chunks is instance of list? True
2024-03-23 02:28:53,678 is input_dict is instance of dict? True
2024-03-23 02:28:56,472 Model Called
2024-03-23 02:28:56,472 RAM memory 72.9 used for Bill_Of_Landing_424_page_2.png:
2024-03-23 02:28:56,472 is all_predictions is instance of list? True
2024-03-23 02:28:56,473 is all_boxes is instance of list? True
2024-03-23 02:28:56,473 is all_confidences is instance of list? True
2024-03-23 02:28:56,473 is all_text is instance of list? True
2024-03-23 02:28:56,473 is label2id is instance of dict? True
2024-03-23 02:28:56,473 is id2label is instance of dict? True
2024-03-23 02:28:56,474 is label2color is instance of dict? True
2024-03-23 02:28:56,474 label2color : {'signature': '#B7B25B', 'gross_weight': '#79928B', 'freight_collect_at': '#348EFF', 'shipper_name': '#BC7C45', 'notify_party_address': '#4801CE', 'bol_original_or_copy': '#CF7E3A', 'mode_of_transport': '#6E2DCC', 'voyage_number': '#8DE1B2', 'measurement': '#470D88', 'goods_marks_and_nos': '#1A1DB0', 'bol_original_number': '#D0FD8A', 'container_number': '#15F2CE', 'dimension': '#179050', 'pre_carriage_by': '#1DF8D6', 'bill_of_lading_number': '#3B80CB', 'notify_party_name': '#80881A', 'port_of_discharge': '#6C13C4', 'final_destination': '#FD7CB0', 'net_weight': '#B9B061', 'signed_by_master': '#529AB6', 'shipped_onboard_date': '#024CE7', 'lc_date': '#77687A', 'lc_ref_number': '#6AC00D', 'signed_by_carrier': '#140D61', 'place_of_issue': '#0AC15E', 'bill_of_lading_issue_date': '#3B6B8E', 'signed_by_agent': '#D03845', 'total_original_no': '#0012BB', 'vessel_name': '#2C47F9', 'carrier_country': '#34157F', 'gross_quantity': '#34D0A0', 'transaction_date': '#FC6E4F', 'consignee_address': '#FDD35F', 'O': '#6F56E7', 'shipper_address': '#37B91C', 'page_no': '#CB30A1', 'goods_description': '#B5561F', 'freight_collect_or_prepaid': '#920DE9', 'agent_country': '#2EC36B', 'stamp': '#B748D1', 'consignee_name': '#E62867', 'country_of_origin': '#D3507E', 'port_of_loading': '#27ECD9', 'carrier_name': '#F8D6C4', 'place_of_receipt': '#5D5549', 'agent_name': '#32A5E1'}
2024-03-23 02:28:56,691 is result_set is instance of dict? True
2024-03-23 02:28:56,693 is final_result_set is instance of dict? True
2024-03-23 02:28:56,911 Time taken for page 1 of Bill_Of_Landing_424_page_2.png:0:00:03.477708
2024-03-23 02:28:57,083 *****Generated All Pages****** for Bill_Of_Landing_424_page_2.png
2024-03-23 02:28:57,083 RAM memory 72.9 used for Bill_Of_Landing_424_page_2.png Generating All Pages:
2024-03-23 02:28:57,083 Processing time taken for all pages of Bill_Of_Landing_424_page_2.png1:0:00:03.660248
2024-03-23 02:28:57,195 file name is:Bill_Of_Landing_248_page_1.png
2024-03-23 02:28:57,195 folder path :Images
2024-03-23 02:28:57,195 Calling Image result
2024-03-23 02:28:57,195 is all_page_result is instance of dict? True
2024-03-23 02:28:57,206 STREAM b'IHDR' 16 13
2024-03-23 02:28:57,206 STREAM b'IDAT' 41 62971
2024-03-23 02:28:57,238 is words is instance of list? True
2024-03-23 02:28:57,239 is bboxes is instance of list? True
2024-03-23 02:28:57,239 is bounding_boxes is instance of list? True
2024-03-23 02:28:57,494 is input_id_chunks is instance of list? True
2024-03-23 02:28:57,494 is mask_chunks is instance of list? True
2024-03-23 02:28:57,494 is bbox_chunks is instance of list? True
2024-03-23 02:28:57,494 is image_chunks is instance of list? True
2024-03-23 02:28:57,495 is input_dict is instance of dict? True
2024-03-23 02:28:59,845 Model Called
2024-03-23 02:28:59,846 RAM memory 72.8 used for Bill_Of_Landing_248_page_1.png:
2024-03-23 02:28:59,846 is all_predictions is instance of list? True
2024-03-23 02:28:59,846 is all_boxes is instance of list? True
2024-03-23 02:28:59,846 is all_confidences is instance of list? True
2024-03-23 02:28:59,846 is all_text is instance of list? True
2024-03-23 02:28:59,846 is label2id is instance of dict? True
2024-03-23 02:28:59,846 is id2label is instance of dict? True
2024-03-23 02:28:59,847 is label2color is instance of dict? True
2024-03-23 02:28:59,847 label2color : {'signature': '#B514D6', 'gross_weight': '#EEC3EC', 'freight_collect_at': '#D3EBC9', 'shipper_name': '#C99072', 'notify_party_address': '#C7646D', 'bol_original_or_copy': '#A3A017', 'mode_of_transport': '#7F9350', 'voyage_number': '#14B218', 'measurement': '#2EFEA0', 'goods_marks_and_nos': '#E82F0C', 'bol_original_number': '#7EFBC8', 'container_number': '#0C4C58', 'dimension': '#C48B61', 'pre_carriage_by': '#63CFBD', 'bill_of_lading_number': '#593241', 'notify_party_name': '#618FAB', 'port_of_discharge': '#8750C5', 'final_destination': '#411283', 'net_weight': '#22985B', 'signed_by_master': '#C9B0AB', 'shipped_onboard_date': '#E3F9AC', 'lc_date': '#7977C4', 'lc_ref_number': '#6C5B16', 'signed_by_carrier': '#5FAAC8', 'place_of_issue': '#440782', 'bill_of_lading_issue_date': '#E55554', 'signed_by_agent': '#214387', 'total_original_no': '#8D8F0B', 'vessel_name': '#601790', 'carrier_country': '#657A83', 'gross_quantity': '#8CECCA', 'transaction_date': '#3AD128', 'consignee_address': '#3420F5', 'O': '#9C0797', 'shipper_address': '#5AB6C8', 'page_no': '#F8EBBC', 'goods_description': '#84BB83', 'freight_collect_or_prepaid': '#6E677F', 'agent_country': '#CC498E', 'stamp': '#545273', 'consignee_name': '#91922D', 'country_of_origin': '#E85526', 'port_of_loading': '#C4E22A', 'carrier_name': '#905E30', 'place_of_receipt': '#569CFE', 'agent_name': '#B6DE42'}
2024-03-23 02:29:00,036 is result_set is instance of dict? True
2024-03-23 02:29:00,037 is final_result_set is instance of dict? True
2024-03-23 02:29:00,330 Time taken for page 1 of Bill_Of_Landing_248_page_1.png:0:00:03.124254
2024-03-23 02:29:00,526 *****Generated All Pages****** for Bill_Of_Landing_248_page_1.png
2024-03-23 02:29:00,526 RAM memory 72.7 used for Bill_Of_Landing_248_page_1.png Generating All Pages:
2024-03-23 02:29:00,526 Processing time taken for all pages of Bill_Of_Landing_248_page_1.png1:0:00:03.331349
2024-03-23 02:29:00,662 file name is:Bill_Of_Landing_411_page_0.png
2024-03-23 02:29:00,662 folder path :Images
2024-03-23 02:29:00,663 Calling Image result
2024-03-23 02:29:00,663 is all_page_result is instance of dict? True
2024-03-23 02:29:00,673 STREAM b'IHDR' 16 13
2024-03-23 02:29:00,673 STREAM b'IDAT' 41 60851
2024-03-23 02:29:00,704 is words is instance of list? True
2024-03-23 02:29:00,704 is bboxes is instance of list? True
2024-03-23 02:29:00,704 is bounding_boxes is instance of list? True
2024-03-23 02:29:00,928 is input_id_chunks is instance of list? True
2024-03-23 02:29:00,928 is mask_chunks is instance of list? True
2024-03-23 02:29:00,928 is bbox_chunks is instance of list? True
2024-03-23 02:29:00,928 is image_chunks is instance of list? True
2024-03-23 02:29:00,929 is input_dict is instance of dict? True
2024-03-23 02:29:03,669 Model Called
2024-03-23 02:29:03,670 RAM memory 73.2 used for Bill_Of_Landing_411_page_0.png:
2024-03-23 02:29:03,670 is all_predictions is instance of list? True
2024-03-23 02:29:03,670 is all_boxes is instance of list? True
2024-03-23 02:29:03,670 is all_confidences is instance of list? True
2024-03-23 02:29:03,670 is all_text is instance of list? True
2024-03-23 02:29:03,671 is label2id is instance of dict? True
2024-03-23 02:29:03,671 is id2label is instance of dict? True
2024-03-23 02:29:03,672 is label2color is instance of dict? True
2024-03-23 02:29:03,672 label2color : {'signature': '#D08DE2', 'gross_weight': '#A308E4', 'freight_collect_at': '#8822E0', 'shipper_name': '#F278C2', 'notify_party_address': '#F1B881', 'bol_original_or_copy': '#2C9D1A', 'mode_of_transport': '#E1F595', 'voyage_number': '#C4078E', 'measurement': '#6E9CCA', 'goods_marks_and_nos': '#EF73BC', 'bol_original_number': '#9BB535', 'container_number': '#9B98D0', 'dimension': '#C79398', 'pre_carriage_by': '#24B7C3', 'bill_of_lading_number': '#6EEBC3', 'notify_party_name': '#BF4E26', 'port_of_discharge': '#D3038E', 'final_destination': '#1BA6DA', 'net_weight': '#CADD48', 'signed_by_master': '#803846', 'shipped_onboard_date': '#4213E2', 'lc_date': '#D24835', 'lc_ref_number': '#6FF92A', 'signed_by_carrier': '#8F9EFA', 'place_of_issue': '#F1B928', 'bill_of_lading_issue_date': '#E00AD4', 'signed_by_agent': '#1093F4', 'total_original_no': '#753418', 'vessel_name': '#008076', 'carrier_country': '#6B6BB8', 'gross_quantity': '#CBC3D3', 'transaction_date': '#A0B404', 'consignee_address': '#F1624C', 'O': '#411B04', 'shipper_address': '#C8B346', 'page_no': '#79BA4A', 'goods_description': '#33D322', 'freight_collect_or_prepaid': '#9FACFA', 'agent_country': '#FD3681', 'stamp': '#2D2274', 'consignee_name': '#714BF8', 'country_of_origin': '#15D1E2', 'port_of_loading': '#987A5D', 'carrier_name': '#E22E41', 'place_of_receipt': '#0375B2', 'agent_name': '#0B226D'}
2024-03-23 02:29:03,923 is result_set is instance of dict? True
2024-03-23 02:29:03,925 is final_result_set is instance of dict? True
2024-03-23 02:29:04,168 Time taken for page 1 of Bill_Of_Landing_411_page_0.png:0:00:03.494712
2024-03-23 02:29:04,368 *****Generated All Pages****** for Bill_Of_Landing_411_page_0.png
2024-03-23 02:29:04,368 RAM memory 73.3 used for Bill_Of_Landing_411_page_0.png Generating All Pages:
2024-03-23 02:29:04,368 Processing time taken for all pages of Bill_Of_Landing_411_page_0.png1:0:00:03.705705
2024-03-23 02:29:04,491 file name is:Bill_Of_Landing_360_page_0.png
2024-03-23 02:29:04,492 folder path :Images
2024-03-23 02:29:04,492 Calling Image result
2024-03-23 02:29:04,492 is all_page_result is instance of dict? True
2024-03-23 02:29:04,502 STREAM b'IHDR' 16 13
2024-03-23 02:29:04,502 STREAM b'IDAT' 41 63351
2024-03-23 02:29:04,537 is words is instance of list? True
2024-03-23 02:29:04,537 is bboxes is instance of list? True
2024-03-23 02:29:04,537 is bounding_boxes is instance of list? True
2024-03-23 02:29:04,790 is input_id_chunks is instance of list? True
2024-03-23 02:29:04,790 is mask_chunks is instance of list? True
2024-03-23 02:29:04,791 is bbox_chunks is instance of list? True
2024-03-23 02:29:04,791 is image_chunks is instance of list? True
2024-03-23 02:29:04,791 is input_dict is instance of dict? True
2024-03-23 02:29:07,220 Model Called
2024-03-23 02:29:07,220 RAM memory 73.1 used for Bill_Of_Landing_360_page_0.png:
2024-03-23 02:29:07,220 is all_predictions is instance of list? True
2024-03-23 02:29:07,220 is all_boxes is instance of list? True
2024-03-23 02:29:07,220 is all_confidences is instance of list? True
2024-03-23 02:29:07,220 is all_text is instance of list? True
2024-03-23 02:29:07,221 is label2id is instance of dict? True
2024-03-23 02:29:07,221 is id2label is instance of dict? True
2024-03-23 02:29:07,221 is label2color is instance of dict? True
2024-03-23 02:29:07,222 label2color : {'signature': '#254F71', 'gross_weight': '#221BC3', 'freight_collect_at': '#141E9C', 'shipper_name': '#A458A7', 'notify_party_address': '#EF25B7', 'bol_original_or_copy': '#E12E57', 'mode_of_transport': '#EB04D3', 'voyage_number': '#917D14', 'measurement': '#90182F', 'goods_marks_and_nos': '#E26BFB', 'bol_original_number': '#5EB118', 'container_number': '#4C5FCA', 'dimension': '#78CD86', 'pre_carriage_by': '#98F716', 'bill_of_lading_number': '#87C8AE', 'notify_party_name': '#F0CAFB', 'port_of_discharge': '#6FBD05', 'final_destination': '#DF2E00', 'net_weight': '#4F6712', 'signed_by_master': '#4724FB', 'shipped_onboard_date': '#B67C04', 'lc_date': '#3BE3FB', 'lc_ref_number': '#9000BD', 'signed_by_carrier': '#043DB9', 'place_of_issue': '#C1A9C6', 'bill_of_lading_issue_date': '#816102', 'signed_by_agent': '#1FE1DD', 'total_original_no': '#E54A1A', 'vessel_name': '#B7B23B', 'carrier_country': '#BCFD15', 'gross_quantity': '#666115', 'transaction_date': '#983556', 'consignee_address': '#5B79F3', 'O': '#F3FF96', 'shipper_address': '#C909CA', 'page_no': '#29F56E', 'goods_description': '#F346C2', 'freight_collect_or_prepaid': '#7DC9A3', 'agent_country': '#450B29', 'stamp': '#8C2052', 'consignee_name': '#2E0AD6', 'country_of_origin': '#A92FA1', 'port_of_loading': '#43E83D', 'carrier_name': '#A34D9A', 'place_of_receipt': '#569E8A', 'agent_name': '#CC57BF'}
2024-03-23 02:29:07,472 is result_set is instance of dict? True
2024-03-23 02:29:07,474 is final_result_set is instance of dict? True
2024-03-23 02:29:07,708 Time taken for page 1 of Bill_Of_Landing_360_page_0.png:0:00:03.205566
2024-03-23 02:29:07,890 *****Generated All Pages****** for Bill_Of_Landing_360_page_0.png
2024-03-23 02:29:07,890 RAM memory 73.2 used for Bill_Of_Landing_360_page_0.png Generating All Pages:
2024-03-23 02:29:07,890 Processing time taken for all pages of Bill_Of_Landing_360_page_0.png1:0:00:03.398217
2024-03-23 02:29:08,024 file name is:Bill_Of_Landing_562_page_0.png
2024-03-23 02:29:08,024 folder path :Images
2024-03-23 02:29:08,025 Calling Image result
2024-03-23 02:29:08,025 is all_page_result is instance of dict? True
2024-03-23 02:29:08,025 STREAM b'IHDR' 16 13
2024-03-23 02:29:08,025 STREAM b'IDAT' 41 59804
2024-03-23 02:29:08,056 is words is instance of list? True
2024-03-23 02:29:08,056 is bboxes is instance of list? True
2024-03-23 02:29:08,056 is bounding_boxes is instance of list? True
2024-03-23 02:29:08,277 is input_id_chunks is instance of list? True
2024-03-23 02:29:08,278 is mask_chunks is instance of list? True
2024-03-23 02:29:08,278 is bbox_chunks is instance of list? True
2024-03-23 02:29:08,278 is image_chunks is instance of list? True
2024-03-23 02:29:08,278 is input_dict is instance of dict? True
2024-03-23 02:29:10,855 Model Called
2024-03-23 02:29:10,855 RAM memory 73.4 used for Bill_Of_Landing_562_page_0.png:
2024-03-23 02:29:10,855 is all_predictions is instance of list? True
2024-03-23 02:29:10,855 is all_boxes is instance of list? True
2024-03-23 02:29:10,855 is all_confidences is instance of list? True
2024-03-23 02:29:10,856 is all_text is instance of list? True
2024-03-23 02:29:10,856 is label2id is instance of dict? True
2024-03-23 02:29:10,856 is id2label is instance of dict? True
2024-03-23 02:29:10,858 is label2color is instance of dict? True
2024-03-23 02:29:10,858 label2color : {'signature': '#812289', 'gross_weight': '#5886B2', 'freight_collect_at': '#DADDDA', 'shipper_name': '#05299F', 'notify_party_address': '#A48906', 'bol_original_or_copy': '#67967B', 'mode_of_transport': '#5AFF65', 'voyage_number': '#7EF20C', 'measurement': '#6475AD', 'goods_marks_and_nos': '#E7E90A', 'bol_original_number': '#AFDD20', 'container_number': '#2C0E47', 'dimension': '#597AF1', 'pre_carriage_by': '#A7E0D1', 'bill_of_lading_number': '#B551E3', 'notify_party_name': '#889AD0', 'port_of_discharge': '#A3D10A', 'final_destination': '#788BBB', 'net_weight': '#CD39E3', 'signed_by_master': '#8152FE', 'shipped_onboard_date': '#AE953F', 'lc_date': '#4DA120', 'lc_ref_number': '#4AB12A', 'signed_by_carrier': '#E8353C', 'place_of_issue': '#1464FB', 'bill_of_lading_issue_date': '#5D24F8', 'signed_by_agent': '#9E6B86', 'total_original_no': '#30EE31', 'vessel_name': '#8FBFC4', 'carrier_country': '#9183E2', 'gross_quantity': '#028DD2', 'transaction_date': '#BC3B8F', 'consignee_address': '#9669C9', 'O': '#182B21', 'shipper_address': '#86B682', 'page_no': '#A60FA9', 'goods_description': '#2BB136', 'freight_collect_or_prepaid': '#EBDE75', 'agent_country': '#7B0A43', 'stamp': '#2067BF', 'consignee_name': '#E9A4EB', 'country_of_origin': '#E01E5A', 'port_of_loading': '#FC9A8A', 'carrier_name': '#CEC46C', 'place_of_receipt': '#53B34F', 'agent_name': '#72BCD9'}
2024-03-23 02:29:11,055 is result_set is instance of dict? True
2024-03-23 02:29:11,056 is final_result_set is instance of dict? True
2024-03-23 02:29:11,284 Time taken for page 1 of Bill_Of_Landing_562_page_0.png:0:00:03.258301
2024-03-23 02:29:11,447 *****Generated All Pages****** for Bill_Of_Landing_562_page_0.png
2024-03-23 02:29:11,447 RAM memory 73.4 used for Bill_Of_Landing_562_page_0.png Generating All Pages:
2024-03-23 02:29:11,448 Processing time taken for all pages of Bill_Of_Landing_562_page_0.png1:0:00:03.422931
2024-03-23 02:29:11,560 file name is:Bill_Of_Landing_680_page_0.png
2024-03-23 02:29:11,560 folder path :Images
2024-03-23 02:29:11,560 Calling Image result
2024-03-23 02:29:11,560 is all_page_result is instance of dict? True
2024-03-23 02:29:11,561 STREAM b'IHDR' 16 13
2024-03-23 02:29:11,561 STREAM b'IDAT' 41 65536
2024-03-23 02:29:11,641 is words is instance of list? True
2024-03-23 02:29:11,641 is bboxes is instance of list? True
2024-03-23 02:29:11,641 is bounding_boxes is instance of list? True
2024-03-23 02:29:12,142 is input_id_chunks is instance of list? True
2024-03-23 02:29:12,142 is mask_chunks is instance of list? True
2024-03-23 02:29:12,142 is bbox_chunks is instance of list? True
2024-03-23 02:29:12,142 is image_chunks is instance of list? True
2024-03-23 02:29:12,143 is input_dict is instance of dict? True
2024-03-23 02:29:14,552 Model Called
2024-03-23 02:29:14,553 RAM memory 73.5 used for Bill_Of_Landing_680_page_0.png:
2024-03-23 02:29:14,553 is all_predictions is instance of list? True
2024-03-23 02:29:14,553 is all_boxes is instance of list? True
2024-03-23 02:29:14,553 is all_confidences is instance of list? True
2024-03-23 02:29:14,553 is all_text is instance of list? True
2024-03-23 02:29:14,553 is label2id is instance of dict? True
2024-03-23 02:29:14,553 is id2label is instance of dict? True
2024-03-23 02:29:14,554 is label2color is instance of dict? True
2024-03-23 02:29:14,554 label2color : {'signature': '#3C879B', 'gross_weight': '#A7A8CE', 'freight_collect_at': '#560E09', 'shipper_name': '#1DBFB7', 'notify_party_address': '#C77CD3', 'bol_original_or_copy': '#170820', 'mode_of_transport': '#042100', 'voyage_number': '#052B4C', 'measurement': '#9D7623', 'goods_marks_and_nos': '#16812D', 'bol_original_number': '#D4E31D', 'container_number': '#4770B5', 'dimension': '#690027', 'pre_carriage_by': '#85942F', 'bill_of_lading_number': '#C1D1EC', 'notify_party_name': '#A3E064', 'port_of_discharge': '#FBC537', 'final_destination': '#8E4397', 'net_weight': '#A2679D', 'signed_by_master': '#0F74E1', 'shipped_onboard_date': '#349E95', 'lc_date': '#4E9D6F', 'lc_ref_number': '#AB0881', 'signed_by_carrier': '#6AEB21', 'place_of_issue': '#093CC5', 'bill_of_lading_issue_date': '#02190B', 'signed_by_agent': '#4F36C1', 'total_original_no': '#936D07', 'vessel_name': '#C578CA', 'carrier_country': '#703EA6', 'gross_quantity': '#B77709', 'transaction_date': '#C6993A', 'consignee_address': '#1E9F65', 'O': '#785F06', 'shipper_address': '#B5F0D0', 'page_no': '#23F41F', 'goods_description': '#982723', 'freight_collect_or_prepaid': '#8E9736', 'agent_country': '#D801F8', 'stamp': '#32CE19', 'consignee_name': '#51DF46', 'country_of_origin': '#284A5F', 'port_of_loading': '#1A1750', 'carrier_name': '#AD9708', 'place_of_receipt': '#8669CA', 'agent_name': '#70BF69'}
2024-03-23 02:29:14,990 is result_set is instance of dict? True
2024-03-23 02:29:14,991 is final_result_set is instance of dict? True
2024-03-23 02:29:15,293 Time taken for page 1 of Bill_Of_Landing_680_page_0.png:0:00:03.731661
2024-03-23 02:29:15,616 *****Generated All Pages****** for Bill_Of_Landing_680_page_0.png
2024-03-23 02:29:15,616 RAM memory 73.3 used for Bill_Of_Landing_680_page_0.png Generating All Pages:
2024-03-23 02:29:15,616 Processing time taken for all pages of Bill_Of_Landing_680_page_0.png1:0:00:04.056121
2024-03-23 02:29:15,737 file name is:Bill_Of_Landing_562_page_30.png
2024-03-23 02:29:15,737 folder path :Images
2024-03-23 02:29:15,737 Calling Image result
2024-03-23 02:29:15,737 is all_page_result is instance of dict? True
2024-03-23 02:29:15,748 STREAM b'IHDR' 16 13
2024-03-23 02:29:15,748 STREAM b'IDAT' 41 65536
2024-03-23 02:29:15,781 is words is instance of list? True
2024-03-23 02:29:15,781 is bboxes is instance of list? True
2024-03-23 02:29:15,781 is bounding_boxes is instance of list? True
2024-03-23 02:29:15,994 is input_id_chunks is instance of list? True
2024-03-23 02:29:15,994 is mask_chunks is instance of list? True
2024-03-23 02:29:15,994 is bbox_chunks is instance of list? True
2024-03-23 02:29:15,994 is image_chunks is instance of list? True
2024-03-23 02:29:15,994 is input_dict is instance of dict? True
2024-03-23 02:29:18,589 Model Called
2024-03-23 02:29:18,590 RAM memory 73.1 used for Bill_Of_Landing_562_page_30.png:
2024-03-23 02:29:18,590 is all_predictions is instance of list? True
2024-03-23 02:29:18,590 is all_boxes is instance of list? True
2024-03-23 02:29:18,590 is all_confidences is instance of list? True
2024-03-23 02:29:18,590 is all_text is instance of list? True
2024-03-23 02:29:18,591 is label2id is instance of dict? True
2024-03-23 02:29:18,591 is id2label is instance of dict? True
2024-03-23 02:29:18,591 is label2color is instance of dict? True
2024-03-23 02:29:18,592 label2color : {'signature': '#0D09B9', 'gross_weight': '#7AA48C', 'freight_collect_at': '#BEA873', 'shipper_name': '#D5A2DF', 'notify_party_address': '#DD0ECD', 'bol_original_or_copy': '#D3D94A', 'mode_of_transport': '#1FDE40', 'voyage_number': '#FE681B', 'measurement': '#826A02', 'goods_marks_and_nos': '#389EA4', 'bol_original_number': '#726F04', 'container_number': '#B6DCA8', 'dimension': '#18100D', 'pre_carriage_by': '#5D9AD0', 'bill_of_lading_number': '#04F5C1', 'notify_party_name': '#5484CD', 'port_of_discharge': '#CE59B7', 'final_destination': '#4D7566', 'net_weight': '#5C0E46', 'signed_by_master': '#830CC7', 'shipped_onboard_date': '#0B5410', 'lc_date': '#71B146', 'lc_ref_number': '#E5A996', 'signed_by_carrier': '#9D6BA1', 'place_of_issue': '#65C60F', 'bill_of_lading_issue_date': '#B8B94F', 'signed_by_agent': '#110A42', 'total_original_no': '#201562', 'vessel_name': '#8F2D26', 'carrier_country': '#2C62CF', 'gross_quantity': '#D88E92', 'transaction_date': '#D44A63', 'consignee_address': '#1D4591', 'O': '#F45B95', 'shipper_address': '#B2BD19', 'page_no': '#C8545A', 'goods_description': '#72B363', 'freight_collect_or_prepaid': '#D04131', 'agent_country': '#A928D8', 'stamp': '#32FFCF', 'consignee_name': '#3E8F3C', 'country_of_origin': '#D69441', 'port_of_loading': '#E0FA6C', 'carrier_name': '#0AEA3B', 'place_of_receipt': '#6DC0DF', 'agent_name': '#7DD0D5'}
2024-03-23 02:29:18,829 is result_set is instance of dict? True
2024-03-23 02:29:18,830 is final_result_set is instance of dict? True
2024-03-23 02:29:19,009 Time taken for page 1 of Bill_Of_Landing_562_page_30.png:0:00:03.260977
2024-03-23 02:29:19,151 *****Generated All Pages****** for Bill_Of_Landing_562_page_30.png
2024-03-23 02:29:19,151 RAM memory 73.1 used for Bill_Of_Landing_562_page_30.png Generating All Pages:
2024-03-23 02:29:19,151 Processing time taken for all pages of Bill_Of_Landing_562_page_30.png1:0:00:03.414130
2024-03-23 02:29:19,261 file name is:Bill_Of_Landing_634_page_0.png
2024-03-23 02:29:19,261 folder path :Images
2024-03-23 02:29:19,261 Calling Image result
2024-03-23 02:29:19,261 is all_page_result is instance of dict? True
2024-03-23 02:29:19,272 STREAM b'IHDR' 16 13
2024-03-23 02:29:19,272 STREAM b'IDAT' 41 65536
2024-03-23 02:29:19,308 is words is instance of list? True
2024-03-23 02:29:19,308 is bboxes is instance of list? True
2024-03-23 02:29:19,308 is bounding_boxes is instance of list? True
2024-03-23 02:29:19,523 is input_id_chunks is instance of list? True
2024-03-23 02:29:19,523 is mask_chunks is instance of list? True
2024-03-23 02:29:19,523 is bbox_chunks is instance of list? True
2024-03-23 02:29:19,523 is image_chunks is instance of list? True
2024-03-23 02:29:19,524 is input_dict is instance of dict? True
2024-03-23 02:29:21,858 Model Called
2024-03-23 02:29:21,858 RAM memory 73.3 used for Bill_Of_Landing_634_page_0.png:
2024-03-23 02:29:21,859 is all_predictions is instance of list? True
2024-03-23 02:29:21,859 is all_boxes is instance of list? True
2024-03-23 02:29:21,859 is all_confidences is instance of list? True
2024-03-23 02:29:21,859 is all_text is instance of list? True
2024-03-23 02:29:21,859 is label2id is instance of dict? True
2024-03-23 02:29:21,859 is id2label is instance of dict? True
2024-03-23 02:29:21,860 is label2color is instance of dict? True
2024-03-23 02:29:21,860 label2color : {'signature': '#4DA970', 'gross_weight': '#4D1FF5', 'freight_collect_at': '#2B98B5', 'shipper_name': '#1DFB03', 'notify_party_address': '#A20766', 'bol_original_or_copy': '#3C0A3B', 'mode_of_transport': '#C56163', 'voyage_number': '#FE5718', 'measurement': '#1E9663', 'goods_marks_and_nos': '#73AC1C', 'bol_original_number': '#C3FCE3', 'container_number': '#429150', 'dimension': '#9D8331', 'pre_carriage_by': '#905033', 'bill_of_lading_number': '#3AA092', 'notify_party_name': '#01D8AB', 'port_of_discharge': '#507B9E', 'final_destination': '#437A03', 'net_weight': '#AC6F5C', 'signed_by_master': '#E4A34C', 'shipped_onboard_date': '#6559B7', 'lc_date': '#C00933', 'lc_ref_number': '#3BA064', 'signed_by_carrier': '#5EBA2B', 'place_of_issue': '#9C7445', 'bill_of_lading_issue_date': '#A62623', 'signed_by_agent': '#042504', 'total_original_no': '#3B33B9', 'vessel_name': '#201173', 'carrier_country': '#FD9461', 'gross_quantity': '#0D8450', 'transaction_date': '#1D947E', 'consignee_address': '#F4BA03', 'O': '#80EFF1', 'shipper_address': '#0E22B3', 'page_no': '#62203D', 'goods_description': '#2E5ABA', 'freight_collect_or_prepaid': '#169DA1', 'agent_country': '#B87D8A', 'stamp': '#D70F00', 'consignee_name': '#E166BA', 'country_of_origin': '#57D816', 'port_of_loading': '#F507C4', 'carrier_name': '#D29EAC', 'place_of_receipt': '#012D12', 'agent_name': '#11C460'}
2024-03-23 02:29:22,047 is result_set is instance of dict? True
2024-03-23 02:29:22,049 is final_result_set is instance of dict? True
2024-03-23 02:29:22,257 Time taken for page 1 of Bill_Of_Landing_634_page_0.png:0:00:02.984258
2024-03-23 02:29:22,417 *****Generated All Pages****** for Bill_Of_Landing_634_page_0.png
2024-03-23 02:29:22,417 RAM memory 73.3 used for Bill_Of_Landing_634_page_0.png Generating All Pages:
2024-03-23 02:29:22,417 Processing time taken for all pages of Bill_Of_Landing_634_page_0.png1:0:00:03.155819
2024-03-23 02:29:22,527 file name is:Bill_Of_Landing_899_page_21.png
2024-03-23 02:29:22,527 folder path :Images
2024-03-23 02:29:22,527 Calling Image result
2024-03-23 02:29:22,527 is all_page_result is instance of dict? True
2024-03-23 02:29:22,538 STREAM b'IHDR' 16 13
2024-03-23 02:29:22,538 STREAM b'IDAT' 41 65536
2024-03-23 02:29:22,574 is words is instance of list? True
2024-03-23 02:29:22,574 is bboxes is instance of list? True
2024-03-23 02:29:22,574 is bounding_boxes is instance of list? True
2024-03-23 02:29:22,777 is input_id_chunks is instance of list? True
2024-03-23 02:29:22,777 is mask_chunks is instance of list? True
2024-03-23 02:29:22,777 is bbox_chunks is instance of list? True
2024-03-23 02:29:22,777 is image_chunks is instance of list? True
2024-03-23 02:29:22,778 is input_dict is instance of dict? True
2024-03-23 02:29:25,497 Model Called
2024-03-23 02:29:25,497 RAM memory 73.2 used for Bill_Of_Landing_899_page_21.png:
2024-03-23 02:29:25,497 is all_predictions is instance of list? True
2024-03-23 02:29:25,497 is all_boxes is instance of list? True
2024-03-23 02:29:25,497 is all_confidences is instance of list? True
2024-03-23 02:29:25,497 is all_text is instance of list? True
2024-03-23 02:29:25,498 is label2id is instance of dict? True
2024-03-23 02:29:25,498 is id2label is instance of dict? True
2024-03-23 02:29:25,499 is label2color is instance of dict? True
2024-03-23 02:29:25,499 label2color : {'signature': '#F7370A', 'gross_weight': '#0F51BA', 'freight_collect_at': '#C68A2F', 'shipper_name': '#5D94C8', 'notify_party_address': '#457463', 'bol_original_or_copy': '#204FDC', 'mode_of_transport': '#39F7D7', 'voyage_number': '#0DEBBD', 'measurement': '#34F799', 'goods_marks_and_nos': '#04291D', 'bol_original_number': '#2C5029', 'container_number': '#35DE5F', 'dimension': '#6DB2FA', 'pre_carriage_by': '#2F7C10', 'bill_of_lading_number': '#27DC3F', 'notify_party_name': '#33C8D5', 'port_of_discharge': '#79CD0E', 'final_destination': '#0B4712', 'net_weight': '#0C7AA9', 'signed_by_master': '#4CE305', 'shipped_onboard_date': '#C2ECBC', 'lc_date': '#282223', 'lc_ref_number': '#0B4746', 'signed_by_carrier': '#268066', 'place_of_issue': '#EABB91', 'bill_of_lading_issue_date': '#782126', 'signed_by_agent': '#9014AA', 'total_original_no': '#237CBA', 'vessel_name': '#829C0B', 'carrier_country': '#2C88D1', 'gross_quantity': '#E338A7', 'transaction_date': '#DEA24B', 'consignee_address': '#752CFD', 'O': '#1FDE39', 'shipper_address': '#ECC7D4', 'page_no': '#00F9D6', 'goods_description': '#F925EB', 'freight_collect_or_prepaid': '#763383', 'agent_country': '#690F07', 'stamp': '#C69CA0', 'consignee_name': '#ADE806', 'country_of_origin': '#870D30', 'port_of_loading': '#4A4EC1', 'carrier_name': '#AAC954', 'place_of_receipt': '#54F896', 'agent_name': '#300276'}
2024-03-23 02:29:25,762 is result_set is instance of dict? True
2024-03-23 02:29:25,764 is final_result_set is instance of dict? True
2024-03-23 02:29:26,067 Time taken for page 1 of Bill_Of_Landing_899_page_21.png:0:00:03.528275
2024-03-23 02:29:26,238 *****Generated All Pages****** for Bill_Of_Landing_899_page_21.png
2024-03-23 02:29:26,238 RAM memory 73.2 used for Bill_Of_Landing_899_page_21.png Generating All Pages:
2024-03-23 02:29:26,238 Processing time taken for all pages of Bill_Of_Landing_899_page_21.png1:0:00:03.710554
2024-03-23 02:29:26,375 file name is:Bill_Of_Landing_562_page_17.png
2024-03-23 02:29:26,375 folder path :Images
2024-03-23 02:29:26,375 Calling Image result
2024-03-23 02:29:26,375 is all_page_result is instance of dict? True
2024-03-23 02:29:26,386 STREAM b'IHDR' 16 13
2024-03-23 02:29:26,386 STREAM b'IDAT' 41 65536
2024-03-23 02:29:26,421 is words is instance of list? True
2024-03-23 02:29:26,421 is bboxes is instance of list? True
2024-03-23 02:29:26,421 is bounding_boxes is instance of list? True
2024-03-23 02:29:26,658 is input_id_chunks is instance of list? True
2024-03-23 02:29:26,659 is mask_chunks is instance of list? True
2024-03-23 02:29:26,659 is bbox_chunks is instance of list? True
2024-03-23 02:29:26,659 is image_chunks is instance of list? True
2024-03-23 02:29:26,659 is input_dict is instance of dict? True
2024-03-23 02:29:29,003 Model Called
2024-03-23 02:29:29,003 RAM memory 73.3 used for Bill_Of_Landing_562_page_17.png:
2024-03-23 02:29:29,003 is all_predictions is instance of list? True
2024-03-23 02:29:29,003 is all_boxes is instance of list? True
2024-03-23 02:29:29,003 is all_confidences is instance of list? True
2024-03-23 02:29:29,003 is all_text is instance of list? True
2024-03-23 02:29:29,004 is label2id is instance of dict? True
2024-03-23 02:29:29,004 is id2label is instance of dict? True
2024-03-23 02:29:29,005 is label2color is instance of dict? True
2024-03-23 02:29:29,005 label2color : {'signature': '#01698C', 'gross_weight': '#46D22C', 'freight_collect_at': '#6FDD31', 'shipper_name': '#E64DD2', 'notify_party_address': '#624358', 'bol_original_or_copy': '#35DB3E', 'mode_of_transport': '#530DC0', 'voyage_number': '#909531', 'measurement': '#5DBBA1', 'goods_marks_and_nos': '#43A6A7', 'bol_original_number': '#B1B332', 'container_number': '#7C237B', 'dimension': '#51162D', 'pre_carriage_by': '#0DDC4B', 'bill_of_lading_number': '#A34991', 'notify_party_name': '#5A3146', 'port_of_discharge': '#B8DE64', 'final_destination': '#594B67', 'net_weight': '#855C71', 'signed_by_master': '#871C84', 'shipped_onboard_date': '#A64F82', 'lc_date': '#88AE18', 'lc_ref_number': '#F3CA8F', 'signed_by_carrier': '#58633D', 'place_of_issue': '#C2C101', 'bill_of_lading_issue_date': '#1D408C', 'signed_by_agent': '#F08EFB', 'total_original_no': '#F30990', 'vessel_name': '#434E3B', 'carrier_country': '#A00DEE', 'gross_quantity': '#90769E', 'transaction_date': '#C73BC7', 'consignee_address': '#48B707', 'O': '#B76DE5', 'shipper_address': '#27EDF6', 'page_no': '#310165', 'goods_description': '#2488E7', 'freight_collect_or_prepaid': '#376F75', 'agent_country': '#6AE2C6', 'stamp': '#BAC685', 'consignee_name': '#13B14D', 'country_of_origin': '#DAD28E', 'port_of_loading': '#CE8D05', 'carrier_name': '#7D34DD', 'place_of_receipt': '#9DF739', 'agent_name': '#D55339'}
2024-03-23 02:29:29,210 is result_set is instance of dict? True
2024-03-23 02:29:29,211 is final_result_set is instance of dict? True
2024-03-23 02:29:29,411 Time taken for page 1 of Bill_Of_Landing_562_page_17.png:0:00:03.024920
2024-03-23 02:29:29,553 *****Generated All Pages****** for Bill_Of_Landing_562_page_17.png
2024-03-23 02:29:29,554 RAM memory 73.3 used for Bill_Of_Landing_562_page_17.png Generating All Pages:
2024-03-23 02:29:29,554 Processing time taken for all pages of Bill_Of_Landing_562_page_17.png1:0:00:03.178571
2024-03-23 02:29:29,669 file name is:Bill_Of_Landing_562_page_47.png
2024-03-23 02:29:29,669 folder path :Images
2024-03-23 02:29:29,669 Calling Image result
2024-03-23 02:29:29,669 is all_page_result is instance of dict? True
2024-03-23 02:29:29,680 STREAM b'IHDR' 16 13
2024-03-23 02:29:29,680 STREAM b'IDAT' 41 65536
2024-03-23 02:29:29,713 is words is instance of list? True
2024-03-23 02:29:29,713 is bboxes is instance of list? True
2024-03-23 02:29:29,713 is bounding_boxes is instance of list? True
2024-03-23 02:29:29,914 is input_id_chunks is instance of list? True
2024-03-23 02:29:29,914 is mask_chunks is instance of list? True
2024-03-23 02:29:29,914 is bbox_chunks is instance of list? True
2024-03-23 02:29:29,915 is image_chunks is instance of list? True
2024-03-23 02:29:29,915 is input_dict is instance of dict? True
2024-03-23 02:29:32,204 Model Called
2024-03-23 02:29:32,204 RAM memory 73.0 used for Bill_Of_Landing_562_page_47.png:
2024-03-23 02:29:32,204 is all_predictions is instance of list? True
2024-03-23 02:29:32,205 is all_boxes is instance of list? True
2024-03-23 02:29:32,205 is all_confidences is instance of list? True
2024-03-23 02:29:32,205 is all_text is instance of list? True
2024-03-23 02:29:32,205 is label2id is instance of dict? True
2024-03-23 02:29:32,205 is id2label is instance of dict? True
2024-03-23 02:29:32,206 is label2color is instance of dict? True
2024-03-23 02:29:32,206 label2color : {'signature': '#293791', 'gross_weight': '#2E304C', 'freight_collect_at': '#4A7775', 'shipper_name': '#9DA402', 'notify_party_address': '#558B6B', 'bol_original_or_copy': '#48BF6B', 'mode_of_transport': '#926133', 'voyage_number': '#3D0631', 'measurement': '#E05520', 'goods_marks_and_nos': '#D7CCC5', 'bol_original_number': '#C01926', 'container_number': '#D98B47', 'dimension': '#FC58DD', 'pre_carriage_by': '#4293F2', 'bill_of_lading_number': '#C6A447', 'notify_party_name': '#EBBB0E', 'port_of_discharge': '#16E955', 'final_destination': '#3C0CDB', 'net_weight': '#D3E8E3', 'signed_by_master': '#2C36DE', 'shipped_onboard_date': '#8F1341', 'lc_date': '#F10CAB', 'lc_ref_number': '#B09723', 'signed_by_carrier': '#8574B4', 'place_of_issue': '#D96DB0', 'bill_of_lading_issue_date': '#2D7562', 'signed_by_agent': '#D381C3', 'total_original_no': '#5891CD', 'vessel_name': '#C367FA', 'carrier_country': '#0A6C72', 'gross_quantity': '#8F9E25', 'transaction_date': '#7CB0AE', 'consignee_address': '#B34E1F', 'O': '#8FB80D', 'shipper_address': '#2D505C', 'page_no': '#9C6FFD', 'goods_description': '#886E29', 'freight_collect_or_prepaid': '#F4A77C', 'agent_country': '#04FABC', 'stamp': '#271932', 'consignee_name': '#3315F0', 'country_of_origin': '#6EE00C', 'port_of_loading': '#6FE79D', 'carrier_name': '#C20870', 'place_of_receipt': '#83DBD3', 'agent_name': '#8066B4'}
2024-03-23 02:29:32,417 is result_set is instance of dict? True
2024-03-23 02:29:32,419 is final_result_set is instance of dict? True
2024-03-23 02:29:32,650 Time taken for page 1 of Bill_Of_Landing_562_page_47.png:0:00:02.969606
2024-03-23 02:29:32,826 *****Generated All Pages****** for Bill_Of_Landing_562_page_47.png
2024-03-23 02:29:32,826 RAM memory 73.0 used for Bill_Of_Landing_562_page_47.png Generating All Pages:
2024-03-23 02:29:32,826 Processing time taken for all pages of Bill_Of_Landing_562_page_47.png1:0:00:03.157467
2024-03-23 02:29:32,948 file name is:Bill_Of_Landing_521_page_7.png
2024-03-23 02:29:32,948 folder path :Images
2024-03-23 02:29:32,948 Calling Image result
2024-03-23 02:29:32,948 is all_page_result is instance of dict? True
2024-03-23 02:29:32,986 STREAM b'IHDR' 16 13
2024-03-23 02:29:32,986 STREAM b'IDAT' 41 65536
2024-03-23 02:29:33,028 is words is instance of list? True
2024-03-23 02:29:33,028 is bboxes is instance of list? True
2024-03-23 02:29:33,028 is bounding_boxes is instance of list? True
2024-03-23 02:29:33,277 is input_id_chunks is instance of list? True
2024-03-23 02:29:33,277 is mask_chunks is instance of list? True
2024-03-23 02:29:33,277 is bbox_chunks is instance of list? True
2024-03-23 02:29:33,277 is image_chunks is instance of list? True
2024-03-23 02:29:33,279 is input_dict is instance of dict? True
2024-03-23 02:29:36,838 Model Called
2024-03-23 02:29:36,838 RAM memory 73.3 used for Bill_Of_Landing_521_page_7.png:
2024-03-23 02:29:36,838 is all_predictions is instance of list? True
2024-03-23 02:29:36,838 is all_boxes is instance of list? True
2024-03-23 02:29:36,838 is all_confidences is instance of list? True
2024-03-23 02:29:36,839 is all_text is instance of list? True
2024-03-23 02:29:36,839 is label2id is instance of dict? True
2024-03-23 02:29:36,839 is id2label is instance of dict? True
2024-03-23 02:29:36,840 is label2color is instance of dict? True
2024-03-23 02:29:36,840 label2color : {'signature': '#455249', 'gross_weight': '#6D95C7', 'freight_collect_at': '#D1FA88', 'shipper_name': '#100E97', 'notify_party_address': '#E62F67', 'bol_original_or_copy': '#811C11', 'mode_of_transport': '#02520B', 'voyage_number': '#F0C265', 'measurement': '#2AFA3D', 'goods_marks_and_nos': '#56B1C9', 'bol_original_number': '#79E1B7', 'container_number': '#2D38B2', 'dimension': '#D10697', 'pre_carriage_by': '#294B86', 'bill_of_lading_number': '#3660E3', 'notify_party_name': '#56286E', 'port_of_discharge': '#C152E9', 'final_destination': '#39E902', 'net_weight': '#916F6F', 'signed_by_master': '#F32E61', 'shipped_onboard_date': '#5BB959', 'lc_date': '#5DE42A', 'lc_ref_number': '#E47AC1', 'signed_by_carrier': '#B1B4E2', 'place_of_issue': '#590D37', 'bill_of_lading_issue_date': '#D45BAE', 'signed_by_agent': '#047DB5', 'total_original_no': '#A62CBA', 'vessel_name': '#CBF70C', 'carrier_country': '#F6D553', 'gross_quantity': '#B1C26E', 'transaction_date': '#D17521', 'consignee_address': '#B77A4C', 'O': '#7CCFF3', 'shipper_address': '#B257D5', 'page_no': '#E54F01', 'goods_description': '#F5E1F6', 'freight_collect_or_prepaid': '#27F8CF', 'agent_country': '#0EE3F5', 'stamp': '#D9DC22', 'consignee_name': '#E98EE7', 'country_of_origin': '#AA67F7', 'port_of_loading': '#75A4E0', 'carrier_name': '#DD8D58', 'place_of_receipt': '#93C961', 'agent_name': '#CA54F4'}
2024-03-23 02:29:37,090 is result_set is instance of dict? True
2024-03-23 02:29:37,092 is final_result_set is instance of dict? True
2024-03-23 02:29:37,434 Time taken for page 1 of Bill_Of_Landing_521_page_7.png:0:00:04.447418
2024-03-23 02:29:37,597 *****Generated All Pages****** for Bill_Of_Landing_521_page_7.png
2024-03-23 02:29:37,597 RAM memory 73.1 used for Bill_Of_Landing_521_page_7.png Generating All Pages:
2024-03-23 02:29:37,597 Processing time taken for all pages of Bill_Of_Landing_521_page_7.png1:0:00:04.648881
2024-03-23 02:29:37,710 file name is:Bill_Of_Landing_511_page_1.png
2024-03-23 02:29:37,710 folder path :Images
2024-03-23 02:29:37,710 Calling Image result
2024-03-23 02:29:37,710 is all_page_result is instance of dict? True
2024-03-23 02:29:37,721 STREAM b'IHDR' 16 13
2024-03-23 02:29:37,721 STREAM b'IDAT' 41 65536
2024-03-23 02:29:37,755 is words is instance of list? True
2024-03-23 02:29:37,755 is bboxes is instance of list? True
2024-03-23 02:29:37,755 is bounding_boxes is instance of list? True
2024-03-23 02:29:37,961 is input_id_chunks is instance of list? True
2024-03-23 02:29:37,961 is mask_chunks is instance of list? True
2024-03-23 02:29:37,961 is bbox_chunks is instance of list? True
2024-03-23 02:29:37,961 is image_chunks is instance of list? True
2024-03-23 02:29:37,962 is input_dict is instance of dict? True
2024-03-23 02:29:40,402 Model Called
2024-03-23 02:29:40,403 RAM memory 73.2 used for Bill_Of_Landing_511_page_1.png:
2024-03-23 02:29:40,403 is all_predictions is instance of list? True
2024-03-23 02:29:40,403 is all_boxes is instance of list? True
2024-03-23 02:29:40,403 is all_confidences is instance of list? True
2024-03-23 02:29:40,403 is all_text is instance of list? True
2024-03-23 02:29:40,403 is label2id is instance of dict? True
2024-03-23 02:29:40,403 is id2label is instance of dict? True
2024-03-23 02:29:40,404 is label2color is instance of dict? True
2024-03-23 02:29:40,404 label2color : {'signature': '#026B48', 'gross_weight': '#B4F84B', 'freight_collect_at': '#AD2549', 'shipper_name': '#C31C8E', 'notify_party_address': '#9B1E40', 'bol_original_or_copy': '#088BED', 'mode_of_transport': '#D22750', 'voyage_number': '#2F44BD', 'measurement': '#F1A6D2', 'goods_marks_and_nos': '#52590E', 'bol_original_number': '#6C39CE', 'container_number': '#1D7605', 'dimension': '#474E62', 'pre_carriage_by': '#C9D9AB', 'bill_of_lading_number': '#701376', 'notify_party_name': '#8A2FD8', 'port_of_discharge': '#F99D81', 'final_destination': '#19637E', 'net_weight': '#1EC413', 'signed_by_master': '#F00A94', 'shipped_onboard_date': '#336C29', 'lc_date': '#781A00', 'lc_ref_number': '#149443', 'signed_by_carrier': '#6AE5D1', 'place_of_issue': '#66A010', 'bill_of_lading_issue_date': '#2442BC', 'signed_by_agent': '#92961F', 'total_original_no': '#68C114', 'vessel_name': '#5084BF', 'carrier_country': '#E8C3A2', 'gross_quantity': '#3BF319', 'transaction_date': '#165303', 'consignee_address': '#27F48C', 'O': '#C5B463', 'shipper_address': '#5DFC7B', 'page_no': '#3E1366', 'goods_description': '#ABBCF7', 'freight_collect_or_prepaid': '#00FEB1', 'agent_country': '#D76FBB', 'stamp': '#E9BEDA', 'consignee_name': '#28385D', 'country_of_origin': '#77C809', 'port_of_loading': '#12935F', 'carrier_name': '#B2BA4E', 'place_of_receipt': '#6C338C', 'agent_name': '#7926ED'}
2024-03-23 02:29:40,612 is result_set is instance of dict? True
2024-03-23 02:29:40,614 is final_result_set is instance of dict? True
2024-03-23 02:29:40,884 Time taken for page 1 of Bill_Of_Landing_511_page_1.png:0:00:03.163294
2024-03-23 02:29:41,065 *****Generated All Pages****** for Bill_Of_Landing_511_page_1.png
2024-03-23 02:29:41,065 RAM memory 73.1 used for Bill_Of_Landing_511_page_1.png Generating All Pages:
2024-03-23 02:29:41,065 Processing time taken for all pages of Bill_Of_Landing_511_page_1.png1:0:00:03.355251
2024-03-23 02:29:41,216 file name is:Bill_Of_Landing_774_page_0.png
2024-03-23 02:29:41,216 folder path :Images
2024-03-23 02:29:41,216 Calling Image result
2024-03-23 02:29:41,216 is all_page_result is instance of dict? True
2024-03-23 02:29:41,227 STREAM b'IHDR' 16 13
2024-03-23 02:29:41,227 STREAM b'IDAT' 41 65536
2024-03-23 02:29:41,303 is words is instance of list? True
2024-03-23 02:29:41,303 is bboxes is instance of list? True
2024-03-23 02:29:41,303 is bounding_boxes is instance of list? True
2024-03-23 02:29:41,815 is input_id_chunks is instance of list? True
2024-03-23 02:29:41,815 is mask_chunks is instance of list? True
2024-03-23 02:29:41,815 is bbox_chunks is instance of list? True
2024-03-23 02:29:41,815 is image_chunks is instance of list? True
2024-03-23 02:29:41,816 is input_dict is instance of dict? True
2024-03-23 02:29:45,501 Model Called
2024-03-23 02:29:45,501 RAM memory 72.8 used for Bill_Of_Landing_774_page_0.png:
2024-03-23 02:29:45,501 is all_predictions is instance of list? True
2024-03-23 02:29:45,501 is all_boxes is instance of list? True
2024-03-23 02:29:45,501 is all_confidences is instance of list? True
2024-03-23 02:29:45,502 is all_text is instance of list? True
2024-03-23 02:29:45,502 is label2id is instance of dict? True
2024-03-23 02:29:45,502 is id2label is instance of dict? True
2024-03-23 02:29:45,503 is label2color is instance of dict? True
2024-03-23 02:29:45,503 label2color : {'signature': '#361E2F', 'gross_weight': '#62FEB9', 'freight_collect_at': '#9C2EF8', 'shipper_name': '#005CD9', 'notify_party_address': '#009D14', 'bol_original_or_copy': '#9C8569', 'mode_of_transport': '#8EBDE9', 'voyage_number': '#68948B', 'measurement': '#81D53C', 'goods_marks_and_nos': '#1BBEFA', 'bol_original_number': '#EF5290', 'container_number': '#D0BC2F', 'dimension': '#8E4113', 'pre_carriage_by': '#D9487B', 'bill_of_lading_number': '#FC665F', 'notify_party_name': '#B3808D', 'port_of_discharge': '#1E66E0', 'final_destination': '#D552E7', 'net_weight': '#74098A', 'signed_by_master': '#393BEE', 'shipped_onboard_date': '#ABD295', 'lc_date': '#07ECF7', 'lc_ref_number': '#18407A', 'signed_by_carrier': '#BE2797', 'place_of_issue': '#E9F19D', 'bill_of_lading_issue_date': '#023B46', 'signed_by_agent': '#55F012', 'total_original_no': '#F1DF0B', 'vessel_name': '#1C7FAF', 'carrier_country': '#A5CADA', 'gross_quantity': '#61D081', 'transaction_date': '#C783A0', 'consignee_address': '#92ADBB', 'O': '#1FD36B', 'shipper_address': '#1769FF', 'page_no': '#836E9C', 'goods_description': '#15A5C6', 'freight_collect_or_prepaid': '#A9E92C', 'agent_country': '#61D4C7', 'stamp': '#767EDA', 'consignee_name': '#A784BE', 'country_of_origin': '#F86A9E', 'port_of_loading': '#4408AB', 'carrier_name': '#1025AA', 'place_of_receipt': '#217F42', 'agent_name': '#B0BFA2'}
2024-03-23 02:29:46,153 is result_set is instance of dict? True
2024-03-23 02:29:46,155 is final_result_set is instance of dict? True
2024-03-23 02:29:46,430 Time taken for page 1 of Bill_Of_Landing_774_page_0.png:0:00:05.202827
2024-03-23 02:29:46,766 *****Generated All Pages****** for Bill_Of_Landing_774_page_0.png
2024-03-23 02:29:46,767 RAM memory 72.8 used for Bill_Of_Landing_774_page_0.png Generating All Pages:
2024-03-23 02:29:46,767 Processing time taken for all pages of Bill_Of_Landing_774_page_0.png1:0:00:05.550796
2024-03-23 02:29:46,911 file name is:Bill_Of_Landing_356_page_0.png
2024-03-23 02:29:46,912 folder path :Images
2024-03-23 02:29:46,912 Calling Image result
2024-03-23 02:29:46,912 is all_page_result is instance of dict? True
2024-03-23 02:29:46,949 STREAM b'IHDR' 16 13
2024-03-23 02:29:46,950 STREAM b'IDAT' 41 65536
2024-03-23 02:29:46,990 is words is instance of list? True
2024-03-23 02:29:46,990 is bboxes is instance of list? True
2024-03-23 02:29:46,990 is bounding_boxes is instance of list? True
2024-03-23 02:29:47,208 is input_id_chunks is instance of list? True
2024-03-23 02:29:47,208 is mask_chunks is instance of list? True
2024-03-23 02:29:47,208 is bbox_chunks is instance of list? True
2024-03-23 02:29:47,208 is image_chunks is instance of list? True
2024-03-23 02:29:47,209 is input_dict is instance of dict? True
2024-03-23 02:29:49,500 Model Called
2024-03-23 02:29:49,500 RAM memory 72.6 used for Bill_Of_Landing_356_page_0.png:
2024-03-23 02:29:49,500 is all_predictions is instance of list? True
2024-03-23 02:29:49,500 is all_boxes is instance of list? True
2024-03-23 02:29:49,500 is all_confidences is instance of list? True
2024-03-23 02:29:49,500 is all_text is instance of list? True
2024-03-23 02:29:49,501 is label2id is instance of dict? True
2024-03-23 02:29:49,501 is id2label is instance of dict? True
2024-03-23 02:29:49,501 is label2color is instance of dict? True
2024-03-23 02:29:49,502 label2color : {'signature': '#36CB1F', 'gross_weight': '#80BA1F', 'freight_collect_at': '#C85140', 'shipper_name': '#53483B', 'notify_party_address': '#4B1235', 'bol_original_or_copy': '#2E90B3', 'mode_of_transport': '#2EFE35', 'voyage_number': '#35AD3C', 'measurement': '#A4A578', 'goods_marks_and_nos': '#50EAD9', 'bol_original_number': '#AACA20', 'container_number': '#7AA7B0', 'dimension': '#BEAD02', 'pre_carriage_by': '#CB6C57', 'bill_of_lading_number': '#EC318E', 'notify_party_name': '#C06068', 'port_of_discharge': '#DF287C', 'final_destination': '#96D1A6', 'net_weight': '#BBEB72', 'signed_by_master': '#B4FA05', 'shipped_onboard_date': '#5B56DA', 'lc_date': '#9FE2EB', 'lc_ref_number': '#F97D31', 'signed_by_carrier': '#95C6D4', 'place_of_issue': '#CDA2ED', 'bill_of_lading_issue_date': '#85BEB3', 'signed_by_agent': '#AFC8EB', 'total_original_no': '#552C75', 'vessel_name': '#64D888', 'carrier_country': '#37526E', 'gross_quantity': '#EAD7F6', 'transaction_date': '#ED07B2', 'consignee_address': '#E37200', 'O': '#3B5590', 'shipper_address': '#1C620A', 'page_no': '#8BED81', 'goods_description': '#912BEF', 'freight_collect_or_prepaid': '#C1325B', 'agent_country': '#FB1AD3', 'stamp': '#481FA8', 'consignee_name': '#E26E7E', 'country_of_origin': '#F96D9A', 'port_of_loading': '#2BB3A4', 'carrier_name': '#EAFAA0', 'place_of_receipt': '#E35447', 'agent_name': '#53ED08'}
2024-03-23 02:29:49,707 is result_set is instance of dict? True
2024-03-23 02:29:49,709 is final_result_set is instance of dict? True
2024-03-23 02:29:49,932 Time taken for page 1 of Bill_Of_Landing_356_page_0.png:0:00:02.981807
2024-03-23 02:29:50,089 *****Generated All Pages****** for Bill_Of_Landing_356_page_0.png
2024-03-23 02:29:50,089 RAM memory 72.7 used for Bill_Of_Landing_356_page_0.png Generating All Pages:
2024-03-23 02:29:50,089 Processing time taken for all pages of Bill_Of_Landing_356_page_0.png1:0:00:03.177085
2024-03-23 02:29:50,201 file name is:Bill_Of_Landing_555_page_1.png
2024-03-23 02:29:50,201 folder path :Images
2024-03-23 02:29:50,201 Calling Image result
2024-03-23 02:29:50,201 is all_page_result is instance of dict? True
2024-03-23 02:29:50,202 STREAM b'IHDR' 16 13
2024-03-23 02:29:50,202 STREAM b'IDAT' 41 64166
2024-03-23 02:29:50,237 is words is instance of list? True
2024-03-23 02:29:50,237 is bboxes is instance of list? True
2024-03-23 02:29:50,237 is bounding_boxes is instance of list? True
2024-03-23 02:29:50,454 is input_id_chunks is instance of list? True
2024-03-23 02:29:50,454 is mask_chunks is instance of list? True
2024-03-23 02:29:50,454 is bbox_chunks is instance of list? True
2024-03-23 02:29:50,454 is image_chunks is instance of list? True
2024-03-23 02:29:50,455 is input_dict is instance of dict? True
2024-03-23 02:29:52,787 Model Called
2024-03-23 02:29:52,787 RAM memory 72.5 used for Bill_Of_Landing_555_page_1.png:
2024-03-23 02:29:52,788 is all_predictions is instance of list? True
2024-03-23 02:29:52,788 is all_boxes is instance of list? True
2024-03-23 02:29:52,788 is all_confidences is instance of list? True
2024-03-23 02:29:52,788 is all_text is instance of list? True
2024-03-23 02:29:52,788 is label2id is instance of dict? True
2024-03-23 02:29:52,788 is id2label is instance of dict? True
2024-03-23 02:29:52,789 is label2color is instance of dict? True
2024-03-23 02:29:52,789 label2color : {'signature': '#A5A4E0', 'gross_weight': '#DFE0C9', 'freight_collect_at': '#6E5B2F', 'shipper_name': '#23F4AA', 'notify_party_address': '#9A3DBD', 'bol_original_or_copy': '#C79305', 'mode_of_transport': '#B8E368', 'voyage_number': '#2C0551', 'measurement': '#63674D', 'goods_marks_and_nos': '#91E55D', 'bol_original_number': '#E174F0', 'container_number': '#970A26', 'dimension': '#B5A5FE', 'pre_carriage_by': '#64AFD2', 'bill_of_lading_number': '#F2F5A4', 'notify_party_name': '#946EEC', 'port_of_discharge': '#B0AC47', 'final_destination': '#3FB3AE', 'net_weight': '#7A3349', 'signed_by_master': '#B6B2BF', 'shipped_onboard_date': '#D4140C', 'lc_date': '#7520DA', 'lc_ref_number': '#099C02', 'signed_by_carrier': '#380F68', 'place_of_issue': '#3BD0E9', 'bill_of_lading_issue_date': '#00DA9A', 'signed_by_agent': '#C4ACED', 'total_original_no': '#3574BC', 'vessel_name': '#11A0A7', 'carrier_country': '#0C4225', 'gross_quantity': '#290654', 'transaction_date': '#DE3295', 'consignee_address': '#501B17', 'O': '#A8C3E7', 'shipper_address': '#762E35', 'page_no': '#E0655C', 'goods_description': '#7FE996', 'freight_collect_or_prepaid': '#9D711E', 'agent_country': '#DECF83', 'stamp': '#9024ED', 'consignee_name': '#4E0D88', 'country_of_origin': '#2F8D51', 'port_of_loading': '#1BDC3A', 'carrier_name': '#B912B3', 'place_of_receipt': '#8DA48A', 'agent_name': '#D88B08'}
2024-03-23 02:29:52,973 is result_set is instance of dict? True
2024-03-23 02:29:52,975 is final_result_set is instance of dict? True
2024-03-23 02:29:53,203 Time taken for page 1 of Bill_Of_Landing_555_page_1.png:0:00:03.001365
2024-03-23 02:29:53,357 *****Generated All Pages****** for Bill_Of_Landing_555_page_1.png
2024-03-23 02:29:53,357 RAM memory 72.4 used for Bill_Of_Landing_555_page_1.png Generating All Pages:
2024-03-23 02:29:53,357 Processing time taken for all pages of Bill_Of_Landing_555_page_1.png1:0:00:03.156330
2024-03-23 02:29:53,468 file name is:Bill_Of_Landing_329_page_0.png
2024-03-23 02:29:53,468 folder path :Images
2024-03-23 02:29:53,469 Calling Image result
2024-03-23 02:29:53,469 is all_page_result is instance of dict? True
2024-03-23 02:29:53,479 STREAM b'IHDR' 16 13
2024-03-23 02:29:53,480 STREAM b'IDAT' 41 65536
2024-03-23 02:29:53,516 is words is instance of list? True
2024-03-23 02:29:53,516 is bboxes is instance of list? True
2024-03-23 02:29:53,516 is bounding_boxes is instance of list? True
2024-03-23 02:29:53,719 is input_id_chunks is instance of list? True
2024-03-23 02:29:53,719 is mask_chunks is instance of list? True
2024-03-23 02:29:53,719 is bbox_chunks is instance of list? True
2024-03-23 02:29:53,719 is image_chunks is instance of list? True
2024-03-23 02:29:53,720 is input_dict is instance of dict? True
2024-03-23 02:29:56,096 Model Called
2024-03-23 02:29:56,096 RAM memory 72.2 used for Bill_Of_Landing_329_page_0.png:
2024-03-23 02:29:56,096 is all_predictions is instance of list? True
2024-03-23 02:29:56,096 is all_boxes is instance of list? True
2024-03-23 02:29:56,096 is all_confidences is instance of list? True
2024-03-23 02:29:56,096 is all_text is instance of list? True
2024-03-23 02:29:56,097 is label2id is instance of dict? True
2024-03-23 02:29:56,097 is id2label is instance of dict? True
2024-03-23 02:29:56,098 is label2color is instance of dict? True
2024-03-23 02:29:56,098 label2color : {'signature': '#0B0591', 'gross_weight': '#887328', 'freight_collect_at': '#8CC156', 'shipper_name': '#21DA8A', 'notify_party_address': '#6307D4', 'bol_original_or_copy': '#08F6F2', 'mode_of_transport': '#3D8B97', 'voyage_number': '#670B20', 'measurement': '#EB6148', 'goods_marks_and_nos': '#1E2E0E', 'bol_original_number': '#C2BB4F', 'container_number': '#4A9F0E', 'dimension': '#BEB350', 'pre_carriage_by': '#97D041', 'bill_of_lading_number': '#A58F9D', 'notify_party_name': '#FFA624', 'port_of_discharge': '#4FF557', 'final_destination': '#8AAC31', 'net_weight': '#C2BCFD', 'signed_by_master': '#AD222A', 'shipped_onboard_date': '#01768F', 'lc_date': '#A190A1', 'lc_ref_number': '#FA1FF3', 'signed_by_carrier': '#9B7E81', 'place_of_issue': '#D8C033', 'bill_of_lading_issue_date': '#E5ADC6', 'signed_by_agent': '#C56A89', 'total_original_no': '#CFFEF1', 'vessel_name': '#1EB038', 'carrier_country': '#36A462', 'gross_quantity': '#E3AF07', 'transaction_date': '#226B85', 'consignee_address': '#DEE4FD', 'O': '#45182C', 'shipper_address': '#95D9AA', 'page_no': '#257171', 'goods_description': '#BF98F5', 'freight_collect_or_prepaid': '#B96A27', 'agent_country': '#27E7FD', 'stamp': '#4914C5', 'consignee_name': '#3EF7D0', 'country_of_origin': '#D74A9C', 'port_of_loading': '#0D0959', 'carrier_name': '#35AE75', 'place_of_receipt': '#A52683', 'agent_name': '#B863D7'}
2024-03-23 02:29:56,286 is result_set is instance of dict? True
2024-03-23 02:29:56,287 is final_result_set is instance of dict? True
2024-03-23 02:29:56,543 Time taken for page 1 of Bill_Of_Landing_329_page_0.png:0:00:03.062783
2024-03-23 02:29:56,715 *****Generated All Pages****** for Bill_Of_Landing_329_page_0.png
2024-03-23 02:29:56,715 RAM memory 72.3 used for Bill_Of_Landing_329_page_0.png Generating All Pages:
2024-03-23 02:29:56,715 Processing time taken for all pages of Bill_Of_Landing_329_page_0.png1:0:00:03.246706
2024-03-23 02:29:56,826 file name is:Bill_Of_Landing_562_page_16.png
2024-03-23 02:29:56,826 folder path :Images
2024-03-23 02:29:56,826 Calling Image result
2024-03-23 02:29:56,826 is all_page_result is instance of dict? True
2024-03-23 02:29:56,864 STREAM b'IHDR' 16 13
2024-03-23 02:29:56,864 STREAM b'IDAT' 41 65536
2024-03-23 02:29:56,905 is words is instance of list? True
2024-03-23 02:29:56,905 is bboxes is instance of list? True
2024-03-23 02:29:56,906 is bounding_boxes is instance of list? True
2024-03-23 02:29:57,115 is input_id_chunks is instance of list? True
2024-03-23 02:29:57,116 is mask_chunks is instance of list? True
2024-03-23 02:29:57,116 is bbox_chunks is instance of list? True
2024-03-23 02:29:57,116 is image_chunks is instance of list? True
2024-03-23 02:29:57,116 is input_dict is instance of dict? True
2024-03-23 02:29:59,531 Model Called
2024-03-23 02:29:59,531 RAM memory 72.2 used for Bill_Of_Landing_562_page_16.png:
2024-03-23 02:29:59,531 is all_predictions is instance of list? True
2024-03-23 02:29:59,531 is all_boxes is instance of list? True
2024-03-23 02:29:59,531 is all_confidences is instance of list? True
2024-03-23 02:29:59,532 is all_text is instance of list? True
2024-03-23 02:29:59,532 is label2id is instance of dict? True
2024-03-23 02:29:59,532 is id2label is instance of dict? True
2024-03-23 02:29:59,533 is label2color is instance of dict? True
2024-03-23 02:29:59,533 label2color : {'signature': '#809676', 'gross_weight': '#588371', 'freight_collect_at': '#683BF5', 'shipper_name': '#6E541D', 'notify_party_address': '#9B469E', 'bol_original_or_copy': '#A67EBE', 'mode_of_transport': '#52F188', 'voyage_number': '#330719', 'measurement': '#7CA5EC', 'goods_marks_and_nos': '#634E16', 'bol_original_number': '#17F71A', 'container_number': '#8F77FE', 'dimension': '#95B18B', 'pre_carriage_by': '#51F882', 'bill_of_lading_number': '#BA23AB', 'notify_party_name': '#A6B407', 'port_of_discharge': '#C0CC36', 'final_destination': '#C3FF97', 'net_weight': '#5EF465', 'signed_by_master': '#D1D0AB', 'shipped_onboard_date': '#D82E4F', 'lc_date': '#701ACD', 'lc_ref_number': '#BEFF4D', 'signed_by_carrier': '#91C549', 'place_of_issue': '#1B59FA', 'bill_of_lading_issue_date': '#DDBCDD', 'signed_by_agent': '#AD40C6', 'total_original_no': '#9914AC', 'vessel_name': '#C1DC38', 'carrier_country': '#403AB8', 'gross_quantity': '#608FCE', 'transaction_date': '#585138', 'consignee_address': '#00DBA2', 'O': '#E58AED', 'shipper_address': '#B85C68', 'page_no': '#EA77C3', 'goods_description': '#FDC494', 'freight_collect_or_prepaid': '#7C010B', 'agent_country': '#0BE083', 'stamp': '#39EBAB', 'consignee_name': '#D304F6', 'country_of_origin': '#A3BFB7', 'port_of_loading': '#860895', 'carrier_name': '#E66AAD', 'place_of_receipt': '#E61041', 'agent_name': '#00A766'}
2024-03-23 02:29:59,719 is result_set is instance of dict? True
2024-03-23 02:29:59,720 is final_result_set is instance of dict? True
2024-03-23 02:29:59,933 Time taken for page 1 of Bill_Of_Landing_562_page_16.png:0:00:03.068573
2024-03-23 02:30:00,087 *****Generated All Pages****** for Bill_Of_Landing_562_page_16.png
2024-03-23 02:30:00,087 RAM memory 72.2 used for Bill_Of_Landing_562_page_16.png Generating All Pages:
2024-03-23 02:30:00,087 Processing time taken for all pages of Bill_Of_Landing_562_page_16.png1:0:00:03.260589
2024-03-23 02:30:00,199 file name is:Bill_Of_Landing_562_page_10.png
2024-03-23 02:30:00,199 folder path :Images
2024-03-23 02:30:00,199 Calling Image result
2024-03-23 02:30:00,199 is all_page_result is instance of dict? True
2024-03-23 02:30:00,210 STREAM b'IHDR' 16 13
2024-03-23 02:30:00,210 STREAM b'IDAT' 41 65536
2024-03-23 02:30:00,247 is words is instance of list? True
2024-03-23 02:30:00,247 is bboxes is instance of list? True
2024-03-23 02:30:00,247 is bounding_boxes is instance of list? True
2024-03-23 02:30:00,472 is input_id_chunks is instance of list? True
2024-03-23 02:30:00,472 is mask_chunks is instance of list? True
2024-03-23 02:30:00,472 is bbox_chunks is instance of list? True
2024-03-23 02:30:00,472 is image_chunks is instance of list? True
2024-03-23 02:30:00,473 is input_dict is instance of dict? True
2024-03-23 02:30:02,769 Model Called
2024-03-23 02:30:02,769 RAM memory 72.3 used for Bill_Of_Landing_562_page_10.png:
2024-03-23 02:30:02,770 is all_predictions is instance of list? True
2024-03-23 02:30:02,770 is all_boxes is instance of list? True
2024-03-23 02:30:02,770 is all_confidences is instance of list? True
2024-03-23 02:30:02,770 is all_text is instance of list? True
2024-03-23 02:30:02,770 is label2id is instance of dict? True
2024-03-23 02:30:02,770 is id2label is instance of dict? True
2024-03-23 02:30:02,771 is label2color is instance of dict? True
2024-03-23 02:30:02,771 label2color : {'signature': '#133CF5', 'gross_weight': '#DBCEFA', 'freight_collect_at': '#BC2F75', 'shipper_name': '#FC9A8B', 'notify_party_address': '#00499F', 'bol_original_or_copy': '#E0D0C4', 'mode_of_transport': '#B74EA1', 'voyage_number': '#CA2814', 'measurement': '#C7A013', 'goods_marks_and_nos': '#DB18F6', 'bol_original_number': '#5C7EB4', 'container_number': '#2DADBE', 'dimension': '#8D94D2', 'pre_carriage_by': '#094CD6', 'bill_of_lading_number': '#010F50', 'notify_party_name': '#9F452A', 'port_of_discharge': '#38449D', 'final_destination': '#C0DEEB', 'net_weight': '#B23114', 'signed_by_master': '#796A22', 'shipped_onboard_date': '#D303E4', 'lc_date': '#3F7ED6', 'lc_ref_number': '#FE5A9A', 'signed_by_carrier': '#94E391', 'place_of_issue': '#C2DEEE', 'bill_of_lading_issue_date': '#03EB5C', 'signed_by_agent': '#7B2AB0', 'total_original_no': '#79508C', 'vessel_name': '#64B9FB', 'carrier_country': '#FFD347', 'gross_quantity': '#DDF9A7', 'transaction_date': '#F5A015', 'consignee_address': '#4A173E', 'O': '#F3EB8B', 'shipper_address': '#85E991', 'page_no': '#A046FD', 'goods_description': '#A12128', 'freight_collect_or_prepaid': '#D5F459', 'agent_country': '#91C715', 'stamp': '#5C4131', 'consignee_name': '#3C15C0', 'country_of_origin': '#C218E3', 'port_of_loading': '#12FAFF', 'carrier_name': '#43C6D1', 'place_of_receipt': '#276F89', 'agent_name': '#559DA8'}
2024-03-23 02:30:02,953 is result_set is instance of dict? True
2024-03-23 02:30:02,954 is final_result_set is instance of dict? True
2024-03-23 02:30:03,189 Time taken for page 1 of Bill_Of_Landing_562_page_10.png:0:00:02.978915
2024-03-23 02:30:03,343 *****Generated All Pages****** for Bill_Of_Landing_562_page_10.png
2024-03-23 02:30:03,343 RAM memory 72.3 used for Bill_Of_Landing_562_page_10.png Generating All Pages:
2024-03-23 02:30:03,343 Processing time taken for all pages of Bill_Of_Landing_562_page_10.png1:0:00:03.143867
2024-03-23 02:30:03,456 file name is:Bill_Of_Landing_843_page_0.png
2024-03-23 02:30:03,456 folder path :Images
2024-03-23 02:30:03,456 Calling Image result
2024-03-23 02:30:03,456 is all_page_result is instance of dict? True
2024-03-23 02:30:03,467 STREAM b'IHDR' 16 13
2024-03-23 02:30:03,467 STREAM b'IDAT' 41 65536
2024-03-23 02:30:03,599 is words is instance of list? True
2024-03-23 02:30:03,599 is bboxes is instance of list? True
2024-03-23 02:30:03,599 is bounding_boxes is instance of list? True
2024-03-23 02:30:05,093 is input_id_chunks is instance of list? True
2024-03-23 02:30:05,093 is mask_chunks is instance of list? True
2024-03-23 02:30:05,093 is bbox_chunks is instance of list? True
2024-03-23 02:30:05,093 is image_chunks is instance of list? True
2024-03-23 02:30:05,094 is input_dict is instance of dict? True
2024-03-23 02:30:07,375 Model Called
2024-03-23 02:30:07,375 RAM memory 71.8 used for Bill_Of_Landing_843_page_0.png:
2024-03-23 02:30:07,376 is all_predictions is instance of list? True
2024-03-23 02:30:07,376 is all_boxes is instance of list? True
2024-03-23 02:30:07,376 is all_confidences is instance of list? True
2024-03-23 02:30:07,376 is all_text is instance of list? True
2024-03-23 02:30:07,376 is label2id is instance of dict? True
2024-03-23 02:30:07,376 is id2label is instance of dict? True
2024-03-23 02:30:07,377 is label2color is instance of dict? True
2024-03-23 02:30:07,377 label2color : {'signature': '#0AD0BF', 'gross_weight': '#D68B67', 'freight_collect_at': '#5240B4', 'shipper_name': '#A0552E', 'notify_party_address': '#456B9C', 'bol_original_or_copy': '#0B4103', 'mode_of_transport': '#A84640', 'voyage_number': '#8ACC87', 'measurement': '#BA8F11', 'goods_marks_and_nos': '#5D8368', 'bol_original_number': '#370395', 'container_number': '#7130A9', 'dimension': '#E1B025', 'pre_carriage_by': '#604F34', 'bill_of_lading_number': '#CE957B', 'notify_party_name': '#3C47A4', 'port_of_discharge': '#ACE12E', 'final_destination': '#D45744', 'net_weight': '#4E9035', 'signed_by_master': '#66DC00', 'shipped_onboard_date': '#A89AEF', 'lc_date': '#F814A5', 'lc_ref_number': '#E35F45', 'signed_by_carrier': '#DA114B', 'place_of_issue': '#42D147', 'bill_of_lading_issue_date': '#2556E1', 'signed_by_agent': '#7C6FD4', 'total_original_no': '#7FA253', 'vessel_name': '#45F1F6', 'carrier_country': '#CE6F13', 'gross_quantity': '#F96205', 'transaction_date': '#4D3479', 'consignee_address': '#907301', 'O': '#4DC59D', 'shipper_address': '#00A9FB', 'page_no': '#6FA6ED', 'goods_description': '#86216A', 'freight_collect_or_prepaid': '#9304F9', 'agent_country': '#1C45CA', 'stamp': '#A4E256', 'consignee_name': '#5B912A', 'country_of_origin': '#0418BA', 'port_of_loading': '#508CA7', 'carrier_name': '#B26846', 'place_of_receipt': '#6ACD2D', 'agent_name': '#C2A0B1'}
2024-03-23 02:30:08,120 is result_set is instance of dict? True
2024-03-23 02:30:08,122 is final_result_set is instance of dict? True
2024-03-23 02:30:08,421 Time taken for page 1 of Bill_Of_Landing_843_page_0.png:0:00:04.954342
2024-03-23 02:30:08,937 *****Generated All Pages****** for Bill_Of_Landing_843_page_0.png
2024-03-23 02:30:08,937 RAM memory 71.9 used for Bill_Of_Landing_843_page_0.png Generating All Pages:
2024-03-23 02:30:08,937 Processing time taken for all pages of Bill_Of_Landing_843_page_0.png1:0:00:05.481370
2024-03-23 02:30:09,055 file name is:Packing_List_362_page_1.png
2024-03-23 02:30:09,055 folder path :Images
2024-03-23 02:30:09,055 Calling Image result
2024-03-23 02:30:09,055 is all_page_result is instance of dict? True
2024-03-23 02:30:09,066 STREAM b'IHDR' 16 13
2024-03-23 02:30:09,066 STREAM b'IDAT' 41 31793
2024-03-23 02:30:09,080 is words is instance of list? True
2024-03-23 02:30:09,080 is bboxes is instance of list? True
2024-03-23 02:30:09,080 is bounding_boxes is instance of list? True
2024-03-23 02:30:09,152 is input_id_chunks is instance of list? True
2024-03-23 02:30:09,152 is mask_chunks is instance of list? True
2024-03-23 02:30:09,152 is bbox_chunks is instance of list? True
2024-03-23 02:30:09,152 is image_chunks is instance of list? True
2024-03-23 02:30:09,152 is input_dict is instance of dict? True
2024-03-23 02:30:11,561 Model Called
2024-03-23 02:30:11,562 RAM memory 72.0 used for Packing_List_362_page_1.png:
2024-03-23 02:30:11,562 is all_predictions is instance of list? True
2024-03-23 02:30:11,562 is all_boxes is instance of list? True
2024-03-23 02:30:11,562 is all_confidences is instance of list? True
2024-03-23 02:30:11,562 is all_text is instance of list? True
2024-03-23 02:30:11,562 is label2id is instance of dict? True
2024-03-23 02:30:11,562 is id2label is instance of dict? True
2024-03-23 02:30:11,563 is label2color is instance of dict? True
2024-03-23 02:30:11,563 label2color : {'signature': '#0C3244', 'gross_weight': '#42B522', 'freight_collect_at': '#36D4E3', 'shipper_name': '#0843B4', 'notify_party_address': '#D690FE', 'bol_original_or_copy': '#848EFA', 'mode_of_transport': '#ECE32B', 'voyage_number': '#2A9B75', 'measurement': '#070E9C', 'goods_marks_and_nos': '#BEA7EC', 'bol_original_number': '#9870AA', 'container_number': '#2A1D22', 'dimension': '#FA71C4', 'pre_carriage_by': '#396614', 'bill_of_lading_number': '#EE95E6', 'notify_party_name': '#6C83E0', 'port_of_discharge': '#570974', 'final_destination': '#C3DA59', 'net_weight': '#4157BA', 'signed_by_master': '#9C7988', 'shipped_onboard_date': '#420C31', 'lc_date': '#8A526A', 'lc_ref_number': '#876FF8', 'signed_by_carrier': '#BE4DC8', 'place_of_issue': '#FB5998', 'bill_of_lading_issue_date': '#69832F', 'signed_by_agent': '#E4EE49', 'total_original_no': '#B2FA1E', 'vessel_name': '#435744', 'carrier_country': '#867597', 'gross_quantity': '#3B8514', 'transaction_date': '#AC4430', 'consignee_address': '#5EE3AB', 'O': '#C8F55F', 'shipper_address': '#31D132', 'page_no': '#640893', 'goods_description': '#D66E08', 'freight_collect_or_prepaid': '#B40527', 'agent_country': '#623400', 'stamp': '#2F493C', 'consignee_name': '#F14B13', 'country_of_origin': '#CAA697', 'port_of_loading': '#CECE46', 'carrier_name': '#06B516', 'place_of_receipt': '#ABDB10', 'agent_name': '#BE8A9F'}
2024-03-23 02:30:11,626 is result_set is instance of dict? True
2024-03-23 02:30:11,627 is final_result_set is instance of dict? True
2024-03-23 02:30:11,916 Time taken for page 1 of Packing_List_362_page_1.png:0:00:02.849272
2024-03-23 02:30:11,977 *****Generated All Pages****** for Packing_List_362_page_1.png
2024-03-23 02:30:11,977 RAM memory 72.0 used for Packing_List_362_page_1.png Generating All Pages:
2024-03-23 02:30:11,977 Processing time taken for all pages of Packing_List_362_page_1.png1:0:00:02.922166
2024-03-23 02:30:12,092 file name is:Bill_Of_Landing_562_page_11.png
2024-03-23 02:30:12,092 folder path :Images
2024-03-23 02:30:12,092 Calling Image result
2024-03-23 02:30:12,092 is all_page_result is instance of dict? True
2024-03-23 02:30:12,129 STREAM b'IHDR' 16 13
2024-03-23 02:30:12,130 STREAM b'IDAT' 41 65536
2024-03-23 02:30:12,176 is words is instance of list? True
2024-03-23 02:30:12,176 is bboxes is instance of list? True
2024-03-23 02:30:12,176 is bounding_boxes is instance of list? True
2024-03-23 02:30:12,391 is input_id_chunks is instance of list? True
2024-03-23 02:30:12,392 is mask_chunks is instance of list? True
2024-03-23 02:30:12,392 is bbox_chunks is instance of list? True
2024-03-23 02:30:12,392 is image_chunks is instance of list? True
2024-03-23 02:30:12,392 is input_dict is instance of dict? True
2024-03-23 02:30:14,710 Model Called
2024-03-23 02:30:14,710 RAM memory 72.0 used for Bill_Of_Landing_562_page_11.png:
2024-03-23 02:30:14,710 is all_predictions is instance of list? True
2024-03-23 02:30:14,710 is all_boxes is instance of list? True
2024-03-23 02:30:14,710 is all_confidences is instance of list? True
2024-03-23 02:30:14,710 is all_text is instance of list? True
2024-03-23 02:30:14,710 is label2id is instance of dict? True
2024-03-23 02:30:14,710 is id2label is instance of dict? True
2024-03-23 02:30:14,711 is label2color is instance of dict? True
2024-03-23 02:30:14,711 label2color : {'signature': '#6F231F', 'gross_weight': '#D77C51', 'freight_collect_at': '#084F9E', 'shipper_name': '#C27C9B', 'notify_party_address': '#E7E185', 'bol_original_or_copy': '#4D4406', 'mode_of_transport': '#1C1E9F', 'voyage_number': '#D36888', 'measurement': '#886DF6', 'goods_marks_and_nos': '#42FB8F', 'bol_original_number': '#9DCF27', 'container_number': '#178E1C', 'dimension': '#CAF4DA', 'pre_carriage_by': '#1B9F9F', 'bill_of_lading_number': '#A11B55', 'notify_party_name': '#EFB665', 'port_of_discharge': '#581E13', 'final_destination': '#8A15BF', 'net_weight': '#FE3218', 'signed_by_master': '#3C1E17', 'shipped_onboard_date': '#5AB775', 'lc_date': '#A072F4', 'lc_ref_number': '#5DD1B1', 'signed_by_carrier': '#C456BE', 'place_of_issue': '#E5FC05', 'bill_of_lading_issue_date': '#CF78F0', 'signed_by_agent': '#384F9B', 'total_original_no': '#B56FC8', 'vessel_name': '#2EA49B', 'carrier_country': '#D4AF79', 'gross_quantity': '#933273', 'transaction_date': '#7958AD', 'consignee_address': '#DFB4D6', 'O': '#3A946C', 'shipper_address': '#3ABC0E', 'page_no': '#CB1652', 'goods_description': '#0C0461', 'freight_collect_or_prepaid': '#7F8C9C', 'agent_country': '#6FB7EE', 'stamp': '#13F3AD', 'consignee_name': '#DCF08B', 'country_of_origin': '#927FB2', 'port_of_loading': '#863C38', 'carrier_name': '#6E9BDA', 'place_of_receipt': '#9AF98A', 'agent_name': '#978EFA'}
2024-03-23 02:30:14,903 is result_set is instance of dict? True
2024-03-23 02:30:14,905 is final_result_set is instance of dict? True
2024-03-23 02:30:15,110 Time taken for page 1 of Bill_Of_Landing_562_page_11.png:0:00:02.980098
2024-03-23 02:30:15,252 *****Generated All Pages****** for Bill_Of_Landing_562_page_11.png
2024-03-23 02:30:15,252 RAM memory 72.0 used for Bill_Of_Landing_562_page_11.png Generating All Pages:
2024-03-23 02:30:15,252 Processing time taken for all pages of Bill_Of_Landing_562_page_11.png1:0:00:03.160085
2024-03-23 02:30:15,370 file name is:Bill_Of_Landing_695_page_0.png
2024-03-23 02:30:15,370 folder path :Images
2024-03-23 02:30:15,370 Calling Image result
2024-03-23 02:30:15,370 is all_page_result is instance of dict? True
2024-03-23 02:30:15,381 STREAM b'IHDR' 16 13
2024-03-23 02:30:15,381 STREAM b'PLTE' 41 768
2024-03-23 02:30:15,381 STREAM b'IDAT' 821 65536
2024-03-23 02:30:15,446 is words is instance of list? True
2024-03-23 02:30:15,446 is bboxes is instance of list? True
2024-03-23 02:30:15,446 is bounding_boxes is instance of list? True
2024-03-23 02:30:15,669 is input_id_chunks is instance of list? True
2024-03-23 02:30:15,669 is mask_chunks is instance of list? True
2024-03-23 02:30:15,669 is bbox_chunks is instance of list? True
2024-03-23 02:30:15,669 is image_chunks is instance of list? True
2024-03-23 02:30:15,670 is input_dict is instance of dict? True
2024-03-23 02:30:17,950 Model Called
2024-03-23 02:30:17,950 RAM memory 72.1 used for Bill_Of_Landing_695_page_0.png:
2024-03-23 02:30:17,950 is all_predictions is instance of list? True
2024-03-23 02:30:17,950 is all_boxes is instance of list? True
2024-03-23 02:30:17,950 is all_confidences is instance of list? True
2024-03-23 02:30:17,950 is all_text is instance of list? True
2024-03-23 02:30:17,951 is label2id is instance of dict? True
2024-03-23 02:30:17,951 is id2label is instance of dict? True
2024-03-23 02:30:17,952 is label2color is instance of dict? True
2024-03-23 02:30:17,952 label2color : {'signature': '#2DD6FF', 'gross_weight': '#144C82', 'freight_collect_at': '#894822', 'shipper_name': '#2BAA48', 'notify_party_address': '#709052', 'bol_original_or_copy': '#38FA00', 'mode_of_transport': '#138B0D', 'voyage_number': '#3BE940', 'measurement': '#9F5643', 'goods_marks_and_nos': '#46DEB1', 'bol_original_number': '#C9F0A2', 'container_number': '#478275', 'dimension': '#1C3755', 'pre_carriage_by': '#1F8B54', 'bill_of_lading_number': '#62AD17', 'notify_party_name': '#44331E', 'port_of_discharge': '#C8231F', 'final_destination': '#283D21', 'net_weight': '#694000', 'signed_by_master': '#CE03C4', 'shipped_onboard_date': '#43F5B5', 'lc_date': '#E5D055', 'lc_ref_number': '#FEB36B', 'signed_by_carrier': '#D9586F', 'place_of_issue': '#4AFFF8', 'bill_of_lading_issue_date': '#2EE3CB', 'signed_by_agent': '#7F3CE8', 'total_original_no': '#673099', 'vessel_name': '#A3ACD6', 'carrier_country': '#799A77', 'gross_quantity': '#8D05A4', 'transaction_date': '#E02B09', 'consignee_address': '#E1F385', 'O': '#4EDDB8', 'shipper_address': '#E8E7B3', 'page_no': '#1CF28C', 'goods_description': '#5583AC', 'freight_collect_or_prepaid': '#6E9D71', 'agent_country': '#92F72B', 'stamp': '#FACC55', 'consignee_name': '#6642A5', 'country_of_origin': '#87BFAE', 'port_of_loading': '#590257', 'carrier_name': '#8E70F4', 'place_of_receipt': '#9F21F1', 'agent_name': '#B91146'}
2024-03-23 02:30:18,140 is result_set is instance of dict? True
2024-03-23 02:30:18,141 is final_result_set is instance of dict? True
2024-03-23 02:30:18,376 Time taken for page 1 of Bill_Of_Landing_695_page_0.png:0:00:02.994641
2024-03-23 02:30:19,178 *****Generated All Pages****** for Bill_Of_Landing_695_page_0.png
2024-03-23 02:30:19,178 RAM memory 72.0 used for Bill_Of_Landing_695_page_0.png Generating All Pages:
2024-03-23 02:30:19,178 Processing time taken for all pages of Bill_Of_Landing_695_page_0.png1:0:00:03.807831
2024-03-23 02:30:19,288 file name is:Bill_Of_Landing_354_page_4.png
2024-03-23 02:30:19,289 folder path :Images
2024-03-23 02:30:19,289 Calling Image result
2024-03-23 02:30:19,289 is all_page_result is instance of dict? True
2024-03-23 02:30:19,299 STREAM b'IHDR' 16 13
2024-03-23 02:30:19,300 STREAM b'IDAT' 41 65536
2024-03-23 02:30:19,334 is words is instance of list? True
2024-03-23 02:30:19,334 is bboxes is instance of list? True
2024-03-23 02:30:19,334 is bounding_boxes is instance of list? True
2024-03-23 02:30:19,536 is input_id_chunks is instance of list? True
2024-03-23 02:30:19,536 is mask_chunks is instance of list? True
2024-03-23 02:30:19,536 is bbox_chunks is instance of list? True
2024-03-23 02:30:19,536 is image_chunks is instance of list? True
2024-03-23 02:30:19,537 is input_dict is instance of dict? True
2024-03-23 02:30:21,867 Model Called
2024-03-23 02:30:21,867 RAM memory 72.2 used for Bill_Of_Landing_354_page_4.png:
2024-03-23 02:30:21,867 is all_predictions is instance of list? True
2024-03-23 02:30:21,867 is all_boxes is instance of list? True
2024-03-23 02:30:21,867 is all_confidences is instance of list? True
2024-03-23 02:30:21,868 is all_text is instance of list? True
2024-03-23 02:30:21,868 is label2id is instance of dict? True
2024-03-23 02:30:21,868 is id2label is instance of dict? True
2024-03-23 02:30:21,869 is label2color is instance of dict? True
2024-03-23 02:30:21,869 label2color : {'signature': '#3EF5D3', 'gross_weight': '#5BD6DF', 'freight_collect_at': '#7BAF4F', 'shipper_name': '#EE96EB', 'notify_party_address': '#BBA57F', 'bol_original_or_copy': '#9A09BB', 'mode_of_transport': '#3FC1A6', 'voyage_number': '#719807', 'measurement': '#069EC5', 'goods_marks_and_nos': '#BE7097', 'bol_original_number': '#C09FC4', 'container_number': '#AF67D7', 'dimension': '#B27748', 'pre_carriage_by': '#F0DE03', 'bill_of_lading_number': '#5E155D', 'notify_party_name': '#703CC7', 'port_of_discharge': '#192349', 'final_destination': '#D1F7E7', 'net_weight': '#1A5B77', 'signed_by_master': '#93AE12', 'shipped_onboard_date': '#B3842B', 'lc_date': '#ACE7BD', 'lc_ref_number': '#C70A9B', 'signed_by_carrier': '#33A413', 'place_of_issue': '#B1AB7C', 'bill_of_lading_issue_date': '#8D4F03', 'signed_by_agent': '#432D1A', 'total_original_no': '#17384C', 'vessel_name': '#D2880D', 'carrier_country': '#EF32DF', 'gross_quantity': '#D1806E', 'transaction_date': '#628F93', 'consignee_address': '#884398', 'O': '#F167C0', 'shipper_address': '#7EB360', 'page_no': '#2F8B52', 'goods_description': '#08B2AA', 'freight_collect_or_prepaid': '#72E250', 'agent_country': '#1F0B19', 'stamp': '#505F47', 'consignee_name': '#1E4F72', 'country_of_origin': '#293E02', 'port_of_loading': '#F38279', 'carrier_name': '#0683A6', 'place_of_receipt': '#D8F6FB', 'agent_name': '#122A27'}
2024-03-23 02:30:22,054 is result_set is instance of dict? True
2024-03-23 02:30:22,055 is final_result_set is instance of dict? True
2024-03-23 02:30:22,215 Time taken for page 1 of Bill_Of_Landing_354_page_4.png:0:00:02.915450
2024-03-23 02:30:22,386 *****Generated All Pages****** for Bill_Of_Landing_354_page_4.png
2024-03-23 02:30:22,386 RAM memory 72.2 used for Bill_Of_Landing_354_page_4.png Generating All Pages:
2024-03-23 02:30:22,386 Processing time taken for all pages of Bill_Of_Landing_354_page_4.png1:0:00:03.096930
2024-03-23 02:30:22,496 file name is:Bill_Of_Landing_253_page_0.png
2024-03-23 02:30:22,496 folder path :Images
2024-03-23 02:30:22,496 Calling Image result
2024-03-23 02:30:22,496 is all_page_result is instance of dict? True
2024-03-23 02:30:22,497 STREAM b'IHDR' 16 13
2024-03-23 02:30:22,497 STREAM b'IDAT' 41 65536
2024-03-23 02:30:22,541 is words is instance of list? True
2024-03-23 02:30:22,541 is bboxes is instance of list? True
2024-03-23 02:30:22,541 is bounding_boxes is instance of list? True
2024-03-23 02:30:22,749 is input_id_chunks is instance of list? True
2024-03-23 02:30:22,749 is mask_chunks is instance of list? True
2024-03-23 02:30:22,749 is bbox_chunks is instance of list? True
2024-03-23 02:30:22,750 is image_chunks is instance of list? True
2024-03-23 02:30:22,751 is input_dict is instance of dict? True
2024-03-23 02:30:27,354 Model Called
2024-03-23 02:30:27,354 RAM memory 77.5 used for Bill_Of_Landing_253_page_0.png:
2024-03-23 02:30:27,354 is all_predictions is instance of list? True
2024-03-23 02:30:27,354 is all_boxes is instance of list? True
2024-03-23 02:30:27,354 is all_confidences is instance of list? True
2024-03-23 02:30:27,354 is all_text is instance of list? True
2024-03-23 02:30:27,355 is label2id is instance of dict? True
2024-03-23 02:30:27,355 is id2label is instance of dict? True
2024-03-23 02:30:27,356 is label2color is instance of dict? True
2024-03-23 02:30:27,356 label2color : {'signature': '#3A841D', 'gross_weight': '#ACCCA0', 'freight_collect_at': '#6FEA09', 'shipper_name': '#ACD698', 'notify_party_address': '#663DFD', 'bol_original_or_copy': '#C3D02B', 'mode_of_transport': '#974FD4', 'voyage_number': '#63E113', 'measurement': '#8E298C', 'goods_marks_and_nos': '#38B3B0', 'bol_original_number': '#D956BB', 'container_number': '#F646D0', 'dimension': '#C49DB1', 'pre_carriage_by': '#2D14B2', 'bill_of_lading_number': '#4EE669', 'notify_party_name': '#6DD992', 'port_of_discharge': '#EA9444', 'final_destination': '#786EB2', 'net_weight': '#4BD0DF', 'signed_by_master': '#2ECAAE', 'shipped_onboard_date': '#DCE431', 'lc_date': '#454DCA', 'lc_ref_number': '#0B386F', 'signed_by_carrier': '#0FBD15', 'place_of_issue': '#5F61F6', 'bill_of_lading_issue_date': '#9FB77B', 'signed_by_agent': '#338013', 'total_original_no': '#7FD73D', 'vessel_name': '#C32352', 'carrier_country': '#CF5E49', 'gross_quantity': '#DEE16B', 'transaction_date': '#7C7AB7', 'consignee_address': '#89BD2A', 'O': '#D234A6', 'shipper_address': '#F66D5B', 'page_no': '#E80E1B', 'goods_description': '#F41ECC', 'freight_collect_or_prepaid': '#5FC6FF', 'agent_country': '#14F244', 'stamp': '#3C221B', 'consignee_name': '#7B0128', 'country_of_origin': '#41F334', 'port_of_loading': '#03DCED', 'carrier_name': '#CCE60A', 'place_of_receipt': '#067C57', 'agent_name': '#C0F555'}
2024-03-23 02:30:27,676 is result_set is instance of dict? True
2024-03-23 02:30:27,678 is final_result_set is instance of dict? True
2024-03-23 02:30:27,906 Time taken for page 1 of Bill_Of_Landing_253_page_0.png:0:00:05.408739
2024-03-23 02:30:28,081 *****Generated All Pages****** for Bill_Of_Landing_253_page_0.png
2024-03-23 02:30:28,081 RAM memory 77.6 used for Bill_Of_Landing_253_page_0.png Generating All Pages:
2024-03-23 02:30:28,081 Processing time taken for all pages of Bill_Of_Landing_253_page_0.png1:0:00:05.584883
2024-03-23 02:30:28,203 file name is:Bill_Of_Landing_538_page_0.png
2024-03-23 02:30:28,203 folder path :Images
2024-03-23 02:30:28,203 Calling Image result
2024-03-23 02:30:28,203 is all_page_result is instance of dict? True
2024-03-23 02:30:28,214 STREAM b'IHDR' 16 13
2024-03-23 02:30:28,214 STREAM b'IDAT' 41 65536
2024-03-23 02:30:28,247 is words is instance of list? True
2024-03-23 02:30:28,248 is bboxes is instance of list? True
2024-03-23 02:30:28,248 is bounding_boxes is instance of list? True
2024-03-23 02:30:28,470 is input_id_chunks is instance of list? True
2024-03-23 02:30:28,470 is mask_chunks is instance of list? True
2024-03-23 02:30:28,470 is bbox_chunks is instance of list? True
2024-03-23 02:30:28,470 is image_chunks is instance of list? True
2024-03-23 02:30:28,471 is input_dict is instance of dict? True
2024-03-23 02:30:30,748 Model Called
2024-03-23 02:30:30,748 RAM memory 75.6 used for Bill_Of_Landing_538_page_0.png:
2024-03-23 02:30:30,748 is all_predictions is instance of list? True
2024-03-23 02:30:30,749 is all_boxes is instance of list? True
2024-03-23 02:30:30,749 is all_confidences is instance of list? True
2024-03-23 02:30:30,749 is all_text is instance of list? True
2024-03-23 02:30:30,749 is label2id is instance of dict? True
2024-03-23 02:30:30,749 is id2label is instance of dict? True
2024-03-23 02:30:30,750 is label2color is instance of dict? True
2024-03-23 02:30:30,750 label2color : {'signature': '#B322E6', 'gross_weight': '#5F6929', 'freight_collect_at': '#B6DA73', 'shipper_name': '#04ED07', 'notify_party_address': '#A7C4B6', 'bol_original_or_copy': '#85B2F0', 'mode_of_transport': '#130DC8', 'voyage_number': '#A7BF8D', 'measurement': '#7C7C2A', 'goods_marks_and_nos': '#AAFC0D', 'bol_original_number': '#9F1D7F', 'container_number': '#CF6321', 'dimension': '#5E8780', 'pre_carriage_by': '#56B7F7', 'bill_of_lading_number': '#FF81BB', 'notify_party_name': '#BC1A80', 'port_of_discharge': '#3E2FF9', 'final_destination': '#99C5B0', 'net_weight': '#1C6194', 'signed_by_master': '#18ABAB', 'shipped_onboard_date': '#5F43BC', 'lc_date': '#3C6DC1', 'lc_ref_number': '#FC7791', 'signed_by_carrier': '#F5D254', 'place_of_issue': '#48C1C3', 'bill_of_lading_issue_date': '#5B66A8', 'signed_by_agent': '#F81DF0', 'total_original_no': '#A93AEC', 'vessel_name': '#C14475', 'carrier_country': '#0712FD', 'gross_quantity': '#4113D6', 'transaction_date': '#38183E', 'consignee_address': '#7C4702', 'O': '#C8746E', 'shipper_address': '#7DF1C0', 'page_no': '#693D24', 'goods_description': '#44078D', 'freight_collect_or_prepaid': '#1C3D6E', 'agent_country': '#C1F5CE', 'stamp': '#AD08C4', 'consignee_name': '#C55D93', 'country_of_origin': '#97407C', 'port_of_loading': '#E4175A', 'carrier_name': '#D67EC7', 'place_of_receipt': '#A59AC9', 'agent_name': '#9EE763'}
2024-03-23 02:30:30,933 is result_set is instance of dict? True
2024-03-23 02:30:30,934 is final_result_set is instance of dict? True
2024-03-23 02:30:31,171 Time taken for page 1 of Bill_Of_Landing_538_page_0.png:0:00:02.956910
2024-03-23 02:30:31,320 *****Generated All Pages****** for Bill_Of_Landing_538_page_0.png
2024-03-23 02:30:31,320 RAM memory 75.6 used for Bill_Of_Landing_538_page_0.png Generating All Pages:
2024-03-23 02:30:31,321 Processing time taken for all pages of Bill_Of_Landing_538_page_0.png1:0:00:03.117703
2024-03-23 02:30:31,433 file name is:Bill_Of_Landing_511_page_3.png
2024-03-23 02:30:31,433 folder path :Images
2024-03-23 02:30:31,433 Calling Image result
2024-03-23 02:30:31,433 is all_page_result is instance of dict? True
2024-03-23 02:30:31,444 STREAM b'IHDR' 16 13
2024-03-23 02:30:31,444 STREAM b'IDAT' 41 65536
2024-03-23 02:30:31,481 is words is instance of list? True
2024-03-23 02:30:31,481 is bboxes is instance of list? True
2024-03-23 02:30:31,481 is bounding_boxes is instance of list? True
2024-03-23 02:30:31,687 is input_id_chunks is instance of list? True
2024-03-23 02:30:31,687 is mask_chunks is instance of list? True
2024-03-23 02:30:31,687 is bbox_chunks is instance of list? True
2024-03-23 02:30:31,687 is image_chunks is instance of list? True
2024-03-23 02:30:31,688 is input_dict is instance of dict? True
2024-03-23 02:30:34,134 Model Called
2024-03-23 02:30:34,134 RAM memory 72.0 used for Bill_Of_Landing_511_page_3.png:
2024-03-23 02:30:34,134 is all_predictions is instance of list? True
2024-03-23 02:30:34,134 is all_boxes is instance of list? True
2024-03-23 02:30:34,135 is all_confidences is instance of list? True
2024-03-23 02:30:34,135 is all_text is instance of list? True
2024-03-23 02:30:34,135 is label2id is instance of dict? True
2024-03-23 02:30:34,135 is id2label is instance of dict? True
2024-03-23 02:30:34,136 is label2color is instance of dict? True
2024-03-23 02:30:34,136 label2color : {'signature': '#361AEA', 'gross_weight': '#E2AA62', 'freight_collect_at': '#C2EE6D', 'shipper_name': '#772545', 'notify_party_address': '#57DE66', 'bol_original_or_copy': '#70190F', 'mode_of_transport': '#62077B', 'voyage_number': '#EB6763', 'measurement': '#B1A561', 'goods_marks_and_nos': '#E455BC', 'bol_original_number': '#60A94A', 'container_number': '#CB8B3F', 'dimension': '#992C11', 'pre_carriage_by': '#537D59', 'bill_of_lading_number': '#339BB7', 'notify_party_name': '#836DD1', 'port_of_discharge': '#776BB4', 'final_destination': '#CB472E', 'net_weight': '#E55D50', 'signed_by_master': '#FA83F3', 'shipped_onboard_date': '#E5102E', 'lc_date': '#38D054', 'lc_ref_number': '#388F76', 'signed_by_carrier': '#B3136B', 'place_of_issue': '#B5CC74', 'bill_of_lading_issue_date': '#270832', 'signed_by_agent': '#BF066F', 'total_original_no': '#E5BBC7', 'vessel_name': '#814204', 'carrier_country': '#4D8EC1', 'gross_quantity': '#4D77E8', 'transaction_date': '#4DB216', 'consignee_address': '#7F73EA', 'O': '#1CF202', 'shipper_address': '#2E574D', 'page_no': '#91AD19', 'goods_description': '#A0E630', 'freight_collect_or_prepaid': '#A32492', 'agent_country': '#DA625B', 'stamp': '#33CB40', 'consignee_name': '#2D3172', 'country_of_origin': '#2DC23B', 'port_of_loading': '#7701F5', 'carrier_name': '#356F4C', 'place_of_receipt': '#2734CF', 'agent_name': '#E0A848'}
2024-03-23 02:30:34,342 is result_set is instance of dict? True
2024-03-23 02:30:34,344 is final_result_set is instance of dict? True
2024-03-23 02:30:34,627 Time taken for page 1 of Bill_Of_Landing_511_page_3.png:0:00:03.182762
2024-03-23 02:30:34,780 *****Generated All Pages****** for Bill_Of_Landing_511_page_3.png
2024-03-23 02:30:34,780 RAM memory 72.0 used for Bill_Of_Landing_511_page_3.png Generating All Pages:
2024-03-23 02:30:34,780 Processing time taken for all pages of Bill_Of_Landing_511_page_3.png1:0:00:03.346523
2024-03-23 02:30:34,893 file name is:Bill_Of_Landing_562_page_25.png
2024-03-23 02:30:34,893 folder path :Images
2024-03-23 02:30:34,893 Calling Image result
2024-03-23 02:30:34,893 is all_page_result is instance of dict? True
2024-03-23 02:30:34,894 STREAM b'IHDR' 16 13
2024-03-23 02:30:34,894 STREAM b'IDAT' 41 65536
2024-03-23 02:30:34,928 is words is instance of list? True
2024-03-23 02:30:34,929 is bboxes is instance of list? True
2024-03-23 02:30:34,929 is bounding_boxes is instance of list? True
2024-03-23 02:30:35,139 is input_id_chunks is instance of list? True
2024-03-23 02:30:35,139 is mask_chunks is instance of list? True
2024-03-23 02:30:35,139 is bbox_chunks is instance of list? True
2024-03-23 02:30:35,139 is image_chunks is instance of list? True
2024-03-23 02:30:35,140 is input_dict is instance of dict? True
2024-03-23 02:30:37,490 Model Called
2024-03-23 02:30:37,490 RAM memory 72.1 used for Bill_Of_Landing_562_page_25.png:
2024-03-23 02:30:37,490 is all_predictions is instance of list? True
2024-03-23 02:30:37,490 is all_boxes is instance of list? True
2024-03-23 02:30:37,490 is all_confidences is instance of list? True
2024-03-23 02:30:37,490 is all_text is instance of list? True
2024-03-23 02:30:37,491 is label2id is instance of dict? True
2024-03-23 02:30:37,491 is id2label is instance of dict? True
2024-03-23 02:30:37,492 is label2color is instance of dict? True
2024-03-23 02:30:37,492 label2color : {'signature': '#70FF76', 'gross_weight': '#0B8E04', 'freight_collect_at': '#C4DFA6', 'shipper_name': '#34456B', 'notify_party_address': '#12D7B8', 'bol_original_or_copy': '#31CF9C', 'mode_of_transport': '#C79729', 'voyage_number': '#9F63A0', 'measurement': '#743176', 'goods_marks_and_nos': '#07C926', 'bol_original_number': '#DEB0F0', 'container_number': '#E76BF9', 'dimension': '#13B082', 'pre_carriage_by': '#854E77', 'bill_of_lading_number': '#33208F', 'notify_party_name': '#E99A43', 'port_of_discharge': '#8EDD5B', 'final_destination': '#150561', 'net_weight': '#7710C1', 'signed_by_master': '#F96CFB', 'shipped_onboard_date': '#8D7927', 'lc_date': '#9973E9', 'lc_ref_number': '#5F6B63', 'signed_by_carrier': '#4D839D', 'place_of_issue': '#F79931', 'bill_of_lading_issue_date': '#6D161A', 'signed_by_agent': '#B0293F', 'total_original_no': '#ED0BE9', 'vessel_name': '#44BA26', 'carrier_country': '#BFA938', 'gross_quantity': '#5E4AEC', 'transaction_date': '#F9A253', 'consignee_address': '#2786DE', 'O': '#C2B981', 'shipper_address': '#D57F3C', 'page_no': '#261198', 'goods_description': '#916130', 'freight_collect_or_prepaid': '#4AD644', 'agent_country': '#5BDB45', 'stamp': '#55D890', 'consignee_name': '#7C8914', 'country_of_origin': '#7C4EFE', 'port_of_loading': '#782124', 'carrier_name': '#A29D87', 'place_of_receipt': '#F77956', 'agent_name': '#ADE791'}
2024-03-23 02:30:37,683 is result_set is instance of dict? True
2024-03-23 02:30:37,684 is final_result_set is instance of dict? True
2024-03-23 02:30:37,895 Time taken for page 1 of Bill_Of_Landing_562_page_25.png:0:00:03.000651
2024-03-23 02:30:38,046 *****Generated All Pages****** for Bill_Of_Landing_562_page_25.png
2024-03-23 02:30:38,046 RAM memory 72.1 used for Bill_Of_Landing_562_page_25.png Generating All Pages:
2024-03-23 02:30:38,046 Processing time taken for all pages of Bill_Of_Landing_562_page_25.png1:0:00:03.153421
2024-03-23 02:30:38,157 file name is:Bill_Of_Landing_470_page_0.png
2024-03-23 02:30:38,157 folder path :Images
2024-03-23 02:30:38,158 Calling Image result
2024-03-23 02:30:38,158 is all_page_result is instance of dict? True
2024-03-23 02:30:38,168 STREAM b'IHDR' 16 13
2024-03-23 02:30:38,169 STREAM b'IDAT' 41 65536
2024-03-23 02:30:38,200 is words is instance of list? True
2024-03-23 02:30:38,200 is bboxes is instance of list? True
2024-03-23 02:30:38,200 is bounding_boxes is instance of list? True
2024-03-23 02:30:38,420 is input_id_chunks is instance of list? True
2024-03-23 02:30:38,420 is mask_chunks is instance of list? True
2024-03-23 02:30:38,420 is bbox_chunks is instance of list? True
2024-03-23 02:30:38,420 is image_chunks is instance of list? True
2024-03-23 02:30:38,421 is input_dict is instance of dict? True
2024-03-23 02:30:40,719 Model Called
2024-03-23 02:30:40,719 RAM memory 72.0 used for Bill_Of_Landing_470_page_0.png:
2024-03-23 02:30:40,719 is all_predictions is instance of list? True
2024-03-23 02:30:40,719 is all_boxes is instance of list? True
2024-03-23 02:30:40,719 is all_confidences is instance of list? True
2024-03-23 02:30:40,719 is all_text is instance of list? True
2024-03-23 02:30:40,720 is label2id is instance of dict? True
2024-03-23 02:30:40,720 is id2label is instance of dict? True
2024-03-23 02:30:40,721 is label2color is instance of dict? True
2024-03-23 02:30:40,721 label2color : {'signature': '#60D1B1', 'gross_weight': '#E1B80A', 'freight_collect_at': '#99C777', 'shipper_name': '#1211FF', 'notify_party_address': '#E2F41E', 'bol_original_or_copy': '#E50BE7', 'mode_of_transport': '#37F132', 'voyage_number': '#77ED99', 'measurement': '#762CEB', 'goods_marks_and_nos': '#C5B0CE', 'bol_original_number': '#52FF06', 'container_number': '#C6A9E9', 'dimension': '#7639E2', 'pre_carriage_by': '#E10244', 'bill_of_lading_number': '#A1F184', 'notify_party_name': '#6346EB', 'port_of_discharge': '#E886E1', 'final_destination': '#A647B1', 'net_weight': '#2C3613', 'signed_by_master': '#22488B', 'shipped_onboard_date': '#D5472A', 'lc_date': '#C38E5C', 'lc_ref_number': '#DB94CF', 'signed_by_carrier': '#2ED653', 'place_of_issue': '#444E2F', 'bill_of_lading_issue_date': '#3300EF', 'signed_by_agent': '#C7A087', 'total_original_no': '#986A94', 'vessel_name': '#8F0995', 'carrier_country': '#5C0898', 'gross_quantity': '#69DB5C', 'transaction_date': '#7BDBA2', 'consignee_address': '#20EBDA', 'O': '#A2EB99', 'shipper_address': '#BB583E', 'page_no': '#07F9A3', 'goods_description': '#A50A28', 'freight_collect_or_prepaid': '#832240', 'agent_country': '#597174', 'stamp': '#F4282D', 'consignee_name': '#39BD08', 'country_of_origin': '#B8AEE2', 'port_of_loading': '#5DEB4C', 'carrier_name': '#01D293', 'place_of_receipt': '#6CCDCE', 'agent_name': '#216AC3'}
2024-03-23 02:30:40,919 is result_set is instance of dict? True
2024-03-23 02:30:40,920 is final_result_set is instance of dict? True
2024-03-23 02:30:41,114 Time taken for page 1 of Bill_Of_Landing_470_page_0.png:0:00:02.945141
2024-03-23 02:30:41,274 *****Generated All Pages****** for Bill_Of_Landing_470_page_0.png
2024-03-23 02:30:41,274 RAM memory 72.1 used for Bill_Of_Landing_470_page_0.png Generating All Pages:
2024-03-23 02:30:41,274 Processing time taken for all pages of Bill_Of_Landing_470_page_0.png1:0:00:03.116926
2024-03-23 02:30:41,395 file name is:Bill_Of_Landing_562_page_29.png
2024-03-23 02:30:41,395 folder path :Images
2024-03-23 02:30:41,395 Calling Image result
2024-03-23 02:30:41,395 is all_page_result is instance of dict? True
2024-03-23 02:30:41,406 STREAM b'IHDR' 16 13
2024-03-23 02:30:41,406 STREAM b'IDAT' 41 59792
2024-03-23 02:30:41,442 is words is instance of list? True
2024-03-23 02:30:41,442 is bboxes is instance of list? True
2024-03-23 02:30:41,442 is bounding_boxes is instance of list? True
2024-03-23 02:30:41,649 is input_id_chunks is instance of list? True
2024-03-23 02:30:41,649 is mask_chunks is instance of list? True
2024-03-23 02:30:41,649 is bbox_chunks is instance of list? True
2024-03-23 02:30:41,649 is image_chunks is instance of list? True
2024-03-23 02:30:41,650 is input_dict is instance of dict? True
2024-03-23 02:30:43,972 Model Called
2024-03-23 02:30:43,972 RAM memory 71.9 used for Bill_Of_Landing_562_page_29.png:
2024-03-23 02:30:43,972 is all_predictions is instance of list? True
2024-03-23 02:30:43,972 is all_boxes is instance of list? True
2024-03-23 02:30:43,972 is all_confidences is instance of list? True
2024-03-23 02:30:43,973 is all_text is instance of list? True
2024-03-23 02:30:43,973 is label2id is instance of dict? True
2024-03-23 02:30:43,973 is id2label is instance of dict? True
2024-03-23 02:30:43,974 is label2color is instance of dict? True
2024-03-23 02:30:43,974 label2color : {'signature': '#75D527', 'gross_weight': '#91CAB9', 'freight_collect_at': '#1BA918', 'shipper_name': '#4791EB', 'notify_party_address': '#B16D76', 'bol_original_or_copy': '#BCC304', 'mode_of_transport': '#B3AAEB', 'voyage_number': '#076D1D', 'measurement': '#6B6CD3', 'goods_marks_and_nos': '#39DD4B', 'bol_original_number': '#F2EDEC', 'container_number': '#F1B736', 'dimension': '#07FE62', 'pre_carriage_by': '#F03B08', 'bill_of_lading_number': '#B67C7A', 'notify_party_name': '#4B74B9', 'port_of_discharge': '#362530', 'final_destination': '#963B58', 'net_weight': '#CF735C', 'signed_by_master': '#A53BD7', 'shipped_onboard_date': '#988631', 'lc_date': '#6A25F9', 'lc_ref_number': '#4F412B', 'signed_by_carrier': '#1C514A', 'place_of_issue': '#F4304B', 'bill_of_lading_issue_date': '#3B62EF', 'signed_by_agent': '#342B2D', 'total_original_no': '#47B81E', 'vessel_name': '#6AFC28', 'carrier_country': '#FA1076', 'gross_quantity': '#5A6D9E', 'transaction_date': '#86B596', 'consignee_address': '#51939A', 'O': '#527F7E', 'shipper_address': '#9F15B6', 'page_no': '#97E7F6', 'goods_description': '#A96B65', 'freight_collect_or_prepaid': '#FBE353', 'agent_country': '#A88F25', 'stamp': '#5B89BE', 'consignee_name': '#7FE640', 'country_of_origin': '#63A773', 'port_of_loading': '#81E930', 'carrier_name': '#8F33BD', 'place_of_receipt': '#4DCC0F', 'agent_name': '#CFC178'}
2024-03-23 02:30:44,187 is result_set is instance of dict? True
2024-03-23 02:30:44,188 is final_result_set is instance of dict? True
2024-03-23 02:30:44,403 Time taken for page 1 of Bill_Of_Landing_562_page_29.png:0:00:02.997038
2024-03-23 02:30:44,552 *****Generated All Pages****** for Bill_Of_Landing_562_page_29.png
2024-03-23 02:30:44,552 RAM memory 72.1 used for Bill_Of_Landing_562_page_29.png Generating All Pages:
2024-03-23 02:30:44,552 Processing time taken for all pages of Bill_Of_Landing_562_page_29.png1:0:00:03.156960
2024-03-23 02:30:44,662 file name is:Bill_Of_Landing_562_page_28.png
2024-03-23 02:30:44,662 folder path :Images
2024-03-23 02:30:44,662 Calling Image result
2024-03-23 02:30:44,663 is all_page_result is instance of dict? True
2024-03-23 02:30:44,673 STREAM b'IHDR' 16 13
2024-03-23 02:30:44,673 STREAM b'IDAT' 41 60708
2024-03-23 02:30:44,708 is words is instance of list? True
2024-03-23 02:30:44,708 is bboxes is instance of list? True
2024-03-23 02:30:44,708 is bounding_boxes is instance of list? True
2024-03-23 02:30:44,917 is input_id_chunks is instance of list? True
2024-03-23 02:30:44,917 is mask_chunks is instance of list? True
2024-03-23 02:30:44,917 is bbox_chunks is instance of list? True
2024-03-23 02:30:44,917 is image_chunks is instance of list? True
2024-03-23 02:30:44,918 is input_dict is instance of dict? True
2024-03-23 02:30:47,278 Model Called
2024-03-23 02:30:47,279 RAM memory 72.1 used for Bill_Of_Landing_562_page_28.png:
2024-03-23 02:30:47,279 is all_predictions is instance of list? True
2024-03-23 02:30:47,279 is all_boxes is instance of list? True
2024-03-23 02:30:47,279 is all_confidences is instance of list? True
2024-03-23 02:30:47,279 is all_text is instance of list? True
2024-03-23 02:30:47,279 is label2id is instance of dict? True
2024-03-23 02:30:47,279 is id2label is instance of dict? True
2024-03-23 02:30:47,280 is label2color is instance of dict? True
2024-03-23 02:30:47,280 label2color : {'signature': '#8CE6A1', 'gross_weight': '#FD791E', 'freight_collect_at': '#5C8B32', 'shipper_name': '#7B4364', 'notify_party_address': '#A4AB45', 'bol_original_or_copy': '#9D7564', 'mode_of_transport': '#03AB05', 'voyage_number': '#CE2871', 'measurement': '#5926C9', 'goods_marks_and_nos': '#1A3841', 'bol_original_number': '#A31623', 'container_number': '#ED4076', 'dimension': '#4D6914', 'pre_carriage_by': '#655262', 'bill_of_lading_number': '#FEBB92', 'notify_party_name': '#275DC7', 'port_of_discharge': '#3ED04F', 'final_destination': '#3E42B5', 'net_weight': '#DF5C03', 'signed_by_master': '#983CDC', 'shipped_onboard_date': '#2E5439', 'lc_date': '#4DA847', 'lc_ref_number': '#824555', 'signed_by_carrier': '#DD4B7B', 'place_of_issue': '#9B0B09', 'bill_of_lading_issue_date': '#29D79B', 'signed_by_agent': '#11587E', 'total_original_no': '#1EA9BF', 'vessel_name': '#A9960E', 'carrier_country': '#B15F86', 'gross_quantity': '#C2451B', 'transaction_date': '#69FC76', 'consignee_address': '#BF5D5B', 'O': '#02B10D', 'shipper_address': '#896764', 'page_no': '#2C28A4', 'goods_description': '#F5A508', 'freight_collect_or_prepaid': '#B6B88E', 'agent_country': '#CAAFA4', 'stamp': '#97E59D', 'consignee_name': '#655EAA', 'country_of_origin': '#D9BDEE', 'port_of_loading': '#DC29B1', 'carrier_name': '#03ABA4', 'place_of_receipt': '#94FB0F', 'agent_name': '#8FA1A1'}
2024-03-23 02:30:47,479 is result_set is instance of dict? True
2024-03-23 02:30:47,480 is final_result_set is instance of dict? True
2024-03-23 02:30:47,674 Time taken for page 1 of Bill_Of_Landing_562_page_28.png:0:00:03.000359
2024-03-23 02:30:47,810 *****Generated All Pages****** for Bill_Of_Landing_562_page_28.png
2024-03-23 02:30:47,810 RAM memory 72.1 used for Bill_Of_Landing_562_page_28.png Generating All Pages:
2024-03-23 02:30:47,810 Processing time taken for all pages of Bill_Of_Landing_562_page_28.png1:0:00:03.147836
2024-03-23 02:30:47,921 file name is:Bill_Of_Landing_562_page_19.png
2024-03-23 02:30:47,921 folder path :Images
2024-03-23 02:30:47,921 Calling Image result
2024-03-23 02:30:47,921 is all_page_result is instance of dict? True
2024-03-23 02:30:47,922 STREAM b'IHDR' 16 13
2024-03-23 02:30:47,922 STREAM b'IDAT' 41 65536
2024-03-23 02:30:47,955 is words is instance of list? True
2024-03-23 02:30:47,955 is bboxes is instance of list? True
2024-03-23 02:30:47,955 is bounding_boxes is instance of list? True
2024-03-23 02:30:48,160 is input_id_chunks is instance of list? True
2024-03-23 02:30:48,160 is mask_chunks is instance of list? True
2024-03-23 02:30:48,160 is bbox_chunks is instance of list? True
2024-03-23 02:30:48,160 is image_chunks is instance of list? True
2024-03-23 02:30:48,161 is input_dict is instance of dict? True
2024-03-23 02:30:50,440 Model Called
2024-03-23 02:30:50,440 RAM memory 72.1 used for Bill_Of_Landing_562_page_19.png:
2024-03-23 02:30:50,440 is all_predictions is instance of list? True
2024-03-23 02:30:50,440 is all_boxes is instance of list? True
2024-03-23 02:30:50,441 is all_confidences is instance of list? True
2024-03-23 02:30:50,441 is all_text is instance of list? True
2024-03-23 02:30:50,441 is label2id is instance of dict? True
2024-03-23 02:30:50,441 is id2label is instance of dict? True
2024-03-23 02:30:50,442 is label2color is instance of dict? True
2024-03-23 02:30:50,442 label2color : {'signature': '#57CCA8', 'gross_weight': '#AA810A', 'freight_collect_at': '#130748', 'shipper_name': '#387092', 'notify_party_address': '#BAD9AB', 'bol_original_or_copy': '#27CC8B', 'mode_of_transport': '#8C7486', 'voyage_number': '#69081A', 'measurement': '#2288A1', 'goods_marks_and_nos': '#537C06', 'bol_original_number': '#67FB77', 'container_number': '#7E3A53', 'dimension': '#C1CFAA', 'pre_carriage_by': '#873A7D', 'bill_of_lading_number': '#3DCA87', 'notify_party_name': '#11E032', 'port_of_discharge': '#837E24', 'final_destination': '#0E7E2C', 'net_weight': '#9FF784', 'signed_by_master': '#589485', 'shipped_onboard_date': '#F55513', 'lc_date': '#55CD1B', 'lc_ref_number': '#817AF4', 'signed_by_carrier': '#181279', 'place_of_issue': '#BF77E9', 'bill_of_lading_issue_date': '#8497C5', 'signed_by_agent': '#894D73', 'total_original_no': '#D6D988', 'vessel_name': '#1C7AD4', 'carrier_country': '#792DD6', 'gross_quantity': '#5EAC18', 'transaction_date': '#989A34', 'consignee_address': '#9D93FB', 'O': '#4F8846', 'shipper_address': '#8CADE5', 'page_no': '#7F1A97', 'goods_description': '#52DADC', 'freight_collect_or_prepaid': '#10B605', 'agent_country': '#3B9CF7', 'stamp': '#81B301', 'consignee_name': '#67268F', 'country_of_origin': '#AB85D5', 'port_of_loading': '#52777F', 'carrier_name': '#6D43BB', 'place_of_receipt': '#FCE71B', 'agent_name': '#8744D6'}
2024-03-23 02:30:50,630 is result_set is instance of dict? True
2024-03-23 02:30:50,631 is final_result_set is instance of dict? True
2024-03-23 02:30:50,826 Time taken for page 1 of Bill_Of_Landing_562_page_19.png:0:00:02.904168
2024-03-23 02:30:50,977 *****Generated All Pages****** for Bill_Of_Landing_562_page_19.png
2024-03-23 02:30:50,978 RAM memory 72.1 used for Bill_Of_Landing_562_page_19.png Generating All Pages:
2024-03-23 02:30:50,978 Processing time taken for all pages of Bill_Of_Landing_562_page_19.png1:0:00:03.057027
2024-03-23 02:30:51,091 file name is:Bill_Of_Landing_292_page_0.png
2024-03-23 02:30:51,091 folder path :Images
2024-03-23 02:30:51,091 Calling Image result
2024-03-23 02:30:51,092 is all_page_result is instance of dict? True
2024-03-23 02:30:51,102 STREAM b'IHDR' 16 13
2024-03-23 02:30:51,102 STREAM b'IDAT' 41 62739
2024-03-23 02:30:51,133 is words is instance of list? True
2024-03-23 02:30:51,133 is bboxes is instance of list? True
2024-03-23 02:30:51,134 is bounding_boxes is instance of list? True
2024-03-23 02:30:51,347 is input_id_chunks is instance of list? True
2024-03-23 02:30:51,347 is mask_chunks is instance of list? True
2024-03-23 02:30:51,347 is bbox_chunks is instance of list? True
2024-03-23 02:30:51,347 is image_chunks is instance of list? True
2024-03-23 02:30:51,348 is input_dict is instance of dict? True
2024-03-23 02:30:53,659 Model Called
2024-03-23 02:30:53,659 RAM memory 72.3 used for Bill_Of_Landing_292_page_0.png:
2024-03-23 02:30:53,659 is all_predictions is instance of list? True
2024-03-23 02:30:53,659 is all_boxes is instance of list? True
2024-03-23 02:30:53,659 is all_confidences is instance of list? True
2024-03-23 02:30:53,659 is all_text is instance of list? True
2024-03-23 02:30:53,660 is label2id is instance of dict? True
2024-03-23 02:30:53,660 is id2label is instance of dict? True
2024-03-23 02:30:53,660 is label2color is instance of dict? True
2024-03-23 02:30:53,661 label2color : {'signature': '#76B00C', 'gross_weight': '#85C4C3', 'freight_collect_at': '#D05902', 'shipper_name': '#9BC78F', 'notify_party_address': '#C46193', 'bol_original_or_copy': '#DB9C5A', 'mode_of_transport': '#3A99FC', 'voyage_number': '#6E340A', 'measurement': '#576722', 'goods_marks_and_nos': '#24E53F', 'bol_original_number': '#0EB020', 'container_number': '#450C01', 'dimension': '#F83557', 'pre_carriage_by': '#C4634F', 'bill_of_lading_number': '#2E04C3', 'notify_party_name': '#88AD0B', 'port_of_discharge': '#CAACBE', 'final_destination': '#CA7040', 'net_weight': '#AFCBC6', 'signed_by_master': '#6CDDF0', 'shipped_onboard_date': '#2FDC82', 'lc_date': '#D8FECD', 'lc_ref_number': '#6E1841', 'signed_by_carrier': '#06D29D', 'place_of_issue': '#7090D6', 'bill_of_lading_issue_date': '#1569E1', 'signed_by_agent': '#F9FBFF', 'total_original_no': '#FCF5B8', 'vessel_name': '#22BAEF', 'carrier_country': '#E323EF', 'gross_quantity': '#472CB6', 'transaction_date': '#4ECF30', 'consignee_address': '#D4357D', 'O': '#41C58F', 'shipper_address': '#8189B5', 'page_no': '#420AB6', 'goods_description': '#7B4727', 'freight_collect_or_prepaid': '#B2CEB5', 'agent_country': '#03F156', 'stamp': '#3678BE', 'consignee_name': '#20C371', 'country_of_origin': '#13F322', 'port_of_loading': '#16C2B7', 'carrier_name': '#261846', 'place_of_receipt': '#7B55D6', 'agent_name': '#1880A3'}
2024-03-23 02:30:53,844 is result_set is instance of dict? True
2024-03-23 02:30:53,845 is final_result_set is instance of dict? True
2024-03-23 02:30:54,045 Time taken for page 1 of Bill_Of_Landing_292_page_0.png:0:00:02.942628
2024-03-23 02:30:54,188 *****Generated All Pages****** for Bill_Of_Landing_292_page_0.png
2024-03-23 02:30:54,188 RAM memory 72.3 used for Bill_Of_Landing_292_page_0.png Generating All Pages:
2024-03-23 02:30:54,189 Processing time taken for all pages of Bill_Of_Landing_292_page_0.png1:0:00:03.097138
2024-03-23 02:30:54,301 file name is:Bill_Of_Landing_521_page_4.png
2024-03-23 02:30:54,301 folder path :Images
2024-03-23 02:30:54,301 Calling Image result
2024-03-23 02:30:54,301 is all_page_result is instance of dict? True
2024-03-23 02:30:54,339 STREAM b'IHDR' 16 13
2024-03-23 02:30:54,339 STREAM b'IDAT' 41 65536
2024-03-23 02:30:54,377 is words is instance of list? True
2024-03-23 02:30:54,377 is bboxes is instance of list? True
2024-03-23 02:30:54,377 is bounding_boxes is instance of list? True
2024-03-23 02:30:54,577 is input_id_chunks is instance of list? True
2024-03-23 02:30:54,577 is mask_chunks is instance of list? True
2024-03-23 02:30:54,577 is bbox_chunks is instance of list? True
2024-03-23 02:30:54,577 is image_chunks is instance of list? True
2024-03-23 02:30:54,577 is input_dict is instance of dict? True
2024-03-23 02:30:56,863 Model Called
2024-03-23 02:30:56,863 RAM memory 72.3 used for Bill_Of_Landing_521_page_4.png:
2024-03-23 02:30:56,863 is all_predictions is instance of list? True
2024-03-23 02:30:56,863 is all_boxes is instance of list? True
2024-03-23 02:30:56,863 is all_confidences is instance of list? True
2024-03-23 02:30:56,863 is all_text is instance of list? True
2024-03-23 02:30:56,863 is label2id is instance of dict? True
2024-03-23 02:30:56,863 is id2label is instance of dict? True
2024-03-23 02:30:56,864 is label2color is instance of dict? True
2024-03-23 02:30:56,864 label2color : {'signature': '#B2FCA3', 'gross_weight': '#5EB6A3', 'freight_collect_at': '#CDEF00', 'shipper_name': '#578566', 'notify_party_address': '#6E0614', 'bol_original_or_copy': '#72553D', 'mode_of_transport': '#F295BF', 'voyage_number': '#FD8656', 'measurement': '#3B83EA', 'goods_marks_and_nos': '#9D7AA0', 'bol_original_number': '#0C24E3', 'container_number': '#FD7DCA', 'dimension': '#58C357', 'pre_carriage_by': '#279998', 'bill_of_lading_number': '#452E5F', 'notify_party_name': '#59580A', 'port_of_discharge': '#E6A7E7', 'final_destination': '#6A0988', 'net_weight': '#A8ECED', 'signed_by_master': '#3B3F3A', 'shipped_onboard_date': '#650C86', 'lc_date': '#7451F9', 'lc_ref_number': '#B782B4', 'signed_by_carrier': '#E6EF24', 'place_of_issue': '#A36C43', 'bill_of_lading_issue_date': '#43C435', 'signed_by_agent': '#3773D4', 'total_original_no': '#D7A243', 'vessel_name': '#02A6A0', 'carrier_country': '#2AC3E5', 'gross_quantity': '#751440', 'transaction_date': '#4CC2BB', 'consignee_address': '#C079B0', 'O': '#A0483F', 'shipper_address': '#547286', 'page_no': '#300DFF', 'goods_description': '#16E78E', 'freight_collect_or_prepaid': '#6C88ED', 'agent_country': '#61C999', 'stamp': '#2E0087', 'consignee_name': '#AE25C3', 'country_of_origin': '#75E265', 'port_of_loading': '#C158A5', 'carrier_name': '#8BE830', 'place_of_receipt': '#DE0B6E', 'agent_name': '#66761A'}
2024-03-23 02:30:57,055 is result_set is instance of dict? True
2024-03-23 02:30:57,056 is final_result_set is instance of dict? True
2024-03-23 02:30:57,274 Time taken for page 1 of Bill_Of_Landing_521_page_4.png:0:00:02.934959
2024-03-23 02:30:57,429 *****Generated All Pages****** for Bill_Of_Landing_521_page_4.png
2024-03-23 02:30:57,430 RAM memory 72.3 used for Bill_Of_Landing_521_page_4.png Generating All Pages:
2024-03-23 02:30:57,430 Processing time taken for all pages of Bill_Of_Landing_521_page_4.png1:0:00:03.128348
2024-03-23 02:30:57,540 file name is:Bill_Of_Landing_471_page_0.png
2024-03-23 02:30:57,541 folder path :Images
2024-03-23 02:30:57,541 Calling Image result
2024-03-23 02:30:57,541 is all_page_result is instance of dict? True
2024-03-23 02:30:57,551 STREAM b'IHDR' 16 13
2024-03-23 02:30:57,551 STREAM b'IDAT' 41 65536
2024-03-23 02:30:57,587 is words is instance of list? True
2024-03-23 02:30:57,587 is bboxes is instance of list? True
2024-03-23 02:30:57,587 is bounding_boxes is instance of list? True
2024-03-23 02:30:57,802 is input_id_chunks is instance of list? True
2024-03-23 02:30:57,803 is mask_chunks is instance of list? True
2024-03-23 02:30:57,803 is bbox_chunks is instance of list? True
2024-03-23 02:30:57,803 is image_chunks is instance of list? True
2024-03-23 02:30:57,804 is input_dict is instance of dict? True
2024-03-23 02:31:01,219 Model Called
2024-03-23 02:31:01,220 RAM memory 72.2 used for Bill_Of_Landing_471_page_0.png:
2024-03-23 02:31:01,220 is all_predictions is instance of list? True
2024-03-23 02:31:01,220 is all_boxes is instance of list? True
2024-03-23 02:31:01,220 is all_confidences is instance of list? True
2024-03-23 02:31:01,220 is all_text is instance of list? True
2024-03-23 02:31:01,220 is label2id is instance of dict? True
2024-03-23 02:31:01,220 is id2label is instance of dict? True
2024-03-23 02:31:01,221 is label2color is instance of dict? True
2024-03-23 02:31:01,221 label2color : {'signature': '#21E376', 'gross_weight': '#061BC6', 'freight_collect_at': '#7CB936', 'shipper_name': '#29FD58', 'notify_party_address': '#CAC112', 'bol_original_or_copy': '#2A8150', 'mode_of_transport': '#0F9A91', 'voyage_number': '#E4BC58', 'measurement': '#83CCDB', 'goods_marks_and_nos': '#0C4CD5', 'bol_original_number': '#F3A2BD', 'container_number': '#FB517E', 'dimension': '#EA59AA', 'pre_carriage_by': '#CF6641', 'bill_of_lading_number': '#F84363', 'notify_party_name': '#A61295', 'port_of_discharge': '#E1FB29', 'final_destination': '#64BCBB', 'net_weight': '#EE33D5', 'signed_by_master': '#53C0EA', 'shipped_onboard_date': '#BA2365', 'lc_date': '#EC9A8F', 'lc_ref_number': '#3E8AF6', 'signed_by_carrier': '#F52746', 'place_of_issue': '#0C4BAF', 'bill_of_lading_issue_date': '#82EFC1', 'signed_by_agent': '#732815', 'total_original_no': '#3D954A', 'vessel_name': '#00E610', 'carrier_country': '#AB2A5B', 'gross_quantity': '#0B6E7A', 'transaction_date': '#625443', 'consignee_address': '#37D802', 'O': '#E9A3C5', 'shipper_address': '#B3A756', 'page_no': '#F382E1', 'goods_description': '#7C17BD', 'freight_collect_or_prepaid': '#55EC6A', 'agent_country': '#73D3F9', 'stamp': '#A6EEE3', 'consignee_name': '#497919', 'country_of_origin': '#E2705B', 'port_of_loading': '#DB33D3', 'carrier_name': '#C3BF7F', 'place_of_receipt': '#8D3D2F', 'agent_name': '#5D8B4C'}
2024-03-23 02:31:01,489 is result_set is instance of dict? True
2024-03-23 02:31:01,491 is final_result_set is instance of dict? True
2024-03-23 02:31:01,798 Time taken for page 1 of Bill_Of_Landing_471_page_0.png:0:00:04.246495
2024-03-23 02:31:01,958 *****Generated All Pages****** for Bill_Of_Landing_471_page_0.png
2024-03-23 02:31:01,958 RAM memory 72.3 used for Bill_Of_Landing_471_page_0.png Generating All Pages:
2024-03-23 02:31:01,958 Processing time taken for all pages of Bill_Of_Landing_471_page_0.png1:0:00:04.417442
2024-03-23 02:31:02,076 file name is:Bill_Of_Landing_739_page_0.png
2024-03-23 02:31:02,076 folder path :Images
2024-03-23 02:31:02,076 Calling Image result
2024-03-23 02:31:02,077 is all_page_result is instance of dict? True
2024-03-23 02:31:02,087 STREAM b'IHDR' 16 13
2024-03-23 02:31:02,087 STREAM b'IDAT' 41 65536
2024-03-23 02:31:02,122 is words is instance of list? True
2024-03-23 02:31:02,122 is bboxes is instance of list? True
2024-03-23 02:31:02,122 is bounding_boxes is instance of list? True
2024-03-23 02:31:02,346 is input_id_chunks is instance of list? True
2024-03-23 02:31:02,346 is mask_chunks is instance of list? True
2024-03-23 02:31:02,346 is bbox_chunks is instance of list? True
2024-03-23 02:31:02,346 is image_chunks is instance of list? True
2024-03-23 02:31:02,347 is input_dict is instance of dict? True
2024-03-23 02:31:04,640 Model Called
2024-03-23 02:31:04,640 RAM memory 72.1 used for Bill_Of_Landing_739_page_0.png:
2024-03-23 02:31:04,640 is all_predictions is instance of list? True
2024-03-23 02:31:04,640 is all_boxes is instance of list? True
2024-03-23 02:31:04,640 is all_confidences is instance of list? True
2024-03-23 02:31:04,640 is all_text is instance of list? True
2024-03-23 02:31:04,641 is label2id is instance of dict? True
2024-03-23 02:31:04,641 is id2label is instance of dict? True
2024-03-23 02:31:04,642 is label2color is instance of dict? True
2024-03-23 02:31:04,642 label2color : {'signature': '#72A63A', 'gross_weight': '#7971AD', 'freight_collect_at': '#98A8AC', 'shipper_name': '#85FA9A', 'notify_party_address': '#EC6D1A', 'bol_original_or_copy': '#296DE4', 'mode_of_transport': '#FDBD27', 'voyage_number': '#9DBB73', 'measurement': '#8FA88C', 'goods_marks_and_nos': '#DFCC88', 'bol_original_number': '#9BABAE', 'container_number': '#633288', 'dimension': '#B2838C', 'pre_carriage_by': '#0639F2', 'bill_of_lading_number': '#9B4B3A', 'notify_party_name': '#2F3FC8', 'port_of_discharge': '#7A0606', 'final_destination': '#35D106', 'net_weight': '#0242A4', 'signed_by_master': '#0DFCBC', 'shipped_onboard_date': '#9EA563', 'lc_date': '#6AA4D5', 'lc_ref_number': '#D0C7B3', 'signed_by_carrier': '#158244', 'place_of_issue': '#64020D', 'bill_of_lading_issue_date': '#C7BFAA', 'signed_by_agent': '#A45B61', 'total_original_no': '#1F995E', 'vessel_name': '#12A38F', 'carrier_country': '#63F2D4', 'gross_quantity': '#3321DA', 'transaction_date': '#E03D04', 'consignee_address': '#B15C80', 'O': '#FF4132', 'shipper_address': '#771B2F', 'page_no': '#E03E8F', 'goods_description': '#9AE2E1', 'freight_collect_or_prepaid': '#CF5E9D', 'agent_country': '#7D7586', 'stamp': '#7AD29A', 'consignee_name': '#2E3DD6', 'country_of_origin': '#AC1E9F', 'port_of_loading': '#3B98B6', 'carrier_name': '#A2DAF7', 'place_of_receipt': '#D6CA03', 'agent_name': '#05084F'}
2024-03-23 02:31:04,827 is result_set is instance of dict? True
2024-03-23 02:31:04,828 is final_result_set is instance of dict? True
2024-03-23 02:31:05,040 Time taken for page 1 of Bill_Of_Landing_739_page_0.png:0:00:02.952188
2024-03-23 02:31:05,197 *****Generated All Pages****** for Bill_Of_Landing_739_page_0.png
2024-03-23 02:31:05,197 RAM memory 72.1 used for Bill_Of_Landing_739_page_0.png Generating All Pages:
2024-03-23 02:31:05,197 Processing time taken for all pages of Bill_Of_Landing_739_page_0.png1:0:00:03.120831
2024-03-23 02:31:05,312 file name is:Bill_Of_Landing_562_page_27.png
2024-03-23 02:31:05,313 folder path :Images
2024-03-23 02:31:05,313 Calling Image result
2024-03-23 02:31:05,313 is all_page_result is instance of dict? True
2024-03-23 02:31:05,323 STREAM b'IHDR' 16 13
2024-03-23 02:31:05,324 STREAM b'IDAT' 41 60831
2024-03-23 02:31:05,358 is words is instance of list? True
2024-03-23 02:31:05,358 is bboxes is instance of list? True
2024-03-23 02:31:05,358 is bounding_boxes is instance of list? True
2024-03-23 02:31:05,563 is input_id_chunks is instance of list? True
2024-03-23 02:31:05,563 is mask_chunks is instance of list? True
2024-03-23 02:31:05,563 is bbox_chunks is instance of list? True
2024-03-23 02:31:05,563 is image_chunks is instance of list? True
2024-03-23 02:31:05,563 is input_dict is instance of dict? True
2024-03-23 02:31:07,826 Model Called
2024-03-23 02:31:07,826 RAM memory 72.1 used for Bill_Of_Landing_562_page_27.png:
2024-03-23 02:31:07,826 is all_predictions is instance of list? True
2024-03-23 02:31:07,826 is all_boxes is instance of list? True
2024-03-23 02:31:07,826 is all_confidences is instance of list? True
2024-03-23 02:31:07,826 is all_text is instance of list? True
2024-03-23 02:31:07,827 is label2id is instance of dict? True
2024-03-23 02:31:07,827 is id2label is instance of dict? True
2024-03-23 02:31:07,827 is label2color is instance of dict? True
2024-03-23 02:31:07,827 label2color : {'signature': '#68FDD8', 'gross_weight': '#AF1A1D', 'freight_collect_at': '#A3D5B6', 'shipper_name': '#30291C', 'notify_party_address': '#D7416E', 'bol_original_or_copy': '#69484A', 'mode_of_transport': '#A8395B', 'voyage_number': '#9749C5', 'measurement': '#F31874', 'goods_marks_and_nos': '#6CC9DA', 'bol_original_number': '#2C13DC', 'container_number': '#74BEBF', 'dimension': '#E58D71', 'pre_carriage_by': '#3DA1D3', 'bill_of_lading_number': '#EE99D1', 'notify_party_name': '#AFDE4A', 'port_of_discharge': '#D80C6C', 'final_destination': '#01B1E7', 'net_weight': '#D8F424', 'signed_by_master': '#CEFCCB', 'shipped_onboard_date': '#055907', 'lc_date': '#0EF46B', 'lc_ref_number': '#2E7B70', 'signed_by_carrier': '#871D79', 'place_of_issue': '#447D3C', 'bill_of_lading_issue_date': '#8DE164', 'signed_by_agent': '#0124C5', 'total_original_no': '#F289FC', 'vessel_name': '#EFD699', 'carrier_country': '#F1381A', 'gross_quantity': '#541DDA', 'transaction_date': '#639175', 'consignee_address': '#22BCCF', 'O': '#F4DA81', 'shipper_address': '#6E296A', 'page_no': '#4A6E90', 'goods_description': '#EDB625', 'freight_collect_or_prepaid': '#38995F', 'agent_country': '#81E428', 'stamp': '#BCB6EA', 'consignee_name': '#02AE10', 'country_of_origin': '#281992', 'port_of_loading': '#73D5A3', 'carrier_name': '#E7C42A', 'place_of_receipt': '#FCDFB5', 'agent_name': '#53C823'}
2024-03-23 02:31:08,018 is result_set is instance of dict? True
2024-03-23 02:31:08,019 is final_result_set is instance of dict? True
2024-03-23 02:31:08,237 Time taken for page 1 of Bill_Of_Landing_562_page_27.png:0:00:02.912731
2024-03-23 02:31:08,387 *****Generated All Pages****** for Bill_Of_Landing_562_page_27.png
2024-03-23 02:31:08,387 RAM memory 72.2 used for Bill_Of_Landing_562_page_27.png Generating All Pages:
2024-03-23 02:31:08,387 Processing time taken for all pages of Bill_Of_Landing_562_page_27.png1:0:00:03.074441
2024-03-23 02:31:08,499 file name is:Bill_Of_Landing_273_page_1.png
2024-03-23 02:31:08,500 folder path :Images
2024-03-23 02:31:08,500 Calling Image result
2024-03-23 02:31:08,500 is all_page_result is instance of dict? True
2024-03-23 02:31:08,511 STREAM b'IHDR' 16 13
2024-03-23 02:31:08,511 STREAM b'IDAT' 41 59161
2024-03-23 02:31:08,543 is words is instance of list? True
2024-03-23 02:31:08,543 is bboxes is instance of list? True
2024-03-23 02:31:08,543 is bounding_boxes is instance of list? True
2024-03-23 02:31:08,749 is input_id_chunks is instance of list? True
2024-03-23 02:31:08,749 is mask_chunks is instance of list? True
2024-03-23 02:31:08,749 is bbox_chunks is instance of list? True
2024-03-23 02:31:08,749 is image_chunks is instance of list? True
2024-03-23 02:31:08,750 is input_dict is instance of dict? True
2024-03-23 02:31:11,033 Model Called
2024-03-23 02:31:11,034 RAM memory 72.0 used for Bill_Of_Landing_273_page_1.png:
2024-03-23 02:31:11,034 is all_predictions is instance of list? True
2024-03-23 02:31:11,034 is all_boxes is instance of list? True
2024-03-23 02:31:11,034 is all_confidences is instance of list? True
2024-03-23 02:31:11,034 is all_text is instance of list? True
2024-03-23 02:31:11,034 is label2id is instance of dict? True
2024-03-23 02:31:11,034 is id2label is instance of dict? True
2024-03-23 02:31:11,035 is label2color is instance of dict? True
2024-03-23 02:31:11,035 label2color : {'signature': '#B2D0B5', 'gross_weight': '#8454FE', 'freight_collect_at': '#B1C4D5', 'shipper_name': '#A04268', 'notify_party_address': '#180C12', 'bol_original_or_copy': '#13C96F', 'mode_of_transport': '#674679', 'voyage_number': '#80F8BD', 'measurement': '#E200DC', 'goods_marks_and_nos': '#356D21', 'bol_original_number': '#051F4E', 'container_number': '#1CCECF', 'dimension': '#681020', 'pre_carriage_by': '#4CF3C5', 'bill_of_lading_number': '#BFEAF7', 'notify_party_name': '#BA2DF8', 'port_of_discharge': '#44C395', 'final_destination': '#75E82C', 'net_weight': '#9FBED9', 'signed_by_master': '#EC2314', 'shipped_onboard_date': '#BB9F2E', 'lc_date': '#C7381B', 'lc_ref_number': '#235E43', 'signed_by_carrier': '#EE151F', 'place_of_issue': '#C40E0F', 'bill_of_lading_issue_date': '#E6687E', 'signed_by_agent': '#1FD8A5', 'total_original_no': '#FE247C', 'vessel_name': '#AA5226', 'carrier_country': '#BF4514', 'gross_quantity': '#5083C5', 'transaction_date': '#AAF8D8', 'consignee_address': '#8EAD43', 'O': '#300352', 'shipper_address': '#8591D1', 'page_no': '#122FB3', 'goods_description': '#33996E', 'freight_collect_or_prepaid': '#614DB9', 'agent_country': '#096E1B', 'stamp': '#09E29D', 'consignee_name': '#65A315', 'country_of_origin': '#6B66F0', 'port_of_loading': '#9DB0C1', 'carrier_name': '#58B5B5', 'place_of_receipt': '#FEA3B2', 'agent_name': '#256282'}
2024-03-23 02:31:11,237 is result_set is instance of dict? True
2024-03-23 02:31:11,239 is final_result_set is instance of dict? True
2024-03-23 02:31:11,506 Time taken for page 1 of Bill_Of_Landing_273_page_1.png:0:00:02.994653
2024-03-23 02:31:11,650 *****Generated All Pages****** for Bill_Of_Landing_273_page_1.png
2024-03-23 02:31:11,650 RAM memory 72.1 used for Bill_Of_Landing_273_page_1.png Generating All Pages:
2024-03-23 02:31:11,650 Processing time taken for all pages of Bill_Of_Landing_273_page_1.png1:0:00:03.150092
2024-03-23 02:31:11,760 file name is:Bill_Of_Landing_585_page_0.png
2024-03-23 02:31:11,760 folder path :Images
2024-03-23 02:31:11,760 Calling Image result
2024-03-23 02:31:11,760 is all_page_result is instance of dict? True
2024-03-23 02:31:11,771 STREAM b'IHDR' 16 13
2024-03-23 02:31:11,771 STREAM b'IDAT' 41 65536
2024-03-23 02:31:11,819 is words is instance of list? True
2024-03-23 02:31:11,820 is bboxes is instance of list? True
2024-03-23 02:31:11,820 is bounding_boxes is instance of list? True
2024-03-23 02:31:12,048 is input_id_chunks is instance of list? True
2024-03-23 02:31:12,048 is mask_chunks is instance of list? True
2024-03-23 02:31:12,048 is bbox_chunks is instance of list? True
2024-03-23 02:31:12,048 is image_chunks is instance of list? True
2024-03-23 02:31:12,049 is input_dict is instance of dict? True
2024-03-23 02:31:14,321 Model Called
2024-03-23 02:31:14,322 RAM memory 72.3 used for Bill_Of_Landing_585_page_0.png:
2024-03-23 02:31:14,322 is all_predictions is instance of list? True
2024-03-23 02:31:14,322 is all_boxes is instance of list? True
2024-03-23 02:31:14,322 is all_confidences is instance of list? True
2024-03-23 02:31:14,322 is all_text is instance of list? True
2024-03-23 02:31:14,322 is label2id is instance of dict? True
2024-03-23 02:31:14,322 is id2label is instance of dict? True
2024-03-23 02:31:14,323 is label2color is instance of dict? True
2024-03-23 02:31:14,323 label2color : {'signature': '#A8C474', 'gross_weight': '#9AD131', 'freight_collect_at': '#885BF4', 'shipper_name': '#8F6CEF', 'notify_party_address': '#E46D78', 'bol_original_or_copy': '#17EF21', 'mode_of_transport': '#101FE7', 'voyage_number': '#100C08', 'measurement': '#C7815A', 'goods_marks_and_nos': '#A58BB7', 'bol_original_number': '#704F08', 'container_number': '#7A32EC', 'dimension': '#1ACF60', 'pre_carriage_by': '#B94F6D', 'bill_of_lading_number': '#934655', 'notify_party_name': '#C17BB0', 'port_of_discharge': '#537706', 'final_destination': '#A984CC', 'net_weight': '#829D23', 'signed_by_master': '#6E8014', 'shipped_onboard_date': '#27A1C9', 'lc_date': '#7AEE32', 'lc_ref_number': '#78A3B4', 'signed_by_carrier': '#783D46', 'place_of_issue': '#A23CED', 'bill_of_lading_issue_date': '#70284F', 'signed_by_agent': '#1F44D3', 'total_original_no': '#1E658B', 'vessel_name': '#56A0CC', 'carrier_country': '#CDDFE8', 'gross_quantity': '#E300FB', 'transaction_date': '#DF41D9', 'consignee_address': '#1B1DE7', 'O': '#596F88', 'shipper_address': '#905CA0', 'page_no': '#B41983', 'goods_description': '#CA16A1', 'freight_collect_or_prepaid': '#590265', 'agent_country': '#F38503', 'stamp': '#AE23DF', 'consignee_name': '#1A0989', 'country_of_origin': '#251B34', 'port_of_loading': '#6A261C', 'carrier_name': '#B2B13A', 'place_of_receipt': '#6C2957', 'agent_name': '#BAC96C'}
2024-03-23 02:31:14,522 is result_set is instance of dict? True
2024-03-23 02:31:14,524 is final_result_set is instance of dict? True
2024-03-23 02:31:14,799 Time taken for page 1 of Bill_Of_Landing_585_page_0.png:0:00:03.027812
2024-03-23 02:31:14,947 *****Generated All Pages****** for Bill_Of_Landing_585_page_0.png
2024-03-23 02:31:14,948 RAM memory 72.2 used for Bill_Of_Landing_585_page_0.png Generating All Pages:
2024-03-23 02:31:14,948 Processing time taken for all pages of Bill_Of_Landing_585_page_0.png1:0:00:03.187609
2024-03-23 02:31:15,059 file name is:Bill_Of_Landing_424_page_3.png
2024-03-23 02:31:15,059 folder path :Images
2024-03-23 02:31:15,059 Calling Image result
2024-03-23 02:31:15,059 is all_page_result is instance of dict? True
2024-03-23 02:31:15,070 STREAM b'IHDR' 16 13
2024-03-23 02:31:15,070 STREAM b'IDAT' 41 65536
2024-03-23 02:31:15,108 is words is instance of list? True
2024-03-23 02:31:15,108 is bboxes is instance of list? True
2024-03-23 02:31:15,108 is bounding_boxes is instance of list? True
2024-03-23 02:31:15,316 is input_id_chunks is instance of list? True
2024-03-23 02:31:15,316 is mask_chunks is instance of list? True
2024-03-23 02:31:15,316 is bbox_chunks is instance of list? True
2024-03-23 02:31:15,316 is image_chunks is instance of list? True
2024-03-23 02:31:15,317 is input_dict is instance of dict? True
2024-03-23 02:31:17,739 Model Called
2024-03-23 02:31:17,740 RAM memory 72.2 used for Bill_Of_Landing_424_page_3.png:
2024-03-23 02:31:17,740 is all_predictions is instance of list? True
2024-03-23 02:31:17,740 is all_boxes is instance of list? True
2024-03-23 02:31:17,740 is all_confidences is instance of list? True
2024-03-23 02:31:17,740 is all_text is instance of list? True
2024-03-23 02:31:17,740 is label2id is instance of dict? True
2024-03-23 02:31:17,740 is id2label is instance of dict? True
2024-03-23 02:31:17,741 is label2color is instance of dict? True
2024-03-23 02:31:17,741 label2color : {'signature': '#4EC3AB', 'gross_weight': '#535E90', 'freight_collect_at': '#AD2823', 'shipper_name': '#8F5E87', 'notify_party_address': '#EB8803', 'bol_original_or_copy': '#0B3361', 'mode_of_transport': '#B558E7', 'voyage_number': '#D2F4B2', 'measurement': '#276610', 'goods_marks_and_nos': '#9C8784', 'bol_original_number': '#786DA4', 'container_number': '#535A8D', 'dimension': '#18B89C', 'pre_carriage_by': '#CE464B', 'bill_of_lading_number': '#E91A8C', 'notify_party_name': '#1B7DC4', 'port_of_discharge': '#C36619', 'final_destination': '#7BA0BB', 'net_weight': '#108C83', 'signed_by_master': '#CC3EB7', 'shipped_onboard_date': '#FE2B23', 'lc_date': '#B58554', 'lc_ref_number': '#9D98B4', 'signed_by_carrier': '#61CA2E', 'place_of_issue': '#B1229E', 'bill_of_lading_issue_date': '#30755C', 'signed_by_agent': '#325145', 'total_original_no': '#B1F1A4', 'vessel_name': '#780747', 'carrier_country': '#646FCC', 'gross_quantity': '#D3813A', 'transaction_date': '#AB1FD8', 'consignee_address': '#9B258F', 'O': '#55B75A', 'shipper_address': '#D43968', 'page_no': '#798075', 'goods_description': '#CD1B65', 'freight_collect_or_prepaid': '#E64F05', 'agent_country': '#DE34BA', 'stamp': '#379AEC', 'consignee_name': '#CCE7EF', 'country_of_origin': '#36A7BC', 'port_of_loading': '#0A98A0', 'carrier_name': '#865BF8', 'place_of_receipt': '#91E301', 'agent_name': '#48625E'}
2024-03-23 02:31:17,929 is result_set is instance of dict? True
2024-03-23 02:31:17,931 is final_result_set is instance of dict? True
2024-03-23 02:31:18,144 Time taken for page 1 of Bill_Of_Landing_424_page_3.png:0:00:03.074062
2024-03-23 02:31:18,288 *****Generated All Pages****** for Bill_Of_Landing_424_page_3.png
2024-03-23 02:31:18,288 RAM memory 72.2 used for Bill_Of_Landing_424_page_3.png Generating All Pages:
2024-03-23 02:31:18,288 Processing time taken for all pages of Bill_Of_Landing_424_page_3.png1:0:00:03.229149
2024-03-23 02:31:18,405 file name is:Bill_Of_Landing_234_page_0.png
2024-03-23 02:31:18,405 folder path :Images
2024-03-23 02:31:18,406 Calling Image result
2024-03-23 02:31:18,406 is all_page_result is instance of dict? True
2024-03-23 02:31:18,406 STREAM b'IHDR' 16 13
2024-03-23 02:31:18,406 STREAM b'IDAT' 41 65536
2024-03-23 02:31:18,449 is words is instance of list? True
2024-03-23 02:31:18,449 is bboxes is instance of list? True
2024-03-23 02:31:18,449 is bounding_boxes is instance of list? True
2024-03-23 02:31:18,654 is input_id_chunks is instance of list? True
2024-03-23 02:31:18,654 is mask_chunks is instance of list? True
2024-03-23 02:31:18,654 is bbox_chunks is instance of list? True
2024-03-23 02:31:18,654 is image_chunks is instance of list? True
2024-03-23 02:31:18,655 is input_dict is instance of dict? True
2024-03-23 02:31:20,955 Model Called
2024-03-23 02:31:20,956 RAM memory 72.3 used for Bill_Of_Landing_234_page_0.png:
2024-03-23 02:31:20,956 is all_predictions is instance of list? True
2024-03-23 02:31:20,956 is all_boxes is instance of list? True
2024-03-23 02:31:20,956 is all_confidences is instance of list? True
2024-03-23 02:31:20,956 is all_text is instance of list? True
2024-03-23 02:31:20,956 is label2id is instance of dict? True
2024-03-23 02:31:20,956 is id2label is instance of dict? True
2024-03-23 02:31:20,957 is label2color is instance of dict? True
2024-03-23 02:31:20,957 label2color : {'signature': '#CB4F0C', 'gross_weight': '#FF21F9', 'freight_collect_at': '#B70BA4', 'shipper_name': '#E0FF0F', 'notify_party_address': '#4903A5', 'bol_original_or_copy': '#FCE792', 'mode_of_transport': '#E7C7EA', 'voyage_number': '#A46F48', 'measurement': '#E827FF', 'goods_marks_and_nos': '#5851F1', 'bol_original_number': '#85DBAD', 'container_number': '#CE4C66', 'dimension': '#D2AB83', 'pre_carriage_by': '#30CC47', 'bill_of_lading_number': '#12EC5E', 'notify_party_name': '#9A343F', 'port_of_discharge': '#495D43', 'final_destination': '#FCA557', 'net_weight': '#900FC5', 'signed_by_master': '#321FA7', 'shipped_onboard_date': '#15FBDE', 'lc_date': '#7EA7A2', 'lc_ref_number': '#FBAEE0', 'signed_by_carrier': '#17A5AD', 'place_of_issue': '#7C75AA', 'bill_of_lading_issue_date': '#78ACB7', 'signed_by_agent': '#E298A0', 'total_original_no': '#FF9527', 'vessel_name': '#117D5B', 'carrier_country': '#01DCA1', 'gross_quantity': '#2DB255', 'transaction_date': '#37E8BF', 'consignee_address': '#C5C505', 'O': '#AE3BDB', 'shipper_address': '#E8748F', 'page_no': '#E0113B', 'goods_description': '#689D08', 'freight_collect_or_prepaid': '#754CAE', 'agent_country': '#B5CE4E', 'stamp': '#EA19AC', 'consignee_name': '#BF9E42', 'country_of_origin': '#59AECB', 'port_of_loading': '#68C5DD', 'carrier_name': '#D5027B', 'place_of_receipt': '#5D9341', 'agent_name': '#8D13A5'}
2024-03-23 02:31:21,149 is result_set is instance of dict? True
2024-03-23 02:31:21,150 is final_result_set is instance of dict? True
2024-03-23 02:31:21,325 Time taken for page 1 of Bill_Of_Landing_234_page_0.png:0:00:02.918663
2024-03-23 02:31:21,473 *****Generated All Pages****** for Bill_Of_Landing_234_page_0.png
2024-03-23 02:31:21,473 RAM memory 72.3 used for Bill_Of_Landing_234_page_0.png Generating All Pages:
2024-03-23 02:31:21,473 Processing time taken for all pages of Bill_Of_Landing_234_page_0.png1:0:00:03.067615
2024-03-23 02:31:21,597 file name is:Bill_Of_Landing_850_page_0.png
2024-03-23 02:31:21,597 folder path :Images
2024-03-23 02:31:21,597 Calling Image result
2024-03-23 02:31:21,597 is all_page_result is instance of dict? True
2024-03-23 02:31:21,605 STREAM b'IHDR' 16 13
2024-03-23 02:31:21,605 STREAM b'IDAT' 41 65536
2024-03-23 02:31:21,642 is words is instance of list? True
2024-03-23 02:31:21,643 is bboxes is instance of list? True
2024-03-23 02:31:21,643 is bounding_boxes is instance of list? True
2024-03-23 02:31:21,907 is input_id_chunks is instance of list? True
2024-03-23 02:31:21,907 is mask_chunks is instance of list? True
2024-03-23 02:31:21,907 is bbox_chunks is instance of list? True
2024-03-23 02:31:21,907 is image_chunks is instance of list? True
2024-03-23 02:31:21,908 is input_dict is instance of dict? True
2024-03-23 02:31:24,216 Model Called
2024-03-23 02:31:24,217 RAM memory 72.3 used for Bill_Of_Landing_850_page_0.png:
2024-03-23 02:31:24,217 is all_predictions is instance of list? True
2024-03-23 02:31:24,217 is all_boxes is instance of list? True
2024-03-23 02:31:24,217 is all_confidences is instance of list? True
2024-03-23 02:31:24,217 is all_text is instance of list? True
2024-03-23 02:31:24,217 is label2id is instance of dict? True
2024-03-23 02:31:24,217 is id2label is instance of dict? True
2024-03-23 02:31:24,218 is label2color is instance of dict? True
2024-03-23 02:31:24,218 label2color : {'signature': '#B26DED', 'gross_weight': '#B928F6', 'freight_collect_at': '#A365A5', 'shipper_name': '#324516', 'notify_party_address': '#FD973A', 'bol_original_or_copy': '#7AB452', 'mode_of_transport': '#80039F', 'voyage_number': '#F5A0C4', 'measurement': '#73C3BF', 'goods_marks_and_nos': '#983BEB', 'bol_original_number': '#D13BD5', 'container_number': '#B4FFB0', 'dimension': '#AD03E0', 'pre_carriage_by': '#020EA5', 'bill_of_lading_number': '#DA7AD0', 'notify_party_name': '#FE18EA', 'port_of_discharge': '#C1625A', 'final_destination': '#CEE294', 'net_weight': '#1D9A3F', 'signed_by_master': '#8163F0', 'shipped_onboard_date': '#6BB88D', 'lc_date': '#0E4D83', 'lc_ref_number': '#86C194', 'signed_by_carrier': '#BECAEB', 'place_of_issue': '#692C0A', 'bill_of_lading_issue_date': '#FCB9EB', 'signed_by_agent': '#8503CB', 'total_original_no': '#23B8D6', 'vessel_name': '#5C9782', 'carrier_country': '#0A65DD', 'gross_quantity': '#2B1B47', 'transaction_date': '#0E3BB4', 'consignee_address': '#53947A', 'O': '#8477CD', 'shipper_address': '#A85DBB', 'page_no': '#37EDD4', 'goods_description': '#EC4F72', 'freight_collect_or_prepaid': '#79314D', 'agent_country': '#273623', 'stamp': '#405357', 'consignee_name': '#F5D31D', 'country_of_origin': '#7E1105', 'port_of_loading': '#B6B239', 'carrier_name': '#96B28D', 'place_of_receipt': '#89758B', 'agent_name': '#81318C'}
2024-03-23 02:31:24,431 is result_set is instance of dict? True
2024-03-23 02:31:24,432 is final_result_set is instance of dict? True
2024-03-23 02:31:24,560 Time taken for page 1 of Bill_Of_Landing_850_page_0.png:0:00:02.954063
2024-03-23 02:31:24,701 *****Generated All Pages****** for Bill_Of_Landing_850_page_0.png
2024-03-23 02:31:24,701 RAM memory 72.4 used for Bill_Of_Landing_850_page_0.png Generating All Pages:
2024-03-23 02:31:24,701 Processing time taken for all pages of Bill_Of_Landing_850_page_0.png1:0:00:03.104157
2024-03-23 02:31:24,813 file name is:Bill_Of_Landing_360_page_2.png
2024-03-23 02:31:24,813 folder path :Images
2024-03-23 02:31:24,813 Calling Image result
2024-03-23 02:31:24,813 is all_page_result is instance of dict? True
2024-03-23 02:31:24,851 STREAM b'IHDR' 16 13
2024-03-23 02:31:24,851 STREAM b'IDAT' 41 65536
2024-03-23 02:31:24,893 is words is instance of list? True
2024-03-23 02:31:24,893 is bboxes is instance of list? True
2024-03-23 02:31:24,893 is bounding_boxes is instance of list? True
2024-03-23 02:31:25,095 is input_id_chunks is instance of list? True
2024-03-23 02:31:25,095 is mask_chunks is instance of list? True
2024-03-23 02:31:25,095 is bbox_chunks is instance of list? True
2024-03-23 02:31:25,095 is image_chunks is instance of list? True
2024-03-23 02:31:25,096 is input_dict is instance of dict? True
2024-03-23 02:31:27,478 Model Called
2024-03-23 02:31:27,478 RAM memory 72.3 used for Bill_Of_Landing_360_page_2.png:
2024-03-23 02:31:27,478 is all_predictions is instance of list? True
2024-03-23 02:31:27,478 is all_boxes is instance of list? True
2024-03-23 02:31:27,478 is all_confidences is instance of list? True
2024-03-23 02:31:27,478 is all_text is instance of list? True
2024-03-23 02:31:27,478 is label2id is instance of dict? True
2024-03-23 02:31:27,479 is id2label is instance of dict? True
2024-03-23 02:31:27,479 is label2color is instance of dict? True
2024-03-23 02:31:27,479 label2color : {'signature': '#CF6DE5', 'gross_weight': '#3B9406', 'freight_collect_at': '#C343EB', 'shipper_name': '#0A0102', 'notify_party_address': '#44DA97', 'bol_original_or_copy': '#22E97D', 'mode_of_transport': '#378B0E', 'voyage_number': '#843D9F', 'measurement': '#8550D9', 'goods_marks_and_nos': '#D6F2EE', 'bol_original_number': '#6852E9', 'container_number': '#F18B49', 'dimension': '#90AC59', 'pre_carriage_by': '#A2D4CD', 'bill_of_lading_number': '#C30492', 'notify_party_name': '#6BE044', 'port_of_discharge': '#B89C55', 'final_destination': '#EFC278', 'net_weight': '#12A1DD', 'signed_by_master': '#3648EC', 'shipped_onboard_date': '#04ED44', 'lc_date': '#0A3087', 'lc_ref_number': '#D8B53E', 'signed_by_carrier': '#CED1C0', 'place_of_issue': '#2CDA88', 'bill_of_lading_issue_date': '#311C19', 'signed_by_agent': '#64E293', 'total_original_no': '#C01CC4', 'vessel_name': '#9FA255', 'carrier_country': '#4BE11C', 'gross_quantity': '#2CF547', 'transaction_date': '#DDDAA0', 'consignee_address': '#33F4E8', 'O': '#DEFE9A', 'shipper_address': '#38119D', 'page_no': '#69886B', 'goods_description': '#02415D', 'freight_collect_or_prepaid': '#286A88', 'agent_country': '#B8117A', 'stamp': '#1115CB', 'consignee_name': '#D388C3', 'country_of_origin': '#3CBC4A', 'port_of_loading': '#5B7629', 'carrier_name': '#1046ED', 'place_of_receipt': '#FFB3FC', 'agent_name': '#E58D97'}
2024-03-23 02:31:27,683 is result_set is instance of dict? True
2024-03-23 02:31:27,685 is final_result_set is instance of dict? True
2024-03-23 02:31:27,918 Time taken for page 1 of Bill_Of_Landing_360_page_2.png:0:00:03.067023
2024-03-23 02:31:28,064 *****Generated All Pages****** for Bill_Of_Landing_360_page_2.png
2024-03-23 02:31:28,064 RAM memory 72.3 used for Bill_Of_Landing_360_page_2.png Generating All Pages:
2024-03-23 02:31:28,064 Processing time taken for all pages of Bill_Of_Landing_360_page_2.png1:0:00:03.250766
2024-03-23 02:31:28,178 file name is:Bill_Of_Landing_357_page_1.png
2024-03-23 02:31:28,178 folder path :Images
2024-03-23 02:31:28,179 Calling Image result
2024-03-23 02:31:28,179 is all_page_result is instance of dict? True
2024-03-23 02:31:28,189 STREAM b'IHDR' 16 13
2024-03-23 02:31:28,189 STREAM b'IDAT' 41 65536
2024-03-23 02:31:28,223 is words is instance of list? True
2024-03-23 02:31:28,223 is bboxes is instance of list? True
2024-03-23 02:31:28,223 is bounding_boxes is instance of list? True
2024-03-23 02:31:28,437 is input_id_chunks is instance of list? True
2024-03-23 02:31:28,437 is mask_chunks is instance of list? True
2024-03-23 02:31:28,438 is bbox_chunks is instance of list? True
2024-03-23 02:31:28,438 is image_chunks is instance of list? True
2024-03-23 02:31:28,438 is input_dict is instance of dict? True
2024-03-23 02:31:30,745 Model Called
2024-03-23 02:31:30,746 RAM memory 72.4 used for Bill_Of_Landing_357_page_1.png:
2024-03-23 02:31:30,746 is all_predictions is instance of list? True
2024-03-23 02:31:30,746 is all_boxes is instance of list? True
2024-03-23 02:31:30,746 is all_confidences is instance of list? True
2024-03-23 02:31:30,746 is all_text is instance of list? True
2024-03-23 02:31:30,746 is label2id is instance of dict? True
2024-03-23 02:31:30,746 is id2label is instance of dict? True
2024-03-23 02:31:30,747 is label2color is instance of dict? True
2024-03-23 02:31:30,747 label2color : {'signature': '#FD55C3', 'gross_weight': '#B1FB37', 'freight_collect_at': '#E7AE10', 'shipper_name': '#E9EF3B', 'notify_party_address': '#CDA702', 'bol_original_or_copy': '#55C19C', 'mode_of_transport': '#C877F7', 'voyage_number': '#516D93', 'measurement': '#8EEB88', 'goods_marks_and_nos': '#4726E9', 'bol_original_number': '#CAD938', 'container_number': '#9BAF9E', 'dimension': '#C451B0', 'pre_carriage_by': '#1D88AC', 'bill_of_lading_number': '#4224C6', 'notify_party_name': '#359ACE', 'port_of_discharge': '#8CBB06', 'final_destination': '#67171D', 'net_weight': '#222A2E', 'signed_by_master': '#CA5D1D', 'shipped_onboard_date': '#D9E99D', 'lc_date': '#970B2A', 'lc_ref_number': '#07926C', 'signed_by_carrier': '#390470', 'place_of_issue': '#3380AD', 'bill_of_lading_issue_date': '#4B3BFB', 'signed_by_agent': '#936CBF', 'total_original_no': '#31CDAE', 'vessel_name': '#63FAC6', 'carrier_country': '#20AF9F', 'gross_quantity': '#7E7316', 'transaction_date': '#F6BB2F', 'consignee_address': '#49A05F', 'O': '#DE736B', 'shipper_address': '#96639D', 'page_no': '#FE134F', 'goods_description': '#DEAE43', 'freight_collect_or_prepaid': '#7864E4', 'agent_country': '#E0FF0C', 'stamp': '#F48638', 'consignee_name': '#E4EAA6', 'country_of_origin': '#778009', 'port_of_loading': '#C08BA3', 'carrier_name': '#1BDED0', 'place_of_receipt': '#657836', 'agent_name': '#6A37B7'}
2024-03-23 02:31:30,931 is result_set is instance of dict? True
2024-03-23 02:31:30,932 is final_result_set is instance of dict? True
2024-03-23 02:31:31,133 Time taken for page 1 of Bill_Of_Landing_357_page_1.png:0:00:02.943946
2024-03-23 02:31:31,290 *****Generated All Pages****** for Bill_Of_Landing_357_page_1.png
2024-03-23 02:31:31,291 RAM memory 72.2 used for Bill_Of_Landing_357_page_1.png Generating All Pages:
2024-03-23 02:31:31,291 Processing time taken for all pages of Bill_Of_Landing_357_page_1.png1:0:00:03.112272
2024-03-23 02:31:31,411 file name is:Bill_Of_Landing_334_page_0.png
2024-03-23 02:31:31,411 folder path :Images
2024-03-23 02:31:31,411 Calling Image result
2024-03-23 02:31:31,411 is all_page_result is instance of dict? True
2024-03-23 02:31:31,422 STREAM b'IHDR' 16 13
2024-03-23 02:31:31,422 STREAM b'IDAT' 41 65536
2024-03-23 02:31:31,455 is words is instance of list? True
2024-03-23 02:31:31,455 is bboxes is instance of list? True
2024-03-23 02:31:31,455 is bounding_boxes is instance of list? True
2024-03-23 02:31:31,664 is input_id_chunks is instance of list? True
2024-03-23 02:31:31,664 is mask_chunks is instance of list? True
2024-03-23 02:31:31,664 is bbox_chunks is instance of list? True
2024-03-23 02:31:31,664 is image_chunks is instance of list? True
2024-03-23 02:31:31,664 is input_dict is instance of dict? True
2024-03-23 02:31:33,935 Model Called
2024-03-23 02:31:33,935 RAM memory 72.5 used for Bill_Of_Landing_334_page_0.png:
2024-03-23 02:31:33,935 is all_predictions is instance of list? True
2024-03-23 02:31:33,935 is all_boxes is instance of list? True
2024-03-23 02:31:33,935 is all_confidences is instance of list? True
2024-03-23 02:31:33,935 is all_text is instance of list? True
2024-03-23 02:31:33,936 is label2id is instance of dict? True
2024-03-23 02:31:33,936 is id2label is instance of dict? True
2024-03-23 02:31:33,937 is label2color is instance of dict? True
2024-03-23 02:31:33,937 label2color : {'signature': '#BA0EBC', 'gross_weight': '#60FCDA', 'freight_collect_at': '#1885B4', 'shipper_name': '#31FDA1', 'notify_party_address': '#895F26', 'bol_original_or_copy': '#0A6B50', 'mode_of_transport': '#87D1C2', 'voyage_number': '#10B0E8', 'measurement': '#2B6D8C', 'goods_marks_and_nos': '#FAB94B', 'bol_original_number': '#F0EBDA', 'container_number': '#A02118', 'dimension': '#04E0A6', 'pre_carriage_by': '#FA6819', 'bill_of_lading_number': '#83D280', 'notify_party_name': '#7D19E3', 'port_of_discharge': '#036F6C', 'final_destination': '#D7CA0B', 'net_weight': '#8DE3EF', 'signed_by_master': '#622F82', 'shipped_onboard_date': '#FF1976', 'lc_date': '#0FEC65', 'lc_ref_number': '#4DF3EF', 'signed_by_carrier': '#CDD627', 'place_of_issue': '#EB1756', 'bill_of_lading_issue_date': '#D089DB', 'signed_by_agent': '#562A6E', 'total_original_no': '#44E832', 'vessel_name': '#F43DDF', 'carrier_country': '#8BAD2C', 'gross_quantity': '#46167E', 'transaction_date': '#DC6F16', 'consignee_address': '#B8AC04', 'O': '#7FC07E', 'shipper_address': '#52EEB5', 'page_no': '#80F2A1', 'goods_description': '#FB0533', 'freight_collect_or_prepaid': '#57386A', 'agent_country': '#28D21D', 'stamp': '#F79654', 'consignee_name': '#D101C9', 'country_of_origin': '#DEFEB7', 'port_of_loading': '#CC89D3', 'carrier_name': '#391197', 'place_of_receipt': '#2E2DC8', 'agent_name': '#F7EB71'}
2024-03-23 02:31:34,135 is result_set is instance of dict? True
2024-03-23 02:31:34,137 is final_result_set is instance of dict? True
2024-03-23 02:31:34,365 Time taken for page 1 of Bill_Of_Landing_334_page_0.png:0:00:02.943040
2024-03-23 02:31:34,518 *****Generated All Pages****** for Bill_Of_Landing_334_page_0.png
2024-03-23 02:31:34,518 RAM memory 72.5 used for Bill_Of_Landing_334_page_0.png Generating All Pages:
2024-03-23 02:31:34,518 Processing time taken for all pages of Bill_Of_Landing_334_page_0.png1:0:00:03.107460
2024-03-23 02:31:34,629 file name is:Bill_Of_Landing_562_page_48.png
2024-03-23 02:31:34,629 folder path :Images
2024-03-23 02:31:34,629 Calling Image result
2024-03-23 02:31:34,629 is all_page_result is instance of dict? True
2024-03-23 02:31:34,667 STREAM b'IHDR' 16 13
2024-03-23 02:31:34,667 STREAM b'IDAT' 41 65536
2024-03-23 02:31:34,705 is words is instance of list? True
2024-03-23 02:31:34,705 is bboxes is instance of list? True
2024-03-23 02:31:34,705 is bounding_boxes is instance of list? True
2024-03-23 02:31:34,910 is input_id_chunks is instance of list? True
2024-03-23 02:31:34,910 is mask_chunks is instance of list? True
2024-03-23 02:31:34,910 is bbox_chunks is instance of list? True
2024-03-23 02:31:34,910 is image_chunks is instance of list? True
2024-03-23 02:31:34,911 is input_dict is instance of dict? True
2024-03-23 02:31:37,191 Model Called
2024-03-23 02:31:37,191 RAM memory 72.4 used for Bill_Of_Landing_562_page_48.png:
2024-03-23 02:31:37,191 is all_predictions is instance of list? True
2024-03-23 02:31:37,191 is all_boxes is instance of list? True
2024-03-23 02:31:37,191 is all_confidences is instance of list? True
2024-03-23 02:31:37,191 is all_text is instance of list? True
2024-03-23 02:31:37,192 is label2id is instance of dict? True
2024-03-23 02:31:37,192 is id2label is instance of dict? True
2024-03-23 02:31:37,192 is label2color is instance of dict? True
2024-03-23 02:31:37,193 label2color : {'signature': '#BA131B', 'gross_weight': '#FB2B60', 'freight_collect_at': '#F916C2', 'shipper_name': '#70A46F', 'notify_party_address': '#2A2A77', 'bol_original_or_copy': '#258F46', 'mode_of_transport': '#4B3450', 'voyage_number': '#448D42', 'measurement': '#83CF79', 'goods_marks_and_nos': '#6EB73C', 'bol_original_number': '#E618BF', 'container_number': '#6D072B', 'dimension': '#480443', 'pre_carriage_by': '#7A13BE', 'bill_of_lading_number': '#1A9F82', 'notify_party_name': '#4B6A5A', 'port_of_discharge': '#09A1CD', 'final_destination': '#D10B4A', 'net_weight': '#2021C0', 'signed_by_master': '#BA6DA7', 'shipped_onboard_date': '#5248BE', 'lc_date': '#7457B8', 'lc_ref_number': '#ECB3BB', 'signed_by_carrier': '#9CD9CB', 'place_of_issue': '#418D91', 'bill_of_lading_issue_date': '#B8776A', 'signed_by_agent': '#E8678C', 'total_original_no': '#CEEEE1', 'vessel_name': '#7C6E54', 'carrier_country': '#FEB888', 'gross_quantity': '#217C6A', 'transaction_date': '#08BF57', 'consignee_address': '#232EE2', 'O': '#898008', 'shipper_address': '#2C4FE0', 'page_no': '#DCE4CB', 'goods_description': '#553B2F', 'freight_collect_or_prepaid': '#FAC5AA', 'agent_country': '#EBABCA', 'stamp': '#539FCE', 'consignee_name': '#592B66', 'country_of_origin': '#15505D', 'port_of_loading': '#1EDFB6', 'carrier_name': '#E30A38', 'place_of_receipt': '#52D4CF', 'agent_name': '#718A25'}
2024-03-23 02:31:37,396 is result_set is instance of dict? True
2024-03-23 02:31:37,397 is final_result_set is instance of dict? True
2024-03-23 02:31:37,613 Time taken for page 1 of Bill_Of_Landing_562_page_48.png:0:00:02.945336
2024-03-23 02:31:37,754 *****Generated All Pages****** for Bill_Of_Landing_562_page_48.png
2024-03-23 02:31:37,755 RAM memory 72.4 used for Bill_Of_Landing_562_page_48.png Generating All Pages:
2024-03-23 02:31:37,755 Processing time taken for all pages of Bill_Of_Landing_562_page_48.png1:0:00:03.125435
