2024-03-26 15:07:52,212 checkpoint 1 => setting basis cofiguration for logging purposes
2024-03-26 15:07:52,213 start time: 2024-03-26 15:07:52.213516
2024-03-26 15:07:55,421 Falling back to TensorFlow client; we recommended you install the Cloud TPU client directly with pip install cloud-tpu-client.
2024-03-26 15:07:55,596 Creating converter from 7 to 5
2024-03-26 15:07:55,596 Creating converter from 5 to 7
2024-03-26 15:07:55,596 Creating converter from 7 to 5
2024-03-26 15:07:55,596 Creating converter from 5 to 7
2024-03-26 15:07:56,038 Starting new HTTPS connection (1): huggingface.co:443
2024-03-26 15:07:56,442 https://huggingface.co:443 "HEAD /microsoft/layoutlmv2-base-uncased/resolve/main/preprocessor_config.json HTTP/1.1" 200 0
2024-03-26 15:07:56,962 https://huggingface.co:443 "HEAD /microsoft/layoutlmv2-base-uncased/resolve/main/tokenizer_config.json HTTP/1.1" 404 0
2024-03-26 15:07:57,276 https://huggingface.co:443 "HEAD /microsoft/layoutlmv2-base-uncased/resolve/main/vocab.txt HTTP/1.1" 200 0
2024-03-26 15:07:57,329 RAM memory for Model loading used: 71.5
2024-03-26 15:07:57,329 cpu_utilization % for Model Loading:13.4
2024-03-26 15:07:57,329 memory_consumption in bytes for Loading Model:1153282048
2024-03-26 15:07:57,329 Loaded Model successfully
2024-03-26 15:07:57,330 file name is:Bill_Of_Landing_411_page_1.png
2024-03-26 15:07:57,330 folder path :Images
2024-03-26 15:07:57,330 Calling Image result
2024-03-26 15:07:57,330 is all_page_result is instance of dict? True
2024-03-26 15:07:57,335 STREAM b'IHDR' 16 13
2024-03-26 15:07:57,335 STREAM b'IDAT' 41 64281
2024-03-26 15:07:57,362 is words is instance of list? True
2024-03-26 15:07:57,362 is bboxes is instance of list? True
2024-03-26 15:07:57,362 is bounding_boxes is instance of list? True
2024-03-26 15:07:57,675 is input_id_chunks is instance of list? True
2024-03-26 15:07:57,675 is mask_chunks is instance of list? True
2024-03-26 15:07:57,675 is bbox_chunks is instance of list? True
2024-03-26 15:07:57,675 is image_chunks is instance of list? True
2024-03-26 15:07:57,676 is input_dict is instance of dict? True
2024-03-26 15:07:59,691 Model Called
2024-03-26 15:07:59,692 RAM memory 83.6 used for Bill_Of_Landing_411_page_1.png:
2024-03-26 15:07:59,692 is all_predictions is instance of list? True
2024-03-26 15:07:59,692 is all_boxes is instance of list? True
2024-03-26 15:07:59,692 is all_confidences is instance of list? True
2024-03-26 15:07:59,692 is all_text is instance of list? True
2024-03-26 15:07:59,692 is label2id is instance of dict? True
2024-03-26 15:07:59,692 is id2label is instance of dict? True
2024-03-26 15:07:59,693 is label2color is instance of dict? True
2024-03-26 15:07:59,693 label2color : {'signature': '#E391EE', 'gross_weight': '#1021BA', 'freight_collected_at': '#E2EF5A', 'shipper_name': '#A0333E', 'notify_party_address': '#64D9FA', 'awb_original_or_copy': '#1F78B3', 'mode_of_transport': '#695128', 'flight_date': '#10D175', 'measurement': '#F5C791', 'good_marks': '#181321', 'awb_original_number': '#711244', 'invoice_number': '#5616D8', 'dimension': '#93885B', 'pre_carriage_by': '#BE692E', 'awb_bill_no': '#DF2DC5', 'notify_party_name': '#4D94D8', 'airport_of_destination': '#1ED845', 'final_destination': '#36CB3F', 'net_weight': '#2FF9E9', 'signed_by_master': '#A8C62F', 'invoice_date': '#1BA044', 'lc_date': '#99686F', 'lc_no': '#48ACBB', 'signed_by_carrier': '#9DA1FC', 'at_place': '#907AA5', 'awb_bill_issue_date': '#865470', 'signed_by_agent': '#916465', 'total_original_no': '#A67150', 'flight_details': '#06D902', 'carrier_address': '#6FAF84', 'gross_quantity': '#668023', 'transaction_date': '#8F1FA8', 'consignee_address': '#2E68BB', 'O': '#003E31', 'shipper_address': '#D6AE22', 'page_no': '#D3B908', 'goods_description': '#3D4CA5', 'freight_collect_or_prepaid': '#8C0474', 'agent_address': '#413FCB', 'stamp': '#2CA994', 'consignee_name': '#1E2B6F', 'country_of_origin': '#DC67B1', 'airport_of_departure': '#033A95', 'carrier_name': '#95D1DE', 'place_of_receipt': '#A3C79F', 'agent_name': '#82DCB9', 'master_name': '#9AC293', 'stamped_onboard_date': '#61D4A5', 'shipment_date': '#E2C36F', 'declared_value_of_custom': '#38976E', 'declared_value_of_carriage': '#AB431F', 'amount_insurance': '#58856D', 'carriage_condition': '#33C011'}
2024-03-26 15:07:59,885 is result_set is instance of dict? True
2024-03-26 15:07:59,886 is final_result_set is instance of dict? True
2024-03-26 15:08:00,034 Time taken for page 1 of Bill_Of_Landing_411_page_1.png:0:00:02.699022
2024-03-26 15:08:00,148 *****Generated All Pages****** for Bill_Of_Landing_411_page_1.png
2024-03-26 15:08:00,149 RAM memory 84.2 used for Bill_Of_Landing_411_page_1.png Generating All Pages:
2024-03-26 15:08:00,149 Processing time taken for all pages of Bill_Of_Landing_411_page_1.png1:0:00:02.819039
2024-03-26 15:08:00,277 file name is:Bill_Of_Landing_774_page_4.png
2024-03-26 15:08:00,277 folder path :Images
2024-03-26 15:08:00,277 Calling Image result
2024-03-26 15:08:00,277 is all_page_result is instance of dict? True
2024-03-26 15:08:00,278 STREAM b'IHDR' 16 13
2024-03-26 15:08:00,278 STREAM b'IDAT' 41 65536
2024-03-26 15:08:00,336 is words is instance of list? True
2024-03-26 15:08:00,336 is bboxes is instance of list? True
2024-03-26 15:08:00,336 is bounding_boxes is instance of list? True
2024-03-26 15:08:00,790 is input_id_chunks is instance of list? True
2024-03-26 15:08:00,790 is mask_chunks is instance of list? True
2024-03-26 15:08:00,790 is bbox_chunks is instance of list? True
2024-03-26 15:08:00,790 is image_chunks is instance of list? True
2024-03-26 15:08:00,791 is input_dict is instance of dict? True
2024-03-26 15:08:02,557 Model Called
2024-03-26 15:08:02,558 RAM memory 84.1 used for Bill_Of_Landing_774_page_4.png:
2024-03-26 15:08:02,558 is all_predictions is instance of list? True
2024-03-26 15:08:02,558 is all_boxes is instance of list? True
2024-03-26 15:08:02,558 is all_confidences is instance of list? True
2024-03-26 15:08:02,558 is all_text is instance of list? True
2024-03-26 15:08:02,558 is label2id is instance of dict? True
2024-03-26 15:08:02,558 is id2label is instance of dict? True
2024-03-26 15:08:02,558 is label2color is instance of dict? True
2024-03-26 15:08:02,558 label2color : {'signature': '#B88852', 'gross_weight': '#D20879', 'freight_collected_at': '#B85E6B', 'shipper_name': '#202405', 'notify_party_address': '#9CCC17', 'awb_original_or_copy': '#B35A5E', 'mode_of_transport': '#9DEE0D', 'flight_date': '#5405BA', 'measurement': '#1220B2', 'good_marks': '#EE3279', 'awb_original_number': '#10A94A', 'invoice_number': '#74CEC5', 'dimension': '#592B3B', 'pre_carriage_by': '#5C1FB8', 'awb_bill_no': '#84F11A', 'notify_party_name': '#F3D79A', 'airport_of_destination': '#107ACE', 'final_destination': '#D8BCB2', 'net_weight': '#5CCB7C', 'signed_by_master': '#3111A4', 'invoice_date': '#B3CEEF', 'lc_date': '#910FB9', 'lc_no': '#E42DDC', 'signed_by_carrier': '#CED00E', 'at_place': '#81ABC4', 'awb_bill_issue_date': '#BD980E', 'signed_by_agent': '#10EC02', 'total_original_no': '#D6C315', 'flight_details': '#43E97F', 'carrier_address': '#69464C', 'gross_quantity': '#B7DFE3', 'transaction_date': '#34E1F7', 'consignee_address': '#8A5DEF', 'O': '#ABFD26', 'shipper_address': '#2A3D65', 'page_no': '#75EBF1', 'goods_description': '#456FB0', 'freight_collect_or_prepaid': '#EB7FCB', 'agent_address': '#61EB13', 'stamp': '#152794', 'consignee_name': '#4E1D08', 'country_of_origin': '#9E1043', 'airport_of_departure': '#73FC3A', 'carrier_name': '#2ED75C', 'place_of_receipt': '#D297B5', 'agent_name': '#68555C', 'master_name': '#5EE9A5', 'stamped_onboard_date': '#07CDB3', 'shipment_date': '#C81EC5', 'declared_value_of_custom': '#5B1C48', 'declared_value_of_carriage': '#792D2F', 'amount_insurance': '#AFA4CC', 'carriage_condition': '#D948EE'}
2024-03-26 15:08:02,946 is result_set is instance of dict? True
2024-03-26 15:08:02,948 is final_result_set is instance of dict? True
2024-03-26 15:08:03,154 Time taken for page 1 of Bill_Of_Landing_774_page_4.png:0:00:02.876089
2024-03-26 15:08:03,380 *****Generated All Pages****** for Bill_Of_Landing_774_page_4.png
2024-03-26 15:08:03,380 RAM memory 84.1 used for Bill_Of_Landing_774_page_4.png Generating All Pages:
2024-03-26 15:08:03,381 Processing time taken for all pages of Bill_Of_Landing_774_page_4.png1:0:00:03.103691
2024-03-26 15:08:03,502 file name is:Bill_Of_Landing_530_page_1.png
2024-03-26 15:08:03,502 folder path :Images
2024-03-26 15:08:03,502 Calling Image result
2024-03-26 15:08:03,502 is all_page_result is instance of dict? True
2024-03-26 15:08:03,513 STREAM b'IHDR' 16 13
2024-03-26 15:08:03,513 STREAM b'IDAT' 41 23120
2024-03-26 15:08:03,521 is words is instance of list? True
2024-03-26 15:08:03,521 is bboxes is instance of list? True
2024-03-26 15:08:03,521 is bounding_boxes is instance of list? True
2024-03-26 15:08:03,577 is input_id_chunks is instance of list? True
2024-03-26 15:08:03,577 is mask_chunks is instance of list? True
2024-03-26 15:08:03,577 is bbox_chunks is instance of list? True
2024-03-26 15:08:03,577 is image_chunks is instance of list? True
2024-03-26 15:08:03,578 is input_dict is instance of dict? True
2024-03-26 15:08:05,748 Model Called
2024-03-26 15:08:05,748 RAM memory 84.1 used for Bill_Of_Landing_530_page_1.png:
2024-03-26 15:08:05,748 is all_predictions is instance of list? True
2024-03-26 15:08:05,748 is all_boxes is instance of list? True
2024-03-26 15:08:05,748 is all_confidences is instance of list? True
2024-03-26 15:08:05,748 is all_text is instance of list? True
2024-03-26 15:08:05,748 is label2id is instance of dict? True
2024-03-26 15:08:05,749 is id2label is instance of dict? True
2024-03-26 15:08:05,749 is label2color is instance of dict? True
2024-03-26 15:08:05,749 label2color : {'signature': '#AF609C', 'gross_weight': '#539F5F', 'freight_collected_at': '#C235B8', 'shipper_name': '#783C29', 'notify_party_address': '#D314A5', 'awb_original_or_copy': '#ACCC5C', 'mode_of_transport': '#50B3E9', 'flight_date': '#A5A212', 'measurement': '#9CE1D9', 'good_marks': '#899D65', 'awb_original_number': '#106CE4', 'invoice_number': '#38801B', 'dimension': '#F9634A', 'pre_carriage_by': '#DD8524', 'awb_bill_no': '#9B91C9', 'notify_party_name': '#E637A8', 'airport_of_destination': '#42C5C4', 'final_destination': '#1F452E', 'net_weight': '#59E0C1', 'signed_by_master': '#1D5D29', 'invoice_date': '#638FFC', 'lc_date': '#09EDF2', 'lc_no': '#8F6DAC', 'signed_by_carrier': '#25144B', 'at_place': '#E9D3C6', 'awb_bill_issue_date': '#2CEEC9', 'signed_by_agent': '#A7AAED', 'total_original_no': '#6DDA52', 'flight_details': '#F79AED', 'carrier_address': '#8E2426', 'gross_quantity': '#C7A782', 'transaction_date': '#EF0BA0', 'consignee_address': '#BA9231', 'O': '#F26B45', 'shipper_address': '#DEC429', 'page_no': '#FF7E33', 'goods_description': '#F1208B', 'freight_collect_or_prepaid': '#106CCE', 'agent_address': '#73D34D', 'stamp': '#109FAB', 'consignee_name': '#5D11D8', 'country_of_origin': '#DEFF9F', 'airport_of_departure': '#1E7196', 'carrier_name': '#2B40EF', 'place_of_receipt': '#1DCEC1', 'agent_name': '#D6B0E6', 'master_name': '#DCC886', 'stamped_onboard_date': '#ABFCF1', 'shipment_date': '#0115C2', 'declared_value_of_custom': '#040AE3', 'declared_value_of_carriage': '#1437FD', 'amount_insurance': '#DB03B7', 'carriage_condition': '#4A3D49'}
2024-03-26 15:08:05,808 is result_set is instance of dict? True
2024-03-26 15:08:05,809 is final_result_set is instance of dict? True
2024-03-26 15:08:05,944 Time taken for page 1 of Bill_Of_Landing_530_page_1.png:0:00:02.430834
2024-03-26 15:08:05,984 *****Generated All Pages****** for Bill_Of_Landing_530_page_1.png
2024-03-26 15:08:05,985 RAM memory 84.2 used for Bill_Of_Landing_530_page_1.png Generating All Pages:
2024-03-26 15:08:05,985 Processing time taken for all pages of Bill_Of_Landing_530_page_1.png1:0:00:02.482255
2024-03-26 15:08:06,116 file name is:Bill_Of_Landing_562_page_1.png
2024-03-26 15:08:06,116 folder path :Images
2024-03-26 15:08:06,117 Calling Image result
2024-03-26 15:08:06,117 is all_page_result is instance of dict? True
2024-03-26 15:08:06,117 STREAM b'IHDR' 16 13
2024-03-26 15:08:06,117 STREAM b'IDAT' 41 59485
2024-03-26 15:08:06,149 is words is instance of list? True
2024-03-26 15:08:06,149 is bboxes is instance of list? True
2024-03-26 15:08:06,149 is bounding_boxes is instance of list? True
2024-03-26 15:08:06,373 is input_id_chunks is instance of list? True
2024-03-26 15:08:06,373 is mask_chunks is instance of list? True
2024-03-26 15:08:06,373 is bbox_chunks is instance of list? True
2024-03-26 15:08:06,373 is image_chunks is instance of list? True
2024-03-26 15:08:06,373 is input_dict is instance of dict? True
2024-03-26 15:08:08,239 Model Called
2024-03-26 15:08:08,240 RAM memory 84.1 used for Bill_Of_Landing_562_page_1.png:
2024-03-26 15:08:08,240 is all_predictions is instance of list? True
2024-03-26 15:08:08,240 is all_boxes is instance of list? True
2024-03-26 15:08:08,240 is all_confidences is instance of list? True
2024-03-26 15:08:08,240 is all_text is instance of list? True
2024-03-26 15:08:08,240 is label2id is instance of dict? True
2024-03-26 15:08:08,240 is id2label is instance of dict? True
2024-03-26 15:08:08,240 is label2color is instance of dict? True
2024-03-26 15:08:08,240 label2color : {'signature': '#5613BE', 'gross_weight': '#56F3BA', 'freight_collected_at': '#848C3F', 'shipper_name': '#148AD8', 'notify_party_address': '#816992', 'awb_original_or_copy': '#502AD0', 'mode_of_transport': '#555087', 'flight_date': '#B97CAB', 'measurement': '#2C97A7', 'good_marks': '#390177', 'awb_original_number': '#7AB743', 'invoice_number': '#6ED420', 'dimension': '#906479', 'pre_carriage_by': '#1AA151', 'awb_bill_no': '#A8136F', 'notify_party_name': '#250FB2', 'airport_of_destination': '#01E55E', 'final_destination': '#7BDFAD', 'net_weight': '#8A60A5', 'signed_by_master': '#530F54', 'invoice_date': '#A76C67', 'lc_date': '#10756A', 'lc_no': '#F20263', 'signed_by_carrier': '#816B49', 'at_place': '#F10A73', 'awb_bill_issue_date': '#B18DE8', 'signed_by_agent': '#C3207F', 'total_original_no': '#AC10C6', 'flight_details': '#017D38', 'carrier_address': '#691C6A', 'gross_quantity': '#555692', 'transaction_date': '#49F8B6', 'consignee_address': '#E6749F', 'O': '#4240A8', 'shipper_address': '#1849A5', 'page_no': '#342E4C', 'goods_description': '#BA61A0', 'freight_collect_or_prepaid': '#13CE85', 'agent_address': '#2B8FD8', 'stamp': '#4056E1', 'consignee_name': '#F3C180', 'country_of_origin': '#10E898', 'airport_of_departure': '#A4F2FF', 'carrier_name': '#F4A7FB', 'place_of_receipt': '#FF0D8C', 'agent_name': '#DEDE22', 'master_name': '#5DA6B5', 'stamped_onboard_date': '#C0E171', 'shipment_date': '#E15CB5', 'declared_value_of_custom': '#280F62', 'declared_value_of_carriage': '#B55011', 'amount_insurance': '#FE21BD', 'carriage_condition': '#1D301D'}
2024-03-26 15:08:08,419 is result_set is instance of dict? True
2024-03-26 15:08:08,420 is final_result_set is instance of dict? True
2024-03-26 15:08:08,566 Time taken for page 1 of Bill_Of_Landing_562_page_1.png:0:00:02.449338
2024-03-26 15:08:08,679 *****Generated All Pages****** for Bill_Of_Landing_562_page_1.png
2024-03-26 15:08:08,679 RAM memory 84.2 used for Bill_Of_Landing_562_page_1.png Generating All Pages:
2024-03-26 15:08:08,679 Processing time taken for all pages of Bill_Of_Landing_562_page_1.png1:0:00:02.562363
2024-03-26 15:08:08,805 file name is:Bill_Of_Landing_679_page_0.png
2024-03-26 15:08:08,805 folder path :Images
2024-03-26 15:08:08,805 Calling Image result
2024-03-26 15:08:08,805 is all_page_result is instance of dict? True
2024-03-26 15:08:08,805 STREAM b'IHDR' 16 13
2024-03-26 15:08:08,806 STREAM b'IDAT' 41 65536
2024-03-26 15:08:08,877 is words is instance of list? True
2024-03-26 15:08:08,877 is bboxes is instance of list? True
2024-03-26 15:08:08,877 is bounding_boxes is instance of list? True
2024-03-26 15:08:09,654 is input_id_chunks is instance of list? True
2024-03-26 15:08:09,654 is mask_chunks is instance of list? True
2024-03-26 15:08:09,654 is bbox_chunks is instance of list? True
2024-03-26 15:08:09,654 is image_chunks is instance of list? True
2024-03-26 15:08:09,655 is input_dict is instance of dict? True
2024-03-26 15:08:11,378 Model Called
2024-03-26 15:08:11,378 RAM memory 84.4 used for Bill_Of_Landing_679_page_0.png:
2024-03-26 15:08:11,378 is all_predictions is instance of list? True
2024-03-26 15:08:11,378 is all_boxes is instance of list? True
2024-03-26 15:08:11,378 is all_confidences is instance of list? True
2024-03-26 15:08:11,378 is all_text is instance of list? True
2024-03-26 15:08:11,378 is label2id is instance of dict? True
2024-03-26 15:08:11,378 is id2label is instance of dict? True
2024-03-26 15:08:11,379 is label2color is instance of dict? True
2024-03-26 15:08:11,379 label2color : {'signature': '#32FF6A', 'gross_weight': '#1912F6', 'freight_collected_at': '#EE8E65', 'shipper_name': '#69CDA3', 'notify_party_address': '#3ED5C7', 'awb_original_or_copy': '#4891F7', 'mode_of_transport': '#01EE51', 'flight_date': '#3B207D', 'measurement': '#8B4C7D', 'good_marks': '#950F46', 'awb_original_number': '#1DD0E5', 'invoice_number': '#889B5F', 'dimension': '#AE4814', 'pre_carriage_by': '#183A69', 'awb_bill_no': '#7AA1E9', 'notify_party_name': '#D6D4EA', 'airport_of_destination': '#8C10DD', 'final_destination': '#E1B022', 'net_weight': '#576FC5', 'signed_by_master': '#01DB1D', 'invoice_date': '#F32DCA', 'lc_date': '#42E8BC', 'lc_no': '#338608', 'signed_by_carrier': '#3AB6E4', 'at_place': '#447F33', 'awb_bill_issue_date': '#8541C2', 'signed_by_agent': '#B9E06C', 'total_original_no': '#433AF9', 'flight_details': '#CE812B', 'carrier_address': '#8E2043', 'gross_quantity': '#40D94E', 'transaction_date': '#175B99', 'consignee_address': '#894311', 'O': '#3DBF80', 'shipper_address': '#3416EC', 'page_no': '#11A180', 'goods_description': '#6D2870', 'freight_collect_or_prepaid': '#DDA12D', 'agent_address': '#22C08F', 'stamp': '#0A2BDC', 'consignee_name': '#E1654D', 'country_of_origin': '#1A19C8', 'airport_of_departure': '#07FB6A', 'carrier_name': '#C5A0A5', 'place_of_receipt': '#121929', 'agent_name': '#D6C695', 'master_name': '#E30B93', 'stamped_onboard_date': '#F59BA0', 'shipment_date': '#D2C79D', 'declared_value_of_custom': '#58F3B4', 'declared_value_of_carriage': '#F7B2B2', 'amount_insurance': '#01C888', 'carriage_condition': '#66FBEA'}
2024-03-26 15:08:11,819 is result_set is instance of dict? True
2024-03-26 15:08:11,821 is final_result_set is instance of dict? True
2024-03-26 15:08:12,000 Time taken for page 1 of Bill_Of_Landing_679_page_0.png:0:00:03.194824
2024-03-26 15:08:12,272 *****Generated All Pages****** for Bill_Of_Landing_679_page_0.png
2024-03-26 15:08:12,272 RAM memory 85.2 used for Bill_Of_Landing_679_page_0.png Generating All Pages:
2024-03-26 15:08:12,272 Processing time taken for all pages of Bill_Of_Landing_679_page_0.png1:0:00:03.467544
2024-03-26 15:08:12,397 file name is:Bill_Of_Landing_784_page_0.png
2024-03-26 15:08:12,398 folder path :Images
2024-03-26 15:08:12,398 Calling Image result
2024-03-26 15:08:12,398 is all_page_result is instance of dict? True
2024-03-26 15:08:12,398 STREAM b'IHDR' 16 13
2024-03-26 15:08:12,398 STREAM b'IDAT' 41 65536
2024-03-26 15:08:12,423 is words is instance of list? True
2024-03-26 15:08:12,423 is bboxes is instance of list? True
2024-03-26 15:08:12,423 is bounding_boxes is instance of list? True
2024-03-26 15:08:12,624 is input_id_chunks is instance of list? True
2024-03-26 15:08:12,624 is mask_chunks is instance of list? True
2024-03-26 15:08:12,624 is bbox_chunks is instance of list? True
2024-03-26 15:08:12,624 is image_chunks is instance of list? True
2024-03-26 15:08:12,624 is input_dict is instance of dict? True
2024-03-26 15:08:14,389 Model Called
2024-03-26 15:08:14,389 RAM memory 84.0 used for Bill_Of_Landing_784_page_0.png:
2024-03-26 15:08:14,389 is all_predictions is instance of list? True
2024-03-26 15:08:14,389 is all_boxes is instance of list? True
2024-03-26 15:08:14,389 is all_confidences is instance of list? True
2024-03-26 15:08:14,389 is all_text is instance of list? True
2024-03-26 15:08:14,390 is label2id is instance of dict? True
2024-03-26 15:08:14,390 is id2label is instance of dict? True
2024-03-26 15:08:14,390 is label2color is instance of dict? True
2024-03-26 15:08:14,390 label2color : {'signature': '#93C9E8', 'gross_weight': '#ED190C', 'freight_collected_at': '#C284E7', 'shipper_name': '#E64C35', 'notify_party_address': '#4C0DCA', 'awb_original_or_copy': '#C9380A', 'mode_of_transport': '#7B2FFF', 'flight_date': '#3B6C9A', 'measurement': '#E5D5B9', 'good_marks': '#06AE78', 'awb_original_number': '#B4C3D5', 'invoice_number': '#840A71', 'dimension': '#B3B11C', 'pre_carriage_by': '#1B15B9', 'awb_bill_no': '#F6EA69', 'notify_party_name': '#6C42BB', 'airport_of_destination': '#FB0CD7', 'final_destination': '#EF1021', 'net_weight': '#81DD3F', 'signed_by_master': '#85626F', 'invoice_date': '#AD3118', 'lc_date': '#882AE2', 'lc_no': '#BD5694', 'signed_by_carrier': '#1F22E2', 'at_place': '#626CB5', 'awb_bill_issue_date': '#7C7A64', 'signed_by_agent': '#8F9036', 'total_original_no': '#C92CEC', 'flight_details': '#DEBA0D', 'carrier_address': '#4335D7', 'gross_quantity': '#F65FE9', 'transaction_date': '#9DC83D', 'consignee_address': '#81B3D8', 'O': '#DC7406', 'shipper_address': '#CFFE06', 'page_no': '#70321F', 'goods_description': '#F8E514', 'freight_collect_or_prepaid': '#331DFF', 'agent_address': '#AC77F7', 'stamp': '#3F5DF6', 'consignee_name': '#EE97B5', 'country_of_origin': '#016F1A', 'airport_of_departure': '#63D15D', 'carrier_name': '#ACAA48', 'place_of_receipt': '#97B24B', 'agent_name': '#DCC2F2', 'master_name': '#5F86A0', 'stamped_onboard_date': '#5D6FDD', 'shipment_date': '#59A013', 'declared_value_of_custom': '#AD691C', 'declared_value_of_carriage': '#FA8264', 'amount_insurance': '#C7C11A', 'carriage_condition': '#C22A0A'}
2024-03-26 15:08:14,566 is result_set is instance of dict? True
2024-03-26 15:08:14,567 is final_result_set is instance of dict? True
2024-03-26 15:08:14,711 Time taken for page 1 of Bill_Of_Landing_784_page_0.png:0:00:02.312259
2024-03-26 15:08:14,840 *****Generated All Pages****** for Bill_Of_Landing_784_page_0.png
2024-03-26 15:08:14,841 RAM memory 84.1 used for Bill_Of_Landing_784_page_0.png Generating All Pages:
2024-03-26 15:08:14,841 Processing time taken for all pages of Bill_Of_Landing_784_page_0.png1:0:00:02.442945
2024-03-26 15:08:14,984 file name is:Bill_Of_Landing_562_page_13.png
2024-03-26 15:08:14,984 folder path :Images
2024-03-26 15:08:14,985 Calling Image result
2024-03-26 15:08:14,985 is all_page_result is instance of dict? True
2024-03-26 15:08:14,985 STREAM b'IHDR' 16 13
2024-03-26 15:08:14,985 STREAM b'IDAT' 41 65536
2024-03-26 15:08:15,012 is words is instance of list? True
2024-03-26 15:08:15,012 is bboxes is instance of list? True
2024-03-26 15:08:15,012 is bounding_boxes is instance of list? True
2024-03-26 15:08:15,234 is input_id_chunks is instance of list? True
2024-03-26 15:08:15,234 is mask_chunks is instance of list? True
2024-03-26 15:08:15,234 is bbox_chunks is instance of list? True
2024-03-26 15:08:15,234 is image_chunks is instance of list? True
2024-03-26 15:08:15,234 is input_dict is instance of dict? True
2024-03-26 15:08:17,012 Model Called
2024-03-26 15:08:17,012 RAM memory 84.2 used for Bill_Of_Landing_562_page_13.png:
2024-03-26 15:08:17,012 is all_predictions is instance of list? True
2024-03-26 15:08:17,012 is all_boxes is instance of list? True
2024-03-26 15:08:17,012 is all_confidences is instance of list? True
2024-03-26 15:08:17,013 is all_text is instance of list? True
2024-03-26 15:08:17,013 is label2id is instance of dict? True
2024-03-26 15:08:17,013 is id2label is instance of dict? True
2024-03-26 15:08:17,013 is label2color is instance of dict? True
2024-03-26 15:08:17,013 label2color : {'signature': '#4CA1CC', 'gross_weight': '#CCA0D0', 'freight_collected_at': '#6AC90B', 'shipper_name': '#EE9D52', 'notify_party_address': '#B1FC10', 'awb_original_or_copy': '#7D8EF0', 'mode_of_transport': '#BCE508', 'flight_date': '#489826', 'measurement': '#B214AF', 'good_marks': '#1BFFEE', 'awb_original_number': '#D7753E', 'invoice_number': '#405D90', 'dimension': '#06A2E6', 'pre_carriage_by': '#88DA32', 'awb_bill_no': '#495CAD', 'notify_party_name': '#74F93C', 'airport_of_destination': '#D8C753', 'final_destination': '#4A1E93', 'net_weight': '#876167', 'signed_by_master': '#5234BB', 'invoice_date': '#7D348B', 'lc_date': '#CB583D', 'lc_no': '#6B4E2F', 'signed_by_carrier': '#7314D0', 'at_place': '#2A8A62', 'awb_bill_issue_date': '#7521E5', 'signed_by_agent': '#876F3F', 'total_original_no': '#7CECC3', 'flight_details': '#7B0EB7', 'carrier_address': '#2A390F', 'gross_quantity': '#290899', 'transaction_date': '#AE3133', 'consignee_address': '#9AC549', 'O': '#3EC81A', 'shipper_address': '#D915A0', 'page_no': '#554DA6', 'goods_description': '#14E70A', 'freight_collect_or_prepaid': '#B9370D', 'agent_address': '#11E51F', 'stamp': '#DE4269', 'consignee_name': '#2306E9', 'country_of_origin': '#0096C9', 'airport_of_departure': '#B549C4', 'carrier_name': '#C8412E', 'place_of_receipt': '#A5BDA1', 'agent_name': '#BA5C57', 'master_name': '#7914F6', 'stamped_onboard_date': '#D0D012', 'shipment_date': '#C7AC6B', 'declared_value_of_custom': '#A97086', 'declared_value_of_carriage': '#295AD5', 'amount_insurance': '#EC8F9C', 'carriage_condition': '#4B49AF'}
2024-03-26 15:08:17,198 is result_set is instance of dict? True
2024-03-26 15:08:17,199 is final_result_set is instance of dict? True
2024-03-26 15:08:17,351 Time taken for page 1 of Bill_Of_Landing_562_page_13.png:0:00:02.365450
2024-03-26 15:08:17,473 *****Generated All Pages****** for Bill_Of_Landing_562_page_13.png
2024-03-26 15:08:17,473 RAM memory 83.9 used for Bill_Of_Landing_562_page_13.png Generating All Pages:
2024-03-26 15:08:17,473 Processing time taken for all pages of Bill_Of_Landing_562_page_13.png1:0:00:02.488596
2024-03-26 15:08:17,589 file name is:Bill_Of_Landing_555_page_0.png
2024-03-26 15:08:17,589 folder path :Images
2024-03-26 15:08:17,589 Calling Image result
2024-03-26 15:08:17,589 is all_page_result is instance of dict? True
2024-03-26 15:08:17,589 STREAM b'IHDR' 16 13
2024-03-26 15:08:17,590 STREAM b'IDAT' 41 65536
2024-03-26 15:08:17,617 is words is instance of list? True
2024-03-26 15:08:17,617 is bboxes is instance of list? True
2024-03-26 15:08:17,617 is bounding_boxes is instance of list? True
2024-03-26 15:08:17,865 is input_id_chunks is instance of list? True
2024-03-26 15:08:17,865 is mask_chunks is instance of list? True
2024-03-26 15:08:17,865 is bbox_chunks is instance of list? True
2024-03-26 15:08:17,865 is image_chunks is instance of list? True
2024-03-26 15:08:17,866 is input_dict is instance of dict? True
2024-03-26 15:08:20,006 Model Called
2024-03-26 15:08:20,007 RAM memory 83.8 used for Bill_Of_Landing_555_page_0.png:
2024-03-26 15:08:20,007 is all_predictions is instance of list? True
2024-03-26 15:08:20,007 is all_boxes is instance of list? True
2024-03-26 15:08:20,007 is all_confidences is instance of list? True
2024-03-26 15:08:20,007 is all_text is instance of list? True
2024-03-26 15:08:20,007 is label2id is instance of dict? True
2024-03-26 15:08:20,007 is id2label is instance of dict? True
2024-03-26 15:08:20,008 is label2color is instance of dict? True
2024-03-26 15:08:20,008 label2color : {'signature': '#335E30', 'gross_weight': '#EF04D2', 'freight_collected_at': '#A707A3', 'shipper_name': '#8398B5', 'notify_party_address': '#FCC2C1', 'awb_original_or_copy': '#B396FB', 'mode_of_transport': '#D8A724', 'flight_date': '#8C78EA', 'measurement': '#21DE62', 'good_marks': '#60E7FF', 'awb_original_number': '#EC1FB3', 'invoice_number': '#2D1EFC', 'dimension': '#DC2499', 'pre_carriage_by': '#2051FD', 'awb_bill_no': '#7E5FA2', 'notify_party_name': '#245E2F', 'airport_of_destination': '#AAC30B', 'final_destination': '#FF5552', 'net_weight': '#3BA039', 'signed_by_master': '#78845F', 'invoice_date': '#B82604', 'lc_date': '#3F5FD6', 'lc_no': '#8C735B', 'signed_by_carrier': '#46F9B4', 'at_place': '#02AC1E', 'awb_bill_issue_date': '#199159', 'signed_by_agent': '#18FAD0', 'total_original_no': '#C874F1', 'flight_details': '#2709DD', 'carrier_address': '#97C6C4', 'gross_quantity': '#341325', 'transaction_date': '#2DF560', 'consignee_address': '#8C2892', 'O': '#A64328', 'shipper_address': '#FBB32B', 'page_no': '#3B7C42', 'goods_description': '#D711FF', 'freight_collect_or_prepaid': '#C9DCFD', 'agent_address': '#623E9E', 'stamp': '#939A28', 'consignee_name': '#1F0BFC', 'country_of_origin': '#BAF3CB', 'airport_of_departure': '#899E1A', 'carrier_name': '#9B621E', 'place_of_receipt': '#9481E8', 'agent_name': '#00B082', 'master_name': '#65EAC4', 'stamped_onboard_date': '#A9F04D', 'shipment_date': '#2C1E9F', 'declared_value_of_custom': '#227CC0', 'declared_value_of_carriage': '#AB56DA', 'amount_insurance': '#BAF590', 'carriage_condition': '#E86A6D'}
2024-03-26 15:08:20,197 is result_set is instance of dict? True
2024-03-26 15:08:20,198 is final_result_set is instance of dict? True
2024-03-26 15:08:20,343 Time taken for page 1 of Bill_Of_Landing_555_page_0.png:0:00:02.753269
2024-03-26 15:08:20,468 *****Generated All Pages****** for Bill_Of_Landing_555_page_0.png
2024-03-26 15:08:20,468 RAM memory 84.3 used for Bill_Of_Landing_555_page_0.png Generating All Pages:
2024-03-26 15:08:20,468 Processing time taken for all pages of Bill_Of_Landing_555_page_0.png1:0:00:02.878919
2024-03-26 15:08:20,582 file name is:Bill_Of_Landing_899_page_20.png
2024-03-26 15:08:20,582 folder path :Images
2024-03-26 15:08:20,582 Calling Image result
2024-03-26 15:08:20,582 is all_page_result is instance of dict? True
2024-03-26 15:08:20,583 STREAM b'IHDR' 16 13
2024-03-26 15:08:20,583 STREAM b'IDAT' 41 65536
2024-03-26 15:08:20,610 is words is instance of list? True
2024-03-26 15:08:20,610 is bboxes is instance of list? True
2024-03-26 15:08:20,610 is bounding_boxes is instance of list? True
2024-03-26 15:08:20,802 is input_id_chunks is instance of list? True
2024-03-26 15:08:20,802 is mask_chunks is instance of list? True
2024-03-26 15:08:20,802 is bbox_chunks is instance of list? True
2024-03-26 15:08:20,802 is image_chunks is instance of list? True
2024-03-26 15:08:20,803 is input_dict is instance of dict? True
2024-03-26 15:08:23,639 Model Called
2024-03-26 15:08:23,639 RAM memory 88.8 used for Bill_Of_Landing_899_page_20.png:
2024-03-26 15:08:23,639 is all_predictions is instance of list? True
2024-03-26 15:08:23,639 is all_boxes is instance of list? True
2024-03-26 15:08:23,639 is all_confidences is instance of list? True
2024-03-26 15:08:23,639 is all_text is instance of list? True
2024-03-26 15:08:23,640 is label2id is instance of dict? True
2024-03-26 15:08:23,640 is id2label is instance of dict? True
2024-03-26 15:08:23,640 is label2color is instance of dict? True
2024-03-26 15:08:23,640 label2color : {'signature': '#B6D479', 'gross_weight': '#CF24DF', 'freight_collected_at': '#55F21B', 'shipper_name': '#66E2E8', 'notify_party_address': '#9BC55E', 'awb_original_or_copy': '#249CC5', 'mode_of_transport': '#C0D95C', 'flight_date': '#A0CCE3', 'measurement': '#977EC2', 'good_marks': '#5B69C3', 'awb_original_number': '#31D3E1', 'invoice_number': '#796773', 'dimension': '#ECDD96', 'pre_carriage_by': '#5EFD60', 'awb_bill_no': '#AFA86C', 'notify_party_name': '#DB427B', 'airport_of_destination': '#4B8E83', 'final_destination': '#8CBE9E', 'net_weight': '#961A17', 'signed_by_master': '#409041', 'invoice_date': '#BA73C3', 'lc_date': '#6B8D72', 'lc_no': '#531BFE', 'signed_by_carrier': '#328B2F', 'at_place': '#A5F3A6', 'awb_bill_issue_date': '#F4C3C3', 'signed_by_agent': '#0C7176', 'total_original_no': '#78C709', 'flight_details': '#4D3776', 'carrier_address': '#87F413', 'gross_quantity': '#1D34A3', 'transaction_date': '#C3B512', 'consignee_address': '#1E1DB5', 'O': '#399DE8', 'shipper_address': '#C99023', 'page_no': '#DFC5FF', 'goods_description': '#6ADBFF', 'freight_collect_or_prepaid': '#863762', 'agent_address': '#DDF5DF', 'stamp': '#AC2BE6', 'consignee_name': '#875574', 'country_of_origin': '#EB0E7C', 'airport_of_departure': '#2A9E44', 'carrier_name': '#30601B', 'place_of_receipt': '#13537B', 'agent_name': '#ACC98F', 'master_name': '#A39A85', 'stamped_onboard_date': '#3C5A65', 'shipment_date': '#C2C75F', 'declared_value_of_custom': '#E082EE', 'declared_value_of_carriage': '#9BC970', 'amount_insurance': '#558B51', 'carriage_condition': '#C5E6CB'}
2024-03-26 15:08:23,877 is result_set is instance of dict? True
2024-03-26 15:08:23,878 is final_result_set is instance of dict? True
2024-03-26 15:08:24,062 Time taken for page 1 of Bill_Of_Landing_899_page_20.png:0:00:03.478847
2024-03-26 15:08:24,217 *****Generated All Pages****** for Bill_Of_Landing_899_page_20.png
2024-03-26 15:08:24,217 RAM memory 89.4 used for Bill_Of_Landing_899_page_20.png Generating All Pages:
2024-03-26 15:08:24,217 Processing time taken for all pages of Bill_Of_Landing_899_page_20.png1:0:00:03.634881
2024-03-26 15:08:24,346 file name is:Bill_Of_Landing_511_page_0.png
2024-03-26 15:08:24,347 folder path :Images
2024-03-26 15:08:24,347 Calling Image result
2024-03-26 15:08:24,347 is all_page_result is instance of dict? True
2024-03-26 15:08:24,347 STREAM b'IHDR' 16 13
2024-03-26 15:08:24,347 STREAM b'IDAT' 41 65536
2024-03-26 15:08:24,374 is words is instance of list? True
2024-03-26 15:08:24,374 is bboxes is instance of list? True
2024-03-26 15:08:24,374 is bounding_boxes is instance of list? True
2024-03-26 15:08:24,570 is input_id_chunks is instance of list? True
2024-03-26 15:08:24,570 is mask_chunks is instance of list? True
2024-03-26 15:08:24,570 is bbox_chunks is instance of list? True
2024-03-26 15:08:24,570 is image_chunks is instance of list? True
2024-03-26 15:08:24,571 is input_dict is instance of dict? True
2024-03-26 15:08:26,402 Model Called
2024-03-26 15:08:26,403 RAM memory 85.4 used for Bill_Of_Landing_511_page_0.png:
2024-03-26 15:08:26,403 is all_predictions is instance of list? True
2024-03-26 15:08:26,403 is all_boxes is instance of list? True
2024-03-26 15:08:26,403 is all_confidences is instance of list? True
2024-03-26 15:08:26,403 is all_text is instance of list? True
2024-03-26 15:08:26,403 is label2id is instance of dict? True
2024-03-26 15:08:26,403 is id2label is instance of dict? True
2024-03-26 15:08:26,403 is label2color is instance of dict? True
2024-03-26 15:08:26,403 label2color : {'signature': '#306319', 'gross_weight': '#8DCC02', 'freight_collected_at': '#A4B24F', 'shipper_name': '#495AFD', 'notify_party_address': '#39E87E', 'awb_original_or_copy': '#8B0770', 'mode_of_transport': '#161DD6', 'flight_date': '#7F418D', 'measurement': '#119ADC', 'good_marks': '#FD3ED0', 'awb_original_number': '#433712', 'invoice_number': '#7859EA', 'dimension': '#A75F5F', 'pre_carriage_by': '#E2BA2E', 'awb_bill_no': '#0B96C2', 'notify_party_name': '#8DB405', 'airport_of_destination': '#318138', 'final_destination': '#45DDA8', 'net_weight': '#D9033E', 'signed_by_master': '#D48360', 'invoice_date': '#0D982B', 'lc_date': '#D996D3', 'lc_no': '#D09F44', 'signed_by_carrier': '#68129D', 'at_place': '#A49942', 'awb_bill_issue_date': '#745799', 'signed_by_agent': '#39437B', 'total_original_no': '#D61DC1', 'flight_details': '#153F5A', 'carrier_address': '#C6B2C3', 'gross_quantity': '#4DEF4B', 'transaction_date': '#E4CF65', 'consignee_address': '#E2DFEE', 'O': '#8E98DB', 'shipper_address': '#A47F89', 'page_no': '#F349EB', 'goods_description': '#C4B961', 'freight_collect_or_prepaid': '#0F17C1', 'agent_address': '#3873AD', 'stamp': '#BD69C4', 'consignee_name': '#5D2FC9', 'country_of_origin': '#0C68BC', 'airport_of_departure': '#FE1EC2', 'carrier_name': '#B5E957', 'place_of_receipt': '#C6135A', 'agent_name': '#678478', 'master_name': '#76B720', 'stamped_onboard_date': '#E3B76F', 'shipment_date': '#13CD25', 'declared_value_of_custom': '#456371', 'declared_value_of_carriage': '#8E58C5', 'amount_insurance': '#816F67', 'carriage_condition': '#6470D1'}
2024-03-26 15:08:26,602 is result_set is instance of dict? True
2024-03-26 15:08:26,604 is final_result_set is instance of dict? True
2024-03-26 15:08:26,863 Time taken for page 1 of Bill_Of_Landing_511_page_0.png:0:00:02.515209
2024-03-26 15:08:26,991 *****Generated All Pages****** for Bill_Of_Landing_511_page_0.png
2024-03-26 15:08:26,991 RAM memory 85.5 used for Bill_Of_Landing_511_page_0.png Generating All Pages:
2024-03-26 15:08:26,991 Processing time taken for all pages of Bill_Of_Landing_511_page_0.png1:0:00:02.644547
2024-03-26 15:08:27,106 file name is:Bill_Of_Landing_562_page_26.png
2024-03-26 15:08:27,106 folder path :Images
2024-03-26 15:08:27,106 Calling Image result
2024-03-26 15:08:27,106 is all_page_result is instance of dict? True
2024-03-26 15:08:27,107 STREAM b'IHDR' 16 13
2024-03-26 15:08:27,107 STREAM b'IDAT' 41 65536
2024-03-26 15:08:27,135 is words is instance of list? True
2024-03-26 15:08:27,135 is bboxes is instance of list? True
2024-03-26 15:08:27,135 is bounding_boxes is instance of list? True
2024-03-26 15:08:27,341 is input_id_chunks is instance of list? True
2024-03-26 15:08:27,341 is mask_chunks is instance of list? True
2024-03-26 15:08:27,341 is bbox_chunks is instance of list? True
2024-03-26 15:08:27,341 is image_chunks is instance of list? True
2024-03-26 15:08:27,342 is input_dict is instance of dict? True
2024-03-26 15:08:29,285 Model Called
2024-03-26 15:08:29,285 RAM memory 85.0 used for Bill_Of_Landing_562_page_26.png:
2024-03-26 15:08:29,286 is all_predictions is instance of list? True
2024-03-26 15:08:29,286 is all_boxes is instance of list? True
2024-03-26 15:08:29,286 is all_confidences is instance of list? True
2024-03-26 15:08:29,286 is all_text is instance of list? True
2024-03-26 15:08:29,286 is label2id is instance of dict? True
2024-03-26 15:08:29,286 is id2label is instance of dict? True
2024-03-26 15:08:29,287 is label2color is instance of dict? True
2024-03-26 15:08:29,287 label2color : {'signature': '#C911CE', 'gross_weight': '#76B47B', 'freight_collected_at': '#09C8E5', 'shipper_name': '#9A2EBA', 'notify_party_address': '#4D59B5', 'awb_original_or_copy': '#C1A3CA', 'mode_of_transport': '#D14396', 'flight_date': '#9E6491', 'measurement': '#F323BD', 'good_marks': '#AA5F66', 'awb_original_number': '#88EC9A', 'invoice_number': '#9F4846', 'dimension': '#21DE8F', 'pre_carriage_by': '#461256', 'awb_bill_no': '#0DFB1D', 'notify_party_name': '#BEC7A5', 'airport_of_destination': '#57D281', 'final_destination': '#9D24E7', 'net_weight': '#F94FBC', 'signed_by_master': '#7F6397', 'invoice_date': '#29D5DE', 'lc_date': '#130580', 'lc_no': '#7B2FFF', 'signed_by_carrier': '#DF4190', 'at_place': '#4B5228', 'awb_bill_issue_date': '#F2D979', 'signed_by_agent': '#929B54', 'total_original_no': '#8B4C40', 'flight_details': '#E73880', 'carrier_address': '#94D2EC', 'gross_quantity': '#43420D', 'transaction_date': '#27BECC', 'consignee_address': '#607B77', 'O': '#928A05', 'shipper_address': '#CC720C', 'page_no': '#3BCCCF', 'goods_description': '#5CE705', 'freight_collect_or_prepaid': '#2B62F4', 'agent_address': '#99481D', 'stamp': '#0BB71D', 'consignee_name': '#5C2388', 'country_of_origin': '#528436', 'airport_of_departure': '#AF7D29', 'carrier_name': '#BB4E6C', 'place_of_receipt': '#28027A', 'agent_name': '#7169E4', 'master_name': '#7C81F5', 'stamped_onboard_date': '#A15E82', 'shipment_date': '#7ABDF3', 'declared_value_of_custom': '#034087', 'declared_value_of_carriage': '#ED27B9', 'amount_insurance': '#0830FB', 'carriage_condition': '#87D19A'}
2024-03-26 15:08:29,480 is result_set is instance of dict? True
2024-03-26 15:08:29,481 is final_result_set is instance of dict? True
2024-03-26 15:08:29,639 Time taken for page 1 of Bill_Of_Landing_562_page_26.png:0:00:02.532522
2024-03-26 15:08:29,788 *****Generated All Pages****** for Bill_Of_Landing_562_page_26.png
2024-03-26 15:08:29,788 RAM memory 85.0 used for Bill_Of_Landing_562_page_26.png Generating All Pages:
2024-03-26 15:08:29,788 Processing time taken for all pages of Bill_Of_Landing_562_page_26.png1:0:00:02.682122
2024-03-26 15:08:29,926 file name is:Bill_Of_Landing_418_page_7.png
2024-03-26 15:08:29,926 folder path :Images
2024-03-26 15:08:29,926 Calling Image result
2024-03-26 15:08:29,926 is all_page_result is instance of dict? True
2024-03-26 15:08:29,927 STREAM b'IHDR' 16 13
2024-03-26 15:08:29,927 STREAM b'IDAT' 41 65536
2024-03-26 15:08:29,958 is words is instance of list? True
2024-03-26 15:08:29,959 is bboxes is instance of list? True
2024-03-26 15:08:29,959 is bounding_boxes is instance of list? True
2024-03-26 15:08:30,164 is input_id_chunks is instance of list? True
2024-03-26 15:08:30,165 is mask_chunks is instance of list? True
2024-03-26 15:08:30,165 is bbox_chunks is instance of list? True
2024-03-26 15:08:30,165 is image_chunks is instance of list? True
2024-03-26 15:08:30,165 is input_dict is instance of dict? True
2024-03-26 15:08:32,091 Model Called
2024-03-26 15:08:32,091 RAM memory 81.4 used for Bill_Of_Landing_418_page_7.png:
2024-03-26 15:08:32,091 is all_predictions is instance of list? True
2024-03-26 15:08:32,091 is all_boxes is instance of list? True
2024-03-26 15:08:32,091 is all_confidences is instance of list? True
2024-03-26 15:08:32,091 is all_text is instance of list? True
2024-03-26 15:08:32,091 is label2id is instance of dict? True
2024-03-26 15:08:32,091 is id2label is instance of dict? True
2024-03-26 15:08:32,092 is label2color is instance of dict? True
2024-03-26 15:08:32,092 label2color : {'signature': '#2F26A2', 'gross_weight': '#EF5564', 'freight_collected_at': '#7B56F0', 'shipper_name': '#7EC8C0', 'notify_party_address': '#53DAB5', 'awb_original_or_copy': '#06E34D', 'mode_of_transport': '#2F9967', 'flight_date': '#EBADA2', 'measurement': '#B574FB', 'good_marks': '#139297', 'awb_original_number': '#F78F41', 'invoice_number': '#6C5746', 'dimension': '#D36327', 'pre_carriage_by': '#0B4A7D', 'awb_bill_no': '#CB806C', 'notify_party_name': '#5A4003', 'airport_of_destination': '#C968FE', 'final_destination': '#DD534C', 'net_weight': '#31CD88', 'signed_by_master': '#9DC906', 'invoice_date': '#FD045C', 'lc_date': '#6CE478', 'lc_no': '#23190F', 'signed_by_carrier': '#D71943', 'at_place': '#D752BE', 'awb_bill_issue_date': '#90F87C', 'signed_by_agent': '#D5FD9B', 'total_original_no': '#64DBF5', 'flight_details': '#D38EBA', 'carrier_address': '#27BA94', 'gross_quantity': '#6219DF', 'transaction_date': '#81700E', 'consignee_address': '#889B59', 'O': '#3A509C', 'shipper_address': '#F8AC54', 'page_no': '#F8C5CB', 'goods_description': '#821BE6', 'freight_collect_or_prepaid': '#068AFD', 'agent_address': '#6BE8F9', 'stamp': '#1B1310', 'consignee_name': '#501E89', 'country_of_origin': '#86BDFB', 'airport_of_departure': '#263E23', 'carrier_name': '#528F8B', 'place_of_receipt': '#74C45A', 'agent_name': '#4CA87A', 'master_name': '#E1C68A', 'stamped_onboard_date': '#5DB0E1', 'shipment_date': '#6E4301', 'declared_value_of_custom': '#A9A03A', 'declared_value_of_carriage': '#93984B', 'amount_insurance': '#C79DC7', 'carriage_condition': '#49B2E1'}
2024-03-26 15:08:32,286 is result_set is instance of dict? True
2024-03-26 15:08:32,288 is final_result_set is instance of dict? True
2024-03-26 15:08:32,445 Time taken for page 1 of Bill_Of_Landing_418_page_7.png:0:00:02.517581
2024-03-26 15:08:32,591 *****Generated All Pages****** for Bill_Of_Landing_418_page_7.png
2024-03-26 15:08:32,591 RAM memory 81.7 used for Bill_Of_Landing_418_page_7.png Generating All Pages:
2024-03-26 15:08:32,591 Processing time taken for all pages of Bill_Of_Landing_418_page_7.png1:0:00:02.664434
2024-03-26 15:08:32,703 file name is:Bill_Of_Landing_562_page_7.png
2024-03-26 15:08:32,703 folder path :Images
2024-03-26 15:08:32,703 Calling Image result
2024-03-26 15:08:32,703 is all_page_result is instance of dict? True
2024-03-26 15:08:32,704 STREAM b'IHDR' 16 13
2024-03-26 15:08:32,704 STREAM b'IDAT' 41 63516
2024-03-26 15:08:32,731 is words is instance of list? True
2024-03-26 15:08:32,731 is bboxes is instance of list? True
2024-03-26 15:08:32,731 is bounding_boxes is instance of list? True
2024-03-26 15:08:32,941 is input_id_chunks is instance of list? True
2024-03-26 15:08:32,941 is mask_chunks is instance of list? True
2024-03-26 15:08:32,941 is bbox_chunks is instance of list? True
2024-03-26 15:08:32,941 is image_chunks is instance of list? True
2024-03-26 15:08:32,941 is input_dict is instance of dict? True
2024-03-26 15:08:34,679 Model Called
2024-03-26 15:08:34,679 RAM memory 81.9 used for Bill_Of_Landing_562_page_7.png:
2024-03-26 15:08:34,679 is all_predictions is instance of list? True
2024-03-26 15:08:34,679 is all_boxes is instance of list? True
2024-03-26 15:08:34,679 is all_confidences is instance of list? True
2024-03-26 15:08:34,679 is all_text is instance of list? True
2024-03-26 15:08:34,680 is label2id is instance of dict? True
2024-03-26 15:08:34,680 is id2label is instance of dict? True
2024-03-26 15:08:34,680 is label2color is instance of dict? True
2024-03-26 15:08:34,680 label2color : {'signature': '#C8C4E9', 'gross_weight': '#13ECA4', 'freight_collected_at': '#C5CE36', 'shipper_name': '#2B1D66', 'notify_party_address': '#2DEC37', 'awb_original_or_copy': '#3B720B', 'mode_of_transport': '#29983A', 'flight_date': '#7C29E1', 'measurement': '#A2D1BB', 'good_marks': '#00099E', 'awb_original_number': '#EFC9CB', 'invoice_number': '#A05395', 'dimension': '#AD229C', 'pre_carriage_by': '#7B98BE', 'awb_bill_no': '#457BE9', 'notify_party_name': '#14821F', 'airport_of_destination': '#692CD0', 'final_destination': '#7D358C', 'net_weight': '#46F374', 'signed_by_master': '#FADD3E', 'invoice_date': '#48C89A', 'lc_date': '#688998', 'lc_no': '#D46F00', 'signed_by_carrier': '#67D82D', 'at_place': '#4E15BE', 'awb_bill_issue_date': '#0EF423', 'signed_by_agent': '#60C39A', 'total_original_no': '#9BA75E', 'flight_details': '#BA58BF', 'carrier_address': '#C7E322', 'gross_quantity': '#479357', 'transaction_date': '#CF889C', 'consignee_address': '#F6D40B', 'O': '#57B07C', 'shipper_address': '#DAD0E7', 'page_no': '#98CAA1', 'goods_description': '#EAF0A6', 'freight_collect_or_prepaid': '#5827B0', 'agent_address': '#D4986F', 'stamp': '#C80144', 'consignee_name': '#19A07C', 'country_of_origin': '#D2F563', 'airport_of_departure': '#0F0291', 'carrier_name': '#EC79CE', 'place_of_receipt': '#4BE078', 'agent_name': '#658AE1', 'master_name': '#EE2201', 'stamped_onboard_date': '#DC3B21', 'shipment_date': '#A3F98E', 'declared_value_of_custom': '#4313BE', 'declared_value_of_carriage': '#CB6EDB', 'amount_insurance': '#F1CFAF', 'carriage_condition': '#D71291'}
2024-03-26 15:08:34,865 is result_set is instance of dict? True
2024-03-26 15:08:34,866 is final_result_set is instance of dict? True
2024-03-26 15:08:35,023 Time taken for page 1 of Bill_Of_Landing_562_page_7.png:0:00:02.318520
2024-03-26 15:08:35,147 *****Generated All Pages****** for Bill_Of_Landing_562_page_7.png
2024-03-26 15:08:35,148 RAM memory 82.0 used for Bill_Of_Landing_562_page_7.png Generating All Pages:
2024-03-26 15:08:35,148 Processing time taken for all pages of Bill_Of_Landing_562_page_7.png1:0:00:02.444230
2024-03-26 15:08:35,259 file name is:Bill_Of_Landing_760_page_0.png
2024-03-26 15:08:35,259 folder path :Images
2024-03-26 15:08:35,259 Calling Image result
2024-03-26 15:08:35,259 is all_page_result is instance of dict? True
2024-03-26 15:08:35,260 STREAM b'IHDR' 16 13
2024-03-26 15:08:35,260 STREAM b'IDAT' 41 65536
2024-03-26 15:08:35,330 is words is instance of list? True
2024-03-26 15:08:35,330 is bboxes is instance of list? True
2024-03-26 15:08:35,330 is bounding_boxes is instance of list? True
2024-03-26 15:08:36,162 is input_id_chunks is instance of list? True
2024-03-26 15:08:36,162 is mask_chunks is instance of list? True
2024-03-26 15:08:36,162 is bbox_chunks is instance of list? True
2024-03-26 15:08:36,162 is image_chunks is instance of list? True
2024-03-26 15:08:36,163 is input_dict is instance of dict? True
2024-03-26 15:08:37,872 Model Called
2024-03-26 15:08:37,873 RAM memory 82.4 used for Bill_Of_Landing_760_page_0.png:
2024-03-26 15:08:37,873 is all_predictions is instance of list? True
2024-03-26 15:08:37,873 is all_boxes is instance of list? True
2024-03-26 15:08:37,873 is all_confidences is instance of list? True
2024-03-26 15:08:37,873 is all_text is instance of list? True
2024-03-26 15:08:37,873 is label2id is instance of dict? True
2024-03-26 15:08:37,873 is id2label is instance of dict? True
2024-03-26 15:08:37,874 is label2color is instance of dict? True
2024-03-26 15:08:37,874 label2color : {'signature': '#823EBA', 'gross_weight': '#B05C77', 'freight_collected_at': '#516B9E', 'shipper_name': '#2F0494', 'notify_party_address': '#48FC75', 'awb_original_or_copy': '#ABC053', 'mode_of_transport': '#EC00C9', 'flight_date': '#64EC07', 'measurement': '#682BEE', 'good_marks': '#9A6C36', 'awb_original_number': '#C138EA', 'invoice_number': '#FC3AE7', 'dimension': '#77209A', 'pre_carriage_by': '#F3A11F', 'awb_bill_no': '#B16C6E', 'notify_party_name': '#324D0D', 'airport_of_destination': '#526EE8', 'final_destination': '#905C87', 'net_weight': '#3184DB', 'signed_by_master': '#5A86CB', 'invoice_date': '#CD9100', 'lc_date': '#7BF16A', 'lc_no': '#2F13FA', 'signed_by_carrier': '#0BE5F3', 'at_place': '#D55315', 'awb_bill_issue_date': '#CA4198', 'signed_by_agent': '#60C208', 'total_original_no': '#7D36F2', 'flight_details': '#68DDD3', 'carrier_address': '#CEB34C', 'gross_quantity': '#07E384', 'transaction_date': '#A43F45', 'consignee_address': '#011E07', 'O': '#CD1138', 'shipper_address': '#F25749', 'page_no': '#E8E783', 'goods_description': '#022D8E', 'freight_collect_or_prepaid': '#F48A13', 'agent_address': '#56D09E', 'stamp': '#131BE2', 'consignee_name': '#B32D54', 'country_of_origin': '#55814C', 'airport_of_departure': '#763AF3', 'carrier_name': '#B4ACCA', 'place_of_receipt': '#0DAD27', 'agent_name': '#79AD67', 'master_name': '#0E5631', 'stamped_onboard_date': '#77CA37', 'shipment_date': '#90A45B', 'declared_value_of_custom': '#6728C1', 'declared_value_of_carriage': '#B41561', 'amount_insurance': '#F311EF', 'carriage_condition': '#D4BEC3'}
2024-03-26 15:08:38,328 is result_set is instance of dict? True
2024-03-26 15:08:38,330 is final_result_set is instance of dict? True
2024-03-26 15:08:38,529 Time taken for page 1 of Bill_Of_Landing_760_page_0.png:0:00:03.269434
2024-03-26 15:08:38,820 *****Generated All Pages****** for Bill_Of_Landing_760_page_0.png
2024-03-26 15:08:38,820 RAM memory 83.0 used for Bill_Of_Landing_760_page_0.png Generating All Pages:
2024-03-26 15:08:38,820 Processing time taken for all pages of Bill_Of_Landing_760_page_0.png1:0:00:03.560727
2024-03-26 15:08:38,944 file name is:Bill_Of_Landing_511_page_4.png
2024-03-26 15:08:38,944 folder path :Images
2024-03-26 15:08:38,944 Calling Image result
2024-03-26 15:08:38,944 is all_page_result is instance of dict? True
2024-03-26 15:08:38,944 STREAM b'IHDR' 16 13
2024-03-26 15:08:38,945 STREAM b'IDAT' 41 65536
2024-03-26 15:08:38,971 is words is instance of list? True
2024-03-26 15:08:38,971 is bboxes is instance of list? True
2024-03-26 15:08:38,971 is bounding_boxes is instance of list? True
2024-03-26 15:08:39,176 is input_id_chunks is instance of list? True
2024-03-26 15:08:39,176 is mask_chunks is instance of list? True
2024-03-26 15:08:39,176 is bbox_chunks is instance of list? True
2024-03-26 15:08:39,176 is image_chunks is instance of list? True
2024-03-26 15:08:39,176 is input_dict is instance of dict? True
2024-03-26 15:08:41,011 Model Called
2024-03-26 15:08:41,011 RAM memory 81.5 used for Bill_Of_Landing_511_page_4.png:
2024-03-26 15:08:41,011 is all_predictions is instance of list? True
2024-03-26 15:08:41,011 is all_boxes is instance of list? True
2024-03-26 15:08:41,011 is all_confidences is instance of list? True
2024-03-26 15:08:41,011 is all_text is instance of list? True
2024-03-26 15:08:41,011 is label2id is instance of dict? True
2024-03-26 15:08:41,011 is id2label is instance of dict? True
2024-03-26 15:08:41,012 is label2color is instance of dict? True
2024-03-26 15:08:41,012 label2color : {'signature': '#2142E1', 'gross_weight': '#EA1B1B', 'freight_collected_at': '#4DD3D3', 'shipper_name': '#BB8741', 'notify_party_address': '#975A98', 'awb_original_or_copy': '#BA04CC', 'mode_of_transport': '#6F32D3', 'flight_date': '#7E0F88', 'measurement': '#01C234', 'good_marks': '#89FF7A', 'awb_original_number': '#D37A8A', 'invoice_number': '#8A8957', 'dimension': '#D1F323', 'pre_carriage_by': '#0686ED', 'awb_bill_no': '#CBEB5D', 'notify_party_name': '#5BCD8D', 'airport_of_destination': '#456766', 'final_destination': '#1AA51C', 'net_weight': '#08D05C', 'signed_by_master': '#AA6B1A', 'invoice_date': '#38FDC1', 'lc_date': '#267C9E', 'lc_no': '#AE49E8', 'signed_by_carrier': '#96180B', 'at_place': '#2D7232', 'awb_bill_issue_date': '#CE5167', 'signed_by_agent': '#F043A6', 'total_original_no': '#282DE6', 'flight_details': '#58C6E2', 'carrier_address': '#68D39B', 'gross_quantity': '#6E0113', 'transaction_date': '#CE67C5', 'consignee_address': '#33053C', 'O': '#31F541', 'shipper_address': '#0D8E03', 'page_no': '#3A9BB2', 'goods_description': '#0F6E2A', 'freight_collect_or_prepaid': '#CDDC0F', 'agent_address': '#49BEEE', 'stamp': '#B5578A', 'consignee_name': '#7DE3D0', 'country_of_origin': '#C817C5', 'airport_of_departure': '#0E6BAE', 'carrier_name': '#AE5D5E', 'place_of_receipt': '#457C08', 'agent_name': '#89C81E', 'master_name': '#4398E1', 'stamped_onboard_date': '#179E99', 'shipment_date': '#93A92C', 'declared_value_of_custom': '#05A32E', 'declared_value_of_carriage': '#89E7A3', 'amount_insurance': '#405711', 'carriage_condition': '#01AA3D'}
2024-03-26 15:08:41,211 is result_set is instance of dict? True
2024-03-26 15:08:41,213 is final_result_set is instance of dict? True
2024-03-26 15:08:41,478 Time taken for page 1 of Bill_Of_Landing_511_page_4.png:0:00:02.533101
2024-03-26 15:08:41,615 *****Generated All Pages****** for Bill_Of_Landing_511_page_4.png
2024-03-26 15:08:41,615 RAM memory 81.7 used for Bill_Of_Landing_511_page_4.png Generating All Pages:
2024-03-26 15:08:41,615 Processing time taken for all pages of Bill_Of_Landing_511_page_4.png1:0:00:02.671043
2024-03-26 15:08:41,739 file name is:Bill_Of_Landing_815_page_0.png
2024-03-26 15:08:41,739 folder path :Images
2024-03-26 15:08:41,739 Calling Image result
2024-03-26 15:08:41,739 is all_page_result is instance of dict? True
2024-03-26 15:08:41,740 STREAM b'IHDR' 16 13
2024-03-26 15:08:41,740 STREAM b'IDAT' 41 65536
2024-03-26 15:08:41,842 is words is instance of list? True
2024-03-26 15:08:41,842 is bboxes is instance of list? True
2024-03-26 15:08:41,842 is bounding_boxes is instance of list? True
2024-03-26 15:08:43,211 is input_id_chunks is instance of list? True
2024-03-26 15:08:43,211 is mask_chunks is instance of list? True
2024-03-26 15:08:43,211 is bbox_chunks is instance of list? True
2024-03-26 15:08:43,211 is image_chunks is instance of list? True
2024-03-26 15:08:43,211 is input_dict is instance of dict? True
2024-03-26 15:08:45,340 Model Called
2024-03-26 15:08:45,340 RAM memory 83.4 used for Bill_Of_Landing_815_page_0.png:
2024-03-26 15:08:45,340 is all_predictions is instance of list? True
2024-03-26 15:08:45,340 is all_boxes is instance of list? True
2024-03-26 15:08:45,340 is all_confidences is instance of list? True
2024-03-26 15:08:45,340 is all_text is instance of list? True
2024-03-26 15:08:45,340 is label2id is instance of dict? True
2024-03-26 15:08:45,340 is id2label is instance of dict? True
2024-03-26 15:08:45,341 is label2color is instance of dict? True
2024-03-26 15:08:45,341 label2color : {'signature': '#D36924', 'gross_weight': '#B6CB02', 'freight_collected_at': '#BAE7FF', 'shipper_name': '#49A7AD', 'notify_party_address': '#780B89', 'awb_original_or_copy': '#57EF61', 'mode_of_transport': '#35F200', 'flight_date': '#1E8DE7', 'measurement': '#162552', 'good_marks': '#247B0C', 'awb_original_number': '#01A4A1', 'invoice_number': '#60229B', 'dimension': '#0CB8FF', 'pre_carriage_by': '#3AB7D2', 'awb_bill_no': '#A61D8F', 'notify_party_name': '#265CDC', 'airport_of_destination': '#991093', 'final_destination': '#6721EF', 'net_weight': '#C5FD4B', 'signed_by_master': '#86368B', 'invoice_date': '#26BC8F', 'lc_date': '#5D563A', 'lc_no': '#EEAEC0', 'signed_by_carrier': '#C5B275', 'at_place': '#5A1E38', 'awb_bill_issue_date': '#B36254', 'signed_by_agent': '#6320A7', 'total_original_no': '#E07B21', 'flight_details': '#F65C99', 'carrier_address': '#E82E62', 'gross_quantity': '#B52931', 'transaction_date': '#120DFF', 'consignee_address': '#2BF8BA', 'O': '#D68E3A', 'shipper_address': '#723C7A', 'page_no': '#C88C26', 'goods_description': '#6BF0B0', 'freight_collect_or_prepaid': '#22D36E', 'agent_address': '#CE3CE9', 'stamp': '#F48333', 'consignee_name': '#699BCD', 'country_of_origin': '#D089A4', 'airport_of_departure': '#438C7A', 'carrier_name': '#EC1EB6', 'place_of_receipt': '#AF9067', 'agent_name': '#9D6CA8', 'master_name': '#4CBF74', 'stamped_onboard_date': '#586588', 'shipment_date': '#D50DDD', 'declared_value_of_custom': '#ED5611', 'declared_value_of_carriage': '#29B218', 'amount_insurance': '#7EF459', 'carriage_condition': '#F4B939'}
2024-03-26 15:08:46,093 is result_set is instance of dict? True
2024-03-26 15:08:46,095 is final_result_set is instance of dict? True
2024-03-26 15:08:46,237 Time taken for page 1 of Bill_Of_Landing_815_page_0.png:0:00:04.497017
2024-03-26 15:08:46,650 *****Generated All Pages****** for Bill_Of_Landing_815_page_0.png
2024-03-26 15:08:46,650 RAM memory 83.5 used for Bill_Of_Landing_815_page_0.png Generating All Pages:
2024-03-26 15:08:46,650 Processing time taken for all pages of Bill_Of_Landing_815_page_0.png1:0:00:04.910675
2024-03-26 15:08:46,774 file name is:Bill_Of_Landing_273_page_0.png
2024-03-26 15:08:46,774 folder path :Images
2024-03-26 15:08:46,774 Calling Image result
2024-03-26 15:08:46,774 is all_page_result is instance of dict? True
2024-03-26 15:08:46,775 STREAM b'IHDR' 16 13
2024-03-26 15:08:46,775 STREAM b'IDAT' 41 57869
2024-03-26 15:08:46,801 is words is instance of list? True
2024-03-26 15:08:46,801 is bboxes is instance of list? True
2024-03-26 15:08:46,801 is bounding_boxes is instance of list? True
2024-03-26 15:08:47,007 is input_id_chunks is instance of list? True
2024-03-26 15:08:47,007 is mask_chunks is instance of list? True
2024-03-26 15:08:47,007 is bbox_chunks is instance of list? True
2024-03-26 15:08:47,007 is image_chunks is instance of list? True
2024-03-26 15:08:47,007 is input_dict is instance of dict? True
2024-03-26 15:08:48,815 Model Called
2024-03-26 15:08:48,815 RAM memory 81.9 used for Bill_Of_Landing_273_page_0.png:
2024-03-26 15:08:48,815 is all_predictions is instance of list? True
2024-03-26 15:08:48,815 is all_boxes is instance of list? True
2024-03-26 15:08:48,815 is all_confidences is instance of list? True
2024-03-26 15:08:48,815 is all_text is instance of list? True
2024-03-26 15:08:48,816 is label2id is instance of dict? True
2024-03-26 15:08:48,816 is id2label is instance of dict? True
2024-03-26 15:08:48,816 is label2color is instance of dict? True
2024-03-26 15:08:48,816 label2color : {'signature': '#00FE02', 'gross_weight': '#B40998', 'freight_collected_at': '#38E7CD', 'shipper_name': '#15A297', 'notify_party_address': '#3FDEC5', 'awb_original_or_copy': '#D9E359', 'mode_of_transport': '#5C6FC3', 'flight_date': '#6D2218', 'measurement': '#74778B', 'good_marks': '#27DE1B', 'awb_original_number': '#9B7547', 'invoice_number': '#120F92', 'dimension': '#313A8C', 'pre_carriage_by': '#F4C3BB', 'awb_bill_no': '#E09AD5', 'notify_party_name': '#AC4058', 'airport_of_destination': '#065A7A', 'final_destination': '#4AC02D', 'net_weight': '#B94566', 'signed_by_master': '#791863', 'invoice_date': '#FEACB6', 'lc_date': '#CC2C25', 'lc_no': '#5F75A6', 'signed_by_carrier': '#96F669', 'at_place': '#0B0E8D', 'awb_bill_issue_date': '#26626F', 'signed_by_agent': '#897D16', 'total_original_no': '#E39BE8', 'flight_details': '#B1737F', 'carrier_address': '#E2B39E', 'gross_quantity': '#253780', 'transaction_date': '#217831', 'consignee_address': '#B790B7', 'O': '#B270D8', 'shipper_address': '#BEC9B6', 'page_no': '#0D476F', 'goods_description': '#93088C', 'freight_collect_or_prepaid': '#954074', 'agent_address': '#F371EF', 'stamp': '#B7CD42', 'consignee_name': '#7C6460', 'country_of_origin': '#97D292', 'airport_of_departure': '#FB0CE0', 'carrier_name': '#F2A052', 'place_of_receipt': '#03BC49', 'agent_name': '#08AB3E', 'master_name': '#CFED5C', 'stamped_onboard_date': '#B83D84', 'shipment_date': '#A020EE', 'declared_value_of_custom': '#A2213D', 'declared_value_of_carriage': '#954624', 'amount_insurance': '#DD66C5', 'carriage_condition': '#92E4BD'}
2024-03-26 15:08:49,002 is result_set is instance of dict? True
2024-03-26 15:08:49,003 is final_result_set is instance of dict? True
2024-03-26 15:08:49,175 Time taken for page 1 of Bill_Of_Landing_273_page_0.png:0:00:02.399490
2024-03-26 15:08:49,304 *****Generated All Pages****** for Bill_Of_Landing_273_page_0.png
2024-03-26 15:08:49,304 RAM memory 82.3 used for Bill_Of_Landing_273_page_0.png Generating All Pages:
2024-03-26 15:08:49,304 Processing time taken for all pages of Bill_Of_Landing_273_page_0.png1:0:00:02.529715
2024-03-26 15:08:49,430 file name is:Bill_Of_Landing_424_page_4.png
2024-03-26 15:08:49,430 folder path :Images
2024-03-26 15:08:49,431 Calling Image result
2024-03-26 15:08:49,431 is all_page_result is instance of dict? True
2024-03-26 15:08:49,431 STREAM b'IHDR' 16 13
2024-03-26 15:08:49,431 STREAM b'IDAT' 41 61880
2024-03-26 15:08:49,462 is words is instance of list? True
2024-03-26 15:08:49,462 is bboxes is instance of list? True
2024-03-26 15:08:49,462 is bounding_boxes is instance of list? True
2024-03-26 15:08:49,665 is input_id_chunks is instance of list? True
2024-03-26 15:08:49,665 is mask_chunks is instance of list? True
2024-03-26 15:08:49,665 is bbox_chunks is instance of list? True
2024-03-26 15:08:49,665 is image_chunks is instance of list? True
2024-03-26 15:08:49,665 is input_dict is instance of dict? True
2024-03-26 15:08:51,388 Model Called
2024-03-26 15:08:51,388 RAM memory 81.9 used for Bill_Of_Landing_424_page_4.png:
2024-03-26 15:08:51,388 is all_predictions is instance of list? True
2024-03-26 15:08:51,388 is all_boxes is instance of list? True
2024-03-26 15:08:51,388 is all_confidences is instance of list? True
2024-03-26 15:08:51,388 is all_text is instance of list? True
2024-03-26 15:08:51,389 is label2id is instance of dict? True
2024-03-26 15:08:51,389 is id2label is instance of dict? True
2024-03-26 15:08:51,389 is label2color is instance of dict? True
2024-03-26 15:08:51,389 label2color : {'signature': '#D7DF0E', 'gross_weight': '#3C7284', 'freight_collected_at': '#9EA293', 'shipper_name': '#AE94DF', 'notify_party_address': '#697CB8', 'awb_original_or_copy': '#DFC76F', 'mode_of_transport': '#63D582', 'flight_date': '#75E64E', 'measurement': '#DAC342', 'good_marks': '#E6760B', 'awb_original_number': '#106387', 'invoice_number': '#8EF156', 'dimension': '#9F7705', 'pre_carriage_by': '#19A124', 'awb_bill_no': '#3C9E9B', 'notify_party_name': '#C324F2', 'airport_of_destination': '#2857CE', 'final_destination': '#D9B404', 'net_weight': '#AF8A24', 'signed_by_master': '#289CE5', 'invoice_date': '#20D00B', 'lc_date': '#ADDD8A', 'lc_no': '#E095F1', 'signed_by_carrier': '#03D6A2', 'at_place': '#43EDC2', 'awb_bill_issue_date': '#95BF41', 'signed_by_agent': '#B38975', 'total_original_no': '#3E8DF8', 'flight_details': '#81EE9B', 'carrier_address': '#BB5417', 'gross_quantity': '#EB2B21', 'transaction_date': '#5E2209', 'consignee_address': '#E88FED', 'O': '#C2552C', 'shipper_address': '#E56C4D', 'page_no': '#6FF40F', 'goods_description': '#E10361', 'freight_collect_or_prepaid': '#6EE5EF', 'agent_address': '#FC7D14', 'stamp': '#42D92F', 'consignee_name': '#80EE31', 'country_of_origin': '#149B95', 'airport_of_departure': '#2109A4', 'carrier_name': '#CC2022', 'place_of_receipt': '#744165', 'agent_name': '#26F0BB', 'master_name': '#C6079B', 'stamped_onboard_date': '#047029', 'shipment_date': '#B55267', 'declared_value_of_custom': '#A3DB85', 'declared_value_of_carriage': '#BA6330', 'amount_insurance': '#92CA74', 'carriage_condition': '#01538A'}
2024-03-26 15:08:51,584 is result_set is instance of dict? True
2024-03-26 15:08:51,585 is final_result_set is instance of dict? True
2024-03-26 15:08:51,705 Time taken for page 1 of Bill_Of_Landing_424_page_4.png:0:00:02.273348
2024-03-26 15:08:51,820 *****Generated All Pages****** for Bill_Of_Landing_424_page_4.png
2024-03-26 15:08:51,821 RAM memory 81.9 used for Bill_Of_Landing_424_page_4.png Generating All Pages:
2024-03-26 15:08:51,821 Processing time taken for all pages of Bill_Of_Landing_424_page_4.png1:0:00:02.389923
2024-03-26 15:08:51,941 file name is:Bill_Of_Landing_429_page_0.png
2024-03-26 15:08:51,941 folder path :Images
2024-03-26 15:08:51,941 Calling Image result
2024-03-26 15:08:51,941 is all_page_result is instance of dict? True
2024-03-26 15:08:51,941 STREAM b'IHDR' 16 13
2024-03-26 15:08:51,941 STREAM b'IDAT' 41 65536
2024-03-26 15:08:51,967 is words is instance of list? True
2024-03-26 15:08:51,967 is bboxes is instance of list? True
2024-03-26 15:08:51,967 is bounding_boxes is instance of list? True
2024-03-26 15:08:52,179 is input_id_chunks is instance of list? True
2024-03-26 15:08:52,179 is mask_chunks is instance of list? True
2024-03-26 15:08:52,179 is bbox_chunks is instance of list? True
2024-03-26 15:08:52,179 is image_chunks is instance of list? True
2024-03-26 15:08:52,179 is input_dict is instance of dict? True
2024-03-26 15:08:53,872 Model Called
2024-03-26 15:08:53,872 RAM memory 81.8 used for Bill_Of_Landing_429_page_0.png:
2024-03-26 15:08:53,872 is all_predictions is instance of list? True
2024-03-26 15:08:53,872 is all_boxes is instance of list? True
2024-03-26 15:08:53,872 is all_confidences is instance of list? True
2024-03-26 15:08:53,872 is all_text is instance of list? True
2024-03-26 15:08:53,873 is label2id is instance of dict? True
2024-03-26 15:08:53,873 is id2label is instance of dict? True
2024-03-26 15:08:53,873 is label2color is instance of dict? True
2024-03-26 15:08:53,873 label2color : {'signature': '#97F929', 'gross_weight': '#955203', 'freight_collected_at': '#FC1655', 'shipper_name': '#9AB211', 'notify_party_address': '#61C913', 'awb_original_or_copy': '#564B16', 'mode_of_transport': '#C78BE0', 'flight_date': '#8763A8', 'measurement': '#A1E868', 'good_marks': '#D60C51', 'awb_original_number': '#1E8229', 'invoice_number': '#067ECA', 'dimension': '#E6C5B0', 'pre_carriage_by': '#4A0129', 'awb_bill_no': '#187B43', 'notify_party_name': '#7C381A', 'airport_of_destination': '#7DC563', 'final_destination': '#FBAFF9', 'net_weight': '#B78C81', 'signed_by_master': '#C95D5B', 'invoice_date': '#EADAE7', 'lc_date': '#3E300F', 'lc_no': '#C3E388', 'signed_by_carrier': '#F6ACBD', 'at_place': '#645A48', 'awb_bill_issue_date': '#98B49B', 'signed_by_agent': '#BD88C1', 'total_original_no': '#F46F94', 'flight_details': '#C30882', 'carrier_address': '#140ED1', 'gross_quantity': '#715FC0', 'transaction_date': '#18CEDC', 'consignee_address': '#EA7421', 'O': '#C07001', 'shipper_address': '#6D2835', 'page_no': '#14E99C', 'goods_description': '#22A9D8', 'freight_collect_or_prepaid': '#6143CC', 'agent_address': '#8DBFB1', 'stamp': '#570EDB', 'consignee_name': '#BBB3B2', 'country_of_origin': '#1DF731', 'airport_of_departure': '#1D9581', 'carrier_name': '#1CC779', 'place_of_receipt': '#5A4450', 'agent_name': '#6B4950', 'master_name': '#63767F', 'stamped_onboard_date': '#5A823C', 'shipment_date': '#A3AC33', 'declared_value_of_custom': '#AAE027', 'declared_value_of_carriage': '#06455E', 'amount_insurance': '#B829CF', 'carriage_condition': '#37BB20'}
2024-03-26 15:08:54,080 is result_set is instance of dict? True
2024-03-26 15:08:54,082 is final_result_set is instance of dict? True
2024-03-26 15:08:54,303 Time taken for page 1 of Bill_Of_Landing_429_page_0.png:0:00:02.361186
2024-03-26 15:08:54,430 *****Generated All Pages****** for Bill_Of_Landing_429_page_0.png
2024-03-26 15:08:54,430 RAM memory 82.1 used for Bill_Of_Landing_429_page_0.png Generating All Pages:
2024-03-26 15:08:54,430 Processing time taken for all pages of Bill_Of_Landing_429_page_0.png1:0:00:02.489183
2024-03-26 15:08:54,544 file name is:Bill_Of_Landing_562_page_6.png
2024-03-26 15:08:54,544 folder path :Images
2024-03-26 15:08:54,544 Calling Image result
2024-03-26 15:08:54,545 is all_page_result is instance of dict? True
2024-03-26 15:08:54,545 STREAM b'IHDR' 16 13
2024-03-26 15:08:54,545 STREAM b'IDAT' 41 63691
2024-03-26 15:08:54,571 is words is instance of list? True
2024-03-26 15:08:54,571 is bboxes is instance of list? True
2024-03-26 15:08:54,571 is bounding_boxes is instance of list? True
2024-03-26 15:08:54,775 is input_id_chunks is instance of list? True
2024-03-26 15:08:54,775 is mask_chunks is instance of list? True
2024-03-26 15:08:54,775 is bbox_chunks is instance of list? True
2024-03-26 15:08:54,775 is image_chunks is instance of list? True
2024-03-26 15:08:54,776 is input_dict is instance of dict? True
2024-03-26 15:08:56,504 Model Called
2024-03-26 15:08:56,505 RAM memory 81.9 used for Bill_Of_Landing_562_page_6.png:
2024-03-26 15:08:56,505 is all_predictions is instance of list? True
2024-03-26 15:08:56,505 is all_boxes is instance of list? True
2024-03-26 15:08:56,505 is all_confidences is instance of list? True
2024-03-26 15:08:56,505 is all_text is instance of list? True
2024-03-26 15:08:56,505 is label2id is instance of dict? True
2024-03-26 15:08:56,505 is id2label is instance of dict? True
2024-03-26 15:08:56,506 is label2color is instance of dict? True
2024-03-26 15:08:56,506 label2color : {'signature': '#9EC223', 'gross_weight': '#7D21EC', 'freight_collected_at': '#1EB209', 'shipper_name': '#8A6896', 'notify_party_address': '#C4ECEC', 'awb_original_or_copy': '#E05E6B', 'mode_of_transport': '#6475C2', 'flight_date': '#69C008', 'measurement': '#6363A1', 'good_marks': '#DE1413', 'awb_original_number': '#9B14A1', 'invoice_number': '#2CE50E', 'dimension': '#9D4225', 'pre_carriage_by': '#D84902', 'awb_bill_no': '#5C5F4D', 'notify_party_name': '#6305EE', 'airport_of_destination': '#C82BDA', 'final_destination': '#0F7A11', 'net_weight': '#7B7FD2', 'signed_by_master': '#14B271', 'invoice_date': '#AF30A1', 'lc_date': '#760FAD', 'lc_no': '#FE12A9', 'signed_by_carrier': '#9AB9A9', 'at_place': '#DAE928', 'awb_bill_issue_date': '#86FFB8', 'signed_by_agent': '#6BE137', 'total_original_no': '#D1BF0B', 'flight_details': '#A96970', 'carrier_address': '#1407F6', 'gross_quantity': '#9DC798', 'transaction_date': '#CD800C', 'consignee_address': '#450433', 'O': '#40F56D', 'shipper_address': '#D80CC4', 'page_no': '#7A251A', 'goods_description': '#5995BE', 'freight_collect_or_prepaid': '#D58777', 'agent_address': '#D7464B', 'stamp': '#B8BFD9', 'consignee_name': '#ACB891', 'country_of_origin': '#EF9FD7', 'airport_of_departure': '#9871AF', 'carrier_name': '#CEE575', 'place_of_receipt': '#E22114', 'agent_name': '#7208FA', 'master_name': '#09DC5D', 'stamped_onboard_date': '#F5803E', 'shipment_date': '#3A8C08', 'declared_value_of_custom': '#16A58A', 'declared_value_of_carriage': '#AE97A0', 'amount_insurance': '#8959DC', 'carriage_condition': '#0D04C4'}
2024-03-26 15:08:56,692 is result_set is instance of dict? True
2024-03-26 15:08:56,693 is final_result_set is instance of dict? True
2024-03-26 15:08:56,861 Time taken for page 1 of Bill_Of_Landing_562_page_6.png:0:00:02.316414
2024-03-26 15:08:56,981 *****Generated All Pages****** for Bill_Of_Landing_562_page_6.png
2024-03-26 15:08:56,982 RAM memory 82.0 used for Bill_Of_Landing_562_page_6.png Generating All Pages:
2024-03-26 15:08:56,982 Processing time taken for all pages of Bill_Of_Landing_562_page_6.png1:0:00:02.437202
2024-03-26 15:08:57,110 file name is:Bill_Of_Landing_357_page_0.png
2024-03-26 15:08:57,110 folder path :Images
2024-03-26 15:08:57,111 Calling Image result
2024-03-26 15:08:57,111 is all_page_result is instance of dict? True
2024-03-26 15:08:57,112 STREAM b'IHDR' 16 13
2024-03-26 15:08:57,112 STREAM b'IDAT' 41 65536
2024-03-26 15:08:57,140 is words is instance of list? True
2024-03-26 15:08:57,140 is bboxes is instance of list? True
2024-03-26 15:08:57,140 is bounding_boxes is instance of list? True
2024-03-26 15:08:57,366 is input_id_chunks is instance of list? True
2024-03-26 15:08:57,366 is mask_chunks is instance of list? True
2024-03-26 15:08:57,366 is bbox_chunks is instance of list? True
2024-03-26 15:08:57,366 is image_chunks is instance of list? True
2024-03-26 15:08:57,367 is input_dict is instance of dict? True
2024-03-26 15:08:59,225 Model Called
2024-03-26 15:08:59,225 RAM memory 82.2 used for Bill_Of_Landing_357_page_0.png:
2024-03-26 15:08:59,225 is all_predictions is instance of list? True
2024-03-26 15:08:59,225 is all_boxes is instance of list? True
2024-03-26 15:08:59,225 is all_confidences is instance of list? True
2024-03-26 15:08:59,225 is all_text is instance of list? True
2024-03-26 15:08:59,226 is label2id is instance of dict? True
2024-03-26 15:08:59,226 is id2label is instance of dict? True
2024-03-26 15:08:59,226 is label2color is instance of dict? True
2024-03-26 15:08:59,226 label2color : {'signature': '#9BA655', 'gross_weight': '#251153', 'freight_collected_at': '#ADF1C0', 'shipper_name': '#4D9A60', 'notify_party_address': '#B32062', 'awb_original_or_copy': '#15D504', 'mode_of_transport': '#C6A624', 'flight_date': '#0B9F59', 'measurement': '#62E875', 'good_marks': '#7502B1', 'awb_original_number': '#587A81', 'invoice_number': '#ED792C', 'dimension': '#5F8073', 'pre_carriage_by': '#F40755', 'awb_bill_no': '#05AFAE', 'notify_party_name': '#C91B7B', 'airport_of_destination': '#A9A84D', 'final_destination': '#D66654', 'net_weight': '#77C978', 'signed_by_master': '#64EABF', 'invoice_date': '#1DD36F', 'lc_date': '#09AD94', 'lc_no': '#5484C3', 'signed_by_carrier': '#F8FDA9', 'at_place': '#73B7B7', 'awb_bill_issue_date': '#6EB956', 'signed_by_agent': '#B3F07C', 'total_original_no': '#11977B', 'flight_details': '#D16214', 'carrier_address': '#32203E', 'gross_quantity': '#C13F90', 'transaction_date': '#0D6B43', 'consignee_address': '#A4D459', 'O': '#973B22', 'shipper_address': '#2F81D0', 'page_no': '#E2754E', 'goods_description': '#FD9C0D', 'freight_collect_or_prepaid': '#D5B271', 'agent_address': '#839639', 'stamp': '#E65BD7', 'consignee_name': '#A37625', 'country_of_origin': '#DAB8DB', 'airport_of_departure': '#22AF41', 'carrier_name': '#9AFF7E', 'place_of_receipt': '#4732CB', 'agent_name': '#F34883', 'master_name': '#93B6FE', 'stamped_onboard_date': '#14B455', 'shipment_date': '#387E4B', 'declared_value_of_custom': '#6E541D', 'declared_value_of_carriage': '#391392', 'amount_insurance': '#6F4821', 'carriage_condition': '#1C5238'}
2024-03-26 15:08:59,409 is result_set is instance of dict? True
2024-03-26 15:08:59,410 is final_result_set is instance of dict? True
2024-03-26 15:08:59,566 Time taken for page 1 of Bill_Of_Landing_357_page_0.png:0:00:02.454749
2024-03-26 15:08:59,693 *****Generated All Pages****** for Bill_Of_Landing_357_page_0.png
2024-03-26 15:08:59,693 RAM memory 81.9 used for Bill_Of_Landing_357_page_0.png Generating All Pages:
2024-03-26 15:08:59,693 Processing time taken for all pages of Bill_Of_Landing_357_page_0.png1:0:00:02.582425
2024-03-26 15:08:59,811 file name is:Bill_Of_Landing_816_page_0.png
2024-03-26 15:08:59,811 folder path :Images
2024-03-26 15:08:59,812 Calling Image result
2024-03-26 15:08:59,812 is all_page_result is instance of dict? True
2024-03-26 15:08:59,812 STREAM b'IHDR' 16 13
2024-03-26 15:08:59,812 STREAM b'IDAT' 41 55012
2024-03-26 15:08:59,839 is words is instance of list? True
2024-03-26 15:08:59,839 is bboxes is instance of list? True
2024-03-26 15:08:59,839 is bounding_boxes is instance of list? True
2024-03-26 15:09:00,034 is input_id_chunks is instance of list? True
2024-03-26 15:09:00,034 is mask_chunks is instance of list? True
2024-03-26 15:09:00,034 is bbox_chunks is instance of list? True
2024-03-26 15:09:00,034 is image_chunks is instance of list? True
2024-03-26 15:09:00,035 is input_dict is instance of dict? True
2024-03-26 15:09:01,741 Model Called
2024-03-26 15:09:01,741 RAM memory 82.1 used for Bill_Of_Landing_816_page_0.png:
2024-03-26 15:09:01,751 is all_predictions is instance of list? True
2024-03-26 15:09:01,751 is all_boxes is instance of list? True
2024-03-26 15:09:01,751 is all_confidences is instance of list? True
2024-03-26 15:09:01,751 is all_text is instance of list? True
2024-03-26 15:09:01,752 is label2id is instance of dict? True
2024-03-26 15:09:01,752 is id2label is instance of dict? True
2024-03-26 15:09:01,752 is label2color is instance of dict? True
2024-03-26 15:09:01,752 label2color : {'signature': '#2F0592', 'gross_weight': '#6A5343', 'freight_collected_at': '#9EBA26', 'shipper_name': '#EA33C0', 'notify_party_address': '#BB7DB7', 'awb_original_or_copy': '#7AD262', 'mode_of_transport': '#6EADDB', 'flight_date': '#428E8D', 'measurement': '#5A9377', 'good_marks': '#5137C5', 'awb_original_number': '#724FD2', 'invoice_number': '#922231', 'dimension': '#E76A5A', 'pre_carriage_by': '#639533', 'awb_bill_no': '#12DBE1', 'notify_party_name': '#B80D09', 'airport_of_destination': '#FE95EA', 'final_destination': '#D596E4', 'net_weight': '#D13E2F', 'signed_by_master': '#53642B', 'invoice_date': '#FC1784', 'lc_date': '#F8FA35', 'lc_no': '#728E01', 'signed_by_carrier': '#9CFD4B', 'at_place': '#11BBA8', 'awb_bill_issue_date': '#1959E7', 'signed_by_agent': '#B76B7F', 'total_original_no': '#BD3E19', 'flight_details': '#0386EC', 'carrier_address': '#B34916', 'gross_quantity': '#01C93E', 'transaction_date': '#37A84D', 'consignee_address': '#A6B91A', 'O': '#5F8DD8', 'shipper_address': '#9DF318', 'page_no': '#954F1E', 'goods_description': '#43E9BB', 'freight_collect_or_prepaid': '#D3E9F3', 'agent_address': '#5FAA1F', 'stamp': '#88C9C8', 'consignee_name': '#7B9928', 'country_of_origin': '#4A5062', 'airport_of_departure': '#6B2D55', 'carrier_name': '#4D95AB', 'place_of_receipt': '#357D8F', 'agent_name': '#0F63A7', 'master_name': '#033427', 'stamped_onboard_date': '#17D5E6', 'shipment_date': '#5FA801', 'declared_value_of_custom': '#13EC62', 'declared_value_of_carriage': '#0ABCD9', 'amount_insurance': '#0D1D70', 'carriage_condition': '#757CB1'}
2024-03-26 15:09:01,925 is result_set is instance of dict? True
2024-03-26 15:09:01,926 is final_result_set is instance of dict? True
2024-03-26 15:09:02,039 Time taken for page 1 of Bill_Of_Landing_816_page_0.png:0:00:02.227083
2024-03-26 15:09:02,153 *****Generated All Pages****** for Bill_Of_Landing_816_page_0.png
2024-03-26 15:09:02,153 RAM memory 82.1 used for Bill_Of_Landing_816_page_0.png Generating All Pages:
2024-03-26 15:09:02,153 Processing time taken for all pages of Bill_Of_Landing_816_page_0.png1:0:00:02.341611
2024-03-26 15:09:02,275 file name is:Bill_Of_Landing_562_page_5.png
2024-03-26 15:09:02,275 folder path :Images
2024-03-26 15:09:02,275 Calling Image result
2024-03-26 15:09:02,275 is all_page_result is instance of dict? True
2024-03-26 15:09:02,276 STREAM b'IHDR' 16 13
2024-03-26 15:09:02,276 STREAM b'IDAT' 41 63729
2024-03-26 15:09:02,302 is words is instance of list? True
2024-03-26 15:09:02,302 is bboxes is instance of list? True
2024-03-26 15:09:02,302 is bounding_boxes is instance of list? True
2024-03-26 15:09:02,499 is input_id_chunks is instance of list? True
2024-03-26 15:09:02,499 is mask_chunks is instance of list? True
2024-03-26 15:09:02,499 is bbox_chunks is instance of list? True
2024-03-26 15:09:02,499 is image_chunks is instance of list? True
2024-03-26 15:09:02,500 is input_dict is instance of dict? True
2024-03-26 15:09:04,268 Model Called
2024-03-26 15:09:04,269 RAM memory 81.8 used for Bill_Of_Landing_562_page_5.png:
2024-03-26 15:09:04,269 is all_predictions is instance of list? True
2024-03-26 15:09:04,269 is all_boxes is instance of list? True
2024-03-26 15:09:04,269 is all_confidences is instance of list? True
2024-03-26 15:09:04,269 is all_text is instance of list? True
2024-03-26 15:09:04,269 is label2id is instance of dict? True
2024-03-26 15:09:04,269 is id2label is instance of dict? True
2024-03-26 15:09:04,269 is label2color is instance of dict? True
2024-03-26 15:09:04,270 label2color : {'signature': '#42C4C8', 'gross_weight': '#B24062', 'freight_collected_at': '#6D1D18', 'shipper_name': '#81E52D', 'notify_party_address': '#81FE72', 'awb_original_or_copy': '#F40F68', 'mode_of_transport': '#EB71F2', 'flight_date': '#AE94EE', 'measurement': '#D1DDF8', 'good_marks': '#BB0DBC', 'awb_original_number': '#59153D', 'invoice_number': '#A9470F', 'dimension': '#D0F286', 'pre_carriage_by': '#1E3162', 'awb_bill_no': '#7C0CCE', 'notify_party_name': '#7470F5', 'airport_of_destination': '#CB28FE', 'final_destination': '#371CB6', 'net_weight': '#F8DE7D', 'signed_by_master': '#A140DB', 'invoice_date': '#16DC7C', 'lc_date': '#4E0FF0', 'lc_no': '#7B6964', 'signed_by_carrier': '#60D86A', 'at_place': '#C4B40A', 'awb_bill_issue_date': '#80C7C3', 'signed_by_agent': '#DF0BB5', 'total_original_no': '#F63CA3', 'flight_details': '#99573D', 'carrier_address': '#FD097E', 'gross_quantity': '#A10D06', 'transaction_date': '#6EFC45', 'consignee_address': '#2EA55E', 'O': '#98C348', 'shipper_address': '#32B33D', 'page_no': '#BA1E74', 'goods_description': '#79794B', 'freight_collect_or_prepaid': '#B3D7EA', 'agent_address': '#F91B3D', 'stamp': '#ED13E9', 'consignee_name': '#EB18F3', 'country_of_origin': '#610FBA', 'airport_of_departure': '#EC1F6E', 'carrier_name': '#D8DE59', 'place_of_receipt': '#B160D2', 'agent_name': '#2763FE', 'master_name': '#3821EC', 'stamped_onboard_date': '#6C9CA6', 'shipment_date': '#17BF39', 'declared_value_of_custom': '#796E0A', 'declared_value_of_carriage': '#D2F6A1', 'amount_insurance': '#F50767', 'carriage_condition': '#FA476F'}
2024-03-26 15:09:04,452 is result_set is instance of dict? True
2024-03-26 15:09:04,453 is final_result_set is instance of dict? True
2024-03-26 15:09:04,607 Time taken for page 1 of Bill_Of_Landing_562_page_5.png:0:00:02.331390
2024-03-26 15:09:04,727 *****Generated All Pages****** for Bill_Of_Landing_562_page_5.png
2024-03-26 15:09:04,727 RAM memory 82.0 used for Bill_Of_Landing_562_page_5.png Generating All Pages:
2024-03-26 15:09:04,727 Processing time taken for all pages of Bill_Of_Landing_562_page_5.png1:0:00:02.451508
2024-03-26 15:09:04,837 file name is:Bill_Of_Landing_486_page_1.png
2024-03-26 15:09:04,837 folder path :Images
2024-03-26 15:09:04,837 Calling Image result
2024-03-26 15:09:04,837 is all_page_result is instance of dict? True
2024-03-26 15:09:04,837 STREAM b'IHDR' 16 13
2024-03-26 15:09:04,837 STREAM b'IDAT' 41 65536
2024-03-26 15:09:04,863 is words is instance of list? True
2024-03-26 15:09:04,863 is bboxes is instance of list? True
2024-03-26 15:09:04,863 is bounding_boxes is instance of list? True
2024-03-26 15:09:05,070 is input_id_chunks is instance of list? True
2024-03-26 15:09:05,070 is mask_chunks is instance of list? True
2024-03-26 15:09:05,070 is bbox_chunks is instance of list? True
2024-03-26 15:09:05,070 is image_chunks is instance of list? True
2024-03-26 15:09:05,071 is input_dict is instance of dict? True
2024-03-26 15:09:08,103 Model Called
2024-03-26 15:09:08,104 RAM memory 88.8 used for Bill_Of_Landing_486_page_1.png:
2024-03-26 15:09:08,104 is all_predictions is instance of list? True
2024-03-26 15:09:08,104 is all_boxes is instance of list? True
2024-03-26 15:09:08,104 is all_confidences is instance of list? True
2024-03-26 15:09:08,104 is all_text is instance of list? True
2024-03-26 15:09:08,104 is label2id is instance of dict? True
2024-03-26 15:09:08,104 is id2label is instance of dict? True
2024-03-26 15:09:08,106 is label2color is instance of dict? True
2024-03-26 15:09:08,106 label2color : {'signature': '#3FB626', 'gross_weight': '#D97E4C', 'freight_collected_at': '#A90624', 'shipper_name': '#3BF348', 'notify_party_address': '#792444', 'awb_original_or_copy': '#B7E788', 'mode_of_transport': '#486774', 'flight_date': '#68F12D', 'measurement': '#0693A1', 'good_marks': '#866473', 'awb_original_number': '#3B4EE1', 'invoice_number': '#9347B5', 'dimension': '#543BF7', 'pre_carriage_by': '#AA0630', 'awb_bill_no': '#623FAD', 'notify_party_name': '#335D3E', 'airport_of_destination': '#A601AB', 'final_destination': '#8B232C', 'net_weight': '#664F02', 'signed_by_master': '#E06B61', 'invoice_date': '#5CAEFA', 'lc_date': '#944809', 'lc_no': '#AD10E5', 'signed_by_carrier': '#4D2ED6', 'at_place': '#B343B9', 'awb_bill_issue_date': '#090CFB', 'signed_by_agent': '#5F4E72', 'total_original_no': '#2A6354', 'flight_details': '#810C4D', 'carrier_address': '#AFD583', 'gross_quantity': '#976425', 'transaction_date': '#F5D832', 'consignee_address': '#3BA9D0', 'O': '#2AE4A1', 'shipper_address': '#401778', 'page_no': '#EFA9FF', 'goods_description': '#9285F1', 'freight_collect_or_prepaid': '#8BFBA0', 'agent_address': '#B16903', 'stamp': '#F177BA', 'consignee_name': '#CFB5B7', 'country_of_origin': '#6ECA2F', 'airport_of_departure': '#42B45E', 'carrier_name': '#4D0062', 'place_of_receipt': '#9CBAD3', 'agent_name': '#60607F', 'master_name': '#D570CE', 'stamped_onboard_date': '#D76E11', 'shipment_date': '#E61217', 'declared_value_of_custom': '#0C45CC', 'declared_value_of_carriage': '#35011B', 'amount_insurance': '#7180B0', 'carriage_condition': '#D7A488'}
2024-03-26 15:09:08,348 is result_set is instance of dict? True
2024-03-26 15:09:08,351 is final_result_set is instance of dict? True
2024-03-26 15:09:08,603 Time taken for page 1 of Bill_Of_Landing_486_page_1.png:0:00:03.765339
2024-03-26 15:09:08,739 *****Generated All Pages****** for Bill_Of_Landing_486_page_1.png
2024-03-26 15:09:08,739 RAM memory 88.9 used for Bill_Of_Landing_486_page_1.png Generating All Pages:
2024-03-26 15:09:08,739 Processing time taken for all pages of Bill_Of_Landing_486_page_1.png1:0:00:03.902684
2024-03-26 15:09:08,889 file name is:Bill_Of_Landing_578_page_1.png
2024-03-26 15:09:08,889 folder path :Images
2024-03-26 15:09:08,889 Calling Image result
2024-03-26 15:09:08,889 is all_page_result is instance of dict? True
2024-03-26 15:09:08,900 STREAM b'IHDR' 16 13
2024-03-26 15:09:08,900 STREAM b'IDAT' 41 60137
2024-03-26 15:09:08,925 is words is instance of list? True
2024-03-26 15:09:08,925 is bboxes is instance of list? True
2024-03-26 15:09:08,925 is bounding_boxes is instance of list? True
2024-03-26 15:09:09,118 is input_id_chunks is instance of list? True
2024-03-26 15:09:09,118 is mask_chunks is instance of list? True
2024-03-26 15:09:09,118 is bbox_chunks is instance of list? True
2024-03-26 15:09:09,119 is image_chunks is instance of list? True
2024-03-26 15:09:09,119 is input_dict is instance of dict? True
2024-03-26 15:09:10,838 Model Called
2024-03-26 15:09:10,838 RAM memory 81.6 used for Bill_Of_Landing_578_page_1.png:
2024-03-26 15:09:10,838 is all_predictions is instance of list? True
2024-03-26 15:09:10,838 is all_boxes is instance of list? True
2024-03-26 15:09:10,838 is all_confidences is instance of list? True
2024-03-26 15:09:10,838 is all_text is instance of list? True
2024-03-26 15:09:10,839 is label2id is instance of dict? True
2024-03-26 15:09:10,839 is id2label is instance of dict? True
2024-03-26 15:09:10,839 is label2color is instance of dict? True
2024-03-26 15:09:10,839 label2color : {'signature': '#850216', 'gross_weight': '#F90D8E', 'freight_collected_at': '#7986FC', 'shipper_name': '#2ED0EB', 'notify_party_address': '#B9925B', 'awb_original_or_copy': '#A9338E', 'mode_of_transport': '#D1F553', 'flight_date': '#0388C1', 'measurement': '#7D3896', 'good_marks': '#6CC29D', 'awb_original_number': '#82A51A', 'invoice_number': '#E039C0', 'dimension': '#E08391', 'pre_carriage_by': '#104403', 'awb_bill_no': '#4BB5A3', 'notify_party_name': '#EF3E30', 'airport_of_destination': '#6044D7', 'final_destination': '#5FA17A', 'net_weight': '#5DBFF0', 'signed_by_master': '#A0C124', 'invoice_date': '#91CB00', 'lc_date': '#CE6E33', 'lc_no': '#D6B20A', 'signed_by_carrier': '#5C62BA', 'at_place': '#B0E8E7', 'awb_bill_issue_date': '#F3EFB0', 'signed_by_agent': '#87AB71', 'total_original_no': '#52B155', 'flight_details': '#7BD558', 'carrier_address': '#392D81', 'gross_quantity': '#E4AE59', 'transaction_date': '#FC6364', 'consignee_address': '#B78EA1', 'O': '#8B38EF', 'shipper_address': '#1E6661', 'page_no': '#D37A41', 'goods_description': '#6BD484', 'freight_collect_or_prepaid': '#055A6A', 'agent_address': '#72D73B', 'stamp': '#3FB2FB', 'consignee_name': '#DDE06B', 'country_of_origin': '#07258A', 'airport_of_departure': '#19175B', 'carrier_name': '#B6A120', 'place_of_receipt': '#38BBCB', 'agent_name': '#CDD59E', 'master_name': '#771BC5', 'stamped_onboard_date': '#6FC856', 'shipment_date': '#B652BE', 'declared_value_of_custom': '#337149', 'declared_value_of_carriage': '#4D937B', 'amount_insurance': '#E190BB', 'carriage_condition': '#E10322'}
2024-03-26 15:09:11,021 is result_set is instance of dict? True
2024-03-26 15:09:11,022 is final_result_set is instance of dict? True
2024-03-26 15:09:11,200 Time taken for page 1 of Bill_Of_Landing_578_page_1.png:0:00:02.300246
2024-03-26 15:09:11,323 *****Generated All Pages****** for Bill_Of_Landing_578_page_1.png
2024-03-26 15:09:11,323 RAM memory 81.7 used for Bill_Of_Landing_578_page_1.png Generating All Pages:
2024-03-26 15:09:11,323 Processing time taken for all pages of Bill_Of_Landing_578_page_1.png1:0:00:02.433927
2024-03-26 15:09:11,438 file name is:Bill_Of_Landing_562_page_23.png
2024-03-26 15:09:11,438 folder path :Images
2024-03-26 15:09:11,438 Calling Image result
2024-03-26 15:09:11,438 is all_page_result is instance of dict? True
2024-03-26 15:09:11,439 STREAM b'IHDR' 16 13
2024-03-26 15:09:11,439 STREAM b'IDAT' 41 65536
2024-03-26 15:09:11,466 is words is instance of list? True
2024-03-26 15:09:11,466 is bboxes is instance of list? True
2024-03-26 15:09:11,466 is bounding_boxes is instance of list? True
2024-03-26 15:09:11,659 is input_id_chunks is instance of list? True
2024-03-26 15:09:11,659 is mask_chunks is instance of list? True
2024-03-26 15:09:11,659 is bbox_chunks is instance of list? True
2024-03-26 15:09:11,659 is image_chunks is instance of list? True
2024-03-26 15:09:11,660 is input_dict is instance of dict? True
2024-03-26 15:09:13,387 Model Called
2024-03-26 15:09:13,388 RAM memory 82.2 used for Bill_Of_Landing_562_page_23.png:
2024-03-26 15:09:13,388 is all_predictions is instance of list? True
2024-03-26 15:09:13,388 is all_boxes is instance of list? True
2024-03-26 15:09:13,388 is all_confidences is instance of list? True
2024-03-26 15:09:13,388 is all_text is instance of list? True
2024-03-26 15:09:13,388 is label2id is instance of dict? True
2024-03-26 15:09:13,388 is id2label is instance of dict? True
2024-03-26 15:09:13,389 is label2color is instance of dict? True
2024-03-26 15:09:13,389 label2color : {'signature': '#A6F267', 'gross_weight': '#4DED09', 'freight_collected_at': '#78C541', 'shipper_name': '#E58823', 'notify_party_address': '#9FAF00', 'awb_original_or_copy': '#FFA5BC', 'mode_of_transport': '#69906F', 'flight_date': '#C7E776', 'measurement': '#7EB981', 'good_marks': '#65DDD2', 'awb_original_number': '#F8AF10', 'invoice_number': '#E6E78F', 'dimension': '#832962', 'pre_carriage_by': '#156B5C', 'awb_bill_no': '#A03B78', 'notify_party_name': '#E6DF8C', 'airport_of_destination': '#6FA32D', 'final_destination': '#65B89C', 'net_weight': '#6EC0BA', 'signed_by_master': '#F8FEAD', 'invoice_date': '#DE3A9B', 'lc_date': '#66E9B9', 'lc_no': '#892272', 'signed_by_carrier': '#7D9608', 'at_place': '#7A54D5', 'awb_bill_issue_date': '#EA9ED8', 'signed_by_agent': '#64936F', 'total_original_no': '#514635', 'flight_details': '#C2AEF2', 'carrier_address': '#253053', 'gross_quantity': '#C44691', 'transaction_date': '#F5F521', 'consignee_address': '#4F9243', 'O': '#1D0089', 'shipper_address': '#8F0152', 'page_no': '#1A2CEE', 'goods_description': '#4DD793', 'freight_collect_or_prepaid': '#527BA8', 'agent_address': '#E55E18', 'stamp': '#EAF61E', 'consignee_name': '#5886D6', 'country_of_origin': '#E29796', 'airport_of_departure': '#07B80A', 'carrier_name': '#9C01AB', 'place_of_receipt': '#A614FD', 'agent_name': '#EE570B', 'master_name': '#DEC419', 'stamped_onboard_date': '#158905', 'shipment_date': '#56ABB1', 'declared_value_of_custom': '#F08CA6', 'declared_value_of_carriage': '#50F320', 'amount_insurance': '#63E673', 'carriage_condition': '#1FB71C'}
2024-03-26 15:09:13,571 is result_set is instance of dict? True
2024-03-26 15:09:13,572 is final_result_set is instance of dict? True
2024-03-26 15:09:13,718 Time taken for page 1 of Bill_Of_Landing_562_page_23.png:0:00:02.279686
2024-03-26 15:09:13,840 *****Generated All Pages****** for Bill_Of_Landing_562_page_23.png
2024-03-26 15:09:13,840 RAM memory 82.3 used for Bill_Of_Landing_562_page_23.png Generating All Pages:
2024-03-26 15:09:13,840 Processing time taken for all pages of Bill_Of_Landing_562_page_23.png1:0:00:02.402189
2024-03-26 15:09:13,958 file name is:Bill_Of_Landing_511_page_5.png
2024-03-26 15:09:13,958 folder path :Images
2024-03-26 15:09:13,958 Calling Image result
2024-03-26 15:09:13,958 is all_page_result is instance of dict? True
2024-03-26 15:09:13,962 STREAM b'IHDR' 16 13
2024-03-26 15:09:13,962 STREAM b'IDAT' 41 65536
2024-03-26 15:09:13,992 is words is instance of list? True
2024-03-26 15:09:13,992 is bboxes is instance of list? True
2024-03-26 15:09:13,992 is bounding_boxes is instance of list? True
2024-03-26 15:09:14,190 is input_id_chunks is instance of list? True
2024-03-26 15:09:14,190 is mask_chunks is instance of list? True
2024-03-26 15:09:14,190 is bbox_chunks is instance of list? True
2024-03-26 15:09:14,190 is image_chunks is instance of list? True
2024-03-26 15:09:14,190 is input_dict is instance of dict? True
2024-03-26 15:09:15,949 Model Called
2024-03-26 15:09:15,950 RAM memory 82.3 used for Bill_Of_Landing_511_page_5.png:
2024-03-26 15:09:15,950 is all_predictions is instance of list? True
2024-03-26 15:09:15,950 is all_boxes is instance of list? True
2024-03-26 15:09:15,950 is all_confidences is instance of list? True
2024-03-26 15:09:15,950 is all_text is instance of list? True
2024-03-26 15:09:15,950 is label2id is instance of dict? True
2024-03-26 15:09:15,950 is id2label is instance of dict? True
2024-03-26 15:09:15,951 is label2color is instance of dict? True
2024-03-26 15:09:15,951 label2color : {'signature': '#014AD0', 'gross_weight': '#644BE4', 'freight_collected_at': '#5F4E19', 'shipper_name': '#920064', 'notify_party_address': '#6ACE13', 'awb_original_or_copy': '#C8D104', 'mode_of_transport': '#31017F', 'flight_date': '#EC4D37', 'measurement': '#54ADC0', 'good_marks': '#EB2B64', 'awb_original_number': '#BE12E2', 'invoice_number': '#67E0AF', 'dimension': '#9EEE17', 'pre_carriage_by': '#DA76F6', 'awb_bill_no': '#89C200', 'notify_party_name': '#74F94B', 'airport_of_destination': '#41D371', 'final_destination': '#BD7B0F', 'net_weight': '#929AFF', 'signed_by_master': '#3F0740', 'invoice_date': '#DFDC27', 'lc_date': '#F5A9D2', 'lc_no': '#82F4ED', 'signed_by_carrier': '#304B15', 'at_place': '#D384F0', 'awb_bill_issue_date': '#7C0D1D', 'signed_by_agent': '#0A5FA6', 'total_original_no': '#CBD0D4', 'flight_details': '#DDB830', 'carrier_address': '#EB82F4', 'gross_quantity': '#D5A957', 'transaction_date': '#97CAB5', 'consignee_address': '#F66A43', 'O': '#1E959A', 'shipper_address': '#079283', 'page_no': '#EBDAEA', 'goods_description': '#F36115', 'freight_collect_or_prepaid': '#1B56D2', 'agent_address': '#CD70B3', 'stamp': '#1DF309', 'consignee_name': '#AFDEB5', 'country_of_origin': '#3DE54A', 'airport_of_departure': '#E6DD24', 'carrier_name': '#5357A0', 'place_of_receipt': '#5B683D', 'agent_name': '#36C70B', 'master_name': '#6EE0D0', 'stamped_onboard_date': '#AE0987', 'shipment_date': '#DC60B2', 'declared_value_of_custom': '#6EFD95', 'declared_value_of_carriage': '#10AFCA', 'amount_insurance': '#AA3D07', 'carriage_condition': '#E55F53'}
2024-03-26 15:09:16,140 is result_set is instance of dict? True
2024-03-26 15:09:16,142 is final_result_set is instance of dict? True
2024-03-26 15:09:16,355 Time taken for page 1 of Bill_Of_Landing_511_page_5.png:0:00:02.393082
2024-03-26 15:09:16,484 *****Generated All Pages****** for Bill_Of_Landing_511_page_5.png
2024-03-26 15:09:16,484 RAM memory 82.5 used for Bill_Of_Landing_511_page_5.png Generating All Pages:
2024-03-26 15:09:16,484 Processing time taken for all pages of Bill_Of_Landing_511_page_5.png1:0:00:02.525444
2024-03-26 15:09:16,604 file name is:Bill_Of_Landing_609_page_0.png
2024-03-26 15:09:16,604 folder path :Images
2024-03-26 15:09:16,604 Calling Image result
2024-03-26 15:09:16,604 is all_page_result is instance of dict? True
2024-03-26 15:09:16,605 STREAM b'IHDR' 16 13
2024-03-26 15:09:16,605 STREAM b'IDAT' 41 65536
2024-03-26 15:09:16,635 is words is instance of list? True
2024-03-26 15:09:16,635 is bboxes is instance of list? True
2024-03-26 15:09:16,635 is bounding_boxes is instance of list? True
2024-03-26 15:09:16,847 is input_id_chunks is instance of list? True
2024-03-26 15:09:16,847 is mask_chunks is instance of list? True
2024-03-26 15:09:16,847 is bbox_chunks is instance of list? True
2024-03-26 15:09:16,847 is image_chunks is instance of list? True
2024-03-26 15:09:16,848 is input_dict is instance of dict? True
2024-03-26 15:09:19,634 Model Called
2024-03-26 15:09:19,635 RAM memory 89.0 used for Bill_Of_Landing_609_page_0.png:
2024-03-26 15:09:19,635 is all_predictions is instance of list? True
2024-03-26 15:09:19,635 is all_boxes is instance of list? True
2024-03-26 15:09:19,635 is all_confidences is instance of list? True
2024-03-26 15:09:19,635 is all_text is instance of list? True
2024-03-26 15:09:19,635 is label2id is instance of dict? True
2024-03-26 15:09:19,635 is id2label is instance of dict? True
2024-03-26 15:09:19,636 is label2color is instance of dict? True
2024-03-26 15:09:19,636 label2color : {'signature': '#E8BA71', 'gross_weight': '#20BB53', 'freight_collected_at': '#8A2E40', 'shipper_name': '#C7A3BE', 'notify_party_address': '#10F420', 'awb_original_or_copy': '#127BA2', 'mode_of_transport': '#93E07B', 'flight_date': '#7B5452', 'measurement': '#908475', 'good_marks': '#F8928F', 'awb_original_number': '#68A130', 'invoice_number': '#A2879D', 'dimension': '#89618E', 'pre_carriage_by': '#8BE948', 'awb_bill_no': '#2620D2', 'notify_party_name': '#0EFAE9', 'airport_of_destination': '#9F6326', 'final_destination': '#D0E668', 'net_weight': '#A0CCBE', 'signed_by_master': '#F3F3EE', 'invoice_date': '#B00448', 'lc_date': '#D2D00B', 'lc_no': '#EC49E0', 'signed_by_carrier': '#7CA90F', 'at_place': '#928D44', 'awb_bill_issue_date': '#C988B1', 'signed_by_agent': '#5F7DFB', 'total_original_no': '#8728E5', 'flight_details': '#96911C', 'carrier_address': '#D42085', 'gross_quantity': '#BB5981', 'transaction_date': '#1E7BCD', 'consignee_address': '#0ABA42', 'O': '#CF7B0C', 'shipper_address': '#D8CC0A', 'page_no': '#CB2B37', 'goods_description': '#D2615A', 'freight_collect_or_prepaid': '#206EAA', 'agent_address': '#3892CB', 'stamp': '#B21947', 'consignee_name': '#B28E67', 'country_of_origin': '#AB1569', 'airport_of_departure': '#8D0606', 'carrier_name': '#601BAB', 'place_of_receipt': '#05F954', 'agent_name': '#1261FB', 'master_name': '#0987DF', 'stamped_onboard_date': '#5E0625', 'shipment_date': '#E6A21C', 'declared_value_of_custom': '#7B7E47', 'declared_value_of_carriage': '#BBC830', 'amount_insurance': '#6E408E', 'carriage_condition': '#34ED79'}
2024-03-26 15:09:19,890 is result_set is instance of dict? True
2024-03-26 15:09:19,892 is final_result_set is instance of dict? True
2024-03-26 15:09:20,067 Time taken for page 1 of Bill_Of_Landing_609_page_0.png:0:00:03.461556
2024-03-26 15:09:20,193 *****Generated All Pages****** for Bill_Of_Landing_609_page_0.png
2024-03-26 15:09:20,193 RAM memory 89.2 used for Bill_Of_Landing_609_page_0.png Generating All Pages:
2024-03-26 15:09:20,193 Processing time taken for all pages of Bill_Of_Landing_609_page_0.png1:0:00:03.588425
2024-03-26 15:09:20,325 file name is:Bill_Of_Landing_562_page_3.png
2024-03-26 15:09:20,326 folder path :Images
2024-03-26 15:09:20,326 Calling Image result
2024-03-26 15:09:20,326 is all_page_result is instance of dict? True
2024-03-26 15:09:20,326 STREAM b'IHDR' 16 13
2024-03-26 15:09:20,326 STREAM b'IDAT' 41 59926
2024-03-26 15:09:20,353 is words is instance of list? True
2024-03-26 15:09:20,353 is bboxes is instance of list? True
2024-03-26 15:09:20,353 is bounding_boxes is instance of list? True
2024-03-26 15:09:20,548 is input_id_chunks is instance of list? True
2024-03-26 15:09:20,548 is mask_chunks is instance of list? True
2024-03-26 15:09:20,548 is bbox_chunks is instance of list? True
2024-03-26 15:09:20,548 is image_chunks is instance of list? True
2024-03-26 15:09:20,549 is input_dict is instance of dict? True
2024-03-26 15:09:22,295 Model Called
2024-03-26 15:09:22,296 RAM memory 85.8 used for Bill_Of_Landing_562_page_3.png:
2024-03-26 15:09:22,296 is all_predictions is instance of list? True
2024-03-26 15:09:22,296 is all_boxes is instance of list? True
2024-03-26 15:09:22,296 is all_confidences is instance of list? True
2024-03-26 15:09:22,296 is all_text is instance of list? True
2024-03-26 15:09:22,296 is label2id is instance of dict? True
2024-03-26 15:09:22,296 is id2label is instance of dict? True
2024-03-26 15:09:22,297 is label2color is instance of dict? True
2024-03-26 15:09:22,297 label2color : {'signature': '#7679DC', 'gross_weight': '#A3F357', 'freight_collected_at': '#6754E3', 'shipper_name': '#38CE00', 'notify_party_address': '#6AEFC3', 'awb_original_or_copy': '#781EBF', 'mode_of_transport': '#19CC26', 'flight_date': '#E0EAD3', 'measurement': '#DFE573', 'good_marks': '#A54681', 'awb_original_number': '#018786', 'invoice_number': '#A6B05F', 'dimension': '#4F3A91', 'pre_carriage_by': '#12941C', 'awb_bill_no': '#88FC1C', 'notify_party_name': '#298111', 'airport_of_destination': '#68237D', 'final_destination': '#018C00', 'net_weight': '#FF5F74', 'signed_by_master': '#4B77F9', 'invoice_date': '#5C7606', 'lc_date': '#538B6C', 'lc_no': '#C6FA51', 'signed_by_carrier': '#ABB15D', 'at_place': '#A7A085', 'awb_bill_issue_date': '#644992', 'signed_by_agent': '#DEA2A1', 'total_original_no': '#9D5E83', 'flight_details': '#6BA09F', 'carrier_address': '#CA37F0', 'gross_quantity': '#2B92C4', 'transaction_date': '#8CABAC', 'consignee_address': '#416B7B', 'O': '#07DE05', 'shipper_address': '#69633F', 'page_no': '#F7C7D8', 'goods_description': '#21440C', 'freight_collect_or_prepaid': '#7F0FC2', 'agent_address': '#8083C0', 'stamp': '#BA8604', 'consignee_name': '#8C2260', 'country_of_origin': '#C76FA8', 'airport_of_departure': '#8A7D49', 'carrier_name': '#1D3630', 'place_of_receipt': '#B8BEB5', 'agent_name': '#6F74F9', 'master_name': '#D635F0', 'stamped_onboard_date': '#5EDB98', 'shipment_date': '#DB5DBE', 'declared_value_of_custom': '#FB87F8', 'declared_value_of_carriage': '#E7272D', 'amount_insurance': '#6FCB78', 'carriage_condition': '#523267'}
2024-03-26 15:09:22,477 is result_set is instance of dict? True
2024-03-26 15:09:22,478 is final_result_set is instance of dict? True
2024-03-26 15:09:22,632 Time taken for page 1 of Bill_Of_Landing_562_page_3.png:0:00:02.305619
2024-03-26 15:09:22,752 *****Generated All Pages****** for Bill_Of_Landing_562_page_3.png
2024-03-26 15:09:22,752 RAM memory 85.8 used for Bill_Of_Landing_562_page_3.png Generating All Pages:
2024-03-26 15:09:22,752 Processing time taken for all pages of Bill_Of_Landing_562_page_3.png1:0:00:02.426645
2024-03-26 15:09:22,883 file name is:Bill_Of_Landing_815_page_1.png
2024-03-26 15:09:22,883 folder path :Images
2024-03-26 15:09:22,883 Calling Image result
2024-03-26 15:09:22,883 is all_page_result is instance of dict? True
2024-03-26 15:09:22,894 STREAM b'IHDR' 16 13
2024-03-26 15:09:22,894 STREAM b'IDAT' 41 65536
2024-03-26 15:09:22,993 is words is instance of list? True
2024-03-26 15:09:22,993 is bboxes is instance of list? True
2024-03-26 15:09:22,993 is bounding_boxes is instance of list? True
2024-03-26 15:09:24,277 is input_id_chunks is instance of list? True
2024-03-26 15:09:24,277 is mask_chunks is instance of list? True
2024-03-26 15:09:24,277 is bbox_chunks is instance of list? True
2024-03-26 15:09:24,277 is image_chunks is instance of list? True
2024-03-26 15:09:24,277 is input_dict is instance of dict? True
2024-03-26 15:09:26,055 Model Called
2024-03-26 15:09:26,055 RAM memory 83.5 used for Bill_Of_Landing_815_page_1.png:
2024-03-26 15:09:26,055 is all_predictions is instance of list? True
2024-03-26 15:09:26,055 is all_boxes is instance of list? True
2024-03-26 15:09:26,055 is all_confidences is instance of list? True
2024-03-26 15:09:26,055 is all_text is instance of list? True
2024-03-26 15:09:26,055 is label2id is instance of dict? True
2024-03-26 15:09:26,055 is id2label is instance of dict? True
2024-03-26 15:09:26,056 is label2color is instance of dict? True
2024-03-26 15:09:26,056 label2color : {'signature': '#855BF7', 'gross_weight': '#A5A75D', 'freight_collected_at': '#321223', 'shipper_name': '#755E03', 'notify_party_address': '#516A41', 'awb_original_or_copy': '#AC7C82', 'mode_of_transport': '#DB8BB8', 'flight_date': '#8DBA45', 'measurement': '#1FFAD0', 'good_marks': '#59175A', 'awb_original_number': '#90235B', 'invoice_number': '#232699', 'dimension': '#B6766E', 'pre_carriage_by': '#CE1949', 'awb_bill_no': '#2792EF', 'notify_party_name': '#589513', 'airport_of_destination': '#C082CB', 'final_destination': '#477FB5', 'net_weight': '#34FC39', 'signed_by_master': '#07A55A', 'invoice_date': '#0E9A8B', 'lc_date': '#504572', 'lc_no': '#CD107E', 'signed_by_carrier': '#234549', 'at_place': '#35D626', 'awb_bill_issue_date': '#9DF361', 'signed_by_agent': '#F1A5A1', 'total_original_no': '#711DE6', 'flight_details': '#09DAA1', 'carrier_address': '#C6CC88', 'gross_quantity': '#DBA39A', 'transaction_date': '#47E8C8', 'consignee_address': '#798792', 'O': '#4F367B', 'shipper_address': '#EF5186', 'page_no': '#17AA97', 'goods_description': '#27239D', 'freight_collect_or_prepaid': '#DBEA07', 'agent_address': '#891DE8', 'stamp': '#1B4A8A', 'consignee_name': '#1022DE', 'country_of_origin': '#282AE2', 'airport_of_departure': '#6F706C', 'carrier_name': '#EDE214', 'place_of_receipt': '#A538F8', 'agent_name': '#EFF1E1', 'master_name': '#B56D9A', 'stamped_onboard_date': '#01A144', 'shipment_date': '#2A064F', 'declared_value_of_custom': '#A76DA5', 'declared_value_of_carriage': '#F984B0', 'amount_insurance': '#7D524E', 'carriage_condition': '#928049'}
2024-03-26 15:09:26,841 is result_set is instance of dict? True
2024-03-26 15:09:26,843 is final_result_set is instance of dict? True
2024-03-26 15:09:27,001 Time taken for page 1 of Bill_Of_Landing_815_page_1.png:0:00:04.107241
2024-03-26 15:09:27,451 *****Generated All Pages****** for Bill_Of_Landing_815_page_1.png
2024-03-26 15:09:27,451 RAM memory 83.6 used for Bill_Of_Landing_815_page_1.png Generating All Pages:
2024-03-26 15:09:27,451 Processing time taken for all pages of Bill_Of_Landing_815_page_1.png1:0:00:04.567984
2024-03-26 15:09:27,577 file name is:Bill_Of_Landing_263_page_0.png
2024-03-26 15:09:27,578 folder path :Images
2024-03-26 15:09:27,578 Calling Image result
2024-03-26 15:09:27,578 is all_page_result is instance of dict? True
2024-03-26 15:09:27,588 STREAM b'IHDR' 16 13
2024-03-26 15:09:27,588 STREAM b'IDAT' 41 65536
2024-03-26 15:09:27,617 is words is instance of list? True
2024-03-26 15:09:27,617 is bboxes is instance of list? True
2024-03-26 15:09:27,617 is bounding_boxes is instance of list? True
2024-03-26 15:09:27,819 is input_id_chunks is instance of list? True
2024-03-26 15:09:27,819 is mask_chunks is instance of list? True
2024-03-26 15:09:27,819 is bbox_chunks is instance of list? True
2024-03-26 15:09:27,819 is image_chunks is instance of list? True
2024-03-26 15:09:27,819 is input_dict is instance of dict? True
2024-03-26 15:09:29,716 Model Called
2024-03-26 15:09:29,716 RAM memory 82.1 used for Bill_Of_Landing_263_page_0.png:
2024-03-26 15:09:29,716 is all_predictions is instance of list? True
2024-03-26 15:09:29,716 is all_boxes is instance of list? True
2024-03-26 15:09:29,716 is all_confidences is instance of list? True
2024-03-26 15:09:29,716 is all_text is instance of list? True
2024-03-26 15:09:29,717 is label2id is instance of dict? True
2024-03-26 15:09:29,717 is id2label is instance of dict? True
2024-03-26 15:09:29,717 is label2color is instance of dict? True
2024-03-26 15:09:29,717 label2color : {'signature': '#7A7377', 'gross_weight': '#FF4527', 'freight_collected_at': '#23DE75', 'shipper_name': '#B82C88', 'notify_party_address': '#17967C', 'awb_original_or_copy': '#768B4D', 'mode_of_transport': '#16092B', 'flight_date': '#215904', 'measurement': '#8B1B19', 'good_marks': '#F84382', 'awb_original_number': '#D3BBF5', 'invoice_number': '#8F66F3', 'dimension': '#883F7B', 'pre_carriage_by': '#752A02', 'awb_bill_no': '#F642F8', 'notify_party_name': '#2F1DB3', 'airport_of_destination': '#617AE7', 'final_destination': '#D3BA6A', 'net_weight': '#8614E3', 'signed_by_master': '#3DF33A', 'invoice_date': '#B17CFC', 'lc_date': '#1DF217', 'lc_no': '#F32E1E', 'signed_by_carrier': '#43CC29', 'at_place': '#95E35D', 'awb_bill_issue_date': '#F40978', 'signed_by_agent': '#F78EDC', 'total_original_no': '#C8BF6A', 'flight_details': '#115ED6', 'carrier_address': '#49A6D9', 'gross_quantity': '#7CBFE0', 'transaction_date': '#D7E67F', 'consignee_address': '#E44914', 'O': '#2F06ED', 'shipper_address': '#1E13FD', 'page_no': '#43C00D', 'goods_description': '#1D7842', 'freight_collect_or_prepaid': '#5CD9B7', 'agent_address': '#4A1B42', 'stamp': '#53EF9C', 'consignee_name': '#FE109F', 'country_of_origin': '#D7FB5D', 'airport_of_departure': '#171CC1', 'carrier_name': '#6D8E46', 'place_of_receipt': '#5F5392', 'agent_name': '#549486', 'master_name': '#0241D0', 'stamped_onboard_date': '#E9D64B', 'shipment_date': '#7F5D94', 'declared_value_of_custom': '#2C1E14', 'declared_value_of_carriage': '#3C977C', 'amount_insurance': '#9A7A5A', 'carriage_condition': '#A2DEE0'}
2024-03-26 15:09:29,901 is result_set is instance of dict? True
2024-03-26 15:09:29,902 is final_result_set is instance of dict? True
2024-03-26 15:09:30,082 Time taken for page 1 of Bill_Of_Landing_263_page_0.png:0:00:02.494018
2024-03-26 15:09:30,217 *****Generated All Pages****** for Bill_Of_Landing_263_page_0.png
2024-03-26 15:09:30,217 RAM memory 82.4 used for Bill_Of_Landing_263_page_0.png Generating All Pages:
2024-03-26 15:09:30,217 Processing time taken for all pages of Bill_Of_Landing_263_page_0.png1:0:00:02.639092
2024-03-26 15:09:30,331 file name is:Bill_Of_Landing_456_page_0.png
2024-03-26 15:09:30,331 folder path :Images
2024-03-26 15:09:30,331 Calling Image result
2024-03-26 15:09:30,331 is all_page_result is instance of dict? True
2024-03-26 15:09:30,332 STREAM b'IHDR' 16 13
2024-03-26 15:09:30,332 STREAM b'IDAT' 41 65536
2024-03-26 15:09:30,358 is words is instance of list? True
2024-03-26 15:09:30,358 is bboxes is instance of list? True
2024-03-26 15:09:30,358 is bounding_boxes is instance of list? True
2024-03-26 15:09:30,557 is input_id_chunks is instance of list? True
2024-03-26 15:09:30,557 is mask_chunks is instance of list? True
2024-03-26 15:09:30,558 is bbox_chunks is instance of list? True
2024-03-26 15:09:30,558 is image_chunks is instance of list? True
2024-03-26 15:09:30,558 is input_dict is instance of dict? True
2024-03-26 15:09:32,299 Model Called
2024-03-26 15:09:32,300 RAM memory 82.2 used for Bill_Of_Landing_456_page_0.png:
2024-03-26 15:09:32,300 is all_predictions is instance of list? True
2024-03-26 15:09:32,300 is all_boxes is instance of list? True
2024-03-26 15:09:32,300 is all_confidences is instance of list? True
2024-03-26 15:09:32,300 is all_text is instance of list? True
2024-03-26 15:09:32,300 is label2id is instance of dict? True
2024-03-26 15:09:32,300 is id2label is instance of dict? True
2024-03-26 15:09:32,301 is label2color is instance of dict? True
2024-03-26 15:09:32,301 label2color : {'signature': '#5061D3', 'gross_weight': '#B10BA9', 'freight_collected_at': '#F10D10', 'shipper_name': '#1C6298', 'notify_party_address': '#D01ABD', 'awb_original_or_copy': '#32141B', 'mode_of_transport': '#098376', 'flight_date': '#6E61AE', 'measurement': '#CD187E', 'good_marks': '#3C77F2', 'awb_original_number': '#9EF7CE', 'invoice_number': '#67AF98', 'dimension': '#C59845', 'pre_carriage_by': '#4E13C9', 'awb_bill_no': '#8DB09D', 'notify_party_name': '#388E48', 'airport_of_destination': '#A639D2', 'final_destination': '#640AA7', 'net_weight': '#068BE5', 'signed_by_master': '#46F495', 'invoice_date': '#3A4BBA', 'lc_date': '#BFAC17', 'lc_no': '#4D7838', 'signed_by_carrier': '#4F2FE1', 'at_place': '#8777E5', 'awb_bill_issue_date': '#44EF7D', 'signed_by_agent': '#064518', 'total_original_no': '#9CA5A7', 'flight_details': '#20B1F9', 'carrier_address': '#F5F27A', 'gross_quantity': '#90BBB5', 'transaction_date': '#4C05D0', 'consignee_address': '#8A0DC5', 'O': '#7EBA79', 'shipper_address': '#994244', 'page_no': '#127099', 'goods_description': '#2BF68D', 'freight_collect_or_prepaid': '#ABFD72', 'agent_address': '#7764FE', 'stamp': '#113F1C', 'consignee_name': '#6BC284', 'country_of_origin': '#DEC82E', 'airport_of_departure': '#D8A1E4', 'carrier_name': '#1CF09D', 'place_of_receipt': '#B20FE4', 'agent_name': '#1DABB2', 'master_name': '#9ACFA2', 'stamped_onboard_date': '#3C3B8C', 'shipment_date': '#5F3167', 'declared_value_of_custom': '#5E60F6', 'declared_value_of_carriage': '#2DA84A', 'amount_insurance': '#90E4E1', 'carriage_condition': '#FF466A'}
2024-03-26 15:09:32,495 is result_set is instance of dict? True
2024-03-26 15:09:32,497 is final_result_set is instance of dict? True
2024-03-26 15:09:32,669 Time taken for page 1 of Bill_Of_Landing_456_page_0.png:0:00:02.336511
2024-03-26 15:09:32,798 *****Generated All Pages****** for Bill_Of_Landing_456_page_0.png
2024-03-26 15:09:32,798 RAM memory 82.4 used for Bill_Of_Landing_456_page_0.png Generating All Pages:
2024-03-26 15:09:32,798 Processing time taken for all pages of Bill_Of_Landing_456_page_0.png1:0:00:02.466820
2024-03-26 15:09:32,908 file name is:Bill_Of_Landing_633_page_0.png
2024-03-26 15:09:32,908 folder path :Images
2024-03-26 15:09:32,908 Calling Image result
2024-03-26 15:09:32,908 is all_page_result is instance of dict? True
2024-03-26 15:09:32,918 STREAM b'IHDR' 16 13
2024-03-26 15:09:32,918 STREAM b'IDAT' 41 65536
2024-03-26 15:09:32,950 is words is instance of list? True
2024-03-26 15:09:32,950 is bboxes is instance of list? True
2024-03-26 15:09:32,950 is bounding_boxes is instance of list? True
2024-03-26 15:09:33,155 is input_id_chunks is instance of list? True
2024-03-26 15:09:33,155 is mask_chunks is instance of list? True
2024-03-26 15:09:33,155 is bbox_chunks is instance of list? True
2024-03-26 15:09:33,155 is image_chunks is instance of list? True
2024-03-26 15:09:33,155 is input_dict is instance of dict? True
2024-03-26 15:09:35,013 Model Called
2024-03-26 15:09:35,014 RAM memory 82.6 used for Bill_Of_Landing_633_page_0.png:
2024-03-26 15:09:35,014 is all_predictions is instance of list? True
2024-03-26 15:09:35,014 is all_boxes is instance of list? True
2024-03-26 15:09:35,014 is all_confidences is instance of list? True
2024-03-26 15:09:35,014 is all_text is instance of list? True
2024-03-26 15:09:35,014 is label2id is instance of dict? True
2024-03-26 15:09:35,014 is id2label is instance of dict? True
2024-03-26 15:09:35,015 is label2color is instance of dict? True
2024-03-26 15:09:35,015 label2color : {'signature': '#405A50', 'gross_weight': '#F55DEA', 'freight_collected_at': '#DE0C91', 'shipper_name': '#9217D0', 'notify_party_address': '#B07039', 'awb_original_or_copy': '#C313EC', 'mode_of_transport': '#577220', 'flight_date': '#35B862', 'measurement': '#B69443', 'good_marks': '#9F2AE2', 'awb_original_number': '#BBF319', 'invoice_number': '#2C5E14', 'dimension': '#6F66B7', 'pre_carriage_by': '#C94AD1', 'awb_bill_no': '#FA29A8', 'notify_party_name': '#474CBD', 'airport_of_destination': '#86D55A', 'final_destination': '#CFB47F', 'net_weight': '#1D784F', 'signed_by_master': '#82A7F4', 'invoice_date': '#5705DB', 'lc_date': '#9540FF', 'lc_no': '#DFFF05', 'signed_by_carrier': '#501246', 'at_place': '#1894F4', 'awb_bill_issue_date': '#21E392', 'signed_by_agent': '#80518A', 'total_original_no': '#A60AE1', 'flight_details': '#6930A0', 'carrier_address': '#5327A7', 'gross_quantity': '#5C163D', 'transaction_date': '#DB1304', 'consignee_address': '#723758', 'O': '#79BDFF', 'shipper_address': '#968851', 'page_no': '#F06B8E', 'goods_description': '#D5FF1C', 'freight_collect_or_prepaid': '#C1591B', 'agent_address': '#4921DB', 'stamp': '#523BF9', 'consignee_name': '#529516', 'country_of_origin': '#B90C5D', 'airport_of_departure': '#EB42CD', 'carrier_name': '#30A815', 'place_of_receipt': '#01EAAC', 'agent_name': '#D8361C', 'master_name': '#4FDBC1', 'stamped_onboard_date': '#052CF1', 'shipment_date': '#290FD6', 'declared_value_of_custom': '#E5FF02', 'declared_value_of_carriage': '#885759', 'amount_insurance': '#7164B1', 'carriage_condition': '#E4854C'}
2024-03-26 15:09:35,221 is result_set is instance of dict? True
2024-03-26 15:09:35,223 is final_result_set is instance of dict? True
2024-03-26 15:09:35,376 Time taken for page 1 of Bill_Of_Landing_633_page_0.png:0:00:02.458222
2024-03-26 15:09:35,530 *****Generated All Pages****** for Bill_Of_Landing_633_page_0.png
2024-03-26 15:09:35,530 RAM memory 82.8 used for Bill_Of_Landing_633_page_0.png Generating All Pages:
2024-03-26 15:09:35,530 Processing time taken for all pages of Bill_Of_Landing_633_page_0.png1:0:00:02.622139
2024-03-26 15:09:35,661 file name is:Bill_Of_Landing_511_page_2.png
2024-03-26 15:09:35,661 folder path :Images
2024-03-26 15:09:35,662 Calling Image result
2024-03-26 15:09:35,662 is all_page_result is instance of dict? True
2024-03-26 15:09:35,662 STREAM b'IHDR' 16 13
2024-03-26 15:09:35,662 STREAM b'IDAT' 41 65536
2024-03-26 15:09:35,693 is words is instance of list? True
2024-03-26 15:09:35,693 is bboxes is instance of list? True
2024-03-26 15:09:35,693 is bounding_boxes is instance of list? True
2024-03-26 15:09:35,951 is input_id_chunks is instance of list? True
2024-03-26 15:09:35,951 is mask_chunks is instance of list? True
2024-03-26 15:09:35,951 is bbox_chunks is instance of list? True
2024-03-26 15:09:35,951 is image_chunks is instance of list? True
2024-03-26 15:09:35,952 is input_dict is instance of dict? True
2024-03-26 15:09:37,849 Model Called
2024-03-26 15:09:37,850 RAM memory 82.4 used for Bill_Of_Landing_511_page_2.png:
2024-03-26 15:09:37,850 is all_predictions is instance of list? True
2024-03-26 15:09:37,850 is all_boxes is instance of list? True
2024-03-26 15:09:37,850 is all_confidences is instance of list? True
2024-03-26 15:09:37,850 is all_text is instance of list? True
2024-03-26 15:09:37,850 is label2id is instance of dict? True
2024-03-26 15:09:37,850 is id2label is instance of dict? True
2024-03-26 15:09:37,851 is label2color is instance of dict? True
2024-03-26 15:09:37,851 label2color : {'signature': '#4241C2', 'gross_weight': '#10FEBC', 'freight_collected_at': '#5F19DC', 'shipper_name': '#E7916A', 'notify_party_address': '#43BF1C', 'awb_original_or_copy': '#D87C12', 'mode_of_transport': '#FD2218', 'flight_date': '#B96999', 'measurement': '#9DA8C4', 'good_marks': '#508FB8', 'awb_original_number': '#8E7A24', 'invoice_number': '#FB7D80', 'dimension': '#87A6EA', 'pre_carriage_by': '#508F68', 'awb_bill_no': '#D6CA91', 'notify_party_name': '#A4768E', 'airport_of_destination': '#6C8B6D', 'final_destination': '#530972', 'net_weight': '#4CB8F9', 'signed_by_master': '#86B6BD', 'invoice_date': '#033103', 'lc_date': '#2ED7BC', 'lc_no': '#8ECF3A', 'signed_by_carrier': '#C7DFE1', 'at_place': '#5C3CB9', 'awb_bill_issue_date': '#A62667', 'signed_by_agent': '#1A892D', 'total_original_no': '#286067', 'flight_details': '#F7D465', 'carrier_address': '#40EA1C', 'gross_quantity': '#71E3CE', 'transaction_date': '#94FD05', 'consignee_address': '#4D34E5', 'O': '#AFE272', 'shipper_address': '#DFDFA4', 'page_no': '#BF724A', 'goods_description': '#6B2CCF', 'freight_collect_or_prepaid': '#365B15', 'agent_address': '#0F240F', 'stamp': '#574440', 'consignee_name': '#72A564', 'country_of_origin': '#3391F5', 'airport_of_departure': '#D0E463', 'carrier_name': '#C91E89', 'place_of_receipt': '#9A6FB4', 'agent_name': '#815612', 'master_name': '#388AD2', 'stamped_onboard_date': '#BAAA49', 'shipment_date': '#63A865', 'declared_value_of_custom': '#E5F3B4', 'declared_value_of_carriage': '#F67499', 'amount_insurance': '#6D205B', 'carriage_condition': '#977F4D'}
2024-03-26 15:09:38,048 is result_set is instance of dict? True
2024-03-26 15:09:38,050 is final_result_set is instance of dict? True
2024-03-26 15:09:38,315 Time taken for page 1 of Bill_Of_Landing_511_page_2.png:0:00:02.652958
2024-03-26 15:09:38,451 *****Generated All Pages****** for Bill_Of_Landing_511_page_2.png
2024-03-26 15:09:38,452 RAM memory 82.6 used for Bill_Of_Landing_511_page_2.png Generating All Pages:
2024-03-26 15:09:38,452 Processing time taken for all pages of Bill_Of_Landing_511_page_2.png1:0:00:02.790283
2024-03-26 15:09:38,563 file name is:Bill_Of_Landing_349_page_2.png
2024-03-26 15:09:38,563 folder path :Images
2024-03-26 15:09:38,563 Calling Image result
2024-03-26 15:09:38,563 is all_page_result is instance of dict? True
2024-03-26 15:09:38,573 STREAM b'IHDR' 16 13
2024-03-26 15:09:38,573 STREAM b'IDAT' 41 65536
2024-03-26 15:09:38,600 is words is instance of list? True
2024-03-26 15:09:38,600 is bboxes is instance of list? True
2024-03-26 15:09:38,600 is bounding_boxes is instance of list? True
2024-03-26 15:09:38,793 is input_id_chunks is instance of list? True
2024-03-26 15:09:38,793 is mask_chunks is instance of list? True
2024-03-26 15:09:38,793 is bbox_chunks is instance of list? True
2024-03-26 15:09:38,793 is image_chunks is instance of list? True
2024-03-26 15:09:38,794 is input_dict is instance of dict? True
2024-03-26 15:09:41,720 Model Called
2024-03-26 15:09:41,720 RAM memory 88.9 used for Bill_Of_Landing_349_page_2.png:
2024-03-26 15:09:41,720 is all_predictions is instance of list? True
2024-03-26 15:09:41,720 is all_boxes is instance of list? True
2024-03-26 15:09:41,720 is all_confidences is instance of list? True
2024-03-26 15:09:41,720 is all_text is instance of list? True
2024-03-26 15:09:41,721 is label2id is instance of dict? True
2024-03-26 15:09:41,721 is id2label is instance of dict? True
2024-03-26 15:09:41,721 is label2color is instance of dict? True
2024-03-26 15:09:41,721 label2color : {'signature': '#B33AC8', 'gross_weight': '#290AF3', 'freight_collected_at': '#D44E59', 'shipper_name': '#76B05B', 'notify_party_address': '#53C19B', 'awb_original_or_copy': '#2DFB9A', 'mode_of_transport': '#68CA3B', 'flight_date': '#4E9F56', 'measurement': '#DF1B1F', 'good_marks': '#F0EC63', 'awb_original_number': '#155C55', 'invoice_number': '#20EDE9', 'dimension': '#514E64', 'pre_carriage_by': '#55B605', 'awb_bill_no': '#DDBA0D', 'notify_party_name': '#476544', 'airport_of_destination': '#7280F0', 'final_destination': '#E62AD3', 'net_weight': '#0C8D2F', 'signed_by_master': '#3722BD', 'invoice_date': '#8738EF', 'lc_date': '#78BE35', 'lc_no': '#C40752', 'signed_by_carrier': '#AFD1EC', 'at_place': '#4C7221', 'awb_bill_issue_date': '#01F69E', 'signed_by_agent': '#C6C423', 'total_original_no': '#62A089', 'flight_details': '#BA7654', 'carrier_address': '#A6CECB', 'gross_quantity': '#DD0C48', 'transaction_date': '#F3340A', 'consignee_address': '#AC2834', 'O': '#884ADA', 'shipper_address': '#F834A5', 'page_no': '#6834CC', 'goods_description': '#6250AD', 'freight_collect_or_prepaid': '#BF6ED1', 'agent_address': '#3F6EE4', 'stamp': '#20D795', 'consignee_name': '#030654', 'country_of_origin': '#390E49', 'airport_of_departure': '#4552E6', 'carrier_name': '#B5762B', 'place_of_receipt': '#16BD0C', 'agent_name': '#D07650', 'master_name': '#A79A54', 'stamped_onboard_date': '#640FD4', 'shipment_date': '#EAF4DD', 'declared_value_of_custom': '#F6DB76', 'declared_value_of_carriage': '#48BF27', 'amount_insurance': '#FA628F', 'carriage_condition': '#21C233'}
2024-03-26 15:09:41,994 is result_set is instance of dict? True
2024-03-26 15:09:41,996 is final_result_set is instance of dict? True
2024-03-26 15:09:42,215 Time taken for page 1 of Bill_Of_Landing_349_page_2.png:0:00:03.642060
2024-03-26 15:09:42,349 *****Generated All Pages****** for Bill_Of_Landing_349_page_2.png
2024-03-26 15:09:42,349 RAM memory 89.1 used for Bill_Of_Landing_349_page_2.png Generating All Pages:
2024-03-26 15:09:42,349 Processing time taken for all pages of Bill_Of_Landing_349_page_2.png1:0:00:03.786626
2024-03-26 15:09:42,474 file name is:Packing_List_223_page_6.png
2024-03-26 15:09:42,474 folder path :Images
2024-03-26 15:09:42,474 Calling Image result
2024-03-26 15:09:42,474 is all_page_result is instance of dict? True
2024-03-26 15:09:42,474 STREAM b'IHDR' 16 13
2024-03-26 15:09:42,474 STREAM b'IDAT' 41 65536
2024-03-26 15:09:42,502 is words is instance of list? True
2024-03-26 15:09:42,502 is bboxes is instance of list? True
2024-03-26 15:09:42,502 is bounding_boxes is instance of list? True
2024-03-26 15:09:42,709 is input_id_chunks is instance of list? True
2024-03-26 15:09:42,709 is mask_chunks is instance of list? True
2024-03-26 15:09:42,709 is bbox_chunks is instance of list? True
2024-03-26 15:09:42,709 is image_chunks is instance of list? True
2024-03-26 15:09:42,710 is input_dict is instance of dict? True
2024-03-26 15:09:44,693 Model Called
2024-03-26 15:09:44,693 RAM memory 86.0 used for Packing_List_223_page_6.png:
2024-03-26 15:09:44,693 is all_predictions is instance of list? True
2024-03-26 15:09:44,693 is all_boxes is instance of list? True
2024-03-26 15:09:44,693 is all_confidences is instance of list? True
2024-03-26 15:09:44,693 is all_text is instance of list? True
2024-03-26 15:09:44,694 is label2id is instance of dict? True
2024-03-26 15:09:44,694 is id2label is instance of dict? True
2024-03-26 15:09:44,694 is label2color is instance of dict? True
2024-03-26 15:09:44,694 label2color : {'signature': '#A58D5A', 'gross_weight': '#D15792', 'freight_collected_at': '#2DAD0F', 'shipper_name': '#B90E64', 'notify_party_address': '#3A5A74', 'awb_original_or_copy': '#EDD524', 'mode_of_transport': '#FAA91B', 'flight_date': '#F050EA', 'measurement': '#B8C040', 'good_marks': '#C1857C', 'awb_original_number': '#D3715B', 'invoice_number': '#7569E4', 'dimension': '#966B53', 'pre_carriage_by': '#6DCB56', 'awb_bill_no': '#859F86', 'notify_party_name': '#3B49EA', 'airport_of_destination': '#074891', 'final_destination': '#83FE1A', 'net_weight': '#B1977E', 'signed_by_master': '#893F95', 'invoice_date': '#A1C4C6', 'lc_date': '#4BC3DB', 'lc_no': '#8BF5FF', 'signed_by_carrier': '#6A4231', 'at_place': '#5E0F18', 'awb_bill_issue_date': '#229248', 'signed_by_agent': '#8E5024', 'total_original_no': '#57304C', 'flight_details': '#BFB4CF', 'carrier_address': '#19DEDA', 'gross_quantity': '#1C9D53', 'transaction_date': '#0C3BD9', 'consignee_address': '#F47BE5', 'O': '#86DAA3', 'shipper_address': '#F87499', 'page_no': '#7126EA', 'goods_description': '#FFDCAD', 'freight_collect_or_prepaid': '#DC0C68', 'agent_address': '#D69557', 'stamp': '#AC9D4B', 'consignee_name': '#02E8D6', 'country_of_origin': '#5F8E86', 'airport_of_departure': '#E22549', 'carrier_name': '#D48A76', 'place_of_receipt': '#9AE0A7', 'agent_name': '#F0EDE4', 'master_name': '#F40FF0', 'stamped_onboard_date': '#6AD992', 'shipment_date': '#724FB2', 'declared_value_of_custom': '#7C98A7', 'declared_value_of_carriage': '#DB2057', 'amount_insurance': '#5C3D9C', 'carriage_condition': '#228DDB'}
2024-03-26 15:09:44,882 is result_set is instance of dict? True
2024-03-26 15:09:44,883 is final_result_set is instance of dict? True
2024-03-26 15:09:45,056 Time taken for page 1 of Packing_List_223_page_6.png:0:00:02.581243
2024-03-26 15:09:45,189 *****Generated All Pages****** for Packing_List_223_page_6.png
2024-03-26 15:09:45,189 RAM memory 86.2 used for Packing_List_223_page_6.png Generating All Pages:
2024-03-26 15:09:45,189 Processing time taken for all pages of Packing_List_223_page_6.png1:0:00:02.715134
2024-03-26 15:09:45,310 file name is:Bill_Of_Landing_562_page_15.png
2024-03-26 15:09:45,310 folder path :Images
2024-03-26 15:09:45,310 Calling Image result
2024-03-26 15:09:45,310 is all_page_result is instance of dict? True
2024-03-26 15:09:45,311 STREAM b'IHDR' 16 13
2024-03-26 15:09:45,311 STREAM b'IDAT' 41 65536
2024-03-26 15:09:45,340 is words is instance of list? True
2024-03-26 15:09:45,340 is bboxes is instance of list? True
2024-03-26 15:09:45,340 is bounding_boxes is instance of list? True
2024-03-26 15:09:45,552 is input_id_chunks is instance of list? True
2024-03-26 15:09:45,552 is mask_chunks is instance of list? True
2024-03-26 15:09:45,552 is bbox_chunks is instance of list? True
2024-03-26 15:09:45,552 is image_chunks is instance of list? True
2024-03-26 15:09:45,552 is input_dict is instance of dict? True
2024-03-26 15:09:47,392 Model Called
2024-03-26 15:09:47,392 RAM memory 85.9 used for Bill_Of_Landing_562_page_15.png:
2024-03-26 15:09:47,392 is all_predictions is instance of list? True
2024-03-26 15:09:47,392 is all_boxes is instance of list? True
2024-03-26 15:09:47,393 is all_confidences is instance of list? True
2024-03-26 15:09:47,393 is all_text is instance of list? True
2024-03-26 15:09:47,393 is label2id is instance of dict? True
2024-03-26 15:09:47,393 is id2label is instance of dict? True
2024-03-26 15:09:47,393 is label2color is instance of dict? True
2024-03-26 15:09:47,393 label2color : {'signature': '#0A12D8', 'gross_weight': '#10D28B', 'freight_collected_at': '#DFC9E2', 'shipper_name': '#7894BB', 'notify_party_address': '#79BA10', 'awb_original_or_copy': '#9F5637', 'mode_of_transport': '#249AE0', 'flight_date': '#CCB2B1', 'measurement': '#950EAF', 'good_marks': '#C057B6', 'awb_original_number': '#A4CEAA', 'invoice_number': '#8976E9', 'dimension': '#37E39A', 'pre_carriage_by': '#EB81E6', 'awb_bill_no': '#43F5EC', 'notify_party_name': '#37499B', 'airport_of_destination': '#29122C', 'final_destination': '#EE3E04', 'net_weight': '#E72841', 'signed_by_master': '#F862AD', 'invoice_date': '#52FC32', 'lc_date': '#21B14C', 'lc_no': '#621DAC', 'signed_by_carrier': '#CFAC36', 'at_place': '#B313D7', 'awb_bill_issue_date': '#36719C', 'signed_by_agent': '#0B8717', 'total_original_no': '#F477E4', 'flight_details': '#83A29F', 'carrier_address': '#FC0546', 'gross_quantity': '#D1320A', 'transaction_date': '#EAA4BF', 'consignee_address': '#A9F36B', 'O': '#6306C5', 'shipper_address': '#6F348A', 'page_no': '#E7FC3B', 'goods_description': '#B2EADF', 'freight_collect_or_prepaid': '#84BB13', 'agent_address': '#23BEFE', 'stamp': '#8AD943', 'consignee_name': '#0CF96F', 'country_of_origin': '#CFF2F9', 'airport_of_departure': '#8D0D49', 'carrier_name': '#9302D6', 'place_of_receipt': '#68EBE8', 'agent_name': '#085FE4', 'master_name': '#C41539', 'stamped_onboard_date': '#D70645', 'shipment_date': '#F1388B', 'declared_value_of_custom': '#53D693', 'declared_value_of_carriage': '#1A5F90', 'amount_insurance': '#4F6B96', 'carriage_condition': '#120FD9'}
2024-03-26 15:09:47,588 is result_set is instance of dict? True
2024-03-26 15:09:47,589 is final_result_set is instance of dict? True
2024-03-26 15:09:47,743 Time taken for page 1 of Bill_Of_Landing_562_page_15.png:0:00:02.431917
2024-03-26 15:09:47,877 *****Generated All Pages****** for Bill_Of_Landing_562_page_15.png
2024-03-26 15:09:47,877 RAM memory 85.7 used for Bill_Of_Landing_562_page_15.png Generating All Pages:
2024-03-26 15:09:47,877 Processing time taken for all pages of Bill_Of_Landing_562_page_15.png1:0:00:02.567177
2024-03-26 15:09:47,988 file name is:Packing_List_749_page_1.png
2024-03-26 15:09:47,988 folder path :Images
2024-03-26 15:09:47,988 Calling Image result
2024-03-26 15:09:47,988 is all_page_result is instance of dict? True
2024-03-26 15:09:47,989 STREAM b'IHDR' 16 13
2024-03-26 15:09:47,989 STREAM b'IDAT' 41 65536
2024-03-26 15:09:48,017 is words is instance of list? True
2024-03-26 15:09:48,017 is bboxes is instance of list? True
2024-03-26 15:09:48,017 is bounding_boxes is instance of list? True
2024-03-26 15:09:48,230 is input_id_chunks is instance of list? True
2024-03-26 15:09:48,230 is mask_chunks is instance of list? True
2024-03-26 15:09:48,230 is bbox_chunks is instance of list? True
2024-03-26 15:09:48,230 is image_chunks is instance of list? True
2024-03-26 15:09:48,230 is input_dict is instance of dict? True
2024-03-26 15:09:50,098 Model Called
2024-03-26 15:09:50,098 RAM memory 86.1 used for Packing_List_749_page_1.png:
2024-03-26 15:09:50,098 is all_predictions is instance of list? True
2024-03-26 15:09:50,098 is all_boxes is instance of list? True
2024-03-26 15:09:50,098 is all_confidences is instance of list? True
2024-03-26 15:09:50,098 is all_text is instance of list? True
2024-03-26 15:09:50,099 is label2id is instance of dict? True
2024-03-26 15:09:50,099 is id2label is instance of dict? True
2024-03-26 15:09:50,099 is label2color is instance of dict? True
2024-03-26 15:09:50,099 label2color : {'signature': '#DAA65E', 'gross_weight': '#26253A', 'freight_collected_at': '#90B7B4', 'shipper_name': '#F29A9F', 'notify_party_address': '#50ED85', 'awb_original_or_copy': '#26CDCD', 'mode_of_transport': '#9030B3', 'flight_date': '#AF1FF7', 'measurement': '#0C78DF', 'good_marks': '#02E7A6', 'awb_original_number': '#DDAA35', 'invoice_number': '#CA0419', 'dimension': '#363449', 'pre_carriage_by': '#EF838C', 'awb_bill_no': '#37756E', 'notify_party_name': '#51B1A6', 'airport_of_destination': '#7491B5', 'final_destination': '#EA6192', 'net_weight': '#8CFB37', 'signed_by_master': '#88CA3C', 'invoice_date': '#0BEA3E', 'lc_date': '#335018', 'lc_no': '#B06DA1', 'signed_by_carrier': '#12BD6E', 'at_place': '#74E1AD', 'awb_bill_issue_date': '#5DDBDF', 'signed_by_agent': '#56EFCB', 'total_original_no': '#7CDEB9', 'flight_details': '#BA3EAE', 'carrier_address': '#439C8D', 'gross_quantity': '#0EE6D0', 'transaction_date': '#9646D5', 'consignee_address': '#962CE5', 'O': '#0577E8', 'shipper_address': '#FCF73E', 'page_no': '#3ECBCB', 'goods_description': '#54AB02', 'freight_collect_or_prepaid': '#FE9545', 'agent_address': '#0073D5', 'stamp': '#720FEA', 'consignee_name': '#9E6AA6', 'country_of_origin': '#0EFFDF', 'airport_of_departure': '#2626BD', 'carrier_name': '#8BB3EA', 'place_of_receipt': '#4CDE61', 'agent_name': '#6C63DD', 'master_name': '#A47B6F', 'stamped_onboard_date': '#8BEEC2', 'shipment_date': '#7B54CE', 'declared_value_of_custom': '#EDB4E6', 'declared_value_of_carriage': '#211423', 'amount_insurance': '#985205', 'carriage_condition': '#D0D971'}
2024-03-26 15:09:50,295 is result_set is instance of dict? True
2024-03-26 15:09:50,296 is final_result_set is instance of dict? True
2024-03-26 15:09:50,445 Time taken for page 1 of Packing_List_749_page_1.png:0:00:02.455813
2024-03-26 15:09:50,581 *****Generated All Pages****** for Packing_List_749_page_1.png
2024-03-26 15:09:50,582 RAM memory 86.0 used for Packing_List_749_page_1.png Generating All Pages:
2024-03-26 15:09:50,582 Processing time taken for all pages of Packing_List_749_page_1.png1:0:00:02.593773
2024-03-26 15:09:50,692 file name is:Bill_Of_Landing_508_page_0.png
2024-03-26 15:09:50,692 folder path :Images
2024-03-26 15:09:50,692 Calling Image result
2024-03-26 15:09:50,692 is all_page_result is instance of dict? True
2024-03-26 15:09:50,692 STREAM b'IHDR' 16 13
2024-03-26 15:09:50,692 STREAM b'IDAT' 41 65536
2024-03-26 15:09:50,719 is words is instance of list? True
2024-03-26 15:09:50,719 is bboxes is instance of list? True
2024-03-26 15:09:50,719 is bounding_boxes is instance of list? True
2024-03-26 15:09:50,922 is input_id_chunks is instance of list? True
2024-03-26 15:09:50,922 is mask_chunks is instance of list? True
2024-03-26 15:09:50,922 is bbox_chunks is instance of list? True
2024-03-26 15:09:50,922 is image_chunks is instance of list? True
2024-03-26 15:09:50,922 is input_dict is instance of dict? True
2024-03-26 15:09:53,622 Model Called
2024-03-26 15:09:53,622 RAM memory 89.1 used for Bill_Of_Landing_508_page_0.png:
2024-03-26 15:09:53,622 is all_predictions is instance of list? True
2024-03-26 15:09:53,622 is all_boxes is instance of list? True
2024-03-26 15:09:53,622 is all_confidences is instance of list? True
2024-03-26 15:09:53,622 is all_text is instance of list? True
2024-03-26 15:09:53,623 is label2id is instance of dict? True
2024-03-26 15:09:53,623 is id2label is instance of dict? True
2024-03-26 15:09:53,624 is label2color is instance of dict? True
2024-03-26 15:09:53,624 label2color : {'signature': '#9CFE08', 'gross_weight': '#4B636C', 'freight_collected_at': '#7CEA96', 'shipper_name': '#1A4586', 'notify_party_address': '#3203DF', 'awb_original_or_copy': '#3A4EB5', 'mode_of_transport': '#436BC5', 'flight_date': '#061C5A', 'measurement': '#63B9E6', 'good_marks': '#E6D857', 'awb_original_number': '#EAF369', 'invoice_number': '#EE042B', 'dimension': '#6CA2DA', 'pre_carriage_by': '#B66171', 'awb_bill_no': '#564621', 'notify_party_name': '#9816AC', 'airport_of_destination': '#4836C6', 'final_destination': '#02C813', 'net_weight': '#37ACE4', 'signed_by_master': '#8D469E', 'invoice_date': '#33C816', 'lc_date': '#F499B1', 'lc_no': '#DA717C', 'signed_by_carrier': '#80E325', 'at_place': '#67780D', 'awb_bill_issue_date': '#961246', 'signed_by_agent': '#12FEE1', 'total_original_no': '#221E49', 'flight_details': '#BE5DB2', 'carrier_address': '#7C51FC', 'gross_quantity': '#907117', 'transaction_date': '#34BDAD', 'consignee_address': '#F8807F', 'O': '#71CB59', 'shipper_address': '#A1BAE2', 'page_no': '#CE3505', 'goods_description': '#A3E94C', 'freight_collect_or_prepaid': '#6314E5', 'agent_address': '#59A92C', 'stamp': '#5EBCD6', 'consignee_name': '#349549', 'country_of_origin': '#73DC2F', 'airport_of_departure': '#0320BD', 'carrier_name': '#1FE16B', 'place_of_receipt': '#B67B52', 'agent_name': '#CFCA93', 'master_name': '#D4383D', 'stamped_onboard_date': '#C9B445', 'shipment_date': '#202248', 'declared_value_of_custom': '#FB4391', 'declared_value_of_carriage': '#CAADAC', 'amount_insurance': '#1838BB', 'carriage_condition': '#AA2CFA'}
2024-03-26 15:09:53,892 is result_set is instance of dict? True
2024-03-26 15:09:53,894 is final_result_set is instance of dict? True
2024-03-26 15:09:54,176 Time taken for page 1 of Bill_Of_Landing_508_page_0.png:0:00:03.483973
2024-03-26 15:09:54,317 *****Generated All Pages****** for Bill_Of_Landing_508_page_0.png
2024-03-26 15:09:54,317 RAM memory 89.0 used for Bill_Of_Landing_508_page_0.png Generating All Pages:
2024-03-26 15:09:54,317 Processing time taken for all pages of Bill_Of_Landing_508_page_0.png1:0:00:03.625280
2024-03-26 15:09:54,441 file name is:Bill_Of_Landing_640_page_0.png
2024-03-26 15:09:54,441 folder path :Images
2024-03-26 15:09:54,441 Calling Image result
2024-03-26 15:09:54,441 is all_page_result is instance of dict? True
2024-03-26 15:09:54,442 STREAM b'IHDR' 16 13
2024-03-26 15:09:54,442 STREAM b'IDAT' 41 65536
2024-03-26 15:09:54,468 is words is instance of list? True
2024-03-26 15:09:54,468 is bboxes is instance of list? True
2024-03-26 15:09:54,468 is bounding_boxes is instance of list? True
2024-03-26 15:09:54,668 is input_id_chunks is instance of list? True
2024-03-26 15:09:54,668 is mask_chunks is instance of list? True
2024-03-26 15:09:54,668 is bbox_chunks is instance of list? True
2024-03-26 15:09:54,668 is image_chunks is instance of list? True
2024-03-26 15:09:54,669 is input_dict is instance of dict? True
2024-03-26 15:09:56,577 Model Called
2024-03-26 15:09:56,578 RAM memory 85.8 used for Bill_Of_Landing_640_page_0.png:
2024-03-26 15:09:56,578 is all_predictions is instance of list? True
2024-03-26 15:09:56,578 is all_boxes is instance of list? True
2024-03-26 15:09:56,578 is all_confidences is instance of list? True
2024-03-26 15:09:56,578 is all_text is instance of list? True
2024-03-26 15:09:56,578 is label2id is instance of dict? True
2024-03-26 15:09:56,578 is id2label is instance of dict? True
2024-03-26 15:09:56,579 is label2color is instance of dict? True
2024-03-26 15:09:56,579 label2color : {'signature': '#65DD52', 'gross_weight': '#60F253', 'freight_collected_at': '#75E590', 'shipper_name': '#73C15E', 'notify_party_address': '#457CA7', 'awb_original_or_copy': '#91ED37', 'mode_of_transport': '#E50F2C', 'flight_date': '#5B3907', 'measurement': '#D9B439', 'good_marks': '#C1A03D', 'awb_original_number': '#C51E54', 'invoice_number': '#FA3A08', 'dimension': '#81761B', 'pre_carriage_by': '#3DA7DC', 'awb_bill_no': '#919C7F', 'notify_party_name': '#D10CF3', 'airport_of_destination': '#5BBAB7', 'final_destination': '#8C554A', 'net_weight': '#DB9060', 'signed_by_master': '#909AE5', 'invoice_date': '#B0169A', 'lc_date': '#3FB5EC', 'lc_no': '#B64FEB', 'signed_by_carrier': '#B57D3F', 'at_place': '#B2EAFB', 'awb_bill_issue_date': '#2EC903', 'signed_by_agent': '#22CD22', 'total_original_no': '#2E9E50', 'flight_details': '#AF12E5', 'carrier_address': '#83E3B2', 'gross_quantity': '#820ACB', 'transaction_date': '#E9C0D1', 'consignee_address': '#794584', 'O': '#6C586A', 'shipper_address': '#E10C81', 'page_no': '#383EE8', 'goods_description': '#B7E870', 'freight_collect_or_prepaid': '#DD8DC4', 'agent_address': '#E16DC9', 'stamp': '#0C2765', 'consignee_name': '#2253F6', 'country_of_origin': '#D17486', 'airport_of_departure': '#EA4AB1', 'carrier_name': '#AB6770', 'place_of_receipt': '#164D93', 'agent_name': '#EF76B5', 'master_name': '#C8B2A7', 'stamped_onboard_date': '#FD6E64', 'shipment_date': '#1C42DA', 'declared_value_of_custom': '#188C9D', 'declared_value_of_carriage': '#6CB3C6', 'amount_insurance': '#742648', 'carriage_condition': '#8A4D8A'}
2024-03-26 15:09:56,775 is result_set is instance of dict? True
2024-03-26 15:09:56,777 is final_result_set is instance of dict? True
2024-03-26 15:09:56,982 Time taken for page 1 of Bill_Of_Landing_640_page_0.png:0:00:02.540228
2024-03-26 15:09:57,118 *****Generated All Pages****** for Bill_Of_Landing_640_page_0.png
2024-03-26 15:09:57,118 RAM memory 85.9 used for Bill_Of_Landing_640_page_0.png Generating All Pages:
2024-03-26 15:09:57,118 Processing time taken for all pages of Bill_Of_Landing_640_page_0.png1:0:00:02.677447
2024-03-26 15:09:57,237 file name is:Bill_Of_Landing_270_page_3.png
2024-03-26 15:09:57,237 folder path :Images
2024-03-26 15:09:57,237 Calling Image result
2024-03-26 15:09:57,237 is all_page_result is instance of dict? True
2024-03-26 15:09:57,238 STREAM b'IHDR' 16 13
2024-03-26 15:09:57,238 STREAM b'IDAT' 41 65536
2024-03-26 15:09:57,270 is words is instance of list? True
2024-03-26 15:09:57,270 is bboxes is instance of list? True
2024-03-26 15:09:57,270 is bounding_boxes is instance of list? True
2024-03-26 15:09:57,472 is input_id_chunks is instance of list? True
2024-03-26 15:09:57,472 is mask_chunks is instance of list? True
2024-03-26 15:09:57,472 is bbox_chunks is instance of list? True
2024-03-26 15:09:57,472 is image_chunks is instance of list? True
2024-03-26 15:09:57,472 is input_dict is instance of dict? True
2024-03-26 15:09:59,290 Model Called
2024-03-26 15:09:59,290 RAM memory 85.9 used for Bill_Of_Landing_270_page_3.png:
2024-03-26 15:09:59,290 is all_predictions is instance of list? True
2024-03-26 15:09:59,290 is all_boxes is instance of list? True
2024-03-26 15:09:59,290 is all_confidences is instance of list? True
2024-03-26 15:09:59,290 is all_text is instance of list? True
2024-03-26 15:09:59,290 is label2id is instance of dict? True
2024-03-26 15:09:59,291 is id2label is instance of dict? True
2024-03-26 15:09:59,291 is label2color is instance of dict? True
2024-03-26 15:09:59,291 label2color : {'signature': '#58594C', 'gross_weight': '#750E1A', 'freight_collected_at': '#723CB7', 'shipper_name': '#49688D', 'notify_party_address': '#862B17', 'awb_original_or_copy': '#D948AA', 'mode_of_transport': '#1AFEE1', 'flight_date': '#855C0A', 'measurement': '#8ADAC4', 'good_marks': '#F6D1B9', 'awb_original_number': '#8DE1F9', 'invoice_number': '#424334', 'dimension': '#F0DC0D', 'pre_carriage_by': '#8BB892', 'awb_bill_no': '#B0649A', 'notify_party_name': '#D38A91', 'airport_of_destination': '#73BDE0', 'final_destination': '#8DB28F', 'net_weight': '#F84460', 'signed_by_master': '#8191E8', 'invoice_date': '#CAE662', 'lc_date': '#B9240C', 'lc_no': '#B13F81', 'signed_by_carrier': '#403555', 'at_place': '#FC3EB6', 'awb_bill_issue_date': '#D1458B', 'signed_by_agent': '#7B7823', 'total_original_no': '#524F6C', 'flight_details': '#754CD8', 'carrier_address': '#C783A8', 'gross_quantity': '#04BCFA', 'transaction_date': '#7E3C4D', 'consignee_address': '#6506DF', 'O': '#21DE65', 'shipper_address': '#43BBEA', 'page_no': '#DD70BF', 'goods_description': '#A17BDD', 'freight_collect_or_prepaid': '#3A9FEE', 'agent_address': '#AF1B00', 'stamp': '#07CF56', 'consignee_name': '#3655F4', 'country_of_origin': '#E47A87', 'airport_of_departure': '#B0A08D', 'carrier_name': '#431D79', 'place_of_receipt': '#CB39AE', 'agent_name': '#B7225A', 'master_name': '#9A0F5C', 'stamped_onboard_date': '#3E635C', 'shipment_date': '#19FCB2', 'declared_value_of_custom': '#CB9F18', 'declared_value_of_carriage': '#416717', 'amount_insurance': '#872A55', 'carriage_condition': '#207173'}
2024-03-26 15:09:59,471 is result_set is instance of dict? True
2024-03-26 15:09:59,472 is final_result_set is instance of dict? True
2024-03-26 15:09:59,622 Time taken for page 1 of Bill_Of_Landing_270_page_3.png:0:00:02.383981
2024-03-26 15:09:59,750 *****Generated All Pages****** for Bill_Of_Landing_270_page_3.png
2024-03-26 15:09:59,751 RAM memory 85.6 used for Bill_Of_Landing_270_page_3.png Generating All Pages:
2024-03-26 15:09:59,751 Processing time taken for all pages of Bill_Of_Landing_270_page_3.png1:0:00:02.513542
2024-03-26 15:09:59,862 file name is:Bill_Of_Landing_806_page_0.png
2024-03-26 15:09:59,862 folder path :Images
2024-03-26 15:09:59,862 Calling Image result
2024-03-26 15:09:59,862 is all_page_result is instance of dict? True
2024-03-26 15:09:59,863 STREAM b'IHDR' 16 13
2024-03-26 15:09:59,863 STREAM b'IDAT' 41 62008
2024-03-26 15:09:59,888 is words is instance of list? True
2024-03-26 15:09:59,888 is bboxes is instance of list? True
2024-03-26 15:09:59,888 is bounding_boxes is instance of list? True
2024-03-26 15:10:00,105 is input_id_chunks is instance of list? True
2024-03-26 15:10:00,105 is mask_chunks is instance of list? True
2024-03-26 15:10:00,105 is bbox_chunks is instance of list? True
2024-03-26 15:10:00,105 is image_chunks is instance of list? True
2024-03-26 15:10:00,106 is input_dict is instance of dict? True
2024-03-26 15:10:02,024 Model Called
2024-03-26 15:10:02,024 RAM memory 86.1 used for Bill_Of_Landing_806_page_0.png:
2024-03-26 15:10:02,024 is all_predictions is instance of list? True
2024-03-26 15:10:02,024 is all_boxes is instance of list? True
2024-03-26 15:10:02,024 is all_confidences is instance of list? True
2024-03-26 15:10:02,024 is all_text is instance of list? True
2024-03-26 15:10:02,024 is label2id is instance of dict? True
2024-03-26 15:10:02,024 is id2label is instance of dict? True
2024-03-26 15:10:02,025 is label2color is instance of dict? True
2024-03-26 15:10:02,025 label2color : {'signature': '#804AB1', 'gross_weight': '#5C1CB6', 'freight_collected_at': '#7272E6', 'shipper_name': '#63D84D', 'notify_party_address': '#D43C52', 'awb_original_or_copy': '#1F8DB2', 'mode_of_transport': '#C391CF', 'flight_date': '#5F5DB1', 'measurement': '#F62D73', 'good_marks': '#D92624', 'awb_original_number': '#5564A0', 'invoice_number': '#70F4E0', 'dimension': '#0C5A8A', 'pre_carriage_by': '#9EEBE6', 'awb_bill_no': '#3E49C3', 'notify_party_name': '#BFD27E', 'airport_of_destination': '#24724C', 'final_destination': '#AD2A30', 'net_weight': '#249ACD', 'signed_by_master': '#056449', 'invoice_date': '#56C4A5', 'lc_date': '#F0F9B9', 'lc_no': '#8A6F65', 'signed_by_carrier': '#6E31B6', 'at_place': '#3EE7B0', 'awb_bill_issue_date': '#B2B6B3', 'signed_by_agent': '#B13D84', 'total_original_no': '#C434EA', 'flight_details': '#8075C0', 'carrier_address': '#DDE613', 'gross_quantity': '#2F7B82', 'transaction_date': '#EBDAC6', 'consignee_address': '#E271D2', 'O': '#E389F1', 'shipper_address': '#625754', 'page_no': '#243477', 'goods_description': '#7582C2', 'freight_collect_or_prepaid': '#EB4B00', 'agent_address': '#22DED4', 'stamp': '#5FE169', 'consignee_name': '#BC272D', 'country_of_origin': '#52B75B', 'airport_of_departure': '#836F37', 'carrier_name': '#954041', 'place_of_receipt': '#30C147', 'agent_name': '#7B21E8', 'master_name': '#841460', 'stamped_onboard_date': '#3B223E', 'shipment_date': '#C4F7EA', 'declared_value_of_custom': '#DD8CE3', 'declared_value_of_carriage': '#812433', 'amount_insurance': '#AC0DF4', 'carriage_condition': '#967EC8'}
2024-03-26 15:10:02,214 is result_set is instance of dict? True
2024-03-26 15:10:02,216 is final_result_set is instance of dict? True
2024-03-26 15:10:02,398 Time taken for page 1 of Bill_Of_Landing_806_page_0.png:0:00:02.535042
2024-03-26 15:10:02,523 *****Generated All Pages****** for Bill_Of_Landing_806_page_0.png
2024-03-26 15:10:02,523 RAM memory 85.9 used for Bill_Of_Landing_806_page_0.png Generating All Pages:
2024-03-26 15:10:02,523 Processing time taken for all pages of Bill_Of_Landing_806_page_0.png1:0:00:02.660440
2024-03-26 15:10:02,635 file name is:Bill_Of_Landing_418_page_6.png
2024-03-26 15:10:02,635 folder path :Images
2024-03-26 15:10:02,635 Calling Image result
2024-03-26 15:10:02,635 is all_page_result is instance of dict? True
2024-03-26 15:10:02,636 STREAM b'IHDR' 16 13
2024-03-26 15:10:02,636 STREAM b'IDAT' 41 65536
2024-03-26 15:10:02,665 is words is instance of list? True
2024-03-26 15:10:02,665 is bboxes is instance of list? True
2024-03-26 15:10:02,665 is bounding_boxes is instance of list? True
2024-03-26 15:10:02,888 is input_id_chunks is instance of list? True
2024-03-26 15:10:02,888 is mask_chunks is instance of list? True
2024-03-26 15:10:02,888 is bbox_chunks is instance of list? True
2024-03-26 15:10:02,888 is image_chunks is instance of list? True
2024-03-26 15:10:02,889 is input_dict is instance of dict? True
2024-03-26 15:10:04,939 Model Called
2024-03-26 15:10:04,939 RAM memory 86.0 used for Bill_Of_Landing_418_page_6.png:
2024-03-26 15:10:04,939 is all_predictions is instance of list? True
2024-03-26 15:10:04,939 is all_boxes is instance of list? True
2024-03-26 15:10:04,939 is all_confidences is instance of list? True
2024-03-26 15:10:04,939 is all_text is instance of list? True
2024-03-26 15:10:04,939 is label2id is instance of dict? True
2024-03-26 15:10:04,939 is id2label is instance of dict? True
2024-03-26 15:10:04,940 is label2color is instance of dict? True
2024-03-26 15:10:04,940 label2color : {'signature': '#52062A', 'gross_weight': '#5D60AD', 'freight_collected_at': '#3606EB', 'shipper_name': '#8F44C3', 'notify_party_address': '#8F1CD5', 'awb_original_or_copy': '#4C1E89', 'mode_of_transport': '#278D97', 'flight_date': '#D6CD80', 'measurement': '#358930', 'good_marks': '#08F1EE', 'awb_original_number': '#7DE639', 'invoice_number': '#B52B09', 'dimension': '#499AE1', 'pre_carriage_by': '#E17677', 'awb_bill_no': '#4C76B4', 'notify_party_name': '#EFF33D', 'airport_of_destination': '#9755D3', 'final_destination': '#CFD4BE', 'net_weight': '#205FF0', 'signed_by_master': '#64627F', 'invoice_date': '#9F40E8', 'lc_date': '#786095', 'lc_no': '#033FFA', 'signed_by_carrier': '#95F3A1', 'at_place': '#087AB3', 'awb_bill_issue_date': '#20149A', 'signed_by_agent': '#C58314', 'total_original_no': '#ED66B8', 'flight_details': '#3B6557', 'carrier_address': '#38CD62', 'gross_quantity': '#745E14', 'transaction_date': '#74141F', 'consignee_address': '#C9F367', 'O': '#A8FEBC', 'shipper_address': '#8A40CA', 'page_no': '#8666E4', 'goods_description': '#5E1937', 'freight_collect_or_prepaid': '#EB5CAF', 'agent_address': '#2E29A7', 'stamp': '#DB1D31', 'consignee_name': '#CA2F9B', 'country_of_origin': '#19640A', 'airport_of_departure': '#08F2C4', 'carrier_name': '#9DB1AD', 'place_of_receipt': '#CD88BA', 'agent_name': '#7D0015', 'master_name': '#235AB9', 'stamped_onboard_date': '#F3908A', 'shipment_date': '#C0CDDD', 'declared_value_of_custom': '#EC813A', 'declared_value_of_carriage': '#12C2CC', 'amount_insurance': '#3A6EE5', 'carriage_condition': '#98997D'}
2024-03-26 15:10:05,132 is result_set is instance of dict? True
2024-03-26 15:10:05,133 is final_result_set is instance of dict? True
2024-03-26 15:10:05,282 Time taken for page 1 of Bill_Of_Landing_418_page_6.png:0:00:02.645715
2024-03-26 15:10:05,417 *****Generated All Pages****** for Bill_Of_Landing_418_page_6.png
2024-03-26 15:10:05,417 RAM memory 86.1 used for Bill_Of_Landing_418_page_6.png Generating All Pages:
2024-03-26 15:10:05,417 Processing time taken for all pages of Bill_Of_Landing_418_page_6.png1:0:00:02.781870
2024-03-26 15:10:05,526 file name is:Bill_Of_Landing_562_page_24.png
2024-03-26 15:10:05,526 folder path :Images
2024-03-26 15:10:05,526 Calling Image result
2024-03-26 15:10:05,526 is all_page_result is instance of dict? True
2024-03-26 15:10:05,527 STREAM b'IHDR' 16 13
2024-03-26 15:10:05,527 STREAM b'IDAT' 41 65536
2024-03-26 15:10:05,553 is words is instance of list? True
2024-03-26 15:10:05,553 is bboxes is instance of list? True
2024-03-26 15:10:05,553 is bounding_boxes is instance of list? True
2024-03-26 15:10:05,757 is input_id_chunks is instance of list? True
2024-03-26 15:10:05,757 is mask_chunks is instance of list? True
2024-03-26 15:10:05,757 is bbox_chunks is instance of list? True
2024-03-26 15:10:05,757 is image_chunks is instance of list? True
2024-03-26 15:10:05,758 is input_dict is instance of dict? True
2024-03-26 15:10:07,834 Model Called
2024-03-26 15:10:07,834 RAM memory 85.8 used for Bill_Of_Landing_562_page_24.png:
2024-03-26 15:10:07,834 is all_predictions is instance of list? True
2024-03-26 15:10:07,834 is all_boxes is instance of list? True
2024-03-26 15:10:07,834 is all_confidences is instance of list? True
2024-03-26 15:10:07,834 is all_text is instance of list? True
2024-03-26 15:10:07,834 is label2id is instance of dict? True
2024-03-26 15:10:07,835 is id2label is instance of dict? True
2024-03-26 15:10:07,835 is label2color is instance of dict? True
2024-03-26 15:10:07,835 label2color : {'signature': '#55CA4D', 'gross_weight': '#5CD0AC', 'freight_collected_at': '#B2235D', 'shipper_name': '#5C856B', 'notify_party_address': '#188888', 'awb_original_or_copy': '#439584', 'mode_of_transport': '#83A0C0', 'flight_date': '#FE1886', 'measurement': '#52F38D', 'good_marks': '#13BF01', 'awb_original_number': '#0417C6', 'invoice_number': '#DC1C07', 'dimension': '#3191A7', 'pre_carriage_by': '#782A7D', 'awb_bill_no': '#156662', 'notify_party_name': '#6C6B86', 'airport_of_destination': '#960F3F', 'final_destination': '#B46E34', 'net_weight': '#1638C0', 'signed_by_master': '#51B48E', 'invoice_date': '#D79605', 'lc_date': '#A0AD12', 'lc_no': '#E0D26D', 'signed_by_carrier': '#06D673', 'at_place': '#AC7F79', 'awb_bill_issue_date': '#A94A8B', 'signed_by_agent': '#C1C6B7', 'total_original_no': '#276F3E', 'flight_details': '#49AC65', 'carrier_address': '#326A71', 'gross_quantity': '#555D9B', 'transaction_date': '#136269', 'consignee_address': '#2C9892', 'O': '#0C0598', 'shipper_address': '#3E5548', 'page_no': '#BC1044', 'goods_description': '#586D24', 'freight_collect_or_prepaid': '#245903', 'agent_address': '#DA31FF', 'stamp': '#F18898', 'consignee_name': '#CF3461', 'country_of_origin': '#2E8E0D', 'airport_of_departure': '#E21F1E', 'carrier_name': '#6CE1DF', 'place_of_receipt': '#EE99B7', 'agent_name': '#D846BD', 'master_name': '#E1071D', 'stamped_onboard_date': '#7CBF29', 'shipment_date': '#443313', 'declared_value_of_custom': '#C01B54', 'declared_value_of_carriage': '#7F164C', 'amount_insurance': '#A9EE1B', 'carriage_condition': '#1F727A'}
2024-03-26 15:10:08,026 is result_set is instance of dict? True
2024-03-26 15:10:08,027 is final_result_set is instance of dict? True
2024-03-26 15:10:08,237 Time taken for page 1 of Bill_Of_Landing_562_page_24.png:0:00:02.710092
2024-03-26 15:10:08,373 *****Generated All Pages****** for Bill_Of_Landing_562_page_24.png
2024-03-26 15:10:08,373 RAM memory 86.5 used for Bill_Of_Landing_562_page_24.png Generating All Pages:
2024-03-26 15:10:08,373 Processing time taken for all pages of Bill_Of_Landing_562_page_24.png1:0:00:02.847180
2024-03-26 15:10:08,488 file name is:Bill_Of_Landing_743_page_0.png
2024-03-26 15:10:08,489 folder path :Images
2024-03-26 15:10:08,489 Calling Image result
2024-03-26 15:10:08,489 is all_page_result is instance of dict? True
2024-03-26 15:10:08,489 STREAM b'IHDR' 16 13
2024-03-26 15:10:08,489 STREAM b'IDAT' 41 65536
2024-03-26 15:10:08,552 is words is instance of list? True
2024-03-26 15:10:08,552 is bboxes is instance of list? True
2024-03-26 15:10:08,552 is bounding_boxes is instance of list? True
2024-03-26 15:10:09,101 is input_id_chunks is instance of list? True
2024-03-26 15:10:09,101 is mask_chunks is instance of list? True
2024-03-26 15:10:09,101 is bbox_chunks is instance of list? True
2024-03-26 15:10:09,101 is image_chunks is instance of list? True
2024-03-26 15:10:09,102 is input_dict is instance of dict? True
2024-03-26 15:10:11,028 Model Called
2024-03-26 15:10:11,028 RAM memory 86.4 used for Bill_Of_Landing_743_page_0.png:
2024-03-26 15:10:11,028 is all_predictions is instance of list? True
2024-03-26 15:10:11,028 is all_boxes is instance of list? True
2024-03-26 15:10:11,028 is all_confidences is instance of list? True
2024-03-26 15:10:11,028 is all_text is instance of list? True
2024-03-26 15:10:11,028 is label2id is instance of dict? True
2024-03-26 15:10:11,028 is id2label is instance of dict? True
2024-03-26 15:10:11,029 is label2color is instance of dict? True
2024-03-26 15:10:11,029 label2color : {'signature': '#7B07E2', 'gross_weight': '#02524C', 'freight_collected_at': '#C11142', 'shipper_name': '#F389D7', 'notify_party_address': '#8078D4', 'awb_original_or_copy': '#B7AA4C', 'mode_of_transport': '#05B15E', 'flight_date': '#D4DB9E', 'measurement': '#A56E1B', 'good_marks': '#1F8161', 'awb_original_number': '#FC8DE6', 'invoice_number': '#5F5642', 'dimension': '#AE22C6', 'pre_carriage_by': '#BD392F', 'awb_bill_no': '#CF3454', 'notify_party_name': '#362766', 'airport_of_destination': '#4705EB', 'final_destination': '#845237', 'net_weight': '#2BA514', 'signed_by_master': '#6B424D', 'invoice_date': '#E42FBD', 'lc_date': '#7B33D2', 'lc_no': '#A519C2', 'signed_by_carrier': '#AC33CD', 'at_place': '#72D316', 'awb_bill_issue_date': '#A47AAA', 'signed_by_agent': '#D3F4ED', 'total_original_no': '#99959B', 'flight_details': '#C3C26B', 'carrier_address': '#5185D0', 'gross_quantity': '#10EB68', 'transaction_date': '#C3C19D', 'consignee_address': '#7DC2B7', 'O': '#4749EC', 'shipper_address': '#917850', 'page_no': '#46F702', 'goods_description': '#E00AF2', 'freight_collect_or_prepaid': '#0F8FB6', 'agent_address': '#8C7BD2', 'stamp': '#847E47', 'consignee_name': '#538A01', 'country_of_origin': '#F93B5E', 'airport_of_departure': '#19486D', 'carrier_name': '#5830C9', 'place_of_receipt': '#2434E1', 'agent_name': '#2F8A83', 'master_name': '#E5168A', 'stamped_onboard_date': '#C9620E', 'shipment_date': '#B8B224', 'declared_value_of_custom': '#2FA76A', 'declared_value_of_carriage': '#FB3B2D', 'amount_insurance': '#024FDE', 'carriage_condition': '#A57734'}
2024-03-26 15:10:11,488 is result_set is instance of dict? True
2024-03-26 15:10:11,489 is final_result_set is instance of dict? True
2024-03-26 15:10:11,678 Time taken for page 1 of Bill_Of_Landing_743_page_0.png:0:00:03.188759
2024-03-26 15:10:11,979 *****Generated All Pages****** for Bill_Of_Landing_743_page_0.png
2024-03-26 15:10:11,979 RAM memory 85.7 used for Bill_Of_Landing_743_page_0.png Generating All Pages:
2024-03-26 15:10:11,979 Processing time taken for all pages of Bill_Of_Landing_743_page_0.png1:0:00:03.490506
2024-03-26 15:10:12,092 file name is:Bill_Of_Landing_424_page_5.png
2024-03-26 15:10:12,092 folder path :Images
2024-03-26 15:10:12,092 Calling Image result
2024-03-26 15:10:12,092 is all_page_result is instance of dict? True
2024-03-26 15:10:12,102 STREAM b'IHDR' 16 13
2024-03-26 15:10:12,102 STREAM b'IDAT' 41 62380
2024-03-26 15:10:12,128 is words is instance of list? True
2024-03-26 15:10:12,128 is bboxes is instance of list? True
2024-03-26 15:10:12,128 is bounding_boxes is instance of list? True
2024-03-26 15:10:12,327 is input_id_chunks is instance of list? True
2024-03-26 15:10:12,327 is mask_chunks is instance of list? True
2024-03-26 15:10:12,327 is bbox_chunks is instance of list? True
2024-03-26 15:10:12,328 is image_chunks is instance of list? True
2024-03-26 15:10:12,328 is input_dict is instance of dict? True
2024-03-26 15:10:14,106 Model Called
2024-03-26 15:10:14,106 RAM memory 85.9 used for Bill_Of_Landing_424_page_5.png:
2024-03-26 15:10:14,106 is all_predictions is instance of list? True
2024-03-26 15:10:14,106 is all_boxes is instance of list? True
2024-03-26 15:10:14,106 is all_confidences is instance of list? True
2024-03-26 15:10:14,106 is all_text is instance of list? True
2024-03-26 15:10:14,106 is label2id is instance of dict? True
2024-03-26 15:10:14,106 is id2label is instance of dict? True
2024-03-26 15:10:14,107 is label2color is instance of dict? True
2024-03-26 15:10:14,107 label2color : {'signature': '#1C254A', 'gross_weight': '#6B1FC7', 'freight_collected_at': '#D65521', 'shipper_name': '#6723C6', 'notify_party_address': '#F028C3', 'awb_original_or_copy': '#CC803F', 'mode_of_transport': '#392B70', 'flight_date': '#8D8245', 'measurement': '#D6224D', 'good_marks': '#E397C1', 'awb_original_number': '#61F2A0', 'invoice_number': '#D86C1C', 'dimension': '#196697', 'pre_carriage_by': '#9DB7AA', 'awb_bill_no': '#27FFA5', 'notify_party_name': '#9415F6', 'airport_of_destination': '#2D359B', 'final_destination': '#610910', 'net_weight': '#F14E89', 'signed_by_master': '#D23F38', 'invoice_date': '#2304CB', 'lc_date': '#20023E', 'lc_no': '#F417AA', 'signed_by_carrier': '#CAD75F', 'at_place': '#001AE5', 'awb_bill_issue_date': '#4090B5', 'signed_by_agent': '#38879C', 'total_original_no': '#20AA0A', 'flight_details': '#2DD013', 'carrier_address': '#8AAFA9', 'gross_quantity': '#C5A23C', 'transaction_date': '#4116A3', 'consignee_address': '#E37550', 'O': '#DBA4F0', 'shipper_address': '#C7D1F9', 'page_no': '#592317', 'goods_description': '#C139AE', 'freight_collect_or_prepaid': '#EA2B4E', 'agent_address': '#DC36F3', 'stamp': '#61F64E', 'consignee_name': '#1B5C69', 'country_of_origin': '#1F34C2', 'airport_of_departure': '#6A6631', 'carrier_name': '#A1099F', 'place_of_receipt': '#B77160', 'agent_name': '#7F717E', 'master_name': '#FB18ED', 'stamped_onboard_date': '#E6286B', 'shipment_date': '#E1B397', 'declared_value_of_custom': '#5DD315', 'declared_value_of_carriage': '#0471A8', 'amount_insurance': '#663376', 'carriage_condition': '#26EEB9'}
2024-03-26 15:10:14,295 is result_set is instance of dict? True
2024-03-26 15:10:14,296 is final_result_set is instance of dict? True
2024-03-26 15:10:14,437 Time taken for page 1 of Bill_Of_Landing_424_page_5.png:0:00:02.334054
2024-03-26 15:10:14,558 *****Generated All Pages****** for Bill_Of_Landing_424_page_5.png
2024-03-26 15:10:14,558 RAM memory 85.8 used for Bill_Of_Landing_424_page_5.png Generating All Pages:
2024-03-26 15:10:14,558 Processing time taken for all pages of Bill_Of_Landing_424_page_5.png1:0:00:02.466464
2024-03-26 15:10:14,667 file name is:Bill_Of_Landing_418_page_8.png
2024-03-26 15:10:14,667 folder path :Images
2024-03-26 15:10:14,667 Calling Image result
2024-03-26 15:10:14,667 is all_page_result is instance of dict? True
2024-03-26 15:10:14,677 STREAM b'IHDR' 16 13
2024-03-26 15:10:14,677 STREAM b'IDAT' 41 65536
2024-03-26 15:10:14,702 is words is instance of list? True
2024-03-26 15:10:14,702 is bboxes is instance of list? True
2024-03-26 15:10:14,702 is bounding_boxes is instance of list? True
2024-03-26 15:10:14,899 is input_id_chunks is instance of list? True
2024-03-26 15:10:14,899 is mask_chunks is instance of list? True
2024-03-26 15:10:14,899 is bbox_chunks is instance of list? True
2024-03-26 15:10:14,899 is image_chunks is instance of list? True
2024-03-26 15:10:14,899 is input_dict is instance of dict? True
2024-03-26 15:10:16,668 Model Called
2024-03-26 15:10:16,668 RAM memory 85.8 used for Bill_Of_Landing_418_page_8.png:
2024-03-26 15:10:16,668 is all_predictions is instance of list? True
2024-03-26 15:10:16,668 is all_boxes is instance of list? True
2024-03-26 15:10:16,668 is all_confidences is instance of list? True
2024-03-26 15:10:16,668 is all_text is instance of list? True
2024-03-26 15:10:16,668 is label2id is instance of dict? True
2024-03-26 15:10:16,668 is id2label is instance of dict? True
2024-03-26 15:10:16,669 is label2color is instance of dict? True
2024-03-26 15:10:16,669 label2color : {'signature': '#7D9E3F', 'gross_weight': '#8A0D4E', 'freight_collected_at': '#E7779F', 'shipper_name': '#0FFEC0', 'notify_party_address': '#BC5645', 'awb_original_or_copy': '#2CAA7E', 'mode_of_transport': '#4EC6B9', 'flight_date': '#9C07ED', 'measurement': '#A67DFE', 'good_marks': '#535413', 'awb_original_number': '#7A1DBA', 'invoice_number': '#251B26', 'dimension': '#F3A921', 'pre_carriage_by': '#ABB3A2', 'awb_bill_no': '#94F542', 'notify_party_name': '#BEC0A0', 'airport_of_destination': '#B2C9C7', 'final_destination': '#E37659', 'net_weight': '#48430D', 'signed_by_master': '#6C885A', 'invoice_date': '#6DC7F5', 'lc_date': '#4C1146', 'lc_no': '#9C2686', 'signed_by_carrier': '#6C2CCF', 'at_place': '#CB5AE3', 'awb_bill_issue_date': '#687520', 'signed_by_agent': '#228A41', 'total_original_no': '#865C31', 'flight_details': '#5121BE', 'carrier_address': '#D1FF91', 'gross_quantity': '#C4C93B', 'transaction_date': '#2AF36C', 'consignee_address': '#1BB2DF', 'O': '#FEA9C0', 'shipper_address': '#E56951', 'page_no': '#CD93F7', 'goods_description': '#A75D45', 'freight_collect_or_prepaid': '#4CF7CE', 'agent_address': '#E72C67', 'stamp': '#8DFA89', 'consignee_name': '#BC50C5', 'country_of_origin': '#FD78EA', 'airport_of_departure': '#0685A3', 'carrier_name': '#D737B0', 'place_of_receipt': '#AD887D', 'agent_name': '#B0993A', 'master_name': '#19BF26', 'stamped_onboard_date': '#7922D0', 'shipment_date': '#79CC95', 'declared_value_of_custom': '#D01B30', 'declared_value_of_carriage': '#7F7C03', 'amount_insurance': '#0E7988', 'carriage_condition': '#AA61FB'}
2024-03-26 15:10:16,864 is result_set is instance of dict? True
2024-03-26 15:10:16,866 is final_result_set is instance of dict? True
2024-03-26 15:10:17,065 Time taken for page 1 of Bill_Of_Landing_418_page_8.png:0:00:02.387747
2024-03-26 15:10:17,199 *****Generated All Pages****** for Bill_Of_Landing_418_page_8.png
2024-03-26 15:10:17,199 RAM memory 85.7 used for Bill_Of_Landing_418_page_8.png Generating All Pages:
2024-03-26 15:10:17,199 Processing time taken for all pages of Bill_Of_Landing_418_page_8.png1:0:00:02.531936
2024-03-26 15:10:17,308 file name is:Bill_Of_Landing_637_page_0.png
2024-03-26 15:10:17,308 folder path :Images
2024-03-26 15:10:17,308 Calling Image result
2024-03-26 15:10:17,308 is all_page_result is instance of dict? True
2024-03-26 15:10:17,318 STREAM b'IHDR' 16 13
2024-03-26 15:10:17,318 STREAM b'IDAT' 41 65536
2024-03-26 15:10:17,344 is words is instance of list? True
2024-03-26 15:10:17,344 is bboxes is instance of list? True
2024-03-26 15:10:17,344 is bounding_boxes is instance of list? True
2024-03-26 15:10:17,544 is input_id_chunks is instance of list? True
2024-03-26 15:10:17,544 is mask_chunks is instance of list? True
2024-03-26 15:10:17,544 is bbox_chunks is instance of list? True
2024-03-26 15:10:17,544 is image_chunks is instance of list? True
2024-03-26 15:10:17,545 is input_dict is instance of dict? True
2024-03-26 15:10:20,222 Model Called
2024-03-26 15:10:20,223 RAM memory 89.2 used for Bill_Of_Landing_637_page_0.png:
2024-03-26 15:10:20,223 is all_predictions is instance of list? True
2024-03-26 15:10:20,223 is all_boxes is instance of list? True
2024-03-26 15:10:20,223 is all_confidences is instance of list? True
2024-03-26 15:10:20,223 is all_text is instance of list? True
2024-03-26 15:10:20,223 is label2id is instance of dict? True
2024-03-26 15:10:20,223 is id2label is instance of dict? True
2024-03-26 15:10:20,224 is label2color is instance of dict? True
2024-03-26 15:10:20,224 label2color : {'signature': '#70DA52', 'gross_weight': '#6A9407', 'freight_collected_at': '#B26B4C', 'shipper_name': '#97CB4B', 'notify_party_address': '#F180FC', 'awb_original_or_copy': '#5A055E', 'mode_of_transport': '#96AA0F', 'flight_date': '#97761F', 'measurement': '#195328', 'good_marks': '#56490E', 'awb_original_number': '#E95E10', 'invoice_number': '#69AC03', 'dimension': '#0E9514', 'pre_carriage_by': '#925F60', 'awb_bill_no': '#4FF714', 'notify_party_name': '#67EC91', 'airport_of_destination': '#F1EAC3', 'final_destination': '#EE8C7A', 'net_weight': '#7D95F0', 'signed_by_master': '#3B13A4', 'invoice_date': '#163041', 'lc_date': '#60D85D', 'lc_no': '#9DB0F4', 'signed_by_carrier': '#A54149', 'at_place': '#4D8113', 'awb_bill_issue_date': '#2B5282', 'signed_by_agent': '#AB2616', 'total_original_no': '#239652', 'flight_details': '#03FCB0', 'carrier_address': '#6C36CB', 'gross_quantity': '#C2D83B', 'transaction_date': '#B4885D', 'consignee_address': '#8AB113', 'O': '#949671', 'shipper_address': '#F327AB', 'page_no': '#BD3D7C', 'goods_description': '#B58FAD', 'freight_collect_or_prepaid': '#DE1122', 'agent_address': '#35C057', 'stamp': '#B92025', 'consignee_name': '#D9E57D', 'country_of_origin': '#2E7C37', 'airport_of_departure': '#92CEEA', 'carrier_name': '#64D9DA', 'place_of_receipt': '#67C8E5', 'agent_name': '#C16FB4', 'master_name': '#0BB978', 'stamped_onboard_date': '#0AC09F', 'shipment_date': '#05B4A1', 'declared_value_of_custom': '#35124B', 'declared_value_of_carriage': '#12B7FF', 'amount_insurance': '#7DDDC2', 'carriage_condition': '#B78776'}
2024-03-26 15:10:20,474 is result_set is instance of dict? True
2024-03-26 15:10:20,476 is final_result_set is instance of dict? True
2024-03-26 15:10:20,661 Time taken for page 1 of Bill_Of_Landing_637_page_0.png:0:00:03.342361
2024-03-26 15:10:20,785 *****Generated All Pages****** for Bill_Of_Landing_637_page_0.png
2024-03-26 15:10:20,785 RAM memory 89.3 used for Bill_Of_Landing_637_page_0.png Generating All Pages:
2024-03-26 15:10:20,786 Processing time taken for all pages of Bill_Of_Landing_637_page_0.png1:0:00:03.477639
2024-03-26 15:10:20,912 file name is:Bill_Of_Landing_328_page_0.png
2024-03-26 15:10:20,913 folder path :Images
2024-03-26 15:10:20,913 Calling Image result
2024-03-26 15:10:20,913 is all_page_result is instance of dict? True
2024-03-26 15:10:20,923 STREAM b'IHDR' 16 13
2024-03-26 15:10:20,923 STREAM b'IDAT' 41 65536
2024-03-26 15:10:20,950 is words is instance of list? True
2024-03-26 15:10:20,950 is bboxes is instance of list? True
2024-03-26 15:10:20,950 is bounding_boxes is instance of list? True
2024-03-26 15:10:21,151 is input_id_chunks is instance of list? True
2024-03-26 15:10:21,151 is mask_chunks is instance of list? True
2024-03-26 15:10:21,151 is bbox_chunks is instance of list? True
2024-03-26 15:10:21,151 is image_chunks is instance of list? True
2024-03-26 15:10:21,152 is input_dict is instance of dict? True
2024-03-26 15:10:23,040 Model Called
2024-03-26 15:10:23,040 RAM memory 85.8 used for Bill_Of_Landing_328_page_0.png:
2024-03-26 15:10:23,041 is all_predictions is instance of list? True
2024-03-26 15:10:23,041 is all_boxes is instance of list? True
2024-03-26 15:10:23,041 is all_confidences is instance of list? True
2024-03-26 15:10:23,041 is all_text is instance of list? True
2024-03-26 15:10:23,041 is label2id is instance of dict? True
2024-03-26 15:10:23,041 is id2label is instance of dict? True
2024-03-26 15:10:23,042 is label2color is instance of dict? True
2024-03-26 15:10:23,042 label2color : {'signature': '#32A358', 'gross_weight': '#B515C1', 'freight_collected_at': '#468A0D', 'shipper_name': '#E8E288', 'notify_party_address': '#00451F', 'awb_original_or_copy': '#76D8D6', 'mode_of_transport': '#56EA88', 'flight_date': '#69BCD2', 'measurement': '#0413A2', 'good_marks': '#8A0C27', 'awb_original_number': '#852439', 'invoice_number': '#E0A5B3', 'dimension': '#901F6C', 'pre_carriage_by': '#3171BD', 'awb_bill_no': '#35B994', 'notify_party_name': '#4F458B', 'airport_of_destination': '#19B188', 'final_destination': '#D8FDD0', 'net_weight': '#ADE4CB', 'signed_by_master': '#7A0E0A', 'invoice_date': '#58AEA8', 'lc_date': '#44ACCE', 'lc_no': '#B5CEED', 'signed_by_carrier': '#FA72F2', 'at_place': '#2B33BA', 'awb_bill_issue_date': '#C1EAD8', 'signed_by_agent': '#400369', 'total_original_no': '#EED564', 'flight_details': '#5C53D7', 'carrier_address': '#87A36C', 'gross_quantity': '#59317D', 'transaction_date': '#1D2A36', 'consignee_address': '#362ED0', 'O': '#B84AEF', 'shipper_address': '#5C1A64', 'page_no': '#99AF92', 'goods_description': '#82D6AD', 'freight_collect_or_prepaid': '#EE9BA7', 'agent_address': '#BAC5B4', 'stamp': '#574396', 'consignee_name': '#C64728', 'country_of_origin': '#B642AC', 'airport_of_departure': '#4E0AF4', 'carrier_name': '#35D6C6', 'place_of_receipt': '#BA11C6', 'agent_name': '#BD57BE', 'master_name': '#DC18AB', 'stamped_onboard_date': '#272F58', 'shipment_date': '#DE3FF8', 'declared_value_of_custom': '#F3F8FC', 'declared_value_of_carriage': '#552A71', 'amount_insurance': '#4C1B4E', 'carriage_condition': '#D1BD79'}
2024-03-26 15:10:23,238 is result_set is instance of dict? True
2024-03-26 15:10:23,239 is final_result_set is instance of dict? True
2024-03-26 15:10:23,424 Time taken for page 1 of Bill_Of_Landing_328_page_0.png:0:00:02.500265
2024-03-26 15:10:23,571 *****Generated All Pages****** for Bill_Of_Landing_328_page_0.png
2024-03-26 15:10:23,572 RAM memory 85.8 used for Bill_Of_Landing_328_page_0.png Generating All Pages:
2024-03-26 15:10:23,572 Processing time taken for all pages of Bill_Of_Landing_328_page_0.png1:0:00:02.659074
2024-03-26 15:10:23,695 file name is:Bill_Of_Landing_270_page_0.png
2024-03-26 15:10:23,695 folder path :Images
2024-03-26 15:10:23,695 Calling Image result
2024-03-26 15:10:23,695 is all_page_result is instance of dict? True
2024-03-26 15:10:23,705 STREAM b'IHDR' 16 13
2024-03-26 15:10:23,706 STREAM b'IDAT' 41 65536
2024-03-26 15:10:23,733 is words is instance of list? True
2024-03-26 15:10:23,733 is bboxes is instance of list? True
2024-03-26 15:10:23,733 is bounding_boxes is instance of list? True
2024-03-26 15:10:23,946 is input_id_chunks is instance of list? True
2024-03-26 15:10:23,946 is mask_chunks is instance of list? True
2024-03-26 15:10:23,946 is bbox_chunks is instance of list? True
2024-03-26 15:10:23,946 is image_chunks is instance of list? True
2024-03-26 15:10:23,946 is input_dict is instance of dict? True
2024-03-26 15:10:25,848 Model Called
2024-03-26 15:10:25,849 RAM memory 86.2 used for Bill_Of_Landing_270_page_0.png:
2024-03-26 15:10:25,858 is all_predictions is instance of list? True
2024-03-26 15:10:25,859 is all_boxes is instance of list? True
2024-03-26 15:10:25,859 is all_confidences is instance of list? True
2024-03-26 15:10:25,859 is all_text is instance of list? True
2024-03-26 15:10:25,859 is label2id is instance of dict? True
2024-03-26 15:10:25,859 is id2label is instance of dict? True
2024-03-26 15:10:25,860 is label2color is instance of dict? True
2024-03-26 15:10:25,860 label2color : {'signature': '#2F662E', 'gross_weight': '#154C21', 'freight_collected_at': '#DF3D06', 'shipper_name': '#F941E3', 'notify_party_address': '#4F4B3B', 'awb_original_or_copy': '#389807', 'mode_of_transport': '#BCF8BB', 'flight_date': '#BCD46F', 'measurement': '#8AF0F0', 'good_marks': '#8F4338', 'awb_original_number': '#A5D20C', 'invoice_number': '#3773BD', 'dimension': '#5931A4', 'pre_carriage_by': '#34316B', 'awb_bill_no': '#DBFB65', 'notify_party_name': '#ECFA82', 'airport_of_destination': '#A8FC8E', 'final_destination': '#29CA8E', 'net_weight': '#D9ECD7', 'signed_by_master': '#DB7A7D', 'invoice_date': '#94B07F', 'lc_date': '#96B916', 'lc_no': '#03717E', 'signed_by_carrier': '#48ADD2', 'at_place': '#A1A73C', 'awb_bill_issue_date': '#C7C8B3', 'signed_by_agent': '#C60DFC', 'total_original_no': '#1F089F', 'flight_details': '#4EE815', 'carrier_address': '#0FE634', 'gross_quantity': '#FA1929', 'transaction_date': '#142D7C', 'consignee_address': '#319321', 'O': '#07A786', 'shipper_address': '#D79933', 'page_no': '#17DDEE', 'goods_description': '#E7F3E8', 'freight_collect_or_prepaid': '#AA82C6', 'agent_address': '#024497', 'stamp': '#8C145F', 'consignee_name': '#DF35BA', 'country_of_origin': '#86C6A9', 'airport_of_departure': '#1D3E05', 'carrier_name': '#DA3153', 'place_of_receipt': '#470851', 'agent_name': '#A73889', 'master_name': '#29DF73', 'stamped_onboard_date': '#18D389', 'shipment_date': '#B897A5', 'declared_value_of_custom': '#358328', 'declared_value_of_carriage': '#8AC6D9', 'amount_insurance': '#B49ED3', 'carriage_condition': '#6AA5D2'}
2024-03-26 15:10:26,039 is result_set is instance of dict? True
2024-03-26 15:10:26,041 is final_result_set is instance of dict? True
2024-03-26 15:10:26,217 Time taken for page 1 of Bill_Of_Landing_270_page_0.png:0:00:02.510829
2024-03-26 15:10:26,362 *****Generated All Pages****** for Bill_Of_Landing_270_page_0.png
2024-03-26 15:10:26,362 RAM memory 86.5 used for Bill_Of_Landing_270_page_0.png Generating All Pages:
2024-03-26 15:10:26,362 Processing time taken for all pages of Bill_Of_Landing_270_page_0.png1:0:00:02.667133
2024-03-26 15:10:26,485 file name is:Bill_Of_Landing_648_page_1.png
2024-03-26 15:10:26,485 folder path :Images
2024-03-26 15:10:26,485 Calling Image result
2024-03-26 15:10:26,485 is all_page_result is instance of dict? True
2024-03-26 15:10:26,496 STREAM b'IHDR' 16 13
2024-03-26 15:10:26,496 STREAM b'sRGB' 41 1
2024-03-26 15:10:26,496 STREAM b'gAMA' 54 4
2024-03-26 15:10:26,496 STREAM b'pHYs' 70 9
2024-03-26 15:10:26,496 STREAM b'IDAT' 91 34243
2024-03-26 15:10:26,513 is words is instance of list? True
2024-03-26 15:10:26,513 is bboxes is instance of list? True
2024-03-26 15:10:26,513 is bounding_boxes is instance of list? True
2024-03-26 15:10:26,625 is input_id_chunks is instance of list? True
2024-03-26 15:10:26,625 is mask_chunks is instance of list? True
2024-03-26 15:10:26,625 is bbox_chunks is instance of list? True
2024-03-26 15:10:26,625 is image_chunks is instance of list? True
2024-03-26 15:10:26,626 is input_dict is instance of dict? True
2024-03-26 15:10:27,581 Model Called
2024-03-26 15:10:27,581 RAM memory 86.6 used for Bill_Of_Landing_648_page_1.png:
2024-03-26 15:10:27,581 is all_predictions is instance of list? True
2024-03-26 15:10:27,581 is all_boxes is instance of list? True
2024-03-26 15:10:27,581 is all_confidences is instance of list? True
2024-03-26 15:10:27,581 is all_text is instance of list? True
2024-03-26 15:10:27,581 is label2id is instance of dict? True
2024-03-26 15:10:27,581 is id2label is instance of dict? True
2024-03-26 15:10:27,582 is label2color is instance of dict? True
2024-03-26 15:10:27,582 label2color : {'signature': '#4C1E99', 'gross_weight': '#7CE650', 'freight_collected_at': '#6894BF', 'shipper_name': '#151111', 'notify_party_address': '#22240A', 'awb_original_or_copy': '#3519C6', 'mode_of_transport': '#2DF516', 'flight_date': '#D009C8', 'measurement': '#36402E', 'good_marks': '#2A7A98', 'awb_original_number': '#4104C2', 'invoice_number': '#2F1F5E', 'dimension': '#147047', 'pre_carriage_by': '#0833AE', 'awb_bill_no': '#B4D113', 'notify_party_name': '#707A32', 'airport_of_destination': '#22A33F', 'final_destination': '#AA2110', 'net_weight': '#8BAE1E', 'signed_by_master': '#5BE01E', 'invoice_date': '#A1E6AF', 'lc_date': '#6EBDF7', 'lc_no': '#38C816', 'signed_by_carrier': '#C78B5C', 'at_place': '#14771B', 'awb_bill_issue_date': '#D68C3B', 'signed_by_agent': '#0CEE4A', 'total_original_no': '#946A11', 'flight_details': '#6FF16A', 'carrier_address': '#9D7E8E', 'gross_quantity': '#D95528', 'transaction_date': '#0A3AA9', 'consignee_address': '#38458D', 'O': '#AB6582', 'shipper_address': '#F9441A', 'page_no': '#DAE986', 'goods_description': '#F7EEE8', 'freight_collect_or_prepaid': '#F1C7F5', 'agent_address': '#F6ABFD', 'stamp': '#2B9B57', 'consignee_name': '#78556E', 'country_of_origin': '#7867A2', 'airport_of_departure': '#DBBFBF', 'carrier_name': '#6B6FAC', 'place_of_receipt': '#4152CF', 'agent_name': '#9755B5', 'master_name': '#496808', 'stamped_onboard_date': '#2B4ED7', 'shipment_date': '#EC06AF', 'declared_value_of_custom': '#93006F', 'declared_value_of_carriage': '#BBEF26', 'amount_insurance': '#38D1E9', 'carriage_condition': '#9F7D67'}
2024-03-26 15:10:27,650 is result_set is instance of dict? True
2024-03-26 15:10:27,651 is final_result_set is instance of dict? True
2024-03-26 15:10:27,730 Time taken for page 1 of Bill_Of_Landing_648_page_1.png:0:00:01.233181
2024-03-26 15:10:27,799 *****Generated All Pages****** for Bill_Of_Landing_648_page_1.png
2024-03-26 15:10:27,800 RAM memory 86.6 used for Bill_Of_Landing_648_page_1.png Generating All Pages:
2024-03-26 15:10:27,800 Processing time taken for all pages of Bill_Of_Landing_648_page_1.png1:0:00:01.314213
2024-03-26 15:10:27,909 file name is:Bill_Of_Landing_310_page_0.png
2024-03-26 15:10:27,909 folder path :Images
2024-03-26 15:10:27,909 Calling Image result
2024-03-26 15:10:27,909 is all_page_result is instance of dict? True
2024-03-26 15:10:27,919 STREAM b'IHDR' 16 13
2024-03-26 15:10:27,919 STREAM b'IDAT' 41 65536
2024-03-26 15:10:27,945 is words is instance of list? True
2024-03-26 15:10:27,945 is bboxes is instance of list? True
2024-03-26 15:10:27,945 is bounding_boxes is instance of list? True
2024-03-26 15:10:28,150 is input_id_chunks is instance of list? True
2024-03-26 15:10:28,150 is mask_chunks is instance of list? True
2024-03-26 15:10:28,150 is bbox_chunks is instance of list? True
2024-03-26 15:10:28,150 is image_chunks is instance of list? True
2024-03-26 15:10:28,151 is input_dict is instance of dict? True
2024-03-26 15:10:29,954 Model Called
2024-03-26 15:10:29,955 RAM memory 86.3 used for Bill_Of_Landing_310_page_0.png:
2024-03-26 15:10:29,955 is all_predictions is instance of list? True
2024-03-26 15:10:29,955 is all_boxes is instance of list? True
2024-03-26 15:10:29,955 is all_confidences is instance of list? True
2024-03-26 15:10:29,955 is all_text is instance of list? True
2024-03-26 15:10:29,955 is label2id is instance of dict? True
2024-03-26 15:10:29,955 is id2label is instance of dict? True
2024-03-26 15:10:29,956 is label2color is instance of dict? True
2024-03-26 15:10:29,956 label2color : {'signature': '#9EA07C', 'gross_weight': '#CEA815', 'freight_collected_at': '#BDB1BC', 'shipper_name': '#02D4B6', 'notify_party_address': '#2C895E', 'awb_original_or_copy': '#49BEA1', 'mode_of_transport': '#A9EE20', 'flight_date': '#632BD0', 'measurement': '#106B76', 'good_marks': '#D9264F', 'awb_original_number': '#60FA01', 'invoice_number': '#76D7CD', 'dimension': '#0B37E8', 'pre_carriage_by': '#DCA784', 'awb_bill_no': '#9E22C3', 'notify_party_name': '#B173C1', 'airport_of_destination': '#FF3EE5', 'final_destination': '#260666', 'net_weight': '#D2D977', 'signed_by_master': '#9BCADE', 'invoice_date': '#AB6768', 'lc_date': '#226BF8', 'lc_no': '#73A00D', 'signed_by_carrier': '#1FD420', 'at_place': '#31B127', 'awb_bill_issue_date': '#30BA3D', 'signed_by_agent': '#21E2C7', 'total_original_no': '#7EF87A', 'flight_details': '#F2BBBD', 'carrier_address': '#0BA0AD', 'gross_quantity': '#8CF5EE', 'transaction_date': '#EC5504', 'consignee_address': '#6F67F6', 'O': '#80E7C7', 'shipper_address': '#EF1729', 'page_no': '#99CDBD', 'goods_description': '#3F1B75', 'freight_collect_or_prepaid': '#43022F', 'agent_address': '#BED69B', 'stamp': '#32C876', 'consignee_name': '#E280AC', 'country_of_origin': '#2FA2EA', 'airport_of_departure': '#7795AB', 'carrier_name': '#188F53', 'place_of_receipt': '#82DD5B', 'agent_name': '#F5B70B', 'master_name': '#AB5AE3', 'stamped_onboard_date': '#2FB1B6', 'shipment_date': '#FB87AC', 'declared_value_of_custom': '#A1C6FB', 'declared_value_of_carriage': '#445613', 'amount_insurance': '#ECF6BB', 'carriage_condition': '#7231D0'}
2024-03-26 15:10:30,138 is result_set is instance of dict? True
2024-03-26 15:10:30,140 is final_result_set is instance of dict? True
2024-03-26 15:10:30,306 Time taken for page 1 of Bill_Of_Landing_310_page_0.png:0:00:02.386707
2024-03-26 15:10:30,446 *****Generated All Pages****** for Bill_Of_Landing_310_page_0.png
2024-03-26 15:10:30,446 RAM memory 86.4 used for Bill_Of_Landing_310_page_0.png Generating All Pages:
2024-03-26 15:10:30,446 Processing time taken for all pages of Bill_Of_Landing_310_page_0.png1:0:00:02.537427
2024-03-26 15:10:30,568 file name is:Bill_Of_Landing_270_page_2.png
2024-03-26 15:10:30,568 folder path :Images
2024-03-26 15:10:30,568 Calling Image result
2024-03-26 15:10:30,568 is all_page_result is instance of dict? True
2024-03-26 15:10:30,578 STREAM b'IHDR' 16 13
2024-03-26 15:10:30,579 STREAM b'IDAT' 41 65536
2024-03-26 15:10:30,605 is words is instance of list? True
2024-03-26 15:10:30,605 is bboxes is instance of list? True
2024-03-26 15:10:30,605 is bounding_boxes is instance of list? True
2024-03-26 15:10:30,799 is input_id_chunks is instance of list? True
2024-03-26 15:10:30,799 is mask_chunks is instance of list? True
2024-03-26 15:10:30,799 is bbox_chunks is instance of list? True
2024-03-26 15:10:30,799 is image_chunks is instance of list? True
2024-03-26 15:10:30,800 is input_dict is instance of dict? True
2024-03-26 15:10:32,729 Model Called
2024-03-26 15:10:32,730 RAM memory 86.1 used for Bill_Of_Landing_270_page_2.png:
2024-03-26 15:10:32,730 is all_predictions is instance of list? True
2024-03-26 15:10:32,730 is all_boxes is instance of list? True
2024-03-26 15:10:32,730 is all_confidences is instance of list? True
2024-03-26 15:10:32,730 is all_text is instance of list? True
2024-03-26 15:10:32,730 is label2id is instance of dict? True
2024-03-26 15:10:32,730 is id2label is instance of dict? True
2024-03-26 15:10:32,731 is label2color is instance of dict? True
2024-03-26 15:10:32,731 label2color : {'signature': '#522DF8', 'gross_weight': '#F228AF', 'freight_collected_at': '#221BD1', 'shipper_name': '#0D8B0F', 'notify_party_address': '#6C9174', 'awb_original_or_copy': '#DD6931', 'mode_of_transport': '#F8C07E', 'flight_date': '#02446F', 'measurement': '#4CCEA4', 'good_marks': '#5524DC', 'awb_original_number': '#460164', 'invoice_number': '#25AAB5', 'dimension': '#CDD36A', 'pre_carriage_by': '#4B71F3', 'awb_bill_no': '#1E2158', 'notify_party_name': '#D80C49', 'airport_of_destination': '#4100B8', 'final_destination': '#D6FF3A', 'net_weight': '#E1955B', 'signed_by_master': '#A8F105', 'invoice_date': '#C03DC2', 'lc_date': '#B8322D', 'lc_no': '#E7E123', 'signed_by_carrier': '#DF4ABD', 'at_place': '#7AFBB9', 'awb_bill_issue_date': '#FB9B86', 'signed_by_agent': '#7BFE1A', 'total_original_no': '#1BD0B9', 'flight_details': '#8767F4', 'carrier_address': '#86883D', 'gross_quantity': '#2B5F75', 'transaction_date': '#1D7771', 'consignee_address': '#8527BA', 'O': '#65A47D', 'shipper_address': '#46DB4A', 'page_no': '#D6CEE1', 'goods_description': '#293317', 'freight_collect_or_prepaid': '#75F616', 'agent_address': '#771397', 'stamp': '#38FBCB', 'consignee_name': '#89B3C6', 'country_of_origin': '#412147', 'airport_of_departure': '#00ED37', 'carrier_name': '#291099', 'place_of_receipt': '#52EF9A', 'agent_name': '#456684', 'master_name': '#8F23E0', 'stamped_onboard_date': '#80AFFC', 'shipment_date': '#F10C12', 'declared_value_of_custom': '#B9D33C', 'declared_value_of_carriage': '#E9F60F', 'amount_insurance': '#2E5470', 'carriage_condition': '#EBF595'}
2024-03-26 15:10:32,918 is result_set is instance of dict? True
2024-03-26 15:10:32,920 is final_result_set is instance of dict? True
2024-03-26 15:10:33,083 Time taken for page 1 of Bill_Of_Landing_270_page_2.png:0:00:02.504075
2024-03-26 15:10:33,219 *****Generated All Pages****** for Bill_Of_Landing_270_page_2.png
2024-03-26 15:10:33,219 RAM memory 86.1 used for Bill_Of_Landing_270_page_2.png Generating All Pages:
2024-03-26 15:10:33,219 Processing time taken for all pages of Bill_Of_Landing_270_page_2.png1:0:00:02.650702
2024-03-26 15:10:33,331 file name is:Bill_Of_Landing_486_page_0.png
2024-03-26 15:10:33,332 folder path :Images
2024-03-26 15:10:33,332 Calling Image result
2024-03-26 15:10:33,332 is all_page_result is instance of dict? True
2024-03-26 15:10:33,342 STREAM b'IHDR' 16 13
2024-03-26 15:10:33,342 STREAM b'IDAT' 41 65536
2024-03-26 15:10:33,368 is words is instance of list? True
2024-03-26 15:10:33,368 is bboxes is instance of list? True
2024-03-26 15:10:33,368 is bounding_boxes is instance of list? True
2024-03-26 15:10:33,564 is input_id_chunks is instance of list? True
2024-03-26 15:10:33,564 is mask_chunks is instance of list? True
2024-03-26 15:10:33,564 is bbox_chunks is instance of list? True
2024-03-26 15:10:33,564 is image_chunks is instance of list? True
2024-03-26 15:10:33,565 is input_dict is instance of dict? True
2024-03-26 15:10:35,357 Model Called
2024-03-26 15:10:35,357 RAM memory 86.0 used for Bill_Of_Landing_486_page_0.png:
2024-03-26 15:10:35,357 is all_predictions is instance of list? True
2024-03-26 15:10:35,357 is all_boxes is instance of list? True
2024-03-26 15:10:35,357 is all_confidences is instance of list? True
2024-03-26 15:10:35,357 is all_text is instance of list? True
2024-03-26 15:10:35,357 is label2id is instance of dict? True
2024-03-26 15:10:35,357 is id2label is instance of dict? True
2024-03-26 15:10:35,358 is label2color is instance of dict? True
2024-03-26 15:10:35,358 label2color : {'signature': '#352D45', 'gross_weight': '#BCBF42', 'freight_collected_at': '#0ACE2F', 'shipper_name': '#CD108D', 'notify_party_address': '#1D1742', 'awb_original_or_copy': '#3F9F53', 'mode_of_transport': '#797C26', 'flight_date': '#04DF73', 'measurement': '#FF7E45', 'good_marks': '#FC7B0D', 'awb_original_number': '#3DF631', 'invoice_number': '#1AB802', 'dimension': '#6E0F99', 'pre_carriage_by': '#A22EEC', 'awb_bill_no': '#7B4A03', 'notify_party_name': '#B2E47A', 'airport_of_destination': '#5B2F6B', 'final_destination': '#679D25', 'net_weight': '#8B5E70', 'signed_by_master': '#0A1713', 'invoice_date': '#1D7119', 'lc_date': '#9E6719', 'lc_no': '#9D3E73', 'signed_by_carrier': '#836C6C', 'at_place': '#9D1E14', 'awb_bill_issue_date': '#0513BB', 'signed_by_agent': '#8A3194', 'total_original_no': '#DA75F0', 'flight_details': '#CCC23F', 'carrier_address': '#3A58FA', 'gross_quantity': '#154820', 'transaction_date': '#B88148', 'consignee_address': '#1948DF', 'O': '#7D8304', 'shipper_address': '#338A68', 'page_no': '#B7231E', 'goods_description': '#8B5050', 'freight_collect_or_prepaid': '#4A480D', 'agent_address': '#FEAA41', 'stamp': '#6ED29F', 'consignee_name': '#49CA57', 'country_of_origin': '#E06791', 'airport_of_departure': '#3E44BE', 'carrier_name': '#D32828', 'place_of_receipt': '#AAC084', 'agent_name': '#28C213', 'master_name': '#B67AD7', 'stamped_onboard_date': '#DA1729', 'shipment_date': '#9A70FE', 'declared_value_of_custom': '#E64B62', 'declared_value_of_carriage': '#9CB984', 'amount_insurance': '#F0B495', 'carriage_condition': '#8B56D9'}
2024-03-26 15:10:35,550 is result_set is instance of dict? True
2024-03-26 15:10:35,551 is final_result_set is instance of dict? True
2024-03-26 15:10:35,766 Time taken for page 1 of Bill_Of_Landing_486_page_0.png:0:00:02.423951
2024-03-26 15:10:35,907 *****Generated All Pages****** for Bill_Of_Landing_486_page_0.png
2024-03-26 15:10:35,907 RAM memory 85.8 used for Bill_Of_Landing_486_page_0.png Generating All Pages:
2024-03-26 15:10:35,907 Processing time taken for all pages of Bill_Of_Landing_486_page_0.png1:0:00:02.575328
2024-03-26 15:10:36,017 file name is:Bill_Of_Landing_562_page_9.png
2024-03-26 15:10:36,018 folder path :Images
2024-03-26 15:10:36,018 Calling Image result
2024-03-26 15:10:36,018 is all_page_result is instance of dict? True
2024-03-26 15:10:36,028 STREAM b'IHDR' 16 13
2024-03-26 15:10:36,028 STREAM b'IDAT' 41 62466
2024-03-26 15:10:36,055 is words is instance of list? True
2024-03-26 15:10:36,055 is bboxes is instance of list? True
2024-03-26 15:10:36,055 is bounding_boxes is instance of list? True
2024-03-26 15:10:36,272 is input_id_chunks is instance of list? True
2024-03-26 15:10:36,272 is mask_chunks is instance of list? True
2024-03-26 15:10:36,272 is bbox_chunks is instance of list? True
2024-03-26 15:10:36,272 is image_chunks is instance of list? True
2024-03-26 15:10:36,272 is input_dict is instance of dict? True
2024-03-26 15:10:38,054 Model Called
2024-03-26 15:10:38,054 RAM memory 86.0 used for Bill_Of_Landing_562_page_9.png:
2024-03-26 15:10:38,054 is all_predictions is instance of list? True
2024-03-26 15:10:38,054 is all_boxes is instance of list? True
2024-03-26 15:10:38,054 is all_confidences is instance of list? True
2024-03-26 15:10:38,054 is all_text is instance of list? True
2024-03-26 15:10:38,054 is label2id is instance of dict? True
2024-03-26 15:10:38,054 is id2label is instance of dict? True
2024-03-26 15:10:38,055 is label2color is instance of dict? True
2024-03-26 15:10:38,055 label2color : {'signature': '#268C09', 'gross_weight': '#5E27F8', 'freight_collected_at': '#EFB0E0', 'shipper_name': '#DEB51D', 'notify_party_address': '#67BB86', 'awb_original_or_copy': '#B76D4E', 'mode_of_transport': '#12B103', 'flight_date': '#49C5E4', 'measurement': '#BE9B30', 'good_marks': '#D36623', 'awb_original_number': '#43DC94', 'invoice_number': '#41FC98', 'dimension': '#4B603E', 'pre_carriage_by': '#C5769C', 'awb_bill_no': '#6F0AB8', 'notify_party_name': '#7BA5F9', 'airport_of_destination': '#C4DA6D', 'final_destination': '#E0D95A', 'net_weight': '#B40B98', 'signed_by_master': '#26AD02', 'invoice_date': '#49A455', 'lc_date': '#7AA446', 'lc_no': '#6FC32D', 'signed_by_carrier': '#4FD4A9', 'at_place': '#9946AB', 'awb_bill_issue_date': '#BF4077', 'signed_by_agent': '#64096B', 'total_original_no': '#E89B4C', 'flight_details': '#883876', 'carrier_address': '#54C9AE', 'gross_quantity': '#6B40E7', 'transaction_date': '#D6903C', 'consignee_address': '#FDD12E', 'O': '#F49141', 'shipper_address': '#7E533E', 'page_no': '#1D6CCC', 'goods_description': '#079E69', 'freight_collect_or_prepaid': '#0C4D4B', 'agent_address': '#540892', 'stamp': '#8725DE', 'consignee_name': '#EED09B', 'country_of_origin': '#38CF08', 'airport_of_departure': '#DF1FD8', 'carrier_name': '#9E3CCD', 'place_of_receipt': '#FC31FE', 'agent_name': '#DAACCC', 'master_name': '#B7EE78', 'stamped_onboard_date': '#B46152', 'shipment_date': '#C2ADC8', 'declared_value_of_custom': '#DE193D', 'declared_value_of_carriage': '#D243BE', 'amount_insurance': '#F38734', 'carriage_condition': '#C2C5E1'}
2024-03-26 15:10:38,251 is result_set is instance of dict? True
2024-03-26 15:10:38,253 is final_result_set is instance of dict? True
2024-03-26 15:10:38,400 Time taken for page 1 of Bill_Of_Landing_562_page_9.png:0:00:02.372269
2024-03-26 15:10:38,525 *****Generated All Pages****** for Bill_Of_Landing_562_page_9.png
2024-03-26 15:10:38,525 RAM memory 86.0 used for Bill_Of_Landing_562_page_9.png Generating All Pages:
2024-03-26 15:10:38,526 Processing time taken for all pages of Bill_Of_Landing_562_page_9.png1:0:00:02.507819
2024-03-26 15:10:38,634 file name is:Packing_List_780_page_1.png
2024-03-26 15:10:38,634 folder path :Images
2024-03-26 15:10:38,634 Calling Image result
2024-03-26 15:10:38,635 is all_page_result is instance of dict? True
2024-03-26 15:10:38,645 STREAM b'IHDR' 16 13
2024-03-26 15:10:38,645 STREAM b'IDAT' 41 65536
2024-03-26 15:10:38,673 is words is instance of list? True
2024-03-26 15:10:38,673 is bboxes is instance of list? True
2024-03-26 15:10:38,673 is bounding_boxes is instance of list? True
2024-03-26 15:10:38,869 is input_id_chunks is instance of list? True
2024-03-26 15:10:38,870 is mask_chunks is instance of list? True
2024-03-26 15:10:38,870 is bbox_chunks is instance of list? True
2024-03-26 15:10:38,870 is image_chunks is instance of list? True
2024-03-26 15:10:38,870 is input_dict is instance of dict? True
2024-03-26 15:10:42,799 Model Called
2024-03-26 15:10:42,800 RAM memory 94.3 used for Packing_List_780_page_1.png:
2024-03-26 15:10:42,800 is all_predictions is instance of list? True
2024-03-26 15:10:42,800 is all_boxes is instance of list? True
2024-03-26 15:10:42,800 is all_confidences is instance of list? True
2024-03-26 15:10:42,800 is all_text is instance of list? True
2024-03-26 15:10:42,802 is label2id is instance of dict? True
2024-03-26 15:10:42,802 is id2label is instance of dict? True
2024-03-26 15:10:42,803 is label2color is instance of dict? True
2024-03-26 15:10:42,803 label2color : {'signature': '#0F9BC3', 'gross_weight': '#6F4E84', 'freight_collected_at': '#9AE830', 'shipper_name': '#6C2D0C', 'notify_party_address': '#2F0C36', 'awb_original_or_copy': '#3D4B6E', 'mode_of_transport': '#555A36', 'flight_date': '#7DDD33', 'measurement': '#9CBA48', 'good_marks': '#B2CA02', 'awb_original_number': '#DF40EC', 'invoice_number': '#1AD7D7', 'dimension': '#F203F4', 'pre_carriage_by': '#3AAED7', 'awb_bill_no': '#8B8A34', 'notify_party_name': '#5CDDC7', 'airport_of_destination': '#D46BEA', 'final_destination': '#12EA42', 'net_weight': '#AC4CD3', 'signed_by_master': '#2FAB01', 'invoice_date': '#812BF7', 'lc_date': '#09ACD8', 'lc_no': '#E20234', 'signed_by_carrier': '#6A3547', 'at_place': '#BD8E49', 'awb_bill_issue_date': '#16B375', 'signed_by_agent': '#98C0E7', 'total_original_no': '#26A648', 'flight_details': '#5CEA44', 'carrier_address': '#730C20', 'gross_quantity': '#B54C92', 'transaction_date': '#C12857', 'consignee_address': '#EB0F0D', 'O': '#7DD1EB', 'shipper_address': '#F414E7', 'page_no': '#D4D69C', 'goods_description': '#9FCC74', 'freight_collect_or_prepaid': '#EC3672', 'agent_address': '#9C19F8', 'stamp': '#3F73DF', 'consignee_name': '#0A75A9', 'country_of_origin': '#680ED7', 'airport_of_departure': '#D2D6A4', 'carrier_name': '#2DF1B1', 'place_of_receipt': '#D757A4', 'agent_name': '#2A2EB1', 'master_name': '#9CF01B', 'stamped_onboard_date': '#D3FC90', 'shipment_date': '#25D5EB', 'declared_value_of_custom': '#B5A3DD', 'declared_value_of_carriage': '#14CC49', 'amount_insurance': '#72D237', 'carriage_condition': '#6EAEB8'}
2024-03-26 15:10:43,102 is result_set is instance of dict? True
2024-03-26 15:10:43,104 is final_result_set is instance of dict? True
2024-03-26 15:10:43,311 Time taken for page 1 of Packing_List_780_page_1.png:0:00:04.666283
2024-03-26 15:10:43,493 *****Generated All Pages****** for Packing_List_780_page_1.png
2024-03-26 15:10:43,493 RAM memory 94.3 used for Packing_List_780_page_1.png Generating All Pages:
2024-03-26 15:10:43,493 Processing time taken for all pages of Packing_List_780_page_1.png1:0:00:04.859002
2024-03-26 15:10:43,631 file name is:Bill_Of_Landing_678_page_0.png
2024-03-26 15:10:43,631 folder path :Images
2024-03-26 15:10:43,631 Calling Image result
2024-03-26 15:10:43,631 is all_page_result is instance of dict? True
2024-03-26 15:10:43,631 STREAM b'IHDR' 16 13
2024-03-26 15:10:43,632 STREAM b'IDAT' 41 65536
2024-03-26 15:10:43,696 is words is instance of list? True
2024-03-26 15:10:43,696 is bboxes is instance of list? True
2024-03-26 15:10:43,696 is bounding_boxes is instance of list? True
2024-03-26 15:10:44,226 is input_id_chunks is instance of list? True
2024-03-26 15:10:44,226 is mask_chunks is instance of list? True
2024-03-26 15:10:44,226 is bbox_chunks is instance of list? True
2024-03-26 15:10:44,226 is image_chunks is instance of list? True
2024-03-26 15:10:44,227 is input_dict is instance of dict? True
2024-03-26 15:10:46,900 Model Called
2024-03-26 15:10:46,900 RAM memory 89.6 used for Bill_Of_Landing_678_page_0.png:
2024-03-26 15:10:46,900 is all_predictions is instance of list? True
2024-03-26 15:10:46,900 is all_boxes is instance of list? True
2024-03-26 15:10:46,900 is all_confidences is instance of list? True
2024-03-26 15:10:46,900 is all_text is instance of list? True
2024-03-26 15:10:46,900 is label2id is instance of dict? True
2024-03-26 15:10:46,900 is id2label is instance of dict? True
2024-03-26 15:10:46,901 is label2color is instance of dict? True
2024-03-26 15:10:46,901 label2color : {'signature': '#A7F402', 'gross_weight': '#FE6F4A', 'freight_collected_at': '#3A8FE4', 'shipper_name': '#C76A7C', 'notify_party_address': '#1A1695', 'awb_original_or_copy': '#148931', 'mode_of_transport': '#9B16BF', 'flight_date': '#5CD8D4', 'measurement': '#90CF7B', 'good_marks': '#B9615D', 'awb_original_number': '#A5FE01', 'invoice_number': '#8E415F', 'dimension': '#E19B5B', 'pre_carriage_by': '#8371D3', 'awb_bill_no': '#E4EBDF', 'notify_party_name': '#673B13', 'airport_of_destination': '#0E85CA', 'final_destination': '#881ACC', 'net_weight': '#CF0A58', 'signed_by_master': '#E17CC0', 'invoice_date': '#41004A', 'lc_date': '#29AE93', 'lc_no': '#7677C6', 'signed_by_carrier': '#9C8B3F', 'at_place': '#460BF7', 'awb_bill_issue_date': '#2F6B7E', 'signed_by_agent': '#8901C6', 'total_original_no': '#5FA582', 'flight_details': '#B61CD9', 'carrier_address': '#870259', 'gross_quantity': '#D3821C', 'transaction_date': '#5AD0B5', 'consignee_address': '#55D184', 'O': '#08BAEA', 'shipper_address': '#30ABD6', 'page_no': '#C1389B', 'goods_description': '#749DD2', 'freight_collect_or_prepaid': '#CB6AF8', 'agent_address': '#B6A836', 'stamp': '#D927FB', 'consignee_name': '#A98C3B', 'country_of_origin': '#54F82A', 'airport_of_departure': '#4DC695', 'carrier_name': '#0FF197', 'place_of_receipt': '#D54A69', 'agent_name': '#CA9195', 'master_name': '#D751C2', 'stamped_onboard_date': '#8B0E1A', 'shipment_date': '#D4B94D', 'declared_value_of_custom': '#05EDF2', 'declared_value_of_carriage': '#8E5419', 'amount_insurance': '#D38F2E', 'carriage_condition': '#7FB9AB'}
2024-03-26 15:10:47,591 is result_set is instance of dict? True
2024-03-26 15:10:47,593 is final_result_set is instance of dict? True
2024-03-26 15:10:47,794 Time taken for page 1 of Bill_Of_Landing_678_page_0.png:0:00:04.162622
2024-03-26 15:10:48,085 *****Generated All Pages****** for Bill_Of_Landing_678_page_0.png
2024-03-26 15:10:48,085 RAM memory 89.7 used for Bill_Of_Landing_678_page_0.png Generating All Pages:
2024-03-26 15:10:48,085 Processing time taken for all pages of Bill_Of_Landing_678_page_0.png1:0:00:04.454122
2024-03-26 15:10:48,229 file name is:Bill_Of_Landing_681_page_0.png
2024-03-26 15:10:48,230 folder path :Images
2024-03-26 15:10:48,230 Calling Image result
2024-03-26 15:10:48,230 is all_page_result is instance of dict? True
2024-03-26 15:10:48,240 STREAM b'IHDR' 16 13
2024-03-26 15:10:48,240 STREAM b'IDAT' 41 65536
2024-03-26 15:10:48,303 is words is instance of list? True
2024-03-26 15:10:48,304 is bboxes is instance of list? True
2024-03-26 15:10:48,304 is bounding_boxes is instance of list? True
2024-03-26 15:10:48,830 is input_id_chunks is instance of list? True
2024-03-26 15:10:48,830 is mask_chunks is instance of list? True
2024-03-26 15:10:48,830 is bbox_chunks is instance of list? True
2024-03-26 15:10:48,830 is image_chunks is instance of list? True
2024-03-26 15:10:48,831 is input_dict is instance of dict? True
2024-03-26 15:10:50,648 Model Called
2024-03-26 15:10:50,648 RAM memory 83.8 used for Bill_Of_Landing_681_page_0.png:
2024-03-26 15:10:50,648 is all_predictions is instance of list? True
2024-03-26 15:10:50,649 is all_boxes is instance of list? True
2024-03-26 15:10:50,649 is all_confidences is instance of list? True
2024-03-26 15:10:50,649 is all_text is instance of list? True
2024-03-26 15:10:50,649 is label2id is instance of dict? True
2024-03-26 15:10:50,649 is id2label is instance of dict? True
2024-03-26 15:10:50,650 is label2color is instance of dict? True
2024-03-26 15:10:50,650 label2color : {'signature': '#DF714B', 'gross_weight': '#347FC8', 'freight_collected_at': '#286F0F', 'shipper_name': '#BEF69A', 'notify_party_address': '#4B56EA', 'awb_original_or_copy': '#500E98', 'mode_of_transport': '#F5C053', 'flight_date': '#90F0EF', 'measurement': '#8E14DF', 'good_marks': '#63B85D', 'awb_original_number': '#CFC7A3', 'invoice_number': '#8C7D3C', 'dimension': '#AFEEAE', 'pre_carriage_by': '#00BE6C', 'awb_bill_no': '#C25D88', 'notify_party_name': '#12C8B3', 'airport_of_destination': '#082E53', 'final_destination': '#FF878E', 'net_weight': '#FCAADB', 'signed_by_master': '#497770', 'invoice_date': '#0397C1', 'lc_date': '#5B0038', 'lc_no': '#773E49', 'signed_by_carrier': '#D4B91E', 'at_place': '#4F2195', 'awb_bill_issue_date': '#C6E5DD', 'signed_by_agent': '#DE78EE', 'total_original_no': '#9280AD', 'flight_details': '#5573EF', 'carrier_address': '#9763CB', 'gross_quantity': '#ED29D0', 'transaction_date': '#A82361', 'consignee_address': '#E77190', 'O': '#340E0D', 'shipper_address': '#EA53D8', 'page_no': '#B8FC97', 'goods_description': '#DA1F2F', 'freight_collect_or_prepaid': '#4BA3D4', 'agent_address': '#9B55FC', 'stamp': '#9FC6DD', 'consignee_name': '#FB5B76', 'country_of_origin': '#3F97FA', 'airport_of_departure': '#8B22BD', 'carrier_name': '#4A4E67', 'place_of_receipt': '#3F7A12', 'agent_name': '#A6DDF9', 'master_name': '#ED50F3', 'stamped_onboard_date': '#8A4FC7', 'shipment_date': '#724C11', 'declared_value_of_custom': '#7C6AC9', 'declared_value_of_carriage': '#8DC355', 'amount_insurance': '#07BAE4', 'carriage_condition': '#8CF811'}
2024-03-26 15:10:51,090 is result_set is instance of dict? True
2024-03-26 15:10:51,092 is final_result_set is instance of dict? True
2024-03-26 15:10:51,290 Time taken for page 1 of Bill_Of_Landing_681_page_0.png:0:00:03.050078
2024-03-26 15:10:51,581 *****Generated All Pages****** for Bill_Of_Landing_681_page_0.png
2024-03-26 15:10:51,581 RAM memory 83.6 used for Bill_Of_Landing_681_page_0.png Generating All Pages:
2024-03-26 15:10:51,581 Processing time taken for all pages of Bill_Of_Landing_681_page_0.png1:0:00:03.351315
2024-03-26 15:10:51,692 file name is:Bill_Of_Landing_562_page_21.png
2024-03-26 15:10:51,692 folder path :Images
2024-03-26 15:10:51,692 Calling Image result
2024-03-26 15:10:51,692 is all_page_result is instance of dict? True
2024-03-26 15:10:51,702 STREAM b'IHDR' 16 13
2024-03-26 15:10:51,702 STREAM b'IDAT' 41 65536
2024-03-26 15:10:51,729 is words is instance of list? True
2024-03-26 15:10:51,730 is bboxes is instance of list? True
2024-03-26 15:10:51,730 is bounding_boxes is instance of list? True
2024-03-26 15:10:51,924 is input_id_chunks is instance of list? True
2024-03-26 15:10:51,924 is mask_chunks is instance of list? True
2024-03-26 15:10:51,924 is bbox_chunks is instance of list? True
2024-03-26 15:10:51,924 is image_chunks is instance of list? True
2024-03-26 15:10:51,924 is input_dict is instance of dict? True
2024-03-26 15:10:53,695 Model Called
2024-03-26 15:10:53,695 RAM memory 83.6 used for Bill_Of_Landing_562_page_21.png:
2024-03-26 15:10:53,695 is all_predictions is instance of list? True
2024-03-26 15:10:53,695 is all_boxes is instance of list? True
2024-03-26 15:10:53,695 is all_confidences is instance of list? True
2024-03-26 15:10:53,695 is all_text is instance of list? True
2024-03-26 15:10:53,696 is label2id is instance of dict? True
2024-03-26 15:10:53,696 is id2label is instance of dict? True
2024-03-26 15:10:53,696 is label2color is instance of dict? True
2024-03-26 15:10:53,696 label2color : {'signature': '#D1AB02', 'gross_weight': '#73BD1D', 'freight_collected_at': '#F0FECF', 'shipper_name': '#C61FEB', 'notify_party_address': '#7245E9', 'awb_original_or_copy': '#1AB4ED', 'mode_of_transport': '#7B943A', 'flight_date': '#33324A', 'measurement': '#48EF16', 'good_marks': '#6EB646', 'awb_original_number': '#47FD8C', 'invoice_number': '#F86065', 'dimension': '#9CFDA2', 'pre_carriage_by': '#845D44', 'awb_bill_no': '#7E7353', 'notify_party_name': '#646E7F', 'airport_of_destination': '#5AE7BA', 'final_destination': '#51FA38', 'net_weight': '#3D0BB6', 'signed_by_master': '#BF2549', 'invoice_date': '#D67083', 'lc_date': '#8489AD', 'lc_no': '#44166B', 'signed_by_carrier': '#B74FEC', 'at_place': '#DEA94D', 'awb_bill_issue_date': '#85842C', 'signed_by_agent': '#C9E721', 'total_original_no': '#750CD2', 'flight_details': '#AEBBCB', 'carrier_address': '#CD73B9', 'gross_quantity': '#F9D3E0', 'transaction_date': '#58C2C3', 'consignee_address': '#63CD0B', 'O': '#3C854B', 'shipper_address': '#1F5A9B', 'page_no': '#590CEE', 'goods_description': '#A8CD65', 'freight_collect_or_prepaid': '#A97769', 'agent_address': '#4630BE', 'stamp': '#EC729C', 'consignee_name': '#24C1C0', 'country_of_origin': '#4AB1AF', 'airport_of_departure': '#D648A6', 'carrier_name': '#B7B778', 'place_of_receipt': '#840223', 'agent_name': '#666877', 'master_name': '#69765C', 'stamped_onboard_date': '#F34749', 'shipment_date': '#9DDDB3', 'declared_value_of_custom': '#6F6E53', 'declared_value_of_carriage': '#1CD120', 'amount_insurance': '#BE677E', 'carriage_condition': '#BDDA12'}
2024-03-26 15:10:53,880 is result_set is instance of dict? True
2024-03-26 15:10:53,881 is final_result_set is instance of dict? True
2024-03-26 15:10:54,045 Time taken for page 1 of Bill_Of_Landing_562_page_21.png:0:00:02.341978
2024-03-26 15:10:54,168 *****Generated All Pages****** for Bill_Of_Landing_562_page_21.png
2024-03-26 15:10:54,168 RAM memory 83.7 used for Bill_Of_Landing_562_page_21.png Generating All Pages:
2024-03-26 15:10:54,168 Processing time taken for all pages of Bill_Of_Landing_562_page_21.png1:0:00:02.476069
2024-03-26 15:10:54,277 file name is:Bill_Of_Landing_555_page_2.png
2024-03-26 15:10:54,278 folder path :Images
2024-03-26 15:10:54,278 Calling Image result
2024-03-26 15:10:54,278 is all_page_result is instance of dict? True
2024-03-26 15:10:54,288 STREAM b'IHDR' 16 13
2024-03-26 15:10:54,288 STREAM b'IDAT' 41 65536
2024-03-26 15:10:54,314 is words is instance of list? True
2024-03-26 15:10:54,314 is bboxes is instance of list? True
2024-03-26 15:10:54,314 is bounding_boxes is instance of list? True
2024-03-26 15:10:54,511 is input_id_chunks is instance of list? True
2024-03-26 15:10:54,512 is mask_chunks is instance of list? True
2024-03-26 15:10:54,512 is bbox_chunks is instance of list? True
2024-03-26 15:10:54,512 is image_chunks is instance of list? True
2024-03-26 15:10:54,512 is input_dict is instance of dict? True
2024-03-26 15:10:56,937 Model Called
2024-03-26 15:10:56,938 RAM memory 83.8 used for Bill_Of_Landing_555_page_2.png:
2024-03-26 15:10:56,938 is all_predictions is instance of list? True
2024-03-26 15:10:56,938 is all_boxes is instance of list? True
2024-03-26 15:10:56,938 is all_confidences is instance of list? True
2024-03-26 15:10:56,938 is all_text is instance of list? True
2024-03-26 15:10:56,938 is label2id is instance of dict? True
2024-03-26 15:10:56,938 is id2label is instance of dict? True
2024-03-26 15:10:56,939 is label2color is instance of dict? True
2024-03-26 15:10:56,939 label2color : {'signature': '#A46D23', 'gross_weight': '#1D2415', 'freight_collected_at': '#64B95E', 'shipper_name': '#047736', 'notify_party_address': '#75D718', 'awb_original_or_copy': '#8E52DC', 'mode_of_transport': '#A9D126', 'flight_date': '#BE42B0', 'measurement': '#FD0AB9', 'good_marks': '#B0A9E2', 'awb_original_number': '#69247F', 'invoice_number': '#A0797F', 'dimension': '#14E6AF', 'pre_carriage_by': '#1B9052', 'awb_bill_no': '#31C6D1', 'notify_party_name': '#E08BB1', 'airport_of_destination': '#F623EF', 'final_destination': '#1FB567', 'net_weight': '#A1DCA1', 'signed_by_master': '#31BAA3', 'invoice_date': '#6882E1', 'lc_date': '#D74C35', 'lc_no': '#E4D6D0', 'signed_by_carrier': '#816B25', 'at_place': '#148384', 'awb_bill_issue_date': '#D3A382', 'signed_by_agent': '#219992', 'total_original_no': '#CF2BC5', 'flight_details': '#ADEEC9', 'carrier_address': '#D9D5B8', 'gross_quantity': '#19C624', 'transaction_date': '#05014C', 'consignee_address': '#44CD95', 'O': '#7E828C', 'shipper_address': '#D75072', 'page_no': '#B4D31A', 'goods_description': '#EFA2F4', 'freight_collect_or_prepaid': '#3EFD73', 'agent_address': '#54FACB', 'stamp': '#BF79D5', 'consignee_name': '#91BF9E', 'country_of_origin': '#035672', 'airport_of_departure': '#D52FCA', 'carrier_name': '#42351F', 'place_of_receipt': '#B390D9', 'agent_name': '#73F235', 'master_name': '#D5FF18', 'stamped_onboard_date': '#004B26', 'shipment_date': '#58DFC8', 'declared_value_of_custom': '#A4A9B9', 'declared_value_of_carriage': '#5E9BA3', 'amount_insurance': '#81816B', 'carriage_condition': '#6C7636'}
2024-03-26 15:10:57,157 is result_set is instance of dict? True
2024-03-26 15:10:57,158 is final_result_set is instance of dict? True
2024-03-26 15:10:57,324 Time taken for page 1 of Bill_Of_Landing_555_page_2.png:0:00:03.035602
2024-03-26 15:10:57,476 *****Generated All Pages****** for Bill_Of_Landing_555_page_2.png
2024-03-26 15:10:57,477 RAM memory 84.1 used for Bill_Of_Landing_555_page_2.png Generating All Pages:
2024-03-26 15:10:57,477 Processing time taken for all pages of Bill_Of_Landing_555_page_2.png1:0:00:03.199095
2024-03-26 15:10:57,624 file name is:Bill_Of_Landing_562_page_22.png
2024-03-26 15:10:57,624 folder path :Images
2024-03-26 15:10:57,624 Calling Image result
2024-03-26 15:10:57,624 is all_page_result is instance of dict? True
2024-03-26 15:10:57,625 STREAM b'IHDR' 16 13
2024-03-26 15:10:57,625 STREAM b'IDAT' 41 65536
2024-03-26 15:10:57,655 is words is instance of list? True
2024-03-26 15:10:57,655 is bboxes is instance of list? True
2024-03-26 15:10:57,655 is bounding_boxes is instance of list? True
2024-03-26 15:10:57,880 is input_id_chunks is instance of list? True
2024-03-26 15:10:57,880 is mask_chunks is instance of list? True
2024-03-26 15:10:57,880 is bbox_chunks is instance of list? True
2024-03-26 15:10:57,880 is image_chunks is instance of list? True
2024-03-26 15:10:57,880 is input_dict is instance of dict? True
2024-03-26 15:11:00,119 Model Called
2024-03-26 15:11:00,119 RAM memory 84.1 used for Bill_Of_Landing_562_page_22.png:
2024-03-26 15:11:00,119 is all_predictions is instance of list? True
2024-03-26 15:11:00,119 is all_boxes is instance of list? True
2024-03-26 15:11:00,119 is all_confidences is instance of list? True
2024-03-26 15:11:00,119 is all_text is instance of list? True
2024-03-26 15:11:00,119 is label2id is instance of dict? True
2024-03-26 15:11:00,119 is id2label is instance of dict? True
2024-03-26 15:11:00,120 is label2color is instance of dict? True
2024-03-26 15:11:00,120 label2color : {'signature': '#9E89A0', 'gross_weight': '#AE01C4', 'freight_collected_at': '#425ECF', 'shipper_name': '#D70E3B', 'notify_party_address': '#631BA1', 'awb_original_or_copy': '#093578', 'mode_of_transport': '#F3722E', 'flight_date': '#2DEC69', 'measurement': '#303A13', 'good_marks': '#13808F', 'awb_original_number': '#AFB93A', 'invoice_number': '#F57083', 'dimension': '#DB1384', 'pre_carriage_by': '#38A2B9', 'awb_bill_no': '#DA1037', 'notify_party_name': '#B8C525', 'airport_of_destination': '#E1437F', 'final_destination': '#E15B3B', 'net_weight': '#0D7409', 'signed_by_master': '#F29B79', 'invoice_date': '#853C29', 'lc_date': '#0F01ED', 'lc_no': '#156976', 'signed_by_carrier': '#BF1D6C', 'at_place': '#09766E', 'awb_bill_issue_date': '#40F646', 'signed_by_agent': '#90FEAD', 'total_original_no': '#01A3A7', 'flight_details': '#5C3FD3', 'carrier_address': '#312B13', 'gross_quantity': '#5F9F0B', 'transaction_date': '#0840E5', 'consignee_address': '#10A24C', 'O': '#5544D2', 'shipper_address': '#D36A9B', 'page_no': '#424C01', 'goods_description': '#C6E749', 'freight_collect_or_prepaid': '#FF8A93', 'agent_address': '#F30414', 'stamp': '#84DFE3', 'consignee_name': '#CE5302', 'country_of_origin': '#B4F2EB', 'airport_of_departure': '#679643', 'carrier_name': '#1E6A9C', 'place_of_receipt': '#6614FA', 'agent_name': '#636526', 'master_name': '#5E9A98', 'stamped_onboard_date': '#8E246B', 'shipment_date': '#1E06A1', 'declared_value_of_custom': '#6EBEA9', 'declared_value_of_carriage': '#ED65ED', 'amount_insurance': '#D3F9A7', 'carriage_condition': '#BD6E63'}
2024-03-26 15:11:00,351 is result_set is instance of dict? True
2024-03-26 15:11:00,353 is final_result_set is instance of dict? True
2024-03-26 15:11:00,548 Time taken for page 1 of Bill_Of_Landing_562_page_22.png:0:00:02.923638
2024-03-26 15:11:00,687 *****Generated All Pages****** for Bill_Of_Landing_562_page_22.png
2024-03-26 15:11:00,688 RAM memory 84.1 used for Bill_Of_Landing_562_page_22.png Generating All Pages:
2024-03-26 15:11:00,688 Processing time taken for all pages of Bill_Of_Landing_562_page_22.png1:0:00:03.063518
2024-03-26 15:11:00,810 file name is:Bill_Of_Landing_562_page_20.png
2024-03-26 15:11:00,811 folder path :Images
2024-03-26 15:11:00,811 Calling Image result
2024-03-26 15:11:00,811 is all_page_result is instance of dict? True
2024-03-26 15:11:00,811 STREAM b'IHDR' 16 13
2024-03-26 15:11:00,811 STREAM b'IDAT' 41 65536
2024-03-26 15:11:00,845 is words is instance of list? True
2024-03-26 15:11:00,845 is bboxes is instance of list? True
2024-03-26 15:11:00,845 is bounding_boxes is instance of list? True
2024-03-26 15:11:01,085 is input_id_chunks is instance of list? True
2024-03-26 15:11:01,085 is mask_chunks is instance of list? True
2024-03-26 15:11:01,085 is bbox_chunks is instance of list? True
2024-03-26 15:11:01,085 is image_chunks is instance of list? True
2024-03-26 15:11:01,085 is input_dict is instance of dict? True
2024-03-26 15:11:03,845 Model Called
2024-03-26 15:11:03,846 RAM memory 83.9 used for Bill_Of_Landing_562_page_20.png:
2024-03-26 15:11:03,846 is all_predictions is instance of list? True
2024-03-26 15:11:03,846 is all_boxes is instance of list? True
2024-03-26 15:11:03,846 is all_confidences is instance of list? True
2024-03-26 15:11:03,846 is all_text is instance of list? True
2024-03-26 15:11:03,846 is label2id is instance of dict? True
2024-03-26 15:11:03,846 is id2label is instance of dict? True
2024-03-26 15:11:03,847 is label2color is instance of dict? True
2024-03-26 15:11:03,847 label2color : {'signature': '#3EE7DF', 'gross_weight': '#969CD4', 'freight_collected_at': '#075421', 'shipper_name': '#69D438', 'notify_party_address': '#362CF8', 'awb_original_or_copy': '#4CD2FC', 'mode_of_transport': '#B8E26C', 'flight_date': '#B6847E', 'measurement': '#5A926A', 'good_marks': '#C54108', 'awb_original_number': '#C9FA06', 'invoice_number': '#41990F', 'dimension': '#31A86D', 'pre_carriage_by': '#84719A', 'awb_bill_no': '#7A0D73', 'notify_party_name': '#F7E958', 'airport_of_destination': '#12A50C', 'final_destination': '#89AA6F', 'net_weight': '#41783B', 'signed_by_master': '#8080E8', 'invoice_date': '#E7C9FE', 'lc_date': '#C495EB', 'lc_no': '#72E8D2', 'signed_by_carrier': '#0FFBE2', 'at_place': '#EE72C9', 'awb_bill_issue_date': '#C9361B', 'signed_by_agent': '#64F989', 'total_original_no': '#862A85', 'flight_details': '#6D06D7', 'carrier_address': '#E457E1', 'gross_quantity': '#BE9228', 'transaction_date': '#ABAA91', 'consignee_address': '#1BC53F', 'O': '#253176', 'shipper_address': '#F79C38', 'page_no': '#3C0776', 'goods_description': '#6DBCEC', 'freight_collect_or_prepaid': '#3425F3', 'agent_address': '#3C3100', 'stamp': '#DE9D8A', 'consignee_name': '#0DC2DA', 'country_of_origin': '#1C5A8D', 'airport_of_departure': '#1A1268', 'carrier_name': '#6982CF', 'place_of_receipt': '#44E3E1', 'agent_name': '#67E75B', 'master_name': '#534EEB', 'stamped_onboard_date': '#195D19', 'shipment_date': '#EDF3AD', 'declared_value_of_custom': '#B52B67', 'declared_value_of_carriage': '#BC77A8', 'amount_insurance': '#DB22FD', 'carriage_condition': '#DD5F70'}
2024-03-26 15:11:04,058 is result_set is instance of dict? True
2024-03-26 15:11:04,060 is final_result_set is instance of dict? True
2024-03-26 15:11:04,244 Time taken for page 1 of Bill_Of_Landing_562_page_20.png:0:00:03.433285
2024-03-26 15:11:04,380 *****Generated All Pages****** for Bill_Of_Landing_562_page_20.png
2024-03-26 15:11:04,380 RAM memory 84.0 used for Bill_Of_Landing_562_page_20.png Generating All Pages:
2024-03-26 15:11:04,380 Processing time taken for all pages of Bill_Of_Landing_562_page_20.png1:0:00:03.569525
2024-03-26 15:11:04,496 file name is:Bill_Of_Landing_816_page_1.png
2024-03-26 15:11:04,496 folder path :Images
2024-03-26 15:11:04,496 Calling Image result
2024-03-26 15:11:04,496 is all_page_result is instance of dict? True
2024-03-26 15:11:04,497 STREAM b'IHDR' 16 13
2024-03-26 15:11:04,497 STREAM b'IDAT' 41 57123
2024-03-26 15:11:04,523 is words is instance of list? True
2024-03-26 15:11:04,523 is bboxes is instance of list? True
2024-03-26 15:11:04,523 is bounding_boxes is instance of list? True
2024-03-26 15:11:04,752 is input_id_chunks is instance of list? True
2024-03-26 15:11:04,752 is mask_chunks is instance of list? True
2024-03-26 15:11:04,752 is bbox_chunks is instance of list? True
2024-03-26 15:11:04,752 is image_chunks is instance of list? True
2024-03-26 15:11:04,752 is input_dict is instance of dict? True
2024-03-26 15:11:06,965 Model Called
2024-03-26 15:11:06,965 RAM memory 84.0 used for Bill_Of_Landing_816_page_1.png:
2024-03-26 15:11:06,965 is all_predictions is instance of list? True
2024-03-26 15:11:06,965 is all_boxes is instance of list? True
2024-03-26 15:11:06,965 is all_confidences is instance of list? True
2024-03-26 15:11:06,965 is all_text is instance of list? True
2024-03-26 15:11:06,966 is label2id is instance of dict? True
2024-03-26 15:11:06,966 is id2label is instance of dict? True
2024-03-26 15:11:06,967 is label2color is instance of dict? True
2024-03-26 15:11:06,967 label2color : {'signature': '#18EFCE', 'gross_weight': '#20DB21', 'freight_collected_at': '#13262B', 'shipper_name': '#3C3DF7', 'notify_party_address': '#EB0069', 'awb_original_or_copy': '#A07E6B', 'mode_of_transport': '#5AFE10', 'flight_date': '#673AE9', 'measurement': '#2B19C9', 'good_marks': '#8BD465', 'awb_original_number': '#729D21', 'invoice_number': '#431966', 'dimension': '#C151BF', 'pre_carriage_by': '#EB160B', 'awb_bill_no': '#4465F4', 'notify_party_name': '#7CF247', 'airport_of_destination': '#3A31BC', 'final_destination': '#38B2A5', 'net_weight': '#F0E7A2', 'signed_by_master': '#9729C8', 'invoice_date': '#443CCD', 'lc_date': '#E32DF7', 'lc_no': '#A02D56', 'signed_by_carrier': '#E5CDDD', 'at_place': '#222636', 'awb_bill_issue_date': '#20971D', 'signed_by_agent': '#CFBD68', 'total_original_no': '#0BABE0', 'flight_details': '#3BDB05', 'carrier_address': '#8874E1', 'gross_quantity': '#C33F90', 'transaction_date': '#9B85F5', 'consignee_address': '#BB927E', 'O': '#C510EB', 'shipper_address': '#C0F887', 'page_no': '#3675EB', 'goods_description': '#AA073E', 'freight_collect_or_prepaid': '#E535EA', 'agent_address': '#ADD25A', 'stamp': '#0A543E', 'consignee_name': '#89D0D7', 'country_of_origin': '#967CCB', 'airport_of_departure': '#B7D9DC', 'carrier_name': '#627F65', 'place_of_receipt': '#62A674', 'agent_name': '#DF7C33', 'master_name': '#B6915A', 'stamped_onboard_date': '#AA6D6B', 'shipment_date': '#8882D2', 'declared_value_of_custom': '#32E63B', 'declared_value_of_carriage': '#09829C', 'amount_insurance': '#E76A31', 'carriage_condition': '#44BFE1'}
2024-03-26 15:11:07,181 is result_set is instance of dict? True
2024-03-26 15:11:07,183 is final_result_set is instance of dict? True
2024-03-26 15:11:07,319 Time taken for page 1 of Bill_Of_Landing_816_page_1.png:0:00:02.821916
2024-03-26 15:11:07,440 *****Generated All Pages****** for Bill_Of_Landing_816_page_1.png
2024-03-26 15:11:07,440 RAM memory 84.2 used for Bill_Of_Landing_816_page_1.png Generating All Pages:
2024-03-26 15:11:07,440 Processing time taken for all pages of Bill_Of_Landing_816_page_1.png1:0:00:02.943589
2024-03-26 15:11:07,550 file name is:Bill_Of_Landing_269_page_0.png
2024-03-26 15:11:07,551 folder path :Images
2024-03-26 15:11:07,551 Calling Image result
2024-03-26 15:11:07,551 is all_page_result is instance of dict? True
2024-03-26 15:11:07,561 STREAM b'IHDR' 16 13
2024-03-26 15:11:07,561 STREAM b'IDAT' 41 65536
2024-03-26 15:11:07,592 is words is instance of list? True
2024-03-26 15:11:07,592 is bboxes is instance of list? True
2024-03-26 15:11:07,592 is bounding_boxes is instance of list? True
2024-03-26 15:11:07,789 is input_id_chunks is instance of list? True
2024-03-26 15:11:07,789 is mask_chunks is instance of list? True
2024-03-26 15:11:07,789 is bbox_chunks is instance of list? True
2024-03-26 15:11:07,789 is image_chunks is instance of list? True
2024-03-26 15:11:07,790 is input_dict is instance of dict? True
2024-03-26 15:11:09,707 Model Called
2024-03-26 15:11:09,707 RAM memory 84.0 used for Bill_Of_Landing_269_page_0.png:
2024-03-26 15:11:09,707 is all_predictions is instance of list? True
2024-03-26 15:11:09,707 is all_boxes is instance of list? True
2024-03-26 15:11:09,707 is all_confidences is instance of list? True
2024-03-26 15:11:09,707 is all_text is instance of list? True
2024-03-26 15:11:09,707 is label2id is instance of dict? True
2024-03-26 15:11:09,707 is id2label is instance of dict? True
2024-03-26 15:11:09,708 is label2color is instance of dict? True
2024-03-26 15:11:09,708 label2color : {'signature': '#E93A41', 'gross_weight': '#EF705F', 'freight_collected_at': '#7DDC28', 'shipper_name': '#A233A4', 'notify_party_address': '#BD2DE1', 'awb_original_or_copy': '#9CEA59', 'mode_of_transport': '#4FC6A1', 'flight_date': '#413C01', 'measurement': '#C1BB0B', 'good_marks': '#18919B', 'awb_original_number': '#23ED39', 'invoice_number': '#AF4539', 'dimension': '#303022', 'pre_carriage_by': '#EE1B73', 'awb_bill_no': '#4F80CD', 'notify_party_name': '#0A735D', 'airport_of_destination': '#D5589C', 'final_destination': '#48474C', 'net_weight': '#CFD71D', 'signed_by_master': '#31B405', 'invoice_date': '#96812E', 'lc_date': '#E1499F', 'lc_no': '#0E8BDF', 'signed_by_carrier': '#504F4D', 'at_place': '#A72ED6', 'awb_bill_issue_date': '#57A835', 'signed_by_agent': '#1E6C06', 'total_original_no': '#E6EAC4', 'flight_details': '#AF63AB', 'carrier_address': '#1001C0', 'gross_quantity': '#43B9D8', 'transaction_date': '#68A554', 'consignee_address': '#CE6635', 'O': '#B498D8', 'shipper_address': '#2D7CB8', 'page_no': '#578BA8', 'goods_description': '#8DD518', 'freight_collect_or_prepaid': '#F0C75F', 'agent_address': '#8ACA11', 'stamp': '#C2AFC1', 'consignee_name': '#BC611A', 'country_of_origin': '#6A3529', 'airport_of_departure': '#A36770', 'carrier_name': '#4671C7', 'place_of_receipt': '#DFC107', 'agent_name': '#C866FC', 'master_name': '#C75E73', 'stamped_onboard_date': '#EA853F', 'shipment_date': '#2AD1EA', 'declared_value_of_custom': '#B56291', 'declared_value_of_carriage': '#95DDF3', 'amount_insurance': '#1E45E7', 'carriage_condition': '#9B4928'}
2024-03-26 15:11:09,893 is result_set is instance of dict? True
2024-03-26 15:11:09,895 is final_result_set is instance of dict? True
2024-03-26 15:11:10,063 Time taken for page 1 of Bill_Of_Landing_269_page_0.png:0:00:02.501944
2024-03-26 15:11:10,190 *****Generated All Pages****** for Bill_Of_Landing_269_page_0.png
2024-03-26 15:11:10,190 RAM memory 83.8 used for Bill_Of_Landing_269_page_0.png Generating All Pages:
2024-03-26 15:11:10,190 Processing time taken for all pages of Bill_Of_Landing_269_page_0.png1:0:00:02.639270
2024-03-26 15:11:10,299 file name is:Bill_Of_Landing_248_page_0.png
2024-03-26 15:11:10,299 folder path :Images
2024-03-26 15:11:10,299 Calling Image result
2024-03-26 15:11:10,299 is all_page_result is instance of dict? True
2024-03-26 15:11:10,310 STREAM b'IHDR' 16 13
2024-03-26 15:11:10,310 STREAM b'IDAT' 41 62155
2024-03-26 15:11:10,336 is words is instance of list? True
2024-03-26 15:11:10,336 is bboxes is instance of list? True
2024-03-26 15:11:10,336 is bounding_boxes is instance of list? True
2024-03-26 15:11:10,528 is input_id_chunks is instance of list? True
2024-03-26 15:11:10,528 is mask_chunks is instance of list? True
2024-03-26 15:11:10,528 is bbox_chunks is instance of list? True
2024-03-26 15:11:10,528 is image_chunks is instance of list? True
2024-03-26 15:11:10,529 is input_dict is instance of dict? True
2024-03-26 15:11:12,540 Model Called
2024-03-26 15:11:12,540 RAM memory 84.1 used for Bill_Of_Landing_248_page_0.png:
2024-03-26 15:11:12,540 is all_predictions is instance of list? True
2024-03-26 15:11:12,540 is all_boxes is instance of list? True
2024-03-26 15:11:12,540 is all_confidences is instance of list? True
2024-03-26 15:11:12,540 is all_text is instance of list? True
2024-03-26 15:11:12,541 is label2id is instance of dict? True
2024-03-26 15:11:12,541 is id2label is instance of dict? True
2024-03-26 15:11:12,541 is label2color is instance of dict? True
2024-03-26 15:11:12,542 label2color : {'signature': '#490610', 'gross_weight': '#6F62C6', 'freight_collected_at': '#611C71', 'shipper_name': '#B9F629', 'notify_party_address': '#C26D60', 'awb_original_or_copy': '#49C18F', 'mode_of_transport': '#0A21A7', 'flight_date': '#AB76B9', 'measurement': '#D6112E', 'good_marks': '#54257E', 'awb_original_number': '#01BA45', 'invoice_number': '#8B0DBC', 'dimension': '#6C1662', 'pre_carriage_by': '#BC9102', 'awb_bill_no': '#8B9870', 'notify_party_name': '#973FA6', 'airport_of_destination': '#B5FAEB', 'final_destination': '#2C4015', 'net_weight': '#9B4DC2', 'signed_by_master': '#FD3F90', 'invoice_date': '#8299FE', 'lc_date': '#DA8C8C', 'lc_no': '#14A86B', 'signed_by_carrier': '#E8D5BE', 'at_place': '#D0AFF4', 'awb_bill_issue_date': '#331466', 'signed_by_agent': '#050241', 'total_original_no': '#D852A5', 'flight_details': '#6088A0', 'carrier_address': '#629BCF', 'gross_quantity': '#6E7E11', 'transaction_date': '#EBC196', 'consignee_address': '#D16CD7', 'O': '#E5DCF1', 'shipper_address': '#C345C1', 'page_no': '#46EDD9', 'goods_description': '#705C6F', 'freight_collect_or_prepaid': '#49051A', 'agent_address': '#D7C86A', 'stamp': '#4870D4', 'consignee_name': '#99D887', 'country_of_origin': '#1E28DA', 'airport_of_departure': '#78AF70', 'carrier_name': '#7FE916', 'place_of_receipt': '#CE419E', 'agent_name': '#904D85', 'master_name': '#A4A5A3', 'stamped_onboard_date': '#AB9EFA', 'shipment_date': '#68DC8A', 'declared_value_of_custom': '#9A578A', 'declared_value_of_carriage': '#44B4D4', 'amount_insurance': '#CD8CBF', 'carriage_condition': '#148A7C'}
2024-03-26 15:11:12,723 is result_set is instance of dict? True
2024-03-26 15:11:12,724 is final_result_set is instance of dict? True
2024-03-26 15:11:12,882 Time taken for page 1 of Bill_Of_Landing_248_page_0.png:0:00:02.572241
2024-03-26 15:11:13,001 *****Generated All Pages****** for Bill_Of_Landing_248_page_0.png
2024-03-26 15:11:13,001 RAM memory 84.2 used for Bill_Of_Landing_248_page_0.png Generating All Pages:
2024-03-26 15:11:13,001 Processing time taken for all pages of Bill_Of_Landing_248_page_0.png1:0:00:02.701644
2024-03-26 15:11:13,114 file name is:Bill_Of_Landing_356_page_1.png
2024-03-26 15:11:13,114 folder path :Images
2024-03-26 15:11:13,114 Calling Image result
2024-03-26 15:11:13,114 is all_page_result is instance of dict? True
2024-03-26 15:11:13,119 STREAM b'IHDR' 16 13
2024-03-26 15:11:13,119 STREAM b'IDAT' 41 65536
2024-03-26 15:11:13,150 is words is instance of list? True
2024-03-26 15:11:13,150 is bboxes is instance of list? True
2024-03-26 15:11:13,150 is bounding_boxes is instance of list? True
2024-03-26 15:11:13,356 is input_id_chunks is instance of list? True
2024-03-26 15:11:13,356 is mask_chunks is instance of list? True
2024-03-26 15:11:13,356 is bbox_chunks is instance of list? True
2024-03-26 15:11:13,356 is image_chunks is instance of list? True
2024-03-26 15:11:13,356 is input_dict is instance of dict? True
2024-03-26 15:11:15,198 Model Called
2024-03-26 15:11:15,198 RAM memory 84.0 used for Bill_Of_Landing_356_page_1.png:
2024-03-26 15:11:15,198 is all_predictions is instance of list? True
2024-03-26 15:11:15,198 is all_boxes is instance of list? True
2024-03-26 15:11:15,198 is all_confidences is instance of list? True
2024-03-26 15:11:15,198 is all_text is instance of list? True
2024-03-26 15:11:15,198 is label2id is instance of dict? True
2024-03-26 15:11:15,198 is id2label is instance of dict? True
2024-03-26 15:11:15,199 is label2color is instance of dict? True
2024-03-26 15:11:15,199 label2color : {'signature': '#DF5C5D', 'gross_weight': '#2C6C0E', 'freight_collected_at': '#2EFD51', 'shipper_name': '#B2888E', 'notify_party_address': '#D1F319', 'awb_original_or_copy': '#EC5AB8', 'mode_of_transport': '#49D035', 'flight_date': '#E32E1C', 'measurement': '#C1A3E4', 'good_marks': '#2A6FF3', 'awb_original_number': '#2D06F8', 'invoice_number': '#DA0D37', 'dimension': '#051FAE', 'pre_carriage_by': '#E442D1', 'awb_bill_no': '#520015', 'notify_party_name': '#CB42F2', 'airport_of_destination': '#60800B', 'final_destination': '#3D9CDC', 'net_weight': '#855441', 'signed_by_master': '#4D49BC', 'invoice_date': '#C3DB6A', 'lc_date': '#BF99AE', 'lc_no': '#027D62', 'signed_by_carrier': '#638FF3', 'at_place': '#3ADC2B', 'awb_bill_issue_date': '#4E7B69', 'signed_by_agent': '#97D859', 'total_original_no': '#2682AE', 'flight_details': '#E93103', 'carrier_address': '#D26BF5', 'gross_quantity': '#1A5E8C', 'transaction_date': '#520B87', 'consignee_address': '#64CDF7', 'O': '#22E280', 'shipper_address': '#22A1D9', 'page_no': '#557E0A', 'goods_description': '#EC0863', 'freight_collect_or_prepaid': '#FD41FA', 'agent_address': '#E98438', 'stamp': '#8DE174', 'consignee_name': '#96FF38', 'country_of_origin': '#5FB232', 'airport_of_departure': '#98B34C', 'carrier_name': '#C77DF3', 'place_of_receipt': '#8451EA', 'agent_name': '#BD54BC', 'master_name': '#E6A54B', 'stamped_onboard_date': '#C10066', 'shipment_date': '#3B56AE', 'declared_value_of_custom': '#29F95C', 'declared_value_of_carriage': '#D6ACBB', 'amount_insurance': '#3F56EF', 'carriage_condition': '#33CE85'}
2024-03-26 15:11:15,398 is result_set is instance of dict? True
2024-03-26 15:11:15,399 is final_result_set is instance of dict? True
2024-03-26 15:11:15,558 Time taken for page 1 of Bill_Of_Landing_356_page_1.png:0:00:02.438972
2024-03-26 15:11:15,694 *****Generated All Pages****** for Bill_Of_Landing_356_page_1.png
2024-03-26 15:11:15,694 RAM memory 84.1 used for Bill_Of_Landing_356_page_1.png Generating All Pages:
2024-03-26 15:11:15,694 Processing time taken for all pages of Bill_Of_Landing_356_page_1.png1:0:00:02.579953
2024-03-26 15:11:15,817 file name is:Bill_Of_Landing_805_page_0.png
2024-03-26 15:11:15,817 folder path :Images
2024-03-26 15:11:15,817 Calling Image result
2024-03-26 15:11:15,818 is all_page_result is instance of dict? True
2024-03-26 15:11:15,828 STREAM b'IHDR' 16 13
2024-03-26 15:11:15,828 STREAM b'IDAT' 41 64267
2024-03-26 15:11:15,855 is words is instance of list? True
2024-03-26 15:11:15,855 is bboxes is instance of list? True
2024-03-26 15:11:15,855 is bounding_boxes is instance of list? True
2024-03-26 15:11:16,065 is input_id_chunks is instance of list? True
2024-03-26 15:11:16,065 is mask_chunks is instance of list? True
2024-03-26 15:11:16,066 is bbox_chunks is instance of list? True
2024-03-26 15:11:16,066 is image_chunks is instance of list? True
2024-03-26 15:11:16,066 is input_dict is instance of dict? True
2024-03-26 15:11:17,864 Model Called
2024-03-26 15:11:17,865 RAM memory 83.8 used for Bill_Of_Landing_805_page_0.png:
2024-03-26 15:11:17,865 is all_predictions is instance of list? True
2024-03-26 15:11:17,865 is all_boxes is instance of list? True
2024-03-26 15:11:17,865 is all_confidences is instance of list? True
2024-03-26 15:11:17,865 is all_text is instance of list? True
2024-03-26 15:11:17,865 is label2id is instance of dict? True
2024-03-26 15:11:17,865 is id2label is instance of dict? True
2024-03-26 15:11:17,866 is label2color is instance of dict? True
2024-03-26 15:11:17,866 label2color : {'signature': '#9FC906', 'gross_weight': '#2CEF61', 'freight_collected_at': '#F75DB4', 'shipper_name': '#A35C6E', 'notify_party_address': '#155157', 'awb_original_or_copy': '#3ED5E5', 'mode_of_transport': '#749A9A', 'flight_date': '#89D5C3', 'measurement': '#F67A4A', 'good_marks': '#CA183A', 'awb_original_number': '#FF212F', 'invoice_number': '#74AB8C', 'dimension': '#13B1B1', 'pre_carriage_by': '#AB827C', 'awb_bill_no': '#1200F1', 'notify_party_name': '#2564A1', 'airport_of_destination': '#AD7E7F', 'final_destination': '#83A56A', 'net_weight': '#A0442F', 'signed_by_master': '#1692A6', 'invoice_date': '#3B6A43', 'lc_date': '#67C197', 'lc_no': '#E8CCCC', 'signed_by_carrier': '#79DE9E', 'at_place': '#4B6359', 'awb_bill_issue_date': '#61D550', 'signed_by_agent': '#02ED40', 'total_original_no': '#445026', 'flight_details': '#183372', 'carrier_address': '#C342C4', 'gross_quantity': '#6FBC36', 'transaction_date': '#BF4E03', 'consignee_address': '#D873C5', 'O': '#7E67B2', 'shipper_address': '#525D28', 'page_no': '#8A8B2B', 'goods_description': '#C94270', 'freight_collect_or_prepaid': '#888D73', 'agent_address': '#6FFA29', 'stamp': '#C4BE6B', 'consignee_name': '#443312', 'country_of_origin': '#7D8001', 'airport_of_departure': '#E4B888', 'carrier_name': '#F02CEA', 'place_of_receipt': '#A9B531', 'agent_name': '#14411F', 'master_name': '#A16DA3', 'stamped_onboard_date': '#9D9E29', 'shipment_date': '#4FC806', 'declared_value_of_custom': '#9A813F', 'declared_value_of_carriage': '#57B496', 'amount_insurance': '#7F3BA3', 'carriage_condition': '#48EAC5'}
2024-03-26 15:11:18,106 is result_set is instance of dict? True
2024-03-26 15:11:18,108 is final_result_set is instance of dict? True
2024-03-26 15:11:18,345 Time taken for page 1 of Bill_Of_Landing_805_page_0.png:0:00:02.517522
2024-03-26 15:11:18,484 *****Generated All Pages****** for Bill_Of_Landing_805_page_0.png
2024-03-26 15:11:18,484 RAM memory 84.1 used for Bill_Of_Landing_805_page_0.png Generating All Pages:
2024-03-26 15:11:18,484 Processing time taken for all pages of Bill_Of_Landing_805_page_0.png1:0:00:02.666368
2024-03-26 15:11:18,599 file name is:Bill_Of_Landing_411_page_2.png
2024-03-26 15:11:18,599 folder path :Images
2024-03-26 15:11:18,600 Calling Image result
2024-03-26 15:11:18,600 is all_page_result is instance of dict? True
2024-03-26 15:11:18,600 STREAM b'IHDR' 16 13
2024-03-26 15:11:18,600 STREAM b'IDAT' 41 62340
2024-03-26 15:11:18,627 is words is instance of list? True
2024-03-26 15:11:18,627 is bboxes is instance of list? True
2024-03-26 15:11:18,627 is bounding_boxes is instance of list? True
2024-03-26 15:11:18,842 is input_id_chunks is instance of list? True
2024-03-26 15:11:18,842 is mask_chunks is instance of list? True
2024-03-26 15:11:18,842 is bbox_chunks is instance of list? True
2024-03-26 15:11:18,842 is image_chunks is instance of list? True
2024-03-26 15:11:18,843 is input_dict is instance of dict? True
2024-03-26 15:11:20,766 Model Called
2024-03-26 15:11:20,767 RAM memory 84.1 used for Bill_Of_Landing_411_page_2.png:
2024-03-26 15:11:20,767 is all_predictions is instance of list? True
2024-03-26 15:11:20,767 is all_boxes is instance of list? True
2024-03-26 15:11:20,767 is all_confidences is instance of list? True
2024-03-26 15:11:20,767 is all_text is instance of list? True
2024-03-26 15:11:20,767 is label2id is instance of dict? True
2024-03-26 15:11:20,767 is id2label is instance of dict? True
2024-03-26 15:11:20,768 is label2color is instance of dict? True
2024-03-26 15:11:20,768 label2color : {'signature': '#584584', 'gross_weight': '#5D2334', 'freight_collected_at': '#7B5FA6', 'shipper_name': '#90851C', 'notify_party_address': '#510B7F', 'awb_original_or_copy': '#5B0520', 'mode_of_transport': '#74B631', 'flight_date': '#BCCAB9', 'measurement': '#56E732', 'good_marks': '#0EB544', 'awb_original_number': '#B08616', 'invoice_number': '#D33261', 'dimension': '#6AE641', 'pre_carriage_by': '#DA757E', 'awb_bill_no': '#5F79C4', 'notify_party_name': '#6ACC9B', 'airport_of_destination': '#76998A', 'final_destination': '#72BB24', 'net_weight': '#813E02', 'signed_by_master': '#1C4F04', 'invoice_date': '#9F8C4A', 'lc_date': '#EF953C', 'lc_no': '#F72D64', 'signed_by_carrier': '#927E38', 'at_place': '#71F95F', 'awb_bill_issue_date': '#7F58CE', 'signed_by_agent': '#1E9A66', 'total_original_no': '#193546', 'flight_details': '#62C866', 'carrier_address': '#9B547D', 'gross_quantity': '#0FC6F7', 'transaction_date': '#ED079C', 'consignee_address': '#0D7F38', 'O': '#E42571', 'shipper_address': '#60A2BD', 'page_no': '#9B1C67', 'goods_description': '#983A15', 'freight_collect_or_prepaid': '#478B6A', 'agent_address': '#72D5F9', 'stamp': '#1C426C', 'consignee_name': '#B5A212', 'country_of_origin': '#762CA9', 'airport_of_departure': '#85177B', 'carrier_name': '#15944C', 'place_of_receipt': '#50C7D5', 'agent_name': '#E9C173', 'master_name': '#985825', 'stamped_onboard_date': '#1DFC17', 'shipment_date': '#4FDEE0', 'declared_value_of_custom': '#D8EE57', 'declared_value_of_carriage': '#17E743', 'amount_insurance': '#6A0A03', 'carriage_condition': '#E5EDA4'}
2024-03-26 15:11:20,964 is result_set is instance of dict? True
2024-03-26 15:11:20,967 is final_result_set is instance of dict? True
2024-03-26 15:11:21,135 Time taken for page 1 of Bill_Of_Landing_411_page_2.png:0:00:02.535224
2024-03-26 15:11:21,271 *****Generated All Pages****** for Bill_Of_Landing_411_page_2.png
2024-03-26 15:11:21,272 RAM memory 84.2 used for Bill_Of_Landing_411_page_2.png Generating All Pages:
2024-03-26 15:11:21,272 Processing time taken for all pages of Bill_Of_Landing_411_page_2.png1:0:00:02.672109
2024-03-26 15:11:21,391 file name is:Bill_Of_Landing_899_page_18.png
2024-03-26 15:11:21,391 folder path :Images
2024-03-26 15:11:21,391 Calling Image result
2024-03-26 15:11:21,391 is all_page_result is instance of dict? True
2024-03-26 15:11:21,396 STREAM b'IHDR' 16 13
2024-03-26 15:11:21,396 STREAM b'IDAT' 41 65536
2024-03-26 15:11:21,425 is words is instance of list? True
2024-03-26 15:11:21,425 is bboxes is instance of list? True
2024-03-26 15:11:21,425 is bounding_boxes is instance of list? True
2024-03-26 15:11:21,627 is input_id_chunks is instance of list? True
2024-03-26 15:11:21,627 is mask_chunks is instance of list? True
2024-03-26 15:11:21,627 is bbox_chunks is instance of list? True
2024-03-26 15:11:21,627 is image_chunks is instance of list? True
2024-03-26 15:11:21,627 is input_dict is instance of dict? True
2024-03-26 15:11:23,504 Model Called
2024-03-26 15:11:23,504 RAM memory 84.2 used for Bill_Of_Landing_899_page_18.png:
2024-03-26 15:11:23,504 is all_predictions is instance of list? True
2024-03-26 15:11:23,504 is all_boxes is instance of list? True
2024-03-26 15:11:23,504 is all_confidences is instance of list? True
2024-03-26 15:11:23,504 is all_text is instance of list? True
2024-03-26 15:11:23,504 is label2id is instance of dict? True
2024-03-26 15:11:23,504 is id2label is instance of dict? True
2024-03-26 15:11:23,505 is label2color is instance of dict? True
2024-03-26 15:11:23,505 label2color : {'signature': '#F6C8BB', 'gross_weight': '#643892', 'freight_collected_at': '#F9207C', 'shipper_name': '#008005', 'notify_party_address': '#5206B6', 'awb_original_or_copy': '#B35E02', 'mode_of_transport': '#31C62A', 'flight_date': '#474449', 'measurement': '#53F538', 'good_marks': '#0711ED', 'awb_original_number': '#3E3250', 'invoice_number': '#DC5C29', 'dimension': '#E10F68', 'pre_carriage_by': '#2D7710', 'awb_bill_no': '#818FDD', 'notify_party_name': '#A3A76B', 'airport_of_destination': '#378390', 'final_destination': '#D8999C', 'net_weight': '#615126', 'signed_by_master': '#2ADF97', 'invoice_date': '#214A5A', 'lc_date': '#BE66B4', 'lc_no': '#B2F6E9', 'signed_by_carrier': '#4118C0', 'at_place': '#A37043', 'awb_bill_issue_date': '#BFBBC2', 'signed_by_agent': '#E6C12C', 'total_original_no': '#528B34', 'flight_details': '#EA5BF9', 'carrier_address': '#EA0863', 'gross_quantity': '#6A60A3', 'transaction_date': '#FBAD36', 'consignee_address': '#3FBFE7', 'O': '#7A35D2', 'shipper_address': '#7EE209', 'page_no': '#562B0D', 'goods_description': '#16A8E8', 'freight_collect_or_prepaid': '#A5BDD0', 'agent_address': '#9E32F8', 'stamp': '#0B3EEC', 'consignee_name': '#AF86C3', 'country_of_origin': '#AA0831', 'airport_of_departure': '#A83A7D', 'carrier_name': '#71D5FB', 'place_of_receipt': '#631D3C', 'agent_name': '#9ABE99', 'master_name': '#78B64A', 'stamped_onboard_date': '#1631D9', 'shipment_date': '#CD63F3', 'declared_value_of_custom': '#74F73C', 'declared_value_of_carriage': '#1601BD', 'amount_insurance': '#2F52B1', 'carriage_condition': '#BDFDCD'}
2024-03-26 15:11:23,711 is result_set is instance of dict? True
2024-03-26 15:11:23,713 is final_result_set is instance of dict? True
2024-03-26 15:11:23,998 Time taken for page 1 of Bill_Of_Landing_899_page_18.png:0:00:02.601558
2024-03-26 15:11:24,142 *****Generated All Pages****** for Bill_Of_Landing_899_page_18.png
2024-03-26 15:11:24,143 RAM memory 84.0 used for Bill_Of_Landing_899_page_18.png Generating All Pages:
2024-03-26 15:11:24,143 Processing time taken for all pages of Bill_Of_Landing_899_page_18.png1:0:00:02.751506
2024-03-26 15:11:24,258 file name is:Bill_Of_Landing_424_page_2.png
2024-03-26 15:11:24,258 folder path :Images
2024-03-26 15:11:24,258 Calling Image result
2024-03-26 15:11:24,258 is all_page_result is instance of dict? True
2024-03-26 15:11:24,269 STREAM b'IHDR' 16 13
2024-03-26 15:11:24,269 STREAM b'IDAT' 41 65536
2024-03-26 15:11:24,298 is words is instance of list? True
2024-03-26 15:11:24,298 is bboxes is instance of list? True
2024-03-26 15:11:24,298 is bounding_boxes is instance of list? True
2024-03-26 15:11:24,508 is input_id_chunks is instance of list? True
2024-03-26 15:11:24,508 is mask_chunks is instance of list? True
2024-03-26 15:11:24,508 is bbox_chunks is instance of list? True
2024-03-26 15:11:24,508 is image_chunks is instance of list? True
2024-03-26 15:11:24,508 is input_dict is instance of dict? True
2024-03-26 15:11:26,277 Model Called
2024-03-26 15:11:26,277 RAM memory 83.9 used for Bill_Of_Landing_424_page_2.png:
2024-03-26 15:11:26,278 is all_predictions is instance of list? True
2024-03-26 15:11:26,278 is all_boxes is instance of list? True
2024-03-26 15:11:26,278 is all_confidences is instance of list? True
2024-03-26 15:11:26,278 is all_text is instance of list? True
2024-03-26 15:11:26,278 is label2id is instance of dict? True
2024-03-26 15:11:26,278 is id2label is instance of dict? True
2024-03-26 15:11:26,279 is label2color is instance of dict? True
2024-03-26 15:11:26,279 label2color : {'signature': '#71DF3D', 'gross_weight': '#6C7C66', 'freight_collected_at': '#D6A6F3', 'shipper_name': '#555B41', 'notify_party_address': '#5A5222', 'awb_original_or_copy': '#BFEA95', 'mode_of_transport': '#167B1D', 'flight_date': '#3B448D', 'measurement': '#F7F0F9', 'good_marks': '#867337', 'awb_original_number': '#0853CD', 'invoice_number': '#9D1B18', 'dimension': '#9C3D3D', 'pre_carriage_by': '#741621', 'awb_bill_no': '#EA146A', 'notify_party_name': '#20995D', 'airport_of_destination': '#3B06B7', 'final_destination': '#8C517E', 'net_weight': '#3CDB83', 'signed_by_master': '#94EE1F', 'invoice_date': '#D3CF02', 'lc_date': '#EC994B', 'lc_no': '#9B2074', 'signed_by_carrier': '#F26761', 'at_place': '#0EB804', 'awb_bill_issue_date': '#E4D6C4', 'signed_by_agent': '#285EF9', 'total_original_no': '#438B71', 'flight_details': '#AD7CC0', 'carrier_address': '#5C112D', 'gross_quantity': '#348ED0', 'transaction_date': '#8B644E', 'consignee_address': '#4954B6', 'O': '#91ED6B', 'shipper_address': '#6DD2B3', 'page_no': '#B12DAE', 'goods_description': '#672F1D', 'freight_collect_or_prepaid': '#884546', 'agent_address': '#D3E964', 'stamp': '#51B60F', 'consignee_name': '#F675A7', 'country_of_origin': '#4E34A1', 'airport_of_departure': '#06326F', 'carrier_name': '#6D1915', 'place_of_receipt': '#5A238F', 'agent_name': '#FBEC0F', 'master_name': '#294EA6', 'stamped_onboard_date': '#4CC31E', 'shipment_date': '#B5809B', 'declared_value_of_custom': '#02D01F', 'declared_value_of_carriage': '#78F5A0', 'amount_insurance': '#D86CA2', 'carriage_condition': '#AEE1B1'}
2024-03-26 15:11:26,477 is result_set is instance of dict? True
2024-03-26 15:11:26,479 is final_result_set is instance of dict? True
2024-03-26 15:11:26,614 Time taken for page 1 of Bill_Of_Landing_424_page_2.png:0:00:02.345344
2024-03-26 15:11:26,749 *****Generated All Pages****** for Bill_Of_Landing_424_page_2.png
2024-03-26 15:11:26,749 RAM memory 83.9 used for Bill_Of_Landing_424_page_2.png Generating All Pages:
2024-03-26 15:11:26,749 Processing time taken for all pages of Bill_Of_Landing_424_page_2.png1:0:00:02.490716
2024-03-26 15:11:26,859 file name is:Bill_Of_Landing_248_page_1.png
2024-03-26 15:11:26,859 folder path :Images
2024-03-26 15:11:26,860 Calling Image result
2024-03-26 15:11:26,860 is all_page_result is instance of dict? True
2024-03-26 15:11:26,860 STREAM b'IHDR' 16 13
2024-03-26 15:11:26,860 STREAM b'IDAT' 41 62971
2024-03-26 15:11:26,886 is words is instance of list? True
2024-03-26 15:11:26,887 is bboxes is instance of list? True
2024-03-26 15:11:26,887 is bounding_boxes is instance of list? True
2024-03-26 15:11:27,083 is input_id_chunks is instance of list? True
2024-03-26 15:11:27,083 is mask_chunks is instance of list? True
2024-03-26 15:11:27,083 is bbox_chunks is instance of list? True
2024-03-26 15:11:27,083 is image_chunks is instance of list? True
2024-03-26 15:11:27,084 is input_dict is instance of dict? True
2024-03-26 15:11:28,895 Model Called
2024-03-26 15:11:28,896 RAM memory 83.8 used for Bill_Of_Landing_248_page_1.png:
2024-03-26 15:11:28,896 is all_predictions is instance of list? True
2024-03-26 15:11:28,896 is all_boxes is instance of list? True
2024-03-26 15:11:28,896 is all_confidences is instance of list? True
2024-03-26 15:11:28,896 is all_text is instance of list? True
2024-03-26 15:11:28,896 is label2id is instance of dict? True
2024-03-26 15:11:28,896 is id2label is instance of dict? True
2024-03-26 15:11:28,897 is label2color is instance of dict? True
2024-03-26 15:11:28,897 label2color : {'signature': '#F5275F', 'gross_weight': '#73BDE3', 'freight_collected_at': '#9E0662', 'shipper_name': '#C60E4E', 'notify_party_address': '#FC8860', 'awb_original_or_copy': '#887472', 'mode_of_transport': '#571A21', 'flight_date': '#4671B5', 'measurement': '#57AFD1', 'good_marks': '#26D715', 'awb_original_number': '#656126', 'invoice_number': '#AEE5CF', 'dimension': '#DF0A82', 'pre_carriage_by': '#52124D', 'awb_bill_no': '#FCA593', 'notify_party_name': '#72B43D', 'airport_of_destination': '#4FB865', 'final_destination': '#F23CB9', 'net_weight': '#2FA5A7', 'signed_by_master': '#8ACD84', 'invoice_date': '#8E5E97', 'lc_date': '#1F4B39', 'lc_no': '#4E522B', 'signed_by_carrier': '#9AD987', 'at_place': '#0208A4', 'awb_bill_issue_date': '#C1A33A', 'signed_by_agent': '#998ECE', 'total_original_no': '#798E60', 'flight_details': '#F81A1D', 'carrier_address': '#253EF9', 'gross_quantity': '#FEF3F4', 'transaction_date': '#8AB06E', 'consignee_address': '#AA64DF', 'O': '#06CB74', 'shipper_address': '#E10112', 'page_no': '#C06FDD', 'goods_description': '#28B084', 'freight_collect_or_prepaid': '#40942A', 'agent_address': '#BE79A8', 'stamp': '#BB7930', 'consignee_name': '#8BBEB6', 'country_of_origin': '#3A9F7D', 'airport_of_departure': '#36D2E2', 'carrier_name': '#8BCFB2', 'place_of_receipt': '#DCBC92', 'agent_name': '#143AB7', 'master_name': '#E9A63B', 'stamped_onboard_date': '#700B75', 'shipment_date': '#760AE0', 'declared_value_of_custom': '#FB4B01', 'declared_value_of_carriage': '#058260', 'amount_insurance': '#B4C8C4', 'carriage_condition': '#A169BB'}
2024-03-26 15:11:29,131 is result_set is instance of dict? True
2024-03-26 15:11:29,133 is final_result_set is instance of dict? True
2024-03-26 15:11:29,299 Time taken for page 1 of Bill_Of_Landing_248_page_1.png:0:00:02.438540
2024-03-26 15:11:29,427 *****Generated All Pages****** for Bill_Of_Landing_248_page_1.png
2024-03-26 15:11:29,427 RAM memory 84.1 used for Bill_Of_Landing_248_page_1.png Generating All Pages:
2024-03-26 15:11:29,427 Processing time taken for all pages of Bill_Of_Landing_248_page_1.png1:0:00:02.567348
2024-03-26 15:11:29,540 file name is:Bill_Of_Landing_411_page_0.png
2024-03-26 15:11:29,540 folder path :Images
2024-03-26 15:11:29,540 Calling Image result
2024-03-26 15:11:29,540 is all_page_result is instance of dict? True
2024-03-26 15:11:29,550 STREAM b'IHDR' 16 13
2024-03-26 15:11:29,550 STREAM b'IDAT' 41 60851
2024-03-26 15:11:29,575 is words is instance of list? True
2024-03-26 15:11:29,576 is bboxes is instance of list? True
2024-03-26 15:11:29,576 is bounding_boxes is instance of list? True
2024-03-26 15:11:29,782 is input_id_chunks is instance of list? True
2024-03-26 15:11:29,782 is mask_chunks is instance of list? True
2024-03-26 15:11:29,782 is bbox_chunks is instance of list? True
2024-03-26 15:11:29,782 is image_chunks is instance of list? True
2024-03-26 15:11:29,783 is input_dict is instance of dict? True
2024-03-26 15:11:31,577 Model Called
2024-03-26 15:11:31,577 RAM memory 84.4 used for Bill_Of_Landing_411_page_0.png:
2024-03-26 15:11:31,578 is all_predictions is instance of list? True
2024-03-26 15:11:31,578 is all_boxes is instance of list? True
2024-03-26 15:11:31,578 is all_confidences is instance of list? True
2024-03-26 15:11:31,578 is all_text is instance of list? True
2024-03-26 15:11:31,578 is label2id is instance of dict? True
2024-03-26 15:11:31,578 is id2label is instance of dict? True
2024-03-26 15:11:31,579 is label2color is instance of dict? True
2024-03-26 15:11:31,579 label2color : {'signature': '#84CE4F', 'gross_weight': '#A5FC4E', 'freight_collected_at': '#D1D75C', 'shipper_name': '#A8CF18', 'notify_party_address': '#E2D651', 'awb_original_or_copy': '#60BAC4', 'mode_of_transport': '#EA976F', 'flight_date': '#5E3D42', 'measurement': '#A1EBC2', 'good_marks': '#42B462', 'awb_original_number': '#91E0D7', 'invoice_number': '#FDE95C', 'dimension': '#E36F3F', 'pre_carriage_by': '#EB619E', 'awb_bill_no': '#AB649F', 'notify_party_name': '#49A3F7', 'airport_of_destination': '#668912', 'final_destination': '#47BCCE', 'net_weight': '#E10BD3', 'signed_by_master': '#8EE0CB', 'invoice_date': '#3A3DC0', 'lc_date': '#0E8E55', 'lc_no': '#156BAC', 'signed_by_carrier': '#944E89', 'at_place': '#D2C8E6', 'awb_bill_issue_date': '#97EAA7', 'signed_by_agent': '#B82C8C', 'total_original_no': '#577CED', 'flight_details': '#E45CD6', 'carrier_address': '#FEA118', 'gross_quantity': '#CDFE33', 'transaction_date': '#5B54A0', 'consignee_address': '#2F5678', 'O': '#857E67', 'shipper_address': '#20781D', 'page_no': '#A8DE63', 'goods_description': '#96C20E', 'freight_collect_or_prepaid': '#A42F32', 'agent_address': '#8E1D93', 'stamp': '#35BD26', 'consignee_name': '#05E925', 'country_of_origin': '#A2EDAF', 'airport_of_departure': '#2A8F18', 'carrier_name': '#422E2B', 'place_of_receipt': '#7BDA3F', 'agent_name': '#C112E7', 'master_name': '#0DB19C', 'stamped_onboard_date': '#9978A2', 'shipment_date': '#274152', 'declared_value_of_custom': '#C5B341', 'declared_value_of_carriage': '#DC3C1F', 'amount_insurance': '#70D8E8', 'carriage_condition': '#700D92'}
2024-03-26 15:11:31,780 is result_set is instance of dict? True
2024-03-26 15:11:31,782 is final_result_set is instance of dict? True
2024-03-26 15:11:31,978 Time taken for page 1 of Bill_Of_Landing_411_page_0.png:0:00:02.427294
2024-03-26 15:11:32,115 *****Generated All Pages****** for Bill_Of_Landing_411_page_0.png
2024-03-26 15:11:32,115 RAM memory 83.6 used for Bill_Of_Landing_411_page_0.png Generating All Pages:
2024-03-26 15:11:32,115 Processing time taken for all pages of Bill_Of_Landing_411_page_0.png1:0:00:02.575427
2024-03-26 15:11:32,236 file name is:Bill_Of_Landing_360_page_0.png
2024-03-26 15:11:32,236 folder path :Images
2024-03-26 15:11:32,236 Calling Image result
2024-03-26 15:11:32,236 is all_page_result is instance of dict? True
2024-03-26 15:11:32,247 STREAM b'IHDR' 16 13
2024-03-26 15:11:32,247 STREAM b'IDAT' 41 63351
2024-03-26 15:11:32,274 is words is instance of list? True
2024-03-26 15:11:32,274 is bboxes is instance of list? True
2024-03-26 15:11:32,274 is bounding_boxes is instance of list? True
2024-03-26 15:11:32,478 is input_id_chunks is instance of list? True
2024-03-26 15:11:32,478 is mask_chunks is instance of list? True
2024-03-26 15:11:32,478 is bbox_chunks is instance of list? True
2024-03-26 15:11:32,478 is image_chunks is instance of list? True
2024-03-26 15:11:32,479 is input_dict is instance of dict? True
2024-03-26 15:11:34,463 Model Called
2024-03-26 15:11:34,464 RAM memory 84.1 used for Bill_Of_Landing_360_page_0.png:
2024-03-26 15:11:34,464 is all_predictions is instance of list? True
2024-03-26 15:11:34,464 is all_boxes is instance of list? True
2024-03-26 15:11:34,464 is all_confidences is instance of list? True
2024-03-26 15:11:34,464 is all_text is instance of list? True
2024-03-26 15:11:34,464 is label2id is instance of dict? True
2024-03-26 15:11:34,464 is id2label is instance of dict? True
2024-03-26 15:11:34,465 is label2color is instance of dict? True
2024-03-26 15:11:34,465 label2color : {'signature': '#4BEC22', 'gross_weight': '#2D455F', 'freight_collected_at': '#F4FB75', 'shipper_name': '#F883FE', 'notify_party_address': '#F95A7E', 'awb_original_or_copy': '#444278', 'mode_of_transport': '#670392', 'flight_date': '#6A5F3F', 'measurement': '#D85ECE', 'good_marks': '#BB0DA0', 'awb_original_number': '#C4CFA4', 'invoice_number': '#42F2FD', 'dimension': '#FA4F1A', 'pre_carriage_by': '#A17545', 'awb_bill_no': '#8E7A18', 'notify_party_name': '#1D1E7F', 'airport_of_destination': '#7197D8', 'final_destination': '#7D2DE1', 'net_weight': '#4A7D8E', 'signed_by_master': '#488C0E', 'invoice_date': '#6CF097', 'lc_date': '#E17D0F', 'lc_no': '#4342B4', 'signed_by_carrier': '#CD7215', 'at_place': '#DC3217', 'awb_bill_issue_date': '#2B8BB7', 'signed_by_agent': '#301E32', 'total_original_no': '#EE0932', 'flight_details': '#972B78', 'carrier_address': '#AC6D5A', 'gross_quantity': '#B980BB', 'transaction_date': '#CF5D0A', 'consignee_address': '#450ED2', 'O': '#EF1918', 'shipper_address': '#E36D6B', 'page_no': '#4013EC', 'goods_description': '#8DB7CF', 'freight_collect_or_prepaid': '#7BB39B', 'agent_address': '#98C38A', 'stamp': '#26B4BE', 'consignee_name': '#91942B', 'country_of_origin': '#1B9932', 'airport_of_departure': '#DD2EE3', 'carrier_name': '#7854E5', 'place_of_receipt': '#350306', 'agent_name': '#F6C839', 'master_name': '#9C1ACE', 'stamped_onboard_date': '#B0D5EA', 'shipment_date': '#6D111F', 'declared_value_of_custom': '#F61590', 'declared_value_of_carriage': '#E7BE84', 'amount_insurance': '#882005', 'carriage_condition': '#D977AC'}
2024-03-26 15:11:34,684 is result_set is instance of dict? True
2024-03-26 15:11:34,686 is final_result_set is instance of dict? True
2024-03-26 15:11:34,853 Time taken for page 1 of Bill_Of_Landing_360_page_0.png:0:00:02.606160
2024-03-26 15:11:34,984 *****Generated All Pages****** for Bill_Of_Landing_360_page_0.png
2024-03-26 15:11:34,984 RAM memory 84.1 used for Bill_Of_Landing_360_page_0.png Generating All Pages:
2024-03-26 15:11:34,984 Processing time taken for all pages of Bill_Of_Landing_360_page_0.png1:0:00:02.747635
2024-03-26 15:11:35,101 file name is:Bill_Of_Landing_562_page_0.png
2024-03-26 15:11:35,101 folder path :Images
2024-03-26 15:11:35,101 Calling Image result
2024-03-26 15:11:35,102 is all_page_result is instance of dict? True
2024-03-26 15:11:35,112 STREAM b'IHDR' 16 13
2024-03-26 15:11:35,112 STREAM b'IDAT' 41 59804
2024-03-26 15:11:35,139 is words is instance of list? True
2024-03-26 15:11:35,139 is bboxes is instance of list? True
2024-03-26 15:11:35,139 is bounding_boxes is instance of list? True
2024-03-26 15:11:35,355 is input_id_chunks is instance of list? True
2024-03-26 15:11:35,355 is mask_chunks is instance of list? True
2024-03-26 15:11:35,355 is bbox_chunks is instance of list? True
2024-03-26 15:11:35,355 is image_chunks is instance of list? True
2024-03-26 15:11:35,355 is input_dict is instance of dict? True
2024-03-26 15:11:37,303 Model Called
2024-03-26 15:11:37,303 RAM memory 84.0 used for Bill_Of_Landing_562_page_0.png:
2024-03-26 15:11:37,303 is all_predictions is instance of list? True
2024-03-26 15:11:37,303 is all_boxes is instance of list? True
2024-03-26 15:11:37,303 is all_confidences is instance of list? True
2024-03-26 15:11:37,303 is all_text is instance of list? True
2024-03-26 15:11:37,304 is label2id is instance of dict? True
2024-03-26 15:11:37,304 is id2label is instance of dict? True
2024-03-26 15:11:37,304 is label2color is instance of dict? True
2024-03-26 15:11:37,304 label2color : {'signature': '#83537A', 'gross_weight': '#1F5867', 'freight_collected_at': '#FF72A3', 'shipper_name': '#A3B972', 'notify_party_address': '#A9C25E', 'awb_original_or_copy': '#A60441', 'mode_of_transport': '#C6BFC7', 'flight_date': '#E4932F', 'measurement': '#B9CFF3', 'good_marks': '#86E844', 'awb_original_number': '#58DBB7', 'invoice_number': '#B4E600', 'dimension': '#551339', 'pre_carriage_by': '#BD4DAB', 'awb_bill_no': '#B8DD33', 'notify_party_name': '#041479', 'airport_of_destination': '#BECA5C', 'final_destination': '#85ED4F', 'net_weight': '#0E45B6', 'signed_by_master': '#777C23', 'invoice_date': '#E34B46', 'lc_date': '#CCEB23', 'lc_no': '#45A880', 'signed_by_carrier': '#BE3355', 'at_place': '#D712AF', 'awb_bill_issue_date': '#5CB099', 'signed_by_agent': '#D3199D', 'total_original_no': '#B17832', 'flight_details': '#54C85F', 'carrier_address': '#3FEC8A', 'gross_quantity': '#3F3ABF', 'transaction_date': '#CDE359', 'consignee_address': '#842F71', 'O': '#60D423', 'shipper_address': '#038D11', 'page_no': '#4E3258', 'goods_description': '#0B881D', 'freight_collect_or_prepaid': '#CB514B', 'agent_address': '#D86C6F', 'stamp': '#7DB227', 'consignee_name': '#0D74BE', 'country_of_origin': '#29AD55', 'airport_of_departure': '#521D17', 'carrier_name': '#E6E195', 'place_of_receipt': '#5B112E', 'agent_name': '#FF657D', 'master_name': '#2A1AE8', 'stamped_onboard_date': '#FB1B56', 'shipment_date': '#311376', 'declared_value_of_custom': '#F93A7B', 'declared_value_of_carriage': '#547606', 'amount_insurance': '#3BA7A9', 'carriage_condition': '#44375F'}
2024-03-26 15:11:37,504 is result_set is instance of dict? True
2024-03-26 15:11:37,505 is final_result_set is instance of dict? True
2024-03-26 15:11:37,664 Time taken for page 1 of Bill_Of_Landing_562_page_0.png:0:00:02.551707
2024-03-26 15:11:37,792 *****Generated All Pages****** for Bill_Of_Landing_562_page_0.png
2024-03-26 15:11:37,792 RAM memory 84.1 used for Bill_Of_Landing_562_page_0.png Generating All Pages:
2024-03-26 15:11:37,792 Processing time taken for all pages of Bill_Of_Landing_562_page_0.png1:0:00:02.690270
2024-03-26 15:11:37,900 file name is:Bill_Of_Landing_680_page_0.png
2024-03-26 15:11:37,900 folder path :Images
2024-03-26 15:11:37,900 Calling Image result
2024-03-26 15:11:37,900 is all_page_result is instance of dict? True
2024-03-26 15:11:37,911 STREAM b'IHDR' 16 13
2024-03-26 15:11:37,911 STREAM b'IDAT' 41 65536
2024-03-26 15:11:37,975 is words is instance of list? True
2024-03-26 15:11:37,975 is bboxes is instance of list? True
2024-03-26 15:11:37,975 is bounding_boxes is instance of list? True
2024-03-26 15:11:38,474 is input_id_chunks is instance of list? True
2024-03-26 15:11:38,474 is mask_chunks is instance of list? True
2024-03-26 15:11:38,474 is bbox_chunks is instance of list? True
2024-03-26 15:11:38,474 is image_chunks is instance of list? True
2024-03-26 15:11:38,475 is input_dict is instance of dict? True
2024-03-26 15:11:40,227 Model Called
2024-03-26 15:11:40,227 RAM memory 83.8 used for Bill_Of_Landing_680_page_0.png:
2024-03-26 15:11:40,227 is all_predictions is instance of list? True
2024-03-26 15:11:40,227 is all_boxes is instance of list? True
2024-03-26 15:11:40,227 is all_confidences is instance of list? True
2024-03-26 15:11:40,227 is all_text is instance of list? True
2024-03-26 15:11:40,228 is label2id is instance of dict? True
2024-03-26 15:11:40,228 is id2label is instance of dict? True
2024-03-26 15:11:40,228 is label2color is instance of dict? True
2024-03-26 15:11:40,228 label2color : {'signature': '#D4E0DF', 'gross_weight': '#BF2056', 'freight_collected_at': '#57B603', 'shipper_name': '#497785', 'notify_party_address': '#25AD4A', 'awb_original_or_copy': '#A8DA8F', 'mode_of_transport': '#1F2078', 'flight_date': '#6E7C49', 'measurement': '#494E28', 'good_marks': '#2F6BBE', 'awb_original_number': '#FD7805', 'invoice_number': '#301BB9', 'dimension': '#EC6A70', 'pre_carriage_by': '#077242', 'awb_bill_no': '#C32533', 'notify_party_name': '#01332A', 'airport_of_destination': '#EEE0ED', 'final_destination': '#868355', 'net_weight': '#A77F41', 'signed_by_master': '#D1D119', 'invoice_date': '#7B6786', 'lc_date': '#887F0F', 'lc_no': '#96B0A1', 'signed_by_carrier': '#55E9D7', 'at_place': '#257CE0', 'awb_bill_issue_date': '#6E45BE', 'signed_by_agent': '#532A59', 'total_original_no': '#85A217', 'flight_details': '#6084B0', 'carrier_address': '#0DA50D', 'gross_quantity': '#71B465', 'transaction_date': '#F56F66', 'consignee_address': '#BB0C21', 'O': '#172584', 'shipper_address': '#062143', 'page_no': '#5BF19B', 'goods_description': '#DC91A2', 'freight_collect_or_prepaid': '#5B9002', 'agent_address': '#D0AF82', 'stamp': '#FECCC1', 'consignee_name': '#5C2421', 'country_of_origin': '#7ADBF9', 'airport_of_departure': '#DFD963', 'carrier_name': '#943BAE', 'place_of_receipt': '#5AC463', 'agent_name': '#9CBB55', 'master_name': '#54B0DF', 'stamped_onboard_date': '#8D09BB', 'shipment_date': '#254267', 'declared_value_of_custom': '#DD3CB6', 'declared_value_of_carriage': '#4B37EE', 'amount_insurance': '#CF49B6', 'carriage_condition': '#BFDCB4'}
2024-03-26 15:11:40,679 is result_set is instance of dict? True
2024-03-26 15:11:40,681 is final_result_set is instance of dict? True
2024-03-26 15:11:40,895 Time taken for page 1 of Bill_Of_Landing_680_page_0.png:0:00:02.984441
2024-03-26 15:11:41,235 *****Generated All Pages****** for Bill_Of_Landing_680_page_0.png
2024-03-26 15:11:41,235 RAM memory 83.9 used for Bill_Of_Landing_680_page_0.png Generating All Pages:
2024-03-26 15:11:41,235 Processing time taken for all pages of Bill_Of_Landing_680_page_0.png1:0:00:03.334580
2024-03-26 15:11:41,359 file name is:Bill_Of_Landing_562_page_30.png
2024-03-26 15:11:41,359 folder path :Images
2024-03-26 15:11:41,359 Calling Image result
2024-03-26 15:11:41,359 is all_page_result is instance of dict? True
2024-03-26 15:11:41,370 STREAM b'IHDR' 16 13
2024-03-26 15:11:41,370 STREAM b'IDAT' 41 65536
2024-03-26 15:11:41,398 is words is instance of list? True
2024-03-26 15:11:41,398 is bboxes is instance of list? True
2024-03-26 15:11:41,398 is bounding_boxes is instance of list? True
2024-03-26 15:11:41,608 is input_id_chunks is instance of list? True
2024-03-26 15:11:41,608 is mask_chunks is instance of list? True
2024-03-26 15:11:41,608 is bbox_chunks is instance of list? True
2024-03-26 15:11:41,608 is image_chunks is instance of list? True
2024-03-26 15:11:41,609 is input_dict is instance of dict? True
2024-03-26 15:11:43,606 Model Called
2024-03-26 15:11:43,606 RAM memory 84.0 used for Bill_Of_Landing_562_page_30.png:
2024-03-26 15:11:43,607 is all_predictions is instance of list? True
2024-03-26 15:11:43,607 is all_boxes is instance of list? True
2024-03-26 15:11:43,607 is all_confidences is instance of list? True
2024-03-26 15:11:43,607 is all_text is instance of list? True
2024-03-26 15:11:43,607 is label2id is instance of dict? True
2024-03-26 15:11:43,607 is id2label is instance of dict? True
2024-03-26 15:11:43,608 is label2color is instance of dict? True
2024-03-26 15:11:43,608 label2color : {'signature': '#AF1210', 'gross_weight': '#0659C4', 'freight_collected_at': '#49FA46', 'shipper_name': '#7FD60E', 'notify_party_address': '#E65047', 'awb_original_or_copy': '#F82661', 'mode_of_transport': '#6AB909', 'flight_date': '#B1B907', 'measurement': '#98D005', 'good_marks': '#A52469', 'awb_original_number': '#67F901', 'invoice_number': '#4DE992', 'dimension': '#8DB1E8', 'pre_carriage_by': '#308197', 'awb_bill_no': '#1AA1A2', 'notify_party_name': '#ACE01F', 'airport_of_destination': '#DD9801', 'final_destination': '#BB3FD0', 'net_weight': '#41B106', 'signed_by_master': '#DC7B7E', 'invoice_date': '#5DCAA5', 'lc_date': '#225E74', 'lc_no': '#D68BBE', 'signed_by_carrier': '#468502', 'at_place': '#2AEFB7', 'awb_bill_issue_date': '#D72612', 'signed_by_agent': '#090D8A', 'total_original_no': '#49E5F7', 'flight_details': '#2848F9', 'carrier_address': '#E5E89F', 'gross_quantity': '#ED6298', 'transaction_date': '#7F446C', 'consignee_address': '#20F7B4', 'O': '#FA00BC', 'shipper_address': '#17E6BA', 'page_no': '#4FCFFC', 'goods_description': '#1E54B7', 'freight_collect_or_prepaid': '#006812', 'agent_address': '#0A3DF8', 'stamp': '#78CD6F', 'consignee_name': '#3F3D71', 'country_of_origin': '#E29433', 'airport_of_departure': '#9A1473', 'carrier_name': '#C79F28', 'place_of_receipt': '#6D3521', 'agent_name': '#3AA966', 'master_name': '#CE7454', 'stamped_onboard_date': '#131BAF', 'shipment_date': '#DEAEC0', 'declared_value_of_custom': '#33DC64', 'declared_value_of_carriage': '#4A7AB0', 'amount_insurance': '#20E44B', 'carriage_condition': '#3AE9F8'}
2024-03-26 15:11:43,787 is result_set is instance of dict? True
2024-03-26 15:11:43,788 is final_result_set is instance of dict? True
2024-03-26 15:11:43,930 Time taken for page 1 of Bill_Of_Landing_562_page_30.png:0:00:02.560064
2024-03-26 15:11:44,049 *****Generated All Pages****** for Bill_Of_Landing_562_page_30.png
2024-03-26 15:11:44,049 RAM memory 83.9 used for Bill_Of_Landing_562_page_30.png Generating All Pages:
2024-03-26 15:11:44,049 Processing time taken for all pages of Bill_Of_Landing_562_page_30.png1:0:00:02.689794
2024-03-26 15:11:44,161 file name is:Bill_Of_Landing_634_page_0.png
2024-03-26 15:11:44,161 folder path :Images
2024-03-26 15:11:44,161 Calling Image result
2024-03-26 15:11:44,161 is all_page_result is instance of dict? True
2024-03-26 15:11:44,161 STREAM b'IHDR' 16 13
2024-03-26 15:11:44,161 STREAM b'IDAT' 41 65536
2024-03-26 15:11:44,189 is words is instance of list? True
2024-03-26 15:11:44,189 is bboxes is instance of list? True
2024-03-26 15:11:44,190 is bounding_boxes is instance of list? True
2024-03-26 15:11:44,409 is input_id_chunks is instance of list? True
2024-03-26 15:11:44,410 is mask_chunks is instance of list? True
2024-03-26 15:11:44,410 is bbox_chunks is instance of list? True
2024-03-26 15:11:44,410 is image_chunks is instance of list? True
2024-03-26 15:11:44,410 is input_dict is instance of dict? True
2024-03-26 15:11:46,215 Model Called
2024-03-26 15:11:46,216 RAM memory 83.8 used for Bill_Of_Landing_634_page_0.png:
2024-03-26 15:11:46,216 is all_predictions is instance of list? True
2024-03-26 15:11:46,216 is all_boxes is instance of list? True
2024-03-26 15:11:46,216 is all_confidences is instance of list? True
2024-03-26 15:11:46,216 is all_text is instance of list? True
2024-03-26 15:11:46,216 is label2id is instance of dict? True
2024-03-26 15:11:46,216 is id2label is instance of dict? True
2024-03-26 15:11:46,217 is label2color is instance of dict? True
2024-03-26 15:11:46,217 label2color : {'signature': '#4BED3E', 'gross_weight': '#C9F21E', 'freight_collected_at': '#CA4BB1', 'shipper_name': '#DF4A3A', 'notify_party_address': '#BD3EFA', 'awb_original_or_copy': '#25C4CF', 'mode_of_transport': '#B52642', 'flight_date': '#DD93EE', 'measurement': '#D8EAC4', 'good_marks': '#CD0F95', 'awb_original_number': '#566468', 'invoice_number': '#4B93E5', 'dimension': '#D48BE6', 'pre_carriage_by': '#B1B9D7', 'awb_bill_no': '#A203AF', 'notify_party_name': '#B54815', 'airport_of_destination': '#B8B8B4', 'final_destination': '#066320', 'net_weight': '#550FDA', 'signed_by_master': '#C1EF14', 'invoice_date': '#31319F', 'lc_date': '#47E1B3', 'lc_no': '#C752F5', 'signed_by_carrier': '#BBEF59', 'at_place': '#8315FF', 'awb_bill_issue_date': '#EF240F', 'signed_by_agent': '#01D41C', 'total_original_no': '#51A32D', 'flight_details': '#94137A', 'carrier_address': '#797271', 'gross_quantity': '#4CE48D', 'transaction_date': '#EF9508', 'consignee_address': '#F8CD2E', 'O': '#22EF0E', 'shipper_address': '#F4CB76', 'page_no': '#BBD284', 'goods_description': '#76CD56', 'freight_collect_or_prepaid': '#CBBCB1', 'agent_address': '#601858', 'stamp': '#439E11', 'consignee_name': '#057C00', 'country_of_origin': '#DC10BA', 'airport_of_departure': '#B66C44', 'carrier_name': '#49AFEA', 'place_of_receipt': '#3583ED', 'agent_name': '#6BEFB8', 'master_name': '#D8E935', 'stamped_onboard_date': '#45630C', 'shipment_date': '#43EFBC', 'declared_value_of_custom': '#C4ED3D', 'declared_value_of_carriage': '#78C3B7', 'amount_insurance': '#B5BA00', 'carriage_condition': '#3EA901'}
2024-03-26 15:11:46,397 is result_set is instance of dict? True
2024-03-26 15:11:46,398 is final_result_set is instance of dict? True
2024-03-26 15:11:46,551 Time taken for page 1 of Bill_Of_Landing_634_page_0.png:0:00:02.389362
2024-03-26 15:11:46,681 *****Generated All Pages****** for Bill_Of_Landing_634_page_0.png
2024-03-26 15:11:46,682 RAM memory 83.8 used for Bill_Of_Landing_634_page_0.png Generating All Pages:
2024-03-26 15:11:46,682 Processing time taken for all pages of Bill_Of_Landing_634_page_0.png1:0:00:02.520889
2024-03-26 15:11:46,791 file name is:Bill_Of_Landing_899_page_21.png
2024-03-26 15:11:46,791 folder path :Images
2024-03-26 15:11:46,791 Calling Image result
2024-03-26 15:11:46,791 is all_page_result is instance of dict? True
2024-03-26 15:11:46,801 STREAM b'IHDR' 16 13
2024-03-26 15:11:46,801 STREAM b'IDAT' 41 65536
2024-03-26 15:11:46,828 is words is instance of list? True
2024-03-26 15:11:46,828 is bboxes is instance of list? True
2024-03-26 15:11:46,828 is bounding_boxes is instance of list? True
2024-03-26 15:11:47,025 is input_id_chunks is instance of list? True
2024-03-26 15:11:47,025 is mask_chunks is instance of list? True
2024-03-26 15:11:47,025 is bbox_chunks is instance of list? True
2024-03-26 15:11:47,025 is image_chunks is instance of list? True
2024-03-26 15:11:47,025 is input_dict is instance of dict? True
2024-03-26 15:11:48,865 Model Called
2024-03-26 15:11:48,865 RAM memory 83.4 used for Bill_Of_Landing_899_page_21.png:
2024-03-26 15:11:48,865 is all_predictions is instance of list? True
2024-03-26 15:11:48,865 is all_boxes is instance of list? True
2024-03-26 15:11:48,865 is all_confidences is instance of list? True
2024-03-26 15:11:48,865 is all_text is instance of list? True
2024-03-26 15:11:48,866 is label2id is instance of dict? True
2024-03-26 15:11:48,866 is id2label is instance of dict? True
2024-03-26 15:11:48,866 is label2color is instance of dict? True
2024-03-26 15:11:48,867 label2color : {'signature': '#5600D0', 'gross_weight': '#ACB71A', 'freight_collected_at': '#FF9642', 'shipper_name': '#D5A926', 'notify_party_address': '#37BC7D', 'awb_original_or_copy': '#B60917', 'mode_of_transport': '#6E4C7B', 'flight_date': '#7D492D', 'measurement': '#18EBDC', 'good_marks': '#1C8A0E', 'awb_original_number': '#934484', 'invoice_number': '#D13B4C', 'dimension': '#DD2512', 'pre_carriage_by': '#A75D63', 'awb_bill_no': '#543419', 'notify_party_name': '#171D7D', 'airport_of_destination': '#EE4A26', 'final_destination': '#B1A63E', 'net_weight': '#1F4829', 'signed_by_master': '#FABF7F', 'invoice_date': '#405C54', 'lc_date': '#D6D083', 'lc_no': '#EAC1F2', 'signed_by_carrier': '#83D932', 'at_place': '#9AF025', 'awb_bill_issue_date': '#DC9E11', 'signed_by_agent': '#84168E', 'total_original_no': '#71DD2B', 'flight_details': '#F56B5D', 'carrier_address': '#246E4E', 'gross_quantity': '#E7934A', 'transaction_date': '#F460F1', 'consignee_address': '#332114', 'O': '#ACE77C', 'shipper_address': '#F6BD0A', 'page_no': '#8BF416', 'goods_description': '#9DA02D', 'freight_collect_or_prepaid': '#814B27', 'agent_address': '#E68570', 'stamp': '#9D3E4A', 'consignee_name': '#75C06A', 'country_of_origin': '#8D8CF4', 'airport_of_departure': '#0BD79E', 'carrier_name': '#7C77C1', 'place_of_receipt': '#4CBA30', 'agent_name': '#B8DD65', 'master_name': '#962EFC', 'stamped_onboard_date': '#32A16D', 'shipment_date': '#8CAB6D', 'declared_value_of_custom': '#2839CE', 'declared_value_of_carriage': '#CB55CD', 'amount_insurance': '#82F9C1', 'carriage_condition': '#6A076B'}
2024-03-26 15:11:49,069 is result_set is instance of dict? True
2024-03-26 15:11:49,071 is final_result_set is instance of dict? True
2024-03-26 15:11:49,247 Time taken for page 1 of Bill_Of_Landing_899_page_21.png:0:00:02.446087
2024-03-26 15:11:49,391 *****Generated All Pages****** for Bill_Of_Landing_899_page_21.png
2024-03-26 15:11:49,391 RAM memory 83.9 used for Bill_Of_Landing_899_page_21.png Generating All Pages:
2024-03-26 15:11:49,391 Processing time taken for all pages of Bill_Of_Landing_899_page_21.png1:0:00:02.600423
2024-03-26 15:11:49,506 file name is:Bill_Of_Landing_562_page_17.png
2024-03-26 15:11:49,506 folder path :Images
2024-03-26 15:11:49,506 Calling Image result
2024-03-26 15:11:49,506 is all_page_result is instance of dict? True
2024-03-26 15:11:49,516 STREAM b'IHDR' 16 13
2024-03-26 15:11:49,516 STREAM b'IDAT' 41 65536
2024-03-26 15:11:49,543 is words is instance of list? True
2024-03-26 15:11:49,543 is bboxes is instance of list? True
2024-03-26 15:11:49,543 is bounding_boxes is instance of list? True
2024-03-26 15:11:49,750 is input_id_chunks is instance of list? True
2024-03-26 15:11:49,750 is mask_chunks is instance of list? True
2024-03-26 15:11:49,750 is bbox_chunks is instance of list? True
2024-03-26 15:11:49,750 is image_chunks is instance of list? True
2024-03-26 15:11:49,750 is input_dict is instance of dict? True
2024-03-26 15:11:51,595 Model Called
2024-03-26 15:11:51,596 RAM memory 83.9 used for Bill_Of_Landing_562_page_17.png:
2024-03-26 15:11:51,596 is all_predictions is instance of list? True
2024-03-26 15:11:51,596 is all_boxes is instance of list? True
2024-03-26 15:11:51,596 is all_confidences is instance of list? True
2024-03-26 15:11:51,596 is all_text is instance of list? True
2024-03-26 15:11:51,596 is label2id is instance of dict? True
2024-03-26 15:11:51,596 is id2label is instance of dict? True
2024-03-26 15:11:51,597 is label2color is instance of dict? True
2024-03-26 15:11:51,597 label2color : {'signature': '#74A1FC', 'gross_weight': '#5E7838', 'freight_collected_at': '#C4328F', 'shipper_name': '#9DCBA2', 'notify_party_address': '#26C638', 'awb_original_or_copy': '#9BF79E', 'mode_of_transport': '#DF3748', 'flight_date': '#3EF869', 'measurement': '#D869E7', 'good_marks': '#DD0D3F', 'awb_original_number': '#5EA2CE', 'invoice_number': '#6C4571', 'dimension': '#B40384', 'pre_carriage_by': '#2F4D6E', 'awb_bill_no': '#289AA4', 'notify_party_name': '#7CA006', 'airport_of_destination': '#E53C9A', 'final_destination': '#69A52D', 'net_weight': '#9CD12C', 'signed_by_master': '#B760DB', 'invoice_date': '#3FC067', 'lc_date': '#DB68CA', 'lc_no': '#90FC04', 'signed_by_carrier': '#CB2060', 'at_place': '#31AE7C', 'awb_bill_issue_date': '#901A1D', 'signed_by_agent': '#CEC9B5', 'total_original_no': '#8A9E0E', 'flight_details': '#0BB5CA', 'carrier_address': '#75C643', 'gross_quantity': '#60A245', 'transaction_date': '#95A665', 'consignee_address': '#93FA6F', 'O': '#A8DEC8', 'shipper_address': '#962FF2', 'page_no': '#19D89D', 'goods_description': '#714A5E', 'freight_collect_or_prepaid': '#A28A81', 'agent_address': '#CBEC45', 'stamp': '#F3CBF0', 'consignee_name': '#D5610A', 'country_of_origin': '#8413E8', 'airport_of_departure': '#820879', 'carrier_name': '#5EB12A', 'place_of_receipt': '#17C316', 'agent_name': '#C5A61F', 'master_name': '#BFB62D', 'stamped_onboard_date': '#3CE50D', 'shipment_date': '#1D45EE', 'declared_value_of_custom': '#AB372E', 'declared_value_of_carriage': '#FE27D2', 'amount_insurance': '#4C8207', 'carriage_condition': '#549705'}
2024-03-26 15:11:51,777 is result_set is instance of dict? True
2024-03-26 15:11:51,778 is final_result_set is instance of dict? True
2024-03-26 15:11:51,925 Time taken for page 1 of Bill_Of_Landing_562_page_17.png:0:00:02.408513
2024-03-26 15:11:52,047 *****Generated All Pages****** for Bill_Of_Landing_562_page_17.png
2024-03-26 15:11:52,048 RAM memory 83.9 used for Bill_Of_Landing_562_page_17.png Generating All Pages:
2024-03-26 15:11:52,048 Processing time taken for all pages of Bill_Of_Landing_562_page_17.png1:0:00:02.541609
2024-03-26 15:11:52,158 file name is:Bill_Of_Landing_562_page_47.png
2024-03-26 15:11:52,159 folder path :Images
2024-03-26 15:11:52,159 Calling Image result
2024-03-26 15:11:52,159 is all_page_result is instance of dict? True
2024-03-26 15:11:52,169 STREAM b'IHDR' 16 13
2024-03-26 15:11:52,169 STREAM b'IDAT' 41 65536
2024-03-26 15:11:52,196 is words is instance of list? True
2024-03-26 15:11:52,196 is bboxes is instance of list? True
2024-03-26 15:11:52,196 is bounding_boxes is instance of list? True
2024-03-26 15:11:52,392 is input_id_chunks is instance of list? True
2024-03-26 15:11:52,392 is mask_chunks is instance of list? True
2024-03-26 15:11:52,392 is bbox_chunks is instance of list? True
2024-03-26 15:11:52,392 is image_chunks is instance of list? True
2024-03-26 15:11:52,392 is input_dict is instance of dict? True
2024-03-26 15:11:54,172 Model Called
2024-03-26 15:11:54,172 RAM memory 83.9 used for Bill_Of_Landing_562_page_47.png:
2024-03-26 15:11:54,172 is all_predictions is instance of list? True
2024-03-26 15:11:54,172 is all_boxes is instance of list? True
2024-03-26 15:11:54,172 is all_confidences is instance of list? True
2024-03-26 15:11:54,172 is all_text is instance of list? True
2024-03-26 15:11:54,172 is label2id is instance of dict? True
2024-03-26 15:11:54,172 is id2label is instance of dict? True
2024-03-26 15:11:54,173 is label2color is instance of dict? True
2024-03-26 15:11:54,173 label2color : {'signature': '#E2B717', 'gross_weight': '#975280', 'freight_collected_at': '#6493AA', 'shipper_name': '#662CEB', 'notify_party_address': '#CEFCFE', 'awb_original_or_copy': '#9767DA', 'mode_of_transport': '#793602', 'flight_date': '#D54CC1', 'measurement': '#548389', 'good_marks': '#851E28', 'awb_original_number': '#1A05EB', 'invoice_number': '#5B7956', 'dimension': '#C2532F', 'pre_carriage_by': '#054C2C', 'awb_bill_no': '#5F10F8', 'notify_party_name': '#DD0DE2', 'airport_of_destination': '#A6FC5A', 'final_destination': '#B4DE6B', 'net_weight': '#B0B2AE', 'signed_by_master': '#62C0BB', 'invoice_date': '#1A91A6', 'lc_date': '#0904AB', 'lc_no': '#B22DCA', 'signed_by_carrier': '#90DBBA', 'at_place': '#2CC552', 'awb_bill_issue_date': '#C006E5', 'signed_by_agent': '#B50E5B', 'total_original_no': '#AC3E3B', 'flight_details': '#42CF3C', 'carrier_address': '#8D52D2', 'gross_quantity': '#87C458', 'transaction_date': '#46553D', 'consignee_address': '#F8FD9E', 'O': '#83F399', 'shipper_address': '#C8D17B', 'page_no': '#9CC290', 'goods_description': '#959AF3', 'freight_collect_or_prepaid': '#673BCD', 'agent_address': '#D7F822', 'stamp': '#FF87C0', 'consignee_name': '#026765', 'country_of_origin': '#86E29B', 'airport_of_departure': '#3D1EB5', 'carrier_name': '#BFE97E', 'place_of_receipt': '#277747', 'agent_name': '#D78010', 'master_name': '#DB781C', 'stamped_onboard_date': '#5CBF3E', 'shipment_date': '#2EBD7A', 'declared_value_of_custom': '#351081', 'declared_value_of_carriage': '#38EAD9', 'amount_insurance': '#D5EF3F', 'carriage_condition': '#B85985'}
2024-03-26 15:11:54,354 is result_set is instance of dict? True
2024-03-26 15:11:54,355 is final_result_set is instance of dict? True
2024-03-26 15:11:54,507 Time taken for page 1 of Bill_Of_Landing_562_page_47.png:0:00:02.337618
2024-03-26 15:11:54,625 *****Generated All Pages****** for Bill_Of_Landing_562_page_47.png
2024-03-26 15:11:54,625 RAM memory 83.8 used for Bill_Of_Landing_562_page_47.png Generating All Pages:
2024-03-26 15:11:54,626 Processing time taken for all pages of Bill_Of_Landing_562_page_47.png1:0:00:02.466844
2024-03-26 15:11:54,741 file name is:Bill_Of_Landing_521_page_7.png
2024-03-26 15:11:54,741 folder path :Images
2024-03-26 15:11:54,742 Calling Image result
2024-03-26 15:11:54,742 is all_page_result is instance of dict? True
2024-03-26 15:11:54,779 STREAM b'IHDR' 16 13
2024-03-26 15:11:54,779 STREAM b'IDAT' 41 65536
2024-03-26 15:11:54,813 is words is instance of list? True
2024-03-26 15:11:54,813 is bboxes is instance of list? True
2024-03-26 15:11:54,813 is bounding_boxes is instance of list? True
2024-03-26 15:11:55,019 is input_id_chunks is instance of list? True
2024-03-26 15:11:55,019 is mask_chunks is instance of list? True
2024-03-26 15:11:55,019 is bbox_chunks is instance of list? True
2024-03-26 15:11:55,019 is image_chunks is instance of list? True
2024-03-26 15:11:55,020 is input_dict is instance of dict? True
2024-03-26 15:11:57,982 Model Called
2024-03-26 15:11:57,982 RAM memory 87.7 used for Bill_Of_Landing_521_page_7.png:
2024-03-26 15:11:57,982 is all_predictions is instance of list? True
2024-03-26 15:11:57,982 is all_boxes is instance of list? True
2024-03-26 15:11:57,982 is all_confidences is instance of list? True
2024-03-26 15:11:57,982 is all_text is instance of list? True
2024-03-26 15:11:57,982 is label2id is instance of dict? True
2024-03-26 15:11:57,982 is id2label is instance of dict? True
2024-03-26 15:11:57,983 is label2color is instance of dict? True
2024-03-26 15:11:57,983 label2color : {'signature': '#F7707E', 'gross_weight': '#BA7596', 'freight_collected_at': '#A774B7', 'shipper_name': '#4C2372', 'notify_party_address': '#434FC1', 'awb_original_or_copy': '#83C273', 'mode_of_transport': '#C980A0', 'flight_date': '#CF5AC3', 'measurement': '#E4C4E4', 'good_marks': '#FCFBA9', 'awb_original_number': '#0DF1D4', 'invoice_number': '#93804F', 'dimension': '#CB2F4E', 'pre_carriage_by': '#D1B6A7', 'awb_bill_no': '#28A690', 'notify_party_name': '#269422', 'airport_of_destination': '#558F7B', 'final_destination': '#7528BB', 'net_weight': '#AAAA47', 'signed_by_master': '#09FA6D', 'invoice_date': '#161BD2', 'lc_date': '#3FD6C7', 'lc_no': '#729CE3', 'signed_by_carrier': '#8EDEA0', 'at_place': '#B1E62F', 'awb_bill_issue_date': '#16AF1E', 'signed_by_agent': '#7FD1CE', 'total_original_no': '#CF2429', 'flight_details': '#0B5501', 'carrier_address': '#1DEA44', 'gross_quantity': '#B5AFF5', 'transaction_date': '#6D5C89', 'consignee_address': '#EFDEC2', 'O': '#26F730', 'shipper_address': '#31FDBE', 'page_no': '#157FDD', 'goods_description': '#189F9C', 'freight_collect_or_prepaid': '#B72D8F', 'agent_address': '#3CDC75', 'stamp': '#E6BD62', 'consignee_name': '#36FEB6', 'country_of_origin': '#C7D1A5', 'airport_of_departure': '#A78C72', 'carrier_name': '#C053C8', 'place_of_receipt': '#21C83E', 'agent_name': '#70F9D7', 'master_name': '#0C3DA0', 'stamped_onboard_date': '#0EAC94', 'shipment_date': '#C41F41', 'declared_value_of_custom': '#2A6477', 'declared_value_of_carriage': '#0C17C8', 'amount_insurance': '#FDC3F6', 'carriage_condition': '#BA6B5D'}
2024-03-26 15:11:58,239 is result_set is instance of dict? True
2024-03-26 15:11:58,241 is final_result_set is instance of dict? True
2024-03-26 15:11:58,471 Time taken for page 1 of Bill_Of_Landing_521_page_7.png:0:00:03.691937
2024-03-26 15:11:58,609 *****Generated All Pages****** for Bill_Of_Landing_521_page_7.png
2024-03-26 15:11:58,609 RAM memory 87.8 used for Bill_Of_Landing_521_page_7.png Generating All Pages:
2024-03-26 15:11:58,609 Processing time taken for all pages of Bill_Of_Landing_521_page_7.png1:0:00:03.867488
2024-03-26 15:11:58,735 file name is:Bill_Of_Landing_511_page_1.png
2024-03-26 15:11:58,735 folder path :Images
2024-03-26 15:11:58,735 Calling Image result
2024-03-26 15:11:58,736 is all_page_result is instance of dict? True
2024-03-26 15:11:58,746 STREAM b'IHDR' 16 13
2024-03-26 15:11:58,746 STREAM b'IDAT' 41 65536
2024-03-26 15:11:58,774 is words is instance of list? True
2024-03-26 15:11:58,774 is bboxes is instance of list? True
2024-03-26 15:11:58,774 is bounding_boxes is instance of list? True
2024-03-26 15:11:58,975 is input_id_chunks is instance of list? True
2024-03-26 15:11:58,975 is mask_chunks is instance of list? True
2024-03-26 15:11:58,975 is bbox_chunks is instance of list? True
2024-03-26 15:11:58,975 is image_chunks is instance of list? True
2024-03-26 15:11:58,975 is input_dict is instance of dict? True
2024-03-26 15:12:00,922 Model Called
2024-03-26 15:12:00,922 RAM memory 86.4 used for Bill_Of_Landing_511_page_1.png:
2024-03-26 15:12:00,922 is all_predictions is instance of list? True
2024-03-26 15:12:00,922 is all_boxes is instance of list? True
2024-03-26 15:12:00,922 is all_confidences is instance of list? True
2024-03-26 15:12:00,922 is all_text is instance of list? True
2024-03-26 15:12:00,923 is label2id is instance of dict? True
2024-03-26 15:12:00,923 is id2label is instance of dict? True
2024-03-26 15:12:00,923 is label2color is instance of dict? True
2024-03-26 15:12:00,924 label2color : {'signature': '#FC746D', 'gross_weight': '#CAF67C', 'freight_collected_at': '#480573', 'shipper_name': '#3F8E4B', 'notify_party_address': '#D2F502', 'awb_original_or_copy': '#499441', 'mode_of_transport': '#AB6CE3', 'flight_date': '#2CCF08', 'measurement': '#DCADB3', 'good_marks': '#9991D0', 'awb_original_number': '#9E2887', 'invoice_number': '#0C5DE1', 'dimension': '#E4ACE9', 'pre_carriage_by': '#149902', 'awb_bill_no': '#ED58E9', 'notify_party_name': '#A20FB7', 'airport_of_destination': '#3F8C70', 'final_destination': '#41738D', 'net_weight': '#E9ED10', 'signed_by_master': '#4332CA', 'invoice_date': '#8799E9', 'lc_date': '#61830F', 'lc_no': '#3ED6FA', 'signed_by_carrier': '#BF9F6A', 'at_place': '#8AB0C2', 'awb_bill_issue_date': '#009768', 'signed_by_agent': '#6724BB', 'total_original_no': '#C6F712', 'flight_details': '#C075D6', 'carrier_address': '#788901', 'gross_quantity': '#A33ACC', 'transaction_date': '#74BA5A', 'consignee_address': '#533D2F', 'O': '#A28D44', 'shipper_address': '#1CBAC5', 'page_no': '#221F6C', 'goods_description': '#8B9157', 'freight_collect_or_prepaid': '#2AF9F8', 'agent_address': '#692219', 'stamp': '#0819AC', 'consignee_name': '#54459D', 'country_of_origin': '#9D9B59', 'airport_of_departure': '#738595', 'carrier_name': '#E454E9', 'place_of_receipt': '#D809B9', 'agent_name': '#7260A7', 'master_name': '#0C8D7C', 'stamped_onboard_date': '#BF82CF', 'shipment_date': '#DD42E9', 'declared_value_of_custom': '#CBB4AB', 'declared_value_of_carriage': '#6472D7', 'amount_insurance': '#4223B7', 'carriage_condition': '#38303C'}
2024-03-26 15:12:01,136 is result_set is instance of dict? True
2024-03-26 15:12:01,138 is final_result_set is instance of dict? True
2024-03-26 15:12:01,344 Time taken for page 1 of Bill_Of_Landing_511_page_1.png:0:00:02.598375
2024-03-26 15:12:01,471 *****Generated All Pages****** for Bill_Of_Landing_511_page_1.png
2024-03-26 15:12:01,471 RAM memory 86.6 used for Bill_Of_Landing_511_page_1.png Generating All Pages:
2024-03-26 15:12:01,471 Processing time taken for all pages of Bill_Of_Landing_511_page_1.png1:0:00:02.735748
2024-03-26 15:12:01,586 file name is:Bill_Of_Landing_774_page_0.png
2024-03-26 15:12:01,586 folder path :Images
2024-03-26 15:12:01,586 Calling Image result
2024-03-26 15:12:01,586 is all_page_result is instance of dict? True
2024-03-26 15:12:01,596 STREAM b'IHDR' 16 13
2024-03-26 15:12:01,596 STREAM b'IDAT' 41 65536
2024-03-26 15:12:01,652 is words is instance of list? True
2024-03-26 15:12:01,652 is bboxes is instance of list? True
2024-03-26 15:12:01,652 is bounding_boxes is instance of list? True
2024-03-26 15:12:02,081 is input_id_chunks is instance of list? True
2024-03-26 15:12:02,081 is mask_chunks is instance of list? True
2024-03-26 15:12:02,081 is bbox_chunks is instance of list? True
2024-03-26 15:12:02,081 is image_chunks is instance of list? True
2024-03-26 15:12:02,082 is input_dict is instance of dict? True
2024-03-26 15:12:05,070 Model Called
2024-03-26 15:12:05,070 RAM memory 87.8 used for Bill_Of_Landing_774_page_0.png:
2024-03-26 15:12:05,070 is all_predictions is instance of list? True
2024-03-26 15:12:05,070 is all_boxes is instance of list? True
2024-03-26 15:12:05,070 is all_confidences is instance of list? True
2024-03-26 15:12:05,070 is all_text is instance of list? True
2024-03-26 15:12:05,070 is label2id is instance of dict? True
2024-03-26 15:12:05,070 is id2label is instance of dict? True
2024-03-26 15:12:05,071 is label2color is instance of dict? True
2024-03-26 15:12:05,071 label2color : {'signature': '#72612D', 'gross_weight': '#34ADFD', 'freight_collected_at': '#10B2D8', 'shipper_name': '#16145F', 'notify_party_address': '#B394AA', 'awb_original_or_copy': '#A848A5', 'mode_of_transport': '#B3F2CB', 'flight_date': '#5D3295', 'measurement': '#1077F6', 'good_marks': '#2CA684', 'awb_original_number': '#3DD42D', 'invoice_number': '#80236C', 'dimension': '#34F8D9', 'pre_carriage_by': '#57A525', 'awb_bill_no': '#416252', 'notify_party_name': '#7F7D38', 'airport_of_destination': '#02DF61', 'final_destination': '#8C0A85', 'net_weight': '#6ECC0C', 'signed_by_master': '#FBE8D7', 'invoice_date': '#CCDDDB', 'lc_date': '#7765D0', 'lc_no': '#0DD8BF', 'signed_by_carrier': '#EDA68A', 'at_place': '#B160B4', 'awb_bill_issue_date': '#0802DE', 'signed_by_agent': '#EE12B9', 'total_original_no': '#FFEA22', 'flight_details': '#8484B6', 'carrier_address': '#82F51F', 'gross_quantity': '#89F8CC', 'transaction_date': '#87A328', 'consignee_address': '#4AE5C8', 'O': '#C192D7', 'shipper_address': '#AE7F26', 'page_no': '#4D7849', 'goods_description': '#297505', 'freight_collect_or_prepaid': '#5A2638', 'agent_address': '#02FA93', 'stamp': '#8F1D2E', 'consignee_name': '#F955B0', 'country_of_origin': '#6022F1', 'airport_of_departure': '#871FC8', 'carrier_name': '#9D3B92', 'place_of_receipt': '#DDED46', 'agent_name': '#52929C', 'master_name': '#B26E71', 'stamped_onboard_date': '#581FC5', 'shipment_date': '#07F3DB', 'declared_value_of_custom': '#05A65B', 'declared_value_of_carriage': '#77B00B', 'amount_insurance': '#179D29', 'carriage_condition': '#059069'}
2024-03-26 15:12:05,638 is result_set is instance of dict? True
2024-03-26 15:12:05,640 is final_result_set is instance of dict? True
2024-03-26 15:12:05,874 Time taken for page 1 of Bill_Of_Landing_774_page_0.png:0:00:04.277458
2024-03-26 15:12:06,130 *****Generated All Pages****** for Bill_Of_Landing_774_page_0.png
2024-03-26 15:12:06,130 RAM memory 88.3 used for Bill_Of_Landing_774_page_0.png Generating All Pages:
2024-03-26 15:12:06,130 Processing time taken for all pages of Bill_Of_Landing_774_page_0.png1:0:00:04.544417
2024-03-26 15:12:06,254 file name is:Bill_Of_Landing_356_page_0.png
2024-03-26 15:12:06,254 folder path :Images
2024-03-26 15:12:06,254 Calling Image result
2024-03-26 15:12:06,254 is all_page_result is instance of dict? True
2024-03-26 15:12:06,265 STREAM b'IHDR' 16 13
2024-03-26 15:12:06,265 STREAM b'IDAT' 41 65536
2024-03-26 15:12:06,292 is words is instance of list? True
2024-03-26 15:12:06,292 is bboxes is instance of list? True
2024-03-26 15:12:06,292 is bounding_boxes is instance of list? True
2024-03-26 15:12:06,491 is input_id_chunks is instance of list? True
2024-03-26 15:12:06,491 is mask_chunks is instance of list? True
2024-03-26 15:12:06,491 is bbox_chunks is instance of list? True
2024-03-26 15:12:06,491 is image_chunks is instance of list? True
2024-03-26 15:12:06,492 is input_dict is instance of dict? True
2024-03-26 15:12:08,499 Model Called
2024-03-26 15:12:08,499 RAM memory 85.8 used for Bill_Of_Landing_356_page_0.png:
2024-03-26 15:12:08,499 is all_predictions is instance of list? True
2024-03-26 15:12:08,499 is all_boxes is instance of list? True
2024-03-26 15:12:08,499 is all_confidences is instance of list? True
2024-03-26 15:12:08,499 is all_text is instance of list? True
2024-03-26 15:12:08,500 is label2id is instance of dict? True
2024-03-26 15:12:08,500 is id2label is instance of dict? True
2024-03-26 15:12:08,500 is label2color is instance of dict? True
2024-03-26 15:12:08,500 label2color : {'signature': '#968C76', 'gross_weight': '#A11AC9', 'freight_collected_at': '#E0A19C', 'shipper_name': '#AA28BB', 'notify_party_address': '#DEA3FB', 'awb_original_or_copy': '#13FB2D', 'mode_of_transport': '#25F8F4', 'flight_date': '#98F4B1', 'measurement': '#905671', 'good_marks': '#85D0B0', 'awb_original_number': '#6028EE', 'invoice_number': '#FEB698', 'dimension': '#06251A', 'pre_carriage_by': '#1791A0', 'awb_bill_no': '#CD56EC', 'notify_party_name': '#C49FC2', 'airport_of_destination': '#BA37D4', 'final_destination': '#D957A4', 'net_weight': '#C65034', 'signed_by_master': '#6855D4', 'invoice_date': '#485CC8', 'lc_date': '#3E3ABE', 'lc_no': '#C79A8B', 'signed_by_carrier': '#288D41', 'at_place': '#D35C1F', 'awb_bill_issue_date': '#72B727', 'signed_by_agent': '#9E3E38', 'total_original_no': '#D1C139', 'flight_details': '#F7719A', 'carrier_address': '#E43E4E', 'gross_quantity': '#989AF4', 'transaction_date': '#B4B936', 'consignee_address': '#0AA8E3', 'O': '#7FAD01', 'shipper_address': '#2220CE', 'page_no': '#C86EB0', 'goods_description': '#7419F9', 'freight_collect_or_prepaid': '#EEA93B', 'agent_address': '#B97E27', 'stamp': '#3DB92B', 'consignee_name': '#D70465', 'country_of_origin': '#8D0AA9', 'airport_of_departure': '#77C687', 'carrier_name': '#987ED7', 'place_of_receipt': '#A86CE7', 'agent_name': '#CF3642', 'master_name': '#7CC656', 'stamped_onboard_date': '#939C59', 'shipment_date': '#F163AB', 'declared_value_of_custom': '#9C80C3', 'declared_value_of_carriage': '#A7A822', 'amount_insurance': '#131586', 'carriage_condition': '#9C39C4'}
2024-03-26 15:12:08,691 is result_set is instance of dict? True
2024-03-26 15:12:08,693 is final_result_set is instance of dict? True
2024-03-26 15:12:08,962 Time taken for page 1 of Bill_Of_Landing_356_page_0.png:0:00:02.697115
2024-03-26 15:12:09,107 *****Generated All Pages****** for Bill_Of_Landing_356_page_0.png
2024-03-26 15:12:09,107 RAM memory 86.3 used for Bill_Of_Landing_356_page_0.png Generating All Pages:
2024-03-26 15:12:09,107 Processing time taken for all pages of Bill_Of_Landing_356_page_0.png1:0:00:02.853029
2024-03-26 15:12:09,222 file name is:Bill_Of_Landing_555_page_1.png
2024-03-26 15:12:09,222 folder path :Images
2024-03-26 15:12:09,222 Calling Image result
2024-03-26 15:12:09,222 is all_page_result is instance of dict? True
2024-03-26 15:12:09,223 STREAM b'IHDR' 16 13
2024-03-26 15:12:09,223 STREAM b'IDAT' 41 64166
2024-03-26 15:12:09,249 is words is instance of list? True
2024-03-26 15:12:09,249 is bboxes is instance of list? True
2024-03-26 15:12:09,249 is bounding_boxes is instance of list? True
2024-03-26 15:12:09,461 is input_id_chunks is instance of list? True
2024-03-26 15:12:09,461 is mask_chunks is instance of list? True
2024-03-26 15:12:09,461 is bbox_chunks is instance of list? True
2024-03-26 15:12:09,461 is image_chunks is instance of list? True
2024-03-26 15:12:09,461 is input_dict is instance of dict? True
2024-03-26 15:12:11,395 Model Called
2024-03-26 15:12:11,396 RAM memory 86.2 used for Bill_Of_Landing_555_page_1.png:
2024-03-26 15:12:11,396 is all_predictions is instance of list? True
2024-03-26 15:12:11,396 is all_boxes is instance of list? True
2024-03-26 15:12:11,396 is all_confidences is instance of list? True
2024-03-26 15:12:11,396 is all_text is instance of list? True
2024-03-26 15:12:11,396 is label2id is instance of dict? True
2024-03-26 15:12:11,396 is id2label is instance of dict? True
2024-03-26 15:12:11,397 is label2color is instance of dict? True
2024-03-26 15:12:11,397 label2color : {'signature': '#231312', 'gross_weight': '#23DE62', 'freight_collected_at': '#3E8358', 'shipper_name': '#B95176', 'notify_party_address': '#D0F7D2', 'awb_original_or_copy': '#E1AFC2', 'mode_of_transport': '#5D2573', 'flight_date': '#2678AC', 'measurement': '#F4DBD4', 'good_marks': '#D23536', 'awb_original_number': '#347F96', 'invoice_number': '#B14453', 'dimension': '#8FCD85', 'pre_carriage_by': '#7102ED', 'awb_bill_no': '#A55351', 'notify_party_name': '#873049', 'airport_of_destination': '#710F40', 'final_destination': '#25D3E0', 'net_weight': '#2027B2', 'signed_by_master': '#547312', 'invoice_date': '#ED16A4', 'lc_date': '#B3F4B1', 'lc_no': '#D600E0', 'signed_by_carrier': '#98654D', 'at_place': '#573822', 'awb_bill_issue_date': '#A9C359', 'signed_by_agent': '#BEC87C', 'total_original_no': '#7A8DA2', 'flight_details': '#B4153D', 'carrier_address': '#736A2E', 'gross_quantity': '#1E7971', 'transaction_date': '#B46178', 'consignee_address': '#70CA34', 'O': '#5F9A78', 'shipper_address': '#5FD125', 'page_no': '#A3BD00', 'goods_description': '#F2A786', 'freight_collect_or_prepaid': '#7C26E8', 'agent_address': '#305F11', 'stamp': '#2014D5', 'consignee_name': '#1962E0', 'country_of_origin': '#A3E1D0', 'airport_of_departure': '#E005C1', 'carrier_name': '#B799B6', 'place_of_receipt': '#A6AB40', 'agent_name': '#BAA3D4', 'master_name': '#AE41B1', 'stamped_onboard_date': '#92A0EE', 'shipment_date': '#94E19A', 'declared_value_of_custom': '#8527DE', 'declared_value_of_carriage': '#951C8D', 'amount_insurance': '#628602', 'carriage_condition': '#A6783F'}
2024-03-26 15:12:11,578 is result_set is instance of dict? True
2024-03-26 15:12:11,579 is final_result_set is instance of dict? True
2024-03-26 15:12:11,736 Time taken for page 1 of Bill_Of_Landing_555_page_1.png:0:00:02.513080
2024-03-26 15:12:11,854 *****Generated All Pages****** for Bill_Of_Landing_555_page_1.png
2024-03-26 15:12:11,854 RAM memory 86.2 used for Bill_Of_Landing_555_page_1.png Generating All Pages:
2024-03-26 15:12:11,854 Processing time taken for all pages of Bill_Of_Landing_555_page_1.png1:0:00:02.632127
2024-03-26 15:12:11,966 file name is:Bill_Of_Landing_329_page_0.png
2024-03-26 15:12:11,966 folder path :Images
2024-03-26 15:12:11,966 Calling Image result
2024-03-26 15:12:11,966 is all_page_result is instance of dict? True
2024-03-26 15:12:11,976 STREAM b'IHDR' 16 13
2024-03-26 15:12:11,976 STREAM b'IDAT' 41 65536
2024-03-26 15:12:12,003 is words is instance of list? True
2024-03-26 15:12:12,003 is bboxes is instance of list? True
2024-03-26 15:12:12,003 is bounding_boxes is instance of list? True
2024-03-26 15:12:12,219 is input_id_chunks is instance of list? True
2024-03-26 15:12:12,219 is mask_chunks is instance of list? True
2024-03-26 15:12:12,219 is bbox_chunks is instance of list? True
2024-03-26 15:12:12,219 is image_chunks is instance of list? True
2024-03-26 15:12:12,219 is input_dict is instance of dict? True
2024-03-26 15:12:14,141 Model Called
2024-03-26 15:12:14,141 RAM memory 86.2 used for Bill_Of_Landing_329_page_0.png:
2024-03-26 15:12:14,141 is all_predictions is instance of list? True
2024-03-26 15:12:14,141 is all_boxes is instance of list? True
2024-03-26 15:12:14,141 is all_confidences is instance of list? True
2024-03-26 15:12:14,141 is all_text is instance of list? True
2024-03-26 15:12:14,142 is label2id is instance of dict? True
2024-03-26 15:12:14,142 is id2label is instance of dict? True
2024-03-26 15:12:14,142 is label2color is instance of dict? True
2024-03-26 15:12:14,142 label2color : {'signature': '#6F2FDB', 'gross_weight': '#BDF73F', 'freight_collected_at': '#C21304', 'shipper_name': '#454362', 'notify_party_address': '#B917AA', 'awb_original_or_copy': '#48F94C', 'mode_of_transport': '#F956B6', 'flight_date': '#11E636', 'measurement': '#84B6BA', 'good_marks': '#346E7A', 'awb_original_number': '#CE0E03', 'invoice_number': '#EB9720', 'dimension': '#3956BC', 'pre_carriage_by': '#68568D', 'awb_bill_no': '#3E673F', 'notify_party_name': '#ACCD69', 'airport_of_destination': '#AA76F2', 'final_destination': '#E20521', 'net_weight': '#A40E9C', 'signed_by_master': '#07F774', 'invoice_date': '#F38892', 'lc_date': '#D0DCFF', 'lc_no': '#843FA2', 'signed_by_carrier': '#DA3592', 'at_place': '#19272F', 'awb_bill_issue_date': '#D1D474', 'signed_by_agent': '#0C6A17', 'total_original_no': '#48A367', 'flight_details': '#AEC22A', 'carrier_address': '#B4EBCC', 'gross_quantity': '#B8431D', 'transaction_date': '#350DC1', 'consignee_address': '#98F43D', 'O': '#6BA5AB', 'shipper_address': '#768499', 'page_no': '#F3FD02', 'goods_description': '#C4247D', 'freight_collect_or_prepaid': '#19F129', 'agent_address': '#C8D304', 'stamp': '#C2F465', 'consignee_name': '#8E172F', 'country_of_origin': '#3E5534', 'airport_of_departure': '#A52792', 'carrier_name': '#4DF721', 'place_of_receipt': '#7E0532', 'agent_name': '#26241C', 'master_name': '#72285F', 'stamped_onboard_date': '#65138F', 'shipment_date': '#A7597E', 'declared_value_of_custom': '#16ADE8', 'declared_value_of_carriage': '#9C0A7F', 'amount_insurance': '#4656E2', 'carriage_condition': '#2E3F7C'}
2024-03-26 15:12:14,321 is result_set is instance of dict? True
2024-03-26 15:12:14,322 is final_result_set is instance of dict? True
2024-03-26 15:12:14,506 Time taken for page 1 of Bill_Of_Landing_329_page_0.png:0:00:02.529312
2024-03-26 15:12:14,641 *****Generated All Pages****** for Bill_Of_Landing_329_page_0.png
2024-03-26 15:12:14,641 RAM memory 86.1 used for Bill_Of_Landing_329_page_0.png Generating All Pages:
2024-03-26 15:12:14,641 Processing time taken for all pages of Bill_Of_Landing_329_page_0.png1:0:00:02.675420
2024-03-26 15:12:14,755 file name is:Bill_Of_Landing_562_page_16.png
2024-03-26 15:12:14,755 folder path :Images
2024-03-26 15:12:14,755 Calling Image result
2024-03-26 15:12:14,755 is all_page_result is instance of dict? True
2024-03-26 15:12:14,765 STREAM b'IHDR' 16 13
2024-03-26 15:12:14,765 STREAM b'IDAT' 41 65536
2024-03-26 15:12:14,792 is words is instance of list? True
2024-03-26 15:12:14,792 is bboxes is instance of list? True
2024-03-26 15:12:14,792 is bounding_boxes is instance of list? True
2024-03-26 15:12:14,988 is input_id_chunks is instance of list? True
2024-03-26 15:12:14,988 is mask_chunks is instance of list? True
2024-03-26 15:12:14,988 is bbox_chunks is instance of list? True
2024-03-26 15:12:14,988 is image_chunks is instance of list? True
2024-03-26 15:12:14,988 is input_dict is instance of dict? True
2024-03-26 15:12:16,800 Model Called
2024-03-26 15:12:16,800 RAM memory 85.8 used for Bill_Of_Landing_562_page_16.png:
2024-03-26 15:12:16,800 is all_predictions is instance of list? True
2024-03-26 15:12:16,800 is all_boxes is instance of list? True
2024-03-26 15:12:16,800 is all_confidences is instance of list? True
2024-03-26 15:12:16,800 is all_text is instance of list? True
2024-03-26 15:12:16,801 is label2id is instance of dict? True
2024-03-26 15:12:16,801 is id2label is instance of dict? True
2024-03-26 15:12:16,801 is label2color is instance of dict? True
2024-03-26 15:12:16,801 label2color : {'signature': '#A3DED9', 'gross_weight': '#D8996F', 'freight_collected_at': '#4004E9', 'shipper_name': '#EC974A', 'notify_party_address': '#ABB195', 'awb_original_or_copy': '#705F17', 'mode_of_transport': '#A7C048', 'flight_date': '#0C9A76', 'measurement': '#021198', 'good_marks': '#70D0FE', 'awb_original_number': '#88471D', 'invoice_number': '#9EC32A', 'dimension': '#E0045A', 'pre_carriage_by': '#875D2D', 'awb_bill_no': '#2D5604', 'notify_party_name': '#B2E5F2', 'airport_of_destination': '#AE004E', 'final_destination': '#EE5BA0', 'net_weight': '#0340FA', 'signed_by_master': '#3ECF6D', 'invoice_date': '#DF2154', 'lc_date': '#AD874C', 'lc_no': '#05EAA9', 'signed_by_carrier': '#7B857D', 'at_place': '#2A4C28', 'awb_bill_issue_date': '#0D0582', 'signed_by_agent': '#9F6F03', 'total_original_no': '#41EED4', 'flight_details': '#DF5FDA', 'carrier_address': '#D6327C', 'gross_quantity': '#D77AAC', 'transaction_date': '#579536', 'consignee_address': '#01E9A7', 'O': '#9FC5B4', 'shipper_address': '#44E727', 'page_no': '#ABD8B9', 'goods_description': '#B536DF', 'freight_collect_or_prepaid': '#8A5D87', 'agent_address': '#B8C3E3', 'stamp': '#F3D558', 'consignee_name': '#4DD0B7', 'country_of_origin': '#F168B9', 'airport_of_departure': '#088B16', 'carrier_name': '#5D9A0E', 'place_of_receipt': '#F0EC93', 'agent_name': '#4E70E7', 'master_name': '#EF8835', 'stamped_onboard_date': '#A30A51', 'shipment_date': '#47BA94', 'declared_value_of_custom': '#48CBDA', 'declared_value_of_carriage': '#1BEEDE', 'amount_insurance': '#8AB0B7', 'carriage_condition': '#E01F88'}
2024-03-26 15:12:16,991 is result_set is instance of dict? True
2024-03-26 15:12:16,992 is final_result_set is instance of dict? True
2024-03-26 15:12:17,142 Time taken for page 1 of Bill_Of_Landing_562_page_16.png:0:00:02.377267
2024-03-26 15:12:17,267 *****Generated All Pages****** for Bill_Of_Landing_562_page_16.png
2024-03-26 15:12:17,267 RAM memory 86.1 used for Bill_Of_Landing_562_page_16.png Generating All Pages:
2024-03-26 15:12:17,267 Processing time taken for all pages of Bill_Of_Landing_562_page_16.png1:0:00:02.512054
2024-03-26 15:12:17,383 file name is:Bill_Of_Landing_562_page_10.png
2024-03-26 15:12:17,383 folder path :Images
2024-03-26 15:12:17,383 Calling Image result
2024-03-26 15:12:17,383 is all_page_result is instance of dict? True
2024-03-26 15:12:17,394 STREAM b'IHDR' 16 13
2024-03-26 15:12:17,394 STREAM b'IDAT' 41 65536
2024-03-26 15:12:17,421 is words is instance of list? True
2024-03-26 15:12:17,421 is bboxes is instance of list? True
2024-03-26 15:12:17,421 is bounding_boxes is instance of list? True
2024-03-26 15:12:17,646 is input_id_chunks is instance of list? True
2024-03-26 15:12:17,646 is mask_chunks is instance of list? True
2024-03-26 15:12:17,646 is bbox_chunks is instance of list? True
2024-03-26 15:12:17,646 is image_chunks is instance of list? True
2024-03-26 15:12:17,646 is input_dict is instance of dict? True
2024-03-26 15:12:19,857 Model Called
2024-03-26 15:12:19,857 RAM memory 83.6 used for Bill_Of_Landing_562_page_10.png:
2024-03-26 15:12:19,857 is all_predictions is instance of list? True
2024-03-26 15:12:19,857 is all_boxes is instance of list? True
2024-03-26 15:12:19,857 is all_confidences is instance of list? True
2024-03-26 15:12:19,857 is all_text is instance of list? True
2024-03-26 15:12:19,857 is label2id is instance of dict? True
2024-03-26 15:12:19,857 is id2label is instance of dict? True
2024-03-26 15:12:19,858 is label2color is instance of dict? True
2024-03-26 15:12:19,858 label2color : {'signature': '#55716E', 'gross_weight': '#0F44E0', 'freight_collected_at': '#D92E39', 'shipper_name': '#EE4593', 'notify_party_address': '#707CFE', 'awb_original_or_copy': '#B9A2A7', 'mode_of_transport': '#4C792A', 'flight_date': '#B67017', 'measurement': '#8EF595', 'good_marks': '#3AF4C1', 'awb_original_number': '#1032F1', 'invoice_number': '#3C0561', 'dimension': '#C7A7C2', 'pre_carriage_by': '#F18F6D', 'awb_bill_no': '#937E3E', 'notify_party_name': '#EEE091', 'airport_of_destination': '#CE23E9', 'final_destination': '#8C7A0A', 'net_weight': '#B90575', 'signed_by_master': '#FB787A', 'invoice_date': '#C76D29', 'lc_date': '#3B2017', 'lc_no': '#EBF336', 'signed_by_carrier': '#B55645', 'at_place': '#C74DE2', 'awb_bill_issue_date': '#FD7E60', 'signed_by_agent': '#4E6FD6', 'total_original_no': '#5B8288', 'flight_details': '#6C21DC', 'carrier_address': '#D475A2', 'gross_quantity': '#8DA40A', 'transaction_date': '#19A581', 'consignee_address': '#61DDA9', 'O': '#64E917', 'shipper_address': '#6ACF11', 'page_no': '#83B431', 'goods_description': '#E047C9', 'freight_collect_or_prepaid': '#90245D', 'agent_address': '#984C38', 'stamp': '#09A9D0', 'consignee_name': '#BE1E01', 'country_of_origin': '#3968EC', 'airport_of_departure': '#2BDB75', 'carrier_name': '#40C64E', 'place_of_receipt': '#4B33DD', 'agent_name': '#F45442', 'master_name': '#EDA23F', 'stamped_onboard_date': '#3209E3', 'shipment_date': '#126ADE', 'declared_value_of_custom': '#E213C7', 'declared_value_of_carriage': '#BE9CE1', 'amount_insurance': '#D51974', 'carriage_condition': '#2B5A85'}
2024-03-26 15:12:20,051 is result_set is instance of dict? True
2024-03-26 15:12:20,052 is final_result_set is instance of dict? True
2024-03-26 15:12:20,215 Time taken for page 1 of Bill_Of_Landing_562_page_10.png:0:00:02.821152
2024-03-26 15:12:20,346 *****Generated All Pages****** for Bill_Of_Landing_562_page_10.png
2024-03-26 15:12:20,346 RAM memory 83.3 used for Bill_Of_Landing_562_page_10.png Generating All Pages:
2024-03-26 15:12:20,346 Processing time taken for all pages of Bill_Of_Landing_562_page_10.png1:0:00:02.962626
2024-03-26 15:12:20,462 file name is:Bill_Of_Landing_843_page_0.png
2024-03-26 15:12:20,462 folder path :Images
2024-03-26 15:12:20,462 Calling Image result
2024-03-26 15:12:20,462 is all_page_result is instance of dict? True
2024-03-26 15:12:20,473 STREAM b'IHDR' 16 13
2024-03-26 15:12:20,473 STREAM b'IDAT' 41 65536
2024-03-26 15:12:20,584 is words is instance of list? True
2024-03-26 15:12:20,584 is bboxes is instance of list? True
2024-03-26 15:12:20,584 is bounding_boxes is instance of list? True
2024-03-26 15:12:22,119 is input_id_chunks is instance of list? True
2024-03-26 15:12:22,120 is mask_chunks is instance of list? True
2024-03-26 15:12:22,120 is bbox_chunks is instance of list? True
2024-03-26 15:12:22,120 is image_chunks is instance of list? True
2024-03-26 15:12:22,120 is input_dict is instance of dict? True
2024-03-26 15:12:23,962 Model Called
2024-03-26 15:12:23,963 RAM memory 83.6 used for Bill_Of_Landing_843_page_0.png:
2024-03-26 15:12:23,963 is all_predictions is instance of list? True
2024-03-26 15:12:23,963 is all_boxes is instance of list? True
2024-03-26 15:12:23,963 is all_confidences is instance of list? True
2024-03-26 15:12:23,963 is all_text is instance of list? True
2024-03-26 15:12:23,963 is label2id is instance of dict? True
2024-03-26 15:12:23,963 is id2label is instance of dict? True
2024-03-26 15:12:23,964 is label2color is instance of dict? True
2024-03-26 15:12:23,964 label2color : {'signature': '#6C7ABE', 'gross_weight': '#14F906', 'freight_collected_at': '#6EC39A', 'shipper_name': '#621D06', 'notify_party_address': '#C45AAE', 'awb_original_or_copy': '#4F69C5', 'mode_of_transport': '#CE98C6', 'flight_date': '#A746A3', 'measurement': '#44C54D', 'good_marks': '#241534', 'awb_original_number': '#6AA10F', 'invoice_number': '#F558CD', 'dimension': '#82815C', 'pre_carriage_by': '#7DD198', 'awb_bill_no': '#363FB1', 'notify_party_name': '#F79A11', 'airport_of_destination': '#AEBC8E', 'final_destination': '#E6ED4F', 'net_weight': '#3FFE11', 'signed_by_master': '#1A866E', 'invoice_date': '#36593C', 'lc_date': '#66AA37', 'lc_no': '#E824EB', 'signed_by_carrier': '#B9650C', 'at_place': '#A495B6', 'awb_bill_issue_date': '#967A77', 'signed_by_agent': '#EADD0E', 'total_original_no': '#3A7BE7', 'flight_details': '#D073A4', 'carrier_address': '#670BB9', 'gross_quantity': '#F1A29F', 'transaction_date': '#7D2831', 'consignee_address': '#0AD509', 'O': '#DA988D', 'shipper_address': '#E0ABBD', 'page_no': '#32A1E3', 'goods_description': '#F58107', 'freight_collect_or_prepaid': '#CACE7F', 'agent_address': '#A044E5', 'stamp': '#2F1B98', 'consignee_name': '#FF0627', 'country_of_origin': '#CCC010', 'airport_of_departure': '#7D7D69', 'carrier_name': '#FFEF3C', 'place_of_receipt': '#4F0972', 'agent_name': '#E1BF1E', 'master_name': '#7E9E4F', 'stamped_onboard_date': '#F8B497', 'shipment_date': '#16888E', 'declared_value_of_custom': '#0A076D', 'declared_value_of_carriage': '#1756B0', 'amount_insurance': '#710E42', 'carriage_condition': '#C5DD28'}
2024-03-26 15:12:24,763 is result_set is instance of dict? True
2024-03-26 15:12:24,765 is final_result_set is instance of dict? True
2024-03-26 15:12:24,962 Time taken for page 1 of Bill_Of_Landing_843_page_0.png:0:00:04.489582
2024-03-26 15:12:25,460 *****Generated All Pages****** for Bill_Of_Landing_843_page_0.png
2024-03-26 15:12:25,460 RAM memory 83.6 used for Bill_Of_Landing_843_page_0.png Generating All Pages:
2024-03-26 15:12:25,460 Processing time taken for all pages of Bill_Of_Landing_843_page_0.png1:0:00:04.997495
2024-03-26 15:12:25,570 file name is:Packing_List_362_page_1.png
2024-03-26 15:12:25,570 folder path :Images
2024-03-26 15:12:25,570 Calling Image result
2024-03-26 15:12:25,570 is all_page_result is instance of dict? True
2024-03-26 15:12:25,580 STREAM b'IHDR' 16 13
2024-03-26 15:12:25,580 STREAM b'IDAT' 41 31793
2024-03-26 15:12:25,590 is words is instance of list? True
2024-03-26 15:12:25,590 is bboxes is instance of list? True
2024-03-26 15:12:25,590 is bounding_boxes is instance of list? True
2024-03-26 15:12:25,646 is input_id_chunks is instance of list? True
2024-03-26 15:12:25,646 is mask_chunks is instance of list? True
2024-03-26 15:12:25,646 is bbox_chunks is instance of list? True
2024-03-26 15:12:25,646 is image_chunks is instance of list? True
2024-03-26 15:12:25,647 is input_dict is instance of dict? True
2024-03-26 15:12:27,457 Model Called
2024-03-26 15:12:27,457 RAM memory 83.8 used for Packing_List_362_page_1.png:
2024-03-26 15:12:27,457 is all_predictions is instance of list? True
2024-03-26 15:12:27,457 is all_boxes is instance of list? True
2024-03-26 15:12:27,457 is all_confidences is instance of list? True
2024-03-26 15:12:27,457 is all_text is instance of list? True
2024-03-26 15:12:27,457 is label2id is instance of dict? True
2024-03-26 15:12:27,457 is id2label is instance of dict? True
2024-03-26 15:12:27,458 is label2color is instance of dict? True
2024-03-26 15:12:27,458 label2color : {'signature': '#D2EE44', 'gross_weight': '#941078', 'freight_collected_at': '#8AE2B0', 'shipper_name': '#2F5874', 'notify_party_address': '#08072A', 'awb_original_or_copy': '#4BF59B', 'mode_of_transport': '#8ECDB9', 'flight_date': '#E90E2E', 'measurement': '#39CF16', 'good_marks': '#33F220', 'awb_original_number': '#EBFC83', 'invoice_number': '#54B8D1', 'dimension': '#DECC98', 'pre_carriage_by': '#0041AE', 'awb_bill_no': '#4E1683', 'notify_party_name': '#90B0CD', 'airport_of_destination': '#45E3FA', 'final_destination': '#20EDA2', 'net_weight': '#B2ABF6', 'signed_by_master': '#655DB4', 'invoice_date': '#DED97D', 'lc_date': '#B17338', 'lc_no': '#49D949', 'signed_by_carrier': '#BD6DFE', 'at_place': '#B60761', 'awb_bill_issue_date': '#92C8D3', 'signed_by_agent': '#84E122', 'total_original_no': '#0B5774', 'flight_details': '#43DA0B', 'carrier_address': '#1544CA', 'gross_quantity': '#50980B', 'transaction_date': '#E04C07', 'consignee_address': '#5C1FD2', 'O': '#EBA9B3', 'shipper_address': '#1A2225', 'page_no': '#1665D9', 'goods_description': '#44DFC1', 'freight_collect_or_prepaid': '#B12952', 'agent_address': '#34F438', 'stamp': '#3B7A0A', 'consignee_name': '#12D815', 'country_of_origin': '#086928', 'airport_of_departure': '#1CE237', 'carrier_name': '#7DF245', 'place_of_receipt': '#E42194', 'agent_name': '#91A4E0', 'master_name': '#32E8C2', 'stamped_onboard_date': '#7BB2F3', 'shipment_date': '#F9AE5C', 'declared_value_of_custom': '#3B72F9', 'declared_value_of_carriage': '#319BFB', 'amount_insurance': '#E502A4', 'carriage_condition': '#349133'}
2024-03-26 15:12:27,518 is result_set is instance of dict? True
2024-03-26 15:12:27,520 is final_result_set is instance of dict? True
2024-03-26 15:12:27,713 Time taken for page 1 of Packing_List_362_page_1.png:0:00:02.132233
2024-03-26 15:12:27,760 *****Generated All Pages****** for Packing_List_362_page_1.png
2024-03-26 15:12:27,760 RAM memory 83.8 used for Packing_List_362_page_1.png Generating All Pages:
2024-03-26 15:12:27,760 Processing time taken for all pages of Packing_List_362_page_1.png1:0:00:02.189872
2024-03-26 15:12:27,871 file name is:Bill_Of_Landing_562_page_11.png
2024-03-26 15:12:27,871 folder path :Images
2024-03-26 15:12:27,871 Calling Image result
2024-03-26 15:12:27,871 is all_page_result is instance of dict? True
2024-03-26 15:12:27,881 STREAM b'IHDR' 16 13
2024-03-26 15:12:27,881 STREAM b'IDAT' 41 65536
2024-03-26 15:12:27,909 is words is instance of list? True
2024-03-26 15:12:27,909 is bboxes is instance of list? True
2024-03-26 15:12:27,909 is bounding_boxes is instance of list? True
2024-03-26 15:12:28,108 is input_id_chunks is instance of list? True
2024-03-26 15:12:28,108 is mask_chunks is instance of list? True
2024-03-26 15:12:28,108 is bbox_chunks is instance of list? True
2024-03-26 15:12:28,108 is image_chunks is instance of list? True
2024-03-26 15:12:28,109 is input_dict is instance of dict? True
2024-03-26 15:12:29,911 Model Called
2024-03-26 15:12:29,911 RAM memory 83.8 used for Bill_Of_Landing_562_page_11.png:
2024-03-26 15:12:29,911 is all_predictions is instance of list? True
2024-03-26 15:12:29,911 is all_boxes is instance of list? True
2024-03-26 15:12:29,911 is all_confidences is instance of list? True
2024-03-26 15:12:29,911 is all_text is instance of list? True
2024-03-26 15:12:29,912 is label2id is instance of dict? True
2024-03-26 15:12:29,912 is id2label is instance of dict? True
2024-03-26 15:12:29,912 is label2color is instance of dict? True
2024-03-26 15:12:29,912 label2color : {'signature': '#15EBCF', 'gross_weight': '#FE4AF2', 'freight_collected_at': '#C42927', 'shipper_name': '#AD3892', 'notify_party_address': '#01FB80', 'awb_original_or_copy': '#934675', 'mode_of_transport': '#309678', 'flight_date': '#8F0BB4', 'measurement': '#BB88F2', 'good_marks': '#99EE36', 'awb_original_number': '#C52414', 'invoice_number': '#ABE973', 'dimension': '#A4BD9F', 'pre_carriage_by': '#7BEB10', 'awb_bill_no': '#CA94B6', 'notify_party_name': '#218280', 'airport_of_destination': '#D6C220', 'final_destination': '#AF31AF', 'net_weight': '#D821C3', 'signed_by_master': '#8CE625', 'invoice_date': '#89898D', 'lc_date': '#11E0C2', 'lc_no': '#1D17A8', 'signed_by_carrier': '#BF3173', 'at_place': '#312125', 'awb_bill_issue_date': '#02017D', 'signed_by_agent': '#33D7F0', 'total_original_no': '#57BD93', 'flight_details': '#22BD21', 'carrier_address': '#940274', 'gross_quantity': '#9E1961', 'transaction_date': '#5386DF', 'consignee_address': '#B70492', 'O': '#A6D846', 'shipper_address': '#D6E288', 'page_no': '#A9A6E7', 'goods_description': '#53C631', 'freight_collect_or_prepaid': '#53D4CE', 'agent_address': '#2E573B', 'stamp': '#CCE1A1', 'consignee_name': '#F2EF5C', 'country_of_origin': '#16D962', 'airport_of_departure': '#F57788', 'carrier_name': '#A6DCDB', 'place_of_receipt': '#D8F42E', 'agent_name': '#A94A0D', 'master_name': '#AE6FC0', 'stamped_onboard_date': '#C52AD0', 'shipment_date': '#21BBFE', 'declared_value_of_custom': '#2C3126', 'declared_value_of_carriage': '#13BDBD', 'amount_insurance': '#66CA8E', 'carriage_condition': '#157D26'}
2024-03-26 15:12:30,114 is result_set is instance of dict? True
2024-03-26 15:12:30,115 is final_result_set is instance of dict? True
2024-03-26 15:12:30,272 Time taken for page 1 of Bill_Of_Landing_562_page_11.png:0:00:02.390212
2024-03-26 15:12:30,396 *****Generated All Pages****** for Bill_Of_Landing_562_page_11.png
2024-03-26 15:12:30,396 RAM memory 83.8 used for Bill_Of_Landing_562_page_11.png Generating All Pages:
2024-03-26 15:12:30,396 Processing time taken for all pages of Bill_Of_Landing_562_page_11.png1:0:00:02.525575
2024-03-26 15:12:30,509 file name is:Bill_Of_Landing_695_page_0.png
2024-03-26 15:12:30,509 folder path :Images
2024-03-26 15:12:30,509 Calling Image result
2024-03-26 15:12:30,509 is all_page_result is instance of dict? True
2024-03-26 15:12:30,520 STREAM b'IHDR' 16 13
2024-03-26 15:12:30,520 STREAM b'PLTE' 41 768
2024-03-26 15:12:30,520 STREAM b'IDAT' 821 65536
2024-03-26 15:12:30,570 is words is instance of list? True
2024-03-26 15:12:30,570 is bboxes is instance of list? True
2024-03-26 15:12:30,570 is bounding_boxes is instance of list? True
2024-03-26 15:12:30,786 is input_id_chunks is instance of list? True
2024-03-26 15:12:30,787 is mask_chunks is instance of list? True
2024-03-26 15:12:30,787 is bbox_chunks is instance of list? True
2024-03-26 15:12:30,787 is image_chunks is instance of list? True
2024-03-26 15:12:30,787 is input_dict is instance of dict? True
2024-03-26 15:12:32,616 Model Called
2024-03-26 15:12:32,617 RAM memory 83.2 used for Bill_Of_Landing_695_page_0.png:
2024-03-26 15:12:32,617 is all_predictions is instance of list? True
2024-03-26 15:12:32,617 is all_boxes is instance of list? True
2024-03-26 15:12:32,617 is all_confidences is instance of list? True
2024-03-26 15:12:32,617 is all_text is instance of list? True
2024-03-26 15:12:32,617 is label2id is instance of dict? True
2024-03-26 15:12:32,617 is id2label is instance of dict? True
2024-03-26 15:12:32,618 is label2color is instance of dict? True
2024-03-26 15:12:32,618 label2color : {'signature': '#9ED14D', 'gross_weight': '#63F0C1', 'freight_collected_at': '#D51959', 'shipper_name': '#36655D', 'notify_party_address': '#D4E378', 'awb_original_or_copy': '#2C24EA', 'mode_of_transport': '#7FBD30', 'flight_date': '#D8807B', 'measurement': '#CD4E4A', 'good_marks': '#265854', 'awb_original_number': '#F1430E', 'invoice_number': '#E5C636', 'dimension': '#92CE00', 'pre_carriage_by': '#BC6884', 'awb_bill_no': '#F4EC04', 'notify_party_name': '#894344', 'airport_of_destination': '#99DFB0', 'final_destination': '#86E7AE', 'net_weight': '#DC19A0', 'signed_by_master': '#AC35CA', 'invoice_date': '#F3684E', 'lc_date': '#057787', 'lc_no': '#B47708', 'signed_by_carrier': '#CA345A', 'at_place': '#D2A414', 'awb_bill_issue_date': '#829B8A', 'signed_by_agent': '#E86471', 'total_original_no': '#CBA94C', 'flight_details': '#96F004', 'carrier_address': '#2266FD', 'gross_quantity': '#A9DE3E', 'transaction_date': '#3D62CE', 'consignee_address': '#6D65D5', 'O': '#F608A4', 'shipper_address': '#921AB1', 'page_no': '#9F01FC', 'goods_description': '#DCFFC7', 'freight_collect_or_prepaid': '#D6393D', 'agent_address': '#AEB9B2', 'stamp': '#B74C11', 'consignee_name': '#E85AE2', 'country_of_origin': '#CAD100', 'airport_of_departure': '#FAC938', 'carrier_name': '#73EE8E', 'place_of_receipt': '#C34533', 'agent_name': '#5ABA6A', 'master_name': '#92F9E5', 'stamped_onboard_date': '#ABDFAB', 'shipment_date': '#F40AE3', 'declared_value_of_custom': '#34B685', 'declared_value_of_carriage': '#612C71', 'amount_insurance': '#52585B', 'carriage_condition': '#435981'}
2024-03-26 15:12:32,807 is result_set is instance of dict? True
2024-03-26 15:12:32,808 is final_result_set is instance of dict? True
2024-03-26 15:12:32,960 Time taken for page 1 of Bill_Of_Landing_695_page_0.png:0:00:02.440184
2024-03-26 15:12:33,730 *****Generated All Pages****** for Bill_Of_Landing_695_page_0.png
2024-03-26 15:12:33,730 RAM memory 83.9 used for Bill_Of_Landing_695_page_0.png Generating All Pages:
2024-03-26 15:12:33,730 Processing time taken for all pages of Bill_Of_Landing_695_page_0.png1:0:00:03.220951
2024-03-26 15:12:33,843 file name is:Bill_Of_Landing_354_page_4.png
2024-03-26 15:12:33,844 folder path :Images
2024-03-26 15:12:33,844 Calling Image result
2024-03-26 15:12:33,844 is all_page_result is instance of dict? True
2024-03-26 15:12:33,855 STREAM b'IHDR' 16 13
2024-03-26 15:12:33,855 STREAM b'IDAT' 41 65536
2024-03-26 15:12:33,883 is words is instance of list? True
2024-03-26 15:12:33,883 is bboxes is instance of list? True
2024-03-26 15:12:33,883 is bounding_boxes is instance of list? True
2024-03-26 15:12:34,079 is input_id_chunks is instance of list? True
2024-03-26 15:12:34,079 is mask_chunks is instance of list? True
2024-03-26 15:12:34,079 is bbox_chunks is instance of list? True
2024-03-26 15:12:34,079 is image_chunks is instance of list? True
2024-03-26 15:12:34,080 is input_dict is instance of dict? True
2024-03-26 15:12:35,978 Model Called
2024-03-26 15:12:35,978 RAM memory 83.9 used for Bill_Of_Landing_354_page_4.png:
2024-03-26 15:12:35,978 is all_predictions is instance of list? True
2024-03-26 15:12:35,978 is all_boxes is instance of list? True
2024-03-26 15:12:35,978 is all_confidences is instance of list? True
2024-03-26 15:12:35,978 is all_text is instance of list? True
2024-03-26 15:12:35,978 is label2id is instance of dict? True
2024-03-26 15:12:35,979 is id2label is instance of dict? True
2024-03-26 15:12:35,979 is label2color is instance of dict? True
2024-03-26 15:12:35,979 label2color : {'signature': '#CDE5B9', 'gross_weight': '#DCF260', 'freight_collected_at': '#0CB171', 'shipper_name': '#39F00B', 'notify_party_address': '#9C9365', 'awb_original_or_copy': '#1D2CFF', 'mode_of_transport': '#E21ACE', 'flight_date': '#E461EC', 'measurement': '#A3CD37', 'good_marks': '#B294CF', 'awb_original_number': '#47DA89', 'invoice_number': '#5AEDFA', 'dimension': '#28EF06', 'pre_carriage_by': '#57A8C5', 'awb_bill_no': '#7EC935', 'notify_party_name': '#E374E9', 'airport_of_destination': '#8D523D', 'final_destination': '#1659F6', 'net_weight': '#8939E2', 'signed_by_master': '#E02C3B', 'invoice_date': '#EB987E', 'lc_date': '#BA1111', 'lc_no': '#0730D2', 'signed_by_carrier': '#CA677F', 'at_place': '#E2615F', 'awb_bill_issue_date': '#C2DE60', 'signed_by_agent': '#460BA7', 'total_original_no': '#61163B', 'flight_details': '#FC8E0B', 'carrier_address': '#88C06E', 'gross_quantity': '#228D23', 'transaction_date': '#0F186F', 'consignee_address': '#B430F6', 'O': '#211531', 'shipper_address': '#94F932', 'page_no': '#23A651', 'goods_description': '#4F9A83', 'freight_collect_or_prepaid': '#9FD831', 'agent_address': '#AF5D3B', 'stamp': '#71E3E7', 'consignee_name': '#EE5FC8', 'country_of_origin': '#0A497E', 'airport_of_departure': '#DC660D', 'carrier_name': '#2BC126', 'place_of_receipt': '#2EB2F2', 'agent_name': '#7C4958', 'master_name': '#A51A8E', 'stamped_onboard_date': '#6B43E3', 'shipment_date': '#2079E2', 'declared_value_of_custom': '#602CE6', 'declared_value_of_carriage': '#DE2C2B', 'amount_insurance': '#E526BF', 'carriage_condition': '#11EEE8'}
2024-03-26 15:12:36,179 is result_set is instance of dict? True
2024-03-26 15:12:36,180 is final_result_set is instance of dict? True
2024-03-26 15:12:36,307 Time taken for page 1 of Bill_Of_Landing_354_page_4.png:0:00:02.451649
2024-03-26 15:12:36,438 *****Generated All Pages****** for Bill_Of_Landing_354_page_4.png
2024-03-26 15:12:36,438 RAM memory 83.7 used for Bill_Of_Landing_354_page_4.png Generating All Pages:
2024-03-26 15:12:36,438 Processing time taken for all pages of Bill_Of_Landing_354_page_4.png1:0:00:02.594132
2024-03-26 15:12:36,571 file name is:Bill_Of_Landing_253_page_0.png
2024-03-26 15:12:36,571 folder path :Images
2024-03-26 15:12:36,572 Calling Image result
2024-03-26 15:12:36,572 is all_page_result is instance of dict? True
2024-03-26 15:12:36,572 STREAM b'IHDR' 16 13
2024-03-26 15:12:36,572 STREAM b'IDAT' 41 65536
2024-03-26 15:12:36,606 is words is instance of list? True
2024-03-26 15:12:36,606 is bboxes is instance of list? True
2024-03-26 15:12:36,606 is bounding_boxes is instance of list? True
2024-03-26 15:12:36,844 is input_id_chunks is instance of list? True
2024-03-26 15:12:36,844 is mask_chunks is instance of list? True
2024-03-26 15:12:36,844 is bbox_chunks is instance of list? True
2024-03-26 15:12:36,845 is image_chunks is instance of list? True
2024-03-26 15:12:36,845 is input_dict is instance of dict? True
2024-03-26 15:12:40,540 Model Called
2024-03-26 15:12:40,541 RAM memory 93.6 used for Bill_Of_Landing_253_page_0.png:
2024-03-26 15:12:40,541 is all_predictions is instance of list? True
2024-03-26 15:12:40,541 is all_boxes is instance of list? True
2024-03-26 15:12:40,541 is all_confidences is instance of list? True
2024-03-26 15:12:40,541 is all_text is instance of list? True
2024-03-26 15:12:40,541 is label2id is instance of dict? True
2024-03-26 15:12:40,541 is id2label is instance of dict? True
2024-03-26 15:12:40,542 is label2color is instance of dict? True
2024-03-26 15:12:40,542 label2color : {'signature': '#040DCC', 'gross_weight': '#0A8CA0', 'freight_collected_at': '#333CE9', 'shipper_name': '#D937E3', 'notify_party_address': '#DD397D', 'awb_original_or_copy': '#F5D6D4', 'mode_of_transport': '#5B077D', 'flight_date': '#8BB649', 'measurement': '#89590E', 'good_marks': '#ADDE7B', 'awb_original_number': '#DA02E1', 'invoice_number': '#A5FC57', 'dimension': '#01611E', 'pre_carriage_by': '#28730E', 'awb_bill_no': '#11BCEE', 'notify_party_name': '#A5E232', 'airport_of_destination': '#61C85B', 'final_destination': '#BAF79E', 'net_weight': '#A30A89', 'signed_by_master': '#8E6993', 'invoice_date': '#987378', 'lc_date': '#67AE6F', 'lc_no': '#3E3508', 'signed_by_carrier': '#6747D7', 'at_place': '#931AFE', 'awb_bill_issue_date': '#BE1B7B', 'signed_by_agent': '#A11422', 'total_original_no': '#E23BD2', 'flight_details': '#C39854', 'carrier_address': '#F26192', 'gross_quantity': '#42DDF0', 'transaction_date': '#7452AF', 'consignee_address': '#DF0A7F', 'O': '#7F3D45', 'shipper_address': '#42D64B', 'page_no': '#5D5EC4', 'goods_description': '#40C0D2', 'freight_collect_or_prepaid': '#50B6C4', 'agent_address': '#43217E', 'stamp': '#F20815', 'consignee_name': '#D59026', 'country_of_origin': '#2307C9', 'airport_of_departure': '#59FB25', 'carrier_name': '#49BF1C', 'place_of_receipt': '#55CB24', 'agent_name': '#3B5EFE', 'master_name': '#721D0E', 'stamped_onboard_date': '#846CBA', 'shipment_date': '#17E7E7', 'declared_value_of_custom': '#20897D', 'declared_value_of_carriage': '#3BB8B0', 'amount_insurance': '#B06F8E', 'carriage_condition': '#7A7C65'}
2024-03-26 15:12:40,868 is result_set is instance of dict? True
2024-03-26 15:12:40,870 is final_result_set is instance of dict? True
2024-03-26 15:12:41,032 Time taken for page 1 of Bill_Of_Landing_253_page_0.png:0:00:04.459708
2024-03-26 15:12:41,196 *****Generated All Pages****** for Bill_Of_Landing_253_page_0.png
2024-03-26 15:12:41,196 RAM memory 94.0 used for Bill_Of_Landing_253_page_0.png Generating All Pages:
2024-03-26 15:12:41,196 Processing time taken for all pages of Bill_Of_Landing_253_page_0.png1:0:00:04.624288
2024-03-26 15:12:41,327 file name is:Bill_Of_Landing_538_page_0.png
2024-03-26 15:12:41,327 folder path :Images
2024-03-26 15:12:41,327 Calling Image result
2024-03-26 15:12:41,327 is all_page_result is instance of dict? True
2024-03-26 15:12:41,337 STREAM b'IHDR' 16 13
2024-03-26 15:12:41,338 STREAM b'IDAT' 41 65536
2024-03-26 15:12:41,364 is words is instance of list? True
2024-03-26 15:12:41,364 is bboxes is instance of list? True
2024-03-26 15:12:41,364 is bounding_boxes is instance of list? True
2024-03-26 15:12:41,557 is input_id_chunks is instance of list? True
2024-03-26 15:12:41,557 is mask_chunks is instance of list? True
2024-03-26 15:12:41,557 is bbox_chunks is instance of list? True
2024-03-26 15:12:41,557 is image_chunks is instance of list? True
2024-03-26 15:12:41,557 is input_dict is instance of dict? True
2024-03-26 15:12:43,350 Model Called
2024-03-26 15:12:43,350 RAM memory 83.5 used for Bill_Of_Landing_538_page_0.png:
2024-03-26 15:12:43,350 is all_predictions is instance of list? True
2024-03-26 15:12:43,350 is all_boxes is instance of list? True
2024-03-26 15:12:43,350 is all_confidences is instance of list? True
2024-03-26 15:12:43,350 is all_text is instance of list? True
2024-03-26 15:12:43,350 is label2id is instance of dict? True
2024-03-26 15:12:43,350 is id2label is instance of dict? True
2024-03-26 15:12:43,351 is label2color is instance of dict? True
2024-03-26 15:12:43,351 label2color : {'signature': '#5B3A9C', 'gross_weight': '#0C73FB', 'freight_collected_at': '#2188F5', 'shipper_name': '#D4E86E', 'notify_party_address': '#AA81F2', 'awb_original_or_copy': '#E84872', 'mode_of_transport': '#336ECF', 'flight_date': '#09CCB9', 'measurement': '#71D4CA', 'good_marks': '#A5CA9D', 'awb_original_number': '#431662', 'invoice_number': '#02D45E', 'dimension': '#9442AD', 'pre_carriage_by': '#DEDFA6', 'awb_bill_no': '#082464', 'notify_party_name': '#1FDC94', 'airport_of_destination': '#577BC4', 'final_destination': '#483EB0', 'net_weight': '#34D879', 'signed_by_master': '#548290', 'invoice_date': '#4A8928', 'lc_date': '#216B39', 'lc_no': '#DAB59A', 'signed_by_carrier': '#61A0A3', 'at_place': '#557754', 'awb_bill_issue_date': '#24C7F1', 'signed_by_agent': '#8825A5', 'total_original_no': '#E6B1A3', 'flight_details': '#B2C9E2', 'carrier_address': '#DF85AC', 'gross_quantity': '#617847', 'transaction_date': '#5C9166', 'consignee_address': '#81BBAC', 'O': '#785E70', 'shipper_address': '#434862', 'page_no': '#5AB6AE', 'goods_description': '#8C8EC4', 'freight_collect_or_prepaid': '#765D45', 'agent_address': '#2C7C84', 'stamp': '#E00257', 'consignee_name': '#C9A38B', 'country_of_origin': '#C6EF9A', 'airport_of_departure': '#217343', 'carrier_name': '#D2356E', 'place_of_receipt': '#FF77F9', 'agent_name': '#CBECE0', 'master_name': '#B414BC', 'stamped_onboard_date': '#3BB857', 'shipment_date': '#C6E551', 'declared_value_of_custom': '#EFDD09', 'declared_value_of_carriage': '#0F9365', 'amount_insurance': '#198190', 'carriage_condition': '#C5616B'}
2024-03-26 15:12:43,546 is result_set is instance of dict? True
2024-03-26 15:12:43,547 is final_result_set is instance of dict? True
2024-03-26 15:12:43,701 Time taken for page 1 of Bill_Of_Landing_538_page_0.png:0:00:02.363342
2024-03-26 15:12:43,828 *****Generated All Pages****** for Bill_Of_Landing_538_page_0.png
2024-03-26 15:12:43,828 RAM memory 83.5 used for Bill_Of_Landing_538_page_0.png Generating All Pages:
2024-03-26 15:12:43,828 Processing time taken for all pages of Bill_Of_Landing_538_page_0.png1:0:00:02.500552
2024-03-26 15:12:43,937 file name is:Bill_Of_Landing_511_page_3.png
2024-03-26 15:12:43,937 folder path :Images
2024-03-26 15:12:43,937 Calling Image result
2024-03-26 15:12:43,937 is all_page_result is instance of dict? True
2024-03-26 15:12:43,947 STREAM b'IHDR' 16 13
2024-03-26 15:12:43,947 STREAM b'IDAT' 41 65536
2024-03-26 15:12:43,974 is words is instance of list? True
2024-03-26 15:12:43,974 is bboxes is instance of list? True
2024-03-26 15:12:43,974 is bounding_boxes is instance of list? True
2024-03-26 15:12:44,171 is input_id_chunks is instance of list? True
2024-03-26 15:12:44,171 is mask_chunks is instance of list? True
2024-03-26 15:12:44,171 is bbox_chunks is instance of list? True
2024-03-26 15:12:44,171 is image_chunks is instance of list? True
2024-03-26 15:12:44,171 is input_dict is instance of dict? True
2024-03-26 15:12:46,057 Model Called
2024-03-26 15:12:46,057 RAM memory 83.5 used for Bill_Of_Landing_511_page_3.png:
2024-03-26 15:12:46,057 is all_predictions is instance of list? True
2024-03-26 15:12:46,057 is all_boxes is instance of list? True
2024-03-26 15:12:46,057 is all_confidences is instance of list? True
2024-03-26 15:12:46,057 is all_text is instance of list? True
2024-03-26 15:12:46,057 is label2id is instance of dict? True
2024-03-26 15:12:46,057 is id2label is instance of dict? True
2024-03-26 15:12:46,058 is label2color is instance of dict? True
2024-03-26 15:12:46,058 label2color : {'signature': '#18053F', 'gross_weight': '#73DED3', 'freight_collected_at': '#D72ECC', 'shipper_name': '#0AF844', 'notify_party_address': '#3B596B', 'awb_original_or_copy': '#D935D7', 'mode_of_transport': '#2C5B4D', 'flight_date': '#0994AE', 'measurement': '#73F5EB', 'good_marks': '#0D2CA7', 'awb_original_number': '#2D96DE', 'invoice_number': '#3D0624', 'dimension': '#A09DC9', 'pre_carriage_by': '#17A008', 'awb_bill_no': '#FA4826', 'notify_party_name': '#26E2BA', 'airport_of_destination': '#A18B0D', 'final_destination': '#DE4BCB', 'net_weight': '#869188', 'signed_by_master': '#5D9661', 'invoice_date': '#A8F03B', 'lc_date': '#27DFB7', 'lc_no': '#FB1F95', 'signed_by_carrier': '#CA841E', 'at_place': '#8B1B34', 'awb_bill_issue_date': '#BCD961', 'signed_by_agent': '#24FFE5', 'total_original_no': '#ACBEF8', 'flight_details': '#C84203', 'carrier_address': '#418C72', 'gross_quantity': '#4141C8', 'transaction_date': '#05F953', 'consignee_address': '#D21614', 'O': '#6AB778', 'shipper_address': '#AE4074', 'page_no': '#A62DFB', 'goods_description': '#FE38F5', 'freight_collect_or_prepaid': '#BEF5AC', 'agent_address': '#450CF8', 'stamp': '#048E1A', 'consignee_name': '#2BBD99', 'country_of_origin': '#C6F4B4', 'airport_of_departure': '#91AC93', 'carrier_name': '#1357FA', 'place_of_receipt': '#97E194', 'agent_name': '#466F6C', 'master_name': '#9C2ED9', 'stamped_onboard_date': '#893DB2', 'shipment_date': '#9817BC', 'declared_value_of_custom': '#DB2F39', 'declared_value_of_carriage': '#8977A7', 'amount_insurance': '#DC83D5', 'carriage_condition': '#79941D'}
2024-03-26 15:12:46,251 is result_set is instance of dict? True
2024-03-26 15:12:46,254 is final_result_set is instance of dict? True
2024-03-26 15:12:46,454 Time taken for page 1 of Bill_Of_Landing_511_page_3.png:0:00:02.506084
2024-03-26 15:12:46,577 *****Generated All Pages****** for Bill_Of_Landing_511_page_3.png
2024-03-26 15:12:46,577 RAM memory 83.5 used for Bill_Of_Landing_511_page_3.png Generating All Pages:
2024-03-26 15:12:46,577 Processing time taken for all pages of Bill_Of_Landing_511_page_3.png1:0:00:02.640416
2024-03-26 15:12:46,687 file name is:Bill_Of_Landing_562_page_25.png
2024-03-26 15:12:46,687 folder path :Images
2024-03-26 15:12:46,687 Calling Image result
2024-03-26 15:12:46,687 is all_page_result is instance of dict? True
2024-03-26 15:12:46,697 STREAM b'IHDR' 16 13
2024-03-26 15:12:46,698 STREAM b'IDAT' 41 65536
2024-03-26 15:12:46,725 is words is instance of list? True
2024-03-26 15:12:46,725 is bboxes is instance of list? True
2024-03-26 15:12:46,725 is bounding_boxes is instance of list? True
2024-03-26 15:12:46,921 is input_id_chunks is instance of list? True
2024-03-26 15:12:46,921 is mask_chunks is instance of list? True
2024-03-26 15:12:46,921 is bbox_chunks is instance of list? True
2024-03-26 15:12:46,921 is image_chunks is instance of list? True
2024-03-26 15:12:46,922 is input_dict is instance of dict? True
2024-03-26 15:12:48,714 Model Called
2024-03-26 15:12:48,715 RAM memory 83.2 used for Bill_Of_Landing_562_page_25.png:
2024-03-26 15:12:48,715 is all_predictions is instance of list? True
2024-03-26 15:12:48,715 is all_boxes is instance of list? True
2024-03-26 15:12:48,715 is all_confidences is instance of list? True
2024-03-26 15:12:48,715 is all_text is instance of list? True
2024-03-26 15:12:48,715 is label2id is instance of dict? True
2024-03-26 15:12:48,715 is id2label is instance of dict? True
2024-03-26 15:12:48,716 is label2color is instance of dict? True
2024-03-26 15:12:48,716 label2color : {'signature': '#FF6186', 'gross_weight': '#2B2F32', 'freight_collected_at': '#082458', 'shipper_name': '#D8B3DF', 'notify_party_address': '#AA79D5', 'awb_original_or_copy': '#8331FD', 'mode_of_transport': '#C06992', 'flight_date': '#596495', 'measurement': '#62B1FC', 'good_marks': '#DA746B', 'awb_original_number': '#8C69F9', 'invoice_number': '#490ED5', 'dimension': '#1C3186', 'pre_carriage_by': '#5BE49D', 'awb_bill_no': '#CD4A3F', 'notify_party_name': '#2058C6', 'airport_of_destination': '#689D41', 'final_destination': '#77F76E', 'net_weight': '#E78C73', 'signed_by_master': '#9DD1E1', 'invoice_date': '#97F23F', 'lc_date': '#63FF57', 'lc_no': '#C6F28B', 'signed_by_carrier': '#E8A452', 'at_place': '#8AC633', 'awb_bill_issue_date': '#761BED', 'signed_by_agent': '#B34309', 'total_original_no': '#A4828D', 'flight_details': '#7E9CE0', 'carrier_address': '#8F0A06', 'gross_quantity': '#5CC7BE', 'transaction_date': '#B4757A', 'consignee_address': '#6CA571', 'O': '#CB63AD', 'shipper_address': '#7AD33B', 'page_no': '#6D6C2E', 'goods_description': '#8902F7', 'freight_collect_or_prepaid': '#90399A', 'agent_address': '#0B49F0', 'stamp': '#95D89F', 'consignee_name': '#B5DA06', 'country_of_origin': '#0B2CFD', 'airport_of_departure': '#63D438', 'carrier_name': '#35C56F', 'place_of_receipt': '#F3CBA5', 'agent_name': '#F36F1F', 'master_name': '#CA5673', 'stamped_onboard_date': '#DD8B62', 'shipment_date': '#CEA076', 'declared_value_of_custom': '#F03820', 'declared_value_of_carriage': '#E446A9', 'amount_insurance': '#AEAE0A', 'carriage_condition': '#331D4C'}
2024-03-26 15:12:48,908 is result_set is instance of dict? True
2024-03-26 15:12:48,910 is final_result_set is instance of dict? True
2024-03-26 15:12:49,059 Time taken for page 1 of Bill_Of_Landing_562_page_25.png:0:00:02.361203
2024-03-26 15:12:49,192 *****Generated All Pages****** for Bill_Of_Landing_562_page_25.png
2024-03-26 15:12:49,192 RAM memory 83.5 used for Bill_Of_Landing_562_page_25.png Generating All Pages:
2024-03-26 15:12:49,192 Processing time taken for all pages of Bill_Of_Landing_562_page_25.png1:0:00:02.504733
2024-03-26 15:12:49,302 file name is:Bill_Of_Landing_470_page_0.png
2024-03-26 15:12:49,302 folder path :Images
2024-03-26 15:12:49,302 Calling Image result
2024-03-26 15:12:49,302 is all_page_result is instance of dict? True
2024-03-26 15:12:49,312 STREAM b'IHDR' 16 13
2024-03-26 15:12:49,312 STREAM b'IDAT' 41 65536
2024-03-26 15:12:49,337 is words is instance of list? True
2024-03-26 15:12:49,337 is bboxes is instance of list? True
2024-03-26 15:12:49,337 is bounding_boxes is instance of list? True
2024-03-26 15:12:49,534 is input_id_chunks is instance of list? True
2024-03-26 15:12:49,534 is mask_chunks is instance of list? True
2024-03-26 15:12:49,534 is bbox_chunks is instance of list? True
2024-03-26 15:12:49,534 is image_chunks is instance of list? True
2024-03-26 15:12:49,534 is input_dict is instance of dict? True
2024-03-26 15:12:51,287 Model Called
2024-03-26 15:12:51,288 RAM memory 83.5 used for Bill_Of_Landing_470_page_0.png:
2024-03-26 15:12:51,288 is all_predictions is instance of list? True
2024-03-26 15:12:51,288 is all_boxes is instance of list? True
2024-03-26 15:12:51,288 is all_confidences is instance of list? True
2024-03-26 15:12:51,288 is all_text is instance of list? True
2024-03-26 15:12:51,288 is label2id is instance of dict? True
2024-03-26 15:12:51,288 is id2label is instance of dict? True
2024-03-26 15:12:51,289 is label2color is instance of dict? True
2024-03-26 15:12:51,289 label2color : {'signature': '#528E29', 'gross_weight': '#DD81CA', 'freight_collected_at': '#2D7B84', 'shipper_name': '#FEFFF2', 'notify_party_address': '#B7050F', 'awb_original_or_copy': '#39BA5A', 'mode_of_transport': '#69156C', 'flight_date': '#1751AB', 'measurement': '#CA238B', 'good_marks': '#10654B', 'awb_original_number': '#07557C', 'invoice_number': '#A09F1B', 'dimension': '#5BD82E', 'pre_carriage_by': '#5A171C', 'awb_bill_no': '#221A48', 'notify_party_name': '#D4AE98', 'airport_of_destination': '#AF9490', 'final_destination': '#0D5744', 'net_weight': '#48BD2B', 'signed_by_master': '#31BC64', 'invoice_date': '#14883A', 'lc_date': '#3375CC', 'lc_no': '#7993B4', 'signed_by_carrier': '#4454A1', 'at_place': '#B156B3', 'awb_bill_issue_date': '#5A155E', 'signed_by_agent': '#96696B', 'total_original_no': '#C1DB21', 'flight_details': '#35C63D', 'carrier_address': '#6E390E', 'gross_quantity': '#F7C653', 'transaction_date': '#0CEFEE', 'consignee_address': '#0E5DAB', 'O': '#32FF05', 'shipper_address': '#09E0F9', 'page_no': '#D8CEED', 'goods_description': '#DA4513', 'freight_collect_or_prepaid': '#749830', 'agent_address': '#8A94F8', 'stamp': '#86C541', 'consignee_name': '#4BDCA6', 'country_of_origin': '#B6220E', 'airport_of_departure': '#4F6F21', 'carrier_name': '#7C9306', 'place_of_receipt': '#8C6E3A', 'agent_name': '#C6C2B2', 'master_name': '#1AC863', 'stamped_onboard_date': '#3F32A1', 'shipment_date': '#4D8186', 'declared_value_of_custom': '#2C90BA', 'declared_value_of_carriage': '#ADA660', 'amount_insurance': '#581D2A', 'carriage_condition': '#7359BE'}
2024-03-26 15:12:51,470 is result_set is instance of dict? True
2024-03-26 15:12:51,471 is final_result_set is instance of dict? True
2024-03-26 15:12:51,632 Time taken for page 1 of Bill_Of_Landing_470_page_0.png:0:00:02.319095
2024-03-26 15:12:51,763 *****Generated All Pages****** for Bill_Of_Landing_470_page_0.png
2024-03-26 15:12:51,763 RAM memory 83.5 used for Bill_Of_Landing_470_page_0.png Generating All Pages:
2024-03-26 15:12:51,763 Processing time taken for all pages of Bill_Of_Landing_470_page_0.png1:0:00:02.461294
2024-03-26 15:12:51,872 file name is:Bill_Of_Landing_562_page_29.png
2024-03-26 15:12:51,872 folder path :Images
2024-03-26 15:12:51,872 Calling Image result
2024-03-26 15:12:51,872 is all_page_result is instance of dict? True
2024-03-26 15:12:51,910 STREAM b'IHDR' 16 13
2024-03-26 15:12:51,910 STREAM b'IDAT' 41 59792
2024-03-26 15:12:51,944 is words is instance of list? True
2024-03-26 15:12:51,944 is bboxes is instance of list? True
2024-03-26 15:12:51,944 is bounding_boxes is instance of list? True
2024-03-26 15:12:52,150 is input_id_chunks is instance of list? True
2024-03-26 15:12:52,150 is mask_chunks is instance of list? True
2024-03-26 15:12:52,150 is bbox_chunks is instance of list? True
2024-03-26 15:12:52,150 is image_chunks is instance of list? True
2024-03-26 15:12:52,151 is input_dict is instance of dict? True
2024-03-26 15:12:53,898 Model Called
2024-03-26 15:12:53,898 RAM memory 83.5 used for Bill_Of_Landing_562_page_29.png:
2024-03-26 15:12:53,899 is all_predictions is instance of list? True
2024-03-26 15:12:53,899 is all_boxes is instance of list? True
2024-03-26 15:12:53,899 is all_confidences is instance of list? True
2024-03-26 15:12:53,899 is all_text is instance of list? True
2024-03-26 15:12:53,899 is label2id is instance of dict? True
2024-03-26 15:12:53,899 is id2label is instance of dict? True
2024-03-26 15:12:53,900 is label2color is instance of dict? True
2024-03-26 15:12:53,900 label2color : {'signature': '#4586B2', 'gross_weight': '#A8A38B', 'freight_collected_at': '#F61C25', 'shipper_name': '#A8C3ED', 'notify_party_address': '#85D726', 'awb_original_or_copy': '#7DB772', 'mode_of_transport': '#322D34', 'flight_date': '#F0E4CE', 'measurement': '#AFB71D', 'good_marks': '#347102', 'awb_original_number': '#873464', 'invoice_number': '#9B036D', 'dimension': '#B6CEC2', 'pre_carriage_by': '#F5989A', 'awb_bill_no': '#5D6BCA', 'notify_party_name': '#9B489B', 'airport_of_destination': '#C6FE7B', 'final_destination': '#8DB913', 'net_weight': '#ED4372', 'signed_by_master': '#9CDDF3', 'invoice_date': '#0E535B', 'lc_date': '#A1B7CE', 'lc_no': '#A0F4DB', 'signed_by_carrier': '#DA4DA3', 'at_place': '#80966C', 'awb_bill_issue_date': '#7497D3', 'signed_by_agent': '#072851', 'total_original_no': '#D57C30', 'flight_details': '#3F7BB6', 'carrier_address': '#91D66B', 'gross_quantity': '#D7109C', 'transaction_date': '#C69288', 'consignee_address': '#5BB217', 'O': '#A9440D', 'shipper_address': '#925142', 'page_no': '#8CE4A7', 'goods_description': '#144754', 'freight_collect_or_prepaid': '#EB3148', 'agent_address': '#03A885', 'stamp': '#A5C2C0', 'consignee_name': '#2302E5', 'country_of_origin': '#4C0B7A', 'airport_of_departure': '#5EA488', 'carrier_name': '#C5F172', 'place_of_receipt': '#B13D57', 'agent_name': '#5BB7B1', 'master_name': '#ACB24C', 'stamped_onboard_date': '#E2BAD5', 'shipment_date': '#E04D7B', 'declared_value_of_custom': '#7C46B6', 'declared_value_of_carriage': '#C17F9B', 'amount_insurance': '#F460C7', 'carriage_condition': '#0E6182'}
2024-03-26 15:12:54,079 is result_set is instance of dict? True
2024-03-26 15:12:54,080 is final_result_set is instance of dict? True
2024-03-26 15:12:54,216 Time taken for page 1 of Bill_Of_Landing_562_page_29.png:0:00:02.305423
2024-03-26 15:12:54,331 *****Generated All Pages****** for Bill_Of_Landing_562_page_29.png
2024-03-26 15:12:54,331 RAM memory 83.5 used for Bill_Of_Landing_562_page_29.png Generating All Pages:
2024-03-26 15:12:54,331 Processing time taken for all pages of Bill_Of_Landing_562_page_29.png1:0:00:02.458937
2024-03-26 15:12:54,442 file name is:Bill_Of_Landing_562_page_28.png
2024-03-26 15:12:54,442 folder path :Images
2024-03-26 15:12:54,442 Calling Image result
2024-03-26 15:12:54,442 is all_page_result is instance of dict? True
2024-03-26 15:12:54,479 STREAM b'IHDR' 16 13
2024-03-26 15:12:54,479 STREAM b'IDAT' 41 60708
2024-03-26 15:12:54,510 is words is instance of list? True
2024-03-26 15:12:54,511 is bboxes is instance of list? True
2024-03-26 15:12:54,511 is bounding_boxes is instance of list? True
2024-03-26 15:12:54,704 is input_id_chunks is instance of list? True
2024-03-26 15:12:54,705 is mask_chunks is instance of list? True
2024-03-26 15:12:54,715 is bbox_chunks is instance of list? True
2024-03-26 15:12:54,715 is image_chunks is instance of list? True
2024-03-26 15:12:54,715 is input_dict is instance of dict? True
2024-03-26 15:12:56,450 Model Called
2024-03-26 15:12:56,451 RAM memory 83.5 used for Bill_Of_Landing_562_page_28.png:
2024-03-26 15:12:56,451 is all_predictions is instance of list? True
2024-03-26 15:12:56,451 is all_boxes is instance of list? True
2024-03-26 15:12:56,451 is all_confidences is instance of list? True
2024-03-26 15:12:56,451 is all_text is instance of list? True
2024-03-26 15:12:56,451 is label2id is instance of dict? True
2024-03-26 15:12:56,451 is id2label is instance of dict? True
2024-03-26 15:12:56,452 is label2color is instance of dict? True
2024-03-26 15:12:56,452 label2color : {'signature': '#57A90E', 'gross_weight': '#FBEA61', 'freight_collected_at': '#F0676B', 'shipper_name': '#EB9AC1', 'notify_party_address': '#99538D', 'awb_original_or_copy': '#720899', 'mode_of_transport': '#0C06FB', 'flight_date': '#A839E2', 'measurement': '#58DFC1', 'good_marks': '#954FFE', 'awb_original_number': '#E1A4BB', 'invoice_number': '#719308', 'dimension': '#5EEA1B', 'pre_carriage_by': '#F8E69E', 'awb_bill_no': '#1A2E51', 'notify_party_name': '#C7C488', 'airport_of_destination': '#F0D857', 'final_destination': '#034710', 'net_weight': '#F8494E', 'signed_by_master': '#B6759C', 'invoice_date': '#E04ED3', 'lc_date': '#E5CD7D', 'lc_no': '#323032', 'signed_by_carrier': '#D41D6C', 'at_place': '#186961', 'awb_bill_issue_date': '#D55ACC', 'signed_by_agent': '#F3B4B1', 'total_original_no': '#24B2B7', 'flight_details': '#B984F8', 'carrier_address': '#DBC6C7', 'gross_quantity': '#A2C527', 'transaction_date': '#B60CC6', 'consignee_address': '#AC375E', 'O': '#E3EBAA', 'shipper_address': '#E09498', 'page_no': '#C56606', 'goods_description': '#F5EDCA', 'freight_collect_or_prepaid': '#5EA9AE', 'agent_address': '#194AEF', 'stamp': '#139DED', 'consignee_name': '#16BC1F', 'country_of_origin': '#DFCC3B', 'airport_of_departure': '#2EE649', 'carrier_name': '#47029A', 'place_of_receipt': '#B1634C', 'agent_name': '#152F85', 'master_name': '#F2C89A', 'stamped_onboard_date': '#C00000', 'shipment_date': '#FB8A6D', 'declared_value_of_custom': '#AE2FE5', 'declared_value_of_carriage': '#11575D', 'amount_insurance': '#584403', 'carriage_condition': '#D7EFF1'}
2024-03-26 15:12:56,632 is result_set is instance of dict? True
2024-03-26 15:12:56,634 is final_result_set is instance of dict? True
2024-03-26 15:12:56,780 Time taken for page 1 of Bill_Of_Landing_562_page_28.png:0:00:02.300331
2024-03-26 15:12:56,897 *****Generated All Pages****** for Bill_Of_Landing_562_page_28.png
2024-03-26 15:12:56,897 RAM memory 83.1 used for Bill_Of_Landing_562_page_28.png Generating All Pages:
2024-03-26 15:12:56,897 Processing time taken for all pages of Bill_Of_Landing_562_page_28.png1:0:00:02.455056
2024-03-26 15:12:57,007 file name is:Bill_Of_Landing_562_page_19.png
2024-03-26 15:12:57,007 folder path :Images
2024-03-26 15:12:57,007 Calling Image result
2024-03-26 15:12:57,007 is all_page_result is instance of dict? True
2024-03-26 15:12:57,018 STREAM b'IHDR' 16 13
2024-03-26 15:12:57,018 STREAM b'IDAT' 41 65536
2024-03-26 15:12:57,045 is words is instance of list? True
2024-03-26 15:12:57,045 is bboxes is instance of list? True
2024-03-26 15:12:57,045 is bounding_boxes is instance of list? True
2024-03-26 15:12:57,255 is input_id_chunks is instance of list? True
2024-03-26 15:12:57,255 is mask_chunks is instance of list? True
2024-03-26 15:12:57,255 is bbox_chunks is instance of list? True
2024-03-26 15:12:57,255 is image_chunks is instance of list? True
2024-03-26 15:12:57,255 is input_dict is instance of dict? True
2024-03-26 15:12:58,997 Model Called
2024-03-26 15:12:58,998 RAM memory 83.4 used for Bill_Of_Landing_562_page_19.png:
2024-03-26 15:12:58,998 is all_predictions is instance of list? True
2024-03-26 15:12:58,998 is all_boxes is instance of list? True
2024-03-26 15:12:58,998 is all_confidences is instance of list? True
2024-03-26 15:12:58,998 is all_text is instance of list? True
2024-03-26 15:12:58,998 is label2id is instance of dict? True
2024-03-26 15:12:58,998 is id2label is instance of dict? True
2024-03-26 15:12:58,999 is label2color is instance of dict? True
2024-03-26 15:12:58,999 label2color : {'signature': '#382B3F', 'gross_weight': '#01FCA7', 'freight_collected_at': '#AAE582', 'shipper_name': '#52ACAE', 'notify_party_address': '#44E166', 'awb_original_or_copy': '#2AA41A', 'mode_of_transport': '#0A96D1', 'flight_date': '#06504C', 'measurement': '#388EA8', 'good_marks': '#FEFAB2', 'awb_original_number': '#6191BD', 'invoice_number': '#415150', 'dimension': '#618951', 'pre_carriage_by': '#F07215', 'awb_bill_no': '#A8D0C9', 'notify_party_name': '#82CC28', 'airport_of_destination': '#31A442', 'final_destination': '#2BFC53', 'net_weight': '#066B01', 'signed_by_master': '#9200FB', 'invoice_date': '#9B6CB8', 'lc_date': '#9172C5', 'lc_no': '#A9B63F', 'signed_by_carrier': '#836C5A', 'at_place': '#1A8FE7', 'awb_bill_issue_date': '#586B55', 'signed_by_agent': '#9F26EF', 'total_original_no': '#C338A9', 'flight_details': '#FAB076', 'carrier_address': '#B7D37B', 'gross_quantity': '#ECA67C', 'transaction_date': '#864509', 'consignee_address': '#0FA070', 'O': '#F79B1B', 'shipper_address': '#31D8B6', 'page_no': '#C68E42', 'goods_description': '#DC02A3', 'freight_collect_or_prepaid': '#F9F811', 'agent_address': '#7B6D5D', 'stamp': '#8472B0', 'consignee_name': '#FEEAE3', 'country_of_origin': '#E61837', 'airport_of_departure': '#3E743E', 'carrier_name': '#C4F93D', 'place_of_receipt': '#E9183D', 'agent_name': '#020BAD', 'master_name': '#E7470C', 'stamped_onboard_date': '#A568B2', 'shipment_date': '#B69AB2', 'declared_value_of_custom': '#334DDB', 'declared_value_of_carriage': '#8A2495', 'amount_insurance': '#66D3B3', 'carriage_condition': '#FFB525'}
2024-03-26 15:12:59,179 is result_set is instance of dict? True
2024-03-26 15:12:59,180 is final_result_set is instance of dict? True
2024-03-26 15:12:59,327 Time taken for page 1 of Bill_Of_Landing_562_page_19.png:0:00:02.309105
2024-03-26 15:12:59,450 *****Generated All Pages****** for Bill_Of_Landing_562_page_19.png
2024-03-26 15:12:59,450 RAM memory 83.4 used for Bill_Of_Landing_562_page_19.png Generating All Pages:
2024-03-26 15:12:59,450 Processing time taken for all pages of Bill_Of_Landing_562_page_19.png1:0:00:02.443148
2024-03-26 15:12:59,560 file name is:Bill_Of_Landing_292_page_0.png
2024-03-26 15:12:59,560 folder path :Images
2024-03-26 15:12:59,560 Calling Image result
2024-03-26 15:12:59,560 is all_page_result is instance of dict? True
2024-03-26 15:12:59,598 STREAM b'IHDR' 16 13
2024-03-26 15:12:59,598 STREAM b'IDAT' 41 62739
2024-03-26 15:12:59,632 is words is instance of list? True
2024-03-26 15:12:59,632 is bboxes is instance of list? True
2024-03-26 15:12:59,632 is bounding_boxes is instance of list? True
2024-03-26 15:12:59,823 is input_id_chunks is instance of list? True
2024-03-26 15:12:59,823 is mask_chunks is instance of list? True
2024-03-26 15:12:59,823 is bbox_chunks is instance of list? True
2024-03-26 15:12:59,823 is image_chunks is instance of list? True
2024-03-26 15:12:59,823 is input_dict is instance of dict? True
2024-03-26 15:13:01,572 Model Called
2024-03-26 15:13:01,573 RAM memory 83.4 used for Bill_Of_Landing_292_page_0.png:
2024-03-26 15:13:01,573 is all_predictions is instance of list? True
2024-03-26 15:13:01,573 is all_boxes is instance of list? True
2024-03-26 15:13:01,573 is all_confidences is instance of list? True
2024-03-26 15:13:01,573 is all_text is instance of list? True
2024-03-26 15:13:01,573 is label2id is instance of dict? True
2024-03-26 15:13:01,573 is id2label is instance of dict? True
2024-03-26 15:13:01,574 is label2color is instance of dict? True
2024-03-26 15:13:01,574 label2color : {'signature': '#D70F4B', 'gross_weight': '#A12B7A', 'freight_collected_at': '#D2686E', 'shipper_name': '#4EA138', 'notify_party_address': '#D053C8', 'awb_original_or_copy': '#40ECC3', 'mode_of_transport': '#DB24E8', 'flight_date': '#E90FA5', 'measurement': '#79A37C', 'good_marks': '#63CB76', 'awb_original_number': '#D37158', 'invoice_number': '#F05D97', 'dimension': '#0BE595', 'pre_carriage_by': '#B9E7E6', 'awb_bill_no': '#6316FC', 'notify_party_name': '#B35F3D', 'airport_of_destination': '#BD2AAD', 'final_destination': '#59BA7D', 'net_weight': '#C26EF9', 'signed_by_master': '#F0DDD1', 'invoice_date': '#0D3CDE', 'lc_date': '#BAC958', 'lc_no': '#885040', 'signed_by_carrier': '#D655F1', 'at_place': '#DFA64B', 'awb_bill_issue_date': '#8E4277', 'signed_by_agent': '#9E5606', 'total_original_no': '#8F2F74', 'flight_details': '#28FAB3', 'carrier_address': '#4F2A54', 'gross_quantity': '#209943', 'transaction_date': '#4EC6AC', 'consignee_address': '#60A9DA', 'O': '#A44A3E', 'shipper_address': '#6DD65C', 'page_no': '#240215', 'goods_description': '#29B580', 'freight_collect_or_prepaid': '#EDB273', 'agent_address': '#7FC67B', 'stamp': '#D96FF1', 'consignee_name': '#224F62', 'country_of_origin': '#817556', 'airport_of_departure': '#154E6E', 'carrier_name': '#91A3F2', 'place_of_receipt': '#E807BB', 'agent_name': '#C6B0D8', 'master_name': '#0534F4', 'stamped_onboard_date': '#A2F91D', 'shipment_date': '#9B654F', 'declared_value_of_custom': '#4FF894', 'declared_value_of_carriage': '#4FF380', 'amount_insurance': '#5BBD49', 'carriage_condition': '#AC151A'}
2024-03-26 15:13:01,752 is result_set is instance of dict? True
2024-03-26 15:13:01,753 is final_result_set is instance of dict? True
2024-03-26 15:13:01,880 Time taken for page 1 of Bill_Of_Landing_292_page_0.png:0:00:02.281103
2024-03-26 15:13:01,997 *****Generated All Pages****** for Bill_Of_Landing_292_page_0.png
2024-03-26 15:13:01,997 RAM memory 83.4 used for Bill_Of_Landing_292_page_0.png Generating All Pages:
2024-03-26 15:13:01,997 Processing time taken for all pages of Bill_Of_Landing_292_page_0.png1:0:00:02.437431
2024-03-26 15:13:02,108 file name is:Bill_Of_Landing_521_page_4.png
2024-03-26 15:13:02,108 folder path :Images
2024-03-26 15:13:02,108 Calling Image result
2024-03-26 15:13:02,108 is all_page_result is instance of dict? True
2024-03-26 15:13:02,145 STREAM b'IHDR' 16 13
2024-03-26 15:13:02,145 STREAM b'IDAT' 41 65536
2024-03-26 15:13:02,177 is words is instance of list? True
2024-03-26 15:13:02,177 is bboxes is instance of list? True
2024-03-26 15:13:02,177 is bounding_boxes is instance of list? True
2024-03-26 15:13:02,367 is input_id_chunks is instance of list? True
2024-03-26 15:13:02,367 is mask_chunks is instance of list? True
2024-03-26 15:13:02,367 is bbox_chunks is instance of list? True
2024-03-26 15:13:02,367 is image_chunks is instance of list? True
2024-03-26 15:13:02,367 is input_dict is instance of dict? True
2024-03-26 15:13:04,110 Model Called
2024-03-26 15:13:04,110 RAM memory 83.5 used for Bill_Of_Landing_521_page_4.png:
2024-03-26 15:13:04,110 is all_predictions is instance of list? True
2024-03-26 15:13:04,110 is all_boxes is instance of list? True
2024-03-26 15:13:04,110 is all_confidences is instance of list? True
2024-03-26 15:13:04,110 is all_text is instance of list? True
2024-03-26 15:13:04,110 is label2id is instance of dict? True
2024-03-26 15:13:04,110 is id2label is instance of dict? True
2024-03-26 15:13:04,111 is label2color is instance of dict? True
2024-03-26 15:13:04,111 label2color : {'signature': '#1214F4', 'gross_weight': '#53D79B', 'freight_collected_at': '#E63680', 'shipper_name': '#0026FE', 'notify_party_address': '#914FC0', 'awb_original_or_copy': '#9C50D6', 'mode_of_transport': '#182597', 'flight_date': '#8D8D1D', 'measurement': '#C7F7D9', 'good_marks': '#EED819', 'awb_original_number': '#7C8DEB', 'invoice_number': '#B7EB1D', 'dimension': '#F5A04B', 'pre_carriage_by': '#84BB09', 'awb_bill_no': '#504B24', 'notify_party_name': '#DC1769', 'airport_of_destination': '#69AC89', 'final_destination': '#421EF5', 'net_weight': '#4FF664', 'signed_by_master': '#C4B373', 'invoice_date': '#847A14', 'lc_date': '#F30B94', 'lc_no': '#F271A5', 'signed_by_carrier': '#AA9A31', 'at_place': '#0AE213', 'awb_bill_issue_date': '#69462C', 'signed_by_agent': '#2720F7', 'total_original_no': '#B3550C', 'flight_details': '#42613F', 'carrier_address': '#1DA69C', 'gross_quantity': '#314C6B', 'transaction_date': '#8DFB9A', 'consignee_address': '#3AE178', 'O': '#1B1AC9', 'shipper_address': '#5CCDF9', 'page_no': '#91593D', 'goods_description': '#79CD4E', 'freight_collect_or_prepaid': '#609049', 'agent_address': '#E91738', 'stamp': '#792E49', 'consignee_name': '#67EC84', 'country_of_origin': '#929BA2', 'airport_of_departure': '#DB9D81', 'carrier_name': '#0E8A3E', 'place_of_receipt': '#790357', 'agent_name': '#E64A29', 'master_name': '#D8AC71', 'stamped_onboard_date': '#5EE90A', 'shipment_date': '#B0E434', 'declared_value_of_custom': '#7688F1', 'declared_value_of_carriage': '#EDDC66', 'amount_insurance': '#8C7F28', 'carriage_condition': '#CEA490'}
2024-03-26 15:13:04,288 is result_set is instance of dict? True
2024-03-26 15:13:04,290 is final_result_set is instance of dict? True
2024-03-26 15:13:04,432 Time taken for page 1 of Bill_Of_Landing_521_page_4.png:0:00:02.286488
2024-03-26 15:13:04,552 *****Generated All Pages****** for Bill_Of_Landing_521_page_4.png
2024-03-26 15:13:04,552 RAM memory 83.3 used for Bill_Of_Landing_521_page_4.png Generating All Pages:
2024-03-26 15:13:04,552 Processing time taken for all pages of Bill_Of_Landing_521_page_4.png1:0:00:02.444611
2024-03-26 15:13:04,663 file name is:Bill_Of_Landing_471_page_0.png
2024-03-26 15:13:04,663 folder path :Images
2024-03-26 15:13:04,663 Calling Image result
2024-03-26 15:13:04,663 is all_page_result is instance of dict? True
2024-03-26 15:13:04,673 STREAM b'IHDR' 16 13
2024-03-26 15:13:04,673 STREAM b'IDAT' 41 65536
2024-03-26 15:13:04,701 is words is instance of list? True
2024-03-26 15:13:04,701 is bboxes is instance of list? True
2024-03-26 15:13:04,701 is bounding_boxes is instance of list? True
2024-03-26 15:13:04,896 is input_id_chunks is instance of list? True
2024-03-26 15:13:04,896 is mask_chunks is instance of list? True
2024-03-26 15:13:04,896 is bbox_chunks is instance of list? True
2024-03-26 15:13:04,896 is image_chunks is instance of list? True
2024-03-26 15:13:04,897 is input_dict is instance of dict? True
2024-03-26 15:13:07,577 Model Called
2024-03-26 15:13:07,577 RAM memory 87.4 used for Bill_Of_Landing_471_page_0.png:
2024-03-26 15:13:07,577 is all_predictions is instance of list? True
2024-03-26 15:13:07,577 is all_boxes is instance of list? True
2024-03-26 15:13:07,577 is all_confidences is instance of list? True
2024-03-26 15:13:07,577 is all_text is instance of list? True
2024-03-26 15:13:07,577 is label2id is instance of dict? True
2024-03-26 15:13:07,577 is id2label is instance of dict? True
2024-03-26 15:13:07,578 is label2color is instance of dict? True
2024-03-26 15:13:07,578 label2color : {'signature': '#80C168', 'gross_weight': '#C3D236', 'freight_collected_at': '#4A5289', 'shipper_name': '#80B7C0', 'notify_party_address': '#6D8385', 'awb_original_or_copy': '#754C06', 'mode_of_transport': '#87BFCB', 'flight_date': '#ECFA47', 'measurement': '#8210A2', 'good_marks': '#3BC8E0', 'awb_original_number': '#EEA332', 'invoice_number': '#FB7AE1', 'dimension': '#7290D8', 'pre_carriage_by': '#579300', 'awb_bill_no': '#84D694', 'notify_party_name': '#B51F4B', 'airport_of_destination': '#C05CF4', 'final_destination': '#81E8B4', 'net_weight': '#C43572', 'signed_by_master': '#C17B8C', 'invoice_date': '#F1B6C7', 'lc_date': '#86610C', 'lc_no': '#E4F2BE', 'signed_by_carrier': '#A5AA13', 'at_place': '#A8AC6F', 'awb_bill_issue_date': '#1C2F17', 'signed_by_agent': '#01B4A9', 'total_original_no': '#CACCCA', 'flight_details': '#DC385B', 'carrier_address': '#BFDE8C', 'gross_quantity': '#ACBCD7', 'transaction_date': '#CAA139', 'consignee_address': '#02166F', 'O': '#C504A9', 'shipper_address': '#ABFE3A', 'page_no': '#9B6BDB', 'goods_description': '#460B21', 'freight_collect_or_prepaid': '#6A169E', 'agent_address': '#9E471C', 'stamp': '#E50C3D', 'consignee_name': '#E9459A', 'country_of_origin': '#46AF93', 'airport_of_departure': '#9EF627', 'carrier_name': '#616D0B', 'place_of_receipt': '#48B155', 'agent_name': '#084642', 'master_name': '#4CB3EF', 'stamped_onboard_date': '#8103BF', 'shipment_date': '#5548E7', 'declared_value_of_custom': '#64607F', 'declared_value_of_carriage': '#7294E2', 'amount_insurance': '#CAF39C', 'carriage_condition': '#08DDB9'}
2024-03-26 15:13:07,818 is result_set is instance of dict? True
2024-03-26 15:13:07,820 is final_result_set is instance of dict? True
2024-03-26 15:13:08,033 Time taken for page 1 of Bill_Of_Landing_471_page_0.png:0:00:03.359299
2024-03-26 15:13:08,162 *****Generated All Pages****** for Bill_Of_Landing_471_page_0.png
2024-03-26 15:13:08,162 RAM memory 87.4 used for Bill_Of_Landing_471_page_0.png Generating All Pages:
2024-03-26 15:13:08,162 Processing time taken for all pages of Bill_Of_Landing_471_page_0.png1:0:00:03.499151
2024-03-26 15:13:08,286 file name is:Bill_Of_Landing_739_page_0.png
2024-03-26 15:13:08,286 folder path :Images
2024-03-26 15:13:08,286 Calling Image result
2024-03-26 15:13:08,286 is all_page_result is instance of dict? True
2024-03-26 15:13:08,297 STREAM b'IHDR' 16 13
2024-03-26 15:13:08,297 STREAM b'IDAT' 41 65536
2024-03-26 15:13:08,322 is words is instance of list? True
2024-03-26 15:13:08,322 is bboxes is instance of list? True
2024-03-26 15:13:08,322 is bounding_boxes is instance of list? True
2024-03-26 15:13:08,514 is input_id_chunks is instance of list? True
2024-03-26 15:13:08,514 is mask_chunks is instance of list? True
2024-03-26 15:13:08,514 is bbox_chunks is instance of list? True
2024-03-26 15:13:08,514 is image_chunks is instance of list? True
2024-03-26 15:13:08,515 is input_dict is instance of dict? True
2024-03-26 15:13:10,260 Model Called
2024-03-26 15:13:10,260 RAM memory 84.8 used for Bill_Of_Landing_739_page_0.png:
2024-03-26 15:13:10,260 is all_predictions is instance of list? True
2024-03-26 15:13:10,260 is all_boxes is instance of list? True
2024-03-26 15:13:10,260 is all_confidences is instance of list? True
2024-03-26 15:13:10,260 is all_text is instance of list? True
2024-03-26 15:13:10,261 is label2id is instance of dict? True
2024-03-26 15:13:10,261 is id2label is instance of dict? True
2024-03-26 15:13:10,261 is label2color is instance of dict? True
2024-03-26 15:13:10,262 label2color : {'signature': '#41CF05', 'gross_weight': '#81A0E2', 'freight_collected_at': '#998B2F', 'shipper_name': '#A885E4', 'notify_party_address': '#9D495A', 'awb_original_or_copy': '#C821DA', 'mode_of_transport': '#0ED0DE', 'flight_date': '#E52AAD', 'measurement': '#4014AE', 'good_marks': '#DBF505', 'awb_original_number': '#F69EE7', 'invoice_number': '#BCEC60', 'dimension': '#8B3240', 'pre_carriage_by': '#26BFB1', 'awb_bill_no': '#8D6D8C', 'notify_party_name': '#CD0B74', 'airport_of_destination': '#F494C5', 'final_destination': '#DC1C95', 'net_weight': '#FB6B4D', 'signed_by_master': '#1BA4AA', 'invoice_date': '#276336', 'lc_date': '#637A24', 'lc_no': '#D4FC40', 'signed_by_carrier': '#B93886', 'at_place': '#CF510C', 'awb_bill_issue_date': '#93307E', 'signed_by_agent': '#9DFBA5', 'total_original_no': '#B6739C', 'flight_details': '#248C0C', 'carrier_address': '#DD06E2', 'gross_quantity': '#D174D2', 'transaction_date': '#602B7C', 'consignee_address': '#3270C2', 'O': '#9F1444', 'shipper_address': '#7153B6', 'page_no': '#3F7C79', 'goods_description': '#3A52CA', 'freight_collect_or_prepaid': '#9B46D1', 'agent_address': '#EC8BC8', 'stamp': '#9516CB', 'consignee_name': '#E96C5D', 'country_of_origin': '#0FCC8A', 'airport_of_departure': '#DAE3BF', 'carrier_name': '#E3D8E2', 'place_of_receipt': '#664FAB', 'agent_name': '#99A0E7', 'master_name': '#DFDA4A', 'stamped_onboard_date': '#EAB495', 'shipment_date': '#B113FE', 'declared_value_of_custom': '#623F6B', 'declared_value_of_carriage': '#66CA08', 'amount_insurance': '#8D29C9', 'carriage_condition': '#487D2B'}
2024-03-26 15:13:10,441 is result_set is instance of dict? True
2024-03-26 15:13:10,442 is final_result_set is instance of dict? True
2024-03-26 15:13:10,630 Time taken for page 1 of Bill_Of_Landing_739_page_0.png:0:00:02.333127
2024-03-26 15:13:10,761 *****Generated All Pages****** for Bill_Of_Landing_739_page_0.png
2024-03-26 15:13:10,762 RAM memory 84.8 used for Bill_Of_Landing_739_page_0.png Generating All Pages:
2024-03-26 15:13:10,762 Processing time taken for all pages of Bill_Of_Landing_739_page_0.png1:0:00:02.475182
2024-03-26 15:13:10,871 file name is:Bill_Of_Landing_562_page_27.png
2024-03-26 15:13:10,871 folder path :Images
2024-03-26 15:13:10,871 Calling Image result
2024-03-26 15:13:10,871 is all_page_result is instance of dict? True
2024-03-26 15:13:10,881 STREAM b'IHDR' 16 13
2024-03-26 15:13:10,882 STREAM b'IDAT' 41 60831
2024-03-26 15:13:10,908 is words is instance of list? True
2024-03-26 15:13:10,908 is bboxes is instance of list? True
2024-03-26 15:13:10,908 is bounding_boxes is instance of list? True
2024-03-26 15:13:11,106 is input_id_chunks is instance of list? True
2024-03-26 15:13:11,106 is mask_chunks is instance of list? True
2024-03-26 15:13:11,106 is bbox_chunks is instance of list? True
2024-03-26 15:13:11,106 is image_chunks is instance of list? True
2024-03-26 15:13:11,106 is input_dict is instance of dict? True
2024-03-26 15:13:12,896 Model Called
2024-03-26 15:13:12,896 RAM memory 84.5 used for Bill_Of_Landing_562_page_27.png:
2024-03-26 15:13:12,896 is all_predictions is instance of list? True
2024-03-26 15:13:12,896 is all_boxes is instance of list? True
2024-03-26 15:13:12,896 is all_confidences is instance of list? True
2024-03-26 15:13:12,896 is all_text is instance of list? True
2024-03-26 15:13:12,896 is label2id is instance of dict? True
2024-03-26 15:13:12,896 is id2label is instance of dict? True
2024-03-26 15:13:12,897 is label2color is instance of dict? True
2024-03-26 15:13:12,897 label2color : {'signature': '#18EA5A', 'gross_weight': '#254F20', 'freight_collected_at': '#03636B', 'shipper_name': '#EE4B5A', 'notify_party_address': '#5CC000', 'awb_original_or_copy': '#2EBFE1', 'mode_of_transport': '#5FA51C', 'flight_date': '#51F789', 'measurement': '#3D30D2', 'good_marks': '#72182F', 'awb_original_number': '#453A90', 'invoice_number': '#0A0FCA', 'dimension': '#C121BB', 'pre_carriage_by': '#1D8CFF', 'awb_bill_no': '#2FBAE0', 'notify_party_name': '#D08EC0', 'airport_of_destination': '#3124B3', 'final_destination': '#DA4B11', 'net_weight': '#546F14', 'signed_by_master': '#0DC7A9', 'invoice_date': '#77A042', 'lc_date': '#F27456', 'lc_no': '#383AFD', 'signed_by_carrier': '#027563', 'at_place': '#AF8FE3', 'awb_bill_issue_date': '#04C602', 'signed_by_agent': '#AFAC99', 'total_original_no': '#E381D5', 'flight_details': '#DB4C54', 'carrier_address': '#ACBE75', 'gross_quantity': '#77E5F6', 'transaction_date': '#76B649', 'consignee_address': '#0987CD', 'O': '#ADAE49', 'shipper_address': '#75FE28', 'page_no': '#D6F97A', 'goods_description': '#7814D0', 'freight_collect_or_prepaid': '#F5019A', 'agent_address': '#2F8F91', 'stamp': '#1234E0', 'consignee_name': '#1FA9D0', 'country_of_origin': '#F88813', 'airport_of_departure': '#E98002', 'carrier_name': '#13C9C3', 'place_of_receipt': '#F7232A', 'agent_name': '#7C3B3F', 'master_name': '#41BD62', 'stamped_onboard_date': '#E19384', 'shipment_date': '#A8BFCF', 'declared_value_of_custom': '#3E685D', 'declared_value_of_carriage': '#C97ECF', 'amount_insurance': '#5BBE65', 'carriage_condition': '#5BFE84'}
2024-03-26 15:13:13,102 is result_set is instance of dict? True
2024-03-26 15:13:13,104 is final_result_set is instance of dict? True
2024-03-26 15:13:13,260 Time taken for page 1 of Bill_Of_Landing_562_page_27.png:0:00:02.378762
2024-03-26 15:13:13,383 *****Generated All Pages****** for Bill_Of_Landing_562_page_27.png
2024-03-26 15:13:13,383 RAM memory 85.0 used for Bill_Of_Landing_562_page_27.png Generating All Pages:
2024-03-26 15:13:13,383 Processing time taken for all pages of Bill_Of_Landing_562_page_27.png1:0:00:02.512387
2024-03-26 15:13:13,493 file name is:Bill_Of_Landing_273_page_1.png
2024-03-26 15:13:13,494 folder path :Images
2024-03-26 15:13:13,494 Calling Image result
2024-03-26 15:13:13,494 is all_page_result is instance of dict? True
2024-03-26 15:13:13,504 STREAM b'IHDR' 16 13
2024-03-26 15:13:13,504 STREAM b'IDAT' 41 59161
2024-03-26 15:13:13,530 is words is instance of list? True
2024-03-26 15:13:13,530 is bboxes is instance of list? True
2024-03-26 15:13:13,530 is bounding_boxes is instance of list? True
2024-03-26 15:13:13,729 is input_id_chunks is instance of list? True
2024-03-26 15:13:13,729 is mask_chunks is instance of list? True
2024-03-26 15:13:13,729 is bbox_chunks is instance of list? True
2024-03-26 15:13:13,729 is image_chunks is instance of list? True
2024-03-26 15:13:13,730 is input_dict is instance of dict? True
2024-03-26 15:13:15,830 Model Called
2024-03-26 15:13:15,830 RAM memory 85.0 used for Bill_Of_Landing_273_page_1.png:
2024-03-26 15:13:15,830 is all_predictions is instance of list? True
2024-03-26 15:13:15,830 is all_boxes is instance of list? True
2024-03-26 15:13:15,830 is all_confidences is instance of list? True
2024-03-26 15:13:15,830 is all_text is instance of list? True
2024-03-26 15:13:15,830 is label2id is instance of dict? True
2024-03-26 15:13:15,830 is id2label is instance of dict? True
2024-03-26 15:13:15,831 is label2color is instance of dict? True
2024-03-26 15:13:15,831 label2color : {'signature': '#85A5E0', 'gross_weight': '#E05D22', 'freight_collected_at': '#1F55E7', 'shipper_name': '#11AF2D', 'notify_party_address': '#D90B7E', 'awb_original_or_copy': '#E545AF', 'mode_of_transport': '#3ED541', 'flight_date': '#794E8B', 'measurement': '#63F4EB', 'good_marks': '#E5AE30', 'awb_original_number': '#13365C', 'invoice_number': '#67D9E6', 'dimension': '#AFED0E', 'pre_carriage_by': '#24D4C7', 'awb_bill_no': '#E9C9FF', 'notify_party_name': '#81B151', 'airport_of_destination': '#9BC92D', 'final_destination': '#05794F', 'net_weight': '#496EE3', 'signed_by_master': '#DF7456', 'invoice_date': '#12DB97', 'lc_date': '#E5C21F', 'lc_no': '#7A8E5A', 'signed_by_carrier': '#1E38B0', 'at_place': '#8A378A', 'awb_bill_issue_date': '#716301', 'signed_by_agent': '#FB7489', 'total_original_no': '#4FCDC9', 'flight_details': '#CBCA7E', 'carrier_address': '#A9F97C', 'gross_quantity': '#5749A4', 'transaction_date': '#C0C465', 'consignee_address': '#444C2C', 'O': '#2A316F', 'shipper_address': '#CD10B2', 'page_no': '#5B2374', 'goods_description': '#D63DE5', 'freight_collect_or_prepaid': '#7E0F2D', 'agent_address': '#E1582F', 'stamp': '#CBEE43', 'consignee_name': '#38C598', 'country_of_origin': '#5CA865', 'airport_of_departure': '#ACBF52', 'carrier_name': '#2D5C6C', 'place_of_receipt': '#E536E1', 'agent_name': '#EE0F00', 'master_name': '#9CA6FF', 'stamped_onboard_date': '#F63DC3', 'shipment_date': '#B05ED3', 'declared_value_of_custom': '#4DD194', 'declared_value_of_carriage': '#4C1B98', 'amount_insurance': '#F2F46D', 'carriage_condition': '#59A966'}
2024-03-26 15:13:16,020 is result_set is instance of dict? True
2024-03-26 15:13:16,022 is final_result_set is instance of dict? True
2024-03-26 15:13:16,221 Time taken for page 1 of Bill_Of_Landing_273_page_1.png:0:00:02.716533
2024-03-26 15:13:16,344 *****Generated All Pages****** for Bill_Of_Landing_273_page_1.png
2024-03-26 15:13:16,345 RAM memory 85.0 used for Bill_Of_Landing_273_page_1.png Generating All Pages:
2024-03-26 15:13:16,345 Processing time taken for all pages of Bill_Of_Landing_273_page_1.png1:0:00:02.850940
2024-03-26 15:13:16,452 file name is:Bill_Of_Landing_585_page_0.png
2024-03-26 15:13:16,452 folder path :Images
2024-03-26 15:13:16,453 Calling Image result
2024-03-26 15:13:16,453 is all_page_result is instance of dict? True
2024-03-26 15:13:16,463 STREAM b'IHDR' 16 13
2024-03-26 15:13:16,463 STREAM b'IDAT' 41 65536
2024-03-26 15:13:16,489 is words is instance of list? True
2024-03-26 15:13:16,489 is bboxes is instance of list? True
2024-03-26 15:13:16,489 is bounding_boxes is instance of list? True
2024-03-26 15:13:16,686 is input_id_chunks is instance of list? True
2024-03-26 15:13:16,686 is mask_chunks is instance of list? True
2024-03-26 15:13:16,687 is bbox_chunks is instance of list? True
2024-03-26 15:13:16,687 is image_chunks is instance of list? True
2024-03-26 15:13:16,687 is input_dict is instance of dict? True
2024-03-26 15:13:18,481 Model Called
2024-03-26 15:13:18,482 RAM memory 84.8 used for Bill_Of_Landing_585_page_0.png:
2024-03-26 15:13:18,482 is all_predictions is instance of list? True
2024-03-26 15:13:18,482 is all_boxes is instance of list? True
2024-03-26 15:13:18,482 is all_confidences is instance of list? True
2024-03-26 15:13:18,482 is all_text is instance of list? True
2024-03-26 15:13:18,482 is label2id is instance of dict? True
2024-03-26 15:13:18,482 is id2label is instance of dict? True
2024-03-26 15:13:18,483 is label2color is instance of dict? True
2024-03-26 15:13:18,483 label2color : {'signature': '#226709', 'gross_weight': '#0D0511', 'freight_collected_at': '#102158', 'shipper_name': '#A04D57', 'notify_party_address': '#00DB41', 'awb_original_or_copy': '#B40746', 'mode_of_transport': '#B8D4C3', 'flight_date': '#A16ABB', 'measurement': '#1C5266', 'good_marks': '#D49A96', 'awb_original_number': '#782EF2', 'invoice_number': '#07F9D0', 'dimension': '#956CDD', 'pre_carriage_by': '#56CA4F', 'awb_bill_no': '#4FE8B2', 'notify_party_name': '#29263A', 'airport_of_destination': '#24560D', 'final_destination': '#F37C8F', 'net_weight': '#B6F517', 'signed_by_master': '#1373A4', 'invoice_date': '#A301D8', 'lc_date': '#EB1260', 'lc_no': '#CDA141', 'signed_by_carrier': '#B0FE87', 'at_place': '#A97619', 'awb_bill_issue_date': '#2E3673', 'signed_by_agent': '#7EC0DB', 'total_original_no': '#74F921', 'flight_details': '#BA4D8F', 'carrier_address': '#FDEE78', 'gross_quantity': '#F7E611', 'transaction_date': '#4FB319', 'consignee_address': '#EB9678', 'O': '#DFEB1F', 'shipper_address': '#6C03B6', 'page_no': '#B4F804', 'goods_description': '#9BF008', 'freight_collect_or_prepaid': '#BEE108', 'agent_address': '#434BED', 'stamp': '#28372C', 'consignee_name': '#AFA2DE', 'country_of_origin': '#30C9F8', 'airport_of_departure': '#A2F300', 'carrier_name': '#D986C8', 'place_of_receipt': '#35F92B', 'agent_name': '#06E0F3', 'master_name': '#29A98C', 'stamped_onboard_date': '#F7BAA9', 'shipment_date': '#AAE22B', 'declared_value_of_custom': '#038962', 'declared_value_of_carriage': '#0F5FA6', 'amount_insurance': '#D24D93', 'carriage_condition': '#F60172'}
2024-03-26 15:13:18,695 is result_set is instance of dict? True
2024-03-26 15:13:18,697 is final_result_set is instance of dict? True
2024-03-26 15:13:18,894 Time taken for page 1 of Bill_Of_Landing_585_page_0.png:0:00:02.430458
2024-03-26 15:13:19,027 *****Generated All Pages****** for Bill_Of_Landing_585_page_0.png
2024-03-26 15:13:19,027 RAM memory 85.0 used for Bill_Of_Landing_585_page_0.png Generating All Pages:
2024-03-26 15:13:19,028 Processing time taken for all pages of Bill_Of_Landing_585_page_0.png1:0:00:02.574975
2024-03-26 15:13:19,161 file name is:Bill_Of_Landing_424_page_3.png
2024-03-26 15:13:19,162 folder path :Images
2024-03-26 15:13:19,162 Calling Image result
2024-03-26 15:13:19,162 is all_page_result is instance of dict? True
2024-03-26 15:13:19,172 STREAM b'IHDR' 16 13
2024-03-26 15:13:19,172 STREAM b'IDAT' 41 65536
2024-03-26 15:13:19,204 is words is instance of list? True
2024-03-26 15:13:19,204 is bboxes is instance of list? True
2024-03-26 15:13:19,204 is bounding_boxes is instance of list? True
2024-03-26 15:13:19,445 is input_id_chunks is instance of list? True
2024-03-26 15:13:19,445 is mask_chunks is instance of list? True
2024-03-26 15:13:19,445 is bbox_chunks is instance of list? True
2024-03-26 15:13:19,445 is image_chunks is instance of list? True
2024-03-26 15:13:19,446 is input_dict is instance of dict? True
2024-03-26 15:13:21,613 Model Called
2024-03-26 15:13:21,614 RAM memory 85.0 used for Bill_Of_Landing_424_page_3.png:
2024-03-26 15:13:21,614 is all_predictions is instance of list? True
2024-03-26 15:13:21,614 is all_boxes is instance of list? True
2024-03-26 15:13:21,614 is all_confidences is instance of list? True
2024-03-26 15:13:21,614 is all_text is instance of list? True
2024-03-26 15:13:21,614 is label2id is instance of dict? True
2024-03-26 15:13:21,614 is id2label is instance of dict? True
2024-03-26 15:13:21,615 is label2color is instance of dict? True
2024-03-26 15:13:21,615 label2color : {'signature': '#A2824D', 'gross_weight': '#19A57D', 'freight_collected_at': '#3DA01D', 'shipper_name': '#25BEC2', 'notify_party_address': '#78E98F', 'awb_original_or_copy': '#659083', 'mode_of_transport': '#2BA7A5', 'flight_date': '#BEDA72', 'measurement': '#FB66D0', 'good_marks': '#4756BF', 'awb_original_number': '#DEB671', 'invoice_number': '#7DF524', 'dimension': '#FE5864', 'pre_carriage_by': '#EF6FD4', 'awb_bill_no': '#E2142C', 'notify_party_name': '#9CC668', 'airport_of_destination': '#861843', 'final_destination': '#C781E9', 'net_weight': '#3BA6DB', 'signed_by_master': '#8AE42E', 'invoice_date': '#30A687', 'lc_date': '#74687A', 'lc_no': '#462134', 'signed_by_carrier': '#07D015', 'at_place': '#461E64', 'awb_bill_issue_date': '#ECEF41', 'signed_by_agent': '#5FB97B', 'total_original_no': '#360E68', 'flight_details': '#FAFBD5', 'carrier_address': '#7850A1', 'gross_quantity': '#8F66E0', 'transaction_date': '#08679F', 'consignee_address': '#340DBF', 'O': '#80B689', 'shipper_address': '#0F18C6', 'page_no': '#CD2818', 'goods_description': '#BCF953', 'freight_collect_or_prepaid': '#8BE1FD', 'agent_address': '#FFA810', 'stamp': '#06251A', 'consignee_name': '#965D97', 'country_of_origin': '#6E69A5', 'airport_of_departure': '#E9A765', 'carrier_name': '#60CBE8', 'place_of_receipt': '#2D27C7', 'agent_name': '#2B7719', 'master_name': '#025143', 'stamped_onboard_date': '#0E2D64', 'shipment_date': '#D035C6', 'declared_value_of_custom': '#42B0D7', 'declared_value_of_carriage': '#8128D9', 'amount_insurance': '#4E1705', 'carriage_condition': '#A7B238'}
2024-03-26 15:13:21,829 is result_set is instance of dict? True
2024-03-26 15:13:21,831 is final_result_set is instance of dict? True
2024-03-26 15:13:21,992 Time taken for page 1 of Bill_Of_Landing_424_page_3.png:0:00:02.819498
2024-03-26 15:13:22,119 *****Generated All Pages****** for Bill_Of_Landing_424_page_3.png
2024-03-26 15:13:22,119 RAM memory 85.0 used for Bill_Of_Landing_424_page_3.png Generating All Pages:
2024-03-26 15:13:22,119 Processing time taken for all pages of Bill_Of_Landing_424_page_3.png1:0:00:02.957238
2024-03-26 15:13:22,229 file name is:Bill_Of_Landing_234_page_0.png
2024-03-26 15:13:22,229 folder path :Images
2024-03-26 15:13:22,229 Calling Image result
2024-03-26 15:13:22,229 is all_page_result is instance of dict? True
2024-03-26 15:13:22,239 STREAM b'IHDR' 16 13
2024-03-26 15:13:22,240 STREAM b'IDAT' 41 65536
2024-03-26 15:13:22,267 is words is instance of list? True
2024-03-26 15:13:22,267 is bboxes is instance of list? True
2024-03-26 15:13:22,267 is bounding_boxes is instance of list? True
2024-03-26 15:13:22,465 is input_id_chunks is instance of list? True
2024-03-26 15:13:22,465 is mask_chunks is instance of list? True
2024-03-26 15:13:22,465 is bbox_chunks is instance of list? True
2024-03-26 15:13:22,465 is image_chunks is instance of list? True
2024-03-26 15:13:22,466 is input_dict is instance of dict? True
2024-03-26 15:13:24,230 Model Called
2024-03-26 15:13:24,230 RAM memory 85.0 used for Bill_Of_Landing_234_page_0.png:
2024-03-26 15:13:24,230 is all_predictions is instance of list? True
2024-03-26 15:13:24,231 is all_boxes is instance of list? True
2024-03-26 15:13:24,231 is all_confidences is instance of list? True
2024-03-26 15:13:24,231 is all_text is instance of list? True
2024-03-26 15:13:24,231 is label2id is instance of dict? True
2024-03-26 15:13:24,231 is id2label is instance of dict? True
2024-03-26 15:13:24,232 is label2color is instance of dict? True
2024-03-26 15:13:24,232 label2color : {'signature': '#13F3F4', 'gross_weight': '#3ADFEF', 'freight_collected_at': '#942503', 'shipper_name': '#1172BA', 'notify_party_address': '#6E2391', 'awb_original_or_copy': '#EA5DB3', 'mode_of_transport': '#CD2CA9', 'flight_date': '#944130', 'measurement': '#F89677', 'good_marks': '#EBEEF8', 'awb_original_number': '#B4E83B', 'invoice_number': '#733377', 'dimension': '#885BE7', 'pre_carriage_by': '#A9E264', 'awb_bill_no': '#EDC47B', 'notify_party_name': '#7BAF09', 'airport_of_destination': '#6AF0EB', 'final_destination': '#97D40F', 'net_weight': '#B33DC2', 'signed_by_master': '#B622A3', 'invoice_date': '#82F364', 'lc_date': '#BEA84A', 'lc_no': '#6F070C', 'signed_by_carrier': '#DBD957', 'at_place': '#856D00', 'awb_bill_issue_date': '#D4D7E8', 'signed_by_agent': '#C44CD2', 'total_original_no': '#D61B0C', 'flight_details': '#ED7C47', 'carrier_address': '#0C4D3C', 'gross_quantity': '#132471', 'transaction_date': '#32A1D0', 'consignee_address': '#EFD285', 'O': '#D5F9E0', 'shipper_address': '#2F928D', 'page_no': '#A225D8', 'goods_description': '#05D818', 'freight_collect_or_prepaid': '#ECA048', 'agent_address': '#4FC3EC', 'stamp': '#63C28E', 'consignee_name': '#D25325', 'country_of_origin': '#3F2962', 'airport_of_departure': '#B13106', 'carrier_name': '#837E42', 'place_of_receipt': '#2AC02E', 'agent_name': '#DC4B42', 'master_name': '#55ADB5', 'stamped_onboard_date': '#8D6777', 'shipment_date': '#92D5B4', 'declared_value_of_custom': '#F6B2B2', 'declared_value_of_carriage': '#A6B8C5', 'amount_insurance': '#BC3F84', 'carriage_condition': '#A1E58C'}
2024-03-26 15:13:24,422 is result_set is instance of dict? True
2024-03-26 15:13:24,422 is final_result_set is instance of dict? True
2024-03-26 15:13:24,527 Time taken for page 1 of Bill_Of_Landing_234_page_0.png:0:00:02.287378
2024-03-26 15:13:24,653 *****Generated All Pages****** for Bill_Of_Landing_234_page_0.png
2024-03-26 15:13:24,653 RAM memory 84.7 used for Bill_Of_Landing_234_page_0.png Generating All Pages:
2024-03-26 15:13:24,653 Processing time taken for all pages of Bill_Of_Landing_234_page_0.png1:0:00:02.424215
2024-03-26 15:13:24,767 file name is:Bill_Of_Landing_850_page_0.png
2024-03-26 15:13:24,767 folder path :Images
2024-03-26 15:13:24,767 Calling Image result
2024-03-26 15:13:24,767 is all_page_result is instance of dict? True
2024-03-26 15:13:24,777 STREAM b'IHDR' 16 13
2024-03-26 15:13:24,777 STREAM b'IDAT' 41 65536
2024-03-26 15:13:24,804 is words is instance of list? True
2024-03-26 15:13:24,804 is bboxes is instance of list? True
2024-03-26 15:13:24,804 is bounding_boxes is instance of list? True
2024-03-26 15:13:25,015 is input_id_chunks is instance of list? True
2024-03-26 15:13:25,015 is mask_chunks is instance of list? True
2024-03-26 15:13:25,015 is bbox_chunks is instance of list? True
2024-03-26 15:13:25,015 is image_chunks is instance of list? True
2024-03-26 15:13:25,016 is input_dict is instance of dict? True
2024-03-26 15:13:26,798 Model Called
2024-03-26 15:13:26,798 RAM memory 83.7 used for Bill_Of_Landing_850_page_0.png:
2024-03-26 15:13:26,798 is all_predictions is instance of list? True
2024-03-26 15:13:26,798 is all_boxes is instance of list? True
2024-03-26 15:13:26,798 is all_confidences is instance of list? True
2024-03-26 15:13:26,798 is all_text is instance of list? True
2024-03-26 15:13:26,799 is label2id is instance of dict? True
2024-03-26 15:13:26,799 is id2label is instance of dict? True
2024-03-26 15:13:26,799 is label2color is instance of dict? True
2024-03-26 15:13:26,799 label2color : {'signature': '#B32133', 'gross_weight': '#235CF7', 'freight_collected_at': '#ADD87B', 'shipper_name': '#E6FB84', 'notify_party_address': '#774E89', 'awb_original_or_copy': '#720767', 'mode_of_transport': '#FFAF64', 'flight_date': '#3D8755', 'measurement': '#D65746', 'good_marks': '#BD7274', 'awb_original_number': '#248E35', 'invoice_number': '#E4F13E', 'dimension': '#A4BAF6', 'pre_carriage_by': '#C8CEC4', 'awb_bill_no': '#D670AC', 'notify_party_name': '#591A32', 'airport_of_destination': '#F36B8D', 'final_destination': '#82E04E', 'net_weight': '#FDE5E2', 'signed_by_master': '#168C39', 'invoice_date': '#D23B15', 'lc_date': '#FAB77A', 'lc_no': '#958122', 'signed_by_carrier': '#3192ED', 'at_place': '#20BE49', 'awb_bill_issue_date': '#9A2801', 'signed_by_agent': '#B4AA94', 'total_original_no': '#CEC3FE', 'flight_details': '#F9D7A5', 'carrier_address': '#BD655E', 'gross_quantity': '#B06ACC', 'transaction_date': '#CB108B', 'consignee_address': '#7AD404', 'O': '#9EDF7A', 'shipper_address': '#A06579', 'page_no': '#943564', 'goods_description': '#64796E', 'freight_collect_or_prepaid': '#DC0549', 'agent_address': '#211ED2', 'stamp': '#163268', 'consignee_name': '#883289', 'country_of_origin': '#E3965F', 'airport_of_departure': '#D5C133', 'carrier_name': '#7A5FF6', 'place_of_receipt': '#75FF22', 'agent_name': '#98F909', 'master_name': '#5C4A67', 'stamped_onboard_date': '#A6394E', 'shipment_date': '#5DF1B2', 'declared_value_of_custom': '#198DC6', 'declared_value_of_carriage': '#0CB334', 'amount_insurance': '#25561D', 'carriage_condition': '#9C0F3E'}
2024-03-26 15:13:26,990 is result_set is instance of dict? True
2024-03-26 15:13:26,992 is final_result_set is instance of dict? True
2024-03-26 15:13:27,107 Time taken for page 1 of Bill_Of_Landing_850_page_0.png:0:00:02.328937
2024-03-26 15:13:27,230 *****Generated All Pages****** for Bill_Of_Landing_850_page_0.png
2024-03-26 15:13:27,230 RAM memory 83.7 used for Bill_Of_Landing_850_page_0.png Generating All Pages:
2024-03-26 15:13:27,230 Processing time taken for all pages of Bill_Of_Landing_850_page_0.png1:0:00:02.462908
2024-03-26 15:13:27,339 file name is:Bill_Of_Landing_360_page_2.png
2024-03-26 15:13:27,340 folder path :Images
2024-03-26 15:13:27,340 Calling Image result
2024-03-26 15:13:27,340 is all_page_result is instance of dict? True
2024-03-26 15:13:27,350 STREAM b'IHDR' 16 13
2024-03-26 15:13:27,350 STREAM b'IDAT' 41 65536
2024-03-26 15:13:27,375 is words is instance of list? True
2024-03-26 15:13:27,375 is bboxes is instance of list? True
2024-03-26 15:13:27,375 is bounding_boxes is instance of list? True
2024-03-26 15:13:27,569 is input_id_chunks is instance of list? True
2024-03-26 15:13:27,569 is mask_chunks is instance of list? True
2024-03-26 15:13:27,569 is bbox_chunks is instance of list? True
2024-03-26 15:13:27,569 is image_chunks is instance of list? True
2024-03-26 15:13:27,569 is input_dict is instance of dict? True
2024-03-26 15:13:29,339 Model Called
2024-03-26 15:13:29,340 RAM memory 83.6 used for Bill_Of_Landing_360_page_2.png:
2024-03-26 15:13:29,340 is all_predictions is instance of list? True
2024-03-26 15:13:29,340 is all_boxes is instance of list? True
2024-03-26 15:13:29,340 is all_confidences is instance of list? True
2024-03-26 15:13:29,340 is all_text is instance of list? True
2024-03-26 15:13:29,340 is label2id is instance of dict? True
2024-03-26 15:13:29,340 is id2label is instance of dict? True
2024-03-26 15:13:29,341 is label2color is instance of dict? True
2024-03-26 15:13:29,341 label2color : {'signature': '#DCCD24', 'gross_weight': '#4A2755', 'freight_collected_at': '#F039E9', 'shipper_name': '#B0D1F7', 'notify_party_address': '#5D8018', 'awb_original_or_copy': '#954325', 'mode_of_transport': '#22201F', 'flight_date': '#AAF455', 'measurement': '#6D5888', 'good_marks': '#3D800E', 'awb_original_number': '#12B320', 'invoice_number': '#26AA8E', 'dimension': '#55E9D9', 'pre_carriage_by': '#092B47', 'awb_bill_no': '#BCD363', 'notify_party_name': '#973455', 'airport_of_destination': '#58DECF', 'final_destination': '#AD5507', 'net_weight': '#7BF2CE', 'signed_by_master': '#E44EC1', 'invoice_date': '#8B61FA', 'lc_date': '#22CF0D', 'lc_no': '#6A525E', 'signed_by_carrier': '#BC1D78', 'at_place': '#AD0780', 'awb_bill_issue_date': '#1C4F8B', 'signed_by_agent': '#24443E', 'total_original_no': '#8A3F9B', 'flight_details': '#A6A9DE', 'carrier_address': '#A486FF', 'gross_quantity': '#A0BCCD', 'transaction_date': '#A05FCA', 'consignee_address': '#669CBA', 'O': '#8AFF04', 'shipper_address': '#9C4952', 'page_no': '#956F6A', 'goods_description': '#648AF4', 'freight_collect_or_prepaid': '#1DFB87', 'agent_address': '#73E797', 'stamp': '#520C98', 'consignee_name': '#C06FF1', 'country_of_origin': '#85EFF7', 'airport_of_departure': '#C047BD', 'carrier_name': '#5862F1', 'place_of_receipt': '#B80BD3', 'agent_name': '#1C20DA', 'master_name': '#15F399', 'stamped_onboard_date': '#617932', 'shipment_date': '#6935A1', 'declared_value_of_custom': '#BAF20F', 'declared_value_of_carriage': '#0784B1', 'amount_insurance': '#D7D9E4', 'carriage_condition': '#38DAED'}
2024-03-26 15:13:29,530 is result_set is instance of dict? True
2024-03-26 15:13:29,532 is final_result_set is instance of dict? True
2024-03-26 15:13:29,688 Time taken for page 1 of Bill_Of_Landing_360_page_2.png:0:00:02.338300
2024-03-26 15:13:29,813 *****Generated All Pages****** for Bill_Of_Landing_360_page_2.png
2024-03-26 15:13:29,813 RAM memory 83.6 used for Bill_Of_Landing_360_page_2.png Generating All Pages:
2024-03-26 15:13:29,813 Processing time taken for all pages of Bill_Of_Landing_360_page_2.png1:0:00:02.473732
2024-03-26 15:13:29,921 file name is:Bill_Of_Landing_357_page_1.png
2024-03-26 15:13:29,921 folder path :Images
2024-03-26 15:13:29,921 Calling Image result
2024-03-26 15:13:29,921 is all_page_result is instance of dict? True
2024-03-26 15:13:29,958 STREAM b'IHDR' 16 13
2024-03-26 15:13:29,959 STREAM b'IDAT' 41 65536
2024-03-26 15:13:29,991 is words is instance of list? True
2024-03-26 15:13:29,991 is bboxes is instance of list? True
2024-03-26 15:13:29,991 is bounding_boxes is instance of list? True
2024-03-26 15:13:30,191 is input_id_chunks is instance of list? True
2024-03-26 15:13:30,191 is mask_chunks is instance of list? True
2024-03-26 15:13:30,191 is bbox_chunks is instance of list? True
2024-03-26 15:13:30,191 is image_chunks is instance of list? True
2024-03-26 15:13:30,192 is input_dict is instance of dict? True
2024-03-26 15:13:31,947 Model Called
2024-03-26 15:13:31,947 RAM memory 83.6 used for Bill_Of_Landing_357_page_1.png:
2024-03-26 15:13:31,947 is all_predictions is instance of list? True
2024-03-26 15:13:31,947 is all_boxes is instance of list? True
2024-03-26 15:13:31,947 is all_confidences is instance of list? True
2024-03-26 15:13:31,947 is all_text is instance of list? True
2024-03-26 15:13:31,948 is label2id is instance of dict? True
2024-03-26 15:13:31,948 is id2label is instance of dict? True
2024-03-26 15:13:31,948 is label2color is instance of dict? True
2024-03-26 15:13:31,949 label2color : {'signature': '#9AF23B', 'gross_weight': '#B1553D', 'freight_collected_at': '#3BF46D', 'shipper_name': '#E0047A', 'notify_party_address': '#F0599C', 'awb_original_or_copy': '#03D770', 'mode_of_transport': '#BF96B3', 'flight_date': '#EB3DBB', 'measurement': '#16DF31', 'good_marks': '#5411C7', 'awb_original_number': '#7D1D68', 'invoice_number': '#F17B89', 'dimension': '#A53AA5', 'pre_carriage_by': '#6D5656', 'awb_bill_no': '#DE0235', 'notify_party_name': '#EFF8A2', 'airport_of_destination': '#A97B50', 'final_destination': '#27CC3C', 'net_weight': '#18A1F8', 'signed_by_master': '#A5D21D', 'invoice_date': '#BCA98A', 'lc_date': '#B9A097', 'lc_no': '#DCA878', 'signed_by_carrier': '#560B17', 'at_place': '#1E8AAB', 'awb_bill_issue_date': '#B2F05D', 'signed_by_agent': '#3348E0', 'total_original_no': '#F6D65C', 'flight_details': '#B888ED', 'carrier_address': '#F4B1BF', 'gross_quantity': '#3EFDB8', 'transaction_date': '#3B5FBE', 'consignee_address': '#EEEF2C', 'O': '#A8DE41', 'shipper_address': '#92EA36', 'page_no': '#748CBD', 'goods_description': '#61D1EB', 'freight_collect_or_prepaid': '#F4DB0E', 'agent_address': '#C427AE', 'stamp': '#ED4060', 'consignee_name': '#F1505B', 'country_of_origin': '#E1D1F4', 'airport_of_departure': '#E142E1', 'carrier_name': '#FE0A8A', 'place_of_receipt': '#0C3C05', 'agent_name': '#3214C2', 'master_name': '#9D45DE', 'stamped_onboard_date': '#7FB3E1', 'shipment_date': '#262415', 'declared_value_of_custom': '#C34158', 'declared_value_of_carriage': '#3841B4', 'amount_insurance': '#0C74BF', 'carriage_condition': '#0EE390'}
2024-03-26 15:13:32,135 is result_set is instance of dict? True
2024-03-26 15:13:32,137 is final_result_set is instance of dict? True
2024-03-26 15:13:32,273 Time taken for page 1 of Bill_Of_Landing_357_page_1.png:0:00:02.314216
2024-03-26 15:13:32,403 *****Generated All Pages****** for Bill_Of_Landing_357_page_1.png
2024-03-26 15:13:32,403 RAM memory 83.6 used for Bill_Of_Landing_357_page_1.png Generating All Pages:
2024-03-26 15:13:32,403 Processing time taken for all pages of Bill_Of_Landing_357_page_1.png1:0:00:02.482232
2024-03-26 15:13:32,513 file name is:Bill_Of_Landing_334_page_0.png
2024-03-26 15:13:32,513 folder path :Images
2024-03-26 15:13:32,514 Calling Image result
2024-03-26 15:13:32,514 is all_page_result is instance of dict? True
2024-03-26 15:13:32,514 STREAM b'IHDR' 16 13
2024-03-26 15:13:32,514 STREAM b'IDAT' 41 65536
2024-03-26 15:13:32,543 is words is instance of list? True
2024-03-26 15:13:32,543 is bboxes is instance of list? True
2024-03-26 15:13:32,543 is bounding_boxes is instance of list? True
2024-03-26 15:13:32,743 is input_id_chunks is instance of list? True
2024-03-26 15:13:32,743 is mask_chunks is instance of list? True
2024-03-26 15:13:32,743 is bbox_chunks is instance of list? True
2024-03-26 15:13:32,743 is image_chunks is instance of list? True
2024-03-26 15:13:32,743 is input_dict is instance of dict? True
2024-03-26 15:13:34,504 Model Called
2024-03-26 15:13:34,504 RAM memory 83.7 used for Bill_Of_Landing_334_page_0.png:
2024-03-26 15:13:34,504 is all_predictions is instance of list? True
2024-03-26 15:13:34,505 is all_boxes is instance of list? True
2024-03-26 15:13:34,505 is all_confidences is instance of list? True
2024-03-26 15:13:34,505 is all_text is instance of list? True
2024-03-26 15:13:34,505 is label2id is instance of dict? True
2024-03-26 15:13:34,505 is id2label is instance of dict? True
2024-03-26 15:13:34,506 is label2color is instance of dict? True
2024-03-26 15:13:34,506 label2color : {'signature': '#F54CB0', 'gross_weight': '#9F0BD8', 'freight_collected_at': '#4D20AC', 'shipper_name': '#B17130', 'notify_party_address': '#115DF2', 'awb_original_or_copy': '#173368', 'mode_of_transport': '#937B91', 'flight_date': '#002143', 'measurement': '#DAC704', 'good_marks': '#E7FCA2', 'awb_original_number': '#2CE377', 'invoice_number': '#8EED5C', 'dimension': '#04EF82', 'pre_carriage_by': '#23F416', 'awb_bill_no': '#B661B8', 'notify_party_name': '#980311', 'airport_of_destination': '#90ACF1', 'final_destination': '#4AB704', 'net_weight': '#160C21', 'signed_by_master': '#F25202', 'invoice_date': '#DD184C', 'lc_date': '#6081FC', 'lc_no': '#6C0C88', 'signed_by_carrier': '#592206', 'at_place': '#EB0342', 'awb_bill_issue_date': '#924A3B', 'signed_by_agent': '#6F6493', 'total_original_no': '#6456C8', 'flight_details': '#675F0E', 'carrier_address': '#DDEB86', 'gross_quantity': '#BA2784', 'transaction_date': '#A42A7C', 'consignee_address': '#48022B', 'O': '#0AF7CB', 'shipper_address': '#D670D6', 'page_no': '#B65A4C', 'goods_description': '#7A54F6', 'freight_collect_or_prepaid': '#4AB428', 'agent_address': '#092637', 'stamp': '#82AB73', 'consignee_name': '#9E7B3F', 'country_of_origin': '#81F652', 'airport_of_departure': '#262D35', 'carrier_name': '#6E3400', 'place_of_receipt': '#B18857', 'agent_name': '#86D57D', 'master_name': '#84E36F', 'stamped_onboard_date': '#38BF48', 'shipment_date': '#3BEDA0', 'declared_value_of_custom': '#79F31D', 'declared_value_of_carriage': '#CAF609', 'amount_insurance': '#843CFB', 'carriage_condition': '#4C4F74'}
2024-03-26 15:13:34,712 is result_set is instance of dict? True
2024-03-26 15:13:34,714 is final_result_set is instance of dict? True
2024-03-26 15:13:34,915 Time taken for page 1 of Bill_Of_Landing_334_page_0.png:0:00:02.400894
2024-03-26 15:13:35,057 *****Generated All Pages****** for Bill_Of_Landing_334_page_0.png
2024-03-26 15:13:35,057 RAM memory 83.7 used for Bill_Of_Landing_334_page_0.png Generating All Pages:
2024-03-26 15:13:35,057 Processing time taken for all pages of Bill_Of_Landing_334_page_0.png1:0:00:02.543717
2024-03-26 15:13:35,166 file name is:Bill_Of_Landing_562_page_48.png
2024-03-26 15:13:35,166 folder path :Images
2024-03-26 15:13:35,166 Calling Image result
2024-03-26 15:13:35,166 is all_page_result is instance of dict? True
2024-03-26 15:13:35,177 STREAM b'IHDR' 16 13
2024-03-26 15:13:35,177 STREAM b'IDAT' 41 65536
2024-03-26 15:13:35,203 is words is instance of list? True
2024-03-26 15:13:35,203 is bboxes is instance of list? True
2024-03-26 15:13:35,203 is bounding_boxes is instance of list? True
2024-03-26 15:13:35,402 is input_id_chunks is instance of list? True
2024-03-26 15:13:35,402 is mask_chunks is instance of list? True
2024-03-26 15:13:35,402 is bbox_chunks is instance of list? True
2024-03-26 15:13:35,402 is image_chunks is instance of list? True
2024-03-26 15:13:35,402 is input_dict is instance of dict? True
2024-03-26 15:13:37,186 Model Called
2024-03-26 15:13:37,186 RAM memory 83.6 used for Bill_Of_Landing_562_page_48.png:
2024-03-26 15:13:37,186 is all_predictions is instance of list? True
2024-03-26 15:13:37,186 is all_boxes is instance of list? True
2024-03-26 15:13:37,186 is all_confidences is instance of list? True
2024-03-26 15:13:37,186 is all_text is instance of list? True
2024-03-26 15:13:37,186 is label2id is instance of dict? True
2024-03-26 15:13:37,186 is id2label is instance of dict? True
2024-03-26 15:13:37,187 is label2color is instance of dict? True
2024-03-26 15:13:37,187 label2color : {'signature': '#3EA39B', 'gross_weight': '#BEACC8', 'freight_collected_at': '#4A13C5', 'shipper_name': '#281745', 'notify_party_address': '#A5F2E7', 'awb_original_or_copy': '#02FED2', 'mode_of_transport': '#E121B0', 'flight_date': '#56841E', 'measurement': '#60A8E1', 'good_marks': '#EAFD2C', 'awb_original_number': '#78B58A', 'invoice_number': '#C41F46', 'dimension': '#993A78', 'pre_carriage_by': '#32AB25', 'awb_bill_no': '#4AB6F6', 'notify_party_name': '#60136D', 'airport_of_destination': '#9B6222', 'final_destination': '#B9010B', 'net_weight': '#7E18B5', 'signed_by_master': '#4F8D0D', 'invoice_date': '#7627BF', 'lc_date': '#9C1300', 'lc_no': '#77695F', 'signed_by_carrier': '#3EC971', 'at_place': '#68D043', 'awb_bill_issue_date': '#32094E', 'signed_by_agent': '#CC1E87', 'total_original_no': '#FCF5D5', 'flight_details': '#463E24', 'carrier_address': '#C65D61', 'gross_quantity': '#5CA79C', 'transaction_date': '#32F885', 'consignee_address': '#1DD52E', 'O': '#AB0691', 'shipper_address': '#99D0C6', 'page_no': '#F9DE3F', 'goods_description': '#2BFDAF', 'freight_collect_or_prepaid': '#F4698A', 'agent_address': '#75B056', 'stamp': '#155EB6', 'consignee_name': '#0AE249', 'country_of_origin': '#215405', 'airport_of_departure': '#FC582B', 'carrier_name': '#3792F2', 'place_of_receipt': '#45D1A5', 'agent_name': '#8B7F3A', 'master_name': '#0786B8', 'stamped_onboard_date': '#7F9F82', 'shipment_date': '#F975A8', 'declared_value_of_custom': '#7D1948', 'declared_value_of_carriage': '#8FEC8E', 'amount_insurance': '#0CAE40', 'carriage_condition': '#0E8B6D'}
2024-03-26 15:13:37,369 is result_set is instance of dict? True
2024-03-26 15:13:37,370 is final_result_set is instance of dict? True
2024-03-26 15:13:37,515 Time taken for page 1 of Bill_Of_Landing_562_page_48.png:0:00:02.338306
2024-03-26 15:13:37,636 *****Generated All Pages****** for Bill_Of_Landing_562_page_48.png
2024-03-26 15:13:37,636 RAM memory 83.6 used for Bill_Of_Landing_562_page_48.png Generating All Pages:
2024-03-26 15:13:37,636 Processing time taken for all pages of Bill_Of_Landing_562_page_48.png1:0:00:02.469841
