2024-03-18 01:17:43,907 checkpoint 1 => setting basis cofiguration for logging purposes
2024-03-18 01:17:43,909 start time: 2024-03-18 01:17:43.909468
2024-03-18 01:17:48,514 Falling back to TensorFlow client; we recommended you install the Cloud TPU client directly with pip install cloud-tpu-client.
2024-03-18 01:17:48,726 Creating converter from 7 to 5
2024-03-18 01:17:48,726 Creating converter from 5 to 7
2024-03-18 01:17:48,726 Creating converter from 7 to 5
2024-03-18 01:17:48,726 Creating converter from 5 to 7
2024-03-18 01:17:49,388 Starting new HTTPS connection (1): huggingface.co:443
2024-03-18 01:17:50,124 https://huggingface.co:443 "HEAD /microsoft/layoutlmv2-base-uncased/resolve/main/preprocessor_config.json HTTP/1.1" 200 0
2024-03-18 01:17:51,184 https://huggingface.co:443 "HEAD /microsoft/layoutlmv2-base-uncased/resolve/main/tokenizer_config.json HTTP/1.1" 404 0
2024-03-18 01:17:51,901 https://huggingface.co:443 "HEAD /microsoft/layoutlmv2-base-uncased/resolve/main/vocab.txt HTTP/1.1" 200 0
2024-03-18 01:17:51,957 RAM memory for Model loading used: 51.7
2024-03-18 01:17:51,957 cpu_utilization % for Model Loading:16.7
2024-03-18 01:17:51,957 memory_consumption in bytes for Loading Model:1153232896
2024-03-18 01:17:51,957 Loaded Model successfully
2024-03-18 01:17:51,958 file name is:Insurance_Certificate_874_page_3.png
2024-03-18 01:17:51,958 folder path :Images
2024-03-18 01:17:51,958 Calling Image result
2024-03-18 01:17:51,958 is all_page_result is instance of dict? True
2024-03-18 01:17:51,965 STREAM b'IHDR' 16 13
2024-03-18 01:17:51,965 STREAM b'IDAT' 41 37669
2024-03-18 01:17:52,004 *****Generated All Pages****** for Insurance_Certificate_874_page_3.png
2024-03-18 01:17:52,004 RAM memory 52.0 used for Insurance_Certificate_874_page_3.png Generating All Pages:
2024-03-18 01:17:52,004 Processing time taken for all pages of Insurance_Certificate_874_page_3.png1:0:00:00.046464
2024-03-18 01:17:52,137 file name is:Insurance_Certificate_908_page_2.png
2024-03-18 01:17:52,137 folder path :Images
2024-03-18 01:17:52,137 Calling Image result
2024-03-18 01:17:52,137 is all_page_result is instance of dict? True
2024-03-18 01:17:52,148 STREAM b'IHDR' 16 13
2024-03-18 01:17:52,148 STREAM b'IDAT' 41 65536
2024-03-18 01:17:52,183 *****Generated All Pages****** for Insurance_Certificate_908_page_2.png
2024-03-18 01:17:52,183 RAM memory 52.0 used for Insurance_Certificate_908_page_2.png Generating All Pages:
2024-03-18 01:17:52,183 Processing time taken for all pages of Insurance_Certificate_908_page_2.png1:0:00:00.046293
2024-03-18 01:17:52,315 file name is:Insurance_Certificate_13_page_1.png
2024-03-18 01:17:52,315 folder path :Images
2024-03-18 01:17:52,315 Calling Image result
2024-03-18 01:17:52,315 is all_page_result is instance of dict? True
2024-03-18 01:17:52,326 STREAM b'IHDR' 16 13
2024-03-18 01:17:52,326 STREAM b'IDAT' 41 65536
2024-03-18 01:17:52,365 *****Generated All Pages****** for Insurance_Certificate_13_page_1.png
2024-03-18 01:17:52,365 RAM memory 52.0 used for Insurance_Certificate_13_page_1.png Generating All Pages:
2024-03-18 01:17:52,365 Processing time taken for all pages of Insurance_Certificate_13_page_1.png1:0:00:00.049846
2024-03-18 01:17:52,498 file name is:Insurance_Certificate_39_page_1.png
2024-03-18 01:17:52,498 folder path :Images
2024-03-18 01:17:52,498 Calling Image result
2024-03-18 01:17:52,498 is all_page_result is instance of dict? True
2024-03-18 01:17:52,509 STREAM b'IHDR' 16 13
2024-03-18 01:17:52,509 STREAM b'IDAT' 41 57466
2024-03-18 01:17:52,548 *****Generated All Pages****** for Insurance_Certificate_39_page_1.png
2024-03-18 01:17:52,549 RAM memory 52.0 used for Insurance_Certificate_39_page_1.png Generating All Pages:
2024-03-18 01:17:52,549 Processing time taken for all pages of Insurance_Certificate_39_page_1.png1:0:00:00.050734
2024-03-18 01:17:52,680 file name is:Insurance_Certificate_0_page_0.png
2024-03-18 01:17:52,680 folder path :Images
2024-03-18 01:17:52,680 Calling Image result
2024-03-18 01:17:52,680 is all_page_result is instance of dict? True
2024-03-18 01:17:52,691 STREAM b'IHDR' 16 13
2024-03-18 01:17:52,691 STREAM b'IDAT' 41 58422
2024-03-18 01:17:52,731 *****Generated All Pages****** for Insurance_Certificate_0_page_0.png
2024-03-18 01:17:52,732 RAM memory 52.0 used for Insurance_Certificate_0_page_0.png Generating All Pages:
2024-03-18 01:17:52,732 Processing time taken for all pages of Insurance_Certificate_0_page_0.png1:0:00:00.051829
2024-03-18 01:17:52,865 file name is:Insurance_Certificate_977_page_0.png
2024-03-18 01:17:52,865 folder path :Images
2024-03-18 01:17:52,865 Calling Image result
2024-03-18 01:17:52,865 is all_page_result is instance of dict? True
2024-03-18 01:17:52,876 STREAM b'IHDR' 16 13
2024-03-18 01:17:52,876 STREAM b'IDAT' 41 65536
2024-03-18 01:17:52,917 *****Generated All Pages****** for Insurance_Certificate_977_page_0.png
2024-03-18 01:17:52,917 RAM memory 51.9 used for Insurance_Certificate_977_page_0.png Generating All Pages:
2024-03-18 01:17:52,917 Processing time taken for all pages of Insurance_Certificate_977_page_0.png1:0:00:00.051974
2024-03-18 01:17:53,063 file name is:Insurance_Certificate_828_page_0.png
2024-03-18 01:17:53,063 folder path :Images
2024-03-18 01:17:53,063 Calling Image result
2024-03-18 01:17:53,063 is all_page_result is instance of dict? True
2024-03-18 01:17:53,074 STREAM b'IHDR' 16 13
2024-03-18 01:17:53,074 STREAM b'IDAT' 41 64031
2024-03-18 01:17:53,112 *****Generated All Pages****** for Insurance_Certificate_828_page_0.png
2024-03-18 01:17:53,112 RAM memory 51.9 used for Insurance_Certificate_828_page_0.png Generating All Pages:
2024-03-18 01:17:53,112 Processing time taken for all pages of Insurance_Certificate_828_page_0.png1:0:00:00.048786
2024-03-18 01:17:53,258 file name is:Insurance_Certificate_982_page_0.png
2024-03-18 01:17:53,258 folder path :Images
2024-03-18 01:17:53,258 Calling Image result
2024-03-18 01:17:53,258 is all_page_result is instance of dict? True
2024-03-18 01:17:53,269 STREAM b'IHDR' 16 13
2024-03-18 01:17:53,269 STREAM b'IDAT' 41 47548
2024-03-18 01:17:53,308 *****Generated All Pages****** for Insurance_Certificate_982_page_0.png
2024-03-18 01:17:53,309 RAM memory 51.9 used for Insurance_Certificate_982_page_0.png Generating All Pages:
2024-03-18 01:17:53,309 Processing time taken for all pages of Insurance_Certificate_982_page_0.png1:0:00:00.050195
2024-03-18 01:17:53,445 file name is:Insurance_Certificate_948_page_1.png
2024-03-18 01:17:53,445 folder path :Images
2024-03-18 01:17:53,445 Calling Image result
2024-03-18 01:17:53,445 is all_page_result is instance of dict? True
2024-03-18 01:17:53,456 STREAM b'IHDR' 16 13
2024-03-18 01:17:53,456 STREAM b'IDAT' 41 65536
2024-03-18 01:17:53,501 *****Generated All Pages****** for Insurance_Certificate_948_page_1.png
2024-03-18 01:17:53,501 RAM memory 51.9 used for Insurance_Certificate_948_page_1.png Generating All Pages:
2024-03-18 01:17:53,501 Processing time taken for all pages of Insurance_Certificate_948_page_1.png1:0:00:00.055720
2024-03-18 01:17:53,632 file name is:Insurance_Certificate_882_page_0.png
2024-03-18 01:17:53,632 folder path :Images
2024-03-18 01:17:53,632 Calling Image result
2024-03-18 01:17:53,632 is all_page_result is instance of dict? True
2024-03-18 01:17:53,642 STREAM b'IHDR' 16 13
2024-03-18 01:17:53,642 STREAM b'IDAT' 41 47632
2024-03-18 01:17:53,682 *****Generated All Pages****** for Insurance_Certificate_882_page_0.png
2024-03-18 01:17:53,683 RAM memory 51.9 used for Insurance_Certificate_882_page_0.png Generating All Pages:
2024-03-18 01:17:53,683 Processing time taken for all pages of Insurance_Certificate_882_page_0.png1:0:00:00.050950
2024-03-18 01:17:53,850 file name is:Insurance_Certificate_847_page_0.png
2024-03-18 01:17:53,850 folder path :Images
2024-03-18 01:17:53,850 Calling Image result
2024-03-18 01:17:53,850 is all_page_result is instance of dict? True
2024-03-18 01:17:53,860 STREAM b'IHDR' 16 13
2024-03-18 01:17:53,861 STREAM b'IDAT' 41 65536
2024-03-18 01:17:53,899 *****Generated All Pages****** for Insurance_Certificate_847_page_0.png
2024-03-18 01:17:53,900 RAM memory 51.9 used for Insurance_Certificate_847_page_0.png Generating All Pages:
2024-03-18 01:17:53,900 Processing time taken for all pages of Insurance_Certificate_847_page_0.png1:0:00:00.049911
2024-03-18 01:17:54,046 file name is:Insurance_Certificate_14_page_2.png
2024-03-18 01:17:54,046 folder path :Images
2024-03-18 01:17:54,046 Calling Image result
2024-03-18 01:17:54,046 is all_page_result is instance of dict? True
2024-03-18 01:17:54,057 STREAM b'IHDR' 16 13
2024-03-18 01:17:54,057 STREAM b'IDAT' 41 65155
2024-03-18 01:17:54,096 *****Generated All Pages****** for Insurance_Certificate_14_page_2.png
2024-03-18 01:17:54,097 RAM memory 51.9 used for Insurance_Certificate_14_page_2.png Generating All Pages:
2024-03-18 01:17:54,097 Processing time taken for all pages of Insurance_Certificate_14_page_2.png1:0:00:00.050803
2024-03-18 01:17:54,237 file name is:Insurance_Certificate_915_page_0.png
2024-03-18 01:17:54,237 folder path :Images
2024-03-18 01:17:54,237 Calling Image result
2024-03-18 01:17:54,237 is all_page_result is instance of dict? True
2024-03-18 01:17:54,248 STREAM b'IHDR' 16 13
2024-03-18 01:17:54,248 STREAM b'IDAT' 41 64861
2024-03-18 01:17:54,286 *****Generated All Pages****** for Insurance_Certificate_915_page_0.png
2024-03-18 01:17:54,286 RAM memory 52.0 used for Insurance_Certificate_915_page_0.png Generating All Pages:
2024-03-18 01:17:54,286 Processing time taken for all pages of Insurance_Certificate_915_page_0.png1:0:00:00.049169
2024-03-18 01:17:54,453 file name is:Insurance_Certificate_903_page_4.png
2024-03-18 01:17:54,453 folder path :Images
2024-03-18 01:17:54,453 Calling Image result
2024-03-18 01:17:54,453 is all_page_result is instance of dict? True
2024-03-18 01:17:54,454 STREAM b'IHDR' 16 13
2024-03-18 01:17:54,454 STREAM b'IDAT' 41 46935
2024-03-18 01:17:54,478 *****Generated All Pages****** for Insurance_Certificate_903_page_4.png
2024-03-18 01:17:54,479 RAM memory 52.0 used for Insurance_Certificate_903_page_4.png Generating All Pages:
2024-03-18 01:17:54,479 Processing time taken for all pages of Insurance_Certificate_903_page_4.png1:0:00:00.025338
2024-03-18 01:17:54,647 file name is:Insurance_Certificate_15_page_0.png
2024-03-18 01:17:54,648 folder path :Images
2024-03-18 01:17:54,648 Calling Image result
2024-03-18 01:17:54,648 is all_page_result is instance of dict? True
2024-03-18 01:17:54,648 STREAM b'IHDR' 16 13
2024-03-18 01:17:54,648 STREAM b'IDAT' 41 65536
2024-03-18 01:17:55,023 *****Generated All Pages****** for Insurance_Certificate_15_page_0.png
2024-03-18 01:17:55,024 RAM memory 55.7 used for Insurance_Certificate_15_page_0.png Generating All Pages:
2024-03-18 01:17:55,024 Processing time taken for all pages of Insurance_Certificate_15_page_0.png1:0:00:00.375971
2024-03-18 01:17:55,172 file name is:Insurance_Certificate_951_page_0.png
2024-03-18 01:17:55,172 folder path :Images
2024-03-18 01:17:55,172 Calling Image result
2024-03-18 01:17:55,172 is all_page_result is instance of dict? True
2024-03-18 01:17:55,182 STREAM b'IHDR' 16 13
2024-03-18 01:17:55,182 STREAM b'IDAT' 41 65536
2024-03-18 01:17:55,231 *****Generated All Pages****** for Insurance_Certificate_951_page_0.png
2024-03-18 01:17:55,231 RAM memory 52.3 used for Insurance_Certificate_951_page_0.png Generating All Pages:
2024-03-18 01:17:55,231 Processing time taken for all pages of Insurance_Certificate_951_page_0.png1:0:00:00.059555
2024-03-18 01:17:55,359 file name is:Insurance_Certificate_926_page_2.png
2024-03-18 01:17:55,359 folder path :Images
2024-03-18 01:17:55,359 Calling Image result
2024-03-18 01:17:55,359 is all_page_result is instance of dict? True
2024-03-18 01:17:55,370 STREAM b'IHDR' 16 13
2024-03-18 01:17:55,370 STREAM b'IDAT' 41 65536
2024-03-18 01:17:55,408 *****Generated All Pages****** for Insurance_Certificate_926_page_2.png
2024-03-18 01:17:55,408 RAM memory 52.3 used for Insurance_Certificate_926_page_2.png Generating All Pages:
2024-03-18 01:17:55,408 Processing time taken for all pages of Insurance_Certificate_926_page_2.png1:0:00:00.049232
2024-03-18 01:17:55,538 file name is:Insurance_Certificate_830_page_0.png
2024-03-18 01:17:55,538 folder path :Images
2024-03-18 01:17:55,538 Calling Image result
2024-03-18 01:17:55,538 is all_page_result is instance of dict? True
2024-03-18 01:17:55,549 STREAM b'IHDR' 16 13
2024-03-18 01:17:55,549 STREAM b'IDAT' 41 65536
2024-03-18 01:17:55,587 *****Generated All Pages****** for Insurance_Certificate_830_page_0.png
2024-03-18 01:17:55,588 RAM memory 52.2 used for Insurance_Certificate_830_page_0.png Generating All Pages:
2024-03-18 01:17:55,588 Processing time taken for all pages of Insurance_Certificate_830_page_0.png1:0:00:00.049691
2024-03-18 01:17:55,718 file name is:Insurance_Certificate_5_page_0.png
2024-03-18 01:17:55,719 folder path :Images
2024-03-18 01:17:55,719 Calling Image result
2024-03-18 01:17:55,719 is all_page_result is instance of dict? True
2024-03-18 01:17:55,729 STREAM b'IHDR' 16 13
2024-03-18 01:17:55,730 STREAM b'IDAT' 41 50749
2024-03-18 01:17:55,766 *****Generated All Pages****** for Insurance_Certificate_5_page_0.png
2024-03-18 01:17:55,767 RAM memory 52.2 used for Insurance_Certificate_5_page_0.png Generating All Pages:
2024-03-18 01:17:55,767 Processing time taken for all pages of Insurance_Certificate_5_page_0.png1:0:00:00.048113
2024-03-18 01:17:55,902 file name is:Insurance_Certificate_39_page_2.png
2024-03-18 01:17:55,903 folder path :Images
2024-03-18 01:17:55,903 Calling Image result
2024-03-18 01:17:55,903 is all_page_result is instance of dict? True
2024-03-18 01:17:55,903 STREAM b'IHDR' 16 13
2024-03-18 01:17:55,904 STREAM b'IDAT' 41 56663
2024-03-18 01:17:55,940 *****Generated All Pages****** for Insurance_Certificate_39_page_2.png
2024-03-18 01:17:55,940 RAM memory 52.1 used for Insurance_Certificate_39_page_2.png Generating All Pages:
2024-03-18 01:17:55,940 Processing time taken for all pages of Insurance_Certificate_39_page_2.png1:0:00:00.037723
2024-03-18 01:17:56,077 file name is:Insurance_Certificate_953_page_1.png
2024-03-18 01:17:56,077 folder path :Images
2024-03-18 01:17:56,077 Calling Image result
2024-03-18 01:17:56,077 is all_page_result is instance of dict? True
2024-03-18 01:17:56,087 STREAM b'IHDR' 16 13
2024-03-18 01:17:56,087 STREAM b'IDAT' 41 47685
2024-03-18 01:17:56,127 *****Generated All Pages****** for Insurance_Certificate_953_page_1.png
2024-03-18 01:17:56,127 RAM memory 52.1 used for Insurance_Certificate_953_page_1.png Generating All Pages:
2024-03-18 01:17:56,127 Processing time taken for all pages of Insurance_Certificate_953_page_1.png1:0:00:00.050335
2024-03-18 01:17:56,256 file name is:Insurance_Certificate_952_page_0.png
2024-03-18 01:17:56,256 folder path :Images
2024-03-18 01:17:56,256 Calling Image result
2024-03-18 01:17:56,256 is all_page_result is instance of dict? True
2024-03-18 01:17:56,266 STREAM b'IHDR' 16 13
2024-03-18 01:17:56,267 STREAM b'IDAT' 41 59395
2024-03-18 01:17:56,304 *****Generated All Pages****** for Insurance_Certificate_952_page_0.png
2024-03-18 01:17:56,304 RAM memory 52.1 used for Insurance_Certificate_952_page_0.png Generating All Pages:
2024-03-18 01:17:56,304 Processing time taken for all pages of Insurance_Certificate_952_page_0.png1:0:00:00.048412
2024-03-18 01:17:56,438 file name is:Insurance_Certificate_966_page_0.png
2024-03-18 01:17:56,438 folder path :Images
2024-03-18 01:17:56,438 Calling Image result
2024-03-18 01:17:56,438 is all_page_result is instance of dict? True
2024-03-18 01:17:56,449 STREAM b'IHDR' 16 13
2024-03-18 01:17:56,449 STREAM b'IDAT' 41 60147
2024-03-18 01:17:56,486 *****Generated All Pages****** for Insurance_Certificate_966_page_0.png
2024-03-18 01:17:56,487 RAM memory 52.1 used for Insurance_Certificate_966_page_0.png Generating All Pages:
2024-03-18 01:17:56,487 Processing time taken for all pages of Insurance_Certificate_966_page_0.png1:0:00:00.048279
2024-03-18 01:17:56,621 file name is:Insurance_Certificate_908_page_0.png
2024-03-18 01:17:56,621 folder path :Images
2024-03-18 01:17:56,621 Calling Image result
2024-03-18 01:17:56,621 is all_page_result is instance of dict? True
2024-03-18 01:17:56,631 STREAM b'IHDR' 16 13
2024-03-18 01:17:56,632 STREAM b'IDAT' 41 65536
2024-03-18 01:17:56,668 *****Generated All Pages****** for Insurance_Certificate_908_page_0.png
2024-03-18 01:17:56,668 RAM memory 52.1 used for Insurance_Certificate_908_page_0.png Generating All Pages:
2024-03-18 01:17:56,668 Processing time taken for all pages of Insurance_Certificate_908_page_0.png1:0:00:00.047629
2024-03-18 01:17:56,808 file name is:Insurance_Certificate_850_page_0.png
2024-03-18 01:17:56,808 folder path :Images
2024-03-18 01:17:56,808 Calling Image result
2024-03-18 01:17:56,808 is all_page_result is instance of dict? True
2024-03-18 01:17:56,819 STREAM b'IHDR' 16 13
2024-03-18 01:17:56,819 STREAM b'IDAT' 41 46957
2024-03-18 01:17:56,854 *****Generated All Pages****** for Insurance_Certificate_850_page_0.png
2024-03-18 01:17:56,855 RAM memory 52.1 used for Insurance_Certificate_850_page_0.png Generating All Pages:
2024-03-18 01:17:56,855 Processing time taken for all pages of Insurance_Certificate_850_page_0.png1:0:00:00.046820
2024-03-18 01:17:56,986 file name is:Insurance_Certificate_903_page_0.png
2024-03-18 01:17:56,986 folder path :Images
2024-03-18 01:17:56,986 Calling Image result
2024-03-18 01:17:56,986 is all_page_result is instance of dict? True
2024-03-18 01:17:56,997 STREAM b'IHDR' 16 13
2024-03-18 01:17:56,997 STREAM b'IDAT' 41 49227
2024-03-18 01:17:57,022 *****Generated All Pages****** for Insurance_Certificate_903_page_0.png
2024-03-18 01:17:57,023 RAM memory 51.9 used for Insurance_Certificate_903_page_0.png Generating All Pages:
2024-03-18 01:17:57,023 Processing time taken for all pages of Insurance_Certificate_903_page_0.png1:0:00:00.036607
2024-03-18 01:17:57,151 file name is:Insurance_Certificate_34_page_1.png
2024-03-18 01:17:57,152 folder path :Images
2024-03-18 01:17:57,152 Calling Image result
2024-03-18 01:17:57,152 is all_page_result is instance of dict? True
2024-03-18 01:17:57,152 STREAM b'IHDR' 16 13
2024-03-18 01:17:57,152 STREAM b'IDAT' 41 45321
2024-03-18 01:17:57,187 *****Generated All Pages****** for Insurance_Certificate_34_page_1.png
2024-03-18 01:17:57,187 RAM memory 52.0 used for Insurance_Certificate_34_page_1.png Generating All Pages:
2024-03-18 01:17:57,187 Processing time taken for all pages of Insurance_Certificate_34_page_1.png1:0:00:00.035550
2024-03-18 01:17:57,319 file name is:Insurance_Certificate_842_page_0.png
2024-03-18 01:17:57,319 folder path :Images
2024-03-18 01:17:57,319 Calling Image result
2024-03-18 01:17:57,319 is all_page_result is instance of dict? True
2024-03-18 01:17:57,329 STREAM b'IHDR' 16 13
2024-03-18 01:17:57,329 STREAM b'IDAT' 41 44320
2024-03-18 01:17:57,365 *****Generated All Pages****** for Insurance_Certificate_842_page_0.png
2024-03-18 01:17:57,365 RAM memory 52.0 used for Insurance_Certificate_842_page_0.png Generating All Pages:
2024-03-18 01:17:57,366 Processing time taken for all pages of Insurance_Certificate_842_page_0.png1:0:00:00.046659
2024-03-18 01:17:57,497 file name is:Insurance_Certificate_890_page_0.png
2024-03-18 01:17:57,497 folder path :Images
2024-03-18 01:17:57,497 Calling Image result
2024-03-18 01:17:57,497 is all_page_result is instance of dict? True
2024-03-18 01:17:57,507 STREAM b'IHDR' 16 13
2024-03-18 01:17:57,508 STREAM b'IDAT' 41 40445
2024-03-18 01:17:57,545 *****Generated All Pages****** for Insurance_Certificate_890_page_0.png
2024-03-18 01:17:57,545 RAM memory 52.0 used for Insurance_Certificate_890_page_0.png Generating All Pages:
2024-03-18 01:17:57,545 Processing time taken for all pages of Insurance_Certificate_890_page_0.png1:0:00:00.048214
2024-03-18 01:17:57,673 file name is:Insurance_Certificate_30_page_0.png
2024-03-18 01:17:57,673 folder path :Images
2024-03-18 01:17:57,673 Calling Image result
2024-03-18 01:17:57,673 is all_page_result is instance of dict? True
2024-03-18 01:17:57,683 STREAM b'IHDR' 16 13
2024-03-18 01:17:57,684 STREAM b'IDAT' 41 51725
2024-03-18 01:17:57,720 *****Generated All Pages****** for Insurance_Certificate_30_page_0.png
2024-03-18 01:17:57,720 RAM memory 52.0 used for Insurance_Certificate_30_page_0.png Generating All Pages:
2024-03-18 01:17:57,720 Processing time taken for all pages of Insurance_Certificate_30_page_0.png1:0:00:00.047218
2024-03-18 01:17:57,853 file name is:Insurance_Certificate_32_page_1.png
2024-03-18 01:17:57,853 folder path :Images
2024-03-18 01:17:57,853 Calling Image result
2024-03-18 01:17:57,853 is all_page_result is instance of dict? True
2024-03-18 01:17:57,863 STREAM b'IHDR' 16 13
2024-03-18 01:17:57,864 STREAM b'IDAT' 41 65536
2024-03-18 01:17:57,903 *****Generated All Pages****** for Insurance_Certificate_32_page_1.png
2024-03-18 01:17:57,904 RAM memory 52.0 used for Insurance_Certificate_32_page_1.png Generating All Pages:
2024-03-18 01:17:57,904 Processing time taken for all pages of Insurance_Certificate_32_page_1.png1:0:00:00.050780
2024-03-18 01:17:58,038 file name is:Insurance_Certificate_18_page_0.png
2024-03-18 01:17:58,038 folder path :Images
2024-03-18 01:17:58,038 Calling Image result
2024-03-18 01:17:58,038 is all_page_result is instance of dict? True
2024-03-18 01:17:58,038 STREAM b'IHDR' 16 13
2024-03-18 01:17:58,038 STREAM b'IDAT' 41 53245
2024-03-18 01:17:58,072 *****Generated All Pages****** for Insurance_Certificate_18_page_0.png
2024-03-18 01:17:58,072 RAM memory 52.0 used for Insurance_Certificate_18_page_0.png Generating All Pages:
2024-03-18 01:17:58,072 Processing time taken for all pages of Insurance_Certificate_18_page_0.png1:0:00:00.034266
2024-03-18 01:17:58,202 file name is:Insurance_Certificate_896_page_0.png
2024-03-18 01:17:58,202 folder path :Images
2024-03-18 01:17:58,202 Calling Image result
2024-03-18 01:17:58,202 is all_page_result is instance of dict? True
2024-03-18 01:17:58,202 STREAM b'IHDR' 16 13
2024-03-18 01:17:58,202 STREAM b'IDAT' 41 37252
2024-03-18 01:17:58,224 *****Generated All Pages****** for Insurance_Certificate_896_page_0.png
2024-03-18 01:17:58,225 RAM memory 51.8 used for Insurance_Certificate_896_page_0.png Generating All Pages:
2024-03-18 01:17:58,225 Processing time taken for all pages of Insurance_Certificate_896_page_0.png1:0:00:00.022870
2024-03-18 01:17:58,351 file name is:Insurance_Certificate_14_page_0.png
2024-03-18 01:17:58,351 folder path :Images
2024-03-18 01:17:58,351 Calling Image result
2024-03-18 01:17:58,351 is all_page_result is instance of dict? True
2024-03-18 01:17:58,351 STREAM b'IHDR' 16 13
2024-03-18 01:17:58,351 STREAM b'IDAT' 41 64973
2024-03-18 01:17:58,388 *****Generated All Pages****** for Insurance_Certificate_14_page_0.png
2024-03-18 01:17:58,388 RAM memory 51.9 used for Insurance_Certificate_14_page_0.png Generating All Pages:
2024-03-18 01:17:58,389 Processing time taken for all pages of Insurance_Certificate_14_page_0.png1:0:00:00.037599
2024-03-18 01:17:58,512 file name is:Insurance_Certificate_7_page_2.png
2024-03-18 01:17:58,512 folder path :Images
2024-03-18 01:17:58,512 Calling Image result
2024-03-18 01:17:58,512 is all_page_result is instance of dict? True
2024-03-18 01:17:58,512 STREAM b'IHDR' 16 13
2024-03-18 01:17:58,512 STREAM b'IDAT' 41 44663
2024-03-18 01:17:58,542 *****Generated All Pages****** for Insurance_Certificate_7_page_2.png
2024-03-18 01:17:58,542 RAM memory 51.9 used for Insurance_Certificate_7_page_2.png Generating All Pages:
2024-03-18 01:17:58,542 Processing time taken for all pages of Insurance_Certificate_7_page_2.png1:0:00:00.029999
2024-03-18 01:17:58,660 file name is:Insurance_Certificate_898_page_0.png
2024-03-18 01:17:58,660 folder path :Images
2024-03-18 01:17:58,660 Calling Image result
2024-03-18 01:17:58,660 is all_page_result is instance of dict? True
2024-03-18 01:17:58,660 STREAM b'IHDR' 16 13
2024-03-18 01:17:58,660 STREAM b'IDAT' 41 53955
2024-03-18 01:17:58,695 *****Generated All Pages****** for Insurance_Certificate_898_page_0.png
2024-03-18 01:17:58,695 RAM memory 51.7 used for Insurance_Certificate_898_page_0.png Generating All Pages:
2024-03-18 01:17:58,695 Processing time taken for all pages of Insurance_Certificate_898_page_0.png1:0:00:00.035417
2024-03-18 01:17:58,866 file name is:Insurance_Certificate_5_page_3.png
2024-03-18 01:17:58,866 folder path :Images
2024-03-18 01:17:58,866 Calling Image result
2024-03-18 01:17:58,866 is all_page_result is instance of dict? True
2024-03-18 01:17:58,867 STREAM b'IHDR' 16 13
2024-03-18 01:17:58,867 STREAM b'IDAT' 41 59119
2024-03-18 01:17:58,892 *****Generated All Pages****** for Insurance_Certificate_5_page_3.png
2024-03-18 01:17:58,893 RAM memory 51.9 used for Insurance_Certificate_5_page_3.png Generating All Pages:
2024-03-18 01:17:58,893 Processing time taken for all pages of Insurance_Certificate_5_page_3.png1:0:00:00.026173
2024-03-18 01:17:59,012 file name is:Insurance_Certificate_864_page_0.png
2024-03-18 01:17:59,012 folder path :Images
2024-03-18 01:17:59,012 Calling Image result
2024-03-18 01:17:59,012 is all_page_result is instance of dict? True
2024-03-18 01:17:59,012 STREAM b'IHDR' 16 13
2024-03-18 01:17:59,012 STREAM b'IDAT' 41 65536
2024-03-18 01:17:59,043 *****Generated All Pages****** for Insurance_Certificate_864_page_0.png
2024-03-18 01:17:59,043 RAM memory 51.9 used for Insurance_Certificate_864_page_0.png Generating All Pages:
2024-03-18 01:17:59,043 Processing time taken for all pages of Insurance_Certificate_864_page_0.png1:0:00:00.031601
2024-03-18 01:17:59,162 file name is:Insurance_Certificate_934_page_1.png
2024-03-18 01:17:59,162 folder path :Images
2024-03-18 01:17:59,163 Calling Image result
2024-03-18 01:17:59,163 is all_page_result is instance of dict? True
2024-03-18 01:17:59,163 STREAM b'IHDR' 16 13
2024-03-18 01:17:59,163 STREAM b'IDAT' 41 42405
2024-03-18 01:17:59,191 *****Generated All Pages****** for Insurance_Certificate_934_page_1.png
2024-03-18 01:17:59,192 RAM memory 51.9 used for Insurance_Certificate_934_page_1.png Generating All Pages:
2024-03-18 01:17:59,192 Processing time taken for all pages of Insurance_Certificate_934_page_1.png1:0:00:00.029150
2024-03-18 01:17:59,308 file name is:Insurance_Certificate(2013_04_17_15_04_02_7476)_151_page_0.png
2024-03-18 01:17:59,308 folder path :Images
2024-03-18 01:17:59,309 Calling Image result
2024-03-18 01:17:59,309 is all_page_result is instance of dict? True
2024-03-18 01:17:59,309 STREAM b'IHDR' 16 13
2024-03-18 01:17:59,309 STREAM b'IDAT' 41 53717
2024-03-18 01:17:59,336 *****Generated All Pages****** for Insurance_Certificate(2013_04_17_15_04_02_7476)_151_page_0.png
2024-03-18 01:17:59,336 RAM memory 51.9 used for Insurance_Certificate(2013_04_17_15_04_02_7476)_151_page_0.png Generating All Pages:
2024-03-18 01:17:59,336 Processing time taken for all pages of Insurance_Certificate(2013_04_17_15_04_02_7476)_151_page_0.png1:0:00:00.027350
2024-03-18 01:17:59,454 file name is:Insurance_Certificate_932_page_1.png
2024-03-18 01:17:59,454 folder path :Images
2024-03-18 01:17:59,454 Calling Image result
2024-03-18 01:17:59,454 is all_page_result is instance of dict? True
2024-03-18 01:17:59,454 STREAM b'IHDR' 16 13
2024-03-18 01:17:59,454 STREAM b'IDAT' 41 65536
2024-03-18 01:17:59,483 *****Generated All Pages****** for Insurance_Certificate_932_page_1.png
2024-03-18 01:17:59,483 RAM memory 52.0 used for Insurance_Certificate_932_page_1.png Generating All Pages:
2024-03-18 01:17:59,484 Processing time taken for all pages of Insurance_Certificate_932_page_1.png1:0:00:00.029866
2024-03-18 01:17:59,601 file name is:Insurance_Certificate_909_page_3.png
2024-03-18 01:17:59,601 folder path :Images
2024-03-18 01:17:59,601 Calling Image result
2024-03-18 01:17:59,601 is all_page_result is instance of dict? True
2024-03-18 01:17:59,602 STREAM b'IHDR' 16 13
2024-03-18 01:17:59,602 STREAM b'IDAT' 41 60831
2024-03-18 01:17:59,639 *****Generated All Pages****** for Insurance_Certificate_909_page_3.png
2024-03-18 01:17:59,639 RAM memory 51.9 used for Insurance_Certificate_909_page_3.png Generating All Pages:
2024-03-18 01:17:59,639 Processing time taken for all pages of Insurance_Certificate_909_page_3.png1:0:00:00.037660
2024-03-18 01:17:59,766 file name is:Insurance_Certificate_993_page_0.png
2024-03-18 01:17:59,766 folder path :Images
2024-03-18 01:17:59,766 Calling Image result
2024-03-18 01:17:59,766 is all_page_result is instance of dict? True
2024-03-18 01:17:59,766 STREAM b'IHDR' 16 13
2024-03-18 01:17:59,766 STREAM b'IDAT' 41 65536
2024-03-18 01:17:59,794 *****Generated All Pages****** for Insurance_Certificate_993_page_0.png
2024-03-18 01:17:59,794 RAM memory 51.9 used for Insurance_Certificate_993_page_0.png Generating All Pages:
2024-03-18 01:17:59,794 Processing time taken for all pages of Insurance_Certificate_993_page_0.png1:0:00:00.028580
2024-03-18 01:17:59,911 file name is:Insurance_Certificate_942_page_0.png
2024-03-18 01:17:59,912 folder path :Images
2024-03-18 01:17:59,912 Calling Image result
2024-03-18 01:17:59,912 is all_page_result is instance of dict? True
2024-03-18 01:17:59,912 STREAM b'IHDR' 16 13
2024-03-18 01:17:59,912 STREAM b'IDAT' 41 65243
2024-03-18 01:17:59,939 *****Generated All Pages****** for Insurance_Certificate_942_page_0.png
2024-03-18 01:17:59,939 RAM memory 51.9 used for Insurance_Certificate_942_page_0.png Generating All Pages:
2024-03-18 01:17:59,939 Processing time taken for all pages of Insurance_Certificate_942_page_0.png1:0:00:00.027691
2024-03-18 01:18:00,058 file name is:Insurance_Certificate_14_page_3.png
2024-03-18 01:18:00,058 folder path :Images
2024-03-18 01:18:00,058 Calling Image result
2024-03-18 01:18:00,058 is all_page_result is instance of dict? True
2024-03-18 01:18:00,058 STREAM b'IHDR' 16 13
2024-03-18 01:18:00,058 STREAM b'IDAT' 41 63140
2024-03-18 01:18:00,084 *****Generated All Pages****** for Insurance_Certificate_14_page_3.png
2024-03-18 01:18:00,084 RAM memory 51.9 used for Insurance_Certificate_14_page_3.png Generating All Pages:
2024-03-18 01:18:00,084 Processing time taken for all pages of Insurance_Certificate_14_page_3.png1:0:00:00.026617
2024-03-18 01:18:00,202 file name is:Insurance_Certificate_13_page_2.png
2024-03-18 01:18:00,202 folder path :Images
2024-03-18 01:18:00,202 Calling Image result
2024-03-18 01:18:00,202 is all_page_result is instance of dict? True
2024-03-18 01:18:00,202 STREAM b'IHDR' 16 13
2024-03-18 01:18:00,202 STREAM b'IDAT' 41 65536
2024-03-18 01:18:00,229 *****Generated All Pages****** for Insurance_Certificate_13_page_2.png
2024-03-18 01:18:00,230 RAM memory 52.0 used for Insurance_Certificate_13_page_2.png Generating All Pages:
2024-03-18 01:18:00,230 Processing time taken for all pages of Insurance_Certificate_13_page_2.png1:0:00:00.027651
2024-03-18 01:18:00,350 file name is:Insurance_Certificate_989_page_0.png
2024-03-18 01:18:00,350 folder path :Images
2024-03-18 01:18:00,350 Calling Image result
2024-03-18 01:18:00,350 is all_page_result is instance of dict? True
2024-03-18 01:18:00,350 STREAM b'IHDR' 16 13
2024-03-18 01:18:00,350 STREAM b'IDAT' 41 37661
2024-03-18 01:18:00,364 *****Generated All Pages****** for Insurance_Certificate_989_page_0.png
2024-03-18 01:18:00,365 RAM memory 51.9 used for Insurance_Certificate_989_page_0.png Generating All Pages:
2024-03-18 01:18:00,365 Processing time taken for all pages of Insurance_Certificate_989_page_0.png1:0:00:00.014545
2024-03-18 01:18:00,484 file name is:Insurance_Certificate_27_page_0.png
2024-03-18 01:18:00,484 folder path :Images
2024-03-18 01:18:00,484 Calling Image result
2024-03-18 01:18:00,484 is all_page_result is instance of dict? True
2024-03-18 01:18:00,484 STREAM b'IHDR' 16 13
2024-03-18 01:18:00,484 STREAM b'IDAT' 41 65536
2024-03-18 01:18:00,552 *****Generated All Pages****** for Insurance_Certificate_27_page_0.png
2024-03-18 01:18:00,552 RAM memory 52.6 used for Insurance_Certificate_27_page_0.png Generating All Pages:
2024-03-18 01:18:00,552 Processing time taken for all pages of Insurance_Certificate_27_page_0.png1:0:00:00.068021
2024-03-18 01:18:00,671 file name is:Insurance_Certificate_35_page_0.png
2024-03-18 01:18:00,671 folder path :Images
2024-03-18 01:18:00,671 Calling Image result
2024-03-18 01:18:00,671 is all_page_result is instance of dict? True
2024-03-18 01:18:00,671 STREAM b'IHDR' 16 13
2024-03-18 01:18:00,671 STREAM b'IDAT' 41 43656
2024-03-18 01:18:00,700 *****Generated All Pages****** for Insurance_Certificate_35_page_0.png
2024-03-18 01:18:00,700 RAM memory 51.9 used for Insurance_Certificate_35_page_0.png Generating All Pages:
2024-03-18 01:18:00,700 Processing time taken for all pages of Insurance_Certificate_35_page_0.png1:0:00:00.029076
2024-03-18 01:18:00,819 file name is:Insurance_Certificate_943_page_0.png
2024-03-18 01:18:00,819 folder path :Images
2024-03-18 01:18:00,819 Calling Image result
2024-03-18 01:18:00,819 is all_page_result is instance of dict? True
2024-03-18 01:18:00,819 STREAM b'IHDR' 16 13
2024-03-18 01:18:00,819 STREAM b'IDAT' 41 65536
2024-03-18 01:18:00,892 is words is instance of list? True
2024-03-18 01:18:00,892 is bboxes is instance of list? True
2024-03-18 01:18:00,892 is bounding_boxes is instance of list? True
2024-03-18 01:18:01,450 is input_id_chunks is instance of list? True
2024-03-18 01:18:01,450 is mask_chunks is instance of list? True
2024-03-18 01:18:01,450 is bbox_chunks is instance of list? True
2024-03-18 01:18:01,450 is image_chunks is instance of list? True
2024-03-18 01:18:01,451 is input_dict is instance of dict? True
2024-03-18 01:18:03,454 Model Called
2024-03-18 01:18:03,455 RAM memory 65.3 used for Insurance_Certificate_943_page_0.png:
2024-03-18 01:18:03,455 is all_predictions is instance of list? True
2024-03-18 01:18:03,455 is all_boxes is instance of list? True
2024-03-18 01:18:03,455 is all_confidences is instance of list? True
2024-03-18 01:18:03,455 is all_text is instance of list? True
2024-03-18 01:18:03,455 is label2id is instance of dict? True
2024-03-18 01:18:03,455 is id2label is instance of dict? True
2024-03-18 01:18:03,455 is label2color is instance of dict? True
2024-03-18 01:18:03,456 label2color : {'conditions_of_coverage': '#7B91FF', 'sum_insured_amount': '#405506', 'lc_ref_no': '#0C20A7', 'subject_matter_insured': '#F6D8DA', 'original_Number': '#07C7F7', 'policy_no': '#87FD90', 'insurance_issuer_name_bottom': '#ED8039', 'premium_amount': '#C4F34C', 'sail_on_or_about_to_date': '#A35251', 'start_date': '#3DED70', 'insurance_issuer_name': '#486361', 'original_copy': '#03073E', 'place_of_issue': '#5C44C9', 'invoice_no': '#A53508', 'claim_payable_by_address': '#F33FBF', 'signed_by_issuer': '#5049C7', 'signature': '#6589FD', 'address_of_assured': '#A85696', 'signed_by_proxy': '#8E5780', 'claim payable_by_name': '#B5B348', 'sum_insured_currency': '#5C5371', 'invoice_date': '#F7C3A6', 'mode_of_transport': '#4B9912', 'expiry_date': '#904212', 'name_of_assured': '#686C0F', 'end_date': '#B18F54', 'signed_by_underwriter': '#09003B', 'premium_currency': '#0C885B', 'declaration_by': '#4E0015', 'insurance_issuer_address_bottom': '#C4C298', 'lc_date': '#D6AB93', 'agent_address': '#3595B8', 'insurance_issuer_address': '#C200FF', 'certificate_Stamped': '#FEFC4B', 'agent_name': '#FA8053', 'O': '#853A6C', 'issue_date': '#28967C', 'signed_by_agent': '#82F2A3', 'country_of_origin_origin_of_goods': '#9AE052', 'claim_payable_in': '#E654AC', 'certificate_no': '#41ED36', 'vessel_or_flight_name': '#EFD8E9', 'to_place': '#931B10', 'page_no': '#0A37E5', 'from_place': '#E8D854', 'vessel_or_flight_number': '#5CF444'}
2024-03-18 01:18:03,831 is result_set is instance of dict? True
2024-03-18 01:18:03,832 is final_result_set is instance of dict? True
2024-03-18 01:18:03,932 Time taken for page 1 of Insurance_Certificate_943_page_0.png:0:00:03.112182
2024-03-18 01:18:04,151 *****Generated All Pages****** for Insurance_Certificate_943_page_0.png
2024-03-18 01:18:04,151 RAM memory 65.9 used for Insurance_Certificate_943_page_0.png Generating All Pages:
2024-03-18 01:18:04,151 Processing time taken for all pages of Insurance_Certificate_943_page_0.png1:0:00:03.331610
2024-03-18 01:18:04,285 file name is:Insurance_Certificate_852_page_0.png
2024-03-18 01:18:04,285 folder path :Images
2024-03-18 01:18:04,285 Calling Image result
2024-03-18 01:18:04,285 is all_page_result is instance of dict? True
2024-03-18 01:18:04,296 STREAM b'IHDR' 16 13
2024-03-18 01:18:04,296 STREAM b'IDAT' 41 53061
2024-03-18 01:18:04,328 is words is instance of list? True
2024-03-18 01:18:04,328 is bboxes is instance of list? True
2024-03-18 01:18:04,328 is bounding_boxes is instance of list? True
2024-03-18 01:18:04,532 is input_id_chunks is instance of list? True
2024-03-18 01:18:04,532 is mask_chunks is instance of list? True
2024-03-18 01:18:04,532 is bbox_chunks is instance of list? True
2024-03-18 01:18:04,532 is image_chunks is instance of list? True
2024-03-18 01:18:04,532 is input_dict is instance of dict? True
2024-03-18 01:18:06,495 Model Called
2024-03-18 01:18:06,495 RAM memory 63.6 used for Insurance_Certificate_852_page_0.png:
2024-03-18 01:18:06,496 is all_predictions is instance of list? True
2024-03-18 01:18:06,496 is all_boxes is instance of list? True
2024-03-18 01:18:06,496 is all_confidences is instance of list? True
2024-03-18 01:18:06,496 is all_text is instance of list? True
2024-03-18 01:18:06,496 is label2id is instance of dict? True
2024-03-18 01:18:06,496 is id2label is instance of dict? True
2024-03-18 01:18:06,496 is label2color is instance of dict? True
2024-03-18 01:18:06,497 label2color : {'conditions_of_coverage': '#03BE2D', 'sum_insured_amount': '#C5DC58', 'lc_ref_no': '#39FB98', 'subject_matter_insured': '#E8FB43', 'original_Number': '#125A1B', 'policy_no': '#23D576', 'insurance_issuer_name_bottom': '#E7D8BE', 'premium_amount': '#8E6F2A', 'sail_on_or_about_to_date': '#1AFE5F', 'start_date': '#621C06', 'insurance_issuer_name': '#65734E', 'original_copy': '#C464FD', 'place_of_issue': '#32DFB1', 'invoice_no': '#1CB950', 'claim_payable_by_address': '#B85D8E', 'signed_by_issuer': '#807146', 'signature': '#257369', 'address_of_assured': '#A3A03A', 'signed_by_proxy': '#4912B0', 'claim payable_by_name': '#7DE438', 'sum_insured_currency': '#794B18', 'invoice_date': '#D1D449', 'mode_of_transport': '#67F7A3', 'expiry_date': '#608772', 'name_of_assured': '#76D554', 'end_date': '#D4A17A', 'signed_by_underwriter': '#B0B62E', 'premium_currency': '#52E1E6', 'declaration_by': '#363237', 'insurance_issuer_address_bottom': '#558E81', 'lc_date': '#2A93F0', 'agent_address': '#B51F7A', 'insurance_issuer_address': '#1F53CD', 'certificate_Stamped': '#A5BC7E', 'agent_name': '#73C336', 'O': '#736CF3', 'issue_date': '#F379CE', 'signed_by_agent': '#41ACEC', 'country_of_origin_origin_of_goods': '#03C208', 'claim_payable_in': '#9D9344', 'certificate_no': '#B390BF', 'vessel_or_flight_name': '#2B6EF7', 'to_place': '#B54674', 'page_no': '#8B95B8', 'from_place': '#FBC67B', 'vessel_or_flight_number': '#E2A9A9'}
2024-03-18 01:18:06,667 is result_set is instance of dict? True
2024-03-18 01:18:06,668 is final_result_set is instance of dict? True
2024-03-18 01:18:06,742 Time taken for page 1 of Insurance_Certificate_852_page_0.png:0:00:02.445345
2024-03-18 01:18:06,846 *****Generated All Pages****** for Insurance_Certificate_852_page_0.png
2024-03-18 01:18:06,846 RAM memory 63.6 used for Insurance_Certificate_852_page_0.png Generating All Pages:
2024-03-18 01:18:06,846 Processing time taken for all pages of Insurance_Certificate_852_page_0.png1:0:00:02.560672
2024-03-18 01:18:06,982 file name is:Insurance_Certificate_16_page_0.png
2024-03-18 01:18:06,982 folder path :Images
2024-03-18 01:18:06,982 Calling Image result
2024-03-18 01:18:06,982 is all_page_result is instance of dict? True
2024-03-18 01:18:06,992 STREAM b'IHDR' 16 13
2024-03-18 01:18:06,992 STREAM b'IDAT' 41 65536
2024-03-18 01:18:07,024 is words is instance of list? True
2024-03-18 01:18:07,024 is bboxes is instance of list? True
2024-03-18 01:18:07,024 is bounding_boxes is instance of list? True
2024-03-18 01:18:07,229 is input_id_chunks is instance of list? True
2024-03-18 01:18:07,229 is mask_chunks is instance of list? True
2024-03-18 01:18:07,229 is bbox_chunks is instance of list? True
2024-03-18 01:18:07,229 is image_chunks is instance of list? True
2024-03-18 01:18:07,230 is input_dict is instance of dict? True
2024-03-18 01:18:10,028 Model Called
2024-03-18 01:18:10,028 RAM memory 71.1 used for Insurance_Certificate_16_page_0.png:
2024-03-18 01:18:10,028 is all_predictions is instance of list? True
2024-03-18 01:18:10,028 is all_boxes is instance of list? True
2024-03-18 01:18:10,028 is all_confidences is instance of list? True
2024-03-18 01:18:10,028 is all_text is instance of list? True
2024-03-18 01:18:10,028 is label2id is instance of dict? True
2024-03-18 01:18:10,028 is id2label is instance of dict? True
2024-03-18 01:18:10,029 is label2color is instance of dict? True
2024-03-18 01:18:10,029 label2color : {'conditions_of_coverage': '#F31D9C', 'sum_insured_amount': '#B93C3D', 'lc_ref_no': '#657365', 'subject_matter_insured': '#950462', 'original_Number': '#E7C38D', 'policy_no': '#6EDF51', 'insurance_issuer_name_bottom': '#C181A0', 'premium_amount': '#99FA1A', 'sail_on_or_about_to_date': '#9049B4', 'start_date': '#29E37B', 'insurance_issuer_name': '#8D5087', 'original_copy': '#F99AA6', 'place_of_issue': '#8A2695', 'invoice_no': '#77DA66', 'claim_payable_by_address': '#7D207C', 'signed_by_issuer': '#E1D546', 'signature': '#94DAF3', 'address_of_assured': '#100810', 'signed_by_proxy': '#053326', 'claim payable_by_name': '#B99D8E', 'sum_insured_currency': '#DE5D05', 'invoice_date': '#B37EB4', 'mode_of_transport': '#D437CF', 'expiry_date': '#AC9531', 'name_of_assured': '#1ED408', 'end_date': '#7F2302', 'signed_by_underwriter': '#027FCD', 'premium_currency': '#16735E', 'declaration_by': '#AD5D00', 'insurance_issuer_address_bottom': '#D68653', 'lc_date': '#C99B62', 'agent_address': '#636463', 'insurance_issuer_address': '#D834FC', 'certificate_Stamped': '#6D434B', 'agent_name': '#8889BC', 'O': '#93298F', 'issue_date': '#664D45', 'signed_by_agent': '#AF622F', 'country_of_origin_origin_of_goods': '#A771E9', 'claim_payable_in': '#D51332', 'certificate_no': '#3D9225', 'vessel_or_flight_name': '#5C870F', 'to_place': '#7BB8BE', 'page_no': '#3E85A4', 'from_place': '#447012', 'vessel_or_flight_number': '#FE0F79'}
2024-03-18 01:18:10,255 is result_set is instance of dict? True
2024-03-18 01:18:10,256 is final_result_set is instance of dict? True
2024-03-18 01:18:10,439 Time taken for page 1 of Insurance_Certificate_16_page_0.png:0:00:03.446786
2024-03-18 01:18:10,560 *****Generated All Pages****** for Insurance_Certificate_16_page_0.png
2024-03-18 01:18:10,560 RAM memory 71.2 used for Insurance_Certificate_16_page_0.png Generating All Pages:
2024-03-18 01:18:10,560 Processing time taken for all pages of Insurance_Certificate_16_page_0.png1:0:00:03.578061
2024-03-18 01:18:10,693 file name is:Insurance_Certificate_29_page_1.png
2024-03-18 01:18:10,693 folder path :Images
2024-03-18 01:18:10,694 Calling Image result
2024-03-18 01:18:10,694 is all_page_result is instance of dict? True
2024-03-18 01:18:10,704 STREAM b'IHDR' 16 13
2024-03-18 01:18:10,704 STREAM b'IDAT' 41 65536
2024-03-18 01:18:10,732 is words is instance of list? True
2024-03-18 01:18:10,732 is bboxes is instance of list? True
2024-03-18 01:18:10,732 is bounding_boxes is instance of list? True
2024-03-18 01:18:10,931 is input_id_chunks is instance of list? True
2024-03-18 01:18:10,932 is mask_chunks is instance of list? True
2024-03-18 01:18:10,932 is bbox_chunks is instance of list? True
2024-03-18 01:18:10,932 is image_chunks is instance of list? True
2024-03-18 01:18:10,932 is input_dict is instance of dict? True
2024-03-18 01:18:13,496 Model Called
2024-03-18 01:18:13,496 RAM memory 71.2 used for Insurance_Certificate_29_page_1.png:
2024-03-18 01:18:13,496 is all_predictions is instance of list? True
2024-03-18 01:18:13,496 is all_boxes is instance of list? True
2024-03-18 01:18:13,496 is all_confidences is instance of list? True
2024-03-18 01:18:13,496 is all_text is instance of list? True
2024-03-18 01:18:13,496 is label2id is instance of dict? True
2024-03-18 01:18:13,496 is id2label is instance of dict? True
2024-03-18 01:18:13,497 is label2color is instance of dict? True
2024-03-18 01:18:13,497 label2color : {'conditions_of_coverage': '#79D3E9', 'sum_insured_amount': '#198E7C', 'lc_ref_no': '#3F3631', 'subject_matter_insured': '#BCE2A3', 'original_Number': '#8EFB3C', 'policy_no': '#A43D21', 'insurance_issuer_name_bottom': '#59D89F', 'premium_amount': '#5088CA', 'sail_on_or_about_to_date': '#6B07BD', 'start_date': '#CF68F6', 'insurance_issuer_name': '#D8293A', 'original_copy': '#9AB7E0', 'place_of_issue': '#24F80A', 'invoice_no': '#E3D681', 'claim_payable_by_address': '#92336A', 'signed_by_issuer': '#6A3653', 'signature': '#DC2225', 'address_of_assured': '#8D203A', 'signed_by_proxy': '#5070A8', 'claim payable_by_name': '#08AED3', 'sum_insured_currency': '#F33BD9', 'invoice_date': '#10E747', 'mode_of_transport': '#1E535F', 'expiry_date': '#9D658A', 'name_of_assured': '#1501B1', 'end_date': '#4B56F2', 'signed_by_underwriter': '#E664D9', 'premium_currency': '#D95B6C', 'declaration_by': '#D91D2E', 'insurance_issuer_address_bottom': '#F1DEA5', 'lc_date': '#6548B4', 'agent_address': '#7E410D', 'insurance_issuer_address': '#800AE0', 'certificate_Stamped': '#92B8BE', 'agent_name': '#620028', 'O': '#F9E7EC', 'issue_date': '#B1F288', 'signed_by_agent': '#94CD49', 'country_of_origin_origin_of_goods': '#BB92D8', 'claim_payable_in': '#4FF035', 'certificate_no': '#9F02F1', 'vessel_or_flight_name': '#6C4B7D', 'to_place': '#E4B82B', 'page_no': '#582D33', 'from_place': '#3B6321', 'vessel_or_flight_number': '#598E9C'}
2024-03-18 01:18:13,721 is result_set is instance of dict? True
2024-03-18 01:18:13,722 is final_result_set is instance of dict? True
2024-03-18 01:18:13,808 Time taken for page 1 of Insurance_Certificate_29_page_1.png:0:00:03.103666
2024-03-18 01:18:13,937 *****Generated All Pages****** for Insurance_Certificate_29_page_1.png
2024-03-18 01:18:13,937 RAM memory 71.3 used for Insurance_Certificate_29_page_1.png Generating All Pages:
2024-03-18 01:18:13,937 Processing time taken for all pages of Insurance_Certificate_29_page_1.png1:0:00:03.243896
2024-03-18 01:18:14,066 file name is:Insurance_Certificate_902_page_3.png
2024-03-18 01:18:14,067 folder path :Images
2024-03-18 01:18:14,067 Calling Image result
2024-03-18 01:18:14,067 is all_page_result is instance of dict? True
2024-03-18 01:18:14,077 STREAM b'IHDR' 16 13
2024-03-18 01:18:14,077 STREAM b'IDAT' 41 65536
2024-03-18 01:18:14,128 is words is instance of list? True
2024-03-18 01:18:14,128 is bboxes is instance of list? True
2024-03-18 01:18:14,128 is bounding_boxes is instance of list? True
2024-03-18 01:18:14,318 is input_id_chunks is instance of list? True
2024-03-18 01:18:14,318 is mask_chunks is instance of list? True
2024-03-18 01:18:14,318 is bbox_chunks is instance of list? True
2024-03-18 01:18:14,318 is image_chunks is instance of list? True
2024-03-18 01:18:14,318 is input_dict is instance of dict? True
2024-03-18 01:18:16,098 Model Called
2024-03-18 01:18:16,098 RAM memory 65.3 used for Insurance_Certificate_902_page_3.png:
2024-03-18 01:18:16,098 is all_predictions is instance of list? True
2024-03-18 01:18:16,098 is all_boxes is instance of list? True
2024-03-18 01:18:16,098 is all_confidences is instance of list? True
2024-03-18 01:18:16,098 is all_text is instance of list? True
2024-03-18 01:18:16,099 is label2id is instance of dict? True
2024-03-18 01:18:16,099 is id2label is instance of dict? True
2024-03-18 01:18:16,099 is label2color is instance of dict? True
2024-03-18 01:18:16,099 label2color : {'conditions_of_coverage': '#A3AD1B', 'sum_insured_amount': '#964895', 'lc_ref_no': '#A322FD', 'subject_matter_insured': '#3CAA0A', 'original_Number': '#6853E9', 'policy_no': '#C05226', 'insurance_issuer_name_bottom': '#DE6491', 'premium_amount': '#352096', 'sail_on_or_about_to_date': '#6A473F', 'start_date': '#D190F7', 'insurance_issuer_name': '#684BA1', 'original_copy': '#9FD946', 'place_of_issue': '#008CA1', 'invoice_no': '#C4D210', 'claim_payable_by_address': '#B3BD10', 'signed_by_issuer': '#85687D', 'signature': '#28B26F', 'address_of_assured': '#CD9459', 'signed_by_proxy': '#881A57', 'claim payable_by_name': '#31E26A', 'sum_insured_currency': '#005B05', 'invoice_date': '#CC85EB', 'mode_of_transport': '#EA019E', 'expiry_date': '#FB44FD', 'name_of_assured': '#632297', 'end_date': '#EC35FE', 'signed_by_underwriter': '#333CEE', 'premium_currency': '#B76FCE', 'declaration_by': '#A1391C', 'insurance_issuer_address_bottom': '#A40A76', 'lc_date': '#D8A6EF', 'agent_address': '#AD0565', 'insurance_issuer_address': '#D79182', 'certificate_Stamped': '#ED655D', 'agent_name': '#C8E96A', 'O': '#55B7BA', 'issue_date': '#6C3FD4', 'signed_by_agent': '#181BF0', 'country_of_origin_origin_of_goods': '#5D48C7', 'claim_payable_in': '#00016C', 'certificate_no': '#B44D43', 'vessel_or_flight_name': '#A78AB0', 'to_place': '#75F746', 'page_no': '#655065', 'from_place': '#240BDB', 'vessel_or_flight_number': '#FD01AB'}
2024-03-18 01:18:16,274 is result_set is instance of dict? True
2024-03-18 01:18:16,275 is final_result_set is instance of dict? True
2024-03-18 01:18:16,347 Time taken for page 1 of Insurance_Certificate_902_page_3.png:0:00:02.269510
2024-03-18 01:18:16,463 *****Generated All Pages****** for Insurance_Certificate_902_page_3.png
2024-03-18 01:18:16,464 RAM memory 65.3 used for Insurance_Certificate_902_page_3.png Generating All Pages:
2024-03-18 01:18:16,464 Processing time taken for all pages of Insurance_Certificate_902_page_3.png1:0:00:02.397010
2024-03-18 01:18:16,595 file name is:Insurance_Certificate_944_page_0.png
2024-03-18 01:18:16,595 folder path :Images
2024-03-18 01:18:16,595 Calling Image result
2024-03-18 01:18:16,595 is all_page_result is instance of dict? True
2024-03-18 01:18:16,605 STREAM b'IHDR' 16 13
2024-03-18 01:18:16,606 STREAM b'IDAT' 41 55086
2024-03-18 01:18:16,634 is words is instance of list? True
2024-03-18 01:18:16,635 is bboxes is instance of list? True
2024-03-18 01:18:16,635 is bounding_boxes is instance of list? True
2024-03-18 01:18:16,869 is input_id_chunks is instance of list? True
2024-03-18 01:18:16,869 is mask_chunks is instance of list? True
2024-03-18 01:18:16,869 is bbox_chunks is instance of list? True
2024-03-18 01:18:16,869 is image_chunks is instance of list? True
2024-03-18 01:18:16,870 is input_dict is instance of dict? True
2024-03-18 01:18:19,430 Model Called
2024-03-18 01:18:19,430 RAM memory 64.9 used for Insurance_Certificate_944_page_0.png:
2024-03-18 01:18:19,430 is all_predictions is instance of list? True
2024-03-18 01:18:19,430 is all_boxes is instance of list? True
2024-03-18 01:18:19,430 is all_confidences is instance of list? True
2024-03-18 01:18:19,430 is all_text is instance of list? True
2024-03-18 01:18:19,430 is label2id is instance of dict? True
2024-03-18 01:18:19,430 is id2label is instance of dict? True
2024-03-18 01:18:19,431 is label2color is instance of dict? True
2024-03-18 01:18:19,431 label2color : {'conditions_of_coverage': '#CF376F', 'sum_insured_amount': '#E11175', 'lc_ref_no': '#4DB851', 'subject_matter_insured': '#625FD2', 'original_Number': '#3DC7F7', 'policy_no': '#80B1BD', 'insurance_issuer_name_bottom': '#685EE4', 'premium_amount': '#CC05E7', 'sail_on_or_about_to_date': '#D98051', 'start_date': '#058665', 'insurance_issuer_name': '#218E83', 'original_copy': '#72B185', 'place_of_issue': '#264076', 'invoice_no': '#2F8602', 'claim_payable_by_address': '#973E78', 'signed_by_issuer': '#3F75D8', 'signature': '#0BE6CF', 'address_of_assured': '#1DDE39', 'signed_by_proxy': '#A5B340', 'claim payable_by_name': '#D47847', 'sum_insured_currency': '#AE42C9', 'invoice_date': '#510E0E', 'mode_of_transport': '#88B42F', 'expiry_date': '#479949', 'name_of_assured': '#427D0E', 'end_date': '#6EA2B6', 'signed_by_underwriter': '#045946', 'premium_currency': '#C8D6E5', 'declaration_by': '#363255', 'insurance_issuer_address_bottom': '#139843', 'lc_date': '#88AF58', 'agent_address': '#E668BD', 'insurance_issuer_address': '#3E8E38', 'certificate_Stamped': '#84D137', 'agent_name': '#76EBC3', 'O': '#B5B7D5', 'issue_date': '#7C8039', 'signed_by_agent': '#E44101', 'country_of_origin_origin_of_goods': '#2BD170', 'claim_payable_in': '#404E8D', 'certificate_no': '#194C36', 'vessel_or_flight_name': '#A71341', 'to_place': '#C49329', 'page_no': '#3CBF37', 'from_place': '#BB2E5F', 'vessel_or_flight_number': '#A059A8'}
2024-03-18 01:18:19,621 is result_set is instance of dict? True
2024-03-18 01:18:19,622 is final_result_set is instance of dict? True
2024-03-18 01:18:19,767 Time taken for page 1 of Insurance_Certificate_944_page_0.png:0:00:03.160876
2024-03-18 01:18:19,883 *****Generated All Pages****** for Insurance_Certificate_944_page_0.png
2024-03-18 01:18:19,883 RAM memory 65.3 used for Insurance_Certificate_944_page_0.png Generating All Pages:
2024-03-18 01:18:19,883 Processing time taken for all pages of Insurance_Certificate_944_page_0.png1:0:00:03.288386
2024-03-18 01:18:20,016 file name is:Insurance_Certificate_886_page_0.png
2024-03-18 01:18:20,016 folder path :Images
2024-03-18 01:18:20,016 Calling Image result
2024-03-18 01:18:20,016 is all_page_result is instance of dict? True
2024-03-18 01:18:20,027 STREAM b'IHDR' 16 13
2024-03-18 01:18:20,027 STREAM b'IDAT' 41 65536
2024-03-18 01:18:20,055 is words is instance of list? True
2024-03-18 01:18:20,055 is bboxes is instance of list? True
2024-03-18 01:18:20,055 is bounding_boxes is instance of list? True
2024-03-18 01:18:20,255 is input_id_chunks is instance of list? True
2024-03-18 01:18:20,256 is mask_chunks is instance of list? True
2024-03-18 01:18:20,256 is bbox_chunks is instance of list? True
2024-03-18 01:18:20,256 is image_chunks is instance of list? True
2024-03-18 01:18:20,256 is input_dict is instance of dict? True
2024-03-18 01:18:22,025 Model Called
2024-03-18 01:18:22,025 RAM memory 65.2 used for Insurance_Certificate_886_page_0.png:
2024-03-18 01:18:22,025 is all_predictions is instance of list? True
2024-03-18 01:18:22,025 is all_boxes is instance of list? True
2024-03-18 01:18:22,025 is all_confidences is instance of list? True
2024-03-18 01:18:22,025 is all_text is instance of list? True
2024-03-18 01:18:22,026 is label2id is instance of dict? True
2024-03-18 01:18:22,026 is id2label is instance of dict? True
2024-03-18 01:18:22,026 is label2color is instance of dict? True
2024-03-18 01:18:22,026 label2color : {'conditions_of_coverage': '#C43CA8', 'sum_insured_amount': '#27AF2E', 'lc_ref_no': '#1FF087', 'subject_matter_insured': '#01B827', 'original_Number': '#55E458', 'policy_no': '#ACAF23', 'insurance_issuer_name_bottom': '#40972B', 'premium_amount': '#F121B8', 'sail_on_or_about_to_date': '#7010AD', 'start_date': '#EDF004', 'insurance_issuer_name': '#A55A7A', 'original_copy': '#E0DC58', 'place_of_issue': '#CEDE17', 'invoice_no': '#5CDB08', 'claim_payable_by_address': '#6E2D93', 'signed_by_issuer': '#5F7216', 'signature': '#D825E6', 'address_of_assured': '#C7E733', 'signed_by_proxy': '#DB4213', 'claim payable_by_name': '#BF43D7', 'sum_insured_currency': '#78E01A', 'invoice_date': '#33E1C9', 'mode_of_transport': '#B781F2', 'expiry_date': '#3C5A85', 'name_of_assured': '#4D30E7', 'end_date': '#A7F8BC', 'signed_by_underwriter': '#31869A', 'premium_currency': '#8F2687', 'declaration_by': '#BD8903', 'insurance_issuer_address_bottom': '#0DE58E', 'lc_date': '#8770B0', 'agent_address': '#4F435B', 'insurance_issuer_address': '#E78A44', 'certificate_Stamped': '#FA9F00', 'agent_name': '#4568EC', 'O': '#F508B6', 'issue_date': '#4B7A3D', 'signed_by_agent': '#DC0148', 'country_of_origin_origin_of_goods': '#436753', 'claim_payable_in': '#9546D7', 'certificate_no': '#8B0B6C', 'vessel_or_flight_name': '#F3B569', 'to_place': '#8ACCF2', 'page_no': '#34B088', 'from_place': '#D0EE6B', 'vessel_or_flight_number': '#BE20D3'}
2024-03-18 01:18:22,198 is result_set is instance of dict? True
2024-03-18 01:18:22,199 is final_result_set is instance of dict? True
2024-03-18 01:18:22,253 Time taken for page 1 of Insurance_Certificate_886_page_0.png:0:00:02.225761
2024-03-18 01:18:22,372 *****Generated All Pages****** for Insurance_Certificate_886_page_0.png
2024-03-18 01:18:22,372 RAM memory 64.8 used for Insurance_Certificate_886_page_0.png Generating All Pages:
2024-03-18 01:18:22,372 Processing time taken for all pages of Insurance_Certificate_886_page_0.png1:0:00:02.355730
2024-03-18 01:18:22,497 file name is:Insurance_Certificate_836_page_0.png
2024-03-18 01:18:22,497 folder path :Images
2024-03-18 01:18:22,497 Calling Image result
2024-03-18 01:18:22,497 is all_page_result is instance of dict? True
2024-03-18 01:18:22,508 STREAM b'IHDR' 16 13
2024-03-18 01:18:22,508 STREAM b'IDAT' 41 38335
2024-03-18 01:18:22,520 is words is instance of list? True
2024-03-18 01:18:22,520 is bboxes is instance of list? True
2024-03-18 01:18:22,520 is bounding_boxes is instance of list? True
2024-03-18 01:18:22,604 is input_id_chunks is instance of list? True
2024-03-18 01:18:22,604 is mask_chunks is instance of list? True
2024-03-18 01:18:22,604 is bbox_chunks is instance of list? True
2024-03-18 01:18:22,604 is image_chunks is instance of list? True
2024-03-18 01:18:22,605 is input_dict is instance of dict? True
2024-03-18 01:18:24,409 Model Called
2024-03-18 01:18:24,409 RAM memory 64.6 used for Insurance_Certificate_836_page_0.png:
2024-03-18 01:18:24,409 is all_predictions is instance of list? True
2024-03-18 01:18:24,410 is all_boxes is instance of list? True
2024-03-18 01:18:24,410 is all_confidences is instance of list? True
2024-03-18 01:18:24,410 is all_text is instance of list? True
2024-03-18 01:18:24,410 is label2id is instance of dict? True
2024-03-18 01:18:24,410 is id2label is instance of dict? True
2024-03-18 01:18:24,410 is label2color is instance of dict? True
2024-03-18 01:18:24,411 label2color : {'conditions_of_coverage': '#F8273E', 'sum_insured_amount': '#30651C', 'lc_ref_no': '#2ED392', 'subject_matter_insured': '#EE7777', 'original_Number': '#209889', 'policy_no': '#8C30C9', 'insurance_issuer_name_bottom': '#3E644A', 'premium_amount': '#A510EA', 'sail_on_or_about_to_date': '#2E1F82', 'start_date': '#891495', 'insurance_issuer_name': '#BD599E', 'original_copy': '#376727', 'place_of_issue': '#6CA3AE', 'invoice_no': '#A561BC', 'claim_payable_by_address': '#BA220F', 'signed_by_issuer': '#ADFB6E', 'signature': '#DB4906', 'address_of_assured': '#F1B059', 'signed_by_proxy': '#BE7E56', 'claim payable_by_name': '#9E70DF', 'sum_insured_currency': '#249D56', 'invoice_date': '#D6618B', 'mode_of_transport': '#60E551', 'expiry_date': '#0C8ED8', 'name_of_assured': '#772B9B', 'end_date': '#677016', 'signed_by_underwriter': '#25DF65', 'premium_currency': '#2B1C14', 'declaration_by': '#E41D26', 'insurance_issuer_address_bottom': '#FE7B79', 'lc_date': '#09349A', 'agent_address': '#0D3D7E', 'insurance_issuer_address': '#9ECF4B', 'certificate_Stamped': '#40AAFC', 'agent_name': '#BF5922', 'O': '#AABB36', 'issue_date': '#9A7115', 'signed_by_agent': '#5399AE', 'country_of_origin_origin_of_goods': '#EE6DCB', 'claim_payable_in': '#FE7CB7', 'certificate_no': '#14B89C', 'vessel_or_flight_name': '#A1526E', 'to_place': '#727ED5', 'page_no': '#FDE82A', 'from_place': '#D4833B', 'vessel_or_flight_number': '#885950'}
2024-03-18 01:18:24,489 is result_set is instance of dict? True
2024-03-18 01:18:24,490 is final_result_set is instance of dict? True
2024-03-18 01:18:24,605 Time taken for page 1 of Insurance_Certificate_836_page_0.png:0:00:02.096951
2024-03-18 01:18:24,661 *****Generated All Pages****** for Insurance_Certificate_836_page_0.png
2024-03-18 01:18:24,662 RAM memory 64.6 used for Insurance_Certificate_836_page_0.png Generating All Pages:
2024-03-18 01:18:24,662 Processing time taken for all pages of Insurance_Certificate_836_page_0.png1:0:00:02.164592
2024-03-18 01:18:24,772 file name is:Insurance_Certificate_865_page_0.png
2024-03-18 01:18:24,773 folder path :Images
2024-03-18 01:18:24,773 Calling Image result
2024-03-18 01:18:24,773 is all_page_result is instance of dict? True
2024-03-18 01:18:24,783 STREAM b'IHDR' 16 13
2024-03-18 01:18:24,783 STREAM b'IDAT' 41 45092
2024-03-18 01:18:24,809 is words is instance of list? True
2024-03-18 01:18:24,809 is bboxes is instance of list? True
2024-03-18 01:18:24,809 is bounding_boxes is instance of list? True
2024-03-18 01:18:25,008 is input_id_chunks is instance of list? True
2024-03-18 01:18:25,009 is mask_chunks is instance of list? True
2024-03-18 01:18:25,009 is bbox_chunks is instance of list? True
2024-03-18 01:18:25,009 is image_chunks is instance of list? True
2024-03-18 01:18:25,009 is input_dict is instance of dict? True
2024-03-18 01:18:26,899 Model Called
2024-03-18 01:18:26,899 RAM memory 64.5 used for Insurance_Certificate_865_page_0.png:
2024-03-18 01:18:26,900 is all_predictions is instance of list? True
2024-03-18 01:18:26,900 is all_boxes is instance of list? True
2024-03-18 01:18:26,900 is all_confidences is instance of list? True
2024-03-18 01:18:26,900 is all_text is instance of list? True
2024-03-18 01:18:26,900 is label2id is instance of dict? True
2024-03-18 01:18:26,900 is id2label is instance of dict? True
2024-03-18 01:18:26,900 is label2color is instance of dict? True
2024-03-18 01:18:26,901 label2color : {'conditions_of_coverage': '#F77E9A', 'sum_insured_amount': '#6FC4E2', 'lc_ref_no': '#8C530D', 'subject_matter_insured': '#200C75', 'original_Number': '#5E1651', 'policy_no': '#7DCED8', 'insurance_issuer_name_bottom': '#DBCC9E', 'premium_amount': '#D28878', 'sail_on_or_about_to_date': '#D8E215', 'start_date': '#048A3A', 'insurance_issuer_name': '#85CEAE', 'original_copy': '#542328', 'place_of_issue': '#86DB99', 'invoice_no': '#DDE1AD', 'claim_payable_by_address': '#7B83A2', 'signed_by_issuer': '#8B9332', 'signature': '#A2953A', 'address_of_assured': '#2A26A6', 'signed_by_proxy': '#E91F93', 'claim payable_by_name': '#36F6B3', 'sum_insured_currency': '#E2EBD7', 'invoice_date': '#ACEB9E', 'mode_of_transport': '#3C650D', 'expiry_date': '#1F04A7', 'name_of_assured': '#4290EA', 'end_date': '#E70ADA', 'signed_by_underwriter': '#2D20CE', 'premium_currency': '#82E911', 'declaration_by': '#860A1C', 'insurance_issuer_address_bottom': '#0DF011', 'lc_date': '#C70639', 'agent_address': '#1D4716', 'insurance_issuer_address': '#2523F6', 'certificate_Stamped': '#AB67D2', 'agent_name': '#11E5F7', 'O': '#38A212', 'issue_date': '#101BE6', 'signed_by_agent': '#2CD710', 'country_of_origin_origin_of_goods': '#3898C2', 'claim_payable_in': '#821CE1', 'certificate_no': '#B9FC88', 'vessel_or_flight_name': '#0A5019', 'to_place': '#1E0194', 'page_no': '#F38B98', 'from_place': '#2BCC1C', 'vessel_or_flight_number': '#0CA6CF'}
2024-03-18 01:18:27,075 is result_set is instance of dict? True
2024-03-18 01:18:27,076 is final_result_set is instance of dict? True
2024-03-18 01:18:27,179 Time taken for page 1 of Insurance_Certificate_865_page_0.png:0:00:02.395284
2024-03-18 01:18:27,280 *****Generated All Pages****** for Insurance_Certificate_865_page_0.png
2024-03-18 01:18:27,280 RAM memory 64.2 used for Insurance_Certificate_865_page_0.png Generating All Pages:
2024-03-18 01:18:27,280 Processing time taken for all pages of Insurance_Certificate_865_page_0.png1:0:00:02.507715
2024-03-18 01:18:27,393 file name is:Insurance_Certificate_4_page_4.png
2024-03-18 01:18:27,393 folder path :Images
2024-03-18 01:18:27,393 Calling Image result
2024-03-18 01:18:27,393 is all_page_result is instance of dict? True
2024-03-18 01:18:27,403 STREAM b'IHDR' 16 13
2024-03-18 01:18:27,404 STREAM b'IDAT' 41 28537
2024-03-18 01:18:27,420 is words is instance of list? True
2024-03-18 01:18:27,420 is bboxes is instance of list? True
2024-03-18 01:18:27,420 is bounding_boxes is instance of list? True
2024-03-18 01:18:27,535 is input_id_chunks is instance of list? True
2024-03-18 01:18:27,535 is mask_chunks is instance of list? True
2024-03-18 01:18:27,535 is bbox_chunks is instance of list? True
2024-03-18 01:18:27,535 is image_chunks is instance of list? True
2024-03-18 01:18:27,535 is input_dict is instance of dict? True
2024-03-18 01:18:28,517 Model Called
2024-03-18 01:18:28,517 RAM memory 63.9 used for Insurance_Certificate_4_page_4.png:
2024-03-18 01:18:28,517 is all_predictions is instance of list? True
2024-03-18 01:18:28,517 is all_boxes is instance of list? True
2024-03-18 01:18:28,517 is all_confidences is instance of list? True
2024-03-18 01:18:28,517 is all_text is instance of list? True
2024-03-18 01:18:28,517 is label2id is instance of dict? True
2024-03-18 01:18:28,517 is id2label is instance of dict? True
2024-03-18 01:18:28,518 is label2color is instance of dict? True
2024-03-18 01:18:28,518 label2color : {'conditions_of_coverage': '#465D51', 'sum_insured_amount': '#AA9898', 'lc_ref_no': '#3BE0BE', 'subject_matter_insured': '#7A5D26', 'original_Number': '#E528D6', 'policy_no': '#62CEDA', 'insurance_issuer_name_bottom': '#5E9289', 'premium_amount': '#497097', 'sail_on_or_about_to_date': '#6EE8DA', 'start_date': '#D5EB31', 'insurance_issuer_name': '#BD210C', 'original_copy': '#434AF8', 'place_of_issue': '#721553', 'invoice_no': '#8D59B5', 'claim_payable_by_address': '#1F747F', 'signed_by_issuer': '#90B70E', 'signature': '#90D9E5', 'address_of_assured': '#9270AC', 'signed_by_proxy': '#48750D', 'claim payable_by_name': '#CE2299', 'sum_insured_currency': '#24FCDE', 'invoice_date': '#83CAE6', 'mode_of_transport': '#EABA76', 'expiry_date': '#98F0E3', 'name_of_assured': '#E83555', 'end_date': '#D60EA2', 'signed_by_underwriter': '#DA9D37', 'premium_currency': '#F3299E', 'declaration_by': '#F38396', 'insurance_issuer_address_bottom': '#2C4A69', 'lc_date': '#075CDB', 'agent_address': '#25B052', 'insurance_issuer_address': '#091B25', 'certificate_Stamped': '#E57B0D', 'agent_name': '#F806E3', 'O': '#8445ED', 'issue_date': '#CAA96B', 'signed_by_agent': '#C9E97E', 'country_of_origin_origin_of_goods': '#911EBC', 'claim_payable_in': '#5312FE', 'certificate_no': '#BC8096', 'vessel_or_flight_name': '#337D6F', 'to_place': '#88A4D6', 'page_no': '#B6E6F3', 'from_place': '#6C4297', 'vessel_or_flight_number': '#A7FD7A'}
2024-03-18 01:18:28,585 is result_set is instance of dict? True
2024-03-18 01:18:28,586 is final_result_set is instance of dict? True
2024-03-18 01:18:28,645 Time taken for page 1 of Insurance_Certificate_4_page_4.png:0:00:01.240935
2024-03-18 01:18:28,702 *****Generated All Pages****** for Insurance_Certificate_4_page_4.png
2024-03-18 01:18:28,702 RAM memory 63.9 used for Insurance_Certificate_4_page_4.png Generating All Pages:
2024-03-18 01:18:28,702 Processing time taken for all pages of Insurance_Certificate_4_page_4.png1:0:00:01.309021
2024-03-18 01:18:28,812 file name is:Insurance_Certificate_951_page_3.png
2024-03-18 01:18:28,813 folder path :Images
2024-03-18 01:18:28,813 Calling Image result
2024-03-18 01:18:28,813 is all_page_result is instance of dict? True
2024-03-18 01:18:28,823 STREAM b'IHDR' 16 13
2024-03-18 01:18:28,823 STREAM b'IDAT' 41 65536
2024-03-18 01:18:28,858 is words is instance of list? True
2024-03-18 01:18:28,858 is bboxes is instance of list? True
2024-03-18 01:18:28,858 is bounding_boxes is instance of list? True
2024-03-18 01:18:29,101 is input_id_chunks is instance of list? True
2024-03-18 01:18:29,101 is mask_chunks is instance of list? True
2024-03-18 01:18:29,101 is bbox_chunks is instance of list? True
2024-03-18 01:18:29,101 is image_chunks is instance of list? True
2024-03-18 01:18:29,102 is input_dict is instance of dict? True
2024-03-18 01:18:30,814 Model Called
2024-03-18 01:18:30,814 RAM memory 64.0 used for Insurance_Certificate_951_page_3.png:
2024-03-18 01:18:30,814 is all_predictions is instance of list? True
2024-03-18 01:18:30,814 is all_boxes is instance of list? True
2024-03-18 01:18:30,814 is all_confidences is instance of list? True
2024-03-18 01:18:30,814 is all_text is instance of list? True
2024-03-18 01:18:30,815 is label2id is instance of dict? True
2024-03-18 01:18:30,815 is id2label is instance of dict? True
2024-03-18 01:18:30,815 is label2color is instance of dict? True
2024-03-18 01:18:30,815 label2color : {'conditions_of_coverage': '#D43CCA', 'sum_insured_amount': '#F79888', 'lc_ref_no': '#83B9E4', 'subject_matter_insured': '#F2F0F6', 'original_Number': '#A5A514', 'policy_no': '#AC0B9C', 'insurance_issuer_name_bottom': '#7BC4B9', 'premium_amount': '#60EDCF', 'sail_on_or_about_to_date': '#9E33F0', 'start_date': '#257982', 'insurance_issuer_name': '#A8C1AF', 'original_copy': '#2DC55A', 'place_of_issue': '#AD6EB3', 'invoice_no': '#ECAA89', 'claim_payable_by_address': '#29405B', 'signed_by_issuer': '#C0E101', 'signature': '#D6AC61', 'address_of_assured': '#56876F', 'signed_by_proxy': '#39E38E', 'claim payable_by_name': '#473FD0', 'sum_insured_currency': '#6144BD', 'invoice_date': '#5FE6D0', 'mode_of_transport': '#499AA8', 'expiry_date': '#C6AD66', 'name_of_assured': '#3941D0', 'end_date': '#43434B', 'signed_by_underwriter': '#80A881', 'premium_currency': '#538CD3', 'declaration_by': '#F9BC7E', 'insurance_issuer_address_bottom': '#3C7DEA', 'lc_date': '#FD8A83', 'agent_address': '#32B458', 'insurance_issuer_address': '#8C264B', 'certificate_Stamped': '#E85ECD', 'agent_name': '#D17681', 'O': '#CE4BCC', 'issue_date': '#3CD0C8', 'signed_by_agent': '#083FD0', 'country_of_origin_origin_of_goods': '#1F0100', 'claim_payable_in': '#72B7FE', 'certificate_no': '#007832', 'vessel_or_flight_name': '#3299EB', 'to_place': '#9726F6', 'page_no': '#08C307', 'from_place': '#3414CA', 'vessel_or_flight_number': '#EB0155'}
2024-03-18 01:18:31,046 is result_set is instance of dict? True
2024-03-18 01:18:31,047 is final_result_set is instance of dict? True
2024-03-18 01:18:31,147 Time taken for page 1 of Insurance_Certificate_951_page_3.png:0:00:02.323421
2024-03-18 01:18:31,284 *****Generated All Pages****** for Insurance_Certificate_951_page_3.png
2024-03-18 01:18:31,284 RAM memory 64.3 used for Insurance_Certificate_951_page_3.png Generating All Pages:
2024-03-18 01:18:31,284 Processing time taken for all pages of Insurance_Certificate_951_page_3.png1:0:00:02.471391
2024-03-18 01:18:31,396 file name is:Insurance_Certificate_951_page_1.png
2024-03-18 01:18:31,396 folder path :Images
2024-03-18 01:18:31,396 Calling Image result
2024-03-18 01:18:31,396 is all_page_result is instance of dict? True
2024-03-18 01:18:31,406 STREAM b'IHDR' 16 13
2024-03-18 01:18:31,407 STREAM b'IDAT' 41 64099
2024-03-18 01:18:31,441 is words is instance of list? True
2024-03-18 01:18:31,441 is bboxes is instance of list? True
2024-03-18 01:18:31,441 is bounding_boxes is instance of list? True
2024-03-18 01:18:31,675 is input_id_chunks is instance of list? True
2024-03-18 01:18:31,675 is mask_chunks is instance of list? True
2024-03-18 01:18:31,675 is bbox_chunks is instance of list? True
2024-03-18 01:18:31,675 is image_chunks is instance of list? True
2024-03-18 01:18:31,676 is input_dict is instance of dict? True
2024-03-18 01:18:33,465 Model Called
2024-03-18 01:18:33,465 RAM memory 64.3 used for Insurance_Certificate_951_page_1.png:
2024-03-18 01:18:33,465 is all_predictions is instance of list? True
2024-03-18 01:18:33,465 is all_boxes is instance of list? True
2024-03-18 01:18:33,465 is all_confidences is instance of list? True
2024-03-18 01:18:33,465 is all_text is instance of list? True
2024-03-18 01:18:33,466 is label2id is instance of dict? True
2024-03-18 01:18:33,466 is id2label is instance of dict? True
2024-03-18 01:18:33,466 is label2color is instance of dict? True
2024-03-18 01:18:33,466 label2color : {'conditions_of_coverage': '#35EF0D', 'sum_insured_amount': '#89AF17', 'lc_ref_no': '#4476E7', 'subject_matter_insured': '#ADDA9D', 'original_Number': '#A66524', 'policy_no': '#AD3674', 'insurance_issuer_name_bottom': '#49C834', 'premium_amount': '#98A013', 'sail_on_or_about_to_date': '#BF8544', 'start_date': '#8DD5B6', 'insurance_issuer_name': '#8E1EA5', 'original_copy': '#DDCB61', 'place_of_issue': '#354A0B', 'invoice_no': '#DD9231', 'claim_payable_by_address': '#2281B8', 'signed_by_issuer': '#1CB436', 'signature': '#0BFE33', 'address_of_assured': '#13AB53', 'signed_by_proxy': '#442C1B', 'claim payable_by_name': '#6B04D3', 'sum_insured_currency': '#81D7C1', 'invoice_date': '#FD202B', 'mode_of_transport': '#0DF6D4', 'expiry_date': '#BD65CC', 'name_of_assured': '#A4A6CE', 'end_date': '#230DEE', 'signed_by_underwriter': '#5A9B80', 'premium_currency': '#C24504', 'declaration_by': '#4C8E4E', 'insurance_issuer_address_bottom': '#3FF171', 'lc_date': '#72D2EC', 'agent_address': '#859C0A', 'insurance_issuer_address': '#540190', 'certificate_Stamped': '#9C70ED', 'agent_name': '#AADED0', 'O': '#546A72', 'issue_date': '#6AFD64', 'signed_by_agent': '#8063F7', 'country_of_origin_origin_of_goods': '#5C5DC4', 'claim_payable_in': '#73E4A2', 'certificate_no': '#C61624', 'vessel_or_flight_name': '#6ACEE7', 'to_place': '#8AAFB8', 'page_no': '#A86575', 'from_place': '#C2BD4D', 'vessel_or_flight_number': '#2822BD'}
2024-03-18 01:18:33,675 is result_set is instance of dict? True
2024-03-18 01:18:33,676 is final_result_set is instance of dict? True
2024-03-18 01:18:33,776 Time taken for page 1 of Insurance_Certificate_951_page_1.png:0:00:02.369674
2024-03-18 01:18:33,912 *****Generated All Pages****** for Insurance_Certificate_951_page_1.png
2024-03-18 01:18:33,912 RAM memory 64.5 used for Insurance_Certificate_951_page_1.png Generating All Pages:
2024-03-18 01:18:33,912 Processing time taken for all pages of Insurance_Certificate_951_page_1.png1:0:00:02.516225
2024-03-18 01:18:34,028 file name is:Insurance_Certificate_4_page_0.png
2024-03-18 01:18:34,028 folder path :Images
2024-03-18 01:18:34,028 Calling Image result
2024-03-18 01:18:34,028 is all_page_result is instance of dict? True
2024-03-18 01:18:34,038 STREAM b'IHDR' 16 13
2024-03-18 01:18:34,039 STREAM b'IDAT' 41 53572
2024-03-18 01:18:34,055 is words is instance of list? True
2024-03-18 01:18:34,056 is bboxes is instance of list? True
2024-03-18 01:18:34,056 is bounding_boxes is instance of list? True
2024-03-18 01:18:34,175 is input_id_chunks is instance of list? True
2024-03-18 01:18:34,175 is mask_chunks is instance of list? True
2024-03-18 01:18:34,175 is bbox_chunks is instance of list? True
2024-03-18 01:18:34,175 is image_chunks is instance of list? True
2024-03-18 01:18:34,176 is input_dict is instance of dict? True
2024-03-18 01:18:36,577 Model Called
2024-03-18 01:18:36,577 RAM memory 65.0 used for Insurance_Certificate_4_page_0.png:
2024-03-18 01:18:36,577 is all_predictions is instance of list? True
2024-03-18 01:18:36,577 is all_boxes is instance of list? True
2024-03-18 01:18:36,577 is all_confidences is instance of list? True
2024-03-18 01:18:36,577 is all_text is instance of list? True
2024-03-18 01:18:36,577 is label2id is instance of dict? True
2024-03-18 01:18:36,577 is id2label is instance of dict? True
2024-03-18 01:18:36,578 is label2color is instance of dict? True
2024-03-18 01:18:36,578 label2color : {'conditions_of_coverage': '#C174A6', 'sum_insured_amount': '#11F568', 'lc_ref_no': '#03288A', 'subject_matter_insured': '#20AC76', 'original_Number': '#127F52', 'policy_no': '#E0915F', 'insurance_issuer_name_bottom': '#12AAED', 'premium_amount': '#282F15', 'sail_on_or_about_to_date': '#2899E6', 'start_date': '#168D1A', 'insurance_issuer_name': '#D62D2A', 'original_copy': '#2214AC', 'place_of_issue': '#F78BEC', 'invoice_no': '#93E4B9', 'claim_payable_by_address': '#357B4E', 'signed_by_issuer': '#EC19F5', 'signature': '#D34781', 'address_of_assured': '#095CB5', 'signed_by_proxy': '#02D622', 'claim payable_by_name': '#9977CD', 'sum_insured_currency': '#2BEDA9', 'invoice_date': '#E0721D', 'mode_of_transport': '#680E03', 'expiry_date': '#B4225A', 'name_of_assured': '#485066', 'end_date': '#433721', 'signed_by_underwriter': '#79C255', 'premium_currency': '#3FD93E', 'declaration_by': '#AF8695', 'insurance_issuer_address_bottom': '#80A961', 'lc_date': '#AD938C', 'agent_address': '#767531', 'insurance_issuer_address': '#732962', 'certificate_Stamped': '#093A55', 'agent_name': '#4E1B54', 'O': '#212245', 'issue_date': '#3F1783', 'signed_by_agent': '#0D1115', 'country_of_origin_origin_of_goods': '#CB4C9C', 'claim_payable_in': '#1BDE9E', 'certificate_no': '#9BCB8C', 'vessel_or_flight_name': '#492D4F', 'to_place': '#80607E', 'page_no': '#30FB7D', 'from_place': '#25EE1A', 'vessel_or_flight_number': '#90BF95'}
2024-03-18 01:18:36,691 is result_set is instance of dict? True
2024-03-18 01:18:36,692 is final_result_set is instance of dict? True
2024-03-18 01:18:36,767 Time taken for page 1 of Insurance_Certificate_4_page_0.png:0:00:02.727855
2024-03-18 01:18:36,850 *****Generated All Pages****** for Insurance_Certificate_4_page_0.png
2024-03-18 01:18:36,850 RAM memory 64.9 used for Insurance_Certificate_4_page_0.png Generating All Pages:
2024-03-18 01:18:36,850 Processing time taken for all pages of Insurance_Certificate_4_page_0.png1:0:00:02.822719
2024-03-18 01:18:36,968 file name is:Insurance_Certificate_26_page_0.png
2024-03-18 01:18:36,968 folder path :Images
2024-03-18 01:18:36,968 Calling Image result
2024-03-18 01:18:36,968 is all_page_result is instance of dict? True
2024-03-18 01:18:36,979 STREAM b'IHDR' 16 13
2024-03-18 01:18:36,979 STREAM b'IDAT' 41 65536
2024-03-18 01:18:37,038 is words is instance of list? True
2024-03-18 01:18:37,038 is bboxes is instance of list? True
2024-03-18 01:18:37,038 is bounding_boxes is instance of list? True
2024-03-18 01:18:37,486 is input_id_chunks is instance of list? True
2024-03-18 01:18:37,487 is mask_chunks is instance of list? True
2024-03-18 01:18:37,487 is bbox_chunks is instance of list? True
2024-03-18 01:18:37,487 is image_chunks is instance of list? True
2024-03-18 01:18:37,487 is input_dict is instance of dict? True
2024-03-18 01:18:39,530 Model Called
2024-03-18 01:18:39,530 RAM memory 65.9 used for Insurance_Certificate_26_page_0.png:
2024-03-18 01:18:39,530 is all_predictions is instance of list? True
2024-03-18 01:18:39,530 is all_boxes is instance of list? True
2024-03-18 01:18:39,530 is all_confidences is instance of list? True
2024-03-18 01:18:39,530 is all_text is instance of list? True
2024-03-18 01:18:39,530 is label2id is instance of dict? True
2024-03-18 01:18:39,531 is id2label is instance of dict? True
2024-03-18 01:18:39,531 is label2color is instance of dict? True
2024-03-18 01:18:39,531 label2color : {'conditions_of_coverage': '#FBE417', 'sum_insured_amount': '#2E11D6', 'lc_ref_no': '#8A96A6', 'subject_matter_insured': '#396B00', 'original_Number': '#966DF3', 'policy_no': '#121371', 'insurance_issuer_name_bottom': '#3D7056', 'premium_amount': '#86F101', 'sail_on_or_about_to_date': '#A4ACEE', 'start_date': '#F742E5', 'insurance_issuer_name': '#BE20E5', 'original_copy': '#3E37B0', 'place_of_issue': '#6D0AEC', 'invoice_no': '#1EC8C3', 'claim_payable_by_address': '#092803', 'signed_by_issuer': '#73D1AC', 'signature': '#A2E404', 'address_of_assured': '#E5F5A0', 'signed_by_proxy': '#367FBB', 'claim payable_by_name': '#16F118', 'sum_insured_currency': '#621423', 'invoice_date': '#721C6C', 'mode_of_transport': '#714DC2', 'expiry_date': '#28DD04', 'name_of_assured': '#DE061E', 'end_date': '#3B9AAA', 'signed_by_underwriter': '#E02B55', 'premium_currency': '#50525D', 'declaration_by': '#6C780E', 'insurance_issuer_address_bottom': '#C9A56E', 'lc_date': '#E8CCDB', 'agent_address': '#C532D1', 'insurance_issuer_address': '#DD791E', 'certificate_Stamped': '#E9632D', 'agent_name': '#021291', 'O': '#BCA511', 'issue_date': '#D150B6', 'signed_by_agent': '#CEA216', 'country_of_origin_origin_of_goods': '#E21F55', 'claim_payable_in': '#AF1795', 'certificate_no': '#6647BE', 'vessel_or_flight_name': '#3AFE60', 'to_place': '#2055C5', 'page_no': '#0C92DA', 'from_place': '#070D8B', 'vessel_or_flight_number': '#C3F461'}
2024-03-18 01:18:39,920 is result_set is instance of dict? True
2024-03-18 01:18:39,921 is final_result_set is instance of dict? True
2024-03-18 01:18:40,038 Time taken for page 1 of Insurance_Certificate_26_page_0.png:0:00:03.059257
2024-03-18 01:18:40,261 *****Generated All Pages****** for Insurance_Certificate_26_page_0.png
2024-03-18 01:18:40,262 RAM memory 66.2 used for Insurance_Certificate_26_page_0.png Generating All Pages:
2024-03-18 01:18:40,262 Processing time taken for all pages of Insurance_Certificate_26_page_0.png1:0:00:03.293378
2024-03-18 01:18:40,377 file name is:Insurance_Certificate_973_page_0.png
2024-03-18 01:18:40,377 folder path :Images
2024-03-18 01:18:40,378 Calling Image result
2024-03-18 01:18:40,378 is all_page_result is instance of dict? True
2024-03-18 01:18:40,388 STREAM b'IHDR' 16 13
2024-03-18 01:18:40,388 STREAM b'IDAT' 41 65536
2024-03-18 01:18:40,417 is words is instance of list? True
2024-03-18 01:18:40,417 is bboxes is instance of list? True
2024-03-18 01:18:40,417 is bounding_boxes is instance of list? True
2024-03-18 01:18:40,623 is input_id_chunks is instance of list? True
2024-03-18 01:18:40,623 is mask_chunks is instance of list? True
2024-03-18 01:18:40,623 is bbox_chunks is instance of list? True
2024-03-18 01:18:40,623 is image_chunks is instance of list? True
2024-03-18 01:18:40,624 is input_dict is instance of dict? True
2024-03-18 01:18:43,411 Model Called
2024-03-18 01:18:43,412 RAM memory 72.6 used for Insurance_Certificate_973_page_0.png:
2024-03-18 01:18:43,412 is all_predictions is instance of list? True
2024-03-18 01:18:43,412 is all_boxes is instance of list? True
2024-03-18 01:18:43,412 is all_confidences is instance of list? True
2024-03-18 01:18:43,412 is all_text is instance of list? True
2024-03-18 01:18:43,412 is label2id is instance of dict? True
2024-03-18 01:18:43,412 is id2label is instance of dict? True
2024-03-18 01:18:43,413 is label2color is instance of dict? True
2024-03-18 01:18:43,413 label2color : {'conditions_of_coverage': '#6F910F', 'sum_insured_amount': '#BACA36', 'lc_ref_no': '#86662C', 'subject_matter_insured': '#288803', 'original_Number': '#A9C267', 'policy_no': '#771C48', 'insurance_issuer_name_bottom': '#CAE018', 'premium_amount': '#1D1F37', 'sail_on_or_about_to_date': '#AC145C', 'start_date': '#A32C16', 'insurance_issuer_name': '#C73382', 'original_copy': '#083F1F', 'place_of_issue': '#003791', 'invoice_no': '#80A1F7', 'claim_payable_by_address': '#2B99A2', 'signed_by_issuer': '#1152D3', 'signature': '#DE96F1', 'address_of_assured': '#55017F', 'signed_by_proxy': '#75F4C5', 'claim payable_by_name': '#C86D39', 'sum_insured_currency': '#418787', 'invoice_date': '#AF1122', 'mode_of_transport': '#2D5B59', 'expiry_date': '#14C862', 'name_of_assured': '#8F9F06', 'end_date': '#585B52', 'signed_by_underwriter': '#ED2DE1', 'premium_currency': '#DAC32A', 'declaration_by': '#321273', 'insurance_issuer_address_bottom': '#682AEE', 'lc_date': '#3A927A', 'agent_address': '#C7F037', 'insurance_issuer_address': '#F68C81', 'certificate_Stamped': '#F11B78', 'agent_name': '#6CF478', 'O': '#3A86C0', 'issue_date': '#30E1AA', 'signed_by_agent': '#E72A1D', 'country_of_origin_origin_of_goods': '#B0A522', 'claim_payable_in': '#64A92B', 'certificate_no': '#4139FF', 'vessel_or_flight_name': '#3B609F', 'to_place': '#E44ACC', 'page_no': '#7C5668', 'from_place': '#B90125', 'vessel_or_flight_number': '#8A1176'}
2024-03-18 01:18:43,672 is result_set is instance of dict? True
2024-03-18 01:18:43,673 is final_result_set is instance of dict? True
2024-03-18 01:18:43,755 Time taken for page 1 of Insurance_Certificate_973_page_0.png:0:00:03.366907
2024-03-18 01:18:43,880 *****Generated All Pages****** for Insurance_Certificate_973_page_0.png
2024-03-18 01:18:43,880 RAM memory 72.6 used for Insurance_Certificate_973_page_0.png Generating All Pages:
2024-03-18 01:18:43,880 Processing time taken for all pages of Insurance_Certificate_973_page_0.png1:0:00:03.502204
2024-03-18 01:18:44,012 file name is:Insurance_Certificate_33_page_0.png
2024-03-18 01:18:44,012 folder path :Images
2024-03-18 01:18:44,012 Calling Image result
2024-03-18 01:18:44,012 is all_page_result is instance of dict? True
2024-03-18 01:18:44,023 STREAM b'IHDR' 16 13
2024-03-18 01:18:44,023 STREAM b'IDAT' 41 35263
2024-03-18 01:18:44,051 is words is instance of list? True
2024-03-18 01:18:44,051 is bboxes is instance of list? True
2024-03-18 01:18:44,052 is bounding_boxes is instance of list? True
2024-03-18 01:18:44,275 is input_id_chunks is instance of list? True
2024-03-18 01:18:44,276 is mask_chunks is instance of list? True
2024-03-18 01:18:44,276 is bbox_chunks is instance of list? True
2024-03-18 01:18:44,276 is image_chunks is instance of list? True
2024-03-18 01:18:44,276 is input_dict is instance of dict? True
2024-03-18 01:18:45,472 Model Called
2024-03-18 01:18:45,472 RAM memory 69.0 used for Insurance_Certificate_33_page_0.png:
2024-03-18 01:18:45,473 is all_predictions is instance of list? True
2024-03-18 01:18:45,473 is all_boxes is instance of list? True
2024-03-18 01:18:45,473 is all_confidences is instance of list? True
2024-03-18 01:18:45,473 is all_text is instance of list? True
2024-03-18 01:18:45,474 is label2id is instance of dict? True
2024-03-18 01:18:45,474 is id2label is instance of dict? True
2024-03-18 01:18:45,476 is label2color is instance of dict? True
2024-03-18 01:18:45,476 label2color : {'conditions_of_coverage': '#BD6E58', 'sum_insured_amount': '#E65BB0', 'lc_ref_no': '#6763FE', 'subject_matter_insured': '#769C9B', 'original_Number': '#7BAE1B', 'policy_no': '#349E55', 'insurance_issuer_name_bottom': '#07953E', 'premium_amount': '#2582ED', 'sail_on_or_about_to_date': '#0E0D7F', 'start_date': '#5FC979', 'insurance_issuer_name': '#33E3FF', 'original_copy': '#4BA75A', 'place_of_issue': '#766C56', 'invoice_no': '#B2745C', 'claim_payable_by_address': '#BAA7BB', 'signed_by_issuer': '#E330ED', 'signature': '#FE78B7', 'address_of_assured': '#D53E27', 'signed_by_proxy': '#07B795', 'claim payable_by_name': '#D72A9A', 'sum_insured_currency': '#36B180', 'invoice_date': '#865D35', 'mode_of_transport': '#FEFBAC', 'expiry_date': '#A1FDBF', 'name_of_assured': '#77EFB1', 'end_date': '#A95381', 'signed_by_underwriter': '#380E35', 'premium_currency': '#260A95', 'declaration_by': '#B70973', 'insurance_issuer_address_bottom': '#F2115F', 'lc_date': '#E89322', 'agent_address': '#C8CDC2', 'insurance_issuer_address': '#7F4824', 'certificate_Stamped': '#E07031', 'agent_name': '#CC6C1D', 'O': '#7070E1', 'issue_date': '#2756F0', 'signed_by_agent': '#691A67', 'country_of_origin_origin_of_goods': '#26E774', 'claim_payable_in': '#438184', 'certificate_no': '#5ACE58', 'vessel_or_flight_name': '#D2FB5F', 'to_place': '#B65423', 'page_no': '#5036EF', 'from_place': '#058A73', 'vessel_or_flight_number': '#DCB2AE'}
2024-03-18 01:18:45,603 is result_set is instance of dict? True
2024-03-18 01:18:45,605 is final_result_set is instance of dict? True
2024-03-18 01:18:45,785 Time taken for page 1 of Insurance_Certificate_33_page_0.png:0:00:01.761913
2024-03-18 01:18:45,879 *****Generated All Pages****** for Insurance_Certificate_33_page_0.png
2024-03-18 01:18:45,879 RAM memory 69.1 used for Insurance_Certificate_33_page_0.png Generating All Pages:
2024-03-18 01:18:45,879 Processing time taken for all pages of Insurance_Certificate_33_page_0.png1:0:00:01.867108
2024-03-18 01:18:46,001 file name is:Insurance_Certificate_923_page_0.png
2024-03-18 01:18:46,002 folder path :Images
2024-03-18 01:18:46,002 Calling Image result
2024-03-18 01:18:46,002 is all_page_result is instance of dict? True
2024-03-18 01:18:46,005 STREAM b'IHDR' 16 13
2024-03-18 01:18:46,005 STREAM b'IDAT' 41 65536
2024-03-18 01:18:46,037 is words is instance of list? True
2024-03-18 01:18:46,037 is bboxes is instance of list? True
2024-03-18 01:18:46,037 is bounding_boxes is instance of list? True
2024-03-18 01:18:46,301 is input_id_chunks is instance of list? True
2024-03-18 01:18:46,301 is mask_chunks is instance of list? True
2024-03-18 01:18:46,301 is bbox_chunks is instance of list? True
2024-03-18 01:18:46,301 is image_chunks is instance of list? True
2024-03-18 01:18:46,302 is input_dict is instance of dict? True
2024-03-18 01:18:49,296 Model Called
2024-03-18 01:18:49,297 RAM memory 73.5 used for Insurance_Certificate_923_page_0.png:
2024-03-18 01:18:49,297 is all_predictions is instance of list? True
2024-03-18 01:18:49,297 is all_boxes is instance of list? True
2024-03-18 01:18:49,297 is all_confidences is instance of list? True
2024-03-18 01:18:49,297 is all_text is instance of list? True
2024-03-18 01:18:49,297 is label2id is instance of dict? True
2024-03-18 01:18:49,297 is id2label is instance of dict? True
2024-03-18 01:18:49,299 is label2color is instance of dict? True
2024-03-18 01:18:49,299 label2color : {'conditions_of_coverage': '#07DA31', 'sum_insured_amount': '#262A4C', 'lc_ref_no': '#E15602', 'subject_matter_insured': '#CB76AD', 'original_Number': '#B242C3', 'policy_no': '#094D24', 'insurance_issuer_name_bottom': '#7854F4', 'premium_amount': '#C8245D', 'sail_on_or_about_to_date': '#14A4ED', 'start_date': '#3AD582', 'insurance_issuer_name': '#00FCF3', 'original_copy': '#196D37', 'place_of_issue': '#2458EB', 'invoice_no': '#5558E5', 'claim_payable_by_address': '#87EA98', 'signed_by_issuer': '#2EFCBB', 'signature': '#5DFD3F', 'address_of_assured': '#27F76B', 'signed_by_proxy': '#65AE1E', 'claim payable_by_name': '#4C8FDD', 'sum_insured_currency': '#C10819', 'invoice_date': '#EF2E14', 'mode_of_transport': '#CDA312', 'expiry_date': '#EEBD02', 'name_of_assured': '#4D0ADA', 'end_date': '#5EBA11', 'signed_by_underwriter': '#A1729D', 'premium_currency': '#F29769', 'declaration_by': '#1CE917', 'insurance_issuer_address_bottom': '#D730C6', 'lc_date': '#D08688', 'agent_address': '#ED34A2', 'insurance_issuer_address': '#E9E5D8', 'certificate_Stamped': '#DC6D35', 'agent_name': '#D0CF5E', 'O': '#CA27CE', 'issue_date': '#624117', 'signed_by_agent': '#85A362', 'country_of_origin_origin_of_goods': '#E9360B', 'claim_payable_in': '#719174', 'certificate_no': '#F1570E', 'vessel_or_flight_name': '#CD5EBB', 'to_place': '#084F02', 'page_no': '#7EB798', 'from_place': '#F3ABFF', 'vessel_or_flight_number': '#D78EAF'}
2024-03-18 01:18:49,598 is result_set is instance of dict? True
2024-03-18 01:18:49,599 is final_result_set is instance of dict? True
2024-03-18 01:18:49,778 Time taken for page 1 of Insurance_Certificate_923_page_0.png:0:00:03.772858
2024-03-18 01:18:49,937 *****Generated All Pages****** for Insurance_Certificate_923_page_0.png
2024-03-18 01:18:49,937 RAM memory 74.0 used for Insurance_Certificate_923_page_0.png Generating All Pages:
2024-03-18 01:18:49,937 Processing time taken for all pages of Insurance_Certificate_923_page_0.png1:0:00:03.935761
2024-03-18 01:18:50,111 file name is:Insurance_Certificate_909_page_1.png
2024-03-18 01:18:50,111 folder path :Images
2024-03-18 01:18:50,111 Calling Image result
2024-03-18 01:18:50,111 is all_page_result is instance of dict? True
2024-03-18 01:18:50,111 STREAM b'IHDR' 16 13
2024-03-18 01:18:50,112 STREAM b'IDAT' 41 65536
2024-03-18 01:18:50,153 is words is instance of list? True
2024-03-18 01:18:50,153 is bboxes is instance of list? True
2024-03-18 01:18:50,153 is bounding_boxes is instance of list? True
2024-03-18 01:18:50,389 is input_id_chunks is instance of list? True
2024-03-18 01:18:50,389 is mask_chunks is instance of list? True
2024-03-18 01:18:50,389 is bbox_chunks is instance of list? True
2024-03-18 01:18:50,389 is image_chunks is instance of list? True
2024-03-18 01:18:50,390 is input_dict is instance of dict? True
2024-03-18 01:18:53,244 Model Called
2024-03-18 01:18:53,244 RAM memory 70.4 used for Insurance_Certificate_909_page_1.png:
2024-03-18 01:18:53,245 is all_predictions is instance of list? True
2024-03-18 01:18:53,245 is all_boxes is instance of list? True
2024-03-18 01:18:53,245 is all_confidences is instance of list? True
2024-03-18 01:18:53,245 is all_text is instance of list? True
2024-03-18 01:18:53,246 is label2id is instance of dict? True
2024-03-18 01:18:53,246 is id2label is instance of dict? True
2024-03-18 01:18:53,247 is label2color is instance of dict? True
2024-03-18 01:18:53,247 label2color : {'conditions_of_coverage': '#A83815', 'sum_insured_amount': '#CCAC58', 'lc_ref_no': '#142EF7', 'subject_matter_insured': '#A99CF2', 'original_Number': '#AD3E9F', 'policy_no': '#87430B', 'insurance_issuer_name_bottom': '#15F697', 'premium_amount': '#F91E66', 'sail_on_or_about_to_date': '#DD022B', 'start_date': '#33CB3B', 'insurance_issuer_name': '#6C9992', 'original_copy': '#58A8C3', 'place_of_issue': '#64FCF7', 'invoice_no': '#0BF26C', 'claim_payable_by_address': '#A5CC16', 'signed_by_issuer': '#E7B848', 'signature': '#B5D2F4', 'address_of_assured': '#2898AA', 'signed_by_proxy': '#E4B0CC', 'claim payable_by_name': '#D72711', 'sum_insured_currency': '#69A264', 'invoice_date': '#A4715F', 'mode_of_transport': '#145E99', 'expiry_date': '#FF4B71', 'name_of_assured': '#764F02', 'end_date': '#3AC597', 'signed_by_underwriter': '#00FB9D', 'premium_currency': '#EA3EB7', 'declaration_by': '#9A731C', 'insurance_issuer_address_bottom': '#B3C939', 'lc_date': '#B43B5F', 'agent_address': '#6AA6A2', 'insurance_issuer_address': '#9FCFE9', 'certificate_Stamped': '#5698C6', 'agent_name': '#A41B60', 'O': '#A2707B', 'issue_date': '#6A121F', 'signed_by_agent': '#05E0EF', 'country_of_origin_origin_of_goods': '#27C862', 'claim_payable_in': '#081E6A', 'certificate_no': '#F7A385', 'vessel_or_flight_name': '#E65F23', 'to_place': '#BCC088', 'page_no': '#13B892', 'from_place': '#92285B', 'vessel_or_flight_number': '#983928'}
2024-03-18 01:18:53,503 is result_set is instance of dict? True
2024-03-18 01:18:53,504 is final_result_set is instance of dict? True
2024-03-18 01:18:53,691 Time taken for page 1 of Insurance_Certificate_909_page_1.png:0:00:03.579170
2024-03-18 01:18:53,856 *****Generated All Pages****** for Insurance_Certificate_909_page_1.png
2024-03-18 01:18:53,857 RAM memory 70.6 used for Insurance_Certificate_909_page_1.png Generating All Pages:
2024-03-18 01:18:53,857 Processing time taken for all pages of Insurance_Certificate_909_page_1.png1:0:00:03.745770
2024-03-18 01:18:53,991 file name is:Insurance_Certificate_885_page_0.png
2024-03-18 01:18:53,991 folder path :Images
2024-03-18 01:18:53,991 Calling Image result
2024-03-18 01:18:53,991 is all_page_result is instance of dict? True
2024-03-18 01:18:53,991 STREAM b'IHDR' 16 13
2024-03-18 01:18:53,992 STREAM b'IDAT' 41 48071
2024-03-18 01:18:54,018 is words is instance of list? True
2024-03-18 01:18:54,019 is bboxes is instance of list? True
2024-03-18 01:18:54,019 is bounding_boxes is instance of list? True
2024-03-18 01:18:54,184 is input_id_chunks is instance of list? True
2024-03-18 01:18:54,184 is mask_chunks is instance of list? True
2024-03-18 01:18:54,184 is bbox_chunks is instance of list? True
2024-03-18 01:18:54,184 is image_chunks is instance of list? True
2024-03-18 01:18:54,184 is input_dict is instance of dict? True
2024-03-18 01:18:57,245 Model Called
2024-03-18 01:18:57,245 RAM memory 75.1 used for Insurance_Certificate_885_page_0.png:
2024-03-18 01:18:57,245 is all_predictions is instance of list? True
2024-03-18 01:18:57,245 is all_boxes is instance of list? True
2024-03-18 01:18:57,245 is all_confidences is instance of list? True
2024-03-18 01:18:57,245 is all_text is instance of list? True
2024-03-18 01:18:57,245 is label2id is instance of dict? True
2024-03-18 01:18:57,245 is id2label is instance of dict? True
2024-03-18 01:18:57,246 is label2color is instance of dict? True
2024-03-18 01:18:57,246 label2color : {'conditions_of_coverage': '#6F3126', 'sum_insured_amount': '#F52FE4', 'lc_ref_no': '#E41108', 'subject_matter_insured': '#CDD70C', 'original_Number': '#500531', 'policy_no': '#C63AC6', 'insurance_issuer_name_bottom': '#74F196', 'premium_amount': '#C161DC', 'sail_on_or_about_to_date': '#590169', 'start_date': '#8F377F', 'insurance_issuer_name': '#E24E70', 'original_copy': '#D16570', 'place_of_issue': '#47F535', 'invoice_no': '#A1ACE4', 'claim_payable_by_address': '#95D2B3', 'signed_by_issuer': '#6FE573', 'signature': '#050936', 'address_of_assured': '#9C0045', 'signed_by_proxy': '#7EFED8', 'claim payable_by_name': '#60FD67', 'sum_insured_currency': '#EF5D08', 'invoice_date': '#929551', 'mode_of_transport': '#FFDAED', 'expiry_date': '#146B4A', 'name_of_assured': '#42A383', 'end_date': '#41FE9B', 'signed_by_underwriter': '#450E05', 'premium_currency': '#CA1F20', 'declaration_by': '#DB2CA1', 'insurance_issuer_address_bottom': '#91CC02', 'lc_date': '#6F9726', 'agent_address': '#A6E894', 'insurance_issuer_address': '#0DE195', 'certificate_Stamped': '#A873BB', 'agent_name': '#042C58', 'O': '#2A9209', 'issue_date': '#1AA6B4', 'signed_by_agent': '#9691BC', 'country_of_origin_origin_of_goods': '#CF7F13', 'claim_payable_in': '#6ADF65', 'certificate_no': '#115EB0', 'vessel_or_flight_name': '#063879', 'to_place': '#4E1D49', 'page_no': '#A8A275', 'from_place': '#F76F30', 'vessel_or_flight_number': '#0B0A15'}
2024-03-18 01:18:57,420 is result_set is instance of dict? True
2024-03-18 01:18:57,422 is final_result_set is instance of dict? True
2024-03-18 01:18:57,562 Time taken for page 1 of Insurance_Certificate_885_page_0.png:0:00:03.570510
2024-03-18 01:18:57,644 *****Generated All Pages****** for Insurance_Certificate_885_page_0.png
2024-03-18 01:18:57,644 RAM memory 75.2 used for Insurance_Certificate_885_page_0.png Generating All Pages:
2024-03-18 01:18:57,645 Processing time taken for all pages of Insurance_Certificate_885_page_0.png1:0:00:03.653740
2024-03-18 01:18:57,773 file name is:Insurance_Certificate_37_page_0.png
2024-03-18 01:18:57,773 folder path :Images
2024-03-18 01:18:57,773 Calling Image result
2024-03-18 01:18:57,773 is all_page_result is instance of dict? True
2024-03-18 01:18:57,776 STREAM b'IHDR' 16 13
2024-03-18 01:18:57,777 STREAM b'IDAT' 41 28881
2024-03-18 01:18:57,799 is words is instance of list? True
2024-03-18 01:18:57,799 is bboxes is instance of list? True
2024-03-18 01:18:57,799 is bounding_boxes is instance of list? True
2024-03-18 01:18:57,923 is input_id_chunks is instance of list? True
2024-03-18 01:18:57,923 is mask_chunks is instance of list? True
2024-03-18 01:18:57,923 is bbox_chunks is instance of list? True
2024-03-18 01:18:57,923 is image_chunks is instance of list? True
2024-03-18 01:18:57,924 is input_dict is instance of dict? True
2024-03-18 01:18:59,784 Model Called
2024-03-18 01:18:59,784 RAM memory 71.6 used for Insurance_Certificate_37_page_0.png:
2024-03-18 01:18:59,784 is all_predictions is instance of list? True
2024-03-18 01:18:59,784 is all_boxes is instance of list? True
2024-03-18 01:18:59,784 is all_confidences is instance of list? True
2024-03-18 01:18:59,784 is all_text is instance of list? True
2024-03-18 01:18:59,785 is label2id is instance of dict? True
2024-03-18 01:18:59,785 is id2label is instance of dict? True
2024-03-18 01:18:59,785 is label2color is instance of dict? True
2024-03-18 01:18:59,785 label2color : {'conditions_of_coverage': '#04089C', 'sum_insured_amount': '#963495', 'lc_ref_no': '#58FAAB', 'subject_matter_insured': '#7188B1', 'original_Number': '#4EEE72', 'policy_no': '#9D4A7B', 'insurance_issuer_name_bottom': '#0A7970', 'premium_amount': '#8A8672', 'sail_on_or_about_to_date': '#473EA1', 'start_date': '#D56AD8', 'insurance_issuer_name': '#4B6376', 'original_copy': '#649E64', 'place_of_issue': '#F70348', 'invoice_no': '#F9B660', 'claim_payable_by_address': '#920F9D', 'signed_by_issuer': '#8EE1DE', 'signature': '#D33CCD', 'address_of_assured': '#296808', 'signed_by_proxy': '#486E79', 'claim payable_by_name': '#05DFE5', 'sum_insured_currency': '#3CD2D6', 'invoice_date': '#524186', 'mode_of_transport': '#5BB7ED', 'expiry_date': '#F55AB8', 'name_of_assured': '#B221AF', 'end_date': '#542994', 'signed_by_underwriter': '#FBC16B', 'premium_currency': '#106B5A', 'declaration_by': '#AFA204', 'insurance_issuer_address_bottom': '#E4645F', 'lc_date': '#4862A3', 'agent_address': '#B968A4', 'insurance_issuer_address': '#A451C6', 'certificate_Stamped': '#204F24', 'agent_name': '#82CC7B', 'O': '#D4BDAD', 'issue_date': '#F3A48A', 'signed_by_agent': '#0C1ACA', 'country_of_origin_origin_of_goods': '#A60691', 'claim_payable_in': '#67D841', 'certificate_no': '#5698EF', 'vessel_or_flight_name': '#EC90F2', 'to_place': '#ACA241', 'page_no': '#DAAF2C', 'from_place': '#E230A4', 'vessel_or_flight_number': '#F8775B'}
2024-03-18 01:18:59,892 is result_set is instance of dict? True
2024-03-18 01:18:59,893 is final_result_set is instance of dict? True
2024-03-18 01:19:00,005 Time taken for page 1 of Insurance_Certificate_37_page_0.png:0:00:02.228275
2024-03-18 01:19:00,069 *****Generated All Pages****** for Insurance_Certificate_37_page_0.png
2024-03-18 01:19:00,069 RAM memory 71.6 used for Insurance_Certificate_37_page_0.png Generating All Pages:
2024-03-18 01:19:00,070 Processing time taken for all pages of Insurance_Certificate_37_page_0.png1:0:00:02.296501
2024-03-18 01:19:00,189 file name is:Insurance_Certificate_1_page_0.png
2024-03-18 01:19:00,190 folder path :Images
2024-03-18 01:19:00,190 Calling Image result
2024-03-18 01:19:00,190 is all_page_result is instance of dict? True
2024-03-18 01:19:00,200 STREAM b'IHDR' 16 13
2024-03-18 01:19:00,200 STREAM b'IDAT' 41 58422
2024-03-18 01:19:00,229 is words is instance of list? True
2024-03-18 01:19:00,229 is bboxes is instance of list? True
2024-03-18 01:19:00,229 is bounding_boxes is instance of list? True
2024-03-18 01:19:00,420 is input_id_chunks is instance of list? True
2024-03-18 01:19:00,420 is mask_chunks is instance of list? True
2024-03-18 01:19:00,420 is bbox_chunks is instance of list? True
2024-03-18 01:19:00,420 is image_chunks is instance of list? True
2024-03-18 01:19:00,420 is input_dict is instance of dict? True
2024-03-18 01:19:02,217 Model Called
2024-03-18 01:19:02,217 RAM memory 70.4 used for Insurance_Certificate_1_page_0.png:
2024-03-18 01:19:02,217 is all_predictions is instance of list? True
2024-03-18 01:19:02,217 is all_boxes is instance of list? True
2024-03-18 01:19:02,217 is all_confidences is instance of list? True
2024-03-18 01:19:02,217 is all_text is instance of list? True
2024-03-18 01:19:02,217 is label2id is instance of dict? True
2024-03-18 01:19:02,217 is id2label is instance of dict? True
2024-03-18 01:19:02,218 is label2color is instance of dict? True
2024-03-18 01:19:02,218 label2color : {'conditions_of_coverage': '#303EBF', 'sum_insured_amount': '#AC4EB7', 'lc_ref_no': '#D6A421', 'subject_matter_insured': '#9F28F2', 'original_Number': '#49E12D', 'policy_no': '#B5B72E', 'insurance_issuer_name_bottom': '#950384', 'premium_amount': '#9B7446', 'sail_on_or_about_to_date': '#544F28', 'start_date': '#FC51E3', 'insurance_issuer_name': '#4BE9FC', 'original_copy': '#F627DA', 'place_of_issue': '#25F928', 'invoice_no': '#CD6715', 'claim_payable_by_address': '#677EBA', 'signed_by_issuer': '#B19447', 'signature': '#E9CA4B', 'address_of_assured': '#96C0E6', 'signed_by_proxy': '#F65577', 'claim payable_by_name': '#8CA7A3', 'sum_insured_currency': '#577DAF', 'invoice_date': '#606434', 'mode_of_transport': '#714478', 'expiry_date': '#E5AC16', 'name_of_assured': '#D9750B', 'end_date': '#DBAA3E', 'signed_by_underwriter': '#97B4B9', 'premium_currency': '#060908', 'declaration_by': '#DD0074', 'insurance_issuer_address_bottom': '#9DA0E6', 'lc_date': '#5DB0F9', 'agent_address': '#7BF2C8', 'insurance_issuer_address': '#086F5D', 'certificate_Stamped': '#B00C75', 'agent_name': '#C07D99', 'O': '#73C088', 'issue_date': '#D38359', 'signed_by_agent': '#63F8AD', 'country_of_origin_origin_of_goods': '#F79498', 'claim_payable_in': '#519781', 'certificate_no': '#8BF5C4', 'vessel_or_flight_name': '#AD8F8B', 'to_place': '#5062E6', 'page_no': '#FD5D1E', 'from_place': '#13FEFC', 'vessel_or_flight_number': '#5090CE'}
2024-03-18 01:19:02,419 is result_set is instance of dict? True
2024-03-18 01:19:02,420 is final_result_set is instance of dict? True
2024-03-18 01:19:02,534 Time taken for page 1 of Insurance_Certificate_1_page_0.png:0:00:02.333861
2024-03-18 01:19:02,650 *****Generated All Pages****** for Insurance_Certificate_1_page_0.png
2024-03-18 01:19:02,651 RAM memory 70.4 used for Insurance_Certificate_1_page_0.png Generating All Pages:
2024-03-18 01:19:02,651 Processing time taken for all pages of Insurance_Certificate_1_page_0.png1:0:00:02.460895
2024-03-18 01:19:02,766 file name is:Insurance_Certificate_906_page_0.png
2024-03-18 01:19:02,766 folder path :Images
2024-03-18 01:19:02,766 Calling Image result
2024-03-18 01:19:02,766 is all_page_result is instance of dict? True
2024-03-18 01:19:02,776 STREAM b'IHDR' 16 13
2024-03-18 01:19:02,776 STREAM b'IDAT' 41 46226
2024-03-18 01:19:02,804 is words is instance of list? True
2024-03-18 01:19:02,804 is bboxes is instance of list? True
2024-03-18 01:19:02,804 is bounding_boxes is instance of list? True
2024-03-18 01:19:03,020 is input_id_chunks is instance of list? True
2024-03-18 01:19:03,020 is mask_chunks is instance of list? True
2024-03-18 01:19:03,020 is bbox_chunks is instance of list? True
2024-03-18 01:19:03,020 is image_chunks is instance of list? True
2024-03-18 01:19:03,021 is input_dict is instance of dict? True
2024-03-18 01:19:04,913 Model Called
2024-03-18 01:19:04,913 RAM memory 70.4 used for Insurance_Certificate_906_page_0.png:
2024-03-18 01:19:04,913 is all_predictions is instance of list? True
2024-03-18 01:19:04,914 is all_boxes is instance of list? True
2024-03-18 01:19:04,914 is all_confidences is instance of list? True
2024-03-18 01:19:04,914 is all_text is instance of list? True
2024-03-18 01:19:04,914 is label2id is instance of dict? True
2024-03-18 01:19:04,914 is id2label is instance of dict? True
2024-03-18 01:19:04,914 is label2color is instance of dict? True
2024-03-18 01:19:04,915 label2color : {'conditions_of_coverage': '#034C4E', 'sum_insured_amount': '#C054D5', 'lc_ref_no': '#A1C951', 'subject_matter_insured': '#EA71F6', 'original_Number': '#636EE0', 'policy_no': '#A2CFCA', 'insurance_issuer_name_bottom': '#A7D784', 'premium_amount': '#9353DA', 'sail_on_or_about_to_date': '#316FB9', 'start_date': '#479C23', 'insurance_issuer_name': '#B67C46', 'original_copy': '#6C6464', 'place_of_issue': '#3AE8E0', 'invoice_no': '#577DD1', 'claim_payable_by_address': '#483EB8', 'signed_by_issuer': '#06E368', 'signature': '#F42B96', 'address_of_assured': '#3A49E5', 'signed_by_proxy': '#A9F4EF', 'claim payable_by_name': '#535E65', 'sum_insured_currency': '#379361', 'invoice_date': '#015454', 'mode_of_transport': '#352DA2', 'expiry_date': '#8CD169', 'name_of_assured': '#F2029C', 'end_date': '#35BC4B', 'signed_by_underwriter': '#E422E9', 'premium_currency': '#096A6D', 'declaration_by': '#5C6EE6', 'insurance_issuer_address_bottom': '#FD1177', 'lc_date': '#247869', 'agent_address': '#F43424', 'insurance_issuer_address': '#183435', 'certificate_Stamped': '#5C1C09', 'agent_name': '#A286FD', 'O': '#088551', 'issue_date': '#55C1E0', 'signed_by_agent': '#FA59AB', 'country_of_origin_origin_of_goods': '#E17431', 'claim_payable_in': '#A5A855', 'certificate_no': '#60EA5C', 'vessel_or_flight_name': '#AAB5BD', 'to_place': '#6D541D', 'page_no': '#4BE26A', 'from_place': '#189D91', 'vessel_or_flight_number': '#901F87'}
2024-03-18 01:19:05,098 is result_set is instance of dict? True
2024-03-18 01:19:05,099 is final_result_set is instance of dict? True
2024-03-18 01:19:05,210 Time taken for page 1 of Insurance_Certificate_906_page_0.png:0:00:02.433479
2024-03-18 01:19:05,324 *****Generated All Pages****** for Insurance_Certificate_906_page_0.png
2024-03-18 01:19:05,324 RAM memory 70.4 used for Insurance_Certificate_906_page_0.png Generating All Pages:
2024-03-18 01:19:05,324 Processing time taken for all pages of Insurance_Certificate_906_page_0.png1:0:00:02.558649
2024-03-18 01:19:05,438 file name is:Insurance_Certificate_31_page_0.png
2024-03-18 01:19:05,438 folder path :Images
2024-03-18 01:19:05,438 Calling Image result
2024-03-18 01:19:05,438 is all_page_result is instance of dict? True
2024-03-18 01:19:05,439 STREAM b'IHDR' 16 13
2024-03-18 01:19:05,439 STREAM b'IDAT' 41 65536
2024-03-18 01:19:05,472 is words is instance of list? True
2024-03-18 01:19:05,472 is bboxes is instance of list? True
2024-03-18 01:19:05,472 is bounding_boxes is instance of list? True
2024-03-18 01:19:05,695 is input_id_chunks is instance of list? True
2024-03-18 01:19:05,695 is mask_chunks is instance of list? True
2024-03-18 01:19:05,695 is bbox_chunks is instance of list? True
2024-03-18 01:19:05,695 is image_chunks is instance of list? True
2024-03-18 01:19:05,696 is input_dict is instance of dict? True
2024-03-18 01:19:09,816 Model Called
2024-03-18 01:19:09,816 RAM memory 79.8 used for Insurance_Certificate_31_page_0.png:
2024-03-18 01:19:09,816 is all_predictions is instance of list? True
2024-03-18 01:19:09,816 is all_boxes is instance of list? True
2024-03-18 01:19:09,817 is all_confidences is instance of list? True
2024-03-18 01:19:09,817 is all_text is instance of list? True
2024-03-18 01:19:09,817 is label2id is instance of dict? True
2024-03-18 01:19:09,817 is id2label is instance of dict? True
2024-03-18 01:19:09,817 is label2color is instance of dict? True
2024-03-18 01:19:09,817 label2color : {'conditions_of_coverage': '#E934C7', 'sum_insured_amount': '#56AACF', 'lc_ref_no': '#69FB8C', 'subject_matter_insured': '#AF91D6', 'original_Number': '#CDAAF9', 'policy_no': '#4F84D3', 'insurance_issuer_name_bottom': '#808DAC', 'premium_amount': '#3CE90C', 'sail_on_or_about_to_date': '#9C19FB', 'start_date': '#76DA9A', 'insurance_issuer_name': '#98B6A2', 'original_copy': '#BBF566', 'place_of_issue': '#A4C69F', 'invoice_no': '#06AEE9', 'claim_payable_by_address': '#EC7C49', 'signed_by_issuer': '#6020E4', 'signature': '#84F789', 'address_of_assured': '#49031A', 'signed_by_proxy': '#F48D1C', 'claim payable_by_name': '#587059', 'sum_insured_currency': '#8CF12D', 'invoice_date': '#57A3CF', 'mode_of_transport': '#091BB0', 'expiry_date': '#8A250E', 'name_of_assured': '#20FCCB', 'end_date': '#F04764', 'signed_by_underwriter': '#7E87FC', 'premium_currency': '#6D7676', 'declaration_by': '#DF4C96', 'insurance_issuer_address_bottom': '#F805CF', 'lc_date': '#D5F5BC', 'agent_address': '#D53886', 'insurance_issuer_address': '#97A8DA', 'certificate_Stamped': '#22138E', 'agent_name': '#CEBD3B', 'O': '#5EBD1C', 'issue_date': '#35CF80', 'signed_by_agent': '#B4150F', 'country_of_origin_origin_of_goods': '#72D989', 'claim_payable_in': '#61492E', 'certificate_no': '#86F316', 'vessel_or_flight_name': '#DDFC3F', 'to_place': '#02B422', 'page_no': '#C1BDA0', 'from_place': '#97DFC7', 'vessel_or_flight_number': '#C371D7'}
2024-03-18 01:19:10,146 is result_set is instance of dict? True
2024-03-18 01:19:10,147 is final_result_set is instance of dict? True
2024-03-18 01:19:10,299 Time taken for page 1 of Insurance_Certificate_31_page_0.png:0:00:04.859764
2024-03-18 01:19:10,438 *****Generated All Pages****** for Insurance_Certificate_31_page_0.png
2024-03-18 01:19:10,438 RAM memory 79.9 used for Insurance_Certificate_31_page_0.png Generating All Pages:
2024-03-18 01:19:10,438 Processing time taken for all pages of Insurance_Certificate_31_page_0.png1:0:00:04.999640
2024-03-18 01:19:10,583 file name is:Insurance_Certificate_909_page_4.png
2024-03-18 01:19:10,583 folder path :Images
2024-03-18 01:19:10,584 Calling Image result
2024-03-18 01:19:10,584 is all_page_result is instance of dict? True
2024-03-18 01:19:10,594 STREAM b'IHDR' 16 13
2024-03-18 01:19:10,594 STREAM b'IDAT' 41 65536
2024-03-18 01:19:10,654 is words is instance of list? True
2024-03-18 01:19:10,654 is bboxes is instance of list? True
2024-03-18 01:19:10,654 is bounding_boxes is instance of list? True
2024-03-18 01:19:10,849 is input_id_chunks is instance of list? True
2024-03-18 01:19:10,850 is mask_chunks is instance of list? True
2024-03-18 01:19:10,850 is bbox_chunks is instance of list? True
2024-03-18 01:19:10,850 is image_chunks is instance of list? True
2024-03-18 01:19:10,850 is input_dict is instance of dict? True
2024-03-18 01:19:12,843 Model Called
2024-03-18 01:19:12,843 RAM memory 70.2 used for Insurance_Certificate_909_page_4.png:
2024-03-18 01:19:12,844 is all_predictions is instance of list? True
2024-03-18 01:19:12,844 is all_boxes is instance of list? True
2024-03-18 01:19:12,844 is all_confidences is instance of list? True
2024-03-18 01:19:12,844 is all_text is instance of list? True
2024-03-18 01:19:12,844 is label2id is instance of dict? True
2024-03-18 01:19:12,844 is id2label is instance of dict? True
2024-03-18 01:19:12,845 is label2color is instance of dict? True
2024-03-18 01:19:12,845 label2color : {'conditions_of_coverage': '#91D4E4', 'sum_insured_amount': '#0F942C', 'lc_ref_no': '#864A57', 'subject_matter_insured': '#F1E0DE', 'original_Number': '#FBBA9B', 'policy_no': '#4DD168', 'insurance_issuer_name_bottom': '#5FD02A', 'premium_amount': '#A60DCB', 'sail_on_or_about_to_date': '#7802DD', 'start_date': '#95BD1D', 'insurance_issuer_name': '#7CFB8A', 'original_copy': '#ABD11A', 'place_of_issue': '#2CE28D', 'invoice_no': '#A8A197', 'claim_payable_by_address': '#770FF2', 'signed_by_issuer': '#267938', 'signature': '#18B0A4', 'address_of_assured': '#9368AB', 'signed_by_proxy': '#C51801', 'claim payable_by_name': '#DDFDC5', 'sum_insured_currency': '#B8C83F', 'invoice_date': '#64CF76', 'mode_of_transport': '#AA0246', 'expiry_date': '#7181AF', 'name_of_assured': '#3DB5A9', 'end_date': '#98B1AF', 'signed_by_underwriter': '#B41986', 'premium_currency': '#095F56', 'declaration_by': '#50033A', 'insurance_issuer_address_bottom': '#E11C43', 'lc_date': '#15FB0E', 'agent_address': '#209A34', 'insurance_issuer_address': '#FC5FF8', 'certificate_Stamped': '#F58F18', 'agent_name': '#1D359F', 'O': '#889DAF', 'issue_date': '#472E5A', 'signed_by_agent': '#407E92', 'country_of_origin_origin_of_goods': '#7176EF', 'claim_payable_in': '#FA24EF', 'certificate_no': '#AE44AB', 'vessel_or_flight_name': '#CACDC2', 'to_place': '#F89B19', 'page_no': '#9D45FB', 'from_place': '#EBB799', 'vessel_or_flight_number': '#6E1783'}
2024-03-18 01:19:13,042 is result_set is instance of dict? True
2024-03-18 01:19:13,043 is final_result_set is instance of dict? True
2024-03-18 01:19:13,266 Time taken for page 1 of Insurance_Certificate_909_page_4.png:0:00:02.671823
2024-03-18 01:19:13,406 *****Generated All Pages****** for Insurance_Certificate_909_page_4.png
2024-03-18 01:19:13,406 RAM memory 69.6 used for Insurance_Certificate_909_page_4.png Generating All Pages:
2024-03-18 01:19:13,406 Processing time taken for all pages of Insurance_Certificate_909_page_4.png1:0:00:02.822599
2024-03-18 01:19:13,542 file name is:Insurance_Certificate_873_page_0.png
2024-03-18 01:19:13,542 folder path :Images
2024-03-18 01:19:13,542 Calling Image result
2024-03-18 01:19:13,542 is all_page_result is instance of dict? True
2024-03-18 01:19:13,553 STREAM b'IHDR' 16 13
2024-03-18 01:19:13,553 STREAM b'IDAT' 41 65536
2024-03-18 01:19:13,587 is words is instance of list? True
2024-03-18 01:19:13,587 is bboxes is instance of list? True
2024-03-18 01:19:13,587 is bounding_boxes is instance of list? True
2024-03-18 01:19:13,819 is input_id_chunks is instance of list? True
2024-03-18 01:19:13,820 is mask_chunks is instance of list? True
2024-03-18 01:19:13,820 is bbox_chunks is instance of list? True
2024-03-18 01:19:13,820 is image_chunks is instance of list? True
2024-03-18 01:19:13,820 is input_dict is instance of dict? True
2024-03-18 01:19:15,975 Model Called
2024-03-18 01:19:15,975 RAM memory 69.9 used for Insurance_Certificate_873_page_0.png:
2024-03-18 01:19:15,976 is all_predictions is instance of list? True
2024-03-18 01:19:15,976 is all_boxes is instance of list? True
2024-03-18 01:19:15,976 is all_confidences is instance of list? True
2024-03-18 01:19:15,976 is all_text is instance of list? True
2024-03-18 01:19:15,976 is label2id is instance of dict? True
2024-03-18 01:19:15,976 is id2label is instance of dict? True
2024-03-18 01:19:15,977 is label2color is instance of dict? True
2024-03-18 01:19:15,977 label2color : {'conditions_of_coverage': '#4124E4', 'sum_insured_amount': '#ABC24A', 'lc_ref_no': '#F69287', 'subject_matter_insured': '#17E980', 'original_Number': '#B610A7', 'policy_no': '#5C628B', 'insurance_issuer_name_bottom': '#B17FCF', 'premium_amount': '#6F52F7', 'sail_on_or_about_to_date': '#14AB6C', 'start_date': '#553296', 'insurance_issuer_name': '#5578FF', 'original_copy': '#E2B8DE', 'place_of_issue': '#FF2497', 'invoice_no': '#C688E0', 'claim_payable_by_address': '#18E66C', 'signed_by_issuer': '#490875', 'signature': '#98AED5', 'address_of_assured': '#05436A', 'signed_by_proxy': '#69947E', 'claim payable_by_name': '#F3CC1E', 'sum_insured_currency': '#9D5436', 'invoice_date': '#B567AC', 'mode_of_transport': '#5A496C', 'expiry_date': '#1B05F0', 'name_of_assured': '#415DDD', 'end_date': '#6D4ED6', 'signed_by_underwriter': '#70ED90', 'premium_currency': '#6A08F3', 'declaration_by': '#A4CEC8', 'insurance_issuer_address_bottom': '#6FF7FD', 'lc_date': '#EEAABA', 'agent_address': '#27464E', 'insurance_issuer_address': '#E9A125', 'certificate_Stamped': '#A91ABF', 'agent_name': '#D0663B', 'O': '#AD900B', 'issue_date': '#B7DF05', 'signed_by_agent': '#3B3609', 'country_of_origin_origin_of_goods': '#D37ADA', 'claim_payable_in': '#2029D9', 'certificate_no': '#2728B4', 'vessel_or_flight_name': '#4C5375', 'to_place': '#FE3394', 'page_no': '#9EC068', 'from_place': '#BC5713', 'vessel_or_flight_number': '#3D825C'}
2024-03-18 01:19:16,159 is result_set is instance of dict? True
2024-03-18 01:19:16,160 is final_result_set is instance of dict? True
2024-03-18 01:19:16,261 Time taken for page 1 of Insurance_Certificate_873_page_0.png:0:00:02.708336
2024-03-18 01:19:16,390 *****Generated All Pages****** for Insurance_Certificate_873_page_0.png
2024-03-18 01:19:16,390 RAM memory 69.9 used for Insurance_Certificate_873_page_0.png Generating All Pages:
2024-03-18 01:19:16,390 Processing time taken for all pages of Insurance_Certificate_873_page_0.png1:0:00:02.848336
2024-03-18 01:19:16,501 file name is:Insurance_Certificate_984_page_0.png
2024-03-18 01:19:16,501 folder path :Images
2024-03-18 01:19:16,501 Calling Image result
2024-03-18 01:19:16,501 is all_page_result is instance of dict? True
2024-03-18 01:19:16,512 STREAM b'IHDR' 16 13
2024-03-18 01:19:16,512 STREAM b'IDAT' 41 42223
2024-03-18 01:19:16,541 is words is instance of list? True
2024-03-18 01:19:16,541 is bboxes is instance of list? True
2024-03-18 01:19:16,541 is bounding_boxes is instance of list? True
2024-03-18 01:19:16,737 is input_id_chunks is instance of list? True
2024-03-18 01:19:16,737 is mask_chunks is instance of list? True
2024-03-18 01:19:16,737 is bbox_chunks is instance of list? True
2024-03-18 01:19:16,737 is image_chunks is instance of list? True
2024-03-18 01:19:16,738 is input_dict is instance of dict? True
2024-03-18 01:19:18,553 Model Called
2024-03-18 01:19:18,553 RAM memory 69.5 used for Insurance_Certificate_984_page_0.png:
2024-03-18 01:19:18,553 is all_predictions is instance of list? True
2024-03-18 01:19:18,553 is all_boxes is instance of list? True
2024-03-18 01:19:18,553 is all_confidences is instance of list? True
2024-03-18 01:19:18,553 is all_text is instance of list? True
2024-03-18 01:19:18,554 is label2id is instance of dict? True
2024-03-18 01:19:18,554 is id2label is instance of dict? True
2024-03-18 01:19:18,555 is label2color is instance of dict? True
2024-03-18 01:19:18,555 label2color : {'conditions_of_coverage': '#079D60', 'sum_insured_amount': '#99EC71', 'lc_ref_no': '#16C06E', 'subject_matter_insured': '#0AF1D0', 'original_Number': '#E757E3', 'policy_no': '#D0CA54', 'insurance_issuer_name_bottom': '#25FD82', 'premium_amount': '#82CB97', 'sail_on_or_about_to_date': '#6299D8', 'start_date': '#AE315C', 'insurance_issuer_name': '#D870D6', 'original_copy': '#810A7B', 'place_of_issue': '#CF64B1', 'invoice_no': '#2A9E84', 'claim_payable_by_address': '#079DD2', 'signed_by_issuer': '#8AD3B1', 'signature': '#19ED23', 'address_of_assured': '#FF18E9', 'signed_by_proxy': '#A7FE6D', 'claim payable_by_name': '#484FCB', 'sum_insured_currency': '#BDDFB9', 'invoice_date': '#864527', 'mode_of_transport': '#65B263', 'expiry_date': '#7B44F8', 'name_of_assured': '#95F860', 'end_date': '#FC51BA', 'signed_by_underwriter': '#8322EB', 'premium_currency': '#DD6AF1', 'declaration_by': '#1F9108', 'insurance_issuer_address_bottom': '#975F68', 'lc_date': '#7BF886', 'agent_address': '#A396E3', 'insurance_issuer_address': '#4DB6AE', 'certificate_Stamped': '#2FA424', 'agent_name': '#F8558B', 'O': '#F497F9', 'issue_date': '#32E7C8', 'signed_by_agent': '#DE091D', 'country_of_origin_origin_of_goods': '#73C185', 'claim_payable_in': '#AC2063', 'certificate_no': '#2EEB44', 'vessel_or_flight_name': '#1875B2', 'to_place': '#E1397B', 'page_no': '#B37A60', 'from_place': '#CE3D5C', 'vessel_or_flight_number': '#4E25FD'}
2024-03-18 01:19:18,745 is result_set is instance of dict? True
2024-03-18 01:19:18,746 is final_result_set is instance of dict? True
2024-03-18 01:19:18,908 Time taken for page 1 of Insurance_Certificate_984_page_0.png:0:00:02.396199
2024-03-18 01:19:19,012 *****Generated All Pages****** for Insurance_Certificate_984_page_0.png
2024-03-18 01:19:19,012 RAM memory 69.6 used for Insurance_Certificate_984_page_0.png Generating All Pages:
2024-03-18 01:19:19,012 Processing time taken for all pages of Insurance_Certificate_984_page_0.png1:0:00:02.511056
2024-03-18 01:19:19,134 file name is:Insurance_Certificate_34_page_0.png
2024-03-18 01:19:19,134 folder path :Images
2024-03-18 01:19:19,134 Calling Image result
2024-03-18 01:19:19,134 is all_page_result is instance of dict? True
2024-03-18 01:19:19,135 STREAM b'IHDR' 16 13
2024-03-18 01:19:19,135 STREAM b'IDAT' 41 65536
2024-03-18 01:19:19,178 is words is instance of list? True
2024-03-18 01:19:19,178 is bboxes is instance of list? True
2024-03-18 01:19:19,178 is bounding_boxes is instance of list? True
2024-03-18 01:19:19,390 is input_id_chunks is instance of list? True
2024-03-18 01:19:19,391 is mask_chunks is instance of list? True
2024-03-18 01:19:19,391 is bbox_chunks is instance of list? True
2024-03-18 01:19:19,391 is image_chunks is instance of list? True
2024-03-18 01:19:19,391 is input_dict is instance of dict? True
2024-03-18 01:19:23,660 Model Called
2024-03-18 01:19:23,661 RAM memory 80.1 used for Insurance_Certificate_34_page_0.png:
2024-03-18 01:19:23,661 is all_predictions is instance of list? True
2024-03-18 01:19:23,661 is all_boxes is instance of list? True
2024-03-18 01:19:23,661 is all_confidences is instance of list? True
2024-03-18 01:19:23,661 is all_text is instance of list? True
2024-03-18 01:19:23,661 is label2id is instance of dict? True
2024-03-18 01:19:23,662 is id2label is instance of dict? True
2024-03-18 01:19:23,663 is label2color is instance of dict? True
2024-03-18 01:19:23,663 label2color : {'conditions_of_coverage': '#1DFDCF', 'sum_insured_amount': '#395F04', 'lc_ref_no': '#35718A', 'subject_matter_insured': '#23B45F', 'original_Number': '#C0C516', 'policy_no': '#28EEF6', 'insurance_issuer_name_bottom': '#D075F9', 'premium_amount': '#5A2C98', 'sail_on_or_about_to_date': '#B02149', 'start_date': '#AD2A02', 'insurance_issuer_name': '#C2B065', 'original_copy': '#7A1B0C', 'place_of_issue': '#DB00E9', 'invoice_no': '#72040C', 'claim_payable_by_address': '#1ACFC4', 'signed_by_issuer': '#6E2BFC', 'signature': '#4492F8', 'address_of_assured': '#D74150', 'signed_by_proxy': '#23CCBD', 'claim payable_by_name': '#FB3E61', 'sum_insured_currency': '#68E146', 'invoice_date': '#B0BE20', 'mode_of_transport': '#160130', 'expiry_date': '#2D9B49', 'name_of_assured': '#9BA3E0', 'end_date': '#EC4D87', 'signed_by_underwriter': '#179FAE', 'premium_currency': '#7606C9', 'declaration_by': '#4DAE7A', 'insurance_issuer_address_bottom': '#C5FD1E', 'lc_date': '#2D873E', 'agent_address': '#B299F6', 'insurance_issuer_address': '#9749EF', 'certificate_Stamped': '#B73BDB', 'agent_name': '#5A63B0', 'O': '#8393CF', 'issue_date': '#7494A9', 'signed_by_agent': '#0F424B', 'country_of_origin_origin_of_goods': '#4F5BF4', 'claim_payable_in': '#69271A', 'certificate_no': '#8C1FCE', 'vessel_or_flight_name': '#BC8167', 'to_place': '#98895D', 'page_no': '#AB7DC7', 'from_place': '#DC90EA', 'vessel_or_flight_number': '#282365'}
2024-03-18 01:19:23,992 is result_set is instance of dict? True
2024-03-18 01:19:23,993 is final_result_set is instance of dict? True
2024-03-18 01:19:24,172 Time taken for page 1 of Insurance_Certificate_34_page_0.png:0:00:05.036952
2024-03-18 01:19:24,337 *****Generated All Pages****** for Insurance_Certificate_34_page_0.png
2024-03-18 01:19:24,337 RAM memory 80.3 used for Insurance_Certificate_34_page_0.png Generating All Pages:
2024-03-18 01:19:24,337 Processing time taken for all pages of Insurance_Certificate_34_page_0.png1:0:00:05.203312
2024-03-18 01:19:24,592 file name is:Insurance_Certificate(2012_09_12_12_19_08_7129)_193_page_0.png
2024-03-18 01:19:24,593 folder path :Images
2024-03-18 01:19:24,593 Calling Image result
2024-03-18 01:19:24,593 is all_page_result is instance of dict? True
2024-03-18 01:19:24,603 STREAM b'IHDR' 16 13
2024-03-18 01:19:24,604 STREAM b'IDAT' 41 54493
2024-03-18 01:19:24,636 is words is instance of list? True
2024-03-18 01:19:24,636 is bboxes is instance of list? True
2024-03-18 01:19:24,636 is bounding_boxes is instance of list? True
2024-03-18 01:19:24,884 is input_id_chunks is instance of list? True
2024-03-18 01:19:24,884 is mask_chunks is instance of list? True
2024-03-18 01:19:24,884 is bbox_chunks is instance of list? True
2024-03-18 01:19:24,884 is image_chunks is instance of list? True
2024-03-18 01:19:24,885 is input_dict is instance of dict? True
2024-03-18 01:19:27,089 Model Called
2024-03-18 01:19:27,089 RAM memory 69.5 used for Insurance_Certificate(2012_09_12_12_19_08_7129)_193_page_0.png:
2024-03-18 01:19:27,090 is all_predictions is instance of list? True
2024-03-18 01:19:27,090 is all_boxes is instance of list? True
2024-03-18 01:19:27,090 is all_confidences is instance of list? True
2024-03-18 01:19:27,090 is all_text is instance of list? True
2024-03-18 01:19:27,090 is label2id is instance of dict? True
2024-03-18 01:19:27,090 is id2label is instance of dict? True
2024-03-18 01:19:27,091 is label2color is instance of dict? True
2024-03-18 01:19:27,091 label2color : {'conditions_of_coverage': '#E3B0E5', 'sum_insured_amount': '#B13B2D', 'lc_ref_no': '#3C73EA', 'subject_matter_insured': '#FB2229', 'original_Number': '#22D05A', 'policy_no': '#DE0089', 'insurance_issuer_name_bottom': '#0D5ACC', 'premium_amount': '#F32A40', 'sail_on_or_about_to_date': '#D8FAD8', 'start_date': '#864A9F', 'insurance_issuer_name': '#16746B', 'original_copy': '#56F10B', 'place_of_issue': '#FC27E8', 'invoice_no': '#14645C', 'claim_payable_by_address': '#932607', 'signed_by_issuer': '#D87E3A', 'signature': '#86FD9F', 'address_of_assured': '#411DD1', 'signed_by_proxy': '#A7CC14', 'claim payable_by_name': '#09CD6C', 'sum_insured_currency': '#75CFAB', 'invoice_date': '#ADBFB3', 'mode_of_transport': '#42A095', 'expiry_date': '#5A076D', 'name_of_assured': '#494227', 'end_date': '#AF653B', 'signed_by_underwriter': '#566521', 'premium_currency': '#52A7A8', 'declaration_by': '#D013E5', 'insurance_issuer_address_bottom': '#92DACB', 'lc_date': '#DD7FCC', 'agent_address': '#A92DB8', 'insurance_issuer_address': '#B79AEC', 'certificate_Stamped': '#E6646D', 'agent_name': '#28C82A', 'O': '#E2CB39', 'issue_date': '#7E8E7D', 'signed_by_agent': '#6F55E5', 'country_of_origin_origin_of_goods': '#DEE883', 'claim_payable_in': '#D841CC', 'certificate_no': '#014B51', 'vessel_or_flight_name': '#1F9E65', 'to_place': '#03B652', 'page_no': '#B35AE9', 'from_place': '#6DF7A1', 'vessel_or_flight_number': '#FF627B'}
2024-03-18 01:19:27,284 is result_set is instance of dict? True
2024-03-18 01:19:27,285 is final_result_set is instance of dict? True
2024-03-18 01:19:27,361 Time taken for page 1 of Insurance_Certificate(2012_09_12_12_19_08_7129)_193_page_0.png:0:00:02.757159
2024-03-18 01:19:27,468 *****Generated All Pages****** for Insurance_Certificate(2012_09_12_12_19_08_7129)_193_page_0.png
2024-03-18 01:19:27,469 RAM memory 69.4 used for Insurance_Certificate(2012_09_12_12_19_08_7129)_193_page_0.png Generating All Pages:
2024-03-18 01:19:27,469 Processing time taken for all pages of Insurance_Certificate(2012_09_12_12_19_08_7129)_193_page_0.png1:0:00:02.875789
2024-03-18 01:19:27,581 file name is:Insurance_Certificate_36_page_0.png
2024-03-18 01:19:27,581 folder path :Images
2024-03-18 01:19:27,581 Calling Image result
2024-03-18 01:19:27,581 is all_page_result is instance of dict? True
2024-03-18 01:19:27,592 STREAM b'IHDR' 16 13
2024-03-18 01:19:27,592 STREAM b'IDAT' 41 65536
2024-03-18 01:19:27,622 is words is instance of list? True
2024-03-18 01:19:27,622 is bboxes is instance of list? True
2024-03-18 01:19:27,622 is bounding_boxes is instance of list? True
2024-03-18 01:19:27,834 is input_id_chunks is instance of list? True
2024-03-18 01:19:27,834 is mask_chunks is instance of list? True
2024-03-18 01:19:27,835 is bbox_chunks is instance of list? True
2024-03-18 01:19:27,835 is image_chunks is instance of list? True
2024-03-18 01:19:27,835 is input_dict is instance of dict? True
2024-03-18 01:19:29,842 Model Called
2024-03-18 01:19:29,843 RAM memory 69.3 used for Insurance_Certificate_36_page_0.png:
2024-03-18 01:19:29,843 is all_predictions is instance of list? True
2024-03-18 01:19:29,843 is all_boxes is instance of list? True
2024-03-18 01:19:29,843 is all_confidences is instance of list? True
2024-03-18 01:19:29,844 is all_text is instance of list? True
2024-03-18 01:19:29,844 is label2id is instance of dict? True
2024-03-18 01:19:29,844 is id2label is instance of dict? True
2024-03-18 01:19:29,846 is label2color is instance of dict? True
2024-03-18 01:19:29,846 label2color : {'conditions_of_coverage': '#1250C0', 'sum_insured_amount': '#FAFD4C', 'lc_ref_no': '#94F32E', 'subject_matter_insured': '#5AE502', 'original_Number': '#88EE78', 'policy_no': '#5656A2', 'insurance_issuer_name_bottom': '#97BA46', 'premium_amount': '#3C2D9E', 'sail_on_or_about_to_date': '#CBB7E0', 'start_date': '#EBDB95', 'insurance_issuer_name': '#D0973F', 'original_copy': '#5AA841', 'place_of_issue': '#E82E72', 'invoice_no': '#1AF659', 'claim_payable_by_address': '#2D42C1', 'signed_by_issuer': '#1C650D', 'signature': '#BEA1AE', 'address_of_assured': '#325DA7', 'signed_by_proxy': '#D695BF', 'claim payable_by_name': '#FE092A', 'sum_insured_currency': '#3A04C6', 'invoice_date': '#1725EC', 'mode_of_transport': '#772DE8', 'expiry_date': '#7E0D0A', 'name_of_assured': '#B85978', 'end_date': '#69863C', 'signed_by_underwriter': '#C810D5', 'premium_currency': '#E40505', 'declaration_by': '#0FB6BE', 'insurance_issuer_address_bottom': '#358A72', 'lc_date': '#E816E0', 'agent_address': '#3BE0AA', 'insurance_issuer_address': '#45E5A1', 'certificate_Stamped': '#EBC4C1', 'agent_name': '#FC6C75', 'O': '#E63C02', 'issue_date': '#776EC1', 'signed_by_agent': '#969AA3', 'country_of_origin_origin_of_goods': '#0E2E4B', 'claim_payable_in': '#CF3499', 'certificate_no': '#96648C', 'vessel_or_flight_name': '#04FB2C', 'to_place': '#7FADFA', 'page_no': '#D46597', 'from_place': '#63714C', 'vessel_or_flight_number': '#2CCF89'}
2024-03-18 01:19:30,045 is result_set is instance of dict? True
2024-03-18 01:19:30,046 is final_result_set is instance of dict? True
2024-03-18 01:19:30,127 Time taken for page 1 of Insurance_Certificate_36_page_0.png:0:00:02.534580
2024-03-18 01:19:30,267 *****Generated All Pages****** for Insurance_Certificate_36_page_0.png
2024-03-18 01:19:30,267 RAM memory 69.3 used for Insurance_Certificate_36_page_0.png Generating All Pages:
2024-03-18 01:19:30,267 Processing time taken for all pages of Insurance_Certificate_36_page_0.png1:0:00:02.686102
2024-03-18 01:19:30,385 file name is:Insurance_Certificate_916_page_0.png
2024-03-18 01:19:30,385 folder path :Images
2024-03-18 01:19:30,385 Calling Image result
2024-03-18 01:19:30,385 is all_page_result is instance of dict? True
2024-03-18 01:19:30,396 STREAM b'IHDR' 16 13
2024-03-18 01:19:30,396 STREAM b'IDAT' 41 65536
2024-03-18 01:19:30,428 is words is instance of list? True
2024-03-18 01:19:30,428 is bboxes is instance of list? True
2024-03-18 01:19:30,428 is bounding_boxes is instance of list? True
2024-03-18 01:19:30,718 is input_id_chunks is instance of list? True
2024-03-18 01:19:30,718 is mask_chunks is instance of list? True
2024-03-18 01:19:30,718 is bbox_chunks is instance of list? True
2024-03-18 01:19:30,718 is image_chunks is instance of list? True
2024-03-18 01:19:30,719 is input_dict is instance of dict? True
2024-03-18 01:19:33,182 Model Called
2024-03-18 01:19:33,183 RAM memory 69.5 used for Insurance_Certificate_916_page_0.png:
2024-03-18 01:19:33,183 is all_predictions is instance of list? True
2024-03-18 01:19:33,183 is all_boxes is instance of list? True
2024-03-18 01:19:33,183 is all_confidences is instance of list? True
2024-03-18 01:19:33,183 is all_text is instance of list? True
2024-03-18 01:19:33,183 is label2id is instance of dict? True
2024-03-18 01:19:33,183 is id2label is instance of dict? True
2024-03-18 01:19:33,184 is label2color is instance of dict? True
2024-03-18 01:19:33,184 label2color : {'conditions_of_coverage': '#A73D5C', 'sum_insured_amount': '#AD0B9B', 'lc_ref_no': '#4EDF35', 'subject_matter_insured': '#70903F', 'original_Number': '#248B42', 'policy_no': '#7109BF', 'insurance_issuer_name_bottom': '#08648E', 'premium_amount': '#64E7D9', 'sail_on_or_about_to_date': '#0125A6', 'start_date': '#5723E5', 'insurance_issuer_name': '#9E5B2E', 'original_copy': '#550203', 'place_of_issue': '#40B2E1', 'invoice_no': '#8815A0', 'claim_payable_by_address': '#5E3B95', 'signed_by_issuer': '#185D37', 'signature': '#3B0992', 'address_of_assured': '#5E0C00', 'signed_by_proxy': '#699A9D', 'claim payable_by_name': '#52969B', 'sum_insured_currency': '#D32386', 'invoice_date': '#A8A4A7', 'mode_of_transport': '#E0BB3D', 'expiry_date': '#EC3AEC', 'name_of_assured': '#9E9414', 'end_date': '#AF32DC', 'signed_by_underwriter': '#1204E6', 'premium_currency': '#B0FA11', 'declaration_by': '#209FBA', 'insurance_issuer_address_bottom': '#95CCB6', 'lc_date': '#77D166', 'agent_address': '#110C6E', 'insurance_issuer_address': '#363398', 'certificate_Stamped': '#E29B66', 'agent_name': '#B0D29D', 'O': '#7ADEF1', 'issue_date': '#607CDD', 'signed_by_agent': '#FA2BF9', 'country_of_origin_origin_of_goods': '#FAE367', 'claim_payable_in': '#C186B6', 'certificate_no': '#9EE953', 'vessel_or_flight_name': '#1B7E2D', 'to_place': '#4778D6', 'page_no': '#BBF1AC', 'from_place': '#6C1485', 'vessel_or_flight_number': '#60C8E2'}
2024-03-18 01:19:33,379 is result_set is instance of dict? True
2024-03-18 01:19:33,380 is final_result_set is instance of dict? True
2024-03-18 01:19:33,536 Time taken for page 1 of Insurance_Certificate_916_page_0.png:0:00:03.139802
2024-03-18 01:19:33,671 *****Generated All Pages****** for Insurance_Certificate_916_page_0.png
2024-03-18 01:19:33,671 RAM memory 69.5 used for Insurance_Certificate_916_page_0.png Generating All Pages:
2024-03-18 01:19:33,671 Processing time taken for all pages of Insurance_Certificate_916_page_0.png1:0:00:03.286193
2024-03-18 01:19:33,783 file name is:Insurance_Certificate_30_page_2.png
2024-03-18 01:19:33,783 folder path :Images
2024-03-18 01:19:33,784 Calling Image result
2024-03-18 01:19:33,784 is all_page_result is instance of dict? True
2024-03-18 01:19:33,794 STREAM b'IHDR' 16 13
2024-03-18 01:19:33,794 STREAM b'IDAT' 41 38379
2024-03-18 01:19:33,810 is words is instance of list? True
2024-03-18 01:19:33,810 is bboxes is instance of list? True
2024-03-18 01:19:33,810 is bounding_boxes is instance of list? True
2024-03-18 01:19:33,923 is input_id_chunks is instance of list? True
2024-03-18 01:19:33,923 is mask_chunks is instance of list? True
2024-03-18 01:19:33,923 is bbox_chunks is instance of list? True
2024-03-18 01:19:33,923 is image_chunks is instance of list? True
2024-03-18 01:19:33,924 is input_dict is instance of dict? True
2024-03-18 01:19:35,950 Model Called
2024-03-18 01:19:35,950 RAM memory 69.7 used for Insurance_Certificate_30_page_2.png:
2024-03-18 01:19:35,951 is all_predictions is instance of list? True
2024-03-18 01:19:35,951 is all_boxes is instance of list? True
2024-03-18 01:19:35,951 is all_confidences is instance of list? True
2024-03-18 01:19:35,951 is all_text is instance of list? True
2024-03-18 01:19:35,951 is label2id is instance of dict? True
2024-03-18 01:19:35,951 is id2label is instance of dict? True
2024-03-18 01:19:35,952 is label2color is instance of dict? True
2024-03-18 01:19:35,952 label2color : {'conditions_of_coverage': '#390976', 'sum_insured_amount': '#C344E7', 'lc_ref_no': '#3585DB', 'subject_matter_insured': '#3491FF', 'original_Number': '#55A573', 'policy_no': '#16CC9D', 'insurance_issuer_name_bottom': '#654B3D', 'premium_amount': '#475BF7', 'sail_on_or_about_to_date': '#60C87F', 'start_date': '#095729', 'insurance_issuer_name': '#87C286', 'original_copy': '#BF4F84', 'place_of_issue': '#5BD042', 'invoice_no': '#E71EC8', 'claim_payable_by_address': '#A58B44', 'signed_by_issuer': '#BBE458', 'signature': '#1F7441', 'address_of_assured': '#870CBA', 'signed_by_proxy': '#1F9E92', 'claim payable_by_name': '#65C08D', 'sum_insured_currency': '#1ADD74', 'invoice_date': '#C17E52', 'mode_of_transport': '#3A0A2B', 'expiry_date': '#B47ED6', 'name_of_assured': '#263D35', 'end_date': '#144028', 'signed_by_underwriter': '#2F2158', 'premium_currency': '#F6CAFD', 'declaration_by': '#C1D44F', 'insurance_issuer_address_bottom': '#91C0F5', 'lc_date': '#30BF98', 'agent_address': '#DDEDF9', 'insurance_issuer_address': '#F9E9CA', 'certificate_Stamped': '#BA1FFB', 'agent_name': '#87A860', 'O': '#6ACDA7', 'issue_date': '#48698E', 'signed_by_agent': '#9E38AB', 'country_of_origin_origin_of_goods': '#258962', 'claim_payable_in': '#F0EF5F', 'certificate_no': '#06508E', 'vessel_or_flight_name': '#A4F654', 'to_place': '#4EF83B', 'page_no': '#A5EF61', 'from_place': '#998C75', 'vessel_or_flight_number': '#836F20'}
2024-03-18 01:19:36,068 is result_set is instance of dict? True
2024-03-18 01:19:36,069 is final_result_set is instance of dict? True
2024-03-18 01:19:36,208 Time taken for page 1 of Insurance_Certificate_30_page_2.png:0:00:02.413377
2024-03-18 01:19:36,279 *****Generated All Pages****** for Insurance_Certificate_30_page_2.png
2024-03-18 01:19:36,279 RAM memory 69.7 used for Insurance_Certificate_30_page_2.png Generating All Pages:
2024-03-18 01:19:36,279 Processing time taken for all pages of Insurance_Certificate_30_page_2.png1:0:00:02.495798
2024-03-18 01:19:36,396 file name is:Insurance_Certificate_38_page_0.png
2024-03-18 01:19:36,396 folder path :Images
2024-03-18 01:19:36,396 Calling Image result
2024-03-18 01:19:36,396 is all_page_result is instance of dict? True
2024-03-18 01:19:36,396 STREAM b'IHDR' 16 13
2024-03-18 01:19:36,396 STREAM b'IDAT' 41 49336
2024-03-18 01:19:36,424 is words is instance of list? True
2024-03-18 01:19:36,424 is bboxes is instance of list? True
2024-03-18 01:19:36,424 is bounding_boxes is instance of list? True
2024-03-18 01:19:36,683 is input_id_chunks is instance of list? True
2024-03-18 01:19:36,683 is mask_chunks is instance of list? True
2024-03-18 01:19:36,683 is bbox_chunks is instance of list? True
2024-03-18 01:19:36,683 is image_chunks is instance of list? True
2024-03-18 01:19:36,684 is input_dict is instance of dict? True
2024-03-18 01:19:39,182 Model Called
2024-03-18 01:19:39,182 RAM memory 70.0 used for Insurance_Certificate_38_page_0.png:
2024-03-18 01:19:39,182 is all_predictions is instance of list? True
2024-03-18 01:19:39,182 is all_boxes is instance of list? True
2024-03-18 01:19:39,182 is all_confidences is instance of list? True
2024-03-18 01:19:39,182 is all_text is instance of list? True
2024-03-18 01:19:39,183 is label2id is instance of dict? True
2024-03-18 01:19:39,183 is id2label is instance of dict? True
2024-03-18 01:19:39,184 is label2color is instance of dict? True
2024-03-18 01:19:39,184 label2color : {'conditions_of_coverage': '#C50491', 'sum_insured_amount': '#B5B0AB', 'lc_ref_no': '#8B2383', 'subject_matter_insured': '#14BFB4', 'original_Number': '#6CBCAC', 'policy_no': '#544F6B', 'insurance_issuer_name_bottom': '#94B954', 'premium_amount': '#B606A5', 'sail_on_or_about_to_date': '#CBC5D3', 'start_date': '#732882', 'insurance_issuer_name': '#D9D53F', 'original_copy': '#E2D872', 'place_of_issue': '#BF1B43', 'invoice_no': '#BA644A', 'claim_payable_by_address': '#51D16A', 'signed_by_issuer': '#8EA46A', 'signature': '#CA3CDB', 'address_of_assured': '#81A24F', 'signed_by_proxy': '#BB8618', 'claim payable_by_name': '#5576DA', 'sum_insured_currency': '#A2A0FB', 'invoice_date': '#01397B', 'mode_of_transport': '#F8855C', 'expiry_date': '#B5DA10', 'name_of_assured': '#BAF06A', 'end_date': '#B42427', 'signed_by_underwriter': '#8F165D', 'premium_currency': '#1DC294', 'declaration_by': '#798423', 'insurance_issuer_address_bottom': '#678F4E', 'lc_date': '#318BA2', 'agent_address': '#1D1447', 'insurance_issuer_address': '#1C1A52', 'certificate_Stamped': '#90CE14', 'agent_name': '#EBAD80', 'O': '#26078E', 'issue_date': '#AEAE97', 'signed_by_agent': '#5FB1CD', 'country_of_origin_origin_of_goods': '#F5B8E2', 'claim_payable_in': '#84E264', 'certificate_no': '#9D42BF', 'vessel_or_flight_name': '#CD5A47', 'to_place': '#91D9FC', 'page_no': '#D43001', 'from_place': '#E91916', 'vessel_or_flight_number': '#B99D00'}
2024-03-18 01:19:39,370 is result_set is instance of dict? True
2024-03-18 01:19:39,371 is final_result_set is instance of dict? True
2024-03-18 01:19:39,538 Time taken for page 1 of Insurance_Certificate_38_page_0.png:0:00:03.141949
2024-03-18 01:19:39,651 *****Generated All Pages****** for Insurance_Certificate_38_page_0.png
2024-03-18 01:19:39,651 RAM memory 70.0 used for Insurance_Certificate_38_page_0.png Generating All Pages:
2024-03-18 01:19:39,651 Processing time taken for all pages of Insurance_Certificate_38_page_0.png1:0:00:03.255352
2024-03-18 01:19:39,764 file name is:Insurance_Certificate_840_page_0.png
2024-03-18 01:19:39,764 folder path :Images
2024-03-18 01:19:39,764 Calling Image result
2024-03-18 01:19:39,764 is all_page_result is instance of dict? True
2024-03-18 01:19:39,774 STREAM b'IHDR' 16 13
2024-03-18 01:19:39,774 STREAM b'IDAT' 41 59533
2024-03-18 01:19:39,805 is words is instance of list? True
2024-03-18 01:19:39,805 is bboxes is instance of list? True
2024-03-18 01:19:39,805 is bounding_boxes is instance of list? True
2024-03-18 01:19:40,007 is input_id_chunks is instance of list? True
2024-03-18 01:19:40,007 is mask_chunks is instance of list? True
2024-03-18 01:19:40,007 is bbox_chunks is instance of list? True
2024-03-18 01:19:40,007 is image_chunks is instance of list? True
2024-03-18 01:19:40,007 is input_dict is instance of dict? True
2024-03-18 01:19:41,948 Model Called
2024-03-18 01:19:41,948 RAM memory 69.7 used for Insurance_Certificate_840_page_0.png:
2024-03-18 01:19:41,948 is all_predictions is instance of list? True
2024-03-18 01:19:41,948 is all_boxes is instance of list? True
2024-03-18 01:19:41,948 is all_confidences is instance of list? True
2024-03-18 01:19:41,948 is all_text is instance of list? True
2024-03-18 01:19:41,948 is label2id is instance of dict? True
2024-03-18 01:19:41,948 is id2label is instance of dict? True
2024-03-18 01:19:41,949 is label2color is instance of dict? True
2024-03-18 01:19:41,949 label2color : {'conditions_of_coverage': '#38B284', 'sum_insured_amount': '#23340A', 'lc_ref_no': '#68D630', 'subject_matter_insured': '#926135', 'original_Number': '#01005F', 'policy_no': '#742B0B', 'insurance_issuer_name_bottom': '#84F606', 'premium_amount': '#27BE77', 'sail_on_or_about_to_date': '#AF6458', 'start_date': '#6A3FEC', 'insurance_issuer_name': '#335C3B', 'original_copy': '#FECC7D', 'place_of_issue': '#A49C02', 'invoice_no': '#3969DD', 'claim_payable_by_address': '#76999E', 'signed_by_issuer': '#7E5CB1', 'signature': '#B592A5', 'address_of_assured': '#75B7A0', 'signed_by_proxy': '#E2980C', 'claim payable_by_name': '#A0114A', 'sum_insured_currency': '#EEAFF9', 'invoice_date': '#B30BBE', 'mode_of_transport': '#148B10', 'expiry_date': '#F79BFB', 'name_of_assured': '#76B900', 'end_date': '#2793B5', 'signed_by_underwriter': '#792B46', 'premium_currency': '#91FC00', 'declaration_by': '#156399', 'insurance_issuer_address_bottom': '#BF889F', 'lc_date': '#85690E', 'agent_address': '#F2BFA8', 'insurance_issuer_address': '#0FDCEA', 'certificate_Stamped': '#AD968F', 'agent_name': '#3809F3', 'O': '#A0A1B8', 'issue_date': '#28385D', 'signed_by_agent': '#25089E', 'country_of_origin_origin_of_goods': '#47B78A', 'claim_payable_in': '#9907B4', 'certificate_no': '#D232B5', 'vessel_or_flight_name': '#0544C5', 'to_place': '#CCF22E', 'page_no': '#12BBB6', 'from_place': '#40F840', 'vessel_or_flight_number': '#2FA121'}
2024-03-18 01:19:42,195 is result_set is instance of dict? True
2024-03-18 01:19:42,196 is final_result_set is instance of dict? True
2024-03-18 01:19:42,313 Time taken for page 1 of Insurance_Certificate_840_page_0.png:0:00:02.538762
2024-03-18 01:19:42,437 *****Generated All Pages****** for Insurance_Certificate_840_page_0.png
2024-03-18 01:19:42,438 RAM memory 70.1 used for Insurance_Certificate_840_page_0.png Generating All Pages:
2024-03-18 01:19:42,438 Processing time taken for all pages of Insurance_Certificate_840_page_0.png1:0:00:02.673738
2024-03-18 01:19:42,575 file name is:Insurance_Certificate_987_page_0.png
2024-03-18 01:19:42,575 folder path :Images
2024-03-18 01:19:42,575 Calling Image result
2024-03-18 01:19:42,575 is all_page_result is instance of dict? True
2024-03-18 01:19:42,586 STREAM b'IHDR' 16 13
2024-03-18 01:19:42,586 STREAM b'IDAT' 41 34974
2024-03-18 01:19:42,597 is words is instance of list? True
2024-03-18 01:19:42,597 is bboxes is instance of list? True
2024-03-18 01:19:42,597 is bounding_boxes is instance of list? True
2024-03-18 01:19:42,671 is input_id_chunks is instance of list? True
2024-03-18 01:19:42,671 is mask_chunks is instance of list? True
2024-03-18 01:19:42,671 is bbox_chunks is instance of list? True
2024-03-18 01:19:42,671 is image_chunks is instance of list? True
2024-03-18 01:19:42,672 is input_dict is instance of dict? True
2024-03-18 01:19:46,571 Model Called
2024-03-18 01:19:46,571 RAM memory 80.9 used for Insurance_Certificate_987_page_0.png:
2024-03-18 01:19:46,571 is all_predictions is instance of list? True
2024-03-18 01:19:46,571 is all_boxes is instance of list? True
2024-03-18 01:19:46,571 is all_confidences is instance of list? True
2024-03-18 01:19:46,571 is all_text is instance of list? True
2024-03-18 01:19:46,572 is label2id is instance of dict? True
2024-03-18 01:19:46,572 is id2label is instance of dict? True
2024-03-18 01:19:46,573 is label2color is instance of dict? True
2024-03-18 01:19:46,573 label2color : {'conditions_of_coverage': '#133D15', 'sum_insured_amount': '#97CD92', 'lc_ref_no': '#EC0AFF', 'subject_matter_insured': '#7E8E62', 'original_Number': '#EBC823', 'policy_no': '#983DC7', 'insurance_issuer_name_bottom': '#5F9AD3', 'premium_amount': '#6DEB84', 'sail_on_or_about_to_date': '#63E4D3', 'start_date': '#79E298', 'insurance_issuer_name': '#A1A4B7', 'original_copy': '#CF004A', 'place_of_issue': '#855EB2', 'invoice_no': '#359D14', 'claim_payable_by_address': '#E107E6', 'signed_by_issuer': '#1D3C74', 'signature': '#1313A0', 'address_of_assured': '#475C4C', 'signed_by_proxy': '#549F8C', 'claim payable_by_name': '#9A3A2A', 'sum_insured_currency': '#6E93B4', 'invoice_date': '#C8AD59', 'mode_of_transport': '#306F6E', 'expiry_date': '#421EE5', 'name_of_assured': '#F021FA', 'end_date': '#FDAC9F', 'signed_by_underwriter': '#5287BF', 'premium_currency': '#5632D4', 'declaration_by': '#7A2B73', 'insurance_issuer_address_bottom': '#6F8094', 'lc_date': '#EE6218', 'agent_address': '#7EEEFD', 'insurance_issuer_address': '#43C6A8', 'certificate_Stamped': '#46E6B8', 'agent_name': '#F8337B', 'O': '#988F6B', 'issue_date': '#2DAD7B', 'signed_by_agent': '#9F417D', 'country_of_origin_origin_of_goods': '#8DD91B', 'claim_payable_in': '#6FCCE9', 'certificate_no': '#49593A', 'vessel_or_flight_name': '#97EBEF', 'to_place': '#307344', 'page_no': '#E6B8E7', 'from_place': '#E98C9F', 'vessel_or_flight_number': '#00255D'}
2024-03-18 01:19:46,681 is result_set is instance of dict? True
2024-03-18 01:19:46,682 is final_result_set is instance of dict? True
2024-03-18 01:19:46,798 Time taken for page 1 of Insurance_Certificate_987_page_0.png:0:00:04.212026
2024-03-18 01:19:46,848 *****Generated All Pages****** for Insurance_Certificate_987_page_0.png
2024-03-18 01:19:46,848 RAM memory 81.1 used for Insurance_Certificate_987_page_0.png Generating All Pages:
2024-03-18 01:19:46,848 Processing time taken for all pages of Insurance_Certificate_987_page_0.png1:0:00:04.272771
2024-03-18 01:19:47,024 file name is:Insurance_Certificate_39_page_0.png
2024-03-18 01:19:47,024 folder path :Images
2024-03-18 01:19:47,025 Calling Image result
2024-03-18 01:19:47,025 is all_page_result is instance of dict? True
2024-03-18 01:19:47,025 STREAM b'IHDR' 16 13
2024-03-18 01:19:47,025 STREAM b'sBIT' 41 3
2024-03-18 01:19:47,025 b'sBIT' 41 3 (unknown)
2024-03-18 01:19:47,025 STREAM b'IDAT' 56 8192
2024-03-18 01:19:47,076 is words is instance of list? True
2024-03-18 01:19:47,076 is bboxes is instance of list? True
2024-03-18 01:19:47,076 is bounding_boxes is instance of list? True
2024-03-18 01:19:47,272 is input_id_chunks is instance of list? True
2024-03-18 01:19:47,272 is mask_chunks is instance of list? True
2024-03-18 01:19:47,272 is bbox_chunks is instance of list? True
2024-03-18 01:19:47,272 is image_chunks is instance of list? True
2024-03-18 01:19:47,272 is input_dict is instance of dict? True
2024-03-18 01:19:48,243 Model Called
2024-03-18 01:19:48,244 RAM memory 70.4 used for Insurance_Certificate_39_page_0.png:
2024-03-18 01:19:48,244 is all_predictions is instance of list? True
2024-03-18 01:19:48,244 is all_boxes is instance of list? True
2024-03-18 01:19:48,244 is all_confidences is instance of list? True
2024-03-18 01:19:48,244 is all_text is instance of list? True
2024-03-18 01:19:48,244 is label2id is instance of dict? True
2024-03-18 01:19:48,244 is id2label is instance of dict? True
2024-03-18 01:19:48,245 is label2color is instance of dict? True
2024-03-18 01:19:48,245 label2color : {'conditions_of_coverage': '#9F811D', 'sum_insured_amount': '#3BCCDB', 'lc_ref_no': '#6D4A87', 'subject_matter_insured': '#4BF369', 'original_Number': '#91ADA4', 'policy_no': '#47EAEF', 'insurance_issuer_name_bottom': '#333427', 'premium_amount': '#882D98', 'sail_on_or_about_to_date': '#9A7957', 'start_date': '#72D4BA', 'insurance_issuer_name': '#0C094F', 'original_copy': '#808384', 'place_of_issue': '#B263B6', 'invoice_no': '#BC3E79', 'claim_payable_by_address': '#4BDBB4', 'signed_by_issuer': '#BB233B', 'signature': '#C75DB4', 'address_of_assured': '#D784CD', 'signed_by_proxy': '#D2DD81', 'claim payable_by_name': '#339402', 'sum_insured_currency': '#30E9FA', 'invoice_date': '#998885', 'mode_of_transport': '#3A5E8A', 'expiry_date': '#3EB332', 'name_of_assured': '#371810', 'end_date': '#6AA1F6', 'signed_by_underwriter': '#324358', 'premium_currency': '#372344', 'declaration_by': '#7BF4BA', 'insurance_issuer_address_bottom': '#5285E9', 'lc_date': '#B5AEB3', 'agent_address': '#017129', 'insurance_issuer_address': '#AC77EB', 'certificate_Stamped': '#13F98F', 'agent_name': '#8954AB', 'O': '#A02B32', 'issue_date': '#DE09F6', 'signed_by_agent': '#54BBBD', 'country_of_origin_origin_of_goods': '#610AE0', 'claim_payable_in': '#7ADE7C', 'certificate_no': '#F586C9', 'vessel_or_flight_name': '#CFEB00', 'to_place': '#C94687', 'page_no': '#101AE1', 'from_place': '#8DF64A', 'vessel_or_flight_number': '#AFA72D'}
2024-03-18 01:19:48,375 is result_set is instance of dict? True
2024-03-18 01:19:48,376 is final_result_set is instance of dict? True
2024-03-18 01:19:48,465 Time taken for page 1 of Insurance_Certificate_39_page_0.png:0:00:01.439849
2024-03-18 01:19:48,564 *****Generated All Pages****** for Insurance_Certificate_39_page_0.png
2024-03-18 01:19:48,564 RAM memory 70.4 used for Insurance_Certificate_39_page_0.png Generating All Pages:
2024-03-18 01:19:48,564 Processing time taken for all pages of Insurance_Certificate_39_page_0.png1:0:00:01.539702
2024-03-18 01:19:48,681 file name is:Insurance_Certificate_6_page_0.png
2024-03-18 01:19:48,681 folder path :Images
2024-03-18 01:19:48,681 Calling Image result
2024-03-18 01:19:48,681 is all_page_result is instance of dict? True
2024-03-18 01:19:48,692 STREAM b'IHDR' 16 13
2024-03-18 01:19:48,692 STREAM b'IDAT' 41 50749
2024-03-18 01:19:48,722 is words is instance of list? True
2024-03-18 01:19:48,722 is bboxes is instance of list? True
2024-03-18 01:19:48,722 is bounding_boxes is instance of list? True
2024-03-18 01:19:48,926 is input_id_chunks is instance of list? True
2024-03-18 01:19:48,927 is mask_chunks is instance of list? True
2024-03-18 01:19:48,927 is bbox_chunks is instance of list? True
2024-03-18 01:19:48,927 is image_chunks is instance of list? True
2024-03-18 01:19:48,927 is input_dict is instance of dict? True
2024-03-18 01:19:51,078 Model Called
2024-03-18 01:19:51,079 RAM memory 70.7 used for Insurance_Certificate_6_page_0.png:
2024-03-18 01:19:51,079 is all_predictions is instance of list? True
2024-03-18 01:19:51,079 is all_boxes is instance of list? True
2024-03-18 01:19:51,079 is all_confidences is instance of list? True
2024-03-18 01:19:51,079 is all_text is instance of list? True
2024-03-18 01:19:51,079 is label2id is instance of dict? True
2024-03-18 01:19:51,079 is id2label is instance of dict? True
2024-03-18 01:19:51,080 is label2color is instance of dict? True
2024-03-18 01:19:51,080 label2color : {'conditions_of_coverage': '#83C413', 'sum_insured_amount': '#6D2FBB', 'lc_ref_no': '#388BD5', 'subject_matter_insured': '#B04084', 'original_Number': '#1274B4', 'policy_no': '#D6B954', 'insurance_issuer_name_bottom': '#77FA1E', 'premium_amount': '#83E938', 'sail_on_or_about_to_date': '#24FAF3', 'start_date': '#56C630', 'insurance_issuer_name': '#3B3F8B', 'original_copy': '#464301', 'place_of_issue': '#CEA180', 'invoice_no': '#6F2D5D', 'claim_payable_by_address': '#5E3C97', 'signed_by_issuer': '#1242F6', 'signature': '#FC230C', 'address_of_assured': '#D9B6CE', 'signed_by_proxy': '#680976', 'claim payable_by_name': '#76B258', 'sum_insured_currency': '#6A8E25', 'invoice_date': '#4CF59F', 'mode_of_transport': '#4FA673', 'expiry_date': '#6B7704', 'name_of_assured': '#23CE3D', 'end_date': '#C52A78', 'signed_by_underwriter': '#4C992E', 'premium_currency': '#67C984', 'declaration_by': '#A8B4BC', 'insurance_issuer_address_bottom': '#05EC05', 'lc_date': '#37B1EF', 'agent_address': '#AA9B43', 'insurance_issuer_address': '#A9372E', 'certificate_Stamped': '#450A3A', 'agent_name': '#CC82FB', 'O': '#6E14FA', 'issue_date': '#7E93EB', 'signed_by_agent': '#5820B5', 'country_of_origin_origin_of_goods': '#9B3EE0', 'claim_payable_in': '#C0488E', 'certificate_no': '#51B568', 'vessel_or_flight_name': '#714282', 'to_place': '#8F92B6', 'page_no': '#685345', 'from_place': '#148417', 'vessel_or_flight_number': '#6574E4'}
2024-03-18 01:19:51,291 is result_set is instance of dict? True
2024-03-18 01:19:51,292 is final_result_set is instance of dict? True
2024-03-18 01:19:51,419 Time taken for page 1 of Insurance_Certificate_6_page_0.png:0:00:02.727104
2024-03-18 01:19:51,534 *****Generated All Pages****** for Insurance_Certificate_6_page_0.png
2024-03-18 01:19:51,534 RAM memory 70.8 used for Insurance_Certificate_6_page_0.png Generating All Pages:
2024-03-18 01:19:51,534 Processing time taken for all pages of Insurance_Certificate_6_page_0.png1:0:00:02.853003
2024-03-18 01:19:51,652 file name is:Insurance_Certificate_13_page_3.png
2024-03-18 01:19:51,652 folder path :Images
2024-03-18 01:19:51,652 Calling Image result
2024-03-18 01:19:51,652 is all_page_result is instance of dict? True
2024-03-18 01:19:51,662 STREAM b'IHDR' 16 13
2024-03-18 01:19:51,663 STREAM b'IDAT' 41 65536
2024-03-18 01:19:51,695 is words is instance of list? True
2024-03-18 01:19:51,695 is bboxes is instance of list? True
2024-03-18 01:19:51,695 is bounding_boxes is instance of list? True
2024-03-18 01:19:51,910 is input_id_chunks is instance of list? True
2024-03-18 01:19:51,910 is mask_chunks is instance of list? True
2024-03-18 01:19:51,910 is bbox_chunks is instance of list? True
2024-03-18 01:19:51,910 is image_chunks is instance of list? True
2024-03-18 01:19:51,911 is input_dict is instance of dict? True
2024-03-18 01:19:55,745 Model Called
2024-03-18 01:19:55,745 RAM memory 81.5 used for Insurance_Certificate_13_page_3.png:
2024-03-18 01:19:55,745 is all_predictions is instance of list? True
2024-03-18 01:19:55,745 is all_boxes is instance of list? True
2024-03-18 01:19:55,745 is all_confidences is instance of list? True
2024-03-18 01:19:55,745 is all_text is instance of list? True
2024-03-18 01:19:55,746 is label2id is instance of dict? True
2024-03-18 01:19:55,746 is id2label is instance of dict? True
2024-03-18 01:19:55,747 is label2color is instance of dict? True
2024-03-18 01:19:55,747 label2color : {'conditions_of_coverage': '#456DDF', 'sum_insured_amount': '#D121A6', 'lc_ref_no': '#6529FC', 'subject_matter_insured': '#6C6DCF', 'original_Number': '#206EB5', 'policy_no': '#FE59BB', 'insurance_issuer_name_bottom': '#D4DDC2', 'premium_amount': '#82EBCD', 'sail_on_or_about_to_date': '#0248FD', 'start_date': '#82D033', 'insurance_issuer_name': '#D970C0', 'original_copy': '#D4FB79', 'place_of_issue': '#BD5979', 'invoice_no': '#053462', 'claim_payable_by_address': '#541772', 'signed_by_issuer': '#05CC63', 'signature': '#FCA4A3', 'address_of_assured': '#CC5977', 'signed_by_proxy': '#1C6C72', 'claim payable_by_name': '#123B56', 'sum_insured_currency': '#C207E7', 'invoice_date': '#6DA006', 'mode_of_transport': '#D4F575', 'expiry_date': '#53696D', 'name_of_assured': '#9C722B', 'end_date': '#0D25CF', 'signed_by_underwriter': '#FAC5F4', 'premium_currency': '#8D5F55', 'declaration_by': '#DB0DC4', 'insurance_issuer_address_bottom': '#538DC9', 'lc_date': '#2089C7', 'agent_address': '#893145', 'insurance_issuer_address': '#B7FE14', 'certificate_Stamped': '#577D2A', 'agent_name': '#AD702B', 'O': '#4706CC', 'issue_date': '#25A582', 'signed_by_agent': '#49F817', 'country_of_origin_origin_of_goods': '#DF26E7', 'claim_payable_in': '#108840', 'certificate_no': '#CA7995', 'vessel_or_flight_name': '#E62879', 'to_place': '#53B857', 'page_no': '#28DFAD', 'from_place': '#25A976', 'vessel_or_flight_number': '#760781'}
2024-03-18 01:19:56,057 is result_set is instance of dict? True
2024-03-18 01:19:56,058 is final_result_set is instance of dict? True
2024-03-18 01:19:56,225 Time taken for page 1 of Insurance_Certificate_13_page_3.png:0:00:04.561908
2024-03-18 01:19:56,355 *****Generated All Pages****** for Insurance_Certificate_13_page_3.png
2024-03-18 01:19:56,355 RAM memory 81.6 used for Insurance_Certificate_13_page_3.png Generating All Pages:
2024-03-18 01:19:56,355 Processing time taken for all pages of Insurance_Certificate_13_page_3.png1:0:00:04.703310
2024-03-18 01:19:56,522 file name is:Insurance_Certificate_945_page_0.png
2024-03-18 01:19:56,523 folder path :Images
2024-03-18 01:19:56,523 Calling Image result
2024-03-18 01:19:56,523 is all_page_result is instance of dict? True
2024-03-18 01:19:56,533 STREAM b'IHDR' 16 13
2024-03-18 01:19:56,533 STREAM b'IDAT' 41 65536
2024-03-18 01:19:56,561 is words is instance of list? True
2024-03-18 01:19:56,561 is bboxes is instance of list? True
2024-03-18 01:19:56,561 is bounding_boxes is instance of list? True
2024-03-18 01:19:56,768 is input_id_chunks is instance of list? True
2024-03-18 01:19:56,768 is mask_chunks is instance of list? True
2024-03-18 01:19:56,768 is bbox_chunks is instance of list? True
2024-03-18 01:19:56,768 is image_chunks is instance of list? True
2024-03-18 01:19:56,768 is input_dict is instance of dict? True
2024-03-18 01:19:58,623 Model Called
2024-03-18 01:19:58,624 RAM memory 70.1 used for Insurance_Certificate_945_page_0.png:
2024-03-18 01:19:58,624 is all_predictions is instance of list? True
2024-03-18 01:19:58,624 is all_boxes is instance of list? True
2024-03-18 01:19:58,624 is all_confidences is instance of list? True
2024-03-18 01:19:58,624 is all_text is instance of list? True
2024-03-18 01:19:58,624 is label2id is instance of dict? True
2024-03-18 01:19:58,624 is id2label is instance of dict? True
2024-03-18 01:19:58,625 is label2color is instance of dict? True
2024-03-18 01:19:58,625 label2color : {'conditions_of_coverage': '#2B1444', 'sum_insured_amount': '#E6AFD2', 'lc_ref_no': '#AE3E29', 'subject_matter_insured': '#384F3A', 'original_Number': '#7E1A51', 'policy_no': '#38357E', 'insurance_issuer_name_bottom': '#8AF196', 'premium_amount': '#03C9DE', 'sail_on_or_about_to_date': '#0132B7', 'start_date': '#D9B354', 'insurance_issuer_name': '#202BD2', 'original_copy': '#F63C9D', 'place_of_issue': '#4AC105', 'invoice_no': '#C73628', 'claim_payable_by_address': '#BC5279', 'signed_by_issuer': '#676C7D', 'signature': '#295DA4', 'address_of_assured': '#E58644', 'signed_by_proxy': '#3AA53A', 'claim payable_by_name': '#D52FAD', 'sum_insured_currency': '#E44BB0', 'invoice_date': '#35DABC', 'mode_of_transport': '#A9F05E', 'expiry_date': '#AB8F32', 'name_of_assured': '#DA373E', 'end_date': '#4D5B75', 'signed_by_underwriter': '#0165F1', 'premium_currency': '#25E2D7', 'declaration_by': '#F54AFB', 'insurance_issuer_address_bottom': '#32AD0C', 'lc_date': '#6E7D91', 'agent_address': '#20254B', 'insurance_issuer_address': '#871939', 'certificate_Stamped': '#CDD3E2', 'agent_name': '#A9D6A0', 'O': '#8291A2', 'issue_date': '#3A9FCB', 'signed_by_agent': '#AA58CD', 'country_of_origin_origin_of_goods': '#47E2BF', 'claim_payable_in': '#EFAC6F', 'certificate_no': '#3EF072', 'vessel_or_flight_name': '#3A3F2B', 'to_place': '#912DDC', 'page_no': '#3157F9', 'from_place': '#04D9FE', 'vessel_or_flight_number': '#9AABBC'}
2024-03-18 01:19:58,815 is result_set is instance of dict? True
2024-03-18 01:19:58,815 is final_result_set is instance of dict? True
2024-03-18 01:19:58,889 Time taken for page 1 of Insurance_Certificate_945_page_0.png:0:00:02.355443
2024-03-18 01:19:59,025 *****Generated All Pages****** for Insurance_Certificate_945_page_0.png
2024-03-18 01:19:59,025 RAM memory 70.2 used for Insurance_Certificate_945_page_0.png Generating All Pages:
2024-03-18 01:19:59,025 Processing time taken for all pages of Insurance_Certificate_945_page_0.png1:0:00:02.502654
2024-03-18 01:19:59,149 file name is:Insurance_Certificate_929_page_0.png
2024-03-18 01:19:59,149 folder path :Images
2024-03-18 01:19:59,149 Calling Image result
2024-03-18 01:19:59,150 is all_page_result is instance of dict? True
2024-03-18 01:19:59,160 STREAM b'IHDR' 16 13
2024-03-18 01:19:59,161 STREAM b'IDAT' 41 65536
2024-03-18 01:19:59,192 is words is instance of list? True
2024-03-18 01:19:59,192 is bboxes is instance of list? True
2024-03-18 01:19:59,192 is bounding_boxes is instance of list? True
2024-03-18 01:19:59,423 is input_id_chunks is instance of list? True
2024-03-18 01:19:59,423 is mask_chunks is instance of list? True
2024-03-18 01:19:59,423 is bbox_chunks is instance of list? True
2024-03-18 01:19:59,423 is image_chunks is instance of list? True
2024-03-18 01:19:59,424 is input_dict is instance of dict? True
2024-03-18 01:20:01,429 Model Called
2024-03-18 01:20:01,429 RAM memory 70.0 used for Insurance_Certificate_929_page_0.png:
2024-03-18 01:20:01,429 is all_predictions is instance of list? True
2024-03-18 01:20:01,429 is all_boxes is instance of list? True
2024-03-18 01:20:01,429 is all_confidences is instance of list? True
2024-03-18 01:20:01,429 is all_text is instance of list? True
2024-03-18 01:20:01,430 is label2id is instance of dict? True
2024-03-18 01:20:01,430 is id2label is instance of dict? True
2024-03-18 01:20:01,431 is label2color is instance of dict? True
2024-03-18 01:20:01,431 label2color : {'conditions_of_coverage': '#A6922F', 'sum_insured_amount': '#8187B4', 'lc_ref_no': '#96C468', 'subject_matter_insured': '#ACBA30', 'original_Number': '#A0F789', 'policy_no': '#92914A', 'insurance_issuer_name_bottom': '#92AC04', 'premium_amount': '#FBCDCB', 'sail_on_or_about_to_date': '#D125DE', 'start_date': '#C1EF17', 'insurance_issuer_name': '#41DBA9', 'original_copy': '#D2F8EC', 'place_of_issue': '#62CF71', 'invoice_no': '#85351A', 'claim_payable_by_address': '#66C2AE', 'signed_by_issuer': '#7C002A', 'signature': '#0931FE', 'address_of_assured': '#521DA3', 'signed_by_proxy': '#734D04', 'claim payable_by_name': '#F8980F', 'sum_insured_currency': '#F3CA92', 'invoice_date': '#62831C', 'mode_of_transport': '#2E8A59', 'expiry_date': '#32EFC5', 'name_of_assured': '#6AA433', 'end_date': '#544C80', 'signed_by_underwriter': '#769BE8', 'premium_currency': '#46131D', 'declaration_by': '#58582B', 'insurance_issuer_address_bottom': '#32F9AA', 'lc_date': '#9069CD', 'agent_address': '#461738', 'insurance_issuer_address': '#415685', 'certificate_Stamped': '#9B31FF', 'agent_name': '#9FB0A9', 'O': '#A8F56D', 'issue_date': '#22D4F3', 'signed_by_agent': '#089F28', 'country_of_origin_origin_of_goods': '#D83FF1', 'claim_payable_in': '#344F9D', 'certificate_no': '#B3E32D', 'vessel_or_flight_name': '#6EB878', 'to_place': '#1F07B8', 'page_no': '#6CD9AA', 'from_place': '#2B3606', 'vessel_or_flight_number': '#1386AE'}
2024-03-18 01:20:01,642 is result_set is instance of dict? True
2024-03-18 01:20:01,642 is final_result_set is instance of dict? True
2024-03-18 01:20:01,708 Time taken for page 1 of Insurance_Certificate_929_page_0.png:0:00:02.547448
2024-03-18 01:20:01,887 *****Generated All Pages****** for Insurance_Certificate_929_page_0.png
2024-03-18 01:20:01,887 RAM memory 70.4 used for Insurance_Certificate_929_page_0.png Generating All Pages:
2024-03-18 01:20:01,887 Processing time taken for all pages of Insurance_Certificate_929_page_0.png1:0:00:02.737808
2024-03-18 01:20:02,017 file name is:Insurance_Certificate_878_page_0.png
2024-03-18 01:20:02,017 folder path :Images
2024-03-18 01:20:02,017 Calling Image result
2024-03-18 01:20:02,018 is all_page_result is instance of dict? True
2024-03-18 01:20:02,028 STREAM b'IHDR' 16 13
2024-03-18 01:20:02,029 STREAM b'IDAT' 41 54631
2024-03-18 01:20:02,061 is words is instance of list? True
2024-03-18 01:20:02,061 is bboxes is instance of list? True
2024-03-18 01:20:02,061 is bounding_boxes is instance of list? True
2024-03-18 01:20:02,266 is input_id_chunks is instance of list? True
2024-03-18 01:20:02,266 is mask_chunks is instance of list? True
2024-03-18 01:20:02,266 is bbox_chunks is instance of list? True
2024-03-18 01:20:02,266 is image_chunks is instance of list? True
2024-03-18 01:20:02,267 is input_dict is instance of dict? True
2024-03-18 01:20:04,471 Model Called
2024-03-18 01:20:04,471 RAM memory 70.5 used for Insurance_Certificate_878_page_0.png:
2024-03-18 01:20:04,481 is all_predictions is instance of list? True
2024-03-18 01:20:04,481 is all_boxes is instance of list? True
2024-03-18 01:20:04,481 is all_confidences is instance of list? True
2024-03-18 01:20:04,481 is all_text is instance of list? True
2024-03-18 01:20:04,482 is label2id is instance of dict? True
2024-03-18 01:20:04,482 is id2label is instance of dict? True
2024-03-18 01:20:04,483 is label2color is instance of dict? True
2024-03-18 01:20:04,483 label2color : {'conditions_of_coverage': '#EB5A0F', 'sum_insured_amount': '#33CF9B', 'lc_ref_no': '#7F1C98', 'subject_matter_insured': '#5648DB', 'original_Number': '#C9795A', 'policy_no': '#874705', 'insurance_issuer_name_bottom': '#7F4E2D', 'premium_amount': '#0EE304', 'sail_on_or_about_to_date': '#97D911', 'start_date': '#E21F8F', 'insurance_issuer_name': '#4F78E8', 'original_copy': '#3CC90A', 'place_of_issue': '#7795F3', 'invoice_no': '#B9961C', 'claim_payable_by_address': '#B8BB90', 'signed_by_issuer': '#AAE104', 'signature': '#15775E', 'address_of_assured': '#F1E84E', 'signed_by_proxy': '#82D725', 'claim payable_by_name': '#C921EE', 'sum_insured_currency': '#B1C831', 'invoice_date': '#B12C17', 'mode_of_transport': '#E3DBE1', 'expiry_date': '#6909C6', 'name_of_assured': '#25326C', 'end_date': '#FDCF1C', 'signed_by_underwriter': '#B3C923', 'premium_currency': '#BE2DEB', 'declaration_by': '#646963', 'insurance_issuer_address_bottom': '#619805', 'lc_date': '#93F4A3', 'agent_address': '#E9C394', 'insurance_issuer_address': '#186809', 'certificate_Stamped': '#3632DE', 'agent_name': '#21AB25', 'O': '#252536', 'issue_date': '#D45EF2', 'signed_by_agent': '#04F2DC', 'country_of_origin_origin_of_goods': '#28BADE', 'claim_payable_in': '#E49870', 'certificate_no': '#A2B245', 'vessel_or_flight_name': '#EB5849', 'to_place': '#6CEB4F', 'page_no': '#F9C00C', 'from_place': '#1028FF', 'vessel_or_flight_number': '#2A76F8'}
2024-03-18 01:20:04,703 is result_set is instance of dict? True
2024-03-18 01:20:04,704 is final_result_set is instance of dict? True
2024-03-18 01:20:04,810 Time taken for page 1 of Insurance_Certificate_878_page_0.png:0:00:02.780572
2024-03-18 01:20:04,922 *****Generated All Pages****** for Insurance_Certificate_878_page_0.png
2024-03-18 01:20:04,922 RAM memory 70.6 used for Insurance_Certificate_878_page_0.png Generating All Pages:
2024-03-18 01:20:04,923 Processing time taken for all pages of Insurance_Certificate_878_page_0.png1:0:00:02.905101
2024-03-18 01:20:05,037 file name is:Insurance_Certificate_964_page_0.png
2024-03-18 01:20:05,037 folder path :Images
2024-03-18 01:20:05,037 Calling Image result
2024-03-18 01:20:05,037 is all_page_result is instance of dict? True
2024-03-18 01:20:05,048 STREAM b'IHDR' 16 13
2024-03-18 01:20:05,048 STREAM b'IDAT' 41 55246
2024-03-18 01:20:05,079 is words is instance of list? True
2024-03-18 01:20:05,079 is bboxes is instance of list? True
2024-03-18 01:20:05,079 is bounding_boxes is instance of list? True
2024-03-18 01:20:05,304 is input_id_chunks is instance of list? True
2024-03-18 01:20:05,304 is mask_chunks is instance of list? True
2024-03-18 01:20:05,304 is bbox_chunks is instance of list? True
2024-03-18 01:20:05,304 is image_chunks is instance of list? True
2024-03-18 01:20:05,305 is input_dict is instance of dict? True
2024-03-18 01:20:07,790 Model Called
2024-03-18 01:20:07,791 RAM memory 70.7 used for Insurance_Certificate_964_page_0.png:
2024-03-18 01:20:07,791 is all_predictions is instance of list? True
2024-03-18 01:20:07,791 is all_boxes is instance of list? True
2024-03-18 01:20:07,791 is all_confidences is instance of list? True
2024-03-18 01:20:07,791 is all_text is instance of list? True
2024-03-18 01:20:07,791 is label2id is instance of dict? True
2024-03-18 01:20:07,791 is id2label is instance of dict? True
2024-03-18 01:20:07,792 is label2color is instance of dict? True
2024-03-18 01:20:07,792 label2color : {'conditions_of_coverage': '#E99611', 'sum_insured_amount': '#AF90A1', 'lc_ref_no': '#243664', 'subject_matter_insured': '#27D4FF', 'original_Number': '#AC1350', 'policy_no': '#23796E', 'insurance_issuer_name_bottom': '#7A6F8D', 'premium_amount': '#AEF536', 'sail_on_or_about_to_date': '#EDBF52', 'start_date': '#76F9E9', 'insurance_issuer_name': '#19F3CA', 'original_copy': '#EAF33E', 'place_of_issue': '#E7A6D5', 'invoice_no': '#B98A43', 'claim_payable_by_address': '#7F62F0', 'signed_by_issuer': '#8489AF', 'signature': '#5AFE3F', 'address_of_assured': '#E95D6E', 'signed_by_proxy': '#40076A', 'claim payable_by_name': '#FF33FF', 'sum_insured_currency': '#F42F63', 'invoice_date': '#231653', 'mode_of_transport': '#134E8A', 'expiry_date': '#76F3E0', 'name_of_assured': '#E78834', 'end_date': '#2D4F65', 'signed_by_underwriter': '#CBE3DA', 'premium_currency': '#EDDA55', 'declaration_by': '#92B405', 'insurance_issuer_address_bottom': '#7C5C9C', 'lc_date': '#44367E', 'agent_address': '#83908E', 'insurance_issuer_address': '#250DFD', 'certificate_Stamped': '#B0313F', 'agent_name': '#FEE57C', 'O': '#9B3E4C', 'issue_date': '#927685', 'signed_by_agent': '#B77395', 'country_of_origin_origin_of_goods': '#3726F5', 'claim_payable_in': '#06FDCD', 'certificate_no': '#BAB12C', 'vessel_or_flight_name': '#E38328', 'to_place': '#EE3C41', 'page_no': '#E09DFC', 'from_place': '#8FD128', 'vessel_or_flight_number': '#ED9B8F'}
2024-03-18 01:20:07,995 is result_set is instance of dict? True
2024-03-18 01:20:07,996 is final_result_set is instance of dict? True
2024-03-18 01:20:08,152 Time taken for page 1 of Insurance_Certificate_964_page_0.png:0:00:03.103543
2024-03-18 01:20:08,265 *****Generated All Pages****** for Insurance_Certificate_964_page_0.png
2024-03-18 01:20:08,265 RAM memory 70.7 used for Insurance_Certificate_964_page_0.png Generating All Pages:
2024-03-18 01:20:08,266 Processing time taken for all pages of Insurance_Certificate_964_page_0.png1:0:00:03.228290
2024-03-18 01:20:08,378 file name is:Insurance_Certificate_14_page_1.png
2024-03-18 01:20:08,378 folder path :Images
2024-03-18 01:20:08,378 Calling Image result
2024-03-18 01:20:08,378 is all_page_result is instance of dict? True
2024-03-18 01:20:08,389 STREAM b'IHDR' 16 13
2024-03-18 01:20:08,389 STREAM b'IDAT' 41 62860
2024-03-18 01:20:08,418 is words is instance of list? True
2024-03-18 01:20:08,418 is bboxes is instance of list? True
2024-03-18 01:20:08,418 is bounding_boxes is instance of list? True
2024-03-18 01:20:08,711 is input_id_chunks is instance of list? True
2024-03-18 01:20:08,711 is mask_chunks is instance of list? True
2024-03-18 01:20:08,711 is bbox_chunks is instance of list? True
2024-03-18 01:20:08,711 is image_chunks is instance of list? True
2024-03-18 01:20:08,712 is input_dict is instance of dict? True
2024-03-18 01:20:12,591 Model Called
2024-03-18 01:20:12,591 RAM memory 75.5 used for Insurance_Certificate_14_page_1.png:
2024-03-18 01:20:12,591 is all_predictions is instance of list? True
2024-03-18 01:20:12,591 is all_boxes is instance of list? True
2024-03-18 01:20:12,591 is all_confidences is instance of list? True
2024-03-18 01:20:12,591 is all_text is instance of list? True
2024-03-18 01:20:12,591 is label2id is instance of dict? True
2024-03-18 01:20:12,591 is id2label is instance of dict? True
2024-03-18 01:20:12,592 is label2color is instance of dict? True
2024-03-18 01:20:12,592 label2color : {'conditions_of_coverage': '#0004C5', 'sum_insured_amount': '#E0152E', 'lc_ref_no': '#D3988D', 'subject_matter_insured': '#CCFD60', 'original_Number': '#42A2F5', 'policy_no': '#DF51C3', 'insurance_issuer_name_bottom': '#C7A56A', 'premium_amount': '#2003AB', 'sail_on_or_about_to_date': '#33E362', 'start_date': '#EB4EEC', 'insurance_issuer_name': '#235A05', 'original_copy': '#6C56A4', 'place_of_issue': '#31F458', 'invoice_no': '#5571B1', 'claim_payable_by_address': '#ECD85F', 'signed_by_issuer': '#46CC50', 'signature': '#6A45CD', 'address_of_assured': '#C2EAB3', 'signed_by_proxy': '#768E4D', 'claim payable_by_name': '#63B4B6', 'sum_insured_currency': '#B75AB6', 'invoice_date': '#EA25FB', 'mode_of_transport': '#4118B2', 'expiry_date': '#2EE1B6', 'name_of_assured': '#5BEA15', 'end_date': '#DD270F', 'signed_by_underwriter': '#48A85A', 'premium_currency': '#2221FE', 'declaration_by': '#3C451F', 'insurance_issuer_address_bottom': '#F19E74', 'lc_date': '#1718B9', 'agent_address': '#3EE91A', 'insurance_issuer_address': '#4E1553', 'certificate_Stamped': '#EE273D', 'agent_name': '#7CBC0E', 'O': '#0FF5E6', 'issue_date': '#47FF62', 'signed_by_agent': '#B241CD', 'country_of_origin_origin_of_goods': '#201B26', 'claim_payable_in': '#D7E657', 'certificate_no': '#94850B', 'vessel_or_flight_name': '#EE4D65', 'to_place': '#08E139', 'page_no': '#308AF6', 'from_place': '#B59E5C', 'vessel_or_flight_number': '#1503F5'}
2024-03-18 01:20:12,856 is result_set is instance of dict? True
2024-03-18 01:20:12,858 is final_result_set is instance of dict? True
2024-03-18 01:20:13,042 Time taken for page 1 of Insurance_Certificate_14_page_1.png:0:00:04.652765
2024-03-18 01:20:13,168 *****Generated All Pages****** for Insurance_Certificate_14_page_1.png
2024-03-18 01:20:13,168 RAM memory 75.0 used for Insurance_Certificate_14_page_1.png Generating All Pages:
2024-03-18 01:20:13,168 Processing time taken for all pages of Insurance_Certificate_14_page_1.png1:0:00:04.790184
2024-03-18 01:20:13,295 file name is:Insurance_Certificate_2_page_1.png
2024-03-18 01:20:13,295 folder path :Images
2024-03-18 01:20:13,295 Calling Image result
2024-03-18 01:20:13,295 is all_page_result is instance of dict? True
2024-03-18 01:20:13,306 STREAM b'IHDR' 16 13
2024-03-18 01:20:13,306 STREAM b'IDAT' 41 65536
2024-03-18 01:20:13,336 is words is instance of list? True
2024-03-18 01:20:13,336 is bboxes is instance of list? True
2024-03-18 01:20:13,336 is bounding_boxes is instance of list? True
2024-03-18 01:20:13,580 is input_id_chunks is instance of list? True
2024-03-18 01:20:13,580 is mask_chunks is instance of list? True
2024-03-18 01:20:13,580 is bbox_chunks is instance of list? True
2024-03-18 01:20:13,580 is image_chunks is instance of list? True
2024-03-18 01:20:13,581 is input_dict is instance of dict? True
2024-03-18 01:20:16,348 Model Called
2024-03-18 01:20:16,348 RAM memory 70.6 used for Insurance_Certificate_2_page_1.png:
2024-03-18 01:20:16,348 is all_predictions is instance of list? True
2024-03-18 01:20:16,348 is all_boxes is instance of list? True
2024-03-18 01:20:16,348 is all_confidences is instance of list? True
2024-03-18 01:20:16,348 is all_text is instance of list? True
2024-03-18 01:20:16,348 is label2id is instance of dict? True
2024-03-18 01:20:16,348 is id2label is instance of dict? True
2024-03-18 01:20:16,349 is label2color is instance of dict? True
2024-03-18 01:20:16,349 label2color : {'conditions_of_coverage': '#8B0092', 'sum_insured_amount': '#1F4232', 'lc_ref_no': '#97598B', 'subject_matter_insured': '#E17EFA', 'original_Number': '#2B1776', 'policy_no': '#925F3E', 'insurance_issuer_name_bottom': '#CF48A7', 'premium_amount': '#D264B5', 'sail_on_or_about_to_date': '#E6F0A0', 'start_date': '#75B2D6', 'insurance_issuer_name': '#330812', 'original_copy': '#D8FF1E', 'place_of_issue': '#35A94C', 'invoice_no': '#6ECF72', 'claim_payable_by_address': '#6263CE', 'signed_by_issuer': '#E7D30D', 'signature': '#E88649', 'address_of_assured': '#647C6A', 'signed_by_proxy': '#035C1E', 'claim payable_by_name': '#A7119F', 'sum_insured_currency': '#F60D83', 'invoice_date': '#CDF92A', 'mode_of_transport': '#68A8F2', 'expiry_date': '#C6E9AE', 'name_of_assured': '#C7F313', 'end_date': '#673635', 'signed_by_underwriter': '#3B6FEF', 'premium_currency': '#FCB390', 'declaration_by': '#28D928', 'insurance_issuer_address_bottom': '#A67D34', 'lc_date': '#88A1C4', 'agent_address': '#3EEF52', 'insurance_issuer_address': '#FDF1F0', 'certificate_Stamped': '#E7DB54', 'agent_name': '#56FA21', 'O': '#079E04', 'issue_date': '#9DF11C', 'signed_by_agent': '#B92072', 'country_of_origin_origin_of_goods': '#170B79', 'claim_payable_in': '#3B671A', 'certificate_no': '#636429', 'vessel_or_flight_name': '#C0AF35', 'to_place': '#8A3E95', 'page_no': '#8404B1', 'from_place': '#E7335A', 'vessel_or_flight_number': '#C8B827'}
2024-03-18 01:20:16,557 is result_set is instance of dict? True
2024-03-18 01:20:16,557 is final_result_set is instance of dict? True
2024-03-18 01:20:16,650 Time taken for page 1 of Insurance_Certificate_2_page_1.png:0:00:03.343687
2024-03-18 01:20:16,785 *****Generated All Pages****** for Insurance_Certificate_2_page_1.png
2024-03-18 01:20:16,785 RAM memory 70.6 used for Insurance_Certificate_2_page_1.png Generating All Pages:
2024-03-18 01:20:16,785 Processing time taken for all pages of Insurance_Certificate_2_page_1.png1:0:00:03.489977
2024-03-18 01:20:16,896 file name is:Insurance_Certificate_881_page_0.png
2024-03-18 01:20:16,896 folder path :Images
2024-03-18 01:20:16,896 Calling Image result
2024-03-18 01:20:16,896 is all_page_result is instance of dict? True
2024-03-18 01:20:16,896 STREAM b'IHDR' 16 13
2024-03-18 01:20:16,896 STREAM b'IDAT' 41 65536
2024-03-18 01:20:16,928 is words is instance of list? True
2024-03-18 01:20:16,928 is bboxes is instance of list? True
2024-03-18 01:20:16,928 is bounding_boxes is instance of list? True
2024-03-18 01:20:17,139 is input_id_chunks is instance of list? True
2024-03-18 01:20:17,139 is mask_chunks is instance of list? True
2024-03-18 01:20:17,139 is bbox_chunks is instance of list? True
2024-03-18 01:20:17,139 is image_chunks is instance of list? True
2024-03-18 01:20:17,140 is input_dict is instance of dict? True
2024-03-18 01:20:20,415 Model Called
2024-03-18 01:20:20,416 RAM memory 74.7 used for Insurance_Certificate_881_page_0.png:
2024-03-18 01:20:20,416 is all_predictions is instance of list? True
2024-03-18 01:20:20,416 is all_boxes is instance of list? True
2024-03-18 01:20:20,416 is all_confidences is instance of list? True
2024-03-18 01:20:20,416 is all_text is instance of list? True
2024-03-18 01:20:20,416 is label2id is instance of dict? True
2024-03-18 01:20:20,416 is id2label is instance of dict? True
2024-03-18 01:20:20,418 is label2color is instance of dict? True
2024-03-18 01:20:20,418 label2color : {'conditions_of_coverage': '#A71030', 'sum_insured_amount': '#A4068D', 'lc_ref_no': '#CE4424', 'subject_matter_insured': '#CD2DE5', 'original_Number': '#E59158', 'policy_no': '#8E7629', 'insurance_issuer_name_bottom': '#408E63', 'premium_amount': '#495CEA', 'sail_on_or_about_to_date': '#439E25', 'start_date': '#5F969B', 'insurance_issuer_name': '#368EA4', 'original_copy': '#E1914F', 'place_of_issue': '#68CDDE', 'invoice_no': '#04CF40', 'claim_payable_by_address': '#727B36', 'signed_by_issuer': '#B3D280', 'signature': '#059FF5', 'address_of_assured': '#316E50', 'signed_by_proxy': '#AFF1E1', 'claim payable_by_name': '#6A527B', 'sum_insured_currency': '#8B7867', 'invoice_date': '#5EB498', 'mode_of_transport': '#6E83A2', 'expiry_date': '#550814', 'name_of_assured': '#E660C0', 'end_date': '#07DFCB', 'signed_by_underwriter': '#324AED', 'premium_currency': '#2A9D53', 'declaration_by': '#6ECD1A', 'insurance_issuer_address_bottom': '#3EE700', 'lc_date': '#62BBEF', 'agent_address': '#5809A8', 'insurance_issuer_address': '#9594B3', 'certificate_Stamped': '#8BE8D6', 'agent_name': '#D2ECBA', 'O': '#E27956', 'issue_date': '#4EFC15', 'signed_by_agent': '#181259', 'country_of_origin_origin_of_goods': '#B0049A', 'claim_payable_in': '#A3E138', 'certificate_no': '#6BDE3A', 'vessel_or_flight_name': '#03ADA8', 'to_place': '#CCBCEC', 'page_no': '#43218B', 'from_place': '#BBC48D', 'vessel_or_flight_number': '#F60DD6'}
2024-03-18 01:20:20,707 is result_set is instance of dict? True
2024-03-18 01:20:20,708 is final_result_set is instance of dict? True
2024-03-18 01:20:20,892 Time taken for page 1 of Insurance_Certificate_881_page_0.png:0:00:03.995791
2024-03-18 01:20:21,071 *****Generated All Pages****** for Insurance_Certificate_881_page_0.png
2024-03-18 01:20:21,072 RAM memory 75.3 used for Insurance_Certificate_881_page_0.png Generating All Pages:
2024-03-18 01:20:21,072 Processing time taken for all pages of Insurance_Certificate_881_page_0.png1:0:00:04.175723
2024-03-18 01:20:21,203 file name is:Insurance_Certificate_13_page_0.png
2024-03-18 01:20:21,203 folder path :Images
2024-03-18 01:20:21,203 Calling Image result
2024-03-18 01:20:21,203 is all_page_result is instance of dict? True
2024-03-18 01:20:21,214 STREAM b'IHDR' 16 13
2024-03-18 01:20:21,214 STREAM b'IDAT' 41 65536
2024-03-18 01:20:21,247 is words is instance of list? True
2024-03-18 01:20:21,247 is bboxes is instance of list? True
2024-03-18 01:20:21,248 is bounding_boxes is instance of list? True
2024-03-18 01:20:21,541 is input_id_chunks is instance of list? True
2024-03-18 01:20:21,542 is mask_chunks is instance of list? True
2024-03-18 01:20:21,542 is bbox_chunks is instance of list? True
2024-03-18 01:20:21,542 is image_chunks is instance of list? True
2024-03-18 01:20:21,543 is input_dict is instance of dict? True
2024-03-18 01:20:26,668 Model Called
2024-03-18 01:20:26,669 RAM memory 82.1 used for Insurance_Certificate_13_page_0.png:
2024-03-18 01:20:26,669 is all_predictions is instance of list? True
2024-03-18 01:20:26,669 is all_boxes is instance of list? True
2024-03-18 01:20:26,670 is all_confidences is instance of list? True
2024-03-18 01:20:26,670 is all_text is instance of list? True
2024-03-18 01:20:26,671 is label2id is instance of dict? True
2024-03-18 01:20:26,671 is id2label is instance of dict? True
2024-03-18 01:20:26,673 is label2color is instance of dict? True
2024-03-18 01:20:26,673 label2color : {'conditions_of_coverage': '#719ABE', 'sum_insured_amount': '#1E792B', 'lc_ref_no': '#BD6809', 'subject_matter_insured': '#1A186B', 'original_Number': '#079424', 'policy_no': '#AEEC9E', 'insurance_issuer_name_bottom': '#F57734', 'premium_amount': '#19DD28', 'sail_on_or_about_to_date': '#11FB05', 'start_date': '#E3556F', 'insurance_issuer_name': '#C73EB0', 'original_copy': '#D2568F', 'place_of_issue': '#6ED2BA', 'invoice_no': '#F45731', 'claim_payable_by_address': '#DE6AEF', 'signed_by_issuer': '#C220E9', 'signature': '#48C60D', 'address_of_assured': '#949217', 'signed_by_proxy': '#8FAC6E', 'claim payable_by_name': '#467964', 'sum_insured_currency': '#B2FD7E', 'invoice_date': '#D000D6', 'mode_of_transport': '#50052B', 'expiry_date': '#F52D80', 'name_of_assured': '#CCEB84', 'end_date': '#CD025C', 'signed_by_underwriter': '#9A4E0F', 'premium_currency': '#C7EBD6', 'declaration_by': '#BE9232', 'insurance_issuer_address_bottom': '#EAB3E1', 'lc_date': '#38D563', 'agent_address': '#77E713', 'insurance_issuer_address': '#453107', 'certificate_Stamped': '#31B3F3', 'agent_name': '#0C466E', 'O': '#6EDF05', 'issue_date': '#CE9823', 'signed_by_agent': '#2E30E6', 'country_of_origin_origin_of_goods': '#8642D9', 'claim_payable_in': '#1A7A66', 'certificate_no': '#8CFE4D', 'vessel_or_flight_name': '#4C7481', 'to_place': '#A23D39', 'page_no': '#2B1E3A', 'from_place': '#28C072', 'vessel_or_flight_number': '#599289'}
2024-03-18 01:20:27,032 is result_set is instance of dict? True
2024-03-18 01:20:27,034 is final_result_set is instance of dict? True
2024-03-18 01:20:27,189 Time taken for page 1 of Insurance_Certificate_13_page_0.png:0:00:05.974549
2024-03-18 01:20:27,321 *****Generated All Pages****** for Insurance_Certificate_13_page_0.png
2024-03-18 01:20:27,321 RAM memory 82.1 used for Insurance_Certificate_13_page_0.png Generating All Pages:
2024-03-18 01:20:27,321 Processing time taken for all pages of Insurance_Certificate_13_page_0.png1:0:00:06.118286
2024-03-18 01:20:27,482 file name is:Insurance_Certificate_1_page_3.png
2024-03-18 01:20:27,482 folder path :Images
2024-03-18 01:20:27,482 Calling Image result
2024-03-18 01:20:27,482 is all_page_result is instance of dict? True
2024-03-18 01:20:27,493 STREAM b'IHDR' 16 13
2024-03-18 01:20:27,493 STREAM b'IDAT' 41 62530
2024-03-18 01:20:27,527 is words is instance of list? True
2024-03-18 01:20:27,527 is bboxes is instance of list? True
2024-03-18 01:20:27,527 is bounding_boxes is instance of list? True
2024-03-18 01:20:27,817 is input_id_chunks is instance of list? True
2024-03-18 01:20:27,817 is mask_chunks is instance of list? True
2024-03-18 01:20:27,817 is bbox_chunks is instance of list? True
2024-03-18 01:20:27,817 is image_chunks is instance of list? True
2024-03-18 01:20:27,818 is input_dict is instance of dict? True
2024-03-18 01:20:30,238 Model Called
2024-03-18 01:20:30,239 RAM memory 71.2 used for Insurance_Certificate_1_page_3.png:
2024-03-18 01:20:30,239 is all_predictions is instance of list? True
2024-03-18 01:20:30,239 is all_boxes is instance of list? True
2024-03-18 01:20:30,239 is all_confidences is instance of list? True
2024-03-18 01:20:30,240 is all_text is instance of list? True
2024-03-18 01:20:30,240 is label2id is instance of dict? True
2024-03-18 01:20:30,240 is id2label is instance of dict? True
2024-03-18 01:20:30,241 is label2color is instance of dict? True
2024-03-18 01:20:30,241 label2color : {'conditions_of_coverage': '#37C1FE', 'sum_insured_amount': '#C65D05', 'lc_ref_no': '#5851F0', 'subject_matter_insured': '#ACE385', 'original_Number': '#3BABCA', 'policy_no': '#133E66', 'insurance_issuer_name_bottom': '#09D4A2', 'premium_amount': '#BA717B', 'sail_on_or_about_to_date': '#49BA54', 'start_date': '#13B84E', 'insurance_issuer_name': '#105E04', 'original_copy': '#77B5F7', 'place_of_issue': '#4B7AAE', 'invoice_no': '#811136', 'claim_payable_by_address': '#CEC94F', 'signed_by_issuer': '#9AE55B', 'signature': '#E941DD', 'address_of_assured': '#0E8738', 'signed_by_proxy': '#F07069', 'claim payable_by_name': '#A7610B', 'sum_insured_currency': '#9AA483', 'invoice_date': '#6BB49A', 'mode_of_transport': '#0938FF', 'expiry_date': '#F5BCC7', 'name_of_assured': '#432FA7', 'end_date': '#FA7366', 'signed_by_underwriter': '#FF1CCB', 'premium_currency': '#D12E9D', 'declaration_by': '#50D9E3', 'insurance_issuer_address_bottom': '#70B18B', 'lc_date': '#C62FC4', 'agent_address': '#0F9461', 'insurance_issuer_address': '#AA22B9', 'certificate_Stamped': '#FA99FD', 'agent_name': '#6FF403', 'O': '#1D9171', 'issue_date': '#6CFD2E', 'signed_by_agent': '#791876', 'country_of_origin_origin_of_goods': '#85E22E', 'claim_payable_in': '#CC95DA', 'certificate_no': '#6FC87B', 'vessel_or_flight_name': '#AD7B06', 'to_place': '#CF6483', 'page_no': '#E956F2', 'from_place': '#F75D27', 'vessel_or_flight_number': '#4383B6'}
2024-03-18 01:20:30,446 is result_set is instance of dict? True
2024-03-18 01:20:30,447 is final_result_set is instance of dict? True
2024-03-18 01:20:30,547 Time taken for page 1 of Insurance_Certificate_1_page_3.png:0:00:03.053777
2024-03-18 01:20:30,690 *****Generated All Pages****** for Insurance_Certificate_1_page_3.png
2024-03-18 01:20:30,690 RAM memory 71.2 used for Insurance_Certificate_1_page_3.png Generating All Pages:
2024-03-18 01:20:30,690 Processing time taken for all pages of Insurance_Certificate_1_page_3.png1:0:00:03.207561
2024-03-18 01:20:30,804 start time: 2024-03-18 01:20:30.804943
2024-03-18 01:20:33,901 https://huggingface.co:443 "HEAD /microsoft/layoutlmv2-base-uncased/resolve/main/preprocessor_config.json HTTP/1.1" 200 0
2024-03-18 01:20:34,205 https://huggingface.co:443 "HEAD /microsoft/layoutlmv2-base-uncased/resolve/main/tokenizer_config.json HTTP/1.1" 404 0
2024-03-18 01:20:34,514 https://huggingface.co:443 "HEAD /microsoft/layoutlmv2-base-uncased/resolve/main/vocab.txt HTTP/1.1" 200 0
2024-03-18 01:20:34,553 RAM memory for Model loading used: 66.7
2024-03-18 01:20:34,553 cpu_utilization % for Model Loading:-29.6
2024-03-18 01:20:34,553 memory_consumption in bytes for Loading Model:-708079616
2024-03-18 01:20:34,553 Loaded Model successfully
2024-03-18 01:20:34,554 file name is:Packing_List_52_page_3.png
2024-03-18 01:20:34,554 folder path :Images
2024-03-18 01:20:34,554 Calling Image result
2024-03-18 01:20:34,554 is all_page_result is instance of dict? True
2024-03-18 01:20:34,555 STREAM b'IHDR' 16 13
2024-03-18 01:20:34,555 STREAM b'IDAT' 41 65536
2024-03-18 01:20:34,655 is words is instance of list? True
2024-03-18 01:20:34,655 is bboxes is instance of list? True
2024-03-18 01:20:34,655 is bounding_boxes is instance of list? True
2024-03-18 01:20:36,760 is input_id_chunks is instance of list? True
2024-03-18 01:20:36,760 is mask_chunks is instance of list? True
2024-03-18 01:20:36,760 is bbox_chunks is instance of list? True
2024-03-18 01:20:36,760 is image_chunks is instance of list? True
2024-03-18 01:20:36,761 is input_dict is instance of dict? True
2024-03-18 01:20:39,080 Model Called
2024-03-18 01:20:39,081 RAM memory 70.4 used for Packing_List_52_page_3.png:
2024-03-18 01:20:39,081 is all_predictions is instance of list? True
2024-03-18 01:20:39,081 is all_boxes is instance of list? True
2024-03-18 01:20:39,081 is all_confidences is instance of list? True
2024-03-18 01:20:39,081 is all_text is instance of list? True
2024-03-18 01:20:39,091 is label2id is instance of dict? True
2024-03-18 01:20:39,092 is id2label is instance of dict? True
2024-03-18 01:20:39,092 is label2color is instance of dict? True
2024-03-18 01:20:39,092 label2color : {'track_reference': '#9EC1D5', 'vessel_name': '#7FB5B6', 'transaction_amount_value': '#CACCDA', 'lc_ref_no': '#A7F44D', 'invoice_currency': '#65A428', 'bill_of_lading_date': '#615A12', 'net_weight': '#56AAD5', 'awb_date': '#1A4673', 'date_of_invoice': '#B571E4', 'port_of_discharge': '#21A554', 'original_copy': '#6FFABE', 'shipper_address': '#4554B8', 'rate_per_unit': '#09131C', 'invoice_no': '#34F136', 'signature': '#DFB57D', 'consignee_address': '#755CA7', 'incoterm': '#EEE46B', 'country_of_final_destination': '#3F2E66', 'description_of_goods': '#AD68DA', 'total_quantity_of_goods': '#DE2A32', 'shipper_name': '#CFE691', 'bill_of_lading_number': '#43DC29', 'transaction_currency': '#CD7737', 'iec_no': '#68B0BB', 'gross_weight': '#53E345', 'vessel_flight_no': '#D30303', 'transaction_date': '#C55489', 'lc_date': '#904FD0', 'consignee_name': '#1B478D', 'stamp': '#0192B6', 'invoice_amount': '#C45677', 'dimension': '#E17ABB', 'O': '#4A1EA3', 'consignor_name': '#6DBE83', 'notify_party_name': '#635F63', 'beneficiary_drawer_exporter_seller_supplier_name': '#6F57BF', 'pre_carriage_by': '#418BB5', 'consignor_address': '#A9153B', 'declaration': '#18AAC3', 'beneficiary_drawer_exporter_seller_supplier_tin_no': '#A0F64C', 'country_of_origin_origin_of_goods': '#8BB2D6', 'awb_number': '#CD0770', 'beneficiary_address': '#4E2F3E', 'remitter_address': '#51D823', 'page_no': '#2CBCFD', 'remitter_drawee_applicant_importer_buyer_name': '#42D5B4', 'port_of_loading': '#25A859', 'notify_party_address': '#D1AAC2', 'payment_terms_terms_of_delivery_&_payment': '#CA5BCF'}
2024-03-18 01:20:39,886 is result_set is instance of dict? True
2024-03-18 01:20:39,887 is final_result_set is instance of dict? True
2024-03-18 01:20:40,026 Time taken for page 1 of Packing_List_52_page_3.png:0:00:05.471361
2024-03-18 01:20:40,419 *****Generated All Pages****** for Packing_List_52_page_3.png
2024-03-18 01:20:40,419 RAM memory 70.7 used for Packing_List_52_page_3.png Generating All Pages:
2024-03-18 01:20:40,419 Processing time taken for all pages of Packing_List_52_page_3.png1:0:00:05.865274
2024-03-18 01:20:40,545 file name is:Packing_List_19_page_0.png
2024-03-18 01:20:40,545 folder path :Images
2024-03-18 01:20:40,545 Calling Image result
2024-03-18 01:20:40,545 is all_page_result is instance of dict? True
2024-03-18 01:20:40,546 STREAM b'IHDR' 16 13
2024-03-18 01:20:40,546 STREAM b'IDAT' 41 28639
2024-03-18 01:20:40,579 is words is instance of list? True
2024-03-18 01:20:40,579 is bboxes is instance of list? True
2024-03-18 01:20:40,579 is bounding_boxes is instance of list? True
2024-03-18 01:20:40,802 is input_id_chunks is instance of list? True
2024-03-18 01:20:40,802 is mask_chunks is instance of list? True
2024-03-18 01:20:40,802 is bbox_chunks is instance of list? True
2024-03-18 01:20:40,802 is image_chunks is instance of list? True
2024-03-18 01:20:40,802 is input_dict is instance of dict? True
2024-03-18 01:20:41,737 Model Called
2024-03-18 01:20:41,737 RAM memory 67.5 used for Packing_List_19_page_0.png:
2024-03-18 01:20:41,737 is all_predictions is instance of list? True
2024-03-18 01:20:41,737 is all_boxes is instance of list? True
2024-03-18 01:20:41,737 is all_confidences is instance of list? True
2024-03-18 01:20:41,738 is all_text is instance of list? True
2024-03-18 01:20:41,738 is label2id is instance of dict? True
2024-03-18 01:20:41,738 is id2label is instance of dict? True
2024-03-18 01:20:41,739 is label2color is instance of dict? True
2024-03-18 01:20:41,739 label2color : {'track_reference': '#C7179F', 'vessel_name': '#F8E647', 'transaction_amount_value': '#B9033A', 'lc_ref_no': '#996F0F', 'invoice_currency': '#6F3CA2', 'bill_of_lading_date': '#3482C7', 'net_weight': '#4587BD', 'awb_date': '#62A1FE', 'date_of_invoice': '#82FB29', 'port_of_discharge': '#BC9626', 'original_copy': '#345D5F', 'shipper_address': '#56D2EF', 'rate_per_unit': '#90BBAF', 'invoice_no': '#218A73', 'signature': '#40A119', 'consignee_address': '#AA9697', 'incoterm': '#142688', 'country_of_final_destination': '#D2F135', 'description_of_goods': '#F35C63', 'total_quantity_of_goods': '#868CF2', 'shipper_name': '#5D8497', 'bill_of_lading_number': '#994F9A', 'transaction_currency': '#38BBBA', 'iec_no': '#3FEA32', 'gross_weight': '#34C54F', 'vessel_flight_no': '#E1016E', 'transaction_date': '#D29FBC', 'lc_date': '#035B56', 'consignee_name': '#E0F9A0', 'stamp': '#B908B7', 'invoice_amount': '#90A36A', 'dimension': '#C11032', 'O': '#EEC2CA', 'consignor_name': '#AE37E8', 'notify_party_name': '#1E2C0A', 'beneficiary_drawer_exporter_seller_supplier_name': '#B8D1A5', 'pre_carriage_by': '#F804AB', 'consignor_address': '#A2738E', 'declaration': '#9B1433', 'beneficiary_drawer_exporter_seller_supplier_tin_no': '#ED14B4', 'country_of_origin_origin_of_goods': '#34F966', 'awb_number': '#F8CAF1', 'beneficiary_address': '#9B7064', 'remitter_address': '#5762A7', 'page_no': '#7538F0', 'remitter_drawee_applicant_importer_buyer_name': '#EA2544', 'port_of_loading': '#62C5AA', 'notify_party_address': '#6326D5', 'payment_terms_terms_of_delivery_&_payment': '#EB8624'}
2024-03-18 01:20:41,882 is result_set is instance of dict? True
2024-03-18 01:20:41,883 is final_result_set is instance of dict? True
2024-03-18 01:20:41,959 Time taken for page 1 of Packing_List_19_page_0.png:0:00:01.412378
2024-03-18 01:20:42,061 *****Generated All Pages****** for Packing_List_19_page_0.png
2024-03-18 01:20:42,062 RAM memory 67.1 used for Packing_List_19_page_0.png Generating All Pages:
2024-03-18 01:20:42,062 Processing time taken for all pages of Packing_List_19_page_0.png1:0:00:01.516246
2024-03-18 01:20:42,180 file name is:Packing_List_50_page_2.png
2024-03-18 01:20:42,180 folder path :Images
2024-03-18 01:20:42,181 Calling Image result
2024-03-18 01:20:42,181 is all_page_result is instance of dict? True
2024-03-18 01:20:42,181 STREAM b'IHDR' 16 13
2024-03-18 01:20:42,181 STREAM b'IDAT' 41 35425
2024-03-18 01:20:42,212 is words is instance of list? True
2024-03-18 01:20:42,212 is bboxes is instance of list? True
2024-03-18 01:20:42,212 is bounding_boxes is instance of list? True
2024-03-18 01:20:42,424 is input_id_chunks is instance of list? True
2024-03-18 01:20:42,424 is mask_chunks is instance of list? True
2024-03-18 01:20:42,424 is bbox_chunks is instance of list? True
2024-03-18 01:20:42,424 is image_chunks is instance of list? True
2024-03-18 01:20:42,424 is input_dict is instance of dict? True
2024-03-18 01:20:43,526 Model Called
2024-03-18 01:20:43,526 RAM memory 66.6 used for Packing_List_50_page_2.png:
2024-03-18 01:20:43,526 is all_predictions is instance of list? True
2024-03-18 01:20:43,527 is all_boxes is instance of list? True
2024-03-18 01:20:43,527 is all_confidences is instance of list? True
2024-03-18 01:20:43,527 is all_text is instance of list? True
2024-03-18 01:20:43,527 is label2id is instance of dict? True
2024-03-18 01:20:43,527 is id2label is instance of dict? True
2024-03-18 01:20:43,528 is label2color is instance of dict? True
2024-03-18 01:20:43,528 label2color : {'track_reference': '#A6D5BE', 'vessel_name': '#F1C75B', 'transaction_amount_value': '#BC3A61', 'lc_ref_no': '#28E148', 'invoice_currency': '#76A393', 'bill_of_lading_date': '#56C4DF', 'net_weight': '#92573E', 'awb_date': '#4B164A', 'date_of_invoice': '#DBA390', 'port_of_discharge': '#73AECD', 'original_copy': '#FEE881', 'shipper_address': '#B720E0', 'rate_per_unit': '#412E9B', 'invoice_no': '#51EA83', 'signature': '#2D1DD0', 'consignee_address': '#97E738', 'incoterm': '#7281EE', 'country_of_final_destination': '#8269B5', 'description_of_goods': '#45D1D6', 'total_quantity_of_goods': '#B2159B', 'shipper_name': '#6A11FA', 'bill_of_lading_number': '#C17E72', 'transaction_currency': '#DE76EC', 'iec_no': '#28F81B', 'gross_weight': '#3A53D4', 'vessel_flight_no': '#D93D7D', 'transaction_date': '#438F45', 'lc_date': '#60E5D7', 'consignee_name': '#0824E1', 'stamp': '#1EC6CA', 'invoice_amount': '#F2516A', 'dimension': '#EB81A3', 'O': '#B6BC7C', 'consignor_name': '#196882', 'notify_party_name': '#48E694', 'beneficiary_drawer_exporter_seller_supplier_name': '#CF14E6', 'pre_carriage_by': '#0CECA0', 'consignor_address': '#5F5D82', 'declaration': '#7A6C50', 'beneficiary_drawer_exporter_seller_supplier_tin_no': '#F9DA97', 'country_of_origin_origin_of_goods': '#795B3F', 'awb_number': '#C95EBF', 'beneficiary_address': '#4283AF', 'remitter_address': '#270EAE', 'page_no': '#26E1C3', 'remitter_drawee_applicant_importer_buyer_name': '#5544F6', 'port_of_loading': '#AE1284', 'notify_party_address': '#9215ED', 'payment_terms_terms_of_delivery_&_payment': '#49B7A0'}
2024-03-18 01:20:43,653 is result_set is instance of dict? True
2024-03-18 01:20:43,654 is final_result_set is instance of dict? True
2024-03-18 01:20:43,755 Time taken for page 1 of Packing_List_50_page_2.png:0:00:01.573645
2024-03-18 01:20:43,855 *****Generated All Pages****** for Packing_List_50_page_2.png
2024-03-18 01:20:43,855 RAM memory 66.6 used for Packing_List_50_page_2.png Generating All Pages:
2024-03-18 01:20:43,855 Processing time taken for all pages of Packing_List_50_page_2.png1:0:00:01.674740
2024-03-18 01:20:43,976 file name is:Packing_List(2013_04_15_16_20_53_5835)_346_page_26.png
2024-03-18 01:20:43,976 folder path :Images
2024-03-18 01:20:43,976 Calling Image result
2024-03-18 01:20:43,976 is all_page_result is instance of dict? True
2024-03-18 01:20:43,987 STREAM b'IHDR' 16 13
2024-03-18 01:20:43,987 STREAM b'sBIT' 41 3
2024-03-18 01:20:43,987 b'sBIT' 41 3 (unknown)
2024-03-18 01:20:43,987 STREAM b'IDAT' 56 8192
2024-03-18 01:20:44,020 is words is instance of list? True
2024-03-18 01:20:44,020 is bboxes is instance of list? True
2024-03-18 01:20:44,020 is bounding_boxes is instance of list? True
2024-03-18 01:20:44,138 is input_id_chunks is instance of list? True
2024-03-18 01:20:44,138 is mask_chunks is instance of list? True
2024-03-18 01:20:44,138 is bbox_chunks is instance of list? True
2024-03-18 01:20:44,138 is image_chunks is instance of list? True
2024-03-18 01:20:44,139 is input_dict is instance of dict? True
2024-03-18 01:20:46,205 Model Called
2024-03-18 01:20:46,205 RAM memory 68.0 used for Packing_List(2013_04_15_16_20_53_5835)_346_page_26.png:
2024-03-18 01:20:46,205 is all_predictions is instance of list? True
2024-03-18 01:20:46,205 is all_boxes is instance of list? True
2024-03-18 01:20:46,205 is all_confidences is instance of list? True
2024-03-18 01:20:46,205 is all_text is instance of list? True
2024-03-18 01:20:46,206 is label2id is instance of dict? True
2024-03-18 01:20:46,206 is id2label is instance of dict? True
2024-03-18 01:20:46,207 is label2color is instance of dict? True
2024-03-18 01:20:46,207 label2color : {'track_reference': '#377CC5', 'vessel_name': '#F6C85B', 'transaction_amount_value': '#ADC1A1', 'lc_ref_no': '#45E013', 'invoice_currency': '#DE8C4D', 'bill_of_lading_date': '#257A56', 'net_weight': '#0D4C7D', 'awb_date': '#3E500A', 'date_of_invoice': '#807DAD', 'port_of_discharge': '#4F8D05', 'original_copy': '#76FFBB', 'shipper_address': '#9004D2', 'rate_per_unit': '#BFDAEE', 'invoice_no': '#5166B7', 'signature': '#B0563D', 'consignee_address': '#EE8A8C', 'incoterm': '#76883C', 'country_of_final_destination': '#8B7B92', 'description_of_goods': '#0794A1', 'total_quantity_of_goods': '#EF5330', 'shipper_name': '#6CFBD3', 'bill_of_lading_number': '#3044E3', 'transaction_currency': '#04C851', 'iec_no': '#71EAFC', 'gross_weight': '#367F60', 'vessel_flight_no': '#D9ED20', 'transaction_date': '#25EDF0', 'lc_date': '#DB4F61', 'consignee_name': '#C6F961', 'stamp': '#B3707E', 'invoice_amount': '#5035F1', 'dimension': '#4E4BD4', 'O': '#7F63BA', 'consignor_name': '#F36FF0', 'notify_party_name': '#16DD72', 'beneficiary_drawer_exporter_seller_supplier_name': '#096967', 'pre_carriage_by': '#7F6554', 'consignor_address': '#FFA602', 'declaration': '#80A5AF', 'beneficiary_drawer_exporter_seller_supplier_tin_no': '#1BC49E', 'country_of_origin_origin_of_goods': '#5BABD3', 'awb_number': '#D5914E', 'beneficiary_address': '#7E6EFB', 'remitter_address': '#F0CAE0', 'page_no': '#05E960', 'remitter_drawee_applicant_importer_buyer_name': '#35B71C', 'port_of_loading': '#CA2A15', 'notify_party_address': '#AB9FF6', 'payment_terms_terms_of_delivery_&_payment': '#050DBA'}
2024-03-18 01:20:46,365 is result_set is instance of dict? True
2024-03-18 01:20:46,367 is final_result_set is instance of dict? True
2024-03-18 01:20:46,463 Time taken for page 1 of Packing_List(2013_04_15_16_20_53_5835)_346_page_26.png:0:00:02.476334
2024-03-18 01:20:46,544 *****Generated All Pages****** for Packing_List(2013_04_15_16_20_53_5835)_346_page_26.png
2024-03-18 01:20:46,545 RAM memory 68.1 used for Packing_List(2013_04_15_16_20_53_5835)_346_page_26.png Generating All Pages:
2024-03-18 01:20:46,545 Processing time taken for all pages of Packing_List(2013_04_15_16_20_53_5835)_346_page_26.png1:0:00:02.568464
2024-03-18 01:20:46,669 file name is:Packing_List_45_page_6.png
2024-03-18 01:20:46,669 folder path :Images
2024-03-18 01:20:46,669 Calling Image result
2024-03-18 01:20:46,669 is all_page_result is instance of dict? True
2024-03-18 01:20:46,679 STREAM b'IHDR' 16 13
2024-03-18 01:20:46,679 STREAM b'IDAT' 41 35584
2024-03-18 01:20:46,708 is words is instance of list? True
2024-03-18 01:20:46,708 is bboxes is instance of list? True
2024-03-18 01:20:46,708 is bounding_boxes is instance of list? True
2024-03-18 01:20:46,926 is input_id_chunks is instance of list? True
2024-03-18 01:20:46,926 is mask_chunks is instance of list? True
2024-03-18 01:20:46,926 is bbox_chunks is instance of list? True
2024-03-18 01:20:46,926 is image_chunks is instance of list? True
2024-03-18 01:20:46,926 is input_dict is instance of dict? True
2024-03-18 01:20:48,136 Model Called
2024-03-18 01:20:48,136 RAM memory 67.1 used for Packing_List_45_page_6.png:
2024-03-18 01:20:48,136 is all_predictions is instance of list? True
2024-03-18 01:20:48,136 is all_boxes is instance of list? True
2024-03-18 01:20:48,136 is all_confidences is instance of list? True
2024-03-18 01:20:48,136 is all_text is instance of list? True
2024-03-18 01:20:48,137 is label2id is instance of dict? True
2024-03-18 01:20:48,137 is id2label is instance of dict? True
2024-03-18 01:20:48,138 is label2color is instance of dict? True
2024-03-18 01:20:48,138 label2color : {'track_reference': '#373F90', 'vessel_name': '#867B55', 'transaction_amount_value': '#11D2FE', 'lc_ref_no': '#A47EC8', 'invoice_currency': '#646145', 'bill_of_lading_date': '#8940B2', 'net_weight': '#472B48', 'awb_date': '#486D4B', 'date_of_invoice': '#7E3C41', 'port_of_discharge': '#8FA5B9', 'original_copy': '#73A8CE', 'shipper_address': '#37F3C5', 'rate_per_unit': '#A20787', 'invoice_no': '#59A5FE', 'signature': '#DBA7EA', 'consignee_address': '#2AE3BD', 'incoterm': '#5DDA14', 'country_of_final_destination': '#2C810A', 'description_of_goods': '#CEE9F2', 'total_quantity_of_goods': '#12B93B', 'shipper_name': '#33CB95', 'bill_of_lading_number': '#82F5B6', 'transaction_currency': '#00E81A', 'iec_no': '#7A82FB', 'gross_weight': '#E45C54', 'vessel_flight_no': '#3FD916', 'transaction_date': '#24ECDB', 'lc_date': '#1A77CE', 'consignee_name': '#940C84', 'stamp': '#508E40', 'invoice_amount': '#663030', 'dimension': '#3FDDA3', 'O': '#29D575', 'consignor_name': '#50AABD', 'notify_party_name': '#8DCC7F', 'beneficiary_drawer_exporter_seller_supplier_name': '#8DB8A1', 'pre_carriage_by': '#7BD071', 'consignor_address': '#41D081', 'declaration': '#6FAFEA', 'beneficiary_drawer_exporter_seller_supplier_tin_no': '#16B0F5', 'country_of_origin_origin_of_goods': '#C0925E', 'awb_number': '#BBC946', 'beneficiary_address': '#E935AB', 'remitter_address': '#1A7CBF', 'page_no': '#5ECDDA', 'remitter_drawee_applicant_importer_buyer_name': '#68D210', 'port_of_loading': '#3A4B36', 'notify_party_address': '#B59AEE', 'payment_terms_terms_of_delivery_&_payment': '#E91E49'}
2024-03-18 01:20:48,261 is result_set is instance of dict? True
2024-03-18 01:20:48,262 is final_result_set is instance of dict? True
2024-03-18 01:20:48,388 Time taken for page 1 of Packing_List_45_page_6.png:0:00:01.708852
2024-03-18 01:20:48,488 *****Generated All Pages****** for Packing_List_45_page_6.png
2024-03-18 01:20:48,488 RAM memory 67.2 used for Packing_List_45_page_6.png Generating All Pages:
2024-03-18 01:20:48,488 Processing time taken for all pages of Packing_List_45_page_6.png1:0:00:01.819089
2024-03-18 01:20:48,625 file name is:Packing_List_12_page_0.png
2024-03-18 01:20:48,625 folder path :Images
2024-03-18 01:20:48,625 Calling Image result
2024-03-18 01:20:48,625 is all_page_result is instance of dict? True
2024-03-18 01:20:48,626 STREAM b'IHDR' 16 13
2024-03-18 01:20:48,626 STREAM b'IDAT' 41 37593
2024-03-18 01:20:48,657 is words is instance of list? True
2024-03-18 01:20:48,657 is bboxes is instance of list? True
2024-03-18 01:20:48,657 is bounding_boxes is instance of list? True
2024-03-18 01:20:48,899 is input_id_chunks is instance of list? True
2024-03-18 01:20:48,899 is mask_chunks is instance of list? True
2024-03-18 01:20:48,899 is bbox_chunks is instance of list? True
2024-03-18 01:20:48,899 is image_chunks is instance of list? True
2024-03-18 01:20:48,899 is input_dict is instance of dict? True
2024-03-18 01:20:49,943 Model Called
2024-03-18 01:20:49,943 RAM memory 66.8 used for Packing_List_12_page_0.png:
2024-03-18 01:20:49,943 is all_predictions is instance of list? True
2024-03-18 01:20:49,943 is all_boxes is instance of list? True
2024-03-18 01:20:49,943 is all_confidences is instance of list? True
2024-03-18 01:20:49,943 is all_text is instance of list? True
2024-03-18 01:20:49,944 is label2id is instance of dict? True
2024-03-18 01:20:49,944 is id2label is instance of dict? True
2024-03-18 01:20:49,944 is label2color is instance of dict? True
2024-03-18 01:20:49,944 label2color : {'track_reference': '#C77F64', 'vessel_name': '#D6CC85', 'transaction_amount_value': '#F239F2', 'lc_ref_no': '#E72FDC', 'invoice_currency': '#AE1EAF', 'bill_of_lading_date': '#BC1579', 'net_weight': '#BC659B', 'awb_date': '#EBB1B3', 'date_of_invoice': '#CCC736', 'port_of_discharge': '#68D42C', 'original_copy': '#3F1DBE', 'shipper_address': '#6A5DBE', 'rate_per_unit': '#C673FF', 'invoice_no': '#37B465', 'signature': '#227B24', 'consignee_address': '#DFD3B7', 'incoterm': '#2018A2', 'country_of_final_destination': '#5B2BD5', 'description_of_goods': '#2998BA', 'total_quantity_of_goods': '#70C89F', 'shipper_name': '#6153F7', 'bill_of_lading_number': '#AD37F5', 'transaction_currency': '#B21CF5', 'iec_no': '#36332F', 'gross_weight': '#4B1012', 'vessel_flight_no': '#26A098', 'transaction_date': '#9A8A5B', 'lc_date': '#A33449', 'consignee_name': '#EF870A', 'stamp': '#A1044C', 'invoice_amount': '#06060A', 'dimension': '#014AE0', 'O': '#9481A9', 'consignor_name': '#3FD399', 'notify_party_name': '#841CA6', 'beneficiary_drawer_exporter_seller_supplier_name': '#7B87FA', 'pre_carriage_by': '#F6601A', 'consignor_address': '#FF05BA', 'declaration': '#262937', 'beneficiary_drawer_exporter_seller_supplier_tin_no': '#BA1A42', 'country_of_origin_origin_of_goods': '#85A4D5', 'awb_number': '#207BA4', 'beneficiary_address': '#E199E2', 'remitter_address': '#B03A9C', 'page_no': '#036A15', 'remitter_drawee_applicant_importer_buyer_name': '#391447', 'port_of_loading': '#B134D6', 'notify_party_address': '#91E430', 'payment_terms_terms_of_delivery_&_payment': '#84AF81'}
2024-03-18 01:20:50,064 is result_set is instance of dict? True
2024-03-18 01:20:50,065 is final_result_set is instance of dict? True
2024-03-18 01:20:50,195 Time taken for page 1 of Packing_List_12_page_0.png:0:00:01.568189
2024-03-18 01:20:50,298 *****Generated All Pages****** for Packing_List_12_page_0.png
2024-03-18 01:20:50,298 RAM memory 66.8 used for Packing_List_12_page_0.png Generating All Pages:
2024-03-18 01:20:50,298 Processing time taken for all pages of Packing_List_12_page_0.png1:0:00:01.673523
2024-03-18 01:20:50,411 file name is:Packing_List_34_page_4.png
2024-03-18 01:20:50,411 folder path :Images
2024-03-18 01:20:50,411 Calling Image result
2024-03-18 01:20:50,411 is all_page_result is instance of dict? True
2024-03-18 01:20:50,422 STREAM b'IHDR' 16 13
2024-03-18 01:20:50,422 STREAM b'IDAT' 41 40687
2024-03-18 01:20:50,449 is words is instance of list? True
2024-03-18 01:20:50,449 is bboxes is instance of list? True
2024-03-18 01:20:50,449 is bounding_boxes is instance of list? True
2024-03-18 01:20:50,651 is input_id_chunks is instance of list? True
2024-03-18 01:20:50,651 is mask_chunks is instance of list? True
2024-03-18 01:20:50,651 is bbox_chunks is instance of list? True
2024-03-18 01:20:50,651 is image_chunks is instance of list? True
2024-03-18 01:20:50,652 is input_dict is instance of dict? True
2024-03-18 01:20:51,699 Model Called
2024-03-18 01:20:51,700 RAM memory 66.6 used for Packing_List_34_page_4.png:
2024-03-18 01:20:51,701 is all_predictions is instance of list? True
2024-03-18 01:20:51,701 is all_boxes is instance of list? True
2024-03-18 01:20:51,702 is all_confidences is instance of list? True
2024-03-18 01:20:51,702 is all_text is instance of list? True
2024-03-18 01:20:51,702 is label2id is instance of dict? True
2024-03-18 01:20:51,703 is id2label is instance of dict? True
2024-03-18 01:20:51,704 is label2color is instance of dict? True
2024-03-18 01:20:51,705 label2color : {'track_reference': '#5275CC', 'vessel_name': '#45F239', 'transaction_amount_value': '#73F9D8', 'lc_ref_no': '#EDF773', 'invoice_currency': '#0696CF', 'bill_of_lading_date': '#93A45D', 'net_weight': '#669B6C', 'awb_date': '#4CEF23', 'date_of_invoice': '#7E7C56', 'port_of_discharge': '#5D5AC9', 'original_copy': '#D24088', 'shipper_address': '#0219CF', 'rate_per_unit': '#859868', 'invoice_no': '#0B2B73', 'signature': '#893906', 'consignee_address': '#BCACCD', 'incoterm': '#8961AC', 'country_of_final_destination': '#86D7C5', 'description_of_goods': '#354121', 'total_quantity_of_goods': '#64CB97', 'shipper_name': '#7E925D', 'bill_of_lading_number': '#8BCA67', 'transaction_currency': '#A2141C', 'iec_no': '#D94228', 'gross_weight': '#003F1D', 'vessel_flight_no': '#1FC338', 'transaction_date': '#2F341E', 'lc_date': '#F9E5F3', 'consignee_name': '#7E1181', 'stamp': '#117830', 'invoice_amount': '#52FC39', 'dimension': '#26AC82', 'O': '#8EB214', 'consignor_name': '#1DE82E', 'notify_party_name': '#7FD455', 'beneficiary_drawer_exporter_seller_supplier_name': '#AC970B', 'pre_carriage_by': '#068B25', 'consignor_address': '#EC5595', 'declaration': '#F5E317', 'beneficiary_drawer_exporter_seller_supplier_tin_no': '#F3D990', 'country_of_origin_origin_of_goods': '#06D700', 'awb_number': '#EAA1CE', 'beneficiary_address': '#8CBDA2', 'remitter_address': '#54530C', 'page_no': '#BDC2D0', 'remitter_drawee_applicant_importer_buyer_name': '#5A79DE', 'port_of_loading': '#79F88D', 'notify_party_address': '#859ED8', 'payment_terms_terms_of_delivery_&_payment': '#0514B9'}
2024-03-18 01:20:51,840 is result_set is instance of dict? True
2024-03-18 01:20:51,840 is final_result_set is instance of dict? True
2024-03-18 01:20:51,958 Time taken for page 1 of Packing_List_34_page_4.png:0:00:01.535573
2024-03-18 01:20:52,076 *****Generated All Pages****** for Packing_List_34_page_4.png
2024-03-18 01:20:52,077 RAM memory 66.6 used for Packing_List_34_page_4.png Generating All Pages:
2024-03-18 01:20:52,077 Processing time taken for all pages of Packing_List_34_page_4.png1:0:00:01.665209
2024-03-18 01:20:52,191 file name is:Packing_List_14_page_0.png
2024-03-18 01:20:52,191 folder path :Images
2024-03-18 01:20:52,191 Calling Image result
2024-03-18 01:20:52,191 is all_page_result is instance of dict? True
2024-03-18 01:20:52,202 STREAM b'IHDR' 16 13
2024-03-18 01:20:52,202 STREAM b'IDAT' 41 41386
2024-03-18 01:20:52,230 is words is instance of list? True
2024-03-18 01:20:52,230 is bboxes is instance of list? True
2024-03-18 01:20:52,230 is bounding_boxes is instance of list? True
2024-03-18 01:20:52,480 is input_id_chunks is instance of list? True
2024-03-18 01:20:52,480 is mask_chunks is instance of list? True
2024-03-18 01:20:52,480 is bbox_chunks is instance of list? True
2024-03-18 01:20:52,480 is image_chunks is instance of list? True
2024-03-18 01:20:52,480 is input_dict is instance of dict? True
2024-03-18 01:20:53,639 Model Called
2024-03-18 01:20:53,639 RAM memory 66.6 used for Packing_List_14_page_0.png:
2024-03-18 01:20:53,640 is all_predictions is instance of list? True
2024-03-18 01:20:53,640 is all_boxes is instance of list? True
2024-03-18 01:20:53,640 is all_confidences is instance of list? True
2024-03-18 01:20:53,640 is all_text is instance of list? True
2024-03-18 01:20:53,640 is label2id is instance of dict? True
2024-03-18 01:20:53,640 is id2label is instance of dict? True
2024-03-18 01:20:53,641 is label2color is instance of dict? True
2024-03-18 01:20:53,641 label2color : {'track_reference': '#49155B', 'vessel_name': '#CC3CB7', 'transaction_amount_value': '#9FEF2B', 'lc_ref_no': '#5C4CC3', 'invoice_currency': '#A0CC9C', 'bill_of_lading_date': '#6D7E26', 'net_weight': '#FA7C2F', 'awb_date': '#DAB6BA', 'date_of_invoice': '#D4A431', 'port_of_discharge': '#2B3A1F', 'original_copy': '#12DA93', 'shipper_address': '#455A94', 'rate_per_unit': '#852D9D', 'invoice_no': '#A0A099', 'signature': '#608F3D', 'consignee_address': '#052EF6', 'incoterm': '#EE8FB5', 'country_of_final_destination': '#CF28A3', 'description_of_goods': '#C28D7D', 'total_quantity_of_goods': '#8E46AC', 'shipper_name': '#6B52CF', 'bill_of_lading_number': '#1429B6', 'transaction_currency': '#05005C', 'iec_no': '#8690E9', 'gross_weight': '#0C4AE6', 'vessel_flight_no': '#9738DF', 'transaction_date': '#8508B9', 'lc_date': '#BF9EFE', 'consignee_name': '#D1B8DF', 'stamp': '#3D6262', 'invoice_amount': '#84330D', 'dimension': '#CC3392', 'O': '#FB98DC', 'consignor_name': '#F920B5', 'notify_party_name': '#BAFA97', 'beneficiary_drawer_exporter_seller_supplier_name': '#05D6BA', 'pre_carriage_by': '#9BBBD0', 'consignor_address': '#5334EC', 'declaration': '#E7639D', 'beneficiary_drawer_exporter_seller_supplier_tin_no': '#F6B5D0', 'country_of_origin_origin_of_goods': '#592410', 'awb_number': '#5ACF39', 'beneficiary_address': '#F2ABEB', 'remitter_address': '#D412DA', 'page_no': '#B34C90', 'remitter_drawee_applicant_importer_buyer_name': '#F568B3', 'port_of_loading': '#096AD1', 'notify_party_address': '#A3202C', 'payment_terms_terms_of_delivery_&_payment': '#E1D35A'}
2024-03-18 01:20:53,761 is result_set is instance of dict? True
2024-03-18 01:20:53,762 is final_result_set is instance of dict? True
2024-03-18 01:20:53,892 Time taken for page 1 of Packing_List_14_page_0.png:0:00:01.689942
2024-03-18 01:20:54,035 *****Generated All Pages****** for Packing_List_14_page_0.png
2024-03-18 01:20:54,036 RAM memory 66.7 used for Packing_List_14_page_0.png Generating All Pages:
2024-03-18 01:20:54,036 Processing time taken for all pages of Packing_List_14_page_0.png1:0:00:01.844272
2024-03-18 01:20:54,173 file name is:Packing_List_11_page_0.png
2024-03-18 01:20:54,173 folder path :Images
2024-03-18 01:20:54,173 Calling Image result
2024-03-18 01:20:54,173 is all_page_result is instance of dict? True
2024-03-18 01:20:54,183 STREAM b'IHDR' 16 13
2024-03-18 01:20:54,184 STREAM b'IDAT' 41 46728
2024-03-18 01:20:54,210 is words is instance of list? True
2024-03-18 01:20:54,210 is bboxes is instance of list? True
2024-03-18 01:20:54,210 is bounding_boxes is instance of list? True
2024-03-18 01:20:54,409 is input_id_chunks is instance of list? True
2024-03-18 01:20:54,409 is mask_chunks is instance of list? True
2024-03-18 01:20:54,409 is bbox_chunks is instance of list? True
2024-03-18 01:20:54,409 is image_chunks is instance of list? True
2024-03-18 01:20:54,410 is input_dict is instance of dict? True
2024-03-18 01:20:56,912 Model Called
2024-03-18 01:20:56,913 RAM memory 68.4 used for Packing_List_11_page_0.png:
2024-03-18 01:20:56,913 is all_predictions is instance of list? True
2024-03-18 01:20:56,913 is all_boxes is instance of list? True
2024-03-18 01:20:56,913 is all_confidences is instance of list? True
2024-03-18 01:20:56,913 is all_text is instance of list? True
2024-03-18 01:20:56,914 is label2id is instance of dict? True
2024-03-18 01:20:56,914 is id2label is instance of dict? True
2024-03-18 01:20:56,915 is label2color is instance of dict? True
2024-03-18 01:20:56,915 label2color : {'track_reference': '#1CC449', 'vessel_name': '#B39641', 'transaction_amount_value': '#19EC30', 'lc_ref_no': '#0B0FB2', 'invoice_currency': '#29CA75', 'bill_of_lading_date': '#C3B61A', 'net_weight': '#D12B62', 'awb_date': '#7D9343', 'date_of_invoice': '#DB324A', 'port_of_discharge': '#3B7F22', 'original_copy': '#95C343', 'shipper_address': '#2CEC66', 'rate_per_unit': '#02ED54', 'invoice_no': '#5CC317', 'signature': '#4F0408', 'consignee_address': '#5B8AA5', 'incoterm': '#2B668E', 'country_of_final_destination': '#31CF43', 'description_of_goods': '#987AB5', 'total_quantity_of_goods': '#77ACCE', 'shipper_name': '#9E4FFC', 'bill_of_lading_number': '#160580', 'transaction_currency': '#94121F', 'iec_no': '#A7135C', 'gross_weight': '#A37F18', 'vessel_flight_no': '#53D73B', 'transaction_date': '#477D5B', 'lc_date': '#CD58B2', 'consignee_name': '#C3AF36', 'stamp': '#FF132F', 'invoice_amount': '#67310D', 'dimension': '#B02116', 'O': '#95D6AD', 'consignor_name': '#592748', 'notify_party_name': '#25988B', 'beneficiary_drawer_exporter_seller_supplier_name': '#54FE7C', 'pre_carriage_by': '#6D2D72', 'consignor_address': '#C92920', 'declaration': '#99A6DF', 'beneficiary_drawer_exporter_seller_supplier_tin_no': '#BF4B21', 'country_of_origin_origin_of_goods': '#0E9BEE', 'awb_number': '#8A28E1', 'beneficiary_address': '#7620A6', 'remitter_address': '#59A154', 'page_no': '#31F278', 'remitter_drawee_applicant_importer_buyer_name': '#358EED', 'port_of_loading': '#A244D3', 'notify_party_address': '#C2CDD2', 'payment_terms_terms_of_delivery_&_payment': '#EFAC55'}
2024-03-18 01:20:57,140 is result_set is instance of dict? True
2024-03-18 01:20:57,141 is final_result_set is instance of dict? True
2024-03-18 01:20:57,238 Time taken for page 1 of Packing_List_11_page_0.png:0:00:03.054375
2024-03-18 01:20:57,349 *****Generated All Pages****** for Packing_List_11_page_0.png
2024-03-18 01:20:57,349 RAM memory 68.8 used for Packing_List_11_page_0.png Generating All Pages:
2024-03-18 01:20:57,349 Processing time taken for all pages of Packing_List_11_page_0.png1:0:00:03.176013
2024-03-18 01:20:57,508 file name is:Packing_List(2013_04_15_16_20_53_5835)_346_page_25.png
2024-03-18 01:20:57,509 folder path :Images
2024-03-18 01:20:57,509 Calling Image result
2024-03-18 01:20:57,509 is all_page_result is instance of dict? True
2024-03-18 01:20:57,509 STREAM b'IHDR' 16 13
2024-03-18 01:20:57,509 STREAM b'IDAT' 41 30082
2024-03-18 01:20:57,531 is words is instance of list? True
2024-03-18 01:20:57,531 is bboxes is instance of list? True
2024-03-18 01:20:57,531 is bounding_boxes is instance of list? True
2024-03-18 01:20:57,728 is input_id_chunks is instance of list? True
2024-03-18 01:20:57,728 is mask_chunks is instance of list? True
2024-03-18 01:20:57,728 is bbox_chunks is instance of list? True
2024-03-18 01:20:57,728 is image_chunks is instance of list? True
2024-03-18 01:20:57,729 is input_dict is instance of dict? True
2024-03-18 01:21:00,435 Model Called
2024-03-18 01:21:00,435 RAM memory 68.7 used for Packing_List(2013_04_15_16_20_53_5835)_346_page_25.png:
2024-03-18 01:21:00,435 is all_predictions is instance of list? True
2024-03-18 01:21:00,435 is all_boxes is instance of list? True
2024-03-18 01:21:00,435 is all_confidences is instance of list? True
2024-03-18 01:21:00,435 is all_text is instance of list? True
2024-03-18 01:21:00,435 is label2id is instance of dict? True
2024-03-18 01:21:00,435 is id2label is instance of dict? True
2024-03-18 01:21:00,436 is label2color is instance of dict? True
2024-03-18 01:21:00,436 label2color : {'track_reference': '#E7E07A', 'vessel_name': '#0540B0', 'transaction_amount_value': '#41E920', 'lc_ref_no': '#0B5352', 'invoice_currency': '#73BE95', 'bill_of_lading_date': '#E76E50', 'net_weight': '#BB668C', 'awb_date': '#CDF671', 'date_of_invoice': '#52239C', 'port_of_discharge': '#ECAB32', 'original_copy': '#0E8447', 'shipper_address': '#CB21AE', 'rate_per_unit': '#0EC74B', 'invoice_no': '#9628AD', 'signature': '#86EF92', 'consignee_address': '#97AE18', 'incoterm': '#462A88', 'country_of_final_destination': '#15B771', 'description_of_goods': '#000206', 'total_quantity_of_goods': '#B58E17', 'shipper_name': '#6B40E8', 'bill_of_lading_number': '#ADD594', 'transaction_currency': '#2A1073', 'iec_no': '#C77E64', 'gross_weight': '#AAAE15', 'vessel_flight_no': '#66BE97', 'transaction_date': '#DEA869', 'lc_date': '#B72BD3', 'consignee_name': '#06A434', 'stamp': '#2A3360', 'invoice_amount': '#030B96', 'dimension': '#E85CCE', 'O': '#99A356', 'consignor_name': '#5F847A', 'notify_party_name': '#63CDB6', 'beneficiary_drawer_exporter_seller_supplier_name': '#150105', 'pre_carriage_by': '#0C1FF0', 'consignor_address': '#D85888', 'declaration': '#BBD9C8', 'beneficiary_drawer_exporter_seller_supplier_tin_no': '#F7359F', 'country_of_origin_origin_of_goods': '#36755F', 'awb_number': '#633A13', 'beneficiary_address': '#C54C99', 'remitter_address': '#1E96BA', 'page_no': '#1ACE98', 'remitter_drawee_applicant_importer_buyer_name': '#6A518F', 'port_of_loading': '#90894A', 'notify_party_address': '#98F275', 'payment_terms_terms_of_delivery_&_payment': '#234D39'}
2024-03-18 01:21:00,559 is result_set is instance of dict? True
2024-03-18 01:21:00,561 is final_result_set is instance of dict? True
2024-03-18 01:21:00,673 Time taken for page 1 of Packing_List(2013_04_15_16_20_53_5835)_346_page_25.png:0:00:03.163233
2024-03-18 01:21:00,739 *****Generated All Pages****** for Packing_List(2013_04_15_16_20_53_5835)_346_page_25.png
2024-03-18 01:21:00,739 RAM memory 68.7 used for Packing_List(2013_04_15_16_20_53_5835)_346_page_25.png Generating All Pages:
2024-03-18 01:21:00,739 Processing time taken for all pages of Packing_List(2013_04_15_16_20_53_5835)_346_page_25.png1:0:00:03.230388
2024-03-18 01:21:00,863 file name is:Packing_List_40_page_0.png
2024-03-18 01:21:00,863 folder path :Images
2024-03-18 01:21:00,863 Calling Image result
2024-03-18 01:21:00,863 is all_page_result is instance of dict? True
2024-03-18 01:21:00,874 STREAM b'IHDR' 16 13
2024-03-18 01:21:00,874 STREAM b'IDAT' 41 31342
2024-03-18 01:21:00,903 is words is instance of list? True
2024-03-18 01:21:00,903 is bboxes is instance of list? True
2024-03-18 01:21:00,903 is bounding_boxes is instance of list? True
2024-03-18 01:21:01,130 is input_id_chunks is instance of list? True
2024-03-18 01:21:01,131 is mask_chunks is instance of list? True
2024-03-18 01:21:01,131 is bbox_chunks is instance of list? True
2024-03-18 01:21:01,131 is image_chunks is instance of list? True
2024-03-18 01:21:01,131 is input_dict is instance of dict? True
2024-03-18 01:21:03,127 Model Called
2024-03-18 01:21:03,127 RAM memory 68.8 used for Packing_List_40_page_0.png:
2024-03-18 01:21:03,128 is all_predictions is instance of list? True
2024-03-18 01:21:03,128 is all_boxes is instance of list? True
2024-03-18 01:21:03,128 is all_confidences is instance of list? True
2024-03-18 01:21:03,128 is all_text is instance of list? True
2024-03-18 01:21:03,128 is label2id is instance of dict? True
2024-03-18 01:21:03,128 is id2label is instance of dict? True
2024-03-18 01:21:03,129 is label2color is instance of dict? True
2024-03-18 01:21:03,129 label2color : {'track_reference': '#ECB451', 'vessel_name': '#207E4C', 'transaction_amount_value': '#B31383', 'lc_ref_no': '#88E69A', 'invoice_currency': '#A6EA8F', 'bill_of_lading_date': '#F4ADD2', 'net_weight': '#265CD6', 'awb_date': '#25FE08', 'date_of_invoice': '#6D1A59', 'port_of_discharge': '#AAF935', 'original_copy': '#193124', 'shipper_address': '#8790BD', 'rate_per_unit': '#1D3539', 'invoice_no': '#E1000C', 'signature': '#1E5226', 'consignee_address': '#6BB914', 'incoterm': '#2E5788', 'country_of_final_destination': '#C78535', 'description_of_goods': '#84ECF7', 'total_quantity_of_goods': '#F98A0D', 'shipper_name': '#CF7085', 'bill_of_lading_number': '#9883B0', 'transaction_currency': '#F9B0ED', 'iec_no': '#4FF10F', 'gross_weight': '#B77397', 'vessel_flight_no': '#AA205E', 'transaction_date': '#492D4D', 'lc_date': '#E6A14D', 'consignee_name': '#75DD14', 'stamp': '#A7B42E', 'invoice_amount': '#192672', 'dimension': '#0F1348', 'O': '#88F81E', 'consignor_name': '#E0E9DE', 'notify_party_name': '#48F084', 'beneficiary_drawer_exporter_seller_supplier_name': '#C6A892', 'pre_carriage_by': '#A2C7F0', 'consignor_address': '#01F6C2', 'declaration': '#5C1923', 'beneficiary_drawer_exporter_seller_supplier_tin_no': '#9DADB9', 'country_of_origin_origin_of_goods': '#C9CF06', 'awb_number': '#16FBF0', 'beneficiary_address': '#6CE2A1', 'remitter_address': '#B9CE81', 'page_no': '#50B6FD', 'remitter_drawee_applicant_importer_buyer_name': '#4384F3', 'port_of_loading': '#E82E3B', 'notify_party_address': '#EAD517', 'payment_terms_terms_of_delivery_&_payment': '#378DFA'}
2024-03-18 01:21:03,320 is result_set is instance of dict? True
2024-03-18 01:21:03,321 is final_result_set is instance of dict? True
2024-03-18 01:21:03,454 Time taken for page 1 of Packing_List_40_page_0.png:0:00:02.580130
2024-03-18 01:21:03,555 *****Generated All Pages****** for Packing_List_40_page_0.png
2024-03-18 01:21:03,555 RAM memory 68.9 used for Packing_List_40_page_0.png Generating All Pages:
2024-03-18 01:21:03,555 Processing time taken for all pages of Packing_List_40_page_0.png1:0:00:02.691822
2024-03-18 01:21:03,702 file name is:Packing_List_22_page_2.png
2024-03-18 01:21:03,702 folder path :Images
2024-03-18 01:21:03,702 Calling Image result
2024-03-18 01:21:03,702 is all_page_result is instance of dict? True
2024-03-18 01:21:03,713 STREAM b'IHDR' 16 13
2024-03-18 01:21:03,713 STREAM b'IDAT' 41 20899
2024-03-18 01:21:03,721 is words is instance of list? True
2024-03-18 01:21:03,722 is bboxes is instance of list? True
2024-03-18 01:21:03,722 is bounding_boxes is instance of list? True
2024-03-18 01:21:03,779 is input_id_chunks is instance of list? True
2024-03-18 01:21:03,779 is mask_chunks is instance of list? True
2024-03-18 01:21:03,779 is bbox_chunks is instance of list? True
2024-03-18 01:21:03,779 is image_chunks is instance of list? True
2024-03-18 01:21:03,780 is input_dict is instance of dict? True
2024-03-18 01:21:06,282 Model Called
2024-03-18 01:21:06,282 RAM memory 69.1 used for Packing_List_22_page_2.png:
2024-03-18 01:21:06,282 is all_predictions is instance of list? True
2024-03-18 01:21:06,282 is all_boxes is instance of list? True
2024-03-18 01:21:06,282 is all_confidences is instance of list? True
2024-03-18 01:21:06,282 is all_text is instance of list? True
2024-03-18 01:21:06,283 is label2id is instance of dict? True
2024-03-18 01:21:06,283 is id2label is instance of dict? True
2024-03-18 01:21:06,284 is label2color is instance of dict? True
2024-03-18 01:21:06,284 label2color : {'track_reference': '#099CF2', 'vessel_name': '#6EB009', 'transaction_amount_value': '#A0CE0B', 'lc_ref_no': '#285DE5', 'invoice_currency': '#EF04D1', 'bill_of_lading_date': '#B94477', 'net_weight': '#7B3E22', 'awb_date': '#D2B8B6', 'date_of_invoice': '#739AB3', 'port_of_discharge': '#76B2EF', 'original_copy': '#6F8F4E', 'shipper_address': '#378048', 'rate_per_unit': '#ED17CE', 'invoice_no': '#3B235A', 'signature': '#24ED7F', 'consignee_address': '#413075', 'incoterm': '#5BD5B5', 'country_of_final_destination': '#E83287', 'description_of_goods': '#B787C5', 'total_quantity_of_goods': '#0CC00B', 'shipper_name': '#653339', 'bill_of_lading_number': '#39D5AB', 'transaction_currency': '#927BC2', 'iec_no': '#EAC832', 'gross_weight': '#29D1D6', 'vessel_flight_no': '#8A7F2B', 'transaction_date': '#7FC6D9', 'lc_date': '#9FDF0E', 'consignee_name': '#C7A133', 'stamp': '#B9CBBC', 'invoice_amount': '#3EC6AA', 'dimension': '#A17F39', 'O': '#DADB51', 'consignor_name': '#BF462B', 'notify_party_name': '#536295', 'beneficiary_drawer_exporter_seller_supplier_name': '#59F607', 'pre_carriage_by': '#D5F170', 'consignor_address': '#826EDE', 'declaration': '#CA69ED', 'beneficiary_drawer_exporter_seller_supplier_tin_no': '#52E0D8', 'country_of_origin_origin_of_goods': '#E12F78', 'awb_number': '#FE4F1F', 'beneficiary_address': '#52EE74', 'remitter_address': '#991E63', 'page_no': '#14D6F7', 'remitter_drawee_applicant_importer_buyer_name': '#675744', 'port_of_loading': '#5C252C', 'notify_party_address': '#A8A597', 'payment_terms_terms_of_delivery_&_payment': '#85BA9F'}
2024-03-18 01:21:06,368 is result_set is instance of dict? True
2024-03-18 01:21:06,369 is final_result_set is instance of dict? True
2024-03-18 01:21:06,556 Time taken for page 1 of Packing_List_22_page_2.png:0:00:02.842482
2024-03-18 01:21:06,599 *****Generated All Pages****** for Packing_List_22_page_2.png
2024-03-18 01:21:06,600 RAM memory 69.4 used for Packing_List_22_page_2.png Generating All Pages:
2024-03-18 01:21:06,600 Processing time taken for all pages of Packing_List_22_page_2.png1:0:00:02.897298
2024-03-18 01:21:06,754 file name is:Packing_List(2013_04_15_16_20_53_5835)_346_page_1.png
2024-03-18 01:21:06,754 folder path :Images
2024-03-18 01:21:06,754 Calling Image result
2024-03-18 01:21:06,754 is all_page_result is instance of dict? True
2024-03-18 01:21:06,764 STREAM b'IHDR' 16 13
2024-03-18 01:21:06,765 STREAM b'IDAT' 41 34787
2024-03-18 01:21:06,796 is words is instance of list? True
2024-03-18 01:21:06,797 is bboxes is instance of list? True
2024-03-18 01:21:06,797 is bounding_boxes is instance of list? True
2024-03-18 01:21:06,939 is input_id_chunks is instance of list? True
2024-03-18 01:21:06,939 is mask_chunks is instance of list? True
2024-03-18 01:21:06,939 is bbox_chunks is instance of list? True
2024-03-18 01:21:06,939 is image_chunks is instance of list? True
2024-03-18 01:21:06,940 is input_dict is instance of dict? True
2024-03-18 01:21:09,173 Model Called
2024-03-18 01:21:09,174 RAM memory 68.3 used for Packing_List(2013_04_15_16_20_53_5835)_346_page_1.png:
2024-03-18 01:21:09,174 is all_predictions is instance of list? True
2024-03-18 01:21:09,174 is all_boxes is instance of list? True
2024-03-18 01:21:09,174 is all_confidences is instance of list? True
2024-03-18 01:21:09,174 is all_text is instance of list? True
2024-03-18 01:21:09,174 is label2id is instance of dict? True
2024-03-18 01:21:09,174 is id2label is instance of dict? True
2024-03-18 01:21:09,175 is label2color is instance of dict? True
2024-03-18 01:21:09,175 label2color : {'track_reference': '#A810D4', 'vessel_name': '#2F5205', 'transaction_amount_value': '#7D0648', 'lc_ref_no': '#9D6F46', 'invoice_currency': '#04223F', 'bill_of_lading_date': '#A15B68', 'net_weight': '#CD2ED2', 'awb_date': '#BAA8CC', 'date_of_invoice': '#91613F', 'port_of_discharge': '#ABF3DC', 'original_copy': '#16453A', 'shipper_address': '#7CC2D8', 'rate_per_unit': '#937227', 'invoice_no': '#BAFD59', 'signature': '#E50EB1', 'consignee_address': '#B0D6EC', 'incoterm': '#410BA2', 'country_of_final_destination': '#AFAE43', 'description_of_goods': '#3F82A7', 'total_quantity_of_goods': '#783169', 'shipper_name': '#215E6B', 'bill_of_lading_number': '#5F7389', 'transaction_currency': '#7DB6B2', 'iec_no': '#AD9618', 'gross_weight': '#0608B2', 'vessel_flight_no': '#A3DCBF', 'transaction_date': '#615C82', 'lc_date': '#B32B46', 'consignee_name': '#95C985', 'stamp': '#EAD204', 'invoice_amount': '#D4759E', 'dimension': '#FA2FD8', 'O': '#78B89A', 'consignor_name': '#6314DC', 'notify_party_name': '#DB8856', 'beneficiary_drawer_exporter_seller_supplier_name': '#405549', 'pre_carriage_by': '#8BE39B', 'consignor_address': '#238D18', 'declaration': '#5BFF75', 'beneficiary_drawer_exporter_seller_supplier_tin_no': '#227212', 'country_of_origin_origin_of_goods': '#58C366', 'awb_number': '#DF0C72', 'beneficiary_address': '#A65CE6', 'remitter_address': '#CE7331', 'page_no': '#4C0C0E', 'remitter_drawee_applicant_importer_buyer_name': '#7D6820', 'port_of_loading': '#A7CC45', 'notify_party_address': '#516B22', 'payment_terms_terms_of_delivery_&_payment': '#AFD334'}
2024-03-18 01:21:09,313 is result_set is instance of dict? True
2024-03-18 01:21:09,314 is final_result_set is instance of dict? True
2024-03-18 01:21:09,398 Time taken for page 1 of Packing_List(2013_04_15_16_20_53_5835)_346_page_1.png:0:00:02.633824
2024-03-18 01:21:09,475 *****Generated All Pages****** for Packing_List(2013_04_15_16_20_53_5835)_346_page_1.png
2024-03-18 01:21:09,475 RAM memory 68.2 used for Packing_List(2013_04_15_16_20_53_5835)_346_page_1.png Generating All Pages:
2024-03-18 01:21:09,475 Processing time taken for all pages of Packing_List(2013_04_15_16_20_53_5835)_346_page_1.png1:0:00:02.721514
2024-03-18 01:21:09,627 file name is:Packing_List(2013_04_15_16_20_53_5835)_346_page_23.png
2024-03-18 01:21:09,627 folder path :Images
2024-03-18 01:21:09,627 Calling Image result
2024-03-18 01:21:09,627 is all_page_result is instance of dict? True
2024-03-18 01:21:09,637 STREAM b'IHDR' 16 13
2024-03-18 01:21:09,638 STREAM b'IDAT' 41 31931
2024-03-18 01:21:09,658 is words is instance of list? True
2024-03-18 01:21:09,658 is bboxes is instance of list? True
2024-03-18 01:21:09,658 is bounding_boxes is instance of list? True
2024-03-18 01:21:09,808 is input_id_chunks is instance of list? True
2024-03-18 01:21:09,808 is mask_chunks is instance of list? True
2024-03-18 01:21:09,808 is bbox_chunks is instance of list? True
2024-03-18 01:21:09,808 is image_chunks is instance of list? True
2024-03-18 01:21:09,809 is input_dict is instance of dict? True
2024-03-18 01:21:12,195 Model Called
2024-03-18 01:21:12,195 RAM memory 68.3 used for Packing_List(2013_04_15_16_20_53_5835)_346_page_23.png:
2024-03-18 01:21:12,195 is all_predictions is instance of list? True
2024-03-18 01:21:12,195 is all_boxes is instance of list? True
2024-03-18 01:21:12,195 is all_confidences is instance of list? True
2024-03-18 01:21:12,196 is all_text is instance of list? True
2024-03-18 01:21:12,196 is label2id is instance of dict? True
2024-03-18 01:21:12,196 is id2label is instance of dict? True
2024-03-18 01:21:12,197 is label2color is instance of dict? True
2024-03-18 01:21:12,197 label2color : {'track_reference': '#7C3F15', 'vessel_name': '#C99540', 'transaction_amount_value': '#2E7F41', 'lc_ref_no': '#35519F', 'invoice_currency': '#CF5BAC', 'bill_of_lading_date': '#243690', 'net_weight': '#4B8DD1', 'awb_date': '#C314CB', 'date_of_invoice': '#BEF292', 'port_of_discharge': '#51D368', 'original_copy': '#702D3B', 'shipper_address': '#CE07F2', 'rate_per_unit': '#97931B', 'invoice_no': '#B8F032', 'signature': '#2216FC', 'consignee_address': '#ABB8D0', 'incoterm': '#E04937', 'country_of_final_destination': '#8F110B', 'description_of_goods': '#9346EC', 'total_quantity_of_goods': '#FFB0FF', 'shipper_name': '#1F3BE6', 'bill_of_lading_number': '#D9DE72', 'transaction_currency': '#A5E50B', 'iec_no': '#2463E3', 'gross_weight': '#D59B5C', 'vessel_flight_no': '#05A5D1', 'transaction_date': '#28EB3E', 'lc_date': '#3AEC62', 'consignee_name': '#D178D9', 'stamp': '#348A04', 'invoice_amount': '#7799D0', 'dimension': '#C8F1DE', 'O': '#7B1DEC', 'consignor_name': '#7F9677', 'notify_party_name': '#317C64', 'beneficiary_drawer_exporter_seller_supplier_name': '#BA0CE3', 'pre_carriage_by': '#C4F312', 'consignor_address': '#9CFE4F', 'declaration': '#59BA07', 'beneficiary_drawer_exporter_seller_supplier_tin_no': '#C24E76', 'country_of_origin_origin_of_goods': '#91F6B7', 'awb_number': '#C00D1A', 'beneficiary_address': '#62EC1F', 'remitter_address': '#44C603', 'page_no': '#145FA2', 'remitter_drawee_applicant_importer_buyer_name': '#D996E5', 'port_of_loading': '#48521F', 'notify_party_address': '#CE6796', 'payment_terms_terms_of_delivery_&_payment': '#9935A7'}
2024-03-18 01:21:12,317 is result_set is instance of dict? True
2024-03-18 01:21:12,317 is final_result_set is instance of dict? True
2024-03-18 01:21:12,446 Time taken for page 1 of Packing_List(2013_04_15_16_20_53_5835)_346_page_23.png:0:00:02.808236
2024-03-18 01:21:12,515 *****Generated All Pages****** for Packing_List(2013_04_15_16_20_53_5835)_346_page_23.png
2024-03-18 01:21:12,515 RAM memory 68.5 used for Packing_List(2013_04_15_16_20_53_5835)_346_page_23.png Generating All Pages:
2024-03-18 01:21:12,515 Processing time taken for all pages of Packing_List(2013_04_15_16_20_53_5835)_346_page_23.png1:0:00:02.888202
2024-03-18 01:21:12,647 file name is:Packing_List(2012_08_30_15_10_44_6479)_886_page_0.png
2024-03-18 01:21:12,647 folder path :Images
2024-03-18 01:21:12,647 Calling Image result
2024-03-18 01:21:12,647 is all_page_result is instance of dict? True
2024-03-18 01:21:12,658 STREAM b'IHDR' 16 13
2024-03-18 01:21:12,658 STREAM b'IDAT' 41 49242
2024-03-18 01:21:12,690 is words is instance of list? True
2024-03-18 01:21:12,690 is bboxes is instance of list? True
2024-03-18 01:21:12,690 is bounding_boxes is instance of list? True
2024-03-18 01:21:12,958 is input_id_chunks is instance of list? True
2024-03-18 01:21:12,958 is mask_chunks is instance of list? True
2024-03-18 01:21:12,958 is bbox_chunks is instance of list? True
2024-03-18 01:21:12,958 is image_chunks is instance of list? True
2024-03-18 01:21:12,959 is input_dict is instance of dict? True
2024-03-18 01:21:15,603 Model Called
2024-03-18 01:21:15,603 RAM memory 69.3 used for Packing_List(2012_08_30_15_10_44_6479)_886_page_0.png:
2024-03-18 01:21:15,603 is all_predictions is instance of list? True
2024-03-18 01:21:15,603 is all_boxes is instance of list? True
2024-03-18 01:21:15,603 is all_confidences is instance of list? True
2024-03-18 01:21:15,603 is all_text is instance of list? True
2024-03-18 01:21:15,604 is label2id is instance of dict? True
2024-03-18 01:21:15,604 is id2label is instance of dict? True
2024-03-18 01:21:15,605 is label2color is instance of dict? True
2024-03-18 01:21:15,605 label2color : {'track_reference': '#C15C65', 'vessel_name': '#3C179B', 'transaction_amount_value': '#C3667B', 'lc_ref_no': '#80621A', 'invoice_currency': '#1E303E', 'bill_of_lading_date': '#931479', 'net_weight': '#72C1CA', 'awb_date': '#3C1CE0', 'date_of_invoice': '#C76F30', 'port_of_discharge': '#269D5F', 'original_copy': '#EC26BF', 'shipper_address': '#F984A1', 'rate_per_unit': '#03BC2E', 'invoice_no': '#CD06EB', 'signature': '#870DD5', 'consignee_address': '#A39968', 'incoterm': '#B98350', 'country_of_final_destination': '#4F2CBC', 'description_of_goods': '#115C9D', 'total_quantity_of_goods': '#A9C181', 'shipper_name': '#776FF3', 'bill_of_lading_number': '#320415', 'transaction_currency': '#B2E068', 'iec_no': '#926491', 'gross_weight': '#9ED324', 'vessel_flight_no': '#72E7E2', 'transaction_date': '#10817A', 'lc_date': '#352BD7', 'consignee_name': '#F83F0E', 'stamp': '#CBDE33', 'invoice_amount': '#3921F2', 'dimension': '#54AB9B', 'O': '#5DB355', 'consignor_name': '#F8C882', 'notify_party_name': '#575C1F', 'beneficiary_drawer_exporter_seller_supplier_name': '#0134E6', 'pre_carriage_by': '#588EF3', 'consignor_address': '#594414', 'declaration': '#2C166C', 'beneficiary_drawer_exporter_seller_supplier_tin_no': '#8FC394', 'country_of_origin_origin_of_goods': '#00A4F5', 'awb_number': '#650CB0', 'beneficiary_address': '#6B902F', 'remitter_address': '#8DF5BF', 'page_no': '#62965C', 'remitter_drawee_applicant_importer_buyer_name': '#B687DA', 'port_of_loading': '#FD9BEA', 'notify_party_address': '#D59D32', 'payment_terms_terms_of_delivery_&_payment': '#33D3EA'}
2024-03-18 01:21:15,801 is result_set is instance of dict? True
2024-03-18 01:21:15,801 is final_result_set is instance of dict? True
2024-03-18 01:21:15,893 Time taken for page 1 of Packing_List(2012_08_30_15_10_44_6479)_886_page_0.png:0:00:03.234641
2024-03-18 01:21:16,007 *****Generated All Pages****** for Packing_List(2012_08_30_15_10_44_6479)_886_page_0.png
2024-03-18 01:21:16,007 RAM memory 69.3 used for Packing_List(2012_08_30_15_10_44_6479)_886_page_0.png Generating All Pages:
2024-03-18 01:21:16,007 Processing time taken for all pages of Packing_List(2012_08_30_15_10_44_6479)_886_page_0.png1:0:00:03.359991
2024-03-18 01:21:16,143 file name is:Packing_List_3_page_0.png
2024-03-18 01:21:16,143 folder path :Images
2024-03-18 01:21:16,143 Calling Image result
2024-03-18 01:21:16,143 is all_page_result is instance of dict? True
2024-03-18 01:21:16,154 STREAM b'IHDR' 16 13
2024-03-18 01:21:16,154 STREAM b'IDAT' 41 29216
2024-03-18 01:21:16,181 is words is instance of list? True
2024-03-18 01:21:16,181 is bboxes is instance of list? True
2024-03-18 01:21:16,181 is bounding_boxes is instance of list? True
2024-03-18 01:21:16,380 is input_id_chunks is instance of list? True
2024-03-18 01:21:16,381 is mask_chunks is instance of list? True
2024-03-18 01:21:16,381 is bbox_chunks is instance of list? True
2024-03-18 01:21:16,381 is image_chunks is instance of list? True
2024-03-18 01:21:16,381 is input_dict is instance of dict? True
2024-03-18 01:21:17,370 Model Called
2024-03-18 01:21:17,371 RAM memory 66.2 used for Packing_List_3_page_0.png:
2024-03-18 01:21:17,371 is all_predictions is instance of list? True
2024-03-18 01:21:17,371 is all_boxes is instance of list? True
2024-03-18 01:21:17,371 is all_confidences is instance of list? True
2024-03-18 01:21:17,371 is all_text is instance of list? True
2024-03-18 01:21:17,371 is label2id is instance of dict? True
2024-03-18 01:21:17,371 is id2label is instance of dict? True
2024-03-18 01:21:17,372 is label2color is instance of dict? True
2024-03-18 01:21:17,372 label2color : {'track_reference': '#9FE3E6', 'vessel_name': '#D33061', 'transaction_amount_value': '#F3410B', 'lc_ref_no': '#5B569A', 'invoice_currency': '#1501A0', 'bill_of_lading_date': '#0DEFEA', 'net_weight': '#B86B79', 'awb_date': '#53F3A8', 'date_of_invoice': '#C0030D', 'port_of_discharge': '#574C94', 'original_copy': '#5F5CBC', 'shipper_address': '#3621BA', 'rate_per_unit': '#7D9D5F', 'invoice_no': '#21DDE8', 'signature': '#465CEF', 'consignee_address': '#3E7E4F', 'incoterm': '#990F9B', 'country_of_final_destination': '#377A3C', 'description_of_goods': '#244A6B', 'total_quantity_of_goods': '#9B8868', 'shipper_name': '#942FE4', 'bill_of_lading_number': '#5BEA72', 'transaction_currency': '#36E090', 'iec_no': '#8F4402', 'gross_weight': '#861393', 'vessel_flight_no': '#00F142', 'transaction_date': '#BCF4B2', 'lc_date': '#8ECDFB', 'consignee_name': '#674E2A', 'stamp': '#7B5265', 'invoice_amount': '#62863C', 'dimension': '#3E95A5', 'O': '#7C139E', 'consignor_name': '#6E4410', 'notify_party_name': '#E420CA', 'beneficiary_drawer_exporter_seller_supplier_name': '#992F98', 'pre_carriage_by': '#8424B6', 'consignor_address': '#215353', 'declaration': '#A28234', 'beneficiary_drawer_exporter_seller_supplier_tin_no': '#917B47', 'country_of_origin_origin_of_goods': '#BE9BAC', 'awb_number': '#360229', 'beneficiary_address': '#C88DC0', 'remitter_address': '#95F863', 'page_no': '#01F284', 'remitter_drawee_applicant_importer_buyer_name': '#AA9A9D', 'port_of_loading': '#C38E4A', 'notify_party_address': '#3553CC', 'payment_terms_terms_of_delivery_&_payment': '#C12B46'}
2024-03-18 01:21:17,509 is result_set is instance of dict? True
2024-03-18 01:21:17,510 is final_result_set is instance of dict? True
2024-03-18 01:21:17,615 Time taken for page 1 of Packing_List_3_page_0.png:0:00:01.461000
2024-03-18 01:21:17,715 *****Generated All Pages****** for Packing_List_3_page_0.png
2024-03-18 01:21:17,715 RAM memory 66.0 used for Packing_List_3_page_0.png Generating All Pages:
2024-03-18 01:21:17,715 Processing time taken for all pages of Packing_List_3_page_0.png1:0:00:01.572408
2024-03-18 01:21:17,836 file name is:Packing_List_36_page_0.png
2024-03-18 01:21:17,836 folder path :Images
2024-03-18 01:21:17,836 Calling Image result
2024-03-18 01:21:17,836 is all_page_result is instance of dict? True
2024-03-18 01:21:17,847 STREAM b'IHDR' 16 13
2024-03-18 01:21:17,847 STREAM b'IDAT' 41 43953
2024-03-18 01:21:17,881 is words is instance of list? True
2024-03-18 01:21:17,881 is bboxes is instance of list? True
2024-03-18 01:21:17,881 is bounding_boxes is instance of list? True
2024-03-18 01:21:18,122 is input_id_chunks is instance of list? True
2024-03-18 01:21:18,123 is mask_chunks is instance of list? True
2024-03-18 01:21:18,123 is bbox_chunks is instance of list? True
2024-03-18 01:21:18,123 is image_chunks is instance of list? True
2024-03-18 01:21:18,123 is input_dict is instance of dict? True
2024-03-18 01:21:21,012 Model Called
2024-03-18 01:21:21,012 RAM memory 69.0 used for Packing_List_36_page_0.png:
2024-03-18 01:21:21,012 is all_predictions is instance of list? True
2024-03-18 01:21:21,012 is all_boxes is instance of list? True
2024-03-18 01:21:21,012 is all_confidences is instance of list? True
2024-03-18 01:21:21,012 is all_text is instance of list? True
2024-03-18 01:21:21,012 is label2id is instance of dict? True
2024-03-18 01:21:21,012 is id2label is instance of dict? True
2024-03-18 01:21:21,013 is label2color is instance of dict? True
2024-03-18 01:21:21,013 label2color : {'track_reference': '#A1481A', 'vessel_name': '#7CB993', 'transaction_amount_value': '#85B89F', 'lc_ref_no': '#46EF49', 'invoice_currency': '#7761C2', 'bill_of_lading_date': '#8FB416', 'net_weight': '#21DA93', 'awb_date': '#2A4199', 'date_of_invoice': '#281CC7', 'port_of_discharge': '#6696FF', 'original_copy': '#66AE39', 'shipper_address': '#14934E', 'rate_per_unit': '#82618B', 'invoice_no': '#F14483', 'signature': '#C359BA', 'consignee_address': '#1E7890', 'incoterm': '#D0931D', 'country_of_final_destination': '#60751D', 'description_of_goods': '#55E3EB', 'total_quantity_of_goods': '#3BEFDD', 'shipper_name': '#1AD7FF', 'bill_of_lading_number': '#AF0DD7', 'transaction_currency': '#C1F7A9', 'iec_no': '#B2EC3C', 'gross_weight': '#492EC2', 'vessel_flight_no': '#72D5D7', 'transaction_date': '#8EB061', 'lc_date': '#A7FA41', 'consignee_name': '#DFFE61', 'stamp': '#4A6C64', 'invoice_amount': '#692FC6', 'dimension': '#92BEE3', 'O': '#EC1526', 'consignor_name': '#096CF5', 'notify_party_name': '#5056B6', 'beneficiary_drawer_exporter_seller_supplier_name': '#752794', 'pre_carriage_by': '#289317', 'consignor_address': '#C849C1', 'declaration': '#33BF76', 'beneficiary_drawer_exporter_seller_supplier_tin_no': '#E50C41', 'country_of_origin_origin_of_goods': '#095746', 'awb_number': '#DFA359', 'beneficiary_address': '#2206F7', 'remitter_address': '#6CAD71', 'page_no': '#C14CB7', 'remitter_drawee_applicant_importer_buyer_name': '#85FA2D', 'port_of_loading': '#0D9C8D', 'notify_party_address': '#0AEF87', 'payment_terms_terms_of_delivery_&_payment': '#F01808'}
2024-03-18 01:21:21,214 is result_set is instance of dict? True
2024-03-18 01:21:21,215 is final_result_set is instance of dict? True
2024-03-18 01:21:21,337 Time taken for page 1 of Packing_List_36_page_0.png:0:00:03.489985
2024-03-18 01:21:21,448 *****Generated All Pages****** for Packing_List_36_page_0.png
2024-03-18 01:21:21,449 RAM memory 68.8 used for Packing_List_36_page_0.png Generating All Pages:
2024-03-18 01:21:21,449 Processing time taken for all pages of Packing_List_36_page_0.png1:0:00:03.612427
2024-03-18 01:21:21,572 file name is:Packing_List(2013_04_15_16_20_53_5835)_346_page_7.png
2024-03-18 01:21:21,572 folder path :Images
2024-03-18 01:21:21,572 Calling Image result
2024-03-18 01:21:21,572 is all_page_result is instance of dict? True
2024-03-18 01:21:21,582 STREAM b'IHDR' 16 13
2024-03-18 01:21:21,582 STREAM b'IDAT' 41 32015
2024-03-18 01:21:21,599 is words is instance of list? True
2024-03-18 01:21:21,599 is bboxes is instance of list? True
2024-03-18 01:21:21,599 is bounding_boxes is instance of list? True
2024-03-18 01:21:21,722 is input_id_chunks is instance of list? True
2024-03-18 01:21:21,722 is mask_chunks is instance of list? True
2024-03-18 01:21:21,722 is bbox_chunks is instance of list? True
2024-03-18 01:21:21,722 is image_chunks is instance of list? True
2024-03-18 01:21:21,723 is input_dict is instance of dict? True
2024-03-18 01:21:23,893 Model Called
2024-03-18 01:21:23,894 RAM memory 68.5 used for Packing_List(2013_04_15_16_20_53_5835)_346_page_7.png:
2024-03-18 01:21:23,894 is all_predictions is instance of list? True
2024-03-18 01:21:23,894 is all_boxes is instance of list? True
2024-03-18 01:21:23,894 is all_confidences is instance of list? True
2024-03-18 01:21:23,894 is all_text is instance of list? True
2024-03-18 01:21:23,894 is label2id is instance of dict? True
2024-03-18 01:21:23,894 is id2label is instance of dict? True
2024-03-18 01:21:23,896 is label2color is instance of dict? True
2024-03-18 01:21:23,896 label2color : {'track_reference': '#4609BF', 'vessel_name': '#167BD2', 'transaction_amount_value': '#783A6E', 'lc_ref_no': '#DF4F35', 'invoice_currency': '#7BC450', 'bill_of_lading_date': '#EBE01F', 'net_weight': '#74A487', 'awb_date': '#A0A44E', 'date_of_invoice': '#E2EEEE', 'port_of_discharge': '#2DB6A7', 'original_copy': '#C69119', 'shipper_address': '#102D2D', 'rate_per_unit': '#787A9F', 'invoice_no': '#4B073C', 'signature': '#9BFC04', 'consignee_address': '#1F3535', 'incoterm': '#3C7787', 'country_of_final_destination': '#2AB3EB', 'description_of_goods': '#397A35', 'total_quantity_of_goods': '#BC3995', 'shipper_name': '#8D3FCC', 'bill_of_lading_number': '#D9EBC5', 'transaction_currency': '#5565C0', 'iec_no': '#F38AAA', 'gross_weight': '#5C5966', 'vessel_flight_no': '#127791', 'transaction_date': '#168E1D', 'lc_date': '#AA1794', 'consignee_name': '#3494E0', 'stamp': '#53D791', 'invoice_amount': '#E16294', 'dimension': '#CEB437', 'O': '#91731F', 'consignor_name': '#CAD985', 'notify_party_name': '#3C801E', 'beneficiary_drawer_exporter_seller_supplier_name': '#53156B', 'pre_carriage_by': '#978B74', 'consignor_address': '#A450F8', 'declaration': '#A2D561', 'beneficiary_drawer_exporter_seller_supplier_tin_no': '#64A2B9', 'country_of_origin_origin_of_goods': '#07855E', 'awb_number': '#C22961', 'beneficiary_address': '#73A26C', 'remitter_address': '#10A28F', 'page_no': '#34C541', 'remitter_drawee_applicant_importer_buyer_name': '#8C8C4E', 'port_of_loading': '#C22771', 'notify_party_address': '#76D6EA', 'payment_terms_terms_of_delivery_&_payment': '#6A3A5E'}
2024-03-18 01:21:24,023 is result_set is instance of dict? True
2024-03-18 01:21:24,024 is final_result_set is instance of dict? True
2024-03-18 01:21:24,129 Time taken for page 1 of Packing_List(2013_04_15_16_20_53_5835)_346_page_7.png:0:00:02.546185
2024-03-18 01:21:24,202 *****Generated All Pages****** for Packing_List(2013_04_15_16_20_53_5835)_346_page_7.png
2024-03-18 01:21:24,202 RAM memory 68.5 used for Packing_List(2013_04_15_16_20_53_5835)_346_page_7.png Generating All Pages:
2024-03-18 01:21:24,202 Processing time taken for all pages of Packing_List(2013_04_15_16_20_53_5835)_346_page_7.png1:0:00:02.630539
2024-03-18 01:21:24,345 file name is:Packing_List(2013_04_15_16_20_53_5835)_346_page_14.png
2024-03-18 01:21:24,345 folder path :Images
2024-03-18 01:21:24,345 Calling Image result
2024-03-18 01:21:24,345 is all_page_result is instance of dict? True
2024-03-18 01:21:24,356 STREAM b'IHDR' 16 13
2024-03-18 01:21:24,356 STREAM b'sBIT' 41 3
2024-03-18 01:21:24,356 b'sBIT' 41 3 (unknown)
2024-03-18 01:21:24,356 STREAM b'IDAT' 56 8192
2024-03-18 01:21:24,393 is words is instance of list? True
2024-03-18 01:21:24,393 is bboxes is instance of list? True
2024-03-18 01:21:24,393 is bounding_boxes is instance of list? True
2024-03-18 01:21:24,519 is input_id_chunks is instance of list? True
2024-03-18 01:21:24,519 is mask_chunks is instance of list? True
2024-03-18 01:21:24,520 is bbox_chunks is instance of list? True
2024-03-18 01:21:24,520 is image_chunks is instance of list? True
2024-03-18 01:21:24,520 is input_dict is instance of dict? True
2024-03-18 01:21:26,637 Model Called
2024-03-18 01:21:26,637 RAM memory 68.5 used for Packing_List(2013_04_15_16_20_53_5835)_346_page_14.png:
2024-03-18 01:21:26,638 is all_predictions is instance of list? True
2024-03-18 01:21:26,638 is all_boxes is instance of list? True
2024-03-18 01:21:26,638 is all_confidences is instance of list? True
2024-03-18 01:21:26,638 is all_text is instance of list? True
2024-03-18 01:21:26,638 is label2id is instance of dict? True
2024-03-18 01:21:26,638 is id2label is instance of dict? True
2024-03-18 01:21:26,639 is label2color is instance of dict? True
2024-03-18 01:21:26,639 label2color : {'track_reference': '#909FC3', 'vessel_name': '#29D4E7', 'transaction_amount_value': '#7092EF', 'lc_ref_no': '#B1289C', 'invoice_currency': '#F41ABE', 'bill_of_lading_date': '#FF40DE', 'net_weight': '#8A6986', 'awb_date': '#02D389', 'date_of_invoice': '#EFD92F', 'port_of_discharge': '#8BB96F', 'original_copy': '#6BE51E', 'shipper_address': '#ABFF1F', 'rate_per_unit': '#9757BF', 'invoice_no': '#ABC57D', 'signature': '#78B325', 'consignee_address': '#2685C6', 'incoterm': '#D1B61B', 'country_of_final_destination': '#4269E2', 'description_of_goods': '#DB5E11', 'total_quantity_of_goods': '#10219D', 'shipper_name': '#A7632D', 'bill_of_lading_number': '#25DC61', 'transaction_currency': '#061481', 'iec_no': '#5C235A', 'gross_weight': '#3A1AD3', 'vessel_flight_no': '#0A7907', 'transaction_date': '#200140', 'lc_date': '#049F1C', 'consignee_name': '#E64871', 'stamp': '#16D9BC', 'invoice_amount': '#9A950F', 'dimension': '#284A1A', 'O': '#8A01F7', 'consignor_name': '#C6D0D6', 'notify_party_name': '#A4DFF2', 'beneficiary_drawer_exporter_seller_supplier_name': '#9F1EEC', 'pre_carriage_by': '#29BCE3', 'consignor_address': '#A82F16', 'declaration': '#A1F610', 'beneficiary_drawer_exporter_seller_supplier_tin_no': '#E108B0', 'country_of_origin_origin_of_goods': '#14784F', 'awb_number': '#5C8FBF', 'beneficiary_address': '#A7E864', 'remitter_address': '#CEDCCD', 'page_no': '#8B1911', 'remitter_drawee_applicant_importer_buyer_name': '#7B92B3', 'port_of_loading': '#433720', 'notify_party_address': '#625D38', 'payment_terms_terms_of_delivery_&_payment': '#B9C548'}
2024-03-18 01:21:26,794 is result_set is instance of dict? True
2024-03-18 01:21:26,796 is final_result_set is instance of dict? True
2024-03-18 01:21:26,964 Time taken for page 1 of Packing_List(2013_04_15_16_20_53_5835)_346_page_14.png:0:00:02.607391
2024-03-18 01:21:27,054 *****Generated All Pages****** for Packing_List(2013_04_15_16_20_53_5835)_346_page_14.png
2024-03-18 01:21:27,054 RAM memory 68.6 used for Packing_List(2013_04_15_16_20_53_5835)_346_page_14.png Generating All Pages:
2024-03-18 01:21:27,054 Processing time taken for all pages of Packing_List(2013_04_15_16_20_53_5835)_346_page_14.png1:0:00:02.708972
2024-03-18 01:21:27,234 file name is:Packing_List_35_page_2.png
2024-03-18 01:21:27,234 folder path :Images
2024-03-18 01:21:27,234 Calling Image result
2024-03-18 01:21:27,234 is all_page_result is instance of dict? True
2024-03-18 01:21:27,245 STREAM b'IHDR' 16 13
2024-03-18 01:21:27,245 STREAM b'IDAT' 41 40281
2024-03-18 01:21:27,281 is words is instance of list? True
2024-03-18 01:21:27,281 is bboxes is instance of list? True
2024-03-18 01:21:27,281 is bounding_boxes is instance of list? True
2024-03-18 01:21:27,539 is input_id_chunks is instance of list? True
2024-03-18 01:21:27,539 is mask_chunks is instance of list? True
2024-03-18 01:21:27,539 is bbox_chunks is instance of list? True
2024-03-18 01:21:27,539 is image_chunks is instance of list? True
2024-03-18 01:21:27,539 is input_dict is instance of dict? True
2024-03-18 01:21:28,657 Model Called
2024-03-18 01:21:28,657 RAM memory 67.8 used for Packing_List_35_page_2.png:
2024-03-18 01:21:28,657 is all_predictions is instance of list? True
2024-03-18 01:21:28,657 is all_boxes is instance of list? True
2024-03-18 01:21:28,657 is all_confidences is instance of list? True
2024-03-18 01:21:28,657 is all_text is instance of list? True
2024-03-18 01:21:28,657 is label2id is instance of dict? True
2024-03-18 01:21:28,657 is id2label is instance of dict? True
2024-03-18 01:21:28,658 is label2color is instance of dict? True
2024-03-18 01:21:28,658 label2color : {'track_reference': '#59EF00', 'vessel_name': '#8F012E', 'transaction_amount_value': '#AA5818', 'lc_ref_no': '#9EDBD3', 'invoice_currency': '#B0DC13', 'bill_of_lading_date': '#928680', 'net_weight': '#7FCF77', 'awb_date': '#A89D88', 'date_of_invoice': '#5E8243', 'port_of_discharge': '#BF17EE', 'original_copy': '#88B8E0', 'shipper_address': '#130D95', 'rate_per_unit': '#397B91', 'invoice_no': '#A092A5', 'signature': '#2D40E7', 'consignee_address': '#9D326E', 'incoterm': '#256BE1', 'country_of_final_destination': '#6862AB', 'description_of_goods': '#473511', 'total_quantity_of_goods': '#DA674D', 'shipper_name': '#38F47C', 'bill_of_lading_number': '#E2F68D', 'transaction_currency': '#3B102D', 'iec_no': '#14E6EA', 'gross_weight': '#B26FBB', 'vessel_flight_no': '#3EA1F8', 'transaction_date': '#77B6A3', 'lc_date': '#E33C24', 'consignee_name': '#022CF8', 'stamp': '#953DD7', 'invoice_amount': '#1C24B3', 'dimension': '#88010C', 'O': '#DD6153', 'consignor_name': '#F58C85', 'notify_party_name': '#D79DB7', 'beneficiary_drawer_exporter_seller_supplier_name': '#74DACC', 'pre_carriage_by': '#A154F4', 'consignor_address': '#DF7653', 'declaration': '#245B92', 'beneficiary_drawer_exporter_seller_supplier_tin_no': '#FA0671', 'country_of_origin_origin_of_goods': '#BE0555', 'awb_number': '#339201', 'beneficiary_address': '#F6C288', 'remitter_address': '#1AB0D1', 'page_no': '#C2EC5A', 'remitter_drawee_applicant_importer_buyer_name': '#7A5726', 'port_of_loading': '#DEF26C', 'notify_party_address': '#9B2150', 'payment_terms_terms_of_delivery_&_payment': '#EDCBBD'}
2024-03-18 01:21:28,796 is result_set is instance of dict? True
2024-03-18 01:21:28,797 is final_result_set is instance of dict? True
2024-03-18 01:21:28,951 Time taken for page 1 of Packing_List_35_page_2.png:0:00:01.706139
2024-03-18 01:21:29,069 *****Generated All Pages****** for Packing_List_35_page_2.png
2024-03-18 01:21:29,069 RAM memory 67.8 used for Packing_List_35_page_2.png Generating All Pages:
2024-03-18 01:21:29,069 Processing time taken for all pages of Packing_List_35_page_2.png1:0:00:01.835193
2024-03-18 01:21:29,208 file name is:Packing_List_30_page_0.png
2024-03-18 01:21:29,208 folder path :Images
2024-03-18 01:21:29,209 Calling Image result
2024-03-18 01:21:29,209 is all_page_result is instance of dict? True
2024-03-18 01:21:29,219 STREAM b'IHDR' 16 13
2024-03-18 01:21:29,219 STREAM b'IDAT' 41 41425
2024-03-18 01:21:29,250 is words is instance of list? True
2024-03-18 01:21:29,250 is bboxes is instance of list? True
2024-03-18 01:21:29,250 is bounding_boxes is instance of list? True
2024-03-18 01:21:29,498 is input_id_chunks is instance of list? True
2024-03-18 01:21:29,498 is mask_chunks is instance of list? True
2024-03-18 01:21:29,498 is bbox_chunks is instance of list? True
2024-03-18 01:21:29,498 is image_chunks is instance of list? True
2024-03-18 01:21:29,499 is input_dict is instance of dict? True
2024-03-18 01:21:31,480 Model Called
2024-03-18 01:21:31,480 RAM memory 69.0 used for Packing_List_30_page_0.png:
2024-03-18 01:21:31,480 is all_predictions is instance of list? True
2024-03-18 01:21:31,480 is all_boxes is instance of list? True
2024-03-18 01:21:31,480 is all_confidences is instance of list? True
2024-03-18 01:21:31,480 is all_text is instance of list? True
2024-03-18 01:21:31,481 is label2id is instance of dict? True
2024-03-18 01:21:31,481 is id2label is instance of dict? True
2024-03-18 01:21:31,482 is label2color is instance of dict? True
2024-03-18 01:21:31,482 label2color : {'track_reference': '#A32A1E', 'vessel_name': '#673892', 'transaction_amount_value': '#6D26C3', 'lc_ref_no': '#C1E631', 'invoice_currency': '#D53327', 'bill_of_lading_date': '#B76598', 'net_weight': '#C88E32', 'awb_date': '#E5B2B5', 'date_of_invoice': '#A2E3A0', 'port_of_discharge': '#59BF76', 'original_copy': '#EDE5ED', 'shipper_address': '#46F4B9', 'rate_per_unit': '#D9E84D', 'invoice_no': '#52F71B', 'signature': '#D49C2F', 'consignee_address': '#16B1EB', 'incoterm': '#6CAA6B', 'country_of_final_destination': '#718E7C', 'description_of_goods': '#280C8A', 'total_quantity_of_goods': '#086C13', 'shipper_name': '#921302', 'bill_of_lading_number': '#F38C64', 'transaction_currency': '#3DAF32', 'iec_no': '#8E7100', 'gross_weight': '#891161', 'vessel_flight_no': '#C469FB', 'transaction_date': '#6CE900', 'lc_date': '#66CF19', 'consignee_name': '#1EDA9E', 'stamp': '#575D26', 'invoice_amount': '#E85697', 'dimension': '#B36F1C', 'O': '#02EB8E', 'consignor_name': '#E334F4', 'notify_party_name': '#662E44', 'beneficiary_drawer_exporter_seller_supplier_name': '#1E9D58', 'pre_carriage_by': '#6BECFC', 'consignor_address': '#204320', 'declaration': '#DD3BD5', 'beneficiary_drawer_exporter_seller_supplier_tin_no': '#A95927', 'country_of_origin_origin_of_goods': '#4ED908', 'awb_number': '#92E9C4', 'beneficiary_address': '#F81C13', 'remitter_address': '#6E2F31', 'page_no': '#BFF8C0', 'remitter_drawee_applicant_importer_buyer_name': '#481A85', 'port_of_loading': '#A04F30', 'notify_party_address': '#A50E9F', 'payment_terms_terms_of_delivery_&_payment': '#53EA46'}
2024-03-18 01:21:31,687 is result_set is instance of dict? True
2024-03-18 01:21:31,688 is final_result_set is instance of dict? True
2024-03-18 01:21:31,826 Time taken for page 1 of Packing_List_30_page_0.png:0:00:02.606442
2024-03-18 01:21:31,939 *****Generated All Pages****** for Packing_List_30_page_0.png
2024-03-18 01:21:31,939 RAM memory 69.2 used for Packing_List_30_page_0.png Generating All Pages:
2024-03-18 01:21:31,939 Processing time taken for all pages of Packing_List_30_page_0.png1:0:00:02.730736
2024-03-18 01:21:32,056 file name is:Packing_List(2013_04_15_16_20_53_5835)_346_page_21.png
2024-03-18 01:21:32,056 folder path :Images
2024-03-18 01:21:32,056 Calling Image result
2024-03-18 01:21:32,056 is all_page_result is instance of dict? True
2024-03-18 01:21:32,066 STREAM b'IHDR' 16 13
2024-03-18 01:21:32,067 STREAM b'IDAT' 41 30496
2024-03-18 01:21:32,082 is words is instance of list? True
2024-03-18 01:21:32,082 is bboxes is instance of list? True
2024-03-18 01:21:32,082 is bounding_boxes is instance of list? True
2024-03-18 01:21:32,203 is input_id_chunks is instance of list? True
2024-03-18 01:21:32,203 is mask_chunks is instance of list? True
2024-03-18 01:21:32,203 is bbox_chunks is instance of list? True
2024-03-18 01:21:32,203 is image_chunks is instance of list? True
2024-03-18 01:21:32,204 is input_dict is instance of dict? True
2024-03-18 01:21:34,130 Model Called
2024-03-18 01:21:34,130 RAM memory 68.9 used for Packing_List(2013_04_15_16_20_53_5835)_346_page_21.png:
2024-03-18 01:21:34,130 is all_predictions is instance of list? True
2024-03-18 01:21:34,131 is all_boxes is instance of list? True
2024-03-18 01:21:34,131 is all_confidences is instance of list? True
2024-03-18 01:21:34,131 is all_text is instance of list? True
2024-03-18 01:21:34,131 is label2id is instance of dict? True
2024-03-18 01:21:34,131 is id2label is instance of dict? True
2024-03-18 01:21:34,132 is label2color is instance of dict? True
2024-03-18 01:21:34,132 label2color : {'track_reference': '#9A5C7E', 'vessel_name': '#8A5EAA', 'transaction_amount_value': '#7FB611', 'lc_ref_no': '#CD6130', 'invoice_currency': '#2062CB', 'bill_of_lading_date': '#73680C', 'net_weight': '#CE12F7', 'awb_date': '#097F34', 'date_of_invoice': '#AE4361', 'port_of_discharge': '#4DCDF9', 'original_copy': '#4C1B55', 'shipper_address': '#C77EB8', 'rate_per_unit': '#9A0DBC', 'invoice_no': '#95C3AF', 'signature': '#B8D4E8', 'consignee_address': '#BAA0D4', 'incoterm': '#1EC501', 'country_of_final_destination': '#BAF454', 'description_of_goods': '#3C866C', 'total_quantity_of_goods': '#3DEB7B', 'shipper_name': '#C52B9F', 'bill_of_lading_number': '#72E6FC', 'transaction_currency': '#C8491C', 'iec_no': '#8ADB6E', 'gross_weight': '#80DDFA', 'vessel_flight_no': '#98D81C', 'transaction_date': '#26E6BB', 'lc_date': '#6A0D8F', 'consignee_name': '#5B245C', 'stamp': '#DAB8D7', 'invoice_amount': '#601079', 'dimension': '#0BD53E', 'O': '#7065CC', 'consignor_name': '#80212C', 'notify_party_name': '#A650AE', 'beneficiary_drawer_exporter_seller_supplier_name': '#C36210', 'pre_carriage_by': '#18152C', 'consignor_address': '#85C2DF', 'declaration': '#EF41AE', 'beneficiary_drawer_exporter_seller_supplier_tin_no': '#A98E23', 'country_of_origin_origin_of_goods': '#C13650', 'awb_number': '#CE5800', 'beneficiary_address': '#8951A6', 'remitter_address': '#5AB7E4', 'page_no': '#0F2F4F', 'remitter_drawee_applicant_importer_buyer_name': '#E55FDD', 'port_of_loading': '#F8FEB3', 'notify_party_address': '#D3EE1C', 'payment_terms_terms_of_delivery_&_payment': '#0AF1C4'}
2024-03-18 01:21:34,256 is result_set is instance of dict? True
2024-03-18 01:21:34,258 is final_result_set is instance of dict? True
2024-03-18 01:21:34,362 Time taken for page 1 of Packing_List(2013_04_15_16_20_53_5835)_346_page_21.png:0:00:02.295006
2024-03-18 01:21:34,426 *****Generated All Pages****** for Packing_List(2013_04_15_16_20_53_5835)_346_page_21.png
2024-03-18 01:21:34,426 RAM memory 68.9 used for Packing_List(2013_04_15_16_20_53_5835)_346_page_21.png Generating All Pages:
2024-03-18 01:21:34,426 Processing time taken for all pages of Packing_List(2013_04_15_16_20_53_5835)_346_page_21.png1:0:00:02.370227
2024-03-18 01:21:34,546 file name is:Packing_List(2013_04_15_16_20_53_5835)_346_page_3.png
2024-03-18 01:21:34,546 folder path :Images
2024-03-18 01:21:34,546 Calling Image result
2024-03-18 01:21:34,546 is all_page_result is instance of dict? True
2024-03-18 01:21:34,556 STREAM b'IHDR' 16 13
2024-03-18 01:21:34,556 STREAM b'IDAT' 41 34075
2024-03-18 01:21:34,572 is words is instance of list? True
2024-03-18 01:21:34,572 is bboxes is instance of list? True
2024-03-18 01:21:34,572 is bounding_boxes is instance of list? True
2024-03-18 01:21:34,685 is input_id_chunks is instance of list? True
2024-03-18 01:21:34,685 is mask_chunks is instance of list? True
2024-03-18 01:21:34,685 is bbox_chunks is instance of list? True
2024-03-18 01:21:34,685 is image_chunks is instance of list? True
2024-03-18 01:21:34,686 is input_dict is instance of dict? True
2024-03-18 01:21:36,829 Model Called
2024-03-18 01:21:36,830 RAM memory 68.9 used for Packing_List(2013_04_15_16_20_53_5835)_346_page_3.png:
2024-03-18 01:21:36,830 is all_predictions is instance of list? True
2024-03-18 01:21:36,830 is all_boxes is instance of list? True
2024-03-18 01:21:36,830 is all_confidences is instance of list? True
2024-03-18 01:21:36,830 is all_text is instance of list? True
2024-03-18 01:21:36,830 is label2id is instance of dict? True
2024-03-18 01:21:36,830 is id2label is instance of dict? True
2024-03-18 01:21:36,831 is label2color is instance of dict? True
2024-03-18 01:21:36,831 label2color : {'track_reference': '#6CDA08', 'vessel_name': '#34FA65', 'transaction_amount_value': '#ACC0D4', 'lc_ref_no': '#BF20EE', 'invoice_currency': '#14A11F', 'bill_of_lading_date': '#8C0987', 'net_weight': '#3F6377', 'awb_date': '#FAFC3E', 'date_of_invoice': '#D2CEBE', 'port_of_discharge': '#CA85D2', 'original_copy': '#6CD53C', 'shipper_address': '#A42376', 'rate_per_unit': '#6A098B', 'invoice_no': '#DFF038', 'signature': '#8F31DC', 'consignee_address': '#182D9F', 'incoterm': '#CDC912', 'country_of_final_destination': '#A229A8', 'description_of_goods': '#4949F6', 'total_quantity_of_goods': '#93D787', 'shipper_name': '#E5324C', 'bill_of_lading_number': '#818FD5', 'transaction_currency': '#41D44D', 'iec_no': '#161C97', 'gross_weight': '#8B8D2B', 'vessel_flight_no': '#E792E8', 'transaction_date': '#5C627D', 'lc_date': '#1B782A', 'consignee_name': '#ED0358', 'stamp': '#6E8F9B', 'invoice_amount': '#4710AF', 'dimension': '#D2C575', 'O': '#586FF5', 'consignor_name': '#602826', 'notify_party_name': '#5C5C0C', 'beneficiary_drawer_exporter_seller_supplier_name': '#3106CD', 'pre_carriage_by': '#7256FC', 'consignor_address': '#8D8D91', 'declaration': '#D6A79B', 'beneficiary_drawer_exporter_seller_supplier_tin_no': '#55FA81', 'country_of_origin_origin_of_goods': '#ED210F', 'awb_number': '#F402F8', 'beneficiary_address': '#884C0C', 'remitter_address': '#6A1AF6', 'page_no': '#ECE00F', 'remitter_drawee_applicant_importer_buyer_name': '#F9EE71', 'port_of_loading': '#C5B90A', 'notify_party_address': '#2B3E10', 'payment_terms_terms_of_delivery_&_payment': '#DDE0EE'}
2024-03-18 01:21:36,946 is result_set is instance of dict? True
2024-03-18 01:21:36,948 is final_result_set is instance of dict? True
2024-03-18 01:21:37,052 Time taken for page 1 of Packing_List(2013_04_15_16_20_53_5835)_346_page_3.png:0:00:02.495316
2024-03-18 01:21:37,127 *****Generated All Pages****** for Packing_List(2013_04_15_16_20_53_5835)_346_page_3.png
2024-03-18 01:21:37,127 RAM memory 68.9 used for Packing_List(2013_04_15_16_20_53_5835)_346_page_3.png Generating All Pages:
2024-03-18 01:21:37,127 Processing time taken for all pages of Packing_List(2013_04_15_16_20_53_5835)_346_page_3.png1:0:00:02.581587
2024-03-18 01:21:37,311 file name is:Packing_List(2013_01_10_18_14_25_1433)_578_page_0.png
2024-03-18 01:21:37,311 folder path :Images
2024-03-18 01:21:37,312 Calling Image result
2024-03-18 01:21:37,312 is all_page_result is instance of dict? True
2024-03-18 01:21:37,322 STREAM b'IHDR' 16 13
2024-03-18 01:21:37,323 STREAM b'IDAT' 41 45215
2024-03-18 01:21:37,367 is words is instance of list? True
2024-03-18 01:21:37,367 is bboxes is instance of list? True
2024-03-18 01:21:37,367 is bounding_boxes is instance of list? True
2024-03-18 01:21:37,609 is input_id_chunks is instance of list? True
2024-03-18 01:21:37,609 is mask_chunks is instance of list? True
2024-03-18 01:21:37,610 is bbox_chunks is instance of list? True
2024-03-18 01:21:37,610 is image_chunks is instance of list? True
2024-03-18 01:21:37,610 is input_dict is instance of dict? True
2024-03-18 01:21:38,698 Model Called
2024-03-18 01:21:38,698 RAM memory 67.4 used for Packing_List(2013_01_10_18_14_25_1433)_578_page_0.png:
2024-03-18 01:21:38,698 is all_predictions is instance of list? True
2024-03-18 01:21:38,699 is all_boxes is instance of list? True
2024-03-18 01:21:38,699 is all_confidences is instance of list? True
2024-03-18 01:21:38,699 is all_text is instance of list? True
2024-03-18 01:21:38,699 is label2id is instance of dict? True
2024-03-18 01:21:38,699 is id2label is instance of dict? True
2024-03-18 01:21:38,700 is label2color is instance of dict? True
2024-03-18 01:21:38,700 label2color : {'track_reference': '#3145A5', 'vessel_name': '#35C627', 'transaction_amount_value': '#15B82C', 'lc_ref_no': '#90D03F', 'invoice_currency': '#9982A3', 'bill_of_lading_date': '#4D116F', 'net_weight': '#01E3CF', 'awb_date': '#6722AD', 'date_of_invoice': '#E2713F', 'port_of_discharge': '#2A49DE', 'original_copy': '#E2A04F', 'shipper_address': '#736DED', 'rate_per_unit': '#DCCE65', 'invoice_no': '#7C7BBE', 'signature': '#68A6C9', 'consignee_address': '#096D0C', 'incoterm': '#96FBE1', 'country_of_final_destination': '#AB0B23', 'description_of_goods': '#595708', 'total_quantity_of_goods': '#8BE1F7', 'shipper_name': '#3D5F93', 'bill_of_lading_number': '#7BFC27', 'transaction_currency': '#A5D7C2', 'iec_no': '#C0337B', 'gross_weight': '#462C61', 'vessel_flight_no': '#C5BCC3', 'transaction_date': '#CE8C80', 'lc_date': '#127827', 'consignee_name': '#158A75', 'stamp': '#FE5F1B', 'invoice_amount': '#EBFBE9', 'dimension': '#77CDE1', 'O': '#34632E', 'consignor_name': '#321943', 'notify_party_name': '#FA8E8B', 'beneficiary_drawer_exporter_seller_supplier_name': '#87397E', 'pre_carriage_by': '#536B7D', 'consignor_address': '#2D845F', 'declaration': '#A592E5', 'beneficiary_drawer_exporter_seller_supplier_tin_no': '#A9CD8C', 'country_of_origin_origin_of_goods': '#A5C9F6', 'awb_number': '#8272A3', 'beneficiary_address': '#E75C3C', 'remitter_address': '#C49B4F', 'page_no': '#679513', 'remitter_drawee_applicant_importer_buyer_name': '#981EC1', 'port_of_loading': '#1108C1', 'notify_party_address': '#E54954', 'payment_terms_terms_of_delivery_&_payment': '#E14F8B'}
2024-03-18 01:21:38,833 is result_set is instance of dict? True
2024-03-18 01:21:38,834 is final_result_set is instance of dict? True
2024-03-18 01:21:38,968 Time taken for page 1 of Packing_List(2013_01_10_18_14_25_1433)_578_page_0.png:0:00:01.645676
2024-03-18 01:21:39,084 *****Generated All Pages****** for Packing_List(2013_01_10_18_14_25_1433)_578_page_0.png
2024-03-18 01:21:39,084 RAM memory 67.4 used for Packing_List(2013_01_10_18_14_25_1433)_578_page_0.png Generating All Pages:
2024-03-18 01:21:39,084 Processing time taken for all pages of Packing_List(2013_01_10_18_14_25_1433)_578_page_0.png1:0:00:01.772105
2024-03-18 01:21:39,205 file name is:Packing_List_25_page_0.png
2024-03-18 01:21:39,205 folder path :Images
2024-03-18 01:21:39,205 Calling Image result
2024-03-18 01:21:39,205 is all_page_result is instance of dict? True
2024-03-18 01:21:39,216 STREAM b'IHDR' 16 13
2024-03-18 01:21:39,216 STREAM b'IDAT' 41 50710
2024-03-18 01:21:39,244 is words is instance of list? True
2024-03-18 01:21:39,244 is bboxes is instance of list? True
2024-03-18 01:21:39,244 is bounding_boxes is instance of list? True
2024-03-18 01:21:39,485 is input_id_chunks is instance of list? True
2024-03-18 01:21:39,485 is mask_chunks is instance of list? True
2024-03-18 01:21:39,485 is bbox_chunks is instance of list? True
2024-03-18 01:21:39,485 is image_chunks is instance of list? True
2024-03-18 01:21:39,486 is input_dict is instance of dict? True
2024-03-18 01:21:41,397 Model Called
2024-03-18 01:21:41,398 RAM memory 69.2 used for Packing_List_25_page_0.png:
2024-03-18 01:21:41,398 is all_predictions is instance of list? True
2024-03-18 01:21:41,398 is all_boxes is instance of list? True
2024-03-18 01:21:41,398 is all_confidences is instance of list? True
2024-03-18 01:21:41,398 is all_text is instance of list? True
2024-03-18 01:21:41,398 is label2id is instance of dict? True
2024-03-18 01:21:41,399 is id2label is instance of dict? True
2024-03-18 01:21:41,399 is label2color is instance of dict? True
2024-03-18 01:21:41,399 label2color : {'track_reference': '#1E71BD', 'vessel_name': '#46DEEA', 'transaction_amount_value': '#CE82E6', 'lc_ref_no': '#7F19A1', 'invoice_currency': '#5919D8', 'bill_of_lading_date': '#BBDC66', 'net_weight': '#72C4C9', 'awb_date': '#36079E', 'date_of_invoice': '#7CF40F', 'port_of_discharge': '#5A6A0C', 'original_copy': '#BEFD06', 'shipper_address': '#5B50AC', 'rate_per_unit': '#E1C77F', 'invoice_no': '#814A15', 'signature': '#97D2E6', 'consignee_address': '#068FF3', 'incoterm': '#28FD42', 'country_of_final_destination': '#D80B7E', 'description_of_goods': '#871BBC', 'total_quantity_of_goods': '#FF7956', 'shipper_name': '#656EE0', 'bill_of_lading_number': '#81DB29', 'transaction_currency': '#3404B4', 'iec_no': '#C6D8F8', 'gross_weight': '#E1E8C6', 'vessel_flight_no': '#FF1AAB', 'transaction_date': '#F3596C', 'lc_date': '#81DE26', 'consignee_name': '#70883C', 'stamp': '#EAE7A8', 'invoice_amount': '#83604B', 'dimension': '#B4C68B', 'O': '#039EF0', 'consignor_name': '#3494D2', 'notify_party_name': '#B77081', 'beneficiary_drawer_exporter_seller_supplier_name': '#EA1DF7', 'pre_carriage_by': '#B3EB27', 'consignor_address': '#98B230', 'declaration': '#2DAC89', 'beneficiary_drawer_exporter_seller_supplier_tin_no': '#6BB519', 'country_of_origin_origin_of_goods': '#10C4FC', 'awb_number': '#F720EA', 'beneficiary_address': '#EB66D2', 'remitter_address': '#1FC84D', 'page_no': '#ACA7E9', 'remitter_drawee_applicant_importer_buyer_name': '#02B9BA', 'port_of_loading': '#AF89B4', 'notify_party_address': '#819A68', 'payment_terms_terms_of_delivery_&_payment': '#4B59F6'}
2024-03-18 01:21:41,619 is result_set is instance of dict? True
2024-03-18 01:21:41,620 is final_result_set is instance of dict? True
2024-03-18 01:21:41,769 Time taken for page 1 of Packing_List_25_page_0.png:0:00:02.553188
2024-03-18 01:21:41,890 *****Generated All Pages****** for Packing_List_25_page_0.png
2024-03-18 01:21:41,890 RAM memory 69.3 used for Packing_List_25_page_0.png Generating All Pages:
2024-03-18 01:21:41,891 Processing time taken for all pages of Packing_List_25_page_0.png1:0:00:02.685243
2024-03-18 01:21:42,026 file name is:Packing_List_34_page_3.png
2024-03-18 01:21:42,027 folder path :Images
2024-03-18 01:21:42,027 Calling Image result
2024-03-18 01:21:42,027 is all_page_result is instance of dict? True
2024-03-18 01:21:42,037 STREAM b'IHDR' 16 13
2024-03-18 01:21:42,037 STREAM b'IDAT' 41 45132
2024-03-18 01:21:42,065 is words is instance of list? True
2024-03-18 01:21:42,065 is bboxes is instance of list? True
2024-03-18 01:21:42,065 is bounding_boxes is instance of list? True
2024-03-18 01:21:42,275 is input_id_chunks is instance of list? True
2024-03-18 01:21:42,275 is mask_chunks is instance of list? True
2024-03-18 01:21:42,275 is bbox_chunks is instance of list? True
2024-03-18 01:21:42,275 is image_chunks is instance of list? True
2024-03-18 01:21:42,275 is input_dict is instance of dict? True
2024-03-18 01:21:44,467 Model Called
2024-03-18 01:21:44,467 RAM memory 69.2 used for Packing_List_34_page_3.png:
2024-03-18 01:21:44,467 is all_predictions is instance of list? True
2024-03-18 01:21:44,467 is all_boxes is instance of list? True
2024-03-18 01:21:44,467 is all_confidences is instance of list? True
2024-03-18 01:21:44,467 is all_text is instance of list? True
2024-03-18 01:21:44,468 is label2id is instance of dict? True
2024-03-18 01:21:44,468 is id2label is instance of dict? True
2024-03-18 01:21:44,469 is label2color is instance of dict? True
2024-03-18 01:21:44,469 label2color : {'track_reference': '#FBF62A', 'vessel_name': '#8F48FD', 'transaction_amount_value': '#3627A2', 'lc_ref_no': '#ED8DB0', 'invoice_currency': '#FB9866', 'bill_of_lading_date': '#774908', 'net_weight': '#EFF6EF', 'awb_date': '#A3FAC0', 'date_of_invoice': '#5BACA4', 'port_of_discharge': '#53C059', 'original_copy': '#08414F', 'shipper_address': '#B648FD', 'rate_per_unit': '#0125A1', 'invoice_no': '#2B10BE', 'signature': '#CEFB29', 'consignee_address': '#954765', 'incoterm': '#526CC0', 'country_of_final_destination': '#693304', 'description_of_goods': '#EEEEB7', 'total_quantity_of_goods': '#51DC71', 'shipper_name': '#B0E9DB', 'bill_of_lading_number': '#FCA11F', 'transaction_currency': '#7B3163', 'iec_no': '#A7F1BA', 'gross_weight': '#427A2C', 'vessel_flight_no': '#6B241B', 'transaction_date': '#0001BE', 'lc_date': '#FB3169', 'consignee_name': '#4E8717', 'stamp': '#BAE31F', 'invoice_amount': '#3FCD8B', 'dimension': '#13A453', 'O': '#68364B', 'consignor_name': '#F6AD43', 'notify_party_name': '#1E2364', 'beneficiary_drawer_exporter_seller_supplier_name': '#7E6447', 'pre_carriage_by': '#10C158', 'consignor_address': '#6C8FD6', 'declaration': '#948BAE', 'beneficiary_drawer_exporter_seller_supplier_tin_no': '#E70B2A', 'country_of_origin_origin_of_goods': '#57E242', 'awb_number': '#979E61', 'beneficiary_address': '#8EE339', 'remitter_address': '#4A19FD', 'page_no': '#5E8F2F', 'remitter_drawee_applicant_importer_buyer_name': '#E018F7', 'port_of_loading': '#0264A0', 'notify_party_address': '#7B509D', 'payment_terms_terms_of_delivery_&_payment': '#F47CB1'}
2024-03-18 01:21:44,665 is result_set is instance of dict? True
2024-03-18 01:21:44,666 is final_result_set is instance of dict? True
2024-03-18 01:21:44,812 Time taken for page 1 of Packing_List_34_page_3.png:0:00:02.774985
2024-03-18 01:21:44,936 *****Generated All Pages****** for Packing_List_34_page_3.png
2024-03-18 01:21:44,937 RAM memory 69.2 used for Packing_List_34_page_3.png Generating All Pages:
2024-03-18 01:21:44,937 Processing time taken for all pages of Packing_List_34_page_3.png1:0:00:02.909984
2024-03-18 01:21:45,058 file name is:Packing_List_42_page_1.png
2024-03-18 01:21:45,058 folder path :Images
2024-03-18 01:21:45,058 Calling Image result
2024-03-18 01:21:45,059 is all_page_result is instance of dict? True
2024-03-18 01:21:45,069 STREAM b'IHDR' 16 13
2024-03-18 01:21:45,069 STREAM b'IDAT' 41 12393
2024-03-18 01:21:45,076 is words is instance of list? True
2024-03-18 01:21:45,076 is bboxes is instance of list? True
2024-03-18 01:21:45,076 is bounding_boxes is instance of list? True
2024-03-18 01:21:45,134 is input_id_chunks is instance of list? True
2024-03-18 01:21:45,134 is mask_chunks is instance of list? True
2024-03-18 01:21:45,134 is bbox_chunks is instance of list? True
2024-03-18 01:21:45,134 is image_chunks is instance of list? True
2024-03-18 01:21:45,135 is input_dict is instance of dict? True
2024-03-18 01:21:46,076 Model Called
2024-03-18 01:21:46,076 RAM memory 67.4 used for Packing_List_42_page_1.png:
2024-03-18 01:21:46,076 is all_predictions is instance of list? True
2024-03-18 01:21:46,076 is all_boxes is instance of list? True
2024-03-18 01:21:46,076 is all_confidences is instance of list? True
2024-03-18 01:21:46,076 is all_text is instance of list? True
2024-03-18 01:21:46,077 is label2id is instance of dict? True
2024-03-18 01:21:46,077 is id2label is instance of dict? True
2024-03-18 01:21:46,078 is label2color is instance of dict? True
2024-03-18 01:21:46,078 label2color : {'track_reference': '#E14E89', 'vessel_name': '#532D0B', 'transaction_amount_value': '#AEE5EE', 'lc_ref_no': '#5101F3', 'invoice_currency': '#D89C2F', 'bill_of_lading_date': '#466C1D', 'net_weight': '#5FAFCC', 'awb_date': '#32AA74', 'date_of_invoice': '#0E86AC', 'port_of_discharge': '#F69B93', 'original_copy': '#FAE94D', 'shipper_address': '#827F2D', 'rate_per_unit': '#56E01A', 'invoice_no': '#DAA435', 'signature': '#E4F103', 'consignee_address': '#581314', 'incoterm': '#DD2F13', 'country_of_final_destination': '#092CEC', 'description_of_goods': '#97D2D1', 'total_quantity_of_goods': '#CADC87', 'shipper_name': '#AAAF08', 'bill_of_lading_number': '#53017E', 'transaction_currency': '#0CF5EC', 'iec_no': '#ADFB0B', 'gross_weight': '#316B13', 'vessel_flight_no': '#2A23BF', 'transaction_date': '#9CBBCB', 'lc_date': '#D81E2A', 'consignee_name': '#19F2AD', 'stamp': '#929574', 'invoice_amount': '#0FB0F0', 'dimension': '#FE7CC7', 'O': '#430B6E', 'consignor_name': '#114389', 'notify_party_name': '#CC4C2D', 'beneficiary_drawer_exporter_seller_supplier_name': '#CBBC4F', 'pre_carriage_by': '#70FE32', 'consignor_address': '#C28F61', 'declaration': '#0E6EE9', 'beneficiary_drawer_exporter_seller_supplier_tin_no': '#B95E6D', 'country_of_origin_origin_of_goods': '#57F734', 'awb_number': '#D3287C', 'beneficiary_address': '#59FD77', 'remitter_address': '#F5E292', 'page_no': '#733154', 'remitter_drawee_applicant_importer_buyer_name': '#F5FCDA', 'port_of_loading': '#43DABF', 'notify_party_address': '#F1DBE7', 'payment_terms_terms_of_delivery_&_payment': '#4ADF37'}
2024-03-18 01:21:46,116 is result_set is instance of dict? True
2024-03-18 01:21:46,117 is final_result_set is instance of dict? True
2024-03-18 01:21:46,182 Time taken for page 1 of Packing_List_42_page_1.png:0:00:01.113151
2024-03-18 01:21:46,214 *****Generated All Pages****** for Packing_List_42_page_1.png
2024-03-18 01:21:46,215 RAM memory 67.4 used for Packing_List_42_page_1.png Generating All Pages:
2024-03-18 01:21:46,215 Processing time taken for all pages of Packing_List_42_page_1.png1:0:00:01.156209
2024-03-18 01:21:46,336 file name is:Packing_List(2013_04_15_16_20_53_5835)_346_page_11.png
2024-03-18 01:21:46,336 folder path :Images
2024-03-18 01:21:46,336 Calling Image result
2024-03-18 01:21:46,336 is all_page_result is instance of dict? True
2024-03-18 01:21:46,337 STREAM b'IHDR' 16 13
2024-03-18 01:21:46,337 STREAM b'IDAT' 41 33183
2024-03-18 01:21:46,356 is words is instance of list? True
2024-03-18 01:21:46,356 is bboxes is instance of list? True
2024-03-18 01:21:46,356 is bounding_boxes is instance of list? True
2024-03-18 01:21:46,507 is input_id_chunks is instance of list? True
2024-03-18 01:21:46,508 is mask_chunks is instance of list? True
2024-03-18 01:21:46,508 is bbox_chunks is instance of list? True
2024-03-18 01:21:46,508 is image_chunks is instance of list? True
2024-03-18 01:21:46,508 is input_dict is instance of dict? True
2024-03-18 01:21:48,496 Model Called
2024-03-18 01:21:48,496 RAM memory 69.2 used for Packing_List(2013_04_15_16_20_53_5835)_346_page_11.png:
2024-03-18 01:21:48,496 is all_predictions is instance of list? True
2024-03-18 01:21:48,496 is all_boxes is instance of list? True
2024-03-18 01:21:48,496 is all_confidences is instance of list? True
2024-03-18 01:21:48,496 is all_text is instance of list? True
2024-03-18 01:21:48,497 is label2id is instance of dict? True
2024-03-18 01:21:48,497 is id2label is instance of dict? True
2024-03-18 01:21:48,498 is label2color is instance of dict? True
2024-03-18 01:21:48,498 label2color : {'track_reference': '#EDFB5C', 'vessel_name': '#127D33', 'transaction_amount_value': '#BF80CC', 'lc_ref_no': '#104D0F', 'invoice_currency': '#00468D', 'bill_of_lading_date': '#665CCB', 'net_weight': '#A4F538', 'awb_date': '#EA0A93', 'date_of_invoice': '#A3D230', 'port_of_discharge': '#03C7C7', 'original_copy': '#0501BA', 'shipper_address': '#BB2E24', 'rate_per_unit': '#CAEB61', 'invoice_no': '#34EB8D', 'signature': '#98DB91', 'consignee_address': '#8EC328', 'incoterm': '#56D055', 'country_of_final_destination': '#A296B1', 'description_of_goods': '#9C73E9', 'total_quantity_of_goods': '#39E5C7', 'shipper_name': '#39D218', 'bill_of_lading_number': '#C05F92', 'transaction_currency': '#2CED32', 'iec_no': '#A2B057', 'gross_weight': '#934795', 'vessel_flight_no': '#AC6AA4', 'transaction_date': '#244741', 'lc_date': '#366B05', 'consignee_name': '#100466', 'stamp': '#F770DC', 'invoice_amount': '#50CC1F', 'dimension': '#46E3C1', 'O': '#393EAD', 'consignor_name': '#39CB1C', 'notify_party_name': '#4534D0', 'beneficiary_drawer_exporter_seller_supplier_name': '#082645', 'pre_carriage_by': '#611DBB', 'consignor_address': '#B488A0', 'declaration': '#8B9FB1', 'beneficiary_drawer_exporter_seller_supplier_tin_no': '#65E078', 'country_of_origin_origin_of_goods': '#2F13CE', 'awb_number': '#DF5DE0', 'beneficiary_address': '#ED1F33', 'remitter_address': '#F0EB19', 'page_no': '#199572', 'remitter_drawee_applicant_importer_buyer_name': '#48979F', 'port_of_loading': '#A69CD4', 'notify_party_address': '#773814', 'payment_terms_terms_of_delivery_&_payment': '#1D131F'}
2024-03-18 01:21:48,613 is result_set is instance of dict? True
2024-03-18 01:21:48,614 is final_result_set is instance of dict? True
2024-03-18 01:21:48,740 Time taken for page 1 of Packing_List(2013_04_15_16_20_53_5835)_346_page_11.png:0:00:02.402308
2024-03-18 01:21:48,809 *****Generated All Pages****** for Packing_List(2013_04_15_16_20_53_5835)_346_page_11.png
2024-03-18 01:21:48,809 RAM memory 69.4 used for Packing_List(2013_04_15_16_20_53_5835)_346_page_11.png Generating All Pages:
2024-03-18 01:21:48,809 Processing time taken for all pages of Packing_List(2013_04_15_16_20_53_5835)_346_page_11.png1:0:00:02.472574
2024-03-18 01:21:48,929 file name is:Packing_List_18_page_0.png
2024-03-18 01:21:48,930 folder path :Images
2024-03-18 01:21:48,930 Calling Image result
2024-03-18 01:21:48,930 is all_page_result is instance of dict? True
2024-03-18 01:21:48,940 STREAM b'IHDR' 16 13
2024-03-18 01:21:48,940 STREAM b'IDAT' 41 24172
2024-03-18 01:21:48,955 is words is instance of list? True
2024-03-18 01:21:48,955 is bboxes is instance of list? True
2024-03-18 01:21:48,955 is bounding_boxes is instance of list? True
2024-03-18 01:21:49,084 is input_id_chunks is instance of list? True
2024-03-18 01:21:49,084 is mask_chunks is instance of list? True
2024-03-18 01:21:49,084 is bbox_chunks is instance of list? True
2024-03-18 01:21:49,084 is image_chunks is instance of list? True
2024-03-18 01:21:49,085 is input_dict is instance of dict? True
2024-03-18 01:21:51,083 Model Called
2024-03-18 01:21:51,083 RAM memory 69.0 used for Packing_List_18_page_0.png:
2024-03-18 01:21:51,084 is all_predictions is instance of list? True
2024-03-18 01:21:51,084 is all_boxes is instance of list? True
2024-03-18 01:21:51,084 is all_confidences is instance of list? True
2024-03-18 01:21:51,084 is all_text is instance of list? True
2024-03-18 01:21:51,084 is label2id is instance of dict? True
2024-03-18 01:21:51,084 is id2label is instance of dict? True
2024-03-18 01:21:51,085 is label2color is instance of dict? True
2024-03-18 01:21:51,085 label2color : {'track_reference': '#DC4093', 'vessel_name': '#E0DB05', 'transaction_amount_value': '#A4AC89', 'lc_ref_no': '#06C57F', 'invoice_currency': '#A5EFE3', 'bill_of_lading_date': '#A8C177', 'net_weight': '#C3B6B8', 'awb_date': '#A0BD91', 'date_of_invoice': '#6EA569', 'port_of_discharge': '#CC6F9A', 'original_copy': '#BF8C99', 'shipper_address': '#2F940D', 'rate_per_unit': '#0905FB', 'invoice_no': '#2EBEBE', 'signature': '#37B834', 'consignee_address': '#2B2F92', 'incoterm': '#D61152', 'country_of_final_destination': '#3C9BF6', 'description_of_goods': '#6F0D19', 'total_quantity_of_goods': '#94331A', 'shipper_name': '#75C979', 'bill_of_lading_number': '#FA8634', 'transaction_currency': '#9E50EE', 'iec_no': '#4F09D0', 'gross_weight': '#95E9AB', 'vessel_flight_no': '#4DF76C', 'transaction_date': '#0451DD', 'lc_date': '#2EA529', 'consignee_name': '#96E6FB', 'stamp': '#AC76C6', 'invoice_amount': '#66C7CF', 'dimension': '#C45F7F', 'O': '#57A7AF', 'consignor_name': '#964136', 'notify_party_name': '#CDD053', 'beneficiary_drawer_exporter_seller_supplier_name': '#EA4822', 'pre_carriage_by': '#967629', 'consignor_address': '#2C2389', 'declaration': '#5BC8D6', 'beneficiary_drawer_exporter_seller_supplier_tin_no': '#2454FD', 'country_of_origin_origin_of_goods': '#3AC6F1', 'awb_number': '#D6A4CA', 'beneficiary_address': '#E5AB5E', 'remitter_address': '#595E12', 'page_no': '#931074', 'remitter_drawee_applicant_importer_buyer_name': '#EEF9FB', 'port_of_loading': '#B60B2C', 'notify_party_address': '#970A3E', 'payment_terms_terms_of_delivery_&_payment': '#C37795'}
2024-03-18 01:21:51,212 is result_set is instance of dict? True
2024-03-18 01:21:51,213 is final_result_set is instance of dict? True
2024-03-18 01:21:51,327 Time taken for page 1 of Packing_List_18_page_0.png:0:00:02.386981
2024-03-18 01:21:51,393 *****Generated All Pages****** for Packing_List_18_page_0.png
2024-03-18 01:21:51,393 RAM memory 68.9 used for Packing_List_18_page_0.png Generating All Pages:
2024-03-18 01:21:51,394 Processing time taken for all pages of Packing_List_18_page_0.png1:0:00:02.463828
2024-03-18 01:21:51,520 file name is:Packing_List_28_page_0.png
2024-03-18 01:21:51,520 folder path :Images
2024-03-18 01:21:51,521 Calling Image result
2024-03-18 01:21:51,521 is all_page_result is instance of dict? True
2024-03-18 01:21:51,521 STREAM b'IHDR' 16 13
2024-03-18 01:21:51,521 STREAM b'IDAT' 41 31886
2024-03-18 01:21:51,558 is words is instance of list? True
2024-03-18 01:21:51,558 is bboxes is instance of list? True
2024-03-18 01:21:51,558 is bounding_boxes is instance of list? True
2024-03-18 01:21:51,775 is input_id_chunks is instance of list? True
2024-03-18 01:21:51,775 is mask_chunks is instance of list? True
2024-03-18 01:21:51,775 is bbox_chunks is instance of list? True
2024-03-18 01:21:51,775 is image_chunks is instance of list? True
2024-03-18 01:21:51,775 is input_dict is instance of dict? True
2024-03-18 01:21:52,866 Model Called
2024-03-18 01:21:52,866 RAM memory 67.6 used for Packing_List_28_page_0.png:
2024-03-18 01:21:52,866 is all_predictions is instance of list? True
2024-03-18 01:21:52,866 is all_boxes is instance of list? True
2024-03-18 01:21:52,866 is all_confidences is instance of list? True
2024-03-18 01:21:52,867 is all_text is instance of list? True
2024-03-18 01:21:52,867 is label2id is instance of dict? True
2024-03-18 01:21:52,867 is id2label is instance of dict? True
2024-03-18 01:21:52,868 is label2color is instance of dict? True
2024-03-18 01:21:52,868 label2color : {'track_reference': '#3534C9', 'vessel_name': '#73CDA3', 'transaction_amount_value': '#C2CC35', 'lc_ref_no': '#BAC2FC', 'invoice_currency': '#63CB2B', 'bill_of_lading_date': '#8C2113', 'net_weight': '#34D149', 'awb_date': '#B05DD0', 'date_of_invoice': '#B19BDC', 'port_of_discharge': '#A7BF73', 'original_copy': '#B4AD28', 'shipper_address': '#DD44FD', 'rate_per_unit': '#D1181A', 'invoice_no': '#5E64DB', 'signature': '#917073', 'consignee_address': '#B6E84F', 'incoterm': '#9D3F29', 'country_of_final_destination': '#1B0B0F', 'description_of_goods': '#541A5F', 'total_quantity_of_goods': '#B23540', 'shipper_name': '#DEF505', 'bill_of_lading_number': '#B048D6', 'transaction_currency': '#D5A57E', 'iec_no': '#434572', 'gross_weight': '#8AAF63', 'vessel_flight_no': '#7F39F3', 'transaction_date': '#D8450A', 'lc_date': '#177F57', 'consignee_name': '#99C77B', 'stamp': '#AEFC54', 'invoice_amount': '#9B2F3B', 'dimension': '#74AD79', 'O': '#440D3F', 'consignor_name': '#43F7FF', 'notify_party_name': '#A9F728', 'beneficiary_drawer_exporter_seller_supplier_name': '#538785', 'pre_carriage_by': '#553CBC', 'consignor_address': '#E3727B', 'declaration': '#E1987C', 'beneficiary_drawer_exporter_seller_supplier_tin_no': '#87E27A', 'country_of_origin_origin_of_goods': '#AA3F38', 'awb_number': '#33F607', 'beneficiary_address': '#A2C90A', 'remitter_address': '#477C5B', 'page_no': '#3A9FC2', 'remitter_drawee_applicant_importer_buyer_name': '#9BE2CB', 'port_of_loading': '#B9C1DC', 'notify_party_address': '#E72682', 'payment_terms_terms_of_delivery_&_payment': '#FEBE04'}
2024-03-18 01:21:53,003 is result_set is instance of dict? True
2024-03-18 01:21:53,004 is final_result_set is instance of dict? True
2024-03-18 01:21:53,106 Time taken for page 1 of Packing_List_28_page_0.png:0:00:01.585020
2024-03-18 01:21:53,217 *****Generated All Pages****** for Packing_List_28_page_0.png
2024-03-18 01:21:53,217 RAM memory 67.6 used for Packing_List_28_page_0.png Generating All Pages:
2024-03-18 01:21:53,217 Processing time taken for all pages of Packing_List_28_page_0.png1:0:00:01.696411
2024-03-18 01:21:53,327 file name is:Packing_List_41_page_1.png
2024-03-18 01:21:53,327 folder path :Images
2024-03-18 01:21:53,327 Calling Image result
2024-03-18 01:21:53,327 is all_page_result is instance of dict? True
2024-03-18 01:21:53,338 STREAM b'IHDR' 16 13
2024-03-18 01:21:53,338 STREAM b'IDAT' 41 51921
2024-03-18 01:21:53,367 is words is instance of list? True
2024-03-18 01:21:53,367 is bboxes is instance of list? True
2024-03-18 01:21:53,367 is bounding_boxes is instance of list? True
2024-03-18 01:21:53,577 is input_id_chunks is instance of list? True
2024-03-18 01:21:53,577 is mask_chunks is instance of list? True
2024-03-18 01:21:53,577 is bbox_chunks is instance of list? True
2024-03-18 01:21:53,577 is image_chunks is instance of list? True
2024-03-18 01:21:53,577 is input_dict is instance of dict? True
2024-03-18 01:21:55,580 Model Called
2024-03-18 01:21:55,580 RAM memory 69.2 used for Packing_List_41_page_1.png:
2024-03-18 01:21:55,581 is all_predictions is instance of list? True
2024-03-18 01:21:55,581 is all_boxes is instance of list? True
2024-03-18 01:21:55,581 is all_confidences is instance of list? True
2024-03-18 01:21:55,581 is all_text is instance of list? True
2024-03-18 01:21:55,581 is label2id is instance of dict? True
2024-03-18 01:21:55,581 is id2label is instance of dict? True
2024-03-18 01:21:55,582 is label2color is instance of dict? True
2024-03-18 01:21:55,582 label2color : {'track_reference': '#C308D3', 'vessel_name': '#5BD243', 'transaction_amount_value': '#3202EB', 'lc_ref_no': '#5349CB', 'invoice_currency': '#FBD7CC', 'bill_of_lading_date': '#A0BBA0', 'net_weight': '#CE0C06', 'awb_date': '#B035B5', 'date_of_invoice': '#B1A14F', 'port_of_discharge': '#D6268A', 'original_copy': '#039378', 'shipper_address': '#308A48', 'rate_per_unit': '#45ABF6', 'invoice_no': '#70774A', 'signature': '#7C9C85', 'consignee_address': '#9FEDBC', 'incoterm': '#C9B0D1', 'country_of_final_destination': '#B46359', 'description_of_goods': '#F38A7F', 'total_quantity_of_goods': '#108ABD', 'shipper_name': '#6926AE', 'bill_of_lading_number': '#627AFA', 'transaction_currency': '#9BD1FF', 'iec_no': '#1A5850', 'gross_weight': '#8E8BBC', 'vessel_flight_no': '#83049B', 'transaction_date': '#3263DE', 'lc_date': '#CA6B7A', 'consignee_name': '#ADA9BD', 'stamp': '#4E3BA3', 'invoice_amount': '#0A0605', 'dimension': '#CE0236', 'O': '#F5EDED', 'consignor_name': '#C68605', 'notify_party_name': '#0785BF', 'beneficiary_drawer_exporter_seller_supplier_name': '#C383D3', 'pre_carriage_by': '#FF28C4', 'consignor_address': '#1E89C0', 'declaration': '#E4D49E', 'beneficiary_drawer_exporter_seller_supplier_tin_no': '#FA3DD9', 'country_of_origin_origin_of_goods': '#DCBCC2', 'awb_number': '#6AF0BC', 'beneficiary_address': '#AA11F2', 'remitter_address': '#ED714C', 'page_no': '#61B1C9', 'remitter_drawee_applicant_importer_buyer_name': '#7B57E6', 'port_of_loading': '#C1A5AE', 'notify_party_address': '#7A4BBD', 'payment_terms_terms_of_delivery_&_payment': '#66FD7A'}
2024-03-18 01:21:55,792 is result_set is instance of dict? True
2024-03-18 01:21:55,793 is final_result_set is instance of dict? True
2024-03-18 01:21:55,913 Time taken for page 1 of Packing_List_41_page_1.png:0:00:02.575452
2024-03-18 01:21:56,038 *****Generated All Pages****** for Packing_List_41_page_1.png
2024-03-18 01:21:56,038 RAM memory 69.2 used for Packing_List_41_page_1.png Generating All Pages:
2024-03-18 01:21:56,039 Processing time taken for all pages of Packing_List_41_page_1.png1:0:00:02.711240
2024-03-18 01:21:56,183 file name is:Packing_List(2013_01_09_17_08_48_5172)_557_page_0.png
2024-03-18 01:21:56,183 folder path :Images
2024-03-18 01:21:56,183 Calling Image result
2024-03-18 01:21:56,183 is all_page_result is instance of dict? True
2024-03-18 01:21:56,193 STREAM b'IHDR' 16 13
2024-03-18 01:21:56,193 STREAM b'IDAT' 41 40824
2024-03-18 01:21:56,222 is words is instance of list? True
2024-03-18 01:21:56,222 is bboxes is instance of list? True
2024-03-18 01:21:56,223 is bounding_boxes is instance of list? True
2024-03-18 01:21:56,433 is input_id_chunks is instance of list? True
2024-03-18 01:21:56,433 is mask_chunks is instance of list? True
2024-03-18 01:21:56,433 is bbox_chunks is instance of list? True
2024-03-18 01:21:56,433 is image_chunks is instance of list? True
2024-03-18 01:21:56,433 is input_dict is instance of dict? True
2024-03-18 01:21:57,799 Model Called
2024-03-18 01:21:57,799 RAM memory 67.3 used for Packing_List(2013_01_09_17_08_48_5172)_557_page_0.png:
2024-03-18 01:21:57,800 is all_predictions is instance of list? True
2024-03-18 01:21:57,800 is all_boxes is instance of list? True
2024-03-18 01:21:57,800 is all_confidences is instance of list? True
2024-03-18 01:21:57,800 is all_text is instance of list? True
2024-03-18 01:21:57,800 is label2id is instance of dict? True
2024-03-18 01:21:57,800 is id2label is instance of dict? True
2024-03-18 01:21:57,801 is label2color is instance of dict? True
2024-03-18 01:21:57,801 label2color : {'track_reference': '#210C87', 'vessel_name': '#716EA6', 'transaction_amount_value': '#B1D39A', 'lc_ref_no': '#1CEC84', 'invoice_currency': '#11F0A8', 'bill_of_lading_date': '#16C2EA', 'net_weight': '#851AB3', 'awb_date': '#0FC54F', 'date_of_invoice': '#BAEE1C', 'port_of_discharge': '#7495C3', 'original_copy': '#7D2D50', 'shipper_address': '#98E34A', 'rate_per_unit': '#8D0ADB', 'invoice_no': '#3CA5AB', 'signature': '#1CAC01', 'consignee_address': '#494ADE', 'incoterm': '#DCB187', 'country_of_final_destination': '#B31D2A', 'description_of_goods': '#31D584', 'total_quantity_of_goods': '#2CA37D', 'shipper_name': '#0E6AC1', 'bill_of_lading_number': '#ECD76B', 'transaction_currency': '#40FB34', 'iec_no': '#04CB92', 'gross_weight': '#45DBCD', 'vessel_flight_no': '#D54FE8', 'transaction_date': '#1DC5D0', 'lc_date': '#0FA9F7', 'consignee_name': '#0C3126', 'stamp': '#CD7583', 'invoice_amount': '#B956C2', 'dimension': '#5DBC4C', 'O': '#043BE7', 'consignor_name': '#C167EB', 'notify_party_name': '#3CEA45', 'beneficiary_drawer_exporter_seller_supplier_name': '#EF3A08', 'pre_carriage_by': '#A52538', 'consignor_address': '#02C31B', 'declaration': '#95D812', 'beneficiary_drawer_exporter_seller_supplier_tin_no': '#6088E3', 'country_of_origin_origin_of_goods': '#6B3343', 'awb_number': '#70FBA6', 'beneficiary_address': '#EA1236', 'remitter_address': '#E893AF', 'page_no': '#F47210', 'remitter_drawee_applicant_importer_buyer_name': '#A6DF22', 'port_of_loading': '#2BD1D9', 'notify_party_address': '#F7F49B', 'payment_terms_terms_of_delivery_&_payment': '#E0AEF2'}
2024-03-18 01:21:57,939 is result_set is instance of dict? True
2024-03-18 01:21:57,940 is final_result_set is instance of dict? True
2024-03-18 01:21:58,110 Time taken for page 1 of Packing_List(2013_01_09_17_08_48_5172)_557_page_0.png:0:00:01.916180
2024-03-18 01:21:58,240 *****Generated All Pages****** for Packing_List(2013_01_09_17_08_48_5172)_557_page_0.png
2024-03-18 01:21:58,240 RAM memory 67.4 used for Packing_List(2013_01_09_17_08_48_5172)_557_page_0.png Generating All Pages:
2024-03-18 01:21:58,240 Processing time taken for all pages of Packing_List(2013_01_09_17_08_48_5172)_557_page_0.png1:0:00:02.057133
2024-03-18 01:21:58,378 file name is:Packing_List(2013_04_15_16_20_53_5835)_346_page_17.png
2024-03-18 01:21:58,379 folder path :Images
2024-03-18 01:21:58,379 Calling Image result
2024-03-18 01:21:58,379 is all_page_result is instance of dict? True
2024-03-18 01:21:58,379 STREAM b'IHDR' 16 13
2024-03-18 01:21:58,379 STREAM b'IDAT' 41 32357
2024-03-18 01:21:58,395 is words is instance of list? True
2024-03-18 01:21:58,395 is bboxes is instance of list? True
2024-03-18 01:21:58,395 is bounding_boxes is instance of list? True
2024-03-18 01:21:58,520 is input_id_chunks is instance of list? True
2024-03-18 01:21:58,520 is mask_chunks is instance of list? True
2024-03-18 01:21:58,520 is bbox_chunks is instance of list? True
2024-03-18 01:21:58,520 is image_chunks is instance of list? True
2024-03-18 01:21:58,521 is input_dict is instance of dict? True
2024-03-18 01:22:00,411 Model Called
2024-03-18 01:22:00,411 RAM memory 69.4 used for Packing_List(2013_04_15_16_20_53_5835)_346_page_17.png:
2024-03-18 01:22:00,411 is all_predictions is instance of list? True
2024-03-18 01:22:00,411 is all_boxes is instance of list? True
2024-03-18 01:22:00,412 is all_confidences is instance of list? True
2024-03-18 01:22:00,412 is all_text is instance of list? True
2024-03-18 01:22:00,412 is label2id is instance of dict? True
2024-03-18 01:22:00,412 is id2label is instance of dict? True
2024-03-18 01:22:00,413 is label2color is instance of dict? True
2024-03-18 01:22:00,413 label2color : {'track_reference': '#ECB54C', 'vessel_name': '#2E1339', 'transaction_amount_value': '#172535', 'lc_ref_no': '#6D6316', 'invoice_currency': '#DF6C0E', 'bill_of_lading_date': '#7F38C5', 'net_weight': '#D8D7B9', 'awb_date': '#33C41E', 'date_of_invoice': '#DF57C0', 'port_of_discharge': '#92D004', 'original_copy': '#938CA0', 'shipper_address': '#43E65A', 'rate_per_unit': '#514DDC', 'invoice_no': '#93218A', 'signature': '#776532', 'consignee_address': '#B76830', 'incoterm': '#2CAF75', 'country_of_final_destination': '#0FAD64', 'description_of_goods': '#6EA358', 'total_quantity_of_goods': '#A335A3', 'shipper_name': '#DFE4B6', 'bill_of_lading_number': '#D64E43', 'transaction_currency': '#2F303E', 'iec_no': '#F50E76', 'gross_weight': '#C9F168', 'vessel_flight_no': '#5393EF', 'transaction_date': '#D6F2B9', 'lc_date': '#E8ABDD', 'consignee_name': '#D4A652', 'stamp': '#B0B102', 'invoice_amount': '#2C0910', 'dimension': '#AD9E12', 'O': '#BC5690', 'consignor_name': '#9668A4', 'notify_party_name': '#4874A5', 'beneficiary_drawer_exporter_seller_supplier_name': '#D3BA73', 'pre_carriage_by': '#0D08A2', 'consignor_address': '#8784A1', 'declaration': '#12C0B2', 'beneficiary_drawer_exporter_seller_supplier_tin_no': '#E33D77', 'country_of_origin_origin_of_goods': '#4CB04A', 'awb_number': '#6C4696', 'beneficiary_address': '#8692A3', 'remitter_address': '#D9BD7F', 'page_no': '#2D1FF2', 'remitter_drawee_applicant_importer_buyer_name': '#8469C7', 'port_of_loading': '#AE32B6', 'notify_party_address': '#5A9661', 'payment_terms_terms_of_delivery_&_payment': '#09A894'}
2024-03-18 01:22:00,526 is result_set is instance of dict? True
2024-03-18 01:22:00,527 is final_result_set is instance of dict? True
2024-03-18 01:22:00,654 Time taken for page 1 of Packing_List(2013_04_15_16_20_53_5835)_346_page_17.png:0:00:02.274588
2024-03-18 01:22:00,723 *****Generated All Pages****** for Packing_List(2013_04_15_16_20_53_5835)_346_page_17.png
2024-03-18 01:22:00,723 RAM memory 69.4 used for Packing_List(2013_04_15_16_20_53_5835)_346_page_17.png Generating All Pages:
2024-03-18 01:22:00,723 Processing time taken for all pages of Packing_List(2013_04_15_16_20_53_5835)_346_page_17.png1:0:00:02.344086
2024-03-18 01:22:00,847 file name is:Packing_List_21_page_1.png
2024-03-18 01:22:00,847 folder path :Images
2024-03-18 01:22:00,847 Calling Image result
2024-03-18 01:22:00,847 is all_page_result is instance of dict? True
2024-03-18 01:22:00,858 STREAM b'IHDR' 16 13
2024-03-18 01:22:00,858 STREAM b'IDAT' 41 35921
2024-03-18 01:22:00,887 is words is instance of list? True
2024-03-18 01:22:00,887 is bboxes is instance of list? True
2024-03-18 01:22:00,888 is bounding_boxes is instance of list? True
2024-03-18 01:22:01,105 is input_id_chunks is instance of list? True
2024-03-18 01:22:01,105 is mask_chunks is instance of list? True
2024-03-18 01:22:01,105 is bbox_chunks is instance of list? True
2024-03-18 01:22:01,105 is image_chunks is instance of list? True
2024-03-18 01:22:01,105 is input_dict is instance of dict? True
2024-03-18 01:22:03,118 Model Called
2024-03-18 01:22:03,118 RAM memory 69.4 used for Packing_List_21_page_1.png:
2024-03-18 01:22:03,118 is all_predictions is instance of list? True
2024-03-18 01:22:03,118 is all_boxes is instance of list? True
2024-03-18 01:22:03,118 is all_confidences is instance of list? True
2024-03-18 01:22:03,118 is all_text is instance of list? True
2024-03-18 01:22:03,119 is label2id is instance of dict? True
2024-03-18 01:22:03,119 is id2label is instance of dict? True
2024-03-18 01:22:03,120 is label2color is instance of dict? True
2024-03-18 01:22:03,120 label2color : {'track_reference': '#080405', 'vessel_name': '#B1D884', 'transaction_amount_value': '#418335', 'lc_ref_no': '#07CF70', 'invoice_currency': '#FE2AAF', 'bill_of_lading_date': '#1DB178', 'net_weight': '#989BE8', 'awb_date': '#A87E1E', 'date_of_invoice': '#EC7E66', 'port_of_discharge': '#06D478', 'original_copy': '#563470', 'shipper_address': '#87446D', 'rate_per_unit': '#0238B8', 'invoice_no': '#7B4EC6', 'signature': '#E50BA9', 'consignee_address': '#9B1B8E', 'incoterm': '#D7B1E5', 'country_of_final_destination': '#E0236A', 'description_of_goods': '#5CCC0D', 'total_quantity_of_goods': '#9F7AC6', 'shipper_name': '#9C0475', 'bill_of_lading_number': '#88B0C3', 'transaction_currency': '#1E69AF', 'iec_no': '#03B1D1', 'gross_weight': '#E32735', 'vessel_flight_no': '#E99B2D', 'transaction_date': '#2F2976', 'lc_date': '#91D178', 'consignee_name': '#17925A', 'stamp': '#73C93E', 'invoice_amount': '#A7D1C5', 'dimension': '#90D40E', 'O': '#40094E', 'consignor_name': '#77CB01', 'notify_party_name': '#1F76F4', 'beneficiary_drawer_exporter_seller_supplier_name': '#75A611', 'pre_carriage_by': '#9BE0E6', 'consignor_address': '#585CE7', 'declaration': '#9C765C', 'beneficiary_drawer_exporter_seller_supplier_tin_no': '#6ED5FF', 'country_of_origin_origin_of_goods': '#81F8B6', 'awb_number': '#8F59B6', 'beneficiary_address': '#13B52C', 'remitter_address': '#428E4E', 'page_no': '#566A23', 'remitter_drawee_applicant_importer_buyer_name': '#330FC7', 'port_of_loading': '#DBDD63', 'notify_party_address': '#74F217', 'payment_terms_terms_of_delivery_&_payment': '#070BC2'}
2024-03-18 01:22:03,320 is result_set is instance of dict? True
2024-03-18 01:22:03,320 is final_result_set is instance of dict? True
2024-03-18 01:22:03,450 Time taken for page 1 of Packing_List_21_page_1.png:0:00:02.591897
2024-03-18 01:22:03,557 *****Generated All Pages****** for Packing_List_21_page_1.png
2024-03-18 01:22:03,557 RAM memory 69.6 used for Packing_List_21_page_1.png Generating All Pages:
2024-03-18 01:22:03,558 Processing time taken for all pages of Packing_List_21_page_1.png1:0:00:02.710103
2024-03-18 01:22:03,667 file name is:Packing_List_38_page_1.png
2024-03-18 01:22:03,667 folder path :Images
2024-03-18 01:22:03,667 Calling Image result
2024-03-18 01:22:03,667 is all_page_result is instance of dict? True
2024-03-18 01:22:03,677 STREAM b'IHDR' 16 13
2024-03-18 01:22:03,678 STREAM b'IDAT' 41 30192
2024-03-18 01:22:03,718 is words is instance of list? True
2024-03-18 01:22:03,719 is bboxes is instance of list? True
2024-03-18 01:22:03,719 is bounding_boxes is instance of list? True
2024-03-18 01:22:03,936 is input_id_chunks is instance of list? True
2024-03-18 01:22:03,936 is mask_chunks is instance of list? True
2024-03-18 01:22:03,936 is bbox_chunks is instance of list? True
2024-03-18 01:22:03,936 is image_chunks is instance of list? True
2024-03-18 01:22:03,936 is input_dict is instance of dict? True
2024-03-18 01:22:04,985 Model Called
2024-03-18 01:22:04,985 RAM memory 67.8 used for Packing_List_38_page_1.png:
2024-03-18 01:22:04,985 is all_predictions is instance of list? True
2024-03-18 01:22:04,985 is all_boxes is instance of list? True
2024-03-18 01:22:04,985 is all_confidences is instance of list? True
2024-03-18 01:22:04,985 is all_text is instance of list? True
2024-03-18 01:22:04,986 is label2id is instance of dict? True
2024-03-18 01:22:04,986 is id2label is instance of dict? True
2024-03-18 01:22:04,987 is label2color is instance of dict? True
2024-03-18 01:22:04,987 label2color : {'track_reference': '#34BD07', 'vessel_name': '#80CD9A', 'transaction_amount_value': '#CE23B0', 'lc_ref_no': '#316AFF', 'invoice_currency': '#5EB84E', 'bill_of_lading_date': '#9B18E3', 'net_weight': '#CF0A29', 'awb_date': '#F927EB', 'date_of_invoice': '#4785BC', 'port_of_discharge': '#32FDBE', 'original_copy': '#384959', 'shipper_address': '#C5E7AC', 'rate_per_unit': '#8B2119', 'invoice_no': '#72F2C0', 'signature': '#4D546E', 'consignee_address': '#90BD3B', 'incoterm': '#ECD365', 'country_of_final_destination': '#F5412B', 'description_of_goods': '#840783', 'total_quantity_of_goods': '#7DB896', 'shipper_name': '#F716EC', 'bill_of_lading_number': '#8270DB', 'transaction_currency': '#6A08D9', 'iec_no': '#C7A09E', 'gross_weight': '#B03C69', 'vessel_flight_no': '#5712AE', 'transaction_date': '#337B4E', 'lc_date': '#7493AA', 'consignee_name': '#C9DA1F', 'stamp': '#06D634', 'invoice_amount': '#0FFA38', 'dimension': '#53DEFD', 'O': '#C2D8C2', 'consignor_name': '#5BE435', 'notify_party_name': '#099774', 'beneficiary_drawer_exporter_seller_supplier_name': '#4BB43E', 'pre_carriage_by': '#6D9267', 'consignor_address': '#039009', 'declaration': '#A80143', 'beneficiary_drawer_exporter_seller_supplier_tin_no': '#630B46', 'country_of_origin_origin_of_goods': '#19345A', 'awb_number': '#276537', 'beneficiary_address': '#6790CF', 'remitter_address': '#5DB241', 'page_no': '#1F136E', 'remitter_drawee_applicant_importer_buyer_name': '#59A4B4', 'port_of_loading': '#443C9E', 'notify_party_address': '#3213D2', 'payment_terms_terms_of_delivery_&_payment': '#C71297'}
2024-03-18 01:22:05,119 is result_set is instance of dict? True
2024-03-18 01:22:05,120 is final_result_set is instance of dict? True
2024-03-18 01:22:05,267 Time taken for page 1 of Packing_List_38_page_1.png:0:00:01.589833
2024-03-18 01:22:05,375 *****Generated All Pages****** for Packing_List_38_page_1.png
2024-03-18 01:22:05,375 RAM memory 67.8 used for Packing_List_38_page_1.png Generating All Pages:
2024-03-18 01:22:05,375 Processing time taken for all pages of Packing_List_38_page_1.png1:0:00:01.707950
2024-03-18 01:22:05,497 file name is:Packing_List_24_page_0.png
2024-03-18 01:22:05,497 folder path :Images
2024-03-18 01:22:05,497 Calling Image result
2024-03-18 01:22:05,497 is all_page_result is instance of dict? True
2024-03-18 01:22:05,508 STREAM b'IHDR' 16 13
2024-03-18 01:22:05,508 STREAM b'IDAT' 41 41478
2024-03-18 01:22:05,535 is words is instance of list? True
2024-03-18 01:22:05,535 is bboxes is instance of list? True
2024-03-18 01:22:05,535 is bounding_boxes is instance of list? True
2024-03-18 01:22:05,743 is input_id_chunks is instance of list? True
2024-03-18 01:22:05,743 is mask_chunks is instance of list? True
2024-03-18 01:22:05,743 is bbox_chunks is instance of list? True
2024-03-18 01:22:05,743 is image_chunks is instance of list? True
2024-03-18 01:22:05,744 is input_dict is instance of dict? True
2024-03-18 01:22:06,694 Model Called
2024-03-18 01:22:06,695 RAM memory 67.8 used for Packing_List_24_page_0.png:
2024-03-18 01:22:06,695 is all_predictions is instance of list? True
2024-03-18 01:22:06,695 is all_boxes is instance of list? True
2024-03-18 01:22:06,695 is all_confidences is instance of list? True
2024-03-18 01:22:06,695 is all_text is instance of list? True
2024-03-18 01:22:06,695 is label2id is instance of dict? True
2024-03-18 01:22:06,695 is id2label is instance of dict? True
2024-03-18 01:22:06,696 is label2color is instance of dict? True
2024-03-18 01:22:06,696 label2color : {'track_reference': '#D11E26', 'vessel_name': '#03BCAA', 'transaction_amount_value': '#63541B', 'lc_ref_no': '#80BA30', 'invoice_currency': '#137D08', 'bill_of_lading_date': '#A4806A', 'net_weight': '#3CBF37', 'awb_date': '#24BBFB', 'date_of_invoice': '#77F52D', 'port_of_discharge': '#BC0FB0', 'original_copy': '#94C020', 'shipper_address': '#91BB32', 'rate_per_unit': '#6A029E', 'invoice_no': '#1A701E', 'signature': '#0B5EA1', 'consignee_address': '#242074', 'incoterm': '#9DBE31', 'country_of_final_destination': '#DBC277', 'description_of_goods': '#4ED999', 'total_quantity_of_goods': '#3988A1', 'shipper_name': '#73BC86', 'bill_of_lading_number': '#85C9CE', 'transaction_currency': '#2F8AF5', 'iec_no': '#F9B137', 'gross_weight': '#04DC63', 'vessel_flight_no': '#D1E0E5', 'transaction_date': '#8375F9', 'lc_date': '#F7A2E3', 'consignee_name': '#B75618', 'stamp': '#3B1FFC', 'invoice_amount': '#65541A', 'dimension': '#7C8D61', 'O': '#FABD43', 'consignor_name': '#582A91', 'notify_party_name': '#66E97C', 'beneficiary_drawer_exporter_seller_supplier_name': '#7E5B17', 'pre_carriage_by': '#336D27', 'consignor_address': '#248DD7', 'declaration': '#BA9BB6', 'beneficiary_drawer_exporter_seller_supplier_tin_no': '#38050F', 'country_of_origin_origin_of_goods': '#80E876', 'awb_number': '#6664B8', 'beneficiary_address': '#5574EC', 'remitter_address': '#EF58EB', 'page_no': '#AD0E40', 'remitter_drawee_applicant_importer_buyer_name': '#8C52FF', 'port_of_loading': '#284925', 'notify_party_address': '#BC2A58', 'payment_terms_terms_of_delivery_&_payment': '#803258'}
2024-03-18 01:22:06,826 is result_set is instance of dict? True
2024-03-18 01:22:06,827 is final_result_set is instance of dict? True
2024-03-18 01:22:06,947 Time taken for page 1 of Packing_List_24_page_0.png:0:00:01.439390
2024-03-18 01:22:07,078 *****Generated All Pages****** for Packing_List_24_page_0.png
2024-03-18 01:22:07,078 RAM memory 67.8 used for Packing_List_24_page_0.png Generating All Pages:
2024-03-18 01:22:07,078 Processing time taken for all pages of Packing_List_24_page_0.png1:0:00:01.580995
2024-03-18 01:22:07,198 file name is:Packing_List_35_page_1.png
2024-03-18 01:22:07,198 folder path :Images
2024-03-18 01:22:07,198 Calling Image result
2024-03-18 01:22:07,198 is all_page_result is instance of dict? True
2024-03-18 01:22:07,208 STREAM b'IHDR' 16 13
2024-03-18 01:22:07,208 STREAM b'IDAT' 41 34320
2024-03-18 01:22:07,241 is words is instance of list? True
2024-03-18 01:22:07,241 is bboxes is instance of list? True
2024-03-18 01:22:07,241 is bounding_boxes is instance of list? True
2024-03-18 01:22:07,522 is input_id_chunks is instance of list? True
2024-03-18 01:22:07,522 is mask_chunks is instance of list? True
2024-03-18 01:22:07,522 is bbox_chunks is instance of list? True
2024-03-18 01:22:07,522 is image_chunks is instance of list? True
2024-03-18 01:22:07,523 is input_dict is instance of dict? True
2024-03-18 01:22:08,662 Model Called
2024-03-18 01:22:08,662 RAM memory 67.9 used for Packing_List_35_page_1.png:
2024-03-18 01:22:08,662 is all_predictions is instance of list? True
2024-03-18 01:22:08,662 is all_boxes is instance of list? True
2024-03-18 01:22:08,662 is all_confidences is instance of list? True
2024-03-18 01:22:08,662 is all_text is instance of list? True
2024-03-18 01:22:08,662 is label2id is instance of dict? True
2024-03-18 01:22:08,662 is id2label is instance of dict? True
2024-03-18 01:22:08,663 is label2color is instance of dict? True
2024-03-18 01:22:08,663 label2color : {'track_reference': '#AB22D3', 'vessel_name': '#9CBEC5', 'transaction_amount_value': '#F7114C', 'lc_ref_no': '#689EC1', 'invoice_currency': '#DE3137', 'bill_of_lading_date': '#042758', 'net_weight': '#24695F', 'awb_date': '#FE6A0C', 'date_of_invoice': '#19CC84', 'port_of_discharge': '#F1FD1E', 'original_copy': '#B1E008', 'shipper_address': '#3765CB', 'rate_per_unit': '#A9775A', 'invoice_no': '#8A432B', 'signature': '#F89B1D', 'consignee_address': '#82090F', 'incoterm': '#FF420D', 'country_of_final_destination': '#4E1F96', 'description_of_goods': '#FB5E70', 'total_quantity_of_goods': '#FAEFD3', 'shipper_name': '#61E630', 'bill_of_lading_number': '#11D9BD', 'transaction_currency': '#3763AE', 'iec_no': '#20A3C8', 'gross_weight': '#C98E25', 'vessel_flight_no': '#2B8334', 'transaction_date': '#A44871', 'lc_date': '#3E55F0', 'consignee_name': '#BC691D', 'stamp': '#93E3FB', 'invoice_amount': '#75BFF1', 'dimension': '#B54326', 'O': '#7709B5', 'consignor_name': '#7DDF44', 'notify_party_name': '#A1A5B3', 'beneficiary_drawer_exporter_seller_supplier_name': '#16B2B0', 'pre_carriage_by': '#26A19D', 'consignor_address': '#8EB4FD', 'declaration': '#B807BB', 'beneficiary_drawer_exporter_seller_supplier_tin_no': '#2D5CBF', 'country_of_origin_origin_of_goods': '#44EC9D', 'awb_number': '#BB313E', 'beneficiary_address': '#C55CD6', 'remitter_address': '#FA9BC4', 'page_no': '#9D81E9', 'remitter_drawee_applicant_importer_buyer_name': '#B7A2B3', 'port_of_loading': '#85EC12', 'notify_party_address': '#3607DF', 'payment_terms_terms_of_delivery_&_payment': '#27A8E2'}
2024-03-18 01:22:08,788 is result_set is instance of dict? True
2024-03-18 01:22:08,789 is final_result_set is instance of dict? True
2024-03-18 01:22:08,921 Time taken for page 1 of Packing_List_35_page_1.png:0:00:01.712420
2024-03-18 01:22:09,036 *****Generated All Pages****** for Packing_List_35_page_1.png
2024-03-18 01:22:09,036 RAM memory 67.9 used for Packing_List_35_page_1.png Generating All Pages:
2024-03-18 01:22:09,036 Processing time taken for all pages of Packing_List_35_page_1.png1:0:00:01.838305
2024-03-18 01:22:09,147 file name is:Packing_List_13_page_0.png
2024-03-18 01:22:09,147 folder path :Images
2024-03-18 01:22:09,147 Calling Image result
2024-03-18 01:22:09,147 is all_page_result is instance of dict? True
2024-03-18 01:22:09,157 STREAM b'IHDR' 16 13
2024-03-18 01:22:09,158 STREAM b'IDAT' 41 47484
2024-03-18 01:22:09,187 is words is instance of list? True
2024-03-18 01:22:09,187 is bboxes is instance of list? True
2024-03-18 01:22:09,187 is bounding_boxes is instance of list? True
2024-03-18 01:22:09,387 is input_id_chunks is instance of list? True
2024-03-18 01:22:09,387 is mask_chunks is instance of list? True
2024-03-18 01:22:09,387 is bbox_chunks is instance of list? True
2024-03-18 01:22:09,387 is image_chunks is instance of list? True
2024-03-18 01:22:09,387 is input_dict is instance of dict? True
2024-03-18 01:22:10,371 Model Called
2024-03-18 01:22:10,371 RAM memory 67.8 used for Packing_List_13_page_0.png:
2024-03-18 01:22:10,371 is all_predictions is instance of list? True
2024-03-18 01:22:10,371 is all_boxes is instance of list? True
2024-03-18 01:22:10,371 is all_confidences is instance of list? True
2024-03-18 01:22:10,371 is all_text is instance of list? True
2024-03-18 01:22:10,371 is label2id is instance of dict? True
2024-03-18 01:22:10,371 is id2label is instance of dict? True
2024-03-18 01:22:10,372 is label2color is instance of dict? True
2024-03-18 01:22:10,372 label2color : {'track_reference': '#A51CB7', 'vessel_name': '#4A6CE7', 'transaction_amount_value': '#3F5599', 'lc_ref_no': '#7F1A0E', 'invoice_currency': '#FBA315', 'bill_of_lading_date': '#7C481D', 'net_weight': '#FFCCEE', 'awb_date': '#F47E6C', 'date_of_invoice': '#1DF1BB', 'port_of_discharge': '#31DB40', 'original_copy': '#BD5CB6', 'shipper_address': '#56EABA', 'rate_per_unit': '#3F2181', 'invoice_no': '#5AA73D', 'signature': '#AE0EB2', 'consignee_address': '#9D7DB4', 'incoterm': '#06CE98', 'country_of_final_destination': '#F2068E', 'description_of_goods': '#1CA40E', 'total_quantity_of_goods': '#116A29', 'shipper_name': '#A7475E', 'bill_of_lading_number': '#E79C21', 'transaction_currency': '#58F92B', 'iec_no': '#250C23', 'gross_weight': '#16DF59', 'vessel_flight_no': '#F901C3', 'transaction_date': '#619DCA', 'lc_date': '#385FCA', 'consignee_name': '#246502', 'stamp': '#9A4AF2', 'invoice_amount': '#11E5BE', 'dimension': '#B001DC', 'O': '#E024FB', 'consignor_name': '#6FDD23', 'notify_party_name': '#0CA03D', 'beneficiary_drawer_exporter_seller_supplier_name': '#BF7DA8', 'pre_carriage_by': '#9EAB71', 'consignor_address': '#745D80', 'declaration': '#9880F9', 'beneficiary_drawer_exporter_seller_supplier_tin_no': '#4E607B', 'country_of_origin_origin_of_goods': '#90B300', 'awb_number': '#945651', 'beneficiary_address': '#0B4E0B', 'remitter_address': '#803775', 'page_no': '#699BD9', 'remitter_drawee_applicant_importer_buyer_name': '#7BA824', 'port_of_loading': '#17D255', 'notify_party_address': '#AC3F5E', 'payment_terms_terms_of_delivery_&_payment': '#DF3B6F'}
2024-03-18 01:22:10,496 is result_set is instance of dict? True
2024-03-18 01:22:10,497 is final_result_set is instance of dict? True
2024-03-18 01:22:10,582 Time taken for page 1 of Packing_List_13_page_0.png:0:00:01.423996
2024-03-18 01:22:10,691 *****Generated All Pages****** for Packing_List_13_page_0.png
2024-03-18 01:22:10,691 RAM memory 67.8 used for Packing_List_13_page_0.png Generating All Pages:
2024-03-18 01:22:10,691 Processing time taken for all pages of Packing_List_13_page_0.png1:0:00:01.544626
2024-03-18 01:22:10,803 file name is:Packing_List_15_page_0.png
2024-03-18 01:22:10,803 folder path :Images
2024-03-18 01:22:10,803 Calling Image result
2024-03-18 01:22:10,803 is all_page_result is instance of dict? True
2024-03-18 01:22:10,813 STREAM b'IHDR' 16 13
2024-03-18 01:22:10,813 STREAM b'IDAT' 41 45566
2024-03-18 01:22:10,841 is words is instance of list? True
2024-03-18 01:22:10,841 is bboxes is instance of list? True
2024-03-18 01:22:10,841 is bounding_boxes is instance of list? True
2024-03-18 01:22:11,053 is input_id_chunks is instance of list? True
2024-03-18 01:22:11,053 is mask_chunks is instance of list? True
2024-03-18 01:22:11,053 is bbox_chunks is instance of list? True
2024-03-18 01:22:11,053 is image_chunks is instance of list? True
2024-03-18 01:22:11,054 is input_dict is instance of dict? True
2024-03-18 01:22:12,070 Model Called
2024-03-18 01:22:12,070 RAM memory 67.9 used for Packing_List_15_page_0.png:
2024-03-18 01:22:12,070 is all_predictions is instance of list? True
2024-03-18 01:22:12,071 is all_boxes is instance of list? True
2024-03-18 01:22:12,071 is all_confidences is instance of list? True
2024-03-18 01:22:12,071 is all_text is instance of list? True
2024-03-18 01:22:12,071 is label2id is instance of dict? True
2024-03-18 01:22:12,072 is id2label is instance of dict? True
2024-03-18 01:22:12,073 is label2color is instance of dict? True
2024-03-18 01:22:12,073 label2color : {'track_reference': '#A705C2', 'vessel_name': '#04D315', 'transaction_amount_value': '#9A1511', 'lc_ref_no': '#FADBED', 'invoice_currency': '#9795F7', 'bill_of_lading_date': '#3F55C9', 'net_weight': '#28BBE8', 'awb_date': '#E21F09', 'date_of_invoice': '#CD40F3', 'port_of_discharge': '#4C8A16', 'original_copy': '#2C17A4', 'shipper_address': '#B717BF', 'rate_per_unit': '#E5A62B', 'invoice_no': '#3BF492', 'signature': '#0B31BD', 'consignee_address': '#12D4F1', 'incoterm': '#A446D5', 'country_of_final_destination': '#1CC67E', 'description_of_goods': '#0E1128', 'total_quantity_of_goods': '#AF09C7', 'shipper_name': '#DBFF43', 'bill_of_lading_number': '#646D64', 'transaction_currency': '#1D77B0', 'iec_no': '#BD28AD', 'gross_weight': '#7455AB', 'vessel_flight_no': '#2692FD', 'transaction_date': '#ED5B37', 'lc_date': '#BA71D8', 'consignee_name': '#595EB5', 'stamp': '#F8F366', 'invoice_amount': '#51909C', 'dimension': '#D294E4', 'O': '#5CC0B9', 'consignor_name': '#558C5C', 'notify_party_name': '#B2F2EE', 'beneficiary_drawer_exporter_seller_supplier_name': '#A1A497', 'pre_carriage_by': '#D9DCCC', 'consignor_address': '#E5F919', 'declaration': '#733696', 'beneficiary_drawer_exporter_seller_supplier_tin_no': '#9F33DE', 'country_of_origin_origin_of_goods': '#7B8878', 'awb_number': '#6DC994', 'beneficiary_address': '#8C242A', 'remitter_address': '#8B8301', 'page_no': '#0AD6AA', 'remitter_drawee_applicant_importer_buyer_name': '#EF0459', 'port_of_loading': '#324EF2', 'notify_party_address': '#183497', 'payment_terms_terms_of_delivery_&_payment': '#A423E2'}
2024-03-18 01:22:12,257 is result_set is instance of dict? True
2024-03-18 01:22:12,258 is final_result_set is instance of dict? True
2024-03-18 01:22:12,396 Time taken for page 1 of Packing_List_15_page_0.png:0:00:01.582686
2024-03-18 01:22:12,506 *****Generated All Pages****** for Packing_List_15_page_0.png
2024-03-18 01:22:12,506 RAM memory 67.9 used for Packing_List_15_page_0.png Generating All Pages:
2024-03-18 01:22:12,506 Processing time taken for all pages of Packing_List_15_page_0.png1:0:00:01.702850
2024-03-18 01:22:12,646 file name is:Packing_List(2013_04_15_16_20_53_5835)_346_page_2.png
2024-03-18 01:22:12,646 folder path :Images
2024-03-18 01:22:12,646 Calling Image result
2024-03-18 01:22:12,646 is all_page_result is instance of dict? True
2024-03-18 01:22:12,656 STREAM b'IHDR' 16 13
2024-03-18 01:22:12,656 STREAM b'sBIT' 41 3
2024-03-18 01:22:12,656 b'sBIT' 41 3 (unknown)
2024-03-18 01:22:12,656 STREAM b'IDAT' 56 8192
2024-03-18 01:22:12,688 is words is instance of list? True
2024-03-18 01:22:12,688 is bboxes is instance of list? True
2024-03-18 01:22:12,688 is bounding_boxes is instance of list? True
2024-03-18 01:22:12,806 is input_id_chunks is instance of list? True
2024-03-18 01:22:12,806 is mask_chunks is instance of list? True
2024-03-18 01:22:12,806 is bbox_chunks is instance of list? True
2024-03-18 01:22:12,806 is image_chunks is instance of list? True
2024-03-18 01:22:12,807 is input_dict is instance of dict? True
2024-03-18 01:22:14,780 Model Called
2024-03-18 01:22:14,781 RAM memory 69.6 used for Packing_List(2013_04_15_16_20_53_5835)_346_page_2.png:
2024-03-18 01:22:14,781 is all_predictions is instance of list? True
2024-03-18 01:22:14,781 is all_boxes is instance of list? True
2024-03-18 01:22:14,781 is all_confidences is instance of list? True
2024-03-18 01:22:14,781 is all_text is instance of list? True
2024-03-18 01:22:14,781 is label2id is instance of dict? True
2024-03-18 01:22:14,781 is id2label is instance of dict? True
2024-03-18 01:22:14,782 is label2color is instance of dict? True
2024-03-18 01:22:14,782 label2color : {'track_reference': '#E86424', 'vessel_name': '#A46704', 'transaction_amount_value': '#8E2185', 'lc_ref_no': '#6F9E4C', 'invoice_currency': '#6096C6', 'bill_of_lading_date': '#6E6A32', 'net_weight': '#FE50C6', 'awb_date': '#A3DF83', 'date_of_invoice': '#C6C321', 'port_of_discharge': '#C0ACC9', 'original_copy': '#D86D07', 'shipper_address': '#B3D7E1', 'rate_per_unit': '#332D84', 'invoice_no': '#0202C3', 'signature': '#70A87B', 'consignee_address': '#B6D6A3', 'incoterm': '#940411', 'country_of_final_destination': '#01748D', 'description_of_goods': '#D54796', 'total_quantity_of_goods': '#981421', 'shipper_name': '#5907C3', 'bill_of_lading_number': '#2EEB6E', 'transaction_currency': '#E7FF17', 'iec_no': '#781E4F', 'gross_weight': '#ED86D7', 'vessel_flight_no': '#9D5AC0', 'transaction_date': '#E68F11', 'lc_date': '#41A6DF', 'consignee_name': '#148BEA', 'stamp': '#70DBDB', 'invoice_amount': '#782334', 'dimension': '#ED9872', 'O': '#5AE679', 'consignor_name': '#30B599', 'notify_party_name': '#624CBC', 'beneficiary_drawer_exporter_seller_supplier_name': '#8BD1B8', 'pre_carriage_by': '#B48B6A', 'consignor_address': '#383B47', 'declaration': '#180F98', 'beneficiary_drawer_exporter_seller_supplier_tin_no': '#6EBFBC', 'country_of_origin_origin_of_goods': '#4CCA3C', 'awb_number': '#C9D1F6', 'beneficiary_address': '#DF1BD3', 'remitter_address': '#B513E8', 'page_no': '#B42801', 'remitter_drawee_applicant_importer_buyer_name': '#EAC744', 'port_of_loading': '#DD42B8', 'notify_party_address': '#844C6A', 'payment_terms_terms_of_delivery_&_payment': '#29C186'}
2024-03-18 01:22:14,900 is result_set is instance of dict? True
2024-03-18 01:22:14,902 is final_result_set is instance of dict? True
2024-03-18 01:22:14,977 Time taken for page 1 of Packing_List(2013_04_15_16_20_53_5835)_346_page_2.png:0:00:02.320299
2024-03-18 01:22:15,050 *****Generated All Pages****** for Packing_List(2013_04_15_16_20_53_5835)_346_page_2.png
2024-03-18 01:22:15,050 RAM memory 69.7 used for Packing_List(2013_04_15_16_20_53_5835)_346_page_2.png Generating All Pages:
2024-03-18 01:22:15,050 Processing time taken for all pages of Packing_List(2013_04_15_16_20_53_5835)_346_page_2.png1:0:00:02.404141
2024-03-18 01:22:15,181 file name is:Packing_List(2013_04_15_16_20_53_5835)_346_page_27.png
2024-03-18 01:22:15,181 folder path :Images
2024-03-18 01:22:15,181 Calling Image result
2024-03-18 01:22:15,181 is all_page_result is instance of dict? True
2024-03-18 01:22:15,181 STREAM b'IHDR' 16 13
2024-03-18 01:22:15,181 STREAM b'IDAT' 41 30362
2024-03-18 01:22:15,202 is words is instance of list? True
2024-03-18 01:22:15,202 is bboxes is instance of list? True
2024-03-18 01:22:15,202 is bounding_boxes is instance of list? True
2024-03-18 01:22:15,350 is input_id_chunks is instance of list? True
2024-03-18 01:22:15,350 is mask_chunks is instance of list? True
2024-03-18 01:22:15,350 is bbox_chunks is instance of list? True
2024-03-18 01:22:15,350 is image_chunks is instance of list? True
2024-03-18 01:22:15,350 is input_dict is instance of dict? True
2024-03-18 01:22:16,401 Model Called
2024-03-18 01:22:16,401 RAM memory 70.0 used for Packing_List(2013_04_15_16_20_53_5835)_346_page_27.png:
2024-03-18 01:22:16,401 is all_predictions is instance of list? True
2024-03-18 01:22:16,401 is all_boxes is instance of list? True
2024-03-18 01:22:16,401 is all_confidences is instance of list? True
2024-03-18 01:22:16,401 is all_text is instance of list? True
2024-03-18 01:22:16,402 is label2id is instance of dict? True
2024-03-18 01:22:16,402 is id2label is instance of dict? True
2024-03-18 01:22:16,403 is label2color is instance of dict? True
2024-03-18 01:22:16,403 label2color : {'track_reference': '#75D316', 'vessel_name': '#DF58DF', 'transaction_amount_value': '#2DAA59', 'lc_ref_no': '#D8E524', 'invoice_currency': '#26823D', 'bill_of_lading_date': '#45FAD2', 'net_weight': '#63033D', 'awb_date': '#E7C508', 'date_of_invoice': '#18DA28', 'port_of_discharge': '#B89747', 'original_copy': '#DE2C8F', 'shipper_address': '#EC0195', 'rate_per_unit': '#EBD288', 'invoice_no': '#6A97AE', 'signature': '#B47EB1', 'consignee_address': '#AED6B7', 'incoterm': '#905A07', 'country_of_final_destination': '#BC5195', 'description_of_goods': '#0AC0AD', 'total_quantity_of_goods': '#FF6EE6', 'shipper_name': '#55160C', 'bill_of_lading_number': '#3D8D85', 'transaction_currency': '#E2A461', 'iec_no': '#55CD86', 'gross_weight': '#097554', 'vessel_flight_no': '#C30BB4', 'transaction_date': '#41AF8A', 'lc_date': '#106C33', 'consignee_name': '#5A5AD7', 'stamp': '#066E14', 'invoice_amount': '#8D98AE', 'dimension': '#9569DD', 'O': '#2BA759', 'consignor_name': '#24BD94', 'notify_party_name': '#488A8B', 'beneficiary_drawer_exporter_seller_supplier_name': '#5CA344', 'pre_carriage_by': '#12A2DA', 'consignor_address': '#92BF34', 'declaration': '#4FFED1', 'beneficiary_drawer_exporter_seller_supplier_tin_no': '#BE7466', 'country_of_origin_origin_of_goods': '#E5443F', 'awb_number': '#14F9EF', 'beneficiary_address': '#473163', 'remitter_address': '#E418C8', 'page_no': '#5133F3', 'remitter_drawee_applicant_importer_buyer_name': '#1ED164', 'port_of_loading': '#57B6C1', 'notify_party_address': '#096DC9', 'payment_terms_terms_of_delivery_&_payment': '#112FF1'}
2024-03-18 01:22:16,476 is result_set is instance of dict? True
2024-03-18 01:22:16,478 is final_result_set is instance of dict? True
2024-03-18 01:22:16,589 Time taken for page 1 of Packing_List(2013_04_15_16_20_53_5835)_346_page_27.png:0:00:01.407468
2024-03-18 01:22:16,656 *****Generated All Pages****** for Packing_List(2013_04_15_16_20_53_5835)_346_page_27.png
2024-03-18 01:22:16,656 RAM memory 70.0 used for Packing_List(2013_04_15_16_20_53_5835)_346_page_27.png Generating All Pages:
2024-03-18 01:22:16,656 Processing time taken for all pages of Packing_List(2013_04_15_16_20_53_5835)_346_page_27.png1:0:00:01.475410
2024-03-18 01:22:16,779 file name is:Packing_List_6_page_0.png
2024-03-18 01:22:16,779 folder path :Images
2024-03-18 01:22:16,779 Calling Image result
2024-03-18 01:22:16,779 is all_page_result is instance of dict? True
2024-03-18 01:22:16,790 STREAM b'IHDR' 16 13
2024-03-18 01:22:16,790 STREAM b'IDAT' 41 32252
2024-03-18 01:22:16,820 is words is instance of list? True
2024-03-18 01:22:16,820 is bboxes is instance of list? True
2024-03-18 01:22:16,820 is bounding_boxes is instance of list? True
2024-03-18 01:22:17,037 is input_id_chunks is instance of list? True
2024-03-18 01:22:17,037 is mask_chunks is instance of list? True
2024-03-18 01:22:17,037 is bbox_chunks is instance of list? True
2024-03-18 01:22:17,037 is image_chunks is instance of list? True
2024-03-18 01:22:17,038 is input_dict is instance of dict? True
2024-03-18 01:22:18,050 Model Called
2024-03-18 01:22:18,051 RAM memory 67.7 used for Packing_List_6_page_0.png:
2024-03-18 01:22:18,051 is all_predictions is instance of list? True
2024-03-18 01:22:18,051 is all_boxes is instance of list? True
2024-03-18 01:22:18,051 is all_confidences is instance of list? True
2024-03-18 01:22:18,051 is all_text is instance of list? True
2024-03-18 01:22:18,051 is label2id is instance of dict? True
2024-03-18 01:22:18,051 is id2label is instance of dict? True
2024-03-18 01:22:18,052 is label2color is instance of dict? True
2024-03-18 01:22:18,052 label2color : {'track_reference': '#9B18C8', 'vessel_name': '#5965A0', 'transaction_amount_value': '#F805F1', 'lc_ref_no': '#D78CE2', 'invoice_currency': '#020592', 'bill_of_lading_date': '#386FB5', 'net_weight': '#A3EC07', 'awb_date': '#911438', 'date_of_invoice': '#91C719', 'port_of_discharge': '#8A0CD1', 'original_copy': '#E75278', 'shipper_address': '#710F18', 'rate_per_unit': '#C95AC9', 'invoice_no': '#068949', 'signature': '#4CE1C4', 'consignee_address': '#609490', 'incoterm': '#B7A818', 'country_of_final_destination': '#51F59C', 'description_of_goods': '#99617E', 'total_quantity_of_goods': '#AF3DA4', 'shipper_name': '#14E045', 'bill_of_lading_number': '#25909E', 'transaction_currency': '#85D658', 'iec_no': '#15B420', 'gross_weight': '#677810', 'vessel_flight_no': '#8504E1', 'transaction_date': '#780CA4', 'lc_date': '#250217', 'consignee_name': '#677951', 'stamp': '#944F28', 'invoice_amount': '#CEE41B', 'dimension': '#C1126D', 'O': '#6586D2', 'consignor_name': '#51C1A1', 'notify_party_name': '#CB6795', 'beneficiary_drawer_exporter_seller_supplier_name': '#148718', 'pre_carriage_by': '#E7F852', 'consignor_address': '#BF4C8D', 'declaration': '#AF50F3', 'beneficiary_drawer_exporter_seller_supplier_tin_no': '#43FFDA', 'country_of_origin_origin_of_goods': '#39BFB7', 'awb_number': '#BA8DB4', 'beneficiary_address': '#78D0A9', 'remitter_address': '#508CBB', 'page_no': '#7A0404', 'remitter_drawee_applicant_importer_buyer_name': '#17AD0D', 'port_of_loading': '#7CF015', 'notify_party_address': '#6B9D64', 'payment_terms_terms_of_delivery_&_payment': '#D8F791'}
2024-03-18 01:22:18,191 is result_set is instance of dict? True
2024-03-18 01:22:18,192 is final_result_set is instance of dict? True
2024-03-18 01:22:18,325 Time taken for page 1 of Packing_List_6_page_0.png:0:00:01.535636
2024-03-18 01:22:18,430 *****Generated All Pages****** for Packing_List_6_page_0.png
2024-03-18 01:22:18,430 RAM memory 67.7 used for Packing_List_6_page_0.png Generating All Pages:
2024-03-18 01:22:18,430 Processing time taken for all pages of Packing_List_6_page_0.png1:0:00:01.651125
2024-03-18 01:22:18,552 file name is:Packing_List_55_page_1.png
2024-03-18 01:22:18,552 folder path :Images
2024-03-18 01:22:18,552 Calling Image result
2024-03-18 01:22:18,552 is all_page_result is instance of dict? True
2024-03-18 01:22:18,563 STREAM b'IHDR' 16 13
2024-03-18 01:22:18,563 STREAM b'IDAT' 41 44319
2024-03-18 01:22:18,591 is words is instance of list? True
2024-03-18 01:22:18,591 is bboxes is instance of list? True
2024-03-18 01:22:18,591 is bounding_boxes is instance of list? True
2024-03-18 01:22:18,823 is input_id_chunks is instance of list? True
2024-03-18 01:22:18,824 is mask_chunks is instance of list? True
2024-03-18 01:22:18,824 is bbox_chunks is instance of list? True
2024-03-18 01:22:18,824 is image_chunks is instance of list? True
2024-03-18 01:22:18,824 is input_dict is instance of dict? True
2024-03-18 01:22:19,842 Model Called
2024-03-18 01:22:19,843 RAM memory 67.6 used for Packing_List_55_page_1.png:
2024-03-18 01:22:19,843 is all_predictions is instance of list? True
2024-03-18 01:22:19,843 is all_boxes is instance of list? True
2024-03-18 01:22:19,843 is all_confidences is instance of list? True
2024-03-18 01:22:19,843 is all_text is instance of list? True
2024-03-18 01:22:19,843 is label2id is instance of dict? True
2024-03-18 01:22:19,843 is id2label is instance of dict? True
2024-03-18 01:22:19,844 is label2color is instance of dict? True
2024-03-18 01:22:19,844 label2color : {'track_reference': '#F12506', 'vessel_name': '#E89512', 'transaction_amount_value': '#54AF42', 'lc_ref_no': '#C4BAB0', 'invoice_currency': '#F63F05', 'bill_of_lading_date': '#3126F1', 'net_weight': '#CF1CD3', 'awb_date': '#1BEAC5', 'date_of_invoice': '#0B1DDF', 'port_of_discharge': '#6BB3B1', 'original_copy': '#62A387', 'shipper_address': '#532CCA', 'rate_per_unit': '#F80942', 'invoice_no': '#73C421', 'signature': '#93C5AB', 'consignee_address': '#FC1243', 'incoterm': '#79CE06', 'country_of_final_destination': '#699BDB', 'description_of_goods': '#169A5D', 'total_quantity_of_goods': '#B4D346', 'shipper_name': '#E1304B', 'bill_of_lading_number': '#1DBE54', 'transaction_currency': '#7876AC', 'iec_no': '#251172', 'gross_weight': '#34C55D', 'vessel_flight_no': '#1862D7', 'transaction_date': '#F93BFF', 'lc_date': '#1558F0', 'consignee_name': '#2B9281', 'stamp': '#6C2C9C', 'invoice_amount': '#C084B2', 'dimension': '#D6D0A4', 'O': '#401943', 'consignor_name': '#8F75AA', 'notify_party_name': '#DB9564', 'beneficiary_drawer_exporter_seller_supplier_name': '#4F9893', 'pre_carriage_by': '#8D7C36', 'consignor_address': '#B61014', 'declaration': '#59BF68', 'beneficiary_drawer_exporter_seller_supplier_tin_no': '#22FC89', 'country_of_origin_origin_of_goods': '#8BAE0B', 'awb_number': '#1EBAC7', 'beneficiary_address': '#98BD6C', 'remitter_address': '#19F133', 'page_no': '#FEEF03', 'remitter_drawee_applicant_importer_buyer_name': '#A821E2', 'port_of_loading': '#B207A4', 'notify_party_address': '#0964F8', 'payment_terms_terms_of_delivery_&_payment': '#E02269'}
2024-03-18 01:22:19,966 is result_set is instance of dict? True
2024-03-18 01:22:19,967 is final_result_set is instance of dict? True
2024-03-18 01:22:20,051 Time taken for page 1 of Packing_List_55_page_1.png:0:00:01.487801
2024-03-18 01:22:20,157 *****Generated All Pages****** for Packing_List_55_page_1.png
2024-03-18 01:22:20,157 RAM memory 67.6 used for Packing_List_55_page_1.png Generating All Pages:
2024-03-18 01:22:20,157 Processing time taken for all pages of Packing_List_55_page_1.png1:0:00:01.605119
2024-03-18 01:22:20,269 file name is:Packing_List_38_page_0.png
2024-03-18 01:22:20,269 folder path :Images
2024-03-18 01:22:20,269 Calling Image result
2024-03-18 01:22:20,269 is all_page_result is instance of dict? True
2024-03-18 01:22:20,280 STREAM b'IHDR' 16 13
2024-03-18 01:22:20,280 STREAM b'IDAT' 41 65536
2024-03-18 01:22:20,342 is words is instance of list? True
2024-03-18 01:22:20,342 is bboxes is instance of list? True
2024-03-18 01:22:20,342 is bounding_boxes is instance of list? True
2024-03-18 01:22:20,914 is input_id_chunks is instance of list? True
2024-03-18 01:22:20,914 is mask_chunks is instance of list? True
2024-03-18 01:22:20,914 is bbox_chunks is instance of list? True
2024-03-18 01:22:20,914 is image_chunks is instance of list? True
2024-03-18 01:22:20,915 is input_dict is instance of dict? True
2024-03-18 01:22:22,811 Model Called
2024-03-18 01:22:22,811 RAM memory 70.2 used for Packing_List_38_page_0.png:
2024-03-18 01:22:22,812 is all_predictions is instance of list? True
2024-03-18 01:22:22,812 is all_boxes is instance of list? True
2024-03-18 01:22:22,812 is all_confidences is instance of list? True
2024-03-18 01:22:22,812 is all_text is instance of list? True
2024-03-18 01:22:22,812 is label2id is instance of dict? True
2024-03-18 01:22:22,812 is id2label is instance of dict? True
2024-03-18 01:22:22,814 is label2color is instance of dict? True
2024-03-18 01:22:22,814 label2color : {'track_reference': '#98E0BD', 'vessel_name': '#2A7BB7', 'transaction_amount_value': '#D285DD', 'lc_ref_no': '#A938C0', 'invoice_currency': '#7A4A51', 'bill_of_lading_date': '#5D9D0B', 'net_weight': '#A14CF8', 'awb_date': '#A4903C', 'date_of_invoice': '#C0B984', 'port_of_discharge': '#E1C0D3', 'original_copy': '#1CABD8', 'shipper_address': '#05689B', 'rate_per_unit': '#010C22', 'invoice_no': '#62A2E0', 'signature': '#AA7E25', 'consignee_address': '#592EE7', 'incoterm': '#09D659', 'country_of_final_destination': '#797705', 'description_of_goods': '#F0BAC1', 'total_quantity_of_goods': '#B9CC91', 'shipper_name': '#8E17EE', 'bill_of_lading_number': '#0A6A8C', 'transaction_currency': '#71ABFC', 'iec_no': '#705136', 'gross_weight': '#41E8A8', 'vessel_flight_no': '#76AE50', 'transaction_date': '#055CAD', 'lc_date': '#25FB35', 'consignee_name': '#FE52AB', 'stamp': '#937026', 'invoice_amount': '#305276', 'dimension': '#CE5615', 'O': '#3FB484', 'consignor_name': '#41BFAA', 'notify_party_name': '#04EC05', 'beneficiary_drawer_exporter_seller_supplier_name': '#475225', 'pre_carriage_by': '#05C482', 'consignor_address': '#EFA9AC', 'declaration': '#AD2379', 'beneficiary_drawer_exporter_seller_supplier_tin_no': '#47D0DE', 'country_of_origin_origin_of_goods': '#7DB881', 'awb_number': '#2FB04F', 'beneficiary_address': '#D47FDB', 'remitter_address': '#B752BB', 'page_no': '#171E0D', 'remitter_drawee_applicant_importer_buyer_name': '#324369', 'port_of_loading': '#EF9B5C', 'notify_party_address': '#D85F97', 'payment_terms_terms_of_delivery_&_payment': '#8DD7CA'}
2024-03-18 01:22:23,227 is result_set is instance of dict? True
2024-03-18 01:22:23,228 is final_result_set is instance of dict? True
2024-03-18 01:22:23,340 Time taken for page 1 of Packing_List_38_page_0.png:0:00:03.059479
2024-03-18 01:22:23,596 *****Generated All Pages****** for Packing_List_38_page_0.png
2024-03-18 01:22:23,596 RAM memory 70.6 used for Packing_List_38_page_0.png Generating All Pages:
2024-03-18 01:22:23,596 Processing time taken for all pages of Packing_List_38_page_0.png1:0:00:03.326754
2024-03-18 01:22:23,713 file name is:Packing_List_21_page_2.png
2024-03-18 01:22:23,713 folder path :Images
2024-03-18 01:22:23,714 Calling Image result
2024-03-18 01:22:23,714 is all_page_result is instance of dict? True
2024-03-18 01:22:23,724 STREAM b'IHDR' 16 13
2024-03-18 01:22:23,724 STREAM b'IDAT' 41 36333
2024-03-18 01:22:23,761 is words is instance of list? True
2024-03-18 01:22:23,761 is bboxes is instance of list? True
2024-03-18 01:22:23,761 is bounding_boxes is instance of list? True
2024-03-18 01:22:23,967 is input_id_chunks is instance of list? True
2024-03-18 01:22:23,967 is mask_chunks is instance of list? True
2024-03-18 01:22:23,967 is bbox_chunks is instance of list? True
2024-03-18 01:22:23,967 is image_chunks is instance of list? True
2024-03-18 01:22:23,967 is input_dict is instance of dict? True
2024-03-18 01:22:25,975 Model Called
2024-03-18 01:22:25,976 RAM memory 69.3 used for Packing_List_21_page_2.png:
2024-03-18 01:22:25,976 is all_predictions is instance of list? True
2024-03-18 01:22:25,976 is all_boxes is instance of list? True
2024-03-18 01:22:25,976 is all_confidences is instance of list? True
2024-03-18 01:22:25,976 is all_text is instance of list? True
2024-03-18 01:22:25,976 is label2id is instance of dict? True
2024-03-18 01:22:25,976 is id2label is instance of dict? True
2024-03-18 01:22:25,977 is label2color is instance of dict? True
2024-03-18 01:22:25,977 label2color : {'track_reference': '#935839', 'vessel_name': '#AE5242', 'transaction_amount_value': '#924A47', 'lc_ref_no': '#47B036', 'invoice_currency': '#A6666E', 'bill_of_lading_date': '#0B9B6A', 'net_weight': '#61B2D9', 'awb_date': '#BBF305', 'date_of_invoice': '#ADE7F7', 'port_of_discharge': '#BB8A9D', 'original_copy': '#DD436F', 'shipper_address': '#1DBCF0', 'rate_per_unit': '#4FFC82', 'invoice_no': '#F2A252', 'signature': '#FBAFFD', 'consignee_address': '#55EE7B', 'incoterm': '#2FFFD3', 'country_of_final_destination': '#CA543A', 'description_of_goods': '#C1B844', 'total_quantity_of_goods': '#E95C7F', 'shipper_name': '#FE6B28', 'bill_of_lading_number': '#6A9A11', 'transaction_currency': '#3F0EDF', 'iec_no': '#2D4CF6', 'gross_weight': '#0D46B9', 'vessel_flight_no': '#A0D85E', 'transaction_date': '#F11A0D', 'lc_date': '#5DA42B', 'consignee_name': '#C8E310', 'stamp': '#1EA81E', 'invoice_amount': '#C95FFC', 'dimension': '#DC3335', 'O': '#AEAD8A', 'consignor_name': '#5FCE49', 'notify_party_name': '#9D807C', 'beneficiary_drawer_exporter_seller_supplier_name': '#F13C3B', 'pre_carriage_by': '#7AC65A', 'consignor_address': '#25C24A', 'declaration': '#9ECAFC', 'beneficiary_drawer_exporter_seller_supplier_tin_no': '#47FC4F', 'country_of_origin_origin_of_goods': '#8FA2A2', 'awb_number': '#4DB414', 'beneficiary_address': '#B0A48D', 'remitter_address': '#729FC4', 'page_no': '#B11132', 'remitter_drawee_applicant_importer_buyer_name': '#9A0817', 'port_of_loading': '#3C44ED', 'notify_party_address': '#6B4EB3', 'payment_terms_terms_of_delivery_&_payment': '#B15D2D'}
2024-03-18 01:22:26,169 is result_set is instance of dict? True
2024-03-18 01:22:26,169 is final_result_set is instance of dict? True
2024-03-18 01:22:26,309 Time taken for page 1 of Packing_List_21_page_2.png:0:00:02.585303
2024-03-18 01:22:26,420 *****Generated All Pages****** for Packing_List_21_page_2.png
2024-03-18 01:22:26,420 RAM memory 69.3 used for Packing_List_21_page_2.png Generating All Pages:
2024-03-18 01:22:26,420 Processing time taken for all pages of Packing_List_21_page_2.png1:0:00:02.706427
2024-03-18 01:22:26,542 file name is:Packing_List_31_page_0.png
2024-03-18 01:22:26,542 folder path :Images
2024-03-18 01:22:26,542 Calling Image result
2024-03-18 01:22:26,542 is all_page_result is instance of dict? True
2024-03-18 01:22:26,552 STREAM b'IHDR' 16 13
2024-03-18 01:22:26,553 STREAM b'IDAT' 41 27130
2024-03-18 01:22:26,580 is words is instance of list? True
2024-03-18 01:22:26,580 is bboxes is instance of list? True
2024-03-18 01:22:26,580 is bounding_boxes is instance of list? True
2024-03-18 01:22:26,789 is input_id_chunks is instance of list? True
2024-03-18 01:22:26,789 is mask_chunks is instance of list? True
2024-03-18 01:22:26,789 is bbox_chunks is instance of list? True
2024-03-18 01:22:26,789 is image_chunks is instance of list? True
2024-03-18 01:22:26,790 is input_dict is instance of dict? True
2024-03-18 01:22:27,802 Model Called
2024-03-18 01:22:27,803 RAM memory 67.5 used for Packing_List_31_page_0.png:
2024-03-18 01:22:27,803 is all_predictions is instance of list? True
2024-03-18 01:22:27,803 is all_boxes is instance of list? True
2024-03-18 01:22:27,803 is all_confidences is instance of list? True
2024-03-18 01:22:27,803 is all_text is instance of list? True
2024-03-18 01:22:27,803 is label2id is instance of dict? True
2024-03-18 01:22:27,803 is id2label is instance of dict? True
2024-03-18 01:22:27,804 is label2color is instance of dict? True
2024-03-18 01:22:27,804 label2color : {'track_reference': '#CC89CD', 'vessel_name': '#96E095', 'transaction_amount_value': '#4D4A40', 'lc_ref_no': '#9254FC', 'invoice_currency': '#D07EF9', 'bill_of_lading_date': '#0D84E2', 'net_weight': '#39D6A0', 'awb_date': '#BB01AE', 'date_of_invoice': '#1E4514', 'port_of_discharge': '#FC52FF', 'original_copy': '#D164FA', 'shipper_address': '#C97F78', 'rate_per_unit': '#3728DB', 'invoice_no': '#EFF2A1', 'signature': '#D8BF94', 'consignee_address': '#5417EE', 'incoterm': '#F223DD', 'country_of_final_destination': '#0B64F9', 'description_of_goods': '#FAB759', 'total_quantity_of_goods': '#05FE8E', 'shipper_name': '#991621', 'bill_of_lading_number': '#CC8E1C', 'transaction_currency': '#76F8D4', 'iec_no': '#C1D8BB', 'gross_weight': '#3B20D1', 'vessel_flight_no': '#9AEA92', 'transaction_date': '#C03705', 'lc_date': '#F9CEEA', 'consignee_name': '#B5582C', 'stamp': '#DE6AAE', 'invoice_amount': '#2A0EC2', 'dimension': '#BF24E6', 'O': '#448120', 'consignor_name': '#13C64E', 'notify_party_name': '#701A54', 'beneficiary_drawer_exporter_seller_supplier_name': '#8BDB91', 'pre_carriage_by': '#58738F', 'consignor_address': '#20B633', 'declaration': '#4838E9', 'beneficiary_drawer_exporter_seller_supplier_tin_no': '#0B9B35', 'country_of_origin_origin_of_goods': '#07F6AA', 'awb_number': '#F3B9BA', 'beneficiary_address': '#DD8E59', 'remitter_address': '#CE4A0B', 'page_no': '#8151CD', 'remitter_drawee_applicant_importer_buyer_name': '#BFBC16', 'port_of_loading': '#849EE7', 'notify_party_address': '#BC9322', 'payment_terms_terms_of_delivery_&_payment': '#A11B4A'}
2024-03-18 01:22:27,944 is result_set is instance of dict? True
2024-03-18 01:22:27,945 is final_result_set is instance of dict? True
2024-03-18 01:22:28,086 Time taken for page 1 of Packing_List_31_page_0.png:0:00:01.532927
2024-03-18 01:22:28,181 *****Generated All Pages****** for Packing_List_31_page_0.png
2024-03-18 01:22:28,181 RAM memory 67.5 used for Packing_List_31_page_0.png Generating All Pages:
2024-03-18 01:22:28,181 Processing time taken for all pages of Packing_List_31_page_0.png1:0:00:01.639254
2024-03-18 01:22:28,294 file name is:Packing_List(2013_04_15_16_20_53_5835)_346_page_12.png
2024-03-18 01:22:28,294 folder path :Images
2024-03-18 01:22:28,294 Calling Image result
2024-03-18 01:22:28,294 is all_page_result is instance of dict? True
2024-03-18 01:22:28,305 STREAM b'IHDR' 16 13
2024-03-18 01:22:28,305 STREAM b'IDAT' 41 34354
2024-03-18 01:22:28,323 is words is instance of list? True
2024-03-18 01:22:28,323 is bboxes is instance of list? True
2024-03-18 01:22:28,323 is bounding_boxes is instance of list? True
2024-03-18 01:22:28,441 is input_id_chunks is instance of list? True
2024-03-18 01:22:28,441 is mask_chunks is instance of list? True
2024-03-18 01:22:28,441 is bbox_chunks is instance of list? True
2024-03-18 01:22:28,441 is image_chunks is instance of list? True
2024-03-18 01:22:28,442 is input_dict is instance of dict? True
2024-03-18 01:22:30,463 Model Called
2024-03-18 01:22:30,464 RAM memory 69.2 used for Packing_List(2013_04_15_16_20_53_5835)_346_page_12.png:
2024-03-18 01:22:30,464 is all_predictions is instance of list? True
2024-03-18 01:22:30,464 is all_boxes is instance of list? True
2024-03-18 01:22:30,464 is all_confidences is instance of list? True
2024-03-18 01:22:30,464 is all_text is instance of list? True
2024-03-18 01:22:30,464 is label2id is instance of dict? True
2024-03-18 01:22:30,464 is id2label is instance of dict? True
2024-03-18 01:22:30,465 is label2color is instance of dict? True
2024-03-18 01:22:30,465 label2color : {'track_reference': '#D848DF', 'vessel_name': '#63EE6B', 'transaction_amount_value': '#CC0421', 'lc_ref_no': '#E8F04F', 'invoice_currency': '#401E90', 'bill_of_lading_date': '#87D3B2', 'net_weight': '#668B20', 'awb_date': '#728BB7', 'date_of_invoice': '#7FDA62', 'port_of_discharge': '#864BAD', 'original_copy': '#81F5A5', 'shipper_address': '#6860E4', 'rate_per_unit': '#394B9F', 'invoice_no': '#83E4E4', 'signature': '#8DBD85', 'consignee_address': '#6F8FC8', 'incoterm': '#F74716', 'country_of_final_destination': '#A5EE09', 'description_of_goods': '#51F3F5', 'total_quantity_of_goods': '#4AF663', 'shipper_name': '#E2D856', 'bill_of_lading_number': '#9685CB', 'transaction_currency': '#72B339', 'iec_no': '#2F4845', 'gross_weight': '#23060F', 'vessel_flight_no': '#C93D93', 'transaction_date': '#5036D2', 'lc_date': '#6060DC', 'consignee_name': '#0F8108', 'stamp': '#6D7115', 'invoice_amount': '#8A2264', 'dimension': '#70D543', 'O': '#CB296B', 'consignor_name': '#4389FC', 'notify_party_name': '#0AA099', 'beneficiary_drawer_exporter_seller_supplier_name': '#2EAB86', 'pre_carriage_by': '#5AEF28', 'consignor_address': '#F139F2', 'declaration': '#4B7F3C', 'beneficiary_drawer_exporter_seller_supplier_tin_no': '#D3CC6C', 'country_of_origin_origin_of_goods': '#7D5AD9', 'awb_number': '#30FC9C', 'beneficiary_address': '#D6B1FC', 'remitter_address': '#C4A3C7', 'page_no': '#97A804', 'remitter_drawee_applicant_importer_buyer_name': '#1DD952', 'port_of_loading': '#10B5D1', 'notify_party_address': '#768E0B', 'payment_terms_terms_of_delivery_&_payment': '#FC3EA3'}
2024-03-18 01:22:30,577 is result_set is instance of dict? True
2024-03-18 01:22:30,578 is final_result_set is instance of dict? True
2024-03-18 01:22:30,682 Time taken for page 1 of Packing_List(2013_04_15_16_20_53_5835)_346_page_12.png:0:00:02.376783
2024-03-18 01:22:30,753 *****Generated All Pages****** for Packing_List(2013_04_15_16_20_53_5835)_346_page_12.png
2024-03-18 01:22:30,753 RAM memory 69.2 used for Packing_List(2013_04_15_16_20_53_5835)_346_page_12.png Generating All Pages:
2024-03-18 01:22:30,753 Processing time taken for all pages of Packing_List(2013_04_15_16_20_53_5835)_346_page_12.png1:0:00:02.459041
2024-03-18 01:22:30,874 file name is:Packing_List_52_page_0.png
2024-03-18 01:22:30,875 folder path :Images
2024-03-18 01:22:30,875 Calling Image result
2024-03-18 01:22:30,875 is all_page_result is instance of dict? True
2024-03-18 01:22:30,885 STREAM b'IHDR' 16 13
2024-03-18 01:22:30,885 STREAM b'IDAT' 41 28814
2024-03-18 01:22:30,912 is words is instance of list? True
2024-03-18 01:22:30,913 is bboxes is instance of list? True
2024-03-18 01:22:30,913 is bounding_boxes is instance of list? True
2024-03-18 01:22:31,120 is input_id_chunks is instance of list? True
2024-03-18 01:22:31,120 is mask_chunks is instance of list? True
2024-03-18 01:22:31,120 is bbox_chunks is instance of list? True
2024-03-18 01:22:31,120 is image_chunks is instance of list? True
2024-03-18 01:22:31,121 is input_dict is instance of dict? True
2024-03-18 01:22:32,236 Model Called
2024-03-18 01:22:32,236 RAM memory 67.6 used for Packing_List_52_page_0.png:
2024-03-18 01:22:32,236 is all_predictions is instance of list? True
2024-03-18 01:22:32,236 is all_boxes is instance of list? True
2024-03-18 01:22:32,236 is all_confidences is instance of list? True
2024-03-18 01:22:32,236 is all_text is instance of list? True
2024-03-18 01:22:32,236 is label2id is instance of dict? True
2024-03-18 01:22:32,237 is id2label is instance of dict? True
2024-03-18 01:22:32,237 is label2color is instance of dict? True
2024-03-18 01:22:32,237 label2color : {'track_reference': '#71D254', 'vessel_name': '#6C05A9', 'transaction_amount_value': '#971568', 'lc_ref_no': '#804B77', 'invoice_currency': '#A6BE1A', 'bill_of_lading_date': '#48A853', 'net_weight': '#FE20EB', 'awb_date': '#874DB5', 'date_of_invoice': '#32F2BB', 'port_of_discharge': '#F4F6D1', 'original_copy': '#FBFE81', 'shipper_address': '#C7E0A5', 'rate_per_unit': '#7900D1', 'invoice_no': '#F54DD1', 'signature': '#426942', 'consignee_address': '#8492DF', 'incoterm': '#A470BF', 'country_of_final_destination': '#42E36D', 'description_of_goods': '#52B786', 'total_quantity_of_goods': '#4AF142', 'shipper_name': '#517D82', 'bill_of_lading_number': '#2741D3', 'transaction_currency': '#F06C13', 'iec_no': '#F6CB57', 'gross_weight': '#2CD60C', 'vessel_flight_no': '#C8E37E', 'transaction_date': '#5FAFCE', 'lc_date': '#9683C7', 'consignee_name': '#A41A14', 'stamp': '#F13B62', 'invoice_amount': '#69DC15', 'dimension': '#5986C5', 'O': '#B564A5', 'consignor_name': '#3CE251', 'notify_party_name': '#A602DF', 'beneficiary_drawer_exporter_seller_supplier_name': '#C11482', 'pre_carriage_by': '#A6E1DD', 'consignor_address': '#20BFFE', 'declaration': '#A91A74', 'beneficiary_drawer_exporter_seller_supplier_tin_no': '#761095', 'country_of_origin_origin_of_goods': '#3FEE16', 'awb_number': '#EF0DC3', 'beneficiary_address': '#3BB567', 'remitter_address': '#C36A00', 'page_no': '#BF6BA6', 'remitter_drawee_applicant_importer_buyer_name': '#5F3590', 'port_of_loading': '#84D99A', 'notify_party_address': '#56BA1D', 'payment_terms_terms_of_delivery_&_payment': '#0D5110'}
2024-03-18 01:22:32,361 is result_set is instance of dict? True
2024-03-18 01:22:32,362 is final_result_set is instance of dict? True
2024-03-18 01:22:32,448 Time taken for page 1 of Packing_List_52_page_0.png:0:00:01.562596
2024-03-18 01:22:32,545 *****Generated All Pages****** for Packing_List_52_page_0.png
2024-03-18 01:22:32,545 RAM memory 67.6 used for Packing_List_52_page_0.png Generating All Pages:
2024-03-18 01:22:32,545 Processing time taken for all pages of Packing_List_52_page_0.png1:0:00:01.670677
2024-03-18 01:22:32,680 file name is:Packing_List_52_page_1.png
2024-03-18 01:22:32,680 folder path :Images
2024-03-18 01:22:32,680 Calling Image result
2024-03-18 01:22:32,680 is all_page_result is instance of dict? True
2024-03-18 01:22:32,681 STREAM b'IHDR' 16 13
2024-03-18 01:22:32,681 STREAM b'IDAT' 41 29428
2024-03-18 01:22:32,712 is words is instance of list? True
2024-03-18 01:22:32,713 is bboxes is instance of list? True
2024-03-18 01:22:32,713 is bounding_boxes is instance of list? True
2024-03-18 01:22:32,968 is input_id_chunks is instance of list? True
2024-03-18 01:22:32,968 is mask_chunks is instance of list? True
2024-03-18 01:22:32,968 is bbox_chunks is instance of list? True
2024-03-18 01:22:32,968 is image_chunks is instance of list? True
2024-03-18 01:22:32,968 is input_dict is instance of dict? True
2024-03-18 01:22:34,114 Model Called
2024-03-18 01:22:34,115 RAM memory 67.8 used for Packing_List_52_page_1.png:
2024-03-18 01:22:34,115 is all_predictions is instance of list? True
2024-03-18 01:22:34,115 is all_boxes is instance of list? True
2024-03-18 01:22:34,115 is all_confidences is instance of list? True
2024-03-18 01:22:34,115 is all_text is instance of list? True
2024-03-18 01:22:34,115 is label2id is instance of dict? True
2024-03-18 01:22:34,115 is id2label is instance of dict? True
2024-03-18 01:22:34,116 is label2color is instance of dict? True
2024-03-18 01:22:34,116 label2color : {'track_reference': '#16B2D1', 'vessel_name': '#05AD03', 'transaction_amount_value': '#0FD007', 'lc_ref_no': '#A13956', 'invoice_currency': '#281970', 'bill_of_lading_date': '#15C0DA', 'net_weight': '#AA29C8', 'awb_date': '#28B037', 'date_of_invoice': '#2A543D', 'port_of_discharge': '#10301F', 'original_copy': '#D15BD2', 'shipper_address': '#072EC1', 'rate_per_unit': '#43B30E', 'invoice_no': '#36AE14', 'signature': '#CA7C9D', 'consignee_address': '#778355', 'incoterm': '#A38A24', 'country_of_final_destination': '#03EB1E', 'description_of_goods': '#6B139E', 'total_quantity_of_goods': '#6BB22D', 'shipper_name': '#961DF1', 'bill_of_lading_number': '#EAA521', 'transaction_currency': '#99A2B4', 'iec_no': '#A44DD4', 'gross_weight': '#4C6B1B', 'vessel_flight_no': '#71E0C0', 'transaction_date': '#8F452D', 'lc_date': '#434D92', 'consignee_name': '#17EF5B', 'stamp': '#C90A43', 'invoice_amount': '#BA4F7F', 'dimension': '#804B90', 'O': '#2F13B1', 'consignor_name': '#F53A7E', 'notify_party_name': '#D05709', 'beneficiary_drawer_exporter_seller_supplier_name': '#0CDE7F', 'pre_carriage_by': '#37839E', 'consignor_address': '#CB5579', 'declaration': '#0CCD47', 'beneficiary_drawer_exporter_seller_supplier_tin_no': '#F92E6E', 'country_of_origin_origin_of_goods': '#64ACA3', 'awb_number': '#8D6682', 'beneficiary_address': '#96038D', 'remitter_address': '#134CDC', 'page_no': '#33877F', 'remitter_drawee_applicant_importer_buyer_name': '#6558AC', 'port_of_loading': '#5AC03A', 'notify_party_address': '#6E0F45', 'payment_terms_terms_of_delivery_&_payment': '#83793A'}
2024-03-18 01:22:34,249 is result_set is instance of dict? True
2024-03-18 01:22:34,250 is final_result_set is instance of dict? True
2024-03-18 01:22:34,331 Time taken for page 1 of Packing_List_52_page_1.png:0:00:01.650116
2024-03-18 01:22:34,430 *****Generated All Pages****** for Packing_List_52_page_1.png
2024-03-18 01:22:34,430 RAM memory 67.8 used for Packing_List_52_page_1.png Generating All Pages:
2024-03-18 01:22:34,430 Processing time taken for all pages of Packing_List_52_page_1.png1:0:00:01.749876
2024-03-18 01:22:34,558 file name is:Packing_List_42_page_0.png
2024-03-18 01:22:34,558 folder path :Images
2024-03-18 01:22:34,558 Calling Image result
2024-03-18 01:22:34,558 is all_page_result is instance of dict? True
2024-03-18 01:22:34,569 STREAM b'IHDR' 16 13
2024-03-18 01:22:34,569 STREAM b'IDAT' 41 19738
2024-03-18 01:22:34,579 is words is instance of list? True
2024-03-18 01:22:34,580 is bboxes is instance of list? True
2024-03-18 01:22:34,580 is bounding_boxes is instance of list? True
2024-03-18 01:22:34,641 is input_id_chunks is instance of list? True
2024-03-18 01:22:34,641 is mask_chunks is instance of list? True
2024-03-18 01:22:34,641 is bbox_chunks is instance of list? True
2024-03-18 01:22:34,641 is image_chunks is instance of list? True
2024-03-18 01:22:34,641 is input_dict is instance of dict? True
2024-03-18 01:22:35,672 Model Called
2024-03-18 01:22:35,672 RAM memory 67.9 used for Packing_List_42_page_0.png:
2024-03-18 01:22:35,672 is all_predictions is instance of list? True
2024-03-18 01:22:35,672 is all_boxes is instance of list? True
2024-03-18 01:22:35,672 is all_confidences is instance of list? True
2024-03-18 01:22:35,672 is all_text is instance of list? True
2024-03-18 01:22:35,673 is label2id is instance of dict? True
2024-03-18 01:22:35,673 is id2label is instance of dict? True
2024-03-18 01:22:35,674 is label2color is instance of dict? True
2024-03-18 01:22:35,674 label2color : {'track_reference': '#1CE29A', 'vessel_name': '#66E3C6', 'transaction_amount_value': '#4000CB', 'lc_ref_no': '#088679', 'invoice_currency': '#5BD62D', 'bill_of_lading_date': '#9BED41', 'net_weight': '#82BC19', 'awb_date': '#D81503', 'date_of_invoice': '#853AA1', 'port_of_discharge': '#E85F6B', 'original_copy': '#7CA8CA', 'shipper_address': '#EFB348', 'rate_per_unit': '#40F3B1', 'invoice_no': '#8F1164', 'signature': '#C54979', 'consignee_address': '#D89B78', 'incoterm': '#A925D8', 'country_of_final_destination': '#7EF773', 'description_of_goods': '#099B05', 'total_quantity_of_goods': '#407CC5', 'shipper_name': '#7D2C84', 'bill_of_lading_number': '#FAC75B', 'transaction_currency': '#1EAD8F', 'iec_no': '#507583', 'gross_weight': '#C35CA9', 'vessel_flight_no': '#3D8AD5', 'transaction_date': '#CB4A69', 'lc_date': '#203538', 'consignee_name': '#00AEDF', 'stamp': '#E5FA54', 'invoice_amount': '#E52404', 'dimension': '#E9FBDB', 'O': '#F66B3D', 'consignor_name': '#DEC0A3', 'notify_party_name': '#F0CE25', 'beneficiary_drawer_exporter_seller_supplier_name': '#BC7D95', 'pre_carriage_by': '#667C79', 'consignor_address': '#B89F85', 'declaration': '#837F8C', 'beneficiary_drawer_exporter_seller_supplier_tin_no': '#FF76FA', 'country_of_origin_origin_of_goods': '#3B50FE', 'awb_number': '#A10689', 'beneficiary_address': '#6B45C3', 'remitter_address': '#07C555', 'page_no': '#C6A105', 'remitter_drawee_applicant_importer_buyer_name': '#434E3C', 'port_of_loading': '#F11566', 'notify_party_address': '#7AB3E4', 'payment_terms_terms_of_delivery_&_payment': '#84E611'}
2024-03-18 01:22:35,735 is result_set is instance of dict? True
2024-03-18 01:22:35,736 is final_result_set is instance of dict? True
2024-03-18 01:22:35,828 Time taken for page 1 of Packing_List_42_page_0.png:0:00:01.258718
2024-03-18 01:22:35,871 *****Generated All Pages****** for Packing_List_42_page_0.png
2024-03-18 01:22:35,872 RAM memory 67.8 used for Packing_List_42_page_0.png Generating All Pages:
2024-03-18 01:22:35,872 Processing time taken for all pages of Packing_List_42_page_0.png1:0:00:01.313673
2024-03-18 01:22:35,992 file name is:Packing_List(2013_04_15_16_20_53_5835)_346_page_5.png
2024-03-18 01:22:35,992 folder path :Images
2024-03-18 01:22:35,992 Calling Image result
2024-03-18 01:22:35,992 is all_page_result is instance of dict? True
2024-03-18 01:22:35,992 STREAM b'IHDR' 16 13
2024-03-18 01:22:35,992 STREAM b'IDAT' 41 36406
2024-03-18 01:22:36,009 is words is instance of list? True
2024-03-18 01:22:36,009 is bboxes is instance of list? True
2024-03-18 01:22:36,009 is bounding_boxes is instance of list? True
2024-03-18 01:22:36,125 is input_id_chunks is instance of list? True
2024-03-18 01:22:36,125 is mask_chunks is instance of list? True
2024-03-18 01:22:36,125 is bbox_chunks is instance of list? True
2024-03-18 01:22:36,125 is image_chunks is instance of list? True
2024-03-18 01:22:36,126 is input_dict is instance of dict? True
2024-03-18 01:22:38,171 Model Called
2024-03-18 01:22:38,171 RAM memory 69.5 used for Packing_List(2013_04_15_16_20_53_5835)_346_page_5.png:
2024-03-18 01:22:38,171 is all_predictions is instance of list? True
2024-03-18 01:22:38,171 is all_boxes is instance of list? True
2024-03-18 01:22:38,171 is all_confidences is instance of list? True
2024-03-18 01:22:38,171 is all_text is instance of list? True
2024-03-18 01:22:38,172 is label2id is instance of dict? True
2024-03-18 01:22:38,172 is id2label is instance of dict? True
2024-03-18 01:22:38,173 is label2color is instance of dict? True
2024-03-18 01:22:38,173 label2color : {'track_reference': '#A9186F', 'vessel_name': '#75BBAC', 'transaction_amount_value': '#31766C', 'lc_ref_no': '#D676C0', 'invoice_currency': '#6C1149', 'bill_of_lading_date': '#AC8AAD', 'net_weight': '#159EA3', 'awb_date': '#DCD1A3', 'date_of_invoice': '#6A9A7C', 'port_of_discharge': '#D91B6B', 'original_copy': '#52E396', 'shipper_address': '#A1421C', 'rate_per_unit': '#161CF7', 'invoice_no': '#3E2766', 'signature': '#BDA0DC', 'consignee_address': '#68DCC3', 'incoterm': '#895B96', 'country_of_final_destination': '#370AEC', 'description_of_goods': '#F0C61E', 'total_quantity_of_goods': '#D7E62E', 'shipper_name': '#A2DFE1', 'bill_of_lading_number': '#ABFF08', 'transaction_currency': '#C440D1', 'iec_no': '#2BD47B', 'gross_weight': '#C2F096', 'vessel_flight_no': '#65758D', 'transaction_date': '#04798B', 'lc_date': '#672ECB', 'consignee_name': '#613321', 'stamp': '#379B8E', 'invoice_amount': '#2AB10E', 'dimension': '#7E3B63', 'O': '#1F0B34', 'consignor_name': '#E254C8', 'notify_party_name': '#1A60E0', 'beneficiary_drawer_exporter_seller_supplier_name': '#64C58D', 'pre_carriage_by': '#DBEF85', 'consignor_address': '#58A4EA', 'declaration': '#ADA0A1', 'beneficiary_drawer_exporter_seller_supplier_tin_no': '#A3C807', 'country_of_origin_origin_of_goods': '#2CD40A', 'awb_number': '#E24166', 'beneficiary_address': '#750F57', 'remitter_address': '#F63F46', 'page_no': '#F9E1A1', 'remitter_drawee_applicant_importer_buyer_name': '#639415', 'port_of_loading': '#C244F2', 'notify_party_address': '#599403', 'payment_terms_terms_of_delivery_&_payment': '#E75F7E'}
2024-03-18 01:22:38,287 is result_set is instance of dict? True
2024-03-18 01:22:38,288 is final_result_set is instance of dict? True
2024-03-18 01:22:38,409 Time taken for page 1 of Packing_List(2013_04_15_16_20_53_5835)_346_page_5.png:0:00:02.416060
2024-03-18 01:22:38,480 *****Generated All Pages****** for Packing_List(2013_04_15_16_20_53_5835)_346_page_5.png
2024-03-18 01:22:38,480 RAM memory 69.6 used for Packing_List(2013_04_15_16_20_53_5835)_346_page_5.png Generating All Pages:
2024-03-18 01:22:38,480 Processing time taken for all pages of Packing_List(2013_04_15_16_20_53_5835)_346_page_5.png1:0:00:02.488506
2024-03-18 01:22:38,611 file name is:Packing_List_55_page_0.png
2024-03-18 01:22:38,612 folder path :Images
2024-03-18 01:22:38,612 Calling Image result
2024-03-18 01:22:38,612 is all_page_result is instance of dict? True
2024-03-18 01:22:38,622 STREAM b'IHDR' 16 13
2024-03-18 01:22:38,622 STREAM b'IDAT' 41 42125
2024-03-18 01:22:38,650 is words is instance of list? True
2024-03-18 01:22:38,651 is bboxes is instance of list? True
2024-03-18 01:22:38,651 is bounding_boxes is instance of list? True
2024-03-18 01:22:38,857 is input_id_chunks is instance of list? True
2024-03-18 01:22:38,857 is mask_chunks is instance of list? True
2024-03-18 01:22:38,857 is bbox_chunks is instance of list? True
2024-03-18 01:22:38,857 is image_chunks is instance of list? True
2024-03-18 01:22:38,858 is input_dict is instance of dict? True
2024-03-18 01:22:39,868 Model Called
2024-03-18 01:22:39,869 RAM memory 67.8 used for Packing_List_55_page_0.png:
2024-03-18 01:22:39,869 is all_predictions is instance of list? True
2024-03-18 01:22:39,869 is all_boxes is instance of list? True
2024-03-18 01:22:39,869 is all_confidences is instance of list? True
2024-03-18 01:22:39,869 is all_text is instance of list? True
2024-03-18 01:22:39,869 is label2id is instance of dict? True
2024-03-18 01:22:39,869 is id2label is instance of dict? True
2024-03-18 01:22:39,870 is label2color is instance of dict? True
2024-03-18 01:22:39,870 label2color : {'track_reference': '#D4AB86', 'vessel_name': '#5D03C0', 'transaction_amount_value': '#0925D5', 'lc_ref_no': '#53FAB7', 'invoice_currency': '#F4CDF3', 'bill_of_lading_date': '#8A29B5', 'net_weight': '#0BF027', 'awb_date': '#86C020', 'date_of_invoice': '#00B192', 'port_of_discharge': '#036B1C', 'original_copy': '#FF06CF', 'shipper_address': '#6B5680', 'rate_per_unit': '#1562B7', 'invoice_no': '#EC65D9', 'signature': '#BBC992', 'consignee_address': '#014E0A', 'incoterm': '#94DF35', 'country_of_final_destination': '#6F2024', 'description_of_goods': '#526098', 'total_quantity_of_goods': '#6A7FDA', 'shipper_name': '#D05208', 'bill_of_lading_number': '#AF5F49', 'transaction_currency': '#C4F96B', 'iec_no': '#13B90A', 'gross_weight': '#6575C9', 'vessel_flight_no': '#43C653', 'transaction_date': '#D5D811', 'lc_date': '#ADC905', 'consignee_name': '#B6A4FC', 'stamp': '#6AF230', 'invoice_amount': '#A05D1D', 'dimension': '#876A06', 'O': '#3DB12F', 'consignor_name': '#C79000', 'notify_party_name': '#675AF4', 'beneficiary_drawer_exporter_seller_supplier_name': '#A5D5ED', 'pre_carriage_by': '#8ADB27', 'consignor_address': '#327660', 'declaration': '#E38243', 'beneficiary_drawer_exporter_seller_supplier_tin_no': '#70488E', 'country_of_origin_origin_of_goods': '#D6D6B0', 'awb_number': '#94FD7B', 'beneficiary_address': '#C88913', 'remitter_address': '#C50B68', 'page_no': '#DEBF3B', 'remitter_drawee_applicant_importer_buyer_name': '#A03186', 'port_of_loading': '#D7A4E0', 'notify_party_address': '#577C18', 'payment_terms_terms_of_delivery_&_payment': '#7C04FB'}
2024-03-18 01:22:40,010 is result_set is instance of dict? True
2024-03-18 01:22:40,011 is final_result_set is instance of dict? True
2024-03-18 01:22:40,105 Time taken for page 1 of Packing_List_55_page_0.png:0:00:01.482931
2024-03-18 01:22:40,218 *****Generated All Pages****** for Packing_List_55_page_0.png
2024-03-18 01:22:40,219 RAM memory 67.8 used for Packing_List_55_page_0.png Generating All Pages:
2024-03-18 01:22:40,219 Processing time taken for all pages of Packing_List_55_page_0.png1:0:00:01.606897
2024-03-18 01:22:40,345 file name is:Packing_List_48_page_0.png
2024-03-18 01:22:40,345 folder path :Images
2024-03-18 01:22:40,345 Calling Image result
2024-03-18 01:22:40,345 is all_page_result is instance of dict? True
2024-03-18 01:22:40,356 STREAM b'IHDR' 16 13
2024-03-18 01:22:40,356 STREAM b'IDAT' 41 65536
2024-03-18 01:22:40,389 is words is instance of list? True
2024-03-18 01:22:40,389 is bboxes is instance of list? True
2024-03-18 01:22:40,390 is bounding_boxes is instance of list? True
2024-03-18 01:22:40,613 is input_id_chunks is instance of list? True
2024-03-18 01:22:40,613 is mask_chunks is instance of list? True
2024-03-18 01:22:40,613 is bbox_chunks is instance of list? True
2024-03-18 01:22:40,613 is image_chunks is instance of list? True
2024-03-18 01:22:40,614 is input_dict is instance of dict? True
2024-03-18 01:22:44,974 Model Called
2024-03-18 01:22:44,975 RAM memory 82.9 used for Packing_List_48_page_0.png:
2024-03-18 01:22:44,975 is all_predictions is instance of list? True
2024-03-18 01:22:44,975 is all_boxes is instance of list? True
2024-03-18 01:22:44,975 is all_confidences is instance of list? True
2024-03-18 01:22:44,975 is all_text is instance of list? True
2024-03-18 01:22:44,975 is label2id is instance of dict? True
2024-03-18 01:22:44,975 is id2label is instance of dict? True
2024-03-18 01:22:44,976 is label2color is instance of dict? True
2024-03-18 01:22:44,976 label2color : {'track_reference': '#EFB9F3', 'vessel_name': '#3AB9A1', 'transaction_amount_value': '#B87D54', 'lc_ref_no': '#33DD29', 'invoice_currency': '#8D9657', 'bill_of_lading_date': '#86054C', 'net_weight': '#A37995', 'awb_date': '#F75246', 'date_of_invoice': '#A884EF', 'port_of_discharge': '#F0799C', 'original_copy': '#59A4B3', 'shipper_address': '#131EE8', 'rate_per_unit': '#4BE01A', 'invoice_no': '#ECA367', 'signature': '#832D10', 'consignee_address': '#DD85E5', 'incoterm': '#77757F', 'country_of_final_destination': '#2C3C35', 'description_of_goods': '#92CACE', 'total_quantity_of_goods': '#79D6BD', 'shipper_name': '#B7390B', 'bill_of_lading_number': '#B69D3C', 'transaction_currency': '#BDB8CF', 'iec_no': '#281AF1', 'gross_weight': '#88DBAD', 'vessel_flight_no': '#38182D', 'transaction_date': '#3DEF2C', 'lc_date': '#91B85F', 'consignee_name': '#7BB728', 'stamp': '#F4FB83', 'invoice_amount': '#BABE44', 'dimension': '#16FC2B', 'O': '#AD1027', 'consignor_name': '#74E2C7', 'notify_party_name': '#B3D4E7', 'beneficiary_drawer_exporter_seller_supplier_name': '#7A9491', 'pre_carriage_by': '#314413', 'consignor_address': '#323BBE', 'declaration': '#F74C6A', 'beneficiary_drawer_exporter_seller_supplier_tin_no': '#9EC7E0', 'country_of_origin_origin_of_goods': '#8D489A', 'awb_number': '#2CFF47', 'beneficiary_address': '#702CA8', 'remitter_address': '#6B195C', 'page_no': '#9A0E33', 'remitter_drawee_applicant_importer_buyer_name': '#8595B7', 'port_of_loading': '#AEB737', 'notify_party_address': '#B3B10D', 'payment_terms_terms_of_delivery_&_payment': '#3430FD'}
2024-03-18 01:22:45,328 is result_set is instance of dict? True
2024-03-18 01:22:45,328 is final_result_set is instance of dict? True
2024-03-18 01:22:45,407 Time taken for page 1 of Packing_List_48_page_0.png:0:00:05.050661
2024-03-18 01:22:45,574 *****Generated All Pages****** for Packing_List_48_page_0.png
2024-03-18 01:22:45,574 RAM memory 83.0 used for Packing_List_48_page_0.png Generating All Pages:
2024-03-18 01:22:45,574 Processing time taken for all pages of Packing_List_48_page_0.png1:0:00:05.228622
2024-03-18 01:22:45,717 file name is:Packing_List_43_page_0.png
2024-03-18 01:22:45,717 folder path :Images
2024-03-18 01:22:45,717 Calling Image result
2024-03-18 01:22:45,717 is all_page_result is instance of dict? True
2024-03-18 01:22:45,728 STREAM b'IHDR' 16 13
2024-03-18 01:22:45,728 STREAM b'IDAT' 41 12314
2024-03-18 01:22:45,788 is words is instance of list? True
2024-03-18 01:22:45,788 is bboxes is instance of list? True
2024-03-18 01:22:45,788 is bounding_boxes is instance of list? True
2024-03-18 01:22:45,907 is input_id_chunks is instance of list? True
2024-03-18 01:22:45,907 is mask_chunks is instance of list? True
2024-03-18 01:22:45,907 is bbox_chunks is instance of list? True
2024-03-18 01:22:45,907 is image_chunks is instance of list? True
2024-03-18 01:22:45,907 is input_dict is instance of dict? True
2024-03-18 01:22:46,914 Model Called
2024-03-18 01:22:46,915 RAM memory 67.7 used for Packing_List_43_page_0.png:
2024-03-18 01:22:46,915 is all_predictions is instance of list? True
2024-03-18 01:22:46,915 is all_boxes is instance of list? True
2024-03-18 01:22:46,915 is all_confidences is instance of list? True
2024-03-18 01:22:46,915 is all_text is instance of list? True
2024-03-18 01:22:46,915 is label2id is instance of dict? True
2024-03-18 01:22:46,915 is id2label is instance of dict? True
2024-03-18 01:22:46,916 is label2color is instance of dict? True
2024-03-18 01:22:46,916 label2color : {'track_reference': '#706260', 'vessel_name': '#0E305D', 'transaction_amount_value': '#6D87E8', 'lc_ref_no': '#18C857', 'invoice_currency': '#64F84E', 'bill_of_lading_date': '#167B52', 'net_weight': '#61FEC0', 'awb_date': '#FB3E1E', 'date_of_invoice': '#69D47F', 'port_of_discharge': '#C2D663', 'original_copy': '#4A4749', 'shipper_address': '#FAD67D', 'rate_per_unit': '#2F0F7F', 'invoice_no': '#0E28A7', 'signature': '#81F87B', 'consignee_address': '#51E406', 'incoterm': '#299DB7', 'country_of_final_destination': '#AC1262', 'description_of_goods': '#F0C20A', 'total_quantity_of_goods': '#889C5C', 'shipper_name': '#BD9F52', 'bill_of_lading_number': '#C1C5A5', 'transaction_currency': '#BACDD2', 'iec_no': '#04C7EC', 'gross_weight': '#73BB0A', 'vessel_flight_no': '#9F53B9', 'transaction_date': '#1CD3AA', 'lc_date': '#594D00', 'consignee_name': '#8A33AD', 'stamp': '#F8725C', 'invoice_amount': '#9EA2FF', 'dimension': '#209D03', 'O': '#8A3F45', 'consignor_name': '#33A167', 'notify_party_name': '#86465C', 'beneficiary_drawer_exporter_seller_supplier_name': '#C1FB45', 'pre_carriage_by': '#EDAB0C', 'consignor_address': '#CA6C76', 'declaration': '#00A2CA', 'beneficiary_drawer_exporter_seller_supplier_tin_no': '#C8DDF8', 'country_of_origin_origin_of_goods': '#D6BC07', 'awb_number': '#FB424F', 'beneficiary_address': '#242E76', 'remitter_address': '#7318E3', 'page_no': '#80DC99', 'remitter_drawee_applicant_importer_buyer_name': '#5C1971', 'port_of_loading': '#8FC832', 'notify_party_address': '#142319', 'payment_terms_terms_of_delivery_&_payment': '#954746'}
2024-03-18 01:22:46,994 is result_set is instance of dict? True
2024-03-18 01:22:46,995 is final_result_set is instance of dict? True
2024-03-18 01:22:47,024 Time taken for page 1 of Packing_List_43_page_0.png:0:00:01.296173
2024-03-18 01:22:47,079 *****Generated All Pages****** for Packing_List_43_page_0.png
2024-03-18 01:22:47,079 RAM memory 67.7 used for Packing_List_43_page_0.png Generating All Pages:
2024-03-18 01:22:47,079 Processing time taken for all pages of Packing_List_43_page_0.png1:0:00:01.362122
2024-03-18 01:22:47,231 file name is:Packing_List(2013_04_16_10_01_23_5870)_343_page_0.png
2024-03-18 01:22:47,232 folder path :Images
2024-03-18 01:22:47,232 Calling Image result
2024-03-18 01:22:47,232 is all_page_result is instance of dict? True
2024-03-18 01:22:47,234 STREAM b'IHDR' 16 13
2024-03-18 01:22:47,234 STREAM b'IDAT' 41 44337
2024-03-18 01:22:47,275 is words is instance of list? True
2024-03-18 01:22:47,275 is bboxes is instance of list? True
2024-03-18 01:22:47,275 is bounding_boxes is instance of list? True
2024-03-18 01:22:47,591 is input_id_chunks is instance of list? True
2024-03-18 01:22:47,591 is mask_chunks is instance of list? True
2024-03-18 01:22:47,591 is bbox_chunks is instance of list? True
2024-03-18 01:22:47,591 is image_chunks is instance of list? True
2024-03-18 01:22:47,592 is input_dict is instance of dict? True
2024-03-18 01:22:48,596 Model Called
2024-03-18 01:22:48,596 RAM memory 67.3 used for Packing_List(2013_04_16_10_01_23_5870)_343_page_0.png:
2024-03-18 01:22:48,596 is all_predictions is instance of list? True
2024-03-18 01:22:48,596 is all_boxes is instance of list? True
2024-03-18 01:22:48,596 is all_confidences is instance of list? True
2024-03-18 01:22:48,596 is all_text is instance of list? True
2024-03-18 01:22:48,596 is label2id is instance of dict? True
2024-03-18 01:22:48,596 is id2label is instance of dict? True
2024-03-18 01:22:48,597 is label2color is instance of dict? True
2024-03-18 01:22:48,597 label2color : {'track_reference': '#ED9C78', 'vessel_name': '#955C9A', 'transaction_amount_value': '#1CC866', 'lc_ref_no': '#493DB0', 'invoice_currency': '#34BCF4', 'bill_of_lading_date': '#9C51DB', 'net_weight': '#67D5A3', 'awb_date': '#31ABA0', 'date_of_invoice': '#05E88E', 'port_of_discharge': '#270F17', 'original_copy': '#907CAE', 'shipper_address': '#6F350A', 'rate_per_unit': '#DD6002', 'invoice_no': '#8CC7E7', 'signature': '#5D0A25', 'consignee_address': '#D51958', 'incoterm': '#1BDC08', 'country_of_final_destination': '#20E03E', 'description_of_goods': '#216623', 'total_quantity_of_goods': '#B15A2A', 'shipper_name': '#9A04B2', 'bill_of_lading_number': '#5D145B', 'transaction_currency': '#79BAE2', 'iec_no': '#678624', 'gross_weight': '#79D76C', 'vessel_flight_no': '#9F728F', 'transaction_date': '#96F971', 'lc_date': '#46614F', 'consignee_name': '#19E831', 'stamp': '#12DB7C', 'invoice_amount': '#69326C', 'dimension': '#B65076', 'O': '#4737C0', 'consignor_name': '#621109', 'notify_party_name': '#6C8E0B', 'beneficiary_drawer_exporter_seller_supplier_name': '#3A0FC4', 'pre_carriage_by': '#E1AD78', 'consignor_address': '#113B58', 'declaration': '#DAC72F', 'beneficiary_drawer_exporter_seller_supplier_tin_no': '#98B00C', 'country_of_origin_origin_of_goods': '#7B9874', 'awb_number': '#1D2A42', 'beneficiary_address': '#903287', 'remitter_address': '#FE945B', 'page_no': '#A66349', 'remitter_drawee_applicant_importer_buyer_name': '#39D7AC', 'port_of_loading': '#2524A7', 'notify_party_address': '#D2F927', 'payment_terms_terms_of_delivery_&_payment': '#F52EEC'}
2024-03-18 01:22:48,729 is result_set is instance of dict? True
2024-03-18 01:22:48,729 is final_result_set is instance of dict? True
2024-03-18 01:22:48,817 Time taken for page 1 of Packing_List(2013_04_16_10_01_23_5870)_343_page_0.png:0:00:01.582430
2024-03-18 01:22:48,930 *****Generated All Pages****** for Packing_List(2013_04_16_10_01_23_5870)_343_page_0.png
2024-03-18 01:22:48,931 RAM memory 67.2 used for Packing_List(2013_04_16_10_01_23_5870)_343_page_0.png Generating All Pages:
2024-03-18 01:22:48,931 Processing time taken for all pages of Packing_List(2013_04_16_10_01_23_5870)_343_page_0.png1:0:00:01.698860
2024-03-18 01:22:49,041 file name is:Packing_List_16_page_0.png
2024-03-18 01:22:49,042 folder path :Images
2024-03-18 01:22:49,042 Calling Image result
2024-03-18 01:22:49,042 is all_page_result is instance of dict? True
2024-03-18 01:22:49,052 STREAM b'IHDR' 16 13
2024-03-18 01:22:49,053 STREAM b'IDAT' 41 41206
2024-03-18 01:22:49,079 is words is instance of list? True
2024-03-18 01:22:49,080 is bboxes is instance of list? True
2024-03-18 01:22:49,080 is bounding_boxes is instance of list? True
2024-03-18 01:22:49,282 is input_id_chunks is instance of list? True
2024-03-18 01:22:49,282 is mask_chunks is instance of list? True
2024-03-18 01:22:49,282 is bbox_chunks is instance of list? True
2024-03-18 01:22:49,282 is image_chunks is instance of list? True
2024-03-18 01:22:49,282 is input_dict is instance of dict? True
2024-03-18 01:22:50,293 Model Called
2024-03-18 01:22:50,293 RAM memory 67.5 used for Packing_List_16_page_0.png:
2024-03-18 01:22:50,293 is all_predictions is instance of list? True
2024-03-18 01:22:50,293 is all_boxes is instance of list? True
2024-03-18 01:22:50,293 is all_confidences is instance of list? True
2024-03-18 01:22:50,293 is all_text is instance of list? True
2024-03-18 01:22:50,294 is label2id is instance of dict? True
2024-03-18 01:22:50,294 is id2label is instance of dict? True
2024-03-18 01:22:50,295 is label2color is instance of dict? True
2024-03-18 01:22:50,295 label2color : {'track_reference': '#19A4AE', 'vessel_name': '#B3A061', 'transaction_amount_value': '#362A21', 'lc_ref_no': '#47DF3D', 'invoice_currency': '#721CB4', 'bill_of_lading_date': '#898A00', 'net_weight': '#8618F8', 'awb_date': '#456473', 'date_of_invoice': '#E778AA', 'port_of_discharge': '#DFA0BC', 'original_copy': '#1251D6', 'shipper_address': '#7C02DD', 'rate_per_unit': '#F8DC71', 'invoice_no': '#56B872', 'signature': '#F2B7D8', 'consignee_address': '#0E804E', 'incoterm': '#B1513C', 'country_of_final_destination': '#E284C8', 'description_of_goods': '#5C0E77', 'total_quantity_of_goods': '#363679', 'shipper_name': '#ED9D83', 'bill_of_lading_number': '#A9C87B', 'transaction_currency': '#DDEFF2', 'iec_no': '#F7C77D', 'gross_weight': '#1AC7E4', 'vessel_flight_no': '#D2BE15', 'transaction_date': '#AC23B3', 'lc_date': '#D9622B', 'consignee_name': '#84E35B', 'stamp': '#A2982C', 'invoice_amount': '#FFED8E', 'dimension': '#A75624', 'O': '#035EC3', 'consignor_name': '#AA0183', 'notify_party_name': '#1CE611', 'beneficiary_drawer_exporter_seller_supplier_name': '#F4B050', 'pre_carriage_by': '#A93C71', 'consignor_address': '#36B8AA', 'declaration': '#8D1A4A', 'beneficiary_drawer_exporter_seller_supplier_tin_no': '#F361C5', 'country_of_origin_origin_of_goods': '#9A093C', 'awb_number': '#5CA63C', 'beneficiary_address': '#C46CD9', 'remitter_address': '#45D5B0', 'page_no': '#B0CA0E', 'remitter_drawee_applicant_importer_buyer_name': '#87EA51', 'port_of_loading': '#DA9982', 'notify_party_address': '#4B8DC6', 'payment_terms_terms_of_delivery_&_payment': '#96F55C'}
2024-03-18 01:22:50,442 is result_set is instance of dict? True
2024-03-18 01:22:50,443 is final_result_set is instance of dict? True
2024-03-18 01:22:50,567 Time taken for page 1 of Packing_List_16_page_0.png:0:00:01.514792
2024-03-18 01:22:50,681 *****Generated All Pages****** for Packing_List_16_page_0.png
2024-03-18 01:22:50,682 RAM memory 67.6 used for Packing_List_16_page_0.png Generating All Pages:
2024-03-18 01:22:50,682 Processing time taken for all pages of Packing_List_16_page_0.png1:0:00:01.640027
2024-03-18 01:22:50,799 file name is:Packing_List_3_page_2.png
2024-03-18 01:22:50,799 folder path :Images
2024-03-18 01:22:50,799 Calling Image result
2024-03-18 01:22:50,799 is all_page_result is instance of dict? True
2024-03-18 01:22:50,810 STREAM b'IHDR' 16 13
2024-03-18 01:22:50,810 STREAM b'IDAT' 41 45602
2024-03-18 01:22:50,841 is words is instance of list? True
2024-03-18 01:22:50,841 is bboxes is instance of list? True
2024-03-18 01:22:50,841 is bounding_boxes is instance of list? True
2024-03-18 01:22:51,076 is input_id_chunks is instance of list? True
2024-03-18 01:22:51,077 is mask_chunks is instance of list? True
2024-03-18 01:22:51,077 is bbox_chunks is instance of list? True
2024-03-18 01:22:51,077 is image_chunks is instance of list? True
2024-03-18 01:22:51,077 is input_dict is instance of dict? True
2024-03-18 01:22:53,311 Model Called
2024-03-18 01:22:53,312 RAM memory 69.3 used for Packing_List_3_page_2.png:
2024-03-18 01:22:53,312 is all_predictions is instance of list? True
2024-03-18 01:22:53,312 is all_boxes is instance of list? True
2024-03-18 01:22:53,312 is all_confidences is instance of list? True
2024-03-18 01:22:53,312 is all_text is instance of list? True
2024-03-18 01:22:53,313 is label2id is instance of dict? True
2024-03-18 01:22:53,313 is id2label is instance of dict? True
2024-03-18 01:22:53,314 is label2color is instance of dict? True
2024-03-18 01:22:53,314 label2color : {'track_reference': '#9D01AC', 'vessel_name': '#9F9D33', 'transaction_amount_value': '#BC5E57', 'lc_ref_no': '#21862A', 'invoice_currency': '#8A4556', 'bill_of_lading_date': '#3A316D', 'net_weight': '#E66964', 'awb_date': '#08C6DF', 'date_of_invoice': '#949506', 'port_of_discharge': '#9904E9', 'original_copy': '#1F5C2B', 'shipper_address': '#C8EB68', 'rate_per_unit': '#67D258', 'invoice_no': '#935DBB', 'signature': '#C1CB6E', 'consignee_address': '#859AF5', 'incoterm': '#076EE7', 'country_of_final_destination': '#8B7321', 'description_of_goods': '#CC50DC', 'total_quantity_of_goods': '#590E73', 'shipper_name': '#03B22B', 'bill_of_lading_number': '#D05563', 'transaction_currency': '#37E0AC', 'iec_no': '#76F97E', 'gross_weight': '#772E7F', 'vessel_flight_no': '#10E92B', 'transaction_date': '#A781BA', 'lc_date': '#697E03', 'consignee_name': '#5DD25D', 'stamp': '#4BEEA4', 'invoice_amount': '#619556', 'dimension': '#DD4B47', 'O': '#0CA05A', 'consignor_name': '#9DF81F', 'notify_party_name': '#62C866', 'beneficiary_drawer_exporter_seller_supplier_name': '#AA8434', 'pre_carriage_by': '#4109AC', 'consignor_address': '#6B42D1', 'declaration': '#414E36', 'beneficiary_drawer_exporter_seller_supplier_tin_no': '#65293A', 'country_of_origin_origin_of_goods': '#215C79', 'awb_number': '#1AE9C3', 'beneficiary_address': '#74A8DC', 'remitter_address': '#2ED99A', 'page_no': '#1282A4', 'remitter_drawee_applicant_importer_buyer_name': '#E931CF', 'port_of_loading': '#4CD054', 'notify_party_address': '#6AC3C9', 'payment_terms_terms_of_delivery_&_payment': '#ABFCA8'}
2024-03-18 01:22:53,545 is result_set is instance of dict? True
2024-03-18 01:22:53,546 is final_result_set is instance of dict? True
2024-03-18 01:22:53,687 Time taken for page 1 of Packing_List_3_page_2.png:0:00:02.876770
2024-03-18 01:22:53,795 *****Generated All Pages****** for Packing_List_3_page_2.png
2024-03-18 01:22:53,795 RAM memory 69.8 used for Packing_List_3_page_2.png Generating All Pages:
2024-03-18 01:22:53,795 Processing time taken for all pages of Packing_List_3_page_2.png1:0:00:02.996066
2024-03-18 01:22:53,925 file name is:Packing_List_41_page_0.png
2024-03-18 01:22:53,925 folder path :Images
2024-03-18 01:22:53,925 Calling Image result
2024-03-18 01:22:53,925 is all_page_result is instance of dict? True
2024-03-18 01:22:53,925 STREAM b'IHDR' 16 13
2024-03-18 01:22:53,925 STREAM b'IDAT' 41 59100
2024-03-18 01:22:53,953 is words is instance of list? True
2024-03-18 01:22:53,953 is bboxes is instance of list? True
2024-03-18 01:22:53,953 is bounding_boxes is instance of list? True
2024-03-18 01:22:54,168 is input_id_chunks is instance of list? True
2024-03-18 01:22:54,168 is mask_chunks is instance of list? True
2024-03-18 01:22:54,168 is bbox_chunks is instance of list? True
2024-03-18 01:22:54,168 is image_chunks is instance of list? True
2024-03-18 01:22:54,169 is input_dict is instance of dict? True
2024-03-18 01:22:56,195 Model Called
2024-03-18 01:22:56,196 RAM memory 69.4 used for Packing_List_41_page_0.png:
2024-03-18 01:22:56,196 is all_predictions is instance of list? True
2024-03-18 01:22:56,197 is all_boxes is instance of list? True
2024-03-18 01:22:56,197 is all_confidences is instance of list? True
2024-03-18 01:22:56,197 is all_text is instance of list? True
2024-03-18 01:22:56,198 is label2id is instance of dict? True
2024-03-18 01:22:56,199 is id2label is instance of dict? True
2024-03-18 01:22:56,200 is label2color is instance of dict? True
2024-03-18 01:22:56,201 label2color : {'track_reference': '#E2B1AA', 'vessel_name': '#D7B273', 'transaction_amount_value': '#574F80', 'lc_ref_no': '#4B4B13', 'invoice_currency': '#E12CA7', 'bill_of_lading_date': '#DC3067', 'net_weight': '#C5C221', 'awb_date': '#065007', 'date_of_invoice': '#6AB080', 'port_of_discharge': '#9081B0', 'original_copy': '#C1643A', 'shipper_address': '#A8A885', 'rate_per_unit': '#A87F4A', 'invoice_no': '#6684F4', 'signature': '#FDBF3C', 'consignee_address': '#D7A360', 'incoterm': '#EE7663', 'country_of_final_destination': '#CA8D02', 'description_of_goods': '#CC7436', 'total_quantity_of_goods': '#51F95F', 'shipper_name': '#FC5332', 'bill_of_lading_number': '#C6EC35', 'transaction_currency': '#A26D89', 'iec_no': '#2082EE', 'gross_weight': '#D20A64', 'vessel_flight_no': '#33F3FE', 'transaction_date': '#FDAE1F', 'lc_date': '#F880BF', 'consignee_name': '#F758C0', 'stamp': '#DB44EF', 'invoice_amount': '#C07344', 'dimension': '#299086', 'O': '#2624E5', 'consignor_name': '#932B63', 'notify_party_name': '#DA7044', 'beneficiary_drawer_exporter_seller_supplier_name': '#8A4DC0', 'pre_carriage_by': '#F1A646', 'consignor_address': '#BB02F1', 'declaration': '#6C0DA6', 'beneficiary_drawer_exporter_seller_supplier_tin_no': '#DA5935', 'country_of_origin_origin_of_goods': '#88A759', 'awb_number': '#366219', 'beneficiary_address': '#897B08', 'remitter_address': '#C3EF34', 'page_no': '#3B7F77', 'remitter_drawee_applicant_importer_buyer_name': '#3A625B', 'port_of_loading': '#E1F13E', 'notify_party_address': '#5A3135', 'payment_terms_terms_of_delivery_&_payment': '#35BECC'}
2024-03-18 01:22:56,408 is result_set is instance of dict? True
2024-03-18 01:22:56,409 is final_result_set is instance of dict? True
2024-03-18 01:22:56,567 Time taken for page 1 of Packing_List_41_page_0.png:0:00:02.641418
2024-03-18 01:22:56,693 *****Generated All Pages****** for Packing_List_41_page_0.png
2024-03-18 01:22:56,693 RAM memory 69.5 used for Packing_List_41_page_0.png Generating All Pages:
2024-03-18 01:22:56,693 Processing time taken for all pages of Packing_List_41_page_0.png1:0:00:02.768278
2024-03-18 01:22:56,825 file name is:Packing_List_49_page_0.png
2024-03-18 01:22:56,825 folder path :Images
2024-03-18 01:22:56,825 Calling Image result
2024-03-18 01:22:56,825 is all_page_result is instance of dict? True
2024-03-18 01:22:56,825 STREAM b'IHDR' 16 13
2024-03-18 01:22:56,825 STREAM b'IDAT' 41 49457
2024-03-18 01:22:56,855 is words is instance of list? True
2024-03-18 01:22:56,855 is bboxes is instance of list? True
2024-03-18 01:22:56,855 is bounding_boxes is instance of list? True
2024-03-18 01:22:57,064 is input_id_chunks is instance of list? True
2024-03-18 01:22:57,064 is mask_chunks is instance of list? True
2024-03-18 01:22:57,064 is bbox_chunks is instance of list? True
2024-03-18 01:22:57,064 is image_chunks is instance of list? True
2024-03-18 01:22:57,065 is input_dict is instance of dict? True
2024-03-18 01:23:00,273 Model Called
2024-03-18 01:23:00,273 RAM memory 75.9 used for Packing_List_49_page_0.png:
2024-03-18 01:23:00,273 is all_predictions is instance of list? True
2024-03-18 01:23:00,274 is all_boxes is instance of list? True
2024-03-18 01:23:00,274 is all_confidences is instance of list? True
2024-03-18 01:23:00,274 is all_text is instance of list? True
2024-03-18 01:23:00,274 is label2id is instance of dict? True
2024-03-18 01:23:00,274 is id2label is instance of dict? True
2024-03-18 01:23:00,275 is label2color is instance of dict? True
2024-03-18 01:23:00,275 label2color : {'track_reference': '#B6773C', 'vessel_name': '#AC2C19', 'transaction_amount_value': '#45DD28', 'lc_ref_no': '#6133E4', 'invoice_currency': '#0D4E33', 'bill_of_lading_date': '#398B13', 'net_weight': '#387F32', 'awb_date': '#372FF0', 'date_of_invoice': '#F05CBD', 'port_of_discharge': '#F42C78', 'original_copy': '#053132', 'shipper_address': '#D7FC3F', 'rate_per_unit': '#A8215F', 'invoice_no': '#24D619', 'signature': '#464924', 'consignee_address': '#93A38E', 'incoterm': '#CF3EEF', 'country_of_final_destination': '#EFBE7E', 'description_of_goods': '#FDDA9D', 'total_quantity_of_goods': '#154171', 'shipper_name': '#854408', 'bill_of_lading_number': '#B7B556', 'transaction_currency': '#C38401', 'iec_no': '#3CE1AC', 'gross_weight': '#C73A76', 'vessel_flight_no': '#661BF9', 'transaction_date': '#9D0323', 'lc_date': '#3CA9DB', 'consignee_name': '#885418', 'stamp': '#4CF757', 'invoice_amount': '#55F0E2', 'dimension': '#D0AB55', 'O': '#266DB1', 'consignor_name': '#4C1A1A', 'notify_party_name': '#826E0A', 'beneficiary_drawer_exporter_seller_supplier_name': '#BAC1B2', 'pre_carriage_by': '#97B88C', 'consignor_address': '#B57188', 'declaration': '#E5FE9F', 'beneficiary_drawer_exporter_seller_supplier_tin_no': '#D4816B', 'country_of_origin_origin_of_goods': '#93F2F6', 'awb_number': '#4F2455', 'beneficiary_address': '#DAA1E1', 'remitter_address': '#110280', 'page_no': '#D15C9E', 'remitter_drawee_applicant_importer_buyer_name': '#81EFF4', 'port_of_loading': '#29C9C7', 'notify_party_address': '#C32741', 'payment_terms_terms_of_delivery_&_payment': '#F1B7AC'}
2024-03-18 01:23:00,551 is result_set is instance of dict? True
2024-03-18 01:23:00,552 is final_result_set is instance of dict? True
2024-03-18 01:23:00,702 Time taken for page 1 of Packing_List_49_page_0.png:0:00:03.876931
2024-03-18 01:23:00,824 *****Generated All Pages****** for Packing_List_49_page_0.png
2024-03-18 01:23:00,824 RAM memory 76.0 used for Packing_List_49_page_0.png Generating All Pages:
2024-03-18 01:23:00,824 Processing time taken for all pages of Packing_List_49_page_0.png1:0:00:03.999669
2024-03-18 01:23:00,979 file name is:Packing_List_48_page_1.png
2024-03-18 01:23:00,979 folder path :Images
2024-03-18 01:23:00,980 Calling Image result
2024-03-18 01:23:00,980 is all_page_result is instance of dict? True
2024-03-18 01:23:00,990 STREAM b'IHDR' 16 13
2024-03-18 01:23:00,990 STREAM b'IDAT' 41 28674
2024-03-18 01:23:01,030 is words is instance of list? True
2024-03-18 01:23:01,031 is bboxes is instance of list? True
2024-03-18 01:23:01,031 is bounding_boxes is instance of list? True
2024-03-18 01:23:01,261 is input_id_chunks is instance of list? True
2024-03-18 01:23:01,261 is mask_chunks is instance of list? True
2024-03-18 01:23:01,261 is bbox_chunks is instance of list? True
2024-03-18 01:23:01,261 is image_chunks is instance of list? True
2024-03-18 01:23:01,262 is input_dict is instance of dict? True
2024-03-18 01:23:02,337 Model Called
2024-03-18 01:23:02,337 RAM memory 68.1 used for Packing_List_48_page_1.png:
2024-03-18 01:23:02,337 is all_predictions is instance of list? True
2024-03-18 01:23:02,337 is all_boxes is instance of list? True
2024-03-18 01:23:02,337 is all_confidences is instance of list? True
2024-03-18 01:23:02,337 is all_text is instance of list? True
2024-03-18 01:23:02,338 is label2id is instance of dict? True
2024-03-18 01:23:02,338 is id2label is instance of dict? True
2024-03-18 01:23:02,338 is label2color is instance of dict? True
2024-03-18 01:23:02,338 label2color : {'track_reference': '#B24947', 'vessel_name': '#1B0AA8', 'transaction_amount_value': '#85149B', 'lc_ref_no': '#BC76E1', 'invoice_currency': '#C54589', 'bill_of_lading_date': '#9F8A1F', 'net_weight': '#820AA2', 'awb_date': '#0F2E91', 'date_of_invoice': '#C35E83', 'port_of_discharge': '#5ADB8D', 'original_copy': '#EFD1A4', 'shipper_address': '#EC4843', 'rate_per_unit': '#738CB6', 'invoice_no': '#140853', 'signature': '#42A5E9', 'consignee_address': '#CF732F', 'incoterm': '#DAF435', 'country_of_final_destination': '#458A8D', 'description_of_goods': '#95A26C', 'total_quantity_of_goods': '#47C999', 'shipper_name': '#1099E9', 'bill_of_lading_number': '#0A1912', 'transaction_currency': '#00DB25', 'iec_no': '#8B9770', 'gross_weight': '#0F54DA', 'vessel_flight_no': '#54051F', 'transaction_date': '#7DD6DB', 'lc_date': '#A75199', 'consignee_name': '#0911ED', 'stamp': '#081D79', 'invoice_amount': '#A8220D', 'dimension': '#5CFA6A', 'O': '#951035', 'consignor_name': '#AAF24E', 'notify_party_name': '#2845BF', 'beneficiary_drawer_exporter_seller_supplier_name': '#BF7C5E', 'pre_carriage_by': '#3CCE5D', 'consignor_address': '#E9D2C3', 'declaration': '#6655A8', 'beneficiary_drawer_exporter_seller_supplier_tin_no': '#63516B', 'country_of_origin_origin_of_goods': '#F75E6D', 'awb_number': '#A587A2', 'beneficiary_address': '#64D300', 'remitter_address': '#0FBAE0', 'page_no': '#648C78', 'remitter_drawee_applicant_importer_buyer_name': '#EFB7FE', 'port_of_loading': '#7A1199', 'notify_party_address': '#924319', 'payment_terms_terms_of_delivery_&_payment': '#A4C5CC'}
2024-03-18 01:23:02,496 is result_set is instance of dict? True
2024-03-18 01:23:02,496 is final_result_set is instance of dict? True
2024-03-18 01:23:02,638 Time taken for page 1 of Packing_List_48_page_1.png:0:00:01.647825
2024-03-18 01:23:02,742 *****Generated All Pages****** for Packing_List_48_page_1.png
2024-03-18 01:23:02,742 RAM memory 68.2 used for Packing_List_48_page_1.png Generating All Pages:
2024-03-18 01:23:02,742 Processing time taken for all pages of Packing_List_48_page_1.png1:0:00:01.762649
2024-03-18 01:23:02,854 file name is:Packing_List_22_page_0.png
2024-03-18 01:23:02,854 folder path :Images
2024-03-18 01:23:02,854 Calling Image result
2024-03-18 01:23:02,854 is all_page_result is instance of dict? True
2024-03-18 01:23:02,865 STREAM b'IHDR' 16 13
2024-03-18 01:23:02,865 STREAM b'IDAT' 41 20446
2024-03-18 01:23:02,873 is words is instance of list? True
2024-03-18 01:23:02,874 is bboxes is instance of list? True
2024-03-18 01:23:02,874 is bounding_boxes is instance of list? True
2024-03-18 01:23:02,932 is input_id_chunks is instance of list? True
2024-03-18 01:23:02,932 is mask_chunks is instance of list? True
2024-03-18 01:23:02,932 is bbox_chunks is instance of list? True
2024-03-18 01:23:02,932 is image_chunks is instance of list? True
2024-03-18 01:23:02,932 is input_dict is instance of dict? True
2024-03-18 01:23:05,007 Model Called
2024-03-18 01:23:05,008 RAM memory 69.4 used for Packing_List_22_page_0.png:
2024-03-18 01:23:05,008 is all_predictions is instance of list? True
2024-03-18 01:23:05,008 is all_boxes is instance of list? True
2024-03-18 01:23:05,008 is all_confidences is instance of list? True
2024-03-18 01:23:05,008 is all_text is instance of list? True
2024-03-18 01:23:05,008 is label2id is instance of dict? True
2024-03-18 01:23:05,008 is id2label is instance of dict? True
2024-03-18 01:23:05,010 is label2color is instance of dict? True
2024-03-18 01:23:05,010 label2color : {'track_reference': '#103071', 'vessel_name': '#2E1027', 'transaction_amount_value': '#00C3DF', 'lc_ref_no': '#E82FA2', 'invoice_currency': '#409BF1', 'bill_of_lading_date': '#E8492A', 'net_weight': '#1DE52C', 'awb_date': '#BEE896', 'date_of_invoice': '#776F34', 'port_of_discharge': '#97BF72', 'original_copy': '#81B956', 'shipper_address': '#696F02', 'rate_per_unit': '#AADE83', 'invoice_no': '#741DEE', 'signature': '#81F2C6', 'consignee_address': '#DECF7F', 'incoterm': '#87B5A5', 'country_of_final_destination': '#2D38F3', 'description_of_goods': '#33E8EA', 'total_quantity_of_goods': '#AB78FD', 'shipper_name': '#6701BC', 'bill_of_lading_number': '#5B0BF2', 'transaction_currency': '#1514F3', 'iec_no': '#C2E712', 'gross_weight': '#130A8B', 'vessel_flight_no': '#0E0B46', 'transaction_date': '#7D249C', 'lc_date': '#556FC0', 'consignee_name': '#F081FA', 'stamp': '#5E7A5D', 'invoice_amount': '#0208CE', 'dimension': '#82DCA8', 'O': '#1648E3', 'consignor_name': '#E4AA74', 'notify_party_name': '#335DF8', 'beneficiary_drawer_exporter_seller_supplier_name': '#05E99A', 'pre_carriage_by': '#A1A9FD', 'consignor_address': '#B6D99C', 'declaration': '#C0BC2A', 'beneficiary_drawer_exporter_seller_supplier_tin_no': '#0E2C9C', 'country_of_origin_origin_of_goods': '#AACAA8', 'awb_number': '#8E980C', 'beneficiary_address': '#126845', 'remitter_address': '#338231', 'page_no': '#6CA593', 'remitter_drawee_applicant_importer_buyer_name': '#532497', 'port_of_loading': '#0A36D7', 'notify_party_address': '#5C6353', 'payment_terms_terms_of_delivery_&_payment': '#CC6061'}
2024-03-18 01:23:05,084 is result_set is instance of dict? True
2024-03-18 01:23:05,085 is final_result_set is instance of dict? True
2024-03-18 01:23:05,264 Time taken for page 1 of Packing_List_22_page_0.png:0:00:02.399369
2024-03-18 01:23:05,308 *****Generated All Pages****** for Packing_List_22_page_0.png
2024-03-18 01:23:05,308 RAM memory 69.4 used for Packing_List_22_page_0.png Generating All Pages:
2024-03-18 01:23:05,308 Processing time taken for all pages of Packing_List_22_page_0.png1:0:00:02.453961
2024-03-18 01:23:05,420 file name is:Packing_List_39_page_0.png
2024-03-18 01:23:05,420 folder path :Images
2024-03-18 01:23:05,420 Calling Image result
2024-03-18 01:23:05,420 is all_page_result is instance of dict? True
2024-03-18 01:23:05,431 STREAM b'IHDR' 16 13
2024-03-18 01:23:05,431 STREAM b'IDAT' 41 59708
2024-03-18 01:23:05,476 is words is instance of list? True
2024-03-18 01:23:05,476 is bboxes is instance of list? True
2024-03-18 01:23:05,476 is bounding_boxes is instance of list? True
2024-03-18 01:23:05,691 is input_id_chunks is instance of list? True
2024-03-18 01:23:05,691 is mask_chunks is instance of list? True
2024-03-18 01:23:05,691 is bbox_chunks is instance of list? True
2024-03-18 01:23:05,691 is image_chunks is instance of list? True
2024-03-18 01:23:05,691 is input_dict is instance of dict? True
2024-03-18 01:23:08,754 Model Called
2024-03-18 01:23:08,754 RAM memory 76.9 used for Packing_List_39_page_0.png:
2024-03-18 01:23:08,754 is all_predictions is instance of list? True
2024-03-18 01:23:08,754 is all_boxes is instance of list? True
2024-03-18 01:23:08,754 is all_confidences is instance of list? True
2024-03-18 01:23:08,754 is all_text is instance of list? True
2024-03-18 01:23:08,755 is label2id is instance of dict? True
2024-03-18 01:23:08,755 is id2label is instance of dict? True
2024-03-18 01:23:08,756 is label2color is instance of dict? True
2024-03-18 01:23:08,756 label2color : {'track_reference': '#9ACFAA', 'vessel_name': '#1896D5', 'transaction_amount_value': '#E3244D', 'lc_ref_no': '#59C619', 'invoice_currency': '#31A755', 'bill_of_lading_date': '#F8CD30', 'net_weight': '#3B06F9', 'awb_date': '#6BB578', 'date_of_invoice': '#70BE1C', 'port_of_discharge': '#8C4C2D', 'original_copy': '#287F66', 'shipper_address': '#16F413', 'rate_per_unit': '#4DBE86', 'invoice_no': '#F194C1', 'signature': '#1C6699', 'consignee_address': '#4F9D71', 'incoterm': '#6214E0', 'country_of_final_destination': '#992409', 'description_of_goods': '#39442A', 'total_quantity_of_goods': '#D15539', 'shipper_name': '#4CD50D', 'bill_of_lading_number': '#D22409', 'transaction_currency': '#447361', 'iec_no': '#1E563B', 'gross_weight': '#1B1565', 'vessel_flight_no': '#CFF30D', 'transaction_date': '#564382', 'lc_date': '#A952CD', 'consignee_name': '#02BC20', 'stamp': '#6EC2F1', 'invoice_amount': '#0CA2AF', 'dimension': '#FE8791', 'O': '#EA3F61', 'consignor_name': '#6F6900', 'notify_party_name': '#577E51', 'beneficiary_drawer_exporter_seller_supplier_name': '#67D7F3', 'pre_carriage_by': '#3E5A7D', 'consignor_address': '#B7493C', 'declaration': '#9949EF', 'beneficiary_drawer_exporter_seller_supplier_tin_no': '#E7824E', 'country_of_origin_origin_of_goods': '#33B654', 'awb_number': '#1AB1C7', 'beneficiary_address': '#DA3D40', 'remitter_address': '#F71BB9', 'page_no': '#04CC3E', 'remitter_drawee_applicant_importer_buyer_name': '#A48F5F', 'port_of_loading': '#81B19E', 'notify_party_address': '#5A36C5', 'payment_terms_terms_of_delivery_&_payment': '#88100B'}
2024-03-18 01:23:09,042 is result_set is instance of dict? True
2024-03-18 01:23:09,043 is final_result_set is instance of dict? True
2024-03-18 01:23:09,196 Time taken for page 1 of Packing_List_39_page_0.png:0:00:03.765564
2024-03-18 01:23:09,329 *****Generated All Pages****** for Packing_List_39_page_0.png
2024-03-18 01:23:09,329 RAM memory 77.0 used for Packing_List_39_page_0.png Generating All Pages:
2024-03-18 01:23:09,329 Processing time taken for all pages of Packing_List_39_page_0.png1:0:00:03.908966
2024-03-18 01:23:09,502 file name is:Packing_List_22_page_4.png
2024-03-18 01:23:09,502 folder path :Images
2024-03-18 01:23:09,502 Calling Image result
2024-03-18 01:23:09,502 is all_page_result is instance of dict? True
2024-03-18 01:23:09,513 STREAM b'IHDR' 16 13
2024-03-18 01:23:09,513 STREAM b'IDAT' 41 17763
2024-03-18 01:23:09,522 is words is instance of list? True
2024-03-18 01:23:09,522 is bboxes is instance of list? True
2024-03-18 01:23:09,522 is bounding_boxes is instance of list? True
2024-03-18 01:23:09,586 is input_id_chunks is instance of list? True
2024-03-18 01:23:09,586 is mask_chunks is instance of list? True
2024-03-18 01:23:09,586 is bbox_chunks is instance of list? True
2024-03-18 01:23:09,586 is image_chunks is instance of list? True
2024-03-18 01:23:09,587 is input_dict is instance of dict? True
2024-03-18 01:23:11,827 Model Called
2024-03-18 01:23:11,828 RAM memory 72.2 used for Packing_List_22_page_4.png:
2024-03-18 01:23:11,828 is all_predictions is instance of list? True
2024-03-18 01:23:11,828 is all_boxes is instance of list? True
2024-03-18 01:23:11,828 is all_confidences is instance of list? True
2024-03-18 01:23:11,828 is all_text is instance of list? True
2024-03-18 01:23:11,828 is label2id is instance of dict? True
2024-03-18 01:23:11,828 is id2label is instance of dict? True
2024-03-18 01:23:11,829 is label2color is instance of dict? True
2024-03-18 01:23:11,829 label2color : {'track_reference': '#EF9FDE', 'vessel_name': '#6AE7D6', 'transaction_amount_value': '#4E8A9F', 'lc_ref_no': '#A33C6E', 'invoice_currency': '#B36213', 'bill_of_lading_date': '#6BCD7B', 'net_weight': '#7E70FE', 'awb_date': '#A4F38C', 'date_of_invoice': '#582970', 'port_of_discharge': '#9C2F50', 'original_copy': '#FA3AA3', 'shipper_address': '#9BDA9D', 'rate_per_unit': '#2B32B0', 'invoice_no': '#308DEC', 'signature': '#E77252', 'consignee_address': '#6162C3', 'incoterm': '#52F2B1', 'country_of_final_destination': '#8743BF', 'description_of_goods': '#A18703', 'total_quantity_of_goods': '#F2F67B', 'shipper_name': '#58A9A8', 'bill_of_lading_number': '#7144D0', 'transaction_currency': '#902A49', 'iec_no': '#61519F', 'gross_weight': '#B7E2B1', 'vessel_flight_no': '#07C03B', 'transaction_date': '#49B5D7', 'lc_date': '#3E02FB', 'consignee_name': '#8D1E6C', 'stamp': '#4ED5ED', 'invoice_amount': '#9C962C', 'dimension': '#A1D5D0', 'O': '#8EBFE6', 'consignor_name': '#FAAA9D', 'notify_party_name': '#5B5C6E', 'beneficiary_drawer_exporter_seller_supplier_name': '#6B9479', 'pre_carriage_by': '#27B05A', 'consignor_address': '#57C337', 'declaration': '#300B89', 'beneficiary_drawer_exporter_seller_supplier_tin_no': '#E270C6', 'country_of_origin_origin_of_goods': '#71F96C', 'awb_number': '#AA422D', 'beneficiary_address': '#A91891', 'remitter_address': '#E8EC91', 'page_no': '#D582FD', 'remitter_drawee_applicant_importer_buyer_name': '#F62432', 'port_of_loading': '#53D050', 'notify_party_address': '#401A55', 'payment_terms_terms_of_delivery_&_payment': '#201F5C'}
2024-03-18 01:23:11,890 is result_set is instance of dict? True
2024-03-18 01:23:11,891 is final_result_set is instance of dict? True
2024-03-18 01:23:12,027 Time taken for page 1 of Packing_List_22_page_4.png:0:00:02.513381
2024-03-18 01:23:12,065 *****Generated All Pages****** for Packing_List_22_page_4.png
2024-03-18 01:23:12,065 RAM memory 72.0 used for Packing_List_22_page_4.png Generating All Pages:
2024-03-18 01:23:12,065 Processing time taken for all pages of Packing_List_22_page_4.png1:0:00:02.562774
2024-03-18 01:23:12,177 file name is:Packing_List_45_page_0.png
2024-03-18 01:23:12,177 folder path :Images
2024-03-18 01:23:12,177 Calling Image result
2024-03-18 01:23:12,177 is all_page_result is instance of dict? True
2024-03-18 01:23:12,177 STREAM b'IHDR' 16 13
2024-03-18 01:23:12,177 STREAM b'IDAT' 41 65536
2024-03-18 01:23:12,272 is words is instance of list? True
2024-03-18 01:23:12,272 is bboxes is instance of list? True
2024-03-18 01:23:12,272 is bounding_boxes is instance of list? True
2024-03-18 01:23:13,743 is input_id_chunks is instance of list? True
2024-03-18 01:23:13,743 is mask_chunks is instance of list? True
2024-03-18 01:23:13,743 is bbox_chunks is instance of list? True
2024-03-18 01:23:13,743 is image_chunks is instance of list? True
2024-03-18 01:23:13,744 is input_dict is instance of dict? True
2024-03-18 01:23:14,952 Model Called
2024-03-18 01:23:14,952 RAM memory 72.1 used for Packing_List_45_page_0.png:
2024-03-18 01:23:14,953 is all_predictions is instance of list? True
2024-03-18 01:23:14,953 is all_boxes is instance of list? True
2024-03-18 01:23:14,953 is all_confidences is instance of list? True
2024-03-18 01:23:14,953 is all_text is instance of list? True
2024-03-18 01:23:14,954 is label2id is instance of dict? True
2024-03-18 01:23:14,954 is id2label is instance of dict? True
2024-03-18 01:23:14,955 is label2color is instance of dict? True
2024-03-18 01:23:14,955 label2color : {'track_reference': '#246E28', 'vessel_name': '#B625F8', 'transaction_amount_value': '#D8B39B', 'lc_ref_no': '#3BE99D', 'invoice_currency': '#9EC295', 'bill_of_lading_date': '#207C3D', 'net_weight': '#99892B', 'awb_date': '#15AE5E', 'date_of_invoice': '#9DA1E0', 'port_of_discharge': '#35DD87', 'original_copy': '#54876E', 'shipper_address': '#4CFFDB', 'rate_per_unit': '#A875D4', 'invoice_no': '#D90E6C', 'signature': '#C2F358', 'consignee_address': '#C9A530', 'incoterm': '#E1283C', 'country_of_final_destination': '#22AE51', 'description_of_goods': '#7505C9', 'total_quantity_of_goods': '#48EBB4', 'shipper_name': '#664194', 'bill_of_lading_number': '#E7DFB4', 'transaction_currency': '#2B3374', 'iec_no': '#DB4B20', 'gross_weight': '#7B0BA8', 'vessel_flight_no': '#F1AE8A', 'transaction_date': '#3DF33F', 'lc_date': '#9FA3FF', 'consignee_name': '#C7A87A', 'stamp': '#A6F276', 'invoice_amount': '#0D14A0', 'dimension': '#6C8DD6', 'O': '#01DEC7', 'consignor_name': '#E3EC9D', 'notify_party_name': '#691D3C', 'beneficiary_drawer_exporter_seller_supplier_name': '#353082', 'pre_carriage_by': '#66EC42', 'consignor_address': '#7D0A46', 'declaration': '#4ECD3C', 'beneficiary_drawer_exporter_seller_supplier_tin_no': '#7A3DC8', 'country_of_origin_origin_of_goods': '#420EDE', 'awb_number': '#6A8BF0', 'beneficiary_address': '#C1B52B', 'remitter_address': '#C2C0D8', 'page_no': '#55504F', 'remitter_drawee_applicant_importer_buyer_name': '#6A3763', 'port_of_loading': '#795525', 'notify_party_address': '#CF0969', 'payment_terms_terms_of_delivery_&_payment': '#04FE4B'}
2024-03-18 01:23:15,532 is result_set is instance of dict? True
2024-03-18 01:23:15,533 is final_result_set is instance of dict? True
2024-03-18 01:23:15,685 Time taken for page 1 of Packing_List_45_page_0.png:0:00:03.507149
2024-03-18 01:23:16,132 *****Generated All Pages****** for Packing_List_45_page_0.png
2024-03-18 01:23:16,133 RAM memory 72.0 used for Packing_List_45_page_0.png Generating All Pages:
2024-03-18 01:23:16,133 Processing time taken for all pages of Packing_List_45_page_0.png1:0:00:03.955789
2024-03-18 01:23:16,245 file name is:Packing_List_25_page_1.png
2024-03-18 01:23:16,245 folder path :Images
2024-03-18 01:23:16,245 Calling Image result
2024-03-18 01:23:16,245 is all_page_result is instance of dict? True
2024-03-18 01:23:16,245 STREAM b'IHDR' 16 13
2024-03-18 01:23:16,246 STREAM b'IDAT' 41 42798
2024-03-18 01:23:16,274 is words is instance of list? True
2024-03-18 01:23:16,274 is bboxes is instance of list? True
2024-03-18 01:23:16,274 is bounding_boxes is instance of list? True
2024-03-18 01:23:16,483 is input_id_chunks is instance of list? True
2024-03-18 01:23:16,484 is mask_chunks is instance of list? True
2024-03-18 01:23:16,484 is bbox_chunks is instance of list? True
2024-03-18 01:23:16,484 is image_chunks is instance of list? True
2024-03-18 01:23:16,484 is input_dict is instance of dict? True
2024-03-18 01:23:18,550 Model Called
2024-03-18 01:23:18,550 RAM memory 72.2 used for Packing_List_25_page_1.png:
2024-03-18 01:23:18,550 is all_predictions is instance of list? True
2024-03-18 01:23:18,550 is all_boxes is instance of list? True
2024-03-18 01:23:18,550 is all_confidences is instance of list? True
2024-03-18 01:23:18,550 is all_text is instance of list? True
2024-03-18 01:23:18,551 is label2id is instance of dict? True
2024-03-18 01:23:18,551 is id2label is instance of dict? True
2024-03-18 01:23:18,552 is label2color is instance of dict? True
2024-03-18 01:23:18,552 label2color : {'track_reference': '#C6D1AC', 'vessel_name': '#86282D', 'transaction_amount_value': '#7E1187', 'lc_ref_no': '#DC634B', 'invoice_currency': '#0E0DC5', 'bill_of_lading_date': '#7A6D80', 'net_weight': '#D6FDA2', 'awb_date': '#72BD53', 'date_of_invoice': '#EADE5B', 'port_of_discharge': '#848C2A', 'original_copy': '#6C2163', 'shipper_address': '#0DCAFE', 'rate_per_unit': '#89E89F', 'invoice_no': '#9FBCCE', 'signature': '#450BD9', 'consignee_address': '#41099B', 'incoterm': '#379A21', 'country_of_final_destination': '#71ED6E', 'description_of_goods': '#ADA4FC', 'total_quantity_of_goods': '#52A894', 'shipper_name': '#5C25F4', 'bill_of_lading_number': '#E40290', 'transaction_currency': '#06A0C9', 'iec_no': '#F3C253', 'gross_weight': '#DBD9C7', 'vessel_flight_no': '#D4C4E8', 'transaction_date': '#0A91C8', 'lc_date': '#68E5C2', 'consignee_name': '#D41832', 'stamp': '#C8B326', 'invoice_amount': '#919022', 'dimension': '#1DFBB5', 'O': '#1138FD', 'consignor_name': '#4D7611', 'notify_party_name': '#BAACA4', 'beneficiary_drawer_exporter_seller_supplier_name': '#9AC2A0', 'pre_carriage_by': '#1A259F', 'consignor_address': '#E40F4B', 'declaration': '#85F027', 'beneficiary_drawer_exporter_seller_supplier_tin_no': '#0ADA8D', 'country_of_origin_origin_of_goods': '#4D0407', 'awb_number': '#B266A1', 'beneficiary_address': '#54400E', 'remitter_address': '#13BBA3', 'page_no': '#520BDE', 'remitter_drawee_applicant_importer_buyer_name': '#FC8DD7', 'port_of_loading': '#254875', 'notify_party_address': '#736FE3', 'payment_terms_terms_of_delivery_&_payment': '#FF00C7'}
2024-03-18 01:23:18,771 is result_set is instance of dict? True
2024-03-18 01:23:18,772 is final_result_set is instance of dict? True
2024-03-18 01:23:18,902 Time taken for page 1 of Packing_List_25_page_1.png:0:00:02.656409
2024-03-18 01:23:19,025 *****Generated All Pages****** for Packing_List_25_page_1.png
2024-03-18 01:23:19,026 RAM memory 72.4 used for Packing_List_25_page_1.png Generating All Pages:
2024-03-18 01:23:19,026 Processing time taken for all pages of Packing_List_25_page_1.png1:0:00:02.780831
2024-03-18 01:23:19,147 file name is:Packing_List(2013_04_15_13_29_48_9903)_300_page_0.png
2024-03-18 01:23:19,147 folder path :Images
2024-03-18 01:23:19,147 Calling Image result
2024-03-18 01:23:19,147 is all_page_result is instance of dict? True
2024-03-18 01:23:19,157 STREAM b'IHDR' 16 13
2024-03-18 01:23:19,157 STREAM b'IDAT' 41 44197
2024-03-18 01:23:19,184 is words is instance of list? True
2024-03-18 01:23:19,184 is bboxes is instance of list? True
2024-03-18 01:23:19,184 is bounding_boxes is instance of list? True
2024-03-18 01:23:19,374 is input_id_chunks is instance of list? True
2024-03-18 01:23:19,374 is mask_chunks is instance of list? True
2024-03-18 01:23:19,374 is bbox_chunks is instance of list? True
2024-03-18 01:23:19,374 is image_chunks is instance of list? True
2024-03-18 01:23:19,374 is input_dict is instance of dict? True
2024-03-18 01:23:20,377 Model Called
2024-03-18 01:23:20,378 RAM memory 72.3 used for Packing_List(2013_04_15_13_29_48_9903)_300_page_0.png:
2024-03-18 01:23:20,378 is all_predictions is instance of list? True
2024-03-18 01:23:20,378 is all_boxes is instance of list? True
2024-03-18 01:23:20,378 is all_confidences is instance of list? True
2024-03-18 01:23:20,378 is all_text is instance of list? True
2024-03-18 01:23:20,378 is label2id is instance of dict? True
2024-03-18 01:23:20,378 is id2label is instance of dict? True
2024-03-18 01:23:20,379 is label2color is instance of dict? True
2024-03-18 01:23:20,379 label2color : {'track_reference': '#AA6C54', 'vessel_name': '#E6CBE3', 'transaction_amount_value': '#80F90C', 'lc_ref_no': '#422F25', 'invoice_currency': '#6BDE16', 'bill_of_lading_date': '#64415B', 'net_weight': '#B1E705', 'awb_date': '#4E548D', 'date_of_invoice': '#46C322', 'port_of_discharge': '#0B77BD', 'original_copy': '#0DC2F7', 'shipper_address': '#204AAE', 'rate_per_unit': '#5AB98B', 'invoice_no': '#82A17B', 'signature': '#0D47CD', 'consignee_address': '#4931E3', 'incoterm': '#1F553A', 'country_of_final_destination': '#B3CEFB', 'description_of_goods': '#F40B23', 'total_quantity_of_goods': '#4987EC', 'shipper_name': '#975B89', 'bill_of_lading_number': '#D681C6', 'transaction_currency': '#F044A7', 'iec_no': '#97BA25', 'gross_weight': '#42071B', 'vessel_flight_no': '#045F27', 'transaction_date': '#BCC518', 'lc_date': '#54359A', 'consignee_name': '#19D574', 'stamp': '#D5597F', 'invoice_amount': '#4249C4', 'dimension': '#B747F6', 'O': '#480AE0', 'consignor_name': '#B9B40F', 'notify_party_name': '#0A20DB', 'beneficiary_drawer_exporter_seller_supplier_name': '#707A8D', 'pre_carriage_by': '#38CFD6', 'consignor_address': '#DA4C5D', 'declaration': '#70B0B7', 'beneficiary_drawer_exporter_seller_supplier_tin_no': '#03A80F', 'country_of_origin_origin_of_goods': '#A60B4D', 'awb_number': '#A6B6C2', 'beneficiary_address': '#42AEEC', 'remitter_address': '#D2622E', 'page_no': '#CC767C', 'remitter_drawee_applicant_importer_buyer_name': '#9A28F0', 'port_of_loading': '#5B983A', 'notify_party_address': '#8738E2', 'payment_terms_terms_of_delivery_&_payment': '#712623'}
2024-03-18 01:23:20,509 is result_set is instance of dict? True
2024-03-18 01:23:20,509 is final_result_set is instance of dict? True
2024-03-18 01:23:20,664 Time taken for page 1 of Packing_List(2013_04_15_13_29_48_9903)_300_page_0.png:0:00:01.506442
2024-03-18 01:23:20,781 *****Generated All Pages****** for Packing_List(2013_04_15_13_29_48_9903)_300_page_0.png
2024-03-18 01:23:20,781 RAM memory 72.3 used for Packing_List(2013_04_15_13_29_48_9903)_300_page_0.png Generating All Pages:
2024-03-18 01:23:20,782 Processing time taken for all pages of Packing_List(2013_04_15_13_29_48_9903)_300_page_0.png1:0:00:01.634736
2024-03-18 01:23:20,919 file name is:Packing_List_46_page_1.png
2024-03-18 01:23:20,919 folder path :Images
2024-03-18 01:23:20,919 Calling Image result
2024-03-18 01:23:20,919 is all_page_result is instance of dict? True
2024-03-18 01:23:20,930 STREAM b'IHDR' 16 13
2024-03-18 01:23:20,930 STREAM b'IDAT' 41 45842
2024-03-18 01:23:20,959 is words is instance of list? True
2024-03-18 01:23:20,959 is bboxes is instance of list? True
2024-03-18 01:23:20,959 is bounding_boxes is instance of list? True
2024-03-18 01:23:21,171 is input_id_chunks is instance of list? True
2024-03-18 01:23:21,171 is mask_chunks is instance of list? True
2024-03-18 01:23:21,171 is bbox_chunks is instance of list? True
2024-03-18 01:23:21,171 is image_chunks is instance of list? True
2024-03-18 01:23:21,172 is input_dict is instance of dict? True
2024-03-18 01:23:23,206 Model Called
2024-03-18 01:23:23,206 RAM memory 70.3 used for Packing_List_46_page_1.png:
2024-03-18 01:23:23,206 is all_predictions is instance of list? True
2024-03-18 01:23:23,206 is all_boxes is instance of list? True
2024-03-18 01:23:23,206 is all_confidences is instance of list? True
2024-03-18 01:23:23,206 is all_text is instance of list? True
2024-03-18 01:23:23,206 is label2id is instance of dict? True
2024-03-18 01:23:23,207 is id2label is instance of dict? True
2024-03-18 01:23:23,207 is label2color is instance of dict? True
2024-03-18 01:23:23,207 label2color : {'track_reference': '#588C9C', 'vessel_name': '#EE9986', 'transaction_amount_value': '#D035A4', 'lc_ref_no': '#DC28F3', 'invoice_currency': '#7B1054', 'bill_of_lading_date': '#40C986', 'net_weight': '#7645AF', 'awb_date': '#28E74B', 'date_of_invoice': '#B55162', 'port_of_discharge': '#2C2AAD', 'original_copy': '#0FEEE3', 'shipper_address': '#A0AE06', 'rate_per_unit': '#2E10B7', 'invoice_no': '#E16A7E', 'signature': '#B079F7', 'consignee_address': '#42A4A1', 'incoterm': '#D371BC', 'country_of_final_destination': '#671618', 'description_of_goods': '#844AFE', 'total_quantity_of_goods': '#A27A6C', 'shipper_name': '#B34EC9', 'bill_of_lading_number': '#8C2CA4', 'transaction_currency': '#24532E', 'iec_no': '#DD477B', 'gross_weight': '#3AC081', 'vessel_flight_no': '#B63BDC', 'transaction_date': '#8BA485', 'lc_date': '#D3E24A', 'consignee_name': '#5029C7', 'stamp': '#F4A46A', 'invoice_amount': '#2F6AF3', 'dimension': '#4ACE9D', 'O': '#72C7AB', 'consignor_name': '#876A50', 'notify_party_name': '#45CD5F', 'beneficiary_drawer_exporter_seller_supplier_name': '#6262D1', 'pre_carriage_by': '#C55D6C', 'consignor_address': '#042469', 'declaration': '#B1D997', 'beneficiary_drawer_exporter_seller_supplier_tin_no': '#B5A020', 'country_of_origin_origin_of_goods': '#0A6AD9', 'awb_number': '#CEDD7A', 'beneficiary_address': '#15B20D', 'remitter_address': '#24F4A8', 'page_no': '#E2D9CE', 'remitter_drawee_applicant_importer_buyer_name': '#B73F95', 'port_of_loading': '#3086D3', 'notify_party_address': '#E17C87', 'payment_terms_terms_of_delivery_&_payment': '#41C9CE'}
2024-03-18 01:23:23,401 is result_set is instance of dict? True
2024-03-18 01:23:23,402 is final_result_set is instance of dict? True
2024-03-18 01:23:23,564 Time taken for page 1 of Packing_List_46_page_1.png:0:00:02.633604
2024-03-18 01:23:23,682 *****Generated All Pages****** for Packing_List_46_page_1.png
2024-03-18 01:23:23,682 RAM memory 70.3 used for Packing_List_46_page_1.png Generating All Pages:
2024-03-18 01:23:23,682 Processing time taken for all pages of Packing_List_46_page_1.png1:0:00:02.762496
2024-03-18 01:23:23,804 file name is:Packing_List_53_page_0.png
2024-03-18 01:23:23,804 folder path :Images
2024-03-18 01:23:23,804 Calling Image result
2024-03-18 01:23:23,804 is all_page_result is instance of dict? True
2024-03-18 01:23:23,814 STREAM b'IHDR' 16 13
2024-03-18 01:23:23,814 STREAM b'IDAT' 41 40178
2024-03-18 01:23:23,843 is words is instance of list? True
2024-03-18 01:23:23,843 is bboxes is instance of list? True
2024-03-18 01:23:23,843 is bounding_boxes is instance of list? True
2024-03-18 01:23:24,088 is input_id_chunks is instance of list? True
2024-03-18 01:23:24,088 is mask_chunks is instance of list? True
2024-03-18 01:23:24,088 is bbox_chunks is instance of list? True
2024-03-18 01:23:24,088 is image_chunks is instance of list? True
2024-03-18 01:23:24,089 is input_dict is instance of dict? True
2024-03-18 01:23:26,346 Model Called
2024-03-18 01:23:26,346 RAM memory 70.0 used for Packing_List_53_page_0.png:
2024-03-18 01:23:26,347 is all_predictions is instance of list? True
2024-03-18 01:23:26,347 is all_boxes is instance of list? True
2024-03-18 01:23:26,347 is all_confidences is instance of list? True
2024-03-18 01:23:26,347 is all_text is instance of list? True
2024-03-18 01:23:26,347 is label2id is instance of dict? True
2024-03-18 01:23:26,347 is id2label is instance of dict? True
2024-03-18 01:23:26,348 is label2color is instance of dict? True
2024-03-18 01:23:26,348 label2color : {'track_reference': '#194D72', 'vessel_name': '#EE017B', 'transaction_amount_value': '#38EEA0', 'lc_ref_no': '#D0E81D', 'invoice_currency': '#B83A08', 'bill_of_lading_date': '#E95B71', 'net_weight': '#9E6F98', 'awb_date': '#2B6622', 'date_of_invoice': '#94C567', 'port_of_discharge': '#83EF80', 'original_copy': '#CD795C', 'shipper_address': '#F78F0A', 'rate_per_unit': '#6341BB', 'invoice_no': '#799A9A', 'signature': '#0B863B', 'consignee_address': '#9B057F', 'incoterm': '#839180', 'country_of_final_destination': '#9C71BF', 'description_of_goods': '#E3EED1', 'total_quantity_of_goods': '#5EAC8F', 'shipper_name': '#ACEFF5', 'bill_of_lading_number': '#A705EE', 'transaction_currency': '#663588', 'iec_no': '#0DEFBC', 'gross_weight': '#5B6597', 'vessel_flight_no': '#FB1866', 'transaction_date': '#C7B0BE', 'lc_date': '#16CAFE', 'consignee_name': '#068C18', 'stamp': '#EDC0AC', 'invoice_amount': '#431419', 'dimension': '#305876', 'O': '#054072', 'consignor_name': '#C33E3F', 'notify_party_name': '#D5D59F', 'beneficiary_drawer_exporter_seller_supplier_name': '#1D831D', 'pre_carriage_by': '#BC802C', 'consignor_address': '#C3BF91', 'declaration': '#3D7F30', 'beneficiary_drawer_exporter_seller_supplier_tin_no': '#D3781D', 'country_of_origin_origin_of_goods': '#6B9B4A', 'awb_number': '#3FEACC', 'beneficiary_address': '#EA1B55', 'remitter_address': '#587865', 'page_no': '#727F41', 'remitter_drawee_applicant_importer_buyer_name': '#B02C70', 'port_of_loading': '#400706', 'notify_party_address': '#16FF26', 'payment_terms_terms_of_delivery_&_payment': '#8CE597'}
2024-03-18 01:23:26,548 is result_set is instance of dict? True
2024-03-18 01:23:26,549 is final_result_set is instance of dict? True
2024-03-18 01:23:26,714 Time taken for page 1 of Packing_List_53_page_0.png:0:00:02.899073
2024-03-18 01:23:26,837 *****Generated All Pages****** for Packing_List_53_page_0.png
2024-03-18 01:23:26,837 RAM memory 70.1 used for Packing_List_53_page_0.png Generating All Pages:
2024-03-18 01:23:26,837 Processing time taken for all pages of Packing_List_53_page_0.png1:0:00:03.033217
2024-03-18 01:23:26,969 file name is:Packing_List_33_page_0.png
2024-03-18 01:23:26,969 folder path :Images
2024-03-18 01:23:26,969 Calling Image result
2024-03-18 01:23:26,969 is all_page_result is instance of dict? True
2024-03-18 01:23:26,979 STREAM b'IHDR' 16 13
2024-03-18 01:23:26,980 STREAM b'IDAT' 41 58557
2024-03-18 01:23:27,007 is words is instance of list? True
2024-03-18 01:23:27,007 is bboxes is instance of list? True
2024-03-18 01:23:27,007 is bounding_boxes is instance of list? True
2024-03-18 01:23:27,202 is input_id_chunks is instance of list? True
2024-03-18 01:23:27,202 is mask_chunks is instance of list? True
2024-03-18 01:23:27,202 is bbox_chunks is instance of list? True
2024-03-18 01:23:27,202 is image_chunks is instance of list? True
2024-03-18 01:23:27,203 is input_dict is instance of dict? True
2024-03-18 01:23:28,188 Model Called
2024-03-18 01:23:28,188 RAM memory 68.0 used for Packing_List_33_page_0.png:
2024-03-18 01:23:28,188 is all_predictions is instance of list? True
2024-03-18 01:23:28,188 is all_boxes is instance of list? True
2024-03-18 01:23:28,188 is all_confidences is instance of list? True
2024-03-18 01:23:28,188 is all_text is instance of list? True
2024-03-18 01:23:28,189 is label2id is instance of dict? True
2024-03-18 01:23:28,189 is id2label is instance of dict? True
2024-03-18 01:23:28,190 is label2color is instance of dict? True
2024-03-18 01:23:28,190 label2color : {'track_reference': '#334B8A', 'vessel_name': '#ADFC47', 'transaction_amount_value': '#E6011F', 'lc_ref_no': '#A7166D', 'invoice_currency': '#8D468C', 'bill_of_lading_date': '#FECE8D', 'net_weight': '#85E80C', 'awb_date': '#5D680F', 'date_of_invoice': '#85630C', 'port_of_discharge': '#1DACEC', 'original_copy': '#2B57CB', 'shipper_address': '#5B9B28', 'rate_per_unit': '#6256F8', 'invoice_no': '#4C4C8A', 'signature': '#E2C925', 'consignee_address': '#75BA94', 'incoterm': '#74C66B', 'country_of_final_destination': '#4631BF', 'description_of_goods': '#D0AA94', 'total_quantity_of_goods': '#BE0D78', 'shipper_name': '#02D4D4', 'bill_of_lading_number': '#3E2331', 'transaction_currency': '#2BB02E', 'iec_no': '#FF854D', 'gross_weight': '#B1BA70', 'vessel_flight_no': '#D8D348', 'transaction_date': '#6479DD', 'lc_date': '#8AB1D1', 'consignee_name': '#4DA3AF', 'stamp': '#4D3652', 'invoice_amount': '#3BCD4D', 'dimension': '#FD0C8C', 'O': '#BAFA1D', 'consignor_name': '#301091', 'notify_party_name': '#A4FF28', 'beneficiary_drawer_exporter_seller_supplier_name': '#EEC1E0', 'pre_carriage_by': '#A98BBF', 'consignor_address': '#5A8FB5', 'declaration': '#2AC415', 'beneficiary_drawer_exporter_seller_supplier_tin_no': '#DC761D', 'country_of_origin_origin_of_goods': '#01CC56', 'awb_number': '#62E077', 'beneficiary_address': '#88F6FC', 'remitter_address': '#4AB765', 'page_no': '#A7C1E8', 'remitter_drawee_applicant_importer_buyer_name': '#3ECC1C', 'port_of_loading': '#E9BDC2', 'notify_party_address': '#F32BC7', 'payment_terms_terms_of_delivery_&_payment': '#0B91C0'}
2024-03-18 01:23:28,307 is result_set is instance of dict? True
2024-03-18 01:23:28,307 is final_result_set is instance of dict? True
2024-03-18 01:23:28,408 Time taken for page 1 of Packing_List_33_page_0.png:0:00:01.428366
2024-03-18 01:23:28,536 *****Generated All Pages****** for Packing_List_33_page_0.png
2024-03-18 01:23:28,536 RAM memory 68.0 used for Packing_List_33_page_0.png Generating All Pages:
2024-03-18 01:23:28,536 Processing time taken for all pages of Packing_List_33_page_0.png1:0:00:01.567189
2024-03-18 01:23:28,649 file name is:Packing_List_37_page_2.png
2024-03-18 01:23:28,649 folder path :Images
2024-03-18 01:23:28,649 Calling Image result
2024-03-18 01:23:28,649 is all_page_result is instance of dict? True
2024-03-18 01:23:28,649 STREAM b'IHDR' 16 13
2024-03-18 01:23:28,649 STREAM b'IDAT' 41 21331
2024-03-18 01:23:28,660 is words is instance of list? True
2024-03-18 01:23:28,660 is bboxes is instance of list? True
2024-03-18 01:23:28,660 is bounding_boxes is instance of list? True
2024-03-18 01:23:28,746 is input_id_chunks is instance of list? True
2024-03-18 01:23:28,746 is mask_chunks is instance of list? True
2024-03-18 01:23:28,746 is bbox_chunks is instance of list? True
2024-03-18 01:23:28,746 is image_chunks is instance of list? True
2024-03-18 01:23:28,746 is input_dict is instance of dict? True
2024-03-18 01:23:29,720 Model Called
2024-03-18 01:23:29,720 RAM memory 68.0 used for Packing_List_37_page_2.png:
2024-03-18 01:23:29,720 is all_predictions is instance of list? True
2024-03-18 01:23:29,720 is all_boxes is instance of list? True
2024-03-18 01:23:29,721 is all_confidences is instance of list? True
2024-03-18 01:23:29,721 is all_text is instance of list? True
2024-03-18 01:23:29,721 is label2id is instance of dict? True
2024-03-18 01:23:29,721 is id2label is instance of dict? True
2024-03-18 01:23:29,722 is label2color is instance of dict? True
2024-03-18 01:23:29,722 label2color : {'track_reference': '#47BCE0', 'vessel_name': '#CC76A3', 'transaction_amount_value': '#B260C7', 'lc_ref_no': '#F61ED7', 'invoice_currency': '#A5ED1E', 'bill_of_lading_date': '#2FCB6F', 'net_weight': '#546CEC', 'awb_date': '#74C684', 'date_of_invoice': '#EB6BC2', 'port_of_discharge': '#FBA0B9', 'original_copy': '#3E8755', 'shipper_address': '#1D21D6', 'rate_per_unit': '#936FD2', 'invoice_no': '#7FD236', 'signature': '#80023A', 'consignee_address': '#499591', 'incoterm': '#F6807D', 'country_of_final_destination': '#D75426', 'description_of_goods': '#A67555', 'total_quantity_of_goods': '#2B1E44', 'shipper_name': '#16DB5B', 'bill_of_lading_number': '#446B4B', 'transaction_currency': '#AF1ED6', 'iec_no': '#3653C2', 'gross_weight': '#25C1CC', 'vessel_flight_no': '#1C3DF6', 'transaction_date': '#39E60D', 'lc_date': '#ACA4D5', 'consignee_name': '#3E28FC', 'stamp': '#B1F2BC', 'invoice_amount': '#0DDB52', 'dimension': '#45AD0A', 'O': '#97CF1D', 'consignor_name': '#5E2BC7', 'notify_party_name': '#316EF8', 'beneficiary_drawer_exporter_seller_supplier_name': '#D7C7E6', 'pre_carriage_by': '#7C8E56', 'consignor_address': '#754941', 'declaration': '#0593F4', 'beneficiary_drawer_exporter_seller_supplier_tin_no': '#C49C23', 'country_of_origin_origin_of_goods': '#3E7AD0', 'awb_number': '#A50511', 'beneficiary_address': '#B11057', 'remitter_address': '#E57ADB', 'page_no': '#3CCC3D', 'remitter_drawee_applicant_importer_buyer_name': '#7E7DF4', 'port_of_loading': '#4AB2BB', 'notify_party_address': '#6A5325', 'payment_terms_terms_of_delivery_&_payment': '#69FF8F'}
2024-03-18 01:23:29,778 is result_set is instance of dict? True
2024-03-18 01:23:29,779 is final_result_set is instance of dict? True
2024-03-18 01:23:29,885 Time taken for page 1 of Packing_List_37_page_2.png:0:00:01.235368
2024-03-18 01:23:29,943 *****Generated All Pages****** for Packing_List_37_page_2.png
2024-03-18 01:23:29,943 RAM memory 68.1 used for Packing_List_37_page_2.png Generating All Pages:
2024-03-18 01:23:29,943 Processing time taken for all pages of Packing_List_37_page_2.png1:0:00:01.294182
2024-03-18 01:23:30,072 file name is:Packing_List(2012_08_30_15_10_44_6479)_886_page_2.png
2024-03-18 01:23:30,073 folder path :Images
2024-03-18 01:23:30,073 Calling Image result
2024-03-18 01:23:30,073 is all_page_result is instance of dict? True
2024-03-18 01:23:30,083 STREAM b'IHDR' 16 13
2024-03-18 01:23:30,083 STREAM b'IDAT' 41 44128
2024-03-18 01:23:30,113 is words is instance of list? True
2024-03-18 01:23:30,113 is bboxes is instance of list? True
2024-03-18 01:23:30,113 is bounding_boxes is instance of list? True
2024-03-18 01:23:30,331 is input_id_chunks is instance of list? True
2024-03-18 01:23:30,331 is mask_chunks is instance of list? True
2024-03-18 01:23:30,331 is bbox_chunks is instance of list? True
2024-03-18 01:23:30,331 is image_chunks is instance of list? True
2024-03-18 01:23:30,332 is input_dict is instance of dict? True
2024-03-18 01:23:32,473 Model Called
2024-03-18 01:23:32,473 RAM memory 69.9 used for Packing_List(2012_08_30_15_10_44_6479)_886_page_2.png:
2024-03-18 01:23:32,473 is all_predictions is instance of list? True
2024-03-18 01:23:32,473 is all_boxes is instance of list? True
2024-03-18 01:23:32,473 is all_confidences is instance of list? True
2024-03-18 01:23:32,473 is all_text is instance of list? True
2024-03-18 01:23:32,473 is label2id is instance of dict? True
2024-03-18 01:23:32,474 is id2label is instance of dict? True
2024-03-18 01:23:32,474 is label2color is instance of dict? True
2024-03-18 01:23:32,475 label2color : {'track_reference': '#10BA8B', 'vessel_name': '#BD52DA', 'transaction_amount_value': '#A7C21E', 'lc_ref_no': '#092987', 'invoice_currency': '#DCC4D8', 'bill_of_lading_date': '#241F4F', 'net_weight': '#ACE5AA', 'awb_date': '#3E5763', 'date_of_invoice': '#DD5D4E', 'port_of_discharge': '#08E875', 'original_copy': '#E79EEA', 'shipper_address': '#5CF88F', 'rate_per_unit': '#F76303', 'invoice_no': '#019F81', 'signature': '#5EC62C', 'consignee_address': '#2439F6', 'incoterm': '#618675', 'country_of_final_destination': '#60EECF', 'description_of_goods': '#292BA2', 'total_quantity_of_goods': '#4CD2CD', 'shipper_name': '#9C57B6', 'bill_of_lading_number': '#86E417', 'transaction_currency': '#29B336', 'iec_no': '#C4A6C3', 'gross_weight': '#FF1244', 'vessel_flight_no': '#6C2E37', 'transaction_date': '#F3C067', 'lc_date': '#AE81E5', 'consignee_name': '#B252C0', 'stamp': '#4FA27F', 'invoice_amount': '#FF0A49', 'dimension': '#B673DA', 'O': '#F31107', 'consignor_name': '#DC5C94', 'notify_party_name': '#C5A207', 'beneficiary_drawer_exporter_seller_supplier_name': '#BA12F8', 'pre_carriage_by': '#BC9033', 'consignor_address': '#B14F05', 'declaration': '#E54C39', 'beneficiary_drawer_exporter_seller_supplier_tin_no': '#7D6153', 'country_of_origin_origin_of_goods': '#66016A', 'awb_number': '#4BFB63', 'beneficiary_address': '#5564FF', 'remitter_address': '#619F86', 'page_no': '#4247D5', 'remitter_drawee_applicant_importer_buyer_name': '#22B20F', 'port_of_loading': '#91B2B5', 'notify_party_address': '#AB8233', 'payment_terms_terms_of_delivery_&_payment': '#8BA80F'}
2024-03-18 01:23:32,711 is result_set is instance of dict? True
2024-03-18 01:23:32,712 is final_result_set is instance of dict? True
2024-03-18 01:23:32,794 Time taken for page 1 of Packing_List(2012_08_30_15_10_44_6479)_886_page_2.png:0:00:02.710380
2024-03-18 01:23:32,909 *****Generated All Pages****** for Packing_List(2012_08_30_15_10_44_6479)_886_page_2.png
2024-03-18 01:23:32,909 RAM memory 69.9 used for Packing_List(2012_08_30_15_10_44_6479)_886_page_2.png Generating All Pages:
2024-03-18 01:23:32,909 Processing time taken for all pages of Packing_List(2012_08_30_15_10_44_6479)_886_page_2.png1:0:00:02.836589
2024-03-18 01:23:33,056 file name is:Packing_List_12_page_1.png
2024-03-18 01:23:33,056 folder path :Images
2024-03-18 01:23:33,056 Calling Image result
2024-03-18 01:23:33,057 is all_page_result is instance of dict? True
2024-03-18 01:23:33,067 STREAM b'IHDR' 16 13
2024-03-18 01:23:33,067 STREAM b'IDAT' 41 36207
2024-03-18 01:23:33,094 is words is instance of list? True
2024-03-18 01:23:33,094 is bboxes is instance of list? True
2024-03-18 01:23:33,094 is bounding_boxes is instance of list? True
2024-03-18 01:23:33,298 is input_id_chunks is instance of list? True
2024-03-18 01:23:33,298 is mask_chunks is instance of list? True
2024-03-18 01:23:33,298 is bbox_chunks is instance of list? True
2024-03-18 01:23:33,298 is image_chunks is instance of list? True
2024-03-18 01:23:33,299 is input_dict is instance of dict? True
2024-03-18 01:23:35,753 Model Called
2024-03-18 01:23:35,753 RAM memory 70.2 used for Packing_List_12_page_1.png:
2024-03-18 01:23:35,754 is all_predictions is instance of list? True
2024-03-18 01:23:35,754 is all_boxes is instance of list? True
2024-03-18 01:23:35,754 is all_confidences is instance of list? True
2024-03-18 01:23:35,754 is all_text is instance of list? True
2024-03-18 01:23:35,754 is label2id is instance of dict? True
2024-03-18 01:23:35,754 is id2label is instance of dict? True
2024-03-18 01:23:35,755 is label2color is instance of dict? True
2024-03-18 01:23:35,755 label2color : {'track_reference': '#BE1F5A', 'vessel_name': '#7C7BE0', 'transaction_amount_value': '#685644', 'lc_ref_no': '#77F114', 'invoice_currency': '#12B23F', 'bill_of_lading_date': '#11A113', 'net_weight': '#C06D60', 'awb_date': '#8D2E7D', 'date_of_invoice': '#53A640', 'port_of_discharge': '#519754', 'original_copy': '#D62E48', 'shipper_address': '#081A61', 'rate_per_unit': '#DC4E4E', 'invoice_no': '#1B24A0', 'signature': '#55D0F1', 'consignee_address': '#365DD4', 'incoterm': '#84CD20', 'country_of_final_destination': '#0A2E9E', 'description_of_goods': '#97E73E', 'total_quantity_of_goods': '#F12359', 'shipper_name': '#C35307', 'bill_of_lading_number': '#9519BC', 'transaction_currency': '#4B36BD', 'iec_no': '#FBB6A0', 'gross_weight': '#E04C69', 'vessel_flight_no': '#170A69', 'transaction_date': '#6216FA', 'lc_date': '#2D2113', 'consignee_name': '#BA35CA', 'stamp': '#89FFD8', 'invoice_amount': '#A2CDD4', 'dimension': '#AED169', 'O': '#BEBB1C', 'consignor_name': '#FA7896', 'notify_party_name': '#418C80', 'beneficiary_drawer_exporter_seller_supplier_name': '#B2BE33', 'pre_carriage_by': '#DB02BA', 'consignor_address': '#6C5F50', 'declaration': '#8BB52D', 'beneficiary_drawer_exporter_seller_supplier_tin_no': '#A4A98E', 'country_of_origin_origin_of_goods': '#2FB3AA', 'awb_number': '#C4B65E', 'beneficiary_address': '#A2C450', 'remitter_address': '#1AFAF3', 'page_no': '#C3F797', 'remitter_drawee_applicant_importer_buyer_name': '#1AD2BB', 'port_of_loading': '#381A92', 'notify_party_address': '#9E70F6', 'payment_terms_terms_of_delivery_&_payment': '#1CB270'}
2024-03-18 01:23:35,964 is result_set is instance of dict? True
2024-03-18 01:23:35,965 is final_result_set is instance of dict? True
2024-03-18 01:23:36,051 Time taken for page 1 of Packing_List_12_page_1.png:0:00:02.983307
2024-03-18 01:23:36,156 *****Generated All Pages****** for Packing_List_12_page_1.png
2024-03-18 01:23:36,156 RAM memory 70.0 used for Packing_List_12_page_1.png Generating All Pages:
2024-03-18 01:23:36,157 Processing time taken for all pages of Packing_List_12_page_1.png1:0:00:03.100144
2024-03-18 01:23:36,290 file name is:Packing_List_43_page_1.png
2024-03-18 01:23:36,291 folder path :Images
2024-03-18 01:23:36,291 Calling Image result
2024-03-18 01:23:36,291 is all_page_result is instance of dict? True
2024-03-18 01:23:36,301 STREAM b'IHDR' 16 13
2024-03-18 01:23:36,301 STREAM b'IDAT' 41 12142
2024-03-18 01:23:36,317 is words is instance of list? True
2024-03-18 01:23:36,317 is bboxes is instance of list? True
2024-03-18 01:23:36,318 is bounding_boxes is instance of list? True
2024-03-18 01:23:36,441 is input_id_chunks is instance of list? True
2024-03-18 01:23:36,441 is mask_chunks is instance of list? True
2024-03-18 01:23:36,441 is bbox_chunks is instance of list? True
2024-03-18 01:23:36,441 is image_chunks is instance of list? True
2024-03-18 01:23:36,441 is input_dict is instance of dict? True
2024-03-18 01:23:37,558 Model Called
2024-03-18 01:23:37,558 RAM memory 68.0 used for Packing_List_43_page_1.png:
2024-03-18 01:23:37,558 is all_predictions is instance of list? True
2024-03-18 01:23:37,558 is all_boxes is instance of list? True
2024-03-18 01:23:37,558 is all_confidences is instance of list? True
2024-03-18 01:23:37,558 is all_text is instance of list? True
2024-03-18 01:23:37,559 is label2id is instance of dict? True
2024-03-18 01:23:37,559 is id2label is instance of dict? True
2024-03-18 01:23:37,559 is label2color is instance of dict? True
2024-03-18 01:23:37,559 label2color : {'track_reference': '#F9BABC', 'vessel_name': '#2A890F', 'transaction_amount_value': '#0A7566', 'lc_ref_no': '#9B819D', 'invoice_currency': '#D6E2AE', 'bill_of_lading_date': '#12621F', 'net_weight': '#069984', 'awb_date': '#3371A0', 'date_of_invoice': '#5B70DA', 'port_of_discharge': '#37836F', 'original_copy': '#82F2BE', 'shipper_address': '#AB53D3', 'rate_per_unit': '#D9E974', 'invoice_no': '#CBEE7C', 'signature': '#66155D', 'consignee_address': '#5127C6', 'incoterm': '#D6C586', 'country_of_final_destination': '#B1E127', 'description_of_goods': '#543B97', 'total_quantity_of_goods': '#7A6325', 'shipper_name': '#245B0E', 'bill_of_lading_number': '#06055A', 'transaction_currency': '#0AADBD', 'iec_no': '#805900', 'gross_weight': '#1DC74D', 'vessel_flight_no': '#39FC98', 'transaction_date': '#C5B4CE', 'lc_date': '#9492E0', 'consignee_name': '#DA0A6E', 'stamp': '#0E55F1', 'invoice_amount': '#C47769', 'dimension': '#1D6FF1', 'O': '#84AAA0', 'consignor_name': '#BBB5F4', 'notify_party_name': '#97FC42', 'beneficiary_drawer_exporter_seller_supplier_name': '#F8EF96', 'pre_carriage_by': '#D63708', 'consignor_address': '#FDBFF5', 'declaration': '#A65F06', 'beneficiary_drawer_exporter_seller_supplier_tin_no': '#30B423', 'country_of_origin_origin_of_goods': '#4984C9', 'awb_number': '#99DA35', 'beneficiary_address': '#BF0105', 'remitter_address': '#8984AD', 'page_no': '#CBC257', 'remitter_drawee_applicant_importer_buyer_name': '#E65A18', 'port_of_loading': '#F84EC0', 'notify_party_address': '#3F7481', 'payment_terms_terms_of_delivery_&_payment': '#D4A57F'}
2024-03-18 01:23:37,638 is result_set is instance of dict? True
2024-03-18 01:23:37,638 is final_result_set is instance of dict? True
2024-03-18 01:23:37,665 Time taken for page 1 of Packing_List_43_page_1.png:0:00:01.363692
2024-03-18 01:23:37,713 *****Generated All Pages****** for Packing_List_43_page_1.png
2024-03-18 01:23:37,713 RAM memory 68.1 used for Packing_List_43_page_1.png Generating All Pages:
2024-03-18 01:23:37,714 Processing time taken for all pages of Packing_List_43_page_1.png1:0:00:01.422812
2024-03-18 01:23:37,837 file name is:Packing_List_7_page_0.png
2024-03-18 01:23:37,838 folder path :Images
2024-03-18 01:23:37,838 Calling Image result
2024-03-18 01:23:37,838 is all_page_result is instance of dict? True
2024-03-18 01:23:37,848 STREAM b'IHDR' 16 13
2024-03-18 01:23:37,848 STREAM b'IDAT' 41 41472
2024-03-18 01:23:37,876 is words is instance of list? True
2024-03-18 01:23:37,876 is bboxes is instance of list? True
2024-03-18 01:23:37,876 is bounding_boxes is instance of list? True
2024-03-18 01:23:38,083 is input_id_chunks is instance of list? True
2024-03-18 01:23:38,083 is mask_chunks is instance of list? True
2024-03-18 01:23:38,083 is bbox_chunks is instance of list? True
2024-03-18 01:23:38,083 is image_chunks is instance of list? True
2024-03-18 01:23:38,084 is input_dict is instance of dict? True
2024-03-18 01:23:39,134 Model Called
2024-03-18 01:23:39,135 RAM memory 68.2 used for Packing_List_7_page_0.png:
2024-03-18 01:23:39,135 is all_predictions is instance of list? True
2024-03-18 01:23:39,135 is all_boxes is instance of list? True
2024-03-18 01:23:39,135 is all_confidences is instance of list? True
2024-03-18 01:23:39,135 is all_text is instance of list? True
2024-03-18 01:23:39,135 is label2id is instance of dict? True
2024-03-18 01:23:39,135 is id2label is instance of dict? True
2024-03-18 01:23:39,136 is label2color is instance of dict? True
2024-03-18 01:23:39,136 label2color : {'track_reference': '#085E47', 'vessel_name': '#02C7A6', 'transaction_amount_value': '#DC7638', 'lc_ref_no': '#66705A', 'invoice_currency': '#516381', 'bill_of_lading_date': '#6FB9EF', 'net_weight': '#3CBDCF', 'awb_date': '#EE0204', 'date_of_invoice': '#5CC50B', 'port_of_discharge': '#603403', 'original_copy': '#52ADDB', 'shipper_address': '#E64047', 'rate_per_unit': '#19E9F4', 'invoice_no': '#118D55', 'signature': '#2586ED', 'consignee_address': '#A919C0', 'incoterm': '#EB9BE9', 'country_of_final_destination': '#F3B94A', 'description_of_goods': '#D534B6', 'total_quantity_of_goods': '#DBA79A', 'shipper_name': '#C83105', 'bill_of_lading_number': '#8340E4', 'transaction_currency': '#C96F86', 'iec_no': '#7C1CB9', 'gross_weight': '#113187', 'vessel_flight_no': '#052DA9', 'transaction_date': '#6AA4A5', 'lc_date': '#C2ACAD', 'consignee_name': '#757979', 'stamp': '#E41C1C', 'invoice_amount': '#A2D2E2', 'dimension': '#1CE3F5', 'O': '#2B7B7C', 'consignor_name': '#E6ABA5', 'notify_party_name': '#2C1503', 'beneficiary_drawer_exporter_seller_supplier_name': '#A2A028', 'pre_carriage_by': '#11206C', 'consignor_address': '#812B91', 'declaration': '#2218BE', 'beneficiary_drawer_exporter_seller_supplier_tin_no': '#9592BA', 'country_of_origin_origin_of_goods': '#066978', 'awb_number': '#1B964C', 'beneficiary_address': '#7EFAAE', 'remitter_address': '#469CEB', 'page_no': '#A07F60', 'remitter_drawee_applicant_importer_buyer_name': '#06AA30', 'port_of_loading': '#D0ED90', 'notify_party_address': '#D84E08', 'payment_terms_terms_of_delivery_&_payment': '#92714C'}
2024-03-18 01:23:39,273 is result_set is instance of dict? True
2024-03-18 01:23:39,274 is final_result_set is instance of dict? True
2024-03-18 01:23:39,432 Time taken for page 1 of Packing_List_7_page_0.png:0:00:01.583569
2024-03-18 01:23:39,566 *****Generated All Pages****** for Packing_List_7_page_0.png
2024-03-18 01:23:39,566 RAM memory 68.2 used for Packing_List_7_page_0.png Generating All Pages:
2024-03-18 01:23:39,566 Processing time taken for all pages of Packing_List_7_page_0.png1:0:00:01.728181
2024-03-18 01:23:39,704 file name is:Packing_List_21_page_0.png
2024-03-18 01:23:39,704 folder path :Images
2024-03-18 01:23:39,704 Calling Image result
2024-03-18 01:23:39,704 is all_page_result is instance of dict? True
2024-03-18 01:23:39,715 STREAM b'IHDR' 16 13
2024-03-18 01:23:39,715 STREAM b'IDAT' 41 36422
2024-03-18 01:23:39,745 is words is instance of list? True
2024-03-18 01:23:39,745 is bboxes is instance of list? True
2024-03-18 01:23:39,745 is bounding_boxes is instance of list? True
2024-03-18 01:23:39,974 is input_id_chunks is instance of list? True
2024-03-18 01:23:39,974 is mask_chunks is instance of list? True
2024-03-18 01:23:39,974 is bbox_chunks is instance of list? True
2024-03-18 01:23:39,974 is image_chunks is instance of list? True
2024-03-18 01:23:39,975 is input_dict is instance of dict? True
2024-03-18 01:23:41,994 Model Called
2024-03-18 01:23:41,994 RAM memory 70.4 used for Packing_List_21_page_0.png:
2024-03-18 01:23:41,994 is all_predictions is instance of list? True
2024-03-18 01:23:41,994 is all_boxes is instance of list? True
2024-03-18 01:23:41,994 is all_confidences is instance of list? True
2024-03-18 01:23:41,995 is all_text is instance of list? True
2024-03-18 01:23:41,995 is label2id is instance of dict? True
2024-03-18 01:23:41,995 is id2label is instance of dict? True
2024-03-18 01:23:41,996 is label2color is instance of dict? True
2024-03-18 01:23:41,996 label2color : {'track_reference': '#59393D', 'vessel_name': '#BD22BF', 'transaction_amount_value': '#644B61', 'lc_ref_no': '#6A7426', 'invoice_currency': '#16C221', 'bill_of_lading_date': '#233F0D', 'net_weight': '#F721ED', 'awb_date': '#A10D0F', 'date_of_invoice': '#E1A335', 'port_of_discharge': '#D85A76', 'original_copy': '#24F427', 'shipper_address': '#76A0C3', 'rate_per_unit': '#6DA493', 'invoice_no': '#05EC71', 'signature': '#BE0C63', 'consignee_address': '#55C001', 'incoterm': '#613B50', 'country_of_final_destination': '#81F7CA', 'description_of_goods': '#60733B', 'total_quantity_of_goods': '#2B09A8', 'shipper_name': '#31203E', 'bill_of_lading_number': '#9E2FFD', 'transaction_currency': '#5EEA00', 'iec_no': '#F71B19', 'gross_weight': '#577AE2', 'vessel_flight_no': '#8C3ECC', 'transaction_date': '#B52DB4', 'lc_date': '#EADA48', 'consignee_name': '#1E420C', 'stamp': '#CBFA88', 'invoice_amount': '#E17E00', 'dimension': '#1CE120', 'O': '#FE2EBE', 'consignor_name': '#A41BF9', 'notify_party_name': '#BE281D', 'beneficiary_drawer_exporter_seller_supplier_name': '#7E4B72', 'pre_carriage_by': '#4C53B7', 'consignor_address': '#69A2ED', 'declaration': '#F44D23', 'beneficiary_drawer_exporter_seller_supplier_tin_no': '#3188C9', 'country_of_origin_origin_of_goods': '#B5B569', 'awb_number': '#D75446', 'beneficiary_address': '#A3F9EE', 'remitter_address': '#EEC578', 'page_no': '#D76394', 'remitter_drawee_applicant_importer_buyer_name': '#3F36B2', 'port_of_loading': '#9DC0BB', 'notify_party_address': '#2124D6', 'payment_terms_terms_of_delivery_&_payment': '#2025C6'}
2024-03-18 01:23:42,204 is result_set is instance of dict? True
2024-03-18 01:23:42,205 is final_result_set is instance of dict? True
2024-03-18 01:23:42,340 Time taken for page 1 of Packing_List_21_page_0.png:0:00:02.624836
2024-03-18 01:23:42,446 *****Generated All Pages****** for Packing_List_21_page_0.png
2024-03-18 01:23:42,446 RAM memory 70.4 used for Packing_List_21_page_0.png Generating All Pages:
2024-03-18 01:23:42,447 Processing time taken for all pages of Packing_List_21_page_0.png1:0:00:02.742585
2024-03-18 01:23:42,568 file name is:Packing_List_44_page_0.png
2024-03-18 01:23:42,568 folder path :Images
2024-03-18 01:23:42,568 Calling Image result
2024-03-18 01:23:42,568 is all_page_result is instance of dict? True
2024-03-18 01:23:42,579 STREAM b'IHDR' 16 13
2024-03-18 01:23:42,579 STREAM b'IDAT' 41 46913
2024-03-18 01:23:42,627 is words is instance of list? True
2024-03-18 01:23:42,627 is bboxes is instance of list? True
2024-03-18 01:23:42,627 is bounding_boxes is instance of list? True
2024-03-18 01:23:42,859 is input_id_chunks is instance of list? True
2024-03-18 01:23:42,859 is mask_chunks is instance of list? True
2024-03-18 01:23:42,859 is bbox_chunks is instance of list? True
2024-03-18 01:23:42,859 is image_chunks is instance of list? True
2024-03-18 01:23:42,860 is input_dict is instance of dict? True
2024-03-18 01:23:45,903 Model Called
2024-03-18 01:23:45,903 RAM memory 70.4 used for Packing_List_44_page_0.png:
2024-03-18 01:23:45,903 is all_predictions is instance of list? True
2024-03-18 01:23:45,903 is all_boxes is instance of list? True
2024-03-18 01:23:45,903 is all_confidences is instance of list? True
2024-03-18 01:23:45,904 is all_text is instance of list? True
2024-03-18 01:23:45,904 is label2id is instance of dict? True
2024-03-18 01:23:45,904 is id2label is instance of dict? True
2024-03-18 01:23:45,906 is label2color is instance of dict? True
2024-03-18 01:23:45,906 label2color : {'track_reference': '#BF9BD0', 'vessel_name': '#67E1C6', 'transaction_amount_value': '#EAD86B', 'lc_ref_no': '#562BE2', 'invoice_currency': '#26071D', 'bill_of_lading_date': '#BD7145', 'net_weight': '#D2ECEE', 'awb_date': '#7DC613', 'date_of_invoice': '#4F962A', 'port_of_discharge': '#BB9CF0', 'original_copy': '#214CF2', 'shipper_address': '#3CFE4A', 'rate_per_unit': '#E9E649', 'invoice_no': '#F074D5', 'signature': '#C5321A', 'consignee_address': '#535163', 'incoterm': '#B43BD0', 'country_of_final_destination': '#71FA43', 'description_of_goods': '#C18377', 'total_quantity_of_goods': '#451E92', 'shipper_name': '#2B0A55', 'bill_of_lading_number': '#71D792', 'transaction_currency': '#FB77A1', 'iec_no': '#E064DA', 'gross_weight': '#2CDA70', 'vessel_flight_no': '#E307DC', 'transaction_date': '#21C909', 'lc_date': '#0A24C8', 'consignee_name': '#CB160D', 'stamp': '#AE7631', 'invoice_amount': '#315716', 'dimension': '#CBA964', 'O': '#B0FDE3', 'consignor_name': '#D90DB4', 'notify_party_name': '#D03A5D', 'beneficiary_drawer_exporter_seller_supplier_name': '#BF0FAB', 'pre_carriage_by': '#08286E', 'consignor_address': '#3E4E41', 'declaration': '#A7F591', 'beneficiary_drawer_exporter_seller_supplier_tin_no': '#84ECBD', 'country_of_origin_origin_of_goods': '#94DE13', 'awb_number': '#24B76F', 'beneficiary_address': '#9B669F', 'remitter_address': '#087CED', 'page_no': '#E92CBB', 'remitter_drawee_applicant_importer_buyer_name': '#E8E176', 'port_of_loading': '#3B48E3', 'notify_party_address': '#AAC849', 'payment_terms_terms_of_delivery_&_payment': '#CC54B2'}
2024-03-18 01:23:46,202 is result_set is instance of dict? True
2024-03-18 01:23:46,203 is final_result_set is instance of dict? True
2024-03-18 01:23:46,378 Time taken for page 1 of Packing_List_44_page_0.png:0:00:03.798653
2024-03-18 01:23:46,496 *****Generated All Pages****** for Packing_List_44_page_0.png
2024-03-18 01:23:46,496 RAM memory 70.6 used for Packing_List_44_page_0.png Generating All Pages:
2024-03-18 01:23:46,496 Processing time taken for all pages of Packing_List_44_page_0.png1:0:00:03.927604
2024-03-18 01:23:46,628 file name is:Packing_List_30_page_1.png
2024-03-18 01:23:46,628 folder path :Images
2024-03-18 01:23:46,628 Calling Image result
2024-03-18 01:23:46,629 is all_page_result is instance of dict? True
2024-03-18 01:23:46,639 STREAM b'IHDR' 16 13
2024-03-18 01:23:46,639 STREAM b'IDAT' 41 44320
2024-03-18 01:23:46,667 is words is instance of list? True
2024-03-18 01:23:46,667 is bboxes is instance of list? True
2024-03-18 01:23:46,667 is bounding_boxes is instance of list? True
2024-03-18 01:23:46,870 is input_id_chunks is instance of list? True
2024-03-18 01:23:46,871 is mask_chunks is instance of list? True
2024-03-18 01:23:46,871 is bbox_chunks is instance of list? True
2024-03-18 01:23:46,871 is image_chunks is instance of list? True
2024-03-18 01:23:46,871 is input_dict is instance of dict? True
2024-03-18 01:23:49,067 Model Called
2024-03-18 01:23:49,067 RAM memory 70.7 used for Packing_List_30_page_1.png:
2024-03-18 01:23:49,067 is all_predictions is instance of list? True
2024-03-18 01:23:49,067 is all_boxes is instance of list? True
2024-03-18 01:23:49,067 is all_confidences is instance of list? True
2024-03-18 01:23:49,067 is all_text is instance of list? True
2024-03-18 01:23:49,068 is label2id is instance of dict? True
2024-03-18 01:23:49,068 is id2label is instance of dict? True
2024-03-18 01:23:49,068 is label2color is instance of dict? True
2024-03-18 01:23:49,068 label2color : {'track_reference': '#6AA34F', 'vessel_name': '#C80ABF', 'transaction_amount_value': '#ED8335', 'lc_ref_no': '#25B25E', 'invoice_currency': '#BC0847', 'bill_of_lading_date': '#DF1B04', 'net_weight': '#40E267', 'awb_date': '#A146CB', 'date_of_invoice': '#EC1E39', 'port_of_discharge': '#7B6C88', 'original_copy': '#DABC93', 'shipper_address': '#69E2E5', 'rate_per_unit': '#C124F5', 'invoice_no': '#23F60C', 'signature': '#F84D85', 'consignee_address': '#C8DABF', 'incoterm': '#5A625A', 'country_of_final_destination': '#C7B1A9', 'description_of_goods': '#EE5710', 'total_quantity_of_goods': '#4FF446', 'shipper_name': '#419D17', 'bill_of_lading_number': '#F7BB16', 'transaction_currency': '#44E07E', 'iec_no': '#FAF9AB', 'gross_weight': '#433E09', 'vessel_flight_no': '#B68AE9', 'transaction_date': '#4ADF8E', 'lc_date': '#8D5FF0', 'consignee_name': '#5CEDAA', 'stamp': '#9DC7D2', 'invoice_amount': '#A2706F', 'dimension': '#2CBF35', 'O': '#9A491A', 'consignor_name': '#7787D2', 'notify_party_name': '#817682', 'beneficiary_drawer_exporter_seller_supplier_name': '#C0C8F7', 'pre_carriage_by': '#2E70F8', 'consignor_address': '#3FCB67', 'declaration': '#F4CC29', 'beneficiary_drawer_exporter_seller_supplier_tin_no': '#4A60B6', 'country_of_origin_origin_of_goods': '#B4C788', 'awb_number': '#7F7C12', 'beneficiary_address': '#7EC682', 'remitter_address': '#2CDA11', 'page_no': '#95C1EA', 'remitter_drawee_applicant_importer_buyer_name': '#DA919B', 'port_of_loading': '#6B018F', 'notify_party_address': '#A26536', 'payment_terms_terms_of_delivery_&_payment': '#BFFBDD'}
2024-03-18 01:23:49,280 is result_set is instance of dict? True
2024-03-18 01:23:49,281 is final_result_set is instance of dict? True
2024-03-18 01:23:49,437 Time taken for page 1 of Packing_List_30_page_1.png:0:00:02.797987
2024-03-18 01:23:49,554 *****Generated All Pages****** for Packing_List_30_page_1.png
2024-03-18 01:23:49,554 RAM memory 70.7 used for Packing_List_30_page_1.png Generating All Pages:
2024-03-18 01:23:49,554 Processing time taken for all pages of Packing_List_30_page_1.png1:0:00:02.926023
2024-03-18 01:23:49,680 file name is:Packing_List_35_page_0.png
2024-03-18 01:23:49,680 folder path :Images
2024-03-18 01:23:49,680 Calling Image result
2024-03-18 01:23:49,680 is all_page_result is instance of dict? True
2024-03-18 01:23:49,691 STREAM b'IHDR' 16 13
2024-03-18 01:23:49,691 STREAM b'IDAT' 41 41370
2024-03-18 01:23:49,736 is words is instance of list? True
2024-03-18 01:23:49,736 is bboxes is instance of list? True
2024-03-18 01:23:49,736 is bounding_boxes is instance of list? True
2024-03-18 01:23:49,978 is input_id_chunks is instance of list? True
2024-03-18 01:23:49,978 is mask_chunks is instance of list? True
2024-03-18 01:23:49,978 is bbox_chunks is instance of list? True
2024-03-18 01:23:49,978 is image_chunks is instance of list? True
2024-03-18 01:23:49,979 is input_dict is instance of dict? True
2024-03-18 01:23:51,233 Model Called
2024-03-18 01:23:51,234 RAM memory 69.1 used for Packing_List_35_page_0.png:
2024-03-18 01:23:51,234 is all_predictions is instance of list? True
2024-03-18 01:23:51,234 is all_boxes is instance of list? True
2024-03-18 01:23:51,234 is all_confidences is instance of list? True
2024-03-18 01:23:51,234 is all_text is instance of list? True
2024-03-18 01:23:51,234 is label2id is instance of dict? True
2024-03-18 01:23:51,234 is id2label is instance of dict? True
2024-03-18 01:23:51,235 is label2color is instance of dict? True
2024-03-18 01:23:51,235 label2color : {'track_reference': '#3F94F2', 'vessel_name': '#8E8B09', 'transaction_amount_value': '#599FB2', 'lc_ref_no': '#CC3FE1', 'invoice_currency': '#1E5035', 'bill_of_lading_date': '#3C6DD4', 'net_weight': '#4C463B', 'awb_date': '#CFA938', 'date_of_invoice': '#A651FC', 'port_of_discharge': '#904BA0', 'original_copy': '#7EF735', 'shipper_address': '#AFC074', 'rate_per_unit': '#0C978C', 'invoice_no': '#840B58', 'signature': '#918FDE', 'consignee_address': '#5EE728', 'incoterm': '#9F72AB', 'country_of_final_destination': '#0E98F7', 'description_of_goods': '#282929', 'total_quantity_of_goods': '#521980', 'shipper_name': '#7B6B69', 'bill_of_lading_number': '#EF1605', 'transaction_currency': '#429D32', 'iec_no': '#F0203C', 'gross_weight': '#E1B39B', 'vessel_flight_no': '#337D03', 'transaction_date': '#6DDDB1', 'lc_date': '#7D206A', 'consignee_name': '#0DA37E', 'stamp': '#CFD73C', 'invoice_amount': '#66BFB3', 'dimension': '#1E8DDE', 'O': '#385CB5', 'consignor_name': '#B5ECB7', 'notify_party_name': '#BBC7FD', 'beneficiary_drawer_exporter_seller_supplier_name': '#917AA1', 'pre_carriage_by': '#50305E', 'consignor_address': '#B330B8', 'declaration': '#1D999E', 'beneficiary_drawer_exporter_seller_supplier_tin_no': '#ED0A3E', 'country_of_origin_origin_of_goods': '#69BA74', 'awb_number': '#786924', 'beneficiary_address': '#400ABA', 'remitter_address': '#B8CA0C', 'page_no': '#002DDA', 'remitter_drawee_applicant_importer_buyer_name': '#2E9102', 'port_of_loading': '#017901', 'notify_party_address': '#842AAF', 'payment_terms_terms_of_delivery_&_payment': '#7CD746'}
2024-03-18 01:23:51,399 is result_set is instance of dict? True
2024-03-18 01:23:51,400 is final_result_set is instance of dict? True
2024-03-18 01:23:51,529 Time taken for page 1 of Packing_List_35_page_0.png:0:00:01.837843
2024-03-18 01:23:51,649 *****Generated All Pages****** for Packing_List_35_page_0.png
2024-03-18 01:23:51,649 RAM memory 69.1 used for Packing_List_35_page_0.png Generating All Pages:
2024-03-18 01:23:51,649 Processing time taken for all pages of Packing_List_35_page_0.png1:0:00:01.969188
2024-03-18 01:23:51,784 file name is:Packing_List_50_page_0.png
2024-03-18 01:23:51,784 folder path :Images
2024-03-18 01:23:51,784 Calling Image result
2024-03-18 01:23:51,784 is all_page_result is instance of dict? True
2024-03-18 01:23:51,794 STREAM b'IHDR' 16 13
2024-03-18 01:23:51,795 STREAM b'IDAT' 41 38046
2024-03-18 01:23:51,822 is words is instance of list? True
2024-03-18 01:23:51,822 is bboxes is instance of list? True
2024-03-18 01:23:51,822 is bounding_boxes is instance of list? True
2024-03-18 01:23:52,034 is input_id_chunks is instance of list? True
2024-03-18 01:23:52,034 is mask_chunks is instance of list? True
2024-03-18 01:23:52,034 is bbox_chunks is instance of list? True
2024-03-18 01:23:52,034 is image_chunks is instance of list? True
2024-03-18 01:23:52,034 is input_dict is instance of dict? True
2024-03-18 01:23:53,306 Model Called
2024-03-18 01:23:53,306 RAM memory 69.0 used for Packing_List_50_page_0.png:
2024-03-18 01:23:53,306 is all_predictions is instance of list? True
2024-03-18 01:23:53,306 is all_boxes is instance of list? True
2024-03-18 01:23:53,306 is all_confidences is instance of list? True
2024-03-18 01:23:53,306 is all_text is instance of list? True
2024-03-18 01:23:53,306 is label2id is instance of dict? True
2024-03-18 01:23:53,306 is id2label is instance of dict? True
2024-03-18 01:23:53,307 is label2color is instance of dict? True
2024-03-18 01:23:53,307 label2color : {'track_reference': '#7C5DDB', 'vessel_name': '#6CF31C', 'transaction_amount_value': '#7BF304', 'lc_ref_no': '#C1FAF4', 'invoice_currency': '#982DD4', 'bill_of_lading_date': '#6CA1D1', 'net_weight': '#D720C3', 'awb_date': '#7E5E2D', 'date_of_invoice': '#3D315B', 'port_of_discharge': '#7899E6', 'original_copy': '#97C4A5', 'shipper_address': '#0749F6', 'rate_per_unit': '#179101', 'invoice_no': '#14D750', 'signature': '#A54E6F', 'consignee_address': '#25A45A', 'incoterm': '#906EAE', 'country_of_final_destination': '#3326BB', 'description_of_goods': '#141351', 'total_quantity_of_goods': '#9E41E1', 'shipper_name': '#AAD6B3', 'bill_of_lading_number': '#DB6295', 'transaction_currency': '#7DADFE', 'iec_no': '#8B64E7', 'gross_weight': '#AE9DAF', 'vessel_flight_no': '#1316A6', 'transaction_date': '#8E99C9', 'lc_date': '#34E635', 'consignee_name': '#32B38C', 'stamp': '#2D6EC9', 'invoice_amount': '#7B0775', 'dimension': '#A23F63', 'O': '#3CA798', 'consignor_name': '#1F3F8B', 'notify_party_name': '#43AEA7', 'beneficiary_drawer_exporter_seller_supplier_name': '#63926E', 'pre_carriage_by': '#49C4B8', 'consignor_address': '#85605F', 'declaration': '#20D5C0', 'beneficiary_drawer_exporter_seller_supplier_tin_no': '#257383', 'country_of_origin_origin_of_goods': '#7E4A92', 'awb_number': '#60146B', 'beneficiary_address': '#607DF8', 'remitter_address': '#86CB2F', 'page_no': '#AD103A', 'remitter_drawee_applicant_importer_buyer_name': '#A95732', 'port_of_loading': '#8DBD6C', 'notify_party_address': '#9F4AA1', 'payment_terms_terms_of_delivery_&_payment': '#A7839E'}
2024-03-18 01:23:53,436 is result_set is instance of dict? True
2024-03-18 01:23:53,437 is final_result_set is instance of dict? True
2024-03-18 01:23:53,572 Time taken for page 1 of Packing_List_50_page_0.png:0:00:01.777557
2024-03-18 01:23:53,686 *****Generated All Pages****** for Packing_List_50_page_0.png
2024-03-18 01:23:53,686 RAM memory 69.0 used for Packing_List_50_page_0.png Generating All Pages:
2024-03-18 01:23:53,686 Processing time taken for all pages of Packing_List_50_page_0.png1:0:00:01.902051
2024-03-18 01:23:53,803 file name is:Packing_List(2012_08_30_15_10_44_6479)_886_page_3.png
2024-03-18 01:23:53,803 folder path :Images
2024-03-18 01:23:53,804 Calling Image result
2024-03-18 01:23:53,804 is all_page_result is instance of dict? True
2024-03-18 01:23:53,814 STREAM b'IHDR' 16 13
2024-03-18 01:23:53,814 STREAM b'IDAT' 41 47293
2024-03-18 01:23:53,847 is words is instance of list? True
2024-03-18 01:23:53,847 is bboxes is instance of list? True
2024-03-18 01:23:53,847 is bounding_boxes is instance of list? True
2024-03-18 01:23:54,059 is input_id_chunks is instance of list? True
2024-03-18 01:23:54,059 is mask_chunks is instance of list? True
2024-03-18 01:23:54,059 is bbox_chunks is instance of list? True
2024-03-18 01:23:54,059 is image_chunks is instance of list? True
2024-03-18 01:23:54,059 is input_dict is instance of dict? True
2024-03-18 01:23:56,320 Model Called
2024-03-18 01:23:56,320 RAM memory 70.7 used for Packing_List(2012_08_30_15_10_44_6479)_886_page_3.png:
2024-03-18 01:23:56,320 is all_predictions is instance of list? True
2024-03-18 01:23:56,320 is all_boxes is instance of list? True
2024-03-18 01:23:56,320 is all_confidences is instance of list? True
2024-03-18 01:23:56,320 is all_text is instance of list? True
2024-03-18 01:23:56,321 is label2id is instance of dict? True
2024-03-18 01:23:56,321 is id2label is instance of dict? True
2024-03-18 01:23:56,322 is label2color is instance of dict? True
2024-03-18 01:23:56,322 label2color : {'track_reference': '#A12165', 'vessel_name': '#BB17B5', 'transaction_amount_value': '#5C0AFB', 'lc_ref_no': '#8DCC97', 'invoice_currency': '#749763', 'bill_of_lading_date': '#D38FDB', 'net_weight': '#EA4647', 'awb_date': '#FD81A8', 'date_of_invoice': '#F11817', 'port_of_discharge': '#51C819', 'original_copy': '#E8E958', 'shipper_address': '#B9607B', 'rate_per_unit': '#CC89DB', 'invoice_no': '#F7321B', 'signature': '#6C23DB', 'consignee_address': '#30A1EF', 'incoterm': '#4324FD', 'country_of_final_destination': '#A2343A', 'description_of_goods': '#B11F3F', 'total_quantity_of_goods': '#DD65E9', 'shipper_name': '#ACD7DA', 'bill_of_lading_number': '#B313BD', 'transaction_currency': '#5B560C', 'iec_no': '#98BB49', 'gross_weight': '#FB517D', 'vessel_flight_no': '#DB6611', 'transaction_date': '#6C9577', 'lc_date': '#E04409', 'consignee_name': '#8D52A8', 'stamp': '#373C07', 'invoice_amount': '#EB59B8', 'dimension': '#304DA4', 'O': '#A7460A', 'consignor_name': '#057F37', 'notify_party_name': '#7A14D0', 'beneficiary_drawer_exporter_seller_supplier_name': '#4620E1', 'pre_carriage_by': '#29BEAE', 'consignor_address': '#8E9D67', 'declaration': '#BC2B2E', 'beneficiary_drawer_exporter_seller_supplier_tin_no': '#AAF0E9', 'country_of_origin_origin_of_goods': '#62957C', 'awb_number': '#D29200', 'beneficiary_address': '#C96B04', 'remitter_address': '#E7F6EE', 'page_no': '#E9CCC2', 'remitter_drawee_applicant_importer_buyer_name': '#39616B', 'port_of_loading': '#6C06F9', 'notify_party_address': '#78E848', 'payment_terms_terms_of_delivery_&_payment': '#4397FB'}
2024-03-18 01:23:56,523 is result_set is instance of dict? True
2024-03-18 01:23:56,524 is final_result_set is instance of dict? True
2024-03-18 01:23:56,603 Time taken for page 1 of Packing_List(2012_08_30_15_10_44_6479)_886_page_3.png:0:00:02.788782
2024-03-18 01:23:56,719 *****Generated All Pages****** for Packing_List(2012_08_30_15_10_44_6479)_886_page_3.png
2024-03-18 01:23:56,719 RAM memory 70.7 used for Packing_List(2012_08_30_15_10_44_6479)_886_page_3.png Generating All Pages:
2024-03-18 01:23:56,719 Processing time taken for all pages of Packing_List(2012_08_30_15_10_44_6479)_886_page_3.png1:0:00:02.915788
2024-03-18 01:23:56,842 file name is:Packing_List_50_page_1.png
2024-03-18 01:23:56,842 folder path :Images
2024-03-18 01:23:56,842 Calling Image result
2024-03-18 01:23:56,842 is all_page_result is instance of dict? True
2024-03-18 01:23:56,879 STREAM b'IHDR' 16 13
2024-03-18 01:23:56,879 STREAM b'IDAT' 41 35378
2024-03-18 01:23:56,909 is words is instance of list? True
2024-03-18 01:23:56,909 is bboxes is instance of list? True
2024-03-18 01:23:56,910 is bounding_boxes is instance of list? True
2024-03-18 01:23:57,139 is input_id_chunks is instance of list? True
2024-03-18 01:23:57,139 is mask_chunks is instance of list? True
2024-03-18 01:23:57,139 is bbox_chunks is instance of list? True
2024-03-18 01:23:57,139 is image_chunks is instance of list? True
2024-03-18 01:23:57,139 is input_dict is instance of dict? True
2024-03-18 01:23:58,262 Model Called
2024-03-18 01:23:58,263 RAM memory 70.1 used for Packing_List_50_page_1.png:
2024-03-18 01:23:58,263 is all_predictions is instance of list? True
2024-03-18 01:23:58,263 is all_boxes is instance of list? True
2024-03-18 01:23:58,263 is all_confidences is instance of list? True
2024-03-18 01:23:58,263 is all_text is instance of list? True
2024-03-18 01:23:58,263 is label2id is instance of dict? True
2024-03-18 01:23:58,263 is id2label is instance of dict? True
2024-03-18 01:23:58,264 is label2color is instance of dict? True
2024-03-18 01:23:58,264 label2color : {'track_reference': '#C4AA4F', 'vessel_name': '#0184A0', 'transaction_amount_value': '#063F4C', 'lc_ref_no': '#6EC0BB', 'invoice_currency': '#820C59', 'bill_of_lading_date': '#326F60', 'net_weight': '#EB6132', 'awb_date': '#B44524', 'date_of_invoice': '#D73683', 'port_of_discharge': '#1A9F0C', 'original_copy': '#125528', 'shipper_address': '#7DF14A', 'rate_per_unit': '#4BA6B4', 'invoice_no': '#7EFF39', 'signature': '#2FD906', 'consignee_address': '#E2AA0E', 'incoterm': '#ED44EE', 'country_of_final_destination': '#DEC408', 'description_of_goods': '#B1CF61', 'total_quantity_of_goods': '#86AA8E', 'shipper_name': '#8C35B7', 'bill_of_lading_number': '#3B8D52', 'transaction_currency': '#E57D18', 'iec_no': '#6C69BB', 'gross_weight': '#8CA102', 'vessel_flight_no': '#D89CA5', 'transaction_date': '#DEE805', 'lc_date': '#5E6E36', 'consignee_name': '#7162D4', 'stamp': '#B7D592', 'invoice_amount': '#CF8493', 'dimension': '#82663F', 'O': '#F06E57', 'consignor_name': '#39C3AA', 'notify_party_name': '#0CEF60', 'beneficiary_drawer_exporter_seller_supplier_name': '#D4EFCF', 'pre_carriage_by': '#19E88B', 'consignor_address': '#64C649', 'declaration': '#7FE88A', 'beneficiary_drawer_exporter_seller_supplier_tin_no': '#3F638F', 'country_of_origin_origin_of_goods': '#3AE37D', 'awb_number': '#37F1ED', 'beneficiary_address': '#99B3E0', 'remitter_address': '#1149FC', 'page_no': '#394318', 'remitter_drawee_applicant_importer_buyer_name': '#3508B9', 'port_of_loading': '#9C3747', 'notify_party_address': '#6505E7', 'payment_terms_terms_of_delivery_&_payment': '#44C878'}
2024-03-18 01:23:58,382 is result_set is instance of dict? True
2024-03-18 01:23:58,383 is final_result_set is instance of dict? True
2024-03-18 01:23:58,477 Time taken for page 1 of Packing_List_50_page_1.png:0:00:01.597569
2024-03-18 01:23:58,574 *****Generated All Pages****** for Packing_List_50_page_1.png
2024-03-18 01:23:58,574 RAM memory 70.1 used for Packing_List_50_page_1.png Generating All Pages:
2024-03-18 01:23:58,574 Processing time taken for all pages of Packing_List_50_page_1.png1:0:00:01.732632
2024-03-18 01:23:58,696 file name is:Packing_List_27_page_0.png
2024-03-18 01:23:58,696 folder path :Images
2024-03-18 01:23:58,696 Calling Image result
2024-03-18 01:23:58,697 is all_page_result is instance of dict? True
2024-03-18 01:23:58,707 STREAM b'IHDR' 16 13
2024-03-18 01:23:58,707 STREAM b'IDAT' 41 34829
2024-03-18 01:23:58,733 is words is instance of list? True
2024-03-18 01:23:58,733 is bboxes is instance of list? True
2024-03-18 01:23:58,733 is bounding_boxes is instance of list? True
2024-03-18 01:23:58,933 is input_id_chunks is instance of list? True
2024-03-18 01:23:58,933 is mask_chunks is instance of list? True
2024-03-18 01:23:58,933 is bbox_chunks is instance of list? True
2024-03-18 01:23:58,933 is image_chunks is instance of list? True
2024-03-18 01:23:58,933 is input_dict is instance of dict? True
2024-03-18 01:24:00,002 Model Called
2024-03-18 01:24:00,003 RAM memory 68.6 used for Packing_List_27_page_0.png:
2024-03-18 01:24:00,003 is all_predictions is instance of list? True
2024-03-18 01:24:00,003 is all_boxes is instance of list? True
2024-03-18 01:24:00,003 is all_confidences is instance of list? True
2024-03-18 01:24:00,003 is all_text is instance of list? True
2024-03-18 01:24:00,003 is label2id is instance of dict? True
2024-03-18 01:24:00,003 is id2label is instance of dict? True
2024-03-18 01:24:00,004 is label2color is instance of dict? True
2024-03-18 01:24:00,004 label2color : {'track_reference': '#209F0F', 'vessel_name': '#46F753', 'transaction_amount_value': '#97FEB5', 'lc_ref_no': '#96D405', 'invoice_currency': '#9C34E1', 'bill_of_lading_date': '#CA96E1', 'net_weight': '#79E931', 'awb_date': '#CF1DF2', 'date_of_invoice': '#9A2209', 'port_of_discharge': '#94DBF6', 'original_copy': '#27E639', 'shipper_address': '#2B47C6', 'rate_per_unit': '#1B6C95', 'invoice_no': '#532751', 'signature': '#B3624C', 'consignee_address': '#24A76C', 'incoterm': '#6ABF43', 'country_of_final_destination': '#D6250E', 'description_of_goods': '#EDFADA', 'total_quantity_of_goods': '#6EB796', 'shipper_name': '#6F5DB8', 'bill_of_lading_number': '#A77761', 'transaction_currency': '#D2A31B', 'iec_no': '#E88FE3', 'gross_weight': '#A0748A', 'vessel_flight_no': '#BC3174', 'transaction_date': '#E9BB56', 'lc_date': '#AED122', 'consignee_name': '#F09121', 'stamp': '#5D0D29', 'invoice_amount': '#2522DE', 'dimension': '#D14AC2', 'O': '#A7E778', 'consignor_name': '#614BE9', 'notify_party_name': '#68DEE5', 'beneficiary_drawer_exporter_seller_supplier_name': '#32BFF9', 'pre_carriage_by': '#95EAD8', 'consignor_address': '#B1AB55', 'declaration': '#1E8E49', 'beneficiary_drawer_exporter_seller_supplier_tin_no': '#7F8F4C', 'country_of_origin_origin_of_goods': '#357B7F', 'awb_number': '#12A7BA', 'beneficiary_address': '#D8E81E', 'remitter_address': '#598787', 'page_no': '#168316', 'remitter_drawee_applicant_importer_buyer_name': '#81DE25', 'port_of_loading': '#F215A0', 'notify_party_address': '#1871A1', 'payment_terms_terms_of_delivery_&_payment': '#5B8412'}
2024-03-18 01:24:00,143 is result_set is instance of dict? True
2024-03-18 01:24:00,144 is final_result_set is instance of dict? True
2024-03-18 01:24:00,258 Time taken for page 1 of Packing_List_27_page_0.png:0:00:01.550983
2024-03-18 01:24:00,359 *****Generated All Pages****** for Packing_List_27_page_0.png
2024-03-18 01:24:00,359 RAM memory 68.5 used for Packing_List_27_page_0.png Generating All Pages:
2024-03-18 01:24:00,359 Processing time taken for all pages of Packing_List_27_page_0.png1:0:00:01.662578
2024-03-18 01:24:00,471 file name is:Packing_List(2013_04_16_10_59_36_9219)_381_page_0.png
2024-03-18 01:24:00,472 folder path :Images
2024-03-18 01:24:00,472 Calling Image result
2024-03-18 01:24:00,472 is all_page_result is instance of dict? True
2024-03-18 01:24:00,482 STREAM b'IHDR' 16 13
2024-03-18 01:24:00,482 STREAM b'IDAT' 41 55828
2024-03-18 01:24:00,517 is words is instance of list? True
2024-03-18 01:24:00,517 is bboxes is instance of list? True
2024-03-18 01:24:00,517 is bounding_boxes is instance of list? True
2024-03-18 01:24:00,725 is input_id_chunks is instance of list? True
2024-03-18 01:24:00,725 is mask_chunks is instance of list? True
2024-03-18 01:24:00,725 is bbox_chunks is instance of list? True
2024-03-18 01:24:00,725 is image_chunks is instance of list? True
2024-03-18 01:24:00,725 is input_dict is instance of dict? True
2024-03-18 01:24:02,653 Model Called
2024-03-18 01:24:02,653 RAM memory 70.4 used for Packing_List(2013_04_16_10_59_36_9219)_381_page_0.png:
2024-03-18 01:24:02,653 is all_predictions is instance of list? True
2024-03-18 01:24:02,653 is all_boxes is instance of list? True
2024-03-18 01:24:02,653 is all_confidences is instance of list? True
2024-03-18 01:24:02,653 is all_text is instance of list? True
2024-03-18 01:24:02,654 is label2id is instance of dict? True
2024-03-18 01:24:02,654 is id2label is instance of dict? True
2024-03-18 01:24:02,654 is label2color is instance of dict? True
2024-03-18 01:24:02,654 label2color : {'track_reference': '#8F7E2D', 'vessel_name': '#039D32', 'transaction_amount_value': '#24671C', 'lc_ref_no': '#F8F8D4', 'invoice_currency': '#4ECBF8', 'bill_of_lading_date': '#2B4A85', 'net_weight': '#A23677', 'awb_date': '#55D9D0', 'date_of_invoice': '#3B760A', 'port_of_discharge': '#C4C882', 'original_copy': '#30967E', 'shipper_address': '#3E19D4', 'rate_per_unit': '#77F307', 'invoice_no': '#09190F', 'signature': '#A85608', 'consignee_address': '#4CF362', 'incoterm': '#6A2E94', 'country_of_final_destination': '#F20844', 'description_of_goods': '#696F3F', 'total_quantity_of_goods': '#E39A68', 'shipper_name': '#7A4950', 'bill_of_lading_number': '#9F0CE5', 'transaction_currency': '#42A823', 'iec_no': '#0B187B', 'gross_weight': '#12159E', 'vessel_flight_no': '#78B846', 'transaction_date': '#0E3144', 'lc_date': '#BDFC7D', 'consignee_name': '#2FF912', 'stamp': '#5A61F3', 'invoice_amount': '#5D2635', 'dimension': '#01F14E', 'O': '#9E9492', 'consignor_name': '#A5F119', 'notify_party_name': '#B035D2', 'beneficiary_drawer_exporter_seller_supplier_name': '#C11A39', 'pre_carriage_by': '#D1F132', 'consignor_address': '#C58F95', 'declaration': '#158EC7', 'beneficiary_drawer_exporter_seller_supplier_tin_no': '#3C21A5', 'country_of_origin_origin_of_goods': '#65AB67', 'awb_number': '#902473', 'beneficiary_address': '#BE2420', 'remitter_address': '#98AD26', 'page_no': '#7BD62D', 'remitter_drawee_applicant_importer_buyer_name': '#77592A', 'port_of_loading': '#3F9296', 'notify_party_address': '#8FEA19', 'payment_terms_terms_of_delivery_&_payment': '#60EDAC'}
2024-03-18 01:24:02,855 is result_set is instance of dict? True
2024-03-18 01:24:02,856 is final_result_set is instance of dict? True
2024-03-18 01:24:02,995 Time taken for page 1 of Packing_List(2013_04_16_10_59_36_9219)_381_page_0.png:0:00:02.512615
2024-03-18 01:24:03,110 *****Generated All Pages****** for Packing_List(2013_04_16_10_59_36_9219)_381_page_0.png
2024-03-18 01:24:03,110 RAM memory 70.4 used for Packing_List(2013_04_16_10_59_36_9219)_381_page_0.png Generating All Pages:
2024-03-18 01:24:03,110 Processing time taken for all pages of Packing_List(2013_04_16_10_59_36_9219)_381_page_0.png1:0:00:02.638515
