pdf_name,image_name,image_path,result
48.pdf,48_01.jpeg,/datadrive/rakesh/illumifin_poc/Data/root_images/48/48_01.jpeg,RFR HHC
48.pdf,48_02.jpeg,/datadrive/rakesh/illumifin_poc/Data/root_images/48/48_02.jpeg,RFR HHC
48.pdf,48_03.jpeg,/datadrive/rakesh/illumifin_poc/Data/root_images/48/48_03.jpeg,RFR HHC
48.pdf,48_04.jpeg,/datadrive/rakesh/illumifin_poc/Data/root_images/48/48_04.jpeg,Plan of Care (POC)
48.pdf,48_05.jpeg,/datadrive/rakesh/illumifin_poc/Data/root_images/48/48_05.jpeg,Plan of Care (POC)
48.pdf,48_06.jpeg,/datadrive/rakesh/illumifin_poc/Data/root_images/48/48_06.jpeg,Plan of Care (POC)
48.pdf,48_07.jpeg,/datadrive/rakesh/illumifin_poc/Data/root_images/48/48_07.jpeg,Plan of Care (POC)
48.pdf,48_08.jpeg,/datadrive/rakesh/illumifin_poc/Data/root_images/48/48_08.jpeg,Plan of Care (POC)
48.pdf,48_09.jpeg,/datadrive/rakesh/illumifin_poc/Data/root_images/48/48_09.jpeg,Plan of Care (POC)
48.pdf,48_10.jpeg,/datadrive/rakesh/illumifin_poc/Data/root_images/48/48_10.jpeg,Plan of Care (POC)
48.pdf,48_11.jpeg,/datadrive/rakesh/illumifin_poc/Data/root_images/48/48_11.jpeg,RFR HHC
48.pdf,48_12.jpeg,/datadrive/rakesh/illumifin_poc/Data/root_images/48/48_12.jpeg,Plan of Care (POC)
48.pdf,48_13.jpeg,/datadrive/rakesh/illumifin_poc/Data/root_images/48/48_13.jpeg,Plan of Care (POC)
48.pdf,48_14.jpeg,/datadrive/rakesh/illumifin_poc/Data/root_images/48/48_14.jpeg,Plan of Care (POC)
48.pdf,48_15.jpeg,/datadrive/rakesh/illumifin_poc/Data/root_images/48/48_15.jpeg,Plan of Care (POC)
48.pdf,48_16.jpeg,/datadrive/rakesh/illumifin_poc/Data/root_images/48/48_16.jpeg,Plan of Care (POC)
48.pdf,48_17.jpeg,/datadrive/rakesh/illumifin_poc/Data/root_images/48/48_17.jpeg,Plan of Care (POC)
48.pdf,48_18.jpeg,/datadrive/rakesh/illumifin_poc/Data/root_images/48/48_18.jpeg,Plan of Care (POC)
48.pdf,48_19.jpeg,/datadrive/rakesh/illumifin_poc/Data/root_images/48/48_19.jpeg,Plan of Care (POC)
48.pdf,48_20.jpeg,/datadrive/rakesh/illumifin_poc/Data/root_images/48/48_20.jpeg,Plan of Care (POC)
48.pdf,48_21.jpeg,/datadrive/rakesh/illumifin_poc/Data/root_images/48/48_21.jpeg,Plan of Care (POC)
48.pdf,48_22.jpeg,/datadrive/rakesh/illumifin_poc/Data/root_images/48/48_22.jpeg,RFR HHC
48.pdf,48_23.jpeg,/datadrive/rakesh/illumifin_poc/Data/root_images/48/48_23.jpeg,RFR HHC
48.pdf,48_24.jpeg,/datadrive/rakesh/illumifin_poc/Data/root_images/48/48_24.jpeg,RFR HHC
48.pdf,48_25.jpeg,/datadrive/rakesh/illumifin_poc/Data/root_images/48/48_25.jpeg,Plan of Care (POC)
48.pdf,48_26.jpeg,/datadrive/rakesh/illumifin_poc/Data/root_images/48/48_26.jpeg,Plan of Care (POC)
48.pdf,48_27.jpeg,/datadrive/rakesh/illumifin_poc/Data/root_images/48/48_27.jpeg,Plan of Care (POC)
48.pdf,48_28.jpeg,/datadrive/rakesh/illumifin_poc/Data/root_images/48/48_28.jpeg,Plan of Care (POC)
48.pdf,48_29.jpeg,/datadrive/rakesh/illumifin_poc/Data/root_images/48/48_29.jpeg,Plan of Care (POC)
48.pdf,48_30.jpeg,/datadrive/rakesh/illumifin_poc/Data/root_images/48/48_30.jpeg,Plan of Care (POC)
48.pdf,48_31.jpeg,/datadrive/rakesh/illumifin_poc/Data/root_images/48/48_31.jpeg,Plan of Care (POC)
48.pdf,48_32.jpeg,/datadrive/rakesh/illumifin_poc/Data/root_images/48/48_32.jpeg,Plan of Care (POC)
48.pdf,48_33.jpeg,/datadrive/rakesh/illumifin_poc/Data/root_images/48/48_33.jpeg,RFR HHC
48.pdf,48_34.jpeg,/datadrive/rakesh/illumifin_poc/Data/root_images/48/48_34.jpeg,Plan of Care (POC)
48.pdf,48_35.jpeg,/datadrive/rakesh/illumifin_poc/Data/root_images/48/48_35.jpeg,RFR HHC
48.pdf,48_36.jpeg,/datadrive/rakesh/illumifin_poc/Data/root_images/48/48_36.jpeg,Plan of Care (POC)
48.pdf,48_37.jpeg,/datadrive/rakesh/illumifin_poc/Data/root_images/48/48_37.jpeg,Plan of Care (POC)
48.pdf,48_38.jpeg,/datadrive/rakesh/illumifin_poc/Data/root_images/48/48_38.jpeg,RFR HHC
48.pdf,48_39.jpeg,/datadrive/rakesh/illumifin_poc/Data/root_images/48/48_39.jpeg,RFR HHC
48.pdf,48_40.jpeg,/datadrive/rakesh/illumifin_poc/Data/root_images/48/48_40.jpeg,RFR HHC
49.pdf,49_01.jpeg,/datadrive/rakesh/illumifin_poc/Data/root_images/49/49_01.jpeg,Plan of Care (POC)
49.pdf,49_02.jpeg,/datadrive/rakesh/illumifin_poc/Data/root_images/49/49_02.jpeg,Plan of Care (POC)
49.pdf,49_03.jpeg,/datadrive/rakesh/illumifin_poc/Data/root_images/49/49_03.jpeg,RFR HHC
49.pdf,49_04.jpeg,/datadrive/rakesh/illumifin_poc/Data/root_images/49/49_04.jpeg,RFR HHC
49.pdf,49_05.jpeg,/datadrive/rakesh/illumifin_poc/Data/root_images/49/49_05.jpeg,RFR HHC
49.pdf,49_06.jpeg,/datadrive/rakesh/illumifin_poc/Data/root_images/49/49_06.jpeg,RFR HHC
49.pdf,49_07.jpeg,/datadrive/rakesh/illumifin_poc/Data/root_images/49/49_07.jpeg,Plan of Care (POC)
49.pdf,49_08.jpeg,/datadrive/rakesh/illumifin_poc/Data/root_images/49/49_08.jpeg,Plan of Care (POC)
49.pdf,49_09.jpeg,/datadrive/rakesh/illumifin_poc/Data/root_images/49/49_09.jpeg,Plan of Care (POC)
49.pdf,49_10.jpeg,/datadrive/rakesh/illumifin_poc/Data/root_images/49/49_10.jpeg,Plan of Care (POC)
49.pdf,49_11.jpeg,/datadrive/rakesh/illumifin_poc/Data/root_images/49/49_11.jpeg,Plan of Care (POC)
49.pdf,49_12.jpeg,/datadrive/rakesh/illumifin_poc/Data/root_images/49/49_12.jpeg,Plan of Care (POC)
49.pdf,49_13.jpeg,/datadrive/rakesh/illumifin_poc/Data/root_images/49/49_13.jpeg,RFR HHC
49.pdf,49_14.jpeg,/datadrive/rakesh/illumifin_poc/Data/root_images/49/49_14.jpeg,RFR HHC
49.pdf,49_15.jpeg,/datadrive/rakesh/illumifin_poc/Data/root_images/49/49_15.jpeg,RFR HHC
49.pdf,49_16.jpeg,/datadrive/rakesh/illumifin_poc/Data/root_images/49/49_16.jpeg,RFR HHC
44.pdf,44_01.jpeg,/datadrive/rakesh/illumifin_poc/Data/root_images/44/44_01.jpeg,Plan of Care (POC)
44.pdf,44_02.jpeg,/datadrive/rakesh/illumifin_poc/Data/root_images/44/44_02.jpeg,MDS
44.pdf,44_03.jpeg,/datadrive/rakesh/illumifin_poc/Data/root_images/44/44_03.jpeg,MDS
44.pdf,44_04.jpeg,/datadrive/rakesh/illumifin_poc/Data/root_images/44/44_04.jpeg,MDS
44.pdf,44_05.jpeg,/datadrive/rakesh/illumifin_poc/Data/root_images/44/44_05.jpeg,MDS
44.pdf,44_06.jpeg,/datadrive/rakesh/illumifin_poc/Data/root_images/44/44_06.jpeg,MDS
44.pdf,44_07.jpeg,/datadrive/rakesh/illumifin_poc/Data/root_images/44/44_07.jpeg,MDS
44.pdf,44_08.jpeg,/datadrive/rakesh/illumifin_poc/Data/root_images/44/44_08.jpeg,MDS
44.pdf,44_09.jpeg,/datadrive/rakesh/illumifin_poc/Data/root_images/44/44_09.jpeg,Plan of Care (POC)
44.pdf,44_10.jpeg,/datadrive/rakesh/illumifin_poc/Data/root_images/44/44_10.jpeg,MDS
44.pdf,44_11.jpeg,/datadrive/rakesh/illumifin_poc/Data/root_images/44/44_11.jpeg,MDS
44.pdf,44_12.jpeg,/datadrive/rakesh/illumifin_poc/Data/root_images/44/44_12.jpeg,MDS
44.pdf,44_13.jpeg,/datadrive/rakesh/illumifin_poc/Data/root_images/44/44_13.jpeg,MDS
44.pdf,44_14.jpeg,/datadrive/rakesh/illumifin_poc/Data/root_images/44/44_14.jpeg,MDS
44.pdf,44_15.jpeg,/datadrive/rakesh/illumifin_poc/Data/root_images/44/44_15.jpeg,MDS
44.pdf,44_16.jpeg,/datadrive/rakesh/illumifin_poc/Data/root_images/44/44_16.jpeg,MDS
44.pdf,44_17.jpeg,/datadrive/rakesh/illumifin_poc/Data/root_images/44/44_17.jpeg,RFR HHC
44.pdf,44_18.jpeg,/datadrive/rakesh/illumifin_poc/Data/root_images/44/44_18.jpeg,Plan of Care (POC)
44.pdf,44_19.jpeg,/datadrive/rakesh/illumifin_poc/Data/root_images/44/44_19.jpeg,RFR HHC
44.pdf,44_20.jpeg,/datadrive/rakesh/illumifin_poc/Data/root_images/44/44_20.jpeg,MDS
44.pdf,44_21.jpeg,/datadrive/rakesh/illumifin_poc/Data/root_images/44/44_21.jpeg,MDS
44.pdf,44_22.jpeg,/datadrive/rakesh/illumifin_poc/Data/root_images/44/44_22.jpeg,MDS
44.pdf,44_23.jpeg,/datadrive/rakesh/illumifin_poc/Data/root_images/44/44_23.jpeg,MDS
44.pdf,44_24.jpeg,/datadrive/rakesh/illumifin_poc/Data/root_images/44/44_24.jpeg,MDS
44.pdf,44_25.jpeg,/datadrive/rakesh/illumifin_poc/Data/root_images/44/44_25.jpeg,MDS
44.pdf,44_26.jpeg,/datadrive/rakesh/illumifin_poc/Data/root_images/44/44_26.jpeg,MDS
44.pdf,44_27.jpeg,/datadrive/rakesh/illumifin_poc/Data/root_images/44/44_27.jpeg,MDS
44.pdf,44_28.jpeg,/datadrive/rakesh/illumifin_poc/Data/root_images/44/44_28.jpeg,MDS
44.pdf,44_29.jpeg,/datadrive/rakesh/illumifin_poc/Data/root_images/44/44_29.jpeg,MDS
44.pdf,44_30.jpeg,/datadrive/rakesh/illumifin_poc/Data/root_images/44/44_30.jpeg,Plan of Care (POC)
44.pdf,44_31.jpeg,/datadrive/rakesh/illumifin_poc/Data/root_images/44/44_31.jpeg,Plan of Care (POC)
44.pdf,44_32.jpeg,/datadrive/rakesh/illumifin_poc/Data/root_images/44/44_32.jpeg,Plan of Care (POC)
44.pdf,44_33.jpeg,/datadrive/rakesh/illumifin_poc/Data/root_images/44/44_33.jpeg,MDS
44.pdf,44_34.jpeg,/datadrive/rakesh/illumifin_poc/Data/root_images/44/44_34.jpeg,MDS
44.pdf,44_35.jpeg,/datadrive/rakesh/illumifin_poc/Data/root_images/44/44_35.jpeg,MDS
44.pdf,44_36.jpeg,/datadrive/rakesh/illumifin_poc/Data/root_images/44/44_36.jpeg,MDS
44.pdf,44_37.jpeg,/datadrive/rakesh/illumifin_poc/Data/root_images/44/44_37.jpeg,RFR HHC
44.pdf,44_38.jpeg,/datadrive/rakesh/illumifin_poc/Data/root_images/44/44_38.jpeg,MDS
44.pdf,44_39.jpeg,/datadrive/rakesh/illumifin_poc/Data/root_images/44/44_39.jpeg,RFR HHC
44.pdf,44_40.jpeg,/datadrive/rakesh/illumifin_poc/Data/root_images/44/44_40.jpeg,MDS
44.pdf,44_41.jpeg,/datadrive/rakesh/illumifin_poc/Data/root_images/44/44_41.jpeg,MDS
44.pdf,44_42.jpeg,/datadrive/rakesh/illumifin_poc/Data/root_images/44/44_42.jpeg,RFR HHC
44.pdf,44_43.jpeg,/datadrive/rakesh/illumifin_poc/Data/root_images/44/44_43.jpeg,MDS
44.pdf,44_44.jpeg,/datadrive/rakesh/illumifin_poc/Data/root_images/44/44_44.jpeg,MDS
44.pdf,44_45.jpeg,/datadrive/rakesh/illumifin_poc/Data/root_images/44/44_45.jpeg,RFR HHC
44.pdf,44_46.jpeg,/datadrive/rakesh/illumifin_poc/Data/root_images/44/44_46.jpeg,MDS
44.pdf,44_47.jpeg,/datadrive/rakesh/illumifin_poc/Data/root_images/44/44_47.jpeg,MDS
44.pdf,44_48.jpeg,/datadrive/rakesh/illumifin_poc/Data/root_images/44/44_48.jpeg,MDS
44.pdf,44_49.jpeg,/datadrive/rakesh/illumifin_poc/Data/root_images/44/44_49.jpeg,MDS
44.pdf,44_50.jpeg,/datadrive/rakesh/illumifin_poc/Data/root_images/44/44_50.jpeg,MDS
44.pdf,44_51.jpeg,/datadrive/rakesh/illumifin_poc/Data/root_images/44/44_51.jpeg,MDS
44.pdf,44_52.jpeg,/datadrive/rakesh/illumifin_poc/Data/root_images/44/44_52.jpeg,MDS
44.pdf,44_53.jpeg,/datadrive/rakesh/illumifin_poc/Data/root_images/44/44_53.jpeg,MDS
44.pdf,44_54.jpeg,/datadrive/rakesh/illumifin_poc/Data/root_images/44/44_54.jpeg,MDS
44.pdf,44_55.jpeg,/datadrive/rakesh/illumifin_poc/Data/root_images/44/44_55.jpeg,RFR HHC
44.pdf,44_56.jpeg,/datadrive/rakesh/illumifin_poc/Data/root_images/44/44_56.jpeg,MDS
44.pdf,44_57.jpeg,/datadrive/rakesh/illumifin_poc/Data/root_images/44/44_57.jpeg,MDS
44.pdf,44_58.jpeg,/datadrive/rakesh/illumifin_poc/Data/root_images/44/44_58.jpeg,RFR Facility
44.pdf,44_59.jpeg,/datadrive/rakesh/illumifin_poc/Data/root_images/44/44_59.jpeg,MDS
44.pdf,44_60.jpeg,/datadrive/rakesh/illumifin_poc/Data/root_images/44/44_60.jpeg,MDS
44.pdf,44_61.jpeg,/datadrive/rakesh/illumifin_poc/Data/root_images/44/44_61.jpeg,MDS
44.pdf,44_62.jpeg,/datadrive/rakesh/illumifin_poc/Data/root_images/44/44_62.jpeg,RFR HHC
44.pdf,44_63.jpeg,/datadrive/rakesh/illumifin_poc/Data/root_images/44/44_63.jpeg,MDS
44.pdf,44_64.jpeg,/datadrive/rakesh/illumifin_poc/Data/root_images/44/44_64.jpeg,MDS
44.pdf,44_65.jpeg,/datadrive/rakesh/illumifin_poc/Data/root_images/44/44_65.jpeg,MDS
44.pdf,44_66.jpeg,/datadrive/rakesh/illumifin_poc/Data/root_images/44/44_66.jpeg,MDS
44.pdf,44_67.jpeg,/datadrive/rakesh/illumifin_poc/Data/root_images/44/44_67.jpeg,MDS
44.pdf,44_68.jpeg,/datadrive/rakesh/illumifin_poc/Data/root_images/44/44_68.jpeg,MDS
44.pdf,44_69.jpeg,/datadrive/rakesh/illumifin_poc/Data/root_images/44/44_69.jpeg,MDS
44.pdf,44_70.jpeg,/datadrive/rakesh/illumifin_poc/Data/root_images/44/44_70.jpeg,MDS
44.pdf,44_71.jpeg,/datadrive/rakesh/illumifin_poc/Data/root_images/44/44_71.jpeg,MDS
44.pdf,44_72.jpeg,/datadrive/rakesh/illumifin_poc/Data/root_images/44/44_72.jpeg,MDS
44.pdf,44_73.jpeg,/datadrive/rakesh/illumifin_poc/Data/root_images/44/44_73.jpeg,MDS
44.pdf,44_74.jpeg,/datadrive/rakesh/illumifin_poc/Data/root_images/44/44_74.jpeg,MDS
44.pdf,44_75.jpeg,/datadrive/rakesh/illumifin_poc/Data/root_images/44/44_75.jpeg,MDS
44.pdf,44_76.jpeg,/datadrive/rakesh/illumifin_poc/Data/root_images/44/44_76.jpeg,MDS
44.pdf,44_77.jpeg,/datadrive/rakesh/illumifin_poc/Data/root_images/44/44_77.jpeg,MDS
44.pdf,44_78.jpeg,/datadrive/rakesh/illumifin_poc/Data/root_images/44/44_78.jpeg,MDS
44.pdf,44_79.jpeg,/datadrive/rakesh/illumifin_poc/Data/root_images/44/44_79.jpeg,MDS
44.pdf,44_80.jpeg,/datadrive/rakesh/illumifin_poc/Data/root_images/44/44_80.jpeg,RFR HHC
44.pdf,44_81.jpeg,/datadrive/rakesh/illumifin_poc/Data/root_images/44/44_81.jpeg,MDS
44.pdf,44_82.jpeg,/datadrive/rakesh/illumifin_poc/Data/root_images/44/44_82.jpeg,MDS
44.pdf,44_83.jpeg,/datadrive/rakesh/illumifin_poc/Data/root_images/44/44_83.jpeg,MDS
44.pdf,44_84.jpeg,/datadrive/rakesh/illumifin_poc/Data/root_images/44/44_84.jpeg,MDS
44.pdf,44_85.jpeg,/datadrive/rakesh/illumifin_poc/Data/root_images/44/44_85.jpeg,MDS
44.pdf,44_86.jpeg,/datadrive/rakesh/illumifin_poc/Data/root_images/44/44_86.jpeg,MDS
44.pdf,44_87.jpeg,/datadrive/rakesh/illumifin_poc/Data/root_images/44/44_87.jpeg,MDS
44.pdf,44_88.jpeg,/datadrive/rakesh/illumifin_poc/Data/root_images/44/44_88.jpeg,MDS
44.pdf,44_89.jpeg,/datadrive/rakesh/illumifin_poc/Data/root_images/44/44_89.jpeg,MDS
04.pdf,04_01.jpeg,/datadrive/rakesh/illumifin_poc/Data/root_images/04/04_01.jpeg,RFR HHC
04.pdf,04_02.jpeg,/datadrive/rakesh/illumifin_poc/Data/root_images/04/04_02.jpeg,Plan of Care (POC)
04.pdf,04_03.jpeg,/datadrive/rakesh/illumifin_poc/Data/root_images/04/04_03.jpeg,RFR HHC
04.pdf,04_04.jpeg,/datadrive/rakesh/illumifin_poc/Data/root_images/04/04_04.jpeg,RFR HHC
04.pdf,04_05.jpeg,/datadrive/rakesh/illumifin_poc/Data/root_images/04/04_05.jpeg,RFR Facility
04.pdf,04_06.jpeg,/datadrive/rakesh/illumifin_poc/Data/root_images/04/04_06.jpeg,RFR Facility
04.pdf,04_07.jpeg,/datadrive/rakesh/illumifin_poc/Data/root_images/04/04_07.jpeg,BEA
04.pdf,04_08.jpeg,/datadrive/rakesh/illumifin_poc/Data/root_images/04/04_08.jpeg,BEA
04.pdf,04_09.jpeg,/datadrive/rakesh/illumifin_poc/Data/root_images/04/04_09.jpeg,BEA
04.pdf,04_10.jpeg,/datadrive/rakesh/illumifin_poc/Data/root_images/04/04_10.jpeg,BEA
04.pdf,04_11.jpeg,/datadrive/rakesh/illumifin_poc/Data/root_images/04/04_11.jpeg,BEA
04.pdf,04_12.jpeg,/datadrive/rakesh/illumifin_poc/Data/root_images/04/04_12.jpeg,BEA
04.pdf,04_13.jpeg,/datadrive/rakesh/illumifin_poc/Data/root_images/04/04_13.jpeg,BEA
04.pdf,04_14.jpeg,/datadrive/rakesh/illumifin_poc/Data/root_images/04/04_14.jpeg,BEA
04.pdf,04_15.jpeg,/datadrive/rakesh/illumifin_poc/Data/root_images/04/04_15.jpeg,BEA
04.pdf,04_16.jpeg,/datadrive/rakesh/illumifin_poc/Data/root_images/04/04_16.jpeg,BEA
04.pdf,04_17.jpeg,/datadrive/rakesh/illumifin_poc/Data/root_images/04/04_17.jpeg,BEA
04.pdf,04_18.jpeg,/datadrive/rakesh/illumifin_poc/Data/root_images/04/04_18.jpeg,BEA
04.pdf,04_19.jpeg,/datadrive/rakesh/illumifin_poc/Data/root_images/04/04_19.jpeg,BEA
04.pdf,04_20.jpeg,/datadrive/rakesh/illumifin_poc/Data/root_images/04/04_20.jpeg,BEA
04.pdf,04_21.jpeg,/datadrive/rakesh/illumifin_poc/Data/root_images/04/04_21.jpeg,BEA
04.pdf,04_22.jpeg,/datadrive/rakesh/illumifin_poc/Data/root_images/04/04_22.jpeg,BEA
04.pdf,04_23.jpeg,/datadrive/rakesh/illumifin_poc/Data/root_images/04/04_23.jpeg,BEA
04.pdf,04_24.jpeg,/datadrive/rakesh/illumifin_poc/Data/root_images/04/04_24.jpeg,BEA
04.pdf,04_25.jpeg,/datadrive/rakesh/illumifin_poc/Data/root_images/04/04_25.jpeg,BEA
04.pdf,04_26.jpeg,/datadrive/rakesh/illumifin_poc/Data/root_images/04/04_26.jpeg,BEA
04.pdf,04_27.jpeg,/datadrive/rakesh/illumifin_poc/Data/root_images/04/04_27.jpeg,BEA
47.pdf,47_01.jpeg,/datadrive/rakesh/illumifin_poc/Data/root_images/47/47_01.jpeg,RFR HHC
47.pdf,47_02.jpeg,/datadrive/rakesh/illumifin_poc/Data/root_images/47/47_02.jpeg,RFR Facility
47.pdf,47_03.jpeg,/datadrive/rakesh/illumifin_poc/Data/root_images/47/47_03.jpeg,RFR HHC
47.pdf,47_04.jpeg,/datadrive/rakesh/illumifin_poc/Data/root_images/47/47_04.jpeg,RFR Facility
47.pdf,47_05.jpeg,/datadrive/rakesh/illumifin_poc/Data/root_images/47/47_05.jpeg,RFR HHC
47.pdf,47_06.jpeg,/datadrive/rakesh/illumifin_poc/Data/root_images/47/47_06.jpeg,Medication Administration Screen Form
47.pdf,47_07.jpeg,/datadrive/rakesh/illumifin_poc/Data/root_images/47/47_07.jpeg,Medication Administration Screen Form
47.pdf,47_08.jpeg,/datadrive/rakesh/illumifin_poc/Data/root_images/47/47_08.jpeg,RFR HHC
47.pdf,47_09.jpeg,/datadrive/rakesh/illumifin_poc/Data/root_images/47/47_09.jpeg,RFR HHC
47.pdf,47_10.jpeg,/datadrive/rakesh/illumifin_poc/Data/root_images/47/47_10.jpeg,Cognitive Questionnaire MD
47.pdf,47_11.jpeg,/datadrive/rakesh/illumifin_poc/Data/root_images/47/47_11.jpeg,RFR HHC
47.pdf,47_12.jpeg,/datadrive/rakesh/illumifin_poc/Data/root_images/47/47_12.jpeg,Plan of Care (POC)
47.pdf,47_13.jpeg,/datadrive/rakesh/illumifin_poc/Data/root_images/47/47_13.jpeg,RFR HHC
47.pdf,47_14.jpeg,/datadrive/rakesh/illumifin_poc/Data/root_images/47/47_14.jpeg,RFR Facility
47.pdf,47_15.jpeg,/datadrive/rakesh/illumifin_poc/Data/root_images/47/47_15.jpeg,RFR HHC
47.pdf,47_16.jpeg,/datadrive/rakesh/illumifin_poc/Data/root_images/47/47_16.jpeg,RFR Facility
47.pdf,47_17.jpeg,/datadrive/rakesh/illumifin_poc/Data/root_images/47/47_17.jpeg,RFR HHC
47.pdf,47_18.jpeg,/datadrive/rakesh/illumifin_poc/Data/root_images/47/47_18.jpeg,Medication Administration Screen Form
47.pdf,47_19.jpeg,/datadrive/rakesh/illumifin_poc/Data/root_images/47/47_19.jpeg,Medication Administration Screen Form
47.pdf,47_20.jpeg,/datadrive/rakesh/illumifin_poc/Data/root_images/47/47_20.jpeg,RFR HHC
47.pdf,47_21.jpeg,/datadrive/rakesh/illumifin_poc/Data/root_images/47/47_21.jpeg,RFR HHC
47.pdf,47_22.jpeg,/datadrive/rakesh/illumifin_poc/Data/root_images/47/47_22.jpeg,Cognitive Questionnaire MD
47.pdf,47_23.jpeg,/datadrive/rakesh/illumifin_poc/Data/root_images/47/47_23.jpeg,RFR HHC
47.pdf,47_24.jpeg,/datadrive/rakesh/illumifin_poc/Data/root_images/47/47_24.jpeg,Plan of Care (POC)
47.pdf,47_25.jpeg,/datadrive/rakesh/illumifin_poc/Data/root_images/47/47_25.jpeg,RFR HHC
39.pdf,39_01.jpeg,/datadrive/rakesh/illumifin_poc/Data/root_images/39/39_01.jpeg,RFR Facility
39.pdf,39_02.jpeg,/datadrive/rakesh/illumifin_poc/Data/root_images/39/39_02.jpeg,RFR Facility
39.pdf,39_03.jpeg,/datadrive/rakesh/illumifin_poc/Data/root_images/39/39_03.jpeg,RFR HHC
39.pdf,39_04.jpeg,/datadrive/rakesh/illumifin_poc/Data/root_images/39/39_04.jpeg,RFR Facility
39.pdf,39_05.jpeg,/datadrive/rakesh/illumifin_poc/Data/root_images/39/39_05.jpeg,RFR HHC
39.pdf,39_06.jpeg,/datadrive/rakesh/illumifin_poc/Data/root_images/39/39_06.jpeg,MDS
39.pdf,39_07.jpeg,/datadrive/rakesh/illumifin_poc/Data/root_images/39/39_07.jpeg,MDS
39.pdf,39_08.jpeg,/datadrive/rakesh/illumifin_poc/Data/root_images/39/39_08.jpeg,MDS
39.pdf,39_09.jpeg,/datadrive/rakesh/illumifin_poc/Data/root_images/39/39_09.jpeg,MDS
39.pdf,39_10.jpeg,/datadrive/rakesh/illumifin_poc/Data/root_images/39/39_10.jpeg,MDS
39.pdf,39_11.jpeg,/datadrive/rakesh/illumifin_poc/Data/root_images/39/39_11.jpeg,MDS
39.pdf,39_12.jpeg,/datadrive/rakesh/illumifin_poc/Data/root_images/39/39_12.jpeg,MDS
39.pdf,39_13.jpeg,/datadrive/rakesh/illumifin_poc/Data/root_images/39/39_13.jpeg,Plan of Care (POC)
39.pdf,39_14.jpeg,/datadrive/rakesh/illumifin_poc/Data/root_images/39/39_14.jpeg,MDS
39.pdf,39_15.jpeg,/datadrive/rakesh/illumifin_poc/Data/root_images/39/39_15.jpeg,MDS
39.pdf,39_16.jpeg,/datadrive/rakesh/illumifin_poc/Data/root_images/39/39_16.jpeg,MDS
39.pdf,39_17.jpeg,/datadrive/rakesh/illumifin_poc/Data/root_images/39/39_17.jpeg,MDS
39.pdf,39_18.jpeg,/datadrive/rakesh/illumifin_poc/Data/root_images/39/39_18.jpeg,MDS
39.pdf,39_19.jpeg,/datadrive/rakesh/illumifin_poc/Data/root_images/39/39_19.jpeg,Plan of Care (POC)
39.pdf,39_20.jpeg,/datadrive/rakesh/illumifin_poc/Data/root_images/39/39_20.jpeg,MDS
39.pdf,39_21.jpeg,/datadrive/rakesh/illumifin_poc/Data/root_images/39/39_21.jpeg,MDS
39.pdf,39_22.jpeg,/datadrive/rakesh/illumifin_poc/Data/root_images/39/39_22.jpeg,MDS
39.pdf,39_23.jpeg,/datadrive/rakesh/illumifin_poc/Data/root_images/39/39_23.jpeg,MDS
39.pdf,39_24.jpeg,/datadrive/rakesh/illumifin_poc/Data/root_images/39/39_24.jpeg,MDS
39.pdf,39_25.jpeg,/datadrive/rakesh/illumifin_poc/Data/root_images/39/39_25.jpeg,MDS
39.pdf,39_26.jpeg,/datadrive/rakesh/illumifin_poc/Data/root_images/39/39_26.jpeg,MDS
39.pdf,39_27.jpeg,/datadrive/rakesh/illumifin_poc/Data/root_images/39/39_27.jpeg,Plan of Care (POC)
39.pdf,39_28.jpeg,/datadrive/rakesh/illumifin_poc/Data/root_images/39/39_28.jpeg,Plan of Care (POC)
39.pdf,39_29.jpeg,/datadrive/rakesh/illumifin_poc/Data/root_images/39/39_29.jpeg,Plan of Care (POC)
39.pdf,39_30.jpeg,/datadrive/rakesh/illumifin_poc/Data/root_images/39/39_30.jpeg,MDS
39.pdf,39_31.jpeg,/datadrive/rakesh/illumifin_poc/Data/root_images/39/39_31.jpeg,MDS
39.pdf,39_32.jpeg,/datadrive/rakesh/illumifin_poc/Data/root_images/39/39_32.jpeg,MDS
39.pdf,39_33.jpeg,/datadrive/rakesh/illumifin_poc/Data/root_images/39/39_33.jpeg,MDS
39.pdf,39_34.jpeg,/datadrive/rakesh/illumifin_poc/Data/root_images/39/39_34.jpeg,RFR HHC
39.pdf,39_35.jpeg,/datadrive/rakesh/illumifin_poc/Data/root_images/39/39_35.jpeg,MDS
39.pdf,39_36.jpeg,/datadrive/rakesh/illumifin_poc/Data/root_images/39/39_36.jpeg,MDS
39.pdf,39_37.jpeg,/datadrive/rakesh/illumifin_poc/Data/root_images/39/39_37.jpeg,MDS
39.pdf,39_38.jpeg,/datadrive/rakesh/illumifin_poc/Data/root_images/39/39_38.jpeg,RFR HHC
39.pdf,39_39.jpeg,/datadrive/rakesh/illumifin_poc/Data/root_images/39/39_39.jpeg,MDS
39.pdf,39_40.jpeg,/datadrive/rakesh/illumifin_poc/Data/root_images/39/39_40.jpeg,Plan of Care (POC)
39.pdf,39_41.jpeg,/datadrive/rakesh/illumifin_poc/Data/root_images/39/39_41.jpeg,MDS
39.pdf,39_42.jpeg,/datadrive/rakesh/illumifin_poc/Data/root_images/39/39_42.jpeg,MDS
39.pdf,39_43.jpeg,/datadrive/rakesh/illumifin_poc/Data/root_images/39/39_43.jpeg,MDS
39.pdf,39_44.jpeg,/datadrive/rakesh/illumifin_poc/Data/root_images/39/39_44.jpeg,MDS
39.pdf,39_45.jpeg,/datadrive/rakesh/illumifin_poc/Data/root_images/39/39_45.jpeg,MDS
39.pdf,39_46.jpeg,/datadrive/rakesh/illumifin_poc/Data/root_images/39/39_46.jpeg,MDS
39.pdf,39_47.jpeg,/datadrive/rakesh/illumifin_poc/Data/root_images/39/39_47.jpeg,MDS
39.pdf,39_48.jpeg,/datadrive/rakesh/illumifin_poc/Data/root_images/39/39_48.jpeg,MDS
39.pdf,39_49.jpeg,/datadrive/rakesh/illumifin_poc/Data/root_images/39/39_49.jpeg,MDS
39.pdf,39_50.jpeg,/datadrive/rakesh/illumifin_poc/Data/root_images/39/39_50.jpeg,MDS
39.pdf,39_51.jpeg,/datadrive/rakesh/illumifin_poc/Data/root_images/39/39_51.jpeg,MDS
39.pdf,39_52.jpeg,/datadrive/rakesh/illumifin_poc/Data/root_images/39/39_52.jpeg,RFR Facility
39.pdf,39_53.jpeg,/datadrive/rakesh/illumifin_poc/Data/root_images/39/39_53.jpeg,MDS
35.pdf,35_01.jpeg,/datadrive/rakesh/illumifin_poc/Data/root_images/35/35_01.jpeg,Plan of Care (POC)
35.pdf,35_02.jpeg,/datadrive/rakesh/illumifin_poc/Data/root_images/35/35_02.jpeg,Cognitive Questionnaire MD
35.pdf,35_03.jpeg,/datadrive/rakesh/illumifin_poc/Data/root_images/35/35_03.jpeg,Cognitive Questionnaire MD
35.pdf,35_04.jpeg,/datadrive/rakesh/illumifin_poc/Data/root_images/35/35_04.jpeg,MDS
35.pdf,35_05.jpeg,/datadrive/rakesh/illumifin_poc/Data/root_images/35/35_05.jpeg,MDS
35.pdf,35_06.jpeg,/datadrive/rakesh/illumifin_poc/Data/root_images/35/35_06.jpeg,MDS
35.pdf,35_07.jpeg,/datadrive/rakesh/illumifin_poc/Data/root_images/35/35_07.jpeg,MDS
35.pdf,35_08.jpeg,/datadrive/rakesh/illumifin_poc/Data/root_images/35/35_08.jpeg,MDS
35.pdf,35_09.jpeg,/datadrive/rakesh/illumifin_poc/Data/root_images/35/35_09.jpeg,MDS
35.pdf,35_10.jpeg,/datadrive/rakesh/illumifin_poc/Data/root_images/35/35_10.jpeg,MDS
35.pdf,35_11.jpeg,/datadrive/rakesh/illumifin_poc/Data/root_images/35/35_11.jpeg,Plan of Care (POC)
35.pdf,35_12.jpeg,/datadrive/rakesh/illumifin_poc/Data/root_images/35/35_12.jpeg,MDS
35.pdf,35_13.jpeg,/datadrive/rakesh/illumifin_poc/Data/root_images/35/35_13.jpeg,MDS
35.pdf,35_14.jpeg,/datadrive/rakesh/illumifin_poc/Data/root_images/35/35_14.jpeg,MDS
35.pdf,35_15.jpeg,/datadrive/rakesh/illumifin_poc/Data/root_images/35/35_15.jpeg,MDS
35.pdf,35_16.jpeg,/datadrive/rakesh/illumifin_poc/Data/root_images/35/35_16.jpeg,MDS
35.pdf,35_17.jpeg,/datadrive/rakesh/illumifin_poc/Data/root_images/35/35_17.jpeg,Plan of Care (POC)
35.pdf,35_18.jpeg,/datadrive/rakesh/illumifin_poc/Data/root_images/35/35_18.jpeg,MDS
35.pdf,35_19.jpeg,/datadrive/rakesh/illumifin_poc/Data/root_images/35/35_19.jpeg,MDS
35.pdf,35_20.jpeg,/datadrive/rakesh/illumifin_poc/Data/root_images/35/35_20.jpeg,MDS
35.pdf,35_21.jpeg,/datadrive/rakesh/illumifin_poc/Data/root_images/35/35_21.jpeg,MDS
35.pdf,35_22.jpeg,/datadrive/rakesh/illumifin_poc/Data/root_images/35/35_22.jpeg,MDS
35.pdf,35_23.jpeg,/datadrive/rakesh/illumifin_poc/Data/root_images/35/35_23.jpeg,MDS
35.pdf,35_24.jpeg,/datadrive/rakesh/illumifin_poc/Data/root_images/35/35_24.jpeg,MDS
35.pdf,35_25.jpeg,/datadrive/rakesh/illumifin_poc/Data/root_images/35/35_25.jpeg,MDS
35.pdf,35_26.jpeg,/datadrive/rakesh/illumifin_poc/Data/root_images/35/35_26.jpeg,MDS
35.pdf,35_27.jpeg,/datadrive/rakesh/illumifin_poc/Data/root_images/35/35_27.jpeg,MDS
35.pdf,35_28.jpeg,/datadrive/rakesh/illumifin_poc/Data/root_images/35/35_28.jpeg,Plan of Care (POC)
35.pdf,35_29.jpeg,/datadrive/rakesh/illumifin_poc/Data/root_images/35/35_29.jpeg,Plan of Care (POC)
35.pdf,35_30.jpeg,/datadrive/rakesh/illumifin_poc/Data/root_images/35/35_30.jpeg,Plan of Care (POC)
35.pdf,35_31.jpeg,/datadrive/rakesh/illumifin_poc/Data/root_images/35/35_31.jpeg,MDS
35.pdf,35_32.jpeg,/datadrive/rakesh/illumifin_poc/Data/root_images/35/35_32.jpeg,MDS
35.pdf,35_33.jpeg,/datadrive/rakesh/illumifin_poc/Data/root_images/35/35_33.jpeg,MDS
35.pdf,35_34.jpeg,/datadrive/rakesh/illumifin_poc/Data/root_images/35/35_34.jpeg,MDS
35.pdf,35_35.jpeg,/datadrive/rakesh/illumifin_poc/Data/root_images/35/35_35.jpeg,RFR HHC
35.pdf,35_36.jpeg,/datadrive/rakesh/illumifin_poc/Data/root_images/35/35_36.jpeg,MDS
35.pdf,35_37.jpeg,/datadrive/rakesh/illumifin_poc/Data/root_images/35/35_37.jpeg,MDS
35.pdf,35_38.jpeg,/datadrive/rakesh/illumifin_poc/Data/root_images/35/35_38.jpeg,MDS
35.pdf,35_39.jpeg,/datadrive/rakesh/illumifin_poc/Data/root_images/35/35_39.jpeg,RFR HHC
35.pdf,35_40.jpeg,/datadrive/rakesh/illumifin_poc/Data/root_images/35/35_40.jpeg,MDS
35.pdf,35_41.jpeg,/datadrive/rakesh/illumifin_poc/Data/root_images/35/35_41.jpeg,Plan of Care (POC)
35.pdf,35_42.jpeg,/datadrive/rakesh/illumifin_poc/Data/root_images/35/35_42.jpeg,MDS
35.pdf,35_43.jpeg,/datadrive/rakesh/illumifin_poc/Data/root_images/35/35_43.jpeg,MDS
35.pdf,35_44.jpeg,/datadrive/rakesh/illumifin_poc/Data/root_images/35/35_44.jpeg,MDS
35.pdf,35_45.jpeg,/datadrive/rakesh/illumifin_poc/Data/root_images/35/35_45.jpeg,MDS
35.pdf,35_46.jpeg,/datadrive/rakesh/illumifin_poc/Data/root_images/35/35_46.jpeg,MDS
35.pdf,35_47.jpeg,/datadrive/rakesh/illumifin_poc/Data/root_images/35/35_47.jpeg,MDS
35.pdf,35_48.jpeg,/datadrive/rakesh/illumifin_poc/Data/root_images/35/35_48.jpeg,MDS
35.pdf,35_49.jpeg,/datadrive/rakesh/illumifin_poc/Data/root_images/35/35_49.jpeg,MDS
35.pdf,35_50.jpeg,/datadrive/rakesh/illumifin_poc/Data/root_images/35/35_50.jpeg,MDS
35.pdf,35_51.jpeg,/datadrive/rakesh/illumifin_poc/Data/root_images/35/35_51.jpeg,MDS
35.pdf,35_52.jpeg,/datadrive/rakesh/illumifin_poc/Data/root_images/35/35_52.jpeg,MDS
35.pdf,35_53.jpeg,/datadrive/rakesh/illumifin_poc/Data/root_images/35/35_53.jpeg,RFR Facility
35.pdf,35_54.jpeg,/datadrive/rakesh/illumifin_poc/Data/root_images/35/35_54.jpeg,MDS
35.pdf,35_55.jpeg,/datadrive/rakesh/illumifin_poc/Data/root_images/35/35_55.jpeg,Plan of Care (POC)
35.pdf,35_56.jpeg,/datadrive/rakesh/illumifin_poc/Data/root_images/35/35_56.jpeg,Medication Administration Records (MAR)
35.pdf,35_57.jpeg,/datadrive/rakesh/illumifin_poc/Data/root_images/35/35_57.jpeg,Medication Administration Records (MAR)
35.pdf,35_58.jpeg,/datadrive/rakesh/illumifin_poc/Data/root_images/35/35_58.jpeg,Medication Administration Records (MAR)
35.pdf,35_59.jpeg,/datadrive/rakesh/illumifin_poc/Data/root_images/35/35_59.jpeg,Medication Administration Records (MAR)
35.pdf,35_60.jpeg,/datadrive/rakesh/illumifin_poc/Data/root_images/35/35_60.jpeg,Medication Administration Records (MAR)
35.pdf,35_61.jpeg,/datadrive/rakesh/illumifin_poc/Data/root_images/35/35_61.jpeg,Medication Administration Records (MAR)
35.pdf,35_62.jpeg,/datadrive/rakesh/illumifin_poc/Data/root_images/35/35_62.jpeg,Medication Administration Records (MAR)
35.pdf,35_63.jpeg,/datadrive/rakesh/illumifin_poc/Data/root_images/35/35_63.jpeg,Medication Administration Records (MAR)
35.pdf,35_64.jpeg,/datadrive/rakesh/illumifin_poc/Data/root_images/35/35_64.jpeg,Medication Administration Records (MAR)
35.pdf,35_65.jpeg,/datadrive/rakesh/illumifin_poc/Data/root_images/35/35_65.jpeg,Medication Administration Records (MAR)
35.pdf,35_66.jpeg,/datadrive/rakesh/illumifin_poc/Data/root_images/35/35_66.jpeg,Medication Administration Records (MAR)
35.pdf,35_67.jpeg,/datadrive/rakesh/illumifin_poc/Data/root_images/35/35_67.jpeg,Medication Administration Records (MAR)
35.pdf,35_68.jpeg,/datadrive/rakesh/illumifin_poc/Data/root_images/35/35_68.jpeg,Medication Administration Records (MAR)
35.pdf,35_69.jpeg,/datadrive/rakesh/illumifin_poc/Data/root_images/35/35_69.jpeg,Medication Administration Records (MAR)
35.pdf,35_70.jpeg,/datadrive/rakesh/illumifin_poc/Data/root_images/35/35_70.jpeg,Plan of Care (POC)
27.pdf,27_01.jpeg,/datadrive/rakesh/illumifin_poc/Data/root_images/27/27_01.jpeg,RFR HHC
27.pdf,27_02.jpeg,/datadrive/rakesh/illumifin_poc/Data/root_images/27/27_02.jpeg,RFR Facility
27.pdf,27_03.jpeg,/datadrive/rakesh/illumifin_poc/Data/root_images/27/27_03.jpeg,RFR HHC
27.pdf,27_04.jpeg,/datadrive/rakesh/illumifin_poc/Data/root_images/27/27_04.jpeg,RFR HHC
27.pdf,27_05.jpeg,/datadrive/rakesh/illumifin_poc/Data/root_images/27/27_05.jpeg,Cognitive Questionnaire MD
27.pdf,27_06.jpeg,/datadrive/rakesh/illumifin_poc/Data/root_images/27/27_06.jpeg,Cognitive Questionnaire MD
27.pdf,27_07.jpeg,/datadrive/rakesh/illumifin_poc/Data/root_images/27/27_07.jpeg,Cognitive Questionnaire MD
27.pdf,27_08.jpeg,/datadrive/rakesh/illumifin_poc/Data/root_images/27/27_08.jpeg,Cognitive Questionnaire MD
27.pdf,27_09.jpeg,/datadrive/rakesh/illumifin_poc/Data/root_images/27/27_09.jpeg,RFR HHC
27.pdf,27_10.jpeg,/datadrive/rakesh/illumifin_poc/Data/root_images/27/27_10.jpeg,RFR HHC
27.pdf,27_11.jpeg,/datadrive/rakesh/illumifin_poc/Data/root_images/27/27_11.jpeg,RFR HHC
27.pdf,27_12.jpeg,/datadrive/rakesh/illumifin_poc/Data/root_images/27/27_12.jpeg,RFR HHC
27.pdf,27_13.jpeg,/datadrive/rakesh/illumifin_poc/Data/root_images/27/27_13.jpeg,Plan of Care (POC)
27.pdf,27_14.jpeg,/datadrive/rakesh/illumifin_poc/Data/root_images/27/27_14.jpeg,RFR HHC
27.pdf,27_15.jpeg,/datadrive/rakesh/illumifin_poc/Data/root_images/27/27_15.jpeg,RFR HHC
27.pdf,27_16.jpeg,/datadrive/rakesh/illumifin_poc/Data/root_images/27/27_16.jpeg,RFR HHC
27.pdf,27_17.jpeg,/datadrive/rakesh/illumifin_poc/Data/root_images/27/27_17.jpeg,Plan of Care (POC)
27.pdf,27_18.jpeg,/datadrive/rakesh/illumifin_poc/Data/root_images/27/27_18.jpeg,Plan of Care (POC)
27.pdf,27_19.jpeg,/datadrive/rakesh/illumifin_poc/Data/root_images/27/27_19.jpeg,Plan of Care (POC)
27.pdf,27_20.jpeg,/datadrive/rakesh/illumifin_poc/Data/root_images/27/27_20.jpeg,Plan of Care (POC)
27.pdf,27_21.jpeg,/datadrive/rakesh/illumifin_poc/Data/root_images/27/27_21.jpeg,RFR HHC
40.pdf,40_01.jpeg,/datadrive/rakesh/illumifin_poc/Data/root_images/40/40_01.jpeg,MDS
40.pdf,40_02.jpeg,/datadrive/rakesh/illumifin_poc/Data/root_images/40/40_02.jpeg,MDS
40.pdf,40_03.jpeg,/datadrive/rakesh/illumifin_poc/Data/root_images/40/40_03.jpeg,MDS
40.pdf,40_04.jpeg,/datadrive/rakesh/illumifin_poc/Data/root_images/40/40_04.jpeg,MDS
40.pdf,40_05.jpeg,/datadrive/rakesh/illumifin_poc/Data/root_images/40/40_05.jpeg,MDS
40.pdf,40_06.jpeg,/datadrive/rakesh/illumifin_poc/Data/root_images/40/40_06.jpeg,MDS
40.pdf,40_07.jpeg,/datadrive/rakesh/illumifin_poc/Data/root_images/40/40_07.jpeg,RFR HHC
40.pdf,40_08.jpeg,/datadrive/rakesh/illumifin_poc/Data/root_images/40/40_08.jpeg,Plan of Care (POC)
40.pdf,40_09.jpeg,/datadrive/rakesh/illumifin_poc/Data/root_images/40/40_09.jpeg,Plan of Care (POC)
40.pdf,40_10.jpeg,/datadrive/rakesh/illumifin_poc/Data/root_images/40/40_10.jpeg,MDS
40.pdf,40_11.jpeg,/datadrive/rakesh/illumifin_poc/Data/root_images/40/40_11.jpeg,MDS
40.pdf,40_12.jpeg,/datadrive/rakesh/illumifin_poc/Data/root_images/40/40_12.jpeg,MDS
40.pdf,40_13.jpeg,/datadrive/rakesh/illumifin_poc/Data/root_images/40/40_13.jpeg,MDS
40.pdf,40_14.jpeg,/datadrive/rakesh/illumifin_poc/Data/root_images/40/40_14.jpeg,RFR HHC
40.pdf,40_15.jpeg,/datadrive/rakesh/illumifin_poc/Data/root_images/40/40_15.jpeg,MDS
40.pdf,40_16.jpeg,/datadrive/rakesh/illumifin_poc/Data/root_images/40/40_16.jpeg,RFR HHC
40.pdf,40_17.jpeg,/datadrive/rakesh/illumifin_poc/Data/root_images/40/40_17.jpeg,MDS
40.pdf,40_18.jpeg,/datadrive/rakesh/illumifin_poc/Data/root_images/40/40_18.jpeg,MDS
40.pdf,40_19.jpeg,/datadrive/rakesh/illumifin_poc/Data/root_images/40/40_19.jpeg,RFR HHC
40.pdf,40_20.jpeg,/datadrive/rakesh/illumifin_poc/Data/root_images/40/40_20.jpeg,MDS
40.pdf,40_21.jpeg,/datadrive/rakesh/illumifin_poc/Data/root_images/40/40_21.jpeg,MDS
40.pdf,40_22.jpeg,/datadrive/rakesh/illumifin_poc/Data/root_images/40/40_22.jpeg,MDS
40.pdf,40_23.jpeg,/datadrive/rakesh/illumifin_poc/Data/root_images/40/40_23.jpeg,MDS
40.pdf,40_24.jpeg,/datadrive/rakesh/illumifin_poc/Data/root_images/40/40_24.jpeg,MDS
40.pdf,40_25.jpeg,/datadrive/rakesh/illumifin_poc/Data/root_images/40/40_25.jpeg,MDS
40.pdf,40_26.jpeg,/datadrive/rakesh/illumifin_poc/Data/root_images/40/40_26.jpeg,MDS
40.pdf,40_27.jpeg,/datadrive/rakesh/illumifin_poc/Data/root_images/40/40_27.jpeg,MDS
40.pdf,40_28.jpeg,/datadrive/rakesh/illumifin_poc/Data/root_images/40/40_28.jpeg,RFR HHC
40.pdf,40_29.jpeg,/datadrive/rakesh/illumifin_poc/Data/root_images/40/40_29.jpeg,MDS
40.pdf,40_30.jpeg,/datadrive/rakesh/illumifin_poc/Data/root_images/40/40_30.jpeg,MDS
40.pdf,40_31.jpeg,/datadrive/rakesh/illumifin_poc/Data/root_images/40/40_31.jpeg,MDS
40.pdf,40_32.jpeg,/datadrive/rakesh/illumifin_poc/Data/root_images/40/40_32.jpeg,Plan of Care (POC)
40.pdf,40_33.jpeg,/datadrive/rakesh/illumifin_poc/Data/root_images/40/40_33.jpeg,MDS
40.pdf,40_34.jpeg,/datadrive/rakesh/illumifin_poc/Data/root_images/40/40_34.jpeg,MDS
40.pdf,40_35.jpeg,/datadrive/rakesh/illumifin_poc/Data/root_images/40/40_35.jpeg,RFR Facility
40.pdf,40_36.jpeg,/datadrive/rakesh/illumifin_poc/Data/root_images/40/40_36.jpeg,MDS
40.pdf,40_37.jpeg,/datadrive/rakesh/illumifin_poc/Data/root_images/40/40_37.jpeg,MDS
40.pdf,40_38.jpeg,/datadrive/rakesh/illumifin_poc/Data/root_images/40/40_38.jpeg,MDS
40.pdf,40_39.jpeg,/datadrive/rakesh/illumifin_poc/Data/root_images/40/40_39.jpeg,MDS
40.pdf,40_40.jpeg,/datadrive/rakesh/illumifin_poc/Data/root_images/40/40_40.jpeg,MDS
40.pdf,40_41.jpeg,/datadrive/rakesh/illumifin_poc/Data/root_images/40/40_41.jpeg,MDS
40.pdf,40_42.jpeg,/datadrive/rakesh/illumifin_poc/Data/root_images/40/40_42.jpeg,MDS
40.pdf,40_43.jpeg,/datadrive/rakesh/illumifin_poc/Data/root_images/40/40_43.jpeg,MDS
40.pdf,40_44.jpeg,/datadrive/rakesh/illumifin_poc/Data/root_images/40/40_44.jpeg,Plan of Care (POC)
40.pdf,40_45.jpeg,/datadrive/rakesh/illumifin_poc/Data/root_images/40/40_45.jpeg,MDS
40.pdf,40_46.jpeg,/datadrive/rakesh/illumifin_poc/Data/root_images/40/40_46.jpeg,MDS
40.pdf,40_47.jpeg,/datadrive/rakesh/illumifin_poc/Data/root_images/40/40_47.jpeg,MDS
40.pdf,40_48.jpeg,/datadrive/rakesh/illumifin_poc/Data/root_images/40/40_48.jpeg,MDS
40.pdf,40_49.jpeg,/datadrive/rakesh/illumifin_poc/Data/root_images/40/40_49.jpeg,MDS
40.pdf,40_50.jpeg,/datadrive/rakesh/illumifin_poc/Data/root_images/40/40_50.jpeg,Plan of Care (POC)
40.pdf,40_51.jpeg,/datadrive/rakesh/illumifin_poc/Data/root_images/40/40_51.jpeg,MDS
40.pdf,40_52.jpeg,/datadrive/rakesh/illumifin_poc/Data/root_images/40/40_52.jpeg,MDS
40.pdf,40_53.jpeg,/datadrive/rakesh/illumifin_poc/Data/root_images/40/40_53.jpeg,MDS
40.pdf,40_54.jpeg,/datadrive/rakesh/illumifin_poc/Data/root_images/40/40_54.jpeg,MDS
40.pdf,40_55.jpeg,/datadrive/rakesh/illumifin_poc/Data/root_images/40/40_55.jpeg,MDS
40.pdf,40_56.jpeg,/datadrive/rakesh/illumifin_poc/Data/root_images/40/40_56.jpeg,MDS
40.pdf,40_57.jpeg,/datadrive/rakesh/illumifin_poc/Data/root_images/40/40_57.jpeg,MDS
40.pdf,40_58.jpeg,/datadrive/rakesh/illumifin_poc/Data/root_images/40/40_58.jpeg,MDS
40.pdf,40_59.jpeg,/datadrive/rakesh/illumifin_poc/Data/root_images/40/40_59.jpeg,MDS
40.pdf,40_60.jpeg,/datadrive/rakesh/illumifin_poc/Data/root_images/40/40_60.jpeg,MDS
40.pdf,40_61.jpeg,/datadrive/rakesh/illumifin_poc/Data/root_images/40/40_61.jpeg,Plan of Care (POC)
40.pdf,40_62.jpeg,/datadrive/rakesh/illumifin_poc/Data/root_images/40/40_62.jpeg,Plan of Care (POC)
40.pdf,40_63.jpeg,/datadrive/rakesh/illumifin_poc/Data/root_images/40/40_63.jpeg,Plan of Care (POC)
40.pdf,40_64.jpeg,/datadrive/rakesh/illumifin_poc/Data/root_images/40/40_64.jpeg,MDS
40.pdf,40_65.jpeg,/datadrive/rakesh/illumifin_poc/Data/root_images/40/40_65.jpeg,MDS
40.pdf,40_66.jpeg,/datadrive/rakesh/illumifin_poc/Data/root_images/40/40_66.jpeg,MDS
40.pdf,40_67.jpeg,/datadrive/rakesh/illumifin_poc/Data/root_images/40/40_67.jpeg,MDS
40.pdf,40_68.jpeg,/datadrive/rakesh/illumifin_poc/Data/root_images/40/40_68.jpeg,RFR HHC
40.pdf,40_69.jpeg,/datadrive/rakesh/illumifin_poc/Data/root_images/40/40_69.jpeg,MDS
40.pdf,40_70.jpeg,/datadrive/rakesh/illumifin_poc/Data/root_images/40/40_70.jpeg,MDS
40.pdf,40_71.jpeg,/datadrive/rakesh/illumifin_poc/Data/root_images/40/40_71.jpeg,MDS
40.pdf,40_72.jpeg,/datadrive/rakesh/illumifin_poc/Data/root_images/40/40_72.jpeg,RFR HHC
40.pdf,40_73.jpeg,/datadrive/rakesh/illumifin_poc/Data/root_images/40/40_73.jpeg,MDS
40.pdf,40_74.jpeg,/datadrive/rakesh/illumifin_poc/Data/root_images/40/40_74.jpeg,MDS
40.pdf,40_75.jpeg,/datadrive/rakesh/illumifin_poc/Data/root_images/40/40_75.jpeg,MDS
40.pdf,40_76.jpeg,/datadrive/rakesh/illumifin_poc/Data/root_images/40/40_76.jpeg,MDS
40.pdf,40_77.jpeg,/datadrive/rakesh/illumifin_poc/Data/root_images/40/40_77.jpeg,MDS
40.pdf,40_78.jpeg,/datadrive/rakesh/illumifin_poc/Data/root_images/40/40_78.jpeg,MDS
40.pdf,40_79.jpeg,/datadrive/rakesh/illumifin_poc/Data/root_images/40/40_79.jpeg,MDS
40.pdf,40_80.jpeg,/datadrive/rakesh/illumifin_poc/Data/root_images/40/40_80.jpeg,MDS
40.pdf,40_81.jpeg,/datadrive/rakesh/illumifin_poc/Data/root_images/40/40_81.jpeg,RFR HHC
40.pdf,40_82.jpeg,/datadrive/rakesh/illumifin_poc/Data/root_images/40/40_82.jpeg,MDS
40.pdf,40_83.jpeg,/datadrive/rakesh/illumifin_poc/Data/root_images/40/40_83.jpeg,MDS
40.pdf,40_84.jpeg,/datadrive/rakesh/illumifin_poc/Data/root_images/40/40_84.jpeg,MDS
40.pdf,40_85.jpeg,/datadrive/rakesh/illumifin_poc/Data/root_images/40/40_85.jpeg,MDS
40.pdf,40_86.jpeg,/datadrive/rakesh/illumifin_poc/Data/root_images/40/40_86.jpeg,RFR Facility
40.pdf,40_87.jpeg,/datadrive/rakesh/illumifin_poc/Data/root_images/40/40_87.jpeg,MDS
25.pdf,25_01.jpeg,/datadrive/rakesh/illumifin_poc/Data/root_images/25/25_01.jpeg,RFR Facility
25.pdf,25_02.jpeg,/datadrive/rakesh/illumifin_poc/Data/root_images/25/25_02.jpeg,RFR HHC
25.pdf,25_03.jpeg,/datadrive/rakesh/illumifin_poc/Data/root_images/25/25_03.jpeg,Cognitive Questionnaire MD
25.pdf,25_04.jpeg,/datadrive/rakesh/illumifin_poc/Data/root_images/25/25_04.jpeg,Cognitive Questionnaire MD
25.pdf,25_05.jpeg,/datadrive/rakesh/illumifin_poc/Data/root_images/25/25_05.jpeg,Cognitive Questionnaire MD
25.pdf,25_06.jpeg,/datadrive/rakesh/illumifin_poc/Data/root_images/25/25_06.jpeg,RFR HHC
12.pdf,12_01.jpeg,/datadrive/rakesh/illumifin_poc/Data/root_images/12/12_01.jpeg,Plan of Care (POC)
12.pdf,12_02.jpeg,/datadrive/rakesh/illumifin_poc/Data/root_images/12/12_02.jpeg,Plan of Care (POC)
12.pdf,12_03.jpeg,/datadrive/rakesh/illumifin_poc/Data/root_images/12/12_03.jpeg,RFR Facility
12.pdf,12_04.jpeg,/datadrive/rakesh/illumifin_poc/Data/root_images/12/12_04.jpeg,Plan of Care (POC)
12.pdf,12_05.jpeg,/datadrive/rakesh/illumifin_poc/Data/root_images/12/12_05.jpeg,Cognitive Questionnaire MD
12.pdf,12_06.jpeg,/datadrive/rakesh/illumifin_poc/Data/root_images/12/12_06.jpeg,CCNA
12.pdf,12_07.jpeg,/datadrive/rakesh/illumifin_poc/Data/root_images/12/12_07.jpeg,CCNA
12.pdf,12_08.jpeg,/datadrive/rakesh/illumifin_poc/Data/root_images/12/12_08.jpeg,Medication Administration Screen Form
12.pdf,12_09.jpeg,/datadrive/rakesh/illumifin_poc/Data/root_images/12/12_09.jpeg,Medication Administration Screen Form
12.pdf,12_10.jpeg,/datadrive/rakesh/illumifin_poc/Data/root_images/12/12_10.jpeg,RFR Facility
12.pdf,12_11.jpeg,/datadrive/rakesh/illumifin_poc/Data/root_images/12/12_11.jpeg,Cognitive Questionnaire MD
12.pdf,12_12.jpeg,/datadrive/rakesh/illumifin_poc/Data/root_images/12/12_12.jpeg,Plan of Care (POC)
12.pdf,12_13.jpeg,/datadrive/rakesh/illumifin_poc/Data/root_images/12/12_13.jpeg,CCNA
12.pdf,12_14.jpeg,/datadrive/rakesh/illumifin_poc/Data/root_images/12/12_14.jpeg,CCNA
12.pdf,12_15.jpeg,/datadrive/rakesh/illumifin_poc/Data/root_images/12/12_15.jpeg,Medication Administration Screen Form
12.pdf,12_16.jpeg,/datadrive/rakesh/illumifin_poc/Data/root_images/12/12_16.jpeg,Medication Administration Screen Form
12.pdf,12_17.jpeg,/datadrive/rakesh/illumifin_poc/Data/root_images/12/12_17.jpeg,RFR HHC
12.pdf,12_18.jpeg,/datadrive/rakesh/illumifin_poc/Data/root_images/12/12_18.jpeg,Medication Administration Records (MAR)
12.pdf,12_19.jpeg,/datadrive/rakesh/illumifin_poc/Data/root_images/12/12_19.jpeg,Medication Administration Records (MAR)
12.pdf,12_20.jpeg,/datadrive/rakesh/illumifin_poc/Data/root_images/12/12_20.jpeg,Medication Administration Records (MAR)
12.pdf,12_21.jpeg,/datadrive/rakesh/illumifin_poc/Data/root_images/12/12_21.jpeg,Medication Administration Records (MAR)
12.pdf,12_22.jpeg,/datadrive/rakesh/illumifin_poc/Data/root_images/12/12_22.jpeg,Medication Administration Records (MAR)
12.pdf,12_23.jpeg,/datadrive/rakesh/illumifin_poc/Data/root_images/12/12_23.jpeg,RFR HHC
12.pdf,12_24.jpeg,/datadrive/rakesh/illumifin_poc/Data/root_images/12/12_24.jpeg,RFR HHC
01.pdf,01_01.jpeg,/datadrive/rakesh/illumifin_poc/Data/root_images/01/01_01.jpeg,Plan of Care (POC)
01.pdf,01_02.jpeg,/datadrive/rakesh/illumifin_poc/Data/root_images/01/01_02.jpeg,Other
01.pdf,01_03.jpeg,/datadrive/rakesh/illumifin_poc/Data/root_images/01/01_03.jpeg,Cognitive Questionnaire MD
01.pdf,01_04.jpeg,/datadrive/rakesh/illumifin_poc/Data/root_images/01/01_04.jpeg,Other
01.pdf,01_05.jpeg,/datadrive/rakesh/illumifin_poc/Data/root_images/01/01_05.jpeg,Cognitive Questionnaire MD
01.pdf,01_06.jpeg,/datadrive/rakesh/illumifin_poc/Data/root_images/01/01_06.jpeg,Other
01.pdf,01_07.jpeg,/datadrive/rakesh/illumifin_poc/Data/root_images/01/01_07.jpeg,MDS
01.pdf,01_08.jpeg,/datadrive/rakesh/illumifin_poc/Data/root_images/01/01_08.jpeg,MDS
01.pdf,01_09.jpeg,/datadrive/rakesh/illumifin_poc/Data/root_images/01/01_09.jpeg,MDS
01.pdf,01_10.jpeg,/datadrive/rakesh/illumifin_poc/Data/root_images/01/01_10.jpeg,MDS
01.pdf,01_11.jpeg,/datadrive/rakesh/illumifin_poc/Data/root_images/01/01_11.jpeg,MDS
01.pdf,01_12.jpeg,/datadrive/rakesh/illumifin_poc/Data/root_images/01/01_12.jpeg,MDS
01.pdf,01_13.jpeg,/datadrive/rakesh/illumifin_poc/Data/root_images/01/01_13.jpeg,MDS
01.pdf,01_14.jpeg,/datadrive/rakesh/illumifin_poc/Data/root_images/01/01_14.jpeg,Plan of Care (POC)
01.pdf,01_15.jpeg,/datadrive/rakesh/illumifin_poc/Data/root_images/01/01_15.jpeg,MDS
01.pdf,01_16.jpeg,/datadrive/rakesh/illumifin_poc/Data/root_images/01/01_16.jpeg,MDS
01.pdf,01_17.jpeg,/datadrive/rakesh/illumifin_poc/Data/root_images/01/01_17.jpeg,MDS
01.pdf,01_18.jpeg,/datadrive/rakesh/illumifin_poc/Data/root_images/01/01_18.jpeg,MDS
01.pdf,01_19.jpeg,/datadrive/rakesh/illumifin_poc/Data/root_images/01/01_19.jpeg,MDS
01.pdf,01_20.jpeg,/datadrive/rakesh/illumifin_poc/Data/root_images/01/01_20.jpeg,MDS
01.pdf,01_21.jpeg,/datadrive/rakesh/illumifin_poc/Data/root_images/01/01_21.jpeg,MDS
01.pdf,01_22.jpeg,/datadrive/rakesh/illumifin_poc/Data/root_images/01/01_22.jpeg,RFR HHC
01.pdf,01_23.jpeg,/datadrive/rakesh/illumifin_poc/Data/root_images/01/01_23.jpeg,Plan of Care (POC)
01.pdf,01_24.jpeg,/datadrive/rakesh/illumifin_poc/Data/root_images/01/01_24.jpeg,Plan of Care (POC)
01.pdf,01_25.jpeg,/datadrive/rakesh/illumifin_poc/Data/root_images/01/01_25.jpeg,MDS
01.pdf,01_26.jpeg,/datadrive/rakesh/illumifin_poc/Data/root_images/01/01_26.jpeg,MDS
01.pdf,01_27.jpeg,/datadrive/rakesh/illumifin_poc/Data/root_images/01/01_27.jpeg,MDS
01.pdf,01_28.jpeg,/datadrive/rakesh/illumifin_poc/Data/root_images/01/01_28.jpeg,MDS
01.pdf,01_29.jpeg,/datadrive/rakesh/illumifin_poc/Data/root_images/01/01_29.jpeg,MDS
01.pdf,01_30.jpeg,/datadrive/rakesh/illumifin_poc/Data/root_images/01/01_30.jpeg,MDS
01.pdf,01_31.jpeg,/datadrive/rakesh/illumifin_poc/Data/root_images/01/01_31.jpeg,MDS
01.pdf,01_32.jpeg,/datadrive/rakesh/illumifin_poc/Data/root_images/01/01_32.jpeg,MDS
01.pdf,01_33.jpeg,/datadrive/rakesh/illumifin_poc/Data/root_images/01/01_33.jpeg,MDS
01.pdf,01_34.jpeg,/datadrive/rakesh/illumifin_poc/Data/root_images/01/01_34.jpeg,MDS
01.pdf,01_35.jpeg,/datadrive/rakesh/illumifin_poc/Data/root_images/01/01_35.jpeg,RFR HHC
01.pdf,01_36.jpeg,/datadrive/rakesh/illumifin_poc/Data/root_images/01/01_36.jpeg,Plan of Care (POC)
01.pdf,01_37.jpeg,/datadrive/rakesh/illumifin_poc/Data/root_images/01/01_37.jpeg,Plan of Care (POC)
01.pdf,01_38.jpeg,/datadrive/rakesh/illumifin_poc/Data/root_images/01/01_38.jpeg,MDS
01.pdf,01_39.jpeg,/datadrive/rakesh/illumifin_poc/Data/root_images/01/01_39.jpeg,MDS
01.pdf,01_40.jpeg,/datadrive/rakesh/illumifin_poc/Data/root_images/01/01_40.jpeg,MDS
01.pdf,01_41.jpeg,/datadrive/rakesh/illumifin_poc/Data/root_images/01/01_41.jpeg,MDS
01.pdf,01_42.jpeg,/datadrive/rakesh/illumifin_poc/Data/root_images/01/01_42.jpeg,RFR HHC
01.pdf,01_43.jpeg,/datadrive/rakesh/illumifin_poc/Data/root_images/01/01_43.jpeg,MDS
01.pdf,01_44.jpeg,/datadrive/rakesh/illumifin_poc/Data/root_images/01/01_44.jpeg,RFR HHC
01.pdf,01_45.jpeg,/datadrive/rakesh/illumifin_poc/Data/root_images/01/01_45.jpeg,MDS
01.pdf,01_46.jpeg,/datadrive/rakesh/illumifin_poc/Data/root_images/01/01_46.jpeg,MDS
01.pdf,01_47.jpeg,/datadrive/rakesh/illumifin_poc/Data/root_images/01/01_47.jpeg,RFR HHC
01.pdf,01_48.jpeg,/datadrive/rakesh/illumifin_poc/Data/root_images/01/01_48.jpeg,MDS
01.pdf,01_49.jpeg,/datadrive/rakesh/illumifin_poc/Data/root_images/01/01_49.jpeg,MDS
01.pdf,01_50.jpeg,/datadrive/rakesh/illumifin_poc/Data/root_images/01/01_50.jpeg,MDS
01.pdf,01_51.jpeg,/datadrive/rakesh/illumifin_poc/Data/root_images/01/01_51.jpeg,MDS
01.pdf,01_52.jpeg,/datadrive/rakesh/illumifin_poc/Data/root_images/01/01_52.jpeg,MDS
01.pdf,01_53.jpeg,/datadrive/rakesh/illumifin_poc/Data/root_images/01/01_53.jpeg,MDS
01.pdf,01_54.jpeg,/datadrive/rakesh/illumifin_poc/Data/root_images/01/01_54.jpeg,MDS
01.pdf,01_55.jpeg,/datadrive/rakesh/illumifin_poc/Data/root_images/01/01_55.jpeg,MDS
01.pdf,01_56.jpeg,/datadrive/rakesh/illumifin_poc/Data/root_images/01/01_56.jpeg,MDS
01.pdf,01_57.jpeg,/datadrive/rakesh/illumifin_poc/Data/root_images/01/01_57.jpeg,MDS
01.pdf,01_58.jpeg,/datadrive/rakesh/illumifin_poc/Data/root_images/01/01_58.jpeg,MDS
01.pdf,01_59.jpeg,/datadrive/rakesh/illumifin_poc/Data/root_images/01/01_59.jpeg,MDS
01.pdf,01_60.jpeg,/datadrive/rakesh/illumifin_poc/Data/root_images/01/01_60.jpeg,Plan of Care (POC)
01.pdf,01_61.jpeg,/datadrive/rakesh/illumifin_poc/Data/root_images/01/01_61.jpeg,MDS
01.pdf,01_62.jpeg,/datadrive/rakesh/illumifin_poc/Data/root_images/01/01_62.jpeg,MDS
01.pdf,01_63.jpeg,/datadrive/rakesh/illumifin_poc/Data/root_images/01/01_63.jpeg,RFR Facility
01.pdf,01_64.jpeg,/datadrive/rakesh/illumifin_poc/Data/root_images/01/01_64.jpeg,MDS
01.pdf,01_65.jpeg,/datadrive/rakesh/illumifin_poc/Data/root_images/01/01_65.jpeg,MDS
01.pdf,01_66.jpeg,/datadrive/rakesh/illumifin_poc/Data/root_images/01/01_66.jpeg,Other
01.pdf,01_67.jpeg,/datadrive/rakesh/illumifin_poc/Data/root_images/01/01_67.jpeg,Plan of Care (POC)
01.pdf,01_68.jpeg,/datadrive/rakesh/illumifin_poc/Data/root_images/01/01_68.jpeg,Other
01.pdf,01_69.jpeg,/datadrive/rakesh/illumifin_poc/Data/root_images/01/01_69.jpeg,Medication Administration Records (MAR)
01.pdf,01_70.jpeg,/datadrive/rakesh/illumifin_poc/Data/root_images/01/01_70.jpeg,Other
01.pdf,01_71.jpeg,/datadrive/rakesh/illumifin_poc/Data/root_images/01/01_71.jpeg,Medication Administration Records (MAR)
01.pdf,01_72.jpeg,/datadrive/rakesh/illumifin_poc/Data/root_images/01/01_72.jpeg,Other
01.pdf,01_73.jpeg,/datadrive/rakesh/illumifin_poc/Data/root_images/01/01_73.jpeg,Medication Administration Records (MAR)
01.pdf,01_74.jpeg,/datadrive/rakesh/illumifin_poc/Data/root_images/01/01_74.jpeg,Other
01.pdf,01_75.jpeg,/datadrive/rakesh/illumifin_poc/Data/root_images/01/01_75.jpeg,RFR HHC
01.pdf,01_76.jpeg,/datadrive/rakesh/illumifin_poc/Data/root_images/01/01_76.jpeg,Other
01.pdf,01_77.jpeg,/datadrive/rakesh/illumifin_poc/Data/root_images/01/01_77.jpeg,Medication Administration Records (MAR)
01.pdf,01_78.jpeg,/datadrive/rakesh/illumifin_poc/Data/root_images/01/01_78.jpeg,Other
01.pdf,01_79.jpeg,/datadrive/rakesh/illumifin_poc/Data/root_images/01/01_79.jpeg,Medication Administration Records (MAR)
01.pdf,01_80.jpeg,/datadrive/rakesh/illumifin_poc/Data/root_images/01/01_80.jpeg,Other
01.pdf,01_81.jpeg,/datadrive/rakesh/illumifin_poc/Data/root_images/01/01_81.jpeg,RFR HHC
01.pdf,01_82.jpeg,/datadrive/rakesh/illumifin_poc/Data/root_images/01/01_82.jpeg,Other
01.pdf,01_83.jpeg,/datadrive/rakesh/illumifin_poc/Data/root_images/01/01_83.jpeg,Medication Administration Records (MAR)
01.pdf,01_84.jpeg,/datadrive/rakesh/illumifin_poc/Data/root_images/01/01_84.jpeg,Other
01.pdf,01_85.jpeg,/datadrive/rakesh/illumifin_poc/Data/root_images/01/01_85.jpeg,Medication Administration Records (MAR)
01.pdf,01_86.jpeg,/datadrive/rakesh/illumifin_poc/Data/root_images/01/01_86.jpeg,Other
01.pdf,01_87.jpeg,/datadrive/rakesh/illumifin_poc/Data/root_images/01/01_87.jpeg,RFR HHC
01.pdf,01_88.jpeg,/datadrive/rakesh/illumifin_poc/Data/root_images/01/01_88.jpeg,Other
22.pdf,22_01.jpeg,/datadrive/rakesh/illumifin_poc/Data/root_images/22/22_01.jpeg,Plan of Care (POC)
22.pdf,22_02.jpeg,/datadrive/rakesh/illumifin_poc/Data/root_images/22/22_02.jpeg,Cognitive Questionnaire MD
22.pdf,22_03.jpeg,/datadrive/rakesh/illumifin_poc/Data/root_images/22/22_03.jpeg,CCNA
22.pdf,22_04.jpeg,/datadrive/rakesh/illumifin_poc/Data/root_images/22/22_04.jpeg,CCNA
22.pdf,22_05.jpeg,/datadrive/rakesh/illumifin_poc/Data/root_images/22/22_05.jpeg,Plan of Care (POC)
22.pdf,22_06.jpeg,/datadrive/rakesh/illumifin_poc/Data/root_images/22/22_06.jpeg,RFR HHC
22.pdf,22_07.jpeg,/datadrive/rakesh/illumifin_poc/Data/root_images/22/22_07.jpeg,Plan of Care (POC)
03.pdf,03_01.jpeg,/datadrive/rakesh/illumifin_poc/Data/root_images/03/03_01.jpeg,BEA
03.pdf,03_02.jpeg,/datadrive/rakesh/illumifin_poc/Data/root_images/03/03_02.jpeg,BEA
03.pdf,03_03.jpeg,/datadrive/rakesh/illumifin_poc/Data/root_images/03/03_03.jpeg,RFR HHC
03.pdf,03_04.jpeg,/datadrive/rakesh/illumifin_poc/Data/root_images/03/03_04.jpeg,BEA
03.pdf,03_05.jpeg,/datadrive/rakesh/illumifin_poc/Data/root_images/03/03_05.jpeg,BEA
03.pdf,03_06.jpeg,/datadrive/rakesh/illumifin_poc/Data/root_images/03/03_06.jpeg,BEA
03.pdf,03_07.jpeg,/datadrive/rakesh/illumifin_poc/Data/root_images/03/03_07.jpeg,BEA
03.pdf,03_08.jpeg,/datadrive/rakesh/illumifin_poc/Data/root_images/03/03_08.jpeg,BEA
03.pdf,03_09.jpeg,/datadrive/rakesh/illumifin_poc/Data/root_images/03/03_09.jpeg,BEA
03.pdf,03_10.jpeg,/datadrive/rakesh/illumifin_poc/Data/root_images/03/03_10.jpeg,BEA
03.pdf,03_11.jpeg,/datadrive/rakesh/illumifin_poc/Data/root_images/03/03_11.jpeg,BEA
03.pdf,03_12.jpeg,/datadrive/rakesh/illumifin_poc/Data/root_images/03/03_12.jpeg,BEA
03.pdf,03_13.jpeg,/datadrive/rakesh/illumifin_poc/Data/root_images/03/03_13.jpeg,BEA
03.pdf,03_14.jpeg,/datadrive/rakesh/illumifin_poc/Data/root_images/03/03_14.jpeg,BEA
03.pdf,03_15.jpeg,/datadrive/rakesh/illumifin_poc/Data/root_images/03/03_15.jpeg,BEA
03.pdf,03_16.jpeg,/datadrive/rakesh/illumifin_poc/Data/root_images/03/03_16.jpeg,BEA
03.pdf,03_17.jpeg,/datadrive/rakesh/illumifin_poc/Data/root_images/03/03_17.jpeg,BEA
03.pdf,03_18.jpeg,/datadrive/rakesh/illumifin_poc/Data/root_images/03/03_18.jpeg,BEA
03.pdf,03_19.jpeg,/datadrive/rakesh/illumifin_poc/Data/root_images/03/03_19.jpeg,BEA
03.pdf,03_20.jpeg,/datadrive/rakesh/illumifin_poc/Data/root_images/03/03_20.jpeg,BEA
03.pdf,03_21.jpeg,/datadrive/rakesh/illumifin_poc/Data/root_images/03/03_21.jpeg,BEA
03.pdf,03_22.jpeg,/datadrive/rakesh/illumifin_poc/Data/root_images/03/03_22.jpeg,BEA
03.pdf,03_23.jpeg,/datadrive/rakesh/illumifin_poc/Data/root_images/03/03_23.jpeg,BEA
03.pdf,03_24.jpeg,/datadrive/rakesh/illumifin_poc/Data/root_images/03/03_24.jpeg,BEA
03.pdf,03_25.jpeg,/datadrive/rakesh/illumifin_poc/Data/root_images/03/03_25.jpeg,BEA
03.pdf,03_26.jpeg,/datadrive/rakesh/illumifin_poc/Data/root_images/03/03_26.jpeg,RFR HHC
03.pdf,03_27.jpeg,/datadrive/rakesh/illumifin_poc/Data/root_images/03/03_27.jpeg,RFR HHC
03.pdf,03_28.jpeg,/datadrive/rakesh/illumifin_poc/Data/root_images/03/03_28.jpeg,RFR HHC
03.pdf,03_29.jpeg,/datadrive/rakesh/illumifin_poc/Data/root_images/03/03_29.jpeg,Cognitive Questionnaire MD
03.pdf,03_30.jpeg,/datadrive/rakesh/illumifin_poc/Data/root_images/03/03_30.jpeg,BEA
03.pdf,03_31.jpeg,/datadrive/rakesh/illumifin_poc/Data/root_images/03/03_31.jpeg,BEA
03.pdf,03_32.jpeg,/datadrive/rakesh/illumifin_poc/Data/root_images/03/03_32.jpeg,BEA
03.pdf,03_33.jpeg,/datadrive/rakesh/illumifin_poc/Data/root_images/03/03_33.jpeg,BEA
03.pdf,03_34.jpeg,/datadrive/rakesh/illumifin_poc/Data/root_images/03/03_34.jpeg,BEA
03.pdf,03_35.jpeg,/datadrive/rakesh/illumifin_poc/Data/root_images/03/03_35.jpeg,BEA
03.pdf,03_36.jpeg,/datadrive/rakesh/illumifin_poc/Data/root_images/03/03_36.jpeg,BEA
03.pdf,03_37.jpeg,/datadrive/rakesh/illumifin_poc/Data/root_images/03/03_37.jpeg,BEA
03.pdf,03_38.jpeg,/datadrive/rakesh/illumifin_poc/Data/root_images/03/03_38.jpeg,BEA
03.pdf,03_39.jpeg,/datadrive/rakesh/illumifin_poc/Data/root_images/03/03_39.jpeg,BEA
03.pdf,03_40.jpeg,/datadrive/rakesh/illumifin_poc/Data/root_images/03/03_40.jpeg,BEA
03.pdf,03_41.jpeg,/datadrive/rakesh/illumifin_poc/Data/root_images/03/03_41.jpeg,BEA
03.pdf,03_42.jpeg,/datadrive/rakesh/illumifin_poc/Data/root_images/03/03_42.jpeg,BEA
03.pdf,03_43.jpeg,/datadrive/rakesh/illumifin_poc/Data/root_images/03/03_43.jpeg,BEA
03.pdf,03_44.jpeg,/datadrive/rakesh/illumifin_poc/Data/root_images/03/03_44.jpeg,BEA
03.pdf,03_45.jpeg,/datadrive/rakesh/illumifin_poc/Data/root_images/03/03_45.jpeg,BEA
03.pdf,03_46.jpeg,/datadrive/rakesh/illumifin_poc/Data/root_images/03/03_46.jpeg,BEA
03.pdf,03_47.jpeg,/datadrive/rakesh/illumifin_poc/Data/root_images/03/03_47.jpeg,BEA
03.pdf,03_48.jpeg,/datadrive/rakesh/illumifin_poc/Data/root_images/03/03_48.jpeg,BEA
03.pdf,03_49.jpeg,/datadrive/rakesh/illumifin_poc/Data/root_images/03/03_49.jpeg,BEA
03.pdf,03_50.jpeg,/datadrive/rakesh/illumifin_poc/Data/root_images/03/03_50.jpeg,BEA
03.pdf,03_51.jpeg,/datadrive/rakesh/illumifin_poc/Data/root_images/03/03_51.jpeg,BEA
03.pdf,03_52.jpeg,/datadrive/rakesh/illumifin_poc/Data/root_images/03/03_52.jpeg,BEA
03.pdf,03_53.jpeg,/datadrive/rakesh/illumifin_poc/Data/root_images/03/03_53.jpeg,BEA
03.pdf,03_54.jpeg,/datadrive/rakesh/illumifin_poc/Data/root_images/03/03_54.jpeg,BEA
03.pdf,03_55.jpeg,/datadrive/rakesh/illumifin_poc/Data/root_images/03/03_55.jpeg,BEA
03.pdf,03_56.jpeg,/datadrive/rakesh/illumifin_poc/Data/root_images/03/03_56.jpeg,BEA
03.pdf,03_57.jpeg,/datadrive/rakesh/illumifin_poc/Data/root_images/03/03_57.jpeg,BEA
03.pdf,03_58.jpeg,/datadrive/rakesh/illumifin_poc/Data/root_images/03/03_58.jpeg,BEA
03.pdf,03_59.jpeg,/datadrive/rakesh/illumifin_poc/Data/root_images/03/03_59.jpeg,BEA
03.pdf,03_60.jpeg,/datadrive/rakesh/illumifin_poc/Data/root_images/03/03_60.jpeg,BEA
03.pdf,03_61.jpeg,/datadrive/rakesh/illumifin_poc/Data/root_images/03/03_61.jpeg,BEA
03.pdf,03_62.jpeg,/datadrive/rakesh/illumifin_poc/Data/root_images/03/03_62.jpeg,BEA
03.pdf,03_63.jpeg,/datadrive/rakesh/illumifin_poc/Data/root_images/03/03_63.jpeg,Plan of Care (POC)
03.pdf,03_64.jpeg,/datadrive/rakesh/illumifin_poc/Data/root_images/03/03_64.jpeg,Plan of Care (POC)
03.pdf,03_65.jpeg,/datadrive/rakesh/illumifin_poc/Data/root_images/03/03_65.jpeg,Plan of Care (POC)
03.pdf,03_66.jpeg,/datadrive/rakesh/illumifin_poc/Data/root_images/03/03_66.jpeg,BEA
03.pdf,03_67.jpeg,/datadrive/rakesh/illumifin_poc/Data/root_images/03/03_67.jpeg,BEA
03.pdf,03_68.jpeg,/datadrive/rakesh/illumifin_poc/Data/root_images/03/03_68.jpeg,BEA
03.pdf,03_69.jpeg,/datadrive/rakesh/illumifin_poc/Data/root_images/03/03_69.jpeg,BEA
03.pdf,03_70.jpeg,/datadrive/rakesh/illumifin_poc/Data/root_images/03/03_70.jpeg,BEA
03.pdf,03_71.jpeg,/datadrive/rakesh/illumifin_poc/Data/root_images/03/03_71.jpeg,BEA
03.pdf,03_72.jpeg,/datadrive/rakesh/illumifin_poc/Data/root_images/03/03_72.jpeg,Cognitive Questionnaire MD
03.pdf,03_73.jpeg,/datadrive/rakesh/illumifin_poc/Data/root_images/03/03_73.jpeg,BEA
03.pdf,03_74.jpeg,/datadrive/rakesh/illumifin_poc/Data/root_images/03/03_74.jpeg,BEA
03.pdf,03_75.jpeg,/datadrive/rakesh/illumifin_poc/Data/root_images/03/03_75.jpeg,BEA
03.pdf,03_76.jpeg,/datadrive/rakesh/illumifin_poc/Data/root_images/03/03_76.jpeg,BEA
03.pdf,03_77.jpeg,/datadrive/rakesh/illumifin_poc/Data/root_images/03/03_77.jpeg,BEA
03.pdf,03_78.jpeg,/datadrive/rakesh/illumifin_poc/Data/root_images/03/03_78.jpeg,BEA
03.pdf,03_79.jpeg,/datadrive/rakesh/illumifin_poc/Data/root_images/03/03_79.jpeg,Plan of Care (POC)
03.pdf,03_80.jpeg,/datadrive/rakesh/illumifin_poc/Data/root_images/03/03_80.jpeg,BEA
03.pdf,03_81.jpeg,/datadrive/rakesh/illumifin_poc/Data/root_images/03/03_81.jpeg,BEA
03.pdf,03_82.jpeg,/datadrive/rakesh/illumifin_poc/Data/root_images/03/03_82.jpeg,BEA
03.pdf,03_83.jpeg,/datadrive/rakesh/illumifin_poc/Data/root_images/03/03_83.jpeg,BEA
03.pdf,03_84.jpeg,/datadrive/rakesh/illumifin_poc/Data/root_images/03/03_84.jpeg,BEA
03.pdf,03_85.jpeg,/datadrive/rakesh/illumifin_poc/Data/root_images/03/03_85.jpeg,BEA
03.pdf,03_86.jpeg,/datadrive/rakesh/illumifin_poc/Data/root_images/03/03_86.jpeg,BEA
03.pdf,03_87.jpeg,/datadrive/rakesh/illumifin_poc/Data/root_images/03/03_87.jpeg,BEA
03.pdf,03_88.jpeg,/datadrive/rakesh/illumifin_poc/Data/root_images/03/03_88.jpeg,BEA
03.pdf,03_89.jpeg,/datadrive/rakesh/illumifin_poc/Data/root_images/03/03_89.jpeg,BEA
03.pdf,03_90.jpeg,/datadrive/rakesh/illumifin_poc/Data/root_images/03/03_90.jpeg,BEA
03.pdf,03_91.jpeg,/datadrive/rakesh/illumifin_poc/Data/root_images/03/03_91.jpeg,BEA
03.pdf,03_92.jpeg,/datadrive/rakesh/illumifin_poc/Data/root_images/03/03_92.jpeg,BEA
03.pdf,03_93.jpeg,/datadrive/rakesh/illumifin_poc/Data/root_images/03/03_93.jpeg,BEA
03.pdf,03_94.jpeg,/datadrive/rakesh/illumifin_poc/Data/root_images/03/03_94.jpeg,BEA
03.pdf,03_95.jpeg,/datadrive/rakesh/illumifin_poc/Data/root_images/03/03_95.jpeg,BEA
03.pdf,03_96.jpeg,/datadrive/rakesh/illumifin_poc/Data/root_images/03/03_96.jpeg,BEA
03.pdf,03_97.jpeg,/datadrive/rakesh/illumifin_poc/Data/root_images/03/03_97.jpeg,BEA
03.pdf,03_98.jpeg,/datadrive/rakesh/illumifin_poc/Data/root_images/03/03_98.jpeg,BEA
03.pdf,03_99.jpeg,/datadrive/rakesh/illumifin_poc/Data/root_images/03/03_99.jpeg,BEA
03.pdf,03_100.jpeg,/datadrive/rakesh/illumifin_poc/Data/root_images/03/03_100.jpeg,BEA
03.pdf,03_101.jpeg,/datadrive/rakesh/illumifin_poc/Data/root_images/03/03_101.jpeg,BEA
03.pdf,03_102.jpeg,/datadrive/rakesh/illumifin_poc/Data/root_images/03/03_102.jpeg,BEA
03.pdf,03_103.jpeg,/datadrive/rakesh/illumifin_poc/Data/root_images/03/03_103.jpeg,BEA
03.pdf,03_104.jpeg,/datadrive/rakesh/illumifin_poc/Data/root_images/03/03_104.jpeg,BEA
03.pdf,03_105.jpeg,/datadrive/rakesh/illumifin_poc/Data/root_images/03/03_105.jpeg,BEA
03.pdf,03_106.jpeg,/datadrive/rakesh/illumifin_poc/Data/root_images/03/03_106.jpeg,BEA
03.pdf,03_107.jpeg,/datadrive/rakesh/illumifin_poc/Data/root_images/03/03_107.jpeg,RFR HHC
03.pdf,03_108.jpeg,/datadrive/rakesh/illumifin_poc/Data/root_images/03/03_108.jpeg,BEA
03.pdf,03_109.jpeg,/datadrive/rakesh/illumifin_poc/Data/root_images/03/03_109.jpeg,RFR HHC
03.pdf,03_110.jpeg,/datadrive/rakesh/illumifin_poc/Data/root_images/03/03_110.jpeg,BEA
03.pdf,03_111.jpeg,/datadrive/rakesh/illumifin_poc/Data/root_images/03/03_111.jpeg,BEA
03.pdf,03_112.jpeg,/datadrive/rakesh/illumifin_poc/Data/root_images/03/03_112.jpeg,BEA
03.pdf,03_113.jpeg,/datadrive/rakesh/illumifin_poc/Data/root_images/03/03_113.jpeg,BEA
03.pdf,03_114.jpeg,/datadrive/rakesh/illumifin_poc/Data/root_images/03/03_114.jpeg,BEA
03.pdf,03_115.jpeg,/datadrive/rakesh/illumifin_poc/Data/root_images/03/03_115.jpeg,BEA
03.pdf,03_116.jpeg,/datadrive/rakesh/illumifin_poc/Data/root_images/03/03_116.jpeg,BEA
03.pdf,03_117.jpeg,/datadrive/rakesh/illumifin_poc/Data/root_images/03/03_117.jpeg,BEA
03.pdf,03_118.jpeg,/datadrive/rakesh/illumifin_poc/Data/root_images/03/03_118.jpeg,BEA
03.pdf,03_119.jpeg,/datadrive/rakesh/illumifin_poc/Data/root_images/03/03_119.jpeg,BEA
03.pdf,03_120.jpeg,/datadrive/rakesh/illumifin_poc/Data/root_images/03/03_120.jpeg,BEA
03.pdf,03_121.jpeg,/datadrive/rakesh/illumifin_poc/Data/root_images/03/03_121.jpeg,BEA
03.pdf,03_122.jpeg,/datadrive/rakesh/illumifin_poc/Data/root_images/03/03_122.jpeg,BEA
03.pdf,03_123.jpeg,/datadrive/rakesh/illumifin_poc/Data/root_images/03/03_123.jpeg,BEA
03.pdf,03_124.jpeg,/datadrive/rakesh/illumifin_poc/Data/root_images/03/03_124.jpeg,BEA
03.pdf,03_125.jpeg,/datadrive/rakesh/illumifin_poc/Data/root_images/03/03_125.jpeg,BEA
03.pdf,03_126.jpeg,/datadrive/rakesh/illumifin_poc/Data/root_images/03/03_126.jpeg,BEA
03.pdf,03_127.jpeg,/datadrive/rakesh/illumifin_poc/Data/root_images/03/03_127.jpeg,BEA
03.pdf,03_128.jpeg,/datadrive/rakesh/illumifin_poc/Data/root_images/03/03_128.jpeg,BEA
03.pdf,03_129.jpeg,/datadrive/rakesh/illumifin_poc/Data/root_images/03/03_129.jpeg,BEA
03.pdf,03_130.jpeg,/datadrive/rakesh/illumifin_poc/Data/root_images/03/03_130.jpeg,BEA
03.pdf,03_131.jpeg,/datadrive/rakesh/illumifin_poc/Data/root_images/03/03_131.jpeg,BEA
03.pdf,03_132.jpeg,/datadrive/rakesh/illumifin_poc/Data/root_images/03/03_132.jpeg,RFR HHC
03.pdf,03_133.jpeg,/datadrive/rakesh/illumifin_poc/Data/root_images/03/03_133.jpeg,RFR HHC
03.pdf,03_134.jpeg,/datadrive/rakesh/illumifin_poc/Data/root_images/03/03_134.jpeg,RFR HHC
03.pdf,03_135.jpeg,/datadrive/rakesh/illumifin_poc/Data/root_images/03/03_135.jpeg,Cognitive Questionnaire MD
03.pdf,03_136.jpeg,/datadrive/rakesh/illumifin_poc/Data/root_images/03/03_136.jpeg,BEA
03.pdf,03_137.jpeg,/datadrive/rakesh/illumifin_poc/Data/root_images/03/03_137.jpeg,BEA
03.pdf,03_138.jpeg,/datadrive/rakesh/illumifin_poc/Data/root_images/03/03_138.jpeg,BEA
03.pdf,03_139.jpeg,/datadrive/rakesh/illumifin_poc/Data/root_images/03/03_139.jpeg,BEA
03.pdf,03_140.jpeg,/datadrive/rakesh/illumifin_poc/Data/root_images/03/03_140.jpeg,BEA
03.pdf,03_141.jpeg,/datadrive/rakesh/illumifin_poc/Data/root_images/03/03_141.jpeg,BEA
03.pdf,03_142.jpeg,/datadrive/rakesh/illumifin_poc/Data/root_images/03/03_142.jpeg,BEA
03.pdf,03_143.jpeg,/datadrive/rakesh/illumifin_poc/Data/root_images/03/03_143.jpeg,BEA
03.pdf,03_144.jpeg,/datadrive/rakesh/illumifin_poc/Data/root_images/03/03_144.jpeg,BEA
03.pdf,03_145.jpeg,/datadrive/rakesh/illumifin_poc/Data/root_images/03/03_145.jpeg,BEA
03.pdf,03_146.jpeg,/datadrive/rakesh/illumifin_poc/Data/root_images/03/03_146.jpeg,BEA
03.pdf,03_147.jpeg,/datadrive/rakesh/illumifin_poc/Data/root_images/03/03_147.jpeg,BEA
03.pdf,03_148.jpeg,/datadrive/rakesh/illumifin_poc/Data/root_images/03/03_148.jpeg,BEA
03.pdf,03_149.jpeg,/datadrive/rakesh/illumifin_poc/Data/root_images/03/03_149.jpeg,BEA
03.pdf,03_150.jpeg,/datadrive/rakesh/illumifin_poc/Data/root_images/03/03_150.jpeg,BEA
03.pdf,03_151.jpeg,/datadrive/rakesh/illumifin_poc/Data/root_images/03/03_151.jpeg,BEA
03.pdf,03_152.jpeg,/datadrive/rakesh/illumifin_poc/Data/root_images/03/03_152.jpeg,BEA
03.pdf,03_153.jpeg,/datadrive/rakesh/illumifin_poc/Data/root_images/03/03_153.jpeg,BEA
03.pdf,03_154.jpeg,/datadrive/rakesh/illumifin_poc/Data/root_images/03/03_154.jpeg,BEA
03.pdf,03_155.jpeg,/datadrive/rakesh/illumifin_poc/Data/root_images/03/03_155.jpeg,BEA
03.pdf,03_156.jpeg,/datadrive/rakesh/illumifin_poc/Data/root_images/03/03_156.jpeg,BEA
03.pdf,03_157.jpeg,/datadrive/rakesh/illumifin_poc/Data/root_images/03/03_157.jpeg,BEA
03.pdf,03_158.jpeg,/datadrive/rakesh/illumifin_poc/Data/root_images/03/03_158.jpeg,BEA
03.pdf,03_159.jpeg,/datadrive/rakesh/illumifin_poc/Data/root_images/03/03_159.jpeg,BEA
03.pdf,03_160.jpeg,/datadrive/rakesh/illumifin_poc/Data/root_images/03/03_160.jpeg,BEA
03.pdf,03_161.jpeg,/datadrive/rakesh/illumifin_poc/Data/root_images/03/03_161.jpeg,BEA
03.pdf,03_162.jpeg,/datadrive/rakesh/illumifin_poc/Data/root_images/03/03_162.jpeg,BEA
03.pdf,03_163.jpeg,/datadrive/rakesh/illumifin_poc/Data/root_images/03/03_163.jpeg,BEA
03.pdf,03_164.jpeg,/datadrive/rakesh/illumifin_poc/Data/root_images/03/03_164.jpeg,BEA
03.pdf,03_165.jpeg,/datadrive/rakesh/illumifin_poc/Data/root_images/03/03_165.jpeg,BEA
03.pdf,03_166.jpeg,/datadrive/rakesh/illumifin_poc/Data/root_images/03/03_166.jpeg,BEA
03.pdf,03_167.jpeg,/datadrive/rakesh/illumifin_poc/Data/root_images/03/03_167.jpeg,BEA
03.pdf,03_168.jpeg,/datadrive/rakesh/illumifin_poc/Data/root_images/03/03_168.jpeg,BEA
03.pdf,03_169.jpeg,/datadrive/rakesh/illumifin_poc/Data/root_images/03/03_169.jpeg,BEA
03.pdf,03_170.jpeg,/datadrive/rakesh/illumifin_poc/Data/root_images/03/03_170.jpeg,RFR HHC
50.pdf,50_01.jpeg,/datadrive/rakesh/illumifin_poc/Data/root_images/50/50_01.jpeg,Plan of Care (POC)
50.pdf,50_02.jpeg,/datadrive/rakesh/illumifin_poc/Data/root_images/50/50_02.jpeg,Plan of Care (POC)
50.pdf,50_03.jpeg,/datadrive/rakesh/illumifin_poc/Data/root_images/50/50_03.jpeg,RFR HHC
50.pdf,50_04.jpeg,/datadrive/rakesh/illumifin_poc/Data/root_images/50/50_04.jpeg,Plan of Care (POC)
50.pdf,50_05.jpeg,/datadrive/rakesh/illumifin_poc/Data/root_images/50/50_05.jpeg,RFR HHC
50.pdf,50_06.jpeg,/datadrive/rakesh/illumifin_poc/Data/root_images/50/50_06.jpeg,RFR HHC
50.pdf,50_07.jpeg,/datadrive/rakesh/illumifin_poc/Data/root_images/50/50_07.jpeg,RFR HHC
50.pdf,50_08.jpeg,/datadrive/rakesh/illumifin_poc/Data/root_images/50/50_08.jpeg,Plan of Care (POC)
50.pdf,50_09.jpeg,/datadrive/rakesh/illumifin_poc/Data/root_images/50/50_09.jpeg,RFR HHC
50.pdf,50_10.jpeg,/datadrive/rakesh/illumifin_poc/Data/root_images/50/50_10.jpeg,RFR HHC
50.pdf,50_11.jpeg,/datadrive/rakesh/illumifin_poc/Data/root_images/50/50_11.jpeg,RFR HHC
50.pdf,50_12.jpeg,/datadrive/rakesh/illumifin_poc/Data/root_images/50/50_12.jpeg,RFR HHC
50.pdf,50_13.jpeg,/datadrive/rakesh/illumifin_poc/Data/root_images/50/50_13.jpeg,RFR HHC
50.pdf,50_14.jpeg,/datadrive/rakesh/illumifin_poc/Data/root_images/50/50_14.jpeg,RFR HHC
50.pdf,50_15.jpeg,/datadrive/rakesh/illumifin_poc/Data/root_images/50/50_15.jpeg,RFR HHC
50.pdf,50_16.jpeg,/datadrive/rakesh/illumifin_poc/Data/root_images/50/50_16.jpeg,RFR HHC
50.pdf,50_17.jpeg,/datadrive/rakesh/illumifin_poc/Data/root_images/50/50_17.jpeg,RFR HHC
50.pdf,50_18.jpeg,/datadrive/rakesh/illumifin_poc/Data/root_images/50/50_18.jpeg,RFR HHC
50.pdf,50_19.jpeg,/datadrive/rakesh/illumifin_poc/Data/root_images/50/50_19.jpeg,RFR HHC
50.pdf,50_20.jpeg,/datadrive/rakesh/illumifin_poc/Data/root_images/50/50_20.jpeg,RFR HHC
50.pdf,50_21.jpeg,/datadrive/rakesh/illumifin_poc/Data/root_images/50/50_21.jpeg,RFR HHC
50.pdf,50_22.jpeg,/datadrive/rakesh/illumifin_poc/Data/root_images/50/50_22.jpeg,RFR HHC
50.pdf,50_23.jpeg,/datadrive/rakesh/illumifin_poc/Data/root_images/50/50_23.jpeg,RFR HHC
50.pdf,50_24.jpeg,/datadrive/rakesh/illumifin_poc/Data/root_images/50/50_24.jpeg,RFR HHC
50.pdf,50_25.jpeg,/datadrive/rakesh/illumifin_poc/Data/root_images/50/50_25.jpeg,RFR HHC
50.pdf,50_26.jpeg,/datadrive/rakesh/illumifin_poc/Data/root_images/50/50_26.jpeg,RFR HHC
50.pdf,50_27.jpeg,/datadrive/rakesh/illumifin_poc/Data/root_images/50/50_27.jpeg,RFR HHC
50.pdf,50_28.jpeg,/datadrive/rakesh/illumifin_poc/Data/root_images/50/50_28.jpeg,RFR HHC
50.pdf,50_29.jpeg,/datadrive/rakesh/illumifin_poc/Data/root_images/50/50_29.jpeg,RFR HHC
23.pdf,23_01.jpeg,/datadrive/rakesh/illumifin_poc/Data/root_images/23/23_01.jpeg,RFR HHC
23.pdf,23_02.jpeg,/datadrive/rakesh/illumifin_poc/Data/root_images/23/23_02.jpeg,RFR HHC
23.pdf,23_03.jpeg,/datadrive/rakesh/illumifin_poc/Data/root_images/23/23_03.jpeg,RFR HHC
23.pdf,23_04.jpeg,/datadrive/rakesh/illumifin_poc/Data/root_images/23/23_04.jpeg,RFR HHC
23.pdf,23_05.jpeg,/datadrive/rakesh/illumifin_poc/Data/root_images/23/23_05.jpeg,RFR Facility
23.pdf,23_06.jpeg,/datadrive/rakesh/illumifin_poc/Data/root_images/23/23_06.jpeg,Cognitive Questionnaire MD
23.pdf,23_07.jpeg,/datadrive/rakesh/illumifin_poc/Data/root_images/23/23_07.jpeg,Cognitive Questionnaire MD
23.pdf,23_08.jpeg,/datadrive/rakesh/illumifin_poc/Data/root_images/23/23_08.jpeg,Plan of Care (POC)
23.pdf,23_09.jpeg,/datadrive/rakesh/illumifin_poc/Data/root_images/23/23_09.jpeg,Nursing Assessment
23.pdf,23_10.jpeg,/datadrive/rakesh/illumifin_poc/Data/root_images/23/23_10.jpeg,Plan of Care (POC)
23.pdf,23_11.jpeg,/datadrive/rakesh/illumifin_poc/Data/root_images/23/23_11.jpeg,Plan of Care (POC)
23.pdf,23_12.jpeg,/datadrive/rakesh/illumifin_poc/Data/root_images/23/23_12.jpeg,Plan of Care (POC)
23.pdf,23_13.jpeg,/datadrive/rakesh/illumifin_poc/Data/root_images/23/23_13.jpeg,Plan of Care (POC)
23.pdf,23_14.jpeg,/datadrive/rakesh/illumifin_poc/Data/root_images/23/23_14.jpeg,Plan of Care (POC)
23.pdf,23_15.jpeg,/datadrive/rakesh/illumifin_poc/Data/root_images/23/23_15.jpeg,Plan of Care (POC)
23.pdf,23_16.jpeg,/datadrive/rakesh/illumifin_poc/Data/root_images/23/23_16.jpeg,Cognitive Questionnaire MD
23.pdf,23_17.jpeg,/datadrive/rakesh/illumifin_poc/Data/root_images/23/23_17.jpeg,CCNA
23.pdf,23_18.jpeg,/datadrive/rakesh/illumifin_poc/Data/root_images/23/23_18.jpeg,RFR HHC
23.pdf,23_19.jpeg,/datadrive/rakesh/illumifin_poc/Data/root_images/23/23_19.jpeg,RFR HHC
23.pdf,23_20.jpeg,/datadrive/rakesh/illumifin_poc/Data/root_images/23/23_20.jpeg,RFR HHC
23.pdf,23_21.jpeg,/datadrive/rakesh/illumifin_poc/Data/root_images/23/23_21.jpeg,RFR HHC
23.pdf,23_22.jpeg,/datadrive/rakesh/illumifin_poc/Data/root_images/23/23_22.jpeg,RFR HHC
23.pdf,23_23.jpeg,/datadrive/rakesh/illumifin_poc/Data/root_images/23/23_23.jpeg,RFR HHC
23.pdf,23_24.jpeg,/datadrive/rakesh/illumifin_poc/Data/root_images/23/23_24.jpeg,RFR HHC
23.pdf,23_25.jpeg,/datadrive/rakesh/illumifin_poc/Data/root_images/23/23_25.jpeg,RFR HHC
23.pdf,23_26.jpeg,/datadrive/rakesh/illumifin_poc/Data/root_images/23/23_26.jpeg,RFR HHC
23.pdf,23_27.jpeg,/datadrive/rakesh/illumifin_poc/Data/root_images/23/23_27.jpeg,RFR HHC
23.pdf,23_28.jpeg,/datadrive/rakesh/illumifin_poc/Data/root_images/23/23_28.jpeg,RFR HHC
23.pdf,23_29.jpeg,/datadrive/rakesh/illumifin_poc/Data/root_images/23/23_29.jpeg,RFR HHC
23.pdf,23_30.jpeg,/datadrive/rakesh/illumifin_poc/Data/root_images/23/23_30.jpeg,Plan of Care (POC)
23.pdf,23_31.jpeg,/datadrive/rakesh/illumifin_poc/Data/root_images/23/23_31.jpeg,RFR HHC
23.pdf,23_32.jpeg,/datadrive/rakesh/illumifin_poc/Data/root_images/23/23_32.jpeg,Cognitive Questionnaire MD
23.pdf,23_33.jpeg,/datadrive/rakesh/illumifin_poc/Data/root_images/23/23_33.jpeg,RFR HHC
20.pdf,20_01.jpeg,/datadrive/rakesh/illumifin_poc/Data/root_images/20/20_01.jpeg,Plan of Care (POC)
20.pdf,20_02.jpeg,/datadrive/rakesh/illumifin_poc/Data/root_images/20/20_02.jpeg,RFR HHC
20.pdf,20_03.jpeg,/datadrive/rakesh/illumifin_poc/Data/root_images/20/20_03.jpeg,CCNA
20.pdf,20_04.jpeg,/datadrive/rakesh/illumifin_poc/Data/root_images/20/20_04.jpeg,CCNA
20.pdf,20_05.jpeg,/datadrive/rakesh/illumifin_poc/Data/root_images/20/20_05.jpeg,Plan of Care (POC)
20.pdf,20_06.jpeg,/datadrive/rakesh/illumifin_poc/Data/root_images/20/20_06.jpeg,Plan of Care (POC)
20.pdf,20_07.jpeg,/datadrive/rakesh/illumifin_poc/Data/root_images/20/20_07.jpeg,RFR HHC
20.pdf,20_08.jpeg,/datadrive/rakesh/illumifin_poc/Data/root_images/20/20_08.jpeg,RFR Facility
20.pdf,20_09.jpeg,/datadrive/rakesh/illumifin_poc/Data/root_images/20/20_09.jpeg,RFR Facility
06 (1).pdf,06 (1)_01.jpeg,/datadrive/rakesh/illumifin_poc/Data/root_images/06 (1)/06 (1)_01.jpeg,Plan of Care (POC)
06 (1).pdf,06 (1)_02.jpeg,/datadrive/rakesh/illumifin_poc/Data/root_images/06 (1)/06 (1)_02.jpeg,BEA
06 (1).pdf,06 (1)_03.jpeg,/datadrive/rakesh/illumifin_poc/Data/root_images/06 (1)/06 (1)_03.jpeg,BEA
06 (1).pdf,06 (1)_04.jpeg,/datadrive/rakesh/illumifin_poc/Data/root_images/06 (1)/06 (1)_04.jpeg,BEA
06 (1).pdf,06 (1)_05.jpeg,/datadrive/rakesh/illumifin_poc/Data/root_images/06 (1)/06 (1)_05.jpeg,RFR HHC
06 (1).pdf,06 (1)_06.jpeg,/datadrive/rakesh/illumifin_poc/Data/root_images/06 (1)/06 (1)_06.jpeg,RFR HHC
06 (1).pdf,06 (1)_07.jpeg,/datadrive/rakesh/illumifin_poc/Data/root_images/06 (1)/06 (1)_07.jpeg,RFR HHC
06 (1).pdf,06 (1)_08.jpeg,/datadrive/rakesh/illumifin_poc/Data/root_images/06 (1)/06 (1)_08.jpeg,BEA
06 (1).pdf,06 (1)_09.jpeg,/datadrive/rakesh/illumifin_poc/Data/root_images/06 (1)/06 (1)_09.jpeg,BEA
06 (1).pdf,06 (1)_10.jpeg,/datadrive/rakesh/illumifin_poc/Data/root_images/06 (1)/06 (1)_10.jpeg,BEA
06 (1).pdf,06 (1)_11.jpeg,/datadrive/rakesh/illumifin_poc/Data/root_images/06 (1)/06 (1)_11.jpeg,BEA
06 (1).pdf,06 (1)_12.jpeg,/datadrive/rakesh/illumifin_poc/Data/root_images/06 (1)/06 (1)_12.jpeg,BEA
06 (1).pdf,06 (1)_13.jpeg,/datadrive/rakesh/illumifin_poc/Data/root_images/06 (1)/06 (1)_13.jpeg,BEA
06 (1).pdf,06 (1)_14.jpeg,/datadrive/rakesh/illumifin_poc/Data/root_images/06 (1)/06 (1)_14.jpeg,BEA
06 (1).pdf,06 (1)_15.jpeg,/datadrive/rakesh/illumifin_poc/Data/root_images/06 (1)/06 (1)_15.jpeg,BEA
06 (1).pdf,06 (1)_16.jpeg,/datadrive/rakesh/illumifin_poc/Data/root_images/06 (1)/06 (1)_16.jpeg,BEA
06 (1).pdf,06 (1)_17.jpeg,/datadrive/rakesh/illumifin_poc/Data/root_images/06 (1)/06 (1)_17.jpeg,RFR HHC
06 (1).pdf,06 (1)_18.jpeg,/datadrive/rakesh/illumifin_poc/Data/root_images/06 (1)/06 (1)_18.jpeg,BEA
06 (1).pdf,06 (1)_19.jpeg,/datadrive/rakesh/illumifin_poc/Data/root_images/06 (1)/06 (1)_19.jpeg,BEA
06 (1).pdf,06 (1)_20.jpeg,/datadrive/rakesh/illumifin_poc/Data/root_images/06 (1)/06 (1)_20.jpeg,BEA
06 (1).pdf,06 (1)_21.jpeg,/datadrive/rakesh/illumifin_poc/Data/root_images/06 (1)/06 (1)_21.jpeg,BEA
06 (1).pdf,06 (1)_22.jpeg,/datadrive/rakesh/illumifin_poc/Data/root_images/06 (1)/06 (1)_22.jpeg,BEA
06 (1).pdf,06 (1)_23.jpeg,/datadrive/rakesh/illumifin_poc/Data/root_images/06 (1)/06 (1)_23.jpeg,BEA
06 (1).pdf,06 (1)_24.jpeg,/datadrive/rakesh/illumifin_poc/Data/root_images/06 (1)/06 (1)_24.jpeg,BEA
06 (1).pdf,06 (1)_25.jpeg,/datadrive/rakesh/illumifin_poc/Data/root_images/06 (1)/06 (1)_25.jpeg,BEA
06 (1).pdf,06 (1)_26.jpeg,/datadrive/rakesh/illumifin_poc/Data/root_images/06 (1)/06 (1)_26.jpeg,BEA
06 (1).pdf,06 (1)_27.jpeg,/datadrive/rakesh/illumifin_poc/Data/root_images/06 (1)/06 (1)_27.jpeg,BEA
06 (1).pdf,06 (1)_28.jpeg,/datadrive/rakesh/illumifin_poc/Data/root_images/06 (1)/06 (1)_28.jpeg,BEA
06 (1).pdf,06 (1)_29.jpeg,/datadrive/rakesh/illumifin_poc/Data/root_images/06 (1)/06 (1)_29.jpeg,BEA
06 (1).pdf,06 (1)_30.jpeg,/datadrive/rakesh/illumifin_poc/Data/root_images/06 (1)/06 (1)_30.jpeg,BEA
06 (1).pdf,06 (1)_31.jpeg,/datadrive/rakesh/illumifin_poc/Data/root_images/06 (1)/06 (1)_31.jpeg,BEA
06 (1).pdf,06 (1)_32.jpeg,/datadrive/rakesh/illumifin_poc/Data/root_images/06 (1)/06 (1)_32.jpeg,BEA
06 (1).pdf,06 (1)_33.jpeg,/datadrive/rakesh/illumifin_poc/Data/root_images/06 (1)/06 (1)_33.jpeg,BEA
06 (1).pdf,06 (1)_34.jpeg,/datadrive/rakesh/illumifin_poc/Data/root_images/06 (1)/06 (1)_34.jpeg,BEA
06 (1).pdf,06 (1)_35.jpeg,/datadrive/rakesh/illumifin_poc/Data/root_images/06 (1)/06 (1)_35.jpeg,BEA
06 (1).pdf,06 (1)_36.jpeg,/datadrive/rakesh/illumifin_poc/Data/root_images/06 (1)/06 (1)_36.jpeg,BEA
06 (1).pdf,06 (1)_37.jpeg,/datadrive/rakesh/illumifin_poc/Data/root_images/06 (1)/06 (1)_37.jpeg,BEA
06 (1).pdf,06 (1)_38.jpeg,/datadrive/rakesh/illumifin_poc/Data/root_images/06 (1)/06 (1)_38.jpeg,Plan of Care (POC)
06 (1).pdf,06 (1)_39.jpeg,/datadrive/rakesh/illumifin_poc/Data/root_images/06 (1)/06 (1)_39.jpeg,RFR HHC
06 (1).pdf,06 (1)_40.jpeg,/datadrive/rakesh/illumifin_poc/Data/root_images/06 (1)/06 (1)_40.jpeg,BEA
06 (1).pdf,06 (1)_41.jpeg,/datadrive/rakesh/illumifin_poc/Data/root_images/06 (1)/06 (1)_41.jpeg,BEA
06 (1).pdf,06 (1)_42.jpeg,/datadrive/rakesh/illumifin_poc/Data/root_images/06 (1)/06 (1)_42.jpeg,RFR HHC
19.pdf,19_01.jpeg,/datadrive/rakesh/illumifin_poc/Data/root_images/19/19_01.jpeg,Plan of Care (POC)
19.pdf,19_02.jpeg,/datadrive/rakesh/illumifin_poc/Data/root_images/19/19_02.jpeg,RFR Facility
19.pdf,19_03.jpeg,/datadrive/rakesh/illumifin_poc/Data/root_images/19/19_03.jpeg,Cognitive Questionnaire MD
19.pdf,19_04.jpeg,/datadrive/rakesh/illumifin_poc/Data/root_images/19/19_04.jpeg,CCNA
19.pdf,19_05.jpeg,/datadrive/rakesh/illumifin_poc/Data/root_images/19/19_05.jpeg,RFR HHC
19.pdf,19_06.jpeg,/datadrive/rakesh/illumifin_poc/Data/root_images/19/19_06.jpeg,RFR Facility
62.pdf,62_01.jpeg,/datadrive/rakesh/illumifin_poc/Data/root_images/62/62_01.jpeg,RFR HHC
62.pdf,62_02.jpeg,/datadrive/rakesh/illumifin_poc/Data/root_images/62/62_02.jpeg,Plan of Care (POC)
62.pdf,62_03.jpeg,/datadrive/rakesh/illumifin_poc/Data/root_images/62/62_03.jpeg,RFR HHC
62.pdf,62_04.jpeg,/datadrive/rakesh/illumifin_poc/Data/root_images/62/62_04.jpeg,RFR HHC
62.pdf,62_05.jpeg,/datadrive/rakesh/illumifin_poc/Data/root_images/62/62_05.jpeg,Cognitive Questionnaire MD
62.pdf,62_06.jpeg,/datadrive/rakesh/illumifin_poc/Data/root_images/62/62_06.jpeg,RFR HHC
62.pdf,62_07.jpeg,/datadrive/rakesh/illumifin_poc/Data/root_images/62/62_07.jpeg,Plan of Care (POC)
62.pdf,62_08.jpeg,/datadrive/rakesh/illumifin_poc/Data/root_images/62/62_08.jpeg,Plan of Care (POC)
62.pdf,62_09.jpeg,/datadrive/rakesh/illumifin_poc/Data/root_images/62/62_09.jpeg,Cognitive Questionnaire MD
62.pdf,62_10.jpeg,/datadrive/rakesh/illumifin_poc/Data/root_images/62/62_10.jpeg,RFR HHC
62.pdf,62_11.jpeg,/datadrive/rakesh/illumifin_poc/Data/root_images/62/62_11.jpeg,Plan of Care (POC)
62.pdf,62_12.jpeg,/datadrive/rakesh/illumifin_poc/Data/root_images/62/62_12.jpeg,RFR HHC
62.pdf,62_13.jpeg,/datadrive/rakesh/illumifin_poc/Data/root_images/62/62_13.jpeg,RFR HHC
62.pdf,62_14.jpeg,/datadrive/rakesh/illumifin_poc/Data/root_images/62/62_14.jpeg,RFR HHC
62.pdf,62_15.jpeg,/datadrive/rakesh/illumifin_poc/Data/root_images/62/62_15.jpeg,RFR HHC
62.pdf,62_16.jpeg,/datadrive/rakesh/illumifin_poc/Data/root_images/62/62_16.jpeg,RFR HHC
62.pdf,62_17.jpeg,/datadrive/rakesh/illumifin_poc/Data/root_images/62/62_17.jpeg,RFR HHC
62.pdf,62_18.jpeg,/datadrive/rakesh/illumifin_poc/Data/root_images/62/62_18.jpeg,RFR HHC
56.pdf,56_01.jpeg,/datadrive/rakesh/illumifin_poc/Data/root_images/56/56_01.jpeg,RFR HHC
56.pdf,56_02.jpeg,/datadrive/rakesh/illumifin_poc/Data/root_images/56/56_02.jpeg,RFR Facility
56.pdf,56_03.jpeg,/datadrive/rakesh/illumifin_poc/Data/root_images/56/56_03.jpeg,RFR HHC
56.pdf,56_04.jpeg,/datadrive/rakesh/illumifin_poc/Data/root_images/56/56_04.jpeg,RFR Facility
56.pdf,56_05.jpeg,/datadrive/rakesh/illumifin_poc/Data/root_images/56/56_05.jpeg,Medication Administration Screen Form
56.pdf,56_06.jpeg,/datadrive/rakesh/illumifin_poc/Data/root_images/56/56_06.jpeg,Medication Administration Screen Form
56.pdf,56_07.jpeg,/datadrive/rakesh/illumifin_poc/Data/root_images/56/56_07.jpeg,CCNA
56.pdf,56_08.jpeg,/datadrive/rakesh/illumifin_poc/Data/root_images/56/56_08.jpeg,CCNA
56.pdf,56_09.jpeg,/datadrive/rakesh/illumifin_poc/Data/root_images/56/56_09.jpeg,RFR HHC
56.pdf,56_10.jpeg,/datadrive/rakesh/illumifin_poc/Data/root_images/56/56_10.jpeg,Cognitive Questionnaire MD
56.pdf,56_11.jpeg,/datadrive/rakesh/illumifin_poc/Data/root_images/56/56_11.jpeg,Plan of Care (POC)
56.pdf,56_12.jpeg,/datadrive/rakesh/illumifin_poc/Data/root_images/56/56_12.jpeg,Plan of Care (POC)
56.pdf,56_13.jpeg,/datadrive/rakesh/illumifin_poc/Data/root_images/56/56_13.jpeg,Plan of Care (POC)
07.pdf,07_01.jpeg,/datadrive/rakesh/illumifin_poc/Data/root_images/07/07_01.jpeg,Plan of Care (POC)
07.pdf,07_02.jpeg,/datadrive/rakesh/illumifin_poc/Data/root_images/07/07_02.jpeg,Plan of Care (POC)
07.pdf,07_03.jpeg,/datadrive/rakesh/illumifin_poc/Data/root_images/07/07_03.jpeg,Plan of Care (POC)
07.pdf,07_04.jpeg,/datadrive/rakesh/illumifin_poc/Data/root_images/07/07_04.jpeg,BEA
07.pdf,07_05.jpeg,/datadrive/rakesh/illumifin_poc/Data/root_images/07/07_05.jpeg,BEA
07.pdf,07_06.jpeg,/datadrive/rakesh/illumifin_poc/Data/root_images/07/07_06.jpeg,BEA
07.pdf,07_07.jpeg,/datadrive/rakesh/illumifin_poc/Data/root_images/07/07_07.jpeg,BEA
07.pdf,07_08.jpeg,/datadrive/rakesh/illumifin_poc/Data/root_images/07/07_08.jpeg,BEA
07.pdf,07_09.jpeg,/datadrive/rakesh/illumifin_poc/Data/root_images/07/07_09.jpeg,BEA
07.pdf,07_10.jpeg,/datadrive/rakesh/illumifin_poc/Data/root_images/07/07_10.jpeg,BEA
07.pdf,07_11.jpeg,/datadrive/rakesh/illumifin_poc/Data/root_images/07/07_11.jpeg,Plan of Care (POC)
07.pdf,07_12.jpeg,/datadrive/rakesh/illumifin_poc/Data/root_images/07/07_12.jpeg,BEA
07.pdf,07_13.jpeg,/datadrive/rakesh/illumifin_poc/Data/root_images/07/07_13.jpeg,BEA
07.pdf,07_14.jpeg,/datadrive/rakesh/illumifin_poc/Data/root_images/07/07_14.jpeg,BEA
07.pdf,07_15.jpeg,/datadrive/rakesh/illumifin_poc/Data/root_images/07/07_15.jpeg,BEA
07.pdf,07_16.jpeg,/datadrive/rakesh/illumifin_poc/Data/root_images/07/07_16.jpeg,BEA
07.pdf,07_17.jpeg,/datadrive/rakesh/illumifin_poc/Data/root_images/07/07_17.jpeg,BEA
07.pdf,07_18.jpeg,/datadrive/rakesh/illumifin_poc/Data/root_images/07/07_18.jpeg,BEA
07.pdf,07_19.jpeg,/datadrive/rakesh/illumifin_poc/Data/root_images/07/07_19.jpeg,BEA
07.pdf,07_20.jpeg,/datadrive/rakesh/illumifin_poc/Data/root_images/07/07_20.jpeg,BEA
07.pdf,07_21.jpeg,/datadrive/rakesh/illumifin_poc/Data/root_images/07/07_21.jpeg,BEA
07.pdf,07_22.jpeg,/datadrive/rakesh/illumifin_poc/Data/root_images/07/07_22.jpeg,BEA
07.pdf,07_23.jpeg,/datadrive/rakesh/illumifin_poc/Data/root_images/07/07_23.jpeg,BEA
07.pdf,07_24.jpeg,/datadrive/rakesh/illumifin_poc/Data/root_images/07/07_24.jpeg,BEA
07.pdf,07_25.jpeg,/datadrive/rakesh/illumifin_poc/Data/root_images/07/07_25.jpeg,BEA
07.pdf,07_26.jpeg,/datadrive/rakesh/illumifin_poc/Data/root_images/07/07_26.jpeg,BEA
07.pdf,07_27.jpeg,/datadrive/rakesh/illumifin_poc/Data/root_images/07/07_27.jpeg,BEA
07.pdf,07_28.jpeg,/datadrive/rakesh/illumifin_poc/Data/root_images/07/07_28.jpeg,BEA
07.pdf,07_29.jpeg,/datadrive/rakesh/illumifin_poc/Data/root_images/07/07_29.jpeg,BEA
07.pdf,07_30.jpeg,/datadrive/rakesh/illumifin_poc/Data/root_images/07/07_30.jpeg,BEA
07.pdf,07_31.jpeg,/datadrive/rakesh/illumifin_poc/Data/root_images/07/07_31.jpeg,BEA
07.pdf,07_32.jpeg,/datadrive/rakesh/illumifin_poc/Data/root_images/07/07_32.jpeg,BEA
07.pdf,07_33.jpeg,/datadrive/rakesh/illumifin_poc/Data/root_images/07/07_33.jpeg,BEA
07.pdf,07_34.jpeg,/datadrive/rakesh/illumifin_poc/Data/root_images/07/07_34.jpeg,BEA
07.pdf,07_35.jpeg,/datadrive/rakesh/illumifin_poc/Data/root_images/07/07_35.jpeg,BEA
07.pdf,07_36.jpeg,/datadrive/rakesh/illumifin_poc/Data/root_images/07/07_36.jpeg,BEA
07.pdf,07_37.jpeg,/datadrive/rakesh/illumifin_poc/Data/root_images/07/07_37.jpeg,BEA
07.pdf,07_38.jpeg,/datadrive/rakesh/illumifin_poc/Data/root_images/07/07_38.jpeg,BEA
07.pdf,07_39.jpeg,/datadrive/rakesh/illumifin_poc/Data/root_images/07/07_39.jpeg,Plan of Care (POC)
59.pdf,59_01.jpeg,/datadrive/rakesh/illumifin_poc/Data/root_images/59/59_01.jpeg,RFR HHC
59.pdf,59_02.jpeg,/datadrive/rakesh/illumifin_poc/Data/root_images/59/59_02.jpeg,RFR HHC
59.pdf,59_03.jpeg,/datadrive/rakesh/illumifin_poc/Data/root_images/59/59_03.jpeg,RFR HHC
59.pdf,59_04.jpeg,/datadrive/rakesh/illumifin_poc/Data/root_images/59/59_04.jpeg,RFR HHC
59.pdf,59_05.jpeg,/datadrive/rakesh/illumifin_poc/Data/root_images/59/59_05.jpeg,RFR HHC
59.pdf,59_06.jpeg,/datadrive/rakesh/illumifin_poc/Data/root_images/59/59_06.jpeg,Plan of Care (POC)
59.pdf,59_07.jpeg,/datadrive/rakesh/illumifin_poc/Data/root_images/59/59_07.jpeg,Plan of Care (POC)
59.pdf,59_08.jpeg,/datadrive/rakesh/illumifin_poc/Data/root_images/59/59_08.jpeg,RFR HHC
59.pdf,59_09.jpeg,/datadrive/rakesh/illumifin_poc/Data/root_images/59/59_09.jpeg,Plan of Care (POC)
59.pdf,59_10.jpeg,/datadrive/rakesh/illumifin_poc/Data/root_images/59/59_10.jpeg,RFR HHC
59.pdf,59_11.jpeg,/datadrive/rakesh/illumifin_poc/Data/root_images/59/59_11.jpeg,RFR HHC
59.pdf,59_12.jpeg,/datadrive/rakesh/illumifin_poc/Data/root_images/59/59_12.jpeg,Plan of Care (POC)
59.pdf,59_13.jpeg,/datadrive/rakesh/illumifin_poc/Data/root_images/59/59_13.jpeg,Plan of Care (POC)
59.pdf,59_14.jpeg,/datadrive/rakesh/illumifin_poc/Data/root_images/59/59_14.jpeg,Plan of Care (POC)
59.pdf,59_15.jpeg,/datadrive/rakesh/illumifin_poc/Data/root_images/59/59_15.jpeg,Plan of Care (POC)
59.pdf,59_16.jpeg,/datadrive/rakesh/illumifin_poc/Data/root_images/59/59_16.jpeg,Plan of Care (POC)
59.pdf,59_17.jpeg,/datadrive/rakesh/illumifin_poc/Data/root_images/59/59_17.jpeg,Plan of Care (POC)
59.pdf,59_18.jpeg,/datadrive/rakesh/illumifin_poc/Data/root_images/59/59_18.jpeg,Plan of Care (POC)
59.pdf,59_19.jpeg,/datadrive/rakesh/illumifin_poc/Data/root_images/59/59_19.jpeg,Plan of Care (POC)
59.pdf,59_20.jpeg,/datadrive/rakesh/illumifin_poc/Data/root_images/59/59_20.jpeg,Plan of Care (POC)
59.pdf,59_21.jpeg,/datadrive/rakesh/illumifin_poc/Data/root_images/59/59_21.jpeg,Plan of Care (POC)
59.pdf,59_22.jpeg,/datadrive/rakesh/illumifin_poc/Data/root_images/59/59_22.jpeg,Plan of Care (POC)
59.pdf,59_23.jpeg,/datadrive/rakesh/illumifin_poc/Data/root_images/59/59_23.jpeg,Plan of Care (POC)
59.pdf,59_24.jpeg,/datadrive/rakesh/illumifin_poc/Data/root_images/59/59_24.jpeg,RFR HHC
59.pdf,59_25.jpeg,/datadrive/rakesh/illumifin_poc/Data/root_images/59/59_25.jpeg,RFR HHC
41.pdf,41_01.jpeg,/datadrive/rakesh/illumifin_poc/Data/root_images/41/41_01.jpeg,Plan of Care (POC)
41.pdf,41_02.jpeg,/datadrive/rakesh/illumifin_poc/Data/root_images/41/41_02.jpeg,Plan of Care (POC)
41.pdf,41_03.jpeg,/datadrive/rakesh/illumifin_poc/Data/root_images/41/41_03.jpeg,Plan of Care (POC)
41.pdf,41_04.jpeg,/datadrive/rakesh/illumifin_poc/Data/root_images/41/41_04.jpeg,Plan of Care (POC)
41.pdf,41_05.jpeg,/datadrive/rakesh/illumifin_poc/Data/root_images/41/41_05.jpeg,Plan of Care (POC)
41.pdf,41_06.jpeg,/datadrive/rakesh/illumifin_poc/Data/root_images/41/41_06.jpeg,Plan of Care (POC)
41.pdf,41_07.jpeg,/datadrive/rakesh/illumifin_poc/Data/root_images/41/41_07.jpeg,RFR HHC
41.pdf,41_08.jpeg,/datadrive/rakesh/illumifin_poc/Data/root_images/41/41_08.jpeg,RFR HHC
41.pdf,41_09.jpeg,/datadrive/rakesh/illumifin_poc/Data/root_images/41/41_09.jpeg,MDS
41.pdf,41_10.jpeg,/datadrive/rakesh/illumifin_poc/Data/root_images/41/41_10.jpeg,MDS
41.pdf,41_11.jpeg,/datadrive/rakesh/illumifin_poc/Data/root_images/41/41_11.jpeg,MDS
41.pdf,41_12.jpeg,/datadrive/rakesh/illumifin_poc/Data/root_images/41/41_12.jpeg,MDS
41.pdf,41_13.jpeg,/datadrive/rakesh/illumifin_poc/Data/root_images/41/41_13.jpeg,MDS
41.pdf,41_14.jpeg,/datadrive/rakesh/illumifin_poc/Data/root_images/41/41_14.jpeg,Plan of Care (POC)
41.pdf,41_15.jpeg,/datadrive/rakesh/illumifin_poc/Data/root_images/41/41_15.jpeg,MDS
41.pdf,41_16.jpeg,/datadrive/rakesh/illumifin_poc/Data/root_images/41/41_16.jpeg,MDS
41.pdf,41_17.jpeg,/datadrive/rakesh/illumifin_poc/Data/root_images/41/41_17.jpeg,MDS
41.pdf,41_18.jpeg,/datadrive/rakesh/illumifin_poc/Data/root_images/41/41_18.jpeg,MDS
41.pdf,41_19.jpeg,/datadrive/rakesh/illumifin_poc/Data/root_images/41/41_19.jpeg,MDS
41.pdf,41_20.jpeg,/datadrive/rakesh/illumifin_poc/Data/root_images/41/41_20.jpeg,MDS
41.pdf,41_21.jpeg,/datadrive/rakesh/illumifin_poc/Data/root_images/41/41_21.jpeg,RFR HHC
41.pdf,41_22.jpeg,/datadrive/rakesh/illumifin_poc/Data/root_images/41/41_22.jpeg,Plan of Care (POC)
41.pdf,41_23.jpeg,/datadrive/rakesh/illumifin_poc/Data/root_images/41/41_23.jpeg,Nursing Assessment
41.pdf,41_24.jpeg,/datadrive/rakesh/illumifin_poc/Data/root_images/41/41_24.jpeg,MDS
41.pdf,41_25.jpeg,/datadrive/rakesh/illumifin_poc/Data/root_images/41/41_25.jpeg,Plan of Care (POC)
41.pdf,41_26.jpeg,/datadrive/rakesh/illumifin_poc/Data/root_images/41/41_26.jpeg,MDS
41.pdf,41_27.jpeg,/datadrive/rakesh/illumifin_poc/Data/root_images/41/41_27.jpeg,MDS
41.pdf,41_28.jpeg,/datadrive/rakesh/illumifin_poc/Data/root_images/41/41_28.jpeg,MDS
41.pdf,41_29.jpeg,/datadrive/rakesh/illumifin_poc/Data/root_images/41/41_29.jpeg,MDS
41.pdf,41_30.jpeg,/datadrive/rakesh/illumifin_poc/Data/root_images/41/41_30.jpeg,MDS
41.pdf,41_31.jpeg,/datadrive/rakesh/illumifin_poc/Data/root_images/41/41_31.jpeg,MDS
41.pdf,41_32.jpeg,/datadrive/rakesh/illumifin_poc/Data/root_images/41/41_32.jpeg,MDS
41.pdf,41_33.jpeg,/datadrive/rakesh/illumifin_poc/Data/root_images/41/41_33.jpeg,RFR HHC
41.pdf,41_34.jpeg,/datadrive/rakesh/illumifin_poc/Data/root_images/41/41_34.jpeg,Plan of Care (POC)
41.pdf,41_35.jpeg,/datadrive/rakesh/illumifin_poc/Data/root_images/41/41_35.jpeg,Plan of Care (POC)
41.pdf,41_36.jpeg,/datadrive/rakesh/illumifin_poc/Data/root_images/41/41_36.jpeg,MDS
41.pdf,41_37.jpeg,/datadrive/rakesh/illumifin_poc/Data/root_images/41/41_37.jpeg,MDS
41.pdf,41_38.jpeg,/datadrive/rakesh/illumifin_poc/Data/root_images/41/41_38.jpeg,MDS
41.pdf,41_39.jpeg,/datadrive/rakesh/illumifin_poc/Data/root_images/41/41_39.jpeg,RFR HHC
41.pdf,41_40.jpeg,/datadrive/rakesh/illumifin_poc/Data/root_images/41/41_40.jpeg,Plan of Care (POC)
41.pdf,41_41.jpeg,/datadrive/rakesh/illumifin_poc/Data/root_images/41/41_41.jpeg,RFR HHC
41.pdf,41_42.jpeg,/datadrive/rakesh/illumifin_poc/Data/root_images/41/41_42.jpeg,MDS
41.pdf,41_43.jpeg,/datadrive/rakesh/illumifin_poc/Data/root_images/41/41_43.jpeg,MDS
41.pdf,41_44.jpeg,/datadrive/rakesh/illumifin_poc/Data/root_images/41/41_44.jpeg,Plan of Care (POC)
41.pdf,41_45.jpeg,/datadrive/rakesh/illumifin_poc/Data/root_images/41/41_45.jpeg,MDS
41.pdf,41_46.jpeg,/datadrive/rakesh/illumifin_poc/Data/root_images/41/41_46.jpeg,Plan of Care (POC)
41.pdf,41_47.jpeg,/datadrive/rakesh/illumifin_poc/Data/root_images/41/41_47.jpeg,MDS
41.pdf,41_48.jpeg,/datadrive/rakesh/illumifin_poc/Data/root_images/41/41_48.jpeg,MDS
41.pdf,41_49.jpeg,/datadrive/rakesh/illumifin_poc/Data/root_images/41/41_49.jpeg,MDS
41.pdf,41_50.jpeg,/datadrive/rakesh/illumifin_poc/Data/root_images/41/41_50.jpeg,MDS
41.pdf,41_51.jpeg,/datadrive/rakesh/illumifin_poc/Data/root_images/41/41_51.jpeg,MDS
41.pdf,41_52.jpeg,/datadrive/rakesh/illumifin_poc/Data/root_images/41/41_52.jpeg,MDS
41.pdf,41_53.jpeg,/datadrive/rakesh/illumifin_poc/Data/root_images/41/41_53.jpeg,MDS
41.pdf,41_54.jpeg,/datadrive/rakesh/illumifin_poc/Data/root_images/41/41_54.jpeg,MDS
41.pdf,41_55.jpeg,/datadrive/rakesh/illumifin_poc/Data/root_images/41/41_55.jpeg,Plan of Care (POC)
41.pdf,41_56.jpeg,/datadrive/rakesh/illumifin_poc/Data/root_images/41/41_56.jpeg,MDS
41.pdf,41_57.jpeg,/datadrive/rakesh/illumifin_poc/Data/root_images/41/41_57.jpeg,MDS
41.pdf,41_58.jpeg,/datadrive/rakesh/illumifin_poc/Data/root_images/41/41_58.jpeg,RFR Facility
41.pdf,41_59.jpeg,/datadrive/rakesh/illumifin_poc/Data/root_images/41/41_59.jpeg,MDS
41.pdf,41_60.jpeg,/datadrive/rakesh/illumifin_poc/Data/root_images/41/41_60.jpeg,MDS
41.pdf,41_61.jpeg,/datadrive/rakesh/illumifin_poc/Data/root_images/41/41_61.jpeg,MDS
41.pdf,41_62.jpeg,/datadrive/rakesh/illumifin_poc/Data/root_images/41/41_62.jpeg,MDS
41.pdf,41_63.jpeg,/datadrive/rakesh/illumifin_poc/Data/root_images/41/41_63.jpeg,MDS
41.pdf,41_64.jpeg,/datadrive/rakesh/illumifin_poc/Data/root_images/41/41_64.jpeg,MDS
41.pdf,41_65.jpeg,/datadrive/rakesh/illumifin_poc/Data/root_images/41/41_65.jpeg,MDS
41.pdf,41_66.jpeg,/datadrive/rakesh/illumifin_poc/Data/root_images/41/41_66.jpeg,MDS
41.pdf,41_67.jpeg,/datadrive/rakesh/illumifin_poc/Data/root_images/41/41_67.jpeg,MDS
41.pdf,41_68.jpeg,/datadrive/rakesh/illumifin_poc/Data/root_images/41/41_68.jpeg,MDS
41.pdf,41_69.jpeg,/datadrive/rakesh/illumifin_poc/Data/root_images/41/41_69.jpeg,MDS
41.pdf,41_70.jpeg,/datadrive/rakesh/illumifin_poc/Data/root_images/41/41_70.jpeg,Nursing Assessment
41.pdf,41_71.jpeg,/datadrive/rakesh/illumifin_poc/Data/root_images/41/41_71.jpeg,MDS
41.pdf,41_72.jpeg,/datadrive/rakesh/illumifin_poc/Data/root_images/41/41_72.jpeg,MDS
41.pdf,41_73.jpeg,/datadrive/rakesh/illumifin_poc/Data/root_images/41/41_73.jpeg,MDS
41.pdf,41_74.jpeg,/datadrive/rakesh/illumifin_poc/Data/root_images/41/41_74.jpeg,MDS
41.pdf,41_75.jpeg,/datadrive/rakesh/illumifin_poc/Data/root_images/41/41_75.jpeg,MDS
41.pdf,41_76.jpeg,/datadrive/rakesh/illumifin_poc/Data/root_images/41/41_76.jpeg,MDS
41.pdf,41_77.jpeg,/datadrive/rakesh/illumifin_poc/Data/root_images/41/41_77.jpeg,MDS
41.pdf,41_78.jpeg,/datadrive/rakesh/illumifin_poc/Data/root_images/41/41_78.jpeg,MDS
41.pdf,41_79.jpeg,/datadrive/rakesh/illumifin_poc/Data/root_images/41/41_79.jpeg,MDS
41.pdf,41_80.jpeg,/datadrive/rakesh/illumifin_poc/Data/root_images/41/41_80.jpeg,MDS
41.pdf,41_81.jpeg,/datadrive/rakesh/illumifin_poc/Data/root_images/41/41_81.jpeg,MDS
41.pdf,41_82.jpeg,/datadrive/rakesh/illumifin_poc/Data/root_images/41/41_82.jpeg,MDS
41.pdf,41_83.jpeg,/datadrive/rakesh/illumifin_poc/Data/root_images/41/41_83.jpeg,MDS
41.pdf,41_84.jpeg,/datadrive/rakesh/illumifin_poc/Data/root_images/41/41_84.jpeg,MDS
41.pdf,41_85.jpeg,/datadrive/rakesh/illumifin_poc/Data/root_images/41/41_85.jpeg,MDS
41.pdf,41_86.jpeg,/datadrive/rakesh/illumifin_poc/Data/root_images/41/41_86.jpeg,MDS
41.pdf,41_87.jpeg,/datadrive/rakesh/illumifin_poc/Data/root_images/41/41_87.jpeg,MDS
18.pdf,18_01.jpeg,/datadrive/rakesh/illumifin_poc/Data/root_images/18/18_01.jpeg,Plan of Care (POC)
18.pdf,18_02.jpeg,/datadrive/rakesh/illumifin_poc/Data/root_images/18/18_02.jpeg,RFR Facility
18.pdf,18_03.jpeg,/datadrive/rakesh/illumifin_poc/Data/root_images/18/18_03.jpeg,CCNA
18.pdf,18_04.jpeg,/datadrive/rakesh/illumifin_poc/Data/root_images/18/18_04.jpeg,CCNA
18.pdf,18_05.jpeg,/datadrive/rakesh/illumifin_poc/Data/root_images/18/18_05.jpeg,RFR Facility
18.pdf,18_06.jpeg,/datadrive/rakesh/illumifin_poc/Data/root_images/18/18_06.jpeg,Cognitive Questionnaire MD
18.pdf,18_07.jpeg,/datadrive/rakesh/illumifin_poc/Data/root_images/18/18_07.jpeg,RFR HHC
38.pdf,38_01.jpeg,/datadrive/rakesh/illumifin_poc/Data/root_images/38/38_01.jpeg,Plan of Care (POC)
38.pdf,38_02.jpeg,/datadrive/rakesh/illumifin_poc/Data/root_images/38/38_02.jpeg,Cognitive Questionnaire MD
38.pdf,38_03.jpeg,/datadrive/rakesh/illumifin_poc/Data/root_images/38/38_03.jpeg,Cognitive Questionnaire MD
38.pdf,38_04.jpeg,/datadrive/rakesh/illumifin_poc/Data/root_images/38/38_04.jpeg,RFR Facility
38.pdf,38_05.jpeg,/datadrive/rakesh/illumifin_poc/Data/root_images/38/38_05.jpeg,RFR Facility
38.pdf,38_06.jpeg,/datadrive/rakesh/illumifin_poc/Data/root_images/38/38_06.jpeg,MDS
38.pdf,38_07.jpeg,/datadrive/rakesh/illumifin_poc/Data/root_images/38/38_07.jpeg,MDS
38.pdf,38_08.jpeg,/datadrive/rakesh/illumifin_poc/Data/root_images/38/38_08.jpeg,MDS
38.pdf,38_09.jpeg,/datadrive/rakesh/illumifin_poc/Data/root_images/38/38_09.jpeg,MDS
38.pdf,38_10.jpeg,/datadrive/rakesh/illumifin_poc/Data/root_images/38/38_10.jpeg,MDS
38.pdf,38_11.jpeg,/datadrive/rakesh/illumifin_poc/Data/root_images/38/38_11.jpeg,MDS
38.pdf,38_12.jpeg,/datadrive/rakesh/illumifin_poc/Data/root_images/38/38_12.jpeg,MDS
38.pdf,38_13.jpeg,/datadrive/rakesh/illumifin_poc/Data/root_images/38/38_13.jpeg,MDS
38.pdf,38_14.jpeg,/datadrive/rakesh/illumifin_poc/Data/root_images/38/38_14.jpeg,RFR HHC
38.pdf,38_15.jpeg,/datadrive/rakesh/illumifin_poc/Data/root_images/38/38_15.jpeg,Plan of Care (POC)
38.pdf,38_16.jpeg,/datadrive/rakesh/illumifin_poc/Data/root_images/38/38_16.jpeg,Plan of Care (POC)
38.pdf,38_17.jpeg,/datadrive/rakesh/illumifin_poc/Data/root_images/38/38_17.jpeg,Plan of Care (POC)
38.pdf,38_18.jpeg,/datadrive/rakesh/illumifin_poc/Data/root_images/38/38_18.jpeg,Plan of Care (POC)
38.pdf,38_19.jpeg,/datadrive/rakesh/illumifin_poc/Data/root_images/38/38_19.jpeg,Plan of Care (POC)
38.pdf,38_20.jpeg,/datadrive/rakesh/illumifin_poc/Data/root_images/38/38_20.jpeg,Plan of Care (POC)
38.pdf,38_21.jpeg,/datadrive/rakesh/illumifin_poc/Data/root_images/38/38_21.jpeg,Cognitive Questionnaire MD
38.pdf,38_22.jpeg,/datadrive/rakesh/illumifin_poc/Data/root_images/38/38_22.jpeg,Cognitive Questionnaire MD
42.pdf,42_01.jpeg,/datadrive/rakesh/illumifin_poc/Data/root_images/42/42_01.jpeg,Plan of Care (POC)
42.pdf,42_02.jpeg,/datadrive/rakesh/illumifin_poc/Data/root_images/42/42_02.jpeg,RFR Facility
42.pdf,42_03.jpeg,/datadrive/rakesh/illumifin_poc/Data/root_images/42/42_03.jpeg,RFR HHC
42.pdf,42_04.jpeg,/datadrive/rakesh/illumifin_poc/Data/root_images/42/42_04.jpeg,MDS
42.pdf,42_05.jpeg,/datadrive/rakesh/illumifin_poc/Data/root_images/42/42_05.jpeg,MDS
42.pdf,42_06.jpeg,/datadrive/rakesh/illumifin_poc/Data/root_images/42/42_06.jpeg,MDS
42.pdf,42_07.jpeg,/datadrive/rakesh/illumifin_poc/Data/root_images/42/42_07.jpeg,MDS
42.pdf,42_08.jpeg,/datadrive/rakesh/illumifin_poc/Data/root_images/42/42_08.jpeg,MDS
42.pdf,42_09.jpeg,/datadrive/rakesh/illumifin_poc/Data/root_images/42/42_09.jpeg,MDS
42.pdf,42_10.jpeg,/datadrive/rakesh/illumifin_poc/Data/root_images/42/42_10.jpeg,MDS
42.pdf,42_11.jpeg,/datadrive/rakesh/illumifin_poc/Data/root_images/42/42_11.jpeg,Plan of Care (POC)
42.pdf,42_12.jpeg,/datadrive/rakesh/illumifin_poc/Data/root_images/42/42_12.jpeg,MDS
42.pdf,42_13.jpeg,/datadrive/rakesh/illumifin_poc/Data/root_images/42/42_13.jpeg,MDS
42.pdf,42_14.jpeg,/datadrive/rakesh/illumifin_poc/Data/root_images/42/42_14.jpeg,MDS
42.pdf,42_15.jpeg,/datadrive/rakesh/illumifin_poc/Data/root_images/42/42_15.jpeg,MDS
42.pdf,42_16.jpeg,/datadrive/rakesh/illumifin_poc/Data/root_images/42/42_16.jpeg,MDS
42.pdf,42_17.jpeg,/datadrive/rakesh/illumifin_poc/Data/root_images/42/42_17.jpeg,MDS
42.pdf,42_18.jpeg,/datadrive/rakesh/illumifin_poc/Data/root_images/42/42_18.jpeg,MDS
42.pdf,42_19.jpeg,/datadrive/rakesh/illumifin_poc/Data/root_images/42/42_19.jpeg,RFR HHC
42.pdf,42_20.jpeg,/datadrive/rakesh/illumifin_poc/Data/root_images/42/42_20.jpeg,Plan of Care (POC)
42.pdf,42_21.jpeg,/datadrive/rakesh/illumifin_poc/Data/root_images/42/42_21.jpeg,Plan of Care (POC)
42.pdf,42_22.jpeg,/datadrive/rakesh/illumifin_poc/Data/root_images/42/42_22.jpeg,MDS
42.pdf,42_23.jpeg,/datadrive/rakesh/illumifin_poc/Data/root_images/42/42_23.jpeg,MDS
42.pdf,42_24.jpeg,/datadrive/rakesh/illumifin_poc/Data/root_images/42/42_24.jpeg,MDS
42.pdf,42_25.jpeg,/datadrive/rakesh/illumifin_poc/Data/root_images/42/42_25.jpeg,MDS
42.pdf,42_26.jpeg,/datadrive/rakesh/illumifin_poc/Data/root_images/42/42_26.jpeg,MDS
42.pdf,42_27.jpeg,/datadrive/rakesh/illumifin_poc/Data/root_images/42/42_27.jpeg,MDS
42.pdf,42_28.jpeg,/datadrive/rakesh/illumifin_poc/Data/root_images/42/42_28.jpeg,MDS
42.pdf,42_29.jpeg,/datadrive/rakesh/illumifin_poc/Data/root_images/42/42_29.jpeg,MDS
42.pdf,42_30.jpeg,/datadrive/rakesh/illumifin_poc/Data/root_images/42/42_30.jpeg,MDS
42.pdf,42_31.jpeg,/datadrive/rakesh/illumifin_poc/Data/root_images/42/42_31.jpeg,MDS
42.pdf,42_32.jpeg,/datadrive/rakesh/illumifin_poc/Data/root_images/42/42_32.jpeg,RFR HHC
42.pdf,42_33.jpeg,/datadrive/rakesh/illumifin_poc/Data/root_images/42/42_33.jpeg,Plan of Care (POC)
42.pdf,42_34.jpeg,/datadrive/rakesh/illumifin_poc/Data/root_images/42/42_34.jpeg,Plan of Care (POC)
42.pdf,42_35.jpeg,/datadrive/rakesh/illumifin_poc/Data/root_images/42/42_35.jpeg,MDS
42.pdf,42_36.jpeg,/datadrive/rakesh/illumifin_poc/Data/root_images/42/42_36.jpeg,MDS
42.pdf,42_37.jpeg,/datadrive/rakesh/illumifin_poc/Data/root_images/42/42_37.jpeg,MDS
42.pdf,42_38.jpeg,/datadrive/rakesh/illumifin_poc/Data/root_images/42/42_38.jpeg,MDS
42.pdf,42_39.jpeg,/datadrive/rakesh/illumifin_poc/Data/root_images/42/42_39.jpeg,RFR HHC
42.pdf,42_40.jpeg,/datadrive/rakesh/illumifin_poc/Data/root_images/42/42_40.jpeg,MDS
42.pdf,42_41.jpeg,/datadrive/rakesh/illumifin_poc/Data/root_images/42/42_41.jpeg,RFR HHC
42.pdf,42_42.jpeg,/datadrive/rakesh/illumifin_poc/Data/root_images/42/42_42.jpeg,MDS
42.pdf,42_43.jpeg,/datadrive/rakesh/illumifin_poc/Data/root_images/42/42_43.jpeg,MDS
42.pdf,42_44.jpeg,/datadrive/rakesh/illumifin_poc/Data/root_images/42/42_44.jpeg,RFR HHC
42.pdf,42_45.jpeg,/datadrive/rakesh/illumifin_poc/Data/root_images/42/42_45.jpeg,MDS
42.pdf,42_46.jpeg,/datadrive/rakesh/illumifin_poc/Data/root_images/42/42_46.jpeg,MDS
42.pdf,42_47.jpeg,/datadrive/rakesh/illumifin_poc/Data/root_images/42/42_47.jpeg,MDS
42.pdf,42_48.jpeg,/datadrive/rakesh/illumifin_poc/Data/root_images/42/42_48.jpeg,MDS
42.pdf,42_49.jpeg,/datadrive/rakesh/illumifin_poc/Data/root_images/42/42_49.jpeg,MDS
42.pdf,42_50.jpeg,/datadrive/rakesh/illumifin_poc/Data/root_images/42/42_50.jpeg,MDS
42.pdf,42_51.jpeg,/datadrive/rakesh/illumifin_poc/Data/root_images/42/42_51.jpeg,MDS
42.pdf,42_52.jpeg,/datadrive/rakesh/illumifin_poc/Data/root_images/42/42_52.jpeg,MDS
42.pdf,42_53.jpeg,/datadrive/rakesh/illumifin_poc/Data/root_images/42/42_53.jpeg,MDS
42.pdf,42_54.jpeg,/datadrive/rakesh/illumifin_poc/Data/root_images/42/42_54.jpeg,MDS
42.pdf,42_55.jpeg,/datadrive/rakesh/illumifin_poc/Data/root_images/42/42_55.jpeg,MDS
42.pdf,42_56.jpeg,/datadrive/rakesh/illumifin_poc/Data/root_images/42/42_56.jpeg,MDS
42.pdf,42_57.jpeg,/datadrive/rakesh/illumifin_poc/Data/root_images/42/42_57.jpeg,Plan of Care (POC)
42.pdf,42_58.jpeg,/datadrive/rakesh/illumifin_poc/Data/root_images/42/42_58.jpeg,MDS
42.pdf,42_59.jpeg,/datadrive/rakesh/illumifin_poc/Data/root_images/42/42_59.jpeg,MDS
42.pdf,42_60.jpeg,/datadrive/rakesh/illumifin_poc/Data/root_images/42/42_60.jpeg,RFR Facility
42.pdf,42_61.jpeg,/datadrive/rakesh/illumifin_poc/Data/root_images/42/42_61.jpeg,MDS
42.pdf,42_62.jpeg,/datadrive/rakesh/illumifin_poc/Data/root_images/42/42_62.jpeg,MDS
30.pdf,30_01.jpeg,/datadrive/rakesh/illumifin_poc/Data/root_images/30/30_01.jpeg,RFR HHC
30.pdf,30_02.jpeg,/datadrive/rakesh/illumifin_poc/Data/root_images/30/30_02.jpeg,Plan of Care (POC)
30.pdf,30_03.jpeg,/datadrive/rakesh/illumifin_poc/Data/root_images/30/30_03.jpeg,RFR Facility
30.pdf,30_04.jpeg,/datadrive/rakesh/illumifin_poc/Data/root_images/30/30_04.jpeg,RFR Facility
30.pdf,30_05.jpeg,/datadrive/rakesh/illumifin_poc/Data/root_images/30/30_05.jpeg,RFR Facility
30.pdf,30_06.jpeg,/datadrive/rakesh/illumifin_poc/Data/root_images/30/30_06.jpeg,Cognitive Questionnaire MD
30.pdf,30_07.jpeg,/datadrive/rakesh/illumifin_poc/Data/root_images/30/30_07.jpeg,MDS
30.pdf,30_08.jpeg,/datadrive/rakesh/illumifin_poc/Data/root_images/30/30_08.jpeg,MDS
30.pdf,30_09.jpeg,/datadrive/rakesh/illumifin_poc/Data/root_images/30/30_09.jpeg,MDS
30.pdf,30_10.jpeg,/datadrive/rakesh/illumifin_poc/Data/root_images/30/30_10.jpeg,MDS
30.pdf,30_11.jpeg,/datadrive/rakesh/illumifin_poc/Data/root_images/30/30_11.jpeg,MDS
30.pdf,30_12.jpeg,/datadrive/rakesh/illumifin_poc/Data/root_images/30/30_12.jpeg,MDS
30.pdf,30_13.jpeg,/datadrive/rakesh/illumifin_poc/Data/root_images/30/30_13.jpeg,MDS
30.pdf,30_14.jpeg,/datadrive/rakesh/illumifin_poc/Data/root_images/30/30_14.jpeg,MDS
30.pdf,30_15.jpeg,/datadrive/rakesh/illumifin_poc/Data/root_images/30/30_15.jpeg,MDS
30.pdf,30_16.jpeg,/datadrive/rakesh/illumifin_poc/Data/root_images/30/30_16.jpeg,MDS
30.pdf,30_17.jpeg,/datadrive/rakesh/illumifin_poc/Data/root_images/30/30_17.jpeg,MDS
30.pdf,30_18.jpeg,/datadrive/rakesh/illumifin_poc/Data/root_images/30/30_18.jpeg,MDS
30.pdf,30_19.jpeg,/datadrive/rakesh/illumifin_poc/Data/root_images/30/30_19.jpeg,MDS
30.pdf,30_20.jpeg,/datadrive/rakesh/illumifin_poc/Data/root_images/30/30_20.jpeg,MDS
30.pdf,30_21.jpeg,/datadrive/rakesh/illumifin_poc/Data/root_images/30/30_21.jpeg,MDS
30.pdf,30_22.jpeg,/datadrive/rakesh/illumifin_poc/Data/root_images/30/30_22.jpeg,MDS
30.pdf,30_23.jpeg,/datadrive/rakesh/illumifin_poc/Data/root_images/30/30_23.jpeg,MDS
30.pdf,30_24.jpeg,/datadrive/rakesh/illumifin_poc/Data/root_images/30/30_24.jpeg,Plan of Care (POC)
30.pdf,30_25.jpeg,/datadrive/rakesh/illumifin_poc/Data/root_images/30/30_25.jpeg,MDS
30.pdf,30_26.jpeg,/datadrive/rakesh/illumifin_poc/Data/root_images/30/30_26.jpeg,MDS
30.pdf,30_27.jpeg,/datadrive/rakesh/illumifin_poc/Data/root_images/30/30_27.jpeg,MDS
30.pdf,30_28.jpeg,/datadrive/rakesh/illumifin_poc/Data/root_images/30/30_28.jpeg,MDS
30.pdf,30_29.jpeg,/datadrive/rakesh/illumifin_poc/Data/root_images/30/30_29.jpeg,MDS
30.pdf,30_30.jpeg,/datadrive/rakesh/illumifin_poc/Data/root_images/30/30_30.jpeg,MDS
30.pdf,30_31.jpeg,/datadrive/rakesh/illumifin_poc/Data/root_images/30/30_31.jpeg,MDS
30.pdf,30_32.jpeg,/datadrive/rakesh/illumifin_poc/Data/root_images/30/30_32.jpeg,RFR HHC
30.pdf,30_33.jpeg,/datadrive/rakesh/illumifin_poc/Data/root_images/30/30_33.jpeg,Plan of Care (POC)
30.pdf,30_34.jpeg,/datadrive/rakesh/illumifin_poc/Data/root_images/30/30_34.jpeg,Plan of Care (POC)
30.pdf,30_35.jpeg,/datadrive/rakesh/illumifin_poc/Data/root_images/30/30_35.jpeg,MDS
30.pdf,30_36.jpeg,/datadrive/rakesh/illumifin_poc/Data/root_images/30/30_36.jpeg,MDS
30.pdf,30_37.jpeg,/datadrive/rakesh/illumifin_poc/Data/root_images/30/30_37.jpeg,MDS
30.pdf,30_38.jpeg,/datadrive/rakesh/illumifin_poc/Data/root_images/30/30_38.jpeg,MDS
30.pdf,30_39.jpeg,/datadrive/rakesh/illumifin_poc/Data/root_images/30/30_39.jpeg,MDS
30.pdf,30_40.jpeg,/datadrive/rakesh/illumifin_poc/Data/root_images/30/30_40.jpeg,MDS
30.pdf,30_41.jpeg,/datadrive/rakesh/illumifin_poc/Data/root_images/30/30_41.jpeg,MDS
30.pdf,30_42.jpeg,/datadrive/rakesh/illumifin_poc/Data/root_images/30/30_42.jpeg,MDS
30.pdf,30_43.jpeg,/datadrive/rakesh/illumifin_poc/Data/root_images/30/30_43.jpeg,MDS
30.pdf,30_44.jpeg,/datadrive/rakesh/illumifin_poc/Data/root_images/30/30_44.jpeg,MDS
30.pdf,30_45.jpeg,/datadrive/rakesh/illumifin_poc/Data/root_images/30/30_45.jpeg,Plan of Care (POC)
30.pdf,30_46.jpeg,/datadrive/rakesh/illumifin_poc/Data/root_images/30/30_46.jpeg,Plan of Care (POC)
30.pdf,30_47.jpeg,/datadrive/rakesh/illumifin_poc/Data/root_images/30/30_47.jpeg,Plan of Care (POC)
30.pdf,30_48.jpeg,/datadrive/rakesh/illumifin_poc/Data/root_images/30/30_48.jpeg,MDS
30.pdf,30_49.jpeg,/datadrive/rakesh/illumifin_poc/Data/root_images/30/30_49.jpeg,MDS
30.pdf,30_50.jpeg,/datadrive/rakesh/illumifin_poc/Data/root_images/30/30_50.jpeg,MDS
30.pdf,30_51.jpeg,/datadrive/rakesh/illumifin_poc/Data/root_images/30/30_51.jpeg,MDS
30.pdf,30_52.jpeg,/datadrive/rakesh/illumifin_poc/Data/root_images/30/30_52.jpeg,RFR HHC
30.pdf,30_53.jpeg,/datadrive/rakesh/illumifin_poc/Data/root_images/30/30_53.jpeg,MDS
30.pdf,30_54.jpeg,/datadrive/rakesh/illumifin_poc/Data/root_images/30/30_54.jpeg,RFR HHC
30.pdf,30_55.jpeg,/datadrive/rakesh/illumifin_poc/Data/root_images/30/30_55.jpeg,MDS
30.pdf,30_56.jpeg,/datadrive/rakesh/illumifin_poc/Data/root_images/30/30_56.jpeg,MDS
30.pdf,30_57.jpeg,/datadrive/rakesh/illumifin_poc/Data/root_images/30/30_57.jpeg,Plan of Care (POC)
30.pdf,30_58.jpeg,/datadrive/rakesh/illumifin_poc/Data/root_images/30/30_58.jpeg,MDS
30.pdf,30_59.jpeg,/datadrive/rakesh/illumifin_poc/Data/root_images/30/30_59.jpeg,Plan of Care (POC)
30.pdf,30_60.jpeg,/datadrive/rakesh/illumifin_poc/Data/root_images/30/30_60.jpeg,MDS
30.pdf,30_61.jpeg,/datadrive/rakesh/illumifin_poc/Data/root_images/30/30_61.jpeg,MDS
30.pdf,30_62.jpeg,/datadrive/rakesh/illumifin_poc/Data/root_images/30/30_62.jpeg,MDS
30.pdf,30_63.jpeg,/datadrive/rakesh/illumifin_poc/Data/root_images/30/30_63.jpeg,MDS
30.pdf,30_64.jpeg,/datadrive/rakesh/illumifin_poc/Data/root_images/30/30_64.jpeg,MDS
30.pdf,30_65.jpeg,/datadrive/rakesh/illumifin_poc/Data/root_images/30/30_65.jpeg,MDS
30.pdf,30_66.jpeg,/datadrive/rakesh/illumifin_poc/Data/root_images/30/30_66.jpeg,RFR HHC
30.pdf,30_67.jpeg,/datadrive/rakesh/illumifin_poc/Data/root_images/30/30_67.jpeg,MDS
30.pdf,30_68.jpeg,/datadrive/rakesh/illumifin_poc/Data/root_images/30/30_68.jpeg,MDS
30.pdf,30_69.jpeg,/datadrive/rakesh/illumifin_poc/Data/root_images/30/30_69.jpeg,MDS
30.pdf,30_70.jpeg,/datadrive/rakesh/illumifin_poc/Data/root_images/30/30_70.jpeg,Plan of Care (POC)
30.pdf,30_71.jpeg,/datadrive/rakesh/illumifin_poc/Data/root_images/30/30_71.jpeg,MDS
30.pdf,30_72.jpeg,/datadrive/rakesh/illumifin_poc/Data/root_images/30/30_72.jpeg,MDS
30.pdf,30_73.jpeg,/datadrive/rakesh/illumifin_poc/Data/root_images/30/30_73.jpeg,RFR Facility
30.pdf,30_74.jpeg,/datadrive/rakesh/illumifin_poc/Data/root_images/30/30_74.jpeg,MDS
30.pdf,30_75.jpeg,/datadrive/rakesh/illumifin_poc/Data/root_images/30/30_75.jpeg,MDS
30.pdf,30_76.jpeg,/datadrive/rakesh/illumifin_poc/Data/root_images/30/30_76.jpeg,MDS
30.pdf,30_77.jpeg,/datadrive/rakesh/illumifin_poc/Data/root_images/30/30_77.jpeg,MDS
30.pdf,30_78.jpeg,/datadrive/rakesh/illumifin_poc/Data/root_images/30/30_78.jpeg,MDS
30.pdf,30_79.jpeg,/datadrive/rakesh/illumifin_poc/Data/root_images/30/30_79.jpeg,MDS
30.pdf,30_80.jpeg,/datadrive/rakesh/illumifin_poc/Data/root_images/30/30_80.jpeg,MDS
30.pdf,30_81.jpeg,/datadrive/rakesh/illumifin_poc/Data/root_images/30/30_81.jpeg,MDS
30.pdf,30_82.jpeg,/datadrive/rakesh/illumifin_poc/Data/root_images/30/30_82.jpeg,MDS
30.pdf,30_83.jpeg,/datadrive/rakesh/illumifin_poc/Data/root_images/30/30_83.jpeg,MDS
30.pdf,30_84.jpeg,/datadrive/rakesh/illumifin_poc/Data/root_images/30/30_84.jpeg,MDS
30.pdf,30_85.jpeg,/datadrive/rakesh/illumifin_poc/Data/root_images/30/30_85.jpeg,MDS
30.pdf,30_86.jpeg,/datadrive/rakesh/illumifin_poc/Data/root_images/30/30_86.jpeg,MDS
30.pdf,30_87.jpeg,/datadrive/rakesh/illumifin_poc/Data/root_images/30/30_87.jpeg,MDS
30.pdf,30_88.jpeg,/datadrive/rakesh/illumifin_poc/Data/root_images/30/30_88.jpeg,MDS
30.pdf,30_89.jpeg,/datadrive/rakesh/illumifin_poc/Data/root_images/30/30_89.jpeg,MDS
30.pdf,30_90.jpeg,/datadrive/rakesh/illumifin_poc/Data/root_images/30/30_90.jpeg,MDS
30.pdf,30_91.jpeg,/datadrive/rakesh/illumifin_poc/Data/root_images/30/30_91.jpeg,MDS
30.pdf,30_92.jpeg,/datadrive/rakesh/illumifin_poc/Data/root_images/30/30_92.jpeg,MDS
30.pdf,30_93.jpeg,/datadrive/rakesh/illumifin_poc/Data/root_images/30/30_93.jpeg,MDS
30.pdf,30_94.jpeg,/datadrive/rakesh/illumifin_poc/Data/root_images/30/30_94.jpeg,MDS
30.pdf,30_95.jpeg,/datadrive/rakesh/illumifin_poc/Data/root_images/30/30_95.jpeg,MDS
30.pdf,30_96.jpeg,/datadrive/rakesh/illumifin_poc/Data/root_images/30/30_96.jpeg,MDS
30.pdf,30_97.jpeg,/datadrive/rakesh/illumifin_poc/Data/root_images/30/30_97.jpeg,Plan of Care (POC)
30.pdf,30_98.jpeg,/datadrive/rakesh/illumifin_poc/Data/root_images/30/30_98.jpeg,MDS
30.pdf,30_99.jpeg,/datadrive/rakesh/illumifin_poc/Data/root_images/30/30_99.jpeg,MDS
30.pdf,30_100.jpeg,/datadrive/rakesh/illumifin_poc/Data/root_images/30/30_100.jpeg,MDS
30.pdf,30_101.jpeg,/datadrive/rakesh/illumifin_poc/Data/root_images/30/30_101.jpeg,MDS
30.pdf,30_102.jpeg,/datadrive/rakesh/illumifin_poc/Data/root_images/30/30_102.jpeg,MDS
30.pdf,30_103.jpeg,/datadrive/rakesh/illumifin_poc/Data/root_images/30/30_103.jpeg,MDS
30.pdf,30_104.jpeg,/datadrive/rakesh/illumifin_poc/Data/root_images/30/30_104.jpeg,MDS
30.pdf,30_105.jpeg,/datadrive/rakesh/illumifin_poc/Data/root_images/30/30_105.jpeg,MDS
30.pdf,30_106.jpeg,/datadrive/rakesh/illumifin_poc/Data/root_images/30/30_106.jpeg,MDS
30.pdf,30_107.jpeg,/datadrive/rakesh/illumifin_poc/Data/root_images/30/30_107.jpeg,Plan of Care (POC)
30.pdf,30_108.jpeg,/datadrive/rakesh/illumifin_poc/Data/root_images/30/30_108.jpeg,MDS
30.pdf,30_109.jpeg,/datadrive/rakesh/illumifin_poc/Data/root_images/30/30_109.jpeg,RFR Facility
30.pdf,30_110.jpeg,/datadrive/rakesh/illumifin_poc/Data/root_images/30/30_110.jpeg,RFR Facility
24.pdf,24_01.jpeg,/datadrive/rakesh/illumifin_poc/Data/root_images/24/24_01.jpeg,RFR HHC
24.pdf,24_02.jpeg,/datadrive/rakesh/illumifin_poc/Data/root_images/24/24_02.jpeg,RFR HHC
24.pdf,24_03.jpeg,/datadrive/rakesh/illumifin_poc/Data/root_images/24/24_03.jpeg,Plan of Care (POC)
24.pdf,24_04.jpeg,/datadrive/rakesh/illumifin_poc/Data/root_images/24/24_04.jpeg,Cognitive Questionnaire MD
24.pdf,24_05.jpeg,/datadrive/rakesh/illumifin_poc/Data/root_images/24/24_05.jpeg,Cognitive Questionnaire MD
24.pdf,24_06.jpeg,/datadrive/rakesh/illumifin_poc/Data/root_images/24/24_06.jpeg,Cognitive Questionnaire MD
24.pdf,24_07.jpeg,/datadrive/rakesh/illumifin_poc/Data/root_images/24/24_07.jpeg,RFR HHC
24.pdf,24_08.jpeg,/datadrive/rakesh/illumifin_poc/Data/root_images/24/24_08.jpeg,RFR HHC
21.pdf,21_01.jpeg,/datadrive/rakesh/illumifin_poc/Data/root_images/21/21_01.jpeg,Plan of Care (POC)
21.pdf,21_02.jpeg,/datadrive/rakesh/illumifin_poc/Data/root_images/21/21_02.jpeg,CCNA
21.pdf,21_03.jpeg,/datadrive/rakesh/illumifin_poc/Data/root_images/21/21_03.jpeg,CCNA
21.pdf,21_04.jpeg,/datadrive/rakesh/illumifin_poc/Data/root_images/21/21_04.jpeg,RFR Facility
21.pdf,21_05.jpeg,/datadrive/rakesh/illumifin_poc/Data/root_images/21/21_05.jpeg,Plan of Care (POC)
21.pdf,21_06.jpeg,/datadrive/rakesh/illumifin_poc/Data/root_images/21/21_06.jpeg,Plan of Care (POC)
21.pdf,21_07.jpeg,/datadrive/rakesh/illumifin_poc/Data/root_images/21/21_07.jpeg,Plan of Care (POC)
21.pdf,21_08.jpeg,/datadrive/rakesh/illumifin_poc/Data/root_images/21/21_08.jpeg,Plan of Care (POC)
21.pdf,21_09.jpeg,/datadrive/rakesh/illumifin_poc/Data/root_images/21/21_09.jpeg,RFR HHC
21.pdf,21_10.jpeg,/datadrive/rakesh/illumifin_poc/Data/root_images/21/21_10.jpeg,Plan of Care (POC)
21.pdf,21_11.jpeg,/datadrive/rakesh/illumifin_poc/Data/root_images/21/21_11.jpeg,Other
11.pdf,11_01.jpeg,/datadrive/rakesh/illumifin_poc/Data/root_images/11/11_01.jpeg,Plan of Care (POC)
11.pdf,11_02.jpeg,/datadrive/rakesh/illumifin_poc/Data/root_images/11/11_02.jpeg,Cognitive Questionnaire MD
11.pdf,11_03.jpeg,/datadrive/rakesh/illumifin_poc/Data/root_images/11/11_03.jpeg,Medication Administration Screen Form
11.pdf,11_04.jpeg,/datadrive/rakesh/illumifin_poc/Data/root_images/11/11_04.jpeg,Medication Administration Screen Form
11.pdf,11_05.jpeg,/datadrive/rakesh/illumifin_poc/Data/root_images/11/11_05.jpeg,Plan of Care (POC)
11.pdf,11_06.jpeg,/datadrive/rakesh/illumifin_poc/Data/root_images/11/11_06.jpeg,Medication Administration Records (MAR)
11.pdf,11_07.jpeg,/datadrive/rakesh/illumifin_poc/Data/root_images/11/11_07.jpeg,RFR HHC
11.pdf,11_08.jpeg,/datadrive/rakesh/illumifin_poc/Data/root_images/11/11_08.jpeg,Medication Administration Records (MAR)
11.pdf,11_09.jpeg,/datadrive/rakesh/illumifin_poc/Data/root_images/11/11_09.jpeg,RFR HHC
11.pdf,11_10.jpeg,/datadrive/rakesh/illumifin_poc/Data/root_images/11/11_10.jpeg,Medication Administration Records (MAR)
11.pdf,11_11.jpeg,/datadrive/rakesh/illumifin_poc/Data/root_images/11/11_11.jpeg,Medication Administration Records (MAR)
11.pdf,11_12.jpeg,/datadrive/rakesh/illumifin_poc/Data/root_images/11/11_12.jpeg,Medication Administration Records (MAR)
11.pdf,11_13.jpeg,/datadrive/rakesh/illumifin_poc/Data/root_images/11/11_13.jpeg,Medication Administration Records (MAR)
11.pdf,11_14.jpeg,/datadrive/rakesh/illumifin_poc/Data/root_images/11/11_14.jpeg,Medication Administration Records (MAR)
11.pdf,11_15.jpeg,/datadrive/rakesh/illumifin_poc/Data/root_images/11/11_15.jpeg,MDS
11.pdf,11_16.jpeg,/datadrive/rakesh/illumifin_poc/Data/root_images/11/11_16.jpeg,MDS
11.pdf,11_17.jpeg,/datadrive/rakesh/illumifin_poc/Data/root_images/11/11_17.jpeg,MDS
11.pdf,11_18.jpeg,/datadrive/rakesh/illumifin_poc/Data/root_images/11/11_18.jpeg,MDS
11.pdf,11_19.jpeg,/datadrive/rakesh/illumifin_poc/Data/root_images/11/11_19.jpeg,MDS
11.pdf,11_20.jpeg,/datadrive/rakesh/illumifin_poc/Data/root_images/11/11_20.jpeg,MDS
11.pdf,11_21.jpeg,/datadrive/rakesh/illumifin_poc/Data/root_images/11/11_21.jpeg,MDS
11.pdf,11_22.jpeg,/datadrive/rakesh/illumifin_poc/Data/root_images/11/11_22.jpeg,Plan of Care (POC)
11.pdf,11_23.jpeg,/datadrive/rakesh/illumifin_poc/Data/root_images/11/11_23.jpeg,MDS
11.pdf,11_24.jpeg,/datadrive/rakesh/illumifin_poc/Data/root_images/11/11_24.jpeg,MDS
11.pdf,11_25.jpeg,/datadrive/rakesh/illumifin_poc/Data/root_images/11/11_25.jpeg,MDS
11.pdf,11_26.jpeg,/datadrive/rakesh/illumifin_poc/Data/root_images/11/11_26.jpeg,MDS
11.pdf,11_27.jpeg,/datadrive/rakesh/illumifin_poc/Data/root_images/11/11_27.jpeg,MDS
11.pdf,11_28.jpeg,/datadrive/rakesh/illumifin_poc/Data/root_images/11/11_28.jpeg,Plan of Care (POC)
11.pdf,11_29.jpeg,/datadrive/rakesh/illumifin_poc/Data/root_images/11/11_29.jpeg,MDS
11.pdf,11_30.jpeg,/datadrive/rakesh/illumifin_poc/Data/root_images/11/11_30.jpeg,MDS
11.pdf,11_31.jpeg,/datadrive/rakesh/illumifin_poc/Data/root_images/11/11_31.jpeg,MDS
11.pdf,11_32.jpeg,/datadrive/rakesh/illumifin_poc/Data/root_images/11/11_32.jpeg,MDS
11.pdf,11_33.jpeg,/datadrive/rakesh/illumifin_poc/Data/root_images/11/11_33.jpeg,MDS
11.pdf,11_34.jpeg,/datadrive/rakesh/illumifin_poc/Data/root_images/11/11_34.jpeg,MDS
11.pdf,11_35.jpeg,/datadrive/rakesh/illumifin_poc/Data/root_images/11/11_35.jpeg,MDS
11.pdf,11_36.jpeg,/datadrive/rakesh/illumifin_poc/Data/root_images/11/11_36.jpeg,MDS
11.pdf,11_37.jpeg,/datadrive/rakesh/illumifin_poc/Data/root_images/11/11_37.jpeg,MDS
11.pdf,11_38.jpeg,/datadrive/rakesh/illumifin_poc/Data/root_images/11/11_38.jpeg,MDS
11.pdf,11_39.jpeg,/datadrive/rakesh/illumifin_poc/Data/root_images/11/11_39.jpeg,Plan of Care (POC)
11.pdf,11_40.jpeg,/datadrive/rakesh/illumifin_poc/Data/root_images/11/11_40.jpeg,Plan of Care (POC)
11.pdf,11_41.jpeg,/datadrive/rakesh/illumifin_poc/Data/root_images/11/11_41.jpeg,Plan of Care (POC)
11.pdf,11_42.jpeg,/datadrive/rakesh/illumifin_poc/Data/root_images/11/11_42.jpeg,MDS
11.pdf,11_43.jpeg,/datadrive/rakesh/illumifin_poc/Data/root_images/11/11_43.jpeg,MDS
11.pdf,11_44.jpeg,/datadrive/rakesh/illumifin_poc/Data/root_images/11/11_44.jpeg,MDS
11.pdf,11_45.jpeg,/datadrive/rakesh/illumifin_poc/Data/root_images/11/11_45.jpeg,MDS
11.pdf,11_46.jpeg,/datadrive/rakesh/illumifin_poc/Data/root_images/11/11_46.jpeg,RFR HHC
11.pdf,11_47.jpeg,/datadrive/rakesh/illumifin_poc/Data/root_images/11/11_47.jpeg,MDS
11.pdf,11_48.jpeg,/datadrive/rakesh/illumifin_poc/Data/root_images/11/11_48.jpeg,MDS
11.pdf,11_49.jpeg,/datadrive/rakesh/illumifin_poc/Data/root_images/11/11_49.jpeg,MDS
11.pdf,11_50.jpeg,/datadrive/rakesh/illumifin_poc/Data/root_images/11/11_50.jpeg,RFR HHC
11.pdf,11_51.jpeg,/datadrive/rakesh/illumifin_poc/Data/root_images/11/11_51.jpeg,MDS
11.pdf,11_52.jpeg,/datadrive/rakesh/illumifin_poc/Data/root_images/11/11_52.jpeg,MDS
11.pdf,11_53.jpeg,/datadrive/rakesh/illumifin_poc/Data/root_images/11/11_53.jpeg,MDS
11.pdf,11_54.jpeg,/datadrive/rakesh/illumifin_poc/Data/root_images/11/11_54.jpeg,MDS
11.pdf,11_55.jpeg,/datadrive/rakesh/illumifin_poc/Data/root_images/11/11_55.jpeg,MDS
11.pdf,11_56.jpeg,/datadrive/rakesh/illumifin_poc/Data/root_images/11/11_56.jpeg,MDS
11.pdf,11_57.jpeg,/datadrive/rakesh/illumifin_poc/Data/root_images/11/11_57.jpeg,MDS
11.pdf,11_58.jpeg,/datadrive/rakesh/illumifin_poc/Data/root_images/11/11_58.jpeg,MDS
11.pdf,11_59.jpeg,/datadrive/rakesh/illumifin_poc/Data/root_images/11/11_59.jpeg,RFR HHC
11.pdf,11_60.jpeg,/datadrive/rakesh/illumifin_poc/Data/root_images/11/11_60.jpeg,MDS
11.pdf,11_61.jpeg,/datadrive/rakesh/illumifin_poc/Data/root_images/11/11_61.jpeg,MDS
11.pdf,11_62.jpeg,/datadrive/rakesh/illumifin_poc/Data/root_images/11/11_62.jpeg,MDS
11.pdf,11_63.jpeg,/datadrive/rakesh/illumifin_poc/Data/root_images/11/11_63.jpeg,MDS
11.pdf,11_64.jpeg,/datadrive/rakesh/illumifin_poc/Data/root_images/11/11_64.jpeg,RFR Facility
11.pdf,11_65.jpeg,/datadrive/rakesh/illumifin_poc/Data/root_images/11/11_65.jpeg,MDS
11.pdf,11_66.jpeg,/datadrive/rakesh/illumifin_poc/Data/root_images/11/11_66.jpeg,RFR HHC
11.pdf,11_67.jpeg,/datadrive/rakesh/illumifin_poc/Data/root_images/11/11_67.jpeg,RFR HHC
11.pdf,11_68.jpeg,/datadrive/rakesh/illumifin_poc/Data/root_images/11/11_68.jpeg,RFR HHC
11.pdf,11_69.jpeg,/datadrive/rakesh/illumifin_poc/Data/root_images/11/11_69.jpeg,RFR HHC
11.pdf,11_70.jpeg,/datadrive/rakesh/illumifin_poc/Data/root_images/11/11_70.jpeg,MDS
28.pdf,28_01.jpeg,/datadrive/rakesh/illumifin_poc/Data/root_images/28/28_01.jpeg,Plan of Care (POC)
28.pdf,28_02.jpeg,/datadrive/rakesh/illumifin_poc/Data/root_images/28/28_02.jpeg,RFR Facility
28.pdf,28_03.jpeg,/datadrive/rakesh/illumifin_poc/Data/root_images/28/28_03.jpeg,RFR Facility
28.pdf,28_04.jpeg,/datadrive/rakesh/illumifin_poc/Data/root_images/28/28_04.jpeg,Cognitive Questionnaire MD
28.pdf,28_05.jpeg,/datadrive/rakesh/illumifin_poc/Data/root_images/28/28_05.jpeg,Cognitive Questionnaire MD
28.pdf,28_06.jpeg,/datadrive/rakesh/illumifin_poc/Data/root_images/28/28_06.jpeg,Cognitive Questionnaire MD
28.pdf,28_07.jpeg,/datadrive/rakesh/illumifin_poc/Data/root_images/28/28_07.jpeg,RFR HHC
28.pdf,28_08.jpeg,/datadrive/rakesh/illumifin_poc/Data/root_images/28/28_08.jpeg,Cognitive Questionnaire MD
28.pdf,28_09.jpeg,/datadrive/rakesh/illumifin_poc/Data/root_images/28/28_09.jpeg,Cognitive Questionnaire MD
28.pdf,28_10.jpeg,/datadrive/rakesh/illumifin_poc/Data/root_images/28/28_10.jpeg,Plan of Care (POC)
28.pdf,28_11.jpeg,/datadrive/rakesh/illumifin_poc/Data/root_images/28/28_11.jpeg,RFR HHC
58.pdf,58_01.jpeg,/datadrive/rakesh/illumifin_poc/Data/root_images/58/58_01.jpeg,RFR HHC
58.pdf,58_02.jpeg,/datadrive/rakesh/illumifin_poc/Data/root_images/58/58_02.jpeg,RFR HHC
58.pdf,58_03.jpeg,/datadrive/rakesh/illumifin_poc/Data/root_images/58/58_03.jpeg,RFR HHC
58.pdf,58_04.jpeg,/datadrive/rakesh/illumifin_poc/Data/root_images/58/58_04.jpeg,RFR HHC
58.pdf,58_05.jpeg,/datadrive/rakesh/illumifin_poc/Data/root_images/58/58_05.jpeg,RFR HHC
58.pdf,58_06.jpeg,/datadrive/rakesh/illumifin_poc/Data/root_images/58/58_06.jpeg,RFR HHC
58.pdf,58_07.jpeg,/datadrive/rakesh/illumifin_poc/Data/root_images/58/58_07.jpeg,RFR HHC
43.pdf,43_01.jpeg,/datadrive/rakesh/illumifin_poc/Data/root_images/43/43_01.jpeg,RFR Facility
43.pdf,43_02.jpeg,/datadrive/rakesh/illumifin_poc/Data/root_images/43/43_02.jpeg,Plan of Care (POC)
43.pdf,43_03.jpeg,/datadrive/rakesh/illumifin_poc/Data/root_images/43/43_03.jpeg,RFR Facility
43.pdf,43_04.jpeg,/datadrive/rakesh/illumifin_poc/Data/root_images/43/43_04.jpeg,Cognitive Questionnaire MD
43.pdf,43_05.jpeg,/datadrive/rakesh/illumifin_poc/Data/root_images/43/43_05.jpeg,RFR Facility
43.pdf,43_06.jpeg,/datadrive/rakesh/illumifin_poc/Data/root_images/43/43_06.jpeg,MDS
43.pdf,43_07.jpeg,/datadrive/rakesh/illumifin_poc/Data/root_images/43/43_07.jpeg,MDS
43.pdf,43_08.jpeg,/datadrive/rakesh/illumifin_poc/Data/root_images/43/43_08.jpeg,MDS
43.pdf,43_09.jpeg,/datadrive/rakesh/illumifin_poc/Data/root_images/43/43_09.jpeg,MDS
43.pdf,43_10.jpeg,/datadrive/rakesh/illumifin_poc/Data/root_images/43/43_10.jpeg,MDS
43.pdf,43_11.jpeg,/datadrive/rakesh/illumifin_poc/Data/root_images/43/43_11.jpeg,MDS
43.pdf,43_12.jpeg,/datadrive/rakesh/illumifin_poc/Data/root_images/43/43_12.jpeg,MDS
43.pdf,43_13.jpeg,/datadrive/rakesh/illumifin_poc/Data/root_images/43/43_13.jpeg,MDS
43.pdf,43_14.jpeg,/datadrive/rakesh/illumifin_poc/Data/root_images/43/43_14.jpeg,Plan of Care (POC)
43.pdf,43_15.jpeg,/datadrive/rakesh/illumifin_poc/Data/root_images/43/43_15.jpeg,MDS
43.pdf,43_16.jpeg,/datadrive/rakesh/illumifin_poc/Data/root_images/43/43_16.jpeg,MDS
43.pdf,43_17.jpeg,/datadrive/rakesh/illumifin_poc/Data/root_images/43/43_17.jpeg,MDS
43.pdf,43_18.jpeg,/datadrive/rakesh/illumifin_poc/Data/root_images/43/43_18.jpeg,MDS
43.pdf,43_19.jpeg,/datadrive/rakesh/illumifin_poc/Data/root_images/43/43_19.jpeg,MDS
43.pdf,43_20.jpeg,/datadrive/rakesh/illumifin_poc/Data/root_images/43/43_20.jpeg,MDS
43.pdf,43_21.jpeg,/datadrive/rakesh/illumifin_poc/Data/root_images/43/43_21.jpeg,MDS
43.pdf,43_22.jpeg,/datadrive/rakesh/illumifin_poc/Data/root_images/43/43_22.jpeg,Plan of Care (POC)
43.pdf,43_23.jpeg,/datadrive/rakesh/illumifin_poc/Data/root_images/43/43_23.jpeg,MDS
43.pdf,43_24.jpeg,/datadrive/rakesh/illumifin_poc/Data/root_images/43/43_24.jpeg,RFR HHC
43.pdf,43_25.jpeg,/datadrive/rakesh/illumifin_poc/Data/root_images/43/43_25.jpeg,MDS
43.pdf,43_26.jpeg,/datadrive/rakesh/illumifin_poc/Data/root_images/43/43_26.jpeg,MDS
45.pdf,45_01.jpeg,/datadrive/rakesh/illumifin_poc/Data/root_images/45/45_01.jpeg,RFR Facility
45.pdf,45_02.jpeg,/datadrive/rakesh/illumifin_poc/Data/root_images/45/45_02.jpeg,RFR HHC
45.pdf,45_03.jpeg,/datadrive/rakesh/illumifin_poc/Data/root_images/45/45_03.jpeg,RFR HHC
45.pdf,45_04.jpeg,/datadrive/rakesh/illumifin_poc/Data/root_images/45/45_04.jpeg,RFR HHC
45.pdf,45_05.jpeg,/datadrive/rakesh/illumifin_poc/Data/root_images/45/45_05.jpeg,RFR HHC
45.pdf,45_06.jpeg,/datadrive/rakesh/illumifin_poc/Data/root_images/45/45_06.jpeg,Plan of Care (POC)
45.pdf,45_07.jpeg,/datadrive/rakesh/illumifin_poc/Data/root_images/45/45_07.jpeg,Cognitive Questionnaire MD
45.pdf,45_08.jpeg,/datadrive/rakesh/illumifin_poc/Data/root_images/45/45_08.jpeg,MDS
45.pdf,45_09.jpeg,/datadrive/rakesh/illumifin_poc/Data/root_images/45/45_09.jpeg,MDS
45.pdf,45_10.jpeg,/datadrive/rakesh/illumifin_poc/Data/root_images/45/45_10.jpeg,MDS
45.pdf,45_11.jpeg,/datadrive/rakesh/illumifin_poc/Data/root_images/45/45_11.jpeg,MDS
45.pdf,45_12.jpeg,/datadrive/rakesh/illumifin_poc/Data/root_images/45/45_12.jpeg,MDS
45.pdf,45_13.jpeg,/datadrive/rakesh/illumifin_poc/Data/root_images/45/45_13.jpeg,MDS
45.pdf,45_14.jpeg,/datadrive/rakesh/illumifin_poc/Data/root_images/45/45_14.jpeg,MDS
45.pdf,45_15.jpeg,/datadrive/rakesh/illumifin_poc/Data/root_images/45/45_15.jpeg,Plan of Care (POC)
45.pdf,45_16.jpeg,/datadrive/rakesh/illumifin_poc/Data/root_images/45/45_16.jpeg,MDS
45.pdf,45_17.jpeg,/datadrive/rakesh/illumifin_poc/Data/root_images/45/45_17.jpeg,MDS
45.pdf,45_18.jpeg,/datadrive/rakesh/illumifin_poc/Data/root_images/45/45_18.jpeg,MDS
45.pdf,45_19.jpeg,/datadrive/rakesh/illumifin_poc/Data/root_images/45/45_19.jpeg,MDS
45.pdf,45_20.jpeg,/datadrive/rakesh/illumifin_poc/Data/root_images/45/45_20.jpeg,MDS
45.pdf,45_21.jpeg,/datadrive/rakesh/illumifin_poc/Data/root_images/45/45_21.jpeg,Plan of Care (POC)
45.pdf,45_22.jpeg,/datadrive/rakesh/illumifin_poc/Data/root_images/45/45_22.jpeg,MDS
45.pdf,45_23.jpeg,/datadrive/rakesh/illumifin_poc/Data/root_images/45/45_23.jpeg,MDS
45.pdf,45_24.jpeg,/datadrive/rakesh/illumifin_poc/Data/root_images/45/45_24.jpeg,MDS
45.pdf,45_25.jpeg,/datadrive/rakesh/illumifin_poc/Data/root_images/45/45_25.jpeg,MDS
45.pdf,45_26.jpeg,/datadrive/rakesh/illumifin_poc/Data/root_images/45/45_26.jpeg,MDS
45.pdf,45_27.jpeg,/datadrive/rakesh/illumifin_poc/Data/root_images/45/45_27.jpeg,MDS
45.pdf,45_28.jpeg,/datadrive/rakesh/illumifin_poc/Data/root_images/45/45_28.jpeg,MDS
45.pdf,45_29.jpeg,/datadrive/rakesh/illumifin_poc/Data/root_images/45/45_29.jpeg,MDS
45.pdf,45_30.jpeg,/datadrive/rakesh/illumifin_poc/Data/root_images/45/45_30.jpeg,MDS
45.pdf,45_31.jpeg,/datadrive/rakesh/illumifin_poc/Data/root_images/45/45_31.jpeg,MDS
45.pdf,45_32.jpeg,/datadrive/rakesh/illumifin_poc/Data/root_images/45/45_32.jpeg,Plan of Care (POC)
45.pdf,45_33.jpeg,/datadrive/rakesh/illumifin_poc/Data/root_images/45/45_33.jpeg,Plan of Care (POC)
45.pdf,45_34.jpeg,/datadrive/rakesh/illumifin_poc/Data/root_images/45/45_34.jpeg,Plan of Care (POC)
45.pdf,45_35.jpeg,/datadrive/rakesh/illumifin_poc/Data/root_images/45/45_35.jpeg,MDS
45.pdf,45_36.jpeg,/datadrive/rakesh/illumifin_poc/Data/root_images/45/45_36.jpeg,MDS
45.pdf,45_37.jpeg,/datadrive/rakesh/illumifin_poc/Data/root_images/45/45_37.jpeg,MDS
45.pdf,45_38.jpeg,/datadrive/rakesh/illumifin_poc/Data/root_images/45/45_38.jpeg,MDS
45.pdf,45_39.jpeg,/datadrive/rakesh/illumifin_poc/Data/root_images/45/45_39.jpeg,RFR HHC
45.pdf,45_40.jpeg,/datadrive/rakesh/illumifin_poc/Data/root_images/45/45_40.jpeg,MDS
45.pdf,45_41.jpeg,/datadrive/rakesh/illumifin_poc/Data/root_images/45/45_41.jpeg,MDS
45.pdf,45_42.jpeg,/datadrive/rakesh/illumifin_poc/Data/root_images/45/45_42.jpeg,MDS
45.pdf,45_43.jpeg,/datadrive/rakesh/illumifin_poc/Data/root_images/45/45_43.jpeg,RFR HHC
45.pdf,45_44.jpeg,/datadrive/rakesh/illumifin_poc/Data/root_images/45/45_44.jpeg,MDS
45.pdf,45_45.jpeg,/datadrive/rakesh/illumifin_poc/Data/root_images/45/45_45.jpeg,MDS
45.pdf,45_46.jpeg,/datadrive/rakesh/illumifin_poc/Data/root_images/45/45_46.jpeg,MDS
45.pdf,45_47.jpeg,/datadrive/rakesh/illumifin_poc/Data/root_images/45/45_47.jpeg,MDS
45.pdf,45_48.jpeg,/datadrive/rakesh/illumifin_poc/Data/root_images/45/45_48.jpeg,MDS
45.pdf,45_49.jpeg,/datadrive/rakesh/illumifin_poc/Data/root_images/45/45_49.jpeg,MDS
45.pdf,45_50.jpeg,/datadrive/rakesh/illumifin_poc/Data/root_images/45/45_50.jpeg,MDS
45.pdf,45_51.jpeg,/datadrive/rakesh/illumifin_poc/Data/root_images/45/45_51.jpeg,MDS
45.pdf,45_52.jpeg,/datadrive/rakesh/illumifin_poc/Data/root_images/45/45_52.jpeg,RFR HHC
45.pdf,45_53.jpeg,/datadrive/rakesh/illumifin_poc/Data/root_images/45/45_53.jpeg,MDS
45.pdf,45_54.jpeg,/datadrive/rakesh/illumifin_poc/Data/root_images/45/45_54.jpeg,MDS
45.pdf,45_55.jpeg,/datadrive/rakesh/illumifin_poc/Data/root_images/45/45_55.jpeg,MDS
45.pdf,45_56.jpeg,/datadrive/rakesh/illumifin_poc/Data/root_images/45/45_56.jpeg,MDS
45.pdf,45_57.jpeg,/datadrive/rakesh/illumifin_poc/Data/root_images/45/45_57.jpeg,RFR Facility
45.pdf,45_58.jpeg,/datadrive/rakesh/illumifin_poc/Data/root_images/45/45_58.jpeg,MDS
45.pdf,45_59.jpeg,/datadrive/rakesh/illumifin_poc/Data/root_images/45/45_59.jpeg,MDS
45.pdf,45_60.jpeg,/datadrive/rakesh/illumifin_poc/Data/root_images/45/45_60.jpeg,RFR HHC
45.pdf,45_61.jpeg,/datadrive/rakesh/illumifin_poc/Data/root_images/45/45_61.jpeg,RFR Facility
45.pdf,45_62.jpeg,/datadrive/rakesh/illumifin_poc/Data/root_images/45/45_62.jpeg,RFR Facility
45.pdf,45_63.jpeg,/datadrive/rakesh/illumifin_poc/Data/root_images/45/45_63.jpeg,RFR HHC
45.pdf,45_64.jpeg,/datadrive/rakesh/illumifin_poc/Data/root_images/45/45_64.jpeg,RFR HHC
45.pdf,45_65.jpeg,/datadrive/rakesh/illumifin_poc/Data/root_images/45/45_65.jpeg,RFR Facility
45.pdf,45_66.jpeg,/datadrive/rakesh/illumifin_poc/Data/root_images/45/45_66.jpeg,RFR Facility
45.pdf,45_67.jpeg,/datadrive/rakesh/illumifin_poc/Data/root_images/45/45_67.jpeg,RFR HHC
45.pdf,45_68.jpeg,/datadrive/rakesh/illumifin_poc/Data/root_images/45/45_68.jpeg,RFR Facility
45.pdf,45_69.jpeg,/datadrive/rakesh/illumifin_poc/Data/root_images/45/45_69.jpeg,RFR Facility
45.pdf,45_70.jpeg,/datadrive/rakesh/illumifin_poc/Data/root_images/45/45_70.jpeg,RFR HHC
45.pdf,45_71.jpeg,/datadrive/rakesh/illumifin_poc/Data/root_images/45/45_71.jpeg,RFR Facility
45.pdf,45_72.jpeg,/datadrive/rakesh/illumifin_poc/Data/root_images/45/45_72.jpeg,RFR Facility
45.pdf,45_73.jpeg,/datadrive/rakesh/illumifin_poc/Data/root_images/45/45_73.jpeg,RFR HHC
45.pdf,45_74.jpeg,/datadrive/rakesh/illumifin_poc/Data/root_images/45/45_74.jpeg,RFR Facility
45.pdf,45_75.jpeg,/datadrive/rakesh/illumifin_poc/Data/root_images/45/45_75.jpeg,RFR Facility
05.pdf,05_01.jpeg,/datadrive/rakesh/illumifin_poc/Data/root_images/05/05_01.jpeg,BEA
05.pdf,05_02.jpeg,/datadrive/rakesh/illumifin_poc/Data/root_images/05/05_02.jpeg,Plan of Care (POC)
05.pdf,05_03.jpeg,/datadrive/rakesh/illumifin_poc/Data/root_images/05/05_03.jpeg,Plan of Care (POC)
05.pdf,05_04.jpeg,/datadrive/rakesh/illumifin_poc/Data/root_images/05/05_04.jpeg,Cognitive Questionnaire MD
05.pdf,05_05.jpeg,/datadrive/rakesh/illumifin_poc/Data/root_images/05/05_05.jpeg,Plan of Care (POC)
05.pdf,05_06.jpeg,/datadrive/rakesh/illumifin_poc/Data/root_images/05/05_06.jpeg,BEA
05.pdf,05_07.jpeg,/datadrive/rakesh/illumifin_poc/Data/root_images/05/05_07.jpeg,BEA
05.pdf,05_08.jpeg,/datadrive/rakesh/illumifin_poc/Data/root_images/05/05_08.jpeg,BEA
05.pdf,05_09.jpeg,/datadrive/rakesh/illumifin_poc/Data/root_images/05/05_09.jpeg,BEA
05.pdf,05_10.jpeg,/datadrive/rakesh/illumifin_poc/Data/root_images/05/05_10.jpeg,BEA
05.pdf,05_11.jpeg,/datadrive/rakesh/illumifin_poc/Data/root_images/05/05_11.jpeg,BEA
05.pdf,05_12.jpeg,/datadrive/rakesh/illumifin_poc/Data/root_images/05/05_12.jpeg,BEA
05.pdf,05_13.jpeg,/datadrive/rakesh/illumifin_poc/Data/root_images/05/05_13.jpeg,BEA
05.pdf,05_14.jpeg,/datadrive/rakesh/illumifin_poc/Data/root_images/05/05_14.jpeg,BEA
05.pdf,05_15.jpeg,/datadrive/rakesh/illumifin_poc/Data/root_images/05/05_15.jpeg,BEA
05.pdf,05_16.jpeg,/datadrive/rakesh/illumifin_poc/Data/root_images/05/05_16.jpeg,BEA
05.pdf,05_17.jpeg,/datadrive/rakesh/illumifin_poc/Data/root_images/05/05_17.jpeg,BEA
05.pdf,05_18.jpeg,/datadrive/rakesh/illumifin_poc/Data/root_images/05/05_18.jpeg,BEA
05.pdf,05_19.jpeg,/datadrive/rakesh/illumifin_poc/Data/root_images/05/05_19.jpeg,BEA
05.pdf,05_20.jpeg,/datadrive/rakesh/illumifin_poc/Data/root_images/05/05_20.jpeg,BEA
05.pdf,05_21.jpeg,/datadrive/rakesh/illumifin_poc/Data/root_images/05/05_21.jpeg,BEA
05.pdf,05_22.jpeg,/datadrive/rakesh/illumifin_poc/Data/root_images/05/05_22.jpeg,BEA
05.pdf,05_23.jpeg,/datadrive/rakesh/illumifin_poc/Data/root_images/05/05_23.jpeg,BEA
05.pdf,05_24.jpeg,/datadrive/rakesh/illumifin_poc/Data/root_images/05/05_24.jpeg,BEA
05.pdf,05_25.jpeg,/datadrive/rakesh/illumifin_poc/Data/root_images/05/05_25.jpeg,BEA
05.pdf,05_26.jpeg,/datadrive/rakesh/illumifin_poc/Data/root_images/05/05_26.jpeg,BEA
05.pdf,05_27.jpeg,/datadrive/rakesh/illumifin_poc/Data/root_images/05/05_27.jpeg,BEA
05.pdf,05_28.jpeg,/datadrive/rakesh/illumifin_poc/Data/root_images/05/05_28.jpeg,BEA
05.pdf,05_29.jpeg,/datadrive/rakesh/illumifin_poc/Data/root_images/05/05_29.jpeg,BEA
05.pdf,05_30.jpeg,/datadrive/rakesh/illumifin_poc/Data/root_images/05/05_30.jpeg,BEA
05.pdf,05_31.jpeg,/datadrive/rakesh/illumifin_poc/Data/root_images/05/05_31.jpeg,BEA
05.pdf,05_32.jpeg,/datadrive/rakesh/illumifin_poc/Data/root_images/05/05_32.jpeg,BEA
05.pdf,05_33.jpeg,/datadrive/rakesh/illumifin_poc/Data/root_images/05/05_33.jpeg,BEA
05.pdf,05_34.jpeg,/datadrive/rakesh/illumifin_poc/Data/root_images/05/05_34.jpeg,BEA
05.pdf,05_35.jpeg,/datadrive/rakesh/illumifin_poc/Data/root_images/05/05_35.jpeg,BEA
05.pdf,05_36.jpeg,/datadrive/rakesh/illumifin_poc/Data/root_images/05/05_36.jpeg,BEA
05.pdf,05_37.jpeg,/datadrive/rakesh/illumifin_poc/Data/root_images/05/05_37.jpeg,BEA
05.pdf,05_38.jpeg,/datadrive/rakesh/illumifin_poc/Data/root_images/05/05_38.jpeg,BEA
05.pdf,05_39.jpeg,/datadrive/rakesh/illumifin_poc/Data/root_images/05/05_39.jpeg,BEA
05.pdf,05_40.jpeg,/datadrive/rakesh/illumifin_poc/Data/root_images/05/05_40.jpeg,BEA
05.pdf,05_41.jpeg,/datadrive/rakesh/illumifin_poc/Data/root_images/05/05_41.jpeg,BEA
05.pdf,05_42.jpeg,/datadrive/rakesh/illumifin_poc/Data/root_images/05/05_42.jpeg,BEA
05.pdf,05_43.jpeg,/datadrive/rakesh/illumifin_poc/Data/root_images/05/05_43.jpeg,BEA
05.pdf,05_44.jpeg,/datadrive/rakesh/illumifin_poc/Data/root_images/05/05_44.jpeg,BEA
05.pdf,05_45.jpeg,/datadrive/rakesh/illumifin_poc/Data/root_images/05/05_45.jpeg,BEA
05.pdf,05_46.jpeg,/datadrive/rakesh/illumifin_poc/Data/root_images/05/05_46.jpeg,BEA
05.pdf,05_47.jpeg,/datadrive/rakesh/illumifin_poc/Data/root_images/05/05_47.jpeg,Plan of Care (POC)
05.pdf,05_48.jpeg,/datadrive/rakesh/illumifin_poc/Data/root_images/05/05_48.jpeg,Plan of Care (POC)
05.pdf,05_49.jpeg,/datadrive/rakesh/illumifin_poc/Data/root_images/05/05_49.jpeg,Cognitive Questionnaire MD
05.pdf,05_50.jpeg,/datadrive/rakesh/illumifin_poc/Data/root_images/05/05_50.jpeg,Plan of Care (POC)
05.pdf,05_51.jpeg,/datadrive/rakesh/illumifin_poc/Data/root_images/05/05_51.jpeg,BEA
05.pdf,05_52.jpeg,/datadrive/rakesh/illumifin_poc/Data/root_images/05/05_52.jpeg,BEA
05.pdf,05_53.jpeg,/datadrive/rakesh/illumifin_poc/Data/root_images/05/05_53.jpeg,BEA
05.pdf,05_54.jpeg,/datadrive/rakesh/illumifin_poc/Data/root_images/05/05_54.jpeg,BEA
05.pdf,05_55.jpeg,/datadrive/rakesh/illumifin_poc/Data/root_images/05/05_55.jpeg,BEA
05.pdf,05_56.jpeg,/datadrive/rakesh/illumifin_poc/Data/root_images/05/05_56.jpeg,BEA
05.pdf,05_57.jpeg,/datadrive/rakesh/illumifin_poc/Data/root_images/05/05_57.jpeg,BEA
05.pdf,05_58.jpeg,/datadrive/rakesh/illumifin_poc/Data/root_images/05/05_58.jpeg,BEA
05.pdf,05_59.jpeg,/datadrive/rakesh/illumifin_poc/Data/root_images/05/05_59.jpeg,BEA
05.pdf,05_60.jpeg,/datadrive/rakesh/illumifin_poc/Data/root_images/05/05_60.jpeg,BEA
05.pdf,05_61.jpeg,/datadrive/rakesh/illumifin_poc/Data/root_images/05/05_61.jpeg,BEA
05.pdf,05_62.jpeg,/datadrive/rakesh/illumifin_poc/Data/root_images/05/05_62.jpeg,BEA
05.pdf,05_63.jpeg,/datadrive/rakesh/illumifin_poc/Data/root_images/05/05_63.jpeg,BEA
05.pdf,05_64.jpeg,/datadrive/rakesh/illumifin_poc/Data/root_images/05/05_64.jpeg,BEA
05.pdf,05_65.jpeg,/datadrive/rakesh/illumifin_poc/Data/root_images/05/05_65.jpeg,BEA
05.pdf,05_66.jpeg,/datadrive/rakesh/illumifin_poc/Data/root_images/05/05_66.jpeg,BEA
05.pdf,05_67.jpeg,/datadrive/rakesh/illumifin_poc/Data/root_images/05/05_67.jpeg,BEA
05.pdf,05_68.jpeg,/datadrive/rakesh/illumifin_poc/Data/root_images/05/05_68.jpeg,BEA
05.pdf,05_69.jpeg,/datadrive/rakesh/illumifin_poc/Data/root_images/05/05_69.jpeg,BEA
05.pdf,05_70.jpeg,/datadrive/rakesh/illumifin_poc/Data/root_images/05/05_70.jpeg,BEA
05.pdf,05_71.jpeg,/datadrive/rakesh/illumifin_poc/Data/root_images/05/05_71.jpeg,BEA
05.pdf,05_72.jpeg,/datadrive/rakesh/illumifin_poc/Data/root_images/05/05_72.jpeg,BEA
05.pdf,05_73.jpeg,/datadrive/rakesh/illumifin_poc/Data/root_images/05/05_73.jpeg,BEA
05.pdf,05_74.jpeg,/datadrive/rakesh/illumifin_poc/Data/root_images/05/05_74.jpeg,BEA
05.pdf,05_75.jpeg,/datadrive/rakesh/illumifin_poc/Data/root_images/05/05_75.jpeg,BEA
05.pdf,05_76.jpeg,/datadrive/rakesh/illumifin_poc/Data/root_images/05/05_76.jpeg,BEA
05.pdf,05_77.jpeg,/datadrive/rakesh/illumifin_poc/Data/root_images/05/05_77.jpeg,BEA
05.pdf,05_78.jpeg,/datadrive/rakesh/illumifin_poc/Data/root_images/05/05_78.jpeg,BEA
05.pdf,05_79.jpeg,/datadrive/rakesh/illumifin_poc/Data/root_images/05/05_79.jpeg,Plan of Care (POC)
05.pdf,05_80.jpeg,/datadrive/rakesh/illumifin_poc/Data/root_images/05/05_80.jpeg,Plan of Care (POC)
05.pdf,05_81.jpeg,/datadrive/rakesh/illumifin_poc/Data/root_images/05/05_81.jpeg,Plan of Care (POC)
05.pdf,05_82.jpeg,/datadrive/rakesh/illumifin_poc/Data/root_images/05/05_82.jpeg,BEA
05.pdf,05_83.jpeg,/datadrive/rakesh/illumifin_poc/Data/root_images/05/05_83.jpeg,BEA
05.pdf,05_84.jpeg,/datadrive/rakesh/illumifin_poc/Data/root_images/05/05_84.jpeg,BEA
05.pdf,05_85.jpeg,/datadrive/rakesh/illumifin_poc/Data/root_images/05/05_85.jpeg,BEA
05.pdf,05_86.jpeg,/datadrive/rakesh/illumifin_poc/Data/root_images/05/05_86.jpeg,BEA
05.pdf,05_87.jpeg,/datadrive/rakesh/illumifin_poc/Data/root_images/05/05_87.jpeg,RFR HHC
05.pdf,05_88.jpeg,/datadrive/rakesh/illumifin_poc/Data/root_images/05/05_88.jpeg,RFR HHC
05.pdf,05_89.jpeg,/datadrive/rakesh/illumifin_poc/Data/root_images/05/05_89.jpeg,BEA
05.pdf,05_90.jpeg,/datadrive/rakesh/illumifin_poc/Data/root_images/05/05_90.jpeg,RFR HHC
05.pdf,05_91.jpeg,/datadrive/rakesh/illumifin_poc/Data/root_images/05/05_91.jpeg,BEA
05.pdf,05_92.jpeg,/datadrive/rakesh/illumifin_poc/Data/root_images/05/05_92.jpeg,BEA
05.pdf,05_93.jpeg,/datadrive/rakesh/illumifin_poc/Data/root_images/05/05_93.jpeg,BEA
05.pdf,05_94.jpeg,/datadrive/rakesh/illumifin_poc/Data/root_images/05/05_94.jpeg,BEA
05.pdf,05_95.jpeg,/datadrive/rakesh/illumifin_poc/Data/root_images/05/05_95.jpeg,BEA
05.pdf,05_96.jpeg,/datadrive/rakesh/illumifin_poc/Data/root_images/05/05_96.jpeg,BEA
05.pdf,05_97.jpeg,/datadrive/rakesh/illumifin_poc/Data/root_images/05/05_97.jpeg,BEA
05.pdf,05_98.jpeg,/datadrive/rakesh/illumifin_poc/Data/root_images/05/05_98.jpeg,BEA
05.pdf,05_99.jpeg,/datadrive/rakesh/illumifin_poc/Data/root_images/05/05_99.jpeg,BEA
05.pdf,05_100.jpeg,/datadrive/rakesh/illumifin_poc/Data/root_images/05/05_100.jpeg,BEA
05.pdf,05_101.jpeg,/datadrive/rakesh/illumifin_poc/Data/root_images/05/05_101.jpeg,BEA
05.pdf,05_102.jpeg,/datadrive/rakesh/illumifin_poc/Data/root_images/05/05_102.jpeg,BEA
05.pdf,05_103.jpeg,/datadrive/rakesh/illumifin_poc/Data/root_images/05/05_103.jpeg,BEA
05.pdf,05_104.jpeg,/datadrive/rakesh/illumifin_poc/Data/root_images/05/05_104.jpeg,BEA
05.pdf,05_105.jpeg,/datadrive/rakesh/illumifin_poc/Data/root_images/05/05_105.jpeg,BEA
05.pdf,05_106.jpeg,/datadrive/rakesh/illumifin_poc/Data/root_images/05/05_106.jpeg,BEA
05.pdf,05_107.jpeg,/datadrive/rakesh/illumifin_poc/Data/root_images/05/05_107.jpeg,BEA
05.pdf,05_108.jpeg,/datadrive/rakesh/illumifin_poc/Data/root_images/05/05_108.jpeg,BEA
05.pdf,05_109.jpeg,/datadrive/rakesh/illumifin_poc/Data/root_images/05/05_109.jpeg,BEA
05.pdf,05_110.jpeg,/datadrive/rakesh/illumifin_poc/Data/root_images/05/05_110.jpeg,BEA
05.pdf,05_111.jpeg,/datadrive/rakesh/illumifin_poc/Data/root_images/05/05_111.jpeg,BEA
05.pdf,05_112.jpeg,/datadrive/rakesh/illumifin_poc/Data/root_images/05/05_112.jpeg,BEA
36.pdf,36_01.jpeg,/datadrive/rakesh/illumifin_poc/Data/root_images/36/36_01.jpeg,MDS
36.pdf,36_02.jpeg,/datadrive/rakesh/illumifin_poc/Data/root_images/36/36_02.jpeg,MDS
36.pdf,36_03.jpeg,/datadrive/rakesh/illumifin_poc/Data/root_images/36/36_03.jpeg,MDS
36.pdf,36_04.jpeg,/datadrive/rakesh/illumifin_poc/Data/root_images/36/36_04.jpeg,MDS
36.pdf,36_05.jpeg,/datadrive/rakesh/illumifin_poc/Data/root_images/36/36_05.jpeg,MDS
36.pdf,36_06.jpeg,/datadrive/rakesh/illumifin_poc/Data/root_images/36/36_06.jpeg,MDS
36.pdf,36_07.jpeg,/datadrive/rakesh/illumifin_poc/Data/root_images/36/36_07.jpeg,MDS
57.pdf,57_01.jpeg,/datadrive/rakesh/illumifin_poc/Data/root_images/57/57_01.jpeg,RFR Facility
57.pdf,57_02.jpeg,/datadrive/rakesh/illumifin_poc/Data/root_images/57/57_02.jpeg,Plan of Care (POC)
57.pdf,57_03.jpeg,/datadrive/rakesh/illumifin_poc/Data/root_images/57/57_03.jpeg,RFR HHC
57.pdf,57_04.jpeg,/datadrive/rakesh/illumifin_poc/Data/root_images/57/57_04.jpeg,RFR HHC
57.pdf,57_05.jpeg,/datadrive/rakesh/illumifin_poc/Data/root_images/57/57_05.jpeg,RFR Facility
57.pdf,57_06.jpeg,/datadrive/rakesh/illumifin_poc/Data/root_images/57/57_06.jpeg,Plan of Care (POC)
57.pdf,57_07.jpeg,/datadrive/rakesh/illumifin_poc/Data/root_images/57/57_07.jpeg,Cognitive Questionnaire MD
57.pdf,57_08.jpeg,/datadrive/rakesh/illumifin_poc/Data/root_images/57/57_08.jpeg,RFR Facility
57.pdf,57_09.jpeg,/datadrive/rakesh/illumifin_poc/Data/root_images/57/57_09.jpeg,CCNA
57.pdf,57_10.jpeg,/datadrive/rakesh/illumifin_poc/Data/root_images/57/57_10.jpeg,RFR HHC
57.pdf,57_11.jpeg,/datadrive/rakesh/illumifin_poc/Data/root_images/57/57_11.jpeg,Medication Administration Screen Form
57.pdf,57_12.jpeg,/datadrive/rakesh/illumifin_poc/Data/root_images/57/57_12.jpeg,RFR HHC
57.pdf,57_13.jpeg,/datadrive/rakesh/illumifin_poc/Data/root_images/57/57_13.jpeg,Medication Administration Screen Form
57.pdf,57_14.jpeg,/datadrive/rakesh/illumifin_poc/Data/root_images/57/57_14.jpeg,RFR HHC
57.pdf,57_15.jpeg,/datadrive/rakesh/illumifin_poc/Data/root_images/57/57_15.jpeg,RFR HHC
57.pdf,57_16.jpeg,/datadrive/rakesh/illumifin_poc/Data/root_images/57/57_16.jpeg,RFR HHC
57.pdf,57_17.jpeg,/datadrive/rakesh/illumifin_poc/Data/root_images/57/57_17.jpeg,Cognitive Questionnaire MD
57.pdf,57_18.jpeg,/datadrive/rakesh/illumifin_poc/Data/root_images/57/57_18.jpeg,RFR HHC
57.pdf,57_19.jpeg,/datadrive/rakesh/illumifin_poc/Data/root_images/57/57_19.jpeg,RFR HHC
57.pdf,57_20.jpeg,/datadrive/rakesh/illumifin_poc/Data/root_images/57/57_20.jpeg,Plan of Care (POC)
57.pdf,57_21.jpeg,/datadrive/rakesh/illumifin_poc/Data/root_images/57/57_21.jpeg,Plan of Care (POC)
57.pdf,57_22.jpeg,/datadrive/rakesh/illumifin_poc/Data/root_images/57/57_22.jpeg,Plan of Care (POC)
57.pdf,57_23.jpeg,/datadrive/rakesh/illumifin_poc/Data/root_images/57/57_23.jpeg,RFR HHC
57.pdf,57_24.jpeg,/datadrive/rakesh/illumifin_poc/Data/root_images/57/57_24.jpeg,Nursing Assessment
57.pdf,57_25.jpeg,/datadrive/rakesh/illumifin_poc/Data/root_images/57/57_25.jpeg,Plan of Care (POC)
57.pdf,57_26.jpeg,/datadrive/rakesh/illumifin_poc/Data/root_images/57/57_26.jpeg,Plan of Care (POC)
57.pdf,57_27.jpeg,/datadrive/rakesh/illumifin_poc/Data/root_images/57/57_27.jpeg,Plan of Care (POC)
57.pdf,57_28.jpeg,/datadrive/rakesh/illumifin_poc/Data/root_images/57/57_28.jpeg,Plan of Care (POC)
57.pdf,57_29.jpeg,/datadrive/rakesh/illumifin_poc/Data/root_images/57/57_29.jpeg,Plan of Care (POC)
57.pdf,57_30.jpeg,/datadrive/rakesh/illumifin_poc/Data/root_images/57/57_30.jpeg,Plan of Care (POC)
57.pdf,57_31.jpeg,/datadrive/rakesh/illumifin_poc/Data/root_images/57/57_31.jpeg,Plan of Care (POC)
57.pdf,57_32.jpeg,/datadrive/rakesh/illumifin_poc/Data/root_images/57/57_32.jpeg,Plan of Care (POC)
57.pdf,57_33.jpeg,/datadrive/rakesh/illumifin_poc/Data/root_images/57/57_33.jpeg,Plan of Care (POC)
57.pdf,57_34.jpeg,/datadrive/rakesh/illumifin_poc/Data/root_images/57/57_34.jpeg,Plan of Care (POC)
57.pdf,57_35.jpeg,/datadrive/rakesh/illumifin_poc/Data/root_images/57/57_35.jpeg,Plan of Care (POC)
57.pdf,57_36.jpeg,/datadrive/rakesh/illumifin_poc/Data/root_images/57/57_36.jpeg,RFR HHC
09.pdf,09_01.jpeg,/datadrive/rakesh/illumifin_poc/Data/root_images/09/09_01.jpeg,RFR HHC
09.pdf,09_02.jpeg,/datadrive/rakesh/illumifin_poc/Data/root_images/09/09_02.jpeg,RFR HHC
09.pdf,09_03.jpeg,/datadrive/rakesh/illumifin_poc/Data/root_images/09/09_03.jpeg,RFR HHC
09.pdf,09_04.jpeg,/datadrive/rakesh/illumifin_poc/Data/root_images/09/09_04.jpeg,RFR HHC
09.pdf,09_05.jpeg,/datadrive/rakesh/illumifin_poc/Data/root_images/09/09_05.jpeg,Plan of Care (POC)
09.pdf,09_06.jpeg,/datadrive/rakesh/illumifin_poc/Data/root_images/09/09_06.jpeg,RFR HHC
09.pdf,09_07.jpeg,/datadrive/rakesh/illumifin_poc/Data/root_images/09/09_07.jpeg,Cognitive Questionnaire MD
09.pdf,09_08.jpeg,/datadrive/rakesh/illumifin_poc/Data/root_images/09/09_08.jpeg,Plan of Care (POC)
09.pdf,09_09.jpeg,/datadrive/rakesh/illumifin_poc/Data/root_images/09/09_09.jpeg,Plan of Care (POC)
09.pdf,09_10.jpeg,/datadrive/rakesh/illumifin_poc/Data/root_images/09/09_10.jpeg,Cognitive Questionnaire MD
09.pdf,09_11.jpeg,/datadrive/rakesh/illumifin_poc/Data/root_images/09/09_11.jpeg,RFR HHC
09.pdf,09_12.jpeg,/datadrive/rakesh/illumifin_poc/Data/root_images/09/09_12.jpeg,Plan of Care (POC)
09.pdf,09_13.jpeg,/datadrive/rakesh/illumifin_poc/Data/root_images/09/09_13.jpeg,Plan of Care (POC)
09.pdf,09_14.jpeg,/datadrive/rakesh/illumifin_poc/Data/root_images/09/09_14.jpeg,RFR HHC
09.pdf,09_15.jpeg,/datadrive/rakesh/illumifin_poc/Data/root_images/09/09_15.jpeg,RFR HHC
09.pdf,09_16.jpeg,/datadrive/rakesh/illumifin_poc/Data/root_images/09/09_16.jpeg,RFR HHC
10 (1).pdf,10 (1)_01.jpeg,/datadrive/rakesh/illumifin_poc/Data/root_images/10 (1)/10 (1)_01.jpeg,Plan of Care (POC)
10 (1).pdf,10 (1)_02.jpeg,/datadrive/rakesh/illumifin_poc/Data/root_images/10 (1)/10 (1)_02.jpeg,RFR HHC
10 (1).pdf,10 (1)_03.jpeg,/datadrive/rakesh/illumifin_poc/Data/root_images/10 (1)/10 (1)_03.jpeg,RFR HHC
10 (1).pdf,10 (1)_04.jpeg,/datadrive/rakesh/illumifin_poc/Data/root_images/10 (1)/10 (1)_04.jpeg,Plan of Care (POC)
10 (1).pdf,10 (1)_05.jpeg,/datadrive/rakesh/illumifin_poc/Data/root_images/10 (1)/10 (1)_05.jpeg,BEA
10 (1).pdf,10 (1)_06.jpeg,/datadrive/rakesh/illumifin_poc/Data/root_images/10 (1)/10 (1)_06.jpeg,RFR HHC
10 (1).pdf,10 (1)_07.jpeg,/datadrive/rakesh/illumifin_poc/Data/root_images/10 (1)/10 (1)_07.jpeg,Plan of Care (POC)
10 (1).pdf,10 (1)_08.jpeg,/datadrive/rakesh/illumifin_poc/Data/root_images/10 (1)/10 (1)_08.jpeg,Plan of Care (POC)
10 (1).pdf,10 (1)_09.jpeg,/datadrive/rakesh/illumifin_poc/Data/root_images/10 (1)/10 (1)_09.jpeg,Plan of Care (POC)
10 (1).pdf,10 (1)_10.jpeg,/datadrive/rakesh/illumifin_poc/Data/root_images/10 (1)/10 (1)_10.jpeg,Plan of Care (POC)
10 (1).pdf,10 (1)_11.jpeg,/datadrive/rakesh/illumifin_poc/Data/root_images/10 (1)/10 (1)_11.jpeg,Plan of Care (POC)
10 (1).pdf,10 (1)_12.jpeg,/datadrive/rakesh/illumifin_poc/Data/root_images/10 (1)/10 (1)_12.jpeg,Plan of Care (POC)
10 (1).pdf,10 (1)_13.jpeg,/datadrive/rakesh/illumifin_poc/Data/root_images/10 (1)/10 (1)_13.jpeg,RFR HHC
10 (1).pdf,10 (1)_14.jpeg,/datadrive/rakesh/illumifin_poc/Data/root_images/10 (1)/10 (1)_14.jpeg,RFR HHC
10 (1).pdf,10 (1)_15.jpeg,/datadrive/rakesh/illumifin_poc/Data/root_images/10 (1)/10 (1)_15.jpeg,RFR HHC
10 (1).pdf,10 (1)_16.jpeg,/datadrive/rakesh/illumifin_poc/Data/root_images/10 (1)/10 (1)_16.jpeg,Plan of Care (POC)
52.pdf,52_01.jpeg,/datadrive/rakesh/illumifin_poc/Data/root_images/52/52_01.jpeg,RFR HHC
52.pdf,52_02.jpeg,/datadrive/rakesh/illumifin_poc/Data/root_images/52/52_02.jpeg,RFR Facility
52.pdf,52_03.jpeg,/datadrive/rakesh/illumifin_poc/Data/root_images/52/52_03.jpeg,RFR Facility
52.pdf,52_04.jpeg,/datadrive/rakesh/illumifin_poc/Data/root_images/52/52_04.jpeg,Plan of Care (POC)
52.pdf,52_05.jpeg,/datadrive/rakesh/illumifin_poc/Data/root_images/52/52_05.jpeg,Nursing Assessment
52.pdf,52_06.jpeg,/datadrive/rakesh/illumifin_poc/Data/root_images/52/52_06.jpeg,Nursing Assessment
52.pdf,52_07.jpeg,/datadrive/rakesh/illumifin_poc/Data/root_images/52/52_07.jpeg,Plan of Care (POC)
52.pdf,52_08.jpeg,/datadrive/rakesh/illumifin_poc/Data/root_images/52/52_08.jpeg,Plan of Care (POC)
52.pdf,52_09.jpeg,/datadrive/rakesh/illumifin_poc/Data/root_images/52/52_09.jpeg,Plan of Care (POC)
52.pdf,52_10.jpeg,/datadrive/rakesh/illumifin_poc/Data/root_images/52/52_10.jpeg,CCNA
52.pdf,52_11.jpeg,/datadrive/rakesh/illumifin_poc/Data/root_images/52/52_11.jpeg,CCNA
52.pdf,52_12.jpeg,/datadrive/rakesh/illumifin_poc/Data/root_images/52/52_12.jpeg,Medication Administration Screen Form
52.pdf,52_13.jpeg,/datadrive/rakesh/illumifin_poc/Data/root_images/52/52_13.jpeg,Medication Administration Screen Form
52.pdf,52_14.jpeg,/datadrive/rakesh/illumifin_poc/Data/root_images/52/52_14.jpeg,RFR HHC
52.pdf,52_15.jpeg,/datadrive/rakesh/illumifin_poc/Data/root_images/52/52_15.jpeg,Cognitive Questionnaire MD
52.pdf,52_16.jpeg,/datadrive/rakesh/illumifin_poc/Data/root_images/52/52_16.jpeg,RFR HHC
29.pdf,29_01.jpeg,/datadrive/rakesh/illumifin_poc/Data/root_images/29/29_01.jpeg,Plan of Care (POC)
29.pdf,29_02.jpeg,/datadrive/rakesh/illumifin_poc/Data/root_images/29/29_02.jpeg,Other
29.pdf,29_03.jpeg,/datadrive/rakesh/illumifin_poc/Data/root_images/29/29_03.jpeg,Cognitive Questionnaire MD
29.pdf,29_04.jpeg,/datadrive/rakesh/illumifin_poc/Data/root_images/29/29_04.jpeg,Other
29.pdf,29_05.jpeg,/datadrive/rakesh/illumifin_poc/Data/root_images/29/29_05.jpeg,Cognitive Questionnaire MD
29.pdf,29_06.jpeg,/datadrive/rakesh/illumifin_poc/Data/root_images/29/29_06.jpeg,Other
29.pdf,29_07.jpeg,/datadrive/rakesh/illumifin_poc/Data/root_images/29/29_07.jpeg,MDS
29.pdf,29_08.jpeg,/datadrive/rakesh/illumifin_poc/Data/root_images/29/29_08.jpeg,MDS
29.pdf,29_09.jpeg,/datadrive/rakesh/illumifin_poc/Data/root_images/29/29_09.jpeg,MDS
29.pdf,29_10.jpeg,/datadrive/rakesh/illumifin_poc/Data/root_images/29/29_10.jpeg,MDS
29.pdf,29_11.jpeg,/datadrive/rakesh/illumifin_poc/Data/root_images/29/29_11.jpeg,MDS
29.pdf,29_12.jpeg,/datadrive/rakesh/illumifin_poc/Data/root_images/29/29_12.jpeg,MDS
29.pdf,29_13.jpeg,/datadrive/rakesh/illumifin_poc/Data/root_images/29/29_13.jpeg,MDS
29.pdf,29_14.jpeg,/datadrive/rakesh/illumifin_poc/Data/root_images/29/29_14.jpeg,Plan of Care (POC)
29.pdf,29_15.jpeg,/datadrive/rakesh/illumifin_poc/Data/root_images/29/29_15.jpeg,MDS
29.pdf,29_16.jpeg,/datadrive/rakesh/illumifin_poc/Data/root_images/29/29_16.jpeg,MDS
29.pdf,29_17.jpeg,/datadrive/rakesh/illumifin_poc/Data/root_images/29/29_17.jpeg,MDS
29.pdf,29_18.jpeg,/datadrive/rakesh/illumifin_poc/Data/root_images/29/29_18.jpeg,MDS
29.pdf,29_19.jpeg,/datadrive/rakesh/illumifin_poc/Data/root_images/29/29_19.jpeg,MDS
29.pdf,29_20.jpeg,/datadrive/rakesh/illumifin_poc/Data/root_images/29/29_20.jpeg,MDS
29.pdf,29_21.jpeg,/datadrive/rakesh/illumifin_poc/Data/root_images/29/29_21.jpeg,MDS
29.pdf,29_22.jpeg,/datadrive/rakesh/illumifin_poc/Data/root_images/29/29_22.jpeg,RFR HHC
29.pdf,29_23.jpeg,/datadrive/rakesh/illumifin_poc/Data/root_images/29/29_23.jpeg,Plan of Care (POC)
29.pdf,29_24.jpeg,/datadrive/rakesh/illumifin_poc/Data/root_images/29/29_24.jpeg,Plan of Care (POC)
29.pdf,29_25.jpeg,/datadrive/rakesh/illumifin_poc/Data/root_images/29/29_25.jpeg,MDS
29.pdf,29_26.jpeg,/datadrive/rakesh/illumifin_poc/Data/root_images/29/29_26.jpeg,MDS
29.pdf,29_27.jpeg,/datadrive/rakesh/illumifin_poc/Data/root_images/29/29_27.jpeg,MDS
29.pdf,29_28.jpeg,/datadrive/rakesh/illumifin_poc/Data/root_images/29/29_28.jpeg,MDS
29.pdf,29_29.jpeg,/datadrive/rakesh/illumifin_poc/Data/root_images/29/29_29.jpeg,MDS
29.pdf,29_30.jpeg,/datadrive/rakesh/illumifin_poc/Data/root_images/29/29_30.jpeg,MDS
29.pdf,29_31.jpeg,/datadrive/rakesh/illumifin_poc/Data/root_images/29/29_31.jpeg,MDS
29.pdf,29_32.jpeg,/datadrive/rakesh/illumifin_poc/Data/root_images/29/29_32.jpeg,MDS
29.pdf,29_33.jpeg,/datadrive/rakesh/illumifin_poc/Data/root_images/29/29_33.jpeg,MDS
29.pdf,29_34.jpeg,/datadrive/rakesh/illumifin_poc/Data/root_images/29/29_34.jpeg,MDS
29.pdf,29_35.jpeg,/datadrive/rakesh/illumifin_poc/Data/root_images/29/29_35.jpeg,RFR HHC
29.pdf,29_36.jpeg,/datadrive/rakesh/illumifin_poc/Data/root_images/29/29_36.jpeg,Plan of Care (POC)
29.pdf,29_37.jpeg,/datadrive/rakesh/illumifin_poc/Data/root_images/29/29_37.jpeg,Plan of Care (POC)
29.pdf,29_38.jpeg,/datadrive/rakesh/illumifin_poc/Data/root_images/29/29_38.jpeg,MDS
29.pdf,29_39.jpeg,/datadrive/rakesh/illumifin_poc/Data/root_images/29/29_39.jpeg,MDS
29.pdf,29_40.jpeg,/datadrive/rakesh/illumifin_poc/Data/root_images/29/29_40.jpeg,MDS
29.pdf,29_41.jpeg,/datadrive/rakesh/illumifin_poc/Data/root_images/29/29_41.jpeg,MDS
29.pdf,29_42.jpeg,/datadrive/rakesh/illumifin_poc/Data/root_images/29/29_42.jpeg,RFR HHC
29.pdf,29_43.jpeg,/datadrive/rakesh/illumifin_poc/Data/root_images/29/29_43.jpeg,MDS
29.pdf,29_44.jpeg,/datadrive/rakesh/illumifin_poc/Data/root_images/29/29_44.jpeg,RFR HHC
29.pdf,29_45.jpeg,/datadrive/rakesh/illumifin_poc/Data/root_images/29/29_45.jpeg,MDS
29.pdf,29_46.jpeg,/datadrive/rakesh/illumifin_poc/Data/root_images/29/29_46.jpeg,MDS
29.pdf,29_47.jpeg,/datadrive/rakesh/illumifin_poc/Data/root_images/29/29_47.jpeg,RFR HHC
29.pdf,29_48.jpeg,/datadrive/rakesh/illumifin_poc/Data/root_images/29/29_48.jpeg,MDS
29.pdf,29_49.jpeg,/datadrive/rakesh/illumifin_poc/Data/root_images/29/29_49.jpeg,MDS
29.pdf,29_50.jpeg,/datadrive/rakesh/illumifin_poc/Data/root_images/29/29_50.jpeg,MDS
29.pdf,29_51.jpeg,/datadrive/rakesh/illumifin_poc/Data/root_images/29/29_51.jpeg,MDS
29.pdf,29_52.jpeg,/datadrive/rakesh/illumifin_poc/Data/root_images/29/29_52.jpeg,MDS
29.pdf,29_53.jpeg,/datadrive/rakesh/illumifin_poc/Data/root_images/29/29_53.jpeg,MDS
29.pdf,29_54.jpeg,/datadrive/rakesh/illumifin_poc/Data/root_images/29/29_54.jpeg,MDS
29.pdf,29_55.jpeg,/datadrive/rakesh/illumifin_poc/Data/root_images/29/29_55.jpeg,MDS
29.pdf,29_56.jpeg,/datadrive/rakesh/illumifin_poc/Data/root_images/29/29_56.jpeg,MDS
29.pdf,29_57.jpeg,/datadrive/rakesh/illumifin_poc/Data/root_images/29/29_57.jpeg,MDS
29.pdf,29_58.jpeg,/datadrive/rakesh/illumifin_poc/Data/root_images/29/29_58.jpeg,MDS
29.pdf,29_59.jpeg,/datadrive/rakesh/illumifin_poc/Data/root_images/29/29_59.jpeg,MDS
29.pdf,29_60.jpeg,/datadrive/rakesh/illumifin_poc/Data/root_images/29/29_60.jpeg,Plan of Care (POC)
29.pdf,29_61.jpeg,/datadrive/rakesh/illumifin_poc/Data/root_images/29/29_61.jpeg,MDS
29.pdf,29_62.jpeg,/datadrive/rakesh/illumifin_poc/Data/root_images/29/29_62.jpeg,MDS
29.pdf,29_63.jpeg,/datadrive/rakesh/illumifin_poc/Data/root_images/29/29_63.jpeg,RFR Facility
29.pdf,29_64.jpeg,/datadrive/rakesh/illumifin_poc/Data/root_images/29/29_64.jpeg,MDS
29.pdf,29_65.jpeg,/datadrive/rakesh/illumifin_poc/Data/root_images/29/29_65.jpeg,MDS
29.pdf,29_66.jpeg,/datadrive/rakesh/illumifin_poc/Data/root_images/29/29_66.jpeg,Other
29.pdf,29_67.jpeg,/datadrive/rakesh/illumifin_poc/Data/root_images/29/29_67.jpeg,Plan of Care (POC)
29.pdf,29_68.jpeg,/datadrive/rakesh/illumifin_poc/Data/root_images/29/29_68.jpeg,Other
29.pdf,29_69.jpeg,/datadrive/rakesh/illumifin_poc/Data/root_images/29/29_69.jpeg,Medication Administration Records (MAR)
29.pdf,29_70.jpeg,/datadrive/rakesh/illumifin_poc/Data/root_images/29/29_70.jpeg,Other
29.pdf,29_71.jpeg,/datadrive/rakesh/illumifin_poc/Data/root_images/29/29_71.jpeg,Medication Administration Records (MAR)
29.pdf,29_72.jpeg,/datadrive/rakesh/illumifin_poc/Data/root_images/29/29_72.jpeg,Other
29.pdf,29_73.jpeg,/datadrive/rakesh/illumifin_poc/Data/root_images/29/29_73.jpeg,Medication Administration Records (MAR)
29.pdf,29_74.jpeg,/datadrive/rakesh/illumifin_poc/Data/root_images/29/29_74.jpeg,Other
29.pdf,29_75.jpeg,/datadrive/rakesh/illumifin_poc/Data/root_images/29/29_75.jpeg,RFR HHC
29.pdf,29_76.jpeg,/datadrive/rakesh/illumifin_poc/Data/root_images/29/29_76.jpeg,Other
29.pdf,29_77.jpeg,/datadrive/rakesh/illumifin_poc/Data/root_images/29/29_77.jpeg,Medication Administration Records (MAR)
29.pdf,29_78.jpeg,/datadrive/rakesh/illumifin_poc/Data/root_images/29/29_78.jpeg,Other
29.pdf,29_79.jpeg,/datadrive/rakesh/illumifin_poc/Data/root_images/29/29_79.jpeg,Medication Administration Records (MAR)
29.pdf,29_80.jpeg,/datadrive/rakesh/illumifin_poc/Data/root_images/29/29_80.jpeg,Other
29.pdf,29_81.jpeg,/datadrive/rakesh/illumifin_poc/Data/root_images/29/29_81.jpeg,RFR HHC
29.pdf,29_82.jpeg,/datadrive/rakesh/illumifin_poc/Data/root_images/29/29_82.jpeg,Other
29.pdf,29_83.jpeg,/datadrive/rakesh/illumifin_poc/Data/root_images/29/29_83.jpeg,Medication Administration Records (MAR)
29.pdf,29_84.jpeg,/datadrive/rakesh/illumifin_poc/Data/root_images/29/29_84.jpeg,Other
29.pdf,29_85.jpeg,/datadrive/rakesh/illumifin_poc/Data/root_images/29/29_85.jpeg,Medication Administration Records (MAR)
29.pdf,29_86.jpeg,/datadrive/rakesh/illumifin_poc/Data/root_images/29/29_86.jpeg,Other
29.pdf,29_87.jpeg,/datadrive/rakesh/illumifin_poc/Data/root_images/29/29_87.jpeg,RFR HHC
29.pdf,29_88.jpeg,/datadrive/rakesh/illumifin_poc/Data/root_images/29/29_88.jpeg,Other
37.pdf,37_01.jpeg,/datadrive/rakesh/illumifin_poc/Data/root_images/37/37_01.jpeg,Plan of Care (POC)
37.pdf,37_02.jpeg,/datadrive/rakesh/illumifin_poc/Data/root_images/37/37_02.jpeg,MDS
37.pdf,37_03.jpeg,/datadrive/rakesh/illumifin_poc/Data/root_images/37/37_03.jpeg,MDS
37.pdf,37_04.jpeg,/datadrive/rakesh/illumifin_poc/Data/root_images/37/37_04.jpeg,MDS
37.pdf,37_05.jpeg,/datadrive/rakesh/illumifin_poc/Data/root_images/37/37_05.jpeg,MDS
37.pdf,37_06.jpeg,/datadrive/rakesh/illumifin_poc/Data/root_images/37/37_06.jpeg,MDS
37.pdf,37_07.jpeg,/datadrive/rakesh/illumifin_poc/Data/root_images/37/37_07.jpeg,MDS
37.pdf,37_08.jpeg,/datadrive/rakesh/illumifin_poc/Data/root_images/37/37_08.jpeg,MDS
37.pdf,37_09.jpeg,/datadrive/rakesh/illumifin_poc/Data/root_images/37/37_09.jpeg,MDS
37.pdf,37_10.jpeg,/datadrive/rakesh/illumifin_poc/Data/root_images/37/37_10.jpeg,MDS
37.pdf,37_11.jpeg,/datadrive/rakesh/illumifin_poc/Data/root_images/37/37_11.jpeg,MDS
37.pdf,37_12.jpeg,/datadrive/rakesh/illumifin_poc/Data/root_images/37/37_12.jpeg,MDS
37.pdf,37_13.jpeg,/datadrive/rakesh/illumifin_poc/Data/root_images/37/37_13.jpeg,MDS
37.pdf,37_14.jpeg,/datadrive/rakesh/illumifin_poc/Data/root_images/37/37_14.jpeg,MDS
37.pdf,37_15.jpeg,/datadrive/rakesh/illumifin_poc/Data/root_images/37/37_15.jpeg,MDS
37.pdf,37_16.jpeg,/datadrive/rakesh/illumifin_poc/Data/root_images/37/37_16.jpeg,MDS
37.pdf,37_17.jpeg,/datadrive/rakesh/illumifin_poc/Data/root_images/37/37_17.jpeg,MDS
37.pdf,37_18.jpeg,/datadrive/rakesh/illumifin_poc/Data/root_images/37/37_18.jpeg,Plan of Care (POC)
37.pdf,37_19.jpeg,/datadrive/rakesh/illumifin_poc/Data/root_images/37/37_19.jpeg,MDS
37.pdf,37_20.jpeg,/datadrive/rakesh/illumifin_poc/Data/root_images/37/37_20.jpeg,MDS
37.pdf,37_21.jpeg,/datadrive/rakesh/illumifin_poc/Data/root_images/37/37_21.jpeg,MDS
37.pdf,37_22.jpeg,/datadrive/rakesh/illumifin_poc/Data/root_images/37/37_22.jpeg,MDS
37.pdf,37_23.jpeg,/datadrive/rakesh/illumifin_poc/Data/root_images/37/37_23.jpeg,MDS
37.pdf,37_24.jpeg,/datadrive/rakesh/illumifin_poc/Data/root_images/37/37_24.jpeg,MDS
37.pdf,37_25.jpeg,/datadrive/rakesh/illumifin_poc/Data/root_images/37/37_25.jpeg,MDS
37.pdf,37_26.jpeg,/datadrive/rakesh/illumifin_poc/Data/root_images/37/37_26.jpeg,RFR HHC
37.pdf,37_27.jpeg,/datadrive/rakesh/illumifin_poc/Data/root_images/37/37_27.jpeg,Plan of Care (POC)
37.pdf,37_28.jpeg,/datadrive/rakesh/illumifin_poc/Data/root_images/37/37_28.jpeg,Plan of Care (POC)
37.pdf,37_29.jpeg,/datadrive/rakesh/illumifin_poc/Data/root_images/37/37_29.jpeg,MDS
37.pdf,37_30.jpeg,/datadrive/rakesh/illumifin_poc/Data/root_images/37/37_30.jpeg,MDS
37.pdf,37_31.jpeg,/datadrive/rakesh/illumifin_poc/Data/root_images/37/37_31.jpeg,MDS
37.pdf,37_32.jpeg,/datadrive/rakesh/illumifin_poc/Data/root_images/37/37_32.jpeg,MDS
37.pdf,37_33.jpeg,/datadrive/rakesh/illumifin_poc/Data/root_images/37/37_33.jpeg,MDS
37.pdf,37_34.jpeg,/datadrive/rakesh/illumifin_poc/Data/root_images/37/37_34.jpeg,MDS
37.pdf,37_35.jpeg,/datadrive/rakesh/illumifin_poc/Data/root_images/37/37_35.jpeg,MDS
37.pdf,37_36.jpeg,/datadrive/rakesh/illumifin_poc/Data/root_images/37/37_36.jpeg,MDS
37.pdf,37_37.jpeg,/datadrive/rakesh/illumifin_poc/Data/root_images/37/37_37.jpeg,MDS
37.pdf,37_38.jpeg,/datadrive/rakesh/illumifin_poc/Data/root_images/37/37_38.jpeg,MDS
37.pdf,37_39.jpeg,/datadrive/rakesh/illumifin_poc/Data/root_images/37/37_39.jpeg,Plan of Care (POC)
37.pdf,37_40.jpeg,/datadrive/rakesh/illumifin_poc/Data/root_images/37/37_40.jpeg,Plan of Care (POC)
37.pdf,37_41.jpeg,/datadrive/rakesh/illumifin_poc/Data/root_images/37/37_41.jpeg,Plan of Care (POC)
37.pdf,37_42.jpeg,/datadrive/rakesh/illumifin_poc/Data/root_images/37/37_42.jpeg,MDS
37.pdf,37_43.jpeg,/datadrive/rakesh/illumifin_poc/Data/root_images/37/37_43.jpeg,MDS
37.pdf,37_44.jpeg,/datadrive/rakesh/illumifin_poc/Data/root_images/37/37_44.jpeg,MDS
37.pdf,37_45.jpeg,/datadrive/rakesh/illumifin_poc/Data/root_images/37/37_45.jpeg,MDS
37.pdf,37_46.jpeg,/datadrive/rakesh/illumifin_poc/Data/root_images/37/37_46.jpeg,RFR HHC
37.pdf,37_47.jpeg,/datadrive/rakesh/illumifin_poc/Data/root_images/37/37_47.jpeg,MDS
37.pdf,37_48.jpeg,/datadrive/rakesh/illumifin_poc/Data/root_images/37/37_48.jpeg,RFR HHC
37.pdf,37_49.jpeg,/datadrive/rakesh/illumifin_poc/Data/root_images/37/37_49.jpeg,MDS
37.pdf,37_50.jpeg,/datadrive/rakesh/illumifin_poc/Data/root_images/37/37_50.jpeg,MDS
37.pdf,37_51.jpeg,/datadrive/rakesh/illumifin_poc/Data/root_images/37/37_51.jpeg,Plan of Care (POC)
37.pdf,37_52.jpeg,/datadrive/rakesh/illumifin_poc/Data/root_images/37/37_52.jpeg,MDS
37.pdf,37_53.jpeg,/datadrive/rakesh/illumifin_poc/Data/root_images/37/37_53.jpeg,MDS
37.pdf,37_54.jpeg,/datadrive/rakesh/illumifin_poc/Data/root_images/37/37_54.jpeg,MDS
37.pdf,37_55.jpeg,/datadrive/rakesh/illumifin_poc/Data/root_images/37/37_55.jpeg,MDS
37.pdf,37_56.jpeg,/datadrive/rakesh/illumifin_poc/Data/root_images/37/37_56.jpeg,MDS
37.pdf,37_57.jpeg,/datadrive/rakesh/illumifin_poc/Data/root_images/37/37_57.jpeg,MDS
37.pdf,37_58.jpeg,/datadrive/rakesh/illumifin_poc/Data/root_images/37/37_58.jpeg,MDS
37.pdf,37_59.jpeg,/datadrive/rakesh/illumifin_poc/Data/root_images/37/37_59.jpeg,MDS
37.pdf,37_60.jpeg,/datadrive/rakesh/illumifin_poc/Data/root_images/37/37_60.jpeg,MDS
37.pdf,37_61.jpeg,/datadrive/rakesh/illumifin_poc/Data/root_images/37/37_61.jpeg,MDS
37.pdf,37_62.jpeg,/datadrive/rakesh/illumifin_poc/Data/root_images/37/37_62.jpeg,MDS
37.pdf,37_63.jpeg,/datadrive/rakesh/illumifin_poc/Data/root_images/37/37_63.jpeg,MDS
37.pdf,37_64.jpeg,/datadrive/rakesh/illumifin_poc/Data/root_images/37/37_64.jpeg,Plan of Care (POC)
37.pdf,37_65.jpeg,/datadrive/rakesh/illumifin_poc/Data/root_images/37/37_65.jpeg,MDS
37.pdf,37_66.jpeg,/datadrive/rakesh/illumifin_poc/Data/root_images/37/37_66.jpeg,MDS
37.pdf,37_67.jpeg,/datadrive/rakesh/illumifin_poc/Data/root_images/37/37_67.jpeg,RFR Facility
37.pdf,37_68.jpeg,/datadrive/rakesh/illumifin_poc/Data/root_images/37/37_68.jpeg,MDS
37.pdf,37_69.jpeg,/datadrive/rakesh/illumifin_poc/Data/root_images/37/37_69.jpeg,MDS
37.pdf,37_70.jpeg,/datadrive/rakesh/illumifin_poc/Data/root_images/37/37_70.jpeg,MDS
37.pdf,37_71.jpeg,/datadrive/rakesh/illumifin_poc/Data/root_images/37/37_71.jpeg,MDS
37.pdf,37_72.jpeg,/datadrive/rakesh/illumifin_poc/Data/root_images/37/37_72.jpeg,MDS
37.pdf,37_73.jpeg,/datadrive/rakesh/illumifin_poc/Data/root_images/37/37_73.jpeg,MDS
37.pdf,37_74.jpeg,/datadrive/rakesh/illumifin_poc/Data/root_images/37/37_74.jpeg,MDS
37.pdf,37_75.jpeg,/datadrive/rakesh/illumifin_poc/Data/root_images/37/37_75.jpeg,MDS
37.pdf,37_76.jpeg,/datadrive/rakesh/illumifin_poc/Data/root_images/37/37_76.jpeg,MDS
37.pdf,37_77.jpeg,/datadrive/rakesh/illumifin_poc/Data/root_images/37/37_77.jpeg,MDS
37.pdf,37_78.jpeg,/datadrive/rakesh/illumifin_poc/Data/root_images/37/37_78.jpeg,MDS
54.pdf,54_01.jpeg,/datadrive/rakesh/illumifin_poc/Data/root_images/54/54_01.jpeg,RFR HHC
54.pdf,54_02.jpeg,/datadrive/rakesh/illumifin_poc/Data/root_images/54/54_02.jpeg,RFR Facility
54.pdf,54_03.jpeg,/datadrive/rakesh/illumifin_poc/Data/root_images/54/54_03.jpeg,CCNA
54.pdf,54_04.jpeg,/datadrive/rakesh/illumifin_poc/Data/root_images/54/54_04.jpeg,CCNA
54.pdf,54_05.jpeg,/datadrive/rakesh/illumifin_poc/Data/root_images/54/54_05.jpeg,Medication Administration Screen Form
54.pdf,54_06.jpeg,/datadrive/rakesh/illumifin_poc/Data/root_images/54/54_06.jpeg,Medication Administration Screen Form
54.pdf,54_07.jpeg,/datadrive/rakesh/illumifin_poc/Data/root_images/54/54_07.jpeg,Cognitive Questionnaire MD
54.pdf,54_08.jpeg,/datadrive/rakesh/illumifin_poc/Data/root_images/54/54_08.jpeg,Plan of Care (POC)
54.pdf,54_09.jpeg,/datadrive/rakesh/illumifin_poc/Data/root_images/54/54_09.jpeg,Plan of Care (POC)
54.pdf,54_10.jpeg,/datadrive/rakesh/illumifin_poc/Data/root_images/54/54_10.jpeg,Plan of Care (POC)
54.pdf,54_11.jpeg,/datadrive/rakesh/illumifin_poc/Data/root_images/54/54_11.jpeg,RFR Facility
53.pdf,53_01.jpeg,/datadrive/rakesh/illumifin_poc/Data/root_images/53/53_01.jpeg,Plan of Care (POC)
53.pdf,53_02.jpeg,/datadrive/rakesh/illumifin_poc/Data/root_images/53/53_02.jpeg,Cognitive Questionnaire MD
53.pdf,53_03.jpeg,/datadrive/rakesh/illumifin_poc/Data/root_images/53/53_03.jpeg,CCNA
53.pdf,53_04.jpeg,/datadrive/rakesh/illumifin_poc/Data/root_images/53/53_04.jpeg,CCNA
53.pdf,53_05.jpeg,/datadrive/rakesh/illumifin_poc/Data/root_images/53/53_05.jpeg,Medication Administration Screen Form
53.pdf,53_06.jpeg,/datadrive/rakesh/illumifin_poc/Data/root_images/53/53_06.jpeg,Medication Administration Screen Form
53.pdf,53_07.jpeg,/datadrive/rakesh/illumifin_poc/Data/root_images/53/53_07.jpeg,RFR HHC
53.pdf,53_08.jpeg,/datadrive/rakesh/illumifin_poc/Data/root_images/53/53_08.jpeg,Cognitive Questionnaire MD
53.pdf,53_09.jpeg,/datadrive/rakesh/illumifin_poc/Data/root_images/53/53_09.jpeg,Plan of Care (POC)
53.pdf,53_10.jpeg,/datadrive/rakesh/illumifin_poc/Data/root_images/53/53_10.jpeg,Plan of Care (POC)
53.pdf,53_11.jpeg,/datadrive/rakesh/illumifin_poc/Data/root_images/53/53_11.jpeg,Medication Administration Records (MAR)
53.pdf,53_12.jpeg,/datadrive/rakesh/illumifin_poc/Data/root_images/53/53_12.jpeg,RFR HHC
53.pdf,53_13.jpeg,/datadrive/rakesh/illumifin_poc/Data/root_images/53/53_13.jpeg,Plan of Care (POC)
53.pdf,53_14.jpeg,/datadrive/rakesh/illumifin_poc/Data/root_images/53/53_14.jpeg,Medication Administration Records (MAR)
53.pdf,53_15.jpeg,/datadrive/rakesh/illumifin_poc/Data/root_images/53/53_15.jpeg,Medication Administration Records (MAR)
53.pdf,53_16.jpeg,/datadrive/rakesh/illumifin_poc/Data/root_images/53/53_16.jpeg,Medication Administration Records (MAR)
53.pdf,53_17.jpeg,/datadrive/rakesh/illumifin_poc/Data/root_images/53/53_17.jpeg,Medication Administration Records (MAR)
33.pdf,33_01.jpeg,/datadrive/rakesh/illumifin_poc/Data/root_images/33/33_01.jpeg,Plan of Care (POC)
33.pdf,33_02.jpeg,/datadrive/rakesh/illumifin_poc/Data/root_images/33/33_02.jpeg,Cognitive Questionnaire MD
33.pdf,33_03.jpeg,/datadrive/rakesh/illumifin_poc/Data/root_images/33/33_03.jpeg,Cognitive Questionnaire MD
33.pdf,33_04.jpeg,/datadrive/rakesh/illumifin_poc/Data/root_images/33/33_04.jpeg,MDS
33.pdf,33_05.jpeg,/datadrive/rakesh/illumifin_poc/Data/root_images/33/33_05.jpeg,MDS
33.pdf,33_06.jpeg,/datadrive/rakesh/illumifin_poc/Data/root_images/33/33_06.jpeg,MDS
33.pdf,33_07.jpeg,/datadrive/rakesh/illumifin_poc/Data/root_images/33/33_07.jpeg,MDS
33.pdf,33_08.jpeg,/datadrive/rakesh/illumifin_poc/Data/root_images/33/33_08.jpeg,MDS
33.pdf,33_09.jpeg,/datadrive/rakesh/illumifin_poc/Data/root_images/33/33_09.jpeg,MDS
33.pdf,33_10.jpeg,/datadrive/rakesh/illumifin_poc/Data/root_images/33/33_10.jpeg,MDS
33.pdf,33_11.jpeg,/datadrive/rakesh/illumifin_poc/Data/root_images/33/33_11.jpeg,Plan of Care (POC)
33.pdf,33_12.jpeg,/datadrive/rakesh/illumifin_poc/Data/root_images/33/33_12.jpeg,MDS
33.pdf,33_13.jpeg,/datadrive/rakesh/illumifin_poc/Data/root_images/33/33_13.jpeg,MDS
33.pdf,33_14.jpeg,/datadrive/rakesh/illumifin_poc/Data/root_images/33/33_14.jpeg,MDS
33.pdf,33_15.jpeg,/datadrive/rakesh/illumifin_poc/Data/root_images/33/33_15.jpeg,MDS
33.pdf,33_16.jpeg,/datadrive/rakesh/illumifin_poc/Data/root_images/33/33_16.jpeg,MDS
33.pdf,33_17.jpeg,/datadrive/rakesh/illumifin_poc/Data/root_images/33/33_17.jpeg,MDS
33.pdf,33_18.jpeg,/datadrive/rakesh/illumifin_poc/Data/root_images/33/33_18.jpeg,MDS
33.pdf,33_19.jpeg,/datadrive/rakesh/illumifin_poc/Data/root_images/33/33_19.jpeg,RFR HHC
33.pdf,33_20.jpeg,/datadrive/rakesh/illumifin_poc/Data/root_images/33/33_20.jpeg,Plan of Care (POC)
33.pdf,33_21.jpeg,/datadrive/rakesh/illumifin_poc/Data/root_images/33/33_21.jpeg,Plan of Care (POC)
33.pdf,33_22.jpeg,/datadrive/rakesh/illumifin_poc/Data/root_images/33/33_22.jpeg,MDS
33.pdf,33_23.jpeg,/datadrive/rakesh/illumifin_poc/Data/root_images/33/33_23.jpeg,MDS
33.pdf,33_24.jpeg,/datadrive/rakesh/illumifin_poc/Data/root_images/33/33_24.jpeg,MDS
33.pdf,33_25.jpeg,/datadrive/rakesh/illumifin_poc/Data/root_images/33/33_25.jpeg,MDS
33.pdf,33_26.jpeg,/datadrive/rakesh/illumifin_poc/Data/root_images/33/33_26.jpeg,MDS
33.pdf,33_27.jpeg,/datadrive/rakesh/illumifin_poc/Data/root_images/33/33_27.jpeg,MDS
33.pdf,33_28.jpeg,/datadrive/rakesh/illumifin_poc/Data/root_images/33/33_28.jpeg,MDS
33.pdf,33_29.jpeg,/datadrive/rakesh/illumifin_poc/Data/root_images/33/33_29.jpeg,MDS
33.pdf,33_30.jpeg,/datadrive/rakesh/illumifin_poc/Data/root_images/33/33_30.jpeg,MDS
33.pdf,33_31.jpeg,/datadrive/rakesh/illumifin_poc/Data/root_images/33/33_31.jpeg,MDS
33.pdf,33_32.jpeg,/datadrive/rakesh/illumifin_poc/Data/root_images/33/33_32.jpeg,RFR HHC
33.pdf,33_33.jpeg,/datadrive/rakesh/illumifin_poc/Data/root_images/33/33_33.jpeg,Plan of Care (POC)
33.pdf,33_34.jpeg,/datadrive/rakesh/illumifin_poc/Data/root_images/33/33_34.jpeg,Plan of Care (POC)
33.pdf,33_35.jpeg,/datadrive/rakesh/illumifin_poc/Data/root_images/33/33_35.jpeg,MDS
33.pdf,33_36.jpeg,/datadrive/rakesh/illumifin_poc/Data/root_images/33/33_36.jpeg,MDS
33.pdf,33_37.jpeg,/datadrive/rakesh/illumifin_poc/Data/root_images/33/33_37.jpeg,MDS
33.pdf,33_38.jpeg,/datadrive/rakesh/illumifin_poc/Data/root_images/33/33_38.jpeg,RFR HHC
33.pdf,33_39.jpeg,/datadrive/rakesh/illumifin_poc/Data/root_images/33/33_39.jpeg,MDS
33.pdf,33_40.jpeg,/datadrive/rakesh/illumifin_poc/Data/root_images/33/33_40.jpeg,RFR HHC
33.pdf,33_41.jpeg,/datadrive/rakesh/illumifin_poc/Data/root_images/33/33_41.jpeg,MDS
33.pdf,33_42.jpeg,/datadrive/rakesh/illumifin_poc/Data/root_images/33/33_42.jpeg,MDS
33.pdf,33_43.jpeg,/datadrive/rakesh/illumifin_poc/Data/root_images/33/33_43.jpeg,RFR HHC
33.pdf,33_44.jpeg,/datadrive/rakesh/illumifin_poc/Data/root_images/33/33_44.jpeg,MDS
33.pdf,33_45.jpeg,/datadrive/rakesh/illumifin_poc/Data/root_images/33/33_45.jpeg,MDS
33.pdf,33_46.jpeg,/datadrive/rakesh/illumifin_poc/Data/root_images/33/33_46.jpeg,MDS
33.pdf,33_47.jpeg,/datadrive/rakesh/illumifin_poc/Data/root_images/33/33_47.jpeg,MDS
33.pdf,33_48.jpeg,/datadrive/rakesh/illumifin_poc/Data/root_images/33/33_48.jpeg,MDS
33.pdf,33_49.jpeg,/datadrive/rakesh/illumifin_poc/Data/root_images/33/33_49.jpeg,MDS
33.pdf,33_50.jpeg,/datadrive/rakesh/illumifin_poc/Data/root_images/33/33_50.jpeg,MDS
33.pdf,33_51.jpeg,/datadrive/rakesh/illumifin_poc/Data/root_images/33/33_51.jpeg,MDS
33.pdf,33_52.jpeg,/datadrive/rakesh/illumifin_poc/Data/root_images/33/33_52.jpeg,MDS
33.pdf,33_53.jpeg,/datadrive/rakesh/illumifin_poc/Data/root_images/33/33_53.jpeg,MDS
33.pdf,33_54.jpeg,/datadrive/rakesh/illumifin_poc/Data/root_images/33/33_54.jpeg,MDS
33.pdf,33_55.jpeg,/datadrive/rakesh/illumifin_poc/Data/root_images/33/33_55.jpeg,MDS
33.pdf,33_56.jpeg,/datadrive/rakesh/illumifin_poc/Data/root_images/33/33_56.jpeg,Plan of Care (POC)
33.pdf,33_57.jpeg,/datadrive/rakesh/illumifin_poc/Data/root_images/33/33_57.jpeg,MDS
33.pdf,33_58.jpeg,/datadrive/rakesh/illumifin_poc/Data/root_images/33/33_58.jpeg,MDS
33.pdf,33_59.jpeg,/datadrive/rakesh/illumifin_poc/Data/root_images/33/33_59.jpeg,RFR Facility
33.pdf,33_60.jpeg,/datadrive/rakesh/illumifin_poc/Data/root_images/33/33_60.jpeg,MDS
33.pdf,33_61.jpeg,/datadrive/rakesh/illumifin_poc/Data/root_images/33/33_61.jpeg,MDS
33.pdf,33_62.jpeg,/datadrive/rakesh/illumifin_poc/Data/root_images/33/33_62.jpeg,Plan of Care (POC)
33.pdf,33_63.jpeg,/datadrive/rakesh/illumifin_poc/Data/root_images/33/33_63.jpeg,MDS
33.pdf,33_64.jpeg,/datadrive/rakesh/illumifin_poc/Data/root_images/33/33_64.jpeg,MDS
33.pdf,33_65.jpeg,/datadrive/rakesh/illumifin_poc/Data/root_images/33/33_65.jpeg,MDS
33.pdf,33_66.jpeg,/datadrive/rakesh/illumifin_poc/Data/root_images/33/33_66.jpeg,MDS
33.pdf,33_67.jpeg,/datadrive/rakesh/illumifin_poc/Data/root_images/33/33_67.jpeg,MDS
33.pdf,33_68.jpeg,/datadrive/rakesh/illumifin_poc/Data/root_images/33/33_68.jpeg,MDS
33.pdf,33_69.jpeg,/datadrive/rakesh/illumifin_poc/Data/root_images/33/33_69.jpeg,MDS
33.pdf,33_70.jpeg,/datadrive/rakesh/illumifin_poc/Data/root_images/33/33_70.jpeg,MDS
33.pdf,33_71.jpeg,/datadrive/rakesh/illumifin_poc/Data/root_images/33/33_71.jpeg,Plan of Care (POC)
33.pdf,33_72.jpeg,/datadrive/rakesh/illumifin_poc/Data/root_images/33/33_72.jpeg,MDS
33.pdf,33_73.jpeg,/datadrive/rakesh/illumifin_poc/Data/root_images/33/33_73.jpeg,MDS
33.pdf,33_74.jpeg,/datadrive/rakesh/illumifin_poc/Data/root_images/33/33_74.jpeg,MDS
33.pdf,33_75.jpeg,/datadrive/rakesh/illumifin_poc/Data/root_images/33/33_75.jpeg,MDS
33.pdf,33_76.jpeg,/datadrive/rakesh/illumifin_poc/Data/root_images/33/33_76.jpeg,MDS
33.pdf,33_77.jpeg,/datadrive/rakesh/illumifin_poc/Data/root_images/33/33_77.jpeg,Plan of Care (POC)
33.pdf,33_78.jpeg,/datadrive/rakesh/illumifin_poc/Data/root_images/33/33_78.jpeg,MDS
33.pdf,33_79.jpeg,/datadrive/rakesh/illumifin_poc/Data/root_images/33/33_79.jpeg,MDS
33.pdf,33_80.jpeg,/datadrive/rakesh/illumifin_poc/Data/root_images/33/33_80.jpeg,MDS
33.pdf,33_81.jpeg,/datadrive/rakesh/illumifin_poc/Data/root_images/33/33_81.jpeg,MDS
33.pdf,33_82.jpeg,/datadrive/rakesh/illumifin_poc/Data/root_images/33/33_82.jpeg,MDS
33.pdf,33_83.jpeg,/datadrive/rakesh/illumifin_poc/Data/root_images/33/33_83.jpeg,MDS
33.pdf,33_84.jpeg,/datadrive/rakesh/illumifin_poc/Data/root_images/33/33_84.jpeg,MDS
33.pdf,33_85.jpeg,/datadrive/rakesh/illumifin_poc/Data/root_images/33/33_85.jpeg,MDS
33.pdf,33_86.jpeg,/datadrive/rakesh/illumifin_poc/Data/root_images/33/33_86.jpeg,MDS
33.pdf,33_87.jpeg,/datadrive/rakesh/illumifin_poc/Data/root_images/33/33_87.jpeg,MDS
33.pdf,33_88.jpeg,/datadrive/rakesh/illumifin_poc/Data/root_images/33/33_88.jpeg,Plan of Care (POC)
33.pdf,33_89.jpeg,/datadrive/rakesh/illumifin_poc/Data/root_images/33/33_89.jpeg,Plan of Care (POC)
33.pdf,33_90.jpeg,/datadrive/rakesh/illumifin_poc/Data/root_images/33/33_90.jpeg,Plan of Care (POC)
33.pdf,33_91.jpeg,/datadrive/rakesh/illumifin_poc/Data/root_images/33/33_91.jpeg,MDS
33.pdf,33_92.jpeg,/datadrive/rakesh/illumifin_poc/Data/root_images/33/33_92.jpeg,MDS
33.pdf,33_93.jpeg,/datadrive/rakesh/illumifin_poc/Data/root_images/33/33_93.jpeg,MDS
33.pdf,33_94.jpeg,/datadrive/rakesh/illumifin_poc/Data/root_images/33/33_94.jpeg,MDS
33.pdf,33_95.jpeg,/datadrive/rakesh/illumifin_poc/Data/root_images/33/33_95.jpeg,RFR HHC
33.pdf,33_96.jpeg,/datadrive/rakesh/illumifin_poc/Data/root_images/33/33_96.jpeg,MDS
33.pdf,33_97.jpeg,/datadrive/rakesh/illumifin_poc/Data/root_images/33/33_97.jpeg,MDS
33.pdf,33_98.jpeg,/datadrive/rakesh/illumifin_poc/Data/root_images/33/33_98.jpeg,MDS
33.pdf,33_99.jpeg,/datadrive/rakesh/illumifin_poc/Data/root_images/33/33_99.jpeg,RFR HHC
33.pdf,33_100.jpeg,/datadrive/rakesh/illumifin_poc/Data/root_images/33/33_100.jpeg,MDS
33.pdf,33_101.jpeg,/datadrive/rakesh/illumifin_poc/Data/root_images/33/33_101.jpeg,MDS
33.pdf,33_102.jpeg,/datadrive/rakesh/illumifin_poc/Data/root_images/33/33_102.jpeg,MDS
33.pdf,33_103.jpeg,/datadrive/rakesh/illumifin_poc/Data/root_images/33/33_103.jpeg,MDS
33.pdf,33_104.jpeg,/datadrive/rakesh/illumifin_poc/Data/root_images/33/33_104.jpeg,MDS
33.pdf,33_105.jpeg,/datadrive/rakesh/illumifin_poc/Data/root_images/33/33_105.jpeg,MDS
33.pdf,33_106.jpeg,/datadrive/rakesh/illumifin_poc/Data/root_images/33/33_106.jpeg,MDS
33.pdf,33_107.jpeg,/datadrive/rakesh/illumifin_poc/Data/root_images/33/33_107.jpeg,MDS
33.pdf,33_108.jpeg,/datadrive/rakesh/illumifin_poc/Data/root_images/33/33_108.jpeg,MDS
33.pdf,33_109.jpeg,/datadrive/rakesh/illumifin_poc/Data/root_images/33/33_109.jpeg,MDS
33.pdf,33_110.jpeg,/datadrive/rakesh/illumifin_poc/Data/root_images/33/33_110.jpeg,MDS
33.pdf,33_111.jpeg,/datadrive/rakesh/illumifin_poc/Data/root_images/33/33_111.jpeg,MDS
33.pdf,33_112.jpeg,/datadrive/rakesh/illumifin_poc/Data/root_images/33/33_112.jpeg,RFR Facility
33.pdf,33_113.jpeg,/datadrive/rakesh/illumifin_poc/Data/root_images/33/33_113.jpeg,MDS
33.pdf,33_114.jpeg,/datadrive/rakesh/illumifin_poc/Data/root_images/33/33_114.jpeg,Plan of Care (POC)
33.pdf,33_115.jpeg,/datadrive/rakesh/illumifin_poc/Data/root_images/33/33_115.jpeg,Plan of Care (POC)
33.pdf,33_116.jpeg,/datadrive/rakesh/illumifin_poc/Data/root_images/33/33_116.jpeg,Plan of Care (POC)
33.pdf,33_117.jpeg,/datadrive/rakesh/illumifin_poc/Data/root_images/33/33_117.jpeg,Medication Administration Records (MAR)
33.pdf,33_118.jpeg,/datadrive/rakesh/illumifin_poc/Data/root_images/33/33_118.jpeg,Medication Administration Records (MAR)
33.pdf,33_119.jpeg,/datadrive/rakesh/illumifin_poc/Data/root_images/33/33_119.jpeg,Medication Administration Records (MAR)
33.pdf,33_120.jpeg,/datadrive/rakesh/illumifin_poc/Data/root_images/33/33_120.jpeg,Medication Administration Records (MAR)
33.pdf,33_121.jpeg,/datadrive/rakesh/illumifin_poc/Data/root_images/33/33_121.jpeg,Medication Administration Records (MAR)
33.pdf,33_122.jpeg,/datadrive/rakesh/illumifin_poc/Data/root_images/33/33_122.jpeg,Medication Administration Records (MAR)
33.pdf,33_123.jpeg,/datadrive/rakesh/illumifin_poc/Data/root_images/33/33_123.jpeg,Medication Administration Records (MAR)
33.pdf,33_124.jpeg,/datadrive/rakesh/illumifin_poc/Data/root_images/33/33_124.jpeg,Medication Administration Records (MAR)
33.pdf,33_125.jpeg,/datadrive/rakesh/illumifin_poc/Data/root_images/33/33_125.jpeg,Medication Administration Records (MAR)
33.pdf,33_126.jpeg,/datadrive/rakesh/illumifin_poc/Data/root_images/33/33_126.jpeg,Medication Administration Records (MAR)
33.pdf,33_127.jpeg,/datadrive/rakesh/illumifin_poc/Data/root_images/33/33_127.jpeg,Medication Administration Records (MAR)
33.pdf,33_128.jpeg,/datadrive/rakesh/illumifin_poc/Data/root_images/33/33_128.jpeg,Medication Administration Records (MAR)
33.pdf,33_129.jpeg,/datadrive/rakesh/illumifin_poc/Data/root_images/33/33_129.jpeg,Medication Administration Records (MAR)
33.pdf,33_130.jpeg,/datadrive/rakesh/illumifin_poc/Data/root_images/33/33_130.jpeg,Medication Administration Records (MAR)
33.pdf,33_131.jpeg,/datadrive/rakesh/illumifin_poc/Data/root_images/33/33_131.jpeg,Medication Administration Records (MAR)
33.pdf,33_132.jpeg,/datadrive/rakesh/illumifin_poc/Data/root_images/33/33_132.jpeg,Medication Administration Records (MAR)
33.pdf,33_133.jpeg,/datadrive/rakesh/illumifin_poc/Data/root_images/33/33_133.jpeg,Medication Administration Records (MAR)
08 (1).pdf,08 (1)_01.jpeg,/datadrive/rakesh/illumifin_poc/Data/root_images/08 (1)/08 (1)_01.jpeg,RFR Facility
08 (1).pdf,08 (1)_02.jpeg,/datadrive/rakesh/illumifin_poc/Data/root_images/08 (1)/08 (1)_02.jpeg,RFR Facility
08 (1).pdf,08 (1)_03.jpeg,/datadrive/rakesh/illumifin_poc/Data/root_images/08 (1)/08 (1)_03.jpeg,RFR Facility
08 (1).pdf,08 (1)_04.jpeg,/datadrive/rakesh/illumifin_poc/Data/root_images/08 (1)/08 (1)_04.jpeg,CCNA
08 (1).pdf,08 (1)_05.jpeg,/datadrive/rakesh/illumifin_poc/Data/root_images/08 (1)/08 (1)_05.jpeg,CCNA
08 (1).pdf,08 (1)_06.jpeg,/datadrive/rakesh/illumifin_poc/Data/root_images/08 (1)/08 (1)_06.jpeg,Plan of Care (POC)
08 (1).pdf,08 (1)_07.jpeg,/datadrive/rakesh/illumifin_poc/Data/root_images/08 (1)/08 (1)_07.jpeg,Plan of Care (POC)
08 (1).pdf,08 (1)_08.jpeg,/datadrive/rakesh/illumifin_poc/Data/root_images/08 (1)/08 (1)_08.jpeg,Plan of Care (POC)
08 (1).pdf,08 (1)_09.jpeg,/datadrive/rakesh/illumifin_poc/Data/root_images/08 (1)/08 (1)_09.jpeg,Plan of Care (POC)
08 (1).pdf,08 (1)_10.jpeg,/datadrive/rakesh/illumifin_poc/Data/root_images/08 (1)/08 (1)_10.jpeg,Plan of Care (POC)
08 (1).pdf,08 (1)_11.jpeg,/datadrive/rakesh/illumifin_poc/Data/root_images/08 (1)/08 (1)_11.jpeg,RFR HHC
08 (1).pdf,08 (1)_12.jpeg,/datadrive/rakesh/illumifin_poc/Data/root_images/08 (1)/08 (1)_12.jpeg,Medication Administration Screen Form
08 (1).pdf,08 (1)_13.jpeg,/datadrive/rakesh/illumifin_poc/Data/root_images/08 (1)/08 (1)_13.jpeg,Medication Administration Screen Form
08 (1).pdf,08 (1)_14.jpeg,/datadrive/rakesh/illumifin_poc/Data/root_images/08 (1)/08 (1)_14.jpeg,RFR HHC
08 (1).pdf,08 (1)_15.jpeg,/datadrive/rakesh/illumifin_poc/Data/root_images/08 (1)/08 (1)_15.jpeg,Plan of Care (POC)
08 (1).pdf,08 (1)_16.jpeg,/datadrive/rakesh/illumifin_poc/Data/root_images/08 (1)/08 (1)_16.jpeg,RFR HHC
08 (1).pdf,08 (1)_17.jpeg,/datadrive/rakesh/illumifin_poc/Data/root_images/08 (1)/08 (1)_17.jpeg,RFR HHC
08 (1).pdf,08 (1)_18.jpeg,/datadrive/rakesh/illumifin_poc/Data/root_images/08 (1)/08 (1)_18.jpeg,Plan of Care (POC)
08 (1).pdf,08 (1)_19.jpeg,/datadrive/rakesh/illumifin_poc/Data/root_images/08 (1)/08 (1)_19.jpeg,Plan of Care (POC)
08 (1).pdf,08 (1)_20.jpeg,/datadrive/rakesh/illumifin_poc/Data/root_images/08 (1)/08 (1)_20.jpeg,RFR HHC
08 (1).pdf,08 (1)_21.jpeg,/datadrive/rakesh/illumifin_poc/Data/root_images/08 (1)/08 (1)_21.jpeg,Plan of Care (POC)
08 (1).pdf,08 (1)_22.jpeg,/datadrive/rakesh/illumifin_poc/Data/root_images/08 (1)/08 (1)_22.jpeg,RFR HHC
08 (1).pdf,08 (1)_23.jpeg,/datadrive/rakesh/illumifin_poc/Data/root_images/08 (1)/08 (1)_23.jpeg,Plan of Care (POC)
08 (1).pdf,08 (1)_24.jpeg,/datadrive/rakesh/illumifin_poc/Data/root_images/08 (1)/08 (1)_24.jpeg,RFR HHC
08 (1).pdf,08 (1)_25.jpeg,/datadrive/rakesh/illumifin_poc/Data/root_images/08 (1)/08 (1)_25.jpeg,RFR HHC
63.pdf,63_01.jpeg,/datadrive/rakesh/illumifin_poc/Data/root_images/63/63_01.jpeg,RFR HHC
63.pdf,63_02.jpeg,/datadrive/rakesh/illumifin_poc/Data/root_images/63/63_02.jpeg,RFR HHC
63.pdf,63_03.jpeg,/datadrive/rakesh/illumifin_poc/Data/root_images/63/63_03.jpeg,RFR HHC
63.pdf,63_04.jpeg,/datadrive/rakesh/illumifin_poc/Data/root_images/63/63_04.jpeg,RFR HHC
63.pdf,63_05.jpeg,/datadrive/rakesh/illumifin_poc/Data/root_images/63/63_05.jpeg,Plan of Care (POC)
63.pdf,63_06.jpeg,/datadrive/rakesh/illumifin_poc/Data/root_images/63/63_06.jpeg,RFR HHC
63.pdf,63_07.jpeg,/datadrive/rakesh/illumifin_poc/Data/root_images/63/63_07.jpeg,RFR HHC
63.pdf,63_08.jpeg,/datadrive/rakesh/illumifin_poc/Data/root_images/63/63_08.jpeg,Plan of Care (POC)
63.pdf,63_09.jpeg,/datadrive/rakesh/illumifin_poc/Data/root_images/63/63_09.jpeg,Plan of Care (POC)
63.pdf,63_10.jpeg,/datadrive/rakesh/illumifin_poc/Data/root_images/63/63_10.jpeg,RFR HHC
63.pdf,63_11.jpeg,/datadrive/rakesh/illumifin_poc/Data/root_images/63/63_11.jpeg,RFR HHC
63.pdf,63_12.jpeg,/datadrive/rakesh/illumifin_poc/Data/root_images/63/63_12.jpeg,RFR HHC
63.pdf,63_13.jpeg,/datadrive/rakesh/illumifin_poc/Data/root_images/63/63_13.jpeg,RFR HHC
63.pdf,63_14.jpeg,/datadrive/rakesh/illumifin_poc/Data/root_images/63/63_14.jpeg,RFR HHC
63.pdf,63_15.jpeg,/datadrive/rakesh/illumifin_poc/Data/root_images/63/63_15.jpeg,RFR HHC
63.pdf,63_16.jpeg,/datadrive/rakesh/illumifin_poc/Data/root_images/63/63_16.jpeg,RFR HHC
51.pdf,51_01.jpeg,/datadrive/rakesh/illumifin_poc/Data/root_images/51/51_01.jpeg,RFR Facility
51.pdf,51_02.jpeg,/datadrive/rakesh/illumifin_poc/Data/root_images/51/51_02.jpeg,Plan of Care (POC)
51.pdf,51_03.jpeg,/datadrive/rakesh/illumifin_poc/Data/root_images/51/51_03.jpeg,RFR HHC
51.pdf,51_04.jpeg,/datadrive/rakesh/illumifin_poc/Data/root_images/51/51_04.jpeg,Plan of Care (POC)
51.pdf,51_05.jpeg,/datadrive/rakesh/illumifin_poc/Data/root_images/51/51_05.jpeg,BEA
51.pdf,51_06.jpeg,/datadrive/rakesh/illumifin_poc/Data/root_images/51/51_06.jpeg,RFR HHC
51.pdf,51_07.jpeg,/datadrive/rakesh/illumifin_poc/Data/root_images/51/51_07.jpeg,RFR HHC
51.pdf,51_08.jpeg,/datadrive/rakesh/illumifin_poc/Data/root_images/51/51_08.jpeg,RFR HHC
51.pdf,51_09.jpeg,/datadrive/rakesh/illumifin_poc/Data/root_images/51/51_09.jpeg,Plan of Care (POC)
51.pdf,51_10.jpeg,/datadrive/rakesh/illumifin_poc/Data/root_images/51/51_10.jpeg,RFR HHC
51.pdf,51_11.jpeg,/datadrive/rakesh/illumifin_poc/Data/root_images/51/51_11.jpeg,Plan of Care (POC)
51.pdf,51_12.jpeg,/datadrive/rakesh/illumifin_poc/Data/root_images/51/51_12.jpeg,RFR HHC
51.pdf,51_13.jpeg,/datadrive/rakesh/illumifin_poc/Data/root_images/51/51_13.jpeg,Plan of Care (POC)
51.pdf,51_14.jpeg,/datadrive/rakesh/illumifin_poc/Data/root_images/51/51_14.jpeg,Plan of Care (POC)
51.pdf,51_15.jpeg,/datadrive/rakesh/illumifin_poc/Data/root_images/51/51_15.jpeg,Plan of Care (POC)
51.pdf,51_16.jpeg,/datadrive/rakesh/illumifin_poc/Data/root_images/51/51_16.jpeg,RFR HHC
51.pdf,51_17.jpeg,/datadrive/rakesh/illumifin_poc/Data/root_images/51/51_17.jpeg,Plan of Care (POC)
31.pdf,31_01.jpeg,/datadrive/rakesh/illumifin_poc/Data/root_images/31/31_01.jpeg,RFR Facility
31.pdf,31_02.jpeg,/datadrive/rakesh/illumifin_poc/Data/root_images/31/31_02.jpeg,RFR HHC
31.pdf,31_03.jpeg,/datadrive/rakesh/illumifin_poc/Data/root_images/31/31_03.jpeg,Plan of Care (POC)
31.pdf,31_04.jpeg,/datadrive/rakesh/illumifin_poc/Data/root_images/31/31_04.jpeg,RFR HHC
31.pdf,31_05.jpeg,/datadrive/rakesh/illumifin_poc/Data/root_images/31/31_05.jpeg,MDS
31.pdf,31_06.jpeg,/datadrive/rakesh/illumifin_poc/Data/root_images/31/31_06.jpeg,MDS
31.pdf,31_07.jpeg,/datadrive/rakesh/illumifin_poc/Data/root_images/31/31_07.jpeg,MDS
31.pdf,31_08.jpeg,/datadrive/rakesh/illumifin_poc/Data/root_images/31/31_08.jpeg,MDS
31.pdf,31_09.jpeg,/datadrive/rakesh/illumifin_poc/Data/root_images/31/31_09.jpeg,MDS
31.pdf,31_10.jpeg,/datadrive/rakesh/illumifin_poc/Data/root_images/31/31_10.jpeg,MDS
31.pdf,31_11.jpeg,/datadrive/rakesh/illumifin_poc/Data/root_images/31/31_11.jpeg,MDS
31.pdf,31_12.jpeg,/datadrive/rakesh/illumifin_poc/Data/root_images/31/31_12.jpeg,MDS
31.pdf,31_13.jpeg,/datadrive/rakesh/illumifin_poc/Data/root_images/31/31_13.jpeg,MDS
31.pdf,31_14.jpeg,/datadrive/rakesh/illumifin_poc/Data/root_images/31/31_14.jpeg,MDS
31.pdf,31_15.jpeg,/datadrive/rakesh/illumifin_poc/Data/root_images/31/31_15.jpeg,MDS
31.pdf,31_16.jpeg,/datadrive/rakesh/illumifin_poc/Data/root_images/31/31_16.jpeg,MDS
31.pdf,31_17.jpeg,/datadrive/rakesh/illumifin_poc/Data/root_images/31/31_17.jpeg,MDS
31.pdf,31_18.jpeg,/datadrive/rakesh/illumifin_poc/Data/root_images/31/31_18.jpeg,MDS
31.pdf,31_19.jpeg,/datadrive/rakesh/illumifin_poc/Data/root_images/31/31_19.jpeg,MDS
31.pdf,31_20.jpeg,/datadrive/rakesh/illumifin_poc/Data/root_images/31/31_20.jpeg,Plan of Care (POC)
31.pdf,31_21.jpeg,/datadrive/rakesh/illumifin_poc/Data/root_images/31/31_21.jpeg,MDS
31.pdf,31_22.jpeg,/datadrive/rakesh/illumifin_poc/Data/root_images/31/31_22.jpeg,MDS
31.pdf,31_23.jpeg,/datadrive/rakesh/illumifin_poc/Data/root_images/31/31_23.jpeg,MDS
31.pdf,31_24.jpeg,/datadrive/rakesh/illumifin_poc/Data/root_images/31/31_24.jpeg,MDS
31.pdf,31_25.jpeg,/datadrive/rakesh/illumifin_poc/Data/root_images/31/31_25.jpeg,MDS
31.pdf,31_26.jpeg,/datadrive/rakesh/illumifin_poc/Data/root_images/31/31_26.jpeg,MDS
31.pdf,31_27.jpeg,/datadrive/rakesh/illumifin_poc/Data/root_images/31/31_27.jpeg,MDS
31.pdf,31_28.jpeg,/datadrive/rakesh/illumifin_poc/Data/root_images/31/31_28.jpeg,RFR HHC
31.pdf,31_29.jpeg,/datadrive/rakesh/illumifin_poc/Data/root_images/31/31_29.jpeg,Plan of Care (POC)
31.pdf,31_30.jpeg,/datadrive/rakesh/illumifin_poc/Data/root_images/31/31_30.jpeg,Plan of Care (POC)
31.pdf,31_31.jpeg,/datadrive/rakesh/illumifin_poc/Data/root_images/31/31_31.jpeg,MDS
31.pdf,31_32.jpeg,/datadrive/rakesh/illumifin_poc/Data/root_images/31/31_32.jpeg,MDS
31.pdf,31_33.jpeg,/datadrive/rakesh/illumifin_poc/Data/root_images/31/31_33.jpeg,MDS
31.pdf,31_34.jpeg,/datadrive/rakesh/illumifin_poc/Data/root_images/31/31_34.jpeg,MDS
31.pdf,31_35.jpeg,/datadrive/rakesh/illumifin_poc/Data/root_images/31/31_35.jpeg,MDS
31.pdf,31_36.jpeg,/datadrive/rakesh/illumifin_poc/Data/root_images/31/31_36.jpeg,MDS
31.pdf,31_37.jpeg,/datadrive/rakesh/illumifin_poc/Data/root_images/31/31_37.jpeg,MDS
31.pdf,31_38.jpeg,/datadrive/rakesh/illumifin_poc/Data/root_images/31/31_38.jpeg,MDS
31.pdf,31_39.jpeg,/datadrive/rakesh/illumifin_poc/Data/root_images/31/31_39.jpeg,MDS
31.pdf,31_40.jpeg,/datadrive/rakesh/illumifin_poc/Data/root_images/31/31_40.jpeg,MDS
31.pdf,31_41.jpeg,/datadrive/rakesh/illumifin_poc/Data/root_images/31/31_41.jpeg,Plan of Care (POC)
31.pdf,31_42.jpeg,/datadrive/rakesh/illumifin_poc/Data/root_images/31/31_42.jpeg,Plan of Care (POC)
31.pdf,31_43.jpeg,/datadrive/rakesh/illumifin_poc/Data/root_images/31/31_43.jpeg,Plan of Care (POC)
31.pdf,31_44.jpeg,/datadrive/rakesh/illumifin_poc/Data/root_images/31/31_44.jpeg,MDS
31.pdf,31_45.jpeg,/datadrive/rakesh/illumifin_poc/Data/root_images/31/31_45.jpeg,MDS
31.pdf,31_46.jpeg,/datadrive/rakesh/illumifin_poc/Data/root_images/31/31_46.jpeg,MDS
31.pdf,31_47.jpeg,/datadrive/rakesh/illumifin_poc/Data/root_images/31/31_47.jpeg,MDS
31.pdf,31_48.jpeg,/datadrive/rakesh/illumifin_poc/Data/root_images/31/31_48.jpeg,RFR HHC
31.pdf,31_49.jpeg,/datadrive/rakesh/illumifin_poc/Data/root_images/31/31_49.jpeg,MDS
31.pdf,31_50.jpeg,/datadrive/rakesh/illumifin_poc/Data/root_images/31/31_50.jpeg,RFR HHC
31.pdf,31_51.jpeg,/datadrive/rakesh/illumifin_poc/Data/root_images/31/31_51.jpeg,MDS
31.pdf,31_52.jpeg,/datadrive/rakesh/illumifin_poc/Data/root_images/31/31_52.jpeg,MDS
31.pdf,31_53.jpeg,/datadrive/rakesh/illumifin_poc/Data/root_images/31/31_53.jpeg,Plan of Care (POC)
31.pdf,31_54.jpeg,/datadrive/rakesh/illumifin_poc/Data/root_images/31/31_54.jpeg,MDS
31.pdf,31_55.jpeg,/datadrive/rakesh/illumifin_poc/Data/root_images/31/31_55.jpeg,MDS
31.pdf,31_56.jpeg,/datadrive/rakesh/illumifin_poc/Data/root_images/31/31_56.jpeg,MDS
31.pdf,31_57.jpeg,/datadrive/rakesh/illumifin_poc/Data/root_images/31/31_57.jpeg,MDS
31.pdf,31_58.jpeg,/datadrive/rakesh/illumifin_poc/Data/root_images/31/31_58.jpeg,MDS
31.pdf,31_59.jpeg,/datadrive/rakesh/illumifin_poc/Data/root_images/31/31_59.jpeg,MDS
31.pdf,31_60.jpeg,/datadrive/rakesh/illumifin_poc/Data/root_images/31/31_60.jpeg,MDS
31.pdf,31_61.jpeg,/datadrive/rakesh/illumifin_poc/Data/root_images/31/31_61.jpeg,MDS
31.pdf,31_62.jpeg,/datadrive/rakesh/illumifin_poc/Data/root_images/31/31_62.jpeg,RFR HHC
31.pdf,31_63.jpeg,/datadrive/rakesh/illumifin_poc/Data/root_images/31/31_63.jpeg,MDS
31.pdf,31_64.jpeg,/datadrive/rakesh/illumifin_poc/Data/root_images/31/31_64.jpeg,MDS
31.pdf,31_65.jpeg,/datadrive/rakesh/illumifin_poc/Data/root_images/31/31_65.jpeg,MDS
31.pdf,31_66.jpeg,/datadrive/rakesh/illumifin_poc/Data/root_images/31/31_66.jpeg,Plan of Care (POC)
31.pdf,31_67.jpeg,/datadrive/rakesh/illumifin_poc/Data/root_images/31/31_67.jpeg,MDS
31.pdf,31_68.jpeg,/datadrive/rakesh/illumifin_poc/Data/root_images/31/31_68.jpeg,MDS
31.pdf,31_69.jpeg,/datadrive/rakesh/illumifin_poc/Data/root_images/31/31_69.jpeg,RFR Facility
31.pdf,31_70.jpeg,/datadrive/rakesh/illumifin_poc/Data/root_images/31/31_70.jpeg,Plan of Care (POC)
31.pdf,31_71.jpeg,/datadrive/rakesh/illumifin_poc/Data/root_images/31/31_71.jpeg,MDS
31.pdf,31_72.jpeg,/datadrive/rakesh/illumifin_poc/Data/root_images/31/31_72.jpeg,MDS
31.pdf,31_73.jpeg,/datadrive/rakesh/illumifin_poc/Data/root_images/31/31_73.jpeg,MDS
31.pdf,31_74.jpeg,/datadrive/rakesh/illumifin_poc/Data/root_images/31/31_74.jpeg,MDS
31.pdf,31_75.jpeg,/datadrive/rakesh/illumifin_poc/Data/root_images/31/31_75.jpeg,MDS
31.pdf,31_76.jpeg,/datadrive/rakesh/illumifin_poc/Data/root_images/31/31_76.jpeg,MDS
31.pdf,31_77.jpeg,/datadrive/rakesh/illumifin_poc/Data/root_images/31/31_77.jpeg,MDS
31.pdf,31_78.jpeg,/datadrive/rakesh/illumifin_poc/Data/root_images/31/31_78.jpeg,MDS
31.pdf,31_79.jpeg,/datadrive/rakesh/illumifin_poc/Data/root_images/31/31_79.jpeg,MDS
31.pdf,31_80.jpeg,/datadrive/rakesh/illumifin_poc/Data/root_images/31/31_80.jpeg,MDS
31.pdf,31_81.jpeg,/datadrive/rakesh/illumifin_poc/Data/root_images/31/31_81.jpeg,MDS
31.pdf,31_82.jpeg,/datadrive/rakesh/illumifin_poc/Data/root_images/31/31_82.jpeg,MDS
31.pdf,31_83.jpeg,/datadrive/rakesh/illumifin_poc/Data/root_images/31/31_83.jpeg,MDS
31.pdf,31_84.jpeg,/datadrive/rakesh/illumifin_poc/Data/root_images/31/31_84.jpeg,MDS
31.pdf,31_85.jpeg,/datadrive/rakesh/illumifin_poc/Data/root_images/31/31_85.jpeg,MDS
31.pdf,31_86.jpeg,/datadrive/rakesh/illumifin_poc/Data/root_images/31/31_86.jpeg,MDS
31.pdf,31_87.jpeg,/datadrive/rakesh/illumifin_poc/Data/root_images/31/31_87.jpeg,MDS
31.pdf,31_88.jpeg,/datadrive/rakesh/illumifin_poc/Data/root_images/31/31_88.jpeg,MDS
31.pdf,31_89.jpeg,/datadrive/rakesh/illumifin_poc/Data/root_images/31/31_89.jpeg,MDS
31.pdf,31_90.jpeg,/datadrive/rakesh/illumifin_poc/Data/root_images/31/31_90.jpeg,MDS
31.pdf,31_91.jpeg,/datadrive/rakesh/illumifin_poc/Data/root_images/31/31_91.jpeg,MDS
31.pdf,31_92.jpeg,/datadrive/rakesh/illumifin_poc/Data/root_images/31/31_92.jpeg,Plan of Care (POC)
31.pdf,31_93.jpeg,/datadrive/rakesh/illumifin_poc/Data/root_images/31/31_93.jpeg,MDS
31.pdf,31_94.jpeg,/datadrive/rakesh/illumifin_poc/Data/root_images/31/31_94.jpeg,MDS
31.pdf,31_95.jpeg,/datadrive/rakesh/illumifin_poc/Data/root_images/31/31_95.jpeg,MDS
31.pdf,31_96.jpeg,/datadrive/rakesh/illumifin_poc/Data/root_images/31/31_96.jpeg,MDS
31.pdf,31_97.jpeg,/datadrive/rakesh/illumifin_poc/Data/root_images/31/31_97.jpeg,MDS
31.pdf,31_98.jpeg,/datadrive/rakesh/illumifin_poc/Data/root_images/31/31_98.jpeg,MDS
31.pdf,31_99.jpeg,/datadrive/rakesh/illumifin_poc/Data/root_images/31/31_99.jpeg,MDS
31.pdf,31_100.jpeg,/datadrive/rakesh/illumifin_poc/Data/root_images/31/31_100.jpeg,MDS
31.pdf,31_101.jpeg,/datadrive/rakesh/illumifin_poc/Data/root_images/31/31_101.jpeg,MDS
31.pdf,31_102.jpeg,/datadrive/rakesh/illumifin_poc/Data/root_images/31/31_102.jpeg,MDS
31.pdf,31_103.jpeg,/datadrive/rakesh/illumifin_poc/Data/root_images/31/31_103.jpeg,MDS
31.pdf,31_104.jpeg,/datadrive/rakesh/illumifin_poc/Data/root_images/31/31_104.jpeg,MDS
31.pdf,31_105.jpeg,/datadrive/rakesh/illumifin_poc/Data/root_images/31/31_105.jpeg,MDS
31.pdf,31_106.jpeg,/datadrive/rakesh/illumifin_poc/Data/root_images/31/31_106.jpeg,MDS
31.pdf,31_107.jpeg,/datadrive/rakesh/illumifin_poc/Data/root_images/31/31_107.jpeg,MDS
31.pdf,31_108.jpeg,/datadrive/rakesh/illumifin_poc/Data/root_images/31/31_108.jpeg,MDS
31.pdf,31_109.jpeg,/datadrive/rakesh/illumifin_poc/Data/root_images/31/31_109.jpeg,MDS
31.pdf,31_110.jpeg,/datadrive/rakesh/illumifin_poc/Data/root_images/31/31_110.jpeg,MDS
31.pdf,31_111.jpeg,/datadrive/rakesh/illumifin_poc/Data/root_images/31/31_111.jpeg,MDS
31.pdf,31_112.jpeg,/datadrive/rakesh/illumifin_poc/Data/root_images/31/31_112.jpeg,MDS
31.pdf,31_113.jpeg,/datadrive/rakesh/illumifin_poc/Data/root_images/31/31_113.jpeg,MDS
31.pdf,31_114.jpeg,/datadrive/rakesh/illumifin_poc/Data/root_images/31/31_114.jpeg,MDS
31.pdf,31_115.jpeg,/datadrive/rakesh/illumifin_poc/Data/root_images/31/31_115.jpeg,MDS
31.pdf,31_116.jpeg,/datadrive/rakesh/illumifin_poc/Data/root_images/31/31_116.jpeg,MDS
31.pdf,31_117.jpeg,/datadrive/rakesh/illumifin_poc/Data/root_images/31/31_117.jpeg,MDS
31.pdf,31_118.jpeg,/datadrive/rakesh/illumifin_poc/Data/root_images/31/31_118.jpeg,MDS
31.pdf,31_119.jpeg,/datadrive/rakesh/illumifin_poc/Data/root_images/31/31_119.jpeg,MDS
31.pdf,31_120.jpeg,/datadrive/rakesh/illumifin_poc/Data/root_images/31/31_120.jpeg,MDS
31.pdf,31_121.jpeg,/datadrive/rakesh/illumifin_poc/Data/root_images/31/31_121.jpeg,MDS
31.pdf,31_122.jpeg,/datadrive/rakesh/illumifin_poc/Data/root_images/31/31_122.jpeg,RFR HHC
31.pdf,31_123.jpeg,/datadrive/rakesh/illumifin_poc/Data/root_images/31/31_123.jpeg,Plan of Care (POC)
31.pdf,31_124.jpeg,/datadrive/rakesh/illumifin_poc/Data/root_images/31/31_124.jpeg,RFR HHC
31.pdf,31_125.jpeg,/datadrive/rakesh/illumifin_poc/Data/root_images/31/31_125.jpeg,RFR HHC
31.pdf,31_126.jpeg,/datadrive/rakesh/illumifin_poc/Data/root_images/31/31_126.jpeg,MDS
31.pdf,31_127.jpeg,/datadrive/rakesh/illumifin_poc/Data/root_images/31/31_127.jpeg,MDS
60.pdf,60_01.jpeg,/datadrive/rakesh/illumifin_poc/Data/root_images/60/60_01.jpeg,RFR HHC
60.pdf,60_02.jpeg,/datadrive/rakesh/illumifin_poc/Data/root_images/60/60_02.jpeg,RFR HHC
60.pdf,60_03.jpeg,/datadrive/rakesh/illumifin_poc/Data/root_images/60/60_03.jpeg,RFR HHC
60.pdf,60_04.jpeg,/datadrive/rakesh/illumifin_poc/Data/root_images/60/60_04.jpeg,RFR HHC
60.pdf,60_05.jpeg,/datadrive/rakesh/illumifin_poc/Data/root_images/60/60_05.jpeg,RFR Facility
60.pdf,60_06.jpeg,/datadrive/rakesh/illumifin_poc/Data/root_images/60/60_06.jpeg,RFR HHC
60.pdf,60_07.jpeg,/datadrive/rakesh/illumifin_poc/Data/root_images/60/60_07.jpeg,RFR HHC
60.pdf,60_08.jpeg,/datadrive/rakesh/illumifin_poc/Data/root_images/60/60_08.jpeg,RFR HHC
26.pdf,26_01.jpeg,/datadrive/rakesh/illumifin_poc/Data/root_images/26/26_01.jpeg,RFR HHC
26.pdf,26_02.jpeg,/datadrive/rakesh/illumifin_poc/Data/root_images/26/26_02.jpeg,Cognitive Questionnaire MD
26.pdf,26_03.jpeg,/datadrive/rakesh/illumifin_poc/Data/root_images/26/26_03.jpeg,Cognitive Questionnaire MD
26.pdf,26_04.jpeg,/datadrive/rakesh/illumifin_poc/Data/root_images/26/26_04.jpeg,Cognitive Questionnaire MD
26.pdf,26_05.jpeg,/datadrive/rakesh/illumifin_poc/Data/root_images/26/26_05.jpeg,RFR HHC
26.pdf,26_06.jpeg,/datadrive/rakesh/illumifin_poc/Data/root_images/26/26_06.jpeg,Plan of Care (POC)
26.pdf,26_07.jpeg,/datadrive/rakesh/illumifin_poc/Data/root_images/26/26_07.jpeg,Plan of Care (POC)
26.pdf,26_08.jpeg,/datadrive/rakesh/illumifin_poc/Data/root_images/26/26_08.jpeg,Plan of Care (POC)
26.pdf,26_09.jpeg,/datadrive/rakesh/illumifin_poc/Data/root_images/26/26_09.jpeg,Plan of Care (POC)
26.pdf,26_10.jpeg,/datadrive/rakesh/illumifin_poc/Data/root_images/26/26_10.jpeg,RFR HHC
26.pdf,26_11.jpeg,/datadrive/rakesh/illumifin_poc/Data/root_images/26/26_11.jpeg,RFR HHC
26.pdf,26_12.jpeg,/datadrive/rakesh/illumifin_poc/Data/root_images/26/26_12.jpeg,RFR HHC
26.pdf,26_13.jpeg,/datadrive/rakesh/illumifin_poc/Data/root_images/26/26_13.jpeg,RFR HHC
26.pdf,26_14.jpeg,/datadrive/rakesh/illumifin_poc/Data/root_images/26/26_14.jpeg,Plan of Care (POC)
26.pdf,26_15.jpeg,/datadrive/rakesh/illumifin_poc/Data/root_images/26/26_15.jpeg,RFR HHC
26.pdf,26_16.jpeg,/datadrive/rakesh/illumifin_poc/Data/root_images/26/26_16.jpeg,Plan of Care (POC)
26.pdf,26_17.jpeg,/datadrive/rakesh/illumifin_poc/Data/root_images/26/26_17.jpeg,RFR HHC
26.pdf,26_18.jpeg,/datadrive/rakesh/illumifin_poc/Data/root_images/26/26_18.jpeg,RFR HHC
26.pdf,26_19.jpeg,/datadrive/rakesh/illumifin_poc/Data/root_images/26/26_19.jpeg,RFR HHC
26.pdf,26_20.jpeg,/datadrive/rakesh/illumifin_poc/Data/root_images/26/26_20.jpeg,Plan of Care (POC)
02.pdf,02_01.jpeg,/datadrive/rakesh/illumifin_poc/Data/root_images/02/02_01.jpeg,RFR Facility
02.pdf,02_02.jpeg,/datadrive/rakesh/illumifin_poc/Data/root_images/02/02_02.jpeg,RFR Facility
02.pdf,02_03.jpeg,/datadrive/rakesh/illumifin_poc/Data/root_images/02/02_03.jpeg,RFR HHC
02.pdf,02_04.jpeg,/datadrive/rakesh/illumifin_poc/Data/root_images/02/02_04.jpeg,RFR Facility
02.pdf,02_05.jpeg,/datadrive/rakesh/illumifin_poc/Data/root_images/02/02_05.jpeg,RFR HHC
02.pdf,02_06.jpeg,/datadrive/rakesh/illumifin_poc/Data/root_images/02/02_06.jpeg,MDS
02.pdf,02_07.jpeg,/datadrive/rakesh/illumifin_poc/Data/root_images/02/02_07.jpeg,MDS
02.pdf,02_08.jpeg,/datadrive/rakesh/illumifin_poc/Data/root_images/02/02_08.jpeg,MDS
02.pdf,02_09.jpeg,/datadrive/rakesh/illumifin_poc/Data/root_images/02/02_09.jpeg,MDS
02.pdf,02_10.jpeg,/datadrive/rakesh/illumifin_poc/Data/root_images/02/02_10.jpeg,MDS
02.pdf,02_11.jpeg,/datadrive/rakesh/illumifin_poc/Data/root_images/02/02_11.jpeg,MDS
02.pdf,02_12.jpeg,/datadrive/rakesh/illumifin_poc/Data/root_images/02/02_12.jpeg,MDS
02.pdf,02_13.jpeg,/datadrive/rakesh/illumifin_poc/Data/root_images/02/02_13.jpeg,Plan of Care (POC)
02.pdf,02_14.jpeg,/datadrive/rakesh/illumifin_poc/Data/root_images/02/02_14.jpeg,MDS
02.pdf,02_15.jpeg,/datadrive/rakesh/illumifin_poc/Data/root_images/02/02_15.jpeg,MDS
02.pdf,02_16.jpeg,/datadrive/rakesh/illumifin_poc/Data/root_images/02/02_16.jpeg,MDS
02.pdf,02_17.jpeg,/datadrive/rakesh/illumifin_poc/Data/root_images/02/02_17.jpeg,MDS
02.pdf,02_18.jpeg,/datadrive/rakesh/illumifin_poc/Data/root_images/02/02_18.jpeg,MDS
02.pdf,02_19.jpeg,/datadrive/rakesh/illumifin_poc/Data/root_images/02/02_19.jpeg,Plan of Care (POC)
02.pdf,02_20.jpeg,/datadrive/rakesh/illumifin_poc/Data/root_images/02/02_20.jpeg,MDS
02.pdf,02_21.jpeg,/datadrive/rakesh/illumifin_poc/Data/root_images/02/02_21.jpeg,MDS
02.pdf,02_22.jpeg,/datadrive/rakesh/illumifin_poc/Data/root_images/02/02_22.jpeg,MDS
02.pdf,02_23.jpeg,/datadrive/rakesh/illumifin_poc/Data/root_images/02/02_23.jpeg,MDS
02.pdf,02_24.jpeg,/datadrive/rakesh/illumifin_poc/Data/root_images/02/02_24.jpeg,MDS
02.pdf,02_25.jpeg,/datadrive/rakesh/illumifin_poc/Data/root_images/02/02_25.jpeg,MDS
02.pdf,02_26.jpeg,/datadrive/rakesh/illumifin_poc/Data/root_images/02/02_26.jpeg,MDS
02.pdf,02_27.jpeg,/datadrive/rakesh/illumifin_poc/Data/root_images/02/02_27.jpeg,Plan of Care (POC)
02.pdf,02_28.jpeg,/datadrive/rakesh/illumifin_poc/Data/root_images/02/02_28.jpeg,Plan of Care (POC)
02.pdf,02_29.jpeg,/datadrive/rakesh/illumifin_poc/Data/root_images/02/02_29.jpeg,Plan of Care (POC)
02.pdf,02_30.jpeg,/datadrive/rakesh/illumifin_poc/Data/root_images/02/02_30.jpeg,MDS
02.pdf,02_31.jpeg,/datadrive/rakesh/illumifin_poc/Data/root_images/02/02_31.jpeg,MDS
02.pdf,02_32.jpeg,/datadrive/rakesh/illumifin_poc/Data/root_images/02/02_32.jpeg,MDS
02.pdf,02_33.jpeg,/datadrive/rakesh/illumifin_poc/Data/root_images/02/02_33.jpeg,MDS
02.pdf,02_34.jpeg,/datadrive/rakesh/illumifin_poc/Data/root_images/02/02_34.jpeg,RFR HHC
02.pdf,02_35.jpeg,/datadrive/rakesh/illumifin_poc/Data/root_images/02/02_35.jpeg,MDS
02.pdf,02_36.jpeg,/datadrive/rakesh/illumifin_poc/Data/root_images/02/02_36.jpeg,MDS
02.pdf,02_37.jpeg,/datadrive/rakesh/illumifin_poc/Data/root_images/02/02_37.jpeg,MDS
02.pdf,02_38.jpeg,/datadrive/rakesh/illumifin_poc/Data/root_images/02/02_38.jpeg,RFR HHC
02.pdf,02_39.jpeg,/datadrive/rakesh/illumifin_poc/Data/root_images/02/02_39.jpeg,MDS
02.pdf,02_40.jpeg,/datadrive/rakesh/illumifin_poc/Data/root_images/02/02_40.jpeg,Plan of Care (POC)
02.pdf,02_41.jpeg,/datadrive/rakesh/illumifin_poc/Data/root_images/02/02_41.jpeg,MDS
02.pdf,02_42.jpeg,/datadrive/rakesh/illumifin_poc/Data/root_images/02/02_42.jpeg,MDS
02.pdf,02_43.jpeg,/datadrive/rakesh/illumifin_poc/Data/root_images/02/02_43.jpeg,MDS
02.pdf,02_44.jpeg,/datadrive/rakesh/illumifin_poc/Data/root_images/02/02_44.jpeg,MDS
02.pdf,02_45.jpeg,/datadrive/rakesh/illumifin_poc/Data/root_images/02/02_45.jpeg,MDS
02.pdf,02_46.jpeg,/datadrive/rakesh/illumifin_poc/Data/root_images/02/02_46.jpeg,MDS
02.pdf,02_47.jpeg,/datadrive/rakesh/illumifin_poc/Data/root_images/02/02_47.jpeg,MDS
02.pdf,02_48.jpeg,/datadrive/rakesh/illumifin_poc/Data/root_images/02/02_48.jpeg,MDS
02.pdf,02_49.jpeg,/datadrive/rakesh/illumifin_poc/Data/root_images/02/02_49.jpeg,MDS
02.pdf,02_50.jpeg,/datadrive/rakesh/illumifin_poc/Data/root_images/02/02_50.jpeg,MDS
02.pdf,02_51.jpeg,/datadrive/rakesh/illumifin_poc/Data/root_images/02/02_51.jpeg,MDS
02.pdf,02_52.jpeg,/datadrive/rakesh/illumifin_poc/Data/root_images/02/02_52.jpeg,RFR Facility
02.pdf,02_53.jpeg,/datadrive/rakesh/illumifin_poc/Data/root_images/02/02_53.jpeg,MDS
34.pdf,34_01.jpeg,/datadrive/rakesh/illumifin_poc/Data/root_images/34/34_01.jpeg,RFR HHC
34.pdf,34_02.jpeg,/datadrive/rakesh/illumifin_poc/Data/root_images/34/34_02.jpeg,RFR HHC
34.pdf,34_03.jpeg,/datadrive/rakesh/illumifin_poc/Data/root_images/34/34_03.jpeg,Plan of Care (POC)
34.pdf,34_04.jpeg,/datadrive/rakesh/illumifin_poc/Data/root_images/34/34_04.jpeg,Cognitive Questionnaire MD
34.pdf,34_05.jpeg,/datadrive/rakesh/illumifin_poc/Data/root_images/34/34_05.jpeg,Cognitive Questionnaire MD
34.pdf,34_06.jpeg,/datadrive/rakesh/illumifin_poc/Data/root_images/34/34_06.jpeg,MDS
34.pdf,34_07.jpeg,/datadrive/rakesh/illumifin_poc/Data/root_images/34/34_07.jpeg,MDS
34.pdf,34_08.jpeg,/datadrive/rakesh/illumifin_poc/Data/root_images/34/34_08.jpeg,MDS
34.pdf,34_09.jpeg,/datadrive/rakesh/illumifin_poc/Data/root_images/34/34_09.jpeg,MDS
34.pdf,34_10.jpeg,/datadrive/rakesh/illumifin_poc/Data/root_images/34/34_10.jpeg,MDS
34.pdf,34_11.jpeg,/datadrive/rakesh/illumifin_poc/Data/root_images/34/34_11.jpeg,MDS
34.pdf,34_12.jpeg,/datadrive/rakesh/illumifin_poc/Data/root_images/34/34_12.jpeg,MDS
34.pdf,34_13.jpeg,/datadrive/rakesh/illumifin_poc/Data/root_images/34/34_13.jpeg,Plan of Care (POC)
34.pdf,34_14.jpeg,/datadrive/rakesh/illumifin_poc/Data/root_images/34/34_14.jpeg,MDS
34.pdf,34_15.jpeg,/datadrive/rakesh/illumifin_poc/Data/root_images/34/34_15.jpeg,RFR HHC
34.pdf,34_16.jpeg,/datadrive/rakesh/illumifin_poc/Data/root_images/34/34_16.jpeg,MDS
34.pdf,34_17.jpeg,/datadrive/rakesh/illumifin_poc/Data/root_images/34/34_17.jpeg,MDS
34.pdf,34_18.jpeg,/datadrive/rakesh/illumifin_poc/Data/root_images/34/34_18.jpeg,MDS
34.pdf,34_19.jpeg,/datadrive/rakesh/illumifin_poc/Data/root_images/34/34_19.jpeg,MDS
34.pdf,34_20.jpeg,/datadrive/rakesh/illumifin_poc/Data/root_images/34/34_20.jpeg,MDS
34.pdf,34_21.jpeg,/datadrive/rakesh/illumifin_poc/Data/root_images/34/34_21.jpeg,RFR HHC
34.pdf,34_22.jpeg,/datadrive/rakesh/illumifin_poc/Data/root_images/34/34_22.jpeg,Plan of Care (POC)
34.pdf,34_23.jpeg,/datadrive/rakesh/illumifin_poc/Data/root_images/34/34_23.jpeg,Plan of Care (POC)
34.pdf,34_24.jpeg,/datadrive/rakesh/illumifin_poc/Data/root_images/34/34_24.jpeg,MDS
34.pdf,34_25.jpeg,/datadrive/rakesh/illumifin_poc/Data/root_images/34/34_25.jpeg,MDS
34.pdf,34_26.jpeg,/datadrive/rakesh/illumifin_poc/Data/root_images/34/34_26.jpeg,MDS
34.pdf,34_27.jpeg,/datadrive/rakesh/illumifin_poc/Data/root_images/34/34_27.jpeg,MDS
34.pdf,34_28.jpeg,/datadrive/rakesh/illumifin_poc/Data/root_images/34/34_28.jpeg,MDS
34.pdf,34_29.jpeg,/datadrive/rakesh/illumifin_poc/Data/root_images/34/34_29.jpeg,MDS
34.pdf,34_30.jpeg,/datadrive/rakesh/illumifin_poc/Data/root_images/34/34_30.jpeg,MDS
34.pdf,34_31.jpeg,/datadrive/rakesh/illumifin_poc/Data/root_images/34/34_31.jpeg,MDS
34.pdf,34_32.jpeg,/datadrive/rakesh/illumifin_poc/Data/root_images/34/34_32.jpeg,MDS
34.pdf,34_33.jpeg,/datadrive/rakesh/illumifin_poc/Data/root_images/34/34_33.jpeg,MDS
34.pdf,34_34.jpeg,/datadrive/rakesh/illumifin_poc/Data/root_images/34/34_34.jpeg,RFR HHC
34.pdf,34_35.jpeg,/datadrive/rakesh/illumifin_poc/Data/root_images/34/34_35.jpeg,Plan of Care (POC)
34.pdf,34_36.jpeg,/datadrive/rakesh/illumifin_poc/Data/root_images/34/34_36.jpeg,Plan of Care (POC)
34.pdf,34_37.jpeg,/datadrive/rakesh/illumifin_poc/Data/root_images/34/34_37.jpeg,Plan of Care (POC)
34.pdf,34_38.jpeg,/datadrive/rakesh/illumifin_poc/Data/root_images/34/34_38.jpeg,MDS
34.pdf,34_39.jpeg,/datadrive/rakesh/illumifin_poc/Data/root_images/34/34_39.jpeg,MDS
34.pdf,34_40.jpeg,/datadrive/rakesh/illumifin_poc/Data/root_images/34/34_40.jpeg,MDS
34.pdf,34_41.jpeg,/datadrive/rakesh/illumifin_poc/Data/root_images/34/34_41.jpeg,RFR HHC
34.pdf,34_42.jpeg,/datadrive/rakesh/illumifin_poc/Data/root_images/34/34_42.jpeg,Plan of Care (POC)
34.pdf,34_43.jpeg,/datadrive/rakesh/illumifin_poc/Data/root_images/34/34_43.jpeg,RFR HHC
34.pdf,34_44.jpeg,/datadrive/rakesh/illumifin_poc/Data/root_images/34/34_44.jpeg,MDS
34.pdf,34_45.jpeg,/datadrive/rakesh/illumifin_poc/Data/root_images/34/34_45.jpeg,MDS
34.pdf,34_46.jpeg,/datadrive/rakesh/illumifin_poc/Data/root_images/34/34_46.jpeg,RFR HHC
34.pdf,34_47.jpeg,/datadrive/rakesh/illumifin_poc/Data/root_images/34/34_47.jpeg,MDS
34.pdf,34_48.jpeg,/datadrive/rakesh/illumifin_poc/Data/root_images/34/34_48.jpeg,Plan of Care (POC)
34.pdf,34_49.jpeg,/datadrive/rakesh/illumifin_poc/Data/root_images/34/34_49.jpeg,MDS
34.pdf,34_50.jpeg,/datadrive/rakesh/illumifin_poc/Data/root_images/34/34_50.jpeg,MDS
34.pdf,34_51.jpeg,/datadrive/rakesh/illumifin_poc/Data/root_images/34/34_51.jpeg,MDS
34.pdf,34_52.jpeg,/datadrive/rakesh/illumifin_poc/Data/root_images/34/34_52.jpeg,MDS
34.pdf,34_53.jpeg,/datadrive/rakesh/illumifin_poc/Data/root_images/34/34_53.jpeg,MDS
34.pdf,34_54.jpeg,/datadrive/rakesh/illumifin_poc/Data/root_images/34/34_54.jpeg,MDS
34.pdf,34_55.jpeg,/datadrive/rakesh/illumifin_poc/Data/root_images/34/34_55.jpeg,MDS
34.pdf,34_56.jpeg,/datadrive/rakesh/illumifin_poc/Data/root_images/34/34_56.jpeg,MDS
34.pdf,34_57.jpeg,/datadrive/rakesh/illumifin_poc/Data/root_images/34/34_57.jpeg,MDS
34.pdf,34_58.jpeg,/datadrive/rakesh/illumifin_poc/Data/root_images/34/34_58.jpeg,MDS
34.pdf,34_59.jpeg,/datadrive/rakesh/illumifin_poc/Data/root_images/34/34_59.jpeg,Plan of Care (POC)
34.pdf,34_60.jpeg,/datadrive/rakesh/illumifin_poc/Data/root_images/34/34_60.jpeg,Plan of Care (POC)
34.pdf,34_61.jpeg,/datadrive/rakesh/illumifin_poc/Data/root_images/34/34_61.jpeg,MDS
34.pdf,34_62.jpeg,/datadrive/rakesh/illumifin_poc/Data/root_images/34/34_62.jpeg,MDS
34.pdf,34_63.jpeg,/datadrive/rakesh/illumifin_poc/Data/root_images/34/34_63.jpeg,RFR Facility
34.pdf,34_64.jpeg,/datadrive/rakesh/illumifin_poc/Data/root_images/34/34_64.jpeg,MDS
34.pdf,34_65.jpeg,/datadrive/rakesh/illumifin_poc/Data/root_images/34/34_65.jpeg,MDS
34.pdf,34_66.jpeg,/datadrive/rakesh/illumifin_poc/Data/root_images/34/34_66.jpeg,MDS
34.pdf,34_67.jpeg,/datadrive/rakesh/illumifin_poc/Data/root_images/34/34_67.jpeg,MDS
34.pdf,34_68.jpeg,/datadrive/rakesh/illumifin_poc/Data/root_images/34/34_68.jpeg,RFR HHC
34.pdf,34_69.jpeg,/datadrive/rakesh/illumifin_poc/Data/root_images/34/34_69.jpeg,MDS
34.pdf,34_70.jpeg,/datadrive/rakesh/illumifin_poc/Data/root_images/34/34_70.jpeg,MDS
34.pdf,34_71.jpeg,/datadrive/rakesh/illumifin_poc/Data/root_images/34/34_71.jpeg,MDS
34.pdf,34_72.jpeg,/datadrive/rakesh/illumifin_poc/Data/root_images/34/34_72.jpeg,MDS
34.pdf,34_73.jpeg,/datadrive/rakesh/illumifin_poc/Data/root_images/34/34_73.jpeg,Nursing Assessment
34.pdf,34_74.jpeg,/datadrive/rakesh/illumifin_poc/Data/root_images/34/34_74.jpeg,Plan of Care (POC)
34.pdf,34_75.jpeg,/datadrive/rakesh/illumifin_poc/Data/root_images/34/34_75.jpeg,MDS
34.pdf,34_76.jpeg,/datadrive/rakesh/illumifin_poc/Data/root_images/34/34_76.jpeg,MDS
34.pdf,34_77.jpeg,/datadrive/rakesh/illumifin_poc/Data/root_images/34/34_77.jpeg,RFR HHC
34.pdf,34_78.jpeg,/datadrive/rakesh/illumifin_poc/Data/root_images/34/34_78.jpeg,MDS
34.pdf,34_79.jpeg,/datadrive/rakesh/illumifin_poc/Data/root_images/34/34_79.jpeg,MDS
34.pdf,34_80.jpeg,/datadrive/rakesh/illumifin_poc/Data/root_images/34/34_80.jpeg,MDS
34.pdf,34_81.jpeg,/datadrive/rakesh/illumifin_poc/Data/root_images/34/34_81.jpeg,MDS
34.pdf,34_82.jpeg,/datadrive/rakesh/illumifin_poc/Data/root_images/34/34_82.jpeg,MDS
34.pdf,34_83.jpeg,/datadrive/rakesh/illumifin_poc/Data/root_images/34/34_83.jpeg,MDS
34.pdf,34_84.jpeg,/datadrive/rakesh/illumifin_poc/Data/root_images/34/34_84.jpeg,MDS
34.pdf,34_85.jpeg,/datadrive/rakesh/illumifin_poc/Data/root_images/34/34_85.jpeg,MDS
34.pdf,34_86.jpeg,/datadrive/rakesh/illumifin_poc/Data/root_images/34/34_86.jpeg,MDS
34.pdf,34_87.jpeg,/datadrive/rakesh/illumifin_poc/Data/root_images/34/34_87.jpeg,MDS
34.pdf,34_88.jpeg,/datadrive/rakesh/illumifin_poc/Data/root_images/34/34_88.jpeg,MDS
34.pdf,34_89.jpeg,/datadrive/rakesh/illumifin_poc/Data/root_images/34/34_89.jpeg,MDS
34.pdf,34_90.jpeg,/datadrive/rakesh/illumifin_poc/Data/root_images/34/34_90.jpeg,MDS
34.pdf,34_91.jpeg,/datadrive/rakesh/illumifin_poc/Data/root_images/34/34_91.jpeg,MDS
34.pdf,34_92.jpeg,/datadrive/rakesh/illumifin_poc/Data/root_images/34/34_92.jpeg,BEA
34.pdf,34_93.jpeg,/datadrive/rakesh/illumifin_poc/Data/root_images/34/34_93.jpeg,MDS
34.pdf,34_94.jpeg,/datadrive/rakesh/illumifin_poc/Data/root_images/34/34_94.jpeg,MDS
34.pdf,34_95.jpeg,/datadrive/rakesh/illumifin_poc/Data/root_images/34/34_95.jpeg,MDS
34.pdf,34_96.jpeg,/datadrive/rakesh/illumifin_poc/Data/root_images/34/34_96.jpeg,MDS
34.pdf,34_97.jpeg,/datadrive/rakesh/illumifin_poc/Data/root_images/34/34_97.jpeg,MDS
34.pdf,34_98.jpeg,/datadrive/rakesh/illumifin_poc/Data/root_images/34/34_98.jpeg,MDS
34.pdf,34_99.jpeg,/datadrive/rakesh/illumifin_poc/Data/root_images/34/34_99.jpeg,MDS
34.pdf,34_100.jpeg,/datadrive/rakesh/illumifin_poc/Data/root_images/34/34_100.jpeg,MDS
34.pdf,34_101.jpeg,/datadrive/rakesh/illumifin_poc/Data/root_images/34/34_101.jpeg,MDS
34.pdf,34_102.jpeg,/datadrive/rakesh/illumifin_poc/Data/root_images/34/34_102.jpeg,MDS
34.pdf,34_103.jpeg,/datadrive/rakesh/illumifin_poc/Data/root_images/34/34_103.jpeg,MDS
34.pdf,34_104.jpeg,/datadrive/rakesh/illumifin_poc/Data/root_images/34/34_104.jpeg,MDS
34.pdf,34_105.jpeg,/datadrive/rakesh/illumifin_poc/Data/root_images/34/34_105.jpeg,Plan of Care (POC)
34.pdf,34_106.jpeg,/datadrive/rakesh/illumifin_poc/Data/root_images/34/34_106.jpeg,MDS
34.pdf,34_107.jpeg,/datadrive/rakesh/illumifin_poc/Data/root_images/34/34_107.jpeg,MDS
34.pdf,34_108.jpeg,/datadrive/rakesh/illumifin_poc/Data/root_images/34/34_108.jpeg,MDS
34.pdf,34_109.jpeg,/datadrive/rakesh/illumifin_poc/Data/root_images/34/34_109.jpeg,MDS
34.pdf,34_110.jpeg,/datadrive/rakesh/illumifin_poc/Data/root_images/34/34_110.jpeg,MDS
34.pdf,34_111.jpeg,/datadrive/rakesh/illumifin_poc/Data/root_images/34/34_111.jpeg,MDS
34.pdf,34_112.jpeg,/datadrive/rakesh/illumifin_poc/Data/root_images/34/34_112.jpeg,MDS
34.pdf,34_113.jpeg,/datadrive/rakesh/illumifin_poc/Data/root_images/34/34_113.jpeg,MDS
34.pdf,34_114.jpeg,/datadrive/rakesh/illumifin_poc/Data/root_images/34/34_114.jpeg,MDS
34.pdf,34_115.jpeg,/datadrive/rakesh/illumifin_poc/Data/root_images/34/34_115.jpeg,Plan of Care (POC)
34.pdf,34_116.jpeg,/datadrive/rakesh/illumifin_poc/Data/root_images/34/34_116.jpeg,Plan of Care (POC)
34.pdf,34_117.jpeg,/datadrive/rakesh/illumifin_poc/Data/root_images/34/34_117.jpeg,Plan of Care (POC)
34.pdf,34_118.jpeg,/datadrive/rakesh/illumifin_poc/Data/root_images/34/34_118.jpeg,Plan of Care (POC)
32.pdf,32_01.jpeg,/datadrive/rakesh/illumifin_poc/Data/root_images/32/32_01.jpeg,MDS
32.pdf,32_02.jpeg,/datadrive/rakesh/illumifin_poc/Data/root_images/32/32_02.jpeg,MDS
32.pdf,32_03.jpeg,/datadrive/rakesh/illumifin_poc/Data/root_images/32/32_03.jpeg,MDS
32.pdf,32_04.jpeg,/datadrive/rakesh/illumifin_poc/Data/root_images/32/32_04.jpeg,MDS
32.pdf,32_05.jpeg,/datadrive/rakesh/illumifin_poc/Data/root_images/32/32_05.jpeg,MDS
32.pdf,32_06.jpeg,/datadrive/rakesh/illumifin_poc/Data/root_images/32/32_06.jpeg,MDS
32.pdf,32_07.jpeg,/datadrive/rakesh/illumifin_poc/Data/root_images/32/32_07.jpeg,MDS
32.pdf,32_08.jpeg,/datadrive/rakesh/illumifin_poc/Data/root_images/32/32_08.jpeg,Plan of Care (POC)
32.pdf,32_09.jpeg,/datadrive/rakesh/illumifin_poc/Data/root_images/32/32_09.jpeg,MDS
32.pdf,32_10.jpeg,/datadrive/rakesh/illumifin_poc/Data/root_images/32/32_10.jpeg,MDS
32.pdf,32_11.jpeg,/datadrive/rakesh/illumifin_poc/Data/root_images/32/32_11.jpeg,MDS
32.pdf,32_12.jpeg,/datadrive/rakesh/illumifin_poc/Data/root_images/32/32_12.jpeg,MDS
32.pdf,32_13.jpeg,/datadrive/rakesh/illumifin_poc/Data/root_images/32/32_13.jpeg,MDS
32.pdf,32_14.jpeg,/datadrive/rakesh/illumifin_poc/Data/root_images/32/32_14.jpeg,MDS
32.pdf,32_15.jpeg,/datadrive/rakesh/illumifin_poc/Data/root_images/32/32_15.jpeg,MDS
32.pdf,32_16.jpeg,/datadrive/rakesh/illumifin_poc/Data/root_images/32/32_16.jpeg,RFR HHC
32.pdf,32_17.jpeg,/datadrive/rakesh/illumifin_poc/Data/root_images/32/32_17.jpeg,Plan of Care (POC)
32.pdf,32_18.jpeg,/datadrive/rakesh/illumifin_poc/Data/root_images/32/32_18.jpeg,Plan of Care (POC)
32.pdf,32_19.jpeg,/datadrive/rakesh/illumifin_poc/Data/root_images/32/32_19.jpeg,MDS
32.pdf,32_20.jpeg,/datadrive/rakesh/illumifin_poc/Data/root_images/32/32_20.jpeg,MDS
32.pdf,32_21.jpeg,/datadrive/rakesh/illumifin_poc/Data/root_images/32/32_21.jpeg,MDS
32.pdf,32_22.jpeg,/datadrive/rakesh/illumifin_poc/Data/root_images/32/32_22.jpeg,MDS
32.pdf,32_23.jpeg,/datadrive/rakesh/illumifin_poc/Data/root_images/32/32_23.jpeg,MDS
32.pdf,32_24.jpeg,/datadrive/rakesh/illumifin_poc/Data/root_images/32/32_24.jpeg,MDS
32.pdf,32_25.jpeg,/datadrive/rakesh/illumifin_poc/Data/root_images/32/32_25.jpeg,MDS
32.pdf,32_26.jpeg,/datadrive/rakesh/illumifin_poc/Data/root_images/32/32_26.jpeg,MDS
32.pdf,32_27.jpeg,/datadrive/rakesh/illumifin_poc/Data/root_images/32/32_27.jpeg,MDS
32.pdf,32_28.jpeg,/datadrive/rakesh/illumifin_poc/Data/root_images/32/32_28.jpeg,MDS
32.pdf,32_29.jpeg,/datadrive/rakesh/illumifin_poc/Data/root_images/32/32_29.jpeg,RFR HHC
32.pdf,32_30.jpeg,/datadrive/rakesh/illumifin_poc/Data/root_images/32/32_30.jpeg,Plan of Care (POC)
32.pdf,32_31.jpeg,/datadrive/rakesh/illumifin_poc/Data/root_images/32/32_31.jpeg,Plan of Care (POC)
32.pdf,32_32.jpeg,/datadrive/rakesh/illumifin_poc/Data/root_images/32/32_32.jpeg,MDS
32.pdf,32_33.jpeg,/datadrive/rakesh/illumifin_poc/Data/root_images/32/32_33.jpeg,MDS
32.pdf,32_34.jpeg,/datadrive/rakesh/illumifin_poc/Data/root_images/32/32_34.jpeg,MDS
32.pdf,32_35.jpeg,/datadrive/rakesh/illumifin_poc/Data/root_images/32/32_35.jpeg,MDS
32.pdf,32_36.jpeg,/datadrive/rakesh/illumifin_poc/Data/root_images/32/32_36.jpeg,RFR HHC
32.pdf,32_37.jpeg,/datadrive/rakesh/illumifin_poc/Data/root_images/32/32_37.jpeg,MDS
32.pdf,32_38.jpeg,/datadrive/rakesh/illumifin_poc/Data/root_images/32/32_38.jpeg,RFR HHC
32.pdf,32_39.jpeg,/datadrive/rakesh/illumifin_poc/Data/root_images/32/32_39.jpeg,MDS
32.pdf,32_40.jpeg,/datadrive/rakesh/illumifin_poc/Data/root_images/32/32_40.jpeg,MDS
32.pdf,32_41.jpeg,/datadrive/rakesh/illumifin_poc/Data/root_images/32/32_41.jpeg,RFR HHC
32.pdf,32_42.jpeg,/datadrive/rakesh/illumifin_poc/Data/root_images/32/32_42.jpeg,MDS
32.pdf,32_43.jpeg,/datadrive/rakesh/illumifin_poc/Data/root_images/32/32_43.jpeg,Plan of Care (POC)
32.pdf,32_44.jpeg,/datadrive/rakesh/illumifin_poc/Data/root_images/32/32_44.jpeg,MDS
32.pdf,32_45.jpeg,/datadrive/rakesh/illumifin_poc/Data/root_images/32/32_45.jpeg,MDS
32.pdf,32_46.jpeg,/datadrive/rakesh/illumifin_poc/Data/root_images/32/32_46.jpeg,MDS
32.pdf,32_47.jpeg,/datadrive/rakesh/illumifin_poc/Data/root_images/32/32_47.jpeg,MDS
32.pdf,32_48.jpeg,/datadrive/rakesh/illumifin_poc/Data/root_images/32/32_48.jpeg,MDS
32.pdf,32_49.jpeg,/datadrive/rakesh/illumifin_poc/Data/root_images/32/32_49.jpeg,MDS
32.pdf,32_50.jpeg,/datadrive/rakesh/illumifin_poc/Data/root_images/32/32_50.jpeg,MDS
32.pdf,32_51.jpeg,/datadrive/rakesh/illumifin_poc/Data/root_images/32/32_51.jpeg,MDS
32.pdf,32_52.jpeg,/datadrive/rakesh/illumifin_poc/Data/root_images/32/32_52.jpeg,MDS
32.pdf,32_53.jpeg,/datadrive/rakesh/illumifin_poc/Data/root_images/32/32_53.jpeg,MDS
32.pdf,32_54.jpeg,/datadrive/rakesh/illumifin_poc/Data/root_images/32/32_54.jpeg,MDS
32.pdf,32_55.jpeg,/datadrive/rakesh/illumifin_poc/Data/root_images/32/32_55.jpeg,MDS
32.pdf,32_56.jpeg,/datadrive/rakesh/illumifin_poc/Data/root_images/32/32_56.jpeg,Plan of Care (POC)
32.pdf,32_57.jpeg,/datadrive/rakesh/illumifin_poc/Data/root_images/32/32_57.jpeg,MDS
32.pdf,32_58.jpeg,/datadrive/rakesh/illumifin_poc/Data/root_images/32/32_58.jpeg,MDS
32.pdf,32_59.jpeg,/datadrive/rakesh/illumifin_poc/Data/root_images/32/32_59.jpeg,RFR Facility
32.pdf,32_60.jpeg,/datadrive/rakesh/illumifin_poc/Data/root_images/32/32_60.jpeg,Plan of Care (POC)
32.pdf,32_61.jpeg,/datadrive/rakesh/illumifin_poc/Data/root_images/32/32_61.jpeg,MDS
32.pdf,32_62.jpeg,/datadrive/rakesh/illumifin_poc/Data/root_images/32/32_62.jpeg,MDS
32.pdf,32_63.jpeg,/datadrive/rakesh/illumifin_poc/Data/root_images/32/32_63.jpeg,MDS
32.pdf,32_64.jpeg,/datadrive/rakesh/illumifin_poc/Data/root_images/32/32_64.jpeg,MDS
32.pdf,32_65.jpeg,/datadrive/rakesh/illumifin_poc/Data/root_images/32/32_65.jpeg,MDS
32.pdf,32_66.jpeg,/datadrive/rakesh/illumifin_poc/Data/root_images/32/32_66.jpeg,MDS
32.pdf,32_67.jpeg,/datadrive/rakesh/illumifin_poc/Data/root_images/32/32_67.jpeg,MDS
32.pdf,32_68.jpeg,/datadrive/rakesh/illumifin_poc/Data/root_images/32/32_68.jpeg,MDS
32.pdf,32_69.jpeg,/datadrive/rakesh/illumifin_poc/Data/root_images/32/32_69.jpeg,Plan of Care (POC)
32.pdf,32_70.jpeg,/datadrive/rakesh/illumifin_poc/Data/root_images/32/32_70.jpeg,MDS
32.pdf,32_71.jpeg,/datadrive/rakesh/illumifin_poc/Data/root_images/32/32_71.jpeg,RFR HHC
32.pdf,32_72.jpeg,/datadrive/rakesh/illumifin_poc/Data/root_images/32/32_72.jpeg,MDS
32.pdf,32_73.jpeg,/datadrive/rakesh/illumifin_poc/Data/root_images/32/32_73.jpeg,MDS
32.pdf,32_74.jpeg,/datadrive/rakesh/illumifin_poc/Data/root_images/32/32_74.jpeg,MDS
32.pdf,32_75.jpeg,/datadrive/rakesh/illumifin_poc/Data/root_images/32/32_75.jpeg,MDS
32.pdf,32_76.jpeg,/datadrive/rakesh/illumifin_poc/Data/root_images/32/32_76.jpeg,MDS
32.pdf,32_77.jpeg,/datadrive/rakesh/illumifin_poc/Data/root_images/32/32_77.jpeg,RFR HHC
32.pdf,32_78.jpeg,/datadrive/rakesh/illumifin_poc/Data/root_images/32/32_78.jpeg,Plan of Care (POC)
32.pdf,32_79.jpeg,/datadrive/rakesh/illumifin_poc/Data/root_images/32/32_79.jpeg,Plan of Care (POC)
32.pdf,32_80.jpeg,/datadrive/rakesh/illumifin_poc/Data/root_images/32/32_80.jpeg,MDS
32.pdf,32_81.jpeg,/datadrive/rakesh/illumifin_poc/Data/root_images/32/32_81.jpeg,MDS
32.pdf,32_82.jpeg,/datadrive/rakesh/illumifin_poc/Data/root_images/32/32_82.jpeg,MDS
32.pdf,32_83.jpeg,/datadrive/rakesh/illumifin_poc/Data/root_images/32/32_83.jpeg,MDS
32.pdf,32_84.jpeg,/datadrive/rakesh/illumifin_poc/Data/root_images/32/32_84.jpeg,MDS
32.pdf,32_85.jpeg,/datadrive/rakesh/illumifin_poc/Data/root_images/32/32_85.jpeg,MDS
32.pdf,32_86.jpeg,/datadrive/rakesh/illumifin_poc/Data/root_images/32/32_86.jpeg,MDS
32.pdf,32_87.jpeg,/datadrive/rakesh/illumifin_poc/Data/root_images/32/32_87.jpeg,MDS
32.pdf,32_88.jpeg,/datadrive/rakesh/illumifin_poc/Data/root_images/32/32_88.jpeg,MDS
32.pdf,32_89.jpeg,/datadrive/rakesh/illumifin_poc/Data/root_images/32/32_89.jpeg,MDS
32.pdf,32_90.jpeg,/datadrive/rakesh/illumifin_poc/Data/root_images/32/32_90.jpeg,RFR HHC
32.pdf,32_91.jpeg,/datadrive/rakesh/illumifin_poc/Data/root_images/32/32_91.jpeg,Plan of Care (POC)
32.pdf,32_92.jpeg,/datadrive/rakesh/illumifin_poc/Data/root_images/32/32_92.jpeg,Plan of Care (POC)
32.pdf,32_93.jpeg,/datadrive/rakesh/illumifin_poc/Data/root_images/32/32_93.jpeg,MDS
32.pdf,32_94.jpeg,/datadrive/rakesh/illumifin_poc/Data/root_images/32/32_94.jpeg,MDS
32.pdf,32_95.jpeg,/datadrive/rakesh/illumifin_poc/Data/root_images/32/32_95.jpeg,MDS
32.pdf,32_96.jpeg,/datadrive/rakesh/illumifin_poc/Data/root_images/32/32_96.jpeg,MDS
32.pdf,32_97.jpeg,/datadrive/rakesh/illumifin_poc/Data/root_images/32/32_97.jpeg,RFR HHC
32.pdf,32_98.jpeg,/datadrive/rakesh/illumifin_poc/Data/root_images/32/32_98.jpeg,Plan of Care (POC)
32.pdf,32_99.jpeg,/datadrive/rakesh/illumifin_poc/Data/root_images/32/32_99.jpeg,RFR HHC
32.pdf,32_100.jpeg,/datadrive/rakesh/illumifin_poc/Data/root_images/32/32_100.jpeg,MDS
32.pdf,32_101.jpeg,/datadrive/rakesh/illumifin_poc/Data/root_images/32/32_101.jpeg,MDS
32.pdf,32_102.jpeg,/datadrive/rakesh/illumifin_poc/Data/root_images/32/32_102.jpeg,RFR HHC
32.pdf,32_103.jpeg,/datadrive/rakesh/illumifin_poc/Data/root_images/32/32_103.jpeg,MDS
32.pdf,32_104.jpeg,/datadrive/rakesh/illumifin_poc/Data/root_images/32/32_104.jpeg,Plan of Care (POC)
32.pdf,32_105.jpeg,/datadrive/rakesh/illumifin_poc/Data/root_images/32/32_105.jpeg,MDS
32.pdf,32_106.jpeg,/datadrive/rakesh/illumifin_poc/Data/root_images/32/32_106.jpeg,MDS
32.pdf,32_107.jpeg,/datadrive/rakesh/illumifin_poc/Data/root_images/32/32_107.jpeg,MDS
32.pdf,32_108.jpeg,/datadrive/rakesh/illumifin_poc/Data/root_images/32/32_108.jpeg,MDS
32.pdf,32_109.jpeg,/datadrive/rakesh/illumifin_poc/Data/root_images/32/32_109.jpeg,MDS
32.pdf,32_110.jpeg,/datadrive/rakesh/illumifin_poc/Data/root_images/32/32_110.jpeg,MDS
32.pdf,32_111.jpeg,/datadrive/rakesh/illumifin_poc/Data/root_images/32/32_111.jpeg,MDS
32.pdf,32_112.jpeg,/datadrive/rakesh/illumifin_poc/Data/root_images/32/32_112.jpeg,MDS
32.pdf,32_113.jpeg,/datadrive/rakesh/illumifin_poc/Data/root_images/32/32_113.jpeg,MDS
32.pdf,32_114.jpeg,/datadrive/rakesh/illumifin_poc/Data/root_images/32/32_114.jpeg,MDS
32.pdf,32_115.jpeg,/datadrive/rakesh/illumifin_poc/Data/root_images/32/32_115.jpeg,MDS
32.pdf,32_116.jpeg,/datadrive/rakesh/illumifin_poc/Data/root_images/32/32_116.jpeg,MDS
32.pdf,32_117.jpeg,/datadrive/rakesh/illumifin_poc/Data/root_images/32/32_117.jpeg,Plan of Care (POC)
32.pdf,32_118.jpeg,/datadrive/rakesh/illumifin_poc/Data/root_images/32/32_118.jpeg,MDS
32.pdf,32_119.jpeg,/datadrive/rakesh/illumifin_poc/Data/root_images/32/32_119.jpeg,MDS
32.pdf,32_120.jpeg,/datadrive/rakesh/illumifin_poc/Data/root_images/32/32_120.jpeg,RFR Facility
32.pdf,32_121.jpeg,/datadrive/rakesh/illumifin_poc/Data/root_images/32/32_121.jpeg,Plan of Care (POC)
32.pdf,32_122.jpeg,/datadrive/rakesh/illumifin_poc/Data/root_images/32/32_122.jpeg,MDS
46.pdf,46_01.jpeg,/datadrive/rakesh/illumifin_poc/Data/root_images/46/46_01.jpeg,RFR Facility
46.pdf,46_02.jpeg,/datadrive/rakesh/illumifin_poc/Data/root_images/46/46_02.jpeg,RFR Facility
46.pdf,46_03.jpeg,/datadrive/rakesh/illumifin_poc/Data/root_images/46/46_03.jpeg,RFR Facility
46.pdf,46_04.jpeg,/datadrive/rakesh/illumifin_poc/Data/root_images/46/46_04.jpeg,RFR Facility
46.pdf,46_05.jpeg,/datadrive/rakesh/illumifin_poc/Data/root_images/46/46_05.jpeg,Plan of Care (POC)
46.pdf,46_06.jpeg,/datadrive/rakesh/illumifin_poc/Data/root_images/46/46_06.jpeg,RFR HHC
46.pdf,46_07.jpeg,/datadrive/rakesh/illumifin_poc/Data/root_images/46/46_07.jpeg,MDS
46.pdf,46_08.jpeg,/datadrive/rakesh/illumifin_poc/Data/root_images/46/46_08.jpeg,MDS
46.pdf,46_09.jpeg,/datadrive/rakesh/illumifin_poc/Data/root_images/46/46_09.jpeg,MDS
46.pdf,46_10.jpeg,/datadrive/rakesh/illumifin_poc/Data/root_images/46/46_10.jpeg,MDS
46.pdf,46_11.jpeg,/datadrive/rakesh/illumifin_poc/Data/root_images/46/46_11.jpeg,MDS
46.pdf,46_12.jpeg,/datadrive/rakesh/illumifin_poc/Data/root_images/46/46_12.jpeg,MDS
46.pdf,46_13.jpeg,/datadrive/rakesh/illumifin_poc/Data/root_images/46/46_13.jpeg,MDS
46.pdf,46_14.jpeg,/datadrive/rakesh/illumifin_poc/Data/root_images/46/46_14.jpeg,Plan of Care (POC)
46.pdf,46_15.jpeg,/datadrive/rakesh/illumifin_poc/Data/root_images/46/46_15.jpeg,MDS
46.pdf,46_16.jpeg,/datadrive/rakesh/illumifin_poc/Data/root_images/46/46_16.jpeg,MDS
46.pdf,46_17.jpeg,/datadrive/rakesh/illumifin_poc/Data/root_images/46/46_17.jpeg,MDS
46.pdf,46_18.jpeg,/datadrive/rakesh/illumifin_poc/Data/root_images/46/46_18.jpeg,MDS
46.pdf,46_19.jpeg,/datadrive/rakesh/illumifin_poc/Data/root_images/46/46_19.jpeg,MDS
46.pdf,46_20.jpeg,/datadrive/rakesh/illumifin_poc/Data/root_images/46/46_20.jpeg,MDS
46.pdf,46_21.jpeg,/datadrive/rakesh/illumifin_poc/Data/root_images/46/46_21.jpeg,MDS
46.pdf,46_22.jpeg,/datadrive/rakesh/illumifin_poc/Data/root_images/46/46_22.jpeg,RFR HHC
46.pdf,46_23.jpeg,/datadrive/rakesh/illumifin_poc/Data/root_images/46/46_23.jpeg,MDS
46.pdf,46_24.jpeg,/datadrive/rakesh/illumifin_poc/Data/root_images/46/46_24.jpeg,Plan of Care (POC)
46.pdf,46_25.jpeg,/datadrive/rakesh/illumifin_poc/Data/root_images/46/46_25.jpeg,Plan of Care (POC)
46.pdf,46_26.jpeg,/datadrive/rakesh/illumifin_poc/Data/root_images/46/46_26.jpeg,MDS
46.pdf,46_27.jpeg,/datadrive/rakesh/illumifin_poc/Data/root_images/46/46_27.jpeg,MDS
46.pdf,46_28.jpeg,/datadrive/rakesh/illumifin_poc/Data/root_images/46/46_28.jpeg,MDS
46.pdf,46_29.jpeg,/datadrive/rakesh/illumifin_poc/Data/root_images/46/46_29.jpeg,MDS
46.pdf,46_30.jpeg,/datadrive/rakesh/illumifin_poc/Data/root_images/46/46_30.jpeg,MDS
46.pdf,46_31.jpeg,/datadrive/rakesh/illumifin_poc/Data/root_images/46/46_31.jpeg,MDS
46.pdf,46_32.jpeg,/datadrive/rakesh/illumifin_poc/Data/root_images/46/46_32.jpeg,MDS
46.pdf,46_33.jpeg,/datadrive/rakesh/illumifin_poc/Data/root_images/46/46_33.jpeg,MDS
46.pdf,46_34.jpeg,/datadrive/rakesh/illumifin_poc/Data/root_images/46/46_34.jpeg,MDS
46.pdf,46_35.jpeg,/datadrive/rakesh/illumifin_poc/Data/root_images/46/46_35.jpeg,RFR HHC
46.pdf,46_36.jpeg,/datadrive/rakesh/illumifin_poc/Data/root_images/46/46_36.jpeg,Plan of Care (POC)
46.pdf,46_37.jpeg,/datadrive/rakesh/illumifin_poc/Data/root_images/46/46_37.jpeg,Plan of Care (POC)
46.pdf,46_38.jpeg,/datadrive/rakesh/illumifin_poc/Data/root_images/46/46_38.jpeg,MDS
46.pdf,46_39.jpeg,/datadrive/rakesh/illumifin_poc/Data/root_images/46/46_39.jpeg,MDS
46.pdf,46_40.jpeg,/datadrive/rakesh/illumifin_poc/Data/root_images/46/46_40.jpeg,MDS
46.pdf,46_41.jpeg,/datadrive/rakesh/illumifin_poc/Data/root_images/46/46_41.jpeg,MDS
46.pdf,46_42.jpeg,/datadrive/rakesh/illumifin_poc/Data/root_images/46/46_42.jpeg,RFR HHC
46.pdf,46_43.jpeg,/datadrive/rakesh/illumifin_poc/Data/root_images/46/46_43.jpeg,MDS
46.pdf,46_44.jpeg,/datadrive/rakesh/illumifin_poc/Data/root_images/46/46_44.jpeg,RFR HHC
46.pdf,46_45.jpeg,/datadrive/rakesh/illumifin_poc/Data/root_images/46/46_45.jpeg,MDS
46.pdf,46_46.jpeg,/datadrive/rakesh/illumifin_poc/Data/root_images/46/46_46.jpeg,MDS
46.pdf,46_47.jpeg,/datadrive/rakesh/illumifin_poc/Data/root_images/46/46_47.jpeg,RFR HHC
46.pdf,46_48.jpeg,/datadrive/rakesh/illumifin_poc/Data/root_images/46/46_48.jpeg,MDS
46.pdf,46_49.jpeg,/datadrive/rakesh/illumifin_poc/Data/root_images/46/46_49.jpeg,MDS
46.pdf,46_50.jpeg,/datadrive/rakesh/illumifin_poc/Data/root_images/46/46_50.jpeg,MDS
46.pdf,46_51.jpeg,/datadrive/rakesh/illumifin_poc/Data/root_images/46/46_51.jpeg,MDS
46.pdf,46_52.jpeg,/datadrive/rakesh/illumifin_poc/Data/root_images/46/46_52.jpeg,MDS
46.pdf,46_53.jpeg,/datadrive/rakesh/illumifin_poc/Data/root_images/46/46_53.jpeg,MDS
46.pdf,46_54.jpeg,/datadrive/rakesh/illumifin_poc/Data/root_images/46/46_54.jpeg,MDS
46.pdf,46_55.jpeg,/datadrive/rakesh/illumifin_poc/Data/root_images/46/46_55.jpeg,MDS
46.pdf,46_56.jpeg,/datadrive/rakesh/illumifin_poc/Data/root_images/46/46_56.jpeg,MDS
46.pdf,46_57.jpeg,/datadrive/rakesh/illumifin_poc/Data/root_images/46/46_57.jpeg,MDS
46.pdf,46_58.jpeg,/datadrive/rakesh/illumifin_poc/Data/root_images/46/46_58.jpeg,MDS
46.pdf,46_59.jpeg,/datadrive/rakesh/illumifin_poc/Data/root_images/46/46_59.jpeg,MDS
46.pdf,46_60.jpeg,/datadrive/rakesh/illumifin_poc/Data/root_images/46/46_60.jpeg,Plan of Care (POC)
46.pdf,46_61.jpeg,/datadrive/rakesh/illumifin_poc/Data/root_images/46/46_61.jpeg,MDS
46.pdf,46_62.jpeg,/datadrive/rakesh/illumifin_poc/Data/root_images/46/46_62.jpeg,MDS
46.pdf,46_63.jpeg,/datadrive/rakesh/illumifin_poc/Data/root_images/46/46_63.jpeg,RFR Facility
46.pdf,46_64.jpeg,/datadrive/rakesh/illumifin_poc/Data/root_images/46/46_64.jpeg,MDS
61.pdf,61_01.jpeg,/datadrive/rakesh/illumifin_poc/Data/root_images/61/61_01.jpeg,RFR HHC
61.pdf,61_02.jpeg,/datadrive/rakesh/illumifin_poc/Data/root_images/61/61_02.jpeg,BEA
61.pdf,61_03.jpeg,/datadrive/rakesh/illumifin_poc/Data/root_images/61/61_03.jpeg,Plan of Care (POC)
61.pdf,61_04.jpeg,/datadrive/rakesh/illumifin_poc/Data/root_images/61/61_04.jpeg,RFR HHC
61.pdf,61_05.jpeg,/datadrive/rakesh/illumifin_poc/Data/root_images/61/61_05.jpeg,RFR HHC
61.pdf,61_06.jpeg,/datadrive/rakesh/illumifin_poc/Data/root_images/61/61_06.jpeg,Cognitive Questionnaire MD
61.pdf,61_07.jpeg,/datadrive/rakesh/illumifin_poc/Data/root_images/61/61_07.jpeg,RFR HHC
61.pdf,61_08.jpeg,/datadrive/rakesh/illumifin_poc/Data/root_images/61/61_08.jpeg,Plan of Care (POC)
61.pdf,61_09.jpeg,/datadrive/rakesh/illumifin_poc/Data/root_images/61/61_09.jpeg,Plan of Care (POC)
61.pdf,61_10.jpeg,/datadrive/rakesh/illumifin_poc/Data/root_images/61/61_10.jpeg,RFR HHC
61.pdf,61_11.jpeg,/datadrive/rakesh/illumifin_poc/Data/root_images/61/61_11.jpeg,BEA
61.pdf,61_12.jpeg,/datadrive/rakesh/illumifin_poc/Data/root_images/61/61_12.jpeg,Plan of Care (POC)
61.pdf,61_13.jpeg,/datadrive/rakesh/illumifin_poc/Data/root_images/61/61_13.jpeg,Plan of Care (POC)
61.pdf,61_14.jpeg,/datadrive/rakesh/illumifin_poc/Data/root_images/61/61_14.jpeg,RFR HHC
61.pdf,61_15.jpeg,/datadrive/rakesh/illumifin_poc/Data/root_images/61/61_15.jpeg,RFR HHC
61.pdf,61_16.jpeg,/datadrive/rakesh/illumifin_poc/Data/root_images/61/61_16.jpeg,Plan of Care (POC)
61.pdf,61_17.jpeg,/datadrive/rakesh/illumifin_poc/Data/root_images/61/61_17.jpeg,Plan of Care (POC)
61.pdf,61_18.jpeg,/datadrive/rakesh/illumifin_poc/Data/root_images/61/61_18.jpeg,Plan of Care (POC)
61.pdf,61_19.jpeg,/datadrive/rakesh/illumifin_poc/Data/root_images/61/61_19.jpeg,RFR HHC
61.pdf,61_20.jpeg,/datadrive/rakesh/illumifin_poc/Data/root_images/61/61_20.jpeg,RFR HHC
61.pdf,61_21.jpeg,/datadrive/rakesh/illumifin_poc/Data/root_images/61/61_21.jpeg,Plan of Care (POC)
61.pdf,61_22.jpeg,/datadrive/rakesh/illumifin_poc/Data/root_images/61/61_22.jpeg,RFR HHC
61.pdf,61_23.jpeg,/datadrive/rakesh/illumifin_poc/Data/root_images/61/61_23.jpeg,Plan of Care (POC)
61.pdf,61_24.jpeg,/datadrive/rakesh/illumifin_poc/Data/root_images/61/61_24.jpeg,Plan of Care (POC)
61.pdf,61_25.jpeg,/datadrive/rakesh/illumifin_poc/Data/root_images/61/61_25.jpeg,RFR HHC
61.pdf,61_26.jpeg,/datadrive/rakesh/illumifin_poc/Data/root_images/61/61_26.jpeg,RFR HHC
61.pdf,61_27.jpeg,/datadrive/rakesh/illumifin_poc/Data/root_images/61/61_27.jpeg,RFR HHC
61.pdf,61_28.jpeg,/datadrive/rakesh/illumifin_poc/Data/root_images/61/61_28.jpeg,RFR HHC
61.pdf,61_29.jpeg,/datadrive/rakesh/illumifin_poc/Data/root_images/61/61_29.jpeg,RFR HHC
61.pdf,61_30.jpeg,/datadrive/rakesh/illumifin_poc/Data/root_images/61/61_30.jpeg,RFR HHC
61.pdf,61_31.jpeg,/datadrive/rakesh/illumifin_poc/Data/root_images/61/61_31.jpeg,RFR HHC
61.pdf,61_32.jpeg,/datadrive/rakesh/illumifin_poc/Data/root_images/61/61_32.jpeg,RFR HHC
61.pdf,61_33.jpeg,/datadrive/rakesh/illumifin_poc/Data/root_images/61/61_33.jpeg,RFR HHC
61.pdf,61_34.jpeg,/datadrive/rakesh/illumifin_poc/Data/root_images/61/61_34.jpeg,RFR HHC
61.pdf,61_35.jpeg,/datadrive/rakesh/illumifin_poc/Data/root_images/61/61_35.jpeg,RFR HHC
