,image_path,label
0,/New_Volume/trade-finance/final_delivery/classification_training/V2_Final_Training_Data/BOE/Bill_of_Exchange_492_0.png,BOE
1,/New_Volume/trade-finance/final_delivery/classification_training/V2_Final_Training_Data/BOE/Bill_of_Exchange_151_0.png,BOE
2,/New_Volume/trade-finance/final_delivery/classification_training/V2_Final_Training_Data/BOE/Bill_of_Exchange_148_0.png,BOE
3,/New_Volume/trade-finance/final_delivery/classification_training/V2_Final_Training_Data/BOE/Bill_of_Exchange_237_0.png,BOE
4,/New_Volume/trade-finance/final_delivery/classification_training/V2_Final_Training_Data/BOE/Bill_of_Exchange_442_0.png,BOE
5,/New_Volume/trade-finance/final_delivery/classification_training/V2_Final_Training_Data/BOE/Bill_of_Exchange_451_0.png,BOE
6,/New_Volume/trade-finance/final_delivery/classification_training/V2_Final_Training_Data/BOE/Bill_of_Exchange_123_1.png,BOE
7,/New_Volume/trade-finance/final_delivery/classification_training/V2_Final_Training_Data/BOE/Accepted_Bill_of_Exchange_304_0.png,BOE
8,/New_Volume/trade-finance/final_delivery/classification_training/V2_Final_Training_Data/BOE/Bill_of_Exchange_327_0.png,BOE
9,/New_Volume/trade-finance/final_delivery/classification_training/V2_Final_Training_Data/BOE/Accepted_Bill_of_Exchange_308_1.png,BOE
10,/New_Volume/trade-finance/final_delivery/classification_training/V2_Final_Training_Data/BOE/Bill_of_Exchange_80_0.png,BOE
11,/New_Volume/trade-finance/final_delivery/classification_training/V2_Final_Training_Data/BOE/Bill_of_Exchange_96_1.png,BOE
12,/New_Volume/trade-finance/final_delivery/classification_training/V2_Final_Training_Data/BOE/Bill_of_Exchange_4_0.png,BOE
13,/New_Volume/trade-finance/final_delivery/classification_training/V2_Final_Training_Data/BOE/Bill_of_Exchange_243_0.png,BOE
14,/New_Volume/trade-finance/final_delivery/classification_training/V2_Final_Training_Data/BOE/Bill_of_Exchange_199_0.png,BOE
15,/New_Volume/trade-finance/final_delivery/classification_training/V2_Final_Training_Data/BOE/Bill_of_Exchange_200_0.png,BOE
16,/New_Volume/trade-finance/final_delivery/classification_training/V2_Final_Training_Data/BOE/Bill_of_Exchange_88_0.png,BOE
17,/New_Volume/trade-finance/final_delivery/classification_training/V2_Final_Training_Data/BOE/Bill_of_Exchange_127_0.png,BOE
18,/New_Volume/trade-finance/final_delivery/classification_training/V2_Final_Training_Data/BOE/Bill_of_Exchange_82_0.png,BOE
19,/New_Volume/trade-finance/final_delivery/classification_training/V2_Final_Training_Data/BOE/Bill_of_Exchange_408_2.png,BOE
20,/New_Volume/trade-finance/final_delivery/classification_training/V2_Final_Training_Data/BOE/Bill_of_Exchange_322_0.png,BOE
21,/New_Volume/trade-finance/final_delivery/classification_training/V2_Final_Training_Data/BOE/Accepted_Bill_of_Exchange_312_2.png,BOE
22,/New_Volume/trade-finance/final_delivery/classification_training/V2_Final_Training_Data/BOE/Bill_of_Exchange_42_0.png,BOE
23,/New_Volume/trade-finance/final_delivery/classification_training/V2_Final_Training_Data/BOE/Bill_of_Exchange_129_0.png,BOE
24,/New_Volume/trade-finance/final_delivery/classification_training/V2_Final_Training_Data/BOE/Bill_of_Exchange_344_1.png,BOE
25,/New_Volume/trade-finance/final_delivery/classification_training/V2_Final_Training_Data/BOE/Bill_of_Exchange_299_1.png,BOE
26,/New_Volume/trade-finance/final_delivery/classification_training/V2_Final_Training_Data/BOE/Bill_of_Exchange_406_0.png,BOE
27,/New_Volume/trade-finance/final_delivery/classification_training/V2_Final_Training_Data/BOE/Bill_of_Exchange_408_3.png,BOE
28,/New_Volume/trade-finance/final_delivery/classification_training/V2_Final_Training_Data/BOE/Bill_of_Exchange_284_0.png,BOE
29,/New_Volume/trade-finance/final_delivery/classification_training/V2_Final_Training_Data/BOE/Bill_of_Exchange_165_2.png,BOE
30,/New_Volume/trade-finance/final_delivery/classification_training/V2_Final_Training_Data/BOE/Bill_of_Exchange_232_0.png,BOE
31,/New_Volume/trade-finance/final_delivery/classification_training/V2_Final_Training_Data/BOE/Bill_of_Exchange_209_2.png,BOE
32,/New_Volume/trade-finance/final_delivery/classification_training/V2_Final_Training_Data/BOE/Bill_of_Exchange_200_2.png,BOE
33,/New_Volume/trade-finance/final_delivery/classification_training/V2_Final_Training_Data/BOE/Bill_of_Exchange_198_0.png,BOE
34,/New_Volume/trade-finance/final_delivery/classification_training/V2_Final_Training_Data/BOE/Bill_of_Exchange_7_0.png,BOE
35,/New_Volume/trade-finance/final_delivery/classification_training/V2_Final_Training_Data/BOE/Bill_of_Exchange_203_0.png,BOE
36,/New_Volume/trade-finance/final_delivery/classification_training/V2_Final_Training_Data/BOE/Bill_of_Exchange_499_2.png,BOE
37,/New_Volume/trade-finance/final_delivery/classification_training/V2_Final_Training_Data/BOE/Bill_of_Exchange_163_0.png,BOE
38,/New_Volume/trade-finance/final_delivery/classification_training/V2_Final_Training_Data/BOE/Bill_of_Exchange_357_0.png,BOE
39,/New_Volume/trade-finance/final_delivery/classification_training/V2_Final_Training_Data/BOE/Bill_of_Exchange_408_4.png,BOE
40,/New_Volume/trade-finance/final_delivery/classification_training/V2_Final_Training_Data/BOE/Bill_of_Exchange_237_1.png,BOE
41,/New_Volume/trade-finance/final_delivery/classification_training/V2_Final_Training_Data/BOE/Bill_of_Exchange_447_0.png,BOE
42,/New_Volume/trade-finance/final_delivery/classification_training/V2_Final_Training_Data/BOE/Bill_of_Exchange_170_0.png,BOE
43,/New_Volume/trade-finance/final_delivery/classification_training/V2_Final_Training_Data/BOE/Bill_of_Exchange_270_0.png,BOE
44,/New_Volume/trade-finance/final_delivery/classification_training/V2_Final_Training_Data/BOE/Bill_of_Exchange_185_0.png,BOE
45,/New_Volume/trade-finance/final_delivery/classification_training/V2_Final_Training_Data/BOE/Bill_of_Exchange_435_1.png,BOE
46,/New_Volume/trade-finance/final_delivery/classification_training/V2_Final_Training_Data/BOE/Accepted_Bill_of_Exchange_342_4.png,BOE
47,/New_Volume/trade-finance/final_delivery/classification_training/V2_Final_Training_Data/BOE/Bill_of_Exchange_59_0.png,BOE
48,/New_Volume/trade-finance/final_delivery/classification_training/V2_Final_Training_Data/BOE/Bill_of_Exchange_344_0.png,BOE
49,/New_Volume/trade-finance/final_delivery/classification_training/V2_Final_Training_Data/BOE/Bill_of_Exchange_161_0.png,BOE
50,/New_Volume/trade-finance/final_delivery/classification_training/V2_Final_Training_Data/BOE/Bill_of_Exchange_299_0.png,BOE
51,/New_Volume/trade-finance/final_delivery/classification_training/V2_Final_Training_Data/BOE/Bill_of_Exchange_265_2.png,BOE
52,/New_Volume/trade-finance/final_delivery/classification_training/V2_Final_Training_Data/BOE/Accepted_Bill_of_Exchange_387_2.png,BOE
53,/New_Volume/trade-finance/final_delivery/classification_training/V2_Final_Training_Data/BOE/Accepted_Bill_of_Exchange(2012_08_23_20_20_28_4131)_338_5.png,BOE
54,/New_Volume/trade-finance/final_delivery/classification_training/V2_Final_Training_Data/BOE/Bill_of_Exchange_97_0.png,BOE
55,/New_Volume/trade-finance/final_delivery/classification_training/V2_Final_Training_Data/BOE/Accepted_Bill_of_Exchange_313_1.png,BOE
56,/New_Volume/trade-finance/final_delivery/classification_training/V2_Final_Training_Data/BOE/Bill_of_Exchange_217_0.png,BOE
57,/New_Volume/trade-finance/final_delivery/classification_training/V2_Final_Training_Data/BOE/Accepted_Bill_of_Exchange_400_4.png,BOE
58,/New_Volume/trade-finance/final_delivery/classification_training/V2_Final_Training_Data/BOE/Bill_of_Exchange_256_0.png,BOE
59,/New_Volume/trade-finance/final_delivery/classification_training/V2_Final_Training_Data/BOE/Bill_of_Exchange_194_0.png,BOE
60,/New_Volume/trade-finance/final_delivery/classification_training/V2_Final_Training_Data/BOE/Bill_of_Exchange_68_0.png,BOE
61,/New_Volume/trade-finance/final_delivery/classification_training/V2_Final_Training_Data/BOE/Bill_of_Exchange_61_2.png,BOE
62,/New_Volume/trade-finance/final_delivery/classification_training/V2_Final_Training_Data/BOE/Bill_of_Exchange_123_0.png,BOE
63,/New_Volume/trade-finance/final_delivery/classification_training/V2_Final_Training_Data/BOE/Accepted_Bill_of_Exchange_343_0.png,BOE
64,/New_Volume/trade-finance/final_delivery/classification_training/V2_Final_Training_Data/BOE/Bill_of_Exchange_327_1.png,BOE
65,/New_Volume/trade-finance/final_delivery/classification_training/V2_Final_Training_Data/BOE/Bill_of_Exchange_465_0.png,BOE
66,/New_Volume/trade-finance/final_delivery/classification_training/V2_Final_Training_Data/BOE/Bill_of_Exchange_236_0.png,BOE
67,/New_Volume/trade-finance/final_delivery/classification_training/V2_Final_Training_Data/BOE/Bill_of_Exchange_202_0.png,BOE
68,/New_Volume/trade-finance/final_delivery/classification_training/V2_Final_Training_Data/BOE/Bill_of_Exchange_429_3.png,BOE
69,/New_Volume/trade-finance/final_delivery/classification_training/V2_Final_Training_Data/BOE/Bill_of_Exchange_97_1.png,BOE
70,/New_Volume/trade-finance/final_delivery/classification_training/V2_Final_Training_Data/BOE/Bill_of_Exchange_478_0.png,BOE
71,/New_Volume/trade-finance/final_delivery/classification_training/V2_Final_Training_Data/BOE/Bill_of_Exchange_209_0.png,BOE
72,/New_Volume/trade-finance/final_delivery/classification_training/V2_Final_Training_Data/BOE/Accepted_Bill_of_Exchange_403_2.png,BOE
73,/New_Volume/trade-finance/final_delivery/classification_training/V2_Final_Training_Data/BOE/Bill_of_Exchange_325_0.png,BOE
74,/New_Volume/trade-finance/final_delivery/classification_training/V2_Final_Training_Data/BOE/Accepted_Bill_of_Exchange_489_2.png,BOE
75,/New_Volume/trade-finance/final_delivery/classification_training/V2_Final_Training_Data/BOE/Accepted_Bill_of_Exchange_488_2.png,BOE
76,/New_Volume/trade-finance/final_delivery/classification_training/V2_Final_Training_Data/BOE/Bill_of_Exchange_455_0.png,BOE
77,/New_Volume/trade-finance/final_delivery/classification_training/V2_Final_Training_Data/BOE/Bill_of_Exchange_160_0.png,BOE
78,/New_Volume/trade-finance/final_delivery/classification_training/V2_Final_Training_Data/BOE/Accepted_Bill_of_Exchange_498_2.png,BOE
79,/New_Volume/trade-finance/final_delivery/classification_training/V2_Final_Training_Data/BOE/Bill_of_Exchange_140_0.png,BOE
80,/New_Volume/trade-finance/final_delivery/classification_training/V2_Final_Training_Data/BOE/Accepted_Bill_of_Exchange_308_2.png,BOE
81,/New_Volume/trade-finance/final_delivery/classification_training/V2_Final_Training_Data/BOE/Bill_of_Exchange_96_0.png,BOE
82,/New_Volume/trade-finance/final_delivery/classification_training/V2_Final_Training_Data/BOE/Bill_of_Exchange_202_2.png,BOE
83,/New_Volume/trade-finance/final_delivery/classification_training/V2_Final_Training_Data/BOE/Accepted_Bill_of_Exchange_324_1.png,BOE
84,/New_Volume/trade-finance/final_delivery/classification_training/V2_Final_Training_Data/BOE/Accepted_Bill_of_Exchange_359_1.png,BOE
85,/New_Volume/trade-finance/final_delivery/classification_training/V2_Final_Training_Data/BOE/Accepted_Bill_of_Exchange_379_3.png,BOE
86,/New_Volume/trade-finance/final_delivery/classification_training/V2_Final_Training_Data/BOE/Bill_of_Exchange_441_0.png,BOE
87,/New_Volume/trade-finance/final_delivery/classification_training/V2_Final_Training_Data/BOE/Bill_of_Exchange_260_0.png,BOE
88,/New_Volume/trade-finance/final_delivery/classification_training/V2_Final_Training_Data/BOE/Bill_of_Exchange_408_5.png,BOE
89,/New_Volume/trade-finance/final_delivery/classification_training/V2_Final_Training_Data/BOE/Bill_of_Exchange_194_1.png,BOE
90,/New_Volume/trade-finance/final_delivery/classification_training/V2_Final_Training_Data/BOE/Accepted_Bill_of_Exchange(2012_08_21_15_47_02_7475)_368_5.png,BOE
91,/New_Volume/trade-finance/final_delivery/classification_training/V2_Final_Training_Data/BOE/Bill_of_Exchange_61_0.png,BOE
92,/New_Volume/trade-finance/final_delivery/classification_training/V2_Final_Training_Data/BOE/Accepted_Bill_of_Exchange_391_2.png,BOE
93,/New_Volume/trade-finance/final_delivery/classification_training/V2_Final_Training_Data/BOE/Bill_of_Exchange_329_0.png,BOE
94,/New_Volume/trade-finance/final_delivery/classification_training/V2_Final_Training_Data/BOE/Bill_of_Exchange_459_0.png,BOE
95,/New_Volume/trade-finance/final_delivery/classification_training/V2_Final_Training_Data/BOE/Bill_of_Exchange_457_0.png,BOE
96,/New_Volume/trade-finance/final_delivery/classification_training/V2_Final_Training_Data/BOE/Bill_of_Exchange_157_0.png,BOE
97,/New_Volume/trade-finance/final_delivery/classification_training/V2_Final_Training_Data/BOE/Bill_of_Exchange_479_0.png,BOE
98,/New_Volume/trade-finance/final_delivery/classification_training/V2_Final_Training_Data/BOE/Bill_of_Exchange_408_0.png,BOE
99,/New_Volume/trade-finance/final_delivery/classification_training/V2_Final_Training_Data/BOE/Bill_of_Exchange_434_4.png,BOE
100,/New_Volume/trade-finance/final_delivery/classification_training/V2_Final_Training_Data/BOE/Bill_of_Exchange_265_0.png,BOE
101,/New_Volume/trade-finance/final_delivery/classification_training/V2_Final_Training_Data/BOE/Bill_of_Exchange_389_0.png,BOE
102,/New_Volume/trade-finance/final_delivery/classification_training/V2_Final_Training_Data/BOE/Bill_of_Exchange_328_0.png,BOE
103,/New_Volume/trade-finance/final_delivery/classification_training/V2_Final_Training_Data/BOE/Bill_of_Exchange_6_0.png,BOE
104,/New_Volume/trade-finance/final_delivery/classification_training/V2_Final_Training_Data/BOE/Bill_of_Exchange_44_0.png,BOE
105,/New_Volume/trade-finance/final_delivery/classification_training/V2_Final_Training_Data/BOE/Bill_of_Exchange_295_2.png,BOE
106,/New_Volume/trade-finance/final_delivery/classification_training/V2_Final_Training_Data/BOE/Bill_of_Exchange_433_0.png,BOE
107,/New_Volume/trade-finance/final_delivery/classification_training/V2_Final_Training_Data/BOE/Bill_of_Exchange_199_2.png,BOE
108,/New_Volume/trade-finance/final_delivery/classification_training/V2_Final_Training_Data/BOE/Bill_of_Exchange_490_0.png,BOE
109,/New_Volume/trade-finance/final_delivery/classification_training/V2_Final_Training_Data/BOE/Bill_of_Exchange_495_0.png,BOE
110,/New_Volume/trade-finance/final_delivery/classification_training/V2_Final_Training_Data/BOE/Accepted_Bill_of_Exchange_318_2.png,BOE
111,/New_Volume/trade-finance/final_delivery/classification_training/V2_Final_Training_Data/BOE/Bill_of_Exchange_487_0.png,BOE
112,/New_Volume/trade-finance/final_delivery/classification_training/V2_Final_Training_Data/BOE/Bill_of_Exchange_165_1.png,BOE
113,/New_Volume/trade-finance/final_delivery/classification_training/V2_Final_Training_Data/BOE/Accepted_Bill_of_Exchange_393_3.png,BOE
114,/New_Volume/trade-finance/final_delivery/classification_training/V2_Final_Training_Data/BOE/Bill_of_Exchange_434_2.png,BOE
115,/New_Volume/trade-finance/final_delivery/classification_training/V2_Final_Training_Data/BOE/Bill_of_Exchange_434_3.png,BOE
116,/New_Volume/trade-finance/final_delivery/classification_training/V2_Final_Training_Data/BOE/Bill_of_Exchange_330_0.png,BOE
117,/New_Volume/trade-finance/final_delivery/classification_training/V2_Final_Training_Data/BOE/Bill_of_Exchange_434_0.png,BOE
118,/New_Volume/trade-finance/final_delivery/classification_training/V2_Final_Training_Data/BOE/Bill_of_Exchange_461_0.png,BOE
119,/New_Volume/trade-finance/final_delivery/classification_training/V2_Final_Training_Data/BOE/Bill_of_Exchange_479_1.png,BOE
120,/New_Volume/trade-finance/final_delivery/classification_training/V2_Final_Training_Data/BOE/Bill_of_Exchange_229_0.png,BOE
121,/New_Volume/trade-finance/final_delivery/classification_training/V2_Final_Training_Data/BOE/Bill_of_Exchange_323_0.png,BOE
122,/New_Volume/trade-finance/final_delivery/classification_training/V2_Final_Training_Data/BOE/Accepted_Bill_of_Exchange(2012_08_21_18_27_35_1495)_334_14.png,BOE
123,/New_Volume/trade-finance/final_delivery/classification_training/V2_Final_Training_Data/BOE/Bill_of_Exchange_101_0.png,BOE
124,/New_Volume/trade-finance/final_delivery/classification_training/V2_Final_Training_Data/BOE/Bill_of_Exchange_12_0.png,BOE
125,/New_Volume/trade-finance/final_delivery/classification_training/V2_Final_Training_Data/BOE/Bill_of_Exchange_406_2.png,BOE
126,/New_Volume/trade-finance/final_delivery/classification_training/V2_Final_Training_Data/BOE/Bill_of_Exchange_195_0.png,BOE
127,/New_Volume/trade-finance/final_delivery/classification_training/V2_Final_Training_Data/BOE/Bill_of_Exchange_173_0.png,BOE
128,/New_Volume/trade-finance/final_delivery/classification_training/V2_Final_Training_Data/BOE/Bill_of_Exchange_390_0.png,BOE
129,/New_Volume/trade-finance/final_delivery/classification_training/V2_Final_Training_Data/BOE/Bill_of_Exchange_435_2.png,BOE
130,/New_Volume/trade-finance/final_delivery/classification_training/V2_Final_Training_Data/BOE/Bill_of_Exchange_26_0.png,BOE
131,/New_Volume/trade-finance/final_delivery/classification_training/V2_Final_Training_Data/BOE/Bill_of_Exchange_429_0.png,BOE
132,/New_Volume/trade-finance/final_delivery/classification_training/V2_Final_Training_Data/BOE/Bill_of_Exchange(2013_04_15_10_05_59_4819)_454_0.png,BOE
133,/New_Volume/trade-finance/final_delivery/classification_training/V2_Final_Training_Data/BOE/Accepted_Bill_of_Exchange_396_6.png,BOE
134,/New_Volume/trade-finance/final_delivery/classification_training/V2_Final_Training_Data/BOE/Bill_of_Exchange_458_0.png,BOE
135,/New_Volume/trade-finance/final_delivery/classification_training/V2_Final_Training_Data/BOE/Accepted_Bill_of_Exchange_372_2.png,BOE
136,/New_Volume/trade-finance/final_delivery/classification_training/V2_Final_Training_Data/BOE/Bill_of_Exchange_408_1.png,BOE
137,/New_Volume/trade-finance/final_delivery/classification_training/V2_Final_Training_Data/BOE/Accepted_Bill_of_Exchange_303_0.png,BOE
138,/New_Volume/trade-finance/final_delivery/classification_training/V2_Final_Training_Data/BOE/Bill_of_Exchange_126_0.png,BOE
139,/New_Volume/trade-finance/final_delivery/classification_training/V2_Final_Training_Data/BOE/Bill_of_Exchange_197_0.png,BOE
140,/New_Volume/trade-finance/final_delivery/classification_training/V2_Final_Training_Data/BOE/Bill_of_Exchange_185_2.png,BOE
141,/New_Volume/trade-finance/final_delivery/classification_training/V2_Final_Training_Data/BOE/Bill_of_Exchange_286_0.png,BOE
142,/New_Volume/trade-finance/final_delivery/classification_training/V2_Final_Training_Data/BOE/Bill_of_Exchange_266_0.png,BOE
143,/New_Volume/trade-finance/final_delivery/classification_training/V2_Final_Training_Data/BOE/Bill_of_Exchange_499_0.png,BOE
144,/New_Volume/trade-finance/final_delivery/classification_training/V2_Final_Training_Data/BOE/Bill_of_Exchange_5_0.png,BOE
145,/New_Volume/trade-finance/final_delivery/classification_training/V2_Final_Training_Data/BOE/Bill_of_Exchange_210_0.png,BOE
146,/New_Volume/trade-finance/final_delivery/classification_training/V2_Final_Training_Data/BOE/Bill_of_Exchange_79_0.png,BOE
147,/New_Volume/trade-finance/final_delivery/classification_training/V2_Final_Training_Data/BOE/Bill_of_Exchange_91_0.png,BOE
148,/New_Volume/trade-finance/final_delivery/classification_training/V2_Final_Training_Data/BOE/Bill_of_Exchange_295_0.png,BOE
149,/New_Volume/trade-finance/final_delivery/classification_training/V2_Final_Training_Data/BOE/Bill_of_Exchange_453_0.png,BOE
150,/New_Volume/trade-finance/final_delivery/classification_training/V2_Final_Training_Data/BOE/Bill_of_Exchange_79_2.png,BOE
151,/New_Volume/trade-finance/final_delivery/classification_training/V2_Final_Training_Data/BOE/Bill_of_Exchange_362_0.png,BOE
152,/New_Volume/trade-finance/final_delivery/classification_training/V2_Final_Training_Data/BOE/Bill_of_Exchange_485_0.png,BOE
153,/New_Volume/trade-finance/final_delivery/classification_training/V2_Final_Training_Data/BOE/Bill_of_Exchange_461_1.png,BOE
154,/New_Volume/trade-finance/final_delivery/classification_training/V2_Final_Training_Data/BOE/Accepted_Bill_of_Exchange_358_0.png,BOE
155,/New_Volume/trade-finance/final_delivery/classification_training/V2_Final_Training_Data/LCAPPLICATION/LC_Application_411_0.png,LCAPPLICATION
156,/New_Volume/trade-finance/final_delivery/classification_training/V2_Final_Training_Data/LCAPPLICATION/LC_Application_429_1.png,LCAPPLICATION
157,/New_Volume/trade-finance/final_delivery/classification_training/V2_Final_Training_Data/LCAPPLICATION/LC_Application_342_1.png,LCAPPLICATION
158,/New_Volume/trade-finance/final_delivery/classification_training/V2_Final_Training_Data/LCAPPLICATION/LC_Application_474_1.png,LCAPPLICATION
159,/New_Volume/trade-finance/final_delivery/classification_training/V2_Final_Training_Data/LCAPPLICATION/LC_Application_137_0.png,LCAPPLICATION
160,/New_Volume/trade-finance/final_delivery/classification_training/V2_Final_Training_Data/LCAPPLICATION/LC_Application_325_1.png,LCAPPLICATION
161,/New_Volume/trade-finance/final_delivery/classification_training/V2_Final_Training_Data/LCAPPLICATION/LC_Application_111_4.png,LCAPPLICATION
162,/New_Volume/trade-finance/final_delivery/classification_training/V2_Final_Training_Data/LCAPPLICATION/LC_Application_165_1.png,LCAPPLICATION
163,/New_Volume/trade-finance/final_delivery/classification_training/V2_Final_Training_Data/LCAPPLICATION/LC_Application_270_1.png,LCAPPLICATION
164,/New_Volume/trade-finance/final_delivery/classification_training/V2_Final_Training_Data/LCAPPLICATION/LC_Application_473_2.png,LCAPPLICATION
165,/New_Volume/trade-finance/final_delivery/classification_training/V2_Final_Training_Data/LCAPPLICATION/LC_Application_211_2.png,LCAPPLICATION
166,/New_Volume/trade-finance/final_delivery/classification_training/V2_Final_Training_Data/LCAPPLICATION/LC_Application_415_1.png,LCAPPLICATION
167,/New_Volume/trade-finance/final_delivery/classification_training/V2_Final_Training_Data/LCAPPLICATION/LC_Application_373_1.png,LCAPPLICATION
168,/New_Volume/trade-finance/final_delivery/classification_training/V2_Final_Training_Data/LCAPPLICATION/LC_Application_371_1.png,LCAPPLICATION
169,/New_Volume/trade-finance/final_delivery/classification_training/V2_Final_Training_Data/LCAPPLICATION/LC_Application_102_2.png,LCAPPLICATION
170,/New_Volume/trade-finance/final_delivery/classification_training/V2_Final_Training_Data/LCAPPLICATION/LC_Application_264_2.png,LCAPPLICATION
171,/New_Volume/trade-finance/final_delivery/classification_training/V2_Final_Training_Data/LCAPPLICATION/LC_Application_527_0.png,LCAPPLICATION
172,/New_Volume/trade-finance/final_delivery/classification_training/V2_Final_Training_Data/LCAPPLICATION/LC_Application_264_1.png,LCAPPLICATION
173,/New_Volume/trade-finance/final_delivery/classification_training/V2_Final_Training_Data/LCAPPLICATION/LC_Application_526_1.png,LCAPPLICATION
174,/New_Volume/trade-finance/final_delivery/classification_training/V2_Final_Training_Data/LCAPPLICATION/LC_Application_521_2.png,LCAPPLICATION
175,/New_Volume/trade-finance/final_delivery/classification_training/V2_Final_Training_Data/LCAPPLICATION/LC_Application_517_1.png,LCAPPLICATION
176,/New_Volume/trade-finance/final_delivery/classification_training/V2_Final_Training_Data/LCAPPLICATION/LC_Application_101_3.png,LCAPPLICATION
177,/New_Volume/trade-finance/final_delivery/classification_training/V2_Final_Training_Data/LCAPPLICATION/LC_Application_310_1.png,LCAPPLICATION
178,/New_Volume/trade-finance/final_delivery/classification_training/V2_Final_Training_Data/LCAPPLICATION/LC_Application_400_2.png,LCAPPLICATION
179,/New_Volume/trade-finance/final_delivery/classification_training/V2_Final_Training_Data/LCAPPLICATION/LC_Application_480_1.png,LCAPPLICATION
180,/New_Volume/trade-finance/final_delivery/classification_training/V2_Final_Training_Data/LCAPPLICATION/LC_Application_145_2.png,LCAPPLICATION
181,/New_Volume/trade-finance/final_delivery/classification_training/V2_Final_Training_Data/LCAPPLICATION/LC_Application_491_3.png,LCAPPLICATION
182,/New_Volume/trade-finance/final_delivery/classification_training/V2_Final_Training_Data/LCAPPLICATION/LC_Application_250_1.png,LCAPPLICATION
183,/New_Volume/trade-finance/final_delivery/classification_training/V2_Final_Training_Data/LCAPPLICATION/LC_Application_127_2.png,LCAPPLICATION
184,/New_Volume/trade-finance/final_delivery/classification_training/V2_Final_Training_Data/LCAPPLICATION/LC_Application_125_4.png,LCAPPLICATION
185,/New_Volume/trade-finance/final_delivery/classification_training/V2_Final_Training_Data/LCAPPLICATION/LC_Application_125_2.png,LCAPPLICATION
186,/New_Volume/trade-finance/final_delivery/classification_training/V2_Final_Training_Data/LCAPPLICATION/LC_Application_447_3.png,LCAPPLICATION
187,/New_Volume/trade-finance/final_delivery/classification_training/V2_Final_Training_Data/LCAPPLICATION/LC_Application_325_2.png,LCAPPLICATION
188,/New_Volume/trade-finance/final_delivery/classification_training/V2_Final_Training_Data/LCAPPLICATION/LC_Application_134_1.png,LCAPPLICATION
189,/New_Volume/trade-finance/final_delivery/classification_training/V2_Final_Training_Data/LCAPPLICATION/LC_Application_223_2.png,LCAPPLICATION
190,/New_Volume/trade-finance/final_delivery/classification_training/V2_Final_Training_Data/LCAPPLICATION/LC_Application_418_1.png,LCAPPLICATION
191,/New_Volume/trade-finance/final_delivery/classification_training/V2_Final_Training_Data/LCAPPLICATION/LC_Application_449_1.png,LCAPPLICATION
192,/New_Volume/trade-finance/final_delivery/classification_training/V2_Final_Training_Data/LCAPPLICATION/LC_Application_153_3.png,LCAPPLICATION
193,/New_Volume/trade-finance/final_delivery/classification_training/V2_Final_Training_Data/LCAPPLICATION/LC_Application_213_1.png,LCAPPLICATION
194,/New_Volume/trade-finance/final_delivery/classification_training/V2_Final_Training_Data/LCAPPLICATION/LC_Application_211_1.png,LCAPPLICATION
195,/New_Volume/trade-finance/final_delivery/classification_training/V2_Final_Training_Data/LCAPPLICATION/LC_Application_393_3.png,LCAPPLICATION
196,/New_Volume/trade-finance/final_delivery/classification_training/V2_Final_Training_Data/LCAPPLICATION/LC_Application_445_2.png,LCAPPLICATION
197,/New_Volume/trade-finance/final_delivery/classification_training/V2_Final_Training_Data/LCAPPLICATION/LC_Application_514_3.png,LCAPPLICATION
198,/New_Volume/trade-finance/final_delivery/classification_training/V2_Final_Training_Data/LCAPPLICATION/LC_Application_375_1.png,LCAPPLICATION
199,/New_Volume/trade-finance/final_delivery/classification_training/V2_Final_Training_Data/LCAPPLICATION/LC_Application_518_2.png,LCAPPLICATION
200,/New_Volume/trade-finance/final_delivery/classification_training/V2_Final_Training_Data/LCAPPLICATION/LC_Application_218_2.png,LCAPPLICATION
201,/New_Volume/trade-finance/final_delivery/classification_training/V2_Final_Training_Data/LCAPPLICATION/LC_Application_445_4.png,LCAPPLICATION
202,/New_Volume/trade-finance/final_delivery/classification_training/V2_Final_Training_Data/LCAPPLICATION/LC_Application_437_3.png,LCAPPLICATION
203,/New_Volume/trade-finance/final_delivery/classification_training/V2_Final_Training_Data/LCAPPLICATION/LC_Application_488_5.png,LCAPPLICATION
204,/New_Volume/trade-finance/final_delivery/classification_training/V2_Final_Training_Data/LCAPPLICATION/LC_Application_427_0.png,LCAPPLICATION
205,/New_Volume/trade-finance/final_delivery/classification_training/V2_Final_Training_Data/LCAPPLICATION/LC_Application_412_1.png,LCAPPLICATION
206,/New_Volume/trade-finance/final_delivery/classification_training/V2_Final_Training_Data/LCAPPLICATION/LC_Application_427_8.png,LCAPPLICATION
207,/New_Volume/trade-finance/final_delivery/classification_training/V2_Final_Training_Data/LCAPPLICATION/LC_Application_128_1.png,LCAPPLICATION
208,/New_Volume/trade-finance/final_delivery/classification_training/V2_Final_Training_Data/LCAPPLICATION/LC_Application_366_1.png,LCAPPLICATION
209,/New_Volume/trade-finance/final_delivery/classification_training/V2_Final_Training_Data/LCAPPLICATION/LC_Application_256_1.png,LCAPPLICATION
210,/New_Volume/trade-finance/final_delivery/classification_training/V2_Final_Training_Data/LCAPPLICATION/LC_Application_530_1.png,LCAPPLICATION
211,/New_Volume/trade-finance/final_delivery/classification_training/V2_Final_Training_Data/LCAPPLICATION/LC_Application_126_4.png,LCAPPLICATION
212,/New_Volume/trade-finance/final_delivery/classification_training/V2_Final_Training_Data/LCAPPLICATION/LC_Application_439_2.png,LCAPPLICATION
213,/New_Volume/trade-finance/final_delivery/classification_training/V2_Final_Training_Data/LCAPPLICATION/LC_Application_331_3.png,LCAPPLICATION
214,/New_Volume/trade-finance/final_delivery/classification_training/V2_Final_Training_Data/LCAPPLICATION/LC_Application_256_2.png,LCAPPLICATION
215,/New_Volume/trade-finance/final_delivery/classification_training/V2_Final_Training_Data/LCAPPLICATION/LC_Application_246_1.png,LCAPPLICATION
216,/New_Volume/trade-finance/final_delivery/classification_training/V2_Final_Training_Data/LCAPPLICATION/LC_Application_125_0.png,LCAPPLICATION
217,/New_Volume/trade-finance/final_delivery/classification_training/V2_Final_Training_Data/LCAPPLICATION/LC_Application_246_4.png,LCAPPLICATION
218,/New_Volume/trade-finance/final_delivery/classification_training/V2_Final_Training_Data/LCAPPLICATION/LC_Application_194_4.png,LCAPPLICATION
219,/New_Volume/trade-finance/final_delivery/classification_training/V2_Final_Training_Data/LCAPPLICATION/LC_Application_311_3.png,LCAPPLICATION
220,/New_Volume/trade-finance/final_delivery/classification_training/V2_Final_Training_Data/LCAPPLICATION/LC_Application_339_0.png,LCAPPLICATION
221,/New_Volume/trade-finance/final_delivery/classification_training/V2_Final_Training_Data/LCAPPLICATION/LC_Application_507_0.png,LCAPPLICATION
222,/New_Volume/trade-finance/final_delivery/classification_training/V2_Final_Training_Data/LCAPPLICATION/LC_Application_200_0.png,LCAPPLICATION
223,/New_Volume/trade-finance/final_delivery/classification_training/V2_Final_Training_Data/LCAPPLICATION/LC_Application_428_0.png,LCAPPLICATION
224,/New_Volume/trade-finance/final_delivery/classification_training/V2_Final_Training_Data/LCAPPLICATION/LC_Application_383_2.png,LCAPPLICATION
225,/New_Volume/trade-finance/final_delivery/classification_training/V2_Final_Training_Data/LCAPPLICATION/LC_Application_514_0.png,LCAPPLICATION
226,/New_Volume/trade-finance/final_delivery/classification_training/V2_Final_Training_Data/LCAPPLICATION/LC_Application_427_6.png,LCAPPLICATION
227,/New_Volume/trade-finance/final_delivery/classification_training/V2_Final_Training_Data/LCAPPLICATION/LC_Application_145_7.png,LCAPPLICATION
228,/New_Volume/trade-finance/final_delivery/classification_training/V2_Final_Training_Data/LCAPPLICATION/LC_Application_473_0.png,LCAPPLICATION
229,/New_Volume/trade-finance/final_delivery/classification_training/V2_Final_Training_Data/LCAPPLICATION/LC_Application_452_6.png,LCAPPLICATION
230,/New_Volume/trade-finance/final_delivery/classification_training/V2_Final_Training_Data/LCAPPLICATION/LC_Application_415_0.png,LCAPPLICATION
231,/New_Volume/trade-finance/final_delivery/classification_training/V2_Final_Training_Data/LCAPPLICATION/LC_Application_339_1.png,LCAPPLICATION
232,/New_Volume/trade-finance/final_delivery/classification_training/V2_Final_Training_Data/LCAPPLICATION/LC_Application_418_0.png,LCAPPLICATION
233,/New_Volume/trade-finance/final_delivery/classification_training/V2_Final_Training_Data/LCAPPLICATION/LC_Application_492_0.png,LCAPPLICATION
234,/New_Volume/trade-finance/final_delivery/classification_training/V2_Final_Training_Data/LCAPPLICATION/LC_Application_417_0.png,LCAPPLICATION
235,/New_Volume/trade-finance/final_delivery/classification_training/V2_Final_Training_Data/LCAPPLICATION/LC_Application_444_1.png,LCAPPLICATION
236,/New_Volume/trade-finance/final_delivery/classification_training/V2_Final_Training_Data/LCAPPLICATION/LC_Application_185_0.png,LCAPPLICATION
237,/New_Volume/trade-finance/final_delivery/classification_training/V2_Final_Training_Data/LCAPPLICATION/LC_Application_137_1.png,LCAPPLICATION
238,/New_Volume/trade-finance/final_delivery/classification_training/V2_Final_Training_Data/LCAPPLICATION/LC_Application_246_5.png,LCAPPLICATION
239,/New_Volume/trade-finance/final_delivery/classification_training/V2_Final_Training_Data/LCAPPLICATION/LC_Application_415_2.png,LCAPPLICATION
240,/New_Volume/trade-finance/final_delivery/classification_training/V2_Final_Training_Data/LCAPPLICATION/LC_Application_185_2.png,LCAPPLICATION
241,/New_Volume/trade-finance/final_delivery/classification_training/V2_Final_Training_Data/LCAPPLICATION/LC_Application_499_0.png,LCAPPLICATION
242,/New_Volume/trade-finance/final_delivery/classification_training/V2_Final_Training_Data/LCAPPLICATION/LC_Application_473_3.png,LCAPPLICATION
243,/New_Volume/trade-finance/final_delivery/classification_training/V2_Final_Training_Data/LCAPPLICATION/LC_Application_374_0.png,LCAPPLICATION
244,/New_Volume/trade-finance/final_delivery/classification_training/V2_Final_Training_Data/LCAPPLICATION/LC_Application_501_1.png,LCAPPLICATION
245,/New_Volume/trade-finance/final_delivery/classification_training/V2_Final_Training_Data/LCAPPLICATION/LC_Application_170_2.png,LCAPPLICATION
246,/New_Volume/trade-finance/final_delivery/classification_training/V2_Final_Training_Data/LCAPPLICATION/LC_Application_215_0.png,LCAPPLICATION
247,/New_Volume/trade-finance/final_delivery/classification_training/V2_Final_Training_Data/LCAPPLICATION/LC_Application_394_3.png,LCAPPLICATION
248,/New_Volume/trade-finance/final_delivery/classification_training/V2_Final_Training_Data/LCAPPLICATION/LC_Application_145_3.png,LCAPPLICATION
249,/New_Volume/trade-finance/final_delivery/classification_training/V2_Final_Training_Data/LCAPPLICATION/LC_Application_415_3.png,LCAPPLICATION
250,/New_Volume/trade-finance/final_delivery/classification_training/V2_Final_Training_Data/LCAPPLICATION/LC_Application_394_1.png,LCAPPLICATION
251,/New_Volume/trade-finance/final_delivery/classification_training/V2_Final_Training_Data/LCAPPLICATION/LC_Application_488_2.png,LCAPPLICATION
252,/New_Volume/trade-finance/final_delivery/classification_training/V2_Final_Training_Data/LCAPPLICATION/LC_Application_452_7.png,LCAPPLICATION
253,/New_Volume/trade-finance/final_delivery/classification_training/V2_Final_Training_Data/LCAPPLICATION/LC_Application_133_1.png,LCAPPLICATION
254,/New_Volume/trade-finance/final_delivery/classification_training/V2_Final_Training_Data/LCAPPLICATION/LC_Application_438_2.png,LCAPPLICATION
255,/New_Volume/trade-finance/final_delivery/classification_training/V2_Final_Training_Data/LCAPPLICATION/LC_Application_507_9.png,LCAPPLICATION
256,/New_Volume/trade-finance/final_delivery/classification_training/V2_Final_Training_Data/LCAPPLICATION/LC_Application_239_0.png,LCAPPLICATION
257,/New_Volume/trade-finance/final_delivery/classification_training/V2_Final_Training_Data/LCAPPLICATION/LC_Application_188_2.png,LCAPPLICATION
258,/New_Volume/trade-finance/final_delivery/classification_training/V2_Final_Training_Data/LCAPPLICATION/LC_Application_397_1.png,LCAPPLICATION
259,/New_Volume/trade-finance/final_delivery/classification_training/V2_Final_Training_Data/LCAPPLICATION/LC_Application_439_3.png,LCAPPLICATION
260,/New_Volume/trade-finance/final_delivery/classification_training/V2_Final_Training_Data/LCAPPLICATION/LC_Application_124_1.png,LCAPPLICATION
261,/New_Volume/trade-finance/final_delivery/classification_training/V2_Final_Training_Data/LCAPPLICATION/LC_Application_182_2.png,LCAPPLICATION
262,/New_Volume/trade-finance/final_delivery/classification_training/V2_Final_Training_Data/LCAPPLICATION/LC_Application_465_1.png,LCAPPLICATION
263,/New_Volume/trade-finance/final_delivery/classification_training/V2_Final_Training_Data/LCAPPLICATION/LC_Application_439_0.png,LCAPPLICATION
264,/New_Volume/trade-finance/final_delivery/classification_training/V2_Final_Training_Data/LCAPPLICATION/LC_Application_245_0.png,LCAPPLICATION
265,/New_Volume/trade-finance/final_delivery/classification_training/V2_Final_Training_Data/LCAPPLICATION/LC_Application_406_0.png,LCAPPLICATION
266,/New_Volume/trade-finance/final_delivery/classification_training/V2_Final_Training_Data/LCAPPLICATION/LC_Application_428_1.png,LCAPPLICATION
267,/New_Volume/trade-finance/final_delivery/classification_training/V2_Final_Training_Data/LCAPPLICATION/LC_Application_145_8.png,LCAPPLICATION
268,/New_Volume/trade-finance/final_delivery/classification_training/V2_Final_Training_Data/LCAPPLICATION/LC_Application_274_0.png,LCAPPLICATION
269,/New_Volume/trade-finance/final_delivery/classification_training/V2_Final_Training_Data/LCAPPLICATION/LC_Application_523_0.png,LCAPPLICATION
270,/New_Volume/trade-finance/final_delivery/classification_training/V2_Final_Training_Data/LCAPPLICATION/LC_Application_438_3.png,LCAPPLICATION
271,/New_Volume/trade-finance/final_delivery/classification_training/V2_Final_Training_Data/LCAPPLICATION/LC_Application_487_1.png,LCAPPLICATION
272,/New_Volume/trade-finance/final_delivery/classification_training/V2_Final_Training_Data/LCAPPLICATION/LC_Application_480_3.png,LCAPPLICATION
273,/New_Volume/trade-finance/final_delivery/classification_training/V2_Final_Training_Data/LCAPPLICATION/LC_Application_466_3.png,LCAPPLICATION
274,/New_Volume/trade-finance/final_delivery/classification_training/V2_Final_Training_Data/LCAPPLICATION/LC_Application_274_3.png,LCAPPLICATION
275,/New_Volume/trade-finance/final_delivery/classification_training/V2_Final_Training_Data/LCAPPLICATION/LC_Application_427_5.png,LCAPPLICATION
276,/New_Volume/trade-finance/final_delivery/classification_training/V2_Final_Training_Data/LCAPPLICATION/LC_Application_516_1.png,LCAPPLICATION
277,/New_Volume/trade-finance/final_delivery/classification_training/V2_Final_Training_Data/LCAPPLICATION/LC_Application_487_2.png,LCAPPLICATION
278,/New_Volume/trade-finance/final_delivery/classification_training/V2_Final_Training_Data/LCAPPLICATION/LC_Application_310_2.png,LCAPPLICATION
279,/New_Volume/trade-finance/final_delivery/classification_training/V2_Final_Training_Data/LCAPPLICATION/LC_Application_324_2.png,LCAPPLICATION
280,/New_Volume/trade-finance/final_delivery/classification_training/V2_Final_Training_Data/LCAPPLICATION/LC_Application_366_0.png,LCAPPLICATION
281,/New_Volume/trade-finance/final_delivery/classification_training/V2_Final_Training_Data/LCAPPLICATION/LC_Application_400_4.png,LCAPPLICATION
282,/New_Volume/trade-finance/final_delivery/classification_training/V2_Final_Training_Data/LCAPPLICATION/LC_Application_452_5.png,LCAPPLICATION
283,/New_Volume/trade-finance/final_delivery/classification_training/V2_Final_Training_Data/LCAPPLICATION/LC_Application_416_1.png,LCAPPLICATION
284,/New_Volume/trade-finance/final_delivery/classification_training/V2_Final_Training_Data/LCAPPLICATION/LC_Application_128_4.png,LCAPPLICATION
285,/New_Volume/trade-finance/final_delivery/classification_training/V2_Final_Training_Data/LCAPPLICATION/LC_Application_491_1.png,LCAPPLICATION
286,/New_Volume/trade-finance/final_delivery/classification_training/V2_Final_Training_Data/LCAPPLICATION/LC_Application_505_0.png,LCAPPLICATION
287,/New_Volume/trade-finance/final_delivery/classification_training/V2_Final_Training_Data/LCAPPLICATION/LC_Application_298_1.png,LCAPPLICATION
288,/New_Volume/trade-finance/final_delivery/classification_training/V2_Final_Training_Data/LCAPPLICATION/LC_Application_212_0.png,LCAPPLICATION
289,/New_Volume/trade-finance/final_delivery/classification_training/V2_Final_Training_Data/LCAPPLICATION/LC_Application_324_0.png,LCAPPLICATION
290,/New_Volume/trade-finance/final_delivery/classification_training/V2_Final_Training_Data/LCAPPLICATION/LC_Application_203_1.png,LCAPPLICATION
291,/New_Volume/trade-finance/final_delivery/classification_training/V2_Final_Training_Data/LCAPPLICATION/LC_Application_507_4.png,LCAPPLICATION
292,/New_Volume/trade-finance/final_delivery/classification_training/V2_Final_Training_Data/LCAPPLICATION/LC_Application_439_7.png,LCAPPLICATION
293,/New_Volume/trade-finance/final_delivery/classification_training/V2_Final_Training_Data/LCAPPLICATION/LC_Application_126_7.png,LCAPPLICATION
294,/New_Volume/trade-finance/final_delivery/classification_training/V2_Final_Training_Data/LCAPPLICATION/LC_Application_129_5.png,LCAPPLICATION
295,/New_Volume/trade-finance/final_delivery/classification_training/V2_Final_Training_Data/LCAPPLICATION/LC_Application_400_6.png,LCAPPLICATION
296,/New_Volume/trade-finance/final_delivery/classification_training/V2_Final_Training_Data/LCAPPLICATION/LC_Application_363_2.png,LCAPPLICATION
297,/New_Volume/trade-finance/final_delivery/classification_training/V2_Final_Training_Data/LCAPPLICATION/LC_Application_487_5.png,LCAPPLICATION
298,/New_Volume/trade-finance/final_delivery/classification_training/V2_Final_Training_Data/LCAPPLICATION/LC_Application_480_2.png,LCAPPLICATION
299,/New_Volume/trade-finance/final_delivery/classification_training/V2_Final_Training_Data/LCAPPLICATION/LC_Application_416_4.png,LCAPPLICATION
300,/New_Volume/trade-finance/final_delivery/classification_training/V2_Final_Training_Data/LCAPPLICATION/LC_Application_473_1.png,LCAPPLICATION
301,/New_Volume/trade-finance/final_delivery/classification_training/V2_Final_Training_Data/LCAPPLICATION/LC_Application_412_2.png,LCAPPLICATION
302,/New_Volume/trade-finance/final_delivery/classification_training/V2_Final_Training_Data/LCAPPLICATION/LC_Application_320_3.png,LCAPPLICATION
303,/New_Volume/trade-finance/final_delivery/classification_training/V2_Final_Training_Data/LCAPPLICATION/LC_Application_133_6.png,LCAPPLICATION
304,/New_Volume/trade-finance/final_delivery/classification_training/V2_Final_Training_Data/LCAPPLICATION/LC_Application_437_2.png,LCAPPLICATION
305,/New_Volume/trade-finance/final_delivery/classification_training/V2_Final_Training_Data/LCAPPLICATION/LC_Application_203_0.png,LCAPPLICATION
306,/New_Volume/trade-finance/final_delivery/classification_training/V2_Final_Training_Data/LCAPPLICATION/LC_Application_195_1.png,LCAPPLICATION
307,/New_Volume/trade-finance/final_delivery/classification_training/V2_Final_Training_Data/LCAPPLICATION/LC_Application_126_3.png,LCAPPLICATION
308,/New_Volume/trade-finance/final_delivery/classification_training/V2_Final_Training_Data/LCAPPLICATION/LC_Application_222_1.png,LCAPPLICATION
309,/New_Volume/trade-finance/final_delivery/classification_training/V2_Final_Training_Data/LCAPPLICATION/LC_Application_454_1.png,LCAPPLICATION
310,/New_Volume/trade-finance/final_delivery/classification_training/V2_Final_Training_Data/LCAPPLICATION/LC_Application_127_0.png,LCAPPLICATION
311,/New_Volume/trade-finance/final_delivery/classification_training/V2_Final_Training_Data/LCAPPLICATION/LC_Application_194_0.png,LCAPPLICATION
312,/New_Volume/trade-finance/final_delivery/classification_training/V2_Final_Training_Data/LCAPPLICATION/LC_Application_530_0.png,LCAPPLICATION
313,/New_Volume/trade-finance/final_delivery/classification_training/V2_Final_Training_Data/LCAPPLICATION/LC_Application_207_2.png,LCAPPLICATION
314,/New_Volume/trade-finance/final_delivery/classification_training/V2_Final_Training_Data/LCAPPLICATION/LC_Application_103_0.png,LCAPPLICATION
315,/New_Volume/trade-finance/final_delivery/classification_training/V2_Final_Training_Data/LCAPPLICATION/LC_Application_419_2.png,LCAPPLICATION
316,/New_Volume/trade-finance/final_delivery/classification_training/V2_Final_Training_Data/LCAPPLICATION/LC_Application_298_0.png,LCAPPLICATION
317,/New_Volume/trade-finance/final_delivery/classification_training/V2_Final_Training_Data/LCAPPLICATION/LC_Application_517_2.png,LCAPPLICATION
318,/New_Volume/trade-finance/final_delivery/classification_training/V2_Final_Training_Data/LCAPPLICATION/LC_Application_125_5.png,LCAPPLICATION
319,/New_Volume/trade-finance/final_delivery/classification_training/V2_Final_Training_Data/LCAPPLICATION/LC_Application_526_2.png,LCAPPLICATION
320,/New_Volume/trade-finance/final_delivery/classification_training/V2_Final_Training_Data/LCAPPLICATION/LC_Application_280_2.png,LCAPPLICATION
321,/New_Volume/trade-finance/final_delivery/classification_training/V2_Final_Training_Data/LCAPPLICATION/LC_Application_127_1.png,LCAPPLICATION
322,/New_Volume/trade-finance/final_delivery/classification_training/V2_Final_Training_Data/LCAPPLICATION/LC_Application_163_2.png,LCAPPLICATION
323,/New_Volume/trade-finance/final_delivery/classification_training/V2_Final_Training_Data/LCAPPLICATION/LC_Application_239_1.png,LCAPPLICATION
324,/New_Volume/trade-finance/final_delivery/classification_training/V2_Final_Training_Data/LCAPPLICATION/LC_Application_128_5.png,LCAPPLICATION
325,/New_Volume/trade-finance/final_delivery/classification_training/V2_Final_Training_Data/LCAPPLICATION/LC_Application_427_10.png,LCAPPLICATION
326,/New_Volume/trade-finance/final_delivery/classification_training/V2_Final_Training_Data/LCAPPLICATION/LC_Application_145_1.png,LCAPPLICATION
327,/New_Volume/trade-finance/final_delivery/classification_training/V2_Final_Training_Data/LCAPPLICATION/LC_Application_134_0.png,LCAPPLICATION
328,/New_Volume/trade-finance/final_delivery/classification_training/V2_Final_Training_Data/LCAPPLICATION/LC_Application_518_1.png,LCAPPLICATION
329,/New_Volume/trade-finance/final_delivery/classification_training/V2_Final_Training_Data/LCAPPLICATION/LC_Application_442_1.png,LCAPPLICATION
330,/New_Volume/trade-finance/final_delivery/classification_training/V2_Final_Training_Data/LCAPPLICATION/LC_Application_137_2.png,LCAPPLICATION
331,/New_Volume/trade-finance/final_delivery/classification_training/V2_Final_Training_Data/LCAPPLICATION/LC_Application_133_5.png,LCAPPLICATION
332,/New_Volume/trade-finance/final_delivery/classification_training/V2_Final_Training_Data/LCAPPLICATION/LC_Application_415_5.png,LCAPPLICATION
333,/New_Volume/trade-finance/final_delivery/classification_training/V2_Final_Training_Data/LCAPPLICATION/LC_Application_512_1.png,LCAPPLICATION
334,/New_Volume/trade-finance/final_delivery/classification_training/V2_Final_Training_Data/LCAPPLICATION/LC_Application_447_0.png,LCAPPLICATION
335,/New_Volume/trade-finance/final_delivery/classification_training/V2_Final_Training_Data/LCAPPLICATION/LC_Application_505_1.png,LCAPPLICATION
336,/New_Volume/trade-finance/final_delivery/classification_training/V2_Final_Training_Data/LCAPPLICATION/LC_Application_108_1.png,LCAPPLICATION
337,/New_Volume/trade-finance/final_delivery/classification_training/V2_Final_Training_Data/LCAPPLICATION/LC_Application_163_1.png,LCAPPLICATION
338,/New_Volume/trade-finance/final_delivery/classification_training/V2_Final_Training_Data/LCAPPLICATION/LC_Application_218_1.png,LCAPPLICATION
339,/New_Volume/trade-finance/final_delivery/classification_training/V2_Final_Training_Data/LCAPPLICATION/LC_Application_163_3.png,LCAPPLICATION
340,/New_Volume/trade-finance/final_delivery/classification_training/V2_Final_Training_Data/LCAPPLICATION/LC_Application_427_9.png,LCAPPLICATION
341,/New_Volume/trade-finance/final_delivery/classification_training/V2_Final_Training_Data/LCAPPLICATION/LC_Application_126_2.png,LCAPPLICATION
342,/New_Volume/trade-finance/final_delivery/classification_training/V2_Final_Training_Data/LCAPPLICATION/LC_Application_125_3.png,LCAPPLICATION
343,/New_Volume/trade-finance/final_delivery/classification_training/V2_Final_Training_Data/LCAPPLICATION/LC_Application_100_1.png,LCAPPLICATION
344,/New_Volume/trade-finance/final_delivery/classification_training/V2_Final_Training_Data/LCAPPLICATION/LC_Application_447_1.png,LCAPPLICATION
345,/New_Volume/trade-finance/final_delivery/classification_training/V2_Final_Training_Data/LCAPPLICATION/LC_Application_512_0.png,LCAPPLICATION
346,/New_Volume/trade-finance/final_delivery/classification_training/V2_Final_Training_Data/LCAPPLICATION/LC_Application_466_5.png,LCAPPLICATION
347,/New_Volume/trade-finance/final_delivery/classification_training/V2_Final_Training_Data/LCAPPLICATION/LC_Application_411_1.png,LCAPPLICATION
348,/New_Volume/trade-finance/final_delivery/classification_training/V2_Final_Training_Data/LCAPPLICATION/LC_Application_452_4.png,LCAPPLICATION
349,/New_Volume/trade-finance/final_delivery/classification_training/V2_Final_Training_Data/LCAPPLICATION/LC_Application_126_5.png,LCAPPLICATION
350,/New_Volume/trade-finance/final_delivery/classification_training/V2_Final_Training_Data/LCAPPLICATION/LC_Application_496_5.png,LCAPPLICATION
351,/New_Volume/trade-finance/final_delivery/classification_training/V2_Final_Training_Data/LCAPPLICATION/LC_Application_317_1.png,LCAPPLICATION
352,/New_Volume/trade-finance/final_delivery/classification_training/V2_Final_Training_Data/LCAPPLICATION/LC_Application_404_1.png,LCAPPLICATION
353,/New_Volume/trade-finance/final_delivery/classification_training/V2_Final_Training_Data/LCAPPLICATION/LC_Application_449_3.png,LCAPPLICATION
354,/New_Volume/trade-finance/final_delivery/classification_training/V2_Final_Training_Data/LCAPPLICATION/LC_Application_288_1.png,LCAPPLICATION
355,/New_Volume/trade-finance/final_delivery/classification_training/V2_Final_Training_Data/LCAPPLICATION/LC_Application_452_1.png,LCAPPLICATION
356,/New_Volume/trade-finance/final_delivery/classification_training/V2_Final_Training_Data/LCAPPLICATION/LC_Application_452_2.png,LCAPPLICATION
357,/New_Volume/trade-finance/final_delivery/classification_training/V2_Final_Training_Data/LCAPPLICATION/LC_Application_427_7.png,LCAPPLICATION
358,/New_Volume/trade-finance/final_delivery/classification_training/V2_Final_Training_Data/LCAPPLICATION/LC_Application_143_0.png,LCAPPLICATION
359,/New_Volume/trade-finance/final_delivery/classification_training/V2_Final_Training_Data/LCAPPLICATION/LC_Application_295_2.png,LCAPPLICATION
360,/New_Volume/trade-finance/final_delivery/classification_training/V2_Final_Training_Data/LCAPPLICATION/LC_Application_439_4.png,LCAPPLICATION
361,/New_Volume/trade-finance/final_delivery/classification_training/V2_Final_Training_Data/LCAPPLICATION/LC_Application_100_2.png,LCAPPLICATION
362,/New_Volume/trade-finance/final_delivery/classification_training/V2_Final_Training_Data/LCAPPLICATION/LC_Application_128_3.png,LCAPPLICATION
363,/New_Volume/trade-finance/final_delivery/classification_training/V2_Final_Training_Data/LCAPPLICATION/LC_Application_199_1.png,LCAPPLICATION
364,/New_Volume/trade-finance/final_delivery/classification_training/V2_Final_Training_Data/LCAPPLICATION/LC_Application_406_2.png,LCAPPLICATION
365,/New_Volume/trade-finance/final_delivery/classification_training/V2_Final_Training_Data/LCAPPLICATION/LC_Application_529_1.png,LCAPPLICATION
366,/New_Volume/trade-finance/final_delivery/classification_training/V2_Final_Training_Data/LCAPPLICATION/LC_Application_263_2.png,LCAPPLICATION
367,/New_Volume/trade-finance/final_delivery/classification_training/V2_Final_Training_Data/LCAPPLICATION/LC_Application_288_2.png,LCAPPLICATION
368,/New_Volume/trade-finance/final_delivery/classification_training/V2_Final_Training_Data/LCAPPLICATION/LC_Application_188_0.png,LCAPPLICATION
369,/New_Volume/trade-finance/final_delivery/classification_training/V2_Final_Training_Data/LCAPPLICATION/LC_Application_226_0.png,LCAPPLICATION
370,/New_Volume/trade-finance/final_delivery/classification_training/V2_Final_Training_Data/LCAPPLICATION/LC_Application_157_2.png,LCAPPLICATION
371,/New_Volume/trade-finance/final_delivery/classification_training/V2_Final_Training_Data/LCAPPLICATION/LC_Application_170_0.png,LCAPPLICATION
372,/New_Volume/trade-finance/final_delivery/classification_training/V2_Final_Training_Data/LCAPPLICATION/LC_Application_419_1.png,LCAPPLICATION
373,/New_Volume/trade-finance/final_delivery/classification_training/V2_Final_Training_Data/LCAPPLICATION/LC_Application_439_8.png,LCAPPLICATION
374,/New_Volume/trade-finance/final_delivery/classification_training/V2_Final_Training_Data/LCAPPLICATION/LC_Application_256_0.png,LCAPPLICATION
375,/New_Volume/trade-finance/final_delivery/classification_training/V2_Final_Training_Data/LCAPPLICATION/LC_Application_233_0.png,LCAPPLICATION
376,/New_Volume/trade-finance/final_delivery/classification_training/V2_Final_Training_Data/LCAPPLICATION/LC_Application_133_8.png,LCAPPLICATION
377,/New_Volume/trade-finance/final_delivery/classification_training/V2_Final_Training_Data/LCAPPLICATION/LC_Application_134_2.png,LCAPPLICATION
378,/New_Volume/trade-finance/final_delivery/classification_training/V2_Final_Training_Data/LCAPPLICATION/LC_Application_111_0.png,LCAPPLICATION
379,/New_Volume/trade-finance/final_delivery/classification_training/V2_Final_Training_Data/LCAPPLICATION/LC_Application_364_0.png,LCAPPLICATION
380,/New_Volume/trade-finance/final_delivery/classification_training/V2_Final_Training_Data/LCAPPLICATION/LC_Application_415_9.png,LCAPPLICATION
381,/New_Volume/trade-finance/final_delivery/classification_training/V2_Final_Training_Data/LCAPPLICATION/LC_Application_454_0.png,LCAPPLICATION
382,/New_Volume/trade-finance/final_delivery/classification_training/V2_Final_Training_Data/LCAPPLICATION/LC_Application_416_2.png,LCAPPLICATION
383,/New_Volume/trade-finance/final_delivery/classification_training/V2_Final_Training_Data/LCAPPLICATION/LC_Application_305_1.png,LCAPPLICATION
384,/New_Volume/trade-finance/final_delivery/classification_training/V2_Final_Training_Data/LCAPPLICATION/LC_Application_398_1.png,LCAPPLICATION
385,/New_Volume/trade-finance/final_delivery/classification_training/V2_Final_Training_Data/LCAPPLICATION/LC_Application_393_1.png,LCAPPLICATION
386,/New_Volume/trade-finance/final_delivery/classification_training/V2_Final_Training_Data/LCAPPLICATION/LC_Application_415_8.png,LCAPPLICATION
387,/New_Volume/trade-finance/final_delivery/classification_training/V2_Final_Training_Data/LCAPPLICATION/LC_Application_133_7.png,LCAPPLICATION
388,/New_Volume/trade-finance/final_delivery/classification_training/V2_Final_Training_Data/LCAPPLICATION/LC_Application_417_2.png,LCAPPLICATION
389,/New_Volume/trade-finance/final_delivery/classification_training/V2_Final_Training_Data/LCAPPLICATION/LC_Application_404_2.png,LCAPPLICATION
390,/New_Volume/trade-finance/final_delivery/classification_training/V2_Final_Training_Data/LCAPPLICATION/LC_Application_492_1.png,LCAPPLICATION
391,/New_Volume/trade-finance/final_delivery/classification_training/V2_Final_Training_Data/LCAPPLICATION/LC_Application_342_4.png,LCAPPLICATION
392,/New_Volume/trade-finance/final_delivery/classification_training/V2_Final_Training_Data/LCAPPLICATION/LC_Application_427_11.png,LCAPPLICATION
393,/New_Volume/trade-finance/final_delivery/classification_training/V2_Final_Training_Data/LCAPPLICATION/LC_Application_145_5.png,LCAPPLICATION
394,/New_Volume/trade-finance/final_delivery/classification_training/V2_Final_Training_Data/LCAPPLICATION/LC_Application_199_3.png,LCAPPLICATION
395,/New_Volume/trade-finance/final_delivery/classification_training/V2_Final_Training_Data/LCAPPLICATION/LC_Application_163_4.png,LCAPPLICATION
396,/New_Volume/trade-finance/final_delivery/classification_training/V2_Final_Training_Data/LCAPPLICATION/LC_Application_394_0.png,LCAPPLICATION
397,/New_Volume/trade-finance/final_delivery/classification_training/V2_Final_Training_Data/LCAPPLICATION/LC_Application_466_0.png,LCAPPLICATION
398,/New_Volume/trade-finance/final_delivery/classification_training/V2_Final_Training_Data/LCAPPLICATION/LC_Application_103_1.png,LCAPPLICATION
399,/New_Volume/trade-finance/final_delivery/classification_training/V2_Final_Training_Data/LCAPPLICATION/LC_Application_210_3.png,LCAPPLICATION
400,/New_Volume/trade-finance/final_delivery/classification_training/V2_Final_Training_Data/LCAPPLICATION/LC_Application_311_2.png,LCAPPLICATION
401,/New_Volume/trade-finance/final_delivery/classification_training/V2_Final_Training_Data/LCAPPLICATION/LC_Application_369_1.png,LCAPPLICATION
402,/New_Volume/trade-finance/final_delivery/classification_training/V2_Final_Training_Data/LCAPPLICATION/LC_Application_207_6.png,LCAPPLICATION
403,/New_Volume/trade-finance/final_delivery/classification_training/V2_Final_Training_Data/LCAPPLICATION/LC_Application_145_4.png,LCAPPLICATION
404,/New_Volume/trade-finance/final_delivery/classification_training/V2_Final_Training_Data/LCAPPLICATION/LC_Application_371_0.png,LCAPPLICATION
405,/New_Volume/trade-finance/final_delivery/classification_training/V2_Final_Training_Data/LCAPPLICATION/LC_Application_311_0.png,LCAPPLICATION
406,/New_Volume/trade-finance/final_delivery/classification_training/V2_Final_Training_Data/LCAPPLICATION/LC_Application_165_0.png,LCAPPLICATION
407,/New_Volume/trade-finance/final_delivery/classification_training/V2_Final_Training_Data/LCAPPLICATION/LC_Application_363_1.png,LCAPPLICATION
408,/New_Volume/trade-finance/final_delivery/classification_training/V2_Final_Training_Data/LCAPPLICATION/LC_Application_274_1.png,LCAPPLICATION
409,/New_Volume/trade-finance/final_delivery/classification_training/V2_Final_Training_Data/LCAPPLICATION/LC_Application_517_3.png,LCAPPLICATION
410,/New_Volume/trade-finance/final_delivery/classification_training/V2_Final_Training_Data/LCAPPLICATION/LC_Application_226_1.png,LCAPPLICATION
411,/New_Volume/trade-finance/final_delivery/classification_training/V2_Final_Training_Data/LCAPPLICATION/LC_Application_398_3.png,LCAPPLICATION
412,/New_Volume/trade-finance/final_delivery/classification_training/V2_Final_Training_Data/LCAPPLICATION/LC_Application_456_0.png,LCAPPLICATION
413,/New_Volume/trade-finance/final_delivery/classification_training/V2_Final_Training_Data/LCAPPLICATION/LC_Application_374_1.png,LCAPPLICATION
414,/New_Volume/trade-finance/final_delivery/classification_training/V2_Final_Training_Data/LCAPPLICATION/LC_Application_324_5.png,LCAPPLICATION
415,/New_Volume/trade-finance/final_delivery/classification_training/V2_Final_Training_Data/LCAPPLICATION/LC_Application_415_10.png,LCAPPLICATION
416,/New_Volume/trade-finance/final_delivery/classification_training/V2_Final_Training_Data/LCAPPLICATION/LC_Application_200_2.png,LCAPPLICATION
417,/New_Volume/trade-finance/final_delivery/classification_training/V2_Final_Training_Data/LCAPPLICATION/LC_Application_373_0.png,LCAPPLICATION
418,/New_Volume/trade-finance/final_delivery/classification_training/V2_Final_Training_Data/LCAPPLICATION/LC_Application_195_4.png,LCAPPLICATION
419,/New_Volume/trade-finance/final_delivery/classification_training/V2_Final_Training_Data/LCAPPLICATION/LC_Application_486_1.png,LCAPPLICATION
420,/New_Volume/trade-finance/final_delivery/classification_training/V2_Final_Training_Data/LCAPPLICATION/LC_Application_437_4.png,LCAPPLICATION
421,/New_Volume/trade-finance/final_delivery/classification_training/V2_Final_Training_Data/LCAPPLICATION/LC_Application_415_7.png,LCAPPLICATION
422,/New_Volume/trade-finance/final_delivery/classification_training/V2_Final_Training_Data/LCAPPLICATION/LC_Application_514_1.png,LCAPPLICATION
423,/New_Volume/trade-finance/final_delivery/classification_training/V2_Final_Training_Data/LCAPPLICATION/LC_Application_488_0.png,LCAPPLICATION
424,/New_Volume/trade-finance/final_delivery/classification_training/V2_Final_Training_Data/LCAPPLICATION/LC_Application_487_0.png,LCAPPLICATION
425,/New_Volume/trade-finance/final_delivery/classification_training/V2_Final_Training_Data/LCAPPLICATION/LC_Application_519_0.png,LCAPPLICATION
426,/New_Volume/trade-finance/final_delivery/classification_training/V2_Final_Training_Data/LCAPPLICATION/LC_Application_456_1.png,LCAPPLICATION
427,/New_Volume/trade-finance/final_delivery/classification_training/V2_Final_Training_Data/LCAPPLICATION/LC_Application_496_4.png,LCAPPLICATION
428,/New_Volume/trade-finance/final_delivery/classification_training/V2_Final_Training_Data/LCAPPLICATION/LC_Application_520_0.png,LCAPPLICATION
429,/New_Volume/trade-finance/final_delivery/classification_training/V2_Final_Training_Data/LCAPPLICATION/LC_Application_370_2.png,LCAPPLICATION
430,/New_Volume/trade-finance/final_delivery/classification_training/V2_Final_Training_Data/LCAPPLICATION/LC_Application_129_2.png,LCAPPLICATION
431,/New_Volume/trade-finance/final_delivery/classification_training/V2_Final_Training_Data/LCAPPLICATION/LC_Application_336_2.png,LCAPPLICATION
432,/New_Volume/trade-finance/final_delivery/classification_training/V2_Final_Training_Data/LCAPPLICATION/LC_Application_412_0.png,LCAPPLICATION
433,/New_Volume/trade-finance/final_delivery/classification_training/V2_Final_Training_Data/LCAPPLICATION/LC_Application_455_3.png,LCAPPLICATION
434,/New_Volume/trade-finance/final_delivery/classification_training/V2_Final_Training_Data/LCAPPLICATION/LC_Application_519_3.png,LCAPPLICATION
435,/New_Volume/trade-finance/final_delivery/classification_training/V2_Final_Training_Data/LCAPPLICATION/LC_Application_453_0.png,LCAPPLICATION
436,/New_Volume/trade-finance/final_delivery/classification_training/V2_Final_Training_Data/LCAPPLICATION/LC_Application_445_0.png,LCAPPLICATION
437,/New_Volume/trade-finance/final_delivery/classification_training/V2_Final_Training_Data/LCAPPLICATION/LC_Application_508_3.png,LCAPPLICATION
438,/New_Volume/trade-finance/final_delivery/classification_training/V2_Final_Training_Data/LCAPPLICATION/LC_Application_357_0.png,LCAPPLICATION
439,/New_Volume/trade-finance/final_delivery/classification_training/V2_Final_Training_Data/LCAPPLICATION/LC_Application_305_2.png,LCAPPLICATION
440,/New_Volume/trade-finance/final_delivery/classification_training/V2_Final_Training_Data/LCAPPLICATION/LC_Application_305_0.png,LCAPPLICATION
441,/New_Volume/trade-finance/final_delivery/classification_training/V2_Final_Training_Data/LCAPPLICATION/LC_Application_440_0.png,LCAPPLICATION
442,/New_Volume/trade-finance/final_delivery/classification_training/V2_Final_Training_Data/LCAPPLICATION/LC_Application_111_3.png,LCAPPLICATION
443,/New_Volume/trade-finance/final_delivery/classification_training/V2_Final_Training_Data/LCAPPLICATION/LC_Application_317_0.png,LCAPPLICATION
444,/New_Volume/trade-finance/final_delivery/classification_training/V2_Final_Training_Data/LCAPPLICATION/LC_Application_270_2.png,LCAPPLICATION
445,/New_Volume/trade-finance/final_delivery/classification_training/V2_Final_Training_Data/LCAPPLICATION/LC_Application_317_2.png,LCAPPLICATION
446,/New_Volume/trade-finance/final_delivery/classification_training/V2_Final_Training_Data/LCAPPLICATION/LC_Application_383_0.png,LCAPPLICATION
447,/New_Volume/trade-finance/final_delivery/classification_training/V2_Final_Training_Data/LCAPPLICATION/LC_Application_342_2.png,LCAPPLICATION
448,/New_Volume/trade-finance/final_delivery/classification_training/V2_Final_Training_Data/LCAPPLICATION/LC_Application_519_1.png,LCAPPLICATION
449,/New_Volume/trade-finance/final_delivery/classification_training/V2_Final_Training_Data/LCAPPLICATION/LC_Application_474_0.png,LCAPPLICATION
450,/New_Volume/trade-finance/final_delivery/classification_training/V2_Final_Training_Data/LCAPPLICATION/LC_Application_427_4.png,LCAPPLICATION
451,/New_Volume/trade-finance/final_delivery/classification_training/V2_Final_Training_Data/LCAPPLICATION/LC_Application_311_1.png,LCAPPLICATION
452,/New_Volume/trade-finance/final_delivery/classification_training/V2_Final_Training_Data/LCAPPLICATION/LC_Application_219_4.png,LCAPPLICATION
453,/New_Volume/trade-finance/final_delivery/classification_training/V2_Final_Training_Data/LCAPPLICATION/LC_Application_125_1.png,LCAPPLICATION
454,/New_Volume/trade-finance/final_delivery/classification_training/V2_Final_Training_Data/LCAPPLICATION/LC_Application_499_1.png,LCAPPLICATION
455,/New_Volume/trade-finance/final_delivery/classification_training/V2_Final_Training_Data/LCAPPLICATION/LC_Application_488_3.png,LCAPPLICATION
456,/New_Volume/trade-finance/final_delivery/classification_training/V2_Final_Training_Data/LCAPPLICATION/LC_Application_398_2.png,LCAPPLICATION
457,/New_Volume/trade-finance/final_delivery/classification_training/V2_Final_Training_Data/LCAPPLICATION/LC_Application_342_3.png,LCAPPLICATION
458,/New_Volume/trade-finance/final_delivery/classification_training/V2_Final_Training_Data/LCAPPLICATION/LC_Application_529_2.png,LCAPPLICATION
459,/New_Volume/trade-finance/final_delivery/classification_training/V2_Final_Training_Data/LCAPPLICATION/LC_Application_215_1.png,LCAPPLICATION
460,/New_Volume/trade-finance/final_delivery/classification_training/V2_Final_Training_Data/LCAPPLICATION/LC_Application_377_2.png,LCAPPLICATION
461,/New_Volume/trade-finance/final_delivery/classification_training/V2_Final_Training_Data/LCAPPLICATION/LC_Application_158_0.png,LCAPPLICATION
462,/New_Volume/trade-finance/final_delivery/classification_training/V2_Final_Training_Data/LCAPPLICATION/LC_Application_397_2.png,LCAPPLICATION
463,/New_Volume/trade-finance/final_delivery/classification_training/V2_Final_Training_Data/LCAPPLICATION/LC_Application_111_2.png,LCAPPLICATION
464,/New_Volume/trade-finance/final_delivery/classification_training/V2_Final_Training_Data/LCAPPLICATION/LC_Application_336_1.png,LCAPPLICATION
465,/New_Volume/trade-finance/final_delivery/classification_training/V2_Final_Training_Data/LCAPPLICATION/LC_Application_530_2.png,LCAPPLICATION
466,/New_Volume/trade-finance/final_delivery/classification_training/V2_Final_Training_Data/LCAPPLICATION/LC_Application_370_3.png,LCAPPLICATION
467,/New_Volume/trade-finance/final_delivery/classification_training/V2_Final_Training_Data/LCAPPLICATION/LC_Application_245_2.png,LCAPPLICATION
468,/New_Volume/trade-finance/final_delivery/classification_training/V2_Final_Training_Data/LCAPPLICATION/LC_Application_466_1.png,LCAPPLICATION
469,/New_Volume/trade-finance/final_delivery/classification_training/V2_Final_Training_Data/LCAPPLICATION/LC_Application_518_0.png,LCAPPLICATION
470,/New_Volume/trade-finance/final_delivery/classification_training/V2_Final_Training_Data/LCAPPLICATION/LC_Application_219_2.png,LCAPPLICATION
471,/New_Volume/trade-finance/final_delivery/classification_training/V2_Final_Training_Data/LCAPPLICATION/LC_Application_324_4.png,LCAPPLICATION
472,/New_Volume/trade-finance/final_delivery/classification_training/V2_Final_Training_Data/LCAPPLICATION/LC_Application_523_1.png,LCAPPLICATION
473,/New_Volume/trade-finance/final_delivery/classification_training/V2_Final_Training_Data/LCAPPLICATION/LC_Application_520_1.png,LCAPPLICATION
474,/New_Volume/trade-finance/final_delivery/classification_training/V2_Final_Training_Data/LCAPPLICATION/LC_Application_466_4.png,LCAPPLICATION
475,/New_Volume/trade-finance/final_delivery/classification_training/V2_Final_Training_Data/LCAPPLICATION/LC_Application_474_2.png,LCAPPLICATION
476,/New_Volume/trade-finance/final_delivery/classification_training/V2_Final_Training_Data/LCAPPLICATION/LC_Application_145_6.png,LCAPPLICATION
477,/New_Volume/trade-finance/final_delivery/classification_training/V2_Final_Training_Data/LCAPPLICATION/LC_Application_410_1.png,LCAPPLICATION
478,/New_Volume/trade-finance/final_delivery/classification_training/V2_Final_Training_Data/LCAPPLICATION/LC_Application_210_4.png,LCAPPLICATION
479,/New_Volume/trade-finance/final_delivery/classification_training/V2_Final_Training_Data/LCAPPLICATION/LC_Application_158_1.png,LCAPPLICATION
480,/New_Volume/trade-finance/final_delivery/classification_training/V2_Final_Training_Data/LCAPPLICATION/LC_Application_449_0.png,LCAPPLICATION
481,/New_Volume/trade-finance/final_delivery/classification_training/V2_Final_Training_Data/LCAPPLICATION/LC_Application_203_2.png,LCAPPLICATION
482,/New_Volume/trade-finance/final_delivery/classification_training/V2_Final_Training_Data/LCAPPLICATION/LC_Application_128_2.png,LCAPPLICATION
483,/New_Volume/trade-finance/final_delivery/classification_training/V2_Final_Training_Data/LCAPPLICATION/LC_Application_107_3.png,LCAPPLICATION
484,/New_Volume/trade-finance/final_delivery/classification_training/V2_Final_Training_Data/LCAPPLICATION/LC_Application_107_2.png,LCAPPLICATION
485,/New_Volume/trade-finance/final_delivery/classification_training/V2_Final_Training_Data/LCAPPLICATION/LC_Application_111_1.png,LCAPPLICATION
486,/New_Volume/trade-finance/final_delivery/classification_training/V2_Final_Training_Data/LCAPPLICATION/LC_Application_357_1.png,LCAPPLICATION
487,/New_Volume/trade-finance/final_delivery/classification_training/V2_Final_Training_Data/LCAPPLICATION/LC_Application_385_2.png,LCAPPLICATION
488,/New_Volume/trade-finance/final_delivery/classification_training/V2_Final_Training_Data/LCAPPLICATION/LC_Application_102_1.png,LCAPPLICATION
489,/New_Volume/trade-finance/final_delivery/classification_training/V2_Final_Training_Data/LCAPPLICATION/LC_Application_219_5.png,LCAPPLICATION
490,/New_Volume/trade-finance/final_delivery/classification_training/V2_Final_Training_Data/LCAPPLICATION/LC_Application_393_2.png,LCAPPLICATION
491,/New_Volume/trade-finance/final_delivery/classification_training/V2_Final_Training_Data/LCAPPLICATION/LC_Application_416_3.png,LCAPPLICATION
492,/New_Volume/trade-finance/final_delivery/classification_training/V2_Final_Training_Data/LCAPPLICATION/LC_Application_320_4.png,LCAPPLICATION
493,/New_Volume/trade-finance/final_delivery/classification_training/V2_Final_Training_Data/LCAPPLICATION/LC_Application_458_0.png,LCAPPLICATION
494,/New_Volume/trade-finance/final_delivery/classification_training/V2_Final_Training_Data/LCAPPLICATION/LC_Application_508_0.png,LCAPPLICATION
495,/New_Volume/trade-finance/final_delivery/classification_training/V2_Final_Training_Data/LCAPPLICATION/LC_Application_516_2.png,LCAPPLICATION
496,/New_Volume/trade-finance/final_delivery/classification_training/V2_Final_Training_Data/LCAPPLICATION/LC_Application_370_1.png,LCAPPLICATION
497,/New_Volume/trade-finance/final_delivery/classification_training/V2_Final_Training_Data/LCAPPLICATION/LC_Application_219_0.png,LCAPPLICATION
498,/New_Volume/trade-finance/final_delivery/classification_training/V2_Final_Training_Data/LCAPPLICATION/LC_Application_133_4.png,LCAPPLICATION
499,/New_Volume/trade-finance/final_delivery/classification_training/V2_Final_Training_Data/LCAPPLICATION/LC_Application_406_1.png,LCAPPLICATION
500,/New_Volume/trade-finance/final_delivery/classification_training/V2_Final_Training_Data/LCAPPLICATION/LC_Application_488_1.png,LCAPPLICATION
501,/New_Volume/trade-finance/final_delivery/classification_training/V2_Final_Training_Data/LCAPPLICATION/LC_Application_411_2.png,LCAPPLICATION
502,/New_Volume/trade-finance/final_delivery/classification_training/V2_Final_Training_Data/LCAPPLICATION/LC_Application_413_1.png,LCAPPLICATION
503,/New_Volume/trade-finance/final_delivery/classification_training/V2_Final_Training_Data/LCAPPLICATION/LC_Application_526_0.png,LCAPPLICATION
504,/New_Volume/trade-finance/final_delivery/classification_training/V2_Final_Training_Data/LCAPPLICATION/LC_Application_381_2.png,LCAPPLICATION
505,/New_Volume/trade-finance/final_delivery/classification_training/V2_Final_Training_Data/LCAPPLICATION/LC_Application_400_8.png,LCAPPLICATION
506,/New_Volume/trade-finance/final_delivery/classification_training/V2_Final_Training_Data/LCAPPLICATION/LC_Application_331_2.png,LCAPPLICATION
507,/New_Volume/trade-finance/final_delivery/classification_training/V2_Final_Training_Data/LCAPPLICATION/LC_Application_359_0.png,LCAPPLICATION
508,/New_Volume/trade-finance/final_delivery/classification_training/V2_Final_Training_Data/LCAPPLICATION/LC_Application_129_4.png,LCAPPLICATION
509,/New_Volume/trade-finance/final_delivery/classification_training/V2_Final_Training_Data/LCAPPLICATION/LC_Application_529_0.png,LCAPPLICATION
510,/New_Volume/trade-finance/final_delivery/classification_training/V2_Final_Training_Data/LCAPPLICATION/LC_Application_404_0.png,LCAPPLICATION
511,/New_Volume/trade-finance/final_delivery/classification_training/V2_Final_Training_Data/LCAPPLICATION/LC_Application_410_2.png,LCAPPLICATION
512,/New_Volume/trade-finance/final_delivery/classification_training/V2_Final_Training_Data/LCAPPLICATION/LC_Application_527_1.png,LCAPPLICATION
513,/New_Volume/trade-finance/final_delivery/classification_training/V2_Final_Training_Data/LCAPPLICATION/LC_Application_207_4.png,LCAPPLICATION
514,/New_Volume/trade-finance/final_delivery/classification_training/V2_Final_Training_Data/LCAPPLICATION/LC_Application_383_1.png,LCAPPLICATION
515,/New_Volume/trade-finance/final_delivery/classification_training/V2_Final_Training_Data/LCAPPLICATION/LC_Application_491_0.png,LCAPPLICATION
516,/New_Volume/trade-finance/final_delivery/classification_training/V2_Final_Training_Data/LCAPPLICATION/LC_Application_521_0.png,LCAPPLICATION
517,/New_Volume/trade-finance/final_delivery/classification_training/V2_Final_Training_Data/LCAPPLICATION/LC_Application_507_6.png,LCAPPLICATION
518,/New_Volume/trade-finance/final_delivery/classification_training/V2_Final_Training_Data/LCAPPLICATION/LC_Application_194_3.png,LCAPPLICATION
519,/New_Volume/trade-finance/final_delivery/classification_training/V2_Final_Training_Data/LCAPPLICATION/LC_Application_427_1.png,LCAPPLICATION
520,/New_Volume/trade-finance/final_delivery/classification_training/V2_Final_Training_Data/LCAPPLICATION/LC_Application_410_3.png,LCAPPLICATION
521,/New_Volume/trade-finance/final_delivery/classification_training/V2_Final_Training_Data/LCAPPLICATION/LC_Application_496_0.png,LCAPPLICATION
522,/New_Volume/trade-finance/final_delivery/classification_training/V2_Final_Training_Data/LCAPPLICATION/LC_Application_171_1.png,LCAPPLICATION
523,/New_Volume/trade-finance/final_delivery/classification_training/V2_Final_Training_Data/LCAPPLICATION/LC_Application_447_2.png,LCAPPLICATION
524,/New_Volume/trade-finance/final_delivery/classification_training/V2_Final_Training_Data/LCAPPLICATION/LC_Application_130_1.png,LCAPPLICATION
525,/New_Volume/trade-finance/final_delivery/classification_training/V2_Final_Training_Data/LCAPPLICATION/LC_Application_440_2.png,LCAPPLICATION
526,/New_Volume/trade-finance/final_delivery/classification_training/V2_Final_Training_Data/LCAPPLICATION/LC_Application_415_4.png,LCAPPLICATION
527,/New_Volume/trade-finance/final_delivery/classification_training/V2_Final_Training_Data/LCAPPLICATION/LC_Application_219_3.png,LCAPPLICATION
528,/New_Volume/trade-finance/final_delivery/classification_training/V2_Final_Training_Data/LCAPPLICATION/LC_Application_199_2.png,LCAPPLICATION
529,/New_Volume/trade-finance/final_delivery/classification_training/V2_Final_Training_Data/LCAPPLICATION/LC_Application_233_1.png,LCAPPLICATION
530,/New_Volume/trade-finance/final_delivery/classification_training/V2_Final_Training_Data/LCAPPLICATION/LC_Application_331_0.png,LCAPPLICATION
531,/New_Volume/trade-finance/final_delivery/classification_training/V2_Final_Training_Data/LCAPPLICATION/LC_Application_129_0.png,LCAPPLICATION
532,/New_Volume/trade-finance/final_delivery/classification_training/V2_Final_Training_Data/LCAPPLICATION/LC_Application_342_0.png,LCAPPLICATION
533,/New_Volume/trade-finance/final_delivery/classification_training/V2_Final_Training_Data/LCAPPLICATION/LC_Application_521_1.png,LCAPPLICATION
534,/New_Volume/trade-finance/final_delivery/classification_training/V2_Final_Training_Data/LCAPPLICATION/LC_Application_519_2.png,LCAPPLICATION
535,/New_Volume/trade-finance/final_delivery/classification_training/V2_Final_Training_Data/LCAPPLICATION/LC_Application_453_2.png,LCAPPLICATION
536,/New_Volume/trade-finance/final_delivery/classification_training/V2_Final_Training_Data/LCAPPLICATION/LC_Application_108_2.png,LCAPPLICATION
537,/New_Volume/trade-finance/final_delivery/classification_training/V2_Final_Training_Data/LCAPPLICATION/LC_Application_417_1.png,LCAPPLICATION
538,/New_Volume/trade-finance/final_delivery/classification_training/V2_Final_Training_Data/LCAPPLICATION/LC_Application_541_0.png,LCAPPLICATION
539,/New_Volume/trade-finance/final_delivery/classification_training/V2_Final_Training_Data/LCAPPLICATION/LC_Application_185_1.png,LCAPPLICATION
540,/New_Volume/trade-finance/final_delivery/classification_training/V2_Final_Training_Data/LCAPPLICATION/LC_Application_496_2.png,LCAPPLICATION
541,/New_Volume/trade-finance/final_delivery/classification_training/V2_Final_Training_Data/LCAPPLICATION/LC_Application_108_0.png,LCAPPLICATION
542,/New_Volume/trade-finance/final_delivery/classification_training/V2_Final_Training_Data/LCAPPLICATION/LC_Application_198_1.png,LCAPPLICATION
543,/New_Volume/trade-finance/final_delivery/classification_training/V2_Final_Training_Data/LCAPPLICATION/LC_Application_195_2.png,LCAPPLICATION
544,/New_Volume/trade-finance/final_delivery/classification_training/V2_Final_Training_Data/LCAPPLICATION/LC_Application_336_0.png,LCAPPLICATION
545,/New_Volume/trade-finance/final_delivery/classification_training/V2_Final_Training_Data/LCAPPLICATION/LC_Application_171_0.png,LCAPPLICATION
546,/New_Volume/trade-finance/final_delivery/classification_training/V2_Final_Training_Data/LCAPPLICATION/LC_Application_507_2.png,LCAPPLICATION
547,/New_Volume/trade-finance/final_delivery/classification_training/V2_Final_Training_Data/LCAPPLICATION/LC_Application_130_2.png,LCAPPLICATION
548,/New_Volume/trade-finance/final_delivery/classification_training/V2_Final_Training_Data/LCAPPLICATION/LC_Application_427_2.png,LCAPPLICATION
549,/New_Volume/trade-finance/final_delivery/classification_training/V2_Final_Training_Data/LCAPPLICATION/LC_Application_370_0.png,LCAPPLICATION
550,/New_Volume/trade-finance/final_delivery/classification_training/V2_Final_Training_Data/LCAPPLICATION/LC_Application_442_0.png,LCAPPLICATION
551,/New_Volume/trade-finance/final_delivery/classification_training/V2_Final_Training_Data/LCAPPLICATION/LC_Application_274_4.png,LCAPPLICATION
552,/New_Volume/trade-finance/final_delivery/classification_training/V2_Final_Training_Data/LCAPPLICATION/LC_Application_182_0.png,LCAPPLICATION
553,/New_Volume/trade-finance/final_delivery/classification_training/V2_Final_Training_Data/LCAPPLICATION/LC_Application_421_0.png,LCAPPLICATION
554,/New_Volume/trade-finance/final_delivery/classification_training/V2_Final_Training_Data/LCAPPLICATION/LC_Application_245_1.png,LCAPPLICATION
555,/New_Volume/trade-finance/final_delivery/classification_training/V2_Final_Training_Data/LCAPPLICATION/LC_Application_155_1.png,LCAPPLICATION
556,/New_Volume/trade-finance/final_delivery/classification_training/V2_Final_Training_Data/LCAPPLICATION/LC_Application_340_0.png,LCAPPLICATION
557,/New_Volume/trade-finance/final_delivery/classification_training/V2_Final_Training_Data/LCAPPLICATION/LC_Application_324_1.png,LCAPPLICATION
558,/New_Volume/trade-finance/final_delivery/classification_training/V2_Final_Training_Data/LCAPPLICATION/LC_Application_305_3.png,LCAPPLICATION
559,/New_Volume/trade-finance/final_delivery/classification_training/V2_Final_Training_Data/LCAPPLICATION/LC_Application_474_3.png,LCAPPLICATION
560,/New_Volume/trade-finance/final_delivery/classification_training/V2_Final_Training_Data/LCAPPLICATION/LC_Application_440_1.png,LCAPPLICATION
561,/New_Volume/trade-finance/final_delivery/classification_training/V2_Final_Training_Data/LCAPPLICATION/LC_Application_359_1.png,LCAPPLICATION
562,/New_Volume/trade-finance/final_delivery/classification_training/V2_Final_Training_Data/LCAPPLICATION/LC_Application_438_1.png,LCAPPLICATION
563,/New_Volume/trade-finance/final_delivery/classification_training/V2_Final_Training_Data/LCAPPLICATION/LC_Application_194_1.png,LCAPPLICATION
564,/New_Volume/trade-finance/final_delivery/classification_training/V2_Final_Training_Data/LCAPPLICATION/LC_Application_520_2.png,LCAPPLICATION
565,/New_Volume/trade-finance/final_delivery/classification_training/V2_Final_Training_Data/LCAPPLICATION/LC_Application_377_4.png,LCAPPLICATION
566,/New_Volume/trade-finance/final_delivery/classification_training/V2_Final_Training_Data/LCAPPLICATION/LC_Application_394_2.png,LCAPPLICATION
567,/New_Volume/trade-finance/final_delivery/classification_training/V2_Final_Training_Data/LCAPPLICATION/LC_Application_400_0.png,LCAPPLICATION
568,/New_Volume/trade-finance/final_delivery/classification_training/V2_Final_Training_Data/LCAPPLICATION/LC_Application_223_0.png,LCAPPLICATION
569,/New_Volume/trade-finance/final_delivery/classification_training/V2_Final_Training_Data/LCAPPLICATION/LC_Application_124_0.png,LCAPPLICATION
570,/New_Volume/trade-finance/final_delivery/classification_training/V2_Final_Training_Data/LCAPPLICATION/LC_Application_210_0.png,LCAPPLICATION
571,/New_Volume/trade-finance/final_delivery/classification_training/V2_Final_Training_Data/LCAPPLICATION/LC_Application_170_1.png,LCAPPLICATION
572,/New_Volume/trade-finance/final_delivery/classification_training/V2_Final_Training_Data/LCAPPLICATION/LC_Application_246_6.png,LCAPPLICATION
573,/New_Volume/trade-finance/final_delivery/classification_training/V2_Final_Training_Data/LCAPPLICATION/LC_Application_280_0.png,LCAPPLICATION
574,/New_Volume/trade-finance/final_delivery/classification_training/V2_Final_Training_Data/LCAPPLICATION/LC_Application_377_0.png,LCAPPLICATION
575,/New_Volume/trade-finance/final_delivery/classification_training/V2_Final_Training_Data/LCAPPLICATION/LC_Application_155_0.png,LCAPPLICATION
576,/New_Volume/trade-finance/final_delivery/classification_training/V2_Final_Training_Data/LCAPPLICATION/LC_Application_207_0.png,LCAPPLICATION
577,/New_Volume/trade-finance/final_delivery/classification_training/V2_Final_Training_Data/LCAPPLICATION/LC_Application_455_2.png,LCAPPLICATION
578,/New_Volume/trade-finance/final_delivery/classification_training/V2_Final_Training_Data/LCAPPLICATION/LC_Application_377_3.png,LCAPPLICATION
579,/New_Volume/trade-finance/final_delivery/classification_training/V2_Final_Training_Data/LCAPPLICATION/LC_Application_427_3.png,LCAPPLICATION
580,/New_Volume/trade-finance/final_delivery/classification_training/V2_Final_Training_Data/LCAPPLICATION/LC_Application_503_0.png,LCAPPLICATION
581,/New_Volume/trade-finance/final_delivery/classification_training/V2_Final_Training_Data/LCAPPLICATION/LC_Application_438_0.png,LCAPPLICATION
582,/New_Volume/trade-finance/final_delivery/classification_training/V2_Final_Training_Data/LCAPPLICATION/LC_Application_295_1.png,LCAPPLICATION
583,/New_Volume/trade-finance/final_delivery/classification_training/V2_Final_Training_Data/LCAPPLICATION/LC_Application_458_1.png,LCAPPLICATION
584,/New_Volume/trade-finance/final_delivery/classification_training/V2_Final_Training_Data/LCAPPLICATION/LC_Application_375_0.png,LCAPPLICATION
585,/New_Volume/trade-finance/final_delivery/classification_training/V2_Final_Training_Data/LCAPPLICATION/LC_Application_465_0.png,LCAPPLICATION
586,/New_Volume/trade-finance/final_delivery/classification_training/V2_Final_Training_Data/LCAPPLICATION/LC_Application_200_1.png,LCAPPLICATION
587,/New_Volume/trade-finance/final_delivery/classification_training/V2_Final_Training_Data/LCAPPLICATION/LC_Application_517_0.png,LCAPPLICATION
588,/New_Volume/trade-finance/final_delivery/classification_training/V2_Final_Training_Data/LCAPPLICATION/LC_Application_406_3.png,LCAPPLICATION
589,/New_Volume/trade-finance/final_delivery/classification_training/V2_Final_Training_Data/LCAPPLICATION/LC_Application_373_2.png,LCAPPLICATION
590,/New_Volume/trade-finance/final_delivery/classification_training/V2_Final_Training_Data/LCAPPLICATION/LC_Application_171_2.png,LCAPPLICATION
591,/New_Volume/trade-finance/final_delivery/classification_training/V2_Final_Training_Data/LCAPPLICATION/LC_Application_503_1.png,LCAPPLICATION
592,/New_Volume/trade-finance/final_delivery/classification_training/V2_Final_Training_Data/LCAPPLICATION/LC_Application_143_2.png,LCAPPLICATION
593,/New_Volume/trade-finance/final_delivery/classification_training/V2_Final_Training_Data/LCAPPLICATION/LC_Application_416_0.png,LCAPPLICATION
594,/New_Volume/trade-finance/final_delivery/classification_training/V2_Final_Training_Data/LCAPPLICATION/LC_Application_226_2.png,LCAPPLICATION
595,/New_Volume/trade-finance/final_delivery/classification_training/V2_Final_Training_Data/LCAPPLICATION/LC_Application_305_4.png,LCAPPLICATION
596,/New_Volume/trade-finance/final_delivery/classification_training/V2_Final_Training_Data/LCAPPLICATION/LC_Application_250_0.png,LCAPPLICATION
597,/New_Volume/trade-finance/final_delivery/classification_training/V2_Final_Training_Data/LCAPPLICATION/LC_Application_274_2.png,LCAPPLICATION
598,/New_Volume/trade-finance/final_delivery/classification_training/V2_Final_Training_Data/LCAPPLICATION/LC_Application_486_2.png,LCAPPLICATION
599,/New_Volume/trade-finance/final_delivery/classification_training/V2_Final_Training_Data/LCAPPLICATION/LC_Application_411_3.png,LCAPPLICATION
600,/New_Volume/trade-finance/final_delivery/classification_training/V2_Final_Training_Data/LCAPPLICATION/LC_Application_100_0.png,LCAPPLICATION
601,/New_Volume/trade-finance/final_delivery/classification_training/V2_Final_Training_Data/LCAPPLICATION/LC_Application_101_1.png,LCAPPLICATION
602,/New_Volume/trade-finance/final_delivery/classification_training/V2_Final_Training_Data/LCAPPLICATION/LC_Application_280_1.png,LCAPPLICATION
603,/New_Volume/trade-finance/final_delivery/classification_training/V2_Final_Training_Data/LCAPPLICATION/LC_Application_448_1.png,LCAPPLICATION
604,/New_Volume/trade-finance/final_delivery/classification_training/V2_Final_Training_Data/LCAPPLICATION/LC_Application_439_1.png,LCAPPLICATION
605,/New_Volume/trade-finance/final_delivery/classification_training/V2_Final_Training_Data/LCAPPLICATION/LC_Application_487_4.png,LCAPPLICATION
606,/New_Volume/trade-finance/final_delivery/classification_training/V2_Final_Training_Data/LCAPPLICATION/LC_Application_126_6.png,LCAPPLICATION
607,/New_Volume/trade-finance/final_delivery/classification_training/V2_Final_Training_Data/LCAPPLICATION/LC_Application_369_0.png,LCAPPLICATION
608,/New_Volume/trade-finance/final_delivery/classification_training/V2_Final_Training_Data/LCAPPLICATION/LC_Application_219_1.png,LCAPPLICATION
609,/New_Volume/trade-finance/final_delivery/classification_training/V2_Final_Training_Data/LCAPPLICATION/LC_Application_519_5.png,LCAPPLICATION
610,/New_Volume/trade-finance/final_delivery/classification_training/V2_Final_Training_Data/LCAPPLICATION/LC_Application_501_0.png,LCAPPLICATION
611,/New_Volume/trade-finance/final_delivery/classification_training/V2_Final_Training_Data/LCAPPLICATION/LC_Application_487_3.png,LCAPPLICATION
612,/New_Volume/trade-finance/final_delivery/classification_training/V2_Final_Training_Data/LCAPPLICATION/LC_Application_246_2.png,LCAPPLICATION
613,/New_Volume/trade-finance/final_delivery/classification_training/V2_Final_Training_Data/LCAPPLICATION/LC_Application_101_0.png,LCAPPLICATION
614,/New_Volume/trade-finance/final_delivery/classification_training/V2_Final_Training_Data/LCAPPLICATION/LC_Application_437_5.png,LCAPPLICATION
615,/New_Volume/trade-finance/final_delivery/classification_training/V2_Final_Training_Data/LCAPPLICATION/LC_Application_413_3.png,LCAPPLICATION
616,/New_Volume/trade-finance/final_delivery/classification_training/V2_Final_Training_Data/LCAPPLICATION/LC_Application_444_0.png,LCAPPLICATION
617,/New_Volume/trade-finance/final_delivery/classification_training/V2_Final_Training_Data/LCAPPLICATION/LC_Application_246_3.png,LCAPPLICATION
618,/New_Volume/trade-finance/final_delivery/classification_training/V2_Final_Training_Data/LCAPPLICATION/LC_Application_223_3.png,LCAPPLICATION
619,/New_Volume/trade-finance/final_delivery/classification_training/V2_Final_Training_Data/LCAPPLICATION/LC_Application_263_1.png,LCAPPLICATION
620,/New_Volume/trade-finance/final_delivery/classification_training/V2_Final_Training_Data/LCAPPLICATION/LC_Application_413_0.png,LCAPPLICATION
621,/New_Volume/trade-finance/final_delivery/classification_training/V2_Final_Training_Data/LCAPPLICATION/LC_Application_102_3.png,LCAPPLICATION
622,/New_Volume/trade-finance/final_delivery/classification_training/V2_Final_Training_Data/LCAPPLICATION/LC_Application_198_0.png,LCAPPLICATION
623,/New_Volume/trade-finance/final_delivery/classification_training/V2_Final_Training_Data/LCAPPLICATION/LC_Application_310_0.png,LCAPPLICATION
624,/New_Volume/trade-finance/final_delivery/classification_training/V2_Final_Training_Data/LCAPPLICATION/LC_Application_222_0.png,LCAPPLICATION
625,/New_Volume/trade-finance/final_delivery/classification_training/V2_Final_Training_Data/LCAPPLICATION/LC_Application_364_1.png,LCAPPLICATION
626,/New_Volume/trade-finance/final_delivery/classification_training/V2_Final_Training_Data/LCAPPLICATION/LC_Application_194_2.png,LCAPPLICATION
627,/New_Volume/trade-finance/final_delivery/classification_training/V2_Final_Training_Data/LCAPPLICATION/LC_Application_101_2.png,LCAPPLICATION
628,/New_Volume/trade-finance/final_delivery/classification_training/V2_Final_Training_Data/LCAPPLICATION/LC_Application_452_3.png,LCAPPLICATION
629,/New_Volume/trade-finance/final_delivery/classification_training/V2_Final_Training_Data/LCAPPLICATION/LC_Application_519_4.png,LCAPPLICATION
630,/New_Volume/trade-finance/final_delivery/classification_training/V2_Final_Training_Data/LCAPPLICATION/LC_Application_491_2.png,LCAPPLICATION
631,/New_Volume/trade-finance/final_delivery/classification_training/V2_Final_Training_Data/LCAPPLICATION/LC_Application_213_0.png,LCAPPLICATION
632,/New_Volume/trade-finance/final_delivery/classification_training/V2_Final_Training_Data/LCAPPLICATION/LC_Application_212_1.png,LCAPPLICATION
633,/New_Volume/trade-finance/final_delivery/classification_training/V2_Final_Training_Data/LCAPPLICATION/LC_Application_133_3.png,LCAPPLICATION
634,/New_Volume/trade-finance/final_delivery/classification_training/V2_Final_Training_Data/LCAPPLICATION/LC_Application_363_0.png,LCAPPLICATION
635,/New_Volume/trade-finance/final_delivery/classification_training/V2_Final_Training_Data/LCAPPLICATION/LC_Application_369_2.png,LCAPPLICATION
636,/New_Volume/trade-finance/final_delivery/classification_training/V2_Final_Training_Data/LCAPPLICATION/LC_Application_393_0.png,LCAPPLICATION
637,/New_Volume/trade-finance/final_delivery/classification_training/V2_Final_Training_Data/LCAPPLICATION/LC_Application_143_1.png,LCAPPLICATION
638,/New_Volume/trade-finance/final_delivery/classification_training/V2_Final_Training_Data/LCAPPLICATION/LC_Application_288_3.png,LCAPPLICATION
639,/New_Volume/trade-finance/final_delivery/classification_training/V2_Final_Training_Data/LCAPPLICATION/LC_Application_466_2.png,LCAPPLICATION
640,/New_Volume/trade-finance/final_delivery/classification_training/V2_Final_Training_Data/LCAPPLICATION/LC_Application_526_3.png,LCAPPLICATION
641,/New_Volume/trade-finance/final_delivery/classification_training/V2_Final_Training_Data/LCAPPLICATION/LC_Application_449_2.png,LCAPPLICATION
642,/New_Volume/trade-finance/final_delivery/classification_training/V2_Final_Training_Data/LCAPPLICATION/LC_Application_288_0.png,LCAPPLICATION
643,/New_Volume/trade-finance/final_delivery/classification_training/V2_Final_Training_Data/LCAPPLICATION/LC_Application_218_4.png,LCAPPLICATION
644,/New_Volume/trade-finance/final_delivery/classification_training/V2_Final_Training_Data/LCAPPLICATION/LC_Application_429_0.png,LCAPPLICATION
645,/New_Volume/trade-finance/final_delivery/classification_training/V2_Final_Training_Data/LCAPPLICATION/LC_Application_508_4.png,LCAPPLICATION
646,/New_Volume/trade-finance/final_delivery/classification_training/V2_Final_Training_Data/LCAPPLICATION/LC_Application_188_1.png,LCAPPLICATION
647,/New_Volume/trade-finance/final_delivery/classification_training/V2_Final_Training_Data/LCAPPLICATION/LC_Application_107_1.png,LCAPPLICATION
648,/New_Volume/trade-finance/final_delivery/classification_training/V2_Final_Training_Data/LCAPPLICATION/LC_Application_413_2.png,LCAPPLICATION
649,/New_Volume/trade-finance/final_delivery/classification_training/V2_Final_Training_Data/LCAPPLICATION/LC_Application_223_1.png,LCAPPLICATION
650,/New_Volume/trade-finance/final_delivery/classification_training/V2_Final_Training_Data/LCAPPLICATION/LC_Application_218_3.png,LCAPPLICATION
651,/New_Volume/trade-finance/final_delivery/classification_training/V2_Final_Training_Data/LCAPPLICATION/LC_Application_133_2.png,LCAPPLICATION
652,/New_Volume/trade-finance/final_delivery/classification_training/V2_Final_Training_Data/LCAPPLICATION/LC_Application_415_6.png,LCAPPLICATION
653,/New_Volume/trade-finance/final_delivery/classification_training/V2_Final_Training_Data/LCAPPLICATION/LC_Application_514_2.png,LCAPPLICATION
654,/New_Volume/trade-finance/final_delivery/classification_training/V2_Final_Training_Data/LCAPPLICATION/LC_Application_102_0.png,LCAPPLICATION
655,/New_Volume/trade-finance/final_delivery/classification_training/V2_Final_Training_Data/OTHERS/Bill_Of_Landing_617_page_3.png,OTHERS
656,/New_Volume/trade-finance/final_delivery/classification_training/V2_Final_Training_Data/OTHERS/Covering_Schedule_285_page_1.png,OTHERS
657,/New_Volume/trade-finance/final_delivery/classification_training/V2_Final_Training_Data/OTHERS/Bill_Of_Landing_846_page_0.png,OTHERS
658,/New_Volume/trade-finance/final_delivery/classification_training/V2_Final_Training_Data/OTHERS/Certificate_Of_Origin_537_page_1.png,OTHERS
659,/New_Volume/trade-finance/final_delivery/classification_training/V2_Final_Training_Data/OTHERS/Bill_Of_Landing_562_page_46.png,OTHERS
660,/New_Volume/trade-finance/final_delivery/classification_training/V2_Final_Training_Data/OTHERS/Covering_Schedule_234_page_8.png,OTHERS
661,/New_Volume/trade-finance/final_delivery/classification_training/V2_Final_Training_Data/OTHERS/Certificate_Of_Origin_61_page_2.png,OTHERS
662,/New_Volume/trade-finance/final_delivery/classification_training/V2_Final_Training_Data/OTHERS/Certificate_Of_Origin_559_page_1.png,OTHERS
663,/New_Volume/trade-finance/final_delivery/classification_training/V2_Final_Training_Data/OTHERS/Certificate_Of_Origin_115_page_7.png,OTHERS
664,/New_Volume/trade-finance/final_delivery/classification_training/V2_Final_Training_Data/OTHERS/Certificate_Of_Origin_418_page_3.png,OTHERS
665,/New_Volume/trade-finance/final_delivery/classification_training/V2_Final_Training_Data/OTHERS/Certificate_Of_Origin_314_page_30.png,OTHERS
666,/New_Volume/trade-finance/final_delivery/classification_training/V2_Final_Training_Data/OTHERS/Bill_Of_Landing_457_page_1.png,OTHERS
667,/New_Volume/trade-finance/final_delivery/classification_training/V2_Final_Training_Data/OTHERS/Certificate_Of_Origin_269_page_14.png,OTHERS
668,/New_Volume/trade-finance/final_delivery/classification_training/V2_Final_Training_Data/OTHERS/Bill_Of_Landing_467_page_1.png,OTHERS
669,/New_Volume/trade-finance/final_delivery/classification_training/V2_Final_Training_Data/OTHERS/Certificate_Of_Origin_810_page_1.png,OTHERS
670,/New_Volume/trade-finance/final_delivery/classification_training/V2_Final_Training_Data/OTHERS/Bill_of_lading_544_page_20.png,OTHERS
671,/New_Volume/trade-finance/final_delivery/classification_training/V2_Final_Training_Data/OTHERS/Certificate_Of_Origin_115_page_8.png,OTHERS
672,/New_Volume/trade-finance/final_delivery/classification_training/V2_Final_Training_Data/OTHERS/Certificate_Of_Origin_204_page_4.png,OTHERS
673,/New_Volume/trade-finance/final_delivery/classification_training/V2_Final_Training_Data/OTHERS/Certificate_Of_Origin_765_page_0.png,OTHERS
674,/New_Volume/trade-finance/final_delivery/classification_training/V2_Final_Training_Data/OTHERS/Bill_Of_Landing_235_page_1.png,OTHERS
675,/New_Volume/trade-finance/final_delivery/classification_training/V2_Final_Training_Data/OTHERS/Certificate_Of_Origin_588_page_1.png,OTHERS
676,/New_Volume/trade-finance/final_delivery/classification_training/V2_Final_Training_Data/OTHERS/Covering_Schedule_12_page_11.png,OTHERS
677,/New_Volume/trade-finance/final_delivery/classification_training/V2_Final_Training_Data/OTHERS/Covering_Schedule_18_page_2.png,OTHERS
678,/New_Volume/trade-finance/final_delivery/classification_training/V2_Final_Training_Data/OTHERS/Certificate_Of_Origin_122_page_3.png,OTHERS
679,/New_Volume/trade-finance/final_delivery/classification_training/V2_Final_Training_Data/OTHERS/Certificate_Of_Origin_508_page_1.png,OTHERS
680,/New_Volume/trade-finance/final_delivery/classification_training/V2_Final_Training_Data/OTHERS/Covering_Schedule_232_page_2.png,OTHERS
681,/New_Volume/trade-finance/final_delivery/classification_training/V2_Final_Training_Data/OTHERS/Bill_Of_Landing_875_page_0.png,OTHERS
682,/New_Volume/trade-finance/final_delivery/classification_training/V2_Final_Training_Data/OTHERS/Covering_Schedule_190_page_2.png,OTHERS
683,/New_Volume/trade-finance/final_delivery/classification_training/V2_Final_Training_Data/OTHERS/Certificate_Of_Origin_315_page_1.png,OTHERS
684,/New_Volume/trade-finance/final_delivery/classification_training/V2_Final_Training_Data/OTHERS/Certificate_Of_Origin_269_page_26.png,OTHERS
685,/New_Volume/trade-finance/final_delivery/classification_training/V2_Final_Training_Data/OTHERS/Bill_Of_Landing_898_page_2.png,OTHERS
686,/New_Volume/trade-finance/final_delivery/classification_training/V2_Final_Training_Data/OTHERS/Certificate_Of_Origin_917_page_5.png,OTHERS
687,/New_Volume/trade-finance/final_delivery/classification_training/V2_Final_Training_Data/OTHERS/Bill_Of_Landing_888_page_5.png,OTHERS
688,/New_Volume/trade-finance/final_delivery/classification_training/V2_Final_Training_Data/OTHERS/Certificate_Of_Origin_723_page_3.png,OTHERS
689,/New_Volume/trade-finance/final_delivery/classification_training/V2_Final_Training_Data/OTHERS/Certificate_Of_Origin_541_page_1.png,OTHERS
690,/New_Volume/trade-finance/final_delivery/classification_training/V2_Final_Training_Data/OTHERS/Bill_Of_Landing_383_page_2.png,OTHERS
691,/New_Volume/trade-finance/final_delivery/classification_training/V2_Final_Training_Data/OTHERS/Bill_Of_Landing_328_page_1.png,OTHERS
692,/New_Volume/trade-finance/final_delivery/classification_training/V2_Final_Training_Data/OTHERS/Bill_Of_Landing_826_page_0.png,OTHERS
693,/New_Volume/trade-finance/final_delivery/classification_training/V2_Final_Training_Data/OTHERS/Bill_Of_Landing_652_page_4.png,OTHERS
694,/New_Volume/trade-finance/final_delivery/classification_training/V2_Final_Training_Data/OTHERS/Bill_Of_Landing_591_page_1.png,OTHERS
695,/New_Volume/trade-finance/final_delivery/classification_training/V2_Final_Training_Data/OTHERS/Certificate_Of_Origin_111_page_1.png,OTHERS
696,/New_Volume/trade-finance/final_delivery/classification_training/V2_Final_Training_Data/OTHERS/Certificate_Of_Origin_580_page_28.png,OTHERS
697,/New_Volume/trade-finance/final_delivery/classification_training/V2_Final_Training_Data/OTHERS/Bill_Of_Landing_385_page_1.png,OTHERS
698,/New_Volume/trade-finance/final_delivery/classification_training/V2_Final_Training_Data/OTHERS/Covering_Schedule_230_page_0.png,OTHERS
699,/New_Volume/trade-finance/final_delivery/classification_training/V2_Final_Training_Data/OTHERS/Certificate_Of_Origin_449_page_5.png,OTHERS
700,/New_Volume/trade-finance/final_delivery/classification_training/V2_Final_Training_Data/OTHERS/Certificate_Of_Origin_467_page_2.png,OTHERS
701,/New_Volume/trade-finance/final_delivery/classification_training/V2_Final_Training_Data/OTHERS/Bill_Of_Landing_823_page_0.png,OTHERS
702,/New_Volume/trade-finance/final_delivery/classification_training/V2_Final_Training_Data/OTHERS/Covering_Schedule(2013_04_17_19_41_14_6047)_743_page_0.png,OTHERS
703,/New_Volume/trade-finance/final_delivery/classification_training/V2_Final_Training_Data/OTHERS/Certificate_Of_Origin_340_page_1.png,OTHERS
704,/New_Volume/trade-finance/final_delivery/classification_training/V2_Final_Training_Data/OTHERS/Bill_Of_Landing_591_page_5.png,OTHERS
705,/New_Volume/trade-finance/final_delivery/classification_training/V2_Final_Training_Data/OTHERS/Bill_Of_Landing_418_page_29.png,OTHERS
706,/New_Volume/trade-finance/final_delivery/classification_training/V2_Final_Training_Data/OTHERS/Covering_Schedule_281_page_3.png,OTHERS
707,/New_Volume/trade-finance/final_delivery/classification_training/V2_Final_Training_Data/OTHERS/Bill_Of_Landing_530_page_5.png,OTHERS
708,/New_Volume/trade-finance/final_delivery/classification_training/V2_Final_Training_Data/OTHERS/Bill_of_lading_511_page_1.png,OTHERS
709,/New_Volume/trade-finance/final_delivery/classification_training/V2_Final_Training_Data/OTHERS/Certificate_Of_Origin_723_page_2.png,OTHERS
710,/New_Volume/trade-finance/final_delivery/classification_training/V2_Final_Training_Data/OTHERS/Bill_Of_Landing_441_page_1.png,OTHERS
711,/New_Volume/trade-finance/final_delivery/classification_training/V2_Final_Training_Data/OTHERS/Bill_Of_Landing_864_page_1.png,OTHERS
712,/New_Volume/trade-finance/final_delivery/classification_training/V2_Final_Training_Data/OTHERS/Covering_Schedule_188_page_1.png,OTHERS
713,/New_Volume/trade-finance/final_delivery/classification_training/V2_Final_Training_Data/OTHERS/Covering_Schedule_190_page_1.png,OTHERS
714,/New_Volume/trade-finance/final_delivery/classification_training/V2_Final_Training_Data/OTHERS/Certificate_Of_Origin_319_page_1.png,OTHERS
715,/New_Volume/trade-finance/final_delivery/classification_training/V2_Final_Training_Data/OTHERS/Covering_Schedule_121_page_0.png,OTHERS
716,/New_Volume/trade-finance/final_delivery/classification_training/V2_Final_Training_Data/OTHERS/Bill_of_lading_45_page_2.png,OTHERS
717,/New_Volume/trade-finance/final_delivery/classification_training/V2_Final_Training_Data/OTHERS/Bill_Of_Landing_587_page_3.png,OTHERS
718,/New_Volume/trade-finance/final_delivery/classification_training/V2_Final_Training_Data/OTHERS/Certificate_Of_Origin_579_page_3.png,OTHERS
719,/New_Volume/trade-finance/final_delivery/classification_training/V2_Final_Training_Data/OTHERS/Bill_Of_Landing_562_page_2.png,OTHERS
720,/New_Volume/trade-finance/final_delivery/classification_training/V2_Final_Training_Data/OTHERS/Certificate_Of_Origin_521_page_4.png,OTHERS
721,/New_Volume/trade-finance/final_delivery/classification_training/V2_Final_Training_Data/OTHERS/Certificate_Of_Origin_631_page_1.png,OTHERS
722,/New_Volume/trade-finance/final_delivery/classification_training/V2_Final_Training_Data/OTHERS/Covering_Schedule_153_page_1.png,OTHERS
723,/New_Volume/trade-finance/final_delivery/classification_training/V2_Final_Training_Data/OTHERS/Bill_Of_Landing_294_page_1.png,OTHERS
724,/New_Volume/trade-finance/final_delivery/classification_training/V2_Final_Training_Data/OTHERS/Certificate_Of_Origin_977_page_5.png,OTHERS
725,/New_Volume/trade-finance/final_delivery/classification_training/V2_Final_Training_Data/OTHERS/Bill_Of_Landing_418_page_1.png,OTHERS
726,/New_Volume/trade-finance/final_delivery/classification_training/V2_Final_Training_Data/OTHERS/Bill_Of_Landing_262_page_5.png,OTHERS
727,/New_Volume/trade-finance/final_delivery/classification_training/V2_Final_Training_Data/OTHERS/Covering_Schedule_166_page_0.png,OTHERS
728,/New_Volume/trade-finance/final_delivery/classification_training/V2_Final_Training_Data/OTHERS/Certificate_Of_Origin_521_page_5.png,OTHERS
729,/New_Volume/trade-finance/final_delivery/classification_training/V2_Final_Training_Data/OTHERS/Bill_Of_Landing_368_page_2.png,OTHERS
730,/New_Volume/trade-finance/final_delivery/classification_training/V2_Final_Training_Data/OTHERS/Certificate_Of_Origin_315_page_3.png,OTHERS
731,/New_Volume/trade-finance/final_delivery/classification_training/V2_Final_Training_Data/OTHERS/Certificate_Of_Origin_547_page_4.png,OTHERS
732,/New_Volume/trade-finance/final_delivery/classification_training/V2_Final_Training_Data/OTHERS/Certificate_Of_Origin_323_page_2.png,OTHERS
733,/New_Volume/trade-finance/final_delivery/classification_training/V2_Final_Training_Data/OTHERS/Bill_Of_Landing_793_page_1.png,OTHERS
734,/New_Volume/trade-finance/final_delivery/classification_training/V2_Final_Training_Data/OTHERS/Certificate_Of_Origin_201_page_4.png,OTHERS
735,/New_Volume/trade-finance/final_delivery/classification_training/V2_Final_Training_Data/OTHERS/Certificate_Of_Origin_662_page_0.png,OTHERS
736,/New_Volume/trade-finance/final_delivery/classification_training/V2_Final_Training_Data/OTHERS/Covering_Schedule_267_page_7.png,OTHERS
737,/New_Volume/trade-finance/final_delivery/classification_training/V2_Final_Training_Data/OTHERS/Certificate_Of_Origin_559_page_3.png,OTHERS
738,/New_Volume/trade-finance/final_delivery/classification_training/V2_Final_Training_Data/OTHERS/Certificate_Of_Origin_347_page_17.png,OTHERS
739,/New_Volume/trade-finance/final_delivery/classification_training/V2_Final_Training_Data/OTHERS/Certificate_Of_Origin_268_page_0.png,OTHERS
740,/New_Volume/trade-finance/final_delivery/classification_training/V2_Final_Training_Data/OTHERS/Covering_Schedule_0_page_2.png,OTHERS
741,/New_Volume/trade-finance/final_delivery/classification_training/V2_Final_Training_Data/OTHERS/Covering_Schedule_274_page_0.png,OTHERS
742,/New_Volume/trade-finance/final_delivery/classification_training/V2_Final_Training_Data/OTHERS/Covering_Schedule_169_page_6.png,OTHERS
743,/New_Volume/trade-finance/final_delivery/classification_training/V2_Final_Training_Data/OTHERS/Certificate_Of_Origin_347_page_15.png,OTHERS
744,/New_Volume/trade-finance/final_delivery/classification_training/V2_Final_Training_Data/OTHERS/Certificate_Of_Origin_754_page_3.png,OTHERS
745,/New_Volume/trade-finance/final_delivery/classification_training/V2_Final_Training_Data/OTHERS/Bill_Of_Landing_810_page_0.png,OTHERS
746,/New_Volume/trade-finance/final_delivery/classification_training/V2_Final_Training_Data/OTHERS/Bill_Of_Landing_803_page_4.png,OTHERS
747,/New_Volume/trade-finance/final_delivery/classification_training/V2_Final_Training_Data/OTHERS/Bill_Of_Landing_358_page_1.png,OTHERS
748,/New_Volume/trade-finance/final_delivery/classification_training/V2_Final_Training_Data/OTHERS/Covering_Schedule_111_page_0.png,OTHERS
749,/New_Volume/trade-finance/final_delivery/classification_training/V2_Final_Training_Data/OTHERS/Covering_Schedule_187_page_1.png,OTHERS
750,/New_Volume/trade-finance/final_delivery/classification_training/V2_Final_Training_Data/OTHERS/Certificate_Of_Origin_470_page_0.png,OTHERS
751,/New_Volume/trade-finance/final_delivery/classification_training/V2_Final_Training_Data/OTHERS/Bill_Of_Landing_812_page_2.png,OTHERS
752,/New_Volume/trade-finance/final_delivery/classification_training/V2_Final_Training_Data/OTHERS/Covering_Schedule_224_page_2.png,OTHERS
753,/New_Volume/trade-finance/final_delivery/classification_training/V2_Final_Training_Data/OTHERS/Certificate_Of_Origin_843_page_3.png,OTHERS
754,/New_Volume/trade-finance/final_delivery/classification_training/V2_Final_Training_Data/OTHERS/Certificate_Of_Origin_747_page_2.png,OTHERS
755,/New_Volume/trade-finance/final_delivery/classification_training/V2_Final_Training_Data/OTHERS/Certificate_Of_Origin_754_page_5.png,OTHERS
756,/New_Volume/trade-finance/final_delivery/classification_training/V2_Final_Training_Data/OTHERS/Bill_Of_Landing_579_page_2.png,OTHERS
757,/New_Volume/trade-finance/final_delivery/classification_training/V2_Final_Training_Data/OTHERS/Certificate_Of_Origin_448_page_4.png,OTHERS
758,/New_Volume/trade-finance/final_delivery/classification_training/V2_Final_Training_Data/OTHERS/Certificate_Of_Origin_314_page_13.png,OTHERS
759,/New_Volume/trade-finance/final_delivery/classification_training/V2_Final_Training_Data/OTHERS/Covering_Schedule_253_page_1.png,OTHERS
760,/New_Volume/trade-finance/final_delivery/classification_training/V2_Final_Training_Data/OTHERS/Certificate_Of_Origin_564_page_0.png,OTHERS
761,/New_Volume/trade-finance/final_delivery/classification_training/V2_Final_Training_Data/OTHERS/Bill_Of_Landing_711_page_1.png,OTHERS
762,/New_Volume/trade-finance/final_delivery/classification_training/V2_Final_Training_Data/OTHERS/Bill_Of_Landing_730_page_6.png,OTHERS
763,/New_Volume/trade-finance/final_delivery/classification_training/V2_Final_Training_Data/OTHERS/Covering_Schedule_178_page_8.png,OTHERS
764,/New_Volume/trade-finance/final_delivery/classification_training/V2_Final_Training_Data/OTHERS/Covering_Schedule_228_page_0.png,OTHERS
765,/New_Volume/trade-finance/final_delivery/classification_training/V2_Final_Training_Data/OTHERS/Certificate_Of_Origin_756_page_1.png,OTHERS
766,/New_Volume/trade-finance/final_delivery/classification_training/V2_Final_Training_Data/OTHERS/Covering_Schedule_178_page_6.png,OTHERS
767,/New_Volume/trade-finance/final_delivery/classification_training/V2_Final_Training_Data/OTHERS/Certificate_Of_Origin_204_page_0.png,OTHERS
768,/New_Volume/trade-finance/final_delivery/classification_training/V2_Final_Training_Data/OTHERS/Covering_Schedule_173_page_3.png,OTHERS
769,/New_Volume/trade-finance/final_delivery/classification_training/V2_Final_Training_Data/OTHERS/Certificate_Of_Origin_917_page_3.png,OTHERS
770,/New_Volume/trade-finance/final_delivery/classification_training/V2_Final_Training_Data/OTHERS/Bill_Of_Landing_714_page_1.png,OTHERS
771,/New_Volume/trade-finance/final_delivery/classification_training/V2_Final_Training_Data/OTHERS/Bill_Of_Landing_141_page_0.png,OTHERS
772,/New_Volume/trade-finance/final_delivery/classification_training/V2_Final_Training_Data/OTHERS/Covering_Schedule_234_page_9.png,OTHERS
773,/New_Volume/trade-finance/final_delivery/classification_training/V2_Final_Training_Data/OTHERS/Covering_Schedule_174_page_1.png,OTHERS
774,/New_Volume/trade-finance/final_delivery/classification_training/V2_Final_Training_Data/OTHERS/Certificate_Of_Origin_470_page_6.png,OTHERS
775,/New_Volume/trade-finance/final_delivery/classification_training/V2_Final_Training_Data/OTHERS/Bill_Of_Landing_759_page_1.png,OTHERS
776,/New_Volume/trade-finance/final_delivery/classification_training/V2_Final_Training_Data/OTHERS/Bill_Of_Landing_871_page_1.png,OTHERS
777,/New_Volume/trade-finance/final_delivery/classification_training/V2_Final_Training_Data/OTHERS/Bill_Of_Landing_235_page_2.png,OTHERS
778,/New_Volume/trade-finance/final_delivery/classification_training/V2_Final_Training_Data/OTHERS/Covering_Schedule_177_page_0.png,OTHERS
779,/New_Volume/trade-finance/final_delivery/classification_training/V2_Final_Training_Data/OTHERS/Certificate_Of_Origin_60_page_1.png,OTHERS
780,/New_Volume/trade-finance/final_delivery/classification_training/V2_Final_Training_Data/OTHERS/Bill_Of_Landing_856_page_7.png,OTHERS
781,/New_Volume/trade-finance/final_delivery/classification_training/V2_Final_Training_Data/OTHERS/Bill_Of_Landing_192_page_4.png,OTHERS
782,/New_Volume/trade-finance/final_delivery/classification_training/V2_Final_Training_Data/OTHERS/Certificate_Of_Origin_314_page_8.png,OTHERS
783,/New_Volume/trade-finance/final_delivery/classification_training/V2_Final_Training_Data/OTHERS/Bill_Of_Landing_360_page_17.png,OTHERS
784,/New_Volume/trade-finance/final_delivery/classification_training/V2_Final_Training_Data/OTHERS/Covering_Schedule_19_page_1.png,OTHERS
785,/New_Volume/trade-finance/final_delivery/classification_training/V2_Final_Training_Data/OTHERS/Covering_Schedule_20_page_1.png,OTHERS
786,/New_Volume/trade-finance/final_delivery/classification_training/V2_Final_Training_Data/OTHERS/Certificate_Of_Origin_470_page_39.png,OTHERS
787,/New_Volume/trade-finance/final_delivery/classification_training/V2_Final_Training_Data/OTHERS/Certificate_Of_Origin_269_page_10.png,OTHERS
788,/New_Volume/trade-finance/final_delivery/classification_training/V2_Final_Training_Data/OTHERS/Bill_Of_Landing_825_page_5.png,OTHERS
789,/New_Volume/trade-finance/final_delivery/classification_training/V2_Final_Training_Data/OTHERS/Bill_Of_Landing_243_page_7.png,OTHERS
790,/New_Volume/trade-finance/final_delivery/classification_training/V2_Final_Training_Data/OTHERS/Covering_Schedule_246_page_0.png,OTHERS
791,/New_Volume/trade-finance/final_delivery/classification_training/V2_Final_Training_Data/OTHERS/Certificate_Of_Origin_885_page_2.png,OTHERS
792,/New_Volume/trade-finance/final_delivery/classification_training/V2_Final_Training_Data/OTHERS/Bill_Of_Landing_299_page_0.png,OTHERS
793,/New_Volume/trade-finance/final_delivery/classification_training/V2_Final_Training_Data/OTHERS/Covering_Schedule_219_page_1.png,OTHERS
794,/New_Volume/trade-finance/final_delivery/classification_training/V2_Final_Training_Data/OTHERS/Covering_Schedule(2013_04_16_11_41_29_1270)_242_page_0.png,OTHERS
795,/New_Volume/trade-finance/final_delivery/classification_training/V2_Final_Training_Data/OTHERS/Certificate_Of_Origin_757_page_1.png,OTHERS
796,/New_Volume/trade-finance/final_delivery/classification_training/V2_Final_Training_Data/OTHERS/Bill_Of_Landing_190_page_3.png,OTHERS
797,/New_Volume/trade-finance/final_delivery/classification_training/V2_Final_Training_Data/OTHERS/Bill_Of_Landing_444_page_1.png,OTHERS
798,/New_Volume/trade-finance/final_delivery/classification_training/V2_Final_Training_Data/OTHERS/Certificate_Of_Origin_580_page_48.png,OTHERS
799,/New_Volume/trade-finance/final_delivery/classification_training/V2_Final_Training_Data/OTHERS/Certificate_Of_Origin_965_page_2.png,OTHERS
800,/New_Volume/trade-finance/final_delivery/classification_training/V2_Final_Training_Data/OTHERS/Bill_Of_Landing_808_page_4.png,OTHERS
801,/New_Volume/trade-finance/final_delivery/classification_training/V2_Final_Training_Data/OTHERS/Covering_Schedule_162_page_3.png,OTHERS
802,/New_Volume/trade-finance/final_delivery/classification_training/V2_Final_Training_Data/OTHERS/Bill_Of_Landing_469_page_5.png,OTHERS
803,/New_Volume/trade-finance/final_delivery/classification_training/V2_Final_Training_Data/OTHERS/Bill_Of_Landing_729_page_1.png,OTHERS
804,/New_Volume/trade-finance/final_delivery/classification_training/V2_Final_Training_Data/OTHERS/Bill_of_lading_1015_page_2.png,OTHERS
805,/New_Volume/trade-finance/final_delivery/classification_training/V2_Final_Training_Data/OTHERS/Bill_Of_Landing_450_page_1.png,OTHERS
806,/New_Volume/trade-finance/final_delivery/classification_training/V2_Final_Training_Data/OTHERS/Bill_Of_Landing_825_page_1.png,OTHERS
807,/New_Volume/trade-finance/final_delivery/classification_training/V2_Final_Training_Data/OTHERS/Covering_Schedule_12_page_7.png,OTHERS
808,/New_Volume/trade-finance/final_delivery/classification_training/V2_Final_Training_Data/OTHERS/Certificate_Of_Origin_269_page_16.png,OTHERS
809,/New_Volume/trade-finance/final_delivery/classification_training/V2_Final_Training_Data/OTHERS/Bill_Of_Landing_151_page_1.png,OTHERS
810,/New_Volume/trade-finance/final_delivery/classification_training/V2_Final_Training_Data/OTHERS/Certificate_Of_Origin_662_page_6.png,OTHERS
811,/New_Volume/trade-finance/final_delivery/classification_training/V2_Final_Training_Data/OTHERS/Bill_Of_Landing_845_page_1.png,OTHERS
812,/New_Volume/trade-finance/final_delivery/classification_training/V2_Final_Training_Data/OTHERS/Covering_Schedule_153_page_10.png,OTHERS
813,/New_Volume/trade-finance/final_delivery/classification_training/V2_Final_Training_Data/OTHERS/Bill_of_lading_1001_page_6.png,OTHERS
814,/New_Volume/trade-finance/final_delivery/classification_training/V2_Final_Training_Data/OTHERS/Covering_Schedule_169_page_5.png,OTHERS
815,/New_Volume/trade-finance/final_delivery/classification_training/V2_Final_Training_Data/OTHERS/Bill_Of_Landing_868_page_5.png,OTHERS
816,/New_Volume/trade-finance/final_delivery/classification_training/V2_Final_Training_Data/OTHERS/Certificate_Of_Origin_269_page_9.png,OTHERS
817,/New_Volume/trade-finance/final_delivery/classification_training/V2_Final_Training_Data/OTHERS/Covering_Schedule_206_page_0.png,OTHERS
818,/New_Volume/trade-finance/final_delivery/classification_training/V2_Final_Training_Data/OTHERS/Bill_Of_Landing_834_page_1.png,OTHERS
819,/New_Volume/trade-finance/final_delivery/classification_training/V2_Final_Training_Data/OTHERS/Bill_Of_Landing_600_page_14.png,OTHERS
820,/New_Volume/trade-finance/final_delivery/classification_training/V2_Final_Training_Data/OTHERS/Bill_Of_Landing_360_page_14.png,OTHERS
821,/New_Volume/trade-finance/final_delivery/classification_training/V2_Final_Training_Data/OTHERS/Certificate_Of_Origin_112_page_2.png,OTHERS
822,/New_Volume/trade-finance/final_delivery/classification_training/V2_Final_Training_Data/OTHERS/Certificate_Of_Origin_115_page_19.png,OTHERS
823,/New_Volume/trade-finance/final_delivery/classification_training/V2_Final_Training_Data/OTHERS/Covering_Schedule_226_page_0.png,OTHERS
824,/New_Volume/trade-finance/final_delivery/classification_training/V2_Final_Training_Data/OTHERS/Certificate_Of_Origin_269_page_12.png,OTHERS
825,/New_Volume/trade-finance/final_delivery/classification_training/V2_Final_Training_Data/OTHERS/Bill_Of_Landing_187_page_3.png,OTHERS
826,/New_Volume/trade-finance/final_delivery/classification_training/V2_Final_Training_Data/OTHERS/Covering_Schedule_25_page_1.png,OTHERS
827,/New_Volume/trade-finance/final_delivery/classification_training/V2_Final_Training_Data/OTHERS/Certificate_Of_Origin_977_page_4.png,OTHERS
828,/New_Volume/trade-finance/final_delivery/classification_training/V2_Final_Training_Data/OTHERS/Bill_Of_Landing_869_page_6.png,OTHERS
829,/New_Volume/trade-finance/final_delivery/classification_training/V2_Final_Training_Data/OTHERS/Covering_Schedule_267_page_0.png,OTHERS
830,/New_Volume/trade-finance/final_delivery/classification_training/V2_Final_Training_Data/OTHERS/Covering_Schedule_148_page_0.png,OTHERS
831,/New_Volume/trade-finance/final_delivery/classification_training/V2_Final_Training_Data/OTHERS/Bill_Of_Landing_868_page_3.png,OTHERS
832,/New_Volume/trade-finance/final_delivery/classification_training/V2_Final_Training_Data/OTHERS/Bill_Of_Landing_566_page_1.png,OTHERS
833,/New_Volume/trade-finance/final_delivery/classification_training/V2_Final_Training_Data/OTHERS/Bill_Of_Landing_128_page_1.png,OTHERS
834,/New_Volume/trade-finance/final_delivery/classification_training/V2_Final_Training_Data/OTHERS/Bill_Of_Landing_299_page_2.png,OTHERS
835,/New_Volume/trade-finance/final_delivery/classification_training/V2_Final_Training_Data/OTHERS/Covering_Schedule_184_page_0.png,OTHERS
836,/New_Volume/trade-finance/final_delivery/classification_training/V2_Final_Training_Data/OTHERS/Certificate_Of_Origin_539_page_1.png,OTHERS
837,/New_Volume/trade-finance/final_delivery/classification_training/V2_Final_Training_Data/OTHERS/Bill_Of_Landing_520_page_2.png,OTHERS
838,/New_Volume/trade-finance/final_delivery/classification_training/V2_Final_Training_Data/OTHERS/Certificate_Of_Origin_623_page_3.png,OTHERS
839,/New_Volume/trade-finance/final_delivery/classification_training/V2_Final_Training_Data/OTHERS/Certificate_Of_Origin_619_page_3.png,OTHERS
840,/New_Volume/trade-finance/final_delivery/classification_training/V2_Final_Training_Data/OTHERS/Certificate_Of_Origin_269_page_29.png,OTHERS
841,/New_Volume/trade-finance/final_delivery/classification_training/V2_Final_Training_Data/OTHERS/Bill_of_lading_2008_page_1.png,OTHERS
842,/New_Volume/trade-finance/final_delivery/classification_training/V2_Final_Training_Data/OTHERS/Certificate_Of_Origin_14_page_1.png,OTHERS
843,/New_Volume/trade-finance/final_delivery/classification_training/V2_Final_Training_Data/OTHERS/Covering_Schedule_250_page_2.png,OTHERS
844,/New_Volume/trade-finance/final_delivery/classification_training/V2_Final_Training_Data/OTHERS/Certificate_Of_Origin_486_page_1.png,OTHERS
845,/New_Volume/trade-finance/final_delivery/classification_training/V2_Final_Training_Data/OTHERS/Certificate_Of_Origin_470_page_41.png,OTHERS
846,/New_Volume/trade-finance/final_delivery/classification_training/V2_Final_Training_Data/OTHERS/Bill_of_lading_1509_page_3.png,OTHERS
847,/New_Volume/trade-finance/final_delivery/classification_training/V2_Final_Training_Data/OTHERS/Bill_Of_Landing_113_page_1.png,OTHERS
848,/New_Volume/trade-finance/final_delivery/classification_training/V2_Final_Training_Data/OTHERS/Bill_of_lading_1999_page_6.png,OTHERS
849,/New_Volume/trade-finance/final_delivery/classification_training/V2_Final_Training_Data/OTHERS/Bill_of_lading_1019_page_1.png,OTHERS
850,/New_Volume/trade-finance/final_delivery/classification_training/V2_Final_Training_Data/OTHERS/Covering_Schedule_173_page_1.png,OTHERS
851,/New_Volume/trade-finance/final_delivery/classification_training/V2_Final_Training_Data/OTHERS/Bill_Of_Landing_416_page_8.png,OTHERS
852,/New_Volume/trade-finance/final_delivery/classification_training/V2_Final_Training_Data/OTHERS/Covering_Schedule(2012_07_20_13_49_13_9591)_651_page_0.png,OTHERS
853,/New_Volume/trade-finance/final_delivery/classification_training/V2_Final_Training_Data/OTHERS/Certificate_Of_Origin_313_page_6.png,OTHERS
854,/New_Volume/trade-finance/final_delivery/classification_training/V2_Final_Training_Data/OTHERS/Certificate_Of_Origin_968_page_2.png,OTHERS
855,/New_Volume/trade-finance/final_delivery/classification_training/V2_Final_Training_Data/OTHERS/Bill_Of_Landing_730_page_5.png,OTHERS
856,/New_Volume/trade-finance/final_delivery/classification_training/V2_Final_Training_Data/OTHERS/Certificate_Of_Origin_969_page_1.png,OTHERS
857,/New_Volume/trade-finance/final_delivery/classification_training/V2_Final_Training_Data/OTHERS/Covering_Schedule_259_page_3.png,OTHERS
858,/New_Volume/trade-finance/final_delivery/classification_training/V2_Final_Training_Data/OTHERS/Certificate_Of_Origin_611_page_2.png,OTHERS
859,/New_Volume/trade-finance/final_delivery/classification_training/V2_Final_Training_Data/OTHERS/Certificate_Of_Origin_470_page_4.png,OTHERS
860,/New_Volume/trade-finance/final_delivery/classification_training/V2_Final_Training_Data/OTHERS/Bill_Of_Landing_124_page_1.png,OTHERS
861,/New_Volume/trade-finance/final_delivery/classification_training/V2_Final_Training_Data/OTHERS/Bill_Of_Landing_617_page_5.png,OTHERS
862,/New_Volume/trade-finance/final_delivery/classification_training/V2_Final_Training_Data/OTHERS/Certificate_Of_Origin_902_page_0.png,OTHERS
863,/New_Volume/trade-finance/final_delivery/classification_training/V2_Final_Training_Data/OTHERS/Certificate_Of_Origin_313_page_9.png,OTHERS
864,/New_Volume/trade-finance/final_delivery/classification_training/V2_Final_Training_Data/OTHERS/Certificate_Of_Origin_470_page_37.png,OTHERS
865,/New_Volume/trade-finance/final_delivery/classification_training/V2_Final_Training_Data/OTHERS/Bill_Of_Landing_512_page_1.png,OTHERS
866,/New_Volume/trade-finance/final_delivery/classification_training/V2_Final_Training_Data/OTHERS/Bill_of_lading_2000_page_1.png,OTHERS
867,/New_Volume/trade-finance/final_delivery/classification_training/V2_Final_Training_Data/OTHERS/Bill_Of_Landing_562_page_39.png,OTHERS
868,/New_Volume/trade-finance/final_delivery/classification_training/V2_Final_Training_Data/OTHERS/Bill_Of_Landing_327_page_1.png,OTHERS
869,/New_Volume/trade-finance/final_delivery/classification_training/V2_Final_Training_Data/OTHERS/Certificate_Of_Origin_875_page_1.png,OTHERS
870,/New_Volume/trade-finance/final_delivery/classification_training/V2_Final_Training_Data/OTHERS/Bill_Of_Landing_600_page_6.png,OTHERS
871,/New_Volume/trade-finance/final_delivery/classification_training/V2_Final_Training_Data/OTHERS/Covering_Schedule_272_page_4.png,OTHERS
872,/New_Volume/trade-finance/final_delivery/classification_training/V2_Final_Training_Data/OTHERS/Bill_Of_Landing_587_page_2.png,OTHERS
873,/New_Volume/trade-finance/final_delivery/classification_training/V2_Final_Training_Data/OTHERS/Bill_Of_Landing_600_page_13.png,OTHERS
874,/New_Volume/trade-finance/final_delivery/classification_training/V2_Final_Training_Data/OTHERS/Covering_Schedule_217_page_0.png,OTHERS
875,/New_Volume/trade-finance/final_delivery/classification_training/V2_Final_Training_Data/OTHERS/Certificate_Of_Origin_754_page_1.png,OTHERS
876,/New_Volume/trade-finance/final_delivery/classification_training/V2_Final_Training_Data/OTHERS/Covering_Schedule_10_page_3.png,OTHERS
877,/New_Volume/trade-finance/final_delivery/classification_training/V2_Final_Training_Data/OTHERS/Certificate_Of_Origin_515_page_0.png,OTHERS
878,/New_Volume/trade-finance/final_delivery/classification_training/V2_Final_Training_Data/OTHERS/Certificate_Of_Origin_969_page_3.png,OTHERS
879,/New_Volume/trade-finance/final_delivery/classification_training/V2_Final_Training_Data/OTHERS/Certificate_Of_Origin_249_page_2.png,OTHERS
880,/New_Volume/trade-finance/final_delivery/classification_training/V2_Final_Training_Data/OTHERS/Covering_Schedule_232_page_0.png,OTHERS
881,/New_Volume/trade-finance/final_delivery/classification_training/V2_Final_Training_Data/OTHERS/Bill_Of_Landing_801_page_3.png,OTHERS
882,/New_Volume/trade-finance/final_delivery/classification_training/V2_Final_Training_Data/OTHERS/Certificate_Of_Origin_586_page_2.png,OTHERS
883,/New_Volume/trade-finance/final_delivery/classification_training/V2_Final_Training_Data/OTHERS/Certificate_Of_Origin_294_page_6.png,OTHERS
884,/New_Volume/trade-finance/final_delivery/classification_training/V2_Final_Training_Data/OTHERS/Covering_Schedule_182_page_0.png,OTHERS
885,/New_Volume/trade-finance/final_delivery/classification_training/V2_Final_Training_Data/OTHERS/Covering_Schedule_153_page_3.png,OTHERS
886,/New_Volume/trade-finance/final_delivery/classification_training/V2_Final_Training_Data/OTHERS/Certificate_Of_Origin_314_page_3.png,OTHERS
887,/New_Volume/trade-finance/final_delivery/classification_training/V2_Final_Training_Data/OTHERS/Bill_of_lading_1998_page_1.png,OTHERS
888,/New_Volume/trade-finance/final_delivery/classification_training/V2_Final_Training_Data/OTHERS/Bill_Of_Landing_730_page_1.png,OTHERS
889,/New_Volume/trade-finance/final_delivery/classification_training/V2_Final_Training_Data/OTHERS/Covering_Schedule_237_page_3.png,OTHERS
890,/New_Volume/trade-finance/final_delivery/classification_training/V2_Final_Training_Data/OTHERS/Covering_Schedule_172_page_0.png,OTHERS
891,/New_Volume/trade-finance/final_delivery/classification_training/V2_Final_Training_Data/OTHERS/Certificate_Of_Origin_470_page_18.png,OTHERS
892,/New_Volume/trade-finance/final_delivery/classification_training/V2_Final_Training_Data/OTHERS/Bill_of_lading_2019_page_2.png,OTHERS
893,/New_Volume/trade-finance/final_delivery/classification_training/V2_Final_Training_Data/OTHERS/Bill_Of_Landing_617_page_1.png,OTHERS
894,/New_Volume/trade-finance/final_delivery/classification_training/V2_Final_Training_Data/OTHERS/Certificate_Of_Origin_174_page_1.png,OTHERS
895,/New_Volume/trade-finance/final_delivery/classification_training/V2_Final_Training_Data/OTHERS/Covering_Schedule_162_page_6.png,OTHERS
896,/New_Volume/trade-finance/final_delivery/classification_training/V2_Final_Training_Data/OTHERS/Certificate_Of_Origin_580_page_59.png,OTHERS
897,/New_Volume/trade-finance/final_delivery/classification_training/V2_Final_Training_Data/OTHERS/Certificate_Of_Origin_450_page_5.png,OTHERS
898,/New_Volume/trade-finance/final_delivery/classification_training/V2_Final_Training_Data/OTHERS/Bill_Of_Landing_266_page_1.png,OTHERS
899,/New_Volume/trade-finance/final_delivery/classification_training/V2_Final_Training_Data/OTHERS/Bill_Of_Landing_564_page_9.png,OTHERS
900,/New_Volume/trade-finance/final_delivery/classification_training/V2_Final_Training_Data/OTHERS/Certificate_Of_Origin_314_page_19.png,OTHERS
901,/New_Volume/trade-finance/final_delivery/classification_training/V2_Final_Training_Data/OTHERS/Certificate_Of_Origin_27_page_1.png,OTHERS
902,/New_Volume/trade-finance/final_delivery/classification_training/V2_Final_Training_Data/OTHERS/Certificate_Of_Origin_361_page_6.png,OTHERS
903,/New_Volume/trade-finance/final_delivery/classification_training/V2_Final_Training_Data/OTHERS/Bill_Of_Landing_457_page_2.png,OTHERS
904,/New_Volume/trade-finance/final_delivery/classification_training/V2_Final_Training_Data/OTHERS/Certificate_Of_Origin_99_page_1.png,OTHERS
905,/New_Volume/trade-finance/final_delivery/classification_training/V2_Final_Training_Data/OTHERS/Bill_Of_Landing_865_page_11.png,OTHERS
906,/New_Volume/trade-finance/final_delivery/classification_training/V2_Final_Training_Data/OTHERS/Bill_Of_Landing_862_page_32.png,OTHERS
907,/New_Volume/trade-finance/final_delivery/classification_training/V2_Final_Training_Data/OTHERS/Covering_Schedule_181_page_4.png,OTHERS
908,/New_Volume/trade-finance/final_delivery/classification_training/V2_Final_Training_Data/OTHERS/Covering_Schedule_146_page_1.png,OTHERS
909,/New_Volume/trade-finance/final_delivery/classification_training/V2_Final_Training_Data/OTHERS/Covering_Schedule(2012_08_28_09_59_58_3664)_459_page_0.png,OTHERS
910,/New_Volume/trade-finance/final_delivery/classification_training/V2_Final_Training_Data/OTHERS/Bill_Of_Landing_482_page_2.png,OTHERS
911,/New_Volume/trade-finance/final_delivery/classification_training/V2_Final_Training_Data/OTHERS/Covering_Schedule_12_page_3.png,OTHERS
912,/New_Volume/trade-finance/final_delivery/classification_training/V2_Final_Training_Data/OTHERS/Covering_Schedule_183_page_2.png,OTHERS
913,/New_Volume/trade-finance/final_delivery/classification_training/V2_Final_Training_Data/OTHERS/Certificate_Of_Origin_141_page_3.png,OTHERS
914,/New_Volume/trade-finance/final_delivery/classification_training/V2_Final_Training_Data/OTHERS/Bill_Of_Landing_888_page_1.png,OTHERS
915,/New_Volume/trade-finance/final_delivery/classification_training/V2_Final_Training_Data/OTHERS/Certificate_Of_Origin_183_page_4.png,OTHERS
916,/New_Volume/trade-finance/final_delivery/classification_training/V2_Final_Training_Data/OTHERS/Certificate_Of_Origin_614_page_22.png,OTHERS
917,/New_Volume/trade-finance/final_delivery/classification_training/V2_Final_Training_Data/OTHERS/Bill_Of_Landing_591_page_2.png,OTHERS
918,/New_Volume/trade-finance/final_delivery/classification_training/V2_Final_Training_Data/OTHERS/Covering_Schedule_258_page_0.png,OTHERS
919,/New_Volume/trade-finance/final_delivery/classification_training/V2_Final_Training_Data/OTHERS/Covering_Schedule_102_page_0.png,OTHERS
920,/New_Volume/trade-finance/final_delivery/classification_training/V2_Final_Training_Data/OTHERS/Certificate_Of_Origin_269_page_23.png,OTHERS
921,/New_Volume/trade-finance/final_delivery/classification_training/V2_Final_Training_Data/OTHERS/Certificate_Of_Origin_898_page_4.png,OTHERS
922,/New_Volume/trade-finance/final_delivery/classification_training/V2_Final_Training_Data/OTHERS/Covering_Schedule_0_page_8.png,OTHERS
923,/New_Volume/trade-finance/final_delivery/classification_training/V2_Final_Training_Data/OTHERS/Bill_Of_Landing_836_page_10.png,OTHERS
924,/New_Volume/trade-finance/final_delivery/classification_training/V2_Final_Training_Data/OTHERS/Covering_Schedule_148_page_2.png,OTHERS
925,/New_Volume/trade-finance/final_delivery/classification_training/V2_Final_Training_Data/OTHERS/Bill_Of_Landing_112_page_11.png,OTHERS
926,/New_Volume/trade-finance/final_delivery/classification_training/V2_Final_Training_Data/OTHERS/Covering_Schedule_162_page_0.png,OTHERS
927,/New_Volume/trade-finance/final_delivery/classification_training/V2_Final_Training_Data/OTHERS/Bill_of_lading_1542_page_17.png,OTHERS
928,/New_Volume/trade-finance/final_delivery/classification_training/V2_Final_Training_Data/OTHERS/Certificate_Of_Origin_313_page_3.png,OTHERS
929,/New_Volume/trade-finance/final_delivery/classification_training/V2_Final_Training_Data/OTHERS/Certificate_Of_Origin_521_page_6.png,OTHERS
930,/New_Volume/trade-finance/final_delivery/classification_training/V2_Final_Training_Data/OTHERS/Certificate_Of_Origin_42_page_1.png,OTHERS
931,/New_Volume/trade-finance/final_delivery/classification_training/V2_Final_Training_Data/OTHERS/Certificate_Of_Origin_927_page_12.png,OTHERS
932,/New_Volume/trade-finance/final_delivery/classification_training/V2_Final_Training_Data/OTHERS/Bill_of_lading_42_page_5.png,OTHERS
933,/New_Volume/trade-finance/final_delivery/classification_training/V2_Final_Training_Data/OTHERS/Covering_Schedule_139_page_1.png,OTHERS
934,/New_Volume/trade-finance/final_delivery/classification_training/V2_Final_Training_Data/OTHERS/Bill_of_lading_1541_page_6.png,OTHERS
935,/New_Volume/trade-finance/final_delivery/classification_training/V2_Final_Training_Data/OTHERS/Bill_Of_Landing_112_page_10.png,OTHERS
936,/New_Volume/trade-finance/final_delivery/classification_training/V2_Final_Training_Data/OTHERS/Bill_Of_Landing_556_page_2.png,OTHERS
937,/New_Volume/trade-finance/final_delivery/classification_training/V2_Final_Training_Data/OTHERS/Covering_Schedule_254_page_1.png,OTHERS
938,/New_Volume/trade-finance/final_delivery/classification_training/V2_Final_Training_Data/OTHERS/Covering_Schedule_24_page_1.png,OTHERS
939,/New_Volume/trade-finance/final_delivery/classification_training/V2_Final_Training_Data/OTHERS/Bill_Of_Landing_823_page_2.png,OTHERS
940,/New_Volume/trade-finance/final_delivery/classification_training/V2_Final_Training_Data/OTHERS/Certificate_Of_Origin_452_page_3.png,OTHERS
941,/New_Volume/trade-finance/final_delivery/classification_training/V2_Final_Training_Data/OTHERS/Bill_Of_Landing_397_page_9.png,OTHERS
942,/New_Volume/trade-finance/final_delivery/classification_training/V2_Final_Training_Data/OTHERS/Bill_of_lading_1542_page_14.png,OTHERS
943,/New_Volume/trade-finance/final_delivery/classification_training/V2_Final_Training_Data/OTHERS/Covering_Schedule_281_page_7.png,OTHERS
944,/New_Volume/trade-finance/final_delivery/classification_training/V2_Final_Training_Data/OTHERS/Bill_Of_Landing_235_page_6.png,OTHERS
945,/New_Volume/trade-finance/final_delivery/classification_training/V2_Final_Training_Data/OTHERS/Certificate_Of_Origin_269_page_6.png,OTHERS
946,/New_Volume/trade-finance/final_delivery/classification_training/V2_Final_Training_Data/OTHERS/Bill_Of_Landing_684_page_2.png,OTHERS
947,/New_Volume/trade-finance/final_delivery/classification_training/V2_Final_Training_Data/OTHERS/Certificate_Of_Origin_927_page_15.png,OTHERS
948,/New_Volume/trade-finance/final_delivery/classification_training/V2_Final_Training_Data/OTHERS/Covering_Schedule_254_page_6.png,OTHERS
949,/New_Volume/trade-finance/final_delivery/classification_training/V2_Final_Training_Data/OTHERS/Covering_Schedule_10_page_7.png,OTHERS
950,/New_Volume/trade-finance/final_delivery/classification_training/V2_Final_Training_Data/OTHERS/Certificate_Of_Origin_115_page_10.png,OTHERS
951,/New_Volume/trade-finance/final_delivery/classification_training/V2_Final_Training_Data/OTHERS/Certificate_Of_Origin_619_page_1.png,OTHERS
952,/New_Volume/trade-finance/final_delivery/classification_training/V2_Final_Training_Data/OTHERS/Certificate_Of_Origin_80_page_0.png,OTHERS
953,/New_Volume/trade-finance/final_delivery/classification_training/V2_Final_Training_Data/OTHERS/Covering_Schedule_281_page_9.png,OTHERS
954,/New_Volume/trade-finance/final_delivery/classification_training/V2_Final_Training_Data/OTHERS/Bill_Of_Landing_214_page_1.png,OTHERS
955,/New_Volume/trade-finance/final_delivery/classification_training/V2_Final_Training_Data/OTHERS/Certificate_Of_Origin_194_page_3.png,OTHERS
956,/New_Volume/trade-finance/final_delivery/classification_training/V2_Final_Training_Data/OTHERS/Covering_Schedule_222_page_0.png,OTHERS
957,/New_Volume/trade-finance/final_delivery/classification_training/V2_Final_Training_Data/OTHERS/Bill_Of_Landing_479_page_11.png,OTHERS
958,/New_Volume/trade-finance/final_delivery/classification_training/V2_Final_Training_Data/OTHERS/Bill_of_lading_2040_page_2.png,OTHERS
959,/New_Volume/trade-finance/final_delivery/classification_training/V2_Final_Training_Data/OTHERS/Bill_Of_Landing_600_page_10.png,OTHERS
960,/New_Volume/trade-finance/final_delivery/classification_training/V2_Final_Training_Data/OTHERS/Bill_Of_Landing_600_page_3.png,OTHERS
961,/New_Volume/trade-finance/final_delivery/classification_training/V2_Final_Training_Data/OTHERS/Bill_Of_Landing_566_page_2.png,OTHERS
962,/New_Volume/trade-finance/final_delivery/classification_training/V2_Final_Training_Data/OTHERS/Bill_of_lading_1040_page_11.png,OTHERS
963,/New_Volume/trade-finance/final_delivery/classification_training/V2_Final_Training_Data/OTHERS/Certificate_Of_Origin_115_page_9.png,OTHERS
964,/New_Volume/trade-finance/final_delivery/classification_training/V2_Final_Training_Data/OTHERS/Certificate_Of_Origin_470_page_42.png,OTHERS
965,/New_Volume/trade-finance/final_delivery/classification_training/V2_Final_Training_Data/OTHERS/Covering_Schedule(2011_08_04_15_56_11_3632)_4_page_1.png,OTHERS
966,/New_Volume/trade-finance/final_delivery/classification_training/V2_Final_Training_Data/OTHERS/Covering_Schedule_289_page_0.png,OTHERS
967,/New_Volume/trade-finance/final_delivery/classification_training/V2_Final_Training_Data/OTHERS/Covering_Schedule_205_page_1.png,OTHERS
968,/New_Volume/trade-finance/final_delivery/classification_training/V2_Final_Training_Data/OTHERS/Covering_Schedule_128_page_0.png,OTHERS
969,/New_Volume/trade-finance/final_delivery/classification_training/V2_Final_Training_Data/OTHERS/Certificate_Of_Origin_313_page_0.png,OTHERS
970,/New_Volume/trade-finance/final_delivery/classification_training/V2_Final_Training_Data/OTHERS/Bill_Of_Landing_559_page_1.png,OTHERS
971,/New_Volume/trade-finance/final_delivery/classification_training/V2_Final_Training_Data/OTHERS/Bill_Of_Landing_733_page_24.png,OTHERS
972,/New_Volume/trade-finance/final_delivery/classification_training/V2_Final_Training_Data/OTHERS/Certificate_Of_Origin_314_page_18.png,OTHERS
973,/New_Volume/trade-finance/final_delivery/classification_training/V2_Final_Training_Data/OTHERS/Bill_Of_Landing_112_page_6.png,OTHERS
974,/New_Volume/trade-finance/final_delivery/classification_training/V2_Final_Training_Data/OTHERS/Bill_of_lading_2040_page_6.png,OTHERS
975,/New_Volume/trade-finance/final_delivery/classification_training/V2_Final_Training_Data/OTHERS/Certificate_Of_Origin_435_page_5.png,OTHERS
976,/New_Volume/trade-finance/final_delivery/classification_training/V2_Final_Training_Data/OTHERS/Covering_Schedule_189_page_0.png,OTHERS
977,/New_Volume/trade-finance/final_delivery/classification_training/V2_Final_Training_Data/OTHERS/Bill_Of_Landing_353_page_2.png,OTHERS
978,/New_Volume/trade-finance/final_delivery/classification_training/V2_Final_Training_Data/OTHERS/Bill_of_lading_1002_page_5.png,OTHERS
979,/New_Volume/trade-finance/final_delivery/classification_training/V2_Final_Training_Data/OTHERS/Bill_of_lading_1043_page_20.png,OTHERS
980,/New_Volume/trade-finance/final_delivery/classification_training/V2_Final_Training_Data/OTHERS/Certificate_Of_Origin_80_page_3.png,OTHERS
981,/New_Volume/trade-finance/final_delivery/classification_training/V2_Final_Training_Data/OTHERS/Bill_of_lading_3_page_6.png,OTHERS
982,/New_Volume/trade-finance/final_delivery/classification_training/V2_Final_Training_Data/OTHERS/Certificate_Of_Origin_658_page_3.png,OTHERS
983,/New_Volume/trade-finance/final_delivery/classification_training/V2_Final_Training_Data/OTHERS/Bill_of_lading_103_page_3.png,OTHERS
984,/New_Volume/trade-finance/final_delivery/classification_training/V2_Final_Training_Data/OTHERS/Bill_Of_Landing_752_page_1.png,OTHERS
985,/New_Volume/trade-finance/final_delivery/classification_training/V2_Final_Training_Data/OTHERS/Covering_Schedule_177_page_3.png,OTHERS
986,/New_Volume/trade-finance/final_delivery/classification_training/V2_Final_Training_Data/OTHERS/Certificate_Of_Origin_896_page_0.png,OTHERS
987,/New_Volume/trade-finance/final_delivery/classification_training/V2_Final_Training_Data/OTHERS/Certificate_Of_Origin_756_page_5.png,OTHERS
988,/New_Volume/trade-finance/final_delivery/classification_training/V2_Final_Training_Data/OTHERS/Bill_Of_Landing_581_page_1.png,OTHERS
989,/New_Volume/trade-finance/final_delivery/classification_training/V2_Final_Training_Data/OTHERS/Bill_Of_Landing_730_page_2.png,OTHERS
990,/New_Volume/trade-finance/final_delivery/classification_training/V2_Final_Training_Data/OTHERS/Bill_of_lading_1997_page_1.png,OTHERS
991,/New_Volume/trade-finance/final_delivery/classification_training/V2_Final_Training_Data/OTHERS/Bill_of_lading_1600_page_2.png,OTHERS
992,/New_Volume/trade-finance/final_delivery/classification_training/V2_Final_Training_Data/OTHERS/Certificate_Of_Origin_873_page_1.png,OTHERS
993,/New_Volume/trade-finance/final_delivery/classification_training/V2_Final_Training_Data/OTHERS/Bill_Of_Landing_456_page_1.png,OTHERS
994,/New_Volume/trade-finance/final_delivery/classification_training/V2_Final_Training_Data/OTHERS/Certificate_Of_Origin_906_page_0.png,OTHERS
995,/New_Volume/trade-finance/final_delivery/classification_training/V2_Final_Training_Data/OTHERS/Covering_Schedule_139_page_0.png,OTHERS
996,/New_Volume/trade-finance/final_delivery/classification_training/V2_Final_Training_Data/OTHERS/Certificate_Of_Origin_917_page_2.png,OTHERS
997,/New_Volume/trade-finance/final_delivery/classification_training/V2_Final_Training_Data/OTHERS/Covering_Schedule_234_page_5.png,OTHERS
998,/New_Volume/trade-finance/final_delivery/classification_training/V2_Final_Training_Data/OTHERS/Covering_Schedule_281_page_4.png,OTHERS
999,/New_Volume/trade-finance/final_delivery/classification_training/V2_Final_Training_Data/OTHERS/Bill_of_lading_1514_page_6.png,OTHERS
1000,/New_Volume/trade-finance/final_delivery/classification_training/V2_Final_Training_Data/OTHERS/Covering_Schedule_281_page_2.png,OTHERS
1001,/New_Volume/trade-finance/final_delivery/classification_training/V2_Final_Training_Data/OTHERS/Bill_Of_Landing_776_page_10.png,OTHERS
1002,/New_Volume/trade-finance/final_delivery/classification_training/V2_Final_Training_Data/OTHERS/Bill_Of_Landing_825_page_0.png,OTHERS
1003,/New_Volume/trade-finance/final_delivery/classification_training/V2_Final_Training_Data/OTHERS/Certificate_Of_Origin_435_page_3.png,OTHERS
1004,/New_Volume/trade-finance/final_delivery/classification_training/V2_Final_Training_Data/OTHERS/Certificate_Of_Origin_820_page_3.png,OTHERS
1005,/New_Volume/trade-finance/final_delivery/classification_training/V2_Final_Training_Data/OTHERS/Certificate_Of_Origin_146_page_1.png,OTHERS
1006,/New_Volume/trade-finance/final_delivery/classification_training/V2_Final_Training_Data/OTHERS/Covering_Schedule_228_page_2.png,OTHERS
1007,/New_Volume/trade-finance/final_delivery/classification_training/V2_Final_Training_Data/OTHERS/Certificate_Of_Origin_416_page_1.png,OTHERS
1008,/New_Volume/trade-finance/final_delivery/classification_training/V2_Final_Training_Data/OTHERS/Bill_Of_Landing_368_page_1.png,OTHERS
1009,/New_Volume/trade-finance/final_delivery/classification_training/V2_Final_Training_Data/OTHERS/Covering_Schedule_106_page_3.png,OTHERS
1010,/New_Volume/trade-finance/final_delivery/classification_training/V2_Final_Training_Data/OTHERS/Certificate_Of_Origin_48_page_5.png,OTHERS
1011,/New_Volume/trade-finance/final_delivery/classification_training/V2_Final_Training_Data/OTHERS/Covering_Schedule_207_page_0.png,OTHERS
1012,/New_Volume/trade-finance/final_delivery/classification_training/V2_Final_Training_Data/OTHERS/Certificate_Of_Origin_470_page_40.png,OTHERS
1013,/New_Volume/trade-finance/final_delivery/classification_training/V2_Final_Training_Data/OTHERS/Certificate_Of_Origin_516_page_2.png,OTHERS
1014,/New_Volume/trade-finance/final_delivery/classification_training/V2_Final_Training_Data/OTHERS/Covering_Schedule_240_page_0.png,OTHERS
1015,/New_Volume/trade-finance/final_delivery/classification_training/V2_Final_Training_Data/OTHERS/Bill_Of_Landing_767_page_1.png,OTHERS
1016,/New_Volume/trade-finance/final_delivery/classification_training/V2_Final_Training_Data/OTHERS/Bill_Of_Landing_605_page_0.png,OTHERS
1017,/New_Volume/trade-finance/final_delivery/classification_training/V2_Final_Training_Data/OTHERS/Certificate_Of_Origin_314_page_5.png,OTHERS
1018,/New_Volume/trade-finance/final_delivery/classification_training/V2_Final_Training_Data/OTHERS/Certificate_Of_Origin_470_page_8.png,OTHERS
1019,/New_Volume/trade-finance/final_delivery/classification_training/V2_Final_Training_Data/OTHERS/Certificate_Of_Origin_294_page_3.png,OTHERS
1020,/New_Volume/trade-finance/final_delivery/classification_training/V2_Final_Training_Data/OTHERS/Bill_Of_Landing_397_page_1.png,OTHERS
1021,/New_Volume/trade-finance/final_delivery/classification_training/V2_Final_Training_Data/OTHERS/Certificate_Of_Origin_314_page_23.png,OTHERS
1022,/New_Volume/trade-finance/final_delivery/classification_training/V2_Final_Training_Data/OTHERS/Bill_Of_Landing_353_page_5.png,OTHERS
1023,/New_Volume/trade-finance/final_delivery/classification_training/V2_Final_Training_Data/OTHERS/Covering_Schedule_24_page_3.png,OTHERS
1024,/New_Volume/trade-finance/final_delivery/classification_training/V2_Final_Training_Data/OTHERS/Certificate_Of_Origin_359_page_2.png,OTHERS
1025,/New_Volume/trade-finance/final_delivery/classification_training/V2_Final_Training_Data/OTHERS/Certificate_Of_Origin_580_page_42.png,OTHERS
1026,/New_Volume/trade-finance/final_delivery/classification_training/V2_Final_Training_Data/OTHERS/Certificate_Of_Origin_314_page_21.png,OTHERS
1027,/New_Volume/trade-finance/final_delivery/classification_training/V2_Final_Training_Data/OTHERS/Bill_of_lading_1002_page_7.png,OTHERS
1028,/New_Volume/trade-finance/final_delivery/classification_training/V2_Final_Training_Data/OTHERS/Bill_Of_Landing_243_page_1.png,OTHERS
1029,/New_Volume/trade-finance/final_delivery/classification_training/V2_Final_Training_Data/OTHERS/Certificate_Of_Origin_802_page_1.png,OTHERS
1030,/New_Volume/trade-finance/final_delivery/classification_training/V2_Final_Training_Data/OTHERS/Bill_of_lading_500_page_1.png,OTHERS
1031,/New_Volume/trade-finance/final_delivery/classification_training/V2_Final_Training_Data/OTHERS/Bill_Of_Landing_112_page_1.png,OTHERS
1032,/New_Volume/trade-finance/final_delivery/classification_training/V2_Final_Training_Data/OTHERS/Bill_of_lading_1539_page_20.png,OTHERS
1033,/New_Volume/trade-finance/final_delivery/classification_training/V2_Final_Training_Data/OTHERS/Bill_Of_Landing_782_page_0.png,OTHERS
1034,/New_Volume/trade-finance/final_delivery/classification_training/V2_Final_Training_Data/OTHERS/Certificate_Of_Origin_927_page_4.png,OTHERS
1035,/New_Volume/trade-finance/final_delivery/classification_training/V2_Final_Training_Data/OTHERS/Certificate_Of_Origin_898_page_3.png,OTHERS
1036,/New_Volume/trade-finance/final_delivery/classification_training/V2_Final_Training_Data/OTHERS/Covering_Schedule_275_page_0.png,OTHERS
1037,/New_Volume/trade-finance/final_delivery/classification_training/V2_Final_Training_Data/OTHERS/Covering_Schedule_12_page_0.png,OTHERS
1038,/New_Volume/trade-finance/final_delivery/classification_training/V2_Final_Training_Data/OTHERS/Covering_Schedule_223_page_0.png,OTHERS
1039,/New_Volume/trade-finance/final_delivery/classification_training/V2_Final_Training_Data/OTHERS/Bill_Of_Landing_617_page_7.png,OTHERS
1040,/New_Volume/trade-finance/final_delivery/classification_training/V2_Final_Training_Data/OTHERS/Certificate_Of_Origin_547_page_3.png,OTHERS
1041,/New_Volume/trade-finance/final_delivery/classification_training/V2_Final_Training_Data/OTHERS/Covering_Schedule_175_page_0.png,OTHERS
1042,/New_Volume/trade-finance/final_delivery/classification_training/V2_Final_Training_Data/OTHERS/Certificate_Of_Origin_623_page_18.png,OTHERS
1043,/New_Volume/trade-finance/final_delivery/classification_training/V2_Final_Training_Data/OTHERS/Certificate_Of_Origin_314_page_29.png,OTHERS
1044,/New_Volume/trade-finance/final_delivery/classification_training/V2_Final_Training_Data/OTHERS/Bill_Of_Landing_733_page_20.png,OTHERS
1045,/New_Volume/trade-finance/final_delivery/classification_training/V2_Final_Training_Data/OTHERS/Covering_Schedule_272_page_1.png,OTHERS
1046,/New_Volume/trade-finance/final_delivery/classification_training/V2_Final_Training_Data/OTHERS/Bill_Of_Landing_397_page_10.png,OTHERS
1047,/New_Volume/trade-finance/final_delivery/classification_training/V2_Final_Training_Data/OTHERS/Covering_Schedule_1_page_1.png,OTHERS
1048,/New_Volume/trade-finance/final_delivery/classification_training/V2_Final_Training_Data/OTHERS/Certificate_Of_Origin_623_page_1.png,OTHERS
1049,/New_Volume/trade-finance/final_delivery/classification_training/V2_Final_Training_Data/OTHERS/Certificate_Of_Origin_227_page_1.png,OTHERS
1050,/New_Volume/trade-finance/final_delivery/classification_training/V2_Final_Training_Data/OTHERS/Bill_of_lading_4_page_7.png,OTHERS
1051,/New_Volume/trade-finance/final_delivery/classification_training/V2_Final_Training_Data/OTHERS/Bill_of_lading_2038_page_8.png,OTHERS
1052,/New_Volume/trade-finance/final_delivery/classification_training/V2_Final_Training_Data/OTHERS/Covering_Schedule_26_page_0.png,OTHERS
1053,/New_Volume/trade-finance/final_delivery/classification_training/V2_Final_Training_Data/OTHERS/Certificate_Of_Origin_28_page_0.png,OTHERS
1054,/New_Volume/trade-finance/final_delivery/classification_training/V2_Final_Training_Data/OTHERS/Bill_Of_Landing_700_page_2.png,OTHERS
1055,/New_Volume/trade-finance/final_delivery/classification_training/V2_Final_Training_Data/OTHERS/Bill_of_lading_602_page_2.png,OTHERS
1056,/New_Volume/trade-finance/final_delivery/classification_training/V2_Final_Training_Data/OTHERS/Certificate_Of_Origin_872_page_1.png,OTHERS
1057,/New_Volume/trade-finance/final_delivery/classification_training/V2_Final_Training_Data/OTHERS/Covering_Schedule_11_page_2.png,OTHERS
1058,/New_Volume/trade-finance/final_delivery/classification_training/V2_Final_Training_Data/OTHERS/Certificate_Of_Origin_461_page_1.png,OTHERS
1059,/New_Volume/trade-finance/final_delivery/classification_training/V2_Final_Training_Data/OTHERS/Bill_Of_Landing_539_page_1.png,OTHERS
1060,/New_Volume/trade-finance/final_delivery/classification_training/V2_Final_Training_Data/OTHERS/Certificate_Of_Origin_450_page_6.png,OTHERS
1061,/New_Volume/trade-finance/final_delivery/classification_training/V2_Final_Training_Data/OTHERS/Covering_Schedule_239_page_2.png,OTHERS
1062,/New_Volume/trade-finance/final_delivery/classification_training/V2_Final_Training_Data/OTHERS/Covering_Schedule_113_page_3.png,OTHERS
1063,/New_Volume/trade-finance/final_delivery/classification_training/V2_Final_Training_Data/OTHERS/Bill_Of_Landing_877_page_1.png,OTHERS
1064,/New_Volume/trade-finance/final_delivery/classification_training/V2_Final_Training_Data/OTHERS/Bill_Of_Landing_778_page_0.png,OTHERS
1065,/New_Volume/trade-finance/final_delivery/classification_training/V2_Final_Training_Data/OTHERS/Certificate_Of_Origin_470_page_34.png,OTHERS
1066,/New_Volume/trade-finance/final_delivery/classification_training/V2_Final_Training_Data/OTHERS/Bill_Of_Landing_563_page_0.png,OTHERS
1067,/New_Volume/trade-finance/final_delivery/classification_training/V2_Final_Training_Data/OTHERS/Certificate_Of_Origin_191_page_4.png,OTHERS
1068,/New_Volume/trade-finance/final_delivery/classification_training/V2_Final_Training_Data/OTHERS/Covering_Schedule_106_page_1.png,OTHERS
1069,/New_Volume/trade-finance/final_delivery/classification_training/V2_Final_Training_Data/OTHERS/Certificate_Of_Origin_180_page_3.png,OTHERS
1070,/New_Volume/trade-finance/final_delivery/classification_training/V2_Final_Training_Data/OTHERS/Covering_Schedule_162_page_2.png,OTHERS
1071,/New_Volume/trade-finance/final_delivery/classification_training/V2_Final_Training_Data/OTHERS/Bill_Of_Landing_646_page_1.png,OTHERS
1072,/New_Volume/trade-finance/final_delivery/classification_training/V2_Final_Training_Data/OTHERS/Certificate_Of_Origin_195_page_3.png,OTHERS
1073,/New_Volume/trade-finance/final_delivery/classification_training/V2_Final_Training_Data/OTHERS/Certificate_Of_Origin_931_page_5.png,OTHERS
1074,/New_Volume/trade-finance/final_delivery/classification_training/V2_Final_Training_Data/OTHERS/Bill_Of_Landing_521_page_0.png,OTHERS
1075,/New_Volume/trade-finance/final_delivery/classification_training/V2_Final_Training_Data/OTHERS/Bill_Of_Landing_648_page_3.png,OTHERS
1076,/New_Volume/trade-finance/final_delivery/classification_training/V2_Final_Training_Data/OTHERS/Bill_Of_Landing_860_page_1.png,OTHERS
1077,/New_Volume/trade-finance/final_delivery/classification_training/V2_Final_Training_Data/OTHERS/Certificate_Of_Origin_294_page_4.png,OTHERS
1078,/New_Volume/trade-finance/final_delivery/classification_training/V2_Final_Training_Data/OTHERS/Bill_Of_Landing_117_page_1.png,OTHERS
1079,/New_Volume/trade-finance/final_delivery/classification_training/V2_Final_Training_Data/OTHERS/Certificate_Of_Origin_508_page_0.png,OTHERS
1080,/New_Volume/trade-finance/final_delivery/classification_training/V2_Final_Training_Data/OTHERS/Certificate_Of_Origin_48_page_4.png,OTHERS
1081,/New_Volume/trade-finance/final_delivery/classification_training/V2_Final_Training_Data/OTHERS/Certificate_Of_Origin_757_page_0.png,OTHERS
1082,/New_Volume/trade-finance/final_delivery/classification_training/V2_Final_Training_Data/OTHERS/Bill_Of_Landing_808_page_2.png,OTHERS
1083,/New_Volume/trade-finance/final_delivery/classification_training/V2_Final_Training_Data/OTHERS/Bill_of_lading_2040_page_10.png,OTHERS
1084,/New_Volume/trade-finance/final_delivery/classification_training/V2_Final_Training_Data/OTHERS/Certificate_Of_Origin_761_page_1.png,OTHERS
1085,/New_Volume/trade-finance/final_delivery/classification_training/V2_Final_Training_Data/OTHERS/Covering_Schedule_232_page_1.png,OTHERS
1086,/New_Volume/trade-finance/final_delivery/classification_training/V2_Final_Training_Data/OTHERS/Covering_Schedule(2013_04_15_18_24_59_7489)_737_page_0.png,OTHERS
1087,/New_Volume/trade-finance/final_delivery/classification_training/V2_Final_Training_Data/OTHERS/Bill_of_lading_1514_page_2.png,OTHERS
1088,/New_Volume/trade-finance/final_delivery/classification_training/V2_Final_Training_Data/OTHERS/Bill_Of_Landing_862_page_25.png,OTHERS
1089,/New_Volume/trade-finance/final_delivery/classification_training/V2_Final_Training_Data/OTHERS/Bill_Of_Landing_177_page_1.png,OTHERS
1090,/New_Volume/trade-finance/final_delivery/classification_training/V2_Final_Training_Data/OTHERS/Certificate_Of_Origin_314_page_6.png,OTHERS
1091,/New_Volume/trade-finance/final_delivery/classification_training/V2_Final_Training_Data/OTHERS/Bill_Of_Landing_187_page_5.png,OTHERS
1092,/New_Volume/trade-finance/final_delivery/classification_training/V2_Final_Training_Data/OTHERS/Certificate_Of_Origin_470_page_10.png,OTHERS
1093,/New_Volume/trade-finance/final_delivery/classification_training/V2_Final_Training_Data/OTHERS/Bill_Of_Landing_825_page_9.png,OTHERS
1094,/New_Volume/trade-finance/final_delivery/classification_training/V2_Final_Training_Data/OTHERS/Certificate_Of_Origin_314_page_22.png,OTHERS
1095,/New_Volume/trade-finance/final_delivery/classification_training/V2_Final_Training_Data/OTHERS/Bill_Of_Landing_531_page_4.png,OTHERS
1096,/New_Volume/trade-finance/final_delivery/classification_training/V2_Final_Training_Data/OTHERS/Bill_Of_Landing_338_page_1.png,OTHERS
1097,/New_Volume/trade-finance/final_delivery/classification_training/V2_Final_Training_Data/OTHERS/Certificate_Of_Origin_167_page_1.png,OTHERS
1098,/New_Volume/trade-finance/final_delivery/classification_training/V2_Final_Training_Data/OTHERS/Certificate_Of_Origin_27_page_3.png,OTHERS
1099,/New_Volume/trade-finance/final_delivery/classification_training/V2_Final_Training_Data/OTHERS/Certificate_Of_Origin_580_page_46.png,OTHERS
1100,/New_Volume/trade-finance/final_delivery/classification_training/V2_Final_Training_Data/OTHERS/Covering_Schedule_27_page_0.png,OTHERS
1101,/New_Volume/trade-finance/final_delivery/classification_training/V2_Final_Training_Data/OTHERS/Bill_Of_Landing_482_page_1.png,OTHERS
1102,/New_Volume/trade-finance/final_delivery/classification_training/V2_Final_Training_Data/OTHERS/Certificate_Of_Origin_580_page_45.png,OTHERS
1103,/New_Volume/trade-finance/final_delivery/classification_training/V2_Final_Training_Data/OTHERS/Bill_Of_Landing_657_page_1.png,OTHERS
1104,/New_Volume/trade-finance/final_delivery/classification_training/V2_Final_Training_Data/OTHERS/Covering_Schedule(2012_07_19_15_12_42_8514)_638_page_0.png,OTHERS
1105,/New_Volume/trade-finance/final_delivery/classification_training/V2_Final_Training_Data/OTHERS/Certificate_Of_Origin_314_page_4.png,OTHERS
1106,/New_Volume/trade-finance/final_delivery/classification_training/V2_Final_Training_Data/OTHERS/Certificate_Of_Origin_115_page_12.png,OTHERS
1107,/New_Volume/trade-finance/final_delivery/classification_training/V2_Final_Training_Data/OTHERS/Bill_Of_Landing_888_page_2.png,OTHERS
1108,/New_Volume/trade-finance/final_delivery/classification_training/V2_Final_Training_Data/OTHERS/Bill_Of_Landing_478_page_1.png,OTHERS
1109,/New_Volume/trade-finance/final_delivery/classification_training/V2_Final_Training_Data/OTHERS/Certificate_Of_Origin_447_page_0.png,OTHERS
1110,/New_Volume/trade-finance/final_delivery/classification_training/V2_Final_Training_Data/OTHERS/Covering_Schedule_211_page_1.png,OTHERS
1111,/New_Volume/trade-finance/final_delivery/classification_training/V2_Final_Training_Data/OTHERS/Certificate_Of_Origin_927_page_13.png,OTHERS
1112,/New_Volume/trade-finance/final_delivery/classification_training/V2_Final_Training_Data/OTHERS/Bill_Of_Landing_562_page_41.png,OTHERS
1113,/New_Volume/trade-finance/final_delivery/classification_training/V2_Final_Training_Data/OTHERS/Certificate_Of_Origin_405_page_0.png,OTHERS
1114,/New_Volume/trade-finance/final_delivery/classification_training/V2_Final_Training_Data/OTHERS/Bill_Of_Landing_799_page_1.png,OTHERS
1115,/New_Volume/trade-finance/final_delivery/classification_training/V2_Final_Training_Data/OTHERS/Bill_Of_Landing_210_page_2.png,OTHERS
1116,/New_Volume/trade-finance/final_delivery/classification_training/V2_Final_Training_Data/OTHERS/Certificate_Of_Origin_347_page_14.png,OTHERS
1117,/New_Volume/trade-finance/final_delivery/classification_training/V2_Final_Training_Data/OTHERS/Bill_of_lading_1042_page_6.png,OTHERS
1118,/New_Volume/trade-finance/final_delivery/classification_training/V2_Final_Training_Data/OTHERS/Bill_Of_Landing_358_page_3.png,OTHERS
1119,/New_Volume/trade-finance/final_delivery/classification_training/V2_Final_Training_Data/OTHERS/Bill_Of_Landing_769_page_2.png,OTHERS
1120,/New_Volume/trade-finance/final_delivery/classification_training/V2_Final_Training_Data/OTHERS/Covering_Schedule_10_page_10.png,OTHERS
1121,/New_Volume/trade-finance/final_delivery/classification_training/V2_Final_Training_Data/OTHERS/Bill_Of_Landing_599_page_2.png,OTHERS
1122,/New_Volume/trade-finance/final_delivery/classification_training/V2_Final_Training_Data/OTHERS/Certificate_Of_Origin_232_page_1.png,OTHERS
1123,/New_Volume/trade-finance/final_delivery/classification_training/V2_Final_Training_Data/OTHERS/Certificate_Of_Origin_434_page_1.png,OTHERS
1124,/New_Volume/trade-finance/final_delivery/classification_training/V2_Final_Training_Data/OTHERS/Bill_Of_Landing_711_page_3.png,OTHERS
1125,/New_Volume/trade-finance/final_delivery/classification_training/V2_Final_Training_Data/OTHERS/Bill_Of_Landing_726_page_1.png,OTHERS
1126,/New_Volume/trade-finance/final_delivery/classification_training/V2_Final_Training_Data/OTHERS/Covering_Schedule_198_page_0.png,OTHERS
1127,/New_Volume/trade-finance/final_delivery/classification_training/V2_Final_Training_Data/OTHERS/Bill_Of_Landing_591_page_4.png,OTHERS
1128,/New_Volume/trade-finance/final_delivery/classification_training/V2_Final_Training_Data/OTHERS/Certificate_Of_Origin_449_page_3.png,OTHERS
1129,/New_Volume/trade-finance/final_delivery/classification_training/V2_Final_Training_Data/OTHERS/Covering_Schedule_209_page_2.png,OTHERS
1130,/New_Volume/trade-finance/final_delivery/classification_training/V2_Final_Training_Data/OTHERS/Bill_Of_Landing_397_page_8.png,OTHERS
1131,/New_Volume/trade-finance/final_delivery/classification_training/V2_Final_Training_Data/OTHERS/Covering_Schedule(2012_08_24_13_15_51_0364)_109_page_0.png,OTHERS
1132,/New_Volume/trade-finance/final_delivery/classification_training/V2_Final_Training_Data/OTHERS/Bill_Of_Landing_442_page_1.png,OTHERS
1133,/New_Volume/trade-finance/final_delivery/classification_training/V2_Final_Training_Data/OTHERS/Certificate_Of_Origin_204_page_5.png,OTHERS
1134,/New_Volume/trade-finance/final_delivery/classification_training/V2_Final_Training_Data/OTHERS/Certificate_Of_Origin_898_page_6.png,OTHERS
1135,/New_Volume/trade-finance/final_delivery/classification_training/V2_Final_Training_Data/OTHERS/Bill_Of_Landing_776_page_5.png,OTHERS
1136,/New_Volume/trade-finance/final_delivery/classification_training/V2_Final_Training_Data/OTHERS/Bill_Of_Landing_684_page_7.png,OTHERS
1137,/New_Volume/trade-finance/final_delivery/classification_training/V2_Final_Training_Data/OTHERS/Covering_Schedule_118_page_1.png,OTHERS
1138,/New_Volume/trade-finance/final_delivery/classification_training/V2_Final_Training_Data/OTHERS/Bill_Of_Landing_151_page_2.png,OTHERS
1139,/New_Volume/trade-finance/final_delivery/classification_training/V2_Final_Training_Data/OTHERS/Bill_Of_Landing_424_page_6.png,OTHERS
1140,/New_Volume/trade-finance/final_delivery/classification_training/V2_Final_Training_Data/OTHERS/Covering_Schedule_239_page_0.png,OTHERS
1141,/New_Volume/trade-finance/final_delivery/classification_training/V2_Final_Training_Data/OTHERS/Covering_Schedule(2013_01_09_12_20_10_1135)_332_page_0.png,OTHERS
1142,/New_Volume/trade-finance/final_delivery/classification_training/V2_Final_Training_Data/OTHERS/Covering_Schedule_216_page_0.png,OTHERS
1143,/New_Volume/trade-finance/final_delivery/classification_training/V2_Final_Training_Data/OTHERS/Certificate_Of_Origin_580_page_68.png,OTHERS
1144,/New_Volume/trade-finance/final_delivery/classification_training/V2_Final_Training_Data/OTHERS/Covering_Schedule_169_page_1.png,OTHERS
1145,/New_Volume/trade-finance/final_delivery/classification_training/V2_Final_Training_Data/OTHERS/Covering_Schedule(2013_04_15_15_44_07_2043)_150_page_1.png,OTHERS
1146,/New_Volume/trade-finance/final_delivery/classification_training/V2_Final_Training_Data/OTHERS/Bill_of_lading_541_page_11.png,OTHERS
1147,/New_Volume/trade-finance/final_delivery/classification_training/V2_Final_Training_Data/OTHERS/Bill_of_lading_37_page_1.png,OTHERS
1148,/New_Volume/trade-finance/final_delivery/classification_training/V2_Final_Training_Data/OTHERS/Certificate_Of_Origin_470_page_36.png,OTHERS
1149,/New_Volume/trade-finance/final_delivery/classification_training/V2_Final_Training_Data/OTHERS/Certificate_Of_Origin_896_page_1.png,OTHERS
1150,/New_Volume/trade-finance/final_delivery/classification_training/V2_Final_Training_Data/OTHERS/Certificate_Of_Origin_124_page_0.png,OTHERS
1151,/New_Volume/trade-finance/final_delivery/classification_training/V2_Final_Training_Data/OTHERS/Covering_Schedule_183_page_4.png,OTHERS
1152,/New_Volume/trade-finance/final_delivery/classification_training/V2_Final_Training_Data/OTHERS/Bill_of_lading_12_page_1.png,OTHERS
1153,/New_Volume/trade-finance/final_delivery/classification_training/V2_Final_Training_Data/OTHERS/Bill_Of_Landing_604_page_1.png,OTHERS
1154,/New_Volume/trade-finance/final_delivery/classification_training/V2_Final_Training_Data/OTHERS/Bill_Of_Landing_262_page_3.png,OTHERS
1155,/New_Volume/trade-finance/final_delivery/classification_training/V2_Final_Training_Data/OTHERS/Covering_Schedule_1_page_8.png,OTHERS
1156,/New_Volume/trade-finance/final_delivery/classification_training/V2_Final_Training_Data/OTHERS/Certificate_Of_Origin_452_page_4.png,OTHERS
1157,/New_Volume/trade-finance/final_delivery/classification_training/V2_Final_Training_Data/OTHERS/Bill_Of_Landing_846_page_1.png,OTHERS
1158,/New_Volume/trade-finance/final_delivery/classification_training/V2_Final_Training_Data/OTHERS/Certificate_Of_Origin_931_page_1.png,OTHERS
1159,/New_Volume/trade-finance/final_delivery/classification_training/V2_Final_Training_Data/OTHERS/Certificate_Of_Origin_778_page_3.png,OTHERS
1160,/New_Volume/trade-finance/final_delivery/classification_training/V2_Final_Training_Data/OTHERS/Certificate_Of_Origin_470_page_32.png,OTHERS
1161,/New_Volume/trade-finance/final_delivery/classification_training/V2_Final_Training_Data/OTHERS/Bill_Of_Landing_587_page_4.png,OTHERS
1162,/New_Volume/trade-finance/final_delivery/classification_training/V2_Final_Training_Data/OTHERS/Bill_Of_Landing_126_page_3.png,OTHERS
1163,/New_Volume/trade-finance/final_delivery/classification_training/V2_Final_Training_Data/OTHERS/Bill_Of_Landing_431_page_1.png,OTHERS
1164,/New_Volume/trade-finance/final_delivery/classification_training/V2_Final_Training_Data/OTHERS/Certificate_Of_Origin_713_page_3.png,OTHERS
1165,/New_Volume/trade-finance/final_delivery/classification_training/V2_Final_Training_Data/OTHERS/Certificate_Of_Origin_571_page_1.png,OTHERS
1166,/New_Volume/trade-finance/final_delivery/classification_training/V2_Final_Training_Data/OTHERS/Bill_of_lading_1042_page_10.png,OTHERS
1167,/New_Volume/trade-finance/final_delivery/classification_training/V2_Final_Training_Data/OTHERS/Covering_Schedule_125_page_0.png,OTHERS
1168,/New_Volume/trade-finance/final_delivery/classification_training/V2_Final_Training_Data/OTHERS/Bill_Of_Landing_600_page_19.png,OTHERS
1169,/New_Volume/trade-finance/final_delivery/classification_training/V2_Final_Training_Data/OTHERS/Bill_of_lading_2041_page_11.png,OTHERS
1170,/New_Volume/trade-finance/final_delivery/classification_training/V2_Final_Training_Data/OTHERS/Covering_Schedule_122_page_0.png,OTHERS
1171,/New_Volume/trade-finance/final_delivery/classification_training/V2_Final_Training_Data/OTHERS/Bill_Of_Landing_811_page_3.png,OTHERS
1172,/New_Volume/trade-finance/final_delivery/classification_training/V2_Final_Training_Data/OTHERS/Covering_Schedule_251_page_6.png,OTHERS
1173,/New_Volume/trade-finance/final_delivery/classification_training/V2_Final_Training_Data/OTHERS/Bill_Of_Landing_296_page_3.png,OTHERS
1174,/New_Volume/trade-finance/final_delivery/classification_training/V2_Final_Training_Data/OTHERS/Bill_Of_Landing_837_page_6.png,OTHERS
1175,/New_Volume/trade-finance/final_delivery/classification_training/V2_Final_Training_Data/OTHERS/Bill_Of_Landing_808_page_3.png,OTHERS
1176,/New_Volume/trade-finance/final_delivery/classification_training/V2_Final_Training_Data/OTHERS/Bill_Of_Landing_257_page_1.png,OTHERS
1177,/New_Volume/trade-finance/final_delivery/classification_training/V2_Final_Training_Data/OTHERS/Certificate_Of_Origin_195_page_4.png,OTHERS
1178,/New_Volume/trade-finance/final_delivery/classification_training/V2_Final_Training_Data/OTHERS/Bill_Of_Landing_452_page_1.png,OTHERS
1179,/New_Volume/trade-finance/final_delivery/classification_training/V2_Final_Training_Data/OTHERS/Certificate_Of_Origin_927_page_14.png,OTHERS
1180,/New_Volume/trade-finance/final_delivery/classification_training/V2_Final_Training_Data/OTHERS/Certificate_Of_Origin_351_page_1.png,OTHERS
1181,/New_Volume/trade-finance/final_delivery/classification_training/V2_Final_Training_Data/OTHERS/Bill_Of_Landing_187_page_7.png,OTHERS
1182,/New_Volume/trade-finance/final_delivery/classification_training/V2_Final_Training_Data/OTHERS/Certificate_Of_Origin_623_page_10.png,OTHERS
1183,/New_Volume/trade-finance/final_delivery/classification_training/V2_Final_Training_Data/OTHERS/Certificate_Of_Origin_809_page_1.png,OTHERS
1184,/New_Volume/trade-finance/final_delivery/classification_training/V2_Final_Training_Data/OTHERS/Certificate_Of_Origin_470_page_26.png,OTHERS
1185,/New_Volume/trade-finance/final_delivery/classification_training/V2_Final_Training_Data/OTHERS/Bill_Of_Landing_439_page_1.png,OTHERS
1186,/New_Volume/trade-finance/final_delivery/classification_training/V2_Final_Training_Data/OTHERS/Covering_Schedule_253_page_7.png,OTHERS
1187,/New_Volume/trade-finance/final_delivery/classification_training/V2_Final_Training_Data/OTHERS/Certificate_Of_Origin_968_page_1.png,OTHERS
1188,/New_Volume/trade-finance/final_delivery/classification_training/V2_Final_Training_Data/OTHERS/Bill_of_lading_1021_page_8.png,OTHERS
1189,/New_Volume/trade-finance/final_delivery/classification_training/V2_Final_Training_Data/OTHERS/Covering_Schedule_181_page_0.png,OTHERS
1190,/New_Volume/trade-finance/final_delivery/classification_training/V2_Final_Training_Data/OTHERS/Covering_Schedule_254_page_0.png,OTHERS
1191,/New_Volume/trade-finance/final_delivery/classification_training/V2_Final_Training_Data/OTHERS/Covering_Schedule_246_page_1.png,OTHERS
1192,/New_Volume/trade-finance/final_delivery/classification_training/V2_Final_Training_Data/OTHERS/Bill_of_lading_1520_page_8.png,OTHERS
1193,/New_Volume/trade-finance/final_delivery/classification_training/V2_Final_Training_Data/OTHERS/Bill_of_lading_541_page_8.png,OTHERS
1194,/New_Volume/trade-finance/final_delivery/classification_training/V2_Final_Training_Data/OTHERS/Covering_Schedule_252_page_11.png,OTHERS
1195,/New_Volume/trade-finance/final_delivery/classification_training/V2_Final_Training_Data/OTHERS/Bill_Of_Landing_493_page_1.png,OTHERS
1196,/New_Volume/trade-finance/final_delivery/classification_training/V2_Final_Training_Data/OTHERS/Bill_Of_Landing_210_page_4.png,OTHERS
1197,/New_Volume/trade-finance/final_delivery/classification_training/V2_Final_Training_Data/OTHERS/Bill_Of_Landing_862_page_40.png,OTHERS
1198,/New_Volume/trade-finance/final_delivery/classification_training/V2_Final_Training_Data/OTHERS/Bill_Of_Landing_469_page_4.png,OTHERS
1199,/New_Volume/trade-finance/final_delivery/classification_training/V2_Final_Training_Data/OTHERS/Covering_Schedule_122_page_2.png,OTHERS
1200,/New_Volume/trade-finance/final_delivery/classification_training/V2_Final_Training_Data/OTHERS/Covering_Schedule_106_page_2.png,OTHERS
1201,/New_Volume/trade-finance/final_delivery/classification_training/V2_Final_Training_Data/OTHERS/Covering_Schedule_187_page_0.png,OTHERS
1202,/New_Volume/trade-finance/final_delivery/classification_training/V2_Final_Training_Data/OTHERS/Covering_Schedule_191_page_1.png,OTHERS
1203,/New_Volume/trade-finance/final_delivery/classification_training/V2_Final_Training_Data/OTHERS/Bill_Of_Landing_528_page_3.png,OTHERS
1204,/New_Volume/trade-finance/final_delivery/classification_training/V2_Final_Training_Data/OTHERS/Certificate_Of_Origin_269_page_17.png,OTHERS
1205,/New_Volume/trade-finance/final_delivery/classification_training/V2_Final_Training_Data/OTHERS/Bill_Of_Landing_730_page_4.png,OTHERS
1206,/New_Volume/trade-finance/final_delivery/classification_training/V2_Final_Training_Data/OTHERS/Certificate_Of_Origin_437_page_0.png,OTHERS
1207,/New_Volume/trade-finance/final_delivery/classification_training/V2_Final_Training_Data/OTHERS/Covering_Schedule_160_page_1.png,OTHERS
1208,/New_Volume/trade-finance/final_delivery/classification_training/V2_Final_Training_Data/OTHERS/Certificate_Of_Origin_623_page_16.png,OTHERS
1209,/New_Volume/trade-finance/final_delivery/classification_training/V2_Final_Training_Data/OTHERS/Bill_Of_Landing_291_page_7.png,OTHERS
1210,/New_Volume/trade-finance/final_delivery/classification_training/V2_Final_Training_Data/OTHERS/Certificate_Of_Origin_62_page_1.png,OTHERS
1211,/New_Volume/trade-finance/final_delivery/classification_training/V2_Final_Training_Data/OTHERS/Bill_Of_Landing_450_page_3.png,OTHERS
1212,/New_Volume/trade-finance/final_delivery/classification_training/V2_Final_Training_Data/OTHERS/Certificate_Of_Origin_154_page_1.png,OTHERS
1213,/New_Volume/trade-finance/final_delivery/classification_training/V2_Final_Training_Data/OTHERS/Certificate_Of_Origin_314_page_10.png,OTHERS
1214,/New_Volume/trade-finance/final_delivery/classification_training/V2_Final_Training_Data/OTHERS/Covering_Schedule_125_page_6.png,OTHERS
1215,/New_Volume/trade-finance/final_delivery/classification_training/V2_Final_Training_Data/OTHERS/Bill_Of_Landing_717_page_3.png,OTHERS
1216,/New_Volume/trade-finance/final_delivery/classification_training/V2_Final_Training_Data/OTHERS/Covering_Schedule_178_page_10.png,OTHERS
1217,/New_Volume/trade-finance/final_delivery/classification_training/V2_Final_Training_Data/OTHERS/Bill_Of_Landing_600_page_4.png,OTHERS
1218,/New_Volume/trade-finance/final_delivery/classification_training/V2_Final_Training_Data/OTHERS/Certificate_Of_Origin_314_page_26.png,OTHERS
1219,/New_Volume/trade-finance/final_delivery/classification_training/V2_Final_Training_Data/OTHERS/Covering_Schedule_154_page_0.png,OTHERS
1220,/New_Volume/trade-finance/final_delivery/classification_training/V2_Final_Training_Data/OTHERS/Covering_Schedule_245_page_0.png,OTHERS
1221,/New_Volume/trade-finance/final_delivery/classification_training/V2_Final_Training_Data/OTHERS/Certificate_Of_Origin_776_page_2.png,OTHERS
1222,/New_Volume/trade-finance/final_delivery/classification_training/V2_Final_Training_Data/OTHERS/Covering_Schedule_132_page_0.png,OTHERS
1223,/New_Volume/trade-finance/final_delivery/classification_training/V2_Final_Training_Data/OTHERS/Certificate_Of_Origin_766_page_1.png,OTHERS
1224,/New_Volume/trade-finance/final_delivery/classification_training/V2_Final_Training_Data/OTHERS/Certificate_Of_Origin_272_page_3.png,OTHERS
1225,/New_Volume/trade-finance/final_delivery/classification_training/V2_Final_Training_Data/OTHERS/Bill_of_lading_1040_page_8.png,OTHERS
1226,/New_Volume/trade-finance/final_delivery/classification_training/V2_Final_Training_Data/OTHERS/Bill_Of_Landing_733_page_18.png,OTHERS
1227,/New_Volume/trade-finance/final_delivery/classification_training/V2_Final_Training_Data/OTHERS/Bill_Of_Landing_714_page_7.png,OTHERS
1228,/New_Volume/trade-finance/final_delivery/classification_training/V2_Final_Training_Data/OTHERS/Certificate_Of_Origin_201_page_5.png,OTHERS
1229,/New_Volume/trade-finance/final_delivery/classification_training/V2_Final_Training_Data/OTHERS/Bill_Of_Landing_652_page_9.png,OTHERS
1230,/New_Volume/trade-finance/final_delivery/classification_training/V2_Final_Training_Data/OTHERS/Bill_Of_Landing_353_page_3.png,OTHERS
1231,/New_Volume/trade-finance/final_delivery/classification_training/V2_Final_Training_Data/OTHERS/Certificate_Of_Origin_419_page_3.png,OTHERS
1232,/New_Volume/trade-finance/final_delivery/classification_training/V2_Final_Training_Data/OTHERS/Bill_of_lading_1539_page_11.png,OTHERS
1233,/New_Volume/trade-finance/final_delivery/classification_training/V2_Final_Training_Data/OTHERS/Covering_Schedule_0_page_1.png,OTHERS
1234,/New_Volume/trade-finance/final_delivery/classification_training/V2_Final_Training_Data/OTHERS/Certificate_Of_Origin_581_page_1.png,OTHERS
1235,/New_Volume/trade-finance/final_delivery/classification_training/V2_Final_Training_Data/OTHERS/Bill_Of_Landing_766_page_1.png,OTHERS
1236,/New_Volume/trade-finance/final_delivery/classification_training/V2_Final_Training_Data/OTHERS/Bill_Of_Landing_862_page_43.png,OTHERS
1237,/New_Volume/trade-finance/final_delivery/classification_training/V2_Final_Training_Data/OTHERS/Certificate_Of_Origin_460_page_2.png,OTHERS
1238,/New_Volume/trade-finance/final_delivery/classification_training/V2_Final_Training_Data/OTHERS/Bill_of_lading_44_page_6.png,OTHERS
1239,/New_Volume/trade-finance/final_delivery/classification_training/V2_Final_Training_Data/OTHERS/Covering_Schedule_167_page_0.png,OTHERS
1240,/New_Volume/trade-finance/final_delivery/classification_training/V2_Final_Training_Data/OTHERS/Bill_Of_Landing_190_page_1.png,OTHERS
1241,/New_Volume/trade-finance/final_delivery/classification_training/V2_Final_Training_Data/OTHERS/Covering_Schedule_13_page_0.png,OTHERS
1242,/New_Volume/trade-finance/final_delivery/classification_training/V2_Final_Training_Data/OTHERS/Certificate_Of_Origin_142_page_0.png,OTHERS
1243,/New_Volume/trade-finance/final_delivery/classification_training/V2_Final_Training_Data/OTHERS/Covering_Schedule(2013_01_10_11_12_07_2650)_348_page_0.png,OTHERS
1244,/New_Volume/trade-finance/final_delivery/classification_training/V2_Final_Training_Data/OTHERS/Certificate_Of_Origin_580_page_34.png,OTHERS
1245,/New_Volume/trade-finance/final_delivery/classification_training/V2_Final_Training_Data/OTHERS/Bill_Of_Landing_556_page_3.png,OTHERS
1246,/New_Volume/trade-finance/final_delivery/classification_training/V2_Final_Training_Data/OTHERS/Bill_of_lading_1539_page_8.png,OTHERS
1247,/New_Volume/trade-finance/final_delivery/classification_training/V2_Final_Training_Data/OTHERS/Bill_Of_Landing_524_page_1.png,OTHERS
1248,/New_Volume/trade-finance/final_delivery/classification_training/V2_Final_Training_Data/OTHERS/Covering_Schedule_254_page_4.png,OTHERS
1249,/New_Volume/trade-finance/final_delivery/classification_training/V2_Final_Training_Data/OTHERS/Bill_Of_Landing_856_page_5.png,OTHERS
1250,/New_Volume/trade-finance/final_delivery/classification_training/V2_Final_Training_Data/OTHERS/Bill_Of_Landing_826_page_1.png,OTHERS
1251,/New_Volume/trade-finance/final_delivery/classification_training/V2_Final_Training_Data/OTHERS/Certificate_Of_Origin_195_page_5.png,OTHERS
1252,/New_Volume/trade-finance/final_delivery/classification_training/V2_Final_Training_Data/OTHERS/Certificate_Of_Origin_189_page_0.png,OTHERS
1253,/New_Volume/trade-finance/final_delivery/classification_training/V2_Final_Training_Data/OTHERS/Certificate_Of_Origin_902_page_1.png,OTHERS
1254,/New_Volume/trade-finance/final_delivery/classification_training/V2_Final_Training_Data/OTHERS/Covering_Schedule_18_page_0.png,OTHERS
1255,/New_Volume/trade-finance/final_delivery/classification_training/V2_Final_Training_Data/OTHERS/Certificate_Of_Origin_860_page_2.png,OTHERS
1256,/New_Volume/trade-finance/final_delivery/classification_training/V2_Final_Training_Data/OTHERS/Certificate_Of_Origin_112_page_1.png,OTHERS
1257,/New_Volume/trade-finance/final_delivery/classification_training/V2_Final_Training_Data/OTHERS/Certificate_Of_Origin_540_page_1.png,OTHERS
1258,/New_Volume/trade-finance/final_delivery/classification_training/V2_Final_Training_Data/OTHERS/Certificate_Of_Origin_314_page_9.png,OTHERS
1259,/New_Volume/trade-finance/final_delivery/classification_training/V2_Final_Training_Data/OTHERS/Bill_Of_Landing_516_page_1.png,OTHERS
1260,/New_Volume/trade-finance/final_delivery/classification_training/V2_Final_Training_Data/OTHERS/Certificate_Of_Origin_449_page_6.png,OTHERS
1261,/New_Volume/trade-finance/final_delivery/classification_training/V2_Final_Training_Data/OTHERS/Covering_Schedule_184_page_2.png,OTHERS
1262,/New_Volume/trade-finance/final_delivery/classification_training/V2_Final_Training_Data/OTHERS/Certificate_Of_Origin_115_page_22.png,OTHERS
1263,/New_Volume/trade-finance/final_delivery/classification_training/V2_Final_Training_Data/OTHERS/Covering_Schedule_261_page_3.png,OTHERS
1264,/New_Volume/trade-finance/final_delivery/classification_training/V2_Final_Training_Data/OTHERS/Covering_Schedule_23_page_3.png,OTHERS
1265,/New_Volume/trade-finance/final_delivery/classification_training/V2_Final_Training_Data/OTHERS/Bill_of_lading_1010_page_1.png,OTHERS
1266,/New_Volume/trade-finance/final_delivery/classification_training/V2_Final_Training_Data/OTHERS/Certificate_Of_Origin_623_page_14.png,OTHERS
1267,/New_Volume/trade-finance/final_delivery/classification_training/V2_Final_Training_Data/OTHERS/Certificate_Of_Origin_662_page_4.png,OTHERS
1268,/New_Volume/trade-finance/final_delivery/classification_training/V2_Final_Training_Data/OTHERS/Bill_Of_Landing_827_page_0.png,OTHERS
1269,/New_Volume/trade-finance/final_delivery/classification_training/V2_Final_Training_Data/OTHERS/Bill_of_lading_42_page_20.png,OTHERS
1270,/New_Volume/trade-finance/final_delivery/classification_training/V2_Final_Training_Data/OTHERS/Certificate_Of_Origin_776_page_0.png,OTHERS
1271,/New_Volume/trade-finance/final_delivery/classification_training/V2_Final_Training_Data/OTHERS/Certificate_Of_Origin_219_page_1.png,OTHERS
1272,/New_Volume/trade-finance/final_delivery/classification_training/V2_Final_Training_Data/OTHERS/Covering_Schedule_23_page_0.png,OTHERS
1273,/New_Volume/trade-finance/final_delivery/classification_training/V2_Final_Training_Data/OTHERS/Certificate_Of_Origin_470_page_9.png,OTHERS
1274,/New_Volume/trade-finance/final_delivery/classification_training/V2_Final_Training_Data/OTHERS/Covering_Schedule_187_page_2.png,OTHERS
1275,/New_Volume/trade-finance/final_delivery/classification_training/V2_Final_Training_Data/OTHERS/Bill_Of_Landing_869_page_2.png,OTHERS
1276,/New_Volume/trade-finance/final_delivery/classification_training/V2_Final_Training_Data/OTHERS/Covering_Schedule(2012_08_28_10_23_31_9618)_454_page_0.png,OTHERS
1277,/New_Volume/trade-finance/final_delivery/classification_training/V2_Final_Training_Data/OTHERS/Bill_Of_Landing_148_page_1.png,OTHERS
1278,/New_Volume/trade-finance/final_delivery/classification_training/V2_Final_Training_Data/OTHERS/Bill_of_lading_2023_page_1.png,OTHERS
1279,/New_Volume/trade-finance/final_delivery/classification_training/V2_Final_Training_Data/OTHERS/Covering_Schedule(2012_07_20_13_49_13_9782)_639_page_0.png,OTHERS
1280,/New_Volume/trade-finance/final_delivery/classification_training/V2_Final_Training_Data/OTHERS/Bill_Of_Landing_602_page_4.png,OTHERS
1281,/New_Volume/trade-finance/final_delivery/classification_training/V2_Final_Training_Data/OTHERS/Certificate_Of_Origin_351_page_3.png,OTHERS
1282,/New_Volume/trade-finance/final_delivery/classification_training/V2_Final_Training_Data/OTHERS/Certificate_Of_Origin_395_page_1.png,OTHERS
1283,/New_Volume/trade-finance/final_delivery/classification_training/V2_Final_Training_Data/OTHERS/Covering_Schedule_179_page_0.png,OTHERS
1284,/New_Volume/trade-finance/final_delivery/classification_training/V2_Final_Training_Data/OTHERS/Certificate_Of_Origin_470_page_43.png,OTHERS
1285,/New_Volume/trade-finance/final_delivery/classification_training/V2_Final_Training_Data/OTHERS/Bill_Of_Landing_822_page_1.png,OTHERS
1286,/New_Volume/trade-finance/final_delivery/classification_training/V2_Final_Training_Data/OTHERS/Covering_Schedule_237_page_2.png,OTHERS
1287,/New_Volume/trade-finance/final_delivery/classification_training/V2_Final_Training_Data/OTHERS/Bill_Of_Landing_600_page_7.png,OTHERS
1288,/New_Volume/trade-finance/final_delivery/classification_training/V2_Final_Training_Data/OTHERS/Certificate_Of_Origin_313_page_2.png,OTHERS
1289,/New_Volume/trade-finance/final_delivery/classification_training/V2_Final_Training_Data/OTHERS/Certificate_Of_Origin_541_page_3.png,OTHERS
1290,/New_Volume/trade-finance/final_delivery/classification_training/V2_Final_Training_Data/OTHERS/Certificate_Of_Origin_323_page_5.png,OTHERS
1291,/New_Volume/trade-finance/final_delivery/classification_training/V2_Final_Training_Data/OTHERS/Bill_Of_Landing_684_page_8.png,OTHERS
1292,/New_Volume/trade-finance/final_delivery/classification_training/V2_Final_Training_Data/OTHERS/Covering_Schedule_18_page_1.png,OTHERS
1293,/New_Volume/trade-finance/final_delivery/classification_training/V2_Final_Training_Data/OTHERS/Certificate_Of_Origin_164_page_1.png,OTHERS
1294,/New_Volume/trade-finance/final_delivery/classification_training/V2_Final_Training_Data/OTHERS/Bill_Of_Landing_776_page_3.png,OTHERS
1295,/New_Volume/trade-finance/final_delivery/classification_training/V2_Final_Training_Data/OTHERS/Bill_of_lading_23_page_5.png,OTHERS
1296,/New_Volume/trade-finance/final_delivery/classification_training/V2_Final_Training_Data/OTHERS/Bill_Of_Landing_600_page_16.png,OTHERS
1297,/New_Volume/trade-finance/final_delivery/classification_training/V2_Final_Training_Data/OTHERS/Covering_Schedule_153_page_5.png,OTHERS
1298,/New_Volume/trade-finance/final_delivery/classification_training/V2_Final_Training_Data/OTHERS/Bill_Of_Landing_564_page_10.png,OTHERS
1299,/New_Volume/trade-finance/final_delivery/classification_training/V2_Final_Training_Data/OTHERS/Certificate_Of_Origin_218_page_1.png,OTHERS
1300,/New_Volume/trade-finance/final_delivery/classification_training/V2_Final_Training_Data/OTHERS/Covering_Schedule_10_page_12.png,OTHERS
1301,/New_Volume/trade-finance/final_delivery/classification_training/V2_Final_Training_Data/OTHERS/Certificate_Of_Origin_510_page_1.png,OTHERS
1302,/New_Volume/trade-finance/final_delivery/classification_training/V2_Final_Training_Data/OTHERS/Certificate_Of_Origin_115_page_16.png,OTHERS
1303,/New_Volume/trade-finance/final_delivery/classification_training/V2_Final_Training_Data/OTHERS/Bill_Of_Landing_415_page_1.png,OTHERS
1304,/New_Volume/trade-finance/final_delivery/classification_training/V2_Final_Training_Data/OTHERS/Certificate_Of_Origin_581_page_3.png,OTHERS
1305,/New_Volume/trade-finance/final_delivery/classification_training/V2_Final_Training_Data/OTHERS/Bill_Of_Landing_779_page_6.png,OTHERS
1306,/New_Volume/trade-finance/final_delivery/classification_training/V2_Final_Training_Data/OTHERS/Covering_Schedule_178_page_4.png,OTHERS
1307,/New_Volume/trade-finance/final_delivery/classification_training/V2_Final_Training_Data/OTHERS/Bill_Of_Landing_455_page_3.png,OTHERS
1308,/New_Volume/trade-finance/final_delivery/classification_training/V2_Final_Training_Data/OTHERS/Covering_Schedule_258_page_3.png,OTHERS
1309,/New_Volume/trade-finance/final_delivery/classification_training/V2_Final_Training_Data/OTHERS/Covering_Schedule_170_page_2.png,OTHERS
1310,/New_Volume/trade-finance/final_delivery/classification_training/V2_Final_Training_Data/OTHERS/Covering_Schedule_101_page_1.png,OTHERS
1311,/New_Volume/trade-finance/final_delivery/classification_training/V2_Final_Training_Data/OTHERS/Covering_Schedule_244_page_0.png,OTHERS
1312,/New_Volume/trade-finance/final_delivery/classification_training/V2_Final_Training_Data/OTHERS/Bill_Of_Landing_117_page_5.png,OTHERS
1313,/New_Volume/trade-finance/final_delivery/classification_training/V2_Final_Training_Data/OTHERS/Covering_Schedule(2013_04_15_15_44_07_2043)_150_page_2.png,OTHERS
1314,/New_Volume/trade-finance/final_delivery/classification_training/V2_Final_Training_Data/OTHERS/Certificate_Of_Origin_515_page_1.png,OTHERS
1315,/New_Volume/trade-finance/final_delivery/classification_training/V2_Final_Training_Data/OTHERS/Covering_Schedule_125_page_3.png,OTHERS
1316,/New_Volume/trade-finance/final_delivery/classification_training/V2_Final_Training_Data/OTHERS/Covering_Schedule_255_page_1.png,OTHERS
1317,/New_Volume/trade-finance/final_delivery/classification_training/V2_Final_Training_Data/OTHERS/Bill_of_lading_12_page_3.png,OTHERS
1318,/New_Volume/trade-finance/final_delivery/classification_training/V2_Final_Training_Data/OTHERS/Covering_Schedule_250_page_4.png,OTHERS
1319,/New_Volume/trade-finance/final_delivery/classification_training/V2_Final_Training_Data/OTHERS/Certificate_Of_Origin_323_page_1.png,OTHERS
1320,/New_Volume/trade-finance/final_delivery/classification_training/V2_Final_Training_Data/OTHERS/Covering_Schedule_274_page_2.png,OTHERS
1321,/New_Volume/trade-finance/final_delivery/classification_training/V2_Final_Training_Data/OTHERS/Certificate_Of_Origin_580_page_38.png,OTHERS
1322,/New_Volume/trade-finance/final_delivery/classification_training/V2_Final_Training_Data/OTHERS/Bill_of_lading_1501_page_1.png,OTHERS
1323,/New_Volume/trade-finance/final_delivery/classification_training/V2_Final_Training_Data/OTHERS/Certificate_Of_Origin_927_page_9.png,OTHERS
1324,/New_Volume/trade-finance/final_delivery/classification_training/V2_Final_Training_Data/OTHERS/Certificate_Of_Origin_195_page_0.png,OTHERS
1325,/New_Volume/trade-finance/final_delivery/classification_training/V2_Final_Training_Data/OTHERS/Bill_Of_Landing_286_page_2.png,OTHERS
1326,/New_Volume/trade-finance/final_delivery/classification_training/V2_Final_Training_Data/OTHERS/Bill_Of_Landing_827_page_1.png,OTHERS
1327,/New_Volume/trade-finance/final_delivery/classification_training/V2_Final_Training_Data/OTHERS/Certificate_Of_Origin_314_page_16.png,OTHERS
1328,/New_Volume/trade-finance/final_delivery/classification_training/V2_Final_Training_Data/OTHERS/Covering_Schedule_209_page_1.png,OTHERS
1329,/New_Volume/trade-finance/final_delivery/classification_training/V2_Final_Training_Data/OTHERS/Covering_Schedule_267_page_4.png,OTHERS
1330,/New_Volume/trade-finance/final_delivery/classification_training/V2_Final_Training_Data/OTHERS/Covering_Schedule_247_page_0.png,OTHERS
1331,/New_Volume/trade-finance/final_delivery/classification_training/V2_Final_Training_Data/OTHERS/Certificate_Of_Origin_223_page_1.png,OTHERS
1332,/New_Volume/trade-finance/final_delivery/classification_training/V2_Final_Training_Data/OTHERS/Certificate_Of_Origin_243_page_2.png,OTHERS
1333,/New_Volume/trade-finance/final_delivery/classification_training/V2_Final_Training_Data/OTHERS/Certificate_Of_Origin_435_page_1.png,OTHERS
1334,/New_Volume/trade-finance/final_delivery/classification_training/V2_Final_Training_Data/OTHERS/Certificate_Of_Origin_778_page_1.png,OTHERS
1335,/New_Volume/trade-finance/final_delivery/classification_training/V2_Final_Training_Data/OTHERS/Bill_Of_Landing_600_page_5.png,OTHERS
1336,/New_Volume/trade-finance/final_delivery/classification_training/V2_Final_Training_Data/OTHERS/Certificate_Of_Origin_444_page_5.png,OTHERS
1337,/New_Volume/trade-finance/final_delivery/classification_training/V2_Final_Training_Data/OTHERS/Bill_Of_Landing_383_page_1.png,OTHERS
1338,/New_Volume/trade-finance/final_delivery/classification_training/V2_Final_Training_Data/OTHERS/Certificate_Of_Origin_470_page_1.png,OTHERS
1339,/New_Volume/trade-finance/final_delivery/classification_training/V2_Final_Training_Data/OTHERS/Covering_Schedule_1_page_7.png,OTHERS
1340,/New_Volume/trade-finance/final_delivery/classification_training/V2_Final_Training_Data/OTHERS/Certificate_Of_Origin_581_page_2.png,OTHERS
1341,/New_Volume/trade-finance/final_delivery/classification_training/V2_Final_Training_Data/OTHERS/Certificate_Of_Origin_581_page_5.png,OTHERS
1342,/New_Volume/trade-finance/final_delivery/classification_training/V2_Final_Training_Data/OTHERS/Bill_Of_Landing_536_page_2.png,OTHERS
1343,/New_Volume/trade-finance/final_delivery/classification_training/V2_Final_Training_Data/OTHERS/Certificate_Of_Origin_902_page_2.png,OTHERS
1344,/New_Volume/trade-finance/final_delivery/classification_training/V2_Final_Training_Data/OTHERS/Bill_of_lading_511_page_5.png,OTHERS
1345,/New_Volume/trade-finance/final_delivery/classification_training/V2_Final_Training_Data/OTHERS/Bill_Of_Landing_526_page_1.png,OTHERS
1346,/New_Volume/trade-finance/final_delivery/classification_training/V2_Final_Training_Data/OTHERS/Covering_Schedule_160_page_0.png,OTHERS
1347,/New_Volume/trade-finance/final_delivery/classification_training/V2_Final_Training_Data/OTHERS/Bill_Of_Landing_714_page_3.png,OTHERS
1348,/New_Volume/trade-finance/final_delivery/classification_training/V2_Final_Training_Data/OTHERS/Covering_Schedule_259_page_0.png,OTHERS
1349,/New_Volume/trade-finance/final_delivery/classification_training/V2_Final_Training_Data/OTHERS/Covering_Schedule_237_page_0.png,OTHERS
1350,/New_Volume/trade-finance/final_delivery/classification_training/V2_Final_Training_Data/OTHERS/Bill_Of_Landing_235_page_9.png,OTHERS
1351,/New_Volume/trade-finance/final_delivery/classification_training/V2_Final_Training_Data/OTHERS/Covering_Schedule_178_page_0.png,OTHERS
1352,/New_Volume/trade-finance/final_delivery/classification_training/V2_Final_Training_Data/OTHERS/Certificate_Of_Origin_947_page_4.png,OTHERS
1353,/New_Volume/trade-finance/final_delivery/classification_training/V2_Final_Training_Data/OTHERS/Certificate_Of_Origin_261_page_3.png,OTHERS
1354,/New_Volume/trade-finance/final_delivery/classification_training/V2_Final_Training_Data/OTHERS/Certificate_Of_Origin_791_page_1.png,OTHERS
1355,/New_Volume/trade-finance/final_delivery/classification_training/V2_Final_Training_Data/OTHERS/Covering_Schedule_125_page_2.png,OTHERS
1356,/New_Volume/trade-finance/final_delivery/classification_training/V2_Final_Training_Data/OTHERS/Covering_Schedule_198_page_3.png,OTHERS
1357,/New_Volume/trade-finance/final_delivery/classification_training/V2_Final_Training_Data/OTHERS/Bill_of_lading_2000_page_5.png,OTHERS
1358,/New_Volume/trade-finance/final_delivery/classification_training/V2_Final_Training_Data/OTHERS/Bill_Of_Landing_234_page_1.png,OTHERS
1359,/New_Volume/trade-finance/final_delivery/classification_training/V2_Final_Training_Data/OTHERS/Certificate_Of_Origin_476_page_1.png,OTHERS
1360,/New_Volume/trade-finance/final_delivery/classification_training/V2_Final_Training_Data/OTHERS/Certificate_Of_Origin_470_page_5.png,OTHERS
1361,/New_Volume/trade-finance/final_delivery/classification_training/V2_Final_Training_Data/OTHERS/Bill_Of_Landing_607_page_3.png,OTHERS
1362,/New_Volume/trade-finance/final_delivery/classification_training/V2_Final_Training_Data/OTHERS/Certificate_Of_Origin_931_page_3.png,OTHERS
1363,/New_Volume/trade-finance/final_delivery/classification_training/V2_Final_Training_Data/OTHERS/Bill_Of_Landing_733_page_22.png,OTHERS
1364,/New_Volume/trade-finance/final_delivery/classification_training/V2_Final_Training_Data/OTHERS/Covering_Schedule_140_page_0.png,OTHERS
1365,/New_Volume/trade-finance/final_delivery/classification_training/V2_Final_Training_Data/OTHERS/Bill_Of_Landing_113_page_3.png,OTHERS
1366,/New_Volume/trade-finance/final_delivery/classification_training/V2_Final_Training_Data/OTHERS/Certificate_Of_Origin_115_page_23.png,OTHERS
1367,/New_Volume/trade-finance/final_delivery/classification_training/V2_Final_Training_Data/OTHERS/Bill_Of_Landing_112_page_3.png,OTHERS
1368,/New_Volume/trade-finance/final_delivery/classification_training/V2_Final_Training_Data/OTHERS/Certificate_Of_Origin_313_page_5.png,OTHERS
1369,/New_Volume/trade-finance/final_delivery/classification_training/V2_Final_Training_Data/OTHERS/Bill_Of_Landing_823_page_3.png,OTHERS
1370,/New_Volume/trade-finance/final_delivery/classification_training/V2_Final_Training_Data/OTHERS/Certificate_Of_Origin_319_page_2.png,OTHERS
1371,/New_Volume/trade-finance/final_delivery/classification_training/V2_Final_Training_Data/OTHERS/Certificate_Of_Origin_580_page_60.png,OTHERS
1372,/New_Volume/trade-finance/final_delivery/classification_training/V2_Final_Training_Data/OTHERS/Bill_Of_Landing_235_page_7.png,OTHERS
1373,/New_Volume/trade-finance/final_delivery/classification_training/V2_Final_Training_Data/OTHERS/Bill_of_lading_1541_page_2.png,OTHERS
1374,/New_Volume/trade-finance/final_delivery/classification_training/V2_Final_Training_Data/OTHERS/Certificate_Of_Origin_115_page_11.png,OTHERS
1375,/New_Volume/trade-finance/final_delivery/classification_training/V2_Final_Training_Data/OTHERS/Certificate_Of_Origin_526_page_0.png,OTHERS
1376,/New_Volume/trade-finance/final_delivery/classification_training/V2_Final_Training_Data/OTHERS/Bill_of_lading_2099_page_2.png,OTHERS
1377,/New_Volume/trade-finance/final_delivery/classification_training/V2_Final_Training_Data/OTHERS/Covering_Schedule_233_page_0.png,OTHERS
1378,/New_Volume/trade-finance/final_delivery/classification_training/V2_Final_Training_Data/OTHERS/Bill_of_lading_2013_page_2.png,OTHERS
1379,/New_Volume/trade-finance/final_delivery/classification_training/V2_Final_Training_Data/OTHERS/Certificate_Of_Origin_347_page_16.png,OTHERS
1380,/New_Volume/trade-finance/final_delivery/classification_training/V2_Final_Training_Data/OTHERS/Bill_Of_Landing_629_page_3.png,OTHERS
1381,/New_Volume/trade-finance/final_delivery/classification_training/V2_Final_Training_Data/OTHERS/Bill_of_lading_2013_page_6.png,OTHERS
1382,/New_Volume/trade-finance/final_delivery/classification_training/V2_Final_Training_Data/OTHERS/Bill_Of_Landing_820_page_4.png,OTHERS
1383,/New_Volume/trade-finance/final_delivery/classification_training/V2_Final_Training_Data/OTHERS/Covering_Schedule_238_page_1.png,OTHERS
1384,/New_Volume/trade-finance/final_delivery/classification_training/V2_Final_Training_Data/OTHERS/Bill_Of_Landing_767_page_7.png,OTHERS
1385,/New_Volume/trade-finance/final_delivery/classification_training/V2_Final_Training_Data/OTHERS/Covering_Schedule_252_page_1.png,OTHERS
1386,/New_Volume/trade-finance/final_delivery/classification_training/V2_Final_Training_Data/OTHERS/Bill_of_lading_1040_page_20.png,OTHERS
1387,/New_Volume/trade-finance/final_delivery/classification_training/V2_Final_Training_Data/OTHERS/Bill_Of_Landing_707_page_0.png,OTHERS
1388,/New_Volume/trade-finance/final_delivery/classification_training/V2_Final_Training_Data/OTHERS/Covering_Schedule_254_page_17.png,OTHERS
1389,/New_Volume/trade-finance/final_delivery/classification_training/V2_Final_Training_Data/OTHERS/Certificate_Of_Origin_515_page_7.png,OTHERS
1390,/New_Volume/trade-finance/final_delivery/classification_training/V2_Final_Training_Data/OTHERS/Certificate_Of_Origin_340_page_5.png,OTHERS
1391,/New_Volume/trade-finance/final_delivery/classification_training/V2_Final_Training_Data/OTHERS/Certificate_Of_Origin_338_page_4.png,OTHERS
1392,/New_Volume/trade-finance/final_delivery/classification_training/V2_Final_Training_Data/OTHERS/Bill_Of_Landing_556_page_1.png,OTHERS
1393,/New_Volume/trade-finance/final_delivery/classification_training/V2_Final_Training_Data/OTHERS/Certificate_Of_Origin_580_page_65.png,OTHERS
1394,/New_Volume/trade-finance/final_delivery/classification_training/V2_Final_Training_Data/OTHERS/Certificate_Of_Origin_623_page_20.png,OTHERS
1395,/New_Volume/trade-finance/final_delivery/classification_training/V2_Final_Training_Data/OTHERS/Certificate_Of_Origin_115_page_15.png,OTHERS
1396,/New_Volume/trade-finance/final_delivery/classification_training/V2_Final_Training_Data/OTHERS/Bill_of_lading_45_page_20.png,OTHERS
1397,/New_Volume/trade-finance/final_delivery/classification_training/V2_Final_Training_Data/OTHERS/Certificate_Of_Origin_264_page_0.png,OTHERS
1398,/New_Volume/trade-finance/final_delivery/classification_training/V2_Final_Training_Data/OTHERS/Bill_Of_Landing_737_page_0.png,OTHERS
1399,/New_Volume/trade-finance/final_delivery/classification_training/V2_Final_Training_Data/OTHERS/Bill_Of_Landing_820_page_1.png,OTHERS
1400,/New_Volume/trade-finance/final_delivery/classification_training/V2_Final_Training_Data/OTHERS/Bill_Of_Landing_140_page_1.png,OTHERS
1401,/New_Volume/trade-finance/final_delivery/classification_training/V2_Final_Training_Data/OTHERS/Covering_Schedule_1_page_13.png,OTHERS
1402,/New_Volume/trade-finance/final_delivery/classification_training/V2_Final_Training_Data/OTHERS/Bill_Of_Landing_549_page_3.png,OTHERS
1403,/New_Volume/trade-finance/final_delivery/classification_training/V2_Final_Training_Data/OTHERS/Certificate_Of_Origin_623_page_8.png,OTHERS
1404,/New_Volume/trade-finance/final_delivery/classification_training/V2_Final_Training_Data/OTHERS/Certificate_Of_Origin_183_page_5.png,OTHERS
1405,/New_Volume/trade-finance/final_delivery/classification_training/V2_Final_Training_Data/OTHERS/Covering_Schedule_139_page_8.png,OTHERS
1406,/New_Volume/trade-finance/final_delivery/classification_training/V2_Final_Training_Data/OTHERS/Covering_Schedule_18_page_15.png,OTHERS
1407,/New_Volume/trade-finance/final_delivery/classification_training/V2_Final_Training_Data/OTHERS/Bill_Of_Landing_717_page_5.png,OTHERS
1408,/New_Volume/trade-finance/final_delivery/classification_training/V2_Final_Training_Data/OTHERS/Certificate_Of_Origin_883_page_1.png,OTHERS
1409,/New_Volume/trade-finance/final_delivery/classification_training/V2_Final_Training_Data/OTHERS/Certificate_Of_Origin_580_page_62.png,OTHERS
1410,/New_Volume/trade-finance/final_delivery/classification_training/V2_Final_Training_Data/OTHERS/Certificate_Of_Origin_195_page_1.png,OTHERS
1411,/New_Volume/trade-finance/final_delivery/classification_training/V2_Final_Training_Data/OTHERS/Bill_of_lading_2000_page_3.png,OTHERS
1412,/New_Volume/trade-finance/final_delivery/classification_training/V2_Final_Training_Data/OTHERS/Bill_Of_Landing_465_page_1.png,OTHERS
1413,/New_Volume/trade-finance/final_delivery/classification_training/V2_Final_Training_Data/OTHERS/Bill_of_lading_544_page_17.png,OTHERS
1414,/New_Volume/trade-finance/final_delivery/classification_training/V2_Final_Training_Data/OTHERS/Certificate_Of_Origin_115_page_5.png,OTHERS
1415,/New_Volume/trade-finance/final_delivery/classification_training/V2_Final_Training_Data/OTHERS/Bill_Of_Landing_645_page_1.png,OTHERS
1416,/New_Volume/trade-finance/final_delivery/classification_training/V2_Final_Training_Data/OTHERS/Certificate_Of_Origin_314_page_20.png,OTHERS
1417,/New_Volume/trade-finance/final_delivery/classification_training/V2_Final_Training_Data/OTHERS/Bill_Of_Landing_449_page_1.png,OTHERS
1418,/New_Volume/trade-finance/final_delivery/classification_training/V2_Final_Training_Data/OTHERS/Bill_Of_Landing_839_page_1.png,OTHERS
1419,/New_Volume/trade-finance/final_delivery/classification_training/V2_Final_Training_Data/OTHERS/Certificate_Of_Origin_350_page_1.png,OTHERS
1420,/New_Volume/trade-finance/final_delivery/classification_training/V2_Final_Training_Data/OTHERS/Covering_Schedule(2013_04_16_10_48_09_4036)_780_page_0.png,OTHERS
1421,/New_Volume/trade-finance/final_delivery/classification_training/V2_Final_Training_Data/OTHERS/Covering_Schedule_23_page_1.png,OTHERS
1422,/New_Volume/trade-finance/final_delivery/classification_training/V2_Final_Training_Data/OTHERS/Certificate_Of_Origin_115_page_2.png,OTHERS
1423,/New_Volume/trade-finance/final_delivery/classification_training/V2_Final_Training_Data/OTHERS/Covering_Schedule_123_page_0.png,OTHERS
1424,/New_Volume/trade-finance/final_delivery/classification_training/V2_Final_Training_Data/OTHERS/Bill_of_lading_1500_page_6.png,OTHERS
1425,/New_Volume/trade-finance/final_delivery/classification_training/V2_Final_Training_Data/OTHERS/Bill_Of_Landing_712_page_1.png,OTHERS
1426,/New_Volume/trade-finance/final_delivery/classification_training/V2_Final_Training_Data/OTHERS/Covering_Schedule_252_page_7.png,OTHERS
1427,/New_Volume/trade-finance/final_delivery/classification_training/V2_Final_Training_Data/OTHERS/Covering_Schedule_267_page_9.png,OTHERS
1428,/New_Volume/trade-finance/final_delivery/classification_training/V2_Final_Training_Data/OTHERS/Covering_Schedule_254_page_15.png,OTHERS
1429,/New_Volume/trade-finance/final_delivery/classification_training/V2_Final_Training_Data/OTHERS/Bill_Of_Landing_358_page_2.png,OTHERS
1430,/New_Volume/trade-finance/final_delivery/classification_training/V2_Final_Training_Data/OTHERS/Covering_Schedule_101_page_2.png,OTHERS
1431,/New_Volume/trade-finance/final_delivery/classification_training/V2_Final_Training_Data/OTHERS/Bill_Of_Landing_187_page_9.png,OTHERS
1432,/New_Volume/trade-finance/final_delivery/classification_training/V2_Final_Training_Data/OTHERS/Bill_Of_Landing_601_page_2.png,OTHERS
1433,/New_Volume/trade-finance/final_delivery/classification_training/V2_Final_Training_Data/OTHERS/Certificate_Of_Origin_580_page_51.png,OTHERS
1434,/New_Volume/trade-finance/final_delivery/classification_training/V2_Final_Training_Data/OTHERS/Certificate_Of_Origin_580_page_39.png,OTHERS
1435,/New_Volume/trade-finance/final_delivery/classification_training/V2_Final_Training_Data/OTHERS/Covering_Schedule_188_page_0.png,OTHERS
1436,/New_Volume/trade-finance/final_delivery/classification_training/V2_Final_Training_Data/OTHERS/Bill_Of_Landing_825_page_3.png,OTHERS
1437,/New_Volume/trade-finance/final_delivery/classification_training/V2_Final_Training_Data/OTHERS/Certificate_Of_Origin_927_page_10.png,OTHERS
1438,/New_Volume/trade-finance/final_delivery/classification_training/V2_Final_Training_Data/OTHERS/Bill_Of_Landing_397_page_2.png,OTHERS
1439,/New_Volume/trade-finance/final_delivery/classification_training/V2_Final_Training_Data/OTHERS/Covering_Schedule_216_page_2.png,OTHERS
1440,/New_Volume/trade-finance/final_delivery/classification_training/V2_Final_Training_Data/OTHERS/Covering_Schedule_200_page_0.png,OTHERS
1441,/New_Volume/trade-finance/final_delivery/classification_training/V2_Final_Training_Data/OTHERS/Covering_Schedule_207_page_1.png,OTHERS
1442,/New_Volume/trade-finance/final_delivery/classification_training/V2_Final_Training_Data/OTHERS/Bill_of_lading_1010_page_5.png,OTHERS
1443,/New_Volume/trade-finance/final_delivery/classification_training/V2_Final_Training_Data/OTHERS/Certificate_Of_Origin_623_page_13.png,OTHERS
1444,/New_Volume/trade-finance/final_delivery/classification_training/V2_Final_Training_Data/OTHERS/Certificate_Of_Origin_546_page_6.png,OTHERS
1445,/New_Volume/trade-finance/final_delivery/classification_training/V2_Final_Training_Data/OTHERS/Covering_Schedule_235_page_2.png,OTHERS
1446,/New_Volume/trade-finance/final_delivery/classification_training/V2_Final_Training_Data/OTHERS/Bill_Of_Landing_717_page_1.png,OTHERS
1447,/New_Volume/trade-finance/final_delivery/classification_training/V2_Final_Training_Data/OTHERS/Covering_Schedule_120_page_3.png,OTHERS
1448,/New_Volume/trade-finance/final_delivery/classification_training/V2_Final_Training_Data/OTHERS/Covering_Schedule_272_page_0.png,OTHERS
1449,/New_Volume/trade-finance/final_delivery/classification_training/V2_Final_Training_Data/OTHERS/Covering_Schedule(2012_08_27_15_30_58_8198)_140_page_0.png,OTHERS
1450,/New_Volume/trade-finance/final_delivery/classification_training/V2_Final_Training_Data/OTHERS/Certificate_Of_Origin_476_page_3.png,OTHERS
1451,/New_Volume/trade-finance/final_delivery/classification_training/V2_Final_Training_Data/OTHERS/Certificate_Of_Origin_245_page_2.png,OTHERS
1452,/New_Volume/trade-finance/final_delivery/classification_training/V2_Final_Training_Data/OTHERS/Bill_Of_Landing_844_page_3.png,OTHERS
1453,/New_Volume/trade-finance/final_delivery/classification_training/V2_Final_Training_Data/OTHERS/Bill_of_lading_1542_page_11.png,OTHERS
1454,/New_Volume/trade-finance/final_delivery/classification_training/V2_Final_Training_Data/OTHERS/Covering_Schedule_14_page_0.png,OTHERS
1455,/New_Volume/trade-finance/final_delivery/classification_training/V2_Final_Training_Data/OTHERS/Covering_Schedule_225_page_0.png,OTHERS
1456,/New_Volume/trade-finance/final_delivery/classification_training/V2_Final_Training_Data/OTHERS/Certificate_Of_Origin_236_page_1.png,OTHERS
1457,/New_Volume/trade-finance/final_delivery/classification_training/V2_Final_Training_Data/OTHERS/Bill_Of_Landing_767_page_9.png,OTHERS
1458,/New_Volume/trade-finance/final_delivery/classification_training/V2_Final_Training_Data/OTHERS/Bill_Of_Landing_826_page_4.png,OTHERS
1459,/New_Volume/trade-finance/final_delivery/classification_training/V2_Final_Training_Data/OTHERS/Covering_Schedule_203_page_3.png,OTHERS
1460,/New_Volume/trade-finance/final_delivery/classification_training/V2_Final_Training_Data/OTHERS/Covering_Schedule_260_page_1.png,OTHERS
1461,/New_Volume/trade-finance/final_delivery/classification_training/V2_Final_Training_Data/OTHERS/Certificate_Of_Origin_580_page_37.png,OTHERS
1462,/New_Volume/trade-finance/final_delivery/classification_training/V2_Final_Training_Data/OTHERS/Covering_Schedule_202_page_0.png,OTHERS
1463,/New_Volume/trade-finance/final_delivery/classification_training/V2_Final_Training_Data/OTHERS/Certificate_Of_Origin_261_page_1.png,OTHERS
1464,/New_Volume/trade-finance/final_delivery/classification_training/V2_Final_Training_Data/OTHERS/Covering_Schedule(2013_04_15_15_44_07_2043)_150_page_4.png,OTHERS
1465,/New_Volume/trade-finance/final_delivery/classification_training/V2_Final_Training_Data/OTHERS/Certificate_Of_Origin_201_page_3.png,OTHERS
1466,/New_Volume/trade-finance/final_delivery/classification_training/V2_Final_Training_Data/OTHERS/Certificate_Of_Origin_896_page_2.png,OTHERS
1467,/New_Volume/trade-finance/final_delivery/classification_training/V2_Final_Training_Data/OTHERS/Certificate_Of_Origin_122_page_1.png,OTHERS
1468,/New_Volume/trade-finance/final_delivery/classification_training/V2_Final_Training_Data/OTHERS/Covering_Schedule_267_page_1.png,OTHERS
1469,/New_Volume/trade-finance/final_delivery/classification_training/V2_Final_Training_Data/OTHERS/Certificate_Of_Origin_192_page_3.png,OTHERS
1470,/New_Volume/trade-finance/final_delivery/classification_training/V2_Final_Training_Data/OTHERS/Certificate_Of_Origin_958_page_0.png,OTHERS
1471,/New_Volume/trade-finance/final_delivery/classification_training/V2_Final_Training_Data/OTHERS/Certificate_Of_Origin_583_page_4.png,OTHERS
1472,/New_Volume/trade-finance/final_delivery/classification_training/V2_Final_Training_Data/OTHERS/Bill_Of_Landing_562_page_8.png,OTHERS
1473,/New_Volume/trade-finance/final_delivery/classification_training/V2_Final_Training_Data/OTHERS/Covering_Schedule_0_page_7.png,OTHERS
1474,/New_Volume/trade-finance/final_delivery/classification_training/V2_Final_Training_Data/OTHERS/Covering_Schedule(2013_04_15_15_44_07_2043)_150_page_3.png,OTHERS
1475,/New_Volume/trade-finance/final_delivery/classification_training/V2_Final_Training_Data/OTHERS/Certificate_Of_Origin_583_page_5.png,OTHERS
1476,/New_Volume/trade-finance/final_delivery/classification_training/V2_Final_Training_Data/OTHERS/Certificate_Of_Origin_313_page_10.png,OTHERS
1477,/New_Volume/trade-finance/final_delivery/classification_training/V2_Final_Training_Data/OTHERS/Covering_Schedule_281_page_6.png,OTHERS
1478,/New_Volume/trade-finance/final_delivery/classification_training/V2_Final_Training_Data/OTHERS/Covering_Schedule_234_page_0.png,OTHERS
1479,/New_Volume/trade-finance/final_delivery/classification_training/V2_Final_Training_Data/OTHERS/Bill_Of_Landing_645_page_3.png,OTHERS
1480,/New_Volume/trade-finance/final_delivery/classification_training/V2_Final_Training_Data/OTHERS/Covering_Schedule_250_page_5.png,OTHERS
1481,/New_Volume/trade-finance/final_delivery/classification_training/V2_Final_Training_Data/OTHERS/Bill_Of_Landing_254_page_1.png,OTHERS
1482,/New_Volume/trade-finance/final_delivery/classification_training/V2_Final_Training_Data/OTHERS/Bill_Of_Landing_224_page_1.png,OTHERS
1483,/New_Volume/trade-finance/final_delivery/classification_training/V2_Final_Training_Data/OTHERS/Bill_Of_Landing_293_page_1.png,OTHERS
1484,/New_Volume/trade-finance/final_delivery/classification_training/V2_Final_Training_Data/OTHERS/Covering_Schedule_198_page_2.png,OTHERS
1485,/New_Volume/trade-finance/final_delivery/classification_training/V2_Final_Training_Data/OTHERS/Certificate_Of_Origin_351_page_0.png,OTHERS
1486,/New_Volume/trade-finance/final_delivery/classification_training/V2_Final_Training_Data/OTHERS/Certificate_Of_Origin_523_page_4.png,OTHERS
1487,/New_Volume/trade-finance/final_delivery/classification_training/V2_Final_Training_Data/OTHERS/Bill_of_lading_1040_page_14.png,OTHERS
1488,/New_Volume/trade-finance/final_delivery/classification_training/V2_Final_Training_Data/OTHERS/Covering_Schedule_253_page_2.png,OTHERS
1489,/New_Volume/trade-finance/final_delivery/classification_training/V2_Final_Training_Data/OTHERS/Bill_Of_Landing_528_page_2.png,OTHERS
1490,/New_Volume/trade-finance/final_delivery/classification_training/V2_Final_Training_Data/OTHERS/Certificate_Of_Origin_470_page_12.png,OTHERS
1491,/New_Volume/trade-finance/final_delivery/classification_training/V2_Final_Training_Data/OTHERS/Certificate_Of_Origin_313_page_1.png,OTHERS
1492,/New_Volume/trade-finance/final_delivery/classification_training/V2_Final_Training_Data/OTHERS/Bill_Of_Landing_353_page_14.png,OTHERS
1493,/New_Volume/trade-finance/final_delivery/classification_training/V2_Final_Training_Data/OTHERS/Covering_Schedule_1_page_3.png,OTHERS
1494,/New_Volume/trade-finance/final_delivery/classification_training/V2_Final_Training_Data/OTHERS/Certificate_Of_Origin_294_page_5.png,OTHERS
1495,/New_Volume/trade-finance/final_delivery/classification_training/V2_Final_Training_Data/OTHERS/Bill_of_lading_1002_page_3.png,OTHERS
1496,/New_Volume/trade-finance/final_delivery/classification_training/V2_Final_Training_Data/OTHERS/Certificate_Of_Origin_450_page_4.png,OTHERS
1497,/New_Volume/trade-finance/final_delivery/classification_training/V2_Final_Training_Data/OTHERS/Covering_Schedule_254_page_3.png,OTHERS
1498,/New_Volume/trade-finance/final_delivery/classification_training/V2_Final_Training_Data/OTHERS/Certificate_Of_Origin_426_page_0.png,OTHERS
1499,/New_Volume/trade-finance/final_delivery/classification_training/V2_Final_Training_Data/OTHERS/Bill_Of_Landing_803_page_1.png,OTHERS
1500,/New_Volume/trade-finance/final_delivery/classification_training/V2_Final_Training_Data/OTHERS/Bill_Of_Landing_730_page_3.png,OTHERS
1501,/New_Volume/trade-finance/final_delivery/classification_training/V2_Final_Training_Data/OTHERS/Covering_Schedule_15_page_0.png,OTHERS
1502,/New_Volume/trade-finance/final_delivery/classification_training/V2_Final_Training_Data/OTHERS/Certificate_Of_Origin_98_page_3.png,OTHERS
1503,/New_Volume/trade-finance/final_delivery/classification_training/V2_Final_Training_Data/OTHERS/Bill_Of_Landing_235_page_4.png,OTHERS
1504,/New_Volume/trade-finance/final_delivery/classification_training/V2_Final_Training_Data/OTHERS/Certificate_Of_Origin_323_page_3.png,OTHERS
1505,/New_Volume/trade-finance/final_delivery/classification_training/V2_Final_Training_Data/OTHERS/Certificate_Of_Origin_296_page_1.png,OTHERS
1506,/New_Volume/trade-finance/final_delivery/classification_training/V2_Final_Training_Data/OTHERS/Covering_Schedule_119_page_4.png,OTHERS
1507,/New_Volume/trade-finance/final_delivery/classification_training/V2_Final_Training_Data/OTHERS/Bill_Of_Landing_838_page_1.png,OTHERS
1508,/New_Volume/trade-finance/final_delivery/classification_training/V2_Final_Training_Data/OTHERS/Bill_Of_Landing_851_page_1.png,OTHERS
1509,/New_Volume/trade-finance/final_delivery/classification_training/V2_Final_Training_Data/OTHERS/Certificate_Of_Origin_470_page_38.png,OTHERS
1510,/New_Volume/trade-finance/final_delivery/classification_training/V2_Final_Training_Data/OTHERS/Certificate_Of_Origin_48_page_3.png,OTHERS
1511,/New_Volume/trade-finance/final_delivery/classification_training/V2_Final_Training_Data/OTHERS/Bill_Of_Landing_569_page_1.png,OTHERS
1512,/New_Volume/trade-finance/final_delivery/classification_training/V2_Final_Training_Data/OTHERS/Certificate_Of_Origin_61_page_1.png,OTHERS
1513,/New_Volume/trade-finance/final_delivery/classification_training/V2_Final_Training_Data/OTHERS/Covering_Schedule_153_page_6.png,OTHERS
1514,/New_Volume/trade-finance/final_delivery/classification_training/V2_Final_Training_Data/OTHERS/Covering_Schedule_271_page_0.png,OTHERS
1515,/New_Volume/trade-finance/final_delivery/classification_training/V2_Final_Training_Data/OTHERS/Bill_of_lading_1542_page_8.png,OTHERS
1516,/New_Volume/trade-finance/final_delivery/classification_training/V2_Final_Training_Data/OTHERS/Bill_Of_Landing_146_page_1.png,OTHERS
1517,/New_Volume/trade-finance/final_delivery/classification_training/V2_Final_Training_Data/OTHERS/Covering_Schedule_129_page_0.png,OTHERS
1518,/New_Volume/trade-finance/final_delivery/classification_training/V2_Final_Training_Data/OTHERS/Bill_Of_Landing_112_page_2.png,OTHERS
1519,/New_Volume/trade-finance/final_delivery/classification_training/V2_Final_Training_Data/OTHERS/Covering_Schedule_10_page_2.png,OTHERS
1520,/New_Volume/trade-finance/final_delivery/classification_training/V2_Final_Training_Data/OTHERS/Bill_Of_Landing_418_page_26.png,OTHERS
1521,/New_Volume/trade-finance/final_delivery/classification_training/V2_Final_Training_Data/OTHERS/Covering_Schedule_168_page_1.png,OTHERS
1522,/New_Volume/trade-finance/final_delivery/classification_training/V2_Final_Training_Data/OTHERS/Bill_Of_Landing_862_page_23.png,OTHERS
1523,/New_Volume/trade-finance/final_delivery/classification_training/V2_Final_Training_Data/OTHERS/Certificate_Of_Origin_515_page_6.png,OTHERS
1524,/New_Volume/trade-finance/final_delivery/classification_training/V2_Final_Training_Data/OTHERS/Bill_Of_Landing_602_page_5.png,OTHERS
1525,/New_Volume/trade-finance/final_delivery/classification_training/V2_Final_Training_Data/OTHERS/Bill_Of_Landing_193_page_1.png,OTHERS
1526,/New_Volume/trade-finance/final_delivery/classification_training/V2_Final_Training_Data/OTHERS/Covering_Schedule_184_page_3.png,OTHERS
1527,/New_Volume/trade-finance/final_delivery/classification_training/V2_Final_Training_Data/OTHERS/Bill_Of_Landing_844_page_1.png,OTHERS
1528,/New_Volume/trade-finance/final_delivery/classification_training/V2_Final_Training_Data/OTHERS/Bill_Of_Landing_710_page_2.png,OTHERS
1529,/New_Volume/trade-finance/final_delivery/classification_training/V2_Final_Training_Data/OTHERS/Covering_Schedule(2013_04_15_15_44_07_2043)_150_page_0.png,OTHERS
1530,/New_Volume/trade-finance/final_delivery/classification_training/V2_Final_Training_Data/OTHERS/Certificate_Of_Origin_640_page_0.png,OTHERS
1531,/New_Volume/trade-finance/final_delivery/classification_training/V2_Final_Training_Data/OTHERS/Bill_Of_Landing_301_page_2.png,OTHERS
1532,/New_Volume/trade-finance/final_delivery/classification_training/V2_Final_Training_Data/OTHERS/Bill_Of_Landing_418_page_0.png,OTHERS
1533,/New_Volume/trade-finance/final_delivery/classification_training/V2_Final_Training_Data/OTHERS/Bill_Of_Landing_519_page_7.png,OTHERS
1534,/New_Volume/trade-finance/final_delivery/classification_training/V2_Final_Training_Data/OTHERS/Covering_Schedule_183_page_1.png,OTHERS
1535,/New_Volume/trade-finance/final_delivery/classification_training/V2_Final_Training_Data/OTHERS/Bill_Of_Landing_562_page_18.png,OTHERS
1536,/New_Volume/trade-finance/final_delivery/classification_training/V2_Final_Training_Data/OTHERS/Bill_Of_Landing_264_page_1.png,OTHERS
1537,/New_Volume/trade-finance/final_delivery/classification_training/V2_Final_Training_Data/OTHERS/Bill_of_lading_1542_page_5.png,OTHERS
1538,/New_Volume/trade-finance/final_delivery/classification_training/V2_Final_Training_Data/OTHERS/Covering_Schedule_274_page_1.png,OTHERS
1539,/New_Volume/trade-finance/final_delivery/classification_training/V2_Final_Training_Data/OTHERS/Certificate_Of_Origin_586_page_3.png,OTHERS
1540,/New_Volume/trade-finance/final_delivery/classification_training/V2_Final_Training_Data/OTHERS/Certificate_Of_Origin_552_page_1.png,OTHERS
1541,/New_Volume/trade-finance/final_delivery/classification_training/V2_Final_Training_Data/OTHERS/Covering_Schedule_276_page_0.png,OTHERS
1542,/New_Volume/trade-finance/final_delivery/classification_training/V2_Final_Training_Data/OTHERS/Bill_Of_Landing_324_page_1.png,OTHERS
1543,/New_Volume/trade-finance/final_delivery/classification_training/V2_Final_Training_Data/OTHERS/Bill_Of_Landing_895_page_0.png,OTHERS
1544,/New_Volume/trade-finance/final_delivery/classification_training/V2_Final_Training_Data/OTHERS/Certificate_Of_Origin_470_page_16.png,OTHERS
1545,/New_Volume/trade-finance/final_delivery/classification_training/V2_Final_Training_Data/OTHERS/Covering_Schedule_21_page_0.png,OTHERS
1546,/New_Volume/trade-finance/final_delivery/classification_training/V2_Final_Training_Data/OTHERS/Bill_of_lading_543_page_6.png,OTHERS
1547,/New_Volume/trade-finance/final_delivery/classification_training/V2_Final_Training_Data/OTHERS/Bill_Of_Landing_684_page_0.png,OTHERS
1548,/New_Volume/trade-finance/final_delivery/classification_training/V2_Final_Training_Data/OTHERS/Covering_Schedule_190_page_0.png,OTHERS
1549,/New_Volume/trade-finance/final_delivery/classification_training/V2_Final_Training_Data/OTHERS/Certificate_Of_Origin_246_page_1.png,OTHERS
1550,/New_Volume/trade-finance/final_delivery/classification_training/V2_Final_Training_Data/OTHERS/Certificate_Of_Origin_24_page_1.png,OTHERS
1551,/New_Volume/trade-finance/final_delivery/classification_training/V2_Final_Training_Data/OTHERS/Bill_of_lading_1539_page_5.png,OTHERS
1552,/New_Volume/trade-finance/final_delivery/classification_training/V2_Final_Training_Data/OTHERS/Bill_Of_Landing_339_page_1.png,OTHERS
1553,/New_Volume/trade-finance/final_delivery/classification_training/V2_Final_Training_Data/OTHERS/Certificate_Of_Origin_435_page_6.png,OTHERS
1554,/New_Volume/trade-finance/final_delivery/classification_training/V2_Final_Training_Data/OTHERS/Certificate_Of_Origin_314_page_0.png,OTHERS
1555,/New_Volume/trade-finance/final_delivery/classification_training/V2_Final_Training_Data/OTHERS/Bill_Of_Landing_596_page_1.png,OTHERS
1556,/New_Volume/trade-finance/final_delivery/classification_training/V2_Final_Training_Data/OTHERS/Covering_Schedule_168_page_0.png,OTHERS
1557,/New_Volume/trade-finance/final_delivery/classification_training/V2_Final_Training_Data/OTHERS/Certificate_Of_Origin_53_page_1.png,OTHERS
1558,/New_Volume/trade-finance/final_delivery/classification_training/V2_Final_Training_Data/OTHERS/Covering_Schedule_247_page_1.png,OTHERS
1559,/New_Volume/trade-finance/final_delivery/classification_training/V2_Final_Training_Data/OTHERS/Certificate_Of_Origin_317_page_3.png,OTHERS
1560,/New_Volume/trade-finance/final_delivery/classification_training/V2_Final_Training_Data/OTHERS/Covering_Schedule_136_page_2.png,OTHERS
1561,/New_Volume/trade-finance/final_delivery/classification_training/V2_Final_Training_Data/OTHERS/Covering_Schedule(2013_04_17_19_41_14_6047)_743_page_1.png,OTHERS
1562,/New_Volume/trade-finance/final_delivery/classification_training/V2_Final_Training_Data/OTHERS/Bill_Of_Landing_714_page_5.png,OTHERS
1563,/New_Volume/trade-finance/final_delivery/classification_training/V2_Final_Training_Data/OTHERS/Bill_Of_Landing_117_page_3.png,OTHERS
1564,/New_Volume/trade-finance/final_delivery/classification_training/V2_Final_Training_Data/OTHERS/Bill_Of_Landing_820_page_3.png,OTHERS
1565,/New_Volume/trade-finance/final_delivery/classification_training/V2_Final_Training_Data/OTHERS/Certificate_Of_Origin_546_page_8.png,OTHERS
1566,/New_Volume/trade-finance/final_delivery/classification_training/V2_Final_Training_Data/OTHERS/Certificate_Of_Origin_917_page_0.png,OTHERS
1567,/New_Volume/trade-finance/final_delivery/classification_training/V2_Final_Training_Data/OTHERS/Certificate_Of_Origin_614_page_7.png,OTHERS
1568,/New_Volume/trade-finance/final_delivery/classification_training/V2_Final_Training_Data/OTHERS/Certificate_Of_Origin_843_page_5.png,OTHERS
1569,/New_Volume/trade-finance/final_delivery/classification_training/V2_Final_Training_Data/OTHERS/Certificate_Of_Origin_351_page_2.png,OTHERS
1570,/New_Volume/trade-finance/final_delivery/classification_training/V2_Final_Training_Data/OTHERS/Certificate_Of_Origin_623_page_6.png,OTHERS
1571,/New_Volume/trade-finance/final_delivery/classification_training/V2_Final_Training_Data/OTHERS/Certificate_Of_Origin_180_page_5.png,OTHERS
1572,/New_Volume/trade-finance/final_delivery/classification_training/V2_Final_Training_Data/OTHERS/Bill_Of_Landing_898_page_5.png,OTHERS
1573,/New_Volume/trade-finance/final_delivery/classification_training/V2_Final_Training_Data/OTHERS/Bill_Of_Landing_809_page_0.png,OTHERS
1574,/New_Volume/trade-finance/final_delivery/classification_training/V2_Final_Training_Data/OTHERS/Covering_Schedule_24_page_2.png,OTHERS
1575,/New_Volume/trade-finance/final_delivery/classification_training/V2_Final_Training_Data/OTHERS/Bill_Of_Landing_600_page_18.png,OTHERS
1576,/New_Volume/trade-finance/final_delivery/classification_training/V2_Final_Training_Data/OTHERS/Bill_of_lading_44_page_10.png,OTHERS
1577,/New_Volume/trade-finance/final_delivery/classification_training/V2_Final_Training_Data/OTHERS/Bill_Of_Landing_341_page_2.png,OTHERS
1578,/New_Volume/trade-finance/final_delivery/classification_training/V2_Final_Training_Data/OTHERS/Bill_Of_Landing_659_page_1.png,OTHERS
1579,/New_Volume/trade-finance/final_delivery/classification_training/V2_Final_Training_Data/OTHERS/Certificate_Of_Origin_965_page_1.png,OTHERS
1580,/New_Volume/trade-finance/final_delivery/classification_training/V2_Final_Training_Data/OTHERS/Certificate_Of_Origin_891_page_1.png,OTHERS
1581,/New_Volume/trade-finance/final_delivery/classification_training/V2_Final_Training_Data/OTHERS/Covering_Schedule_120_page_4.png,OTHERS
1582,/New_Volume/trade-finance/final_delivery/classification_training/V2_Final_Training_Data/OTHERS/Certificate_Of_Origin_927_page_0.png,OTHERS
1583,/New_Volume/trade-finance/final_delivery/classification_training/V2_Final_Training_Data/OTHERS/Bill_Of_Landing_862_page_27.png,OTHERS
1584,/New_Volume/trade-finance/final_delivery/classification_training/V2_Final_Training_Data/OTHERS/Covering_Schedule_226_page_2.png,OTHERS
1585,/New_Volume/trade-finance/final_delivery/classification_training/V2_Final_Training_Data/OTHERS/Covering_Schedule_249_page_0.png,OTHERS
1586,/New_Volume/trade-finance/final_delivery/classification_training/V2_Final_Training_Data/OTHERS/Bill_Of_Landing_779_page_4.png,OTHERS
1587,/New_Volume/trade-finance/final_delivery/classification_training/V2_Final_Training_Data/OTHERS/Certificate_Of_Origin_314_page_11.png,OTHERS
1588,/New_Volume/trade-finance/final_delivery/classification_training/V2_Final_Training_Data/OTHERS/Bill_of_lading_511_page_3.png,OTHERS
1589,/New_Volume/trade-finance/final_delivery/classification_training/V2_Final_Training_Data/OTHERS/Covering_Schedule_101_page_3.png,OTHERS
1590,/New_Volume/trade-finance/final_delivery/classification_training/V2_Final_Training_Data/OTHERS/Certificate_Of_Origin_623_page_19.png,OTHERS
1591,/New_Volume/trade-finance/final_delivery/classification_training/V2_Final_Training_Data/OTHERS/Bill_Of_Landing_243_page_5.png,OTHERS
1592,/New_Volume/trade-finance/final_delivery/classification_training/V2_Final_Training_Data/OTHERS/Certificate_Of_Origin_580_page_61.png,OTHERS
1593,/New_Volume/trade-finance/final_delivery/classification_training/V2_Final_Training_Data/OTHERS/Certificate_Of_Origin_714_page_1.png,OTHERS
1594,/New_Volume/trade-finance/final_delivery/classification_training/V2_Final_Training_Data/OTHERS/Bill_Of_Landing_889_page_1.png,OTHERS
1595,/New_Volume/trade-finance/final_delivery/classification_training/V2_Final_Training_Data/OTHERS/Certificate_Of_Origin_319_page_3.png,OTHERS
1596,/New_Volume/trade-finance/final_delivery/classification_training/V2_Final_Training_Data/OTHERS/Bill_Of_Landing_535_page_1.png,OTHERS
1597,/New_Volume/trade-finance/final_delivery/classification_training/V2_Final_Training_Data/OTHERS/Bill_Of_Landing_439_page_2.png,OTHERS
1598,/New_Volume/trade-finance/final_delivery/classification_training/V2_Final_Training_Data/OTHERS/Bill_Of_Landing_823_page_4.png,OTHERS
1599,/New_Volume/trade-finance/final_delivery/classification_training/V2_Final_Training_Data/OTHERS/Bill_of_lading_1514_page_10.png,OTHERS
1600,/New_Volume/trade-finance/final_delivery/classification_training/V2_Final_Training_Data/OTHERS/Bill_Of_Landing_776_page_1.png,OTHERS
1601,/New_Volume/trade-finance/final_delivery/classification_training/V2_Final_Training_Data/OTHERS/Certificate_Of_Origin_269_page_8.png,OTHERS
1602,/New_Volume/trade-finance/final_delivery/classification_training/V2_Final_Training_Data/OTHERS/Certificate_Of_Origin_612_page_1.png,OTHERS
1603,/New_Volume/trade-finance/final_delivery/classification_training/V2_Final_Training_Data/OTHERS/Bill_Of_Landing_600_page_20.png,OTHERS
1604,/New_Volume/trade-finance/final_delivery/classification_training/V2_Final_Training_Data/OTHERS/Covering_Schedule_111_page_2.png,OTHERS
1605,/New_Volume/trade-finance/final_delivery/classification_training/V2_Final_Training_Data/OTHERS/Bill_Of_Landing_416_page_2.png,OTHERS
1606,/New_Volume/trade-finance/final_delivery/classification_training/V2_Final_Training_Data/OTHERS/Certificate_Of_Origin_314_page_14.png,OTHERS
1607,/New_Volume/trade-finance/final_delivery/classification_training/V2_Final_Training_Data/OTHERS/Bill_of_lading_1498_page_1.png,OTHERS
1608,/New_Volume/trade-finance/final_delivery/classification_training/V2_Final_Training_Data/OTHERS/Certificate_Of_Origin_324_page_3.png,OTHERS
1609,/New_Volume/trade-finance/final_delivery/classification_training/V2_Final_Training_Data/OTHERS/Certificate_Of_Origin_411_page_1.png,OTHERS
1610,/New_Volume/trade-finance/final_delivery/classification_training/V2_Final_Training_Data/OTHERS/Bill_of_lading_544_page_5.png,OTHERS
1611,/New_Volume/trade-finance/final_delivery/classification_training/V2_Final_Training_Data/OTHERS/Certificate_Of_Origin_623_page_15.png,OTHERS
1612,/New_Volume/trade-finance/final_delivery/classification_training/V2_Final_Training_Data/OTHERS/Bill_Of_Landing_888_page_3.png,OTHERS
1613,/New_Volume/trade-finance/final_delivery/classification_training/V2_Final_Training_Data/OTHERS/Bill_of_lading_45_page_14.png,OTHERS
1614,/New_Volume/trade-finance/final_delivery/classification_training/V2_Final_Training_Data/OTHERS/Certificate_Of_Origin_580_page_57.png,OTHERS
1615,/New_Volume/trade-finance/final_delivery/classification_training/V2_Final_Training_Data/OTHERS/Certificate_Of_Origin_580_page_41.png,OTHERS
1616,/New_Volume/trade-finance/final_delivery/classification_training/V2_Final_Training_Data/OTHERS/Covering_Schedule_107_page_1.png,OTHERS
1617,/New_Volume/trade-finance/final_delivery/classification_training/V2_Final_Training_Data/OTHERS/Bill_Of_Landing_264_page_2.png,OTHERS
1618,/New_Volume/trade-finance/final_delivery/classification_training/V2_Final_Training_Data/OTHERS/Bill_Of_Landing_504_page_1.png,OTHERS
1619,/New_Volume/trade-finance/final_delivery/classification_training/V2_Final_Training_Data/OTHERS/Bill_Of_Landing_244_page_1.png,OTHERS
1620,/New_Volume/trade-finance/final_delivery/classification_training/V2_Final_Training_Data/OTHERS/Certificate_Of_Origin_580_page_44.png,OTHERS
1621,/New_Volume/trade-finance/final_delivery/classification_training/V2_Final_Training_Data/OTHERS/Bill_Of_Landing_243_page_3.png,OTHERS
1622,/New_Volume/trade-finance/final_delivery/classification_training/V2_Final_Training_Data/OTHERS/Certificate_Of_Origin_875_page_3.png,OTHERS
1623,/New_Volume/trade-finance/final_delivery/classification_training/V2_Final_Training_Data/OTHERS/Bill_Of_Landing_860_page_3.png,OTHERS
1624,/New_Volume/trade-finance/final_delivery/classification_training/V2_Final_Training_Data/OTHERS/Certificate_Of_Origin_527_page_0.png,OTHERS
1625,/New_Volume/trade-finance/final_delivery/classification_training/V2_Final_Training_Data/OTHERS/Certificate_Of_Origin_183_page_6.png,OTHERS
1626,/New_Volume/trade-finance/final_delivery/classification_training/V2_Final_Training_Data/OTHERS/Certificate_Of_Origin_194_page_1.png,OTHERS
1627,/New_Volume/trade-finance/final_delivery/classification_training/V2_Final_Training_Data/OTHERS/Bill_of_lading_1518_page_1.png,OTHERS
1628,/New_Volume/trade-finance/final_delivery/classification_training/V2_Final_Training_Data/OTHERS/Covering_Schedule_153_page_0.png,OTHERS
1629,/New_Volume/trade-finance/final_delivery/classification_training/V2_Final_Training_Data/OTHERS/Certificate_Of_Origin_644_page_1.png,OTHERS
1630,/New_Volume/trade-finance/final_delivery/classification_training/V2_Final_Training_Data/OTHERS/Bill_Of_Landing_629_page_4.png,OTHERS
1631,/New_Volume/trade-finance/final_delivery/classification_training/V2_Final_Training_Data/OTHERS/Bill_Of_Landing_600_page_8.png,OTHERS
1632,/New_Volume/trade-finance/final_delivery/classification_training/V2_Final_Training_Data/OTHERS/Certificate_Of_Origin_242_page_1.png,OTHERS
1633,/New_Volume/trade-finance/final_delivery/classification_training/V2_Final_Training_Data/OTHERS/Certificate_Of_Origin_115_page_1.png,OTHERS
1634,/New_Volume/trade-finance/final_delivery/classification_training/V2_Final_Training_Data/OTHERS/Certificate_Of_Origin_180_page_1.png,OTHERS
1635,/New_Volume/trade-finance/final_delivery/classification_training/V2_Final_Training_Data/OTHERS/Bill_Of_Landing_562_page_51.png,OTHERS
1636,/New_Volume/trade-finance/final_delivery/classification_training/V2_Final_Training_Data/OTHERS/Bill_Of_Landing_434_page_2.png,OTHERS
1637,/New_Volume/trade-finance/final_delivery/classification_training/V2_Final_Training_Data/OTHERS/Covering_Schedule_126_page_0.png,OTHERS
1638,/New_Volume/trade-finance/final_delivery/classification_training/V2_Final_Training_Data/OTHERS/Bill_Of_Landing_870_page_1.png,OTHERS
1639,/New_Volume/trade-finance/final_delivery/classification_training/V2_Final_Training_Data/OTHERS/Covering_Schedule_127_page_1.png,OTHERS
1640,/New_Volume/trade-finance/final_delivery/classification_training/V2_Final_Training_Data/OTHERS/Certificate_Of_Origin_885_page_1.png,OTHERS
1641,/New_Volume/trade-finance/final_delivery/classification_training/V2_Final_Training_Data/OTHERS/Bill_Of_Landing_306_page_1.png,OTHERS
1642,/New_Volume/trade-finance/final_delivery/classification_training/V2_Final_Training_Data/OTHERS/Covering_Schedule_205_page_0.png,OTHERS
1643,/New_Volume/trade-finance/final_delivery/classification_training/V2_Final_Training_Data/OTHERS/Certificate_Of_Origin_890_page_2.png,OTHERS
1644,/New_Volume/trade-finance/final_delivery/classification_training/V2_Final_Training_Data/OTHERS/Covering_Schedule_1_page_14.png,OTHERS
1645,/New_Volume/trade-finance/final_delivery/classification_training/V2_Final_Training_Data/OTHERS/Certificate_Of_Origin_470_page_3.png,OTHERS
1646,/New_Volume/trade-finance/final_delivery/classification_training/V2_Final_Training_Data/OTHERS/Covering_Schedule_250_page_9.png,OTHERS
1647,/New_Volume/trade-finance/final_delivery/classification_training/V2_Final_Training_Data/OTHERS/Certificate_Of_Origin_429_page_2.png,OTHERS
1648,/New_Volume/trade-finance/final_delivery/classification_training/V2_Final_Training_Data/OTHERS/Certificate_Of_Origin_470_page_25.png,OTHERS
1649,/New_Volume/trade-finance/final_delivery/classification_training/V2_Final_Training_Data/OTHERS/Bill_of_lading_503_page_3.png,OTHERS
1650,/New_Volume/trade-finance/final_delivery/classification_training/V2_Final_Training_Data/OTHERS/Certificate_Of_Origin_917_page_4.png,OTHERS
1651,/New_Volume/trade-finance/final_delivery/classification_training/V2_Final_Training_Data/OTHERS/Bill_Of_Landing_192_page_13.png,OTHERS
1652,/New_Volume/trade-finance/final_delivery/classification_training/V2_Final_Training_Data/OTHERS/Certificate_Of_Origin_314_page_17.png,OTHERS
1653,/New_Volume/trade-finance/final_delivery/classification_training/V2_Final_Training_Data/OTHERS/Certificate_Of_Origin_452_page_5.png,OTHERS
1654,/New_Volume/trade-finance/final_delivery/classification_training/V2_Final_Training_Data/OTHERS/Covering_Schedule_124_page_0.png,OTHERS
1655,/New_Volume/trade-finance/final_delivery/classification_training/V2_Final_Training_Data/OTHERS/Certificate_Of_Origin_115_page_14.png,OTHERS
1656,/New_Volume/trade-finance/final_delivery/classification_training/V2_Final_Training_Data/OTHERS/Certificate_Of_Origin_985_page_4.png,OTHERS
1657,/New_Volume/trade-finance/final_delivery/classification_training/V2_Final_Training_Data/OTHERS/Certificate_Of_Origin_269_page_7.png,OTHERS
1658,/New_Volume/trade-finance/final_delivery/classification_training/V2_Final_Training_Data/OTHERS/Covering_Schedule_11_page_3.png,OTHERS
1659,/New_Volume/trade-finance/final_delivery/classification_training/V2_Final_Training_Data/OTHERS/Bill_of_lading_1998_page_2.png,OTHERS
1660,/New_Volume/trade-finance/final_delivery/classification_training/V2_Final_Training_Data/OTHERS/Bill_Of_Landing_358_page_4.png,OTHERS
1661,/New_Volume/trade-finance/final_delivery/classification_training/V2_Final_Training_Data/OTHERS/Certificate_Of_Origin_233_page_0.png,OTHERS
1662,/New_Volume/trade-finance/final_delivery/classification_training/V2_Final_Training_Data/OTHERS/Certificate_Of_Origin_614_page_8.png,OTHERS
1663,/New_Volume/trade-finance/final_delivery/classification_training/V2_Final_Training_Data/OTHERS/Bill_of_lading_1534_page_1.png,OTHERS
1664,/New_Volume/trade-finance/final_delivery/classification_training/V2_Final_Training_Data/OTHERS/Certificate_Of_Origin_314_page_12.png,OTHERS
1665,/New_Volume/trade-finance/final_delivery/classification_training/V2_Final_Training_Data/OTHERS/Bill_Of_Landing_808_page_7.png,OTHERS
1666,/New_Volume/trade-finance/final_delivery/classification_training/V2_Final_Training_Data/OTHERS/Certificate_Of_Origin_37_page_4.png,OTHERS
1667,/New_Volume/trade-finance/final_delivery/classification_training/V2_Final_Training_Data/OTHERS/Covering_Schedule_273_page_1.png,OTHERS
1668,/New_Volume/trade-finance/final_delivery/classification_training/V2_Final_Training_Data/OTHERS/Bill_Of_Landing_192_page_6.png,OTHERS
1669,/New_Volume/trade-finance/final_delivery/classification_training/V2_Final_Training_Data/OTHERS/Covering_Schedule_212_page_4.png,OTHERS
1670,/New_Volume/trade-finance/final_delivery/classification_training/V2_Final_Training_Data/OTHERS/Bill_Of_Landing_488_page_9.png,OTHERS
1671,/New_Volume/trade-finance/final_delivery/classification_training/V2_Final_Training_Data/OTHERS/Bill_Of_Landing_862_page_19.png,OTHERS
1672,/New_Volume/trade-finance/final_delivery/classification_training/V2_Final_Training_Data/OTHERS/Certificate_Of_Origin_115_page_13.png,OTHERS
1673,/New_Volume/trade-finance/final_delivery/classification_training/V2_Final_Training_Data/OTHERS/Certificate_Of_Origin_361_page_2.png,OTHERS
1674,/New_Volume/trade-finance/final_delivery/classification_training/V2_Final_Training_Data/OTHERS/Bill_Of_Landing_434_page_1.png,OTHERS
1675,/New_Volume/trade-finance/final_delivery/classification_training/V2_Final_Training_Data/OTHERS/Covering_Schedule_253_page_11.png,OTHERS
1676,/New_Volume/trade-finance/final_delivery/classification_training/V2_Final_Training_Data/OTHERS/Certificate_Of_Origin_435_page_4.png,OTHERS
1677,/New_Volume/trade-finance/final_delivery/classification_training/V2_Final_Training_Data/OTHERS/Bill_Of_Landing_846_page_2.png,OTHERS
1678,/New_Volume/trade-finance/final_delivery/classification_training/V2_Final_Training_Data/OTHERS/Certificate_Of_Origin_580_page_67.png,OTHERS
1679,/New_Volume/trade-finance/final_delivery/classification_training/V2_Final_Training_Data/OTHERS/Bill_Of_Landing_741_page_0.png,OTHERS
1680,/New_Volume/trade-finance/final_delivery/classification_training/V2_Final_Training_Data/OTHERS/Covering_Schedule_225_page_4.png,OTHERS
1681,/New_Volume/trade-finance/final_delivery/classification_training/V2_Final_Training_Data/OTHERS/Bill_of_lading_2017_page_2.png,OTHERS
1682,/New_Volume/trade-finance/final_delivery/classification_training/V2_Final_Training_Data/OTHERS/Certificate_Of_Origin_339_page_3.png,OTHERS
1683,/New_Volume/trade-finance/final_delivery/classification_training/V2_Final_Training_Data/OTHERS/Bill_Of_Landing_852_page_1.png,OTHERS
1684,/New_Volume/trade-finance/final_delivery/classification_training/V2_Final_Training_Data/OTHERS/Bill_Of_Landing_418_page_24.png,OTHERS
1685,/New_Volume/trade-finance/final_delivery/classification_training/V2_Final_Training_Data/OTHERS/Certificate_Of_Origin_412_page_1.png,OTHERS
1686,/New_Volume/trade-finance/final_delivery/classification_training/V2_Final_Training_Data/OTHERS/Bill_of_lading_2013_page_10.png,OTHERS
1687,/New_Volume/trade-finance/final_delivery/classification_training/V2_Final_Training_Data/OTHERS/Certificate_Of_Origin_843_page_1.png,OTHERS
1688,/New_Volume/trade-finance/final_delivery/classification_training/V2_Final_Training_Data/OTHERS/Certificate_Of_Origin_249_page_1.png,OTHERS
1689,/New_Volume/trade-finance/final_delivery/classification_training/V2_Final_Training_Data/OTHERS/Covering_Schedule_234_page_7.png,OTHERS
1690,/New_Volume/trade-finance/final_delivery/classification_training/V2_Final_Training_Data/OTHERS/Covering_Schedule_180_page_2.png,OTHERS
1691,/New_Volume/trade-finance/final_delivery/classification_training/V2_Final_Training_Data/OTHERS/Covering_Schedule_224_page_0.png,OTHERS
1692,/New_Volume/trade-finance/final_delivery/classification_training/V2_Final_Training_Data/OTHERS/Certificate_Of_Origin_580_page_52.png,OTHERS
1693,/New_Volume/trade-finance/final_delivery/classification_training/V2_Final_Training_Data/OTHERS/Covering_Schedule_285_page_4.png,OTHERS
1694,/New_Volume/trade-finance/final_delivery/classification_training/V2_Final_Training_Data/OTHERS/Certificate_Of_Origin_141_page_1.png,OTHERS
1695,/New_Volume/trade-finance/final_delivery/classification_training/V2_Final_Training_Data/OTHERS/Bill_Of_Landing_353_page_11.png,OTHERS
1696,/New_Volume/trade-finance/final_delivery/classification_training/V2_Final_Training_Data/OTHERS/Bill_Of_Landing_564_page_8.png,OTHERS
1697,/New_Volume/trade-finance/final_delivery/classification_training/V2_Final_Training_Data/OTHERS/Bill_of_lading_1019_page_2.png,OTHERS
1698,/New_Volume/trade-finance/final_delivery/classification_training/V2_Final_Training_Data/OTHERS/Covering_Schedule_189_page_2.png,OTHERS
1699,/New_Volume/trade-finance/final_delivery/classification_training/V2_Final_Training_Data/OTHERS/Certificate_Of_Origin_470_page_7.png,OTHERS
1700,/New_Volume/trade-finance/final_delivery/classification_training/V2_Final_Training_Data/OTHERS/Bill_Of_Landing_837_page_4.png,OTHERS
1701,/New_Volume/trade-finance/final_delivery/classification_training/V2_Final_Training_Data/OTHERS/Certificate_Of_Origin_435_page_7.png,OTHERS
1702,/New_Volume/trade-finance/final_delivery/classification_training/V2_Final_Training_Data/OTHERS/Covering_Schedule_189_page_1.png,OTHERS
1703,/New_Volume/trade-finance/final_delivery/classification_training/V2_Final_Training_Data/OTHERS/Certificate_Of_Origin_539_page_4.png,OTHERS
1704,/New_Volume/trade-finance/final_delivery/classification_training/V2_Final_Training_Data/OTHERS/Bill_Of_Landing_615_page_1.png,OTHERS
1705,/New_Volume/trade-finance/final_delivery/classification_training/V2_Final_Training_Data/OTHERS/Certificate_Of_Origin_269_page_28.png,OTHERS
1706,/New_Volume/trade-finance/final_delivery/classification_training/V2_Final_Training_Data/OTHERS/Bill_Of_Landing_450_page_2.png,OTHERS
1707,/New_Volume/trade-finance/final_delivery/classification_training/V2_Final_Training_Data/OTHERS/Bill_of_lading_503_page_5.png,OTHERS
1708,/New_Volume/trade-finance/final_delivery/classification_training/V2_Final_Training_Data/OTHERS/Bill_Of_Landing_825_page_4.png,OTHERS
1709,/New_Volume/trade-finance/final_delivery/classification_training/V2_Final_Training_Data/OTHERS/Bill_Of_Landing_836_page_7.png,OTHERS
1710,/New_Volume/trade-finance/final_delivery/classification_training/V2_Final_Training_Data/OTHERS/Certificate_Of_Origin_418_page_4.png,OTHERS
1711,/New_Volume/trade-finance/final_delivery/classification_training/V2_Final_Training_Data/OTHERS/Certificate_Of_Origin_339_page_4.png,OTHERS
1712,/New_Volume/trade-finance/final_delivery/classification_training/V2_Final_Training_Data/OTHERS/Certificate_Of_Origin_580_page_35.png,OTHERS
1713,/New_Volume/trade-finance/final_delivery/classification_training/V2_Final_Training_Data/OTHERS/Certificate_Of_Origin_201_page_6.png,OTHERS
1714,/New_Volume/trade-finance/final_delivery/classification_training/V2_Final_Training_Data/OTHERS/Certificate_Of_Origin_843_page_7.png,OTHERS
1715,/New_Volume/trade-finance/final_delivery/classification_training/V2_Final_Training_Data/OTHERS/Bill_Of_Landing_683_page_0.png,OTHERS
1716,/New_Volume/trade-finance/final_delivery/classification_training/V2_Final_Training_Data/OTHERS/Bill_Of_Landing_898_page_3.png,OTHERS
1717,/New_Volume/trade-finance/final_delivery/classification_training/V2_Final_Training_Data/OTHERS/Bill_Of_Landing_296_page_1.png,OTHERS
1718,/New_Volume/trade-finance/final_delivery/classification_training/V2_Final_Training_Data/OTHERS/Bill_of_lading_1539_page_14.png,OTHERS
1719,/New_Volume/trade-finance/final_delivery/classification_training/V2_Final_Training_Data/OTHERS/Bill_Of_Landing_862_page_36.png,OTHERS
1720,/New_Volume/trade-finance/final_delivery/classification_training/V2_Final_Training_Data/OTHERS/Bill_Of_Landing_839_page_3.png,OTHERS
1721,/New_Volume/trade-finance/final_delivery/classification_training/V2_Final_Training_Data/OTHERS/Certificate_Of_Origin_762_page_3.png,OTHERS
1722,/New_Volume/trade-finance/final_delivery/classification_training/V2_Final_Training_Data/OTHERS/Bill_Of_Landing_455_page_2.png,OTHERS
1723,/New_Volume/trade-finance/final_delivery/classification_training/V2_Final_Training_Data/OTHERS/Certificate_Of_Origin_580_page_30.png,OTHERS
1724,/New_Volume/trade-finance/final_delivery/classification_training/V2_Final_Training_Data/OTHERS/Bill_of_lading_1015_page_6.png,OTHERS
1725,/New_Volume/trade-finance/final_delivery/classification_training/V2_Final_Training_Data/OTHERS/Certificate_Of_Origin_347_page_13.png,OTHERS
1726,/New_Volume/trade-finance/final_delivery/classification_training/V2_Final_Training_Data/OTHERS/Certificate_Of_Origin_580_page_69.png,OTHERS
1727,/New_Volume/trade-finance/final_delivery/classification_training/V2_Final_Training_Data/OTHERS/Certificate_Of_Origin_34_page_1.png,OTHERS
1728,/New_Volume/trade-finance/final_delivery/classification_training/V2_Final_Training_Data/OTHERS/Covering_Schedule_22_page_0.png,OTHERS
1729,/New_Volume/trade-finance/final_delivery/classification_training/V2_Final_Training_Data/OTHERS/Covering_Schedule_201_page_1.png,OTHERS
1730,/New_Volume/trade-finance/final_delivery/classification_training/V2_Final_Training_Data/OTHERS/Bill_Of_Landing_825_page_6.png,OTHERS
1731,/New_Volume/trade-finance/final_delivery/classification_training/V2_Final_Training_Data/OTHERS/Covering_Schedule_203_page_0.png,OTHERS
1732,/New_Volume/trade-finance/final_delivery/classification_training/V2_Final_Training_Data/OTHERS/Certificate_Of_Origin_470_page_14.png,OTHERS
1733,/New_Volume/trade-finance/final_delivery/classification_training/V2_Final_Training_Data/OTHERS/Covering_Schedule_101_page_0.png,OTHERS
1734,/New_Volume/trade-finance/final_delivery/classification_training/V2_Final_Training_Data/OTHERS/Covering_Schedule_1_page_2.png,OTHERS
1735,/New_Volume/trade-finance/final_delivery/classification_training/V2_Final_Training_Data/OTHERS/Certificate_Of_Origin_502_page_1.png,OTHERS
1736,/New_Volume/trade-finance/final_delivery/classification_training/V2_Final_Training_Data/OTHERS/Certificate_Of_Origin_313_page_7.png,OTHERS
1737,/New_Volume/trade-finance/final_delivery/classification_training/V2_Final_Training_Data/OTHERS/Bill_Of_Landing_851_page_5.png,OTHERS
1738,/New_Volume/trade-finance/final_delivery/classification_training/V2_Final_Training_Data/OTHERS/Bill_Of_Landing_823_page_5.png,OTHERS
1739,/New_Volume/trade-finance/final_delivery/classification_training/V2_Final_Training_Data/OTHERS/Certificate_Of_Origin_515_page_5.png,OTHERS
1740,/New_Volume/trade-finance/final_delivery/classification_training/V2_Final_Training_Data/OTHERS/Bill_Of_Landing_779_page_5.png,OTHERS
1741,/New_Volume/trade-finance/final_delivery/classification_training/V2_Final_Training_Data/OTHERS/Bill_of_lading_541_page_14.png,OTHERS
1742,/New_Volume/trade-finance/final_delivery/classification_training/V2_Final_Training_Data/OTHERS/Certificate_Of_Origin_762_page_1.png,OTHERS
1743,/New_Volume/trade-finance/final_delivery/classification_training/V2_Final_Training_Data/OTHERS/Certificate_Of_Origin_502_page_3.png,OTHERS
1744,/New_Volume/trade-finance/final_delivery/classification_training/V2_Final_Training_Data/OTHERS/Certificate_Of_Origin_597_page_3.png,OTHERS
1745,/New_Volume/trade-finance/final_delivery/classification_training/V2_Final_Training_Data/OTHERS/Bill_Of_Landing_600_page_17.png,OTHERS
1746,/New_Volume/trade-finance/final_delivery/classification_training/V2_Final_Training_Data/OTHERS/Certificate_Of_Origin_269_page_20.png,OTHERS
1747,/New_Volume/trade-finance/final_delivery/classification_training/V2_Final_Training_Data/OTHERS/Bill_Of_Landing_642_page_5.png,OTHERS
1748,/New_Volume/trade-finance/final_delivery/classification_training/V2_Final_Training_Data/OTHERS/Bill_Of_Landing_862_page_29.png,OTHERS
1749,/New_Volume/trade-finance/final_delivery/classification_training/V2_Final_Training_Data/OTHERS/Certificate_Of_Origin_314_page_7.png,OTHERS
1750,/New_Volume/trade-finance/final_delivery/classification_training/V2_Final_Training_Data/OTHERS/Certificate_Of_Origin_965_page_0.png,OTHERS
1751,/New_Volume/trade-finance/final_delivery/classification_training/V2_Final_Training_Data/OTHERS/Certificate_Of_Origin_747_page_1.png,OTHERS
1752,/New_Volume/trade-finance/final_delivery/classification_training/V2_Final_Training_Data/OTHERS/Covering_Schedule_244_page_1.png,OTHERS
1753,/New_Volume/trade-finance/final_delivery/classification_training/V2_Final_Training_Data/OTHERS/Bill_Of_Landing_882_page_3.png,OTHERS
1754,/New_Volume/trade-finance/final_delivery/classification_training/V2_Final_Training_Data/OTHERS/Certificate_Of_Origin_449_page_4.png,OTHERS
1755,/New_Volume/trade-finance/final_delivery/classification_training/V2_Final_Training_Data/OTHERS/Covering_Schedule_191_page_0.png,OTHERS
1756,/New_Volume/trade-finance/final_delivery/classification_training/V2_Final_Training_Data/OTHERS/Certificate_Of_Origin_269_page_27.png,OTHERS
1757,/New_Volume/trade-finance/final_delivery/classification_training/V2_Final_Training_Data/OTHERS/Bill_Of_Landing_616_page_1.png,OTHERS
1758,/New_Volume/trade-finance/final_delivery/classification_training/V2_Final_Training_Data/OTHERS/Certificate_Of_Origin_470_page_33.png,OTHERS
1759,/New_Volume/trade-finance/final_delivery/classification_training/V2_Final_Training_Data/OTHERS/Bill_Of_Landing_353_page_9.png,OTHERS
1760,/New_Volume/trade-finance/final_delivery/classification_training/V2_Final_Training_Data/OTHERS/Certificate_Of_Origin_204_page_3.png,OTHERS
1761,/New_Volume/trade-finance/final_delivery/classification_training/V2_Final_Training_Data/OTHERS/Certificate_Of_Origin_269_page_18.png,OTHERS
1762,/New_Volume/trade-finance/final_delivery/classification_training/V2_Final_Training_Data/OTHERS/Certificate_Of_Origin_604_page_2.png,OTHERS
1763,/New_Volume/trade-finance/final_delivery/classification_training/V2_Final_Training_Data/OTHERS/Covering_Schedule_169_page_7.png,OTHERS
1764,/New_Volume/trade-finance/final_delivery/classification_training/V2_Final_Training_Data/OTHERS/Bill_Of_Landing_767_page_3.png,OTHERS
1765,/New_Volume/trade-finance/final_delivery/classification_training/V2_Final_Training_Data/OTHERS/Certificate_Of_Origin_204_page_1.png,OTHERS
1766,/New_Volume/trade-finance/final_delivery/classification_training/V2_Final_Training_Data/OTHERS/Certificate_Of_Origin_917_page_1.png,OTHERS
1767,/New_Volume/trade-finance/final_delivery/classification_training/V2_Final_Training_Data/OTHERS/Certificate_Of_Origin_269_page_21.png,OTHERS
1768,/New_Volume/trade-finance/final_delivery/classification_training/V2_Final_Training_Data/OTHERS/Certificate_Of_Origin_580_page_50.png,OTHERS
1769,/New_Volume/trade-finance/final_delivery/classification_training/V2_Final_Training_Data/OTHERS/Bill_Of_Landing_774_page_3.png,OTHERS
1770,/New_Volume/trade-finance/final_delivery/classification_training/V2_Final_Training_Data/OTHERS/Certificate_Of_Origin_947_page_5.png,OTHERS
1771,/New_Volume/trade-finance/final_delivery/classification_training/V2_Final_Training_Data/OTHERS/Bill_Of_Landing_827_page_3.png,OTHERS
1772,/New_Volume/trade-finance/final_delivery/classification_training/V2_Final_Training_Data/OTHERS/Certificate_Of_Origin_815_page_1.png,OTHERS
1773,/New_Volume/trade-finance/final_delivery/classification_training/V2_Final_Training_Data/OTHERS/Bill_Of_Landing_667_page_1.png,OTHERS
1774,/New_Volume/trade-finance/final_delivery/classification_training/V2_Final_Training_Data/OTHERS/Certificate_Of_Origin_314_page_1.png,OTHERS
1775,/New_Volume/trade-finance/final_delivery/classification_training/V2_Final_Training_Data/OTHERS/Bill_of_lading_1539_page_2.png,OTHERS
1776,/New_Volume/trade-finance/final_delivery/classification_training/V2_Final_Training_Data/OTHERS/Bill_of_lading_1015_page_10.png,OTHERS
1777,/New_Volume/trade-finance/final_delivery/classification_training/V2_Final_Training_Data/OTHERS/Certificate_Of_Origin_313_page_8.png,OTHERS
1778,/New_Volume/trade-finance/final_delivery/classification_training/V2_Final_Training_Data/OTHERS/Bill_Of_Landing_868_page_1.png,OTHERS
1779,/New_Volume/trade-finance/final_delivery/classification_training/V2_Final_Training_Data/OTHERS/Certificate_Of_Origin_776_page_1.png,OTHERS
1780,/New_Volume/trade-finance/final_delivery/classification_training/V2_Final_Training_Data/OTHERS/Bill_of_lading_37_page_0.png,OTHERS
1781,/New_Volume/trade-finance/final_delivery/classification_training/V2_Final_Training_Data/OTHERS/Covering_Schedule_188_page_2.png,OTHERS
1782,/New_Volume/trade-finance/final_delivery/classification_training/V2_Final_Training_Data/OTHERS/Bill_Of_Landing_562_page_14.png,OTHERS
1783,/New_Volume/trade-finance/final_delivery/classification_training/V2_Final_Training_Data/OTHERS/Certificate_Of_Origin_76_page_1.png,OTHERS
1784,/New_Volume/trade-finance/final_delivery/classification_training/V2_Final_Training_Data/OTHERS/Certificate_Of_Origin_351_page_4.png,OTHERS
1785,/New_Volume/trade-finance/final_delivery/classification_training/V2_Final_Training_Data/OTHERS/Covering_Schedule_285_page_0.png,OTHERS
1786,/New_Volume/trade-finance/final_delivery/classification_training/V2_Final_Training_Data/OTHERS/Covering_Schedule_168_page_2.png,OTHERS
1787,/New_Volume/trade-finance/final_delivery/classification_training/V2_Final_Training_Data/OTHERS/Bill_of_lading_541_page_17.png,OTHERS
1788,/New_Volume/trade-finance/final_delivery/classification_training/V2_Final_Training_Data/OTHERS/Bill_Of_Landing_700_page_3.png,OTHERS
1789,/New_Volume/trade-finance/final_delivery/classification_training/V2_Final_Training_Data/OTHERS/Covering_Schedule(2013_04_16_11_41_29_1270)_242_page_1.png,OTHERS
1790,/New_Volume/trade-finance/final_delivery/classification_training/V2_Final_Training_Data/OTHERS/Bill_Of_Landing_851_page_3.png,OTHERS
1791,/New_Volume/trade-finance/final_delivery/classification_training/V2_Final_Training_Data/OTHERS/Bill_Of_Landing_225_page_4.png,OTHERS
1792,/New_Volume/trade-finance/final_delivery/classification_training/V2_Final_Training_Data/OTHERS/Covering_Schedule_234_page_10.png,OTHERS
1793,/New_Volume/trade-finance/final_delivery/classification_training/V2_Final_Training_Data/OTHERS/Covering_Schedule_220_page_0.png,OTHERS
1794,/New_Volume/trade-finance/final_delivery/classification_training/V2_Final_Training_Data/OTHERS/Bill_Of_Landing_564_page_7.png,OTHERS
1795,/New_Volume/trade-finance/final_delivery/classification_training/V2_Final_Training_Data/OTHERS/Bill_Of_Landing_811_page_2.png,OTHERS
1796,/New_Volume/trade-finance/final_delivery/classification_training/V2_Final_Training_Data/OTHERS/Covering_Schedule_267_page_5.png,OTHERS
1797,/New_Volume/trade-finance/final_delivery/classification_training/V2_Final_Training_Data/OTHERS/Bill_Of_Landing_533_page_1.png,OTHERS
1798,/New_Volume/trade-finance/final_delivery/classification_training/V2_Final_Training_Data/OTHERS/Covering_Schedule_10_page_13.png,OTHERS
1799,/New_Volume/trade-finance/final_delivery/classification_training/V2_Final_Training_Data/OTHERS/Certificate_Of_Origin_191_page_6.png,OTHERS
1800,/New_Volume/trade-finance/final_delivery/classification_training/V2_Final_Training_Data/OTHERS/Certificate_Of_Origin_844_page_1.png,OTHERS
1801,/New_Volume/trade-finance/final_delivery/classification_training/V2_Final_Training_Data/OTHERS/Bill_of_lading_999_page_1.png,OTHERS
1802,/New_Volume/trade-finance/final_delivery/classification_training/V2_Final_Training_Data/OTHERS/Bill_of_lading_1002_page_1.png,OTHERS
1803,/New_Volume/trade-finance/final_delivery/classification_training/V2_Final_Training_Data/OTHERS/Bill_Of_Landing_564_page_6.png,OTHERS
1804,/New_Volume/trade-finance/final_delivery/classification_training/V2_Final_Training_Data/OTHERS/Bill_Of_Landing_488_page_11.png,OTHERS
1805,/New_Volume/trade-finance/final_delivery/classification_training/V2_Final_Training_Data/OTHERS/Bill_of_lading_503_page_1.png,OTHERS
1806,/New_Volume/trade-finance/final_delivery/classification_training/V2_Final_Training_Data/OTHERS/Bill_Of_Landing_674_page_0.png,OTHERS
1807,/New_Volume/trade-finance/final_delivery/classification_training/V2_Final_Training_Data/OTHERS/Certificate_Of_Origin_768_page_2.png,OTHERS
1808,/New_Volume/trade-finance/final_delivery/classification_training/V2_Final_Training_Data/OTHERS/Covering_Schedule_119_page_6.png,OTHERS
1809,/New_Volume/trade-finance/final_delivery/classification_training/V2_Final_Training_Data/OTHERS/Certificate_Of_Origin_245_page_1.png,OTHERS
1810,/New_Volume/trade-finance/final_delivery/classification_training/V2_Final_Training_Data/OTHERS/Covering_Schedule_254_page_5.png,OTHERS
1811,/New_Volume/trade-finance/final_delivery/classification_training/V2_Final_Training_Data/OTHERS/Bill_Of_Landing_874_page_1.png,OTHERS
1812,/New_Volume/trade-finance/final_delivery/classification_training/V2_Final_Training_Data/OTHERS/Certificate_Of_Origin_614_page_1.png,OTHERS
1813,/New_Volume/trade-finance/final_delivery/classification_training/V2_Final_Training_Data/OTHERS/Covering_Schedule_1_page_12.png,OTHERS
1814,/New_Volume/trade-finance/final_delivery/classification_training/V2_Final_Training_Data/OTHERS/Bill_Of_Landing_502_page_1.png,OTHERS
1815,/New_Volume/trade-finance/final_delivery/classification_training/V2_Final_Training_Data/OTHERS/Covering_Schedule_173_page_2.png,OTHERS
1816,/New_Volume/trade-finance/final_delivery/classification_training/V2_Final_Training_Data/OTHERS/Bill_Of_Landing_510_page_1.png,OTHERS
1817,/New_Volume/trade-finance/final_delivery/classification_training/V2_Final_Training_Data/OTHERS/Covering_Schedule_119_page_3.png,OTHERS
1818,/New_Volume/trade-finance/final_delivery/classification_training/V2_Final_Training_Data/OTHERS/Certificate_Of_Origin_593_page_6.png,OTHERS
1819,/New_Volume/trade-finance/final_delivery/classification_training/V2_Final_Training_Data/OTHERS/Covering_Schedule_267_page_6.png,OTHERS
1820,/New_Volume/trade-finance/final_delivery/classification_training/V2_Final_Training_Data/OTHERS/Covering_Schedule_100_page_2.png,OTHERS
1821,/New_Volume/trade-finance/final_delivery/classification_training/V2_Final_Training_Data/OTHERS/Certificate_Of_Origin_269_page_19.png,OTHERS
1822,/New_Volume/trade-finance/final_delivery/classification_training/V2_Final_Training_Data/OTHERS/Certificate_Of_Origin_323_page_4.png,OTHERS
1823,/New_Volume/trade-finance/final_delivery/classification_training/V2_Final_Training_Data/OTHERS/Covering_Schedule_285_page_3.png,OTHERS
1824,/New_Volume/trade-finance/final_delivery/classification_training/V2_Final_Training_Data/OTHERS/Bill_Of_Landing_112_page_5.png,OTHERS
1825,/New_Volume/trade-finance/final_delivery/classification_training/V2_Final_Training_Data/OTHERS/Certificate_Of_Origin_605_page_1.png,OTHERS
1826,/New_Volume/trade-finance/final_delivery/classification_training/V2_Final_Training_Data/OTHERS/Certificate_Of_Origin_654_page_1.png,OTHERS
1827,/New_Volume/trade-finance/final_delivery/classification_training/V2_Final_Training_Data/OTHERS/Bill_Of_Landing_599_page_1.png,OTHERS
1828,/New_Volume/trade-finance/final_delivery/classification_training/V2_Final_Training_Data/OTHERS/Certificate_Of_Origin_170_page_1.png,OTHERS
1829,/New_Volume/trade-finance/final_delivery/classification_training/V2_Final_Training_Data/OTHERS/Bill_Of_Landing_562_page_34.png,OTHERS
1830,/New_Volume/trade-finance/final_delivery/classification_training/V2_Final_Training_Data/OTHERS/Bill_Of_Landing_869_page_8.png,OTHERS
1831,/New_Volume/trade-finance/final_delivery/classification_training/V2_Final_Training_Data/OTHERS/Bill_Of_Landing_434_page_3.png,OTHERS
1832,/New_Volume/trade-finance/final_delivery/classification_training/V2_Final_Training_Data/OTHERS/Certificate_Of_Origin_470_page_2.png,OTHERS
1833,/New_Volume/trade-finance/final_delivery/classification_training/V2_Final_Training_Data/OTHERS/Bill_of_lading_1101_page_2.png,OTHERS
1834,/New_Volume/trade-finance/final_delivery/classification_training/V2_Final_Training_Data/OTHERS/Bill_Of_Landing_112_page_8.png,OTHERS
1835,/New_Volume/trade-finance/final_delivery/classification_training/V2_Final_Training_Data/OTHERS/Covering_Schedule_251_page_1.png,OTHERS
1836,/New_Volume/trade-finance/final_delivery/classification_training/V2_Final_Training_Data/OTHERS/Covering_Schedule_181_page_3.png,OTHERS
1837,/New_Volume/trade-finance/final_delivery/classification_training/V2_Final_Training_Data/OTHERS/Certificate_Of_Origin_927_page_11.png,OTHERS
1838,/New_Volume/trade-finance/final_delivery/classification_training/V2_Final_Training_Data/OTHERS/Certificate_Of_Origin_623_page_17.png,OTHERS
1839,/New_Volume/trade-finance/final_delivery/classification_training/V2_Final_Training_Data/OTHERS/Covering_Schedule_261_page_2.png,OTHERS
1840,/New_Volume/trade-finance/final_delivery/classification_training/V2_Final_Training_Data/OTHERS/Covering_Schedule_10_page_11.png,OTHERS
1841,/New_Volume/trade-finance/final_delivery/classification_training/V2_Final_Training_Data/OTHERS/Bill_Of_Landing_862_page_45.png,OTHERS
1842,/New_Volume/trade-finance/final_delivery/classification_training/V2_Final_Training_Data/OTHERS/Certificate_Of_Origin_919_page_1.png,OTHERS
1843,/New_Volume/trade-finance/final_delivery/classification_training/V2_Final_Training_Data/OTHERS/Bill_Of_Landing_591_page_3.png,OTHERS
1844,/New_Volume/trade-finance/final_delivery/classification_training/V2_Final_Training_Data/OTHERS/Certificate_Of_Origin_580_page_32.png,OTHERS
1845,/New_Volume/trade-finance/final_delivery/classification_training/V2_Final_Training_Data/OTHERS/Bill_Of_Landing_531_page_2.png,OTHERS
1846,/New_Volume/trade-finance/final_delivery/classification_training/V2_Final_Training_Data/OTHERS/Covering_Schedule_202_page_1.png,OTHERS
1847,/New_Volume/trade-finance/final_delivery/classification_training/V2_Final_Training_Data/OTHERS/Covering_Schedule_238_page_0.png,OTHERS
1848,/New_Volume/trade-finance/final_delivery/classification_training/V2_Final_Training_Data/OTHERS/Covering_Schedule_139_page_4.png,OTHERS
1849,/New_Volume/trade-finance/final_delivery/classification_training/V2_Final_Training_Data/OTHERS/Covering_Schedule_28_page_0.png,OTHERS
1850,/New_Volume/trade-finance/final_delivery/classification_training/V2_Final_Training_Data/OTHERS/Certificate_Of_Origin_269_page_13.png,OTHERS
1851,/New_Volume/trade-finance/final_delivery/classification_training/V2_Final_Training_Data/OTHERS/Bill_Of_Landing_869_page_9.png,OTHERS
1852,/New_Volume/trade-finance/final_delivery/classification_training/V2_Final_Training_Data/OTHERS/Covering_Schedule(2013_04_15_15_44_07_2043)_150_page_5.png,OTHERS
1853,/New_Volume/trade-finance/final_delivery/classification_training/V2_Final_Training_Data/OTHERS/Certificate_Of_Origin_314_page_24.png,OTHERS
1854,/New_Volume/trade-finance/final_delivery/classification_training/V2_Final_Training_Data/OTHERS/Covering_Schedule_0_page_6.png,OTHERS
1855,/New_Volume/trade-finance/final_delivery/classification_training/V2_Final_Training_Data/OTHERS/Covering_Schedule_137_page_2.png,OTHERS
1856,/New_Volume/trade-finance/final_delivery/classification_training/V2_Final_Training_Data/OTHERS/Certificate_Of_Origin_580_page_40.png,OTHERS
1857,/New_Volume/trade-finance/final_delivery/classification_training/V2_Final_Training_Data/OTHERS/Certificate_Of_Origin_434_page_3.png,OTHERS
1858,/New_Volume/trade-finance/final_delivery/classification_training/V2_Final_Training_Data/OTHERS/Bill_Of_Landing_872_page_1.png,OTHERS
1859,/New_Volume/trade-finance/final_delivery/classification_training/V2_Final_Training_Data/OTHERS/Bill_of_lading_1541_page_10.png,OTHERS
1860,/New_Volume/trade-finance/final_delivery/classification_training/V2_Final_Training_Data/OTHERS/Covering_Schedule_1_page_11.png,OTHERS
1861,/New_Volume/trade-finance/final_delivery/classification_training/V2_Final_Training_Data/OTHERS/Bill_Of_Landing_663_page_1.png,OTHERS
1862,/New_Volume/trade-finance/final_delivery/classification_training/V2_Final_Training_Data/OTHERS/Bill_Of_Landing_464_page_6.png,OTHERS
1863,/New_Volume/trade-finance/final_delivery/classification_training/V2_Final_Training_Data/OTHERS/Bill_Of_Landing_562_page_4.png,OTHERS
1864,/New_Volume/trade-finance/final_delivery/classification_training/V2_Final_Training_Data/OTHERS/Certificate_Of_Origin_294_page_2.png,OTHERS
1865,/New_Volume/trade-finance/final_delivery/classification_training/V2_Final_Training_Data/OTHERS/Certificate_Of_Origin_580_page_56.png,OTHERS
1866,/New_Volume/trade-finance/final_delivery/classification_training/V2_Final_Training_Data/OTHERS/Bill_Of_Landing_528_page_1.png,OTHERS
1867,/New_Volume/trade-finance/final_delivery/classification_training/V2_Final_Training_Data/OTHERS/Bill_Of_Landing_775_page_1.png,OTHERS
1868,/New_Volume/trade-finance/final_delivery/classification_training/V2_Final_Training_Data/OTHERS/Certificate_Of_Origin_820_page_1.png,OTHERS
1869,/New_Volume/trade-finance/final_delivery/classification_training/V2_Final_Training_Data/OTHERS/Bill_Of_Landing_353_page_1.png,OTHERS
1870,/New_Volume/trade-finance/final_delivery/classification_training/V2_Final_Training_Data/OTHERS/Bill_Of_Landing_714_page_11.png,OTHERS
1871,/New_Volume/trade-finance/final_delivery/classification_training/V2_Final_Training_Data/OTHERS/Bill_Of_Landing_424_page_1.png,OTHERS
1872,/New_Volume/trade-finance/final_delivery/classification_training/V2_Final_Training_Data/OTHERS/Bill_Of_Landing_736_page_2.png,OTHERS
1873,/New_Volume/trade-finance/final_delivery/classification_training/V2_Final_Training_Data/OTHERS/Bill_Of_Landing_714_page_9.png,OTHERS
1874,/New_Volume/trade-finance/final_delivery/classification_training/V2_Final_Training_Data/OTHERS/Bill_Of_Landing_351_page_2.png,OTHERS
1875,/New_Volume/trade-finance/final_delivery/classification_training/V2_Final_Training_Data/OTHERS/Bill_Of_Landing_455_page_1.png,OTHERS
1876,/New_Volume/trade-finance/final_delivery/classification_training/V2_Final_Training_Data/OTHERS/Certificate_Of_Origin_411_page_2.png,OTHERS
1877,/New_Volume/trade-finance/final_delivery/classification_training/V2_Final_Training_Data/OTHERS/Bill_Of_Landing_776_page_11.png,OTHERS
1878,/New_Volume/trade-finance/final_delivery/classification_training/V2_Final_Training_Data/OTHERS/Certificate_Of_Origin_580_page_43.png,OTHERS
1879,/New_Volume/trade-finance/final_delivery/classification_training/V2_Final_Training_Data/OTHERS/Covering_Schedule_237_page_4.png,OTHERS
1880,/New_Volume/trade-finance/final_delivery/classification_training/V2_Final_Training_Data/OTHERS/Certificate_Of_Origin_646_page_3.png,OTHERS
1881,/New_Volume/trade-finance/final_delivery/classification_training/V2_Final_Training_Data/OTHERS/Bill_Of_Landing_469_page_6.png,OTHERS
1882,/New_Volume/trade-finance/final_delivery/classification_training/V2_Final_Training_Data/OTHERS/Bill_of_lading_1542_page_20.png,OTHERS
1883,/New_Volume/trade-finance/final_delivery/classification_training/V2_Final_Training_Data/OTHERS/Bill_of_lading_516_page_2.png,OTHERS
1884,/New_Volume/trade-finance/final_delivery/classification_training/V2_Final_Training_Data/OTHERS/Bill_Of_Landing_416_page_3.png,OTHERS
1885,/New_Volume/trade-finance/final_delivery/classification_training/V2_Final_Training_Data/OTHERS/Bill_Of_Landing_747_page_2.png,OTHERS
1886,/New_Volume/trade-finance/final_delivery/classification_training/V2_Final_Training_Data/OTHERS/Covering_Schedule_216_page_3.png,OTHERS
1887,/New_Volume/trade-finance/final_delivery/classification_training/V2_Final_Training_Data/OTHERS/Covering_Schedule_193_page_0.png,OTHERS
1888,/New_Volume/trade-finance/final_delivery/classification_training/V2_Final_Training_Data/OTHERS/Certificate_Of_Origin_581_page_0.png,OTHERS
1889,/New_Volume/trade-finance/final_delivery/classification_training/V2_Final_Training_Data/OTHERS/Bill_of_lading_17_page_10.png,OTHERS
1890,/New_Volume/trade-finance/final_delivery/classification_training/V2_Final_Training_Data/OTHERS/Certificate_Of_Origin_80_page_4.png,OTHERS
1891,/New_Volume/trade-finance/final_delivery/classification_training/V2_Final_Training_Data/OTHERS/Bill_of_lading_21_page_2.png,OTHERS
1892,/New_Volume/trade-finance/final_delivery/classification_training/V2_Final_Training_Data/OTHERS/Certificate_Of_Origin_452_page_6.png,OTHERS
1893,/New_Volume/trade-finance/final_delivery/classification_training/V2_Final_Training_Data/OTHERS/Certificate_Of_Origin_323_page_0.png,OTHERS
1894,/New_Volume/trade-finance/final_delivery/classification_training/V2_Final_Training_Data/OTHERS/Bill_Of_Landing_439_page_3.png,OTHERS
1895,/New_Volume/trade-finance/final_delivery/classification_training/V2_Final_Training_Data/OTHERS/Bill_Of_Landing_600_page_11.png,OTHERS
1896,/New_Volume/trade-finance/final_delivery/classification_training/V2_Final_Training_Data/OTHERS/Bill_Of_Landing_418_page_9.png,OTHERS
1897,/New_Volume/trade-finance/final_delivery/classification_training/V2_Final_Training_Data/OTHERS/Certificate_Of_Origin_269_page_24.png,OTHERS
1898,/New_Volume/trade-finance/final_delivery/classification_training/V2_Final_Training_Data/OTHERS/Certificate_Of_Origin_617_page_1.png,OTHERS
1899,/New_Volume/trade-finance/final_delivery/classification_training/V2_Final_Training_Data/OTHERS/Covering_Schedule_18_page_3.png,OTHERS
1900,/New_Volume/trade-finance/final_delivery/classification_training/V2_Final_Training_Data/OTHERS/Covering_Schedule_114_page_1.png,OTHERS
1901,/New_Volume/trade-finance/final_delivery/classification_training/V2_Final_Training_Data/OTHERS/Bill_Of_Landing_375_page_3.png,OTHERS
1902,/New_Volume/trade-finance/final_delivery/classification_training/V2_Final_Training_Data/OTHERS/Bill_Of_Landing_882_page_1.png,OTHERS
1903,/New_Volume/trade-finance/final_delivery/classification_training/V2_Final_Training_Data/OTHERS/Certificate_Of_Origin_662_page_5.png,OTHERS
1904,/New_Volume/trade-finance/final_delivery/classification_training/V2_Final_Training_Data/OTHERS/Bill_Of_Landing_192_page_11.png,OTHERS
1905,/New_Volume/trade-finance/final_delivery/classification_training/V2_Final_Training_Data/OTHERS/Certificate_Of_Origin_191_page_2.png,OTHERS
1906,/New_Volume/trade-finance/final_delivery/classification_training/V2_Final_Training_Data/OTHERS/Bill_Of_Landing_582_page_3.png,OTHERS
1907,/New_Volume/trade-finance/final_delivery/classification_training/V2_Final_Training_Data/OTHERS/Bill_Of_Landing_702_page_1.png,OTHERS
1908,/New_Volume/trade-finance/final_delivery/classification_training/V2_Final_Training_Data/OTHERS/Certificate_Of_Origin_547_page_5.png,OTHERS
1909,/New_Volume/trade-finance/final_delivery/classification_training/V2_Final_Training_Data/OTHERS/Bill_of_lading_45_page_11.png,OTHERS
1910,/New_Volume/trade-finance/final_delivery/classification_training/V2_Final_Training_Data/OTHERS/Bill_Of_Landing_383_page_0.png,OTHERS
1911,/New_Volume/trade-finance/final_delivery/classification_training/V2_Final_Training_Data/OTHERS/Covering_Schedule_281_page_8.png,OTHERS
1912,/New_Volume/trade-finance/final_delivery/classification_training/V2_Final_Training_Data/OTHERS/Bill_Of_Landing_808_page_5.png,OTHERS
1913,/New_Volume/trade-finance/final_delivery/classification_training/V2_Final_Training_Data/OTHERS/Bill_Of_Landing_813_page_1.png,OTHERS
1914,/New_Volume/trade-finance/final_delivery/classification_training/V2_Final_Training_Data/OTHERS/Bill_Of_Landing_852_page_2.png,OTHERS
1915,/New_Volume/trade-finance/final_delivery/classification_training/V2_Final_Training_Data/OTHERS/Bill_Of_Landing_862_page_16.png,OTHERS
1916,/New_Volume/trade-finance/final_delivery/classification_training/V2_Final_Training_Data/OTHERS/Bill_Of_Landing_869_page_10.png,OTHERS
1917,/New_Volume/trade-finance/final_delivery/classification_training/V2_Final_Training_Data/OTHERS/Covering_Schedule_221_page_0.png,OTHERS
1918,/New_Volume/trade-finance/final_delivery/classification_training/V2_Final_Training_Data/OTHERS/Certificate_Of_Origin_269_page_22.png,OTHERS
1919,/New_Volume/trade-finance/final_delivery/classification_training/V2_Final_Training_Data/OTHERS/Bill_Of_Landing_346_page_1.png,OTHERS
1920,/New_Volume/trade-finance/final_delivery/classification_training/V2_Final_Training_Data/OTHERS/Covering_Schedule_169_page_2.png,OTHERS
1921,/New_Volume/trade-finance/final_delivery/classification_training/V2_Final_Training_Data/OTHERS/Bill_Of_Landing_862_page_8.png,OTHERS
1922,/New_Volume/trade-finance/final_delivery/classification_training/V2_Final_Training_Data/OTHERS/Bill_Of_Landing_602_page_3.png,OTHERS
1923,/New_Volume/trade-finance/final_delivery/classification_training/V2_Final_Training_Data/OTHERS/Bill_Of_Landing_826_page_2.png,OTHERS
1924,/New_Volume/trade-finance/final_delivery/classification_training/V2_Final_Training_Data/OTHERS/Bill_Of_Landing_418_page_28.png,OTHERS
1925,/New_Volume/trade-finance/final_delivery/classification_training/V2_Final_Training_Data/OTHERS/Bill_of_lading_2000_page_7.png,OTHERS
1926,/New_Volume/trade-finance/final_delivery/classification_training/V2_Final_Training_Data/OTHERS/Bill_Of_Landing_532_page_4.png,OTHERS
1927,/New_Volume/trade-finance/final_delivery/classification_training/V2_Final_Training_Data/OTHERS/Bill_Of_Landing_862_page_47.png,OTHERS
1928,/New_Volume/trade-finance/final_delivery/classification_training/V2_Final_Training_Data/OTHERS/Covering_Schedule_172_page_2.png,OTHERS
1929,/New_Volume/trade-finance/final_delivery/classification_training/V2_Final_Training_Data/OTHERS/Certificate_Of_Origin_722_page_1.png,OTHERS
1930,/New_Volume/trade-finance/final_delivery/classification_training/V2_Final_Training_Data/OTHERS/Covering_Schedule_213_page_0.png,OTHERS
1931,/New_Volume/trade-finance/final_delivery/classification_training/V2_Final_Training_Data/OTHERS/Bill_Of_Landing_187_page_1.png,OTHERS
1932,/New_Volume/trade-finance/final_delivery/classification_training/V2_Final_Training_Data/OTHERS/Bill_of_lading_1_page_1.png,OTHERS
1933,/New_Volume/trade-finance/final_delivery/classification_training/V2_Final_Training_Data/OTHERS/Certificate_Of_Origin_756_page_3.png,OTHERS
1934,/New_Volume/trade-finance/final_delivery/classification_training/V2_Final_Training_Data/OTHERS/Bill_Of_Landing_600_page_21.png,OTHERS
1935,/New_Volume/trade-finance/final_delivery/classification_training/V2_Final_Training_Data/OTHERS/Covering_Schedule_1_page_5.png,OTHERS
1936,/New_Volume/trade-finance/final_delivery/classification_training/V2_Final_Training_Data/OTHERS/Bill_of_lading_1600_page_3.png,OTHERS
1937,/New_Volume/trade-finance/final_delivery/classification_training/V2_Final_Training_Data/OTHERS/Bill_of_lading_45_page_17.png,OTHERS
1938,/New_Volume/trade-finance/final_delivery/classification_training/V2_Final_Training_Data/OTHERS/Bill_Of_Landing_149_page_1.png,OTHERS
1939,/New_Volume/trade-finance/final_delivery/classification_training/V2_Final_Training_Data/OTHERS/Covering_Schedule_110_page_0.png,OTHERS
1940,/New_Volume/trade-finance/final_delivery/classification_training/V2_Final_Training_Data/OTHERS/Covering_Schedule_107_page_4.png,OTHERS
1941,/New_Volume/trade-finance/final_delivery/classification_training/V2_Final_Training_Data/OTHERS/Covering_Schedule(2013_04_15_18_24_59_7489)_737_page_1.png,OTHERS
1942,/New_Volume/trade-finance/final_delivery/classification_training/V2_Final_Training_Data/OTHERS/Covering_Schedule_166_page_1.png,OTHERS
1943,/New_Volume/trade-finance/final_delivery/classification_training/V2_Final_Training_Data/OTHERS/Bill_Of_Landing_651_page_0.png,OTHERS
1944,/New_Volume/trade-finance/final_delivery/classification_training/V2_Final_Training_Data/OTHERS/Bill_Of_Landing_823_page_6.png,OTHERS
1945,/New_Volume/trade-finance/final_delivery/classification_training/V2_Final_Training_Data/OTHERS/Bill_of_lading_1040_page_17.png,OTHERS
1946,/New_Volume/trade-finance/final_delivery/classification_training/V2_Final_Training_Data/OTHERS/Bill_Of_Landing_192_page_7.png,OTHERS
1947,/New_Volume/trade-finance/final_delivery/classification_training/V2_Final_Training_Data/OTHERS/Certificate_Of_Origin_195_page_7.png,OTHERS
1948,/New_Volume/trade-finance/final_delivery/classification_training/V2_Final_Training_Data/OTHERS/Certificate_Of_Origin_429_page_1.png,OTHERS
1949,/New_Volume/trade-finance/final_delivery/classification_training/V2_Final_Training_Data/OTHERS/Certificate_Of_Origin_450_page_3.png,OTHERS
1950,/New_Volume/trade-finance/final_delivery/classification_training/V2_Final_Training_Data/OTHERS/Bill_Of_Landing_416_page_7.png,OTHERS
1951,/New_Volume/trade-finance/final_delivery/classification_training/V2_Final_Training_Data/OTHERS/Certificate_Of_Origin_580_page_29.png,OTHERS
1952,/New_Volume/trade-finance/final_delivery/classification_training/V2_Final_Training_Data/OTHERS/Bill_Of_Landing_779_page_1.png,OTHERS
1953,/New_Volume/trade-finance/final_delivery/classification_training/V2_Final_Training_Data/OTHERS/Certificate_Of_Origin_593_page_7.png,OTHERS
1954,/New_Volume/trade-finance/final_delivery/classification_training/V2_Final_Training_Data/OTHERS/Covering_Schedule(2011_08_04_15_52_46_5721)_3_page_1.png,OTHERS
1955,/New_Volume/trade-finance/final_delivery/classification_training/V2_Final_Training_Data/OTHERS/Certificate_Of_Origin_470_page_35.png,OTHERS
1956,/New_Volume/trade-finance/final_delivery/classification_training/V2_Final_Training_Data/OTHERS/Bill_of_lading_1043_page_2.png,OTHERS
1957,/New_Volume/trade-finance/final_delivery/classification_training/V2_Final_Training_Data/OTHERS/Certificate_Of_Origin_108_page_3.png,OTHERS
1958,/New_Volume/trade-finance/final_delivery/classification_training/V2_Final_Training_Data/OTHERS/Covering_Schedule_127_page_4.png,OTHERS
1959,/New_Volume/trade-finance/final_delivery/classification_training/V2_Final_Training_Data/OTHERS/Certificate_Of_Origin_580_page_55.png,OTHERS
1960,/New_Volume/trade-finance/final_delivery/classification_training/V2_Final_Training_Data/OTHERS/Covering_Schedule_139_page_2.png,OTHERS
1961,/New_Volume/trade-finance/final_delivery/classification_training/V2_Final_Training_Data/OTHERS/Covering_Schedule_177_page_2.png,OTHERS
1962,/New_Volume/trade-finance/final_delivery/classification_training/V2_Final_Training_Data/OTHERS/Certificate_Of_Origin_470_page_44.png,OTHERS
1963,/New_Volume/trade-finance/final_delivery/classification_training/V2_Final_Training_Data/OTHERS/Certificate_Of_Origin_444_page_2.png,OTHERS
1964,/New_Volume/trade-finance/final_delivery/classification_training/V2_Final_Training_Data/OTHERS/Bill_Of_Landing_416_page_9.png,OTHERS
1965,/New_Volume/trade-finance/final_delivery/classification_training/V2_Final_Training_Data/OTHERS/Certificate_Of_Origin_444_page_3.png,OTHERS
1966,/New_Volume/trade-finance/final_delivery/classification_training/V2_Final_Training_Data/OTHERS/Covering_Schedule_139_page_7.png,OTHERS
1967,/New_Volume/trade-finance/final_delivery/classification_training/V2_Final_Training_Data/OTHERS/Covering_Schedule_254_page_16.png,OTHERS
1968,/New_Volume/trade-finance/final_delivery/classification_training/V2_Final_Training_Data/OTHERS/Certificate_Of_Origin_314_page_28.png,OTHERS
1969,/New_Volume/trade-finance/final_delivery/classification_training/V2_Final_Training_Data/OTHERS/Bill_Of_Landing_381_page_1.png,OTHERS
1970,/New_Volume/trade-finance/final_delivery/classification_training/V2_Final_Training_Data/OTHERS/Covering_Schedule_103_page_1.png,OTHERS
1971,/New_Volume/trade-finance/final_delivery/classification_training/V2_Final_Training_Data/OTHERS/Certificate_Of_Origin_314_page_15.png,OTHERS
1972,/New_Volume/trade-finance/final_delivery/classification_training/V2_Final_Training_Data/OTHERS/Bill_Of_Landing_127_page_1.png,OTHERS
1973,/New_Volume/trade-finance/final_delivery/classification_training/V2_Final_Training_Data/OTHERS/Certificate_Of_Origin_855_page_1.png,OTHERS
1974,/New_Volume/trade-finance/final_delivery/classification_training/V2_Final_Training_Data/OTHERS/Certificate_Of_Origin_644_page_3.png,OTHERS
1975,/New_Volume/trade-finance/final_delivery/classification_training/V2_Final_Training_Data/OTHERS/Certificate_Of_Origin_659_page_1.png,OTHERS
1976,/New_Volume/trade-finance/final_delivery/classification_training/V2_Final_Training_Data/OTHERS/Certificate_Of_Origin_444_page_4.png,OTHERS
1977,/New_Volume/trade-finance/final_delivery/classification_training/V2_Final_Training_Data/OTHERS/Bill_Of_Landing_192_page_12.png,OTHERS
1978,/New_Volume/trade-finance/final_delivery/classification_training/V2_Final_Training_Data/OTHERS/Covering_Schedule_174_page_0.png,OTHERS
1979,/New_Volume/trade-finance/final_delivery/classification_training/V2_Final_Training_Data/OTHERS/Certificate_Of_Origin_580_page_36.png,OTHERS
1980,/New_Volume/trade-finance/final_delivery/classification_training/V2_Final_Training_Data/OTHERS/Certificate_Of_Origin_580_page_64.png,OTHERS
1981,/New_Volume/trade-finance/final_delivery/classification_training/V2_Final_Training_Data/OTHERS/Certificate_Of_Origin_977_page_3.png,OTHERS
1982,/New_Volume/trade-finance/final_delivery/classification_training/V2_Final_Training_Data/OTHERS/Bill_Of_Landing_418_page_2.png,OTHERS
1983,/New_Volume/trade-finance/final_delivery/classification_training/V2_Final_Training_Data/OTHERS/Bill_Of_Landing_418_page_25.png,OTHERS
1984,/New_Volume/trade-finance/final_delivery/classification_training/V2_Final_Training_Data/OTHERS/Bill_of_lading_42_page_11.png,OTHERS
1985,/New_Volume/trade-finance/final_delivery/classification_training/V2_Final_Training_Data/OTHERS/Covering_Schedule_281_page_5.png,OTHERS
1986,/New_Volume/trade-finance/final_delivery/classification_training/V2_Final_Training_Data/OTHERS/Certificate_Of_Origin_623_page_12.png,OTHERS
1987,/New_Volume/trade-finance/final_delivery/classification_training/V2_Final_Training_Data/OTHERS/Certificate_Of_Origin_546_page_10.png,OTHERS
1988,/New_Volume/trade-finance/final_delivery/classification_training/V2_Final_Training_Data/OTHERS/Bill_Of_Landing_629_page_2.png,OTHERS
1989,/New_Volume/trade-finance/final_delivery/classification_training/V2_Final_Training_Data/OTHERS/Bill_Of_Landing_579_page_1.png,OTHERS
1990,/New_Volume/trade-finance/final_delivery/classification_training/V2_Final_Training_Data/OTHERS/Bill_of_lading_2041_page_17.png,OTHERS
1991,/New_Volume/trade-finance/final_delivery/classification_training/V2_Final_Training_Data/OTHERS/Covering_Schedule_251_page_10.png,OTHERS
1992,/New_Volume/trade-finance/final_delivery/classification_training/V2_Final_Training_Data/OTHERS/Certificate_Of_Origin_143_page_1.png,OTHERS
1993,/New_Volume/trade-finance/final_delivery/classification_training/V2_Final_Training_Data/OTHERS/Certificate_Of_Origin_584_page_1.png,OTHERS
1994,/New_Volume/trade-finance/final_delivery/classification_training/V2_Final_Training_Data/OTHERS/Bill_of_lading_2038_page_14.png,OTHERS
1995,/New_Volume/trade-finance/final_delivery/classification_training/V2_Final_Training_Data/OTHERS/Certificate_Of_Origin_927_page_5.png,OTHERS
1996,/New_Volume/trade-finance/final_delivery/classification_training/V2_Final_Training_Data/OTHERS/Covering_Schedule_127_page_5.png,OTHERS
1997,/New_Volume/trade-finance/final_delivery/classification_training/V2_Final_Training_Data/OTHERS/Bill_Of_Landing_862_page_21.png,OTHERS
1998,/New_Volume/trade-finance/final_delivery/classification_training/V2_Final_Training_Data/OTHERS/Bill_of_lading_1524_page_1.png,OTHERS
1999,/New_Volume/trade-finance/final_delivery/classification_training/V2_Final_Training_Data/OTHERS/Bill_Of_Landing_595_page_1.png,OTHERS
2000,/New_Volume/trade-finance/final_delivery/classification_training/V2_Final_Training_Data/OTHERS/Covering_Schedule_194_page_2.png,OTHERS
2001,/New_Volume/trade-finance/final_delivery/classification_training/V2_Final_Training_Data/OTHERS/Bill_Of_Landing_492_page_3.png,OTHERS
2002,/New_Volume/trade-finance/final_delivery/classification_training/V2_Final_Training_Data/OTHERS/Covering_Schedule_169_page_0.png,OTHERS
2003,/New_Volume/trade-finance/final_delivery/classification_training/V2_Final_Training_Data/OTHERS/Covering_Schedule_12_page_2.png,OTHERS
2004,/New_Volume/trade-finance/final_delivery/classification_training/V2_Final_Training_Data/OTHERS/Certificate_Of_Origin_361_page_8.png,OTHERS
2005,/New_Volume/trade-finance/final_delivery/classification_training/V2_Final_Training_Data/OTHERS/Bill_Of_Landing_388_page_1.png,OTHERS
2006,/New_Volume/trade-finance/final_delivery/classification_training/V2_Final_Training_Data/OTHERS/Bill_Of_Landing_875_page_1.png,OTHERS
2007,/New_Volume/trade-finance/final_delivery/classification_training/V2_Final_Training_Data/OTHERS/Certificate_Of_Origin_521_page_2.png,OTHERS
2008,/New_Volume/trade-finance/final_delivery/classification_training/V2_Final_Training_Data/OTHERS/Covering_Schedule_212_page_0.png,OTHERS
2009,/New_Volume/trade-finance/final_delivery/classification_training/V2_Final_Training_Data/OTHERS/Bill_Of_Landing_564_page_4.png,OTHERS
2010,/New_Volume/trade-finance/final_delivery/classification_training/V2_Final_Training_Data/OTHERS/Bill_Of_Landing_112_page_4.png,OTHERS
2011,/New_Volume/trade-finance/final_delivery/classification_training/V2_Final_Training_Data/OTHERS/Bill_Of_Landing_803_page_3.png,OTHERS
2012,/New_Volume/trade-finance/final_delivery/classification_training/V2_Final_Training_Data/OTHERS/Bill_Of_Landing_520_page_1.png,OTHERS
2013,/New_Volume/trade-finance/final_delivery/classification_training/V2_Final_Training_Data/OTHERS/Certificate_Of_Origin_623_page_11.png,OTHERS
2014,/New_Volume/trade-finance/final_delivery/classification_training/V2_Final_Training_Data/OTHERS/Certificate_Of_Origin_317_page_7.png,OTHERS
2015,/New_Volume/trade-finance/final_delivery/classification_training/V2_Final_Training_Data/OTHERS/Bill_Of_Landing_642_page_1.png,OTHERS
2016,/New_Volume/trade-finance/final_delivery/classification_training/V2_Final_Training_Data/OTHERS/Bill_of_lading_503_page_7.png,OTHERS
2017,/New_Volume/trade-finance/final_delivery/classification_training/V2_Final_Training_Data/OTHERS/Bill_Of_Landing_655_page_1.png,OTHERS
2018,/New_Volume/trade-finance/final_delivery/classification_training/V2_Final_Training_Data/OTHERS/Certificate_Of_Origin_581_page_4.png,OTHERS
2019,/New_Volume/trade-finance/final_delivery/classification_training/V2_Final_Training_Data/OTHERS/Bill_Of_Landing_520_page_3.png,OTHERS
2020,/New_Volume/trade-finance/final_delivery/classification_training/V2_Final_Training_Data/OTHERS/Certificate_Of_Origin_580_page_31.png,OTHERS
2021,/New_Volume/trade-finance/final_delivery/classification_training/V2_Final_Training_Data/OTHERS/Covering_Schedule_234_page_2.png,OTHERS
2022,/New_Volume/trade-finance/final_delivery/classification_training/V2_Final_Training_Data/OTHERS/Bill_of_lading_1518_page_2.png,OTHERS
2023,/New_Volume/trade-finance/final_delivery/classification_training/V2_Final_Training_Data/OTHERS/Certificate_Of_Origin_269_page_15.png,OTHERS
2024,/New_Volume/trade-finance/final_delivery/classification_training/V2_Final_Training_Data/OTHERS/Certificate_Of_Origin_269_page_11.png,OTHERS
2025,/New_Volume/trade-finance/final_delivery/classification_training/V2_Final_Training_Data/OTHERS/Certificate_Of_Origin_579_page_0.png,OTHERS
2026,/New_Volume/trade-finance/final_delivery/classification_training/V2_Final_Training_Data/OTHERS/Certificate_Of_Origin_154_page_0.png,OTHERS
2027,/New_Volume/trade-finance/final_delivery/classification_training/V2_Final_Training_Data/OTHERS/Bill_Of_Landing_824_page_1.png,OTHERS
2028,/New_Volume/trade-finance/final_delivery/classification_training/V2_Final_Training_Data/OTHERS/Covering_Schedule_162_page_4.png,OTHERS
2029,/New_Volume/trade-finance/final_delivery/classification_training/V2_Final_Training_Data/OTHERS/Covering_Schedule_261_page_0.png,OTHERS
2030,/New_Volume/trade-finance/final_delivery/classification_training/V2_Final_Training_Data/OTHERS/Bill_Of_Landing_766_page_5.png,OTHERS
2031,/New_Volume/trade-finance/final_delivery/classification_training/V2_Final_Training_Data/OTHERS/Certificate_Of_Origin_658_page_4.png,OTHERS
2032,/New_Volume/trade-finance/final_delivery/classification_training/V2_Final_Training_Data/OTHERS/Bill_Of_Landing_829_page_1.png,OTHERS
2033,/New_Volume/trade-finance/final_delivery/classification_training/V2_Final_Training_Data/OTHERS/Bill_Of_Landing_827_page_2.png,OTHERS
2034,/New_Volume/trade-finance/final_delivery/classification_training/V2_Final_Training_Data/OTHERS/Bill_Of_Landing_210_page_6.png,OTHERS
2035,/New_Volume/trade-finance/final_delivery/classification_training/V2_Final_Training_Data/OTHERS/Certificate_Of_Origin_646_page_1.png,OTHERS
2036,/New_Volume/trade-finance/final_delivery/classification_training/V2_Final_Training_Data/OTHERS/Covering_Schedule_183_page_0.png,OTHERS
2037,/New_Volume/trade-finance/final_delivery/classification_training/V2_Final_Training_Data/OTHERS/Bill_Of_Landing_668_page_1.png,OTHERS
2038,/New_Volume/trade-finance/final_delivery/classification_training/V2_Final_Training_Data/OTHERS/Certificate_Of_Origin_263_page_4.png,OTHERS
2039,/New_Volume/trade-finance/final_delivery/classification_training/V2_Final_Training_Data/OTHERS/Certificate_Of_Origin_148_page_0.png,OTHERS
2040,/New_Volume/trade-finance/final_delivery/classification_training/V2_Final_Training_Data/OTHERS/Covering_Schedule_18_page_4.png,OTHERS
2041,/New_Volume/trade-finance/final_delivery/classification_training/V2_Final_Training_Data/OTHERS/Bill_Of_Landing_337_page_0.png,OTHERS
2042,/New_Volume/trade-finance/final_delivery/classification_training/V2_Final_Training_Data/OTHERS/Certificate_Of_Origin_313_page_4.png,OTHERS
2043,/New_Volume/trade-finance/final_delivery/classification_training/V2_Final_Training_Data/OTHERS/Certificate_Of_Origin_216_page_1.png,OTHERS
2044,/New_Volume/trade-finance/final_delivery/classification_training/V2_Final_Training_Data/OTHERS/Bill_Of_Landing_599_page_3.png,OTHERS
2045,/New_Volume/trade-finance/final_delivery/classification_training/V2_Final_Training_Data/OTHERS/Bill_Of_Landing_210_page_9.png,OTHERS
2046,/New_Volume/trade-finance/final_delivery/classification_training/V2_Final_Training_Data/OTHERS/Certificate_Of_Origin_424_page_4.png,OTHERS
2047,/New_Volume/trade-finance/final_delivery/classification_training/V2_Final_Training_Data/OTHERS/Certificate_Of_Origin_476_page_5.png,OTHERS
2048,/New_Volume/trade-finance/final_delivery/classification_training/V2_Final_Training_Data/OTHERS/Covering_Schedule(2012_08_28_13_37_45_6869)_452_page_0.png,OTHERS
2049,/New_Volume/trade-finance/final_delivery/classification_training/V2_Final_Training_Data/OTHERS/Certificate_Of_Origin_191_page_0.png,OTHERS
2050,/New_Volume/trade-finance/final_delivery/classification_training/V2_Final_Training_Data/OTHERS/Certificate_Of_Origin_579_page_4.png,OTHERS
2051,/New_Volume/trade-finance/final_delivery/classification_training/V2_Final_Training_Data/OTHERS/Certificate_Of_Origin_19_page_1.png,OTHERS
2052,/New_Volume/trade-finance/final_delivery/classification_training/V2_Final_Training_Data/OTHERS/Certificate_Of_Origin_424_page_2.png,OTHERS
2053,/New_Volume/trade-finance/final_delivery/classification_training/V2_Final_Training_Data/OTHERS/Bill_Of_Landing_562_page_12.png,OTHERS
2054,/New_Volume/trade-finance/final_delivery/classification_training/V2_Final_Training_Data/OTHERS/Bill_Of_Landing_837_page_7.png,OTHERS
2055,/New_Volume/trade-finance/final_delivery/classification_training/V2_Final_Training_Data/OTHERS/Covering_Schedule_212_page_5.png,OTHERS
2056,/New_Volume/trade-finance/final_delivery/classification_training/V2_Final_Training_Data/OTHERS/Certificate_Of_Origin_314_page_25.png,OTHERS
2057,/New_Volume/trade-finance/final_delivery/classification_training/V2_Final_Training_Data/OTHERS/Bill_of_lading_21_page_1.png,OTHERS
2058,/New_Volume/trade-finance/final_delivery/classification_training/V2_Final_Training_Data/OTHERS/Certificate_Of_Origin_178_page_1.png,OTHERS
2059,/New_Volume/trade-finance/final_delivery/classification_training/V2_Final_Training_Data/OTHERS/Certificate_Of_Origin_314_page_2.png,OTHERS
2060,/New_Volume/trade-finance/final_delivery/classification_training/V2_Final_Training_Data/OTHERS/Bill_of_lading_2041_page_20.png,OTHERS
2061,/New_Volume/trade-finance/final_delivery/classification_training/V2_Final_Training_Data/OTHERS/Bill_Of_Landing_820_page_2.png,OTHERS
2062,/New_Volume/trade-finance/final_delivery/classification_training/V2_Final_Training_Data/OTHERS/Covering_Schedule_212_page_6.png,OTHERS
2063,/New_Volume/trade-finance/final_delivery/classification_training/V2_Final_Training_Data/OTHERS/Certificate_Of_Origin_192_page_5.png,OTHERS
2064,/New_Volume/trade-finance/final_delivery/classification_training/V2_Final_Training_Data/OTHERS/Bill_Of_Landing_804_page_1.png,OTHERS
2065,/New_Volume/trade-finance/final_delivery/classification_training/V2_Final_Training_Data/OTHERS/Certificate_Of_Origin_183_page_3.png,OTHERS
2066,/New_Volume/trade-finance/final_delivery/classification_training/V2_Final_Training_Data/OTHERS/Certificate_Of_Origin_580_page_54.png,OTHERS
2067,/New_Volume/trade-finance/final_delivery/classification_training/V2_Final_Training_Data/OTHERS/Certificate_Of_Origin_191_page_1.png,OTHERS
2068,/New_Volume/trade-finance/final_delivery/classification_training/V2_Final_Training_Data/OTHERS/Bill_Of_Landing_153_page_1.png,OTHERS
2069,/New_Volume/trade-finance/final_delivery/classification_training/V2_Final_Training_Data/OTHERS/Certificate_Of_Origin_580_page_58.png,OTHERS
2070,/New_Volume/trade-finance/final_delivery/classification_training/V2_Final_Training_Data/OTHERS/Certificate_Of_Origin_811_page_1.png,OTHERS
2071,/New_Volume/trade-finance/final_delivery/classification_training/V2_Final_Training_Data/OTHERS/Certificate_Of_Origin_361_page_4.png,OTHERS
2072,/New_Volume/trade-finance/final_delivery/classification_training/V2_Final_Training_Data/OTHERS/Covering_Schedule_252_page_2.png,OTHERS
2073,/New_Volume/trade-finance/final_delivery/classification_training/V2_Final_Training_Data/OTHERS/Bill_of_lading_2038_page_11.png,OTHERS
2074,/New_Volume/trade-finance/final_delivery/classification_training/V2_Final_Training_Data/OTHERS/Certificate_Of_Origin_195_page_2.png,OTHERS
2075,/New_Volume/trade-finance/final_delivery/classification_training/V2_Final_Training_Data/OTHERS/Covering_Schedule_183_page_3.png,OTHERS
2076,/New_Volume/trade-finance/final_delivery/classification_training/V2_Final_Training_Data/OTHERS/Certificate_Of_Origin_614_page_10.png,OTHERS
2077,/New_Volume/trade-finance/final_delivery/classification_training/V2_Final_Training_Data/OTHERS/Certificate_Of_Origin_580_page_66.png,OTHERS
2078,/New_Volume/trade-finance/final_delivery/classification_training/V2_Final_Training_Data/OTHERS/Certificate_Of_Origin_62_page_3.png,OTHERS
2079,/New_Volume/trade-finance/final_delivery/classification_training/V2_Final_Training_Data/OTHERS/Certificate_Of_Origin_178_page_3.png,OTHERS
2080,/New_Volume/trade-finance/final_delivery/classification_training/V2_Final_Training_Data/OTHERS/Certificate_Of_Origin_315_page_2.png,OTHERS
2081,/New_Volume/trade-finance/final_delivery/classification_training/V2_Final_Training_Data/OTHERS/Certificate_Of_Origin_815_page_2.png,OTHERS
2082,/New_Volume/trade-finance/final_delivery/classification_training/V2_Final_Training_Data/OTHERS/Covering_Schedule_184_page_1.png,OTHERS
2083,/New_Volume/trade-finance/final_delivery/classification_training/V2_Final_Training_Data/OTHERS/Covering_Schedule_153_page_9.png,OTHERS
2084,/New_Volume/trade-finance/final_delivery/classification_training/V2_Final_Training_Data/OTHERS/Certificate_Of_Origin_204_page_2.png,OTHERS
2085,/New_Volume/trade-finance/final_delivery/classification_training/V2_Final_Training_Data/OTHERS/Bill_Of_Landing_424_page_0.png,OTHERS
2086,/New_Volume/trade-finance/final_delivery/classification_training/V2_Final_Training_Data/OTHERS/Bill_Of_Landing_112_page_9.png,OTHERS
2087,/New_Volume/trade-finance/final_delivery/classification_training/V2_Final_Training_Data/OTHERS/Certificate_Of_Origin_63_page_1.png,OTHERS
2088,/New_Volume/trade-finance/final_delivery/classification_training/V2_Final_Training_Data/OTHERS/Bill_Of_Landing_572_page_1.png,OTHERS
2089,/New_Volume/trade-finance/final_delivery/classification_training/V2_Final_Training_Data/OTHERS/Certificate_Of_Origin_713_page_1.png,OTHERS
2090,/New_Volume/trade-finance/final_delivery/classification_training/V2_Final_Training_Data/OTHERS/Certificate_Of_Origin_340_page_3.png,OTHERS
2091,/New_Volume/trade-finance/final_delivery/classification_training/V2_Final_Training_Data/OTHERS/Certificate_Of_Origin_470_page_45.png,OTHERS
2092,/New_Volume/trade-finance/final_delivery/classification_training/V2_Final_Training_Data/OTHERS/Bill_Of_Landing_684_page_4.png,OTHERS
2093,/New_Volume/trade-finance/final_delivery/classification_training/V2_Final_Training_Data/OTHERS/Certificate_Of_Origin_419_page_1.png,OTHERS
2094,/New_Volume/trade-finance/final_delivery/classification_training/V2_Final_Training_Data/OTHERS/Bill_Of_Landing_416_page_4.png,OTHERS
2095,/New_Volume/trade-finance/final_delivery/classification_training/V2_Final_Training_Data/OTHERS/Certificate_Of_Origin_424_page_3.png,OTHERS
2096,/New_Volume/trade-finance/final_delivery/classification_training/V2_Final_Training_Data/OTHERS/Covering_Schedule_152_page_0.png,OTHERS
2097,/New_Volume/trade-finance/final_delivery/classification_training/V2_Final_Training_Data/OTHERS/Bill_Of_Landing_766_page_3.png,OTHERS
2098,/New_Volume/trade-finance/final_delivery/classification_training/V2_Final_Training_Data/OTHERS/Certificate_Of_Origin_454_page_1.png,OTHERS
2099,/New_Volume/trade-finance/final_delivery/classification_training/V2_Final_Training_Data/OTHERS/Covering_Schedule(2013_04_16_11_41_29_1270)_242_page_2.png,OTHERS
2100,/New_Volume/trade-finance/final_delivery/classification_training/V2_Final_Training_Data/OTHERS/Bill_Of_Landing_519_page_6.png,OTHERS
2101,/New_Volume/trade-finance/final_delivery/classification_training/V2_Final_Training_Data/OTHERS/Bill_Of_Landing_291_page_6.png,OTHERS
2102,/New_Volume/trade-finance/final_delivery/classification_training/V2_Final_Training_Data/OTHERS/Bill_Of_Landing_562_page_32.png,OTHERS
2103,/New_Volume/trade-finance/final_delivery/classification_training/V2_Final_Training_Data/OTHERS/Certificate_Of_Origin_448_page_10.png,OTHERS
2104,/New_Volume/trade-finance/final_delivery/classification_training/V2_Final_Training_Data/OTHERS/Bill_Of_Landing_397_page_3.png,OTHERS
2105,/New_Volume/trade-finance/final_delivery/classification_training/V2_Final_Training_Data/OTHERS/Certificate_Of_Origin_269_page_25.png,OTHERS
2106,/New_Volume/trade-finance/final_delivery/classification_training/V2_Final_Training_Data/OTHERS/Bill_Of_Landing_353_page_7.png,OTHERS
2107,/New_Volume/trade-finance/final_delivery/classification_training/V2_Final_Training_Data/OTHERS/Covering_Schedule_25_page_0.png,OTHERS
2108,/New_Volume/trade-finance/final_delivery/classification_training/V2_Final_Training_Data/OTHERS/Bill_Of_Landing_418_page_27.png,OTHERS
2109,/New_Volume/trade-finance/final_delivery/classification_training/V2_Final_Training_Data/OTHERS/Bill_of_lading_1040_page_2.png,OTHERS
2110,/New_Volume/trade-finance/final_delivery/classification_training/V2_Final_Training_Data/OTHERS/Bill_Of_Landing_353_page_8.png,OTHERS
2111,/New_Volume/trade-finance/final_delivery/classification_training/V2_Final_Training_Data/OTHERS/Bill_Of_Landing_600_page_15.png,OTHERS
2112,/New_Volume/trade-finance/final_delivery/classification_training/V2_Final_Training_Data/OTHERS/Bill_of_lading_103_page_2.png,OTHERS
2113,/New_Volume/trade-finance/final_delivery/classification_training/V2_Final_Training_Data/OTHERS/Certificate_Of_Origin_314_page_27.png,OTHERS
2114,/New_Volume/trade-finance/final_delivery/classification_training/V2_Final_Training_Data/OTHERS/Covering_Schedule_155_page_0.png,OTHERS
2115,/New_Volume/trade-finance/final_delivery/classification_training/V2_Final_Training_Data/OTHERS/Bill_Of_Landing_602_page_6.png,OTHERS
2116,/New_Volume/trade-finance/final_delivery/classification_training/V2_Final_Training_Data/OTHERS/Certificate_Of_Origin_947_page_3.png,OTHERS
2117,/New_Volume/trade-finance/final_delivery/classification_training/V2_Final_Training_Data/OTHERS/Covering_Schedule_127_page_0.png,OTHERS
2118,/New_Volume/trade-finance/final_delivery/classification_training/V2_Final_Training_Data/OTHERS/Bill_Of_Landing_776_page_9.png,OTHERS
2119,/New_Volume/trade-finance/final_delivery/classification_training/V2_Final_Training_Data/OTHERS/Bill_of_lading_2041_page_8.png,OTHERS
2120,/New_Volume/trade-finance/final_delivery/classification_training/V2_Final_Training_Data/OTHERS/Covering_Schedule_253_page_10.png,OTHERS
2121,/New_Volume/trade-finance/final_delivery/classification_training/V2_Final_Training_Data/OTHERS/Covering_Schedule_226_page_4.png,OTHERS
2122,/New_Volume/trade-finance/final_delivery/classification_training/V2_Final_Training_Data/OTHERS/Bill_Of_Landing_846_page_3.png,OTHERS
2123,/New_Volume/trade-finance/final_delivery/classification_training/V2_Final_Training_Data/OTHERS/Bill_Of_Landing_461_page_0.png,OTHERS
2124,/New_Volume/trade-finance/final_delivery/classification_training/V2_Final_Training_Data/OTHERS/Bill_Of_Landing_210_page_8.png,OTHERS
2125,/New_Volume/trade-finance/final_delivery/classification_training/V2_Final_Training_Data/OTHERS/Bill_Of_Landing_625_page_5.png,OTHERS
2126,/New_Volume/trade-finance/final_delivery/classification_training/V2_Final_Training_Data/OTHERS/Covering_Schedule_252_page_10.png,OTHERS
2127,/New_Volume/trade-finance/final_delivery/classification_training/V2_Final_Training_Data/OTHERS/Bill_Of_Landing_808_page_6.png,OTHERS
2128,/New_Volume/trade-finance/final_delivery/classification_training/V2_Final_Training_Data/OTHERS/Covering_Schedule_212_page_2.png,OTHERS
2129,/New_Volume/trade-finance/final_delivery/classification_training/V2_Final_Training_Data/OTHERS/Bill_Of_Landing_827_page_4.png,OTHERS
2130,/New_Volume/trade-finance/final_delivery/classification_training/V2_Final_Training_Data/OTHERS/Certificate_Of_Origin_141_page_5.png,OTHERS
2131,/New_Volume/trade-finance/final_delivery/classification_training/V2_Final_Training_Data/OTHERS/Bill_Of_Landing_231_page_1.png,OTHERS
2132,/New_Volume/trade-finance/final_delivery/classification_training/V2_Final_Training_Data/OTHERS/Covering_Schedule_255_page_0.png,OTHERS
2133,/New_Volume/trade-finance/final_delivery/classification_training/V2_Final_Training_Data/OTHERS/Bill_Of_Landing_600_page_9.png,OTHERS
2134,/New_Volume/trade-finance/final_delivery/classification_training/V2_Final_Training_Data/OTHERS/Covering_Schedule(2012_08_28_13_37_55_2783)_434_page_0.png,OTHERS
2135,/New_Volume/trade-finance/final_delivery/classification_training/V2_Final_Training_Data/OTHERS/Bill_of_lading_1010_page_3.png,OTHERS
2136,/New_Volume/trade-finance/final_delivery/classification_training/V2_Final_Training_Data/OTHERS/Bill_Of_Landing_509_page_1.png,OTHERS
2137,/New_Volume/trade-finance/final_delivery/classification_training/V2_Final_Training_Data/OTHERS/Covering_Schedule_254_page_2.png,OTHERS
2138,/New_Volume/trade-finance/final_delivery/classification_training/V2_Final_Training_Data/OTHERS/Certificate_Of_Origin_898_page_5.png,OTHERS
2139,/New_Volume/trade-finance/final_delivery/classification_training/V2_Final_Training_Data/OTHERS/Covering_Schedule_120_page_8.png,OTHERS
2140,/New_Volume/trade-finance/final_delivery/classification_training/V2_Final_Training_Data/OTHERS/Bill_Of_Landing_353_page_12.png,OTHERS
2141,/New_Volume/trade-finance/final_delivery/classification_training/V2_Final_Training_Data/OTHERS/Bill_of_lading_1539_page_17.png,OTHERS
2142,/New_Volume/trade-finance/final_delivery/classification_training/V2_Final_Training_Data/OTHERS/Certificate_Of_Origin_860_page_1.png,OTHERS
2143,/New_Volume/trade-finance/final_delivery/classification_training/V2_Final_Training_Data/OTHERS/Certificate_Of_Origin_192_page_1.png,OTHERS
2144,/New_Volume/trade-finance/final_delivery/classification_training/V2_Final_Training_Data/OTHERS/Bill_of_lading_541_page_20.png,OTHERS
2145,/New_Volume/trade-finance/final_delivery/classification_training/V2_Final_Training_Data/OTHERS/Bill_of_lading_1520_page_5.png,OTHERS
2146,/New_Volume/trade-finance/final_delivery/classification_training/V2_Final_Training_Data/OTHERS/Covering_Schedule_165_page_0.png,OTHERS
2147,/New_Volume/trade-finance/final_delivery/classification_training/V2_Final_Training_Data/OTHERS/Bill_Of_Landing_221_page_1.png,OTHERS
2148,/New_Volume/trade-finance/final_delivery/classification_training/V2_Final_Training_Data/OTHERS/Certificate_Of_Origin_272_page_1.png,OTHERS
2149,/New_Volume/trade-finance/final_delivery/classification_training/V2_Final_Training_Data/OTHERS/Bill_of_lading_1542_page_2.png,OTHERS
2150,/New_Volume/trade-finance/final_delivery/classification_training/V2_Final_Training_Data/OTHERS/Bill_Of_Landing_398_page_2.png,OTHERS
2151,/New_Volume/trade-finance/final_delivery/classification_training/V2_Final_Training_Data/OTHERS/Bill_Of_Landing_700_page_1.png,OTHERS
2152,/New_Volume/trade-finance/final_delivery/classification_training/V2_Final_Training_Data/OTHERS/Certificate_Of_Origin_580_page_63.png,OTHERS
2153,/New_Volume/trade-finance/final_delivery/classification_training/V2_Final_Training_Data/OTHERS/Bill_Of_Landing_867_page_1.png,OTHERS
2154,/New_Volume/trade-finance/final_delivery/classification_training/V2_Final_Training_Data/OTHERS/Bill_Of_Landing_826_page_3.png,OTHERS
2155,/New_Volume/trade-finance/final_delivery/classification_training/V2_Final_Training_Data/CS/Covering_Schedule_473_page_0.png,CS
2156,/New_Volume/trade-finance/final_delivery/classification_training/V2_Final_Training_Data/CS/Covering_Schedule_715_page_0.png,CS
2157,/New_Volume/trade-finance/final_delivery/classification_training/V2_Final_Training_Data/CS/Covering_Schedule_665_page_1.png,CS
2158,/New_Volume/trade-finance/final_delivery/classification_training/V2_Final_Training_Data/CS/Covering_Schedule_593_page_0.png,CS
2159,/New_Volume/trade-finance/final_delivery/classification_training/V2_Final_Training_Data/CS/Covering_Schedule_335_page_0.png,CS
2160,/New_Volume/trade-finance/final_delivery/classification_training/V2_Final_Training_Data/CS/Covering_Schedule_291_page_1.png,CS
2161,/New_Volume/trade-finance/final_delivery/classification_training/V2_Final_Training_Data/CS/Covering_Schedule_236_page_0.png,CS
2162,/New_Volume/trade-finance/final_delivery/classification_training/V2_Final_Training_Data/CS/Covering_Schedule_358_page_1.png,CS
2163,/New_Volume/trade-finance/final_delivery/classification_training/V2_Final_Training_Data/CS/Covering_Schedule_220_page_1.png,CS
2164,/New_Volume/trade-finance/final_delivery/classification_training/V2_Final_Training_Data/CS/Covering_Schedule_230_page_0.png,CS
2165,/New_Volume/trade-finance/final_delivery/classification_training/V2_Final_Training_Data/CS/Covering_Schedule_159_page_0.png,CS
2166,/New_Volume/trade-finance/final_delivery/classification_training/V2_Final_Training_Data/CS/Covering_Schedule_495_page_1.png,CS
2167,/New_Volume/trade-finance/final_delivery/classification_training/V2_Final_Training_Data/CS/Covering_Schedule_318_page_1.png,CS
2168,/New_Volume/trade-finance/final_delivery/classification_training/V2_Final_Training_Data/CS/Covering_Schedule_497_page_2.png,CS
2169,/New_Volume/trade-finance/final_delivery/classification_training/V2_Final_Training_Data/CS/Covering_Schedule_714_page_1.png,CS
2170,/New_Volume/trade-finance/final_delivery/classification_training/V2_Final_Training_Data/CS/Covering_Schedule_636_page_0.png,CS
2171,/New_Volume/trade-finance/final_delivery/classification_training/V2_Final_Training_Data/CS/Covering_Schedule_568_page_0.png,CS
2172,/New_Volume/trade-finance/final_delivery/classification_training/V2_Final_Training_Data/CS/Covering_Schedule_678_page_4.png,CS
2173,/New_Volume/trade-finance/final_delivery/classification_training/V2_Final_Training_Data/CS/Covering_Schedule_727_page_2.png,CS
2174,/New_Volume/trade-finance/final_delivery/classification_training/V2_Final_Training_Data/CS/Covering_Schedule_171_page_0.png,CS
2175,/New_Volume/trade-finance/final_delivery/classification_training/V2_Final_Training_Data/CS/Covering_Schedule_616_page_1.png,CS
2176,/New_Volume/trade-finance/final_delivery/classification_training/V2_Final_Training_Data/CS/Covering_Schedule_424_page_0.png,CS
2177,/New_Volume/trade-finance/final_delivery/classification_training/V2_Final_Training_Data/CS/Covering_Schedule_750_page_1.png,CS
2178,/New_Volume/trade-finance/final_delivery/classification_training/V2_Final_Training_Data/CS/Covering_Schedule_175_page_1.png,CS
2179,/New_Volume/trade-finance/final_delivery/classification_training/V2_Final_Training_Data/CS/Covering_Schedule_156_page_0.png,CS
2180,/New_Volume/trade-finance/final_delivery/classification_training/V2_Final_Training_Data/CS/Covering_Schedule_683_page_1.png,CS
2181,/New_Volume/trade-finance/final_delivery/classification_training/V2_Final_Training_Data/CS/Covering_Schedule_491_page_1.png,CS
2182,/New_Volume/trade-finance/final_delivery/classification_training/V2_Final_Training_Data/CS/Covering_Schedule_694_page_1.png,CS
2183,/New_Volume/trade-finance/final_delivery/classification_training/V2_Final_Training_Data/CS/Covering_Schedule_233_page_1.png,CS
2184,/New_Volume/trade-finance/final_delivery/classification_training/V2_Final_Training_Data/CS/Covering_Schedule_763_page_1.png,CS
2185,/New_Volume/trade-finance/final_delivery/classification_training/V2_Final_Training_Data/CS/Covering_Schedule_520_page_2.png,CS
2186,/New_Volume/trade-finance/final_delivery/classification_training/V2_Final_Training_Data/CS/Covering_Schedule_152_page_1.png,CS
2187,/New_Volume/trade-finance/final_delivery/classification_training/V2_Final_Training_Data/CS/Covering_Schedule_566_page_1.png,CS
2188,/New_Volume/trade-finance/final_delivery/classification_training/V2_Final_Training_Data/CS/Covering_Schedule_448_page_3.png,CS
2189,/New_Volume/trade-finance/final_delivery/classification_training/V2_Final_Training_Data/CS/Covering_Schedule_728_page_0.png,CS
2190,/New_Volume/trade-finance/final_delivery/classification_training/V2_Final_Training_Data/CS/Covering_Schedule_537_page_2.png,CS
2191,/New_Volume/trade-finance/final_delivery/classification_training/V2_Final_Training_Data/CS/Covering_Schedule_486_page_0.png,CS
2192,/New_Volume/trade-finance/final_delivery/classification_training/V2_Final_Training_Data/CS/Covering_Schedule_506_page_0.png,CS
2193,/New_Volume/trade-finance/final_delivery/classification_training/V2_Final_Training_Data/CS/Covering_Schedule_656_page_0.png,CS
2194,/New_Volume/trade-finance/final_delivery/classification_training/V2_Final_Training_Data/CS/Covering_Schedule_161_page_0.png,CS
2195,/New_Volume/trade-finance/final_delivery/classification_training/V2_Final_Training_Data/CS/Covering_Schedule_733_page_0.png,CS
2196,/New_Volume/trade-finance/final_delivery/classification_training/V2_Final_Training_Data/CS/Covering_Schedule_317_page_0.png,CS
2197,/New_Volume/trade-finance/final_delivery/classification_training/V2_Final_Training_Data/CS/Covering_Schedule_227_page_0.png,CS
2198,/New_Volume/trade-finance/final_delivery/classification_training/V2_Final_Training_Data/CS/Covering_Schedule_369_page_0.png,CS
2199,/New_Volume/trade-finance/final_delivery/classification_training/V2_Final_Training_Data/CS/Covering_Schedule_306_page_1.png,CS
2200,/New_Volume/trade-finance/final_delivery/classification_training/V2_Final_Training_Data/CS/Covering_Schedule_664_page_1.png,CS
2201,/New_Volume/trade-finance/final_delivery/classification_training/V2_Final_Training_Data/CS/Covering_Schedule_649_page_0.png,CS
2202,/New_Volume/trade-finance/final_delivery/classification_training/V2_Final_Training_Data/CS/Covering_Schedule_179_page_1.png,CS
2203,/New_Volume/trade-finance/final_delivery/classification_training/V2_Final_Training_Data/CS/Covering_Schedule_163_page_0.png,CS
2204,/New_Volume/trade-finance/final_delivery/classification_training/V2_Final_Training_Data/CS/Covering_Schedule_541_page_1.png,CS
2205,/New_Volume/trade-finance/final_delivery/classification_training/V2_Final_Training_Data/CS/Covering_Schedule_626_page_0.png,CS
2206,/New_Volume/trade-finance/final_delivery/classification_training/V2_Final_Training_Data/CS/Covering_Schedule_333_page_0.png,CS
2207,/New_Volume/trade-finance/final_delivery/classification_training/V2_Final_Training_Data/CS/Covering_Schedule_271_page_1.png,CS
2208,/New_Volume/trade-finance/final_delivery/classification_training/V2_Final_Training_Data/CS/Covering_Schedule_584_page_2.png,CS
2209,/New_Volume/trade-finance/final_delivery/classification_training/V2_Final_Training_Data/CS/Covering_Schedule_375_page_1.png,CS
2210,/New_Volume/trade-finance/final_delivery/classification_training/V2_Final_Training_Data/CS/Covering_Schedule_753_page_0.png,CS
2211,/New_Volume/trade-finance/final_delivery/classification_training/V2_Final_Training_Data/CS/Covering_Schedule_146_page_0.png,CS
2212,/New_Volume/trade-finance/final_delivery/classification_training/V2_Final_Training_Data/CS/Covering_Schedule_214_page_0.png,CS
2213,/New_Volume/trade-finance/final_delivery/classification_training/V2_Final_Training_Data/CS/Covering_Schedule_149_page_0.png,CS
2214,/New_Volume/trade-finance/final_delivery/classification_training/V2_Final_Training_Data/CS/Covering_Schedule_692_page_0.png,CS
2215,/New_Volume/trade-finance/final_delivery/classification_training/V2_Final_Training_Data/CS/Covering_Schedule_516_page_0.png,CS
2216,/New_Volume/trade-finance/final_delivery/classification_training/V2_Final_Training_Data/CS/Covering_Schedule_534_page_0.png,CS
2217,/New_Volume/trade-finance/final_delivery/classification_training/V2_Final_Training_Data/CS/Covering_Schedule_601_page_0.png,CS
2218,/New_Volume/trade-finance/final_delivery/classification_training/V2_Final_Training_Data/CS/Covering_Schedule_141_page_0.png,CS
2219,/New_Volume/trade-finance/final_delivery/classification_training/V2_Final_Training_Data/CS/Covering_Schedule_645_page_0.png,CS
2220,/New_Volume/trade-finance/final_delivery/classification_training/V2_Final_Training_Data/CS/Covering_Schedule_634_page_3.png,CS
2221,/New_Volume/trade-finance/final_delivery/classification_training/V2_Final_Training_Data/CS/Covering_Schedule_653_page_0.png,CS
2222,/New_Volume/trade-finance/final_delivery/classification_training/V2_Final_Training_Data/CS/Covering_Schedule_232_page_0.png,CS
2223,/New_Volume/trade-finance/final_delivery/classification_training/V2_Final_Training_Data/CS/Covering_Schedule_553_page_0.png,CS
2224,/New_Volume/trade-finance/final_delivery/classification_training/V2_Final_Training_Data/CS/Covering_Schedule_505_page_1.png,CS
2225,/New_Volume/trade-finance/final_delivery/classification_training/V2_Final_Training_Data/CS/Covering_Schedule_486_page_1.png,CS
2226,/New_Volume/trade-finance/final_delivery/classification_training/V2_Final_Training_Data/CS/Covering_Schedule_415_page_0.png,CS
2227,/New_Volume/trade-finance/final_delivery/classification_training/V2_Final_Training_Data/CS/Covering_Schedule_274_page_3.png,CS
2228,/New_Volume/trade-finance/final_delivery/classification_training/V2_Final_Training_Data/CS/Covering_Schedule_178_page_1.png,CS
2229,/New_Volume/trade-finance/final_delivery/classification_training/V2_Final_Training_Data/CS/Covering_Schedule_413_page_0.png,CS
2230,/New_Volume/trade-finance/final_delivery/classification_training/V2_Final_Training_Data/CS/Covering_Schedule_571_page_0.png,CS
2231,/New_Volume/trade-finance/final_delivery/classification_training/V2_Final_Training_Data/CS/Covering_Schedule_308_page_3.png,CS
2232,/New_Volume/trade-finance/final_delivery/classification_training/V2_Final_Training_Data/CS/Covering_Schedule_258_page_0.png,CS
2233,/New_Volume/trade-finance/final_delivery/classification_training/V2_Final_Training_Data/CS/Covering_Schedule_660_page_0.png,CS
2234,/New_Volume/trade-finance/final_delivery/classification_training/V2_Final_Training_Data/CS/Covering_Schedule_323_page_1.png,CS
2235,/New_Volume/trade-finance/final_delivery/classification_training/V2_Final_Training_Data/CS/Covering_Schedule_721_page_0.png,CS
2236,/New_Volume/trade-finance/final_delivery/classification_training/V2_Final_Training_Data/CS/Covering_Schedule_659_page_1.png,CS
2237,/New_Volume/trade-finance/final_delivery/classification_training/V2_Final_Training_Data/CS/Covering_Schedule_730_page_1.png,CS
2238,/New_Volume/trade-finance/final_delivery/classification_training/V2_Final_Training_Data/CS/Covering_Schedule_206_page_1.png,CS
2239,/New_Volume/trade-finance/final_delivery/classification_training/V2_Final_Training_Data/CS/Covering_Schedule_139_page_1.png,CS
2240,/New_Volume/trade-finance/final_delivery/classification_training/V2_Final_Training_Data/CS/Covering_Schedule_576_page_0.png,CS
2241,/New_Volume/trade-finance/final_delivery/classification_training/V2_Final_Training_Data/CS/Covering_Schedule_551_page_0.png,CS
2242,/New_Volume/trade-finance/final_delivery/classification_training/V2_Final_Training_Data/CS/Covering_Schedule_429_page_0.png,CS
2243,/New_Volume/trade-finance/final_delivery/classification_training/V2_Final_Training_Data/CS/Covering_Schedule_748_page_0.png,CS
2244,/New_Volume/trade-finance/final_delivery/classification_training/V2_Final_Training_Data/CS/Covering_Schedule_669_page_0.png,CS
2245,/New_Volume/trade-finance/final_delivery/classification_training/V2_Final_Training_Data/CS/Covering_Schedule_222_page_0.png,CS
2246,/New_Volume/trade-finance/final_delivery/classification_training/V2_Final_Training_Data/CS/Covering_Schedule_501_page_0.png,CS
2247,/New_Volume/trade-finance/final_delivery/classification_training/V2_Final_Training_Data/CS/Covering_Schedule_212_page_3.png,CS
2248,/New_Volume/trade-finance/final_delivery/classification_training/V2_Final_Training_Data/CS/Covering_Schedule_204_page_0.png,CS
2249,/New_Volume/trade-finance/final_delivery/classification_training/V2_Final_Training_Data/CS/Covering_Schedule_618_page_0.png,CS
2250,/New_Volume/trade-finance/final_delivery/classification_training/V2_Final_Training_Data/CS/Covering_Schedule_666_page_0.png,CS
2251,/New_Volume/trade-finance/final_delivery/classification_training/V2_Final_Training_Data/CS/Covering_Schedule_559_page_0.png,CS
2252,/New_Volume/trade-finance/final_delivery/classification_training/V2_Final_Training_Data/CS/Covering_Schedule_286_page_0.png,CS
2253,/New_Volume/trade-finance/final_delivery/classification_training/V2_Final_Training_Data/CS/Covering_Schedule_446_page_0.png,CS
2254,/New_Volume/trade-finance/final_delivery/classification_training/V2_Final_Training_Data/CS/Covering_Schedule_239_page_1.png,CS
2255,/New_Volume/trade-finance/final_delivery/classification_training/V2_Final_Training_Data/CS/Covering_Schedule_195_page_0.png,CS
2256,/New_Volume/trade-finance/final_delivery/classification_training/V2_Final_Training_Data/CS/Covering_Schedule_178_page_5.png,CS
2257,/New_Volume/trade-finance/final_delivery/classification_training/V2_Final_Training_Data/CS/Covering_Schedule_567_page_1.png,CS
2258,/New_Volume/trade-finance/final_delivery/classification_training/V2_Final_Training_Data/CS/Covering_Schedule_139_page_0.png,CS
2259,/New_Volume/trade-finance/final_delivery/classification_training/V2_Final_Training_Data/CS/Covering_Schedule_756_page_1.png,CS
2260,/New_Volume/trade-finance/final_delivery/classification_training/V2_Final_Training_Data/CS/Covering_Schedule_598_page_0.png,CS
2261,/New_Volume/trade-finance/final_delivery/classification_training/V2_Final_Training_Data/CS/Covering_Schedule_164_page_0.png,CS
2262,/New_Volume/trade-finance/final_delivery/classification_training/V2_Final_Training_Data/CS/Covering_Schedule_342_page_0.png,CS
2263,/New_Volume/trade-finance/final_delivery/classification_training/V2_Final_Training_Data/CS/Covering_Schedule_207_page_0.png,CS
2264,/New_Volume/trade-finance/final_delivery/classification_training/V2_Final_Training_Data/CS/Covering_Schedule_768_page_1.png,CS
2265,/New_Volume/trade-finance/final_delivery/classification_training/V2_Final_Training_Data/CS/Covering_Schedule_705_page_1.png,CS
2266,/New_Volume/trade-finance/final_delivery/classification_training/V2_Final_Training_Data/CS/Covering_Schedule_668_page_0.png,CS
2267,/New_Volume/trade-finance/final_delivery/classification_training/V2_Final_Training_Data/CS/Covering_Schedule_606_page_1.png,CS
2268,/New_Volume/trade-finance/final_delivery/classification_training/V2_Final_Training_Data/CS/Covering_Schedule_240_page_0.png,CS
2269,/New_Volume/trade-finance/final_delivery/classification_training/V2_Final_Training_Data/CS/Covering_Schedule_223_page_1.png,CS
2270,/New_Volume/trade-finance/final_delivery/classification_training/V2_Final_Training_Data/CS/Covering_Schedule_267_page_2.png,CS
2271,/New_Volume/trade-finance/final_delivery/classification_training/V2_Final_Training_Data/CS/Covering_Schedule_521_page_0.png,CS
2272,/New_Volume/trade-finance/final_delivery/classification_training/V2_Final_Training_Data/CS/Covering_Schedule_168_page_3.png,CS
2273,/New_Volume/trade-finance/final_delivery/classification_training/V2_Final_Training_Data/CS/Covering_Schedule_580_page_0.png,CS
2274,/New_Volume/trade-finance/final_delivery/classification_training/V2_Final_Training_Data/CS/Covering_Schedule_345_page_0.png,CS
2275,/New_Volume/trade-finance/final_delivery/classification_training/V2_Final_Training_Data/CS/Covering_Schedule_351_page_1.png,CS
2276,/New_Volume/trade-finance/final_delivery/classification_training/V2_Final_Training_Data/CS/Covering_Schedule_180_page_0.png,CS
2277,/New_Volume/trade-finance/final_delivery/classification_training/V2_Final_Training_Data/CS/Covering_Schedule_182_page_1.png,CS
2278,/New_Volume/trade-finance/final_delivery/classification_training/V2_Final_Training_Data/CS/Covering_Schedule_197_page_1.png,CS
2279,/New_Volume/trade-finance/final_delivery/classification_training/V2_Final_Training_Data/CS/Covering_Schedule_609_page_1.png,CS
2280,/New_Volume/trade-finance/final_delivery/classification_training/V2_Final_Training_Data/CS/Covering_Schedule_324_page_0.png,CS
2281,/New_Volume/trade-finance/final_delivery/classification_training/V2_Final_Training_Data/CS/Covering_Schedule_361_page_0.png,CS
2282,/New_Volume/trade-finance/final_delivery/classification_training/V2_Final_Training_Data/CS/Covering_Schedule_494_page_0.png,CS
2283,/New_Volume/trade-finance/final_delivery/classification_training/V2_Final_Training_Data/CS/Covering_Schedule_143_page_0.png,CS
2284,/New_Volume/trade-finance/final_delivery/classification_training/V2_Final_Training_Data/CS/Covering_Schedule_758_page_1.png,CS
2285,/New_Volume/trade-finance/final_delivery/classification_training/V2_Final_Training_Data/CS/Covering_Schedule_603_page_0.png,CS
2286,/New_Volume/trade-finance/final_delivery/classification_training/V2_Final_Training_Data/CS/Covering_Schedule_420_page_0.png,CS
2287,/New_Volume/trade-finance/final_delivery/classification_training/V2_Final_Training_Data/CS/Covering_Schedule_609_page_0.png,CS
2288,/New_Volume/trade-finance/final_delivery/classification_training/V2_Final_Training_Data/CS/Covering_Schedule_734_page_1.png,CS
2289,/New_Volume/trade-finance/final_delivery/classification_training/V2_Final_Training_Data/CS/Covering_Schedule_547_page_2.png,CS
2290,/New_Volume/trade-finance/final_delivery/classification_training/V2_Final_Training_Data/CS/Covering_Schedule_186_page_0.png,CS
2291,/New_Volume/trade-finance/final_delivery/classification_training/V2_Final_Training_Data/CS/Covering_Schedule_196_page_0.png,CS
2292,/New_Volume/trade-finance/final_delivery/classification_training/V2_Final_Training_Data/CS/Covering_Schedule_172_page_1.png,CS
2293,/New_Volume/trade-finance/final_delivery/classification_training/V2_Final_Training_Data/CS/Covering_Schedule_330_page_0.png,CS
2294,/New_Volume/trade-finance/final_delivery/classification_training/V2_Final_Training_Data/CS/Covering_Schedule_633_page_0.png,CS
2295,/New_Volume/trade-finance/final_delivery/classification_training/V2_Final_Training_Data/CS/Covering_Schedule_307_page_1.png,CS
2296,/New_Volume/trade-finance/final_delivery/classification_training/V2_Final_Training_Data/CS/Covering_Schedule_192_page_0.png,CS
2297,/New_Volume/trade-finance/final_delivery/classification_training/V2_Final_Training_Data/CS/Covering_Schedule_181_page_8.png,CS
2298,/New_Volume/trade-finance/final_delivery/classification_training/V2_Final_Training_Data/CS/Covering_Schedule_701_page_1.png,CS
2299,/New_Volume/trade-finance/final_delivery/classification_training/V2_Final_Training_Data/CS/Covering_Schedule_359_page_1.png,CS
2300,/New_Volume/trade-finance/final_delivery/classification_training/V2_Final_Training_Data/CS/Covering_Schedule_752_page_0.png,CS
2301,/New_Volume/trade-finance/final_delivery/classification_training/V2_Final_Training_Data/CS/Covering_Schedule_487_page_1.png,CS
2302,/New_Volume/trade-finance/final_delivery/classification_training/V2_Final_Training_Data/CS/Covering_Schedule_556_page_0.png,CS
2303,/New_Volume/trade-finance/final_delivery/classification_training/V2_Final_Training_Data/CS/Covering_Schedule_659_page_0.png,CS
2304,/New_Volume/trade-finance/final_delivery/classification_training/V2_Final_Training_Data/CS/Covering_Schedule_685_page_0.png,CS
2305,/New_Volume/trade-finance/final_delivery/classification_training/V2_Final_Training_Data/CS/Covering_Schedule_686_page_1.png,CS
2306,/New_Volume/trade-finance/final_delivery/classification_training/V2_Final_Training_Data/CS/Covering_Schedule_232_page_3.png,CS
2307,/New_Volume/trade-finance/final_delivery/classification_training/V2_Final_Training_Data/CS/Covering_Schedule_161_page_2.png,CS
2308,/New_Volume/trade-finance/final_delivery/classification_training/V2_Final_Training_Data/CS/Covering_Schedule_725_page_1.png,CS
2309,/New_Volume/trade-finance/final_delivery/classification_training/V2_Final_Training_Data/CS/Covering_Schedule_492_page_0.png,CS
2310,/New_Volume/trade-finance/final_delivery/classification_training/V2_Final_Training_Data/CS/Covering_Schedule_229_page_0.png,CS
2311,/New_Volume/trade-finance/final_delivery/classification_training/V2_Final_Training_Data/CS/Covering_Schedule_198_page_0.png,CS
2312,/New_Volume/trade-finance/final_delivery/classification_training/V2_Final_Training_Data/CS/Covering_Schedule_428_page_0.png,CS
2313,/New_Volume/trade-finance/final_delivery/classification_training/V2_Final_Training_Data/CS/Covering_Schedule_555_page_0.png,CS
2314,/New_Volume/trade-finance/final_delivery/classification_training/V2_Final_Training_Data/CS/Covering_Schedule_657_page_0.png,CS
2315,/New_Volume/trade-finance/final_delivery/classification_training/V2_Final_Training_Data/CS/Covering_Schedule_167_page_1.png,CS
2316,/New_Volume/trade-finance/final_delivery/classification_training/V2_Final_Training_Data/CS/Covering_Schedule_742_page_2.png,CS
2317,/New_Volume/trade-finance/final_delivery/classification_training/V2_Final_Training_Data/CS/Covering_Schedule_426_page_10.png,CS
2318,/New_Volume/trade-finance/final_delivery/classification_training/V2_Final_Training_Data/CS/Covering_Schedule_216_page_0.png,CS
2319,/New_Volume/trade-finance/final_delivery/classification_training/V2_Final_Training_Data/CS/Covering_Schedule_329_page_0.png,CS
2320,/New_Volume/trade-finance/final_delivery/classification_training/V2_Final_Training_Data/CS/Covering_Schedule_350_page_1.png,CS
2321,/New_Volume/trade-finance/final_delivery/classification_training/V2_Final_Training_Data/CS/Covering_Schedule_583_page_0.png,CS
2322,/New_Volume/trade-finance/final_delivery/classification_training/V2_Final_Training_Data/CS/Covering_Schedule_302_page_1.png,CS
2323,/New_Volume/trade-finance/final_delivery/classification_training/V2_Final_Training_Data/CS/Covering_Schedule_332_page_0.png,CS
2324,/New_Volume/trade-finance/final_delivery/classification_training/V2_Final_Training_Data/CS/Covering_Schedule_465_page_1.png,CS
2325,/New_Volume/trade-finance/final_delivery/classification_training/V2_Final_Training_Data/CS/Covering_Schedule_138_page_0.png,CS
2326,/New_Volume/trade-finance/final_delivery/classification_training/V2_Final_Training_Data/CS/Covering_Schedule_425_page_0.png,CS
2327,/New_Volume/trade-finance/final_delivery/classification_training/V2_Final_Training_Data/CS/Covering_Schedule_614_page_0.png,CS
2328,/New_Volume/trade-finance/final_delivery/classification_training/V2_Final_Training_Data/CS/Covering_Schedule_360_page_0.png,CS
2329,/New_Volume/trade-finance/final_delivery/classification_training/V2_Final_Training_Data/CS/Covering_Schedule_219_page_0.png,CS
2330,/New_Volume/trade-finance/final_delivery/classification_training/V2_Final_Training_Data/CS/Covering_Schedule_305_page_1.png,CS
2331,/New_Volume/trade-finance/final_delivery/classification_training/V2_Final_Training_Data/CS/Covering_Schedule_251_page_0.png,CS
2332,/New_Volume/trade-finance/final_delivery/classification_training/V2_Final_Training_Data/CS/Covering_Schedule_519_page_0.png,CS
2333,/New_Volume/trade-finance/final_delivery/classification_training/V2_Final_Training_Data/CS/Covering_Schedule_181_page_0.png,CS
2334,/New_Volume/trade-finance/final_delivery/classification_training/V2_Final_Training_Data/CS/Covering_Schedule_254_page_0.png,CS
2335,/New_Volume/trade-finance/final_delivery/classification_training/V2_Final_Training_Data/CS/Covering_Schedule_246_page_1.png,CS
2336,/New_Volume/trade-finance/final_delivery/classification_training/V2_Final_Training_Data/CS/Covering_Schedule_586_page_0.png,CS
2337,/New_Volume/trade-finance/final_delivery/classification_training/V2_Final_Training_Data/CS/Covering_Schedule_754_page_1.png,CS
2338,/New_Volume/trade-finance/final_delivery/classification_training/V2_Final_Training_Data/CS/Covering_Schedule_185_page_0.png,CS
2339,/New_Volume/trade-finance/final_delivery/classification_training/V2_Final_Training_Data/CS/Covering_Schedule_394_page_2.png,CS
2340,/New_Volume/trade-finance/final_delivery/classification_training/V2_Final_Training_Data/CS/Covering_Schedule_550_page_0.png,CS
2341,/New_Volume/trade-finance/final_delivery/classification_training/V2_Final_Training_Data/CS/Covering_Schedule_260_page_0.png,CS
2342,/New_Volume/trade-finance/final_delivery/classification_training/V2_Final_Training_Data/CS/Covering_Schedule_147_page_0.png,CS
2343,/New_Volume/trade-finance/final_delivery/classification_training/V2_Final_Training_Data/CS/Covering_Schedule_699_page_0.png,CS
2344,/New_Volume/trade-finance/final_delivery/classification_training/V2_Final_Training_Data/CS/Covering_Schedule_735_page_1.png,CS
2345,/New_Volume/trade-finance/final_delivery/classification_training/V2_Final_Training_Data/CS/Covering_Schedule_321_page_1.png,CS
2346,/New_Volume/trade-finance/final_delivery/classification_training/V2_Final_Training_Data/CS/Covering_Schedule_641_page_0.png,CS
2347,/New_Volume/trade-finance/final_delivery/classification_training/V2_Final_Training_Data/CS/Covering_Schedule_241_page_0.png,CS
2348,/New_Volume/trade-finance/final_delivery/classification_training/V2_Final_Training_Data/CS/Covering_Schedule_648_page_1.png,CS
2349,/New_Volume/trade-finance/final_delivery/classification_training/V2_Final_Training_Data/CS/Covering_Schedule_320_page_1.png,CS
2350,/New_Volume/trade-finance/final_delivery/classification_training/V2_Final_Training_Data/CS/Covering_Schedule_353_page_0.png,CS
2351,/New_Volume/trade-finance/final_delivery/classification_training/V2_Final_Training_Data/CS/Covering_Schedule_745_page_1.png,CS
2352,/New_Volume/trade-finance/final_delivery/classification_training/V2_Final_Training_Data/CS/Covering_Schedule_658_page_1.png,CS
2353,/New_Volume/trade-finance/final_delivery/classification_training/V2_Final_Training_Data/CS/Covering_Schedule_561_page_1.png,CS
2354,/New_Volume/trade-finance/final_delivery/classification_training/V2_Final_Training_Data/CS/Covering_Schedule_294_page_0.png,CS
2355,/New_Volume/trade-finance/final_delivery/classification_training/V2_Final_Training_Data/CS/Covering_Schedule_289_page_1.png,CS
2356,/New_Volume/trade-finance/final_delivery/classification_training/V2_Final_Training_Data/CS/Covering_Schedule_285_page_2.png,CS
2357,/New_Volume/trade-finance/final_delivery/classification_training/V2_Final_Training_Data/CS/Covering_Schedule_157_page_1.png,CS
2358,/New_Volume/trade-finance/final_delivery/classification_training/V2_Final_Training_Data/CS/Covering_Schedule_622_page_1.png,CS
2359,/New_Volume/trade-finance/final_delivery/classification_training/V2_Final_Training_Data/CS/Covering_Schedule_352_page_0.png,CS
2360,/New_Volume/trade-finance/final_delivery/classification_training/V2_Final_Training_Data/CS/Covering_Schedule_253_page_0.png,CS
2361,/New_Volume/trade-finance/final_delivery/classification_training/V2_Final_Training_Data/CS/Covering_Schedule_148_page_1.png,CS
2362,/New_Volume/trade-finance/final_delivery/classification_training/V2_Final_Training_Data/CS/Covering_Schedule_240_page_1.png,CS
2363,/New_Volume/trade-finance/final_delivery/classification_training/V2_Final_Training_Data/CS/Covering_Schedule_281_page_10.png,CS
2364,/New_Volume/trade-finance/final_delivery/classification_training/V2_Final_Training_Data/CS/Covering_Schedule_537_page_0.png,CS
2365,/New_Volume/trade-finance/final_delivery/classification_training/V2_Final_Training_Data/CS/Covering_Schedule_257_page_0.png,CS
2366,/New_Volume/trade-finance/final_delivery/classification_training/V2_Final_Training_Data/CS/Covering_Schedule_641_page_2.png,CS
2367,/New_Volume/trade-finance/final_delivery/classification_training/V2_Final_Training_Data/CS/Covering_Schedule_471_page_0.png,CS
2368,/New_Volume/trade-finance/final_delivery/classification_training/V2_Final_Training_Data/CS/Covering_Schedule_176_page_0.png,CS
2369,/New_Volume/trade-finance/final_delivery/classification_training/V2_Final_Training_Data/CS/Covering_Schedule_677_page_6.png,CS
2370,/New_Volume/trade-finance/final_delivery/classification_training/V2_Final_Training_Data/CS/Covering_Schedule_496_page_2.png,CS
2371,/New_Volume/trade-finance/final_delivery/classification_training/V2_Final_Training_Data/CS/Covering_Schedule_647_page_0.png,CS
2372,/New_Volume/trade-finance/final_delivery/classification_training/V2_Final_Training_Data/CS/Covering_Schedule_362_page_1.png,CS
2373,/New_Volume/trade-finance/final_delivery/classification_training/V2_Final_Training_Data/CS/Covering_Schedule_218_page_0.png,CS
2374,/New_Volume/trade-finance/final_delivery/classification_training/V2_Final_Training_Data/CS/Covering_Schedule_438_page_1.png,CS
2375,/New_Volume/trade-finance/final_delivery/classification_training/V2_Final_Training_Data/CS/Covering_Schedule_450_page_0.png,CS
2376,/New_Volume/trade-finance/final_delivery/classification_training/V2_Final_Training_Data/CS/Covering_Schedule_710_page_0.png,CS
2377,/New_Volume/trade-finance/final_delivery/classification_training/V2_Final_Training_Data/CS/Covering_Schedule_485_page_1.png,CS
2378,/New_Volume/trade-finance/final_delivery/classification_training/V2_Final_Training_Data/CS/Covering_Schedule_584_page_0.png,CS
2379,/New_Volume/trade-finance/final_delivery/classification_training/V2_Final_Training_Data/CS/Covering_Schedule_151_page_0.png,CS
2380,/New_Volume/trade-finance/final_delivery/classification_training/V2_Final_Training_Data/CS/Covering_Schedule_368_page_0.png,CS
2381,/New_Volume/trade-finance/final_delivery/classification_training/V2_Final_Training_Data/CS/Covering_Schedule_442_page_0.png,CS
2382,/New_Volume/trade-finance/final_delivery/classification_training/V2_Final_Training_Data/CS/Covering_Schedule_249_page_1.png,CS
2383,/New_Volume/trade-finance/final_delivery/classification_training/V2_Final_Training_Data/CS/Covering_Schedule_513_page_1.png,CS
2384,/New_Volume/trade-finance/final_delivery/classification_training/V2_Final_Training_Data/CS/Covering_Schedule_500_page_1.png,CS
2385,/New_Volume/trade-finance/final_delivery/classification_training/V2_Final_Training_Data/CS/Covering_Schedule_765_page_4.png,CS
2386,/New_Volume/trade-finance/final_delivery/classification_training/V2_Final_Training_Data/CS/Covering_Schedule_243_page_0.png,CS
2387,/New_Volume/trade-finance/final_delivery/classification_training/V2_Final_Training_Data/CS/Covering_Schedule_704_page_0.png,CS
2388,/New_Volume/trade-finance/final_delivery/classification_training/V2_Final_Training_Data/CS/Covering_Schedule_231_page_1.png,CS
2389,/New_Volume/trade-finance/final_delivery/classification_training/V2_Final_Training_Data/CS/Covering_Schedule_418_page_0.png,CS
2390,/New_Volume/trade-finance/final_delivery/classification_training/V2_Final_Training_Data/CS/Covering_Schedule_677_page_4.png,CS
2391,/New_Volume/trade-finance/final_delivery/classification_training/V2_Final_Training_Data/CS/Covering_Schedule_322_page_7.png,CS
2392,/New_Volume/trade-finance/final_delivery/classification_training/V2_Final_Training_Data/CS/Covering_Schedule_344_page_0.png,CS
2393,/New_Volume/trade-finance/final_delivery/classification_training/V2_Final_Training_Data/CS/Covering_Schedule_535_page_0.png,CS
2394,/New_Volume/trade-finance/final_delivery/classification_training/V2_Final_Training_Data/CS/Covering_Schedule_315_page_1.png,CS
2395,/New_Volume/trade-finance/final_delivery/classification_training/V2_Final_Training_Data/CS/Covering_Schedule_264_page_0.png,CS
2396,/New_Volume/trade-finance/final_delivery/classification_training/V2_Final_Training_Data/CS/Covering_Schedule_325_page_0.png,CS
2397,/New_Volume/trade-finance/final_delivery/classification_training/V2_Final_Training_Data/CS/Covering_Schedule_208_page_0.png,CS
2398,/New_Volume/trade-finance/final_delivery/classification_training/V2_Final_Training_Data/CS/Covering_Schedule_535_page_1.png,CS
2399,/New_Volume/trade-finance/final_delivery/classification_training/V2_Final_Training_Data/CS/Covering_Schedule_381_page_0.png,CS
2400,/New_Volume/trade-finance/final_delivery/classification_training/V2_Final_Training_Data/CS/Covering_Schedule_709_page_0.png,CS
2401,/New_Volume/trade-finance/final_delivery/classification_training/V2_Final_Training_Data/CS/Covering_Schedule_136_page_0.png,CS
2402,/New_Volume/trade-finance/final_delivery/classification_training/V2_Final_Training_Data/CS/Covering_Schedule_560_page_1.png,CS
2403,/New_Volume/trade-finance/final_delivery/classification_training/V2_Final_Training_Data/CS/Covering_Schedule_640_page_0.png,CS
2404,/New_Volume/trade-finance/final_delivery/classification_training/V2_Final_Training_Data/CS/Covering_Schedule_719_page_0.png,CS
2405,/New_Volume/trade-finance/final_delivery/classification_training/V2_Final_Training_Data/CS/Covering_Schedule_309_page_0.png,CS
2406,/New_Volume/trade-finance/final_delivery/classification_training/V2_Final_Training_Data/CS/Covering_Schedule_755_page_0.png,CS
2407,/New_Volume/trade-finance/final_delivery/classification_training/V2_Final_Training_Data/CS/Covering_Schedule_363_page_0.png,CS
2408,/New_Volume/trade-finance/final_delivery/classification_training/V2_Final_Training_Data/CS/Covering_Schedule_678_page_6.png,CS
2409,/New_Volume/trade-finance/final_delivery/classification_training/V2_Final_Training_Data/CS/Covering_Schedule_764_page_1.png,CS
2410,/New_Volume/trade-finance/final_delivery/classification_training/V2_Final_Training_Data/CS/Covering_Schedule_217_page_1.png,CS
2411,/New_Volume/trade-finance/final_delivery/classification_training/V2_Final_Training_Data/CS/Covering_Schedule_759_page_1.png,CS
2412,/New_Volume/trade-finance/final_delivery/classification_training/V2_Final_Training_Data/CS/Covering_Schedule_310_page_1.png,CS
2413,/New_Volume/trade-finance/final_delivery/classification_training/V2_Final_Training_Data/CS/Covering_Schedule_439_page_0.png,CS
2414,/New_Volume/trade-finance/final_delivery/classification_training/V2_Final_Training_Data/CS/Covering_Schedule_234_page_4.png,CS
2415,/New_Volume/trade-finance/final_delivery/classification_training/V2_Final_Training_Data/CS/Covering_Schedule_732_page_1.png,CS
2416,/New_Volume/trade-finance/final_delivery/classification_training/V2_Final_Training_Data/CS/Covering_Schedule_331_page_2.png,CS
2417,/New_Volume/trade-finance/final_delivery/classification_training/V2_Final_Training_Data/CS/Covering_Schedule_304_page_1.png,CS
2418,/New_Volume/trade-finance/final_delivery/classification_training/V2_Final_Training_Data/CS/Covering_Schedule_242_page_0.png,CS
2419,/New_Volume/trade-finance/final_delivery/classification_training/V2_Final_Training_Data/CS/Covering_Schedule_199_page_0.png,CS
2420,/New_Volume/trade-finance/final_delivery/classification_training/V2_Final_Training_Data/CS/Covering_Schedule_212_page_1.png,CS
2421,/New_Volume/trade-finance/final_delivery/classification_training/V2_Final_Training_Data/CS/Covering_Schedule_500_page_0.png,CS
2422,/New_Volume/trade-finance/final_delivery/classification_training/V2_Final_Training_Data/CS/Covering_Schedule_430_page_0.png,CS
2423,/New_Volume/trade-finance/final_delivery/classification_training/V2_Final_Training_Data/CS/Covering_Schedule_158_page_0.png,CS
2424,/New_Volume/trade-finance/final_delivery/classification_training/V2_Final_Training_Data/CS/Covering_Schedule_272_page_0.png,CS
2425,/New_Volume/trade-finance/final_delivery/classification_training/V2_Final_Training_Data/CS/Covering_Schedule_202_page_0.png,CS
2426,/New_Volume/trade-finance/final_delivery/classification_training/V2_Final_Training_Data/CS/Covering_Schedule_462_page_0.png,CS
2427,/New_Volume/trade-finance/final_delivery/classification_training/V2_Final_Training_Data/CS/Covering_Schedule_680_page_0.png,CS
2428,/New_Volume/trade-finance/final_delivery/classification_training/V2_Final_Training_Data/CS/Covering_Schedule_539_page_2.png,CS
2429,/New_Volume/trade-finance/final_delivery/classification_training/V2_Final_Training_Data/CS/Covering_Schedule_604_page_0.png,CS
2430,/New_Volume/trade-finance/final_delivery/classification_training/V2_Final_Training_Data/CS/Covering_Schedule_298_page_0.png,CS
2431,/New_Volume/trade-finance/final_delivery/classification_training/V2_Final_Training_Data/CS/Covering_Schedule_216_page_1.png,CS
2432,/New_Volume/trade-finance/final_delivery/classification_training/V2_Final_Training_Data/CS/Covering_Schedule_209_page_0.png,CS
2433,/New_Volume/trade-finance/final_delivery/classification_training/V2_Final_Training_Data/CS/Covering_Schedule_170_page_0.png,CS
2434,/New_Volume/trade-finance/final_delivery/classification_training/V2_Final_Training_Data/CS/Covering_Schedule_738_page_0.png,CS
2435,/New_Volume/trade-finance/final_delivery/classification_training/V2_Final_Training_Data/CS/Covering_Schedule_295_page_1.png,CS
2436,/New_Volume/trade-finance/final_delivery/classification_training/V2_Final_Training_Data/CS/Covering_Schedule_323_page_0.png,CS
2437,/New_Volume/trade-finance/final_delivery/classification_training/V2_Final_Training_Data/CS/Covering_Schedule_273_page_0.png,CS
2438,/New_Volume/trade-finance/final_delivery/classification_training/V2_Final_Training_Data/CS/Covering_Schedule_698_page_1.png,CS
2439,/New_Volume/trade-finance/final_delivery/classification_training/V2_Final_Training_Data/CS/Covering_Schedule_256_page_0.png,CS
2440,/New_Volume/trade-finance/final_delivery/classification_training/V2_Final_Training_Data/CS/Covering_Schedule_252_page_0.png,CS
2441,/New_Volume/trade-finance/final_delivery/classification_training/V2_Final_Training_Data/CS/Covering_Schedule_137_page_0.png,CS
2442,/New_Volume/trade-finance/final_delivery/classification_training/V2_Final_Training_Data/CS/Covering_Schedule_135_page_0.png,CS
2443,/New_Volume/trade-finance/final_delivery/classification_training/V2_Final_Training_Data/CS/Covering_Schedule_162_page_1.png,CS
2444,/New_Volume/trade-finance/final_delivery/classification_training/V2_Final_Training_Data/CS/Covering_Schedule_328_page_0.png,CS
2445,/New_Volume/trade-finance/final_delivery/classification_training/V2_Final_Training_Data/CS/Covering_Schedule_190_page_0.png,CS
2446,/New_Volume/trade-finance/final_delivery/classification_training/V2_Final_Training_Data/CS/Covering_Schedule_566_page_2.png,CS
2447,/New_Volume/trade-finance/final_delivery/classification_training/V2_Final_Training_Data/CS/Covering_Schedule_488_page_0.png,CS
2448,/New_Volume/trade-finance/final_delivery/classification_training/V2_Final_Training_Data/CS/Covering_Schedule_758_page_2.png,CS
2449,/New_Volume/trade-finance/final_delivery/classification_training/V2_Final_Training_Data/CS/Covering_Schedule_309_page_1.png,CS
2450,/New_Volume/trade-finance/final_delivery/classification_training/V2_Final_Training_Data/CS/Covering_Schedule_406_page_0.png,CS
2451,/New_Volume/trade-finance/final_delivery/classification_training/V2_Final_Training_Data/CS/Covering_Schedule_673_page_1.png,CS
2452,/New_Volume/trade-finance/final_delivery/classification_training/V2_Final_Training_Data/CS/Covering_Schedule_588_page_2.png,CS
2453,/New_Volume/trade-finance/final_delivery/classification_training/V2_Final_Training_Data/CS/Covering_Schedule_558_page_0.png,CS
2454,/New_Volume/trade-finance/final_delivery/classification_training/V2_Final_Training_Data/CS/Covering_Schedule_558_page_4.png,CS
2455,/New_Volume/trade-finance/final_delivery/classification_training/V2_Final_Training_Data/CS/Covering_Schedule_144_page_3.png,CS
2456,/New_Volume/trade-finance/final_delivery/classification_training/V2_Final_Training_Data/CS/Covering_Schedule_343_page_0.png,CS
2457,/New_Volume/trade-finance/final_delivery/classification_training/V2_Final_Training_Data/CS/Covering_Schedule_757_page_2.png,CS
2458,/New_Volume/trade-finance/final_delivery/classification_training/V2_Final_Training_Data/CS/Covering_Schedule_676_page_1.png,CS
2459,/New_Volume/trade-finance/final_delivery/classification_training/V2_Final_Training_Data/CS/Covering_Schedule_459_page_0.png,CS
2460,/New_Volume/trade-finance/final_delivery/classification_training/V2_Final_Training_Data/CS/Covering_Schedule_707_page_0.png,CS
2461,/New_Volume/trade-finance/final_delivery/classification_training/V2_Final_Training_Data/CS/Covering_Schedule_412_page_0.png,CS
2462,/New_Volume/trade-finance/final_delivery/classification_training/V2_Final_Training_Data/CS/Covering_Schedule_508_page_2.png,CS
2463,/New_Volume/trade-finance/final_delivery/classification_training/V2_Final_Training_Data/CS/Covering_Schedule_735_page_0.png,CS
2464,/New_Volume/trade-finance/final_delivery/classification_training/V2_Final_Training_Data/CS/Covering_Schedule_249_page_0.png,CS
2465,/New_Volume/trade-finance/final_delivery/classification_training/V2_Final_Training_Data/CS/Covering_Schedule_160_page_3.png,CS
2466,/New_Volume/trade-finance/final_delivery/classification_training/V2_Final_Training_Data/CS/Covering_Schedule_134_page_0.png,CS
2467,/New_Volume/trade-finance/final_delivery/classification_training/V2_Final_Training_Data/CS/Covering_Schedule_235_page_0.png,CS
2468,/New_Volume/trade-finance/final_delivery/classification_training/V2_Final_Training_Data/CS/Covering_Schedule_326_page_0.png,CS
2469,/New_Volume/trade-finance/final_delivery/classification_training/V2_Final_Training_Data/CS/Covering_Schedule_767_page_3.png,CS
2470,/New_Volume/trade-finance/final_delivery/classification_training/V2_Final_Training_Data/CS/Covering_Schedule_279_page_0.png,CS
2471,/New_Volume/trade-finance/final_delivery/classification_training/V2_Final_Training_Data/CS/Covering_Schedule_494_page_8.png,CS
2472,/New_Volume/trade-finance/final_delivery/classification_training/V2_Final_Training_Data/CS/Covering_Schedule_679_page_0.png,CS
2473,/New_Volume/trade-finance/final_delivery/classification_training/V2_Final_Training_Data/CS/Covering_Schedule_543_page_1.png,CS
2474,/New_Volume/trade-finance/final_delivery/classification_training/V2_Final_Training_Data/CS/Covering_Schedule_276_page_1.png,CS
2475,/New_Volume/trade-finance/final_delivery/classification_training/V2_Final_Training_Data/CS/Covering_Schedule_132_page_1.png,CS
2476,/New_Volume/trade-finance/final_delivery/classification_training/V2_Final_Training_Data/CS/Covering_Schedule_357_page_1.png,CS
2477,/New_Volume/trade-finance/final_delivery/classification_training/V2_Final_Training_Data/CS/Covering_Schedule_544_page_0.png,CS
2478,/New_Volume/trade-finance/final_delivery/classification_training/V2_Final_Training_Data/CS/Covering_Schedule_423_page_0.png,CS
2479,/New_Volume/trade-finance/final_delivery/classification_training/V2_Final_Training_Data/CS/Covering_Schedule_696_page_0.png,CS
2480,/New_Volume/trade-finance/final_delivery/classification_training/V2_Final_Training_Data/CS/Covering_Schedule_769_page_0.png,CS
2481,/New_Volume/trade-finance/final_delivery/classification_training/V2_Final_Training_Data/CS/Covering_Schedule_762_page_1.png,CS
2482,/New_Volume/trade-finance/final_delivery/classification_training/V2_Final_Training_Data/CS/Covering_Schedule_261_page_1.png,CS
2483,/New_Volume/trade-finance/final_delivery/classification_training/V2_Final_Training_Data/CS/Covering_Schedule_153_page_0.png,CS
2484,/New_Volume/trade-finance/final_delivery/classification_training/V2_Final_Training_Data/CS/Covering_Schedule_194_page_0.png,CS
2485,/New_Volume/trade-finance/final_delivery/classification_training/V2_Final_Training_Data/CS/Covering_Schedule_210_page_0.png,CS
2486,/New_Volume/trade-finance/final_delivery/classification_training/V2_Final_Training_Data/CS/Covering_Schedule_426_page_11.png,CS
2487,/New_Volume/trade-finance/final_delivery/classification_training/V2_Final_Training_Data/CS/Covering_Schedule_504_page_0.png,CS
2488,/New_Volume/trade-finance/final_delivery/classification_training/V2_Final_Training_Data/CS/Covering_Schedule_724_page_0.png,CS
2489,/New_Volume/trade-finance/final_delivery/classification_training/V2_Final_Training_Data/CS/Covering_Schedule_360_page_1.png,CS
2490,/New_Volume/trade-finance/final_delivery/classification_training/V2_Final_Training_Data/CS/Covering_Schedule_177_page_1.png,CS
2491,/New_Volume/trade-finance/final_delivery/classification_training/V2_Final_Training_Data/CS/Covering_Schedule_165_page_1.png,CS
2492,/New_Volume/trade-finance/final_delivery/classification_training/V2_Final_Training_Data/CS/Covering_Schedule_205_page_0.png,CS
2493,/New_Volume/trade-finance/final_delivery/classification_training/V2_Final_Training_Data/CS/Covering_Schedule_571_page_4.png,CS
2494,/New_Volume/trade-finance/final_delivery/classification_training/V2_Final_Training_Data/CS/Covering_Schedule_749_page_0.png,CS
2495,/New_Volume/trade-finance/final_delivery/classification_training/V2_Final_Training_Data/CS/Covering_Schedule_509_page_1.png,CS
2496,/New_Volume/trade-finance/final_delivery/classification_training/V2_Final_Training_Data/CS/Covering_Schedule_281_page_0.png,CS
2497,/New_Volume/trade-finance/final_delivery/classification_training/V2_Final_Training_Data/CS/Covering_Schedule_681_page_1.png,CS
2498,/New_Volume/trade-finance/final_delivery/classification_training/V2_Final_Training_Data/CS/Covering_Schedule_197_page_0.png,CS
2499,/New_Volume/trade-finance/final_delivery/classification_training/V2_Final_Training_Data/CS/Covering_Schedule_155_page_1.png,CS
2500,/New_Volume/trade-finance/final_delivery/classification_training/V2_Final_Training_Data/CS/Covering_Schedule_522_page_1.png,CS
2501,/New_Volume/trade-finance/final_delivery/classification_training/V2_Final_Training_Data/CS/Covering_Schedule_713_page_0.png,CS
2502,/New_Volume/trade-finance/final_delivery/classification_training/V2_Final_Training_Data/CS/Covering_Schedule_356_page_1.png,CS
2503,/New_Volume/trade-finance/final_delivery/classification_training/V2_Final_Training_Data/CS/Covering_Schedule_215_page_0.png,CS
2504,/New_Volume/trade-finance/final_delivery/classification_training/V2_Final_Training_Data/CS/Covering_Schedule_295_page_2.png,CS
2505,/New_Volume/trade-finance/final_delivery/classification_training/V2_Final_Training_Data/CS/Covering_Schedule_577_page_0.png,CS
2506,/New_Volume/trade-finance/final_delivery/classification_training/V2_Final_Training_Data/CS/Covering_Schedule_531_page_2.png,CS
2507,/New_Volume/trade-finance/final_delivery/classification_training/V2_Final_Training_Data/CS/Covering_Schedule_498_page_1.png,CS
2508,/New_Volume/trade-finance/final_delivery/classification_training/V2_Final_Training_Data/CS/Covering_Schedule_574_page_0.png,CS
2509,/New_Volume/trade-finance/final_delivery/classification_training/V2_Final_Training_Data/CS/Covering_Schedule_144_page_0.png,CS
2510,/New_Volume/trade-finance/final_delivery/classification_training/V2_Final_Training_Data/CS/Covering_Schedule_665_page_2.png,CS
2511,/New_Volume/trade-finance/final_delivery/classification_training/V2_Final_Training_Data/CS/Covering_Schedule_766_page_0.png,CS
2512,/New_Volume/trade-finance/final_delivery/classification_training/V2_Final_Training_Data/CS/Covering_Schedule_433_page_8.png,CS
2513,/New_Volume/trade-finance/final_delivery/classification_training/V2_Final_Training_Data/CS/Covering_Schedule_193_page_1.png,CS
2514,/New_Volume/trade-finance/final_delivery/classification_training/V2_Final_Training_Data/CS/Covering_Schedule_382_page_0.png,CS
2515,/New_Volume/trade-finance/final_delivery/classification_training/V2_Final_Training_Data/CS/Covering_Schedule_303_page_0.png,CS
2516,/New_Volume/trade-finance/final_delivery/classification_training/V2_Final_Training_Data/CS/Covering_Schedule_222_page_1.png,CS
2517,/New_Volume/trade-finance/final_delivery/classification_training/V2_Final_Training_Data/CS/Covering_Schedule_200_page_1.png,CS
2518,/New_Volume/trade-finance/final_delivery/classification_training/V2_Final_Training_Data/CS/Covering_Schedule_722_page_0.png,CS
2519,/New_Volume/trade-finance/final_delivery/classification_training/V2_Final_Training_Data/CS/Covering_Schedule_690_page_0.png,CS
2520,/New_Volume/trade-finance/final_delivery/classification_training/V2_Final_Training_Data/CS/Covering_Schedule_658_page_0.png,CS
2521,/New_Volume/trade-finance/final_delivery/classification_training/V2_Final_Training_Data/CS/Covering_Schedule_616_page_0.png,CS
2522,/New_Volume/trade-finance/final_delivery/classification_training/V2_Final_Training_Data/CS/Covering_Schedule_564_page_0.png,CS
2523,/New_Volume/trade-finance/final_delivery/classification_training/V2_Final_Training_Data/CS/Covering_Schedule_495_page_0.png,CS
2524,/New_Volume/trade-finance/final_delivery/classification_training/V2_Final_Training_Data/CS/Covering_Schedule_562_page_0.png,CS
2525,/New_Volume/trade-finance/final_delivery/classification_training/V2_Final_Training_Data/CS/Covering_Schedule_571_page_2.png,CS
2526,/New_Volume/trade-finance/final_delivery/classification_training/V2_Final_Training_Data/CS/Covering_Schedule_194_page_1.png,CS
2527,/New_Volume/trade-finance/final_delivery/classification_training/V2_Final_Training_Data/CS/Covering_Schedule_744_page_0.png,CS
2528,/New_Volume/trade-finance/final_delivery/classification_training/V2_Final_Training_Data/CS/Covering_Schedule_538_page_0.png,CS
2529,/New_Volume/trade-finance/final_delivery/classification_training/V2_Final_Training_Data/CS/Covering_Schedule_659_page_2.png,CS
2530,/New_Volume/trade-finance/final_delivery/classification_training/V2_Final_Training_Data/CS/Covering_Schedule_296_page_1.png,CS
2531,/New_Volume/trade-finance/final_delivery/classification_training/V2_Final_Training_Data/CS/Covering_Schedule_565_page_4.png,CS
2532,/New_Volume/trade-finance/final_delivery/classification_training/V2_Final_Training_Data/CS/Covering_Schedule_760_page_0.png,CS
2533,/New_Volume/trade-finance/final_delivery/classification_training/V2_Final_Training_Data/CS/Covering_Schedule_250_page_0.png,CS
2534,/New_Volume/trade-finance/final_delivery/classification_training/V2_Final_Training_Data/CS/Covering_Schedule_596_page_0.png,CS
2535,/New_Volume/trade-finance/final_delivery/classification_training/V2_Final_Training_Data/CS/Covering_Schedule_390_page_0.png,CS
2536,/New_Volume/trade-finance/final_delivery/classification_training/V2_Final_Training_Data/CS/Covering_Schedule_272_page_3.png,CS
2537,/New_Volume/trade-finance/final_delivery/classification_training/V2_Final_Training_Data/CS/Covering_Schedule_679_page_3.png,CS
2538,/New_Volume/trade-finance/final_delivery/classification_training/V2_Final_Training_Data/CS/Covering_Schedule_708_page_1.png,CS
2539,/New_Volume/trade-finance/final_delivery/classification_training/V2_Final_Training_Data/CS/Covering_Schedule_312_page_0.png,CS
2540,/New_Volume/trade-finance/final_delivery/classification_training/V2_Final_Training_Data/CS/Covering_Schedule_339_page_0.png,CS
2541,/New_Volume/trade-finance/final_delivery/classification_training/V2_Final_Training_Data/CS/Covering_Schedule_739_page_0.png,CS
2542,/New_Volume/trade-finance/final_delivery/classification_training/V2_Final_Training_Data/CS/Covering_Schedule_554_page_1.png,CS
2543,/New_Volume/trade-finance/final_delivery/classification_training/V2_Final_Training_Data/CS/Covering_Schedule_497_page_0.png,CS
2544,/New_Volume/trade-finance/final_delivery/classification_training/V2_Final_Training_Data/CS/Covering_Schedule_675_page_1.png,CS
2545,/New_Volume/trade-finance/final_delivery/classification_training/V2_Final_Training_Data/CS/Covering_Schedule_307_page_0.png,CS
2546,/New_Volume/trade-finance/final_delivery/classification_training/V2_Final_Training_Data/CS/Covering_Schedule_366_page_1.png,CS
2547,/New_Volume/trade-finance/final_delivery/classification_training/V2_Final_Training_Data/CS/Covering_Schedule_632_page_1.png,CS
2548,/New_Volume/trade-finance/final_delivery/classification_training/V2_Final_Training_Data/CS/Covering_Schedule_203_page_1.png,CS
2549,/New_Volume/trade-finance/final_delivery/classification_training/V2_Final_Training_Data/CS/Covering_Schedule_333_page_1.png,CS
2550,/New_Volume/trade-finance/final_delivery/classification_training/V2_Final_Training_Data/CS/Covering_Schedule_347_page_1.png,CS
2551,/New_Volume/trade-finance/final_delivery/classification_training/V2_Final_Training_Data/CS/Covering_Schedule_225_page_1.png,CS
2552,/New_Volume/trade-finance/final_delivery/classification_training/V2_Final_Training_Data/CS/Covering_Schedule_646_page_0.png,CS
2553,/New_Volume/trade-finance/final_delivery/classification_training/V2_Final_Training_Data/CS/Covering_Schedule_492_page_1.png,CS
2554,/New_Volume/trade-finance/final_delivery/classification_training/V2_Final_Training_Data/CS/Covering_Schedule_552_page_0.png,CS
2555,/New_Volume/trade-finance/final_delivery/classification_training/V2_Final_Training_Data/CS/Covering_Schedule_586_page_3.png,CS
2556,/New_Volume/trade-finance/final_delivery/classification_training/V2_Final_Training_Data/CS/Covering_Schedule_499_page_1.png,CS
2557,/New_Volume/trade-finance/final_delivery/classification_training/V2_Final_Training_Data/CS/Covering_Schedule_297_page_1.png,CS
2558,/New_Volume/trade-finance/final_delivery/classification_training/V2_Final_Training_Data/CS/Covering_Schedule_331_page_1.png,CS
2559,/New_Volume/trade-finance/final_delivery/classification_training/V2_Final_Training_Data/CS/Covering_Schedule_740_page_0.png,CS
2560,/New_Volume/trade-finance/final_delivery/classification_training/V2_Final_Training_Data/CS/Covering_Schedule_262_page_0.png,CS
2561,/New_Volume/trade-finance/final_delivery/classification_training/V2_Final_Training_Data/CS/Covering_Schedule_698_page_0.png,CS
2562,/New_Volume/trade-finance/final_delivery/classification_training/V2_Final_Training_Data/CS/Covering_Schedule_665_page_0.png,CS
2563,/New_Volume/trade-finance/final_delivery/classification_training/V2_Final_Training_Data/CS/Covering_Schedule_311_page_1.png,CS
2564,/New_Volume/trade-finance/final_delivery/classification_training/V2_Final_Training_Data/CS/Covering_Schedule_482_page_0.png,CS
2565,/New_Volume/trade-finance/final_delivery/classification_training/V2_Final_Training_Data/CS/Covering_Schedule_388_page_1.png,CS
2566,/New_Volume/trade-finance/final_delivery/classification_training/V2_Final_Training_Data/CS/Covering_Schedule_211_page_0.png,CS
2567,/New_Volume/trade-finance/final_delivery/classification_training/V2_Final_Training_Data/CS/Covering_Schedule_169_page_3.png,CS
2568,/New_Volume/trade-finance/final_delivery/classification_training/V2_Final_Training_Data/CS/Covering_Schedule_714_page_0.png,CS
2569,/New_Volume/trade-finance/final_delivery/classification_training/V2_Final_Training_Data/CS/Covering_Schedule_365_page_0.png,CS
2570,/New_Volume/trade-finance/final_delivery/classification_training/V2_Final_Training_Data/CS/Covering_Schedule_236_page_1.png,CS
2571,/New_Volume/trade-finance/final_delivery/classification_training/V2_Final_Training_Data/CS/Covering_Schedule_679_page_2.png,CS
2572,/New_Volume/trade-finance/final_delivery/classification_training/V2_Final_Training_Data/CS/Covering_Schedule_570_page_0.png,CS
2573,/New_Volume/trade-finance/final_delivery/classification_training/V2_Final_Training_Data/CS/Covering_Schedule_299_page_1.png,CS
2574,/New_Volume/trade-finance/final_delivery/classification_training/V2_Final_Training_Data/CS/Covering_Schedule_511_page_2.png,CS
2575,/New_Volume/trade-finance/final_delivery/classification_training/V2_Final_Training_Data/CS/Covering_Schedule_272_page_2.png,CS
2576,/New_Volume/trade-finance/final_delivery/classification_training/V2_Final_Training_Data/CS/Covering_Schedule_201_page_0.png,CS
2577,/New_Volume/trade-finance/final_delivery/classification_training/V2_Final_Training_Data/CS/Covering_Schedule_300_page_0.png,CS
2578,/New_Volume/trade-finance/final_delivery/classification_training/V2_Final_Training_Data/CS/Covering_Schedule_221_page_1.png,CS
2579,/New_Volume/trade-finance/final_delivery/classification_training/V2_Final_Training_Data/CS/Covering_Schedule_589_page_0.png,CS
2580,/New_Volume/trade-finance/final_delivery/classification_training/V2_Final_Training_Data/CS/Covering_Schedule_499_page_0.png,CS
2581,/New_Volume/trade-finance/final_delivery/classification_training/V2_Final_Training_Data/CS/Covering_Schedule_672_page_0.png,CS
2582,/New_Volume/trade-finance/final_delivery/classification_training/V2_Final_Training_Data/CS/Covering_Schedule_587_page_2.png,CS
2583,/New_Volume/trade-finance/final_delivery/classification_training/V2_Final_Training_Data/CS/Covering_Schedule_746_page_1.png,CS
2584,/New_Volume/trade-finance/final_delivery/classification_training/V2_Final_Training_Data/CS/Covering_Schedule_579_page_1.png,CS
2585,/New_Volume/trade-finance/final_delivery/classification_training/V2_Final_Training_Data/CS/Covering_Schedule_293_page_0.png,CS
2586,/New_Volume/trade-finance/final_delivery/classification_training/V2_Final_Training_Data/CS/Covering_Schedule_491_page_0.png,CS
2587,/New_Volume/trade-finance/final_delivery/classification_training/V2_Final_Training_Data/CS/Covering_Schedule_594_page_0.png,CS
2588,/New_Volume/trade-finance/final_delivery/classification_training/V2_Final_Training_Data/CS/Covering_Schedule_650_page_0.png,CS
2589,/New_Volume/trade-finance/final_delivery/classification_training/V2_Final_Training_Data/CS/Covering_Schedule_440_page_0.png,CS
2590,/New_Volume/trade-finance/final_delivery/classification_training/V2_Final_Training_Data/CS/Covering_Schedule_729_page_1.png,CS
2591,/New_Volume/trade-finance/final_delivery/classification_training/V2_Final_Training_Data/CS/Covering_Schedule_628_page_0.png,CS
2592,/New_Volume/trade-finance/final_delivery/classification_training/V2_Final_Training_Data/CS/Covering_Schedule_213_page_0.png,CS
2593,/New_Volume/trade-finance/final_delivery/classification_training/V2_Final_Training_Data/CS/Covering_Schedule_364_page_2.png,CS
2594,/New_Volume/trade-finance/final_delivery/classification_training/V2_Final_Training_Data/CS/Covering_Schedule_317_page_1.png,CS
2595,/New_Volume/trade-finance/final_delivery/classification_training/V2_Final_Training_Data/CS/Covering_Schedule_563_page_0.png,CS
2596,/New_Volume/trade-finance/final_delivery/classification_training/V2_Final_Training_Data/CS/Covering_Schedule_139_page_2.png,CS
2597,/New_Volume/trade-finance/final_delivery/classification_training/V2_Final_Training_Data/CS/Covering_Schedule_573_page_1.png,CS
2598,/New_Volume/trade-finance/final_delivery/classification_training/V2_Final_Training_Data/CS/Covering_Schedule_634_page_1.png,CS
2599,/New_Volume/trade-finance/final_delivery/classification_training/V2_Final_Training_Data/CS/Covering_Schedule_560_page_0.png,CS
2600,/New_Volume/trade-finance/final_delivery/classification_training/V2_Final_Training_Data/CS/Covering_Schedule_527_page_1.png,CS
2601,/New_Volume/trade-finance/final_delivery/classification_training/V2_Final_Training_Data/CS/Covering_Schedule_457_page_0.png,CS
2602,/New_Volume/trade-finance/final_delivery/classification_training/V2_Final_Training_Data/CS/Covering_Schedule_133_page_0.png,CS
2603,/New_Volume/trade-finance/final_delivery/classification_training/V2_Final_Training_Data/CS/Covering_Schedule_624_page_1.png,CS
2604,/New_Volume/trade-finance/final_delivery/classification_training/V2_Final_Training_Data/CS/Covering_Schedule_403_page_0.png,CS
2605,/New_Volume/trade-finance/final_delivery/classification_training/V2_Final_Training_Data/CS/Covering_Schedule_199_page_1.png,CS
2606,/New_Volume/trade-finance/final_delivery/classification_training/V2_Final_Training_Data/CS/Covering_Schedule_424_page_1.png,CS
2607,/New_Volume/trade-finance/final_delivery/classification_training/V2_Final_Training_Data/CS/Covering_Schedule_515_page_0.png,CS
2608,/New_Volume/trade-finance/final_delivery/classification_training/V2_Final_Training_Data/CS/Covering_Schedule_169_page_0.png,CS
2609,/New_Volume/trade-finance/final_delivery/classification_training/V2_Final_Training_Data/CS/Covering_Schedule_407_page_1.png,CS
2610,/New_Volume/trade-finance/final_delivery/classification_training/V2_Final_Training_Data/CS/Covering_Schedule_173_page_0.png,CS
2611,/New_Volume/trade-finance/final_delivery/classification_training/V2_Final_Training_Data/CS/Covering_Schedule_620_page_1.png,CS
2612,/New_Volume/trade-finance/final_delivery/classification_training/V2_Final_Training_Data/CS/Covering_Schedule_767_page_0.png,CS
2613,/New_Volume/trade-finance/final_delivery/classification_training/V2_Final_Training_Data/CS/Covering_Schedule_231_page_0.png,CS
2614,/New_Volume/trade-finance/final_delivery/classification_training/V2_Final_Training_Data/CS/Covering_Schedule_308_page_2.png,CS
2615,/New_Volume/trade-finance/final_delivery/classification_training/V2_Final_Training_Data/CS/Covering_Schedule_355_page_0.png,CS
2616,/New_Volume/trade-finance/final_delivery/classification_training/V2_Final_Training_Data/CS/Covering_Schedule_579_page_2.png,CS
2617,/New_Volume/trade-finance/final_delivery/classification_training/V2_Final_Training_Data/CS/Covering_Schedule_539_page_0.png,CS
2618,/New_Volume/trade-finance/final_delivery/classification_training/V2_Final_Training_Data/CS/Covering_Schedule_340_page_0.png,CS
2619,/New_Volume/trade-finance/final_delivery/classification_training/V2_Final_Training_Data/CS/Covering_Schedule_533_page_0.png,CS
2620,/New_Volume/trade-finance/final_delivery/classification_training/V2_Final_Training_Data/CS/Covering_Schedule_689_page_0.png,CS
2621,/New_Volume/trade-finance/final_delivery/classification_training/V2_Final_Training_Data/CS/Covering_Schedule_338_page_0.png,CS
2622,/New_Volume/trade-finance/final_delivery/classification_training/V2_Final_Training_Data/CS/Covering_Schedule_198_page_1.png,CS
2623,/New_Volume/trade-finance/final_delivery/classification_training/V2_Final_Training_Data/CS/Covering_Schedule_474_page_0.png,CS
2624,/New_Volume/trade-finance/final_delivery/classification_training/V2_Final_Training_Data/CS/Covering_Schedule_676_page_0.png,CS
2625,/New_Volume/trade-finance/final_delivery/classification_training/V2_Final_Training_Data/CS/Covering_Schedule_592_page_0.png,CS
2626,/New_Volume/trade-finance/final_delivery/classification_training/V2_Final_Training_Data/CS/Covering_Schedule_346_page_0.png,CS
2627,/New_Volume/trade-finance/final_delivery/classification_training/V2_Final_Training_Data/CS/Covering_Schedule_336_page_0.png,CS
2628,/New_Volume/trade-finance/final_delivery/classification_training/V2_Final_Training_Data/CS/Covering_Schedule_502_page_1.png,CS
2629,/New_Volume/trade-finance/final_delivery/classification_training/V2_Final_Training_Data/CS/Covering_Schedule_662_page_0.png,CS
2630,/New_Volume/trade-finance/final_delivery/classification_training/V2_Final_Training_Data/CS/Covering_Schedule_301_page_5.png,CS
2631,/New_Volume/trade-finance/final_delivery/classification_training/V2_Final_Training_Data/CS/Covering_Schedule_666_page_1.png,CS
2632,/New_Volume/trade-finance/final_delivery/classification_training/V2_Final_Training_Data/CS/Covering_Schedule_712_page_0.png,CS
2633,/New_Volume/trade-finance/final_delivery/classification_training/V2_Final_Training_Data/CS/Covering_Schedule_664_page_0.png,CS
2634,/New_Volume/trade-finance/final_delivery/classification_training/V2_Final_Training_Data/CS/Covering_Schedule_284_page_0.png,CS
2635,/New_Volume/trade-finance/final_delivery/classification_training/V2_Final_Training_Data/CS/Covering_Schedule_641_page_1.png,CS
2636,/New_Volume/trade-finance/final_delivery/classification_training/V2_Final_Training_Data/CS/Covering_Schedule_612_page_0.png,CS
2637,/New_Volume/trade-finance/final_delivery/classification_training/V2_Final_Training_Data/CS/Covering_Schedule_525_page_0.png,CS
2638,/New_Volume/trade-finance/final_delivery/classification_training/V2_Final_Training_Data/CS/Covering_Schedule_644_page_0.png,CS
2639,/New_Volume/trade-finance/final_delivery/classification_training/V2_Final_Training_Data/BGCANCELLATION/Cancellation_Request_Letter_470_1.png,BGCANCELLATION
2640,/New_Volume/trade-finance/final_delivery/classification_training/V2_Final_Training_Data/BGCANCELLATION/Cancellation_Request_Letter_254_1.png,BGCANCELLATION
2641,/New_Volume/trade-finance/final_delivery/classification_training/V2_Final_Training_Data/BGCANCELLATION/Cancellation_Request_Letter_356_1.png,BGCANCELLATION
2642,/New_Volume/trade-finance/final_delivery/classification_training/V2_Final_Training_Data/BGCANCELLATION/Cancellation_Request_Letter_432_0.png,BGCANCELLATION
2643,/New_Volume/trade-finance/final_delivery/classification_training/V2_Final_Training_Data/BGCANCELLATION/Cancellation_Request_Letter_303_1.png,BGCANCELLATION
2644,/New_Volume/trade-finance/final_delivery/classification_training/V2_Final_Training_Data/BGCANCELLATION/Cancellation_Request_Letter_264_1.png,BGCANCELLATION
2645,/New_Volume/trade-finance/final_delivery/classification_training/V2_Final_Training_Data/BGCANCELLATION/Cancellation_Request_Letter_178_1.png,BGCANCELLATION
2646,/New_Volume/trade-finance/final_delivery/classification_training/V2_Final_Training_Data/BGCANCELLATION/Cancellation_Request_Letter_372_2.png,BGCANCELLATION
2647,/New_Volume/trade-finance/final_delivery/classification_training/V2_Final_Training_Data/BGCANCELLATION/Cancellation_Request_Letter_308_1.png,BGCANCELLATION
2648,/New_Volume/trade-finance/final_delivery/classification_training/V2_Final_Training_Data/BGCANCELLATION/Cancellation_Request_Letter_333_2.png,BGCANCELLATION
2649,/New_Volume/trade-finance/final_delivery/classification_training/V2_Final_Training_Data/BGCANCELLATION/Cancellation_Request_Letter_388_1.png,BGCANCELLATION
2650,/New_Volume/trade-finance/final_delivery/classification_training/V2_Final_Training_Data/BGCANCELLATION/Cancellation_Request_Letter_227_1.png,BGCANCELLATION
2651,/New_Volume/trade-finance/final_delivery/classification_training/V2_Final_Training_Data/BGCANCELLATION/Cancellation_Request_Letter_278_1.png,BGCANCELLATION
2652,/New_Volume/trade-finance/final_delivery/classification_training/V2_Final_Training_Data/BGCANCELLATION/Cancellation_Request_Letter_134_1.png,BGCANCELLATION
2653,/New_Volume/trade-finance/final_delivery/classification_training/V2_Final_Training_Data/BGCANCELLATION/Cancellation_Request_Letter_262_1.png,BGCANCELLATION
2654,/New_Volume/trade-finance/final_delivery/classification_training/V2_Final_Training_Data/BGCANCELLATION/Cancellation_Request_Letter_333_1.png,BGCANCELLATION
2655,/New_Volume/trade-finance/final_delivery/classification_training/V2_Final_Training_Data/BGCANCELLATION/Cancellation_Request_Letter_175_1.png,BGCANCELLATION
2656,/New_Volume/trade-finance/final_delivery/classification_training/V2_Final_Training_Data/BGCANCELLATION/Cancellation_Request_Letter_190_1.png,BGCANCELLATION
2657,/New_Volume/trade-finance/final_delivery/classification_training/V2_Final_Training_Data/BGCANCELLATION/Cancellation_Request_Letter_335_1.png,BGCANCELLATION
2658,/New_Volume/trade-finance/final_delivery/classification_training/V2_Final_Training_Data/BGCANCELLATION/Cancellation_Request_Letter_292_0.png,BGCANCELLATION
2659,/New_Volume/trade-finance/final_delivery/classification_training/V2_Final_Training_Data/BGCANCELLATION/Cancellation_Request_Letter_211_3.png,BGCANCELLATION
2660,/New_Volume/trade-finance/final_delivery/classification_training/V2_Final_Training_Data/BGCANCELLATION/Cancellation_Request_Letter_341_1.png,BGCANCELLATION
2661,/New_Volume/trade-finance/final_delivery/classification_training/V2_Final_Training_Data/BGCANCELLATION/Cancellation_Request_Letter_185_1.png,BGCANCELLATION
2662,/New_Volume/trade-finance/final_delivery/classification_training/V2_Final_Training_Data/BGCANCELLATION/Cancellation_Request_Letter_269_1.png,BGCANCELLATION
2663,/New_Volume/trade-finance/final_delivery/classification_training/V2_Final_Training_Data/BGCANCELLATION/Cancellation_Request_Letter_322_1.png,BGCANCELLATION
2664,/New_Volume/trade-finance/final_delivery/classification_training/V2_Final_Training_Data/BGCANCELLATION/Cancellation_Request_Letter_224_1.png,BGCANCELLATION
2665,/New_Volume/trade-finance/final_delivery/classification_training/V2_Final_Training_Data/BGCANCELLATION/Cancellation_Request_Letter_479_1.png,BGCANCELLATION
2666,/New_Volume/trade-finance/final_delivery/classification_training/V2_Final_Training_Data/BGCANCELLATION/Cancellation_Request_Letter_496_1.png,BGCANCELLATION
2667,/New_Volume/trade-finance/final_delivery/classification_training/V2_Final_Training_Data/BGCANCELLATION/Cancellation_Request_Letter_371_1.png,BGCANCELLATION
2668,/New_Volume/trade-finance/final_delivery/classification_training/V2_Final_Training_Data/BGCANCELLATION/Cancellation_Request_Letter_343_0.png,BGCANCELLATION
2669,/New_Volume/trade-finance/final_delivery/classification_training/V2_Final_Training_Data/BGCANCELLATION/Cancellation_Request_Letter_276_1.png,BGCANCELLATION
2670,/New_Volume/trade-finance/final_delivery/classification_training/V2_Final_Training_Data/BGCANCELLATION/Cancellation_Request_Letter_174_1.png,BGCANCELLATION
2671,/New_Volume/trade-finance/final_delivery/classification_training/V2_Final_Training_Data/BGCANCELLATION/Cancellation_Request_Letter_189_1.png,BGCANCELLATION
2672,/New_Volume/trade-finance/final_delivery/classification_training/V2_Final_Training_Data/BGCANCELLATION/Cancellation_Request_Letter_427_1.png,BGCANCELLATION
2673,/New_Volume/trade-finance/final_delivery/classification_training/V2_Final_Training_Data/BGCANCELLATION/Cancellation_Request_Letter_362_1.png,BGCANCELLATION
2674,/New_Volume/trade-finance/final_delivery/classification_training/V2_Final_Training_Data/BGCANCELLATION/Cancellation_Request_Letter_494_2.png,BGCANCELLATION
2675,/New_Volume/trade-finance/final_delivery/classification_training/V2_Final_Training_Data/BGCANCELLATION/Cancellation_Request_Letter_449_1.png,BGCANCELLATION
2676,/New_Volume/trade-finance/final_delivery/classification_training/V2_Final_Training_Data/BGCANCELLATION/Cancellation_Request_Letter_497_1.png,BGCANCELLATION
2677,/New_Volume/trade-finance/final_delivery/classification_training/V2_Final_Training_Data/BGCANCELLATION/Cancellation_Request_Letter_312_1.png,BGCANCELLATION
2678,/New_Volume/trade-finance/final_delivery/classification_training/V2_Final_Training_Data/BGCANCELLATION/Cancellation_Request_Letter_148_2.png,BGCANCELLATION
2679,/New_Volume/trade-finance/final_delivery/classification_training/V2_Final_Training_Data/BGCANCELLATION/Cancellation_Request_Letter_246_1.png,BGCANCELLATION
2680,/New_Volume/trade-finance/final_delivery/classification_training/V2_Final_Training_Data/BGCANCELLATION/Cancellation_Request_Letter_453_1.png,BGCANCELLATION
2681,/New_Volume/trade-finance/final_delivery/classification_training/V2_Final_Training_Data/BGCANCELLATION/Cancellation_Request_Letter_495_1.png,BGCANCELLATION
2682,/New_Volume/trade-finance/final_delivery/classification_training/V2_Final_Training_Data/BGCANCELLATION/Cancellation_Request_Letter_230_1.png,BGCANCELLATION
2683,/New_Volume/trade-finance/final_delivery/classification_training/V2_Final_Training_Data/BGCANCELLATION/Cancellation_Request_Letter_487_1.png,BGCANCELLATION
2684,/New_Volume/trade-finance/final_delivery/classification_training/V2_Final_Training_Data/BGCANCELLATION/Cancellation_Request_Letter_302_1.png,BGCANCELLATION
2685,/New_Volume/trade-finance/final_delivery/classification_training/V2_Final_Training_Data/BGCANCELLATION/Cancellation_Request_Letter_170_1.png,BGCANCELLATION
2686,/New_Volume/trade-finance/final_delivery/classification_training/V2_Final_Training_Data/BGCANCELLATION/Cancellation_Request_Letter_327_2.png,BGCANCELLATION
2687,/New_Volume/trade-finance/final_delivery/classification_training/V2_Final_Training_Data/BGCANCELLATION/Cancellation_Request_Letter_214_1.png,BGCANCELLATION
2688,/New_Volume/trade-finance/final_delivery/classification_training/V2_Final_Training_Data/BGCANCELLATION/Cancellation_Request_Letter_271_1.png,BGCANCELLATION
2689,/New_Volume/trade-finance/final_delivery/classification_training/V2_Final_Training_Data/BGCANCELLATION/Cancellation_Request_Letter_157_1.png,BGCANCELLATION
2690,/New_Volume/trade-finance/final_delivery/classification_training/V2_Final_Training_Data/BGCANCELLATION/Cancellation_Request_Letter_375_1.png,BGCANCELLATION
2691,/New_Volume/trade-finance/final_delivery/classification_training/V2_Final_Training_Data/BGCANCELLATION/Cancellation_Request_Letter_218_2.png,BGCANCELLATION
2692,/New_Volume/trade-finance/final_delivery/classification_training/V2_Final_Training_Data/BGCANCELLATION/Cancellation_Request_Letter_284_0.png,BGCANCELLATION
2693,/New_Volume/trade-finance/final_delivery/classification_training/V2_Final_Training_Data/BGCANCELLATION/Cancellation_Request_Letter_321_0.png,BGCANCELLATION
2694,/New_Volume/trade-finance/final_delivery/classification_training/V2_Final_Training_Data/BGCANCELLATION/Cancellation_Request_Letter_305_1.png,BGCANCELLATION
2695,/New_Volume/trade-finance/final_delivery/classification_training/V2_Final_Training_Data/BGCANCELLATION/Cancellation_Request_Letter_258_1.png,BGCANCELLATION
2696,/New_Volume/trade-finance/final_delivery/classification_training/V2_Final_Training_Data/BGCANCELLATION/Cancellation_Request_Letter_155_1.png,BGCANCELLATION
2697,/New_Volume/trade-finance/final_delivery/classification_training/V2_Final_Training_Data/BGCANCELLATION/Cancellation_Request_Letter_348_1.png,BGCANCELLATION
2698,/New_Volume/trade-finance/final_delivery/classification_training/V2_Final_Training_Data/BGCANCELLATION/Cancellation_Request_Letter_285_1.png,BGCANCELLATION
2699,/New_Volume/trade-finance/final_delivery/classification_training/V2_Final_Training_Data/BGCANCELLATION/Cancellation_Request_Letter_353_1.png,BGCANCELLATION
2700,/New_Volume/trade-finance/final_delivery/classification_training/V2_Final_Training_Data/BGCANCELLATION/Cancellation_Request_Letter_188_2.png,BGCANCELLATION
2701,/New_Volume/trade-finance/final_delivery/classification_training/V2_Final_Training_Data/BGCANCELLATION/Cancellation_Request_Letter_381_1.png,BGCANCELLATION
2702,/New_Volume/trade-finance/final_delivery/classification_training/V2_Final_Training_Data/BGCANCELLATION/Cancellation_Request_Letter_150_1.png,BGCANCELLATION
2703,/New_Volume/trade-finance/final_delivery/classification_training/V2_Final_Training_Data/BGCANCELLATION/Cancellation_Request_Letter_405_1.png,BGCANCELLATION
2704,/New_Volume/trade-finance/final_delivery/classification_training/V2_Final_Training_Data/BGCANCELLATION/Cancellation_Request_Letter_384_1.png,BGCANCELLATION
2705,/New_Volume/trade-finance/final_delivery/classification_training/V2_Final_Training_Data/BGCANCELLATION/Cancellation_Request_Letter_238_0.png,BGCANCELLATION
2706,/New_Volume/trade-finance/final_delivery/classification_training/V2_Final_Training_Data/BGCANCELLATION/Cancellation_Request_Letter_199_1.png,BGCANCELLATION
2707,/New_Volume/trade-finance/final_delivery/classification_training/V2_Final_Training_Data/BGCANCELLATION/Cancellation_Request_Letter_389_1.png,BGCANCELLATION
2708,/New_Volume/trade-finance/final_delivery/classification_training/V2_Final_Training_Data/BGCANCELLATION/Cancellation_Request_Letter_428_1.png,BGCANCELLATION
2709,/New_Volume/trade-finance/final_delivery/classification_training/V2_Final_Training_Data/BGCANCELLATION/Cancellation_Request_Letter_446_2.png,BGCANCELLATION
2710,/New_Volume/trade-finance/final_delivery/classification_training/V2_Final_Training_Data/BGCANCELLATION/Cancellation_Request_Letter_422_1.png,BGCANCELLATION
2711,/New_Volume/trade-finance/final_delivery/classification_training/V2_Final_Training_Data/BGCANCELLATION/Cancellation_Request_Letter_272_1.png,BGCANCELLATION
2712,/New_Volume/trade-finance/final_delivery/classification_training/V2_Final_Training_Data/BGCANCELLATION/Cancellation_Request_Letter_349_1.png,BGCANCELLATION
2713,/New_Volume/trade-finance/final_delivery/classification_training/V2_Final_Training_Data/BGCANCELLATION/Cancellation_Request_Letter_244_0.png,BGCANCELLATION
2714,/New_Volume/trade-finance/final_delivery/classification_training/V2_Final_Training_Data/BGCANCELLATION/Cancellation_Request_Letter_500_1.png,BGCANCELLATION
2715,/New_Volume/trade-finance/final_delivery/classification_training/V2_Final_Training_Data/BGCANCELLATION/Cancellation_Request_Letter_447_1.png,BGCANCELLATION
2716,/New_Volume/trade-finance/final_delivery/classification_training/V2_Final_Training_Data/BGCANCELLATION/Cancellation_Request_Letter_360_1.png,BGCANCELLATION
2717,/New_Volume/trade-finance/final_delivery/classification_training/V2_Final_Training_Data/BGCANCELLATION/Cancellation_Request_Letter_457_1.png,BGCANCELLATION
2718,/New_Volume/trade-finance/final_delivery/classification_training/V2_Final_Training_Data/BGCANCELLATION/Cancellation_Request_Letter_424_1.png,BGCANCELLATION
2719,/New_Volume/trade-finance/final_delivery/classification_training/V2_Final_Training_Data/BGCANCELLATION/Cancellation_Request_Letter_379_1.png,BGCANCELLATION
2720,/New_Volume/trade-finance/final_delivery/classification_training/V2_Final_Training_Data/BGCANCELLATION/Cancellation_Request_Letter_152_3.png,BGCANCELLATION
2721,/New_Volume/trade-finance/final_delivery/classification_training/V2_Final_Training_Data/BGCANCELLATION/Cancellation_Request_Letter_179_1.png,BGCANCELLATION
2722,/New_Volume/trade-finance/final_delivery/classification_training/V2_Final_Training_Data/BGCANCELLATION/Cancellation_Request_Letter_408_1.png,BGCANCELLATION
2723,/New_Volume/trade-finance/final_delivery/classification_training/V2_Final_Training_Data/BGCANCELLATION/Cancellation_Request_Letter_193_1.png,BGCANCELLATION
2724,/New_Volume/trade-finance/final_delivery/classification_training/V2_Final_Training_Data/BGCANCELLATION/Cancellation_Request_Letter_474_1.png,BGCANCELLATION
2725,/New_Volume/trade-finance/final_delivery/classification_training/V2_Final_Training_Data/BGCANCELLATION/Cancellation_Request_Letter_478_1.png,BGCANCELLATION
2726,/New_Volume/trade-finance/final_delivery/classification_training/V2_Final_Training_Data/BGCANCELLATION/Cancellation_Request_Letter_498_1.png,BGCANCELLATION
2727,/New_Volume/trade-finance/final_delivery/classification_training/V2_Final_Training_Data/BGCANCELLATION/Cancellation_Request_Letter_417_1.png,BGCANCELLATION
2728,/New_Volume/trade-finance/final_delivery/classification_training/V2_Final_Training_Data/BGCANCELLATION/Cancellation_Request_Letter_315_1.png,BGCANCELLATION
2729,/New_Volume/trade-finance/final_delivery/classification_training/V2_Final_Training_Data/BGCANCELLATION/Cancellation_Request_Letter_387_1.png,BGCANCELLATION
2730,/New_Volume/trade-finance/final_delivery/classification_training/V2_Final_Training_Data/BGCANCELLATION/Cancellation_Request_Letter_434_0.png,BGCANCELLATION
2731,/New_Volume/trade-finance/final_delivery/classification_training/V2_Final_Training_Data/BGCANCELLATION/Cancellation_Request_Letter_374_1.png,BGCANCELLATION
2732,/New_Volume/trade-finance/final_delivery/classification_training/V2_Final_Training_Data/BGCANCELLATION/Cancellation_Request_Letter_266_1.png,BGCANCELLATION
2733,/New_Volume/trade-finance/final_delivery/classification_training/V2_Final_Training_Data/BGCANCELLATION/Cancellation_Request_Letter_192_1.png,BGCANCELLATION
2734,/New_Volume/trade-finance/final_delivery/classification_training/V2_Final_Training_Data/BGCANCELLATION/Cancellation_Request_Letter_165_1.png,BGCANCELLATION
2735,/New_Volume/trade-finance/final_delivery/classification_training/V2_Final_Training_Data/BGCANCELLATION/Cancellation_Request_Letter_430_0.png,BGCANCELLATION
2736,/New_Volume/trade-finance/final_delivery/classification_training/V2_Final_Training_Data/BGCANCELLATION/Cancellation_Request_Letter_477_1.png,BGCANCELLATION
2737,/New_Volume/trade-finance/final_delivery/classification_training/V2_Final_Training_Data/BGCANCELLATION/Cancellation_Request_Letter_239_1.png,BGCANCELLATION
2738,/New_Volume/trade-finance/final_delivery/classification_training/V2_Final_Training_Data/BGCANCELLATION/Cancellation_Request_Letter_469_1.png,BGCANCELLATION
2739,/New_Volume/trade-finance/final_delivery/classification_training/V2_Final_Training_Data/BGCANCELLATION/Cancellation_Request_Letter_383_2.png,BGCANCELLATION
2740,/New_Volume/trade-finance/final_delivery/classification_training/V2_Final_Training_Data/BGCANCELLATION/Cancellation_Request_Letter_488_1.png,BGCANCELLATION
2741,/New_Volume/trade-finance/final_delivery/classification_training/V2_Final_Training_Data/BGCANCELLATION/Cancellation_Request_Letter_413_1.png,BGCANCELLATION
2742,/New_Volume/trade-finance/final_delivery/classification_training/V2_Final_Training_Data/BGCANCELLATION/Cancellation_Request_Letter_393_1.png,BGCANCELLATION
2743,/New_Volume/trade-finance/final_delivery/classification_training/V2_Final_Training_Data/BGCANCELLATION/Cancellation_Request_Letter_306_1.png,BGCANCELLATION
2744,/New_Volume/trade-finance/final_delivery/classification_training/V2_Final_Training_Data/BGCANCELLATION/Cancellation_Request_Letter_273_1.png,BGCANCELLATION
2745,/New_Volume/trade-finance/final_delivery/classification_training/V2_Final_Training_Data/BGCANCELLATION/Cancellation_Request_Letter_346_1.png,BGCANCELLATION
2746,/New_Volume/trade-finance/final_delivery/classification_training/V2_Final_Training_Data/BGCANCELLATION/Cancellation_Request_Letter_243_1.png,BGCANCELLATION
2747,/New_Volume/trade-finance/final_delivery/classification_training/V2_Final_Training_Data/BGCANCELLATION/Cancellation_Request_Letter_473_1.png,BGCANCELLATION
2748,/New_Volume/trade-finance/final_delivery/classification_training/V2_Final_Training_Data/BGCANCELLATION/Cancellation_Request_Letter_250_1.png,BGCANCELLATION
2749,/New_Volume/trade-finance/final_delivery/classification_training/V2_Final_Training_Data/BGCANCELLATION/Cancellation_Request_Letter_166_0.png,BGCANCELLATION
2750,/New_Volume/trade-finance/final_delivery/classification_training/V2_Final_Training_Data/BGCANCELLATION/Cancellation_Request_Letter_213_1.png,BGCANCELLATION
2751,/New_Volume/trade-finance/final_delivery/classification_training/V2_Final_Training_Data/BGCANCELLATION/Cancellation_Request_Letter_300_1.png,BGCANCELLATION
2752,/New_Volume/trade-finance/final_delivery/classification_training/V2_Final_Training_Data/BGCANCELLATION/Cancellation_Request_Letter_267_1.png,BGCANCELLATION
2753,/New_Volume/trade-finance/final_delivery/classification_training/V2_Final_Training_Data/BGCANCELLATION/Cancellation_Request_Letter_345_0.png,BGCANCELLATION
2754,/New_Volume/trade-finance/final_delivery/classification_training/V2_Final_Training_Data/BGCANCELLATION/Cancellation_Request_Letter_241_1.png,BGCANCELLATION
2755,/New_Volume/trade-finance/final_delivery/classification_training/V2_Final_Training_Data/BGCANCELLATION/Cancellation_Request_Letter_295_0.png,BGCANCELLATION
2756,/New_Volume/trade-finance/final_delivery/classification_training/V2_Final_Training_Data/BGCANCELLATION/Cancellation_Request_Letter_466_1.png,BGCANCELLATION
2757,/New_Volume/trade-finance/final_delivery/classification_training/V2_Final_Training_Data/BGCANCELLATION/Cancellation_Request_Letter_476_1.png,BGCANCELLATION
2758,/New_Volume/trade-finance/final_delivery/classification_training/V2_Final_Training_Data/BGCANCELLATION/Cancellation_Request_Letter_478_0.png,BGCANCELLATION
2759,/New_Volume/trade-finance/final_delivery/classification_training/V2_Final_Training_Data/BGCANCELLATION/Cancellation_Request_Letter_418_1.png,BGCANCELLATION
2760,/New_Volume/trade-finance/final_delivery/classification_training/V2_Final_Training_Data/BGCANCELLATION/Cancellation_Request_Letter_223_1.png,BGCANCELLATION
2761,/New_Volume/trade-finance/final_delivery/classification_training/V2_Final_Training_Data/BGCANCELLATION/Cancellation_Request_Letter_137_1.png,BGCANCELLATION
2762,/New_Volume/trade-finance/final_delivery/classification_training/V2_Final_Training_Data/BGCANCELLATION/Cancellation_Request_Letter_288_1.png,BGCANCELLATION
2763,/New_Volume/trade-finance/final_delivery/classification_training/V2_Final_Training_Data/BGCANCELLATION/Cancellation_Request_Letter_347_0.png,BGCANCELLATION
2764,/New_Volume/trade-finance/final_delivery/classification_training/V2_Final_Training_Data/BGCANCELLATION/Cancellation_Request_Letter_201_0.png,BGCANCELLATION
2765,/New_Volume/trade-finance/final_delivery/classification_training/V2_Final_Training_Data/BGCANCELLATION/Cancellation_Request_Letter_309_1.png,BGCANCELLATION
2766,/New_Volume/trade-finance/final_delivery/classification_training/V2_Final_Training_Data/BGCANCELLATION/Cancellation_Request_Letter_391_2.png,BGCANCELLATION
2767,/New_Volume/trade-finance/final_delivery/classification_training/V2_Final_Training_Data/BGCANCELLATION/Cancellation_Request_Letter_499_0.png,BGCANCELLATION
2768,/New_Volume/trade-finance/final_delivery/classification_training/V2_Final_Training_Data/BGCANCELLATION/Cancellation_Request_Letter_212_1.png,BGCANCELLATION
2769,/New_Volume/trade-finance/final_delivery/classification_training/V2_Final_Training_Data/BGCANCELLATION/Cancellation_Request_Letter_342_1.png,BGCANCELLATION
2770,/New_Volume/trade-finance/final_delivery/classification_training/V2_Final_Training_Data/BGCANCELLATION/Cancellation_Request_Letter_316_1.png,BGCANCELLATION
2771,/New_Volume/trade-finance/final_delivery/classification_training/V2_Final_Training_Data/BGCANCELLATION/Cancellation_Request_Letter_366_1.png,BGCANCELLATION
2772,/New_Volume/trade-finance/final_delivery/classification_training/V2_Final_Training_Data/BGCANCELLATION/Cancellation_Request_Letter_468_1.png,BGCANCELLATION
2773,/New_Volume/trade-finance/final_delivery/classification_training/V2_Final_Training_Data/BGCANCELLATION/Cancellation_Request_Letter_334_1.png,BGCANCELLATION
2774,/New_Volume/trade-finance/final_delivery/classification_training/V2_Final_Training_Data/BGCANCELLATION/Cancellation_Request_Letter_382_1.png,BGCANCELLATION
2775,/New_Volume/trade-finance/final_delivery/classification_training/V2_Final_Training_Data/BGCANCELLATION/Cancellation_Request_Letter_248_1.png,BGCANCELLATION
2776,/New_Volume/trade-finance/final_delivery/classification_training/V2_Final_Training_Data/BGCANCELLATION/Cancellation_Request_Letter_319_1.png,BGCANCELLATION
2777,/New_Volume/trade-finance/final_delivery/classification_training/V2_Final_Training_Data/BGCANCELLATION/Cancellation_Request_Letter_191_1.png,BGCANCELLATION
2778,/New_Volume/trade-finance/final_delivery/classification_training/V2_Final_Training_Data/BGCANCELLATION/Cancellation_Request_Letter_400_1.png,BGCANCELLATION
2779,/New_Volume/trade-finance/final_delivery/classification_training/V2_Final_Training_Data/BGCANCELLATION/Cancellation_Request_Letter_147_3.png,BGCANCELLATION
2780,/New_Volume/trade-finance/final_delivery/classification_training/V2_Final_Training_Data/BGCANCELLATION/Cancellation_Request_Letter_365_1.png,BGCANCELLATION
2781,/New_Volume/trade-finance/final_delivery/classification_training/V2_Final_Training_Data/BGCANCELLATION/Cancellation_Request_Letter_139_1.png,BGCANCELLATION
2782,/New_Volume/trade-finance/final_delivery/classification_training/V2_Final_Training_Data/BGCANCELLATION/Cancellation_Request_Letter_415_1.png,BGCANCELLATION
2783,/New_Volume/trade-finance/final_delivery/classification_training/V2_Final_Training_Data/BGCANCELLATION/Cancellation_Request_Letter_350_1.png,BGCANCELLATION
2784,/New_Volume/trade-finance/final_delivery/classification_training/V2_Final_Training_Data/BGCANCELLATION/Cancellation_Request_Letter_399_1.png,BGCANCELLATION
2785,/New_Volume/trade-finance/final_delivery/classification_training/V2_Final_Training_Data/BGCANCELLATION/Cancellation_Request_Letter_397_1.png,BGCANCELLATION
2786,/New_Volume/trade-finance/final_delivery/classification_training/V2_Final_Training_Data/BGCANCELLATION/Cancellation_Request_Letter_489_1.png,BGCANCELLATION
2787,/New_Volume/trade-finance/final_delivery/classification_training/V2_Final_Training_Data/BGCANCELLATION/Cancellation_Request_Letter_431_1.png,BGCANCELLATION
2788,/New_Volume/trade-finance/final_delivery/classification_training/V2_Final_Training_Data/BGCANCELLATION/Cancellation_Request_Letter_283_1.png,BGCANCELLATION
2789,/New_Volume/trade-finance/final_delivery/classification_training/V2_Final_Training_Data/BGCANCELLATION/Cancellation_Request_Letter_352_1.png,BGCANCELLATION
2790,/New_Volume/trade-finance/final_delivery/classification_training/V2_Final_Training_Data/BGCANCELLATION/Cancellation_Request_Letter_287_1.png,BGCANCELLATION
2791,/New_Volume/trade-finance/final_delivery/classification_training/V2_Final_Training_Data/BGCANCELLATION/Cancellation_Request_Letter_216_11.png,BGCANCELLATION
2792,/New_Volume/trade-finance/final_delivery/classification_training/V2_Final_Training_Data/BGCANCELLATION/Cancellation_Request_Letter_380_1.png,BGCANCELLATION
2793,/New_Volume/trade-finance/final_delivery/classification_training/V2_Final_Training_Data/BGCANCELLATION/Cancellation_Request_Letter_483_1.png,BGCANCELLATION
2794,/New_Volume/trade-finance/final_delivery/classification_training/V2_Final_Training_Data/BGCANCELLATION/Cancellation_Request_Letter_195_1.png,BGCANCELLATION
2795,/New_Volume/trade-finance/final_delivery/classification_training/V2_Final_Training_Data/BGCANCELLATION/Cancellation_Request_Letter_433_0.png,BGCANCELLATION
2796,/New_Volume/trade-finance/final_delivery/classification_training/V2_Final_Training_Data/BGCANCELLATION/Cancellation_Request_Letter_237_0.png,BGCANCELLATION
2797,/New_Volume/trade-finance/final_delivery/classification_training/V2_Final_Training_Data/BGCANCELLATION/Cancellation_Request_Letter_255_1.png,BGCANCELLATION
2798,/New_Volume/trade-finance/final_delivery/classification_training/V2_Final_Training_Data/BGCANCELLATION/Cancellation_Request_Letter_419_1.png,BGCANCELLATION
2799,/New_Volume/trade-finance/final_delivery/classification_training/V2_Final_Training_Data/BGCANCELLATION/Cancellation_Request_Letter_448_1.png,BGCANCELLATION
2800,/New_Volume/trade-finance/final_delivery/classification_training/V2_Final_Training_Data/BGCANCELLATION/Cancellation_Request_Letter_196_1.png,BGCANCELLATION
2801,/New_Volume/trade-finance/final_delivery/classification_training/V2_Final_Training_Data/BGCANCELLATION/Cancellation_Request_Letter_143_0.png,BGCANCELLATION
2802,/New_Volume/trade-finance/final_delivery/classification_training/V2_Final_Training_Data/BGCANCELLATION/Cancellation_Request_Letter_378_2.png,BGCANCELLATION
2803,/New_Volume/trade-finance/final_delivery/classification_training/V2_Final_Training_Data/BGCANCELLATION/Cancellation_Request_Letter_482_1.png,BGCANCELLATION
2804,/New_Volume/trade-finance/final_delivery/classification_training/V2_Final_Training_Data/BGCANCELLATION/Cancellation_Request_Letter_351_1.png,BGCANCELLATION
2805,/New_Volume/trade-finance/final_delivery/classification_training/V2_Final_Training_Data/BGCANCELLATION/Cancellation_Request_Letter_301_1.png,BGCANCELLATION
2806,/New_Volume/trade-finance/final_delivery/classification_training/V2_Final_Training_Data/BGCANCELLATION/Cancellation_Request_Letter_182_2.png,BGCANCELLATION
2807,/New_Volume/trade-finance/final_delivery/classification_training/V2_Final_Training_Data/BGCANCELLATION/Cancellation_Request_Letter_344_1.png,BGCANCELLATION
2808,/New_Volume/trade-finance/final_delivery/classification_training/V2_Final_Training_Data/BGCANCELLATION/Cancellation_Request_Letter_153_1.png,BGCANCELLATION
2809,/New_Volume/trade-finance/final_delivery/classification_training/V2_Final_Training_Data/BGCANCELLATION/Cancellation_Request_Letter_368_2.png,BGCANCELLATION
2810,/New_Volume/trade-finance/final_delivery/classification_training/V2_Final_Training_Data/BGCANCELLATION/Cancellation_Request_Letter_268_0.png,BGCANCELLATION
2811,/New_Volume/trade-finance/final_delivery/classification_training/V2_Final_Training_Data/BGCANCELLATION/Cancellation_Request_Letter_299_2.png,BGCANCELLATION
2812,/New_Volume/trade-finance/final_delivery/classification_training/V2_Final_Training_Data/BGCANCELLATION/Cancellation_Request_Letter_151_1.png,BGCANCELLATION
2813,/New_Volume/trade-finance/final_delivery/classification_training/V2_Final_Training_Data/BGCANCELLATION/Cancellation_Request_Letter_296_1.png,BGCANCELLATION
2814,/New_Volume/trade-finance/final_delivery/classification_training/V2_Final_Training_Data/BGCANCELLATION/Cancellation_Request_Letter_297_0.png,BGCANCELLATION
2815,/New_Volume/trade-finance/final_delivery/classification_training/V2_Final_Training_Data/BGCANCELLATION/Cancellation_Request_Letter_176_1.png,BGCANCELLATION
2816,/New_Volume/trade-finance/final_delivery/classification_training/V2_Final_Training_Data/BGCANCELLATION/Cancellation_Request_Letter_436_1.png,BGCANCELLATION
2817,/New_Volume/trade-finance/final_delivery/classification_training/V2_Final_Training_Data/BGCANCELLATION/Cancellation_Request_Letter_286_1.png,BGCANCELLATION
2818,/New_Volume/trade-finance/final_delivery/classification_training/V2_Final_Training_Data/BGCANCELLATION/Cancellation_Request_Letter_154_0.png,BGCANCELLATION
2819,/New_Volume/trade-finance/final_delivery/classification_training/V2_Final_Training_Data/BGCANCELLATION/Cancellation_Request_Letter_437_0.png,BGCANCELLATION
2820,/New_Volume/trade-finance/final_delivery/classification_training/V2_Final_Training_Data/BGCANCELLATION/Cancellation_Request_Letter_370_2.png,BGCANCELLATION
2821,/New_Volume/trade-finance/final_delivery/classification_training/V2_Final_Training_Data/BGCANCELLATION/Cancellation_Request_Letter_364_1.png,BGCANCELLATION
2822,/New_Volume/trade-finance/final_delivery/classification_training/V2_Final_Training_Data/BGCANCELLATION/Cancellation_Request_Letter_242_1.png,BGCANCELLATION
2823,/New_Volume/trade-finance/final_delivery/classification_training/V2_Final_Training_Data/BGCANCELLATION/Cancellation_Request_Letter_210_1.png,BGCANCELLATION
2824,/New_Volume/trade-finance/final_delivery/classification_training/V2_Final_Training_Data/BGCANCELLATION/Cancellation_Request_Letter_161_2.png,BGCANCELLATION
2825,/New_Volume/trade-finance/final_delivery/classification_training/V2_Final_Training_Data/BGCANCELLATION/Cancellation_Request_Letter_456_2.png,BGCANCELLATION
2826,/New_Volume/trade-finance/final_delivery/classification_training/V2_Final_Training_Data/BGCANCELLATION/Cancellation_Request_Letter_249_1.png,BGCANCELLATION
2827,/New_Volume/trade-finance/final_delivery/classification_training/V2_Final_Training_Data/BGCANCELLATION/Cancellation_Request_Letter_490_1.png,BGCANCELLATION
2828,/New_Volume/trade-finance/final_delivery/classification_training/V2_Final_Training_Data/BGCANCELLATION/Cancellation_Request_Letter_282_1.png,BGCANCELLATION
2829,/New_Volume/trade-finance/final_delivery/classification_training/V2_Final_Training_Data/BGCANCELLATION/Cancellation_Request_Letter_484_1.png,BGCANCELLATION
2830,/New_Volume/trade-finance/final_delivery/classification_training/V2_Final_Training_Data/BGCANCELLATION/Cancellation_Request_Letter_493_1.png,BGCANCELLATION
2831,/New_Volume/trade-finance/final_delivery/classification_training/V2_Final_Training_Data/BGCANCELLATION/Cancellation_Request_Letter_203_1.png,BGCANCELLATION
2832,/New_Volume/trade-finance/final_delivery/classification_training/V2_Final_Training_Data/BGCANCELLATION/Cancellation_Request_Letter_188_1.png,BGCANCELLATION
2833,/New_Volume/trade-finance/final_delivery/classification_training/V2_Final_Training_Data/BGCANCELLATION/Cancellation_Request_Letter_471_3.png,BGCANCELLATION
2834,/New_Volume/trade-finance/final_delivery/classification_training/V2_Final_Training_Data/BGCANCELLATION/Cancellation_Request_Letter_206_2.png,BGCANCELLATION
2835,/New_Volume/trade-finance/final_delivery/classification_training/V2_Final_Training_Data/BGCANCELLATION/Cancellation_Request_Letter_435_1.png,BGCANCELLATION
2836,/New_Volume/trade-finance/final_delivery/classification_training/V2_Final_Training_Data/BGCANCELLATION/Cancellation_Request_Letter_401_1.png,BGCANCELLATION
2837,/New_Volume/trade-finance/final_delivery/classification_training/V2_Final_Training_Data/BGCANCELLATION/Cancellation_Request_Letter_135_1.png,BGCANCELLATION
2838,/New_Volume/trade-finance/final_delivery/classification_training/V2_Final_Training_Data/BGCANCELLATION/Cancellation_Request_Letter_175_2.png,BGCANCELLATION
2839,/New_Volume/trade-finance/final_delivery/classification_training/V2_Final_Training_Data/BGCANCELLATION/Cancellation_Request_Letter_416_1.png,BGCANCELLATION
2840,/New_Volume/trade-finance/final_delivery/classification_training/V2_Final_Training_Data/BGCANCELLATION/Cancellation_Request_Letter_480_1.png,BGCANCELLATION
2841,/New_Volume/trade-finance/final_delivery/classification_training/V2_Final_Training_Data/BGCANCELLATION/Cancellation_Request_Letter_235_1.png,BGCANCELLATION
2842,/New_Volume/trade-finance/final_delivery/classification_training/V2_Final_Training_Data/BGCANCELLATION/Cancellation_Request_Letter_235_0.png,BGCANCELLATION
2843,/New_Volume/trade-finance/final_delivery/classification_training/V2_Final_Training_Data/BGCANCELLATION/Cancellation_Request_Letter_392_1.png,BGCANCELLATION
2844,/New_Volume/trade-finance/final_delivery/classification_training/V2_Final_Training_Data/BGCANCELLATION/Cancellation_Request_Letter_411_1.png,BGCANCELLATION
2845,/New_Volume/trade-finance/final_delivery/classification_training/V2_Final_Training_Data/BGCANCELLATION/Cancellation_Request_Letter_200_1.png,BGCANCELLATION
2846,/New_Volume/trade-finance/final_delivery/classification_training/V2_Final_Training_Data/BGCANCELLATION/Cancellation_Request_Letter_294_2.png,BGCANCELLATION
2847,/New_Volume/trade-finance/final_delivery/classification_training/V2_Final_Training_Data/BGCANCELLATION/Cancellation_Request_Letter_141_0.png,BGCANCELLATION
2848,/New_Volume/trade-finance/final_delivery/classification_training/V2_Final_Training_Data/BGCANCELLATION/Cancellation_Request_Letter_486_1.png,BGCANCELLATION
2849,/New_Volume/trade-finance/final_delivery/classification_training/V2_Final_Training_Data/BGCANCELLATION/Cancellation_Request_Letter_275_1.png,BGCANCELLATION
2850,/New_Volume/trade-finance/final_delivery/classification_training/V2_Final_Training_Data/BGCANCELLATION/Cancellation_Request_Letter_481_1.png,BGCANCELLATION
2851,/New_Volume/trade-finance/final_delivery/classification_training/V2_Final_Training_Data/BGCANCELLATION/Cancellation_Request_Letter_423_1.png,BGCANCELLATION
2852,/New_Volume/trade-finance/final_delivery/classification_training/V2_Final_Training_Data/BGCANCELLATION/Cancellation_Request_Letter_194_1.png,BGCANCELLATION
2853,/New_Volume/trade-finance/final_delivery/classification_training/V2_Final_Training_Data/BGCANCELLATION/Cancellation_Request_Letter_173_2.png,BGCANCELLATION
2854,/New_Volume/trade-finance/final_delivery/classification_training/V2_Final_Training_Data/BGCANCELLATION/Cancellation_Request_Letter_202_2.png,BGCANCELLATION
2855,/New_Volume/trade-finance/final_delivery/classification_training/V2_Final_Training_Data/BGCANCELLATION/Cancellation_Request_Letter_198_1.png,BGCANCELLATION
2856,/New_Volume/trade-finance/final_delivery/classification_training/V2_Final_Training_Data/BGCANCELLATION/Cancellation_Request_Letter_207_2.png,BGCANCELLATION
2857,/New_Volume/trade-finance/final_delivery/classification_training/V2_Final_Training_Data/BGCANCELLATION/Cancellation_Request_Letter_253_1.png,BGCANCELLATION
2858,/New_Volume/trade-finance/final_delivery/classification_training/V2_Final_Training_Data/BGCANCELLATION/Cancellation_Request_Letter_439_1.png,BGCANCELLATION
2859,/New_Volume/trade-finance/final_delivery/classification_training/V2_Final_Training_Data/BGCANCELLATION/Cancellation_Request_Letter_357_1.png,BGCANCELLATION
2860,/New_Volume/trade-finance/final_delivery/classification_training/V2_Final_Training_Data/BGCANCELLATION/Cancellation_Request_Letter_263_1.png,BGCANCELLATION
2861,/New_Volume/trade-finance/final_delivery/classification_training/V2_Final_Training_Data/BGCANCELLATION/Cancellation_Request_Letter_146_1.png,BGCANCELLATION
2862,/New_Volume/trade-finance/final_delivery/classification_training/V2_Final_Training_Data/BGCANCELLATION/Cancellation_Request_Letter_251_1.png,BGCANCELLATION
2863,/New_Volume/trade-finance/final_delivery/classification_training/V2_Final_Training_Data/BGCANCELLATION/Cancellation_Request_Letter_186_1.png,BGCANCELLATION
2864,/New_Volume/trade-finance/final_delivery/classification_training/V2_Final_Training_Data/BGCANCELLATION/Cancellation_Request_Letter_421_1.png,BGCANCELLATION
2865,/New_Volume/trade-finance/final_delivery/classification_training/V2_Final_Training_Data/BGCANCELLATION/Cancellation_Request_Letter_133_1.png,BGCANCELLATION
2866,/New_Volume/trade-finance/final_delivery/classification_training/V2_Final_Training_Data/BGCANCELLATION/Cancellation_Request_Letter_477_0.png,BGCANCELLATION
2867,/New_Volume/trade-finance/final_delivery/classification_training/V2_Final_Training_Data/BGCANCELLATION/Cancellation_Request_Letter_337_1.png,BGCANCELLATION
2868,/New_Volume/trade-finance/final_delivery/classification_training/V2_Final_Training_Data/BGCANCELLATION/Cancellation_Request_Letter_304_1.png,BGCANCELLATION
2869,/New_Volume/trade-finance/final_delivery/classification_training/V2_Final_Training_Data/BGCANCELLATION/Cancellation_Request_Letter_158_1.png,BGCANCELLATION
2870,/New_Volume/trade-finance/final_delivery/classification_training/V2_Final_Training_Data/BGCANCELLATION/Cancellation_Request_Letter_325_1.png,BGCANCELLATION
2871,/New_Volume/trade-finance/final_delivery/classification_training/V2_Final_Training_Data/BGCANCELLATION/Cancellation_Request_Letter_367_2.png,BGCANCELLATION
2872,/New_Volume/trade-finance/final_delivery/classification_training/V2_Final_Training_Data/BGCANCELLATION/Cancellation_Request_Letter_177_1.png,BGCANCELLATION
2873,/New_Volume/trade-finance/final_delivery/classification_training/V2_Final_Training_Data/BGCANCELLATION/Cancellation_Request_Letter_326_1.png,BGCANCELLATION
2874,/New_Volume/trade-finance/final_delivery/classification_training/V2_Final_Training_Data/BGCANCELLATION/Cancellation_Request_Letter_339_0.png,BGCANCELLATION
2875,/New_Volume/trade-finance/final_delivery/classification_training/V2_Final_Training_Data/BGCANCELLATION/Cancellation_Request_Letter_229_1.png,BGCANCELLATION
2876,/New_Volume/trade-finance/final_delivery/classification_training/V2_Final_Training_Data/BGCANCELLATION/Cancellation_Request_Letter_340_1.png,BGCANCELLATION
2877,/New_Volume/trade-finance/final_delivery/classification_training/V2_Final_Training_Data/BGCANCELLATION/Cancellation_Request_Letter_291_1.png,BGCANCELLATION
2878,/New_Volume/trade-finance/final_delivery/classification_training/V2_Final_Training_Data/BGCANCELLATION/Cancellation_Request_Letter_355_2.png,BGCANCELLATION
2879,/New_Volume/trade-finance/final_delivery/classification_training/V2_Final_Training_Data/BGCANCELLATION/Cancellation_Request_Letter_156_1.png,BGCANCELLATION
2880,/New_Volume/trade-finance/final_delivery/classification_training/V2_Final_Training_Data/BGCANCELLATION/Cancellation_Request_Letter_167_1.png,BGCANCELLATION
2881,/New_Volume/trade-finance/final_delivery/classification_training/V2_Final_Training_Data/BGCANCELLATION/Cancellation_Request_Letter_240_1.png,BGCANCELLATION
2882,/New_Volume/trade-finance/final_delivery/classification_training/V2_Final_Training_Data/BGCANCELLATION/Cancellation_Request_Letter_354_1.png,BGCANCELLATION
2883,/New_Volume/trade-finance/final_delivery/classification_training/V2_Final_Training_Data/BGCANCELLATION/Cancellation_Request_Letter_261_2.png,BGCANCELLATION
2884,/New_Volume/trade-finance/final_delivery/classification_training/V2_Final_Training_Data/BGCANCELLATION/Cancellation_Request_Letter_469_3.png,BGCANCELLATION
2885,/New_Volume/trade-finance/final_delivery/classification_training/V2_Final_Training_Data/BGCANCELLATION/Cancellation_Request_Letter_461_1.png,BGCANCELLATION
2886,/New_Volume/trade-finance/final_delivery/classification_training/V2_Final_Training_Data/BGCANCELLATION/Cancellation_Request_Letter_180_0.png,BGCANCELLATION
2887,/New_Volume/trade-finance/final_delivery/classification_training/V2_Final_Training_Data/BGCANCELLATION/Cancellation_Request_Letter_472_1.png,BGCANCELLATION
2888,/New_Volume/trade-finance/final_delivery/classification_training/V2_Final_Training_Data/BGCANCELLATION/Cancellation_Request_Letter_197_1.png,BGCANCELLATION
2889,/New_Volume/trade-finance/final_delivery/classification_training/V2_Final_Training_Data/BGCANCELLATION/Cancellation_Request_Letter_149_0.png,BGCANCELLATION
2890,/New_Volume/trade-finance/final_delivery/classification_training/V2_Final_Training_Data/COO/Certificate_Of_Origin_583_page_0.png,COO
2891,/New_Volume/trade-finance/final_delivery/classification_training/V2_Final_Training_Data/COO/Certificate_Of_Origin_271_page_10.png,COO
2892,/New_Volume/trade-finance/final_delivery/classification_training/V2_Final_Training_Data/COO/Certificate_Of_Origin_282_page_1.png,COO
2893,/New_Volume/trade-finance/final_delivery/classification_training/V2_Final_Training_Data/COO/Certificate_Of_Origin_325_page_2.png,COO
2894,/New_Volume/trade-finance/final_delivery/classification_training/V2_Final_Training_Data/COO/Certificate_Of_Origin_188_page_0.png,COO
2895,/New_Volume/trade-finance/final_delivery/classification_training/V2_Final_Training_Data/COO/Certificate_Of_Origin_189_page_1.png,COO
2896,/New_Volume/trade-finance/final_delivery/classification_training/V2_Final_Training_Data/COO/Certificate_Of_Origin_171_page_0.png,COO
2897,/New_Volume/trade-finance/final_delivery/classification_training/V2_Final_Training_Data/COO/Certificate_Of_Origin_223_page_16.png,COO
2898,/New_Volume/trade-finance/final_delivery/classification_training/V2_Final_Training_Data/COO/Certificate_Of_Origin_271_page_3.png,COO
2899,/New_Volume/trade-finance/final_delivery/classification_training/V2_Final_Training_Data/COO/Certificate_Of_Origin_135_page_2.png,COO
2900,/New_Volume/trade-finance/final_delivery/classification_training/V2_Final_Training_Data/COO/Certificate_Of_Origin_194_page_2.png,COO
2901,/New_Volume/trade-finance/final_delivery/classification_training/V2_Final_Training_Data/COO/Certificate_Of_Origin_425_page_1.png,COO
2902,/New_Volume/trade-finance/final_delivery/classification_training/V2_Final_Training_Data/COO/Certificate_Of_Origin_281_page_2.png,COO
2903,/New_Volume/trade-finance/final_delivery/classification_training/V2_Final_Training_Data/COO/Certificate_Of_Origin_382_page_0.png,COO
2904,/New_Volume/trade-finance/final_delivery/classification_training/V2_Final_Training_Data/COO/Certificate_Of_Origin_127_page_0.png,COO
2905,/New_Volume/trade-finance/final_delivery/classification_training/V2_Final_Training_Data/COO/Certificate_Of_Origin_306_page_0.png,COO
2906,/New_Volume/trade-finance/final_delivery/classification_training/V2_Final_Training_Data/COO/Certificate_Of_Origin_135_page_0.png,COO
2907,/New_Volume/trade-finance/final_delivery/classification_training/V2_Final_Training_Data/COO/Certificate_Of_Origin_262_page_1.png,COO
2908,/New_Volume/trade-finance/final_delivery/classification_training/V2_Final_Training_Data/COO/Certificate_Of_Origin_422_page_2.png,COO
2909,/New_Volume/trade-finance/final_delivery/classification_training/V2_Final_Training_Data/COO/Certificate_Of_Origin_223_page_0.png,COO
2910,/New_Volume/trade-finance/final_delivery/classification_training/V2_Final_Training_Data/COO/Certificate_Of_Origin_263_page_0.png,COO
2911,/New_Volume/trade-finance/final_delivery/classification_training/V2_Final_Training_Data/COO/Certificate_Of_Origin_180_page_0.png,COO
2912,/New_Volume/trade-finance/final_delivery/classification_training/V2_Final_Training_Data/COO/Certificate_Of_Origin_599_page_0.png,COO
2913,/New_Volume/trade-finance/final_delivery/classification_training/V2_Final_Training_Data/COO/Certificate_Of_Origin_408_page_0.png,COO
2914,/New_Volume/trade-finance/final_delivery/classification_training/V2_Final_Training_Data/COO/Certificate_Of_Origin_485_page_3.png,COO
2915,/New_Volume/trade-finance/final_delivery/classification_training/V2_Final_Training_Data/COO/Certificate_Of_Origin_467_page_0.png,COO
2916,/New_Volume/trade-finance/final_delivery/classification_training/V2_Final_Training_Data/COO/Certificate_Of_Origin_175_page_0.png,COO
2917,/New_Volume/trade-finance/final_delivery/classification_training/V2_Final_Training_Data/COO/Certificate_Of_Origin_118_page_0.png,COO
2918,/New_Volume/trade-finance/final_delivery/classification_training/V2_Final_Training_Data/COO/Certificate_Of_Origin_165_page_0.png,COO
2919,/New_Volume/trade-finance/final_delivery/classification_training/V2_Final_Training_Data/COO/Certificate_Of_Origin_572_page_7.png,COO
2920,/New_Volume/trade-finance/final_delivery/classification_training/V2_Final_Training_Data/COO/Certificate_Of_Origin_610_page_0.png,COO
2921,/New_Volume/trade-finance/final_delivery/classification_training/V2_Final_Training_Data/COO/Certificate_Of_Origin_525_page_0.png,COO
2922,/New_Volume/trade-finance/final_delivery/classification_training/V2_Final_Training_Data/COO/Certificate_Of_Origin_182_page_2.png,COO
2923,/New_Volume/trade-finance/final_delivery/classification_training/V2_Final_Training_Data/COO/Certificate_Of_Origin_343_page_0.png,COO
2924,/New_Volume/trade-finance/final_delivery/classification_training/V2_Final_Training_Data/COO/Certificate_Of_Origin_182_page_1.png,COO
2925,/New_Volume/trade-finance/final_delivery/classification_training/V2_Final_Training_Data/COO/Certificate_Of_Origin_285_page_1.png,COO
2926,/New_Volume/trade-finance/final_delivery/classification_training/V2_Final_Training_Data/COO/Certificate_Of_Origin_298_page_0.png,COO
2927,/New_Volume/trade-finance/final_delivery/classification_training/V2_Final_Training_Data/COO/Certificate_Of_Origin_395_page_0.png,COO
2928,/New_Volume/trade-finance/final_delivery/classification_training/V2_Final_Training_Data/COO/Certificate_Of_Origin_417_page_0.png,COO
2929,/New_Volume/trade-finance/final_delivery/classification_training/V2_Final_Training_Data/COO/Certificate_Of_Origin_187_page_2.png,COO
2930,/New_Volume/trade-finance/final_delivery/classification_training/V2_Final_Training_Data/COO/Certificate_Of_Origin_144_page_1.png,COO
2931,/New_Volume/trade-finance/final_delivery/classification_training/V2_Final_Training_Data/COO/Certificate_Of_Origin_369_page_1.png,COO
2932,/New_Volume/trade-finance/final_delivery/classification_training/V2_Final_Training_Data/COO/Certificate_Of_Origin_239_page_0.png,COO
2933,/New_Volume/trade-finance/final_delivery/classification_training/V2_Final_Training_Data/COO/Certificate_Of_Origin_162_page_0.png,COO
2934,/New_Volume/trade-finance/final_delivery/classification_training/V2_Final_Training_Data/COO/Certificate_Of_Origin_309_page_2.png,COO
2935,/New_Volume/trade-finance/final_delivery/classification_training/V2_Final_Training_Data/COO/Certificate_Of_Origin_311_page_1.png,COO
2936,/New_Volume/trade-finance/final_delivery/classification_training/V2_Final_Training_Data/COO/Certificate_Of_Origin_523_page_0.png,COO
2937,/New_Volume/trade-finance/final_delivery/classification_training/V2_Final_Training_Data/COO/Certificate_Of_Origin_255_page_0.png,COO
2938,/New_Volume/trade-finance/final_delivery/classification_training/V2_Final_Training_Data/COO/Certificate_Of_Origin_151_page_0.png,COO
2939,/New_Volume/trade-finance/final_delivery/classification_training/V2_Final_Training_Data/COO/Certificate_Of_Origin_361_page_3.png,COO
2940,/New_Volume/trade-finance/final_delivery/classification_training/V2_Final_Training_Data/COO/Certificate_Of_Origin_427_page_2.png,COO
2941,/New_Volume/trade-finance/final_delivery/classification_training/V2_Final_Training_Data/COO/Certificate_Of_Origin_489_page_0.png,COO
2942,/New_Volume/trade-finance/final_delivery/classification_training/V2_Final_Training_Data/COO/Certificate_Of_Origin_497_page_1.png,COO
2943,/New_Volume/trade-finance/final_delivery/classification_training/V2_Final_Training_Data/COO/Certificate_Of_Origin_362_page_0.png,COO
2944,/New_Volume/trade-finance/final_delivery/classification_training/V2_Final_Training_Data/COO/Certificate_Of_Origin_347_page_9.png,COO
2945,/New_Volume/trade-finance/final_delivery/classification_training/V2_Final_Training_Data/COO/Certificate_Of_Origin_336_page_0.png,COO
2946,/New_Volume/trade-finance/final_delivery/classification_training/V2_Final_Training_Data/COO/Certificate_Of_Origin_339_page_0.png,COO
2947,/New_Volume/trade-finance/final_delivery/classification_training/V2_Final_Training_Data/COO/Certificate_Of_Origin_308_page_1.png,COO
2948,/New_Volume/trade-finance/final_delivery/classification_training/V2_Final_Training_Data/COO/Certificate_Of_Origin_201_page_0.png,COO
2949,/New_Volume/trade-finance/final_delivery/classification_training/V2_Final_Training_Data/COO/Certificate_Of_Origin_195_page_6.png,COO
2950,/New_Volume/trade-finance/final_delivery/classification_training/V2_Final_Training_Data/COO/Certificate_Of_Origin_218_page_0.png,COO
2951,/New_Volume/trade-finance/final_delivery/classification_training/V2_Final_Training_Data/COO/Certificate_Of_Origin_249_page_0.png,COO
2952,/New_Volume/trade-finance/final_delivery/classification_training/V2_Final_Training_Data/COO/Certificate_Of_Origin_324_page_1.png,COO
2953,/New_Volume/trade-finance/final_delivery/classification_training/V2_Final_Training_Data/COO/Certificate_Of_Origin_303_page_0.png,COO
2954,/New_Volume/trade-finance/final_delivery/classification_training/V2_Final_Training_Data/COO/Certificate_Of_Origin_470_page_27.png,COO
2955,/New_Volume/trade-finance/final_delivery/classification_training/V2_Final_Training_Data/COO/Certificate_Of_Origin_572_page_12.png,COO
2956,/New_Volume/trade-finance/final_delivery/classification_training/V2_Final_Training_Data/COO/Certificate_Of_Origin_140_page_1.png,COO
2957,/New_Volume/trade-finance/final_delivery/classification_training/V2_Final_Training_Data/COO/Certificate_Of_Origin_359_page_1.png,COO
2958,/New_Volume/trade-finance/final_delivery/classification_training/V2_Final_Training_Data/COO/Certificate_Of_Origin_166_page_0.png,COO
2959,/New_Volume/trade-finance/final_delivery/classification_training/V2_Final_Training_Data/COO/Certificate_Of_Origin_270_page_0.png,COO
2960,/New_Volume/trade-finance/final_delivery/classification_training/V2_Final_Training_Data/COO/Certificate_Of_Origin_476_page_0.png,COO
2961,/New_Volume/trade-finance/final_delivery/classification_training/V2_Final_Training_Data/COO/Certificate_Of_Origin_238_page_0.png,COO
2962,/New_Volume/trade-finance/final_delivery/classification_training/V2_Final_Training_Data/COO/Certificate_Of_Origin_376_page_0.png,COO
2963,/New_Volume/trade-finance/final_delivery/classification_training/V2_Final_Training_Data/COO/Certificate_Of_Origin_187_page_3.png,COO
2964,/New_Volume/trade-finance/final_delivery/classification_training/V2_Final_Training_Data/COO/Certificate_Of_Origin_475_page_0.png,COO
2965,/New_Volume/trade-finance/final_delivery/classification_training/V2_Final_Training_Data/COO/Certificate_Of_Origin_223_page_10.png,COO
2966,/New_Volume/trade-finance/final_delivery/classification_training/V2_Final_Training_Data/COO/Certificate_Of_Origin_307_page_0.png,COO
2967,/New_Volume/trade-finance/final_delivery/classification_training/V2_Final_Training_Data/COO/Certificate_Of_Origin_338_page_0.png,COO
2968,/New_Volume/trade-finance/final_delivery/classification_training/V2_Final_Training_Data/COO/Certificate_Of_Origin_223_page_3.png,COO
2969,/New_Volume/trade-finance/final_delivery/classification_training/V2_Final_Training_Data/COO/Certificate_Of_Origin_448_page_8.png,COO
2970,/New_Volume/trade-finance/final_delivery/classification_training/V2_Final_Training_Data/COO/Certificate_Of_Origin_492_page_0.png,COO
2971,/New_Volume/trade-finance/final_delivery/classification_training/V2_Final_Training_Data/COO/Certificate_Of_Origin_325_page_0.png,COO
2972,/New_Volume/trade-finance/final_delivery/classification_training/V2_Final_Training_Data/COO/Certificate_Of_Origin_430_page_1.png,COO
2973,/New_Volume/trade-finance/final_delivery/classification_training/V2_Final_Training_Data/COO/Certificate_Of_Origin_252_page_1.png,COO
2974,/New_Volume/trade-finance/final_delivery/classification_training/V2_Final_Training_Data/COO/Certificate_Of_Origin_330_page_0.png,COO
2975,/New_Volume/trade-finance/final_delivery/classification_training/V2_Final_Training_Data/COO/Certificate_Of_Origin_162_page_1.png,COO
2976,/New_Volume/trade-finance/final_delivery/classification_training/V2_Final_Training_Data/COO/Certificate_Of_Origin_131.PDF_page_0.png,COO
2977,/New_Volume/trade-finance/final_delivery/classification_training/V2_Final_Training_Data/COO/Certificate_Of_Origin_122_page_2.png,COO
2978,/New_Volume/trade-finance/final_delivery/classification_training/V2_Final_Training_Data/COO/Certificate_Of_Origin_198_page_5.png,COO
2979,/New_Volume/trade-finance/final_delivery/classification_training/V2_Final_Training_Data/COO/Certificate_Of_Origin_451_page_0.png,COO
2980,/New_Volume/trade-finance/final_delivery/classification_training/V2_Final_Training_Data/COO/Certificate_Of_Origin_265_page_1.png,COO
2981,/New_Volume/trade-finance/final_delivery/classification_training/V2_Final_Training_Data/COO/Certificate_Of_Origin_597_page_0.png,COO
2982,/New_Volume/trade-finance/final_delivery/classification_training/V2_Final_Training_Data/COO/Certificate_Of_Origin_439_page_0.png,COO
2983,/New_Volume/trade-finance/final_delivery/classification_training/V2_Final_Training_Data/COO/Certificate_Of_Origin_559_page_0.png,COO
2984,/New_Volume/trade-finance/final_delivery/classification_training/V2_Final_Training_Data/COO/Certificate_Of_Origin_203_page_0.png,COO
2985,/New_Volume/trade-finance/final_delivery/classification_training/V2_Final_Training_Data/COO/Certificate_Of_Origin_569_page_0.png,COO
2986,/New_Volume/trade-finance/final_delivery/classification_training/V2_Final_Training_Data/COO/Certificate_Of_Origin_463_page_0.png,COO
2987,/New_Volume/trade-finance/final_delivery/classification_training/V2_Final_Training_Data/COO/Certificate_Of_Origin_248_page_0.png,COO
2988,/New_Volume/trade-finance/final_delivery/classification_training/V2_Final_Training_Data/COO/Certificate_Of_Origin_126_page_1.png,COO
2989,/New_Volume/trade-finance/final_delivery/classification_training/V2_Final_Training_Data/COO/Certificate_Of_Origin_271_page_5.png,COO
2990,/New_Volume/trade-finance/final_delivery/classification_training/V2_Final_Training_Data/COO/Certificate_Of_Origin_392_page_0.png,COO
2991,/New_Volume/trade-finance/final_delivery/classification_training/V2_Final_Training_Data/COO/Certificate_Of_Origin_468.PDF_page_0.png,COO
2992,/New_Volume/trade-finance/final_delivery/classification_training/V2_Final_Training_Data/COO/Certificate_Of_Origin_464_page_0.png,COO
2993,/New_Volume/trade-finance/final_delivery/classification_training/V2_Final_Training_Data/COO/Certificate_Of_Origin_242_page_0.png,COO
2994,/New_Volume/trade-finance/final_delivery/classification_training/V2_Final_Training_Data/COO/Certificate_Of_Origin_167_page_0.png,COO
2995,/New_Volume/trade-finance/final_delivery/classification_training/V2_Final_Training_Data/COO/Certificate_Of_Origin_423_page_0.png,COO
2996,/New_Volume/trade-finance/final_delivery/classification_training/V2_Final_Training_Data/COO/Certificate_Of_Origin_190_page_0.png,COO
2997,/New_Volume/trade-finance/final_delivery/classification_training/V2_Final_Training_Data/COO/Certificate_Of_Origin_128_page_0.png,COO
2998,/New_Volume/trade-finance/final_delivery/classification_training/V2_Final_Training_Data/COO/Certificate_Of_Origin_146_page_0.png,COO
2999,/New_Volume/trade-finance/final_delivery/classification_training/V2_Final_Training_Data/COO/Certificate_Of_Origin_247_page_0.png,COO
3000,/New_Volume/trade-finance/final_delivery/classification_training/V2_Final_Training_Data/COO/Certificate_Of_Origin_302_page_0.png,COO
3001,/New_Volume/trade-finance/final_delivery/classification_training/V2_Final_Training_Data/COO/Certificate_Of_Origin_297_page_0.png,COO
3002,/New_Volume/trade-finance/final_delivery/classification_training/V2_Final_Training_Data/COO/Certificate_Of_Origin_469_page_0.png,COO
3003,/New_Volume/trade-finance/final_delivery/classification_training/V2_Final_Training_Data/COO/Certificate_Of_Origin_182_page_0.png,COO
3004,/New_Volume/trade-finance/final_delivery/classification_training/V2_Final_Training_Data/COO/Certificate_Of_Origin_453_page_0.png,COO
3005,/New_Volume/trade-finance/final_delivery/classification_training/V2_Final_Training_Data/COO/Certificate_Of_Origin_402_page_1.png,COO
3006,/New_Volume/trade-finance/final_delivery/classification_training/V2_Final_Training_Data/COO/Certificate_Of_Origin_291_page_0.png,COO
3007,/New_Volume/trade-finance/final_delivery/classification_training/V2_Final_Training_Data/COO/Certificate_Of_Origin_425_page_2.png,COO
3008,/New_Volume/trade-finance/final_delivery/classification_training/V2_Final_Training_Data/COO/Certificate_Of_Origin_393_page_3.png,COO
3009,/New_Volume/trade-finance/final_delivery/classification_training/V2_Final_Training_Data/COO/Certificate_Of_Origin_457_page_0.png,COO
3010,/New_Volume/trade-finance/final_delivery/classification_training/V2_Final_Training_Data/COO/Certificate_Of_Origin_390_page_0.png,COO
3011,/New_Volume/trade-finance/final_delivery/classification_training/V2_Final_Training_Data/COO/Certificate_Of_Origin_223_page_8.png,COO
3012,/New_Volume/trade-finance/final_delivery/classification_training/V2_Final_Training_Data/COO/Certificate_Of_Origin_198_page_4.png,COO
3013,/New_Volume/trade-finance/final_delivery/classification_training/V2_Final_Training_Data/COO/Certificate_Of_Origin_465_page_0.png,COO
3014,/New_Volume/trade-finance/final_delivery/classification_training/V2_Final_Training_Data/COO/Certificate_Of_Origin_221_page_2.png,COO
3015,/New_Volume/trade-finance/final_delivery/classification_training/V2_Final_Training_Data/COO/Certificate_Of_Origin_213_page_1.png,COO
3016,/New_Volume/trade-finance/final_delivery/classification_training/V2_Final_Training_Data/COO/Certificate_Of_Origin_424_page_0.png,COO
3017,/New_Volume/trade-finance/final_delivery/classification_training/V2_Final_Training_Data/COO/Certificate_Of_Origin_588_page_0.png,COO
3018,/New_Volume/trade-finance/final_delivery/classification_training/V2_Final_Training_Data/COO/Certificate_Of_Origin_135_page_1.png,COO
3019,/New_Volume/trade-finance/final_delivery/classification_training/V2_Final_Training_Data/COO/Certificate_Of_Origin_294_page_1.png,COO
3020,/New_Volume/trade-finance/final_delivery/classification_training/V2_Final_Training_Data/COO/Certificate_Of_Origin_218_page_2.png,COO
3021,/New_Volume/trade-finance/final_delivery/classification_training/V2_Final_Training_Data/COO/Certificate_Of_Origin_388_page_0.png,COO
3022,/New_Volume/trade-finance/final_delivery/classification_training/V2_Final_Training_Data/COO/Certificate_Of_Origin_200_page_0.png,COO
3023,/New_Volume/trade-finance/final_delivery/classification_training/V2_Final_Training_Data/COO/Certificate_Of_Origin_402_page_4.png,COO
3024,/New_Volume/trade-finance/final_delivery/classification_training/V2_Final_Training_Data/COO/Certificate_Of_Origin_155_page_0.png,COO
3025,/New_Volume/trade-finance/final_delivery/classification_training/V2_Final_Training_Data/COO/Certificate_Of_Origin_159_page_0.png,COO
3026,/New_Volume/trade-finance/final_delivery/classification_training/V2_Final_Training_Data/COO/Certificate_Of_Origin_449_page_2.png,COO
3027,/New_Volume/trade-finance/final_delivery/classification_training/V2_Final_Training_Data/COO/Certificate_Of_Origin_340_page_4.png,COO
3028,/New_Volume/trade-finance/final_delivery/classification_training/V2_Final_Training_Data/COO/Certificate_Of_Origin_433_page_0.png,COO
3029,/New_Volume/trade-finance/final_delivery/classification_training/V2_Final_Training_Data/COO/Certificate_Of_Origin_258_page_0.png,COO
3030,/New_Volume/trade-finance/final_delivery/classification_training/V2_Final_Training_Data/COO/Certificate_Of_Origin_261_page_2.png,COO
3031,/New_Volume/trade-finance/final_delivery/classification_training/V2_Final_Training_Data/COO/Certificate_Of_Origin_295_page_0.png,COO
3032,/New_Volume/trade-finance/final_delivery/classification_training/V2_Final_Training_Data/COO/Certificate_Of_Origin_311_page_0.png,COO
3033,/New_Volume/trade-finance/final_delivery/classification_training/V2_Final_Training_Data/COO/Certificate_Of_Origin_263_page_2.png,COO
3034,/New_Volume/trade-finance/final_delivery/classification_training/V2_Final_Training_Data/COO/Certificate_Of_Origin_391_page_0.png,COO
3035,/New_Volume/trade-finance/final_delivery/classification_training/V2_Final_Training_Data/COO/Certificate_Of_Origin_445_page_0.png,COO
3036,/New_Volume/trade-finance/final_delivery/classification_training/V2_Final_Training_Data/COO/Certificate_Of_Origin_585_page_0.png,COO
3037,/New_Volume/trade-finance/final_delivery/classification_training/V2_Final_Training_Data/COO/Certificate_Of_Origin_301_page_1.png,COO
3038,/New_Volume/trade-finance/final_delivery/classification_training/V2_Final_Training_Data/COO/Certificate_Of_Origin_121_page_2.png,COO
3039,/New_Volume/trade-finance/final_delivery/classification_training/V2_Final_Training_Data/COO/Certificate_Of_Origin_361_page_5.png,COO
3040,/New_Volume/trade-finance/final_delivery/classification_training/V2_Final_Training_Data/COO/Certificate_Of_Origin_380_page_1.png,COO
3041,/New_Volume/trade-finance/final_delivery/classification_training/V2_Final_Training_Data/COO/Certificate_Of_Origin_215_page_0.png,COO
3042,/New_Volume/trade-finance/final_delivery/classification_training/V2_Final_Training_Data/COO/Certificate_Of_Origin_402_page_3.png,COO
3043,/New_Volume/trade-finance/final_delivery/classification_training/V2_Final_Training_Data/COO/Certificate_Of_Origin_243_page_0.png,COO
3044,/New_Volume/trade-finance/final_delivery/classification_training/V2_Final_Training_Data/COO/Certificate_Of_Origin_138_page_0.png,COO
3045,/New_Volume/trade-finance/final_delivery/classification_training/V2_Final_Training_Data/COO/Certificate_Of_Origin_596_page_0.png,COO
3046,/New_Volume/trade-finance/final_delivery/classification_training/V2_Final_Training_Data/COO/Certificate_Of_Origin_160_page_0.png,COO
3047,/New_Volume/trade-finance/final_delivery/classification_training/V2_Final_Training_Data/COO/Certificate_Of_Origin_487_page_0.png,COO
3048,/New_Volume/trade-finance/final_delivery/classification_training/V2_Final_Training_Data/COO/Certificate_Of_Origin_428_page_0.png,COO
3049,/New_Volume/trade-finance/final_delivery/classification_training/V2_Final_Training_Data/COO/Certificate_Of_Origin_396_page_2.png,COO
3050,/New_Volume/trade-finance/final_delivery/classification_training/V2_Final_Training_Data/COO/Certificate_Of_Origin_603_page_0.png,COO
3051,/New_Volume/trade-finance/final_delivery/classification_training/V2_Final_Training_Data/COO/Certificate_Of_Origin_439_page_2.png,COO
3052,/New_Volume/trade-finance/final_delivery/classification_training/V2_Final_Training_Data/COO/Certificate_Of_Origin_458_page_0.png,COO
3053,/New_Volume/trade-finance/final_delivery/classification_training/V2_Final_Training_Data/COO/Certificate_Of_Origin_292_page_0.png,COO
3054,/New_Volume/trade-finance/final_delivery/classification_training/V2_Final_Training_Data/COO/Certificate_Of_Origin_447_page_0.png,COO
3055,/New_Volume/trade-finance/final_delivery/classification_training/V2_Final_Training_Data/COO/Certificate_Of_Origin_462_page_0.png,COO
3056,/New_Volume/trade-finance/final_delivery/classification_training/V2_Final_Training_Data/COO/Certificate_Of_Origin_318_page_1.png,COO
3057,/New_Volume/trade-finance/final_delivery/classification_training/V2_Final_Training_Data/COO/Certificate_Of_Origin_484_page_0.png,COO
3058,/New_Volume/trade-finance/final_delivery/classification_training/V2_Final_Training_Data/COO/Certificate_Of_Origin_281_page_3.png,COO
3059,/New_Volume/trade-finance/final_delivery/classification_training/V2_Final_Training_Data/COO/Certificate_Of_Origin_126_page_0.png,COO
3060,/New_Volume/trade-finance/final_delivery/classification_training/V2_Final_Training_Data/COO/Certificate_Of_Origin_274_page_1.png,COO
3061,/New_Volume/trade-finance/final_delivery/classification_training/V2_Final_Training_Data/COO/Certificate_Of_Origin_197_page_0.png,COO
3062,/New_Volume/trade-finance/final_delivery/classification_training/V2_Final_Training_Data/COO/Certificate_Of_Origin_223_page_15.png,COO
3063,/New_Volume/trade-finance/final_delivery/classification_training/V2_Final_Training_Data/COO/Certificate_Of_Origin_138_page_2.png,COO
3064,/New_Volume/trade-finance/final_delivery/classification_training/V2_Final_Training_Data/COO/Certificate_Of_Origin_321_page_2.png,COO
3065,/New_Volume/trade-finance/final_delivery/classification_training/V2_Final_Training_Data/COO/Certificate_Of_Origin_545_page_0.png,COO
3066,/New_Volume/trade-finance/final_delivery/classification_training/V2_Final_Training_Data/COO/Certificate_Of_Origin_223_page_11.png,COO
3067,/New_Volume/trade-finance/final_delivery/classification_training/V2_Final_Training_Data/COO/Certificate_Of_Origin_516_page_0.png,COO
3068,/New_Volume/trade-finance/final_delivery/classification_training/V2_Final_Training_Data/COO/Certificate_Of_Origin_490_page_0.png,COO
3069,/New_Volume/trade-finance/final_delivery/classification_training/V2_Final_Training_Data/COO/Certificate_Of_Origin_270_page_1.png,COO
3070,/New_Volume/trade-finance/final_delivery/classification_training/V2_Final_Training_Data/COO/Certificate_Of_Origin_199_page_0.png,COO
3071,/New_Volume/trade-finance/final_delivery/classification_training/V2_Final_Training_Data/COO/Certificate_Of_Origin_235_page_0.png,COO
3072,/New_Volume/trade-finance/final_delivery/classification_training/V2_Final_Training_Data/COO/Certificate_Of_Origin_358_page_0.png,COO
3073,/New_Volume/trade-finance/final_delivery/classification_training/V2_Final_Training_Data/COO/Certificate_Of_Origin_180_page_2.png,COO
3074,/New_Volume/trade-finance/final_delivery/classification_training/V2_Final_Training_Data/COO/Certificate_Of_Origin_130_page_0.png,COO
3075,/New_Volume/trade-finance/final_delivery/classification_training/V2_Final_Training_Data/COO/Certificate_Of_Origin_365_page_0.png,COO
3076,/New_Volume/trade-finance/final_delivery/classification_training/V2_Final_Training_Data/COO/Certificate_Of_Origin_252_page_2.png,COO
3077,/New_Volume/trade-finance/final_delivery/classification_training/V2_Final_Training_Data/COO/Certificate_Of_Origin_589_page_0.png,COO
3078,/New_Volume/trade-finance/final_delivery/classification_training/V2_Final_Training_Data/COO/Certificate_Of_Origin_254_page_0.png,COO
3079,/New_Volume/trade-finance/final_delivery/classification_training/V2_Final_Training_Data/COO/Certificate_Of_Origin_397_page_0.png,COO
3080,/New_Volume/trade-finance/final_delivery/classification_training/V2_Final_Training_Data/COO/Certificate_Of_Origin_256_page_0.png,COO
3081,/New_Volume/trade-finance/final_delivery/classification_training/V2_Final_Training_Data/COO/Certificate_Of_Origin_410_page_1.png,COO
3082,/New_Volume/trade-finance/final_delivery/classification_training/V2_Final_Training_Data/COO/Certificate_Of_Origin_157_page_0.png,COO
3083,/New_Volume/trade-finance/final_delivery/classification_training/V2_Final_Training_Data/COO/Certificate_Of_Origin_498_page_0.png,COO
3084,/New_Volume/trade-finance/final_delivery/classification_training/V2_Final_Training_Data/COO/Certificate_Of_Origin_223_page_4.png,COO
3085,/New_Volume/trade-finance/final_delivery/classification_training/V2_Final_Training_Data/COO/Certificate_Of_Origin_374_page_0.png,COO
3086,/New_Volume/trade-finance/final_delivery/classification_training/V2_Final_Training_Data/COO/Certificate_Of_Origin_379_page_0.png,COO
3087,/New_Volume/trade-finance/final_delivery/classification_training/V2_Final_Training_Data/COO/Certificate_Of_Origin_406_page_1.png,COO
3088,/New_Volume/trade-finance/final_delivery/classification_training/V2_Final_Training_Data/COO/Certificate_Of_Origin_466_page_0.png,COO
3089,/New_Volume/trade-finance/final_delivery/classification_training/V2_Final_Training_Data/COO/Certificate_Of_Origin_120_page_2.png,COO
3090,/New_Volume/trade-finance/final_delivery/classification_training/V2_Final_Training_Data/COO/Certificate_Of_Origin_294_page_0.png,COO
3091,/New_Volume/trade-finance/final_delivery/classification_training/V2_Final_Training_Data/COO/Certificate_Of_Origin_350_page_0.png,COO
3092,/New_Volume/trade-finance/final_delivery/classification_training/V2_Final_Training_Data/COO/Certificate_Of_Origin_253_page_0.png,COO
3093,/New_Volume/trade-finance/final_delivery/classification_training/V2_Final_Training_Data/COO/Certificate_Of_Origin_377_page_0.png,COO
3094,/New_Volume/trade-finance/final_delivery/classification_training/V2_Final_Training_Data/COO/Certificate_Of_Origin_572_page_16.png,COO
3095,/New_Volume/trade-finance/final_delivery/classification_training/V2_Final_Training_Data/COO/Certificate_Of_Origin_271_page_6.png,COO
3096,/New_Volume/trade-finance/final_delivery/classification_training/V2_Final_Training_Data/COO/Certificate_Of_Origin_321_page_1.png,COO
3097,/New_Volume/trade-finance/final_delivery/classification_training/V2_Final_Training_Data/COO/Certificate_Of_Origin_432_page_0.png,COO
3098,/New_Volume/trade-finance/final_delivery/classification_training/V2_Final_Training_Data/COO/Certificate_Of_Origin_293_page_0.png,COO
3099,/New_Volume/trade-finance/final_delivery/classification_training/V2_Final_Training_Data/COO/Certificate_Of_Origin_202_page_2.png,COO
3100,/New_Volume/trade-finance/final_delivery/classification_training/V2_Final_Training_Data/COO/Certificate_Of_Origin_415_page_0.png,COO
3101,/New_Volume/trade-finance/final_delivery/classification_training/V2_Final_Training_Data/COO/Certificate_Of_Origin_347_page_12.png,COO
3102,/New_Volume/trade-finance/final_delivery/classification_training/V2_Final_Training_Data/COO/Certificate_Of_Origin_214_page_0.png,COO
3103,/New_Volume/trade-finance/final_delivery/classification_training/V2_Final_Training_Data/COO/Certificate_Of_Origin_572_page_10.png,COO
3104,/New_Volume/trade-finance/final_delivery/classification_training/V2_Final_Training_Data/COO/Certificate_Of_Origin_420_page_0.png,COO
3105,/New_Volume/trade-finance/final_delivery/classification_training/V2_Final_Training_Data/COO/Certificate_Of_Origin_407_page_0.png,COO
3106,/New_Volume/trade-finance/final_delivery/classification_training/V2_Final_Training_Data/COO/Certificate_Of_Origin_192_page_4.png,COO
3107,/New_Volume/trade-finance/final_delivery/classification_training/V2_Final_Training_Data/COO/Certificate_Of_Origin_173_page_0.png,COO
3108,/New_Volume/trade-finance/final_delivery/classification_training/V2_Final_Training_Data/COO/Certificate_Of_Origin_219_page_2.png,COO
3109,/New_Volume/trade-finance/final_delivery/classification_training/V2_Final_Training_Data/COO/Certificate_Of_Origin_262_page_0.png,COO
3110,/New_Volume/trade-finance/final_delivery/classification_training/V2_Final_Training_Data/COO/Certificate_Of_Origin_455_page_0.png,COO
3111,/New_Volume/trade-finance/final_delivery/classification_training/V2_Final_Training_Data/COO/Certificate_Of_Origin_227_page_0.png,COO
3112,/New_Volume/trade-finance/final_delivery/classification_training/V2_Final_Training_Data/COO/Certificate_Of_Origin_287_page_0.png,COO
3113,/New_Volume/trade-finance/final_delivery/classification_training/V2_Final_Training_Data/COO/Certificate_Of_Origin_310_page_0.png,COO
3114,/New_Volume/trade-finance/final_delivery/classification_training/V2_Final_Training_Data/COO/Certificate_Of_Origin_192_page_2.png,COO
3115,/New_Volume/trade-finance/final_delivery/classification_training/V2_Final_Training_Data/COO/Certificate_Of_Origin_368_page_1.png,COO
3116,/New_Volume/trade-finance/final_delivery/classification_training/V2_Final_Training_Data/COO/Certificate_Of_Origin_448_page_7.png,COO
3117,/New_Volume/trade-finance/final_delivery/classification_training/V2_Final_Training_Data/COO/Certificate_Of_Origin_364_page_1.png,COO
3118,/New_Volume/trade-finance/final_delivery/classification_training/V2_Final_Training_Data/COO/Certificate_Of_Origin_479_page_0.png,COO
3119,/New_Volume/trade-finance/final_delivery/classification_training/V2_Final_Training_Data/COO/Certificate_Of_Origin_198_page_1.png,COO
3120,/New_Volume/trade-finance/final_delivery/classification_training/V2_Final_Training_Data/COO/Certificate_Of_Origin_452_page_0.png,COO
3121,/New_Volume/trade-finance/final_delivery/classification_training/V2_Final_Training_Data/COO/Certificate_Of_Origin_575_page_0.png,COO
3122,/New_Volume/trade-finance/final_delivery/classification_training/V2_Final_Training_Data/COO/Certificate_Of_Origin_309_page_0.png,COO
3123,/New_Volume/trade-finance/final_delivery/classification_training/V2_Final_Training_Data/COO/Certificate_Of_Origin_348_page_0.png,COO
3124,/New_Volume/trade-finance/final_delivery/classification_training/V2_Final_Training_Data/COO/Certificate_Of_Origin_156_page_0.png,COO
3125,/New_Volume/trade-finance/final_delivery/classification_training/V2_Final_Training_Data/COO/Certificate_Of_Origin_446_page_0.png,COO
3126,/New_Volume/trade-finance/final_delivery/classification_training/V2_Final_Training_Data/COO/Certificate_Of_Origin_163_page_0.png,COO
3127,/New_Volume/trade-finance/final_delivery/classification_training/V2_Final_Training_Data/COO/Certificate_Of_Origin_122_page_0.png,COO
3128,/New_Volume/trade-finance/final_delivery/classification_training/V2_Final_Training_Data/COO/Certificate_Of_Origin_220_page_1.png,COO
3129,/New_Volume/trade-finance/final_delivery/classification_training/V2_Final_Training_Data/COO/Certificate_Of_Origin_208_page_0.png,COO
3130,/New_Volume/trade-finance/final_delivery/classification_training/V2_Final_Training_Data/COO/Certificate_Of_Origin_278_page_0.png,COO
3131,/New_Volume/trade-finance/final_delivery/classification_training/V2_Final_Training_Data/COO/Certificate_Of_Origin_174_page_0.png,COO
3132,/New_Volume/trade-finance/final_delivery/classification_training/V2_Final_Training_Data/COO/Certificate_Of_Origin_454_page_0.png,COO
3133,/New_Volume/trade-finance/final_delivery/classification_training/V2_Final_Training_Data/COO/Certificate_Of_Origin_327_page_0.png,COO
3134,/New_Volume/trade-finance/final_delivery/classification_training/V2_Final_Training_Data/COO/Certificate_Of_Origin_288_page_0.png,COO
3135,/New_Volume/trade-finance/final_delivery/classification_training/V2_Final_Training_Data/COO/Certificate_Of_Origin_353_page_0.png,COO
3136,/New_Volume/trade-finance/final_delivery/classification_training/V2_Final_Training_Data/COO/Certificate_Of_Origin_216_page_2.png,COO
3137,/New_Volume/trade-finance/final_delivery/classification_training/V2_Final_Training_Data/COO/Certificate_Of_Origin_336_page_1.png,COO
3138,/New_Volume/trade-finance/final_delivery/classification_training/V2_Final_Training_Data/COO/Certificate_Of_Origin_341_page_0.png,COO
3139,/New_Volume/trade-finance/final_delivery/classification_training/V2_Final_Training_Data/COO/Certificate_Of_Origin_221_page_0.png,COO
3140,/New_Volume/trade-finance/final_delivery/classification_training/V2_Final_Training_Data/COO/Certificate_Of_Origin_412_page_0.png,COO
3141,/New_Volume/trade-finance/final_delivery/classification_training/V2_Final_Training_Data/COO/Certificate_Of_Origin_179_page_2.png,COO
3142,/New_Volume/trade-finance/final_delivery/classification_training/V2_Final_Training_Data/COO/Certificate_Of_Origin_340_page_0.png,COO
3143,/New_Volume/trade-finance/final_delivery/classification_training/V2_Final_Training_Data/COO/Certificate_Of_Origin_279_page_0.png,COO
3144,/New_Volume/trade-finance/final_delivery/classification_training/V2_Final_Training_Data/COO/Certificate_Of_Origin_286_page_0.png,COO
3145,/New_Volume/trade-finance/final_delivery/classification_training/V2_Final_Training_Data/COO/Certificate_Of_Origin_120_page_1.png,COO
3146,/New_Volume/trade-finance/final_delivery/classification_training/V2_Final_Training_Data/COO/Certificate_Of_Origin_226_page_1.png,COO
3147,/New_Volume/trade-finance/final_delivery/classification_training/V2_Final_Training_Data/COO/Certificate_Of_Origin_223_page_7.png,COO
3148,/New_Volume/trade-finance/final_delivery/classification_training/V2_Final_Training_Data/COO/Certificate_Of_Origin_201_page_2.png,COO
3149,/New_Volume/trade-finance/final_delivery/classification_training/V2_Final_Training_Data/COO/Certificate_Of_Origin_436_page_0.png,COO
3150,/New_Volume/trade-finance/final_delivery/classification_training/V2_Final_Training_Data/COO/Certificate_Of_Origin_414_page_0.png,COO
3151,/New_Volume/trade-finance/final_delivery/classification_training/V2_Final_Training_Data/COO/Certificate_Of_Origin_237_page_0.png,COO
3152,/New_Volume/trade-finance/final_delivery/classification_training/V2_Final_Training_Data/COO/Certificate_Of_Origin_321_page_0.png,COO
3153,/New_Volume/trade-finance/final_delivery/classification_training/V2_Final_Training_Data/COO/Certificate_Of_Origin_139_page_0.png,COO
3154,/New_Volume/trade-finance/final_delivery/classification_training/V2_Final_Training_Data/COO/Certificate_Of_Origin_396_page_0.png,COO
3155,/New_Volume/trade-finance/final_delivery/classification_training/V2_Final_Training_Data/COO/Certificate_Of_Origin_187_page_5.png,COO
3156,/New_Volume/trade-finance/final_delivery/classification_training/V2_Final_Training_Data/COO/Certificate_Of_Origin_226_page_2.png,COO
3157,/New_Volume/trade-finance/final_delivery/classification_training/V2_Final_Training_Data/COO/Certificate_Of_Origin_347_page_5.png,COO
3158,/New_Volume/trade-finance/final_delivery/classification_training/V2_Final_Training_Data/COO/Certificate_Of_Origin_144_page_0.png,COO
3159,/New_Volume/trade-finance/final_delivery/classification_training/V2_Final_Training_Data/COO/Certificate_Of_Origin_285_page_0.png,COO
3160,/New_Volume/trade-finance/final_delivery/classification_training/V2_Final_Training_Data/COO/Certificate_Of_Origin_283_page_0.png,COO
3161,/New_Volume/trade-finance/final_delivery/classification_training/V2_Final_Training_Data/COO/Certificate_Of_Origin_228_page_0.png,COO
3162,/New_Volume/trade-finance/final_delivery/classification_training/V2_Final_Training_Data/COO/Certificate_Of_Origin_496_page_0.png,COO
3163,/New_Volume/trade-finance/final_delivery/classification_training/V2_Final_Training_Data/COO/Certificate_Of_Origin_116_page_1.png,COO
3164,/New_Volume/trade-finance/final_delivery/classification_training/V2_Final_Training_Data/COO/Certificate_Of_Origin_619_page_0.png,COO
3165,/New_Volume/trade-finance/final_delivery/classification_training/V2_Final_Training_Data/COO/Certificate_Of_Origin_168_page_2.png,COO
3166,/New_Volume/trade-finance/final_delivery/classification_training/V2_Final_Training_Data/COO/Certificate_Of_Origin_450_page_2.png,COO
3167,/New_Volume/trade-finance/final_delivery/classification_training/V2_Final_Training_Data/COO/Certificate_Of_Origin_138_page_1.png,COO
3168,/New_Volume/trade-finance/final_delivery/classification_training/V2_Final_Training_Data/COO/Certificate_Of_Origin_272_page_0.png,COO
3169,/New_Volume/trade-finance/final_delivery/classification_training/V2_Final_Training_Data/COO/Certificate_Of_Origin_183_page_2.png,COO
3170,/New_Volume/trade-finance/final_delivery/classification_training/V2_Final_Training_Data/COO/Certificate_Of_Origin_274_page_2.png,COO
3171,/New_Volume/trade-finance/final_delivery/classification_training/V2_Final_Training_Data/COO/Certificate_Of_Origin_179_page_0.png,COO
3172,/New_Volume/trade-finance/final_delivery/classification_training/V2_Final_Training_Data/COO/Certificate_Of_Origin_308_page_0.png,COO
3173,/New_Volume/trade-finance/final_delivery/classification_training/V2_Final_Training_Data/COO/Certificate_Of_Origin_618_page_0.png,COO
3174,/New_Volume/trade-finance/final_delivery/classification_training/V2_Final_Training_Data/COO/Certificate_Of_Origin_271_page_9.png,COO
3175,/New_Volume/trade-finance/final_delivery/classification_training/V2_Final_Training_Data/COO/Certificate_Of_Origin_467_page_1.png,COO
3176,/New_Volume/trade-finance/final_delivery/classification_training/V2_Final_Training_Data/COO/Certificate_Of_Origin_370_page_0.png,COO
3177,/New_Volume/trade-finance/final_delivery/classification_training/V2_Final_Training_Data/COO/Certificate_Of_Origin_394_page_0.png,COO
3178,/New_Volume/trade-finance/final_delivery/classification_training/V2_Final_Training_Data/COO/Certificate_Of_Origin_136_page_0.png,COO
3179,/New_Volume/trade-finance/final_delivery/classification_training/V2_Final_Training_Data/COO/Certificate_Of_Origin_338_page_1.png,COO
3180,/New_Volume/trade-finance/final_delivery/classification_training/V2_Final_Training_Data/COO/Certificate_Of_Origin_413_page_0.png,COO
3181,/New_Volume/trade-finance/final_delivery/classification_training/V2_Final_Training_Data/COO/Certificate_Of_Origin_422_page_0.png,COO
3182,/New_Volume/trade-finance/final_delivery/classification_training/V2_Final_Training_Data/COO/Certificate_Of_Origin_226_page_0.png,COO
3183,/New_Volume/trade-finance/final_delivery/classification_training/V2_Final_Training_Data/COO/Certificate_Of_Origin_134_page_1.png,COO
3184,/New_Volume/trade-finance/final_delivery/classification_training/V2_Final_Training_Data/COO/Certificate_Of_Origin_260_page_0.png,COO
3185,/New_Volume/trade-finance/final_delivery/classification_training/V2_Final_Training_Data/COO/Certificate_Of_Origin_454_page_3.png,COO
3186,/New_Volume/trade-finance/final_delivery/classification_training/V2_Final_Training_Data/COO/Certificate_Of_Origin_180_page_4.png,COO
3187,/New_Volume/trade-finance/final_delivery/classification_training/V2_Final_Training_Data/COO/Certificate_Of_Origin_158_page_0.png,COO
3188,/New_Volume/trade-finance/final_delivery/classification_training/V2_Final_Training_Data/COO/Certificate_Of_Origin_356_page_0.png,COO
3189,/New_Volume/trade-finance/final_delivery/classification_training/V2_Final_Training_Data/COO/Certificate_Of_Origin_393_page_2.png,COO
3190,/New_Volume/trade-finance/final_delivery/classification_training/V2_Final_Training_Data/COO/Certificate_Of_Origin_230_page_0.png,COO
3191,/New_Volume/trade-finance/final_delivery/classification_training/V2_Final_Training_Data/COO/Certificate_Of_Origin_381_page_0.png,COO
3192,/New_Volume/trade-finance/final_delivery/classification_training/V2_Final_Training_Data/COO/Certificate_Of_Origin_329_page_0.png,COO
3193,/New_Volume/trade-finance/final_delivery/classification_training/V2_Final_Training_Data/COO/Certificate_Of_Origin_120_page_0.png,COO
3194,/New_Volume/trade-finance/final_delivery/classification_training/V2_Final_Training_Data/COO/Certificate_Of_Origin_459_page_0.png,COO
3195,/New_Volume/trade-finance/final_delivery/classification_training/V2_Final_Training_Data/COO/Certificate_Of_Origin_312_page_2.png,COO
3196,/New_Volume/trade-finance/final_delivery/classification_training/V2_Final_Training_Data/COO/Certificate_Of_Origin_479_page_10.png,COO
3197,/New_Volume/trade-finance/final_delivery/classification_training/V2_Final_Training_Data/COO/Certificate_Of_Origin_276_page_0.png,COO
3198,/New_Volume/trade-finance/final_delivery/classification_training/V2_Final_Training_Data/COO/Certificate_Of_Origin_133_page_0.png,COO
3199,/New_Volume/trade-finance/final_delivery/classification_training/V2_Final_Training_Data/COO/Certificate_Of_Origin_369_page_2.png,COO
3200,/New_Volume/trade-finance/final_delivery/classification_training/V2_Final_Training_Data/COO/Certificate_Of_Origin_448_page_1.png,COO
3201,/New_Volume/trade-finance/final_delivery/classification_training/V2_Final_Training_Data/COO/Certificate_Of_Origin_281_page_0.png,COO
3202,/New_Volume/trade-finance/final_delivery/classification_training/V2_Final_Training_Data/COO/Certificate_Of_Origin_216_page_0.png,COO
3203,/New_Volume/trade-finance/final_delivery/classification_training/V2_Final_Training_Data/COO/Certificate_Of_Origin_121_page_1.png,COO
3204,/New_Volume/trade-finance/final_delivery/classification_training/V2_Final_Training_Data/COO/Certificate_Of_Origin_404_page_0.png,COO
3205,/New_Volume/trade-finance/final_delivery/classification_training/V2_Final_Training_Data/COO/Certificate_Of_Origin_161_page_0.png,COO
3206,/New_Volume/trade-finance/final_delivery/classification_training/V2_Final_Training_Data/COO/Certificate_Of_Origin_320_page_1.png,COO
3207,/New_Volume/trade-finance/final_delivery/classification_training/V2_Final_Training_Data/COO/Certificate_Of_Origin_411_page_0.png,COO
3208,/New_Volume/trade-finance/final_delivery/classification_training/V2_Final_Training_Data/COO/Certificate_Of_Origin_222_page_0.png,COO
3209,/New_Volume/trade-finance/final_delivery/classification_training/V2_Final_Training_Data/COO/Certificate_Of_Origin_342_page_0.png,COO
3210,/New_Volume/trade-finance/final_delivery/classification_training/V2_Final_Training_Data/COO/Certificate_Of_Origin_493_page_0.png,COO
3211,/New_Volume/trade-finance/final_delivery/classification_training/V2_Final_Training_Data/COO/Certificate_Of_Origin_266_page_0.png,COO
3212,/New_Volume/trade-finance/final_delivery/classification_training/V2_Final_Training_Data/COO/Certificate_Of_Origin_243_page_1.png,COO
3213,/New_Volume/trade-finance/final_delivery/classification_training/V2_Final_Training_Data/COO/Certificate_Of_Origin_172_page_0.png,COO
3214,/New_Volume/trade-finance/final_delivery/classification_training/V2_Final_Training_Data/COO/Certificate_Of_Origin_361_page_1.png,COO
3215,/New_Volume/trade-finance/final_delivery/classification_training/V2_Final_Training_Data/COO/Certificate_Of_Origin_141_page_0.png,COO
3216,/New_Volume/trade-finance/final_delivery/classification_training/V2_Final_Training_Data/COO/Certificate_Of_Origin_450_page_0.png,COO
3217,/New_Volume/trade-finance/final_delivery/classification_training/V2_Final_Training_Data/COO/Certificate_Of_Origin_236_page_2.png,COO
3218,/New_Volume/trade-finance/final_delivery/classification_training/V2_Final_Training_Data/COO/Certificate_Of_Origin_202_page_1.png,COO
3219,/New_Volume/trade-finance/final_delivery/classification_training/V2_Final_Training_Data/COO/Certificate_Of_Origin_461_page_0.png,COO
3220,/New_Volume/trade-finance/final_delivery/classification_training/V2_Final_Training_Data/COO/Certificate_Of_Origin_167_page_2.png,COO
3221,/New_Volume/trade-finance/final_delivery/classification_training/V2_Final_Training_Data/COO/Certificate_Of_Origin_483_page_0.png,COO
3222,/New_Volume/trade-finance/final_delivery/classification_training/V2_Final_Training_Data/COO/Certificate_Of_Origin_184_page_0.png,COO
3223,/New_Volume/trade-finance/final_delivery/classification_training/V2_Final_Training_Data/COO/Certificate_Of_Origin_393_page_0.png,COO
3224,/New_Volume/trade-finance/final_delivery/classification_training/V2_Final_Training_Data/COO/Certificate_Of_Origin_304_page_0.png,COO
3225,/New_Volume/trade-finance/final_delivery/classification_training/V2_Final_Training_Data/COO/Certificate_Of_Origin_256_page_2.png,COO
3226,/New_Volume/trade-finance/final_delivery/classification_training/V2_Final_Training_Data/COO/Certificate_Of_Origin_166_page_2.png,COO
3227,/New_Volume/trade-finance/final_delivery/classification_training/V2_Final_Training_Data/COO/Certificate_Of_Origin_409_page_0.png,COO
3228,/New_Volume/trade-finance/final_delivery/classification_training/V2_Final_Training_Data/COO/Certificate_Of_Origin_186_page_2.png,COO
3229,/New_Volume/trade-finance/final_delivery/classification_training/V2_Final_Training_Data/COO/Certificate_Of_Origin_196_page_0.png,COO
3230,/New_Volume/trade-finance/final_delivery/classification_training/V2_Final_Training_Data/COO/Certificate_Of_Origin_244_page_0.png,COO
3231,/New_Volume/trade-finance/final_delivery/classification_training/V2_Final_Training_Data/COO/Certificate_Of_Origin_279_page_2.png,COO
3232,/New_Volume/trade-finance/final_delivery/classification_training/V2_Final_Training_Data/COO/Certificate_Of_Origin_141_page_2.png,COO
3233,/New_Volume/trade-finance/final_delivery/classification_training/V2_Final_Training_Data/COO/Certificate_Of_Origin_347_page_2.png,COO
3234,/New_Volume/trade-finance/final_delivery/classification_training/V2_Final_Training_Data/COO/Certificate_Of_Origin_418_page_1.png,COO
3235,/New_Volume/trade-finance/final_delivery/classification_training/V2_Final_Training_Data/COO/Certificate_Of_Origin_271_page_0.png,COO
3236,/New_Volume/trade-finance/final_delivery/classification_training/V2_Final_Training_Data/COO/Certificate_Of_Origin_242_page_2.png,COO
3237,/New_Volume/trade-finance/final_delivery/classification_training/V2_Final_Training_Data/COO/Certificate_Of_Origin_442_page_0.png,COO
3238,/New_Volume/trade-finance/final_delivery/classification_training/V2_Final_Training_Data/COO/Certificate_Of_Origin_578_page_1.png,COO
3239,/New_Volume/trade-finance/final_delivery/classification_training/V2_Final_Training_Data/COO/Certificate_Of_Origin_383_page_0.png,COO
3240,/New_Volume/trade-finance/final_delivery/classification_training/V2_Final_Training_Data/COO/Certificate_Of_Origin_355_page_0.png,COO
3241,/New_Volume/trade-finance/final_delivery/classification_training/V2_Final_Training_Data/COO/Certificate_Of_Origin_354_page_0.png,COO
3242,/New_Volume/trade-finance/final_delivery/classification_training/V2_Final_Training_Data/COO/Certificate_Of_Origin_448_page_6.png,COO
3243,/New_Volume/trade-finance/final_delivery/classification_training/V2_Final_Training_Data/COO/Certificate_Of_Origin_557_page_0.png,COO
3244,/New_Volume/trade-finance/final_delivery/classification_training/V2_Final_Training_Data/COO/Certificate_Of_Origin_482_page_0.png,COO
3245,/New_Volume/trade-finance/final_delivery/classification_training/V2_Final_Training_Data/COO/Certificate_Of_Origin_241_page_0.png,COO
3246,/New_Volume/trade-finance/final_delivery/classification_training/V2_Final_Training_Data/COO/Certificate_Of_Origin_187_page_0.png,COO
3247,/New_Volume/trade-finance/final_delivery/classification_training/V2_Final_Training_Data/COO/Certificate_Of_Origin_121_page_0.png,COO
3248,/New_Volume/trade-finance/final_delivery/classification_training/V2_Final_Training_Data/COO/Certificate_Of_Origin_181_page_0.png,COO
3249,/New_Volume/trade-finance/final_delivery/classification_training/V2_Final_Training_Data/COO/Certificate_Of_Origin_481_page_0.png,COO
3250,/New_Volume/trade-finance/final_delivery/classification_training/V2_Final_Training_Data/COO/Certificate_Of_Origin_234_page_0.png,COO
3251,/New_Volume/trade-finance/final_delivery/classification_training/V2_Final_Training_Data/COO/Certificate_Of_Origin_265_page_0.png,COO
3252,/New_Volume/trade-finance/final_delivery/classification_training/V2_Final_Training_Data/COO/Certificate_Of_Origin_275_page_0.png,COO
3253,/New_Volume/trade-finance/final_delivery/classification_training/V2_Final_Training_Data/COO/Certificate_Of_Origin_334_page_0.png,COO
3254,/New_Volume/trade-finance/final_delivery/classification_training/V2_Final_Training_Data/COO/Certificate_Of_Origin_269_page_4.png,COO
3255,/New_Volume/trade-finance/final_delivery/classification_training/V2_Final_Training_Data/COO/Certificate_Of_Origin_319_page_0.png,COO
3256,/New_Volume/trade-finance/final_delivery/classification_training/V2_Final_Training_Data/COO/Certificate_Of_Origin_219_page_0.png,COO
3257,/New_Volume/trade-finance/final_delivery/classification_training/V2_Final_Training_Data/COO/Certificate_Of_Origin_282_page_0.png,COO
3258,/New_Volume/trade-finance/final_delivery/classification_training/V2_Final_Training_Data/COO/Certificate_Of_Origin_580_page_2.png,COO
3259,/New_Volume/trade-finance/final_delivery/classification_training/V2_Final_Training_Data/COO/Certificate_Of_Origin_393_page_1.png,COO
3260,/New_Volume/trade-finance/final_delivery/classification_training/V2_Final_Training_Data/COO/Certificate_Of_Origin_193_page_0.png,COO
3261,/New_Volume/trade-finance/final_delivery/classification_training/V2_Final_Training_Data/COO/Certificate_Of_Origin_349_page_0.png,COO
3262,/New_Volume/trade-finance/final_delivery/classification_training/V2_Final_Training_Data/COO/Certificate_Of_Origin_177_page_2.png,COO
3263,/New_Volume/trade-finance/final_delivery/classification_training/V2_Final_Training_Data/COO/Certificate_Of_Origin_296_page_0.png,COO
3264,/New_Volume/trade-finance/final_delivery/classification_training/V2_Final_Training_Data/COO/Certificate_Of_Origin_183_page_1.png,COO
3265,/New_Volume/trade-finance/final_delivery/classification_training/V2_Final_Training_Data/COO/Certificate_Of_Origin_322_page_0.png,COO
3266,/New_Volume/trade-finance/final_delivery/classification_training/V2_Final_Training_Data/COO/Certificate_Of_Origin_166_page_1.png,COO
3267,/New_Volume/trade-finance/final_delivery/classification_training/V2_Final_Training_Data/COO/Certificate_Of_Origin_371_page_1.png,COO
3268,/New_Volume/trade-finance/final_delivery/classification_training/V2_Final_Training_Data/COO/Certificate_Of_Origin_369_page_0.png,COO
3269,/New_Volume/trade-finance/final_delivery/classification_training/V2_Final_Training_Data/COO/Certificate_Of_Origin_310_page_1.png,COO
3270,/New_Volume/trade-finance/final_delivery/classification_training/V2_Final_Training_Data/COO/Certificate_Of_Origin_142_page_1.png,COO
3271,/New_Volume/trade-finance/final_delivery/classification_training/V2_Final_Training_Data/COO/Certificate_Of_Origin_582_page_0.png,COO
3272,/New_Volume/trade-finance/final_delivery/classification_training/V2_Final_Training_Data/COO/Certificate_Of_Origin_478_page_0.png,COO
3273,/New_Volume/trade-finance/final_delivery/classification_training/V2_Final_Training_Data/COO/Certificate_Of_Origin_225_page_0.png,COO
3274,/New_Volume/trade-finance/final_delivery/classification_training/V2_Final_Training_Data/COO/Certificate_Of_Origin_333_page_0.png,COO
3275,/New_Volume/trade-finance/final_delivery/classification_training/V2_Final_Training_Data/COO/Certificate_Of_Origin_340_page_2.png,COO
3276,/New_Volume/trade-finance/final_delivery/classification_training/V2_Final_Training_Data/COO/Certificate_Of_Origin_250_page_0.png,COO
3277,/New_Volume/trade-finance/final_delivery/classification_training/V2_Final_Training_Data/COO/Certificate_Of_Origin_176_page_0.png,COO
3278,/New_Volume/trade-finance/final_delivery/classification_training/V2_Final_Training_Data/COO/Certificate_Of_Origin_284_page_0.png,COO
3279,/New_Volume/trade-finance/final_delivery/classification_training/V2_Final_Training_Data/COO/Certificate_Of_Origin_224_page_0.png,COO
3280,/New_Volume/trade-finance/final_delivery/classification_training/V2_Final_Training_Data/COO/Certificate_Of_Origin_231_page_0.png,COO
3281,/New_Volume/trade-finance/final_delivery/classification_training/V2_Final_Training_Data/COO/Certificate_Of_Origin_585_page_1.png,COO
3282,/New_Volume/trade-finance/final_delivery/classification_training/V2_Final_Training_Data/COO/Certificate_Of_Origin_367_page_0.png,COO
3283,/New_Volume/trade-finance/final_delivery/classification_training/V2_Final_Training_Data/COO/Certificate_Of_Origin_339_page_1.png,COO
3284,/New_Volume/trade-finance/final_delivery/classification_training/V2_Final_Training_Data/COO/Certificate_Of_Origin_366_page_0.png,COO
3285,/New_Volume/trade-finance/final_delivery/classification_training/V2_Final_Training_Data/COO/Certificate_Of_Origin_126_page_2.png,COO
3286,/New_Volume/trade-finance/final_delivery/classification_training/V2_Final_Training_Data/COO/Certificate_Of_Origin_460_page_1.png,COO
3287,/New_Volume/trade-finance/final_delivery/classification_training/V2_Final_Training_Data/COO/Certificate_Of_Origin_232_page_0.png,COO
3288,/New_Volume/trade-finance/final_delivery/classification_training/V2_Final_Training_Data/COO/Certificate_Of_Origin_387_page_0.png,COO
3289,/New_Volume/trade-finance/final_delivery/classification_training/V2_Final_Training_Data/COO/Certificate_Of_Origin_441_page_0.png,COO
3290,/New_Volume/trade-finance/final_delivery/classification_training/V2_Final_Training_Data/COO/Certificate_Of_Origin_280_page_0.png,COO
3291,/New_Volume/trade-finance/final_delivery/classification_training/V2_Final_Training_Data/COO/Certificate_Of_Origin_416_page_0.png,COO
3292,/New_Volume/trade-finance/final_delivery/classification_training/V2_Final_Training_Data/COO/Certificate_Of_Origin_277_page_0.png,COO
3293,/New_Volume/trade-finance/final_delivery/classification_training/V2_Final_Training_Data/COO/Certificate_Of_Origin_494_page_0.png,COO
3294,/New_Volume/trade-finance/final_delivery/classification_training/V2_Final_Training_Data/COO/Certificate_Of_Origin_444_page_1.png,COO
3295,/New_Volume/trade-finance/final_delivery/classification_training/V2_Final_Training_Data/COO/Certificate_Of_Origin_583_page_1.png,COO
3296,/New_Volume/trade-finance/final_delivery/classification_training/V2_Final_Training_Data/COO/Certificate_Of_Origin_192_page_0.png,COO
3297,/New_Volume/trade-finance/final_delivery/classification_training/V2_Final_Training_Data/COO/Certificate_Of_Origin_361_page_7.png,COO
3298,/New_Volume/trade-finance/final_delivery/classification_training/V2_Final_Training_Data/COO/Certificate_Of_Origin_272_page_2.png,COO
3299,/New_Volume/trade-finance/final_delivery/classification_training/V2_Final_Training_Data/COO/Certificate_Of_Origin_147_page_0.png,COO
3300,/New_Volume/trade-finance/final_delivery/classification_training/V2_Final_Training_Data/COO/Certificate_Of_Origin_495_page_0.png,COO
3301,/New_Volume/trade-finance/final_delivery/classification_training/V2_Final_Training_Data/COO/Certificate_Of_Origin_175_page_1.png,COO
3302,/New_Volume/trade-finance/final_delivery/classification_training/V2_Final_Training_Data/COO/Certificate_Of_Origin_198_page_2.png,COO
3303,/New_Volume/trade-finance/final_delivery/classification_training/V2_Final_Training_Data/COO/Certificate_Of_Origin_443_page_1.png,COO
3304,/New_Volume/trade-finance/final_delivery/classification_training/V2_Final_Training_Data/COO/Certificate_Of_Origin_321_page_3.png,COO
3305,/New_Volume/trade-finance/final_delivery/classification_training/V2_Final_Training_Data/COO/Certificate_Of_Origin_399_page_0.png,COO
3306,/New_Volume/trade-finance/final_delivery/classification_training/V2_Final_Training_Data/COO/Certificate_Of_Origin_544_page_0.png,COO
3307,/New_Volume/trade-finance/final_delivery/classification_training/V2_Final_Training_Data/COO/Certificate_Of_Origin_150_page_0.png,COO
3308,/New_Volume/trade-finance/final_delivery/classification_training/V2_Final_Training_Data/COO/Certificate_Of_Origin_357_page_3.png,COO
3309,/New_Volume/trade-finance/final_delivery/classification_training/V2_Final_Training_Data/COO/Certificate_Of_Origin_363_page_0.png,COO
3310,/New_Volume/trade-finance/final_delivery/classification_training/V2_Final_Training_Data/COO/Certificate_Of_Origin_345_page_0.png,COO
3311,/New_Volume/trade-finance/final_delivery/classification_training/V2_Final_Training_Data/COO/Certificate_Of_Origin_186_page_0.png,COO
3312,/New_Volume/trade-finance/final_delivery/classification_training/V2_Final_Training_Data/COO/Certificate_Of_Origin_323_page_0.png,COO
3313,/New_Volume/trade-finance/final_delivery/classification_training/V2_Final_Training_Data/COO/Certificate_Of_Origin_530_page_0.png,COO
3314,/New_Volume/trade-finance/final_delivery/classification_training/V2_Final_Training_Data/COO/Certificate_Of_Origin_252_page_0.png,COO
3315,/New_Volume/trade-finance/final_delivery/classification_training/V2_Final_Training_Data/COO/Certificate_Of_Origin_154_page_2.png,COO
3316,/New_Volume/trade-finance/final_delivery/classification_training/V2_Final_Training_Data/COO/Certificate_Of_Origin_273_page_0.png,COO
3317,/New_Volume/trade-finance/final_delivery/classification_training/V2_Final_Training_Data/COO/Certificate_Of_Origin_168_page_0.png,COO
3318,/New_Volume/trade-finance/final_delivery/classification_training/V2_Final_Training_Data/COO/Certificate_Of_Origin_456_page_0.png,COO
3319,/New_Volume/trade-finance/final_delivery/classification_training/V2_Final_Training_Data/COO/Certificate_Of_Origin_384_page_0.png,COO
3320,/New_Volume/trade-finance/final_delivery/classification_training/V2_Final_Training_Data/COO/Certificate_Of_Origin_357_page_0.png,COO
3321,/New_Volume/trade-finance/final_delivery/classification_training/V2_Final_Training_Data/COO/Certificate_Of_Origin_435_page_0.png,COO
3322,/New_Volume/trade-finance/final_delivery/classification_training/V2_Final_Training_Data/COO/Certificate_Of_Origin_421_page_0.png,COO
3323,/New_Volume/trade-finance/final_delivery/classification_training/V2_Final_Training_Data/COO/Certificate_Of_Origin_546_page_0.png,COO
3324,/New_Volume/trade-finance/final_delivery/classification_training/V2_Final_Training_Data/COO/Certificate_Of_Origin_223_page_2.png,COO
3325,/New_Volume/trade-finance/final_delivery/classification_training/V2_Final_Training_Data/COO/Certificate_Of_Origin_223_page_14.png,COO
3326,/New_Volume/trade-finance/final_delivery/classification_training/V2_Final_Training_Data/COO/Certificate_Of_Origin_143_page_0.png,COO
3327,/New_Volume/trade-finance/final_delivery/classification_training/V2_Final_Training_Data/COO/Certificate_Of_Origin_363_page_1.png,COO
3328,/New_Volume/trade-finance/final_delivery/classification_training/V2_Final_Training_Data/COO/Certificate_Of_Origin_315_page_0.png,COO
3329,/New_Volume/trade-finance/final_delivery/classification_training/V2_Final_Training_Data/COO/Certificate_Of_Origin_427_page_1.png,COO
3330,/New_Volume/trade-finance/final_delivery/classification_training/V2_Final_Training_Data/COO/Certificate_Of_Origin_153_page_0.png,COO
3331,/New_Volume/trade-finance/final_delivery/classification_training/V2_Final_Training_Data/COO/Certificate_Of_Origin_485_page_2.png,COO
3332,/New_Volume/trade-finance/final_delivery/classification_training/V2_Final_Training_Data/COO/Certificate_Of_Origin_240_page_0.png,COO
3333,/New_Volume/trade-finance/final_delivery/classification_training/V2_Final_Training_Data/COO/Certificate_Of_Origin_485_page_1.png,COO
3334,/New_Volume/trade-finance/final_delivery/classification_training/V2_Final_Training_Data/COO/Certificate_Of_Origin_164_page_0.png,COO
3335,/New_Volume/trade-finance/final_delivery/classification_training/V2_Final_Training_Data/COO/Certificate_Of_Origin_300_page_0.png,COO
3336,/New_Volume/trade-finance/final_delivery/classification_training/V2_Final_Training_Data/COO/Certificate_Of_Origin_385_page_0.png,COO
3337,/New_Volume/trade-finance/final_delivery/classification_training/V2_Final_Training_Data/COO/Certificate_Of_Origin_155_page_1.png,COO
3338,/New_Volume/trade-finance/final_delivery/classification_training/V2_Final_Training_Data/COO/Certificate_Of_Origin_223_page_6.png,COO
3339,/New_Volume/trade-finance/final_delivery/classification_training/V2_Final_Training_Data/COO/Certificate_Of_Origin_378_page_0.png,COO
3340,/New_Volume/trade-finance/final_delivery/classification_training/V2_Final_Training_Data/COO/Certificate_Of_Origin_491_page_0.png,COO
3341,/New_Volume/trade-finance/final_delivery/classification_training/V2_Final_Training_Data/COO/Certificate_Of_Origin_335_page_0.png,COO
3342,/New_Volume/trade-finance/final_delivery/classification_training/V2_Final_Training_Data/COO/Certificate_Of_Origin_185_page_1.png,COO
3343,/New_Volume/trade-finance/final_delivery/classification_training/V2_Final_Training_Data/COO/Certificate_Of_Origin_357_page_1.png,COO
3344,/New_Volume/trade-finance/final_delivery/classification_training/V2_Final_Training_Data/COO/Certificate_Of_Origin_389_page_0.png,COO
3345,/New_Volume/trade-finance/final_delivery/classification_training/V2_Final_Training_Data/COO/Certificate_Of_Origin_217_page_0.png,COO
3346,/New_Volume/trade-finance/final_delivery/classification_training/V2_Final_Training_Data/COO/Certificate_Of_Origin_395_page_2.png,COO
3347,/New_Volume/trade-finance/final_delivery/classification_training/V2_Final_Training_Data/COO/Certificate_Of_Origin_587_page_0.png,COO
3348,/New_Volume/trade-finance/final_delivery/classification_training/V2_Final_Training_Data/COO/Certificate_Of_Origin_533_page_0.png,COO
3349,/New_Volume/trade-finance/final_delivery/classification_training/V2_Final_Training_Data/COO/Certificate_Of_Origin_344_page_0.png,COO
3350,/New_Volume/trade-finance/final_delivery/classification_training/V2_Final_Training_Data/COO/Certificate_Of_Origin_290_page_0.png,COO
3351,/New_Volume/trade-finance/final_delivery/classification_training/V2_Final_Training_Data/COO/Certificate_Of_Origin_177_page_1.png,COO
3352,/New_Volume/trade-finance/final_delivery/classification_training/V2_Final_Training_Data/COO/Certificate_Of_Origin_357_page_2.png,COO
3353,/New_Volume/trade-finance/final_delivery/classification_training/V2_Final_Training_Data/COO/Certificate_Of_Origin_236_page_0.png,COO
3354,/New_Volume/trade-finance/final_delivery/classification_training/V2_Final_Training_Data/COO/Certificate_Of_Origin_361_page_0.png,COO
3355,/New_Volume/trade-finance/final_delivery/classification_training/V2_Final_Training_Data/COO/Certificate_Of_Origin_487_page_3.png,COO
3356,/New_Volume/trade-finance/final_delivery/classification_training/V2_Final_Training_Data/COO/Certificate_Of_Origin_510_page_0.png,COO
3357,/New_Volume/trade-finance/final_delivery/classification_training/V2_Final_Training_Data/COO/Certificate_Of_Origin_117_page_0.png,COO
3358,/New_Volume/trade-finance/final_delivery/classification_training/V2_Final_Training_Data/COO/Certificate_Of_Origin_307_page_1.png,COO
3359,/New_Volume/trade-finance/final_delivery/classification_training/V2_Final_Training_Data/COO/Certificate_Of_Origin_443_page_2.png,COO
3360,/New_Volume/trade-finance/final_delivery/classification_training/V2_Final_Training_Data/COO/Certificate_Of_Origin_470_page_28.png,COO
3361,/New_Volume/trade-finance/final_delivery/classification_training/V2_Final_Training_Data/COO/Certificate_Of_Origin_141_page_4.png,COO
3362,/New_Volume/trade-finance/final_delivery/classification_training/V2_Final_Training_Data/COO/Certificate_Of_Origin_346_page_0.png,COO
3363,/New_Volume/trade-finance/final_delivery/classification_training/V2_Final_Training_Data/COO/Certificate_Of_Origin_168_page_1.png,COO
3364,/New_Volume/trade-finance/final_delivery/classification_training/V2_Final_Training_Data/COO/Certificate_Of_Origin_167_page_3.png,COO
3365,/New_Volume/trade-finance/final_delivery/classification_training/V2_Final_Training_Data/COO/Certificate_Of_Origin_347_page_1.png,COO
3366,/New_Volume/trade-finance/final_delivery/classification_training/V2_Final_Training_Data/COO/Certificate_Of_Origin_256_page_1.png,COO
3367,/New_Volume/trade-finance/final_delivery/classification_training/V2_Final_Training_Data/COO/Certificate_Of_Origin_305_page_0.png,COO
3368,/New_Volume/trade-finance/final_delivery/classification_training/V2_Final_Training_Data/COO/Certificate_Of_Origin_401.PDF_page_0.png,COO
3369,/New_Volume/trade-finance/final_delivery/classification_training/V2_Final_Training_Data/COO/Certificate_Of_Origin_245_page_0.png,COO
3370,/New_Volume/trade-finance/final_delivery/classification_training/V2_Final_Training_Data/COO/Certificate_Of_Origin_332_page_0.png,COO
3371,/New_Volume/trade-finance/final_delivery/classification_training/V2_Final_Training_Data/COO/Certificate_Of_Origin_229_page_0.png,COO
3372,/New_Volume/trade-finance/final_delivery/classification_training/V2_Final_Training_Data/COO/Certificate_Of_Origin_257_page_0.png,COO
3373,/New_Volume/trade-finance/final_delivery/classification_training/V2_Final_Training_Data/COO/Certificate_Of_Origin_449_page_1.png,COO
3374,/New_Volume/trade-finance/final_delivery/classification_training/V2_Final_Training_Data/COO/Certificate_Of_Origin_221_page_1.png,COO
3375,/New_Volume/trade-finance/final_delivery/classification_training/V2_Final_Training_Data/COO/Certificate_Of_Origin_289_page_0.png,COO
3376,/New_Volume/trade-finance/final_delivery/classification_training/V2_Final_Training_Data/COO/Certificate_Of_Origin_471.PDF_page_0.png,COO
3377,/New_Volume/trade-finance/final_delivery/classification_training/V2_Final_Training_Data/COO/Certificate_Of_Origin_448_page_0.png,COO
3378,/New_Volume/trade-finance/final_delivery/classification_training/V2_Final_Training_Data/COO/Certificate_Of_Origin_402_page_0.png,COO
3379,/New_Volume/trade-finance/final_delivery/classification_training/V2_Final_Training_Data/COO/Certificate_Of_Origin_402_page_2.png,COO
3380,/New_Volume/trade-finance/final_delivery/classification_training/V2_Final_Training_Data/COO/Certificate_Of_Origin_363_page_2.png,COO
3381,/New_Volume/trade-finance/final_delivery/classification_training/V2_Final_Training_Data/COO/Certificate_Of_Origin_184_page_1.png,COO
3382,/New_Volume/trade-finance/final_delivery/classification_training/V2_Final_Training_Data/COO/Certificate_Of_Origin_453_page_1.png,COO
3383,/New_Volume/trade-finance/final_delivery/classification_training/V2_Final_Training_Data/COO/Certificate_Of_Origin_259_page_0.png,COO
3384,/New_Volume/trade-finance/final_delivery/classification_training/V2_Final_Training_Data/COO/Certificate_Of_Origin_419_page_0.png,COO
3385,/New_Volume/trade-finance/final_delivery/classification_training/V2_Final_Training_Data/COO/Certificate_Of_Origin_177_page_0.png,COO
3386,/New_Volume/trade-finance/final_delivery/classification_training/V2_Final_Training_Data/COO/Certificate_Of_Origin_123_page_0.png,COO
3387,/New_Volume/trade-finance/final_delivery/classification_training/V2_Final_Training_Data/COO/Certificate_Of_Origin_217_page_1.png,COO
3388,/New_Volume/trade-finance/final_delivery/classification_training/V2_Final_Training_Data/CI/Invoice_220_19.png,CI
3389,/New_Volume/trade-finance/final_delivery/classification_training/V2_Final_Training_Data/CI/Invoice_373_6.png,CI
3390,/New_Volume/trade-finance/final_delivery/classification_training/V2_Final_Training_Data/CI/Invoice_220_41.png,CI
3391,/New_Volume/trade-finance/final_delivery/classification_training/V2_Final_Training_Data/CI/Invoice_41_5.png,CI
3392,/New_Volume/trade-finance/final_delivery/classification_training/V2_Final_Training_Data/CI/Invoice_396_0.png,CI
3393,/New_Volume/trade-finance/final_delivery/classification_training/V2_Final_Training_Data/CI/Invoice_220_21.png,CI
3394,/New_Volume/trade-finance/final_delivery/classification_training/V2_Final_Training_Data/CI/Invoice_195_0.png,CI
3395,/New_Volume/trade-finance/final_delivery/classification_training/V2_Final_Training_Data/CI/Invoice_176_25.png,CI
3396,/New_Volume/trade-finance/final_delivery/classification_training/V2_Final_Training_Data/CI/Invoice_352_18.png,CI
3397,/New_Volume/trade-finance/final_delivery/classification_training/V2_Final_Training_Data/CI/Invoice_38_7.png,CI
3398,/New_Volume/trade-finance/final_delivery/classification_training/V2_Final_Training_Data/CI/Invoice_253_0.png,CI
3399,/New_Volume/trade-finance/final_delivery/classification_training/V2_Final_Training_Data/CI/Invoice_242_0.png,CI
3400,/New_Volume/trade-finance/final_delivery/classification_training/V2_Final_Training_Data/CI/Invoice_405_7.png,CI
3401,/New_Volume/trade-finance/final_delivery/classification_training/V2_Final_Training_Data/CI/Invoice_200_0.png,CI
3402,/New_Volume/trade-finance/final_delivery/classification_training/V2_Final_Training_Data/CI/Invoice_279_0.png,CI
3403,/New_Volume/trade-finance/final_delivery/classification_training/V2_Final_Training_Data/CI/Invoice_204_1.png,CI
3404,/New_Volume/trade-finance/final_delivery/classification_training/V2_Final_Training_Data/CI/Invoice_351_0.png,CI
3405,/New_Volume/trade-finance/final_delivery/classification_training/V2_Final_Training_Data/CI/Invoice_176_23.png,CI
3406,/New_Volume/trade-finance/final_delivery/classification_training/V2_Final_Training_Data/CI/Invoice_41_8.png,CI
3407,/New_Volume/trade-finance/final_delivery/classification_training/V2_Final_Training_Data/CI/Invoice(2012_08_21_13_51_21_4587)_629_1.png,CI
3408,/New_Volume/trade-finance/final_delivery/classification_training/V2_Final_Training_Data/CI/Invoice_123_12.png,CI
3409,/New_Volume/trade-finance/final_delivery/classification_training/V2_Final_Training_Data/CI/Invoice_123_9.png,CI
3410,/New_Volume/trade-finance/final_delivery/classification_training/V2_Final_Training_Data/CI/Invoice_109_5.png,CI
3411,/New_Volume/trade-finance/final_delivery/classification_training/V2_Final_Training_Data/CI/Invoice_285_0.png,CI
3412,/New_Volume/trade-finance/final_delivery/classification_training/V2_Final_Training_Data/CI/Invoice_264_7.png,CI
3413,/New_Volume/trade-finance/final_delivery/classification_training/V2_Final_Training_Data/CI/Invoice_405_24.png,CI
3414,/New_Volume/trade-finance/final_delivery/classification_training/V2_Final_Training_Data/CI/Invoice_30_1.png,CI
3415,/New_Volume/trade-finance/final_delivery/classification_training/V2_Final_Training_Data/CI/Invoice_381_15.png,CI
3416,/New_Volume/trade-finance/final_delivery/classification_training/V2_Final_Training_Data/CI/Invoice_250_1.png,CI
3417,/New_Volume/trade-finance/final_delivery/classification_training/V2_Final_Training_Data/CI/Invoice_23_0.png,CI
3418,/New_Volume/trade-finance/final_delivery/classification_training/V2_Final_Training_Data/CI/Invoice_110_2.png,CI
3419,/New_Volume/trade-finance/final_delivery/classification_training/V2_Final_Training_Data/CI/Invoice_176_26.png,CI
3420,/New_Volume/trade-finance/final_delivery/classification_training/V2_Final_Training_Data/CI/Invoice_16_0.png,CI
3421,/New_Volume/trade-finance/final_delivery/classification_training/V2_Final_Training_Data/CI/Invoice_355_0.png,CI
3422,/New_Volume/trade-finance/final_delivery/classification_training/V2_Final_Training_Data/CI/Invoice_41_30.png,CI
3423,/New_Volume/trade-finance/final_delivery/classification_training/V2_Final_Training_Data/CI/Invoice_179_1.png,CI
3424,/New_Volume/trade-finance/final_delivery/classification_training/V2_Final_Training_Data/CI/Invoice_149_0.png,CI
3425,/New_Volume/trade-finance/final_delivery/classification_training/V2_Final_Training_Data/CI/Invoice_373_3.png,CI
3426,/New_Volume/trade-finance/final_delivery/classification_training/V2_Final_Training_Data/CI/Invoice_381_5.png,CI
3427,/New_Volume/trade-finance/final_delivery/classification_training/V2_Final_Training_Data/CI/Invoice_352_7.png,CI
3428,/New_Volume/trade-finance/final_delivery/classification_training/V2_Final_Training_Data/CI/Invoice_191_0.png,CI
3429,/New_Volume/trade-finance/final_delivery/classification_training/V2_Final_Training_Data/CI/Invoice_17_0.png,CI
3430,/New_Volume/trade-finance/final_delivery/classification_training/V2_Final_Training_Data/CI/Invoice_176_24.png,CI
3431,/New_Volume/trade-finance/final_delivery/classification_training/V2_Final_Training_Data/CI/Invoice_109_7.png,CI
3432,/New_Volume/trade-finance/final_delivery/classification_training/V2_Final_Training_Data/CI/Invoice_176_18.png,CI
3433,/New_Volume/trade-finance/final_delivery/classification_training/V2_Final_Training_Data/CI/Invoice_176_2.png,CI
3434,/New_Volume/trade-finance/final_delivery/classification_training/V2_Final_Training_Data/CI/Invoice_38_2.png,CI
3435,/New_Volume/trade-finance/final_delivery/classification_training/V2_Final_Training_Data/CI/Invoice_220_29.png,CI
3436,/New_Volume/trade-finance/final_delivery/classification_training/V2_Final_Training_Data/CI/Invoice_378_0.png,CI
3437,/New_Volume/trade-finance/final_delivery/classification_training/V2_Final_Training_Data/CI/Invoice_245_2.png,CI
3438,/New_Volume/trade-finance/final_delivery/classification_training/V2_Final_Training_Data/CI/Invoice_176_3.png,CI
3439,/New_Volume/trade-finance/final_delivery/classification_training/V2_Final_Training_Data/CI/Invoice_274_2.png,CI
3440,/New_Volume/trade-finance/final_delivery/classification_training/V2_Final_Training_Data/CI/Invoice_373_2.png,CI
3441,/New_Volume/trade-finance/final_delivery/classification_training/V2_Final_Training_Data/CI/Invoice_381_10.png,CI
3442,/New_Volume/trade-finance/final_delivery/classification_training/V2_Final_Training_Data/CI/Invoice_405_12.png,CI
3443,/New_Volume/trade-finance/final_delivery/classification_training/V2_Final_Training_Data/CI/Invoice_3_1.png,CI
3444,/New_Volume/trade-finance/final_delivery/classification_training/V2_Final_Training_Data/CI/Invoice_202_1.png,CI
3445,/New_Volume/trade-finance/final_delivery/classification_training/V2_Final_Training_Data/CI/Invoice_176_42.png,CI
3446,/New_Volume/trade-finance/final_delivery/classification_training/V2_Final_Training_Data/CI/Invoice_14_1.png,CI
3447,/New_Volume/trade-finance/final_delivery/classification_training/V2_Final_Training_Data/CI/Invoice_381_3.png,CI
3448,/New_Volume/trade-finance/final_delivery/classification_training/V2_Final_Training_Data/CI/Invoice(2012_08_21_13_51_21_4587)_629.TIF_1.png,CI
3449,/New_Volume/trade-finance/final_delivery/classification_training/V2_Final_Training_Data/CI/Invoice_220_9.png,CI
3450,/New_Volume/trade-finance/final_delivery/classification_training/V2_Final_Training_Data/CI/Invoice_352_13.png,CI
3451,/New_Volume/trade-finance/final_delivery/classification_training/V2_Final_Training_Data/CI/Invoice_222_1.png,CI
3452,/New_Volume/trade-finance/final_delivery/classification_training/V2_Final_Training_Data/CI/Invoice_392_0.png,CI
3453,/New_Volume/trade-finance/final_delivery/classification_training/V2_Final_Training_Data/CI/Invoice_123_1.png,CI
3454,/New_Volume/trade-finance/final_delivery/classification_training/V2_Final_Training_Data/CI/Invoice_109_2.png,CI
3455,/New_Volume/trade-finance/final_delivery/classification_training/V2_Final_Training_Data/CI/Invoice_104_4.png,CI
3456,/New_Volume/trade-finance/final_delivery/classification_training/V2_Final_Training_Data/CI/Invoice_405_27.png,CI
3457,/New_Volume/trade-finance/final_delivery/classification_training/V2_Final_Training_Data/CI/Invoice_174_2.png,CI
3458,/New_Volume/trade-finance/final_delivery/classification_training/V2_Final_Training_Data/CI/Invoice_309_2.png,CI
3459,/New_Volume/trade-finance/final_delivery/classification_training/V2_Final_Training_Data/CI/Invoice_405_9.png,CI
3460,/New_Volume/trade-finance/final_delivery/classification_training/V2_Final_Training_Data/CI/Invoice_394_0.png,CI
3461,/New_Volume/trade-finance/final_delivery/classification_training/V2_Final_Training_Data/CI/Invoice_41_16.png,CI
3462,/New_Volume/trade-finance/final_delivery/classification_training/V2_Final_Training_Data/CI/Invoice_182_1.png,CI
3463,/New_Volume/trade-finance/final_delivery/classification_training/V2_Final_Training_Data/CI/Invoice_38_6.png,CI
3464,/New_Volume/trade-finance/final_delivery/classification_training/V2_Final_Training_Data/CI/Invoice_220_45.png,CI
3465,/New_Volume/trade-finance/final_delivery/classification_training/V2_Final_Training_Data/CI/Invoice_179_0.png,CI
3466,/New_Volume/trade-finance/final_delivery/classification_training/V2_Final_Training_Data/CI/Invoice_123_13.png,CI
3467,/New_Volume/trade-finance/final_delivery/classification_training/V2_Final_Training_Data/CI/Invoice_244_1.png,CI
3468,/New_Volume/trade-finance/final_delivery/classification_training/V2_Final_Training_Data/CI/Invoice_396_1.png,CI
3469,/New_Volume/trade-finance/final_delivery/classification_training/V2_Final_Training_Data/CI/Invoice_176_9.png,CI
3470,/New_Volume/trade-finance/final_delivery/classification_training/V2_Final_Training_Data/CI/Invoice_41_19.png,CI
3471,/New_Volume/trade-finance/final_delivery/classification_training/V2_Final_Training_Data/CI/Invoice_342_10.png,CI
3472,/New_Volume/trade-finance/final_delivery/classification_training/V2_Final_Training_Data/CI/Invoice_176_7.png,CI
3473,/New_Volume/trade-finance/final_delivery/classification_training/V2_Final_Training_Data/CI/Invoice_381_6.png,CI
3474,/New_Volume/trade-finance/final_delivery/classification_training/V2_Final_Training_Data/CI/Invoice_123_3.png,CI
3475,/New_Volume/trade-finance/final_delivery/classification_training/V2_Final_Training_Data/CI/Invoice_197_12.png,CI
3476,/New_Volume/trade-finance/final_delivery/classification_training/V2_Final_Training_Data/CI/Invoice_220_11.png,CI
3477,/New_Volume/trade-finance/final_delivery/classification_training/V2_Final_Training_Data/CI/Invoice_402_0.png,CI
3478,/New_Volume/trade-finance/final_delivery/classification_training/V2_Final_Training_Data/CI/Invoice_31_2.png,CI
3479,/New_Volume/trade-finance/final_delivery/classification_training/V2_Final_Training_Data/CI/Invoice_176_19.png,CI
3480,/New_Volume/trade-finance/final_delivery/classification_training/V2_Final_Training_Data/CI/Invoice_194_0.png,CI
3481,/New_Volume/trade-finance/final_delivery/classification_training/V2_Final_Training_Data/CI/Invoice_153_1.png,CI
3482,/New_Volume/trade-finance/final_delivery/classification_training/V2_Final_Training_Data/CI/Invoice_317_2.png,CI
3483,/New_Volume/trade-finance/final_delivery/classification_training/V2_Final_Training_Data/CI/Invoice_155_0.png,CI
3484,/New_Volume/trade-finance/final_delivery/classification_training/V2_Final_Training_Data/CI/Invoice_220_35.png,CI
3485,/New_Volume/trade-finance/final_delivery/classification_training/V2_Final_Training_Data/CI/Invoice_302_12.png,CI
3486,/New_Volume/trade-finance/final_delivery/classification_training/V2_Final_Training_Data/CI/Invoice_339_0.png,CI
3487,/New_Volume/trade-finance/final_delivery/classification_training/V2_Final_Training_Data/CI/Invoice_362_1.png,CI
3488,/New_Volume/trade-finance/final_delivery/classification_training/V2_Final_Training_Data/CI/Invoice_176_29.png,CI
3489,/New_Volume/trade-finance/final_delivery/classification_training/V2_Final_Training_Data/CI/Invoice_381_4.png,CI
3490,/New_Volume/trade-finance/final_delivery/classification_training/V2_Final_Training_Data/CI/Invoice_363_8.png,CI
3491,/New_Volume/trade-finance/final_delivery/classification_training/V2_Final_Training_Data/CI/Invoice_326_0.png,CI
3492,/New_Volume/trade-finance/final_delivery/classification_training/V2_Final_Training_Data/CI/Invoice_176_14.png,CI
3493,/New_Volume/trade-finance/final_delivery/classification_training/V2_Final_Training_Data/CI/Invoice_255_2.png,CI
3494,/New_Volume/trade-finance/final_delivery/classification_training/V2_Final_Training_Data/CI/Invoice_245_3.png,CI
3495,/New_Volume/trade-finance/final_delivery/classification_training/V2_Final_Training_Data/CI/Invoice_109_3.png,CI
3496,/New_Volume/trade-finance/final_delivery/classification_training/V2_Final_Training_Data/CI/Invoice_109_8.png,CI
3497,/New_Volume/trade-finance/final_delivery/classification_training/V2_Final_Training_Data/CI/Invoice_307_0.png,CI
3498,/New_Volume/trade-finance/final_delivery/classification_training/V2_Final_Training_Data/CI/Invoice_156_0.png,CI
3499,/New_Volume/trade-finance/final_delivery/classification_training/V2_Final_Training_Data/CI/Invoice_123_5.png,CI
3500,/New_Volume/trade-finance/final_delivery/classification_training/V2_Final_Training_Data/CI/Invoice_311_0.png,CI
3501,/New_Volume/trade-finance/final_delivery/classification_training/V2_Final_Training_Data/CI/Invoice_14_0.png,CI
3502,/New_Volume/trade-finance/final_delivery/classification_training/V2_Final_Training_Data/CI/Invoice_381_8.png,CI
3503,/New_Volume/trade-finance/final_delivery/classification_training/V2_Final_Training_Data/CI/Invoice_123_10.png,CI
3504,/New_Volume/trade-finance/final_delivery/classification_training/V2_Final_Training_Data/CI/Invoice_342_6.png,CI
3505,/New_Volume/trade-finance/final_delivery/classification_training/V2_Final_Training_Data/CI/Invoice_41_21.png,CI
3506,/New_Volume/trade-finance/final_delivery/classification_training/V2_Final_Training_Data/CI/Invoice_16_3.png,CI
3507,/New_Volume/trade-finance/final_delivery/classification_training/V2_Final_Training_Data/CI/Invoice_41_4.png,CI
3508,/New_Volume/trade-finance/final_delivery/classification_training/V2_Final_Training_Data/CI/Invoice_190_0.png,CI
3509,/New_Volume/trade-finance/final_delivery/classification_training/V2_Final_Training_Data/CI/Invoice_117_0.png,CI
3510,/New_Volume/trade-finance/final_delivery/classification_training/V2_Final_Training_Data/CI/Invoice_41_28.png,CI
3511,/New_Volume/trade-finance/final_delivery/classification_training/V2_Final_Training_Data/CI/Invoice_342_0.png,CI
3512,/New_Volume/trade-finance/final_delivery/classification_training/V2_Final_Training_Data/CI/Invoice_41_3.png,CI
3513,/New_Volume/trade-finance/final_delivery/classification_training/V2_Final_Training_Data/CI/Invoice_192_0.png,CI
3514,/New_Volume/trade-finance/final_delivery/classification_training/V2_Final_Training_Data/CI/Invoice_363_1.png,CI
3515,/New_Volume/trade-finance/final_delivery/classification_training/V2_Final_Training_Data/CI/Invoice_318_1.png,CI
3516,/New_Volume/trade-finance/final_delivery/classification_training/V2_Final_Training_Data/CI/Invoice_371_1.png,CI
3517,/New_Volume/trade-finance/final_delivery/classification_training/V2_Final_Training_Data/CI/Invoice_381_13.png,CI
3518,/New_Volume/trade-finance/final_delivery/classification_training/V2_Final_Training_Data/CI/Invoice_205_0.png,CI
3519,/New_Volume/trade-finance/final_delivery/classification_training/V2_Final_Training_Data/CI/Invoice_367_1.png,CI
3520,/New_Volume/trade-finance/final_delivery/classification_training/V2_Final_Training_Data/CI/Invoice_325_0.png,CI
3521,/New_Volume/trade-finance/final_delivery/classification_training/V2_Final_Training_Data/CI/Invoice_381_1.png,CI
3522,/New_Volume/trade-finance/final_delivery/classification_training/V2_Final_Training_Data/CI/Invoice_176_17.png,CI
3523,/New_Volume/trade-finance/final_delivery/classification_training/V2_Final_Training_Data/CI/Invoice_131_1.png,CI
3524,/New_Volume/trade-finance/final_delivery/classification_training/V2_Final_Training_Data/CI/Invoice_149_1.png,CI
3525,/New_Volume/trade-finance/final_delivery/classification_training/V2_Final_Training_Data/CI/Invoice_123_6.png,CI
3526,/New_Volume/trade-finance/final_delivery/classification_training/V2_Final_Training_Data/CI/Invoice_220_27.png,CI
3527,/New_Volume/trade-finance/final_delivery/classification_training/V2_Final_Training_Data/CI/Invoice_31_6.png,CI
3528,/New_Volume/trade-finance/final_delivery/classification_training/V2_Final_Training_Data/CI/Invoice_405_25.png,CI
3529,/New_Volume/trade-finance/final_delivery/classification_training/V2_Final_Training_Data/CI/Invoice_302_14.png,CI
3530,/New_Volume/trade-finance/final_delivery/classification_training/V2_Final_Training_Data/CI/Invoice_381_9.png,CI
3531,/New_Volume/trade-finance/final_delivery/classification_training/V2_Final_Training_Data/CI/Invoice_381_21.png,CI
3532,/New_Volume/trade-finance/final_delivery/classification_training/V2_Final_Training_Data/CI/Invoice_38_1.png,CI
3533,/New_Volume/trade-finance/final_delivery/classification_training/V2_Final_Training_Data/CI/Invoice_225_0.png,CI
3534,/New_Volume/trade-finance/final_delivery/classification_training/V2_Final_Training_Data/CI/Invoice_204_0.png,CI
3535,/New_Volume/trade-finance/final_delivery/classification_training/V2_Final_Training_Data/CI/Invoice_373_5.png,CI
3536,/New_Volume/trade-finance/final_delivery/classification_training/V2_Final_Training_Data/CI/Invoice_157_0.png,CI
3537,/New_Volume/trade-finance/final_delivery/classification_training/V2_Final_Training_Data/CI/Invoice_38_8.png,CI
3538,/New_Volume/trade-finance/final_delivery/classification_training/V2_Final_Training_Data/CI/Invoice_220_51.png,CI
3539,/New_Volume/trade-finance/final_delivery/classification_training/V2_Final_Training_Data/CI/Invoice(2012_08_21_18_12_07_4875)_489_5.png,CI
3540,/New_Volume/trade-finance/final_delivery/classification_training/V2_Final_Training_Data/CI/Invoice_31_10.png,CI
3541,/New_Volume/trade-finance/final_delivery/classification_training/V2_Final_Training_Data/CI/Invoice_127_0.png,CI
3542,/New_Volume/trade-finance/final_delivery/classification_training/V2_Final_Training_Data/CI/Invoice_175_0.png,CI
3543,/New_Volume/trade-finance/final_delivery/classification_training/V2_Final_Training_Data/CI/Invoice_302_6.png,CI
3544,/New_Volume/trade-finance/final_delivery/classification_training/V2_Final_Training_Data/CI/Invoice_41_25.png,CI
3545,/New_Volume/trade-finance/final_delivery/classification_training/V2_Final_Training_Data/CI/Invoice_373_0.png,CI
3546,/New_Volume/trade-finance/final_delivery/classification_training/V2_Final_Training_Data/CI/Invoice_197_8.png,CI
3547,/New_Volume/trade-finance/final_delivery/classification_training/V2_Final_Training_Data/CI/Invoice_123_4.png,CI
3548,/New_Volume/trade-finance/final_delivery/classification_training/V2_Final_Training_Data/CI/Invoice_398_0.png,CI
3549,/New_Volume/trade-finance/final_delivery/classification_training/V2_Final_Training_Data/CI/Invoice_310_1.png,CI
3550,/New_Volume/trade-finance/final_delivery/classification_training/V2_Final_Training_Data/CI/Invoice_168_0.png,CI
3551,/New_Volume/trade-finance/final_delivery/classification_training/V2_Final_Training_Data/CI/Invoice_317_0.png,CI
3552,/New_Volume/trade-finance/final_delivery/classification_training/V2_Final_Training_Data/CI/Invoice_352_11.png,CI
3553,/New_Volume/trade-finance/final_delivery/classification_training/V2_Final_Training_Data/CI/Invoice_123_2.png,CI
3554,/New_Volume/trade-finance/final_delivery/classification_training/V2_Final_Training_Data/CI/Invoice_172_0.png,CI
3555,/New_Volume/trade-finance/final_delivery/classification_training/V2_Final_Training_Data/CI/Invoice_258_0.png,CI
3556,/New_Volume/trade-finance/final_delivery/classification_training/V2_Final_Training_Data/CI/Invoice_103_0.png,CI
3557,/New_Volume/trade-finance/final_delivery/classification_training/V2_Final_Training_Data/CI/Invoice_41_27.png,CI
3558,/New_Volume/trade-finance/final_delivery/classification_training/V2_Final_Training_Data/CI/Invoice_123_0.png,CI
3559,/New_Volume/trade-finance/final_delivery/classification_training/V2_Final_Training_Data/CI/Invoice_305_0.png,CI
3560,/New_Volume/trade-finance/final_delivery/classification_training/V2_Final_Training_Data/CI/Invoice_174_0.png,CI
3561,/New_Volume/trade-finance/final_delivery/classification_training/V2_Final_Training_Data/CI/Invoice_302_10.png,CI
3562,/New_Volume/trade-finance/final_delivery/classification_training/V2_Final_Training_Data/CI/Invoice_41_15.png,CI
3563,/New_Volume/trade-finance/final_delivery/classification_training/V2_Final_Training_Data/CI/Invoice_41_14.png,CI
3564,/New_Volume/trade-finance/final_delivery/classification_training/V2_Final_Training_Data/CI/Invoice(2012_08_21_18_12_07_4875)_489_6.png,CI
3565,/New_Volume/trade-finance/final_delivery/classification_training/V2_Final_Training_Data/CI/Invoice_17_1.png,CI
3566,/New_Volume/trade-finance/final_delivery/classification_training/V2_Final_Training_Data/CI/Invoice_176_32.png,CI
3567,/New_Volume/trade-finance/final_delivery/classification_training/V2_Final_Training_Data/CI/Invoice_182_2.png,CI
3568,/New_Volume/trade-finance/final_delivery/classification_training/V2_Final_Training_Data/CI/Invoice_197_4.png,CI
3569,/New_Volume/trade-finance/final_delivery/classification_training/V2_Final_Training_Data/CI/Invoice_197_0.png,CI
3570,/New_Volume/trade-finance/final_delivery/classification_training/V2_Final_Training_Data/CI/Invoice_376_0.png,CI
3571,/New_Volume/trade-finance/final_delivery/classification_training/V2_Final_Training_Data/CI/Invoice_109_4.png,CI
3572,/New_Volume/trade-finance/final_delivery/classification_training/V2_Final_Training_Data/CI/Invoice_197_10.png,CI
3573,/New_Volume/trade-finance/final_delivery/classification_training/V2_Final_Training_Data/CI/Invoice_109_13.png,CI
3574,/New_Volume/trade-finance/final_delivery/classification_training/V2_Final_Training_Data/CI/Invoice_220_23.png,CI
3575,/New_Volume/trade-finance/final_delivery/classification_training/V2_Final_Training_Data/CI/Invoice_172_4.png,CI
3576,/New_Volume/trade-finance/final_delivery/classification_training/V2_Final_Training_Data/CI/Invoice_20_0.png,CI
3577,/New_Volume/trade-finance/final_delivery/classification_training/V2_Final_Training_Data/CI/Invoice_176_13.png,CI
3578,/New_Volume/trade-finance/final_delivery/classification_training/V2_Final_Training_Data/CI/Invoice_123_11.png,CI
3579,/New_Volume/trade-finance/final_delivery/classification_training/V2_Final_Training_Data/CI/Invoice_176_43.png,CI
3580,/New_Volume/trade-finance/final_delivery/classification_training/V2_Final_Training_Data/CI/Invoice_381_19.png,CI
3581,/New_Volume/trade-finance/final_delivery/classification_training/V2_Final_Training_Data/CI/Invoice_405_3.png,CI
3582,/New_Volume/trade-finance/final_delivery/classification_training/V2_Final_Training_Data/CI/Invoice_197_7.png,CI
3583,/New_Volume/trade-finance/final_delivery/classification_training/V2_Final_Training_Data/CI/Invoice_188_0.png,CI
3584,/New_Volume/trade-finance/final_delivery/classification_training/V2_Final_Training_Data/CI/Invoice_107_1.png,CI
3585,/New_Volume/trade-finance/final_delivery/classification_training/V2_Final_Training_Data/CI/Invoice_405_14.png,CI
3586,/New_Volume/trade-finance/final_delivery/classification_training/V2_Final_Training_Data/CI/Invoice_342_8.png,CI
3587,/New_Volume/trade-finance/final_delivery/classification_training/V2_Final_Training_Data/CI/Invoice_342_2.png,CI
3588,/New_Volume/trade-finance/final_delivery/classification_training/V2_Final_Training_Data/CI/Invoice_342_9.png,CI
3589,/New_Volume/trade-finance/final_delivery/classification_training/V2_Final_Training_Data/CI/Invoice_370_0.png,CI
3590,/New_Volume/trade-finance/final_delivery/classification_training/V2_Final_Training_Data/CI/Invoice_197_9.png,CI
3591,/New_Volume/trade-finance/final_delivery/classification_training/V2_Final_Training_Data/CI/Invoice_331_0.png,CI
3592,/New_Volume/trade-finance/final_delivery/classification_training/V2_Final_Training_Data/CI/Invoice(2012_08_21_18_12_07_4875)_489_0.png,CI
3593,/New_Volume/trade-finance/final_delivery/classification_training/V2_Final_Training_Data/CI/Invoice_176_11.png,CI
3594,/New_Volume/trade-finance/final_delivery/classification_training/V2_Final_Training_Data/CI/Invoice_101_1.png,CI
3595,/New_Volume/trade-finance/final_delivery/classification_training/V2_Final_Training_Data/CI/Invoice_244_3.png,CI
3596,/New_Volume/trade-finance/final_delivery/classification_training/V2_Final_Training_Data/CI/Invoice_289_0.png,CI
3597,/New_Volume/trade-finance/final_delivery/classification_training/V2_Final_Training_Data/CI/Invoice_342_11.png,CI
3598,/New_Volume/trade-finance/final_delivery/classification_training/V2_Final_Training_Data/CI/Invoice_121_0.png,CI
3599,/New_Volume/trade-finance/final_delivery/classification_training/V2_Final_Training_Data/CI/Invoice_220_43.png,CI
3600,/New_Volume/trade-finance/final_delivery/classification_training/V2_Final_Training_Data/CI/Invoice_42_0.png,CI
3601,/New_Volume/trade-finance/final_delivery/classification_training/V2_Final_Training_Data/CI/Invoice_176_5.png,CI
3602,/New_Volume/trade-finance/final_delivery/classification_training/V2_Final_Training_Data/CI/Invoice_197_2.png,CI
3603,/New_Volume/trade-finance/final_delivery/classification_training/V2_Final_Training_Data/CI/Invoice_405_13.png,CI
3604,/New_Volume/trade-finance/final_delivery/classification_training/V2_Final_Training_Data/CI/Invoice_176_10.png,CI
3605,/New_Volume/trade-finance/final_delivery/classification_training/V2_Final_Training_Data/CI/Invoice_197_5.png,CI
3606,/New_Volume/trade-finance/final_delivery/classification_training/V2_Final_Training_Data/CI/Invoice_176_6.png,CI
3607,/New_Volume/trade-finance/final_delivery/classification_training/V2_Final_Training_Data/CI/Invoice_176_40.png,CI
3608,/New_Volume/trade-finance/final_delivery/classification_training/V2_Final_Training_Data/CI/Invoice_245_4.png,CI
3609,/New_Volume/trade-finance/final_delivery/classification_training/V2_Final_Training_Data/CI/Invoice_41_9.png,CI
3610,/New_Volume/trade-finance/final_delivery/classification_training/V2_Final_Training_Data/CI/Invoice_363_6.png,CI
3611,/New_Volume/trade-finance/final_delivery/classification_training/V2_Final_Training_Data/CI/Invoice_366_0.png,CI
3612,/New_Volume/trade-finance/final_delivery/classification_training/V2_Final_Training_Data/CI/Invoice_175_3.png,CI
3613,/New_Volume/trade-finance/final_delivery/classification_training/V2_Final_Training_Data/CI/Invoice_176_38.png,CI
3614,/New_Volume/trade-finance/final_delivery/classification_training/V2_Final_Training_Data/CI/Invoice_352_15.png,CI
3615,/New_Volume/trade-finance/final_delivery/classification_training/V2_Final_Training_Data/CI/Invoice_405_22.png,CI
3616,/New_Volume/trade-finance/final_delivery/classification_training/V2_Final_Training_Data/CI/Invoice_381_7.png,CI
3617,/New_Volume/trade-finance/final_delivery/classification_training/V2_Final_Training_Data/CI/Invoice_352_20.png,CI
3618,/New_Volume/trade-finance/final_delivery/classification_training/V2_Final_Training_Data/CI/Invoice_337_0.png,CI
3619,/New_Volume/trade-finance/final_delivery/classification_training/V2_Final_Training_Data/CI/Invoice_176_20.png,CI
3620,/New_Volume/trade-finance/final_delivery/classification_training/V2_Final_Training_Data/CI/Invoice_275_8.png,CI
3621,/New_Volume/trade-finance/final_delivery/classification_training/V2_Final_Training_Data/CI/Invoice_276_1.png,CI
3622,/New_Volume/trade-finance/final_delivery/classification_training/V2_Final_Training_Data/CI/Invoice_184_0.png,CI
3623,/New_Volume/trade-finance/final_delivery/classification_training/V2_Final_Training_Data/CI/Invoice_38_5.png,CI
3624,/New_Volume/trade-finance/final_delivery/classification_training/V2_Final_Training_Data/CI/Invoice_381_23.png,CI
3625,/New_Volume/trade-finance/final_delivery/classification_training/V2_Final_Training_Data/CI/Invoice_110_0.png,CI
3626,/New_Volume/trade-finance/final_delivery/classification_training/V2_Final_Training_Data/CI/Invoice_331_1.png,CI
3627,/New_Volume/trade-finance/final_delivery/classification_training/V2_Final_Training_Data/CI/Invoice_367_0.png,CI
3628,/New_Volume/trade-finance/final_delivery/classification_training/V2_Final_Training_Data/CI/Invoice_311_2.png,CI
3629,/New_Volume/trade-finance/final_delivery/classification_training/V2_Final_Training_Data/CI/Invoice_306_0.png,CI
3630,/New_Volume/trade-finance/final_delivery/classification_training/V2_Final_Training_Data/CI/Invoice_131_2.png,CI
3631,/New_Volume/trade-finance/final_delivery/classification_training/V2_Final_Training_Data/CI/Invoice_405_21.png,CI
3632,/New_Volume/trade-finance/final_delivery/classification_training/V2_Final_Training_Data/CI/Invoice_231_0.png,CI
3633,/New_Volume/trade-finance/final_delivery/classification_training/V2_Final_Training_Data/CI/Invoice_245_0.png,CI
3634,/New_Volume/trade-finance/final_delivery/classification_training/V2_Final_Training_Data/CI/Invoice_41_10.png,CI
3635,/New_Volume/trade-finance/final_delivery/classification_training/V2_Final_Training_Data/CI/Invoice_405_10.png,CI
3636,/New_Volume/trade-finance/final_delivery/classification_training/V2_Final_Training_Data/CI/Invoice_381_0.png,CI
3637,/New_Volume/trade-finance/final_delivery/classification_training/V2_Final_Training_Data/CI/Invoice_165_0.png,CI
3638,/New_Volume/trade-finance/final_delivery/classification_training/V2_Final_Training_Data/CI/Invoice_381_22.png,CI
3639,/New_Volume/trade-finance/final_delivery/classification_training/V2_Final_Training_Data/CI/Invoice_311_1.png,CI
3640,/New_Volume/trade-finance/final_delivery/classification_training/V2_Final_Training_Data/CI/Invoice_264_0.png,CI
3641,/New_Volume/trade-finance/final_delivery/classification_training/V2_Final_Training_Data/CI/Invoice_109_9.png,CI
3642,/New_Volume/trade-finance/final_delivery/classification_training/V2_Final_Training_Data/CI/Invoice_117_2.png,CI
3643,/New_Volume/trade-finance/final_delivery/classification_training/V2_Final_Training_Data/CI/Invoice_41_13.png,CI
3644,/New_Volume/trade-finance/final_delivery/classification_training/V2_Final_Training_Data/CI/Invoice_274_1.png,CI
3645,/New_Volume/trade-finance/final_delivery/classification_training/V2_Final_Training_Data/CI/Invoice_41_7.png,CI
3646,/New_Volume/trade-finance/final_delivery/classification_training/V2_Final_Training_Data/CI/Invoice_16_1.png,CI
3647,/New_Volume/trade-finance/final_delivery/classification_training/V2_Final_Training_Data/CI/Invoice_131_4.png,CI
3648,/New_Volume/trade-finance/final_delivery/classification_training/V2_Final_Training_Data/CI/Invoice_194_1.png,CI
3649,/New_Volume/trade-finance/final_delivery/classification_training/V2_Final_Training_Data/CI/Invoice_288_0.png,CI
3650,/New_Volume/trade-finance/final_delivery/classification_training/V2_Final_Training_Data/CI/Invoice_396_2.png,CI
3651,/New_Volume/trade-finance/final_delivery/classification_training/V2_Final_Training_Data/CI/Invoice_139_0.png,CI
3652,/New_Volume/trade-finance/final_delivery/classification_training/V2_Final_Training_Data/CI/Invoice_176_35.png,CI
3653,/New_Volume/trade-finance/final_delivery/classification_training/V2_Final_Training_Data/CI/Invoice_381_18.png,CI
3654,/New_Volume/trade-finance/final_delivery/classification_training/V2_Final_Training_Data/CI/Invoice_176_30.png,CI
3655,/New_Volume/trade-finance/final_delivery/classification_training/V2_Final_Training_Data/CI/Invoice_316_1.png,CI
3656,/New_Volume/trade-finance/final_delivery/classification_training/V2_Final_Training_Data/CI/Invoice_176_31.png,CI
3657,/New_Volume/trade-finance/final_delivery/classification_training/V2_Final_Training_Data/CI/Invoice_284_0.png,CI
3658,/New_Volume/trade-finance/final_delivery/classification_training/V2_Final_Training_Data/CI/Invoice_405_26.png,CI
3659,/New_Volume/trade-finance/final_delivery/classification_training/V2_Final_Training_Data/CI/Invoice_264_2.png,CI
3660,/New_Volume/trade-finance/final_delivery/classification_training/V2_Final_Training_Data/CI/Invoice_180_2.png,CI
3661,/New_Volume/trade-finance/final_delivery/classification_training/V2_Final_Training_Data/CI/Invoice_176_37.png,CI
3662,/New_Volume/trade-finance/final_delivery/classification_training/V2_Final_Training_Data/CI/Invoice(2012_08_21_18_12_07_4875)_489_2.png,CI
3663,/New_Volume/trade-finance/final_delivery/classification_training/V2_Final_Training_Data/CI/Invoice_373_4.png,CI
3664,/New_Volume/trade-finance/final_delivery/classification_training/V2_Final_Training_Data/CI/Invoice_363_5.png,CI
3665,/New_Volume/trade-finance/final_delivery/classification_training/V2_Final_Training_Data/CI/Invoice_352_12.png,CI
3666,/New_Volume/trade-finance/final_delivery/classification_training/V2_Final_Training_Data/CI/Invoice_380_0.png,CI
3667,/New_Volume/trade-finance/final_delivery/classification_training/V2_Final_Training_Data/CI/Invoice(2012_08_21_13_51_21_4587)_629.TIF_0.png,CI
3668,/New_Volume/trade-finance/final_delivery/classification_training/V2_Final_Training_Data/CI/Invoice_31_0.png,CI
3669,/New_Volume/trade-finance/final_delivery/classification_training/V2_Final_Training_Data/CI/Invoice_220_7.png,CI
3670,/New_Volume/trade-finance/final_delivery/classification_training/V2_Final_Training_Data/CI/Invoice_175_2.png,CI
3671,/New_Volume/trade-finance/final_delivery/classification_training/V2_Final_Training_Data/CI/Invoice_405_23.png,CI
3672,/New_Volume/trade-finance/final_delivery/classification_training/V2_Final_Training_Data/CI/Invoice_38_0.png,CI
3673,/New_Volume/trade-finance/final_delivery/classification_training/V2_Final_Training_Data/CI/Invoice_250_0.png,CI
3674,/New_Volume/trade-finance/final_delivery/classification_training/V2_Final_Training_Data/CI/Invoice_38_9.png,CI
3675,/New_Volume/trade-finance/final_delivery/classification_training/V2_Final_Training_Data/CI/Invoice_405_18.png,CI
3676,/New_Volume/trade-finance/final_delivery/classification_training/V2_Final_Training_Data/CI/Invoice_245_1.png,CI
3677,/New_Volume/trade-finance/final_delivery/classification_training/V2_Final_Training_Data/CI/Invoice_202_2.png,CI
3678,/New_Volume/trade-finance/final_delivery/classification_training/V2_Final_Training_Data/CI/Invoice(2012_08_21_13_51_21_4587)_629_0.png,CI
3679,/New_Volume/trade-finance/final_delivery/classification_training/V2_Final_Training_Data/CI/Invoice_401_0.png,CI
3680,/New_Volume/trade-finance/final_delivery/classification_training/V2_Final_Training_Data/CI/Invoice_12_0.png,CI
3681,/New_Volume/trade-finance/final_delivery/classification_training/V2_Final_Training_Data/CI/Invoice_291_0.png,CI
3682,/New_Volume/trade-finance/final_delivery/classification_training/V2_Final_Training_Data/CI/Invoice_206_0.png,CI
3683,/New_Volume/trade-finance/final_delivery/classification_training/V2_Final_Training_Data/CI/Invoice_345_0.png,CI
3684,/New_Volume/trade-finance/final_delivery/classification_training/V2_Final_Training_Data/CI/Invoice_264_5.png,CI
3685,/New_Volume/trade-finance/final_delivery/classification_training/V2_Final_Training_Data/CI/Invoice_317_3.png,CI
3686,/New_Volume/trade-finance/final_delivery/classification_training/V2_Final_Training_Data/CI/Invoice_41_24.png,CI
3687,/New_Volume/trade-finance/final_delivery/classification_training/V2_Final_Training_Data/CI/Invoice_104_0.png,CI
3688,/New_Volume/trade-finance/final_delivery/classification_training/V2_Final_Training_Data/CI/Invoice_381_2.png,CI
3689,/New_Volume/trade-finance/final_delivery/classification_training/V2_Final_Training_Data/CI/Invoice_180_0.png,CI
3690,/New_Volume/trade-finance/final_delivery/classification_training/V2_Final_Training_Data/CI/Invoice_242_1.png,CI
3691,/New_Volume/trade-finance/final_delivery/classification_training/V2_Final_Training_Data/CI/Invoice_197_11.png,CI
3692,/New_Volume/trade-finance/final_delivery/classification_training/V2_Final_Training_Data/CI/Invoice_381_24.png,CI
3693,/New_Volume/trade-finance/final_delivery/classification_training/V2_Final_Training_Data/CI/Invoice_41_2.png,CI
3694,/New_Volume/trade-finance/final_delivery/classification_training/V2_Final_Training_Data/CI/Invoice_242_2.png,CI
3695,/New_Volume/trade-finance/final_delivery/classification_training/V2_Final_Training_Data/CI/Invoice_176_15.png,CI
3696,/New_Volume/trade-finance/final_delivery/classification_training/V2_Final_Training_Data/CI/Invoice(2012_08_21_18_12_07_4875)_489_3.png,CI
3697,/New_Volume/trade-finance/final_delivery/classification_training/V2_Final_Training_Data/CI/Invoice_276_3.png,CI
3698,/New_Volume/trade-finance/final_delivery/classification_training/V2_Final_Training_Data/CI/Invoice_352_16.png,CI
3699,/New_Volume/trade-finance/final_delivery/classification_training/V2_Final_Training_Data/CI/Invoice_175_4.png,CI
3700,/New_Volume/trade-finance/final_delivery/classification_training/V2_Final_Training_Data/CI/Invoice_242_3.png,CI
3701,/New_Volume/trade-finance/final_delivery/classification_training/V2_Final_Training_Data/CI/Invoice_41_29.png,CI
3702,/New_Volume/trade-finance/final_delivery/classification_training/V2_Final_Training_Data/CI/Invoice_176_28.png,CI
3703,/New_Volume/trade-finance/final_delivery/classification_training/V2_Final_Training_Data/CI/Invoice_176_36.png,CI
3704,/New_Volume/trade-finance/final_delivery/classification_training/V2_Final_Training_Data/CI/Invoice_176_12.png,CI
3705,/New_Volume/trade-finance/final_delivery/classification_training/V2_Final_Training_Data/CI/Invoice_388_0.png,CI
3706,/New_Volume/trade-finance/final_delivery/classification_training/V2_Final_Training_Data/CI/Invoice_123_8.png,CI
3707,/New_Volume/trade-finance/final_delivery/classification_training/V2_Final_Training_Data/CI/Invoice_41_18.png,CI
3708,/New_Volume/trade-finance/final_delivery/classification_training/V2_Final_Training_Data/CI/Invoice_220_25.png,CI
3709,/New_Volume/trade-finance/final_delivery/classification_training/V2_Final_Training_Data/CI/Invoice_276_2.png,CI
3710,/New_Volume/trade-finance/final_delivery/classification_training/V2_Final_Training_Data/CI/Invoice_371_0.png,CI
3711,/New_Volume/trade-finance/final_delivery/classification_training/V2_Final_Training_Data/CI/Invoice(2012_08_21_18_12_07_4875)_489_1.png,CI
3712,/New_Volume/trade-finance/final_delivery/classification_training/V2_Final_Training_Data/CI/Invoice_352_8.png,CI
3713,/New_Volume/trade-finance/final_delivery/classification_training/V2_Final_Training_Data/CI/Invoice_109_12.png,CI
3714,/New_Volume/trade-finance/final_delivery/classification_training/V2_Final_Training_Data/CI/Invoice_31_4.png,CI
3715,/New_Volume/trade-finance/final_delivery/classification_training/V2_Final_Training_Data/CI/Invoice_160_0.png,CI
3716,/New_Volume/trade-finance/final_delivery/classification_training/V2_Final_Training_Data/CI/Invoice_405_8.png,CI
3717,/New_Volume/trade-finance/final_delivery/classification_training/V2_Final_Training_Data/CI/Invoice_264_1.png,CI
3718,/New_Volume/trade-finance/final_delivery/classification_training/V2_Final_Training_Data/CI/Invoice_405_20.png,CI
3719,/New_Volume/trade-finance/final_delivery/classification_training/V2_Final_Training_Data/CI/Invoice_349_0.png,CI
3720,/New_Volume/trade-finance/final_delivery/classification_training/V2_Final_Training_Data/CI/Invoice_275_5.png,CI
3721,/New_Volume/trade-finance/final_delivery/classification_training/V2_Final_Training_Data/CI/Invoice_16_2.png,CI
3722,/New_Volume/trade-finance/final_delivery/classification_training/V2_Final_Training_Data/CI/Invoice_405_17.png,CI
3723,/New_Volume/trade-finance/final_delivery/classification_training/V2_Final_Training_Data/CI/Invoice_108_0.png,CI
3724,/New_Volume/trade-finance/final_delivery/classification_training/V2_Final_Training_Data/CI/Invoice_209_0.png,CI
3725,/New_Volume/trade-finance/final_delivery/classification_training/V2_Final_Training_Data/CI/Invoice_117_1.png,CI
3726,/New_Volume/trade-finance/final_delivery/classification_training/V2_Final_Training_Data/CI/Invoice_405_4.png,CI
3727,/New_Volume/trade-finance/final_delivery/classification_training/V2_Final_Training_Data/CI/Invoice_352_5.png,CI
3728,/New_Volume/trade-finance/final_delivery/classification_training/V2_Final_Training_Data/CI/Invoice_318_0.png,CI
3729,/New_Volume/trade-finance/final_delivery/classification_training/V2_Final_Training_Data/CI/Invoice_276_0.png,CI
3730,/New_Volume/trade-finance/final_delivery/classification_training/V2_Final_Training_Data/CI/Invoice_220_47.png,CI
3731,/New_Volume/trade-finance/final_delivery/classification_training/V2_Final_Training_Data/CI/Invoice_265_0.png,CI
3732,/New_Volume/trade-finance/final_delivery/classification_training/V2_Final_Training_Data/CI/Invoice_159_0.png,CI
3733,/New_Volume/trade-finance/final_delivery/classification_training/V2_Final_Training_Data/CI/Invoice_107_2.png,CI
3734,/New_Volume/trade-finance/final_delivery/classification_training/V2_Final_Training_Data/CI/Invoice_176_21.png,CI
3735,/New_Volume/trade-finance/final_delivery/classification_training/V2_Final_Training_Data/CI/Invoice_220_13.png,CI
3736,/New_Volume/trade-finance/final_delivery/classification_training/V2_Final_Training_Data/CI/Invoice_220_49.png,CI
3737,/New_Volume/trade-finance/final_delivery/classification_training/V2_Final_Training_Data/CI/Invoice_309_0.png,CI
3738,/New_Volume/trade-finance/final_delivery/classification_training/V2_Final_Training_Data/CI/Invoice_405_6.png,CI
3739,/New_Volume/trade-finance/final_delivery/classification_training/V2_Final_Training_Data/CI/Invoice_300_0.png,CI
3740,/New_Volume/trade-finance/final_delivery/classification_training/V2_Final_Training_Data/CI/Invoice_381_12.png,CI
3741,/New_Volume/trade-finance/final_delivery/classification_training/V2_Final_Training_Data/CI/Invoice_253_3.png,CI
3742,/New_Volume/trade-finance/final_delivery/classification_training/V2_Final_Training_Data/CI/Invoice_185_0.png,CI
3743,/New_Volume/trade-finance/final_delivery/classification_training/V2_Final_Training_Data/CI/Invoice_41_22.png,CI
3744,/New_Volume/trade-finance/final_delivery/classification_training/V2_Final_Training_Data/CI/Invoice_141_0.png,CI
3745,/New_Volume/trade-finance/final_delivery/classification_training/V2_Final_Training_Data/CI/Invoice_41_12.png,CI
3746,/New_Volume/trade-finance/final_delivery/classification_training/V2_Final_Training_Data/CI/Invoice_244_0.png,CI
3747,/New_Volume/trade-finance/final_delivery/classification_training/V2_Final_Training_Data/CI/Invoice_352_19.png,CI
3748,/New_Volume/trade-finance/final_delivery/classification_training/V2_Final_Training_Data/CI/Invoice_118_0.png,CI
3749,/New_Volume/trade-finance/final_delivery/classification_training/V2_Final_Training_Data/CI/Invoice_342_7.png,CI
3750,/New_Volume/trade-finance/final_delivery/classification_training/V2_Final_Training_Data/CI/Invoice_405_2.png,CI
3751,/New_Volume/trade-finance/final_delivery/classification_training/V2_Final_Training_Data/CI/Invoice_253_2.png,CI
3752,/New_Volume/trade-finance/final_delivery/classification_training/V2_Final_Training_Data/CI/Invoice_166_0.png,CI
3753,/New_Volume/trade-finance/final_delivery/classification_training/V2_Final_Training_Data/CI/Invoice_274_0.png,CI
3754,/New_Volume/trade-finance/final_delivery/classification_training/V2_Final_Training_Data/CI/Invoice_220_5.png,CI
3755,/New_Volume/trade-finance/final_delivery/classification_training/V2_Final_Training_Data/CI/Invoice_315_0.png,CI
3756,/New_Volume/trade-finance/final_delivery/classification_training/V2_Final_Training_Data/CI/Invoice_346_0.png,CI
3757,/New_Volume/trade-finance/final_delivery/classification_training/V2_Final_Training_Data/CI/Invoice(2012_08_21_18_12_07_4875)_489_4.png,CI
3758,/New_Volume/trade-finance/final_delivery/classification_training/V2_Final_Training_Data/CI/Invoice_241_0.png,CI
3759,/New_Volume/trade-finance/final_delivery/classification_training/V2_Final_Training_Data/CI/Invoice_316_0.png,CI
3760,/New_Volume/trade-finance/final_delivery/classification_training/V2_Final_Training_Data/CI/Invoice_202_0.png,CI
3761,/New_Volume/trade-finance/final_delivery/classification_training/V2_Final_Training_Data/CI/Invoice_405_11.png,CI
3762,/New_Volume/trade-finance/final_delivery/classification_training/V2_Final_Training_Data/CI/Invoice_220_33.png,CI
3763,/New_Volume/trade-finance/final_delivery/classification_training/V2_Final_Training_Data/CI/Invoice_374_0.png,CI
3764,/New_Volume/trade-finance/final_delivery/classification_training/V2_Final_Training_Data/CI/Invoice_131_3.png,CI
3765,/New_Volume/trade-finance/final_delivery/classification_training/V2_Final_Training_Data/CI/Invoice_342_3.png,CI
3766,/New_Volume/trade-finance/final_delivery/classification_training/V2_Final_Training_Data/CI/Invoice_109_1.png,CI
3767,/New_Volume/trade-finance/final_delivery/classification_training/V2_Final_Training_Data/CI/Invoice_405_5.png,CI
3768,/New_Volume/trade-finance/final_delivery/classification_training/V2_Final_Training_Data/CI/Invoice_352_10.png,CI
3769,/New_Volume/trade-finance/final_delivery/classification_training/V2_Final_Training_Data/CI/Invoice_319_1.png,CI
3770,/New_Volume/trade-finance/final_delivery/classification_training/V2_Final_Training_Data/CI/Invoice_38_3.png,CI
3771,/New_Volume/trade-finance/final_delivery/classification_training/V2_Final_Training_Data/CI/Invoice_283_0.png,CI
3772,/New_Volume/trade-finance/final_delivery/classification_training/V2_Final_Training_Data/CI/Invoice_109_0.png,CI
3773,/New_Volume/trade-finance/final_delivery/classification_training/V2_Final_Training_Data/CI/Invoice_107_0.png,CI
3774,/New_Volume/trade-finance/final_delivery/classification_training/V2_Final_Training_Data/CI/Invoice_163_0.png,CI
3775,/New_Volume/trade-finance/final_delivery/classification_training/V2_Final_Training_Data/CI/Invoice_31_12.png,CI
3776,/New_Volume/trade-finance/final_delivery/classification_training/V2_Final_Training_Data/CI/Invoice_381_16.png,CI
3777,/New_Volume/trade-finance/final_delivery/classification_training/V2_Final_Training_Data/CI/Invoice_316_2.png,CI
3778,/New_Volume/trade-finance/final_delivery/classification_training/V2_Final_Training_Data/CI/Invoice_319_0.png,CI
3779,/New_Volume/trade-finance/final_delivery/classification_training/V2_Final_Training_Data/CI/Invoice_176_16.png,CI
3780,/New_Volume/trade-finance/final_delivery/classification_training/V2_Final_Training_Data/CI/Invoice_362_0.png,CI
3781,/New_Volume/trade-finance/final_delivery/classification_training/V2_Final_Training_Data/CI/Invoice_342_4.png,CI
3782,/New_Volume/trade-finance/final_delivery/classification_training/V2_Final_Training_Data/CI/Invoice_176_39.png,CI
3783,/New_Volume/trade-finance/final_delivery/classification_training/V2_Final_Training_Data/CI/Invoice_309_1.png,CI
3784,/New_Volume/trade-finance/final_delivery/classification_training/V2_Final_Training_Data/CI/Invoice_315_2.png,CI
3785,/New_Volume/trade-finance/final_delivery/classification_training/V2_Final_Training_Data/CI/Invoice_109_11.png,CI
3786,/New_Volume/trade-finance/final_delivery/classification_training/V2_Final_Training_Data/CI/Invoice_220_39.png,CI
3787,/New_Volume/trade-finance/final_delivery/classification_training/V2_Final_Training_Data/CI/Invoice_352_17.png,CI
3788,/New_Volume/trade-finance/final_delivery/classification_training/V2_Final_Training_Data/CI/Invoice_194_2.png,CI
3789,/New_Volume/trade-finance/final_delivery/classification_training/V2_Final_Training_Data/CI/Invoice_352_14.png,CI
3790,/New_Volume/trade-finance/final_delivery/classification_training/V2_Final_Training_Data/CI/Invoice_352_4.png,CI
3791,/New_Volume/trade-finance/final_delivery/classification_training/V2_Final_Training_Data/CI/Invoice_110_1.png,CI
3792,/New_Volume/trade-finance/final_delivery/classification_training/V2_Final_Training_Data/CI/Invoice_253_1.png,CI
3793,/New_Volume/trade-finance/final_delivery/classification_training/V2_Final_Training_Data/CI/Invoice_352_6.png,CI
3794,/New_Volume/trade-finance/final_delivery/classification_training/V2_Final_Training_Data/CI/Invoice_275_6.png,CI
3795,/New_Volume/trade-finance/final_delivery/classification_training/V2_Final_Training_Data/CI/Invoice_220_3.png,CI
3796,/New_Volume/trade-finance/final_delivery/classification_training/V2_Final_Training_Data/CI/Invoice_220_37.png,CI
3797,/New_Volume/trade-finance/final_delivery/classification_training/V2_Final_Training_Data/CI/Invoice_275_7.png,CI
3798,/New_Volume/trade-finance/final_delivery/classification_training/V2_Final_Training_Data/CI/Invoice_101_4.png,CI
3799,/New_Volume/trade-finance/final_delivery/classification_training/V2_Final_Training_Data/CI/Invoice_176_33.png,CI
3800,/New_Volume/trade-finance/final_delivery/classification_training/V2_Final_Training_Data/CI/Invoice_245_6.png,CI
3801,/New_Volume/trade-finance/final_delivery/classification_training/V2_Final_Training_Data/CI/Invoice_176_4.png,CI
3802,/New_Volume/trade-finance/final_delivery/classification_training/V2_Final_Training_Data/CI/Invoice_381_11.png,CI
3803,/New_Volume/trade-finance/final_delivery/classification_training/V2_Final_Training_Data/CI/Invoice_264_6.png,CI
3804,/New_Volume/trade-finance/final_delivery/classification_training/V2_Final_Training_Data/CI/Invoice_104_2.png,CI
3805,/New_Volume/trade-finance/final_delivery/classification_training/V2_Final_Training_Data/CI/Invoice_382_0.png,CI
3806,/New_Volume/trade-finance/final_delivery/classification_training/V2_Final_Training_Data/CI/Invoice_222_0.png,CI
3807,/New_Volume/trade-finance/final_delivery/classification_training/V2_Final_Training_Data/CI/Invoice_176_8.png,CI
3808,/New_Volume/trade-finance/final_delivery/classification_training/V2_Final_Training_Data/CI/Invoice_188_1.png,CI
3809,/New_Volume/trade-finance/final_delivery/classification_training/V2_Final_Training_Data/CI/Invoice_405_16.png,CI
3810,/New_Volume/trade-finance/final_delivery/classification_training/V2_Final_Training_Data/CI/Invoice_352_9.png,CI
3811,/New_Volume/trade-finance/final_delivery/classification_training/V2_Final_Training_Data/CI/Invoice_41_1.png,CI
3812,/New_Volume/trade-finance/final_delivery/classification_training/V2_Final_Training_Data/CI/Invoice_174_1.png,CI
3813,/New_Volume/trade-finance/final_delivery/classification_training/V2_Final_Training_Data/CI/Invoice_380_1.png,CI
3814,/New_Volume/trade-finance/final_delivery/classification_training/V2_Final_Training_Data/CI/Invoice_176_41.png,CI
3815,/New_Volume/trade-finance/final_delivery/classification_training/V2_Final_Training_Data/CI/Invoice_12_1.png,CI
3816,/New_Volume/trade-finance/final_delivery/classification_training/V2_Final_Training_Data/CI/Invoice_220_15.png,CI
3817,/New_Volume/trade-finance/final_delivery/classification_training/V2_Final_Training_Data/CI/Invoice_131_0.png,CI
3818,/New_Volume/trade-finance/final_delivery/classification_training/V2_Final_Training_Data/CI/Invoice_172_2.png,CI
3819,/New_Volume/trade-finance/final_delivery/classification_training/V2_Final_Training_Data/CI/Invoice_123_7.png,CI
3820,/New_Volume/trade-finance/final_delivery/classification_training/V2_Final_Training_Data/CI/Invoice_395_0.png,CI
3821,/New_Volume/trade-finance/final_delivery/classification_training/V2_Final_Training_Data/CI/Invoice_182_3.png,CI
3822,/New_Volume/trade-finance/final_delivery/classification_training/V2_Final_Training_Data/CI/Invoice_318_2.png,CI
3823,/New_Volume/trade-finance/final_delivery/classification_training/V2_Final_Training_Data/CI/Invoice_41_20.png,CI
3824,/New_Volume/trade-finance/final_delivery/classification_training/V2_Final_Training_Data/CI/Invoice_123_14.png,CI
3825,/New_Volume/trade-finance/final_delivery/classification_training/V2_Final_Training_Data/CI/Invoice_101_2.png,CI
3826,/New_Volume/trade-finance/final_delivery/classification_training/V2_Final_Training_Data/CI/Invoice_101_3.png,CI
3827,/New_Volume/trade-finance/final_delivery/classification_training/V2_Final_Training_Data/CI/Invoice_241_1.png,CI
3828,/New_Volume/trade-finance/final_delivery/classification_training/V2_Final_Training_Data/CI/Invoice_364_0.png,CI
3829,/New_Volume/trade-finance/final_delivery/classification_training/V2_Final_Training_Data/CI/Invoice_109_10.png,CI
3830,/New_Volume/trade-finance/final_delivery/classification_training/V2_Final_Training_Data/CI/Invoice_371_3.png,CI
3831,/New_Volume/trade-finance/final_delivery/classification_training/V2_Final_Training_Data/CI/Invoice_224_0.png,CI
3832,/New_Volume/trade-finance/final_delivery/classification_training/V2_Final_Training_Data/CI/Invoice_405_19.png,CI
3833,/New_Volume/trade-finance/final_delivery/classification_training/V2_Final_Training_Data/CI/Invoice_248_0.png,CI
3834,/New_Volume/trade-finance/final_delivery/classification_training/V2_Final_Training_Data/CI/Invoice_179_2.png,CI
3835,/New_Volume/trade-finance/final_delivery/classification_training/V2_Final_Training_Data/CI/Invoice_405_15.png,CI
3836,/New_Volume/trade-finance/final_delivery/classification_training/V2_Final_Training_Data/CI/Invoice_363_0.png,CI
3837,/New_Volume/trade-finance/final_delivery/classification_training/V2_Final_Training_Data/CI/Invoice_151_0.png,CI
3838,/New_Volume/trade-finance/final_delivery/classification_training/V2_Final_Training_Data/CI/Invoice_144_0.png,CI
3839,/New_Volume/trade-finance/final_delivery/classification_training/V2_Final_Training_Data/CI/Invoice_307_1.png,CI
3840,/New_Volume/trade-finance/final_delivery/classification_training/V2_Final_Training_Data/CI/Invoice_175_1.png,CI
3841,/New_Volume/trade-finance/final_delivery/classification_training/V2_Final_Training_Data/CI/Invoice_373_7.png,CI
3842,/New_Volume/trade-finance/final_delivery/classification_training/V2_Final_Training_Data/CI/Invoice_302_0.png,CI
3843,/New_Volume/trade-finance/final_delivery/classification_training/V2_Final_Training_Data/CI/Invoice_310_0.png,CI
3844,/New_Volume/trade-finance/final_delivery/classification_training/V2_Final_Training_Data/CI/Invoice_264_3.png,CI
3845,/New_Volume/trade-finance/final_delivery/classification_training/V2_Final_Training_Data/CI/Invoice_381_20.png,CI
3846,/New_Volume/trade-finance/final_delivery/classification_training/V2_Final_Training_Data/CI/Invoice_290_0.png,CI
3847,/New_Volume/trade-finance/final_delivery/classification_training/V2_Final_Training_Data/CI/Invoice_197_6.png,CI
3848,/New_Volume/trade-finance/final_delivery/classification_training/V2_Final_Training_Data/CI/Invoice_176_27.png,CI
3849,/New_Volume/trade-finance/final_delivery/classification_training/V2_Final_Training_Data/CI/Invoice_342_5.png,CI
3850,/New_Volume/trade-finance/final_delivery/classification_training/V2_Final_Training_Data/CI/Invoice_342_12.png,CI
3851,/New_Volume/trade-finance/final_delivery/classification_training/V2_Final_Training_Data/CI/Invoice_101_0.png,CI
3852,/New_Volume/trade-finance/final_delivery/classification_training/V2_Final_Training_Data/CI/Invoice_302_8.png,CI
3853,/New_Volume/trade-finance/final_delivery/classification_training/V2_Final_Training_Data/CI/Invoice_342_13.png,CI
3854,/New_Volume/trade-finance/final_delivery/classification_training/V2_Final_Training_Data/CI/Invoice_38_4.png,CI
3855,/New_Volume/trade-finance/final_delivery/classification_training/V2_Final_Training_Data/CI/Invoice_197_3.png,CI
3856,/New_Volume/trade-finance/final_delivery/classification_training/V2_Final_Training_Data/CI/Invoice_220_31.png,CI
3857,/New_Volume/trade-finance/final_delivery/classification_training/V2_Final_Training_Data/CI/Invoice_327_0.png,CI
3858,/New_Volume/trade-finance/final_delivery/classification_training/V2_Final_Training_Data/CI/Invoice_41_23.png,CI
3859,/New_Volume/trade-finance/final_delivery/classification_training/V2_Final_Training_Data/CI/Invoice_264_4.png,CI
3860,/New_Volume/trade-finance/final_delivery/classification_training/V2_Final_Training_Data/CI/Invoice_176_22.png,CI
3861,/New_Volume/trade-finance/final_delivery/classification_training/V2_Final_Training_Data/CI/Invoice_31_8.png,CI
3862,/New_Volume/trade-finance/final_delivery/classification_training/V2_Final_Training_Data/CI/Invoice_176_34.png,CI
3863,/New_Volume/trade-finance/final_delivery/classification_training/V2_Final_Training_Data/CI/Invoice_381_14.png,CI
3864,/New_Volume/trade-finance/final_delivery/classification_training/V2_Final_Training_Data/CI/Invoice_317_1.png,CI
3865,/New_Volume/trade-finance/final_delivery/classification_training/V2_Final_Training_Data/CI/Invoice_139_1.png,CI
3866,/New_Volume/trade-finance/final_delivery/classification_training/V2_Final_Training_Data/CI/Invoice_185_9.png,CI
3867,/New_Volume/trade-finance/final_delivery/classification_training/V2_Final_Training_Data/CI/Invoice_153_0.png,CI
3868,/New_Volume/trade-finance/final_delivery/classification_training/V2_Final_Training_Data/CI/Invoice_373_1.png,CI
3869,/New_Volume/trade-finance/final_delivery/classification_training/V2_Final_Training_Data/CI/Invoice_363_7.png,CI
3870,/New_Volume/trade-finance/final_delivery/classification_training/V2_Final_Training_Data/CI/Invoice_41_0.png,CI
3871,/New_Volume/trade-finance/final_delivery/classification_training/V2_Final_Training_Data/CI/Invoice_197_1.png,CI
3872,/New_Volume/trade-finance/final_delivery/classification_training/V2_Final_Training_Data/CI/Invoice_242_4.png,CI
3873,/New_Volume/trade-finance/final_delivery/classification_training/V2_Final_Training_Data/CI/Invoice_148_0.png,CI
3874,/New_Volume/trade-finance/final_delivery/classification_training/V2_Final_Training_Data/CI/Invoice_41_26.png,CI
3875,/New_Volume/trade-finance/final_delivery/classification_training/V2_Final_Training_Data/CI/Invoice_176_1.png,CI
3876,/New_Volume/trade-finance/final_delivery/classification_training/V2_Final_Training_Data/CI/Invoice_41_11.png,CI
3877,/New_Volume/trade-finance/final_delivery/classification_training/V2_Final_Training_Data/CI/Invoice_322_0.png,CI
3878,/New_Volume/trade-finance/final_delivery/classification_training/V2_Final_Training_Data/CI/Invoice_11_5.png,CI
3879,/New_Volume/trade-finance/final_delivery/classification_training/V2_Final_Training_Data/CI/Invoice_3_0.png,CI
3880,/New_Volume/trade-finance/final_delivery/classification_training/V2_Final_Training_Data/CI/Invoice_220_17.png,CI
3881,/New_Volume/trade-finance/final_delivery/classification_training/V2_Final_Training_Data/CI/Invoice_41_6.png,CI
3882,/New_Volume/trade-finance/final_delivery/classification_training/V2_Final_Training_Data/CI/Invoice_387_3.png,CI
3883,/New_Volume/trade-finance/final_delivery/classification_training/V2_Final_Training_Data/CI/Invoice_17_2.png,CI
3884,/New_Volume/trade-finance/final_delivery/classification_training/V2_Final_Training_Data/CI/Invoice_41_17.png,CI
3885,/New_Volume/trade-finance/final_delivery/classification_training/V2_Final_Training_Data/CI/Invoice_182_0.png,CI
3886,/New_Volume/trade-finance/final_delivery/classification_training/V2_Final_Training_Data/CI/Invoice_381_17.png,CI
3887,/New_Volume/trade-finance/final_delivery/classification_training/V2_Final_Training_Data/CI/Invoice_26_0.png,CI
3888,/New_Volume/trade-finance/final_delivery/classification_training/V2_Final_Training_Data/BGCHECKLIST/Cancellation_Request_Letter_482_0.png,BGCHECKLIST
3889,/New_Volume/trade-finance/final_delivery/classification_training/V2_Final_Training_Data/BGCHECKLIST/Cancellation_Request_Letter_212_0.png,BGCHECKLIST
3890,/New_Volume/trade-finance/final_delivery/classification_training/V2_Final_Training_Data/BGCHECKLIST/Cancellation_Request_Letter_114_0.png,BGCHECKLIST
3891,/New_Volume/trade-finance/final_delivery/classification_training/V2_Final_Training_Data/BGCHECKLIST/Cancellation_Request_Letter_147_1.png,BGCHECKLIST
3892,/New_Volume/trade-finance/final_delivery/classification_training/V2_Final_Training_Data/BGCHECKLIST/Cancellation_Request_Letter_332_0.png,BGCHECKLIST
3893,/New_Volume/trade-finance/final_delivery/classification_training/V2_Final_Training_Data/BGCHECKLIST/Cancellation_Request_Letter_371_0.png,BGCHECKLIST
3894,/New_Volume/trade-finance/final_delivery/classification_training/V2_Final_Training_Data/BGCHECKLIST/Cancellation_Request_Letter_209_1.png,BGCHECKLIST
3895,/New_Volume/trade-finance/final_delivery/classification_training/V2_Final_Training_Data/BGCHECKLIST/Cancellation_Request_Letter_135_0.png,BGCHECKLIST
3896,/New_Volume/trade-finance/final_delivery/classification_training/V2_Final_Training_Data/BGCHECKLIST/Cancellation_Request_Letter_380_0.png,BGCHECKLIST
3897,/New_Volume/trade-finance/final_delivery/classification_training/V2_Final_Training_Data/BGCHECKLIST/Cancellation_Request_Letter_470_0.png,BGCHECKLIST
3898,/New_Volume/trade-finance/final_delivery/classification_training/V2_Final_Training_Data/BGCHECKLIST/Cancellation_Request_Letter_214_0.png,BGCHECKLIST
3899,/New_Volume/trade-finance/final_delivery/classification_training/V2_Final_Training_Data/BGCHECKLIST/Cancellation_Request_Letter_225_0.png,BGCHECKLIST
3900,/New_Volume/trade-finance/final_delivery/classification_training/V2_Final_Training_Data/BGCHECKLIST/Cancellation_Request_Letter_441_0.png,BGCHECKLIST
3901,/New_Volume/trade-finance/final_delivery/classification_training/V2_Final_Training_Data/BGCHECKLIST/Cancellation_Request_Letter_545_0.png,BGCHECKLIST
3902,/New_Volume/trade-finance/final_delivery/classification_training/V2_Final_Training_Data/BGCHECKLIST/Cancellation_Request_Letter_294_0.png,BGCHECKLIST
3903,/New_Volume/trade-finance/final_delivery/classification_training/V2_Final_Training_Data/BGCHECKLIST/Cancellation_Request_Letter_526_0.png,BGCHECKLIST
3904,/New_Volume/trade-finance/final_delivery/classification_training/V2_Final_Training_Data/BGCHECKLIST/Cancellation_Request_Letter_447_0.png,BGCHECKLIST
3905,/New_Volume/trade-finance/final_delivery/classification_training/V2_Final_Training_Data/BGCHECKLIST/Cancellation_Request_Letter_211_1.png,BGCHECKLIST
3906,/New_Volume/trade-finance/final_delivery/classification_training/V2_Final_Training_Data/BGCHECKLIST/Cancellation_Request_Letter_185_0.png,BGCHECKLIST
3907,/New_Volume/trade-finance/final_delivery/classification_training/V2_Final_Training_Data/BGCHECKLIST/Cancellation_Request_Letter_131_0.png,BGCHECKLIST
3908,/New_Volume/trade-finance/final_delivery/classification_training/V2_Final_Training_Data/BGCHECKLIST/Cancellation_Request_Letter_134_0.png,BGCHECKLIST
3909,/New_Volume/trade-finance/final_delivery/classification_training/V2_Final_Training_Data/BGCHECKLIST/Cancellation_Request_Letter_171_0.png,BGCHECKLIST
3910,/New_Volume/trade-finance/final_delivery/classification_training/V2_Final_Training_Data/BGCHECKLIST/Cancellation_Request_Letter_589_0.png,BGCHECKLIST
3911,/New_Volume/trade-finance/final_delivery/classification_training/V2_Final_Training_Data/BGCHECKLIST/Cancellation_Request_Letter_208_0.png,BGCHECKLIST
3912,/New_Volume/trade-finance/final_delivery/classification_training/V2_Final_Training_Data/BGCHECKLIST/Cancellation_Request_Letter_307_0.png,BGCHECKLIST
3913,/New_Volume/trade-finance/final_delivery/classification_training/V2_Final_Training_Data/BGCHECKLIST/Cancellation_Request_Letter_446_1.png,BGCHECKLIST
3914,/New_Volume/trade-finance/final_delivery/classification_training/V2_Final_Training_Data/BGCHECKLIST/Cancellation_Request_Letter_148_1.png,BGCHECKLIST
3915,/New_Volume/trade-finance/final_delivery/classification_training/V2_Final_Training_Data/BGCHECKLIST/Cancellation_Request_Letter_242_0.png,BGCHECKLIST
3916,/New_Volume/trade-finance/final_delivery/classification_training/V2_Final_Training_Data/BGCHECKLIST/Cancellation_Request_Letter_418_0.png,BGCHECKLIST
3917,/New_Volume/trade-finance/final_delivery/classification_training/V2_Final_Training_Data/BGCHECKLIST/Cancellation_Request_Letter_311_0.png,BGCHECKLIST
3918,/New_Volume/trade-finance/final_delivery/classification_training/V2_Final_Training_Data/BGCHECKLIST/Cancellation_Request_Letter_360_0.png,BGCHECKLIST
3919,/New_Volume/trade-finance/final_delivery/classification_training/V2_Final_Training_Data/BGCHECKLIST/Cancellation_Request_Letter_421_0.png,BGCHECKLIST
3920,/New_Volume/trade-finance/final_delivery/classification_training/V2_Final_Training_Data/BGCHECKLIST/Cancellation_Request_Letter_192_0.png,BGCHECKLIST
3921,/New_Volume/trade-finance/final_delivery/classification_training/V2_Final_Training_Data/BGCHECKLIST/Cancellation_Request_Letter_341_0.png,BGCHECKLIST
3922,/New_Volume/trade-finance/final_delivery/classification_training/V2_Final_Training_Data/BGCHECKLIST/Cancellation_Request_Letter_354_0.png,BGCHECKLIST
3923,/New_Volume/trade-finance/final_delivery/classification_training/V2_Final_Training_Data/BGCHECKLIST/Cancellation_Request_Letter_301_0.png,BGCHECKLIST
3924,/New_Volume/trade-finance/final_delivery/classification_training/V2_Final_Training_Data/BGCHECKLIST/Cancellation_Request_Letter_188_0.png,BGCHECKLIST
3925,/New_Volume/trade-finance/final_delivery/classification_training/V2_Final_Training_Data/BGCHECKLIST/Cancellation_Request_Letter_452_0.png,BGCHECKLIST
3926,/New_Volume/trade-finance/final_delivery/classification_training/V2_Final_Training_Data/BGCHECKLIST/Cancellation_Request_Letter_291_0.png,BGCHECKLIST
3927,/New_Volume/trade-finance/final_delivery/classification_training/V2_Final_Training_Data/BGCHECKLIST/Cancellation_Request_Letter_337_0.png,BGCHECKLIST
3928,/New_Volume/trade-finance/final_delivery/classification_training/V2_Final_Training_Data/BGCHECKLIST/Cancellation_Request_Letter_333_0.png,BGCHECKLIST
3929,/New_Volume/trade-finance/final_delivery/classification_training/V2_Final_Training_Data/BGCHECKLIST/Cancellation_Request_Letter_388_0.png,BGCHECKLIST
3930,/New_Volume/trade-finance/final_delivery/classification_training/V2_Final_Training_Data/BGCHECKLIST/Cancellation_Request_Letter_544_0.png,BGCHECKLIST
3931,/New_Volume/trade-finance/final_delivery/classification_training/V2_Final_Training_Data/BGCHECKLIST/Cancellation_Request_Letter_425_1.png,BGCHECKLIST
3932,/New_Volume/trade-finance/final_delivery/classification_training/V2_Final_Training_Data/BGCHECKLIST/Cancellation_Request_Letter_589_1.png,BGCHECKLIST
3933,/New_Volume/trade-finance/final_delivery/classification_training/V2_Final_Training_Data/BGCHECKLIST/Cancellation_Request_Letter_365_0.png,BGCHECKLIST
3934,/New_Volume/trade-finance/final_delivery/classification_training/V2_Final_Training_Data/BGCHECKLIST/Cancellation_Request_Letter_300_0.png,BGCHECKLIST
3935,/New_Volume/trade-finance/final_delivery/classification_training/V2_Final_Training_Data/BGCHECKLIST/Cancellation_Request_Letter_240_0.png,BGCHECKLIST
3936,/New_Volume/trade-finance/final_delivery/classification_training/V2_Final_Training_Data/BGCHECKLIST/Cancellation_Request_Letter_275_0.png,BGCHECKLIST
3937,/New_Volume/trade-finance/final_delivery/classification_training/V2_Final_Training_Data/BGCHECKLIST/Cancellation_Request_Letter_462_0.png,BGCHECKLIST
3938,/New_Volume/trade-finance/final_delivery/classification_training/V2_Final_Training_Data/BGCHECKLIST/Cancellation_Request_Letter_382_0.png,BGCHECKLIST
3939,/New_Volume/trade-finance/final_delivery/classification_training/V2_Final_Training_Data/BGCHECKLIST/Cancellation_Request_Letter_206_1.png,BGCHECKLIST
3940,/New_Volume/trade-finance/final_delivery/classification_training/V2_Final_Training_Data/BGCHECKLIST/Cancellation_Request_Letter_126_0.png,BGCHECKLIST
3941,/New_Volume/trade-finance/final_delivery/classification_training/V2_Final_Training_Data/BGCHECKLIST/Cancellation_Request_Letter_330_1.png,BGCHECKLIST
3942,/New_Volume/trade-finance/final_delivery/classification_training/V2_Final_Training_Data/BGCHECKLIST/Cancellation_Request_Letter_277_0.png,BGCHECKLIST
3943,/New_Volume/trade-finance/final_delivery/classification_training/V2_Final_Training_Data/BGCHECKLIST/Cancellation_Request_Letter_335_0.png,BGCHECKLIST
3944,/New_Volume/trade-finance/final_delivery/classification_training/V2_Final_Training_Data/BGCHECKLIST/Cancellation_Request_Letter_397_0.png,BGCHECKLIST
3945,/New_Volume/trade-finance/final_delivery/classification_training/V2_Final_Training_Data/BGCHECKLIST/Cancellation_Request_Letter_541_0.png,BGCHECKLIST
3946,/New_Volume/trade-finance/final_delivery/classification_training/V2_Final_Training_Data/BGCHECKLIST/Cancellation_Request_Letter_223_0.png,BGCHECKLIST
3947,/New_Volume/trade-finance/final_delivery/classification_training/V2_Final_Training_Data/BGCHECKLIST/Cancellation_Request_Letter_190_0.png,BGCHECKLIST
3948,/New_Volume/trade-finance/final_delivery/classification_training/V2_Final_Training_Data/BGCHECKLIST/Cancellation_Request_Letter_391_0.png,BGCHECKLIST
3949,/New_Volume/trade-finance/final_delivery/classification_training/V2_Final_Training_Data/BGCHECKLIST/Cancellation_Request_Letter_485_0.png,BGCHECKLIST
3950,/New_Volume/trade-finance/final_delivery/classification_training/V2_Final_Training_Data/BGCHECKLIST/Cancellation_Request_Letter_442_0.png,BGCHECKLIST
3951,/New_Volume/trade-finance/final_delivery/classification_training/V2_Final_Training_Data/BGCHECKLIST/Cancellation_Request_Letter_157_0.png,BGCHECKLIST
3952,/New_Volume/trade-finance/final_delivery/classification_training/V2_Final_Training_Data/BGCHECKLIST/Cancellation_Request_Letter_539_0.png,BGCHECKLIST
3953,/New_Volume/trade-finance/final_delivery/classification_training/V2_Final_Training_Data/BGCHECKLIST/Cancellation_Request_Letter_342_0.png,BGCHECKLIST
3954,/New_Volume/trade-finance/final_delivery/classification_training/V2_Final_Training_Data/BGCHECKLIST/Cancellation_Request_Letter_508_0.png,BGCHECKLIST
3955,/New_Volume/trade-finance/final_delivery/classification_training/V2_Final_Training_Data/BGCHECKLIST/Cancellation_Request_Letter_381_0.png,BGCHECKLIST
3956,/New_Volume/trade-finance/final_delivery/classification_training/V2_Final_Training_Data/BGCHECKLIST/Cancellation_Request_Letter_440_0.png,BGCHECKLIST
3957,/New_Volume/trade-finance/final_delivery/classification_training/V2_Final_Training_Data/BGCHECKLIST/Cancellation_Request_Letter_550_0.png,BGCHECKLIST
3958,/New_Volume/trade-finance/final_delivery/classification_training/V2_Final_Training_Data/BGCHECKLIST/Cancellation_Request_Letter_565_0.png,BGCHECKLIST
3959,/New_Volume/trade-finance/final_delivery/classification_training/V2_Final_Training_Data/BGCHECKLIST/Cancellation_Request_Letter_144_0.png,BGCHECKLIST
3960,/New_Volume/trade-finance/final_delivery/classification_training/V2_Final_Training_Data/BGCHECKLIST/Cancellation_Request_Letter_555_0.png,BGCHECKLIST
3961,/New_Volume/trade-finance/final_delivery/classification_training/V2_Final_Training_Data/BGCHECKLIST/Cancellation_Request_Letter_576_0.png,BGCHECKLIST
3962,/New_Volume/trade-finance/final_delivery/classification_training/V2_Final_Training_Data/BGCHECKLIST/Cancellation_Request_Letter_513_0.png,BGCHECKLIST
3963,/New_Volume/trade-finance/final_delivery/classification_training/V2_Final_Training_Data/BGCHECKLIST/Cancellation_Request_Letter_375_0.png,BGCHECKLIST
3964,/New_Volume/trade-finance/final_delivery/classification_training/V2_Final_Training_Data/BGCHECKLIST/Cancellation_Request_Letter_200_0.png,BGCHECKLIST
3965,/New_Volume/trade-finance/final_delivery/classification_training/V2_Final_Training_Data/BGCHECKLIST/Cancellation_Request_Letter_511_1.png,BGCHECKLIST
3966,/New_Volume/trade-finance/final_delivery/classification_training/V2_Final_Training_Data/BGCHECKLIST/Cancellation_Request_Letter_451_0.png,BGCHECKLIST
3967,/New_Volume/trade-finance/final_delivery/classification_training/V2_Final_Training_Data/BGCHECKLIST/Cancellation_Request_Letter_279_0.png,BGCHECKLIST
3968,/New_Volume/trade-finance/final_delivery/classification_training/V2_Final_Training_Data/BGCHECKLIST/Cancellation_Request_Letter_334_0.png,BGCHECKLIST
3969,/New_Volume/trade-finance/final_delivery/classification_training/V2_Final_Training_Data/BGCHECKLIST/Cancellation_Request_Letter_202_0.png,BGCHECKLIST
3970,/New_Volume/trade-finance/final_delivery/classification_training/V2_Final_Training_Data/BGCHECKLIST/Cancellation_Request_Letter_165_0.png,BGCHECKLIST
3971,/New_Volume/trade-finance/final_delivery/classification_training/V2_Final_Training_Data/BGCHECKLIST/Cancellation_Request_Letter_393_0.png,BGCHECKLIST
3972,/New_Volume/trade-finance/final_delivery/classification_training/V2_Final_Training_Data/BGCHECKLIST/Cancellation_Request_Letter_269_0.png,BGCHECKLIST
3973,/New_Volume/trade-finance/final_delivery/classification_training/V2_Final_Training_Data/BGCHECKLIST/Cancellation_Request_Letter_253_0.png,BGCHECKLIST
3974,/New_Volume/trade-finance/final_delivery/classification_training/V2_Final_Training_Data/BGCHECKLIST/Cancellation_Request_Letter_533_0.png,BGCHECKLIST
3975,/New_Volume/trade-finance/final_delivery/classification_training/V2_Final_Training_Data/BGCHECKLIST/Cancellation_Request_Letter_86_0.png,BGCHECKLIST
3976,/New_Volume/trade-finance/final_delivery/classification_training/V2_Final_Training_Data/BGCHECKLIST/Cancellation_Request_Letter_496_0.png,BGCHECKLIST
3977,/New_Volume/trade-finance/final_delivery/classification_training/V2_Final_Training_Data/BGCHECKLIST/Cancellation_Request_Letter_399_0.png,BGCHECKLIST
3978,/New_Volume/trade-finance/final_delivery/classification_training/V2_Final_Training_Data/BGCHECKLIST/Cancellation_Request_Letter_410_0.png,BGCHECKLIST
3979,/New_Volume/trade-finance/final_delivery/classification_training/V2_Final_Training_Data/BGCHECKLIST/Cancellation_Request_Letter_564_0.png,BGCHECKLIST
3980,/New_Volume/trade-finance/final_delivery/classification_training/V2_Final_Training_Data/BGCHECKLIST/Cancellation_Request_Letter_572_0.png,BGCHECKLIST
3981,/New_Volume/trade-finance/final_delivery/classification_training/V2_Final_Training_Data/BGCHECKLIST/Cancellation_Request_Letter_412_0.png,BGCHECKLIST
3982,/New_Volume/trade-finance/final_delivery/classification_training/V2_Final_Training_Data/BGCHECKLIST/Cancellation_Request_Letter_443_0.png,BGCHECKLIST
3983,/New_Volume/trade-finance/final_delivery/classification_training/V2_Final_Training_Data/BGCHECKLIST/Cancellation_Request_Letter_538_0.png,BGCHECKLIST
3984,/New_Volume/trade-finance/final_delivery/classification_training/V2_Final_Training_Data/BGCHECKLIST/Cancellation_Request_Letter_206_0.png,BGCHECKLIST
3985,/New_Volume/trade-finance/final_delivery/classification_training/V2_Final_Training_Data/BGCHECKLIST/Cancellation_Request_Letter_348_0.png,BGCHECKLIST
3986,/New_Volume/trade-finance/final_delivery/classification_training/V2_Final_Training_Data/BGCHECKLIST/Cancellation_Request_Letter_161_0.png,BGCHECKLIST
3987,/New_Volume/trade-finance/final_delivery/classification_training/V2_Final_Training_Data/BGCHECKLIST/Cancellation_Request_Letter_552_0.png,BGCHECKLIST
3988,/New_Volume/trade-finance/final_delivery/classification_training/V2_Final_Training_Data/BGCHECKLIST/Cancellation_Request_Letter_431_0.png,BGCHECKLIST
3989,/New_Volume/trade-finance/final_delivery/classification_training/V2_Final_Training_Data/BGCHECKLIST/Cancellation_Request_Letter_203_0.png,BGCHECKLIST
3990,/New_Volume/trade-finance/final_delivery/classification_training/V2_Final_Training_Data/BGCHECKLIST/Cancellation_Request_Letter_209_0.png,BGCHECKLIST
3991,/New_Volume/trade-finance/final_delivery/classification_training/V2_Final_Training_Data/BGCHECKLIST/Cancellation_Request_Letter_265_0.png,BGCHECKLIST
3992,/New_Volume/trade-finance/final_delivery/classification_training/V2_Final_Training_Data/BGCHECKLIST/Cancellation_Request_Letter_385_0.png,BGCHECKLIST
3993,/New_Volume/trade-finance/final_delivery/classification_training/V2_Final_Training_Data/BGCHECKLIST/Cancellation_Request_Letter_585_0.png,BGCHECKLIST
3994,/New_Volume/trade-finance/final_delivery/classification_training/V2_Final_Training_Data/BGCHECKLIST/Cancellation_Request_Letter_340_0.png,BGCHECKLIST
3995,/New_Volume/trade-finance/final_delivery/classification_training/V2_Final_Training_Data/BGCHECKLIST/Cancellation_Request_Letter_465_0.png,BGCHECKLIST
3996,/New_Volume/trade-finance/final_delivery/classification_training/V2_Final_Training_Data/BGCHECKLIST/Cancellation_Request_Letter_213_0.png,BGCHECKLIST
3997,/New_Volume/trade-finance/final_delivery/classification_training/V2_Final_Training_Data/BGCHECKLIST/Cancellation_Request_Letter_314_0.png,BGCHECKLIST
3998,/New_Volume/trade-finance/final_delivery/classification_training/V2_Final_Training_Data/BGCHECKLIST/Cancellation_Request_Letter_597_0.png,BGCHECKLIST
3999,/New_Volume/trade-finance/final_delivery/classification_training/V2_Final_Training_Data/BGCHECKLIST/Cancellation_Request_Letter_503_0.png,BGCHECKLIST
4000,/New_Volume/trade-finance/final_delivery/classification_training/V2_Final_Training_Data/BGCHECKLIST/Cancellation_Request_Letter_189_0.png,BGCHECKLIST
4001,/New_Volume/trade-finance/final_delivery/classification_training/V2_Final_Training_Data/BGCHECKLIST/Cancellation_Request_Letter_227_0.png,BGCHECKLIST
4002,/New_Volume/trade-finance/final_delivery/classification_training/V2_Final_Training_Data/BGCHECKLIST/Cancellation_Request_Letter_115_0.png,BGCHECKLIST
4003,/New_Volume/trade-finance/final_delivery/classification_training/V2_Final_Training_Data/BGCHECKLIST/Cancellation_Request_Letter_219_1.png,BGCHECKLIST
4004,/New_Volume/trade-finance/final_delivery/classification_training/V2_Final_Training_Data/BGCHECKLIST/Cancellation_Request_Letter_207_0.png,BGCHECKLIST
4005,/New_Volume/trade-finance/final_delivery/classification_training/V2_Final_Training_Data/BGCHECKLIST/Cancellation_Request_Letter_446_0.png,BGCHECKLIST
4006,/New_Volume/trade-finance/final_delivery/classification_training/V2_Final_Training_Data/BGCHECKLIST/Cancellation_Request_Letter_530_0.png,BGCHECKLIST
4007,/New_Volume/trade-finance/final_delivery/classification_training/V2_Final_Training_Data/BGCHECKLIST/Cancellation_Request_Letter_392_0.png,BGCHECKLIST
4008,/New_Volume/trade-finance/final_delivery/classification_training/V2_Final_Training_Data/BGCHECKLIST/Cancellation_Request_Letter_535_0.png,BGCHECKLIST
4009,/New_Volume/trade-finance/final_delivery/classification_training/V2_Final_Training_Data/BGCHECKLIST/Cancellation_Request_Letter_319_0.png,BGCHECKLIST
4010,/New_Volume/trade-finance/final_delivery/classification_training/V2_Final_Training_Data/BGCHECKLIST/Cancellation_Request_Letter_294_1.png,BGCHECKLIST
4011,/New_Volume/trade-finance/final_delivery/classification_training/V2_Final_Training_Data/BGCHECKLIST/Cancellation_Request_Letter_369_0.png,BGCHECKLIST
4012,/New_Volume/trade-finance/final_delivery/classification_training/V2_Final_Training_Data/BGCHECKLIST/Cancellation_Request_Letter_222_0.png,BGCHECKLIST
4013,/New_Volume/trade-finance/final_delivery/classification_training/V2_Final_Training_Data/BGCHECKLIST/Cancellation_Request_Letter_587_0.png,BGCHECKLIST
4014,/New_Volume/trade-finance/final_delivery/classification_training/V2_Final_Training_Data/BGCHECKLIST/Cancellation_Request_Letter_161_1.png,BGCHECKLIST
4015,/New_Volume/trade-finance/final_delivery/classification_training/V2_Final_Training_Data/BGCHECKLIST/Cancellation_Request_Letter_483_0.png,BGCHECKLIST
4016,/New_Volume/trade-finance/final_delivery/classification_training/V2_Final_Training_Data/BGCHECKLIST/Cancellation_Request_Letter_231_0.png,BGCHECKLIST
4017,/New_Volume/trade-finance/final_delivery/classification_training/V2_Final_Training_Data/BGCHECKLIST/Cancellation_Request_Letter_84_0.png,BGCHECKLIST
4018,/New_Volume/trade-finance/final_delivery/classification_training/V2_Final_Training_Data/BGCHECKLIST/Cancellation_Request_Letter_228_0.png,BGCHECKLIST
4019,/New_Volume/trade-finance/final_delivery/classification_training/V2_Final_Training_Data/BGCHECKLIST/Cancellation_Request_Letter_261_0.png,BGCHECKLIST
4020,/New_Volume/trade-finance/final_delivery/classification_training/V2_Final_Training_Data/BGCHECKLIST/Cancellation_Request_Letter_230_0.png,BGCHECKLIST
4021,/New_Volume/trade-finance/final_delivery/classification_training/V2_Final_Training_Data/BGCHECKLIST/Cancellation_Request_Letter_329_0.png,BGCHECKLIST
4022,/New_Volume/trade-finance/final_delivery/classification_training/V2_Final_Training_Data/BGCHECKLIST/Cancellation_Request_Letter_479_0.png,BGCHECKLIST
4023,/New_Volume/trade-finance/final_delivery/classification_training/V2_Final_Training_Data/BGCHECKLIST/Cancellation_Request_Letter_458_0.png,BGCHECKLIST
4024,/New_Volume/trade-finance/final_delivery/classification_training/V2_Final_Training_Data/BGCHECKLIST/Cancellation_Request_Letter_408_0.png,BGCHECKLIST
4025,/New_Volume/trade-finance/final_delivery/classification_training/V2_Final_Training_Data/BGCHECKLIST/Cancellation_Request_Letter_472_0.png,BGCHECKLIST
4026,/New_Volume/trade-finance/final_delivery/classification_training/V2_Final_Training_Data/BGCHECKLIST/Cancellation_Request_Letter_148_0.png,BGCHECKLIST
4027,/New_Volume/trade-finance/final_delivery/classification_training/V2_Final_Training_Data/BGCHECKLIST/Cancellation_Request_Letter_521_0.png,BGCHECKLIST
4028,/New_Volume/trade-finance/final_delivery/classification_training/V2_Final_Training_Data/BGCHECKLIST/Cancellation_Request_Letter_184_1.png,BGCHECKLIST
4029,/New_Volume/trade-finance/final_delivery/classification_training/V2_Final_Training_Data/BGCHECKLIST/Cancellation_Request_Letter_378_1.png,BGCHECKLIST
4030,/New_Volume/trade-finance/final_delivery/classification_training/V2_Final_Training_Data/BGCHECKLIST/Cancellation_Request_Letter_289_0.png,BGCHECKLIST
4031,/New_Volume/trade-finance/final_delivery/classification_training/V2_Final_Training_Data/BGCHECKLIST/Cancellation_Request_Letter_184_0.png,BGCHECKLIST
4032,/New_Volume/trade-finance/final_delivery/classification_training/V2_Final_Training_Data/BGCHECKLIST/Cancellation_Request_Letter_401_0.png,BGCHECKLIST
4033,/New_Volume/trade-finance/final_delivery/classification_training/V2_Final_Training_Data/BGCHECKLIST/Cancellation_Request_Letter_557_0.png,BGCHECKLIST
4034,/New_Volume/trade-finance/final_delivery/classification_training/V2_Final_Training_Data/BGCHECKLIST/Cancellation_Request_Letter_83_1.png,BGCHECKLIST
4035,/New_Volume/trade-finance/final_delivery/classification_training/V2_Final_Training_Data/BGCHECKLIST/Cancellation_Request_Letter_538_1.png,BGCHECKLIST
4036,/New_Volume/trade-finance/final_delivery/classification_training/V2_Final_Training_Data/BGCHECKLIST/Cancellation_Request_Letter_495_0.png,BGCHECKLIST
4037,/New_Volume/trade-finance/final_delivery/classification_training/V2_Final_Training_Data/BGCHECKLIST/Cancellation_Request_Letter_139_0.png,BGCHECKLIST
4038,/New_Volume/trade-finance/final_delivery/classification_training/V2_Final_Training_Data/BGCHECKLIST/Cancellation_Request_Letter_128_0.png,BGCHECKLIST
4039,/New_Volume/trade-finance/final_delivery/classification_training/V2_Final_Training_Data/BGCHECKLIST/Cancellation_Request_Letter_553_0.png,BGCHECKLIST
4040,/New_Volume/trade-finance/final_delivery/classification_training/V2_Final_Training_Data/BGCHECKLIST/Cancellation_Request_Letter_566_0.png,BGCHECKLIST
4041,/New_Volume/trade-finance/final_delivery/classification_training/V2_Final_Training_Data/BGCHECKLIST/Cancellation_Request_Letter_324_0.png,BGCHECKLIST
4042,/New_Volume/trade-finance/final_delivery/classification_training/V2_Final_Training_Data/BGCHECKLIST/Cancellation_Request_Letter_248_0.png,BGCHECKLIST
4043,/New_Volume/trade-finance/final_delivery/classification_training/V2_Final_Training_Data/BGCHECKLIST/Cancellation_Request_Letter_428_0.png,BGCHECKLIST
4044,/New_Volume/trade-finance/final_delivery/classification_training/V2_Final_Training_Data/BGCHECKLIST/Cancellation_Request_Letter_204_0.png,BGCHECKLIST
4045,/New_Volume/trade-finance/final_delivery/classification_training/V2_Final_Training_Data/BGCHECKLIST/Cancellation_Request_Letter_435_0.png,BGCHECKLIST
4046,/New_Volume/trade-finance/final_delivery/classification_training/V2_Final_Training_Data/BGCHECKLIST/Cancellation_Request_Letter_504_0.png,BGCHECKLIST
4047,/New_Volume/trade-finance/final_delivery/classification_training/V2_Final_Training_Data/BGCHECKLIST/Cancellation_Request_Letter_176_0.png,BGCHECKLIST
4048,/New_Volume/trade-finance/final_delivery/classification_training/V2_Final_Training_Data/BGCHECKLIST/Cancellation_Request_Letter_367_1.png,BGCHECKLIST
4049,/New_Volume/trade-finance/final_delivery/classification_training/V2_Final_Training_Data/BGCHECKLIST/Cancellation_Request_Letter_316_0.png,BGCHECKLIST
4050,/New_Volume/trade-finance/final_delivery/classification_training/V2_Final_Training_Data/BGCHECKLIST/Cancellation_Request_Letter_463_0.png,BGCHECKLIST
4051,/New_Volume/trade-finance/final_delivery/classification_training/V2_Final_Training_Data/BGCHECKLIST/Cancellation_Request_Letter_449_0.png,BGCHECKLIST
4052,/New_Volume/trade-finance/final_delivery/classification_training/V2_Final_Training_Data/BGCHECKLIST/Cancellation_Request_Letter_488_0.png,BGCHECKLIST
4053,/New_Volume/trade-finance/final_delivery/classification_training/V2_Final_Training_Data/BGCHECKLIST/Cancellation_Request_Letter_298_1.png,BGCHECKLIST
4054,/New_Volume/trade-finance/final_delivery/classification_training/V2_Final_Training_Data/BGCHECKLIST/Cancellation_Request_Letter_120_0.png,BGCHECKLIST
4055,/New_Volume/trade-finance/final_delivery/classification_training/V2_Final_Training_Data/BGCHECKLIST/Cancellation_Request_Letter_522_0.png,BGCHECKLIST
4056,/New_Volume/trade-finance/final_delivery/classification_training/V2_Final_Training_Data/BGCHECKLIST/Cancellation_Request_Letter_178_0.png,BGCHECKLIST
4057,/New_Volume/trade-finance/final_delivery/classification_training/V2_Final_Training_Data/BGCHECKLIST/Cancellation_Request_Letter_455_0.png,BGCHECKLIST
4058,/New_Volume/trade-finance/final_delivery/classification_training/V2_Final_Training_Data/BGCHECKLIST/Cancellation_Request_Letter_147_0.png,BGCHECKLIST
4059,/New_Volume/trade-finance/final_delivery/classification_training/V2_Final_Training_Data/BGCHECKLIST/Cancellation_Request_Letter_493_0.png,BGCHECKLIST
4060,/New_Volume/trade-finance/final_delivery/classification_training/V2_Final_Training_Data/BGCHECKLIST/Cancellation_Request_Letter_403_0.png,BGCHECKLIST
4061,/New_Volume/trade-finance/final_delivery/classification_training/V2_Final_Training_Data/BGCHECKLIST/Cancellation_Request_Letter_497_0.png,BGCHECKLIST
4062,/New_Volume/trade-finance/final_delivery/classification_training/V2_Final_Training_Data/BGCHECKLIST/Cancellation_Request_Letter_325_0.png,BGCHECKLIST
4063,/New_Volume/trade-finance/final_delivery/classification_training/V2_Final_Training_Data/BGCHECKLIST/Cancellation_Request_Letter_162_0.png,BGCHECKLIST
4064,/New_Volume/trade-finance/final_delivery/classification_training/V2_Final_Training_Data/BGCHECKLIST/Cancellation_Request_Letter_439_0.png,BGCHECKLIST
4065,/New_Volume/trade-finance/final_delivery/classification_training/V2_Final_Training_Data/BGCHECKLIST/Cancellation_Request_Letter_338_0.png,BGCHECKLIST
4066,/New_Volume/trade-finance/final_delivery/classification_training/V2_Final_Training_Data/BGCHECKLIST/Cancellation_Request_Letter_280_0.png,BGCHECKLIST
4067,/New_Volume/trade-finance/final_delivery/classification_training/V2_Final_Training_Data/BGCHECKLIST/Cancellation_Request_Letter_353_0.png,BGCHECKLIST
4068,/New_Volume/trade-finance/final_delivery/classification_training/V2_Final_Training_Data/BGCHECKLIST/Cancellation_Request_Letter_127_0.png,BGCHECKLIST
4069,/New_Volume/trade-finance/final_delivery/classification_training/V2_Final_Training_Data/BGCHECKLIST/Cancellation_Request_Letter_520_0.png,BGCHECKLIST
4070,/New_Volume/trade-finance/final_delivery/classification_training/V2_Final_Training_Data/BGCHECKLIST/Cancellation_Request_Letter_83_0.png,BGCHECKLIST
4071,/New_Volume/trade-finance/final_delivery/classification_training/V2_Final_Training_Data/BGCHECKLIST/Cancellation_Request_Letter_273_0.png,BGCHECKLIST
4072,/New_Volume/trade-finance/final_delivery/classification_training/V2_Final_Training_Data/BGCHECKLIST/Cancellation_Request_Letter_474_0.png,BGCHECKLIST
4073,/New_Volume/trade-finance/final_delivery/classification_training/V2_Final_Training_Data/BGCHECKLIST/Cancellation_Request_Letter_252_0.png,BGCHECKLIST
4074,/New_Volume/trade-finance/final_delivery/classification_training/V2_Final_Training_Data/BGCHECKLIST/Cancellation_Request_Letter_364_0.png,BGCHECKLIST
4075,/New_Volume/trade-finance/final_delivery/classification_training/V2_Final_Training_Data/BGCHECKLIST/Cancellation_Request_Letter_429_0.png,BGCHECKLIST
4076,/New_Volume/trade-finance/final_delivery/classification_training/V2_Final_Training_Data/BGCHECKLIST/Cancellation_Request_Letter_416_0.png,BGCHECKLIST
4077,/New_Volume/trade-finance/final_delivery/classification_training/V2_Final_Training_Data/BGCHECKLIST/Cancellation_Request_Letter_500_0.png,BGCHECKLIST
4078,/New_Volume/trade-finance/final_delivery/classification_training/V2_Final_Training_Data/BGCHECKLIST/Cancellation_Request_Letter_568_0.png,BGCHECKLIST
4079,/New_Volume/trade-finance/final_delivery/classification_training/V2_Final_Training_Data/BGCHECKLIST/Cancellation_Request_Letter_395_0.png,BGCHECKLIST
4080,/New_Volume/trade-finance/final_delivery/classification_training/V2_Final_Training_Data/BGCHECKLIST/Cancellation_Request_Letter_111_0.png,BGCHECKLIST
4081,/New_Volume/trade-finance/final_delivery/classification_training/V2_Final_Training_Data/BGCHECKLIST/Cancellation_Request_Letter_349_0.png,BGCHECKLIST
4082,/New_Volume/trade-finance/final_delivery/classification_training/V2_Final_Training_Data/BGCHECKLIST/Cancellation_Request_Letter_224_0.png,BGCHECKLIST
4083,/New_Volume/trade-finance/final_delivery/classification_training/V2_Final_Training_Data/BGCHECKLIST/Cancellation_Request_Letter_117_0.png,BGCHECKLIST
4084,/New_Volume/trade-finance/final_delivery/classification_training/V2_Final_Training_Data/BGCHECKLIST/Cancellation_Request_Letter_218_0.png,BGCHECKLIST
4085,/New_Volume/trade-finance/final_delivery/classification_training/V2_Final_Training_Data/BGCHECKLIST/Cancellation_Request_Letter_251_0.png,BGCHECKLIST
4086,/New_Volume/trade-finance/final_delivery/classification_training/V2_Final_Training_Data/BGCHECKLIST/Cancellation_Request_Letter_370_0.png,BGCHECKLIST
4087,/New_Volume/trade-finance/final_delivery/classification_training/V2_Final_Training_Data/BGCHECKLIST/Cancellation_Request_Letter_289_24.png,BGCHECKLIST
4088,/New_Volume/trade-finance/final_delivery/classification_training/V2_Final_Training_Data/BGCHECKLIST/Cancellation_Request_Letter_567_0.png,BGCHECKLIST
4089,/New_Volume/trade-finance/final_delivery/classification_training/V2_Final_Training_Data/BGCHECKLIST/Cancellation_Request_Letter_511_0.png,BGCHECKLIST
4090,/New_Volume/trade-finance/final_delivery/classification_training/V2_Final_Training_Data/BGCHECKLIST/Cancellation_Request_Letter_329_1.png,BGCHECKLIST
4091,/New_Volume/trade-finance/final_delivery/classification_training/V2_Final_Training_Data/BGCHECKLIST/Cancellation_Request_Letter_276_0.png,BGCHECKLIST
4092,/New_Volume/trade-finance/final_delivery/classification_training/V2_Final_Training_Data/BGCHECKLIST/Cancellation_Request_Letter_444_0.png,BGCHECKLIST
4093,/New_Volume/trade-finance/final_delivery/classification_training/V2_Final_Training_Data/BGCHECKLIST/Cancellation_Request_Letter_531_0.png,BGCHECKLIST
4094,/New_Volume/trade-finance/final_delivery/classification_training/V2_Final_Training_Data/BGCHECKLIST/Cancellation_Request_Letter_297_1.png,BGCHECKLIST
4095,/New_Volume/trade-finance/final_delivery/classification_training/V2_Final_Training_Data/BGCHECKLIST/Cancellation_Request_Letter_586_0.png,BGCHECKLIST
4096,/New_Volume/trade-finance/final_delivery/classification_training/V2_Final_Training_Data/BGCHECKLIST/Cancellation_Request_Letter_119_0.png,BGCHECKLIST
4097,/New_Volume/trade-finance/final_delivery/classification_training/V2_Final_Training_Data/BGCHECKLIST/Cancellation_Request_Letter_129_0.png,BGCHECKLIST
4098,/New_Volume/trade-finance/final_delivery/classification_training/V2_Final_Training_Data/BGCHECKLIST/Cancellation_Request_Letter_383_0.png,BGCHECKLIST
4099,/New_Volume/trade-finance/final_delivery/classification_training/V2_Final_Training_Data/BGCHECKLIST/Cancellation_Request_Letter_471_0.png,BGCHECKLIST
4100,/New_Volume/trade-finance/final_delivery/classification_training/V2_Final_Training_Data/BGCHECKLIST/Cancellation_Request_Letter_346_0.png,BGCHECKLIST
4101,/New_Volume/trade-finance/final_delivery/classification_training/V2_Final_Training_Data/BGCHECKLIST/Cancellation_Request_Letter_177_0.png,BGCHECKLIST
4102,/New_Volume/trade-finance/final_delivery/classification_training/V2_Final_Training_Data/BGCHECKLIST/Cancellation_Request_Letter_420_0.png,BGCHECKLIST
4103,/New_Volume/trade-finance/final_delivery/classification_training/V2_Final_Training_Data/BGCHECKLIST/Cancellation_Request_Letter_322_0.png,BGCHECKLIST
4104,/New_Volume/trade-finance/final_delivery/classification_training/V2_Final_Training_Data/BGCHECKLIST/Cancellation_Request_Letter_222_1.png,BGCHECKLIST
4105,/New_Volume/trade-finance/final_delivery/classification_training/V2_Final_Training_Data/BGCHECKLIST/Cancellation_Request_Letter_160_0.png,BGCHECKLIST
4106,/New_Volume/trade-finance/final_delivery/classification_training/V2_Final_Training_Data/BGCHECKLIST/Cancellation_Request_Letter_288_0.png,BGCHECKLIST
4107,/New_Volume/trade-finance/final_delivery/classification_training/V2_Final_Training_Data/BGCHECKLIST/Cancellation_Request_Letter_133_0.png,BGCHECKLIST
4108,/New_Volume/trade-finance/final_delivery/classification_training/V2_Final_Training_Data/BGCHECKLIST/Cancellation_Request_Letter_236_0.png,BGCHECKLIST
4109,/New_Volume/trade-finance/final_delivery/classification_training/V2_Final_Training_Data/BGCHECKLIST/Cancellation_Request_Letter_283_0.png,BGCHECKLIST
4110,/New_Volume/trade-finance/final_delivery/classification_training/V2_Final_Training_Data/BGCHECKLIST/Cancellation_Request_Letter_130_0.png,BGCHECKLIST
4111,/New_Volume/trade-finance/final_delivery/classification_training/V2_Final_Training_Data/BGCHECKLIST/Cancellation_Request_Letter_582_0.png,BGCHECKLIST
4112,/New_Volume/trade-finance/final_delivery/classification_training/V2_Final_Training_Data/BGCHECKLIST/Cancellation_Request_Letter_453_0.png,BGCHECKLIST
4113,/New_Volume/trade-finance/final_delivery/classification_training/V2_Final_Training_Data/BGCHECKLIST/Cancellation_Request_Letter_167_0.png,BGCHECKLIST
4114,/New_Volume/trade-finance/final_delivery/classification_training/V2_Final_Training_Data/BGCHECKLIST/Cancellation_Request_Letter_163_0.png,BGCHECKLIST
4115,/New_Volume/trade-finance/final_delivery/classification_training/V2_Final_Training_Data/BGCHECKLIST/Cancellation_Request_Letter_503_1.png,BGCHECKLIST
4116,/New_Volume/trade-finance/final_delivery/classification_training/V2_Final_Training_Data/BGCHECKLIST/Cancellation_Request_Letter_266_0.png,BGCHECKLIST
4117,/New_Volume/trade-finance/final_delivery/classification_training/V2_Final_Training_Data/BGCHECKLIST/Cancellation_Request_Letter_137_0.png,BGCHECKLIST
4118,/New_Volume/trade-finance/final_delivery/classification_training/V2_Final_Training_Data/BGCHECKLIST/Cancellation_Request_Letter_309_0.png,BGCHECKLIST
4119,/New_Volume/trade-finance/final_delivery/classification_training/V2_Final_Training_Data/BGCHECKLIST/Cancellation_Request_Letter_512_0.png,BGCHECKLIST
4120,/New_Volume/trade-finance/final_delivery/classification_training/V2_Final_Training_Data/BGCHECKLIST/Cancellation_Request_Letter_285_0.png,BGCHECKLIST
4121,/New_Volume/trade-finance/final_delivery/classification_training/V2_Final_Training_Data/BGCHECKLIST/Cancellation_Request_Letter_523_0.png,BGCHECKLIST
4122,/New_Volume/trade-finance/final_delivery/classification_training/V2_Final_Training_Data/BGCHECKLIST/Cancellation_Request_Letter_575_0.png,BGCHECKLIST
4123,/New_Volume/trade-finance/final_delivery/classification_training/V2_Final_Training_Data/BGCHECKLIST/Cancellation_Request_Letter_468_0.png,BGCHECKLIST
4124,/New_Volume/trade-finance/final_delivery/classification_training/V2_Final_Training_Data/BGCHECKLIST/Cancellation_Request_Letter_107_0.png,BGCHECKLIST
4125,/New_Volume/trade-finance/final_delivery/classification_training/V2_Final_Training_Data/BGCHECKLIST/Cancellation_Request_Letter_592_0.png,BGCHECKLIST
4126,/New_Volume/trade-finance/final_delivery/classification_training/V2_Final_Training_Data/BGCHECKLIST/Cancellation_Request_Letter_578_0.png,BGCHECKLIST
4127,/New_Volume/trade-finance/final_delivery/classification_training/V2_Final_Training_Data/BGCHECKLIST/Cancellation_Request_Letter_571_0.png,BGCHECKLIST
4128,/New_Volume/trade-finance/final_delivery/classification_training/V2_Final_Training_Data/BGCHECKLIST/Cancellation_Request_Letter_122_0.png,BGCHECKLIST
4129,/New_Volume/trade-finance/final_delivery/classification_training/V2_Final_Training_Data/BGCHECKLIST/Cancellation_Request_Letter_255_0.png,BGCHECKLIST
4130,/New_Volume/trade-finance/final_delivery/classification_training/V2_Final_Training_Data/BGCHECKLIST/Cancellation_Request_Letter_516_0.png,BGCHECKLIST
4131,/New_Volume/trade-finance/final_delivery/classification_training/V2_Final_Training_Data/BGCHECKLIST/Cancellation_Request_Letter_267_0.png,BGCHECKLIST
4132,/New_Volume/trade-finance/final_delivery/classification_training/V2_Final_Training_Data/BGCHECKLIST/Cancellation_Request_Letter_299_0.png,BGCHECKLIST
4133,/New_Volume/trade-finance/final_delivery/classification_training/V2_Final_Training_Data/BGCHECKLIST/Cancellation_Request_Letter_457_0.png,BGCHECKLIST
4134,/New_Volume/trade-finance/final_delivery/classification_training/V2_Final_Training_Data/BGCHECKLIST/Cancellation_Request_Letter_372_1.png,BGCHECKLIST
4135,/New_Volume/trade-finance/final_delivery/classification_training/V2_Final_Training_Data/BGCHECKLIST/Cancellation_Request_Letter_174_0.png,BGCHECKLIST
4136,/New_Volume/trade-finance/final_delivery/classification_training/V2_Final_Training_Data/BGCHECKLIST/Cancellation_Request_Letter_551_0.png,BGCHECKLIST
4137,/New_Volume/trade-finance/final_delivery/classification_training/V2_Final_Training_Data/BGCHECKLIST/Cancellation_Request_Letter_104_0.png,BGCHECKLIST
4138,/New_Volume/trade-finance/final_delivery/classification_training/V2_Final_Training_Data/BGCHECKLIST/Cancellation_Request_Letter_312_0.png,BGCHECKLIST
4139,/New_Volume/trade-finance/final_delivery/classification_training/V2_Final_Training_Data/BGCHECKLIST/Cancellation_Request_Letter_249_0.png,BGCHECKLIST
4140,/New_Volume/trade-finance/final_delivery/classification_training/V2_Final_Training_Data/BGCHECKLIST/Cancellation_Request_Letter_481_0.png,BGCHECKLIST
4141,/New_Volume/trade-finance/final_delivery/classification_training/V2_Final_Training_Data/BGCHECKLIST/Cancellation_Request_Letter_109_0.png,BGCHECKLIST
4142,/New_Volume/trade-finance/final_delivery/classification_training/V2_Final_Training_Data/BGCHECKLIST/Cancellation_Request_Letter_459_0.png,BGCHECKLIST
4143,/New_Volume/trade-finance/final_delivery/classification_training/V2_Final_Training_Data/BGCHECKLIST/Cancellation_Request_Letter_239_0.png,BGCHECKLIST
4144,/New_Volume/trade-finance/final_delivery/classification_training/V2_Final_Training_Data/BGCHECKLIST/Cancellation_Request_Letter_94_0.png,BGCHECKLIST
4145,/New_Volume/trade-finance/final_delivery/classification_training/V2_Final_Training_Data/BGCHECKLIST/Cancellation_Request_Letter_330_0.png,BGCHECKLIST
4146,/New_Volume/trade-finance/final_delivery/classification_training/V2_Final_Training_Data/BGCHECKLIST/Cancellation_Request_Letter_460_0.png,BGCHECKLIST
4147,/New_Volume/trade-finance/final_delivery/classification_training/V2_Final_Training_Data/BGCHECKLIST/Cancellation_Request_Letter_532_0.png,BGCHECKLIST
4148,/New_Volume/trade-finance/final_delivery/classification_training/V2_Final_Training_Data/BGCHECKLIST/Cancellation_Request_Letter_296_0.png,BGCHECKLIST
4149,/New_Volume/trade-finance/final_delivery/classification_training/V2_Final_Training_Data/BGCHECKLIST/Cancellation_Request_Letter_182_1.png,BGCHECKLIST
4150,/New_Volume/trade-finance/final_delivery/classification_training/V2_Final_Training_Data/BGCHECKLIST/Cancellation_Request_Letter_480_0.png,BGCHECKLIST
4151,/New_Volume/trade-finance/final_delivery/classification_training/V2_Final_Training_Data/BGCHECKLIST/Cancellation_Request_Letter_404_0.png,BGCHECKLIST
4152,/New_Volume/trade-finance/final_delivery/classification_training/V2_Final_Training_Data/BGCHECKLIST/Cancellation_Request_Letter_417_0.png,BGCHECKLIST
4153,/New_Volume/trade-finance/final_delivery/classification_training/V2_Final_Training_Data/BGCHECKLIST/Cancellation_Request_Letter_243_0.png,BGCHECKLIST
4154,/New_Volume/trade-finance/final_delivery/classification_training/V2_Final_Training_Data/BGCHECKLIST/Cancellation_Request_Letter_182_0.png,BGCHECKLIST
4155,/New_Volume/trade-finance/final_delivery/classification_training/V2_Final_Training_Data/BGCHECKLIST/Cancellation_Request_Letter_164_0.png,BGCHECKLIST
4156,/New_Volume/trade-finance/final_delivery/classification_training/V2_Final_Training_Data/BGCHECKLIST/Cancellation_Request_Letter_367_0.png,BGCHECKLIST
4157,/New_Volume/trade-finance/final_delivery/classification_training/V2_Final_Training_Data/BGCHECKLIST/Cancellation_Request_Letter_356_0.png,BGCHECKLIST
4158,/New_Volume/trade-finance/final_delivery/classification_training/V2_Final_Training_Data/BGCHECKLIST/Cancellation_Request_Letter_90_2.png,BGCHECKLIST
4159,/New_Volume/trade-finance/final_delivery/classification_training/V2_Final_Training_Data/BGCHECKLIST/Cancellation_Request_Letter_226_0.png,BGCHECKLIST
4160,/New_Volume/trade-finance/final_delivery/classification_training/V2_Final_Training_Data/BGCHECKLIST/Cancellation_Request_Letter_389_0.png,BGCHECKLIST
4161,/New_Volume/trade-finance/final_delivery/classification_training/V2_Final_Training_Data/BGCHECKLIST/Cancellation_Request_Letter_507_0.png,BGCHECKLIST
4162,/New_Volume/trade-finance/final_delivery/classification_training/V2_Final_Training_Data/BGCHECKLIST/Cancellation_Request_Letter_100_0.png,BGCHECKLIST
4163,/New_Volume/trade-finance/final_delivery/classification_training/V2_Final_Training_Data/BGCHECKLIST/Cancellation_Request_Letter_498_0.png,BGCHECKLIST
4164,/New_Volume/trade-finance/final_delivery/classification_training/V2_Final_Training_Data/BGCHECKLIST/Cancellation_Request_Letter_250_0.png,BGCHECKLIST
4165,/New_Volume/trade-finance/final_delivery/classification_training/V2_Final_Training_Data/BGCHECKLIST/Cancellation_Request_Letter_396_0.png,BGCHECKLIST
4166,/New_Volume/trade-finance/final_delivery/classification_training/V2_Final_Training_Data/BGCHECKLIST/Cancellation_Request_Letter_290_0.png,BGCHECKLIST
4167,/New_Volume/trade-finance/final_delivery/classification_training/V2_Final_Training_Data/BGCHECKLIST/Cancellation_Request_Letter_169_0.png,BGCHECKLIST
4168,/New_Volume/trade-finance/final_delivery/classification_training/V2_Final_Training_Data/BGCHECKLIST/Cancellation_Request_Letter_378_0.png,BGCHECKLIST
4169,/New_Volume/trade-finance/final_delivery/classification_training/V2_Final_Training_Data/BGCHECKLIST/Cancellation_Request_Letter_415_0.png,BGCHECKLIST
4170,/New_Volume/trade-finance/final_delivery/classification_training/V2_Final_Training_Data/BGCHECKLIST/Cancellation_Request_Letter_220_0.png,BGCHECKLIST
4171,/New_Volume/trade-finance/final_delivery/classification_training/V2_Final_Training_Data/BGCHECKLIST/Cancellation_Request_Letter_211_2.png,BGCHECKLIST
4172,/New_Volume/trade-finance/final_delivery/classification_training/V2_Final_Training_Data/BGCHECKLIST/Cancellation_Request_Letter_158_0.png,BGCHECKLIST
4173,/New_Volume/trade-finance/final_delivery/classification_training/V2_Final_Training_Data/BGCHECKLIST/Cancellation_Request_Letter_489_0.png,BGCHECKLIST
4174,/New_Volume/trade-finance/final_delivery/classification_training/V2_Final_Training_Data/BGCHECKLIST/Cancellation_Request_Letter_272_0.png,BGCHECKLIST
4175,/New_Volume/trade-finance/final_delivery/classification_training/V2_Final_Training_Data/BGCHECKLIST/Cancellation_Request_Letter_387_0.png,BGCHECKLIST
4176,/New_Volume/trade-finance/final_delivery/classification_training/V2_Final_Training_Data/BGCHECKLIST/Cancellation_Request_Letter_548_0.png,BGCHECKLIST
4177,/New_Volume/trade-finance/final_delivery/classification_training/V2_Final_Training_Data/BGCHECKLIST/Cancellation_Request_Letter_414_0.png,BGCHECKLIST
4178,/New_Volume/trade-finance/final_delivery/classification_training/V2_Final_Training_Data/BGCHECKLIST/Cancellation_Request_Letter_193_0.png,BGCHECKLIST
4179,/New_Volume/trade-finance/final_delivery/classification_training/V2_Final_Training_Data/BGCHECKLIST/Cancellation_Request_Letter_298_0.png,BGCHECKLIST
4180,/New_Volume/trade-finance/final_delivery/classification_training/V2_Final_Training_Data/BGCHECKLIST/Cancellation_Request_Letter_92_0.png,BGCHECKLIST
4181,/New_Volume/trade-finance/final_delivery/classification_training/V2_Final_Training_Data/BGCHECKLIST/Cancellation_Request_Letter_362_0.png,BGCHECKLIST
4182,/New_Volume/trade-finance/final_delivery/classification_training/V2_Final_Training_Data/BGCHECKLIST/Cancellation_Request_Letter_87_0.png,BGCHECKLIST
4183,/New_Volume/trade-finance/final_delivery/classification_training/V2_Final_Training_Data/BGCHECKLIST/Cancellation_Request_Letter_475_2.png,BGCHECKLIST
4184,/New_Volume/trade-finance/final_delivery/classification_training/V2_Final_Training_Data/BGCHECKLIST/Cancellation_Request_Letter_464_0.png,BGCHECKLIST
4185,/New_Volume/trade-finance/final_delivery/classification_training/V2_Final_Training_Data/BGCHECKLIST/Cancellation_Request_Letter_505_0.png,BGCHECKLIST
4186,/New_Volume/trade-finance/final_delivery/classification_training/V2_Final_Training_Data/BGCHECKLIST/Cancellation_Request_Letter_429_1.png,BGCHECKLIST
4187,/New_Volume/trade-finance/final_delivery/classification_training/V2_Final_Training_Data/BGCHECKLIST/Cancellation_Request_Letter_484_0.png,BGCHECKLIST
4188,/New_Volume/trade-finance/final_delivery/classification_training/V2_Final_Training_Data/BGCHECKLIST/Cancellation_Request_Letter_445_0.png,BGCHECKLIST
4189,/New_Volume/trade-finance/final_delivery/classification_training/V2_Final_Training_Data/BGCHECKLIST/Cancellation_Request_Letter_450_0.png,BGCHECKLIST
4190,/New_Volume/trade-finance/final_delivery/classification_training/V2_Final_Training_Data/BGCHECKLIST/Cancellation_Request_Letter_425_0.png,BGCHECKLIST
4191,/New_Volume/trade-finance/final_delivery/classification_training/V2_Final_Training_Data/BGCHECKLIST/Cancellation_Request_Letter_352_0.png,BGCHECKLIST
4192,/New_Volume/trade-finance/final_delivery/classification_training/V2_Final_Training_Data/BGCHECKLIST/Cancellation_Request_Letter_179_0.png,BGCHECKLIST
4193,/New_Volume/trade-finance/final_delivery/classification_training/V2_Final_Training_Data/BGCHECKLIST/Cancellation_Request_Letter_350_0.png,BGCHECKLIST
4194,/New_Volume/trade-finance/final_delivery/classification_training/V2_Final_Training_Data/BGCHECKLIST/Cancellation_Request_Letter_569_0.png,BGCHECKLIST
4195,/New_Volume/trade-finance/final_delivery/classification_training/V2_Final_Training_Data/BGCHECKLIST/Cancellation_Request_Letter_556_0.png,BGCHECKLIST
4196,/New_Volume/trade-finance/final_delivery/classification_training/V2_Final_Training_Data/BGCHECKLIST/Cancellation_Request_Letter_326_0.png,BGCHECKLIST
4197,/New_Volume/trade-finance/final_delivery/classification_training/V2_Final_Training_Data/BGCHECKLIST/Cancellation_Request_Letter_528_0.png,BGCHECKLIST
4198,/New_Volume/trade-finance/final_delivery/classification_training/V2_Final_Training_Data/BGCHECKLIST/Cancellation_Request_Letter_357_0.png,BGCHECKLIST
4199,/New_Volume/trade-finance/final_delivery/classification_training/V2_Final_Training_Data/BGCHECKLIST/Cancellation_Request_Letter_91_0.png,BGCHECKLIST
4200,/New_Volume/trade-finance/final_delivery/classification_training/V2_Final_Training_Data/BGCHECKLIST/Cancellation_Request_Letter_187_0.png,BGCHECKLIST
4201,/New_Volume/trade-finance/final_delivery/classification_training/V2_Final_Training_Data/BGCHECKLIST/Cancellation_Request_Letter_112_0.png,BGCHECKLIST
4202,/New_Volume/trade-finance/final_delivery/classification_training/V2_Final_Training_Data/BGCHECKLIST/Cancellation_Request_Letter_263_0.png,BGCHECKLIST
4203,/New_Volume/trade-finance/final_delivery/classification_training/V2_Final_Training_Data/BGCHECKLIST/Cancellation_Request_Letter_257_0.png,BGCHECKLIST
4204,/New_Volume/trade-finance/final_delivery/classification_training/V2_Final_Training_Data/BGCHECKLIST/Cancellation_Request_Letter_574_0.png,BGCHECKLIST
4205,/New_Volume/trade-finance/final_delivery/classification_training/V2_Final_Training_Data/BGCHECKLIST/Cancellation_Request_Letter_132_0.png,BGCHECKLIST
4206,/New_Volume/trade-finance/final_delivery/classification_training/V2_Final_Training_Data/BGCHECKLIST/Cancellation_Request_Letter_366_0.png,BGCHECKLIST
4207,/New_Volume/trade-finance/final_delivery/classification_training/V2_Final_Training_Data/BGCHECKLIST/Cancellation_Request_Letter_525_0.png,BGCHECKLIST
4208,/New_Volume/trade-finance/final_delivery/classification_training/V2_Final_Training_Data/BGCHECKLIST/Cancellation_Request_Letter_113_0.png,BGCHECKLIST
4209,/New_Volume/trade-finance/final_delivery/classification_training/V2_Final_Training_Data/BGCHECKLIST/Cancellation_Request_Letter_469_0.png,BGCHECKLIST
4210,/New_Volume/trade-finance/final_delivery/classification_training/V2_Final_Training_Data/BGCHECKLIST/Cancellation_Request_Letter_519_0.png,BGCHECKLIST
4211,/New_Volume/trade-finance/final_delivery/classification_training/V2_Final_Training_Data/BGCHECKLIST/Cancellation_Request_Letter_424_0.png,BGCHECKLIST
4212,/New_Volume/trade-finance/final_delivery/classification_training/V2_Final_Training_Data/BGCHECKLIST/Cancellation_Request_Letter_260_0.png,BGCHECKLIST
4213,/New_Volume/trade-finance/final_delivery/classification_training/V2_Final_Training_Data/BGCHECKLIST/Cancellation_Request_Letter_584_0.png,BGCHECKLIST
4214,/New_Volume/trade-finance/final_delivery/classification_training/V2_Final_Training_Data/BGCHECKLIST/Cancellation_Request_Letter_594_0.png,BGCHECKLIST
4215,/New_Volume/trade-finance/final_delivery/classification_training/V2_Final_Training_Data/BGCHECKLIST/Cancellation_Request_Letter_262_0.png,BGCHECKLIST
4216,/New_Volume/trade-finance/final_delivery/classification_training/V2_Final_Training_Data/BGCHECKLIST/Cancellation_Request_Letter_88_0.png,BGCHECKLIST
4217,/New_Volume/trade-finance/final_delivery/classification_training/V2_Final_Training_Data/BGCHECKLIST/Cancellation_Request_Letter_220_1.png,BGCHECKLIST
4218,/New_Volume/trade-finance/final_delivery/classification_training/V2_Final_Training_Data/BGCHECKLIST/Cancellation_Request_Letter_162_1.png,BGCHECKLIST
4219,/New_Volume/trade-finance/final_delivery/classification_training/V2_Final_Training_Data/BGCHECKLIST/Cancellation_Request_Letter_438_0.png,BGCHECKLIST
4220,/New_Volume/trade-finance/final_delivery/classification_training/V2_Final_Training_Data/BGCHECKLIST/Cancellation_Request_Letter_456_0.png,BGCHECKLIST
4221,/New_Volume/trade-finance/final_delivery/classification_training/V2_Final_Training_Data/BGCHECKLIST/Cancellation_Request_Letter_221_0.png,BGCHECKLIST
4222,/New_Volume/trade-finance/final_delivery/classification_training/V2_Final_Training_Data/BGCHECKLIST/Cancellation_Request_Letter_411_0.png,BGCHECKLIST
4223,/New_Volume/trade-finance/final_delivery/classification_training/V2_Final_Training_Data/BGCHECKLIST/Cancellation_Request_Letter_106_0.png,BGCHECKLIST
4224,/New_Volume/trade-finance/final_delivery/classification_training/V2_Final_Training_Data/BGCHECKLIST/Cancellation_Request_Letter_570_0.png,BGCHECKLIST
4225,/New_Volume/trade-finance/final_delivery/classification_training/V2_Final_Training_Data/BGCHECKLIST/Cancellation_Request_Letter_175_0.png,BGCHECKLIST
4226,/New_Volume/trade-finance/final_delivery/classification_training/V2_Final_Training_Data/BGCHECKLIST/Cancellation_Request_Letter_146_0.png,BGCHECKLIST
4227,/New_Volume/trade-finance/final_delivery/classification_training/V2_Final_Training_Data/BGCHECKLIST/Cancellation_Request_Letter_278_0.png,BGCHECKLIST
4228,/New_Volume/trade-finance/final_delivery/classification_training/V2_Final_Training_Data/BGCHECKLIST/Cancellation_Request_Letter_254_0.png,BGCHECKLIST
4229,/New_Volume/trade-finance/final_delivery/classification_training/V2_Final_Training_Data/BGCHECKLIST/Cancellation_Request_Letter_419_0.png,BGCHECKLIST
4230,/New_Volume/trade-finance/final_delivery/classification_training/V2_Final_Training_Data/BGCHECKLIST/Cancellation_Request_Letter_207_1.png,BGCHECKLIST
4231,/New_Volume/trade-finance/final_delivery/classification_training/V2_Final_Training_Data/BGCHECKLIST/Cancellation_Request_Letter_153_0.png,BGCHECKLIST
4232,/New_Volume/trade-finance/final_delivery/classification_training/V2_Final_Training_Data/BGCHECKLIST/Cancellation_Request_Letter_374_0.png,BGCHECKLIST
4233,/New_Volume/trade-finance/final_delivery/classification_training/V2_Final_Training_Data/BGCHECKLIST/Cancellation_Request_Letter_232_0.png,BGCHECKLIST
4234,/New_Volume/trade-finance/final_delivery/classification_training/V2_Final_Training_Data/BGCHECKLIST/Cancellation_Request_Letter_156_0.png,BGCHECKLIST
4235,/New_Volume/trade-finance/final_delivery/classification_training/V2_Final_Training_Data/BGCHECKLIST/Cancellation_Request_Letter_302_0.png,BGCHECKLIST
4236,/New_Volume/trade-finance/final_delivery/classification_training/V2_Final_Training_Data/BGCHECKLIST/Cancellation_Request_Letter_351_0.png,BGCHECKLIST
4237,/New_Volume/trade-finance/final_delivery/classification_training/V2_Final_Training_Data/BGCHECKLIST/Cancellation_Request_Letter_509_0.png,BGCHECKLIST
4238,/New_Volume/trade-finance/final_delivery/classification_training/V2_Final_Training_Data/BGCHECKLIST/Cancellation_Request_Letter_368_0.png,BGCHECKLIST
4239,/New_Volume/trade-finance/final_delivery/classification_training/V2_Final_Training_Data/BGCHECKLIST/Cancellation_Request_Letter_581_0.png,BGCHECKLIST
4240,/New_Volume/trade-finance/final_delivery/classification_training/V2_Final_Training_Data/BGCHECKLIST/Cancellation_Request_Letter_427_0.png,BGCHECKLIST
4241,/New_Volume/trade-finance/final_delivery/classification_training/V2_Final_Training_Data/BGCHECKLIST/Cancellation_Request_Letter_283_2.png,BGCHECKLIST
4242,/New_Volume/trade-finance/final_delivery/classification_training/V2_Final_Training_Data/BGCHECKLIST/Cancellation_Request_Letter_461_0.png,BGCHECKLIST
4243,/New_Volume/trade-finance/final_delivery/classification_training/V2_Final_Training_Data/BGCHECKLIST/Cancellation_Request_Letter_282_0.png,BGCHECKLIST
4244,/New_Volume/trade-finance/final_delivery/classification_training/V2_Final_Training_Data/BGCHECKLIST/Cancellation_Request_Letter_510_0.png,BGCHECKLIST
4245,/New_Volume/trade-finance/final_delivery/classification_training/V2_Final_Training_Data/BGCHECKLIST/Cancellation_Request_Letter_142_0.png,BGCHECKLIST
4246,/New_Volume/trade-finance/final_delivery/classification_training/V2_Final_Training_Data/BGCHECKLIST/Cancellation_Request_Letter_490_0.png,BGCHECKLIST
4247,/New_Volume/trade-finance/final_delivery/classification_training/V2_Final_Training_Data/BGCHECKLIST/Cancellation_Request_Letter_221_1.png,BGCHECKLIST
4248,/New_Volume/trade-finance/final_delivery/classification_training/V2_Final_Training_Data/BGCHECKLIST/Cancellation_Request_Letter_580_0.png,BGCHECKLIST
4249,/New_Volume/trade-finance/final_delivery/classification_training/V2_Final_Training_Data/BGCHECKLIST/Cancellation_Request_Letter_121_0.png,BGCHECKLIST
4250,/New_Volume/trade-finance/final_delivery/classification_training/V2_Final_Training_Data/BGCHECKLIST/Cancellation_Request_Letter_241_0.png,BGCHECKLIST
4251,/New_Volume/trade-finance/final_delivery/classification_training/V2_Final_Training_Data/BGCHECKLIST/Cancellation_Request_Letter_454_0.png,BGCHECKLIST
4252,/New_Volume/trade-finance/final_delivery/classification_training/V2_Final_Training_Data/BGCHECKLIST/Cancellation_Request_Letter_304_0.png,BGCHECKLIST
4253,/New_Volume/trade-finance/final_delivery/classification_training/V2_Final_Training_Data/BGCHECKLIST/Cancellation_Request_Letter_258_0.png,BGCHECKLIST
4254,/New_Volume/trade-finance/final_delivery/classification_training/V2_Final_Training_Data/BGCHECKLIST/Cancellation_Request_Letter_394_0.png,BGCHECKLIST
4255,/New_Volume/trade-finance/final_delivery/classification_training/V2_Final_Training_Data/BGCHECKLIST/Cancellation_Request_Letter_398_0.png,BGCHECKLIST
4256,/New_Volume/trade-finance/final_delivery/classification_training/V2_Final_Training_Data/BGCHECKLIST/Cancellation_Request_Letter_226_1.png,BGCHECKLIST
4257,/New_Volume/trade-finance/final_delivery/classification_training/V2_Final_Training_Data/BGCHECKLIST/Cancellation_Request_Letter_501_0.png,BGCHECKLIST
4258,/New_Volume/trade-finance/final_delivery/classification_training/V2_Final_Training_Data/BGCHECKLIST/Cancellation_Request_Letter_211_0.png,BGCHECKLIST
4259,/New_Volume/trade-finance/final_delivery/classification_training/V2_Final_Training_Data/BGCHECKLIST/Cancellation_Request_Letter_183_0.png,BGCHECKLIST
4260,/New_Volume/trade-finance/final_delivery/classification_training/V2_Final_Training_Data/BGCHECKLIST/Cancellation_Request_Letter_219_0.png,BGCHECKLIST
4261,/New_Volume/trade-finance/final_delivery/classification_training/V2_Final_Training_Data/BGCHECKLIST/Cancellation_Request_Letter_486_0.png,BGCHECKLIST
4262,/New_Volume/trade-finance/final_delivery/classification_training/V2_Final_Training_Data/BGCHECKLIST/Cancellation_Request_Letter_524_0.png,BGCHECKLIST
4263,/New_Volume/trade-finance/final_delivery/classification_training/V2_Final_Training_Data/BGCHECKLIST/Cancellation_Request_Letter_308_0.png,BGCHECKLIST
4264,/New_Volume/trade-finance/final_delivery/classification_training/V2_Final_Training_Data/BGCHECKLIST/Cancellation_Request_Letter_383_1.png,BGCHECKLIST
4265,/New_Volume/trade-finance/final_delivery/classification_training/V2_Final_Training_Data/BGCHECKLIST/Cancellation_Request_Letter_413_0.png,BGCHECKLIST
4266,/New_Volume/trade-finance/final_delivery/classification_training/V2_Final_Training_Data/BGCHECKLIST/Cancellation_Request_Letter_491_0.png,BGCHECKLIST
4267,/New_Volume/trade-finance/final_delivery/classification_training/V2_Final_Training_Data/BGCHECKLIST/Cancellation_Request_Letter_405_0.png,BGCHECKLIST
4268,/New_Volume/trade-finance/final_delivery/classification_training/V2_Final_Training_Data/BGCHECKLIST/Cancellation_Request_Letter_402_0.png,BGCHECKLIST
4269,/New_Volume/trade-finance/final_delivery/classification_training/V2_Final_Training_Data/BGCHECKLIST/Cancellation_Request_Letter_563_0.png,BGCHECKLIST
4270,/New_Volume/trade-finance/final_delivery/classification_training/V2_Final_Training_Data/BGCHECKLIST/Cancellation_Request_Letter_186_0.png,BGCHECKLIST
4271,/New_Volume/trade-finance/final_delivery/classification_training/V2_Final_Training_Data/BGCHECKLIST/Cancellation_Request_Letter_246_0.png,BGCHECKLIST
4272,/New_Volume/trade-finance/final_delivery/classification_training/V2_Final_Training_Data/BGCHECKLIST/Cancellation_Request_Letter_264_0.png,BGCHECKLIST
4273,/New_Volume/trade-finance/final_delivery/classification_training/V2_Final_Training_Data/BGCHECKLIST/Cancellation_Request_Letter_529_0.png,BGCHECKLIST
4274,/New_Volume/trade-finance/final_delivery/classification_training/V2_Final_Training_Data/BGCHECKLIST/Cancellation_Request_Letter_155_0.png,BGCHECKLIST
4275,/New_Volume/trade-finance/final_delivery/classification_training/V2_Final_Training_Data/BGCHECKLIST/Cancellation_Request_Letter_573_0.png,BGCHECKLIST
4276,/New_Volume/trade-finance/final_delivery/classification_training/V2_Final_Training_Data/BGCHECKLIST/Cancellation_Request_Letter_215_0.png,BGCHECKLIST
4277,/New_Volume/trade-finance/final_delivery/classification_training/V2_Final_Training_Data/BGCHECKLIST/Cancellation_Request_Letter_363_0.png,BGCHECKLIST
4278,/New_Volume/trade-finance/final_delivery/classification_training/V2_Final_Training_Data/BGCHECKLIST/Cancellation_Request_Letter_515_0.png,BGCHECKLIST
4279,/New_Volume/trade-finance/final_delivery/classification_training/V2_Final_Training_Data/BGCHECKLIST/Cancellation_Request_Letter_297_2.png,BGCHECKLIST
4280,/New_Volume/trade-finance/final_delivery/classification_training/V2_Final_Training_Data/BGCHECKLIST/Cancellation_Request_Letter_271_0.png,BGCHECKLIST
4281,/New_Volume/trade-finance/final_delivery/classification_training/V2_Final_Training_Data/BOL/Bill_Of_Landing_277_page_0.png,BOL
4282,/New_Volume/trade-finance/final_delivery/classification_training/V2_Final_Training_Data/BOL/Bill_Of_Landing_289_page_1.png,BOL
4283,/New_Volume/trade-finance/final_delivery/classification_training/V2_Final_Training_Data/BOL/Bill_Of_Landing_196_page_3.png,BOL
4284,/New_Volume/trade-finance/final_delivery/classification_training/V2_Final_Training_Data/BOL/Bill_Of_Landing_354_page_2.png,BOL
4285,/New_Volume/trade-finance/final_delivery/classification_training/V2_Final_Training_Data/BOL/Bill_Of_Landing_371_page_0.png,BOL
4286,/New_Volume/trade-finance/final_delivery/classification_training/V2_Final_Training_Data/BOL/Bill_Of_Landing_243_page_0.png,BOL
4287,/New_Volume/trade-finance/final_delivery/classification_training/V2_Final_Training_Data/BOL/Bill_Of_Landing_187_page_8.png,BOL
4288,/New_Volume/trade-finance/final_delivery/classification_training/V2_Final_Training_Data/BOL/Bill_of_lading_2037_page_0.png,BOL
4289,/New_Volume/trade-finance/final_delivery/classification_training/V2_Final_Training_Data/BOL/Bill_of_lading_1563_page_2.png,BOL
4290,/New_Volume/trade-finance/final_delivery/classification_training/V2_Final_Training_Data/BOL/Bill_of_lading_2000_page_6.png,BOL
4291,/New_Volume/trade-finance/final_delivery/classification_training/V2_Final_Training_Data/BOL/Bill_Of_Landing_226_page_0.png,BOL
4292,/New_Volume/trade-finance/final_delivery/classification_training/V2_Final_Training_Data/BOL/Bill_Of_Landing_243_page_4.png,BOL
4293,/New_Volume/trade-finance/final_delivery/classification_training/V2_Final_Training_Data/BOL/Bill_Of_Landing_163_page_0.png,BOL
4294,/New_Volume/trade-finance/final_delivery/classification_training/V2_Final_Training_Data/BOL/Bill_of_lading_2038_page_3.png,BOL
4295,/New_Volume/trade-finance/final_delivery/classification_training/V2_Final_Training_Data/BOL/Bill_of_lading_1547_page_6.png,BOL
4296,/New_Volume/trade-finance/final_delivery/classification_training/V2_Final_Training_Data/BOL/Bill_Of_Landing_205_page_1.png,BOL
4297,/New_Volume/trade-finance/final_delivery/classification_training/V2_Final_Training_Data/BOL/Bill_of_lading_2026_page_0.png,BOL
4298,/New_Volume/trade-finance/final_delivery/classification_training/V2_Final_Training_Data/BOL/Bill_of_lading_2090_page_0.png,BOL
4299,/New_Volume/trade-finance/final_delivery/classification_training/V2_Final_Training_Data/BOL/Bill_of_lading_1582_page_6.png,BOL
4300,/New_Volume/trade-finance/final_delivery/classification_training/V2_Final_Training_Data/BOL/Bill_Of_Landing_197_page_1.png,BOL
4301,/New_Volume/trade-finance/final_delivery/classification_training/V2_Final_Training_Data/BOL/Bill_Of_Landing_288_page_1.png,BOL
4302,/New_Volume/trade-finance/final_delivery/classification_training/V2_Final_Training_Data/BOL/Bill_Of_Landing_301_page_1.png,BOL
4303,/New_Volume/trade-finance/final_delivery/classification_training/V2_Final_Training_Data/BOL/Bill_Of_Landing_340_page_5.png,BOL
4304,/New_Volume/trade-finance/final_delivery/classification_training/V2_Final_Training_Data/BOL/Bill_Of_Landing_196_page_2.png,BOL
4305,/New_Volume/trade-finance/final_delivery/classification_training/V2_Final_Training_Data/BOL/Bill_of_lading_1576_page_0.png,BOL
4306,/New_Volume/trade-finance/final_delivery/classification_training/V2_Final_Training_Data/BOL/Bill_of_lading_1543_page_0.png,BOL
4307,/New_Volume/trade-finance/final_delivery/classification_training/V2_Final_Training_Data/BOL/Bill_Of_Landing_196_page_7.png,BOL
4308,/New_Volume/trade-finance/final_delivery/classification_training/V2_Final_Training_Data/BOL/Bill_Of_Landing_212_page_0.png,BOL
4309,/New_Volume/trade-finance/final_delivery/classification_training/V2_Final_Training_Data/BOL/Bill_Of_Landing_358_page_0.png,BOL
4310,/New_Volume/trade-finance/final_delivery/classification_training/V2_Final_Training_Data/BOL/Bill_Of_Landing_191_page_2.png,BOL
4311,/New_Volume/trade-finance/final_delivery/classification_training/V2_Final_Training_Data/BOL/Bill_Of_Landing_114_page_2.png,BOL
4312,/New_Volume/trade-finance/final_delivery/classification_training/V2_Final_Training_Data/BOL/Bill_Of_Landing_113_page_0.png,BOL
4313,/New_Volume/trade-finance/final_delivery/classification_training/V2_Final_Training_Data/BOL/Bill_Of_Landing_348_page_1.png,BOL
4314,/New_Volume/trade-finance/final_delivery/classification_training/V2_Final_Training_Data/BOL/Bill_of_lading_1519_page_0.png,BOL
4315,/New_Volume/trade-finance/final_delivery/classification_training/V2_Final_Training_Data/BOL/Bill_of_lading_1559_page_0.png,BOL
4316,/New_Volume/trade-finance/final_delivery/classification_training/V2_Final_Training_Data/BOL/Bill_Of_Landing_257_page_0.png,BOL
4317,/New_Volume/trade-finance/final_delivery/classification_training/V2_Final_Training_Data/BOL/Bill_Of_Landing_196_page_6.png,BOL
4318,/New_Volume/trade-finance/final_delivery/classification_training/V2_Final_Training_Data/BOL/Bill_Of_Landing_194_page_1.png,BOL
4319,/New_Volume/trade-finance/final_delivery/classification_training/V2_Final_Training_Data/BOL/Bill_Of_Landing_317_page_0.png,BOL
4320,/New_Volume/trade-finance/final_delivery/classification_training/V2_Final_Training_Data/BOL/Bill_Of_Landing_288_page_2.png,BOL
4321,/New_Volume/trade-finance/final_delivery/classification_training/V2_Final_Training_Data/BOL/Bill_Of_Landing_363_page_0.png,BOL
4322,/New_Volume/trade-finance/final_delivery/classification_training/V2_Final_Training_Data/BOL/Bill_Of_Landing_333_page_9.png,BOL
4323,/New_Volume/trade-finance/final_delivery/classification_training/V2_Final_Training_Data/BOL/Bill_of_lading_2042_page_0.png,BOL
4324,/New_Volume/trade-finance/final_delivery/classification_training/V2_Final_Training_Data/BOL/Bill_of_lading_2039_page_0.png,BOL
4325,/New_Volume/trade-finance/final_delivery/classification_training/V2_Final_Training_Data/BOL/Bill_Of_Landing_235_page_5.png,BOL
4326,/New_Volume/trade-finance/final_delivery/classification_training/V2_Final_Training_Data/BOL/Bill_Of_Landing_251_page_0.png,BOL
4327,/New_Volume/trade-finance/final_delivery/classification_training/V2_Final_Training_Data/BOL/Bill_Of_Landing_352_page_1.png,BOL
4328,/New_Volume/trade-finance/final_delivery/classification_training/V2_Final_Training_Data/BOL/Bill_Of_Landing_348_page_3.png,BOL
4329,/New_Volume/trade-finance/final_delivery/classification_training/V2_Final_Training_Data/BOL/Bill_Of_Landing_205_page_4.png,BOL
4330,/New_Volume/trade-finance/final_delivery/classification_training/V2_Final_Training_Data/BOL/Bill_of_lading_1557_page_0.png,BOL
4331,/New_Volume/trade-finance/final_delivery/classification_training/V2_Final_Training_Data/BOL/Bill_of_lading_1525_page_4.png,BOL
4332,/New_Volume/trade-finance/final_delivery/classification_training/V2_Final_Training_Data/BOL/Bill_Of_Landing_196_page_14.png,BOL
4333,/New_Volume/trade-finance/final_delivery/classification_training/V2_Final_Training_Data/BOL/Bill_Of_Landing_309_page_0.png,BOL
4334,/New_Volume/trade-finance/final_delivery/classification_training/V2_Final_Training_Data/BOL/Bill_of_lading_2038_page_0.png,BOL
4335,/New_Volume/trade-finance/final_delivery/classification_training/V2_Final_Training_Data/BOL/Bill_of_lading_1577_page_2.png,BOL
4336,/New_Volume/trade-finance/final_delivery/classification_training/V2_Final_Training_Data/BOL/Bill_of_lading_2020_page_0.png,BOL
4337,/New_Volume/trade-finance/final_delivery/classification_training/V2_Final_Training_Data/BOL/Bill_Of_Landing_333_page_12.png,BOL
4338,/New_Volume/trade-finance/final_delivery/classification_training/V2_Final_Training_Data/BOL/Bill_of_lading_2053_page_2.png,BOL
4339,/New_Volume/trade-finance/final_delivery/classification_training/V2_Final_Training_Data/BOL/Bill_Of_Landing_171_page_0.png,BOL
4340,/New_Volume/trade-finance/final_delivery/classification_training/V2_Final_Training_Data/BOL/Bill_of_lading_2063_page_0.png,BOL
4341,/New_Volume/trade-finance/final_delivery/classification_training/V2_Final_Training_Data/BOL/Bill_of_lading_2072_page_0.png,BOL
4342,/New_Volume/trade-finance/final_delivery/classification_training/V2_Final_Training_Data/BOL/Bill_Of_Landing_112_page_0.png,BOL
4343,/New_Volume/trade-finance/final_delivery/classification_training/V2_Final_Training_Data/BOL/Bill_Of_Landing_161_page_0.png,BOL
4344,/New_Volume/trade-finance/final_delivery/classification_training/V2_Final_Training_Data/BOL/Bill_Of_Landing_264_page_0.png,BOL
4345,/New_Volume/trade-finance/final_delivery/classification_training/V2_Final_Training_Data/BOL/Bill_Of_Landing_340_page_6.png,BOL
4346,/New_Volume/trade-finance/final_delivery/classification_training/V2_Final_Training_Data/BOL/Bill_of_lading_1572_page_0.png,BOL
4347,/New_Volume/trade-finance/final_delivery/classification_training/V2_Final_Training_Data/BOL/Bill_Of_Landing_282_page_1.png,BOL
4348,/New_Volume/trade-finance/final_delivery/classification_training/V2_Final_Training_Data/BOL/Bill_of_lading_1999_page_0.png,BOL
4349,/New_Volume/trade-finance/final_delivery/classification_training/V2_Final_Training_Data/BOL/Bill_of_lading_2056_page_0.png,BOL
4350,/New_Volume/trade-finance/final_delivery/classification_training/V2_Final_Training_Data/BOL/Bill_of_lading_2076_page_2.png,BOL
4351,/New_Volume/trade-finance/final_delivery/classification_training/V2_Final_Training_Data/BOL/Bill_Of_Landing_196_page_4.png,BOL
4352,/New_Volume/trade-finance/final_delivery/classification_training/V2_Final_Training_Data/BOL/Bill_Of_Landing_339_page_0.png,BOL
4353,/New_Volume/trade-finance/final_delivery/classification_training/V2_Final_Training_Data/BOL/Bill_Of_Landing_296_page_2.png,BOL
4354,/New_Volume/trade-finance/final_delivery/classification_training/V2_Final_Training_Data/BOL/Bill_Of_Landing_333_page_17.png,BOL
4355,/New_Volume/trade-finance/final_delivery/classification_training/V2_Final_Training_Data/BOL/Bill_of_lading_1574_page_1.png,BOL
4356,/New_Volume/trade-finance/final_delivery/classification_training/V2_Final_Training_Data/BOL/Bill_of_lading_2059_page_0.png,BOL
4357,/New_Volume/trade-finance/final_delivery/classification_training/V2_Final_Training_Data/BOL/Bill_Of_Landing_205_page_6.png,BOL
4358,/New_Volume/trade-finance/final_delivery/classification_training/V2_Final_Training_Data/BOL/Bill_Of_Landing_290_page_1.png,BOL
4359,/New_Volume/trade-finance/final_delivery/classification_training/V2_Final_Training_Data/BOL/Bill_Of_Landing_187_page_2.png,BOL
4360,/New_Volume/trade-finance/final_delivery/classification_training/V2_Final_Training_Data/BOL/Bill_Of_Landing_351_page_0.png,BOL
4361,/New_Volume/trade-finance/final_delivery/classification_training/V2_Final_Training_Data/BOL/Bill_Of_Landing_199_page_3.png,BOL
4362,/New_Volume/trade-finance/final_delivery/classification_training/V2_Final_Training_Data/BOL/Bill_Of_Landing_375_page_1.png,BOL
4363,/New_Volume/trade-finance/final_delivery/classification_training/V2_Final_Training_Data/BOL/Bill_Of_Landing_194_page_0.png,BOL
4364,/New_Volume/trade-finance/final_delivery/classification_training/V2_Final_Training_Data/BOL/Bill_Of_Landing_170_page_2.png,BOL
4365,/New_Volume/trade-finance/final_delivery/classification_training/V2_Final_Training_Data/BOL/Bill_of_lading_2012_page_6.png,BOL
4366,/New_Volume/trade-finance/final_delivery/classification_training/V2_Final_Training_Data/BOL/Bill_Of_Landing_268_page_0.png,BOL
4367,/New_Volume/trade-finance/final_delivery/classification_training/V2_Final_Training_Data/BOL/Bill_Of_Landing_280_page_0.png,BOL
4368,/New_Volume/trade-finance/final_delivery/classification_training/V2_Final_Training_Data/BOL/Bill_Of_Landing_315_page_1.png,BOL
4369,/New_Volume/trade-finance/final_delivery/classification_training/V2_Final_Training_Data/BOL/Bill_of_lading_1554_page_2.png,BOL
4370,/New_Volume/trade-finance/final_delivery/classification_training/V2_Final_Training_Data/BOL/Bill_Of_Landing_300_page_0.png,BOL
4371,/New_Volume/trade-finance/final_delivery/classification_training/V2_Final_Training_Data/BOL/Bill_Of_Landing_156_page_2.png,BOL
4372,/New_Volume/trade-finance/final_delivery/classification_training/V2_Final_Training_Data/BOL/Bill_of_lading_2017_page_0.png,BOL
4373,/New_Volume/trade-finance/final_delivery/classification_training/V2_Final_Training_Data/BOL/Bill_Of_Landing_110_page_0.png,BOL
4374,/New_Volume/trade-finance/final_delivery/classification_training/V2_Final_Training_Data/BOL/Bill_of_lading_2066_page_6.png,BOL
4375,/New_Volume/trade-finance/final_delivery/classification_training/V2_Final_Training_Data/BOL/Bill_Of_Landing_361_page_0.png,BOL
4376,/New_Volume/trade-finance/final_delivery/classification_training/V2_Final_Training_Data/BOL/Bill_Of_Landing_199_page_2.png,BOL
4377,/New_Volume/trade-finance/final_delivery/classification_training/V2_Final_Training_Data/BOL/Bill_Of_Landing_315_page_0.png,BOL
4378,/New_Volume/trade-finance/final_delivery/classification_training/V2_Final_Training_Data/BOL/Bill_Of_Landing_247_page_0.png,BOL
4379,/New_Volume/trade-finance/final_delivery/classification_training/V2_Final_Training_Data/BOL/Bill_Of_Landing_340_page_2.png,BOL
4380,/New_Volume/trade-finance/final_delivery/classification_training/V2_Final_Training_Data/BOL/Bill_of_lading_2100_page_0.png,BOL
4381,/New_Volume/trade-finance/final_delivery/classification_training/V2_Final_Training_Data/BOL/Bill_Of_Landing_165_page_0.png,BOL
4382,/New_Volume/trade-finance/final_delivery/classification_training/V2_Final_Training_Data/BOL/Bill_of_lading_2099_page_0.png,BOL
4383,/New_Volume/trade-finance/final_delivery/classification_training/V2_Final_Training_Data/BOL/Bill_Of_Landing_177_page_0.png,BOL
4384,/New_Volume/trade-finance/final_delivery/classification_training/V2_Final_Training_Data/BOL/Bill_Of_Landing_158_page_0.png,BOL
4385,/New_Volume/trade-finance/final_delivery/classification_training/V2_Final_Training_Data/BOL/Bill_Of_Landing_343_page_2.png,BOL
4386,/New_Volume/trade-finance/final_delivery/classification_training/V2_Final_Training_Data/BOL/Bill_Of_Landing_196_page_9.png,BOL
4387,/New_Volume/trade-finance/final_delivery/classification_training/V2_Final_Training_Data/BOL/Bill_Of_Landing_318_page_0.png,BOL
4388,/New_Volume/trade-finance/final_delivery/classification_training/V2_Final_Training_Data/BOL/Bill_Of_Landing_200_page_0.png,BOL
4389,/New_Volume/trade-finance/final_delivery/classification_training/V2_Final_Training_Data/BOL/Bill_of_lading_2073_page_0.png,BOL
4390,/New_Volume/trade-finance/final_delivery/classification_training/V2_Final_Training_Data/BOL/Bill_of_lading_2027_page_4.png,BOL
4391,/New_Volume/trade-finance/final_delivery/classification_training/V2_Final_Training_Data/BOL/Bill_Of_Landing_208_page_1.png,BOL
4392,/New_Volume/trade-finance/final_delivery/classification_training/V2_Final_Training_Data/BOL/Bill_Of_Landing_376_page_0.png,BOL
4393,/New_Volume/trade-finance/final_delivery/classification_training/V2_Final_Training_Data/BOL/Bill_of_lading_2076_page_0.png,BOL
4394,/New_Volume/trade-finance/final_delivery/classification_training/V2_Final_Training_Data/BOL/Bill_of_lading_1591_page_0.png,BOL
4395,/New_Volume/trade-finance/final_delivery/classification_training/V2_Final_Training_Data/BOL/Bill_of_lading_1577_page_4.png,BOL
4396,/New_Volume/trade-finance/final_delivery/classification_training/V2_Final_Training_Data/BOL/Bill_Of_Landing_203_page_0.png,BOL
4397,/New_Volume/trade-finance/final_delivery/classification_training/V2_Final_Training_Data/BOL/Bill_of_lading_1547_page_8.png,BOL
4398,/New_Volume/trade-finance/final_delivery/classification_training/V2_Final_Training_Data/BOL/Bill_Of_Landing_117_page_4.png,BOL
4399,/New_Volume/trade-finance/final_delivery/classification_training/V2_Final_Training_Data/BOL/Bill_Of_Landing_293_page_0.png,BOL
4400,/New_Volume/trade-finance/final_delivery/classification_training/V2_Final_Training_Data/BOL/Bill_of_lading_2081_page_1.png,BOL
4401,/New_Volume/trade-finance/final_delivery/classification_training/V2_Final_Training_Data/BOL/Bill_Of_Landing_319_page_0.png,BOL
4402,/New_Volume/trade-finance/final_delivery/classification_training/V2_Final_Training_Data/BOL/Bill_Of_Landing_187_page_0.png,BOL
4403,/New_Volume/trade-finance/final_delivery/classification_training/V2_Final_Training_Data/BOL/Bill_Of_Landing_332_page_0.png,BOL
4404,/New_Volume/trade-finance/final_delivery/classification_training/V2_Final_Training_Data/BOL/Bill_Of_Landing_209_page_0.png,BOL
4405,/New_Volume/trade-finance/final_delivery/classification_training/V2_Final_Training_Data/BOL/Bill_Of_Landing_327_page_2.png,BOL
4406,/New_Volume/trade-finance/final_delivery/classification_training/V2_Final_Training_Data/BOL/Bill_Of_Landing_350_page_0.png,BOL
4407,/New_Volume/trade-finance/final_delivery/classification_training/V2_Final_Training_Data/BOL/Bill_of_lading_1538_page_0.png,BOL
4408,/New_Volume/trade-finance/final_delivery/classification_training/V2_Final_Training_Data/BOL/Bill_Of_Landing_370_page_0.png,BOL
4409,/New_Volume/trade-finance/final_delivery/classification_training/V2_Final_Training_Data/BOL/Bill_Of_Landing_131_page_0.png,BOL
4410,/New_Volume/trade-finance/final_delivery/classification_training/V2_Final_Training_Data/BOL/Bill_Of_Landing_289_page_0.png,BOL
4411,/New_Volume/trade-finance/final_delivery/classification_training/V2_Final_Training_Data/BOL/Bill_of_lading_2041_page_18.png,BOL
4412,/New_Volume/trade-finance/final_delivery/classification_training/V2_Final_Training_Data/BOL/Bill_Of_Landing_211_page_0.png,BOL
4413,/New_Volume/trade-finance/final_delivery/classification_training/V2_Final_Training_Data/BOL/Bill_of_lading_2060_page_0.png,BOL
4414,/New_Volume/trade-finance/final_delivery/classification_training/V2_Final_Training_Data/BOL/Bill_Of_Landing_166_page_0.png,BOL
4415,/New_Volume/trade-finance/final_delivery/classification_training/V2_Final_Training_Data/BOL/Bill_of_lading_2027_page_0.png,BOL
4416,/New_Volume/trade-finance/final_delivery/classification_training/V2_Final_Training_Data/BOL/Bill_of_lading_2012_page_0.png,BOL
4417,/New_Volume/trade-finance/final_delivery/classification_training/V2_Final_Training_Data/BOL/Bill_Of_Landing_142_page_0.png,BOL
4418,/New_Volume/trade-finance/final_delivery/classification_training/V2_Final_Training_Data/BOL/Bill_Of_Landing_282_page_9.png,BOL
4419,/New_Volume/trade-finance/final_delivery/classification_training/V2_Final_Training_Data/BOL/Bill_of_lading_1552_page_0.png,BOL
4420,/New_Volume/trade-finance/final_delivery/classification_training/V2_Final_Training_Data/BOL/Bill_Of_Landing_191_page_0.png,BOL
4421,/New_Volume/trade-finance/final_delivery/classification_training/V2_Final_Training_Data/BOL/Bill_Of_Landing_173_page_1.png,BOL
4422,/New_Volume/trade-finance/final_delivery/classification_training/V2_Final_Training_Data/BOL/Bill_of_lading_2133_page_2.png,BOL
4423,/New_Volume/trade-finance/final_delivery/classification_training/V2_Final_Training_Data/BOL/Bill_Of_Landing_305_page_0.png,BOL
4424,/New_Volume/trade-finance/final_delivery/classification_training/V2_Final_Training_Data/BOL/Bill_of_lading_1560_page_0.png,BOL
4425,/New_Volume/trade-finance/final_delivery/classification_training/V2_Final_Training_Data/BOL/Bill_of_lading_2040_page_0.png,BOL
4426,/New_Volume/trade-finance/final_delivery/classification_training/V2_Final_Training_Data/BOL/Bill_Of_Landing_239_page_1.png,BOL
4427,/New_Volume/trade-finance/final_delivery/classification_training/V2_Final_Training_Data/BOL/Bill_Of_Landing_288_page_0.png,BOL
4428,/New_Volume/trade-finance/final_delivery/classification_training/V2_Final_Training_Data/BOL/Bill_Of_Landing_204_page_0.png,BOL
4429,/New_Volume/trade-finance/final_delivery/classification_training/V2_Final_Training_Data/BOL/Bill_of_lading_2076_page_4.png,BOL
4430,/New_Volume/trade-finance/final_delivery/classification_training/V2_Final_Training_Data/BOL/Bill_Of_Landing_110_page_2.png,BOL
4431,/New_Volume/trade-finance/final_delivery/classification_training/V2_Final_Training_Data/BOL/Bill_Of_Landing_233_page_0.png,BOL
4432,/New_Volume/trade-finance/final_delivery/classification_training/V2_Final_Training_Data/BOL/Bill_of_lading_1066_page_0.png,BOL
4433,/New_Volume/trade-finance/final_delivery/classification_training/V2_Final_Training_Data/BOL/Bill_Of_Landing_205_page_2.png,BOL
4434,/New_Volume/trade-finance/final_delivery/classification_training/V2_Final_Training_Data/BOL/Bill_of_lading_1582_page_0.png,BOL
4435,/New_Volume/trade-finance/final_delivery/classification_training/V2_Final_Training_Data/BOL/Bill_of_lading_2112_page_0.png,BOL
4436,/New_Volume/trade-finance/final_delivery/classification_training/V2_Final_Training_Data/BOL/Bill_of_lading_2058_page_0.png,BOL
4437,/New_Volume/trade-finance/final_delivery/classification_training/V2_Final_Training_Data/BOL/Bill_of_lading_2011_page_0.png,BOL
4438,/New_Volume/trade-finance/final_delivery/classification_training/V2_Final_Training_Data/BOL/Bill_of_lading_2046_page_8.png,BOL
4439,/New_Volume/trade-finance/final_delivery/classification_training/V2_Final_Training_Data/BOL/Bill_of_lading_2062_page_1.png,BOL
4440,/New_Volume/trade-finance/final_delivery/classification_training/V2_Final_Training_Data/BOL/Bill_Of_Landing_266_page_0.png,BOL
4441,/New_Volume/trade-finance/final_delivery/classification_training/V2_Final_Training_Data/BOL/Bill_of_lading_1601_page_0.png,BOL
4442,/New_Volume/trade-finance/final_delivery/classification_training/V2_Final_Training_Data/BOL/Bill_Of_Landing_262_page_0.png,BOL
4443,/New_Volume/trade-finance/final_delivery/classification_training/V2_Final_Training_Data/BOL/Bill_Of_Landing_367_page_0.png,BOL
4444,/New_Volume/trade-finance/final_delivery/classification_training/V2_Final_Training_Data/BOL/Bill_Of_Landing_353_page_10.png,BOL
4445,/New_Volume/trade-finance/final_delivery/classification_training/V2_Final_Training_Data/BOL/Bill_Of_Landing_376_page_3.png,BOL
4446,/New_Volume/trade-finance/final_delivery/classification_training/V2_Final_Training_Data/BOL/Bill_of_lading_2019_page_6.png,BOL
4447,/New_Volume/trade-finance/final_delivery/classification_training/V2_Final_Training_Data/BOL/Bill_of_lading_1562_page_0.png,BOL
4448,/New_Volume/trade-finance/final_delivery/classification_training/V2_Final_Training_Data/BOL/Bill_Of_Landing_196_page_13.png,BOL
4449,/New_Volume/trade-finance/final_delivery/classification_training/V2_Final_Training_Data/BOL/Bill_Of_Landing_145_page_0.png,BOL
4450,/New_Volume/trade-finance/final_delivery/classification_training/V2_Final_Training_Data/BOL/Bill_of_lading_1529_page_0.png,BOL
4451,/New_Volume/trade-finance/final_delivery/classification_training/V2_Final_Training_Data/BOL/Bill_Of_Landing_196_page_11.png,BOL
4452,/New_Volume/trade-finance/final_delivery/classification_training/V2_Final_Training_Data/BOL/Bill_of_lading_1063_page_0.png,BOL
4453,/New_Volume/trade-finance/final_delivery/classification_training/V2_Final_Training_Data/BOL/Bill_Of_Landing_296_page_0.png,BOL
4454,/New_Volume/trade-finance/final_delivery/classification_training/V2_Final_Training_Data/BOL/Bill_Of_Landing_147_page_1.png,BOL
4455,/New_Volume/trade-finance/final_delivery/classification_training/V2_Final_Training_Data/BOL/Bill_of_lading_1566_page_2.png,BOL
4456,/New_Volume/trade-finance/final_delivery/classification_training/V2_Final_Training_Data/BOL/Bill_Of_Landing_266_page_2.png,BOL
4457,/New_Volume/trade-finance/final_delivery/classification_training/V2_Final_Training_Data/BOL/Bill_Of_Landing_321_page_0.png,BOL
4458,/New_Volume/trade-finance/final_delivery/classification_training/V2_Final_Training_Data/BOL/Bill_Of_Landing_333_page_8.png,BOL
4459,/New_Volume/trade-finance/final_delivery/classification_training/V2_Final_Training_Data/BOL/Bill_Of_Landing_152_page_0.png,BOL
4460,/New_Volume/trade-finance/final_delivery/classification_training/V2_Final_Training_Data/BOL/Bill_Of_Landing_116_page_0.png,BOL
4461,/New_Volume/trade-finance/final_delivery/classification_training/V2_Final_Training_Data/BOL/Bill_of_lading_1573_page_0.png,BOL
4462,/New_Volume/trade-finance/final_delivery/classification_training/V2_Final_Training_Data/BOL/Bill_Of_Landing_333_page_11.png,BOL
4463,/New_Volume/trade-finance/final_delivery/classification_training/V2_Final_Training_Data/BOL/Bill_Of_Landing_295_page_0.png,BOL
4464,/New_Volume/trade-finance/final_delivery/classification_training/V2_Final_Training_Data/BOL/Bill_Of_Landing_282_page_7.png,BOL
4465,/New_Volume/trade-finance/final_delivery/classification_training/V2_Final_Training_Data/BOL/Bill_Of_Landing_181_page_0.png,BOL
4466,/New_Volume/trade-finance/final_delivery/classification_training/V2_Final_Training_Data/BOL/Bill_of_lading_2014_page_0.png,BOL
4467,/New_Volume/trade-finance/final_delivery/classification_training/V2_Final_Training_Data/BOL/Bill_Of_Landing_231_page_0.png,BOL
4468,/New_Volume/trade-finance/final_delivery/classification_training/V2_Final_Training_Data/BOL/Bill_of_lading_1528_page_2.png,BOL
4469,/New_Volume/trade-finance/final_delivery/classification_training/V2_Final_Training_Data/BOL/Bill_Of_Landing_304_page_0.png,BOL
4470,/New_Volume/trade-finance/final_delivery/classification_training/V2_Final_Training_Data/BOL/Bill_of_lading_1547_page_0.png,BOL
4471,/New_Volume/trade-finance/final_delivery/classification_training/V2_Final_Training_Data/BOL/Bill_Of_Landing_291_page_1.png,BOL
4472,/New_Volume/trade-finance/final_delivery/classification_training/V2_Final_Training_Data/BOL/Bill_Of_Landing_343_page_0.png,BOL
4473,/New_Volume/trade-finance/final_delivery/classification_training/V2_Final_Training_Data/BOL/Bill_Of_Landing_275_page_0.png,BOL
4474,/New_Volume/trade-finance/final_delivery/classification_training/V2_Final_Training_Data/BOL/Bill_of_lading_2045_page_0.png,BOL
4475,/New_Volume/trade-finance/final_delivery/classification_training/V2_Final_Training_Data/BOL/Bill_Of_Landing_155_page_0.png,BOL
4476,/New_Volume/trade-finance/final_delivery/classification_training/V2_Final_Training_Data/BOL/Bill_Of_Landing_197_page_0.png,BOL
4477,/New_Volume/trade-finance/final_delivery/classification_training/V2_Final_Training_Data/BOL/Bill_Of_Landing_353_page_4.png,BOL
4478,/New_Volume/trade-finance/final_delivery/classification_training/V2_Final_Training_Data/BOL/Bill_of_lading_2122_page_1.png,BOL
4479,/New_Volume/trade-finance/final_delivery/classification_training/V2_Final_Training_Data/BOL/Bill_Of_Landing_354_page_3.png,BOL
4480,/New_Volume/trade-finance/final_delivery/classification_training/V2_Final_Training_Data/BOL/Bill_of_lading_2000_page_2.png,BOL
4481,/New_Volume/trade-finance/final_delivery/classification_training/V2_Final_Training_Data/BOL/Bill_of_lading_1634_page_4.png,BOL
4482,/New_Volume/trade-finance/final_delivery/classification_training/V2_Final_Training_Data/BOL/Bill_Of_Landing_348_page_4.png,BOL
4483,/New_Volume/trade-finance/final_delivery/classification_training/V2_Final_Training_Data/BOL/Bill_Of_Landing_353_page_13.png,BOL
4484,/New_Volume/trade-finance/final_delivery/classification_training/V2_Final_Training_Data/BOL/Bill_of_lading_2081_page_3.png,BOL
4485,/New_Volume/trade-finance/final_delivery/classification_training/V2_Final_Training_Data/BOL/Bill_Of_Landing_156_page_1.png,BOL
4486,/New_Volume/trade-finance/final_delivery/classification_training/V2_Final_Training_Data/BOL/Bill_Of_Landing_333_page_0.png,BOL
4487,/New_Volume/trade-finance/final_delivery/classification_training/V2_Final_Training_Data/BOL/Bill_Of_Landing_282_page_5.png,BOL
4488,/New_Volume/trade-finance/final_delivery/classification_training/V2_Final_Training_Data/BOL/Bill_Of_Landing_201_page_0.png,BOL
4489,/New_Volume/trade-finance/final_delivery/classification_training/V2_Final_Training_Data/BOL/Bill_Of_Landing_235_page_8.png,BOL
4490,/New_Volume/trade-finance/final_delivery/classification_training/V2_Final_Training_Data/BOL/Bill_Of_Landing_284_page_0.png,BOL
4491,/New_Volume/trade-finance/final_delivery/classification_training/V2_Final_Training_Data/BOL/Bill_Of_Landing_325_page_0.png,BOL
4492,/New_Volume/trade-finance/final_delivery/classification_training/V2_Final_Training_Data/BOL/Bill_Of_Landing_125_page_0.png,BOL
4493,/New_Volume/trade-finance/final_delivery/classification_training/V2_Final_Training_Data/BOL/Bill_Of_Landing_107_page_0.png,BOL
4494,/New_Volume/trade-finance/final_delivery/classification_training/V2_Final_Training_Data/BOL/Bill_Of_Landing_333_page_4.png,BOL
4495,/New_Volume/trade-finance/final_delivery/classification_training/V2_Final_Training_Data/BOL/Bill_Of_Landing_285_page_0.png,BOL
4496,/New_Volume/trade-finance/final_delivery/classification_training/V2_Final_Training_Data/BOL/Bill_of_lading_2030_page_12.png,BOL
4497,/New_Volume/trade-finance/final_delivery/classification_training/V2_Final_Training_Data/BOL/Bill_Of_Landing_313_page_0.png,BOL
4498,/New_Volume/trade-finance/final_delivery/classification_training/V2_Final_Training_Data/BOL/Bill_Of_Landing_151_page_0.png,BOL
4499,/New_Volume/trade-finance/final_delivery/classification_training/V2_Final_Training_Data/BOL/Bill_of_lading_1531_page_12.png,BOL
4500,/New_Volume/trade-finance/final_delivery/classification_training/V2_Final_Training_Data/BOL/Bill_of_lading_2065_page_4.png,BOL
4501,/New_Volume/trade-finance/final_delivery/classification_training/V2_Final_Training_Data/BOL/Bill_Of_Landing_147_page_3.png,BOL
4502,/New_Volume/trade-finance/final_delivery/classification_training/V2_Final_Training_Data/BOL/Bill_Of_Landing_208_page_0.png,BOL
4503,/New_Volume/trade-finance/final_delivery/classification_training/V2_Final_Training_Data/BOL/Bill_Of_Landing_136_page_0.png,BOL
4504,/New_Volume/trade-finance/final_delivery/classification_training/V2_Final_Training_Data/BOL/Bill_of_lading_1513_page_2.png,BOL
4505,/New_Volume/trade-finance/final_delivery/classification_training/V2_Final_Training_Data/BOL/Bill_Of_Landing_207_page_0.png,BOL
4506,/New_Volume/trade-finance/final_delivery/classification_training/V2_Final_Training_Data/BOL/Bill_Of_Landing_157_page_0.png,BOL
4507,/New_Volume/trade-finance/final_delivery/classification_training/V2_Final_Training_Data/BOL/Bill_Of_Landing_199_page_6.png,BOL
4508,/New_Volume/trade-finance/final_delivery/classification_training/V2_Final_Training_Data/BOL/Bill_Of_Landing_364_page_0.png,BOL
4509,/New_Volume/trade-finance/final_delivery/classification_training/V2_Final_Training_Data/BOL/Bill_Of_Landing_274_page_0.png,BOL
4510,/New_Volume/trade-finance/final_delivery/classification_training/V2_Final_Training_Data/BOL/Bill_Of_Landing_174_page_0.png,BOL
4511,/New_Volume/trade-finance/final_delivery/classification_training/V2_Final_Training_Data/BOL/Bill_of_lading_1528_page_0.png,BOL
4512,/New_Volume/trade-finance/final_delivery/classification_training/V2_Final_Training_Data/BOL/Bill_of_lading_1623_page_1.png,BOL
4513,/New_Volume/trade-finance/final_delivery/classification_training/V2_Final_Training_Data/BOL/Bill_of_lading_1532_page_0.png,BOL
4514,/New_Volume/trade-finance/final_delivery/classification_training/V2_Final_Training_Data/BOL/Bill_Of_Landing_295_page_1.png,BOL
4515,/New_Volume/trade-finance/final_delivery/classification_training/V2_Final_Training_Data/BOL/Bill_Of_Landing_246_page_0.png,BOL
4516,/New_Volume/trade-finance/final_delivery/classification_training/V2_Final_Training_Data/BOL/Bill_of_lading_2031_page_0.png,BOL
4517,/New_Volume/trade-finance/final_delivery/classification_training/V2_Final_Training_Data/BOL/Bill_Of_Landing_333_page_15.png,BOL
4518,/New_Volume/trade-finance/final_delivery/classification_training/V2_Final_Training_Data/BOL/Bill_Of_Landing_333_page_14.png,BOL
4519,/New_Volume/trade-finance/final_delivery/classification_training/V2_Final_Training_Data/BOL/Bill_Of_Landing_282_page_2.png,BOL
4520,/New_Volume/trade-finance/final_delivery/classification_training/V2_Final_Training_Data/BOL/Bill_Of_Landing_225_page_2.png,BOL
4521,/New_Volume/trade-finance/final_delivery/classification_training/V2_Final_Training_Data/BOL/Bill_Of_Landing_314_page_0.png,BOL
4522,/New_Volume/trade-finance/final_delivery/classification_training/V2_Final_Training_Data/BOL/Bill_Of_Landing_322_page_0.png,BOL
4523,/New_Volume/trade-finance/final_delivery/classification_training/V2_Final_Training_Data/BOL/Bill_Of_Landing_298_page_0.png,BOL
4524,/New_Volume/trade-finance/final_delivery/classification_training/V2_Final_Training_Data/BOL/Bill_Of_Landing_148_page_0.png,BOL
4525,/New_Volume/trade-finance/final_delivery/classification_training/V2_Final_Training_Data/BOL/Bill_Of_Landing_346_page_0.png,BOL
4526,/New_Volume/trade-finance/final_delivery/classification_training/V2_Final_Training_Data/BOL/Bill_Of_Landing_348_page_6.png,BOL
4527,/New_Volume/trade-finance/final_delivery/classification_training/V2_Final_Training_Data/BOL/Bill_Of_Landing_235_page_0.png,BOL
4528,/New_Volume/trade-finance/final_delivery/classification_training/V2_Final_Training_Data/BOL/Bill_of_lading_2004_page_6.png,BOL
4529,/New_Volume/trade-finance/final_delivery/classification_training/V2_Final_Training_Data/BOL/Bill_of_lading_2041_page_6.png,BOL
4530,/New_Volume/trade-finance/final_delivery/classification_training/V2_Final_Training_Data/BOL/Bill_Of_Landing_228_page_0.png,BOL
4531,/New_Volume/trade-finance/final_delivery/classification_training/V2_Final_Training_Data/BOL/Bill_of_lading_1078_page_2.png,BOL
4532,/New_Volume/trade-finance/final_delivery/classification_training/V2_Final_Training_Data/BOL/Bill_Of_Landing_306_page_0.png,BOL
4533,/New_Volume/trade-finance/final_delivery/classification_training/V2_Final_Training_Data/BOL/Bill_Of_Landing_206_page_0.png,BOL
4534,/New_Volume/trade-finance/final_delivery/classification_training/V2_Final_Training_Data/BOL/Bill_Of_Landing_343_page_3.png,BOL
4535,/New_Volume/trade-finance/final_delivery/classification_training/V2_Final_Training_Data/BOL/Bill_Of_Landing_184_page_0.png,BOL
4536,/New_Volume/trade-finance/final_delivery/classification_training/V2_Final_Training_Data/BOL/Bill_Of_Landing_196_page_5.png,BOL
4537,/New_Volume/trade-finance/final_delivery/classification_training/V2_Final_Training_Data/BOL/Bill_Of_Landing_190_page_0.png,BOL
4538,/New_Volume/trade-finance/final_delivery/classification_training/V2_Final_Training_Data/BOL/Bill_Of_Landing_349_page_0.png,BOL
4539,/New_Volume/trade-finance/final_delivery/classification_training/V2_Final_Training_Data/BOL/Bill_Of_Landing_156_page_3.png,BOL
4540,/New_Volume/trade-finance/final_delivery/classification_training/V2_Final_Training_Data/BOL/Bill_of_lading_1634_page_0.png,BOL
4541,/New_Volume/trade-finance/final_delivery/classification_training/V2_Final_Training_Data/BOL/Bill_of_lading_1600_page_0.png,BOL
4542,/New_Volume/trade-finance/final_delivery/classification_training/V2_Final_Training_Data/BOL/Bill_Of_Landing_129_page_0.png,BOL
4543,/New_Volume/trade-finance/final_delivery/classification_training/V2_Final_Training_Data/BOL/Bill_Of_Landing_199_page_8.png,BOL
4544,/New_Volume/trade-finance/final_delivery/classification_training/V2_Final_Training_Data/BOL/Bill_Of_Landing_290_page_0.png,BOL
4545,/New_Volume/trade-finance/final_delivery/classification_training/V2_Final_Training_Data/BOL/Bill_of_lading_1545_page_0.png,BOL
4546,/New_Volume/trade-finance/final_delivery/classification_training/V2_Final_Training_Data/BOL/Bill_Of_Landing_278_page_0.png,BOL
4547,/New_Volume/trade-finance/final_delivery/classification_training/V2_Final_Training_Data/BOL/Bill_Of_Landing_327_page_0.png,BOL
4548,/New_Volume/trade-finance/final_delivery/classification_training/V2_Final_Training_Data/BOL/Bill_of_lading_1555_page_0.png,BOL
4549,/New_Volume/trade-finance/final_delivery/classification_training/V2_Final_Training_Data/BOL/Bill_Of_Landing_123_page_1.png,BOL
4550,/New_Volume/trade-finance/final_delivery/classification_training/V2_Final_Training_Data/BOL/Bill_Of_Landing_373_page_0.png,BOL
4551,/New_Volume/trade-finance/final_delivery/classification_training/V2_Final_Training_Data/BOL/Bill_Of_Landing_117_page_6.png,BOL
4552,/New_Volume/trade-finance/final_delivery/classification_training/V2_Final_Training_Data/BOL/Bill_of_lading_1589_page_1.png,BOL
4553,/New_Volume/trade-finance/final_delivery/classification_training/V2_Final_Training_Data/BOL/Bill_Of_Landing_156_page_0.png,BOL
4554,/New_Volume/trade-finance/final_delivery/classification_training/V2_Final_Training_Data/BOL/Bill_Of_Landing_275_page_3.png,BOL
4555,/New_Volume/trade-finance/final_delivery/classification_training/V2_Final_Training_Data/BOL/Bill_Of_Landing_288_page_3.png,BOL
4556,/New_Volume/trade-finance/final_delivery/classification_training/V2_Final_Training_Data/BOL/Bill_Of_Landing_287_page_0.png,BOL
4557,/New_Volume/trade-finance/final_delivery/classification_training/V2_Final_Training_Data/BOL/Bill_Of_Landing_317_page_1.png,BOL
4558,/New_Volume/trade-finance/final_delivery/classification_training/V2_Final_Training_Data/BOL/Bill_Of_Landing_196_page_12.png,BOL
4559,/New_Volume/trade-finance/final_delivery/classification_training/V2_Final_Training_Data/BOL/Bill_Of_Landing_227_page_0.png,BOL
4560,/New_Volume/trade-finance/final_delivery/classification_training/V2_Final_Training_Data/BOL/Bill_of_lading_1537_page_0.png,BOL
4561,/New_Volume/trade-finance/final_delivery/classification_training/V2_Final_Training_Data/BOL/Bill_of_lading_2054_page_0.png,BOL
4562,/New_Volume/trade-finance/final_delivery/classification_training/V2_Final_Training_Data/BOL/Bill_Of_Landing_330_page_1.png,BOL
4563,/New_Volume/trade-finance/final_delivery/classification_training/V2_Final_Training_Data/BOL/Bill_Of_Landing_261_page_1.png,BOL
4564,/New_Volume/trade-finance/final_delivery/classification_training/V2_Final_Training_Data/BOL/Bill_Of_Landing_330_page_0.png,BOL
4565,/New_Volume/trade-finance/final_delivery/classification_training/V2_Final_Training_Data/BOL/Bill_of_lading_2071_page_0.png,BOL
4566,/New_Volume/trade-finance/final_delivery/classification_training/V2_Final_Training_Data/BOL/Bill_Of_Landing_214_page_0.png,BOL
4567,/New_Volume/trade-finance/final_delivery/classification_training/V2_Final_Training_Data/BOL/Bill_of_lading_1540_page_0.png,BOL
4568,/New_Volume/trade-finance/final_delivery/classification_training/V2_Final_Training_Data/BOL/Bill_Of_Landing_188_page_0.png,BOL
4569,/New_Volume/trade-finance/final_delivery/classification_training/V2_Final_Training_Data/BOL/Bill_Of_Landing_360_page_1.png,BOL
4570,/New_Volume/trade-finance/final_delivery/classification_training/V2_Final_Training_Data/BOL/Bill_Of_Landing_156_page_5.png,BOL
4571,/New_Volume/trade-finance/final_delivery/classification_training/V2_Final_Training_Data/BOL/Bill_of_lading_1590_page_2.png,BOL
4572,/New_Volume/trade-finance/final_delivery/classification_training/V2_Final_Training_Data/BOL/Bill_Of_Landing_289_page_2.png,BOL
4573,/New_Volume/trade-finance/final_delivery/classification_training/V2_Final_Training_Data/BOL/Bill_Of_Landing_198_page_0.png,BOL
4574,/New_Volume/trade-finance/final_delivery/classification_training/V2_Final_Training_Data/BOL/Bill_of_lading_2040_page_8.png,BOL
4575,/New_Volume/trade-finance/final_delivery/classification_training/V2_Final_Training_Data/BOL/Bill_Of_Landing_295_page_2.png,BOL
4576,/New_Volume/trade-finance/final_delivery/classification_training/V2_Final_Training_Data/BOL/Bill_of_lading_1508_page_0.png,BOL
4577,/New_Volume/trade-finance/final_delivery/classification_training/V2_Final_Training_Data/BOL/Bill_of_lading_2061_page_0.png,BOL
4578,/New_Volume/trade-finance/final_delivery/classification_training/V2_Final_Training_Data/BOL/Bill_of_lading_1501_page_6.png,BOL
4579,/New_Volume/trade-finance/final_delivery/classification_training/V2_Final_Training_Data/BOL/Bill_Of_Landing_245_page_0.png,BOL
4580,/New_Volume/trade-finance/final_delivery/classification_training/V2_Final_Training_Data/BOL/Bill_Of_Landing_139_page_0.png,BOL
4581,/New_Volume/trade-finance/final_delivery/classification_training/V2_Final_Training_Data/BOL/Bill_Of_Landing_199_page_0.png,BOL
4582,/New_Volume/trade-finance/final_delivery/classification_training/V2_Final_Training_Data/BOL/Bill_of_lading_1590_page_4.png,BOL
4583,/New_Volume/trade-finance/final_delivery/classification_training/V2_Final_Training_Data/BOL/Bill_of_lading_1546_page_1.png,BOL
4584,/New_Volume/trade-finance/final_delivery/classification_training/V2_Final_Training_Data/BOL/Bill_Of_Landing_180_page_2.png,BOL
4585,/New_Volume/trade-finance/final_delivery/classification_training/V2_Final_Training_Data/BOL/Bill_Of_Landing_352_page_0.png,BOL
4586,/New_Volume/trade-finance/final_delivery/classification_training/V2_Final_Training_Data/BOL/Bill_Of_Landing_275_page_1.png,BOL
4587,/New_Volume/trade-finance/final_delivery/classification_training/V2_Final_Training_Data/BOL/Bill_of_lading_2013_page_8.png,BOL
4588,/New_Volume/trade-finance/final_delivery/classification_training/V2_Final_Training_Data/BOL/Bill_of_lading_1567_page_6.png,BOL
4589,/New_Volume/trade-finance/final_delivery/classification_training/V2_Final_Training_Data/BOL/Bill_Of_Landing_348_page_2.png,BOL
4590,/New_Volume/trade-finance/final_delivery/classification_training/V2_Final_Training_Data/BOL/Bill_of_lading_2008_page_0.png,BOL
4591,/New_Volume/trade-finance/final_delivery/classification_training/V2_Final_Training_Data/BOL/Bill_Of_Landing_333_page_13.png,BOL
4592,/New_Volume/trade-finance/final_delivery/classification_training/V2_Final_Training_Data/BOL/Bill_Of_Landing_114_page_3.png,BOL
4593,/New_Volume/trade-finance/final_delivery/classification_training/V2_Final_Training_Data/BOL/Bill_Of_Landing_362_page_0.png,BOL
4594,/New_Volume/trade-finance/final_delivery/classification_training/V2_Final_Training_Data/BOL/Bill_Of_Landing_261_page_0.png,BOL
4595,/New_Volume/trade-finance/final_delivery/classification_training/V2_Final_Training_Data/BOL/Bill_Of_Landing_196_page_1.png,BOL
4596,/New_Volume/trade-finance/final_delivery/classification_training/V2_Final_Training_Data/BOL/Bill_of_lading_1589_page_2.png,BOL
4597,/New_Volume/trade-finance/final_delivery/classification_training/V2_Final_Training_Data/BOL/Bill_of_lading_2027_page_6.png,BOL
4598,/New_Volume/trade-finance/final_delivery/classification_training/V2_Final_Training_Data/BOL/Bill_Of_Landing_187_page_6.png,BOL
4599,/New_Volume/trade-finance/final_delivery/classification_training/V2_Final_Training_Data/BOL/Bill_of_lading_2034_page_0.png,BOL
4600,/New_Volume/trade-finance/final_delivery/classification_training/V2_Final_Training_Data/BOL/Bill_of_lading_2073_page_1.png,BOL
4601,/New_Volume/trade-finance/final_delivery/classification_training/V2_Final_Training_Data/BOL/Bill_of_lading_1582_page_1.png,BOL
4602,/New_Volume/trade-finance/final_delivery/classification_training/V2_Final_Training_Data/BOL/Bill_Of_Landing_128_page_0.png,BOL
4603,/New_Volume/trade-finance/final_delivery/classification_training/V2_Final_Training_Data/BOL/Bill_Of_Landing_282_page_0.png,BOL
4604,/New_Volume/trade-finance/final_delivery/classification_training/V2_Final_Training_Data/BOL/Bill_Of_Landing_202_page_0.png,BOL
4605,/New_Volume/trade-finance/final_delivery/classification_training/V2_Final_Training_Data/BOL/Bill_Of_Landing_282_page_4.png,BOL
4606,/New_Volume/trade-finance/final_delivery/classification_training/V2_Final_Training_Data/BOL/Bill_of_lading_1539_page_9.png,BOL
4607,/New_Volume/trade-finance/final_delivery/classification_training/V2_Final_Training_Data/BOL/Bill_of_lading_1997_page_0.png,BOL
4608,/New_Volume/trade-finance/final_delivery/classification_training/V2_Final_Training_Data/BOL/Bill_Of_Landing_235_page_3.png,BOL
4609,/New_Volume/trade-finance/final_delivery/classification_training/V2_Final_Training_Data/BOL/Bill_Of_Landing_270_page_1.png,BOL
4610,/New_Volume/trade-finance/final_delivery/classification_training/V2_Final_Training_Data/BOL/Bill_of_lading_2062_page_0.png,BOL
4611,/New_Volume/trade-finance/final_delivery/classification_training/V2_Final_Training_Data/BOL/Bill_Of_Landing_343_page_1.png,BOL
4612,/New_Volume/trade-finance/final_delivery/classification_training/V2_Final_Training_Data/BOL/Bill_of_lading_2036_page_0.png,BOL
4613,/New_Volume/trade-finance/final_delivery/classification_training/V2_Final_Training_Data/BOL/Bill_Of_Landing_333_page_5.png,BOL
4614,/New_Volume/trade-finance/final_delivery/classification_training/V2_Final_Training_Data/BOL/Bill_of_lading_2045_page_2.png,BOL
4615,/New_Volume/trade-finance/final_delivery/classification_training/V2_Final_Training_Data/BOL/Bill_Of_Landing_149_page_0.png,BOL
4616,/New_Volume/trade-finance/final_delivery/classification_training/V2_Final_Training_Data/BOL/Bill_of_lading_1545_page_2.png,BOL
4617,/New_Volume/trade-finance/final_delivery/classification_training/V2_Final_Training_Data/BOL/Bill_of_lading_1999_page_2.png,BOL
4618,/New_Volume/trade-finance/final_delivery/classification_training/V2_Final_Training_Data/BOL/Bill_Of_Landing_185_page_0.png,BOL
4619,/New_Volume/trade-finance/final_delivery/classification_training/V2_Final_Training_Data/BOL/Bill_Of_Landing_279_page_0.png,BOL
4620,/New_Volume/trade-finance/final_delivery/classification_training/V2_Final_Training_Data/BOL/Bill_of_lading_1539_page_0.png,BOL
4621,/New_Volume/trade-finance/final_delivery/classification_training/V2_Final_Training_Data/BOL/Bill_Of_Landing_323_page_0.png,BOL
4622,/New_Volume/trade-finance/final_delivery/classification_training/V2_Final_Training_Data/BOL/Bill_of_lading_1551_page_0.png,BOL
4623,/New_Volume/trade-finance/final_delivery/classification_training/V2_Final_Training_Data/BOL/Bill_Of_Landing_236_page_0.png,BOL
4624,/New_Volume/trade-finance/final_delivery/classification_training/V2_Final_Training_Data/BOL/Bill_of_lading_2038_page_9.png,BOL
4625,/New_Volume/trade-finance/final_delivery/classification_training/V2_Final_Training_Data/BOL/Bill_Of_Landing_332_page_1.png,BOL
4626,/New_Volume/trade-finance/final_delivery/classification_training/V2_Final_Training_Data/BOL/Bill_Of_Landing_124_page_0.png,BOL
4627,/New_Volume/trade-finance/final_delivery/classification_training/V2_Final_Training_Data/BOL/Bill_of_lading_2041_page_9.png,BOL
4628,/New_Volume/trade-finance/final_delivery/classification_training/V2_Final_Training_Data/BOL/Bill_Of_Landing_353_page_0.png,BOL
4629,/New_Volume/trade-finance/final_delivery/classification_training/V2_Final_Training_Data/BOL/Bill_of_lading_1546_page_2.png,BOL
4630,/New_Volume/trade-finance/final_delivery/classification_training/V2_Final_Training_Data/BOL/Bill_Of_Landing_238_page_0.png,BOL
4631,/New_Volume/trade-finance/final_delivery/classification_training/V2_Final_Training_Data/BOL/Bill_of_lading_2081_page_6.png,BOL
4632,/New_Volume/trade-finance/final_delivery/classification_training/V2_Final_Training_Data/BOL/Bill_Of_Landing_175_page_0.png,BOL
4633,/New_Volume/trade-finance/final_delivery/classification_training/V2_Final_Training_Data/BOL/Bill_Of_Landing_333_page_10.png,BOL
4634,/New_Volume/trade-finance/final_delivery/classification_training/V2_Final_Training_Data/BOL/Bill_of_lading_2081_page_4.png,BOL
4635,/New_Volume/trade-finance/final_delivery/classification_training/V2_Final_Training_Data/BOL/Bill_Of_Landing_119_page_0.png,BOL
4636,/New_Volume/trade-finance/final_delivery/classification_training/V2_Final_Training_Data/BOL/Bill_Of_Landing_122_page_0.png,BOL
4637,/New_Volume/trade-finance/final_delivery/classification_training/V2_Final_Training_Data/BOL/Bill_Of_Landing_333_page_1.png,BOL
4638,/New_Volume/trade-finance/final_delivery/classification_training/V2_Final_Training_Data/BOL/Bill_of_lading_1501_page_2.png,BOL
4639,/New_Volume/trade-finance/final_delivery/classification_training/V2_Final_Training_Data/BOL/Bill_Of_Landing_132_page_0.png,BOL
4640,/New_Volume/trade-finance/final_delivery/classification_training/V2_Final_Training_Data/BOL/Bill_Of_Landing_168_page_0.png,BOL
4641,/New_Volume/trade-finance/final_delivery/classification_training/V2_Final_Training_Data/BOL/Bill_of_lading_1566_page_4.png,BOL
4642,/New_Volume/trade-finance/final_delivery/classification_training/V2_Final_Training_Data/BOL/Bill_of_lading_1533_page_0.png,BOL
4643,/New_Volume/trade-finance/final_delivery/classification_training/V2_Final_Training_Data/BOL/Bill_Of_Landing_164_page_0.png,BOL
4644,/New_Volume/trade-finance/final_delivery/classification_training/V2_Final_Training_Data/BOL/Bill_of_lading_1582_page_2.png,BOL
4645,/New_Volume/trade-finance/final_delivery/classification_training/V2_Final_Training_Data/BOL/Bill_Of_Landing_196_page_0.png,BOL
4646,/New_Volume/trade-finance/final_delivery/classification_training/V2_Final_Training_Data/BOL/Bill_Of_Landing_113_page_2.png,BOL
4647,/New_Volume/trade-finance/final_delivery/classification_training/V2_Final_Training_Data/BOL/Bill_Of_Landing_267_page_1.png,BOL
4648,/New_Volume/trade-finance/final_delivery/classification_training/V2_Final_Training_Data/BOL/Bill_Of_Landing_324_page_0.png,BOL
4649,/New_Volume/trade-finance/final_delivery/classification_training/V2_Final_Training_Data/BOL/Bill_Of_Landing_117_page_0.png,BOL
4650,/New_Volume/trade-finance/final_delivery/classification_training/V2_Final_Training_Data/BOL/Bill_Of_Landing_196_page_10.png,BOL
4651,/New_Volume/trade-finance/final_delivery/classification_training/V2_Final_Training_Data/BOL/Bill_Of_Landing_140_page_0.png,BOL
4652,/New_Volume/trade-finance/final_delivery/classification_training/V2_Final_Training_Data/BOL/Bill_Of_Landing_249_page_0.png,BOL
4653,/New_Volume/trade-finance/final_delivery/classification_training/V2_Final_Training_Data/BOL/Bill_of_lading_1542_page_3.png,BOL
4654,/New_Volume/trade-finance/final_delivery/classification_training/V2_Final_Training_Data/BOL/Bill_of_lading_2035_page_4.png,BOL
4655,/New_Volume/trade-finance/final_delivery/classification_training/V2_Final_Training_Data/BOL/Bill_Of_Landing_173_page_2.png,BOL
4656,/New_Volume/trade-finance/final_delivery/classification_training/V2_Final_Training_Data/BOL/Bill_Of_Landing_336_page_0.png,BOL
4657,/New_Volume/trade-finance/final_delivery/classification_training/V2_Final_Training_Data/BOL/Bill_Of_Landing_282_page_3.png,BOL
4658,/New_Volume/trade-finance/final_delivery/classification_training/V2_Final_Training_Data/BOL/Bill_Of_Landing_348_page_5.png,BOL
4659,/New_Volume/trade-finance/final_delivery/classification_training/V2_Final_Training_Data/BOL/Bill_Of_Landing_147_page_2.png,BOL
4660,/New_Volume/trade-finance/final_delivery/classification_training/V2_Final_Training_Data/BOL/Bill_Of_Landing_167_page_1.png,BOL
4661,/New_Volume/trade-finance/final_delivery/classification_training/V2_Final_Training_Data/BOL/Bill_of_lading_1518_page_0.png,BOL
4662,/New_Volume/trade-finance/final_delivery/classification_training/V2_Final_Training_Data/BOL/Bill_Of_Landing_291_page_0.png,BOL
4663,/New_Volume/trade-finance/final_delivery/classification_training/V2_Final_Training_Data/BOL/Bill_of_lading_2004_page_0.png,BOL
4664,/New_Volume/trade-finance/final_delivery/classification_training/V2_Final_Training_Data/BOL/Bill_Of_Landing_147_page_0.png,BOL
4665,/New_Volume/trade-finance/final_delivery/classification_training/V2_Final_Training_Data/BOL/Bill_Of_Landing_265_page_0.png,BOL
4666,/New_Volume/trade-finance/final_delivery/classification_training/V2_Final_Training_Data/BOL/Bill_of_lading_2064_page_3.png,BOL
4667,/New_Volume/trade-finance/final_delivery/classification_training/V2_Final_Training_Data/BOL/Bill_Of_Landing_307_page_0.png,BOL
4668,/New_Volume/trade-finance/final_delivery/classification_training/V2_Final_Training_Data/BOL/Bill_Of_Landing_232_page_0.png,BOL
4669,/New_Volume/trade-finance/final_delivery/classification_training/V2_Final_Training_Data/BOL/Bill_of_lading_2065_page_2.png,BOL
4670,/New_Volume/trade-finance/final_delivery/classification_training/V2_Final_Training_Data/BOL/Bill_Of_Landing_170_page_1.png,BOL
4671,/New_Volume/trade-finance/final_delivery/classification_training/V2_Final_Training_Data/BOL/Bill_Of_Landing_363_page_1.png,BOL
4672,/New_Volume/trade-finance/final_delivery/classification_training/V2_Final_Training_Data/BOL/Bill_of_lading_1613_page_0.png,BOL
4673,/New_Volume/trade-finance/final_delivery/classification_training/V2_Final_Training_Data/BOL/Bill_of_lading_2002_page_0.png,BOL
4674,/New_Volume/trade-finance/final_delivery/classification_training/V2_Final_Training_Data/BOL/Bill_Of_Landing_340_page_3.png,BOL
4675,/New_Volume/trade-finance/final_delivery/classification_training/V2_Final_Training_Data/BOL/Bill_Of_Landing_176_page_1.png,BOL
4676,/New_Volume/trade-finance/final_delivery/classification_training/V2_Final_Training_Data/BOL/Bill_Of_Landing_340_page_7.png,BOL
4677,/New_Volume/trade-finance/final_delivery/classification_training/V2_Final_Training_Data/BOL/Bill_of_lading_1541_page_8.png,BOL
4678,/New_Volume/trade-finance/final_delivery/classification_training/V2_Final_Training_Data/BOL/Bill_of_lading_1503_page_0.png,BOL
4679,/New_Volume/trade-finance/final_delivery/classification_training/V2_Final_Training_Data/BOL/Bill_Of_Landing_115_page_0.png,BOL
4680,/New_Volume/trade-finance/final_delivery/classification_training/V2_Final_Training_Data/BOL/Bill_Of_Landing_348_page_0.png,BOL
4681,/New_Volume/trade-finance/final_delivery/classification_training/V2_Final_Training_Data/BOL/Bill_Of_Landing_108_page_0.png,BOL
4682,/New_Volume/trade-finance/final_delivery/classification_training/V2_Final_Training_Data/BOL/Bill_of_lading_1039_page_0.png,BOL
4683,/New_Volume/trade-finance/final_delivery/classification_training/V2_Final_Training_Data/BOL/Bill_Of_Landing_106_page_9.png,BOL
4684,/New_Volume/trade-finance/final_delivery/classification_training/V2_Final_Training_Data/BOL/Bill_Of_Landing_342_page_0.png,BOL
4685,/New_Volume/trade-finance/final_delivery/classification_training/V2_Final_Training_Data/BOL/Bill_Of_Landing_222_page_1.png,BOL
4686,/New_Volume/trade-finance/final_delivery/classification_training/V2_Final_Training_Data/BOL/Bill_Of_Landing_193_page_0.png,BOL
4687,/New_Volume/trade-finance/final_delivery/classification_training/V2_Final_Training_Data/BOL/Bill_Of_Landing_217_page_0.png,BOL
4688,/New_Volume/trade-finance/final_delivery/classification_training/V2_Final_Training_Data/BOL/Bill_of_lading_2046_page_6.png,BOL
4689,/New_Volume/trade-finance/final_delivery/classification_training/V2_Final_Training_Data/BOL/Bill_Of_Landing_159_page_0.png,BOL
4690,/New_Volume/trade-finance/final_delivery/classification_training/V2_Final_Training_Data/BOL/Bill_Of_Landing_221_page_0.png,BOL
4691,/New_Volume/trade-finance/final_delivery/classification_training/V2_Final_Training_Data/BOL/Bill_Of_Landing_271_page_0.png,BOL
4692,/New_Volume/trade-finance/final_delivery/classification_training/V2_Final_Training_Data/BOL/Bill_Of_Landing_376_page_1.png,BOL
4693,/New_Volume/trade-finance/final_delivery/classification_training/V2_Final_Training_Data/BOL/Bill_of_lading_1539_page_6.png,BOL
4694,/New_Volume/trade-finance/final_delivery/classification_training/V2_Final_Training_Data/BOL/Bill_of_lading_2004_page_2.png,BOL
4695,/New_Volume/trade-finance/final_delivery/classification_training/V2_Final_Training_Data/BOL/Bill_of_lading_1535_page_0.png,BOL
4696,/New_Volume/trade-finance/final_delivery/classification_training/V2_Final_Training_Data/BOL/Bill_Of_Landing_272_page_0.png,BOL
4697,/New_Volume/trade-finance/final_delivery/classification_training/V2_Final_Training_Data/BOL/Bill_Of_Landing_283_page_0.png,BOL
4698,/New_Volume/trade-finance/final_delivery/classification_training/V2_Final_Training_Data/BOL/Bill_of_lading_2009_page_0.png,BOL
4699,/New_Volume/trade-finance/final_delivery/classification_training/V2_Final_Training_Data/BOL/Bill_Of_Landing_354_page_1.png,BOL
4700,/New_Volume/trade-finance/final_delivery/classification_training/V2_Final_Training_Data/BOL/Bill_of_lading_1564_page_0.png,BOL
4701,/New_Volume/trade-finance/final_delivery/classification_training/V2_Final_Training_Data/BOL/Bill_Of_Landing_267_page_0.png,BOL
4702,/New_Volume/trade-finance/final_delivery/classification_training/V2_Final_Training_Data/BOL/Bill_Of_Landing_169_page_0.png,BOL
4703,/New_Volume/trade-finance/final_delivery/classification_training/V2_Final_Training_Data/BOL/Bill_Of_Landing_229_page_1.png,BOL
4704,/New_Volume/trade-finance/final_delivery/classification_training/V2_Final_Training_Data/BOL/Bill_Of_Landing_179_page_0.png,BOL
4705,/New_Volume/trade-finance/final_delivery/classification_training/V2_Final_Training_Data/BOL/Bill_Of_Landing_287_page_1.png,BOL
4706,/New_Volume/trade-finance/final_delivery/classification_training/V2_Final_Training_Data/BOL/Bill_Of_Landing_333_page_6.png,BOL
4707,/New_Volume/trade-finance/final_delivery/classification_training/V2_Final_Training_Data/BOL/Bill_Of_Landing_345_page_0.png,BOL
4708,/New_Volume/trade-finance/final_delivery/classification_training/V2_Final_Training_Data/BOL/Bill_Of_Landing_282_page_8.png,BOL
4709,/New_Volume/trade-finance/final_delivery/classification_training/V2_Final_Training_Data/BOL/Bill_Of_Landing_167_page_0.png,BOL
4710,/New_Volume/trade-finance/final_delivery/classification_training/V2_Final_Training_Data/BOL/Bill_of_lading_1068_page_2.png,BOL
4711,/New_Volume/trade-finance/final_delivery/classification_training/V2_Final_Training_Data/BOL/Bill_Of_Landing_176_page_0.png,BOL
4712,/New_Volume/trade-finance/final_delivery/classification_training/V2_Final_Training_Data/BOL/Bill_Of_Landing_146_page_0.png,BOL
4713,/New_Volume/trade-finance/final_delivery/classification_training/V2_Final_Training_Data/BOL/Bill_Of_Landing_230_page_0.png,BOL
4714,/New_Volume/trade-finance/final_delivery/classification_training/V2_Final_Training_Data/BOL/Bill_Of_Landing_320_page_0.png,BOL
4715,/New_Volume/trade-finance/final_delivery/classification_training/V2_Final_Training_Data/BOL/Bill_Of_Landing_224_page_0.png,BOL
4716,/New_Volume/trade-finance/final_delivery/classification_training/V2_Final_Training_Data/BOL/Bill_Of_Landing_376_page_2.png,BOL
4717,/New_Volume/trade-finance/final_delivery/classification_training/V2_Final_Training_Data/BOL/Bill_Of_Landing_160_page_0.png,BOL
4718,/New_Volume/trade-finance/final_delivery/classification_training/V2_Final_Training_Data/BOL/Bill_Of_Landing_291_page_3.png,BOL
4719,/New_Volume/trade-finance/final_delivery/classification_training/V2_Final_Training_Data/BOL/Bill_Of_Landing_353_page_6.png,BOL
4720,/New_Volume/trade-finance/final_delivery/classification_training/V2_Final_Training_Data/BOL/Bill_Of_Landing_333_page_3.png,BOL
4721,/New_Volume/trade-finance/final_delivery/classification_training/V2_Final_Training_Data/BOL/Bill_of_lading_1582_page_5.png,BOL
4722,/New_Volume/trade-finance/final_delivery/classification_training/V2_Final_Training_Data/BOL/Bill_Of_Landing_199_page_1.png,BOL
4723,/New_Volume/trade-finance/final_delivery/classification_training/V2_Final_Training_Data/BOL/Bill_Of_Landing_344_page_0.png,BOL
4724,/New_Volume/trade-finance/final_delivery/classification_training/V2_Final_Training_Data/BOL/Bill_Of_Landing_116_page_1.png,BOL
4725,/New_Volume/trade-finance/final_delivery/classification_training/V2_Final_Training_Data/BOL/Bill_Of_Landing_256_page_0.png,BOL
4726,/New_Volume/trade-finance/final_delivery/classification_training/V2_Final_Training_Data/BOL/Bill_Of_Landing_275_page_2.png,BOL
4727,/New_Volume/trade-finance/final_delivery/classification_training/V2_Final_Training_Data/BOL/Bill_of_lading_2018_page_0.png,BOL
4728,/New_Volume/trade-finance/final_delivery/classification_training/V2_Final_Training_Data/BOL/Bill_Of_Landing_259_page_0.png,BOL
4729,/New_Volume/trade-finance/final_delivery/classification_training/V2_Final_Training_Data/BOL/Bill_Of_Landing_297_page_1.png,BOL
4730,/New_Volume/trade-finance/final_delivery/classification_training/V2_Final_Training_Data/BOL/Bill_Of_Landing_189_page_0.png,BOL
4731,/New_Volume/trade-finance/final_delivery/classification_training/V2_Final_Training_Data/BOL/Bill_Of_Landing_123_page_0.png,BOL
4732,/New_Volume/trade-finance/final_delivery/classification_training/V2_Final_Training_Data/BOL/Bill_Of_Landing_333_page_16.png,BOL
4733,/New_Volume/trade-finance/final_delivery/classification_training/V2_Final_Training_Data/BOL/Bill_Of_Landing_127_page_0.png,BOL
4734,/New_Volume/trade-finance/final_delivery/classification_training/V2_Final_Training_Data/BOL/Bill_Of_Landing_223_page_0.png,BOL
4735,/New_Volume/trade-finance/final_delivery/classification_training/V2_Final_Training_Data/BOL/Bill_Of_Landing_340_page_0.png,BOL
4736,/New_Volume/trade-finance/final_delivery/classification_training/V2_Final_Training_Data/BOL/Bill_of_lading_1531_page_24.png,BOL
4737,/New_Volume/trade-finance/final_delivery/classification_training/V2_Final_Training_Data/BOL/Bill_Of_Landing_340_page_1.png,BOL
4738,/New_Volume/trade-finance/final_delivery/classification_training/V2_Final_Training_Data/BOL/Bill_Of_Landing_162_page_0.png,BOL
4739,/New_Volume/trade-finance/final_delivery/classification_training/V2_Final_Training_Data/BOL/Bill_Of_Landing_112_page_7.png,BOL
4740,/New_Volume/trade-finance/final_delivery/classification_training/V2_Final_Training_Data/BOL/Bill_Of_Landing_265_page_1.png,BOL
4741,/New_Volume/trade-finance/final_delivery/classification_training/V2_Final_Training_Data/BOL/Bill_Of_Landing_301_page_0.png,BOL
4742,/New_Volume/trade-finance/final_delivery/classification_training/V2_Final_Training_Data/BOL/Bill_Of_Landing_179_page_1.png,BOL
4743,/New_Volume/trade-finance/final_delivery/classification_training/V2_Final_Training_Data/BOL/Bill_Of_Landing_239_page_0.png,BOL
4744,/New_Volume/trade-finance/final_delivery/classification_training/V2_Final_Training_Data/BOL/Bill_of_lading_2038_page_15.png,BOL
4745,/New_Volume/trade-finance/final_delivery/classification_training/V2_Final_Training_Data/BOL/Bill_Of_Landing_312_page_0.png,BOL
4746,/New_Volume/trade-finance/final_delivery/classification_training/V2_Final_Training_Data/BOL/Bill_Of_Landing_341_page_0.png,BOL
4747,/New_Volume/trade-finance/final_delivery/classification_training/V2_Final_Training_Data/BOL/Bill_Of_Landing_216_page_0.png,BOL
4748,/New_Volume/trade-finance/final_delivery/classification_training/V2_Final_Training_Data/BOL/Bill_Of_Landing_349_page_1.png,BOL
4749,/New_Volume/trade-finance/final_delivery/classification_training/V2_Final_Training_Data/BOL/Bill_of_lading_2062_page_2.png,BOL
4750,/New_Volume/trade-finance/final_delivery/classification_training/V2_Final_Training_Data/BOL/Bill_Of_Landing_282_page_6.png,BOL
4751,/New_Volume/trade-finance/final_delivery/classification_training/V2_Final_Training_Data/BOL/Bill_of_lading_1565_page_3.png,BOL
4752,/New_Volume/trade-finance/final_delivery/classification_training/V2_Final_Training_Data/BOL/Bill_of_lading_2088_page_1.png,BOL
4753,/New_Volume/trade-finance/final_delivery/classification_training/V2_Final_Training_Data/BOL/Bill_of_lading_1542_page_9.png,BOL
4754,/New_Volume/trade-finance/final_delivery/classification_training/V2_Final_Training_Data/BOL/Bill_of_lading_1561_page_0.png,BOL
4755,/New_Volume/trade-finance/final_delivery/classification_training/V2_Final_Training_Data/BOL/Bill_Of_Landing_240_page_0.png,BOL
4756,/New_Volume/trade-finance/final_delivery/classification_training/V2_Final_Training_Data/BOL/Bill_Of_Landing_199_page_4.png,BOL
4757,/New_Volume/trade-finance/final_delivery/classification_training/V2_Final_Training_Data/BOL/Bill_Of_Landing_196_page_8.png,BOL
4758,/New_Volume/trade-finance/final_delivery/classification_training/V2_Final_Training_Data/BOL/Bill_of_lading_2089_page_4.png,BOL
4759,/New_Volume/trade-finance/final_delivery/classification_training/V2_Final_Training_Data/BOL/Bill_Of_Landing_291_page_2.png,BOL
4760,/New_Volume/trade-finance/final_delivery/classification_training/V2_Final_Training_Data/BOL/Bill_Of_Landing_368_page_0.png,BOL
4761,/New_Volume/trade-finance/final_delivery/classification_training/V2_Final_Training_Data/BOL/Bill_Of_Landing_229_page_0.png,BOL
4762,/New_Volume/trade-finance/final_delivery/classification_training/V2_Final_Training_Data/BOL/Bill_Of_Landing_340_page_4.png,BOL
4763,/New_Volume/trade-finance/final_delivery/classification_training/V2_Final_Training_Data/BOL/Bill_Of_Landing_302_page_1.png,BOL
4764,/New_Volume/trade-finance/final_delivery/classification_training/V2_Final_Training_Data/BOL/Bill_of_lading_2030_page_24.png,BOL
4765,/New_Volume/trade-finance/final_delivery/classification_training/V2_Final_Training_Data/BOL/Bill_Of_Landing_335_page_0.png,BOL
4766,/New_Volume/trade-finance/final_delivery/classification_training/V2_Final_Training_Data/BOL/Bill_of_lading_2028_page_0.png,BOL
4767,/New_Volume/trade-finance/final_delivery/classification_training/V2_Final_Training_Data/BOL/Bill_of_lading_2051_page_0.png,BOL
4768,/New_Volume/trade-finance/final_delivery/classification_training/V2_Final_Training_Data/BOL/Bill_Of_Landing_323_page_1.png,BOL
4769,/New_Volume/trade-finance/final_delivery/classification_training/V2_Final_Training_Data/BOL/Bill_of_lading_2032_page_0.png,BOL
4770,/New_Volume/trade-finance/final_delivery/classification_training/V2_Final_Training_Data/BOL/Bill_Of_Landing_156_page_4.png,BOL
4771,/New_Volume/trade-finance/final_delivery/classification_training/V2_Final_Training_Data/BOL/Bill_of_lading_1999_page_4.png,BOL
4772,/New_Volume/trade-finance/final_delivery/classification_training/V2_Final_Training_Data/BOL/Bill_Of_Landing_189_page_1.png,BOL
4773,/New_Volume/trade-finance/final_delivery/classification_training/V2_Final_Training_Data/BOL/Bill_Of_Landing_261_page_2.png,BOL
4774,/New_Volume/trade-finance/final_delivery/classification_training/V2_Final_Training_Data/BOL/Bill_of_lading_2007_page_0.png,BOL
4775,/New_Volume/trade-finance/final_delivery/classification_training/V2_Final_Training_Data/BOL/Bill_Of_Landing_187_page_4.png,BOL
4776,/New_Volume/trade-finance/final_delivery/classification_training/V2_Final_Training_Data/BOL/Bill_Of_Landing_225_page_0.png,BOL
4777,/New_Volume/trade-finance/final_delivery/classification_training/V2_Final_Training_Data/BOL/Bill_Of_Landing_153_page_0.png,BOL
4778,/New_Volume/trade-finance/final_delivery/classification_training/V2_Final_Training_Data/BOL/Bill_Of_Landing_297_page_0.png,BOL
4779,/New_Volume/trade-finance/final_delivery/classification_training/V2_Final_Training_Data/BOL/Bill_Of_Landing_308_page_0.png,BOL
4780,/New_Volume/trade-finance/final_delivery/classification_training/V2_Final_Training_Data/BOL/Bill_Of_Landing_190_page_2.png,BOL
4781,/New_Volume/trade-finance/final_delivery/classification_training/V2_Final_Training_Data/IC/Insurance_Certificate_376_page_2.png,IC
4782,/New_Volume/trade-finance/final_delivery/classification_training/V2_Final_Training_Data/IC/Insurance_Certificate_408_page_0.png,IC
4783,/New_Volume/trade-finance/final_delivery/classification_training/V2_Final_Training_Data/IC/Insurance_Certificate_441_page_4.png,IC
4784,/New_Volume/trade-finance/final_delivery/classification_training/V2_Final_Training_Data/IC/Insurance_Certificate_433_page_2.png,IC
4785,/New_Volume/trade-finance/final_delivery/classification_training/V2_Final_Training_Data/IC/Insurance_Certificate_345_page_0.png,IC
4786,/New_Volume/trade-finance/final_delivery/classification_training/V2_Final_Training_Data/IC/Insurance_Certificate_273_page_0.png,IC
4787,/New_Volume/trade-finance/final_delivery/classification_training/V2_Final_Training_Data/IC/Insurance_Certificate_263_page_6.png,IC
4788,/New_Volume/trade-finance/final_delivery/classification_training/V2_Final_Training_Data/IC/Insurance_Certificate_406_page_4.png,IC
4789,/New_Volume/trade-finance/final_delivery/classification_training/V2_Final_Training_Data/IC/Insurance_Certificate_371_page_1.png,IC
4790,/New_Volume/trade-finance/final_delivery/classification_training/V2_Final_Training_Data/IC/Insurance_Certificate_393_page_1.png,IC
4791,/New_Volume/trade-finance/final_delivery/classification_training/V2_Final_Training_Data/IC/Insurance_Certificate_246_page_10.png,IC
4792,/New_Volume/trade-finance/final_delivery/classification_training/V2_Final_Training_Data/IC/Insurance_Certificate_270_page_0.png,IC
4793,/New_Volume/trade-finance/final_delivery/classification_training/V2_Final_Training_Data/IC/Insurance_Certificate_340_page_0.png,IC
4794,/New_Volume/trade-finance/final_delivery/classification_training/V2_Final_Training_Data/IC/Insurance_Certificate_281_page_0.png,IC
4795,/New_Volume/trade-finance/final_delivery/classification_training/V2_Final_Training_Data/IC/Insurance_Certificate_320_page_0.png,IC
4796,/New_Volume/trade-finance/final_delivery/classification_training/V2_Final_Training_Data/IC/Insurance_Certificate_388_page_0.png,IC
4797,/New_Volume/trade-finance/final_delivery/classification_training/V2_Final_Training_Data/IC/Insurance_Certificate_399_page_0.png,IC
4798,/New_Volume/trade-finance/final_delivery/classification_training/V2_Final_Training_Data/IC/Insurance_Certificate_307_page_4.png,IC
4799,/New_Volume/trade-finance/final_delivery/classification_training/V2_Final_Training_Data/IC/Insurance_Certificate_404_page_1.png,IC
4800,/New_Volume/trade-finance/final_delivery/classification_training/V2_Final_Training_Data/IC/Insurance_Certificate_380_page_7.png,IC
4801,/New_Volume/trade-finance/final_delivery/classification_training/V2_Final_Training_Data/IC/Insurance_Certificate_413_page_0.png,IC
4802,/New_Volume/trade-finance/final_delivery/classification_training/V2_Final_Training_Data/IC/Insurance_Certificate_284_page_18.png,IC
4803,/New_Volume/trade-finance/final_delivery/classification_training/V2_Final_Training_Data/IC/Insurance_Certificate_393_page_3.png,IC
4804,/New_Volume/trade-finance/final_delivery/classification_training/V2_Final_Training_Data/IC/Insurance_Certificate_364_page_2.png,IC
4805,/New_Volume/trade-finance/final_delivery/classification_training/V2_Final_Training_Data/IC/Insurance_Certificate_285_page_0.png,IC
4806,/New_Volume/trade-finance/final_delivery/classification_training/V2_Final_Training_Data/IC/Insurance_Certificate_401_page_5.png,IC
4807,/New_Volume/trade-finance/final_delivery/classification_training/V2_Final_Training_Data/IC/Insurance_Certificate_430_page_7.png,IC
4808,/New_Volume/trade-finance/final_delivery/classification_training/V2_Final_Training_Data/IC/Insurance_Certificate_365_page_8.png,IC
4809,/New_Volume/trade-finance/final_delivery/classification_training/V2_Final_Training_Data/IC/Insurance_Certificate_365_page_5.png,IC
4810,/New_Volume/trade-finance/final_delivery/classification_training/V2_Final_Training_Data/IC/Insurance_Certificate_284_page_22.png,IC
4811,/New_Volume/trade-finance/final_delivery/classification_training/V2_Final_Training_Data/IC/Insurance_Certificate_263_page_0.png,IC
4812,/New_Volume/trade-finance/final_delivery/classification_training/V2_Final_Training_Data/IC/Insurance_Certificate_354_page_0.png,IC
4813,/New_Volume/trade-finance/final_delivery/classification_training/V2_Final_Training_Data/IC/Insurance_Certificate_341_page_0.png,IC
4814,/New_Volume/trade-finance/final_delivery/classification_training/V2_Final_Training_Data/IC/Insurance_Certificate_395_page_13.png,IC
4815,/New_Volume/trade-finance/final_delivery/classification_training/V2_Final_Training_Data/IC/Insurance_Certificate_363_page_3.png,IC
4816,/New_Volume/trade-finance/final_delivery/classification_training/V2_Final_Training_Data/IC/Insurance_Certificate_395_page_6.png,IC
4817,/New_Volume/trade-finance/final_delivery/classification_training/V2_Final_Training_Data/IC/Insurance_Certificate_356_page_1.png,IC
4818,/New_Volume/trade-finance/final_delivery/classification_training/V2_Final_Training_Data/IC/Insurance_Certificate_395_page_12.png,IC
4819,/New_Volume/trade-finance/final_delivery/classification_training/V2_Final_Training_Data/IC/Insurance_Certificate_414_page_0.png,IC
4820,/New_Volume/trade-finance/final_delivery/classification_training/V2_Final_Training_Data/IC/Insurance_Certificate_426_page_2.png,IC
4821,/New_Volume/trade-finance/final_delivery/classification_training/V2_Final_Training_Data/IC/Insurance_Certificate_395_page_10.png,IC
4822,/New_Volume/trade-finance/final_delivery/classification_training/V2_Final_Training_Data/IC/Insurance_Certificate_284_page_14.png,IC
4823,/New_Volume/trade-finance/final_delivery/classification_training/V2_Final_Training_Data/IC/Insurance_Certificate_319_page_0.png,IC
4824,/New_Volume/trade-finance/final_delivery/classification_training/V2_Final_Training_Data/IC/Insurance_Certificate_368_page_2.png,IC
4825,/New_Volume/trade-finance/final_delivery/classification_training/V2_Final_Training_Data/IC/Insurance_Certificate_234_page_0.png,IC
4826,/New_Volume/trade-finance/final_delivery/classification_training/V2_Final_Training_Data/IC/Insurance_Certificate_230_page_1.png,IC
4827,/New_Volume/trade-finance/final_delivery/classification_training/V2_Final_Training_Data/IC/Insurance_Certificate_409_page_1.png,IC
4828,/New_Volume/trade-finance/final_delivery/classification_training/V2_Final_Training_Data/IC/Insurance_Certificate_311_page_5.png,IC
4829,/New_Volume/trade-finance/final_delivery/classification_training/V2_Final_Training_Data/IC/Insurance_Certificate_302_page_0.png,IC
4830,/New_Volume/trade-finance/final_delivery/classification_training/V2_Final_Training_Data/IC/Insurance_Certificate_307_page_0.png,IC
4831,/New_Volume/trade-finance/final_delivery/classification_training/V2_Final_Training_Data/IC/Insurance_Certificate_309_page_1.png,IC
4832,/New_Volume/trade-finance/final_delivery/classification_training/V2_Final_Training_Data/IC/Insurance_Certificate_284_page_34.png,IC
4833,/New_Volume/trade-finance/final_delivery/classification_training/V2_Final_Training_Data/IC/Insurance_Certificate_393_page_2.png,IC
4834,/New_Volume/trade-finance/final_delivery/classification_training/V2_Final_Training_Data/IC/Insurance_Certificate_385_page_0.png,IC
4835,/New_Volume/trade-finance/final_delivery/classification_training/V2_Final_Training_Data/IC/Insurance_Certificate_256_page_0.png,IC
4836,/New_Volume/trade-finance/final_delivery/classification_training/V2_Final_Training_Data/IC/Insurance_Certificate_335_page_1.png,IC
4837,/New_Volume/trade-finance/final_delivery/classification_training/V2_Final_Training_Data/IC/Insurance_Certificate_246_page_5.png,IC
4838,/New_Volume/trade-finance/final_delivery/classification_training/V2_Final_Training_Data/IC/Insurance_Certificate_256_page_2.png,IC
4839,/New_Volume/trade-finance/final_delivery/classification_training/V2_Final_Training_Data/IC/Insurance_Certificate_384_page_0.png,IC
4840,/New_Volume/trade-finance/final_delivery/classification_training/V2_Final_Training_Data/IC/Insurance_Certificate_413_page_3.png,IC
4841,/New_Volume/trade-finance/final_delivery/classification_training/V2_Final_Training_Data/IC/Insurance_Certificate_284_page_10.png,IC
4842,/New_Volume/trade-finance/final_delivery/classification_training/V2_Final_Training_Data/IC/Insurance_Certificate_244_page_5.png,IC
4843,/New_Volume/trade-finance/final_delivery/classification_training/V2_Final_Training_Data/IC/Insurance_Certificate_235_page_0.png,IC
4844,/New_Volume/trade-finance/final_delivery/classification_training/V2_Final_Training_Data/IC/Insurance_Certificate_358_page_2.png,IC
4845,/New_Volume/trade-finance/final_delivery/classification_training/V2_Final_Training_Data/IC/Insurance_Certificate_336_page_2.png,IC
4846,/New_Volume/trade-finance/final_delivery/classification_training/V2_Final_Training_Data/IC/Insurance_Certificate_425_page_2.png,IC
4847,/New_Volume/trade-finance/final_delivery/classification_training/V2_Final_Training_Data/IC/Insurance_Certificate_455_page_10.png,IC
4848,/New_Volume/trade-finance/final_delivery/classification_training/V2_Final_Training_Data/IC/Insurance_Certificate_372_page_0.png,IC
4849,/New_Volume/trade-finance/final_delivery/classification_training/V2_Final_Training_Data/IC/Insurance_Certificate_231_page_1.png,IC
4850,/New_Volume/trade-finance/final_delivery/classification_training/V2_Final_Training_Data/IC/Insurance_Certificate_223_page_6.png,IC
4851,/New_Volume/trade-finance/final_delivery/classification_training/V2_Final_Training_Data/IC/Insurance_Certificate_395_page_1.png,IC
4852,/New_Volume/trade-finance/final_delivery/classification_training/V2_Final_Training_Data/IC/Insurance_Certificate_395_page_0.png,IC
4853,/New_Volume/trade-finance/final_delivery/classification_training/V2_Final_Training_Data/IC/Insurance_Certificate_297_page_0.png,IC
4854,/New_Volume/trade-finance/final_delivery/classification_training/V2_Final_Training_Data/IC/Insurance_Certificate_267_page_0.png,IC
4855,/New_Volume/trade-finance/final_delivery/classification_training/V2_Final_Training_Data/IC/Insurance_Certificate_334_page_1.png,IC
4856,/New_Volume/trade-finance/final_delivery/classification_training/V2_Final_Training_Data/IC/Insurance_Certificate_442_page_0.png,IC
4857,/New_Volume/trade-finance/final_delivery/classification_training/V2_Final_Training_Data/IC/Insurance_Certificate_393_page_5.png,IC
4858,/New_Volume/trade-finance/final_delivery/classification_training/V2_Final_Training_Data/IC/Insurance_Certificate_246_page_2.png,IC
4859,/New_Volume/trade-finance/final_delivery/classification_training/V2_Final_Training_Data/IC/Insurance_Certificate_441_page_8.png,IC
4860,/New_Volume/trade-finance/final_delivery/classification_training/V2_Final_Training_Data/IC/Insurance_Certificate_430_page_5.png,IC
4861,/New_Volume/trade-finance/final_delivery/classification_training/V2_Final_Training_Data/IC/Insurance_Certificate_315_page_0.png,IC
4862,/New_Volume/trade-finance/final_delivery/classification_training/V2_Final_Training_Data/IC/Insurance_Certificate_365_page_6.png,IC
4863,/New_Volume/trade-finance/final_delivery/classification_training/V2_Final_Training_Data/IC/Insurance_Certificate_395_page_8.png,IC
4864,/New_Volume/trade-finance/final_delivery/classification_training/V2_Final_Training_Data/IC/Insurance_Certificate_385_page_6.png,IC
4865,/New_Volume/trade-finance/final_delivery/classification_training/V2_Final_Training_Data/IC/Insurance_Certificate_428_page_2.png,IC
4866,/New_Volume/trade-finance/final_delivery/classification_training/V2_Final_Training_Data/IC/Insurance_Certificate_307_page_2.png,IC
4867,/New_Volume/trade-finance/final_delivery/classification_training/V2_Final_Training_Data/IC/Insurance_Certificate_437_page_0.png,IC
4868,/New_Volume/trade-finance/final_delivery/classification_training/V2_Final_Training_Data/IC/Insurance_Certificate_433_page_5.png,IC
4869,/New_Volume/trade-finance/final_delivery/classification_training/V2_Final_Training_Data/IC/Insurance_Certificate_311_page_0.png,IC
4870,/New_Volume/trade-finance/final_delivery/classification_training/V2_Final_Training_Data/IC/Insurance_Certificate_360_page_3.png,IC
4871,/New_Volume/trade-finance/final_delivery/classification_training/V2_Final_Training_Data/IC/Insurance_Certificate_383_page_0.png,IC
4872,/New_Volume/trade-finance/final_delivery/classification_training/V2_Final_Training_Data/IC/Insurance_Certificate_306_page_0.png,IC
4873,/New_Volume/trade-finance/final_delivery/classification_training/V2_Final_Training_Data/IC/Insurance_Certificate_263_page_4.png,IC
4874,/New_Volume/trade-finance/final_delivery/classification_training/V2_Final_Training_Data/IC/Insurance_Certificate_415_page_1.png,IC
4875,/New_Volume/trade-finance/final_delivery/classification_training/V2_Final_Training_Data/IC/Insurance_Certificate_451_page_1.png,IC
4876,/New_Volume/trade-finance/final_delivery/classification_training/V2_Final_Training_Data/IC/Insurance_Certificate_363_page_2.png,IC
4877,/New_Volume/trade-finance/final_delivery/classification_training/V2_Final_Training_Data/IC/Insurance_Certificate_336_page_0.png,IC
4878,/New_Volume/trade-finance/final_delivery/classification_training/V2_Final_Training_Data/IC/Insurance_Certificate_415_page_0.png,IC
4879,/New_Volume/trade-finance/final_delivery/classification_training/V2_Final_Training_Data/IC/Insurance_Certificate_392_page_0.png,IC
4880,/New_Volume/trade-finance/final_delivery/classification_training/V2_Final_Training_Data/IC/Insurance_Certificate_427_page_0.png,IC
4881,/New_Volume/trade-finance/final_delivery/classification_training/V2_Final_Training_Data/IC/Insurance_Certificate_261_page_0.png,IC
4882,/New_Volume/trade-finance/final_delivery/classification_training/V2_Final_Training_Data/IC/Insurance_Certificate_365_page_1.png,IC
4883,/New_Volume/trade-finance/final_delivery/classification_training/V2_Final_Training_Data/IC/Insurance_Certificate_428_page_0.png,IC
4884,/New_Volume/trade-finance/final_delivery/classification_training/V2_Final_Training_Data/IC/Insurance_Certificate_352_page_1.png,IC
4885,/New_Volume/trade-finance/final_delivery/classification_training/V2_Final_Training_Data/IC/Insurance_Certificate_380_page_4.png,IC
4886,/New_Volume/trade-finance/final_delivery/classification_training/V2_Final_Training_Data/IC/Insurance_Certificate_423_page_0.png,IC
4887,/New_Volume/trade-finance/final_delivery/classification_training/V2_Final_Training_Data/IC/Insurance_Certificate_344_page_0.png,IC
4888,/New_Volume/trade-finance/final_delivery/classification_training/V2_Final_Training_Data/IC/Insurance_Certificate_225_page_0.png,IC
4889,/New_Volume/trade-finance/final_delivery/classification_training/V2_Final_Training_Data/IC/Insurance_Certificate_336_page_8.png,IC
4890,/New_Volume/trade-finance/final_delivery/classification_training/V2_Final_Training_Data/IC/Insurance_Certificate_454_page_3.png,IC
4891,/New_Volume/trade-finance/final_delivery/classification_training/V2_Final_Training_Data/IC/Insurance_Certificate_430_page_4.png,IC
4892,/New_Volume/trade-finance/final_delivery/classification_training/V2_Final_Training_Data/IC/Insurance_Certificate_345_page_1.png,IC
4893,/New_Volume/trade-finance/final_delivery/classification_training/V2_Final_Training_Data/IC/Insurance_Certificate_430_page_1.png,IC
4894,/New_Volume/trade-finance/final_delivery/classification_training/V2_Final_Training_Data/IC/Insurance_Certificate_431_page_2.png,IC
4895,/New_Volume/trade-finance/final_delivery/classification_training/V2_Final_Training_Data/IC/Insurance_Certificate_301_page_2.png,IC
4896,/New_Volume/trade-finance/final_delivery/classification_training/V2_Final_Training_Data/IC/Insurance_Certificate_360_page_4.png,IC
4897,/New_Volume/trade-finance/final_delivery/classification_training/V2_Final_Training_Data/IC/Insurance_Certificate_453_page_0.png,IC
4898,/New_Volume/trade-finance/final_delivery/classification_training/V2_Final_Training_Data/IC/Insurance_Certificate_284_page_15.png,IC
4899,/New_Volume/trade-finance/final_delivery/classification_training/V2_Final_Training_Data/IC/Insurance_Certificate_393_page_0.png,IC
4900,/New_Volume/trade-finance/final_delivery/classification_training/V2_Final_Training_Data/IC/Insurance_Certificate_260_page_0.png,IC
4901,/New_Volume/trade-finance/final_delivery/classification_training/V2_Final_Training_Data/IC/Insurance_Certificate_438_page_0.png,IC
4902,/New_Volume/trade-finance/final_delivery/classification_training/V2_Final_Training_Data/IC/Insurance_Certificate_430_page_9.png,IC
4903,/New_Volume/trade-finance/final_delivery/classification_training/V2_Final_Training_Data/IC/Insurance_Certificate_364_page_3.png,IC
4904,/New_Volume/trade-finance/final_delivery/classification_training/V2_Final_Training_Data/IC/Insurance_Certificate_263_page_7.png,IC
4905,/New_Volume/trade-finance/final_delivery/classification_training/V2_Final_Training_Data/IC/Insurance_Certificate_223_page_2.png,IC
4906,/New_Volume/trade-finance/final_delivery/classification_training/V2_Final_Training_Data/IC/Insurance_Certificate_243_page_0.png,IC
4907,/New_Volume/trade-finance/final_delivery/classification_training/V2_Final_Training_Data/IC/Insurance_Certificate_284_page_35.png,IC
4908,/New_Volume/trade-finance/final_delivery/classification_training/V2_Final_Training_Data/IC/Insurance_Certificate_401_page_0.png,IC
4909,/New_Volume/trade-finance/final_delivery/classification_training/V2_Final_Training_Data/IC/Insurance_Certificate_311_page_3.png,IC
4910,/New_Volume/trade-finance/final_delivery/classification_training/V2_Final_Training_Data/IC/Insurance_Certificate_452_page_0.png,IC
4911,/New_Volume/trade-finance/final_delivery/classification_training/V2_Final_Training_Data/IC/Insurance_Certificate_281_page_1.png,IC
4912,/New_Volume/trade-finance/final_delivery/classification_training/V2_Final_Training_Data/IC/Insurance_Certificate_297_page_1.png,IC
4913,/New_Volume/trade-finance/final_delivery/classification_training/V2_Final_Training_Data/IC/Insurance_Certificate_376_page_1.png,IC
4914,/New_Volume/trade-finance/final_delivery/classification_training/V2_Final_Training_Data/IC/Insurance_Certificate_441_page_5.png,IC
4915,/New_Volume/trade-finance/final_delivery/classification_training/V2_Final_Training_Data/IC/Insurance_Certificate_393_page_6.png,IC
4916,/New_Volume/trade-finance/final_delivery/classification_training/V2_Final_Training_Data/IC/Insurance_Certificate_366_page_2.png,IC
4917,/New_Volume/trade-finance/final_delivery/classification_training/V2_Final_Training_Data/IC/Insurance_Certificate_425_page_0.png,IC
4918,/New_Volume/trade-finance/final_delivery/classification_training/V2_Final_Training_Data/IC/Insurance_Certificate_382_page_0.png,IC
4919,/New_Volume/trade-finance/final_delivery/classification_training/V2_Final_Training_Data/IC/Insurance_Certificate_293_page_0.png,IC
4920,/New_Volume/trade-finance/final_delivery/classification_training/V2_Final_Training_Data/IC/Insurance_Certificate_365_page_9.png,IC
4921,/New_Volume/trade-finance/final_delivery/classification_training/V2_Final_Training_Data/IC/Insurance_Certificate_246_page_0.png,IC
4922,/New_Volume/trade-finance/final_delivery/classification_training/V2_Final_Training_Data/IC/Insurance_Certificate_326_page_0.png,IC
4923,/New_Volume/trade-finance/final_delivery/classification_training/V2_Final_Training_Data/IC/Insurance_Certificate_284_page_12.png,IC
4924,/New_Volume/trade-finance/final_delivery/classification_training/V2_Final_Training_Data/IC/Insurance_Certificate_339_page_1.png,IC
4925,/New_Volume/trade-finance/final_delivery/classification_training/V2_Final_Training_Data/IC/Insurance_Certificate_305_page_0.png,IC
4926,/New_Volume/trade-finance/final_delivery/classification_training/V2_Final_Training_Data/IC/Insurance_Certificate_371_page_0.png,IC
4927,/New_Volume/trade-finance/final_delivery/classification_training/V2_Final_Training_Data/IC/Insurance_Certificate_271_page_0.png,IC
4928,/New_Volume/trade-finance/final_delivery/classification_training/V2_Final_Training_Data/IC/Insurance_Certificate_406_page_0.png,IC
4929,/New_Volume/trade-finance/final_delivery/classification_training/V2_Final_Training_Data/IC/Insurance_Certificate_226_page_0.png,IC
4930,/New_Volume/trade-finance/final_delivery/classification_training/V2_Final_Training_Data/IC/Insurance_Certificate_341_page_3.png,IC
4931,/New_Volume/trade-finance/final_delivery/classification_training/V2_Final_Training_Data/IC/Insurance_Certificate_424_page_2.png,IC
4932,/New_Volume/trade-finance/final_delivery/classification_training/V2_Final_Training_Data/IC/Insurance_Certificate_305_page_1.png,IC
4933,/New_Volume/trade-finance/final_delivery/classification_training/V2_Final_Training_Data/IC/Insurance_Certificate_426_page_1.png,IC
4934,/New_Volume/trade-finance/final_delivery/classification_training/V2_Final_Training_Data/IC/Insurance_Certificate_359_page_1.png,IC
4935,/New_Volume/trade-finance/final_delivery/classification_training/V2_Final_Training_Data/IC/Insurance_Certificate_257_page_0.png,IC
4936,/New_Volume/trade-finance/final_delivery/classification_training/V2_Final_Training_Data/IC/Insurance_Certificate_386_page_0.png,IC
4937,/New_Volume/trade-finance/final_delivery/classification_training/V2_Final_Training_Data/IC/Insurance_Certificate_256_page_1.png,IC
4938,/New_Volume/trade-finance/final_delivery/classification_training/V2_Final_Training_Data/IC/Insurance_Certificate_444_page_0.png,IC
4939,/New_Volume/trade-finance/final_delivery/classification_training/V2_Final_Training_Data/IC/Insurance_Certificate_284_page_24.png,IC
4940,/New_Volume/trade-finance/final_delivery/classification_training/V2_Final_Training_Data/IC/Insurance_Certificate_336_page_5.png,IC
4941,/New_Volume/trade-finance/final_delivery/classification_training/V2_Final_Training_Data/IC/Insurance_Certificate_326_page_2.png,IC
4942,/New_Volume/trade-finance/final_delivery/classification_training/V2_Final_Training_Data/IC/Insurance_Certificate_337_page_0.png,IC
4943,/New_Volume/trade-finance/final_delivery/classification_training/V2_Final_Training_Data/IC/Insurance_Certificate_329_page_4.png,IC
4944,/New_Volume/trade-finance/final_delivery/classification_training/V2_Final_Training_Data/IC/Insurance_Certificate_385_page_2.png,IC
4945,/New_Volume/trade-finance/final_delivery/classification_training/V2_Final_Training_Data/IC/Insurance_Certificate_231_page_0.png,IC
4946,/New_Volume/trade-finance/final_delivery/classification_training/V2_Final_Training_Data/IC/Insurance_Certificate_287_page_0.png,IC
4947,/New_Volume/trade-finance/final_delivery/classification_training/V2_Final_Training_Data/IC/Insurance_Certificate_308_page_0.png,IC
4948,/New_Volume/trade-finance/final_delivery/classification_training/V2_Final_Training_Data/IC/Insurance_Certificate_395_page_14.png,IC
4949,/New_Volume/trade-finance/final_delivery/classification_training/V2_Final_Training_Data/IC/Insurance_Certificate_395_page_2.png,IC
4950,/New_Volume/trade-finance/final_delivery/classification_training/V2_Final_Training_Data/IC/Insurance_Certificate_365_page_7.png,IC
4951,/New_Volume/trade-finance/final_delivery/classification_training/V2_Final_Training_Data/IC/Insurance_Certificate_284_page_26.png,IC
4952,/New_Volume/trade-finance/final_delivery/classification_training/V2_Final_Training_Data/IC/Insurance_Certificate_301_page_0.png,IC
4953,/New_Volume/trade-finance/final_delivery/classification_training/V2_Final_Training_Data/IC/Insurance_Certificate_397_page_0.png,IC
4954,/New_Volume/trade-finance/final_delivery/classification_training/V2_Final_Training_Data/IC/Insurance_Certificate_406_page_7.png,IC
4955,/New_Volume/trade-finance/final_delivery/classification_training/V2_Final_Training_Data/IC/Insurance_Certificate_351_page_1.png,IC
4956,/New_Volume/trade-finance/final_delivery/classification_training/V2_Final_Training_Data/IC/Insurance_Certificate_391_page_0.png,IC
4957,/New_Volume/trade-finance/final_delivery/classification_training/V2_Final_Training_Data/IC/Insurance_Certificate_365_page_4.png,IC
4958,/New_Volume/trade-finance/final_delivery/classification_training/V2_Final_Training_Data/IC/Insurance_Certificate_296_page_2.png,IC
4959,/New_Volume/trade-finance/final_delivery/classification_training/V2_Final_Training_Data/IC/Insurance_Certificate_375_page_0.png,IC
4960,/New_Volume/trade-finance/final_delivery/classification_training/V2_Final_Training_Data/IC/Insurance_Certificate_284_page_36.png,IC
4961,/New_Volume/trade-finance/final_delivery/classification_training/V2_Final_Training_Data/IC/Insurance_Certificate_263_page_10.png,IC
4962,/New_Volume/trade-finance/final_delivery/classification_training/V2_Final_Training_Data/IC/Insurance_Certificate_389_page_0.png,IC
4963,/New_Volume/trade-finance/final_delivery/classification_training/V2_Final_Training_Data/IC/Insurance_Certificate_429_page_0.png,IC
4964,/New_Volume/trade-finance/final_delivery/classification_training/V2_Final_Training_Data/IC/Insurance_Certificate_430_page_3.png,IC
4965,/New_Volume/trade-finance/final_delivery/classification_training/V2_Final_Training_Data/IC/Insurance_Certificate_395_page_5.png,IC
4966,/New_Volume/trade-finance/final_delivery/classification_training/V2_Final_Training_Data/IC/Insurance_Certificate_389_page_2.png,IC
4967,/New_Volume/trade-finance/final_delivery/classification_training/V2_Final_Training_Data/IC/Insurance_Certificate_284_page_31.png,IC
4968,/New_Volume/trade-finance/final_delivery/classification_training/V2_Final_Training_Data/IC/Insurance_Certificate_416_page_1.png,IC
4969,/New_Volume/trade-finance/final_delivery/classification_training/V2_Final_Training_Data/IC/Insurance_Certificate_364_page_0.png,IC
4970,/New_Volume/trade-finance/final_delivery/classification_training/V2_Final_Training_Data/IC/Insurance_Certificate_265_page_2.png,IC
4971,/New_Volume/trade-finance/final_delivery/classification_training/V2_Final_Training_Data/IC/Insurance_Certificate_246_page_4.png,IC
4972,/New_Volume/trade-finance/final_delivery/classification_training/V2_Final_Training_Data/IC/Insurance_Certificate_385_page_5.png,IC
4973,/New_Volume/trade-finance/final_delivery/classification_training/V2_Final_Training_Data/IC/Insurance_Certificate_246_page_9.png,IC
4974,/New_Volume/trade-finance/final_delivery/classification_training/V2_Final_Training_Data/IC/Insurance_Certificate_396_page_0.png,IC
4975,/New_Volume/trade-finance/final_delivery/classification_training/V2_Final_Training_Data/IC/Insurance_Certificate_284_page_33.png,IC
4976,/New_Volume/trade-finance/final_delivery/classification_training/V2_Final_Training_Data/IC/Insurance_Certificate_329_page_3.png,IC
4977,/New_Volume/trade-finance/final_delivery/classification_training/V2_Final_Training_Data/IC/Insurance_Certificate_238_page_2.png,IC
4978,/New_Volume/trade-finance/final_delivery/classification_training/V2_Final_Training_Data/IC/Insurance_Certificate_336_page_7.png,IC
4979,/New_Volume/trade-finance/final_delivery/classification_training/V2_Final_Training_Data/IC/Insurance_Certificate_334_page_0.png,IC
4980,/New_Volume/trade-finance/final_delivery/classification_training/V2_Final_Training_Data/IC/Insurance_Certificate_265_page_0.png,IC
4981,/New_Volume/trade-finance/final_delivery/classification_training/V2_Final_Training_Data/IC/Insurance_Certificate_430_page_8.png,IC
4982,/New_Volume/trade-finance/final_delivery/classification_training/V2_Final_Training_Data/IC/Insurance_Certificate_336_page_1.png,IC
4983,/New_Volume/trade-finance/final_delivery/classification_training/V2_Final_Training_Data/IC/Insurance_Certificate_284_page_19.png,IC
4984,/New_Volume/trade-finance/final_delivery/classification_training/V2_Final_Training_Data/IC/Insurance_Certificate_286_page_0.png,IC
4985,/New_Volume/trade-finance/final_delivery/classification_training/V2_Final_Training_Data/IC/Insurance_Certificate_263_page_11.png,IC
4986,/New_Volume/trade-finance/final_delivery/classification_training/V2_Final_Training_Data/IC/Insurance_Certificate_338_page_0.png,IC
4987,/New_Volume/trade-finance/final_delivery/classification_training/V2_Final_Training_Data/IC/Insurance_Certificate_439_page_1.png,IC
4988,/New_Volume/trade-finance/final_delivery/classification_training/V2_Final_Training_Data/IC/Insurance_Certificate_335_page_2.png,IC
4989,/New_Volume/trade-finance/final_delivery/classification_training/V2_Final_Training_Data/IC/Insurance_Certificate_367_page_0.png,IC
4990,/New_Volume/trade-finance/final_delivery/classification_training/V2_Final_Training_Data/IC/Insurance_Certificate_247_page_0.png,IC
4991,/New_Volume/trade-finance/final_delivery/classification_training/V2_Final_Training_Data/IC/Insurance_Certificate_417_page_0.png,IC
4992,/New_Volume/trade-finance/final_delivery/classification_training/V2_Final_Training_Data/IC/Insurance_Certificate_375_page_1.png,IC
4993,/New_Volume/trade-finance/final_delivery/classification_training/V2_Final_Training_Data/IC/Insurance_Certificate_401_page_4.png,IC
4994,/New_Volume/trade-finance/final_delivery/classification_training/V2_Final_Training_Data/IC/Insurance_Certificate_385_page_1.png,IC
4995,/New_Volume/trade-finance/final_delivery/classification_training/V2_Final_Training_Data/IC/Insurance_Certificate_380_page_5.png,IC
4996,/New_Volume/trade-finance/final_delivery/classification_training/V2_Final_Training_Data/IC/Insurance_Certificate_269_page_0.png,IC
4997,/New_Volume/trade-finance/final_delivery/classification_training/V2_Final_Training_Data/IC/Insurance_Certificate_408_page_2.png,IC
4998,/New_Volume/trade-finance/final_delivery/classification_training/V2_Final_Training_Data/IC/Insurance_Certificate_263_page_1.png,IC
4999,/New_Volume/trade-finance/final_delivery/classification_training/V2_Final_Training_Data/IC/Insurance_Certificate_422_page_2.png,IC
5000,/New_Volume/trade-finance/final_delivery/classification_training/V2_Final_Training_Data/IC/Insurance_Certificate_430_page_2.png,IC
5001,/New_Volume/trade-finance/final_delivery/classification_training/V2_Final_Training_Data/IC/Insurance_Certificate_230_page_0.png,IC
5002,/New_Volume/trade-finance/final_delivery/classification_training/V2_Final_Training_Data/IC/Insurance_Certificate_264_page_0.png,IC
5003,/New_Volume/trade-finance/final_delivery/classification_training/V2_Final_Training_Data/IC/Insurance_Certificate_438_page_1.png,IC
5004,/New_Volume/trade-finance/final_delivery/classification_training/V2_Final_Training_Data/IC/Insurance_Certificate_245_page_0.png,IC
5005,/New_Volume/trade-finance/final_delivery/classification_training/V2_Final_Training_Data/IC/Insurance_Certificate_400_page_0.png,IC
5006,/New_Volume/trade-finance/final_delivery/classification_training/V2_Final_Training_Data/IC/Insurance_Certificate_336_page_4.png,IC
5007,/New_Volume/trade-finance/final_delivery/classification_training/V2_Final_Training_Data/IC/Insurance_Certificate_455_page_0.png,IC
5008,/New_Volume/trade-finance/final_delivery/classification_training/V2_Final_Training_Data/IC/Insurance_Certificate_277_page_2.png,IC
5009,/New_Volume/trade-finance/final_delivery/classification_training/V2_Final_Training_Data/IC/Insurance_Certificate_274_page_0.png,IC
5010,/New_Volume/trade-finance/final_delivery/classification_training/V2_Final_Training_Data/IC/Insurance_Certificate_441_page_6.png,IC
5011,/New_Volume/trade-finance/final_delivery/classification_training/V2_Final_Training_Data/IC/Insurance_Certificate_284_page_37.png,IC
5012,/New_Volume/trade-finance/final_delivery/classification_training/V2_Final_Training_Data/IC/Insurance_Certificate_250_page_1.png,IC
5013,/New_Volume/trade-finance/final_delivery/classification_training/V2_Final_Training_Data/IC/Insurance_Certificate_430_page_0.png,IC
5014,/New_Volume/trade-finance/final_delivery/classification_training/V2_Final_Training_Data/IC/Insurance_Certificate_275_page_0.png,IC
5015,/New_Volume/trade-finance/final_delivery/classification_training/V2_Final_Training_Data/IC/Insurance_Certificate_426_page_0.png,IC
5016,/New_Volume/trade-finance/final_delivery/classification_training/V2_Final_Training_Data/IC/Insurance_Certificate_311_page_7.png,IC
5017,/New_Volume/trade-finance/final_delivery/classification_training/V2_Final_Training_Data/IC/Insurance_Certificate_284_page_17.png,IC
5018,/New_Volume/trade-finance/final_delivery/classification_training/V2_Final_Training_Data/IC/Insurance_Certificate_252_page_0.png,IC
5019,/New_Volume/trade-finance/final_delivery/classification_training/V2_Final_Training_Data/IC/Insurance_Certificate_412_page_0.png,IC
5020,/New_Volume/trade-finance/final_delivery/classification_training/V2_Final_Training_Data/IC/Insurance_Certificate_284_page_25.png,IC
5021,/New_Volume/trade-finance/final_delivery/classification_training/V2_Final_Training_Data/IC/Insurance_Certificate_284_page_8.png,IC
5022,/New_Volume/trade-finance/final_delivery/classification_training/V2_Final_Training_Data/IC/Insurance_Certificate_436_page_0.png,IC
5023,/New_Volume/trade-finance/final_delivery/classification_training/V2_Final_Training_Data/IC/Insurance_Certificate_401_page_1.png,IC
5024,/New_Volume/trade-finance/final_delivery/classification_training/V2_Final_Training_Data/IC/Insurance_Certificate_440_page_0.png,IC
5025,/New_Volume/trade-finance/final_delivery/classification_training/V2_Final_Training_Data/IC/Insurance_Certificate_384_page_1.png,IC
5026,/New_Volume/trade-finance/final_delivery/classification_training/V2_Final_Training_Data/IC/Insurance_Certificate_362_page_0.png,IC
5027,/New_Volume/trade-finance/final_delivery/classification_training/V2_Final_Training_Data/IC/Insurance_Certificate_284_page_20.png,IC
5028,/New_Volume/trade-finance/final_delivery/classification_training/V2_Final_Training_Data/IC/Insurance_Certificate_360_page_2.png,IC
5029,/New_Volume/trade-finance/final_delivery/classification_training/V2_Final_Training_Data/IC/Insurance_Certificate_369_page_0.png,IC
5030,/New_Volume/trade-finance/final_delivery/classification_training/V2_Final_Training_Data/IC/Insurance_Certificate_422_page_0.png,IC
5031,/New_Volume/trade-finance/final_delivery/classification_training/V2_Final_Training_Data/IC/Insurance_Certificate_449_page_0.png,IC
5032,/New_Volume/trade-finance/final_delivery/classification_training/V2_Final_Training_Data/IC/Insurance_Certificate_411_page_1.png,IC
5033,/New_Volume/trade-finance/final_delivery/classification_training/V2_Final_Training_Data/IC/Insurance_Certificate_246_page_7.png,IC
5034,/New_Volume/trade-finance/final_delivery/classification_training/V2_Final_Training_Data/IC/Insurance_Certificate_395_page_9.png,IC
5035,/New_Volume/trade-finance/final_delivery/classification_training/V2_Final_Training_Data/IC/Insurance_Certificate_327_page_0.png,IC
5036,/New_Volume/trade-finance/final_delivery/classification_training/V2_Final_Training_Data/IC/Insurance_Certificate_454_page_1.png,IC
5037,/New_Volume/trade-finance/final_delivery/classification_training/V2_Final_Training_Data/IC/Insurance_Certificate_310_page_0.png,IC
5038,/New_Volume/trade-finance/final_delivery/classification_training/V2_Final_Training_Data/IC/Insurance_Certificate_291_page_0.png,IC
5039,/New_Volume/trade-finance/final_delivery/classification_training/V2_Final_Training_Data/IC/Insurance_Certificate_366_page_3.png,IC
5040,/New_Volume/trade-finance/final_delivery/classification_training/V2_Final_Training_Data/IC/Insurance_Certificate_372_page_3.png,IC
5041,/New_Volume/trade-finance/final_delivery/classification_training/V2_Final_Training_Data/IC/Insurance_Certificate_339_page_3.png,IC
5042,/New_Volume/trade-finance/final_delivery/classification_training/V2_Final_Training_Data/IC/Insurance_Certificate_311_page_1.png,IC
5043,/New_Volume/trade-finance/final_delivery/classification_training/V2_Final_Training_Data/IC/Insurance_Certificate_347_page_1.png,IC
5044,/New_Volume/trade-finance/final_delivery/classification_training/V2_Final_Training_Data/IC/Insurance_Certificate_379_page_1.png,IC
5045,/New_Volume/trade-finance/final_delivery/classification_training/V2_Final_Training_Data/IC/Insurance_Certificate_394_page_0.png,IC
5046,/New_Volume/trade-finance/final_delivery/classification_training/V2_Final_Training_Data/IC/Insurance_Certificate_322_page_0.png,IC
5047,/New_Volume/trade-finance/final_delivery/classification_training/V2_Final_Training_Data/IC/Insurance_Certificate_433_page_4.png,IC
5048,/New_Volume/trade-finance/final_delivery/classification_training/V2_Final_Training_Data/IC/Insurance_Certificate_438_page_3.png,IC
5049,/New_Volume/trade-finance/final_delivery/classification_training/V2_Final_Training_Data/IC/Insurance_Certificate_441_page_0.png,IC
5050,/New_Volume/trade-finance/final_delivery/classification_training/V2_Final_Training_Data/IC/Insurance_Certificate_360_page_0.png,IC
5051,/New_Volume/trade-finance/final_delivery/classification_training/V2_Final_Training_Data/IC/Insurance_Certificate_263_page_5.png,IC
5052,/New_Volume/trade-finance/final_delivery/classification_training/V2_Final_Training_Data/IC/Insurance_Certificate_381_page_0.png,IC
5053,/New_Volume/trade-finance/final_delivery/classification_training/V2_Final_Training_Data/IC/Insurance_Certificate_284_page_16.png,IC
5054,/New_Volume/trade-finance/final_delivery/classification_training/V2_Final_Training_Data/IC/Insurance_Certificate_225_page_1.png,IC
5055,/New_Volume/trade-finance/final_delivery/classification_training/V2_Final_Training_Data/IC/Insurance_Certificate_284_page_32.png,IC
5056,/New_Volume/trade-finance/final_delivery/classification_training/V2_Final_Training_Data/IC/Insurance_Certificate_348_page_0.png,IC
5057,/New_Volume/trade-finance/final_delivery/classification_training/V2_Final_Training_Data/IC/Insurance_Certificate_422_page_1.png,IC
5058,/New_Volume/trade-finance/final_delivery/classification_training/V2_Final_Training_Data/IC/Insurance_Certificate_430_page_10.png,IC
5059,/New_Volume/trade-finance/final_delivery/classification_training/V2_Final_Training_Data/IC/Insurance_Certificate_368_page_1.png,IC
5060,/New_Volume/trade-finance/final_delivery/classification_training/V2_Final_Training_Data/IC/Insurance_Certificate_400_page_2.png,IC
5061,/New_Volume/trade-finance/final_delivery/classification_training/V2_Final_Training_Data/IC/Insurance_Certificate_238_page_0.png,IC
5062,/New_Volume/trade-finance/final_delivery/classification_training/V2_Final_Training_Data/IC/Insurance_Certificate_433_page_1.png,IC
5063,/New_Volume/trade-finance/final_delivery/classification_training/V2_Final_Training_Data/IC/Insurance_Certificate_380_page_0.png,IC
5064,/New_Volume/trade-finance/final_delivery/classification_training/V2_Final_Training_Data/IC/Insurance_Certificate_324_page_0.png,IC
5065,/New_Volume/trade-finance/final_delivery/classification_training/V2_Final_Training_Data/IC/Insurance_Certificate_242_page_0.png,IC
5066,/New_Volume/trade-finance/final_delivery/classification_training/V2_Final_Training_Data/IC/Insurance_Certificate_398_page_0.png,IC
5067,/New_Volume/trade-finance/final_delivery/classification_training/V2_Final_Training_Data/IC/Insurance_Certificate_439_page_0.png,IC
5068,/New_Volume/trade-finance/final_delivery/classification_training/V2_Final_Training_Data/IC/Insurance_Certificate_368_page_0.png,IC
5069,/New_Volume/trade-finance/final_delivery/classification_training/V2_Final_Training_Data/IC/Insurance_Certificate_395_page_4.png,IC
5070,/New_Volume/trade-finance/final_delivery/classification_training/V2_Final_Training_Data/IC/Insurance_Certificate_351_page_0.png,IC
5071,/New_Volume/trade-finance/final_delivery/classification_training/V2_Final_Training_Data/IC/Insurance_Certificate_336_page_6.png,IC
5072,/New_Volume/trade-finance/final_delivery/classification_training/V2_Final_Training_Data/IC/Insurance_Certificate_376_page_0.png,IC
5073,/New_Volume/trade-finance/final_delivery/classification_training/V2_Final_Training_Data/IC/Insurance_Certificate_253_page_0.png,IC
5074,/New_Volume/trade-finance/final_delivery/classification_training/V2_Final_Training_Data/IC/Insurance_Certificate_333_page_0.png,IC
5075,/New_Volume/trade-finance/final_delivery/classification_training/V2_Final_Training_Data/IC/Insurance_Certificate_283_page_0.png,IC
5076,/New_Volume/trade-finance/final_delivery/classification_training/V2_Final_Training_Data/IC/Insurance_Certificate_286_page_1.png,IC
5077,/New_Volume/trade-finance/final_delivery/classification_training/V2_Final_Training_Data/IC/Insurance_Certificate_338_page_2.png,IC
5078,/New_Volume/trade-finance/final_delivery/classification_training/V2_Final_Training_Data/IC/Insurance_Certificate_395_page_3.png,IC
5079,/New_Volume/trade-finance/final_delivery/classification_training/V2_Final_Training_Data/IC/Insurance_Certificate_421_page_0.png,IC
5080,/New_Volume/trade-finance/final_delivery/classification_training/V2_Final_Training_Data/IC/Insurance_Certificate_273_page_4.png,IC
5081,/New_Volume/trade-finance/final_delivery/classification_training/V2_Final_Training_Data/IC/Insurance_Certificate_396_page_1.png,IC
5082,/New_Volume/trade-finance/final_delivery/classification_training/V2_Final_Training_Data/IC/Insurance_Certificate_380_page_6.png,IC
5083,/New_Volume/trade-finance/final_delivery/classification_training/V2_Final_Training_Data/IC/Insurance_Certificate_284_page_27.png,IC
5084,/New_Volume/trade-finance/final_delivery/classification_training/V2_Final_Training_Data/IC/Insurance_Certificate_332_page_0.png,IC
5085,/New_Volume/trade-finance/final_delivery/classification_training/V2_Final_Training_Data/IC/Insurance_Certificate_311_page_4.png,IC
5086,/New_Volume/trade-finance/final_delivery/classification_training/V2_Final_Training_Data/IC/Insurance_Certificate_263_page_8.png,IC
5087,/New_Volume/trade-finance/final_delivery/classification_training/V2_Final_Training_Data/IC/Insurance_Certificate_403_page_0.png,IC
5088,/New_Volume/trade-finance/final_delivery/classification_training/V2_Final_Training_Data/IC/Insurance_Certificate_432_page_0.png,IC
5089,/New_Volume/trade-finance/final_delivery/classification_training/V2_Final_Training_Data/IC/Insurance_Certificate_346_page_1.png,IC
5090,/New_Volume/trade-finance/final_delivery/classification_training/V2_Final_Training_Data/IC/Insurance_Certificate_387_page_0.png,IC
5091,/New_Volume/trade-finance/final_delivery/classification_training/V2_Final_Training_Data/IC/Insurance_Certificate_420_page_0.png,IC
5092,/New_Volume/trade-finance/final_delivery/classification_training/V2_Final_Training_Data/IC/Insurance_Certificate_246_page_3.png,IC
5093,/New_Volume/trade-finance/final_delivery/classification_training/V2_Final_Training_Data/IC/Insurance_Certificate_331_page_0.png,IC
5094,/New_Volume/trade-finance/final_delivery/classification_training/V2_Final_Training_Data/IC/Insurance_Certificate_289_page_0.png,IC
5095,/New_Volume/trade-finance/final_delivery/classification_training/V2_Final_Training_Data/IC/Insurance_Certificate_228_page_0.png,IC
5096,/New_Volume/trade-finance/final_delivery/classification_training/V2_Final_Training_Data/IC/Insurance_Certificate_277_page_0.png,IC
5097,/New_Volume/trade-finance/final_delivery/classification_training/V2_Final_Training_Data/IC/Insurance_Certificate_447_page_0.png,IC
5098,/New_Volume/trade-finance/final_delivery/classification_training/V2_Final_Training_Data/IC/Insurance_Certificate_300_page_1.png,IC
5099,/New_Volume/trade-finance/final_delivery/classification_training/V2_Final_Training_Data/IC/Insurance_Certificate_296_page_1.png,IC
5100,/New_Volume/trade-finance/final_delivery/classification_training/V2_Final_Training_Data/IC/Insurance_Certificate_288_page_0.png,IC
5101,/New_Volume/trade-finance/final_delivery/classification_training/V2_Final_Training_Data/IC/Insurance_Certificate_341_page_1.png,IC
5102,/New_Volume/trade-finance/final_delivery/classification_training/V2_Final_Training_Data/IC/Insurance_Certificate_402_page_0.png,IC
5103,/New_Volume/trade-finance/final_delivery/classification_training/V2_Final_Training_Data/IC/Insurance_Certificate_284_page_29.png,IC
5104,/New_Volume/trade-finance/final_delivery/classification_training/V2_Final_Training_Data/IC/Insurance_Certificate_306_page_2.png,IC
5105,/New_Volume/trade-finance/final_delivery/classification_training/V2_Final_Training_Data/IC/Insurance_Certificate_304_page_0.png,IC
5106,/New_Volume/trade-finance/final_delivery/classification_training/V2_Final_Training_Data/IC/Insurance_Certificate_261_page_4.png,IC
5107,/New_Volume/trade-finance/final_delivery/classification_training/V2_Final_Training_Data/IC/Insurance_Certificate_267_page_2.png,IC
5108,/New_Volume/trade-finance/final_delivery/classification_training/V2_Final_Training_Data/IC/Insurance_Certificate_424_page_3.png,IC
5109,/New_Volume/trade-finance/final_delivery/classification_training/V2_Final_Training_Data/IC/Insurance_Certificate_365_page_12.png,IC
5110,/New_Volume/trade-finance/final_delivery/classification_training/V2_Final_Training_Data/IC/Insurance_Certificate_255_page_0.png,IC
5111,/New_Volume/trade-finance/final_delivery/classification_training/V2_Final_Training_Data/IC/Insurance_Certificate_361_page_0.png,IC
5112,/New_Volume/trade-finance/final_delivery/classification_training/V2_Final_Training_Data/IC/Insurance_Certificate_273_page_2.png,IC
5113,/New_Volume/trade-finance/final_delivery/classification_training/V2_Final_Training_Data/IC/Insurance_Certificate_390_page_0.png,IC
5114,/New_Volume/trade-finance/final_delivery/classification_training/V2_Final_Training_Data/IC/Insurance_Certificate_299_page_1.png,IC
5115,/New_Volume/trade-finance/final_delivery/classification_training/V2_Final_Training_Data/IC/Insurance_Certificate_347_page_0.png,IC
5116,/New_Volume/trade-finance/final_delivery/classification_training/V2_Final_Training_Data/IC/Insurance_Certificate_430_page_6.png,IC
5117,/New_Volume/trade-finance/final_delivery/classification_training/V2_Final_Training_Data/IC/Insurance_Certificate_352_page_0.png,IC
5118,/New_Volume/trade-finance/final_delivery/classification_training/V2_Final_Training_Data/IC/Insurance_Certificate_312_page_0.png,IC
5119,/New_Volume/trade-finance/final_delivery/classification_training/V2_Final_Training_Data/IC/Insurance_Certificate_417_page_2.png,IC
5120,/New_Volume/trade-finance/final_delivery/classification_training/V2_Final_Training_Data/IC/Insurance_Certificate_328_page_0.png,IC
5121,/New_Volume/trade-finance/final_delivery/classification_training/V2_Final_Training_Data/IC/Insurance_Certificate_434_page_0.png,IC
5122,/New_Volume/trade-finance/final_delivery/classification_training/V2_Final_Training_Data/IC/Insurance_Certificate_328_page_1.png,IC
5123,/New_Volume/trade-finance/final_delivery/classification_training/V2_Final_Training_Data/IC/Insurance_Certificate_329_page_0.png,IC
5124,/New_Volume/trade-finance/final_delivery/classification_training/V2_Final_Training_Data/IC/Insurance_Certificate_433_page_3.png,IC
5125,/New_Volume/trade-finance/final_delivery/classification_training/V2_Final_Training_Data/IC/Insurance_Certificate_424_page_4.png,IC
5126,/New_Volume/trade-finance/final_delivery/classification_training/V2_Final_Training_Data/IC/Insurance_Certificate_282_page_0.png,IC
5127,/New_Volume/trade-finance/final_delivery/classification_training/V2_Final_Training_Data/IC/Insurance_Certificate_384_page_2.png,IC
5128,/New_Volume/trade-finance/final_delivery/classification_training/V2_Final_Training_Data/IC/Insurance_Certificate_407_page_0.png,IC
5129,/New_Volume/trade-finance/final_delivery/classification_training/V2_Final_Training_Data/IC/Insurance_Certificate_314_page_0.png,IC
5130,/New_Volume/trade-finance/final_delivery/classification_training/V2_Final_Training_Data/IC/Insurance_Certificate_420_page_2.png,IC
5131,/New_Volume/trade-finance/final_delivery/classification_training/V2_Final_Training_Data/IC/Insurance_Certificate_290_page_0.png,IC
5132,/New_Volume/trade-finance/final_delivery/classification_training/V2_Final_Training_Data/IC/Insurance_Certificate_284_page_9.png,IC
5133,/New_Volume/trade-finance/final_delivery/classification_training/V2_Final_Training_Data/IC/Insurance_Certificate_309_page_0.png,IC
5134,/New_Volume/trade-finance/final_delivery/classification_training/V2_Final_Training_Data/IC/Insurance_Certificate_380_page_2.png,IC
5135,/New_Volume/trade-finance/final_delivery/classification_training/V2_Final_Training_Data/IC/Insurance_Certificate_259_page_0.png,IC
5136,/New_Volume/trade-finance/final_delivery/classification_training/V2_Final_Training_Data/IC/Insurance_Certificate_339_page_0.png,IC
5137,/New_Volume/trade-finance/final_delivery/classification_training/V2_Final_Training_Data/IC/Insurance_Certificate_365_page_11.png,IC
5138,/New_Volume/trade-finance/final_delivery/classification_training/V2_Final_Training_Data/IC/Insurance_Certificate_410_page_1.png,IC
5139,/New_Volume/trade-finance/final_delivery/classification_training/V2_Final_Training_Data/IC/Insurance_Certificate_342_page_0.png,IC
5140,/New_Volume/trade-finance/final_delivery/classification_training/V2_Final_Training_Data/IC/Insurance_Certificate_390_page_1.png,IC
5141,/New_Volume/trade-finance/final_delivery/classification_training/V2_Final_Training_Data/IC/Insurance_Certificate_360_page_1.png,IC
5142,/New_Volume/trade-finance/final_delivery/classification_training/V2_Final_Training_Data/IC/Insurance_Certificate_246_page_8.png,IC
5143,/New_Volume/trade-finance/final_delivery/classification_training/V2_Final_Training_Data/IC/Insurance_Certificate_294_page_0.png,IC
5144,/New_Volume/trade-finance/final_delivery/classification_training/V2_Final_Training_Data/IC/Insurance_Certificate_408_page_1.png,IC
5145,/New_Volume/trade-finance/final_delivery/classification_training/V2_Final_Training_Data/IC/Insurance_Certificate_353_page_1.png,IC
5146,/New_Volume/trade-finance/final_delivery/classification_training/V2_Final_Training_Data/IC/Insurance_Certificate_454_page_0.png,IC
5147,/New_Volume/trade-finance/final_delivery/classification_training/V2_Final_Training_Data/IC/Insurance_Certificate_262_page_0.png,IC
5148,/New_Volume/trade-finance/final_delivery/classification_training/V2_Final_Training_Data/IC/Insurance_Certificate_311_page_6.png,IC
5149,/New_Volume/trade-finance/final_delivery/classification_training/V2_Final_Training_Data/IC/Insurance_Certificate_342_page_2.png,IC
5150,/New_Volume/trade-finance/final_delivery/classification_training/V2_Final_Training_Data/IC/Insurance_Certificate_284_page_21.png,IC
5151,/New_Volume/trade-finance/final_delivery/classification_training/V2_Final_Training_Data/IC/Insurance_Certificate_369_page_2.png,IC
5152,/New_Volume/trade-finance/final_delivery/classification_training/V2_Final_Training_Data/IC/Insurance_Certificate_335_page_0.png,IC
5153,/New_Volume/trade-finance/final_delivery/classification_training/V2_Final_Training_Data/IC/Insurance_Certificate_318_page_0.png,IC
5154,/New_Volume/trade-finance/final_delivery/classification_training/V2_Final_Training_Data/IC/Insurance_Certificate_451_page_0.png,IC
5155,/New_Volume/trade-finance/final_delivery/classification_training/V2_Final_Training_Data/IC/Insurance_Certificate_284_page_30.png,IC
5156,/New_Volume/trade-finance/final_delivery/classification_training/V2_Final_Training_Data/IC/Insurance_Certificate_373_page_3.png,IC
5157,/New_Volume/trade-finance/final_delivery/classification_training/V2_Final_Training_Data/IC/Insurance_Certificate_415_page_3.png,IC
5158,/New_Volume/trade-finance/final_delivery/classification_training/V2_Final_Training_Data/IC/Insurance_Certificate_349_page_0.png,IC
5159,/New_Volume/trade-finance/final_delivery/classification_training/V2_Final_Training_Data/IC/Insurance_Certificate_374_page_0.png,IC
5160,/New_Volume/trade-finance/final_delivery/classification_training/V2_Final_Training_Data/IC/Insurance_Certificate_306_page_4.png,IC
5161,/New_Volume/trade-finance/final_delivery/classification_training/V2_Final_Training_Data/IC/Insurance_Certificate_365_page_0.png,IC
5162,/New_Volume/trade-finance/final_delivery/classification_training/V2_Final_Training_Data/IC/Insurance_Certificate_339_page_2.png,IC
5163,/New_Volume/trade-finance/final_delivery/classification_training/V2_Final_Training_Data/IC/Insurance_Certificate_262_page_1.png,IC
5164,/New_Volume/trade-finance/final_delivery/classification_training/V2_Final_Training_Data/IC/Insurance_Certificate_284_page_2.png,IC
5165,/New_Volume/trade-finance/final_delivery/classification_training/V2_Final_Training_Data/IC/Insurance_Certificate_313_page_0.png,IC
5166,/New_Volume/trade-finance/final_delivery/classification_training/V2_Final_Training_Data/IC/Insurance_Certificate_379_page_2.png,IC
5167,/New_Volume/trade-finance/final_delivery/classification_training/V2_Final_Training_Data/IC/Insurance_Certificate_239_page_0.png,IC
5168,/New_Volume/trade-finance/final_delivery/classification_training/V2_Final_Training_Data/IC/Insurance_Certificate_234_page_1.png,IC
5169,/New_Volume/trade-finance/final_delivery/classification_training/V2_Final_Training_Data/IC/Insurance_Certificate_258_page_0.png,IC
5170,/New_Volume/trade-finance/final_delivery/classification_training/V2_Final_Training_Data/IC/Insurance_Certificate_284_page_13.png,IC
5171,/New_Volume/trade-finance/final_delivery/classification_training/V2_Final_Training_Data/IC/Insurance_Certificate_370_page_0.png,IC
5172,/New_Volume/trade-finance/final_delivery/classification_training/V2_Final_Training_Data/IC/Insurance_Certificate_284_page_0.png,IC
5173,/New_Volume/trade-finance/final_delivery/classification_training/V2_Final_Training_Data/IC/Insurance_Certificate_292_page_1.png,IC
5174,/New_Volume/trade-finance/final_delivery/classification_training/V2_Final_Training_Data/IC/Insurance_Certificate_311_page_2.png,IC
5175,/New_Volume/trade-finance/final_delivery/classification_training/V2_Final_Training_Data/IC/Insurance_Certificate_429_page_1.png,IC
5176,/New_Volume/trade-finance/final_delivery/classification_training/V2_Final_Training_Data/IC/Insurance_Certificate_391_page_10.png,IC
5177,/New_Volume/trade-finance/final_delivery/classification_training/V2_Final_Training_Data/IC/Insurance_Certificate_384_page_3.png,IC
5178,/New_Volume/trade-finance/final_delivery/classification_training/V2_Final_Training_Data/IC/Insurance_Certificate_358_page_0.png,IC
5179,/New_Volume/trade-finance/final_delivery/classification_training/V2_Final_Training_Data/IC/Insurance_Certificate_223_page_3.png,IC
5180,/New_Volume/trade-finance/final_delivery/classification_training/V2_Final_Training_Data/IC/Insurance_Certificate_391_page_6.png,IC
5181,/New_Volume/trade-finance/final_delivery/classification_training/V2_Final_Training_Data/IC/Insurance_Certificate_276_page_2.png,IC
5182,/New_Volume/trade-finance/final_delivery/classification_training/V2_Final_Training_Data/IC/Insurance_Certificate_410_page_0.png,IC
5183,/New_Volume/trade-finance/final_delivery/classification_training/V2_Final_Training_Data/IC/Insurance_Certificate_263_page_9.png,IC
5184,/New_Volume/trade-finance/final_delivery/classification_training/V2_Final_Training_Data/IC/Insurance_Certificate_405_page_0.png,IC
5185,/New_Volume/trade-finance/final_delivery/classification_training/V2_Final_Training_Data/IC/Insurance_Certificate_416_page_0.png,IC
5186,/New_Volume/trade-finance/final_delivery/classification_training/V2_Final_Training_Data/IC/Insurance_Certificate_438_page_2.png,IC
5187,/New_Volume/trade-finance/final_delivery/classification_training/V2_Final_Training_Data/IC/Insurance_Certificate_328_page_2.png,IC
5188,/New_Volume/trade-finance/final_delivery/classification_training/V2_Final_Training_Data/IC/Insurance_Certificate_323_page_2.png,IC
5189,/New_Volume/trade-finance/final_delivery/classification_training/V2_Final_Training_Data/IC/Insurance_Certificate_441_page_7.png,IC
5190,/New_Volume/trade-finance/final_delivery/classification_training/V2_Final_Training_Data/IC/Insurance_Certificate_223_page_5.png,IC
5191,/New_Volume/trade-finance/final_delivery/classification_training/V2_Final_Training_Data/IC/Insurance_Certificate_393_page_4.png,IC
5192,/New_Volume/trade-finance/final_delivery/classification_training/V2_Final_Training_Data/IC/Insurance_Certificate_380_page_3.png,IC
5193,/New_Volume/trade-finance/final_delivery/classification_training/V2_Final_Training_Data/IC/Insurance_Certificate_385_page_3.png,IC
5194,/New_Volume/trade-finance/final_delivery/classification_training/V2_Final_Training_Data/IC/Insurance_Certificate_442_page_2.png,IC
5195,/New_Volume/trade-finance/final_delivery/classification_training/V2_Final_Training_Data/IC/Insurance_Certificate_366_page_0.png,IC
5196,/New_Volume/trade-finance/final_delivery/classification_training/V2_Final_Training_Data/IC/Insurance_Certificate_335_page_3.png,IC
5197,/New_Volume/trade-finance/final_delivery/classification_training/V2_Final_Training_Data/IC/Insurance_Certificate_380_page_10.png,IC
5198,/New_Volume/trade-finance/final_delivery/classification_training/V2_Final_Training_Data/IC/Insurance_Certificate_379_page_0.png,IC
5199,/New_Volume/trade-finance/final_delivery/classification_training/V2_Final_Training_Data/IC/Insurance_Certificate_424_page_0.png,IC
5200,/New_Volume/trade-finance/final_delivery/classification_training/V2_Final_Training_Data/IC/Insurance_Certificate_395_page_11.png,IC
5201,/New_Volume/trade-finance/final_delivery/classification_training/V2_Final_Training_Data/IC/Insurance_Certificate_284_page_23.png,IC
5202,/New_Volume/trade-finance/final_delivery/classification_training/V2_Final_Training_Data/IC/Insurance_Certificate_329_page_2.png,IC
5203,/New_Volume/trade-finance/final_delivery/classification_training/V2_Final_Training_Data/IC/Insurance_Certificate_391_page_4.png,IC
5204,/New_Volume/trade-finance/final_delivery/classification_training/V2_Final_Training_Data/IC/Insurance_Certificate_303_page_0.png,IC
5205,/New_Volume/trade-finance/final_delivery/classification_training/V2_Final_Training_Data/IC/Insurance_Certificate_246_page_6.png,IC
5206,/New_Volume/trade-finance/final_delivery/classification_training/V2_Final_Training_Data/IC/Insurance_Certificate_380_page_9.png,IC
5207,/New_Volume/trade-finance/final_delivery/classification_training/V2_Final_Training_Data/IC/Insurance_Certificate_336_page_3.png,IC
5208,/New_Volume/trade-finance/final_delivery/classification_training/V2_Final_Training_Data/IC/Insurance_Certificate_250_page_0.png,IC
5209,/New_Volume/trade-finance/final_delivery/classification_training/V2_Final_Training_Data/IC/Insurance_Certificate_335_page_4.png,IC
5210,/New_Volume/trade-finance/final_delivery/classification_training/V2_Final_Training_Data/IC/Insurance_Certificate_366_page_1.png,IC
5211,/New_Volume/trade-finance/final_delivery/classification_training/V2_Final_Training_Data/IC/Insurance_Certificate_446_page_0.png,IC
5212,/New_Volume/trade-finance/final_delivery/classification_training/V2_Final_Training_Data/IC/Insurance_Certificate_365_page_10.png,IC
5213,/New_Volume/trade-finance/final_delivery/classification_training/V2_Final_Training_Data/IC/Insurance_Certificate_261_page_1.png,IC
5214,/New_Volume/trade-finance/final_delivery/classification_training/V2_Final_Training_Data/IC/Insurance_Certificate_263_page_3.png,IC
5215,/New_Volume/trade-finance/final_delivery/classification_training/V2_Final_Training_Data/IC/Insurance_Certificate_323_page_0.png,IC
5216,/New_Volume/trade-finance/final_delivery/classification_training/V2_Final_Training_Data/IC/Insurance_Certificate_263_page_2.png,IC
5217,/New_Volume/trade-finance/final_delivery/classification_training/V2_Final_Training_Data/IC/Insurance_Certificate_395_page_7.png,IC
5218,/New_Volume/trade-finance/final_delivery/classification_training/V2_Final_Training_Data/IC/Insurance_Certificate_284_page_11.png,IC
5219,/New_Volume/trade-finance/final_delivery/classification_training/V2_Final_Training_Data/IC/Insurance_Certificate_268_page_1.png,IC
5220,/New_Volume/trade-finance/final_delivery/classification_training/V2_Final_Training_Data/IC/Insurance_Certificate_356_page_0.png,IC
5221,/New_Volume/trade-finance/final_delivery/classification_training/V2_Final_Training_Data/IC/Insurance_Certificate_296_page_0.png,IC
5222,/New_Volume/trade-finance/final_delivery/classification_training/V2_Final_Training_Data/IC/Insurance_Certificate_433_page_0.png,IC
5223,/New_Volume/trade-finance/final_delivery/classification_training/V2_Final_Training_Data/IC/Insurance_Certificate_276_page_0.png,IC
5224,/New_Volume/trade-finance/final_delivery/classification_training/V2_Final_Training_Data/IC/Insurance_Certificate_341_page_2.png,IC
5225,/New_Volume/trade-finance/final_delivery/classification_training/V2_Final_Training_Data/IC/Insurance_Certificate_409_page_0.png,IC
5226,/New_Volume/trade-finance/final_delivery/classification_training/V2_Final_Training_Data/IC/Insurance_Certificate_261_page_2.png,IC
5227,/New_Volume/trade-finance/final_delivery/classification_training/V2_Final_Training_Data/IC/Insurance_Certificate_365_page_2.png,IC
5228,/New_Volume/trade-finance/final_delivery/classification_training/V2_Final_Training_Data/IC/Insurance_Certificate_428_page_8.png,IC
5229,/New_Volume/trade-finance/final_delivery/classification_training/V2_Final_Training_Data/IC/Insurance_Certificate_300_page_0.png,IC
5230,/New_Volume/trade-finance/final_delivery/classification_training/V2_Final_Training_Data/IC/Insurance_Certificate_365_page_3.png,IC
5231,/New_Volume/trade-finance/final_delivery/classification_training/V2_Final_Training_Data/IC/Insurance_Certificate_363_page_0.png,IC
5232,/New_Volume/trade-finance/final_delivery/classification_training/V2_Final_Training_Data/IC/Insurance_Certificate_246_page_1.png,IC
5233,/New_Volume/trade-finance/final_delivery/classification_training/V2_Final_Training_Data/IC/Insurance_Certificate_380_page_8.png,IC
5234,/New_Volume/trade-finance/final_delivery/classification_training/V2_Final_Training_Data/IC/Insurance_Certificate_317_page_0.png,IC
5235,/New_Volume/trade-finance/final_delivery/classification_training/V2_Final_Training_Data/IC/Insurance_Certificate_380_page_1.png,IC
5236,/New_Volume/trade-finance/final_delivery/classification_training/V2_Final_Training_Data/IC/Insurance_Certificate_353_page_0.png,IC
5237,/New_Volume/trade-finance/final_delivery/classification_training/V2_Final_Training_Data/IC/Insurance_Certificate_284_page_28.png,IC
5238,/New_Volume/trade-finance/final_delivery/classification_training/V2_Final_Training_Data/IC/Insurance_Certificate_404_page_0.png,IC
5239,/New_Volume/trade-finance/final_delivery/classification_training/V2_Final_Training_Data/PL/Packing_List_290_page_0.png,PL
5240,/New_Volume/trade-finance/final_delivery/classification_training/V2_Final_Training_Data/PL/Packing_List_280_page_0.png,PL
5241,/New_Volume/trade-finance/final_delivery/classification_training/V2_Final_Training_Data/PL/Packing_List_364_page_1.png,PL
5242,/New_Volume/trade-finance/final_delivery/classification_training/V2_Final_Training_Data/PL/Packing_List_213_page_0.png,PL
5243,/New_Volume/trade-finance/final_delivery/classification_training/V2_Final_Training_Data/PL/Packing_List_281_page_14.png,PL
5244,/New_Volume/trade-finance/final_delivery/classification_training/V2_Final_Training_Data/PL/Packing_List_230_page_17.png,PL
5245,/New_Volume/trade-finance/final_delivery/classification_training/V2_Final_Training_Data/PL/Packing_List_429_page_0.png,PL
5246,/New_Volume/trade-finance/final_delivery/classification_training/V2_Final_Training_Data/PL/Packing_List_233_page_0.png,PL
5247,/New_Volume/trade-finance/final_delivery/classification_training/V2_Final_Training_Data/PL/Packing_List_242_page_0.png,PL
5248,/New_Volume/trade-finance/final_delivery/classification_training/V2_Final_Training_Data/PL/Packing_List_392_page_97.png,PL
5249,/New_Volume/trade-finance/final_delivery/classification_training/V2_Final_Training_Data/PL/Packing_List_313_page_9.png,PL
5250,/New_Volume/trade-finance/final_delivery/classification_training/V2_Final_Training_Data/PL/Packing_List_271_page_2.png,PL
5251,/New_Volume/trade-finance/final_delivery/classification_training/V2_Final_Training_Data/PL/Packing_List_403_page_1.png,PL
5252,/New_Volume/trade-finance/final_delivery/classification_training/V2_Final_Training_Data/PL/Packing_List_281_page_1.png,PL
5253,/New_Volume/trade-finance/final_delivery/classification_training/V2_Final_Training_Data/PL/Packing_List_348_page_0.png,PL
5254,/New_Volume/trade-finance/final_delivery/classification_training/V2_Final_Training_Data/PL/Packing_List_372_page_7.png,PL
5255,/New_Volume/trade-finance/final_delivery/classification_training/V2_Final_Training_Data/PL/Packing_List_281_page_7.png,PL
5256,/New_Volume/trade-finance/final_delivery/classification_training/V2_Final_Training_Data/PL/Packing_List_405_page_0.png,PL
5257,/New_Volume/trade-finance/final_delivery/classification_training/V2_Final_Training_Data/PL/Packing_List_400_page_3.png,PL
5258,/New_Volume/trade-finance/final_delivery/classification_training/V2_Final_Training_Data/PL/Packing_List_357_page_2.png,PL
5259,/New_Volume/trade-finance/final_delivery/classification_training/V2_Final_Training_Data/PL/Packing_List_350_page_3.png,PL
5260,/New_Volume/trade-finance/final_delivery/classification_training/V2_Final_Training_Data/PL/Packing_List_281_page_16.png,PL
5261,/New_Volume/trade-finance/final_delivery/classification_training/V2_Final_Training_Data/PL/Packing_List_307_page_0.png,PL
5262,/New_Volume/trade-finance/final_delivery/classification_training/V2_Final_Training_Data/PL/Packing_List_400_page_1.png,PL
5263,/New_Volume/trade-finance/final_delivery/classification_training/V2_Final_Training_Data/PL/Packing_List_324_page_0.png,PL
5264,/New_Volume/trade-finance/final_delivery/classification_training/V2_Final_Training_Data/PL/Packing_List_243_page_0.png,PL
5265,/New_Volume/trade-finance/final_delivery/classification_training/V2_Final_Training_Data/PL/Packing_List_305_page_7.png,PL
5266,/New_Volume/trade-finance/final_delivery/classification_training/V2_Final_Training_Data/PL/Packing_List_438_page_8.png,PL
5267,/New_Volume/trade-finance/final_delivery/classification_training/V2_Final_Training_Data/PL/Packing_List_267_page_0.png,PL
5268,/New_Volume/trade-finance/final_delivery/classification_training/V2_Final_Training_Data/PL/Packing_List_239_page_1.png,PL
5269,/New_Volume/trade-finance/final_delivery/classification_training/V2_Final_Training_Data/PL/Packing_List_314_page_26.png,PL
5270,/New_Volume/trade-finance/final_delivery/classification_training/V2_Final_Training_Data/PL/Packing_List_316_page_0.png,PL
5271,/New_Volume/trade-finance/final_delivery/classification_training/V2_Final_Training_Data/PL/Packing_List_236_page_0.png,PL
5272,/New_Volume/trade-finance/final_delivery/classification_training/V2_Final_Training_Data/PL/Packing_List_286_page_0.png,PL
5273,/New_Volume/trade-finance/final_delivery/classification_training/V2_Final_Training_Data/PL/Packing_List_438_page_0.png,PL
5274,/New_Volume/trade-finance/final_delivery/classification_training/V2_Final_Training_Data/PL/Packing_List_314_page_17.png,PL
5275,/New_Volume/trade-finance/final_delivery/classification_training/V2_Final_Training_Data/PL/Packing_List_311_page_0.png,PL
5276,/New_Volume/trade-finance/final_delivery/classification_training/V2_Final_Training_Data/PL/Packing_List_410_page_0.png,PL
5277,/New_Volume/trade-finance/final_delivery/classification_training/V2_Final_Training_Data/PL/Packing_List_390_page_1.png,PL
5278,/New_Volume/trade-finance/final_delivery/classification_training/V2_Final_Training_Data/PL/Packing_List_329_page_3.png,PL
5279,/New_Volume/trade-finance/final_delivery/classification_training/V2_Final_Training_Data/PL/Packing_List_314_page_1.png,PL
5280,/New_Volume/trade-finance/final_delivery/classification_training/V2_Final_Training_Data/PL/Packing_List_318_page_0.png,PL
5281,/New_Volume/trade-finance/final_delivery/classification_training/V2_Final_Training_Data/PL/Packing_List_220_page_0.png,PL
5282,/New_Volume/trade-finance/final_delivery/classification_training/V2_Final_Training_Data/PL/Packing_List_287_page_0.png,PL
5283,/New_Volume/trade-finance/final_delivery/classification_training/V2_Final_Training_Data/PL/Packing_List_400_page_8.png,PL
5284,/New_Volume/trade-finance/final_delivery/classification_training/V2_Final_Training_Data/PL/Packing_List_304_page_3.png,PL
5285,/New_Volume/trade-finance/final_delivery/classification_training/V2_Final_Training_Data/PL/Packing_List_393_page_1.png,PL
5286,/New_Volume/trade-finance/final_delivery/classification_training/V2_Final_Training_Data/PL/Packing_List_281_page_8.png,PL
5287,/New_Volume/trade-finance/final_delivery/classification_training/V2_Final_Training_Data/PL/Packing_List_379_page_26.png,PL
5288,/New_Volume/trade-finance/final_delivery/classification_training/V2_Final_Training_Data/PL/Packing_List_281_page_21.png,PL
5289,/New_Volume/trade-finance/final_delivery/classification_training/V2_Final_Training_Data/PL/Packing_List_314_page_3.png,PL
5290,/New_Volume/trade-finance/final_delivery/classification_training/V2_Final_Training_Data/PL/Packing_List_367_page_0.png,PL
5291,/New_Volume/trade-finance/final_delivery/classification_training/V2_Final_Training_Data/PL/Packing_List_390_page_0.png,PL
5292,/New_Volume/trade-finance/final_delivery/classification_training/V2_Final_Training_Data/PL/Packing_List_350_page_0.png,PL
5293,/New_Volume/trade-finance/final_delivery/classification_training/V2_Final_Training_Data/PL/Packing_List_383_page_0.png,PL
5294,/New_Volume/trade-finance/final_delivery/classification_training/V2_Final_Training_Data/PL/Packing_List_249_page_0.png,PL
5295,/New_Volume/trade-finance/final_delivery/classification_training/V2_Final_Training_Data/PL/Packing_List_396_page_1.png,PL
5296,/New_Volume/trade-finance/final_delivery/classification_training/V2_Final_Training_Data/PL/Packing_List_233_page_1.png,PL
5297,/New_Volume/trade-finance/final_delivery/classification_training/V2_Final_Training_Data/PL/Packing_List_388_page_0.png,PL
5298,/New_Volume/trade-finance/final_delivery/classification_training/V2_Final_Training_Data/PL/Packing_List_321_page_2.png,PL
5299,/New_Volume/trade-finance/final_delivery/classification_training/V2_Final_Training_Data/PL/Packing_List_403_page_0.png,PL
5300,/New_Volume/trade-finance/final_delivery/classification_training/V2_Final_Training_Data/PL/Packing_List_378_page_6.png,PL
5301,/New_Volume/trade-finance/final_delivery/classification_training/V2_Final_Training_Data/PL/Packing_List_206_page_5.png,PL
5302,/New_Volume/trade-finance/final_delivery/classification_training/V2_Final_Training_Data/PL/Packing_List_284_page_2.png,PL
5303,/New_Volume/trade-finance/final_delivery/classification_training/V2_Final_Training_Data/PL/Packing_List_396_page_0.png,PL
5304,/New_Volume/trade-finance/final_delivery/classification_training/V2_Final_Training_Data/PL/Packing_List_402_page_2.png,PL
5305,/New_Volume/trade-finance/final_delivery/classification_training/V2_Final_Training_Data/PL/Packing_List_408_page_0.png,PL
5306,/New_Volume/trade-finance/final_delivery/classification_training/V2_Final_Training_Data/PL/Packing_List_294_page_1.png,PL
5307,/New_Volume/trade-finance/final_delivery/classification_training/V2_Final_Training_Data/PL/Packing_List_281_page_20.png,PL
5308,/New_Volume/trade-finance/final_delivery/classification_training/V2_Final_Training_Data/PL/Packing_List_349_page_1.png,PL
5309,/New_Volume/trade-finance/final_delivery/classification_training/V2_Final_Training_Data/PL/Packing_List_360_page_0.png,PL
5310,/New_Volume/trade-finance/final_delivery/classification_training/V2_Final_Training_Data/PL/Packing_List_406_page_0.png,PL
5311,/New_Volume/trade-finance/final_delivery/classification_training/V2_Final_Training_Data/PL/Packing_List_349_page_0.png,PL
5312,/New_Volume/trade-finance/final_delivery/classification_training/V2_Final_Training_Data/PL/Packing_List_341_page_0.png,PL
5313,/New_Volume/trade-finance/final_delivery/classification_training/V2_Final_Training_Data/PL/Packing_List_404_page_0.png,PL
5314,/New_Volume/trade-finance/final_delivery/classification_training/V2_Final_Training_Data/PL/Packing_List_395_page_2.png,PL
5315,/New_Volume/trade-finance/final_delivery/classification_training/V2_Final_Training_Data/PL/Packing_List_292_page_0.png,PL
5316,/New_Volume/trade-finance/final_delivery/classification_training/V2_Final_Training_Data/PL/Packing_List_261_page_2.png,PL
5317,/New_Volume/trade-finance/final_delivery/classification_training/V2_Final_Training_Data/PL/Packing_List_329_page_1.png,PL
5318,/New_Volume/trade-finance/final_delivery/classification_training/V2_Final_Training_Data/PL/Packing_List_285_page_0.png,PL
5319,/New_Volume/trade-finance/final_delivery/classification_training/V2_Final_Training_Data/PL/Packing_List_314_page_11.png,PL
5320,/New_Volume/trade-finance/final_delivery/classification_training/V2_Final_Training_Data/PL/Packing_List_355_page_0.png,PL
5321,/New_Volume/trade-finance/final_delivery/classification_training/V2_Final_Training_Data/PL/Packing_List_375_page_0.png,PL
5322,/New_Volume/trade-finance/final_delivery/classification_training/V2_Final_Training_Data/PL/Packing_List_319_page_0.png,PL
5323,/New_Volume/trade-finance/final_delivery/classification_training/V2_Final_Training_Data/PL/Packing_List_398_page_0.png,PL
5324,/New_Volume/trade-finance/final_delivery/classification_training/V2_Final_Training_Data/PL/Packing_List_331_page_0.png,PL
5325,/New_Volume/trade-finance/final_delivery/classification_training/V2_Final_Training_Data/PL/Packing_List_342_page_0.png,PL
5326,/New_Volume/trade-finance/final_delivery/classification_training/V2_Final_Training_Data/PL/Packing_List_281_page_11.png,PL
5327,/New_Volume/trade-finance/final_delivery/classification_training/V2_Final_Training_Data/PL/Packing_List_281_page_22.png,PL
5328,/New_Volume/trade-finance/final_delivery/classification_training/V2_Final_Training_Data/PL/Packing_List_254_page_3.png,PL
5329,/New_Volume/trade-finance/final_delivery/classification_training/V2_Final_Training_Data/PL/Packing_List_399_page_2.png,PL
5330,/New_Volume/trade-finance/final_delivery/classification_training/V2_Final_Training_Data/PL/Packing_List_257_page_0.png,PL
5331,/New_Volume/trade-finance/final_delivery/classification_training/V2_Final_Training_Data/PL/Packing_List_304_page_2.png,PL
5332,/New_Volume/trade-finance/final_delivery/classification_training/V2_Final_Training_Data/PL/Packing_List_292_page_4.png,PL
5333,/New_Volume/trade-finance/final_delivery/classification_training/V2_Final_Training_Data/PL/Packing_List_281_page_5.png,PL
5334,/New_Volume/trade-finance/final_delivery/classification_training/V2_Final_Training_Data/PL/Packing_List_268_page_0.png,PL
5335,/New_Volume/trade-finance/final_delivery/classification_training/V2_Final_Training_Data/PL/Packing_List_408_page_2.png,PL
5336,/New_Volume/trade-finance/final_delivery/classification_training/V2_Final_Training_Data/PL/Packing_List_387_page_0.png,PL
5337,/New_Volume/trade-finance/final_delivery/classification_training/V2_Final_Training_Data/PL/Packing_List_304_page_1.png,PL
5338,/New_Volume/trade-finance/final_delivery/classification_training/V2_Final_Training_Data/PL/Packing_List_255_page_0.png,PL
5339,/New_Volume/trade-finance/final_delivery/classification_training/V2_Final_Training_Data/PL/Packing_List_314_page_5.png,PL
5340,/New_Volume/trade-finance/final_delivery/classification_training/V2_Final_Training_Data/PL/Packing_List_369_page_0.png,PL
5341,/New_Volume/trade-finance/final_delivery/classification_training/V2_Final_Training_Data/PL/Packing_List_435_page_0.png,PL
5342,/New_Volume/trade-finance/final_delivery/classification_training/V2_Final_Training_Data/PL/Packing_List_261_page_1.png,PL
5343,/New_Volume/trade-finance/final_delivery/classification_training/V2_Final_Training_Data/PL/Packing_List_214_page_0.png,PL
5344,/New_Volume/trade-finance/final_delivery/classification_training/V2_Final_Training_Data/PL/Packing_List_302_page_0.png,PL
5345,/New_Volume/trade-finance/final_delivery/classification_training/V2_Final_Training_Data/PL/Packing_List_382_page_0.png,PL
5346,/New_Volume/trade-finance/final_delivery/classification_training/V2_Final_Training_Data/PL/Packing_List_208_page_0.png,PL
5347,/New_Volume/trade-finance/final_delivery/classification_training/V2_Final_Training_Data/PL/Packing_List_402_page_4.png,PL
5348,/New_Volume/trade-finance/final_delivery/classification_training/V2_Final_Training_Data/PL/Packing_List_282_page_0.png,PL
5349,/New_Volume/trade-finance/final_delivery/classification_training/V2_Final_Training_Data/PL/Packing_List_414_page_2.png,PL
5350,/New_Volume/trade-finance/final_delivery/classification_training/V2_Final_Training_Data/PL/Packing_List_399_page_0.png,PL
5351,/New_Volume/trade-finance/final_delivery/classification_training/V2_Final_Training_Data/PL/Packing_List_339_page_4.png,PL
5352,/New_Volume/trade-finance/final_delivery/classification_training/V2_Final_Training_Data/PL/Packing_List_218_page_6.png,PL
5353,/New_Volume/trade-finance/final_delivery/classification_training/V2_Final_Training_Data/PL/Packing_List_372_page_0.png,PL
5354,/New_Volume/trade-finance/final_delivery/classification_training/V2_Final_Training_Data/PL/Packing_List_390_page_4.png,PL
5355,/New_Volume/trade-finance/final_delivery/classification_training/V2_Final_Training_Data/PL/Packing_List_223_page_3.png,PL
5356,/New_Volume/trade-finance/final_delivery/classification_training/V2_Final_Training_Data/PL/Packing_List_314_page_13.png,PL
5357,/New_Volume/trade-finance/final_delivery/classification_training/V2_Final_Training_Data/PL/Packing_List_223_page_4.png,PL
5358,/New_Volume/trade-finance/final_delivery/classification_training/V2_Final_Training_Data/PL/Packing_List_334_page_3.png,PL
5359,/New_Volume/trade-finance/final_delivery/classification_training/V2_Final_Training_Data/PL/Packing_List_407_page_0.png,PL
5360,/New_Volume/trade-finance/final_delivery/classification_training/V2_Final_Training_Data/PL/Packing_List_392_page_99.png,PL
5361,/New_Volume/trade-finance/final_delivery/classification_training/V2_Final_Training_Data/PL/Packing_List_335_page_0.png,PL
5362,/New_Volume/trade-finance/final_delivery/classification_training/V2_Final_Training_Data/PL/Packing_List_244_page_3.png,PL
5363,/New_Volume/trade-finance/final_delivery/classification_training/V2_Final_Training_Data/PL/Packing_List_281_page_6.png,PL
5364,/New_Volume/trade-finance/final_delivery/classification_training/V2_Final_Training_Data/PL/Packing_List_364_page_2.png,PL
5365,/New_Volume/trade-finance/final_delivery/classification_training/V2_Final_Training_Data/PL/Packing_List_254_page_1.png,PL
5366,/New_Volume/trade-finance/final_delivery/classification_training/V2_Final_Training_Data/PL/Packing_List_394_page_0.png,PL
5367,/New_Volume/trade-finance/final_delivery/classification_training/V2_Final_Training_Data/PL/Packing_List_313_page_4.png,PL
5368,/New_Volume/trade-finance/final_delivery/classification_training/V2_Final_Training_Data/PL/Packing_List_409_page_0.png,PL
5369,/New_Volume/trade-finance/final_delivery/classification_training/V2_Final_Training_Data/PL/Packing_List_207_page_0.png,PL
5370,/New_Volume/trade-finance/final_delivery/classification_training/V2_Final_Training_Data/PL/Packing_List_233_page_9.png,PL
5371,/New_Volume/trade-finance/final_delivery/classification_training/V2_Final_Training_Data/PL/Packing_List_402_page_3.png,PL
5372,/New_Volume/trade-finance/final_delivery/classification_training/V2_Final_Training_Data/PL/Packing_List_344_page_1.png,PL
5373,/New_Volume/trade-finance/final_delivery/classification_training/V2_Final_Training_Data/PL/Packing_List_377_page_0.png,PL
5374,/New_Volume/trade-finance/final_delivery/classification_training/V2_Final_Training_Data/PL/Packing_List_358_page_1.png,PL
5375,/New_Volume/trade-finance/final_delivery/classification_training/V2_Final_Training_Data/PL/Packing_List_335_page_2.png,PL
5376,/New_Volume/trade-finance/final_delivery/classification_training/V2_Final_Training_Data/PL/Packing_List_278_page_0.png,PL
5377,/New_Volume/trade-finance/final_delivery/classification_training/V2_Final_Training_Data/PL/Packing_List_224_page_2.png,PL
5378,/New_Volume/trade-finance/final_delivery/classification_training/V2_Final_Training_Data/PL/Packing_List_362_page_0.png,PL
5379,/New_Volume/trade-finance/final_delivery/classification_training/V2_Final_Training_Data/PL/Packing_List_206_page_2.png,PL
5380,/New_Volume/trade-finance/final_delivery/classification_training/V2_Final_Training_Data/PL/Packing_List_384_page_1.png,PL
5381,/New_Volume/trade-finance/final_delivery/classification_training/V2_Final_Training_Data/PL/Packing_List_239_page_2.png,PL
5382,/New_Volume/trade-finance/final_delivery/classification_training/V2_Final_Training_Data/PL/Packing_List_305_page_4.png,PL
5383,/New_Volume/trade-finance/final_delivery/classification_training/V2_Final_Training_Data/PL/Packing_List_281_page_2.png,PL
5384,/New_Volume/trade-finance/final_delivery/classification_training/V2_Final_Training_Data/PL/Packing_List_425_page_0.png,PL
5385,/New_Volume/trade-finance/final_delivery/classification_training/V2_Final_Training_Data/PL/Packing_List_438_page_6.png,PL
5386,/New_Volume/trade-finance/final_delivery/classification_training/V2_Final_Training_Data/PL/Packing_List_223_page_0.png,PL
5387,/New_Volume/trade-finance/final_delivery/classification_training/V2_Final_Training_Data/PL/Packing_List_261_page_8.png,PL
5388,/New_Volume/trade-finance/final_delivery/classification_training/V2_Final_Training_Data/PL/Packing_List_305_page_2.png,PL
5389,/New_Volume/trade-finance/final_delivery/classification_training/V2_Final_Training_Data/PL/Packing_List_314_page_0.png,PL
5390,/New_Volume/trade-finance/final_delivery/classification_training/V2_Final_Training_Data/PL/Packing_List_281_page_18.png,PL
5391,/New_Volume/trade-finance/final_delivery/classification_training/V2_Final_Training_Data/PL/Packing_List_438_page_4.png,PL
5392,/New_Volume/trade-finance/final_delivery/classification_training/V2_Final_Training_Data/PL/Packing_List_385_page_0.png,PL
5393,/New_Volume/trade-finance/final_delivery/classification_training/V2_Final_Training_Data/PL/Packing_List_314_page_23.png,PL
5394,/New_Volume/trade-finance/final_delivery/classification_training/V2_Final_Training_Data/PL/Packing_List_244_page_1.png,PL
5395,/New_Volume/trade-finance/final_delivery/classification_training/V2_Final_Training_Data/PL/Packing_List_292_page_10.png,PL
5396,/New_Volume/trade-finance/final_delivery/classification_training/V2_Final_Training_Data/PL/Packing_List_247_page_4.png,PL
5397,/New_Volume/trade-finance/final_delivery/classification_training/V2_Final_Training_Data/PL/Packing_List_264_page_0.png,PL
5398,/New_Volume/trade-finance/final_delivery/classification_training/V2_Final_Training_Data/PL/Packing_List_295_page_1.png,PL
5399,/New_Volume/trade-finance/final_delivery/classification_training/V2_Final_Training_Data/PL/Packing_List_276_page_0.png,PL
5400,/New_Volume/trade-finance/final_delivery/classification_training/V2_Final_Training_Data/PL/Packing_List_237_page_3.png,PL
5401,/New_Volume/trade-finance/final_delivery/classification_training/V2_Final_Training_Data/PL/Packing_List_218_page_4.png,PL
5402,/New_Volume/trade-finance/final_delivery/classification_training/V2_Final_Training_Data/PL/Packing_List_313_page_0.png,PL
5403,/New_Volume/trade-finance/final_delivery/classification_training/V2_Final_Training_Data/PL/Packing_List_393_page_0.png,PL
5404,/New_Volume/trade-finance/final_delivery/classification_training/V2_Final_Training_Data/PL/Packing_List_305_page_8.png,PL
5405,/New_Volume/trade-finance/final_delivery/classification_training/V2_Final_Training_Data/PL/Packing_List_314_page_32.png,PL
5406,/New_Volume/trade-finance/final_delivery/classification_training/V2_Final_Training_Data/PL/Packing_List_405_page_1.png,PL
5407,/New_Volume/trade-finance/final_delivery/classification_training/V2_Final_Training_Data/PL/Packing_List_339_page_10.png,PL
5408,/New_Volume/trade-finance/final_delivery/classification_training/V2_Final_Training_Data/PL/Packing_List_256_page_0.png,PL
5409,/New_Volume/trade-finance/final_delivery/classification_training/V2_Final_Training_Data/PL/Packing_List_246_page_0.png,PL
5410,/New_Volume/trade-finance/final_delivery/classification_training/V2_Final_Training_Data/PL/Packing_List_237_page_4.png,PL
5411,/New_Volume/trade-finance/final_delivery/classification_training/V2_Final_Training_Data/PL/Packing_List_257_page_2.png,PL
5412,/New_Volume/trade-finance/final_delivery/classification_training/V2_Final_Training_Data/PL/Packing_List_281_page_4.png,PL
5413,/New_Volume/trade-finance/final_delivery/classification_training/V2_Final_Training_Data/PL/Packing_List_237_page_2.png,PL
5414,/New_Volume/trade-finance/final_delivery/classification_training/V2_Final_Training_Data/PL/Packing_List_305_page_3.png,PL
5415,/New_Volume/trade-finance/final_delivery/classification_training/V2_Final_Training_Data/PL/Packing_List_237_page_6.png,PL
5416,/New_Volume/trade-finance/final_delivery/classification_training/V2_Final_Training_Data/PL/Packing_List_411_page_1.png,PL
5417,/New_Volume/trade-finance/final_delivery/classification_training/V2_Final_Training_Data/PL/Packing_List_253_page_0.png,PL
5418,/New_Volume/trade-finance/final_delivery/classification_training/V2_Final_Training_Data/PL/Packing_List_326_page_1.png,PL
5419,/New_Volume/trade-finance/final_delivery/classification_training/V2_Final_Training_Data/PL/Packing_List_345_page_0.png,PL
5420,/New_Volume/trade-finance/final_delivery/classification_training/V2_Final_Training_Data/PL/Packing_List_264_page_1.png,PL
5421,/New_Volume/trade-finance/final_delivery/classification_training/V2_Final_Training_Data/PL/Packing_List_392_page_95.png,PL
5422,/New_Volume/trade-finance/final_delivery/classification_training/V2_Final_Training_Data/PL/Packing_List_313_page_1.png,PL
5423,/New_Volume/trade-finance/final_delivery/classification_training/V2_Final_Training_Data/PL/Packing_List_313_page_3.png,PL
5424,/New_Volume/trade-finance/final_delivery/classification_training/V2_Final_Training_Data/PL/Packing_List_320_page_2.png,PL
5425,/New_Volume/trade-finance/final_delivery/classification_training/V2_Final_Training_Data/PL/Packing_List_314_page_29.png,PL
5426,/New_Volume/trade-finance/final_delivery/classification_training/V2_Final_Training_Data/PL/Packing_List_304_page_0.png,PL
5427,/New_Volume/trade-finance/final_delivery/classification_training/V2_Final_Training_Data/PL/Packing_List_266_page_0.png,PL
5428,/New_Volume/trade-finance/final_delivery/classification_training/V2_Final_Training_Data/PL/Packing_List_363_page_3.png,PL
5429,/New_Volume/trade-finance/final_delivery/classification_training/V2_Final_Training_Data/PL/Packing_List_217_page_0.png,PL
5430,/New_Volume/trade-finance/final_delivery/classification_training/V2_Final_Training_Data/PL/Packing_List_419_page_0.png,PL
5431,/New_Volume/trade-finance/final_delivery/classification_training/V2_Final_Training_Data/PL/Packing_List_247_page_0.png,PL
5432,/New_Volume/trade-finance/final_delivery/classification_training/V2_Final_Training_Data/PL/Packing_List_261_page_0.png,PL
5433,/New_Volume/trade-finance/final_delivery/classification_training/V2_Final_Training_Data/PL/Packing_List_379_page_15.png,PL
5434,/New_Volume/trade-finance/final_delivery/classification_training/V2_Final_Training_Data/PL/Packing_List_288_page_0.png,PL
5435,/New_Volume/trade-finance/final_delivery/classification_training/V2_Final_Training_Data/PL/Packing_List_299_page_1.png,PL
5436,/New_Volume/trade-finance/final_delivery/classification_training/V2_Final_Training_Data/PL/Packing_List_261_page_5.png,PL
5437,/New_Volume/trade-finance/final_delivery/classification_training/V2_Final_Training_Data/PL/Packing_List_344_page_0.png,PL
5438,/New_Volume/trade-finance/final_delivery/classification_training/V2_Final_Training_Data/PL/Packing_List_400_page_5.png,PL
5439,/New_Volume/trade-finance/final_delivery/classification_training/V2_Final_Training_Data/PL/Packing_List_383_page_1.png,PL
5440,/New_Volume/trade-finance/final_delivery/classification_training/V2_Final_Training_Data/PL/Packing_List_361_page_1.png,PL
5441,/New_Volume/trade-finance/final_delivery/classification_training/V2_Final_Training_Data/PL/Packing_List_294_page_0.png,PL
5442,/New_Volume/trade-finance/final_delivery/classification_training/V2_Final_Training_Data/PL/Packing_List_314_page_6.png,PL
5443,/New_Volume/trade-finance/final_delivery/classification_training/V2_Final_Training_Data/PL/Packing_List_299_page_0.png,PL
5444,/New_Volume/trade-finance/final_delivery/classification_training/V2_Final_Training_Data/PL/Packing_List_314_page_14.png,PL
5445,/New_Volume/trade-finance/final_delivery/classification_training/V2_Final_Training_Data/PL/Packing_List_209_page_0.png,PL
5446,/New_Volume/trade-finance/final_delivery/classification_training/V2_Final_Training_Data/PL/Packing_List_340_page_0.png,PL
5447,/New_Volume/trade-finance/final_delivery/classification_training/V2_Final_Training_Data/PL/Packing_List_384_page_2.png,PL
5448,/New_Volume/trade-finance/final_delivery/classification_training/V2_Final_Training_Data/PL/Packing_List_314_page_16.png,PL
5449,/New_Volume/trade-finance/final_delivery/classification_training/V2_Final_Training_Data/PL/Packing_List_350_page_2.png,PL
5450,/New_Volume/trade-finance/final_delivery/classification_training/V2_Final_Training_Data/PL/Packing_List_357_page_1.png,PL
5451,/New_Volume/trade-finance/final_delivery/classification_training/V2_Final_Training_Data/PL/Packing_List_258_page_0.png,PL
5452,/New_Volume/trade-finance/final_delivery/classification_training/V2_Final_Training_Data/PL/Packing_List_382_page_1.png,PL
5453,/New_Volume/trade-finance/final_delivery/classification_training/V2_Final_Training_Data/PL/Packing_List_244_page_0.png,PL
5454,/New_Volume/trade-finance/final_delivery/classification_training/V2_Final_Training_Data/PL/Packing_List_372_page_4.png,PL
5455,/New_Volume/trade-finance/final_delivery/classification_training/V2_Final_Training_Data/PL/Packing_List_372_page_8.png,PL
5456,/New_Volume/trade-finance/final_delivery/classification_training/V2_Final_Training_Data/PL/Packing_List_281_page_19.png,PL
5457,/New_Volume/trade-finance/final_delivery/classification_training/V2_Final_Training_Data/PL/Packing_List_235_page_0.png,PL
5458,/New_Volume/trade-finance/final_delivery/classification_training/V2_Final_Training_Data/PL/Packing_List_365_page_0.png,PL
5459,/New_Volume/trade-finance/final_delivery/classification_training/V2_Final_Training_Data/PL/Packing_List_392_page_96.png,PL
5460,/New_Volume/trade-finance/final_delivery/classification_training/V2_Final_Training_Data/PL/Packing_List_426_page_0.png,PL
5461,/New_Volume/trade-finance/final_delivery/classification_training/V2_Final_Training_Data/PL/Packing_List_288_page_1.png,PL
5462,/New_Volume/trade-finance/final_delivery/classification_training/V2_Final_Training_Data/PL/Packing_List_383_page_2.png,PL
5463,/New_Volume/trade-finance/final_delivery/classification_training/V2_Final_Training_Data/PL/Packing_List_374_page_0.png,PL
5464,/New_Volume/trade-finance/final_delivery/classification_training/V2_Final_Training_Data/PL/Packing_List_257_page_4.png,PL
5465,/New_Volume/trade-finance/final_delivery/classification_training/V2_Final_Training_Data/PL/Packing_List_380_page_0.png,PL
5466,/New_Volume/trade-finance/final_delivery/classification_training/V2_Final_Training_Data/PL/Packing_List_314_page_21.png,PL
5467,/New_Volume/trade-finance/final_delivery/classification_training/V2_Final_Training_Data/PL/Packing_List_354_page_0.png,PL
5468,/New_Volume/trade-finance/final_delivery/classification_training/V2_Final_Training_Data/PL/Packing_List_438_page_2.png,PL
5469,/New_Volume/trade-finance/final_delivery/classification_training/V2_Final_Training_Data/PL/Packing_List_206_page_3.png,PL
5470,/New_Volume/trade-finance/final_delivery/classification_training/V2_Final_Training_Data/PL/Packing_List_313_page_7.png,PL
5471,/New_Volume/trade-finance/final_delivery/classification_training/V2_Final_Training_Data/PL/Packing_List_257_page_10.png,PL
5472,/New_Volume/trade-finance/final_delivery/classification_training/V2_Final_Training_Data/PL/Packing_List_340_page_6.png,PL
5473,/New_Volume/trade-finance/final_delivery/classification_training/V2_Final_Training_Data/PL/Packing_List_399_page_1.png,PL
5474,/New_Volume/trade-finance/final_delivery/classification_training/V2_Final_Training_Data/PL/Packing_List_395_page_0.png,PL
5475,/New_Volume/trade-finance/final_delivery/classification_training/V2_Final_Training_Data/PL/Packing_List_317_page_1.png,PL
5476,/New_Volume/trade-finance/final_delivery/classification_training/V2_Final_Training_Data/PL/Packing_List_329_page_5.png,PL
5477,/New_Volume/trade-finance/final_delivery/classification_training/V2_Final_Training_Data/PL/Packing_List_281_page_17.png,PL
5478,/New_Volume/trade-finance/final_delivery/classification_training/V2_Final_Training_Data/PL/Packing_List_378_page_31.png,PL
5479,/New_Volume/trade-finance/final_delivery/classification_training/V2_Final_Training_Data/PL/Packing_List_298_page_0.png,PL
5480,/New_Volume/trade-finance/final_delivery/classification_training/V2_Final_Training_Data/PL/Packing_List_261_page_3.png,PL
5481,/New_Volume/trade-finance/final_delivery/classification_training/V2_Final_Training_Data/PL/Packing_List_392_page_98.png,PL
5482,/New_Volume/trade-finance/final_delivery/classification_training/V2_Final_Training_Data/PL/Packing_List_314_page_30.png,PL
5483,/New_Volume/trade-finance/final_delivery/classification_training/V2_Final_Training_Data/PL/Packing_List_282_page_1.png,PL
5484,/New_Volume/trade-finance/final_delivery/classification_training/V2_Final_Training_Data/PL/Packing_List_303_page_0.png,PL
5485,/New_Volume/trade-finance/final_delivery/classification_training/V2_Final_Training_Data/PL/Packing_List_245_page_9.png,PL
5486,/New_Volume/trade-finance/final_delivery/classification_training/V2_Final_Training_Data/PL/Packing_List_400_page_2.png,PL
5487,/New_Volume/trade-finance/final_delivery/classification_training/V2_Final_Training_Data/PL/Packing_List_310_page_0.png,PL
5488,/New_Volume/trade-finance/final_delivery/classification_training/V2_Final_Training_Data/PL/Packing_List_314_page_12.png,PL
5489,/New_Volume/trade-finance/final_delivery/classification_training/V2_Final_Training_Data/PL/Packing_List_306_page_0.png,PL
5490,/New_Volume/trade-finance/final_delivery/classification_training/V2_Final_Training_Data/PL/Packing_List_263_page_0.png,PL
5491,/New_Volume/trade-finance/final_delivery/classification_training/V2_Final_Training_Data/PL/Packing_List_438_page_9.png,PL
5492,/New_Volume/trade-finance/final_delivery/classification_training/V2_Final_Training_Data/PL/Packing_List_322_page_0.png,PL
5493,/New_Volume/trade-finance/final_delivery/classification_training/V2_Final_Training_Data/PL/Packing_List_402_page_0.png,PL
5494,/New_Volume/trade-finance/final_delivery/classification_training/V2_Final_Training_Data/PL/Packing_List_218_page_0.png,PL
5495,/New_Volume/trade-finance/final_delivery/classification_training/V2_Final_Training_Data/PL/Packing_List_370_page_0.png,PL
5496,/New_Volume/trade-finance/final_delivery/classification_training/V2_Final_Training_Data/PL/Packing_List_234_page_0.png,PL
5497,/New_Volume/trade-finance/final_delivery/classification_training/V2_Final_Training_Data/PL/Packing_List_223_page_2.png,PL
5498,/New_Volume/trade-finance/final_delivery/classification_training/V2_Final_Training_Data/PL/Packing_List_395_page_1.png,PL
5499,/New_Volume/trade-finance/final_delivery/classification_training/V2_Final_Training_Data/PL/Packing_List_407_page_1.png,PL
5500,/New_Volume/trade-finance/final_delivery/classification_training/V2_Final_Training_Data/PL/Packing_List_313_page_6.png,PL
5501,/New_Volume/trade-finance/final_delivery/classification_training/V2_Final_Training_Data/PL/Packing_List_221_page_0.png,PL
5502,/New_Volume/trade-finance/final_delivery/classification_training/V2_Final_Training_Data/PL/Packing_List_400_page_0.png,PL
5503,/New_Volume/trade-finance/final_delivery/classification_training/V2_Final_Training_Data/PL/Packing_List_366_page_0.png,PL
5504,/New_Volume/trade-finance/final_delivery/classification_training/V2_Final_Training_Data/PL/Packing_List_281_page_10.png,PL
5505,/New_Volume/trade-finance/final_delivery/classification_training/V2_Final_Training_Data/PL/Packing_List_314_page_15.png,PL
5506,/New_Volume/trade-finance/final_delivery/classification_training/V2_Final_Training_Data/PL/Packing_List_389_page_0.png,PL
5507,/New_Volume/trade-finance/final_delivery/classification_training/V2_Final_Training_Data/PL/Packing_List_337_page_1.png,PL
5508,/New_Volume/trade-finance/final_delivery/classification_training/V2_Final_Training_Data/PL/Packing_List_338_page_0.png,PL
5509,/New_Volume/trade-finance/final_delivery/classification_training/V2_Final_Training_Data/PL/Packing_List_396_page_5.png,PL
5510,/New_Volume/trade-finance/final_delivery/classification_training/V2_Final_Training_Data/PL/Packing_List_245_page_0.png,PL
5511,/New_Volume/trade-finance/final_delivery/classification_training/V2_Final_Training_Data/PL/Packing_List_314_page_4.png,PL
5512,/New_Volume/trade-finance/final_delivery/classification_training/V2_Final_Training_Data/PL/Packing_List_380_page_2.png,PL
5513,/New_Volume/trade-finance/final_delivery/classification_training/V2_Final_Training_Data/PL/Packing_List_315_page_1.png,PL
5514,/New_Volume/trade-finance/final_delivery/classification_training/V2_Final_Training_Data/PL/Packing_List_314_page_9.png,PL
5515,/New_Volume/trade-finance/final_delivery/classification_training/V2_Final_Training_Data/PL/Packing_List_361_page_2.png,PL
5516,/New_Volume/trade-finance/final_delivery/classification_training/V2_Final_Training_Data/PL/Packing_List_317_page_2.png,PL
5517,/New_Volume/trade-finance/final_delivery/classification_training/V2_Final_Training_Data/PL/Packing_List_218_page_1.png,PL
5518,/New_Volume/trade-finance/final_delivery/classification_training/V2_Final_Training_Data/PL/Packing_List_274_page_0.png,PL
5519,/New_Volume/trade-finance/final_delivery/classification_training/V2_Final_Training_Data/PL/Packing_List_411_page_0.png,PL
5520,/New_Volume/trade-finance/final_delivery/classification_training/V2_Final_Training_Data/PL/Packing_List_328_page_0.png,PL
5521,/New_Volume/trade-finance/final_delivery/classification_training/V2_Final_Training_Data/PL/Packing_List_301_page_0.png,PL
5522,/New_Volume/trade-finance/final_delivery/classification_training/V2_Final_Training_Data/PL/Packing_List_320_page_1.png,PL
5523,/New_Volume/trade-finance/final_delivery/classification_training/V2_Final_Training_Data/PL/Packing_List_437_page_5.png,PL
5524,/New_Volume/trade-finance/final_delivery/classification_training/V2_Final_Training_Data/PL/Packing_List_260_page_0.png,PL
5525,/New_Volume/trade-finance/final_delivery/classification_training/V2_Final_Training_Data/PL/Packing_List_437_page_3.png,PL
5526,/New_Volume/trade-finance/final_delivery/classification_training/V2_Final_Training_Data/PL/Packing_List_369_page_1.png,PL
5527,/New_Volume/trade-finance/final_delivery/classification_training/V2_Final_Training_Data/PL/Packing_List_231_page_18.png,PL
5528,/New_Volume/trade-finance/final_delivery/classification_training/V2_Final_Training_Data/PL/Packing_List_257_page_8.png,PL
5529,/New_Volume/trade-finance/final_delivery/classification_training/V2_Final_Training_Data/PL/Packing_List_353_page_0.png,PL
5530,/New_Volume/trade-finance/final_delivery/classification_training/V2_Final_Training_Data/PL/Packing_List_219_page_0.png,PL
5531,/New_Volume/trade-finance/final_delivery/classification_training/V2_Final_Training_Data/PL/Packing_List_314_page_27.png,PL
5532,/New_Volume/trade-finance/final_delivery/classification_training/V2_Final_Training_Data/PL/Packing_List_283_page_0.png,PL
5533,/New_Volume/trade-finance/final_delivery/classification_training/V2_Final_Training_Data/PL/Packing_List_323_page_0.png,PL
5534,/New_Volume/trade-finance/final_delivery/classification_training/V2_Final_Training_Data/PL/Packing_List_437_page_12.png,PL
5535,/New_Volume/trade-finance/final_delivery/classification_training/V2_Final_Training_Data/PL/Packing_List_390_page_2.png,PL
5536,/New_Volume/trade-finance/final_delivery/classification_training/V2_Final_Training_Data/PL/Packing_List_325_page_1.png,PL
5537,/New_Volume/trade-finance/final_delivery/classification_training/V2_Final_Training_Data/PL/Packing_List_353_page_1.png,PL
5538,/New_Volume/trade-finance/final_delivery/classification_training/V2_Final_Training_Data/PL/Packing_List_305_page_0.png,PL
5539,/New_Volume/trade-finance/final_delivery/classification_training/V2_Final_Training_Data/PL/Packing_List_321_page_0.png,PL
5540,/New_Volume/trade-finance/final_delivery/classification_training/V2_Final_Training_Data/PL/Packing_List_251_page_0.png,PL
5541,/New_Volume/trade-finance/final_delivery/classification_training/V2_Final_Training_Data/PL/Packing_List_312_page_0.png,PL
5542,/New_Volume/trade-finance/final_delivery/classification_training/V2_Final_Training_Data/PL/Packing_List_210_page_0.png,PL
5543,/New_Volume/trade-finance/final_delivery/classification_training/V2_Final_Training_Data/PL/Packing_List_396_page_4.png,PL
5544,/New_Volume/trade-finance/final_delivery/classification_training/V2_Final_Training_Data/PL/Packing_List_438_page_3.png,PL
5545,/New_Volume/trade-finance/final_delivery/classification_training/V2_Final_Training_Data/PL/Packing_List_289_page_0.png,PL
5546,/New_Volume/trade-finance/final_delivery/classification_training/V2_Final_Training_Data/PL/Packing_List_320_page_0.png,PL
5547,/New_Volume/trade-finance/final_delivery/classification_training/V2_Final_Training_Data/PL/Packing_List_291_page_0.png,PL
5548,/New_Volume/trade-finance/final_delivery/classification_training/V2_Final_Training_Data/PL/Packing_List_243_page_1.png,PL
5549,/New_Volume/trade-finance/final_delivery/classification_training/V2_Final_Training_Data/PL/Packing_List_281_page_9.png,PL
5550,/New_Volume/trade-finance/final_delivery/classification_training/V2_Final_Training_Data/PL/Packing_List_239_page_0.png,PL
5551,/New_Volume/trade-finance/final_delivery/classification_training/V2_Final_Training_Data/PL/Packing_List_373_page_0.png,PL
5552,/New_Volume/trade-finance/final_delivery/classification_training/V2_Final_Training_Data/PL/Packing_List_314_page_28.png,PL
5553,/New_Volume/trade-finance/final_delivery/classification_training/V2_Final_Training_Data/PL/Packing_List_314_page_18.png,PL
5554,/New_Volume/trade-finance/final_delivery/classification_training/V2_Final_Training_Data/PL/Packing_List_247_page_1.png,PL
5555,/New_Volume/trade-finance/final_delivery/classification_training/V2_Final_Training_Data/PL/Packing_List_333_page_0.png,PL
5556,/New_Volume/trade-finance/final_delivery/classification_training/V2_Final_Training_Data/PL/Packing_List_313_page_2.png,PL
5557,/New_Volume/trade-finance/final_delivery/classification_training/V2_Final_Training_Data/PL/Packing_List_306_page_2.png,PL
5558,/New_Volume/trade-finance/final_delivery/classification_training/V2_Final_Training_Data/PL/Packing_List_238_page_2.png,PL
5559,/New_Volume/trade-finance/final_delivery/classification_training/V2_Final_Training_Data/PL/Packing_List_238_page_0.png,PL
5560,/New_Volume/trade-finance/final_delivery/classification_training/V2_Final_Training_Data/PL/Packing_List_315_page_0.png,PL
5561,/New_Volume/trade-finance/final_delivery/classification_training/V2_Final_Training_Data/PL/Packing_List_397_page_0.png,PL
5562,/New_Volume/trade-finance/final_delivery/classification_training/V2_Final_Training_Data/PL/Packing_List_232_page_2.png,PL
5563,/New_Volume/trade-finance/final_delivery/classification_training/V2_Final_Training_Data/PL/Packing_List_237_page_0.png,PL
5564,/New_Volume/trade-finance/final_delivery/classification_training/V2_Final_Training_Data/PL/Packing_List_314_page_19.png,PL
5565,/New_Volume/trade-finance/final_delivery/classification_training/V2_Final_Training_Data/PL/Packing_List_237_page_1.png,PL
5566,/New_Volume/trade-finance/final_delivery/classification_training/V2_Final_Training_Data/PL/Packing_List_309_page_0.png,PL
5567,/New_Volume/trade-finance/final_delivery/classification_training/V2_Final_Training_Data/PL/Packing_List_247_page_3.png,PL
5568,/New_Volume/trade-finance/final_delivery/classification_training/V2_Final_Training_Data/PL/Packing_List_343_page_0.png,PL
5569,/New_Volume/trade-finance/final_delivery/classification_training/V2_Final_Training_Data/PL/Packing_List_272_page_2.png,PL
5570,/New_Volume/trade-finance/final_delivery/classification_training/V2_Final_Training_Data/PL/Packing_List_314_page_33.png,PL
5571,/New_Volume/trade-finance/final_delivery/classification_training/V2_Final_Training_Data/PL/Packing_List_313_page_8.png,PL
5572,/New_Volume/trade-finance/final_delivery/classification_training/V2_Final_Training_Data/PL/Packing_List_280_page_1.png,PL
5573,/New_Volume/trade-finance/final_delivery/classification_training/V2_Final_Training_Data/PL/Packing_List_284_page_0.png,PL
5574,/New_Volume/trade-finance/final_delivery/classification_training/V2_Final_Training_Data/PL/Packing_List_358_page_0.png,PL
5575,/New_Volume/trade-finance/final_delivery/classification_training/V2_Final_Training_Data/PL/Packing_List_359_page_0.png,PL
5576,/New_Volume/trade-finance/final_delivery/classification_training/V2_Final_Training_Data/PL/Packing_List_250_page_0.png,PL
5577,/New_Volume/trade-finance/final_delivery/classification_training/V2_Final_Training_Data/PL/Packing_List_308_page_0.png,PL
5578,/New_Volume/trade-finance/final_delivery/classification_training/V2_Final_Training_Data/PL/Packing_List_356_page_1.png,PL
5579,/New_Volume/trade-finance/final_delivery/classification_training/V2_Final_Training_Data/PL/Packing_List_317_page_0.png,PL
5580,/New_Volume/trade-finance/final_delivery/classification_training/V2_Final_Training_Data/PL/Packing_List_412_page_0.png,PL
5581,/New_Volume/trade-finance/final_delivery/classification_training/V2_Final_Training_Data/PL/Packing_List_206_page_6.png,PL
5582,/New_Volume/trade-finance/final_delivery/classification_training/V2_Final_Training_Data/PL/Packing_List_326_page_3.png,PL
5583,/New_Volume/trade-finance/final_delivery/classification_training/V2_Final_Training_Data/PL/Packing_List_281_page_13.png,PL
5584,/New_Volume/trade-finance/final_delivery/classification_training/V2_Final_Training_Data/PL/Packing_List_326_page_0.png,PL
5585,/New_Volume/trade-finance/final_delivery/classification_training/V2_Final_Training_Data/PL/Packing_List_246_page_3.png,PL
5586,/New_Volume/trade-finance/final_delivery/classification_training/V2_Final_Training_Data/PL/Packing_List_382_page_2.png,PL
5587,/New_Volume/trade-finance/final_delivery/classification_training/V2_Final_Training_Data/PL/Packing_List_327_page_1.png,PL
5588,/New_Volume/trade-finance/final_delivery/classification_training/V2_Final_Training_Data/PL/Packing_List_297_page_0.png,PL
5589,/New_Volume/trade-finance/final_delivery/classification_training/V2_Final_Training_Data/PL/Packing_List_224_page_0.png,PL
5590,/New_Volume/trade-finance/final_delivery/classification_training/V2_Final_Training_Data/PL/Packing_List_436_page_0.png,PL
5591,/New_Volume/trade-finance/final_delivery/classification_training/V2_Final_Training_Data/PL/Packing_List_339_page_1.png,PL
5592,/New_Volume/trade-finance/final_delivery/classification_training/V2_Final_Training_Data/PL/Packing_List_347_page_0.png,PL
5593,/New_Volume/trade-finance/final_delivery/classification_training/V2_Final_Training_Data/PL/Packing_List_306_page_4.png,PL
5594,/New_Volume/trade-finance/final_delivery/classification_training/V2_Final_Training_Data/PL/Packing_List_404_page_4.png,PL
5595,/New_Volume/trade-finance/final_delivery/classification_training/V2_Final_Training_Data/PL/Packing_List_384_page_0.png,PL
5596,/New_Volume/trade-finance/final_delivery/classification_training/V2_Final_Training_Data/PL/Packing_List_350_page_1.png,PL
5597,/New_Volume/trade-finance/final_delivery/classification_training/V2_Final_Training_Data/PL/Packing_List_230_page_0.png,PL
5598,/New_Volume/trade-finance/final_delivery/classification_training/V2_Final_Training_Data/PL/Packing_List_329_page_2.png,PL
5599,/New_Volume/trade-finance/final_delivery/classification_training/V2_Final_Training_Data/PL/Packing_List_408_page_1.png,PL
5600,/New_Volume/trade-finance/final_delivery/classification_training/V2_Final_Training_Data/PL/Packing_List_379_page_0.png,PL
5601,/New_Volume/trade-finance/final_delivery/classification_training/V2_Final_Training_Data/PL/Packing_List_272_page_0.png,PL
5602,/New_Volume/trade-finance/final_delivery/classification_training/V2_Final_Training_Data/PL/Packing_List_218_page_2.png,PL
5603,/New_Volume/trade-finance/final_delivery/classification_training/V2_Final_Training_Data/PL/Packing_List_215_page_0.png,PL
5604,/New_Volume/trade-finance/final_delivery/classification_training/V2_Final_Training_Data/PL/Packing_List_279_page_0.png,PL
5605,/New_Volume/trade-finance/final_delivery/classification_training/V2_Final_Training_Data/PL/Packing_List_271_page_0.png,PL
5606,/New_Volume/trade-finance/final_delivery/classification_training/V2_Final_Training_Data/PL/Packing_List_257_page_6.png,PL
5607,/New_Volume/trade-finance/final_delivery/classification_training/V2_Final_Training_Data/PL/Packing_List_314_page_20.png,PL
5608,/New_Volume/trade-finance/final_delivery/classification_training/V2_Final_Training_Data/PL/Packing_List_305_page_9.png,PL
5609,/New_Volume/trade-finance/final_delivery/classification_training/V2_Final_Training_Data/PL/Packing_List_261_page_7.png,PL
5610,/New_Volume/trade-finance/final_delivery/classification_training/V2_Final_Training_Data/PL/Packing_List_396_page_2.png,PL
5611,/New_Volume/trade-finance/final_delivery/classification_training/V2_Final_Training_Data/PL/Packing_List_296_page_0.png,PL
5612,/New_Volume/trade-finance/final_delivery/classification_training/V2_Final_Training_Data/PL/Packing_List_319_page_2.png,PL
5613,/New_Volume/trade-finance/final_delivery/classification_training/V2_Final_Training_Data/PL/Packing_List_391_page_0.png,PL
5614,/New_Volume/trade-finance/final_delivery/classification_training/V2_Final_Training_Data/PL/Packing_List_437_page_7.png,PL
5615,/New_Volume/trade-finance/final_delivery/classification_training/V2_Final_Training_Data/PL/Packing_List_339_page_3.png,PL
5616,/New_Volume/trade-finance/final_delivery/classification_training/V2_Final_Training_Data/PL/Packing_List_380_page_1.png,PL
5617,/New_Volume/trade-finance/final_delivery/classification_training/V2_Final_Training_Data/PL/Packing_List_438_page_5.png,PL
5618,/New_Volume/trade-finance/final_delivery/classification_training/V2_Final_Training_Data/PL/Packing_List_281_page_0.png,PL
5619,/New_Volume/trade-finance/final_delivery/classification_training/V2_Final_Training_Data/PL/Packing_List_277_page_0.png,PL
5620,/New_Volume/trade-finance/final_delivery/classification_training/V2_Final_Training_Data/PL/Packing_List_241_page_0.png,PL
5621,/New_Volume/trade-finance/final_delivery/classification_training/V2_Final_Training_Data/PL/Packing_List_240_page_0.png,PL
5622,/New_Volume/trade-finance/final_delivery/classification_training/V2_Final_Training_Data/PL/Packing_List_355_page_2.png,PL
5623,/New_Volume/trade-finance/final_delivery/classification_training/V2_Final_Training_Data/PL/Packing_List_332_page_0.png,PL
5624,/New_Volume/trade-finance/final_delivery/classification_training/V2_Final_Training_Data/PL/Packing_List_292_page_6.png,PL
5625,/New_Volume/trade-finance/final_delivery/classification_training/V2_Final_Training_Data/PL/Packing_List_254_page_0.png,PL
5626,/New_Volume/trade-finance/final_delivery/classification_training/V2_Final_Training_Data/PL/Packing_List_364_page_0.png,PL
5627,/New_Volume/trade-finance/final_delivery/classification_training/V2_Final_Training_Data/PL/Packing_List_306_page_1.png,PL
5628,/New_Volume/trade-finance/final_delivery/classification_training/V2_Final_Training_Data/PL/Packing_List_226_page_0.png,PL
5629,/New_Volume/trade-finance/final_delivery/classification_training/V2_Final_Training_Data/PL/Packing_List_233_page_2.png,PL
5630,/New_Volume/trade-finance/final_delivery/classification_training/V2_Final_Training_Data/PL/Packing_List_372_page_1.png,PL
5631,/New_Volume/trade-finance/final_delivery/classification_training/V2_Final_Training_Data/PL/Packing_List_378_page_0.png,PL
5632,/New_Volume/trade-finance/final_delivery/classification_training/V2_Final_Training_Data/PL/Packing_List_378_page_14.png,PL
5633,/New_Volume/trade-finance/final_delivery/classification_training/V2_Final_Training_Data/PL/Packing_List_326_page_2.png,PL
5634,/New_Volume/trade-finance/final_delivery/classification_training/V2_Final_Training_Data/PL/Packing_List_368_page_0.png,PL
5635,/New_Volume/trade-finance/final_delivery/classification_training/V2_Final_Training_Data/PL/Packing_List_225_page_0.png,PL
5636,/New_Volume/trade-finance/final_delivery/classification_training/V2_Final_Training_Data/PL/Packing_List_355_page_1.png,PL
5637,/New_Volume/trade-finance/final_delivery/classification_training/V2_Final_Training_Data/PL/Packing_List_231_page_0.png,PL
5638,/New_Volume/trade-finance/final_delivery/classification_training/V2_Final_Training_Data/PL/Packing_List_311_page_1.png,PL
5639,/New_Volume/trade-finance/final_delivery/classification_training/V2_Final_Training_Data/PL/Packing_List_379_page_19.png,PL
5640,/New_Volume/trade-finance/final_delivery/classification_training/V2_Final_Training_Data/PL/Packing_List_336_page_0.png,PL
5641,/New_Volume/trade-finance/final_delivery/classification_training/V2_Final_Training_Data/PL/Packing_List_237_page_5.png,PL
5642,/New_Volume/trade-finance/final_delivery/classification_training/V2_Final_Training_Data/PL/Packing_List_392_page_94.png,PL
5643,/New_Volume/trade-finance/final_delivery/classification_training/V2_Final_Training_Data/PL/Packing_List_379_page_17.png,PL
5644,/New_Volume/trade-finance/final_delivery/classification_training/V2_Final_Training_Data/PL/Packing_List_218_page_3.png,PL
5645,/New_Volume/trade-finance/final_delivery/classification_training/V2_Final_Training_Data/PL/Packing_List_246_page_1.png,PL
5646,/New_Volume/trade-finance/final_delivery/classification_training/V2_Final_Training_Data/PL/Packing_List_223_page_1.png,PL
5647,/New_Volume/trade-finance/final_delivery/classification_training/V2_Final_Training_Data/PL/Packing_List_339_page_0.png,PL
5648,/New_Volume/trade-finance/final_delivery/classification_training/V2_Final_Training_Data/PL/Packing_List_227_page_0.png,PL
5649,/New_Volume/trade-finance/final_delivery/classification_training/V2_Final_Training_Data/PL/Packing_List_396_page_3.png,PL
5650,/New_Volume/trade-finance/final_delivery/classification_training/V2_Final_Training_Data/PL/Packing_List_361_page_0.png,PL
5651,/New_Volume/trade-finance/final_delivery/classification_training/V2_Final_Training_Data/PL/Packing_List_437_page_0.png,PL
5652,/New_Volume/trade-finance/final_delivery/classification_training/V2_Final_Training_Data/PL/Packing_List_211_page_0.png,PL
5653,/New_Volume/trade-finance/final_delivery/classification_training/V2_Final_Training_Data/PL/Packing_List_305_page_5.png,PL
5654,/New_Volume/trade-finance/final_delivery/classification_training/V2_Final_Training_Data/PL/Packing_List_295_page_0.png,PL
5655,/New_Volume/trade-finance/final_delivery/classification_training/V2_Final_Training_Data/PL/Packing_List_251_page_2.png,PL
5656,/New_Volume/trade-finance/final_delivery/classification_training/V2_Final_Training_Data/PL/Packing_List_254_page_2.png,PL
5657,/New_Volume/trade-finance/final_delivery/classification_training/V2_Final_Training_Data/PL/Packing_List_329_page_0.png,PL
5658,/New_Volume/trade-finance/final_delivery/classification_training/V2_Final_Training_Data/PL/Packing_List_351_page_0.png,PL
5659,/New_Volume/trade-finance/final_delivery/classification_training/V2_Final_Training_Data/PL/Packing_List_349_page_2.png,PL
5660,/New_Volume/trade-finance/final_delivery/classification_training/V2_Final_Training_Data/PL/Packing_List_271_page_1.png,PL
5661,/New_Volume/trade-finance/final_delivery/classification_training/V2_Final_Training_Data/PL/Packing_List_281_page_12.png,PL
5662,/New_Volume/trade-finance/final_delivery/classification_training/V2_Final_Training_Data/PL/Packing_List_261_page_4.png,PL
5663,/New_Volume/trade-finance/final_delivery/classification_training/V2_Final_Training_Data/PL/Packing_List_372_page_6.png,PL
5664,/New_Volume/trade-finance/final_delivery/classification_training/V2_Final_Training_Data/PL/Packing_List_400_page_6.png,PL
5665,/New_Volume/trade-finance/final_delivery/classification_training/V2_Final_Training_Data/PL/Packing_List_376_page_0.png,PL
5666,/New_Volume/trade-finance/final_delivery/classification_training/V2_Final_Training_Data/PL/Packing_List_329_page_4.png,PL
5667,/New_Volume/trade-finance/final_delivery/classification_training/V2_Final_Training_Data/PL/Packing_List_317_page_3.png,PL
5668,/New_Volume/trade-finance/final_delivery/classification_training/V2_Final_Training_Data/PL/Packing_List_261_page_6.png,PL
5669,/New_Volume/trade-finance/final_delivery/classification_training/V2_Final_Training_Data/PL/Packing_List_404_page_2.png,PL
5670,/New_Volume/trade-finance/final_delivery/classification_training/V2_Final_Training_Data/PL/Packing_List_228_page_0.png,PL
5671,/New_Volume/trade-finance/final_delivery/classification_training/V2_Final_Training_Data/PL/Packing_List_438_page_1.png,PL
5672,/New_Volume/trade-finance/final_delivery/classification_training/V2_Final_Training_Data/PL/Packing_List_390_page_3.png,PL
5673,/New_Volume/trade-finance/final_delivery/classification_training/V2_Final_Training_Data/PL/Packing_List_238_page_1.png,PL
5674,/New_Volume/trade-finance/final_delivery/classification_training/V2_Final_Training_Data/PL/Packing_List_314_page_7.png,PL
5675,/New_Volume/trade-finance/final_delivery/classification_training/V2_Final_Training_Data/PI/Proforma_Invoice_454_7.png,PI
5676,/New_Volume/trade-finance/final_delivery/classification_training/V2_Final_Training_Data/PI/Proforma_Invoice_578_0.png,PI
5677,/New_Volume/trade-finance/final_delivery/classification_training/V2_Final_Training_Data/PI/Proforma_Invoice_154_0.png,PI
5678,/New_Volume/trade-finance/final_delivery/classification_training/V2_Final_Training_Data/PI/Proforma_Invoice_154_2.png,PI
5679,/New_Volume/trade-finance/final_delivery/classification_training/V2_Final_Training_Data/PI/Proforma_Invoice_255_7.png,PI
5680,/New_Volume/trade-finance/final_delivery/classification_training/V2_Final_Training_Data/PI/Proforma_Invoice_203_0.png,PI
5681,/New_Volume/trade-finance/final_delivery/classification_training/V2_Final_Training_Data/PI/Proforma_Invoice_190_0.png,PI
5682,/New_Volume/trade-finance/final_delivery/classification_training/V2_Final_Training_Data/PI/Proforma_Invoice_354_0.png,PI
5683,/New_Volume/trade-finance/final_delivery/classification_training/V2_Final_Training_Data/PI/Proforma_Invoice_69_0.png,PI
5684,/New_Volume/trade-finance/final_delivery/classification_training/V2_Final_Training_Data/PI/Proforma_Invoice_230_0.png,PI
5685,/New_Volume/trade-finance/final_delivery/classification_training/V2_Final_Training_Data/PI/Proforma_Invoice_235_0.png,PI
5686,/New_Volume/trade-finance/final_delivery/classification_training/V2_Final_Training_Data/PI/Proforma_Invoice_153_0.png,PI
5687,/New_Volume/trade-finance/final_delivery/classification_training/V2_Final_Training_Data/PI/Proforma_Invoice_112_0.png,PI
5688,/New_Volume/trade-finance/final_delivery/classification_training/V2_Final_Training_Data/PI/Proforma_Invoice_97_1.png,PI
5689,/New_Volume/trade-finance/final_delivery/classification_training/V2_Final_Training_Data/PI/Proforma_Invoice_85_0.png,PI
5690,/New_Volume/trade-finance/final_delivery/classification_training/V2_Final_Training_Data/PI/Proforma_Invoice_95_0.png,PI
5691,/New_Volume/trade-finance/final_delivery/classification_training/V2_Final_Training_Data/PI/Proforma_Invoice_361_0.png,PI
5692,/New_Volume/trade-finance/final_delivery/classification_training/V2_Final_Training_Data/PI/Proforma_Invoice_297_1.png,PI
5693,/New_Volume/trade-finance/final_delivery/classification_training/V2_Final_Training_Data/PI/Proforma_Invoice_191_0.png,PI
5694,/New_Volume/trade-finance/final_delivery/classification_training/V2_Final_Training_Data/PI/Proforma_Invoice_520_0.png,PI
5695,/New_Volume/trade-finance/final_delivery/classification_training/V2_Final_Training_Data/PI/Proforma_Invoice_86_0.png,PI
5696,/New_Volume/trade-finance/final_delivery/classification_training/V2_Final_Training_Data/PI/Proforma_Invoice_540_1.png,PI
5697,/New_Volume/trade-finance/final_delivery/classification_training/V2_Final_Training_Data/PI/Proforma_Invoice_214_0.png,PI
5698,/New_Volume/trade-finance/final_delivery/classification_training/V2_Final_Training_Data/PI/Proforma_Invoice_166_0.png,PI
5699,/New_Volume/trade-finance/final_delivery/classification_training/V2_Final_Training_Data/PI/Proforma_Invoice_194_0.png,PI
5700,/New_Volume/trade-finance/final_delivery/classification_training/V2_Final_Training_Data/PI/Proforma_Invoice_443_0.png,PI
5701,/New_Volume/trade-finance/final_delivery/classification_training/V2_Final_Training_Data/PI/Proforma_Invoice_267_2.png,PI
5702,/New_Volume/trade-finance/final_delivery/classification_training/V2_Final_Training_Data/PI/Proforma_Invoice_307_0.png,PI
5703,/New_Volume/trade-finance/final_delivery/classification_training/V2_Final_Training_Data/PI/Proforma_Invoice_157_0.png,PI
5704,/New_Volume/trade-finance/final_delivery/classification_training/V2_Final_Training_Data/PI/Proforma_Invoice_555_0.png,PI
5705,/New_Volume/trade-finance/final_delivery/classification_training/V2_Final_Training_Data/PI/Proforma_Invoice_309_0.png,PI
5706,/New_Volume/trade-finance/final_delivery/classification_training/V2_Final_Training_Data/PI/Proforma_Invoice_179_0.png,PI
5707,/New_Volume/trade-finance/final_delivery/classification_training/V2_Final_Training_Data/PI/Proforma_Invoice_425_0.png,PI
5708,/New_Volume/trade-finance/final_delivery/classification_training/V2_Final_Training_Data/PI/Proforma_Invoice_188_0.png,PI
5709,/New_Volume/trade-finance/final_delivery/classification_training/V2_Final_Training_Data/PI/Proforma_Invoice_154_3.png,PI
5710,/New_Volume/trade-finance/final_delivery/classification_training/V2_Final_Training_Data/PI/Proforma_Invoice_352_0.png,PI
5711,/New_Volume/trade-finance/final_delivery/classification_training/V2_Final_Training_Data/PI/Proforma_Invoice_365_0.png,PI
5712,/New_Volume/trade-finance/final_delivery/classification_training/V2_Final_Training_Data/PI/Proforma_Invoice_536_0.png,PI
5713,/New_Volume/trade-finance/final_delivery/classification_training/V2_Final_Training_Data/PI/Proforma_Invoice_168_0.png,PI
5714,/New_Volume/trade-finance/final_delivery/classification_training/V2_Final_Training_Data/PI/Proforma_Invoice_590_2.png,PI
5715,/New_Volume/trade-finance/final_delivery/classification_training/V2_Final_Training_Data/PI/Proforma_Invoice_192_0.png,PI
5716,/New_Volume/trade-finance/final_delivery/classification_training/V2_Final_Training_Data/PI/Proforma_Invoice_573_0.png,PI
5717,/New_Volume/trade-finance/final_delivery/classification_training/V2_Final_Training_Data/PI/Proforma_Invoice_297_3.png,PI
5718,/New_Volume/trade-finance/final_delivery/classification_training/V2_Final_Training_Data/PI/Proforma_Invoice_348_0.png,PI
5719,/New_Volume/trade-finance/final_delivery/classification_training/V2_Final_Training_Data/PI/Proforma_Invoice_595_0.png,PI
5720,/New_Volume/trade-finance/final_delivery/classification_training/V2_Final_Training_Data/PI/Proforma_Invoice_208_0.png,PI
5721,/New_Volume/trade-finance/final_delivery/classification_training/V2_Final_Training_Data/PI/Proforma_Invoice_564_0.png,PI
5722,/New_Volume/trade-finance/final_delivery/classification_training/V2_Final_Training_Data/PI/Proforma_Invoice_492_0.png,PI
5723,/New_Volume/trade-finance/final_delivery/classification_training/V2_Final_Training_Data/PI/Proforma_Invoice_474_0.png,PI
5724,/New_Volume/trade-finance/final_delivery/classification_training/V2_Final_Training_Data/PI/Proforma_Invoice_432_0.png,PI
5725,/New_Volume/trade-finance/final_delivery/classification_training/V2_Final_Training_Data/PI/Proforma_Invoice_66_0.png,PI
5726,/New_Volume/trade-finance/final_delivery/classification_training/V2_Final_Training_Data/PI/Proforma_Invoice_396_0.png,PI
5727,/New_Volume/trade-finance/final_delivery/classification_training/V2_Final_Training_Data/PI/Proforma_Invoice_478_3.png,PI
5728,/New_Volume/trade-finance/final_delivery/classification_training/V2_Final_Training_Data/PI/Proforma_Invoice_440_0.png,PI
5729,/New_Volume/trade-finance/final_delivery/classification_training/V2_Final_Training_Data/PI/Proforma_Invoice_242_0.png,PI
5730,/New_Volume/trade-finance/final_delivery/classification_training/V2_Final_Training_Data/PI/Proforma_Invoice_198_3.png,PI
5731,/New_Volume/trade-finance/final_delivery/classification_training/V2_Final_Training_Data/PI/Proforma_Invoice_572_0.png,PI
5732,/New_Volume/trade-finance/final_delivery/classification_training/V2_Final_Training_Data/PI/Proforma_Invoice_98_0.png,PI
5733,/New_Volume/trade-finance/final_delivery/classification_training/V2_Final_Training_Data/PI/Proforma_Invoice_167_0.png,PI
5734,/New_Volume/trade-finance/final_delivery/classification_training/V2_Final_Training_Data/PI/Proforma_Invoice_272_0.png,PI
5735,/New_Volume/trade-finance/final_delivery/classification_training/V2_Final_Training_Data/PI/Proforma_Invoice_341_1.png,PI
5736,/New_Volume/trade-finance/final_delivery/classification_training/V2_Final_Training_Data/PI/Proforma_Invoice_185_0.png,PI
5737,/New_Volume/trade-finance/final_delivery/classification_training/V2_Final_Training_Data/PI/Proforma_Invoice_267_1.png,PI
5738,/New_Volume/trade-finance/final_delivery/classification_training/V2_Final_Training_Data/PI/Proforma_Invoice_277_0.png,PI
5739,/New_Volume/trade-finance/final_delivery/classification_training/V2_Final_Training_Data/PI/Proforma_Invoice_557_0.png,PI
5740,/New_Volume/trade-finance/final_delivery/classification_training/V2_Final_Training_Data/PI/Proforma_Invoice_530_0.png,PI
5741,/New_Volume/trade-finance/final_delivery/classification_training/V2_Final_Training_Data/PI/Proforma_Invoice_143_0.png,PI
5742,/New_Volume/trade-finance/final_delivery/classification_training/V2_Final_Training_Data/PI/Proforma_Invoice_565_0.png,PI
5743,/New_Volume/trade-finance/final_delivery/classification_training/V2_Final_Training_Data/PI/Proforma_Invoice_103_0.png,PI
5744,/New_Volume/trade-finance/final_delivery/classification_training/V2_Final_Training_Data/PI/Proforma_Invoice_238_0.png,PI
5745,/New_Volume/trade-finance/final_delivery/classification_training/V2_Final_Training_Data/PI/Proforma_Invoice_115_0.png,PI
5746,/New_Volume/trade-finance/final_delivery/classification_training/V2_Final_Training_Data/PI/Proforma_Invoice_472_0.png,PI
5747,/New_Volume/trade-finance/final_delivery/classification_training/V2_Final_Training_Data/PI/Proforma_Invoice_97_0.png,PI
5748,/New_Volume/trade-finance/final_delivery/classification_training/V2_Final_Training_Data/PI/Proforma_Invoice_511_0.png,PI
5749,/New_Volume/trade-finance/final_delivery/classification_training/V2_Final_Training_Data/PI/Proforma_Invoice_336_0.png,PI
5750,/New_Volume/trade-finance/final_delivery/classification_training/V2_Final_Training_Data/PI/Proforma_Invoice_534_0.png,PI
5751,/New_Volume/trade-finance/final_delivery/classification_training/V2_Final_Training_Data/PI/Proforma_Invoice_485_0.png,PI
5752,/New_Volume/trade-finance/final_delivery/classification_training/V2_Final_Training_Data/PI/Proforma_Invoice_137_0.png,PI
5753,/New_Volume/trade-finance/final_delivery/classification_training/V2_Final_Training_Data/PI/Proforma_Invoice_488_0.png,PI
5754,/New_Volume/trade-finance/final_delivery/classification_training/V2_Final_Training_Data/PI/Proforma_Invoice_121_0.png,PI
5755,/New_Volume/trade-finance/final_delivery/classification_training/V2_Final_Training_Data/PI/Proforma_Invoice_476_3.png,PI
5756,/New_Volume/trade-finance/final_delivery/classification_training/V2_Final_Training_Data/PI/Proforma_Invoice_276_0.png,PI
5757,/New_Volume/trade-finance/final_delivery/classification_training/V2_Final_Training_Data/PI/Proforma_Invoice_173_2.png,PI
5758,/New_Volume/trade-finance/final_delivery/classification_training/V2_Final_Training_Data/PI/Proforma_Invoice_204_1.png,PI
5759,/New_Volume/trade-finance/final_delivery/classification_training/V2_Final_Training_Data/PI/Proforma_Invoice_201_1.png,PI
5760,/New_Volume/trade-finance/final_delivery/classification_training/V2_Final_Training_Data/PI/Proforma_Invoice_114_0.png,PI
5761,/New_Volume/trade-finance/final_delivery/classification_training/V2_Final_Training_Data/PI/Proforma_Invoice_102_0.png,PI
5762,/New_Volume/trade-finance/final_delivery/classification_training/V2_Final_Training_Data/PI/Proforma_Invoice_240_0.png,PI
5763,/New_Volume/trade-finance/final_delivery/classification_training/V2_Final_Training_Data/PI/Proforma_Invoice_479_0.png,PI
5764,/New_Volume/trade-finance/final_delivery/classification_training/V2_Final_Training_Data/PI/Proforma_Invoice_528_0.png,PI
5765,/New_Volume/trade-finance/final_delivery/classification_training/V2_Final_Training_Data/PI/Proforma_Invoice_454_5.png,PI
5766,/New_Volume/trade-finance/final_delivery/classification_training/V2_Final_Training_Data/PI/Proforma_Invoice_380_0.png,PI
5767,/New_Volume/trade-finance/final_delivery/classification_training/V2_Final_Training_Data/PI/Proforma_Invoice_96_2.png,PI
5768,/New_Volume/trade-finance/final_delivery/classification_training/V2_Final_Training_Data/PI/Proforma_Invoice_186_0.png,PI
5769,/New_Volume/trade-finance/final_delivery/classification_training/V2_Final_Training_Data/PI/Proforma_Invoice_381_0.png,PI
5770,/New_Volume/trade-finance/final_delivery/classification_training/V2_Final_Training_Data/PI/Proforma_Invoice_598_0.png,PI
5771,/New_Volume/trade-finance/final_delivery/classification_training/V2_Final_Training_Data/PI/Proforma_Invoice_145_0.png,PI
5772,/New_Volume/trade-finance/final_delivery/classification_training/V2_Final_Training_Data/PI/Proforma_Invoice_341_2.png,PI
5773,/New_Volume/trade-finance/final_delivery/classification_training/V2_Final_Training_Data/PI/Proforma_Invoice_173_0.png,PI
5774,/New_Volume/trade-finance/final_delivery/classification_training/V2_Final_Training_Data/PI/Proforma_Invoice_334_0.png,PI
5775,/New_Volume/trade-finance/final_delivery/classification_training/V2_Final_Training_Data/PI/Proforma_Invoice_216_0.png,PI
5776,/New_Volume/trade-finance/final_delivery/classification_training/V2_Final_Training_Data/PI/Proforma_Invoice_349_0.png,PI
5777,/New_Volume/trade-finance/final_delivery/classification_training/V2_Final_Training_Data/PI/Proforma_Invoice_156_0.png,PI
5778,/New_Volume/trade-finance/final_delivery/classification_training/V2_Final_Training_Data/PI/Proforma_Invoice_509_0.png,PI
5779,/New_Volume/trade-finance/final_delivery/classification_training/V2_Final_Training_Data/PI/Proforma_Invoice_383_0.png,PI
5780,/New_Volume/trade-finance/final_delivery/classification_training/V2_Final_Training_Data/PI/Proforma_Invoice_154_1.png,PI
5781,/New_Volume/trade-finance/final_delivery/classification_training/V2_Final_Training_Data/PI/Proforma_Invoice_243_0.png,PI
5782,/New_Volume/trade-finance/final_delivery/classification_training/V2_Final_Training_Data/PI/Proforma_Invoice_239_2.png,PI
5783,/New_Volume/trade-finance/final_delivery/classification_training/V2_Final_Training_Data/PI/Proforma_Invoice_589_0.png,PI
5784,/New_Volume/trade-finance/final_delivery/classification_training/V2_Final_Training_Data/PI/Proforma_Invoice_212_0.png,PI
5785,/New_Volume/trade-finance/final_delivery/classification_training/V2_Final_Training_Data/PI/Proforma_Invoice_224_0.png,PI
5786,/New_Volume/trade-finance/final_delivery/classification_training/V2_Final_Training_Data/PI/Proforma_Invoice_262_0.png,PI
5787,/New_Volume/trade-finance/final_delivery/classification_training/V2_Final_Training_Data/PI/Proforma_Invoice_140_0.png,PI
5788,/New_Volume/trade-finance/final_delivery/classification_training/V2_Final_Training_Data/PI/Proforma_Invoice_120_0.png,PI
5789,/New_Volume/trade-finance/final_delivery/classification_training/V2_Final_Training_Data/PI/Proforma_Invoice_533_0.png,PI
5790,/New_Volume/trade-finance/final_delivery/classification_training/V2_Final_Training_Data/PI/Proforma_Invoice_593_0.png,PI
5791,/New_Volume/trade-finance/final_delivery/classification_training/V2_Final_Training_Data/PI/Proforma_Invoice_394_0.png,PI
5792,/New_Volume/trade-finance/final_delivery/classification_training/V2_Final_Training_Data/PI/Proforma_Invoice_156_2.png,PI
5793,/New_Volume/trade-finance/final_delivery/classification_training/V2_Final_Training_Data/PI/Proforma_Invoice_579_0.png,PI
5794,/New_Volume/trade-finance/final_delivery/classification_training/V2_Final_Training_Data/PI/Proforma_Invoice_76_1.png,PI
5795,/New_Volume/trade-finance/final_delivery/classification_training/V2_Final_Training_Data/PI/Proforma_Invoice_509_1.png,PI
5796,/New_Volume/trade-finance/final_delivery/classification_training/V2_Final_Training_Data/PI/Proforma_Invoice_122_0.png,PI
5797,/New_Volume/trade-finance/final_delivery/classification_training/V2_Final_Training_Data/PI/Proforma_Invoice_218_0.png,PI
5798,/New_Volume/trade-finance/final_delivery/classification_training/V2_Final_Training_Data/PI/Proforma_Invoice_58_0.png,PI
5799,/New_Volume/trade-finance/final_delivery/classification_training/V2_Final_Training_Data/PI/Proforma_Invoice_558_0.png,PI
5800,/New_Volume/trade-finance/final_delivery/classification_training/V2_Final_Training_Data/PI/Proforma_Invoice_74_0.png,PI
5801,/New_Volume/trade-finance/final_delivery/classification_training/V2_Final_Training_Data/PI/Proforma_Invoice_63_0.png,PI
5802,/New_Volume/trade-finance/final_delivery/classification_training/V2_Final_Training_Data/PI/Proforma_Invoice_220_0.png,PI
5803,/New_Volume/trade-finance/final_delivery/classification_training/V2_Final_Training_Data/PI/Proforma_Invoice_152_0.png,PI
5804,/New_Volume/trade-finance/final_delivery/classification_training/V2_Final_Training_Data/PI/Proforma_Invoice_539_0.png,PI
5805,/New_Volume/trade-finance/final_delivery/classification_training/V2_Final_Training_Data/PI/Proforma_Invoice_224_3.png,PI
5806,/New_Volume/trade-finance/final_delivery/classification_training/V2_Final_Training_Data/PI/Proforma_Invoice_149_1.png,PI
5807,/New_Volume/trade-finance/final_delivery/classification_training/V2_Final_Training_Data/PI/Proforma_Invoice_118_0.png,PI
5808,/New_Volume/trade-finance/final_delivery/classification_training/V2_Final_Training_Data/PI/Proforma_Invoice_324_0.png,PI
5809,/New_Volume/trade-finance/final_delivery/classification_training/V2_Final_Training_Data/PI/Proforma_Invoice_77_1.png,PI
5810,/New_Volume/trade-finance/final_delivery/classification_training/V2_Final_Training_Data/PI/Proforma_Invoice_247_0.png,PI
5811,/New_Volume/trade-finance/final_delivery/classification_training/V2_Final_Training_Data/PI/Proforma_Invoice_67_0.png,PI
5812,/New_Volume/trade-finance/final_delivery/classification_training/V2_Final_Training_Data/PI/Proforma_Invoice_576_2.png,PI
5813,/New_Volume/trade-finance/final_delivery/classification_training/V2_Final_Training_Data/PI/Proforma_Invoice_253_0.png,PI
5814,/New_Volume/trade-finance/final_delivery/classification_training/V2_Final_Training_Data/PI/Proforma_Invoice_559_0.png,PI
5815,/New_Volume/trade-finance/final_delivery/classification_training/V2_Final_Training_Data/PI/Proforma_Invoice_131_0.png,PI
5816,/New_Volume/trade-finance/final_delivery/classification_training/V2_Final_Training_Data/PI/Proforma_Invoice_97_3.png,PI
5817,/New_Volume/trade-finance/final_delivery/classification_training/V2_Final_Training_Data/PI/Proforma_Invoice_514_0.png,PI
5818,/New_Volume/trade-finance/final_delivery/classification_training/V2_Final_Training_Data/PI/Proforma_Invoice_553_0.png,PI
5819,/New_Volume/trade-finance/final_delivery/classification_training/V2_Final_Training_Data/PI/Proforma_Invoice_203_1.png,PI
5820,/New_Volume/trade-finance/final_delivery/classification_training/V2_Final_Training_Data/PI/Proforma_Invoice_67_1.png,PI
5821,/New_Volume/trade-finance/final_delivery/classification_training/V2_Final_Training_Data/PI/Proforma_Invoice_382_0.png,PI
5822,/New_Volume/trade-finance/final_delivery/classification_training/V2_Final_Training_Data/PI/Proforma_Invoice_239_3.png,PI
5823,/New_Volume/trade-finance/final_delivery/classification_training/V2_Final_Training_Data/PI/Proforma_Invoice_268_0.png,PI
5824,/New_Volume/trade-finance/final_delivery/classification_training/V2_Final_Training_Data/PI/Proforma_Invoice_198_0.png,PI
5825,/New_Volume/trade-finance/final_delivery/classification_training/V2_Final_Training_Data/PI/Proforma_Invoice_328_0.png,PI
5826,/New_Volume/trade-finance/final_delivery/classification_training/V2_Final_Training_Data/PI/Proforma_Invoice_72_0.png,PI
5827,/New_Volume/trade-finance/final_delivery/classification_training/V2_Final_Training_Data/PI/Proforma_Invoice_225_0.png,PI
5828,/New_Volume/trade-finance/final_delivery/classification_training/V2_Final_Training_Data/PI/Proforma_Invoice_297_2.png,PI
5829,/New_Volume/trade-finance/final_delivery/classification_training/V2_Final_Training_Data/PI/Proforma_Invoice_550_2.png,PI
5830,/New_Volume/trade-finance/final_delivery/classification_training/V2_Final_Training_Data/PI/Proforma_Invoice_427_1.png,PI
5831,/New_Volume/trade-finance/final_delivery/classification_training/V2_Final_Training_Data/PI/Proforma_Invoice_166_1.png,PI
5832,/New_Volume/trade-finance/final_delivery/classification_training/V2_Final_Training_Data/PI/Proforma_Invoice_267_3.png,PI
5833,/New_Volume/trade-finance/final_delivery/classification_training/V2_Final_Training_Data/PI/Proforma_Invoice_224_2.png,PI
5834,/New_Volume/trade-finance/final_delivery/classification_training/V2_Final_Training_Data/PI/Proforma_Invoice_297_0.png,PI
5835,/New_Volume/trade-finance/final_delivery/classification_training/V2_Final_Training_Data/PI/Proforma_Invoice_417_0.png,PI
5836,/New_Volume/trade-finance/final_delivery/classification_training/V2_Final_Training_Data/PI/Proforma_Invoice_181_0.png,PI
5837,/New_Volume/trade-finance/final_delivery/classification_training/V2_Final_Training_Data/PI/Proforma_Invoice_156_1.png,PI
5838,/New_Volume/trade-finance/final_delivery/classification_training/V2_Final_Training_Data/PI/Proforma_Invoice_480_0.png,PI
5839,/New_Volume/trade-finance/final_delivery/classification_training/V2_Final_Training_Data/PI/Proforma_Invoice_395_0.png,PI
5840,/New_Volume/trade-finance/final_delivery/classification_training/V2_Final_Training_Data/PI/Proforma_Invoice_203_2.png,PI
5841,/New_Volume/trade-finance/final_delivery/classification_training/V2_Final_Training_Data/PI/Proforma_Invoice_255_2.png,PI
5842,/New_Volume/trade-finance/final_delivery/classification_training/V2_Final_Training_Data/PI/Proforma_Invoice_80_0.png,PI
5843,/New_Volume/trade-finance/final_delivery/classification_training/V2_Final_Training_Data/PI/Proforma_Invoice_413_1.png,PI
5844,/New_Volume/trade-finance/final_delivery/classification_training/V2_Final_Training_Data/PI/Proforma_Invoice_313_0.png,PI
5845,/New_Volume/trade-finance/final_delivery/classification_training/V2_Final_Training_Data/PI/Proforma_Invoice_175_0.png,PI
5846,/New_Volume/trade-finance/final_delivery/classification_training/V2_Final_Training_Data/PI/Proforma_Invoice_174_0.png,PI
5847,/New_Volume/trade-finance/final_delivery/classification_training/V2_Final_Training_Data/PI/Proforma_Invoice_482_0.png,PI
5848,/New_Volume/trade-finance/final_delivery/classification_training/V2_Final_Training_Data/PI/Proforma_Invoice_478_0.png,PI
5849,/New_Volume/trade-finance/final_delivery/classification_training/V2_Final_Training_Data/PI/Proforma_Invoice_239_4.png,PI
5850,/New_Volume/trade-finance/final_delivery/classification_training/V2_Final_Training_Data/PI/Proforma_Invoice_331_0.png,PI
5851,/New_Volume/trade-finance/final_delivery/classification_training/V2_Final_Training_Data/PI/Proforma_Invoice_166_3.png,PI
5852,/New_Volume/trade-finance/final_delivery/classification_training/V2_Final_Training_Data/PI/Proforma_Invoice_287_0.png,PI
5853,/New_Volume/trade-finance/final_delivery/classification_training/V2_Final_Training_Data/PI/Proforma_Invoice_88_0.png,PI
5854,/New_Volume/trade-finance/final_delivery/classification_training/V2_Final_Training_Data/PI/Proforma_Invoice_189_0.png,PI
5855,/New_Volume/trade-finance/final_delivery/classification_training/V2_Final_Training_Data/PI/Proforma_Invoice_255_1.png,PI
5856,/New_Volume/trade-finance/final_delivery/classification_training/V2_Final_Training_Data/PI/Proforma_Invoice_341_0.png,PI
5857,/New_Volume/trade-finance/final_delivery/classification_training/V2_Final_Training_Data/PI/Proforma_Invoice_217_0.png,PI
5858,/New_Volume/trade-finance/final_delivery/classification_training/V2_Final_Training_Data/PI/Proforma_Invoice_229_0.png,PI
5859,/New_Volume/trade-finance/final_delivery/classification_training/V2_Final_Training_Data/PI/Proforma_Invoice_454_3.png,PI
5860,/New_Volume/trade-finance/final_delivery/classification_training/V2_Final_Training_Data/PI/Proforma_Invoice_96_3.png,PI
5861,/New_Volume/trade-finance/final_delivery/classification_training/V2_Final_Training_Data/PI/Proforma_Invoice_428_0.png,PI
5862,/New_Volume/trade-finance/final_delivery/classification_training/V2_Final_Training_Data/PI/Proforma_Invoice_117_0.png,PI
5863,/New_Volume/trade-finance/final_delivery/classification_training/V2_Final_Training_Data/PI/Proforma_Invoice_535_1.png,PI
5864,/New_Volume/trade-finance/final_delivery/classification_training/V2_Final_Training_Data/PI/Proforma_Invoice_381_1.png,PI
5865,/New_Volume/trade-finance/final_delivery/classification_training/V2_Final_Training_Data/PI/Proforma_Invoice_113_0.png,PI
5866,/New_Volume/trade-finance/final_delivery/classification_training/V2_Final_Training_Data/PI/Proforma_Invoice_486_0.png,PI
5867,/New_Volume/trade-finance/final_delivery/classification_training/V2_Final_Training_Data/PI/Proforma_Invoice_204_3.png,PI
5868,/New_Volume/trade-finance/final_delivery/classification_training/V2_Final_Training_Data/PI/Proforma_Invoice_127_0.png,PI
5869,/New_Volume/trade-finance/final_delivery/classification_training/V2_Final_Training_Data/PI/Proforma_Invoice_276_1.png,PI
5870,/New_Volume/trade-finance/final_delivery/classification_training/V2_Final_Training_Data/PI/Proforma_Invoice_478_2.png,PI
5871,/New_Volume/trade-finance/final_delivery/classification_training/V2_Final_Training_Data/PI/Proforma_Invoice_227_0.png,PI
5872,/New_Volume/trade-finance/final_delivery/classification_training/V2_Final_Training_Data/PI/Proforma_Invoice_42_4.png,PI
5873,/New_Volume/trade-finance/final_delivery/classification_training/V2_Final_Training_Data/PI/Proforma_Invoice_124_0.png,PI
5874,/New_Volume/trade-finance/final_delivery/classification_training/V2_Final_Training_Data/PI/Proforma_Invoice_422_0.png,PI
5875,/New_Volume/trade-finance/final_delivery/classification_training/V2_Final_Training_Data/PI/Proforma_Invoice_210_0.png,PI
5876,/New_Volume/trade-finance/final_delivery/classification_training/V2_Final_Training_Data/PI/Proforma_Invoice_427_0.png,PI
5877,/New_Volume/trade-finance/final_delivery/classification_training/V2_Final_Training_Data/PI/Proforma_Invoice_397_0.png,PI
5878,/New_Volume/trade-finance/final_delivery/classification_training/V2_Final_Training_Data/PI/Proforma_Invoice_267_4.png,PI
5879,/New_Volume/trade-finance/final_delivery/classification_training/V2_Final_Training_Data/PI/Proforma_Invoice_213_0.png,PI
5880,/New_Volume/trade-finance/final_delivery/classification_training/V2_Final_Training_Data/PI/Proforma_Invoice_476_0.png,PI
5881,/New_Volume/trade-finance/final_delivery/classification_training/V2_Final_Training_Data/PI/Proforma_Invoice_580_0.png,PI
5882,/New_Volume/trade-finance/final_delivery/classification_training/V2_Final_Training_Data/PI/Proforma_Invoice_75_0.png,PI
5883,/New_Volume/trade-finance/final_delivery/classification_training/V2_Final_Training_Data/PI/Proforma_Invoice_399_0.png,PI
5884,/New_Volume/trade-finance/final_delivery/classification_training/V2_Final_Training_Data/PI/Proforma_Invoice_125_0.png,PI
5885,/New_Volume/trade-finance/final_delivery/classification_training/V2_Final_Training_Data/PI/Proforma_Invoice_129_0.png,PI
5886,/New_Volume/trade-finance/final_delivery/classification_training/V2_Final_Training_Data/PI/Proforma_Invoice_267_0.png,PI
5887,/New_Volume/trade-finance/final_delivery/classification_training/V2_Final_Training_Data/PI/Proforma_Invoice_156_3.png,PI
5888,/New_Volume/trade-finance/final_delivery/classification_training/V2_Final_Training_Data/PI/Proforma_Invoice_255_9.png,PI
5889,/New_Volume/trade-finance/final_delivery/classification_training/V2_Final_Training_Data/PI/Proforma_Invoice_160_0.png,PI
5890,/New_Volume/trade-finance/final_delivery/classification_training/V2_Final_Training_Data/PI/Proforma_Invoice_163_0.png,PI
5891,/New_Volume/trade-finance/final_delivery/classification_training/V2_Final_Training_Data/PI/Proforma_Invoice_584_1.png,PI
5892,/New_Volume/trade-finance/final_delivery/classification_training/V2_Final_Training_Data/PI/Proforma_Invoice_144_0.png,PI
5893,/New_Volume/trade-finance/final_delivery/classification_training/V2_Final_Training_Data/PI/Proforma_Invoice_110_0.png,PI
5894,/New_Volume/trade-finance/final_delivery/classification_training/V2_Final_Training_Data/PI/Proforma_Invoice_109_0.png,PI
5895,/New_Volume/trade-finance/final_delivery/classification_training/V2_Final_Training_Data/PI/Proforma_Invoice_298_0.png,PI
5896,/New_Volume/trade-finance/final_delivery/classification_training/V2_Final_Training_Data/PI/Proforma_Invoice_583_0.png,PI
5897,/New_Volume/trade-finance/final_delivery/classification_training/V2_Final_Training_Data/PI/Proforma_Invoice_255_8.png,PI
5898,/New_Volume/trade-finance/final_delivery/classification_training/V2_Final_Training_Data/PI/Proforma_Invoice_537_0.png,PI
5899,/New_Volume/trade-finance/final_delivery/classification_training/V2_Final_Training_Data/PI/Proforma_Invoice_135_0.png,PI
5900,/New_Volume/trade-finance/final_delivery/classification_training/V2_Final_Training_Data/PI/Proforma_Invoice_255_5.png,PI
5901,/New_Volume/trade-finance/final_delivery/classification_training/V2_Final_Training_Data/PI/Proforma_Invoice_167_1.png,PI
5902,/New_Volume/trade-finance/final_delivery/classification_training/V2_Final_Training_Data/PI/Proforma_Invoice_76_0.png,PI
5903,/New_Volume/trade-finance/final_delivery/classification_training/V2_Final_Training_Data/PI/Proforma_Invoice_282_0.png,PI
5904,/New_Volume/trade-finance/final_delivery/classification_training/V2_Final_Training_Data/PI/Proforma_Invoice_321_0.png,PI
5905,/New_Volume/trade-finance/final_delivery/classification_training/V2_Final_Training_Data/PI/Proforma_Invoice_591_0.png,PI
5906,/New_Volume/trade-finance/final_delivery/classification_training/V2_Final_Training_Data/PI/Proforma_Invoice_592_0.png,PI
5907,/New_Volume/trade-finance/final_delivery/classification_training/V2_Final_Training_Data/PI/Proforma_Invoice_407_0.png,PI
5908,/New_Volume/trade-finance/final_delivery/classification_training/V2_Final_Training_Data/PI/Proforma_Invoice_150_2.png,PI
5909,/New_Volume/trade-finance/final_delivery/classification_training/V2_Final_Training_Data/PI/Proforma_Invoice_159_1.png,PI
5910,/New_Volume/trade-finance/final_delivery/classification_training/V2_Final_Training_Data/PI/Proforma_Invoice_167_2.png,PI
5911,/New_Volume/trade-finance/final_delivery/classification_training/V2_Final_Training_Data/PI/Proforma_Invoice_543_0.png,PI
5912,/New_Volume/trade-finance/final_delivery/classification_training/V2_Final_Training_Data/PI/Proforma_Invoice_164_0.png,PI
5913,/New_Volume/trade-finance/final_delivery/classification_training/V2_Final_Training_Data/PI/Proforma_Invoice_123_0.png,PI
5914,/New_Volume/trade-finance/final_delivery/classification_training/V2_Final_Training_Data/PI/Proforma_Invoice_484_0.png,PI
5915,/New_Volume/trade-finance/final_delivery/classification_training/V2_Final_Training_Data/PI/Proforma_Invoice_323_0.png,PI
5916,/New_Volume/trade-finance/final_delivery/classification_training/V2_Final_Training_Data/PI/Proforma_Invoice_170_0.png,PI
5917,/New_Volume/trade-finance/final_delivery/classification_training/V2_Final_Training_Data/PI/Proforma_Invoice_166_2.png,PI
5918,/New_Volume/trade-finance/final_delivery/classification_training/V2_Final_Training_Data/PI/Proforma_Invoice_467_0.png,PI
5919,/New_Volume/trade-finance/final_delivery/classification_training/V2_Final_Training_Data/PI/Proforma_Invoice_451_0.png,PI
5920,/New_Volume/trade-finance/final_delivery/classification_training/V2_Final_Training_Data/PI/Proforma_Invoice_481_0.png,PI
5921,/New_Volume/trade-finance/final_delivery/classification_training/V2_Final_Training_Data/PI/Proforma_Invoice_183_0.png,PI
5922,/New_Volume/trade-finance/final_delivery/classification_training/V2_Final_Training_Data/PI/Proforma_Invoice_79_0.png,PI
5923,/New_Volume/trade-finance/final_delivery/classification_training/V2_Final_Training_Data/PI/Proforma_Invoice_127_2.png,PI
5924,/New_Volume/trade-finance/final_delivery/classification_training/V2_Final_Training_Data/PI/Proforma_Invoice_255_3.png,PI
5925,/New_Volume/trade-finance/final_delivery/classification_training/V2_Final_Training_Data/PI/Proforma_Invoice_201_0.png,PI
5926,/New_Volume/trade-finance/final_delivery/classification_training/V2_Final_Training_Data/PI/Proforma_Invoice_42_3.png,PI
5927,/New_Volume/trade-finance/final_delivery/classification_training/V2_Final_Training_Data/PI/Proforma_Invoice_576_1.png,PI
5928,/New_Volume/trade-finance/final_delivery/classification_training/V2_Final_Training_Data/PI/Proforma_Invoice_239_1.png,PI
5929,/New_Volume/trade-finance/final_delivery/classification_training/V2_Final_Training_Data/PI/Proforma_Invoice_578_1.png,PI
5930,/New_Volume/trade-finance/final_delivery/classification_training/V2_Final_Training_Data/PI/Proforma_Invoice_180_0.png,PI
5931,/New_Volume/trade-finance/final_delivery/classification_training/V2_Final_Training_Data/PI/Proforma_Invoice_204_2.png,PI
5932,/New_Volume/trade-finance/final_delivery/classification_training/V2_Final_Training_Data/PI/Proforma_Invoice_590_0.png,PI
5933,/New_Volume/trade-finance/final_delivery/classification_training/V2_Final_Training_Data/PI/Proforma_Invoice_182_0.png,PI
5934,/New_Volume/trade-finance/final_delivery/classification_training/V2_Final_Training_Data/PI/Proforma_Invoice_597_0.png,PI
5935,/New_Volume/trade-finance/final_delivery/classification_training/V2_Final_Training_Data/PI/Proforma_Invoice_167_3.png,PI
5936,/New_Volume/trade-finance/final_delivery/classification_training/V2_Final_Training_Data/PI/Proforma_Invoice_42_1.png,PI
5937,/New_Volume/trade-finance/final_delivery/classification_training/V2_Final_Training_Data/PI/Proforma_Invoice_127_1.png,PI
5938,/New_Volume/trade-finance/final_delivery/classification_training/V2_Final_Training_Data/PI/Proforma_Invoice_96_0.png,PI
5939,/New_Volume/trade-finance/final_delivery/classification_training/V2_Final_Training_Data/PI/Proforma_Invoice_42_2.png,PI
5940,/New_Volume/trade-finance/final_delivery/classification_training/V2_Final_Training_Data/PI/Proforma_Invoice_574_0.png,PI
5941,/New_Volume/trade-finance/final_delivery/classification_training/V2_Final_Training_Data/PI/Proforma_Invoice_353_0.png,PI
5942,/New_Volume/trade-finance/final_delivery/classification_training/V2_Final_Training_Data/PI/Proforma_Invoice_384_0.png,PI
5943,/New_Volume/trade-finance/final_delivery/classification_training/V2_Final_Training_Data/PI/Proforma_Invoice_388_1.png,PI
5944,/New_Volume/trade-finance/final_delivery/classification_training/V2_Final_Training_Data/PI/Proforma_Invoice_594_0.png,PI
5945,/New_Volume/trade-finance/final_delivery/classification_training/V2_Final_Training_Data/PI/Proforma_Invoice_424_1.png,PI
5946,/New_Volume/trade-finance/final_delivery/classification_training/V2_Final_Training_Data/PI/Proforma_Invoice_478_1.png,PI
5947,/New_Volume/trade-finance/final_delivery/classification_training/V2_Final_Training_Data/PI/Proforma_Invoice_405_0.png,PI
5948,/New_Volume/trade-finance/final_delivery/classification_training/V2_Final_Training_Data/PI/Proforma_Invoice_255_6.png,PI
5949,/New_Volume/trade-finance/final_delivery/classification_training/V2_Final_Training_Data/PI/Proforma_Invoice_198_1.png,PI
5950,/New_Volume/trade-finance/final_delivery/classification_training/V2_Final_Training_Data/PI/Proforma_Invoice_205_0.png,PI
5951,/New_Volume/trade-finance/final_delivery/classification_training/V2_Final_Training_Data/PI/Proforma_Invoice_285_0.png,PI
5952,/New_Volume/trade-finance/final_delivery/classification_training/V2_Final_Training_Data/PI/Proforma_Invoice_319_0.png,PI
5953,/New_Volume/trade-finance/final_delivery/classification_training/V2_Final_Training_Data/PI/Proforma_Invoice_308_0.png,PI
5954,/New_Volume/trade-finance/final_delivery/classification_training/V2_Final_Training_Data/PI/Proforma_Invoice_204_0.png,PI
5955,/New_Volume/trade-finance/final_delivery/classification_training/V2_Final_Training_Data/PI/Proforma_Invoice_550_1.png,PI
5956,/New_Volume/trade-finance/final_delivery/classification_training/V2_Final_Training_Data/PI/Proforma_Invoice_184_0.png,PI
5957,/New_Volume/trade-finance/final_delivery/classification_training/V2_Final_Training_Data/PI/Proforma_Invoice_454_0.png,PI
5958,/New_Volume/trade-finance/final_delivery/classification_training/V2_Final_Training_Data/PI/Proforma_Invoice_412_0.png,PI
5959,/New_Volume/trade-finance/final_delivery/classification_training/V2_Final_Training_Data/PI/Proforma_Invoice_94_0.png,PI
5960,/New_Volume/trade-finance/final_delivery/classification_training/V2_Final_Training_Data/PI/Proforma_Invoice_198_2.png,PI
5961,/New_Volume/trade-finance/final_delivery/classification_training/V2_Final_Training_Data/PI/Proforma_Invoice_550_0.png,PI
5962,/New_Volume/trade-finance/final_delivery/classification_training/V2_Final_Training_Data/PI/Proforma_Invoice_532_0.png,PI
5963,/New_Volume/trade-finance/final_delivery/classification_training/V2_Final_Training_Data/PI/Proforma_Invoice_241_0.png,PI
5964,/New_Volume/trade-finance/final_delivery/classification_training/V2_Final_Training_Data/PI/Proforma_Invoice_424_0.png,PI
5965,/New_Volume/trade-finance/final_delivery/classification_training/V2_Final_Training_Data/PI/Proforma_Invoice_237_0.png,PI
5966,/New_Volume/trade-finance/final_delivery/classification_training/V2_Final_Training_Data/PI/Proforma_Invoice_128_0.png,PI
5967,/New_Volume/trade-finance/final_delivery/classification_training/V2_Final_Training_Data/PI/Proforma_Invoice_420_0.png,PI
5968,/New_Volume/trade-finance/final_delivery/classification_training/V2_Final_Training_Data/PI/Proforma_Invoice_139_0.png,PI
5969,/New_Volume/trade-finance/final_delivery/classification_training/V2_Final_Training_Data/PI/Proforma_Invoice_370_0.png,PI
5970,/New_Volume/trade-finance/final_delivery/classification_training/V2_Final_Training_Data/PI/Proforma_Invoice_244_0.png,PI
5971,/New_Volume/trade-finance/final_delivery/classification_training/V2_Final_Training_Data/PI/Proforma_Invoice_261_0.png,PI
5972,/New_Volume/trade-finance/final_delivery/classification_training/V2_Final_Training_Data/PI/Proforma_Invoice_346_0.png,PI
5973,/New_Volume/trade-finance/final_delivery/classification_training/V2_Final_Training_Data/PI/Proforma_Invoice_233_0.png,PI
5974,/New_Volume/trade-finance/final_delivery/classification_training/V2_Final_Training_Data/PI/Proforma_Invoice_260_0.png,PI
5975,/New_Volume/trade-finance/final_delivery/classification_training/V2_Final_Training_Data/PI/Proforma_Invoice_596_0.png,PI
5976,/New_Volume/trade-finance/final_delivery/classification_training/V2_Final_Training_Data/PI/Proforma_Invoice_159_2.png,PI
5977,/New_Volume/trade-finance/final_delivery/classification_training/V2_Final_Training_Data/PI/Proforma_Invoice_256_0.png,PI
5978,/New_Volume/trade-finance/final_delivery/classification_training/V2_Final_Training_Data/PI/Proforma_Invoice_295_0.png,PI
5979,/New_Volume/trade-finance/final_delivery/classification_training/V2_Final_Training_Data/PI/Proforma_Invoice_585_0.png,PI
5980,/New_Volume/trade-finance/final_delivery/classification_training/V2_Final_Training_Data/PI/Proforma_Invoice_199_0.png,PI
5981,/New_Volume/trade-finance/final_delivery/classification_training/V2_Final_Training_Data/PI/Proforma_Invoice_569_0.png,PI
5982,/New_Volume/trade-finance/final_delivery/classification_training/V2_Final_Training_Data/PI/Proforma_Invoice_540_0.png,PI
5983,/New_Volume/trade-finance/final_delivery/classification_training/V2_Final_Training_Data/PI/Proforma_Invoice_257_0.png,PI
5984,/New_Volume/trade-finance/final_delivery/classification_training/V2_Final_Training_Data/PI/Proforma_Invoice_299_0.png,PI
5985,/New_Volume/trade-finance/final_delivery/classification_training/V2_Final_Training_Data/PI/Proforma_Invoice_97_2.png,PI
5986,/New_Volume/trade-finance/final_delivery/classification_training/V2_Final_Training_Data/PI/Proforma_Invoice_464_0.png,PI
5987,/New_Volume/trade-finance/final_delivery/classification_training/V2_Final_Training_Data/PI/Proforma_Invoice_43_0.png,PI
5988,/New_Volume/trade-finance/final_delivery/classification_training/V2_Final_Training_Data/PI/Proforma_Invoice_319_1.png,PI
5989,/New_Volume/trade-finance/final_delivery/classification_training/V2_Final_Training_Data/PI/Proforma_Invoice_206_0.png,PI
5990,/New_Volume/trade-finance/final_delivery/classification_training/V2_Final_Training_Data/PI/Proforma_Invoice_255_4.png,PI
5991,/New_Volume/trade-finance/final_delivery/classification_training/V2_Final_Training_Data/PI/Proforma_Invoice_508_0.png,PI
5992,/New_Volume/trade-finance/final_delivery/classification_training/V2_Final_Training_Data/PI/Proforma_Invoice_476_1.png,PI
5993,/New_Volume/trade-finance/final_delivery/classification_training/V2_Final_Training_Data/PI/Proforma_Invoice_322_0.png,PI
5994,/New_Volume/trade-finance/final_delivery/classification_training/V2_Final_Training_Data/PI/Proforma_Invoice_159_0.png,PI
5995,/New_Volume/trade-finance/final_delivery/classification_training/V2_Final_Training_Data/PI/Proforma_Invoice_376_0.png,PI
5996,/New_Volume/trade-finance/final_delivery/classification_training/V2_Final_Training_Data/PI/Proforma_Invoice_577_0.png,PI
5997,/New_Volume/trade-finance/final_delivery/classification_training/V2_Final_Training_Data/PI/Proforma_Invoice_71_0.png,PI
5998,/New_Volume/trade-finance/final_delivery/classification_training/V2_Final_Training_Data/PI/Proforma_Invoice_403_0.png,PI
5999,/New_Volume/trade-finance/final_delivery/classification_training/V2_Final_Training_Data/PI/Proforma_Invoice_197_0.png,PI
6000,/New_Volume/trade-finance/final_delivery/classification_training/V2_Final_Training_Data/PI/Proforma_Invoice_429_0.png,PI
6001,/New_Volume/trade-finance/final_delivery/classification_training/V2_Final_Training_Data/PI/Proforma_Invoice_521_0.png,PI
6002,/New_Volume/trade-finance/final_delivery/classification_training/V2_Final_Training_Data/PI/Proforma_Invoice_584_0.png,PI
6003,/New_Volume/trade-finance/final_delivery/classification_training/V2_Final_Training_Data/PI/Proforma_Invoice_96_1.png,PI
6004,/New_Volume/trade-finance/final_delivery/classification_training/V2_Final_Training_Data/PI/Proforma_Invoice_209_0.png,PI
6005,/New_Volume/trade-finance/final_delivery/classification_training/V2_Final_Training_Data/PI/Proforma_Invoice_81_0.png,PI
6006,/New_Volume/trade-finance/final_delivery/classification_training/V2_Final_Training_Data/PI/Proforma_Invoice_222_0.png,PI
6007,/New_Volume/trade-finance/final_delivery/classification_training/V2_Final_Training_Data/PI/Proforma_Invoice_193_0.png,PI
6008,/New_Volume/trade-finance/final_delivery/classification_training/V2_Final_Training_Data/PI/Proforma_Invoice_532_1.png,PI
6009,/New_Volume/trade-finance/final_delivery/classification_training/V2_Final_Training_Data/PI/Proforma_Invoice_61_0.png,PI
6010,/New_Volume/trade-finance/final_delivery/classification_training/V2_Final_Training_Data/PI/Proforma_Invoice_364_0.png,PI
6011,/New_Volume/trade-finance/final_delivery/classification_training/V2_Final_Training_Data/PI/Proforma_Invoice_587_0.png,PI
6012,/New_Volume/trade-finance/final_delivery/classification_training/V2_Final_Training_Data/PI/Proforma_Invoice_581_0.png,PI
6013,/New_Volume/trade-finance/final_delivery/classification_training/V2_Final_Training_Data/PI/Proforma_Invoice_571_0.png,PI
6014,/New_Volume/trade-finance/final_delivery/classification_training/V2_Final_Training_Data/PI/Proforma_Invoice_575_1.png,PI
6015,/New_Volume/trade-finance/final_delivery/classification_training/V2_Final_Training_Data/PI/Proforma_Invoice_162_0.png,PI
6016,/New_Volume/trade-finance/final_delivery/classification_training/V2_Final_Training_Data/PI/Proforma_Invoice_146_0.png,PI
6017,/New_Volume/trade-finance/final_delivery/classification_training/V2_Final_Training_Data/PI/Proforma_Invoice_316_0.png,PI
6018,/New_Volume/trade-finance/final_delivery/classification_training/V2_Final_Training_Data/PI/Proforma_Invoice_422_1.png,PI
6019,/New_Volume/trade-finance/final_delivery/classification_training/V2_Final_Training_Data/PI/Proforma_Invoice_100_0.png,PI
6020,/New_Volume/trade-finance/final_delivery/classification_training/V2_Final_Training_Data/PI/Proforma_Invoice_288_0.png,PI
6021,/New_Volume/trade-finance/final_delivery/classification_training/V2_Final_Training_Data/PI/Proforma_Invoice_132_1.png,PI
6022,/New_Volume/trade-finance/final_delivery/classification_training/V2_Final_Training_Data/PI/Proforma_Invoice_173_1.png,PI
6023,/New_Volume/trade-finance/final_delivery/classification_training/V2_Final_Training_Data/PI/Proforma_Invoice_239_0.png,PI
6024,/New_Volume/trade-finance/final_delivery/classification_training/V2_Final_Training_Data/PI/Proforma_Invoice_476_2.png,PI
6025,/New_Volume/trade-finance/final_delivery/classification_training/V2_Final_Training_Data/PI/Proforma_Invoice_527_0.png,PI
6026,/New_Volume/trade-finance/final_delivery/classification_training/V2_Final_Training_Data/PI/Proforma_Invoice_388_0.png,PI
6027,/New_Volume/trade-finance/final_delivery/classification_training/V2_Final_Training_Data/PI/Proforma_Invoice_402_0.png,PI
6028,/New_Volume/trade-finance/final_delivery/classification_training/V2_Final_Training_Data/PI/Proforma_Invoice_259_0.png,PI
6029,/New_Volume/trade-finance/final_delivery/classification_training/V2_Final_Training_Data/PI/Proforma_Invoice_169_0.png,PI
6030,/New_Volume/trade-finance/final_delivery/classification_training/V2_Final_Training_Data/PI/Proforma_Invoice_78_0.png,PI
6031,/New_Volume/trade-finance/final_delivery/classification_training/V2_Final_Training_Data/PI/Proforma_Invoice_239_5.png,PI
6032,/New_Volume/trade-finance/final_delivery/classification_training/V2_Final_Training_Data/PI/Proforma_Invoice_387_0.png,PI
6033,/New_Volume/trade-finance/final_delivery/classification_training/V2_Final_Training_Data/PI/Proforma_Invoice_42_0.png,PI
6034,/New_Volume/trade-finance/final_delivery/classification_training/V2_Final_Training_Data/PI/Proforma_Invoice_415_0.png,PI
6035,/New_Volume/trade-finance/final_delivery/classification_training/V2_Final_Training_Data/PI/Proforma_Invoice_531_0.png,PI
6036,/New_Volume/trade-finance/final_delivery/classification_training/V2_Final_Training_Data/PI/Proforma_Invoice_173_3.png,PI
6037,/New_Volume/trade-finance/final_delivery/classification_training/V2_Final_Training_Data/PI/Proforma_Invoice_101_0.png,PI
6038,/New_Volume/trade-finance/final_delivery/classification_training/V2_Final_Training_Data/PI/Proforma_Invoice_83_0.png,PI
6039,/New_Volume/trade-finance/final_delivery/classification_training/V2_Final_Training_Data/PI/Proforma_Invoice_172_0.png,PI
6040,/New_Volume/trade-finance/final_delivery/classification_training/V2_Final_Training_Data/PI/Proforma_Invoice_107_0.png,PI
6041,/New_Volume/trade-finance/final_delivery/classification_training/V2_Final_Training_Data/PI/Proforma_Invoice_337_0.png,PI
6042,/New_Volume/trade-finance/final_delivery/classification_training/V2_Final_Training_Data/PI/Proforma_Invoice_576_0.png,PI
6043,/New_Volume/trade-finance/final_delivery/classification_training/V2_Final_Training_Data/PI/Proforma_Invoice_239_6.png,PI
6044,/New_Volume/trade-finance/final_delivery/classification_training/V2_Final_Training_Data/PI/Proforma_Invoice_342_0.png,PI
6045,/New_Volume/trade-finance/final_delivery/classification_training/V2_Final_Training_Data/PI/Proforma_Invoice_426_0.png,PI
6046,/New_Volume/trade-finance/final_delivery/classification_training/V2_Final_Training_Data/AWB/Airway_Bill_377_0.png,AWB
6047,/New_Volume/trade-finance/final_delivery/classification_training/V2_Final_Training_Data/AWB/Airway_Bill_361_0.png,AWB
6048,/New_Volume/trade-finance/final_delivery/classification_training/V2_Final_Training_Data/AWB/Airway_Bill_434_0.png,AWB
6049,/New_Volume/trade-finance/final_delivery/classification_training/V2_Final_Training_Data/AWB/Airway_Bill_556_0.png,AWB
6050,/New_Volume/trade-finance/final_delivery/classification_training/V2_Final_Training_Data/AWB/Airway_Bill_172_0.png,AWB
6051,/New_Volume/trade-finance/final_delivery/classification_training/V2_Final_Training_Data/AWB/Airway_Bill_540_0.png,AWB
6052,/New_Volume/trade-finance/final_delivery/classification_training/V2_Final_Training_Data/AWB/Airway_Bill_429_1.png,AWB
6053,/New_Volume/trade-finance/final_delivery/classification_training/V2_Final_Training_Data/AWB/Airway_Bill_218_0.png,AWB
6054,/New_Volume/trade-finance/final_delivery/classification_training/V2_Final_Training_Data/AWB/Airway_Bill_99_0.png,AWB
6055,/New_Volume/trade-finance/final_delivery/classification_training/V2_Final_Training_Data/AWB/Airway_Bill_122_1.png,AWB
6056,/New_Volume/trade-finance/final_delivery/classification_training/V2_Final_Training_Data/AWB/Airway_Bill_555_0.png,AWB
6057,/New_Volume/trade-finance/final_delivery/classification_training/V2_Final_Training_Data/AWB/Airway_Bill_174_0.png,AWB
6058,/New_Volume/trade-finance/final_delivery/classification_training/V2_Final_Training_Data/AWB/Airway_Bill_548_0.png,AWB
6059,/New_Volume/trade-finance/final_delivery/classification_training/V2_Final_Training_Data/AWB/Airway_Bill_19_0.png,AWB
6060,/New_Volume/trade-finance/final_delivery/classification_training/V2_Final_Training_Data/AWB/Airway_Bill_154_0.png,AWB
6061,/New_Volume/trade-finance/final_delivery/classification_training/V2_Final_Training_Data/AWB/Airway_Bill_537_0.png,AWB
6062,/New_Volume/trade-finance/final_delivery/classification_training/V2_Final_Training_Data/AWB/Airway_Bill_311_0.png,AWB
6063,/New_Volume/trade-finance/final_delivery/classification_training/V2_Final_Training_Data/AWB/Airway_Bill_408_0.png,AWB
6064,/New_Volume/trade-finance/final_delivery/classification_training/V2_Final_Training_Data/AWB/Airway_Bill_29_0.png,AWB
6065,/New_Volume/trade-finance/final_delivery/classification_training/V2_Final_Training_Data/AWB/Airway_Bill_511_0.png,AWB
6066,/New_Volume/trade-finance/final_delivery/classification_training/V2_Final_Training_Data/AWB/Airway_Bill_502_0.png,AWB
6067,/New_Volume/trade-finance/final_delivery/classification_training/V2_Final_Training_Data/AWB/Airway_Bill_291_0.png,AWB
6068,/New_Volume/trade-finance/final_delivery/classification_training/V2_Final_Training_Data/AWB/Airway_Bill_283_0.png,AWB
6069,/New_Volume/trade-finance/final_delivery/classification_training/V2_Final_Training_Data/AWB/Airway_Bill_57_0.png,AWB
6070,/New_Volume/trade-finance/final_delivery/classification_training/V2_Final_Training_Data/AWB/Airway_Bill_435_0.png,AWB
6071,/New_Volume/trade-finance/final_delivery/classification_training/V2_Final_Training_Data/AWB/Airway_Bill_257_0.png,AWB
6072,/New_Volume/trade-finance/final_delivery/classification_training/V2_Final_Training_Data/AWB/Airway_Bill_8_0.png,AWB
6073,/New_Volume/trade-finance/final_delivery/classification_training/V2_Final_Training_Data/AWB/Airway_Bill_75_0.png,AWB
6074,/New_Volume/trade-finance/final_delivery/classification_training/V2_Final_Training_Data/AWB/Airway_Bill_120_0.png,AWB
6075,/New_Volume/trade-finance/final_delivery/classification_training/V2_Final_Training_Data/AWB/Airway_Bill_453_1.png,AWB
6076,/New_Volume/trade-finance/final_delivery/classification_training/V2_Final_Training_Data/AWB/Airway_Bill_206_0.png,AWB
6077,/New_Volume/trade-finance/final_delivery/classification_training/V2_Final_Training_Data/AWB/Airway_Bill_164_0.png,AWB
6078,/New_Volume/trade-finance/final_delivery/classification_training/V2_Final_Training_Data/AWB/Airway_Bill_447_0.png,AWB
6079,/New_Volume/trade-finance/final_delivery/classification_training/V2_Final_Training_Data/AWB/Airway_Bill_270_0.png,AWB
6080,/New_Volume/trade-finance/final_delivery/classification_training/V2_Final_Training_Data/AWB/Airway_Bill_339_0.png,AWB
6081,/New_Volume/trade-finance/final_delivery/classification_training/V2_Final_Training_Data/AWB/Airway_Bill_350_0.png,AWB
6082,/New_Volume/trade-finance/final_delivery/classification_training/V2_Final_Training_Data/AWB/Airway_Bill_319_1.png,AWB
6083,/New_Volume/trade-finance/final_delivery/classification_training/V2_Final_Training_Data/AWB/Airway_Bill_546_4.png,AWB
6084,/New_Volume/trade-finance/final_delivery/classification_training/V2_Final_Training_Data/AWB/Airway_Bill_44_0.png,AWB
6085,/New_Volume/trade-finance/final_delivery/classification_training/V2_Final_Training_Data/AWB/Airway_Bill_524_0.png,AWB
6086,/New_Volume/trade-finance/final_delivery/classification_training/V2_Final_Training_Data/AWB/Airway_Bill_373_0.png,AWB
6087,/New_Volume/trade-finance/final_delivery/classification_training/V2_Final_Training_Data/AWB/Airway_Bill_509_0.png,AWB
6088,/New_Volume/trade-finance/final_delivery/classification_training/V2_Final_Training_Data/AWB/Airway_Bill_152_0.png,AWB
6089,/New_Volume/trade-finance/final_delivery/classification_training/V2_Final_Training_Data/AWB/Airway_Bill_237_1.png,AWB
6090,/New_Volume/trade-finance/final_delivery/classification_training/V2_Final_Training_Data/AWB/Airway_Bill_280_0.png,AWB
6091,/New_Volume/trade-finance/final_delivery/classification_training/V2_Final_Training_Data/AWB/Airway_Bill_1_0.png,AWB
6092,/New_Volume/trade-finance/final_delivery/classification_training/V2_Final_Training_Data/AWB/Airway_Bill_506_0.png,AWB
6093,/New_Volume/trade-finance/final_delivery/classification_training/V2_Final_Training_Data/AWB/Airway_Bill_198_0.png,AWB
6094,/New_Volume/trade-finance/final_delivery/classification_training/V2_Final_Training_Data/AWB/Airway_Bill_108_0.png,AWB
6095,/New_Volume/trade-finance/final_delivery/classification_training/V2_Final_Training_Data/AWB/Airway_Bill_398_0.png,AWB
6096,/New_Volume/trade-finance/final_delivery/classification_training/V2_Final_Training_Data/AWB/Airway_Bill_305_0.png,AWB
6097,/New_Volume/trade-finance/final_delivery/classification_training/V2_Final_Training_Data/AWB/Airway_Bill_6_0.png,AWB
6098,/New_Volume/trade-finance/final_delivery/classification_training/V2_Final_Training_Data/AWB/Airway_Bill_131_0.png,AWB
6099,/New_Volume/trade-finance/final_delivery/classification_training/V2_Final_Training_Data/AWB/Airway_Bill_542_1.png,AWB
6100,/New_Volume/trade-finance/final_delivery/classification_training/V2_Final_Training_Data/AWB/Airway_Bill_276_0.png,AWB
6101,/New_Volume/trade-finance/final_delivery/classification_training/V2_Final_Training_Data/AWB/Airway_Bill_567_0.png,AWB
6102,/New_Volume/trade-finance/final_delivery/classification_training/V2_Final_Training_Data/AWB/Airway_Bill_58_16.png,AWB
6103,/New_Volume/trade-finance/final_delivery/classification_training/V2_Final_Training_Data/AWB/Airway_Bill_503_0.png,AWB
6104,/New_Volume/trade-finance/final_delivery/classification_training/V2_Final_Training_Data/AWB/Airway_Bill_49_0.png,AWB
6105,/New_Volume/trade-finance/final_delivery/classification_training/V2_Final_Training_Data/AWB/Airway_Bill_342_0.png,AWB
6106,/New_Volume/trade-finance/final_delivery/classification_training/V2_Final_Training_Data/AWB/Airway_Bill_100_0.png,AWB
6107,/New_Volume/trade-finance/final_delivery/classification_training/V2_Final_Training_Data/AWB/Airway_Bill_515_0.png,AWB
6108,/New_Volume/trade-finance/final_delivery/classification_training/V2_Final_Training_Data/AWB/Airway_Bill_310_0.png,AWB
6109,/New_Volume/trade-finance/final_delivery/classification_training/V2_Final_Training_Data/AWB/Airway_Bill_510_0.png,AWB
6110,/New_Volume/trade-finance/final_delivery/classification_training/V2_Final_Training_Data/AWB/Airway_Bill_546_2.png,AWB
6111,/New_Volume/trade-finance/final_delivery/classification_training/V2_Final_Training_Data/AWB/Airway_Bill_232_0.png,AWB
6112,/New_Volume/trade-finance/final_delivery/classification_training/V2_Final_Training_Data/AWB/Airway_Bill_58_12.png,AWB
6113,/New_Volume/trade-finance/final_delivery/classification_training/V2_Final_Training_Data/AWB/Airway_Bill_356_4.png,AWB
6114,/New_Volume/trade-finance/final_delivery/classification_training/V2_Final_Training_Data/AWB/Airway_Bill_92_0.png,AWB
6115,/New_Volume/trade-finance/final_delivery/classification_training/V2_Final_Training_Data/AWB/Airway_Bill_427_0.png,AWB
6116,/New_Volume/trade-finance/final_delivery/classification_training/V2_Final_Training_Data/AWB/Airway_Bill_25_0.png,AWB
6117,/New_Volume/trade-finance/final_delivery/classification_training/V2_Final_Training_Data/AWB/Airway_Bill_461_0.png,AWB
6118,/New_Volume/trade-finance/final_delivery/classification_training/V2_Final_Training_Data/AWB/Airway_Bill_329_0.png,AWB
6119,/New_Volume/trade-finance/final_delivery/classification_training/V2_Final_Training_Data/AWB/Airway_Bill_591_0.png,AWB
6120,/New_Volume/trade-finance/final_delivery/classification_training/V2_Final_Training_Data/AWB/Airway_Bill_219_0.png,AWB
6121,/New_Volume/trade-finance/final_delivery/classification_training/V2_Final_Training_Data/AWB/Airway_Bill_235_0.png,AWB
6122,/New_Volume/trade-finance/final_delivery/classification_training/V2_Final_Training_Data/AWB/Airway_Bill_225_0.png,AWB
6123,/New_Volume/trade-finance/final_delivery/classification_training/V2_Final_Training_Data/AWB/Airway_Bill_405_0.png,AWB
6124,/New_Volume/trade-finance/final_delivery/classification_training/V2_Final_Training_Data/AWB/Airway_Bill_356_17.png,AWB
6125,/New_Volume/trade-finance/final_delivery/classification_training/V2_Final_Training_Data/AWB/Airway_Bill_255_0.png,AWB
6126,/New_Volume/trade-finance/final_delivery/classification_training/V2_Final_Training_Data/AWB/Airway_Bill_214_0.png,AWB
6127,/New_Volume/trade-finance/final_delivery/classification_training/V2_Final_Training_Data/AWB/Airway_Bill_20_0.png,AWB
6128,/New_Volume/trade-finance/final_delivery/classification_training/V2_Final_Training_Data/AWB/Airway_Bill_58_8.png,AWB
6129,/New_Volume/trade-finance/final_delivery/classification_training/V2_Final_Training_Data/AWB/Airway_Bill_356_7.png,AWB
6130,/New_Volume/trade-finance/final_delivery/classification_training/V2_Final_Training_Data/AWB/Airway_Bill_181_0.png,AWB
6131,/New_Volume/trade-finance/final_delivery/classification_training/V2_Final_Training_Data/AWB/Airway_Bill_356_0.png,AWB
6132,/New_Volume/trade-finance/final_delivery/classification_training/V2_Final_Training_Data/AWB/Airway_Bill_457_0.png,AWB
6133,/New_Volume/trade-finance/final_delivery/classification_training/V2_Final_Training_Data/AWB/Airway_Bill_428_0.png,AWB
6134,/New_Volume/trade-finance/final_delivery/classification_training/V2_Final_Training_Data/AWB/Airway_Bill_37_0.png,AWB
6135,/New_Volume/trade-finance/final_delivery/classification_training/V2_Final_Training_Data/AWB/Airway_Bill_223_0.png,AWB
6136,/New_Volume/trade-finance/final_delivery/classification_training/V2_Final_Training_Data/AWB/Airway_Bill_294_0.png,AWB
6137,/New_Volume/trade-finance/final_delivery/classification_training/V2_Final_Training_Data/AWB/Airway_Bill_473_1.png,AWB
6138,/New_Volume/trade-finance/final_delivery/classification_training/V2_Final_Training_Data/AWB/Airway_Bill_512_0.png,AWB
6139,/New_Volume/trade-finance/final_delivery/classification_training/V2_Final_Training_Data/AWB/Airway_Bill_330_0.png,AWB
6140,/New_Volume/trade-finance/final_delivery/classification_training/V2_Final_Training_Data/AWB/Airway_Bill_508_0.png,AWB
6141,/New_Volume/trade-finance/final_delivery/classification_training/V2_Final_Training_Data/AWB/Airway_Bill_248_1.png,AWB
6142,/New_Volume/trade-finance/final_delivery/classification_training/V2_Final_Training_Data/AWB/Airway_Bill_284_0.png,AWB
6143,/New_Volume/trade-finance/final_delivery/classification_training/V2_Final_Training_Data/AWB/Airway_Bill_111_0.png,AWB
6144,/New_Volume/trade-finance/final_delivery/classification_training/V2_Final_Training_Data/AWB/Airway_Bill_574_0.png,AWB
6145,/New_Volume/trade-finance/final_delivery/classification_training/V2_Final_Training_Data/AWB/Airway_Bill_337_1.png,AWB
6146,/New_Volume/trade-finance/final_delivery/classification_training/V2_Final_Training_Data/AWB/Airway_Bill_383_1.png,AWB
6147,/New_Volume/trade-finance/final_delivery/classification_training/V2_Final_Training_Data/AWB/Airway_Bill_473_0.png,AWB
6148,/New_Volume/trade-finance/final_delivery/classification_training/V2_Final_Training_Data/AWB/Airway_Bill_493_0.png,AWB
6149,/New_Volume/trade-finance/final_delivery/classification_training/V2_Final_Training_Data/AWB/Airway_Bill_308_0.png,AWB
6150,/New_Volume/trade-finance/final_delivery/classification_training/V2_Final_Training_Data/AWB/Airway_Bill_303_0.png,AWB
6151,/New_Volume/trade-finance/final_delivery/classification_training/V2_Final_Training_Data/AWB/Airway_Bill_441_0.png,AWB
6152,/New_Volume/trade-finance/final_delivery/classification_training/V2_Final_Training_Data/AWB/Airway_Bill_293_0.png,AWB
6153,/New_Volume/trade-finance/final_delivery/classification_training/V2_Final_Training_Data/AWB/Airway_Bill_158_3.png,AWB
6154,/New_Volume/trade-finance/final_delivery/classification_training/V2_Final_Training_Data/AWB/Airway_Bill_324_0.png,AWB
6155,/New_Volume/trade-finance/final_delivery/classification_training/V2_Final_Training_Data/AWB/Airway_Bill_101_0.png,AWB
6156,/New_Volume/trade-finance/final_delivery/classification_training/V2_Final_Training_Data/AWB/Airway_Bill_340_0.png,AWB
6157,/New_Volume/trade-finance/final_delivery/classification_training/V2_Final_Training_Data/AWB/Airway_Bill_117_0.png,AWB
6158,/New_Volume/trade-finance/final_delivery/classification_training/V2_Final_Training_Data/AWB/Airway_Bill_238_0.png,AWB
6159,/New_Volume/trade-finance/final_delivery/classification_training/V2_Final_Training_Data/AWB/Airway_Bill_440_0.png,AWB
6160,/New_Volume/trade-finance/final_delivery/classification_training/V2_Final_Training_Data/AWB/Airway_Bill_146_0.png,AWB
6161,/New_Volume/trade-finance/final_delivery/classification_training/V2_Final_Training_Data/AWB/Airway_Bill_35_0.png,AWB
6162,/New_Volume/trade-finance/final_delivery/classification_training/V2_Final_Training_Data/AWB/Airway_Bill_60_3.png,AWB
6163,/New_Volume/trade-finance/final_delivery/classification_training/V2_Final_Training_Data/AWB/Airway_Bill_148_0.png,AWB
6164,/New_Volume/trade-finance/final_delivery/classification_training/V2_Final_Training_Data/AWB/Airway_Bill_5_0.png,AWB
6165,/New_Volume/trade-finance/final_delivery/classification_training/V2_Final_Training_Data/AWB/Airway_Bill_575_0.png,AWB
6166,/New_Volume/trade-finance/final_delivery/classification_training/V2_Final_Training_Data/AWB/Airway_Bill_76_0.png,AWB
6167,/New_Volume/trade-finance/final_delivery/classification_training/V2_Final_Training_Data/AWB/Airway_Bill_51_4.png,AWB
6168,/New_Volume/trade-finance/final_delivery/classification_training/V2_Final_Training_Data/AWB/Airway_Bill_83_0.png,AWB
6169,/New_Volume/trade-finance/final_delivery/classification_training/V2_Final_Training_Data/AWB/Airway_Bill_536_0.png,AWB
6170,/New_Volume/trade-finance/final_delivery/classification_training/V2_Final_Training_Data/AWB/Airway_Bill_504_0.png,AWB
6171,/New_Volume/trade-finance/final_delivery/classification_training/V2_Final_Training_Data/AWB/Airway_Bill_498_0.png,AWB
6172,/New_Volume/trade-finance/final_delivery/classification_training/V2_Final_Training_Data/AWB/Airway_Bill_34_1.png,AWB
6173,/New_Volume/trade-finance/final_delivery/classification_training/V2_Final_Training_Data/AWB/Airway_Bill_356_6.png,AWB
6174,/New_Volume/trade-finance/final_delivery/classification_training/V2_Final_Training_Data/AWB/Airway_Bill_169_0.png,AWB
6175,/New_Volume/trade-finance/final_delivery/classification_training/V2_Final_Training_Data/AWB/Airway_Bill_205_1.png,AWB
6176,/New_Volume/trade-finance/final_delivery/classification_training/V2_Final_Training_Data/AWB/Airway_Bill_199_0.png,AWB
6177,/New_Volume/trade-finance/final_delivery/classification_training/V2_Final_Training_Data/AWB/Airway_Bill_141_0.png,AWB
6178,/New_Volume/trade-finance/final_delivery/classification_training/V2_Final_Training_Data/AWB/Airway_Bill_281_0.png,AWB
6179,/New_Volume/trade-finance/final_delivery/classification_training/V2_Final_Training_Data/AWB/Airway_Bill_522_0.png,AWB
6180,/New_Volume/trade-finance/final_delivery/classification_training/V2_Final_Training_Data/AWB/Airway_Bill_82_0.png,AWB
6181,/New_Volume/trade-finance/final_delivery/classification_training/V2_Final_Training_Data/AWB/Airway_Bill_356_13.png,AWB
6182,/New_Volume/trade-finance/final_delivery/classification_training/V2_Final_Training_Data/AWB/Airway_Bill_71_0.png,AWB
6183,/New_Volume/trade-finance/final_delivery/classification_training/V2_Final_Training_Data/AWB/Airway_Bill_309_0.png,AWB
6184,/New_Volume/trade-finance/final_delivery/classification_training/V2_Final_Training_Data/AWB/Airway_Bill_343_0.png,AWB
6185,/New_Volume/trade-finance/final_delivery/classification_training/V2_Final_Training_Data/AWB/Airway_Bill_535_0.png,AWB
6186,/New_Volume/trade-finance/final_delivery/classification_training/V2_Final_Training_Data/AWB/Airway_Bill_119_0.png,AWB
6187,/New_Volume/trade-finance/final_delivery/classification_training/V2_Final_Training_Data/AWB/Airway_Bill_385_0.png,AWB
6188,/New_Volume/trade-finance/final_delivery/classification_training/V2_Final_Training_Data/AWB/Airway_Bill_173_0.png,AWB
6189,/New_Volume/trade-finance/final_delivery/classification_training/V2_Final_Training_Data/AWB/Airway_Bill_366_1.png,AWB
6190,/New_Volume/trade-finance/final_delivery/classification_training/V2_Final_Training_Data/AWB/Airway_Bill_544_0.png,AWB
6191,/New_Volume/trade-finance/final_delivery/classification_training/V2_Final_Training_Data/AWB/Airway_Bill_11_0.png,AWB
6192,/New_Volume/trade-finance/final_delivery/classification_training/V2_Final_Training_Data/AWB/Airway_Bill_571_0.png,AWB
6193,/New_Volume/trade-finance/final_delivery/classification_training/V2_Final_Training_Data/AWB/Airway_Bill_51_0.png,AWB
6194,/New_Volume/trade-finance/final_delivery/classification_training/V2_Final_Training_Data/AWB/Airway_Bill_299_0.png,AWB
6195,/New_Volume/trade-finance/final_delivery/classification_training/V2_Final_Training_Data/AWB/Airway_Bill_365_0.png,AWB
6196,/New_Volume/trade-finance/final_delivery/classification_training/V2_Final_Training_Data/AWB/Airway_Bill_204_0.png,AWB
6197,/New_Volume/trade-finance/final_delivery/classification_training/V2_Final_Training_Data/AWB/Airway_Bill_356_14.png,AWB
6198,/New_Volume/trade-finance/final_delivery/classification_training/V2_Final_Training_Data/AWB/Airway_Bill_497_0.png,AWB
6199,/New_Volume/trade-finance/final_delivery/classification_training/V2_Final_Training_Data/AWB/Airway_Bill_359_0.png,AWB
6200,/New_Volume/trade-finance/final_delivery/classification_training/V2_Final_Training_Data/AWB/Airway_Bill_38_0.png,AWB
6201,/New_Volume/trade-finance/final_delivery/classification_training/V2_Final_Training_Data/AWB/Airway_Bill_360_0.png,AWB
6202,/New_Volume/trade-finance/final_delivery/classification_training/V2_Final_Training_Data/AWB/Airway_Bill_182_0.png,AWB
6203,/New_Volume/trade-finance/final_delivery/classification_training/V2_Final_Training_Data/AWB/Airway_Bill_430_0.png,AWB
6204,/New_Volume/trade-finance/final_delivery/classification_training/V2_Final_Training_Data/AWB/Airway_Bill_145_0.png,AWB
6205,/New_Volume/trade-finance/final_delivery/classification_training/V2_Final_Training_Data/AWB/Airway_Bill_58_10.png,AWB
6206,/New_Volume/trade-finance/final_delivery/classification_training/V2_Final_Training_Data/AWB/Airway_Bill_58_7.png,AWB
6207,/New_Volume/trade-finance/final_delivery/classification_training/V2_Final_Training_Data/AWB/Airway_Bill_240_0.png,AWB
6208,/New_Volume/trade-finance/final_delivery/classification_training/V2_Final_Training_Data/AWB/Airway_Bill_60_2.png,AWB
6209,/New_Volume/trade-finance/final_delivery/classification_training/V2_Final_Training_Data/AWB/Airway_Bill_265_0.png,AWB
6210,/New_Volume/trade-finance/final_delivery/classification_training/V2_Final_Training_Data/AWB/Airway_Bill_439_0.png,AWB
6211,/New_Volume/trade-finance/final_delivery/classification_training/V2_Final_Training_Data/AWB/Airway_Bill_312_0.png,AWB
6212,/New_Volume/trade-finance/final_delivery/classification_training/V2_Final_Training_Data/AWB/Airway_Bill_513_0.png,AWB
6213,/New_Volume/trade-finance/final_delivery/classification_training/V2_Final_Training_Data/AWB/Airway_Bill_449_0.png,AWB
6214,/New_Volume/trade-finance/final_delivery/classification_training/V2_Final_Training_Data/AWB/Airway_Bill_456_0.png,AWB
6215,/New_Volume/trade-finance/final_delivery/classification_training/V2_Final_Training_Data/AWB/Airway_Bill_176_0.png,AWB
6216,/New_Volume/trade-finance/final_delivery/classification_training/V2_Final_Training_Data/AWB/Airway_Bill_135_0.png,AWB
6217,/New_Volume/trade-finance/final_delivery/classification_training/V2_Final_Training_Data/AWB/Airway_Bill_378_1.png,AWB
6218,/New_Volume/trade-finance/final_delivery/classification_training/V2_Final_Training_Data/AWB/Airway_Bill_534_1.png,AWB
6219,/New_Volume/trade-finance/final_delivery/classification_training/V2_Final_Training_Data/AWB/Airway_Bill_67_0.png,AWB
6220,/New_Volume/trade-finance/final_delivery/classification_training/V2_Final_Training_Data/AWB/Airway_Bill_178_0.png,AWB
6221,/New_Volume/trade-finance/final_delivery/classification_training/V2_Final_Training_Data/AWB/Airway_Bill_258_0.png,AWB
6222,/New_Volume/trade-finance/final_delivery/classification_training/V2_Final_Training_Data/AWB/Airway_Bill_547_0.png,AWB
6223,/New_Volume/trade-finance/final_delivery/classification_training/V2_Final_Training_Data/AWB/Airway_Bill_28_0.png,AWB
6224,/New_Volume/trade-finance/final_delivery/classification_training/V2_Final_Training_Data/AWB/Airway_Bill_407_0.png,AWB
6225,/New_Volume/trade-finance/final_delivery/classification_training/V2_Final_Training_Data/AWB/Airway_Bill_376_0.png,AWB
6226,/New_Volume/trade-finance/final_delivery/classification_training/V2_Final_Training_Data/AWB/Airway_Bill_143_3.png,AWB
6227,/New_Volume/trade-finance/final_delivery/classification_training/V2_Final_Training_Data/AWB/Airway_Bill_33_0.png,AWB
6228,/New_Volume/trade-finance/final_delivery/classification_training/V2_Final_Training_Data/AWB/Airway_Bill_421_0.png,AWB
6229,/New_Volume/trade-finance/final_delivery/classification_training/V2_Final_Training_Data/AWB/Airway_Bill_15_0.png,AWB
6230,/New_Volume/trade-finance/final_delivery/classification_training/V2_Final_Training_Data/AWB/Airway_Bill_260_0.png,AWB
6231,/New_Volume/trade-finance/final_delivery/classification_training/V2_Final_Training_Data/AWB/Airway_Bill_282_0.png,AWB
6232,/New_Volume/trade-finance/final_delivery/classification_training/V2_Final_Training_Data/AWB/Airway_Bill_259_1.png,AWB
6233,/New_Volume/trade-finance/final_delivery/classification_training/V2_Final_Training_Data/AWB/Airway_Bill_58_14.png,AWB
6234,/New_Volume/trade-finance/final_delivery/classification_training/V2_Final_Training_Data/AWB/Airway_Bill_211_0.png,AWB
6235,/New_Volume/trade-finance/final_delivery/classification_training/V2_Final_Training_Data/AWB/Airway_Bill_403_0.png,AWB
6236,/New_Volume/trade-finance/final_delivery/classification_training/V2_Final_Training_Data/AWB/Airway_Bill_433_0.png,AWB
6237,/New_Volume/trade-finance/final_delivery/classification_training/V2_Final_Training_Data/AWB/Airway_Bill_246_0.png,AWB
6238,/New_Volume/trade-finance/final_delivery/classification_training/V2_Final_Training_Data/AWB/Airway_Bill_356_11.png,AWB
6239,/New_Volume/trade-finance/final_delivery/classification_training/V2_Final_Training_Data/AWB/Airway_Bill_77_0.png,AWB
6240,/New_Volume/trade-finance/final_delivery/classification_training/V2_Final_Training_Data/AWB/Airway_Bill_171_0.png,AWB
6241,/New_Volume/trade-finance/final_delivery/classification_training/V2_Final_Training_Data/AWB/Airway_Bill_583_0.png,AWB
6242,/New_Volume/trade-finance/final_delivery/classification_training/V2_Final_Training_Data/AWB/Airway_Bill_272_0.png,AWB
6243,/New_Volume/trade-finance/final_delivery/classification_training/V2_Final_Training_Data/AWB/Airway_Bill_278_1.png,AWB
6244,/New_Volume/trade-finance/final_delivery/classification_training/V2_Final_Training_Data/AWB/Airway_Bill_267_1.png,AWB
6245,/New_Volume/trade-finance/final_delivery/classification_training/V2_Final_Training_Data/AWB/Airway_Bill_356_2.png,AWB
6246,/New_Volume/trade-finance/final_delivery/classification_training/V2_Final_Training_Data/AWB/Airway_Bill_569_0.png,AWB
6247,/New_Volume/trade-finance/final_delivery/classification_training/V2_Final_Training_Data/AWB/Airway_Bill_298_0.png,AWB
6248,/New_Volume/trade-finance/final_delivery/classification_training/V2_Final_Training_Data/AWB/Airway_Bill_459_0.png,AWB
6249,/New_Volume/trade-finance/final_delivery/classification_training/V2_Final_Training_Data/AWB/Airway_Bill_165_0.png,AWB
6250,/New_Volume/trade-finance/final_delivery/classification_training/V2_Final_Training_Data/AWB/Airway_Bill_479_0.png,AWB
6251,/New_Volume/trade-finance/final_delivery/classification_training/V2_Final_Training_Data/AWB/Airway_Bill_213_0.png,AWB
6252,/New_Volume/trade-finance/final_delivery/classification_training/V2_Final_Training_Data/AWB/Airway_Bill_531_0.png,AWB
6253,/New_Volume/trade-finance/final_delivery/classification_training/V2_Final_Training_Data/AWB/Airway_Bill_264_0.png,AWB
6254,/New_Volume/trade-finance/final_delivery/classification_training/V2_Final_Training_Data/AWB/Airway_Bill_18_0.png,AWB
6255,/New_Volume/trade-finance/final_delivery/classification_training/V2_Final_Training_Data/AWB/Airway_Bill_471_0.png,AWB
6256,/New_Volume/trade-finance/final_delivery/classification_training/V2_Final_Training_Data/AWB/Airway_Bill_185_0.png,AWB
6257,/New_Volume/trade-finance/final_delivery/classification_training/V2_Final_Training_Data/AWB/Airway_Bill_278_0.png,AWB
6258,/New_Volume/trade-finance/final_delivery/classification_training/V2_Final_Training_Data/AWB/Airway_Bill_391_0.png,AWB
6259,/New_Volume/trade-finance/final_delivery/classification_training/V2_Final_Training_Data/AWB/Airway_Bill_304_0.png,AWB
6260,/New_Volume/trade-finance/final_delivery/classification_training/V2_Final_Training_Data/AWB/Airway_Bill_158_2.png,AWB
6261,/New_Volume/trade-finance/final_delivery/classification_training/V2_Final_Training_Data/AWB/Airway_Bill_245_0.png,AWB
6262,/New_Volume/trade-finance/final_delivery/classification_training/V2_Final_Training_Data/AWB/Airway_Bill_356_15.png,AWB
6263,/New_Volume/trade-finance/final_delivery/classification_training/V2_Final_Training_Data/AWB/Airway_Bill_295_0.png,AWB
6264,/New_Volume/trade-finance/final_delivery/classification_training/V2_Final_Training_Data/AWB/Airway_Bill_400_0.png,AWB
6265,/New_Volume/trade-finance/final_delivery/classification_training/V2_Final_Training_Data/AWB/Airway_Bill_46_0.png,AWB
6266,/New_Volume/trade-finance/final_delivery/classification_training/V2_Final_Training_Data/AWB/Airway_Bill_386_0.png,AWB
6267,/New_Volume/trade-finance/final_delivery/classification_training/V2_Final_Training_Data/AWB/Airway_Bill_147_0.png,AWB
6268,/New_Volume/trade-finance/final_delivery/classification_training/V2_Final_Training_Data/AWB/Airway_Bill_201_0.png,AWB
6269,/New_Volume/trade-finance/final_delivery/classification_training/V2_Final_Training_Data/AWB/Airway_Bill_51_5.png,AWB
6270,/New_Volume/trade-finance/final_delivery/classification_training/V2_Final_Training_Data/AWB/Airway_Bill_379_0.png,AWB
6271,/New_Volume/trade-finance/final_delivery/classification_training/V2_Final_Training_Data/AWB/Airway_Bill_356_12.png,AWB
6272,/New_Volume/trade-finance/final_delivery/classification_training/V2_Final_Training_Data/AWB/Airway_Bill_79_0.png,AWB
6273,/New_Volume/trade-finance/final_delivery/classification_training/V2_Final_Training_Data/AWB/Airway_Bill_51_1.png,AWB
6274,/New_Volume/trade-finance/final_delivery/classification_training/V2_Final_Training_Data/AWB/Airway_Bill_313_0.png,AWB
6275,/New_Volume/trade-finance/final_delivery/classification_training/V2_Final_Training_Data/AWB/Airway_Bill_170_0.png,AWB
6276,/New_Volume/trade-finance/final_delivery/classification_training/V2_Final_Training_Data/AWB/Airway_Bill_481_0.png,AWB
6277,/New_Volume/trade-finance/final_delivery/classification_training/V2_Final_Training_Data/AWB/Airway_Bill_406_0.png,AWB
6278,/New_Volume/trade-finance/final_delivery/classification_training/V2_Final_Training_Data/AWB/Airway_Bill_401_0.png,AWB
6279,/New_Volume/trade-finance/final_delivery/classification_training/V2_Final_Training_Data/AWB/Airway_Bill_262_0.png,AWB
6280,/New_Volume/trade-finance/final_delivery/classification_training/V2_Final_Training_Data/AWB/Airway_Bill_60_1.png,AWB
6281,/New_Volume/trade-finance/final_delivery/classification_training/V2_Final_Training_Data/AWB/Airway_Bill_58_9.png,AWB
6282,/New_Volume/trade-finance/final_delivery/classification_training/V2_Final_Training_Data/AWB/Airway_Bill_542_2.png,AWB
6283,/New_Volume/trade-finance/final_delivery/classification_training/V2_Final_Training_Data/AWB/Airway_Bill_382_0.png,AWB
6284,/New_Volume/trade-finance/final_delivery/classification_training/V2_Final_Training_Data/AWB/Airway_Bill_357_0.png,AWB
6285,/New_Volume/trade-finance/final_delivery/classification_training/V2_Final_Training_Data/AWB/Airway_Bill_58_11.png,AWB
6286,/New_Volume/trade-finance/final_delivery/classification_training/V2_Final_Training_Data/AWB/Airway_Bill_271_0.png,AWB
6287,/New_Volume/trade-finance/final_delivery/classification_training/V2_Final_Training_Data/AWB/Airway_Bill_397_0.png,AWB
6288,/New_Volume/trade-finance/final_delivery/classification_training/V2_Final_Training_Data/AWB/Airway_Bill_129_0.png,AWB
6289,/New_Volume/trade-finance/final_delivery/classification_training/V2_Final_Training_Data/AWB/Airway_Bill_320_0.png,AWB
6290,/New_Volume/trade-finance/final_delivery/classification_training/V2_Final_Training_Data/AWB/Airway_Bill_466_0.png,AWB
6291,/New_Volume/trade-finance/final_delivery/classification_training/V2_Final_Training_Data/AWB/Airway_Bill_347_0.png,AWB
6292,/New_Volume/trade-finance/final_delivery/classification_training/V2_Final_Training_Data/AWB/Airway_Bill_486_0.png,AWB
6293,/New_Volume/trade-finance/final_delivery/classification_training/V2_Final_Training_Data/AWB/Airway_Bill_417_0.png,AWB
6294,/New_Volume/trade-finance/final_delivery/classification_training/V2_Final_Training_Data/AWB/Airway_Bill_568_0.png,AWB
6295,/New_Volume/trade-finance/final_delivery/classification_training/V2_Final_Training_Data/AWB/Airway_Bill_468_0.png,AWB
6296,/New_Volume/trade-finance/final_delivery/classification_training/V2_Final_Training_Data/AWB/Airway_Bill_543_0.png,AWB
6297,/New_Volume/trade-finance/final_delivery/classification_training/V2_Final_Training_Data/AWB/Airway_Bill_354_0.png,AWB
6298,/New_Volume/trade-finance/final_delivery/classification_training/V2_Final_Training_Data/AWB/Airway_Bill_74_0.png,AWB
6299,/New_Volume/trade-finance/final_delivery/classification_training/V2_Final_Training_Data/AWB/Airway_Bill_507_0.png,AWB
6300,/New_Volume/trade-finance/final_delivery/classification_training/V2_Final_Training_Data/AWB/Airway_Bill_167_0.png,AWB
6301,/New_Volume/trade-finance/final_delivery/classification_training/V2_Final_Training_Data/AWB/Airway_Bill_208_0.png,AWB
6302,/New_Volume/trade-finance/final_delivery/classification_training/V2_Final_Training_Data/AWB/Airway_Bill_424_0.png,AWB
6303,/New_Volume/trade-finance/final_delivery/classification_training/V2_Final_Training_Data/AWB/Airway_Bill_573_0.png,AWB
6304,/New_Volume/trade-finance/final_delivery/classification_training/V2_Final_Training_Data/AWB/Airway_Bill_593_0.png,AWB
6305,/New_Volume/trade-finance/final_delivery/classification_training/V2_Final_Training_Data/AWB/Airway_Bill_356_5.png,AWB
6306,/New_Volume/trade-finance/final_delivery/classification_training/V2_Final_Training_Data/AWB/Airway_Bill_338_0.png,AWB
6307,/New_Volume/trade-finance/final_delivery/classification_training/V2_Final_Training_Data/AWB/Airway_Bill_78_0.png,AWB
6308,/New_Volume/trade-finance/final_delivery/classification_training/V2_Final_Training_Data/AWB/Airway_Bill_356_3.png,AWB
6309,/New_Volume/trade-finance/final_delivery/classification_training/V2_Final_Training_Data/AWB/Airway_Bill_355_0.png,AWB
6310,/New_Volume/trade-finance/final_delivery/classification_training/V2_Final_Training_Data/AWB/Airway_Bill_285_0.png,AWB
6311,/New_Volume/trade-finance/final_delivery/classification_training/V2_Final_Training_Data/AWB/Airway_Bill_41_0.png,AWB
6312,/New_Volume/trade-finance/final_delivery/classification_training/V2_Final_Training_Data/AWB/Airway_Bill_335_0.png,AWB
6313,/New_Volume/trade-finance/final_delivery/classification_training/V2_Final_Training_Data/AWB/Airway_Bill_364_0.png,AWB
6314,/New_Volume/trade-finance/final_delivery/classification_training/V2_Final_Training_Data/AWB/Airway_Bill_474_0.png,AWB
6315,/New_Volume/trade-finance/final_delivery/classification_training/V2_Final_Training_Data/AWB/Airway_Bill_254_0.png,AWB
6316,/New_Volume/trade-finance/final_delivery/classification_training/V2_Final_Training_Data/AWB/Airway_Bill_179_0.png,AWB
6317,/New_Volume/trade-finance/final_delivery/classification_training/V2_Final_Training_Data/AWB/Airway_Bill_188_0.png,AWB
6318,/New_Volume/trade-finance/final_delivery/classification_training/V2_Final_Training_Data/AWB/Airway_Bill_356_9.png,AWB
6319,/New_Volume/trade-finance/final_delivery/classification_training/V2_Final_Training_Data/AWB/Airway_Bill_97_0.png,AWB
6320,/New_Volume/trade-finance/final_delivery/classification_training/V2_Final_Training_Data/AWB/Airway_Bill_549_0.png,AWB
6321,/New_Volume/trade-finance/final_delivery/classification_training/V2_Final_Training_Data/AWB/Airway_Bill_21_0.png,AWB
6322,/New_Volume/trade-finance/final_delivery/classification_training/V2_Final_Training_Data/AWB/Airway_Bill_326_0.png,AWB
6323,/New_Volume/trade-finance/final_delivery/classification_training/V2_Final_Training_Data/AWB/Airway_Bill_7_0.png,AWB
6324,/New_Volume/trade-finance/final_delivery/classification_training/V2_Final_Training_Data/AWB/Airway_Bill_189_0.png,AWB
6325,/New_Volume/trade-finance/final_delivery/classification_training/V2_Final_Training_Data/AWB/Airway_Bill_297_0.png,AWB
6326,/New_Volume/trade-finance/final_delivery/classification_training/V2_Final_Training_Data/AWB/Airway_Bill_526_0.png,AWB
6327,/New_Volume/trade-finance/final_delivery/classification_training/V2_Final_Training_Data/AWB/Airway_Bill_470_0.png,AWB
6328,/New_Volume/trade-finance/final_delivery/classification_training/V2_Final_Training_Data/AWB/Airway_Bill_306_0.png,AWB
6329,/New_Volume/trade-finance/final_delivery/classification_training/V2_Final_Training_Data/AWB/Airway_Bill_578_0.png,AWB
6330,/New_Volume/trade-finance/final_delivery/classification_training/V2_Final_Training_Data/AWB/Airway_Bill_358_0.png,AWB
6331,/New_Volume/trade-finance/final_delivery/classification_training/V2_Final_Training_Data/AWB/Airway_Bill_143_2.png,AWB
6332,/New_Volume/trade-finance/final_delivery/classification_training/V2_Final_Training_Data/AWB/Airway_Bill_356_8.png,AWB
6333,/New_Volume/trade-finance/final_delivery/classification_training/V2_Final_Training_Data/AWB/Airway_Bill_463_0.png,AWB
6334,/New_Volume/trade-finance/final_delivery/classification_training/V2_Final_Training_Data/AWB/Airway_Bill_431_0.png,AWB
6335,/New_Volume/trade-finance/final_delivery/classification_training/V2_Final_Training_Data/AWB/Airway_Bill_243_0.png,AWB
6336,/New_Volume/trade-finance/final_delivery/classification_training/V2_Final_Training_Data/AWB/Airway_Bill_183_0.png,AWB
6337,/New_Volume/trade-finance/final_delivery/classification_training/V2_Final_Training_Data/AWB/Airway_Bill_446_0.png,AWB
6338,/New_Volume/trade-finance/final_delivery/classification_training/V2_Final_Training_Data/AWB/Airway_Bill_292_0.png,AWB
6339,/New_Volume/trade-finance/final_delivery/classification_training/V2_Final_Training_Data/AWB/Airway_Bill_242_1.png,AWB
6340,/New_Volume/trade-finance/final_delivery/classification_training/V2_Final_Training_Data/AWB/Airway_Bill_207_0.png,AWB
6341,/New_Volume/trade-finance/final_delivery/classification_training/V2_Final_Training_Data/AWB/Airway_Bill_353_0.png,AWB
6342,/New_Volume/trade-finance/final_delivery/classification_training/V2_Final_Training_Data/AWB/Airway_Bill_222_0.png,AWB
6343,/New_Volume/trade-finance/final_delivery/classification_training/V2_Final_Training_Data/AWB/Airway_Bill_56_1.png,AWB
6344,/New_Volume/trade-finance/final_delivery/classification_training/V2_Final_Training_Data/AWB/Airway_Bill_426_0.png,AWB
6345,/New_Volume/trade-finance/final_delivery/classification_training/V2_Final_Training_Data/AWB/Airway_Bill_136_0.png,AWB
6346,/New_Volume/trade-finance/final_delivery/classification_training/V2_Final_Training_Data/AWB/Airway_Bill_465_1.png,AWB
6347,/New_Volume/trade-finance/final_delivery/classification_training/V2_Final_Training_Data/AWB/Airway_Bill_523_1.png,AWB
6348,/New_Volume/trade-finance/final_delivery/classification_training/V2_Final_Training_Data/AWB/Airway_Bill_58_2.png,AWB
6349,/New_Volume/trade-finance/final_delivery/classification_training/V2_Final_Training_Data/AWB/Airway_Bill_58_3.png,AWB
6350,/New_Volume/trade-finance/final_delivery/classification_training/V2_Final_Training_Data/AWB/Airway_Bill_195_0.png,AWB
6351,/New_Volume/trade-finance/final_delivery/classification_training/V2_Final_Training_Data/AWB/Airway_Bill_186_0.png,AWB
6352,/New_Volume/trade-finance/final_delivery/classification_training/V2_Final_Training_Data/AWB/Airway_Bill_143_1.png,AWB
6353,/New_Volume/trade-finance/final_delivery/classification_training/V2_Final_Training_Data/AWB/Airway_Bill_196_0.png,AWB
6354,/New_Volume/trade-finance/final_delivery/classification_training/V2_Final_Training_Data/AWB/Airway_Bill_293_1.png,AWB
6355,/New_Volume/trade-finance/final_delivery/classification_training/V2_Final_Training_Data/AWB/Airway_Bill_51_6.png,AWB
6356,/New_Volume/trade-finance/final_delivery/classification_training/V2_Final_Training_Data/AWB/Airway_Bill_273_0.png,AWB
6357,/New_Volume/trade-finance/final_delivery/classification_training/V2_Final_Training_Data/AWB/Airway_Bill_374_0.png,AWB
6358,/New_Volume/trade-finance/final_delivery/classification_training/V2_Final_Training_Data/AWB/Airway_Bill_467_0.png,AWB
6359,/New_Volume/trade-finance/final_delivery/classification_training/V2_Final_Training_Data/AWB/Airway_Bill_485_1.png,AWB
6360,/New_Volume/trade-finance/final_delivery/classification_training/V2_Final_Training_Data/AWB/Airway_Bill_226_0.png,AWB
6361,/New_Volume/trade-finance/final_delivery/classification_training/V2_Final_Training_Data/AWB/Airway_Bill_300_0.png,AWB
6362,/New_Volume/trade-finance/final_delivery/classification_training/V2_Final_Training_Data/AWB/Airway_Bill_233_0.png,AWB
6363,/New_Volume/trade-finance/final_delivery/classification_training/V2_Final_Training_Data/AWB/Airway_Bill_576_0.png,AWB
6364,/New_Volume/trade-finance/final_delivery/classification_training/V2_Final_Training_Data/AWB/Airway_Bill_52_0.png,AWB
6365,/New_Volume/trade-finance/final_delivery/classification_training/V2_Final_Training_Data/AWB/Airway_Bill_228_0.png,AWB
6366,/New_Volume/trade-finance/final_delivery/classification_training/V2_Final_Training_Data/AWB/Airway_Bill_331_0.png,AWB
6367,/New_Volume/trade-finance/final_delivery/classification_training/V2_Final_Training_Data/AWB/Airway_Bill_231_0.png,AWB
6368,/New_Volume/trade-finance/final_delivery/classification_training/V2_Final_Training_Data/AWB/Airway_Bill_227_0.png,AWB
6369,/New_Volume/trade-finance/final_delivery/classification_training/V2_Final_Training_Data/AWB/Airway_Bill_91_0.png,AWB
6370,/New_Volume/trade-finance/final_delivery/classification_training/V2_Final_Training_Data/AWB/Airway_Bill_114_1.png,AWB
6371,/New_Volume/trade-finance/final_delivery/classification_training/V2_Final_Training_Data/AWB/Airway_Bill_106_0.png,AWB
6372,/New_Volume/trade-finance/final_delivery/classification_training/V2_Final_Training_Data/AWB/Airway_Bill_286_0.png,AWB
6373,/New_Volume/trade-finance/final_delivery/classification_training/V2_Final_Training_Data/AWB/Airway_Bill_58_0.png,AWB
6374,/New_Volume/trade-finance/final_delivery/classification_training/V2_Final_Training_Data/AWB/Airway_Bill_47_0.png,AWB
6375,/New_Volume/trade-finance/final_delivery/classification_training/V2_Final_Training_Data/AWB/Airway_Bill_348_0.png,AWB
6376,/New_Volume/trade-finance/final_delivery/classification_training/V2_Final_Training_Data/AWB/Airway_Bill_109_1.png,AWB
6377,/New_Volume/trade-finance/final_delivery/classification_training/V2_Final_Training_Data/AWB/Airway_Bill_519_0.png,AWB
6378,/New_Volume/trade-finance/final_delivery/classification_training/V2_Final_Training_Data/AWB/Airway_Bill_432_0.png,AWB
6379,/New_Volume/trade-finance/final_delivery/classification_training/V2_Final_Training_Data/AWB/Airway_Bill_220_0.png,AWB
6380,/New_Volume/trade-finance/final_delivery/classification_training/V2_Final_Training_Data/AWB/Airway_Bill_98_0.png,AWB
6381,/New_Volume/trade-finance/final_delivery/classification_training/V2_Final_Training_Data/AWB/Airway_Bill_51_2.png,AWB
6382,/New_Volume/trade-finance/final_delivery/classification_training/V2_Final_Training_Data/AWB/Airway_Bill_137_0.png,AWB
6383,/New_Volume/trade-finance/final_delivery/classification_training/V2_Final_Training_Data/AWB/Airway_Bill_307_0.png,AWB
6384,/New_Volume/trade-finance/final_delivery/classification_training/V2_Final_Training_Data/AWB/Airway_Bill_409_0.png,AWB
6385,/New_Volume/trade-finance/final_delivery/classification_training/V2_Final_Training_Data/AWB/Airway_Bill_51_3.png,AWB
6386,/New_Volume/trade-finance/final_delivery/classification_training/V2_Final_Training_Data/AWB/Airway_Bill_356_10.png,AWB
6387,/New_Volume/trade-finance/final_delivery/classification_training/V2_Final_Training_Data/AWB/Airway_Bill_58_4.png,AWB
6388,/New_Volume/trade-finance/final_delivery/classification_training/V2_Final_Training_Data/AWB/Airway_Bill_422_0.png,AWB
6389,/New_Volume/trade-finance/final_delivery/classification_training/V2_Final_Training_Data/AWB/Airway_Bill_529_1.png,AWB
6390,/New_Volume/trade-finance/final_delivery/classification_training/V2_Final_Training_Data/AWB/Airway_Bill_58_5.png,AWB
6391,/New_Volume/trade-finance/final_delivery/classification_training/V2_Final_Training_Data/AWB/Airway_Bill_229_0.png,AWB
6392,/New_Volume/trade-finance/final_delivery/classification_training/V2_Final_Training_Data/AWB/Airway_Bill_239_0.png,AWB
6393,/New_Volume/trade-finance/final_delivery/classification_training/V2_Final_Training_Data/AWB/Airway_Bill_437_0.png,AWB
6394,/New_Volume/trade-finance/final_delivery/classification_training/V2_Final_Training_Data/AWB/Airway_Bill_73_0.png,AWB
6395,/New_Volume/trade-finance/final_delivery/classification_training/V2_Final_Training_Data/AWB/Airway_Bill_480_0.png,AWB
6396,/New_Volume/trade-finance/final_delivery/classification_training/V2_Final_Training_Data/AWB/Airway_Bill_58_15.png,AWB
6397,/New_Volume/trade-finance/final_delivery/classification_training/V2_Final_Training_Data/AWB/Airway_Bill_16_0.png,AWB
6398,/New_Volume/trade-finance/final_delivery/classification_training/V2_Final_Training_Data/AWB/Airway_Bill_314_0.png,AWB
6399,/New_Volume/trade-finance/final_delivery/classification_training/V2_Final_Training_Data/AWB/Airway_Bill_372_0.png,AWB
6400,/New_Volume/trade-finance/final_delivery/classification_training/V2_Final_Training_Data/AWB/Airway_Bill_202_0.png,AWB
6401,/New_Volume/trade-finance/final_delivery/classification_training/V2_Final_Training_Data/AWB/Airway_Bill_399_0.png,AWB
6402,/New_Volume/trade-finance/final_delivery/classification_training/V2_Final_Training_Data/AWB/Airway_Bill_215_0.png,AWB
6403,/New_Volume/trade-finance/final_delivery/classification_training/V2_Final_Training_Data/AWB/Airway_Bill_158_1.png,AWB
6404,/New_Volume/trade-finance/final_delivery/classification_training/V2_Final_Training_Data/AWB/Airway_Bill_369_0.png,AWB
6405,/New_Volume/trade-finance/final_delivery/classification_training/V2_Final_Training_Data/AWB/Airway_Bill_236_0.png,AWB
6406,/New_Volume/trade-finance/final_delivery/classification_training/V2_Final_Training_Data/AWB/Airway_Bill_572_0.png,AWB
6407,/New_Volume/trade-finance/final_delivery/classification_training/V2_Final_Training_Data/AWB/Airway_Bill_438_0.png,AWB
6408,/New_Volume/trade-finance/final_delivery/classification_training/V2_Final_Training_Data/AWB/Airway_Bill_247_0.png,AWB
6409,/New_Volume/trade-finance/final_delivery/classification_training/V2_Final_Training_Data/AWB/Airway_Bill_80_0.png,AWB
6410,/New_Volume/trade-finance/final_delivery/classification_training/V2_Final_Training_Data/AWB/Airway_Bill_277_0.png,AWB
6411,/New_Volume/trade-finance/final_delivery/classification_training/V2_Final_Training_Data/AWB/Airway_Bill_445_0.png,AWB
6412,/New_Volume/trade-finance/final_delivery/classification_training/V2_Final_Training_Data/AWB/Airway_Bill_200_0.png,AWB
6413,/New_Volume/trade-finance/final_delivery/classification_training/V2_Final_Training_Data/AWB/Airway_Bill_482_0.png,AWB
6414,/New_Volume/trade-finance/final_delivery/classification_training/V2_Final_Training_Data/AWB/Airway_Bill_59_0.png,AWB
6415,/New_Volume/trade-finance/final_delivery/classification_training/V2_Final_Training_Data/AWB/Airway_Bill_570_0.png,AWB
6416,/New_Volume/trade-finance/final_delivery/classification_training/V2_Final_Training_Data/AWB/Airway_Bill_70_0.png,AWB
6417,/New_Volume/trade-finance/final_delivery/classification_training/V2_Final_Training_Data/AWB/Airway_Bill_370_0.png,AWB
6418,/New_Volume/trade-finance/final_delivery/classification_training/V2_Final_Training_Data/AWB/Airway_Bill_72_0.png,AWB
6419,/New_Volume/trade-finance/final_delivery/classification_training/V2_Final_Training_Data/AWB/Airway_Bill_158_0.png,AWB
6420,/New_Volume/trade-finance/final_delivery/classification_training/V2_Final_Training_Data/AWB/Airway_Bill_224_0.png,AWB
6421,/New_Volume/trade-finance/final_delivery/classification_training/V2_Final_Training_Data/AWB/Airway_Bill_266_0.png,AWB
6422,/New_Volume/trade-finance/final_delivery/classification_training/V2_Final_Training_Data/AWB/Airway_Bill_520_0.png,AWB
6423,/New_Volume/trade-finance/final_delivery/classification_training/V2_Final_Training_Data/AWB/Airway_Bill_161_0.png,AWB
6424,/New_Volume/trade-finance/final_delivery/classification_training/V2_Final_Training_Data/AWB/Airway_Bill_557_0.png,AWB
6425,/New_Volume/trade-finance/final_delivery/classification_training/V2_Final_Training_Data/AWB/Airway_Bill_402_0.png,AWB
6426,/New_Volume/trade-finance/final_delivery/classification_training/V2_Final_Training_Data/AWB/Airway_Bill_34_0.png,AWB
6427,/New_Volume/trade-finance/final_delivery/classification_training/V2_Final_Training_Data/AWB/Airway_Bill_546_0.png,AWB
6428,/New_Volume/trade-finance/final_delivery/classification_training/V2_Final_Training_Data/AWB/Airway_Bill_112_1.png,AWB
6429,/New_Volume/trade-finance/final_delivery/classification_training/V2_Final_Training_Data/AWB/Airway_Bill_274_0.png,AWB
6430,/New_Volume/trade-finance/final_delivery/classification_training/V2_Final_Training_Data/AWB/Airway_Bill_275_0.png,AWB
6431,/New_Volume/trade-finance/final_delivery/classification_training/V2_Final_Training_Data/AWB/Airway_Bill_43_0.png,AWB
6432,/New_Volume/trade-finance/final_delivery/classification_training/V2_Final_Training_Data/AWB/Airway_Bill_53_0.png,AWB
6433,/New_Volume/trade-finance/final_delivery/classification_training/V2_Final_Training_Data/AWB/Airway_Bill_58_13.png,AWB
6434,/New_Volume/trade-finance/final_delivery/classification_training/V2_Final_Training_Data/AWB/Airway_Bill_389_0.png,AWB
6435,/New_Volume/trade-finance/final_delivery/classification_training/V2_Final_Training_Data/AWB/Airway_Bill_416_0.png,AWB
6436,/New_Volume/trade-finance/final_delivery/classification_training/V2_Final_Training_Data/AWB/Airway_Bill_525_1.png,AWB
6437,/New_Volume/trade-finance/final_delivery/classification_training/V2_Final_Training_Data/AWB/Airway_Bill_116_0.png,AWB
6438,/New_Volume/trade-finance/final_delivery/classification_training/V2_Final_Training_Data/AWB/Airway_Bill_150_0.png,AWB
6439,/New_Volume/trade-finance/final_delivery/classification_training/V2_Final_Training_Data/AWB/Airway_Bill_381_0.png,AWB
6440,/New_Volume/trade-finance/final_delivery/classification_training/V2_Final_Training_Data/AWB/Airway_Bill_104_0.png,AWB
6441,/New_Volume/trade-finance/final_delivery/classification_training/V2_Final_Training_Data/AWB/Airway_Bill_442_0.png,AWB
6442,/New_Volume/trade-finance/final_delivery/classification_training/V2_Final_Training_Data/AWB/Airway_Bill_244_0.png,AWB
6443,/New_Volume/trade-finance/final_delivery/classification_training/V2_Final_Training_Data/AWB/Airway_Bill_396_0.png,AWB
6444,/New_Volume/trade-finance/final_delivery/classification_training/V2_Final_Training_Data/AWB/Airway_Bill_344_0.png,AWB
6445,/New_Volume/trade-finance/final_delivery/classification_training/V2_Final_Training_Data/AWB/Airway_Bill_58_6.png,AWB
6446,/New_Volume/trade-finance/final_delivery/classification_training/V2_Final_Training_Data/AWB/Airway_Bill_327_0.png,AWB
6447,/New_Volume/trade-finance/final_delivery/classification_training/V2_Final_Training_Data/AWB/Airway_Bill_63_0.png,AWB
6448,/New_Volume/trade-finance/final_delivery/classification_training/V2_Final_Training_Data/AWB/Airway_Bill_404_0.png,AWB
6449,/New_Volume/trade-finance/final_delivery/classification_training/V2_Final_Training_Data/AWB/Airway_Bill_541_0.png,AWB
6450,/New_Volume/trade-finance/final_delivery/classification_training/V2_Final_Training_Data/AWB/Airway_Bill_250_0.png,AWB
6451,/New_Volume/trade-finance/final_delivery/classification_training/V2_Final_Training_Data/AWB/Airway_Bill_64_0.png,AWB
6452,/New_Volume/trade-finance/final_delivery/classification_training/V2_Final_Training_Data/AWB/Airway_Bill_594_0.png,AWB
6453,/New_Volume/trade-finance/final_delivery/classification_training/V2_Final_Training_Data/AWB/Airway_Bill_58_1.png,AWB
6454,/New_Volume/trade-finance/final_delivery/classification_training/V2_Final_Training_Data/AWB/Airway_Bill_168_0.png,AWB
6455,/New_Volume/trade-finance/final_delivery/classification_training/V2_Final_Training_Data/AWB/Airway_Bill_488_0.png,AWB
6456,/New_Volume/trade-finance/final_delivery/classification_training/V2_Final_Training_Data/AWB/Airway_Bill_190_0.png,AWB
6457,/New_Volume/trade-finance/final_delivery/classification_training/V2_Final_Training_Data/AWB/Airway_Bill_24_0.png,AWB
6458,/New_Volume/trade-finance/final_delivery/classification_training/V2_Final_Training_Data/AWB/Airway_Bill_230_0.png,AWB
6459,/New_Volume/trade-finance/final_delivery/classification_training/V2_Final_Training_Data/AWB/Airway_Bill_495_0.png,AWB
6460,/New_Volume/trade-finance/final_delivery/classification_training/V2_Final_Training_Data/AWB/Airway_Bill_356_1.png,AWB
6461,/New_Volume/trade-finance/final_delivery/classification_training/V2_Final_Training_Data/AWB/Airway_Bill_356_16.png,AWB
6462,/New_Volume/trade-finance/final_delivery/classification_training/V2_Final_Training_Data/AWB/Airway_Bill_184_0.png,AWB
6463,/New_Volume/trade-finance/final_delivery/classification_training/V2_Final_Training_Data/AWB/Airway_Bill_32_0.png,AWB
6464,/New_Volume/trade-finance/final_delivery/classification_training/V2_Final_Training_Data/AWB/Airway_Bill_60_0.png,AWB
6465,/New_Volume/trade-finance/final_delivery/classification_training/V2_Final_Training_Data/AWB/Airway_Bill_322_0.png,AWB
6466,/New_Volume/trade-finance/final_delivery/classification_training/V2_Final_Training_Data/AWB/Airway_Bill_193_2.png,AWB
6467,/New_Volume/trade-finance/final_delivery/classification_training/V2_Final_Training_Data/AWB/Airway_Bill_241_0.png,AWB
6468,/New_Volume/trade-finance/final_delivery/classification_training/V2_Final_Training_Data/AWB/Airway_Bill_191_0.png,AWB
6469,/New_Volume/trade-finance/final_delivery/classification_training/V2_Final_Training_Data/AWB/Airway_Bill_12_0.png,AWB
6470,/New_Volume/trade-finance/final_delivery/classification_training/V2_Final_Training_Data/AWB/Airway_Bill_132_0.png,AWB
6471,/New_Volume/trade-finance/final_delivery/classification_training/V2_Final_Training_Data/AWB/Airway_Bill_261_0.png,AWB
6472,/New_Volume/trade-finance/final_delivery/classification_training/V2_Final_Training_Data/AWB/Airway_Bill_143_0.png,AWB
6473,/New_Volume/trade-finance/final_delivery/classification_training/V2_Final_Training_Data/AWB/Airway_Bill_2_0.png,AWB
6474,/New_Volume/trade-finance/final_delivery/classification_training/V2_Final_Training_Data/AWB/Airway_Bill_483_1.png,AWB
6475,/New_Volume/trade-finance/final_delivery/classification_training/V2_Final_Training_Data/AWB/Airway_Bill_153_0.png,AWB
6476,/New_Volume/trade-finance/final_delivery/classification_training/V2_Final_Training_Data/AWB/Airway_Bill_4_0.png,AWB
6477,/New_Volume/trade-finance/final_delivery/classification_training/V2_Final_Training_Data/PO/Purchase_Order_125_5.png,PO
6478,/New_Volume/trade-finance/final_delivery/classification_training/V2_Final_Training_Data/PO/Purchase_Order_By_Opener_171_0.png,PO
6479,/New_Volume/trade-finance/final_delivery/classification_training/V2_Final_Training_Data/PO/Purchase_Order_564_1.png,PO
6480,/New_Volume/trade-finance/final_delivery/classification_training/V2_Final_Training_Data/PO/Purchase_Order_By_Opener_12_0.png,PO
6481,/New_Volume/trade-finance/final_delivery/classification_training/V2_Final_Training_Data/PO/Purchase_Order_164_6.png,PO
6482,/New_Volume/trade-finance/final_delivery/classification_training/V2_Final_Training_Data/PO/Purchase_Order_298_47.png,PO
6483,/New_Volume/trade-finance/final_delivery/classification_training/V2_Final_Training_Data/PO/Purchase_Order_298_44.png,PO
6484,/New_Volume/trade-finance/final_delivery/classification_training/V2_Final_Training_Data/PO/Purchase_Order_326_10.png,PO
6485,/New_Volume/trade-finance/final_delivery/classification_training/V2_Final_Training_Data/PO/Purchase_Order_283_0.png,PO
6486,/New_Volume/trade-finance/final_delivery/classification_training/V2_Final_Training_Data/PO/Purchase_Order_543_14.png,PO
6487,/New_Volume/trade-finance/final_delivery/classification_training/V2_Final_Training_Data/PO/Purchase_Order_534_19.png,PO
6488,/New_Volume/trade-finance/final_delivery/classification_training/V2_Final_Training_Data/PO/Purchase_Order_298_10.png,PO
6489,/New_Volume/trade-finance/final_delivery/classification_training/V2_Final_Training_Data/PO/Purchase_Order_406_1.png,PO
6490,/New_Volume/trade-finance/final_delivery/classification_training/V2_Final_Training_Data/PO/Purchase_Order_362_16.png,PO
6491,/New_Volume/trade-finance/final_delivery/classification_training/V2_Final_Training_Data/PO/Purchase_Order_534_13.png,PO
6492,/New_Volume/trade-finance/final_delivery/classification_training/V2_Final_Training_Data/PO/Purchase_Order_178_0.png,PO
6493,/New_Volume/trade-finance/final_delivery/classification_training/V2_Final_Training_Data/PO/Purchase_Order_99_2.png,PO
6494,/New_Volume/trade-finance/final_delivery/classification_training/V2_Final_Training_Data/PO/Purchase_Order_125_10.png,PO
6495,/New_Volume/trade-finance/final_delivery/classification_training/V2_Final_Training_Data/PO/Purchase_Order_362_22.png,PO
6496,/New_Volume/trade-finance/final_delivery/classification_training/V2_Final_Training_Data/PO/Purchase_Order_298_18.png,PO
6497,/New_Volume/trade-finance/final_delivery/classification_training/V2_Final_Training_Data/PO/Purchase_Order_192_3.png,PO
6498,/New_Volume/trade-finance/final_delivery/classification_training/V2_Final_Training_Data/PO/Purchase_Order_365_0.png,PO
6499,/New_Volume/trade-finance/final_delivery/classification_training/V2_Final_Training_Data/PO/Purchase_Order_502_1.png,PO
6500,/New_Volume/trade-finance/final_delivery/classification_training/V2_Final_Training_Data/PO/Purchase_Order_298_24.png,PO
6501,/New_Volume/trade-finance/final_delivery/classification_training/V2_Final_Training_Data/PO/Purchase_Order_362_13.png,PO
6502,/New_Volume/trade-finance/final_delivery/classification_training/V2_Final_Training_Data/PO/Purchase_Order_87_18.png,PO
6503,/New_Volume/trade-finance/final_delivery/classification_training/V2_Final_Training_Data/PO/Purchase_Order_564_0.png,PO
6504,/New_Volume/trade-finance/final_delivery/classification_training/V2_Final_Training_Data/PO/Purchase_Order_120_0.png,PO
6505,/New_Volume/trade-finance/final_delivery/classification_training/V2_Final_Training_Data/PO/Purchase_Order_502_0.png,PO
6506,/New_Volume/trade-finance/final_delivery/classification_training/V2_Final_Training_Data/PO/Purchase_Order_By_Opener_145_6.png,PO
6507,/New_Volume/trade-finance/final_delivery/classification_training/V2_Final_Training_Data/PO/Purchase_Order_By_Opener_15_1.png,PO
6508,/New_Volume/trade-finance/final_delivery/classification_training/V2_Final_Training_Data/PO/Purchase_Order_By_Opener_141_7.png,PO
6509,/New_Volume/trade-finance/final_delivery/classification_training/V2_Final_Training_Data/PO/Purchase_Order_517_13.png,PO
6510,/New_Volume/trade-finance/final_delivery/classification_training/V2_Final_Training_Data/PO/Purchase_Order_453_1.png,PO
6511,/New_Volume/trade-finance/final_delivery/classification_training/V2_Final_Training_Data/PO/Purchase_Order_111_0.png,PO
6512,/New_Volume/trade-finance/final_delivery/classification_training/V2_Final_Training_Data/PO/Purchase_Order_447_0.png,PO
6513,/New_Volume/trade-finance/final_delivery/classification_training/V2_Final_Training_Data/PO/Purchase_Order_517_16.png,PO
6514,/New_Volume/trade-finance/final_delivery/classification_training/V2_Final_Training_Data/PO/Purchase_Order_125_1.png,PO
6515,/New_Volume/trade-finance/final_delivery/classification_training/V2_Final_Training_Data/PO/Purchase_Order_474_3.png,PO
6516,/New_Volume/trade-finance/final_delivery/classification_training/V2_Final_Training_Data/PO/Purchase_Order_164_4.png,PO
6517,/New_Volume/trade-finance/final_delivery/classification_training/V2_Final_Training_Data/PO/Purchase_Order_298_48.png,PO
6518,/New_Volume/trade-finance/final_delivery/classification_training/V2_Final_Training_Data/PO/Purchase_Order_122_0.png,PO
6519,/New_Volume/trade-finance/final_delivery/classification_training/V2_Final_Training_Data/PO/Purchase_Order_By_Opener_141_11.png,PO
6520,/New_Volume/trade-finance/final_delivery/classification_training/V2_Final_Training_Data/PO/Purchase_Order_By_Opener_141_15.png,PO
6521,/New_Volume/trade-finance/final_delivery/classification_training/V2_Final_Training_Data/PO/Purchase_Order_298_45.png,PO
6522,/New_Volume/trade-finance/final_delivery/classification_training/V2_Final_Training_Data/PO/Purchase_Order_220_0.png,PO
6523,/New_Volume/trade-finance/final_delivery/classification_training/V2_Final_Training_Data/PO/Purchase_Order_215_3.png,PO
6524,/New_Volume/trade-finance/final_delivery/classification_training/V2_Final_Training_Data/PO/Purchase_Order_125_9.png,PO
6525,/New_Volume/trade-finance/final_delivery/classification_training/V2_Final_Training_Data/PO/Purchase_Order_548_8.png,PO
6526,/New_Volume/trade-finance/final_delivery/classification_training/V2_Final_Training_Data/PO/Purchase_Order_576_0.png,PO
6527,/New_Volume/trade-finance/final_delivery/classification_training/V2_Final_Training_Data/PO/Purchase_Order_By_Opener_141_22.png,PO
6528,/New_Volume/trade-finance/final_delivery/classification_training/V2_Final_Training_Data/PO/Purchase_Order_503_0.png,PO
6529,/New_Volume/trade-finance/final_delivery/classification_training/V2_Final_Training_Data/PO/Purchase_Order_403_6.png,PO
6530,/New_Volume/trade-finance/final_delivery/classification_training/V2_Final_Training_Data/PO/Purchase_Order_517_25.png,PO
6531,/New_Volume/trade-finance/final_delivery/classification_training/V2_Final_Training_Data/PO/Purchase_Order_543_3.png,PO
6532,/New_Volume/trade-finance/final_delivery/classification_training/V2_Final_Training_Data/PO/Purchase_Order_87_24.png,PO
6533,/New_Volume/trade-finance/final_delivery/classification_training/V2_Final_Training_Data/PO/Purchase_Order_77_18.png,PO
6534,/New_Volume/trade-finance/final_delivery/classification_training/V2_Final_Training_Data/PO/Purchase_Order_298_46.png,PO
6535,/New_Volume/trade-finance/final_delivery/classification_training/V2_Final_Training_Data/PO/Purchase_Order_543_5.png,PO
6536,/New_Volume/trade-finance/final_delivery/classification_training/V2_Final_Training_Data/PO/Purchase_Order_87_12.png,PO
6537,/New_Volume/trade-finance/final_delivery/classification_training/V2_Final_Training_Data/PO/Purchase_Order_By_Opener_167_0.png,PO
6538,/New_Volume/trade-finance/final_delivery/classification_training/V2_Final_Training_Data/PO/Purchase_Order_By_Opener_16_0.png,PO
6539,/New_Volume/trade-finance/final_delivery/classification_training/V2_Final_Training_Data/PO/Purchase_Order_298_11.png,PO
6540,/New_Volume/trade-finance/final_delivery/classification_training/V2_Final_Training_Data/PO/Purchase_Order_168_0.png,PO
6541,/New_Volume/trade-finance/final_delivery/classification_training/V2_Final_Training_Data/PO/Purchase_Order_362_12.png,PO
6542,/New_Volume/trade-finance/final_delivery/classification_training/V2_Final_Training_Data/PO/Purchase_Order_474_0.png,PO
6543,/New_Volume/trade-finance/final_delivery/classification_training/V2_Final_Training_Data/PO/Purchase_Order_362_20.png,PO
6544,/New_Volume/trade-finance/final_delivery/classification_training/V2_Final_Training_Data/PO/Purchase_Order_517_6.png,PO
6545,/New_Volume/trade-finance/final_delivery/classification_training/V2_Final_Training_Data/PO/Purchase_Order_228_2.png,PO
6546,/New_Volume/trade-finance/final_delivery/classification_training/V2_Final_Training_Data/PO/Purchase_Order_298_20.png,PO
6547,/New_Volume/trade-finance/final_delivery/classification_training/V2_Final_Training_Data/PO/Purchase_Order_By_Opener_174_0.png,PO
6548,/New_Volume/trade-finance/final_delivery/classification_training/V2_Final_Training_Data/PO/Purchase_Order_525_0.png,PO
6549,/New_Volume/trade-finance/final_delivery/classification_training/V2_Final_Training_Data/PO/Purchase_Order_298_36.png,PO
6550,/New_Volume/trade-finance/final_delivery/classification_training/V2_Final_Training_Data/PO/Purchase_Order_241_0.png,PO
6551,/New_Volume/trade-finance/final_delivery/classification_training/V2_Final_Training_Data/PO/Purchase_Order_326_11.png,PO
6552,/New_Volume/trade-finance/final_delivery/classification_training/V2_Final_Training_Data/PO/Purchase_Order_77_20.png,PO
6553,/New_Volume/trade-finance/final_delivery/classification_training/V2_Final_Training_Data/PO/Purchase_Order_By_Opener_106_0.png,PO
6554,/New_Volume/trade-finance/final_delivery/classification_training/V2_Final_Training_Data/PO/Purchase_Order_152_0.png,PO
6555,/New_Volume/trade-finance/final_delivery/classification_training/V2_Final_Training_Data/PO/Purchase_Order_302_1.png,PO
6556,/New_Volume/trade-finance/final_delivery/classification_training/V2_Final_Training_Data/PO/Purchase_Order_298_13.png,PO
6557,/New_Volume/trade-finance/final_delivery/classification_training/V2_Final_Training_Data/PO/Purchase_Order_298_38.png,PO
6558,/New_Volume/trade-finance/final_delivery/classification_training/V2_Final_Training_Data/PO/Purchase_Order_220_1.png,PO
6559,/New_Volume/trade-finance/final_delivery/classification_training/V2_Final_Training_Data/PO/Purchase_Order_529_0.png,PO
6560,/New_Volume/trade-finance/final_delivery/classification_training/V2_Final_Training_Data/PO/Purchase_Order_534_9.png,PO
6561,/New_Volume/trade-finance/final_delivery/classification_training/V2_Final_Training_Data/PO/Purchase_Order_152_10.png,PO
6562,/New_Volume/trade-finance/final_delivery/classification_training/V2_Final_Training_Data/PO/Purchase_Order_178_1.png,PO
6563,/New_Volume/trade-finance/final_delivery/classification_training/V2_Final_Training_Data/PO/Purchase_Order_447_1.png,PO
6564,/New_Volume/trade-finance/final_delivery/classification_training/V2_Final_Training_Data/PO/Purchase_Order_534_16.png,PO
6565,/New_Volume/trade-finance/final_delivery/classification_training/V2_Final_Training_Data/PO/Purchase_Order_250_0.png,PO
6566,/New_Volume/trade-finance/final_delivery/classification_training/V2_Final_Training_Data/PO/Purchase_Order_298_54.png,PO
6567,/New_Volume/trade-finance/final_delivery/classification_training/V2_Final_Training_Data/PO/Purchase_Order_By_Opener_113_0.png,PO
6568,/New_Volume/trade-finance/final_delivery/classification_training/V2_Final_Training_Data/PO/Purchase_Order_By_Opener_114_0.png,PO
6569,/New_Volume/trade-finance/final_delivery/classification_training/V2_Final_Training_Data/PO/Purchase_Order_298_15.png,PO
6570,/New_Volume/trade-finance/final_delivery/classification_training/V2_Final_Training_Data/PO/Purchase_Order_87_16.png,PO
6571,/New_Volume/trade-finance/final_delivery/classification_training/V2_Final_Training_Data/PO/Purchase_Order_564_9.png,PO
6572,/New_Volume/trade-finance/final_delivery/classification_training/V2_Final_Training_Data/PO/Purchase_Order_125_8.png,PO
6573,/New_Volume/trade-finance/final_delivery/classification_training/V2_Final_Training_Data/PO/Purchase_Order_164_5.png,PO
6574,/New_Volume/trade-finance/final_delivery/classification_training/V2_Final_Training_Data/PO/Purchase_Order_298_33.png,PO
6575,/New_Volume/trade-finance/final_delivery/classification_training/V2_Final_Training_Data/PO/Purchase_Order_By_Opener_116_1.png,PO
6576,/New_Volume/trade-finance/final_delivery/classification_training/V2_Final_Training_Data/PO/Purchase_Order_213_0.png,PO
6577,/New_Volume/trade-finance/final_delivery/classification_training/V2_Final_Training_Data/PO/Purchase_Order_94_1.png,PO
6578,/New_Volume/trade-finance/final_delivery/classification_training/V2_Final_Training_Data/PO/Purchase_Order_362_5.png,PO
6579,/New_Volume/trade-finance/final_delivery/classification_training/V2_Final_Training_Data/PO/Purchase_Order_326_18.png,PO
6580,/New_Volume/trade-finance/final_delivery/classification_training/V2_Final_Training_Data/PO/Purchase_Order_308_0.png,PO
6581,/New_Volume/trade-finance/final_delivery/classification_training/V2_Final_Training_Data/PO/Purchase_Order_298_51.png,PO
6582,/New_Volume/trade-finance/final_delivery/classification_training/V2_Final_Training_Data/PO/Purchase_Order_298_8.png,PO
6583,/New_Volume/trade-finance/final_delivery/classification_training/V2_Final_Training_Data/PO/Purchase_Order_326_8.png,PO
6584,/New_Volume/trade-finance/final_delivery/classification_training/V2_Final_Training_Data/PO/Purchase_Order_By_Opener_153_1.png,PO
6585,/New_Volume/trade-finance/final_delivery/classification_training/V2_Final_Training_Data/PO/Purchase_Order_By_Opener_141_1.png,PO
6586,/New_Volume/trade-finance/final_delivery/classification_training/V2_Final_Training_Data/PO/Purchase_Order_558_0.png,PO
6587,/New_Volume/trade-finance/final_delivery/classification_training/V2_Final_Training_Data/PO/Purchase_Order_534_17.png,PO
6588,/New_Volume/trade-finance/final_delivery/classification_training/V2_Final_Training_Data/PO/Purchase_Order_85_0.png,PO
6589,/New_Volume/trade-finance/final_delivery/classification_training/V2_Final_Training_Data/PO/Purchase_Order_564_3.png,PO
6590,/New_Volume/trade-finance/final_delivery/classification_training/V2_Final_Training_Data/PO/Purchase_Order_517_3.png,PO
6591,/New_Volume/trade-finance/final_delivery/classification_training/V2_Final_Training_Data/PO/Purchase_Order_306_0.png,PO
6592,/New_Volume/trade-finance/final_delivery/classification_training/V2_Final_Training_Data/PO/Purchase_Order_By_Opener_141_20.png,PO
6593,/New_Volume/trade-finance/final_delivery/classification_training/V2_Final_Training_Data/PO/Purchase_Order_517_9.png,PO
6594,/New_Volume/trade-finance/final_delivery/classification_training/V2_Final_Training_Data/PO/Purchase_Order_302_6.png,PO
6595,/New_Volume/trade-finance/final_delivery/classification_training/V2_Final_Training_Data/PO/Purchase_Order_403_2.png,PO
6596,/New_Volume/trade-finance/final_delivery/classification_training/V2_Final_Training_Data/PO/Purchase_Order_326_5.png,PO
6597,/New_Volume/trade-finance/final_delivery/classification_training/V2_Final_Training_Data/PO/Purchase_Order_534_20.png,PO
6598,/New_Volume/trade-finance/final_delivery/classification_training/V2_Final_Training_Data/PO/Purchase_Order_130_2.png,PO
6599,/New_Volume/trade-finance/final_delivery/classification_training/V2_Final_Training_Data/PO/Purchase_Order_By_Opener_159_0.png,PO
6600,/New_Volume/trade-finance/final_delivery/classification_training/V2_Final_Training_Data/PO/Purchase_Order_By_Opener_158_0.png,PO
6601,/New_Volume/trade-finance/final_delivery/classification_training/V2_Final_Training_Data/PO/Purchase_Order_298_6.png,PO
6602,/New_Volume/trade-finance/final_delivery/classification_training/V2_Final_Training_Data/PO/Purchase_Order_By_Opener_116_0.png,PO
6603,/New_Volume/trade-finance/final_delivery/classification_training/V2_Final_Training_Data/PO/Purchase_Order_215_2.png,PO
6604,/New_Volume/trade-finance/final_delivery/classification_training/V2_Final_Training_Data/PO/Purchase_Order_By_Opener_124_1.png,PO
6605,/New_Volume/trade-finance/final_delivery/classification_training/V2_Final_Training_Data/PO/Purchase_Order_232_0.png,PO
6606,/New_Volume/trade-finance/final_delivery/classification_training/V2_Final_Training_Data/PO/Purchase_Order_By_Opener_123_1.png,PO
6607,/New_Volume/trade-finance/final_delivery/classification_training/V2_Final_Training_Data/PO/Purchase_Order_By_Opener_141_34.png,PO
6608,/New_Volume/trade-finance/final_delivery/classification_training/V2_Final_Training_Data/PO/Purchase_Order_78_0.png,PO
6609,/New_Volume/trade-finance/final_delivery/classification_training/V2_Final_Training_Data/PO/Purchase_Order_298_55.png,PO
6610,/New_Volume/trade-finance/final_delivery/classification_training/V2_Final_Training_Data/PO/Purchase_Order_534_3.png,PO
6611,/New_Volume/trade-finance/final_delivery/classification_training/V2_Final_Training_Data/PO/Purchase_Order_411_3.png,PO
6612,/New_Volume/trade-finance/final_delivery/classification_training/V2_Final_Training_Data/PO/Purchase_Order_298_26.png,PO
6613,/New_Volume/trade-finance/final_delivery/classification_training/V2_Final_Training_Data/PO/Purchase_Order_474_10.png,PO
6614,/New_Volume/trade-finance/final_delivery/classification_training/V2_Final_Training_Data/PO/Purchase_Order_178_4.png,PO
6615,/New_Volume/trade-finance/final_delivery/classification_training/V2_Final_Training_Data/PO/Purchase_Order_298_30.png,PO
6616,/New_Volume/trade-finance/final_delivery/classification_training/V2_Final_Training_Data/PO/Purchase_Order_By_Opener_141_31.png,PO
6617,/New_Volume/trade-finance/final_delivery/classification_training/V2_Final_Training_Data/PO/Purchase_Order_By_Opener_141_4.png,PO
6618,/New_Volume/trade-finance/final_delivery/classification_training/V2_Final_Training_Data/PO/Purchase_Order_By_Opener_141_2.png,PO
6619,/New_Volume/trade-finance/final_delivery/classification_training/V2_Final_Training_Data/PO/Purchase_Order_447_6.png,PO
6620,/New_Volume/trade-finance/final_delivery/classification_training/V2_Final_Training_Data/PO/Purchase_Order_362_1.png,PO
6621,/New_Volume/trade-finance/final_delivery/classification_training/V2_Final_Training_Data/PO/Purchase_Order_By_Opener_123_4.png,PO
6622,/New_Volume/trade-finance/final_delivery/classification_training/V2_Final_Training_Data/PO/Purchase_Order_534_11.png,PO
6623,/New_Volume/trade-finance/final_delivery/classification_training/V2_Final_Training_Data/PO/Purchase_Order_529_1.png,PO
6624,/New_Volume/trade-finance/final_delivery/classification_training/V2_Final_Training_Data/PO/Purchase_Order_87_20.png,PO
6625,/New_Volume/trade-finance/final_delivery/classification_training/V2_Final_Training_Data/PO/Purchase_Order_362_24.png,PO
6626,/New_Volume/trade-finance/final_delivery/classification_training/V2_Final_Training_Data/PO/Purchase_Order_526_3.png,PO
6627,/New_Volume/trade-finance/final_delivery/classification_training/V2_Final_Training_Data/PO/Purchase_Order_414_0.png,PO
6628,/New_Volume/trade-finance/final_delivery/classification_training/V2_Final_Training_Data/PO/Purchase_Order_By_Opener_104_0.png,PO
6629,/New_Volume/trade-finance/final_delivery/classification_training/V2_Final_Training_Data/PO/Purchase_Order_298_61.png,PO
6630,/New_Volume/trade-finance/final_delivery/classification_training/V2_Final_Training_Data/PO/Purchase_Order_362_29.png,PO
6631,/New_Volume/trade-finance/final_delivery/classification_training/V2_Final_Training_Data/PO/Purchase_Order_112_0.png,PO
6632,/New_Volume/trade-finance/final_delivery/classification_training/V2_Final_Training_Data/PO/Purchase_Order_By_Opener_141_13.png,PO
6633,/New_Volume/trade-finance/final_delivery/classification_training/V2_Final_Training_Data/PO/Purchase_Order_298_49.png,PO
6634,/New_Volume/trade-finance/final_delivery/classification_training/V2_Final_Training_Data/PO/Purchase_Order_By_Opener_100_0.png,PO
6635,/New_Volume/trade-finance/final_delivery/classification_training/V2_Final_Training_Data/PO/Purchase_Order_403_0.png,PO
6636,/New_Volume/trade-finance/final_delivery/classification_training/V2_Final_Training_Data/PO/Purchase_Order_302_14.png,PO
6637,/New_Volume/trade-finance/final_delivery/classification_training/V2_Final_Training_Data/PO/Purchase_Order_By_Opener_156_1.png,PO
6638,/New_Volume/trade-finance/final_delivery/classification_training/V2_Final_Training_Data/PO/Purchase_Order_103_0.png,PO
6639,/New_Volume/trade-finance/final_delivery/classification_training/V2_Final_Training_Data/PO/Purchase_Order_By_Opener_141_9.png,PO
6640,/New_Volume/trade-finance/final_delivery/classification_training/V2_Final_Training_Data/PO/Purchase_Order_By_Opener_141_21.png,PO
6641,/New_Volume/trade-finance/final_delivery/classification_training/V2_Final_Training_Data/PO/Purchase_Order_432_1.png,PO
6642,/New_Volume/trade-finance/final_delivery/classification_training/V2_Final_Training_Data/PO/Purchase_Order_87_14.png,PO
6643,/New_Volume/trade-finance/final_delivery/classification_training/V2_Final_Training_Data/PO/Purchase_Order_565_1.png,PO
6644,/New_Volume/trade-finance/final_delivery/classification_training/V2_Final_Training_Data/PO/Purchase_Order_497_1.png,PO
6645,/New_Volume/trade-finance/final_delivery/classification_training/V2_Final_Training_Data/PO/Purchase_Order_362_11.png,PO
6646,/New_Volume/trade-finance/final_delivery/classification_training/V2_Final_Training_Data/PO/Purchase_Order_298_40.png,PO
6647,/New_Volume/trade-finance/final_delivery/classification_training/V2_Final_Training_Data/PO/Purchase_Order_By_Opener_141_14.png,PO
6648,/New_Volume/trade-finance/final_delivery/classification_training/V2_Final_Training_Data/PO/Purchase_Order_By_Opener_154_0.png,PO
6649,/New_Volume/trade-finance/final_delivery/classification_training/V2_Final_Training_Data/PO/Purchase_Order_By_Opener_163_0.png,PO
6650,/New_Volume/trade-finance/final_delivery/classification_training/V2_Final_Training_Data/PO/Purchase_Order_298_5.png,PO
6651,/New_Volume/trade-finance/final_delivery/classification_training/V2_Final_Training_Data/PO/Purchase_Order_215_0.png,PO
6652,/New_Volume/trade-finance/final_delivery/classification_training/V2_Final_Training_Data/PO/Purchase_Order_526_0.png,PO
6653,/New_Volume/trade-finance/final_delivery/classification_training/V2_Final_Training_Data/PO/Purchase_Order_534_5.png,PO
6654,/New_Volume/trade-finance/final_delivery/classification_training/V2_Final_Training_Data/PO/Purchase_Order_298_57.png,PO
6655,/New_Volume/trade-finance/final_delivery/classification_training/V2_Final_Training_Data/PO/Purchase_Order_By_Opener_172_0.png,PO
6656,/New_Volume/trade-finance/final_delivery/classification_training/V2_Final_Training_Data/PO/Purchase_Order_326_13.png,PO
6657,/New_Volume/trade-finance/final_delivery/classification_training/V2_Final_Training_Data/PO/Purchase_Order_By_Opener_141_27.png,PO
6658,/New_Volume/trade-finance/final_delivery/classification_training/V2_Final_Training_Data/PO/Purchase_Order_326_15.png,PO
6659,/New_Volume/trade-finance/final_delivery/classification_training/V2_Final_Training_Data/PO/Purchase_Order_298_21.png,PO
6660,/New_Volume/trade-finance/final_delivery/classification_training/V2_Final_Training_Data/PO/Purchase_Order_526_4.png,PO
6661,/New_Volume/trade-finance/final_delivery/classification_training/V2_Final_Training_Data/PO/Purchase_Order_152_7.png,PO
6662,/New_Volume/trade-finance/final_delivery/classification_training/V2_Final_Training_Data/PO/Purchase_Order_By_Opener_124_0.png,PO
6663,/New_Volume/trade-finance/final_delivery/classification_training/V2_Final_Training_Data/PO/Purchase_Order_By_Opener_131_0.png,PO
6664,/New_Volume/trade-finance/final_delivery/classification_training/V2_Final_Training_Data/PO/Purchase_Order_362_10.png,PO
6665,/New_Volume/trade-finance/final_delivery/classification_training/V2_Final_Training_Data/PO/Purchase_Order_89_0.png,PO
6666,/New_Volume/trade-finance/final_delivery/classification_training/V2_Final_Training_Data/PO/Purchase_Order_534_8.png,PO
6667,/New_Volume/trade-finance/final_delivery/classification_training/V2_Final_Training_Data/PO/Purchase_Order_326_0.png,PO
6668,/New_Volume/trade-finance/final_delivery/classification_training/V2_Final_Training_Data/PO/Purchase_Order_362_18.png,PO
6669,/New_Volume/trade-finance/final_delivery/classification_training/V2_Final_Training_Data/PO/Purchase_Order_362_0.png,PO
6670,/New_Volume/trade-finance/final_delivery/classification_training/V2_Final_Training_Data/PO/Purchase_Order_By_Opener_141_35.png,PO
6671,/New_Volume/trade-finance/final_delivery/classification_training/V2_Final_Training_Data/PO/Purchase_Order_517_8.png,PO
6672,/New_Volume/trade-finance/final_delivery/classification_training/V2_Final_Training_Data/PO/Purchase_Order_164_0.png,PO
6673,/New_Volume/trade-finance/final_delivery/classification_training/V2_Final_Training_Data/PO/Purchase_Order_298_32.png,PO
6674,/New_Volume/trade-finance/final_delivery/classification_training/V2_Final_Training_Data/PO/Purchase_Order_517_4.png,PO
6675,/New_Volume/trade-finance/final_delivery/classification_training/V2_Final_Training_Data/PO/Purchase_Order_152_9.png,PO
6676,/New_Volume/trade-finance/final_delivery/classification_training/V2_Final_Training_Data/PO/Purchase_Order_548_6.png,PO
6677,/New_Volume/trade-finance/final_delivery/classification_training/V2_Final_Training_Data/PO/Purchase_Order_526_1.png,PO
6678,/New_Volume/trade-finance/final_delivery/classification_training/V2_Final_Training_Data/PO/Purchase_Order_298_39.png,PO
6679,/New_Volume/trade-finance/final_delivery/classification_training/V2_Final_Training_Data/PO/Purchase_Order_298_42.png,PO
6680,/New_Volume/trade-finance/final_delivery/classification_training/V2_Final_Training_Data/PO/Purchase_Order_360_0.png,PO
6681,/New_Volume/trade-finance/final_delivery/classification_training/V2_Final_Training_Data/PO/Purchase_Order_126_2.png,PO
6682,/New_Volume/trade-finance/final_delivery/classification_training/V2_Final_Training_Data/PO/Purchase_Order_By_Opener_141_24.png,PO
6683,/New_Volume/trade-finance/final_delivery/classification_training/V2_Final_Training_Data/PO/Purchase_Order_406_0.png,PO
6684,/New_Volume/trade-finance/final_delivery/classification_training/V2_Final_Training_Data/PO/Purchase_Order_298_37.png,PO
6685,/New_Volume/trade-finance/final_delivery/classification_training/V2_Final_Training_Data/PO/Purchase_Order_373_0.png,PO
6686,/New_Volume/trade-finance/final_delivery/classification_training/V2_Final_Training_Data/PO/Purchase_Order_426_0.png,PO
6687,/New_Volume/trade-finance/final_delivery/classification_training/V2_Final_Training_Data/PO/Purchase_Order_488_0.png,PO
6688,/New_Volume/trade-finance/final_delivery/classification_training/V2_Final_Training_Data/PO/Purchase_Order_298_1.png,PO
6689,/New_Volume/trade-finance/final_delivery/classification_training/V2_Final_Training_Data/PO/Purchase_Order_298_19.png,PO
6690,/New_Volume/trade-finance/final_delivery/classification_training/V2_Final_Training_Data/PO/Purchase_Order_298_16.png,PO
6691,/New_Volume/trade-finance/final_delivery/classification_training/V2_Final_Training_Data/PO/Purchase_Order_517_10.png,PO
6692,/New_Volume/trade-finance/final_delivery/classification_training/V2_Final_Training_Data/PO/Purchase_Order_By_Opener_153_0.png,PO
6693,/New_Volume/trade-finance/final_delivery/classification_training/V2_Final_Training_Data/PO/Purchase_Order_534_0.png,PO
6694,/New_Volume/trade-finance/final_delivery/classification_training/V2_Final_Training_Data/PO/Purchase_Order_By_Opener_141_19.png,PO
6695,/New_Volume/trade-finance/final_delivery/classification_training/V2_Final_Training_Data/PO/Purchase_Order_517_2.png,PO
6696,/New_Volume/trade-finance/final_delivery/classification_training/V2_Final_Training_Data/PO/Purchase_Order_By_Opener_166_0.png,PO
6697,/New_Volume/trade-finance/final_delivery/classification_training/V2_Final_Training_Data/PO/Purchase_Order_362_23.png,PO
6698,/New_Volume/trade-finance/final_delivery/classification_training/V2_Final_Training_Data/PO/Purchase_Order_250_3.png,PO
6699,/New_Volume/trade-finance/final_delivery/classification_training/V2_Final_Training_Data/PO/Purchase_Order_362_21.png,PO
6700,/New_Volume/trade-finance/final_delivery/classification_training/V2_Final_Training_Data/PO/Purchase_Order_302_10.png,PO
6701,/New_Volume/trade-finance/final_delivery/classification_training/V2_Final_Training_Data/PO/Purchase_Order_80_2.png,PO
6702,/New_Volume/trade-finance/final_delivery/classification_training/V2_Final_Training_Data/PO/Purchase_Order_362_17.png,PO
6703,/New_Volume/trade-finance/final_delivery/classification_training/V2_Final_Training_Data/PO/Purchase_Order_298_23.png,PO
6704,/New_Volume/trade-finance/final_delivery/classification_training/V2_Final_Training_Data/PO/Purchase_Order_220_3.png,PO
6705,/New_Volume/trade-finance/final_delivery/classification_training/V2_Final_Training_Data/PO/Purchase_Order_195_0.png,PO
6706,/New_Volume/trade-finance/final_delivery/classification_training/V2_Final_Training_Data/PO/Purchase_Order_302_3.png,PO
6707,/New_Volume/trade-finance/final_delivery/classification_training/V2_Final_Training_Data/PO/Purchase_Order_85_5.png,PO
6708,/New_Volume/trade-finance/final_delivery/classification_training/V2_Final_Training_Data/PO/Purchase_Order_87_19.png,PO
6709,/New_Volume/trade-finance/final_delivery/classification_training/V2_Final_Training_Data/PO/Purchase_Order_298_52.png,PO
6710,/New_Volume/trade-finance/final_delivery/classification_training/V2_Final_Training_Data/PO/Purchase_Order_130_0.png,PO
6711,/New_Volume/trade-finance/final_delivery/classification_training/V2_Final_Training_Data/PO/Purchase_Order_By_Opener_161_0.png,PO
6712,/New_Volume/trade-finance/final_delivery/classification_training/V2_Final_Training_Data/PO/Purchase_Order_517_7.png,PO
6713,/New_Volume/trade-finance/final_delivery/classification_training/V2_Final_Training_Data/PO/Purchase_Order_414_7.png,PO
6714,/New_Volume/trade-finance/final_delivery/classification_training/V2_Final_Training_Data/PO/Purchase_Order_528_1.png,PO
6715,/New_Volume/trade-finance/final_delivery/classification_training/V2_Final_Training_Data/PO/Purchase_Order_By_Opener_141_30.png,PO
6716,/New_Volume/trade-finance/final_delivery/classification_training/V2_Final_Training_Data/PO/Purchase_Order_302_5.png,PO
6717,/New_Volume/trade-finance/final_delivery/classification_training/V2_Final_Training_Data/PO/Purchase_Order_By_Opener_153_2.png,PO
6718,/New_Volume/trade-finance/final_delivery/classification_training/V2_Final_Training_Data/PO/Purchase_Order_298_3.png,PO
6719,/New_Volume/trade-finance/final_delivery/classification_training/V2_Final_Training_Data/PO/Purchase_Order_564_6.png,PO
6720,/New_Volume/trade-finance/final_delivery/classification_training/V2_Final_Training_Data/PO/Purchase_Order_By_Opener_141_29.png,PO
6721,/New_Volume/trade-finance/final_delivery/classification_training/V2_Final_Training_Data/PO/Purchase_Order_89_2.png,PO
6722,/New_Volume/trade-finance/final_delivery/classification_training/V2_Final_Training_Data/PO/Purchase_Order_125_3.png,PO
6723,/New_Volume/trade-finance/final_delivery/classification_training/V2_Final_Training_Data/PO/Purchase_Order_199_1.png,PO
6724,/New_Volume/trade-finance/final_delivery/classification_training/V2_Final_Training_Data/PO/Purchase_Order_By_Opener_137_0.png,PO
6725,/New_Volume/trade-finance/final_delivery/classification_training/V2_Final_Training_Data/PO/Purchase_Order_447_2.png,PO
6726,/New_Volume/trade-finance/final_delivery/classification_training/V2_Final_Training_Data/PO/Purchase_Order_87_17.png,PO
6727,/New_Volume/trade-finance/final_delivery/classification_training/V2_Final_Training_Data/PO/Purchase_Order_517_0.png,PO
6728,/New_Volume/trade-finance/final_delivery/classification_training/V2_Final_Training_Data/PO/Purchase_Order_225_0.png,PO
6729,/New_Volume/trade-finance/final_delivery/classification_training/V2_Final_Training_Data/PO/Purchase_Order_298_56.png,PO
6730,/New_Volume/trade-finance/final_delivery/classification_training/V2_Final_Training_Data/PO/Purchase_Order_298_28.png,PO
6731,/New_Volume/trade-finance/final_delivery/classification_training/V2_Final_Training_Data/PO/Purchase_Order_By_Opener_141_23.png,PO
6732,/New_Volume/trade-finance/final_delivery/classification_training/V2_Final_Training_Data/PO/Purchase_Order_362_27.png,PO
6733,/New_Volume/trade-finance/final_delivery/classification_training/V2_Final_Training_Data/PO/Purchase_Order_548_2.png,PO
6734,/New_Volume/trade-finance/final_delivery/classification_training/V2_Final_Training_Data/PO/Purchase_Order_302_16.png,PO
6735,/New_Volume/trade-finance/final_delivery/classification_training/V2_Final_Training_Data/PO/Purchase_Order_302_0.png,PO
6736,/New_Volume/trade-finance/final_delivery/classification_training/V2_Final_Training_Data/PO/Purchase_Order_534_7.png,PO
6737,/New_Volume/trade-finance/final_delivery/classification_training/V2_Final_Training_Data/PO/Purchase_Order_298_14.png,PO
6738,/New_Volume/trade-finance/final_delivery/classification_training/V2_Final_Training_Data/PO/Purchase_Order_598_0.png,PO
6739,/New_Volume/trade-finance/final_delivery/classification_training/V2_Final_Training_Data/PO/Purchase_Order_548_0.png,PO
6740,/New_Volume/trade-finance/final_delivery/classification_training/V2_Final_Training_Data/PO/Purchase_Order_By_Opener_141_0.png,PO
6741,/New_Volume/trade-finance/final_delivery/classification_training/V2_Final_Training_Data/PO/Purchase_Order_362_28.png,PO
6742,/New_Volume/trade-finance/final_delivery/classification_training/V2_Final_Training_Data/PO/Purchase_Order_453_0.png,PO
6743,/New_Volume/trade-finance/final_delivery/classification_training/V2_Final_Training_Data/PO/Purchase_Order_By_Opener_123_0.png,PO
6744,/New_Volume/trade-finance/final_delivery/classification_training/V2_Final_Training_Data/PO/Purchase_Order_567_0.png,PO
6745,/New_Volume/trade-finance/final_delivery/classification_training/V2_Final_Training_Data/PO/Purchase_Order_404_0.png,PO
6746,/New_Volume/trade-finance/final_delivery/classification_training/V2_Final_Training_Data/PO/Purchase_Order_By_Opener_141_25.png,PO
6747,/New_Volume/trade-finance/final_delivery/classification_training/V2_Final_Training_Data/PO/Purchase_Order_474_8.png,PO
6748,/New_Volume/trade-finance/final_delivery/classification_training/V2_Final_Training_Data/PO/Purchase_Order_By_Opener_145_0.png,PO
6749,/New_Volume/trade-finance/final_delivery/classification_training/V2_Final_Training_Data/PO/Purchase_Order_237_0.png,PO
6750,/New_Volume/trade-finance/final_delivery/classification_training/V2_Final_Training_Data/PO/Purchase_Order_446_0.png,PO
6751,/New_Volume/trade-finance/final_delivery/classification_training/V2_Final_Training_Data/PO/Purchase_Order_228_0.png,PO
6752,/New_Volume/trade-finance/final_delivery/classification_training/V2_Final_Training_Data/PO/Purchase_Order_408_1.png,PO
6753,/New_Volume/trade-finance/final_delivery/classification_training/V2_Final_Training_Data/PO/Purchase_Order_411_1.png,PO
6754,/New_Volume/trade-finance/final_delivery/classification_training/V2_Final_Training_Data/PO/Purchase_Order_87_26.png,PO
6755,/New_Volume/trade-finance/final_delivery/classification_training/V2_Final_Training_Data/PO/Purchase_Order_564_7.png,PO
6756,/New_Volume/trade-finance/final_delivery/classification_training/V2_Final_Training_Data/PO/Purchase_Order_403_13.png,PO
6757,/New_Volume/trade-finance/final_delivery/classification_training/V2_Final_Training_Data/PO/Purchase_Order_417_0.png,PO
6758,/New_Volume/trade-finance/final_delivery/classification_training/V2_Final_Training_Data/PO/Purchase_Order_303_0.png,PO
6759,/New_Volume/trade-finance/final_delivery/classification_training/V2_Final_Training_Data/PO/Purchase_Order_494_0.png,PO
6760,/New_Volume/trade-finance/final_delivery/classification_training/V2_Final_Training_Data/PO/Purchase_Order_By_Opener_141_26.png,PO
6761,/New_Volume/trade-finance/final_delivery/classification_training/V2_Final_Training_Data/PO/Purchase_Order_534_15.png,PO
6762,/New_Volume/trade-finance/final_delivery/classification_training/V2_Final_Training_Data/PO/Purchase_Order_By_Opener_141_28.png,PO
6763,/New_Volume/trade-finance/final_delivery/classification_training/V2_Final_Training_Data/PO/Purchase_Order_87_27.png,PO
6764,/New_Volume/trade-finance/final_delivery/classification_training/V2_Final_Training_Data/PO/Purchase_Order_534_1.png,PO
6765,/New_Volume/trade-finance/final_delivery/classification_training/V2_Final_Training_Data/PO/Purchase_Order_326_16.png,PO
6766,/New_Volume/trade-finance/final_delivery/classification_training/V2_Final_Training_Data/PO/Purchase_Order_362_3.png,PO
6767,/New_Volume/trade-finance/final_delivery/classification_training/V2_Final_Training_Data/PO/Purchase_Order_By_Opener_141_10.png,PO
6768,/New_Volume/trade-finance/final_delivery/classification_training/V2_Final_Training_Data/PO/Purchase_Order_298_22.png,PO
6769,/New_Volume/trade-finance/final_delivery/classification_training/V2_Final_Training_Data/PO/Purchase_Order_By_Opener_141_12.png,PO
6770,/New_Volume/trade-finance/final_delivery/classification_training/V2_Final_Training_Data/PO/Purchase_Order_423_0.png,PO
6771,/New_Volume/trade-finance/final_delivery/classification_training/V2_Final_Training_Data/PO/Purchase_Order_407_0.png,PO
6772,/New_Volume/trade-finance/final_delivery/classification_training/V2_Final_Training_Data/PO/Purchase_Order_534_22.png,PO
6773,/New_Volume/trade-finance/final_delivery/classification_training/V2_Final_Training_Data/PO/Purchase_Order_326_1.png,PO
6774,/New_Volume/trade-finance/final_delivery/classification_training/V2_Final_Training_Data/PO/Purchase_Order_534_6.png,PO
6775,/New_Volume/trade-finance/final_delivery/classification_training/V2_Final_Training_Data/PO/Purchase_Order_By_Opener_141_3.png,PO
6776,/New_Volume/trade-finance/final_delivery/classification_training/V2_Final_Training_Data/PO/Purchase_Order_403_10.png,PO
6777,/New_Volume/trade-finance/final_delivery/classification_training/V2_Final_Training_Data/PO/Purchase_Order_542_0.png,PO
6778,/New_Volume/trade-finance/final_delivery/classification_training/V2_Final_Training_Data/PO/Purchase_Order_99_1.png,PO
6779,/New_Volume/trade-finance/final_delivery/classification_training/V2_Final_Training_Data/PO/Purchase_Order_534_21.png,PO
6780,/New_Volume/trade-finance/final_delivery/classification_training/V2_Final_Training_Data/PO/Purchase_Order_447_5.png,PO
6781,/New_Volume/trade-finance/final_delivery/classification_training/V2_Final_Training_Data/PO/Purchase_Order_By_Opener_159_2.png,PO
6782,/New_Volume/trade-finance/final_delivery/classification_training/V2_Final_Training_Data/PO/Purchase_Order_192_1.png,PO
6783,/New_Volume/trade-finance/final_delivery/classification_training/V2_Final_Training_Data/PO/Purchase_Order_By_Opener_141_18.png,PO
6784,/New_Volume/trade-finance/final_delivery/classification_training/V2_Final_Training_Data/PO/Purchase_Order_164_3.png,PO
6785,/New_Volume/trade-finance/final_delivery/classification_training/V2_Final_Training_Data/PO/Purchase_Order_529_2.png,PO
6786,/New_Volume/trade-finance/final_delivery/classification_training/V2_Final_Training_Data/PO/Purchase_Order_120_1.png,PO
6787,/New_Volume/trade-finance/final_delivery/classification_training/V2_Final_Training_Data/PO/Purchase_Order_By_Opener_110_0.png,PO
6788,/New_Volume/trade-finance/final_delivery/classification_training/V2_Final_Training_Data/PO/Purchase_Order_517_14.png,PO
6789,/New_Volume/trade-finance/final_delivery/classification_training/V2_Final_Training_Data/PO/Purchase_Order_By_Opener_159_5.png,PO
6790,/New_Volume/trade-finance/final_delivery/classification_training/V2_Final_Training_Data/PO/Purchase_Order_298_53.png,PO
6791,/New_Volume/trade-finance/final_delivery/classification_training/V2_Final_Training_Data/PO/Purchase_Order_326_19.png,PO
6792,/New_Volume/trade-finance/final_delivery/classification_training/V2_Final_Training_Data/PO/Purchase_Order_564_4.png,PO
6793,/New_Volume/trade-finance/final_delivery/classification_training/V2_Final_Training_Data/PO/Purchase_Order_By_Opener_13_0.png,PO
6794,/New_Volume/trade-finance/final_delivery/classification_training/V2_Final_Training_Data/PO/Purchase_Order_362_31.png,PO
6795,/New_Volume/trade-finance/final_delivery/classification_training/V2_Final_Training_Data/PO/Purchase_Order_298_7.png,PO
6796,/New_Volume/trade-finance/final_delivery/classification_training/V2_Final_Training_Data/PO/Purchase_Order_517_12.png,PO
6797,/New_Volume/trade-finance/final_delivery/classification_training/V2_Final_Training_Data/PO/Purchase_Order_126_0.png,PO
6798,/New_Volume/trade-finance/final_delivery/classification_training/V2_Final_Training_Data/PO/Purchase_Order_85_6.png,PO
6799,/New_Volume/trade-finance/final_delivery/classification_training/V2_Final_Training_Data/PO/Purchase_Order_301_1.png,PO
6800,/New_Volume/trade-finance/final_delivery/classification_training/V2_Final_Training_Data/PO/Purchase_Order_326_17.png,PO
6801,/New_Volume/trade-finance/final_delivery/classification_training/V2_Final_Training_Data/PO/Purchase_Order_By_Opener_115_0.png,PO
6802,/New_Volume/trade-finance/final_delivery/classification_training/V2_Final_Training_Data/PO/Purchase_Order_298_58.png,PO
6803,/New_Volume/trade-finance/final_delivery/classification_training/V2_Final_Training_Data/PO/Purchase_Order_220_2.png,PO
6804,/New_Volume/trade-finance/final_delivery/classification_training/V2_Final_Training_Data/PO/Purchase_Order_302_4.png,PO
6805,/New_Volume/trade-finance/final_delivery/classification_training/V2_Final_Training_Data/PO/Purchase_Order_523_0.png,PO
6806,/New_Volume/trade-finance/final_delivery/classification_training/V2_Final_Training_Data/PO/Purchase_Order_By_Opener_141_36.png,PO
6807,/New_Volume/trade-finance/final_delivery/classification_training/V2_Final_Training_Data/PO/Purchase_Order_326_3.png,PO
6808,/New_Volume/trade-finance/final_delivery/classification_training/V2_Final_Training_Data/PO/Purchase_Order_268_0.png,PO
6809,/New_Volume/trade-finance/final_delivery/classification_training/V2_Final_Training_Data/PO/Purchase_Order_534_24.png,PO
6810,/New_Volume/trade-finance/final_delivery/classification_training/V2_Final_Training_Data/PO/Purchase_Order_By_Opener_105_0.png,PO
6811,/New_Volume/trade-finance/final_delivery/classification_training/V2_Final_Training_Data/PO/Purchase_Order_294_0.png,PO
6812,/New_Volume/trade-finance/final_delivery/classification_training/V2_Final_Training_Data/PO/Purchase_Order_By_Opener_175_0.png,PO
6813,/New_Volume/trade-finance/final_delivery/classification_training/V2_Final_Training_Data/PO/Purchase_Order_By_Opener_141_40.png,PO
6814,/New_Volume/trade-finance/final_delivery/classification_training/V2_Final_Training_Data/PO/Purchase_Order_497_0.png,PO
6815,/New_Volume/trade-finance/final_delivery/classification_training/V2_Final_Training_Data/PO/Purchase_Order_362_30.png,PO
6816,/New_Volume/trade-finance/final_delivery/classification_training/V2_Final_Training_Data/PO/Purchase_Order_91_0.png,PO
6817,/New_Volume/trade-finance/final_delivery/classification_training/V2_Final_Training_Data/PO/Purchase_Order_302_11.png,PO
6818,/New_Volume/trade-finance/final_delivery/classification_training/V2_Final_Training_Data/PO/Purchase_Order_543_4.png,PO
6819,/New_Volume/trade-finance/final_delivery/classification_training/V2_Final_Training_Data/PO/Purchase_Order_403_4.png,PO
6820,/New_Volume/trade-finance/final_delivery/classification_training/V2_Final_Training_Data/PO/Purchase_Order_326_7.png,PO
6821,/New_Volume/trade-finance/final_delivery/classification_training/V2_Final_Training_Data/PO/Purchase_Order_362_2.png,PO
6822,/New_Volume/trade-finance/final_delivery/classification_training/V2_Final_Training_Data/PO/Purchase_Order_298_25.png,PO
6823,/New_Volume/trade-finance/final_delivery/classification_training/V2_Final_Training_Data/PO/Purchase_Order_126_3.png,PO
6824,/New_Volume/trade-finance/final_delivery/classification_training/V2_Final_Training_Data/PO/Purchase_Order_298_60.png,PO
6825,/New_Volume/trade-finance/final_delivery/classification_training/V2_Final_Training_Data/PO/Purchase_Order_502_2.png,PO
6826,/New_Volume/trade-finance/final_delivery/classification_training/V2_Final_Training_Data/PO/Purchase_Order_326_6.png,PO
6827,/New_Volume/trade-finance/final_delivery/classification_training/V2_Final_Training_Data/PO/Purchase_Order_By_Opener_159_3.png,PO
6828,/New_Volume/trade-finance/final_delivery/classification_training/V2_Final_Training_Data/PO/Purchase_Order_302_9.png,PO
6829,/New_Volume/trade-finance/final_delivery/classification_training/V2_Final_Training_Data/PO/Purchase_Order_199_0.png,PO
6830,/New_Volume/trade-finance/final_delivery/classification_training/V2_Final_Training_Data/PO/Purchase_Order_420_0.png,PO
6831,/New_Volume/trade-finance/final_delivery/classification_training/V2_Final_Training_Data/PO/Purchase_Order_By_Opener_166_1.png,PO
6832,/New_Volume/trade-finance/final_delivery/classification_training/V2_Final_Training_Data/PO/Purchase_Order_342_1.png,PO
6833,/New_Volume/trade-finance/final_delivery/classification_training/V2_Final_Training_Data/PO/Purchase_Order_474_6.png,PO
6834,/New_Volume/trade-finance/final_delivery/classification_training/V2_Final_Training_Data/PO/Purchase_Order_192_0.png,PO
6835,/New_Volume/trade-finance/final_delivery/classification_training/V2_Final_Training_Data/PO/Purchase_Order_199_5.png,PO
6836,/New_Volume/trade-finance/final_delivery/classification_training/V2_Final_Training_Data/PO/Purchase_Order_298_4.png,PO
6837,/New_Volume/trade-finance/final_delivery/classification_training/V2_Final_Training_Data/PO/Purchase_Order_548_4.png,PO
6838,/New_Volume/trade-finance/final_delivery/classification_training/V2_Final_Training_Data/PO/Purchase_Order_183_0.png,PO
6839,/New_Volume/trade-finance/final_delivery/classification_training/V2_Final_Training_Data/PO/Purchase_Order_By_Opener_157_0.png,PO
6840,/New_Volume/trade-finance/final_delivery/classification_training/V2_Final_Training_Data/PO/Purchase_Order_299_0.png,PO
6841,/New_Volume/trade-finance/final_delivery/classification_training/V2_Final_Training_Data/PO/Purchase_Order_548_5.png,PO
6842,/New_Volume/trade-finance/final_delivery/classification_training/V2_Final_Training_Data/PO/Purchase_Order_326_9.png,PO
6843,/New_Volume/trade-finance/final_delivery/classification_training/V2_Final_Training_Data/PO/Purchase_Order_152_5.png,PO
6844,/New_Volume/trade-finance/final_delivery/classification_training/V2_Final_Training_Data/PO/Purchase_Order_By_Opener_173_0.png,PO
6845,/New_Volume/trade-finance/final_delivery/classification_training/V2_Final_Training_Data/PO/Purchase_Order_474_2.png,PO
6846,/New_Volume/trade-finance/final_delivery/classification_training/V2_Final_Training_Data/PO/Purchase_Order_By_Opener_140_0.png,PO
6847,/New_Volume/trade-finance/final_delivery/classification_training/V2_Final_Training_Data/PO/Purchase_Order_286_0.png,PO
6848,/New_Volume/trade-finance/final_delivery/classification_training/V2_Final_Training_Data/PO/Purchase_Order_199_3.png,PO
6849,/New_Volume/trade-finance/final_delivery/classification_training/V2_Final_Training_Data/PO/Purchase_Order_403_11.png,PO
6850,/New_Volume/trade-finance/final_delivery/classification_training/V2_Final_Training_Data/PO/Purchase_Order_526_2.png,PO
6851,/New_Volume/trade-finance/final_delivery/classification_training/V2_Final_Training_Data/PO/Purchase_Order_534_12.png,PO
6852,/New_Volume/trade-finance/final_delivery/classification_training/V2_Final_Training_Data/PO/Purchase_Order_474_4.png,PO
6853,/New_Volume/trade-finance/final_delivery/classification_training/V2_Final_Training_Data/PO/Purchase_Order_By_Opener_141_17.png,PO
6854,/New_Volume/trade-finance/final_delivery/classification_training/V2_Final_Training_Data/PO/Purchase_Order_302_7.png,PO
6855,/New_Volume/trade-finance/final_delivery/classification_training/V2_Final_Training_Data/PO/Purchase_Order_362_15.png,PO
6856,/New_Volume/trade-finance/final_delivery/classification_training/V2_Final_Training_Data/PO/Purchase_Order_250_1.png,PO
6857,/New_Volume/trade-finance/final_delivery/classification_training/V2_Final_Training_Data/PO/Purchase_Order_548_7.png,PO
6858,/New_Volume/trade-finance/final_delivery/classification_training/V2_Final_Training_Data/PO/Purchase_Order_94_0.png,PO
6859,/New_Volume/trade-finance/final_delivery/classification_training/V2_Final_Training_Data/PO/Purchase_Order_99_0.png,PO
6860,/New_Volume/trade-finance/final_delivery/classification_training/V2_Final_Training_Data/PO/Purchase_Order_By_Opener_141_5.png,PO
6861,/New_Volume/trade-finance/final_delivery/classification_training/V2_Final_Training_Data/PO/Purchase_Order_362_8.png,PO
6862,/New_Volume/trade-finance/final_delivery/classification_training/V2_Final_Training_Data/PO/Purchase_Order_413_0.png,PO
6863,/New_Volume/trade-finance/final_delivery/classification_training/V2_Final_Training_Data/PO/Purchase_Order_By_Opener_108_0.png,PO
6864,/New_Volume/trade-finance/final_delivery/classification_training/V2_Final_Training_Data/PO/Purchase_Order_274_0.png,PO
6865,/New_Volume/trade-finance/final_delivery/classification_training/V2_Final_Training_Data/PO/Purchase_Order_403_8.png,PO
6866,/New_Volume/trade-finance/final_delivery/classification_training/V2_Final_Training_Data/PO/Purchase_Order_102_0.png,PO
6867,/New_Volume/trade-finance/final_delivery/classification_training/V2_Final_Training_Data/PO/Purchase_Order_298_12.png,PO
6868,/New_Volume/trade-finance/final_delivery/classification_training/V2_Final_Training_Data/PO/Purchase_Order_By_Opener_154_1.png,PO
6869,/New_Volume/trade-finance/final_delivery/classification_training/V2_Final_Training_Data/PO/Purchase_Order_By_Opener_109_0.png,PO
6870,/New_Volume/trade-finance/final_delivery/classification_training/V2_Final_Training_Data/PO/Purchase_Order_298_41.png,PO
6871,/New_Volume/trade-finance/final_delivery/classification_training/V2_Final_Training_Data/PO/Purchase_Order_525_4.png,PO
6872,/New_Volume/trade-finance/final_delivery/classification_training/V2_Final_Training_Data/PO/Purchase_Order_80_0.png,PO
6873,/New_Volume/trade-finance/final_delivery/classification_training/V2_Final_Training_Data/PO/Purchase_Order_By_Opener_159_4.png,PO
6874,/New_Volume/trade-finance/final_delivery/classification_training/V2_Final_Training_Data/PO/Purchase_Order_298_31.png,PO
6875,/New_Volume/trade-finance/final_delivery/classification_training/V2_Final_Training_Data/PO/Purchase_Order_336_0.png,PO
6876,/New_Volume/trade-finance/final_delivery/classification_training/V2_Final_Training_Data/PO/Purchase_Order_362_7.png,PO
6877,/New_Volume/trade-finance/final_delivery/classification_training/V2_Final_Training_Data/PO/Purchase_Order_362_14.png,PO
6878,/New_Volume/trade-finance/final_delivery/classification_training/V2_Final_Training_Data/PO/Purchase_Order_534_18.png,PO
6879,/New_Volume/trade-finance/final_delivery/classification_training/V2_Final_Training_Data/PO/Purchase_Order_178_6.png,PO
6880,/New_Volume/trade-finance/final_delivery/classification_training/V2_Final_Training_Data/PO/Purchase_Order_247_0.png,PO
6881,/New_Volume/trade-finance/final_delivery/classification_training/V2_Final_Training_Data/PO/Purchase_Order_By_Opener_162_0.png,PO
6882,/New_Volume/trade-finance/final_delivery/classification_training/V2_Final_Training_Data/PO/Purchase_Order_126_1.png,PO
6883,/New_Volume/trade-finance/final_delivery/classification_training/V2_Final_Training_Data/PO/Purchase_Order_534_14.png,PO
6884,/New_Volume/trade-finance/final_delivery/classification_training/V2_Final_Training_Data/PO/Purchase_Order_298_9.png,PO
6885,/New_Volume/trade-finance/final_delivery/classification_training/V2_Final_Training_Data/PO/Purchase_Order_408_0.png,PO
6886,/New_Volume/trade-finance/final_delivery/classification_training/V2_Final_Training_Data/PO/Purchase_Order_298_29.png,PO
6887,/New_Volume/trade-finance/final_delivery/classification_training/V2_Final_Training_Data/PO/Purchase_Order_125_7.png,PO
6888,/New_Volume/trade-finance/final_delivery/classification_training/V2_Final_Training_Data/PO/Purchase_Order_298_2.png,PO
6889,/New_Volume/trade-finance/final_delivery/classification_training/V2_Final_Training_Data/PO/Purchase_Order_152_3.png,PO
6890,/New_Volume/trade-finance/final_delivery/classification_training/V2_Final_Training_Data/PO/Purchase_Order_By_Opener_141_39.png,PO
6891,/New_Volume/trade-finance/final_delivery/classification_training/V2_Final_Training_Data/PO/Purchase_Order_480_2.png,PO
6892,/New_Volume/trade-finance/final_delivery/classification_training/V2_Final_Training_Data/PO/Purchase_Order_164_2.png,PO
6893,/New_Volume/trade-finance/final_delivery/classification_training/V2_Final_Training_Data/PO/Purchase_Order_534_4.png,PO
6894,/New_Volume/trade-finance/final_delivery/classification_training/V2_Final_Training_Data/PO/Purchase_Order_326_14.png,PO
6895,/New_Volume/trade-finance/final_delivery/classification_training/V2_Final_Training_Data/PO/Purchase_Order_178_5.png,PO
6896,/New_Volume/trade-finance/final_delivery/classification_training/V2_Final_Training_Data/PO/Purchase_Order_302_2.png,PO
6897,/New_Volume/trade-finance/final_delivery/classification_training/V2_Final_Training_Data/PO/Purchase_Order_517_1.png,PO
6898,/New_Volume/trade-finance/final_delivery/classification_training/V2_Final_Training_Data/PO/Purchase_Order_By_Opener_141_8.png,PO
6899,/New_Volume/trade-finance/final_delivery/classification_training/V2_Final_Training_Data/PO/Purchase_Order_517_26.png,PO
6900,/New_Volume/trade-finance/final_delivery/classification_training/V2_Final_Training_Data/PO/Purchase_Order_87_0.png,PO
6901,/New_Volume/trade-finance/final_delivery/classification_training/V2_Final_Training_Data/PO/Purchase_Order_152_8.png,PO
6902,/New_Volume/trade-finance/final_delivery/classification_training/V2_Final_Training_Data/PO/Purchase_Order_534_10.png,PO
6903,/New_Volume/trade-finance/final_delivery/classification_training/V2_Final_Training_Data/PO/Purchase_Order_362_25.png,PO
6904,/New_Volume/trade-finance/final_delivery/classification_training/V2_Final_Training_Data/PO/Purchase_Order_368_0.png,PO
6905,/New_Volume/trade-finance/final_delivery/classification_training/V2_Final_Training_Data/PO/Purchase_Order_342_0.png,PO
6906,/New_Volume/trade-finance/final_delivery/classification_training/V2_Final_Training_Data/PO/Purchase_Order_79_0.png,PO
6907,/New_Volume/trade-finance/final_delivery/classification_training/V2_Final_Training_Data/PO/Purchase_Order_565_0.png,PO
6908,/New_Volume/trade-finance/final_delivery/classification_training/V2_Final_Training_Data/PO/Purchase_Order_By_Opener_14_0.png,PO
6909,/New_Volume/trade-finance/final_delivery/classification_training/V2_Final_Training_Data/PO/Purchase_Order_362_4.png,PO
6910,/New_Volume/trade-finance/final_delivery/classification_training/V2_Final_Training_Data/PO/Purchase_Order_474_7.png,PO
6911,/New_Volume/trade-finance/final_delivery/classification_training/V2_Final_Training_Data/PO/Purchase_Order_417_1.png,PO
6912,/New_Volume/trade-finance/final_delivery/classification_training/V2_Final_Training_Data/PO/Purchase_Order_548_3.png,PO
6913,/New_Volume/trade-finance/final_delivery/classification_training/V2_Final_Training_Data/PO/Purchase_Order_298_59.png,PO
6914,/New_Volume/trade-finance/final_delivery/classification_training/V2_Final_Training_Data/PO/Purchase_Order_326_2.png,PO
6915,/New_Volume/trade-finance/final_delivery/classification_training/V2_Final_Training_Data/PO/Purchase_Order_By_Opener_165_0.png,PO
6916,/New_Volume/trade-finance/final_delivery/classification_training/V2_Final_Training_Data/PO/Purchase_Order_By_Opener_141_38.png,PO
6917,/New_Volume/trade-finance/final_delivery/classification_training/V2_Final_Training_Data/PO/Purchase_Order_362_6.png,PO
6918,/New_Volume/trade-finance/final_delivery/classification_training/V2_Final_Training_Data/PO/Purchase_Order_80_1.png,PO
6919,/New_Volume/trade-finance/final_delivery/classification_training/V2_Final_Training_Data/PO/Purchase_Order_By_Opener_159_1.png,PO
6920,/New_Volume/trade-finance/final_delivery/classification_training/V2_Final_Training_Data/PO/Purchase_Order_474_9.png,PO
6921,/New_Volume/trade-finance/final_delivery/classification_training/V2_Final_Training_Data/PO/Purchase_Order_By_Opener_141_16.png,PO
6922,/New_Volume/trade-finance/final_delivery/classification_training/V2_Final_Training_Data/PO/Purchase_Order_199_7.png,PO
6923,/New_Volume/trade-finance/final_delivery/classification_training/V2_Final_Training_Data/PO/Purchase_Order_125_2.png,PO
6924,/New_Volume/trade-finance/final_delivery/classification_training/V2_Final_Training_Data/PO/Purchase_Order_298_17.png,PO
6925,/New_Volume/trade-finance/final_delivery/classification_training/V2_Final_Training_Data/PO/Purchase_Order_474_5.png,PO
6926,/New_Volume/trade-finance/final_delivery/classification_training/V2_Final_Training_Data/PO/Purchase_Order_543_15.png,PO
6927,/New_Volume/trade-finance/final_delivery/classification_training/V2_Final_Training_Data/PO/Purchase_Order_298_50.png,PO
6928,/New_Volume/trade-finance/final_delivery/classification_training/V2_Final_Training_Data/PO/Purchase_Order_207_0.png,PO
6929,/New_Volume/trade-finance/final_delivery/classification_training/V2_Final_Training_Data/PO/Purchase_Order_215_1.png,PO
6930,/New_Volume/trade-finance/final_delivery/classification_training/V2_Final_Training_Data/PO/Purchase_Order_298_35.png,PO
6931,/New_Volume/trade-finance/final_delivery/classification_training/V2_Final_Training_Data/PO/Purchase_Order_By_Opener_141_37.png,PO
6932,/New_Volume/trade-finance/final_delivery/classification_training/V2_Final_Training_Data/PO/Purchase_Order_326_12.png,PO
6933,/New_Volume/trade-finance/final_delivery/classification_training/V2_Final_Training_Data/PO/Purchase_Order_By_Opener_131_1.png,PO
6934,/New_Volume/trade-finance/final_delivery/classification_training/V2_Final_Training_Data/PO/Purchase_Order_534_2.png,PO
6935,/New_Volume/trade-finance/final_delivery/classification_training/V2_Final_Training_Data/PO/Purchase_Order_517_15.png,PO
6936,/New_Volume/trade-finance/final_delivery/classification_training/V2_Final_Training_Data/PO/Purchase_Order_By_Opener_141_41.png,PO
6937,/New_Volume/trade-finance/final_delivery/classification_training/V2_Final_Training_Data/PO/Purchase_Order_526_5.png,PO
6938,/New_Volume/trade-finance/final_delivery/classification_training/V2_Final_Training_Data/PO/Purchase_Order_By_Opener_141_32.png,PO
6939,/New_Volume/trade-finance/final_delivery/classification_training/V2_Final_Training_Data/PO/Purchase_Order_534_23.png,PO
6940,/New_Volume/trade-finance/final_delivery/classification_training/V2_Final_Training_Data/PO/Purchase_Order_125_0.png,PO
6941,/New_Volume/trade-finance/final_delivery/classification_training/V2_Final_Training_Data/PO/Purchase_Order_298_27.png,PO
6942,/New_Volume/trade-finance/final_delivery/classification_training/V2_Final_Training_Data/PO/Purchase_Order_302_12.png,PO
6943,/New_Volume/trade-finance/final_delivery/classification_training/V2_Final_Training_Data/PO/Purchase_Order_By_Opener_177_1.png,PO
6944,/New_Volume/trade-finance/final_delivery/classification_training/V2_Final_Training_Data/PO/Purchase_Order_411_2.png,PO
6945,/New_Volume/trade-finance/final_delivery/classification_training/V2_Final_Training_Data/PO/Purchase_Order_326_4.png,PO
6946,/New_Volume/trade-finance/final_delivery/classification_training/V2_Final_Training_Data/PO/Purchase_Order_548_1.png,PO
6947,/New_Volume/trade-finance/final_delivery/classification_training/V2_Final_Training_Data/PO/Purchase_Order_164_7.png,PO
6948,/New_Volume/trade-finance/final_delivery/classification_training/V2_Final_Training_Data/PO/Purchase_Order_474_11.png,PO
6949,/New_Volume/trade-finance/final_delivery/classification_training/V2_Final_Training_Data/PO/Purchase_Order_247_1.png,PO
6950,/New_Volume/trade-finance/final_delivery/classification_training/V2_Final_Training_Data/PO/Purchase_Order_298_43.png,PO
6951,/New_Volume/trade-finance/final_delivery/classification_training/V2_Final_Training_Data/PO/Purchase_Order_152_4.png,PO
6952,/New_Volume/trade-finance/final_delivery/classification_training/V2_Final_Training_Data/PO/Purchase_Order_By_Opener_151_0.png,PO
6953,/New_Volume/trade-finance/final_delivery/classification_training/V2_Final_Training_Data/PO/Purchase_Order_125_6.png,PO
6954,/New_Volume/trade-finance/final_delivery/classification_training/V2_Final_Training_Data/PO/Purchase_Order_453_2.png,PO
6955,/New_Volume/trade-finance/final_delivery/classification_training/V2_Final_Training_Data/PO/Purchase_Order_512_0.png,PO
6956,/New_Volume/trade-finance/final_delivery/classification_training/V2_Final_Training_Data/PO/Purchase_Order_152_2.png,PO
6957,/New_Volume/trade-finance/final_delivery/classification_training/V2_Final_Training_Data/PO/Purchase_Order_125_11.png,PO
6958,/New_Volume/trade-finance/final_delivery/classification_training/V2_Final_Training_Data/PO/Purchase_Order_152_6.png,PO
6959,/New_Volume/trade-finance/final_delivery/classification_training/V2_Final_Training_Data/PO/Purchase_Order_152_1.png,PO
6960,/New_Volume/trade-finance/final_delivery/classification_training/V2_Final_Training_Data/PO/Purchase_Order_By_Opener_156_0.png,PO
6961,/New_Volume/trade-finance/final_delivery/classification_training/V2_Final_Training_Data/PO/Purchase_Order_362_19.png,PO
6962,/New_Volume/trade-finance/final_delivery/classification_training/V2_Final_Training_Data/PO/Purchase_Order_453_3.png,PO
6963,/New_Volume/trade-finance/final_delivery/classification_training/V2_Final_Training_Data/PO/Purchase_Order_164_1.png,PO
6964,/New_Volume/trade-finance/final_delivery/classification_training/V2_Final_Training_Data/PO/Purchase_Order_247_2.png,PO
6965,/New_Volume/trade-finance/final_delivery/classification_training/V2_Final_Training_Data/PO/Purchase_Order_298_34.png,PO
6966,/New_Volume/trade-finance/final_delivery/classification_training/V2_Final_Training_Data/PO/Purchase_Order_89_3.png,PO
6967,/New_Volume/trade-finance/final_delivery/classification_training/V2_Final_Training_Data/PO/Purchase_Order_543_0.png,PO
6968,/New_Volume/trade-finance/final_delivery/classification_training/V2_Final_Training_Data/PO/Purchase_Order_554_0.png,PO
6969,/New_Volume/trade-finance/final_delivery/classification_training/V2_Final_Training_Data/PO/Purchase_Order_362_9.png,PO
6970,/New_Volume/trade-finance/final_delivery/classification_training/V2_Final_Training_Data/PO/Purchase_Order_77_19.png,PO
6971,/New_Volume/trade-finance/final_delivery/classification_training/V2_Final_Training_Data/PO/Purchase_Order_130_1.png,PO
6972,/New_Volume/trade-finance/final_delivery/classification_training/V2_Final_Training_Data/PO/Purchase_Order_By_Opener_141_42.png,PO
6973,/New_Volume/trade-finance/final_delivery/classification_training/V2_Final_Training_Data/PO/Purchase_Order_474_1.png,PO
6974,/New_Volume/trade-finance/final_delivery/classification_training/V2_Final_Training_Data/PO/Purchase_Order_By_Opener_141_33.png,PO
6975,/New_Volume/trade-finance/final_delivery/classification_training/V2_Final_Training_Data/PO/Purchase_Order_287_0.png,PO
6976,/New_Volume/trade-finance/final_delivery/classification_training/V2_Final_Training_Data/PO/Purchase_Order_By_Opener_141_6.png,PO
